user_id,user_name,windows,mse,std_mse,mae,std_mae,nmse,std_nmse,nmae,std_nmae,mase,std_mase
0,0,34,0.001267605688286387,0.0013738077521312146,0.010572986348586924,0.007186047203232439,0.27018483869238374,0.27560925266774944,0.16565017588436604,0.09469748996966862,0.5882324208231533,0.3543799088861869
1,1,34,0.0005531169291343223,0.0007947431990413863,0.007712315233862575,0.005509252313160737,0.23236256052383825,0.3327047838580382,0.16319377873750293,0.10826479530710008,0.5748485090101466,0.37659159282479643
2,2,34,0.002009602222482071,0.00113602625915788,0.026876997421769536,0.008064526988577838,0.3043704032897949,0.18010018926575677,0.33015212898745255,0.10041297737722935,0.9514179142082438,0.2802192322204065
3,3,34,0.00043326306296662283,0.00052729015508357,0.007822722819743349,0.004170888803192307,0.3336698238957016,0.40618700881393255,0.21655572665964856,0.10912439602369052,0.6425542226609062,0.3354611292439031
4,4,34,0.00016987114645417023,0.00019851604347944325,0.00480817341560717,0.0030120506436272284,0.12668975735740626,0.1404336394784939,0.13341629757162402,0.08357995043827054,0.49931349780629664,0.31623737423066645
5,5,34,0.0007361149820259443,0.000928093569355406,0.0099939702777192,0.006678645995197525,0.17327019369729577,0.2202178636162852,0.15216323070447235,0.10200205435986305,0.5889925073613139,0.4055854495800659
6,6,34,0.00042781884595195367,0.0005670915838395964,0.008908587055938208,0.004760993110889644,0.11672010535702985,0.1565845577792024,0.14702884294092655,0.07970402451769462,0.5157275182359359,0.2756333227165521
7,7,34,0.0004917938579851847,0.0007998170734037166,0.00882441269726876,0.0062665928605107855,0.19383886970086572,0.36734853522666056,0.16688241875346968,0.13252637629728797,0.5794047985006782,0.516820883599874
8,8,34,0.0002276173346913043,0.0003769664791823287,0.007656310527475879,0.004824588151166226,0.12875068160321781,0.22626598397345965,0.18017194956979332,0.11667637877482383,0.6458171360632953,0.4628070234413308
9,9,34,0.004023369087757173,0.009734273520811946,0.02220162546590847,0.020838644514477252,0.33385637714801464,0.390591304272614,0.22545011012869723,0.14360222537544007,0.6298486997976023,0.5980464853281403
10,10,34,0.000422718277631622,0.00040022097995747906,0.009747883229626013,0.004895229499577756,0.379787263515241,0.3717020960294779,0.28933604149257436,0.1566403075251752,0.7558193136663998,0.4258258081881918
11,11,34,0.0007205366359277618,0.000955713459778524,0.00911055875750368,0.006220774373272176,0.2576508136767456,0.3214459452177264,0.17938294634222984,0.1131876637998526,0.6186215022907537,0.40396810052815585
12,12,34,0.0015942191939489823,0.0017891557075909315,0.01520159508457736,0.009906934690570945,0.7417400070904371,1.0050694492846834,0.3135129144305692,0.2169448489947747,0.9166091987315346,0.6675225122088398
13,13,34,0.00018923518886742173,0.00029447356165770067,0.006034666453214253,0.0032916289527350484,0.1276616513085387,0.159407136588871,0.15975863508441868,0.08015785400556107,0.5295080231393084,0.26787825193259
14,14,34,0.0009411695513442871,0.0009760050348183606,0.01620674939990482,0.00814925449616135,0.1892674298518721,0.2575952306704749,0.22628088251632802,0.1297681278909395,0.7141096144914627,0.458365382280998
15,15,34,0.0013946258432042669,0.0025090168055903156,0.013567598824224928,0.011238207872924677,0.6607595274827498,1.2327076489057458,0.3026994015364086,0.23859470252088427,0.8281771448605201,0.6466211647478016
16,16,34,0.00013195690392903462,0.00015129586021358902,0.006107461422181907,0.004247698642763644,0.18948714341968298,0.21814120617798982,0.23627596255391836,0.16881951436151596,0.7779319888966925,0.627768282733256
17,17,34,0.0007285390484492596,0.0009098380664070886,0.01319608253919903,0.007893292284102973,0.26285279498380776,0.4096305832677811,0.24461649511666858,0.15693250954650786,0.6923602433765635,0.4786101281247186
18,18,34,9.096238534980598e-05,0.0002166169673673266,0.004449797811342732,0.0038231347561088437,0.10648306333185996,0.2579727784079877,0.149836563560016,0.13367934524099265,0.5530918753322434,0.5154325231075418
19,19,34,0.001855646245263308,0.0020880585467875205,0.013778601382749485,0.010274049114499246,0.4086499149972737,0.4910944530861302,0.20500143343473182,0.15614423823929108,0.72286646988462,0.5473633365743871
20,20,34,0.00010501497326111028,0.000345093959162717,0.0035155864093480084,0.005174905544358797,0.06315830879954293,0.16852852020389883,0.10444193826440502,0.11503925008616332,0.3586777290877174,0.3813444984255347
21,21,34,0.0010070399800417148,0.0010172761472285294,0.013144642912426634,0.007907916732763242,0.23089118140256581,0.17211979775992386,0.20681791007518768,0.09939138043659781,0.5605301453786737,0.27592885645089843
22,22,34,0.00019953157052173884,0.00021862516709324255,0.0057548495447810955,0.0031714868603345083,0.15967825659112456,0.1918394042948396,0.16084596690009623,0.09028703871353581,0.5622279345989227,0.3111338183994627
23,23,34,0.001475326663828181,0.0011028045428288207,0.022612815941957867,0.008853870213008541,0.2697103008189622,0.21431104209725307,0.30455857427681193,0.12201874681571513,0.9158513291793711,0.37430983947479846
24,24,34,0.0011310155056408428,0.0017315390844167876,0.015428468235768378,0.011491984556457885,0.38049181962988393,0.6241160571868838,0.274136132286752,0.22297110381410762,0.9731007428730235,0.8247157387287566
25,25,34,0.0008187799507515378,0.0007298815002561566,0.012538458015221883,0.006984663835096685,0.24398572080056458,0.23269859290425185,0.21558523287667947,0.12087113856701603,0.6093554729047943,0.32683034183609155
26,26,34,0.00036034231620493196,0.0005092478102081051,0.009092654505580226,0.005831840677715277,0.1756585517021663,0.2586325237304349,0.20102165113477147,0.1265155915533485,0.6853422803037307,0.4212776613080036
27,27,34,0.0018602342232257156,0.0020879154265644804,0.016682536077603477,0.01177018755498733,0.5918846300748342,0.7179150320883014,0.3029790849370115,0.17686827780332276,1.1732152349808638,0.7365862914356021
28,28,34,0.0005171800148940854,0.0006030254184974097,0.011875366059351055,0.008800411359441465,0.40442874485298114,0.42941928743540303,0.3383391273810583,0.2191792000024884,1.1232451419619953,0.8364569607804321
29,29,34,0.00033167731654055603,0.000533763869096777,0.00778973606237046,0.006227505082855419,0.2821559368304032,0.5273187163241665,0.2535178899107611,0.2351461528423763,0.7977386362412396,0.785124458921531
30,30,34,0.0002993047299455879,0.00029803763535094565,0.008717674015582922,0.004173482985554534,0.08824703843771096,0.09154013461035786,0.14931663027142777,0.06940589641464835,0.5397197095786824,0.2492957030229948
31,31,34,0.0011269044336907374,0.0010409624681358475,0.014959533986471155,0.007874465244382995,0.3109337875126478,0.25421117028335466,0.2524025858763386,0.123193930237802,0.8181502661284279,0.42140596703519195
32,32,34,0.00041889763497238164,0.0007179048001337386,0.00899509243968436,0.006403493918648602,0.1568229378968039,0.27464556588243166,0.17247884720563889,0.12169753043194942,0.5939970055923742,0.4596632932461675
33,33,34,0.0007168769809461938,0.0009276517316280892,0.011842176550999284,0.005778614751842586,0.3046605175580172,0.41876831139118575,0.24246857227648005,0.11803131761809771,0.7148245266255211,0.34210637897493473
34,34,34,9.73059726648524e-05,0.00025687543675291286,0.004063852922306122,0.0032198695742615955,0.19631746353800683,0.5235408823689874,0.18579116978627794,0.14151871888238693,0.6374453731319484,0.5009409334386518
35,35,34,0.0003132810102750441,0.0012881986206688776,0.00580938471659251,0.005322983801204453,0.4537120201515363,1.8139739040907477,0.22669924598406344,0.2101151113871101,0.8240953298176036,0.800306080603574
36,36,34,4.2245944481531775e-05,4.945682875883807e-05,0.0036718932952841416,0.0015702393414095525,0.11803545460433644,0.13015981239580285,0.19382275640964508,0.08393362636908769,0.6697490785051795,0.2941664654623859
37,37,34,0.0011482331361976855,0.0030389711270094517,0.011750691686756909,0.010122056475458349,0.5228544196990483,1.3243572065564713,0.25545383507714553,0.22604688276623724,0.8150671492604649,0.7051404793217735
38,38,34,0.00019976330141242428,0.0004218521198056549,0.006235566620221909,0.0058372769363652195,0.5193554360200378,1.1131055043009506,0.3201479039648,0.28116153534419325,1.165600464624517,1.1360872261560664
39,39,34,2.5610663375546745e-05,8.069984087369867e-05,0.0022164972153190963,0.0016419387090181878,0.03319459445500637,0.10466551039566548,0.0798016656190157,0.05904364640427261,0.2833532410509446,0.2097378836088517
40,40,34,0.00012385393348695825,0.00013255860468966974,0.005173753556685851,0.003108305460395017,0.1409898923148456,0.14713510186395068,0.17709803033400984,0.1045933225244304,0.5596609115600586,0.32719823925038627
41,41,34,0.0004414114565232761,0.000521370260306532,0.008429718316833982,0.004480051828827718,0.14165330652202315,0.14482450300723254,0.15371831572231123,0.07790925943788851,0.5853598485974705,0.2983812542512758
42,42,34,4.076737145824689e-05,7.68496557771447e-05,0.0029750621881034665,0.0027742562297283628,0.07228924482992358,0.15654105996290985,0.12695079680313082,0.11428402783661579,0.47083497529520707,0.426247917204036
43,43,34,0.0010788652008854756,0.0011058441639800172,0.01415824847679366,0.007805466178212931,0.22307367874857256,0.287517951873684,0.19934207957018824,0.11750793324216019,0.7112317378906643,0.43249107579351226
44,44,34,0.00027217864516494635,0.00032126447289477025,0.007853694462135215,0.005406015445795265,0.24095731480594942,0.32395548575706196,0.24462933400098016,0.11198875648597205,0.7163356450550696,0.3373935095053613
45,45,34,0.0029265699998658793,0.004019371239871781,0.024474893970524565,0.0175823391813204,0.8403553916689228,0.9682281482275863,0.4252758034888436,0.2831351133270746,1.3880900214700138,0.912242032140392
46,46,34,0.0003168640717389922,0.0007515819531449861,0.006186626800198984,0.007138846177632271,0.06457027617622824,0.12492381593538002,0.10292003029847846,0.08458614144023645,0.40891067464562025,0.40747245501556456
47,47,34,0.0011414878692368588,0.001854473527686837,0.011944739093237063,0.009574462751540709,0.34212653388899256,0.3923047655184383,0.2235255244681064,0.15413119315551457,0.7648749057860935,0.5329687877245533
48,48,34,0.0004796368365372045,0.0006632382603726778,0.01009191745919559,0.006195124534306045,0.2798355641665266,0.34972407022212276,0.2528880742542884,0.142038573749331,0.729763528879951,0.460399955493592
49,49,34,0.0002946902610240025,0.0003869242534149857,0.008681316599797676,0.004844378205101894,0.1749935170964283,0.2222965588253959,0.21232522826860933,0.11139702417123837,0.7067405195797191,0.37994997485304277
50,50,34,0.0008452908374666175,0.00314955684148319,0.006931491456378032,0.008466341495542259,1.441987500539707,6.038967203929009,0.2663363660959637,0.36431522002624195,0.8833910805337569,1.1887130353192266
51,51,34,0.0001295840979229765,0.0003001384300959022,0.004476378322578967,0.003407835407765302,0.14457551358432016,0.29155405043783306,0.15205252488308094,0.10867376461057619,0.5436417271985727,0.4117873834659457
52,52,34,0.0007896476497134084,0.0007543446456961786,0.012192272307241665,0.006048567199144576,0.1976983806337504,0.17669879773806918,0.19387487387832472,0.09025770880087323,0.542897067964077,0.2537555349386765
53,53,34,0.001190714934917945,0.0033263548695424815,0.008272184367182063,0.009265223062159164,0.5025131372625337,1.2074368328446796,0.22715728379347744,0.1585868096767183,0.8395174399894827,0.6091605384314398
54,54,34,0.000273102438688297,0.0002830865177413173,0.0076415373409605206,0.004494905040470189,0.27684484912520824,0.28660654684210296,0.2428374492070254,0.13297723757184182,0.7056137884364408,0.3790717009548552
55,55,34,0.003674296267597717,0.004595356847463718,0.03440288854215075,0.019758250049414824,0.38215448773082566,0.3794002838245898,0.36173547848182563,0.1743313639277855,1.0684239075464361,0.5283872697361104
56,56,34,0.0021700611229308006,0.0017219611737766623,0.033277141012470514,0.017205491927294005,0.77106809112079,0.5323166562374794,0.6375466913861387,0.293916118739365,1.595150657436427,0.8377616799226463
57,57,34,0.0003571389890352935,0.0007299902278349168,0.006705950986703529,0.005682660607599801,0.24664457464207182,0.39744753592532317,0.19913171735756538,0.14411346912914955,0.6226023172630983,0.4637752972213948
58,58,34,0.000627046134789399,0.0006361781461032355,0.010953587534673074,0.005985434666912419,0.24564311082255752,0.2657379424011978,0.21460171525969224,0.12020339508598324,0.743017290444935,0.42620014435858294
59,59,34,7.352851533890797e-05,0.0001368113802050915,0.004407693361452616,0.002420799024101699,0.07669540112564231,0.13976035806878317,0.14252346775987568,0.08102321574780656,0.5324944577672902,0.3082317999135765
60,60,34,0.00027121576428779754,0.0003268321841823721,0.007425502846565317,0.0037613193423250983,0.16053938169908874,0.17687691588192866,0.18388169105438626,0.086553966679945,0.63923760897973,0.308717614410576
61,61,34,0.0008995791428306428,0.0009464969345644633,0.010999916391858064,0.0075563862036848875,0.2238938080297564,0.2231616234626474,0.17998240800464854,0.11712013636253595,0.6064402088522911,0.4083800891351707
62,62,34,0.00040672819480224625,0.0003771512962770355,0.010643386213547167,0.004132931665544294,0.3243218575987746,0.26316465926209565,0.3066220734925831,0.13211439528337443,0.81479792647502,0.38741194528799816
63,63,34,0.0004202412263727156,0.0003998871488973833,0.00981152759906014,0.005217793182510643,0.16854560788830414,0.14395510348740684,0.19846436096464887,0.09077092211630912,0.5574707257397035,0.2577716963616113
64,64,34,0.0006902746962462997,0.0008077242340590135,0.009794904521721251,0.005825495244539162,0.19080073160448058,0.21358960566752702,0.16330745531355634,0.09426034585847164,0.5539865673464888,0.3276344733026636
65,65,34,7.792231021058422e-05,0.0001453163621724121,0.0033737447366173215,0.0020042235468890348,0.16809139258283026,0.2777304966979091,0.15974091541241198,0.08178654116771346,0.5447389536044177,0.2793720163603936
66,66,34,0.0003404378078491444,0.00042752465099079337,0.008482449446626775,0.0062615927383050645,0.19751000145847417,0.23102601669622472,0.2080512596294284,0.1465126070395271,0.6408076525172767,0.42939260016833875
67,67,34,0.0006612102637625546,0.0005763411154463302,0.010318506680264631,0.004983825730609562,0.20795597364057733,0.25076224320673957,0.17753683118259206,0.08888718910048797,0.5551732791697278,0.2705488060994817
68,68,34,9.034746972916123e-05,0.0001922782555968106,0.004282531105940614,0.004342905661403501,0.12915227460154496,0.27500663446714574,0.1497828574741588,0.13816814267638222,0.5263303967521471,0.41649349253063167
69,69,34,0.0036248881238320255,0.00436826283600611,0.02541331198710181,0.020102006943556083,0.6735372593462029,0.7745850416360935,0.351636016741395,0.2484086838815593,1.1797640674254473,0.8544096897939827
70,70,34,0.0001762461056788358,0.0002085730647193986,0.005817720217986361,0.004191443035334496,0.21417956604786656,0.23627056284480233,0.20893311610116677,0.1489357012953356,0.635128494571237,0.4663810065450141
71,71,34,0.00044262365094362074,0.000530253529972778,0.00925425870809704,0.005449788666537491,0.14028452802449465,0.19471234724393988,0.15996462555930896,0.10317342654215542,0.5273329527939067,0.3631926222143061
72,72,34,4.172459572975426e-05,7.600832485624104e-05,0.0032263549031032357,0.0017711075507995013,0.11415681204594233,0.20096317171855757,0.16931508722550728,0.09144486398819342,0.6219532169839915,0.3458637161435011
73,73,34,0.00030719398626602283,0.0003139048409753277,0.008448711829259992,0.0043612630576929205,0.2338864610544132,0.26976224569861845,0.2400146582547356,0.14947322430881763,0.7579022330396316,0.4943958832576864
74,74,34,0.0002368756213466922,0.0002580478667156571,0.00569315703914446,0.0037470050839597275,0.15184579686234323,0.14981192215780242,0.14764575851971612,0.09353438876493328,0.5576366677003748,0.3529520772941304
75,75,34,0.00041766626311394195,0.0009809655900871901,0.008497882661793162,0.007133283765020635,0.31803270089713964,0.7813043354076065,0.23129615428693154,0.19247648650142413,0.6693805386038387,0.5673014418286725
76,76,34,0.0006588078350058127,0.0007677640274891889,0.011337016325663118,0.00582771634322645,0.1846212125109399,0.19810462409568944,0.1905956774511758,0.09932364843779672,0.6446118227699223,0.3202319478096637
77,77,34,0.0010958087256286114,0.002423455306659246,0.012761230347678065,0.010992326327369066,0.10302883619442582,0.18187904056303741,0.13169945831246235,0.10662954852085772,0.5802600988570381,0.4968687026507655
78,78,34,3.720568950130013e-05,4.939450275694219e-05,0.0027561399859704953,0.001984973256980243,0.13291128408437705,0.206963509702823,0.15907800120904164,0.135440951366031,0.5513764391927158,0.47830354424644067
79,79,34,0.0009357220161986976,0.0006868685593661607,0.017238558722002542,0.005588722107216749,0.29228919459616437,0.24128647919915727,0.3030575347297332,0.09872767829768055,0.7822002698393429,0.25058344991274173
80,80,34,3.5251419663997216e-05,4.186478773778458e-05,0.0033594201051849217,0.0018615853251564445,0.21489442556219943,0.24083433602945425,0.26479455456137657,0.1464106376824806,0.8605372160673141,0.4888702774311299
81,81,34,0.000498643604995617,0.0007679419317523743,0.0095632283756619,0.007321401491560984,0.23695397278403535,0.37262949211437474,0.2045432522016413,0.1611799449189981,0.717645905473653,0.6007115411769557
82,82,34,0.0002869748129930539,0.00035740444497316966,0.008415884632781586,0.00540428576704461,0.21439296952174866,0.2541610508188178,0.23215175551526687,0.1429742432815834,0.6366752618375946,0.43347000465227414
83,83,34,3.48937741605101e-05,6.655002907114205e-05,0.0031576464877135176,0.0021141567903547064,0.1022747532081078,0.22247961362379184,0.16695958397844257,0.1180775189654537,0.6302958744413713,0.48157317828706625
84,84,34,0.0003413559074407899,0.0003700790904619781,0.008603111892144251,0.003909117585610372,0.16490517145104924,0.1579098407205905,0.19485961541752606,0.08352447636573959,0.623694643159123,0.26903471634263043
85,85,34,0.00026308329672568054,0.00027175075183846585,0.00951811794520301,0.004456530171131923,0.3140619909664726,0.28015149367741515,0.33261756730430264,0.146321948111042,0.9757276063456255,0.4613492461350385
86,86,34,0.0004651766738093369,0.0005265253515604284,0.01011985311668147,0.0062119167868668985,0.15370383799788268,0.21584726011643884,0.1810488492688712,0.12376997832355208,0.6309927763307795,0.4386704205711936
87,87,34,0.0010544412524562657,0.0011858825590215635,0.014756942825282322,0.009593987073304142,0.38854462795836087,0.4645833600532312,0.28348707604934187,0.1756599912460342,0.8519080097184462,0.5511037172343516
88,88,34,0.00015823084642948635,0.0003074963070822047,0.004996592127581072,0.004854033737370215,0.20965632061501416,0.41876316112446765,0.17200580228339224,0.18384592896212962,0.5574949495494366,0.5502602200420145
89,89,34,0.0013190808104167552,0.0027393364672624447,0.011626308194964248,0.010020488790565898,0.27028914802598164,0.4324944042971956,0.17936950757661285,0.13181205112773042,0.617574043571949,0.4647304464860161
90,90,34,0.0004097094726656745,0.0005748299387129335,0.008853496771360584,0.005633595398776395,0.18043128290104077,0.24243239753426538,0.19201317199451082,0.1189465390674677,0.6323781596387134,0.4091770934036698
91,91,34,0.0003134966504790902,0.0002818089059299312,0.009598107727737549,0.005937266142767945,0.35812164960867343,0.3296730017702047,0.32054902415941744,0.20178092869441266,0.8641751233269187,0.5206888784012224
92,92,34,4.3593037389655365e-05,9.651311484447553e-05,0.003343349158325616,0.0025930048969114708,0.10366653155206758,0.22625592036992329,0.16238059476017952,0.124846493267808,0.6016315660055946,0.5035923400807415
93,93,34,0.0017498689945461914,0.003099622462192619,0.01878168394186479,0.01859419950903847,0.28447455645758,0.5326107382886061,0.23628425039350986,0.2413553296605888,0.8140361637753599,0.9338239575542782
94,94,34,0.0001132502099494559,0.00014536031539506513,0.004109905426636995,0.0025190149715619203,0.13839564335477703,0.16344730953193654,0.14884935001678326,0.08783502328679943,0.5593869418782347,0.33685895688093936
95,95,34,0.0005836299174274352,0.0008892283989368278,0.010391101234263796,0.008115595804570325,0.16977141115485744,0.2612417357231445,0.17598317497793367,0.14440605849383134,0.7539864331483841,0.640029111306041
96,96,34,0.0005682823827742943,0.0008807298302594489,0.009081863133948953,0.006594597761015853,0.2548661842558752,0.3182210074743117,0.19999980258152766,0.1323383251500242,0.6369897376965074,0.4281267488687185
97,97,34,0.0019369629144688695,0.0017344506411771732,0.015358624877134228,0.009342743648583961,0.25931018103694764,0.24700091461698084,0.17944131901159005,0.11208312368175842,0.7486629941884209,0.49185382855624776
98,98,34,0.0007511278896773173,0.0009816139609982294,0.011841815779916942,0.00702139114945376,0.13189972365644814,0.15244078687897433,0.15772897585788193,0.08658478239717907,0.5923966048833202,0.3326867822727989
99,99,34,0.0001345974940383766,0.00039529527171644306,0.004998978316400419,0.004702143056645309,0.1929481623639517,0.5845005222991466,0.1871565955088419,0.1807425829224155,0.6548704399782068,0.6467020756452234
100,100,34,0.0001150943494929593,0.00026020668462149564,0.004134666297913474,0.003495271188232748,0.09849342379225966,0.19501352846139888,0.13455488412257502,0.09312558453324578,0.4763161202563959,0.3268395460362121
101,101,34,5.5444950716906425e-05,0.00013174937184534888,0.003548136539072456,0.0026459499550687514,0.08546908806516405,0.20563586124788136,0.13823876047835632,0.10479400899600673,0.5390183390939937,0.4392871171040509
102,102,34,5.3836788244071236e-05,0.00010071874940109164,0.003984479558900656,0.002709047041221648,0.10818341527791585,0.2105019304253584,0.17443400709068074,0.1239145902824843,0.6282473942812752,0.49402403697009684
103,103,34,7.918177710266986e-05,0.00012466121485937699,0.004895358342978665,0.0031225538297170834,0.14675900559214985,0.22443846738702,0.20913422940408483,0.13483635682681328,0.6610240962575463,0.4813959385674755
104,104,34,0.000451452394880856,0.0005124665458493208,0.007917552515316536,0.004474811981525689,0.19187961883075974,0.21757803882355503,0.1662023328244686,0.0884404065639286,0.5593501241768107,0.3041338255105637
105,105,34,0.0004513253189436321,0.00046802571661310805,0.009924281326889554,0.0054964150002748515,0.1779302737182554,0.16414845916616674,0.2020217861761065,0.10674568242158937,0.6321620393325301,0.36050595892731274
106,106,34,0.0005950013351373266,0.0007937354908227169,0.00994135277270449,0.008419939801362387,0.2877269811407827,0.37005407606053714,0.23095849430298104,0.17253015996833315,0.7951088521410438,0.588863529230468
107,107,34,0.0006397321863272844,0.0005824627861000728,0.011232174720669933,0.005378298858378144,0.30538549986394015,0.27445269145015827,0.2465782794444,0.1164627488903502,0.7532505200189703,0.3589295584305594
108,108,34,0.000885467270777821,0.0009257504308377254,0.012498646317159428,0.0062980920067578034,0.5119325502172989,0.6149551030293318,0.2951564063482425,0.16570861365035347,0.810495021588662,0.4530660958395614
109,109,34,0.0008519736562341088,0.0011988612231646693,0.012837106731775053,0.010002678784922198,0.16322098888785525,0.24626662566641924,0.17641045142184286,0.1395887584901361,0.6780751571059227,0.55145869461563
110,110,34,0.00020681606397107209,0.0002881943117730624,0.006483284670941751,0.004753407411925621,0.23970972172066787,0.36051295602515127,0.21259531597880757,0.13656312225874584,0.6723072524456417,0.43733269091167715
111,111,34,0.0003589345569975301,0.000638374956557717,0.006385329590343377,0.005245062946109538,0.41496842642150383,0.6916037464410886,0.2215538502616041,0.179050900284123,0.7119194107020602,0.5965236515444082
112,112,34,0.0002662206937550175,0.0005558399455877983,0.006653474277460619,0.004257447601867788,0.3923753434107365,0.6385869113144677,0.27022915464990277,0.15560643004892974,0.8370110988616943,0.4885062436374363
113,113,34,9.900234979073396e-05,0.00022988938361009033,0.003872677464695538,0.0034118770780613653,0.1921078169115764,0.28039705914929347,0.21282960912760565,0.1459666039591592,0.6840468956267133,0.5241744462515172
114,114,34,0.0005576583665007253,0.0009395480669947097,0.007857658112805118,0.0053790099044198165,0.2669490296599072,0.5823135758315947,0.1691387179581558,0.12442489971309421,0.5905499083592611,0.4508952939236235
115,115,34,0.0004901192764484275,0.0017095461199933297,0.0059691387697753005,0.01175869312078734,0.41846225463771536,1.2338894495989339,0.20748865637270844,0.2951263269697556,0.7533481815720305,1.1870490562624034
116,116,34,0.0004992874817296123,0.0005318361119625196,0.009415144504814902,0.005132850033065736,0.28959009410156045,0.3433418822097649,0.22470562598284552,0.12967106088778518,0.6640058904886246,0.39398303929857487
117,117,34,4.647595624325785e-05,7.965927590522955e-05,0.0035971818245289955,0.0024383485217665734,0.11541985871051164,0.1496971293495136,0.18783845358035145,0.1182991958353407,0.684900486293961,0.41042559429044473
118,118,34,0.0001216742109055999,0.0004641712391482138,0.0035416986485121444,0.003122837044999489,0.5625562857124297,2.3438375093039583,0.21980950893724666,0.19657919916886085,0.7701645353261162,0.7101959408235534
119,119,34,0.001050753999473219,0.0009324253549632464,0.014665971523808205,0.00668376439632143,0.30887614185100093,0.26118750186017065,0.2520302352221573,0.11308303345166569,0.6821786524618373,0.3039394925964441
120,120,34,0.00021587621727924081,0.00021285718869009016,0.007118136813754544,0.0034661319439688153,0.20106211008832736,0.2130346337006069,0.21483070074635394,0.10899836592926875,0.6741761915823993,0.3328679710978333
121,121,34,0.0005182556288833867,0.0005491912666519394,0.008765528964645723,0.005209723332142447,0.28519064111306386,0.2979185667059323,0.21004543102839413,0.12117952695429035,0.5984925807398909,0.39708229707324194
122,122,34,0.0004041538912882542,0.0005393258299809049,0.009175929035443594,0.005867780882967728,0.1705249024226385,0.21190125366510518,0.19455161296269474,0.1259367434025911,0.6395146662698072,0.47476709219942437
123,123,34,0.0006968123583218959,0.0006633285509560354,0.01179741698947242,0.007063520974790224,0.20876948253306396,0.2173173525976323,0.2025928740553996,0.12922169781162188,0.6103609085959547,0.4244126285697619
124,124,34,0.0004524082758186577,0.0005216348562843713,0.009938883197986904,0.005788150143763897,0.17594794271623387,0.18909693669688074,0.19961337087785497,0.10824908776185982,0.6129430874305613,0.3309975833663126
125,125,34,0.0003399802429104217,0.00038239642409001844,0.008656014428090523,0.004632208622283774,0.20711403033312628,0.20338547293180187,0.21550031072076628,0.10976406614783807,0.6507798284292221,0.34182685195657747
126,126,34,0.0003118683749856727,0.001162172137581156,0.0062611075015464685,0.007520434109205493,0.2329908678691615,0.5275987986074235,0.20951080870102434,0.19158998540485303,0.7333158920792973,0.756414737053171
127,127,34,0.00027972807781813624,0.00033228367522268663,0.008486311574576093,0.005044834507554025,0.2656173463910818,0.25592971557767535,0.27531465340186567,0.1410178613138311,0.8011032053652931,0.44383307145833856
128,128,34,0.00046606839937874826,0.0007540268119375952,0.005813807047054391,0.004257341752534021,0.4434272405034041,0.7582951664500166,0.17844899831449285,0.12227318454939043,0.5866599990164533,0.39628195341324235
129,129,34,9.421424960344345e-05,0.00022421387643376968,0.004078776962534689,0.0036399024793072787,0.14274141948451013,0.346364423996052,0.15595582149484577,0.13356856972094489,0.5706300722325549,0.5501895288581956
130,130,34,0.0006633228799995884,0.000860671725866213,0.01262370279223165,0.007660855156600483,0.13118112824090264,0.143673137082961,0.18556417174199047,0.10533775079647399,0.6496067231192308,0.4033779053911434
131,131,34,0.000821087915884324,0.0012104971463721156,0.010299832919639918,0.008307054277155824,0.30636886072769653,0.42779269601429804,0.20085601404528408,0.15441059679590688,0.6049282491645392,0.47369089106090806
132,132,34,0.000429569608754451,0.00042133856587423684,0.011593224809450261,0.005851623518746773,0.21307189159971826,0.20848909135033483,0.2601181049557293,0.12784005913425936,0.790837734061129,0.3928015146536918
133,133,34,0.0014411483847224565,0.001447769698515693,0.011881698299582829,0.007308594018898919,0.26718763986547645,0.3128793295268294,0.16111261759172468,0.10463323361294753,0.5523285484489273,0.37719724536266913
134,134,34,0.0005040540055126578,0.0010509757014082065,0.00587639890898786,0.005827209709798394,0.5667987397515818,1.5333129407341888,0.20892251085709124,0.1487828844635945,0.6894949525594711,0.4596432645490293
135,135,34,0.0008213748091400382,0.0009062903130239413,0.015194677035598195,0.0073138205256353785,0.17203263938426971,0.1929588621536316,0.22112104954088435,0.10443792844469066,0.6954734474420547,0.3403528316755876
136,136,34,0.00015622621631069598,0.00024103503263820083,0.005867198386969154,0.004434907201689564,0.2435201040113016,0.37555999277498064,0.23957251801210291,0.17174986450037277,0.892953642150935,0.6573919278937125
137,137,34,0.00032543868021949656,0.0003815767670967004,0.007099210654440171,0.003963377832425544,0.15769371275296984,0.19142483947140054,0.15654791825834444,0.08420243022007955,0.5139740460059222,0.29042670152432637
138,138,34,0.001300948511069531,0.001453513068843891,0.018064097446553847,0.009570767358141745,0.3267835532041157,0.37780778964778183,0.28426389242796335,0.1562668949166795,0.7806600945837358,0.43052407204996
139,139,34,0.000553180789371682,0.0007040409355536022,0.009882913443588597,0.006027951719872995,0.12601659921518363,0.1481364087025102,0.1531830103520085,0.09014829424297338,0.5670267067411366,0.33553977085981207
140,140,34,0.0002106336097674156,0.0003092363454236422,0.0071772056193474465,0.004912700797996044,0.2920418362790609,0.38846102505604796,0.27976901982637015,0.17552882132901768,0.9360991313176996,0.6027050184109966
141,141,34,0.000182724289730044,0.0002784678485014382,0.006708209649385775,0.005167667095912675,0.10501148720162318,0.14499462935422083,0.16208362491691813,0.10344030432399247,0.5896744877099991,0.401748047564057
142,142,34,0.0003713440128428695,0.0008739073980381188,0.00580558243639055,0.005551449894205991,0.28657845173181745,0.5049397148575892,0.19362224046798313,0.162819275138538,0.7211363850271001,0.5850848463385548
143,143,34,0.00017334090738158384,0.000445170526928107,0.005270403878325049,0.004040292401620682,0.30550387433237014,0.7023158618292216,0.2308233183096437,0.1663274026879752,0.8063156087608898,0.6584505032804556
144,144,34,0.0002925621066317356,0.0003684905119388662,0.00786405720967142,0.005146719389292802,0.1493840484660776,0.2004105390387921,0.17517309252391844,0.12174406080582442,0.5648557324619854,0.3818655624288197
145,145,34,0.0004586395178675422,0.001025451325467927,0.009884287380640778,0.009675901075686442,0.20839209561510122,0.5983868954634578,0.20443462306524024,0.24492489774591655,0.6937617812963093,0.8289062324967283
146,146,34,0.0005889302256571896,0.001220774086242454,0.009401359141681014,0.00861748457987922,0.29072084553498667,0.4937998425682323,0.22028511362698147,0.18436447734940736,0.6345121888991665,0.5114975457124074
147,147,34,0.0012922094108088298,0.0013229432142859735,0.012448978315874496,0.008097804700328715,0.23767208829796052,0.21615614439256992,0.17996509833370938,0.10234862367368834,0.6149184147224707,0.36459874267007186
148,148,34,0.0003969283524491081,0.0005224717014206975,0.008246236494468415,0.006056169417524034,0.30154586090322805,0.3983224969890875,0.22854795076829545,0.18078521185455831,0.7121576154056717,0.5934839934310339
149,149,34,0.0004561728355303571,0.0006583205620892742,0.009986097349182647,0.007226445516191244,0.15763544336454394,0.2155648935860343,0.18756706103244247,0.1312072157549793,0.6541617679245332,0.4607450843676357
150,150,34,0.0019204373469726894,0.0014695487877140984,0.021382630446597058,0.007224969916556382,0.39266541687881246,0.2895678328564317,0.3034384666996844,0.10378011259862999,0.8380123262896257,0.3049297383796301
151,151,34,0.00037826089694991587,0.00044839803362573775,0.009080235921668218,0.005456269533857446,0.18566663418074741,0.20476265688748038,0.20558428019285202,0.12300557448270162,0.6448500296648811,0.4024810095338054
152,152,34,0.000390235589186298,0.0006599965320770553,0.00855331722071723,0.005886969505335744,0.20929413623012164,0.3584059985875724,0.20374649982242024,0.12474694112909732,0.6287104719701935,0.4201367264968331
153,153,34,0.0013432554773958947,0.0011692163245653902,0.015025643193546464,0.009601906967286033,0.5683632495073492,0.5798927227999933,0.2999340639833142,0.18433919178137784,0.8565930397633243,0.5476033061778013
154,154,34,0.0002090988431358282,0.00043029608462751706,0.005545551618150271,0.003439334007227672,0.17487942401374526,0.2778061721616606,0.17076465838095722,0.10460699128330724,0.6415311207666117,0.42362294635577963
155,155,34,0.00017612441207775728,0.00028874256322489075,0.006054465275476961,0.005008133509218195,0.2629119614481597,0.42929542502147316,0.23185655540403197,0.19496477371843604,0.7079643120660501,0.6201072906630481
156,156,34,0.00010386405166266687,0.00019387779949287995,0.004131140540052643,0.0025522001756823295,0.22076762514188886,0.41297139133481175,0.18993621483883438,0.13082620848277318,0.6186928328345803,0.4254690281189336
157,157,34,0.0012449934271417612,0.00099539410474403,0.022129941252334154,0.011025076706185919,0.33708377752233953,0.2613168865770954,0.3627704110215692,0.17668837136332746,1.1189961117856644,0.562566437537652
158,158,34,0.000378234783457789,0.00043804054316165525,0.007382256232256836,0.004766365997923337,0.17495654315194664,0.20069084424669673,0.16126199756913326,0.10547247882852051,0.5124561006531996,0.35807545255245543
159,159,34,8.520734969779904e-05,0.0001978737543128535,0.004304539199973292,0.0036530875803758955,0.10697740283520783,0.27615452311643546,0.14833704458878322,0.13643489946975593,0.5343260734396822,0.5285283276524922
160,160,34,0.001076562744428349,0.0011581419821706004,0.011481336694594254,0.007326685619237255,0.27684085560031235,0.29696760002614736,0.18407313120277488,0.11755226590017037,0.6108783750849611,0.392601518535303
161,161,34,0.0012559166022637167,0.0015930757696079982,0.01419994983520797,0.009082070827930588,0.33501086338861463,0.40999926565010025,0.22910947516998825,0.14376466348097916,0.784992524806191,0.5367113735842954
162,162,34,0.0007778287029877366,0.0009312031705174198,0.009781601866159369,0.006366478994968072,0.30695081737769003,0.3779948570639722,0.19448838788358605,0.12402795768684666,0.6457241628976429,0.42912593347456174
163,163,34,0.00042227482508143806,0.0005863197264412948,0.009452458005398512,0.005812754793830984,0.22233845490743132,0.3047622976099762,0.21571912441183538,0.13089963639926433,0.6329450545942082,0.400468237794401
164,164,34,0.0011541316071623656,0.0012085147802269078,0.015796356005868054,0.009777643268321312,0.30865294793072867,0.25812227126163617,0.2784443740897319,0.14102728305588408,0.7447739138322718,0.4060641104953831
165,165,34,0.00011150188888945301,0.00020282011062640714,0.0038367528947727647,0.0028293389526651363,0.14890199543237137,0.3182281084708589,0.13774000541033113,0.10137239008558668,0.47909269109368324,0.35189744076167073
166,166,34,0.0002814898451855269,0.0003228720943068183,0.006785989013117026,0.004173095882145894,0.14764708889347009,0.1703901984394394,0.15585218282306895,0.09304436774780846,0.5473749398746911,0.33269288445054424
167,167,34,0.0004064148881619022,0.0007247885811386769,0.00851810143520946,0.006175944155178802,0.4418594301952159,0.7711193106898439,0.28227988411398497,0.207060592492218,0.8763612482477637,0.6317224329989567
168,168,34,0.0027135610429307715,0.002606779249668574,0.023941735178916988,0.014383758411058632,0.8059168310068986,1.1299113037147261,0.40708645937197346,0.24333809889324615,1.1023820139029448,0.6948311707066348
169,169,34,0.0005075704909947543,0.0005998953275608572,0.008442902108928299,0.005837219787257207,0.22725996658589473,0.23259315349378135,0.18291477157789118,0.11119169473354329,0.5292905569076538,0.34087728886413576
170,170,34,0.0012280082834930748,0.0035324313937381466,0.009731262888047187,0.00972945653103213,1.0760885642512756,3.7361068433328812,0.2709345745251459,0.3040414207899175,0.8695668990121168,0.9722679846702267
171,171,34,0.0020259569663561277,0.0018514294793273325,0.021812183823546067,0.011250441403447458,0.3155215585275608,0.2788006104646473,0.27329777137321587,0.13533210438132742,0.7455397037898793,0.38856312690344064
172,172,34,0.0003887624086875054,0.0005602707506887064,0.0070908686817240186,0.0038181291145244637,0.235926762004109,0.2926517980367104,0.17928588006864576,0.09706982135789434,0.5899464102352366,0.32275361587998236
173,173,34,0.00014326220838591005,0.00028265239002399134,0.006597231286030044,0.003950477318341488,0.10504293797866386,0.2342822837288713,0.17319949058925405,0.11257133054134594,0.6587483207969105,0.4604602700740912
174,174,34,7.080845643138352e-05,9.822209685146741e-05,0.004114794544875622,0.002220415722202125,0.22285037739750216,0.3384351988033628,0.231440931558609,0.1396674819254557,0.7513318175778669,0.4698946994483532
175,175,34,0.0003636706744600815,0.0004986185792094644,0.007260987233808812,0.005607423824746444,0.2655136147240067,0.3750513191896852,0.19836907614679897,0.1338706145832072,0.6550793901962393,0.4417865373128068
176,176,34,2.837719631877596e-05,4.5635078359581606e-05,0.0029562750612111654,0.001834965251418576,0.0987089978366652,0.15385161272443026,0.17556300430613406,0.10600569381393267,0.6786773415172801,0.4349774126120438
177,177,34,0.0008151016968173173,0.0009052771638855745,0.012224902481059818,0.007240418276649621,0.2430416003746145,0.2628330575981096,0.21885778316680124,0.13200059187207888,0.6141860818161684,0.3845877197392439
178,178,34,0.0003034924093299196,0.0003038038417881277,0.007712280083283344,0.004077966626934827,0.21449597859207323,0.20848884802966122,0.20576426890843055,0.11031166158976356,0.6610941286472714,0.36435553620564964
179,179,34,0.00013739288569655293,0.00026263219478265886,0.005842583209467942,0.004980568069033431,0.2522395612562404,0.3861460543889841,0.26944485175258975,0.19138756860716657,1.010068152757252,0.7778792750500607
180,180,34,0.002306944181153834,0.004901928195796288,0.018822623519500828,0.022642294379398388,0.19080028141615912,0.2817691746173487,0.183094559401712,0.17135810322456585,0.7335325085064944,0.6040288557175578
181,182,34,0.000633652326046906,0.0009842015923567122,0.009365813806653023,0.008720863773904214,0.20743116912404624,0.27270277334543414,0.2028613121193998,0.14937406144725524,0.7403763962142608,0.5666415453934073
182,183,34,0.00013347541969591583,0.0002937208532916259,0.0051046984290758915,0.00569328769888164,0.23904610314296887,0.4518750141284905,0.2288764592479257,0.21721877775404977,0.789980787126457,0.7468746203775762
183,184,34,0.00010212758265612031,0.0001951761602942964,0.005387473248821848,0.004034578438237483,0.113620792323833,0.21799568036768557,0.1801928649930393,0.13293251299047532,0.7048695008544361,0.5697175394678202
184,185,34,0.000771825608353538,0.0008925081923252648,0.010227330207057735,0.00771426076719377,0.2114274858031422,0.20873669159225622,0.17313012842308073,0.1126309311686792,0.5851184734526802,0.38467892038138396
185,186,34,0.00026086230207725107,0.000561814408226027,0.007298989687114954,0.00530284002880058,0.17138647578437538,0.3776552315113093,0.1862227204529678,0.1360591781595004,0.6110177250469432,0.4555067890103407
186,187,34,0.0008474944736864178,0.0013500921065557996,0.010519031209268552,0.0072700923777981675,0.11162554589100182,0.16435135336561438,0.12027208989157397,0.09225548122303923,0.5211425896953134,0.3744306305594654
187,188,34,0.0010486585991683944,0.0019284802239413902,0.008726635221939753,0.006876257926809685,0.32247039898956087,0.4908921897118324,0.17010118856149561,0.10830114319619154,0.5519909490557278,0.35395154767990633
188,189,34,0.0013301017109851648,0.001548339931613308,0.013700835735482328,0.00881947909476315,0.32581396806327734,0.3653608027142866,0.22225389618645697,0.1386876967512369,0.7773931587443632,0.5020725419588765
189,190,34,0.00014701375817714827,0.00022029244379762668,0.006037377498989158,0.004204898323907601,0.15018812347860896,0.22877246344823865,0.19175533358665073,0.13655692644195658,0.6896542582441779,0.5222883205341402
190,191,34,0.0004941866562630286,0.0005997227480682935,0.009589225224986234,0.006765711027821573,0.18888617005637465,0.21627754628852475,0.19020728591610403,0.1275306166607457,0.5895000801366919,0.4212801489353998
191,192,34,0.0003220484450139338,0.000363737763845582,0.007242681260001571,0.004450162833538879,0.13576749290394433,0.1424638474255606,0.1507021835183396,0.09294705094136434,0.502028569140855,0.29887103260411424
192,193,34,0.0006200552498599417,0.0011616286231982914,0.008005493513979566,0.009097506473863228,0.2513891230440041,0.38641459680957296,0.18878941665239193,0.1621790126360335,0.7373299537336125,0.6698137654570051
193,194,34,0.0005840888905582045,0.0008473236497539296,0.011546825702466509,0.00791104894591517,0.18035438556826727,0.24673600103940554,0.20197608694434166,0.13642090351887887,0.7113344011937871,0.5160250499150651
194,195,34,0.0005632769903861438,0.0007753463356503908,0.00883376777089913,0.005675520948668037,0.16323522751575664,0.21786015816691987,0.1528902643305414,0.09565076182233638,0.5208516000386547,0.31629573132463956
195,196,34,0.0012772537594869123,0.0011762272713219198,0.01712651742512689,0.00965443428308007,0.30661506145535145,0.24634390091439712,0.27175643010174527,0.12846462559979985,0.7034012158127392,0.31687718561415307
196,197,34,8.730860004641941e-05,0.00024518973517276006,0.0036145460223505166,0.0021684510122828675,0.11313971442937412,0.17343149370332528,0.1588633212753955,0.09845024146894323,0.6235780198784435,0.3688742053747181
197,198,34,0.0013502792215898379,0.0010862951996193741,0.016359905321972772,0.007582999132527062,0.2938254521064022,0.23723282977321253,0.2475645033752217,0.10913163143443773,0.7223896033623639,0.3504430678238615
198,199,34,0.00017397067516439538,0.0003152936307136659,0.0068232851267299235,0.004987734973993733,0.1930795819772517,0.3453116570766961,0.22626495098366456,0.17910903751033808,0.7798608348650091,0.666855175961636
199,200,34,0.0005412563495664311,0.0006427069675857569,0.00946042693548781,0.0062988643927521844,0.16018670238554478,0.1881302146617535,0.16540061693419428,0.10705042564202874,0.6201019690317267,0.4104839575273984
200,201,34,0.0004487435093966162,0.0007239332632968577,0.007966607268077923,0.004935958512048839,0.16926131094805896,0.29066401188788105,0.151759821921587,0.10112345553815365,0.5477643933366326,0.38523868899935826
201,202,34,0.00038739820946134655,0.00039849735191196375,0.010222905493505737,0.004129805990335338,0.14356365098672755,0.1447933679396083,0.19681297746651313,0.07985605779612773,0.6295623796827653,0.2682286040154253
202,203,34,0.0008069560339850688,0.0007848558686533322,0.012263690176255563,0.006626037666218178,0.23128115385770798,0.22015772440924944,0.20748981986852252,0.11309540749727989,0.6453873068094254,0.3644836406187007
203,204,34,0.00024696739183127647,0.00042856677104562054,0.005973716649939032,0.00587655553359169,0.2659146436079241,0.4197076591711968,0.2042620103148853,0.19015981065987955,0.7493943357292343,0.7906478282819022
204,205,34,0.0001056182858225357,0.00016872540419451103,0.004999300889561281,0.0039148711388690294,0.1830025396638495,0.2717805958119173,0.21175844485268874,0.1565835870812728,0.8330297189600328,0.6766507720903617
205,206,34,0.00037983002432477353,0.0003984441433910334,0.00853664961451774,0.004550196903273255,0.2923086369410157,0.29522323822626606,0.23985115898882642,0.12287019399263768,0.6914249167722815,0.3358379466873277
206,207,34,0.00019641163520217934,0.00033805000198402303,0.0069591450121472866,0.005361317937460839,0.1508708546513363,0.2728073636024314,0.19047184792511604,0.15220013986443773,0.7068268770680708,0.6274347259625738
207,208,34,0.00040816496834850113,0.0006187669089740224,0.008230527181534426,0.007103078899841495,0.28112360636484535,0.4291941054755682,0.20949109336909125,0.1537757257301259,0.6795357474509407,0.533366550271504
208,209,34,0.0007259441979519633,0.0011126069290866988,0.012147622812977609,0.007561007668725253,0.1561641417827238,0.24008423016548275,0.18009504347163088,0.1091285459380035,0.6200089647489435,0.3934737041725883
209,210,34,0.00024258452462537903,0.0004238771987355727,0.005929515532710973,0.004017614479136246,0.2009349605479442,0.37062568474061797,0.17329748993849053,0.11429915303463893,0.523867100915488,0.33871312914318397
210,211,34,0.000601338456844507,0.0010249765563856623,0.011582638458896647,0.007433037962277784,0.16860809509971125,0.26455288569568636,0.1968881744234001,0.11618828552179439,0.6294325406060499,0.43966367190149797
211,212,34,0.0006883805728969438,0.0011685797826182357,0.01186178857460618,0.01057344201394715,0.17870505819754565,0.2465877290935804,0.1951752021251356,0.14838702068970483,0.6317518362227608,0.4692575473146982
212,213,34,0.00019273905325141693,0.00022916756400080803,0.006969940828104668,0.003807720828811876,0.11951506243306487,0.14572781260159423,0.17241738079225316,0.09580605894135817,0.5454006558832001,0.2967140237617526
213,214,34,0.00016440914366873638,0.0003167544140485581,0.005367564396960113,0.004470396207557836,0.41140335044987936,0.6531025740088174,0.2887175453498083,0.230898698469461,0.9316026401870391,0.7686605898488833
214,215,34,0.0003306756754668908,0.0006381868485803945,0.007133727016694406,0.005658980836488212,0.6170151479788782,1.3434374330935959,0.31920097614912424,0.26058456912686684,0.9727643596775392,0.8856016613127371
215,216,34,0.0007190881229716444,0.0007594279400071907,0.010337032744085746,0.006971613407913734,0.17691573233562796,0.1805260507392867,0.16675171376589468,0.10984783297088874,0.5688049762564547,0.39742806459727337
216,217,34,0.0020035184635322795,0.002275689042232494,0.016248308663146898,0.009995697362320338,0.3016437651548425,0.3680000205250304,0.2069296016193488,0.13041150575869812,0.6896340768126881,0.4507136098989511
217,218,34,0.0001757151066131508,0.00026679914383300493,0.006747577228987425,0.005251207722492612,0.4046675390837824,0.7378130407743679,0.3141000706373769,0.24169800422614232,0.9763710417729967,0.7533283729031242
218,219,34,0.001632294427990393,0.0013632068750991625,0.022289763560847324,0.00893058253835901,0.2220494568019229,0.18658148804997654,0.259591500110486,0.10502369311982065,0.7787914819577161,0.33382755774756645
219,220,34,0.001340227253502449,0.0016176266116341802,0.013193171608316548,0.007525907151056806,0.2711484423181152,0.34747090074897374,0.1880274785353857,0.10642045397126565,0.7098832638824687,0.42076013586754624
220,221,34,0.0005649977664528278,0.0008149398630979859,0.009692695231505614,0.006494832038894308,0.17931476747617126,0.24418013767259725,0.17944846346097834,0.113647630419411,0.5690341644427356,0.3994622867482873
221,222,34,0.0005823078583275407,0.0005884736221448652,0.010312305907171,0.005982785230426659,0.20899924575625098,0.19955961877272504,0.1986361382638707,0.11491819347833938,0.6587766290587538,0.42254230064308507
222,223,34,0.00020985329838234013,0.000347933207677291,0.0059986614813918576,0.004616828452773571,0.34365605058915477,0.5499139456877947,0.2502400320680702,0.20725636694417254,0.8452414865879452,0.734255557524591
223,224,34,0.00016620833057726594,0.0002959841388172546,0.004988266596817137,0.00384430373052244,0.20476112202467286,0.29420253813325636,0.19638125773738413,0.12670400374859153,0.6428727411171969,0.43510478324686575
224,225,34,0.0024159380578994923,0.005331596471928169,0.01820398083723643,0.01672219909831719,0.37974029832848294,0.46637778558221527,0.24203850975369706,0.17900840625057238,0.710570241598522,0.6595034378007948
225,226,34,0.001875608638743763,0.0018637821623154185,0.018053847751991058,0.010489545794100892,0.6095456748529721,0.6272312820192291,0.3272395974353832,0.1717553956658988,0.9480768492554917,0.46949868619190327
226,227,34,0.0016532930074604605,0.002492322044827703,0.015693904866245303,0.0096022305614223,0.5912971169523457,1.063032677935625,0.29217348182026076,0.19489662459000734,0.8520882103373023,0.6110877894712289
227,228,34,0.0010963541855731178,0.0013217035690857909,0.011889570173533523,0.007359428409288675,0.29721636356279146,0.31224664317841044,0.20606193346354892,0.13791697496021263,0.7681910196209655,0.5083352068458971
228,229,34,0.002218543919940096,0.0019563721572196293,0.023074538063477066,0.009114787571233459,0.42939302621080594,0.39027883258043866,0.3167500846526202,0.13124329301253898,0.8721230038825203,0.3787014654647908
229,230,34,0.0024087644620415043,0.002045419473565787,0.02305000850602108,0.010063520027518159,0.28743674693738713,0.2765810500763156,0.24915852879776673,0.11683899171995135,0.8576138598077437,0.45773857732581713
230,231,34,0.0007114375358094763,0.0008145170392313341,0.010729184408453019,0.005757976584342059,0.27990731648991213,0.32007220868015607,0.21480945037568316,0.11092451313744163,0.7339284731184735,0.3840893338930599
231,232,34,0.00013686946599858964,0.00016219023691218048,0.006333054248791407,0.00325299911700732,0.16710388791911743,0.22068289542141278,0.21697739336420507,0.12084165118199341,0.5735619725549922,0.39440262697724116
232,233,34,0.0014646190060582686,0.0016741257800662048,0.013995968226535135,0.010574521147147135,0.6977569955154596,0.9126431610203393,0.306073757545913,0.2221412806458388,0.8847242698949926,0.6782865946635591
233,234,34,0.0009581654049885829,0.0017940783607160516,0.015925416613326353,0.013999515843330089,0.4385130578542457,0.6795323060115604,0.3480987673734917,0.27001633544181725,0.9547458282288384,0.768295101984565
234,235,34,0.0014439672477772761,0.001410941274624138,0.017235091175226605,0.009696437283635614,0.49614183648544197,0.5382134258281388,0.318456451244214,0.18222832449758622,0.8742060766500586,0.47898577689112515
235,236,34,0.00023154360571746058,0.00023719171346349741,0.0067636913736350834,0.003939574506594379,0.12090320207918172,0.11848371410794266,0.15304876403773532,0.08386839591446275,0.5134863325339907,0.278466028355865
236,237,34,8.374221987223256e-05,0.00016766036748690915,0.004181346664314761,0.0034729841872005833,0.15534317575614243,0.24524489027188554,0.19487423964721315,0.14553099925551194,0.64607494894196,0.5291382635499183
237,238,34,0.00021879735175603214,0.00022025447611029005,0.0059494640719255105,0.0027188910515800998,0.20213842274182858,0.28186743340995785,0.16907472294919632,0.08661824483716608,0.4685833857339971,0.24272927028217237
238,239,34,0.00028687598248378727,0.00047776370464731405,0.007843986900030252,0.005475034068427126,0.12467224950737812,0.22980362889027722,0.16101456126746008,0.11779867192051585,0.5600683982757961,0.44388744309450906
239,240,34,0.0003515082046172157,0.00039884319448149364,0.00881903654868331,0.004882533545381342,0.14840888073120048,0.14634915292301073,0.18578188877333612,0.09442238942814006,0.5886171109536115,0.31814755685345414
240,241,34,0.0010753943752875143,0.001517256419123481,0.009644203165354318,0.007559968238276758,0.24534395874669665,0.27275586462689827,0.16473370417952538,0.11064757800563466,0.5851002392523429,0.42268178205157286
241,242,34,0.00026714527585039937,0.00039809443138677454,0.008134965966318679,0.004588910277828221,0.10707375489394455,0.15169242239347538,0.16624797267072342,0.08835997990267594,0.5377050673260408,0.2721461511365334
242,243,34,0.0002787951802929456,0.00031906884777834117,0.008323182769612792,0.005077054800819101,0.147754041450646,0.18560262507222683,0.1892945922034628,0.12019424179083586,0.6731573996298453,0.4413846143572386
243,244,34,0.0038938297416012467,0.007411624402576876,0.021877000892452675,0.025435085705717547,0.6856612946892924,1.2768968129360152,0.30227694485117407,0.32479342474840506,1.216583507902482,1.2457035783942962
244,245,34,0.0005686420625566183,0.0005093843973299809,0.0113680935875677,0.005747353766086876,0.222455513827941,0.18238666809790582,0.23007134216673233,0.11284289486038121,0.6799442768096924,0.3314144950781886
245,246,34,0.0007945551294195705,0.0009389349005400811,0.009552760484546204,0.006845716018684841,0.26284987753024325,0.30195239283603525,0.1754124067066347,0.1273072950126579,0.5839500194963287,0.4613007339960637
246,247,34,0.0008534261033834328,0.0006040516283384807,0.01583639981553835,0.006346354396970255,0.28927385828950825,0.24732187299551073,0.2888850731884732,0.1198117206460772,0.7619501141940846,0.3662698529740969
247,248,34,0.0005210643261815515,0.001168321322036381,0.00939866786425495,0.013983240789945834,0.21935412880745442,0.3578838210118747,0.23128171637654305,0.23652790947430127,0.5612916880670715,0.31875379975523355
248,249,34,0.0011412877465772908,0.0010649690124527249,0.015385131762527367,0.007053336556043361,0.19955970259273753,0.15732919035255877,0.20801449873868158,0.08811191083695354,0.7196461190195644,0.3033978333426636
249,250,34,0.0006185784991162911,0.0006318714894113528,0.01260061573018046,0.006239073931017732,0.18267527896472635,0.16159094646862268,0.21990698817021706,0.09921494599509052,0.7297145698000403,0.32448030414768747
250,251,34,0.0006811316705566509,0.0011055261701176406,0.009765618919011424,0.006800770480196766,0.2054921415333143,0.2818252652786122,0.18082018108928904,0.11702222397490636,0.565222812926068,0.38657229874654914
251,252,34,0.0007357725260269089,0.0007762771616890579,0.012389224693726967,0.00624947369892236,0.216127980445676,0.2461555406721629,0.2125467175946516,0.11019738839489177,0.7679172736756942,0.43243629810205003
252,253,34,0.0004992797485636616,0.0005794809769566139,0.010165501694085406,0.0061103554092168015,0.28576031310812516,0.320376228236641,0.2444459147313062,0.14027722565659392,0.6692186208332286,0.37769361597987205
253,254,34,0.00016075446061382964,0.0002976098941233642,0.005626659093917731,0.004592940650708267,0.1370987101485405,0.24599709013301757,0.1751132246983402,0.13624844345867373,0.6008209586143494,0.47654389617859894
254,255,34,0.00016836833112713923,0.00020504216048138885,0.006254140431444873,0.0034602107458935783,0.15146514003658118,0.18384824622572415,0.1909697726368904,0.10445605763378882,0.5818719863891602,0.3332943114632851
255,256,34,0.00020456626015509435,0.00035105441952245134,0.007006182753042702,0.004719744613364194,0.1292513553327059,0.22198079198924073,0.17687485936809988,0.1201069982856282,0.6471361018279019,0.46377899408629775
256,257,34,0.00016193814085722005,0.00021973592133423024,0.005869635812226026,0.0035448944979026135,0.15820414375732927,0.21304199353145997,0.18679608032107353,0.1078740731353748,0.5295001987148734,0.314480788700198
257,258,34,0.0002605807342340139,0.00027071784889225035,0.008954831488047014,0.006212440915167576,0.4504001352470368,0.4843028603801232,0.3733561477240394,0.23802320691573214,1.3004401974818285,0.8591377882409418
258,259,34,0.0006219660366268191,0.0009013013058816519,0.00947991940055919,0.007360859393750551,0.21454563842374175,0.304040187864028,0.17993181165965164,0.13768260582674155,0.5454462139922029,0.47474821228342495
259,260,34,0.0003806900781723123,0.000962978431113878,0.0070679814020610035,0.00469289320295557,0.224296828129274,0.5688178988678038,0.17220653330578523,0.11708965215988706,0.5451905267203555,0.356722318151432
260,261,34,0.00011893339002627352,0.0001349171103140797,0.005523335051668041,0.003046130630922723,0.10931207005427603,0.11770957408052488,0.16827654553686872,0.08828061062819267,0.5170173136626973,0.2744629066163879
261,262,34,0.0003231704050609979,0.0003562057312147614,0.007503429126432713,0.004355550847804048,0.12122112018165782,0.13226736905635839,0.14468633284901872,0.08341655671675079,0.48465806903208003,0.2723325459465644
262,263,34,0.0004536339596437328,0.0006640784053432151,0.006006445437806714,0.004369458021782149,0.23705780502025256,0.2955090291740667,0.14686362653532448,0.09495811420833422,0.509773272801848,0.3471790876455396
263,264,34,0.0011808076985343017,0.0011008175243251658,0.015572961337645264,0.008339553053973738,0.28670649367439394,0.24109030633337608,0.24544342651086695,0.12213997011331426,0.7277834647718597,0.3703287769009366
264,265,34,5.6181531563732494e-05,7.632950249131633e-05,0.0039786098846782214,0.0024894152154706865,0.13130694920854533,0.19495470941922402,0.18869673767510584,0.12883853770746992,0.6293342192383373,0.44985028225468193
265,266,34,0.0015290612478993887,0.0017216196705445762,0.019795332487453434,0.010111872224708798,0.35878262504496994,0.420544349840474,0.30013954683261757,0.1569559573826079,0.8540730572798673,0.40829645595360775
266,267,34,3.3076526439318136e-05,0.00010693104694207696,0.0027098462759407565,0.0018646097271726194,0.03145833807887838,0.10176630067953239,0.08356719836592674,0.05744504367151848,0.3030459801940357,0.2082923710093037
267,268,34,0.00038572698713323916,0.0009614554463824939,0.00782582045683418,0.006519435333504556,0.20787336076746749,0.3895517559765459,0.19112393522963805,0.16599266812506147,0.6062717003857389,0.5499561171848555
268,269,34,0.002243845450025487,0.0038657435173723343,0.014997529187787543,0.012789384628823851,0.9212638933403308,1.7932075137482932,0.30495683465372114,0.28176967272871706,0.9645385264473803,0.8577790718857328
269,270,34,0.0009148178981858483,0.0008652288186984434,0.013455151730929227,0.00714986956270296,0.26208857496214266,0.20862761249161238,0.23599329415489645,0.1016740800312012,0.6343489447060753,0.27159777424573855
270,271,34,0.0006462533849972876,0.0007208781815807844,0.0107676558306112,0.0058550865721127094,0.21026602694216898,0.23889210971050298,0.19267473873846672,0.10797946149082029,0.5828646601122969,0.33406419096561046
271,272,34,5.8390913516311284e-05,0.00010616469388071403,0.003641384037430672,0.0021929975526461497,0.08596393104423494,0.1491356759021019,0.14106820359387817,0.08311213364214905,0.498765716657919,0.29296006129674734
272,273,34,0.001856149450652404,0.0018719280696739527,0.019782618872876113,0.010944460365312795,0.23586460400153608,0.24597611299227734,0.22340551873340325,0.12789998093663096,0.6352143519941498,0.38599420440788285
273,274,34,0.0003921684712141167,0.0003636111465521811,0.008710842333076632,0.004361234774040382,0.12362093227121103,0.11864638323430239,0.1534861859810703,0.07921231491290219,0.5594836539205383,0.2868516825791206
274,275,34,0.00048402482255315753,0.0005797504888542553,0.008114370568792391,0.004853622444339657,0.20823399277458735,0.25183336353499086,0.1699796660858042,0.10054295204187874,0.5447664547930745,0.3376050636378176
275,276,34,0.0003960121781239971,0.0004014874270122492,0.009059428555808742,0.00508332357123219,0.18520641991156428,0.19623063849605665,0.1945126009557177,0.11017387873156914,0.5848367538522271,0.364222907834386
276,277,34,0.0013007374039475776,0.0014381589634561939,0.014267594259067932,0.008863914908035663,0.19622405159958256,0.22751859186108264,0.17650525041801088,0.12680396949952843,0.708388254922979,0.5048492880588685
277,278,34,0.0010994673556899,0.002084380600847386,0.01290918983902563,0.010463228775752446,0.09892219568684917,0.1823116392389309,0.1233468404149308,0.10356977183954394,0.5408291641403647,0.42677881731275197
278,279,34,0.0010966803960507283,0.0012115929962644696,0.012964653803090401,0.008281936789863983,0.27847102669286816,0.3013134677606587,0.20652254276415882,0.13313904339171068,0.6741295833798016,0.44065248312664235
279,280,34,0.00010244872215908425,0.00022506821464710313,0.0048884951906717,0.0036647340756491924,0.10602111244738541,0.2316329007098618,0.15724265860284076,0.11832230526279491,0.6047618660856696,0.4947933605323899
280,281,34,0.000125865701086107,0.00019020878259328475,0.005069461699082132,0.0029537831263211946,0.21265490451718078,0.40497804097966694,0.19860922435627265,0.13140507981878644,0.6520465104018941,0.45403336208630496
281,282,34,0.0013662460230133386,0.0048550163909706,0.006859714138794088,0.013116120635085233,0.7316478690721423,1.7545612687399004,0.198576968656305,0.20631919220308745,0.8243317685144789,1.094628426619468
282,283,34,0.0006494188507584861,0.000712990731463928,0.01109322496717248,0.006279064114844933,0.39905212622355013,0.43456202503547453,0.27797723758746595,0.15757446165745417,0.8783977548865711,0.5121374784428524
283,284,34,0.0005265974992680105,0.0009142301896779589,0.008838199948727646,0.006600739263970724,0.35664437631802526,0.6559962247852114,0.22783416969811215,0.17349897960171246,0.6884899209527409,0.5300456528924103
284,285,34,0.0008625781619069612,0.0013039291134735716,0.014039019328158568,0.013479357994777438,0.5095132265294737,0.8762844855581662,0.3293226229793885,0.3113777020588758,1.0769990367047928,1.0546613756292105
285,286,34,0.001179557552190732,0.0011955913340766728,0.016141008671290952,0.010731838431468648,0.32925122675677654,0.3236563226374832,0.2726135556312168,0.1610377579294495,0.7548637140323134,0.44351391572863796
286,287,34,0.001205048914284014,0.0010667685596506833,0.016820691430064684,0.00839528606837541,0.35769511655192165,0.27088264623408964,0.2963113651117858,0.142277100625796,0.7618595664115513,0.37769205175341664
287,288,34,0.0015562091016898408,0.0018245702173042963,0.01735472713377984,0.01444136007671155,0.40312540270935965,0.44116449623981097,0.2742313478580293,0.2001692477600517,0.8591205670553095,0.6826773071028666
288,289,34,0.0009701352597296457,0.0011529078411562546,0.017428406158133465,0.00800145798949904,0.15491057516020887,0.22026617243588364,0.216143440674333,0.10796958042509826,0.6929546279065749,0.39467740128827017
289,290,34,0.000526530652624548,0.0006326388099731012,0.010659511639353107,0.004396703609332377,0.1772707419415169,0.21873561155411322,0.1941825193079079,0.08256036030719417,0.6325206616345573,0.2852724252599845
290,291,34,0.00031912484353276393,0.0007600560417638982,0.006068256546688431,0.005036250605386181,0.15667942881255464,0.3550617395870701,0.13813024715465658,0.12897557889415276,0.5141536413746721,0.50593363804754
291,292,34,0.0005578350359000443,0.0006185250404760333,0.008966925875831614,0.005072655181450965,0.2024928033762776,0.2336328320478526,0.1714936722727383,0.09618774397185705,0.5900115212973427,0.34256828672408646
292,293,34,0.00029319308465774693,0.00032423722729705597,0.01053283121162916,0.0036360783211396527,0.1695751804201042,0.18307092945552078,0.2541187046205296,0.08485050619121778,0.7960021767546149,0.27287178019952013
293,294,34,0.0013309667173523527,0.0014460852828381086,0.012226601809208445,0.007786083881182743,0.23312417337643532,0.22042044990911536,0.17099391712861903,0.09940125255358703,0.5895224897300496,0.3586309051992269
294,295,34,0.0010517756086301233,0.0018917933381473488,0.014515780676019323,0.011488389973536255,0.7178099123925409,0.8614916477170268,0.45074226488085356,0.3274502516853168,1.223590320085778,0.8293802405119736
295,296,34,0.0004111034268134972,0.001008781246785991,0.007813706542091334,0.007847312606159625,0.1620480498942711,0.39597305217040524,0.1560778311070274,0.15367176564348167,0.571828780367094,0.5866538370653395
296,297,34,0.0012153736683745485,0.0012393086735831632,0.014665055239353986,0.0077817081009104744,0.35942958815790277,0.3290346129249324,0.25878723688861904,0.13561541037882244,0.8458918499595979,0.47896066791121217
297,298,34,0.0019376199312746928,0.0021196698193649594,0.018886628458002472,0.014261384286243581,0.9039879631360664,0.9450583791891272,0.41770635654821114,0.2902481492662223,1.086020893910352,0.6836119171532914
298,299,34,0.0018312467881889246,0.0014435956774946123,0.02348115697831792,0.008670817824964405,0.31715162427109833,0.25022657640285756,0.3097696689998402,0.12036438971190642,0.8132310834001092,0.34193559494873704
299,300,34,0.00020092343911796087,0.0007756160046987897,0.0040067559919621356,0.006892414042681042,0.08469825526973342,0.2661018870045289,0.10843104967737899,0.12877614867888967,0.38554037756779613,0.4710728067423473
300,301,34,0.000468685534642913,0.0005649129629939629,0.010996379013008931,0.007730323143608279,0.3308072276824318,0.4962528269061351,0.28063025566584926,0.21871654561721965,0.9450540191986981,0.727893360306412
301,302,34,2.6395258453917716e-05,4.477041491765097e-05,0.002596918096327606,0.001737103029562871,0.13672240423586438,0.22209515622724477,0.18830482902772286,0.12007648451471678,0.690913513302803,0.46660656492570846
302,303,34,0.00039023109909120486,0.00041478507991505,0.009646638591006836,0.005203113767944142,0.22512783685370402,0.21816785182916446,0.23971896574777715,0.13747736134524008,0.7387392529669929,0.44071327470999316
303,304,34,0.0018244700113427825,0.002998116472181047,0.01552304153001922,0.011804309952595989,0.307266612057848,0.37532805221173665,0.21537925894646084,0.14587779625120006,0.8237048957277747,0.5975035503348745
304,305,34,0.0026667558294695267,0.002330233021109821,0.021816271001144368,0.011792489916857395,0.8141358734163291,0.6877842180862787,0.38196973612203317,0.19427095704154126,0.9743467937497532,0.47893105993197116
305,306,34,0.0004780693849648501,0.0007311584443875744,0.008227307724369252,0.006534826611902246,0.2744268755923258,0.42066632885952543,0.1960463174892699,0.15986845188996157,0.7991282858831041,0.6960371210297289
306,307,34,0.00023767006699499152,0.0004179181162109458,0.007617141250247026,0.007466829098501763,0.24566529954181,0.3203513478156215,0.263694845359115,0.2103970706496605,0.9353528890539619,0.8437476506650056
307,308,34,0.0013029433607431094,0.001570383978979297,0.01317428202395711,0.008605194406775804,0.2072469724670929,0.24469100011982378,0.16763771445873907,0.10582767952422126,0.5573978296974126,0.31616562264693177
308,309,34,8.639199511569185e-05,0.0001566338424746295,0.004595987632295445,0.004039367612441479,0.14005684430765755,0.239868976335334,0.18876740697990446,0.16286711164999154,0.7322195978725657,0.640981820523863
309,310,34,0.0033720237003281536,0.004257108509953703,0.025442107388859287,0.01299141391951795,0.5178399305544136,0.8164262937766942,0.30369280136245136,0.18089420660917374,0.8781343365416807,0.49284327434875247
310,311,34,0.00027949629346788726,0.0003011273261641649,0.00800313858096214,0.0045008423053926475,0.19720200142439673,0.24946239549657928,0.21853919918922818,0.16313312789378784,0.6741232122568523,0.5639383903470384
311,312,34,0.0012365165894152597,0.0010119443926818947,0.01938090046100757,0.00858927425509199,0.24148886223487995,0.22693227719167242,0.2683441347497351,0.12829817017679288,0.740835090770441,0.3368653864845534
312,313,34,0.0002281772291259104,0.0002624633690157424,0.006887689602616078,0.0035761304972462935,0.16109348518554778,0.16741454615295734,0.18750930172117317,0.09062788445893177,0.6438876145026263,0.3181821004688475
313,314,34,0.0009903406693501223,0.001422726762310467,0.012258519138627248,0.010353099667941923,0.24444379437687425,0.3721182512258828,0.19887555308420868,0.16199975362230917,0.6592851037926534,0.5480502508343947
314,315,34,0.0009616319556270729,0.000977022145253213,0.010323867934536846,0.006287061829025696,0.3999508181244464,0.6616651688069626,0.19874636401586673,0.15564074474990652,0.6464850814903483,0.49189647032873585
315,316,34,0.0015828040580826758,0.0013661821700263043,0.021854541264474392,0.008377929412794968,0.3377063353272045,0.29049614105738303,0.31812844206305113,0.12086726556497553,0.857213111484752,0.34135064004171756
316,317,34,0.0010677526664721881,0.0014381810056320237,0.01428456198054311,0.010161568411860594,0.33260300604160875,0.4521985930879788,0.2549259544295423,0.17089331102861482,0.7886929753072122,0.516679251719399
317,318,34,0.0018283264405053,0.0014288303660998705,0.023847244378617582,0.009877291684435343,0.2639607185607447,0.19911026664082504,0.2863509821541169,0.11788453881256891,0.8184072454186047,0.3473106493422488
318,319,34,0.0005083138712640956,0.000511897728586292,0.009100806101581411,0.005068987834776892,0.16600498307825012,0.16244678291799428,0.16434208029771552,0.09375013765766385,0.5992841865209972,0.3546152441993105
319,320,34,0.001064270139014458,0.0009187179209105039,0.0150587374536211,0.0066102813820570075,0.17659102867850485,0.13493713198173224,0.19625944951001337,0.0887059675892408,0.7189178694696987,0.32309507937586623
320,321,34,0.00022392650125499023,0.000741817432522716,0.004419889218886109,0.0044987831849641405,0.3726776768453419,1.0757857831154403,0.1983077466926154,0.1828726692089389,0.7215195105356329,0.7085694121986468
321,322,34,0.0008141304696811643,0.0009196925299904715,0.008977361735613906,0.006254904021596945,0.24925218752640135,0.25866536068001217,0.16374496129505775,0.10956399662719427,0.515669455861344,0.3713051051173664
322,323,34,0.00023849525054816587,0.000411024682177683,0.006343317844713216,0.006540689652493777,0.3726613166714635,0.6372603606205777,0.25060226154678006,0.24162564063209074,0.9131583317237741,0.9851733091770517
323,324,34,0.001449029174824211,0.001295997759300162,0.018176470034043577,0.00920826262977857,0.2983743762049605,0.2701505715508451,0.2598537701894255,0.12940736683355547,0.6992004750406041,0.3515626551615563
324,325,34,0.002158320286338601,0.002905904321316634,0.023051346967215922,0.016073861551258565,0.33783178028705363,0.3964332699478781,0.2935853460255791,0.1860033401087035,1.0155900155796724,0.6259326992293968
325,326,34,0.002311872388578623,0.001741537640722083,0.02795464074348702,0.009396407098338957,0.3370897287831587,0.28145353455884753,0.33387576613356085,0.12152649114027253,0.8484994295765372,0.3349813135143184
326,327,34,0.00020691225239823004,0.00043656796636919507,0.006383433071759474,0.007789237158896085,0.23181944034021237,0.46918980087364526,0.21491541620343924,0.2554822165424418,0.724320177865379,0.8893122460932349
327,328,34,0.0010281879053763987,0.0016811580042141714,0.012619188377250205,0.008122633742404694,0.2765068698482698,0.46368643445191793,0.20468676123110688,0.14115941306833768,0.7619318716666278,0.5090534143564253
328,329,34,0.0015894164730793016,0.0016666296674047827,0.02419719684129471,0.01603257558960252,0.3016803597154863,0.3023884222672349,0.34016621551092935,0.21247564264866547,1.1241963321671766,0.7382975821621686
329,330,34,0.0009556536165559117,0.0009826014852908173,0.014333690585130277,0.007882021256184825,0.3563947026782176,0.34613030381266485,0.27887478164013696,0.14204210138387507,0.7338154079282985,0.37458285748094156
330,331,34,0.0008721143331058556,0.0010251981892179548,0.010987425627022544,0.0072003427798712355,0.2921478310394484,0.38523784811146705,0.19654459057047086,0.13724183568858564,0.5704678165562013,0.3971187572872131
331,332,34,0.0008532389363555173,0.0013577649857768608,0.009222843578112695,0.007625559661370169,0.14970285521977691,0.22504239744069102,0.140245922786348,0.08913344109112241,0.5342034327194971,0.36602620342717246
332,333,34,0.00016959428768025057,0.0002684146581947453,0.005781966052702902,0.004015769161925313,0.17607197446255562,0.31112873840107413,0.1819627657532692,0.13927422327511643,0.5983018287841011,0.39171750531543625
333,334,34,0.001644320071243462,0.0010541383312299103,0.023835979265106076,0.007703827110906865,0.28182020443765554,0.18832465957068958,0.31079184570733237,0.10309282194049267,0.8981062813716776,0.29623974574276346
334,335,34,0.0002720177590965571,0.0003617207490574888,0.007245048038277994,0.00452880538275805,0.15569627275416517,0.21507706980927396,0.17183340570944197,0.10899145376132327,0.5641472738455323,0.38159238143382135
335,336,34,8.728692803154391e-05,0.00012412615127751567,0.004754319112501381,0.0031882897431216722,0.18188023074146578,0.24639388696220296,0.2238530032336712,0.1416571616761785,0.7183428354123059,0.47341373332375375
336,337,34,0.00018188266013192546,0.0003903475806051193,0.006572177284397185,0.0029952179558646497,0.14864530384211855,0.2817202609957845,0.19198694386902979,0.08920073067033016,0.6706655945848016,0.3030100641131739
337,338,34,0.0006253878002152144,0.000628534111380036,0.010804139228318544,0.005905714365307975,0.24453493582961314,0.26141995411734265,0.20843524420086076,0.10939812531150767,0.6637656631715158,0.3857129155770325
338,339,34,0.0004173047521844102,0.0006656202282292372,0.008041146964601734,0.004792472427638747,0.125202702711035,0.2054756943862469,0.13828742038458586,0.08119749048364397,0.5412225745180074,0.3146558568336256
339,340,34,0.0001396592852094781,0.00022799791011872476,0.005306561737704803,0.0038736594130551363,0.17001974152620225,0.29426190512398775,0.18555106288369963,0.15880139745004626,0.5808750579462332,0.4756773327150436
340,341,34,0.00018836238199155023,0.00041134319886977633,0.005360609307364725,0.004279660873555003,0.18825213260510387,0.25666844944391864,0.21501020539332838,0.13547227327738173,0.7577022445552489,0.4550639382169932
341,342,34,0.0005540887717977646,0.0007754578753582852,0.010712420834940584,0.006705769381094288,0.16992920850787094,0.24467096867786356,0.18576787127291455,0.1196249359738167,0.5892626752748209,0.40733451314816027
342,343,34,0.000360442496912583,0.00042494962143569754,0.008262292536742547,0.0047982998127983996,0.12083572568371892,0.1469046255188806,0.15045717292848756,0.08795612877008752,0.5223565912422012,0.30778716562449554
343,344,34,0.0007504156856959846,0.0009306155362002343,0.011712348677546662,0.00839725818253501,0.219204790862825,0.265562986820114,0.20322485673515236,0.1449705980113625,0.6272594727137509,0.43901290159437106
344,345,34,0.0001899542352582691,0.00040821636632326695,0.006424097025849144,0.007743102327901552,0.27826259126338887,0.48261308720359286,0.2603263432050453,0.2598917364763991,0.9716737743686227,1.179287926304526
345,346,34,0.0007380379459070408,0.0006007535685162497,0.012822168666924186,0.005938218337468349,0.21250639507985292,0.16166146421945815,0.2199437017826473,0.09525734740709348,0.7631027619628346,0.338305416330872
346,347,34,0.00018357853018776093,0.0002893150093331553,0.006061669442501357,0.003769609056706871,0.15703558194560602,0.2084796149309272,0.18509835092460408,0.10762834324290775,0.6429371259668294,0.3567153249239297
347,348,34,0.00021112389342359914,0.00025569243791663223,0.007498738852411728,0.004108774496208549,0.11427038813502911,0.151335190629914,0.17190627337378614,0.09157955666263241,0.5664806041647407,0.2838438609677974
348,349,34,0.00014773265759097687,0.00022589029074100798,0.004701348429080099,0.0035923563172937435,0.13693393473102547,0.22792626559484885,0.13983528337934437,0.107240588320255,0.4727904428454006,0.3913247281910103
349,350,34,0.0008655526522916797,0.0008821398700278425,0.013923337984391871,0.00717418933205527,0.22084075408330298,0.2151848277891882,0.2239884809755227,0.11247644099986136,0.7461859899408677,0.3837744808305283
350,351,34,0.0011413422822335955,0.0037584104530776533,0.01048767993993619,0.014678387041053972,0.8606389396865031,3.00745179961656,0.2794930419939406,0.41681786776092367,0.9603315995020025,1.6707189454912206
351,352,34,0.0015387688095763546,0.0012179128201682012,0.018056338146219358,0.008383957654088654,0.2687319434138344,0.23094501306337953,0.24231593245092561,0.11591388254970979,0.7117800616166171,0.36631355348472266
352,353,34,0.0015983211580185203,0.0026780307885804905,0.012020151322597967,0.011225528768734283,1.0548274783924332,1.5552749933474423,0.3265180044314441,0.29811319807277425,1.1767392154125607,1.238860748046331
353,354,34,0.002523577875469046,0.004127492687717287,0.014098298951627357,0.014371087257912776,0.9193128631998073,1.3732294920117365,0.28480739738134775,0.2659605950605539,0.995547794682138,0.9862122593169367
354,355,34,0.0002786445786435198,0.00026837043813952014,0.007424835690899807,0.003994768372350188,0.20188036456923275,0.19802757827993928,0.20128822480054462,0.1131331216389514,0.6559113220256918,0.36886182560813857
355,356,34,0.00047780872821878055,0.0006600040286578704,0.009923589230953333,0.007226633906090238,0.20833223291179714,0.2542737822971666,0.2275019163156257,0.12866771852564948,0.7545404407907935,0.46378739613775605
356,357,34,0.00010665871463168194,0.0001393084563983134,0.005283844297724392,0.0028284133599392083,0.09427679199999307,0.12555274403338282,0.15779491941280224,0.07825117493641642,0.5951325455132652,0.3015180949625502
357,358,34,6.223087338826993e-05,9.306154093488526e-05,0.004145167429027531,0.0027512770637285883,0.11432901230257224,0.17554230952739275,0.17620427139541683,0.12009215216098736,0.63290684582556,0.4257589296977161
358,359,34,0.0006419046209938481,0.0009739193082093454,0.009081753559739274,0.00694474750085014,0.3864060602534343,0.5739792952564812,0.21931900029235027,0.1670386889371407,0.7297580969684264,0.605832434420631
359,360,34,0.000379490280385439,0.0005125545953781327,0.008566612343522994,0.005831435138406851,0.22267541029107044,0.30701699397440213,0.2076696584768155,0.1410901298016384,0.6906011656803244,0.5400776147580506
360,361,34,0.0003857415882013062,0.00048555654348438407,0.0071652308277621425,0.004502305377128038,0.280588809373405,0.3836209686426832,0.1932712309062481,0.1143684737353416,0.6397217468303793,0.39837952083548456
361,362,34,0.00011448162363462067,0.00026473253181553605,0.00460580045439522,0.00389454671230176,0.12118865652283763,0.26396312133305644,0.15599135177976944,0.12224117945022997,0.5722381275366334,0.45941188355762086
362,363,34,0.0008412629793865027,0.00275111215169597,0.010641478534500278,0.013600674710942316,0.22196459330905996,0.5872059714686308,0.19045187045327006,0.2004441258574737,0.6099764698130243,0.6562856088286151
363,364,34,0.001457335735026658,0.0022432326063139777,0.016525642193086883,0.013216071949916895,0.27205954968710155,0.42070093598928965,0.23033646176404812,0.18611160276131472,0.794076124096618,0.6873932596766481
364,365,34,0.00015887624412618394,0.0002838367364521587,0.005707967718241408,0.003245274904376393,0.16264103878946864,0.2930590784451882,0.1837258845129434,0.10596884287033695,0.6145591744605232,0.3755811823971879
365,366,34,0.0027685514972237047,0.0036019925001777153,0.02443349323071101,0.019414547183995833,0.3381682266207302,0.34343610415448916,0.27353781045359726,0.18708239340083407,0.8595095101524802,0.6030901639170374
366,367,34,0.0002505439765895169,0.0003366265624372381,0.007005556226324509,0.0053952547849824475,0.2869989605182234,0.34040722476300733,0.2550823473755051,0.18833925708405913,0.8368280543123975,0.6300864138001112
367,368,34,9.724136042249858e-05,0.00024772396525881064,0.003507271850728156,0.0026483711182760036,0.14919866244856486,0.27091248772623056,0.1603873320581282,0.12443069226307361,0.6261538999045596,0.4610703480289742
368,369,34,0.0006535976388691137,0.0009417027319021769,0.009767183520392898,0.008431857128086069,0.2515545323463705,0.3192322592160959,0.19353259300046108,0.15184944583562238,0.7504286126178854,0.6236687979909666
369,370,34,0.00040704287267972713,0.0015461109835498675,0.006158899598042755,0.005780163583503451,1.2954505709383417,6.127861003244788,0.28615735274027376,0.35646010992436633,0.9272016444626976,1.218431020115958
370,371,34,0.0001929620138980681,0.00032073442180387176,0.006911598481511807,0.006412025005324362,0.5046184368376785,0.9441360513850163,0.3504036995856201,0.311701585515868,1.0873451031306212,1.00695597831198
371,372,34,0.00016995655331651077,0.00018922663723729022,0.006477653247523396,0.0031613932655843668,0.15324065302882126,0.2125260048392503,0.18913069060620138,0.101551765647552,0.6025134925456608,0.326257105325338
372,373,34,0.0003649990778071429,0.0004367081753138479,0.00679062630447066,0.004345823317551912,0.13414468808674856,0.1732179638246659,0.12905605115434704,0.08924081941748478,0.49295294854570837,0.3436598016101156
373,374,34,0.000449750935411644,0.0006890314903772656,0.008351445266538682,0.004940670675376062,0.13420995713129422,0.206488089618476,0.14414000741260893,0.08172125398619184,0.5503879391095218,0.30525827617924334
374,375,34,0.0004933959847970554,0.0004980060341594947,0.01005808639970115,0.005247517089099172,0.1315386630320812,0.1314556881137516,0.16610931605100632,0.08502445646089266,0.596273726400207,0.30884949847571713
375,376,34,0.0003816592379735084,0.0003566085789166654,0.00877764607396196,0.004144117432038379,0.18929721905356822,0.17711873721816573,0.19388707069789662,0.09622785275882088,0.5894150137901306,0.2817435946874139
376,377,34,0.00031382687457688223,0.0005036930846645929,0.008311820281532538,0.006807142630936449,0.24782707191565456,0.45800619264768977,0.23561256784288323,0.21699200841307176,0.7821435788098503,0.793639031315962
377,378,34,0.0004278774103889137,0.000480151549966349,0.007771296176703318,0.004768633168088675,0.18162896162282458,0.17401662497515066,0.17193512344623313,0.09993272922553918,0.5875264296636862,0.3581361133159565
378,379,34,0.0008284932604082689,0.000955893284710352,0.012492169694536748,0.008777525546387844,0.31931971124482944,0.3398072343288131,0.249612338402692,0.15956771364190073,0.6806877117384883,0.4523381356017072
379,380,34,0.0014184740315185457,0.0029025041104459117,0.013589216670130981,0.010042110344399311,0.6669873731923016,1.5440919810685876,0.28954001779065414,0.2285991064994815,0.859151158700971,0.7404111115067713
380,381,34,0.0004327169766945778,0.0006690860326812243,0.010619556093040635,0.006662600674027915,0.21675467688371153,0.4225988983901953,0.22695780808434768,0.16527854527587388,0.7190510069622713,0.5130539142584529
381,382,34,0.0010780476221792495,0.0009777952207740707,0.01236781443003565,0.00779922568181148,0.3396236081059803,0.30188702130423656,0.22084163348464406,0.12956667035312117,0.6074778214097023,0.3915669625989739
382,383,34,0.00035808058387106834,0.0006241945687892146,0.009582214468323132,0.005050516375872703,0.3475688172175604,0.5519061378666439,0.3100196368554059,0.16783278939152274,0.9452429019352969,0.5608911052926391
383,384,34,0.0010873222259386453,0.0013665052634278792,0.009948770878562593,0.007410273060415047,0.3576006652010084,0.8693152385649824,0.16217269606011755,0.14451448152846302,0.6048280219821369,0.5535906519635453
384,385,34,0.00041181481045735865,0.0009023643126086666,0.00867681048454388,0.007137719229070348,0.23722733617486322,0.37889769244025967,0.23226089030504227,0.1469929442289537,0.7262526338591295,0.4904081922257191
385,386,34,0.00024987426775838044,0.0004110125031875216,0.006239494877209996,0.0035357148313759834,0.22617259479182608,0.3912531733411979,0.18737775372231708,0.1076304139382554,0.6157771015868467,0.3642517201332504
386,387,34,0.0012957633925639932,0.0022293442813394516,0.014229735640315887,0.013373353699418165,0.2726231593611267,0.4847119176981511,0.20527016152353847,0.2043712196845202,0.7919190635575968,0.8006938232413794
387,388,34,0.00022756484504531514,0.00040304257063896094,0.006880933176623383,0.005577345067087032,0.24326664030634085,0.39765259357687965,0.22879252675920725,0.17395377030949372,0.8025292655562654,0.6385141546666262
388,389,34,0.00043597723364494897,0.000624366087448677,0.006074954851475709,0.0047711456832963345,0.287241577550851,0.408024072865284,0.16288030300946796,0.11837038536748787,0.5788825932232773,0.42233716317002595
389,390,34,0.001876632688971072,0.0017181694459499812,0.02372036238803583,0.012527009018291999,0.32410880879444237,0.27090009711440083,0.3118914341663613,0.15285452113977327,0.856117423842935,0.44096986797087506
390,391,34,0.0026072384597522185,0.002215719101845717,0.02407600367030896,0.013397393041865433,0.4840938559158103,0.35015835215027674,0.3410911102067022,0.17538763854119238,0.9712152849225437,0.4797311358205663
391,392,34,0.00010889933376828969,0.0001500651362577988,0.005254178109359653,0.0028869239980515173,0.12909149014226654,0.1719907167244801,0.18333965649499612,0.10372994146039283,0.6653634647236151,0.38183338821982543
392,393,34,0.000940377149537894,0.0009467203868801828,0.009726825611912371,0.00582499048634221,0.23898004231673173,0.23829145918890984,0.15579135266735272,0.08660552075437399,0.5999244232388103,0.3440995414564497
393,394,34,0.0009484176699676455,0.0009348162601607431,0.011629605542539674,0.006392592619009023,0.21959087605286828,0.22269926068889295,0.17897161019637303,0.10587797120852079,0.6967560940367334,0.44297723365789415
394,395,34,0.0007588029379803629,0.0009321906347709626,0.01009794689632733,0.006071901535443374,0.1364345157669638,0.1526109235738418,0.13832173047258572,0.07996528709002061,0.5428359845981878,0.3160866985863407
395,396,34,0.00020924484742328574,0.0002682775020442338,0.006819316391449641,0.004321429258734055,0.34243297576904297,0.46250046133799505,0.2713073275106795,0.17239186589459982,0.8216605230289347,0.5161162108077586
396,397,34,0.0029853684458537506,0.002795998975981575,0.024490874041529262,0.014082093181014435,0.37596096769523096,0.395780921334017,0.2712054963716689,0.16561110550538635,0.8391154710860813,0.5020808118525486
397,398,34,0.0005846307177869355,0.0008676795655779447,0.00927539193071425,0.006168443091110495,0.15836182005552793,0.2518853743771056,0.15199773451861212,0.10413154913628624,0.5537979620344499,0.4042363470254863
398,399,34,0.0011622595560338061,0.0010252961157268259,0.016087078653714237,0.007662535608211937,0.25702148949836984,0.20619059049266955,0.24264773989424987,0.10671284369168782,0.7107501178979874,0.3087981940391131
399,400,34,0.0010460931119349185,0.002004940812669562,0.010785541565650526,0.008336561140324134,0.6620438559364308,1.0410324199845165,0.3005123436450958,0.20748735265249824,1.0518300686688984,0.7421974180216203
400,401,34,0.000967230118048439,0.0008096231345080792,0.014108463676701136,0.007889377929691192,0.26124479169683423,0.22926795602631372,0.23213924051207654,0.1372604120303235,0.6647704099031055,0.4096616523253265
401,402,34,0.001926632842161566,0.0019520923990064838,0.01781744057285216,0.010846130048370102,0.2673968426636694,0.28101423778929724,0.20794400879565408,0.13087970634720295,0.6053781689089888,0.38323613986053234
402,403,34,0.001219517437996675,0.001326430629701775,0.012476241736508468,0.007998929537178765,0.25896287903956633,0.3042860239076476,0.18157608779695103,0.12105825665657355,0.6954300822142292,0.4781268340428412
403,404,34,0.0007149237773560077,0.0012811905538546245,0.010097966769107562,0.006944139621895829,0.18728690575945245,0.33950418345062366,0.16307395302197514,0.11456110913421853,0.5968342651339138,0.44418810530676134
404,405,34,0.00012772297129552446,0.0002462565347094232,0.004191201991702923,0.0029872285436259483,0.1581586632220184,0.2709153818324316,0.16012750960448208,0.11513882372666656,0.5615151638493818,0.4253195576207575
405,406,34,0.009872469359406215,0.004194217079566637,0.05272014033706749,0.014827984470550844,0.42279416487059174,0.19842626098363692,0.34397174155010896,0.1035115789234843,1.105468518593732,0.33434024213643193
406,407,34,0.00023735858901411977,0.00031017504564378215,0.005005612575640792,0.0031606874364412826,0.3438368290388847,0.4565049632627352,0.19013606340569608,0.10937246009790026,0.6282442545189577,0.38142046047042266
407,408,34,0.00017380096170092977,0.00023265335568214472,0.006436775595990612,0.00473322956820473,0.26280193929286566,0.34902740426772394,0.25154121548813935,0.17923422505998582,0.7756375056855819,0.5708018355512593
408,409,34,0.00022659129963893278,0.00036300244254637603,0.00703990286188748,0.004225130266897781,0.09173856481142781,0.13994055364571176,0.14385030878817334,0.08428311778454246,0.5284908760119887,0.3132340116826011
409,410,34,0.00024980385799554987,0.000293015552252339,0.006753444692174739,0.0035072265906177912,0.1493570071316379,0.17598116975569356,0.16698912027127602,0.08255175150713592,0.5448352050255326,0.27781606051699254
410,411,34,6.672299456808746e-05,0.00012007045067172946,0.003982441725811976,0.0024249788750822705,0.08722656781730406,0.15630058025257362,0.14419193609672434,0.08830127592259605,0.4968366066322607,0.30770497767886196
411,412,34,0.0015133812352467108,0.002147876859331413,0.015632623738116202,0.010093545991360265,0.2973871333250666,0.3407874993320987,0.22597767522229867,0.1313894587989232,0.7328762981821509,0.42122473257425097
412,413,34,0.0020793289876136815,0.0025602214037086426,0.016956520444877884,0.011179465717544588,0.23204904425245546,0.5032899589356057,0.1611989952952546,0.14486501504694577,0.6206612830214641,0.609248690514329
413,414,34,0.00010701379551392165,0.0003161103797283598,0.0046499358585980885,0.003628406962901043,0.1834457443534013,0.5538588426723854,0.1921564914724406,0.15170983665294957,0.6851140137980966,0.5561828394978274
414,415,34,6.397367258828394e-05,0.00011358150866595016,0.004357161140754162,0.0026539383902258093,0.10763457644840374,0.18098753607978965,0.1819466729374493,0.10550801338982388,0.6278057926717926,0.36770333982368314
415,416,34,0.0005054780674660887,0.0009477064998257517,0.009806537007748643,0.006381493397964163,0.20818687819273157,0.3458702136725272,0.1993103259626557,0.1341778693883365,0.701609446283649,0.4764675191774182
416,417,34,0.00011629542634369393,0.000162137099651143,0.004748389344005024,0.003278691713276135,0.2910353420302272,0.4150036911590041,0.23680833990083022,0.16527564898291183,0.7923962701769436,0.5104726884355459
417,418,34,0.0012897797308355889,0.002067835390025773,0.013448549331823254,0.011328915528508598,0.21630995171076126,0.3014077575966399,0.18423343252609758,0.15414296333723299,0.8123052150887602,0.7029743577546557
418,419,34,0.0002413462399785845,0.00041790500514876926,0.008449021973373258,0.006049351545555598,0.11038981087724953,0.17961675662671037,0.18503405088010957,0.12469091326079104,0.6609690014053794,0.4698589310235171
419,420,34,0.0007024663668476826,0.0012403075409916637,0.010290467283031082,0.007485555526136078,0.1658239857197794,0.29658971734728296,0.15939603209057274,0.11633700481989903,0.5921105330481249,0.45376782681850253
420,421,34,0.0008668126252707546,0.001006049311232558,0.01069885031457114,0.006921022131491094,0.38435122678878114,0.4833977604565879,0.22669893415535197,0.143861111865246,0.7746298348202425,0.4954531757959683
421,422,34,0.0002654489838224596,0.00031274336943417464,0.0076058500597034305,0.004422795628524195,0.18479630542809472,0.2890726154851179,0.18730008821277058,0.11777608579602404,0.6029982654487386,0.44081970015173766
422,423,34,0.0005999189632829631,0.001115780245502306,0.007976101851775585,0.00684580379136977,0.5496931727701688,1.4602617846682864,0.23623606957056942,0.20536655864803116,0.848542242365725,0.7339525783017605
423,424,34,0.0005111690901391258,0.0005574548831840766,0.007921715862775111,0.004787858206565685,0.18506723999127964,0.19789157843309196,0.15157439077601714,0.09164814530875308,0.5645459373207653,0.33592149444899816
424,425,34,0.00038330573745363783,0.0006697976212438729,0.0080670527257847,0.008990326837787034,0.3077621173305327,0.4561040140452454,0.23791554274366183,0.23089073371535662,0.8022471026462668,0.8286367944747722
425,426,34,0.0003456829915247748,0.0006969700773292777,0.006041238666512072,0.00471731621209173,0.54637801523923,1.2420242920262525,0.21981588597683346,0.1945546534412202,0.6857611032969811,0.6329725872354316
426,427,34,0.0007724657957356505,0.0009986488666136896,0.014203821678700693,0.007666273243057007,0.18730576585649567,0.2875103032534272,0.21755139748839772,0.12750163850461527,0.7094103439765818,0.4613980869803383
427,428,34,0.00030058473573583744,0.0004451794149131047,0.007210672292036607,0.004647576377339992,0.184693221030209,0.2217375233853284,0.19226520705749006,0.11495413088965901,0.6047803628094056,0.38742987569160114
428,429,34,0.0005388123918237397,0.0009073220893711572,0.01173274512128795,0.007029195871877873,0.180859206326525,0.260078841648946,0.21833346630720532,0.12562318363598693,0.7021784379201776,0.42631074847556755
429,430,34,0.0018969488419516517,0.0023077641594237723,0.015209592365221503,0.01184454531752337,0.3206811248759657,0.46790550662432023,0.19365441530723781,0.16328900251534625,0.7582084422602373,0.6331680500498217
430,431,34,0.0006417597499367891,0.0007022415475782082,0.010351704481496093,0.005850502106068768,0.2717364948818131,0.3442369369791525,0.20559482090175152,0.12671941848289492,0.6584443581454894,0.40921355381689384
431,432,34,0.0003364276045056827,0.0006428489697675344,0.007504452786901418,0.005797162190791693,0.17642507373410113,0.35832577914898106,0.16735204155830777,0.12241424026953833,0.5458620098583838,0.42198906218147725
432,433,34,0.0018048707667784423,0.002506325769187639,0.018503195003551597,0.011500548850540382,0.32098273083786755,0.33209819857497924,0.2638775500304559,0.14194825686261694,0.7231232239043012,0.4070130336354281
433,434,34,0.0003820344909399864,0.00071352420888257,0.007634109625702395,0.004918075857258861,0.2334452814915601,0.4009739653164483,0.19181123704594724,0.12223733324240649,0.5855755845413488,0.3986948467328667
434,435,34,0.0007956730015420736,0.0011949653800989231,0.010500649301855661,0.0073979208513719474,0.2527427170151735,0.2902941249147086,0.20875024028560696,0.13218777239939197,0.5986584985957426,0.39144013263017496
435,436,34,0.00039184866488994885,0.00043956322181556274,0.007556353630635011,0.00451060689908254,0.16496851226068376,0.17438901678866403,0.1587723475497435,0.08791791916756579,0.5251859763965887,0.3045414381232351
436,437,34,0.0008807302879979354,0.0009896417130801488,0.012799170012037982,0.007491308156103777,0.27950933303081377,0.2884378972394779,0.2368654415887945,0.1378238794652059,0.6456752783235382,0.3975810566100559
437,438,34,8.301411444603325e-05,0.00012293883250567885,0.004412334179505706,0.0029793356812898796,0.13446034504758084,0.222391830984892,0.1740326776224024,0.1282182488636682,0.6340730041265488,0.49817668485711164
438,439,34,0.0003031793194636253,0.00042124427897943144,0.008655486751676482,0.006342399889560441,0.35169420936418805,0.48011459478625984,0.30797143740689054,0.21925704844097377,0.9861072608653236,0.7288718119893786
439,440,34,0.00012299211657056518,0.0004143242206706536,0.004639014892745763,0.005662227339488629,0.12312598610022928,0.40471915497284944,0.15019527559771256,0.1759414288833748,0.5876320070203613,0.6896426137709111
440,441,34,7.234126721467713e-05,0.00015997074018371415,0.003589302979354911,0.0023928221857197215,0.1310987219296615,0.29652736091134113,0.15151440943865216,0.10371853232175714,0.5425700611051392,0.38408621882008825
441,442,34,0.0003232450170370986,0.000460395052529162,0.007315877099137972,0.005043088312258072,0.13219298579154865,0.1789591519011871,0.14607428529245012,0.10796652082652687,0.5402722753146115,0.3840288749554392
442,443,34,0.0008488935995153631,0.0008059592201400395,0.01398866027867531,0.006953658237596856,0.22957086973987959,0.2081587194146952,0.23103023035561338,0.11537300573263844,0.7015553055440679,0.3500765925767597
443,444,34,0.00020058637113941265,0.0003504543688645616,0.005231050723095369,0.00339891323303822,0.13280534184099557,0.2046806080704364,0.1404035267803599,0.08563935666552736,0.5362314261934337,0.339770179080063
444,445,34,0.001578444481257226,0.002221427895895142,0.02041229770710582,0.01400524254184238,0.27538021234453053,0.38804480874577624,0.26783202588558197,0.1844200968362161,0.8819536174483159,0.6625448747325543
445,446,34,0.0008678571544431394,0.0009663803704047097,0.015503064325243673,0.007668379967305431,0.22930644837427228,0.22419842373095475,0.2604288523468901,0.13748298081258,0.7685175568741911,0.4898345840322676
446,447,34,0.0006161010420756237,0.001030773382194619,0.00995336494216805,0.007402194270000266,0.18723175624686786,0.24219867251379595,0.20226839469636188,0.11326337804158432,0.6711681187152863,0.3868211008965031
447,448,34,0.0010925144388773548,0.001203413749813365,0.016597078798119638,0.009075407776628025,0.18442851907628424,0.16906510633382332,0.22225132628398783,0.12254407265183664,0.7531404613572008,0.3942870159618318
448,449,34,0.0016194354567928445,0.0038604723305054396,0.013427894740529796,0.012851323316809849,1.3071538336465465,3.5256778008388365,0.36264367686475024,0.38970597898061254,1.1237974613904953,1.3481891777947885
449,450,34,0.00010293510534692734,0.00017173701332323475,0.005323113825665239,0.002840369758817066,0.11488636374911841,0.19251335759869492,0.1760378799894277,0.09748482815199115,0.6189108464647742,0.34210388702335015
450,451,34,0.00014267026121802593,0.00021448987189668639,0.005491752143237083,0.0039379308387126645,0.2058727562920574,0.2992752359453056,0.20537753315532908,0.14073210548487886,0.6260440367109635,0.47170679562770784
451,452,34,0.0003282076907132304,0.0007527355889392783,0.007529494633405086,0.006940976009096186,0.13383592183783868,0.3195809586207764,0.1528786284958615,0.13286681942692102,0.5426846282447085,0.47188319338702717
452,453,34,0.00019679821918864893,0.0004173554084777485,0.005542198603507131,0.004248631268724994,0.1512558829751523,0.258751623207476,0.16363581423373783,0.10412695925815828,0.5626878970686127,0.387343849267351
453,454,34,0.00023380573483176276,0.00026395798900884546,0.007517348995487041,0.004577611441578643,0.180270772851894,0.19356826976178254,0.21154540284153292,0.13893465924570356,0.7239615443874808,0.4624537177658751
454,455,34,0.000329681151871388,0.0004810863038366295,0.008421831065788865,0.004049864990283441,0.1080159666838453,0.14239896797300192,0.15269088043886073,0.0758246959249723,0.5728350816404119,0.2916392876637998
455,456,34,0.000449151872223464,0.00046192144119074535,0.008453881244777757,0.004945254044332375,0.17285419176058733,0.15647471667957555,0.16879000821534326,0.08821526223253466,0.6209511261652497,0.33499632104866295
456,457,34,0.0005523898015620516,0.0017182702368688182,0.010172762168461786,0.011199241526057552,0.1473226297427626,0.26787429245244987,0.2062940917470876,0.13368203559908695,0.6663359219537062,0.5141810507930428
457,458,34,0.0005052595988672692,0.0010201893683055166,0.009228647255119593,0.0061048066829073565,0.21284389052101793,0.36619255083013824,0.19234883160713842,0.137243743039023,0.6702061409459394,0.492724206032426
458,459,34,0.0008520552814041046,0.0006924803749505218,0.013118971769204912,0.005528336809412622,0.1813004084807985,0.12661814445057146,0.19260337181827603,0.07581936815050128,0.7040681207881254,0.2737909632392158
459,460,34,0.0015469246877460939,0.0018013958432664704,0.014567965415635091,0.00817261125547719,0.4692032965009703,0.6056399816188938,0.25617045974906755,0.13699356958516273,0.7410816909635768,0.3616259400556503
460,461,34,0.0005240429721144371,0.0005615074006996995,0.010218839928069535,0.005382995464638631,0.1355603996609502,0.15586617109089812,0.16084083279266076,0.09058733094342551,0.5334658557001282,0.3091697389447494
461,462,34,9.143592418200463e-05,0.00011616157611508839,0.004050558117930503,0.0025199039862902673,0.21447238788994796,0.26233719299754943,0.2016888786764706,0.12606270840044748,0.5637131539337775,0.3815001109830678
462,463,34,0.0005234253744674788,0.000787617237516804,0.009327845435644336,0.006747993623548576,0.24449003641904496,0.6126377243509455,0.18602354013744524,0.17915421116940097,0.6241118360091659,0.7002443593566156
463,464,34,0.000436803789665753,0.0006436674167092485,0.007921204573529609,0.004811426710819873,0.23417806999264834,0.3108463649110906,0.18543108947136822,0.11364201124924932,0.551070489865892,0.36286128543725815
464,465,34,0.00027817025928764935,0.0005465343116262055,0.006498707006411517,0.005608972728943811,0.17008368521654868,0.27029329560985477,0.1684180792859372,0.12095348891691428,0.5158931398216415,0.43722615941919185
465,466,34,0.0007560523691234481,0.00068606451868448,0.013504746767199215,0.006978500353206789,0.2144581711412791,0.19303965854458213,0.2283733193488682,0.11649943274765864,0.6699902809718076,0.3752677973387985
466,467,34,0.0009163803758971934,0.0008742063349371849,0.012423247619367698,0.006943145906817642,0.2780340742182863,0.2572806266730955,0.22004505696103854,0.12594330386215255,0.7313950302846292,0.4667496316170162
467,468,34,0.0004744947175234248,0.0005830989463708596,0.010046181597692124,0.005379702610413247,0.18180349584230604,0.22694308348356718,0.19630136209375718,0.10598026252864776,0.6820257849553052,0.3988340249097222
468,469,34,0.0013247575703537544,0.0014808904599700546,0.015028469127548091,0.008795997359625881,0.4254459151998162,0.3939927954120988,0.2784974132390583,0.1528723833052195,0.861631939516348,0.4778770507575776
469,470,34,0.0019094492057346918,0.002039776654724348,0.017164644353803906,0.009535045932980732,0.2082487329333911,0.23314720560096405,0.1779727353988325,0.102967798966737,0.686099773601574,0.41838443106086365
470,471,34,0.0005240892421491427,0.0011661783537476515,0.009530009345754105,0.005743622356667977,0.2193595304236035,0.4218317855164553,0.20223419412094004,0.11254666373865495,0.6269063151934567,0.33041868108440936
471,472,34,6.74908914441082e-05,0.00011761717325500084,0.004668444234138245,0.003164815302952122,0.1335787144215668,0.26013178749295596,0.20310657909687826,0.1338737115444139,0.6367550650063682,0.4535679140418237
472,473,34,0.0011619641304337967,0.0009615614317026336,0.01668612489148098,0.007620424795247039,0.17184321275528738,0.1428103655732832,0.20257920421221676,0.09254703579878308,0.6962614944752525,0.31448945960524843
473,474,34,0.00018659389115782687,0.00018859137317274287,0.006622662130907616,0.003426027413676698,0.16960556229905172,0.1613232544436719,0.20255125204429908,0.09791332077944719,0.6270535307772019,0.31792196158008457
474,475,34,0.00329187040348616,0.002580505879612002,0.031037266311400077,0.014574590904757476,0.4406481637783787,0.34687014835862023,0.3594034081872772,0.16686396733167838,1.0592848579673206,0.4744676845428956
475,476,34,0.001554518983057813,0.004581991726739906,0.012855446972774671,0.01315880579109819,0.730159489903599,1.90212881134059,0.285991339779952,0.28056313736111177,0.8742813595077571,0.8261426545137304
476,477,34,0.0016776507013941335,0.001799804373214556,0.017644333283362144,0.008617503519813687,0.5019803548998693,0.5069893092245208,0.30871714761151986,0.14086276633814618,0.879840621176888,0.4384204335613194
477,478,34,0.0012157530665503787,0.001210603090387274,0.018917765605318194,0.008439677621599268,0.200000390629558,0.19491725510355867,0.24363929734510534,0.1057385233679794,0.7147249430418015,0.3096247232808522
478,479,34,0.0003621963385418948,0.0006069384349259005,0.00922177470398738,0.0060238723613943584,0.14287513316444614,0.24841593150029004,0.18326246650779948,0.1217974446121607,0.6310368837679133,0.47031801216861624
479,480,34,0.00037919851927333237,0.0005974301505531975,0.007134806330534904,0.0056673425396616545,0.23783153599566398,0.3087850511621842,0.1965996951741331,0.13724869606351128,0.6367766690604827,0.4843046259682952
480,481,34,0.000231224447281206,0.00031304378430530234,0.007198969655505875,0.006090522632860128,0.30170270712936625,0.4714824881162123,0.2608994221424355,0.22991344121835547,0.8323784777346779,0.7144576893447772
481,482,34,3.2653705642694735e-05,7.662693594163953e-05,0.002937789646881249,0.002273028266806211,0.09230910449781839,0.1968309488244218,0.1632548500509823,0.12241224088127729,0.5947344750165939,0.48124522139108716
482,483,34,0.0004628029367482026,0.0006992861758798292,0.010007583714254639,0.008004571390718907,0.1163156938547378,0.18733740529391738,0.15945187999921687,0.13001338585113464,0.6039922000730739,0.4919173162425538
483,484,34,0.00016713255255287068,0.00018051719958916452,0.006753160851076245,0.0033496093855646214,0.17429801542311907,0.18958568182000685,0.21662440172889652,0.11267887641155175,0.7409944394055534,0.38329854995152474
484,485,34,0.00015380831692870262,0.00017133446597782957,0.005521937081699862,0.003075578760815291,0.18569515185321078,0.18982285441188282,0.19457056800670483,0.10192034047679017,0.6352909671909669,0.33542222899423085
485,486,34,8.616448941639272e-05,9.106638964011543e-05,0.004989563412142589,0.00342919085158815,0.2889479256563765,0.3223202388640277,0.28604355322964053,0.2059191977137797,0.8458966783740941,0.5681473878834075
486,487,34,7.389153867787921e-05,0.00011782158619731538,0.0043668535003876865,0.0024923156651039022,0.10040421972927802,0.1613554550069938,0.16115094830884652,0.09171746625229228,0.5331755762591082,0.30465762790582074
487,488,34,6.118424978333624e-05,0.00010011241476177287,0.003753571058897411,0.0021649099285220136,0.09424137634992161,0.14603418483774727,0.14810258818461614,0.08706936402714835,0.5458658679443247,0.3058897274628472
488,489,34,0.0005824890497345169,0.0005467707748723875,0.011417764745762242,0.005941138253366804,0.16348508226356523,0.15035903446833737,0.19163049264427492,0.10018076813097003,0.5878552123904228,0.3061319897667672
489,490,34,0.0007172565747168846,0.0008902016972607589,0.014533915913061184,0.007292777197618279,0.34876957272782044,0.37629583909329617,0.3272125782335506,0.15934493502015534,0.9502913171754164,0.5001551480486436
490,491,34,0.00016455124083382972,0.0002554325875914355,0.0053354097180999815,0.0035022649088159133,0.17358009006335018,0.2532665714296744,0.17720343786127427,0.10728948060294081,0.5907170575331239,0.3412789077649215
491,492,34,7.128309245859676e-05,9.543611353277018e-05,0.004349920056376825,0.0034606117747771905,0.2857092981610228,0.3514186112596294,0.28814032958710895,0.19756253673860216,0.9339638177086326,0.6408762413456748
492,493,34,0.0007751886691414042,0.002592049589335669,0.00857668770614135,0.007687348958102383,0.3991703794283025,1.1747698957720722,0.20604825458105872,0.16611588602971517,0.6244983059518477,0.4668818872438189
493,494,34,0.000855744340643629,0.0008293088571588168,0.012861807782696012,0.007012727585333209,0.17639596000149407,0.1680030661809496,0.18372468792778604,0.09898552687563121,0.5633300030056168,0.2995683476512477
494,495,34,9.789673956273713e-05,0.0001098922976232288,0.005433336995980319,0.003661347979986154,0.2734236040371744,0.320546885563511,0.28300580163212385,0.18919236307298928,0.8938512284966076,0.5120616132815917
495,496,34,5.376052628408241e-05,0.00010959445634627756,0.0036357884151477587,0.0030642482492994386,0.11121236500056352,0.1720685414406392,0.17556309962973876,0.1162581936806924,0.6288610319880878,0.39434326426866334
496,497,34,0.0007285200420429807,0.0011570143783846995,0.011934544329586275,0.007048164616172757,0.18660063189728296,0.27058900758535104,0.19428515083649578,0.11517858863197088,0.716679672984516,0.46074610508116065
497,498,34,0.00011269569900458223,0.00021957643854446767,0.004594404199023676,0.0025890676320550815,0.14507700298803256,0.26380001577922935,0.16906936685828602,0.09449332388506049,0.5944989871452836,0.33136241890795537
498,499,34,0.0001714435169400103,0.00034959947246914245,0.005829815588453237,0.003112637411978109,0.13425730081165538,0.2550262725315024,0.16505833539892645,0.09062623804422974,0.5756053021725487,0.30042729823885533
499,500,34,0.0007113456220341665,0.0013755383495133628,0.010981971291852567,0.009513938776508019,0.819282932097421,2.289164952514786,0.36440466607318206,0.3542205316673501,1.3341955104294945,1.5628977607628964
500,501,34,7.922812180287805e-05,9.733734526959871e-05,0.0044473256438162505,0.003193271601806298,0.1386882504242856,0.17317828616284123,0.19900959878064253,0.13506109203490116,0.6110555312651045,0.4332221144559685
501,502,34,0.0002233160848310731,0.00033884374892072494,0.0082145888111828,0.0043595250138755886,0.11342615998514435,0.17131921123422267,0.18616614819449537,0.09536114016641141,0.6577905942411983,0.3536150967843169
502,503,34,0.0008132959412839281,0.0009297458076849512,0.009544791955062571,0.005978834539519421,0.6709653025575202,0.8408608059354723,0.2710480443475878,0.17395088796647426,0.8265017665484372,0.5244447538246053
503,504,34,6.106181396770647e-05,9.489700594684562e-05,0.0038596202365999274,0.0023524845828907237,0.19580832331934395,0.2956941419983546,0.2226021230659064,0.1460774604094843,0.6817383669755038,0.437987137829604
504,505,34,0.0004967073446631035,0.0009235992071262771,0.007431462105801877,0.0062829376077827145,0.5649088356534347,1.3098777343171812,0.2632612856652807,0.19143109521896848,0.8514328598976135,0.6144029488014326
505,506,34,6.787374143320503e-05,0.00012224005133863494,0.003481670847737833,0.0019718089335492455,0.16996878002058058,0.3467300052105031,0.17301153676474795,0.10295790537878373,0.5776547912289115,0.37559005054789674
506,507,34,5.161264501192123e-05,0.0001359719333731027,0.0032379867796621777,0.001974976770810093,0.2099317697917714,0.42049382251534007,0.2171238737509531,0.15816127925594964,0.7075341221164254,0.5188722002624873
507,508,34,0.0012531562922102988,0.0017573917133884866,0.013942396021721995,0.011260303246702283,0.5385197750566637,1.2170496671378281,0.2636515195755398,0.2314524951591629,1.0303834317361606,0.8687580303315868
508,509,34,0.0001449251607321939,0.0003030592282712337,0.005063621025970753,0.0037772190343715985,0.2503838300403646,0.47649284121639235,0.21911305868450334,0.15876037068222917,0.752488453160314,0.5525985440782879
509,510,34,0.0001402980610407667,0.0001992058300447789,0.0060097792653216265,0.005951680922008147,0.3131494850180495,0.5053447394174191,0.2878531478893231,0.30133261743226103,1.03680265804424,1.1105798853127227
510,511,34,0.00018699238259668003,0.0003952833784412339,0.00578827182899284,0.004070954517239403,0.2720607880174237,0.5118852351969362,0.2266164866878706,0.15517288876281726,0.7717066705226898,0.5227281121816908
511,512,34,0.00030737199644778124,0.0007974013754680243,0.006098124955315143,0.005557898470884404,1.1084776816013104,3.3746699991499605,0.32899827904560985,0.29505219854742326,1.0741201542756136,0.9260382973055976
512,513,34,0.0005995833933358132,0.0007034784965105983,0.009453858961077297,0.005817930890804073,0.11914841770125992,0.13498179887884726,0.1343982994885129,0.07804725496853636,0.47818316037164016,0.279835649512742
513,514,34,0.0011190688845237459,0.001151594225611838,0.01036912391838782,0.006494738204898698,0.3021676101386273,0.3097656492106143,0.17080232139457674,0.10607056694129119,0.5819928608834743,0.36408232200439683
514,515,34,4.343734191452848e-05,7.681282582116927e-05,0.0033073507400010436,0.0022752073193288832,0.1814264494460076,0.3291605605647334,0.21504484117031097,0.15246844126928796,0.7521402967326781,0.5433324058050807
515,516,34,0.0010943072876911815,0.0010760601873167316,0.01620092277195962,0.009481256991250455,0.5537011294680483,1.2827414053819708,0.3278577546862995,0.24942321277551602,1.1274651639601763,1.2314921644576107
516,517,34,0.00201439003328286,0.0015846227085456626,0.026846055023591307,0.011497524291536564,0.48916539703221884,1.2668359937579012,0.3636902991463156,0.2981260940792944,1.1965386920115526,1.1609744280155903
517,518,34,0.0007774900606471099,0.0009869120291312293,0.010096099196851034,0.006384627877793122,0.2615979123614071,0.3291415210539326,0.19017408695071936,0.11728291946631367,0.6388645934707978,0.41572633960949856
518,519,34,0.0007871577790865558,0.0009074244911332073,0.011692257125533241,0.007751386305660734,0.21397523266975493,0.2582160601927938,0.19590098191710079,0.13142758667450488,0.6147741307230556,0.41973465422940087
519,520,34,0.00015293571981173418,0.000274710556787803,0.00474680117194486,0.0036743803187623057,0.3465351336909568,0.7628489665264001,0.24316690292428522,0.18828745152814,0.7798146837774445,0.5871913434883499
520,521,34,0.0001489397295164749,0.00025448645050061566,0.006305734743364155,0.004470818726500929,0.13652293899041765,0.2231061347669182,0.19501274648834677,0.13880007751940884,0.6767441507648019,0.5068701296399687
521,522,34,7.930110101530291e-05,8.064657000624946e-05,0.005421383323503987,0.0025130042003550456,0.1737961469711188,0.1925324143455986,0.2502710139926742,0.11916475632451234,0.7614137696869233,0.3446637774987659
522,523,34,0.0008265080372546115,0.001173885359921757,0.013056775609798291,0.00853537428402357,0.18062375743380366,0.2618172355332103,0.19290227837422314,0.12790129900127337,0.6792761166306103,0.4832119016921516
523,524,34,0.0013723811938512105,0.004638915663055523,0.005578671143773724,0.011673628567032003,19.685263177355143,79.31712798073083,0.5588837076964623,1.4331449084215033,2.2703322871204685,5.467009385817571
524,525,34,0.00027287296836006776,0.00033153338691395634,0.007072985528365654,0.00408724632297804,0.09606938592760879,0.11209942274569265,0.13426944021792972,0.07477233074713034,0.5149224453112659,0.2890966943081812
525,526,34,0.00025041978274737846,0.000446474927847843,0.005812449664945769,0.00489935394231209,0.26243650348966613,0.35662623972849555,0.20968643422512448,0.15863752945584492,0.6734480156618006,0.5291376356942528
526,527,34,0.0010624814301670139,0.0010129981283800446,0.013406962039880455,0.006894783041315832,0.27050606501014796,0.2360156260929324,0.2182256353690344,0.10855438163799269,0.7263285267878982,0.41611703917708487
527,528,34,0.0005551832726215413,0.0006192024889964584,0.00964165315278532,0.006315465870108259,0.23549496311256113,0.2562915241185996,0.20216431863167705,0.13014231938633167,0.6665224625783808,0.4408891641595195
528,529,34,0.002931509394436623,0.00266266854024344,0.024293084176914656,0.013292044673475849,0.5159858992761549,0.47779993521647807,0.3220368189846768,0.17723255733961793,0.9744563646176282,0.5291217296462994
529,530,34,0.0001432452056900836,0.00016347389788631556,0.005467811400782974,0.003168070249646908,0.29291140929083614,0.3343961591946714,0.2481219282045084,0.13959292423955685,0.7577183790066663,0.48212238909525
530,531,34,0.0009232097464144532,0.0011203955100702963,0.016126161619253895,0.008323195210522103,0.22134284236851862,0.2398521210525813,0.2554114401778754,0.11829803235020184,0.7110426995684119,0.32957653897311384
531,532,34,0.0020505860884441063,0.0019532420279206523,0.0270481555010466,0.012479644982394317,0.31973277120029225,0.2910404994106489,0.3377608358860016,0.15105444601844376,0.9888393484494266,0.43457249970122075
532,533,34,0.0008888320108139049,0.0013045194536501267,0.012412946643855642,0.00785626252172253,0.21061784176922896,0.33675871774516575,0.18669782162589185,0.124181795830959,0.6326701768180903,0.46280438013261926
533,534,34,0.0006817055604829768,0.0007495047549901235,0.010992516270455192,0.006885061462748451,0.2179607012144783,0.2409611457737986,0.19952273325008504,0.12523601532045844,0.646832353051971,0.44062630357988225
534,535,34,0.0008955247445716368,0.0016334479886450466,0.012624408255386002,0.011658850643985879,0.26206885127569823,0.4791789203945419,0.21411361808285995,0.1965302066682456,0.7310887084287756,0.6850700629670167
535,536,34,0.0003147577589221756,0.0008354742073465949,0.005352554746958262,0.0053972142269988295,0.22837603916688,0.41227392114317496,0.1876835522844511,0.12344644724999887,0.6227090700584299,0.4093460792503389
536,537,34,0.0043833163388840414,0.0030748054350942878,0.03357809488935506,0.012441736864024154,0.4964272732682088,0.3238694637460309,0.3588325635475271,0.12326011990852657,1.0321268290281296,0.3379595105473512
537,538,34,0.0009402536940315793,0.0012913143107626981,0.010119301520342775,0.007142015356454117,0.2450773770482663,0.278616115497371,0.17005599366829677,0.10406584493011738,0.5846481481019188,0.36969892082461825
538,539,34,0.0003316335169609588,0.0004247080583222688,0.007574692782808971,0.005769510811249678,0.3674069703556597,0.5252152628424909,0.25411113022881393,0.20581876399278382,0.7691446972243926,0.6775468420274121
539,540,34,0.0014938622424083673,0.002559085000985719,0.013543905423241942,0.011543785816496954,0.30308141269008904,0.44585565087245005,0.2027533353470704,0.1507072152206279,0.6696846125756993,0.48945612755938056
540,541,34,0.0011451079241904902,0.0027061652998516665,0.012461827020160854,0.011335493808134348,0.6353940353728831,1.4786205531341077,0.30928760438280944,0.2550222508914653,0.8459172555628944,0.7019492847237371
541,542,34,0.00034466485301971477,0.0005645414487192549,0.006530905075658879,0.004928855096435463,0.49776964209398583,0.854639293915637,0.24691993699354284,0.1932168621765595,0.7568568569772384,0.6716278607383144
542,543,34,0.00026243907338057934,0.00027985039375497085,0.008275328382082722,0.004132159590772535,0.19012676047928193,0.19730335667090287,0.22828633907963247,0.11042867314552907,0.6653892362818998,0.3315827854043589
543,544,34,0.002037641740624916,0.003735862429321526,0.01504199658794438,0.014098352176130582,0.38684230631984334,0.6234733176838192,0.2062487189164933,0.15420032707123907,0.746828793821966,0.5343920571054319
544,545,34,0.0002535264029842545,0.0004576685818603678,0.006745111714254189,0.006152254978585614,0.31556647603728755,0.6305920309122393,0.25229000716524963,0.26668162247700644,0.9373747596845907,0.9281559759804241
545,546,34,0.00040377049235223024,0.00037981699441675364,0.008487389655783772,0.0038718121596617674,0.23290363677284298,0.2396368719433966,0.20549342211555033,0.09234080904365145,0.6453581022865632,0.2986859986758499
546,547,34,0.0006860353826007614,0.0008150069796913309,0.011735871009638204,0.007921625404119125,0.17937451025799794,0.19980497098357725,0.1921161436201895,0.12645818176071635,0.5805069440427948,0.36493769145062716
547,548,34,0.0001530236134198383,0.0005078159477706844,0.00432438520468114,0.0030216968310206086,0.34622112135676775,1.0689250529547205,0.21476817284436786,0.14292976380184133,0.772094339132309,0.5259006682983884
548,549,34,0.0004668691560575954,0.0005318780264838556,0.008828870582339518,0.004450153235199929,0.10044932519496583,0.09553842442644223,0.12982939873986385,0.06051661686360547,0.4647986652219997,0.21789828504542366
549,550,34,0.0002239260692450069,0.0005392806686840991,0.0068377646795638345,0.006656814346460125,0.1542828065370593,0.23428362952859233,0.19020720111096606,0.1403124710264321,0.646626282702474,0.4809448887172229
550,551,34,0.00018760737904197894,0.00028015398324066087,0.005226867293993778,0.003337063949307623,0.7734415655791321,1.559974417916951,0.3203991969280383,0.2138300417726293,0.9948118153740378,0.6365636694477591
551,552,34,0.0014225188843364081,0.0023358555800907944,0.012081262806211324,0.007563869263139154,0.2999812841744107,0.5602768255684623,0.16883285880527077,0.11815442520219786,0.625770208590171,0.3922003732035582
552,553,34,0.0005976009173644022,0.001571491137518529,0.008183460987364763,0.007303073098804051,0.39324639484231527,0.8421363764210593,0.22816231298972578,0.17509910700158576,0.6745147016995093,0.5224405072064577
553,554,34,0.0006072169480563282,0.0011125860030834238,0.008517838980290382,0.006076682143678072,0.3062416493673535,0.4818986057186088,0.1982443341437508,0.1469030797297336,0.6099527333589161,0.4533533347390854
554,555,34,0.00029050640790561537,0.0004246701218123468,0.006799478113808779,0.006200275474627616,0.11940442823448821,0.16676401848749142,0.15329511830692782,0.1014120134368426,0.47480714825146336,0.34670345595531193
555,556,34,9.504724480661132e-05,0.00024125037851782563,0.004111515094443937,0.0024180470467645163,0.13037187200697029,0.26923961087425097,0.15976398723090396,0.09044680888956254,0.5788210209678201,0.3225788374327007
556,557,34,0.0003487292776619998,0.00034789260968515635,0.00818470400853959,0.004911967964743864,0.23113072675871937,0.24437835882228295,0.2082683130660478,0.1270797572846687,0.6313252865391619,0.4312035622927767
557,558,34,0.00014475975440826218,0.00022337475135029367,0.0057761254309512235,0.003553851368032492,0.12710985601605737,0.17825795743202744,0.1759387668879593,0.10281029458494448,0.5591186569894061,0.3261933834093627
558,559,34,0.0006734791666745235,0.001003771117513878,0.011250651181292008,0.008123360060052534,0.2692013928009307,0.40250551124105216,0.22207810861222885,0.16394010953791602,0.673259560676182,0.5077695159909912
559,560,34,0.00038244089294975684,0.000954780508405599,0.007835299392942996,0.006092777215568977,0.2615650400848073,0.595081973233585,0.21138858028194485,0.15252021326242227,0.6193442265777027,0.4524986733522507
560,561,34,0.0004749275933992227,0.0005216629426233338,0.011751242735258797,0.005951199575509356,0.13880082647151806,0.15906716954972433,0.19862580912954667,0.1058841372859767,0.6283387331401601,0.31745959704749266
561,562,34,4.056786252369741e-05,5.82473183933253e-05,0.0031362328822176684,0.0018341476481752428,0.10488168999333591,0.15446974966775773,0.15940902776577892,0.09433577102580741,0.5342286882155082,0.3161767335080269
562,563,34,1.0481366597131829e-05,2.2944218454496404e-05,0.0015628085820935667,0.001239645627602512,0.06555317672353018,0.13317945253984345,0.12074025490266435,0.1027011724869292,0.44622037910363255,0.40331522718764284
563,564,34,0.00048356643315748763,0.0005901447581849739,0.00851403851993382,0.006177273571571899,0.4023212667225915,0.5172192817076133,0.256488628247205,0.1923992794303522,0.8888610697844449,0.6948548189020534
564,565,34,0.0002189228902459624,0.00022944538511481208,0.007120687500847613,0.004636549876293824,0.21467770515557597,0.2144006320485178,0.2261706367135048,0.13313289308715778,0.7011956782901988,0.44180005570888925
565,566,34,5.561083049970501e-05,8.115146782829299e-05,0.0037124477059799522,0.0022997448414818745,0.12398635675473248,0.185136412801364,0.17807235853636966,0.10931655313167607,0.5870336890220642,0.3593336924882209
566,567,34,0.0003465674016571457,0.00083271612522384,0.0051177027686636015,0.006040176031287324,0.2843948411755264,0.7010472541471368,0.20920664400738828,0.2644268550470321,0.6678082517841283,0.7816552188387271
567,568,34,0.0007497959015702637,0.0007330689695021342,0.010575935052817358,0.005518363492148093,0.22291882275192834,0.20655172262248656,0.18257699742474975,0.09685959284174706,0.5931686294429442,0.2970700987824786
568,569,34,0.0002904803823452419,0.00029425240755942675,0.006993357797481996,0.0041516815451086726,0.2510222123031888,0.26592506030421637,0.2115151475676719,0.13414150338296757,0.7300432929221321,0.4673003738538291
569,570,34,2.2334962583205625e-05,3.728173608294526e-05,0.002592229125987026,0.001896572446298405,0.10014341957182349,0.15965128265545764,0.17563974019140005,0.12541684887023546,0.6081954681259745,0.43543184442159577
570,571,34,0.0011834034026860002,0.0018976550806564818,0.013478024453541045,0.013796497480190292,0.4981205307549852,0.6011620056662972,0.3657463267445564,0.30438306528730613,1.3049755929147495,1.3209889639508103
571,572,34,0.00026972026652776333,0.00035965962155006225,0.008473530767814201,0.004852215735987343,0.08934931498130455,0.11772304885778587,0.15444327781305595,0.08849811795407099,0.570929509751937,0.32625308421631893
572,573,34,0.0012346224816878128,0.0023246471125642695,0.014240641044178867,0.010896468147352477,0.5931804995052516,1.0865120992601838,0.3166568647412693,0.2260964998326272,0.9036910227116417,0.6390871501491767
573,574,34,0.0002329183374540127,0.0002842178786752923,0.007337130407583626,0.004152915060200408,0.13506494709016645,0.16455778343074545,0.17804042052696734,0.09595117749067712,0.5439007738057304,0.29279030226054514
574,575,34,0.00020976306217669523,0.00031466322358511724,0.006733563653302982,0.004152904525355618,0.27476145568139415,0.469712021441783,0.2374290447024738,0.14792977183331701,0.903999470612582,0.5939306646492067
575,576,34,5.564041319249715e-05,6.556133224726807e-05,0.003608729875208262,0.0021103685758906863,0.12160660904448699,0.15334567964898185,0.16905713760677507,0.10404059191896854,0.5396236470516991,0.3562336647089138
576,577,34,0.00018123193234821563,0.00027615987570773245,0.0076167358236168235,0.005662802060754952,0.27772145411547494,0.4199872893364106,0.2989487494615948,0.22697256712450034,0.9833184489432503,0.7638357906337041
577,578,34,0.0013059048783094006,0.0012313078988796854,0.01712272603146951,0.008631881602841993,0.31098274874281795,0.4475958488788641,0.25341498895603065,0.1356503427203383,0.7693284495788462,0.4261827397341342
578,579,34,0.00037825220263531427,0.0007428116259594221,0.008726669728810735,0.007909021803585863,0.5530323351678603,1.3138251098966005,0.33055722242330804,0.3212821125177079,1.2036348677733366,1.1227731655643847
579,580,34,0.0017742314061893814,0.00187891074172433,0.016830163131303647,0.008680211152632018,0.3042688099393511,0.31873448277293936,0.2197160407462541,0.11152092682421723,0.6389731681522202,0.3180166893943066
580,581,34,0.00026439410246038115,0.00028465817313440994,0.006524858133429114,0.003636277183547975,0.23346801014507518,0.26983612303059523,0.19811490265762105,0.11129530587409364,0.5504843570730266,0.3477214176510164
581,582,34,0.00044039797932568677,0.0008768622521112282,0.008999699596589542,0.006691412272018526,0.23905876962988473,0.383942945850938,0.22375264226952019,0.15418272447574782,0.8214504271745682,0.5717604694421432
582,583,34,0.00020795826977144528,0.00034784315134549985,0.006743971189922269,0.005271679066646143,0.20880132141139576,0.31602363319913196,0.21977977827191353,0.1578101877046159,0.666110188645475,0.45596986347676266
583,584,34,0.0005640722976536114,0.0017893934272845103,0.009355619227897157,0.0076832044370132085,0.32940099632148356,0.9883932766203303,0.23506060067345114,0.18250172169811735,0.7231805859243169,0.5412364748230893
584,585,34,0.0003924667550617254,0.0006191158493714862,0.009154965464190087,0.005443707800224126,0.10508120500975672,0.1571116926830609,0.15379097816698692,0.0875027634032825,0.5512461329207701,0.31807920768594666
585,586,34,0.002354097835236376,0.0027986224800981133,0.01866455530227326,0.013639991237326602,0.29520848861155924,0.26637587348732406,0.22530104745836818,0.12379637656761912,0.5798236846047289,0.32256290892363926
586,587,34,9.184859508128712e-05,0.00020807053056743157,0.004054742779664914,0.0036110778782097387,0.15857423210571356,0.336956093985439,0.16919080803499503,0.15931895046954264,0.6015406255336369,0.5680350439995776
587,588,34,0.000871442434264977,0.0007482278933293007,0.01447627241449321,0.006744918031980656,0.13516686648568688,0.10875682360176377,0.1817720249733504,0.07947265893426148,0.5967145097606322,0.2638565685886831
588,589,34,0.00034138386605691803,0.0003046017652717108,0.008570755448411493,0.0044361706581539815,0.1641912560992162,0.16471135061650657,0.1849697102956912,0.10271886658171181,0.6007352024316788,0.33010314967845944
589,590,34,0.00036061176882974585,0.000534035113262622,0.008826164090458085,0.004978443266138868,0.11970299328951274,0.16920910227804864,0.16249843752559492,0.08961207253267194,0.5618797930724481,0.31888439345085456
590,591,34,0.0009920267600725364,0.0008870363975813499,0.015034332816653392,0.008120758197592694,0.30634734938469005,0.275004244396024,0.26775114435483427,0.1423802693630194,0.7111087835886899,0.4102072007864788
591,592,34,0.0007766810785516795,0.0009206284790922699,0.01536058377036277,0.007990429733738254,0.251391803024008,0.2481582301648859,0.2861749091569115,0.13060935979245944,0.7836780311430201,0.33974665016778866
592,593,34,0.000398883258613376,0.0005322927395101248,0.010052294518305537,0.006890530292386348,0.3006775090744829,0.3942152858803856,0.27544182407505374,0.19662425766568403,0.892334957333172,0.6639806162645508
593,594,34,0.0008875440723439918,0.0013737380993758261,0.01090502499274033,0.007089143931607297,0.18350623309721842,0.27750024625242814,0.15682907073813326,0.09902146954258521,0.5375655687907163,0.3630192524385493
594,595,34,0.0013828010374602267,0.001479818393651132,0.014413124258520411,0.00848591187925675,0.29595748310470404,0.28628148194015984,0.2126252932802719,0.1184932686676006,0.6486679512788268,0.3686684373231763
595,596,34,0.00019180982802508343,0.000366041419712471,0.006901922204312594,0.00599521942801352,0.20895141426145153,0.3739054643967128,0.23486284955459483,0.1865203261704556,0.8631047851899091,0.717526947643341
596,597,34,0.0007167778718640501,0.0012766612613809662,0.010097907602732234,0.006941974038615479,0.2869800258126548,0.4634869539713358,0.20652677666615038,0.1462921841111964,0.6230778794954804,0.44179667689884156
597,598,34,0.0004418817129322526,0.0006349198809424274,0.009659950039349496,0.006546995248086171,0.22812390157624202,0.31191314502983436,0.2265546738224871,0.14956406315806708,0.7324455485624426,0.5491808421945682
598,599,34,0.00039522401545903396,0.0007055642823376009,0.006946220959755866,0.005565925370685555,0.2832041573847699,0.4786273866594996,0.19900381915709553,0.13791301834902625,0.7000036371104857,0.4984238632506231
599,600,34,4.278864551398489e-05,8.429321278741182e-05,0.003380851837231175,0.0022370760015241456,0.09908268354175721,0.16200621052922945,0.16614203593310187,0.10955991381634178,0.5968267698498333,0.41341311508279166
600,601,34,0.00028141214673215635,0.0004886118291955533,0.008622067049145699,0.00657084865104262,0.17937631433939233,0.2357171488558542,0.23227451347252903,0.1417524778378357,0.6819846446023268,0.4815245626171294
601,602,34,0.0013628518124331843,0.0019339440464828945,0.015888439785853466,0.011554495584253399,0.5333806904416312,0.6283351362216314,0.3244669792406699,0.21621239496573627,0.9716831629767138,0.6960519633589578
602,603,34,4.121583786714462e-05,9.799463466229576e-05,0.0028786392897874225,0.0038139260999238947,0.1619585918070858,0.3823765921252656,0.18298456921954365,0.23466352623823514,0.6594455406508025,0.8400146624551057
603,604,34,0.0003814029368560809,0.0004734544635940548,0.009938609409693848,0.0068077714628704345,0.3088662510409075,0.42753298850347987,0.28241951895110745,0.19902732614491078,0.8164690873202156,0.5825618871031046
604,605,34,0.00013815076347193956,0.00021001685227401378,0.004885954258497804,0.0034569837799579184,0.18330721633837505,0.301133425828674,0.17946435127626448,0.12148901676451539,0.6209888791336733,0.48109749101089394
605,606,34,8.559190252847603e-05,0.00018811647106400527,0.003870601224822595,0.0037113683253923837,0.17460413467522493,0.40231921634973505,0.1752828942502246,0.17413408478045544,0.6286938484100735,0.6625360636534929
606,607,34,0.0011821079261501249,0.002470393512427207,0.01566784720018725,0.02114727563109948,1.1766583723947406,3.270628405204534,0.45965759543811574,0.5648892393935719,1.600745670059148,1.8867426204650575
607,608,34,0.0011094290699368097,0.0013514539051711837,0.014140965964864282,0.0084752920495728,0.2689390078680042,0.41260498197444984,0.21039324330494685,0.1498507539067805,0.6933625638484955,0.5248795054696965
608,609,34,0.00024725071626990566,0.00034146842976185245,0.006435640354859917,0.004032940410158136,0.19831580081132844,0.2825124939475573,0.1823618747293949,0.10923404061059627,0.5686420070774415,0.36364538205518016
609,610,34,0.00014677413861029302,0.000198039811986003,0.0059185603647218905,0.004212092475466752,0.15983169191681287,0.22333488661709303,0.19443673969191663,0.1424685504863986,0.6241644524476108,0.458545716846128
610,611,34,0.0007263750686594422,0.0020875617612799435,0.010252234039773397,0.0092315607694739,0.37529410750550385,1.0305630510659742,0.2419652671498411,0.19881891123857062,0.7082842535832349,0.5951151204865862
611,612,34,0.0009739338836559054,0.0010643734787608564,0.010914559167919351,0.007129887273605168,0.2391453234697966,0.23903536418017912,0.17667232924962745,0.11104154803912555,0.5503234946552444,0.38047593206593855
612,613,34,0.0002070410850027362,0.00039205784080237566,0.0067055799376890615,0.004781160191537009,0.24204612580155405,0.40826066019027096,0.23539942300275846,0.15499134645115534,0.7562764613505673,0.5209494404156642
613,614,34,0.0005667930594400412,0.0009180447138340457,0.008090807176332045,0.0063031378035438975,0.3415192554376143,0.5154123396842762,0.21187100932002068,0.14392182120190727,0.7496872750275275,0.5361631488132091
614,615,34,0.00013523703057003063,0.000342382256592939,0.00438636913210811,0.0026237334648457292,0.15280051681432216,0.3668181880591327,0.1544968181234949,0.08836244029226242,0.5319773686282775,0.30584587786357675
615,616,34,5.6087982714229036e-05,8.667567182060263e-05,0.003458848372033304,0.0027739593923831137,0.13893369492143393,0.21733596320334975,0.1753841124694137,0.14239643506794275,0.6105777406517197,0.5162962073481926
616,617,34,0.012689927405410665,0.009179994937307168,0.05141450979692094,0.026628513090798393,0.7246983957422131,1.108869793127022,0.3728109278223094,0.30076786216071305,1.2964617171708275,1.0140231571588276
617,618,34,0.00017479533757710562,0.0001781051741021947,0.006144893581650275,0.003664670622439514,0.17203352296286645,0.17299069159122052,0.19326001044143648,0.11366249118895558,0.5743858224767096,0.34692332747959714
618,619,34,0.0007995442335467326,0.0009100843544850337,0.012009388917837949,0.006389706117400415,0.26332865969058783,0.32799601650139865,0.2132792500231196,0.12113153258024928,0.7394688081215409,0.4583942290820013
619,620,34,0.0010088861136490082,0.0011113051401838363,0.01112870910369298,0.007367710120838379,0.3794444437577006,0.40788407096639395,0.22530315334306045,0.13106063079158253,0.6710553423446768,0.37856017045602525
620,621,34,0.0028420508374170715,0.0033288706133052827,0.023269326015211204,0.011464069768070748,0.4747428855557433,0.6697176876381813,0.29446636228000417,0.15939137420915792,0.8470322261838352,0.4346842391219777
621,622,34,0.0009103833793179708,0.0007451846461292652,0.013401762924759704,0.006606499145762129,0.28498962094240327,0.21517847875310184,0.23929544231470892,0.10785030388803883,0.6435429374961292,0.29187063618555376
622,623,34,0.0009882239584893635,0.003048715523345427,0.009580875264124615,0.010265853245540916,0.5231392363442436,1.2739789224907052,0.2425174994722885,0.21238702566512307,0.7104409753399736,0.6197608093596539
623,624,34,0.00023387821711901992,0.00042029733732242073,0.005689441068919704,0.00406014616710658,0.2085572887376389,0.30481840718772546,0.17777447687352405,0.11323417679829234,0.5688101969221059,0.34739195931656747
624,625,34,0.00028475989047900145,0.0004205031787754817,0.008044413468964836,0.004526480338172981,0.17370607736794388,0.2596217390940664,0.1992113230859532,0.11504598246996904,0.6569235456340453,0.3942702348711637
625,626,34,0.0019136887387824519,0.0016853473891469298,0.025207598419750437,0.011436173037255831,0.32496999116504893,0.26969586714423055,0.32872112796587105,0.14321397922557227,0.9945581283639459,0.4445598858725865
626,627,34,0.0009644431404333719,0.0011963874699395898,0.010581992094076294,0.006640652527527522,0.1938590346595875,0.20410883156006687,0.15308929388137424,0.08878661009127262,0.5370997363591895,0.3189731548072839
627,628,34,0.0009392831200196216,0.0011079638078012025,0.015266549828297952,0.008254702011167795,0.18863476396483533,0.256586880500711,0.2117015024756684,0.1252373955083007,0.7299277458120795,0.47083776447098347
628,629,34,0.00037572161130917855,0.00046882793289659613,0.008182824442080934,0.005466851227577754,0.2696047457523973,0.3287773135500015,0.22984043585465236,0.13658450793885216,0.7795905931031003,0.4555012662725791
629,630,34,0.0004136053907774005,0.00041813904686889824,0.009082919767345576,0.005061081400714062,0.18194515514187515,0.1782294522274265,0.19082997761228504,0.10385895932063768,0.5801187591517672,0.3284830091474837
630,631,34,0.0004356192534808489,0.0006352110216100831,0.008456835126066032,0.007184608592490394,0.2891479113467914,0.3728080358839018,0.23573707022211132,0.18929114114970347,0.8248443489565569,0.6570268173452648
631,632,34,0.009813373271540245,0.00787795088227741,0.042164873715270966,0.023178959019287588,0.6625129891669049,0.6094681815761621,0.34317241105086665,0.196394530199482,1.1778868112493963,0.6275936138279845
632,633,34,0.0005167600095720606,0.0005437931348311286,0.011301480370628484,0.005291322269881975,0.15062327562447855,0.16214540205846778,0.19240753790911505,0.09229841935428598,0.5638243442072588,0.2553709182455908
633,634,34,0.000311697043638132,0.0003927187061085912,0.008067636880749726,0.004372532899819363,0.08484768770251643,0.10712979104010481,0.13297970187576377,0.07142944696384536,0.5096543781897601,0.28105089775809244
634,635,34,0.001131697864312788,0.0013552915811589979,0.014922543483621934,0.008058464575601353,0.229442385956645,0.30079997251453805,0.20940183607094429,0.12040245691108159,0.7546593923779095,0.48220269707139424
635,636,34,0.0004895079873676877,0.0007442383992195772,0.011418437729041804,0.008667588417142848,0.38232015084256143,0.5922011153928566,0.3316403246101211,0.2562915964314335,1.0395223410690533,0.7026755929366824
636,637,34,0.0008503742649950521,0.0010791223722576493,0.010882928145720679,0.006747259802296673,0.20326504198943868,0.23051600119592794,0.1679434674408506,0.10511553931968844,0.5643103486474823,0.3596747239712797
637,638,34,0.0007159713842049635,0.0009447731179525675,0.012770445921513088,0.0092535581061083,0.260702026569668,0.3724857245406215,0.23965840457993395,0.17737527533097844,0.7565226252464687,0.555839843279542
638,639,34,0.0011856476047368608,0.0014908381256888848,0.011821210309041335,0.008653960492331943,0.4379685733070159,0.6232666642875032,0.22218665513483918,0.15497079640456068,0.7176311151946292,0.4943229001371432
639,640,34,0.0008170485329815967,0.0008484213683661397,0.014459347585216165,0.007753631832706017,0.28556592903538225,0.25599809138042157,0.27546655430513267,0.13659072691199067,0.7482898901490604,0.3952028631474052
640,641,34,0.0021306849273113426,0.002347886927541694,0.021961965050329182,0.012163641807873259,0.2304861818385475,0.1943599295103685,0.23413361061145277,0.10697354906041741,0.7706127491067437,0.34375304921658884
641,642,34,0.0003029154432467481,0.0010601478364010834,0.005224532373283771,0.009902294329308328,1.1047774397781776,5.086378355776962,0.2569736996665597,0.6370601524926612,0.9139366428203443,2.2625766979587834
642,643,34,0.0002334245918839716,0.0003914909497364832,0.006354450063286897,0.00361918371592686,0.3146113034009057,0.5356167009536494,0.23734153763336294,0.13993574653030097,0.889851805918357,0.5143829820861385
643,644,34,0.0005249094438782134,0.0008345018825328204,0.00972544151933535,0.007851261445982896,0.18590178392033146,0.298368562469492,0.18851530562867136,0.14835940909985207,0.678328614024555,0.549902175146493
644,645,34,0.0012591684767090448,0.002048577974584415,0.01332491124048829,0.012193389099960587,0.42937495707369905,0.7342483095565651,0.2481156461598242,0.22687866408285842,0.8561755559023689,0.9296991706399758
645,646,34,4.957318306169862e-05,0.00015274537413022737,0.002846621545305585,0.0027407030045152945,0.14539430816383922,0.4070254330014191,0.16003750450909138,0.14271224504309463,0.5930313459214043,0.5723834772071503
646,647,34,0.0020136673619671297,0.003317121289820001,0.017156346714781487,0.015000143499942477,0.5390752016237992,0.698660925788073,0.30916335367981124,0.20305984635858648,0.9862944010426017,0.6241427734647069
647,648,34,0.0004859420647228356,0.0007546603895385324,0.011124861111645313,0.00808361645495762,0.3044487951213823,0.562044642904048,0.26967693689991445,0.21786266828804549,1.0114917053895838,0.8622387269562493
648,649,34,7.123518340743912e-05,9.614551584625945e-05,0.004329487643725074,0.00239780470547487,0.1283693232244867,0.16895679879096118,0.18454965171130264,0.11147148198569137,0.6663931472336545,0.39797454699675056
649,650,34,0.0015433405851347421,0.002462738656388611,0.013822764363687704,0.013008598824088531,0.39574800879584954,0.5796349430285875,0.23741167285205686,0.18878041993666053,0.7486248296849868,0.5597217517158258
650,651,34,0.0001959143881001236,0.00020076187615997363,0.005800198017181281,0.003173012733167586,0.19955143940580242,0.2365007507809463,0.1843792388544363,0.11168267374969075,0.5467176178798956,0.3337386200123379
651,652,34,0.0002593858451505452,0.000528633407496902,0.0076524793060825155,0.006362644129090483,0.18361152330523028,0.2652027999924928,0.23215396833770416,0.1458843374139907,0.7236475883161321,0.4918614926598342
652,653,34,0.0012974157829616802,0.003133076761809439,0.013729476654107738,0.012678987760578684,0.39574234897051663,0.6441206645503369,0.28854845069787083,0.23017731618484957,0.9692042351645582,0.7922683422841609
653,654,34,0.0002757135064123705,0.00028298861709631645,0.006636308882768978,0.003955554416920349,0.20573646041071592,0.23943118495517682,0.18089890852570534,0.12008539439727273,0.5377809677053901,0.35796967169247385
654,655,34,0.00019635273287456264,0.00037064632283341953,0.006774341338314116,0.004528530153823512,0.22363752852577498,0.440971561268288,0.22302845931228468,0.17455006900398434,0.7736455079387216,0.6199003960453704
655,656,34,9.099007883485362e-05,0.00018826876109328663,0.0035722992615774274,0.0024093512787878887,0.29166177226750944,0.6559998721815453,0.18855961916201255,0.14223494468230655,0.6382522223626866,0.46820515567581084
656,657,34,0.0005787494101776461,0.0007748390435233382,0.010695258004810004,0.007427670773638302,0.43547924717559533,0.5859263357803776,0.30076099515837784,0.1935496543097264,1.0160748572910534,0.7046479113282194
657,658,34,0.00017145258858791376,0.00022025301431672435,0.006089106469195993,0.0036607591976864757,0.14638070737504782,0.17039551850505205,0.1825248897075653,0.09970660792710634,0.5569053489495727,0.3231901700841969
658,659,34,0.00030101286403591717,0.0003512997656911481,0.007634598217384123,0.004328260499796826,0.18577127210686312,0.21527292419457433,0.193240136565531,0.11860136820203387,0.5677158880759688,0.36916219081356894
659,660,34,0.0009140185335020171,0.0015136207791705606,0.013629458687158631,0.012544731230842474,0.28005755802287774,0.5042097772974407,0.23599953324917486,0.2295559196167944,0.8478107737267718,0.9387109830622229
660,661,34,0.0005216972078334733,0.0007158659860598127,0.008758432639297098,0.006221781271610756,0.2651312253300977,0.4459261986617425,0.1957563347018817,0.16025766249335183,0.5944478104219717,0.5777952374222131
661,662,34,0.00011257784939289195,0.00016091649700183058,0.0051316572986680135,0.004050801477533546,0.07804726622656316,0.1462793787907898,0.13648843841955943,0.09891413922768195,0.4558087988373111,0.3427665835596569
662,663,34,2.546162534813715e-05,8.07121595207177e-05,0.0022178605003693305,0.0016415301106882647,0.03310776319053462,0.10467097335476087,0.08014417352045283,0.05924491470257213,0.2839675366001971,0.20998777442481797
663,664,34,0.00034600892611786764,0.00050753477135657,0.007732743934919948,0.005989768455640571,0.1309553431449732,0.241434060902218,0.1492641833884751,0.13373078938726224,0.5058655098957174,0.490533280146404
664,665,34,0.0006222498647315768,0.000773397057242905,0.01106203646700391,0.007892518276328836,0.21652309294885902,0.28052630603366735,0.21071852683363593,0.16854041517943802,0.6542574649347979,0.6159343896311493
665,666,34,0.00014748587489735014,0.00030719328363229363,0.004568949588300551,0.004859371399055487,0.15748149212723708,0.31182672905855546,0.15828962065279484,0.14435573793260775,0.487830036703278,0.42624606038546625
666,667,34,0.00017512012885176505,0.000532056161068542,0.005237512774114935,0.008100643905136581,0.07596781634150401,0.2210662548628081,0.12994238038492553,0.15317245132678003,0.5021845187772723,0.6595613199829736
667,668,34,0.00023046336652294698,0.0006113902984902104,0.005264248039833654,0.0045932331458873755,0.21167471863480067,0.30601386172644873,0.1969480846515473,0.13756956467889456,0.652250058729859,0.4273918843939986
668,669,34,0.00015594116523650025,0.0003189269047469904,0.0056374304386896685,0.005139979371827803,0.0748133161892731,0.14210586079895024,0.12760925725759828,0.09431209566263508,0.44236131932805567,0.3227146708386405
669,670,34,0.00011360315828396244,0.00027604189743889504,0.004022550834205878,0.002646691858389178,0.21548539268619873,0.3979179042776413,0.19799838215112686,0.11765259067587064,0.6300737875349381,0.4039947580237087
670,671,34,7.827231068551341e-05,0.00014544017576825205,0.003756140313378316,0.0029468853811389028,0.125159971854266,0.223412831628762,0.15544225291951613,0.1293459557692677,0.5558170691570815,0.468172784948411
671,672,34,0.00045350287587098137,0.0006528869115497297,0.00825280194198165,0.00645287184232341,0.21488605256137602,0.29858534119724367,0.18275531896335237,0.1324228219682791,0.6443892046809196,0.4647940963360519
672,673,34,0.0009510549875010517,0.001178849751340505,0.015680339968051103,0.008202140184698056,0.19354947842657566,0.19638388606354457,0.22882291039123254,0.10815966296360052,0.7516531129093731,0.33311051495299715
673,674,34,0.0009343304745925707,0.0008382178224698062,0.014689510921016335,0.00809430664935402,0.2408924011294456,0.21027391535800807,0.236901532201206,0.12397333094583059,0.6646978912108085,0.33073150291256437
674,675,34,9.992139361844132e-05,0.00019641018996519478,0.005001209710505517,0.0024913491205671126,0.13470649900024428,0.2178047068676235,0.19239458375993898,0.10515132846025614,0.7100408708347994,0.3990735239441956
675,676,34,5.7615122928462585e-05,0.00012219585751933965,0.00350152122829219,0.003064062362552389,0.11799374714438968,0.22625449913901133,0.16619306660312064,0.132168814544665,0.6512108892202377,0.5245272455041086
676,677,34,7.773668672558309e-05,0.00011636524757300687,0.0041039597606012486,0.0032023465183867506,0.1426275513949804,0.20110011086620896,0.1790283115251976,0.13861724147759763,0.627404140198932,0.5244173897766903
677,678,34,0.0002538699919127526,0.0004290741305579295,0.005918781149803716,0.0048190085091358295,0.24557623365099596,0.4328284414296962,0.1795012575081166,0.1483471809753603,0.5795243049369139,0.4437703250997596
678,679,34,5.7130737532668933e-05,9.945347439749092e-05,0.0032920723075649757,0.002785926987204221,0.14898885764619885,0.2639230276742402,0.16655281996902296,0.14254939543455086,0.6295722267206978,0.5769834994836094
679,680,34,0.0011476628250260117,0.0009597951747372012,0.01555912011741277,0.007825768920206456,0.27714259656803575,0.21216072026221447,0.24530385303146698,0.10844422276248088,0.6388104654410306,0.27954763480754546
680,681,34,0.0008151421027244342,0.0007512902830601181,0.015302996835945284,0.006289556673688514,0.21164664949345238,0.19124762032827256,0.24530976879246094,0.09809529297667316,0.7094728631131789,0.25923680961644946
681,682,34,0.0004043156251795795,0.000440805833047148,0.011033274014206493,0.005189798059036171,0.21004184609388604,0.20931589154494545,0.2523137243355022,0.11195441659458573,0.7382955630035961,0.3524491755271011
682,683,34,0.00017834084879348879,0.00035695526356570447,0.005119303891928319,0.0032679897246600666,0.30721793384017315,0.5346791553353593,0.225677989423275,0.13307417234714167,0.7106747048742631,0.41564102586082724
683,684,34,0.0007580579654399224,0.0009566127218671646,0.01174178155248656,0.008362837381257395,0.35642269801567583,0.5794454305225009,0.2539354849825887,0.2539194978968835,0.8462832355323959,0.888501839095049
684,685,34,0.0004706701182679835,0.00046153225370083834,0.00994812830022591,0.005183751917388244,0.1975227094748441,0.16834802872856405,0.20668483700822382,0.10377988383195245,0.6920179190004573,0.34680033544206923
685,686,34,0.0006704264133077231,0.0009464303211817165,0.010925757205661605,0.007545346676162089,0.2688845004338552,0.38705194905664597,0.2244927701266373,0.1561776235372402,0.7590551770785275,0.5503018986588321
686,687,34,0.00042968206030443123,0.0005258825104051017,0.008265262565520756,0.005322184786186127,0.20115184092291577,0.2751052313718087,0.19423741934930577,0.1346411602007806,0.6580345792805448,0.4689691066801234
687,688,34,0.002115217063927797,0.004217659731451212,0.017576949575039393,0.012464434689063721,0.6046057460172212,1.5879281442445308,0.27879273475093,0.22043033918391405,0.778577549930881,0.6272318498187479
688,689,34,0.00031938263680999894,0.00044224997442658806,0.007929468205582131,0.006490273522283488,0.27500697812887237,0.43048839748902207,0.22991644591093063,0.2046219458082068,0.7283837054582203,0.675838945788314
689,690,34,0.0007814835069653139,0.0008828116659259351,0.013047018622541252,0.007687849243933021,0.22599837123690283,0.2356121038150866,0.22250137127497616,0.12892075340499817,0.7693555929204997,0.4713951632435831
690,691,34,0.00024813311162741975,0.00036404700246257804,0.006845870986580849,0.004354619844931562,0.1595115347984521,0.21217741737063625,0.17687525140012011,0.10464210256784774,0.55284704005017,0.3203847198182913
691,692,34,1.853220759491759e-05,3.765101702566922e-05,0.0021384489193545,0.0015408357064110676,0.07423020986949697,0.1459830692663523,0.13728671756518238,0.09762104205210495,0.5071904959485811,0.35964616026790786
692,693,34,0.0031328967176758693,0.0033401474664236977,0.016561991131097516,0.011663764972142988,0.6206720227115404,0.6838351148315855,0.22982058926101992,0.1613305410657796,0.9203353892354404,0.6610891797160774
693,694,34,0.00017669502135972566,0.0005679805706033124,0.00446725930326947,0.0038831383328971976,0.3229679444441846,1.0745125479576543,0.18606876538080327,0.16362024414393933,0.6096269714043421,0.5446597398801802
694,695,34,0.0012201954003584808,0.0024429765393867283,0.016730638731079286,0.01638583878321446,0.4640389921362786,0.8809663982015394,0.33068548362044725,0.27737867019349,1.1952118768411524,1.1297145060635145
695,696,34,0.00046304187832688244,0.0007424076103950665,0.009823973532012828,0.010232447795246347,0.35548358457162976,0.6205624057923008,0.27669804066638737,0.2593429693339227,0.9200934364515192,0.8654882795906755
696,697,34,0.0002798019393340463,0.000526674207326148,0.007629673880086664,0.004416074007521844,0.22358472589129472,0.33780757557951924,0.2266762584228726,0.12345338730835681,0.7564663913320092,0.40482424125613964
697,698,34,0.0002178451334068942,0.00021328469269983464,0.006338263382477795,0.00303194692792167,0.14321954033392317,0.1399894110723899,0.1666344489683123,0.07703322225959694,0.568454772233963,0.2635574098393505
698,699,34,9.439862266029141e-05,0.00012785238603841287,0.004448701297138434,0.0030848569536535615,0.1044556270867093,0.14965459327948807,0.1521316808374489,0.09779660721418225,0.5414278086493997,0.33877408846754214
699,700,34,0.0003956264868901706,0.0018261641277406051,0.005332685039748493,0.013939058198041749,0.24436566821874722,0.7767314956000274,0.18113013302140377,0.2941431193717891,0.6338467834626927,1.0253136809420837
700,701,34,0.007364346050534924,0.006043373647875168,0.032877891379244184,0.017694097037709,0.4052850504967329,0.3417986159066171,0.24264312973793814,0.13631289413189804,0.8720237958957168,0.491283223901643
701,702,34,4.93890700802106e-05,8.227560238877444e-05,0.0036357186378582437,0.0025941214509496084,0.19994996674358845,0.4346599245423629,0.21963951013544025,0.18505856185299757,0.7161879162578022,0.6252592673726199
702,703,34,0.0002685694451910796,0.0005186579538646199,0.007097373168696375,0.005587542873426909,0.20201183318653526,0.34634754547701735,0.2011036101509543,0.1544737463492574,0.6537041567704257,0.4867769689912466
703,704,34,0.00037486344525164254,0.0005358045359706554,0.007182430167792036,0.004020417033381212,0.24714922366718597,0.3174205474259718,0.1936256394666784,0.1037333581601695,0.6568866849822157,0.3527303872491621
704,705,34,0.0004504499996020219,0.0007763266906016063,0.010248174233471645,0.006542430884720616,0.20556697830119552,0.36201620869602313,0.2193676391068627,0.137138645495207,0.6856186731773264,0.4260512860881493
705,706,34,0.00024445976966008484,0.00043882323688072995,0.005494126159807339,0.0035387951911338275,0.2509290672674337,0.46566900220223295,0.17781269243534872,0.11341754648210424,0.590535993085188,0.3888637336920678
706,707,34,0.0005110835017523426,0.0005650492570014169,0.009992566096651204,0.004754406325598396,0.15786876137751868,0.17703779362651362,0.17517137680860126,0.08980127645835301,0.6387025792809093,0.3507460697812682
707,708,34,0.000388430584280286,0.0006836179071385422,0.009790946482954657,0.007922097340750788,0.2831594964270206,0.5362356667105477,0.26168040931224823,0.218033735137163,0.8550640318323585,0.7240202635675811
708,709,34,0.0004723562225776464,0.0007010476224799504,0.007675085990580127,0.0044087094103437375,0.26715883409933133,0.3509410722697558,0.19698547922513066,0.10606220167719149,0.6718692052013734,0.3551360703342698
709,710,34,0.0007329929248953704,0.0005615816784331207,0.01537433756953653,0.0055032029566763115,0.27148196029969873,0.22578004498689314,0.29260162242195187,0.10357797570686189,0.9078026896013933,0.333620167233589
710,711,34,0.00048513084365040145,0.001084955815784919,0.0052368115267360255,0.0058431086019167106,0.5953698386164272,1.0710985594444744,0.2141283277203055,0.18087440129295518,0.8641519962864763,0.7569894275434575
711,712,34,0.0004044988589371582,0.0005030542211224413,0.007701933459269211,0.004174804904974875,0.185282148886472,0.22278206194106367,0.16661076576394193,0.08422712153934066,0.5343140214681625,0.2728679131406445
712,713,34,0.002178072358527275,0.01191643942567127,0.009362560464069247,0.01973462633649716,1.6578857766683488,7.914110917141012,0.39275401523884607,0.4918601162741495,1.1837708546834833,2.35481292130104
713,714,34,3.20823377050521e-05,4.4931984150861154e-05,0.0029233374790398076,0.002042129070670227,0.10409124075051616,0.14294641360248292,0.16911612122374423,0.09874466786180258,0.7082656621932983,0.42128715207924833
714,715,34,0.0008770928322305468,0.0019721817741439815,0.011489763492992258,0.008827961152737616,0.34352890567799266,0.6020625191302704,0.2351540237226907,0.184440781594439,0.8256845859920278,0.6109738790059634
715,716,34,6.913452150857826e-05,7.110316072667345e-05,0.004401685848065159,0.001918238252876298,0.1559534139712067,0.16646208009294414,0.20905855495263548,0.0949253990056157,0.7172938059358036,0.3104964519517945
716,717,34,0.00035638105980658163,0.0005594269498924533,0.008075151298030773,0.006583659138185641,0.363859357421889,0.5678799467221611,0.26589472876752124,0.19148687171462475,0.8591678835013333,0.6819638693291377
717,718,34,0.004828482362106168,0.0076702887338080455,0.03687686999054516,0.032059984386021756,0.45364133652080507,0.5270594134278803,0.38005685499485803,0.26098407504755283,1.2819442135446213,0.9254978965476292
718,719,34,9.120888457533404e-05,0.00016155222617225104,0.004745259257855222,0.0031945200855420628,0.1322769116719856,0.22944274423880615,0.18219865442198865,0.12002673190367277,0.6891689554733389,0.4938519778708106
719,720,34,0.0011613408124129124,0.006566735415838243,0.0050394342739737644,0.014902540334655151,2.0574164167046547,11.042477811585227,0.30868290583877,0.6018540582601885,1.275556827292723,3.3944946360872272
720,721,34,0.0001033007394439397,0.0001943105510745342,0.005327198079184574,0.0034730000457359606,0.08603795458946158,0.16818510071552195,0.15184091425993862,0.10046652847607303,0.609708094421555,0.43543678874099734
721,722,34,0.002485736429113839,0.0053569488163191705,0.011770485797623062,0.013197508998550767,1.8010801319854663,3.765136959186822,0.39976056095431833,0.32230925441250374,1.3745066164170994,1.1486384951543833
722,723,34,0.0003115055259286237,0.0012988062298614341,0.006166232010240064,0.007824795946591183,0.8751076744485866,3.530510944722692,0.3452214352129137,0.40414107077091893,1.154208235004369,1.4854903884567339
723,724,34,0.0006640024850994183,0.0017070017343843343,0.007084712170420543,0.011453720859693648,0.37346682171611223,0.9851335235073571,0.2488005251130637,0.20685843430655904,0.8759207339847789,0.7908414536547369
724,725,34,0.00011855084514589929,0.0003536572943279105,0.004061593112590558,0.00418525435927205,0.3283035227590624,0.7245171141627145,0.25054891604711027,0.2432108005886455,0.8683562677572755,0.8214692443783725
725,726,34,0.0004322035700969242,0.0008880547037804128,0.005141887043411022,0.005770012296093947,0.905251811559805,1.8766095411387669,0.2571139445199686,0.25594599756123804,0.894375284366748,0.8592796793809088
726,727,34,0.00033381315057233544,0.000719905971955667,0.00561973883304745,0.004309693070594941,0.4817212864427882,0.9022746360557246,0.2276446519090849,0.14056719630292402,0.6884885482928332,0.4046598216955921
727,728,34,0.0009958860186195712,0.002199662181084029,0.010966099764439552,0.01442359009967234,1.0527861702310688,2.4311985322806433,0.37761005189488916,0.44209022941858933,1.112805441898458,1.1702695019237814
728,729,34,0.0007452837143158403,0.0008890324291911502,0.014162814902032124,0.00798448394852859,0.20638048599528916,0.24188844705445628,0.23690391879747896,0.13116162727566383,0.6817027041140724,0.4004935534533158
729,730,34,4.595927617522059e-05,0.0001031793754146119,0.0030731977107386816,0.0022544407756114986,0.14369495530777118,0.30135756102589256,0.17944849216762712,0.12230314308991369,0.6398347958045847,0.4751240365063923
730,731,34,9.349097683084169e-05,0.00014665978534085367,0.004492247857235591,0.002850774262115847,0.11324145220329657,0.1812953160548055,0.15587296906639547,0.10081501302169203,0.5138773462351631,0.3393021957661581
731,732,34,0.0005499140045097139,0.00044667071405574344,0.010648046127137016,0.005215857155127859,0.1665564819019945,0.15429616173574842,0.18303746982094118,0.0956914629202567,0.6024803655112491,0.307316927912602
732,733,34,2.911163920102541e-05,6.241753692793952e-05,0.0024289377153549783,0.001797833518390659,0.05505321175887195,0.12428745037729157,0.10643047609311693,0.07437533747926345,0.3933265130309498,0.2794829074821956
733,734,34,0.0008643388425619324,0.001337780197986827,0.01037855920217493,0.007804135891577762,0.2583942740594092,0.3315499156140882,0.1860968706143253,0.12707131640317895,0.622485770679572,0.4462709621493831
734,735,34,2.9156996407329963e-05,4.947864327238543e-05,0.0026458023965139597,0.002104997951153563,0.17111279051203063,0.2655457178217308,0.20843113345258377,0.15650573893618874,0.7581015018855825,0.5960813898253746
735,736,34,0.0005522438858500155,0.0008143518494432227,0.009094972428797251,0.005815895079629469,0.5565062765141621,1.2027942718802285,0.2718286559204845,0.19207426748020384,0.8452862597563687,0.6316235164985919
736,737,34,0.004122953165011388,0.009481613540141758,0.02303179933497792,0.028408058101082552,0.9798726323608529,2.95386068712584,0.38044476235175834,0.4842834622735335,1.573869823532946,1.890594845217281
737,738,34,0.00026965944781456045,0.0003566112089899616,0.0069520696073167906,0.004392817272840697,0.22432913135408478,0.2619909675773791,0.2075139573391746,0.12362664740823304,0.6264744203756837,0.3939862565371607
738,739,34,0.0003317929022594345,0.0005610697928144857,0.007011328038061038,0.005321577030989181,0.2662255915484446,0.38486993869098474,0.2119242580717101,0.15413436246375362,0.7081493051613078,0.5086719713489186
739,740,34,0.00021317482401173038,0.0003766190421810211,0.00682295991025646,0.004927437490070702,0.13131913082564578,0.21691327940856736,0.17632251912180116,0.11632200209876378,0.6398426894755924,0.44601079257561543
740,741,34,0.00020602659002874775,0.0004371414816186977,0.005276677657521385,0.003695224297259949,0.3848052450099631,0.7820209026065644,0.2310127578675747,0.15588615677543996,0.858580611207906,0.5698680447199276
741,742,34,0.00041980874065676983,0.0006471630856817537,0.007196447339511532,0.005728040410996976,0.3662797409274122,0.6054259787963876,0.22425206180881052,0.1514152353855716,0.7138421215555247,0.4803430019903979
742,744,34,0.0004243163444323941,0.0008193921699019869,0.007521197165581672,0.0060619278273323935,0.3100103661965798,0.616574482872898,0.2038432401331032,0.1574611295778426,0.7673735864022199,0.6073213584678294
743,745,34,0.0006489122021829483,0.0007628161348686527,0.011583657223073876,0.006596718682503465,0.3197942121940501,0.3035025484827539,0.2690289349240415,0.14407914189768536,0.8233055148054572,0.4413807529271365
744,746,34,0.0005973553082131891,0.0007738513994102933,0.009735859690836686,0.007412903404635433,0.33682152502896157,0.40253273927671757,0.2360737021355068,0.158574027455345,0.7645630266736535,0.5001263457866985
745,747,34,0.0012835118192443212,0.0022513569032536025,0.011415023295044461,0.011286567350011725,0.6550118960987996,1.5205102249667455,0.2403175751952564,0.2362061239187463,0.9855939255041235,0.9782986020323484
746,748,34,0.00038609374742544093,0.000899849411927629,0.005669153168770101,0.005290444668744246,0.7557687293738127,2.958462709556261,0.2308299854836043,0.21722814709713498,0.8028521445744178,0.769539333062593
747,749,34,0.0005531919601801693,0.0007640756901093753,0.009828447110896163,0.007936492679970535,0.24389899359084666,0.33883211827448406,0.2014861317241893,0.15226264451850993,0.6664598961086834,0.5072540826750876
748,750,34,2.19309081514626e-05,4.0018024423938534e-05,0.002394564391579479,0.002308423182530712,0.16135365821366363,0.26518362113039456,0.2113971901947961,0.18824646669886677,0.7211564630270004,0.714574996118732
749,751,34,1.3163377047931135e-05,2.1099233285768445e-05,0.001823307985700119,0.0010780230816509666,0.11332681736744502,0.18157395333692192,0.16998696962700172,0.09769392280545192,0.601804479080088,0.32960647921525166
750,752,34,1.278410874593807e-05,2.4992912740156236e-05,0.0016872391587479368,0.0009844753704650062,0.09627940960447579,0.1850111892663705,0.14625722761539853,0.08516496295019742,0.5083646471886074,0.30361812154020096
751,753,34,1.3518158238291695e-05,2.2739051132898067e-05,0.0018268851049737457,0.001022403587917291,0.11538387404973893,0.18817371076048103,0.17006699149222934,0.09318482168171577,0.5837015369359184,0.32876664326128857
752,754,34,0.00031699703088313124,0.0005516643995226128,0.007202955051873098,0.004743570064970193,0.2170220622108044,0.3573152429260903,0.19211109859101913,0.1324519076634367,0.7159126111689735,0.5185904096047678
753,755,34,0.00013245745295160517,0.00018701051829898808,0.005419300006264273,0.0036292853169152483,0.15094089836758726,0.19522143418789215,0.19352705239811363,0.1135199673469327,0.6678951816523776,0.39013956096754493
754,756,34,0.00018481198656124486,0.00029057177453263014,0.0071864732787670456,0.0051507148771773835,0.16027400344062379,0.35711590376139746,0.20036775465397275,0.17490180499370275,0.7293028187225846,0.8062209382909042
755,757,34,0.00029804134010191774,0.00037367008873869656,0.008323370684486102,0.004588295660747794,0.12070219287210528,0.1603936528961378,0.16654943083139026,0.09164966510144155,0.5202127624960506,0.28200790628397876
756,758,34,0.00044869169334346866,0.0007159832794635566,0.009219448897056282,0.006033118223610209,0.1012410012566868,0.16059752600078725,0.14043342453591964,0.08924926391862306,0.5122631008134169,0.3255604545392347
757,759,34,0.00017538782182836097,0.00026021406607818246,0.006028669653460383,0.0036020593856439867,0.14710892586256652,0.21273409557122183,0.1755796276471194,0.10019455006147425,0.6384201619554969,0.3706636086721824
758,760,34,0.000333193605396285,0.0004353352430314994,0.007720573651193476,0.006516185607436935,0.15104471157674731,0.1873757621683372,0.17088964543140986,0.14053277782155713,0.6340488103382728,0.49415123481959927
759,761,34,0.0006458021772794061,0.003050361302717296,0.005747349710231099,0.008012961408606394,0.8874774657956818,4.0630559763718965,0.2291562949471614,0.29096106219421325,0.6932809655280674,0.8354761569121727
760,762,34,0.0005280351201155794,0.0006508488140794362,0.01200422054321012,0.006681589809542701,0.5397246710079557,0.6715315141902968,0.3839278882917236,0.20095308525365602,1.1465001676012487,0.6618841092207393
761,763,34,0.0008515522494944354,0.001185609107797643,0.009191277724526385,0.006595905735853321,0.30592529250733447,0.4003054779110855,0.1774247330339516,0.12014661867328667,0.6122834439225057,0.4339230628575238
762,764,34,5.3794162741884497e-05,9.722134331189883e-05,0.003699508362093612,0.0022723187229253304,0.08311494894544869,0.15725048199741826,0.142697732676478,0.08586799645752306,0.5079889604273964,0.30512513939956404
763,765,34,3.451422694792307e-05,5.265799891161624e-05,0.002913768043714192,0.0016460011994037117,0.09474375137292287,0.1560757238660245,0.1475921792580801,0.08728767918707207,0.53299880816656,0.31696897523949075
764,766,34,0.0007499000145986322,0.0009899220152167622,0.008437775616424488,0.0064074208414239475,0.4409205977366689,0.641023106834743,0.20858772208585458,0.14978022219236753,0.6676135729340946,0.48941547128224877
765,767,34,0.00021608627075158225,0.00025255066261251053,0.006866547552978291,0.0035279919482338177,0.14287207670071544,0.15542754279246726,0.17872166173423037,0.09155700110580944,0.5913228129639345,0.30155619509460885
766,768,34,0.0015106891760832,0.0012420044929042496,0.017399645437869954,0.007936661368498153,0.17199556756874218,0.13518619506154142,0.18626495100119533,0.08296030326082911,0.6531376225106856,0.2960872331218443
767,769,34,0.0011102689567290807,0.0013828381744460955,0.013427644851617515,0.009711174009571766,0.29575663425630944,0.36274917328514206,0.2256811601931558,0.15560667704704823,0.7276939548113767,0.5035113967000773
768,770,34,0.0009711111066708862,0.0011060842228565982,0.012167168383979621,0.00782557224022743,0.2828322210321751,0.2971270125843433,0.21448653311852148,0.12596480708578545,0.6857727814246627,0.4067405317642191
769,771,34,0.00044467829095939286,0.0007058202712235504,0.007590957588570959,0.005576259729243987,0.23220499098191366,0.3091627670787244,0.18423624358632984,0.10830729944588616,0.5904330641907805,0.35113097262140475
770,772,34,0.0009831994254508411,0.0014441154561919425,0.012043023817515111,0.007455330639592755,0.4577034647466944,0.8298109283068428,0.2550478487768594,0.153057755041453,0.7591817624428693,0.4936086666153477
771,773,34,0.0018306115920602357,0.00447249981844376,0.01335515609517803,0.012817859420630722,0.4568007264067145,0.8842570111523412,0.23133335569325617,0.17721713688152263,0.659418523311615,0.5120799818639684
772,774,34,0.001124110343225231,0.0017736648136319228,0.00930468194265439,0.008273625105850018,0.5426316011546399,1.0761832406881642,0.19629232404643998,0.18093816623919973,0.7333049289882183,0.7007381499681082
773,775,34,0.000289376619963043,0.0004844947529901604,0.007119742020115475,0.007634830156557471,0.17265124211895883,0.3029716054313299,0.18353555598022306,0.18200813478547218,0.566756597994005,0.5155836265436962
774,776,34,0.00019595405064244594,0.0003915966930375806,0.0058343191631138325,0.004098042063526928,0.15361441793741987,0.3047074798177848,0.1661071408101741,0.11097991572869725,0.5964465211419498,0.4008767096151148
775,777,34,0.00019356191103604622,0.0002820228884110829,0.006935279006617801,0.005686442754203751,0.2066393010010121,0.42423252446301474,0.2167768683284521,0.23214625238676775,0.7252549377872664,0.8293986534891105
776,778,34,0.00010192151646205115,0.00016219808399828221,0.005082218500319868,0.0032504034335055013,0.13474293333916543,0.20703105251290535,0.18452337154132478,0.12365057329969605,0.6030788575025166,0.42755905100905317
777,779,34,0.0003239039047002734,0.00042635080741975777,0.007325054016238188,0.004459584598425012,0.16825384476824717,0.2061823378413192,0.17464258872410832,0.09446315833877178,0.45395489650614124,0.24579793048489443
778,780,34,0.0003389504611143767,0.0004348994475814413,0.00688630758839495,0.004287768842613754,0.27619951842900586,0.35633013782217576,0.19758712938603232,0.1196529591633567,0.6397548909572994,0.41479149897097745
779,781,34,0.0002434918031694371,0.00029313048358636974,0.007729084888363586,0.00438043591864435,0.1864586183527375,0.22679855351499512,0.21374964341521263,0.12273124352889907,0.6641639830435023,0.37313804972140036
780,782,34,0.00020416795234054648,0.00023632196055002014,0.006733614410383298,0.0036028916719737804,0.14780663707129219,0.17494775424356096,0.18086612860069556,0.10040784389987724,0.5941591140101937,0.3222382780411563
781,783,34,0.00096680810672885,0.0007885360463334187,0.014553498408264098,0.006605110576641293,0.2792935983332641,0.21180821765990565,0.25090498827836094,0.10403899106065384,0.6710353870602215,0.28613890248626683
782,784,34,0.00025673461058271216,0.0003720922829722041,0.008048854912083377,0.005298603810868672,0.17396037236732595,0.26109629262135864,0.21048017328276353,0.14355609293042457,0.649602934718132,0.45308045491011056
783,785,34,0.0014981258031826548,0.0026834003545723557,0.015013578464277089,0.010050104765568509,0.6377518407671767,1.6458772980643177,0.28527459151604595,0.2263250207405285,0.7973368365098449,0.6848796389054151
784,786,34,0.0013049678673269227,0.0020420954027747934,0.013816762564922957,0.009025561955877379,0.4251197563374744,0.7014908260808658,0.24898444707779324,0.148357669180428,0.7108328885891858,0.4520111800190066
785,787,34,0.0005761769764108869,0.0012202811034326179,0.009823371005682823,0.00940920621658281,0.5258004796307754,1.2076768755908864,0.28241036076317816,0.2809486359395699,0.9652997733039015,0.9222234235063629
786,788,34,0.0001606027729876052,0.00021526434548556017,0.007140715791405562,0.004205244269366799,0.16752301441395984,0.2775835898817552,0.2251644868622808,0.12988032706580682,0.8341972652603599,0.48375406772486884
787,789,34,0.0005341944592253319,0.0006041777064338311,0.01002324408824172,0.0062857229305944414,0.3154310382738271,0.3448611808924175,0.24021355018896215,0.15151906824832856,0.9044620736556894,0.5739608928903976
788,790,34,0.00013242576134623907,0.00034870685745699506,0.004603693895178902,0.004892845682052107,0.23705504218335538,0.34848046470500865,0.23858534599490025,0.158084430555662,0.7996673351701569,0.5827663832058443
789,791,34,0.0017847883915665613,0.001414087537038251,0.019016992547275388,0.008545730851555099,0.18965567615540588,0.14330356679729264,0.19636158820460825,0.08483208787622135,0.6956416442990303,0.3183631998198463
790,792,34,0.00022018468333793434,0.0003207793222864123,0.0067599926363019385,0.004807169874901271,0.17188736944295027,0.23751305974101763,0.1911512120243381,0.1299740484003305,0.6188365746946896,0.45240589143239346
791,793,34,0.0008432266366820413,0.0010853873490918851,0.012171598575899707,0.006497573029084552,0.2697969843249987,0.3799656988246223,0.21785118474679835,0.10802929060363678,0.7583275980809155,0.4006724405568775
792,794,34,0.0005396111827100386,0.0007498220735060352,0.0088018233928939,0.0068189150605743746,0.2682635647326927,0.35192907031326787,0.20516975947162686,0.15031250451701572,0.6576658049050499,0.4883888081116147
793,795,34,0.000664336669829294,0.0011097968260927174,0.008947249498519608,0.007195379070536581,0.6726202780435628,1.5659883317898973,0.2957687790998641,0.31859338375062624,0.9237214396981632,0.9462878764097831
794,796,34,0.0016545713861513137,0.00264653597860629,0.01274317000335192,0.009233528537077611,0.8621653073522098,1.3528329210101322,0.3030455399523763,0.21428993188539544,0.9727218080969418,0.7011641378564571
795,797,34,0.000999883645791295,0.0010501633828419665,0.011694778318462126,0.006357019081661169,0.29300781784524377,0.3717155036823153,0.20314018789897947,0.13096335785013744,0.6587400624857229,0.4136826144365034
796,798,34,0.0030563641223981153,0.002578415686432322,0.02812080057885717,0.014941014076159602,0.4879848093397039,0.3917543134630474,0.35711998141863766,0.1788830378941628,1.0448811172562487,0.5254118910592224
797,799,34,0.00015332701910023496,0.00021273325581421798,0.006898369530544561,0.0037328650515747667,0.15990511684075875,0.23109049026023112,0.21880974993109703,0.12554510346291264,0.7495586337412105,0.45190116514814754
798,800,34,0.00023424182078582925,0.00064725734835629,0.004192638596150038,0.005481324086352296,0.35838205056086947,1.5024054525350992,0.15959451205151923,0.23688250311933565,0.5838292372577331,0.8798506922464232
799,801,34,0.0013641417552956708,0.0013803640609176984,0.017450555419439778,0.008724634517058613,0.1603723997798036,0.16204170122672948,0.18998211227795658,0.0925619731804225,0.6301202778430546,0.31564284235193424
800,802,34,6.497976469558232e-05,0.00012253083803200285,0.0036368481849101096,0.002286265840244616,0.1202983931528733,0.21688278796848426,0.15892733392470024,0.09706859393956514,0.4957770139855497,0.304197506157289
801,803,34,0.0018375027836073593,0.0038029663988397543,0.015976158922592944,0.01223737570455194,0.5179505262469106,1.054988599353852,0.2682725598706919,0.19576628342018082,0.7677505340646295,0.7072080030570305
802,804,34,0.0011339469608227612,0.0007713629284519752,0.018757750677383122,0.007538037584036692,0.23276429941110752,0.1559464883582545,0.26827728419619445,0.10457980890074389,0.7142321248264873,0.25521782981904295
803,805,34,9.139628771074914e-05,0.00015909047990966084,0.004662349231212455,0.0028863655245808637,0.09131706792258602,0.15731662329445245,0.1478058151243364,0.09142052093197572,0.5020467345328892,0.3119311044797995
804,806,34,0.00020659566561174442,0.00046820872770954726,0.006015491952626582,0.003374819072644996,0.1407220013823141,0.3167670148144886,0.15592419005492153,0.09008269502628617,0.5722488441011485,0.32223438245150343
805,807,34,0.002211445193445209,0.004087757789155068,0.014876416596748373,0.016047319323489052,0.8339254570138805,1.4478795319997186,0.3081263010116184,0.295087185548792,1.1437656971461632,1.0793828716645075
806,808,34,0.0005610715220160166,0.0005368484370661625,0.010776412645902704,0.005890976502381299,0.1636509162866894,0.17013430623181833,0.18174074447768576,0.1059214445423679,0.5881596860640189,0.3369704202721353
807,809,34,0.0009071678394534768,0.0032056865963886634,0.010440587271552752,0.009969626997386478,0.3378336836638696,1.1277328144753846,0.2096871448790326,0.1867771960903049,0.6476375280934221,0.5564086740001679
808,810,34,0.0005620943110282978,0.0007024803260718551,0.007859505432219627,0.004880197473966574,0.3817084295373848,0.46132113030705885,0.20442081286626704,0.12212160177873152,0.6442016621722895,0.4061847728050072
809,811,34,0.00014571507999254905,0.0002689840809433994,0.005867726190070457,0.005022177811899063,0.17891682424199054,0.3614767836544254,0.20720972339896596,0.18363008844556186,0.6656006776234683,0.622829456184688
810,812,34,0.00015872962366944086,0.00027541658539632333,0.005564963623114368,0.004509328371133316,0.19481909343534531,0.274439171245725,0.1999534819932545,0.13951902715565212,0.6364728703218347,0.4686091651161134
811,813,34,0.0011922300476030882,0.001378365461952737,0.014105288174879901,0.00901363710196367,0.2801767530549756,0.2813799470859312,0.2217782503541778,0.13187458273423608,0.7675066528951421,0.4863403085380284
812,814,34,0.0019193378791575978,0.002005833145346514,0.017869847333606553,0.008755681187199818,0.252847720266265,0.24820104099033652,0.20864124705686288,0.09454837857587776,0.6379775299745447,0.29293772455340356
813,815,34,0.0006945217082027418,0.0007744559264111646,0.010461679296841955,0.005429305065450927,0.274175664766089,0.2626562632138906,0.216394482728313,0.10057377753345667,0.6409324858995045,0.30139383638346057
814,816,34,0.00021734407825052212,0.00022406909563048077,0.0063699955832870565,0.003291735195602846,0.2008601231226588,0.20665974829269373,0.19357318847494967,0.09862620473256892,0.6084949496914359,0.31841425806195706
815,817,34,0.00011730830390340142,0.0001790030777175309,0.004572243864565869,0.003311482708128135,0.2551353466970956,0.4163219430480086,0.2121823259136256,0.12199437676319304,0.7067021385711783,0.4361803027413376
816,818,34,0.00022103670787199757,0.0005187514670117529,0.005832856846288504,0.003831531656347922,0.2630160463261692,0.618976021295175,0.2015446650193018,0.13236122804617254,0.6144709622158724,0.37778370836299885
817,819,34,0.0005259092630801795,0.0006953351353987123,0.008775836212889236,0.00477509557855698,0.12621515744146616,0.13153862286463128,0.14161196427748485,0.07718030730353333,0.47502975735594244,0.2623314454040156
818,820,34,0.00012638282948822,0.0002529647892150676,0.004361320228781551,0.0023433947234959064,0.19321405228829996,0.31335721016743817,0.1787339474129326,0.09804468833061199,0.5873936940641964,0.31331006770709546
819,821,34,5.11208460706899e-05,9.05877300728895e-05,0.003636846161337898,0.0022932213509951915,0.0778538794393706,0.13667694639396258,0.14267399622236981,0.08949273968120426,0.4814869866651647,0.3126725940899964
820,822,34,0.0009496838106315408,0.0010716417875725362,0.01521759300821406,0.010520330274946076,0.31869670005022166,0.36518038241300593,0.285116275662885,0.14056418728467412,0.9594199683736352,0.4887482445611
821,823,34,5.798336919457035e-05,0.00011748469562240869,0.0038335724898120936,0.002439701743675014,0.1142072928521563,0.16569762767765667,0.1820355855366763,0.10176354335693866,0.6613366621382096,0.3953134171925106
822,824,34,0.0002502602812509234,0.00042416371535002815,0.006070190547581981,0.004353839265277248,0.23394286940696046,0.35233096442717105,0.18976635201012387,0.13601129260232125,0.6142263579017976,0.4865132184514745
823,825,34,0.001678744615065518,0.002739789723263436,0.014110035077251,0.013074096035311686,0.7899768286768127,1.790844514362835,0.2921794880291118,0.30179212979639536,1.036310750991106,1.197867557825447
824,826,34,0.00031214496651527416,0.00037224095961910805,0.008918515433940817,0.006708783869675273,0.4195463601499796,0.5872173497663937,0.32001730087487135,0.2589085026552119,1.1690506321542404,0.9572632505133798
825,827,34,0.00035178135562198483,0.00038421597114772396,0.008119358338744324,0.0044109525376379655,0.18535936841576853,0.2254356023980633,0.17984329405076363,0.10722686896566958,0.5851469942752052,0.3431749403810904
826,828,34,0.00015615980651893872,0.000254892383171654,0.005141384721569279,0.0032815994993044433,0.11677814894081916,0.15219518083188005,0.14671554767033634,0.09322833350352001,0.4929171629688319,0.31392865129265735
827,829,34,0.00018461040797453332,0.00021159299280464183,0.005817853243035429,0.0032726693093501993,0.12976883962640867,0.15487022073223036,0.15092332496800842,0.09229466643361751,0.5002606353339027,0.30188375071223317
828,830,34,0.0002115260105196124,0.0003087711628772059,0.005534067183308413,0.004296181285374605,0.12853419318151496,0.19852131154833397,0.14022170133231318,0.10227649383155779,0.44995292232317086,0.3105244899831898
829,831,34,3.2158364005601255e-05,5.399080189560498e-05,0.0033570288112113145,0.002001091620850449,0.1543447043171481,0.22541487611816677,0.23609745896914425,0.14209236926103333,0.8692940780345131,0.5357220591474863
830,832,34,0.00011662756748244326,0.00024461668235519813,0.004963690716335002,0.004100199738116037,0.26070281192112493,0.48573030291093555,0.24138849929851644,0.1951858635030021,0.8331038241877275,0.6606028791905403
831,833,34,0.0006778788436296215,0.0017232128445686553,0.008059812279123649,0.010671432017130947,0.4124851406976471,1.162835068513437,0.2169144313015482,0.25727540583465075,0.9316807715770077,1.2117413841687927
832,834,34,0.00040422142144373485,0.0005246949665278435,0.010483785837149137,0.008378898877909692,0.24492827939513304,0.47868835898482237,0.24690938089042902,0.22639608598565325,0.7437446652089849,0.7486905536618703
833,835,34,9.672180932712388e-05,0.00018380300889135373,0.0039059427559978385,0.003317106516686977,0.0833701342857881,0.14821010946556773,0.12236810075666975,0.0923964002874124,0.4331807741785751,0.33167308475918844
834,836,34,0.00022630632331383286,0.0006687677740634323,0.004476344666567028,0.005965133819829241,0.3861692532835364,1.500348557178315,0.16995490221854517,0.26655732674247723,0.6134203199078055,0.9563747598901112
835,837,34,0.0009954450077416636,0.0011115483153372962,0.013740332810865605,0.008292877489510075,0.23301084712147713,0.21081689071057996,0.2184638245140805,0.11258909818763221,0.8226256738690769,0.44334737053845297
836,838,34,3.112462797402901e-05,4.3410645055021075e-05,0.003028155386667041,0.0018058476119411889,0.13273006337968743,0.21278104532387004,0.19226531268042676,0.12892594460017764,0.6123014188864652,0.41315265588905487
837,839,34,0.0012398866880068775,0.0008335647628925256,0.018235434723251006,0.006449006584147292,0.2951207936686628,0.19405896470613127,0.2818929697660839,0.09667342437142376,0.8613351644838557,0.3098417956566533
838,840,34,0.006992082482507639,0.014415371109951752,0.020905138938413823,0.035067093610067476,0.5076276107472094,1.1237643553824177,0.30447498851400967,0.2439061278645034,1.0890350394389208,1.0918047179268606
839,841,34,5.981766912555031e-05,9.950375319220744e-05,0.004094532910077011,0.00205458369316451,0.09529425962554182,0.15940921093979116,0.16386579787906477,0.08147936940947804,0.6206689853878582,0.31637701785667877
840,842,34,7.91859816030517e-05,0.00012774278834638077,0.004853358204640886,0.0022798865616961653,0.07693652307395549,0.1274777243335312,0.1505766072693993,0.0720677203705334,0.5769883201402777,0.2839268754274076
841,843,34,0.0007136960151081654,0.0014661537993723615,0.006538594977053649,0.005949946641852626,0.7626937275807208,1.9676014276869453,0.2339358719832757,0.19618264263311333,0.8142821034964394,0.6534796947998927
842,844,34,2.9230843812697192e-05,4.5689148921150445e-05,0.0027840433313566096,0.0010715292070911488,0.10169325100586694,0.16009353207482943,0.164313166457064,0.0632627077099681,0.660933767171467,0.2594183787138521
843,845,34,0.0004015358249021387,0.0005606323341810591,0.005836277861175511,0.004405057593901588,0.20334296691340997,0.24795803868856617,0.14353356137871742,0.09716358273475778,0.5147395747549394,0.36798867333041996
844,846,34,0.0002526736500786843,0.00033026383588597374,0.006373488940024639,0.003938293336901399,0.09852361279841074,0.12399730912910063,0.12567311054205194,0.07699448440061196,0.4219274910933831,0.2636168461459679
845,847,34,0.00034051264979365547,0.0005522911616125102,0.007962765630937237,0.005204419831469038,0.10156167886110351,0.14503116605499705,0.14118263234986977,0.0876760513017873,0.5179565110627342,0.32284681101810575
846,848,34,0.0005561143008141217,0.0006479613624976122,0.009677749942056835,0.005822784081744193,0.33729172793819623,0.383036078323597,0.23554432326379945,0.13722789926498008,0.7330446848097969,0.47660540470215673
847,849,34,0.00040634952673666277,0.00045802958804498254,0.008376586470095551,0.004659322639532007,0.13184313978725934,0.131074562339494,0.1540175313677858,0.07483238298971046,0.4494268841603223,0.2313217550161735
848,850,34,0.00016089020383493763,0.00019888459154234934,0.005727806563406964,0.003005463540667444,0.19984132815700242,0.21365313616944662,0.21740001878317664,0.09649414857975251,0.6863856981782352,0.28781037519670466
849,851,34,0.0005768435420684589,0.0007277563128650362,0.009008433751981048,0.006250419135424599,0.3364211301702787,0.5929808901117372,0.20161274206988952,0.12147475253331542,0.7340782679179135,0.41176022842655785
850,852,34,7.78768125040669e-06,2.151068915238965e-05,0.0012818763044539511,0.0007823233317508101,0.06775376513627741,0.11710494487501924,0.1317525489036651,0.08166942422002191,0.4844921312349684,0.2989024524371114
851,853,34,1.602895832106429e-05,3.6154719862686306e-05,0.0018215764901148813,0.0017472359281331632,0.14273668031947798,0.40956821735503524,0.15876880534650648,0.1844560693481922,0.5545524264521459,0.6369104163213497
852,854,34,0.00031812824375479336,0.0011041440413833788,0.0062802147654378235,0.0054346489376675905,1.1108003281166448,4.634706575381591,0.323625641710618,0.33282699895584106,0.976947991287007,1.0522850448354253
853,855,34,0.0002844995291364766,0.0007425271445138021,0.0054856880930909775,0.00529279762675215,0.8294742338852409,3.0034271310316845,0.29064300108481855,0.2970555480790162,1.0062373859040878,1.011456429436545
854,856,34,1.8197004093882936e-05,4.007723858273763e-05,0.0019004635439213255,0.0017692508712988581,0.08526825456304804,0.15617550096828195,0.1345089429112918,0.1048442137743556,0.471413764226086,0.3567198779163614
855,857,34,0.0001310570022931589,0.0006872228181616643,0.002160319547435981,0.0027278946154225703,0.5009221828830264,2.6171139576430362,0.13370485488763628,0.16755580730986627,0.494250738664585,0.6429493416368668
856,858,34,5.414488247665491e-05,0.00011490639079951196,0.0037260490421698812,0.003662339008683882,0.17647030670195818,0.3524178164644808,0.21920432259931283,0.20538584103543508,0.8760874258244739,0.8863750374047548
857,859,34,0.0001752833656329291,0.0006285762289919538,0.004746534481562455,0.00477492398009629,0.48465996723183813,1.8883013659513948,0.23157082257025383,0.22699185513536538,0.9044068876434775,0.9156803044702729
858,860,34,0.00013500611369047822,0.0005154861584152293,0.0036537892678204704,0.0025637052169779607,0.6478600574328619,2.7873201005755397,0.2312079529990168,0.14913184112818664,0.7456081316751593,0.4976390710655102
859,OT,34,2.254519211299018e-05,4.285553133509596e-05,0.0026314598302740384,0.0014164050142344688,0.0665939806631821,0.14456160772278487,0.1405724230058053,0.07685776283785313,0.5233835994320757,0.28607801796231125
