user_id,user_name,windows,mse,std_mse,mae,std_mae,nmse,std_nmse,nmae,std_nmae,mase,std_mase
0,0,34,0.00035867763488247017,0.0008097499491281832,0.005492290344965809,0.004467577165574286,0.06669751251020524,0.13344967369640923,0.08470085498822086,0.0524215431425824,0.3008587910410236,0.19762746231013223
1,1,34,8.711871821694385e-05,0.00010869240634373147,0.0037510728956583667,0.002017143114335357,0.04372118301141788,0.05692785132290928,0.08257055627729963,0.04842606022392544,0.28788765213068795,0.15993873664093305
2,2,34,0.0003088420055385487,0.00035747928563452993,0.010115628925097339,0.0035698730399876424,0.04631990065579029,0.058642986993511684,0.1237981672234395,0.04361193138048678,0.35745459751171227,0.11898473346816722
3,3,34,7.200322756141438e-05,7.528634121582508e-05,0.00374601869706941,0.0016904961516572186,0.060597939142847765,0.0667243400043164,0.10620207328568487,0.046795778118887243,0.31492871922605176,0.14166137244690144
4,4,34,7.590271588456103e-05,0.00016210638100904996,0.003020778072395307,0.00198828086373754,0.05477974868571276,0.11020481247495485,0.08349702594911351,0.05184243826123048,0.31063488673637896,0.18886818049100879
5,5,34,0.0002591339074275739,0.0006265282881678145,0.0058766415596063085,0.003914738114416088,0.055660331971012056,0.10597197545502116,0.08930498010971967,0.05442074161601938,0.34394049140460353,0.2150613280595089
6,6,34,0.0001480017801227137,0.00019447372016588428,0.005571028697030509,0.0023956350603446036,0.041085264967371,0.05681885948282399,0.09210130649016184,0.040522683294553156,0.3236076987403281,0.14076289782638707
7,7,34,0.0002021867224303766,0.0003114787269196725,0.005900524433373529,0.0028949610272353413,0.07060785655630752,0.11130081416351997,0.10953545493676382,0.05519617617579573,0.3745111608329941,0.20328224359904576
8,8,34,9.802377775593093e-05,0.00012184455487128806,0.004949757507454385,0.0022543793329951713,0.05476332427112057,0.07486072957531846,0.1163448957616792,0.05323580426646233,0.4156272950417855,0.2036709170607155
9,9,34,0.0014879913201987032,0.00630973935538507,0.010937561815166297,0.015582841154442756,0.08277607511948137,0.22057994362368516,0.10561400871066486,0.08996619681751851,0.31537355263443556,0.4659089871091872
10,10,34,8.811118291037822e-05,0.0001224377367487083,0.004096475874950343,0.0017176027286891057,0.06933108462459024,0.09495788262698686,0.1179706991157111,0.042739373893178334,0.3044128225130193,0.10544776883401588
11,11,34,0.0001703724868441307,0.00025972893850023486,0.0046814429840785175,0.002801122487833055,0.05699858603560749,0.06541875659285117,0.09248105162645087,0.045855250728660514,0.3174358165877707,0.16319562320048808
12,12,34,0.00011611812386250035,0.00011938925192168358,0.004936716916477855,0.0019866487326967485,0.05561562641934656,0.06605324321330797,0.10266047124476994,0.044770084005145296,0.3000146413550657,0.1402758838011352
13,13,34,0.00010988842883735368,0.00022498800167554633,0.004201516690527034,0.0027921524466581545,0.07291087749249794,0.12395245697367407,0.11130758122924496,0.06836526221774822,0.369806649053798,0.22816400681547158
14,14,34,0.00028671819307098356,0.0002559358667292138,0.008930972277405946,0.003668803607817216,0.05562328566413592,0.051920653664716356,0.12424084226436474,0.053386811819375594,0.38758188135483684,0.17097108045382634
15,15,34,7.411931477797814e-05,7.880828149108404e-05,0.004207307383801569,0.001737385407771083,0.04038856248371303,0.04602172672558464,0.09734437625636072,0.03984706310186009,0.2698544443530195,0.11404942417533699
16,16,34,4.155966967377868e-05,8.296972585817631e-05,0.002853442696505226,0.0020091731836698497,0.05357260291245492,0.09596137488687707,0.10743790481458693,0.06182601434373825,0.34163094355779533,0.19860187352833014
17,17,34,0.0001797744997769341,0.0001725255216843744,0.00706341302515391,0.0028278822595134124,0.06280906101250473,0.06292363821849797,0.13074534802752383,0.05336296635443818,0.36460090691552444,0.15498904727655632
18,18,34,3.834865037119658e-05,7.067583811683659e-05,0.002932960636612466,0.0018285300582126858,0.04489438549396308,0.0850349310874028,0.09823853292447679,0.06537338729521798,0.3613000030026716,0.2362976172302326
19,19,34,0.00034699102887797754,0.0004719227802963853,0.006456818527487271,0.0036644627165320453,0.06899679608999149,0.09029177687737856,0.0943055151249556,0.04940179543567945,0.3303457559908138,0.17262053199330293
20,20,34,2.4127494204067797e-05,6.710618022086791e-05,0.0016116589506375877,0.0022506003955922375,0.014969921132433228,0.037036998330092094,0.047862263670300734,0.053953678471640294,0.16353336250519052,0.17788251284474324
21,21,34,0.0002788274038473847,0.0004168383207856728,0.006746265585260356,0.0042213888580779615,0.06560373851885636,0.0762713355464143,0.10609257489661961,0.05365164284741775,0.28323903110097437,0.1385406226604817
22,22,34,7.682498783330683e-05,9.668852167580219e-05,0.0037197667372632116,0.0019532928560877533,0.0644751673372572,0.0914855865567452,0.10516650678918642,0.0591328166077877,0.36839377792442546,0.20536871127650183
23,23,34,0.0002899974475868101,0.00039496622310119996,0.009620058446136467,0.0035666178868319553,0.05410168035065427,0.08388779623337823,0.12960148252108517,0.05038187113781414,0.390224789871889,0.15016662721939306
24,24,34,0.00023150375856108868,0.0003706840851064482,0.006508084602982682,0.0034633083443725327,0.0741865971358493,0.1411662117317976,0.1122223319595351,0.06885985512216532,0.39817797304952846,0.24709316598297215
25,25,34,0.00018788421357385232,0.0002807665479590167,0.005984185208730838,0.0028410421015414977,0.055051986388314295,0.08297997265479097,0.1025540562456145,0.048961147934775365,0.29260099854539423,0.14160624447936646
26,26,34,0.00012765292924942675,0.0002832645892767321,0.004796579439083443,0.003069538990174646,0.058828973252435815,0.11952962564174784,0.10578131522325908,0.06360836095936423,0.35884016051011924,0.20722462004230496
27,27,34,0.0002571983797732922,0.0003513258505603907,0.006616616707213004,0.004850810402313659,0.060317159952212346,0.06189504933930153,0.11281753802562461,0.04897932240279571,0.4289526303901392,0.1770566701081888
28,28,34,4.7000173601511907e-05,5.067313404045215e-05,0.003696439982912339,0.001578730774327743,0.05044307980878169,0.09204514988605429,0.11152807623147964,0.04844848762242162,0.36189070826067643,0.1853022240305429
29,29,34,7.873355554345514e-05,0.00016394103086760095,0.0036908026907921713,0.002149675228468515,0.04633465942050166,0.06086999641213227,0.11013892534024575,0.05813932000183884,0.3420104371274219,0.18926300241071348
30,30,34,0.0001242126821072067,0.00016130513293534574,0.005541235283838914,0.002541786908609586,0.03896807982613716,0.057978158720203406,0.09580612511319272,0.046505465525519395,0.3453313204295495,0.16436941955984988
31,31,34,0.00021929326077738283,0.0003311745722009045,0.006458232809296425,0.003665160383512845,0.06090418030233944,0.09155277328068194,0.10950950314016904,0.0589467263649838,0.35149626433849335,0.18735701627589726
32,32,34,0.00015784911824191702,0.00022681872417607931,0.005806069458177423,0.003063035977718228,0.05916900315102847,0.08777852403546371,0.1115540329586057,0.05852989025499395,0.38067733847043095,0.21310632225998236
33,33,34,9.58869593031362e-05,0.00015258686525121184,0.004771726750357843,0.002444686164233682,0.037615922526182496,0.05886498914343925,0.09681087502223604,0.04630759867739404,0.2844642856541802,0.12918968816012635
34,34,34,2.7403073047213076e-05,5.678484197466736e-05,0.002236480174093124,0.0013565364188371839,0.05425066937802031,0.09039570746244227,0.1037849714869962,0.05876389663370072,0.3522486489485292,0.2045353124167213
35,35,34,0.00011563932033662721,0.0004912412852783106,0.003257897843415027,0.003055402936638483,0.16468674567637637,0.6911328528905997,0.1256702850189279,0.11474456815646177,0.4507705310688299,0.40867643278874594
36,36,34,1.9746265285689067e-05,3.797385367837483e-05,0.0022974798818776276,0.001003908476319167,0.05280535983140854,0.08878662630662976,0.12078874295248705,0.05086123904275034,0.4174175683189841,0.175833688224983
37,37,34,7.777039012152647e-05,0.00010473947191714128,0.004222945823772427,0.0017952383272810306,0.036913302911938554,0.04953416503829412,0.09201919101178646,0.040715599465266615,0.29797402331057715,0.14748920770657561
38,38,34,1.9190333225250308e-05,5.316773657208056e-05,0.001893630181096823,0.0010039246598436845,0.053598580477923596,0.14799921024990292,0.10002990921630579,0.05369718688995894,0.3472490665667197,0.18482450452592175
39,39,34,1.5569335891327416e-05,7.168765945588354e-05,0.0011036260265802197,0.001371970096510017,0.020181838779963608,0.09298804798501781,0.03972968623480376,0.049354870275165254,0.1410607260597103,0.17527155219802412
40,40,34,4.868826247542636e-05,8.230753176470952e-05,0.0029868375859223306,0.0019122631522404798,0.05698682429433307,0.09792537153647385,0.10253519301905352,0.06520732320615297,0.32375989591374116,0.20271714712719216
41,41,34,0.00021479567340065842,0.00043808934788854085,0.00559159492567072,0.0034501979573736013,0.06640422837945688,0.11597109195920884,0.10205791167476598,0.05774075531140485,0.38887561726219516,0.22494311608404008
42,42,34,1.4541607255329622e-05,3.010075379691582e-05,0.0015807982862872235,0.0017143236513924652,0.02360691928119837,0.05889262342752094,0.06431448810240802,0.0635170663308977,0.24255915358662605,0.24850128433461968
43,43,34,0.00017899386458499495,0.00016311843196801091,0.006749906200532089,0.0025929285576319285,0.03279725878554232,0.02711748224653892,0.09287056228255525,0.03236189535133549,0.3292563645278706,0.12019291225861928
44,44,34,6.026616123937642e-05,9.67472703312459e-05,0.0037502043380621165,0.0024309599980402263,0.0582092128255788,0.09116390296096027,0.12340698851382031,0.04919427001443855,0.35898584478041706,0.1316525541772993
45,45,34,0.000249215478053135,0.00033721616522444767,0.0071258253267254025,0.00356867213512565,0.06845724558019463,0.07919853509662614,0.12325206097653683,0.057242771290485654,0.39764658580808077,0.18438510385646886
46,46,34,0.00010575715368458184,0.0003089116393155289,0.003228016201105407,0.0032508431739040502,0.0167990995618953,0.042245058978944365,0.051128465079647654,0.03480984554394247,0.20418853203163428,0.16491754150447566
47,47,34,0.00025868977425435495,0.000358455871693017,0.0059734024723772615,0.004536398869385771,0.09209626150892719,0.12431403413332338,0.114502799752004,0.0804061883875424,0.38737179667634125,0.26558577384791743
48,48,34,9.093334676221916e-05,0.00012980864259641263,0.00443089973893674,0.0024739690625578685,0.05524035584291115,0.07640694007575154,0.11162033249788425,0.05781924767412767,0.3200116516912685,0.17794174138599878
49,49,34,7.975064085365054e-05,0.00012218413633667194,0.004503722419030964,0.001714322275923332,0.05149986856507466,0.08628757216512602,0.11190010826377307,0.044681339145144175,0.37147659545435624,0.15577102286292213
50,50,34,0.00012444659613292434,0.0003452713311835419,0.0035788342493641026,0.0031410725030403862,0.20463914971332997,0.6513395103480424,0.1370559889165794,0.13377193458141162,0.45364778795663047,0.43761133640294847
51,51,34,3.380350519551832e-05,5.792937711259352e-05,0.002656020241214291,0.0017503009352060083,0.040286327698541916,0.06546293290667421,0.09162685691433795,0.06201932686403354,0.32666422536267953,0.22751435625230843
52,52,34,0.00035055767137451125,0.00047170285828890333,0.007992238703402965,0.004139246228523117,0.08424571513965287,0.1049383284759915,0.12602577227003434,0.059362565404639,0.351271894048242,0.16246668667763245
53,53,34,0.000166061707612725,0.0005479649284651241,0.0038580349167151484,0.0028661948389076776,0.2237257676144295,0.9622268602624597,0.1257897430263898,0.10979267249969626,0.46528810437987833,0.41514006940785897
54,54,34,3.0650491974965384e-05,2.7559849137763188e-05,0.002969288856119794,0.0010216052778280933,0.03241538070142269,0.03113781796471039,0.09586052311693921,0.03407809138734969,0.280034184894141,0.10167006054605743
55,55,34,0.000612582972013008,0.000824609393655911,0.013646644800353576,0.007157259697913384,0.06115205312038169,0.07656457389302734,0.14129729262169669,0.06058578822817373,0.4160344131729182,0.1794873861121452
56,56,34,3.7593611229086114e-05,3.168162357000428e-05,0.004335005120511222,0.0017115129319690541,0.014357063385164914,0.011819633604731023,0.08481547170702149,0.030225798243044315,0.21632175322841196,0.09319233701164925
57,57,34,5.377773569601713e-05,8.917946969346094e-05,0.003194510406020152,0.002066546315286621,0.04151177662424743,0.05527914500343591,0.09712882997358546,0.05019743933742946,0.3000795878469944,0.1465865032771426
58,58,34,0.0001285222613339155,9.774036763286416e-05,0.005427385142812615,0.001974227377460157,0.04768801531206597,0.03383877327592259,0.10551572843071293,0.037307690420359176,0.36301407261806373,0.12182577564130725
59,59,34,4.246351606445173e-05,9.708490485729903e-05,0.0029619722558623727,0.001605599042888281,0.04363951302023933,0.09862878946207639,0.09531847080763649,0.0520891010744717,0.3542919833870495,0.19096155149406416
60,60,34,7.233910737875918e-05,8.717390174837466e-05,0.003932938483023249,0.0017864475666340468,0.04514178804888883,0.04995483408154489,0.0985140237299835,0.043796954539780185,0.34063776582479477,0.15265391395756173
61,61,34,0.0002780749037570144,0.000601930649848533,0.005627464318154927,0.003918073089325428,0.06245234088890035,0.12308114158489393,0.09080710152492803,0.05367503973740064,0.3070574299815823,0.18874132459593032
62,62,34,6.09744834170723e-05,7.366439378915476e-05,0.0041652164106969446,0.002083345746657804,0.04513980093521669,0.04707155841999413,0.11696742946172461,0.05355002811604847,0.3134371473946992,0.15528985474172827
63,63,34,0.0001608492123703881,0.00022813925945209626,0.005774666664793211,0.003489562211766104,0.06502627134014961,0.08953635895495386,0.1157979822224554,0.06391892825481486,0.32085905355565686,0.17276633668075617
64,64,34,0.00018700485487202327,0.0002988188091203602,0.0056427505606894985,0.0031477693613669185,0.053070460405091155,0.08932017879170519,0.09451388600556289,0.052743642205235745,0.319076548823539,0.17548313515530478
65,65,34,2.7453246843833767e-05,4.3418562189622095e-05,0.0021448768983485505,0.0011544050809788675,0.06510316358660073,0.10762783370676213,0.10242598635308883,0.0529345896807465,0.35174816978328366,0.19348319346255216
66,66,34,0.00010358210571289018,0.0002106588955727645,0.004465642083018525,0.0037855684731503423,0.05239552586692084,0.09721586637502194,0.10598052479326725,0.0843415215002156,0.3327367879888591,0.26682098964983875
67,67,34,0.00015259562198533625,0.00019561592607016763,0.005273185910054427,0.002150085578067545,0.04558948215151973,0.060763167680301676,0.09073008859858793,0.03790957353185561,0.2863242667825783,0.11924297628061283
68,68,34,2.6796207855702104e-05,9.658041979334993e-05,0.0017162096200456075,0.0014648382318319813,0.03694560286171241,0.11273401318952633,0.06189971072051455,0.05352637952126094,0.2260979611207457,0.2009328097058759
69,69,34,0.0004129390918999952,0.0004690142667071573,0.008922882924226168,0.005813655357039743,0.07395412023213473,0.0782675870192557,0.12331561190897927,0.06771993836496605,0.41236556167988214,0.23604816872404055
70,70,34,4.6286495529891585e-05,7.843358042969786e-05,0.002800881359315313,0.0014375197861098616,0.05442075750461834,0.09135513825669968,0.1006456520408392,0.047204425892361096,0.30397633287836523,0.13867636275984915
71,71,34,0.00022763720859502964,0.00036470232559681444,0.00625975092407316,0.0037029627867580417,0.06671751674045534,0.10273345708746108,0.10657529280904461,0.06335788533495802,0.3465777061441365,0.20225086501963568
72,72,34,2.2216794083279264e-05,5.5669991663308034e-05,0.0020315200638245136,0.0013395818842531653,0.061000195112736785,0.14913208918800927,0.10641438119551715,0.068554446861398,0.3890402334577897,0.25153164538939865
73,73,34,8.632250054527984e-05,9.879172423736487e-05,0.00446895561317968,0.0021927127641261112,0.05301116576746983,0.05229639500708154,0.1188400130280677,0.048387781684329605,0.3700062873608926,0.14629282592833392
74,74,34,7.262085163053117e-05,0.00012518144864617144,0.003079498792751966,0.001794518793445071,0.04419403290376067,0.07057890686225941,0.07953212059596006,0.04209888672555122,0.29969938625307646,0.1565099138399086
75,75,34,9.405998516473012e-05,0.00017880558813481074,0.004528254431480651,0.0035270167360341212,0.056692897424320966,0.08636751239217035,0.11824993033181219,0.0750811987764397,0.3409780285814229,0.2250648636658122
76,76,34,0.00023103881620259285,0.00040027158635924675,0.00662058185758617,0.002927697602136316,0.06320400770260569,0.09759484256864545,0.11112101310316254,0.0504114870239901,0.3782901582034195,0.1639060775240621
77,77,34,0.0006686455224767354,0.0019436287488606167,0.009045320563018322,0.008069261069977358,0.05782483169562457,0.13442946128375002,0.09224644533413298,0.0719141401185357,0.40542571641066494,0.3231523485987625
78,78,34,1.7259704410786098e-05,3.1233303201219534e-05,0.0016955491626183229,0.0011775083030966481,0.05652886926648481,0.10427769043289738,0.0943283785463256,0.0691635557937488,0.32626443312448616,0.24010132053964522
79,79,34,0.00013608070318749764,0.00016526404809238943,0.006547633222961689,0.002706399079132309,0.043253930011654604,0.05852184827386776,0.11550896932535312,0.048813028344469635,0.30011606698527055,0.13028409628878118
80,80,34,8.592018803831119e-06,1.3163306438037967e-05,0.0015920379527789704,0.0007952002218279147,0.05330899281098562,0.07923807466360071,0.1260086336337468,0.06411829754331948,0.40634789756115747,0.2042576503224663
81,81,34,0.00017994254419724764,0.0002782137935290512,0.005932237418806728,0.004242547589134751,0.0758436057880959,0.11010476818506508,0.12339043222806033,0.08332046608317313,0.42582216157632713,0.28474206571535243
82,82,34,5.3317269636382284e-05,6.602739798259325e-05,0.003860384054646334,0.0016280124768865958,0.04235349379151183,0.05489062562110246,0.10797557782600908,0.046842080699699466,0.29454510921941085,0.13778565622745512
83,83,34,2.0045045451578355e-05,4.064869325844932e-05,0.002139846347477835,0.0015823192604790955,0.05811892877853311,0.13122082207924757,0.11337445555802654,0.08622629274618764,0.4285566618337351,0.34982309402886785
84,84,34,0.00010984444943192905,0.00017940515753474447,0.004641876566251192,0.0022148282775798765,0.05170251043540809,0.07600184426783527,0.10377806797623634,0.04516196677075122,0.3328365530161297,0.14511718813967758
85,85,34,3.237684859414003e-05,3.7584112644944667e-05,0.0033352619399974015,0.0012545970505550381,0.042697991806027645,0.05652325632517593,0.11786101637955974,0.0469638404877106,0.3462160554002313,0.14172596174670746
86,86,34,0.0001502238214657957,0.00022792598502655148,0.0056869836852831,0.0028311183745396372,0.04741400617229588,0.0755071021782763,0.10041764794903643,0.05129822631937262,0.347665180616519,0.1814786186326046
87,87,34,9.226806988034e-05,9.294066438499351e-05,0.005173132926061311,0.0025252786071421466,0.03250832611914067,0.029085134229464432,0.09955586668323069,0.040363038979857206,0.2975632600924548,0.11617783246630632
88,88,34,4.0941780883606366e-05,9.860847380816465e-05,0.002201278639190337,0.001810586259452316,0.04936316318515524,0.1020884539209792,0.07506696951082524,0.06284721489473852,0.24572666055139372,0.20142041401198293
89,89,34,0.00023287977993437809,0.00029117353299636773,0.005881214610246175,0.0032134596809226925,0.05597109096261727,0.06421342223812469,0.09325150236049119,0.04460134465001943,0.3183011605459101,0.1507274516332543
90,90,34,0.00010825726891492676,0.0001552119961388954,0.004538816264625091,0.0025608799668382586,0.04854313476243988,0.06717915898349612,0.09788005574442007,0.053982802988891014,0.32103686034679413,0.17940204533547094
91,91,34,4.2785321591723274e-05,7.762547850506598e-05,0.002964696631191627,0.0012740700314424103,0.04802181694985313,0.09114900459239383,0.09824635482886258,0.04344848415508651,0.2760974479948773,0.1377461559860218
92,92,34,2.3977888762307403e-05,4.9218741509973685e-05,0.0023234860410037287,0.0017004553131399847,0.05793847586028278,0.12183220544742959,0.11305493543691494,0.08260736222265111,0.4166317498859237,0.324379869742092
93,93,34,0.0003115742477829746,0.00036190641041110587,0.008608515901655397,0.003710771687702931,0.04718157205292407,0.05420031021965706,0.10669000085224123,0.04460699780512258,0.35802053221884894,0.16370295853123365
94,94,34,4.181902250579964e-05,9.750549327371003e-05,0.002324827090727494,0.001535881115390213,0.0506160541999099,0.12201901585842685,0.08447386225795045,0.05258171401647829,0.3162500560283661,0.1956726595313876
95,95,34,0.00018647793272333837,0.00026228768518181617,0.005945947192444959,0.0032026016523589718,0.055205610067145354,0.0786604234884377,0.100893659517169,0.058815614113659875,0.42842135534566994,0.24987949490564304
96,96,34,0.00010913066016120651,0.00014433447688072605,0.004444626228445593,0.00208661133110577,0.05402115373598302,0.0646351582021693,0.09997217400985606,0.04381316954406723,0.3173266416963409,0.13697032035415618
97,97,34,0.0004561587065569149,0.0005510259367542755,0.007505104329217882,0.004206014441718791,0.05826165167673025,0.06535717514855598,0.0869836236405022,0.046373515206724975,0.35872159788713737,0.19419425617953368
98,98,34,0.00026172636980578213,0.0003791248912289181,0.006996028714210671,0.003970873496477088,0.047347379677162016,0.07184065025933285,0.09379585065385874,0.0513957645354899,0.3493043039651478,0.1872136102554938
99,99,34,3.654263654799947e-05,7.616498339458836e-05,0.002813266987419304,0.001681822459931102,0.05040367621490184,0.10460008136822364,0.10478209353545133,0.06279244517497631,0.36771179472698884,0.22704290972880056
100,100,34,4.247131006038404e-05,0.00010034837859346991,0.002457664120490389,0.002063629415888329,0.035247592685182634,0.06979659708969055,0.07853617201394894,0.05533850494509859,0.27720432158778696,0.19063617300231236
101,101,34,3.457862036652039e-05,8.598888939419621e-05,0.0026791351607671995,0.0019649179612431676,0.053237829586792296,0.13390077311116083,0.10428112964419757,0.07758863980369739,0.40822156299563017,0.3251830587665398
102,102,34,2.361575489912331e-05,4.130217098246388e-05,0.002599467715138898,0.0016119782201374443,0.04741222655866295,0.08502641047369563,0.11394407578250941,0.07354646596430461,0.4085339193834978,0.2811247469211647
103,103,34,2.0568679541183347e-05,3.9638503590210835e-05,0.0024429720360785723,0.0011734252782303312,0.03760903824449462,0.07476546608381977,0.1033453325576642,0.05065838864400015,0.32211384790785175,0.16234885630578988
104,104,34,0.00017829424371698492,0.0003090791608108026,0.004940634144826189,0.003002972223479957,0.06919336670954876,0.10479790350911927,0.10259248907951747,0.054408208320267826,0.34503523128874164,0.18598248276499735
105,105,34,0.00014433319085369208,0.0002427440315989497,0.005245532052974929,0.0028743710761475446,0.05759361478061799,0.09413972621652708,0.10611969659871914,0.05459786846683461,0.3294324353337288,0.17266008146420195
106,106,34,0.0001037785734401014,0.00018349943573465607,0.004282163154772099,0.0034095503940883417,0.06192043269059949,0.11750590155388081,0.10261599308646777,0.07511784935819314,0.3569440436275566,0.2686145540433281
107,107,34,9.656673535787645e-05,0.00015203842767400134,0.004512795185505906,0.002223572806967229,0.04373731560019009,0.06320621412942673,0.0983660875217003,0.04459155318008326,0.30164311782402153,0.1391976593226681
108,108,34,5.5785902960077e-05,6.331575952203764e-05,0.0039044808500501163,0.0014096145202046107,0.0316353708587806,0.04124520396407577,0.09090478849761627,0.036561046968465016,0.25304850410012636,0.10443858495206831
109,109,34,0.00029049678684767806,0.00046296940937772777,0.0070013373624533415,0.004559555581325678,0.05980691901298568,0.10886616830796227,0.09749990219579023,0.06889045523030811,0.36791905453976465,0.2549085457999921
110,110,34,5.7310806488598084e-05,0.0001075764070446517,0.0029598971595987678,0.0023186818659016715,0.06852726944164127,0.11911494081677071,0.09939561209038776,0.07085698673574481,0.3166990490520702,0.22839658114362824
111,111,34,4.711886232572022e-05,7.957685708033358e-05,0.0029501566588056877,0.0013702830083825344,0.06252079355694792,0.12795289604339277,0.10335550051839913,0.04802597117402767,0.33089417482123656,0.1611288231320174
112,112,34,3.8103017813869775e-05,4.653224712282491e-05,0.002951511661248172,0.0014893012733689218,0.0627622907049954,0.08149213178194332,0.12087762574939166,0.057726948634324066,0.3732784473720719,0.17690787616009387
113,113,34,1.3159081855546366e-05,2.4506914392220462e-05,0.0017917225674917811,0.001206635934911813,0.039124371627729165,0.08674701619511394,0.10301302263841909,0.06165083570078476,0.3266790960641468,0.19710302183510817
114,114,34,0.00020600630415735984,0.0005201107806815456,0.004777265068910578,0.0033903021049501107,0.07336343047619961,0.12219155143306962,0.09955931312459357,0.05726399456756381,0.34399666812490015,0.19265491622592323
115,115,34,4.630096249179453e-05,0.00015420075061542358,0.002166994189097108,0.002487836237520804,0.053685308786739105,0.1567117098200027,0.08245965652167797,0.07536916631204535,0.28909071249996915,0.27594984851322246
116,116,34,7.806094298329673e-05,0.00010789361165056049,0.004129161568605067,0.0021199310575793213,0.04369323270614533,0.06289455185056975,0.09777081089422983,0.05040429413911617,0.28953876127214995,0.1516520267876467
117,117,34,1.787206441777551e-05,4.2113505981694844e-05,0.0021051048328552175,0.001123274754136796,0.04220890327740241,0.06779195330996426,0.11097906201201327,0.05304174803439514,0.4089890959508279,0.19641013444806119
118,118,34,5.196838898267315e-05,0.00023370144966600506,0.0019980716341010786,0.0014486044183494857,0.2532223175307188,1.1882149283236256,0.12565833877991228,0.10377921989579483,0.43394577853819905,0.33429214959506753
119,119,34,0.0001775071164849899,0.0001936102376806483,0.0064740516587763145,0.002406854810940439,0.05402707097613636,0.06093977419808261,0.1117921675391057,0.04436868409370274,0.3043755301657845,0.12185927345042244
120,120,34,6.195068304163321e-05,6.525382370709803e-05,0.004024024422773544,0.001864581617795615,0.05576374614611268,0.05990839863569775,0.12088549027548116,0.05552169601659144,0.3807801464024712,0.1745840632567719
121,121,34,8.820058462119691e-05,9.763489223988967e-05,0.004023307413958451,0.0015301191051938436,0.049996652517139036,0.05401955365142692,0.09732885439606274,0.034693057793655724,0.2769099730340874,0.11336404435350349
122,122,34,0.00010363604545037721,0.00019023811302020945,0.0047176502001307465,0.0024915401860397604,0.04157226699787904,0.05970688973014639,0.09923194009153281,0.046036473045358,0.319396700052654,0.15100309904518724
123,123,34,0.0002195458043441998,0.0003241385867173888,0.0064946285325705125,0.0033351416586087246,0.06463238031274694,0.0982622445430619,0.11110814080080565,0.05949320392601384,0.3314764083308332,0.18180310844397152
124,124,34,0.00015465574558541395,0.0002116538019840679,0.0057463624774861865,0.002871478837493982,0.06201781484517543,0.08595139995611291,0.11576366052031517,0.052136505800205964,0.35589756991933374,0.15796779047308368
125,125,34,0.00010650243238534826,0.00017730185298106308,0.004595260354964172,0.0026500960991785063,0.061802731840597355,0.09147677194874722,0.11317639074781362,0.05977088300648007,0.34108418489203735,0.1823929558172246
126,126,34,0.0001278351679796769,0.00047477151581617127,0.003940303121720824,0.004895664738460776,0.0884875011329046,0.20461759375076416,0.12617741086903742,0.10497916037397477,0.4395683841670261,0.43112850812963827
127,127,34,3.724815282085354e-05,7.090265464395015e-05,0.0032280320130452953,0.0019980110016168413,0.042335742920198864,0.06413508645588548,0.10953205308931716,0.06039221134566673,0.3262449989424032,0.20455803907212503
128,128,34,8.129877466658668e-05,0.0001325093197127655,0.0030221031766439624,0.0019145817289381595,0.09329108481624108,0.2279502866775806,0.09445816179847016,0.05824884426443038,0.31066929987248254,0.1869650910422976
129,129,34,3.1336798562787246e-05,5.6013955113835956e-05,0.0025108462329679992,0.001471740997082631,0.048250998671659655,0.0913212521811698,0.09675484008210547,0.05842077307804324,0.34696602689869266,0.20960472233087404
130,130,34,0.0002620953493319308,0.0005288831201892981,0.007272298817577607,0.004004543392379547,0.051114837639033794,0.09987893905791098,0.10590736074920963,0.05512447806560983,0.3725565895438194,0.20180343918692384
131,131,34,8.70749100773965e-05,9.727372475119564e-05,0.004268888880580883,0.002472590160167631,0.03398438528358169,0.03805741510164049,0.08405179344117641,0.047557633346048664,0.2540070239235373,0.14826540920387618
132,132,34,0.0001314226616587428,0.0001949269553773417,0.005825790378045948,0.003331904355899895,0.06671942466431681,0.10058757816445198,0.1316127749707769,0.07603190460776114,0.39746543370625553,0.2123757243030323
133,133,34,0.0003911384103904471,0.00046029081339223337,0.006762414318098522,0.0034934119955498323,0.06458107059691376,0.06822858302208139,0.09034247203346561,0.0439966026359259,0.30784480777733464,0.15817299575338223
134,134,34,6.349895699825685e-05,0.00017303647859525254,0.002331747194094693,0.001359355542676538,0.15534844837555498,0.5811160180352833,0.09516118992777432,0.06513089567286043,0.3189330609405742,0.2154723254091872
135,135,34,0.0002284409706322442,0.00020847948895689423,0.007951232392395683,0.003091204964870497,0.04829803657005815,0.04402296936348371,0.11604392725755186,0.04424549634401352,0.36250434070825577,0.13349142346828818
136,136,34,6.127708725082758e-05,0.00012760654371763268,0.003096299374352812,0.0022878777317343517,0.07667597877683446,0.13276968202729914,0.1229304189191145,0.07619684109206575,0.4518463414381532,0.2877824983755542
137,137,34,0.0001408148221558162,0.0002417238038485358,0.00448993024388876,0.00258383562877944,0.06549278055728577,0.10769698240993238,0.09862994961440563,0.052977161452263236,0.3231910326901604,0.17894264867737206
138,138,34,0.00023493181801955763,0.00029878370995094526,0.008067164501613554,0.0038526230302130576,0.05425649706055136,0.06547724187025063,0.12466539289144908,0.05411569363273293,0.3518527601571644,0.17490942339321444
139,139,34,0.00027758814216587564,0.0004957831979469956,0.006575028754442054,0.0041660102695727985,0.06476414858651183,0.10677498680959926,0.10221080788794686,0.061817555931067754,0.3763701407348408,0.21985594247936083
140,140,34,2.7612338138115936e-05,3.949082703607794e-05,0.0028667384090915542,0.0014276406969434352,0.0450040047221324,0.07065028074494156,0.11621320620179176,0.0619628669347615,0.40564267205841403,0.2594258113292563
141,141,34,9.508322003003901e-05,0.0001402388292171582,0.004577681935830589,0.0025017760084831567,0.060428163694108236,0.09563538475850361,0.11318457280011739,0.06204493757558888,0.4064979763591991,0.22168134600527767
142,142,34,3.882782170826297e-05,6.943131633547928e-05,0.002363391700782813,0.00196492206790578,0.04005597536931472,0.07162735617016494,0.07991955999065847,0.06318930444773023,0.29816322510733323,0.22660483389592642
143,143,34,2.12225948396682e-05,3.100036877930924e-05,0.002467217033400255,0.0011580128531812146,0.04192551149411455,0.06305252637150367,0.10908521481734865,0.05526021624539105,0.377534192712868,0.20096204490161776
144,144,34,8.023521750414254e-05,0.00021689965696628787,0.004155484932091306,0.0026841541928203433,0.035569994306356156,0.08589739355187871,0.09032534972271498,0.05365706029035362,0.2971298067885287,0.1772444818739729
145,145,34,0.00011550449522367082,0.00019818835713424562,0.005111523027367452,0.003149635708818523,0.03525252018794965,0.04585876699537276,0.09783943643903031,0.05199437031656934,0.32804900758406697,0.17324028135667044
146,146,34,8.119739357639714e-05,9.262013364156319e-05,0.004064231088063132,0.0025798893027562347,0.044403138385592573,0.051444225886925404,0.09657833686865427,0.05793093821357191,0.2779339777634424,0.15889981452661467
147,147,34,0.00029597052873535124,0.0005399278063617789,0.006108785277533838,0.003982222842389279,0.049186149961315095,0.07706370112674732,0.08738703532692264,0.0436654846491801,0.2996427156031132,0.15588971369766152
148,148,34,0.00013698501829019412,0.00024447471070952596,0.004357135885477285,0.002454192876434956,0.09508216371485854,0.15285593943975032,0.1179234349333188,0.06349562491561192,0.35990027469747204,0.1983681018077693
149,149,34,0.00016075634512697647,0.00022460297044520866,0.0058488934026921496,0.0033080670633603895,0.05659183266791789,0.0778531511374668,0.1102628425201949,0.06131737800380114,0.38394652832956877,0.21726717625479863
150,150,34,0.00018858741264814264,0.00016760409665020522,0.007397383506245473,0.002701514237349132,0.03657669464454932,0.030553325684568318,0.10340267167810131,0.034368024553650886,0.2867114017991459,0.10116247488987161
151,151,34,0.00010061836824474191,0.00026211899317773427,0.004195343203130452,0.002749206984875536,0.04733726930092363,0.10756971030096597,0.09436167853281778,0.0568041520521031,0.29717834885506067,0.18046019645643557
152,152,34,0.00011713347893258769,0.00018010312105576446,0.005027079721912742,0.002467494535164211,0.06617013197940062,0.09522411932763983,0.12269050156807199,0.0543592206539704,0.37544475451988335,0.17402376666572208
153,153,34,0.00012460389563570702,0.0001954108787713102,0.005106021102298708,0.002646144180963756,0.046047939254683166,0.04945973549417174,0.10086714355822872,0.04305580513249351,0.2888033536865431,0.13693656644094626
154,154,34,7.181485792737957e-05,0.00013215071246432166,0.0035545326057164106,0.0019393642601893224,0.07025467642062508,0.11474309415936043,0.11222055214731132,0.06772486199133677,0.41922298292903337,0.26559781502498625
155,155,34,5.636897013934739e-05,0.00010313399237825344,0.0030652295373489753,0.0017540223044298436,0.07422490289215655,0.12663420468643183,0.11235816557617749,0.060292356075177515,0.36290203955243616,0.2150038220870078
156,156,34,2.7099351522002064e-05,4.2364402469627933e-05,0.0022548532741733223,0.0012791658200706044,0.04687537117142176,0.06938662443103552,0.0972622577648829,0.053216283435266666,0.31432146907729264,0.16902827579539842
157,157,34,0.00012137448062704232,0.00017743974716987883,0.006506190559936359,0.0029965581090689816,0.03280638184343629,0.044669296467761105,0.10699196641936022,0.04771698691380439,0.328358576139983,0.1499073688404909
158,158,34,0.00016136185906682788,0.0002886940733651266,0.004644519868580734,0.0026765306030657418,0.07142090572811224,0.12588005875960082,0.10071092712528565,0.05477000812738844,0.31550493661095114,0.16430214768266366
159,159,34,3.263721887780026e-05,6.228446052182009e-05,0.002709189392215408,0.0016297576941987724,0.041691514115561455,0.08969865250346305,0.09319730826160487,0.0624569906758854,0.332183783983483,0.22430831758873712
160,160,34,0.0003094629313743687,0.000539016371746068,0.006272785954506081,0.0038425201111063423,0.07258604123147533,0.12246852138419005,0.09889674986548283,0.056666618911127196,0.3277776166796684,0.1857533894549601
161,161,34,0.00015715342568214778,0.00018532335440260867,0.005826048210591954,0.0022431364086058854,0.03945363073281067,0.04519282138722677,0.09309226690846331,0.03242621907143611,0.31554562598466873,0.12184939615103291
162,162,34,0.0001597691450302484,0.0002272065555938804,0.00515555141164976,0.0030899454727313152,0.06607462397283491,0.09815893993136049,0.10337943309808478,0.05875656944955876,0.34158415172029943,0.20018332419624357
163,163,34,5.809631546285613e-05,5.864557987769976e-05,0.004205591634244603,0.0014403456961390173,0.03068971439429066,0.03074407980240115,0.09674272215103402,0.0338610271980547,0.2830825211370693,0.10982670724980993
164,164,34,0.0002268211726593162,0.0003709127065421286,0.0066936902003362775,0.004293073054315579,0.06120113357353736,0.10036110998386556,0.11625242934507482,0.0505238970971066,0.3114844714017475,0.15267691438075864
165,165,34,4.010731907091186e-05,9.998539366239947e-05,0.0019533073449137565,0.0018455330628120794,0.0513574161904056,0.14283238343277457,0.06875349959249005,0.05901495704421922,0.2368139132638188,0.1996382390988278
166,166,34,0.00010165222111294604,0.00017205095862495118,0.0041940336985349215,0.002536778140394311,0.05398530013147084,0.09386272908100639,0.09637395084342536,0.05669317625882044,0.33635615075335784,0.19489976503066858
167,167,34,5.971943863535082e-05,9.826823018810802e-05,0.003415856003651724,0.001839219110347632,0.07299132678000365,0.12402421012967715,0.11455810508307289,0.06783528543073108,0.3578544717062922,0.21514199883670776
168,168,34,0.00014633313757632792,0.00015543598908415558,0.006338219237102962,0.0031116500242895995,0.04370707432355951,0.053839551261688885,0.11080701167092603,0.046397128765788456,0.30577299130313534,0.15196254377408813
169,169,34,0.00018890565637347582,0.00031647374056949505,0.004877634257461657,0.0029865724110438295,0.0807475189486628,0.12797568174475393,0.10490647385663845,0.05398475455327517,0.3016045768471325,0.1587413333404296
170,170,34,0.00015502731572697112,0.00028458514425051216,0.004345005614381722,0.002807739550044158,0.13048311716000385,0.287920177670504,0.12161135038032252,0.0888595810396963,0.3880266880287844,0.2843477661882324
171,171,34,0.0004082972916555317,0.0005536988628646699,0.009817732607617098,0.004385830592307396,0.06238528179443058,0.07163581400659166,0.12327021590488799,0.04942399470438092,0.3332189505591112,0.13195555506457787
172,172,34,0.000129430083622056,0.00022606076985034356,0.004310746862114791,0.0018621549491994456,0.07217027456499636,0.10896349036956823,0.10703044844900861,0.04368613746220243,0.351560874896891,0.14080996965191342
173,173,34,7.71641227455642e-05,0.0001600416113403344,0.00475046389243182,0.002273341778805528,0.05542079183985205,0.12566599679686427,0.1240105188506491,0.06239869991923674,0.4690897754010032,0.2467538578494802
174,174,34,1.9930081493538745e-05,3.516762659275943e-05,0.0019087131350876436,0.0008605231585474067,0.05403719934025396,0.09339325203097647,0.10263818365466945,0.043045837322536896,0.3279066199765486,0.14019134010083315
175,175,34,7.058716112971845e-05,8.696582234959896e-05,0.0034915504134807956,0.0017891645892122588,0.05551431379417943,0.07225856320732502,0.09817917896982502,0.04798866485109339,0.32383457878056693,0.16069907965892893
176,176,34,1.5080786571321796e-05,2.8534253000765755e-05,0.0019467958978459459,0.001231740143872332,0.05229245411122546,0.09648605975793927,0.11549577719586737,0.07085475022986727,0.44687099491848664,0.2994001569979518
177,177,34,0.0001371876638746899,0.0001747198042134215,0.005582074052654207,0.002580063723864353,0.04027145190219231,0.046460886621880006,0.09908674602561138,0.03976979772479706,0.2748782875783303,0.10156754010512663
178,178,34,5.426718863578999e-05,7.226552188157811e-05,0.003489474207847653,0.0015543088217347028,0.04074943896985667,0.06343710422245295,0.09299339474562336,0.04377040356206044,0.2958795700003119,0.13805134005055555
179,179,34,3.4571391184352467e-05,8.026686559414036e-05,0.002721259240334963,0.0019375801398528259,0.06161853006821783,0.12273242285238076,0.12483327090740204,0.07403920352725817,0.4604887173456304,0.28031227313249213
180,180,34,0.0004924215538320662,0.0009382144007709437,0.008662974249626346,0.005925840533408182,0.05020573086050503,0.08554648335428676,0.08932138376814477,0.05330850709607696,0.3693534552174456,0.2234561281360174
181,182,34,0.00014748974894353203,0.000278291633799316,0.004390414061216528,0.0033260752365134416,0.04330251273452578,0.07001188615071474,0.09259576591498711,0.04743046607005719,0.3335764991009937,0.16763374052600524
182,183,34,1.896917370412238e-05,2.9534915955510734e-05,0.00216646671983386,0.0014875903359969317,0.03582023766220493,0.03959728656016812,0.09875543875729337,0.04974955950097779,0.3386046279440908,0.17881438630778573
183,184,34,3.664316409413004e-05,6.586161883142214e-05,0.0032085034900399692,0.0018680018358468522,0.041461706818903196,0.0742603568974089,0.10784031297354137,0.06247351867954457,0.42003965816077066,0.26665535324671635
184,185,34,0.00032786481918211556,0.0006083892115395732,0.006322352099232376,0.0054837486914426714,0.08145369851605638,0.13213575583213838,0.10551899616770885,0.07804645943666844,0.35918531413463983,0.27181824165515356
185,186,34,7.79641572454934e-05,0.0001286324462668571,0.004196854756788953,0.0022639747562284147,0.05110293806201833,0.08481093457883844,0.1071890613392872,0.05776093602856803,0.35061192600166097,0.184960880046827
186,187,34,0.0005030058195697005,0.0012737519022011157,0.0071537243339287885,0.005399561186832803,0.053833128052407545,0.10990876689745409,0.07874990473775302,0.05488043698404968,0.3434436834033798,0.2329383668386246
187,188,34,9.728095400372266e-05,0.00012784550525102377,0.003976491570938379,0.002066215100357347,0.032673416111399144,0.03851751714665803,0.0789819127496551,0.033063069523133266,0.25657553444890413,0.10215420482044539
188,189,34,0.00012088312731815248,0.00012409031122460494,0.005272558335598339,0.0024963782724617698,0.03034321713836535,0.032308280542046916,0.08595858174650108,0.03818292454979346,0.3000526774455519,0.13881760735299103
189,190,34,7.97484402108453e-05,0.00012423418668875712,0.003954171932384591,0.002596165484638734,0.08068268931032542,0.12583788242922161,0.12537694590933182,0.08313698022985717,0.4499501853304751,0.3032535275743986
190,191,34,0.0001389534438123305,0.0002713316349335807,0.00479279100374483,0.002747642335217551,0.05400723330539597,0.09948513330782219,0.09567217846565387,0.052055559380180076,0.2922261208295822,0.1536562502911897
191,192,34,0.00014213498867748594,0.00022338227276522566,0.0046596670975251235,0.0028129854119952388,0.05957016884691685,0.0923748246140941,0.09609028477879132,0.05673715794612856,0.3224019967019558,0.18979832766976817
192,193,34,0.00011784903936733612,0.0002178660294414936,0.0038794765004080117,0.004127287820468249,0.05559359832242241,0.0864764887868097,0.0935846915578141,0.07543569041992737,0.36427031128722076,0.306806088806195
193,194,34,0.0001818157785130418,0.0001962973150473163,0.006702140665284413,0.003250218756598585,0.056222223635653365,0.06282061376992287,0.1171767932965475,0.057134768546153236,0.4082835706717828,0.21213960514165445
194,195,34,0.00025218992927608164,0.0005077396632472767,0.005645707198281717,0.003620239373407959,0.06438012384836946,0.10298484105168429,0.0965647621299414,0.05481342056088068,0.3309111888794338,0.18647034198087
195,196,34,0.00021323674645025355,0.000319013447841481,0.006936997308751897,0.003452078634856814,0.050718071103534275,0.06413592319069449,0.11099054987597115,0.045366873709497754,0.28646619749419827,0.10935623548304685
196,197,34,3.5764135258004367e-05,8.402764420864616e-05,0.00232584320816814,0.0014138893917707864,0.056425001527018404,0.12468645822373305,0.10150676954756765,0.0639359365251021,0.3988097551114419,0.23346598160007312
197,198,34,0.00034901205962716415,0.00047214466199430955,0.008035877219620435,0.0043616484667450385,0.06968404156813289,0.08060814166330516,0.12094723356558996,0.05561861748896295,0.3501072767026284,0.16388992954492196
198,199,34,5.103726305284962e-05,0.0001445771243669913,0.003474132579011733,0.0018543715854773169,0.04590466599363614,0.11150773095945117,0.11137912553899429,0.04978539002863881,0.3762389272451401,0.173423210881642
199,200,34,0.00022487918741877794,0.00038708313488285064,0.005719475530307083,0.003990359203253394,0.07222536806811523,0.12208022534862979,0.10183114394107286,0.07075264048501682,0.3784820884466171,0.2623536892380319
200,201,34,0.00017798393543992408,0.0003278638997356867,0.005291917337351204,0.003571617973286372,0.06625657164327362,0.12703057189484157,0.10063201342435445,0.07202042509613768,0.36221299188978534,0.26962587301671714
201,202,34,0.00015721990894235205,0.00019033030476776623,0.006408857455586686,0.00277998135024763,0.05781358806416392,0.06938348135358778,0.12299525584368144,0.05276283847954831,0.3922118842601776,0.17146153150112975
202,203,34,0.00018630144570445684,0.00021579414973009754,0.006156353423755397,0.003015916419755274,0.052269336384008915,0.05582476448348884,0.1035334094263175,0.04855053109964558,0.31914564178270455,0.15093544519999413
203,204,34,6.107207132251514e-05,0.00011239273018658155,0.0029229000210762024,0.0019177555959687858,0.07138624232645858,0.131120187511237,0.10103028399102829,0.06360245688673971,0.359863236108247,0.21952547633098896
204,205,34,4.12429460672737e-05,7.404540598767868e-05,0.0027991277713547737,0.00195386394877965,0.0718223524677074,0.12143858073505014,0.11890422256992143,0.07973592952046367,0.46199199031381044,0.32550169747774005
205,206,34,7.95048050376328e-05,0.00010042309384770566,0.0038956310052205533,0.0016380129165616455,0.06434031418415115,0.08173931914547454,0.11090105629580863,0.0497329629334747,0.3339284255224116,0.17987158497575065
206,207,34,4.928523546422024e-05,8.149388719953519e-05,0.003542704653227702,0.001649249779041581,0.038525344153373116,0.0732591629110356,0.09724755552323426,0.04901043417878628,0.35715286587091055,0.2009258195760926
207,208,34,9.258524620914908e-05,0.00022024814205910968,0.0038781503783812854,0.003639132669753349,0.06602581406631917,0.1317731684832472,0.10033184536458815,0.07817943248735452,0.32715196644558625,0.26820197361244935
208,209,34,0.00026420148568671295,0.0003157315199236984,0.007652595618684941,0.003601897837866782,0.056546594906488765,0.06493871876587526,0.11350944397204063,0.05021613847548859,0.38878267389886517,0.16999624389998955
209,210,34,7.064096513097277e-05,0.00011865692530730298,0.0035787395044120356,0.0021588837170091256,0.06140773746130221,0.10777287619437591,0.10554920432760435,0.06362469378081109,0.3205350067685632,0.19155111855250467
210,211,34,0.00018260360721957542,0.00026543498010993277,0.006389024893424529,0.0036202602874163673,0.05145544514251763,0.07770945431916754,0.10886974545086131,0.05866053202179626,0.34366007061565623,0.19616507677451947
211,212,34,0.0002369264779297416,0.000347455013251687,0.006817349732634337,0.004838534795402633,0.06599803355193752,0.09549529876823072,0.11347026071127723,0.07407178669614833,0.36915913487181945,0.23903460098292365
212,213,34,7.251998159945823e-05,9.626122610924368e-05,0.00420012478442753,0.0020124806224747134,0.04498291782596532,0.06026893958051079,0.10383316852590617,0.05060885739378464,0.32876596555990334,0.15843112258226483
213,214,34,8.799832608688388e-06,9.67163202994596e-06,0.0016900935220559511,0.0006206970807683338,0.02538537225850365,0.02336941243106539,0.09295476425219984,0.03483380109367678,0.29623394722447677,0.10305613005364261
214,215,34,2.390369849749999e-05,4.678703049761346e-05,0.002222255096592776,0.0013028603458959994,0.05894759507945684,0.13282519513020336,0.10284873766495901,0.07392044178901294,0.3309641007114859,0.27553762863514436
215,216,34,0.0002953525430551535,0.000511154512893642,0.006383659256457844,0.0038381168694681667,0.07036464760655209,0.11304402917031828,0.10275038244093165,0.05708572873874226,0.34931014083764134,0.19851938694109475
216,217,34,0.00048357188798571076,0.0007409465172823253,0.008047210716861574,0.004208995090879249,0.0654580869116163,0.08870600014239677,0.10083641402204246,0.04814621444900137,0.33417492381790104,0.16050267649989028
217,218,34,2.7508754105888464e-05,6.0184500997590885e-05,0.002404216626446749,0.001378346197526592,0.06277301080990583,0.15395940208553294,0.11319482863387641,0.06467280749985872,0.35056230907931046,0.210819957980179
218,219,34,0.0003553116674832863,0.0004611708532832627,0.01048735310049618,0.004509164294433302,0.048331613933174485,0.06704432919318919,0.1219105046680745,0.05350188830655276,0.361930193269954,0.15380492280131142
219,220,34,0.00027112525854403535,0.0004015057793951957,0.006363989114213516,0.0034876062134420707,0.04929198289070936,0.06612606696423687,0.08934951299691901,0.04357918568579735,0.3359380796113435,0.16897681588787875
220,221,34,0.0001220920281171215,0.0003277689764033567,0.00451546287684537,0.0028537440931151845,0.03613274188383537,0.08313220268842711,0.08325171536382507,0.04372247966631481,0.25894729486283136,0.13431933160436554
221,222,34,0.0001663852743096119,0.0002407058915373664,0.005426459719755632,0.0028432011931601425,0.05864257339442916,0.08367520556568167,0.10386571441503133,0.05151136481661745,0.34190788645954695,0.17656924299481194
222,223,34,4.789202710288892e-05,0.00011911609528420784,0.00296866859699709,0.0027888202198625162,0.09274719250628122,0.2736383583234841,0.12550671902649543,0.1338756104178935,0.42508620746872006,0.47985918645981274
223,224,34,2.8153340435089966e-05,5.585276300882198e-05,0.002288328699411496,0.001415535346294139,0.04473152002730571,0.09830335352183318,0.09173184698995422,0.04304705182581516,0.2991008368485114,0.14167130753674573
224,225,34,0.0004714767151333089,0.001702741410420273,0.0074366513324682325,0.008418362740866445,0.05108888635261204,0.10853452961805521,0.09184183136505239,0.0682173880475407,0.29062995248857665,0.3330190095700819
225,226,34,0.00010462167122515144,0.0001180738012974104,0.004766277540886008,0.0026196613306485187,0.03310397038619746,0.03360828645287845,0.08640110120177269,0.036753333795346864,0.25435131700599894,0.11401387222766235
226,227,34,0.00020047414892253394,0.0001882768852281125,0.006065720254007508,0.0027332024858832938,0.05816142800647546,0.04735665956121002,0.10736681740073596,0.03759280815289797,0.3109627234585145,0.1093806108350623
227,228,34,0.00012244020109285295,0.00011506033413898982,0.0046348461182788014,0.0021276143997247202,0.03367725916220533,0.030726098838172573,0.08008598985479158,0.0357824959765469,0.2967289022224791,0.12895824950168114
228,229,34,0.00014728517699575818,0.00010205283097843095,0.006967856548726559,0.0022023255757506366,0.027200950843775096,0.018717297162266645,0.09435549827621263,0.027072226641729955,0.26052036289783087,0.07591193968032808
229,230,34,0.0004826092562699855,0.00033835292425318277,0.011136506834779592,0.003689794095817462,0.054558670805657614,0.03614231707903342,0.11892454611027942,0.03776523966101625,0.40554390979163785,0.1259068592692171
230,231,34,9.603806058615138e-05,8.184156150433557e-05,0.004627350074074724,0.0016100451193284684,0.041124138015541524,0.03843421747376247,0.09425126794068252,0.03788459383319908,0.3210616181878483,0.12626848920919817
231,232,34,3.412715131269258e-05,7.515036847646001e-05,0.0027778785682612043,0.0017095627423239093,0.0384666630792815,0.08104753294752086,0.09363947337602868,0.05787197864439616,0.25475723252576943,0.18747986650485388
232,233,34,8.309179341276932e-05,8.268008486880582e-05,0.004087329176186091,0.0023465347838819255,0.06543686462271794,0.19706667448254803,0.09853219060117707,0.10313434832677938,0.311117539072738,0.37599214230594447
233,234,34,7.934381464485127e-05,8.025571740006983e-05,0.005242985187043601,0.0027175013217908793,0.03565566649879603,0.03095067415631951,0.11336962067905594,0.047706083228038286,0.3076955018674626,0.1457971395508241
234,235,34,0.00011163794517736224,9.87069084578807e-05,0.005415756132124978,0.0025397699224959727,0.03445143612813862,0.02515382883044451,0.09764245053862824,0.036649103113813995,0.27255093569264693,0.10487564716696954
235,236,34,0.00012634711193935372,0.00020671851157042697,0.004438393869135967,0.002630446829764366,0.06494900246958851,0.10406104660796849,0.10045080297790906,0.05757642080089181,0.337836889002253,0.19229427127660642
236,237,34,1.8454220206448928e-05,4.44759176198392e-05,0.0020306291921502527,0.001331855249314718,0.04814551633727901,0.12495918013906188,0.09888997915036538,0.07099924976682052,0.32264770764638395,0.23363329200112287
237,238,34,5.8634880534715625e-05,6.528846984387563e-05,0.003441321204745156,0.0013754984573062642,0.04546687172671013,0.05285035430178528,0.09440990668885849,0.03246246886638877,0.26198573016068516,0.09213527641703272
238,239,34,0.00012202610067855429,0.00017344151052870352,0.004958351043409065,0.003089084947020913,0.05216918878859895,0.08023072110747392,0.10139441501130075,0.06451486293738543,0.34987862780690193,0.22563196507631095
239,240,34,0.00011797997866083547,0.00024848971563281805,0.004837463918032453,0.0027540999615985806,0.048188261687755585,0.08658295472373684,0.10192928145475247,0.05234806686198511,0.3198833272737615,0.16638200072355566
240,241,34,0.0002883346507908701,0.0004894115409837464,0.005172738469863201,0.003659092127442516,0.07107045593233231,0.1271636409837039,0.08918756158912883,0.05411772896062497,0.315522061113049,0.20008418448953116
241,242,34,0.00012333681516619275,0.0002767418589956903,0.005008747903904056,0.003182360054081293,0.04854870426489095,0.1031183948710516,0.10146317636484609,0.061641509533454195,0.3339598099975025,0.21180863198130523
242,243,34,0.000105413947655025,0.0002630997436703936,0.004434134081855197,0.0028563428489685474,0.04571087741950417,0.09764670476020436,0.09775800630450249,0.05479693493909922,0.34524402241496477,0.18983734315614273
243,244,34,0.00018627897079969604,0.00034566571667373305,0.006087641532169929,0.0035913609297797164,0.036537152917042154,0.06026624855900412,0.08966556903632249,0.046581731103043124,0.36030059724169616,0.17540404089656214
244,245,34,0.00012575736223773085,0.00025162472249910713,0.00492147755507818,0.0023099823867179163,0.04663269741542857,0.08387220943752456,0.09872172060696517,0.04191992627070546,0.29870568982818546,0.14116113059500865
245,246,34,0.00017067854118709767,0.000311643857738777,0.004698849413270021,0.0028467607024498932,0.04993508939343669,0.06784981932213115,0.08505663648247719,0.04425860842360101,0.27795378622763295,0.14780980927745266
246,247,34,0.00019214375612029792,0.0001695020995937342,0.007605724824208985,0.003082497498294429,0.06539117046357955,0.06613694782007543,0.13887933926547275,0.056134027664811736,0.36568862813360553,0.15919443536979672
247,248,34,4.105609454708268e-05,7.324980173967247e-05,0.003083353112314773,0.0020580313633694614,0.045199911623700136,0.09238147785627582,0.09803656477700262,0.05355444229648934,0.3081040169824572,0.19652071913777422
248,249,34,0.0003846879064761143,0.00040042836466791564,0.009007525082458468,0.003703108644113676,0.06622160100104178,0.05726804249918254,0.12183030672809657,0.04463167790465622,0.4217605660943424,0.1534767518198038
249,250,34,0.00019716883177940925,0.0001535822864087516,0.007242145571474205,0.0028406319561508483,0.05765728838741779,0.03982776008948664,0.12595166616580067,0.04390270437594691,0.41694383235538707,0.13732961292812212
250,251,34,0.00014034278912250183,0.0002837883759925467,0.00468808420084636,0.0027139882909974623,0.04439215024467558,0.0807057103098514,0.08683837698224713,0.04289784606331784,0.2678949466961272,0.1277488340021179
251,252,34,0.00027647989394180886,0.0003493366251645982,0.007581742343438023,0.0030711257824899015,0.07705768860657425,0.07433386785972002,0.1296926436617094,0.048422540334029054,0.4641305256415816,0.172637483350021
252,253,34,9.161331613808322e-05,0.00012029119691277887,0.004559575039071634,0.002504399607577095,0.05088127007269684,0.06286809174644654,0.10934492879930664,0.05529801369821795,0.2994926904930788,0.1505489074976374
253,254,34,4.171693664833289e-05,7.571818679600427e-05,0.002981635897680569,0.0023022723102276445,0.03500088196597062,0.059515157714466756,0.09175027315230931,0.06338887725354232,0.31415121388785977,0.22449290738089364
254,255,34,6.411035260230968e-05,0.0001001710741072301,0.0036224081893177595,0.002031468690638678,0.0557678254074691,0.087752775096361,0.10923782440231126,0.058324440625390016,0.32868270751307993,0.17593556664160076
255,256,34,8.285909657622463e-05,0.00012671572401831444,0.004667468584717854,0.0023484306118281444,0.052516447371625176,0.08535778273911644,0.11732870674527743,0.059577275655762936,0.4286607891759452,0.22871072473224396
256,257,34,7.562047890400315e-05,0.000136716172859556,0.003695763531140983,0.002154910665768132,0.0754224098260131,0.14178986568930133,0.11848615022266612,0.067411539991872,0.33744049291400346,0.20180116226556216
257,258,34,2.857336466423904e-05,4.754305683298778e-05,0.002611215419807088,0.0012824892899068086,0.061008029446170176,0.12013753515038399,0.11604258056510897,0.06333775463082653,0.40391510768848304,0.22493052473044747
258,259,34,0.00010751207526696175,0.00010258440190064539,0.004661645103410324,0.0018202373377344478,0.038013837200945574,0.0343682863448996,0.08932504430413246,0.032411552320221707,0.26610569699722175,0.10392135560223068
259,260,34,0.0001374926823165665,0.0003073838118552714,0.004178798627382254,0.002360167565614886,0.08086405895814738,0.1693126532556421,0.10276759952745017,0.060139613380418795,0.32447442149414735,0.18567586693486263
260,261,34,5.139125284907042e-05,6.611403096599051e-05,0.003441681119832484,0.0017012127480907492,0.04847241797730984,0.06395126382397574,0.10538676403024617,0.051588470202502,0.3234371464042103,0.15955318869270485
261,262,34,0.00016417228909952375,0.00026400952989263167,0.005102204432820573,0.002951972642859759,0.06197698359542033,0.1010225940206858,0.0981123158160378,0.056247806186841165,0.3288911101134384,0.1874855237643292
262,263,34,8.244206171906732e-05,8.677399011943883e-05,0.0032753691929803394,0.0017049460026694234,0.04491182339637924,0.04748842715267231,0.0805032427477486,0.0358577070805413,0.27673128860838275,0.12347253775524403
263,264,34,0.00021953875918424113,0.00021910882032031542,0.007117659168537049,0.002686257158961936,0.05559075214242672,0.05523936864191544,0.11289781047140851,0.04201463573062489,0.33314602865892295,0.11964193792437904
264,265,34,2.390489748904656e-05,4.9575874164356474e-05,0.0023611034951446686,0.0014246201787867449,0.050880264696281624,0.1020931055323453,0.10973990708589554,0.0660028961309044,0.3633168313433142,0.22086474189509295
265,266,34,0.0002918725841642727,0.0002801367343156106,0.008796734372427797,0.003193837758054553,0.0684597384020248,0.07212498650119967,0.13320650489014738,0.04394540754481555,0.38702399721916986,0.1342556971257124
266,267,34,1.8882969622863503e-05,9.441078449553468e-05,0.0011920110504005982,0.0014028647430803726,0.017966012641623178,0.0898613209946116,0.036756105885347896,0.04324628879571968,0.133282288470689,0.15681596520067262
267,268,34,9.662130610997658e-05,0.00018131293930098976,0.004101266608546104,0.002876738804993386,0.055504132654545284,0.0988785034957936,0.10008584877804798,0.06839770828528063,0.31552399979794726,0.22015977138116782
268,269,34,0.00020122230203282123,0.0002228307411975901,0.006043406484155532,0.0029871956672554464,0.08352983623113044,0.12468053824169774,0.12155597152955391,0.06563072317041303,0.3842853493988514,0.2014771756741084
269,270,34,0.00014402047052980752,0.00024211158710122816,0.005767696937683094,0.0028551646745051257,0.04520170954877839,0.06761198738976813,0.10351723465411101,0.044350182664403714,0.277460758738658,0.1138408768404707
270,271,34,0.0001447491593032336,0.00019505232236004467,0.005547234158524696,0.002322806274901599,0.04589984163313227,0.06253853915606279,0.09844278642798171,0.04153700790813048,0.29782931375152927,0.12821451655034177
271,272,34,4.531240169987594e-05,9.985278457762317e-05,0.0028601542409673773,0.001976115891212989,0.06629330238930005,0.13855605913008323,0.1107202486737686,0.07450894914282606,0.39187123538816676,0.2648719407092581
272,273,34,0.0005321913547103416,0.0009097780067198816,0.01041822403888492,0.005544096846999183,0.06520776006886188,0.10165142338689832,0.11788977846941527,0.061107704688181205,0.3343448091079207,0.17877035306854258
273,274,34,0.0001665243366112597,0.00020805555914845653,0.005601498887271565,0.0026231557734603932,0.05201504222007797,0.06653526838108918,0.09854649325065754,0.04778034531144576,0.35943785616580176,0.16973322984292008
274,275,34,0.00017592147371621702,0.00022550939342282645,0.004757986725855838,0.002509299451389428,0.07129196874687777,0.08610745271870807,0.09888382584733121,0.04769170207427289,0.3161580431110719,0.15727269418888362
275,276,34,9.412403738572132e-05,0.00012435376334315613,0.0044201434904928595,0.00215156336303037,0.04238040232346119,0.05018315762665118,0.09496527482919834,0.04417932814498014,0.28307566243936033,0.13661029983413983
276,277,34,0.0006366766545745443,0.0011763813473755925,0.008557807633598499,0.006226837074842901,0.08232931212713833,0.14316746417367834,0.10111208901028423,0.07075967244468792,0.40587809769546285,0.285659828485247
277,278,34,0.0006766629379425841,0.001649460709324262,0.009398457333993386,0.007627609134095025,0.05793655842802871,0.1358322921087962,0.08860742530840285,0.06998691737209098,0.39628154324258075,0.32029528110417915
278,279,34,0.00027960059201979996,0.0004345338004958596,0.006857059998711681,0.003952162125263673,0.0655090269728509,0.0939847276841077,0.10742697218323455,0.05664897352216724,0.35211579019532485,0.20279868207957913
279,280,34,4.535617290457594e-05,9.545009059968955e-05,0.0031886669526369695,0.0018737483370593001,0.0464660123209743,0.09812863159520037,0.10188840263906647,0.059934146990537486,0.3902150984196102,0.24501332624082597
280,281,34,3.19768613374382e-05,4.959994076978232e-05,0.002724699052872465,0.001446108017026129,0.04532831492285956,0.058638838126014343,0.10484283779035597,0.05280461201562748,0.3424993139856002,0.17773688504558055
281,282,34,0.0001878129775012299,0.0007476031663966265,0.0028254165372345597,0.005485156180983789,0.18220385212386164,0.6470691931661255,0.08985342326409676,0.11238359302220984,0.36227390334448395,0.5145374198948216
282,283,34,0.00017565875896252692,0.00027559212925801045,0.005744039375499329,0.00336818206774719,0.09640106060268248,0.12173250066883151,0.1409495435655117,0.07265736359174468,0.4461838703821687,0.23469176432460587
283,284,34,9.508810943343098e-05,0.00010895402458259314,0.004211497304769342,0.001964938190456237,0.06011027712648844,0.06391981766350788,0.10766088075059302,0.046301812939088687,0.32619644350865307,0.1398325493499175
284,285,34,0.00014856542162199141,0.00024032527239104605,0.00535737896365497,0.003153188140598649,0.08879612616318114,0.13598199265875904,0.12628128248102524,0.06103031994022521,0.4062213270979769,0.1934988398638086
285,286,34,0.0001579070933120995,0.00024597719354032817,0.00572640445727088,0.0034479664128227137,0.053145500787650235,0.1020179283021793,0.0990094985703335,0.05645191251622422,0.27413798934396577,0.16408665647195364
286,287,34,0.00021024899251642637,0.0001726472663986722,0.007369050071300829,0.002605118889343787,0.06377528859850239,0.04876152724473262,0.129840068080846,0.0425356500103892,0.33283913442317176,0.1129334352326608
287,288,34,0.00010028663070764142,7.653983225530832e-05,0.005092206815093318,0.001636356903040449,0.029542825561400282,0.029695368299753812,0.08265672059839263,0.028217203093321746,0.2531183723579435,0.086773934940247
288,289,34,0.0003875139400941621,0.0003940219999671905,0.010938905467114905,0.004509339098602552,0.060046246877926236,0.06562778655032041,0.13523385366972754,0.05839622522418777,0.43073683100588184,0.19899117509470476
289,290,34,0.00023931482353552435,0.00042969247201234655,0.006640831871396478,0.003276192042129683,0.08160558693549212,0.14915155713153821,0.12128588995512794,0.06189253589453835,0.3942600427304997,0.21254833575276116
290,291,34,0.00016645374038864034,0.0005769023167284271,0.003963871047530761,0.002576125101552321,0.06799648094388164,0.19991903806032446,0.0876760413760648,0.052540993556176765,0.32555097801720395,0.19509939091856768
291,292,34,0.00015368314541988452,0.00016871127312785623,0.005006809458684395,0.0023394769216997795,0.05873341514619396,0.07245426099376207,0.09673231215599705,0.0474763322094051,0.331727287348579,0.1646078999696692
292,293,34,9.604837797429783e-05,0.0001631609917137528,0.005575310616918346,0.002322056941156907,0.05335650714936063,0.08305369123133848,0.13397519575322375,0.05172926280109907,0.4193936783601256,0.16301511715376557
293,294,34,0.0003956167160247466,0.0008867224468404005,0.006429267088499139,0.004532421913092303,0.059241840526845085,0.1116266270648513,0.08867604668964357,0.05072048913438815,0.30715342764468756,0.18636218023181605
294,295,34,8.088606713506445e-05,0.0001387547718714372,0.00397131719150553,0.003356395517090785,0.03224033100516809,0.04373240820215669,0.09766803857158213,0.05641255203140202,0.3120724907254471,0.22115940638650078
295,296,34,0.00010915525507638289,0.00026725077734335626,0.0038938629834720973,0.0037068154762206944,0.042637438610922,0.11012776590950946,0.07657366684254478,0.07003200853187161,0.27985988907954273,0.2641793912298895
296,297,34,0.00018322360879477963,0.00023001737380219005,0.006089130389120649,0.003207179972281049,0.055211009293356365,0.07227518651298034,0.10701035039828104,0.05554361830239307,0.34820933771484036,0.18677829784056815
297,298,34,8.400798774613683e-05,0.00010181482984049422,0.004783167832476252,0.00235004612080865,0.04528675016755348,0.047950869363459055,0.11136226838125902,0.053193379479689024,0.31047479633022756,0.1718265489719446
298,299,34,0.00027723624150573467,0.00026881456354599717,0.009308295214877409,0.0032015597701473874,0.04602370841209503,0.04314205081518288,0.12124509145231809,0.03930557079618683,0.31571128219366074,0.10226045494647842
299,300,34,6.476133963213429e-05,0.00022042161298344452,0.0021106118356863804,0.003978440608454565,0.027327500840970863,0.08035929363231563,0.055129768929499036,0.07780830929898074,0.19576347345376716,0.28084161192460294
300,301,34,0.0001160175465482847,0.00018036311618648056,0.00522587207995136,0.003557650514749846,0.09859462587765473,0.18490053985356686,0.14170142274130793,0.12089319971172388,0.47516268360264163,0.405263746716274
301,302,34,1.1660159108995526e-05,2.4923413598400955e-05,0.001636710502412718,0.0010732178202756868,0.05909117860445643,0.12136069276350198,0.11840199974968153,0.07130813830769246,0.43664806248510585,0.2948398256774006
302,303,34,7.876988237352206e-05,0.0001004790015817081,0.004609489991493961,0.0020081076662994976,0.046455534202430177,0.06024147158915544,0.11337574516587398,0.048369437250727794,0.3494245445027071,0.16498453685230166
303,304,34,0.0002681849196251813,0.0007065493739723983,0.006224404986235587,0.004896337877715362,0.03867873369017616,0.053645676174577196,0.08430402408189633,0.04230586444110827,0.3173759334227618,0.1661717880220442
304,305,34,9.4630704699525e-05,9.289490961938975e-05,0.005254384287742569,0.001976303052245861,0.028323990183279794,0.02644293559697182,0.09143837267423377,0.026040448011598914,0.23511399635497263,0.06927964789919927
305,306,34,0.00010290657895030991,0.00024290290872059668,0.003849814077565337,0.002576625272022538,0.049947458250030385,0.10311235764238924,0.08916444619021871,0.054835919159151224,0.3557696797172813,0.21909540387449308
306,307,34,4.019118912711907e-05,7.172990662085767e-05,0.003116465050398427,0.0018396199455912201,0.052044593366136885,0.09281978398740547,0.11364464713808368,0.06550045002841419,0.3920160290949485,0.2182701433528669
307,308,34,0.00047988194033036157,0.0008587156936273338,0.007654810789972544,0.004666220150208416,0.0728519891785896,0.11926590034618606,0.09728936631889905,0.05414553040129471,0.32757655574994926,0.17198895346641924
308,309,34,3.462823788926444e-05,8.028081569689696e-05,0.0027089053645100005,0.0022371974429217707,0.0508835343113306,0.1052676806660291,0.10954582515884848,0.08479105570198953,0.4234776957070126,0.32916349719685123
309,310,34,0.0004708488443558214,0.0003787345439041503,0.010291200815973914,0.0036412966184982674,0.06055200456038994,0.043254001877255505,0.11859375523293719,0.03560424192363648,0.350251956459354,0.11543510511452174
310,311,34,6.480469872204754e-05,0.00015209428944353218,0.003520796708899605,0.002292012610421181,0.03773105866960524,0.07110082155905854,0.09242050579803832,0.05211400021537993,0.28198113796465535,0.1658535475506918
311,312,34,0.0003560147866022924,0.000345460122983691,0.010140016181942295,0.003952921196014057,0.06684176497818793,0.06276477181785539,0.13933763806434238,0.053645387530275056,0.387329340857618,0.14701677406967623
312,313,34,6.464142802542483e-05,8.295511264637451e-05,0.0036228915320380647,0.0016670682985699024,0.047079956467153836,0.05446399601277033,0.09896987950538888,0.041752127773660344,0.3390611914150855,0.14595164984085549
313,314,34,0.00020501626447648225,0.0002613480540621583,0.0058197428092278325,0.003430393141417045,0.05016075586900115,0.06196207104589348,0.09420506957480136,0.049598586021827464,0.3136501233367359,0.15739557676211893
314,315,34,0.000128336308962924,0.00014071393692802027,0.004611528913408299,0.002270992836577393,0.040053873507799036,0.041212238361065225,0.08370089574771769,0.03779257294841889,0.2742641633924316,0.12122581280771129
315,316,34,0.00018847885905201752,0.00020908587209100149,0.007797658710521372,0.0032652025912863402,0.038714538561180234,0.041380120877495666,0.11201696503250037,0.04179558050827196,0.30279898029916424,0.1166675605413487
316,317,34,0.00010746845694430864,0.00013649148527687685,0.005180643537588527,0.0030813296390586205,0.041230443604838324,0.09033491578761753,0.09322562594624127,0.05176098790107962,0.28963937084464464,0.16405708939746974
317,318,34,0.0003926689177580342,0.0004363997357951954,0.011178453726803554,0.004186710298968145,0.0558072133537601,0.06277960629006137,0.13370971359750805,0.050035600970361284,0.3806908047374557,0.13911836990957357
318,319,34,0.0002110545289243044,0.00033228001844526903,0.005791379734599853,0.0034564712650224268,0.06700318301890922,0.09840676011082866,0.10313453821136671,0.05943282771759173,0.37476202275823145,0.2184477353731363
319,320,34,0.0004127555932748638,0.0003761035009944586,0.00949127079152009,0.0037435522615048788,0.06454347673913136,0.049306854628390386,0.12178966742666329,0.04271098307219663,0.44459770663696174,0.14956666696809529
320,321,34,5.5285826426691475e-05,0.00016901352457544068,0.002562529205426793,0.002205347471971526,0.10771079720956657,0.33188949398242107,0.11771507703644388,0.09526064369718236,0.42469317553674474,0.35781897692802406
321,322,34,0.00019057818547828313,0.0002921173070574899,0.004646901650737752,0.0027777624589185963,0.05767926477539517,0.08885705963126189,0.08492310827269274,0.044612354541248095,0.26329150291926723,0.1338614861748769
322,323,34,2.9051984291620957e-05,3.7552078849901925e-05,0.0023280660474590737,0.0013522294985587905,0.053620880134129786,0.07771248732652378,0.09633641262703083,0.04922150050451294,0.33793074155555053,0.17634312338923488
323,324,34,0.00028839909469645456,0.000356457593489939,0.008162440088413218,0.0035349744093584735,0.06008499232120812,0.06997173114996005,0.1174757145345211,0.05028811823743189,0.31635714563376766,0.13632679925642155
324,325,34,0.0006749909965519156,0.0009506114371010888,0.012607718530275366,0.008019255668017857,0.09921005286057205,0.12692852366350793,0.15688932051553445,0.08735082741800133,0.5403030098361128,0.29986146523673646
325,326,34,0.0003221027078218279,0.0003947558760779852,0.010419022579513052,0.00384835161668151,0.04491083077428972,0.055757270690648814,0.12296425879878156,0.04494357531647747,0.3095313165994251,0.10809036114915149
326,327,34,6.423403712825107e-05,0.00015271446662500483,0.0030359547047684077,0.003942587470048667,0.0777708968038068,0.19528015613787983,0.1039890879765153,0.13764281489547253,0.35134515451157794,0.4840327772085198
327,328,34,0.00021400975332225617,0.0003521988139066092,0.006543435485047453,0.0030463156788709364,0.05304035827900995,0.08241691129523566,0.10388743548708804,0.04860654126142795,0.39331022781484265,0.20340355511997832
328,329,34,0.0002428419750832986,0.0002722424735550493,0.008871167696163277,0.005329702524458551,0.047743787715101946,0.05341274804754859,0.1266136830124785,0.07287054095046525,0.416667780455421,0.2390298960081797
329,330,34,0.00010281539714603295,8.33078387702838e-05,0.0054130002664511696,0.0020516824961196614,0.040160995976561135,0.03475660978906547,0.10664788556887823,0.0379705577767486,0.2817012295126915,0.09916338983450332
330,331,34,0.00010510247439550072,0.00012440829346675362,0.004562586217242128,0.0020090607027862637,0.03391224701943643,0.047747251085328145,0.080301810768159,0.03761820099699208,0.2348557833363028,0.11255320314890645
331,332,34,0.00023886527349963459,0.0006430049449387872,0.004710487430737189,0.00410942718896617,0.04056616711450795,0.0978431627236623,0.06975322178400614,0.04928372305624716,0.26584017013802247,0.1952284373244079
332,333,34,5.673910207218903e-05,0.00011163318849869482,0.003468932895510293,0.0021249073230428612,0.05117809362298645,0.0914178531787119,0.10653937016339864,0.0624682923641479,0.36499985307455063,0.2209951259992315
333,334,34,0.0002865728610606097,0.00030101301528203636,0.009801896138335852,0.0034161420049387227,0.0512629512916593,0.06652754298619314,0.128083708750851,0.04837786286623843,0.36933575088486953,0.13552126386405972
334,335,34,0.00011538304665116491,0.0001607561466772594,0.004808468644863323,0.002492774562251579,0.06315712433527498,0.08493221232022656,0.1133502730551888,0.05720893138731519,0.36979372887050405,0.19033327276453194
335,336,34,2.6069488634849384e-05,3.678984408642645e-05,0.0025430380791316137,0.0017036700121145307,0.054490843643982184,0.07433492630355465,0.11979370405349661,0.07450680361731543,0.3812772085999741,0.24716344935234616
336,337,34,8.022582323974348e-05,0.00019753071955772267,0.003916512719382916,0.001762181358125579,0.06651607279063147,0.14771627039479132,0.11535705549313742,0.054677955605877245,0.40288593094138536,0.18879204143886433
337,338,34,9.979915450779063e-05,0.0001562067452916129,0.0047948965802788734,0.002108446288707972,0.03855170345153002,0.06198345140612578,0.09253581503734869,0.04132603352978552,0.2908560182241833,0.1316395617499886
338,339,34,0.00020692938051070087,0.00040176267801735516,0.005698695169378291,0.0035530435872702455,0.06123569857685224,0.11279326676308878,0.09810581244528294,0.05987137809258829,0.384070498540121,0.23226397641549346
339,340,34,7.365019684905693e-05,0.00013171350275571197,0.0036092176485587567,0.0024908290872609935,0.07675434899625971,0.12947027372459688,0.120457667090437,0.07557587225240774,0.3797854272758259,0.22877348315409768
340,341,34,2.1737748698690077e-05,2.6139559565765084e-05,0.002512880162719418,0.0012767097746868741,0.03279126388952136,0.03931795314526153,0.10593355238875922,0.05704145520795807,0.3796609416604042,0.20374659556251265
341,342,34,0.00019130428691984408,0.0002472542329186427,0.0064207024543600924,0.003461868001288253,0.05870276223183336,0.07879202659234998,0.11115309650845387,0.061972813945592516,0.34931431754547004,0.19947715974160404
342,343,34,0.00017040712325123262,0.0003017675593709415,0.005422368166310822,0.003396642458595512,0.05725550917251145,0.10505088448058934,0.09863235867198776,0.06238958761960971,0.340992305208655,0.2114752000722544
343,344,34,0.00023196674834145918,0.0003817710977637893,0.006402257484082571,0.004503460516593648,0.06647655079552137,0.1097176239980893,0.11017716873218031,0.07785562573940162,0.33616366281228904,0.2181995087682047
344,345,34,2.6113545091528283e-05,4.1480296788473025e-05,0.0027214080636279985,0.0012189957880887022,0.050329636864583284,0.08115970487292505,0.11858427020556786,0.05342335118291356,0.40838613755562725,0.18353020948401416
345,346,34,0.00018778012415222132,0.00018993892935762144,0.006658555309781257,0.0027046241610527468,0.055939556455568355,0.05942719158879356,0.11538986522046958,0.0467746702081363,0.39632585513241153,0.14908017687056482
346,347,34,5.5413997856971144e-05,0.00011128619857469405,0.0035239359233802292,0.001830724875055563,0.050021532573737204,0.08220613824405042,0.10879448264398996,0.05146429927530399,0.3858919117380591,0.19223820605819372
347,348,34,8.219375757789749e-05,0.00013280788043758073,0.0043436862316037364,0.00227699431028796,0.04724887984989704,0.0864096300258544,0.09967618331532269,0.054553549623668096,0.3313985949053484,0.1805202341907045
348,349,34,7.455832235336857e-05,0.00012057111009458221,0.003229397287427941,0.002352636901854141,0.06849087876788176,0.11121304668473184,0.09609412927837933,0.06997143420169921,0.3221745751798153,0.2381269903301974
349,350,34,0.000238359999457316,0.00021773905818168662,0.007308296427842887,0.0030993179446533532,0.06113048856530119,0.0547312859788115,0.11771033419405713,0.048147143006150375,0.39190129979568367,0.16611982010286738
350,351,34,0.00015885819367908612,0.00046508860469736754,0.004356421656933997,0.003336575489636906,0.11394127406974268,0.3653675370820611,0.11253414116799831,0.09201264617465019,0.4117697819190867,0.3800796965006582
351,352,34,0.00038953055531344623,0.0004800622643348743,0.009068977169911651,0.004203710562589736,0.06667485938626616,0.07692168667479034,0.12194428077953703,0.05212073895645017,0.35744336641886654,0.16045542384416028
352,353,34,0.00012733259561226827,0.00025929952091267237,0.003749190018210998,0.0023438591165825585,0.15132992364712716,0.6133613239482344,0.1060821847332751,0.08439216725477623,0.36592305363977656,0.3041678989476204
353,354,34,0.00023850911641682827,0.0003577550591754563,0.004944551255047212,0.003334500910657359,0.07460135891211822,0.11331064521808583,0.096574385814807,0.053829530654639905,0.3302040494540158,0.21358219785435886
354,355,34,5.718098744931494e-05,8.646093769353459e-05,0.0034838610034271635,0.0017291144984424107,0.0445874880259747,0.07645759599430349,0.09379397310754832,0.05004683385294923,0.3048756701104781,0.164137599525864
355,356,34,8.258972407555335e-05,0.00014342788915196157,0.0044786848422304236,0.0031083490097997325,0.04116166373440886,0.05420414983803123,0.1070071047938922,0.053590914296256606,0.3559271605575786,0.1847777913118735
356,357,34,5.7814249978892965e-05,0.00010094930736415377,0.0035835399689591106,0.002113467510846075,0.051608854137799316,0.09600352152277017,0.10736408194198328,0.060824348409897255,0.4046599211938241,0.23214156566592492
357,358,34,2.8458540976530724e-05,5.6426809782776694e-05,0.002553880967966774,0.0013682100806183461,0.05212382903760847,0.10763203355089425,0.10807831355315797,0.05903578187505392,0.3932284927543472,0.218516454343645
358,359,34,0.0001128027131605503,0.00016553413540843555,0.004378430915119893,0.002549402051469053,0.06556690470589434,0.09746976911563394,0.10428165458142757,0.05612653796065366,0.34202053967644186,0.19325206529908506
359,360,34,0.00010222855334016939,0.00013105007207480846,0.004633088897475425,0.002402614099616016,0.0605038311195505,0.07878902151540014,0.11275261158452314,0.05929353964157104,0.3738175731371431,0.21304898244658793
360,361,34,6.693302183226907e-05,8.090123089175906e-05,0.003460341229048722,0.00159892543474076,0.051299073623822015,0.0678679884146466,0.0950962238232879,0.04497062860967963,0.31250154095537525,0.15404779780289019
361,362,34,5.221385686127178e-05,9.081743164003313e-05,0.003183861424023395,0.002031538684885458,0.056454917573479604,0.09321775036267438,0.10835384730907048,0.06562878190127541,0.3959578192409347,0.24020149310063157
362,363,34,0.00014198677601568225,0.00022447589279323937,0.005351314087473678,0.004110897750762075,0.040481349116924,0.05633466860770315,0.09609481451265953,0.06146356636368323,0.3049229267327225,0.1917507474869027
363,364,34,0.00034318754839713457,0.00046720488592919896,0.008708006791386972,0.005845605479229999,0.06087494141641347,0.08296385560881801,0.11974441994200735,0.0783391631252686,0.41092132535927434,0.2932212530768749
364,365,34,9.030516068431847e-05,0.00021073960427507018,0.0036912721355774384,0.0023662457209004386,0.09145552087712157,0.21041354608112364,0.11834766836289097,0.0740270252971626,0.3914670549771365,0.2427944987810364
365,366,34,0.0004712572438567055,0.0007045737664268879,0.00998998901751988,0.006092886341094767,0.0575724321499686,0.0815779943958352,0.1124021681573461,0.05931618239022131,0.3530823404298109,0.19182521516095702
366,367,34,3.957697322555439e-05,5.089722439197245e-05,0.0029260967549977496,0.0015142408586683994,0.04683258958325228,0.047796267863289915,0.10865879135535043,0.051615919554990425,0.3585159704089165,0.17632488211858158
367,368,34,3.870312837882332e-05,9.858026983619998e-05,0.0021756049998871542,0.0012564131996189848,0.06574624496073846,0.15528812381005264,0.09925371200284537,0.06328201302061728,0.39430784565560956,0.2520120083699034
368,369,34,0.0001298277414555153,0.00021231592001275977,0.004479846184361069,0.0023950656678999407,0.049757868277511615,0.07068291283022764,0.08919715782737031,0.04502022149093843,0.3413943534388262,0.1711845695741735
369,370,34,3.939301168830913e-05,8.26234435108541e-05,0.0026915885528604336,0.001442536761834328,0.10088744688340846,0.3151221263895404,0.1222032166140921,0.0857657903420584,0.39075738454566283,0.29044855535744174
370,371,34,1.5444656362299557e-05,2.1979999130643008e-05,0.0020055641601656508,0.000903526163795526,0.045373227310312146,0.08024173701455226,0.10436968965565457,0.05087929083895283,0.3156219348311424,0.15506056352337624
371,372,34,6.125442467584755e-05,7.322242577866493e-05,0.003668595016386141,0.0016570015129564574,0.05214251723715707,0.06361437341746042,0.10637493902707801,0.04977220318044264,0.3388721031301162,0.1559918227570998
372,373,34,0.0001500137989028992,0.00031847183875877735,0.004237075743731111,0.0027671128840952124,0.053412151916692144,0.1185012227400516,0.07986864535247579,0.05328929947957502,0.3038598406402504,0.2000803560578045
373,374,34,0.00020101747826201436,0.000341323549773602,0.0057239084374433495,0.003380344806338243,0.058016659000285846,0.08995864010524517,0.09888098717612379,0.05468032023071397,0.37797417535501365,0.20513492202917286
374,375,34,0.00011978230273090209,0.00011131155330236851,0.005164629288414931,0.0020159924329501127,0.032116939861546547,0.02887121463037322,0.08478250327136587,0.032854196679317695,0.301271482863847,0.11297416394963755
375,376,34,9.132665207503392e-05,0.00013880068318872566,0.004317516789716833,0.0020519910206795557,0.04375469231265871,0.06354620058668059,0.09444631526575369,0.04555733896697477,0.2891591252649532,0.13962247037662984
376,377,34,6.1958223769205e-05,9.110426602432105e-05,0.0040230443290270425,0.0028077532649193448,0.04754988453179762,0.07429278099130085,0.11229134455104084,0.08289815087242053,0.3692908216925228,0.3020522010980003
377,378,34,0.0001303811265830411,0.00019917212048355435,0.004317349363940165,0.0022789033620943273,0.05675463765339159,0.08574518728029565,0.09514888715656365,0.04384020905530264,0.324977341820212,0.1570243726188105
378,379,34,9.644144716790994e-05,0.00017148886379301717,0.004670957301106469,0.002529772112531723,0.03611968870630816,0.052504449248162485,0.09350956461447127,0.045598122341423825,0.2544926580260782,0.13007966050632175
379,380,34,0.00011063048302329502,0.00010424233172252347,0.0047733884866294615,0.002009428545771428,0.04394323932116523,0.03653820814121868,0.09869457343045403,0.03340471790461534,0.28812891113407474,0.09674005168185706
380,381,34,0.0001649133694573881,0.00028579921536658784,0.006457124494344872,0.0038247463708196406,0.08353115990757942,0.18278318878007158,0.13733897577313817,0.0964676943476089,0.43821196126587253,0.3045053012839764
381,382,34,0.0001681572620969639,0.00019713067345518258,0.005449428592863328,0.0025014875285292687,0.05479832357891342,0.06634697668764064,0.09822284572702997,0.040992386733783456,0.27049311491496425,0.12639410672057927
382,383,34,6.094382374880404e-05,8.908690725047511e-05,0.004247101735981072,0.001762555693441306,0.0592945696621695,0.07983190671042853,0.13647471171091585,0.055122309757841395,0.41370005511185703,0.18565103889403603
383,384,34,0.00022158676318560858,0.00032641847157492796,0.00515780907795381,0.003247331523116494,0.08324583872180323,0.24430010638704594,0.08504488050718517,0.06982677300757933,0.31654851861736355,0.26732075199512934
384,385,34,6.0331159950103884e-05,9.515541778256662e-05,0.0037654120790059954,0.0024125680749422424,0.04507251608404605,0.07046726863904,0.10542276392088216,0.06070823246699964,0.3327495359322604,0.20523903640972904
385,386,34,6.332957983592197e-05,8.708191309816868e-05,0.003355550004498047,0.0016814002659444006,0.05845310964950306,0.085539670967842,0.10148727477473371,0.05348999185989001,0.33342454801587496,0.18133477632383097
386,387,34,0.0004232265186521331,0.0007894567086779787,0.00806405402117354,0.006927847341491997,0.07589973475414273,0.13521483392301997,0.11146797765703763,0.09251078688716513,0.426028373048586,0.35025295339724594
387,388,34,5.86324612453716e-05,0.00010574507932284434,0.003304008922628675,0.0023281355012436658,0.07039490366707254,0.13292945158050323,0.11008942203924936,0.07392508174157279,0.3838249770376612,0.26626887134547006
388,389,34,5.708876386399745e-05,8.052950462331537e-05,0.002743527145974119,0.001637379283349201,0.04117108365479747,0.06261735558432317,0.07514276503420927,0.0426922616769954,0.2670734156580532,0.1511678474014105
389,390,34,0.00020296394081122023,0.00020888667149634218,0.0077970803181147755,0.0028343112129718935,0.03628825853743097,0.03924791442754979,0.10358286616118516,0.03993152756496832,0.28325085648719,0.10611672468434964
390,391,34,0.00021224074798203006,0.00022308132743330887,0.0069678864811601885,0.0038338783845970003,0.03756760904113488,0.03446968576507053,0.09692673763150678,0.04517258474280852,0.27868451660170274,0.12469367592815091
391,392,34,4.818246645754698e-05,9.622719351790908e-05,0.003008154861163348,0.0018818164060788436,0.05519737592240905,0.10803937736746017,0.10395296794526718,0.0629898980041415,0.3723673005314434,0.21646996497694385
392,393,34,0.0001559137586836561,0.0001995137147634003,0.0045795822926961325,0.002435658041264509,0.03762383716564406,0.04189988577261889,0.07303295405033756,0.034124696927138834,0.28197191020145135,0.13538842468491108
393,394,34,0.0003000632880096365,0.00038202309803897326,0.006641118752989261,0.0037437672104306376,0.071618026608656,0.09034039812407547,0.10266416514401927,0.060916601317801945,0.3903172250617953,0.2195775337872302
394,395,34,0.0003506342087776455,0.00066794366408868,0.006543659225024064,0.004195234320427868,0.06285598696558736,0.11073713430041421,0.0899164707345121,0.054823102117351905,0.35070623194470124,0.2123039694961533
395,396,34,2.728523149391335e-05,5.221279387834576e-05,0.002423396077253582,0.001317741989448935,0.05142121123807395,0.10930616557092034,0.09820994833374724,0.05865218703752008,0.3005462604410508,0.1857589373991385
396,397,34,0.00025287946011624574,0.00031118083017195823,0.007634901742943946,0.0026439131572450233,0.030211765942273334,0.03628758904903427,0.08379303817363347,0.029795697052993834,0.2597801238298416,0.09854693185213453
397,398,34,0.00022676940292352382,0.0003480039242510716,0.005927867050666143,0.003918066306679794,0.05864773459924275,0.08865861101429369,0.09640167719301056,0.06272729404973125,0.34808601088383617,0.23111910057868873
398,399,34,0.0002303436232229133,0.00022570548732599733,0.007487980505068074,0.002871007762638448,0.05309538537745967,0.05309722367515222,0.11347388980143211,0.04162130973165598,0.33056434988975525,0.11183478022108126
399,400,34,6.21535603332792e-05,9.579404826903806e-05,0.003183330660891336,0.001865058023903031,0.041263251428437585,0.057753669810468054,0.08870485764654244,0.044286121478758156,0.3105021436863086,0.16601845644199864
400,401,34,0.0001691083128689035,0.000213495603252842,0.0062052062027813755,0.0024057904815740104,0.04586954076555284,0.05668591406595574,0.10201601804617573,0.04162688357615758,0.29285873034421134,0.12477524800923966
401,402,34,0.00040721472337549235,0.0004915984881210283,0.0090944206013399,0.004648549808070807,0.05169363244546249,0.05769977858716354,0.10429193090428324,0.05185512454273436,0.3023088469224818,0.15169014846265635
402,403,34,0.0001825849649589252,0.00017385810602475738,0.005610749248743933,0.0024196536130646753,0.03916097136371879,0.04072052397614552,0.08127292371628915,0.037351548702791997,0.3104892513331245,0.14114239288348907
403,404,34,0.0002773168515191441,0.0005078708490430029,0.006503611104562879,0.004224380141043725,0.07066471422748531,0.1267275844258785,0.10455994899658595,0.06699941009094916,0.380847435006324,0.24987752270475014
404,405,34,3.7563086119221495e-05,5.668623571395437e-05,0.0027565189486588627,0.0017270739592690565,0.05605608900077641,0.09248253833072693,0.10726925281479079,0.07186226166086568,0.3773750366971773,0.2636383396591285
405,406,34,0.001140704020679764,0.000997020825268368,0.019544583416598683,0.007195816564645393,0.04881520470713868,0.045226489156890246,0.12705937816816218,0.04846909777166231,0.40719568334958134,0.14357324570093932
406,407,34,3.393210020289296e-05,3.997028224681733e-05,0.002414144031183027,0.0010473307601049334,0.053526745889993274,0.06894903997081309,0.09412718684796025,0.04076704990195521,0.3108682610532817,0.14720728300725458
407,408,34,3.638449414090835e-05,4.9467361860243666e-05,0.0029589624027721584,0.001573929181461607,0.05796513903666945,0.08677657085309712,0.11724709335933714,0.06404587082335612,0.35846421955262914,0.1955537675297771
408,409,34,0.0001538822790440891,0.0003019744167602052,0.005234099862932721,0.003447840674274632,0.06152517697773874,0.11592531471426307,0.10652684814789716,0.06698347986484562,0.38965983951793,0.2438229937139657
409,410,34,8.779059258171507e-05,0.00012154173849079931,0.004045563010389314,0.001930109003683931,0.053160487359170526,0.07534280759475336,0.10044554642894689,0.04657175134542824,0.32716011036844816,0.15448918678285953
410,411,34,3.755748317042376e-05,8.247614838044138e-05,0.002813922641935813,0.0017975968609523997,0.048941455712980204,0.10621543959599762,0.10188109131858629,0.06541138593860922,0.34978240509243574,0.2254574217901819
411,412,34,0.00028036296602936895,0.00036544239799505434,0.007408117361859802,0.004238575200885838,0.0589276695939,0.07103395400825432,0.10858928488896173,0.05711899863398163,0.35239137533833,0.18501906207855118
412,413,34,0.000727159488686833,0.0012805967062523044,0.00998485171893502,0.0061381358856416185,0.05418154389789218,0.09729170951452985,0.08730655612752718,0.05194007056782344,0.32781629921758876,0.18955281771817054
413,414,34,2.5900297243076828e-05,4.733223388970275e-05,0.002614804255940458,0.0011110672531122396,0.043998450951595956,0.07949524563977789,0.10823612561558976,0.04656795938309698,0.38532307261929793,0.17316395334602808
414,415,34,3.2525599889969965e-05,7.482143613545567e-05,0.002884938641834785,0.0017120479864442847,0.054818873129346794,0.11344152014278723,0.12159463489318595,0.06920756633899362,0.41758287347414913,0.23165900012289573
415,416,34,0.00016219431317414788,0.00027741550415182384,0.005710703005795093,0.0033012907947090582,0.06530013251775767,0.09647349106956842,0.11465427060337628,0.0643126460894483,0.404445573249284,0.2316188327467335
416,417,34,4.478481450994021e-05,7.837013453300431e-05,0.0028536106966545478,0.0019105719337994904,0.10894661143367343,0.18531869877210516,0.14145761180449934,0.09253494918475255,0.4849274623043397,0.3230373722377014
417,418,34,0.00036970784539977,0.000962110258172443,0.006889451685471132,0.005746916565632568,0.04888983917943038,0.08249195237461103,0.09042119640199577,0.06209905260139053,0.397953863529598,0.28303522662974107
418,419,34,8.950971671177231e-05,0.0001552562053198233,0.005122406812220374,0.0028753335427053844,0.04307850702282261,0.07637378359098133,0.11324139136601896,0.06272986121953988,0.4018235741292729,0.22341045073648025
419,420,34,0.0003063308439349759,0.0005423122309372758,0.006857122301452738,0.004846173204547683,0.07013284230796511,0.12158995115959821,0.10566491140600513,0.07315711600649476,0.3911614992162761,0.27777521814035
420,421,34,0.00016041096455410297,0.0001955690479509842,0.005135454545619295,0.002761668891249064,0.0742837371345719,0.10721205286896887,0.10987948626279831,0.05824171872957834,0.37631719822392745,0.202751385080942
421,422,34,0.00013372648077968145,0.00022228690510469972,0.005140579935601529,0.0030878208236497207,0.07223249730818412,0.10670169549371487,0.12232979047386085,0.0668639617260046,0.38804056583081975,0.22489089550482227
422,423,34,5.689266860078051e-05,0.00011016029882581998,0.0030895086580558736,0.0016467644949723704,0.09001647439264857,0.3425425452311673,0.09872588460497997,0.07710363187025872,0.3507496477926479,0.267702988556372
423,424,34,0.00013444492848226647,0.00020648846096921468,0.00419607463717351,0.0023318155241643895,0.04746227213592433,0.06523146524031911,0.07985943205216352,0.043138721657465504,0.2985170871457633,0.16207221609218292
424,425,34,4.065674175655979e-05,5.538160514837331e-05,0.0030527569778154,0.0017980150613239225,0.04396954874562867,0.07584597846493886,0.09721322061822694,0.053874147070550694,0.3297753807376413,0.19248161101507086
425,426,34,3.56093601614221e-05,4.872693627888046e-05,0.0026313464588704795,0.0012709407545028184,0.0552966062541065,0.09810837718678979,0.0933715573457234,0.05847540638560407,0.2897676062934539,0.1797300979286715
426,427,34,0.00027764475046698116,0.00026744437770309074,0.008588716990369208,0.0034716887328129697,0.06458927622503217,0.06322780515348869,0.13125996072502696,0.05467621286195742,0.42377564311027527,0.18198524017974535
427,428,34,6.646256419758977e-05,0.00016083552167941312,0.003327526610947269,0.002003476930484797,0.042030281442053175,0.08367696233734184,0.08884215628837838,0.043247275746531644,0.27667376530521054,0.12983916588004768
428,429,34,0.000206975341129959,0.0003045609975356569,0.007477694533436614,0.0038558549149042744,0.06860476162503748,0.09012656071006821,0.138309186872314,0.06694897775394938,0.44626425294315114,0.23090939603208252
429,430,34,0.00040535819530037665,0.0009075113618192893,0.006826080025776345,0.004637085231168509,0.0567435219503857,0.09905941427900905,0.08412523595068384,0.05264397360080041,0.330384891041938,0.21426931232950455
430,431,34,0.00010674145795853881,0.00016785997046739464,0.004827228251515943,0.0024099709214593103,0.040817756637218684,0.06632483581785559,0.09429684577181059,0.04759732449201616,0.3030431402080199,0.15514097675036
431,432,34,0.00013190259781314286,0.00019114907706476093,0.005047218141365139,0.0029551800557198133,0.05952856907456675,0.08071915891122182,0.11008040661759236,0.05488806327441351,0.35687409998739467,0.17870034917497815
432,433,34,0.00028804378084982196,0.0002504006863388984,0.008271289434667458,0.0032341200886854423,0.05505185146980426,0.045185558019111206,0.11951984004939303,0.03785345438608174,0.32600437280009775,0.1065296861727179
433,434,34,0.0001924588319953353,0.0005675074118408695,0.004654680139056462,0.002604992490334145,0.11326427605715306,0.30914040003651394,0.11684230342507362,0.06266311579144157,0.3537130079725209,0.19108092416456568
434,435,34,0.0001375455781773299,0.0002375999799248827,0.00486461808631087,0.0024216432628660894,0.04699605353251921,0.04958397285292712,0.0977184432284797,0.04287775565526505,0.2776381049086066,0.11988352879157793
435,436,34,0.00012424823017574775,0.00017266051572827851,0.0044292834012166545,0.0022870526218492946,0.05552117363549769,0.08071470372812826,0.09417349910911392,0.0465811429587139,0.30878643384751153,0.1540259099189336
436,437,34,0.00013238247856861562,0.000147148586827204,0.005622983136323883,0.0024184240740613115,0.0433830441085293,0.04052153631095692,0.10447817098568468,0.0407704094891554,0.2827290414887316,0.11158571778228928
437,438,34,4.103398643618515e-05,7.529605932543404e-05,0.0028098775450523723,0.0017575455004359096,0.06620323712773182,0.13071712788193704,0.11075576350969427,0.07384165479297407,0.4020662447985481,0.275007620676038
438,439,34,4.8174135477301445e-05,8.81331781769669e-05,0.00333569070961162,0.002351189115797295,0.05790242210359258,0.09510087746686641,0.11804104267674334,0.06855109530790644,0.37375667165307436,0.2205207723939241
439,440,34,6.022440540806094e-05,0.00016026019117202592,0.003328952065203339,0.0031927349734706093,0.06078909958630581,0.15824657477443005,0.10793238691985607,0.09917669974852188,0.42170580345041614,0.38782512430435845
440,441,34,5.2274849381587154e-05,0.00014171340080629635,0.00256898782818633,0.0017945798318351623,0.09368817696539576,0.2603268844025894,0.10779968484797899,0.0745234419376217,0.3850660232060096,0.27071595783788815
441,442,34,0.0001567192714446719,0.0003524489062815266,0.004727349691914723,0.0034158995377112145,0.05598179394077948,0.11643352961570577,0.09150203207836431,0.06448089412786269,0.34015805756344514,0.23720201975879293
442,443,34,0.0002691392024002305,0.0003874077598199965,0.007454799782649121,0.004549203738704746,0.06762012296958882,0.08841284512807153,0.12089011434684782,0.06842340808556115,0.3641817591646138,0.19963914763415785
443,444,34,0.00010898198070208309,0.00019412244530974735,0.003980900941635756,0.0026806019879161537,0.07665729976040037,0.1318257146438668,0.10798348727471688,0.07169592806803746,0.4119163940058035,0.28512246760486226
444,445,34,0.0001480109128070741,0.00023066240024565042,0.006227927190005122,0.003258807166177303,0.026449703659369227,0.03259145617143453,0.08334437357809614,0.04243136202991199,0.27748759079943686,0.15310089911444924
445,446,34,0.00026013611557118566,0.00033731075655470366,0.007741894685964593,0.003931524555658251,0.07212707077098243,0.08837255953545944,0.12962702585055547,0.06586380329382129,0.3920266503358589,0.23879000545029044
446,447,34,0.0001430212152413065,0.00023366323235572733,0.004841349519077031,0.002936739330755789,0.04527454129214782,0.061195414870074384,0.09886846729718587,0.0458557188672271,0.3266170533264385,0.14901833236048037
447,448,34,0.0003465412915722803,0.0007392990351761376,0.007960720713633825,0.004433919174671488,0.051268604878500545,0.08800174600347137,0.10275706835091114,0.04904111564964789,0.36185986154219685,0.1864423966818321
448,449,34,0.00016811077829087854,0.0004982320890810232,0.0045220707166556484,0.002622912779165632,0.25332207966815024,1.1751758221906545,0.12669160151306322,0.12117589565814438,0.3935750459923464,0.44474815550840663
449,450,34,5.590874926544048e-05,0.0001274801435929276,0.0035130687277106676,0.0019595976641857368,0.06184419833452386,0.14142268527008725,0.11574714915717349,0.0661427014318302,0.40922972691409726,0.24272376654174405
450,451,34,3.915850088694295e-05,6.318803165638324e-05,0.002868187565849546,0.0016671449569026942,0.058709799538037795,0.09730433588132642,0.10773252772496027,0.06628840942946952,0.3261173873701516,0.20755365149111027
451,452,34,6.877064704139336e-05,0.00011416162357701043,0.0036497688355773467,0.002748130007982335,0.030615784962291774,0.06475486177521074,0.0747815675156958,0.054236352762238524,0.2661573093603639,0.19309027155729827
452,453,34,4.662399649479245e-05,7.57435269202423e-05,0.0031915181693073142,0.001874251522847934,0.04143305478946251,0.06163800800916249,0.09687490081962417,0.05512496971955207,0.33183351159095764,0.19824413734632504
453,454,34,7.086853900224977e-05,0.00017776393001504238,0.0035263807033462558,0.0020159698293478155,0.047434733386206275,0.09498366028764972,0.09745539308470838,0.05061086486993315,0.3340087756514549,0.1722238622389486
454,455,34,0.00018148639211336987,0.00037505164304995736,0.005847958416458876,0.003030245012102878,0.056274494745165986,0.10040825181469483,0.10471890143611852,0.050379223029028024,0.3910075710976825,0.1868071220120197
455,456,34,7.926509311694056e-05,9.345633689539436e-05,0.00395406415576444,0.001785864195162497,0.032730158531408315,0.03996764206799452,0.08075081863824059,0.03516720142125458,0.2951417797628571,0.12827475818959425
456,457,34,0.00013445477951362964,0.00030277173599520236,0.005787020994295531,0.0042849479435082246,0.04929275132770486,0.05952160499050033,0.12544475189026663,0.06124124164551087,0.40075111652121825,0.2184372893450117
457,458,34,0.00016935851721534752,0.00032238191121915666,0.005533472552676411,0.0035355959601093747,0.06659955860060804,0.11543979389142259,0.1111046970986268,0.0671332235003418,0.3860506914994296,0.2352619462539157
458,459,34,0.0003229719567410511,0.000286137770170345,0.008135069599922965,0.003324770579484609,0.0676607340163387,0.05351815984604427,0.11928274997455232,0.04470754550884216,0.4341739784268772,0.1545694764000363
459,460,34,0.0001724560499550374,0.0002727348427585788,0.005701836328679586,0.00270594860990813,0.05116848725661197,0.06019765768610071,0.10076004891272854,0.03832507144179997,0.29336437013219385,0.1086913800101135
460,461,34,0.00026163506286406223,0.00037814548359718506,0.006885151865015573,0.003624323997043216,0.06417526561520337,0.08933015066999746,0.10745238359360133,0.05759365534040918,0.3535347598440507,0.18511486379964173
461,462,34,2.9640528633562472e-05,4.684914056925469e-05,0.0023140306995414637,0.0012915257709396064,0.06351764737080563,0.0889842418413655,0.11337274170535452,0.053395404013385696,0.312513752895243,0.14378276522151548
462,463,34,0.000241486773120414,0.0004170267751744592,0.006142481059000334,0.0038014119066941093,0.07922196610118537,0.11087602884963313,0.11603447049856186,0.06782905059039311,0.3779422636417782,0.2253614581972954
463,464,34,0.00016059300619150128,0.00025632101175012827,0.004808730254059329,0.0025581267208511327,0.08332304066896219,0.12381031306822209,0.11106169990756933,0.05744273898330944,0.3277148049982155,0.17223931000938258
464,465,34,5.118136285171418e-05,5.344422389076492e-05,0.003343055264421684,0.0014688158142198062,0.0341592172284008,0.03353196637954152,0.08911037258803844,0.03374910761620566,0.26479973402969975,0.10164807812198597
465,466,34,0.00019812350188551457,0.0003118006599225503,0.0065883453113629534,0.0031058054734270225,0.0568327460273662,0.08872428651203954,0.11171496462296038,0.05215722750857073,0.324746030218461,0.15335125971099964
466,467,34,0.0001671053073818364,0.0003104204625195926,0.0051932147060356594,0.002878804040182874,0.04808047141277177,0.08991792341559977,0.09033911631387823,0.04574140001417669,0.2975961307392401,0.15149296117158112
467,468,34,0.0001601135426265982,0.0001704051926393443,0.0059464532772407815,0.0026034394979717267,0.05835555643117165,0.06223397055330306,0.11529754923985285,0.04777461192028321,0.3979453549665563,0.16733444441540835
468,469,34,0.00016173004571422045,0.00023569947433903644,0.0058045181555344775,0.003231614547221734,0.051756849238539446,0.06868293989268466,0.10683728820260834,0.052984110611048955,0.33002825037521477,0.16447962811233754
469,470,34,0.0003643072806934309,0.00043735257697631943,0.008034764878068338,0.0035519602807579918,0.03726733046214042,0.041206448129354055,0.08227601351545137,0.0354627577900421,0.31491316219463067,0.14141911846061317
470,471,34,9.507583300707184e-05,0.00011345788259899673,0.004653110244201825,0.0020866371768020267,0.044458173324956614,0.05548017567800134,0.09983104818007525,0.04505882482328286,0.3134629682582967,0.1460609870803687
471,472,34,2.2056676892348417e-05,4.167035063760059e-05,0.002548272447550998,0.0015069476939437425,0.04307531425729394,0.09808205897804868,0.10942418095381821,0.05967984643086995,0.3416847761939554,0.1915890972324627
472,473,34,0.00036374192142616,0.00027625264222965286,0.009745551903239068,0.0034231777020243843,0.053491455776726496,0.04040807137407749,0.11841804347932339,0.04180415242327464,0.40710867941379547,0.1427878951078221
473,474,34,6.112332364944664e-05,9.231515956659225e-05,0.0035546513630405944,0.0016628246299198383,0.054984728244188076,0.08192276851173244,0.10916630091036067,0.04793377400469886,0.336340956389904,0.14725730830580094
474,475,34,0.00044240000812244355,0.0005195511282360679,0.010997778475832413,0.005637563872108637,0.056219226927222574,0.05806524915015831,0.12682956457138062,0.05991036563911694,0.37399497277596416,0.17762157674042678
475,476,34,0.00010697342185374189,0.00019469134842639313,0.004518142572658903,0.0028679400591508962,0.05778896419660134,0.10221700145339963,0.10358160175383091,0.06523709404584087,0.32410017006537495,0.2066099397452473
476,477,34,9.647309647174124e-05,8.086730217314475e-05,0.005260984070927781,0.0017724480174610788,0.029950214810121584,0.024635245471070117,0.09232327254379497,0.028119353915211597,0.262614130097277,0.08549771609512605
477,478,34,0.00026985324192912015,0.0003671009792023549,0.008861750542350551,0.0035020579485345827,0.04608166179455379,0.06455165796281401,0.11499719562775948,0.046824150988517596,0.3366536739117959,0.1300509184971338
478,479,34,0.00013626633950908026,0.00021676073911184993,0.005740991944228025,0.0027184065330115303,0.05317984725458219,0.08070513214939021,0.11424212902784348,0.0534067233443832,0.386247402166619,0.1834416676265459
479,480,34,5.242172158111369e-05,0.00013871332973863003,0.0029077820671612725,0.0021432924227770354,0.032870862331679636,0.07347105465850044,0.08070990443229675,0.04597731471191555,0.2569105704041088,0.14988489482173742
480,481,34,4.0579250447294995e-05,9.166208949300389e-05,0.002689354378483532,0.0018017470159422072,0.0478232406107161,0.10123172107846314,0.09643973651177742,0.0579953384581748,0.3079616418656181,0.1831009442184953
481,482,34,1.0691547729760822e-05,2.222104169500801e-05,0.0018053796888767358,0.0009666661412055721,0.03048974008518545,0.05407283995603845,0.10094187627820407,0.05055982430554015,0.36521632092840534,0.18660037825079212
482,483,34,0.00016888655159164045,0.00030549639875986035,0.005643308525631095,0.0033570741004866093,0.04210418168633409,0.07727961363165843,0.08956785680835738,0.05147886831179418,0.3385714559870608,0.19837542361403582
483,484,34,7.861200167687511e-05,0.0001320843223077109,0.0039165531394674494,0.0023739510768394367,0.07918503304587349,0.13222601625779395,0.12466788237147472,0.0767799749459067,0.42943156685899286,0.2716022867562068
484,485,34,4.087412360283505e-05,5.319583303417398e-05,0.0028004872900269486,0.0016760641765808622,0.049631294047953016,0.06188663642182215,0.0993804931640625,0.05934982414449965,0.3255796774345286,0.2033702284715793
485,486,34,2.6641199671008936e-05,3.2541000391619556e-05,0.0025026220794054956,0.001296454791365572,0.08312067523708239,0.09497339720845813,0.14097086581237175,0.07274410788021443,0.42640087841188207,0.2109503936701518
486,487,34,3.7229079573401523e-05,7.086395676064788e-05,0.00284283613676534,0.0016627484943280862,0.050662084482610226,0.09848553560900751,0.10481333896956023,0.061120602790152044,0.34519627471180525,0.19879028101268065
487,488,34,3.488125328989527e-05,7.811287086346034e-05,0.0025321027770748034,0.0016137119205327046,0.05203483532857396,0.10718307650996033,0.09981046743033563,0.06320141931027644,0.36848703596521826,0.22374632021211213
488,489,34,0.00019351988577695652,0.00021027954249987888,0.006635916843900786,0.003160491132051881,0.055240210604525226,0.0633072482244421,0.11142177058055121,0.05407314030513381,0.340451467782259,0.16229172573221656
489,490,34,7.12802466831122e-05,6.444503456306627e-05,0.004891410244026166,0.0015993174614095799,0.03307906797100954,0.023960505923610192,0.10931650921702385,0.032545337684434114,0.31552581620566983,0.10110067945510774
490,491,34,4.295292605985758e-05,7.70449955177238e-05,0.0028996129301102724,0.0015763877862846067,0.052407435946995116,0.10028060926823938,0.09849080843303133,0.056921661905956836,0.3290490069810082,0.18907238469248847
491,492,34,7.599776244446462e-06,9.60946586544494e-06,0.0015920061405802913,0.0007040773175980303,0.03748373935163459,0.04667707286160241,0.11311545546221383,0.04764580088015936,0.371448780026506,0.16712519071078344
492,493,34,0.0001115792795056169,0.0002443291544432856,0.004061273566228063,0.0025346110865052227,0.06608024779159356,0.12674494326380126,0.09962379329783075,0.060337160858054614,0.306396189638797,0.1833123762031164
493,494,34,0.00026666704386169677,0.0003314412924563991,0.007082370746716419,0.0035504506717244093,0.05602060493273551,0.07731622763083176,0.10132372620351174,0.052505122665138015,0.3092561977751115,0.1538598214246334
494,495,34,2.5586934100374492e-05,2.7676871310157712e-05,0.0025951081137035917,0.0013335889805444771,0.0752120667945265,0.08669039050047567,0.1374222543090582,0.07630654515048084,0.4462086602168925,0.23014870198053616
495,496,34,2.0168583629958232e-05,3.7099805595634294e-05,0.0022361048391116235,0.00167225566187759,0.04601032922373099,0.07713829663504998,0.11076139746343389,0.06957841674263887,0.40128444661112395,0.2549754401073905
496,497,34,0.0002715286143885511,0.00043627982662178803,0.007158613099497469,0.003891423017123812,0.07029696799102514,0.10222762824752248,0.11650242283940315,0.0635772024879236,0.4216608150916941,0.23366054202984785
497,498,34,7.242432042510379e-05,0.0001758308947103138,0.003247365413699299,0.002138583149085207,0.09515634543426774,0.21538754401846893,0.12049682219238843,0.08050934937745297,0.42476043368087096,0.2835172571866734
498,499,34,8.036365954253329e-05,0.00019063043604642166,0.0036875451914966106,0.0019252790885699186,0.06403858473469667,0.14263364758728836,0.10520634570104234,0.057174181665192954,0.36707008805345087,0.19238789614677126
499,500,34,6.320576497136485e-05,0.00014826156470496796,0.0032664647322449393,0.0021982151778129886,0.07257084135883762,0.2479735331395808,0.10547532349386636,0.07830182354161243,0.37794118988163333,0.34818969264450284
500,501,34,2.293913263178424e-05,4.1878314545690216e-05,0.002133285566849415,0.0018031690702675753,0.038098901021465494,0.06197070982994731,0.09298102656269774,0.0733611745257531,0.2827950357733404,0.22571803809944896
501,502,34,9.990977016915327e-05,0.0002227227624154877,0.0051008033401825845,0.002200547543969792,0.051390505135607195,0.11330954809980918,0.11630236204056178,0.049754693028929056,0.40953197680851994,0.1828669314911288
502,503,34,2.946538673393875e-05,3.205092554872823e-05,0.0026148175204391867,0.0010276708697395747,0.02203269990380196,0.025539464693044807,0.0738131929846371,0.029337970485411303,0.2246389034039834,0.09131167054287495
503,504,34,1.6179409211712054e-05,3.3364009416327785e-05,0.0020023691502180606,0.0010655974862699628,0.05057714826098698,0.10030823977164553,0.11415569045964409,0.062374225282852906,0.3536165672190049,0.19638140126527578
504,505,34,3.890834538571439e-05,5.560893284952581e-05,0.002688427361563834,0.001477682153976008,0.046990605269777865,0.07571463237731066,0.09899155696963563,0.05183811422567652,0.31756457686424255,0.1578063901694598
505,506,34,2.4215554864948737e-05,4.889528262464092e-05,0.0021015543298905388,0.000998703855140937,0.05826011975295842,0.12397306071973972,0.10331694869434133,0.04500372099029861,0.3418215574587093,0.1553141231449828
506,507,34,1.9247198074080027e-05,5.0108723551194215e-05,0.0018365738163565232,0.0011188557523496006,0.07154705224777846,0.145336408650174,0.11807759955306263,0.07295035924202968,0.38025414154810067,0.22755532638996068
507,508,34,0.0001922553465994818,0.00023069914321257088,0.006060548893669073,0.0035511070406971062,0.06708182593780186,0.07355042336870511,0.11199319318813436,0.062042979285725816,0.4419003221042016,0.2639616976122121
508,509,34,2.8070441999261675e-05,4.748913232415054e-05,0.0024884114100132138,0.0015316013245952832,0.05198668151655618,0.0899348183800213,0.10875929585274528,0.06715011019803961,0.3743111486820614,0.2363076573780845
509,510,34,1.3858029971662986e-05,1.8212615853386525e-05,0.001944622757625492,0.0014173941168650246,0.029766929691986126,0.041050235694100726,0.09278557444100871,0.0738268663374138,0.33262329417116504,0.2734856796399765
510,511,34,5.178423648832155e-05,8.058989412764524e-05,0.0031000699553474344,0.001785742039165014,0.07876261099077322,0.1327803981827625,0.12225960315588642,0.07045951688675381,0.4177546439801945,0.24131015916282814
511,512,34,7.284364468104927e-05,0.00018464237474017576,0.002600120582535644,0.0021659428525253005,0.3119925745516358,1.4440678769384425,0.13242119780796416,0.1188357664518894,0.43220289183013577,0.3592289526599578
512,513,34,0.00023799009973652786,0.0003068960358281218,0.006183263797806028,0.0034456550692882272,0.048228515853064466,0.06006418850194395,0.08878278096809107,0.04705579061003808,0.31349772127235637,0.16451996901300853
513,514,34,0.0001964276015822928,0.00023269212089453866,0.005019373729523709,0.002423430837927079,0.05038339052321937,0.054179608212034956,0.08240657496978254,0.037097435390711586,0.27974223739960613,0.12350078481717824
514,515,34,7.345148587239023e-06,8.970584740243085e-06,0.0015432668750530436,0.000605748711005946,0.029927030993242038,0.031798708930286565,0.1004795421134023,0.04032927312658811,0.34930166426826925,0.1383852614646603
515,516,34,0.00023652305486286743,0.00035993366598464845,0.007372815295478658,0.004386434415921466,0.10161920964224812,0.237941981006199,0.13939444611177726,0.08823960410253957,0.4558907953255317,0.4112305284211512
516,517,34,0.0002442171257558477,0.0003260454514773821,0.00909618307452868,0.0036770619956242685,0.03915964427184971,0.05504020535806361,0.11481782005113714,0.04547489324884778,0.36297302473993864,0.14893640104233538
517,518,34,0.00012017084022505408,9.88943557458566e-05,0.0050294379368150495,0.002141085482885446,0.043299734749940824,0.03749225818543859,0.09602445561219664,0.04547950501167015,0.31713706364526467,0.14682623632470965
518,519,34,0.0001809186421055261,0.0003103769450842954,0.005787435672519838,0.0029308677172569064,0.046243756468517375,0.06791247621825851,0.09635140670134741,0.04300379508032509,0.3007026262143079,0.13241309809651963
519,520,34,1.5687126989405442e-05,2.921242272937732e-05,0.0017265736173345324,0.001038489528734491,0.04371751141597462,0.12025406702080367,0.08959209699841107,0.057474291491370816,0.28878354325014,0.18068380460852315
520,521,34,5.122407821331495e-05,0.00013931881149928138,0.003479265553109786,0.0018842997012152145,0.043901171946131134,0.10441515820398575,0.10572136522215955,0.056178456380944784,0.36668096132138195,0.1980445634606854
521,522,34,1.2226790184232574e-05,2.0590097821237165e-05,0.0019995762148242004,0.0009033762483727733,0.027228826163884473,0.05018745573923551,0.09249498125384836,0.044356119168014775,0.28874628771753874,0.14359222745949388
522,523,34,0.0002952649585816235,0.0003558813752067971,0.00779487456962028,0.0037688552657343427,0.06250237400972229,0.0735469497423191,0.11446352105806856,0.0536860575115139,0.39910177711178274,0.1962402587207713
523,524,34,0.000755849341432475,0.002940133918187785,0.0033930975563742,0.008701122360632946,14.22040128456694,64.19830619548362,0.39651700566687126,1.1943654905946266,1.5360954469617676,4.460484809236516
524,525,34,0.00012751052871435068,0.0001857137637232028,0.004910455331863726,0.002622395812404668,0.04632369713063406,0.06821584236258121,0.09388657549724859,0.04894725587298648,0.3598645649412099,0.18959485810215918
525,526,34,2.899117635693341e-05,5.65602339926909e-05,0.0023299742366789896,0.0014364949039361527,0.03331754803109695,0.05581231710280936,0.08547173517153543,0.0422973628653637,0.2752339410431245,0.1393203759506899
526,527,34,0.00022428856666866683,0.0003845653657819995,0.0061623700209619365,0.0035836065697917984,0.054632712525370365,0.09200072790082604,0.0991175924153889,0.05184521951915668,0.32553861903793674,0.1715090438807745
527,528,34,0.00013654124060902926,0.0003582448254810349,0.004355496761169942,0.0031427909799306283,0.04827424274374019,0.09969497025180525,0.08978152527090381,0.05249548240493066,0.29418135697350783,0.17222182289678234
528,529,34,0.0003523956923291895,0.0004288938635080514,0.008696043987155837,0.004392030788014412,0.05961890518665314,0.06910335544462369,0.11401425334898864,0.05432236554666194,0.34700904830413704,0.1671122435272758
529,530,34,2.4076079973704455e-05,3.494650973405395e-05,0.002445213308366125,0.000996641200545473,0.048180199707584345,0.06850264116107466,0.1102856798645328,0.04229420971513317,0.3327561016468441,0.1334786129861325
530,531,34,0.0001953423145417165,0.0002683368614745562,0.007436048294253209,0.0030183023311893967,0.0502757344614057,0.0654786507771183,0.11974187765051336,0.04770420553856406,0.3354752234676305,0.1350040645466944
531,532,34,0.00031536266439669653,0.00038129755663506796,0.010341275497065747,0.0033612100169354716,0.05124190173057072,0.07160273015956058,0.12969269932192914,0.04460328422551421,0.38080018495812135,0.12635231723007675
532,533,34,0.0002637452214859128,0.0003161669494858004,0.00707192241679877,0.0032725062561163526,0.061208256931208516,0.07869893782952415,0.10614960848846856,0.05069790710293906,0.35693812414127235,0.1799743161687418
533,534,34,0.0001585105178759584,0.0002812585294796442,0.005236626589013373,0.0029472554241603876,0.04893096436417716,0.08261452361946742,0.09419401691240423,0.04901111972323498,0.3023599333622876,0.15977020151119561
534,535,34,0.00028345286915175486,0.00046175977211683554,0.007465411162496928,0.00565889846949532,0.07994847881662495,0.12617180635839687,0.12595373172970378,0.09246509633319862,0.42902933280257616,0.3200308426822306
535,536,34,2.627134933043314e-05,3.513408077435637e-05,0.0023943758740856804,0.0014174912006497291,0.032907295451663876,0.05255937048201995,0.09067741529468228,0.04132066297952387,0.3008284906254095,0.13668685471389128
536,537,34,0.0004441155362976989,0.0003412089290207361,0.011538727222667897,0.004081749236787837,0.05125622289693531,0.04021978060116833,0.12398986726561013,0.043215127958568716,0.35934607246342826,0.131277695586046
537,538,34,0.00021036138791179625,0.000274293673456057,0.005497787387438995,0.002781535057800606,0.05734001880730776,0.06634714058179915,0.0940284890067928,0.04165248962037078,0.32125574394184,0.14465221583508067
538,539,34,3.986693887474543e-05,6.075310788830881e-05,0.0028413286507951423,0.001723977356765188,0.04343547350521583,0.06162655297541443,0.09587360365206704,0.06090993714237367,0.2861001224202268,0.194265043719214
539,540,34,0.00020300269472821076,0.0002482458627376752,0.005951107931597268,0.0030197104204166343,0.047503414317308104,0.054644276976698616,0.09215807005324785,0.04034138421309389,0.3066120686776498,0.131466021496442
540,541,34,9.444190008627415e-05,0.00017737825955687378,0.004389322489527438,0.002828335015296942,0.0530352712581482,0.09456286866997345,0.11010333906640024,0.06027317619184943,0.3006258124814314,0.1658832540793358
541,542,34,3.711730178512131e-05,7.084311747978748e-05,0.002425844231551951,0.0013531519322225489,0.06522855524877634,0.1657054034513061,0.09504247259567766,0.06554038239116995,0.286440385176855,0.21507781107462087
542,543,34,5.576040607860812e-05,9.319260454834675e-05,0.003789430425968021,0.0015916732135497873,0.039080669856904185,0.06010014108957599,0.10417142784332528,0.03830851646058218,0.3029469641692498,0.11028775052029698
543,544,34,0.0005253107635847782,0.001468072469806699,0.007133155657142839,0.006023953912145056,0.07869926483972985,0.18205308004123352,0.09413391209262259,0.062149681955728724,0.3503439757315552,0.24347082017354504
544,545,34,3.9805412705070066e-05,6.554604493924393e-05,0.002823762677829055,0.0021630743701398936,0.04683765747433748,0.08143012062562818,0.10252021023017518,0.08165112853168609,0.3843315090326702,0.28656588471122857
545,546,34,5.894688055217129e-05,9.373825120536862e-05,0.00363304530379965,0.00155742972417759,0.03248021144912962,0.04560286928208683,0.08814454757991959,0.03374181346136162,0.2755804508924484,0.10610855578510431
546,547,34,0.00023953319717239698,0.00029073462584714083,0.006822038777446484,0.0037104131402733503,0.06070606927524375,0.07773923423971121,0.1103730076814399,0.058331134606909786,0.3335959587027045,0.16792326846505193
547,548,34,2.1450952859220922e-05,4.109468942612101e-05,0.0021972869187319543,0.00103885944837514,0.05360138649120927,0.09918451192685557,0.11105952379019822,0.0554331756306763,0.40213166527888355,0.208816391727752
548,549,34,0.00023898260174599485,0.0003999494227832347,0.0060815925586639955,0.0036056006717608067,0.04803317259682123,0.06719444560682991,0.08827257309766377,0.046500407948561764,0.3148028158089694,0.16362617793107115
549,550,34,7.541590318450129e-05,0.00012050305955436045,0.00410284217008773,0.0025680087695129465,0.059457522063680435,0.08505994307098802,0.1161508989684722,0.06305011618255277,0.3935202951816952,0.21272389765034125
550,551,34,5.033497608471461e-06,4.435138801007869e-06,0.001119735449559384,0.0004055587278950083,0.020686159105560577,0.025443229652018163,0.06892875669633641,0.02638278108978677,0.2137044350452283,0.07489620941696314
551,552,34,0.0002951692742285291,0.00030974925630634275,0.006667132318184218,0.002791960686412876,0.04965815190499758,0.05060775741095855,0.0893554037765545,0.035817194468113475,0.33598146193167744,0.1332577977006243
552,553,34,4.9949310858424084e-05,5.887946328355554e-05,0.0031536093276158415,0.0015666352302607215,0.03874088336220559,0.03868779440328439,0.09064924596425365,0.03977072132403412,0.2675741871490198,0.11641158500596113
553,554,34,0.0001177555588503096,0.0003189891115466826,0.003925706728991559,0.0019548631806860658,0.05281187525457319,0.11287741860369117,0.09114957765183028,0.04647166660627941,0.27868130934589047,0.14155369757788797
554,555,34,6.028693278093509e-05,0.00016404278763186572,0.0029813378770246774,0.002892195770747523,0.03295845869476633,0.09789515444790531,0.06681141972213107,0.05355744167609281,0.20237752608954906,0.1683621883546987
555,556,34,5.546675451488922e-05,0.00016306482520885596,0.0027155320344985846,0.0017214076278362254,0.07458602884263896,0.186200119625462,0.10557850663933684,0.06426783954056119,0.380610107060741,0.2264625453316751
556,557,34,7.352892608945266e-05,0.00010693242605619498,0.0039379475877948985,0.0016043794541092617,0.04911450108321493,0.07742246838177799,0.10024111761766322,0.042278799091518694,0.2986106894472066,0.12829953542356576
557,558,34,5.4669367567411805e-05,0.00010701253310114534,0.0034818252829341765,0.0018493443026288115,0.051276660195606595,0.09803082817810908,0.10717141211909406,0.0569477925777559,0.34069575851454453,0.1815658241880241
558,559,34,0.00011557917696336517,0.00013634365358295716,0.00534890906419605,0.002417708026286474,0.04582429592333296,0.05990870706048147,0.10480433570988038,0.049329111248821327,0.317694312071099,0.15054246381609676
559,560,34,5.7343715605598205e-05,6.882851391707017e-05,0.0038862003129906952,0.0016910032533624375,0.04314949240206795,0.053570582762672306,0.1063759228324189,0.046195964630307826,0.30982884194921045,0.13580060322262366
560,561,34,0.00019258029779474086,0.00023650998021702054,0.00727741581880871,0.003269813582764065,0.054877224652206194,0.06871774014641024,0.12217747343375403,0.05589254763179074,0.3894643603878863,0.1746320906524847
561,562,34,2.1650508789902876e-05,4.026444737949793e-05,0.002086814653867965,0.0012012534941149484,0.05476013625807622,0.1023316136630086,0.10553009862847187,0.060202934020011874,0.3527493450571509,0.19952003748322325
562,563,34,4.1804726202050966e-06,1.8981621348172173e-05,0.0006205577648121535,0.0007082675523835488,0.021371705579119462,0.09147555742121946,0.04732835468123941,0.05105455433074837,0.1731216293923995,0.18681356668992805
563,564,34,6.746782689253236e-05,6.737808386221416e-05,0.0038721494424595114,0.0019725234097176672,0.06690027467180591,0.08914891413257664,0.11936585517490611,0.06689347642665328,0.4109617826693198,0.2394892007005494
564,565,34,4.0438617147361475e-05,6.682915982839316e-05,0.003068035814281115,0.0014233440010641492,0.041251727927695304,0.06824253424830191,0.09889816295574694,0.043465078098308636,0.30429602633504305,0.14146379804407358
565,566,34,1.8494590389148952e-05,3.7299129034330296e-05,0.0020340275899370145,0.0011463113751669668,0.04781825556282831,0.11185543190103368,0.0995277427136898,0.06215508825572651,0.32872116127434897,0.2088641895926233
566,567,34,3.375977282323273e-05,5.639560452840811e-05,0.0022591797220657636,0.0018042461631463298,0.06309959082864225,0.15391141767362332,0.10290889420053538,0.09580771408080518,0.3281914352932397,0.2852814473764052
567,568,34,0.00016570933128685496,0.00022160473505247215,0.0054522208417491875,0.002390962846989085,0.047490232425522715,0.06451801473449133,0.09282098874887999,0.039318838820606224,0.3035957072587574,0.12142547572490041
568,569,34,4.6061939756595274e-05,5.261371338546249e-05,0.003003601878470577,0.001374674884153631,0.040397518951281464,0.0402287707043244,0.09265073564122706,0.04986207274742004,0.31920762228615146,0.17755025445119843
569,570,34,8.01322926862975e-06,2.049513170332223e-05,0.001225191490341197,0.001148816689014011,0.034930650672964365,0.08691955248463216,0.08251715155647081,0.07529814444502494,0.2844835632645032,0.25803774082177694
570,571,34,8.197416731798726e-05,0.00017668798667583448,0.003532339199035264,0.0029936289943584726,0.03585010315017665,0.04525064457408635,0.10093510359087411,0.031434120633195256,0.3401239580091308,0.13919161372982342
571,572,34,0.00013311979249492115,0.0002224829089026691,0.005540600587504313,0.003029619662269032,0.04465439184294904,0.07632733880292031,0.10099678377018255,0.05525703608269147,0.37384014532846566,0.20856478480896934
572,573,34,6.94660843558214e-05,5.8133656700086895e-05,0.004258179383160656,0.0017852962334870923,0.037803265676998044,0.033072175974440024,0.09753223892082186,0.04000623032600339,0.28085501075667496,0.11525253607816069
573,574,34,8.256764765653369e-05,0.00013478191695226303,0.004151368342504343,0.0019796243243277176,0.05130945254281601,0.09212254581950116,0.10223742464885992,0.05136633438615005,0.3166920972221038,0.17223927740244566
574,575,34,2.6554289005991234e-05,2.935671878773243e-05,0.0028635768993648097,0.001218283855879266,0.03375884352306671,0.03686330393991795,0.09959094478365253,0.038639932939918464,0.3795308659181875,0.16456257478139757
575,576,34,3.147344675118588e-05,5.250829294220801e-05,0.002495086566983339,0.001432301245605126,0.06933502103749882,0.11614108644682414,0.1172265538617092,0.07100654921314696,0.3751174996004385,0.24206412740459382
576,577,34,3.1733988889219984e-05,5.073082442558491e-05,0.0030557079761124708,0.0018832424537573247,0.044012679526691925,0.06276131726014963,0.11544077383244739,0.06559354543789195,0.3736835538464434,0.2103158172053223
577,578,34,0.00017727709184648977,0.00015820358799543608,0.006817155154695844,0.0021958109945114396,0.04291180283625556,0.054404255055628535,0.101876446758123,0.03871207540183115,0.30650830290773334,0.11520738869947672
578,579,34,4.069618260620486e-05,6.918765286860717e-05,0.0030261617982486155,0.0018854392187147686,0.05789194177658133,0.0887914813952256,0.1126672110575087,0.067637622752434,0.40800756566664753,0.23645797976242533
579,580,34,0.00024728351416021776,0.00025906117530115114,0.007389417904264787,0.0029172191956485425,0.039129094563095886,0.03739143201161987,0.09501925351865151,0.032501926687719195,0.2758553760016666,0.0930781771671516
580,581,34,6.912961732589739e-05,9.120865275792596e-05,0.003636003574630355,0.0017985103765010765,0.06234143883921206,0.08017053950297523,0.1114875172429225,0.05406750672711035,0.3099386328283478,0.16751201379112854
581,582,34,8.799375449170304e-05,0.00014446939181812088,0.004289569761193193,0.002484633879002166,0.047444658456644154,0.06634600128358203,0.10529467879849322,0.05247716755442694,0.38475868281196146,0.1882658976637153
582,583,34,8.920649335831353e-05,0.00019415090203886938,0.004148740314549822,0.003676708089000747,0.08952059569385122,0.17386546064268726,0.1355689192081199,0.1098849263742601,0.4116479596670936,0.3192732533024868
583,584,34,7.899854191397454e-05,0.00010906551823870244,0.004359725386808243,0.0021773906995816417,0.0479216809001039,0.06417588852578233,0.11006833097952254,0.05155266625301411,0.33970945065512376,0.1539347450472156
584,585,34,0.0002218523260553946,0.0003941237227204219,0.006373924175825189,0.003740822100426783,0.059557848096386916,0.10543568966258116,0.1063837561318103,0.05961615436129138,0.38076570147977157,0.21682917936847
585,586,34,0.00035700286948400284,0.0005475499084840838,0.00755405640366542,0.00427683182831826,0.046132926746983736,0.05649708619750741,0.0939034909448203,0.037717429014945854,0.24275486346553354,0.10209819506266517
586,587,34,3.372757157314802e-05,7.869027590065374e-05,0.00251182189437232,0.0023500174467570036,0.0611808164839578,0.14571474035984408,0.10486468738492798,0.10489200601403137,0.37289335732074347,0.3722273661086851
587,588,34,0.00031015894359477577,0.00031114559215042676,0.008919983472236815,0.0034582737016060675,0.05010886876569951,0.05036585926266214,0.11318173675852664,0.04330712523427176,0.37214048228719654,0.14586453630272792
588,589,34,0.00010158592458002899,0.000132902179556515,0.004904758722713108,0.002319491260823032,0.04475589258158032,0.05545207151669935,0.10394927640171613,0.047552357764259735,0.33932704872944774,0.15331340675560823
589,590,34,0.0001715191680673075,0.00027857228129283645,0.005820163806407329,0.002908537562647371,0.0572800538091756,0.09324506580362808,0.10712899344370645,0.05278570687330936,0.36940903917831536,0.18259556747887268
590,591,34,0.00014749907249471804,0.00015607496486457533,0.0060043135342900365,0.002980487037447483,0.04486829777905608,0.047320630217807115,0.10653403204153566,0.05069983376617174,0.2812253675040077,0.14109859406375114
591,592,34,0.00015239638752759406,0.00018506148396238407,0.006909864762907519,0.0027108244564393556,0.05283405270208331,0.05970019146184516,0.13057372916270704,0.04736289087622967,0.3597327974789283,0.12620145202656818
592,593,34,6.810404802843764e-05,7.443791054851191e-05,0.004439511459649485,0.0022150869089590797,0.0525100634104627,0.06349254592956026,0.12160574918722405,0.06507905153857309,0.39830480384476047,0.23429829362739465
593,594,34,0.00039976592370294384,0.0008466521833061906,0.007275366155868944,0.004798021475207814,0.0747973264523727,0.12745535688975182,0.10350057668983936,0.059246719748553965,0.35245320639189553,0.2084072033637588
594,595,34,0.00019019641323372044,0.00020797869951530635,0.006177344962077982,0.002300629398418758,0.044465534649241495,0.05376963672039919,0.09233262499465662,0.03660851197233508,0.2809912842862746,0.11366058472748976
595,596,34,4.906490985109378e-05,9.143388237350547e-05,0.0035474363488473873,0.002098250169170151,0.05938218242269667,0.1067052853439756,0.12454116968985866,0.0723723777748872,0.4520392457351965,0.26652356154143303
596,597,34,0.0001406102736676557,0.00025700306035399936,0.004790091174928581,0.0024017345036026175,0.057159629129969025,0.09290501701776133,0.09854721431346501,0.05394652465334298,0.2953972496530589,0.1608043436278336
597,598,34,8.607074411937741e-05,0.00011981037497686695,0.00453360948834897,0.0021855149329637912,0.04465136823573095,0.058813061099795456,0.10591808257295805,0.047704273593515235,0.3389825461541905,0.16992562118778717
598,599,34,5.116154411285499e-05,7.409551049927343e-05,0.0032574636622003336,0.0018325838260814598,0.03851185022743747,0.04740101859901316,0.09504923925680273,0.048003670558540046,0.3329036178834298,0.16748535689537247
599,600,34,1.721445410312834e-05,3.29945044790676e-05,0.0021133894265136298,0.0011753184527237646,0.04114640239105724,0.06519938740947014,0.10449646742028348,0.06052230063917962,0.37436387381132913,0.2250632637453277
600,601,34,7.383715485369012e-05,0.00011224470888803375,0.004527194055673831,0.002549111804603906,0.05109543654629413,0.062369108265467994,0.12564832421348376,0.058215744753906284,0.3649230989463189,0.189018998413908
601,602,34,0.0001341170787675176,0.00012148552154175308,0.005523995640139808,0.002061175291143259,0.061261242817101234,0.0615218276712226,0.11630431935191154,0.04455742092178491,0.34689564564648795,0.15235345809823364
602,603,34,6.849652682331332e-06,1.990140410902774e-05,0.0009541863049996798,0.0008579095905512185,0.032936791544403494,0.09768982138787272,0.06323827775743078,0.05827494967644485,0.22107353576404207,0.19954850066444663
603,604,34,4.335626661432958e-05,4.747862755563488e-05,0.0036791069124934867,0.0014396168334975892,0.03593957985011751,0.03931641838419847,0.10542782363207902,0.04077242606923767,0.3058187895837952,0.12776057476729416
604,605,34,5.165288972113344e-05,8.021752315982557e-05,0.0029268385226126105,0.0019493172645476994,0.06513054165578283,0.10703595319468567,0.10601022532757591,0.0620773641710474,0.3639439322492656,0.233072398758031
605,606,34,2.9445901709416776e-05,7.153115382866778e-05,0.002097922534791424,0.001431176328631921,0.05787644757861819,0.12428981181145422,0.09466094129225787,0.06353206448960766,0.3346576475921799,0.22367007518199308
606,607,34,6.574166987735119e-05,8.10481779897701e-05,0.003825087832999142,0.002233880574309457,0.0871859768693171,0.14853613440055263,0.12454567531890728,0.08851825450252564,0.4130384610856281,0.22553323706311354
607,608,34,0.00018679570289618021,0.00022825463619188512,0.006428140297751217,0.0026819371449756913,0.03482195241924595,0.03277421374679434,0.092189025681685,0.033990354535726054,0.30353256314992905,0.12111969942934092
608,609,34,8.270963546826405e-05,0.00010947015683664325,0.0037164666505037423,0.0018378302193378334,0.06397281894939677,0.08621769922484734,0.10541089569382808,0.04948983372757032,0.3272600292282946,0.15766068502618144
609,610,34,6.774396059186342e-05,0.00012695757600716506,0.003566316106384072,0.0023928433646219246,0.0715555040001431,0.1337570807432951,0.11648591136669412,0.07747743960345753,0.37483401596546173,0.2506806524449552
610,611,34,8.51724572813135e-05,9.161772857220628e-05,0.00466180090135073,0.0020723065173874635,0.047480240970959556,0.04953197513925814,0.11214415586608298,0.045430614643155474,0.3259759370018454,0.13872876057335004
611,612,34,0.0002387767653197122,0.0004907034986000394,0.0054015583249137685,0.0031391155705143897,0.05639284437604468,0.10944732448379574,0.08771912600187694,0.04484741232577492,0.268904129810193,0.13905149310545087
612,613,34,6.068918430620041e-05,0.00016596660756281915,0.0029658251835772875,0.002193562860475053,0.07796082810005721,0.18874578372826545,0.10546238682068446,0.07456325566972279,0.33552632371292396,0.2455855051440063
613,614,34,5.871232055784169e-05,9.010354990673751e-05,0.0033625730532495413,0.0019356219523807541,0.03706344170495868,0.04697105374597987,0.09004759678945821,0.044972730583485596,0.314986419151811,0.1590790634244072
614,615,34,5.181835363413591e-05,0.00011120424258460209,0.002825795881696703,0.001820334904195981,0.058649368310237635,0.11114059051639301,0.09950876871452612,0.05946750231585899,0.34392904008136077,0.2083136041516308
615,616,34,2.589068135789068e-05,4.6790421586652874e-05,0.002093478150474017,0.0016815518858946845,0.058379617319373855,0.09831390428353598,0.1044864464441643,0.08050243160978329,0.3621058540747446,0.2878338873245655
616,617,34,0.0015641024602861282,0.002159932160779241,0.017970107701223564,0.010739986161294504,0.06744154542684555,0.08900394574452125,0.1210226158008856,0.06883829825204028,0.42738517987377506,0.2474002211025543
617,618,34,4.583338196586256e-05,7.399321233500869e-05,0.003037149928893675,0.0017911870598832185,0.04525326546418535,0.07528450471852882,0.09546748357003226,0.055937897347699335,0.28325369340531964,0.16694402430606795
618,619,34,0.00014144746950585293,0.00017126022181995814,0.005553212756400599,0.0023301444007431107,0.0440723964232294,0.05704417967315429,0.09731455070569235,0.04272381582808731,0.333041460636784,0.158275206196125
619,620,34,0.00017329858629262375,0.00024494074489307753,0.0052888058742289155,0.0030740835280431483,0.06806102238239392,0.09384197910103244,0.1096129009828848,0.05629262627362335,0.3286171901751967,0.1645337849983599
620,621,34,0.00041607567019288097,0.0003520982933996242,0.009574707186616519,0.0036001154929825216,0.0605718614122666,0.04551570257917067,0.11790229270563406,0.036646582050101524,0.346717222210239,0.12156702547461956
621,622,34,0.00012926515115823886,0.0001316405359619937,0.0056555091732126824,0.002187226540049877,0.04082016181200743,0.03949213407913679,0.10154787418158616,0.03489377794261764,0.2742223323268049,0.09809283010820262
622,623,34,5.0761318595291144e-05,7.095846771583672e-05,0.003107149203595541,0.0018094100410901799,0.03149591608192114,0.036104567120231454,0.08171658563044142,0.03841868656689441,0.23917381662656279,0.11250969958685943
623,624,34,4.3329166735073906e-05,5.777057590321594e-05,0.0028832992607289378,0.0014657283058527042,0.04207155051613774,0.05535870520797878,0.09156743973931845,0.042069268848969874,0.2945989782319349,0.13058919373308828
624,625,34,0.00010686618991391751,0.00016988758129983918,0.004667483318104025,0.002213361824336154,0.06488295687663861,0.10373312430551396,0.11551406365983627,0.05576635340648775,0.38017533544231863,0.19258298068232002
625,626,34,0.0003428669123797376,0.0003705090224653477,0.010250231675694095,0.0041546360493167865,0.05736512688043363,0.061770981778040045,0.13352234245223157,0.05127874110179416,0.40198619576061473,0.15313237964974374
626,627,34,0.000333394329987534,0.0006996024352222315,0.0060126421500599995,0.0036450767104689316,0.06795056256027344,0.11941900211984982,0.08777540615376304,0.05139952342651907,0.3086484587367843,0.1891174431082842
627,628,34,0.00030190300479743574,0.00023043025248579798,0.009091636604245971,0.0033889873479010886,0.0570627591737053,0.04716181434756866,0.1247763153822983,0.04850727076227038,0.42591357406447916,0.1693580267177478
628,629,34,5.382549279301309e-05,0.0001078713792107213,0.002980396293637836,0.0017027511723175161,0.04653134276775424,0.10602360953089536,0.08670810736058389,0.045842432655246824,0.2915479185826638,0.14606628496846893
629,630,34,0.00010143069559543459,0.00018311983632096764,0.004402562215759912,0.0028473985146527706,0.04324763278504286,0.0757863939836593,0.09160563831820208,0.0554070359390321,0.2785481736063957,0.17437079930764365
630,631,34,5.503130989168045e-05,9.384275802660304e-05,0.003254224731148604,0.0018721882900075387,0.03392612749217626,0.042241506331609606,0.0902721698888961,0.0407160544503703,0.3156302658950581,0.14668138342350698
631,632,34,0.0010374745795749785,0.0016698715922568049,0.013956241679432638,0.008774351478672572,0.061434295042144024,0.09276055741953583,0.11074622238383573,0.06333832805947079,0.38847869897589965,0.2304691216001822
632,633,34,0.00025035888227327685,0.00037072991178136236,0.0071946831611806854,0.0038264598966850968,0.07033334123244618,0.10465063659026538,0.12145056619363673,0.06204158602559316,0.35804518750485254,0.17645584306147546
633,634,34,0.00015464177332593382,0.00027230933636936073,0.005275740575812319,0.0029221038615119713,0.0429324454641627,0.07740148334887732,0.08710238567608244,0.04875493184941212,0.33369045047199025,0.19212840904105932
634,635,34,0.00032052127629439756,0.00027252883320779927,0.008475233718533726,0.0032269600009036076,0.06331505779834355,0.05822875355348736,0.11869675797574661,0.0479370697485818,0.4226232302539489,0.1698826038751776
635,636,34,9.478282739858995e-05,0.00018196135925207686,0.004886637274038923,0.003560686186100964,0.06900116108248339,0.09921475156712163,0.14466718408991308,0.09234153642341379,0.45650041103363037,0.26945831435033013
636,637,34,0.00027791972977009955,0.00040432216353060516,0.006492027478730854,0.0036360699621026237,0.06045235254842898,0.07430584116527121,0.09760643980082344,0.048028009841623774,0.3270450503948857,0.16192028598168434
637,638,34,0.00014959055836109603,0.00021395210938166077,0.005831974866690443,0.0027978469574057373,0.054196596994776934,0.0808210121790435,0.10945447128923501,0.053058079071952306,0.35458500924355846,0.18908333753620615
638,639,34,0.0001341859063573151,0.00014843297990383848,0.004970934806966826,0.0025951023707554413,0.052405696355409044,0.07792042536595821,0.09537003430373528,0.04643238618225585,0.30750851990545497,0.1436015130356129
639,640,34,0.00013346226778059432,0.00015190728073849924,0.006233762018382549,0.002449088258490034,0.05380970627233824,0.07039057532240714,0.12162157849353902,0.052138767182503834,0.32876132866915536,0.14066590533012
640,641,34,0.0004957542369083967,0.0005562312964364379,0.011186856132767656,0.006114338737567958,0.051081269048154354,0.041190743795345354,0.11790504383251947,0.04887508755756804,0.38715201090363893,0.15573757151474116
641,642,34,0.00012937573360110165,0.0005500823642980068,0.0024520513697472565,0.005894939490180272,0.5144750110245214,2.645138781513508,0.12601750489214764,0.40503738934064126,0.4506358378292883,1.4427291663598358
642,643,34,2.7618748684771536e-05,3.6029303564538175e-05,0.00259520868113374,0.0010480523014877285,0.03830467875334708,0.048054846622679795,0.0969297540757586,0.039271366074883025,0.3647695126778939,0.1519205895621602
643,644,34,0.0001886416671217884,0.00034526782210904795,0.005405322377234423,0.003839063351288332,0.055833059034365064,0.08948904458356982,0.10000385070110068,0.0595351388312257,0.3545148961026879,0.20578066835414535
644,645,34,0.00010494719700037582,0.00013896238890770922,0.004790300636908368,0.002567838150376687,0.034216612146016866,0.0365264016744012,0.08887683457749732,0.0390782946356804,0.29454808901338014,0.14989922169112385
645,646,34,1.0661033299771481e-05,2.6575729559282218e-05,0.0016492554791244294,0.0009284405159942728,0.034881950972382635,0.09006527457352508,0.09451143246363192,0.05039175624969218,0.3461561917382128,0.1865022747836804
646,647,34,0.00030447182031590565,0.0006368654915298645,0.006745554032557479,0.0059374262994676226,0.0682936443704153,0.09646377602182755,0.1186840677195612,0.06791135068260756,0.3763488903641701,0.2016351854875667
647,648,34,0.00011508190059697988,0.00016281738376455464,0.005277659661848755,0.002460477900931461,0.06408998882398009,0.10159881022329861,0.12441824891549699,0.05640742221145579,0.4624728691928527,0.21842929694648938
648,649,34,3.18330602005838e-05,6.441613790297928e-05,0.002482721260200967,0.0014769144474634608,0.05372787302236676,0.10713492306391648,0.10396557838162955,0.05964654806166655,0.3754096508902662,0.21416389567538582
649,650,34,0.00026247969274727304,0.0004456963336656422,0.006125854625304996,0.005216684125655321,0.0643632111930535,0.09332874443181496,0.10416181593695108,0.0723323084001532,0.3292984576786266,0.2202912726297535
650,651,34,5.3676345955596736e-05,6.576731466748812e-05,0.0032721856054302085,0.001371043809038657,0.05781629741849268,0.08375112497325654,0.10445966297651038,0.05156001418789378,0.3125437708461986,0.16582419792035505
651,652,34,3.9030251494242455e-05,5.1888124043114554e-05,0.003558171317255234,0.0016294067665605665,0.047166479915818744,0.07927947901690474,0.11864327814649134,0.05900009026391721,0.36823803537032185,0.206708187005913
652,653,34,0.00020045188476224078,0.00036809328435575563,0.00572260919622803,0.004751515114792972,0.06490779845283695,0.09073256082177993,0.11709785313509843,0.07460576367018983,0.3898151096175699,0.2501151998385584
653,654,34,7.028026643370943e-05,8.472782872096456e-05,0.003663171096430982,0.0016140011199273047,0.053712257396374995,0.07423757446445996,0.09997235337162719,0.05080040010326982,0.29915907672222924,0.1607095941516011
654,655,34,4.3143516503572324e-05,8.417034428974754e-05,0.003176966569085112,0.001761620995959772,0.0475651045973577,0.09632648739498972,0.10273785823408295,0.061670120121371706,0.3579747562899309,0.21502653371098013
655,656,34,2.8311036691561373e-05,6.11140415410068e-05,0.0019694030736846957,0.001127567676299049,0.08105722387485645,0.18764393487427902,0.10229281675727929,0.05932067821819331,0.3460306086960961,0.19371440001739276
656,657,34,9.246391988510288e-05,0.00013160598248264718,0.0042697451024329945,0.003084952953723353,0.06929633409462814,0.10446498951181828,0.11849325566607363,0.08027126436055845,0.3958054993520765,0.2768306005507832
657,658,34,5.8204747012817225e-05,9.149887217128884e-05,0.0034221364938489653,0.0017813767627441119,0.05462944567860926,0.08819039620378469,0.10510791246505345,0.05724906262112437,0.3167686716598623,0.1740547477126431
658,659,34,8.629897605019591e-05,0.00011896137884075125,0.0043078779126517475,0.0021451959062800063,0.05130633272175841,0.0747486331304589,0.10649248146835495,0.05230978979822016,0.3109281163881807,0.15953338621922636
659,660,34,0.00015333620855445215,0.0002283938408969255,0.0057534836095703,0.0028708625568709596,0.044935552526594084,0.07165614121352684,0.09865430676761795,0.04858843886142928,0.34062912621918845,0.17674678067306313
660,661,34,0.00018077240466726272,0.00027381422542012386,0.005098506445339059,0.0033144608809679197,0.07223216458805837,0.0999979901079096,0.10858270662891514,0.06337532542433096,0.3168025766225422,0.18248914917499662
661,662,34,4.6981281554160564e-05,6.139244262560128e-05,0.0033295946632279083,0.0024705336992379497,0.03005161798928919,0.041109046591173794,0.08612471840837423,0.0563338055309753,0.28328080672551603,0.1819893309216443
662,663,34,1.5932366440217585e-05,7.164175860708126e-05,0.0011707298964371577,0.0014039098386381484,0.020740224027095418,0.09292658711343024,0.04240912407198373,0.05086099070951917,0.1500375993988093,0.17987771428758909
663,664,34,0.0002041507891548503,0.0003758680688683038,0.005079526287291254,0.004285412937988501,0.06579955260916476,0.12473434977702319,0.09247112301561762,0.07290075357674534,0.3064666389323333,0.23582153909513737
664,665,34,0.00020867399033995619,0.000347711140113016,0.005666244210956125,0.0038993222459143963,0.07069750993618715,0.12407084542602065,0.10399681548861896,0.0690603768791663,0.3096410182907301,0.217394375857455
665,666,34,3.057859208029988e-05,4.9722097990915095e-05,0.0022067736948990974,0.001672500007498553,0.03877719743211534,0.08430093545658367,0.07713212527553825,0.05033926310182791,0.23491332132150144,0.14452875438605617
666,667,34,3.677723359775969e-05,5.658407017776749e-05,0.002560923748259323,0.0026364660393625554,0.015101968919385826,0.020506159562435837,0.06100488662281457,0.044217126166690685,0.227113525109256,0.1672224225922424
667,668,34,8.540478791437235e-05,0.00029968735647290434,0.002671609612126999,0.0027020846379453467,0.06756714088260196,0.1290138016475575,0.09891628512345693,0.08170979326969073,0.32977374906049056,0.2689651208551902
668,669,34,6.160291468320873e-05,9.830053217984462e-05,0.003600347835933516,0.0029622054999610924,0.03634527430831975,0.09331526417990994,0.08087802672868266,0.06129025311311879,0.27961577146368866,0.20703667262158865
669,670,34,2.607812525170897e-05,4.0794697644508436e-05,0.002157234340248739,0.0010720000660506452,0.06438143660917002,0.10439762996704825,0.10867634667631458,0.056366136378224824,0.3427482536610435,0.181176343038305
670,671,34,3.051440433435794e-05,6.87888875576788e-05,0.0021913175527622703,0.0017785318753350617,0.04179358874064158,0.07342234360324577,0.08586518893785336,0.06587158232034916,0.30608277439194564,0.23463189036022042
671,672,34,9.786422329478442e-05,0.00014967672702084485,0.0038747726768419586,0.0018870096267358176,0.04369067875257529,0.05121976230404425,0.08606624647098429,0.035930958495324246,0.3069993404342848,0.13182951607291532
672,673,34,0.0002551594864010386,0.00018226286818901624,0.008607653674998265,0.00294700180156828,0.0553475340061328,0.037590452980977886,0.12721671448910937,0.04216451272972821,0.42044468443183336,0.13263035437405074
673,674,34,0.00018458690796893171,0.0002534084922311777,0.006368907983414829,0.002642637496207401,0.050872191156753725,0.0736340744018847,0.10448615767938249,0.04589905367307953,0.2970680204384467,0.12780813377099612
674,675,34,5.227403732988023e-05,0.00014020478238693885,0.003133540545069777,0.0016096687230946886,0.06590754564796739,0.15018552679449074,0.1187538819058853,0.05991665855813649,0.4367133177378598,0.22210078622561144
675,676,34,2.4888138184183737e-05,6.23679147576135e-05,0.0022042982985594254,0.0016895846576795545,0.05219817614895018,0.12189387051593259,0.10544867846457397,0.07583521193893093,0.4140366552507176,0.30817565717713075
676,677,34,1.9861652669519838e-05,3.8617154329359506e-05,0.001999625374617822,0.001201497315760856,0.037922110744094586,0.0842116539150003,0.0860412246273721,0.050539447372623086,0.29891608721193147,0.1684396947775867
677,678,34,5.623261091279667e-05,0.00010996164704879741,0.002471640788237838,0.0019036517315503309,0.05611522639382576,0.11266698648514178,0.0755942953093087,0.06142010435881203,0.24614018486703143,0.19631911433515042
678,679,34,2.1547375173641366e-05,3.5889920009115265e-05,0.002104843667064629,0.0013165359244990695,0.05866678712396499,0.10454580647867875,0.10725414270863813,0.06961409020749736,0.4054527153425357,0.2834397511433108
679,680,34,0.0002126876084088615,0.0003532375673216074,0.006570052026825792,0.003386800663181133,0.05135149552541621,0.07748489829448361,0.10493285395205021,0.04812111580606648,0.2738961980623357,0.12029805210150138
680,681,34,0.00024313566957382993,0.000273463597901427,0.008288794731283012,0.0029705983064085223,0.06333239571027019,0.06914521952634585,0.13336832580320976,0.047402706184545305,0.3907359952435774,0.14145941550919708
681,682,34,9.894678201175445e-05,8.768516107159371e-05,0.005530016763847978,0.002054843874147613,0.051927002174231934,0.04615845505459444,0.1265973196748425,0.04434948660289975,0.37035421413533826,0.13816770388442598
682,683,34,2.6714773833405427e-05,5.381018604061646e-05,0.002411591892322416,0.0013633127429683732,0.057662098353509515,0.12222989693025385,0.10936979237286483,0.06604052172757016,0.3508327463093926,0.2295640602328248
683,684,34,0.00017660874749815455,0.000246974952514971,0.005654085585025742,0.003090407445369025,0.05971523548257263,0.0639771823047311,0.11222638989634373,0.05782800380962668,0.37017615577753854,0.19898111062661292
684,685,34,0.00015422801799799986,0.0002661396852582982,0.005392306244603413,0.003130976789826328,0.06037176697624519,0.08725092854336051,0.11046818556154475,0.05625636658767555,0.3760182914488456,0.21405988573902832
685,686,34,0.00017354440829234698,0.00023057249667485404,0.00601117721046595,0.0038436812115924643,0.06811366503483013,0.0884419391136093,0.12400736276279478,0.07883559813457973,0.41846094061346617,0.27505181275967266
686,687,34,0.00013413798367711185,0.00020222562864851068,0.004666017996736199,0.002973265482586398,0.04888904412441394,0.061585570347722135,0.10239917050827951,0.05187115606761055,0.3462604325922096,0.1704388657140236
687,688,34,0.0002305874924037626,0.00037530228723023834,0.006639107513953657,0.0035815865878262624,0.061998461147167665,0.13571501360283883,0.10499012552420883,0.06100714755942484,0.299555751549847,0.1863129852177654
688,689,34,9.372807687668683e-05,0.0001433139116040356,0.004380414053551196,0.0033227736046057155,0.08138071818907253,0.15115841178715428,0.12679314120289156,0.10973598401026761,0.4014585040071431,0.3609148692780985
689,690,34,0.00018215025011159014,0.0001215727977909202,0.006773557383841013,0.002429456404903174,0.05249347769217018,0.03261626312287838,0.1151667023625444,0.039394280289104855,0.3967193312504712,0.14415631439614876
690,691,34,6.268465502965709e-05,0.00010095228892642175,0.003707872618071954,0.0017819254506768803,0.03836143112686627,0.048720811810381286,0.09550031406037948,0.03979484727873628,0.2981493889408953,0.11557490541552788
691,692,34,1.0348094196434859e-05,3.2277486534031395e-05,0.0012062699551118865,0.001134521979402663,0.04055034558661967,0.12488751988861302,0.07654157998588156,0.07095309825153875,0.28329971947652455,0.25708367746508043
692,693,34,0.00019322731946779052,0.00024282212570542124,0.004826041380190016,0.0023238009950964727,0.037033122293103266,0.04384385534501538,0.06711187821758144,0.031181553109048583,0.27014682529603734,0.1312375264099848
693,694,34,6.0475228096379396e-05,0.00019595636533637121,0.0022206209070966855,0.00207537456614572,0.113925896008047,0.3734867275766816,0.09321162920883473,0.08965385070241436,0.30557115200687857,0.29990981806676104
694,695,34,0.0002148220112537595,0.0006199234726611415,0.00580710282562958,0.0034203241098158155,0.09559494855142582,0.2886277496154697,0.12120732730802368,0.07807461479350002,0.4227503660847159,0.2732820864119061
695,696,34,4.492141228658564e-05,5.4055859425508424e-05,0.003214427236611407,0.0023110771339074714,0.04169609903885216,0.0913412374326216,0.09214232133372742,0.05752053136382714,0.3070155770024833,0.19263241585149776
696,697,34,7.171801598146617e-05,0.00014045020561205662,0.0034743404188809696,0.0018730556158342187,0.06452747763250954,0.12186489346703021,0.10408049312365406,0.05529007408575415,0.3474384765414631,0.18255486495685916
697,698,34,6.70299187357373e-05,7.372447327434063e-05,0.003938637352000703,0.0015593124513355145,0.04743868611095583,0.0603708879828695,0.10473407235215693,0.04189852026101672,0.357605236418107,0.1463037806946487
698,699,34,2.5660308062757556e-05,4.29141193040076e-05,0.00229939071526614,0.0015521104322010109,0.03467609579777619,0.09168128381235383,0.07884204568450942,0.05375493380960904,0.2801862475188339,0.1866044180009373
699,700,34,1.717257358326579e-05,4.965357520800189e-05,0.0015665222907794967,0.001740786565690365,0.024642941502594006,0.0696268587701954,0.06633618726011585,0.05864922186257329,0.2295686179662452,0.19975309141637893
700,701,34,0.0015357292115154182,0.0016004990743948625,0.015299824874519426,0.006660442228105583,0.079703227199121,0.08086535293119661,0.11113331773701836,0.04772535804861016,0.39900559625204873,0.16958734278968574
701,702,34,1.3362957623578896e-05,2.884261472879926e-05,0.0017780807050739361,0.0009538561742919161,0.050874516628134775,0.11835434943810204,0.10607216923552401,0.06460907601446363,0.34677566544098015,0.21778801333337036
702,703,34,6.545504696559339e-05,0.00012609880605563882,0.003762907396508929,0.0022792416089003186,0.04892789353342617,0.08649269973684959,0.10648259213742088,0.059766643871864596,0.3477829725426786,0.1949279457206649
703,704,34,5.927897463794472e-05,5.123356981649337e-05,0.0038067852352362346,0.0013222274306410554,0.04592176241909757,0.05523208250648535,0.10517414396300036,0.041042489350270016,0.3566487615599352,0.14113916008964486
704,705,34,0.00014365733215313144,0.0002725489877521337,0.00557848164017367,0.003206194669866921,0.06344179361236885,0.11647241098369146,0.11927740232032888,0.06357024957153784,0.37157193527502175,0.18808187159687043
705,706,34,4.830402516250508e-05,7.082297013213841e-05,0.0028634620111380868,0.0015417774590800347,0.051506971789743096,0.08028453553492419,0.09358890310806386,0.05238474719363128,0.31074194259503307,0.17851309784255645
706,707,34,0.00021014862980283557,0.0003092247909713335,0.006280959720778114,0.0031123641404205444,0.05643916386179626,0.07407781901643781,0.1071739316205768,0.049677473180337314,0.38762083518154483,0.18310392222728147
707,708,34,7.22878732952214e-05,0.00010489220191355366,0.004477396929253112,0.0019877501705521205,0.05459252332665903,0.08635909378105651,0.1207010958562879,0.05591748920412046,0.39434145303333507,0.1891423577380424
708,709,34,5.845612978352138e-05,4.520763046523418e-05,0.0038794274715816274,0.0011394514190735652,0.043829241288168466,0.05138170347994787,0.10428261088536066,0.04189674933696191,0.35739204419009823,0.14746755550491134
709,710,34,0.00010342929071531912,0.00013332627192393868,0.005547059158904149,0.0020316071214280915,0.036785491673714095,0.04651773669258244,0.10507046453216497,0.03717387284856874,0.32616013770594315,0.12022408495358913
710,711,34,6.277712603264263e-05,0.00012709830744680775,0.0023204832815441907,0.0019843774720502624,0.10812854723189957,0.2582475928638004,0.09839032426038209,0.06979738905803448,0.3951806022840388,0.2775267507905333
711,712,34,0.00015156928146311925,0.0002453472331433187,0.004655339029234122,0.0025522950548027687,0.06679326409528799,0.10194028093231282,0.1006097293951932,0.05031877028548214,0.32328283436158123,0.16555643370509274
712,713,34,0.00019870108138440949,0.001095305620614256,0.0024166720891919207,0.0044625267015661425,0.14913875301478102,0.728154733570107,0.10487258631516905,0.11195733913152443,0.30803212830249,0.5327806715511936
713,714,34,1.149559993591003e-05,2.0800012646380946e-05,0.0016841768828111097,0.0009606613791756851,0.047663707618245524,0.09363428828360167,0.10375521189587958,0.06517121703009024,0.44232039876720486,0.29926698297814713
714,715,34,0.00013209392495007385,0.0001478110849693104,0.005350429345579708,0.002476416269350304,0.05451467657900032,0.061889235087833484,0.1084447013323798,0.052450486091489855,0.38584208094021855,0.18130868209547016
715,716,34,1.4983947370611157e-05,1.956768913811634e-05,0.002132180814549108,0.0007836546446405372,0.03475200850516558,0.049315244225275084,0.10154027546591618,0.03999778203088658,0.35064807665698666,0.1373736597958582
716,717,34,4.264050089458953e-05,4.860963816895943e-05,0.003241666955599452,0.001876207413131391,0.0545306476928732,0.07595131140329127,0.11200703658601817,0.060896305833163564,0.3551269169239437,0.22079788854230586
717,718,34,0.0002149091798106811,0.00023827364700480146,0.008955800536033861,0.0032232871868305706,0.02918653776321341,0.03897610766130717,0.1009303649120471,0.039161368293163024,0.34090907082838173,0.12742240090664045
718,719,34,4.312712554993221e-05,8.701005881576222e-05,0.0030945538960890297,0.0019487397228273179,0.0638489773743512,0.13091021115849388,0.1190426354022587,0.07445019783286207,0.4469610009999836,0.2881253777143453
719,720,34,6.086155829453834e-05,0.00031526718509586587,0.001750190179069143,0.0026064950676676986,0.13931196392513812,0.533056581117354,0.12772842967773185,0.11155715476430976,0.46934888993992524,0.6017862105065024
720,721,34,6.202345947017688e-05,0.00012679004392499675,0.003885123413056135,0.002517218912897451,0.05201485529815888,0.1103613771067759,0.11092484589008723,0.07344600250006342,0.4469232028898071,0.3212357595317339
721,722,34,0.00013596687958785397,0.00033080807588047105,0.002996521835859098,0.003052723935475637,0.12420598539414213,0.3558636963534759,0.10295734034084222,0.07886950679995858,0.35337989163749356,0.28072942049411614
722,723,34,1.0767356881762466e-05,2.728613863994967e-05,0.0015989577924997052,0.0009518201719964817,0.03662550703430658,0.0772984710795753,0.0970434077522334,0.054156551177304064,0.33999429380192475,0.2148707496761103
723,724,34,5.6495839617721296e-05,0.0002320514681810505,0.0022713368191890526,0.0029714576045025416,0.044266544717281836,0.09352961349198752,0.1024472057709799,0.06758160670947096,0.35875775577390895,0.25201770071116797
724,725,34,1.679225432921532e-05,3.6267555737069485e-05,0.0018043588617515257,0.001109714780272002,0.04995461847797474,0.07339467349563156,0.11241796799004078,0.057303293606372895,0.39080139424870997,0.19482237372500166
725,726,34,2.4864116261745586e-05,4.601217151057279e-05,0.0016793278842027683,0.0014835132136812206,0.06346995636533179,0.1393994751655242,0.0841686262146515,0.06913284280795091,0.2961675518137567,0.24542613880989061
726,727,34,1.9047201957993605e-05,3.024174083033005e-05,0.001945433402023114,0.0008467509458249177,0.033540932201396895,0.05649937527489084,0.08194125476567184,0.03547320623498717,0.2504321805694524,0.10620777082008581
727,728,34,1.9257376580379275e-05,3.0263782359377855e-05,0.0021311615196549717,0.0016273420236310532,0.022779040339895907,0.018584434252176422,0.07627340165131233,0.021997880488495224,0.22862046518746545,0.0620760371907284
728,729,34,0.00018729483021803282,0.0002907696434484105,0.006871458053972353,0.0030296752925176667,0.05406828216441414,0.0868143404643967,0.11580523410264183,0.05265658149855555,0.33235955983400345,0.15314385274753134
729,730,34,2.4026597142277323e-05,5.927266846409203e-05,0.001972437617095078,0.001211754900236736,0.07456597535158782,0.18021940258166652,0.1141916894737412,0.06565344017290436,0.4050564349574201,0.24681318612706737
730,731,34,4.894483379971729e-05,8.984496472357848e-05,0.002980720635284396,0.0019485798402089595,0.05939991574953584,0.11173055727807243,0.10350013831082512,0.06876466722947135,0.33979883176438946,0.22831666422078217
731,732,34,0.00017997470419740079,0.00017394075497188783,0.0062348485157332,0.0025645600324910364,0.05235832687878214,0.05201965925288781,0.10622426188167404,0.044481382283221495,0.3514167445109171,0.1439350990035678
732,733,34,2.0267743403892648e-05,5.489121218160044e-05,0.0015099755931741504,0.001556262398892993,0.03796299402465058,0.10955792012958464,0.06486349870615146,0.06455591123290474,0.24052058489007108,0.23989273057280994
733,734,34,0.00023128778549535664,0.0003634853958311322,0.005533135506351862,0.0035050345400648806,0.07476989349679035,0.12283768895655844,0.10067401541506543,0.05950590632058525,0.3327106222072068,0.19750314461717025
734,735,34,8.917537607377359e-06,1.4582355386384975e-05,0.0014744586865965497,0.0007942898968367734,0.053936927935437244,0.07098727804917034,0.11757822882603197,0.05859402874874773,0.42489298696027084,0.21966036913918321
735,736,34,8.040414700908914e-05,0.00015472463527777927,0.003689154963734943,0.002166795353364752,0.09608024040832841,0.3050803498755859,0.10868703590377289,0.07338473733947752,0.3424885645508766,0.25884466035785364
736,737,34,0.00029111681838270775,0.0008131570597036422,0.0065136078765670605,0.00698563093021243,0.05117595903849339,0.09642584817901881,0.10769417082123897,0.0782299898961647,0.4235275440356311,0.3337728057924066
737,738,34,8.498846432303253e-05,0.00012105544810857055,0.004009446286705925,0.002213443566981633,0.0760672351153677,0.10804404350179882,0.12114767456317649,0.06480230548627613,0.3634072029415299,0.19545888039826545
738,739,34,6.201182897146897e-05,9.235838107045614e-05,0.0035319182378075577,0.0023946723354793197,0.054461785568170905,0.07257243682476258,0.1076701300985673,0.06664353676663028,0.3587467473219423,0.21657161283005413
739,740,34,8.607808962658644e-05,0.00014031737618855025,0.004121989785584018,0.0026618321742312044,0.05100971932851655,0.07702518043177509,0.10521982040475397,0.05867642360855082,0.3762200330110157,0.21080307845401486
740,741,34,4.3341965157892176e-05,0.0001092294160980619,0.0025378481128855664,0.0015363584266444223,0.08545944212442812,0.21477594701676717,0.11169701453079195,0.06786074757586291,0.41613021361477237,0.2496008824398684
741,742,34,4.529682885009499e-05,6.867186783590522e-05,0.002741224379004801,0.0014974790322270929,0.0503525523818098,0.1117781902794048,0.08827017839340602,0.043563105617978215,0.28047213484259215,0.13552605512543142
742,744,34,8.367633647059633e-05,0.00013450972909478476,0.0038845331805265125,0.002108811938107535,0.06505301263977718,0.11173300775104772,0.10728130248539589,0.05886913387113718,0.40141461921088833,0.2211838256012929
743,745,34,9.008771055906597e-05,0.00016576965781479655,0.004532995181815589,0.0026376802667155935,0.044894724563859845,0.06251505733907113,0.10447271398323424,0.04693346575742,0.3223341339651276,0.15505001557804057
744,746,34,0.00012111866820251795,0.0001837152611002846,0.004514116516528542,0.0028479117230461055,0.0752156337531393,0.13068672977472004,0.11060788011287942,0.06232364537979429,0.36226942740819035,0.20345682379242053
745,747,34,0.00013798364464973393,0.0002146419694032446,0.004791399885160739,0.0036200720544490033,0.05873801034998477,0.08467208739114489,0.09985378554419559,0.06516124953143444,0.4094226557542296,0.29027479238402165
746,748,34,0.00013005919964491434,0.0005703530781999583,0.0027656180249965366,0.0030049999758860603,0.4324971210992183,2.169498665020053,0.12897573367637746,0.18227263993190587,0.4513910259394085,0.6433402296037313
747,749,34,0.00013917245901746568,0.00019535431073846183,0.005258394627804484,0.0037892268899928716,0.055115316802745354,0.07753680124324187,0.10630457596305538,0.06981139133898989,0.35118313133716583,0.23096507535931948
748,750,34,7.734024734418199e-06,1.4534419311193179e-05,0.001282166814609595,0.0008021542289647007,0.058948419823804325,0.10083702366112347,0.11472763000603985,0.06790356161824096,0.37937433667042675,0.23118368458426172
749,751,34,6.477068482394423e-06,1.0660363178148548e-05,0.0012649441966513062,0.0006734401639058392,0.057217321879066085,0.09947927176343307,0.11818787718520445,0.061492018500755606,0.4160633599933456,0.20424848764777245
750,752,34,9.351767334585342e-06,2.1776352665189802e-05,0.001350431572919821,0.0008801022980855355,0.07054331956212134,0.16055444543770495,0.11728424819953301,0.0763605845477667,0.4056776459602749,0.2666643215054917
751,753,34,8.68150593024599e-06,1.87676796753928e-05,0.0012906315181787837,0.0008276691834945965,0.07386315072996213,0.1560911282480907,0.12019125613219597,0.07621155650188077,0.4099208502208485,0.25990040674982834
752,754,34,9.547033791664838e-05,0.0001905513204930858,0.004321045166922405,0.0025555636656850143,0.0706922403701088,0.14123701398215238,0.11611133024973028,0.07314721110149135,0.43089505854774923,0.2767000491563478
753,755,34,2.687723240475915e-05,3.81913641383246e-05,0.0026129205122261364,0.0010789923364084974,0.03456062720129814,0.05758833601245201,0.09459533783442833,0.040254269555363306,0.33032253340763207,0.15757056723905094
754,756,34,4.597796246611431e-05,6.420212825018945e-05,0.003682383257375263,0.0017506916476749766,0.030530856141601417,0.03819615906465303,0.09846396207371179,0.04161295734068525,0.3455339245059911,0.1575745479943181
755,757,34,0.0001311443950940242,0.00024008292651517222,0.00514664248262039,0.002777897822909056,0.05238926677745493,0.09722121370556021,0.10298296787283,0.055096644651583974,0.3214349001646042,0.16750469595068931
756,758,34,0.00019373800194657901,0.0003469840843241758,0.0060691084534696795,0.0031661969661856432,0.04352184326168807,0.07420955849500141,0.09262248468311395,0.04549495982668822,0.33770927743000145,0.1675980669901987
757,759,34,6.025143412604366e-05,0.00010276820745788681,0.003539325436577201,0.0016489215532406393,0.05285356892957626,0.09180231522735194,0.10407686978578568,0.04968095678733803,0.3800886615234263,0.18945924565827751
758,760,34,7.212639194583116e-05,0.00014545445478921556,0.003433334279928685,0.0018845527146870396,0.03747064443921451,0.07846950289496706,0.07751625436632072,0.04617148700492692,0.2903692981995204,0.17126790652604265
759,761,34,0.00011228731004313672,0.0005112701170716115,0.0028152707005467486,0.0031419703878301604,0.15825000501867822,0.6808869181719316,0.11425538043327191,0.11470204517668414,0.3464551572414005,0.32758391128421327
760,762,34,2.4151446308785715e-05,2.6021447190534034e-05,0.0026735250516246784,0.0008816372158042311,0.025307739201440093,0.028983064877776823,0.08662573543979842,0.02845499157146804,0.253222458941095,0.08376745577263864
761,763,34,0.0002202675777144738,0.0005237771288297408,0.004599388144389891,0.0033451269933077103,0.0628928366538329,0.11793237201221828,0.08612594090621262,0.052229307696689826,0.2955987523583805,0.18705088339869533
762,764,34,2.287414942175554e-05,4.4832818105821505e-05,0.002402480489656548,0.0013505340765744467,0.03707221299683785,0.0757669646107554,0.09342071534517933,0.05317227902549701,0.3326954013284515,0.18690083780038091
763,765,34,1.670999493546119e-05,3.41368550242546e-05,0.0018424998201868113,0.0009758987681029322,0.04838275850531371,0.1071064626133062,0.0940838978790185,0.054984328237341985,0.3382817620740217,0.1908249200757801
764,766,34,0.00010514803731813813,0.0002312238471849316,0.0034625631661209114,0.002501935192169821,0.045187512347611654,0.06951122606810912,0.0816345924840254,0.039969063595686534,0.26317813313182664,0.13891705948886657
765,767,34,8.554794302493546e-05,0.00012988940149069426,0.004165071254486547,0.002181271339679655,0.056498614448013115,0.07979584098955637,0.10827801310840775,0.05636397726102358,0.3603594964917968,0.19143388346809773
766,768,34,0.0004438436820183757,0.00032464786772421216,0.009991415913271554,0.0034706825834787697,0.05182067341828609,0.03950033808574001,0.1073372705894358,0.037711673002754846,0.3750849984147969,0.13223117061339257
767,769,34,0.00014747150750254686,0.0002403244767882353,0.005677282467813176,0.0033877956321782835,0.03981044033186182,0.053174020915799224,0.09656742193243083,0.05325349436841503,0.31099441494135294,0.17478024065483608
768,770,34,0.00013879705992996392,0.0001981721355068848,0.005329246550579281,0.003040501159854553,0.042710907770978176,0.0530247235365852,0.09549339827807511,0.050944451300862253,0.30406137314789433,0.1639709633782115
769,771,34,7.028073652209594e-05,0.0001066527323865943,0.003638178640839589,0.0019775811808345734,0.041957896654768026,0.06097182482273014,0.09135324639432571,0.04856896525424986,0.2922077148276217,0.15056215684227
770,772,34,9.509936939246152e-05,9.521075754619682e-05,0.0047900207847466365,0.002050988742161531,0.040654280209256446,0.042517586867920364,0.09941903348354732,0.03383923701583824,0.29184220249162,0.10669046796985202
771,773,34,0.00011708326144344028,0.00015672312255677717,0.004422908124979585,0.002656024572110645,0.03279680376256104,0.036981006762162226,0.07892176870475798,0.03498309934308213,0.2237248858984779,0.09884842279453039
772,774,34,0.00015449650912098136,0.00031838021231187365,0.003844253788188593,0.002654466499653702,0.11615222357966773,0.3650983335949924,0.08769341355518383,0.08606241592701087,0.31912146946963144,0.3017539637776182
773,775,34,3.8662427381636385e-05,8.413848199856377e-05,0.002631741196690949,0.002540474692579031,0.03216334208007217,0.09684634764516029,0.0712383903343888,0.06666485489209348,0.22583594271803603,0.2066640611470902
774,776,34,3.8613037668924604e-05,5.050197423811012e-05,0.002991668462260243,0.0015469052412280392,0.03072921050068758,0.03792836045481317,0.08611686659209869,0.0429788899388888,0.3111471958896693,0.15938156783001337
775,777,34,6.0313443544192955e-05,0.00010764212121598646,0.0034642218764501568,0.002505398200580683,0.05540327601278584,0.09928135132140238,0.1033134296646013,0.07377561610085569,0.3400079829289633,0.2510654259799679
776,778,34,4.436183071982883e-05,9.17127374966467e-05,0.0031582873848759953,0.0018264120300342619,0.05638706669047037,0.10966564978398831,0.1129858151954763,0.06663900208865678,0.36778248320607576,0.22504695029233435
777,779,34,0.00013703500089564733,0.0002293007159134045,0.0047964123009211004,0.002639854241825892,0.07233477802947164,0.11524897944198965,0.11531117525609101,0.058655716290921714,0.30184076857917447,0.16164427420115746
778,780,34,0.00014173550849083018,0.00020039490918420124,0.004272138823152465,0.002451407646841187,0.11424905251410297,0.16540812703679716,0.12203722490983851,0.06660162433481354,0.39379914192592397,0.22193540411330892
779,781,34,6.66583521385345e-05,9.188812365594778e-05,0.004098433802616508,0.00210276828555449,0.051451797706677634,0.07145020924607497,0.11349922911647488,0.05895714972014279,0.355611837523825,0.18099769065048948
780,782,34,7.517844226319593e-05,0.00012165707259330168,0.004002437413231853,0.00192832035194107,0.05217269131475512,0.07760867839795112,0.10700272450990536,0.051417195632950094,0.3539247298065354,0.16840518577705244
781,783,34,0.00015933931937230656,0.00022268770249888882,0.006153932669857407,0.002630564760039185,0.04550189956310479,0.05631498633955252,0.10665570791153346,0.04050584311627157,0.2851930847939323,0.1107836714312009
782,784,34,6.1004741436430346e-05,0.00010209003625912642,0.0038262268336599365,0.0019107605615324107,0.03637670264031519,0.0496105015736335,0.09820114733541713,0.04110939909401022,0.3015175054178518,0.11560639381415021
783,785,34,0.00016395857469700894,0.0003637391442734179,0.005525417632752043,0.0028962351289994184,0.0727105971206637,0.22634145587792873,0.10533334205255789,0.0707279790603052,0.29430801289923053,0.21683274030435867
784,786,34,0.0001273554430286715,0.00015194836297237986,0.005631010835606824,0.0020610608607648643,0.042778016205000526,0.052883479357780955,0.10325608950327425,0.03652163150431891,0.29242150047246146,0.10750376704544236
785,787,34,8.035446615776088e-05,0.00011012801289385948,0.004018536984564408,0.0028907043078470612,0.06747037408572129,0.09108211182691997,0.11562390231034335,0.07720578651697428,0.3923458606004715,0.2526050918177288
786,788,34,2.7839158747156034e-05,2.7636376408296707e-05,0.003226056236171109,0.001314956294655523,0.02595771520453341,0.020782910872358142,0.10113707907936152,0.03299769077758737,0.37191714258754954,0.11586768762743824
787,789,34,8.978762239434324e-05,9.531646775836587e-05,0.004401436934987193,0.0022082615486073505,0.050189733094371414,0.055597038458761204,0.10279204543022548,0.04896714547964588,0.3895973431713441,0.19801442235215863
788,790,34,1.1891298146003786e-05,1.7794368368798195e-05,0.0016249048794099294,0.0009877539122738008,0.06336864772910143,0.12920172557432572,0.10548490526921608,0.06732680496307013,0.36446506924488964,0.2639513567081258
789,791,34,0.0004985386816877187,0.0003441676976174315,0.010645303067148608,0.003831550533510013,0.05301217899164733,0.03551363897189652,0.10983126774868544,0.037452244490729814,0.38675229689654184,0.13611558294559586
790,792,34,7.239243332686088e-05,0.00011687792875636434,0.003943080096231664,0.0023294211073993988,0.05573093632290907,0.0855871051719896,0.11143848891643916,0.06330593600180644,0.36064454474869895,0.21476498157159893
791,793,34,0.00013629638057382717,0.00012014525126341639,0.005606082555673578,0.002088449332863022,0.04591945220497163,0.04827274361061079,0.10223533991066848,0.03680475545719673,0.352659227216945,0.12697113275804817
792,794,34,0.00010392277557216671,0.000147867542913893,0.004475970648105859,0.003324392247034717,0.05828486639759777,0.09316536997062103,0.10598218665622613,0.08025987692557227,0.34203195221283855,0.26533985901950824
793,795,34,0.00017284076129860348,0.00037591794588717216,0.0041541166583021335,0.0028327389721046784,0.13111623017774784,0.2584241634655011,0.12622405961155891,0.06625958933088376,0.3962474325123955,0.2069028114571851
794,796,34,0.00011118497802526155,0.00017747103189302846,0.003922582259881036,0.0025432008904944427,0.06407104504486437,0.1192611334320069,0.0937189348589848,0.05606006748388772,0.29755958060131354,0.18138930981710205
795,797,34,0.0001905822690559944,0.0003261365890518487,0.005564336449263946,0.002696792400312108,0.040670476442969894,0.0488555378074603,0.09059571420006893,0.033084336003723576,0.29719007891767163,0.11421161181703386
796,798,34,0.00047788940366230877,0.0005620922921019435,0.010655556134331752,0.006414549252896475,0.07521219628260416,0.08186064065921986,0.1349063647143981,0.07455158683298754,0.395927212694112,0.22809300707195193
797,799,34,4.2100061110057356e-05,8.724091676397021e-05,0.003390401920221527,0.0015538403105473321,0.04351761533111772,0.09615665899314459,0.10658749521655195,0.051906725334867475,0.36262576851774664,0.18221258637799564
798,800,34,2.6102356479347745e-05,8.636308122217912e-05,0.0016369432414649054,0.002050246190500909,0.05533457458402742,0.24361043061683782,0.06523950951283469,0.09226032859544017,0.23596228177056594,0.3350125490995639
799,801,34,0.0004917119001808768,0.0005402684582208354,0.010831851566977361,0.004775365377108181,0.059187105377478635,0.06658383833850716,0.11853496456409202,0.05217662069305958,0.39256991971941557,0.1768590608688878
800,802,34,2.6476518889788113e-05,5.2228895522959894e-05,0.0022895713028607562,0.0012707960500403632,0.05030878094326267,0.10279551197706865,0.10015418632503818,0.055649324306689986,0.31276744472629886,0.17540357811654547
801,803,34,0.0001266271901305813,0.00010988861917725775,0.005567828165915082,0.001972390507961409,0.03616211357909967,0.03203560655784145,0.09392732491388041,0.030490930617242906,0.2620043013902271,0.10776251149526028
802,804,34,0.000257811382492518,0.00021283990325806203,0.00881713071344968,0.0030987780338662487,0.05225503685719827,0.042325964489795205,0.12585338774849386,0.0420308873121668,0.3376467271762736,0.11091877315780725
803,805,34,4.7971588320947106e-05,9.893150341338245e-05,0.0031823989599669244,0.00205591755168952,0.04859151374822592,0.09982325692032014,0.10108189964119126,0.06596741334196958,0.3425001795677578,0.2234501055619523
804,806,34,0.0001290252660323056,0.00038345829673188677,0.003973582156879061,0.0024416264378196973,0.088244425420485,0.2591291418485253,0.10368684443699963,0.06525281803918759,0.3801752118503346,0.23797957925883775
805,807,34,0.0002638965558269453,0.0004575416265527061,0.0058264285976560234,0.004852906754320747,0.09750775762778871,0.12746635861346586,0.12296223914360299,0.08030271332441609,0.45488959024934206,0.3011168805678559
806,808,34,0.00016316218387360363,0.00018153836472497212,0.006129563251948532,0.0026770014372180734,0.04508003845865674,0.049527185226965295,0.10200818945818088,0.044762307196422914,0.3305431801606627,0.1360060039505554
807,809,34,0.00011236711227812681,0.0001658335892507693,0.005183269297156264,0.0027108244951194963,0.04434679412995191,0.06143038675994538,0.10516444779932499,0.05127491699584906,0.3263351246714592,0.15591682224740316
808,810,34,7.44015072033268e-05,8.977255332408012e-05,0.0037366613259484224,0.001944670691518203,0.05546754906090962,0.07329960689249725,0.09834961308275952,0.05223867584819674,0.3084476690958528,0.1703224326382464
809,811,34,3.4611025391902385e-05,5.700504081397307e-05,0.0029755639467004906,0.001475199909367657,0.03740466442233061,0.04731956611640099,0.10317761757794548,0.044040761682936476,0.3275544135009541,0.13174866436792662
810,812,34,4.13337950884424e-05,5.405023559858101e-05,0.0030184001627597302,0.0017569263678092098,0.05255374285693774,0.06331135729615064,0.10908389726982397,0.05597062714762788,0.3467590964454062,0.18758184192514032
811,813,34,0.00019842805383685867,0.00016336479828011152,0.006430596058421275,0.002701269353661062,0.046853982542148405,0.038811904362802976,0.10086645394125406,0.03703136760687192,0.3480823197785546,0.14058029337709416
812,814,34,0.00032188025344272745,0.00041259951876504664,0.008323228863232276,0.003132756294089828,0.04358815959216479,0.052932842304792664,0.09790303832029595,0.03384434223359017,0.29772454544025306,0.09981421880029027
813,815,34,9.532416946539717e-05,0.00019481457124575477,0.0043474345755599,0.002052511857212606,0.04100658491199069,0.08312108485540745,0.09121097558561493,0.041019855569842785,0.2696963509216028,0.12278934160172165
814,816,34,6.101813239504683e-05,9.062479442820785e-05,0.003503288114991258,0.0019366200982496727,0.058029194800731015,0.08422142195428778,0.10714574191061889,0.059279633843429706,0.3353918269276619,0.1836131311929132
815,817,34,2.2980692833965912e-05,3.590722171213586e-05,0.002124251821763156,0.001290852633645943,0.05738431437160162,0.12059536880340255,0.10233472605400226,0.04722283805760512,0.33927828599424925,0.1668579720887264
816,818,34,4.140324535108127e-05,6.258858965048449e-05,0.003020194050965502,0.0014227645241066417,0.0493719447951983,0.07498647490060122,0.10478673349408542,0.0492878915074215,0.3242493263062309,0.15101539131288805
817,819,34,0.0002628753855413593,0.0004414299615143528,0.0060368760434143685,0.003624158348919639,0.05162176931865842,0.07339361877384065,0.09159786895136623,0.044401257655833866,0.3075902808238478,0.15366823490732584
818,820,34,3.343021774405904e-05,6.172792164671468e-05,0.0024690838318372913,0.0012864260147569802,0.05630274256348938,0.10522775053466686,0.10221027648624252,0.05830599268070023,0.34003037258106117,0.20256704880416387
819,821,34,3.46733445974892e-05,7.661742928815308e-05,0.002591238100328209,0.001737531680990069,0.052176462260403615,0.11493529088072774,0.10149828191189204,0.0669619644984461,0.3396991386133082,0.22391146876626233
820,822,34,0.00014262414207919123,0.0002058754597628039,0.005808933771571473,0.0041729989781758865,0.05233197173048906,0.07207944965723824,0.11361366378910401,0.049873901587793014,0.38758759463534637,0.1834953864642179
821,823,34,1.9864233950904556e-05,3.127259172824742e-05,0.0023012258221997936,0.0011613646660685961,0.04400978609919548,0.06269092558998589,0.11033375670804697,0.0515719932151039,0.39947059399941387,0.19841073933215897
822,824,34,6.393314127789756e-05,0.00013097607572890526,0.0031243192531880647,0.0019577703931359085,0.058003762394518536,0.10412789649205711,0.09788008384844836,0.06076742049611322,0.31610602710176916,0.21263274223237444
823,825,34,0.00014118789202613284,0.00023663193182237773,0.004325129571096862,0.002910700786894854,0.05982628982062178,0.12380876463247872,0.08821784639183212,0.060324772008788434,0.31124694930279956,0.23934430791285352
824,826,34,5.3157557030157046e-05,0.00012617617585767007,0.0032286751597626682,0.001761947139077995,0.06658235071774792,0.15783810232521822,0.11441044268362663,0.0627192486031267,0.41870619093670564,0.25799567908613524
825,827,34,0.000143759791907381,0.00021397277815208532,0.005140251329387812,0.0029397074908385497,0.06870072608923211,0.10465248664762107,0.11139675591360121,0.06553547985243674,0.36150877966600303,0.2087940803005896
826,828,34,0.00010631442878949362,0.0002475967110527812,0.0037130343707223587,0.0029284972949300634,0.0654785057379152,0.12265584145115081,0.10131163643125225,0.0655923411049496,0.3416137171580511,0.22708587018805657
827,829,34,9.183457849062774e-05,0.00016015536016033302,0.00384518107645871,0.0024713433547349246,0.06333394699236926,0.10960133022278964,0.09912959990255973,0.06541160026970998,0.3282022445517428,0.2150054204714606
828,830,34,6.737110060625769e-05,0.00012699278254133287,0.0029571852946366347,0.0026050175671164678,0.0385169000715798,0.07541352937113499,0.07220837490304428,0.05526047508959186,0.23139799813575604,0.17333516094983392
829,831,34,6.371221165496161e-06,9.640056709971313e-06,0.0014787461653160041,0.0006187589920334846,0.029046033204341418,0.03876022260375052,0.10235355454770957,0.04027663020065613,0.37919242241803336,0.1565482937815341
830,832,34,1.61280105698204e-05,2.5064282098864944e-05,0.00213062997756745,0.0011941227213549178,0.03694198284681667,0.054346363171800575,0.10471731763990487,0.0575811111581199,0.3599744312026921,0.18933482729912696
831,833,34,5.96909790230631e-05,0.00011657546829612225,0.003025864135398639,0.003044963704328302,0.04429524683013476,0.09635945760294613,0.08232910257271107,0.06530383225201414,0.34741463106783,0.28960039661007186
832,834,34,5.0112420914709165e-05,8.671729321803268e-05,0.0034808705908396993,0.00236626583728785,0.03327864239091629,0.09199940447268512,0.08151998184621334,0.05380028951111815,0.24547563252203605,0.17261923215898634
833,835,34,4.423728514649718e-05,0.000116225360359907,0.002134599775137544,0.0023145140069086197,0.036753016776535384,0.10033651614266831,0.06464358917711412,0.060031004300622325,0.22745740994372787,0.2111846329303677
834,836,34,7.171582357008955e-05,0.0002946899315545786,0.002123235136797816,0.0033465358538699815,0.1422508725338369,0.6819086196299811,0.0789904636604821,0.15206160882931175,0.2860255311517155,0.546693865747651
835,837,34,0.0001372372027938528,0.00017851107874869754,0.0056163890300976,0.0027857786510964563,0.03046250924029771,0.028481965817973538,0.08915328738443992,0.030396715509236966,0.33585404999115887,0.12306720411959803
836,838,34,1.482225203918621e-05,2.7539158642303526e-05,0.00187829154995544,0.0012223944530825846,0.056572944651741314,0.09576276504965223,0.11678073533317622,0.07461622244827165,0.3740663690602078,0.24687988320171642
837,839,34,0.00019946387863670038,0.00018250950337102672,0.007853614864870906,0.0031936022146229794,0.047610537642065215,0.04228580776453479,0.12161700317964834,0.0476043125111197,0.37228453685255614,0.15338853185218165
838,840,34,0.00023813208119872296,0.0005170000354842359,0.004409175888320212,0.0068422053942700945,0.018789136866176063,0.03420588663720738,0.06704334191539708,0.041303677474451066,0.23518520834691384,0.19318001847844865
839,841,34,3.707302825178511e-05,7.83600359566003e-05,0.00289967203485396,0.0016810865763521694,0.05909733945394263,0.12634225688708198,0.11594382607761551,0.06654101107805499,0.439163397778483,0.2578949404067145
840,842,34,4.825059557547587e-05,0.00010320425886227428,0.00346670691471766,0.0017930096196798302,0.046979893396115475,0.10285736357719698,0.10759501345455647,0.05627413215830954,0.4133167503511204,0.22412687966918524
841,843,34,0.00016594450579197976,0.0005306763482449399,0.0033639547832803253,0.0027315013914508317,0.3000900578301619,1.0986918570637463,0.13192846669870265,0.12117644236915115,0.4616938601521885,0.4271475790346564
842,844,34,1.3078454227364573e-05,2.496969486086065e-05,0.0018299831050064635,0.0007357240394471251,0.04487695707939565,0.08678157247033623,0.10777292608776513,0.042602206624086265,0.4345674422733924,0.1779896482056898
843,845,34,0.0001203086013407194,0.000265182428046001,0.0033914655488093987,0.0025094599551632804,0.049221806406207824,0.0718040541175452,0.0808529950240079,0.04323284677788167,0.28886861003497066,0.16303632332575319
844,846,34,0.00015247260197985966,0.000296515957608704,0.004598890770199325,0.0030559469986440827,0.05764754471944317,0.10894131319369248,0.09010165244998301,0.05834159839721004,0.3022783249616623,0.19706952231766228
845,847,34,0.00020456867141279764,0.00041990292133924827,0.005700145807007656,0.004016327309696152,0.059865941064130956,0.11118180007215069,0.10075855079819174,0.06614290185022191,0.369900955215973,0.24456010843072365
846,848,34,7.386626491686056e-05,9.349666914169983e-05,0.0041632893467869825,0.001956346741336433,0.043890847769730235,0.055023143479347,0.1012901664875886,0.047496003930228355,0.31215082941686406,0.15732652711339018
847,849,34,0.00014746920836681537,0.0002254305852183049,0.005155714783434044,0.0027840984041637984,0.048907652483595646,0.07374288362940044,0.09542783536016941,0.047461653711353545,0.2758652889991508,0.13310682341337726
848,850,34,2.439742211258951e-05,4.944169824779199e-05,0.0022001897159498185,0.0013226677747437356,0.03366138244232656,0.0915996983205613,0.08185062310932313,0.04184957737965992,0.2606470530085704,0.1428962617153429
849,851,34,0.00010367101136205961,0.0001650191148923248,0.004146811572889633,0.0025062015394276154,0.0463213516289697,0.056716503064091,0.09263333338586723,0.036391118142044064,0.3431764678920017,0.1351741157997851
850,852,34,4.124899265345969e-06,1.8895200081328063e-05,0.0006249642234144951,0.0005977344174050942,0.03248774433621507,0.09434334794068194,0.07099852804094553,0.06536210704176783,0.25911599540096875,0.23284356354909647
851,853,34,5.644349847328305e-06,1.9797880951753258e-05,0.0008105954886345632,0.0007628096642691832,0.03825310334950165,0.11038314644462227,0.07078212340745856,0.06813970794432143,0.2464189061566311,0.23433493790525142
852,854,34,4.658188724119207e-05,0.00014585848723757061,0.0024924222397042766,0.0019209067836869625,0.15757913356783854,0.6074808679554894,0.12824746550006025,0.11646768674874142,0.3946395104422289,0.3694835363863422
853,855,34,4.331641316840058e-05,0.00011679058362896724,0.002161073241629364,0.0019609709575126337,0.13151557007736034,0.4634393020221555,0.11654431526275243,0.10465853855636435,0.40408920978798585,0.37032684790616904
854,856,34,6.880099901247363e-06,2.1707787016796453e-05,0.000876218028304934,0.000822173873736328,0.038057897206539675,0.11538605332783898,0.0649718596764347,0.06267777341012154,0.22988561946241295,0.22211815101912233
855,857,34,9.014701125184054e-05,0.0004796452571857857,0.001362562209525255,0.0023022564429628807,0.34433154547535677,1.8269748442669056,0.08232114699614398,0.14131910687375276,0.3080338722861865,0.5433690224568747
856,858,34,1.1097847331096572e-05,2.606409593795133e-05,0.0016888674684142804,0.0009722329659196718,0.035954326624050736,0.07592200726048892,0.10131150396431193,0.050549254210362576,0.39192478490226407,0.2008126220660096
857,859,34,8.646284751446341e-05,0.00042213766023404897,0.002299001190455302,0.0021553205114111245,0.26061861052157304,1.279405679749902,0.11622053258778418,0.11897332846199805,0.44322606176137924,0.4532653981571957
858,860,34,9.419614164752442e-05,0.00046350760711955585,0.0018983377958647907,0.0015636469743398004,0.4963254969539669,2.5092279948026635,0.12790433437946966,0.11581896314196863,0.4416104248341392,0.4472574057742981
859,OT,34,1.5180496327903871e-05,3.3843560054117273e-05,0.002006908115136492,0.0011441455114776765,0.04553711812888436,0.11437619066606525,0.10751847221570857,0.0633707052967064,0.40028225104598436,0.23597268915784522
