dataset,lags,horizon,setting,metric,best_baseline,best_baseline_value,chronos_value,chronos_win_pct,tie_pct,windows
electricity,168,24,168:24,mse,repeat,2689885.6665454675,2153536.853865921,79.04984423676012,0.017972681524083396,16692
electricity,168,24,168:24,mae,repeat,205.07557355329325,165.48688801602273,75.60508027797748,0.017972681524083396,16692
electricity,168,24,168:24,nmse,repeat,0.82738650384802,0.6380183362989442,79.04984423676012,0.017972681524083396,16692
electricity,168,24,168:24,nmae,repeat,0.3540501318566751,0.2587603537800071,75.60508027797748,0.017972681524083396,16692
electricity,168,24,168:24,mase,repeat,1.133465000913672,0.8122335567932822,75.60508027797748,0.017972681524083396,16692
electricity,168,24,168:24,mse,repeat,2701701.158070699,2162996.398708054,79.39707563631987,0.0,16619
electricity,168,24,168:24,mae,repeat,205.97638087439503,166.2137996870471,75.93718033576027,0.0,16619
electricity,168,24,168:24,nmse,repeat,0.8310208509676364,0.6407547876213284,79.39707563631987,0.0,16619
electricity,168,24,168:24,nmae,repeat,0.35560531927021005,0.25949640778951166,75.93718033576027,0.0,16619
electricity,168,24,168:24,mase,repeat,1.1384438170317717,0.8154007763298049,75.93718033576027,0.0,16619
electricity,168,24,168:24,mse,repeat,2689885.6675212146,2153536.978450236,79.04984423676012,0.017972681524083396,16692
electricity,168,24,168:24,mae,repeat,205.07557356478782,165.4868917860116,75.60508027797748,0.017972681524083396,16692
electricity,168,24,168:24,nmse,repeat,0.8273865038753768,0.6379525109131947,79.04984423676012,0.017972681524083396,16692
electricity,168,24,168:24,nmae,repeat,0.35405013188803164,0.25836153869817513,75.60508027797748,0.017972681524083396,16692
electricity,168,24,168:24,mase,repeat,1.133465001156713,0.811834742105576,75.60508027797748,0.017972681524083396,16692
electricity,168,24,168:24,mse,repeat,2701701.159050732,2162996.521752816,79.39707563631987,0.0,16619
electricity,168,24,168:24,mae,repeat,205.9763808859401,166.2138031870213,75.93718033576027,0.0,16619
electricity,168,24,168:24,nmse,repeat,0.8310208509951135,0.6407547573895611,79.39707563631987,0.0,16619
electricity,168,24,168:24,nmae,repeat,0.3556053193017043,0.2594964079700784,75.93718033576027,0.0,16619
electricity,168,24,168:24,mase,repeat,1.1384438172758802,0.8154007772074975,75.93718033576027,0.0,16619
electricity,336,48,336:48,mse,repeat,3213269.430746827,1783873.5730061508,90.40987111355446,0.01832508704416346,16371
electricity,336,48,336:48,mae,repeat,224.82641163565185,150.68653271481202,88.47352024922118,0.01832508704416346,16371
electricity,336,48,336:48,nmse,repeat,0.4853670428979831,0.2027176643254056,90.40987111355446,0.01832508704416346,16371
electricity,336,48,336:48,nmae,repeat,0.3923863308103387,0.23669381744982532,88.47352024922118,0.01832508704416346,16371
electricity,336,48,336:48,mase,repeat,1.2942035974517476,0.7541977951034496,88.47352024922118,0.01832508704416346,16371
electricity,336,48,336:48,mse,repeat,3226869.945451865,1791424.0132308935,90.79254079254079,0.0,16302
electricity,336,48,336:48,mae,repeat,225.7780140404402,151.324329965406,88.847994111152,0.0,16302
electricity,336,48,336:48,nmse,repeat,0.48742141205268563,0.20349267911072721,90.79254079254079,0.0,16302
electricity,336,48,336:48,nmae,repeat,0.39404714892013587,0.23724434846628425,88.847994111152,0.0,16302
electricity,336,48,336:48,mase,repeat,1.2996814558877783,0.7569387183771352,88.847994111152,0.0,16302
electricity,336,48,336:48,mse,repeat,3213269.4332702016,1783873.4539792847,90.40987111355446,0.01832508704416346,16371
electricity,336,48,336:48,mae,repeat,224.8264116743033,150.68653304307009,88.47352024922118,0.01832508704416346,16371
electricity,336,48,336:48,nmse,repeat,0.4853670428906889,0.20263500430116774,90.40987111355446,0.01832508704416346,16371
electricity,336,48,336:48,nmae,repeat,0.3923863309800373,0.23624441808975744,88.47352024922118,0.01832508704416346,16371
electricity,336,48,336:48,mase,repeat,1.2942035973124844,0.7537483967992334,88.47352024922118,0.01832508704416346,16371
electricity,336,48,336:48,mse,repeat,3226869.94798592,1791423.8936996558,90.79254079254079,0.0,16302
electricity,336,48,336:48,mae,repeat,225.77801407925526,151.32433029178196,88.847994111152,0.0,16302
electricity,336,48,336:48,nmse,repeat,0.48742141204536055,0.2034926791437479,90.79254079254079,0.0,16302
electricity,336,48,336:48,nmae,repeat,0.3940471490905527,0.2372443484484599,88.847994111152,0.0,16302
electricity,336,48,336:48,mase,repeat,1.2996814557479257,0.7569387194054634,88.847994111152,0.0,16302
electricity,504,168,504:168,mse,repeat,7091662.323759577,6019985.880385852,87.00140492334005,0.03665017408832692,16371
electricity,504,168,504:168,mae,repeat,232.39141410209572,202.79263625894293,85.0222955225704,0.03665017408832692,16371
electricity,504,168,504:168,nmse,repeat,5.596500173255639e+16,5.596500173255639e+16,87.00140492334005,0.03665017408832692,16371
electricity,504,168,504:168,nmae,repeat,2804502.306100594,2804502.2495118342,85.0222955225704,0.03665017408832692,16371
electricity,504,168,504:168,mase,repeat,2804503.050507147,2804502.8620787263,85.0222955225704,0.03665017408832692,16371
electricity,504,168,504:168,mse,repeat,7121672.940863639,6045460.50972957,87.36964789596368,0.0,16302
electricity,504,168,504:168,mae,repeat,233.346872485346,203.62281443831802,85.38216169795118,0.0,16302
electricity,504,168,504:168,nmse,repeat,0.36561051607630396,0.27335967838622127,87.36964789596368,0.0,16302
electricity,504,168,504:168,nmae,repeat,0.3271483756032188,0.2698722476797623,85.38216169795118,0.0,16302
electricity,504,168,504:168,mase,repeat,1.074705711703665,0.8850318963510668,85.38216169795118,0.0,16302
electricity,504,168,504:168,mse,repeat,7091662.3079950325,6019986.400789151,87.00140492334005,0.03665017408832692,16371
electricity,504,168,504:168,mae,repeat,232.39141410237363,202.7926382863709,85.0222955225704,0.03665017408832692,16371
electricity,504,168,504:168,nmse,repeat,5.596500173255639e+16,5.596500173255639e+16,87.00140492334005,0.03665017408832692,16371
electricity,504,168,504:168,nmae,repeat,2804502.306100594,2804502.249065871,85.0222955225704,0.03665017408832692,16371
electricity,504,168,504:168,mase,repeat,2804503.050507148,2804502.8616327615,85.0222955225704,0.03665017408832692,16371
electricity,504,168,504:168,mse,repeat,7121672.92503237,6045461.032331365,87.36964789596368,0.0,16302
electricity,504,168,504:168,mae,repeat,233.34687248562508,203.62281662442723,85.38216169795118,0.0,16302
electricity,504,168,504:168,nmse,repeat,0.3656105160400143,0.2733596774027728,87.36964789596368,0.0,16302
electricity,504,168,504:168,nmae,repeat,0.3271483757326986,0.2698722475185933,85.38216169795118,0.0,16302
electricity,504,168,504:168,mase,repeat,1.0747057118823449,0.8850318941417609,85.38216169795118,0.0,16302
exchange_rate,7,1,7:1,mse,repeat,1.0495459564852585e-05,1.1084358024943967e-05,40.0,0.8333333333333334,120
exchange_rate,7,1,7:1,mae,repeat,0.0019935479310030737,0.002066968672443181,40.0,0.8333333333333334,120
exchange_rate,7,1,7:1,nmse,repeat,2.927997055720334,3.237400367490454,40.0,0.8333333333333334,120
exchange_rate,7,1,7:1,nmae,repeat,0.9201718807996561,0.9857343193842099,40.0,0.8333333333333334,120
exchange_rate,7,1,7:1,mase,repeat,1.025712347527345,1.1016865086741745,40.0,0.8333333333333334,120
exchange_rate,7,1,7:1,mse,repeat,1.0673348710019579e-05,1.1272228499926081e-05,40.67796610169492,0.0,118
exchange_rate,7,1,7:1,mae,repeat,0.0020273368789861766,0.0021020016609296457,40.67796610169492,0.0,118
exchange_rate,7,1,7:1,nmse,repeat,2.977624124461357,3.122915504980899,40.67796610169492,0.0,118
exchange_rate,7,1,7:1,nmae,repeat,0.9357680143725317,0.9645573726097533,40.67796610169492,0.0,118
exchange_rate,7,1,7:1,mase,repeat,1.0430973025701813,1.0824748532436157,40.67796610169492,0.0,118
exchange_rate,7,1,7:1,mse,repeat,1.0495459564852585e-05,1.1084348728465565e-05,40.0,1.6666666666666667,120
exchange_rate,7,1,7:1,mae,repeat,0.0019935479310030737,0.0020669672444152336,40.0,1.6666666666666667,120
exchange_rate,7,1,7:1,nmse,repeat,2.927997055720334,3.0708646663063672,40.0,1.6666666666666667,120
exchange_rate,7,1,7:1,nmae,repeat,0.9201718807996561,0.948480170740125,40.0,1.6666666666666667,120
exchange_rate,7,1,7:1,mase,repeat,1.025712347527345,1.064432738147055,40.0,1.6666666666666667,120
exchange_rate,7,1,7:1,mse,repeat,1.0673348710019579e-05,1.1272219045897186e-05,40.67796610169492,0.0,118
exchange_rate,7,1,7:1,mae,repeat,0.0020273368789861766,0.0021020005875409154,40.67796610169492,0.0,118
exchange_rate,7,1,7:1,nmse,repeat,2.977624124461357,3.1229132199725766,40.67796610169492,0.0,118
exchange_rate,7,1,7:1,nmae,repeat,0.9357680143725317,0.9645561058374154,40.67796610169492,0.0,118
exchange_rate,7,1,7:1,mase,repeat,1.0430973025701813,1.0824739709970053,40.67796610169492,0.0,118
exchange_rate,14,2,14:2,mse,repeat,4.924731154336247e-05,4.4524652175763016e-05,57.49999999999999,0.8333333333333334,120
exchange_rate,14,2,14:2,mae,repeat,0.003997270823068296,0.003789188084192574,55.00000000000001,0.8333333333333334,120
exchange_rate,14,2,14:2,nmse,repeat,2.7941869551180085,2.6064299664712354,57.49999999999999,0.8333333333333334,120
exchange_rate,14,2,14:2,nmae,repeat,1.0536470286703359,1.001880900003016,55.00000000000001,0.8333333333333334,120
exchange_rate,14,2,14:2,mase,repeat,1.9406336744936803,1.8454028936879088,55.00000000000001,0.8333333333333334,120
exchange_rate,14,2,14:2,mse,repeat,5.008201173901268e-05,4.527930729738306e-05,58.47457627118644,0.0,118
exchange_rate,14,2,14:2,mae,repeat,0.004065021176001657,0.003853411453192012,55.932203389830505,0.0,118
exchange_rate,14,2,14:2,nmse,repeat,2.8415460560522123,2.620028568709948,58.47457627118644,0.0,118
exchange_rate,14,2,14:2,nmae,repeat,1.0715054528850874,1.0030768038231437,55.932203389830505,0.0,118
exchange_rate,14,2,14:2,mase,repeat,1.9735257706715394,1.8608957804518484,55.932203389830505,0.0,118
exchange_rate,14,2,14:2,mse,repeat,4.924731154336247e-05,4.4524595308501885e-05,57.49999999999999,1.6666666666666667,120
exchange_rate,14,2,14:2,mae,repeat,0.003997270823068296,0.0037891864446767914,55.00000000000001,1.6666666666666667,120
exchange_rate,14,2,14:2,nmse,repeat,2.7941869551180085,2.576361401187023,57.49999999999999,1.6666666666666667,120
exchange_rate,14,2,14:2,nmae,repeat,1.0536470286703359,0.9863589935625593,55.00000000000001,1.6666666666666667,120
exchange_rate,14,2,14:2,mase,repeat,1.9406336744936803,1.8298807962642363,55.00000000000001,1.6666666666666667,120
exchange_rate,14,2,14:2,mse,repeat,5.008201173901268e-05,4.5279249466273103e-05,58.47457627118644,0.0,118
exchange_rate,14,2,14:2,mae,repeat,0.004065021176001657,0.00385340994373911,55.932203389830505,0.0,118
exchange_rate,14,2,14:2,nmse,repeat,2.8415460560522123,2.6200285435800237,58.47457627118644,0.0,118
exchange_rate,14,2,14:2,nmae,repeat,1.0715054528850874,1.0030769426059924,55.932203389830505,0.0,118
exchange_rate,14,2,14:2,mase,repeat,1.9735257706715394,1.8608957250144775,55.932203389830505,0.0,118
exchange_rate,30,7,30:7,mse,repeat,0.00011653317874051222,9.066010756208525e-05,70.0,0.8333333333333334,120
exchange_rate,30,7,30:7,mae,repeat,0.006783036722487168,0.005619980064002883,69.16666666666667,0.8333333333333334,120
exchange_rate,30,7,30:7,nmse,repeat,52.20149751653274,51.73144519346218,70.0,0.8333333333333334,120
exchange_rate,30,7,30:7,nmae,repeat,1.3595666548858085,1.1733403916470706,69.16666666666667,0.8333333333333334,120
exchange_rate,30,7,30:7,mase,repeat,3.5763257945577305,3.0451206707395615,69.16666666666667,0.8333333333333334,120
exchange_rate,30,7,30:7,mse,repeat,0.00011850831736323276,9.219671955466277e-05,71.1864406779661,0.0,118
exchange_rate,30,7,30:7,mae,repeat,0.00689800344659712,0.00571523393633254,70.33898305084746,0.0,118
exchange_rate,30,7,30:7,nmse,repeat,53.086268660880755,52.606233205631234,71.1864406779661,0.0,118
exchange_rate,30,7,30:7,nmae,repeat,1.382610157510992,1.190521494848496,70.33898305084746,0.0,118
exchange_rate,30,7,30:7,mase,repeat,3.636941485990912,3.0940268634171306,70.33898305084746,0.0,118
exchange_rate,30,7,30:7,mse,repeat,0.00011653317874051222,9.066011743186678e-05,70.0,1.6666666666666667,120
exchange_rate,30,7,30:7,mae,repeat,0.006783036722487168,0.005619979536959363,69.16666666666667,1.6666666666666667,120
exchange_rate,30,7,30:7,nmse,repeat,52.20149751653274,51.72946461009075,70.0,1.6666666666666667,120
exchange_rate,30,7,30:7,nmae,repeat,1.3595666548858085,1.1706804786032687,69.16666666666667,1.6666666666666667,120
exchange_rate,30,7,30:7,mase,repeat,3.5763257945577305,3.042461086095621,69.16666666666667,1.6666666666666667,120
exchange_rate,30,7,30:7,mse,repeat,0.00011850831736323276,9.219672959172893e-05,71.1864406779661,0.0,118
exchange_rate,30,7,30:7,mae,repeat,0.00689800344659712,0.005715233427416301,70.33898305084746,0.0,118
exchange_rate,30,7,30:7,nmse,repeat,53.086268660880755,52.60623519670246,71.1864406779661,0.0,118
exchange_rate,30,7,30:7,nmae,repeat,1.382610157510992,1.1905225206134935,70.33898305084746,0.0,118
exchange_rate,30,7,30:7,mase,repeat,3.636941485990912,3.0940282231480896,70.33898305084746,0.0,118
solar,168,24,168:24,mse,repeat,656.7792404137516,465.76585810772593,64.92056676685273,0.0,2329
solar,168,24,168:24,mae,repeat,10.454036356912452,9.20293229042895,56.67668527264921,0.0,2329
solar,168,24,168:24,nmse,repeat,0.18874016695348925,0.13684123345275745,64.92056676685273,0.0,2329
solar,168,24,168:24,nmae,repeat,0.1905530390752333,0.16889955869249235,56.67668527264921,0.0,2329
solar,168,24,168:24,mase,repeat,0.8351506448645559,0.7425216191307114,56.67668527264921,0.0,2329
solar,168,24,168:24,mse,repeat,656.7792404137516,465.76585810772593,64.92056676685273,0.0,2329
solar,168,24,168:24,mae,repeat,10.454036356912452,9.20293229042895,56.67668527264921,0.0,2329
solar,168,24,168:24,nmse,repeat,0.18874016695348925,0.13684123345275745,64.92056676685273,0.0,2329
solar,168,24,168:24,nmae,repeat,0.1905530390752333,0.16889955869249235,56.67668527264921,0.0,2329
solar,168,24,168:24,mase,repeat,0.8351506448645559,0.7425216191307114,56.67668527264921,0.0,2329
solar,168,24,168:24,mse,repeat,656.7792384009113,465.7658514452498,64.92056676685273,0.0,2329
solar,168,24,168:24,mae,repeat,10.454036428532717,9.202932331044053,56.67668527264921,0.0,2329
solar,168,24,168:24,nmse,repeat,0.18874016704378735,0.13684123181239607,64.92056676685273,0.0,2329
solar,168,24,168:24,nmae,repeat,0.19055304104824558,0.16889955941627674,56.67668527264921,0.0,2329
solar,168,24,168:24,mase,repeat,0.835150654589659,0.7425216235549934,56.67668527264921,0.0,2329
solar,168,24,168:24,mse,repeat,656.7792384009113,465.7658514452498,64.92056676685273,0.0,2329
solar,168,24,168:24,mae,repeat,10.454036428532717,9.202932331044053,56.67668527264921,0.0,2329
solar,168,24,168:24,nmse,repeat,0.18874016704378735,0.13684123181239607,64.92056676685273,0.0,2329
solar,168,24,168:24,nmae,repeat,0.19055304104824558,0.16889955941627674,56.67668527264921,0.0,2329
solar,168,24,168:24,mase,repeat,0.835150654589659,0.7425216235549934,56.67668527264921,0.0,2329
solar,336,48,336:48,mse,repeat,1527.9796014827637,621.868939709387,84.28510090167454,0.0,2329
solar,336,48,336:48,mae,repeat,17.63276984656814,11.147908665147039,81.5371404036067,0.0,2329
solar,336,48,336:48,nmse,repeat,0.5107689751097201,0.2103948040478277,84.28510090167454,0.0,2329
solar,336,48,336:48,nmae,repeat,0.3376632560661943,0.21259004222656996,81.5371404036067,0.0,2329
solar,336,48,336:48,mase,repeat,1.5034926488752425,0.9411595132395453,81.5371404036067,0.0,2329
solar,336,48,336:48,mse,repeat,1527.9796014827637,621.868939709387,84.28510090167454,0.0,2329
solar,336,48,336:48,mae,repeat,17.63276984656814,11.147908665147039,81.5371404036067,0.0,2329
solar,336,48,336:48,nmse,repeat,0.5107689751097201,0.2103948040478277,84.28510090167454,0.0,2329
solar,336,48,336:48,nmae,repeat,0.3376632560661943,0.21259004222656996,81.5371404036067,0.0,2329
solar,336,48,336:48,mase,repeat,1.5034926488752425,0.9411595132395453,81.5371404036067,0.0,2329
solar,336,48,336:48,mse,repeat,1527.9796009942563,621.8689380900038,84.28510090167454,0.0,2329
solar,336,48,336:48,mae,repeat,17.6327699396988,11.147908747836007,81.5371404036067,0.0,2329
solar,336,48,336:48,nmse,repeat,0.5107689749641634,0.21039480244870404,84.28510090167454,0.0,2329
solar,336,48,336:48,nmae,repeat,0.3376632580903913,0.2125900430391279,81.5371404036067,0.0,2329
solar,336,48,336:48,mase,repeat,1.503492655970729,0.9411595223760236,81.5371404036067,0.0,2329
solar,336,48,336:48,mse,repeat,1527.9796009942563,621.8689380900038,84.28510090167454,0.0,2329
solar,336,48,336:48,mae,repeat,17.6327699396988,11.147908747836007,81.5371404036067,0.0,2329
solar,336,48,336:48,nmse,repeat,0.5107689749641634,0.21039480244870404,84.28510090167454,0.0,2329
solar,336,48,336:48,nmae,repeat,0.3376632580903913,0.2125900430391279,81.5371404036067,0.0,2329
solar,336,48,336:48,mase,repeat,1.503492655970729,0.9411595223760236,81.5371404036067,0.0,2329
solar,504,168,504:168,mse,repeat,1090.1645245612972,536.7973124041174,94.52554744525547,0.0,2192
solar,504,168,504:168,mae,repeat,14.378088221606546,10.509183740039376,88.77737226277372,0.0,2192
solar,504,168,504:168,nmse,repeat,0.33932229323842883,0.1653876763795686,94.52554744525547,0.0,2192
solar,504,168,504:168,nmae,repeat,0.26626328453353615,0.19478857564488358,88.77737226277372,0.0,2192
solar,504,168,504:168,mase,repeat,1.1773539507476083,0.8634245128092104,88.77737226277372,0.0,2192
solar,504,168,504:168,mse,repeat,1090.1645245612972,536.7973124041174,94.52554744525547,0.0,2192
solar,504,168,504:168,mae,repeat,14.378088221606546,10.509183740039376,88.77737226277372,0.0,2192
solar,504,168,504:168,nmse,repeat,0.33932229323842883,0.1653876763795686,94.52554744525547,0.0,2192
solar,504,168,504:168,nmae,repeat,0.26626328453353615,0.19478857564488358,88.77737226277372,0.0,2192
solar,504,168,504:168,mase,repeat,1.1773539507476083,0.8634245128092104,88.77737226277372,0.0,2192
solar,504,168,504:168,mse,repeat,1090.1645236776692,536.7973015543319,94.52554744525547,0.0,2192
solar,504,168,504:168,mae,repeat,14.378088339401858,10.50918381938534,88.77737226277372,0.0,2192
solar,504,168,504:168,nmse,repeat,0.3393222924838536,0.16538767368332177,94.52554744525547,0.0,2192
solar,504,168,504:168,nmae,repeat,0.26626328630100965,0.19478857760270038,88.77737226277372,0.0,2192
solar,504,168,504:168,mase,repeat,1.1773539578175023,0.8634245197703369,88.77737226277372,0.0,2192
solar,504,168,504:168,mse,repeat,1090.1645236776692,536.7973015543319,94.52554744525547,0.0,2192
solar,504,168,504:168,mae,repeat,14.378088339401858,10.50918381938534,88.77737226277372,0.0,2192
solar,504,168,504:168,nmse,repeat,0.3393222924838536,0.16538767368332177,94.52554744525547,0.0,2192
solar,504,168,504:168,nmae,repeat,0.26626328630100965,0.19478857760270038,88.77737226277372,0.0,2192
solar,504,168,504:168,mase,repeat,1.1773539578175023,0.8634245197703369,88.77737226277372,0.0,2192
time/coastal_t_s_h_part01,168,24,168:24,mse,repeat,129.52880944722696,76.02237589187094,90.19607843137256,0.0,51
time/coastal_t_s_h_part01,168,24,168:24,mae,repeat,5.029473273686188,3.6390326112673126,86.27450980392157,0.0,51
time/coastal_t_s_h_part01,168,24,168:24,nmse,repeat,2.0149492487771745,1.1607115158406611,90.19607843137256,0.0,51
time/coastal_t_s_h_part01,168,24,168:24,nmae,repeat,1.0696703912233751,0.7586418073259148,86.27450980392157,0.0,51
time/coastal_t_s_h_part01,168,24,168:24,mase,repeat,3.040921309999391,2.000719132376652,86.27450980392157,0.0,51
time/coastal_t_s_h_part01,168,24,168:24,mse,repeat,129.52880944722696,76.02237589187094,90.19607843137256,0.0,51
time/coastal_t_s_h_part01,168,24,168:24,mae,repeat,5.029473273686188,3.6390326112673126,86.27450980392157,0.0,51
time/coastal_t_s_h_part01,168,24,168:24,nmse,repeat,2.0149492487771745,1.1607115158406611,90.19607843137256,0.0,51
time/coastal_t_s_h_part01,168,24,168:24,nmae,repeat,1.0696703912233751,0.7586418073259148,86.27450980392157,0.0,51
time/coastal_t_s_h_part01,168,24,168:24,mase,repeat,3.040921309999391,2.000719132376652,86.27450980392157,0.0,51
time/coastal_t_s_h_part01,168,24,168:24,mse,repeat,129.52880944722696,76.02237527711044,90.19607843137256,0.0,51
time/coastal_t_s_h_part01,168,24,168:24,mae,repeat,5.029473273686188,3.6390325919743263,86.27450980392157,0.0,51
time/coastal_t_s_h_part01,168,24,168:24,nmse,repeat,2.0149492487771745,1.1607089427176533,90.19607843137256,0.0,51
time/coastal_t_s_h_part01,168,24,168:24,nmae,repeat,1.0696703912233751,0.7586410568807932,86.27450980392157,0.0,51
time/coastal_t_s_h_part01,168,24,168:24,mase,repeat,3.040921291299895,2.0007123316035553,86.27450980392157,0.0,51
time/coastal_t_s_h_part01,168,24,168:24,mse,repeat,129.52880944722696,76.02237527711044,90.19607843137256,0.0,51
time/coastal_t_s_h_part01,168,24,168:24,mae,repeat,5.029473273686188,3.6390325919743263,86.27450980392157,0.0,51
time/coastal_t_s_h_part01,168,24,168:24,nmse,repeat,2.0149492487771745,1.1607089427176533,90.19607843137256,0.0,51
time/coastal_t_s_h_part01,168,24,168:24,nmae,repeat,1.0696703912233751,0.7586410568807932,86.27450980392157,0.0,51
time/coastal_t_s_h_part01,168,24,168:24,mase,repeat,3.040921291299895,2.0007123316035553,86.27450980392157,0.0,51
time/coastal_t_s_h_part01,336,48,336:48,mse,repeat,109.46903280062179,59.70278071056479,83.33333333333334,0.0,48
time/coastal_t_s_h_part01,336,48,336:48,mae,repeat,4.646111883989458,3.5641314923996106,83.33333333333334,0.0,48
time/coastal_t_s_h_part01,336,48,336:48,nmse,repeat,1.946692388707864,1.2807072881840516,83.33333333333334,0.0,48
time/coastal_t_s_h_part01,336,48,336:48,nmae,repeat,1.0331460894667543,0.8219301681480525,83.33333333333334,0.0,48
time/coastal_t_s_h_part01,336,48,336:48,mase,repeat,4.145521495491266,3.73098688138028,83.33333333333334,0.0,48
time/coastal_t_s_h_part01,336,48,336:48,mse,repeat,109.46903280062179,59.70278071056479,83.33333333333334,0.0,48
time/coastal_t_s_h_part01,336,48,336:48,mae,repeat,4.646111883989458,3.5641314923996106,83.33333333333334,0.0,48
time/coastal_t_s_h_part01,336,48,336:48,nmse,repeat,1.946692388707864,1.2807072881840516,83.33333333333334,0.0,48
time/coastal_t_s_h_part01,336,48,336:48,nmae,repeat,1.0331460894667543,0.8219301681480525,83.33333333333334,0.0,48
time/coastal_t_s_h_part01,336,48,336:48,mase,repeat,4.145521495491266,3.73098688138028,83.33333333333334,0.0,48
time/coastal_t_s_h_part01,336,48,336:48,mse,repeat,109.46903280062179,59.702779412960204,83.33333333333334,0.0,48
time/coastal_t_s_h_part01,336,48,336:48,mae,repeat,4.646111883989458,3.564131546280502,83.33333333333334,0.0,48
time/coastal_t_s_h_part01,336,48,336:48,nmse,repeat,1.946692388707864,1.280707077586764,83.33333333333334,0.0,48
time/coastal_t_s_h_part01,336,48,336:48,nmae,repeat,1.0331460894667543,0.8219302241826275,83.33333333333334,0.0,48
time/coastal_t_s_h_part01,336,48,336:48,mase,repeat,4.145521495491266,3.730986366669337,83.33333333333334,0.0,48
time/coastal_t_s_h_part01,336,48,336:48,mse,repeat,109.46903280062179,59.702779412960204,83.33333333333334,0.0,48
time/coastal_t_s_h_part01,336,48,336:48,mae,repeat,4.646111883989458,3.564131546280502,83.33333333333334,0.0,48
time/coastal_t_s_h_part01,336,48,336:48,nmse,repeat,1.946692388707864,1.280707077586764,83.33333333333334,0.0,48
time/coastal_t_s_h_part01,336,48,336:48,nmae,repeat,1.0331460894667543,0.8219302241826275,83.33333333333334,0.0,48
time/coastal_t_s_h_part01,336,48,336:48,mase,repeat,4.145521495491266,3.730986366669337,83.33333333333334,0.0,48
time/coastal_t_s_h_part01,504,168,504:168,mse,repeat,272.0885134587291,205.22651326167397,89.58333333333334,0.0,48
time/coastal_t_s_h_part01,504,168,504:168,mae,repeat,6.496347494530103,4.899637356313178,89.58333333333334,0.0,48
time/coastal_t_s_h_part01,504,168,504:168,nmse,repeat,12.830817519687116,12.041128581758434,89.58333333333334,0.0,48
time/coastal_t_s_h_part01,504,168,504:168,nmae,repeat,1.7714918047810595,1.4549590235886474,89.58333333333334,0.0,48
time/coastal_t_s_h_part01,504,168,504:168,mase,repeat,11.258388075977564,9.870549267468354,89.58333333333334,0.0,48
time/coastal_t_s_h_part01,504,168,504:168,mse,repeat,272.0885134587291,205.22651326167397,89.58333333333334,0.0,48
time/coastal_t_s_h_part01,504,168,504:168,mae,repeat,6.496347494530103,4.899637356313178,89.58333333333334,0.0,48
time/coastal_t_s_h_part01,504,168,504:168,nmse,repeat,12.830817519687116,12.041128581758434,89.58333333333334,0.0,48
time/coastal_t_s_h_part01,504,168,504:168,nmae,repeat,1.7714918047810595,1.4549590235886474,89.58333333333334,0.0,48
time/coastal_t_s_h_part01,504,168,504:168,mase,repeat,11.258388075977564,9.870549267468354,89.58333333333334,0.0,48
time/coastal_t_s_h_part01,504,168,504:168,mse,repeat,272.0885147302949,205.22651198293883,89.58333333333334,0.0,48
time/coastal_t_s_h_part01,504,168,504:168,mae,repeat,6.496347494530103,4.899637355149025,89.58333333333334,0.0,48
time/coastal_t_s_h_part01,504,168,504:168,nmse,repeat,12.830817519687116,12.041129843448289,89.58333333333334,0.0,48
time/coastal_t_s_h_part01,504,168,504:168,nmae,repeat,1.7714918047810595,1.4549593029854198,89.58333333333334,0.0,48
time/coastal_t_s_h_part01,504,168,504:168,mase,repeat,11.258388075977564,9.870550455370298,89.58333333333334,0.0,48
time/coastal_t_s_h_part01,504,168,504:168,mse,repeat,272.0885147302949,205.22651198293883,89.58333333333334,0.0,48
time/coastal_t_s_h_part01,504,168,504:168,mae,repeat,6.496347494530103,4.899637355149025,89.58333333333334,0.0,48
time/coastal_t_s_h_part01,504,168,504:168,nmse,repeat,12.830817519687116,12.041129843448289,89.58333333333334,0.0,48
time/coastal_t_s_h_part01,504,168,504:168,nmae,repeat,1.7714918047810595,1.4549593029854198,89.58333333333334,0.0,48
time/coastal_t_s_h_part01,504,168,504:168,mase,repeat,11.258388075977564,9.870550455370298,89.58333333333334,0.0,48
time/coastal_t_s_h_part02,168,24,168:24,mse,repeat,13.08451493521837,6.591816428216243,85.71428571428571,0.0,21
time/coastal_t_s_h_part02,168,24,168:24,mae,repeat,0.9651397936090472,0.6685848557722888,80.95238095238095,0.0,21
time/coastal_t_s_h_part02,168,24,168:24,nmse,repeat,1.7840843388722056,0.5894215083015817,85.71428571428571,0.0,21
time/coastal_t_s_h_part02,168,24,168:24,nmae,repeat,0.8735602412905011,0.5418431148642585,80.95238095238095,0.0,21
time/coastal_t_s_h_part02,168,24,168:24,mase,repeat,3.7711289695331027,2.205236640714464,80.95238095238095,0.0,21
time/coastal_t_s_h_part02,168,24,168:24,mse,repeat,13.08451493521837,6.591816428216243,85.71428571428571,0.0,21
time/coastal_t_s_h_part02,168,24,168:24,mae,repeat,0.9651397936090472,0.6685848557722888,80.95238095238095,0.0,21
time/coastal_t_s_h_part02,168,24,168:24,nmse,repeat,1.7840843388722056,0.5894215083015817,85.71428571428571,0.0,21
time/coastal_t_s_h_part02,168,24,168:24,nmae,repeat,0.8735602412905011,0.5418431148642585,80.95238095238095,0.0,21
time/coastal_t_s_h_part02,168,24,168:24,mase,repeat,3.7711289695331027,2.205236640714464,80.95238095238095,0.0,21
time/coastal_t_s_h_part02,168,24,168:24,mse,repeat,13.08451493521837,6.591815699830693,85.71428571428571,0.0,21
time/coastal_t_s_h_part02,168,24,168:24,mae,repeat,0.9651397936090472,0.6685848551846686,80.95238095238095,0.0,21
time/coastal_t_s_h_part02,168,24,168:24,nmse,repeat,1.7840843388722056,0.5894211765733504,85.71428571428571,0.0,21
time/coastal_t_s_h_part02,168,24,168:24,nmae,repeat,0.8735602412905011,0.5418429786250705,80.95238095238095,0.0,21
time/coastal_t_s_h_part02,168,24,168:24,mase,repeat,3.7711289695331027,2.205228254908607,80.95238095238095,0.0,21
time/coastal_t_s_h_part02,168,24,168:24,mse,repeat,13.08451493521837,6.591815699830693,85.71428571428571,0.0,21
time/coastal_t_s_h_part02,168,24,168:24,mae,repeat,0.9651397936090472,0.6685848551846686,80.95238095238095,0.0,21
time/coastal_t_s_h_part02,168,24,168:24,nmse,repeat,1.7840843388722056,0.5894211765733504,85.71428571428571,0.0,21
time/coastal_t_s_h_part02,168,24,168:24,nmae,repeat,0.8735602412905011,0.5418429786250705,80.95238095238095,0.0,21
time/coastal_t_s_h_part02,168,24,168:24,mase,repeat,3.7711289695331027,2.205228254908607,80.95238095238095,0.0,21
time/coastal_t_s_h_part02,336,48,336:48,mse,repeat,11.725500616253287,7.012861569525696,85.71428571428571,0.0,21
time/coastal_t_s_h_part02,336,48,336:48,mae,repeat,1.0226288719014043,0.7516239394123355,90.47619047619048,0.0,21
time/coastal_t_s_h_part02,336,48,336:48,nmse,repeat,2.450929187593006,1.9084780351702302,85.71428571428571,0.0,21
time/coastal_t_s_h_part02,336,48,336:48,nmae,repeat,1.2197439003558386,0.8955896393883795,90.47619047619048,0.0,21
time/coastal_t_s_h_part02,336,48,336:48,mase,repeat,5.493891982805161,4.284024413142886,90.47619047619048,0.0,21
time/coastal_t_s_h_part02,336,48,336:48,mse,repeat,11.725500616253287,7.012861569525696,85.71428571428571,0.0,21
time/coastal_t_s_h_part02,336,48,336:48,mae,repeat,1.0226288719014043,0.7516239394123355,90.47619047619048,0.0,21
time/coastal_t_s_h_part02,336,48,336:48,nmse,repeat,2.450929187593006,1.9084780351702302,85.71428571428571,0.0,21
time/coastal_t_s_h_part02,336,48,336:48,nmae,repeat,1.2197439003558386,0.8955896393883795,90.47619047619048,0.0,21
time/coastal_t_s_h_part02,336,48,336:48,mase,repeat,5.493891982805161,4.284024413142886,90.47619047619048,0.0,21
time/coastal_t_s_h_part02,336,48,336:48,mse,repeat,11.725500616253287,7.012861197332053,85.71428571428571,0.0,21
time/coastal_t_s_h_part02,336,48,336:48,mae,repeat,1.0226288719014043,0.7516239447341788,90.47619047619048,0.0,21
time/coastal_t_s_h_part02,336,48,336:48,nmse,repeat,2.450929187593006,1.9084749630474973,85.71428571428571,0.0,21
time/coastal_t_s_h_part02,336,48,336:48,nmae,repeat,1.2197439003558386,0.8955890153135572,90.47619047619048,0.0,21
time/coastal_t_s_h_part02,336,48,336:48,mase,repeat,5.493891982805161,4.2840145627657575,90.47619047619048,0.0,21
time/coastal_t_s_h_part02,336,48,336:48,mse,repeat,11.725500616253287,7.012861197332053,85.71428571428571,0.0,21
time/coastal_t_s_h_part02,336,48,336:48,mae,repeat,1.0226288719014043,0.7516239447341788,90.47619047619048,0.0,21
time/coastal_t_s_h_part02,336,48,336:48,nmse,repeat,2.450929187593006,1.9084749630474973,85.71428571428571,0.0,21
time/coastal_t_s_h_part02,336,48,336:48,nmae,repeat,1.2197439003558386,0.8955890153135572,90.47619047619048,0.0,21
time/coastal_t_s_h_part02,336,48,336:48,mase,repeat,5.493891982805161,4.2840145627657575,90.47619047619048,0.0,21
time/coastal_t_s_h_part02,504,168,504:168,mse,repeat,30.62392615691282,14.59888419682587,95.23809523809523,0.0,21
time/coastal_t_s_h_part02,504,168,504:168,mae,repeat,1.7941166662744112,1.0969000536771047,95.23809523809523,0.0,21
time/coastal_t_s_h_part02,504,168,504:168,nmse,repeat,3.4776597150734494,1.6399481202520074,95.23809523809523,0.0,21
time/coastal_t_s_h_part02,504,168,504:168,nmae,repeat,1.571434273606255,0.8865145764180592,95.23809523809523,0.0,21
time/coastal_t_s_h_part02,504,168,504:168,mase,repeat,8.521222279185341,5.001305818557739,95.23809523809523,0.0,21
time/coastal_t_s_h_part02,504,168,504:168,mse,repeat,30.62392615691282,14.59888419682587,95.23809523809523,0.0,21
time/coastal_t_s_h_part02,504,168,504:168,mae,repeat,1.7941166662744112,1.0969000536771047,95.23809523809523,0.0,21
time/coastal_t_s_h_part02,504,168,504:168,nmse,repeat,3.4776597150734494,1.6399481202520074,95.23809523809523,0.0,21
time/coastal_t_s_h_part02,504,168,504:168,nmae,repeat,1.571434273606255,0.8865145764180592,95.23809523809523,0.0,21
time/coastal_t_s_h_part02,504,168,504:168,mase,repeat,8.521222279185341,5.001305818557739,95.23809523809523,0.0,21
time/coastal_t_s_h_part02,504,168,504:168,mse,repeat,30.62392615691282,14.59888204597692,95.23809523809523,0.0,21
time/coastal_t_s_h_part02,504,168,504:168,mae,repeat,1.7941166662744112,1.096899976887341,95.23809523809523,0.0,21
time/coastal_t_s_h_part02,504,168,504:168,nmse,repeat,3.4776597150734494,1.6399417558596248,95.23809523809523,0.0,21
time/coastal_t_s_h_part02,504,168,504:168,nmae,repeat,1.571434273606255,0.8865128585270473,95.23809523809523,0.0,21
time/coastal_t_s_h_part02,504,168,504:168,mase,repeat,8.521222279185341,5.001297581763494,95.23809523809523,0.0,21
time/coastal_t_s_h_part02,504,168,504:168,mse,repeat,30.62392615691282,14.59888204597692,95.23809523809523,0.0,21
time/coastal_t_s_h_part02,504,168,504:168,mae,repeat,1.7941166662744112,1.096899976887341,95.23809523809523,0.0,21
time/coastal_t_s_h_part02,504,168,504:168,nmse,repeat,3.4776597150734494,1.6399417558596248,95.23809523809523,0.0,21
time/coastal_t_s_h_part02,504,168,504:168,nmae,repeat,1.571434273606255,0.8865128585270473,95.23809523809523,0.0,21
time/coastal_t_s_h_part02,504,168,504:168,mase,repeat,8.521222279185341,5.001297581763494,95.23809523809523,0.0,21
time/coastal_t_s_h_part03,168,24,168:24,mse,repeat,0.02959078908004033,0.005338797653599786,80.95238095238095,0.0,21
time/coastal_t_s_h_part03,168,24,168:24,mae,repeat,0.1097952529255833,0.04873120347924885,80.95238095238095,0.0,21
time/coastal_t_s_h_part03,168,24,168:24,nmse,repeat,0.5346958685134139,0.31985553655596005,80.95238095238095,0.0,21
time/coastal_t_s_h_part03,168,24,168:24,nmae,repeat,0.5422654151916504,0.3632445101227079,80.95238095238095,0.0,21
time/coastal_t_s_h_part03,168,24,168:24,mase,repeat,1.7021232360885257,1.2103477723541713,80.95238095238095,0.0,21
time/coastal_t_s_h_part03,168,24,168:24,mse,repeat,0.02959078908004033,0.005338797653599786,80.95238095238095,0.0,21
time/coastal_t_s_h_part03,168,24,168:24,mae,repeat,0.1097952529255833,0.04873120347924885,80.95238095238095,0.0,21
time/coastal_t_s_h_part03,168,24,168:24,nmse,repeat,0.5346958685134139,0.31985553655596005,80.95238095238095,0.0,21
time/coastal_t_s_h_part03,168,24,168:24,nmae,repeat,0.5422654151916504,0.3632445101227079,80.95238095238095,0.0,21
time/coastal_t_s_h_part03,168,24,168:24,mase,repeat,1.7021232360885257,1.2103477723541713,80.95238095238095,0.0,21
time/coastal_t_s_h_part03,168,24,168:24,mse,repeat,0.02959078908004033,0.0053388015503948,80.95238095238095,0.0,21
time/coastal_t_s_h_part03,168,24,168:24,mae,repeat,0.1097952529255833,0.04873121121809596,80.95238095238095,0.0,21
time/coastal_t_s_h_part03,168,24,168:24,nmse,repeat,0.5346958685134139,0.3198532796065722,80.95238095238095,0.0,21
time/coastal_t_s_h_part03,168,24,168:24,nmae,repeat,0.5422654151916504,0.363242816002596,80.95238095238095,0.0,21
time/coastal_t_s_h_part03,168,24,168:24,mase,repeat,1.7021232360885257,1.210339537688664,80.95238095238095,0.0,21
time/coastal_t_s_h_part03,168,24,168:24,mse,repeat,0.02959078908004033,0.0053388015503948,80.95238095238095,0.0,21
time/coastal_t_s_h_part03,168,24,168:24,mae,repeat,0.1097952529255833,0.04873121121809596,80.95238095238095,0.0,21
time/coastal_t_s_h_part03,168,24,168:24,nmse,repeat,0.5346958685134139,0.3198532796065722,80.95238095238095,0.0,21
time/coastal_t_s_h_part03,168,24,168:24,nmae,repeat,0.5422654151916504,0.363242816002596,80.95238095238095,0.0,21
time/coastal_t_s_h_part03,168,24,168:24,mase,repeat,1.7021232360885257,1.210339537688664,80.95238095238095,0.0,21
time/coastal_t_s_h_part03,336,48,336:48,mse,repeat,0.10918976920185655,0.019884310820738653,100.0,0.0,21
time/coastal_t_s_h_part03,336,48,336:48,mae,repeat,0.2111853720132439,0.07544959813267701,100.0,0.0,21
time/coastal_t_s_h_part03,336,48,336:48,nmse,repeat,1.2625350334814616,0.32939655475673224,100.0,0.0,21
time/coastal_t_s_h_part03,336,48,336:48,nmae,repeat,0.8093901347546351,0.3644724541476795,100.0,0.0,21
time/coastal_t_s_h_part03,336,48,336:48,mase,repeat,2.7718773172015236,1.3382112376746678,100.0,0.0,21
time/coastal_t_s_h_part03,336,48,336:48,mse,repeat,0.10918976920185655,0.019884310820738653,100.0,0.0,21
time/coastal_t_s_h_part03,336,48,336:48,mae,repeat,0.2111853720132439,0.07544959813267701,100.0,0.0,21
time/coastal_t_s_h_part03,336,48,336:48,nmse,repeat,1.2625350334814616,0.32939655475673224,100.0,0.0,21
time/coastal_t_s_h_part03,336,48,336:48,nmae,repeat,0.8093901347546351,0.3644724541476795,100.0,0.0,21
time/coastal_t_s_h_part03,336,48,336:48,mase,repeat,2.7718773172015236,1.3382112376746678,100.0,0.0,21
time/coastal_t_s_h_part03,336,48,336:48,mse,repeat,0.10918976920185655,0.01988430204593377,100.0,0.0,21
time/coastal_t_s_h_part03,336,48,336:48,mae,repeat,0.2111853720132439,0.0754495593497441,100.0,0.0,21
time/coastal_t_s_h_part03,336,48,336:48,nmse,repeat,1.2625350334814616,0.32939506357624415,100.0,0.0,21
time/coastal_t_s_h_part03,336,48,336:48,nmae,repeat,0.8093901347546351,0.3644720496875899,100.0,0.0,21
time/coastal_t_s_h_part03,336,48,336:48,mase,repeat,2.7718773172015236,1.3382106842029662,100.0,0.0,21
time/coastal_t_s_h_part03,336,48,336:48,mse,repeat,0.10918976920185655,0.01988430204593377,100.0,0.0,21
time/coastal_t_s_h_part03,336,48,336:48,mae,repeat,0.2111853720132439,0.0754495593497441,100.0,0.0,21
time/coastal_t_s_h_part03,336,48,336:48,nmse,repeat,1.2625350334814616,0.32939506357624415,100.0,0.0,21
time/coastal_t_s_h_part03,336,48,336:48,nmae,repeat,0.8093901347546351,0.3644720496875899,100.0,0.0,21
time/coastal_t_s_h_part03,336,48,336:48,mase,repeat,2.7718773172015236,1.3382106842029662,100.0,0.0,21
time/coastal_t_s_h_part03,504,168,504:168,mse,repeat,0.4709604029647178,0.06770786256311112,88.88888888888889,0.0,18
time/coastal_t_s_h_part03,504,168,504:168,mae,repeat,0.4669691961672571,0.17132176544206837,88.88888888888889,0.0,18
time/coastal_t_s_h_part03,504,168,504:168,nmse,repeat,3.296937602261702,1.879247122340732,88.88888888888889,0.0,18
time/coastal_t_s_h_part03,504,168,504:168,nmae,repeat,1.5013295246495142,0.8921380473507775,88.88888888888889,0.0,18
time/coastal_t_s_h_part03,504,168,504:168,mase,repeat,6.46590475903617,4.024015893538793,88.88888888888889,0.0,18
time/coastal_t_s_h_part03,504,168,504:168,mse,repeat,0.4709604029647178,0.06770786256311112,88.88888888888889,0.0,18
time/coastal_t_s_h_part03,504,168,504:168,mae,repeat,0.4669691961672571,0.17132176544206837,88.88888888888889,0.0,18
time/coastal_t_s_h_part03,504,168,504:168,nmse,repeat,3.296937602261702,1.879247122340732,88.88888888888889,0.0,18
time/coastal_t_s_h_part03,504,168,504:168,nmae,repeat,1.5013295246495142,0.8921380473507775,88.88888888888889,0.0,18
time/coastal_t_s_h_part03,504,168,504:168,mase,repeat,6.46590475903617,4.024015893538793,88.88888888888889,0.0,18
time/coastal_t_s_h_part03,504,168,504:168,mse,repeat,0.4709604029647178,0.06770786700710435,88.88888888888889,0.0,18
time/coastal_t_s_h_part03,504,168,504:168,mae,repeat,0.4669691961672571,0.1713217355362657,88.88888888888889,0.0,18
time/coastal_t_s_h_part03,504,168,504:168,nmse,repeat,3.296937602261702,1.8792390174542863,88.88888888888889,0.0,18
time/coastal_t_s_h_part03,504,168,504:168,nmae,repeat,1.5013295246495142,0.8921371098193858,88.88888888888889,0.0,18
time/coastal_t_s_h_part03,504,168,504:168,mase,repeat,6.46590475903617,4.024013933208254,88.88888888888889,0.0,18
time/coastal_t_s_h_part03,504,168,504:168,mse,repeat,0.4709604029647178,0.06770786700710435,88.88888888888889,0.0,18
time/coastal_t_s_h_part03,504,168,504:168,mae,repeat,0.4669691961672571,0.1713217355362657,88.88888888888889,0.0,18
time/coastal_t_s_h_part03,504,168,504:168,nmse,repeat,3.296937602261702,1.8792390174542863,88.88888888888889,0.0,18
time/coastal_t_s_h_part03,504,168,504:168,nmae,repeat,1.5013295246495142,0.8921371098193858,88.88888888888889,0.0,18
time/coastal_t_s_h_part03,504,168,504:168,mase,repeat,6.46590475903617,4.024013933208254,88.88888888888889,0.0,18
time/coastal_t_s_h_part04,168,24,168:24,mse,repeat,139.95157005389643,55.01648025651379,76.92307692307693,0.0,39
time/coastal_t_s_h_part04,168,24,168:24,mae,repeat,2.737946982232806,1.2803993039549544,76.92307692307693,0.0,39
time/coastal_t_s_h_part04,168,24,168:24,nmse,repeat,1.5166256275968362,0.6931575960158788,76.92307692307693,0.0,39
time/coastal_t_s_h_part04,168,24,168:24,nmae,repeat,0.837876774606486,0.535073114033693,76.92307692307693,0.0,39
time/coastal_t_s_h_part04,168,24,168:24,mase,repeat,2.0797328617758093,1.3378061631169074,76.92307692307693,0.0,39
time/coastal_t_s_h_part04,168,24,168:24,mse,repeat,139.95157005389643,55.01648025651379,76.92307692307693,0.0,39
time/coastal_t_s_h_part04,168,24,168:24,mae,repeat,2.737946982232806,1.2803993039549544,76.92307692307693,0.0,39
time/coastal_t_s_h_part04,168,24,168:24,nmse,repeat,1.5166256275968362,0.6931575960158788,76.92307692307693,0.0,39
time/coastal_t_s_h_part04,168,24,168:24,nmae,repeat,0.837876774606486,0.535073114033693,76.92307692307693,0.0,39
time/coastal_t_s_h_part04,168,24,168:24,mase,repeat,2.0797328617758093,1.3378061631169074,76.92307692307693,0.0,39
time/coastal_t_s_h_part04,168,24,168:24,mse,repeat,139.95157005580683,55.01648035025536,76.92307692307693,0.0,39
time/coastal_t_s_h_part04,168,24,168:24,mae,repeat,2.7379469902565083,1.2803993796070035,76.92307692307693,0.0,39
time/coastal_t_s_h_part04,168,24,168:24,nmse,repeat,1.5166256275976757,0.6931576767252782,76.92307692307693,0.0,39
time/coastal_t_s_h_part04,168,24,168:24,nmae,repeat,0.8378767747736464,0.535072864439243,76.92307692307693,0.0,39
time/coastal_t_s_h_part04,168,24,168:24,mase,repeat,2.0797328709457545,1.337806407839824,76.92307692307693,0.0,39
time/coastal_t_s_h_part04,168,24,168:24,mse,repeat,139.95157005580683,55.01648035025536,76.92307692307693,0.0,39
time/coastal_t_s_h_part04,168,24,168:24,mae,repeat,2.7379469902565083,1.2803993796070035,76.92307692307693,0.0,39
time/coastal_t_s_h_part04,168,24,168:24,nmse,repeat,1.5166256275976757,0.6931576767252782,76.92307692307693,0.0,39
time/coastal_t_s_h_part04,168,24,168:24,nmae,repeat,0.8378767747736464,0.535072864439243,76.92307692307693,0.0,39
time/coastal_t_s_h_part04,168,24,168:24,mase,repeat,2.0797328709457545,1.337806407839824,76.92307692307693,0.0,39
time/coastal_t_s_h_part04,336,48,336:48,mse,repeat,84.20472994244818,70.94649235672132,82.05128205128204,0.0,39
time/coastal_t_s_h_part04,336,48,336:48,mae,repeat,2.276580173522234,1.9211403134589393,82.05128205128204,0.0,39
time/coastal_t_s_h_part04,336,48,336:48,nmse,repeat,1.186994324355813,0.7016326482251036,82.05128205128204,0.0,39
time/coastal_t_s_h_part04,336,48,336:48,nmae,repeat,0.7312146429068003,0.5384907933572928,82.05128205128204,0.0,39
time/coastal_t_s_h_part04,336,48,336:48,mase,repeat,2.045926587894941,1.5773348577129536,82.05128205128204,0.0,39
time/coastal_t_s_h_part04,336,48,336:48,mse,repeat,84.20472994244818,70.94649235672132,82.05128205128204,0.0,39
time/coastal_t_s_h_part04,336,48,336:48,mae,repeat,2.276580173522234,1.9211403134589393,82.05128205128204,0.0,39
time/coastal_t_s_h_part04,336,48,336:48,nmse,repeat,1.186994324355813,0.7016326482251036,82.05128205128204,0.0,39
time/coastal_t_s_h_part04,336,48,336:48,nmae,repeat,0.7312146429068003,0.5384907933572928,82.05128205128204,0.0,39
time/coastal_t_s_h_part04,336,48,336:48,mase,repeat,2.045926587894941,1.5773348577129536,82.05128205128204,0.0,39
time/coastal_t_s_h_part04,336,48,336:48,mse,repeat,84.20472680021358,70.94652632452274,82.05128205128204,0.0,39
time/coastal_t_s_h_part04,336,48,336:48,mae,repeat,2.276580167408937,1.921140583136525,82.05128205128204,0.0,39
time/coastal_t_s_h_part04,336,48,336:48,nmse,repeat,1.186994323591651,0.7016330459099174,82.05128205128204,0.0,39
time/coastal_t_s_h_part04,336,48,336:48,nmae,repeat,0.731214641378476,0.5384909352526451,82.05128205128204,0.0,39
time/coastal_t_s_h_part04,336,48,336:48,mase,repeat,2.045926587894941,1.5773352220272407,82.05128205128204,0.0,39
time/coastal_t_s_h_part04,336,48,336:48,mse,repeat,84.20472680021358,70.94652632452274,82.05128205128204,0.0,39
time/coastal_t_s_h_part04,336,48,336:48,mae,repeat,2.276580167408937,1.921140583136525,82.05128205128204,0.0,39
time/coastal_t_s_h_part04,336,48,336:48,nmse,repeat,1.186994323591651,0.7016330459099174,82.05128205128204,0.0,39
time/coastal_t_s_h_part04,336,48,336:48,nmae,repeat,0.731214641378476,0.5384909352526451,82.05128205128204,0.0,39
time/coastal_t_s_h_part04,336,48,336:48,mase,repeat,2.045926587894941,1.5773352220272407,82.05128205128204,0.0,39
time/coastal_t_s_h_part04,504,168,504:168,mse,repeat,202.78044443782872,231.12528748398958,80.55555555555556,0.0,36
time/coastal_t_s_h_part04,504,168,504:168,mae,repeat,3.982850197185245,4.058539626447277,83.33333333333334,0.0,36
time/coastal_t_s_h_part04,504,168,504:168,nmse,repeat,32.691901859736795,31.879073098334224,80.55555555555556,0.0,36
time/coastal_t_s_h_part04,504,168,504:168,nmae,repeat,1.6800396903935406,1.3950884645390842,83.33333333333334,0.0,36
time/coastal_t_s_h_part04,504,168,504:168,mase,repeat,5.867046114471224,4.998300611972809,83.33333333333334,0.0,36
time/coastal_t_s_h_part04,504,168,504:168,mse,repeat,202.78044443782872,231.12528748398958,80.55555555555556,0.0,36
time/coastal_t_s_h_part04,504,168,504:168,mae,repeat,3.982850197185245,4.058539626447277,83.33333333333334,0.0,36
time/coastal_t_s_h_part04,504,168,504:168,nmse,repeat,32.691901859736795,31.879073098334224,80.55555555555556,0.0,36
time/coastal_t_s_h_part04,504,168,504:168,nmae,repeat,1.6800396903935406,1.3950884645390842,83.33333333333334,0.0,36
time/coastal_t_s_h_part04,504,168,504:168,mase,repeat,5.867046114471224,4.998300611972809,83.33333333333334,0.0,36
time/coastal_t_s_h_part04,504,168,504:168,mse,repeat,202.7804410668549,231.12528620705902,80.55555555555556,0.0,36
time/coastal_t_s_h_part04,504,168,504:168,mae,repeat,3.982850203807983,4.058539606475581,83.33333333333334,0.0,36
time/coastal_t_s_h_part04,504,168,504:168,nmse,repeat,32.691901859746494,31.879075503086725,80.55555555555556,0.0,36
time/coastal_t_s_h_part04,504,168,504:168,nmae,repeat,1.680039690497021,1.3950887971247237,83.33333333333334,0.0,36
time/coastal_t_s_h_part04,504,168,504:168,mase,repeat,5.867046121093962,4.998301030861007,83.33333333333334,0.0,36
time/coastal_t_s_h_part04,504,168,504:168,mse,repeat,202.7804410668549,231.12528620705902,80.55555555555556,0.0,36
time/coastal_t_s_h_part04,504,168,504:168,mae,repeat,3.982850203807983,4.058539606475581,83.33333333333334,0.0,36
time/coastal_t_s_h_part04,504,168,504:168,nmse,repeat,32.691901859746494,31.879075503086725,80.55555555555556,0.0,36
time/coastal_t_s_h_part04,504,168,504:168,nmae,repeat,1.680039690497021,1.3950887971247237,83.33333333333334,0.0,36
time/coastal_t_s_h_part04,504,168,504:168,mase,repeat,5.867046121093962,4.998301030861007,83.33333333333334,0.0,36
time/coastal_t_s_h_part05,168,24,168:24,mse,repeat,0.3922220387478144,0.2696556758086305,71.7948717948718,0.0,39
time/coastal_t_s_h_part05,168,24,168:24,mae,repeat,0.34392568607551927,0.25430568290922123,79.48717948717949,0.0,39
time/coastal_t_s_h_part05,168,24,168:24,nmse,repeat,0.9761841088161768,0.7836237279489302,71.7948717948718,0.0,39
time/coastal_t_s_h_part05,168,24,168:24,nmae,repeat,0.6902240221508038,0.5353311815131934,79.48717948717949,0.0,39
time/coastal_t_s_h_part05,168,24,168:24,mase,repeat,1.481077803633152,1.1347081372753167,79.48717948717949,0.0,39
time/coastal_t_s_h_part05,168,24,168:24,mse,repeat,0.3922220387478144,0.2696556758086305,71.7948717948718,0.0,39
time/coastal_t_s_h_part05,168,24,168:24,mae,repeat,0.34392568607551927,0.25430568290922123,79.48717948717949,0.0,39
time/coastal_t_s_h_part05,168,24,168:24,nmse,repeat,0.9761841088161768,0.7836237279489302,71.7948717948718,0.0,39
time/coastal_t_s_h_part05,168,24,168:24,nmae,repeat,0.6902240221508038,0.5353311815131934,79.48717948717949,0.0,39
time/coastal_t_s_h_part05,168,24,168:24,mase,repeat,1.481077803633152,1.1347081372753167,79.48717948717949,0.0,39
time/coastal_t_s_h_part05,168,24,168:24,mse,repeat,0.3922220387478144,0.2696556970506954,71.7948717948718,0.0,39
time/coastal_t_s_h_part05,168,24,168:24,mae,repeat,0.34392568607551927,0.2543057465734772,79.48717948717949,0.0,39
time/coastal_t_s_h_part05,168,24,168:24,nmse,repeat,0.9761841088161768,0.7836240925885832,71.7948717948718,0.0,39
time/coastal_t_s_h_part05,168,24,168:24,nmae,repeat,0.6902240221508038,0.5353314440983993,79.48717948717949,0.0,39
time/coastal_t_s_h_part05,168,24,168:24,mase,repeat,1.481077803633152,1.1347086798304167,79.48717948717949,0.0,39
time/coastal_t_s_h_part05,168,24,168:24,mse,repeat,0.3922220387478144,0.2696556970506954,71.7948717948718,0.0,39
time/coastal_t_s_h_part05,168,24,168:24,mae,repeat,0.34392568607551927,0.2543057465734772,79.48717948717949,0.0,39
time/coastal_t_s_h_part05,168,24,168:24,nmse,repeat,0.9761841088161768,0.7836240925885832,71.7948717948718,0.0,39
time/coastal_t_s_h_part05,168,24,168:24,nmae,repeat,0.6902240221508038,0.5353314440983993,79.48717948717949,0.0,39
time/coastal_t_s_h_part05,168,24,168:24,mase,repeat,1.481077803633152,1.1347086798304167,79.48717948717949,0.0,39
time/coastal_t_s_h_part05,336,48,336:48,mse,repeat,0.7977126384816634,0.2821527095959307,97.43589743589743,0.0,39
time/coastal_t_s_h_part05,336,48,336:48,mae,repeat,0.48968007472845226,0.3005365748436023,97.43589743589743,0.0,39
time/coastal_t_s_h_part05,336,48,336:48,nmse,repeat,1.2707992876187348,0.5538510929625959,97.43589743589743,0.0,39
time/coastal_t_s_h_part05,336,48,336:48,nmae,repeat,0.8684831024744571,0.5433551056835896,97.43589743589743,0.0,39
time/coastal_t_s_h_part05,336,48,336:48,mase,repeat,2.0276757111916175,1.2624355936661744,97.43589743589743,0.0,39
time/coastal_t_s_h_part05,336,48,336:48,mse,repeat,0.7977126384816634,0.2821527095959307,97.43589743589743,0.0,39
time/coastal_t_s_h_part05,336,48,336:48,mae,repeat,0.48968007472845226,0.3005365748436023,97.43589743589743,0.0,39
time/coastal_t_s_h_part05,336,48,336:48,nmse,repeat,1.2707992876187348,0.5538510929625959,97.43589743589743,0.0,39
time/coastal_t_s_h_part05,336,48,336:48,nmae,repeat,0.8684831024744571,0.5433551056835896,97.43589743589743,0.0,39
time/coastal_t_s_h_part05,336,48,336:48,mase,repeat,2.0276757111916175,1.2624355936661744,97.43589743589743,0.0,39
time/coastal_t_s_h_part05,336,48,336:48,mse,repeat,0.7977126384816634,0.2821526619865416,97.43589743589743,0.0,39
time/coastal_t_s_h_part05,336,48,336:48,mae,repeat,0.48968007472845226,0.30053650821821815,97.43589743589743,0.0,39
time/coastal_t_s_h_part05,336,48,336:48,nmse,repeat,1.2707992876187348,0.5538515562716967,97.43589743589743,0.0,39
time/coastal_t_s_h_part05,336,48,336:48,nmae,repeat,0.8684831024744571,0.5433553677911942,97.43589743589743,0.0,39
time/coastal_t_s_h_part05,336,48,336:48,mase,repeat,2.0276757111916175,1.2624358229148083,97.43589743589743,0.0,39
time/coastal_t_s_h_part05,336,48,336:48,mse,repeat,0.7977126384816634,0.2821526619865416,97.43589743589743,0.0,39
time/coastal_t_s_h_part05,336,48,336:48,mae,repeat,0.48968007472845226,0.30053650821821815,97.43589743589743,0.0,39
time/coastal_t_s_h_part05,336,48,336:48,nmse,repeat,1.2707992876187348,0.5538515562716967,97.43589743589743,0.0,39
time/coastal_t_s_h_part05,336,48,336:48,nmae,repeat,0.8684831024744571,0.5433553677911942,97.43589743589743,0.0,39
time/coastal_t_s_h_part05,336,48,336:48,mase,repeat,2.0276757111916175,1.2624358229148083,97.43589743589743,0.0,39
time/coastal_t_s_h_part05,504,168,504:168,mse,repeat,2.278282989456784,1.7495728936531425,94.44444444444444,0.0,36
time/coastal_t_s_h_part05,504,168,504:168,mae,repeat,0.7568565450815691,0.5211959921030535,91.66666666666666,0.0,36
time/coastal_t_s_h_part05,504,168,504:168,nmse,repeat,5.216703715785924,3.999751601536344,94.44444444444444,0.0,36
time/coastal_t_s_h_part05,504,168,504:168,nmae,repeat,1.3367051117950015,0.9263474430061049,91.66666666666666,0.0,36
time/coastal_t_s_h_part05,504,168,504:168,mase,repeat,3.2425988482104406,2.164842360549503,91.66666666666666,0.0,36
time/coastal_t_s_h_part05,504,168,504:168,mse,repeat,2.278282989456784,1.7495728936531425,94.44444444444444,0.0,36
time/coastal_t_s_h_part05,504,168,504:168,mae,repeat,0.7568565450815691,0.5211959921030535,91.66666666666666,0.0,36
time/coastal_t_s_h_part05,504,168,504:168,nmse,repeat,5.216703715785924,3.999751601536344,94.44444444444444,0.0,36
time/coastal_t_s_h_part05,504,168,504:168,nmae,repeat,1.3367051117950015,0.9263474430061049,91.66666666666666,0.0,36
time/coastal_t_s_h_part05,504,168,504:168,mase,repeat,3.2425988482104406,2.164842360549503,91.66666666666666,0.0,36
time/coastal_t_s_h_part05,504,168,504:168,mse,repeat,2.278282989456784,1.7495729365909938,94.44444444444444,0.0,36
time/coastal_t_s_h_part05,504,168,504:168,mae,repeat,0.7568565450815691,0.5211959955179029,91.66666666666666,0.0,36
time/coastal_t_s_h_part05,504,168,504:168,nmse,repeat,5.216703715785924,3.9997505378236786,94.44444444444444,0.0,36
time/coastal_t_s_h_part05,504,168,504:168,nmae,repeat,1.3367051117950015,0.9263471263564296,91.66666666666666,0.0,36
time/coastal_t_s_h_part05,504,168,504:168,mase,repeat,3.2425988482104406,2.1648415194617376,91.66666666666666,0.0,36
time/coastal_t_s_h_part05,504,168,504:168,mse,repeat,2.278282989456784,1.7495729365909938,94.44444444444444,0.0,36
time/coastal_t_s_h_part05,504,168,504:168,mae,repeat,0.7568565450815691,0.5211959955179029,91.66666666666666,0.0,36
time/coastal_t_s_h_part05,504,168,504:168,nmse,repeat,5.216703715785924,3.9997505378236786,94.44444444444444,0.0,36
time/coastal_t_s_h_part05,504,168,504:168,nmae,repeat,1.3367051117950015,0.9263471263564296,91.66666666666666,0.0,36
time/coastal_t_s_h_part05,504,168,504:168,mase,repeat,3.2425988482104406,2.1648415194617376,91.66666666666666,0.0,36
time/coastal_t_s_h_part06,168,24,168:24,mse,repeat,0.03183287070472337,0.013167477512026727,52.38095238095239,0.0,21
time/coastal_t_s_h_part06,168,24,168:24,mae,repeat,0.11064568112072136,0.07264239647026573,52.38095238095239,0.0,21
time/coastal_t_s_h_part06,168,24,168:24,nmse,repeat,0.378961826985081,0.3981940434092567,52.38095238095239,0.0,21
time/coastal_t_s_h_part06,168,24,168:24,nmae,repeat,0.43019833806015195,0.3943986431473777,52.38095238095239,0.0,21
time/coastal_t_s_h_part06,168,24,168:24,mase,repeat,1.4317692206019448,1.3361734790461404,52.38095238095239,0.0,21
time/coastal_t_s_h_part06,168,24,168:24,mse,repeat,0.03183287070472337,0.013167477512026727,52.38095238095239,0.0,21
time/coastal_t_s_h_part06,168,24,168:24,mae,repeat,0.11064568112072136,0.07264239647026573,52.38095238095239,0.0,21
time/coastal_t_s_h_part06,168,24,168:24,nmse,repeat,0.378961826985081,0.3981940434092567,52.38095238095239,0.0,21
time/coastal_t_s_h_part06,168,24,168:24,nmae,repeat,0.43019833806015195,0.3943986431473777,52.38095238095239,0.0,21
time/coastal_t_s_h_part06,168,24,168:24,mase,repeat,1.4317692206019448,1.3361734790461404,52.38095238095239,0.0,21
time/coastal_t_s_h_part06,168,24,168:24,mse,repeat,0.03183287070472337,0.013167487908720518,52.38095238095239,0.0,21
time/coastal_t_s_h_part06,168,24,168:24,mae,repeat,0.11064568112072136,0.07264240775146477,52.38095238095239,0.0,21
time/coastal_t_s_h_part06,168,24,168:24,nmse,repeat,0.378961826985081,0.39819677653057234,52.38095238095239,0.0,21
time/coastal_t_s_h_part06,168,24,168:24,nmae,repeat,0.43019833806015195,0.39439863924469265,52.38095238095239,0.0,21
time/coastal_t_s_h_part06,168,24,168:24,mase,repeat,1.4317692206019448,1.336173334292003,52.38095238095239,0.0,21
time/coastal_t_s_h_part06,168,24,168:24,mse,repeat,0.03183287070472337,0.013167487908720518,52.38095238095239,0.0,21
time/coastal_t_s_h_part06,168,24,168:24,mae,repeat,0.11064568112072136,0.07264240775146477,52.38095238095239,0.0,21
time/coastal_t_s_h_part06,168,24,168:24,nmse,repeat,0.378961826985081,0.39819677653057234,52.38095238095239,0.0,21
time/coastal_t_s_h_part06,168,24,168:24,nmae,repeat,0.43019833806015195,0.39439863924469265,52.38095238095239,0.0,21
time/coastal_t_s_h_part06,168,24,168:24,mase,repeat,1.4317692206019448,1.336173334292003,52.38095238095239,0.0,21
time/coastal_t_s_h_part06,336,48,336:48,mse,repeat,0.11452701875324627,0.03982506856915452,85.71428571428571,0.0,21
time/coastal_t_s_h_part06,336,48,336:48,mae,repeat,0.21979965180868194,0.11326409366336607,85.71428571428571,0.0,21
time/coastal_t_s_h_part06,336,48,336:48,nmse,repeat,1.1428657280547279,0.6659196044007937,85.71428571428571,0.0,21
time/coastal_t_s_h_part06,336,48,336:48,nmae,repeat,0.8061078531401498,0.515125664571921,85.71428571428571,0.0,21
time/coastal_t_s_h_part06,336,48,336:48,mase,repeat,3.481390328634353,2.331537636972609,85.71428571428571,0.0,21
time/coastal_t_s_h_part06,336,48,336:48,mse,repeat,0.11452701875324627,0.03982506856915452,85.71428571428571,0.0,21
time/coastal_t_s_h_part06,336,48,336:48,mae,repeat,0.21979965180868194,0.11326409366336607,85.71428571428571,0.0,21
time/coastal_t_s_h_part06,336,48,336:48,nmse,repeat,1.1428657280547279,0.6659196044007937,85.71428571428571,0.0,21
time/coastal_t_s_h_part06,336,48,336:48,nmae,repeat,0.8061078531401498,0.515125664571921,85.71428571428571,0.0,21
time/coastal_t_s_h_part06,336,48,336:48,mase,repeat,3.481390328634353,2.331537636972609,85.71428571428571,0.0,21
time/coastal_t_s_h_part06,336,48,336:48,mse,repeat,0.11452701875324627,0.0398250937100134,85.71428571428571,0.0,21
time/coastal_t_s_h_part06,336,48,336:48,mae,repeat,0.21979965180868194,0.11326416404474349,85.71428571428571,0.0,21
time/coastal_t_s_h_part06,336,48,336:48,nmse,repeat,1.1428657280547279,0.6659236125470627,85.71428571428571,0.0,21
time/coastal_t_s_h_part06,336,48,336:48,nmae,repeat,0.8061078531401498,0.5151268470854986,85.71428571428571,0.0,21
time/coastal_t_s_h_part06,336,48,336:48,mase,repeat,3.481390328634353,2.3315458056472598,85.71428571428571,0.0,21
time/coastal_t_s_h_part06,336,48,336:48,mse,repeat,0.11452701875324627,0.0398250937100134,85.71428571428571,0.0,21
time/coastal_t_s_h_part06,336,48,336:48,mae,repeat,0.21979965180868194,0.11326416404474349,85.71428571428571,0.0,21
time/coastal_t_s_h_part06,336,48,336:48,nmse,repeat,1.1428657280547279,0.6659236125470627,85.71428571428571,0.0,21
time/coastal_t_s_h_part06,336,48,336:48,nmae,repeat,0.8061078531401498,0.5151268470854986,85.71428571428571,0.0,21
time/coastal_t_s_h_part06,336,48,336:48,mase,repeat,3.481390328634353,2.3315458056472598,85.71428571428571,0.0,21
time/coastal_t_s_h_part06,504,168,504:168,mse,repeat,0.4937072417750541,0.07537025411147624,100.0,0.0,18
time/coastal_t_s_h_part06,504,168,504:168,mae,repeat,0.466985356890493,0.168030580609209,100.0,0.0,18
time/coastal_t_s_h_part06,504,168,504:168,nmse,repeat,2.7306399908330707,0.7228745180699561,100.0,0.0,18
time/coastal_t_s_h_part06,504,168,504:168,nmae,repeat,1.3694182303216722,0.6239093409644233,100.0,0.0,18
time/coastal_t_s_h_part06,504,168,504:168,mase,repeat,6.945751786231995,3.2343266904354095,100.0,0.0,18
time/coastal_t_s_h_part06,504,168,504:168,mse,repeat,0.4937072417750541,0.07537025411147624,100.0,0.0,18
time/coastal_t_s_h_part06,504,168,504:168,mae,repeat,0.466985356890493,0.168030580609209,100.0,0.0,18
time/coastal_t_s_h_part06,504,168,504:168,nmse,repeat,2.7306399908330707,0.7228745180699561,100.0,0.0,18
time/coastal_t_s_h_part06,504,168,504:168,nmae,repeat,1.3694182303216722,0.6239093409644233,100.0,0.0,18
time/coastal_t_s_h_part06,504,168,504:168,mase,repeat,6.945751786231995,3.2343266904354095,100.0,0.0,18
time/coastal_t_s_h_part06,504,168,504:168,mse,repeat,0.4937072417750541,0.07537023952722342,100.0,0.0,18
time/coastal_t_s_h_part06,504,168,504:168,mae,repeat,0.466985356890493,0.16803058174749216,100.0,0.0,18
time/coastal_t_s_h_part06,504,168,504:168,nmse,repeat,2.7306399908330707,0.7228759220904775,100.0,0.0,18
time/coastal_t_s_h_part06,504,168,504:168,nmae,repeat,1.3694182303216722,0.6239095942841636,100.0,0.0,18
time/coastal_t_s_h_part06,504,168,504:168,mase,repeat,6.945751786231995,3.234326892428928,100.0,0.0,18
time/coastal_t_s_h_part06,504,168,504:168,mse,repeat,0.4937072417750541,0.07537023952722342,100.0,0.0,18
time/coastal_t_s_h_part06,504,168,504:168,mae,repeat,0.466985356890493,0.16803058174749216,100.0,0.0,18
time/coastal_t_s_h_part06,504,168,504:168,nmse,repeat,2.7306399908330707,0.7228759220904775,100.0,0.0,18
time/coastal_t_s_h_part06,504,168,504:168,nmae,repeat,1.3694182303216722,0.6239095942841636,100.0,0.0,18
time/coastal_t_s_h_part06,504,168,504:168,mase,repeat,6.945751786231995,3.234326892428928,100.0,0.0,18
time/coastal_t_s_h_part07,168,24,168:24,mse,repeat,0.050533583094268884,0.05084737337545215,45.45454545454545,27.27272727272727,33
time/coastal_t_s_h_part07,168,24,168:24,mae,repeat,0.04561261815780943,0.04162476047878789,48.484848484848484,27.27272727272727,33
time/coastal_t_s_h_part07,168,24,168:24,nmse,repeat,469850849295887.9,469850849295887.75,45.45454545454545,27.27272727272727,33
time/coastal_t_s_h_part07,168,24,168:24,nmae,repeat,1691855.8046270956,1691855.744082587,48.484848484848484,27.27272727272727,33
time/coastal_t_s_h_part07,168,24,168:24,mase,repeat,1691856.5563561537,1691856.3531557114,48.484848484848484,27.27272727272727,33
time/coastal_t_s_h_part07,168,24,168:24,mse,repeat,0.004879185759212608,0.005310639758509428,62.5,0.0,24
time/coastal_t_s_h_part07,168,24,168:24,mae,repeat,0.03945433759751419,0.03397101741757069,66.66666666666666,0.0,24
time/coastal_t_s_h_part07,168,24,168:24,nmse,repeat,0.4968468321797748,0.3705189407501166,62.5,0.0,24
time/coastal_t_s_h_part07,168,24,168:24,nmae,repeat,0.48136225653191406,0.3981135269083704,66.66666666666666,0.0,24
time/coastal_t_s_h_part07,168,24,168:24,mase,repeat,1.514989711344242,1.2355889029956113,66.66666666666666,0.0,24
time/coastal_t_s_h_part07,168,24,168:24,mse,repeat,0.050533583094268884,0.05084735969574406,45.45454545454545,27.27272727272727,33
time/coastal_t_s_h_part07,168,24,168:24,mae,repeat,0.04561261815780943,0.04162472689825914,48.484848484848484,27.27272727272727,33
time/coastal_t_s_h_part07,168,24,168:24,nmse,repeat,469850849295887.9,469850849295887.75,45.45454545454545,27.27272727272727,33
time/coastal_t_s_h_part07,168,24,168:24,nmae,repeat,1691855.8046270956,1691855.7440822884,48.484848484848484,27.27272727272727,33
time/coastal_t_s_h_part07,168,24,168:24,mase,repeat,1691856.5563561537,1691856.353155562,48.484848484848484,27.27272727272727,33
time/coastal_t_s_h_part07,168,24,168:24,mse,repeat,0.004879185759212608,0.005310614897879133,62.5,0.0,24
time/coastal_t_s_h_part07,168,24,168:24,mae,repeat,0.03945433759751419,0.03397097650486103,66.66666666666666,0.0,24
time/coastal_t_s_h_part07,168,24,168:24,nmse,repeat,0.4968468321797748,0.3705200284548482,62.5,0.0,24
time/coastal_t_s_h_part07,168,24,168:24,nmae,repeat,0.48136225653191406,0.398113122714373,66.66666666666666,0.0,24
time/coastal_t_s_h_part07,168,24,168:24,mase,repeat,1.514989711344242,1.2355887528974563,66.66666666666666,0.0,24
time/coastal_t_s_h_part07,336,48,336:48,mse,repeat,0.010997596155599846,0.006090666319528385,56.666666666666664,20.0,30
time/coastal_t_s_h_part07,336,48,336:48,mae,repeat,0.048296741054703794,0.03602876929156385,60.0,20.0,30
time/coastal_t_s_h_part07,336,48,336:48,nmse,repeat,0.8055831240024418,0.37231258767048225,56.666666666666664,20.0,30
time/coastal_t_s_h_part07,336,48,336:48,nmae,repeat,0.5074227042496204,0.3484196490821584,60.0,20.0,30
time/coastal_t_s_h_part07,336,48,336:48,mase,repeat,1.8397989829381307,1.3422622722728799,60.0,20.0,30
time/coastal_t_s_h_part07,336,48,336:48,mse,repeat,0.013746995194499808,0.007613333308076768,70.83333333333334,0.0,24
time/coastal_t_s_h_part07,336,48,336:48,mae,repeat,0.06037092631837974,0.04503596452483786,75.0,0.0,24
time/coastal_t_s_h_part07,336,48,336:48,nmse,repeat,1.0069789050030522,0.46539126974933726,70.83333333333334,0.0,24
time/coastal_t_s_h_part07,336,48,336:48,nmae,repeat,0.6342783803120255,0.43552473566523986,75.0,0.0,24
time/coastal_t_s_h_part07,336,48,336:48,mase,repeat,2.2997487286726632,1.677828282408882,75.0,0.0,24
time/coastal_t_s_h_part07,336,48,336:48,mse,repeat,0.010997596155599846,0.006090672792462811,56.666666666666664,20.0,30
time/coastal_t_s_h_part07,336,48,336:48,mae,repeat,0.048296741054703794,0.0360288118840496,60.0,20.0,30
time/coastal_t_s_h_part07,336,48,336:48,nmse,repeat,0.8055831240024418,0.3723163204113613,56.666666666666664,20.0,30
time/coastal_t_s_h_part07,336,48,336:48,nmae,repeat,0.5074227042496204,0.3484210515297794,60.0,20.0,30
time/coastal_t_s_h_part07,336,48,336:48,mase,repeat,1.8397989829381307,1.342268610233441,60.0,20.0,30
time/coastal_t_s_h_part07,336,48,336:48,mse,repeat,0.013746995194499808,0.007613340684988294,70.83333333333334,0.0,24
time/coastal_t_s_h_part07,336,48,336:48,mae,repeat,0.06037092631837974,0.04503601039247466,75.0,0.0,24
time/coastal_t_s_h_part07,336,48,336:48,nmse,repeat,1.0069789050030522,0.46539517913106465,70.83333333333334,0.0,24
time/coastal_t_s_h_part07,336,48,336:48,nmae,repeat,0.6342783803120255,0.4355261754899402,75.0,0.0,24
time/coastal_t_s_h_part07,336,48,336:48,mase,repeat,2.2997487286726632,1.6778352015147295,75.0,0.0,24
time/coastal_t_s_h_part07,504,168,504:168,mse,repeat,0.06763169920886866,0.04154489458288433,50.0,20.0,30
time/coastal_t_s_h_part07,504,168,504:168,mae,repeat,0.12395823479940495,0.09057105765362697,50.0,20.0,30
time/coastal_t_s_h_part07,504,168,504:168,nmse,repeat,1.1475364789366722,0.7745382927204446,50.0,20.0,30
time/coastal_t_s_h_part07,504,168,504:168,nmae,repeat,0.703336256245772,0.49705533675539,50.0,20.0,30
time/coastal_t_s_h_part07,504,168,504:168,mase,repeat,4.392643165588379,3.460625527659431,50.0,20.0,30
time/coastal_t_s_h_part07,504,168,504:168,mse,repeat,0.08453962401108583,0.05193111653939006,62.5,0.0,24
time/coastal_t_s_h_part07,504,168,504:168,mae,repeat,0.15494779349925616,0.11321382383327243,62.5,0.0,24
time/coastal_t_s_h_part07,504,168,504:168,nmse,repeat,1.4344205986708403,0.9681727956272729,62.5,0.0,24
time/coastal_t_s_h_part07,504,168,504:168,nmae,repeat,0.8791703203072151,0.6213192361125645,62.5,0.0,24
time/coastal_t_s_h_part07,504,168,504:168,mase,repeat,5.490803956985474,4.325782134430483,62.5,0.0,24
time/coastal_t_s_h_part07,504,168,504:168,mse,repeat,0.06763169920886866,0.04154492563882033,50.0,20.0,30
time/coastal_t_s_h_part07,504,168,504:168,mae,repeat,0.12395823479940495,0.09057111946409956,50.0,20.0,30
time/coastal_t_s_h_part07,504,168,504:168,nmse,repeat,1.1475364789366722,0.774544852070115,50.0,20.0,30
time/coastal_t_s_h_part07,504,168,504:168,nmae,repeat,0.703336256245772,0.4970560830901377,50.0,20.0,30
time/coastal_t_s_h_part07,504,168,504:168,mase,repeat,4.392643165588379,3.460633605578914,50.0,20.0,30
time/coastal_t_s_h_part07,504,168,504:168,mse,repeat,0.08453962401108583,0.05193116819245031,62.5,0.0,24
time/coastal_t_s_h_part07,504,168,504:168,mae,repeat,0.15494779349925616,0.1132139090362519,62.5,0.0,24
time/coastal_t_s_h_part07,504,168,504:168,nmse,repeat,1.4344205986708403,0.9681811300977188,62.5,0.0,24
time/coastal_t_s_h_part07,504,168,504:168,nmae,repeat,0.8791703203072151,0.6213201312590778,62.5,0.0,24
time/coastal_t_s_h_part07,504,168,504:168,mase,repeat,5.490803956985474,4.325792213727254,62.5,0.0,24
time/coastal_t_s_h_part08,168,24,168:24,mse,repeat,185.90908322483565,90.95798255028168,100.0,0.0,33
time/coastal_t_s_h_part08,168,24,168:24,mae,repeat,6.351577950020631,4.521199294055502,96.96969696969697,0.0,33
time/coastal_t_s_h_part08,168,24,168:24,nmse,repeat,2.2933322462168606,1.2822971605893336,100.0,0.0,33
time/coastal_t_s_h_part08,168,24,168:24,nmae,repeat,1.2144617636998494,0.898144728306568,96.96969696969697,0.0,33
time/coastal_t_s_h_part08,168,24,168:24,mase,repeat,1.7459091887329563,1.2846921754605842,96.96969696969697,0.0,33
time/coastal_t_s_h_part08,168,24,168:24,mse,repeat,185.90908322483565,90.95798255028168,100.0,0.0,33
time/coastal_t_s_h_part08,168,24,168:24,mae,repeat,6.351577950020631,4.521199294055502,96.96969696969697,0.0,33
time/coastal_t_s_h_part08,168,24,168:24,nmse,repeat,2.2933322462168606,1.2822971605893336,100.0,0.0,33
time/coastal_t_s_h_part08,168,24,168:24,nmae,repeat,1.2144617636998494,0.898144728306568,96.96969696969697,0.0,33
time/coastal_t_s_h_part08,168,24,168:24,mase,repeat,1.7459091887329563,1.2846921754605842,96.96969696969697,0.0,33
time/coastal_t_s_h_part08,168,24,168:24,mse,repeat,185.90908322483565,90.95798162066257,100.0,0.0,33
time/coastal_t_s_h_part08,168,24,168:24,mae,repeat,6.351577950020631,4.5211992032374395,96.96969696969697,0.0,33
time/coastal_t_s_h_part08,168,24,168:24,nmse,repeat,2.2933322462168606,1.2822942119656187,100.0,0.0,33
time/coastal_t_s_h_part08,168,24,168:24,nmae,repeat,1.2144617636998494,0.8981438676516215,96.96969696969697,0.0,33
time/coastal_t_s_h_part08,168,24,168:24,mase,repeat,1.7459091887329563,1.2846911964994487,96.96969696969697,0.0,33
time/coastal_t_s_h_part08,168,24,168:24,mse,repeat,185.90908322483565,90.95798162066257,100.0,0.0,33
time/coastal_t_s_h_part08,168,24,168:24,mae,repeat,6.351577950020631,4.5211992032374395,96.96969696969697,0.0,33
time/coastal_t_s_h_part08,168,24,168:24,nmse,repeat,2.2933322462168606,1.2822942119656187,100.0,0.0,33
time/coastal_t_s_h_part08,168,24,168:24,nmae,repeat,1.2144617636998494,0.8981438676516215,96.96969696969697,0.0,33
time/coastal_t_s_h_part08,168,24,168:24,mase,repeat,1.7459091887329563,1.2846911964994487,96.96969696969697,0.0,33
time/coastal_t_s_h_part08,336,48,336:48,mse,repeat,174.0112136150982,98.92880952586032,86.66666666666667,0.0,30
time/coastal_t_s_h_part08,336,48,336:48,mae,repeat,5.9056627908100685,4.424932959862053,83.33333333333334,0.0,30
time/coastal_t_s_h_part08,336,48,336:48,nmse,repeat,2.6606016725301744,1.9830588375528653,86.66666666666667,0.0,30
time/coastal_t_s_h_part08,336,48,336:48,nmae,repeat,1.1174672573804856,0.9167460451523463,83.33333333333334,0.0,30
time/coastal_t_s_h_part08,336,48,336:48,mase,repeat,1.8759387175242106,1.6252797524134317,83.33333333333334,0.0,30
time/coastal_t_s_h_part08,336,48,336:48,mse,repeat,174.0112136150982,98.92880952586032,86.66666666666667,0.0,30
time/coastal_t_s_h_part08,336,48,336:48,mae,repeat,5.9056627908100685,4.424932959862053,83.33333333333334,0.0,30
time/coastal_t_s_h_part08,336,48,336:48,nmse,repeat,2.6606016725301744,1.9830588375528653,86.66666666666667,0.0,30
time/coastal_t_s_h_part08,336,48,336:48,nmae,repeat,1.1174672573804856,0.9167460451523463,83.33333333333334,0.0,30
time/coastal_t_s_h_part08,336,48,336:48,mase,repeat,1.8759387175242106,1.6252797524134317,83.33333333333334,0.0,30
time/coastal_t_s_h_part08,336,48,336:48,mse,repeat,174.0112136150982,98.92880544947111,86.66666666666667,0.0,30
time/coastal_t_s_h_part08,336,48,336:48,mae,repeat,5.9056627908100685,4.424933010339737,83.33333333333334,0.0,30
time/coastal_t_s_h_part08,336,48,336:48,nmse,repeat,2.6606016725301744,1.9830574259161948,86.66666666666667,0.0,30
time/coastal_t_s_h_part08,336,48,336:48,nmae,repeat,1.1174672573804856,0.9167453467845916,83.33333333333334,0.0,30
time/coastal_t_s_h_part08,336,48,336:48,mase,repeat,1.8759387175242106,1.6252786636352539,83.33333333333334,0.0,30
time/coastal_t_s_h_part08,336,48,336:48,mse,repeat,174.0112136150982,98.92880544947111,86.66666666666667,0.0,30
time/coastal_t_s_h_part08,336,48,336:48,mae,repeat,5.9056627908100685,4.424933010339737,83.33333333333334,0.0,30
time/coastal_t_s_h_part08,336,48,336:48,nmse,repeat,2.6606016725301744,1.9830574259161948,86.66666666666667,0.0,30
time/coastal_t_s_h_part08,336,48,336:48,nmae,repeat,1.1174672573804856,0.9167453467845916,83.33333333333334,0.0,30
time/coastal_t_s_h_part08,336,48,336:48,mase,repeat,1.8759387175242106,1.6252786636352539,83.33333333333334,0.0,30
time/coastal_t_s_h_part08,504,168,504:168,mse,repeat,189.97028311460744,96.59564404412328,96.66666666666667,0.0,30
time/coastal_t_s_h_part08,504,168,504:168,mae,repeat,6.455159613241752,4.640026236511767,96.66666666666667,0.0,30
time/coastal_t_s_h_part08,504,168,504:168,nmse,repeat,2.624684727191925,1.6377521360913911,96.66666666666667,0.0,30
time/coastal_t_s_h_part08,504,168,504:168,nmae,repeat,1.2493346810340882,0.9375589003165563,96.66666666666667,0.0,30
time/coastal_t_s_h_part08,504,168,504:168,mase,repeat,1.9589316864808402,1.4383386850357056,96.66666666666667,0.0,30
time/coastal_t_s_h_part08,504,168,504:168,mse,repeat,189.97028311460744,96.59564404412328,96.66666666666667,0.0,30
time/coastal_t_s_h_part08,504,168,504:168,mae,repeat,6.455159613241752,4.640026236511767,96.66666666666667,0.0,30
time/coastal_t_s_h_part08,504,168,504:168,nmse,repeat,2.624684727191925,1.6377521360913911,96.66666666666667,0.0,30
time/coastal_t_s_h_part08,504,168,504:168,nmae,repeat,1.2493346810340882,0.9375589003165563,96.66666666666667,0.0,30
time/coastal_t_s_h_part08,504,168,504:168,mase,repeat,1.9589316864808402,1.4383386850357056,96.66666666666667,0.0,30
time/coastal_t_s_h_part08,504,168,504:168,mse,repeat,189.97028311460744,96.59564403861296,96.66666666666667,0.0,30
time/coastal_t_s_h_part08,504,168,504:168,mae,repeat,6.455159549663464,4.640026288231214,96.66666666666667,0.0,30
time/coastal_t_s_h_part08,504,168,504:168,nmse,repeat,2.624684727191925,1.6377504621942838,96.66666666666667,0.0,30
time/coastal_t_s_h_part08,504,168,504:168,nmae,repeat,1.2493346810340882,0.937558513879776,96.66666666666667,0.0,30
time/coastal_t_s_h_part08,504,168,504:168,mase,repeat,1.9589316864808402,1.438338150580724,96.66666666666667,0.0,30
time/coastal_t_s_h_part08,504,168,504:168,mse,repeat,189.97028311460744,96.59564403861296,96.66666666666667,0.0,30
time/coastal_t_s_h_part08,504,168,504:168,mae,repeat,6.455159549663464,4.640026288231214,96.66666666666667,0.0,30
time/coastal_t_s_h_part08,504,168,504:168,nmse,repeat,2.624684727191925,1.6377504621942838,96.66666666666667,0.0,30
time/coastal_t_s_h_part08,504,168,504:168,nmae,repeat,1.2493346810340882,0.937558513879776,96.66666666666667,0.0,30
time/coastal_t_s_h_part08,504,168,504:168,mase,repeat,1.9589316864808402,1.438338150580724,96.66666666666667,0.0,30
time/coastal_t_s_h_part09,168,24,168:24,mse,repeat,52.56925219734496,32.894417298798075,90.9090909090909,0.0,33
time/coastal_t_s_h_part09,168,24,168:24,mae,repeat,3.655333581916762,2.840492013150431,90.9090909090909,0.0,33
time/coastal_t_s_h_part09,168,24,168:24,nmse,repeat,1.9071786527832348,1.2750964538391791,90.9090909090909,0.0,33
time/coastal_t_s_h_part09,168,24,168:24,nmae,repeat,1.0481359633532437,0.8310636065223,90.9090909090909,0.0,33
time/coastal_t_s_h_part09,168,24,168:24,mase,repeat,1.4331813003077651,1.1348158590721362,90.9090909090909,0.0,33
time/coastal_t_s_h_part09,168,24,168:24,mse,repeat,52.56925219734496,32.894417298798075,90.9090909090909,0.0,33
time/coastal_t_s_h_part09,168,24,168:24,mae,repeat,3.655333581916762,2.840492013150431,90.9090909090909,0.0,33
time/coastal_t_s_h_part09,168,24,168:24,nmse,repeat,1.9071786527832348,1.2750964538391791,90.9090909090909,0.0,33
time/coastal_t_s_h_part09,168,24,168:24,nmae,repeat,1.0481359633532437,0.8310636065223,90.9090909090909,0.0,33
time/coastal_t_s_h_part09,168,24,168:24,mase,repeat,1.4331813003077651,1.1348158590721362,90.9090909090909,0.0,33
time/coastal_t_s_h_part09,168,24,168:24,mse,repeat,52.56925219734496,32.89441873608545,90.9090909090909,0.0,33
time/coastal_t_s_h_part09,168,24,168:24,mae,repeat,3.655333581916762,2.8404920426140907,90.9090909090909,0.0,33
time/coastal_t_s_h_part09,168,24,168:24,nmse,repeat,1.9071786527832348,1.2750924263488164,90.9090909090909,0.0,33
time/coastal_t_s_h_part09,168,24,168:24,nmae,repeat,1.0481359633532437,0.83106252822009,90.9090909090909,0.0,33
time/coastal_t_s_h_part09,168,24,168:24,mase,repeat,1.4331813003077651,1.1348127469871983,90.9090909090909,0.0,33
time/coastal_t_s_h_part09,168,24,168:24,mse,repeat,52.56925219734496,32.89441873608545,90.9090909090909,0.0,33
time/coastal_t_s_h_part09,168,24,168:24,mae,repeat,3.655333581916762,2.8404920426140907,90.9090909090909,0.0,33
time/coastal_t_s_h_part09,168,24,168:24,nmse,repeat,1.9071786527832348,1.2750924263488164,90.9090909090909,0.0,33
time/coastal_t_s_h_part09,168,24,168:24,nmae,repeat,1.0481359633532437,0.83106252822009,90.9090909090909,0.0,33
time/coastal_t_s_h_part09,168,24,168:24,mase,repeat,1.4331813003077651,1.1348127469871983,90.9090909090909,0.0,33
time/coastal_t_s_h_part09,336,48,336:48,mse,repeat,67.027955205753,34.690278245809054,93.93939393939394,0.0,33
time/coastal_t_s_h_part09,336,48,336:48,mae,repeat,4.053007144819606,2.989463791335848,90.9090909090909,0.0,33
time/coastal_t_s_h_part09,336,48,336:48,nmse,repeat,2.0214491351084276,1.292664204131473,93.93939393939394,0.0,33
time/coastal_t_s_h_part09,336,48,336:48,nmae,repeat,1.086535275885553,0.8552873468760288,90.9090909090909,0.0,33
time/coastal_t_s_h_part09,336,48,336:48,mase,repeat,1.4379253405513186,1.1813383454626256,90.9090909090909,0.0,33
time/coastal_t_s_h_part09,336,48,336:48,mse,repeat,67.027955205753,34.690278245809054,93.93939393939394,0.0,33
time/coastal_t_s_h_part09,336,48,336:48,mae,repeat,4.053007144819606,2.989463791335848,90.9090909090909,0.0,33
time/coastal_t_s_h_part09,336,48,336:48,nmse,repeat,2.0214491351084276,1.292664204131473,93.93939393939394,0.0,33
time/coastal_t_s_h_part09,336,48,336:48,nmae,repeat,1.086535275885553,0.8552873468760288,90.9090909090909,0.0,33
time/coastal_t_s_h_part09,336,48,336:48,mase,repeat,1.4379253405513186,1.1813383454626256,90.9090909090909,0.0,33
time/coastal_t_s_h_part09,336,48,336:48,mse,repeat,67.02795566814055,34.69027935103143,93.93939393939394,0.0,33
time/coastal_t_s_h_part09,336,48,336:48,mae,repeat,4.053007144819606,2.989463840949942,90.9090909090909,0.0,33
time/coastal_t_s_h_part09,336,48,336:48,nmse,repeat,2.0214491351084276,1.2926644597089652,93.93939393939394,0.0,33
time/coastal_t_s_h_part09,336,48,336:48,nmae,repeat,1.0865352776917545,0.8552876900542866,90.9090909090909,0.0,33
time/coastal_t_s_h_part09,336,48,336:48,mase,repeat,1.4379253405513186,1.1813390426563495,90.9090909090909,0.0,33
time/coastal_t_s_h_part09,336,48,336:48,mse,repeat,67.02795566814055,34.69027935103143,93.93939393939394,0.0,33
time/coastal_t_s_h_part09,336,48,336:48,mae,repeat,4.053007144819606,2.989463840949942,90.9090909090909,0.0,33
time/coastal_t_s_h_part09,336,48,336:48,nmse,repeat,2.0214491351084276,1.2926644597089652,93.93939393939394,0.0,33
time/coastal_t_s_h_part09,336,48,336:48,nmae,repeat,1.0865352776917545,0.8552876900542866,90.9090909090909,0.0,33
time/coastal_t_s_h_part09,336,48,336:48,mase,repeat,1.4379253405513186,1.1813390426563495,90.9090909090909,0.0,33
time/coastal_t_s_h_part09,504,168,504:168,mse,repeat,62.453897775915294,31.647863637762686,93.33333333333333,0.0,30
time/coastal_t_s_h_part09,504,168,504:168,mae,repeat,4.015628706601759,2.8538086203237376,93.33333333333333,0.0,30
time/coastal_t_s_h_part09,504,168,504:168,nmse,repeat,2.4941682785749437,1.3884645521640777,93.33333333333333,0.0,30
time/coastal_t_s_h_part09,504,168,504:168,nmae,repeat,1.2316896855831145,0.9100483099619547,93.33333333333333,0.0,30
time/coastal_t_s_h_part09,504,168,504:168,mase,repeat,1.732611072063446,1.3099565863609315,93.33333333333333,0.0,30
time/coastal_t_s_h_part09,504,168,504:168,mse,repeat,62.453897775915294,31.647863637762686,93.33333333333333,0.0,30
time/coastal_t_s_h_part09,504,168,504:168,mae,repeat,4.015628706601759,2.8538086203237376,93.33333333333333,0.0,30
time/coastal_t_s_h_part09,504,168,504:168,nmse,repeat,2.4941682785749437,1.3884645521640777,93.33333333333333,0.0,30
time/coastal_t_s_h_part09,504,168,504:168,nmae,repeat,1.2316896855831145,0.9100483099619547,93.33333333333333,0.0,30
time/coastal_t_s_h_part09,504,168,504:168,mase,repeat,1.732611072063446,1.3099565863609315,93.33333333333333,0.0,30
time/coastal_t_s_h_part09,504,168,504:168,mse,repeat,62.4538982845416,31.647864078204535,93.33333333333333,0.0,30
time/coastal_t_s_h_part09,504,168,504:168,mae,repeat,4.015628706601759,2.8538086184610925,93.33333333333333,0.0,30
time/coastal_t_s_h_part09,504,168,504:168,nmse,repeat,2.4941682785749437,1.388463498155276,93.33333333333333,0.0,30
time/coastal_t_s_h_part09,504,168,504:168,nmae,repeat,1.2316896855831145,0.9100480139255523,93.33333333333333,0.0,30
time/coastal_t_s_h_part09,504,168,504:168,mase,repeat,1.732611072063446,1.3099563320477803,93.33333333333333,0.0,30
time/coastal_t_s_h_part09,504,168,504:168,mse,repeat,62.4538982845416,31.647864078204535,93.33333333333333,0.0,30
time/coastal_t_s_h_part09,504,168,504:168,mae,repeat,4.015628706601759,2.8538086184610925,93.33333333333333,0.0,30
time/coastal_t_s_h_part09,504,168,504:168,nmse,repeat,2.4941682785749437,1.388463498155276,93.33333333333333,0.0,30
time/coastal_t_s_h_part09,504,168,504:168,nmae,repeat,1.2316896855831145,0.9100480139255523,93.33333333333333,0.0,30
time/coastal_t_s_h_part09,504,168,504:168,mase,repeat,1.732611072063446,1.3099563320477803,93.33333333333333,0.0,30
time/coastal_t_s_h_part10,168,24,168:24,mse,repeat,21.67511551092982,10.569768993647124,81.81818181818183,0.0,33
time/coastal_t_s_h_part10,168,24,168:24,mae,repeat,1.6517728974929813,1.1500413172426776,81.81818181818183,0.0,33
time/coastal_t_s_h_part10,168,24,168:24,nmse,repeat,1.9875235306945713,1.1853729630961563,81.81818181818183,0.0,33
time/coastal_t_s_h_part10,168,24,168:24,nmae,repeat,1.0544876939419545,0.7867237284327998,81.81818181818183,0.0,33
time/coastal_t_s_h_part10,168,24,168:24,mase,repeat,3.8820636218244378,3.013732087431532,81.81818181818183,0.0,33
time/coastal_t_s_h_part10,168,24,168:24,mse,repeat,21.67511551092982,10.569768993647124,81.81818181818183,0.0,33
time/coastal_t_s_h_part10,168,24,168:24,mae,repeat,1.6517728974929813,1.1500413172426776,81.81818181818183,0.0,33
time/coastal_t_s_h_part10,168,24,168:24,nmse,repeat,1.9875235306945713,1.1853729630961563,81.81818181818183,0.0,33
time/coastal_t_s_h_part10,168,24,168:24,nmae,repeat,1.0544876939419545,0.7867237284327998,81.81818181818183,0.0,33
time/coastal_t_s_h_part10,168,24,168:24,mase,repeat,3.8820636218244378,3.013732087431532,81.81818181818183,0.0,33
time/coastal_t_s_h_part10,168,24,168:24,mse,repeat,21.675115048542274,10.56976829927231,81.81818181818183,0.0,33
time/coastal_t_s_h_part10,168,24,168:24,mae,repeat,1.6517728974929813,1.1500412933810642,81.81818181818183,0.0,33
time/coastal_t_s_h_part10,168,24,168:24,nmse,repeat,1.9875235306945713,1.1853733953144965,81.81818181818183,0.0,33
time/coastal_t_s_h_part10,168,24,168:24,nmae,repeat,1.0544876939419545,0.7867221988060258,81.81818181818183,0.0,33
time/coastal_t_s_h_part10,168,24,168:24,mase,repeat,3.8820636218244378,3.0137357458923804,81.81818181818183,0.0,33
time/coastal_t_s_h_part10,168,24,168:24,mse,repeat,21.675115048542274,10.56976829927231,81.81818181818183,0.0,33
time/coastal_t_s_h_part10,168,24,168:24,mae,repeat,1.6517728974929813,1.1500412933810642,81.81818181818183,0.0,33
time/coastal_t_s_h_part10,168,24,168:24,nmse,repeat,1.9875235306945713,1.1853733953144965,81.81818181818183,0.0,33
time/coastal_t_s_h_part10,168,24,168:24,nmae,repeat,1.0544876939419545,0.7867221988060258,81.81818181818183,0.0,33
time/coastal_t_s_h_part10,168,24,168:24,mase,repeat,3.8820636218244378,3.0137357458923804,81.81818181818183,0.0,33
time/coastal_t_s_h_part10,336,48,336:48,mse,repeat,16.88345816545938,9.469294665461996,84.84848484848484,0.0,33
time/coastal_t_s_h_part10,336,48,336:48,mae,repeat,1.5064964726228605,1.1062893946231767,84.84848484848484,0.0,33
time/coastal_t_s_h_part10,336,48,336:48,nmse,repeat,1.7110379166675336,0.8147871495422089,84.84848484848484,0.0,33
time/coastal_t_s_h_part10,336,48,336:48,nmae,repeat,0.953093255108053,0.6679400955185746,84.84848484848484,0.0,33
time/coastal_t_s_h_part10,336,48,336:48,mase,repeat,4.023167230866172,2.7543150674213064,84.84848484848484,0.0,33
time/coastal_t_s_h_part10,336,48,336:48,mse,repeat,16.88345816545938,9.469294665461996,84.84848484848484,0.0,33
time/coastal_t_s_h_part10,336,48,336:48,mae,repeat,1.5064964726228605,1.1062893946231767,84.84848484848484,0.0,33
time/coastal_t_s_h_part10,336,48,336:48,nmse,repeat,1.7110379166675336,0.8147871495422089,84.84848484848484,0.0,33
time/coastal_t_s_h_part10,336,48,336:48,nmae,repeat,0.953093255108053,0.6679400955185746,84.84848484848484,0.0,33
time/coastal_t_s_h_part10,336,48,336:48,mase,repeat,4.023167230866172,2.7543150674213064,84.84848484848484,0.0,33
time/coastal_t_s_h_part10,336,48,336:48,mse,repeat,16.88345816545938,9.469294790117656,84.84848484848484,0.0,33
time/coastal_t_s_h_part10,336,48,336:48,mae,repeat,1.5064964726228605,1.1062894034707411,84.84848484848484,0.0,33
time/coastal_t_s_h_part10,336,48,336:48,nmse,repeat,1.7110379166675336,0.8147859463863301,84.84848484848484,0.0,33
time/coastal_t_s_h_part10,336,48,336:48,nmae,repeat,0.953093255108053,0.6679400070147081,84.84848484848484,0.0,33
time/coastal_t_s_h_part10,336,48,336:48,mase,repeat,4.023167230866172,2.7543204788005715,84.84848484848484,0.0,33
time/coastal_t_s_h_part10,336,48,336:48,mse,repeat,16.88345816545938,9.469294790117656,84.84848484848484,0.0,33
time/coastal_t_s_h_part10,336,48,336:48,mae,repeat,1.5064964726228605,1.1062894034707411,84.84848484848484,0.0,33
time/coastal_t_s_h_part10,336,48,336:48,nmse,repeat,1.7110379166675336,0.8147859463863301,84.84848484848484,0.0,33
time/coastal_t_s_h_part10,336,48,336:48,nmae,repeat,0.953093255108053,0.6679400070147081,84.84848484848484,0.0,33
time/coastal_t_s_h_part10,336,48,336:48,mase,repeat,4.023167230866172,2.7543204788005715,84.84848484848484,0.0,33
time/coastal_t_s_h_part10,504,168,504:168,mse,repeat,20.781002245998632,11.630179866191854,90.0,0.0,30
time/coastal_t_s_h_part10,504,168,504:168,mae,repeat,1.6503518470252554,1.2419410792489847,90.0,0.0,30
time/coastal_t_s_h_part10,504,168,504:168,nmse,repeat,14.587204885979494,13.803690214703481,90.0,0.0,30
time/coastal_t_s_h_part10,504,168,504:168,nmae,repeat,1.6624987641970317,1.4256278057893117,90.0,0.0,30
time/coastal_t_s_h_part10,504,168,504:168,mase,repeat,7.982224802176158,6.853725109497706,90.0,0.0,30
time/coastal_t_s_h_part10,504,168,504:168,mse,repeat,20.781002245998632,11.630179866191854,90.0,0.0,30
time/coastal_t_s_h_part10,504,168,504:168,mae,repeat,1.6503518470252554,1.2419410792489847,90.0,0.0,30
time/coastal_t_s_h_part10,504,168,504:168,nmse,repeat,14.587204885979494,13.803690214703481,90.0,0.0,30
time/coastal_t_s_h_part10,504,168,504:168,nmae,repeat,1.6624987641970317,1.4256278057893117,90.0,0.0,30
time/coastal_t_s_h_part10,504,168,504:168,mase,repeat,7.982224802176158,6.853725109497706,90.0,0.0,30
time/coastal_t_s_h_part10,504,168,504:168,mse,repeat,20.781002245998632,11.630179084044842,90.0,0.0,30
time/coastal_t_s_h_part10,504,168,504:168,mae,repeat,1.6503518470252554,1.241940980280439,90.0,0.0,30
time/coastal_t_s_h_part10,504,168,504:168,nmse,repeat,14.587204885979494,13.803662445147832,90.0,0.0,30
time/coastal_t_s_h_part10,504,168,504:168,nmae,repeat,1.6624987641970317,1.4256248578429223,90.0,0.0,30
time/coastal_t_s_h_part10,504,168,504:168,mase,repeat,7.982224802176158,6.853703300158183,90.0,0.0,30
time/coastal_t_s_h_part10,504,168,504:168,mse,repeat,20.781002245998632,11.630179084044842,90.0,0.0,30
time/coastal_t_s_h_part10,504,168,504:168,mae,repeat,1.6503518470252554,1.241940980280439,90.0,0.0,30
time/coastal_t_s_h_part10,504,168,504:168,nmse,repeat,14.587204885979494,13.803662445147832,90.0,0.0,30
time/coastal_t_s_h_part10,504,168,504:168,nmae,repeat,1.6624987641970317,1.4256248578429223,90.0,0.0,30
time/coastal_t_s_h_part10,504,168,504:168,mase,repeat,7.982224802176158,6.853703300158183,90.0,0.0,30
time/coastal_t_s_h_part11,168,24,168:24,mse,repeat,0.0470662972769181,0.03129192123692383,62.5,0.0,48
time/coastal_t_s_h_part11,168,24,168:24,mae,repeat,0.10275182266680834,0.08304028606895979,56.25,0.0,48
time/coastal_t_s_h_part11,168,24,168:24,nmse,repeat,1.3610551519862686,0.7991433937234724,62.5,0.0,48
time/coastal_t_s_h_part11,168,24,168:24,nmae,repeat,0.7927814529587826,0.6401116914930753,56.25,0.0,48
time/coastal_t_s_h_part11,168,24,168:24,mase,repeat,3.7150383591651917,3.042139935035569,56.25,0.0,48
time/coastal_t_s_h_part11,168,24,168:24,mse,repeat,0.0470662972769181,0.03129192123692383,62.5,0.0,48
time/coastal_t_s_h_part11,168,24,168:24,mae,repeat,0.10275182266680834,0.08304028606895979,56.25,0.0,48
time/coastal_t_s_h_part11,168,24,168:24,nmse,repeat,1.3610551519862686,0.7991433937234724,62.5,0.0,48
time/coastal_t_s_h_part11,168,24,168:24,nmae,repeat,0.7927814529587826,0.6401116914930753,56.25,0.0,48
time/coastal_t_s_h_part11,168,24,168:24,mase,repeat,3.7150383591651917,3.042139935035569,56.25,0.0,48
time/coastal_t_s_h_part11,168,24,168:24,mse,repeat,0.0470662972769181,0.031291915589943854,62.5,0.0,48
time/coastal_t_s_h_part11,168,24,168:24,mae,repeat,0.10275182266680834,0.08304028381505664,56.25,0.0,48
time/coastal_t_s_h_part11,168,24,168:24,nmse,repeat,1.3610551519862686,0.7991442358960216,62.5,0.0,48
time/coastal_t_s_h_part11,168,24,168:24,nmae,repeat,0.7927814529587826,0.6401140875022975,56.25,0.0,48
time/coastal_t_s_h_part11,168,24,168:24,mase,repeat,3.7150383591651917,3.0421537432121113,56.25,0.0,48
time/coastal_t_s_h_part11,168,24,168:24,mse,repeat,0.0470662972769181,0.031291915589943854,62.5,0.0,48
time/coastal_t_s_h_part11,168,24,168:24,mae,repeat,0.10275182266680834,0.08304028381505664,56.25,0.0,48
time/coastal_t_s_h_part11,168,24,168:24,nmse,repeat,1.3610551519862686,0.7991442358960216,62.5,0.0,48
time/coastal_t_s_h_part11,168,24,168:24,nmae,repeat,0.7927814529587826,0.6401140875022975,56.25,0.0,48
time/coastal_t_s_h_part11,168,24,168:24,mase,repeat,3.7150383591651917,3.0421537432121113,56.25,0.0,48
time/coastal_t_s_h_part11,336,48,336:48,mse,repeat,0.0852186947001125,0.03646675625410959,87.5,0.0,48
time/coastal_t_s_h_part11,336,48,336:48,mae,repeat,0.16061110169781992,0.09736669381769995,93.75,0.0,48
time/coastal_t_s_h_part11,336,48,336:48,nmse,repeat,1.9354035841921966,1.068553249312875,87.5,0.0,48
time/coastal_t_s_h_part11,336,48,336:48,nmae,repeat,1.002850241959095,0.6596322315745056,93.75,0.0,48
time/coastal_t_s_h_part11,336,48,336:48,mase,repeat,13.683877917627493,7.5979942834625644,93.75,0.0,48
time/coastal_t_s_h_part11,336,48,336:48,mse,repeat,0.0852186947001125,0.03646675625410959,87.5,0.0,48
time/coastal_t_s_h_part11,336,48,336:48,mae,repeat,0.16061110169781992,0.09736669381769995,93.75,0.0,48
time/coastal_t_s_h_part11,336,48,336:48,nmse,repeat,1.9354035841921966,1.068553249312875,87.5,0.0,48
time/coastal_t_s_h_part11,336,48,336:48,nmae,repeat,1.002850241959095,0.6596322315745056,93.75,0.0,48
time/coastal_t_s_h_part11,336,48,336:48,mase,repeat,13.683877917627493,7.5979942834625644,93.75,0.0,48
time/coastal_t_s_h_part11,336,48,336:48,mse,repeat,0.0852186947001125,0.0364667178118907,87.5,0.0,48
time/coastal_t_s_h_part11,336,48,336:48,mae,repeat,0.16061110169781992,0.09736665743791188,93.75,0.0,48
time/coastal_t_s_h_part11,336,48,336:48,nmse,repeat,1.9354035841921966,1.068552407688306,87.5,0.0,48
time/coastal_t_s_h_part11,336,48,336:48,nmae,repeat,1.002850241959095,0.6596320699900389,93.75,0.0,48
time/coastal_t_s_h_part11,336,48,336:48,mase,repeat,13.683877917627493,7.597985649481416,93.75,0.0,48
time/coastal_t_s_h_part11,336,48,336:48,mse,repeat,0.0852186947001125,0.0364667178118907,87.5,0.0,48
time/coastal_t_s_h_part11,336,48,336:48,mae,repeat,0.16061110169781992,0.09736665743791188,93.75,0.0,48
time/coastal_t_s_h_part11,336,48,336:48,nmse,repeat,1.9354035841921966,1.068552407688306,87.5,0.0,48
time/coastal_t_s_h_part11,336,48,336:48,nmae,repeat,1.002850241959095,0.6596320699900389,93.75,0.0,48
time/coastal_t_s_h_part11,336,48,336:48,mase,repeat,13.683877917627493,7.597985649481416,93.75,0.0,48
time/coastal_t_s_h_part11,504,168,504:168,mse,repeat,0.25864199778685965,0.12193905730495722,86.66666666666667,0.0,45
time/coastal_t_s_h_part11,504,168,504:168,mae,repeat,0.2768305558297369,0.17156961798253986,86.66666666666667,0.0,45
time/coastal_t_s_h_part11,504,168,504:168,nmse,repeat,3.091585073951218,2.019069901564055,86.66666666666667,0.0,45
time/coastal_t_s_h_part11,504,168,504:168,nmae,repeat,1.2477419515450796,0.8932784999410311,86.66666666666667,0.0,45
time/coastal_t_s_h_part11,504,168,504:168,mase,repeat,11.933559899859958,8.166868962181939,86.66666666666667,0.0,45
time/coastal_t_s_h_part11,504,168,504:168,mse,repeat,0.25864199778685965,0.12193905730495722,86.66666666666667,0.0,45
time/coastal_t_s_h_part11,504,168,504:168,mae,repeat,0.2768305558297369,0.17156961798253986,86.66666666666667,0.0,45
time/coastal_t_s_h_part11,504,168,504:168,nmse,repeat,3.091585073951218,2.019069901564055,86.66666666666667,0.0,45
time/coastal_t_s_h_part11,504,168,504:168,nmae,repeat,1.2477419515450796,0.8932784999410311,86.66666666666667,0.0,45
time/coastal_t_s_h_part11,504,168,504:168,mase,repeat,11.933559899859958,8.166868962181939,86.66666666666667,0.0,45
time/coastal_t_s_h_part11,504,168,504:168,mse,repeat,0.25864199778685965,0.12193907346405063,86.66666666666667,0.0,45
time/coastal_t_s_h_part11,504,168,504:168,mae,repeat,0.2768305558297369,0.17156961533344453,86.66666666666667,0.0,45
time/coastal_t_s_h_part11,504,168,504:168,nmse,repeat,3.091585073951218,2.019070323018564,86.66666666666667,0.0,45
time/coastal_t_s_h_part11,504,168,504:168,nmae,repeat,1.2477419515450796,0.8932784999410311,86.66666666666667,0.0,45
time/coastal_t_s_h_part11,504,168,504:168,mase,repeat,11.933559899859958,8.16686802705129,86.66666666666667,0.0,45
time/coastal_t_s_h_part11,504,168,504:168,mse,repeat,0.25864199778685965,0.12193907346405063,86.66666666666667,0.0,45
time/coastal_t_s_h_part11,504,168,504:168,mae,repeat,0.2768305558297369,0.17156961533344453,86.66666666666667,0.0,45
time/coastal_t_s_h_part11,504,168,504:168,nmse,repeat,3.091585073951218,2.019070323018564,86.66666666666667,0.0,45
time/coastal_t_s_h_part11,504,168,504:168,nmae,repeat,1.2477419515450796,0.8932784999410311,86.66666666666667,0.0,45
time/coastal_t_s_h_part11,504,168,504:168,mase,repeat,11.933559899859958,8.16686802705129,86.66666666666667,0.0,45
time/coastal_t_s_h_part12,168,24,168:24,mse,repeat,20.867667144796965,10.11828318889408,76.66666666666667,0.0,30
time/coastal_t_s_h_part12,168,24,168:24,mae,repeat,0.8901945518950621,0.7100136003146569,80.0,0.0,30
time/coastal_t_s_h_part12,168,24,168:24,nmse,repeat,0.6184371189910356,0.4570514318688462,76.66666666666667,0.0,30
time/coastal_t_s_h_part12,168,24,168:24,nmae,repeat,0.5614687779297431,0.4679080198208491,80.0,0.0,30
time/coastal_t_s_h_part12,168,24,168:24,mase,repeat,1.2804813138519724,1.0484836759666603,80.0,0.0,30
time/coastal_t_s_h_part12,168,24,168:24,mse,repeat,20.867667144796965,10.11828318889408,76.66666666666667,0.0,30
time/coastal_t_s_h_part12,168,24,168:24,mae,repeat,0.8901945518950621,0.7100136003146569,80.0,0.0,30
time/coastal_t_s_h_part12,168,24,168:24,nmse,repeat,0.6184371189910356,0.4570514318688462,76.66666666666667,0.0,30
time/coastal_t_s_h_part12,168,24,168:24,nmae,repeat,0.5614687779297431,0.4679080198208491,80.0,0.0,30
time/coastal_t_s_h_part12,168,24,168:24,mase,repeat,1.2804813138519724,1.0484836759666603,80.0,0.0,30
time/coastal_t_s_h_part12,168,24,168:24,mse,repeat,20.86766714877061,10.118283354436668,76.66666666666667,0.0,30
time/coastal_t_s_h_part12,168,24,168:24,mae,repeat,0.8901945439477762,0.7100136749446392,80.0,0.0,30
time/coastal_t_s_h_part12,168,24,168:24,nmse,repeat,0.6184371189932184,0.4570509162110587,76.66666666666667,0.0,30
time/coastal_t_s_h_part12,168,24,168:24,nmae,repeat,0.5614687777434786,0.46790779071549576,80.0,0.0,30
time/coastal_t_s_h_part12,168,24,168:24,mase,repeat,1.280481313386311,1.0484832239647706,80.0,0.0,30
time/coastal_t_s_h_part12,168,24,168:24,mse,repeat,20.86766714877061,10.118283354436668,76.66666666666667,0.0,30
time/coastal_t_s_h_part12,168,24,168:24,mae,repeat,0.8901945439477762,0.7100136749446392,80.0,0.0,30
time/coastal_t_s_h_part12,168,24,168:24,nmse,repeat,0.6184371189932184,0.4570509162110587,76.66666666666667,0.0,30
time/coastal_t_s_h_part12,168,24,168:24,nmae,repeat,0.5614687777434786,0.46790779071549576,80.0,0.0,30
time/coastal_t_s_h_part12,168,24,168:24,mase,repeat,1.280481313386311,1.0484832239647706,80.0,0.0,30
time/coastal_t_s_h_part12,336,48,336:48,mse,repeat,0.4233496021738069,0.21634713533933758,85.18518518518519,0.0,27
time/coastal_t_s_h_part12,336,48,336:48,mae,repeat,0.38803252908918595,0.26800111308693886,85.18518518518519,0.0,27
time/coastal_t_s_h_part12,336,48,336:48,nmse,repeat,0.8582185896076326,0.34824637953715865,85.18518518518519,0.0,27
time/coastal_t_s_h_part12,336,48,336:48,nmae,repeat,0.6792654409763161,0.4016258274377496,85.18518518518519,0.0,27
time/coastal_t_s_h_part12,336,48,336:48,mase,repeat,1.808356326556316,1.081843850651273,85.18518518518519,0.0,27
time/coastal_t_s_h_part12,336,48,336:48,mse,repeat,0.4233496021738069,0.21634713533933758,85.18518518518519,0.0,27
time/coastal_t_s_h_part12,336,48,336:48,mae,repeat,0.38803252908918595,0.26800111308693886,85.18518518518519,0.0,27
time/coastal_t_s_h_part12,336,48,336:48,nmse,repeat,0.8582185896076326,0.34824637953715865,85.18518518518519,0.0,27
time/coastal_t_s_h_part12,336,48,336:48,nmae,repeat,0.6792654409763161,0.4016258274377496,85.18518518518519,0.0,27
time/coastal_t_s_h_part12,336,48,336:48,mase,repeat,1.808356326556316,1.081843850651273,85.18518518518519,0.0,27
time/coastal_t_s_h_part12,336,48,336:48,mse,repeat,0.4233496021738069,0.21634710112185632,85.18518518518519,0.0,27
time/coastal_t_s_h_part12,336,48,336:48,mae,repeat,0.38803252908918595,0.26800113592158864,85.18518518518519,0.0,27
time/coastal_t_s_h_part12,336,48,336:48,nmse,repeat,0.8582185896076326,0.348246267224399,85.18518518518519,0.0,27
time/coastal_t_s_h_part12,336,48,336:48,nmae,repeat,0.6792654409763161,0.4016257956348084,85.18518518518519,0.0,27
time/coastal_t_s_h_part12,336,48,336:48,mase,repeat,1.808356326556316,1.0818438266438466,85.18518518518519,0.0,27
time/coastal_t_s_h_part12,336,48,336:48,mse,repeat,0.4233496021738069,0.21634710112185632,85.18518518518519,0.0,27
time/coastal_t_s_h_part12,336,48,336:48,mae,repeat,0.38803252908918595,0.26800113592158864,85.18518518518519,0.0,27
time/coastal_t_s_h_part12,336,48,336:48,nmse,repeat,0.8582185896076326,0.348246267224399,85.18518518518519,0.0,27
time/coastal_t_s_h_part12,336,48,336:48,nmae,repeat,0.6792654409763161,0.4016257956348084,85.18518518518519,0.0,27
time/coastal_t_s_h_part12,336,48,336:48,mase,repeat,1.808356326556316,1.0818438266438466,85.18518518518519,0.0,27
time/coastal_t_s_h_part12,504,168,504:168,mse,repeat,112.67797291389218,111.23275816036147,96.29629629629629,0.0,27
time/coastal_t_s_h_part12,504,168,504:168,mae,repeat,2.4608485759408385,2.199362074887311,96.29629629629629,0.0,27
time/coastal_t_s_h_part12,504,168,504:168,nmse,repeat,3.389360127261844,1.9366774306442864,96.29629629629629,0.0,27
time/coastal_t_s_h_part12,504,168,504:168,nmae,repeat,1.3440039850150545,0.8525344877055397,96.29629629629629,0.0,27
time/coastal_t_s_h_part12,504,168,504:168,mase,repeat,9.847534847204331,8.495478023119547,96.29629629629629,0.0,27
time/coastal_t_s_h_part12,504,168,504:168,mse,repeat,112.67797291389218,111.23275816036147,96.29629629629629,0.0,27
time/coastal_t_s_h_part12,504,168,504:168,mae,repeat,2.4608485759408385,2.199362074887311,96.29629629629629,0.0,27
time/coastal_t_s_h_part12,504,168,504:168,nmse,repeat,3.389360127261844,1.9366774306442864,96.29629629629629,0.0,27
time/coastal_t_s_h_part12,504,168,504:168,nmae,repeat,1.3440039850150545,0.8525344877055397,96.29629629629629,0.0,27
time/coastal_t_s_h_part12,504,168,504:168,mase,repeat,9.847534847204331,8.495478023119547,96.29629629629629,0.0,27
time/coastal_t_s_h_part12,504,168,504:168,mse,repeat,112.67797291389218,111.23274900804756,96.29629629629629,0.0,27
time/coastal_t_s_h_part12,504,168,504:168,mae,repeat,2.4608485759408385,2.199362038048329,96.29629629629629,0.0,27
time/coastal_t_s_h_part12,504,168,504:168,nmse,repeat,3.389360127261844,1.9366766541276808,96.29629629629629,0.0,27
time/coastal_t_s_h_part12,504,168,504:168,nmae,repeat,1.3440039850150545,0.8525341513256232,96.29629629629629,0.0,27
time/coastal_t_s_h_part12,504,168,504:168,mase,repeat,9.847534847204331,8.495476591504282,96.29629629629629,0.0,27
time/coastal_t_s_h_part12,504,168,504:168,mse,repeat,112.67797291389218,111.23274900804756,96.29629629629629,0.0,27
time/coastal_t_s_h_part12,504,168,504:168,mae,repeat,2.4608485759408385,2.199362038048329,96.29629629629629,0.0,27
time/coastal_t_s_h_part12,504,168,504:168,nmse,repeat,3.389360127261844,1.9366766541276808,96.29629629629629,0.0,27
time/coastal_t_s_h_part12,504,168,504:168,nmae,repeat,1.3440039850150545,0.8525341513256232,96.29629629629629,0.0,27
time/coastal_t_s_h_part12,504,168,504:168,mase,repeat,9.847534847204331,8.495476591504282,96.29629629629629,0.0,27
time/coastal_t_s_h_part13,168,24,168:24,mse,repeat,34.573114744077124,16.582640850650204,90.0,0.0,30
time/coastal_t_s_h_part13,168,24,168:24,mae,repeat,1.4805373151476184,0.9416787688930829,93.33333333333333,0.0,30
time/coastal_t_s_h_part13,168,24,168:24,nmse,repeat,0.5551869129141171,0.295272850121061,90.0,0.0,30
time/coastal_t_s_h_part13,168,24,168:24,nmae,repeat,0.5512402708331744,0.3799964313705762,93.33333333333333,0.0,30
time/coastal_t_s_h_part13,168,24,168:24,mase,repeat,0.9805881142616272,0.6624625166257222,93.33333333333333,0.0,30
time/coastal_t_s_h_part13,168,24,168:24,mse,repeat,34.573114744077124,16.582640850650204,90.0,0.0,30
time/coastal_t_s_h_part13,168,24,168:24,mae,repeat,1.4805373151476184,0.9416787688930829,93.33333333333333,0.0,30
time/coastal_t_s_h_part13,168,24,168:24,nmse,repeat,0.5551869129141171,0.295272850121061,90.0,0.0,30
time/coastal_t_s_h_part13,168,24,168:24,nmae,repeat,0.5512402708331744,0.3799964313705762,93.33333333333333,0.0,30
time/coastal_t_s_h_part13,168,24,168:24,mase,repeat,0.9805881142616272,0.6624625166257222,93.33333333333333,0.0,30
time/coastal_t_s_h_part13,168,24,168:24,mse,repeat,34.573114744077124,16.58263997119987,90.0,0.0,30
time/coastal_t_s_h_part13,168,24,168:24,mae,repeat,1.4805373151476184,0.9416788075119257,93.33333333333333,0.0,30
time/coastal_t_s_h_part13,168,24,168:24,nmse,repeat,0.5551869049668312,0.2952726618697246,90.0,0.0,30
time/coastal_t_s_h_part13,168,24,168:24,nmae,repeat,0.5512402708331744,0.3799962610006332,93.33333333333333,0.0,30
time/coastal_t_s_h_part13,168,24,168:24,mase,repeat,0.9805881142616272,0.6624622742335001,93.33333333333333,0.0,30
time/coastal_t_s_h_part13,168,24,168:24,mse,repeat,34.573114744077124,16.58263997119987,90.0,0.0,30
time/coastal_t_s_h_part13,168,24,168:24,mae,repeat,1.4805373151476184,0.9416788075119257,93.33333333333333,0.0,30
time/coastal_t_s_h_part13,168,24,168:24,nmse,repeat,0.5551869049668312,0.2952726618697246,90.0,0.0,30
time/coastal_t_s_h_part13,168,24,168:24,nmae,repeat,0.5512402708331744,0.3799962610006332,93.33333333333333,0.0,30
time/coastal_t_s_h_part13,168,24,168:24,mase,repeat,0.9805881142616272,0.6624622742335001,93.33333333333333,0.0,30
time/coastal_t_s_h_part13,336,48,336:48,mse,repeat,2.094969857650102,0.5451355555743687,88.88888888888889,0.0,27
time/coastal_t_s_h_part13,336,48,336:48,mae,repeat,0.9275936187003497,0.43116536267377714,88.88888888888889,0.0,27
time/coastal_t_s_h_part13,336,48,336:48,nmse,repeat,0.9056243488728931,0.30942003369866006,88.88888888888889,0.0,27
time/coastal_t_s_h_part13,336,48,336:48,nmae,repeat,0.7089767086975001,0.372023392882612,88.88888888888889,0.0,27
time/coastal_t_s_h_part13,336,48,336:48,mase,repeat,1.3922848864286035,0.6989315577127315,88.88888888888889,0.0,27
time/coastal_t_s_h_part13,336,48,336:48,mse,repeat,2.094969857650102,0.5451355555743687,88.88888888888889,0.0,27
time/coastal_t_s_h_part13,336,48,336:48,mae,repeat,0.9275936187003497,0.43116536267377714,88.88888888888889,0.0,27
time/coastal_t_s_h_part13,336,48,336:48,nmse,repeat,0.9056243488728931,0.30942003369866006,88.88888888888889,0.0,27
time/coastal_t_s_h_part13,336,48,336:48,nmae,repeat,0.7089767086975001,0.372023392882612,88.88888888888889,0.0,27
time/coastal_t_s_h_part13,336,48,336:48,mase,repeat,1.3922848864286035,0.6989315577127315,88.88888888888889,0.0,27
time/coastal_t_s_h_part13,336,48,336:48,mse,repeat,2.094969857650102,0.5451358562923916,88.88888888888889,0.0,27
time/coastal_t_s_h_part13,336,48,336:48,mae,repeat,0.9275936187003497,0.4311655096847702,88.88888888888889,0.0,27
time/coastal_t_s_h_part13,336,48,336:48,nmse,repeat,0.9056243488728931,0.30942107930227564,88.88888888888889,0.0,27
time/coastal_t_s_h_part13,336,48,336:48,nmae,repeat,0.7089767086975001,0.3720240443944931,88.88888888888889,0.0,27
time/coastal_t_s_h_part13,336,48,336:48,mase,repeat,1.3922848864286035,0.698932749805627,88.88888888888889,0.0,27
time/coastal_t_s_h_part13,336,48,336:48,mse,repeat,2.094969857650102,0.5451358562923916,88.88888888888889,0.0,27
time/coastal_t_s_h_part13,336,48,336:48,mae,repeat,0.9275936187003497,0.4311655096847702,88.88888888888889,0.0,27
time/coastal_t_s_h_part13,336,48,336:48,nmse,repeat,0.9056243488728931,0.30942107930227564,88.88888888888889,0.0,27
time/coastal_t_s_h_part13,336,48,336:48,nmae,repeat,0.7089767086975001,0.3720240443944931,88.88888888888889,0.0,27
time/coastal_t_s_h_part13,336,48,336:48,mase,repeat,1.3922848864286035,0.698932749805627,88.88888888888889,0.0,27
time/coastal_t_s_h_part13,504,168,504:168,mse,repeat,8.599464064640753,1.2618555872360486,100.0,0.0,27
time/coastal_t_s_h_part13,504,168,504:168,mae,repeat,2.018967048437507,0.6743518332088435,100.0,0.0,27
time/coastal_t_s_h_part13,504,168,504:168,nmse,repeat,2.7504128188981363,0.6813916479672857,100.0,0.0,27
time/coastal_t_s_h_part13,504,168,504:168,nmae,repeat,1.3299112801474553,0.5300478110158885,100.0,0.0,27
time/coastal_t_s_h_part13,504,168,504:168,mase,repeat,2.760055531506185,1.0497567087963775,100.0,0.0,27
time/coastal_t_s_h_part13,504,168,504:168,mse,repeat,8.599464064640753,1.2618555872360486,100.0,0.0,27
time/coastal_t_s_h_part13,504,168,504:168,mae,repeat,2.018967048437507,0.6743518332088435,100.0,0.0,27
time/coastal_t_s_h_part13,504,168,504:168,nmse,repeat,2.7504128188981363,0.6813916479672857,100.0,0.0,27
time/coastal_t_s_h_part13,504,168,504:168,nmae,repeat,1.3299112801474553,0.5300478110158885,100.0,0.0,27
time/coastal_t_s_h_part13,504,168,504:168,mase,repeat,2.760055531506185,1.0497567087963775,100.0,0.0,27
time/coastal_t_s_h_part13,504,168,504:168,mse,repeat,8.599464064640753,1.261855408613984,100.0,0.0,27
time/coastal_t_s_h_part13,504,168,504:168,mae,repeat,2.018967048437507,0.6743516838522973,100.0,0.0,27
time/coastal_t_s_h_part13,504,168,504:168,nmse,repeat,2.7504128188981363,0.6813907715410029,100.0,0.0,27
time/coastal_t_s_h_part13,504,168,504:168,nmae,repeat,1.3299112801474553,0.5300474902959885,100.0,0.0,27
time/coastal_t_s_h_part13,504,168,504:168,mase,repeat,2.760055531506185,1.0497561381370932,100.0,0.0,27
time/coastal_t_s_h_part13,504,168,504:168,mse,repeat,8.599464064640753,1.261855408613984,100.0,0.0,27
time/coastal_t_s_h_part13,504,168,504:168,mae,repeat,2.018967048437507,0.6743516838522973,100.0,0.0,27
time/coastal_t_s_h_part13,504,168,504:168,nmse,repeat,2.7504128188981363,0.6813907715410029,100.0,0.0,27
time/coastal_t_s_h_part13,504,168,504:168,nmae,repeat,1.3299112801474553,0.5300474902959885,100.0,0.0,27
time/coastal_t_s_h_part13,504,168,504:168,mase,repeat,2.760055531506185,1.0497561381370932,100.0,0.0,27
time/coastal_t_s_h_part14,168,24,168:24,mse,repeat,19.832653116981117,9.031217993366651,83.33333333333334,0.0,30
time/coastal_t_s_h_part14,168,24,168:24,mae,repeat,0.9624501784487317,0.6821969373423296,90.0,0.0,30
time/coastal_t_s_h_part14,168,24,168:24,nmse,repeat,1.5366690089305242,0.9954736785031855,83.33333333333334,0.0,30
time/coastal_t_s_h_part14,168,24,168:24,nmae,repeat,0.8327205051978429,0.6136179521679879,90.0,0.0,30
time/coastal_t_s_h_part14,168,24,168:24,mase,repeat,2.4426084597905477,1.833562363187472,90.0,0.0,30
time/coastal_t_s_h_part14,168,24,168:24,mse,repeat,19.832653116981117,9.031217993366651,83.33333333333334,0.0,30
time/coastal_t_s_h_part14,168,24,168:24,mae,repeat,0.9624501784487317,0.6821969373423296,90.0,0.0,30
time/coastal_t_s_h_part14,168,24,168:24,nmse,repeat,1.5366690089305242,0.9954736785031855,83.33333333333334,0.0,30
time/coastal_t_s_h_part14,168,24,168:24,nmae,repeat,0.8327205051978429,0.6136179521679879,90.0,0.0,30
time/coastal_t_s_h_part14,168,24,168:24,mase,repeat,2.4426084597905477,1.833562363187472,90.0,0.0,30
time/coastal_t_s_h_part14,168,24,168:24,mse,repeat,19.832653116981117,9.031219064188068,83.33333333333334,0.0,30
time/coastal_t_s_h_part14,168,24,168:24,mae,repeat,0.9624501784487317,0.6821968808343324,90.0,0.0,30
time/coastal_t_s_h_part14,168,24,168:24,nmse,repeat,1.5366690089305242,0.9954711965207631,83.33333333333334,0.0,30
time/coastal_t_s_h_part14,168,24,168:24,nmae,repeat,0.8327205051978429,0.6136167891323566,90.0,0.0,30
time/coastal_t_s_h_part14,168,24,168:24,mase,repeat,2.4426084597905477,1.8335612279673417,90.0,0.0,30
time/coastal_t_s_h_part14,168,24,168:24,mse,repeat,19.832653116981117,9.031219064188068,83.33333333333334,0.0,30
time/coastal_t_s_h_part14,168,24,168:24,mae,repeat,0.9624501784487317,0.6821968808343324,90.0,0.0,30
time/coastal_t_s_h_part14,168,24,168:24,nmse,repeat,1.5366690089305242,0.9954711965207631,83.33333333333334,0.0,30
time/coastal_t_s_h_part14,168,24,168:24,nmae,repeat,0.8327205051978429,0.6136167891323566,90.0,0.0,30
time/coastal_t_s_h_part14,168,24,168:24,mase,repeat,2.4426084597905477,1.8335612279673417,90.0,0.0,30
time/coastal_t_s_h_part14,336,48,336:48,mse,repeat,686.9866571566718,611.9268970645323,81.48148148148148,0.0,27
time/coastal_t_s_h_part14,336,48,336:48,mae,repeat,5.698968035600114,4.198148983737661,81.48148148148148,0.0,27
time/coastal_t_s_h_part14,336,48,336:48,nmse,repeat,2412.380377898062,2412.1933231542093,81.48148148148148,0.0,27
time/coastal_t_s_h_part14,336,48,336:48,nmae,repeat,10.644827757720593,10.38756607748844,81.48148148148148,0.0,27
time/coastal_t_s_h_part14,336,48,336:48,mase,repeat,35.612020668056275,34.74638097816043,81.48148148148148,0.0,27
time/coastal_t_s_h_part14,336,48,336:48,mse,repeat,686.9866571566718,611.9268970645323,81.48148148148148,0.0,27
time/coastal_t_s_h_part14,336,48,336:48,mae,repeat,5.698968035600114,4.198148983737661,81.48148148148148,0.0,27
time/coastal_t_s_h_part14,336,48,336:48,nmse,repeat,2412.380377898062,2412.1933231542093,81.48148148148148,0.0,27
time/coastal_t_s_h_part14,336,48,336:48,nmae,repeat,10.644827757720593,10.38756607748844,81.48148148148148,0.0,27
time/coastal_t_s_h_part14,336,48,336:48,mase,repeat,35.612020668056275,34.74638097816043,81.48148148148148,0.0,27
time/coastal_t_s_h_part14,336,48,336:48,mse,repeat,686.9866571566718,611.9268994757389,81.48148148148148,0.0,27
time/coastal_t_s_h_part14,336,48,336:48,mae,repeat,5.698968035600114,4.198149646580633,81.48148148148148,0.0,27
time/coastal_t_s_h_part14,336,48,336:48,nmse,repeat,2412.380377898062,2412.1934139139917,81.48148148148148,0.0,27
time/coastal_t_s_h_part14,336,48,336:48,nmae,repeat,10.644827757720593,10.387566092251628,81.48148148148148,0.0,27
time/coastal_t_s_h_part14,336,48,336:48,mase,repeat,35.612020668056275,34.74638309246964,81.48148148148148,0.0,27
time/coastal_t_s_h_part14,336,48,336:48,mse,repeat,686.9866571566718,611.9268994757389,81.48148148148148,0.0,27
time/coastal_t_s_h_part14,336,48,336:48,mae,repeat,5.698968035600114,4.198149646580633,81.48148148148148,0.0,27
time/coastal_t_s_h_part14,336,48,336:48,nmse,repeat,2412.380377898062,2412.1934139139917,81.48148148148148,0.0,27
time/coastal_t_s_h_part14,336,48,336:48,nmae,repeat,10.644827757720593,10.387566092251628,81.48148148148148,0.0,27
time/coastal_t_s_h_part14,336,48,336:48,mase,repeat,35.612020668056275,34.74638309246964,81.48148148148148,0.0,27
time/coastal_t_s_h_part14,504,168,504:168,mse,repeat,130.40999182647525,1.2918422122813893,70.37037037037037,0.0,27
time/coastal_t_s_h_part14,504,168,504:168,mae,repeat,1.6022710323126779,0.567549822334614,70.37037037037037,0.0,27
time/coastal_t_s_h_part14,504,168,504:168,nmse,repeat,2.503313206439122,1.7652851188926164,70.37037037037037,0.0,27
time/coastal_t_s_h_part14,504,168,504:168,nmae,repeat,1.1106247020954336,0.8169925831672218,70.37037037037037,0.0,27
time/coastal_t_s_h_part14,504,168,504:168,mase,repeat,8.500378549926811,4.872128002621509,70.37037037037037,0.0,27
time/coastal_t_s_h_part14,504,168,504:168,mse,repeat,130.40999182647525,1.2918422122813893,70.37037037037037,0.0,27
time/coastal_t_s_h_part14,504,168,504:168,mae,repeat,1.6022710323126779,0.567549822334614,70.37037037037037,0.0,27
time/coastal_t_s_h_part14,504,168,504:168,nmse,repeat,2.503313206439122,1.7652851188926164,70.37037037037037,0.0,27
time/coastal_t_s_h_part14,504,168,504:168,nmae,repeat,1.1106247020954336,0.8169925831672218,70.37037037037037,0.0,27
time/coastal_t_s_h_part14,504,168,504:168,mase,repeat,8.500378549926811,4.872128002621509,70.37037037037037,0.0,27
time/coastal_t_s_h_part14,504,168,504:168,mse,repeat,130.40999182647525,1.291842001995334,70.37037037037037,0.0,27
time/coastal_t_s_h_part14,504,168,504:168,mae,repeat,1.6022710323126779,0.567549838339565,70.37037037037037,0.0,27
time/coastal_t_s_h_part14,504,168,504:168,nmse,repeat,2.503313206439122,1.7652879180516012,70.37037037037037,0.0,27
time/coastal_t_s_h_part14,504,168,504:168,nmae,repeat,1.1106247020954336,0.8169933040798815,70.37037037037037,0.0,27
time/coastal_t_s_h_part14,504,168,504:168,mase,repeat,8.500378549926811,4.872131233414014,70.37037037037037,0.0,27
time/coastal_t_s_h_part14,504,168,504:168,mse,repeat,130.40999182647525,1.291842001995334,70.37037037037037,0.0,27
time/coastal_t_s_h_part14,504,168,504:168,mae,repeat,1.6022710323126779,0.567549838339565,70.37037037037037,0.0,27
time/coastal_t_s_h_part14,504,168,504:168,nmse,repeat,2.503313206439122,1.7652879180516012,70.37037037037037,0.0,27
time/coastal_t_s_h_part14,504,168,504:168,nmae,repeat,1.1106247020954336,0.8169933040798815,70.37037037037037,0.0,27
time/coastal_t_s_h_part14,504,168,504:168,mase,repeat,8.500378549926811,4.872131233414014,70.37037037037037,0.0,27
time/coastal_t_s_h_part15,168,24,168:24,mse,repeat,78.24723864146509,47.08334763519039,80.0,0.0,30
time/coastal_t_s_h_part15,168,24,168:24,mae,repeat,2.359005586306254,1.8568658212820688,80.0,0.0,30
time/coastal_t_s_h_part15,168,24,168:24,nmse,repeat,1.2081370661656061,0.840936153754592,80.0,0.0,30
time/coastal_t_s_h_part15,168,24,168:24,nmae,repeat,0.7476766427357991,0.6202481100956599,80.0,0.0,30
time/coastal_t_s_h_part15,168,24,168:24,mase,repeat,1.2761092921098074,1.0557425290346145,80.0,0.0,30
time/coastal_t_s_h_part15,168,24,168:24,mse,repeat,78.24723864146509,47.08334763519039,80.0,0.0,30
time/coastal_t_s_h_part15,168,24,168:24,mae,repeat,2.359005586306254,1.8568658212820688,80.0,0.0,30
time/coastal_t_s_h_part15,168,24,168:24,nmse,repeat,1.2081370661656061,0.840936153754592,80.0,0.0,30
time/coastal_t_s_h_part15,168,24,168:24,nmae,repeat,0.7476766427357991,0.6202481100956599,80.0,0.0,30
time/coastal_t_s_h_part15,168,24,168:24,mase,repeat,1.2761092921098074,1.0557425290346145,80.0,0.0,30
time/coastal_t_s_h_part15,168,24,168:24,mse,repeat,78.24723864146509,47.083347418840276,80.0,0.0,30
time/coastal_t_s_h_part15,168,24,168:24,mae,repeat,2.359005586306254,1.8568658822526534,80.0,0.0,30
time/coastal_t_s_h_part15,168,24,168:24,nmse,repeat,1.2081370661656061,0.8409370359033346,80.0,0.0,30
time/coastal_t_s_h_part15,168,24,168:24,nmae,repeat,0.7476766427357991,0.6202488591273626,80.0,0.0,30
time/coastal_t_s_h_part15,168,24,168:24,mase,repeat,1.2761092921098074,1.0557435641686121,80.0,0.0,30
time/coastal_t_s_h_part15,168,24,168:24,mse,repeat,78.24723864146509,47.083347418840276,80.0,0.0,30
time/coastal_t_s_h_part15,168,24,168:24,mae,repeat,2.359005586306254,1.8568658822526534,80.0,0.0,30
time/coastal_t_s_h_part15,168,24,168:24,nmse,repeat,1.2081370661656061,0.8409370359033346,80.0,0.0,30
time/coastal_t_s_h_part15,168,24,168:24,nmae,repeat,0.7476766427357991,0.6202488591273626,80.0,0.0,30
time/coastal_t_s_h_part15,168,24,168:24,mase,repeat,1.2761092921098074,1.0557435641686121,80.0,0.0,30
time/coastal_t_s_h_part15,336,48,336:48,mse,repeat,37.71568178905485,8.0814647822408,92.5925925925926,0.0,27
time/coastal_t_s_h_part15,336,48,336:48,mae,repeat,2.1545642015558704,1.0780455394199602,88.88888888888889,0.0,27
time/coastal_t_s_h_part15,336,48,336:48,nmse,repeat,1.7006706159423899,0.8600529265348558,92.5925925925926,0.0,27
time/coastal_t_s_h_part15,336,48,336:48,nmae,repeat,0.9689815243085226,0.6522137864872262,88.88888888888889,0.0,27
time/coastal_t_s_h_part15,336,48,336:48,mase,repeat,1.7797030320873968,1.1612414684560564,88.88888888888889,0.0,27
time/coastal_t_s_h_part15,336,48,336:48,mse,repeat,37.71568178905485,8.0814647822408,92.5925925925926,0.0,27
time/coastal_t_s_h_part15,336,48,336:48,mae,repeat,2.1545642015558704,1.0780455394199602,88.88888888888889,0.0,27
time/coastal_t_s_h_part15,336,48,336:48,nmse,repeat,1.7006706159423899,0.8600529265348558,92.5925925925926,0.0,27
time/coastal_t_s_h_part15,336,48,336:48,nmae,repeat,0.9689815243085226,0.6522137864872262,88.88888888888889,0.0,27
time/coastal_t_s_h_part15,336,48,336:48,mase,repeat,1.7797030320873968,1.1612414684560564,88.88888888888889,0.0,27
time/coastal_t_s_h_part15,336,48,336:48,mse,repeat,37.71568178905485,8.081469273311086,92.5925925925926,0.0,27
time/coastal_t_s_h_part15,336,48,336:48,mae,repeat,2.1545642015558704,1.0780458837333653,88.88888888888889,0.0,27
time/coastal_t_s_h_part15,336,48,336:48,nmse,repeat,1.7006706159423899,0.8600540060412001,92.5925925925926,0.0,27
time/coastal_t_s_h_part15,336,48,336:48,nmae,repeat,0.9689815243085226,0.6522144178549448,88.88888888888889,0.0,27
time/coastal_t_s_h_part15,336,48,336:48,mase,repeat,1.7797030320873968,1.161242413300055,88.88888888888889,0.0,27
time/coastal_t_s_h_part15,336,48,336:48,mse,repeat,37.71568178905485,8.081469273311086,92.5925925925926,0.0,27
time/coastal_t_s_h_part15,336,48,336:48,mae,repeat,2.1545642015558704,1.0780458837333653,88.88888888888889,0.0,27
time/coastal_t_s_h_part15,336,48,336:48,nmse,repeat,1.7006706159423899,0.8600540060412001,92.5925925925926,0.0,27
time/coastal_t_s_h_part15,336,48,336:48,nmae,repeat,0.9689815243085226,0.6522144178549448,88.88888888888889,0.0,27
time/coastal_t_s_h_part15,336,48,336:48,mase,repeat,1.7797030320873968,1.161242413300055,88.88888888888889,0.0,27
time/coastal_t_s_h_part15,504,168,504:168,mse,repeat,21.04684493567415,48.424337989683,85.18518518518519,0.0,27
time/coastal_t_s_h_part15,504,168,504:168,mae,repeat,1.9561125580911283,1.6863711107246302,85.18518518518519,0.0,27
time/coastal_t_s_h_part15,504,168,504:168,nmse,repeat,1.9320109700784087,0.8511723746304158,85.18518518518519,0.0,27
time/coastal_t_s_h_part15,504,168,504:168,nmae,repeat,1.0506007058752909,0.6401516839309975,85.18518518518519,0.0,27
time/coastal_t_s_h_part15,504,168,504:168,mase,repeat,2.2544177770614624,1.3387764074184276,85.18518518518519,0.0,27
time/coastal_t_s_h_part15,504,168,504:168,mse,repeat,21.04684493567415,48.424337989683,85.18518518518519,0.0,27
time/coastal_t_s_h_part15,504,168,504:168,mae,repeat,1.9561125580911283,1.6863711107246302,85.18518518518519,0.0,27
time/coastal_t_s_h_part15,504,168,504:168,nmse,repeat,1.9320109700784087,0.8511723746304158,85.18518518518519,0.0,27
time/coastal_t_s_h_part15,504,168,504:168,nmae,repeat,1.0506007058752909,0.6401516839309975,85.18518518518519,0.0,27
time/coastal_t_s_h_part15,504,168,504:168,mase,repeat,2.2544177770614624,1.3387764074184276,85.18518518518519,0.0,27
time/coastal_t_s_h_part15,504,168,504:168,mse,repeat,21.04684493567415,48.424340499683574,85.18518518518519,0.0,27
time/coastal_t_s_h_part15,504,168,504:168,mae,repeat,1.9561125580911283,1.686371231727578,85.18518518518519,0.0,27
time/coastal_t_s_h_part15,504,168,504:168,nmse,repeat,1.9320109700784087,0.8511755091172678,85.18518518518519,0.0,27
time/coastal_t_s_h_part15,504,168,504:168,nmae,repeat,1.0506007058752909,0.6401532474491332,85.18518518518519,0.0,27
time/coastal_t_s_h_part15,504,168,504:168,mase,repeat,2.2544177770614624,1.3387802177005343,85.18518518518519,0.0,27
time/coastal_t_s_h_part15,504,168,504:168,mse,repeat,21.04684493567415,48.424340499683574,85.18518518518519,0.0,27
time/coastal_t_s_h_part15,504,168,504:168,mae,repeat,1.9561125580911283,1.686371231727578,85.18518518518519,0.0,27
time/coastal_t_s_h_part15,504,168,504:168,nmse,repeat,1.9320109700784087,0.8511755091172678,85.18518518518519,0.0,27
time/coastal_t_s_h_part15,504,168,504:168,nmae,repeat,1.0506007058752909,0.6401532474491332,85.18518518518519,0.0,27
time/coastal_t_s_h_part15,504,168,504:168,mase,repeat,2.2544177770614624,1.3387802177005343,85.18518518518519,0.0,27
time/coastal_t_s_h_part16,168,24,168:24,mse,repeat,45.70109759340477,22.197278779221516,88.23529411764706,0.0,102
time/coastal_t_s_h_part16,168,24,168:24,mae,repeat,2.7979120785900045,1.9662236584117636,85.29411764705883,0.0,102
time/coastal_t_s_h_part16,168,24,168:24,nmse,repeat,1.620225149742465,0.8888010636501884,88.23529411764706,0.0,102
time/coastal_t_s_h_part16,168,24,168:24,nmae,repeat,0.9438104799368838,0.6682012423544246,85.29411764705883,0.0,102
time/coastal_t_s_h_part16,168,24,168:24,mase,repeat,1.7418638446970898,1.2332421224199088,85.29411764705883,0.0,102
time/coastal_t_s_h_part16,168,24,168:24,mse,repeat,45.70109759340477,22.197278779221516,88.23529411764706,0.0,102
time/coastal_t_s_h_part16,168,24,168:24,mae,repeat,2.7979120785900045,1.9662236584117636,85.29411764705883,0.0,102
time/coastal_t_s_h_part16,168,24,168:24,nmse,repeat,1.620225149742465,0.8888010636501884,88.23529411764706,0.0,102
time/coastal_t_s_h_part16,168,24,168:24,nmae,repeat,0.9438104799368838,0.6682012423544246,85.29411764705883,0.0,102
time/coastal_t_s_h_part16,168,24,168:24,mase,repeat,1.7418638446970898,1.2332421224199088,85.29411764705883,0.0,102
time/coastal_t_s_h_part16,168,24,168:24,mse,repeat,45.70109796743122,22.197278194398233,88.23529411764706,0.0,102
time/coastal_t_s_h_part16,168,24,168:24,mae,repeat,2.7979120785900045,1.966223590206081,85.29411764705883,0.0,102
time/coastal_t_s_h_part16,168,24,168:24,nmse,repeat,1.6202251497424738,0.8888008689934983,88.23529411764706,0.0,102
time/coastal_t_s_h_part16,168,24,168:24,nmae,repeat,0.9438104811056024,0.6682009554340267,85.29411764705883,0.0,102
time/coastal_t_s_h_part16,168,24,168:24,mase,repeat,1.7418638446970898,1.2332409705017127,85.29411764705883,0.0,102
time/coastal_t_s_h_part16,168,24,168:24,mse,repeat,45.70109796743122,22.197278194398233,88.23529411764706,0.0,102
time/coastal_t_s_h_part16,168,24,168:24,mae,repeat,2.7979120785900045,1.966223590206081,85.29411764705883,0.0,102
time/coastal_t_s_h_part16,168,24,168:24,nmse,repeat,1.6202251497424738,0.8888008689934983,88.23529411764706,0.0,102
time/coastal_t_s_h_part16,168,24,168:24,nmae,repeat,0.9438104811056024,0.6682009554340267,85.29411764705883,0.0,102
time/coastal_t_s_h_part16,168,24,168:24,mase,repeat,1.7418638446970898,1.2332409705017127,85.29411764705883,0.0,102
time/coastal_t_s_h_part16,336,48,336:48,mse,repeat,46.58934273990599,24.209456738006303,88.23529411764706,0.0,102
time/coastal_t_s_h_part16,336,48,336:48,mae,repeat,3.0417000337814293,2.182112140097089,87.25490196078431,0.0,102
time/coastal_t_s_h_part16,336,48,336:48,nmse,repeat,2.3159767153887443,1.4373856560811036,88.23529411764706,0.0,102
time/coastal_t_s_h_part16,336,48,336:48,nmae,repeat,1.1181507434367257,0.8318870132423791,87.25490196078431,0.0,102
time/coastal_t_s_h_part16,336,48,336:48,mase,repeat,2.8694573401236068,2.144270845341916,87.25490196078431,0.0,102
time/coastal_t_s_h_part16,336,48,336:48,mse,repeat,46.58934273990599,24.209456738006303,88.23529411764706,0.0,102
time/coastal_t_s_h_part16,336,48,336:48,mae,repeat,3.0417000337814293,2.182112140097089,87.25490196078431,0.0,102
time/coastal_t_s_h_part16,336,48,336:48,nmse,repeat,2.3159767153887443,1.4373856560811036,88.23529411764706,0.0,102
time/coastal_t_s_h_part16,336,48,336:48,nmae,repeat,1.1181507434367257,0.8318870132423791,87.25490196078431,0.0,102
time/coastal_t_s_h_part16,336,48,336:48,mase,repeat,2.8694573401236068,2.144270845341916,87.25490196078431,0.0,102
time/coastal_t_s_h_part16,336,48,336:48,mse,repeat,46.589342665108,24.209456503994456,88.23529411764706,0.0,102
time/coastal_t_s_h_part16,336,48,336:48,mae,repeat,3.041700034073609,2.182112144361086,87.25490196078431,0.0,102
time/coastal_t_s_h_part16,336,48,336:48,nmse,repeat,2.315976714220026,1.437386917243666,88.23529411764706,0.0,102
time/coastal_t_s_h_part16,336,48,336:48,nmae,repeat,1.1181507440302156,0.8318874875960105,87.25490196078431,0.0,102
time/coastal_t_s_h_part16,336,48,336:48,mase,repeat,2.8694573401236068,2.144272847795019,87.25490196078431,0.0,102
time/coastal_t_s_h_part16,336,48,336:48,mse,repeat,46.589342665108,24.209456503994456,88.23529411764706,0.0,102
time/coastal_t_s_h_part16,336,48,336:48,mae,repeat,3.041700034073609,2.182112144361086,87.25490196078431,0.0,102
time/coastal_t_s_h_part16,336,48,336:48,nmse,repeat,2.315976714220026,1.437386917243666,88.23529411764706,0.0,102
time/coastal_t_s_h_part16,336,48,336:48,nmae,repeat,1.1181507440302156,0.8318874875960105,87.25490196078431,0.0,102
time/coastal_t_s_h_part16,336,48,336:48,mase,repeat,2.8694573401236068,2.144272847795019,87.25490196078431,0.0,102
time/coastal_t_s_h_part16,504,168,504:168,mse,repeat,109.20359012265756,73.992268288636,83.33333333333334,0.0,96
time/coastal_t_s_h_part16,504,168,504:168,mae,repeat,3.86796830855504,2.8052127845876385,83.33333333333334,0.0,96
time/coastal_t_s_h_part16,504,168,504:168,nmse,repeat,285.2961312807274,284.0645902458482,83.33333333333334,0.0,96
time/coastal_t_s_h_part16,504,168,504:168,nmae,repeat,2.6577649376704358,2.3948709252484455,83.33333333333334,0.0,96
time/coastal_t_s_h_part16,504,168,504:168,mase,repeat,7.544133303686976,6.991563311622788,83.33333333333334,0.0,96
time/coastal_t_s_h_part16,504,168,504:168,mse,repeat,109.20359012265756,73.992268288636,83.33333333333334,0.0,96
time/coastal_t_s_h_part16,504,168,504:168,mae,repeat,3.86796830855504,2.8052127845876385,83.33333333333334,0.0,96
time/coastal_t_s_h_part16,504,168,504:168,nmse,repeat,285.2961312807274,284.0645902458482,83.33333333333334,0.0,96
time/coastal_t_s_h_part16,504,168,504:168,nmae,repeat,2.6577649376704358,2.3948709252484455,83.33333333333334,0.0,96
time/coastal_t_s_h_part16,504,168,504:168,mase,repeat,7.544133303686976,6.991563311622788,83.33333333333334,0.0,96
time/coastal_t_s_h_part16,504,168,504:168,mse,repeat,109.20359012265756,73.99226276847367,83.33333333333334,0.0,96
time/coastal_t_s_h_part16,504,168,504:168,mae,repeat,3.867968293653879,2.805212728000091,83.33333333333334,0.0,96
time/coastal_t_s_h_part16,504,168,504:168,nmse,repeat,285.2961312807274,284.0645856467516,83.33333333333334,0.0,96
time/coastal_t_s_h_part16,504,168,504:168,nmae,repeat,2.6577649376704358,2.394869930013859,83.33333333333334,0.0,96
time/coastal_t_s_h_part16,504,168,504:168,mase,repeat,7.544133303686976,6.991559911480484,83.33333333333334,0.0,96
time/coastal_t_s_h_part16,504,168,504:168,mse,repeat,109.20359012265756,73.99226276847367,83.33333333333334,0.0,96
time/coastal_t_s_h_part16,504,168,504:168,mae,repeat,3.867968293653879,2.805212728000091,83.33333333333334,0.0,96
time/coastal_t_s_h_part16,504,168,504:168,nmse,repeat,285.2961312807274,284.0645856467516,83.33333333333334,0.0,96
time/coastal_t_s_h_part16,504,168,504:168,nmae,repeat,2.6577649376704358,2.394869930013859,83.33333333333334,0.0,96
time/coastal_t_s_h_part16,504,168,504:168,mase,repeat,7.544133303686976,6.991559911480484,83.33333333333334,0.0,96
time/coastal_t_s_h_part17,168,24,168:24,mse,repeat,0.016176640740454648,0.011633098116335255,84.84848484848484,0.0,33
time/coastal_t_s_h_part17,168,24,168:24,mae,repeat,0.09080338675641653,0.0679124987500748,81.81818181818183,0.0,33
time/coastal_t_s_h_part17,168,24,168:24,nmse,repeat,0.8259977995220459,0.46184304105400137,84.84848484848484,0.0,33
time/coastal_t_s_h_part17,168,24,168:24,nmae,repeat,0.6749073709502365,0.44604599035599013,81.81818181818183,0.0,33
time/coastal_t_s_h_part17,168,24,168:24,mase,repeat,6.292324235945037,3.712460298429836,81.81818181818183,0.0,33
time/coastal_t_s_h_part17,168,24,168:24,mse,repeat,0.016176640740454648,0.011633098116335255,84.84848484848484,0.0,33
time/coastal_t_s_h_part17,168,24,168:24,mae,repeat,0.09080338675641653,0.0679124987500748,81.81818181818183,0.0,33
time/coastal_t_s_h_part17,168,24,168:24,nmse,repeat,0.8259977995220459,0.46184304105400137,84.84848484848484,0.0,33
time/coastal_t_s_h_part17,168,24,168:24,nmae,repeat,0.6749073709502365,0.44604599035599013,81.81818181818183,0.0,33
time/coastal_t_s_h_part17,168,24,168:24,mase,repeat,6.292324235945037,3.712460298429836,81.81818181818183,0.0,33
time/coastal_t_s_h_part17,168,24,168:24,mse,repeat,0.016176640740454648,0.011633095717198476,84.84848484848484,0.0,33
time/coastal_t_s_h_part17,168,24,168:24,mae,repeat,0.09080338675641653,0.06791243731100677,81.81818181818183,0.0,33
time/coastal_t_s_h_part17,168,24,168:24,nmse,repeat,0.8259977995220459,0.46184360623980564,84.84848484848484,0.0,33
time/coastal_t_s_h_part17,168,24,168:24,nmae,repeat,0.6749073709502365,0.4460463584824042,81.81818181818183,0.0,33
time/coastal_t_s_h_part17,168,24,168:24,mase,repeat,6.292324235945037,3.7124654352664948,81.81818181818183,0.0,33
time/coastal_t_s_h_part17,168,24,168:24,mse,repeat,0.016176640740454648,0.011633095717198476,84.84848484848484,0.0,33
time/coastal_t_s_h_part17,168,24,168:24,mae,repeat,0.09080338675641653,0.06791243731100677,81.81818181818183,0.0,33
time/coastal_t_s_h_part17,168,24,168:24,nmse,repeat,0.8259977995220459,0.46184360623980564,84.84848484848484,0.0,33
time/coastal_t_s_h_part17,168,24,168:24,nmae,repeat,0.6749073709502365,0.4460463584824042,81.81818181818183,0.0,33
time/coastal_t_s_h_part17,168,24,168:24,mase,repeat,6.292324235945037,3.7124654352664948,81.81818181818183,0.0,33
time/coastal_t_s_h_part17,336,48,336:48,mse,repeat,0.023410297425774235,0.016622443646404216,69.6969696969697,0.0,33
time/coastal_t_s_h_part17,336,48,336:48,mae,repeat,0.10933033520863815,0.08499820513481443,66.66666666666666,0.0,33
time/coastal_t_s_h_part17,336,48,336:48,nmse,repeat,1.2049438788583784,0.86692749144453,69.6969696969697,0.0,33
time/coastal_t_s_h_part17,336,48,336:48,nmae,repeat,0.7149605827801155,0.5718021605050925,66.66666666666666,0.0,33
time/coastal_t_s_h_part17,336,48,336:48,mase,repeat,9.184303157257311,7.269972237673673,66.66666666666666,0.0,33
time/coastal_t_s_h_part17,336,48,336:48,mse,repeat,0.023410297425774235,0.016622443646404216,69.6969696969697,0.0,33
time/coastal_t_s_h_part17,336,48,336:48,mae,repeat,0.10933033520863815,0.08499820513481443,66.66666666666666,0.0,33
time/coastal_t_s_h_part17,336,48,336:48,nmse,repeat,1.2049438788583784,0.86692749144453,69.6969696969697,0.0,33
time/coastal_t_s_h_part17,336,48,336:48,nmae,repeat,0.7149605827801155,0.5718021605050925,66.66666666666666,0.0,33
time/coastal_t_s_h_part17,336,48,336:48,mase,repeat,9.184303157257311,7.269972237673673,66.66666666666666,0.0,33
time/coastal_t_s_h_part17,336,48,336:48,mse,repeat,0.023410297425774235,0.01662243749755858,69.6969696969697,0.0,33
time/coastal_t_s_h_part17,336,48,336:48,mae,repeat,0.10933033520863815,0.08499820654590924,66.66666666666666,0.0,33
time/coastal_t_s_h_part17,336,48,336:48,nmse,repeat,1.2049438788583784,0.866927363091346,69.6969696969697,0.0,33
time/coastal_t_s_h_part17,336,48,336:48,nmae,repeat,0.7149605827801155,0.5718020620671186,66.66666666666666,0.0,33
time/coastal_t_s_h_part17,336,48,336:48,mase,repeat,9.184303157257311,7.269971912557429,66.66666666666666,0.0,33
time/coastal_t_s_h_part17,336,48,336:48,mse,repeat,0.023410297425774235,0.01662243749755858,69.6969696969697,0.0,33
time/coastal_t_s_h_part17,336,48,336:48,mae,repeat,0.10933033520863815,0.08499820654590924,66.66666666666666,0.0,33
time/coastal_t_s_h_part17,336,48,336:48,nmse,repeat,1.2049438788583784,0.866927363091346,69.6969696969697,0.0,33
time/coastal_t_s_h_part17,336,48,336:48,nmae,repeat,0.7149605827801155,0.5718020620671186,66.66666666666666,0.0,33
time/coastal_t_s_h_part17,336,48,336:48,mase,repeat,9.184303157257311,7.269971912557429,66.66666666666666,0.0,33
time/coastal_t_s_h_part17,504,168,504:168,mse,repeat,0.10940883882576599,0.06549082848165805,76.66666666666667,0.0,30
time/coastal_t_s_h_part17,504,168,504:168,mae,repeat,0.22971151707073054,0.15310773719102144,80.0,0.0,30
time/coastal_t_s_h_part17,504,168,504:168,nmse,repeat,3.978634697198868,3.116032547255357,76.66666666666667,0.0,30
time/coastal_t_s_h_part17,504,168,504:168,nmae,repeat,1.3519706050554912,1.012845159570376,80.0,0.0,30
time/coastal_t_s_h_part17,504,168,504:168,mase,repeat,16.883726493517557,14.13885838985443,80.0,0.0,30
time/coastal_t_s_h_part17,504,168,504:168,mse,repeat,0.10940883882576599,0.06549082848165805,76.66666666666667,0.0,30
time/coastal_t_s_h_part17,504,168,504:168,mae,repeat,0.22971151707073054,0.15310773719102144,80.0,0.0,30
time/coastal_t_s_h_part17,504,168,504:168,nmse,repeat,3.978634697198868,3.116032547255357,76.66666666666667,0.0,30
time/coastal_t_s_h_part17,504,168,504:168,nmae,repeat,1.3519706050554912,1.012845159570376,80.0,0.0,30
time/coastal_t_s_h_part17,504,168,504:168,mase,repeat,16.883726493517557,14.13885838985443,80.0,0.0,30
time/coastal_t_s_h_part17,504,168,504:168,mse,repeat,0.10940883882576599,0.06549086227314546,76.66666666666667,0.0,30
time/coastal_t_s_h_part17,504,168,504:168,mae,repeat,0.22971151707073054,0.153107850253582,80.0,0.0,30
time/coastal_t_s_h_part17,504,168,504:168,nmse,repeat,3.978634697198868,3.1160396178563436,76.66666666666667,0.0,30
time/coastal_t_s_h_part17,504,168,504:168,nmae,repeat,1.3519706050554912,1.0128465334574381,80.0,0.0,30
time/coastal_t_s_h_part17,504,168,504:168,mase,repeat,16.883726493517557,14.138882944981257,80.0,0.0,30
time/coastal_t_s_h_part17,504,168,504:168,mse,repeat,0.10940883882576599,0.06549086227314546,76.66666666666667,0.0,30
time/coastal_t_s_h_part17,504,168,504:168,mae,repeat,0.22971151707073054,0.153107850253582,80.0,0.0,30
time/coastal_t_s_h_part17,504,168,504:168,nmse,repeat,3.978634697198868,3.1160396178563436,76.66666666666667,0.0,30
time/coastal_t_s_h_part17,504,168,504:168,nmae,repeat,1.3519706050554912,1.0128465334574381,80.0,0.0,30
time/coastal_t_s_h_part17,504,168,504:168,mase,repeat,16.883726493517557,14.138882944981257,80.0,0.0,30
time/coastal_t_s_h_part18,168,24,168:24,mse,repeat,0.016442443915972643,0.015881477852417447,66.66666666666666,0.0,24
time/coastal_t_s_h_part18,168,24,168:24,mae,repeat,0.09347253238471846,0.08345340991703172,70.83333333333334,0.0,24
time/coastal_t_s_h_part18,168,24,168:24,nmse,repeat,0.8450487921945751,0.5332955637325844,66.66666666666666,0.0,24
time/coastal_t_s_h_part18,168,24,168:24,nmae,repeat,0.7042253663142523,0.5361057439198097,70.83333333333334,0.0,24
time/coastal_t_s_h_part18,168,24,168:24,mase,repeat,3.6853793462117515,2.4113254845142365,70.83333333333334,0.0,24
time/coastal_t_s_h_part18,168,24,168:24,mse,repeat,0.016442443915972643,0.015881477852417447,66.66666666666666,0.0,24
time/coastal_t_s_h_part18,168,24,168:24,mae,repeat,0.09347253238471846,0.08345340991703172,70.83333333333334,0.0,24
time/coastal_t_s_h_part18,168,24,168:24,nmse,repeat,0.8450487921945751,0.5332955637325844,66.66666666666666,0.0,24
time/coastal_t_s_h_part18,168,24,168:24,nmae,repeat,0.7042253663142523,0.5361057439198097,70.83333333333334,0.0,24
time/coastal_t_s_h_part18,168,24,168:24,mase,repeat,3.6853793462117515,2.4113254845142365,70.83333333333334,0.0,24
time/coastal_t_s_h_part18,168,24,168:24,mse,repeat,0.016442443915972643,0.015881468056856345,66.66666666666666,0.0,24
time/coastal_t_s_h_part18,168,24,168:24,mae,repeat,0.09347253238471846,0.0834533985859404,70.83333333333334,0.0,24
time/coastal_t_s_h_part18,168,24,168:24,nmse,repeat,0.8450487921945751,0.5332964902433256,66.66666666666666,0.0,24
time/coastal_t_s_h_part18,168,24,168:24,nmae,repeat,0.7042253663142523,0.5361061468720436,70.83333333333334,0.0,24
time/coastal_t_s_h_part18,168,24,168:24,mase,repeat,3.6853793462117515,2.4113276824355125,70.83333333333334,0.0,24
time/coastal_t_s_h_part18,168,24,168:24,mse,repeat,0.016442443915972643,0.015881468056856345,66.66666666666666,0.0,24
time/coastal_t_s_h_part18,168,24,168:24,mae,repeat,0.09347253238471846,0.0834533985859404,70.83333333333334,0.0,24
time/coastal_t_s_h_part18,168,24,168:24,nmse,repeat,0.8450487921945751,0.5332964902433256,66.66666666666666,0.0,24
time/coastal_t_s_h_part18,168,24,168:24,nmae,repeat,0.7042253663142523,0.5361061468720436,70.83333333333334,0.0,24
time/coastal_t_s_h_part18,168,24,168:24,mase,repeat,3.6853793462117515,2.4113276824355125,70.83333333333334,0.0,24
time/coastal_t_s_h_part18,336,48,336:48,mse,repeat,0.02538802141013245,0.0170800169608334,66.66666666666666,0.0,21
time/coastal_t_s_h_part18,336,48,336:48,mae,repeat,0.11749542575506937,0.0921298951087963,66.66666666666666,0.0,21
time/coastal_t_s_h_part18,336,48,336:48,nmse,repeat,0.7126015665985289,0.542932884412862,66.66666666666666,0.0,21
time/coastal_t_s_h_part18,336,48,336:48,nmae,repeat,0.6576306571563085,0.5321029421119463,66.66666666666666,0.0,21
time/coastal_t_s_h_part18,336,48,336:48,mase,repeat,4.232042403448196,3.269536631447928,66.66666666666666,0.0,21
time/coastal_t_s_h_part18,336,48,336:48,mse,repeat,0.02538802141013245,0.0170800169608334,66.66666666666666,0.0,21
time/coastal_t_s_h_part18,336,48,336:48,mae,repeat,0.11749542575506937,0.0921298951087963,66.66666666666666,0.0,21
time/coastal_t_s_h_part18,336,48,336:48,nmse,repeat,0.7126015665985289,0.542932884412862,66.66666666666666,0.0,21
time/coastal_t_s_h_part18,336,48,336:48,nmae,repeat,0.6576306571563085,0.5321029421119463,66.66666666666666,0.0,21
time/coastal_t_s_h_part18,336,48,336:48,mase,repeat,4.232042403448196,3.269536631447928,66.66666666666666,0.0,21
time/coastal_t_s_h_part18,336,48,336:48,mse,repeat,0.02538802141013245,0.017080016672566888,66.66666666666666,0.0,21
time/coastal_t_s_h_part18,336,48,336:48,mae,repeat,0.11749542575506937,0.09212987781280563,66.66666666666666,0.0,21
time/coastal_t_s_h_part18,336,48,336:48,nmse,repeat,0.7126015665985289,0.542932960515221,66.66666666666666,0.0,21
time/coastal_t_s_h_part18,336,48,336:48,nmae,repeat,0.6576306571563085,0.532102932887418,66.66666666666666,0.0,21
time/coastal_t_s_h_part18,336,48,336:48,mase,repeat,4.232042403448196,3.2695358310426985,66.66666666666666,0.0,21
time/coastal_t_s_h_part18,336,48,336:48,mse,repeat,0.02538802141013245,0.017080016672566888,66.66666666666666,0.0,21
time/coastal_t_s_h_part18,336,48,336:48,mae,repeat,0.11749542575506937,0.09212987781280563,66.66666666666666,0.0,21
time/coastal_t_s_h_part18,336,48,336:48,nmse,repeat,0.7126015665985289,0.542932960515221,66.66666666666666,0.0,21
time/coastal_t_s_h_part18,336,48,336:48,nmae,repeat,0.6576306571563085,0.532102932887418,66.66666666666666,0.0,21
time/coastal_t_s_h_part18,336,48,336:48,mase,repeat,4.232042403448196,3.2695358310426985,66.66666666666666,0.0,21
time/coastal_t_s_h_part18,504,168,504:168,mse,repeat,0.10530699989093202,0.04239049032219641,80.95238095238095,0.0,21
time/coastal_t_s_h_part18,504,168,504:168,mae,repeat,0.25421114336876643,0.1515780339638392,80.95238095238095,0.0,21
time/coastal_t_s_h_part18,504,168,504:168,nmse,repeat,1.555439517611549,0.8389468189506304,80.95238095238095,0.0,21
time/coastal_t_s_h_part18,504,168,504:168,nmae,repeat,1.0462249290375483,0.6856299596173423,80.95238095238095,0.0,21
time/coastal_t_s_h_part18,504,168,504:168,mase,repeat,10.985915581385294,6.9881066509655545,80.95238095238095,0.0,21
time/coastal_t_s_h_part18,504,168,504:168,mse,repeat,0.10530699989093202,0.04239049032219641,80.95238095238095,0.0,21
time/coastal_t_s_h_part18,504,168,504:168,mae,repeat,0.25421114336876643,0.1515780339638392,80.95238095238095,0.0,21
time/coastal_t_s_h_part18,504,168,504:168,nmse,repeat,1.555439517611549,0.8389468189506304,80.95238095238095,0.0,21
time/coastal_t_s_h_part18,504,168,504:168,nmae,repeat,1.0462249290375483,0.6856299596173423,80.95238095238095,0.0,21
time/coastal_t_s_h_part18,504,168,504:168,mase,repeat,10.985915581385294,6.9881066509655545,80.95238095238095,0.0,21
time/coastal_t_s_h_part18,504,168,504:168,mse,repeat,0.10530699989093202,0.042390480471242754,80.95238095238095,0.0,21
time/coastal_t_s_h_part18,504,168,504:168,mae,repeat,0.25421114336876643,0.15157805436423846,80.95238095238095,0.0,21
time/coastal_t_s_h_part18,504,168,504:168,nmse,repeat,1.555439517611549,0.8389479956101804,80.95238095238095,0.0,21
time/coastal_t_s_h_part18,504,168,504:168,nmae,repeat,1.0462249290375483,0.6856304137479692,80.95238095238095,0.0,21
time/coastal_t_s_h_part18,504,168,504:168,mase,repeat,10.985915581385294,6.988115171591441,80.95238095238095,0.0,21
time/coastal_t_s_h_part18,504,168,504:168,mse,repeat,0.10530699989093202,0.042390480471242754,80.95238095238095,0.0,21
time/coastal_t_s_h_part18,504,168,504:168,mae,repeat,0.25421114336876643,0.15157805436423846,80.95238095238095,0.0,21
time/coastal_t_s_h_part18,504,168,504:168,nmse,repeat,1.555439517611549,0.8389479956101804,80.95238095238095,0.0,21
time/coastal_t_s_h_part18,504,168,504:168,nmae,repeat,1.0462249290375483,0.6856304137479692,80.95238095238095,0.0,21
time/coastal_t_s_h_part18,504,168,504:168,mase,repeat,10.985915581385294,6.988115171591441,80.95238095238095,0.0,21
time/coastal_t_s_h_part19,168,24,168:24,mse,repeat,0.045939463966836534,0.04532545115798712,73.33333333333333,0.0,15
time/coastal_t_s_h_part19,168,24,168:24,mae,repeat,0.14430084178845087,0.14129926140109697,80.0,0.0,15
time/coastal_t_s_h_part19,168,24,168:24,nmse,repeat,0.8639622561633586,0.6557296617577474,73.33333333333333,0.0,15
time/coastal_t_s_h_part19,168,24,168:24,nmae,repeat,0.6281314531962077,0.5571455513437589,80.0,0.0,15
time/coastal_t_s_h_part19,168,24,168:24,mase,repeat,2.605051342646281,2.240728962421417,80.0,0.0,15
time/coastal_t_s_h_part19,168,24,168:24,mse,repeat,0.045939463966836534,0.04532545115798712,73.33333333333333,0.0,15
time/coastal_t_s_h_part19,168,24,168:24,mae,repeat,0.14430084178845087,0.14129926140109697,80.0,0.0,15
time/coastal_t_s_h_part19,168,24,168:24,nmse,repeat,0.8639622561633586,0.6557296617577474,73.33333333333333,0.0,15
time/coastal_t_s_h_part19,168,24,168:24,nmae,repeat,0.6281314531962077,0.5571455513437589,80.0,0.0,15
time/coastal_t_s_h_part19,168,24,168:24,mase,repeat,2.605051342646281,2.240728962421417,80.0,0.0,15
time/coastal_t_s_h_part19,168,24,168:24,mse,repeat,0.045939463966836534,0.04532544112298638,73.33333333333333,0.0,15
time/coastal_t_s_h_part19,168,24,168:24,mae,repeat,0.14430084178845087,0.14129924327135085,80.0,0.0,15
time/coastal_t_s_h_part19,168,24,168:24,nmse,repeat,0.8639622561633586,0.6557289546976487,73.33333333333333,0.0,15
time/coastal_t_s_h_part19,168,24,168:24,nmae,repeat,0.6281314531962077,0.5571453725298245,80.0,0.0,15
time/coastal_t_s_h_part19,168,24,168:24,mase,repeat,2.605051342646281,2.240728672345479,80.0,0.0,15
time/coastal_t_s_h_part19,168,24,168:24,mse,repeat,0.045939463966836534,0.04532544112298638,73.33333333333333,0.0,15
time/coastal_t_s_h_part19,168,24,168:24,mae,repeat,0.14430084178845087,0.14129924327135085,80.0,0.0,15
time/coastal_t_s_h_part19,168,24,168:24,nmse,repeat,0.8639622561633586,0.6557289546976487,73.33333333333333,0.0,15
time/coastal_t_s_h_part19,168,24,168:24,nmae,repeat,0.6281314531962077,0.5571453725298245,80.0,0.0,15
time/coastal_t_s_h_part19,168,24,168:24,mase,repeat,2.605051342646281,2.240728672345479,80.0,0.0,15
time/coastal_t_s_h_part19,336,48,336:48,mse,repeat,0.12336909721295039,0.07524432718443373,86.66666666666667,0.0,15
time/coastal_t_s_h_part19,336,48,336:48,mae,repeat,0.2648132627209028,0.179493298381567,86.66666666666667,0.0,15
time/coastal_t_s_h_part19,336,48,336:48,nmse,repeat,1.2666313682993253,0.6798431191593408,86.66666666666667,0.0,15
time/coastal_t_s_h_part19,336,48,336:48,nmae,repeat,0.8553491214911143,0.5533338765303294,86.66666666666667,0.0,15
time/coastal_t_s_h_part19,336,48,336:48,mase,repeat,5.129799381891886,3.1759305040041608,86.66666666666667,0.0,15
time/coastal_t_s_h_part19,336,48,336:48,mse,repeat,0.12336909721295039,0.07524432718443373,86.66666666666667,0.0,15
time/coastal_t_s_h_part19,336,48,336:48,mae,repeat,0.2648132627209028,0.179493298381567,86.66666666666667,0.0,15
time/coastal_t_s_h_part19,336,48,336:48,nmse,repeat,1.2666313682993253,0.6798431191593408,86.66666666666667,0.0,15
time/coastal_t_s_h_part19,336,48,336:48,nmae,repeat,0.8553491214911143,0.5533338765303294,86.66666666666667,0.0,15
time/coastal_t_s_h_part19,336,48,336:48,mase,repeat,5.129799381891886,3.1759305040041608,86.66666666666667,0.0,15
time/coastal_t_s_h_part19,336,48,336:48,mse,repeat,0.12336909721295039,0.07524434907051424,86.66666666666667,0.0,15
time/coastal_t_s_h_part19,336,48,336:48,mae,repeat,0.2648132627209028,0.17949334979057313,86.66666666666667,0.0,15
time/coastal_t_s_h_part19,336,48,336:48,nmse,repeat,1.2666313682993253,0.6798434053858121,86.66666666666667,0.0,15
time/coastal_t_s_h_part19,336,48,336:48,nmae,repeat,0.8553491214911143,0.5533341616392136,86.66666666666667,0.0,15
time/coastal_t_s_h_part19,336,48,336:48,mase,repeat,5.129799381891886,3.175931763648987,86.66666666666667,0.0,15
time/coastal_t_s_h_part19,336,48,336:48,mse,repeat,0.12336909721295039,0.07524434907051424,86.66666666666667,0.0,15
time/coastal_t_s_h_part19,336,48,336:48,mae,repeat,0.2648132627209028,0.17949334979057313,86.66666666666667,0.0,15
time/coastal_t_s_h_part19,336,48,336:48,nmse,repeat,1.2666313682993253,0.6798434053858121,86.66666666666667,0.0,15
time/coastal_t_s_h_part19,336,48,336:48,nmae,repeat,0.8553491214911143,0.5533341616392136,86.66666666666667,0.0,15
time/coastal_t_s_h_part19,336,48,336:48,mase,repeat,5.129799381891886,3.175931763648987,86.66666666666667,0.0,15
time/coastal_t_s_h_part19,504,168,504:168,mse,repeat,0.35061440418163936,0.08615800254046917,86.66666666666667,0.0,15
time/coastal_t_s_h_part19,504,168,504:168,mae,repeat,0.47414498726526894,0.2283393825093905,86.66666666666667,0.0,15
time/coastal_t_s_h_part19,504,168,504:168,nmse,repeat,2.3739855299393335,0.8504552041490873,86.66666666666667,0.0,15
time/coastal_t_s_h_part19,504,168,504:168,nmae,repeat,1.2484273731708526,0.6574228187402089,86.66666666666667,0.0,15
time/coastal_t_s_h_part19,504,168,504:168,mase,repeat,10.365153694152832,5.999872402350108,86.66666666666667,0.0,15
time/coastal_t_s_h_part19,504,168,504:168,mse,repeat,0.35061440418163936,0.08615800254046917,86.66666666666667,0.0,15
time/coastal_t_s_h_part19,504,168,504:168,mae,repeat,0.47414498726526894,0.2283393825093905,86.66666666666667,0.0,15
time/coastal_t_s_h_part19,504,168,504:168,nmse,repeat,2.3739855299393335,0.8504552041490873,86.66666666666667,0.0,15
time/coastal_t_s_h_part19,504,168,504:168,nmae,repeat,1.2484273731708526,0.6574228187402089,86.66666666666667,0.0,15
time/coastal_t_s_h_part19,504,168,504:168,mase,repeat,10.365153694152832,5.999872402350108,86.66666666666667,0.0,15
time/coastal_t_s_h_part19,504,168,504:168,mse,repeat,0.35061440418163936,0.0861581826582551,86.66666666666667,0.0,15
time/coastal_t_s_h_part19,504,168,504:168,mae,repeat,0.47414498726526894,0.22833960155646008,86.66666666666667,0.0,15
time/coastal_t_s_h_part19,504,168,504:168,nmse,repeat,2.3739855299393335,0.8504571452736854,86.66666666666667,0.0,15
time/coastal_t_s_h_part19,504,168,504:168,nmae,repeat,1.2484273731708526,0.6574234545230866,86.66666666666667,0.0,15
time/coastal_t_s_h_part19,504,168,504:168,mase,repeat,10.365153694152832,5.999879705905914,86.66666666666667,0.0,15
time/coastal_t_s_h_part19,504,168,504:168,mse,repeat,0.35061440418163936,0.0861581826582551,86.66666666666667,0.0,15
time/coastal_t_s_h_part19,504,168,504:168,mae,repeat,0.47414498726526894,0.22833960155646008,86.66666666666667,0.0,15
time/coastal_t_s_h_part19,504,168,504:168,nmse,repeat,2.3739855299393335,0.8504571452736854,86.66666666666667,0.0,15
time/coastal_t_s_h_part19,504,168,504:168,nmae,repeat,1.2484273731708526,0.6574234545230866,86.66666666666667,0.0,15
time/coastal_t_s_h_part19,504,168,504:168,mase,repeat,10.365153694152832,5.999879705905914,86.66666666666667,0.0,15
time/coastal_t_s_h_part20,168,24,168:24,mse,repeat,58.72355804950216,33.5900072595001,87.87878787878788,0.0,33
time/coastal_t_s_h_part20,168,24,168:24,mae,repeat,2.7025456592779267,1.9537324185737155,84.84848484848484,0.0,33
time/coastal_t_s_h_part20,168,24,168:24,nmse,repeat,1.1701705661235433,0.6539910681207072,87.87878787878788,0.0,33
time/coastal_t_s_h_part20,168,24,168:24,nmae,repeat,0.8106473851384539,0.583599199851354,84.84848484848484,0.0,33
time/coastal_t_s_h_part20,168,24,168:24,mase,repeat,3.038190059589617,2.5729217420924795,84.84848484848484,0.0,33
time/coastal_t_s_h_part20,168,24,168:24,mse,repeat,58.72355804950216,33.5900072595001,87.87878787878788,0.0,33
time/coastal_t_s_h_part20,168,24,168:24,mae,repeat,2.7025456592779267,1.9537324185737155,84.84848484848484,0.0,33
time/coastal_t_s_h_part20,168,24,168:24,nmse,repeat,1.1701705661235433,0.6539910681207072,87.87878787878788,0.0,33
time/coastal_t_s_h_part20,168,24,168:24,nmae,repeat,0.8106473851384539,0.583599199851354,84.84848484848484,0.0,33
time/coastal_t_s_h_part20,168,24,168:24,mase,repeat,3.038190059589617,2.5729217420924795,84.84848484848484,0.0,33
time/coastal_t_s_h_part20,168,24,168:24,mse,repeat,58.72355804950216,33.590008659778974,87.87878787878788,0.0,33
time/coastal_t_s_h_part20,168,24,168:24,mae,repeat,2.7025456592779267,1.953732209915126,84.84848484848484,0.0,33
time/coastal_t_s_h_part20,168,24,168:24,nmse,repeat,1.1701705661235433,0.6539879035994862,87.87878787878788,0.0,33
time/coastal_t_s_h_part20,168,24,168:24,nmae,repeat,0.8106473851384539,0.5835964846791644,84.84848484848484,0.0,33
time/coastal_t_s_h_part20,168,24,168:24,mase,repeat,3.038190059589617,2.5729139546553292,84.84848484848484,0.0,33
time/coastal_t_s_h_part20,168,24,168:24,mse,repeat,58.72355804950216,33.590008659778974,87.87878787878788,0.0,33
time/coastal_t_s_h_part20,168,24,168:24,mae,repeat,2.7025456592779267,1.953732209915126,84.84848484848484,0.0,33
time/coastal_t_s_h_part20,168,24,168:24,nmse,repeat,1.1701705661235433,0.6539879035994862,87.87878787878788,0.0,33
time/coastal_t_s_h_part20,168,24,168:24,nmae,repeat,0.8106473851384539,0.5835964846791644,84.84848484848484,0.0,33
time/coastal_t_s_h_part20,168,24,168:24,mase,repeat,3.038190059589617,2.5729139546553292,84.84848484848484,0.0,33
time/coastal_t_s_h_part20,336,48,336:48,mse,repeat,66.30616835794486,30.509192189895575,87.87878787878788,0.0,33
time/coastal_t_s_h_part20,336,48,336:48,mae,repeat,2.8384638911564695,1.8772886879742146,90.9090909090909,0.0,33
time/coastal_t_s_h_part20,336,48,336:48,nmse,repeat,2.6983970268206163,1.457523330594554,87.87878787878788,0.0,33
time/coastal_t_s_h_part20,336,48,336:48,nmae,repeat,1.1955475093740406,0.8251016492193396,90.9090909090909,0.0,33
time/coastal_t_s_h_part20,336,48,336:48,mase,repeat,5.326226554133675,3.508550282680627,90.9090909090909,0.0,33
time/coastal_t_s_h_part20,336,48,336:48,mse,repeat,66.30616835794486,30.509192189895575,87.87878787878788,0.0,33
time/coastal_t_s_h_part20,336,48,336:48,mae,repeat,2.8384638911564695,1.8772886879742146,90.9090909090909,0.0,33
time/coastal_t_s_h_part20,336,48,336:48,nmse,repeat,2.6983970268206163,1.457523330594554,87.87878787878788,0.0,33
time/coastal_t_s_h_part20,336,48,336:48,nmae,repeat,1.1955475093740406,0.8251016492193396,90.9090909090909,0.0,33
time/coastal_t_s_h_part20,336,48,336:48,mase,repeat,5.326226554133675,3.508550282680627,90.9090909090909,0.0,33
time/coastal_t_s_h_part20,336,48,336:48,mse,repeat,66.30616835794486,30.50919259117919,87.87878787878788,0.0,33
time/coastal_t_s_h_part20,336,48,336:48,mae,repeat,2.8384638911564695,1.8772886722828404,90.9090909090909,0.0,33
time/coastal_t_s_h_part20,336,48,336:48,nmse,repeat,2.6983970268206163,1.4575202227993445,87.87878787878788,0.0,33
time/coastal_t_s_h_part20,336,48,336:48,nmae,repeat,1.1955475093740406,0.8251003704287789,90.9090909090909,0.0,33
time/coastal_t_s_h_part20,336,48,336:48,mase,repeat,5.326226554133675,3.5085476113088205,90.9090909090909,0.0,33
time/coastal_t_s_h_part20,336,48,336:48,mse,repeat,66.30616835794486,30.50919259117919,87.87878787878788,0.0,33
time/coastal_t_s_h_part20,336,48,336:48,mae,repeat,2.8384638911564695,1.8772886722828404,90.9090909090909,0.0,33
time/coastal_t_s_h_part20,336,48,336:48,nmse,repeat,2.6983970268206163,1.4575202227993445,87.87878787878788,0.0,33
time/coastal_t_s_h_part20,336,48,336:48,nmae,repeat,1.1955475093740406,0.8251003704287789,90.9090909090909,0.0,33
time/coastal_t_s_h_part20,336,48,336:48,mase,repeat,5.326226554133675,3.5085476113088205,90.9090909090909,0.0,33
time/coastal_t_s_h_part20,504,168,504:168,mse,repeat,188.80078184921084,43.50745903168784,84.84848484848484,0.0,33
time/coastal_t_s_h_part20,504,168,504:168,mae,repeat,5.005277480309208,2.3158703429455105,90.9090909090909,0.0,33
time/coastal_t_s_h_part20,504,168,504:168,nmse,repeat,3.494597754695199,1.7525860899918233,84.84848484848484,0.0,33
time/coastal_t_s_h_part20,504,168,504:168,nmae,repeat,1.5311263311992993,0.9853918146003376,90.9090909090909,0.0,33
time/coastal_t_s_h_part20,504,168,504:168,mase,repeat,7.61536204995531,5.369394985563828,90.9090909090909,0.0,33
time/coastal_t_s_h_part20,504,168,504:168,mse,repeat,188.80078184921084,43.50745903168784,84.84848484848484,0.0,33
time/coastal_t_s_h_part20,504,168,504:168,mae,repeat,5.005277480309208,2.3158703429455105,90.9090909090909,0.0,33
time/coastal_t_s_h_part20,504,168,504:168,nmse,repeat,3.494597754695199,1.7525860899918233,84.84848484848484,0.0,33
time/coastal_t_s_h_part20,504,168,504:168,nmae,repeat,1.5311263311992993,0.9853918146003376,90.9090909090909,0.0,33
time/coastal_t_s_h_part20,504,168,504:168,mase,repeat,7.61536204995531,5.369394985563828,90.9090909090909,0.0,33
time/coastal_t_s_h_part20,504,168,504:168,mse,repeat,188.80078184921084,43.50746931883535,84.84848484848484,0.0,33
time/coastal_t_s_h_part20,504,168,504:168,mae,repeat,5.005277480309208,2.315870530113126,90.9090909090909,0.0,33
time/coastal_t_s_h_part20,504,168,504:168,nmse,repeat,3.494597754695199,1.7525820053944534,84.84848484848484,0.0,33
time/coastal_t_s_h_part20,504,168,504:168,nmae,repeat,1.5311263311992993,0.9853908451217593,90.9090909090909,0.0,33
time/coastal_t_s_h_part20,504,168,504:168,mase,repeat,7.61536204995531,5.369393906132742,90.9090909090909,0.0,33
time/coastal_t_s_h_part20,504,168,504:168,mse,repeat,188.80078184921084,43.50746931883535,84.84848484848484,0.0,33
time/coastal_t_s_h_part20,504,168,504:168,mae,repeat,5.005277480309208,2.315870530113126,90.9090909090909,0.0,33
time/coastal_t_s_h_part20,504,168,504:168,nmse,repeat,3.494597754695199,1.7525820053944534,84.84848484848484,0.0,33
time/coastal_t_s_h_part20,504,168,504:168,nmae,repeat,1.5311263311992993,0.9853908451217593,90.9090909090909,0.0,33
time/coastal_t_s_h_part20,504,168,504:168,mase,repeat,7.61536204995531,5.369393906132742,90.9090909090909,0.0,33
time/coastal_t_s_h_part21,168,24,168:24,mse,repeat,0.014950159933960094,0.012902801609754988,70.83333333333334,0.0,24
time/coastal_t_s_h_part21,168,24,168:24,mae,repeat,0.07531091710552573,0.06272342257337489,70.83333333333334,0.0,24
time/coastal_t_s_h_part21,168,24,168:24,nmse,repeat,0.7603182934690267,0.5267672812721381,70.83333333333334,0.0,24
time/coastal_t_s_h_part21,168,24,168:24,nmae,repeat,0.6341627612709999,0.4851272978509466,70.83333333333334,0.0,24
time/coastal_t_s_h_part21,168,24,168:24,mase,repeat,5.53606270502011,3.92095272988081,70.83333333333334,0.0,24
time/coastal_t_s_h_part21,168,24,168:24,mse,repeat,0.014950159933960094,0.012902801609754988,70.83333333333334,0.0,24
time/coastal_t_s_h_part21,168,24,168:24,mae,repeat,0.07531091710552573,0.06272342257337489,70.83333333333334,0.0,24
time/coastal_t_s_h_part21,168,24,168:24,nmse,repeat,0.7603182934690267,0.5267672812721381,70.83333333333334,0.0,24
time/coastal_t_s_h_part21,168,24,168:24,nmae,repeat,0.6341627612709999,0.4851272978509466,70.83333333333334,0.0,24
time/coastal_t_s_h_part21,168,24,168:24,mase,repeat,5.53606270502011,3.92095272988081,70.83333333333334,0.0,24
time/coastal_t_s_h_part21,168,24,168:24,mse,repeat,0.014950159933960094,0.012902838598658187,70.83333333333334,0.0,24
time/coastal_t_s_h_part21,168,24,168:24,mae,repeat,0.07531091710552573,0.06272361155909796,70.83333333333334,0.0,24
time/coastal_t_s_h_part21,168,24,168:24,nmse,repeat,0.7603182934690267,0.5267711149062961,70.83333333333334,0.0,24
time/coastal_t_s_h_part21,168,24,168:24,nmae,repeat,0.6341627612709999,0.4851313692828019,70.83333333333334,0.0,24
time/coastal_t_s_h_part21,168,24,168:24,mase,repeat,5.53606270502011,3.9209924836953483,70.83333333333334,0.0,24
time/coastal_t_s_h_part21,168,24,168:24,mse,repeat,0.014950159933960094,0.012902838598658187,70.83333333333334,0.0,24
time/coastal_t_s_h_part21,168,24,168:24,mae,repeat,0.07531091710552573,0.06272361155909796,70.83333333333334,0.0,24
time/coastal_t_s_h_part21,168,24,168:24,nmse,repeat,0.7603182934690267,0.5267711149062961,70.83333333333334,0.0,24
time/coastal_t_s_h_part21,168,24,168:24,nmae,repeat,0.6341627612709999,0.4851313692828019,70.83333333333334,0.0,24
time/coastal_t_s_h_part21,168,24,168:24,mase,repeat,5.53606270502011,3.9209924836953483,70.83333333333334,0.0,24
time/coastal_t_s_h_part21,336,48,336:48,mse,repeat,0.035508087388734566,0.022496921158108307,75.0,0.0,24
time/coastal_t_s_h_part21,336,48,336:48,mae,repeat,0.11766171059571207,0.08226703541974227,75.0,0.0,24
time/coastal_t_s_h_part21,336,48,336:48,nmse,repeat,1.7290070932358503,1.1636715455291171,75.0,0.0,24
time/coastal_t_s_h_part21,336,48,336:48,nmae,repeat,0.9033808497091135,0.6201081120719513,75.0,0.0,24
time/coastal_t_s_h_part21,336,48,336:48,mase,repeat,9.588422765334448,6.900203270216783,75.0,0.0,24
time/coastal_t_s_h_part21,336,48,336:48,mse,repeat,0.035508087388734566,0.022496921158108307,75.0,0.0,24
time/coastal_t_s_h_part21,336,48,336:48,mae,repeat,0.11766171059571207,0.08226703541974227,75.0,0.0,24
time/coastal_t_s_h_part21,336,48,336:48,nmse,repeat,1.7290070932358503,1.1636715455291171,75.0,0.0,24
time/coastal_t_s_h_part21,336,48,336:48,nmae,repeat,0.9033808497091135,0.6201081120719513,75.0,0.0,24
time/coastal_t_s_h_part21,336,48,336:48,mase,repeat,9.588422765334448,6.900203270216783,75.0,0.0,24
time/coastal_t_s_h_part21,336,48,336:48,mse,repeat,0.035508087388734566,0.022496920914970058,75.0,0.0,24
time/coastal_t_s_h_part21,336,48,336:48,mae,repeat,0.11766171059571207,0.08226696828690667,75.0,0.0,24
time/coastal_t_s_h_part21,336,48,336:48,nmse,repeat,1.7290070932358503,1.1636797290605803,75.0,0.0,24
time/coastal_t_s_h_part21,336,48,336:48,nmae,repeat,0.9033808497091135,0.6201095183690389,75.0,0.0,24
time/coastal_t_s_h_part21,336,48,336:48,mase,repeat,9.588422765334448,6.9002145156264305,75.0,0.0,24
time/coastal_t_s_h_part21,336,48,336:48,mse,repeat,0.035508087388734566,0.022496920914970058,75.0,0.0,24
time/coastal_t_s_h_part21,336,48,336:48,mae,repeat,0.11766171059571207,0.08226696828690667,75.0,0.0,24
time/coastal_t_s_h_part21,336,48,336:48,nmse,repeat,1.7290070932358503,1.1636797290605803,75.0,0.0,24
time/coastal_t_s_h_part21,336,48,336:48,nmae,repeat,0.9033808497091135,0.6201095183690389,75.0,0.0,24
time/coastal_t_s_h_part21,336,48,336:48,mase,repeat,9.588422765334448,6.9002145156264305,75.0,0.0,24
time/coastal_t_s_h_part21,504,168,504:168,mse,repeat,0.0950433310963923,0.04007025262745585,90.47619047619048,0.0,21
time/coastal_t_s_h_part21,504,168,504:168,mae,repeat,0.18778217548415774,0.11004442641777652,90.47619047619048,0.0,21
time/coastal_t_s_h_part21,504,168,504:168,nmse,repeat,2.23656496831349,1.1199057359425795,90.47619047619048,0.0,21
time/coastal_t_s_h_part21,504,168,504:168,nmae,repeat,1.1485258851732527,0.7272639636482511,90.47619047619048,0.0,21
time/coastal_t_s_h_part21,504,168,504:168,mase,repeat,13.2712584904262,9.439782017753238,90.47619047619048,0.0,21
time/coastal_t_s_h_part21,504,168,504:168,mse,repeat,0.0950433310963923,0.04007025262745585,90.47619047619048,0.0,21
time/coastal_t_s_h_part21,504,168,504:168,mae,repeat,0.18778217548415774,0.11004442641777652,90.47619047619048,0.0,21
time/coastal_t_s_h_part21,504,168,504:168,nmse,repeat,2.23656496831349,1.1199057359425795,90.47619047619048,0.0,21
time/coastal_t_s_h_part21,504,168,504:168,nmae,repeat,1.1485258851732527,0.7272639636482511,90.47619047619048,0.0,21
time/coastal_t_s_h_part21,504,168,504:168,mase,repeat,13.2712584904262,9.439782017753238,90.47619047619048,0.0,21
time/coastal_t_s_h_part21,504,168,504:168,mse,repeat,0.0950433310963923,0.04007024490731835,90.47619047619048,0.0,21
time/coastal_t_s_h_part21,504,168,504:168,mae,repeat,0.18778217548415774,0.11004440038509312,90.47619047619048,0.0,21
time/coastal_t_s_h_part21,504,168,504:168,nmse,repeat,2.23656496831349,1.1199091250697772,90.47619047619048,0.0,21
time/coastal_t_s_h_part21,504,168,504:168,nmae,repeat,1.1485258851732527,0.7272637415499914,90.47619047619048,0.0,21
time/coastal_t_s_h_part21,504,168,504:168,mase,repeat,13.2712584904262,9.439778384708223,90.47619047619048,0.0,21
time/coastal_t_s_h_part21,504,168,504:168,mse,repeat,0.0950433310963923,0.04007024490731835,90.47619047619048,0.0,21
time/coastal_t_s_h_part21,504,168,504:168,mae,repeat,0.18778217548415774,0.11004440038509312,90.47619047619048,0.0,21
time/coastal_t_s_h_part21,504,168,504:168,nmse,repeat,2.23656496831349,1.1199091250697772,90.47619047619048,0.0,21
time/coastal_t_s_h_part21,504,168,504:168,nmae,repeat,1.1485258851732527,0.7272637415499914,90.47619047619048,0.0,21
time/coastal_t_s_h_part21,504,168,504:168,mase,repeat,13.2712584904262,9.439778384708223,90.47619047619048,0.0,21
time/coastal_t_s_h_part22,168,24,168:24,mse,repeat,0.16695631588324128,0.04955343019052331,70.0,0.0,30
time/coastal_t_s_h_part22,168,24,168:24,mae,repeat,0.20351806059479713,0.1284994417335838,73.33333333333333,0.0,30
time/coastal_t_s_h_part22,168,24,168:24,nmse,repeat,2.4572996811320382,1.4415901282026122,70.0,0.0,30
time/coastal_t_s_h_part22,168,24,168:24,nmae,repeat,1.0287301649649938,0.7253245333830516,73.33333333333333,0.0,30
time/coastal_t_s_h_part22,168,24,168:24,mase,repeat,5.264264186223348,3.4581754644711813,73.33333333333333,0.0,30
time/coastal_t_s_h_part22,168,24,168:24,mse,repeat,0.16695631588324128,0.04955343019052331,70.0,0.0,30
time/coastal_t_s_h_part22,168,24,168:24,mae,repeat,0.20351806059479713,0.1284994417335838,73.33333333333333,0.0,30
time/coastal_t_s_h_part22,168,24,168:24,nmse,repeat,2.4572996811320382,1.4415901282026122,70.0,0.0,30
time/coastal_t_s_h_part22,168,24,168:24,nmae,repeat,1.0287301649649938,0.7253245333830516,73.33333333333333,0.0,30
time/coastal_t_s_h_part22,168,24,168:24,mase,repeat,5.264264186223348,3.4581754644711813,73.33333333333333,0.0,30
time/coastal_t_s_h_part22,168,24,168:24,mse,repeat,0.16695631588324128,0.04955340906805456,70.0,0.0,30
time/coastal_t_s_h_part22,168,24,168:24,mae,repeat,0.20351806059479713,0.1284994426028182,73.33333333333333,0.0,30
time/coastal_t_s_h_part22,168,24,168:24,nmse,repeat,2.4572996811320382,1.4415912411098057,70.0,0.0,30
time/coastal_t_s_h_part22,168,24,168:24,nmae,repeat,1.0287301649649938,0.7253257997334004,73.33333333333333,0.0,30
time/coastal_t_s_h_part22,168,24,168:24,mase,repeat,5.264264186223348,3.4581913987795514,73.33333333333333,0.0,30
time/coastal_t_s_h_part22,168,24,168:24,mse,repeat,0.16695631588324128,0.04955340906805456,70.0,0.0,30
time/coastal_t_s_h_part22,168,24,168:24,mae,repeat,0.20351806059479713,0.1284994426028182,73.33333333333333,0.0,30
time/coastal_t_s_h_part22,168,24,168:24,nmse,repeat,2.4572996811320382,1.4415912411098057,70.0,0.0,30
time/coastal_t_s_h_part22,168,24,168:24,nmae,repeat,1.0287301649649938,0.7253257997334004,73.33333333333333,0.0,30
time/coastal_t_s_h_part22,168,24,168:24,mase,repeat,5.264264186223348,3.4581913987795514,73.33333333333333,0.0,30
time/coastal_t_s_h_part22,336,48,336:48,mse,repeat,0.055809182785257386,0.05766376212529091,73.33333333333333,0.0,30
time/coastal_t_s_h_part22,336,48,336:48,mae,repeat,0.15909279527453085,0.13348427307792007,76.66666666666667,0.0,30
time/coastal_t_s_h_part22,336,48,336:48,nmse,repeat,0.9776694623132547,0.6893180532380938,73.33333333333333,0.0,30
time/coastal_t_s_h_part22,336,48,336:48,nmae,repeat,0.6906013468901316,0.5131400053699812,76.66666666666667,0.0,30
time/coastal_t_s_h_part22,336,48,336:48,mase,repeat,4.552862842877706,3.393931533892949,76.66666666666667,0.0,30
time/coastal_t_s_h_part22,336,48,336:48,mse,repeat,0.055809182785257386,0.05766376212529091,73.33333333333333,0.0,30
time/coastal_t_s_h_part22,336,48,336:48,mae,repeat,0.15909279527453085,0.13348427307792007,76.66666666666667,0.0,30
time/coastal_t_s_h_part22,336,48,336:48,nmse,repeat,0.9776694623132547,0.6893180532380938,73.33333333333333,0.0,30
time/coastal_t_s_h_part22,336,48,336:48,nmae,repeat,0.6906013468901316,0.5131400053699812,76.66666666666667,0.0,30
time/coastal_t_s_h_part22,336,48,336:48,mase,repeat,4.552862842877706,3.393931533892949,76.66666666666667,0.0,30
time/coastal_t_s_h_part22,336,48,336:48,mse,repeat,0.055809182785257386,0.057663758382477684,73.33333333333333,0.0,30
time/coastal_t_s_h_part22,336,48,336:48,mae,repeat,0.15909279527453085,0.13348421780392528,76.66666666666667,0.0,30
time/coastal_t_s_h_part22,336,48,336:48,nmse,repeat,0.9776694623132547,0.6893136046205958,73.33333333333333,0.0,30
time/coastal_t_s_h_part22,336,48,336:48,nmae,repeat,0.6906013468901316,0.5131374433636665,76.66666666666667,0.0,30
time/coastal_t_s_h_part22,336,48,336:48,mase,repeat,4.552862842877706,3.393917485078176,76.66666666666667,0.0,30
time/coastal_t_s_h_part22,336,48,336:48,mse,repeat,0.055809182785257386,0.057663758382477684,73.33333333333333,0.0,30
time/coastal_t_s_h_part22,336,48,336:48,mae,repeat,0.15909279527453085,0.13348421780392528,76.66666666666667,0.0,30
time/coastal_t_s_h_part22,336,48,336:48,nmse,repeat,0.9776694623132547,0.6893136046205958,73.33333333333333,0.0,30
time/coastal_t_s_h_part22,336,48,336:48,nmae,repeat,0.6906013468901316,0.5131374433636665,76.66666666666667,0.0,30
time/coastal_t_s_h_part22,336,48,336:48,mase,repeat,4.552862842877706,3.393917485078176,76.66666666666667,0.0,30
time/coastal_t_s_h_part22,504,168,504:168,mse,repeat,0.27161373587915916,0.1464202139479177,88.88888888888889,0.0,27
time/coastal_t_s_h_part22,504,168,504:168,mae,repeat,0.28996293405415835,0.22149433074863972,85.18518518518519,0.0,27
time/coastal_t_s_h_part22,504,168,504:168,nmse,repeat,3.485504115069354,2.75943617094998,88.88888888888889,0.0,27
time/coastal_t_s_h_part22,504,168,504:168,nmae,repeat,1.2217132780287001,0.9822654398503127,85.18518518518519,0.0,27
time/coastal_t_s_h_part22,504,168,504:168,mase,repeat,8.418489738746926,6.831876160921873,85.18518518518519,0.0,27
time/coastal_t_s_h_part22,504,168,504:168,mse,repeat,0.27161373587915916,0.1464202139479177,88.88888888888889,0.0,27
time/coastal_t_s_h_part22,504,168,504:168,mae,repeat,0.28996293405415835,0.22149433074863972,85.18518518518519,0.0,27
time/coastal_t_s_h_part22,504,168,504:168,nmse,repeat,3.485504115069354,2.75943617094998,88.88888888888889,0.0,27
time/coastal_t_s_h_part22,504,168,504:168,nmae,repeat,1.2217132780287001,0.9822654398503127,85.18518518518519,0.0,27
time/coastal_t_s_h_part22,504,168,504:168,mase,repeat,8.418489738746926,6.831876160921873,85.18518518518519,0.0,27
time/coastal_t_s_h_part22,504,168,504:168,mse,repeat,0.27161373587915916,0.14642024139552465,88.88888888888889,0.0,27
time/coastal_t_s_h_part22,504,168,504:168,mae,repeat,0.28996293405415835,0.22149433364608773,85.18518518518519,0.0,27
time/coastal_t_s_h_part22,504,168,504:168,nmse,repeat,3.485504115069354,2.7594348018368087,88.88888888888889,0.0,27
time/coastal_t_s_h_part22,504,168,504:168,nmae,repeat,1.2217132780287001,0.9822657903035482,85.18518518518519,0.0,27
time/coastal_t_s_h_part22,504,168,504:168,mase,repeat,8.418489738746926,6.831874333046101,85.18518518518519,0.0,27
time/coastal_t_s_h_part22,504,168,504:168,mse,repeat,0.27161373587915916,0.14642024139552465,88.88888888888889,0.0,27
time/coastal_t_s_h_part22,504,168,504:168,mae,repeat,0.28996293405415835,0.22149433364608773,85.18518518518519,0.0,27
time/coastal_t_s_h_part22,504,168,504:168,nmse,repeat,3.485504115069354,2.7594348018368087,88.88888888888889,0.0,27
time/coastal_t_s_h_part22,504,168,504:168,nmae,repeat,1.2217132780287001,0.9822657903035482,85.18518518518519,0.0,27
time/coastal_t_s_h_part22,504,168,504:168,mase,repeat,8.418489738746926,6.831874333046101,85.18518518518519,0.0,27
time/coastal_t_s_h_part23,168,24,168:24,mse,repeat,4.500995508640092,1.6419288829080567,75.0,0.0,24
time/coastal_t_s_h_part23,168,24,168:24,mae,repeat,0.7511860818291703,0.4591221936279908,70.83333333333334,0.0,24
time/coastal_t_s_h_part23,168,24,168:24,nmse,repeat,1.70060665498022,0.8791029995772988,75.0,0.0,24
time/coastal_t_s_h_part23,168,24,168:24,nmae,repeat,0.8819875118012229,0.5999693674966693,70.83333333333334,0.0,24
time/coastal_t_s_h_part23,168,24,168:24,mase,repeat,6.6084970484177274,4.495165340602398,70.83333333333334,0.0,24
time/coastal_t_s_h_part23,168,24,168:24,mse,repeat,4.500995508640092,1.6419288829080567,75.0,0.0,24
time/coastal_t_s_h_part23,168,24,168:24,mae,repeat,0.7511860818291703,0.4591221936279908,70.83333333333334,0.0,24
time/coastal_t_s_h_part23,168,24,168:24,nmse,repeat,1.70060665498022,0.8791029995772988,75.0,0.0,24
time/coastal_t_s_h_part23,168,24,168:24,nmae,repeat,0.8819875118012229,0.5999693674966693,70.83333333333334,0.0,24
time/coastal_t_s_h_part23,168,24,168:24,mase,repeat,6.6084970484177274,4.495165340602398,70.83333333333334,0.0,24
time/coastal_t_s_h_part23,168,24,168:24,mse,repeat,4.500995508640092,1.641929214537716,75.0,0.0,24
time/coastal_t_s_h_part23,168,24,168:24,mae,repeat,0.7511860818291703,0.4591222360807781,70.83333333333334,0.0,24
time/coastal_t_s_h_part23,168,24,168:24,nmse,repeat,1.70060665498022,0.8791022174215565,75.0,0.0,24
time/coastal_t_s_h_part23,168,24,168:24,nmae,repeat,0.8819875118012229,0.5999688956265649,70.83333333333334,0.0,24
time/coastal_t_s_h_part23,168,24,168:24,mase,repeat,6.6084970484177274,4.495159829656283,70.83333333333334,0.0,24
time/coastal_t_s_h_part23,168,24,168:24,mse,repeat,4.500995508640092,1.641929214537716,75.0,0.0,24
time/coastal_t_s_h_part23,168,24,168:24,mae,repeat,0.7511860818291703,0.4591222360807781,70.83333333333334,0.0,24
time/coastal_t_s_h_part23,168,24,168:24,nmse,repeat,1.70060665498022,0.8791022174215565,75.0,0.0,24
time/coastal_t_s_h_part23,168,24,168:24,nmae,repeat,0.8819875118012229,0.5999688956265649,70.83333333333334,0.0,24
time/coastal_t_s_h_part23,168,24,168:24,mase,repeat,6.6084970484177274,4.495159829656283,70.83333333333334,0.0,24
time/coastal_t_s_h_part23,336,48,336:48,mse,repeat,0.4340054369131394,0.43909109284959413,66.66666666666666,0.0,24
time/coastal_t_s_h_part23,336,48,336:48,mae,repeat,0.3243206729530357,0.2813010737299919,54.166666666666664,0.0,24
time/coastal_t_s_h_part23,336,48,336:48,nmse,repeat,0.9601693900767714,0.6090124644882356,66.66666666666666,0.0,24
time/coastal_t_s_h_part23,336,48,336:48,nmae,repeat,0.7008694017616411,0.5575639652088284,54.166666666666664,0.0,24
time/coastal_t_s_h_part23,336,48,336:48,mase,repeat,4.687777345379193,3.900874301791191,54.166666666666664,0.0,24
time/coastal_t_s_h_part23,336,48,336:48,mse,repeat,0.4340054369131394,0.43909109284959413,66.66666666666666,0.0,24
time/coastal_t_s_h_part23,336,48,336:48,mae,repeat,0.3243206729530357,0.2813010737299919,54.166666666666664,0.0,24
time/coastal_t_s_h_part23,336,48,336:48,nmse,repeat,0.9601693900767714,0.6090124644882356,66.66666666666666,0.0,24
time/coastal_t_s_h_part23,336,48,336:48,nmae,repeat,0.7008694017616411,0.5575639652088284,54.166666666666664,0.0,24
time/coastal_t_s_h_part23,336,48,336:48,mase,repeat,4.687777345379193,3.900874301791191,54.166666666666664,0.0,24
time/coastal_t_s_h_part23,336,48,336:48,mse,repeat,0.4340054369131394,0.43909106087570154,66.66666666666666,0.0,24
time/coastal_t_s_h_part23,336,48,336:48,mae,repeat,0.3243206729530357,0.28130107644634944,54.166666666666664,0.0,24
time/coastal_t_s_h_part23,336,48,336:48,nmse,repeat,0.9601693900767714,0.6090150703287994,66.66666666666666,0.0,24
time/coastal_t_s_h_part23,336,48,336:48,nmae,repeat,0.7008694017616411,0.5575651248606542,54.166666666666664,0.0,24
time/coastal_t_s_h_part23,336,48,336:48,mase,repeat,4.687777345379193,3.9008793383836746,54.166666666666664,0.0,24
time/coastal_t_s_h_part23,336,48,336:48,mse,repeat,0.4340054369131394,0.43909106087570154,66.66666666666666,0.0,24
time/coastal_t_s_h_part23,336,48,336:48,mae,repeat,0.3243206729530357,0.28130107644634944,54.166666666666664,0.0,24
time/coastal_t_s_h_part23,336,48,336:48,nmse,repeat,0.9601693900767714,0.6090150703287994,66.66666666666666,0.0,24
time/coastal_t_s_h_part23,336,48,336:48,nmae,repeat,0.7008694017616411,0.5575651248606542,54.166666666666664,0.0,24
time/coastal_t_s_h_part23,336,48,336:48,mase,repeat,4.687777345379193,3.9008793383836746,54.166666666666664,0.0,24
time/coastal_t_s_h_part23,504,168,504:168,mse,repeat,2.8938570736763287,1.4037471307050768,80.95238095238095,0.0,21
time/coastal_t_s_h_part23,504,168,504:168,mae,repeat,0.6205730885267258,0.46800434975219624,76.19047619047619,0.0,21
time/coastal_t_s_h_part23,504,168,504:168,nmse,repeat,2.6474301564906324,2.303317381468202,80.95238095238095,0.0,21
time/coastal_t_s_h_part23,504,168,504:168,nmae,repeat,1.0288654941888082,0.8183624031288284,76.19047619047619,0.0,21
time/coastal_t_s_h_part23,504,168,504:168,mase,repeat,8.103890396299816,5.93350168636867,76.19047619047619,0.0,21
time/coastal_t_s_h_part23,504,168,504:168,mse,repeat,2.8938570736763287,1.4037471307050768,80.95238095238095,0.0,21
time/coastal_t_s_h_part23,504,168,504:168,mae,repeat,0.6205730885267258,0.46800434975219624,76.19047619047619,0.0,21
time/coastal_t_s_h_part23,504,168,504:168,nmse,repeat,2.6474301564906324,2.303317381468202,80.95238095238095,0.0,21
time/coastal_t_s_h_part23,504,168,504:168,nmae,repeat,1.0288654941888082,0.8183624031288284,76.19047619047619,0.0,21
time/coastal_t_s_h_part23,504,168,504:168,mase,repeat,8.103890396299816,5.93350168636867,76.19047619047619,0.0,21
time/coastal_t_s_h_part23,504,168,504:168,mse,repeat,2.8938570736763287,1.4037474324612136,80.95238095238095,0.0,21
time/coastal_t_s_h_part23,504,168,504:168,mae,repeat,0.6205730885267258,0.46800431320887237,76.19047619047619,0.0,21
time/coastal_t_s_h_part23,504,168,504:168,nmse,repeat,2.6474301564906324,2.30331663481359,80.95238095238095,0.0,21
time/coastal_t_s_h_part23,504,168,504:168,nmae,repeat,1.0288654941888082,0.818361912100088,76.19047619047619,0.0,21
time/coastal_t_s_h_part23,504,168,504:168,mase,repeat,8.103890396299816,5.933499898229327,76.19047619047619,0.0,21
time/coastal_t_s_h_part23,504,168,504:168,mse,repeat,2.8938570736763287,1.4037474324612136,80.95238095238095,0.0,21
time/coastal_t_s_h_part23,504,168,504:168,mae,repeat,0.6205730885267258,0.46800431320887237,76.19047619047619,0.0,21
time/coastal_t_s_h_part23,504,168,504:168,nmse,repeat,2.6474301564906324,2.30331663481359,80.95238095238095,0.0,21
time/coastal_t_s_h_part23,504,168,504:168,nmae,repeat,1.0288654941888082,0.818361912100088,76.19047619047619,0.0,21
time/coastal_t_s_h_part23,504,168,504:168,mase,repeat,8.103890396299816,5.933499898229327,76.19047619047619,0.0,21
time/cphl_h_part01,168,24,168:24,mse,repeat,0.021630264818668365,0.02277300078421831,60.0,0.0,5
time/cphl_h_part01,168,24,168:24,mae,repeat,0.11697833836078644,0.12364429533481598,60.0,0.0,5
time/cphl_h_part01,168,24,168:24,nmse,repeat,0.7046934306621552,0.6022956788539886,60.0,0.0,5
time/cphl_h_part01,168,24,168:24,nmae,repeat,0.6974288582801819,0.673728984594345,60.0,0.0,5
time/cphl_h_part01,168,24,168:24,mase,repeat,2.575603723526001,2.6371429443359373,60.0,0.0,5
time/cphl_h_part01,168,24,168:24,mse,repeat,0.021630264818668365,0.02277300078421831,60.0,0.0,5
time/cphl_h_part01,168,24,168:24,mae,repeat,0.11697833836078644,0.12364429533481598,60.0,0.0,5
time/cphl_h_part01,168,24,168:24,nmse,repeat,0.7046934306621552,0.6022956788539886,60.0,0.0,5
time/cphl_h_part01,168,24,168:24,nmae,repeat,0.6974288582801819,0.673728984594345,60.0,0.0,5
time/cphl_h_part01,168,24,168:24,mase,repeat,2.575603723526001,2.6371429443359373,60.0,0.0,5
time/cphl_h_part01,168,24,168:24,mse,repeat,0.021630264818668365,0.022773002460598945,60.0,0.0,5
time/cphl_h_part01,168,24,168:24,mae,repeat,0.11697833836078644,0.12364429533481598,60.0,0.0,5
time/cphl_h_part01,168,24,168:24,nmse,repeat,0.7046934306621552,0.6022957146167756,60.0,0.0,5
time/cphl_h_part01,168,24,168:24,nmae,repeat,0.6974288582801819,0.6737289905548096,60.0,0.0,5
time/cphl_h_part01,168,24,168:24,mase,repeat,2.575603723526001,2.6371429920196534,60.0,0.0,5
time/cphl_h_part01,168,24,168:24,mse,repeat,0.021630264818668365,0.022773002460598945,60.0,0.0,5
time/cphl_h_part01,168,24,168:24,mae,repeat,0.11697833836078644,0.12364429533481598,60.0,0.0,5
time/cphl_h_part01,168,24,168:24,nmse,repeat,0.7046934306621552,0.6022957146167756,60.0,0.0,5
time/cphl_h_part01,168,24,168:24,nmae,repeat,0.6974288582801819,0.6737289905548096,60.0,0.0,5
time/cphl_h_part01,168,24,168:24,mase,repeat,2.575603723526001,2.6371429920196534,60.0,0.0,5
time/cphl_h_part01,336,48,336:48,mse,repeat,0.04467678144574165,0.02079341225326061,100.0,0.0,5
time/cphl_h_part01,336,48,336:48,mae,repeat,0.17073292136192322,0.10423486232757569,100.0,0.0,5
time/cphl_h_part01,336,48,336:48,nmse,repeat,1.3789687633514405,0.5646257609128952,100.0,0.0,5
time/cphl_h_part01,336,48,336:48,nmae,repeat,0.9700055956840515,0.5705220997333527,100.0,0.0,5
time/cphl_h_part01,336,48,336:48,mase,repeat,3.789345216751099,2.2844619750976562,100.0,0.0,5
time/cphl_h_part01,336,48,336:48,mse,repeat,0.04467678144574165,0.02079341225326061,100.0,0.0,5
time/cphl_h_part01,336,48,336:48,mae,repeat,0.17073292136192322,0.10423486232757569,100.0,0.0,5
time/cphl_h_part01,336,48,336:48,nmse,repeat,1.3789687633514405,0.5646257609128952,100.0,0.0,5
time/cphl_h_part01,336,48,336:48,nmae,repeat,0.9700055956840515,0.5705220997333527,100.0,0.0,5
time/cphl_h_part01,336,48,336:48,mase,repeat,3.789345216751099,2.2844619750976562,100.0,0.0,5
time/cphl_h_part01,336,48,336:48,mse,repeat,0.04467678144574165,0.020793418865650892,100.0,0.0,5
time/cphl_h_part01,336,48,336:48,mae,repeat,0.17073292136192322,0.10423488020896912,100.0,0.0,5
time/cphl_h_part01,336,48,336:48,nmse,repeat,1.3789687633514405,0.5646258741617203,100.0,0.0,5
time/cphl_h_part01,336,48,336:48,nmae,repeat,0.9700056076049804,0.5705221712589263,100.0,0.0,5
time/cphl_h_part01,336,48,336:48,mase,repeat,3.7893452644348145,2.2844622850418093,100.0,0.0,5
time/cphl_h_part01,336,48,336:48,mse,repeat,0.04467678144574165,0.020793418865650892,100.0,0.0,5
time/cphl_h_part01,336,48,336:48,mae,repeat,0.17073292136192322,0.10423488020896912,100.0,0.0,5
time/cphl_h_part01,336,48,336:48,nmse,repeat,1.3789687633514405,0.5646258741617203,100.0,0.0,5
time/cphl_h_part01,336,48,336:48,nmae,repeat,0.9700056076049804,0.5705221712589263,100.0,0.0,5
time/cphl_h_part01,336,48,336:48,mase,repeat,3.7893452644348145,2.2844622850418093,100.0,0.0,5
time/cphl_h_part01,504,168,504:168,mse,repeat,0.060265552485361695,0.049316496355459094,100.0,0.0,4
time/cphl_h_part01,504,168,504:168,mae,repeat,0.1964532807469368,0.1773844975978136,100.0,0.0,4
time/cphl_h_part01,504,168,504:168,nmse,repeat,2.5610822439193726,2.239093706011772,100.0,0.0,4
time/cphl_h_part01,504,168,504:168,nmae,repeat,1.2109102308750153,1.1175494492053986,100.0,0.0,4
time/cphl_h_part01,504,168,504:168,mase,repeat,4.6652029156684875,4.280384004116058,100.0,0.0,4
time/cphl_h_part01,504,168,504:168,mse,repeat,0.060265552485361695,0.049316496355459094,100.0,0.0,4
time/cphl_h_part01,504,168,504:168,mae,repeat,0.1964532807469368,0.1773844975978136,100.0,0.0,4
time/cphl_h_part01,504,168,504:168,nmse,repeat,2.5610822439193726,2.239093706011772,100.0,0.0,4
time/cphl_h_part01,504,168,504:168,nmae,repeat,1.2109102308750153,1.1175494492053986,100.0,0.0,4
time/cphl_h_part01,504,168,504:168,mase,repeat,4.6652029156684875,4.280384004116058,100.0,0.0,4
time/cphl_h_part01,504,168,504:168,mse,repeat,0.060265552485361695,0.0493164979852736,100.0,0.0,4
time/cphl_h_part01,504,168,504:168,mae,repeat,0.1964532807469368,0.1773845013231039,100.0,0.0,4
time/cphl_h_part01,504,168,504:168,nmse,repeat,2.5610822439193726,2.2390938997268677,100.0,0.0,4
time/cphl_h_part01,504,168,504:168,nmae,repeat,1.2109102308750153,1.1175494939088821,100.0,0.0,4
time/cphl_h_part01,504,168,504:168,mase,repeat,4.6652029156684875,4.280384063720703,100.0,0.0,4
time/cphl_h_part01,504,168,504:168,mse,repeat,0.060265552485361695,0.0493164979852736,100.0,0.0,4
time/cphl_h_part01,504,168,504:168,mae,repeat,0.1964532807469368,0.1773845013231039,100.0,0.0,4
time/cphl_h_part01,504,168,504:168,nmse,repeat,2.5610822439193726,2.2390938997268677,100.0,0.0,4
time/cphl_h_part01,504,168,504:168,nmae,repeat,1.2109102308750153,1.1175494939088821,100.0,0.0,4
time/cphl_h_part01,504,168,504:168,mase,repeat,4.6652029156684875,4.280384063720703,100.0,0.0,4
time/cphl_h_part02,168,24,168:24,mse,repeat,0.050651532039046286,0.07132389917969703,20.0,0.0,5
time/cphl_h_part02,168,24,168:24,mae,repeat,0.17387166917324065,0.20799470841884612,20.0,0.0,5
time/cphl_h_part02,168,24,168:24,nmse,repeat,2.6578609585762023,1.7343819379806518,20.0,0.0,5
time/cphl_h_part02,168,24,168:24,nmae,repeat,1.1612144112586975,1.0502296209335327,20.0,0.0,5
time/cphl_h_part02,168,24,168:24,mase,repeat,3.464989995956421,3.2027248620986937,20.0,0.0,5
time/cphl_h_part02,168,24,168:24,mse,repeat,0.050651532039046286,0.07132389917969703,20.0,0.0,5
time/cphl_h_part02,168,24,168:24,mae,repeat,0.17387166917324065,0.20799470841884612,20.0,0.0,5
time/cphl_h_part02,168,24,168:24,nmse,repeat,2.6578609585762023,1.7343819379806518,20.0,0.0,5
time/cphl_h_part02,168,24,168:24,nmae,repeat,1.1612144112586975,1.0502296209335327,20.0,0.0,5
time/cphl_h_part02,168,24,168:24,mase,repeat,3.464989995956421,3.2027248620986937,20.0,0.0,5
time/cphl_h_part02,168,24,168:24,mse,repeat,0.050651532039046286,0.07132390942424535,20.0,0.0,5
time/cphl_h_part02,168,24,168:24,mae,repeat,0.17387166917324065,0.2079947218298912,20.0,0.0,5
time/cphl_h_part02,168,24,168:24,nmse,repeat,2.6578609585762023,1.7343820452690124,20.0,0.0,5
time/cphl_h_part02,168,24,168:24,nmae,repeat,1.1612144112586975,1.0502296566963196,20.0,0.0,5
time/cphl_h_part02,168,24,168:24,mase,repeat,3.464989995956421,3.202725124359131,20.0,0.0,5
time/cphl_h_part02,168,24,168:24,mse,repeat,0.050651532039046286,0.07132390942424535,20.0,0.0,5
time/cphl_h_part02,168,24,168:24,mae,repeat,0.17387166917324065,0.2079947218298912,20.0,0.0,5
time/cphl_h_part02,168,24,168:24,nmse,repeat,2.6578609585762023,1.7343820452690124,20.0,0.0,5
time/cphl_h_part02,168,24,168:24,nmae,repeat,1.1612144112586975,1.0502296566963196,20.0,0.0,5
time/cphl_h_part02,168,24,168:24,mase,repeat,3.464989995956421,3.202725124359131,20.0,0.0,5
time/cphl_h_part02,336,48,336:48,mse,repeat,0.2798600886017084,0.11696598678827286,100.0,0.0,5
time/cphl_h_part02,336,48,336:48,mae,repeat,0.4082650125026703,0.24756118655204773,100.0,0.0,5
time/cphl_h_part02,336,48,336:48,nmse,repeat,2.8464086771011354,1.0061339914798737,100.0,0.0,5
time/cphl_h_part02,336,48,336:48,nmae,repeat,1.3649569392204284,0.8091558337211608,100.0,0.0,5
time/cphl_h_part02,336,48,336:48,mase,repeat,5.002978754043579,2.9527181148529054,100.0,0.0,5
time/cphl_h_part02,336,48,336:48,mse,repeat,0.2798600886017084,0.11696598678827286,100.0,0.0,5
time/cphl_h_part02,336,48,336:48,mae,repeat,0.4082650125026703,0.24756118655204773,100.0,0.0,5
time/cphl_h_part02,336,48,336:48,nmse,repeat,2.8464086771011354,1.0061339914798737,100.0,0.0,5
time/cphl_h_part02,336,48,336:48,nmae,repeat,1.3649569392204284,0.8091558337211608,100.0,0.0,5
time/cphl_h_part02,336,48,336:48,mase,repeat,5.002978754043579,2.9527181148529054,100.0,0.0,5
time/cphl_h_part02,336,48,336:48,mse,repeat,0.279860096052289,0.11696601267904043,100.0,0.0,5
time/cphl_h_part02,336,48,336:48,mae,repeat,0.4082650125026703,0.24756120145320892,100.0,0.0,5
time/cphl_h_part02,336,48,336:48,nmse,repeat,2.8464086771011354,1.0061339735984802,100.0,0.0,5
time/cphl_h_part02,336,48,336:48,nmae,repeat,1.3649569511413575,0.8091559052467346,100.0,0.0,5
time/cphl_h_part02,336,48,336:48,mase,repeat,5.002978754043579,2.952718186378479,100.0,0.0,5
time/cphl_h_part02,336,48,336:48,mse,repeat,0.279860096052289,0.11696601267904043,100.0,0.0,5
time/cphl_h_part02,336,48,336:48,mae,repeat,0.4082650125026703,0.24756120145320892,100.0,0.0,5
time/cphl_h_part02,336,48,336:48,nmse,repeat,2.8464086771011354,1.0061339735984802,100.0,0.0,5
time/cphl_h_part02,336,48,336:48,nmae,repeat,1.3649569511413575,0.8091559052467346,100.0,0.0,5
time/cphl_h_part02,336,48,336:48,mase,repeat,5.002978754043579,2.952718186378479,100.0,0.0,5
time/cphl_h_part02,504,168,504:168,mse,repeat,0.1973326914012432,0.20702849607914686,50.0,0.0,4
time/cphl_h_part02,504,168,504:168,mae,repeat,0.2752623576670885,0.29559952579438686,50.0,0.0,4
time/cphl_h_part02,504,168,504:168,nmse,repeat,3.0727571845054626,3.1713054925203323,50.0,0.0,4
time/cphl_h_part02,504,168,504:168,nmae,repeat,1.1081104576587677,1.1788801401853561,50.0,0.0,4
time/cphl_h_part02,504,168,504:168,mase,repeat,4.110136330127716,4.394620478153229,50.0,0.0,4
time/cphl_h_part02,504,168,504:168,mse,repeat,0.1973326914012432,0.20702849607914686,50.0,0.0,4
time/cphl_h_part02,504,168,504:168,mae,repeat,0.2752623576670885,0.29559952579438686,50.0,0.0,4
time/cphl_h_part02,504,168,504:168,nmse,repeat,3.0727571845054626,3.1713054925203323,50.0,0.0,4
time/cphl_h_part02,504,168,504:168,nmae,repeat,1.1081104576587677,1.1788801401853561,50.0,0.0,4
time/cphl_h_part02,504,168,504:168,mase,repeat,4.110136330127716,4.394620478153229,50.0,0.0,4
time/cphl_h_part02,504,168,504:168,mse,repeat,0.1973326914012432,0.20702847931534052,50.0,0.0,4
time/cphl_h_part02,504,168,504:168,mae,repeat,0.2752623576670885,0.2955995090305805,50.0,0.0,4
time/cphl_h_part02,504,168,504:168,nmse,repeat,3.0727571845054626,3.1713051944971085,50.0,0.0,4
time/cphl_h_part02,504,168,504:168,nmae,repeat,1.1081104576587677,1.1788800358772278,50.0,0.0,4
time/cphl_h_part02,504,168,504:168,mase,repeat,4.110136330127716,4.394620090723038,50.0,0.0,4
time/cphl_h_part02,504,168,504:168,mse,repeat,0.1973326914012432,0.20702847931534052,50.0,0.0,4
time/cphl_h_part02,504,168,504:168,mae,repeat,0.2752623576670885,0.2955995090305805,50.0,0.0,4
time/cphl_h_part02,504,168,504:168,nmse,repeat,3.0727571845054626,3.1713051944971085,50.0,0.0,4
time/cphl_h_part02,504,168,504:168,nmae,repeat,1.1081104576587677,1.1788800358772278,50.0,0.0,4
time/cphl_h_part02,504,168,504:168,mase,repeat,4.110136330127716,4.394620090723038,50.0,0.0,4
time/crypto_d,7,1,7:1,mse,repeat,66761.25559362087,82756.49785129353,41.66666666666667,0.0,24
time/crypto_d,7,1,7:1,mae,repeat,86.57687123616536,97.09398190180461,41.66666666666667,0.0,24
time/crypto_d,7,1,7:1,nmse,repeat,0.593480925958526,0.6370768437191145,41.66666666666667,0.0,24
time/crypto_d,7,1,7:1,nmae,repeat,0.5440874930160741,0.5846961781693002,41.66666666666667,0.0,24
time/crypto_d,7,1,7:1,mase,repeat,0.6466381796635687,0.7026550540467724,41.66666666666667,0.0,24
time/crypto_d,7,1,7:1,mse,repeat,66761.25559362087,82756.49785129353,41.66666666666667,0.0,24
time/crypto_d,7,1,7:1,mae,repeat,86.57687123616536,97.09398190180461,41.66666666666667,0.0,24
time/crypto_d,7,1,7:1,nmse,repeat,0.593480925958526,0.6370768437191145,41.66666666666667,0.0,24
time/crypto_d,7,1,7:1,nmae,repeat,0.5440874930160741,0.5846961781693002,41.66666666666667,0.0,24
time/crypto_d,7,1,7:1,mase,repeat,0.6466381796635687,0.7026550540467724,41.66666666666667,0.0,24
time/crypto_d,7,1,7:1,mse,repeat,66761.25559362087,82756.50419386353,41.66666666666667,0.0,24
time/crypto_d,7,1,7:1,mae,repeat,86.57687123616536,97.09406328201294,41.66666666666667,0.0,24
time/crypto_d,7,1,7:1,nmse,repeat,0.593480925958526,0.6370771581957039,41.66666666666667,0.0,24
time/crypto_d,7,1,7:1,nmae,repeat,0.5440874930160741,0.5846967518640062,41.66666666666667,0.0,24
time/crypto_d,7,1,7:1,mase,repeat,0.6466381796635687,0.7026554762463396,41.66666666666667,0.0,24
time/crypto_d,7,1,7:1,mse,repeat,66761.25559362087,82756.50419386353,41.66666666666667,0.0,24
time/crypto_d,7,1,7:1,mae,repeat,86.57687123616536,97.09406328201294,41.66666666666667,0.0,24
time/crypto_d,7,1,7:1,nmse,repeat,0.593480925958526,0.6370771581957039,41.66666666666667,0.0,24
time/crypto_d,7,1,7:1,nmae,repeat,0.5440874930160741,0.5846967518640062,41.66666666666667,0.0,24
time/crypto_d,7,1,7:1,mase,repeat,0.6466381796635687,0.7026554762463396,41.66666666666667,0.0,24
time/crypto_d,14,2,14:2,mse,repeat,267097.8448115252,331918.1596952975,66.66666666666666,0.0,24
time/crypto_d,14,2,14:2,mae,repeat,209.12331310908,223.44606955846152,66.66666666666666,0.0,24
time/crypto_d,14,2,14:2,nmse,repeat,1.6475094255777851,1.610873478348367,66.66666666666666,0.0,24
time/crypto_d,14,2,14:2,nmae,repeat,0.9281444490576783,0.8740419542106489,66.66666666666666,0.0,24
time/crypto_d,14,2,14:2,mase,repeat,1.4209896655132372,1.3080243958781164,66.66666666666666,0.0,24
time/crypto_d,14,2,14:2,mse,repeat,267097.8448115252,331918.1596952975,66.66666666666666,0.0,24
time/crypto_d,14,2,14:2,mae,repeat,209.12331310908,223.44606955846152,66.66666666666666,0.0,24
time/crypto_d,14,2,14:2,nmse,repeat,1.6475094255777851,1.610873478348367,66.66666666666666,0.0,24
time/crypto_d,14,2,14:2,nmae,repeat,0.9281444490576783,0.8740419542106489,66.66666666666666,0.0,24
time/crypto_d,14,2,14:2,mase,repeat,1.4209896655132372,1.3080243958781164,66.66666666666666,0.0,24
time/crypto_d,14,2,14:2,mse,repeat,267097.8448115252,331918.168556273,66.66666666666666,0.0,24
time/crypto_d,14,2,14:2,mae,repeat,209.12331310908,223.44608902931213,66.66666666666666,0.0,24
time/crypto_d,14,2,14:2,nmse,repeat,1.6475094255777851,1.6108734361284103,66.66666666666666,0.0,24
time/crypto_d,14,2,14:2,nmae,repeat,0.9281444490576783,0.8740419157159826,66.66666666666666,0.0,24
time/crypto_d,14,2,14:2,mase,repeat,1.4209896655132372,1.3080243313064177,66.66666666666666,0.0,24
time/crypto_d,14,2,14:2,mse,repeat,267097.8448115252,331918.168556273,66.66666666666666,0.0,24
time/crypto_d,14,2,14:2,mae,repeat,209.12331310908,223.44608902931213,66.66666666666666,0.0,24
time/crypto_d,14,2,14:2,nmse,repeat,1.6475094255777851,1.6108734361284103,66.66666666666666,0.0,24
time/crypto_d,14,2,14:2,nmae,repeat,0.9281444490576783,0.8740419157159826,66.66666666666666,0.0,24
time/crypto_d,14,2,14:2,mase,repeat,1.4209896655132372,1.3080243313064177,66.66666666666666,0.0,24
time/crypto_d,30,7,30:7,mse,repeat,1152611.410836344,534728.1012225747,79.16666666666666,0.0,24
time/crypto_d,30,7,30:7,mae,repeat,462.243548899889,294.4285060117642,79.16666666666666,0.0,24
time/crypto_d,30,7,30:7,nmse,repeat,1.88691142698129,0.7274670683157941,79.16666666666666,0.0,24
time/crypto_d,30,7,30:7,nmae,repeat,1.047142152984937,0.6073854478696982,79.16666666666666,0.0,24
time/crypto_d,30,7,30:7,mase,repeat,3.1887831489245095,2.032434413830439,79.16666666666666,0.0,24
time/crypto_d,30,7,30:7,mse,repeat,1152611.410836344,534728.1012225747,79.16666666666666,0.0,24
time/crypto_d,30,7,30:7,mae,repeat,462.243548899889,294.4285060117642,79.16666666666666,0.0,24
time/crypto_d,30,7,30:7,nmse,repeat,1.88691142698129,0.7274670683157941,79.16666666666666,0.0,24
time/crypto_d,30,7,30:7,nmae,repeat,1.047142152984937,0.6073854478696982,79.16666666666666,0.0,24
time/crypto_d,30,7,30:7,mase,repeat,3.1887831489245095,2.032434413830439,79.16666666666666,0.0,24
time/crypto_d,30,7,30:7,mse,repeat,1152611.410836344,534728.3129406968,79.16666666666666,0.0,24
time/crypto_d,30,7,30:7,mae,repeat,462.243548899889,294.428517917792,79.16666666666666,0.0,24
time/crypto_d,30,7,30:7,nmse,repeat,1.88691142698129,0.7274670833721757,79.16666666666666,0.0,24
time/crypto_d,30,7,30:7,nmae,repeat,1.047142152984937,0.6073854751884937,79.16666666666666,0.0,24
time/crypto_d,30,7,30:7,mase,repeat,3.1887831489245095,2.0324345206220946,79.16666666666666,0.0,24
time/crypto_d,30,7,30:7,mse,repeat,1152611.410836344,534728.3129406968,79.16666666666666,0.0,24
time/crypto_d,30,7,30:7,mae,repeat,462.243548899889,294.428517917792,79.16666666666666,0.0,24
time/crypto_d,30,7,30:7,nmse,repeat,1.88691142698129,0.7274670833721757,79.16666666666666,0.0,24
time/crypto_d,30,7,30:7,nmae,repeat,1.047142152984937,0.6073854751884937,79.16666666666666,0.0,24
time/crypto_d,30,7,30:7,mase,repeat,3.1887831489245095,2.0324345206220946,79.16666666666666,0.0,24
time/current_velocity_h_part01,168,24,168:24,mse,repeat,6.077833450312872,6.1751297889924555,91.66666666666666,0.0,60
time/current_velocity_h_part01,168,24,168:24,mae,repeat,0.8538659255718812,0.772093618453558,90.0,0.0,60
time/current_velocity_h_part01,168,24,168:24,nmse,repeat,0.5978299411013722,0.45365054462260257,91.66666666666666,0.0,60
time/current_velocity_h_part01,168,24,168:24,nmae,repeat,0.5566384837031364,0.3926080986857414,90.0,0.0,60
time/current_velocity_h_part01,168,24,168:24,mase,repeat,1.627149249613285,1.06225867792964,90.0,0.0,60
time/current_velocity_h_part01,168,24,168:24,mse,repeat,6.077833450312872,6.1751297889924555,91.66666666666666,0.0,60
time/current_velocity_h_part01,168,24,168:24,mae,repeat,0.8538659255718812,0.772093618453558,90.0,0.0,60
time/current_velocity_h_part01,168,24,168:24,nmse,repeat,0.5978299411013722,0.45365054462260257,91.66666666666666,0.0,60
time/current_velocity_h_part01,168,24,168:24,nmae,repeat,0.5566384837031364,0.3926080986857414,90.0,0.0,60
time/current_velocity_h_part01,168,24,168:24,mase,repeat,1.627149249613285,1.06225867792964,90.0,0.0,60
time/current_velocity_h_part01,168,24,168:24,mse,repeat,6.077833450386614,6.175129949569896,91.66666666666666,0.0,60
time/current_velocity_h_part01,168,24,168:24,mae,repeat,0.8538659258241145,0.7720937257884847,90.0,0.0,60
time/current_velocity_h_part01,168,24,168:24,nmse,repeat,0.5978299365689357,0.4536506561484809,91.66666666666666,0.0,60
time/current_velocity_h_part01,168,24,168:24,nmae,repeat,0.5566384839514892,0.392608222241203,90.0,0.0,60
time/current_velocity_h_part01,168,24,168:24,mase,repeat,1.6271492506066958,1.0622593422730764,90.0,0.0,60
time/current_velocity_h_part01,168,24,168:24,mse,repeat,6.077833450386614,6.175129949569896,91.66666666666666,0.0,60
time/current_velocity_h_part01,168,24,168:24,mae,repeat,0.8538659258241145,0.7720937257884847,90.0,0.0,60
time/current_velocity_h_part01,168,24,168:24,nmse,repeat,0.5978299365689357,0.4536506561484809,91.66666666666666,0.0,60
time/current_velocity_h_part01,168,24,168:24,nmae,repeat,0.5566384839514892,0.392608222241203,90.0,0.0,60
time/current_velocity_h_part01,168,24,168:24,mase,repeat,1.6271492506066958,1.0622593422730764,90.0,0.0,60
time/current_velocity_h_part01,336,48,336:48,mse,repeat,17.51319228310267,7.261683199025002,100.0,0.0,54
time/current_velocity_h_part01,336,48,336:48,mae,repeat,1.6047995200648006,0.8711371644210346,98.14814814814815,0.0,54
time/current_velocity_h_part01,336,48,336:48,nmse,repeat,1.1302542565390468,0.35512242283396145,100.0,0.0,54
time/current_velocity_h_part01,336,48,336:48,nmae,repeat,0.8233976717348452,0.37587442635386076,98.14814814814815,0.0,54
time/current_velocity_h_part01,336,48,336:48,mase,repeat,3.2201821704705558,1.3638497822814517,98.14814814814815,0.0,54
time/current_velocity_h_part01,336,48,336:48,mse,repeat,17.51319228310267,7.261683199025002,100.0,0.0,54
time/current_velocity_h_part01,336,48,336:48,mae,repeat,1.6047995200648006,0.8711371644210346,98.14814814814815,0.0,54
time/current_velocity_h_part01,336,48,336:48,nmse,repeat,1.1302542565390468,0.35512242283396145,100.0,0.0,54
time/current_velocity_h_part01,336,48,336:48,nmae,repeat,0.8233976717348452,0.37587442635386076,98.14814814814815,0.0,54
time/current_velocity_h_part01,336,48,336:48,mase,repeat,3.2201821704705558,1.3638497822814517,98.14814814814815,0.0,54
time/current_velocity_h_part01,336,48,336:48,mse,repeat,17.513192283171673,7.261681764498883,100.0,0.0,54
time/current_velocity_h_part01,336,48,336:48,mae,repeat,1.6047995197888534,0.8711371438737303,98.14814814814815,0.0,54
time/current_velocity_h_part01,336,48,336:48,nmse,repeat,1.1302542637136799,0.3551226480415574,100.0,0.0,54
time/current_velocity_h_part01,336,48,336:48,nmae,repeat,0.8233976794613732,0.3758745164506965,98.14814814814815,0.0,54
time/current_velocity_h_part01,336,48,336:48,mase,repeat,3.220182183716032,1.363850971062978,98.14814814814815,0.0,54
time/current_velocity_h_part01,336,48,336:48,mse,repeat,17.513192283171673,7.261681764498883,100.0,0.0,54
time/current_velocity_h_part01,336,48,336:48,mae,repeat,1.6047995197888534,0.8711371438737303,98.14814814814815,0.0,54
time/current_velocity_h_part01,336,48,336:48,nmse,repeat,1.1302542637136799,0.3551226480415574,100.0,0.0,54
time/current_velocity_h_part01,336,48,336:48,nmae,repeat,0.8233976794613732,0.3758745164506965,98.14814814814815,0.0,54
time/current_velocity_h_part01,336,48,336:48,mase,repeat,3.220182183716032,1.363850971062978,98.14814814814815,0.0,54
time/current_velocity_h_part01,504,168,504:168,mse,repeat,41.61096214914209,8.299113579179751,94.44444444444444,0.0,54
time/current_velocity_h_part01,504,168,504:168,mae,repeat,2.634306558890751,1.060822887057266,94.44444444444444,0.0,54
time/current_velocity_h_part01,504,168,504:168,nmse,repeat,3.1466349662729987,1.0039071142673492,94.44444444444444,0.0,54
time/current_velocity_h_part01,504,168,504:168,nmae,repeat,1.4365733906074807,0.6033810959370048,94.44444444444444,0.0,54
time/current_velocity_h_part01,504,168,504:168,mase,repeat,5.55754479655513,3.4433703003106295,94.44444444444444,0.0,54
time/current_velocity_h_part01,504,168,504:168,mse,repeat,41.61096214914209,8.299113579179751,94.44444444444444,0.0,54
time/current_velocity_h_part01,504,168,504:168,mae,repeat,2.634306558890751,1.060822887057266,94.44444444444444,0.0,54
time/current_velocity_h_part01,504,168,504:168,nmse,repeat,3.1466349662729987,1.0039071142673492,94.44444444444444,0.0,54
time/current_velocity_h_part01,504,168,504:168,nmae,repeat,1.4365733906074807,0.6033810959370048,94.44444444444444,0.0,54
time/current_velocity_h_part01,504,168,504:168,mase,repeat,5.55754479655513,3.4433703003106295,94.44444444444444,0.0,54
time/current_velocity_h_part01,504,168,504:168,mse,repeat,41.6109621485902,8.299114631022324,94.44444444444444,0.0,54
time/current_velocity_h_part01,504,168,504:168,mae,repeat,2.634306559994541,1.0608229297687541,94.44444444444444,0.0,54
time/current_velocity_h_part01,504,168,504:168,nmse,repeat,3.1466349618578398,1.0039072789389778,94.44444444444444,0.0,54
time/current_velocity_h_part01,504,168,504:168,nmae,repeat,1.4365733906074807,0.6033811447796998,94.44444444444444,0.0,54
time/current_velocity_h_part01,504,168,504:168,mase,repeat,5.55754479876271,3.4433710243966846,94.44444444444444,0.0,54
time/current_velocity_h_part01,504,168,504:168,mse,repeat,41.6109621485902,8.299114631022324,94.44444444444444,0.0,54
time/current_velocity_h_part01,504,168,504:168,mae,repeat,2.634306559994541,1.0608229297687541,94.44444444444444,0.0,54
time/current_velocity_h_part01,504,168,504:168,nmse,repeat,3.1466349618578398,1.0039072789389778,94.44444444444444,0.0,54
time/current_velocity_h_part01,504,168,504:168,nmae,repeat,1.4365733906074807,0.6033811447796998,94.44444444444444,0.0,54
time/current_velocity_h_part01,504,168,504:168,mase,repeat,5.55754479876271,3.4433710243966846,94.44444444444444,0.0,54
time/current_velocity_h_part02,168,24,168:24,mse,repeat,7.250573552118087,5.070893725818518,88.88888888888889,0.0,54
time/current_velocity_h_part02,168,24,168:24,mae,repeat,0.9828770878267716,0.7131835225866072,88.88888888888889,0.0,54
time/current_velocity_h_part02,168,24,168:24,nmse,repeat,0.5582484160722406,0.3350328106985048,88.88888888888889,0.0,54
time/current_velocity_h_part02,168,24,168:24,nmae,repeat,0.5488266117042966,0.3523671767777867,88.88888888888889,0.0,54
time/current_velocity_h_part02,168,24,168:24,mase,repeat,1.6215302408845336,0.9680564985783012,88.88888888888889,0.0,54
time/current_velocity_h_part02,168,24,168:24,mse,repeat,7.250573552118087,5.070893725818518,88.88888888888889,0.0,54
time/current_velocity_h_part02,168,24,168:24,mae,repeat,0.9828770878267716,0.7131835225866072,88.88888888888889,0.0,54
time/current_velocity_h_part02,168,24,168:24,nmse,repeat,0.5582484160722406,0.3350328106985048,88.88888888888889,0.0,54
time/current_velocity_h_part02,168,24,168:24,nmae,repeat,0.5488266117042966,0.3523671767777867,88.88888888888889,0.0,54
time/current_velocity_h_part02,168,24,168:24,mase,repeat,1.6215302408845336,0.9680564985783012,88.88888888888889,0.0,54
time/current_velocity_h_part02,168,24,168:24,mse,repeat,7.250573551988703,5.070894125089673,88.88888888888889,0.0,54
time/current_velocity_h_part02,168,24,168:24,mae,repeat,0.9828770876198111,0.7131836043015398,88.88888888888889,0.0,54
time/current_velocity_h_part02,168,24,168:24,nmse,repeat,0.5582484156583194,0.3350328263800798,88.88888888888889,0.0,54
time/current_velocity_h_part02,168,24,168:24,nmae,repeat,0.5488266139118759,0.35236716111777006,88.88888888888889,0.0,54
time/current_velocity_h_part02,168,24,168:24,mase,repeat,1.6215302386769541,0.9680563837841705,88.88888888888889,0.0,54
time/current_velocity_h_part02,168,24,168:24,mse,repeat,7.250573551988703,5.070894125089673,88.88888888888889,0.0,54
time/current_velocity_h_part02,168,24,168:24,mae,repeat,0.9828770876198111,0.7131836043015398,88.88888888888889,0.0,54
time/current_velocity_h_part02,168,24,168:24,nmse,repeat,0.5582484156583194,0.3350328263800798,88.88888888888889,0.0,54
time/current_velocity_h_part02,168,24,168:24,nmae,repeat,0.5488266139118759,0.35236716111777006,88.88888888888889,0.0,54
time/current_velocity_h_part02,168,24,168:24,mase,repeat,1.6215302386769541,0.9680563837841705,88.88888888888889,0.0,54
time/current_velocity_h_part02,336,48,336:48,mse,repeat,13.916064182258046,4.446449618097084,94.44444444444444,0.0,54
time/current_velocity_h_part02,336,48,336:48,mae,repeat,1.5190593766402107,0.682623898164214,94.44444444444444,0.0,54
time/current_velocity_h_part02,336,48,336:48,nmse,repeat,0.6630279815031422,0.15468215404285324,94.44444444444444,0.0,54
time/current_velocity_h_part02,336,48,336:48,nmae,repeat,0.6598468566382373,0.2580639839310337,94.44444444444444,0.0,54
time/current_velocity_h_part02,336,48,336:48,mase,repeat,2.325554580600173,0.993556294452261,94.44444444444444,0.0,54
time/current_velocity_h_part02,336,48,336:48,mse,repeat,13.916064182258046,4.446449618097084,94.44444444444444,0.0,54
time/current_velocity_h_part02,336,48,336:48,mae,repeat,1.5190593766402107,0.682623898164214,94.44444444444444,0.0,54
time/current_velocity_h_part02,336,48,336:48,nmse,repeat,0.6630279815031422,0.15468215404285324,94.44444444444444,0.0,54
time/current_velocity_h_part02,336,48,336:48,nmae,repeat,0.6598468566382373,0.2580639839310337,94.44444444444444,0.0,54
time/current_velocity_h_part02,336,48,336:48,mase,repeat,2.325554580600173,0.993556294452261,94.44444444444444,0.0,54
time/current_velocity_h_part02,336,48,336:48,mse,repeat,13.916064182258012,4.446449920227161,94.44444444444444,0.0,54
time/current_velocity_h_part02,336,48,336:48,mae,repeat,1.5190593774680532,0.6826238824697038,94.44444444444444,0.0,54
time/current_velocity_h_part02,336,48,336:48,nmse,repeat,0.6630279787436679,0.15468216913372831,94.44444444444444,0.0,54
time/current_velocity_h_part02,336,48,336:48,nmae,repeat,0.6598468533268681,0.2580639665463456,94.44444444444444,0.0,54
time/current_velocity_h_part02,336,48,336:48,mase,repeat,2.3255545872229115,0.9935561735872869,94.44444444444444,0.0,54
time/current_velocity_h_part02,336,48,336:48,mse,repeat,13.916064182258012,4.446449920227161,94.44444444444444,0.0,54
time/current_velocity_h_part02,336,48,336:48,mae,repeat,1.5190593774680532,0.6826238824697038,94.44444444444444,0.0,54
time/current_velocity_h_part02,336,48,336:48,nmse,repeat,0.6630279787436679,0.15468216913372831,94.44444444444444,0.0,54
time/current_velocity_h_part02,336,48,336:48,nmae,repeat,0.6598468533268681,0.2580639665463456,94.44444444444444,0.0,54
time/current_velocity_h_part02,336,48,336:48,mase,repeat,2.3255545872229115,0.9935561735872869,94.44444444444444,0.0,54
time/current_velocity_h_part02,504,168,504:168,mse,repeat,58.01920663851263,11.31327504265017,97.91666666666666,0.0,48
time/current_velocity_h_part02,504,168,504:168,mae,repeat,3.2508764435187913,1.2303364547963913,97.91666666666666,0.0,48
time/current_velocity_h_part02,504,168,504:168,nmse,repeat,4.641358011091749,0.9801069176755846,97.91666666666666,0.0,48
time/current_velocity_h_part02,504,168,504:168,nmae,repeat,1.6330563575029373,0.584903541021049,97.91666666666666,0.0,48
time/current_velocity_h_part02,504,168,504:168,mase,repeat,9.068810751040777,3.8221546076238155,97.91666666666666,0.0,48
time/current_velocity_h_part02,504,168,504:168,mse,repeat,58.01920663851263,11.31327504265017,97.91666666666666,0.0,48
time/current_velocity_h_part02,504,168,504:168,mae,repeat,3.2508764435187913,1.2303364547963913,97.91666666666666,0.0,48
time/current_velocity_h_part02,504,168,504:168,nmse,repeat,4.641358011091749,0.9801069176755846,97.91666666666666,0.0,48
time/current_velocity_h_part02,504,168,504:168,nmae,repeat,1.6330563575029373,0.584903541021049,97.91666666666666,0.0,48
time/current_velocity_h_part02,504,168,504:168,mase,repeat,9.068810751040777,3.8221546076238155,97.91666666666666,0.0,48
time/current_velocity_h_part02,504,168,504:168,mse,repeat,58.01920663851263,11.313275635849294,97.91666666666666,0.0,48
time/current_velocity_h_part02,504,168,504:168,mae,repeat,3.2508764435187913,1.2303365830036153,97.91666666666666,0.0,48
time/current_velocity_h_part02,504,168,504:168,nmse,repeat,4.641358011091749,0.9801073717050409,97.91666666666666,0.0,48
time/current_velocity_h_part02,504,168,504:168,nmae,repeat,1.6330563575029373,0.5849036358607312,97.91666666666666,0.0,48
time/current_velocity_h_part02,504,168,504:168,mase,repeat,9.068810751040777,3.8221555408090353,97.91666666666666,0.0,48
time/current_velocity_h_part02,504,168,504:168,mse,repeat,58.01920663851263,11.313275635849294,97.91666666666666,0.0,48
time/current_velocity_h_part02,504,168,504:168,mae,repeat,3.2508764435187913,1.2303365830036153,97.91666666666666,0.0,48
time/current_velocity_h_part02,504,168,504:168,nmse,repeat,4.641358011091749,0.9801073717050409,97.91666666666666,0.0,48
time/current_velocity_h_part02,504,168,504:168,nmae,repeat,1.6330563575029373,0.5849036358607312,97.91666666666666,0.0,48
time/current_velocity_h_part02,504,168,504:168,mase,repeat,9.068810751040777,3.8221555408090353,97.91666666666666,0.0,48
time/current_velocity_h_part03,168,24,168:24,mse,repeat,5.595768511738946,2.289386664937037,73.80952380952381,0.0,42
time/current_velocity_h_part03,168,24,168:24,mae,repeat,0.7436425600178718,0.531657781055574,78.57142857142857,0.0,42
time/current_velocity_h_part03,168,24,168:24,nmse,repeat,2.050327557360842,1.6944729886239482,73.80952380952381,0.0,42
time/current_velocity_h_part03,168,24,168:24,nmae,repeat,0.9785547238730249,0.8300628541480928,78.57142857142857,0.0,42
time/current_velocity_h_part03,168,24,168:24,mase,repeat,3.2629223352386836,3.066367071299326,78.57142857142857,0.0,42
time/current_velocity_h_part03,168,24,168:24,mse,repeat,5.595768511738946,2.289386664937037,73.80952380952381,0.0,42
time/current_velocity_h_part03,168,24,168:24,mae,repeat,0.7436425600178718,0.531657781055574,78.57142857142857,0.0,42
time/current_velocity_h_part03,168,24,168:24,nmse,repeat,2.050327557360842,1.6944729886239482,73.80952380952381,0.0,42
time/current_velocity_h_part03,168,24,168:24,nmae,repeat,0.9785547238730249,0.8300628541480928,78.57142857142857,0.0,42
time/current_velocity_h_part03,168,24,168:24,mase,repeat,3.2629223352386836,3.066367071299326,78.57142857142857,0.0,42
time/current_velocity_h_part03,168,24,168:24,mse,repeat,5.595768511769447,2.2893861712528754,73.80952380952381,0.0,42
time/current_velocity_h_part03,168,24,168:24,mae,repeat,0.7436425602063537,0.5316577238402151,78.57142857142857,0.0,42
time/current_velocity_h_part03,168,24,168:24,nmse,repeat,2.0503275555868945,1.694470580135073,73.80952380952381,0.0,42
time/current_velocity_h_part03,168,24,168:24,nmae,repeat,0.9785547196155503,0.8300624596221107,78.57142857142857,0.0,42
time/current_velocity_h_part03,168,24,168:24,mase,repeat,3.262922321047102,3.0663659473260245,78.57142857142857,0.0,42
time/current_velocity_h_part03,168,24,168:24,mse,repeat,5.595768511769447,2.2893861712528754,73.80952380952381,0.0,42
time/current_velocity_h_part03,168,24,168:24,mae,repeat,0.7436425602063537,0.5316577238402151,78.57142857142857,0.0,42
time/current_velocity_h_part03,168,24,168:24,nmse,repeat,2.0503275555868945,1.694470580135073,73.80952380952381,0.0,42
time/current_velocity_h_part03,168,24,168:24,nmae,repeat,0.9785547196155503,0.8300624596221107,78.57142857142857,0.0,42
time/current_velocity_h_part03,168,24,168:24,mase,repeat,3.262922321047102,3.0663659473260245,78.57142857142857,0.0,42
time/current_velocity_h_part03,336,48,336:48,mse,repeat,3.3831800510086825,3.147961400422307,91.66666666666666,0.0,36
time/current_velocity_h_part03,336,48,336:48,mae,repeat,0.6890926409396343,0.6386358053067751,88.88888888888889,0.0,36
time/current_velocity_h_part03,336,48,336:48,nmse,repeat,1.1894213573800192,0.6687823278932936,91.66666666666666,0.0,36
time/current_velocity_h_part03,336,48,336:48,nmae,repeat,0.8280405410461955,0.585840263714393,88.88888888888889,0.0,36
time/current_velocity_h_part03,336,48,336:48,mase,repeat,3.2708802421887717,2.2284523199001947,88.88888888888889,0.0,36
time/current_velocity_h_part03,336,48,336:48,mse,repeat,3.3831800510086825,3.147961400422307,91.66666666666666,0.0,36
time/current_velocity_h_part03,336,48,336:48,mae,repeat,0.6890926409396343,0.6386358053067751,88.88888888888889,0.0,36
time/current_velocity_h_part03,336,48,336:48,nmse,repeat,1.1894213573800192,0.6687823278932936,91.66666666666666,0.0,36
time/current_velocity_h_part03,336,48,336:48,nmae,repeat,0.8280405410461955,0.585840263714393,88.88888888888889,0.0,36
time/current_velocity_h_part03,336,48,336:48,mase,repeat,3.2708802421887717,2.2284523199001947,88.88888888888889,0.0,36
time/current_velocity_h_part03,336,48,336:48,mse,repeat,3.383180051060423,3.1479615878929,91.66666666666666,0.0,36
time/current_velocity_h_part03,336,48,336:48,mae,repeat,0.6890926413535554,0.6386358367712496,88.88888888888889,0.0,36
time/current_velocity_h_part03,336,48,336:48,nmse,repeat,1.1894213557243347,0.6687825560155842,91.66666666666666,0.0,36
time/current_velocity_h_part03,336,48,336:48,nmae,repeat,0.8280405410461955,0.5858403816819191,88.88888888888889,0.0,36
time/current_velocity_h_part03,336,48,336:48,mase,repeat,3.2708802455001407,2.2284525599744587,88.88888888888889,0.0,36
time/current_velocity_h_part03,336,48,336:48,mse,repeat,3.383180051060423,3.1479615878929,91.66666666666666,0.0,36
time/current_velocity_h_part03,336,48,336:48,mae,repeat,0.6890926413535554,0.6386358367712496,88.88888888888889,0.0,36
time/current_velocity_h_part03,336,48,336:48,nmse,repeat,1.1894213557243347,0.6687825560155842,91.66666666666666,0.0,36
time/current_velocity_h_part03,336,48,336:48,nmae,repeat,0.8280405410461955,0.5858403816819191,88.88888888888889,0.0,36
time/current_velocity_h_part03,336,48,336:48,mase,repeat,3.2708802455001407,2.2284525599744587,88.88888888888889,0.0,36
time/current_velocity_h_part03,504,168,504:168,mse,repeat,11.258558600279079,12.157292646037742,88.88888888888889,0.0,36
time/current_velocity_h_part03,504,168,504:168,mae,repeat,1.2385617565467126,1.1958066311684281,88.88888888888889,0.0,36
time/current_velocity_h_part03,504,168,504:168,nmse,repeat,1.8466348904702399,1.0010520948304071,88.88888888888889,0.0,36
time/current_velocity_h_part03,504,168,504:168,nmae,repeat,1.0560995936393738,0.7127033753527535,88.88888888888889,0.0,36
time/current_velocity_h_part03,504,168,504:168,mase,repeat,4.677760289775001,3.2897450659010143,88.88888888888889,0.0,36
time/current_velocity_h_part03,504,168,504:168,mse,repeat,11.258558600279079,12.157292646037742,88.88888888888889,0.0,36
time/current_velocity_h_part03,504,168,504:168,mae,repeat,1.2385617565467126,1.1958066311684281,88.88888888888889,0.0,36
time/current_velocity_h_part03,504,168,504:168,nmse,repeat,1.8466348904702399,1.0010520948304071,88.88888888888889,0.0,36
time/current_velocity_h_part03,504,168,504:168,nmae,repeat,1.0560995936393738,0.7127033753527535,88.88888888888889,0.0,36
time/current_velocity_h_part03,504,168,504:168,mase,repeat,4.677760289775001,3.2897450659010143,88.88888888888889,0.0,36
time/current_velocity_h_part03,504,168,504:168,mse,repeat,11.258558600266143,12.157292211229914,88.88888888888889,0.0,36
time/current_velocity_h_part03,504,168,504:168,mae,repeat,1.2385617563656222,1.195806634686758,88.88888888888889,0.0,36
time/current_velocity_h_part03,504,168,504:168,nmse,repeat,1.846634873913394,1.0010520023190312,88.88888888888889,0.0,36
time/current_velocity_h_part03,504,168,504:168,nmae,repeat,1.0560996002621121,0.7127033782502016,88.88888888888889,0.0,36
time/current_velocity_h_part03,504,168,504:168,mase,repeat,4.677760273218155,3.2897446056207023,88.88888888888889,0.0,36
time/current_velocity_h_part03,504,168,504:168,mse,repeat,11.258558600266143,12.157292211229914,88.88888888888889,0.0,36
time/current_velocity_h_part03,504,168,504:168,mae,repeat,1.2385617563656222,1.195806634686758,88.88888888888889,0.0,36
time/current_velocity_h_part03,504,168,504:168,nmse,repeat,1.846634873913394,1.0010520023190312,88.88888888888889,0.0,36
time/current_velocity_h_part03,504,168,504:168,nmae,repeat,1.0560996002621121,0.7127033782502016,88.88888888888889,0.0,36
time/current_velocity_h_part03,504,168,504:168,mase,repeat,4.677760273218155,3.2897446056207023,88.88888888888889,0.0,36
time/current_velocity_h_part04,168,24,168:24,mse,repeat,17.981552038508262,11.825190321194016,74.07407407407408,0.0,54
time/current_velocity_h_part04,168,24,168:24,mae,repeat,1.25096025866784,1.0104065371560864,77.77777777777779,0.0,54
time/current_velocity_h_part04,168,24,168:24,nmse,repeat,1.0550083065474476,0.6587862735441713,74.07407407407408,0.0,54
time/current_velocity_h_part04,168,24,168:24,nmae,repeat,0.7466060789646926,0.55803810087619,77.77777777777779,0.0,54
time/current_velocity_h_part04,168,24,168:24,mase,repeat,2.8629399400066444,2.0300620242401406,77.77777777777779,0.0,54
time/current_velocity_h_part04,168,24,168:24,mse,repeat,17.981552038508262,11.825190321194016,74.07407407407408,0.0,54
time/current_velocity_h_part04,168,24,168:24,mae,repeat,1.25096025866784,1.0104065371560864,77.77777777777779,0.0,54
time/current_velocity_h_part04,168,24,168:24,nmse,repeat,1.0550083065474476,0.6587862735441713,74.07407407407408,0.0,54
time/current_velocity_h_part04,168,24,168:24,nmae,repeat,0.7466060789646926,0.55803810087619,77.77777777777779,0.0,54
time/current_velocity_h_part04,168,24,168:24,mase,repeat,2.8629399400066444,2.0300620242401406,77.77777777777779,0.0,54
time/current_velocity_h_part04,168,24,168:24,mse,repeat,17.981552038544876,11.825189700113903,74.07407407407408,0.0,54
time/current_velocity_h_part04,168,24,168:24,mae,repeat,1.2509602586010091,1.01040644830317,77.77777777777779,0.0,54
time/current_velocity_h_part04,168,24,168:24,nmse,repeat,1.0550083070993423,0.6587858662802588,74.07407407407408,0.0,54
time/current_velocity_h_part04,168,24,168:24,nmae,repeat,0.7466060800684823,0.5580378519716086,77.77777777777779,0.0,54
time/current_velocity_h_part04,168,24,168:24,mase,repeat,2.8629399598748595,2.030060542402444,77.77777777777779,0.0,54
time/current_velocity_h_part04,168,24,168:24,mse,repeat,17.981552038544876,11.825189700113903,74.07407407407408,0.0,54
time/current_velocity_h_part04,168,24,168:24,mae,repeat,1.2509602586010091,1.01040644830317,77.77777777777779,0.0,54
time/current_velocity_h_part04,168,24,168:24,nmse,repeat,1.0550083070993423,0.6587858662802588,74.07407407407408,0.0,54
time/current_velocity_h_part04,168,24,168:24,nmae,repeat,0.7466060800684823,0.5580378519716086,77.77777777777779,0.0,54
time/current_velocity_h_part04,168,24,168:24,mase,repeat,2.8629399598748595,2.030060542402444,77.77777777777779,0.0,54
time/current_velocity_h_part04,336,48,336:48,mse,repeat,15.40979369018028,12.569767270900886,83.33333333333334,0.0,54
time/current_velocity_h_part04,336,48,336:48,mae,repeat,1.334107551290395,1.2075604585137356,87.03703703703704,0.0,54
time/current_velocity_h_part04,336,48,336:48,nmse,repeat,1.7700831222313422,1.1724518189137731,83.33333333333334,0.0,54
time/current_velocity_h_part04,336,48,336:48,nmae,repeat,1.0008464610135113,0.7463573140126688,87.03703703703704,0.0,54
time/current_velocity_h_part04,336,48,336:48,mase,repeat,4.527507627451861,3.2854859431584678,87.03703703703704,0.0,54
time/current_velocity_h_part04,336,48,336:48,mse,repeat,15.40979369018028,12.569767270900886,83.33333333333334,0.0,54
time/current_velocity_h_part04,336,48,336:48,mae,repeat,1.334107551290395,1.2075604585137356,87.03703703703704,0.0,54
time/current_velocity_h_part04,336,48,336:48,nmse,repeat,1.7700831222313422,1.1724518189137731,83.33333333333334,0.0,54
time/current_velocity_h_part04,336,48,336:48,nmae,repeat,1.0008464610135113,0.7463573140126688,87.03703703703704,0.0,54
time/current_velocity_h_part04,336,48,336:48,mase,repeat,4.527507627451861,3.2854859431584678,87.03703703703704,0.0,54
time/current_velocity_h_part04,336,48,336:48,mse,repeat,15.409793690180289,12.569768574442095,83.33333333333334,0.0,54
time/current_velocity_h_part04,336,48,336:48,mae,repeat,1.3341075511524212,1.2075604942489278,87.03703703703704,0.0,54
time/current_velocity_h_part04,336,48,336:48,nmse,repeat,1.770083138788188,1.1724519066650558,83.33333333333334,0.0,54
time/current_velocity_h_part04,336,48,336:48,nmae,repeat,1.0008464554945629,0.7463573487820448,87.03703703703704,0.0,54
time/current_velocity_h_part04,336,48,336:48,mase,repeat,4.527507624140492,3.2854864553168968,87.03703703703704,0.0,54
time/current_velocity_h_part04,336,48,336:48,mse,repeat,15.409793690180289,12.569768574442095,83.33333333333334,0.0,54
time/current_velocity_h_part04,336,48,336:48,mae,repeat,1.3341075511524212,1.2075604942489278,87.03703703703704,0.0,54
time/current_velocity_h_part04,336,48,336:48,nmse,repeat,1.770083138788188,1.1724519066650558,83.33333333333334,0.0,54
time/current_velocity_h_part04,336,48,336:48,nmae,repeat,1.0008464554945629,0.7463573487820448,87.03703703703704,0.0,54
time/current_velocity_h_part04,336,48,336:48,mase,repeat,4.527507624140492,3.2854864553168968,87.03703703703704,0.0,54
time/current_velocity_h_part04,504,168,504:168,mse,repeat,24.087318030490128,17.55950962472758,97.91666666666666,0.0,48
time/current_velocity_h_part04,504,168,504:168,mae,repeat,1.6590404701710213,1.3770768638302495,97.91666666666666,0.0,48
time/current_velocity_h_part04,504,168,504:168,nmse,repeat,2.580017072459062,1.2213524074759334,97.91666666666666,0.0,48
time/current_velocity_h_part04,504,168,504:168,nmae,repeat,1.2095372962454956,0.7308249790221453,97.91666666666666,0.0,48
time/current_velocity_h_part04,504,168,504:168,mase,repeat,5.872980167468389,3.6552909513314567,97.91666666666666,0.0,48
time/current_velocity_h_part04,504,168,504:168,mse,repeat,24.087318030490128,17.55950962472758,97.91666666666666,0.0,48
time/current_velocity_h_part04,504,168,504:168,mae,repeat,1.6590404701710213,1.3770768638302495,97.91666666666666,0.0,48
time/current_velocity_h_part04,504,168,504:168,nmse,repeat,2.580017072459062,1.2213524074759334,97.91666666666666,0.0,48
time/current_velocity_h_part04,504,168,504:168,nmae,repeat,1.2095372962454956,0.7308249790221453,97.91666666666666,0.0,48
time/current_velocity_h_part04,504,168,504:168,mase,repeat,5.872980167468389,3.6552909513314567,97.91666666666666,0.0,48
time/current_velocity_h_part04,504,168,504:168,mse,repeat,24.087318030470726,17.559508995059044,97.91666666666666,0.0,48
time/current_velocity_h_part04,504,168,504:168,mae,repeat,1.659040470403852,1.3770768996037077,97.91666666666666,0.0,48
time/current_velocity_h_part04,504,168,504:168,nmse,repeat,2.580017072459062,1.2213523910225679,97.91666666666666,0.0,48
time/current_velocity_h_part04,504,168,504:168,nmae,repeat,1.2095372987290223,0.7308250156541666,97.91666666666666,0.0,48
time/current_velocity_h_part04,504,168,504:168,mase,repeat,5.872980157534282,3.6552907278140387,97.91666666666666,0.0,48
time/current_velocity_h_part04,504,168,504:168,mse,repeat,24.087318030470726,17.559508995059044,97.91666666666666,0.0,48
time/current_velocity_h_part04,504,168,504:168,mae,repeat,1.659040470403852,1.3770768996037077,97.91666666666666,0.0,48
time/current_velocity_h_part04,504,168,504:168,nmse,repeat,2.580017072459062,1.2213523910225679,97.91666666666666,0.0,48
time/current_velocity_h_part04,504,168,504:168,nmae,repeat,1.2095372987290223,0.7308250156541666,97.91666666666666,0.0,48
time/current_velocity_h_part04,504,168,504:168,mase,repeat,5.872980157534282,3.6552907278140387,97.91666666666666,0.0,48
time/current_velocity_h_part05,168,24,168:24,mse,repeat,11.906768222755106,12.685063808455341,75.0,0.0,60
time/current_velocity_h_part05,168,24,168:24,mae,repeat,0.9353849249600898,0.9596938552645345,71.66666666666667,0.0,60
time/current_velocity_h_part05,168,24,168:24,nmse,repeat,1.0628884544285635,0.6634543654198448,75.0,0.0,60
time/current_velocity_h_part05,168,24,168:24,nmae,repeat,0.6524254819999139,0.5062891664604346,71.66666666666667,0.0,60
time/current_velocity_h_part05,168,24,168:24,mase,repeat,2.3537732462088266,1.6597081502278646,71.66666666666667,0.0,60
time/current_velocity_h_part05,168,24,168:24,mse,repeat,11.906768222755106,12.685063808455341,75.0,0.0,60
time/current_velocity_h_part05,168,24,168:24,mae,repeat,0.9353849249600898,0.9596938552645345,71.66666666666667,0.0,60
time/current_velocity_h_part05,168,24,168:24,nmse,repeat,1.0628884544285635,0.6634543654198448,75.0,0.0,60
time/current_velocity_h_part05,168,24,168:24,nmae,repeat,0.6524254819999139,0.5062891664604346,71.66666666666667,0.0,60
time/current_velocity_h_part05,168,24,168:24,mase,repeat,2.3537732462088266,1.6597081502278646,71.66666666666667,0.0,60
time/current_velocity_h_part05,168,24,168:24,mse,repeat,11.90676822276981,12.6850641105162,75.0,0.0,60
time/current_velocity_h_part05,168,24,168:24,mae,repeat,0.9353849247718851,0.9596938895527274,71.66666666666667,0.0,60
time/current_velocity_h_part05,168,24,168:24,nmse,repeat,1.0628884586505591,0.663454418287923,75.0,0.0,60
time/current_velocity_h_part05,168,24,168:24,nmae,repeat,0.6524254832416773,0.5062892453124126,71.66666666666667,0.0,60
time/current_velocity_h_part05,168,24,168:24,mase,repeat,2.353773242235184,1.6597083732485771,71.66666666666667,0.0,60
time/current_velocity_h_part05,168,24,168:24,mse,repeat,11.90676822276981,12.6850641105162,75.0,0.0,60
time/current_velocity_h_part05,168,24,168:24,mae,repeat,0.9353849247718851,0.9596938895527274,71.66666666666667,0.0,60
time/current_velocity_h_part05,168,24,168:24,nmse,repeat,1.0628884586505591,0.663454418287923,75.0,0.0,60
time/current_velocity_h_part05,168,24,168:24,nmae,repeat,0.6524254832416773,0.5062892453124126,71.66666666666667,0.0,60
time/current_velocity_h_part05,168,24,168:24,mase,repeat,2.353773242235184,1.6597083732485771,71.66666666666667,0.0,60
time/current_velocity_h_part05,336,48,336:48,mse,repeat,12.77790295438934,6.148233015761207,86.66666666666667,0.0,60
time/current_velocity_h_part05,336,48,336:48,mae,repeat,1.212124891670343,0.8307606437573365,85.0,0.0,60
time/current_velocity_h_part05,336,48,336:48,nmse,repeat,1.0362570883085331,0.4922704073910912,86.66666666666667,0.0,60
time/current_velocity_h_part05,336,48,336:48,nmae,repeat,0.775511642297109,0.4882883923749129,85.0,0.0,60
time/current_velocity_h_part05,336,48,336:48,mase,repeat,3.3757112552722295,2.258674132823944,85.0,0.0,60
time/current_velocity_h_part05,336,48,336:48,mse,repeat,12.77790295438934,6.148233015761207,86.66666666666667,0.0,60
time/current_velocity_h_part05,336,48,336:48,mae,repeat,1.212124891670343,0.8307606437573365,85.0,0.0,60
time/current_velocity_h_part05,336,48,336:48,nmse,repeat,1.0362570883085331,0.4922704073910912,86.66666666666667,0.0,60
time/current_velocity_h_part05,336,48,336:48,nmae,repeat,0.775511642297109,0.4882883923749129,85.0,0.0,60
time/current_velocity_h_part05,336,48,336:48,mase,repeat,3.3757112552722295,2.258674132823944,85.0,0.0,60
time/current_velocity_h_part05,336,48,336:48,mse,repeat,12.777902954387521,6.148232399440205,86.66666666666667,0.0,60
time/current_velocity_h_part05,336,48,336:48,mae,repeat,1.2121248913987075,0.8307606279035099,85.0,0.0,60
time/current_velocity_h_part05,336,48,336:48,nmse,repeat,1.0362570893019438,0.49227055376395584,86.66666666666667,0.0,60
time/current_velocity_h_part05,336,48,336:48,nmae,repeat,0.7755116418004036,0.48828844477732974,85.0,0.0,60
time/current_velocity_h_part05,336,48,336:48,mase,repeat,3.375711253285408,2.2586745406190554,85.0,0.0,60
time/current_velocity_h_part05,336,48,336:48,mse,repeat,12.777902954387521,6.148232399440205,86.66666666666667,0.0,60
time/current_velocity_h_part05,336,48,336:48,mae,repeat,1.2121248913987075,0.8307606279035099,85.0,0.0,60
time/current_velocity_h_part05,336,48,336:48,nmse,repeat,1.0362570893019438,0.49227055376395584,86.66666666666667,0.0,60
time/current_velocity_h_part05,336,48,336:48,nmae,repeat,0.7755116418004036,0.48828844477732974,85.0,0.0,60
time/current_velocity_h_part05,336,48,336:48,mase,repeat,3.375711253285408,2.2586745406190554,85.0,0.0,60
time/current_velocity_h_part05,504,168,504:168,mse,repeat,21.000542236215786,15.418228399379418,92.5925925925926,0.0,54
time/current_velocity_h_part05,504,168,504:168,mae,repeat,1.5856365174124087,1.2136618563068893,90.74074074074075,0.0,54
time/current_velocity_h_part05,504,168,504:168,nmse,repeat,2.662058239733731,1.1315903850589637,92.5925925925926,0.0,54
time/current_velocity_h_part05,504,168,504:168,nmae,repeat,1.2720983696204644,0.7310158828342402,90.74074074074075,0.0,54
time/current_velocity_h_part05,504,168,504:168,mase,repeat,5.7242392478165804,4.051139930332148,90.74074074074075,0.0,54
time/current_velocity_h_part05,504,168,504:168,mse,repeat,21.000542236215786,15.418228399379418,92.5925925925926,0.0,54
time/current_velocity_h_part05,504,168,504:168,mae,repeat,1.5856365174124087,1.2136618563068893,90.74074074074075,0.0,54
time/current_velocity_h_part05,504,168,504:168,nmse,repeat,2.662058239733731,1.1315903850589637,92.5925925925926,0.0,54
time/current_velocity_h_part05,504,168,504:168,nmae,repeat,1.2720983696204644,0.7310158828342402,90.74074074074075,0.0,54
time/current_velocity_h_part05,504,168,504:168,mase,repeat,5.7242392478165804,4.051139930332148,90.74074074074075,0.0,54
time/current_velocity_h_part05,504,168,504:168,mse,repeat,21.00054223621565,15.418230093343043,92.5925925925926,0.0,54
time/current_velocity_h_part05,504,168,504:168,mae,repeat,1.585636518386848,1.2136619381253022,90.74074074074075,0.0,54
time/current_velocity_h_part05,504,168,504:168,nmse,repeat,2.662058252979208,1.1315905638039112,92.5925925925926,0.0,54
time/current_velocity_h_part05,504,168,504:168,nmae,repeat,1.2720983718280439,0.7310159195352484,90.74074074074075,0.0,54
time/current_velocity_h_part05,504,168,504:168,mase,repeat,5.7242392478165804,4.051139918742357,90.74074074074075,0.0,54
time/current_velocity_h_part05,504,168,504:168,mse,repeat,21.00054223621565,15.418230093343043,92.5925925925926,0.0,54
time/current_velocity_h_part05,504,168,504:168,mae,repeat,1.585636518386848,1.2136619381253022,90.74074074074075,0.0,54
time/current_velocity_h_part05,504,168,504:168,nmse,repeat,2.662058252979208,1.1315905638039112,92.5925925925926,0.0,54
time/current_velocity_h_part05,504,168,504:168,nmae,repeat,1.2720983718280439,0.7310159195352484,90.74074074074075,0.0,54
time/current_velocity_h_part05,504,168,504:168,mase,repeat,5.7242392478165804,4.051139918742357,90.74074074074075,0.0,54
time/current_velocity_h_part06,168,24,168:24,mse,repeat,5.5285776545245175,3.3595169185471114,81.81818181818183,0.0,66
time/current_velocity_h_part06,168,24,168:24,mae,repeat,0.7794201214035804,0.5969481382635422,83.33333333333334,0.0,66
time/current_velocity_h_part06,168,24,168:24,nmse,repeat,0.7349319738392351,0.49602434566865367,81.81818181818183,0.0,66
time/current_velocity_h_part06,168,24,168:24,nmae,repeat,0.6287337047132578,0.4756460834407445,83.33333333333334,0.0,66
time/current_velocity_h_part06,168,24,168:24,mase,repeat,2.2484943866729736,1.790288336349256,83.33333333333334,0.0,66
time/current_velocity_h_part06,168,24,168:24,mse,repeat,5.5285776545245175,3.3595169185471114,81.81818181818183,0.0,66
time/current_velocity_h_part06,168,24,168:24,mae,repeat,0.7794201214035804,0.5969481382635422,83.33333333333334,0.0,66
time/current_velocity_h_part06,168,24,168:24,nmse,repeat,0.7349319738392351,0.49602434566865367,81.81818181818183,0.0,66
time/current_velocity_h_part06,168,24,168:24,nmae,repeat,0.6287337047132578,0.4756460834407445,83.33333333333334,0.0,66
time/current_velocity_h_part06,168,24,168:24,mase,repeat,2.2484943866729736,1.790288336349256,83.33333333333334,0.0,66
time/current_velocity_h_part06,168,24,168:24,mse,repeat,5.528577654520976,3.3595174639191465,81.81818181818183,0.0,66
time/current_velocity_h_part06,168,24,168:24,mae,repeat,0.7794201214212191,0.5969482096684673,83.33333333333334,0.0,66
time/current_velocity_h_part06,168,24,168:24,nmse,repeat,0.7349319695495069,0.4960243541563889,81.81818181818183,0.0,66
time/current_velocity_h_part06,168,24,168:24,nmae,repeat,0.6287337051648082,0.475646120016322,83.33333333333334,0.0,66
time/current_velocity_h_part06,168,24,168:24,mase,repeat,2.248494391188477,1.790288466621529,83.33333333333334,0.0,66
time/current_velocity_h_part06,168,24,168:24,mse,repeat,5.528577654520976,3.3595174639191465,81.81818181818183,0.0,66
time/current_velocity_h_part06,168,24,168:24,mae,repeat,0.7794201214212191,0.5969482096684673,83.33333333333334,0.0,66
time/current_velocity_h_part06,168,24,168:24,nmse,repeat,0.7349319695495069,0.4960243541563889,81.81818181818183,0.0,66
time/current_velocity_h_part06,168,24,168:24,nmae,repeat,0.6287337051648082,0.475646120016322,83.33333333333334,0.0,66
time/current_velocity_h_part06,168,24,168:24,mase,repeat,2.248494391188477,1.790288466621529,83.33333333333334,0.0,66
time/current_velocity_h_part06,336,48,336:48,mse,repeat,16.148766563750556,9.242347574238647,96.66666666666667,0.0,60
time/current_velocity_h_part06,336,48,336:48,mae,repeat,1.3978881788944515,1.0354041583059976,93.33333333333333,0.0,60
time/current_velocity_h_part06,336,48,336:48,nmse,repeat,1.5639798399060965,0.5394009876375397,96.66666666666667,0.0,60
time/current_velocity_h_part06,336,48,336:48,nmae,repeat,0.9215349858005841,0.5230302865306536,93.33333333333333,0.0,60
time/current_velocity_h_part06,336,48,336:48,mase,repeat,4.4956537038087845,2.1913009812434514,93.33333333333333,0.0,60
time/current_velocity_h_part06,336,48,336:48,mse,repeat,16.148766563750556,9.242347574238647,96.66666666666667,0.0,60
time/current_velocity_h_part06,336,48,336:48,mae,repeat,1.3978881788944515,1.0354041583059976,93.33333333333333,0.0,60
time/current_velocity_h_part06,336,48,336:48,nmse,repeat,1.5639798399060965,0.5394009876375397,96.66666666666667,0.0,60
time/current_velocity_h_part06,336,48,336:48,nmae,repeat,0.9215349858005841,0.5230302865306536,93.33333333333333,0.0,60
time/current_velocity_h_part06,336,48,336:48,mase,repeat,4.4956537038087845,2.1913009812434514,93.33333333333333,0.0,60
time/current_velocity_h_part06,336,48,336:48,mse,repeat,16.148766563735066,9.242349528265004,96.66666666666667,0.0,60
time/current_velocity_h_part06,336,48,336:48,mae,repeat,1.3978881787702753,1.0354042827927818,93.33333333333333,0.0,60
time/current_velocity_h_part06,336,48,336:48,nmse,repeat,1.563979848846793,0.5394010961366197,96.66666666666667,0.0,60
time/current_velocity_h_part06,336,48,336:48,nmae,repeat,0.9215349887808164,0.5230303330967824,93.33333333333333,0.0,60
time/current_velocity_h_part06,336,48,336:48,mase,repeat,4.495653705795606,2.191301429271698,93.33333333333333,0.0,60
time/current_velocity_h_part06,336,48,336:48,mse,repeat,16.148766563735066,9.242349528265004,96.66666666666667,0.0,60
time/current_velocity_h_part06,336,48,336:48,mae,repeat,1.3978881787702753,1.0354042827927818,93.33333333333333,0.0,60
time/current_velocity_h_part06,336,48,336:48,nmse,repeat,1.563979848846793,0.5394010961366197,96.66666666666667,0.0,60
time/current_velocity_h_part06,336,48,336:48,nmae,repeat,0.9215349887808164,0.5230303330967824,93.33333333333333,0.0,60
time/current_velocity_h_part06,336,48,336:48,mase,repeat,4.495653705795606,2.191301429271698,93.33333333333333,0.0,60
time/current_velocity_h_part06,504,168,504:168,mse,repeat,22.981044628940815,15.919385104549535,98.33333333333333,0.0,60
time/current_velocity_h_part06,504,168,504:168,mae,repeat,1.742682227313829,1.2823694171907847,98.33333333333333,0.0,60
time/current_velocity_h_part06,504,168,504:168,nmse,repeat,2.642109597225984,1.0806648340076208,98.33333333333333,0.0,60
time/current_velocity_h_part06,504,168,504:168,nmae,repeat,1.2964158857862154,0.7160360711316268,98.33333333333333,0.0,60
time/current_velocity_h_part06,504,168,504:168,mase,repeat,6.835993919769923,3.2984100143114725,98.33333333333333,0.0,60
time/current_velocity_h_part06,504,168,504:168,mse,repeat,22.981044628940815,15.919385104549535,98.33333333333333,0.0,60
time/current_velocity_h_part06,504,168,504:168,mae,repeat,1.742682227313829,1.2823694171907847,98.33333333333333,0.0,60
time/current_velocity_h_part06,504,168,504:168,nmse,repeat,2.642109597225984,1.0806648340076208,98.33333333333333,0.0,60
time/current_velocity_h_part06,504,168,504:168,nmae,repeat,1.2964158857862154,0.7160360711316268,98.33333333333333,0.0,60
time/current_velocity_h_part06,504,168,504:168,mase,repeat,6.835993919769923,3.2984100143114725,98.33333333333333,0.0,60
time/current_velocity_h_part06,504,168,504:168,mse,repeat,22.981044629096097,15.919384474040294,98.33333333333333,0.0,60
time/current_velocity_h_part06,504,168,504:168,mae,repeat,1.7426822278105343,1.28236940553179,98.33333333333333,0.0,60
time/current_velocity_h_part06,504,168,504:168,nmse,repeat,2.642109627028306,1.08066483369718,98.33333333333333,0.0,60
time/current_velocity_h_part06,504,168,504:168,nmae,repeat,1.296415883799394,0.7160360599557559,98.33333333333333,0.0,60
time/current_velocity_h_part06,504,168,504:168,mase,repeat,6.835993925730388,3.298409577210744,98.33333333333333,0.0,60
time/current_velocity_h_part06,504,168,504:168,mse,repeat,22.981044629096097,15.919384474040294,98.33333333333333,0.0,60
time/current_velocity_h_part06,504,168,504:168,mae,repeat,1.7426822278105343,1.28236940553179,98.33333333333333,0.0,60
time/current_velocity_h_part06,504,168,504:168,nmse,repeat,2.642109627028306,1.08066483369718,98.33333333333333,0.0,60
time/current_velocity_h_part06,504,168,504:168,nmae,repeat,1.296415883799394,0.7160360599557559,98.33333333333333,0.0,60
time/current_velocity_h_part06,504,168,504:168,mase,repeat,6.835993925730388,3.298409577210744,98.33333333333333,0.0,60
time/current_velocity_h_part07,168,24,168:24,mse,repeat,4.099433671322534,3.2897146309701157,93.33333333333333,0.0,30
time/current_velocity_h_part07,168,24,168:24,mae,repeat,0.721078456492008,0.6172358820370089,90.0,0.0,30
time/current_velocity_h_part07,168,24,168:24,nmse,repeat,0.8992833136270444,0.46371573871001603,93.33333333333333,0.0,30
time/current_velocity_h_part07,168,24,168:24,nmae,repeat,0.7471543083588282,0.482327305773894,90.0,0.0,30
time/current_velocity_h_part07,168,24,168:24,mase,repeat,2.6208626399437587,1.476653741300106,90.0,0.0,30
time/current_velocity_h_part07,168,24,168:24,mse,repeat,4.099433671322534,3.2897146309701157,93.33333333333333,0.0,30
time/current_velocity_h_part07,168,24,168:24,mae,repeat,0.721078456492008,0.6172358820370089,90.0,0.0,30
time/current_velocity_h_part07,168,24,168:24,nmse,repeat,0.8992833136270444,0.46371573871001603,93.33333333333333,0.0,30
time/current_velocity_h_part07,168,24,168:24,nmae,repeat,0.7471543083588282,0.482327305773894,90.0,0.0,30
time/current_velocity_h_part07,168,24,168:24,mase,repeat,2.6208626399437587,1.476653741300106,90.0,0.0,30
time/current_velocity_h_part07,168,24,168:24,mse,repeat,4.099433671338057,3.2897140450585995,93.33333333333333,0.0,30
time/current_velocity_h_part07,168,24,168:24,mae,repeat,0.721078456492008,0.6172358834999614,90.0,0.0,30
time/current_velocity_h_part07,168,24,168:24,nmse,repeat,0.8992833195875088,0.4637157562499245,93.33333333333333,0.0,30
time/current_velocity_h_part07,168,24,168:24,nmae,repeat,0.7471543043851853,0.4823274277150631,90.0,0.0,30
time/current_velocity_h_part07,168,24,168:24,mase,repeat,2.620862649877866,1.4766546512643497,90.0,0.0,30
time/current_velocity_h_part07,168,24,168:24,mse,repeat,4.099433671338057,3.2897140450585995,93.33333333333333,0.0,30
time/current_velocity_h_part07,168,24,168:24,mae,repeat,0.721078456492008,0.6172358834999614,90.0,0.0,30
time/current_velocity_h_part07,168,24,168:24,nmse,repeat,0.8992833195875088,0.4637157562499245,93.33333333333333,0.0,30
time/current_velocity_h_part07,168,24,168:24,nmae,repeat,0.7471543043851853,0.4823274277150631,90.0,0.0,30
time/current_velocity_h_part07,168,24,168:24,mase,repeat,2.620862649877866,1.4766546512643497,90.0,0.0,30
time/current_velocity_h_part07,336,48,336:48,mse,repeat,6.13104254052314,3.534339155784077,95.83333333333334,0.0,24
time/current_velocity_h_part07,336,48,336:48,mae,repeat,0.9362354354816489,0.6538936400126355,95.83333333333334,0.0,24
time/current_velocity_h_part07,336,48,336:48,nmse,repeat,1.2049171260247629,0.5305863797354201,95.83333333333334,0.0,24
time/current_velocity_h_part07,336,48,336:48,nmae,repeat,0.8600576892495155,0.5178404447312156,95.83333333333334,0.0,24
time/current_velocity_h_part07,336,48,336:48,mase,repeat,3.8886481349666915,2.2966352769484124,95.83333333333334,0.0,24
time/current_velocity_h_part07,336,48,336:48,mse,repeat,6.13104254052314,3.534339155784077,95.83333333333334,0.0,24
time/current_velocity_h_part07,336,48,336:48,mae,repeat,0.9362354354816489,0.6538936400126355,95.83333333333334,0.0,24
time/current_velocity_h_part07,336,48,336:48,nmse,repeat,1.2049171260247629,0.5305863797354201,95.83333333333334,0.0,24
time/current_velocity_h_part07,336,48,336:48,nmae,repeat,0.8600576892495155,0.5178404447312156,95.83333333333334,0.0,24
time/current_velocity_h_part07,336,48,336:48,mase,repeat,3.8886481349666915,2.2966352769484124,95.83333333333334,0.0,24
time/current_velocity_h_part07,336,48,336:48,mse,repeat,6.131042540532879,3.5343411348348845,95.83333333333334,0.0,24
time/current_velocity_h_part07,336,48,336:48,mae,repeat,0.9362354354719477,0.6538938533194596,95.83333333333334,0.0,24
time/current_velocity_h_part07,336,48,336:48,nmse,repeat,1.2049171160906553,0.5305861165979877,95.83333333333334,0.0,24
time/current_velocity_h_part07,336,48,336:48,nmae,repeat,0.8600576917330424,0.5178403621539474,95.83333333333334,0.0,24
time/current_velocity_h_part07,336,48,336:48,mase,repeat,3.8886481349666915,2.296633821601669,95.83333333333334,0.0,24
time/current_velocity_h_part07,336,48,336:48,mse,repeat,6.131042540532879,3.5343411348348845,95.83333333333334,0.0,24
time/current_velocity_h_part07,336,48,336:48,mae,repeat,0.9362354354719477,0.6538938533194596,95.83333333333334,0.0,24
time/current_velocity_h_part07,336,48,336:48,nmse,repeat,1.2049171160906553,0.5305861165979877,95.83333333333334,0.0,24
time/current_velocity_h_part07,336,48,336:48,nmae,repeat,0.8600576917330424,0.5178403621539474,95.83333333333334,0.0,24
time/current_velocity_h_part07,336,48,336:48,mase,repeat,3.8886481349666915,2.296633821601669,95.83333333333334,0.0,24
time/current_velocity_h_part07,504,168,504:168,mse,repeat,14.92657286420816,11.449997172495879,95.83333333333334,0.0,24
time/current_velocity_h_part07,504,168,504:168,mae,repeat,1.5077955039935962,1.2389425281823303,91.66666666666666,0.0,24
time/current_velocity_h_part07,504,168,504:168,nmse,repeat,4.157523661851883,1.580866316643854,95.83333333333334,0.0,24
time/current_velocity_h_part07,504,168,504:168,nmae,repeat,1.5335462093353271,0.8453465240697066,91.66666666666666,0.0,24
time/current_velocity_h_part07,504,168,504:168,mase,repeat,11.449566915631294,5.770793532331784,91.66666666666666,0.0,24
time/current_velocity_h_part07,504,168,504:168,mse,repeat,14.92657286420816,11.449997172495879,95.83333333333334,0.0,24
time/current_velocity_h_part07,504,168,504:168,mae,repeat,1.5077955039935962,1.2389425281823303,91.66666666666666,0.0,24
time/current_velocity_h_part07,504,168,504:168,nmse,repeat,4.157523661851883,1.580866316643854,95.83333333333334,0.0,24
time/current_velocity_h_part07,504,168,504:168,nmae,repeat,1.5335462093353271,0.8453465240697066,91.66666666666666,0.0,24
time/current_velocity_h_part07,504,168,504:168,mase,repeat,11.449566915631294,5.770793532331784,91.66666666666666,0.0,24
time/current_velocity_h_part07,504,168,504:168,mse,repeat,14.926572864208083,11.44999720850698,95.83333333333334,0.0,24
time/current_velocity_h_part07,504,168,504:168,mae,repeat,1.5077955052353598,1.238942457731658,91.66666666666666,0.0,24
time/current_velocity_h_part07,504,168,504:168,nmse,repeat,4.157523661851883,1.580865530918042,95.83333333333334,0.0,24
time/current_velocity_h_part07,504,168,504:168,nmae,repeat,1.5335462093353271,0.8453463278710842,91.66666666666666,0.0,24
time/current_velocity_h_part07,504,168,504:168,mase,repeat,11.449566915631294,5.770788970092933,91.66666666666666,0.0,24
time/current_velocity_h_part07,504,168,504:168,mse,repeat,14.926572864208083,11.44999720850698,95.83333333333334,0.0,24
time/current_velocity_h_part07,504,168,504:168,mae,repeat,1.5077955052353598,1.238942457731658,91.66666666666666,0.0,24
time/current_velocity_h_part07,504,168,504:168,nmse,repeat,4.157523661851883,1.580865530918042,95.83333333333334,0.0,24
time/current_velocity_h_part07,504,168,504:168,nmae,repeat,1.5335462093353271,0.8453463278710842,91.66666666666666,0.0,24
time/current_velocity_h_part07,504,168,504:168,mase,repeat,11.449566915631294,5.770788970092933,91.66666666666666,0.0,24
time/current_velocity_h_part08,168,24,168:24,mse,repeat,12.065137564794403,8.256260922402438,95.83333333333334,0.0,24
time/current_velocity_h_part08,168,24,168:24,mae,repeat,1.1660185093351174,0.9841730202218363,91.66666666666666,0.0,24
time/current_velocity_h_part08,168,24,168:24,nmse,repeat,1.5466548580055435,0.9839010287541896,95.83333333333334,0.0,24
time/current_velocity_h_part08,168,24,168:24,nmae,repeat,0.9140177331864834,0.6649345740055045,91.66666666666666,0.0,24
time/current_velocity_h_part08,168,24,168:24,mase,repeat,3.511905481417974,2.6442358208199344,91.66666666666666,0.0,24
time/current_velocity_h_part08,168,24,168:24,mse,repeat,12.065137564794403,8.256260922402438,95.83333333333334,0.0,24
time/current_velocity_h_part08,168,24,168:24,mae,repeat,1.1660185093351174,0.9841730202218363,91.66666666666666,0.0,24
time/current_velocity_h_part08,168,24,168:24,nmse,repeat,1.5466548580055435,0.9839010287541896,95.83333333333334,0.0,24
time/current_velocity_h_part08,168,24,168:24,nmae,repeat,0.9140177331864834,0.6649345740055045,91.66666666666666,0.0,24
time/current_velocity_h_part08,168,24,168:24,mase,repeat,3.511905481417974,2.6442358208199344,91.66666666666666,0.0,24
time/current_velocity_h_part08,168,24,168:24,mse,repeat,12.065137564794403,8.25626283072836,95.83333333333334,0.0,24
time/current_velocity_h_part08,168,24,168:24,mae,repeat,1.1660185096552595,0.984172968698355,91.66666666666666,0.0,24
time/current_velocity_h_part08,168,24,168:24,nmse,repeat,1.5466548580055435,0.9839010382226357,95.83333333333334,0.0,24
time/current_velocity_h_part08,168,24,168:24,nmae,repeat,0.9140177282194296,0.664934485219419,91.66666666666666,0.0,24
time/current_velocity_h_part08,168,24,168:24,mase,repeat,3.5119055012861886,2.6442357456932464,91.66666666666666,0.0,24
time/current_velocity_h_part08,168,24,168:24,mse,repeat,12.065137564794403,8.25626283072836,95.83333333333334,0.0,24
time/current_velocity_h_part08,168,24,168:24,mae,repeat,1.1660185096552595,0.984172968698355,91.66666666666666,0.0,24
time/current_velocity_h_part08,168,24,168:24,nmse,repeat,1.5466548580055435,0.9839010382226357,95.83333333333334,0.0,24
time/current_velocity_h_part08,168,24,168:24,nmae,repeat,0.9140177282194296,0.664934485219419,91.66666666666666,0.0,24
time/current_velocity_h_part08,168,24,168:24,mase,repeat,3.5119055012861886,2.6442357456932464,91.66666666666666,0.0,24
time/current_velocity_h_part08,336,48,336:48,mse,repeat,12.238583167380133,8.28162646150355,83.33333333333334,0.0,24
time/current_velocity_h_part08,336,48,336:48,mae,repeat,1.2383715717781645,0.9694700074081387,83.33333333333334,0.0,24
time/current_velocity_h_part08,336,48,336:48,nmse,repeat,1.4488678661485512,0.8480121834824482,83.33333333333334,0.0,24
time/current_velocity_h_part08,336,48,336:48,nmae,repeat,0.8964601581295332,0.6049401853233576,83.33333333333334,0.0,24
time/current_velocity_h_part08,336,48,336:48,mase,repeat,3.2892674754063287,2.2096255011856556,83.33333333333334,0.0,24
time/current_velocity_h_part08,336,48,336:48,mse,repeat,12.238583167380133,8.28162646150355,83.33333333333334,0.0,24
time/current_velocity_h_part08,336,48,336:48,mae,repeat,1.2383715717781645,0.9694700074081387,83.33333333333334,0.0,24
time/current_velocity_h_part08,336,48,336:48,nmse,repeat,1.4488678661485512,0.8480121834824482,83.33333333333334,0.0,24
time/current_velocity_h_part08,336,48,336:48,nmae,repeat,0.8964601581295332,0.6049401853233576,83.33333333333334,0.0,24
time/current_velocity_h_part08,336,48,336:48,mase,repeat,3.2892674754063287,2.2096255011856556,83.33333333333334,0.0,24
time/current_velocity_h_part08,336,48,336:48,mse,repeat,12.238583167263718,8.281626763373234,83.33333333333334,0.0,24
time/current_velocity_h_part08,336,48,336:48,mae,repeat,1.2383715717781645,0.9694700077137289,83.33333333333334,0.0,24
time/current_velocity_h_part08,336,48,336:48,nmse,repeat,1.4488678661485512,0.8480121100631853,83.33333333333334,0.0,24
time/current_velocity_h_part08,336,48,336:48,nmae,repeat,0.8964601581295332,0.6049400636305412,83.33333333333334,0.0,24
time/current_velocity_h_part08,336,48,336:48,mase,repeat,3.289267455538114,2.209624898930391,83.33333333333334,0.0,24
time/current_velocity_h_part08,336,48,336:48,mse,repeat,12.238583167263718,8.281626763373234,83.33333333333334,0.0,24
time/current_velocity_h_part08,336,48,336:48,mae,repeat,1.2383715717781645,0.9694700077137289,83.33333333333334,0.0,24
time/current_velocity_h_part08,336,48,336:48,nmse,repeat,1.4488678661485512,0.8480121100631853,83.33333333333334,0.0,24
time/current_velocity_h_part08,336,48,336:48,nmae,repeat,0.8964601581295332,0.6049400636305412,83.33333333333334,0.0,24
time/current_velocity_h_part08,336,48,336:48,mase,repeat,3.289267455538114,2.209624898930391,83.33333333333334,0.0,24
time/current_velocity_h_part08,504,168,504:168,mse,repeat,16.404094924638837,9.73789582901255,95.83333333333334,0.0,24
time/current_velocity_h_part08,504,168,504:168,mae,repeat,1.5428546785842627,1.1375256560277194,95.83333333333334,0.0,24
time/current_velocity_h_part08,504,168,504:168,nmse,repeat,2.2461858664949736,1.057938575744629,95.83333333333334,0.0,24
time/current_velocity_h_part08,504,168,504:168,nmae,repeat,1.206122246881326,0.7639025251070658,95.83333333333334,0.0,24
time/current_velocity_h_part08,504,168,504:168,mase,repeat,4.569877510269483,2.915467783808708,95.83333333333334,0.0,24
time/current_velocity_h_part08,504,168,504:168,mse,repeat,16.404094924638837,9.73789582901255,95.83333333333334,0.0,24
time/current_velocity_h_part08,504,168,504:168,mae,repeat,1.5428546785842627,1.1375256560277194,95.83333333333334,0.0,24
time/current_velocity_h_part08,504,168,504:168,nmse,repeat,2.2461858664949736,1.057938575744629,95.83333333333334,0.0,24
time/current_velocity_h_part08,504,168,504:168,nmae,repeat,1.206122246881326,0.7639025251070658,95.83333333333334,0.0,24
time/current_velocity_h_part08,504,168,504:168,mase,repeat,4.569877510269483,2.915467783808708,95.83333333333334,0.0,24
time/current_velocity_h_part08,504,168,504:168,mse,repeat,16.40409492463876,9.737899644582967,95.83333333333334,0.0,24
time/current_velocity_h_part08,504,168,504:168,mae,repeat,1.5428546785842627,1.1375258717744146,95.83333333333334,0.0,24
time/current_velocity_h_part08,504,168,504:168,nmse,repeat,2.246185876429081,1.0579386409372091,95.83333333333334,0.0,24
time/current_velocity_h_part08,504,168,504:168,nmae,repeat,1.206122246881326,0.7639025623599688,95.83333333333334,0.0,24
time/current_velocity_h_part08,504,168,504:168,mase,repeat,4.569877530137698,2.9154680594801903,95.83333333333334,0.0,24
time/current_velocity_h_part08,504,168,504:168,mse,repeat,16.40409492463876,9.737899644582967,95.83333333333334,0.0,24
time/current_velocity_h_part08,504,168,504:168,mae,repeat,1.5428546785842627,1.1375258717744146,95.83333333333334,0.0,24
time/current_velocity_h_part08,504,168,504:168,nmse,repeat,2.246185876429081,1.0579386409372091,95.83333333333334,0.0,24
time/current_velocity_h_part08,504,168,504:168,nmae,repeat,1.206122246881326,0.7639025623599688,95.83333333333334,0.0,24
time/current_velocity_h_part08,504,168,504:168,mase,repeat,4.569877530137698,2.9154680594801903,95.83333333333334,0.0,24
time/current_velocity_h_part09,168,24,168:24,mse,repeat,6.337055641909111,3.928614694185117,71.42857142857143,0.0,42
time/current_velocity_h_part09,168,24,168:24,mae,repeat,0.9400560194515579,0.7477035102534241,71.42857142857143,0.0,42
time/current_velocity_h_part09,168,24,168:24,nmse,repeat,1.1906650268605776,1.0121039150371438,71.42857142857143,0.0,42
time/current_velocity_h_part09,168,24,168:24,nmae,repeat,0.7969013580254146,0.6846761582862764,71.42857142857143,0.0,42
time/current_velocity_h_part09,168,24,168:24,mase,repeat,1.8011052863938468,1.5643178962525868,71.42857142857143,0.0,42
time/current_velocity_h_part09,168,24,168:24,mse,repeat,6.337055641909111,3.928614694185117,71.42857142857143,0.0,42
time/current_velocity_h_part09,168,24,168:24,mae,repeat,0.9400560194515579,0.7477035102534241,71.42857142857143,0.0,42
time/current_velocity_h_part09,168,24,168:24,nmse,repeat,1.1906650268605776,1.0121039150371438,71.42857142857143,0.0,42
time/current_velocity_h_part09,168,24,168:24,nmae,repeat,0.7969013580254146,0.6846761582862764,71.42857142857143,0.0,42
time/current_velocity_h_part09,168,24,168:24,mase,repeat,1.8011052863938468,1.5643178962525868,71.42857142857143,0.0,42
time/current_velocity_h_part09,168,24,168:24,mse,repeat,6.337055641884165,3.9286142220626927,71.42857142857143,0.0,42
time/current_velocity_h_part09,168,24,168:24,mae,repeat,0.9400560198950448,0.7477034302317493,71.42857142857143,0.0,42
time/current_velocity_h_part09,168,24,168:24,nmse,repeat,1.1906650254414195,1.012103860222158,71.42857142857143,0.0,42
time/current_velocity_h_part09,168,24,168:24,nmae,repeat,0.7969013551870981,0.684676128483954,71.42857142857143,0.0,42
time/current_velocity_h_part09,168,24,168:24,mase,repeat,1.8011052863938468,1.5643177756241389,71.42857142857143,0.0,42
time/current_velocity_h_part09,168,24,168:24,mse,repeat,6.337055641884165,3.9286142220626927,71.42857142857143,0.0,42
time/current_velocity_h_part09,168,24,168:24,mae,repeat,0.9400560198950448,0.7477034302317493,71.42857142857143,0.0,42
time/current_velocity_h_part09,168,24,168:24,nmse,repeat,1.1906650254414195,1.012103860222158,71.42857142857143,0.0,42
time/current_velocity_h_part09,168,24,168:24,nmae,repeat,0.7969013551870981,0.684676128483954,71.42857142857143,0.0,42
time/current_velocity_h_part09,168,24,168:24,mase,repeat,1.8011052863938468,1.5643177756241389,71.42857142857143,0.0,42
time/current_velocity_h_part09,336,48,336:48,mse,repeat,12.563906715386198,11.511313709897617,90.47619047619048,0.0,42
time/current_velocity_h_part09,336,48,336:48,mae,repeat,1.3402198420593603,1.2423030448900092,90.47619047619048,0.0,42
time/current_velocity_h_part09,336,48,336:48,nmse,repeat,1.3843235997926622,0.8717673589431104,90.47619047619048,0.0,42
time/current_velocity_h_part09,336,48,336:48,nmae,repeat,0.9123232038248152,0.683637220235098,90.47619047619048,0.0,42
time/current_velocity_h_part09,336,48,336:48,mase,repeat,2.239843501931145,1.6471509337425232,90.47619047619048,0.0,42
time/current_velocity_h_part09,336,48,336:48,mse,repeat,12.563906715386198,11.511313709897617,90.47619047619048,0.0,42
time/current_velocity_h_part09,336,48,336:48,mae,repeat,1.3402198420593603,1.2423030448900092,90.47619047619048,0.0,42
time/current_velocity_h_part09,336,48,336:48,nmse,repeat,1.3843235997926622,0.8717673589431104,90.47619047619048,0.0,42
time/current_velocity_h_part09,336,48,336:48,nmae,repeat,0.9123232038248152,0.683637220235098,90.47619047619048,0.0,42
time/current_velocity_h_part09,336,48,336:48,mase,repeat,2.239843501931145,1.6471509337425232,90.47619047619048,0.0,42
time/current_velocity_h_part09,336,48,336:48,mse,repeat,12.56390671545272,11.511313946675207,90.47619047619048,0.0,42
time/current_velocity_h_part09,336,48,336:48,mae,repeat,1.340219842236755,1.2423030351443838,90.47619047619048,0.0,42
time/current_velocity_h_part09,336,48,336:48,nmse,repeat,1.3843235983735038,0.8717672172046843,90.47619047619048,0.0,42
time/current_velocity_h_part09,336,48,336:48,nmae,repeat,0.9123232009864989,0.6836372159776234,90.47619047619048,0.0,42
time/current_velocity_h_part09,336,48,336:48,mase,repeat,2.2398435047694614,1.64715095219158,90.47619047619048,0.0,42
time/current_velocity_h_part09,336,48,336:48,mse,repeat,12.56390671545272,11.511313946675207,90.47619047619048,0.0,42
time/current_velocity_h_part09,336,48,336:48,mae,repeat,1.340219842236755,1.2423030351443838,90.47619047619048,0.0,42
time/current_velocity_h_part09,336,48,336:48,nmse,repeat,1.3843235983735038,0.8717672172046843,90.47619047619048,0.0,42
time/current_velocity_h_part09,336,48,336:48,nmae,repeat,0.9123232009864989,0.6836372159776234,90.47619047619048,0.0,42
time/current_velocity_h_part09,336,48,336:48,mase,repeat,2.2398435047694614,1.64715095219158,90.47619047619048,0.0,42
time/current_velocity_h_part09,504,168,504:168,mse,repeat,20.472965257447363,13.947966029404547,97.22222222222221,0.0,36
time/current_velocity_h_part09,504,168,504:168,mae,repeat,1.866941843362939,1.3750847440290574,94.44444444444444,0.0,36
time/current_velocity_h_part09,504,168,504:168,nmse,repeat,2.4362351728810205,0.870372210525804,97.22222222222221,0.0,36
time/current_velocity_h_part09,504,168,504:168,nmae,repeat,1.270429058207406,0.700690938366784,94.44444444444444,0.0,36
time/current_velocity_h_part09,504,168,504:168,mase,repeat,3.246456848250495,1.7408852212958865,94.44444444444444,0.0,36
time/current_velocity_h_part09,504,168,504:168,mse,repeat,20.472965257447363,13.947966029404547,97.22222222222221,0.0,36
time/current_velocity_h_part09,504,168,504:168,mae,repeat,1.866941843362939,1.3750847440290574,94.44444444444444,0.0,36
time/current_velocity_h_part09,504,168,504:168,nmse,repeat,2.4362351728810205,0.870372210525804,97.22222222222221,0.0,36
time/current_velocity_h_part09,504,168,504:168,nmae,repeat,1.270429058207406,0.700690938366784,94.44444444444444,0.0,36
time/current_velocity_h_part09,504,168,504:168,mase,repeat,3.246456848250495,1.7408852212958865,94.44444444444444,0.0,36
time/current_velocity_h_part09,504,168,504:168,mse,repeat,20.472965257524972,13.947963501355591,97.22222222222221,0.0,36
time/current_velocity_h_part09,504,168,504:168,mae,repeat,1.866941843350004,1.3750846889904804,94.44444444444444,0.0,36
time/current_velocity_h_part09,504,168,504:168,nmse,repeat,2.436235177848074,0.8703723247680399,97.22222222222221,0.0,36
time/current_velocity_h_part09,504,168,504:168,nmae,repeat,1.270429061518775,0.7006909996271133,94.44444444444444,0.0,36
time/current_velocity_h_part09,504,168,504:168,mase,repeat,3.2464568416277566,1.740885380241606,94.44444444444444,0.0,36
time/current_velocity_h_part09,504,168,504:168,mse,repeat,20.472965257524972,13.947963501355591,97.22222222222221,0.0,36
time/current_velocity_h_part09,504,168,504:168,mae,repeat,1.866941843350004,1.3750846889904804,94.44444444444444,0.0,36
time/current_velocity_h_part09,504,168,504:168,nmse,repeat,2.436235177848074,0.8703723247680399,97.22222222222221,0.0,36
time/current_velocity_h_part09,504,168,504:168,nmae,repeat,1.270429061518775,0.7006909996271133,94.44444444444444,0.0,36
time/current_velocity_h_part09,504,168,504:168,mase,repeat,3.2464568416277566,1.740885380241606,94.44444444444444,0.0,36
time/current_velocity_h_part10,168,24,168:24,mse,repeat,12.790282011385855,12.734813789745592,54.761904761904766,0.0,42
time/current_velocity_h_part10,168,24,168:24,mae,repeat,1.1841777308311845,1.235097416687668,57.14285714285714,0.0,42
time/current_velocity_h_part10,168,24,168:24,nmse,repeat,1.0954885738236564,1.0054872394317673,54.761904761904766,0.0,42
time/current_velocity_h_part10,168,24,168:24,nmae,repeat,0.7947570731242498,0.741178667261487,57.14285714285714,0.0,42
time/current_velocity_h_part10,168,24,168:24,mase,repeat,1.583506281886782,1.4821554195313227,57.14285714285714,0.0,42
time/current_velocity_h_part10,168,24,168:24,mse,repeat,12.790282011385855,12.734813789745592,54.761904761904766,0.0,42
time/current_velocity_h_part10,168,24,168:24,mae,repeat,1.1841777308311845,1.235097416687668,57.14285714285714,0.0,42
time/current_velocity_h_part10,168,24,168:24,nmse,repeat,1.0954885738236564,1.0054872394317673,54.761904761904766,0.0,42
time/current_velocity_h_part10,168,24,168:24,nmae,repeat,0.7947570731242498,0.741178667261487,57.14285714285714,0.0,42
time/current_velocity_h_part10,168,24,168:24,mase,repeat,1.583506281886782,1.4821554195313227,57.14285714285714,0.0,42
time/current_velocity_h_part10,168,24,168:24,mse,repeat,12.790282011419029,12.734811351734564,54.761904761904766,0.0,42
time/current_velocity_h_part10,168,24,168:24,mae,repeat,1.1841777308311845,1.235097327790711,57.14285714285714,0.0,42
time/current_velocity_h_part10,168,24,168:24,nmse,repeat,1.09548857098534,1.0054872575260343,54.761904761904766,0.0,42
time/current_velocity_h_part10,168,24,168:24,nmae,repeat,0.794757067447617,0.7411786055281049,57.14285714285714,0.0,42
time/current_velocity_h_part10,168,24,168:24,mase,repeat,1.5835062833059401,1.482155252070654,57.14285714285714,0.0,42
time/current_velocity_h_part10,168,24,168:24,mse,repeat,12.790282011419029,12.734811351734564,54.761904761904766,0.0,42
time/current_velocity_h_part10,168,24,168:24,mae,repeat,1.1841777308311845,1.235097327790711,57.14285714285714,0.0,42
time/current_velocity_h_part10,168,24,168:24,nmse,repeat,1.09548857098534,1.0054872575260343,54.761904761904766,0.0,42
time/current_velocity_h_part10,168,24,168:24,nmae,repeat,0.794757067447617,0.7411786055281049,57.14285714285714,0.0,42
time/current_velocity_h_part10,168,24,168:24,mase,repeat,1.5835062833059401,1.482155252070654,57.14285714285714,0.0,42
time/current_velocity_h_part10,336,48,336:48,mse,repeat,17.687778605646166,10.474519189806545,100.0,0.0,42
time/current_velocity_h_part10,336,48,336:48,mae,repeat,1.5240058942387502,1.1455165938296843,100.0,0.0,42
time/current_velocity_h_part10,336,48,336:48,nmse,repeat,1.1934548793804078,0.5812492367057573,100.0,0.0,42
time/current_velocity_h_part10,336,48,336:48,nmae,repeat,0.8471849787802923,0.5694373760904584,100.0,0.0,42
time/current_velocity_h_part10,336,48,336:48,mase,repeat,1.8253850127969469,1.2214124954882122,100.0,0.0,42
time/current_velocity_h_part10,336,48,336:48,mse,repeat,17.687778605646166,10.474519189806545,100.0,0.0,42
time/current_velocity_h_part10,336,48,336:48,mae,repeat,1.5240058942387502,1.1455165938296843,100.0,0.0,42
time/current_velocity_h_part10,336,48,336:48,nmse,repeat,1.1934548793804078,0.5812492367057573,100.0,0.0,42
time/current_velocity_h_part10,336,48,336:48,nmae,repeat,0.8471849787802923,0.5694373760904584,100.0,0.0,42
time/current_velocity_h_part10,336,48,336:48,mase,repeat,1.8253850127969469,1.2214124954882122,100.0,0.0,42
time/current_velocity_h_part10,336,48,336:48,mse,repeat,17.687778605629536,10.474519212219267,100.0,0.0,42
time/current_velocity_h_part10,336,48,336:48,mae,repeat,1.524005894050268,1.1455166060366624,100.0,0.0,42
time/current_velocity_h_part10,336,48,336:48,nmse,repeat,1.1934548822187243,0.5812493016322454,100.0,0.0,42
time/current_velocity_h_part10,336,48,336:48,nmae,repeat,0.8471849773611341,0.5694374435004734,100.0,0.0,42
time/current_velocity_h_part10,336,48,336:48,mase,repeat,1.8253850184735798,1.221412670044672,100.0,0.0,42
time/current_velocity_h_part10,336,48,336:48,mse,repeat,17.687778605629536,10.474519212219267,100.0,0.0,42
time/current_velocity_h_part10,336,48,336:48,mae,repeat,1.524005894050268,1.1455166060366624,100.0,0.0,42
time/current_velocity_h_part10,336,48,336:48,nmse,repeat,1.1934548822187243,0.5812493016322454,100.0,0.0,42
time/current_velocity_h_part10,336,48,336:48,nmae,repeat,0.8471849773611341,0.5694374435004734,100.0,0.0,42
time/current_velocity_h_part10,336,48,336:48,mase,repeat,1.8253850184735798,1.221412670044672,100.0,0.0,42
time/current_velocity_h_part10,504,168,504:168,mse,repeat,29.23402934872047,13.981403827728476,97.22222222222221,0.0,36
time/current_velocity_h_part10,504,168,504:168,mae,repeat,2.0615885838892103,1.3708557822974399,91.66666666666666,0.0,36
time/current_velocity_h_part10,504,168,504:168,nmse,repeat,2.542970461977853,1.3747758782572217,97.22222222222221,0.0,36
time/current_velocity_h_part10,504,168,504:168,nmae,repeat,1.222530757387479,0.8391573867864079,91.66666666666666,0.0,36
time/current_velocity_h_part10,504,168,504:168,mase,repeat,2.8033543212546244,1.9600892580217786,91.66666666666666,0.0,36
time/current_velocity_h_part10,504,168,504:168,mse,repeat,29.23402934872047,13.981403827728476,97.22222222222221,0.0,36
time/current_velocity_h_part10,504,168,504:168,mae,repeat,2.0615885838892103,1.3708557822974399,91.66666666666666,0.0,36
time/current_velocity_h_part10,504,168,504:168,nmse,repeat,2.542970461977853,1.3747758782572217,97.22222222222221,0.0,36
time/current_velocity_h_part10,504,168,504:168,nmae,repeat,1.222530757387479,0.8391573867864079,91.66666666666666,0.0,36
time/current_velocity_h_part10,504,168,504:168,mase,repeat,2.8033543212546244,1.9600892580217786,91.66666666666666,0.0,36
time/current_velocity_h_part10,504,168,504:168,mse,repeat,29.23402934877241,13.981404140950266,97.22222222222221,0.0,36
time/current_velocity_h_part10,504,168,504:168,mae,repeat,2.0615885838892103,1.3708558411647875,91.66666666666666,0.0,36
time/current_velocity_h_part10,504,168,504:168,nmse,repeat,2.5429704652892218,1.3747757892641757,97.22222222222221,0.0,36
time/current_velocity_h_part10,504,168,504:168,nmae,repeat,1.222530757387479,0.83915735863977,91.66666666666666,0.0,36
time/current_velocity_h_part10,504,168,504:168,mase,repeat,2.803354314631886,1.960089236497879,91.66666666666666,0.0,36
time/current_velocity_h_part10,504,168,504:168,mse,repeat,29.23402934877241,13.981404140950266,97.22222222222221,0.0,36
time/current_velocity_h_part10,504,168,504:168,mae,repeat,2.0615885838892103,1.3708558411647875,91.66666666666666,0.0,36
time/current_velocity_h_part10,504,168,504:168,nmse,repeat,2.5429704652892218,1.3747757892641757,97.22222222222221,0.0,36
time/current_velocity_h_part10,504,168,504:168,nmae,repeat,1.222530757387479,0.83915735863977,91.66666666666666,0.0,36
time/current_velocity_h_part10,504,168,504:168,mase,repeat,2.803354314631886,1.960089236497879,91.66666666666666,0.0,36
time/current_velocity_h_part11,168,24,168:24,mse,repeat,15.954462146846621,13.438932382044662,80.95238095238095,0.0,42
time/current_velocity_h_part11,168,24,168:24,mae,repeat,1.4374520572878065,1.2539327953542982,78.57142857142857,0.0,42
time/current_velocity_h_part11,168,24,168:24,nmse,repeat,0.7072497137068283,0.5248650090680236,80.95238095238095,0.0,42
time/current_velocity_h_part11,168,24,168:24,nmae,repeat,0.640360254971754,0.523370905646256,78.57142857142857,0.0,42
time/current_velocity_h_part11,168,24,168:24,mase,repeat,1.1873219424769992,0.9566718701805387,78.57142857142857,0.0,42
time/current_velocity_h_part11,168,24,168:24,mse,repeat,15.954462146846621,13.438932382044662,80.95238095238095,0.0,42
time/current_velocity_h_part11,168,24,168:24,mae,repeat,1.4374520572878065,1.2539327953542982,78.57142857142857,0.0,42
time/current_velocity_h_part11,168,24,168:24,nmse,repeat,0.7072497137068283,0.5248650090680236,80.95238095238095,0.0,42
time/current_velocity_h_part11,168,24,168:24,nmae,repeat,0.640360254971754,0.523370905646256,78.57142857142857,0.0,42
time/current_velocity_h_part11,168,24,168:24,mase,repeat,1.1873219424769992,0.9566718701805387,78.57142857142857,0.0,42
time/current_velocity_h_part11,168,24,168:24,mse,repeat,15.954462146802447,13.438932472599932,80.95238095238095,0.0,42
time/current_velocity_h_part11,168,24,168:24,mae,repeat,1.4374520569441043,1.253932819302593,78.57142857142857,0.0,42
time/current_velocity_h_part11,168,24,168:24,nmse,repeat,0.7072497208026194,0.5248650215743553,80.95238095238095,0.0,42
time/current_velocity_h_part11,168,24,168:24,nmae,repeat,0.6403602514238584,0.5233709013887814,78.57142857142857,0.0,42
time/current_velocity_h_part11,168,24,168:24,mase,repeat,1.1873219467344738,0.9566718517314821,78.57142857142857,0.0,42
time/current_velocity_h_part11,168,24,168:24,mse,repeat,15.954462146802447,13.438932472599932,80.95238095238095,0.0,42
time/current_velocity_h_part11,168,24,168:24,mae,repeat,1.4374520569441043,1.253932819302593,78.57142857142857,0.0,42
time/current_velocity_h_part11,168,24,168:24,nmse,repeat,0.7072497208026194,0.5248650215743553,80.95238095238095,0.0,42
time/current_velocity_h_part11,168,24,168:24,nmae,repeat,0.6403602514238584,0.5233709013887814,78.57142857142857,0.0,42
time/current_velocity_h_part11,168,24,168:24,mase,repeat,1.1873219467344738,0.9566718517314821,78.57142857142857,0.0,42
time/current_velocity_h_part11,336,48,336:48,mse,repeat,17.77187947282939,10.537798072749691,92.85714285714286,0.0,42
time/current_velocity_h_part11,336,48,336:48,mae,repeat,1.6880096384501528,1.2017318359132678,95.23809523809523,0.0,42
time/current_velocity_h_part11,336,48,336:48,nmse,repeat,1.0791679131133216,0.5067490612910617,92.85714285714286,0.0,42
time/current_velocity_h_part11,336,48,336:48,nmae,repeat,0.823084926321393,0.52815345036132,95.23809523809523,0.0,42
time/current_velocity_h_part11,336,48,336:48,mase,repeat,1.5734661704018003,0.9941869477430979,95.23809523809523,0.0,42
time/current_velocity_h_part11,336,48,336:48,mse,repeat,17.77187947282939,10.537798072749691,92.85714285714286,0.0,42
time/current_velocity_h_part11,336,48,336:48,mae,repeat,1.6880096384501528,1.2017318359132678,95.23809523809523,0.0,42
time/current_velocity_h_part11,336,48,336:48,nmse,repeat,1.0791679131133216,0.5067490612910617,92.85714285714286,0.0,42
time/current_velocity_h_part11,336,48,336:48,nmae,repeat,0.823084926321393,0.52815345036132,95.23809523809523,0.0,42
time/current_velocity_h_part11,336,48,336:48,mase,repeat,1.5734661704018003,0.9941869477430979,95.23809523809523,0.0,42
time/current_velocity_h_part11,336,48,336:48,mse,repeat,17.771879472830083,10.537796207033741,92.85714285714286,0.0,42
time/current_velocity_h_part11,336,48,336:48,mae,repeat,1.6880096388492911,1.2017317118588835,95.23809523809523,0.0,42
time/current_velocity_h_part11,336,48,336:48,nmse,repeat,1.0791679258857454,0.5067490874124425,92.85714285714286,0.0,42
time/current_velocity_h_part11,336,48,336:48,nmae,repeat,0.8230849234830766,0.5281534755513781,95.23809523809523,0.0,42
time/current_velocity_h_part11,336,48,336:48,mase,repeat,1.573466176078433,0.994186995994477,95.23809523809523,0.0,42
time/current_velocity_h_part11,336,48,336:48,mse,repeat,17.771879472830083,10.537796207033741,92.85714285714286,0.0,42
time/current_velocity_h_part11,336,48,336:48,mae,repeat,1.6880096388492911,1.2017317118588835,95.23809523809523,0.0,42
time/current_velocity_h_part11,336,48,336:48,nmse,repeat,1.0791679258857454,0.5067490874124425,92.85714285714286,0.0,42
time/current_velocity_h_part11,336,48,336:48,nmae,repeat,0.8230849234830766,0.5281534755513781,95.23809523809523,0.0,42
time/current_velocity_h_part11,336,48,336:48,mase,repeat,1.573466176078433,0.994186995994477,95.23809523809523,0.0,42
time/current_velocity_h_part11,504,168,504:168,mse,repeat,30.730443204248633,16.426972402674032,100.0,0.0,36
time/current_velocity_h_part11,504,168,504:168,mae,repeat,2.4120645007480763,1.52197640923421,100.0,0.0,36
time/current_velocity_h_part11,504,168,504:168,nmse,repeat,2.4916463560528226,0.6607871303955714,100.0,0.0,36
time/current_velocity_h_part11,504,168,504:168,nmae,repeat,1.3206463787290785,0.6135938225520982,100.0,0.0,36
time/current_velocity_h_part11,504,168,504:168,mase,repeat,2.6997911400265164,1.1707300477557712,100.0,0.0,36
time/current_velocity_h_part11,504,168,504:168,mse,repeat,30.730443204248633,16.426972402674032,100.0,0.0,36
time/current_velocity_h_part11,504,168,504:168,mae,repeat,2.4120645007480763,1.52197640923421,100.0,0.0,36
time/current_velocity_h_part11,504,168,504:168,nmse,repeat,2.4916463560528226,0.6607871303955714,100.0,0.0,36
time/current_velocity_h_part11,504,168,504:168,nmae,repeat,1.3206463787290785,0.6135938225520982,100.0,0.0,36
time/current_velocity_h_part11,504,168,504:168,mase,repeat,2.6997911400265164,1.1707300477557712,100.0,0.0,36
time/current_velocity_h_part11,504,168,504:168,mse,repeat,30.73044320445519,16.42697024591204,100.0,0.0,36
time/current_velocity_h_part11,504,168,504:168,mae,repeat,2.4120645015759186,1.5219763080563604,100.0,0.0,36
time/current_velocity_h_part11,504,168,504:168,nmse,repeat,2.4916463560528226,0.6607870542340808,100.0,0.0,36
time/current_velocity_h_part11,504,168,504:168,nmae,repeat,1.3206463787290785,0.6135937571525574,100.0,0.0,36
time/current_velocity_h_part11,504,168,504:168,mase,repeat,2.6997911400265164,1.1707299103339512,100.0,0.0,36
time/current_velocity_h_part11,504,168,504:168,mse,repeat,30.73044320445519,16.42697024591204,100.0,0.0,36
time/current_velocity_h_part11,504,168,504:168,mae,repeat,2.4120645015759186,1.5219763080563604,100.0,0.0,36
time/current_velocity_h_part11,504,168,504:168,nmse,repeat,2.4916463560528226,0.6607870542340808,100.0,0.0,36
time/current_velocity_h_part11,504,168,504:168,nmae,repeat,1.3206463787290785,0.6135937571525574,100.0,0.0,36
time/current_velocity_h_part11,504,168,504:168,mase,repeat,2.6997911400265164,1.1707299103339512,100.0,0.0,36
time/current_velocity_h_part12,168,24,168:24,mse,repeat,9.00812878107948,8.54371171226673,83.33333333333334,0.0,30
time/current_velocity_h_part12,168,24,168:24,mae,repeat,1.0917976121418178,1.0725163020504018,80.0,0.0,30
time/current_velocity_h_part12,168,24,168:24,nmse,repeat,0.7951724549134572,0.5936851209960878,83.33333333333334,0.0,30
time/current_velocity_h_part12,168,24,168:24,nmae,repeat,0.6529035444060961,0.5366222508251667,80.0,0.0,30
time/current_velocity_h_part12,168,24,168:24,mase,repeat,1.3135867218176525,1.063818349937598,80.0,0.0,30
time/current_velocity_h_part12,168,24,168:24,mse,repeat,9.00812878107948,8.54371171226673,83.33333333333334,0.0,30
time/current_velocity_h_part12,168,24,168:24,mae,repeat,1.0917976121418178,1.0725163020504018,80.0,0.0,30
time/current_velocity_h_part12,168,24,168:24,nmse,repeat,0.7951724549134572,0.5936851209960878,83.33333333333334,0.0,30
time/current_velocity_h_part12,168,24,168:24,nmae,repeat,0.6529035444060961,0.5366222508251667,80.0,0.0,30
time/current_velocity_h_part12,168,24,168:24,mase,repeat,1.3135867218176525,1.063818349937598,80.0,0.0,30
time/current_velocity_h_part12,168,24,168:24,mse,repeat,9.008128781095365,8.543711209010446,83.33333333333334,0.0,30
time/current_velocity_h_part12,168,24,168:24,mae,repeat,1.0917976116451125,1.0725163142972935,80.0,0.0,30
time/current_velocity_h_part12,168,24,168:24,nmse,repeat,0.7951724529266357,0.5936850515815119,83.33333333333334,0.0,30
time/current_velocity_h_part12,168,24,168:24,nmae,repeat,0.6529035523533822,0.5366222629944484,80.0,0.0,30
time/current_velocity_h_part12,168,24,168:24,mase,repeat,1.313586715857188,1.0638183876872063,80.0,0.0,30
time/current_velocity_h_part12,168,24,168:24,mse,repeat,9.008128781095365,8.543711209010446,83.33333333333334,0.0,30
time/current_velocity_h_part12,168,24,168:24,mae,repeat,1.0917976116451125,1.0725163142972935,80.0,0.0,30
time/current_velocity_h_part12,168,24,168:24,nmse,repeat,0.7951724529266357,0.5936850515815119,83.33333333333334,0.0,30
time/current_velocity_h_part12,168,24,168:24,nmae,repeat,0.6529035523533822,0.5366222629944484,80.0,0.0,30
time/current_velocity_h_part12,168,24,168:24,mase,repeat,1.313586715857188,1.0638183876872063,80.0,0.0,30
time/current_velocity_h_part12,336,48,336:48,mse,repeat,13.327180362178478,9.40824491850035,96.66666666666667,0.0,30
time/current_velocity_h_part12,336,48,336:48,mae,repeat,1.414939546926568,1.0511059851385653,100.0,0.0,30
time/current_velocity_h_part12,336,48,336:48,nmse,repeat,1.2511950542529424,0.6345898857340216,96.66666666666667,0.0,30
time/current_velocity_h_part12,336,48,336:48,nmae,repeat,0.851984957853953,0.5189755660792191,100.0,0.0,30
time/current_velocity_h_part12,336,48,336:48,mase,repeat,1.7345739722251892,1.0255149751901627,100.0,0.0,30
time/current_velocity_h_part12,336,48,336:48,mse,repeat,13.327180362178478,9.40824491850035,96.66666666666667,0.0,30
time/current_velocity_h_part12,336,48,336:48,mae,repeat,1.414939546926568,1.0511059851385653,100.0,0.0,30
time/current_velocity_h_part12,336,48,336:48,nmse,repeat,1.2511950542529424,0.6345898857340216,96.66666666666667,0.0,30
time/current_velocity_h_part12,336,48,336:48,nmae,repeat,0.851984957853953,0.5189755660792191,100.0,0.0,30
time/current_velocity_h_part12,336,48,336:48,mase,repeat,1.7345739722251892,1.0255149751901627,100.0,0.0,30
time/current_velocity_h_part12,336,48,336:48,mse,repeat,13.327180362177508,9.408243071447577,96.66666666666667,0.0,30
time/current_velocity_h_part12,336,48,336:48,mae,repeat,1.414939546926568,1.0511059664500257,100.0,0.0,30
time/current_velocity_h_part12,336,48,336:48,nmse,repeat,1.2511950502792994,0.6345898350700736,96.66666666666667,0.0,30
time/current_velocity_h_part12,336,48,336:48,nmae,repeat,0.851984957853953,0.5189755395054817,100.0,0.0,30
time/current_velocity_h_part12,336,48,336:48,mase,repeat,1.734573980172475,1.0255149235328038,100.0,0.0,30
time/current_velocity_h_part12,336,48,336:48,mse,repeat,13.327180362177508,9.408243071447577,96.66666666666667,0.0,30
time/current_velocity_h_part12,336,48,336:48,mae,repeat,1.414939546926568,1.0511059664500257,100.0,0.0,30
time/current_velocity_h_part12,336,48,336:48,nmse,repeat,1.2511950502792994,0.6345898350700736,96.66666666666667,0.0,30
time/current_velocity_h_part12,336,48,336:48,nmae,repeat,0.851984957853953,0.5189755395054817,100.0,0.0,30
time/current_velocity_h_part12,336,48,336:48,mase,repeat,1.734573980172475,1.0255149235328038,100.0,0.0,30
time/current_velocity_h_part12,504,168,504:168,mse,repeat,22.189855033287433,11.928262149256321,95.83333333333334,0.0,24
time/current_velocity_h_part12,504,168,504:168,mae,repeat,2.0595817461920283,1.288722850382328,95.83333333333334,0.0,24
time/current_velocity_h_part12,504,168,504:168,nmse,repeat,2.754061902562777,0.694545166566968,95.83333333333334,0.0,24
time/current_velocity_h_part12,504,168,504:168,nmae,repeat,1.3928374871611595,0.6267629234741131,95.83333333333334,0.0,24
time/current_velocity_h_part12,504,168,504:168,mase,repeat,2.9974286953608194,1.2941448104878266,95.83333333333334,0.0,24
time/current_velocity_h_part12,504,168,504:168,mse,repeat,22.189855033287433,11.928262149256321,95.83333333333334,0.0,24
time/current_velocity_h_part12,504,168,504:168,mae,repeat,2.0595817461920283,1.288722850382328,95.83333333333334,0.0,24
time/current_velocity_h_part12,504,168,504:168,nmse,repeat,2.754061902562777,0.694545166566968,95.83333333333334,0.0,24
time/current_velocity_h_part12,504,168,504:168,nmae,repeat,1.3928374871611595,0.6267629234741131,95.83333333333334,0.0,24
time/current_velocity_h_part12,504,168,504:168,mase,repeat,2.9974286953608194,1.2941448104878266,95.83333333333334,0.0,24
time/current_velocity_h_part12,504,168,504:168,mse,repeat,22.189855033287433,11.928264326185248,95.83333333333334,0.0,24
time/current_velocity_h_part12,504,168,504:168,mae,repeat,2.0595817474337914,1.2887228681938723,95.83333333333334,0.0,24
time/current_velocity_h_part12,504,168,504:168,nmse,repeat,2.754061902562777,0.6945451442152262,95.83333333333334,0.0,24
time/current_velocity_h_part12,504,168,504:168,nmae,repeat,1.3928374871611595,0.6267628936717907,95.83333333333334,0.0,24
time/current_velocity_h_part12,504,168,504:168,mase,repeat,2.9974287102619805,1.2941447235643864,95.83333333333334,0.0,24
time/current_velocity_h_part12,504,168,504:168,mse,repeat,22.189855033287433,11.928264326185248,95.83333333333334,0.0,24
time/current_velocity_h_part12,504,168,504:168,mae,repeat,2.0595817474337914,1.2887228681938723,95.83333333333334,0.0,24
time/current_velocity_h_part12,504,168,504:168,nmse,repeat,2.754061902562777,0.6945451442152262,95.83333333333334,0.0,24
time/current_velocity_h_part12,504,168,504:168,nmae,repeat,1.3928374871611595,0.6267628936717907,95.83333333333334,0.0,24
time/current_velocity_h_part12,504,168,504:168,mase,repeat,2.9974287102619805,1.2941447235643864,95.83333333333334,0.0,24
time/current_velocity_h_part13,168,24,168:24,mse,repeat,12.697556826264341,5.685727348140643,86.11111111111111,0.0,36
time/current_velocity_h_part13,168,24,168:24,mae,repeat,1.1187721057148237,0.7521576790022664,86.11111111111111,0.0,36
time/current_velocity_h_part13,168,24,168:24,nmse,repeat,1.2801168517778732,0.5702045803126465,86.11111111111111,0.0,36
time/current_velocity_h_part13,168,24,168:24,nmae,repeat,0.7812903312345346,0.50232643675473,86.11111111111111,0.0,36
time/current_velocity_h_part13,168,24,168:24,mase,repeat,3.7026029891437955,2.050477988190121,86.11111111111111,0.0,36
time/current_velocity_h_part13,168,24,168:24,mse,repeat,12.697556826264341,5.685727348140643,86.11111111111111,0.0,36
time/current_velocity_h_part13,168,24,168:24,mae,repeat,1.1187721057148237,0.7521576790022664,86.11111111111111,0.0,36
time/current_velocity_h_part13,168,24,168:24,nmse,repeat,1.2801168517778732,0.5702045803126465,86.11111111111111,0.0,36
time/current_velocity_h_part13,168,24,168:24,nmae,repeat,0.7812903312345346,0.50232643675473,86.11111111111111,0.0,36
time/current_velocity_h_part13,168,24,168:24,mase,repeat,3.7026029891437955,2.050477988190121,86.11111111111111,0.0,36
time/current_velocity_h_part13,168,24,168:24,mse,repeat,12.697556826303147,5.685724229877065,86.11111111111111,0.0,36
time/current_velocity_h_part13,168,24,168:24,mae,repeat,1.1187721056113433,0.7521574751525704,86.11111111111111,0.0,36
time/current_velocity_h_part13,168,24,168:24,nmse,repeat,1.280116850950031,0.5702045060655413,86.11111111111111,0.0,36
time/current_velocity_h_part13,168,24,168:24,nmae,repeat,0.7812903312345346,0.502326433857282,86.11111111111111,0.0,36
time/current_velocity_h_part13,168,24,168:24,mase,repeat,3.7026029891437955,2.0504779145121574,86.11111111111111,0.0,36
time/current_velocity_h_part13,168,24,168:24,mse,repeat,12.697556826303147,5.685724229877065,86.11111111111111,0.0,36
time/current_velocity_h_part13,168,24,168:24,mae,repeat,1.1187721056113433,0.7521574751525704,86.11111111111111,0.0,36
time/current_velocity_h_part13,168,24,168:24,nmse,repeat,1.280116850950031,0.5702045060655413,86.11111111111111,0.0,36
time/current_velocity_h_part13,168,24,168:24,nmae,repeat,0.7812903312345346,0.502326433857282,86.11111111111111,0.0,36
time/current_velocity_h_part13,168,24,168:24,mase,repeat,3.7026029891437955,2.0504779145121574,86.11111111111111,0.0,36
time/current_velocity_h_part13,336,48,336:48,mse,repeat,7.070123584321992,6.355903250927756,94.44444444444444,0.0,36
time/current_velocity_h_part13,336,48,336:48,mae,repeat,0.9530356426516341,0.8222646445630946,94.44444444444444,0.0,36
time/current_velocity_h_part13,336,48,336:48,nmse,repeat,1.7044792767200205,0.7838672429530157,94.44444444444444,0.0,36
time/current_velocity_h_part13,336,48,336:48,nmae,repeat,0.9844279918405745,0.6141914539039135,94.44444444444444,0.0,36
time/current_velocity_h_part13,336,48,336:48,mase,repeat,5.625153435601129,3.25310500131713,94.44444444444444,0.0,36
time/current_velocity_h_part13,336,48,336:48,mse,repeat,7.070123584321992,6.355903250927756,94.44444444444444,0.0,36
time/current_velocity_h_part13,336,48,336:48,mae,repeat,0.9530356426516341,0.8222646445630946,94.44444444444444,0.0,36
time/current_velocity_h_part13,336,48,336:48,nmse,repeat,1.7044792767200205,0.7838672429530157,94.44444444444444,0.0,36
time/current_velocity_h_part13,336,48,336:48,nmae,repeat,0.9844279918405745,0.6141914539039135,94.44444444444444,0.0,36
time/current_velocity_h_part13,336,48,336:48,mase,repeat,5.625153435601129,3.25310500131713,94.44444444444444,0.0,36
time/current_velocity_h_part13,336,48,336:48,mse,repeat,7.070123584321992,6.355902972036934,94.44444444444444,0.0,36
time/current_velocity_h_part13,336,48,336:48,mae,repeat,0.9530356426581016,0.8222646632380525,94.44444444444444,0.0,36
time/current_velocity_h_part13,336,48,336:48,nmse,repeat,1.7044792800313897,0.783866925837679,94.44444444444444,0.0,36
time/current_velocity_h_part13,336,48,336:48,nmae,repeat,0.9844279918405745,0.6141913967827956,94.44444444444444,0.0,36
time/current_velocity_h_part13,336,48,336:48,mase,repeat,5.625153448846605,3.2531035956409244,94.44444444444444,0.0,36
time/current_velocity_h_part13,336,48,336:48,mse,repeat,7.070123584321992,6.355902972036934,94.44444444444444,0.0,36
time/current_velocity_h_part13,336,48,336:48,mae,repeat,0.9530356426581016,0.8222646632380525,94.44444444444444,0.0,36
time/current_velocity_h_part13,336,48,336:48,nmse,repeat,1.7044792800313897,0.783866925837679,94.44444444444444,0.0,36
time/current_velocity_h_part13,336,48,336:48,nmae,repeat,0.9844279918405745,0.6141913967827956,94.44444444444444,0.0,36
time/current_velocity_h_part13,336,48,336:48,mase,repeat,5.625153448846605,3.2531035956409244,94.44444444444444,0.0,36
time/current_velocity_h_part13,504,168,504:168,mse,repeat,12.49040483647544,5.371703778796991,97.22222222222221,0.0,36
time/current_velocity_h_part13,504,168,504:168,mae,repeat,1.2351226233165815,0.794940708699869,94.44444444444444,0.0,36
time/current_velocity_h_part13,504,168,504:168,nmse,repeat,2.396296920047866,1.0608640431116025,97.22222222222221,0.0,36
time/current_velocity_h_part13,504,168,504:168,nmae,repeat,1.218373288710912,0.7395881000492308,94.44444444444444,0.0,36
time/current_velocity_h_part13,504,168,504:168,mase,repeat,7.626637395885256,4.998545413215955,94.44444444444444,0.0,36
time/current_velocity_h_part13,504,168,504:168,mse,repeat,12.49040483647544,5.371703778796991,97.22222222222221,0.0,36
time/current_velocity_h_part13,504,168,504:168,mae,repeat,1.2351226233165815,0.794940708699869,94.44444444444444,0.0,36
time/current_velocity_h_part13,504,168,504:168,nmse,repeat,2.396296920047866,1.0608640431116025,97.22222222222221,0.0,36
time/current_velocity_h_part13,504,168,504:168,nmae,repeat,1.218373288710912,0.7395881000492308,94.44444444444444,0.0,36
time/current_velocity_h_part13,504,168,504:168,mase,repeat,7.626637395885256,4.998545413215955,94.44444444444444,0.0,36
time/current_velocity_h_part13,504,168,504:168,mse,repeat,12.49040483657897,5.3717039352979,97.22222222222221,0.0,36
time/current_velocity_h_part13,504,168,504:168,mae,repeat,1.2351226237175676,0.7949406628645698,94.44444444444444,0.0,36
time/current_velocity_h_part13,504,168,504:168,nmse,repeat,2.3962969366047115,1.0608639762633376,97.22222222222221,0.0,36
time/current_velocity_h_part13,504,168,504:168,nmae,repeat,1.218373288710912,0.7395880251295037,94.44444444444444,0.0,36
time/current_velocity_h_part13,504,168,504:168,mase,repeat,7.626637399196625,4.998545391692056,94.44444444444444,0.0,36
time/current_velocity_h_part13,504,168,504:168,mse,repeat,12.49040483657897,5.3717039352979,97.22222222222221,0.0,36
time/current_velocity_h_part13,504,168,504:168,mae,repeat,1.2351226237175676,0.7949406628645698,94.44444444444444,0.0,36
time/current_velocity_h_part13,504,168,504:168,nmse,repeat,2.3962969366047115,1.0608639762633376,97.22222222222221,0.0,36
time/current_velocity_h_part13,504,168,504:168,nmae,repeat,1.218373288710912,0.7395880251295037,94.44444444444444,0.0,36
time/current_velocity_h_part13,504,168,504:168,mase,repeat,7.626637399196625,4.998545391692056,94.44444444444444,0.0,36
time/current_velocity_h_part14,168,24,168:24,mse,repeat,9.34467143030679,3.8018055480169095,76.66666666666667,0.0,30
time/current_velocity_h_part14,168,24,168:24,mae,repeat,1.0045952894259245,0.6531000342569314,76.66666666666667,0.0,30
time/current_velocity_h_part14,168,24,168:24,nmse,repeat,1.1214688034728169,0.4842783061477045,76.66666666666667,0.0,30
time/current_velocity_h_part14,168,24,168:24,nmae,repeat,0.7650321538249651,0.49405617217222847,76.66666666666667,0.0,30
time/current_velocity_h_part14,168,24,168:24,mase,repeat,5.696088320016861,2.486678131421407,76.66666666666667,0.0,30
time/current_velocity_h_part14,168,24,168:24,mse,repeat,9.34467143030679,3.8018055480169095,76.66666666666667,0.0,30
time/current_velocity_h_part14,168,24,168:24,mae,repeat,1.0045952894259245,0.6531000342569314,76.66666666666667,0.0,30
time/current_velocity_h_part14,168,24,168:24,nmse,repeat,1.1214688034728169,0.4842783061477045,76.66666666666667,0.0,30
time/current_velocity_h_part14,168,24,168:24,nmae,repeat,0.7650321538249651,0.49405617217222847,76.66666666666667,0.0,30
time/current_velocity_h_part14,168,24,168:24,mase,repeat,5.696088320016861,2.486678131421407,76.66666666666667,0.0,30
time/current_velocity_h_part14,168,24,168:24,mse,repeat,9.344671430341714,3.8018050396119936,76.66666666666667,0.0,30
time/current_velocity_h_part14,168,24,168:24,mae,repeat,1.0045952895423398,0.6530999662276978,76.66666666666667,0.0,30
time/current_velocity_h_part14,168,24,168:24,nmse,repeat,1.1214688054596385,0.4842783606921633,76.66666666666667,0.0,30
time/current_velocity_h_part14,168,24,168:24,nmae,repeat,0.7650321488579114,0.4940561135609945,76.66666666666667,0.0,30
time/current_velocity_h_part14,168,24,168:24,mase,repeat,5.6960883359114325,2.486677489678065,76.66666666666667,0.0,30
time/current_velocity_h_part14,168,24,168:24,mse,repeat,9.344671430341714,3.8018050396119936,76.66666666666667,0.0,30
time/current_velocity_h_part14,168,24,168:24,mae,repeat,1.0045952895423398,0.6530999662276978,76.66666666666667,0.0,30
time/current_velocity_h_part14,168,24,168:24,nmse,repeat,1.1214688054596385,0.4842783606921633,76.66666666666667,0.0,30
time/current_velocity_h_part14,168,24,168:24,nmae,repeat,0.7650321488579114,0.4940561135609945,76.66666666666667,0.0,30
time/current_velocity_h_part14,168,24,168:24,mase,repeat,5.6960883359114325,2.486677489678065,76.66666666666667,0.0,30
time/current_velocity_h_part14,336,48,336:48,mse,repeat,20.541343964893017,16.92993488053333,73.33333333333333,0.0,30
time/current_velocity_h_part14,336,48,336:48,mae,repeat,1.41265036862654,1.2068966584124914,80.0,0.0,30
time/current_velocity_h_part14,336,48,336:48,nmse,repeat,1.2056279922525088,0.9731106426489229,73.33333333333333,0.0,30
time/current_velocity_h_part14,336,48,336:48,nmae,repeat,0.7814022223154704,0.6263093713670969,80.0,0.0,30
time/current_velocity_h_part14,336,48,336:48,mase,repeat,4.450377245744069,3.166958744327227,80.0,0.0,30
time/current_velocity_h_part14,336,48,336:48,mse,repeat,20.541343964893017,16.92993488053333,73.33333333333333,0.0,30
time/current_velocity_h_part14,336,48,336:48,mae,repeat,1.41265036862654,1.2068966584124914,80.0,0.0,30
time/current_velocity_h_part14,336,48,336:48,nmse,repeat,1.2056279922525088,0.9731106426489229,73.33333333333333,0.0,30
time/current_velocity_h_part14,336,48,336:48,nmae,repeat,0.7814022223154704,0.6263093713670969,80.0,0.0,30
time/current_velocity_h_part14,336,48,336:48,mase,repeat,4.450377245744069,3.166958744327227,80.0,0.0,30
time/current_velocity_h_part14,336,48,336:48,mse,repeat,20.541343964894956,16.929932328965425,73.33333333333333,0.0,30
time/current_velocity_h_part14,336,48,336:48,mae,repeat,1.4126503688748926,1.2068965193117038,80.0,0.0,30
time/current_velocity_h_part14,336,48,336:48,nmse,repeat,1.2056279907623926,0.9731104568966354,73.33333333333333,0.0,30
time/current_velocity_h_part14,336,48,336:48,nmae,repeat,0.7814022203286489,0.6263092348972956,80.0,0.0,30
time/current_velocity_h_part14,336,48,336:48,mase,repeat,4.450377237796784,3.1669587075710295,80.0,0.0,30
time/current_velocity_h_part14,336,48,336:48,mse,repeat,20.541343964894956,16.929932328965425,73.33333333333333,0.0,30
time/current_velocity_h_part14,336,48,336:48,mae,repeat,1.4126503688748926,1.2068965193117038,80.0,0.0,30
time/current_velocity_h_part14,336,48,336:48,nmse,repeat,1.2056279907623926,0.9731104568966354,73.33333333333333,0.0,30
time/current_velocity_h_part14,336,48,336:48,nmae,repeat,0.7814022203286489,0.6263092348972956,80.0,0.0,30
time/current_velocity_h_part14,336,48,336:48,mase,repeat,4.450377237796784,3.1669587075710295,80.0,0.0,30
time/current_velocity_h_part14,504,168,504:168,mse,repeat,28.835030844032264,12.60080287009555,91.66666666666666,0.0,24
time/current_velocity_h_part14,504,168,504:168,mae,repeat,1.7870827571799357,1.1461952704218372,91.66666666666666,0.0,24
time/current_velocity_h_part14,504,168,504:168,nmse,repeat,2.3103925784428916,1.3464647081370156,91.66666666666666,0.0,24
time/current_velocity_h_part14,504,168,504:168,nmae,repeat,1.1892487692336242,0.800121171399951,91.66666666666666,0.0,24
time/current_velocity_h_part14,504,168,504:168,mase,repeat,9.768319000800451,5.963809800644715,91.66666666666666,0.0,24
time/current_velocity_h_part14,504,168,504:168,mse,repeat,28.835030844032264,12.60080287009555,91.66666666666666,0.0,24
time/current_velocity_h_part14,504,168,504:168,mae,repeat,1.7870827571799357,1.1461952704218372,91.66666666666666,0.0,24
time/current_velocity_h_part14,504,168,504:168,nmse,repeat,2.3103925784428916,1.3464647081370156,91.66666666666666,0.0,24
time/current_velocity_h_part14,504,168,504:168,nmae,repeat,1.1892487692336242,0.800121171399951,91.66666666666666,0.0,24
time/current_velocity_h_part14,504,168,504:168,mase,repeat,9.768319000800451,5.963809800644715,91.66666666666666,0.0,24
time/current_velocity_h_part14,504,168,504:168,mse,repeat,28.835030844012863,12.60080493245126,91.66666666666666,0.0,24
time/current_velocity_h_part14,504,168,504:168,mae,repeat,1.7870827579657391,1.1461953729061254,91.66666666666666,0.0,24
time/current_velocity_h_part14,504,168,504:168,nmse,repeat,2.3103925536076226,1.3464646562933922,91.66666666666666,0.0,24
time/current_velocity_h_part14,504,168,504:168,nmae,repeat,1.1892487667500973,0.8001212620486816,91.66666666666666,0.0,24
time/current_velocity_h_part14,504,168,504:168,mase,repeat,9.768319000800451,5.963810004293919,91.66666666666666,0.0,24
time/current_velocity_h_part14,504,168,504:168,mse,repeat,28.835030844012863,12.60080493245126,91.66666666666666,0.0,24
time/current_velocity_h_part14,504,168,504:168,mae,repeat,1.7870827579657391,1.1461953729061254,91.66666666666666,0.0,24
time/current_velocity_h_part14,504,168,504:168,nmse,repeat,2.3103925536076226,1.3464646562933922,91.66666666666666,0.0,24
time/current_velocity_h_part14,504,168,504:168,nmae,repeat,1.1892487667500973,0.8001212620486816,91.66666666666666,0.0,24
time/current_velocity_h_part14,504,168,504:168,mase,repeat,9.768319000800451,5.963810004293919,91.66666666666666,0.0,24
time/current_velocity_h_part15,168,24,168:24,mse,repeat,5.935997416187405,4.4418776882773825,70.83333333333334,0.0,48
time/current_velocity_h_part15,168,24,168:24,mae,repeat,0.8821274565513401,0.7287777819898716,70.83333333333334,0.0,48
time/current_velocity_h_part15,168,24,168:24,nmse,repeat,1.5387563259961705,1.0479310365238537,70.83333333333334,0.0,48
time/current_velocity_h_part15,168,24,168:24,nmae,repeat,0.8894611162443956,0.7062082920844356,70.83333333333334,0.0,48
time/current_velocity_h_part15,168,24,168:24,mase,repeat,5.258139388014873,3.6821236113707223,70.83333333333334,0.0,48
time/current_velocity_h_part15,168,24,168:24,mse,repeat,5.935997416187405,4.4418776882773825,70.83333333333334,0.0,48
time/current_velocity_h_part15,168,24,168:24,mae,repeat,0.8821274565513401,0.7287777819898716,70.83333333333334,0.0,48
time/current_velocity_h_part15,168,24,168:24,nmse,repeat,1.5387563259961705,1.0479310365238537,70.83333333333334,0.0,48
time/current_velocity_h_part15,168,24,168:24,nmae,repeat,0.8894611162443956,0.7062082920844356,70.83333333333334,0.0,48
time/current_velocity_h_part15,168,24,168:24,mase,repeat,5.258139388014873,3.6821236113707223,70.83333333333334,0.0,48
time/current_velocity_h_part15,168,24,168:24,mse,repeat,5.935997416195913,4.441877239658884,70.83333333333334,0.0,48
time/current_velocity_h_part15,168,24,168:24,mae,repeat,0.8821274563573146,0.7287775864460855,70.83333333333334,0.0,48
time/current_velocity_h_part15,168,24,168:24,nmse,repeat,1.5387563336019714,1.0479302352759987,70.83333333333334,0.0,48
time/current_velocity_h_part15,168,24,168:24,nmae,repeat,0.8894611143817505,0.7062079201762875,70.83333333333334,0.0,48
time/current_velocity_h_part15,168,24,168:24,mase,repeat,5.258139368146658,3.6821217760443687,70.83333333333334,0.0,48
time/current_velocity_h_part15,168,24,168:24,mse,repeat,5.935997416195913,4.441877239658884,70.83333333333334,0.0,48
time/current_velocity_h_part15,168,24,168:24,mae,repeat,0.8821274563573146,0.7287775864460855,70.83333333333334,0.0,48
time/current_velocity_h_part15,168,24,168:24,nmse,repeat,1.5387563336019714,1.0479302352759987,70.83333333333334,0.0,48
time/current_velocity_h_part15,168,24,168:24,nmae,repeat,0.8894611143817505,0.7062079201762875,70.83333333333334,0.0,48
time/current_velocity_h_part15,168,24,168:24,mase,repeat,5.258139368146658,3.6821217760443687,70.83333333333334,0.0,48
time/current_velocity_h_part15,336,48,336:48,mse,repeat,7.564832221680945,4.231151585800766,90.47619047619048,0.0,42
time/current_velocity_h_part15,336,48,336:48,mae,repeat,0.958307947550479,0.6799049291848427,85.71428571428571,0.0,42
time/current_velocity_h_part15,336,48,336:48,nmse,repeat,1.6242202337653864,0.6704656101452807,90.47619047619048,0.0,42
time/current_velocity_h_part15,336,48,336:48,nmae,repeat,0.9507902498756137,0.5902054965318668,85.71428571428571,0.0,42
time/current_velocity_h_part15,336,48,336:48,mase,repeat,6.5515344469320205,3.2291892781144096,85.71428571428571,0.0,42
time/current_velocity_h_part15,336,48,336:48,mse,repeat,7.564832221680945,4.231151585800766,90.47619047619048,0.0,42
time/current_velocity_h_part15,336,48,336:48,mae,repeat,0.958307947550479,0.6799049291848427,85.71428571428571,0.0,42
time/current_velocity_h_part15,336,48,336:48,nmse,repeat,1.6242202337653864,0.6704656101452807,90.47619047619048,0.0,42
time/current_velocity_h_part15,336,48,336:48,nmae,repeat,0.9507902498756137,0.5902054965318668,85.71428571428571,0.0,42
time/current_velocity_h_part15,336,48,336:48,mase,repeat,6.5515344469320205,3.2291892781144096,85.71428571428571,0.0,42
time/current_velocity_h_part15,336,48,336:48,mse,repeat,7.564832221700239,4.231151896053099,90.47619047619048,0.0,42
time/current_velocity_h_part15,336,48,336:48,mae,repeat,0.9583079477167866,0.6799049644864031,85.71428571428571,0.0,42
time/current_velocity_h_part15,336,48,336:48,nmse,repeat,1.6242202115910394,0.6704655374134225,90.47619047619048,0.0,42
time/current_velocity_h_part15,336,48,336:48,nmae,repeat,0.9507902498756137,0.5902053829992101,85.71428571428571,0.0,42
time/current_velocity_h_part15,336,48,336:48,mase,repeat,6.551534441255388,3.229188213745753,85.71428571428571,0.0,42
time/current_velocity_h_part15,336,48,336:48,mse,repeat,7.564832221700239,4.231151896053099,90.47619047619048,0.0,42
time/current_velocity_h_part15,336,48,336:48,mae,repeat,0.9583079477167866,0.6799049644864031,85.71428571428571,0.0,42
time/current_velocity_h_part15,336,48,336:48,nmse,repeat,1.6242202115910394,0.6704655374134225,90.47619047619048,0.0,42
time/current_velocity_h_part15,336,48,336:48,nmae,repeat,0.9507902498756137,0.5902053829992101,85.71428571428571,0.0,42
time/current_velocity_h_part15,336,48,336:48,mase,repeat,6.551534441255388,3.229188213745753,85.71428571428571,0.0,42
time/current_velocity_h_part15,504,168,504:168,mse,repeat,12.455892704526216,11.755830698881168,80.95238095238095,0.0,42
time/current_velocity_h_part15,504,168,504:168,mae,repeat,1.2452560606235195,1.1041502670074503,78.57142857142857,0.0,42
time/current_velocity_h_part15,504,168,504:168,nmse,repeat,1.7035993138949077,1.0679023702229773,80.95238095238095,0.0,42
time/current_velocity_h_part15,504,168,504:168,nmae,repeat,1.0183576764095397,0.7532315970886321,78.57142857142857,0.0,42
time/current_velocity_h_part15,504,168,504:168,mase,repeat,7.911622379507337,5.392789572477341,78.57142857142857,0.0,42
time/current_velocity_h_part15,504,168,504:168,mse,repeat,12.455892704526216,11.755830698881168,80.95238095238095,0.0,42
time/current_velocity_h_part15,504,168,504:168,mae,repeat,1.2452560606235195,1.1041502670074503,78.57142857142857,0.0,42
time/current_velocity_h_part15,504,168,504:168,nmse,repeat,1.7035993138949077,1.0679023702229773,80.95238095238095,0.0,42
time/current_velocity_h_part15,504,168,504:168,nmae,repeat,1.0183576764095397,0.7532315970886321,78.57142857142857,0.0,42
time/current_velocity_h_part15,504,168,504:168,mase,repeat,7.911622379507337,5.392789572477341,78.57142857142857,0.0,42
time/current_velocity_h_part15,504,168,504:168,mse,repeat,12.45589270457052,11.75583061053857,80.95238095238095,0.0,42
time/current_velocity_h_part15,504,168,504:168,mae,repeat,1.2452560606235195,1.104150228767789,78.57142857142857,0.0,42
time/current_velocity_h_part15,504,168,504:168,nmse,repeat,1.7035993124757494,1.0679023578053428,80.95238095238095,0.0,42
time/current_velocity_h_part15,504,168,504:168,nmae,repeat,1.0183576806670143,0.7532316166020575,78.57142857142857,0.0,42
time/current_velocity_h_part15,504,168,504:168,mase,repeat,7.911622382345653,5.3927896519502,78.57142857142857,0.0,42
time/current_velocity_h_part15,504,168,504:168,mse,repeat,12.45589270457052,11.75583061053857,80.95238095238095,0.0,42
time/current_velocity_h_part15,504,168,504:168,mae,repeat,1.2452560606235195,1.104150228767789,78.57142857142857,0.0,42
time/current_velocity_h_part15,504,168,504:168,nmse,repeat,1.7035993124757494,1.0679023578053428,80.95238095238095,0.0,42
time/current_velocity_h_part15,504,168,504:168,nmae,repeat,1.0183576806670143,0.7532316166020575,78.57142857142857,0.0,42
time/current_velocity_h_part15,504,168,504:168,mase,repeat,7.911622382345653,5.3927896519502,78.57142857142857,0.0,42
time/current_velocity_h_part16,168,24,168:24,mse,repeat,6.588296682190655,4.6689236439772985,52.77777777777778,0.0,36
time/current_velocity_h_part16,168,24,168:24,mae,repeat,0.8518990758457221,0.724006160595713,52.77777777777778,0.0,36
time/current_velocity_h_part16,168,24,168:24,nmse,repeat,0.832538497634232,0.688056717109349,52.77777777777778,0.0,36
time/current_velocity_h_part16,168,24,168:24,nmae,repeat,0.6780732245081,0.6341250592635738,52.77777777777778,0.0,36
time/current_velocity_h_part16,168,24,168:24,mase,repeat,2.1034300244516797,2.0007138583395214,52.77777777777778,0.0,36
time/current_velocity_h_part16,168,24,168:24,mse,repeat,6.588296682190655,4.6689236439772985,52.77777777777778,0.0,36
time/current_velocity_h_part16,168,24,168:24,mae,repeat,0.8518990758457221,0.724006160595713,52.77777777777778,0.0,36
time/current_velocity_h_part16,168,24,168:24,nmse,repeat,0.832538497634232,0.688056717109349,52.77777777777778,0.0,36
time/current_velocity_h_part16,168,24,168:24,nmae,repeat,0.6780732245081,0.6341250592635738,52.77777777777778,0.0,36
time/current_velocity_h_part16,168,24,168:24,mase,repeat,2.1034300244516797,2.0007138583395214,52.77777777777778,0.0,36
time/current_velocity_h_part16,168,24,168:24,mse,repeat,6.588296682180953,4.6689227447028925,52.77777777777778,0.0,36
time/current_velocity_h_part16,168,24,168:24,mae,repeat,0.8518990758715922,0.7240061112097465,52.77777777777778,0.0,36
time/current_velocity_h_part16,168,24,168:24,nmse,repeat,0.8325384972203109,0.6880566779938009,52.77777777777778,0.0,36
time/current_velocity_h_part16,168,24,168:24,nmae,repeat,0.6780732236802578,0.6341249781350294,52.77777777777778,0.0,36
time/current_velocity_h_part16,168,24,168:24,mase,repeat,2.1034300211403103,2.0007131149371467,52.77777777777778,0.0,36
time/current_velocity_h_part16,168,24,168:24,mse,repeat,6.588296682180953,4.6689227447028925,52.77777777777778,0.0,36
time/current_velocity_h_part16,168,24,168:24,mae,repeat,0.8518990758715922,0.7240061112097465,52.77777777777778,0.0,36
time/current_velocity_h_part16,168,24,168:24,nmse,repeat,0.8325384972203109,0.6880566779938009,52.77777777777778,0.0,36
time/current_velocity_h_part16,168,24,168:24,nmae,repeat,0.6780732236802578,0.6341249781350294,52.77777777777778,0.0,36
time/current_velocity_h_part16,168,24,168:24,mase,repeat,2.1034300211403103,2.0007131149371467,52.77777777777778,0.0,36
time/current_velocity_h_part16,336,48,336:48,mse,repeat,8.494998663150405,6.022980605082062,86.11111111111111,0.0,36
time/current_velocity_h_part16,336,48,336:48,mae,repeat,1.0492028309575592,0.858816107799713,88.88888888888889,0.0,36
time/current_velocity_h_part16,336,48,336:48,nmse,repeat,1.1119855197353496,0.6411498288313547,86.11111111111111,0.0,36
time/current_velocity_h_part16,336,48,336:48,nmae,repeat,0.7743717589312129,0.5423984610372119,88.88888888888889,0.0,36
time/current_velocity_h_part16,336,48,336:48,mase,repeat,3.1591984033584595,2.054302371210522,88.88888888888889,0.0,36
time/current_velocity_h_part16,336,48,336:48,mse,repeat,8.494998663150405,6.022980605082062,86.11111111111111,0.0,36
time/current_velocity_h_part16,336,48,336:48,mae,repeat,1.0492028309575592,0.858816107799713,88.88888888888889,0.0,36
time/current_velocity_h_part16,336,48,336:48,nmse,repeat,1.1119855197353496,0.6411498288313547,86.11111111111111,0.0,36
time/current_velocity_h_part16,336,48,336:48,nmae,repeat,0.7743717589312129,0.5423984610372119,88.88888888888889,0.0,36
time/current_velocity_h_part16,336,48,336:48,mase,repeat,3.1591984033584595,2.054302371210522,88.88888888888889,0.0,36
time/current_velocity_h_part16,336,48,336:48,mse,repeat,8.494998663156771,6.022980631590826,86.11111111111111,0.0,36
time/current_velocity_h_part16,336,48,336:48,mae,repeat,1.0492028309575592,0.8588161443799941,88.88888888888889,0.0,36
time/current_velocity_h_part16,336,48,336:48,nmse,repeat,1.1119855313251417,0.6411501478610767,86.11111111111111,0.0,36
time/current_velocity_h_part16,336,48,336:48,nmae,repeat,0.7743717539641592,0.5423985371987025,88.88888888888889,0.0,36
time/current_velocity_h_part16,336,48,336:48,mase,repeat,3.159198416603936,2.054303685824076,88.88888888888889,0.0,36
time/current_velocity_h_part16,336,48,336:48,mse,repeat,8.494998663156771,6.022980631590826,86.11111111111111,0.0,36
time/current_velocity_h_part16,336,48,336:48,mae,repeat,1.0492028309575592,0.8588161443799941,88.88888888888889,0.0,36
time/current_velocity_h_part16,336,48,336:48,nmse,repeat,1.1119855313251417,0.6411501478610767,86.11111111111111,0.0,36
time/current_velocity_h_part16,336,48,336:48,nmae,repeat,0.7743717539641592,0.5423985371987025,88.88888888888889,0.0,36
time/current_velocity_h_part16,336,48,336:48,mase,repeat,3.159198416603936,2.054303685824076,88.88888888888889,0.0,36
time/current_velocity_h_part16,504,168,504:168,mse,repeat,11.427435096160723,7.155690537078832,96.66666666666667,0.0,30
time/current_velocity_h_part16,504,168,504:168,mae,repeat,1.2239515776901195,0.911462683044374,96.66666666666667,0.0,30
time/current_velocity_h_part16,504,168,504:168,nmse,repeat,1.8367657124996186,0.6034270147482554,96.66666666666667,0.0,30
time/current_velocity_h_part16,504,168,504:168,nmae,repeat,1.0935917178789774,0.5975240300099055,96.66666666666667,0.0,30
time/current_velocity_h_part16,504,168,504:168,mase,repeat,6.935061311721801,3.572102932135264,96.66666666666667,0.0,30
time/current_velocity_h_part16,504,168,504:168,mse,repeat,11.427435096160723,7.155690537078832,96.66666666666667,0.0,30
time/current_velocity_h_part16,504,168,504:168,mae,repeat,1.2239515776901195,0.911462683044374,96.66666666666667,0.0,30
time/current_velocity_h_part16,504,168,504:168,nmse,repeat,1.8367657124996186,0.6034270147482554,96.66666666666667,0.0,30
time/current_velocity_h_part16,504,168,504:168,nmae,repeat,1.0935917178789774,0.5975240300099055,96.66666666666667,0.0,30
time/current_velocity_h_part16,504,168,504:168,mase,repeat,6.935061311721801,3.572102932135264,96.66666666666667,0.0,30
time/current_velocity_h_part16,504,168,504:168,mse,repeat,11.427435096191282,7.155688369697297,96.66666666666667,0.0,30
time/current_velocity_h_part16,504,168,504:168,mae,repeat,1.2239515774417669,0.9114626488493135,96.66666666666667,0.0,30
time/current_velocity_h_part16,504,168,504:168,nmse,repeat,1.8367657124996186,0.6034269373863935,96.66666666666667,0.0,30
time/current_velocity_h_part16,504,168,504:168,nmae,repeat,1.0935917218526205,0.5975240175922711,96.66666666666667,0.0,30
time/current_velocity_h_part16,504,168,504:168,mase,repeat,6.9350612958272295,3.5721029937267303,96.66666666666667,0.0,30
time/current_velocity_h_part16,504,168,504:168,mse,repeat,11.427435096191282,7.155688369697297,96.66666666666667,0.0,30
time/current_velocity_h_part16,504,168,504:168,mae,repeat,1.2239515774417669,0.9114626488493135,96.66666666666667,0.0,30
time/current_velocity_h_part16,504,168,504:168,nmse,repeat,1.8367657124996186,0.6034269373863935,96.66666666666667,0.0,30
time/current_velocity_h_part16,504,168,504:168,nmae,repeat,1.0935917218526205,0.5975240175922711,96.66666666666667,0.0,30
time/current_velocity_h_part16,504,168,504:168,mase,repeat,6.9350612958272295,3.5721029937267303,96.66666666666667,0.0,30
time/current_velocity_h_part17,168,24,168:24,mse,repeat,8.845912891147691,6.521146708367193,66.66666666666666,0.0,24
time/current_velocity_h_part17,168,24,168:24,mae,repeat,1.1161936943923745,0.9285327258597439,70.83333333333334,0.0,24
time/current_velocity_h_part17,168,24,168:24,nmse,repeat,1.2444292592505615,0.9835357614016781,66.66666666666666,0.0,24
time/current_velocity_h_part17,168,24,168:24,nmae,repeat,0.7807336983581384,0.6717046297465762,70.83333333333334,0.0,24
time/current_velocity_h_part17,168,24,168:24,mase,repeat,3.5768771320581436,2.7104203750689826,70.83333333333334,0.0,24
time/current_velocity_h_part17,168,24,168:24,mse,repeat,8.845912891147691,6.521146708367193,66.66666666666666,0.0,24
time/current_velocity_h_part17,168,24,168:24,mae,repeat,1.1161936943923745,0.9285327258597439,70.83333333333334,0.0,24
time/current_velocity_h_part17,168,24,168:24,nmse,repeat,1.2444292592505615,0.9835357614016781,66.66666666666666,0.0,24
time/current_velocity_h_part17,168,24,168:24,nmae,repeat,0.7807336983581384,0.6717046297465762,70.83333333333334,0.0,24
time/current_velocity_h_part17,168,24,168:24,mase,repeat,3.5768771320581436,2.7104203750689826,70.83333333333334,0.0,24
time/current_velocity_h_part17,168,24,168:24,mse,repeat,8.845912891167245,6.521145269738024,66.66666666666666,0.0,24
time/current_velocity_h_part17,168,24,168:24,mae,repeat,1.116193694411777,0.9285326546911771,70.83333333333334,0.0,24
time/current_velocity_h_part17,168,24,168:24,nmse,repeat,1.2444292592505615,0.9835361780133098,66.66666666666666,0.0,24
time/current_velocity_h_part17,168,24,168:24,nmae,repeat,0.7807336946328481,0.6717047123238444,70.83333333333334,0.0,24
time/current_velocity_h_part17,168,24,168:24,mase,repeat,3.576877141992251,2.710419222712517,70.83333333333334,0.0,24
time/current_velocity_h_part17,168,24,168:24,mse,repeat,8.845912891167245,6.521145269738024,66.66666666666666,0.0,24
time/current_velocity_h_part17,168,24,168:24,mae,repeat,1.116193694411777,0.9285326546911771,70.83333333333334,0.0,24
time/current_velocity_h_part17,168,24,168:24,nmse,repeat,1.2444292592505615,0.9835361780133098,66.66666666666666,0.0,24
time/current_velocity_h_part17,168,24,168:24,nmae,repeat,0.7807336946328481,0.6717047123238444,70.83333333333334,0.0,24
time/current_velocity_h_part17,168,24,168:24,mase,repeat,3.576877141992251,2.710419222712517,70.83333333333334,0.0,24
time/current_velocity_h_part17,336,48,336:48,mse,repeat,12.521270435160204,6.171343287168763,95.83333333333334,0.0,24
time/current_velocity_h_part17,336,48,336:48,mae,repeat,1.1519817596223827,0.7686441745900083,95.83333333333334,0.0,24
time/current_velocity_h_part17,336,48,336:48,nmse,repeat,0.661210964123408,0.3410674386347334,95.83333333333334,0.0,24
time/current_velocity_h_part17,336,48,336:48,nmae,repeat,0.6109608306239048,0.4096375896284978,95.83333333333334,0.0,24
time/current_velocity_h_part17,336,48,336:48,mase,repeat,2.5506673082709312,1.561406284570694,95.83333333333334,0.0,24
time/current_velocity_h_part17,336,48,336:48,mse,repeat,12.521270435160204,6.171343287168763,95.83333333333334,0.0,24
time/current_velocity_h_part17,336,48,336:48,mae,repeat,1.1519817596223827,0.7686441745900083,95.83333333333334,0.0,24
time/current_velocity_h_part17,336,48,336:48,nmse,repeat,0.661210964123408,0.3410674386347334,95.83333333333334,0.0,24
time/current_velocity_h_part17,336,48,336:48,nmae,repeat,0.6109608306239048,0.4096375896284978,95.83333333333334,0.0,24
time/current_velocity_h_part17,336,48,336:48,mase,repeat,2.5506673082709312,1.561406284570694,95.83333333333334,0.0,24
time/current_velocity_h_part17,336,48,336:48,mse,repeat,12.521270435315424,6.171342256570142,95.83333333333334,0.0,24
time/current_velocity_h_part17,336,48,336:48,mae,repeat,1.1519817593119417,0.7686441232120463,95.83333333333334,0.0,24
time/current_velocity_h_part17,336,48,336:48,nmse,repeat,0.6612109603981177,0.34106734332938987,95.83333333333334,0.0,24
time/current_velocity_h_part17,336,48,336:48,nmae,repeat,0.6109608306239048,0.40963749090830487,95.83333333333334,0.0,24
time/current_velocity_h_part17,336,48,336:48,mase,repeat,2.5506673082709312,1.5614063665270805,95.83333333333334,0.0,24
time/current_velocity_h_part17,336,48,336:48,mse,repeat,12.521270435315424,6.171342256570142,95.83333333333334,0.0,24
time/current_velocity_h_part17,336,48,336:48,mae,repeat,1.1519817593119417,0.7686441232120463,95.83333333333334,0.0,24
time/current_velocity_h_part17,336,48,336:48,nmse,repeat,0.6612109603981177,0.34106734332938987,95.83333333333334,0.0,24
time/current_velocity_h_part17,336,48,336:48,nmae,repeat,0.6109608306239048,0.40963749090830487,95.83333333333334,0.0,24
time/current_velocity_h_part17,336,48,336:48,mase,repeat,2.5506673082709312,1.5614063665270805,95.83333333333334,0.0,24
time/current_velocity_h_part17,504,168,504:168,mse,repeat,17.456443034083048,11.576820398563237,87.5,0.0,24
time/current_velocity_h_part17,504,168,504:168,mae,repeat,1.4992437732871622,1.2055900017439853,87.5,0.0,24
time/current_velocity_h_part17,504,168,504:168,nmse,repeat,1.57508281370004,0.6737024783312032,87.5,0.0,24
time/current_velocity_h_part17,504,168,504:168,nmae,repeat,0.9784878231585026,0.5954226776957512,87.5,0.0,24
time/current_velocity_h_part17,504,168,504:168,mase,repeat,4.279986843466759,3.1663182576497397,87.5,0.0,24
time/current_velocity_h_part17,504,168,504:168,mse,repeat,17.456443034083048,11.576820398563237,87.5,0.0,24
time/current_velocity_h_part17,504,168,504:168,mae,repeat,1.4992437732871622,1.2055900017439853,87.5,0.0,24
time/current_velocity_h_part17,504,168,504:168,nmse,repeat,1.57508281370004,0.6737024783312032,87.5,0.0,24
time/current_velocity_h_part17,504,168,504:168,nmae,repeat,0.9784878231585026,0.5954226776957512,87.5,0.0,24
time/current_velocity_h_part17,504,168,504:168,mase,repeat,4.279986843466759,3.1663182576497397,87.5,0.0,24
time/current_velocity_h_part17,504,168,504:168,mse,repeat,17.456443034083048,11.57682309903953,87.5,0.0,24
time/current_velocity_h_part17,504,168,504:168,mae,repeat,1.4992437732871622,1.205590176541591,87.5,0.0,24
time/current_velocity_h_part17,504,168,504:168,nmse,repeat,1.575082798798879,0.673702483686308,87.5,0.0,24
time/current_velocity_h_part17,504,168,504:168,nmae,repeat,0.9784878231585026,0.5954226932177941,87.5,0.0,24
time/current_velocity_h_part17,504,168,504:168,mase,repeat,4.279986833532651,3.166318063934644,87.5,0.0,24
time/current_velocity_h_part17,504,168,504:168,mse,repeat,17.456443034083048,11.57682309903953,87.5,0.0,24
time/current_velocity_h_part17,504,168,504:168,mae,repeat,1.4992437732871622,1.205590176541591,87.5,0.0,24
time/current_velocity_h_part17,504,168,504:168,nmse,repeat,1.575082798798879,0.673702483686308,87.5,0.0,24
time/current_velocity_h_part17,504,168,504:168,nmae,repeat,0.9784878231585026,0.5954226932177941,87.5,0.0,24
time/current_velocity_h_part17,504,168,504:168,mase,repeat,4.279986833532651,3.166318063934644,87.5,0.0,24
time/current_velocity_h_part18,168,24,168:24,mse,repeat,13.666522878596819,6.869207133289668,66.66666666666666,0.0,30
time/current_velocity_h_part18,168,24,168:24,mae,repeat,1.3214968224366506,0.8309043134873112,66.66666666666666,0.0,30
time/current_velocity_h_part18,168,24,168:24,nmse,repeat,1.1426209385196369,0.6771235632399718,66.66666666666666,0.0,30
time/current_velocity_h_part18,168,24,168:24,nmae,repeat,0.7663347919782003,0.5673626266419888,66.66666666666666,0.0,30
time/current_velocity_h_part18,168,24,168:24,mase,repeat,4.143934428691864,3.0597960472106935,66.66666666666666,0.0,30
time/current_velocity_h_part18,168,24,168:24,mse,repeat,13.666522878596819,6.869207133289668,66.66666666666666,0.0,30
time/current_velocity_h_part18,168,24,168:24,mae,repeat,1.3214968224366506,0.8309043134873112,66.66666666666666,0.0,30
time/current_velocity_h_part18,168,24,168:24,nmse,repeat,1.1426209385196369,0.6771235632399718,66.66666666666666,0.0,30
time/current_velocity_h_part18,168,24,168:24,nmae,repeat,0.7663347919782003,0.5673626266419888,66.66666666666666,0.0,30
time/current_velocity_h_part18,168,24,168:24,mase,repeat,4.143934428691864,3.0597960472106935,66.66666666666666,0.0,30
time/current_velocity_h_part18,168,24,168:24,mse,repeat,13.666522878581207,6.8692065893673995,66.66666666666666,0.0,30
time/current_velocity_h_part18,168,24,168:24,mae,repeat,1.3214968220641217,0.8309040830587037,66.66666666666666,0.0,30
time/current_velocity_h_part18,168,24,168:24,nmse,repeat,1.142620890835921,0.677123021458586,66.66666666666666,0.0,30
time/current_velocity_h_part18,168,24,168:24,nmae,repeat,0.7663347919782003,0.5673620469868184,66.66666666666666,0.0,30
time/current_velocity_h_part18,168,24,168:24,mase,repeat,4.143934444586436,3.0597937842210134,66.66666666666666,0.0,30
time/current_velocity_h_part18,168,24,168:24,mse,repeat,13.666522878581207,6.8692065893673995,66.66666666666666,0.0,30
time/current_velocity_h_part18,168,24,168:24,mae,repeat,1.3214968220641217,0.8309040830587037,66.66666666666666,0.0,30
time/current_velocity_h_part18,168,24,168:24,nmse,repeat,1.142620890835921,0.677123021458586,66.66666666666666,0.0,30
time/current_velocity_h_part18,168,24,168:24,nmae,repeat,0.7663347919782003,0.5673620469868184,66.66666666666666,0.0,30
time/current_velocity_h_part18,168,24,168:24,mase,repeat,4.143934444586436,3.0597937842210134,66.66666666666666,0.0,30
time/current_velocity_h_part18,336,48,336:48,mse,repeat,8.17844922676201,4.720164163246735,80.0,0.0,30
time/current_velocity_h_part18,336,48,336:48,mae,repeat,0.9793064584877963,0.692210735702732,80.0,0.0,30
time/current_velocity_h_part18,336,48,336:48,nmse,repeat,1.7900080939133962,0.7570226080094774,80.0,0.0,30
time/current_velocity_h_part18,336,48,336:48,nmae,repeat,0.9533094684282939,0.5989717935522397,80.0,0.0,30
time/current_velocity_h_part18,336,48,336:48,mase,repeat,6.237323629856109,3.7260575314362843,80.0,0.0,30
time/current_velocity_h_part18,336,48,336:48,mse,repeat,8.17844922676201,4.720164163246735,80.0,0.0,30
time/current_velocity_h_part18,336,48,336:48,mae,repeat,0.9793064584877963,0.692210735702732,80.0,0.0,30
time/current_velocity_h_part18,336,48,336:48,nmse,repeat,1.7900080939133962,0.7570226080094774,80.0,0.0,30
time/current_velocity_h_part18,336,48,336:48,nmae,repeat,0.9533094684282939,0.5989717935522397,80.0,0.0,30
time/current_velocity_h_part18,336,48,336:48,mase,repeat,6.237323629856109,3.7260575314362843,80.0,0.0,30
time/current_velocity_h_part18,336,48,336:48,mse,repeat,8.178449226855204,4.720165718400123,80.0,0.0,30
time/current_velocity_h_part18,336,48,336:48,mae,repeat,0.9793064584722743,0.6922108167898842,80.0,0.0,30
time/current_velocity_h_part18,336,48,336:48,nmse,repeat,1.7900080859661103,0.757022761926055,80.0,0.0,30
time/current_velocity_h_part18,336,48,336:48,nmae,repeat,0.9533094724019369,0.5989718168973923,80.0,0.0,30
time/current_velocity_h_part18,336,48,336:48,mase,repeat,6.237323633829752,3.7260576665401457,80.0,0.0,30
time/current_velocity_h_part18,336,48,336:48,mse,repeat,8.178449226855204,4.720165718400123,80.0,0.0,30
time/current_velocity_h_part18,336,48,336:48,mae,repeat,0.9793064584722743,0.6922108167898842,80.0,0.0,30
time/current_velocity_h_part18,336,48,336:48,nmse,repeat,1.7900080859661103,0.757022761926055,80.0,0.0,30
time/current_velocity_h_part18,336,48,336:48,nmae,repeat,0.9533094724019369,0.5989718168973923,80.0,0.0,30
time/current_velocity_h_part18,336,48,336:48,mase,repeat,6.237323633829752,3.7260576665401457,80.0,0.0,30
time/current_velocity_h_part18,504,168,504:168,mse,repeat,23.072374827657995,20.230034264591,79.16666666666666,0.0,24
time/current_velocity_h_part18,504,168,504:168,mae,repeat,1.6901166374639918,1.4180417978980888,79.16666666666666,0.0,24
time/current_velocity_h_part18,504,168,504:168,nmse,repeat,2.68364908794562,2.2482716838518777,79.16666666666666,0.0,24
time/current_velocity_h_part18,504,168,504:168,nmae,repeat,1.2553379610180855,0.9866474258402983,79.16666666666666,0.0,24
time/current_velocity_h_part18,504,168,504:168,mase,repeat,7.451756380498409,6.10299351811409,79.16666666666666,0.0,24
time/current_velocity_h_part18,504,168,504:168,mse,repeat,23.072374827657995,20.230034264591,79.16666666666666,0.0,24
time/current_velocity_h_part18,504,168,504:168,mae,repeat,1.6901166374639918,1.4180417978980888,79.16666666666666,0.0,24
time/current_velocity_h_part18,504,168,504:168,nmse,repeat,2.68364908794562,2.2482716838518777,79.16666666666666,0.0,24
time/current_velocity_h_part18,504,168,504:168,nmae,repeat,1.2553379610180855,0.9866474258402983,79.16666666666666,0.0,24
time/current_velocity_h_part18,504,168,504:168,mase,repeat,7.451756380498409,6.10299351811409,79.16666666666666,0.0,24
time/current_velocity_h_part18,504,168,504:168,mse,repeat,23.072374827657995,20.230036487934473,79.16666666666666,0.0,24
time/current_velocity_h_part18,504,168,504:168,mae,repeat,1.6901166377744328,1.4180419365099322,79.16666666666666,0.0,24
time/current_velocity_h_part18,504,168,504:168,nmse,repeat,2.6836490780115128,2.248271637906631,79.16666666666666,0.0,24
time/current_velocity_h_part18,504,168,504:168,nmae,repeat,1.2553379610180855,0.986647468060255,79.16666666666666,0.0,24
time/current_velocity_h_part18,504,168,504:168,mase,repeat,7.451756420234839,6.102994027237098,79.16666666666666,0.0,24
time/current_velocity_h_part18,504,168,504:168,mse,repeat,23.072374827657995,20.230036487934473,79.16666666666666,0.0,24
time/current_velocity_h_part18,504,168,504:168,mae,repeat,1.6901166377744328,1.4180419365099322,79.16666666666666,0.0,24
time/current_velocity_h_part18,504,168,504:168,nmse,repeat,2.6836490780115128,2.248271637906631,79.16666666666666,0.0,24
time/current_velocity_h_part18,504,168,504:168,nmae,repeat,1.2553379610180855,0.986647468060255,79.16666666666666,0.0,24
time/current_velocity_h_part18,504,168,504:168,mase,repeat,7.451756420234839,6.102994027237098,79.16666666666666,0.0,24
time/current_velocity_h_part19,168,24,168:24,mse,repeat,14.422963454227677,4.550495066143678,86.66666666666667,0.0,30
time/current_velocity_h_part19,168,24,168:24,mae,repeat,1.095401966292411,0.7253386865486391,86.66666666666667,0.0,30
time/current_velocity_h_part19,168,24,168:24,nmse,repeat,1.1243340129653612,0.5886093745008111,86.66666666666667,0.0,30
time/current_velocity_h_part19,168,24,168:24,nmae,repeat,0.718701355655988,0.5277313175300757,86.66666666666667,0.0,30
time/current_velocity_h_part19,168,24,168:24,mase,repeat,3.8440636694431305,2.6927625864744185,86.66666666666667,0.0,30
time/current_velocity_h_part19,168,24,168:24,mse,repeat,14.422963454227677,4.550495066143678,86.66666666666667,0.0,30
time/current_velocity_h_part19,168,24,168:24,mae,repeat,1.095401966292411,0.7253386865486391,86.66666666666667,0.0,30
time/current_velocity_h_part19,168,24,168:24,nmse,repeat,1.1243340129653612,0.5886093745008111,86.66666666666667,0.0,30
time/current_velocity_h_part19,168,24,168:24,nmae,repeat,0.718701355655988,0.5277313175300757,86.66666666666667,0.0,30
time/current_velocity_h_part19,168,24,168:24,mase,repeat,3.8440636694431305,2.6927625864744185,86.66666666666667,0.0,30
time/current_velocity_h_part19,168,24,168:24,mse,repeat,14.422963454216097,4.5504955846079005,86.66666666666667,0.0,30
time/current_velocity_h_part19,168,24,168:24,mae,repeat,1.0954019661139076,0.7253387521098679,86.66666666666667,0.0,30
time/current_velocity_h_part19,168,24,168:24,nmse,repeat,1.1243340079983075,0.5886097782912354,86.66666666666667,0.0,30
time/current_velocity_h_part19,168,24,168:24,nmae,repeat,0.7187013496955236,0.5277315951883793,86.66666666666667,0.0,30
time/current_velocity_h_part19,168,24,168:24,mase,repeat,3.8440636853377024,2.6927641381820044,86.66666666666667,0.0,30
time/current_velocity_h_part19,168,24,168:24,mse,repeat,14.422963454216097,4.5504955846079005,86.66666666666667,0.0,30
time/current_velocity_h_part19,168,24,168:24,mae,repeat,1.0954019661139076,0.7253387521098679,86.66666666666667,0.0,30
time/current_velocity_h_part19,168,24,168:24,nmse,repeat,1.1243340079983075,0.5886097782912354,86.66666666666667,0.0,30
time/current_velocity_h_part19,168,24,168:24,nmae,repeat,0.7187013496955236,0.5277315951883793,86.66666666666667,0.0,30
time/current_velocity_h_part19,168,24,168:24,mase,repeat,3.8440636853377024,2.6927641381820044,86.66666666666667,0.0,30
time/current_velocity_h_part19,336,48,336:48,mse,repeat,11.864075369346116,13.461271366767818,75.0,0.0,24
time/current_velocity_h_part19,336,48,336:48,mae,repeat,1.1691023473540554,1.1324319357954664,70.83333333333334,0.0,24
time/current_velocity_h_part19,336,48,336:48,nmse,repeat,1.27720348816365,0.9670777476082245,75.0,0.0,24
time/current_velocity_h_part19,336,48,336:48,nmae,repeat,0.8061761626352867,0.6537613179534674,70.83333333333334,0.0,24
time/current_velocity_h_part19,336,48,336:48,mase,repeat,5.672237205008666,4.664563590039809,70.83333333333334,0.0,24
time/current_velocity_h_part19,336,48,336:48,mse,repeat,11.864075369346116,13.461271366767818,75.0,0.0,24
time/current_velocity_h_part19,336,48,336:48,mae,repeat,1.1691023473540554,1.1324319357954664,70.83333333333334,0.0,24
time/current_velocity_h_part19,336,48,336:48,nmse,repeat,1.27720348816365,0.9670777476082245,75.0,0.0,24
time/current_velocity_h_part19,336,48,336:48,nmae,repeat,0.8061761626352867,0.6537613179534674,70.83333333333334,0.0,24
time/current_velocity_h_part19,336,48,336:48,mase,repeat,5.672237205008666,4.664563590039809,70.83333333333334,0.0,24
time/current_velocity_h_part19,336,48,336:48,mse,repeat,11.864075369353523,13.461262592632465,75.0,0.0,24
time/current_velocity_h_part19,336,48,336:48,mae,repeat,1.1691023474316655,1.1324317040853202,70.83333333333334,0.0,24
time/current_velocity_h_part19,336,48,336:48,nmse,repeat,1.2772034869218867,0.9670779037599763,75.0,0.0,24
time/current_velocity_h_part19,336,48,336:48,nmae,repeat,0.8061761651188135,0.653761708488067,70.83333333333334,0.0,24
time/current_velocity_h_part19,336,48,336:48,mase,repeat,5.6722372174263,4.664564938594897,70.83333333333334,0.0,24
time/current_velocity_h_part19,336,48,336:48,mse,repeat,11.864075369353523,13.461262592632465,75.0,0.0,24
time/current_velocity_h_part19,336,48,336:48,mae,repeat,1.1691023474316655,1.1324317040853202,70.83333333333334,0.0,24
time/current_velocity_h_part19,336,48,336:48,nmse,repeat,1.2772034869218867,0.9670779037599763,75.0,0.0,24
time/current_velocity_h_part19,336,48,336:48,nmae,repeat,0.8061761651188135,0.653761708488067,70.83333333333334,0.0,24
time/current_velocity_h_part19,336,48,336:48,mase,repeat,5.6722372174263,4.664564938594897,70.83333333333334,0.0,24
time/current_velocity_h_part19,504,168,504:168,mse,repeat,46.85999209633466,14.419803999411707,100.0,0.0,24
time/current_velocity_h_part19,504,168,504:168,mae,repeat,2.401800926144157,1.2991165324201575,100.0,0.0,24
time/current_velocity_h_part19,504,168,504:168,nmse,repeat,2.912338470419248,1.3374381565178435,100.0,0.0,24
time/current_velocity_h_part19,504,168,504:168,nmae,repeat,1.3336704149842262,0.8051840836803118,100.0,0.0,24
time/current_velocity_h_part19,504,168,504:168,mase,repeat,10.455298706889153,6.584722096721332,100.0,0.0,24
time/current_velocity_h_part19,504,168,504:168,mse,repeat,46.85999209633466,14.419803999411707,100.0,0.0,24
time/current_velocity_h_part19,504,168,504:168,mae,repeat,2.401800926144157,1.2991165324201575,100.0,0.0,24
time/current_velocity_h_part19,504,168,504:168,nmse,repeat,2.912338470419248,1.3374381565178435,100.0,0.0,24
time/current_velocity_h_part19,504,168,504:168,nmae,repeat,1.3336704149842262,0.8051840836803118,100.0,0.0,24
time/current_velocity_h_part19,504,168,504:168,mase,repeat,10.455298706889153,6.584722096721332,100.0,0.0,24
time/current_velocity_h_part19,504,168,504:168,mse,repeat,46.85999209633466,14.419827124786783,100.0,0.0,24
time/current_velocity_h_part19,504,168,504:168,mae,repeat,2.40180092616356,1.2991173451640254,100.0,0.0,24
time/current_velocity_h_part19,504,168,504:168,nmse,repeat,2.9123384604851403,1.3374386153494318,100.0,0.0,24
time/current_velocity_h_part19,504,168,504:168,nmae,repeat,1.3336704199512799,0.8051842153072357,100.0,0.0,24
time/current_velocity_h_part19,504,168,504:168,mase,repeat,10.455298662185669,6.584722265601158,100.0,0.0,24
time/current_velocity_h_part19,504,168,504:168,mse,repeat,46.85999209633466,14.419827124786783,100.0,0.0,24
time/current_velocity_h_part19,504,168,504:168,mae,repeat,2.40180092616356,1.2991173451640254,100.0,0.0,24
time/current_velocity_h_part19,504,168,504:168,nmse,repeat,2.9123384604851403,1.3374386153494318,100.0,0.0,24
time/current_velocity_h_part19,504,168,504:168,nmae,repeat,1.3336704199512799,0.8051842153072357,100.0,0.0,24
time/current_velocity_h_part19,504,168,504:168,mase,repeat,10.455298662185669,6.584722265601158,100.0,0.0,24
time/current_velocity_h_part20,168,24,168:24,mse,repeat,6.8895327270825515,5.79076989178162,75.75757575757575,0.0,66
time/current_velocity_h_part20,168,24,168:24,mae,repeat,0.924471766119964,0.822553248656208,75.75757575757575,0.0,66
time/current_velocity_h_part20,168,24,168:24,nmse,repeat,1.1700470797491795,0.8292133291110848,75.75757575757575,0.0,66
time/current_velocity_h_part20,168,24,168:24,nmae,repeat,0.8582902911937598,0.6924257352948189,75.75757575757575,0.0,66
time/current_velocity_h_part20,168,24,168:24,mase,repeat,2.2406239861791786,1.7956638020096403,75.75757575757575,0.0,66
time/current_velocity_h_part20,168,24,168:24,mse,repeat,6.8895327270825515,5.79076989178162,75.75757575757575,0.0,66
time/current_velocity_h_part20,168,24,168:24,mae,repeat,0.924471766119964,0.822553248656208,75.75757575757575,0.0,66
time/current_velocity_h_part20,168,24,168:24,nmse,repeat,1.1700470797491795,0.8292133291110848,75.75757575757575,0.0,66
time/current_velocity_h_part20,168,24,168:24,nmae,repeat,0.8582902911937598,0.6924257352948189,75.75757575757575,0.0,66
time/current_velocity_h_part20,168,24,168:24,mase,repeat,2.2406239861791786,1.7956638020096403,75.75757575757575,0.0,66
time/current_velocity_h_part20,168,24,168:24,mse,repeat,6.889532727080788,5.790769209338508,75.75757575757575,0.0,66
time/current_velocity_h_part20,168,24,168:24,mae,repeat,0.9244717659082997,0.822553442540635,75.75757575757575,0.0,66
time/current_velocity_h_part20,168,24,168:24,nmse,repeat,1.1700470783945285,0.8292152379272562,75.75757575757575,0.0,66
time/current_velocity_h_part20,168,24,168:24,nmae,repeat,0.8582902929999612,0.6924266361377456,75.75757575757575,0.0,66
time/current_velocity_h_part20,168,24,168:24,mase,repeat,2.2406239861791786,1.7956647231723324,75.75757575757575,0.0,66
time/current_velocity_h_part20,168,24,168:24,mse,repeat,6.889532727080788,5.790769209338508,75.75757575757575,0.0,66
time/current_velocity_h_part20,168,24,168:24,mae,repeat,0.9244717659082997,0.822553442540635,75.75757575757575,0.0,66
time/current_velocity_h_part20,168,24,168:24,nmse,repeat,1.1700470783945285,0.8292152379272562,75.75757575757575,0.0,66
time/current_velocity_h_part20,168,24,168:24,nmae,repeat,0.8582902929999612,0.6924266361377456,75.75757575757575,0.0,66
time/current_velocity_h_part20,168,24,168:24,mase,repeat,2.2406239861791786,1.7956647231723324,75.75757575757575,0.0,66
time/current_velocity_h_part20,336,48,336:48,mse,repeat,17.376299220905654,12.71272263225122,90.9090909090909,0.0,66
time/current_velocity_h_part20,336,48,336:48,mae,repeat,1.40934380120245,1.2386354162343636,87.87878787878788,0.0,66
time/current_velocity_h_part20,336,48,336:48,nmse,repeat,1.8829140429187454,1.4190021682756417,90.9090909090909,0.0,66
time/current_velocity_h_part20,336,48,336:48,nmae,repeat,0.9692331891168248,0.7948120511842497,87.87878787878788,0.0,66
time/current_velocity_h_part20,336,48,336:48,mase,repeat,2.706299849531867,2.227097364989194,87.87878787878788,0.0,66
time/current_velocity_h_part20,336,48,336:48,mse,repeat,17.376299220905654,12.71272263225122,90.9090909090909,0.0,66
time/current_velocity_h_part20,336,48,336:48,mae,repeat,1.40934380120245,1.2386354162343636,87.87878787878788,0.0,66
time/current_velocity_h_part20,336,48,336:48,nmse,repeat,1.8829140429187454,1.4190021682756417,90.9090909090909,0.0,66
time/current_velocity_h_part20,336,48,336:48,nmae,repeat,0.9692331891168248,0.7948120511842497,87.87878787878788,0.0,66
time/current_velocity_h_part20,336,48,336:48,mase,repeat,2.706299849531867,2.227097364989194,87.87878787878788,0.0,66
time/current_velocity_h_part20,336,48,336:48,mse,repeat,17.376299220856268,12.712722081055084,90.9090909090909,0.0,66
time/current_velocity_h_part20,336,48,336:48,mae,repeat,1.4093438013717814,1.23863533335371,87.87878787878788,0.0,66
time/current_velocity_h_part20,336,48,336:48,nmse,repeat,1.8829140394474522,1.419001656499776,90.9090909090909,0.0,66
time/current_velocity_h_part20,336,48,336:48,nmae,repeat,0.9692331904714758,0.7948118256348552,87.87878787878788,0.0,66
time/current_velocity_h_part20,336,48,336:48,mase,repeat,2.706299847725666,2.2270970425822516,87.87878787878788,0.0,66
time/current_velocity_h_part20,336,48,336:48,mse,repeat,17.376299220856268,12.712722081055084,90.9090909090909,0.0,66
time/current_velocity_h_part20,336,48,336:48,mae,repeat,1.4093438013717814,1.23863533335371,87.87878787878788,0.0,66
time/current_velocity_h_part20,336,48,336:48,nmse,repeat,1.8829140394474522,1.419001656499776,90.9090909090909,0.0,66
time/current_velocity_h_part20,336,48,336:48,nmae,repeat,0.9692331904714758,0.7948118256348552,87.87878787878788,0.0,66
time/current_velocity_h_part20,336,48,336:48,mase,repeat,2.706299847725666,2.2270970425822516,87.87878787878788,0.0,66
time/current_velocity_h_part20,504,168,504:168,mse,repeat,17.579798296653948,9.924921470716376,93.33333333333333,0.0,60
time/current_velocity_h_part20,504,168,504:168,mae,repeat,1.475613158258299,1.1189070708001965,93.33333333333333,0.0,60
time/current_velocity_h_part20,504,168,504:168,nmse,repeat,2.1461118802428247,1.3078888595104217,93.33333333333333,0.0,60
time/current_velocity_h_part20,504,168,504:168,nmae,repeat,1.1556621278325716,0.8799925602972507,93.33333333333333,0.0,60
time/current_velocity_h_part20,504,168,504:168,mase,repeat,4.015004859368006,3.159080838163694,93.33333333333333,0.0,60
time/current_velocity_h_part20,504,168,504:168,mse,repeat,17.579798296653948,9.924921470716376,93.33333333333333,0.0,60
time/current_velocity_h_part20,504,168,504:168,mae,repeat,1.475613158258299,1.1189070708001965,93.33333333333333,0.0,60
time/current_velocity_h_part20,504,168,504:168,nmse,repeat,2.1461118802428247,1.3078888595104217,93.33333333333333,0.0,60
time/current_velocity_h_part20,504,168,504:168,nmae,repeat,1.1556621278325716,0.8799925602972507,93.33333333333333,0.0,60
time/current_velocity_h_part20,504,168,504:168,mase,repeat,4.015004859368006,3.159080838163694,93.33333333333333,0.0,60
time/current_velocity_h_part20,504,168,504:168,mse,repeat,17.579798296467743,9.924920820736649,93.33333333333333,0.0,60
time/current_velocity_h_part20,504,168,504:168,mae,repeat,1.475613157878009,1.1189070447270448,93.33333333333333,0.0,60
time/current_velocity_h_part20,504,168,504:168,nmse,repeat,2.146111885209878,1.3078887552022933,93.33333333333333,0.0,60
time/current_velocity_h_part20,504,168,504:168,nmae,repeat,1.1556621298193932,0.8799925689895948,93.33333333333333,0.0,60
time/current_velocity_h_part20,504,168,504:168,mase,repeat,4.015004862348238,3.159080465634664,93.33333333333333,0.0,60
time/current_velocity_h_part20,504,168,504:168,mse,repeat,17.579798296467743,9.924920820736649,93.33333333333333,0.0,60
time/current_velocity_h_part20,504,168,504:168,mae,repeat,1.475613157878009,1.1189070447270448,93.33333333333333,0.0,60
time/current_velocity_h_part20,504,168,504:168,nmse,repeat,2.146111885209878,1.3078887552022933,93.33333333333333,0.0,60
time/current_velocity_h_part20,504,168,504:168,nmae,repeat,1.1556621298193932,0.8799925689895948,93.33333333333333,0.0,60
time/current_velocity_h_part20,504,168,504:168,mase,repeat,4.015004862348238,3.159080465634664,93.33333333333333,0.0,60
time/current_velocity_h_part21,168,24,168:24,mse,repeat,0.5482200507443243,0.44394311495604294,90.0,0.0,30
time/current_velocity_h_part21,168,24,168:24,mae,repeat,0.28535609669052064,0.2410181687368701,83.33333333333334,0.0,30
time/current_velocity_h_part21,168,24,168:24,nmse,repeat,1.4659145991007487,0.8769860773347318,90.0,0.0,30
time/current_velocity_h_part21,168,24,168:24,nmae,repeat,0.8524419888854027,0.6564555503427982,83.33333333333334,0.0,30
time/current_velocity_h_part21,168,24,168:24,mase,repeat,2.6006984492142995,1.9483155280351638,83.33333333333334,0.0,30
time/current_velocity_h_part21,168,24,168:24,mse,repeat,0.5482200507443243,0.44394311495604294,90.0,0.0,30
time/current_velocity_h_part21,168,24,168:24,mae,repeat,0.28535609669052064,0.2410181687368701,83.33333333333334,0.0,30
time/current_velocity_h_part21,168,24,168:24,nmse,repeat,1.4659145991007487,0.8769860773347318,90.0,0.0,30
time/current_velocity_h_part21,168,24,168:24,nmae,repeat,0.8524419888854027,0.6564555503427982,83.33333333333334,0.0,30
time/current_velocity_h_part21,168,24,168:24,mase,repeat,2.6006984492142995,1.9483155280351638,83.33333333333334,0.0,30
time/current_velocity_h_part21,168,24,168:24,mse,repeat,0.5482200507445668,0.44394283974561405,90.0,0.0,30
time/current_velocity_h_part21,168,24,168:24,mae,repeat,0.28535609633351366,0.2410180801137661,83.33333333333334,0.0,30
time/current_velocity_h_part21,168,24,168:24,nmse,repeat,1.4659146169821422,0.8769857831609745,90.0,0.0,30
time/current_velocity_h_part21,168,24,168:24,nmae,repeat,0.8524419888854027,0.6564554033180078,83.33333333333334,0.0,30
time/current_velocity_h_part21,168,24,168:24,mase,repeat,2.6006984492142995,1.948315069079399,83.33333333333334,0.0,30
time/current_velocity_h_part21,168,24,168:24,mse,repeat,0.5482200507445668,0.44394283974561405,90.0,0.0,30
time/current_velocity_h_part21,168,24,168:24,mae,repeat,0.28535609633351366,0.2410180801137661,83.33333333333334,0.0,30
time/current_velocity_h_part21,168,24,168:24,nmse,repeat,1.4659146169821422,0.8769857831609745,90.0,0.0,30
time/current_velocity_h_part21,168,24,168:24,nmae,repeat,0.8524419888854027,0.6564554033180078,83.33333333333334,0.0,30
time/current_velocity_h_part21,168,24,168:24,mase,repeat,2.6006984492142995,1.948315069079399,83.33333333333334,0.0,30
time/current_velocity_h_part21,336,48,336:48,mse,repeat,0.7756121751767447,0.43878536085415665,86.66666666666667,0.0,30
time/current_velocity_h_part21,336,48,336:48,mae,repeat,0.33378010710390904,0.25623620219994336,86.66666666666667,0.0,30
time/current_velocity_h_part21,336,48,336:48,nmse,repeat,1.4143586158752441,0.8040895808488131,86.66666666666667,0.0,30
time/current_velocity_h_part21,336,48,336:48,nmae,repeat,0.9013398379087448,0.6257548200587432,86.66666666666667,0.0,30
time/current_velocity_h_part21,336,48,336:48,mase,repeat,2.86109366218249,1.9667933444182077,86.66666666666667,0.0,30
time/current_velocity_h_part21,336,48,336:48,mse,repeat,0.7756121751767447,0.43878536085415665,86.66666666666667,0.0,30
time/current_velocity_h_part21,336,48,336:48,mae,repeat,0.33378010710390904,0.25623620219994336,86.66666666666667,0.0,30
time/current_velocity_h_part21,336,48,336:48,nmse,repeat,1.4143586158752441,0.8040895808488131,86.66666666666667,0.0,30
time/current_velocity_h_part21,336,48,336:48,nmae,repeat,0.9013398379087448,0.6257548200587432,86.66666666666667,0.0,30
time/current_velocity_h_part21,336,48,336:48,mase,repeat,2.86109366218249,1.9667933444182077,86.66666666666667,0.0,30
time/current_velocity_h_part21,336,48,336:48,mse,repeat,0.7756121751772904,0.43878524620892373,86.66666666666667,0.0,30
time/current_velocity_h_part21,336,48,336:48,mae,repeat,0.3337801073677838,0.25623660647155094,86.66666666666667,0.0,30
time/current_velocity_h_part21,336,48,336:48,nmse,repeat,1.4143586079279582,0.8040903112540643,86.66666666666667,0.0,30
time/current_velocity_h_part21,336,48,336:48,nmae,repeat,0.9013398379087448,0.6257572601238887,86.66666666666667,0.0,30
time/current_velocity_h_part21,336,48,336:48,mase,repeat,2.8610936601956687,1.966803389787674,86.66666666666667,0.0,30
time/current_velocity_h_part21,336,48,336:48,mse,repeat,0.7756121751772904,0.43878524620892373,86.66666666666667,0.0,30
time/current_velocity_h_part21,336,48,336:48,mae,repeat,0.3337801073677838,0.25623660647155094,86.66666666666667,0.0,30
time/current_velocity_h_part21,336,48,336:48,nmse,repeat,1.4143586079279582,0.8040903112540643,86.66666666666667,0.0,30
time/current_velocity_h_part21,336,48,336:48,nmae,repeat,0.9013398379087448,0.6257572601238887,86.66666666666667,0.0,30
time/current_velocity_h_part21,336,48,336:48,mase,repeat,2.8610936601956687,1.966803389787674,86.66666666666667,0.0,30
time/current_velocity_h_part21,504,168,504:168,mse,repeat,0.9826139222656517,0.7065974233125871,87.5,0.0,24
time/current_velocity_h_part21,504,168,504:168,mae,repeat,0.38688010910603526,0.2955222818418406,87.5,0.0,24
time/current_velocity_h_part21,504,168,504:168,nmse,repeat,1.9203252693017323,1.1072545594846208,87.5,0.0,24
time/current_velocity_h_part21,504,168,504:168,nmae,repeat,1.032256397108237,0.7426382626096407,87.5,0.0,24
time/current_velocity_h_part21,504,168,504:168,mase,repeat,3.701770400007566,2.663277787466844,87.5,0.0,24
time/current_velocity_h_part21,504,168,504:168,mse,repeat,0.9826139222656517,0.7065974233125871,87.5,0.0,24
time/current_velocity_h_part21,504,168,504:168,mae,repeat,0.38688010910603526,0.2955222818418406,87.5,0.0,24
time/current_velocity_h_part21,504,168,504:168,nmse,repeat,1.9203252693017323,1.1072545594846208,87.5,0.0,24
time/current_velocity_h_part21,504,168,504:168,nmae,repeat,1.032256397108237,0.7426382626096407,87.5,0.0,24
time/current_velocity_h_part21,504,168,504:168,mase,repeat,3.701770400007566,2.663277787466844,87.5,0.0,24
time/current_velocity_h_part21,504,168,504:168,mse,repeat,0.9826139220911804,0.7065972426263064,87.5,0.0,24
time/current_velocity_h_part21,504,168,504:168,mae,repeat,0.38688010928065825,0.2955221546969066,87.5,0.0,24
time/current_velocity_h_part21,504,168,504:168,nmse,repeat,1.9203252494335175,1.1072546588256955,87.5,0.0,24
time/current_velocity_h_part21,504,168,504:168,nmae,repeat,1.032256397108237,0.7426377932230631,87.5,0.0,24
time/current_velocity_h_part21,504,168,504:168,mase,repeat,3.701770400007566,2.663275713721911,87.5,0.0,24
time/current_velocity_h_part21,504,168,504:168,mse,repeat,0.9826139220911804,0.7065972426263064,87.5,0.0,24
time/current_velocity_h_part21,504,168,504:168,mae,repeat,0.38688010928065825,0.2955221546969066,87.5,0.0,24
time/current_velocity_h_part21,504,168,504:168,nmse,repeat,1.9203252494335175,1.1072546588256955,87.5,0.0,24
time/current_velocity_h_part21,504,168,504:168,nmae,repeat,1.032256397108237,0.7426377932230631,87.5,0.0,24
time/current_velocity_h_part21,504,168,504:168,mase,repeat,3.701770400007566,2.663275713721911,87.5,0.0,24
time/ecdc_covid_d_part01,7,1,7:1,mse,repeat,271.0,216.74530410766602,33.33333333333333,0.0,3
time/ecdc_covid_d_part01,7,1,7:1,mae,repeat,11.666666666666666,13.56231689453125,33.33333333333333,0.0,3
time/ecdc_covid_d_part01,7,1,7:1,nmse,repeat,0.13412801490630955,0.12271974887698889,33.33333333333333,0.0,3
time/ecdc_covid_d_part01,7,1,7:1,nmae,repeat,0.264574467514952,0.31530511875947315,33.33333333333333,0.0,3
time/ecdc_covid_d_part01,7,1,7:1,mase,repeat,0.32484009861946106,0.5210419793923696,33.33333333333333,0.0,3
time/ecdc_covid_d_part01,7,1,7:1,mse,repeat,271.0,216.74530410766602,33.33333333333333,0.0,3
time/ecdc_covid_d_part01,7,1,7:1,mae,repeat,11.666666666666666,13.56231689453125,33.33333333333333,0.0,3
time/ecdc_covid_d_part01,7,1,7:1,nmse,repeat,0.13412801490630955,0.12271974887698889,33.33333333333333,0.0,3
time/ecdc_covid_d_part01,7,1,7:1,nmae,repeat,0.264574467514952,0.31530511875947315,33.33333333333333,0.0,3
time/ecdc_covid_d_part01,7,1,7:1,mase,repeat,0.32484009861946106,0.5210419793923696,33.33333333333333,0.0,3
time/ecdc_covid_d_part01,7,1,7:1,mse,repeat,271.0,216.74589411417642,33.33333333333333,0.0,3
time/ecdc_covid_d_part01,7,1,7:1,mae,repeat,11.666666666666666,13.562327067057291,33.33333333333333,0.0,3
time/ecdc_covid_d_part01,7,1,7:1,nmse,repeat,0.13412801490630955,0.12271993265797694,33.33333333333333,0.0,3
time/ecdc_covid_d_part01,7,1,7:1,nmae,repeat,0.264574467514952,0.3153052677710851,33.33333333333333,0.0,3
time/ecdc_covid_d_part01,7,1,7:1,mase,repeat,0.32484009861946106,0.5210416913032532,33.33333333333333,0.0,3
time/ecdc_covid_d_part01,7,1,7:1,mse,repeat,271.0,216.74589411417642,33.33333333333333,0.0,3
time/ecdc_covid_d_part01,7,1,7:1,mae,repeat,11.666666666666666,13.562327067057291,33.33333333333333,0.0,3
time/ecdc_covid_d_part01,7,1,7:1,nmse,repeat,0.13412801490630955,0.12271993265797694,33.33333333333333,0.0,3
time/ecdc_covid_d_part01,7,1,7:1,nmae,repeat,0.264574467514952,0.3153052677710851,33.33333333333333,0.0,3
time/ecdc_covid_d_part01,7,1,7:1,mase,repeat,0.32484009861946106,0.5210416913032532,33.33333333333333,0.0,3
time/ecdc_covid_d_part01,14,2,14:2,mse,repeat,959.1666666666666,914.2755737304688,33.33333333333333,0.0,3
time/ecdc_covid_d_part01,14,2,14:2,mae,repeat,27.833333333333332,26.712387084960938,66.66666666666666,0.0,3
time/ecdc_covid_d_part01,14,2,14:2,nmse,repeat,0.38025374213854474,0.3359120686848958,33.33333333333333,0.0,3
time/ecdc_covid_d_part01,14,2,14:2,nmae,repeat,0.5689331293106079,0.5259572764237722,66.66666666666666,0.0,3
time/ecdc_covid_d_part01,14,2,14:2,mase,repeat,1.374584436416626,1.3746826648712158,66.66666666666666,0.0,3
time/ecdc_covid_d_part01,14,2,14:2,mse,repeat,959.1666666666666,914.2755737304688,33.33333333333333,0.0,3
time/ecdc_covid_d_part01,14,2,14:2,mae,repeat,27.833333333333332,26.712387084960938,66.66666666666666,0.0,3
time/ecdc_covid_d_part01,14,2,14:2,nmse,repeat,0.38025374213854474,0.3359120686848958,33.33333333333333,0.0,3
time/ecdc_covid_d_part01,14,2,14:2,nmae,repeat,0.5689331293106079,0.5259572764237722,66.66666666666666,0.0,3
time/ecdc_covid_d_part01,14,2,14:2,mase,repeat,1.374584436416626,1.3746826648712158,66.66666666666666,0.0,3
time/ecdc_covid_d_part01,14,2,14:2,mse,repeat,959.1666666666666,914.2745157877604,33.33333333333333,0.0,3
time/ecdc_covid_d_part01,14,2,14:2,mae,repeat,27.833333333333332,26.712371826171875,66.66666666666666,0.0,3
time/ecdc_covid_d_part01,14,2,14:2,nmse,repeat,0.38025374213854474,0.33591175079345703,33.33333333333333,0.0,3
time/ecdc_covid_d_part01,14,2,14:2,nmae,repeat,0.5689331293106079,0.5259570082028707,66.66666666666666,0.0,3
time/ecdc_covid_d_part01,14,2,14:2,mase,repeat,1.374584436416626,1.374681790669759,66.66666666666666,0.0,3
time/ecdc_covid_d_part01,14,2,14:2,mse,repeat,959.1666666666666,914.2745157877604,33.33333333333333,0.0,3
time/ecdc_covid_d_part01,14,2,14:2,mae,repeat,27.833333333333332,26.712371826171875,66.66666666666666,0.0,3
time/ecdc_covid_d_part01,14,2,14:2,nmse,repeat,0.38025374213854474,0.33591175079345703,33.33333333333333,0.0,3
time/ecdc_covid_d_part01,14,2,14:2,nmae,repeat,0.5689331293106079,0.5259570082028707,66.66666666666666,0.0,3
time/ecdc_covid_d_part01,14,2,14:2,mase,repeat,1.374584436416626,1.374681790669759,66.66666666666666,0.0,3
time/ecdc_covid_d_part01,30,7,30:7,mse,repeat,44592.383560180664,22972.89324951172,66.66666666666666,0.0,3
time/ecdc_covid_d_part01,30,7,30:7,mae,repeat,158.57143338521323,93.56559467315674,66.66666666666666,0.0,3
time/ecdc_covid_d_part01,30,7,30:7,nmse,repeat,2.42538695782423,1.285215978200237,66.66666666666666,0.0,3
time/ecdc_covid_d_part01,30,7,30:7,nmae,repeat,1.1445126980543137,0.6932300875584284,66.66666666666666,0.0,3
time/ecdc_covid_d_part01,30,7,30:7,mase,repeat,6.633098602294922,4.130217432975769,66.66666666666666,0.0,3
time/ecdc_covid_d_part01,30,7,30:7,mse,repeat,44592.383560180664,22972.89324951172,66.66666666666666,0.0,3
time/ecdc_covid_d_part01,30,7,30:7,mae,repeat,158.57143338521323,93.56559467315674,66.66666666666666,0.0,3
time/ecdc_covid_d_part01,30,7,30:7,nmse,repeat,2.42538695782423,1.285215978200237,66.66666666666666,0.0,3
time/ecdc_covid_d_part01,30,7,30:7,nmae,repeat,1.1445126980543137,0.6932300875584284,66.66666666666666,0.0,3
time/ecdc_covid_d_part01,30,7,30:7,mase,repeat,6.633098602294922,4.130217432975769,66.66666666666666,0.0,3
time/ecdc_covid_d_part01,30,7,30:7,mse,repeat,44592.383560180664,22972.915985107422,66.66666666666666,0.0,3
time/ecdc_covid_d_part01,30,7,30:7,mae,repeat,158.57143338521323,93.5656509399414,66.66666666666666,0.0,3
time/ecdc_covid_d_part01,30,7,30:7,nmse,repeat,2.42538695782423,1.285217260941863,66.66666666666666,0.0,3
time/ecdc_covid_d_part01,30,7,30:7,nmae,repeat,1.1445126980543137,0.6932305494944254,66.66666666666666,0.0,3
time/ecdc_covid_d_part01,30,7,30:7,mase,repeat,6.633098602294922,4.130220174789429,66.66666666666666,0.0,3
time/ecdc_covid_d_part01,30,7,30:7,mse,repeat,44592.383560180664,22972.915985107422,66.66666666666666,0.0,3
time/ecdc_covid_d_part01,30,7,30:7,mae,repeat,158.57143338521323,93.5656509399414,66.66666666666666,0.0,3
time/ecdc_covid_d_part01,30,7,30:7,nmse,repeat,2.42538695782423,1.285217260941863,66.66666666666666,0.0,3
time/ecdc_covid_d_part01,30,7,30:7,nmae,repeat,1.1445126980543137,0.6932305494944254,66.66666666666666,0.0,3
time/ecdc_covid_d_part01,30,7,30:7,mase,repeat,6.633098602294922,4.130220174789429,66.66666666666666,0.0,3
time/ecdc_covid_d_part02,7,1,7:1,mse,repeat,30674.0,8657.792358398438,66.66666666666666,0.0,3
time/ecdc_covid_d_part02,7,1,7:1,mae,repeat,144.0,85.20261637369792,66.66666666666666,0.0,3
time/ecdc_covid_d_part02,7,1,7:1,nmse,repeat,1.5548608700434368,1.2036418815453847,66.66666666666666,0.0,3
time/ecdc_covid_d_part02,7,1,7:1,nmae,repeat,1.1435306866963704,0.9358520607153574,66.66666666666666,0.0,3
time/ecdc_covid_d_part02,7,1,7:1,mase,repeat,2.085996468861898,1.6920050779978435,66.66666666666666,0.0,3
time/ecdc_covid_d_part02,7,1,7:1,mse,repeat,30674.0,8657.792358398438,66.66666666666666,0.0,3
time/ecdc_covid_d_part02,7,1,7:1,mae,repeat,144.0,85.20261637369792,66.66666666666666,0.0,3
time/ecdc_covid_d_part02,7,1,7:1,nmse,repeat,1.5548608700434368,1.2036418815453847,66.66666666666666,0.0,3
time/ecdc_covid_d_part02,7,1,7:1,nmae,repeat,1.1435306866963704,0.9358520607153574,66.66666666666666,0.0,3
time/ecdc_covid_d_part02,7,1,7:1,mase,repeat,2.085996468861898,1.6920050779978435,66.66666666666666,0.0,3
time/ecdc_covid_d_part02,7,1,7:1,mse,repeat,30674.0,8657.792358398438,66.66666666666666,0.0,3
time/ecdc_covid_d_part02,7,1,7:1,mae,repeat,144.0,85.20261637369792,66.66666666666666,0.0,3
time/ecdc_covid_d_part02,7,1,7:1,nmse,repeat,1.5548608700434368,1.2036418815453847,66.66666666666666,0.0,3
time/ecdc_covid_d_part02,7,1,7:1,nmae,repeat,1.1435306866963704,0.9358520607153574,66.66666666666666,0.0,3
time/ecdc_covid_d_part02,7,1,7:1,mase,repeat,2.085996468861898,1.6920050779978435,66.66666666666666,0.0,3
time/ecdc_covid_d_part02,7,1,7:1,mse,repeat,30674.0,8657.792358398438,66.66666666666666,0.0,3
time/ecdc_covid_d_part02,7,1,7:1,mae,repeat,144.0,85.20261637369792,66.66666666666666,0.0,3
time/ecdc_covid_d_part02,7,1,7:1,nmse,repeat,1.5548608700434368,1.2036418815453847,66.66666666666666,0.0,3
time/ecdc_covid_d_part02,7,1,7:1,nmae,repeat,1.1435306866963704,0.9358520607153574,66.66666666666666,0.0,3
time/ecdc_covid_d_part02,7,1,7:1,mase,repeat,2.085996468861898,1.6920050779978435,66.66666666666666,0.0,3
time/ecdc_covid_d_part02,14,2,14:2,mse,repeat,242235.83333333334,5561.2886149088545,66.66666666666666,0.0,3
time/ecdc_covid_d_part02,14,2,14:2,mae,repeat,311.8333333333333,63.040201822916664,66.66666666666666,0.0,3
time/ecdc_covid_d_part02,14,2,14:2,nmse,repeat,0.371935598552227,0.1599664465369036,66.66666666666666,0.0,3
time/ecdc_covid_d_part02,14,2,14:2,nmae,repeat,0.5203169832626978,0.3243231885135174,66.66666666666666,0.0,3
time/ecdc_covid_d_part02,14,2,14:2,mase,repeat,1.9446263313293457,1.1795236070950825,66.66666666666666,0.0,3
time/ecdc_covid_d_part02,14,2,14:2,mse,repeat,242235.83333333334,5561.2886149088545,66.66666666666666,0.0,3
time/ecdc_covid_d_part02,14,2,14:2,mae,repeat,311.8333333333333,63.040201822916664,66.66666666666666,0.0,3
time/ecdc_covid_d_part02,14,2,14:2,nmse,repeat,0.371935598552227,0.1599664465369036,66.66666666666666,0.0,3
time/ecdc_covid_d_part02,14,2,14:2,nmae,repeat,0.5203169832626978,0.3243231885135174,66.66666666666666,0.0,3
time/ecdc_covid_d_part02,14,2,14:2,mase,repeat,1.9446263313293457,1.1795236070950825,66.66666666666666,0.0,3
time/ecdc_covid_d_part02,14,2,14:2,mse,repeat,242235.83333333334,5561.3035888671875,66.66666666666666,0.0,3
time/ecdc_covid_d_part02,14,2,14:2,mae,repeat,311.8333333333333,63.040303548177086,66.66666666666666,0.0,3
time/ecdc_covid_d_part02,14,2,14:2,nmse,repeat,0.371935598552227,0.1599665384273976,66.66666666666666,0.0,3
time/ecdc_covid_d_part02,14,2,14:2,nmae,repeat,0.5203169832626978,0.32432334621747333,66.66666666666666,0.0,3
time/ecdc_covid_d_part02,14,2,14:2,mase,repeat,1.9446263313293457,1.1795242428779602,66.66666666666666,0.0,3
time/ecdc_covid_d_part02,14,2,14:2,mse,repeat,242235.83333333334,5561.3035888671875,66.66666666666666,0.0,3
time/ecdc_covid_d_part02,14,2,14:2,mae,repeat,311.8333333333333,63.040303548177086,66.66666666666666,0.0,3
time/ecdc_covid_d_part02,14,2,14:2,nmse,repeat,0.371935598552227,0.1599665384273976,66.66666666666666,0.0,3
time/ecdc_covid_d_part02,14,2,14:2,nmae,repeat,0.5203169832626978,0.32432334621747333,66.66666666666666,0.0,3
time/ecdc_covid_d_part02,14,2,14:2,mase,repeat,1.9446263313293457,1.1795242428779602,66.66666666666666,0.0,3
time/ecdc_covid_d_part02,30,7,30:7,mse,repeat,93073.6703898112,53921.297526041664,66.66666666666666,0.0,3
time/ecdc_covid_d_part02,30,7,30:7,mae,repeat,220.52382278442383,144.75187174479166,66.66666666666666,0.0,3
time/ecdc_covid_d_part02,30,7,30:7,nmse,repeat,0.19867056608200073,0.10841454938054085,66.66666666666666,0.0,3
time/ecdc_covid_d_part02,30,7,30:7,nmae,repeat,0.3822329690059026,0.256462628642718,66.66666666666666,0.0,3
time/ecdc_covid_d_part02,30,7,30:7,mase,repeat,2.479854106903076,1.5096741914749146,66.66666666666666,0.0,3
time/ecdc_covid_d_part02,30,7,30:7,mse,repeat,93073.6703898112,53921.297526041664,66.66666666666666,0.0,3
time/ecdc_covid_d_part02,30,7,30:7,mae,repeat,220.52382278442383,144.75187174479166,66.66666666666666,0.0,3
time/ecdc_covid_d_part02,30,7,30:7,nmse,repeat,0.19867056608200073,0.10841454938054085,66.66666666666666,0.0,3
time/ecdc_covid_d_part02,30,7,30:7,nmae,repeat,0.3822329690059026,0.256462628642718,66.66666666666666,0.0,3
time/ecdc_covid_d_part02,30,7,30:7,mase,repeat,2.479854106903076,1.5096741914749146,66.66666666666666,0.0,3
time/ecdc_covid_d_part02,30,7,30:7,mse,repeat,93073.6703898112,53921.19356282552,66.66666666666666,0.0,3
time/ecdc_covid_d_part02,30,7,30:7,mae,repeat,220.52382278442383,144.75174840291342,66.66666666666666,0.0,3
time/ecdc_covid_d_part02,30,7,30:7,nmse,repeat,0.19867056608200073,0.10841450716058414,66.66666666666666,0.0,3
time/ecdc_covid_d_part02,30,7,30:7,nmae,repeat,0.3822329690059026,0.25646253923575085,66.66666666666666,0.0,3
time/ecdc_covid_d_part02,30,7,30:7,mase,repeat,2.479854106903076,1.5096735159556072,66.66666666666666,0.0,3
time/ecdc_covid_d_part02,30,7,30:7,mse,repeat,93073.6703898112,53921.19356282552,66.66666666666666,0.0,3
time/ecdc_covid_d_part02,30,7,30:7,mae,repeat,220.52382278442383,144.75174840291342,66.66666666666666,0.0,3
time/ecdc_covid_d_part02,30,7,30:7,nmse,repeat,0.19867056608200073,0.10841450716058414,66.66666666666666,0.0,3
time/ecdc_covid_d_part02,30,7,30:7,nmae,repeat,0.3822329690059026,0.25646253923575085,66.66666666666666,0.0,3
time/ecdc_covid_d_part02,30,7,30:7,mase,repeat,2.479854106903076,1.5096735159556072,66.66666666666666,0.0,3
time/ecdc_covid_d_part03,7,1,7:1,mse,repeat,6102.0,5593.258867899577,66.66666666666666,0.0,3
time/ecdc_covid_d_part03,7,1,7:1,mae,repeat,48.0,45.78076173339389,66.66666666666666,0.0,3
time/ecdc_covid_d_part03,7,1,7:1,nmse,repeat,2.133776307106018,8.192745208740234,66.66666666666666,0.0,3
time/ecdc_covid_d_part03,7,1,7:1,nmae,repeat,1.1319563388824463,2.5012937784194946,66.66666666666666,0.0,3
time/ecdc_covid_d_part03,7,1,7:1,mase,repeat,1.5164601008097331,2.8716402451197305,66.66666666666666,0.0,3
time/ecdc_covid_d_part03,7,1,7:1,mse,repeat,9153.0,8389.888301849365,100.0,0.0,2
time/ecdc_covid_d_part03,7,1,7:1,mae,repeat,72.0,68.671142578125,100.0,0.0,2
time/ecdc_covid_d_part03,7,1,7:1,nmse,repeat,3.200664460659027,2.6391592025756836,100.0,0.0,2
time/ecdc_covid_d_part03,7,1,7:1,nmae,repeat,1.6979345083236694,1.5553571581840515,100.0,0.0,2
time/ecdc_covid_d_part03,7,1,7:1,mase,repeat,2.2746901512145996,2.1108768582344055,100.0,0.0,2
time/ecdc_covid_d_part03,7,1,7:1,mse,repeat,6102.0,5593.258867899577,66.66666666666666,0.0,3
time/ecdc_covid_d_part03,7,1,7:1,mae,repeat,48.0,45.78076171875,66.66666666666666,0.0,3
time/ecdc_covid_d_part03,7,1,7:1,nmse,repeat,2.133776307106018,1.7594394683837897,66.66666666666666,0.0,3
time/ecdc_covid_d_part03,7,1,7:1,nmae,repeat,1.1319563388824463,1.0369047867665913,66.66666666666666,0.0,3
time/ecdc_covid_d_part03,7,1,7:1,mase,repeat,1.5164601008097331,1.4072512534668273,66.66666666666666,0.0,3
time/ecdc_covid_d_part03,7,1,7:1,mse,repeat,9153.0,8389.888301849365,100.0,0.0,2
time/ecdc_covid_d_part03,7,1,7:1,mae,repeat,72.0,68.671142578125,100.0,0.0,2
time/ecdc_covid_d_part03,7,1,7:1,nmse,repeat,3.200664460659027,2.6391592025756836,100.0,0.0,2
time/ecdc_covid_d_part03,7,1,7:1,nmae,repeat,1.6979345083236694,1.5553571581840515,100.0,0.0,2
time/ecdc_covid_d_part03,7,1,7:1,mase,repeat,2.2746901512145996,2.1108768582344055,100.0,0.0,2
time/ecdc_covid_d_part03,14,2,14:2,mse,repeat,1236.0,383.96082560221356,33.33333333333333,0.0,3
time/ecdc_covid_d_part03,14,2,14:2,mae,repeat,20.0,15.385528882344564,33.33333333333333,0.0,3
time/ecdc_covid_d_part03,14,2,14:2,nmse,repeat,18.325868507226307,18.447155604759853,33.33333333333333,0.0,3
time/ecdc_covid_d_part03,14,2,14:2,nmae,repeat,2.7794427275657654,2.7490076224009194,33.33333333333333,0.0,3
time/ecdc_covid_d_part03,14,2,14:2,mase,repeat,10.184213101863861,10.122545500596365,33.33333333333333,0.0,3
time/ecdc_covid_d_part03,14,2,14:2,mse,repeat,1236.0,383.96082560221356,33.33333333333333,0.0,3
time/ecdc_covid_d_part03,14,2,14:2,mae,repeat,20.0,15.385528882344564,33.33333333333333,0.0,3
time/ecdc_covid_d_part03,14,2,14:2,nmse,repeat,18.325868507226307,18.447155604759853,33.33333333333333,0.0,3
time/ecdc_covid_d_part03,14,2,14:2,nmae,repeat,2.7794427275657654,2.7490076224009194,33.33333333333333,0.0,3
time/ecdc_covid_d_part03,14,2,14:2,mase,repeat,10.184213101863861,10.122545500596365,33.33333333333333,0.0,3
time/ecdc_covid_d_part03,14,2,14:2,mse,repeat,1236.0,383.96082560221356,33.33333333333333,0.0,3
time/ecdc_covid_d_part03,14,2,14:2,mae,repeat,20.0,15.385528564453125,33.33333333333333,0.0,3
time/ecdc_covid_d_part03,14,2,14:2,nmse,repeat,18.325868507226307,18.447155604759853,33.33333333333333,0.0,3
time/ecdc_covid_d_part03,14,2,14:2,nmae,repeat,2.7794427275657654,2.7490074634552,33.33333333333333,0.0,3
time/ecdc_covid_d_part03,14,2,14:2,mase,repeat,10.184213101863861,10.122544864813486,33.33333333333333,0.0,3
time/ecdc_covid_d_part03,14,2,14:2,mse,repeat,1236.0,383.96082560221356,33.33333333333333,0.0,3
time/ecdc_covid_d_part03,14,2,14:2,mae,repeat,20.0,15.385528564453125,33.33333333333333,0.0,3
time/ecdc_covid_d_part03,14,2,14:2,nmse,repeat,18.325868507226307,18.447155604759853,33.33333333333333,0.0,3
time/ecdc_covid_d_part03,14,2,14:2,nmae,repeat,2.7794427275657654,2.7490074634552,33.33333333333333,0.0,3
time/ecdc_covid_d_part03,14,2,14:2,mase,repeat,10.184213101863861,10.122544864813486,33.33333333333333,0.0,3
time/ecdc_covid_d_part03,30,7,30:7,mse,repeat,7501.285784403483,577.1315867106119,100.0,0.0,3
time/ecdc_covid_d_part03,30,7,30:7,mae,repeat,64.0476229985555,17.496285279591877,100.0,0.0,3
time/ecdc_covid_d_part03,30,7,30:7,nmse,repeat,1.3662490993738174,0.5336549890538057,100.0,0.0,3
time/ecdc_covid_d_part03,30,7,30:7,nmae,repeat,0.9853155612945557,0.48707030713558197,100.0,0.0,3
time/ecdc_covid_d_part03,30,7,30:7,mase,repeat,5.3894630670547485,1.2832137743632,100.0,0.0,3
time/ecdc_covid_d_part03,30,7,30:7,mse,repeat,7501.285784403483,577.1315867106119,100.0,0.0,3
time/ecdc_covid_d_part03,30,7,30:7,mae,repeat,64.0476229985555,17.496285279591877,100.0,0.0,3
time/ecdc_covid_d_part03,30,7,30:7,nmse,repeat,1.3662490993738174,0.5336549890538057,100.0,0.0,3
time/ecdc_covid_d_part03,30,7,30:7,nmae,repeat,0.9853155612945557,0.48707030713558197,100.0,0.0,3
time/ecdc_covid_d_part03,30,7,30:7,mase,repeat,5.3894630670547485,1.2832137743632,100.0,0.0,3
time/ecdc_covid_d_part03,30,7,30:7,mse,repeat,7501.285784403483,577.1314239501953,100.0,0.0,3
time/ecdc_covid_d_part03,30,7,30:7,mae,repeat,64.0476229985555,17.496280829111736,100.0,0.0,3
time/ecdc_covid_d_part03,30,7,30:7,nmse,repeat,1.3662490993738174,0.5336549722899994,100.0,0.0,3
time/ecdc_covid_d_part03,30,7,30:7,nmae,repeat,0.9853155612945557,0.4870702673991521,100.0,0.0,3
time/ecdc_covid_d_part03,30,7,30:7,mase,repeat,5.3894630670547485,1.2832133769989014,100.0,0.0,3
time/ecdc_covid_d_part03,30,7,30:7,mse,repeat,7501.285784403483,577.1314239501953,100.0,0.0,3
time/ecdc_covid_d_part03,30,7,30:7,mae,repeat,64.0476229985555,17.496280829111736,100.0,0.0,3
time/ecdc_covid_d_part03,30,7,30:7,nmse,repeat,1.3662490993738174,0.5336549722899994,100.0,0.0,3
time/ecdc_covid_d_part03,30,7,30:7,nmae,repeat,0.9853155612945557,0.4870702673991521,100.0,0.0,3
time/ecdc_covid_d_part03,30,7,30:7,mase,repeat,5.3894630670547485,1.2832133769989014,100.0,0.0,3
time/ecdc_covid_d_part04,7,1,7:1,mse,repeat,26.666666666666668,8.257050861914953,66.66666666666666,0.0,3
time/ecdc_covid_d_part04,7,1,7:1,mae,repeat,4.0,2.5296827952067056,66.66666666666666,0.0,3
time/ecdc_covid_d_part04,7,1,7:1,nmse,repeat,0.5083602145314217,0.38130727782845497,66.66666666666666,0.0,3
time/ecdc_covid_d_part04,7,1,7:1,nmae,repeat,0.4967173933982849,0.4527828147013982,66.66666666666666,0.0,3
time/ecdc_covid_d_part04,7,1,7:1,mase,repeat,1.1350427468617756,0.9823415776093801,66.66666666666666,0.0,3
time/ecdc_covid_d_part04,7,1,7:1,mse,repeat,26.666666666666668,8.257050861914953,66.66666666666666,0.0,3
time/ecdc_covid_d_part04,7,1,7:1,mae,repeat,4.0,2.5296827952067056,66.66666666666666,0.0,3
time/ecdc_covid_d_part04,7,1,7:1,nmse,repeat,0.5083602145314217,0.38130727782845497,66.66666666666666,0.0,3
time/ecdc_covid_d_part04,7,1,7:1,nmae,repeat,0.4967173933982849,0.4527828147013982,66.66666666666666,0.0,3
time/ecdc_covid_d_part04,7,1,7:1,mase,repeat,1.1350427468617756,0.9823415776093801,66.66666666666666,0.0,3
time/ecdc_covid_d_part04,7,1,7:1,mse,repeat,26.666666666666668,8.257050861914953,66.66666666666666,0.0,3
time/ecdc_covid_d_part04,7,1,7:1,mae,repeat,4.0,2.5296827952067056,66.66666666666666,0.0,3
time/ecdc_covid_d_part04,7,1,7:1,nmse,repeat,0.5083602145314217,0.38130727782845497,66.66666666666666,0.0,3
time/ecdc_covid_d_part04,7,1,7:1,nmae,repeat,0.4967173933982849,0.4527828147013982,66.66666666666666,0.0,3
time/ecdc_covid_d_part04,7,1,7:1,mase,repeat,1.1350427468617756,0.9823415776093801,66.66666666666666,0.0,3
time/ecdc_covid_d_part04,7,1,7:1,mse,repeat,26.666666666666668,8.257050861914953,66.66666666666666,0.0,3
time/ecdc_covid_d_part04,7,1,7:1,mae,repeat,4.0,2.5296827952067056,66.66666666666666,0.0,3
time/ecdc_covid_d_part04,7,1,7:1,nmse,repeat,0.5083602145314217,0.38130727782845497,66.66666666666666,0.0,3
time/ecdc_covid_d_part04,7,1,7:1,nmae,repeat,0.4967173933982849,0.4527828147013982,66.66666666666666,0.0,3
time/ecdc_covid_d_part04,7,1,7:1,mase,repeat,1.1350427468617756,0.9823415776093801,66.66666666666666,0.0,3
time/ecdc_covid_d_part04,14,2,14:2,mse,repeat,4.666666666666667,2.4024830106645823,100.0,0.0,3
time/ecdc_covid_d_part04,14,2,14:2,mae,repeat,2.0,1.0660608609517415,100.0,0.0,3
time/ecdc_covid_d_part04,14,2,14:2,nmse,repeat,0.2201418827365463,0.18072213477777646,100.0,0.0,3
time/ecdc_covid_d_part04,14,2,14:2,nmae,repeat,0.34876760219534236,0.25622373873678345,100.0,0.0,3
time/ecdc_covid_d_part04,14,2,14:2,mase,repeat,0.6285787423451742,0.41092472554494935,100.0,0.0,3
time/ecdc_covid_d_part04,14,2,14:2,mse,repeat,4.666666666666667,2.4024830106645823,100.0,0.0,3
time/ecdc_covid_d_part04,14,2,14:2,mae,repeat,2.0,1.0660608609517415,100.0,0.0,3
time/ecdc_covid_d_part04,14,2,14:2,nmse,repeat,0.2201418827365463,0.18072213477777646,100.0,0.0,3
time/ecdc_covid_d_part04,14,2,14:2,nmae,repeat,0.34876760219534236,0.25622373873678345,100.0,0.0,3
time/ecdc_covid_d_part04,14,2,14:2,mase,repeat,0.6285787423451742,0.41092472554494935,100.0,0.0,3
time/ecdc_covid_d_part04,14,2,14:2,mse,repeat,4.666666666666667,2.402485217899084,100.0,0.0,3
time/ecdc_covid_d_part04,14,2,14:2,mae,repeat,2.0,1.0660664240519206,100.0,0.0,3
time/ecdc_covid_d_part04,14,2,14:2,nmse,repeat,0.2201418827365463,0.1807221487968794,100.0,0.0,3
time/ecdc_covid_d_part04,14,2,14:2,nmae,repeat,0.34876760219534236,0.25622388526486856,100.0,0.0,3
time/ecdc_covid_d_part04,14,2,14:2,mase,repeat,0.6285787423451742,0.4109252616763115,100.0,0.0,3
time/ecdc_covid_d_part04,14,2,14:2,mse,repeat,4.666666666666667,2.402485217899084,100.0,0.0,3
time/ecdc_covid_d_part04,14,2,14:2,mae,repeat,2.0,1.0660664240519206,100.0,0.0,3
time/ecdc_covid_d_part04,14,2,14:2,nmse,repeat,0.2201418827365463,0.1807221487968794,100.0,0.0,3
time/ecdc_covid_d_part04,14,2,14:2,nmae,repeat,0.34876760219534236,0.25622388526486856,100.0,0.0,3
time/ecdc_covid_d_part04,14,2,14:2,mase,repeat,0.6285787423451742,0.4109252616763115,100.0,0.0,3
time/ecdc_covid_d_part04,30,7,30:7,mse,repeat,285.1428616841634,53.412794748942055,66.66666666666666,0.0,3
time/ecdc_covid_d_part04,30,7,30:7,mae,repeat,12.761905193328857,5.554739713668823,100.0,0.0,3
time/ecdc_covid_d_part04,30,7,30:7,nmse,repeat,0.6356035669644674,0.42636207460115355,66.66666666666666,0.0,3
time/ecdc_covid_d_part04,30,7,30:7,nmae,repeat,0.6839249829451243,0.4557947739958763,100.0,0.0,3
time/ecdc_covid_d_part04,30,7,30:7,mase,repeat,2.6595911184946694,1.7390998005867004,100.0,0.0,3
time/ecdc_covid_d_part04,30,7,30:7,mse,repeat,285.1428616841634,53.412794748942055,66.66666666666666,0.0,3
time/ecdc_covid_d_part04,30,7,30:7,mae,repeat,12.761905193328857,5.554739713668823,100.0,0.0,3
time/ecdc_covid_d_part04,30,7,30:7,nmse,repeat,0.6356035669644674,0.42636207460115355,66.66666666666666,0.0,3
time/ecdc_covid_d_part04,30,7,30:7,nmae,repeat,0.6839249829451243,0.4557947739958763,100.0,0.0,3
time/ecdc_covid_d_part04,30,7,30:7,mase,repeat,2.6595911184946694,1.7390998005867004,100.0,0.0,3
time/ecdc_covid_d_part04,30,7,30:7,mse,repeat,285.1428616841634,53.41280619303385,66.66666666666666,0.0,3
time/ecdc_covid_d_part04,30,7,30:7,mae,repeat,12.761905193328857,5.554742336273193,100.0,0.0,3
time/ecdc_covid_d_part04,30,7,30:7,nmse,repeat,0.6356035669644674,0.42636191938072443,66.66666666666666,0.0,3
time/ecdc_covid_d_part04,30,7,30:7,nmae,repeat,0.6839249829451243,0.4557947541276614,100.0,0.0,3
time/ecdc_covid_d_part04,30,7,30:7,mase,repeat,2.6595911184946694,1.7391000191370647,100.0,0.0,3
time/ecdc_covid_d_part04,30,7,30:7,mse,repeat,285.1428616841634,53.41280619303385,66.66666666666666,0.0,3
time/ecdc_covid_d_part04,30,7,30:7,mae,repeat,12.761905193328857,5.554742336273193,100.0,0.0,3
time/ecdc_covid_d_part04,30,7,30:7,nmse,repeat,0.6356035669644674,0.42636191938072443,66.66666666666666,0.0,3
time/ecdc_covid_d_part04,30,7,30:7,nmae,repeat,0.6839249829451243,0.4557947541276614,100.0,0.0,3
time/ecdc_covid_d_part04,30,7,30:7,mase,repeat,2.6595911184946694,1.7391000191370647,100.0,0.0,3
time/ecdc_covid_d_part05,7,1,7:1,mse,repeat,963284.5,746083.3575439453,50.0,0.0,2
time/ecdc_covid_d_part05,7,1,7:1,mae,repeat,696.5,617.92431640625,50.0,0.0,2
time/ecdc_covid_d_part05,7,1,7:1,nmse,repeat,0.13191406227997504,0.1046177081298083,50.0,0.0,2
time/ecdc_covid_d_part05,7,1,7:1,nmae,repeat,0.2693014554679394,0.262563806027174,50.0,0.0,2
time/ecdc_covid_d_part05,7,1,7:1,mase,repeat,0.4737020116299391,0.4570404402911663,50.0,0.0,2
time/ecdc_covid_d_part05,7,1,7:1,mse,repeat,963284.5,746083.3575439453,50.0,0.0,2
time/ecdc_covid_d_part05,7,1,7:1,mae,repeat,696.5,617.92431640625,50.0,0.0,2
time/ecdc_covid_d_part05,7,1,7:1,nmse,repeat,0.13191406227997504,0.1046177081298083,50.0,0.0,2
time/ecdc_covid_d_part05,7,1,7:1,nmae,repeat,0.2693014554679394,0.262563806027174,50.0,0.0,2
time/ecdc_covid_d_part05,7,1,7:1,mase,repeat,0.4737020116299391,0.4570404402911663,50.0,0.0,2
time/ecdc_covid_d_part05,7,1,7:1,mse,repeat,963284.5,746083.3575439453,50.0,0.0,2
time/ecdc_covid_d_part05,7,1,7:1,mae,repeat,696.5,617.92431640625,50.0,0.0,2
time/ecdc_covid_d_part05,7,1,7:1,nmse,repeat,0.13191406227997504,0.1046177081298083,50.0,0.0,2
time/ecdc_covid_d_part05,7,1,7:1,nmae,repeat,0.2693014554679394,0.262563806027174,50.0,0.0,2
time/ecdc_covid_d_part05,7,1,7:1,mase,repeat,0.4737020116299391,0.4570404402911663,50.0,0.0,2
time/ecdc_covid_d_part05,7,1,7:1,mse,repeat,963284.5,746083.3575439453,50.0,0.0,2
time/ecdc_covid_d_part05,7,1,7:1,mae,repeat,696.5,617.92431640625,50.0,0.0,2
time/ecdc_covid_d_part05,7,1,7:1,nmse,repeat,0.13191406227997504,0.1046177081298083,50.0,0.0,2
time/ecdc_covid_d_part05,7,1,7:1,nmae,repeat,0.2693014554679394,0.262563806027174,50.0,0.0,2
time/ecdc_covid_d_part05,7,1,7:1,mase,repeat,0.4737020116299391,0.4570404402911663,50.0,0.0,2
time/ecdc_covid_d_part05,14,2,14:2,mse,repeat,81339.25,103136.4560546875,50.0,0.0,2
time/ecdc_covid_d_part05,14,2,14:2,mae,repeat,268.25,248.9935302734375,50.0,0.0,2
time/ecdc_covid_d_part05,14,2,14:2,nmse,repeat,0.5081795360893011,0.06856441404670477,50.0,0.0,2
time/ecdc_covid_d_part05,14,2,14:2,nmae,repeat,0.5374770909547806,0.20714253187179565,50.0,0.0,2
time/ecdc_covid_d_part05,14,2,14:2,mase,repeat,0.9323404431343079,0.4459066689014435,50.0,0.0,2
time/ecdc_covid_d_part05,14,2,14:2,mse,repeat,81339.25,103136.4560546875,50.0,0.0,2
time/ecdc_covid_d_part05,14,2,14:2,mae,repeat,268.25,248.9935302734375,50.0,0.0,2
time/ecdc_covid_d_part05,14,2,14:2,nmse,repeat,0.5081795360893011,0.06856441404670477,50.0,0.0,2
time/ecdc_covid_d_part05,14,2,14:2,nmae,repeat,0.5374770909547806,0.20714253187179565,50.0,0.0,2
time/ecdc_covid_d_part05,14,2,14:2,mase,repeat,0.9323404431343079,0.4459066689014435,50.0,0.0,2
time/ecdc_covid_d_part05,14,2,14:2,mse,repeat,81339.25,103136.7216796875,50.0,0.0,2
time/ecdc_covid_d_part05,14,2,14:2,mae,repeat,268.25,248.9937744140625,50.0,0.0,2
time/ecdc_covid_d_part05,14,2,14:2,nmse,repeat,0.5081795360893011,0.06856443174183369,50.0,0.0,2
time/ecdc_covid_d_part05,14,2,14:2,nmae,repeat,0.5374770909547806,0.20714259520173073,50.0,0.0,2
time/ecdc_covid_d_part05,14,2,14:2,mase,repeat,0.9323404431343079,0.4459069073200226,50.0,0.0,2
time/ecdc_covid_d_part05,14,2,14:2,mse,repeat,81339.25,103136.7216796875,50.0,0.0,2
time/ecdc_covid_d_part05,14,2,14:2,mae,repeat,268.25,248.9937744140625,50.0,0.0,2
time/ecdc_covid_d_part05,14,2,14:2,nmse,repeat,0.5081795360893011,0.06856443174183369,50.0,0.0,2
time/ecdc_covid_d_part05,14,2,14:2,nmae,repeat,0.5374770909547806,0.20714259520173073,50.0,0.0,2
time/ecdc_covid_d_part05,14,2,14:2,mase,repeat,0.9323404431343079,0.4459069073200226,50.0,0.0,2
time/ecdc_covid_d_part05,30,7,30:7,mse,repeat,634350.875,121012.62109375,100.0,0.0,2
time/ecdc_covid_d_part05,30,7,30:7,mae,repeat,770.7143249511719,298.7503204345703,100.0,0.0,2
time/ecdc_covid_d_part05,30,7,30:7,nmse,repeat,1.9401041865348816,0.6674036071635783,100.0,0.0,2
time/ecdc_covid_d_part05,30,7,30:7,nmae,repeat,1.0977550595998764,0.5173679776489735,100.0,0.0,2
time/ecdc_covid_d_part05,30,7,30:7,mase,repeat,3.021325409412384,1.3397807776927948,100.0,0.0,2
time/ecdc_covid_d_part05,30,7,30:7,mse,repeat,634350.875,121012.62109375,100.0,0.0,2
time/ecdc_covid_d_part05,30,7,30:7,mae,repeat,770.7143249511719,298.7503204345703,100.0,0.0,2
time/ecdc_covid_d_part05,30,7,30:7,nmse,repeat,1.9401041865348816,0.6674036071635783,100.0,0.0,2
time/ecdc_covid_d_part05,30,7,30:7,nmae,repeat,1.0977550595998764,0.5173679776489735,100.0,0.0,2
time/ecdc_covid_d_part05,30,7,30:7,mase,repeat,3.021325409412384,1.3397807776927948,100.0,0.0,2
time/ecdc_covid_d_part05,30,7,30:7,mse,repeat,634350.875,121012.390625,100.0,0.0,2
time/ecdc_covid_d_part05,30,7,30:7,mae,repeat,770.7143249511719,298.75001525878906,100.0,0.0,2
time/ecdc_covid_d_part05,30,7,30:7,nmse,repeat,1.9401041865348816,0.667403472121805,100.0,0.0,2
time/ecdc_covid_d_part05,30,7,30:7,nmae,repeat,1.0977550595998764,0.5173677802085876,100.0,0.0,2
time/ecdc_covid_d_part05,30,7,30:7,mase,repeat,3.021325409412384,1.3397799134254456,100.0,0.0,2
time/ecdc_covid_d_part05,30,7,30:7,mse,repeat,634350.875,121012.390625,100.0,0.0,2
time/ecdc_covid_d_part05,30,7,30:7,mae,repeat,770.7143249511719,298.75001525878906,100.0,0.0,2
time/ecdc_covid_d_part05,30,7,30:7,nmse,repeat,1.9401041865348816,0.667403472121805,100.0,0.0,2
time/ecdc_covid_d_part05,30,7,30:7,nmae,repeat,1.0977550595998764,0.5173677802085876,100.0,0.0,2
time/ecdc_covid_d_part05,30,7,30:7,mase,repeat,3.021325409412384,1.3397799134254456,100.0,0.0,2
time/ecdc_covid_d_part06,7,1,7:1,mse,repeat,70846.33333333333,70757.00030708313,66.66666666666666,0.0,3
time/ecdc_covid_d_part06,7,1,7:1,mae,repeat,155.66666666666666,156.04240004221597,66.66666666666666,0.0,3
time/ecdc_covid_d_part06,7,1,7:1,nmse,repeat,165.157892425855,165.34593768914542,66.66666666666666,0.0,3
time/ecdc_covid_d_part06,7,1,7:1,nmae,repeat,8.142946481704712,8.288557370503744,66.66666666666666,0.0,3
time/ecdc_covid_d_part06,7,1,7:1,mase,repeat,11.740558445453644,11.803321242332458,66.66666666666666,0.0,3
time/ecdc_covid_d_part06,7,1,7:1,mse,repeat,70846.33333333333,70757.00030708313,66.66666666666666,0.0,3
time/ecdc_covid_d_part06,7,1,7:1,mae,repeat,155.66666666666666,156.04240004221597,66.66666666666666,0.0,3
time/ecdc_covid_d_part06,7,1,7:1,nmse,repeat,165.157892425855,165.34593768914542,66.66666666666666,0.0,3
time/ecdc_covid_d_part06,7,1,7:1,nmae,repeat,8.142946481704712,8.288557370503744,66.66666666666666,0.0,3
time/ecdc_covid_d_part06,7,1,7:1,mase,repeat,11.740558445453644,11.803321242332458,66.66666666666666,0.0,3
time/ecdc_covid_d_part06,7,1,7:1,mse,repeat,70846.33333333333,70757.00030708313,66.66666666666666,0.0,3
time/ecdc_covid_d_part06,7,1,7:1,mae,repeat,155.66666666666666,156.04240004221597,66.66666666666666,0.0,3
time/ecdc_covid_d_part06,7,1,7:1,nmse,repeat,165.157892425855,165.34593768914542,66.66666666666666,0.0,3
time/ecdc_covid_d_part06,7,1,7:1,nmae,repeat,8.142946481704712,8.288557370503744,66.66666666666666,0.0,3
time/ecdc_covid_d_part06,7,1,7:1,mase,repeat,11.740558445453644,11.803321242332458,66.66666666666666,0.0,3
time/ecdc_covid_d_part06,7,1,7:1,mse,repeat,70846.33333333333,70757.00030708313,66.66666666666666,0.0,3
time/ecdc_covid_d_part06,7,1,7:1,mae,repeat,155.66666666666666,156.04240004221597,66.66666666666666,0.0,3
time/ecdc_covid_d_part06,7,1,7:1,nmse,repeat,165.157892425855,165.34593768914542,66.66666666666666,0.0,3
time/ecdc_covid_d_part06,7,1,7:1,nmae,repeat,8.142946481704712,8.288557370503744,66.66666666666666,0.0,3
time/ecdc_covid_d_part06,7,1,7:1,mase,repeat,11.740558445453644,11.803321242332458,66.66666666666666,0.0,3
time/ecdc_covid_d_part06,14,2,14:2,mse,repeat,153.33333333333334,175.79622077941895,33.33333333333333,0.0,3
time/ecdc_covid_d_part06,14,2,14:2,mae,repeat,10.333333333333334,10.381965319315592,33.33333333333333,0.0,3
time/ecdc_covid_d_part06,14,2,14:2,nmse,repeat,5.62280691601336,4.565863911683361,33.33333333333333,0.0,3
time/ecdc_covid_d_part06,14,2,14:2,nmae,repeat,1.4519040236870449,1.323788732290268,33.33333333333333,0.0,3
time/ecdc_covid_d_part06,14,2,14:2,mase,repeat,1.7953167955080669,1.805718367298444,33.33333333333333,0.0,3
time/ecdc_covid_d_part06,14,2,14:2,mse,repeat,153.33333333333334,175.79622077941895,33.33333333333333,0.0,3
time/ecdc_covid_d_part06,14,2,14:2,mae,repeat,10.333333333333334,10.381965319315592,33.33333333333333,0.0,3
time/ecdc_covid_d_part06,14,2,14:2,nmse,repeat,5.62280691601336,4.565863911683361,33.33333333333333,0.0,3
time/ecdc_covid_d_part06,14,2,14:2,nmae,repeat,1.4519040236870449,1.323788732290268,33.33333333333333,0.0,3
time/ecdc_covid_d_part06,14,2,14:2,mase,repeat,1.7953167955080669,1.805718367298444,33.33333333333333,0.0,3
time/ecdc_covid_d_part06,14,2,14:2,mse,repeat,153.33333333333334,175.79622586568198,33.33333333333333,0.0,3
time/ecdc_covid_d_part06,14,2,14:2,mae,repeat,10.333333333333334,10.38196595509847,33.33333333333333,0.0,3
time/ecdc_covid_d_part06,14,2,14:2,nmse,repeat,5.62280691601336,4.5658639663209515,33.33333333333333,0.0,3
time/ecdc_covid_d_part06,14,2,14:2,nmae,repeat,1.4519040236870449,1.3237888018290203,33.33333333333333,0.0,3
time/ecdc_covid_d_part06,14,2,14:2,mase,repeat,1.7953167955080669,1.805718685189883,33.33333333333333,0.0,3
time/ecdc_covid_d_part06,14,2,14:2,mse,repeat,153.33333333333334,175.79622586568198,33.33333333333333,0.0,3
time/ecdc_covid_d_part06,14,2,14:2,mae,repeat,10.333333333333334,10.38196595509847,33.33333333333333,0.0,3
time/ecdc_covid_d_part06,14,2,14:2,nmse,repeat,5.62280691601336,4.5658639663209515,33.33333333333333,0.0,3
time/ecdc_covid_d_part06,14,2,14:2,nmae,repeat,1.4519040236870449,1.3237888018290203,33.33333333333333,0.0,3
time/ecdc_covid_d_part06,14,2,14:2,mase,repeat,1.7953167955080669,1.805718685189883,33.33333333333333,0.0,3
time/ecdc_covid_d_part06,30,7,30:7,mse,repeat,1275.761957804362,902.8415476481119,66.66666666666666,0.0,3
time/ecdc_covid_d_part06,30,7,30:7,mae,repeat,30.238096237182617,22.94292227427165,100.0,0.0,3
time/ecdc_covid_d_part06,30,7,30:7,nmse,repeat,9.567321106791496,6.505400391916434,66.66666666666666,0.0,3
time/ecdc_covid_d_part06,30,7,30:7,nmae,repeat,2.100140323241552,1.482500950495402,100.0,0.0,3
time/ecdc_covid_d_part06,30,7,30:7,mase,repeat,4.786890864372253,3.3623504837354026,100.0,0.0,3
time/ecdc_covid_d_part06,30,7,30:7,mse,repeat,1275.761957804362,902.8415476481119,66.66666666666666,0.0,3
time/ecdc_covid_d_part06,30,7,30:7,mae,repeat,30.238096237182617,22.94292227427165,100.0,0.0,3
time/ecdc_covid_d_part06,30,7,30:7,nmse,repeat,9.567321106791496,6.505400391916434,66.66666666666666,0.0,3
time/ecdc_covid_d_part06,30,7,30:7,nmae,repeat,2.100140323241552,1.482500950495402,100.0,0.0,3
time/ecdc_covid_d_part06,30,7,30:7,mase,repeat,4.786890864372253,3.3623504837354026,100.0,0.0,3
time/ecdc_covid_d_part06,30,7,30:7,mse,repeat,1275.761957804362,902.8415018717448,66.66666666666666,0.0,3
time/ecdc_covid_d_part06,30,7,30:7,mae,repeat,30.238096237182617,22.94292227427165,100.0,0.0,3
time/ecdc_covid_d_part06,30,7,30:7,nmse,repeat,9.567321106791496,6.505400272707145,66.66666666666666,0.0,3
time/ecdc_covid_d_part06,30,7,30:7,nmae,repeat,2.100140323241552,1.482500950495402,100.0,0.0,3
time/ecdc_covid_d_part06,30,7,30:7,mase,repeat,4.786890864372253,3.3623504837354026,100.0,0.0,3
time/ecdc_covid_d_part06,30,7,30:7,mse,repeat,1275.761957804362,902.8415018717448,66.66666666666666,0.0,3
time/ecdc_covid_d_part06,30,7,30:7,mae,repeat,30.238096237182617,22.94292227427165,100.0,0.0,3
time/ecdc_covid_d_part06,30,7,30:7,nmse,repeat,9.567321106791496,6.505400272707145,66.66666666666666,0.0,3
time/ecdc_covid_d_part06,30,7,30:7,nmae,repeat,2.100140323241552,1.482500950495402,100.0,0.0,3
time/ecdc_covid_d_part06,30,7,30:7,mase,repeat,4.786890864372253,3.3623504837354026,100.0,0.0,3
time/ecdc_covid_d_part07,7,1,7:1,mse,repeat,20.333333333333332,25.465592230359714,33.33333333333333,0.0,3
time/ecdc_covid_d_part07,7,1,7:1,mae,repeat,3.6666666666666665,4.149929682413737,33.33333333333333,0.0,3
time/ecdc_covid_d_part07,7,1,7:1,nmse,repeat,1.628086010615031,1.699115512271722,33.33333333333333,0.0,3
time/ecdc_covid_d_part07,7,1,7:1,nmae,repeat,0.9772871931393942,1.0698574483394623,33.33333333333333,0.0,3
time/ecdc_covid_d_part07,7,1,7:1,mase,repeat,1.254901925722758,1.4333508809407551,33.33333333333333,0.0,3
time/ecdc_covid_d_part07,7,1,7:1,mse,repeat,20.333333333333332,25.465592230359714,33.33333333333333,0.0,3
time/ecdc_covid_d_part07,7,1,7:1,mae,repeat,3.6666666666666665,4.149929682413737,33.33333333333333,0.0,3
time/ecdc_covid_d_part07,7,1,7:1,nmse,repeat,1.628086010615031,1.699115512271722,33.33333333333333,0.0,3
time/ecdc_covid_d_part07,7,1,7:1,nmae,repeat,0.9772871931393942,1.0698574483394623,33.33333333333333,0.0,3
time/ecdc_covid_d_part07,7,1,7:1,mase,repeat,1.254901925722758,1.4333508809407551,33.33333333333333,0.0,3
time/ecdc_covid_d_part07,7,1,7:1,mse,repeat,20.333333333333332,25.465592230359714,33.33333333333333,0.0,3
time/ecdc_covid_d_part07,7,1,7:1,mae,repeat,3.6666666666666665,4.149929682413737,33.33333333333333,0.0,3
time/ecdc_covid_d_part07,7,1,7:1,nmse,repeat,1.628086010615031,1.699115512271722,33.33333333333333,0.0,3
time/ecdc_covid_d_part07,7,1,7:1,nmae,repeat,0.9772871931393942,1.0698574483394623,33.33333333333333,0.0,3
time/ecdc_covid_d_part07,7,1,7:1,mase,repeat,1.254901925722758,1.4333508809407551,33.33333333333333,0.0,3
time/ecdc_covid_d_part07,7,1,7:1,mse,repeat,20.333333333333332,25.465592230359714,33.33333333333333,0.0,3
time/ecdc_covid_d_part07,7,1,7:1,mae,repeat,3.6666666666666665,4.149929682413737,33.33333333333333,0.0,3
time/ecdc_covid_d_part07,7,1,7:1,nmse,repeat,1.628086010615031,1.699115512271722,33.33333333333333,0.0,3
time/ecdc_covid_d_part07,7,1,7:1,nmae,repeat,0.9772871931393942,1.0698574483394623,33.33333333333333,0.0,3
time/ecdc_covid_d_part07,7,1,7:1,mase,repeat,1.254901925722758,1.4333508809407551,33.33333333333333,0.0,3
time/ecdc_covid_d_part07,14,2,14:2,mse,repeat,185.66666666666666,134.92503102620444,66.66666666666666,0.0,3
time/ecdc_covid_d_part07,14,2,14:2,mae,repeat,12.0,10.114898681640625,66.66666666666666,0.0,3
time/ecdc_covid_d_part07,14,2,14:2,nmse,repeat,5.022778511047363,5.532931884129842,66.66666666666666,0.0,3
time/ecdc_covid_d_part07,14,2,14:2,nmae,repeat,1.863457481066386,1.7199349403381348,66.66666666666666,0.0,3
time/ecdc_covid_d_part07,14,2,14:2,mase,repeat,4.433787663777669,3.70126740137736,66.66666666666666,0.0,3
time/ecdc_covid_d_part07,14,2,14:2,mse,repeat,185.66666666666666,134.92503102620444,66.66666666666666,0.0,3
time/ecdc_covid_d_part07,14,2,14:2,mae,repeat,12.0,10.114898681640625,66.66666666666666,0.0,3
time/ecdc_covid_d_part07,14,2,14:2,nmse,repeat,5.022778511047363,5.532931884129842,66.66666666666666,0.0,3
time/ecdc_covid_d_part07,14,2,14:2,nmae,repeat,1.863457481066386,1.7199349403381348,66.66666666666666,0.0,3
time/ecdc_covid_d_part07,14,2,14:2,mase,repeat,4.433787663777669,3.70126740137736,66.66666666666666,0.0,3
time/ecdc_covid_d_part07,14,2,14:2,mse,repeat,185.66666666666666,134.9250717163086,66.66666666666666,0.0,3
time/ecdc_covid_d_part07,14,2,14:2,mae,repeat,12.0,10.114899317423502,66.66666666666666,0.0,3
time/ecdc_covid_d_part07,14,2,14:2,nmse,repeat,5.022778511047363,5.532931923866272,66.66666666666666,0.0,3
time/ecdc_covid_d_part07,14,2,14:2,nmae,repeat,1.863457481066386,1.7199349403381348,66.66666666666666,0.0,3
time/ecdc_covid_d_part07,14,2,14:2,mase,repeat,4.433787663777669,3.70126740137736,66.66666666666666,0.0,3
time/ecdc_covid_d_part07,14,2,14:2,mse,repeat,185.66666666666666,134.9250717163086,66.66666666666666,0.0,3
time/ecdc_covid_d_part07,14,2,14:2,mae,repeat,12.0,10.114899317423502,66.66666666666666,0.0,3
time/ecdc_covid_d_part07,14,2,14:2,nmse,repeat,5.022778511047363,5.532931923866272,66.66666666666666,0.0,3
time/ecdc_covid_d_part07,14,2,14:2,nmae,repeat,1.863457481066386,1.7199349403381348,66.66666666666666,0.0,3
time/ecdc_covid_d_part07,14,2,14:2,mase,repeat,4.433787663777669,3.70126740137736,66.66666666666666,0.0,3
time/ecdc_covid_d_part07,30,7,30:7,mse,repeat,2344.1429545084634,510.2011133829753,66.66666666666666,0.0,3
time/ecdc_covid_d_part07,30,7,30:7,mae,repeat,36.04762077331543,17.017716884613037,66.66666666666666,0.0,3
time/ecdc_covid_d_part07,30,7,30:7,nmse,repeat,1.5830579673250516,0.38117460906505585,66.66666666666666,0.0,3
time/ecdc_covid_d_part07,30,7,30:7,nmae,repeat,1.0468303163846333,0.5035928785800934,66.66666666666666,0.0,3
time/ecdc_covid_d_part07,30,7,30:7,mase,repeat,7.981159925460815,3.8084558645884194,66.66666666666666,0.0,3
time/ecdc_covid_d_part07,30,7,30:7,mse,repeat,2344.1429545084634,510.2011133829753,66.66666666666666,0.0,3
time/ecdc_covid_d_part07,30,7,30:7,mae,repeat,36.04762077331543,17.017716884613037,66.66666666666666,0.0,3
time/ecdc_covid_d_part07,30,7,30:7,nmse,repeat,1.5830579673250516,0.38117460906505585,66.66666666666666,0.0,3
time/ecdc_covid_d_part07,30,7,30:7,nmae,repeat,1.0468303163846333,0.5035928785800934,66.66666666666666,0.0,3
time/ecdc_covid_d_part07,30,7,30:7,mase,repeat,7.981159925460815,3.8084558645884194,66.66666666666666,0.0,3
time/ecdc_covid_d_part07,30,7,30:7,mse,repeat,2344.1429545084634,510.20111592610675,66.66666666666666,0.0,3
time/ecdc_covid_d_part07,30,7,30:7,mae,repeat,36.04762077331543,17.017718474070232,66.66666666666666,0.0,3
time/ecdc_covid_d_part07,30,7,30:7,nmse,repeat,1.5830579673250516,0.38117457926273346,66.66666666666666,0.0,3
time/ecdc_covid_d_part07,30,7,30:7,nmae,repeat,1.0468303163846333,0.5035928785800934,66.66666666666666,0.0,3
time/ecdc_covid_d_part07,30,7,30:7,mase,repeat,7.981159925460815,3.8084562619527182,66.66666666666666,0.0,3
time/ecdc_covid_d_part07,30,7,30:7,mse,repeat,2344.1429545084634,510.20111592610675,66.66666666666666,0.0,3
time/ecdc_covid_d_part07,30,7,30:7,mae,repeat,36.04762077331543,17.017718474070232,66.66666666666666,0.0,3
time/ecdc_covid_d_part07,30,7,30:7,nmse,repeat,1.5830579673250516,0.38117457926273346,66.66666666666666,0.0,3
time/ecdc_covid_d_part07,30,7,30:7,nmae,repeat,1.0468303163846333,0.5035928785800934,66.66666666666666,0.0,3
time/ecdc_covid_d_part07,30,7,30:7,mase,repeat,7.981159925460815,3.8084562619527182,66.66666666666666,0.0,3
time/ne_china_wind_h,168,24,168:24,mse,repeat,0.3915615567649879,0.2580204477109125,66.17647058823529,0.0,68
time/ne_china_wind_h,168,24,168:24,mae,repeat,0.44458762512487526,0.32334493045859475,66.17647058823529,0.0,68
time/ne_china_wind_h,168,24,168:24,nmse,repeat,1.5848173606483376,1.1278305924223626,66.17647058823529,0.0,68
time/ne_china_wind_h,168,24,168:24,nmae,repeat,0.9650045203811982,0.7408571550074745,66.17647058823529,0.0,68
time/ne_china_wind_h,168,24,168:24,mase,repeat,7.398854103158502,5.636048792039647,66.17647058823529,0.0,68
time/ne_china_wind_h,168,24,168:24,mse,repeat,0.3915615567649879,0.2580204477109125,66.17647058823529,0.0,68
time/ne_china_wind_h,168,24,168:24,mae,repeat,0.44458762512487526,0.32334493045859475,66.17647058823529,0.0,68
time/ne_china_wind_h,168,24,168:24,nmse,repeat,1.5848173606483376,1.1278305924223626,66.17647058823529,0.0,68
time/ne_china_wind_h,168,24,168:24,nmae,repeat,0.9650045203811982,0.7408571550074745,66.17647058823529,0.0,68
time/ne_china_wind_h,168,24,168:24,mase,repeat,7.398854103158502,5.636048792039647,66.17647058823529,0.0,68
time/ne_china_wind_h,168,24,168:24,mse,repeat,0.39156155647737356,0.25802046530674594,66.17647058823529,0.0,68
time/ne_china_wind_h,168,24,168:24,mae,repeat,0.4445876246866058,0.32334493111599893,66.17647058823529,0.0,68
time/ne_china_wind_h,168,24,168:24,nmse,repeat,1.5848173755494988,1.127830624799518,66.17647058823529,0.0,68
time/ne_china_wind_h,168,24,168:24,nmae,repeat,0.9650045258595663,0.7408571571988218,66.17647058823529,0.0,68
time/ne_china_wind_h,168,24,168:24,mase,repeat,7.398854097899268,5.636048800805035,66.17647058823529,0.0,68
time/ne_china_wind_h,168,24,168:24,mse,repeat,0.39156155647737356,0.25802046530674594,66.17647058823529,0.0,68
time/ne_china_wind_h,168,24,168:24,mae,repeat,0.4445876246866058,0.32334493111599893,66.17647058823529,0.0,68
time/ne_china_wind_h,168,24,168:24,nmse,repeat,1.5848173755494988,1.127830624799518,66.17647058823529,0.0,68
time/ne_china_wind_h,168,24,168:24,nmae,repeat,0.9650045258595663,0.7408571571988218,66.17647058823529,0.0,68
time/ne_china_wind_h,168,24,168:24,mase,repeat,7.398854097899268,5.636048800805035,66.17647058823529,0.0,68
time/ne_china_wind_h,336,48,336:48,mse,repeat,0.5559237734893995,0.23664275751284816,85.29411764705883,0.0,68
time/ne_china_wind_h,336,48,336:48,mae,repeat,0.549808762200615,0.3377285889514229,83.82352941176471,0.0,68
time/ne_china_wind_h,336,48,336:48,nmse,repeat,2.0353969640153298,1.1387161109048654,85.29411764705883,0.0,68
time/ne_china_wind_h,336,48,336:48,nmae,repeat,1.0955520294168417,0.7148773071958738,83.82352941176471,0.0,68
time/ne_china_wind_h,336,48,336:48,mase,repeat,9.746657339965596,5.87079003979178,83.82352941176471,0.0,68
time/ne_china_wind_h,336,48,336:48,mse,repeat,0.5559237734893995,0.23664275751284816,85.29411764705883,0.0,68
time/ne_china_wind_h,336,48,336:48,mae,repeat,0.549808762200615,0.3377285889514229,83.82352941176471,0.0,68
time/ne_china_wind_h,336,48,336:48,nmse,repeat,2.0353969640153298,1.1387161109048654,85.29411764705883,0.0,68
time/ne_china_wind_h,336,48,336:48,nmae,repeat,1.0955520294168417,0.7148773071958738,83.82352941176471,0.0,68
time/ne_china_wind_h,336,48,336:48,mase,repeat,9.746657339965596,5.87079003979178,83.82352941176471,0.0,68
time/ne_china_wind_h,336,48,336:48,mse,repeat,0.555923769955852,0.23664274477564237,85.29411764705883,0.0,68
time/ne_china_wind_h,336,48,336:48,mae,repeat,0.5498087608858067,0.3377285807886544,83.82352941176471,0.0,68
time/ne_china_wind_h,336,48,336:48,nmse,repeat,2.0353969543734016,1.1387160794590325,85.29411764705883,0.0,68
time/ne_china_wind_h,336,48,336:48,nmae,repeat,1.095552026787225,0.7148772673133541,83.82352941176471,0.0,68
time/ne_china_wind_h,336,48,336:48,mase,repeat,9.74665729789173,5.870789706707001,83.82352941176471,0.0,68
time/ne_china_wind_h,336,48,336:48,mse,repeat,0.555923769955852,0.23664274477564237,85.29411764705883,0.0,68
time/ne_china_wind_h,336,48,336:48,mae,repeat,0.5498087608858067,0.3377285807886544,83.82352941176471,0.0,68
time/ne_china_wind_h,336,48,336:48,nmse,repeat,2.0353969543734016,1.1387160794590325,85.29411764705883,0.0,68
time/ne_china_wind_h,336,48,336:48,nmae,repeat,1.095552026787225,0.7148772673133541,83.82352941176471,0.0,68
time/ne_china_wind_h,336,48,336:48,mase,repeat,9.74665729789173,5.870789706707001,83.82352941176471,0.0,68
time/ne_china_wind_h,504,168,504:168,mse,repeat,0.8357961088768207,0.4395986968302168,87.5,0.0,64
time/ne_china_wind_h,504,168,504:168,mae,repeat,0.6833633994683623,0.4815525768790394,82.8125,0.0,64
time/ne_china_wind_h,504,168,504:168,nmse,repeat,2.494046660605818,1.3458736380562186,87.5,0.0,64
time/ne_china_wind_h,504,168,504:168,nmae,repeat,1.266709073446691,0.8915636986494064,82.8125,0.0,64
time/ne_china_wind_h,504,168,504:168,mase,repeat,11.935089591890574,8.209965083748102,82.8125,0.0,64
time/ne_china_wind_h,504,168,504:168,mse,repeat,0.8357961088768207,0.4395986968302168,87.5,0.0,64
time/ne_china_wind_h,504,168,504:168,mae,repeat,0.6833633994683623,0.4815525768790394,82.8125,0.0,64
time/ne_china_wind_h,504,168,504:168,nmse,repeat,2.494046660605818,1.3458736380562186,87.5,0.0,64
time/ne_china_wind_h,504,168,504:168,nmae,repeat,1.266709073446691,0.8915636986494064,82.8125,0.0,64
time/ne_china_wind_h,504,168,504:168,mase,repeat,11.935089591890574,8.209965083748102,82.8125,0.0,64
time/ne_china_wind_h,504,168,504:168,mse,repeat,0.8357961037545465,0.4395987139432691,87.5,0.0,64
time/ne_china_wind_h,504,168,504:168,mae,repeat,0.6833634003996849,0.4815525934100151,82.8125,0.0,64
time/ne_china_wind_h,504,168,504:168,nmse,repeat,2.4940466615371406,1.3458736909087747,87.5,0.0,64
time/ne_china_wind_h,504,168,504:168,nmae,repeat,1.266709073446691,0.8915637102909386,82.8125,0.0,64
time/ne_china_wind_h,504,168,504:168,mase,repeat,11.935089532285929,8.209965333342552,82.8125,0.0,64
time/ne_china_wind_h,504,168,504:168,mse,repeat,0.8357961037545465,0.4395987139432691,87.5,0.0,64
time/ne_china_wind_h,504,168,504:168,mae,repeat,0.6833634003996849,0.4815525934100151,82.8125,0.0,64
time/ne_china_wind_h,504,168,504:168,nmse,repeat,2.4940466615371406,1.3458736909087747,87.5,0.0,64
time/ne_china_wind_h,504,168,504:168,nmae,repeat,1.266709073446691,0.8915637102909386,82.8125,0.0,64
time/ne_china_wind_h,504,168,504:168,mase,repeat,11.935089532285929,8.209965333342552,82.8125,0.0,64
time/online_retail_2_uci_d,7,1,7:1,mse,repeat,39361249.0,273510.123046875,100.0,0.0,2
time/online_retail_2_uci_d,7,1,7:1,mae,repeat,6059.5693359375,405.955078125,100.0,0.0,2
time/online_retail_2_uci_d,7,1,7:1,nmse,repeat,0.1829898040741682,0.0006595654067496071,100.0,0.0,2
time/online_retail_2_uci_d,7,1,7:1,nmae,repeat,0.3906293883919716,0.02074484433978796,100.0,0.0,2
time/online_retail_2_uci_d,7,1,7:1,mase,repeat,0.41866400837898254,0.02158493548631668,100.0,0.0,2
time/online_retail_2_uci_d,7,1,7:1,mse,repeat,39361249.0,273510.123046875,100.0,0.0,2
time/online_retail_2_uci_d,7,1,7:1,mae,repeat,6059.5693359375,405.955078125,100.0,0.0,2
time/online_retail_2_uci_d,7,1,7:1,nmse,repeat,0.1829898040741682,0.0006595654067496071,100.0,0.0,2
time/online_retail_2_uci_d,7,1,7:1,nmae,repeat,0.3906293883919716,0.02074484433978796,100.0,0.0,2
time/online_retail_2_uci_d,7,1,7:1,mase,repeat,0.41866400837898254,0.02158493548631668,100.0,0.0,2
time/online_retail_2_uci_d,7,1,7:1,mse,repeat,39361249.0,273513.14697265625,100.0,0.0,2
time/online_retail_2_uci_d,7,1,7:1,mae,repeat,6059.5693359375,405.9580078125,100.0,0.0,2
time/online_retail_2_uci_d,7,1,7:1,nmse,repeat,0.1829898040741682,0.0006595730210392503,100.0,0.0,2
time/online_retail_2_uci_d,7,1,7:1,nmae,repeat,0.3906293883919716,0.020745011046528816,100.0,0.0,2
time/online_retail_2_uci_d,7,1,7:1,mase,repeat,0.41866400837898254,0.021585112204775214,100.0,0.0,2
time/online_retail_2_uci_d,7,1,7:1,mse,repeat,39361249.0,273513.14697265625,100.0,0.0,2
time/online_retail_2_uci_d,7,1,7:1,mae,repeat,6059.5693359375,405.9580078125,100.0,0.0,2
time/online_retail_2_uci_d,7,1,7:1,nmse,repeat,0.1829898040741682,0.0006595730210392503,100.0,0.0,2
time/online_retail_2_uci_d,7,1,7:1,nmae,repeat,0.3906293883919716,0.020745011046528816,100.0,0.0,2
time/online_retail_2_uci_d,7,1,7:1,mase,repeat,0.41866400837898254,0.021585112204775214,100.0,0.0,2
time/online_retail_2_uci_d,14,2,14:2,mse,repeat,359763376.0,408339312.0,50.0,0.0,2
time/online_retail_2_uci_d,14,2,14:2,mae,repeat,17108.30078125,16681.3056640625,50.0,0.0,2
time/online_retail_2_uci_d,14,2,14:2,nmse,repeat,0.929927408695221,1.39018052816391,50.0,0.0,2
time/online_retail_2_uci_d,14,2,14:2,nmae,repeat,0.9018749892711639,0.9328566491603851,50.0,0.0,2
time/online_retail_2_uci_d,14,2,14:2,mase,repeat,0.98976930975914,1.0342313349246979,50.0,0.0,2
time/online_retail_2_uci_d,14,2,14:2,mse,repeat,359763376.0,408339312.0,50.0,0.0,2
time/online_retail_2_uci_d,14,2,14:2,mae,repeat,17108.30078125,16681.3056640625,50.0,0.0,2
time/online_retail_2_uci_d,14,2,14:2,nmse,repeat,0.929927408695221,1.39018052816391,50.0,0.0,2
time/online_retail_2_uci_d,14,2,14:2,nmae,repeat,0.9018749892711639,0.9328566491603851,50.0,0.0,2
time/online_retail_2_uci_d,14,2,14:2,mase,repeat,0.98976930975914,1.0342313349246979,50.0,0.0,2
time/online_retail_2_uci_d,14,2,14:2,mse,repeat,359763376.0,408339440.0,50.0,0.0,2
time/online_retail_2_uci_d,14,2,14:2,mae,repeat,17108.30078125,16681.3095703125,50.0,0.0,2
time/online_retail_2_uci_d,14,2,14:2,nmse,repeat,0.929927408695221,1.3901808261871338,50.0,0.0,2
time/online_retail_2_uci_d,14,2,14:2,nmae,repeat,0.9018749892711639,0.9328568577766418,50.0,0.0,2
time/online_retail_2_uci_d,14,2,14:2,mase,repeat,0.98976930975914,1.0342315435409546,50.0,0.0,2
time/online_retail_2_uci_d,14,2,14:2,mse,repeat,359763376.0,408339440.0,50.0,0.0,2
time/online_retail_2_uci_d,14,2,14:2,mae,repeat,17108.30078125,16681.3095703125,50.0,0.0,2
time/online_retail_2_uci_d,14,2,14:2,nmse,repeat,0.929927408695221,1.3901808261871338,50.0,0.0,2
time/online_retail_2_uci_d,14,2,14:2,nmae,repeat,0.9018749892711639,0.9328568577766418,50.0,0.0,2
time/online_retail_2_uci_d,14,2,14:2,mase,repeat,0.98976930975914,1.0342315435409546,50.0,0.0,2
time/online_retail_2_uci_d,30,7,30:7,mse,repeat,168197116.0,144985520.0,100.0,0.0,2
time/online_retail_2_uci_d,30,7,30:7,mae,repeat,8150.162353515625,8643.080810546875,0.0,0.0,2
time/online_retail_2_uci_d,30,7,30:7,nmse,repeat,0.5274045020341873,0.4512143209576607,100.0,0.0,2
time/online_retail_2_uci_d,30,7,30:7,nmae,repeat,0.43704691529273987,0.46596886217594147,0.0,0.0,2
time/online_retail_2_uci_d,30,7,30:7,mase,repeat,0.5417855232954025,0.573681965470314,0.0,0.0,2
time/online_retail_2_uci_d,30,7,30:7,mse,repeat,168197116.0,144985520.0,100.0,0.0,2
time/online_retail_2_uci_d,30,7,30:7,mae,repeat,8150.162353515625,8643.080810546875,0.0,0.0,2
time/online_retail_2_uci_d,30,7,30:7,nmse,repeat,0.5274045020341873,0.4512143209576607,100.0,0.0,2
time/online_retail_2_uci_d,30,7,30:7,nmae,repeat,0.43704691529273987,0.46596886217594147,0.0,0.0,2
time/online_retail_2_uci_d,30,7,30:7,mase,repeat,0.5417855232954025,0.573681965470314,0.0,0.0,2
time/online_retail_2_uci_d,30,7,30:7,mse,repeat,168197116.0,144985508.0,100.0,0.0,2
time/online_retail_2_uci_d,30,7,30:7,mae,repeat,8150.162353515625,8643.0791015625,0.0,0.0,2
time/online_retail_2_uci_d,30,7,30:7,nmse,repeat,0.5274045020341873,0.4512142688035965,100.0,0.0,2
time/online_retail_2_uci_d,30,7,30:7,nmae,repeat,0.43704691529273987,0.4659688174724579,0.0,0.0,2
time/online_retail_2_uci_d,30,7,30:7,mase,repeat,0.5417855232954025,0.5736818462610245,0.0,0.0,2
time/online_retail_2_uci_d,30,7,30:7,mse,repeat,168197116.0,144985508.0,100.0,0.0,2
time/online_retail_2_uci_d,30,7,30:7,mae,repeat,8150.162353515625,8643.0791015625,0.0,0.0,2
time/online_retail_2_uci_d,30,7,30:7,nmse,repeat,0.5274045020341873,0.4512142688035965,100.0,0.0,2
time/online_retail_2_uci_d,30,7,30:7,nmae,repeat,0.43704691529273987,0.4659688174724579,0.0,0.0,2
time/online_retail_2_uci_d,30,7,30:7,mase,repeat,0.5417855232954025,0.5736818462610245,0.0,0.0,2
time/port_activity_d,7,1,7:1,mse,repeat,1499640005.6904426,1127750311.3758469,63.13131313131313,0.10101010101010101,990
time/port_activity_d,7,1,7:1,mae,repeat,21865.74672099412,18992.083369131764,63.13131313131313,0.10101010101010101,990
time/port_activity_d,7,1,7:1,nmse,repeat,1.7479378550340644e+18,1.7479378550340644e+18,63.13131313131313,0.10101010101010101,990
time/port_activity_d,7,1,7:1,nmae,repeat,42018970.50196187,42018970.345624685,63.13131313131313,0.10101010101010101,990
time/port_activity_d,7,1,7:1,mase,repeat,42018970.40457914,42018970.288537964,63.13131313131313,0.10101010101010101,990
time/port_activity_d,7,1,7:1,mse,repeat,1501156150.240338,1128890429.9456468,63.19514661274014,0.0,989
time/port_activity_d,7,1,7:1,mae,repeat,21887.435051558354,19010.86607446661,63.19514661274014,0.0,989
time/port_activity_d,7,1,7:1,nmse,repeat,6.343575044769915,5.814065551662659,63.19514661274014,0.0,989
time/port_activity_d,7,1,7:1,nmae,repeat,1.420568512712697,1.2640732344964103,63.19514661274014,0.0,989
time/port_activity_d,7,1,7:1,mase,repeat,1.3230873038571656,1.206928813052425,63.19514661274014,0.0,989
time/port_activity_d,7,1,7:1,mse,repeat,1499640006.3628209,1127750310.1544533,63.13131313131313,0.10101010101010101,990
time/port_activity_d,7,1,7:1,mae,repeat,21865.746719368057,18992.08326760109,63.13131313131313,0.10101010101010101,990
time/port_activity_d,7,1,7:1,nmse,repeat,1.7479378550340644e+18,1.7479378550340644e+18,63.13131313131313,0.10101010101010101,990
time/port_activity_d,7,1,7:1,nmae,repeat,42018970.50196187,42018970.34562467,63.13131313131313,0.10101010101010101,990
time/port_activity_d,7,1,7:1,mase,repeat,42018970.40457914,42018970.28853796,63.13131313131313,0.10101010101010101,990
time/port_activity_d,7,1,7:1,mse,repeat,1501156150.9133961,1128890428.7230182,63.19514661274014,0.0,989
time/port_activity_d,7,1,7:1,mae,repeat,21887.435049930646,19010.865972833275,63.19514661274014,0.0,989
time/port_activity_d,7,1,7:1,nmse,repeat,6.343575058338392,5.814065540889713,63.19514661274014,0.0,989
time/port_activity_d,7,1,7:1,nmae,repeat,1.4205685156490986,1.2640732306345763,63.19514661274014,0.0,989
time/port_activity_d,7,1,7:1,mase,repeat,1.3230873059039752,1.206928807253553,63.19514661274014,0.0,989
time/port_activity_d,14,2,14:2,mse,repeat,1921525368.2860243,1185226735.2886946,72.72727272727273,0.0,990
time/port_activity_d,14,2,14:2,mae,repeat,22099.32096286061,17321.03386778398,68.18181818181817,0.0,990
time/port_activity_d,14,2,14:2,nmse,repeat,2.614105725812523,1.885262114688541,72.72727272727273,0.0,990
time/port_activity_d,14,2,14:2,nmae,repeat,1.1463699608396813,0.9108167296440124,68.18181818181817,0.0,990
time/port_activity_d,14,2,14:2,mase,repeat,1.0626601009296295,0.8484376308538791,68.18181818181817,0.0,990
time/port_activity_d,14,2,14:2,mse,repeat,1921525368.2860243,1185226735.2886946,72.72727272727273,0.0,990
time/port_activity_d,14,2,14:2,mae,repeat,22099.32096286061,17321.03386778398,68.18181818181817,0.0,990
time/port_activity_d,14,2,14:2,nmse,repeat,2.614105725812523,1.885262114688541,72.72727272727273,0.0,990
time/port_activity_d,14,2,14:2,nmae,repeat,1.1463699608396813,0.9108167296440124,68.18181818181817,0.0,990
time/port_activity_d,14,2,14:2,mase,repeat,1.0626601009296295,0.8484376308538791,68.18181818181817,0.0,990
time/port_activity_d,14,2,14:2,mse,repeat,1921525369.0157237,1185226682.2768214,72.72727272727273,0.0,990
time/port_activity_d,14,2,14:2,mae,repeat,22099.320913642343,17321.03378317862,68.18181818181817,0.0,990
time/port_activity_d,14,2,14:2,nmse,repeat,2.614105725512236,1.8852621048932583,72.72727272727273,0.0,990
time/port_activity_d,14,2,14:2,nmae,repeat,1.1463699609673854,0.910816726809123,68.18181818181817,0.0,990
time/port_activity_d,14,2,14:2,mase,repeat,1.0626601018942305,0.8484376285074636,68.18181818181817,0.0,990
time/port_activity_d,14,2,14:2,mse,repeat,1921525369.0157237,1185226682.2768214,72.72727272727273,0.0,990
time/port_activity_d,14,2,14:2,mae,repeat,22099.320913642343,17321.03378317862,68.18181818181817,0.0,990
time/port_activity_d,14,2,14:2,nmse,repeat,2.614105725512236,1.8852621048932583,72.72727272727273,0.0,990
time/port_activity_d,14,2,14:2,nmae,repeat,1.1463699609673854,0.910816726809123,68.18181818181817,0.0,990
time/port_activity_d,14,2,14:2,mase,repeat,1.0626601018942305,0.8484376285074636,68.18181818181817,0.0,990
time/port_activity_d,30,7,30:7,mse,repeat,1743321302.0877929,1061740410.0602129,79.6969696969697,0.0,990
time/port_activity_d,30,7,30:7,mae,repeat,21380.544576207554,16058.40501045675,78.88888888888889,0.0,990
time/port_activity_d,30,7,30:7,nmse,repeat,2.071764254839056,1.2991547065551687,79.6969696969697,0.0,990
time/port_activity_d,30,7,30:7,nmae,repeat,1.0285104914972878,0.7716758041379201,78.88888888888889,0.0,990
time/port_activity_d,30,7,30:7,mase,repeat,0.9655346617855207,0.720645871737765,78.88888888888889,0.0,990
time/port_activity_d,30,7,30:7,mse,repeat,1743321302.0877929,1061740410.0602129,79.6969696969697,0.0,990
time/port_activity_d,30,7,30:7,mae,repeat,21380.544576207554,16058.40501045675,78.88888888888889,0.0,990
time/port_activity_d,30,7,30:7,nmse,repeat,2.071764254839056,1.2991547065551687,79.6969696969697,0.0,990
time/port_activity_d,30,7,30:7,nmae,repeat,1.0285104914972878,0.7716758041379201,78.88888888888889,0.0,990
time/port_activity_d,30,7,30:7,mase,repeat,0.9655346617855207,0.720645871737765,78.88888888888889,0.0,990
time/port_activity_d,30,7,30:7,mse,repeat,1743321299.3579001,1061740400.493606,79.6969696969697,0.0,990
time/port_activity_d,30,7,30:7,mae,repeat,21380.544563012172,16058.404962357126,78.88888888888889,0.0,990
time/port_activity_d,30,7,30:7,nmse,repeat,2.071764253488168,1.299154704551811,79.6969696969697,0.0,990
time/port_activity_d,30,7,30:7,nmae,repeat,1.0285104927842064,0.7716758016967261,78.88888888888889,0.0,990
time/port_activity_d,30,7,30:7,mase,repeat,0.9655346616049005,0.7206458722476405,78.88888888888889,0.0,990
time/port_activity_d,30,7,30:7,mse,repeat,1743321299.3579001,1061740400.493606,79.6969696969697,0.0,990
time/port_activity_d,30,7,30:7,mae,repeat,21380.544563012172,16058.404962357126,78.88888888888889,0.0,990
time/port_activity_d,30,7,30:7,nmse,repeat,2.071764253488168,1.299154704551811,79.6969696969697,0.0,990
time/port_activity_d,30,7,30:7,nmae,repeat,1.0285104927842064,0.7716758016967261,78.88888888888889,0.0,990
time/port_activity_d,30,7,30:7,mase,repeat,0.9655346616049005,0.7206458722476405,78.88888888888889,0.0,990
time/supply_chain_customer_d,7,1,7:1,mse,repeat,22184646.671028987,22268388.4059303,42.36111111111111,0.0,144
time/supply_chain_customer_d,7,1,7:1,mae,repeat,1380.714511235555,1431.0090399318271,42.36111111111111,0.0,144
time/supply_chain_customer_d,7,1,7:1,nmse,repeat,0.6127470348849329,0.5257616125694429,42.36111111111111,0.0,144
time/supply_chain_customer_d,7,1,7:1,nmae,repeat,0.5264357996347826,0.5351645648414787,42.36111111111111,0.0,144
time/supply_chain_customer_d,7,1,7:1,mase,repeat,0.4900819410637875,0.4958249517625922,42.36111111111111,0.0,144
time/supply_chain_customer_d,7,1,7:1,mse,repeat,22184646.671028987,22268388.4059303,42.36111111111111,0.0,144
time/supply_chain_customer_d,7,1,7:1,mae,repeat,1380.714511235555,1431.0090399318271,42.36111111111111,0.0,144
time/supply_chain_customer_d,7,1,7:1,nmse,repeat,0.6127470348849329,0.5257616125694429,42.36111111111111,0.0,144
time/supply_chain_customer_d,7,1,7:1,nmae,repeat,0.5264357996347826,0.5351645648414787,42.36111111111111,0.0,144
time/supply_chain_customer_d,7,1,7:1,mase,repeat,0.4900819410637875,0.4958249517625922,42.36111111111111,0.0,144
time/supply_chain_customer_d,7,1,7:1,mse,repeat,22184646.84090106,22268388.226809513,42.36111111111111,0.0,144
time/supply_chain_customer_d,7,1,7:1,mae,repeat,1380.7145251168145,1431.0090412431293,42.36111111111111,0.0,144
time/supply_chain_customer_d,7,1,7:1,nmse,repeat,0.612747042253861,0.5257615840909122,42.36111111111111,0.0,144
time/supply_chain_customer_d,7,1,7:1,nmae,repeat,0.5264358028944116,0.5351645566018609,42.36111111111111,0.0,144
time/supply_chain_customer_d,7,1,7:1,mase,repeat,0.4900819438965603,0.4958249421680294,42.36111111111111,0.0,144
time/supply_chain_customer_d,7,1,7:1,mse,repeat,22184646.84090106,22268388.226809513,42.36111111111111,0.0,144
time/supply_chain_customer_d,7,1,7:1,mae,repeat,1380.7145251168145,1431.0090412431293,42.36111111111111,0.0,144
time/supply_chain_customer_d,7,1,7:1,nmse,repeat,0.612747042253861,0.5257615840909122,42.36111111111111,0.0,144
time/supply_chain_customer_d,7,1,7:1,nmae,repeat,0.5264358028944116,0.5351645566018609,42.36111111111111,0.0,144
time/supply_chain_customer_d,7,1,7:1,mase,repeat,0.4900819438965603,0.4958249421680294,42.36111111111111,0.0,144
time/supply_chain_customer_d,14,2,14:2,mse,repeat,124338541.72688802,57865683.57672909,84.02777777777779,0.0,144
time/supply_chain_customer_d,14,2,14:2,mae,repeat,3423.6988843282065,2098.7392245001265,81.25,0.0,144
time/supply_chain_customer_d,14,2,14:2,nmse,repeat,1.4950880438555032,0.4995775722458752,84.02777777777779,0.0,144
time/supply_chain_customer_d,14,2,14:2,nmae,repeat,0.9857179522514343,0.5755509817972779,81.25,0.0,144
time/supply_chain_customer_d,14,2,14:2,mase,repeat,0.9927420246725281,0.5852330011936525,81.25,0.0,144
time/supply_chain_customer_d,14,2,14:2,mse,repeat,124338541.72688802,57865683.57672909,84.02777777777779,0.0,144
time/supply_chain_customer_d,14,2,14:2,mae,repeat,3423.6988843282065,2098.7392245001265,81.25,0.0,144
time/supply_chain_customer_d,14,2,14:2,nmse,repeat,1.4950880438555032,0.4995775722458752,84.02777777777779,0.0,144
time/supply_chain_customer_d,14,2,14:2,nmae,repeat,0.9857179522514343,0.5755509817972779,81.25,0.0,144
time/supply_chain_customer_d,14,2,14:2,mase,repeat,0.9927420246725281,0.5852330011936525,81.25,0.0,144
time/supply_chain_customer_d,14,2,14:2,mse,repeat,124338542.11097547,57865680.80980039,84.02777777777779,0.0,144
time/supply_chain_customer_d,14,2,14:2,mae,repeat,3423.6988956663345,2098.739149212837,81.25,0.0,144
time/supply_chain_customer_d,14,2,14:2,nmse,repeat,1.4950880530135084,0.4995775748264148,84.02777777777779,0.0,144
time/supply_chain_customer_d,14,2,14:2,nmae,repeat,0.9857179542175598,0.5755509819524983,81.25,0.0,144
time/supply_chain_customer_d,14,2,14:2,mase,repeat,0.9927420259142915,0.5852330019180145,81.25,0.0,144
time/supply_chain_customer_d,14,2,14:2,mse,repeat,124338542.11097547,57865680.80980039,84.02777777777779,0.0,144
time/supply_chain_customer_d,14,2,14:2,mae,repeat,3423.6988956663345,2098.739149212837,81.25,0.0,144
time/supply_chain_customer_d,14,2,14:2,nmse,repeat,1.4950880530135084,0.4995775748264148,84.02777777777779,0.0,144
time/supply_chain_customer_d,14,2,14:2,nmae,repeat,0.9857179542175598,0.5755509819524983,81.25,0.0,144
time/supply_chain_customer_d,14,2,14:2,mase,repeat,0.9927420259142915,0.5852330019180145,81.25,0.0,144
time/supply_chain_customer_d,30,7,30:7,mse,repeat,21417205.921348996,21469359.868331272,61.111111111111114,0.0,144
time/supply_chain_customer_d,30,7,30:7,mae,repeat,1700.5126401517127,1569.5630700853135,63.19444444444444,0.0,144
time/supply_chain_customer_d,30,7,30:7,nmse,repeat,0.820884482935071,0.7143431087800612,61.111111111111114,0.0,144
time/supply_chain_customer_d,30,7,30:7,nmae,repeat,0.6131385460288988,0.5678775002145104,63.19444444444444,0.0,144
time/supply_chain_customer_d,30,7,30:7,mase,repeat,0.6439949973589845,0.5924770001115071,63.19444444444444,0.0,144
time/supply_chain_customer_d,30,7,30:7,mse,repeat,21417205.921348996,21469359.868331272,61.111111111111114,0.0,144
time/supply_chain_customer_d,30,7,30:7,mae,repeat,1700.5126401517127,1569.5630700853135,63.19444444444444,0.0,144
time/supply_chain_customer_d,30,7,30:7,nmse,repeat,0.820884482935071,0.7143431087800612,61.111111111111114,0.0,144
time/supply_chain_customer_d,30,7,30:7,nmae,repeat,0.6131385460288988,0.5678775002145104,63.19444444444444,0.0,144
time/supply_chain_customer_d,30,7,30:7,mase,repeat,0.6439949973589845,0.5924770001115071,63.19444444444444,0.0,144
time/supply_chain_customer_d,30,7,30:7,mse,repeat,21417206.066747878,21469359.554745037,61.111111111111114,0.0,144
time/supply_chain_customer_d,30,7,30:7,mae,repeat,1700.51265884108,1569.5630836354362,63.19444444444444,0.0,144
time/supply_chain_customer_d,30,7,30:7,nmse,repeat,0.8208844835559527,0.7143431187917789,61.111111111111114,0.0,144
time/supply_chain_customer_d,30,7,30:7,nmae,repeat,0.6131385468567411,0.5678774984553456,63.19444444444444,0.0,144
time/supply_chain_customer_d,30,7,30:7,mase,repeat,0.6439949983937873,0.592476993592249,63.19444444444444,0.0,144
time/supply_chain_customer_d,30,7,30:7,mse,repeat,21417206.066747878,21469359.554745037,61.111111111111114,0.0,144
time/supply_chain_customer_d,30,7,30:7,mae,repeat,1700.51265884108,1569.5630836354362,63.19444444444444,0.0,144
time/supply_chain_customer_d,30,7,30:7,nmse,repeat,0.8208844835559527,0.7143431187917789,61.111111111111114,0.0,144
time/supply_chain_customer_d,30,7,30:7,nmae,repeat,0.6131385468567411,0.5678774984553456,63.19444444444444,0.0,144
time/supply_chain_customer_d,30,7,30:7,mase,repeat,0.6439949983937873,0.592476993592249,63.19444444444444,0.0,144
time/supply_chain_location_d,7,1,7:1,mse,repeat,10680204.488078997,10126018.381427193,48.529411764705884,0.0,204
time/supply_chain_location_d,7,1,7:1,mae,repeat,1358.597215839461,1312.3367343790392,48.529411764705884,0.0,204
time/supply_chain_location_d,7,1,7:1,nmse,repeat,0.6920306683270753,0.6233869134391937,48.529411764705884,0.0,204
time/supply_chain_location_d,7,1,7:1,nmae,repeat,0.5909718363796926,0.5597473784947914,48.529411764705884,0.0,204
time/supply_chain_location_d,7,1,7:1,mase,repeat,0.5739920249519249,0.5490338286321026,48.529411764705884,0.0,204
time/supply_chain_location_d,7,1,7:1,mse,repeat,10680204.488078997,10126018.381427193,48.529411764705884,0.0,204
time/supply_chain_location_d,7,1,7:1,mae,repeat,1358.597215839461,1312.3367343790392,48.529411764705884,0.0,204
time/supply_chain_location_d,7,1,7:1,nmse,repeat,0.6920306683270753,0.6233869134391937,48.529411764705884,0.0,204
time/supply_chain_location_d,7,1,7:1,nmae,repeat,0.5909718363796926,0.5597473784947914,48.529411764705884,0.0,204
time/supply_chain_location_d,7,1,7:1,mase,repeat,0.5739920249519249,0.5490338286321026,48.529411764705884,0.0,204
time/supply_chain_location_d,7,1,7:1,mse,repeat,10680204.45711248,10126018.580520192,48.529411764705884,0.0,204
time/supply_chain_location_d,7,1,7:1,mae,repeat,1358.597204573014,1312.3367533777275,48.529411764705884,0.0,204
time/supply_chain_location_d,7,1,7:1,nmse,repeat,0.6920306689933247,0.6233869166575411,48.529411764705884,0.0,204
time/supply_chain_location_d,7,1,7:1,nmae,repeat,0.5909718366627417,0.5597473856531924,48.529411764705884,0.0,204
time/supply_chain_location_d,7,1,7:1,mase,repeat,0.5739920253491065,0.5490338354161484,48.529411764705884,0.0,204
time/supply_chain_location_d,7,1,7:1,mse,repeat,10680204.45711248,10126018.580520192,48.529411764705884,0.0,204
time/supply_chain_location_d,7,1,7:1,mae,repeat,1358.597204573014,1312.3367533777275,48.529411764705884,0.0,204
time/supply_chain_location_d,7,1,7:1,nmse,repeat,0.6920306689933247,0.6233869166575411,48.529411764705884,0.0,204
time/supply_chain_location_d,7,1,7:1,nmae,repeat,0.5909718366627417,0.5597473856531924,48.529411764705884,0.0,204
time/supply_chain_location_d,7,1,7:1,mase,repeat,0.5739920253491065,0.5490338354161484,48.529411764705884,0.0,204
time/supply_chain_location_d,14,2,14:2,mse,repeat,40605478.31648284,17862673.216836818,81.37254901960785,0.0,204
time/supply_chain_location_d,14,2,14:2,mae,repeat,2609.0102889117074,1725.6996993013456,79.90196078431373,0.0,204
time/supply_chain_location_d,14,2,14:2,nmse,repeat,1.6946983854605944,0.7577894625582677,81.37254901960785,0.0,204
time/supply_chain_location_d,14,2,14:2,nmae,repeat,1.0080616738939403,0.668164773643309,79.90196078431373,0.0,204
time/supply_chain_location_d,14,2,14:2,mase,repeat,0.9838736261442012,0.6560010525270128,79.90196078431373,0.0,204
time/supply_chain_location_d,14,2,14:2,mse,repeat,40605478.31648284,17862673.216836818,81.37254901960785,0.0,204
time/supply_chain_location_d,14,2,14:2,mae,repeat,2609.0102889117074,1725.6996993013456,79.90196078431373,0.0,204
time/supply_chain_location_d,14,2,14:2,nmse,repeat,1.6946983854605944,0.7577894625582677,81.37254901960785,0.0,204
time/supply_chain_location_d,14,2,14:2,nmae,repeat,1.0080616738939403,0.668164773643309,79.90196078431373,0.0,204
time/supply_chain_location_d,14,2,14:2,mase,repeat,0.9838736261442012,0.6560010525270128,79.90196078431373,0.0,204
time/supply_chain_location_d,14,2,14:2,mse,repeat,40605478.67177148,17862672.389902715,81.37254901960785,0.0,204
time/supply_chain_location_d,14,2,14:2,mae,repeat,2609.0102934930837,1725.6996403628705,79.90196078431373,0.0,204
time/supply_chain_location_d,14,2,14:2,nmse,repeat,1.694698379799614,0.7577894583273698,81.37254901960785,0.0,204
time/supply_chain_location_d,14,2,14:2,nmae,repeat,1.0080616733826258,0.6681647732050395,79.90196078431373,0.0,204
time/supply_chain_location_d,14,2,14:2,mase,repeat,0.9838736244641683,0.6560010540061721,79.90196078431373,0.0,204
time/supply_chain_location_d,14,2,14:2,mse,repeat,40605478.67177148,17862672.389902715,81.37254901960785,0.0,204
time/supply_chain_location_d,14,2,14:2,mae,repeat,2609.0102934930837,1725.6996403628705,79.90196078431373,0.0,204
time/supply_chain_location_d,14,2,14:2,nmse,repeat,1.694698379799614,0.7577894583273698,81.37254901960785,0.0,204
time/supply_chain_location_d,14,2,14:2,nmae,repeat,1.0080616733826258,0.6681647732050395,79.90196078431373,0.0,204
time/supply_chain_location_d,14,2,14:2,mase,repeat,0.9838736244641683,0.6560010540061721,79.90196078431373,0.0,204
time/supply_chain_location_d,30,7,30:7,mse,repeat,21742007.282301586,16885377.166204788,55.88235294117647,0.0,204
time/supply_chain_location_d,30,7,30:7,mae,repeat,1842.59464747298,1660.0460316901112,55.392156862745104,0.0,204
time/supply_chain_location_d,30,7,30:7,nmse,repeat,0.8504210682768448,0.7061406702679747,55.88235294117647,0.0,204
time/supply_chain_location_d,30,7,30:7,nmae,repeat,0.6581864442457172,0.6098930412063411,55.392156862745104,0.0,204
time/supply_chain_location_d,30,7,30:7,mase,repeat,0.6733157788859863,0.6235399152718338,55.392156862745104,0.0,204
time/supply_chain_location_d,30,7,30:7,mse,repeat,21742007.282301586,16885377.166204788,55.88235294117647,0.0,204
time/supply_chain_location_d,30,7,30:7,mae,repeat,1842.59464747298,1660.0460316901112,55.392156862745104,0.0,204
time/supply_chain_location_d,30,7,30:7,nmse,repeat,0.8504210682768448,0.7061406702679747,55.88235294117647,0.0,204
time/supply_chain_location_d,30,7,30:7,nmae,repeat,0.6581864442457172,0.6098930412063411,55.392156862745104,0.0,204
time/supply_chain_location_d,30,7,30:7,mase,repeat,0.6733157788859863,0.6235399152718338,55.392156862745104,0.0,204
time/supply_chain_location_d,30,7,30:7,mse,repeat,21742007.05681139,16885377.560230367,55.88235294117647,0.0,204
time/supply_chain_location_d,30,7,30:7,mae,repeat,1842.59464747298,1660.0460637176739,55.392156862745104,0.0,204
time/supply_chain_location_d,30,7,30:7,nmse,repeat,0.850421068934249,0.7061406792890207,55.88235294117647,0.0,204
time/supply_chain_location_d,30,7,30:7,nmae,repeat,0.6581864460718398,0.6098930433976884,55.392156862745104,0.0,204
time/supply_chain_location_d,30,7,30:7,mase,repeat,0.673315778301627,0.6235399184858098,55.392156862745104,0.0,204
time/supply_chain_location_d,30,7,30:7,mse,repeat,21742007.05681139,16885377.560230367,55.88235294117647,0.0,204
time/supply_chain_location_d,30,7,30:7,mae,repeat,1842.59464747298,1660.0460637176739,55.392156862745104,0.0,204
time/supply_chain_location_d,30,7,30:7,nmse,repeat,0.850421068934249,0.7061406792890207,55.88235294117647,0.0,204
time/supply_chain_location_d,30,7,30:7,nmae,repeat,0.6581864460718398,0.6098930433976884,55.392156862745104,0.0,204
time/supply_chain_location_d,30,7,30:7,mase,repeat,0.673315778301627,0.6235399184858098,55.392156862745104,0.0,204
traffic,168,24,168:24,mse,repeat,0.001382333942225047,0.0005321317159862594,85.67626586597517,0.0,29308
traffic,168,24,168:24,mae,repeat,0.015808832517648776,0.008506832858233929,85.27705745871434,0.0,29308
traffic,168,24,168:24,nmse,repeat,0.5347233113962102,0.22839911597535278,85.67626586597517,0.0,29308
traffic,168,24,168:24,nmae,repeat,0.3517403333669106,0.18790490333130125,85.27705745871434,0.0,29308
traffic,168,24,168:24,mase,repeat,1.1453936602345764,0.6150840545662044,85.27705745871434,0.0,29308
traffic,168,24,168:24,mse,repeat,0.0013824282801723768,0.0005321680312493641,85.68211287790895,0.0,29306
traffic,168,24,168:24,mae,repeat,0.015809911397913406,0.008507413409659088,85.28287722650651,0.0,29306
traffic,168,24,168:24,nmse,repeat,0.5347598038080983,0.22841363242113816,85.68211287790895,0.0,29306
traffic,168,24,168:24,nmae,repeat,0.35176433803034923,0.1879112368042711,85.28287722650651,0.0,29306
traffic,168,24,168:24,mase,repeat,1.1454718281835723,0.615119541077697,85.28287722650651,0.0,29306
traffic,168,24,168:24,mse,repeat,0.0013823339433987954,0.0005321317130825725,85.67626586597517,0.0,29308
traffic,168,24,168:24,mae,repeat,0.01580883253052842,0.008506832858136913,85.27705745871434,0.0,29308
traffic,168,24,168:24,nmse,repeat,0.534723311480059,0.22839804381389725,85.67626586597517,0.0,29308
traffic,168,24,168:24,nmae,repeat,0.3517403335672968,0.18789841363872242,85.27705745871434,0.0,29308
traffic,168,24,168:24,mase,repeat,1.145393660767923,0.6150775643510019,85.27705745871434,0.0,29308
traffic,168,24,168:24,mse,repeat,0.0013824282813462052,0.0005321680282525387,85.68211287790895,0.0,29306
traffic,168,24,168:24,mae,repeat,0.015809911410793933,0.00850741341025858,85.28287722650651,0.0,29306
traffic,168,24,168:24,nmse,repeat,0.5347598038919529,0.22841363097303785,85.68211287790895,0.0,29306
traffic,168,24,168:24,nmae,repeat,0.35176433823074915,0.18791123687518846,85.28287722650651,0.0,29306
traffic,168,24,168:24,mase,repeat,1.1454718286854302,0.615119540654175,85.28287722650651,0.0,29306
traffic,336,48,336:48,mse,repeat,0.002244888769358367,0.0006770942173772457,94.89900368500068,0.0,29308
traffic,336,48,336:48,mae,repeat,0.02206632686757517,0.009441904752072926,96.54360584140849,0.0,29308
traffic,336,48,336:48,nmse,repeat,0.8584289725984423,0.2917233825383739,94.89900368500068,0.0,29308
traffic,336,48,336:48,nmae,repeat,0.4870919259754432,0.2059853336902049,96.54360584140849,0.0,29308
traffic,336,48,336:48,mase,repeat,1.6016474686226432,0.6749645201073685,96.54360584140849,0.0,29308
traffic,336,48,336:48,mse,repeat,0.00224504197271395,0.0006771404259505518,94.90548010646283,0.0,29306
traffic,336,48,336:48,mae,repeat,0.02206783279311039,0.009442549118662522,96.55019449941992,0.0,29306
traffic,336,48,336:48,nmse,repeat,0.858487556436059,0.2917418920545005,94.90548010646283,0.0,29306
traffic,336,48,336:48,nmae,repeat,0.48712516776388076,0.20599178382785388,96.55019449941992,0.0,29306
traffic,336,48,336:48,mase,repeat,1.6017567738204217,0.675002975711603,96.55019449941992,0.0,29306
traffic,336,48,336:48,mse,repeat,0.0022448887714046914,0.0006770942149331163,94.89900368500068,0.0,29308
traffic,336,48,336:48,mae,repeat,0.022066326878844116,0.009441904749107626,96.54360584140849,0.0,29308
traffic,336,48,336:48,nmse,repeat,0.858428973427528,0.29172198203114946,94.89900368500068,0.0,29308
traffic,336,48,336:48,nmae,repeat,0.4870919261168512,0.20597772634287645,96.54360584140849,0.0,29308
traffic,336,48,336:48,mase,repeat,1.6016474693044522,0.6749569119872851,96.54360584140849,0.0,29308
traffic,336,48,336:48,mse,repeat,0.002245041974760414,0.0006771404235102279,94.90548010646283,0.0,29306
traffic,336,48,336:48,mae,repeat,0.022067832804380107,0.009442549115741316,96.55019449941992,0.0,29306
traffic,336,48,336:48,nmse,repeat,0.8584875572652014,0.29174189071883505,94.90548010646283,0.0,29306
traffic,336,48,336:48,nmae,repeat,0.4871251679052984,0.20599178337576232,96.55019449941992,0.0,29306
traffic,336,48,336:48,mase,repeat,1.6017567744199053,0.6750029745418724,96.55019449941992,0.0,29306
traffic,504,168,504:168,mse,repeat,0.0009202766784187988,0.0005599013860638529,85.5339942346903,0.0,28446
traffic,504,168,504:168,mae,repeat,0.011191530652033273,0.008571478238660172,85.26330591295789,0.0,28446
traffic,504,168,504:168,nmse,repeat,0.38703351096474536,0.24364497561887682,85.5339942346903,0.0,28446
traffic,504,168,504:168,nmae,repeat,0.2472007461579751,0.18816492367164034,85.26330591295789,0.0,28446
traffic,504,168,504:168,mase,repeat,0.8137037784207858,0.6183353024123339,85.26330591295789,0.0,28446
traffic,504,168,504:168,mse,repeat,0.000920309031263883,0.0005599210697118709,85.53700123044472,0.0,28445
traffic,504,168,504:168,mae,repeat,0.011191924096598294,0.008571779573700325,85.26630339251187,0.0,28445
traffic,504,168,504:168,nmse,repeat,0.3870471173458656,0.24365268202897303,85.53700123044472,0.0,28445
traffic,504,168,504:168,nmae,repeat,0.24720943663947126,0.18816746465582188,85.26630339251187,0.0,28445
traffic,504,168,504:168,mase,repeat,0.8137323846994415,0.6183529663343152,85.26630339251187,0.0,28445
traffic,504,168,504:168,mse,repeat,0.0009202766786661984,0.0005599013823725042,85.5339942346903,0.0,28446
traffic,504,168,504:168,mae,repeat,0.011191530670934717,0.008571478220134623,85.26330591295789,0.0,28446
traffic,504,168,504:168,nmse,repeat,0.3870335109917964,0.24364411604018477,85.5339942346903,0.0,28446
traffic,504,168,504:168,nmae,repeat,0.24720074687494792,0.18816084941534428,85.26330591295789,0.0,28446
traffic,504,168,504:168,mase,repeat,0.8137037811173107,0.6183312276302331,85.26330591295789,0.0,28446
traffic,504,168,504:168,mse,repeat,0.0009203090315112912,0.000559921066020904,85.53700123044472,0.0,28445
traffic,504,168,504:168,mae,repeat,0.011191924115500403,0.008571779555239422,85.26630339251187,0.0,28445
traffic,504,168,504:168,nmse,repeat,0.3870471173729176,0.24365268148634542,85.53700123044472,0.0,28445
traffic,504,168,504:168,nmae,repeat,0.24720943735646927,0.1881674643146589,85.26630339251187,0.0,28445
traffic,504,168,504:168,mase,repeat,0.8137323873588672,0.6183529654296112,85.26630339251187,0.0,28445
