user_id,user_name,query_index,query_datetime,mse,mae,nmse,nmae,mase
0,port1016_raw__import,29,2019-01-30T00:00:00.000000,5251608.0,2009.262939453125,0.3154219090938568,0.4924209713935852,0.5000154376029968
1,port1016_raw__export,29,2019-01-30T00:00:00.000000,7073838.0,2333.85693359375,0.49764907360076904,0.6190251111984253,0.5833809971809387
2,port1035_raw__import,29,2019-01-30T00:00:00.000000,64883904.0,7479.662109375,1.030698299407959,0.9427124857902527,0.8411278128623962
3,port1035_raw__export,29,2019-01-30T00:00:00.000000,24231938.0,4096.66552734375,0.458597332239151,0.5635756254196167,0.5200415849685669
4,port1057_raw__import,29,2019-01-30T00:00:00.000000,325171104.0,15922.9794921875,2.511972188949585,1.3995091915130615,1.1772434711456299
5,port1057_raw__export,29,2019-01-30T00:00:00.000000,10701278.0,2667.716552734375,0.25253769755363464,0.4098122715950012,0.3763250708580017
6,port1065_raw__import,29,2019-01-30T00:00:00.000000,1174684544.0,27878.908203125,0.6555216908454895,0.6585801839828491,0.595387876033783
7,port1065_raw__export,29,2019-01-30T00:00:00.000000,642133888.0,20351.08984375,0.6957439184188843,0.6698839664459229,0.5668066143989563
8,port1070_raw__import,29,2019-01-30T00:00:00.000000,28752054272.0,125066.828125,3.558147668838501,1.3912965059280396,1.1241044998168945
9,port1070_raw__export,29,2019-01-30T00:00:00.000000,513724992.0,22019.728515625,0.7974587082862854,0.8675624132156372,0.7660424113273621
10,port1071_raw__import,29,2019-01-30T00:00:00.000000,1436863872.0,33346.3359375,1.0619540214538574,0.9065529108047485,0.8059586882591248
11,port1071_raw__export,29,2019-01-30T00:00:00.000000,67744632.0,6920.5849609375,0.4301011562347412,0.551430344581604,0.5774397850036621
12,port1073_raw__import,29,2019-01-30T00:00:00.000000,586469888.0,19334.357421875,0.6351460218429565,0.6362732648849487,0.5814420580863953
13,port1073_raw__export,29,2019-01-30T00:00:00.000000,89180056.0,9276.8974609375,0.6511121988296509,0.7926779985427856,0.7311353087425232
14,port1086_raw__import,29,2019-01-30T00:00:00.000000,69082352.0,6059.75048828125,1.9996286630630493,1.030969500541687,0.7670847773551941
15,port1086_raw__export,29,2019-01-30T00:00:00.000000,1358165.0,1112.9517822265625,0.15975695848464966,0.3817068040370941,0.9188070893287659
16,port1112_raw__import,29,2019-01-30T00:00:00.000000,23040.158203125,133.43460083007812,0.1369883418083191,0.32536250352859497,0.40904030203819275
17,port1112_raw__export,29,2019-01-30T00:00:00.000000,18818484.0,3177.106689453125,0.4039153754711151,0.46546247601509094,0.3997887372970581
18,port1128_raw__import,29,2019-01-30T00:00:00.000000,1715813632.0,39257.1953125,2.532352924346924,1.508156180381775,1.384868860244751
19,port1128_raw__export,29,2019-01-30T00:00:00.000000,8597732.0,2198.16455078125,0.15353599190711975,0.2937468886375427,0.29623788595199585
20,port1135_raw__import,29,2019-01-30T00:00:00.000000,209232.203125,301.35418701171875,1.2704296112060547,0.7425715923309326,1.5178425312042236
21,port1135_raw__export,29,2019-01-30T00:00:00.000000,3666.924560546875,60.55513381958008,0.08745460957288742,0.2957272529602051,0.5001505613327026
22,port1160_raw__import,29,2019-01-30T00:00:00.000000,330861120.0,16910.052734375,0.31067511439323425,0.5181736946105957,0.5401501059532166
23,port1160_raw__export,29,2019-01-30T00:00:00.000000,956244352.0,22770.447265625,0.4273141324520111,0.48134976625442505,0.5034929513931274
24,port1189_raw__import,29,2019-01-30T00:00:00.000000,170681584.0,10506.2138671875,0.4508563280105591,0.5399729013442993,0.6019525527954102
25,port1189_raw__export,29,2019-01-30T00:00:00.000000,461646080.0,19590.451171875,0.9198334813117981,0.8744691610336304,0.6204385757446289
26,port1197_raw__import,29,2019-01-30T00:00:00.000000,394237632.0,15181.576171875,1.4017657041549683,0.905264675617218,1.022190809249878
27,port1197_raw__export,29,2019-01-30T00:00:00.000000,301488256.0,14942.96484375,0.7125645875930786,0.7264633774757385,0.7285965085029602
28,port1201_raw__import,29,2019-01-30T00:00:00.000000,31903590400.0,146454.78125,1.4194644689559937,0.9768907427787781,0.8852904438972473
29,port1201_raw__export,29,2019-01-30T00:00:00.000000,20009265152.0,133103.234375,0.657927930355072,0.7632419466972351,0.928421676158905
30,port1248_raw__import,29,2019-01-30T00:00:00.000000,29870290.0,4460.5439453125,0.3811913728713989,0.5038945078849792,0.7301253080368042
31,port1248_raw__export,29,2019-01-30T00:00:00.000000,404365760.0,17903.60546875,1.2711961269378662,1.003828763961792,0.9001913666725159
32,port1266_raw__import,29,2019-01-30T00:00:00.000000,42011918336.0,184259.328125,2.07548451423645,1.2950990200042725,1.1717365980148315
33,port1266_raw__export,29,2019-01-30T00:00:00.000000,1786391168.0,35594.40625,0.8836970329284668,0.791671633720398,0.7201151251792908
34,port1269_raw__import,29,2019-01-30T00:00:00.000000,1065424384.0,28793.26171875,0.41551727056503296,0.5686225891113281,0.4159482717514038
35,port1269_raw__export,29,2019-01-30T00:00:00.000000,241416864.0,15067.66796875,0.45082640647888184,0.6511287689208984,0.6225945353507996
36,port1284_raw__import,29,2019-01-30T00:00:00.000000,159759456.0,10134.603515625,0.6205961108207703,0.6316521167755127,0.5038684606552124
37,port1284_raw__export,29,2019-01-30T00:00:00.000000,358878560.0,17142.083984375,1.101677656173706,0.9497671723365784,0.9021480679512024
38,port1304_raw__import,29,2019-01-30T00:00:00.000000,335271072.0,15251.7373046875,0.9668298363685608,0.8190233707427979,0.7824839353561401
39,port1304_raw__export,29,2019-01-30T00:00:00.000000,19197418.0,4070.88134765625,0.2900700569152832,0.5004014372825623,0.5116485357284546
40,port1309_raw__import,29,2019-01-30T00:00:00.000000,971262.0625,960.5612182617188,0.07796768844127655,0.2721536457538605,0.6558407545089722
41,port1309_raw__export,29,2019-01-30T00:00:00.000000,6140921.5,2387.31298828125,0.1474512368440628,0.3699275851249695,0.481814444065094
42,port1318_raw__import,29,2019-01-30T00:00:00.000000,3521585920.0,45718.86328125,1.2841956615447998,0.873055636882782,0.789074182510376
43,port1318_raw__export,29,2019-01-30T00:00:00.000000,199696528.0,8511.6044921875,2.157170534133911,0.8846437335014343,0.9116034507751465
44,port132_raw__import,29,2019-01-30T00:00:00.000000,69025656.0,8030.41796875,0.27630147337913513,0.5080711245536804,0.4063354432582855
45,port132_raw__export,29,2019-01-30T00:00:00.000000,96049608.0,7133.03173828125,1.8121376037597656,0.9797650575637817,1.444827675819397
46,port1330_raw__import,29,2019-01-30T00:00:00.000000,86147.4140625,255.94923400878906,0.5800685286521912,0.6641594171524048,0.5767333507537842
47,port1330_raw__export,29,2019-01-30T00:00:00.000000,2538359.5,1289.55029296875,2.114349842071533,1.1769285202026367,1.2636067867279053
48,port1358_raw__import,29,2019-01-30T00:00:00.000000,612309952.0,19383.896484375,1.1237032413482666,0.8303883075714111,0.8340521454811096
49,port1358_raw__export,29,2019-01-30T00:00:00.000000,123440304.0,7657.69677734375,3.6511001586914062,1.3169870376586914,1.2221993207931519
50,port139_raw__import,29,2019-01-30T00:00:00.000000,22509960.0,3156.963134765625,1.6747081279754639,0.8610962629318237,0.986781120300293
51,port139_raw__export,29,2019-01-30T00:00:00.000000,9127642.0,2389.5634765625,0.5996417999267578,0.6124705076217651,0.7471552491188049
52,port1410_raw__import,29,2019-01-30T00:00:00.000000,1924624128.0,41745.76171875,0.7637898325920105,0.8316227197647095,0.791853666305542
53,port1410_raw__export,29,2019-01-30T00:00:00.000000,171064144.0,10266.837890625,1.9791208505630493,1.1043161153793335,1.2389788627624512
54,port1414_raw__import,29,2019-01-30T00:00:00.000000,152898432.0,11190.83984375,0.40120989084243774,0.573253870010376,0.6026438474655151
55,port1414_raw__export,29,2019-01-30T00:00:00.000000,760512576.0,17556.5859375,0.5427941679954529,0.4690341353416443,0.3811444044113159
56,port1425_raw__import,29,2019-01-30T00:00:00.000000,1037846528.0,28295.22265625,1.7920231819152832,1.175759196281433,0.8869742155075073
57,port1425_raw__export,29,2019-01-30T00:00:00.000000,50706028.0,6355.45751953125,0.4842708110809326,0.6210994720458984,0.5883705019950867
58,port1426_raw__import,29,2019-01-30T00:00:00.000000,13718658048.0,107929.1796875,0.8007788062095642,0.8245924115180969,0.7921423316001892
59,port1426_raw__export,29,2019-01-30T00:00:00.000000,147169008.0,10375.314453125,0.8758178949356079,0.8003868460655212,0.7844914197921753
60,port168_raw__import,29,2019-01-30T00:00:00.000000,168417392.0,11432.4443359375,1.0655262470245361,0.909342885017395,0.7187768816947937
61,port168_raw__export,29,2019-01-30T00:00:00.000000,252734016.0,12332.337890625,0.596665620803833,0.5992100238800049,0.4469328820705414
62,port193_raw__import,29,2019-01-30T00:00:00.000000,408514016.0,16232.859375,1.6087788343429565,1.0186846256256104,0.7749277353286743
63,port193_raw__export,29,2019-01-30T00:00:00.000000,119860400.0,9289.82421875,0.3063265085220337,0.46963658928871155,0.5729598999023438
64,port2017_raw__import,29,2019-01-30T00:00:00.000000,3581764.25,1614.9490966796875,0.5755516886711121,0.6473699808120728,0.6497709155082703
65,port2017_raw__export,29,2019-01-30T00:00:00.000000,4438328.0,1903.70947265625,0.8350539803504944,0.8257493376731873,0.7878273725509644
66,port2025_raw__import,29,2019-01-30T00:00:00.000000,239226064.0,13456.6162109375,0.9826152920722961,0.862429141998291,0.7544239163398743
67,port2025_raw__export,29,2019-01-30T00:00:00.000000,159608000.0,10509.44140625,0.9239866137504578,0.7996227741241455,0.8602116703987122
68,port2027_raw__import,29,2019-01-30T00:00:00.000000,681124032.0,22041.380859375,0.7974927425384521,0.7542043924331665,0.7579430341720581
69,port2027_raw__export,29,2019-01-30T00:00:00.000000,1190882176.0,29870.55078125,0.802255392074585,0.7752916812896729,0.6496031284332275
70,port2031_raw__import,29,2019-01-30T00:00:00.000000,125536464.0,9786.509765625,0.8066982626914978,0.7845099568367004,0.7942811846733093
71,port2031_raw__export,29,2019-01-30T00:00:00.000000,91023520.0,9003.220703125,0.6052224636077881,0.7341395020484924,0.7715544104576111
72,port2039_raw__import,29,2019-01-30T00:00:00.000000,946274816.0,30086.455078125,0.7187893390655518,0.8292074799537659,0.7990480661392212
73,port2039_raw__export,29,2019-01-30T00:00:00.000000,197719072.0,12796.181640625,1.0054800510406494,0.9125210046768188,1.0979855060577393
74,port2044_raw__import,29,2019-01-30T00:00:00.000000,1913865600.0,29994.203125,0.7031210660934448,0.5749058127403259,0.4801582098007202
75,port2044_raw__export,29,2019-01-30T00:00:00.000000,228385632.0,11118.5986328125,3.466055393218994,1.3697251081466675,1.3083713054656982
76,port2189_raw__import,29,2019-01-30T00:00:00.000000,123828840.0,10270.14453125,1.3045425415039062,1.0541313886642456,1.2301709651947021
77,port2189_raw__export,29,2019-01-30T00:00:00.000000,123793968.0,9457.39453125,0.6120394468307495,0.6649844646453857,0.8225768804550171
78,port22_raw__import,29,2019-01-30T00:00:00.000000,27866346.0,5124.00341796875,0.3523654341697693,0.5761904120445251,0.6083821058273315
79,port22_raw__export,29,2019-01-30T00:00:00.000000,10315687.0,3063.4697265625,0.3223439157009125,0.5415321588516235,0.7009912133216858
80,port254_raw__import,29,2019-01-30T00:00:00.000000,342817728.0,15426.5244140625,0.463412880897522,0.5671794414520264,0.5201089382171631
81,port254_raw__export,29,2019-01-30T00:00:00.000000,449544064.0,19180.724609375,0.9632734060287476,0.8878787159919739,0.8898889422416687
82,port270_raw__import,29,2019-01-30T00:00:00.000000,791372.1875,800.6036987304688,0.052936945110559464,0.20706497132778168,0.3859522044658661
83,port270_raw__export,29,2019-01-30T00:00:00.000000,21225834.0,3638.641845703125,0.3752889037132263,0.4838266670703888,0.5510296821594238
84,port281_raw__import,29,2019-01-30T00:00:00.000000,77418800.0,6978.5283203125,1.0996640920639038,0.8317075967788696,0.7690483331680298
85,port281_raw__export,29,2019-01-30T00:00:00.000000,8519674.0,2731.73193359375,0.31106454133987427,0.5219776034355164,0.596295177936554
86,port307_raw__import,29,2019-01-30T00:00:00.000000,24877830.0,4360.9892578125,0.7037195563316345,0.7334635853767395,0.6503795981407166
87,port307_raw__export,29,2019-01-30T00:00:00.000000,8774682.0,2056.884521484375,3.252108335494995,1.2522087097167969,1.3040034770965576
88,port310_raw__import,29,2019-01-30T00:00:00.000000,971116736.0,27542.32421875,0.6843469142913818,0.7311442494392395,0.6923319101333618
89,port310_raw__export,29,2019-01-30T00:00:00.000000,73620608.0,6899.96923828125,0.7447065114974976,0.6939688920974731,0.8234953284263611
90,port317_raw__import,29,2019-01-30T00:00:00.000000,45739592.0,6711.22021484375,0.3439108431339264,0.5819400548934937,0.5425924062728882
91,port317_raw__export,29,2019-01-30T00:00:00.000000,3972559.25,1806.927490234375,0.4672316014766693,0.6196858882904053,0.6002110242843628
92,port342_raw__import,29,2019-01-30T00:00:00.000000,406340416.0,19123.544921875,0.971734881401062,0.9351845383644104,0.8138839602470398
93,port342_raw__export,29,2019-01-30T00:00:00.000000,31772210.0,5182.36181640625,0.36593589186668396,0.5561686754226685,0.544423520565033
94,port358_raw__import,29,2019-01-30T00:00:00.000000,8215485.0,1807.093505859375,2.4571149349212646,0.9882727265357971,1.4611918926239014
95,port358_raw__export,29,2019-01-30T00:00:00.000000,103157232.0,9115.7958984375,0.270583838224411,0.46686965227127075,0.5140889286994934
96,port361_raw__import,29,2019-01-30T00:00:00.000000,247927632.0,13882.1845703125,0.6533483266830444,0.71263587474823,0.695661187171936
97,port361_raw__export,29,2019-01-30T00:00:00.000000,670028416.0,24262.341796875,0.3143810033798218,0.5255503058433533,0.7448856234550476
98,port362_raw__import,29,2019-01-30T00:00:00.000000,1370172032.0,30691.1640625,1.8576722145080566,1.1300829648971558,0.936621904373169
99,port362_raw__export,29,2019-01-30T00:00:00.000000,1185319808.0,29674.46875,0.5138129591941833,0.6178281307220459,0.5766385793685913
100,port364_raw__import,29,2019-01-30T00:00:00.000000,1598420224.0,37655.43359375,0.34266531467437744,0.5513371229171753,0.6007270812988281
101,port364_raw__export,29,2019-01-30T00:00:00.000000,82076752.0,8021.29931640625,0.8100049495697021,0.7968534827232361,0.62420654296875
102,port380_raw__import,29,2019-01-30T00:00:00.000000,1184336640.0,28444.1640625,1.385981798171997,0.9730482697486877,0.8597592115402222
103,port380_raw__export,29,2019-01-30T00:00:00.000000,46582716.0,5348.9345703125,0.1879121959209442,0.33972880244255066,0.2752240300178528
104,port425_raw__import,29,2019-01-30T00:00:00.000000,3289764864.0,48857.2421875,1.777593731880188,1.1356977224349976,0.9427169561386108
105,port425_raw__export,29,2019-01-30T00:00:00.000000,299769184.0,14632.990234375,0.4337753355503082,0.5566369891166687,0.6488882303237915
106,port426_raw__import,29,2019-01-30T00:00:00.000000,46023608.0,5391.45947265625,0.5343283414840698,0.5809251070022583,0.4862772524356842
107,port426_raw__export,29,2019-01-30T00:00:00.000000,39568652.0,5740.44580078125,1.174534797668457,0.9890151023864746,0.7689213156700134
108,port434_raw__import,29,2019-01-30T00:00:00.000000,224185328.0,10902.27734375,2.085195541381836,1.0514460802078247,1.0392392873764038
109,port434_raw__export,29,2019-01-30T00:00:00.000000,27947576.0,4527.013671875,0.5582756400108337,0.6398292779922485,0.6308960318565369
110,port435_raw__import,29,2019-01-30T00:00:00.000000,82316064.0,7619.5302734375,0.28197523951530457,0.44595539569854736,0.4216032326221466
111,port435_raw__export,29,2019-01-30T00:00:00.000000,25420182.0,4678.8427734375,1.0608856678009033,0.9558360576629639,0.847563624382019
112,port439_raw__import,29,2019-01-30T00:00:00.000000,21283452.0,3789.18212890625,1.0794237852096558,0.853336751461029,0.7450493574142456
113,port439_raw__export,29,2019-01-30T00:00:00.000000,3964423.5,1619.7149658203125,0.4735682010650635,0.5598089098930359,0.4952133595943451
114,port443_raw__import,29,2019-01-30T00:00:00.000000,173297952.0,9493.572265625,5.465266704559326,1.6859261989593506,1.5269830226898193
115,port443_raw__export,29,2019-01-30T00:00:00.000000,17921844.0,3966.7529296875,0.4177711606025696,0.6056379079818726,0.5728628635406494
116,port446_raw__import,29,2019-01-30T00:00:00.000000,924993280.0,25238.55078125,0.34828904271125793,0.489739328622818,0.4336889982223511
117,port446_raw__export,29,2019-01-30T00:00:00.000000,232283616.0,13908.4716796875,0.9336820840835571,0.8817989826202393,0.993638813495636
118,port484_raw__import,29,2019-01-30T00:00:00.000000,1182202.75,998.2315063476562,0.40236493945121765,0.5823651552200317,0.630361020565033
119,port484_raw__export,29,2019-01-30T00:00:00.000000,13911239.0,2813.746826171875,1.8076372146606445,1.0142796039581299,0.9579329490661621
120,port503_raw__import,29,2019-01-30T00:00:00.000000,53308456.0,7062.0751953125,0.4745267331600189,0.6662920713424683,0.619988739490509
121,port503_raw__export,29,2019-01-30T00:00:00.000000,5938804.5,2238.49169921875,0.2772417366504669,0.48365458846092224,0.5113561749458313
122,port514_raw__import,29,2019-01-30T00:00:00.000000,939150528.0,25474.603515625,0.9071871042251587,0.7917503714561462,0.7343305945396423
123,port514_raw__export,29,2019-01-30T00:00:00.000000,78057560.0,7153.2353515625,0.5300154685974121,0.5894395709037781,0.5488759875297546
124,port540_raw__import,29,2019-01-30T00:00:00.000000,1968075520.0,29769.849609375,1.5544673204421997,0.8366553783416748,0.756558358669281
125,port540_raw__export,29,2019-01-30T00:00:00.000000,269263552.0,13806.587890625,0.5179758667945862,0.6055532693862915,0.5526082515716553
126,port541_raw__import,29,2019-01-30T00:00:00.000000,8190942208.0,82159.5,1.9298105239868164,1.2610962390899658,1.0460329055786133
127,port541_raw__export,29,2019-01-30T00:00:00.000000,2954988032.0,45304.55078125,3.3680944442749023,1.5295233726501465,1.1262719631195068
128,port543_raw__import,29,2019-01-30T00:00:00.000000,209300960.0,12688.5615234375,0.32345396280288696,0.4988075792789459,0.43690255284309387
129,port543_raw__export,29,2019-01-30T00:00:00.000000,55070028.0,6297.29052734375,0.1985735297203064,0.3781436085700989,0.3892994821071625
130,port555_raw__import,29,2019-01-30T00:00:00.000000,759103232.0,23023.55859375,0.9981501698493958,0.8348721265792847,0.8245611786842346
131,port555_raw__export,29,2019-01-30T00:00:00.000000,28631112.0,4393.31640625,0.9613900184631348,0.8050506114959717,0.6557103991508484
132,port570_raw__import,29,2019-01-30T00:00:00.000000,106990632.0,8510.52734375,0.46204495429992676,0.5592753887176514,0.6443299055099487
133,port570_raw__export,29,2019-01-30T00:00:00.000000,10406205440.0,55621.3203125,3.817883253097534,1.0653845071792603,0.9264971017837524
134,port592_raw__import,29,2019-01-30T00:00:00.000000,947354176.0,21988.751953125,0.8352389931678772,0.6529046297073364,0.593738317489624
135,port592_raw__export,29,2019-01-30T00:00:00.000000,208133296.0,9277.630859375,2.1964261531829834,0.9530695676803589,0.9575964212417603
136,port601_raw__import,29,2019-01-30T00:00:00.000000,1098756.875,796.5264282226562,2.184203624725342,1.1230417490005493,0.9912863373756409
137,port601_raw__export,29,2019-01-30T00:00:00.000000,152139.984375,306.83544921875,0.23039811849594116,0.37759244441986084,0.356308251619339
138,port62_raw__import,29,2019-01-30T00:00:00.000000,67333040.0,8145.63525390625,0.6057435274124146,0.7726010084152222,0.6344641447067261
139,port62_raw__export,29,2019-01-30T00:00:00.000000,165260672.0,8489.6376953125,1.6528376340866089,0.8490229845046997,0.8964210748672485
140,port644_raw__import,29,2019-01-30T00:00:00.000000,24862574592.0,113801.046875,2.8480331897735596,1.2179956436157227,1.2258014678955078
141,port644_raw__export,29,2019-01-30T00:00:00.000000,319984352.0,16097.5634765625,0.4590972065925598,0.6097447872161865,0.6339079737663269
142,port649_raw__import,29,2019-01-30T00:00:00.000000,127029424.0,9431.888671875,1.3478490114212036,0.9715543389320374,1.331906795501709
143,port649_raw__export,29,2019-01-30T00:00:00.000000,14525331.0,3657.67431640625,0.1876286119222641,0.41571104526519775,0.4880584478378296
144,port657_raw__import,29,2019-01-30T00:00:00.000000,380078944.0,17329.451171875,1.0299688577651978,0.9021108746528625,0.7595004439353943
145,port657_raw__export,29,2019-01-30T00:00:00.000000,89328544.0,7222.771484375,3.5340778827667236,1.4366363286972046,1.269254207611084
146,port667_raw__import,29,2019-01-30T00:00:00.000000,3051303.0,1641.4732666015625,0.23978622257709503,0.46015408635139465,0.41491544246673584
147,port667_raw__export,29,2019-01-30T00:00:00.000000,6256697.5,2368.11865234375,0.2914893329143524,0.5111427903175354,0.5251089930534363
148,port672_raw__import,29,2019-01-30T00:00:00.000000,8173384704.0,76452.8984375,1.3459429740905762,0.9810843467712402,0.8253617882728577
149,port672_raw__export,29,2019-01-30T00:00:00.000000,2086168832.0,41570.5859375,1.2659729719161987,1.0240559577941895,0.8220512270927429
150,port67_raw__import,29,2019-01-30T00:00:00.000000,10887584.0,2878.699951171875,0.30512920022010803,0.48191726207733154,0.49045100808143616
151,port67_raw__export,29,2019-01-30T00:00:00.000000,1478958.875,832.2789306640625,0.26234981417655945,0.3505348563194275,0.34309858083724976
152,port681_raw__import,29,2019-01-30T00:00:00.000000,213223776.0,14575.962890625,0.23640640079975128,0.4853432774543762,0.5003782510757446
153,port681_raw__export,29,2019-01-30T00:00:00.000000,196742560.0,11744.3642578125,1.557959794998169,1.045101523399353,1.249335765838623
154,port738_raw__import,29,2019-01-30T00:00:00.000000,22960614.0,3904.149658203125,1.2738547325134277,0.9195908308029175,1.25861394405365
155,port738_raw__export,29,2019-01-30T00:00:00.000000,19828954.0,4137.20654296875,0.49574950337409973,0.6541666388511658,0.6398054361343384
156,port73_raw__import,29,2019-01-30T00:00:00.000000,164413360.0,9861.12890625,0.2184775471687317,0.3594690263271332,0.4001207649707794
157,port73_raw__export,29,2019-01-30T00:00:00.000000,70237416.0,7324.80517578125,0.9808729887008667,0.8656017780303955,0.874061644077301
158,port744_raw__import,29,2019-01-30T00:00:00.000000,2180077056.0,40153.3203125,0.6360183954238892,0.6858360767364502,0.5995475649833679
159,port744_raw__export,29,2019-01-30T00:00:00.000000,406104224.0,18017.02734375,1.2998838424682617,1.019334316253662,0.983941376209259
160,port766_raw__import,29,2019-01-30T00:00:00.000000,21812342.0,4245.15478515625,0.2648559808731079,0.4677860736846924,0.6337589025497437
161,port766_raw__export,29,2019-01-30T00:00:00.000000,40130488.0,6233.01123046875,0.4850829541683197,0.6852810978889465,0.6133758425712585
162,port775_raw__import,29,2019-01-30T00:00:00.000000,437454880.0,19054.44921875,0.3435726463794708,0.5339972376823425,0.5236272811889648
163,port775_raw__export,29,2019-01-30T00:00:00.000000,17152106.0,3268.63623046875,0.40264710783958435,0.5008066892623901,0.5931736826896667
164,port776_raw__import,29,2019-01-30T00:00:00.000000,855038848.0,28198.537109375,0.5597237944602966,0.721473753452301,0.5719558596611023
165,port776_raw__export,29,2019-01-30T00:00:00.000000,120669184.0,9089.66015625,0.3658381998538971,0.5004884600639343,0.5307720303535461
166,port781_raw__import,29,2019-01-30T00:00:00.000000,14165586.0,3256.54736328125,0.9729182124137878,0.8534504175186157,0.944556474685669
167,port781_raw__export,29,2019-01-30T00:00:00.000000,35245904.0,5724.67041015625,0.17369315028190613,0.40187177062034607,0.4325769543647766
168,port787_raw__import,29,2019-01-30T00:00:00.000000,1662720.875,876.5543823242188,3.1843578815460205,1.2130539417266846,1.3050841093063354
169,port787_raw__export,29,2019-01-30T00:00:00.000000,251676288.0,14250.58984375,0.5246479511260986,0.6506474018096924,0.5572220087051392
170,port795_raw__import,29,2019-01-30T00:00:00.000000,78730080.0,7648.09765625,1.4118012189865112,1.0241649150848389,0.8841019868850708
171,port795_raw__export,29,2019-01-30T00:00:00.000000,19555404.0,3834.52783203125,0.4664088189601898,0.5921911001205444,0.5033377408981323
172,port805_raw__import,29,2019-01-30T00:00:00.000000,168759376.0,11929.6767578125,0.24456502497196198,0.4541422128677368,0.48461437225341797
173,port805_raw__export,29,2019-01-30T00:00:00.000000,256488192.0,14412.66015625,0.7392656207084656,0.77376788854599,0.8601919412612915
174,port811_raw__import,29,2019-01-30T00:00:00.000000,55422776.0,5776.02783203125,0.13327088952064514,0.28323882818222046,0.28467217087745667
175,port811_raw__export,29,2019-01-30T00:00:00.000000,270138080.0,12517.482421875,1.5139310359954834,0.937080979347229,0.9050078392028809
176,port815_raw__import,29,2019-01-30T00:00:00.000000,2591685120.0,44581.83984375,0.956052303314209,0.8562639951705933,0.7255165576934814
177,port815_raw__export,29,2019-01-30T00:00:00.000000,203610224.0,11610.59765625,0.8250628709793091,0.739091694355011,0.6034450531005859
178,port826_raw__import,29,2019-01-30T00:00:00.000000,33635040.0,4623.1748046875,0.5726865530014038,0.6032575964927673,0.4746064245700836
179,port826_raw__export,29,2019-01-30T00:00:00.000000,534292928.0,19447.7734375,0.5399697422981262,0.6182510256767273,0.5622891187667847
180,port839_raw__import,29,2019-01-30T00:00:00.000000,43265308.0,6220.23876953125,1.113770842552185,0.9980102777481079,0.8977371454238892
181,port839_raw__export,29,2019-01-30T00:00:00.000000,195813728.0,9233.263671875,1.6793469190597534,0.8550742864608765,0.6757646799087524
182,port845_raw__import,29,2019-01-30T00:00:00.000000,488136000.0,20480.560546875,0.4572365880012512,0.6268186569213867,0.5926909446716309
183,port845_raw__export,29,2019-01-30T00:00:00.000000,97781872.0,8909.119140625,0.7060421705245972,0.7570436000823975,0.6571323871612549
184,port862_raw__import,29,2019-01-30T00:00:00.000000,68204128.0,6495.33056640625,0.5052953362464905,0.5590730905532837,0.5433222055435181
185,port862_raw__export,29,2019-01-30T00:00:00.000000,22242744.0,4126.2587890625,0.983265221118927,0.8675562143325806,0.9137609004974365
186,port908_raw__import,29,2019-01-30T00:00:00.000000,827346560.0,18723.994140625,1.4419056177139282,0.7816694974899292,0.6104616522789001
187,port908_raw__export,29,2019-01-30T00:00:00.000000,184575120.0,11795.4755859375,0.38301804661750793,0.5373268127441406,0.4289529621601105
188,port915_raw__import,29,2019-01-30T00:00:00.000000,203709616.0,9776.98828125,20.899166107177734,3.131582021713257,4.548518180847168
189,port915_raw__export,29,2019-01-30T00:00:00.000000,33497412.0,3871.66259765625,3.3166756629943848,1.2182693481445312,1.3757957220077515
190,port917_raw__import,29,2019-01-30T00:00:00.000000,54579544.0,6010.5712890625,1.5215771198272705,1.0035701990127563,1.0479340553283691
191,port917_raw__export,29,2019-01-30T00:00:00.000000,197564976.0,11414.283203125,0.6012517809867859,0.6296827793121338,0.677890956401825
192,port958_raw__import,29,2019-01-30T00:00:00.000000,29306480.0,4338.0068359375,0.8459851741790771,0.7370378375053406,0.6855126619338989
193,port958_raw__export,29,2019-01-30T00:00:00.000000,19210378.0,4263.1064453125,0.6724132895469666,0.7975838780403137,0.6190720796585083
194,port959_raw__import,29,2019-01-30T00:00:00.000000,744152512.0,18211.9609375,1.1001667976379395,0.7002530694007874,0.9858071804046631
195,port959_raw__export,29,2019-01-30T00:00:00.000000,348347808.0,16133.4736328125,0.6890724897384644,0.7175527811050415,0.9000875353813171
196,port985_raw__import,29,2019-01-30T00:00:00.000000,806406464.0,23089.93359375,0.3516683876514435,0.4821835458278656,0.407592236995697
197,port985_raw__export,29,2019-01-30T00:00:00.000000,152851264.0,10408.5263671875,0.5731790661811829,0.6373820304870605,0.5952147841453552
0,port1016_raw__import,541,2020-06-25T00:00:00.000000,7695452.0,2586.3173828125,0.40422767400741577,0.5927584767341614,0.5582008957862854
1,port1016_raw__export,541,2020-06-25T00:00:00.000000,44117460.0,4582.552734375,1.9064408540725708,0.9526073932647705,0.9981663227081299
2,port1035_raw__import,541,2020-06-25T00:00:00.000000,51175596.0,5717.93017578125,0.6550014019012451,0.6468871235847473,0.5982305407524109
3,port1035_raw__export,541,2020-06-25T00:00:00.000000,20863320.0,3859.563720703125,0.6678629517555237,0.6905421614646912,0.500357449054718
4,port1057_raw__import,541,2020-06-25T00:00:00.000000,308242016.0,13649.30078125,1.67902410030365,1.0073790550231934,0.7036994099617004
5,port1057_raw__export,541,2020-06-25T00:00:00.000000,12882767.0,2461.7548828125,1.6024314165115356,0.8682203888893127,0.6970798373222351
6,port1065_raw__import,541,2020-06-25T00:00:00.000000,1647870592.0,33120.8828125,2.0709738731384277,1.1741609573364258,1.028296709060669
7,port1065_raw__export,541,2020-06-25T00:00:00.000000,2466817792.0,37345.17578125,2.502192258834839,1.1893954277038574,1.2686866521835327
8,port1070_raw__import,541,2020-06-25T00:00:00.000000,20619939840.0,122830.8984375,1.2832411527633667,0.9689872860908508,0.8069988489151001
9,port1070_raw__export,541,2020-06-25T00:00:00.000000,217960816.0,12491.4384765625,0.13307341933250427,0.308651864528656,0.3417026698589325
10,port1071_raw__import,541,2020-06-25T00:00:00.000000,710486848.0,21464.3125,0.3577476441860199,0.4816453456878662,0.39597398042678833
11,port1071_raw__export,541,2020-06-25T00:00:00.000000,87374384.0,8288.939453125,0.27762651443481445,0.4672371447086334,0.4213874042034149
12,port1073_raw__import,541,2020-06-25T00:00:00.000000,1205187968.0,32196.720703125,0.524202287197113,0.6714810132980347,0.6434643864631653
13,port1073_raw__export,541,2020-06-25T00:00:00.000000,13246142.0,3270.685791015625,0.4318244457244873,0.5905377864837646,0.5070769786834717
14,port1086_raw__import,541,2020-06-25T00:00:00.000000,127641736.0,10072.484375,0.9003297686576843,0.8459429144859314,0.6653849482536316
15,port1086_raw__export,541,2020-06-25T00:00:00.000000,10193013.0,3038.166259765625,0.3614731729030609,0.5721347332000732,0.592012882232666
16,port1112_raw__import,541,2020-06-25T00:00:00.000000,410421.90625,573.0933227539062,0.5545122027397156,0.6661401987075806,0.6837038397789001
17,port1112_raw__export,541,2020-06-25T00:00:00.000000,29996996.0,4294.84130859375,1.8890583515167236,1.0777819156646729,0.8715592622756958
18,port1128_raw__import,541,2020-06-25T00:00:00.000000,1320057216.0,26540.30078125,2.1069273948669434,1.0603134632110596,0.9928404092788696
19,port1128_raw__export,541,2020-06-25T00:00:00.000000,75158208.0,6120.68212890625,1.6141722202301025,0.8969877362251282,1.1937698125839233
20,port1135_raw__import,541,2020-06-25T00:00:00.000000,7181129.5,2121.37548828125,5.959251880645752,1.9324887990951538,2.406689405441284
21,port1135_raw__export,541,2020-06-25T00:00:00.000000,2758238.75,1106.161376953125,1.9063115119934082,0.9196010828018188,2.1031417846679688
22,port1160_raw__import,541,2020-06-25T00:00:00.000000,410276960.0,17538.208984375,0.7278335094451904,0.7386907935142517,0.6697092652320862
23,port1160_raw__export,541,2020-06-25T00:00:00.000000,6350791168.0,60573.3125,1.3397623300552368,0.8797944784164429,0.8177530765533447
24,port1189_raw__import,541,2020-06-25T00:00:00.000000,272861632.0,13838.0908203125,0.4996427297592163,0.5921541452407837,0.49265849590301514
25,port1189_raw__export,541,2020-06-25T00:00:00.000000,495412320.0,18024.490234375,0.7450594305992126,0.6989966034889221,0.6463220119476318
26,port1197_raw__import,541,2020-06-25T00:00:00.000000,193828288.0,11813.1416015625,1.278595209121704,0.959452211856842,0.8452057242393494
27,port1197_raw__export,541,2020-06-25T00:00:00.000000,174531072.0,10290.6875,1.2593177556991577,0.8741293549537659,0.7714860439300537
28,port1201_raw__import,541,2020-06-25T00:00:00.000000,16862920704.0,115728.1484375,1.0322898626327515,0.9054687023162842,0.7762315273284912
29,port1201_raw__export,541,2020-06-25T00:00:00.000000,5273204736.0,57769.171875,1.4936749935150146,0.9722700715065002,0.7534743547439575
30,port1248_raw__import,541,2020-06-25T00:00:00.000000,4963486.0,1978.0257568359375,0.20076586306095123,0.3978171646595001,0.40398821234703064
31,port1248_raw__export,541,2020-06-25T00:00:00.000000,257294096.0,13797.228515625,1.063728928565979,0.8871404528617859,0.8408024907112122
32,port1266_raw__import,541,2020-06-25T00:00:00.000000,5558884352.0,69773.515625,0.48038390278816223,0.6486209630966187,0.4702189266681671
33,port1266_raw__export,541,2020-06-25T00:00:00.000000,3764310784.0,54580.7109375,1.5866252183914185,1.1205562353134155,0.8542734384536743
34,port1269_raw__import,541,2020-06-25T00:00:00.000000,546483648.0,20235.935546875,0.7337146997451782,0.7414780259132385,0.6522597670555115
35,port1269_raw__export,541,2020-06-25T00:00:00.000000,304927424.0,14801.328125,0.7574561238288879,0.737702488899231,0.7392142415046692
36,port1284_raw__import,541,2020-06-25T00:00:00.000000,208198416.0,12782.8955078125,0.7547731995582581,0.7696597576141357,0.5563743710517883
37,port1284_raw__export,541,2020-06-25T00:00:00.000000,347121472.0,14967.634765625,1.193224549293518,0.8775534629821777,0.7889496088027954
38,port1304_raw__import,541,2020-06-25T00:00:00.000000,278690016.0,15287.298828125,0.7841141819953918,0.8108857870101929,0.7450639009475708
39,port1304_raw__export,541,2020-06-25T00:00:00.000000,16548881.0,3462.649169921875,0.42482098937034607,0.5547881126403809,0.5060569047927856
40,port1309_raw__import,541,2020-06-25T00:00:00.000000,215792672.0,12102.3330078125,1.0697990655899048,0.8521221876144409,0.7436453104019165
41,port1309_raw__export,541,2020-06-25T00:00:00.000000,236856288.0,12509.029296875,1.0242316722869873,0.8225839138031006,0.6829901337623596
42,port1318_raw__import,541,2020-06-25T00:00:00.000000,1745799552.0,34899.2109375,1.1479711532592773,0.8949192762374878,0.8816922903060913
43,port1318_raw__export,541,2020-06-25T00:00:00.000000,20925110.0,4135.80224609375,0.20663529634475708,0.4109870493412018,0.4616941213607788
44,port132_raw__import,541,2020-06-25T00:00:00.000000,44088872.0,5075.56103515625,0.452727735042572,0.5143256187438965,0.371832937002182
45,port132_raw__export,541,2020-06-25T00:00:00.000000,16920302.0,3009.883056640625,0.6740267872810364,0.6007366180419922,0.7854398488998413
46,port1330_raw__import,541,2020-06-25T00:00:00.000000,473168.4375,635.6954956054688,0.391769140958786,0.578437328338623,0.6119436621665955
47,port1330_raw__export,541,2020-06-25T00:00:00.000000,1584303.875,1029.817138671875,0.9338405132293701,0.790637195110321,0.5877613425254822
48,port1358_raw__import,541,2020-06-25T00:00:00.000000,210707680.0,13533.419921875,0.3863030672073364,0.5794706344604492,0.607047975063324
49,port1358_raw__export,541,2020-06-25T00:00:00.000000,24443138.0,4273.7236328125,1.0702698230743408,0.8942822217941284,0.741183876991272
50,port139_raw__import,541,2020-06-25T00:00:00.000000,2587807.5,1461.474365234375,0.20148566365242004,0.4078000783920288,0.7227194905281067
51,port139_raw__export,541,2020-06-25T00:00:00.000000,1247929.25,1024.6087646484375,0.21045760810375214,0.4207706153392792,0.49293196201324463
52,port1410_raw__import,541,2020-06-25T00:00:00.000000,2948516608.0,44026.65234375,1.2199432849884033,0.895537257194519,0.8003547191619873
53,port1410_raw__export,541,2020-06-25T00:00:00.000000,42573360.0,5856.314453125,0.9055519104003906,0.8541066646575928,0.7319492697715759
54,port1414_raw__import,541,2020-06-25T00:00:00.000000,560110464.0,20268.13671875,1.8568830490112305,1.1669957637786865,0.891234278678894
55,port1414_raw__export,541,2020-06-25T00:00:00.000000,2904544512.0,46473.6171875,2.0129776000976562,1.2234519720077515,0.9744663834571838
56,port1425_raw__import,541,2020-06-25T00:00:00.000000,1103875584.0,31130.162109375,1.2195618152618408,1.0347208976745605,0.8219711184501648
57,port1425_raw__export,541,2020-06-25T00:00:00.000000,12217906.0,3219.31591796875,0.47034940123558044,0.6316485404968262,0.6588484048843384
58,port1426_raw__import,541,2020-06-25T00:00:00.000000,4038658304.0,61239.01953125,0.267303466796875,0.49820947647094727,0.3996768295764923
59,port1426_raw__export,541,2020-06-25T00:00:00.000000,1563304704.0,24543.154296875,5.935694217681885,1.512322187423706,1.1737706661224365
60,port168_raw__import,541,2020-06-25T00:00:00.000000,275221632.0,13964.541015625,0.4631294310092926,0.5728443264961243,0.49524062871932983
61,port168_raw__export,541,2020-06-25T00:00:00.000000,440366048.0,16289.357421875,0.5958976745605469,0.5992153286933899,0.5378825068473816
62,port193_raw__import,541,2020-06-25T00:00:00.000000,188086048.0,10938.216796875,1.768822431564331,1.0607435703277588,1.0620129108428955
63,port193_raw__export,541,2020-06-25T00:00:00.000000,105762920.0,7855.6396484375,4.157724380493164,1.557552456855774,1.2103677988052368
64,port2017_raw__import,541,2020-06-25T00:00:00.000000,3346730.75,1411.717041015625,1.1576827764511108,0.8302942514419556,0.7264167666435242
65,port2017_raw__export,541,2020-06-25T00:00:00.000000,4985760.0,1927.85546875,1.1509937047958374,0.9262862205505371,0.9949274659156799
66,port2025_raw__import,541,2020-06-25T00:00:00.000000,232431376.0,12228.57421875,0.4469950199127197,0.5362653732299805,0.4604088366031647
67,port2025_raw__export,541,2020-06-25T00:00:00.000000,75296512.0,7597.39697265625,0.41318777203559875,0.5627961158752441,0.42056602239608765
68,port2027_raw__import,541,2020-06-25T00:00:00.000000,2316102656.0,46780.47265625,1.2412505149841309,1.0829675197601318,0.932745635509491
69,port2027_raw__export,541,2020-06-25T00:00:00.000000,1154599936.0,26513.93359375,1.024034023284912,0.7896153926849365,0.8158038258552551
70,port2031_raw__import,541,2020-06-25T00:00:00.000000,176397888.0,9735.4296875,0.4269590675830841,0.47896257042884827,0.4394778609275818
71,port2031_raw__export,541,2020-06-25T00:00:00.000000,38254236.0,5627.96142578125,0.5782144069671631,0.69191974401474,0.9962995648384094
72,port2039_raw__import,541,2020-06-25T00:00:00.000000,1396172288.0,29976.90234375,3.449373722076416,1.4900038242340088,1.112141489982605
73,port2039_raw__export,541,2020-06-25T00:00:00.000000,145476896.0,11272.029296875,1.012563943862915,0.9404079914093018,0.9729159474372864
74,port2044_raw__import,541,2020-06-25T00:00:00.000000,3753270016.0,47618.140625,2.9619436264038086,1.3376914262771606,1.2033356428146362
75,port2044_raw__export,541,2020-06-25T00:00:00.000000,79851960.0,5992.38330078125,0.7444993257522583,0.5786139369010925,0.6120297312736511
76,port2189_raw__import,541,2020-06-25T00:00:00.000000,2159469568.0,33382.921875,7.420440673828125,1.956886649131775,1.846434235572815
77,port2189_raw__export,541,2020-06-25T00:00:00.000000,152536128.0,10939.4033203125,0.8007050156593323,0.792580783367157,0.8751485347747803
78,port22_raw__import,541,2020-06-25T00:00:00.000000,48658856.0,6131.10302734375,0.1701710969209671,0.36257725954055786,0.4728989899158478
79,port22_raw__export,541,2020-06-25T00:00:00.000000,27164238.0,4776.6240234375,0.24928522109985352,0.4575837254524231,0.4716586172580719
80,port254_raw__import,541,2020-06-25T00:00:00.000000,460971040.0,17367.2890625,1.5604937076568604,1.0104764699935913,0.9848657250404358
81,port254_raw__export,541,2020-06-25T00:00:00.000000,89089560.0,8496.02734375,0.37668222188949585,0.5524463057518005,0.40181103348731995
82,port270_raw__import,541,2020-06-25T00:00:00.000000,1420114304.0,35156.5390625,0.4058314263820648,0.5943158268928528,0.5145775675773621
83,port270_raw__export,541,2020-06-25T00:00:00.000000,238205824.0,14556.82421875,0.2417144924402237,0.4637049734592438,0.5110564231872559
84,port281_raw__import,541,2020-06-25T00:00:00.000000,32378470.0,4568.0361328125,0.4526640474796295,0.540118932723999,0.560868501663208
85,port281_raw__export,541,2020-06-25T00:00:00.000000,134513408.0,8053.71240234375,2.4135658740997314,1.0788049697875977,1.2954261302947998
86,port307_raw__import,541,2020-06-25T00:00:00.000000,28442286.0,4454.06982421875,1.18138587474823,0.9077591896057129,0.7271808981895447
87,port307_raw__export,541,2020-06-25T00:00:00.000000,2940259.75,1239.189208984375,0.7740849852561951,0.6358271837234497,0.6662957668304443
88,port310_raw__import,541,2020-06-25T00:00:00.000000,592429248.0,19602.4921875,0.9682137370109558,0.7924624085426331,0.6118492484092712
89,port310_raw__export,541,2020-06-25T00:00:00.000000,48011944.0,5796.76611328125,0.22473253309726715,0.3965921103954315,0.3700420558452606
90,port317_raw__import,541,2020-06-25T00:00:00.000000,124600536.0,7744.65234375,2.9889919757843018,1.1995112895965576,1.789874792098999
91,port317_raw__export,541,2020-06-25T00:00:00.000000,7966734.0,2622.0966796875,0.27098050713539124,0.4835902452468872,0.506112813949585
92,port342_raw__import,541,2020-06-25T00:00:00.000000,588586112.0,18449.84765625,2.075763702392578,1.0956623554229736,0.8637000322341919
93,port342_raw__export,541,2020-06-25T00:00:00.000000,88135352.0,7133.18017578125,1.7477563619613647,1.0044968128204346,1.11959969997406
94,port358_raw__import,541,2020-06-25T00:00:00.000000,158207312.0,9958.8193359375,1.2176436185836792,0.8736846446990967,0.7920631766319275
95,port358_raw__export,541,2020-06-25T00:00:00.000000,875526848.0,17589.638671875,1.8440440893173218,0.8072496056556702,0.6416133642196655
96,port361_raw__import,541,2020-06-25T00:00:00.000000,398515424.0,16424.5546875,1.4222475290298462,0.9812023639678955,0.9405823349952698
97,port361_raw__export,541,2020-06-25T00:00:00.000000,522257952.0,19010.16796875,1.770301342010498,1.1067945957183838,1.0211453437805176
98,port362_raw__import,541,2020-06-25T00:00:00.000000,531831680.0,20456.28125,0.3972117006778717,0.5590499639511108,0.5000156164169312
99,port362_raw__export,541,2020-06-25T00:00:00.000000,1061383040.0,29931.109375,0.8968058824539185,0.8700334429740906,0.7888246774673462
100,port364_raw__import,541,2020-06-25T00:00:00.000000,996532416.0,26306.291015625,0.9618067741394043,0.8172553777694702,0.7908546328544617
101,port364_raw__export,541,2020-06-25T00:00:00.000000,12361122.0,2936.469482421875,0.34773892164230347,0.49251919984817505,0.5126240849494934
102,port380_raw__import,541,2020-06-25T00:00:00.000000,4197814272.0,47992.2421875,4.808440685272217,1.6242825984954834,1.3953899145126343
103,port380_raw__export,541,2020-06-25T00:00:00.000000,112990640.0,6780.431640625,0.82125324010849,0.5780622959136963,0.502723217010498
104,port425_raw__import,541,2020-06-25T00:00:00.000000,813732608.0,21472.10546875,0.28233423829078674,0.3999590277671814,0.4004479944705963
105,port425_raw__export,541,2020-06-25T00:00:00.000000,307688960.0,15797.1376953125,0.5969938635826111,0.6958367824554443,0.5933072566986084
106,port426_raw__import,541,2020-06-25T00:00:00.000000,49061808.0,6002.41650390625,0.941716730594635,0.83160001039505,0.7237076163291931
107,port426_raw__export,541,2020-06-25T00:00:00.000000,62163352.0,5811.28564453125,0.9392102360725403,0.7143094539642334,0.5728731155395508
108,port434_raw__import,541,2020-06-25T00:00:00.000000,46825484.0,5262.05712890625,0.45789140462875366,0.5203500986099243,0.6565683484077454
109,port434_raw__export,541,2020-06-25T00:00:00.000000,176566752.0,8488.3818359375,9.401617050170898,1.9587171077728271,1.9689500331878662
110,port435_raw__import,541,2020-06-25T00:00:00.000000,148452704.0,10302.8974609375,0.35997146368026733,0.5073403120040894,0.4481077492237091
111,port435_raw__export,541,2020-06-25T00:00:00.000000,21036464.0,4055.65966796875,2.208209991455078,1.313999891281128,1.0712549686431885
112,port439_raw__import,541,2020-06-25T00:00:00.000000,7745598.0,2384.604736328125,0.29510581493377686,0.4654550850391388,0.43494492769241333
113,port439_raw__export,541,2020-06-25T00:00:00.000000,3979956.75,1494.481689453125,0.47872281074523926,0.5183146595954895,0.44359391927719116
114,port443_raw__import,541,2020-06-25T00:00:00.000000,62036760.0,4458.86279296875,2.2851555347442627,0.8557707667350769,0.6866889595985413
115,port443_raw__export,541,2020-06-25T00:00:00.000000,259272784.0,11974.0361328125,7.894662380218506,2.08943510055542,1.6404786109924316
116,port446_raw__import,541,2020-06-25T00:00:00.000000,2068607488.0,37573.14453125,1.6260288953781128,1.0534225702285767,0.8280121684074402
117,port446_raw__export,541,2020-06-25T00:00:00.000000,167919872.0,10494.748046875,0.42943233251571655,0.530723512172699,0.45841896533966064
118,port484_raw__import,541,2020-06-25T00:00:00.000000,207394976.0,9609.462890625,2.477820873260498,1.0503519773483276,1.245509386062622
119,port484_raw__export,541,2020-06-25T00:00:00.000000,5464806.0,1887.7862548828125,0.23176085948944092,0.38876351714134216,0.4451116919517517
120,port503_raw__import,541,2020-06-25T00:00:00.000000,18254862.0,3959.781494140625,0.3798699975013733,0.5712147951126099,0.5216965079307556
121,port503_raw__export,541,2020-06-25T00:00:00.000000,24151188.0,3536.18994140625,2.7714011669158936,1.1978874206542969,1.5383681058883667
122,port514_raw__import,541,2020-06-25T00:00:00.000000,204634848.0,13029.6923828125,0.5063329935073853,0.6481305956840515,0.5898526310920715
123,port514_raw__export,541,2020-06-25T00:00:00.000000,75853448.0,7364.0615234375,0.8336831331253052,0.77202308177948,1.0020297765731812
124,port540_raw__import,541,2020-06-25T00:00:00.000000,702618368.0,24588.751953125,1.4459189176559448,1.1154463291168213,0.8150942325592041
125,port540_raw__export,541,2020-06-25T00:00:00.000000,264514896.0,15316.2216796875,0.46667951345443726,0.6433331966400146,0.4863297939300537
126,port541_raw__import,541,2020-06-25T00:00:00.000000,1693985536.0,37304.96875,0.6981261968612671,0.7573188543319702,0.6565958857536316
127,port541_raw__export,541,2020-06-25T00:00:00.000000,396239456.0,15795.4736328125,0.46540695428848267,0.5413402318954468,0.3656848669052124
128,port543_raw__import,541,2020-06-25T00:00:00.000000,167927632.0,9982.6787109375,0.2828327417373657,0.40968576073646545,0.3555683195590973
129,port543_raw__export,541,2020-06-25T00:00:00.000000,77818552.0,6705.6455078125,0.5075871348381042,0.5415696501731873,0.48329371213912964
130,port555_raw__import,541,2020-06-25T00:00:00.000000,950372608.0,19930.115234375,1.8180772066116333,0.8717039227485657,0.9311683177947998
131,port555_raw__export,541,2020-06-25T00:00:00.000000,10617376.0,2844.76806640625,0.48459428548812866,0.6077534556388855,0.6473838686943054
132,port570_raw__import,541,2020-06-25T00:00:00.000000,756661376.0,27005.74609375,0.3786800801753998,0.6041456460952759,0.5732367038726807
133,port570_raw__export,541,2020-06-25T00:00:00.000000,1637325184.0,32372.330078125,0.5920154452323914,0.615563690662384,0.49468955397605896
134,port592_raw__import,541,2020-06-25T00:00:00.000000,68869072.0,6470.912109375,0.20205482840538025,0.3504999876022339,0.293339341878891
135,port592_raw__export,541,2020-06-25T00:00:00.000000,27573816.0,4968.638671875,0.7098203897476196,0.7971924543380737,0.7958365082740784
136,port601_raw__import,541,2020-06-25T00:00:00.000000,1043895.3125,798.2491455078125,1.5404976606369019,0.9697068929672241,0.9714093208312988
137,port601_raw__export,541,2020-06-25T00:00:00.000000,1972078.0,1045.064208984375,1.3093187808990479,0.8515371680259705,0.8485840559005737
138,port62_raw__import,541,2020-06-25T00:00:00.000000,121445072.0,8066.86572265625,2.2492072582244873,1.0978161096572876,0.9542770981788635
139,port62_raw__export,541,2020-06-25T00:00:00.000000,73703056.0,7397.38671875,0.37481889128685,0.5275290012359619,0.58866286277771
140,port644_raw__import,541,2020-06-25T00:00:00.000000,12772357120.0,110242.109375,1.0148810148239136,0.9826968312263489,0.8372472524642944
141,port644_raw__export,541,2020-06-25T00:00:00.000000,270593344.0,13503.26171875,1.0878076553344727,0.856162428855896,0.6917403340339661
142,port649_raw__import,541,2020-06-25T00:00:00.000000,55706512.0,7417.4814453125,0.27795523405075073,0.5239512920379639,0.5978924036026001
143,port649_raw__export,541,2020-06-25T00:00:00.000000,47087164.0,6612.5673828125,0.5697664618492126,0.7273898720741272,0.712473452091217
144,port657_raw__import,541,2020-06-25T00:00:00.000000,170389120.0,11274.6552734375,0.826707124710083,0.7853409051895142,0.6763144135475159
145,port657_raw__export,541,2020-06-25T00:00:00.000000,111207096.0,8244.2177734375,1.4929372072219849,0.9552211761474609,0.7337509393692017
146,port667_raw__import,541,2020-06-25T00:00:00.000000,5923819.0,2095.355224609375,0.8683443665504456,0.8022371530532837,0.6085563898086548
147,port667_raw__export,541,2020-06-25T00:00:00.000000,1719459.5,1221.9371337890625,1.0475448369979858,0.9537602066993713,0.7699138522148132
148,port672_raw__import,541,2020-06-25T00:00:00.000000,824701376.0,28407.962890625,0.30115991830825806,0.5428630709648132,0.5570266246795654
149,port672_raw__export,541,2020-06-25T00:00:00.000000,264947808.0,11631.443359375,0.845576822757721,0.6570976972579956,0.9551903009414673
150,port67_raw__import,541,2020-06-25T00:00:00.000000,26641386.0,4564.53369140625,0.49739354848861694,0.6236889958381653,0.663878858089447
151,port67_raw__export,541,2020-06-25T00:00:00.000000,1816615.375,1061.97998046875,0.14385874569416046,0.29884979128837585,0.3517308831214905
152,port681_raw__import,541,2020-06-25T00:00:00.000000,1762781312.0,41687.84375,0.3690855801105499,0.6032173037528992,0.6937229037284851
153,port681_raw__export,541,2020-06-25T00:00:00.000000,32675750.0,4780.6279296875,0.2880529463291168,0.4488573670387268,0.4296061098575592
154,port738_raw__import,541,2020-06-25T00:00:00.000000,10697238.0,1956.4365234375,3.1375463008880615,1.059558629989624,1.0258851051330566
155,port738_raw__export,541,2020-06-25T00:00:00.000000,18161078.0,3265.02685546875,1.2174917459487915,0.8453742265701294,0.9193466901779175
156,port73_raw__import,541,2020-06-25T00:00:00.000000,159403392.0,10291.029296875,0.46632227301597595,0.5566126704216003,0.415897935628891
157,port73_raw__export,541,2020-06-25T00:00:00.000000,20364732.0,4273.0595703125,0.1494678258895874,0.36607784032821655,0.3463909327983856
158,port744_raw__import,541,2020-06-25T00:00:00.000000,1294154496.0,31171.720703125,0.6853893995285034,0.7173587679862976,0.518738865852356
159,port744_raw__export,541,2020-06-25T00:00:00.000000,379359072.0,17125.763671875,0.4569478929042816,0.5943715572357178,0.41977742314338684
160,port766_raw__import,541,2020-06-25T00:00:00.000000,56668892.0,5472.77099609375,1.0486637353897095,0.7444800138473511,0.6239000558853149
161,port766_raw__export,541,2020-06-25T00:00:00.000000,44727156.0,5121.77734375,0.8875702619552612,0.7215002179145813,0.7351343035697937
162,port775_raw__import,541,2020-06-25T00:00:00.000000,1135803648.0,32165.845703125,2.028163194656372,1.3592355251312256,1.4030073881149292
163,port775_raw__export,541,2020-06-25T00:00:00.000000,147809344.0,8165.1318359375,4.536303520202637,1.4304192066192627,1.483872890472412
164,port776_raw__import,541,2020-06-25T00:00:00.000000,874925184.0,25341.73828125,1.0250648260116577,0.8674142956733704,0.7413356900215149
165,port776_raw__export,541,2020-06-25T00:00:00.000000,620028544.0,19390.9765625,0.8154163956642151,0.7032076120376587,0.584786057472229
166,port781_raw__import,541,2020-06-25T00:00:00.000000,67716600.0,6439.576171875,3.595383882522583,1.4838238954544067,1.3625824451446533
167,port781_raw__export,541,2020-06-25T00:00:00.000000,206019024.0,12180.79296875,0.9012812376022339,0.8056604266166687,0.7406842708587646
168,port787_raw__import,541,2020-06-25T00:00:00.000000,206812.46875,437.9316711425781,0.46751895546913147,0.6584421396255493,0.7453736066818237
169,port787_raw__export,541,2020-06-25T00:00:00.000000,850508864.0,20362.66015625,1.7307851314544678,0.9185792803764343,0.7978358864784241
170,port795_raw__import,541,2020-06-25T00:00:00.000000,30701052.0,5058.40185546875,0.4394168257713318,0.6051667332649231,0.5087976455688477
171,port795_raw__export,541,2020-06-25T00:00:00.000000,46689528.0,6165.025390625,0.8102030158042908,0.8121234774589539,0.8220382332801819
172,port805_raw__import,541,2020-06-25T00:00:00.000000,1559851392.0,30219.9765625,2.115664005279541,1.1129505634307861,0.8971918821334839
173,port805_raw__export,541,2020-06-25T00:00:00.000000,547076800.0,20425.763671875,2.2851195335388184,1.3201054334640503,1.0778563022613525
174,port811_raw__import,541,2020-06-25T00:00:00.000000,765001920.0,25657.9140625,0.7567389607429504,0.806980550289154,0.7478665709495544
175,port811_raw__export,541,2020-06-25T00:00:00.000000,140115008.0,9163.578125,0.9724134206771851,0.7633931636810303,0.6914947032928467
176,port815_raw__import,541,2020-06-25T00:00:00.000000,2050489856.0,36558.8046875,1.2607500553131104,0.9065205454826355,0.6458488702774048
177,port815_raw__export,541,2020-06-25T00:00:00.000000,224855840.0,13535.494140625,0.5530881881713867,0.6713039875030518,0.5213609933853149
178,port826_raw__import,541,2020-06-25T00:00:00.000000,120446176.0,8216.921875,2.274336338043213,1.1291197538375854,0.9825869202613831
179,port826_raw__export,541,2020-06-25T00:00:00.000000,477701536.0,14379.9638671875,1.0139529705047607,0.6625038385391235,0.5920431017875671
180,port839_raw__import,541,2020-06-25T00:00:00.000000,22156096.0,4141.59521484375,0.41787204146385193,0.5687777996063232,0.468253493309021
181,port839_raw__export,541,2020-06-25T00:00:00.000000,69255424.0,7169.4287109375,0.4280534088611603,0.5636462569236755,0.4275585114955902
182,port845_raw__import,541,2020-06-25T00:00:00.000000,803039808.0,24280.55859375,0.8611811399459839,0.7951287031173706,0.7357260584831238
183,port845_raw__export,541,2020-06-25T00:00:00.000000,158126944.0,11450.658203125,0.570626437664032,0.6878653168678284,0.6130054593086243
184,port862_raw__import,541,2020-06-25T00:00:00.000000,81588560.0,7453.341796875,0.719158947467804,0.6997596025466919,0.7012193202972412
185,port862_raw__export,541,2020-06-25T00:00:00.000000,5052177.5,1796.2403564453125,0.3634337782859802,0.48176780343055725,0.4749399721622467
186,port908_raw__import,541,2020-06-25T00:00:00.000000,434821568.0,19358.59765625,1.0327637195587158,0.9434497356414795,0.7511265873908997
187,port908_raw__export,541,2020-06-25T00:00:00.000000,294048096.0,16393.576171875,1.0041218996047974,0.9579827785491943,0.8884163498878479
188,port915_raw__import,541,2020-06-25T00:00:00.000000,2909912064.0,49042.98828125,0.7023479342460632,0.7619267106056213,0.7079688310623169
189,port915_raw__export,541,2020-06-25T00:00:00.000000,76099160.0,7696.55224609375,1.1437218189239502,0.9435534477233887,0.8048611283302307
190,port917_raw__import,541,2020-06-25T00:00:00.000000,6377810.5,2090.4580078125,0.7151901125907898,0.7000295519828796,0.6754079461097717
191,port917_raw__export,541,2020-06-25T00:00:00.000000,206483632.0,12257.685546875,0.8965232372283936,0.8076931834220886,0.6058544516563416
192,port958_raw__import,541,2020-06-25T00:00:00.000000,28493154.0,4156.51171875,0.8002319931983948,0.6965731382369995,0.674344003200531
193,port958_raw__export,541,2020-06-25T00:00:00.000000,9936072.0,1954.2259521484375,0.7336284518241882,0.5310133695602417,0.5046277046203613
194,port959_raw__import,541,2020-06-25T00:00:00.000000,459391296.0,18891.05859375,0.8953989744186401,0.8340137600898743,0.8618084192276001
195,port959_raw__export,541,2020-06-25T00:00:00.000000,468555200.0,21169.6484375,0.9188725352287292,0.9374775886535645,0.7314551472663879
196,port985_raw__import,541,2020-06-25T00:00:00.000000,2052978176.0,36844.625,2.207639694213867,1.20822012424469,0.9994736313819885
197,port985_raw__export,541,2020-06-25T00:00:00.000000,161381616.0,10605.8935546875,0.46419692039489746,0.5688153505325317,0.44354987144470215
0,port1016_raw__import,1053,2021-11-19T00:00:00.000000,4656848.0,1880.980224609375,0.2154998481273651,0.40463337302207947,0.3685731589794159
1,port1016_raw__export,1053,2021-11-19T00:00:00.000000,9930662.0,2768.024169921875,0.37381309270858765,0.5370416641235352,0.49833109974861145
2,port1035_raw__import,1053,2021-11-19T00:00:00.000000,621405696.0,14887.8173828125,5.51663875579834,1.402751088142395,1.3244922161102295
3,port1035_raw__export,1053,2021-11-19T00:00:00.000000,126620040.0,8920.033203125,2.2953619956970215,1.2009940147399902,1.076014757156372
4,port1057_raw__import,1053,2021-11-19T00:00:00.000000,311533472.0,13976.3974609375,1.1814953088760376,0.8607141375541687,0.7408702373504639
5,port1057_raw__export,1053,2021-11-19T00:00:00.000000,17604852.0,3449.0869140625,1.2934073209762573,0.93487948179245,0.7017098069190979
6,port1065_raw__import,1053,2021-11-19T00:00:00.000000,1112956160.0,30566.2421875,1.02665376663208,0.9283571243286133,0.8607450723648071
7,port1065_raw__export,1053,2021-11-19T00:00:00.000000,1289284224.0,28143.181640625,1.3697898387908936,0.9173305034637451,0.8911734223365784
8,port1070_raw__import,1053,2021-11-19T00:00:00.000000,33586266112.0,136333.90625,2.9260144233703613,1.272510290145874,1.09713876247406
9,port1070_raw__export,1053,2021-11-19T00:00:00.000000,980472384.0,27849.12109375,1.4800465106964111,1.0820105075836182,1.2992987632751465
10,port1071_raw__import,1053,2021-11-19T00:00:00.000000,2441103872.0,47965.1796875,1.3362821340560913,1.1222304105758667,0.9375114440917969
11,port1071_raw__export,1053,2021-11-19T00:00:00.000000,221285152.0,11176.83984375,0.514086902141571,0.5387176275253296,0.5430328845977783
12,port1073_raw__import,1053,2021-11-19T00:00:00.000000,1170076032.0,28378.49609375,0.7661765813827515,0.726184070110321,0.6133617758750916
13,port1073_raw__export,1053,2021-11-19T00:00:00.000000,18219910.0,3590.46484375,0.3987957835197449,0.5311936140060425,0.4881707727909088
14,port1086_raw__import,1053,2021-11-19T00:00:00.000000,112342472.0,7227.7841796875,1.840045690536499,0.9250123500823975,0.6930114030838013
15,port1086_raw__export,1053,2021-11-19T00:00:00.000000,40169904.0,4817.99951171875,0.39486387372016907,0.4776833653450012,0.5098104476928711
16,port1112_raw__import,1053,2021-11-19T00:00:00.000000,153849.453125,329.99853515625,0.5867841839790344,0.6444708108901978,0.6334283351898193
17,port1112_raw__export,1053,2021-11-19T00:00:00.000000,36402876.0,5222.55810546875,0.8339284062385559,0.7904598712921143,1.2496236562728882
18,port1128_raw__import,1053,2021-11-19T00:00:00.000000,179339312.0,12148.1416015625,0.3902958035469055,0.5667206645011902,0.46749621629714966
19,port1128_raw__export,1053,2021-11-19T00:00:00.000000,2992524.25,1519.1700439453125,0.412093847990036,0.5637487769126892,0.5676801204681396
20,port1135_raw__import,1053,2021-11-19T00:00:00.000000,3841541.25,1533.5924072265625,0.1781906634569168,0.3302932679653168,0.5288487672805786
21,port1135_raw__export,1053,2021-11-19T00:00:00.000000,2489565.75,1314.705322265625,0.24932079017162323,0.4160502552986145,0.4350820779800415
22,port1160_raw__import,1053,2021-11-19T00:00:00.000000,1097147392.0,25104.345703125,1.4454643726348877,0.9112133979797363,0.9937156438827515
23,port1160_raw__export,1053,2021-11-19T00:00:00.000000,4682044928.0,59629.171875,1.102370262145996,0.9149655103683472,0.7302061319351196
24,port1189_raw__import,1053,2021-11-19T00:00:00.000000,127843904.0,9957.7841796875,0.43698734045028687,0.582179844379425,0.5281363129615784
25,port1189_raw__export,1053,2021-11-19T00:00:00.000000,459608800.0,19665.46875,1.0804442167282104,0.9534794092178345,0.7795582413673401
26,port1197_raw__import,1053,2021-11-19T00:00:00.000000,248910496.0,13128.513671875,0.8048297762870789,0.7465278506278992,0.7640010714530945
27,port1197_raw__export,1053,2021-11-19T00:00:00.000000,518355360.0,20437.123046875,0.5556325316429138,0.6691135764122009,0.6746575236320496
28,port1201_raw__import,1053,2021-11-19T00:00:00.000000,12906388480.0,104960.828125,1.0053040981292725,0.9263468384742737,0.9681660532951355
29,port1201_raw__export,1053,2021-11-19T00:00:00.000000,4042739968.0,54147.06640625,1.4313100576400757,1.0188350677490234,0.8444505929946899
30,port1248_raw__import,1053,2021-11-19T00:00:00.000000,17534244.0,4060.7255859375,0.6567606329917908,0.7858934998512268,0.6784741878509521
31,port1248_raw__export,1053,2021-11-19T00:00:00.000000,873325312.0,21698.931640625,1.4216350317001343,0.8754763603210449,0.9686123728752136
32,port1266_raw__import,1053,2021-11-19T00:00:00.000000,13765645312.0,107688.2578125,0.6556398868560791,0.7431948781013489,0.7598686814308167
33,port1266_raw__export,1053,2021-11-19T00:00:00.000000,1368267648.0,30425.875,0.6908697485923767,0.6836844086647034,0.7044318318367004
34,port1269_raw__import,1053,2021-11-19T00:00:00.000000,1739594240.0,29776.736328125,1.1767891645431519,0.7744662165641785,0.7235241532325745
35,port1269_raw__export,1053,2021-11-19T00:00:00.000000,372370400.0,17190.978515625,0.5540357232093811,0.6631043553352356,0.5598499178886414
36,port1284_raw__import,1053,2021-11-19T00:00:00.000000,105917536.0,8226.736328125,0.3805445730686188,0.4931129515171051,0.4380687177181244
37,port1284_raw__export,1053,2021-11-19T00:00:00.000000,209109296.0,11329.0400390625,1.7114955186843872,1.0249303579330444,0.974750280380249
38,port1304_raw__import,1053,2021-11-19T00:00:00.000000,352227328.0,16254.0791015625,0.6311790347099304,0.6880612969398499,0.6304563879966736
39,port1304_raw__export,1053,2021-11-19T00:00:00.000000,65004596.0,6619.52001953125,2.673332691192627,1.3423969745635986,1.4772247076034546
40,port1309_raw__import,1053,2021-11-19T00:00:00.000000,256372112.0,15971.947265625,1.1050190925598145,1.0485939979553223,0.7878700494766235
41,port1309_raw__export,1053,2021-11-19T00:00:00.000000,237888640.0,14595.2197265625,0.656571090221405,0.7667692303657532,0.7026221752166748
42,port1318_raw__import,1053,2021-11-19T00:00:00.000000,2507599872.0,48126.0078125,1.5153125524520874,1.1830463409423828,1.0946298837661743
43,port1318_raw__export,1053,2021-11-19T00:00:00.000000,34217184.0,4307.1552734375,1.974795937538147,1.034735918045044,1.083246111869812
44,port132_raw__import,1053,2021-11-19T00:00:00.000000,38768032.0,6170.751953125,0.9310721158981323,0.9562971591949463,0.8939875364303589
45,port132_raw__export,1053,2021-11-19T00:00:00.000000,257285.046875,502.60369873046875,0.34752002358436584,0.5841283798217773,0.6379173398017883
46,port1330_raw__import,1053,2021-11-19T00:00:00.000000,1134764.125,758.1153564453125,3.1647768020629883,1.2660592794418335,1.0679991245269775
47,port1330_raw__export,1053,2021-11-19T00:00:00.000000,1291794.0,1047.207763671875,0.7446966767311096,0.7951076030731201,0.7710908055305481
48,port1358_raw__import,1053,2021-11-19T00:00:00.000000,414522080.0,16483.9453125,0.519679605960846,0.5836535692214966,0.5172219276428223
49,port1358_raw__export,1053,2021-11-19T00:00:00.000000,94829152.0,8073.12646484375,3.626213550567627,1.5786923170089722,1.4580615758895874
50,port139_raw__import,1053,2021-11-19T00:00:00.000000,211598384.0,9969.921875,7.462363243103027,1.8722929954528809,2.0932021141052246
51,port139_raw__export,1053,2021-11-19T00:00:00.000000,16160993.0,3265.912841796875,0.5785848498344421,0.6179510354995728,0.6065768003463745
52,port1410_raw__import,1053,2021-11-19T00:00:00.000000,1853269504.0,31351.78515625,1.2075724601745605,0.8002941012382507,0.7935919165611267
53,port1410_raw__export,1053,2021-11-19T00:00:00.000000,330777760.0,17801.6875,0.31998342275619507,0.5536773800849915,0.6715191006660461
54,port1414_raw__import,1053,2021-11-19T00:00:00.000000,135298912.0,9383.2255859375,0.2655749022960663,0.4157177209854126,0.4463083744049072
55,port1414_raw__export,1053,2021-11-19T00:00:00.000000,2607712000.0,41235.54296875,1.4285987615585327,0.9651548862457275,1.0584888458251953
56,port1425_raw__import,1053,2021-11-19T00:00:00.000000,370362752.0,16529.40234375,0.39242228865623474,0.538047194480896,0.46364474296569824
57,port1425_raw__export,1053,2021-11-19T00:00:00.000000,57540456.0,6373.61279296875,1.5960114002227783,1.061492681503296,0.903753936290741
58,port1426_raw__import,1053,2021-11-19T00:00:00.000000,8259036672.0,75657.0,0.9068180322647095,0.7927650809288025,0.6812301278114319
59,port1426_raw__export,1053,2021-11-19T00:00:00.000000,352297088.0,16103.12890625,0.6919161677360535,0.7136453986167908,0.888153612613678
60,port168_raw__import,1053,2021-11-19T00:00:00.000000,207402944.0,12769.310546875,0.5964512228965759,0.6847744584083557,0.6174365282058716
61,port168_raw__export,1053,2021-11-19T00:00:00.000000,527272480.0,19552.734375,0.9759376645088196,0.8412034511566162,1.0207947492599487
62,port193_raw__import,1053,2021-11-19T00:00:00.000000,68985888.0,6464.82861328125,0.8024709820747375,0.6972548365592957,0.8893837928771973
63,port193_raw__export,1053,2021-11-19T00:00:00.000000,22429780.0,4305.89306640625,0.37334948778152466,0.5555312633514404,0.6067631840705872
64,port2017_raw__import,1053,2021-11-19T00:00:00.000000,1319986.5,1011.06298828125,0.8098245859146118,0.7919338345527649,0.7252187132835388
65,port2017_raw__export,1053,2021-11-19T00:00:00.000000,8269610.5,2147.685302734375,2.1756937503814697,1.1016077995300293,0.9053961038589478
66,port2025_raw__import,1053,2021-11-19T00:00:00.000000,1865924992.0,29297.36328125,2.5428457260131836,1.081537127494812,1.013986349105835
67,port2025_raw__export,1053,2021-11-19T00:00:00.000000,409663424.0,15053.078125,0.9715781211853027,0.7330785989761353,0.6364461183547974
68,port2027_raw__import,1053,2021-11-19T00:00:00.000000,455253888.0,18444.83203125,0.33505213260650635,0.5003847479820251,0.4105983078479767
69,port2027_raw__export,1053,2021-11-19T00:00:00.000000,5864418816.0,67256.328125,1.970709204673767,1.232911467552185,0.9193757176399231
70,port2031_raw__import,1053,2021-11-19T00:00:00.000000,287805152.0,14555.9638671875,1.1789616346359253,0.9316258430480957,0.8281950354576111
71,port2031_raw__export,1053,2021-11-19T00:00:00.000000,85135248.0,8542.37109375,0.46705350279808044,0.6327133178710938,0.6564579010009766
72,port2039_raw__import,1053,2021-11-19T00:00:00.000000,997190912.0,27922.763671875,0.8758240938186646,0.8275184035301208,0.6940411329269409
73,port2039_raw__export,1053,2021-11-19T00:00:00.000000,41502164.0,5513.1650390625,0.23657850921154022,0.4162490665912628,0.7169481515884399
74,port2044_raw__import,1053,2021-11-19T00:00:00.000000,3410502144.0,45985.52734375,1.747557282447815,1.0409449338912964,0.7668619751930237
75,port2044_raw__export,1053,2021-11-19T00:00:00.000000,66684236.0,7128.04833984375,0.7172375321388245,0.7392486333847046,0.6519181728363037
76,port2189_raw__import,1053,2021-11-19T00:00:00.000000,139183296.0,10782.962890625,0.567833662033081,0.6887397170066833,0.5960121154785156
77,port2189_raw__export,1053,2021-11-19T00:00:00.000000,155912192.0,9940.47265625,1.2731119394302368,0.8982563614845276,1.0190341472625732
78,port22_raw__import,1053,2021-11-19T00:00:00.000000,175780544.0,10914.55859375,1.6982378959655762,1.0728031396865845,0.9135493040084839
79,port22_raw__export,1053,2021-11-19T00:00:00.000000,48864772.0,6357.09521484375,0.5816470980644226,0.6935703754425049,0.7244536876678467
80,port254_raw__import,1053,2021-11-19T00:00:00.000000,2484827392.0,39636.671875,3.95163631439209,1.5806567668914795,1.3799054622650146
81,port254_raw__export,1053,2021-11-19T00:00:00.000000,480798752.0,20174.482421875,1.517788052558899,1.1335123777389526,1.0920751094818115
82,port270_raw__import,1053,2021-11-19T00:00:00.000000,12174994432.0,89335.078125,2.376817464828491,1.2482038736343384,1.246631145477295
83,port270_raw__export,1053,2021-11-19T00:00:00.000000,413364608.0,17603.294921875,1.2559971809387207,0.9703350067138672,0.8287383317947388
84,port281_raw__import,1053,2021-11-19T00:00:00.000000,32000866.0,5243.22216796875,0.301050066947937,0.5085536241531372,0.524787962436676
85,port281_raw__export,1053,2021-11-19T00:00:00.000000,42224532.0,4873.91943359375,0.7981469035148621,0.6700965166091919,0.6873106360435486
86,port307_raw__import,1053,2021-11-19T00:00:00.000000,46108592.0,6284.603515625,1.643074870109558,1.1863577365875244,0.9250510931015015
87,port307_raw__export,1053,2021-11-19T00:00:00.000000,2123407.5,1139.0521240234375,0.5342545509338379,0.5713484883308411,0.4429553747177124
88,port310_raw__import,1053,2021-11-19T00:00:00.000000,643316544.0,22080.310546875,1.3141673803329468,0.9979715943336487,0.8972238302230835
89,port310_raw__export,1053,2021-11-19T00:00:00.000000,45600732.0,5424.8798828125,0.4884631633758545,0.5614616870880127,0.5807040929794312
90,port317_raw__import,1053,2021-11-19T00:00:00.000000,231038432.0,13655.2060546875,0.9405871629714966,0.8712757229804993,0.7386900782585144
91,port317_raw__export,1053,2021-11-19T00:00:00.000000,127246856.0,9299.5771484375,1.6725012063980103,1.0661612749099731,1.1554192304611206
92,port342_raw__import,1053,2021-11-19T00:00:00.000000,456367552.0,18818.744140625,1.0814027786254883,0.9160664081573486,0.7528003454208374
93,port342_raw__export,1053,2021-11-19T00:00:00.000000,21851636.0,3864.564453125,0.363078236579895,0.4981483221054077,0.5084392428398132
94,port358_raw__import,1053,2021-11-19T00:00:00.000000,64730560.0,6672.857421875,0.6324127912521362,0.6595648527145386,0.7524777054786682
95,port358_raw__export,1053,2021-11-19T00:00:00.000000,459551136.0,18291.76953125,1.2249860763549805,0.9443966150283813,0.8507123589515686
96,port361_raw__import,1053,2021-11-19T00:00:00.000000,534886144.0,17754.197265625,2.132784843444824,1.1210987567901611,0.9876643419265747
97,port361_raw__export,1053,2021-11-19T00:00:00.000000,653338816.0,21244.263671875,2.9212682247161865,1.4205554723739624,1.1582711935043335
98,port362_raw__import,1053,2021-11-19T00:00:00.000000,1180127104.0,32439.4921875,0.8981619477272034,0.8949257135391235,0.9835177659988403
99,port362_raw__export,1053,2021-11-19T00:00:00.000000,2270743296.0,37486.515625,1.283628225326538,0.8912728428840637,0.7639994025230408
100,port364_raw__import,1053,2021-11-19T00:00:00.000000,3472558592.0,45437.92578125,2.2089767456054688,1.1460121870040894,1.0444135665893555
101,port364_raw__export,1053,2021-11-19T00:00:00.000000,165196272.0,10822.4443359375,1.2990763187408447,0.9597156047821045,0.7458226680755615
102,port380_raw__import,1053,2021-11-19T00:00:00.000000,1399677568.0,33218.65234375,1.1634727716445923,0.9577366709709167,0.7674592137336731
103,port380_raw__export,1053,2021-11-19T00:00:00.000000,88003624.0,7686.36572265625,0.3724958002567291,0.5000708103179932,0.5272018909454346
104,port425_raw__import,1053,2021-11-19T00:00:00.000000,1273404672.0,29556.92578125,0.9596483707427979,0.8113945722579956,0.7031901478767395
105,port425_raw__export,1053,2021-11-19T00:00:00.000000,716125248.0,21456.912109375,1.7327680587768555,1.0554627180099487,0.9015153646469116
106,port426_raw__import,1053,2021-11-19T00:00:00.000000,291300992.0,13272.212890625,4.976621627807617,1.7347608804702759,1.905250072479248
107,port426_raw__export,1053,2021-11-19T00:00:00.000000,174298560.0,12004.7255859375,2.2613086700439453,1.3673676252365112,1.0169035196304321
108,port434_raw__import,1053,2021-11-19T00:00:00.000000,100906168.0,9237.9208984375,0.9720742106437683,0.9067031145095825,0.7087000608444214
109,port434_raw__export,1053,2021-11-19T00:00:00.000000,13890780.0,3160.41357421875,0.5423357486724854,0.6244745254516602,0.561625599861145
110,port435_raw__import,1053,2021-11-19T00:00:00.000000,336275840.0,13993.1533203125,1.2757925987243652,0.8619018197059631,0.6446824073791504
111,port435_raw__export,1053,2021-11-19T00:00:00.000000,19098474.0,4098.6533203125,1.0912773609161377,0.9797368049621582,0.9577239155769348
112,port439_raw__import,1053,2021-11-19T00:00:00.000000,9253849.0,2734.192626953125,0.738269567489624,0.7722809910774231,0.6477063894271851
113,port439_raw__export,1053,2021-11-19T00:00:00.000000,8032989.5,2364.02685546875,1.831584095954895,1.12882661819458,0.8786778450012207
114,port443_raw__import,1053,2021-11-19T00:00:00.000000,135166576.0,9508.80859375,2.21866512298584,1.2182525396347046,1.1703648567199707
115,port443_raw__export,1053,2021-11-19T00:00:00.000000,79137632.0,6771.9033203125,1.7990546226501465,1.0210368633270264,1.1014665365219116
116,port446_raw__import,1053,2021-11-19T00:00:00.000000,701038784.0,22282.861328125,0.39941051602363586,0.5318751335144043,0.5507623553276062
117,port446_raw__export,1053,2021-11-19T00:00:00.000000,511780864.0,18196.1875,1.634133219718933,1.0282108783721924,0.8197373151779175
118,port484_raw__import,1053,2021-11-19T00:00:00.000000,66284192.0,6882.1142578125,0.3759274184703827,0.51828533411026,0.8573313355445862
119,port484_raw__export,1053,2021-11-19T00:00:00.000000,24604814.0,4361.98974609375,0.5895654559135437,0.6752126812934875,0.5954808592796326
120,port503_raw__import,1053,2021-11-19T00:00:00.000000,87629280.0,8611.5654296875,2.2267723083496094,1.3727624416351318,1.7017043828964233
121,port503_raw__export,1053,2021-11-19T00:00:00.000000,34551568.0,4626.5771484375,0.5999184846878052,0.6096380352973938,0.6745582818984985
122,port514_raw__import,1053,2021-11-19T00:00:00.000000,410938848.0,18538.015625,0.7016971111297607,0.7660364508628845,0.7427374124526978
123,port514_raw__export,1053,2021-11-19T00:00:00.000000,47137956.0,4968.1494140625,0.419006884098053,0.4684032201766968,0.459932416677475
124,port540_raw__import,1053,2021-11-19T00:00:00.000000,653888832.0,23334.998046875,0.9860893487930298,0.9061789512634277,0.686955988407135
125,port540_raw__export,1053,2021-11-19T00:00:00.000000,143137328.0,10400.8193359375,0.3412592113018036,0.5078474879264832,0.4539363384246826
126,port541_raw__import,1053,2021-11-19T00:00:00.000000,3579079680.0,50926.94921875,1.4438567161560059,1.0228785276412964,0.7364774942398071
127,port541_raw__export,1053,2021-11-19T00:00:00.000000,252757472.0,12998.228515625,0.2960017919540405,0.44481492042541504,0.31767362356185913
128,port543_raw__import,1053,2021-11-19T00:00:00.000000,237883152.0,11645.1337890625,0.3873775601387024,0.4699263870716095,0.41534075140953064
129,port543_raw__export,1053,2021-11-19T00:00:00.000000,260967040.0,11648.26171875,0.9928743243217468,0.7184812426567078,0.7532175779342651
130,port555_raw__import,1053,2021-11-19T00:00:00.000000,171560768.0,12024.3994140625,0.23832671344280243,0.4481678903102875,0.38019686937332153
131,port555_raw__export,1053,2021-11-19T00:00:00.000000,7071292.5,2198.762451171875,0.20073963701725006,0.3704635202884674,0.34610530734062195
132,port570_raw__import,1053,2021-11-19T00:00:00.000000,759942464.0,27089.45703125,0.3220798671245575,0.5576885342597961,0.7235687971115112
133,port570_raw__export,1053,2021-11-19T00:00:00.000000,3887829248.0,47463.89453125,1.1605067253112793,0.820037305355072,0.8046479821205139
134,port592_raw__import,1053,2021-11-19T00:00:00.000000,129914608.0,10191.7412109375,0.44050413370132446,0.5934640765190125,0.5151069164276123
135,port592_raw__export,1053,2021-11-19T00:00:00.000000,3291210.25,1279.463623046875,0.15452000498771667,0.27723145484924316,0.22488965094089508
136,port601_raw__import,1053,2021-11-19T00:00:00.000000,538478.0,695.9891357421875,0.44975602626800537,0.636073112487793,0.6586039662361145
137,port601_raw__export,1053,2021-11-19T00:00:00.000000,1363434.875,1062.436279296875,0.2082219272851944,0.4151919186115265,0.5212995409965515
138,port62_raw__import,1053,2021-11-19T00:00:00.000000,224474336.0,12888.1376953125,2.192826986312866,1.2738227844238281,1.1905384063720703
139,port62_raw__export,1053,2021-11-19T00:00:00.000000,51742084.0,5586.8388671875,0.9085137844085693,0.7403036952018738,0.8275027871131897
140,port644_raw__import,1053,2021-11-19T00:00:00.000000,13163776000.0,82065.2109375,0.9012596011161804,0.6790376305580139,0.6566373705863953
141,port644_raw__export,1053,2021-11-19T00:00:00.000000,369794944.0,16736.375,0.5231966376304626,0.6295256018638611,0.5843303203582764
142,port649_raw__import,1053,2021-11-19T00:00:00.000000,9518031.0,3031.77001953125,0.2300897091627121,0.4713801145553589,0.6110097169876099
143,port649_raw__export,1053,2021-11-19T00:00:00.000000,8615576.0,2759.562255859375,0.3341121971607208,0.543430745601654,0.5861316919326782
144,port657_raw__import,1053,2021-11-19T00:00:00.000000,197685744.0,12321.4833984375,0.5356138944625854,0.6413590908050537,0.6475305557250977
145,port657_raw__export,1053,2021-11-19T00:00:00.000000,69999224.0,6773.40185546875,0.9209824204444885,0.7769371867179871,0.6747745275497437
146,port667_raw__import,1053,2021-11-19T00:00:00.000000,7882384.0,2458.69384765625,1.8603769540786743,1.1944721937179565,0.9931265115737915
147,port667_raw__export,1053,2021-11-19T00:00:00.000000,35381484.0,3281.7646484375,17.072498321533203,2.279648780822754,2.8129923343658447
148,port672_raw__import,1053,2021-11-19T00:00:00.000000,834938176.0,28233.853515625,0.40141013264656067,0.6190662384033203,0.5584285855293274
149,port672_raw__export,1053,2021-11-19T00:00:00.000000,821471040.0,20563.619140625,0.6674736142158508,0.5861657857894897,0.5698837041854858
150,port67_raw__import,1053,2021-11-19T00:00:00.000000,171944160.0,7619.50146484375,2.2427029609680176,0.8701992630958557,0.9612880349159241
151,port67_raw__export,1053,2021-11-19T00:00:00.000000,11737525.0,3178.439208984375,0.38368627429008484,0.5746637582778931,0.48949846625328064
152,port681_raw__import,1053,2021-11-19T00:00:00.000000,3448299264.0,55162.29296875,0.7981784343719482,0.8392470479011536,0.6438083648681641
153,port681_raw__export,1053,2021-11-19T00:00:00.000000,564390528.0,21716.3515625,1.189001441001892,0.9967544078826904,0.8092339634895325
154,port738_raw__import,1053,2021-11-19T00:00:00.000000,3538995.25,1468.32568359375,0.1452314704656601,0.2974492013454437,0.35225093364715576
155,port738_raw__export,1053,2021-11-19T00:00:00.000000,32093340.0,5562.82958984375,1.0521982908248901,1.0072495937347412,0.8795269727706909
156,port73_raw__import,1053,2021-11-19T00:00:00.000000,469373216.0,18265.4921875,2.053126096725464,1.2080364227294922,0.9533429741859436
157,port73_raw__export,1053,2021-11-19T00:00:00.000000,133317680.0,9382.7080078125,1.7456929683685303,1.0736637115478516,0.9545236825942993
158,port744_raw__import,1053,2021-11-19T00:00:00.000000,1798499200.0,34166.65625,1.0456737279891968,0.8238447904586792,0.6087878346443176
159,port744_raw__export,1053,2021-11-19T00:00:00.000000,373690400.0,17556.642578125,0.7833677530288696,0.8038376569747925,0.5615322589874268
160,port766_raw__import,1053,2021-11-19T00:00:00.000000,40809108.0,5198.857421875,0.4859822988510132,0.5673350095748901,0.5092397928237915
161,port766_raw__export,1053,2021-11-19T00:00:00.000000,13714364.0,2860.995849609375,0.27934759855270386,0.40832117199897766,0.34471356868743896
162,port775_raw__import,1053,2021-11-19T00:00:00.000000,604704064.0,21626.61328125,0.4727365970611572,0.6046814918518066,0.5869945883750916
163,port775_raw__export,1053,2021-11-19T00:00:00.000000,78829736.0,7457.904296875,0.5930391550064087,0.6468647122383118,0.5339072346687317
164,port776_raw__import,1053,2021-11-19T00:00:00.000000,1757920384.0,36759.7421875,0.7593725919723511,0.7640122175216675,0.6464422345161438
165,port776_raw__export,1053,2021-11-19T00:00:00.000000,141150640.0,10511.4267578125,0.41264697909355164,0.5683419108390808,0.5152785778045654
166,port781_raw__import,1053,2021-11-19T00:00:00.000000,8214533.5,2167.159912109375,0.8113146424293518,0.6810738444328308,0.7370554804801941
167,port781_raw__export,1053,2021-11-19T00:00:00.000000,86421872.0,8134.23486328125,0.32528066635131836,0.49903833866119385,0.5416259765625
168,port787_raw__import,1053,2021-11-19T00:00:00.000000,1579634.25,750.6619262695312,0.39523571729660034,0.3754864037036896,0.4432061016559601
169,port787_raw__export,1053,2021-11-19T00:00:00.000000,357673792.0,16084.5859375,1.3918671607971191,1.003379464149475,0.9907757639884949
170,port795_raw__import,1053,2021-11-19T00:00:00.000000,28692678.0,5045.11572265625,0.37997955083847046,0.5805848836898804,0.6471226811408997
171,port795_raw__export,1053,2021-11-19T00:00:00.000000,15029706.0,3451.794677734375,0.5397630929946899,0.6541409492492676,0.6109960675239563
172,port805_raw__import,1053,2021-11-19T00:00:00.000000,794134592.0,25204.505859375,0.6643220782279968,0.7289881110191345,0.5195289850234985
173,port805_raw__export,1053,2021-11-19T00:00:00.000000,176646304.0,12879.4970703125,0.45636582374572754,0.6546410322189331,0.49808287620544434
174,port811_raw__import,1053,2021-11-19T00:00:00.000000,670163200.0,22354.76953125,1.3269250392913818,0.9947250485420227,1.097327709197998
175,port811_raw__export,1053,2021-11-19T00:00:00.000000,248145232.0,13480.369140625,1.1685701608657837,0.925073504447937,0.9433188438415527
176,port815_raw__import,1053,2021-11-19T00:00:00.000000,718326400.0,21033.33984375,0.41763660311698914,0.5071619153022766,0.41038182377815247
177,port815_raw__export,1053,2021-11-19T00:00:00.000000,252058448.0,14716.107421875,0.9855219125747681,0.9201856851577759,0.8138740062713623
178,port826_raw__import,1053,2021-11-19T00:00:00.000000,127746992.0,9496.201171875,1.6522996425628662,1.0799880027770996,0.8736186027526855
179,port826_raw__export,1053,2021-11-19T00:00:00.000000,522749568.0,16977.109375,0.43664294481277466,0.4906594753265381,0.4424222707748413
180,port839_raw__import,1053,2021-11-19T00:00:00.000000,31195316.0,5115.12890625,0.25942689180374146,0.4664653539657593,0.5817969441413879
181,port839_raw__export,1053,2021-11-19T00:00:00.000000,81726448.0,8325.4501953125,0.5557045340538025,0.6865124106407166,0.562323808670044
182,port845_raw__import,1053,2021-11-19T00:00:00.000000,1329154560.0,27059.349609375,2.145433187484741,1.087144136428833,0.9858682155609131
183,port845_raw__export,1053,2021-11-19T00:00:00.000000,172961408.0,12572.0478515625,0.3847097158432007,0.5929225087165833,0.5876927375793457
184,port862_raw__import,1053,2021-11-19T00:00:00.000000,69934544.0,6629.85302734375,1.423438310623169,0.9458610415458679,1.0703436136245728
185,port862_raw__export,1053,2021-11-19T00:00:00.000000,17552250.0,3462.398681640625,2.6316580772399902,1.3406808376312256,1.0467573404312134
186,port908_raw__import,1053,2021-11-19T00:00:00.000000,197722448.0,10760.650390625,0.4425239861011505,0.5090715885162354,0.5118507146835327
187,port908_raw__export,1053,2021-11-19T00:00:00.000000,294381600.0,11227.400390625,0.6368634104728699,0.5222122073173523,0.6168192625045776
188,port915_raw__import,1053,2021-11-19T00:00:00.000000,3020168192.0,51558.484375,0.6129316091537476,0.7344979047775269,0.8946238160133362
189,port915_raw__export,1053,2021-11-19T00:00:00.000000,63199136.0,7782.29052734375,0.5715941190719604,0.7401091456413269,0.7728079557418823
190,port917_raw__import,1053,2021-11-19T00:00:00.000000,22525894.0,4210.92724609375,0.9691998958587646,0.8734607696533203,0.7281812429428101
191,port917_raw__export,1053,2021-11-19T00:00:00.000000,446711840.0,18969.6328125,3.6201815605163574,1.7076953649520874,1.337043046951294
192,port958_raw__import,1053,2021-11-19T00:00:00.000000,9333325.0,2508.2138671875,0.28759321570396423,0.44028687477111816,0.4278561770915985
193,port958_raw__export,1053,2021-11-19T00:00:00.000000,9429838.0,2703.33056640625,0.4927624762058258,0.6179677844047546,0.47868043184280396
194,port959_raw__import,1053,2021-11-19T00:00:00.000000,280095552.0,14267.2197265625,0.5638108253479004,0.6401075124740601,0.7181593179702759
195,port959_raw__export,1053,2021-11-19T00:00:00.000000,483797376.0,20766.630859375,0.9381610155105591,0.9144774079322815,1.0587913990020752
196,port985_raw__import,1053,2021-11-19T00:00:00.000000,2566557696.0,47931.8515625,2.34360671043396,1.4484084844589233,1.188359260559082
197,port985_raw__export,1053,2021-11-19T00:00:00.000000,374343008.0,16955.9296875,1.6322976350784302,1.1196606159210205,0.755660355091095
0,port1016_raw__import,1565,2023-04-15T00:00:00.000000,6795845.0,2533.469482421875,0.16955691576004028,0.40017661452293396,0.3750830292701721
1,port1016_raw__export,1565,2023-04-15T00:00:00.000000,5366862.0,1763.198974609375,0.2215604931116104,0.3582509160041809,0.3722279667854309
2,port1035_raw__import,1565,2023-04-15T00:00:00.000000,173716736.0,10249.6689453125,1.740521788597107,1.0259560346603394,1.01332688331604
3,port1035_raw__export,1565,2023-04-15T00:00:00.000000,293532224.0,12835.1298828125,8.458215713500977,2.178771734237671,1.9203370809555054
4,port1057_raw__import,1565,2023-04-15T00:00:00.000000,271724800.0,14665.6220703125,1.0335712432861328,0.9044947624206543,0.822895348072052
5,port1057_raw__export,1565,2023-04-15T00:00:00.000000,12689166.0,3012.62255859375,0.4182277321815491,0.5469335913658142,0.5715335011482239
6,port1065_raw__import,1565,2023-04-15T00:00:00.000000,721770432.0,21243.916015625,0.47982946038246155,0.5477449893951416,0.46643078327178955
7,port1065_raw__export,1565,2023-04-15T00:00:00.000000,1515094144.0,35715.859375,1.8180840015411377,1.2372238636016846,0.9175223112106323
8,port1070_raw__import,1565,2023-04-15T00:00:00.000000,9313886208.0,80128.8359375,0.7075702548027039,0.6984063386917114,0.5142254829406738
9,port1070_raw__export,1565,2023-04-15T00:00:00.000000,513883680.0,19847.232421875,0.5270969271659851,0.6356423497200012,0.5386316180229187
10,port1071_raw__import,1565,2023-04-15T00:00:00.000000,1589440128.0,37131.05078125,1.122801661491394,0.9868852496147156,0.827621340751648
11,port1071_raw__export,1565,2023-04-15T00:00:00.000000,641318592.0,20524.89453125,1.410388469696045,0.9625279307365417,0.8455804586410522
12,port1073_raw__import,1565,2023-04-15T00:00:00.000000,2990857984.0,42964.8203125,3.447913646697998,1.4587916135787964,1.524776816368103
13,port1073_raw__export,1565,2023-04-15T00:00:00.000000,100636128.0,6695.73974609375,1.249959945678711,0.7462247014045715,0.7678557634353638
14,port1086_raw__import,1565,2023-04-15T00:00:00.000000,145221104.0,7601.75634765625,1.4953839778900146,0.7713925838470459,0.6392260789871216
15,port1086_raw__export,1565,2023-04-15T00:00:00.000000,12484382.0,3363.505615234375,0.8405946493148804,0.8727743029594421,0.766872227191925
16,port1112_raw__import,1565,2023-04-15T00:00:00.000000,36784.67578125,151.2083740234375,1.1129611730575562,0.83173006772995,0.7319748997688293
17,port1112_raw__export,1565,2023-04-15T00:00:00.000000,10408269.0,2331.979736328125,0.8926053047180176,0.6829127073287964,0.6023499965667725
18,port1128_raw__import,1565,2023-04-15T00:00:00.000000,208853984.0,14065.0361328125,0.44686293601989746,0.650588870048523,0.6043318510055542
19,port1128_raw__export,1565,2023-04-15T00:00:00.000000,7873695.0,2198.389404296875,1.477312684059143,0.9522512555122375,0.9429265856742859
20,port1135_raw__import,1565,2023-04-15T00:00:00.000000,8117505.5,2406.757080078125,0.9603394269943237,0.8278151154518127,0.8795163631439209
21,port1135_raw__export,1565,2023-04-15T00:00:00.000000,11451447.0,2669.90966796875,1.8306185007095337,1.0674936771392822,0.9061320424079895
22,port1160_raw__import,1565,2023-04-15T00:00:00.000000,1465643392.0,34627.578125,1.9535831212997437,1.2642236948013306,0.9581682682037354
23,port1160_raw__export,1565,2023-04-15T00:00:00.000000,4207361024.0,52767.1796875,1.3702692985534668,0.9522740840911865,0.7471728920936584
24,port1189_raw__import,1565,2023-04-15T00:00:00.000000,202162256.0,12675.5537109375,0.439819872379303,0.5912271738052368,0.5603846907615662
25,port1189_raw__export,1565,2023-04-15T00:00:00.000000,301515616.0,14877.5419921875,0.8430331349372864,0.7866809368133545,0.6876637935638428
26,port1197_raw__import,1565,2023-04-15T00:00:00.000000,456634016.0,17682.197265625,1.0081994533538818,0.830855131149292,0.6128081679344177
27,port1197_raw__export,1565,2023-04-15T00:00:00.000000,1190118912.0,29721.3203125,1.8146308660507202,1.1605584621429443,1.0777095556259155
28,port1201_raw__import,1565,2023-04-15T00:00:00.000000,13909661696.0,102018.234375,1.1115155220031738,0.9119631052017212,0.7649520635604858
29,port1201_raw__export,1565,2023-04-15T00:00:00.000000,7173130240.0,61727.34375,1.5008915662765503,0.8928898572921753,0.7059997916221619
30,port1248_raw__import,1565,2023-04-15T00:00:00.000000,16080325.0,3624.52783203125,0.3174004554748535,0.5092227458953857,0.48832064867019653
31,port1248_raw__export,1565,2023-04-15T00:00:00.000000,52736776.0,6321.85107421875,0.6173931360244751,0.6840193271636963,0.7815130949020386
32,port1266_raw__import,1565,2023-04-15T00:00:00.000000,16534747136.0,109250.0546875,1.2110048532485962,0.9349660873413086,0.7144623398780823
33,port1266_raw__export,1565,2023-04-15T00:00:00.000000,891970624.0,24263.599609375,0.5472299456596375,0.6009867787361145,0.5489678978919983
34,port1269_raw__import,1565,2023-04-15T00:00:00.000000,1217530624.0,31875.2109375,0.8277972340583801,0.8311417698860168,0.914527952671051
35,port1269_raw__export,1565,2023-04-15T00:00:00.000000,1278614144.0,26216.4140625,1.8415933847427368,0.994948148727417,0.851576566696167
36,port1284_raw__import,1565,2023-04-15T00:00:00.000000,163219136.0,10053.38671875,1.617427945137024,1.000781536102295,0.8155540227890015
37,port1284_raw__export,1565,2023-04-15T00:00:00.000000,158442480.0,9118.3720703125,0.7811341881752014,0.6402422189712524,0.5959562063217163
38,port1304_raw__import,1565,2023-04-15T00:00:00.000000,67080040.0,5177.638671875,0.26233619451522827,0.3237905502319336,0.2739119231700897
39,port1304_raw__export,1565,2023-04-15T00:00:00.000000,63929360.0,7131.99853515625,0.9067875146865845,0.8494030237197876,0.8616929650306702
40,port1309_raw__import,1565,2023-04-15T00:00:00.000000,1530434.625,1236.19140625,0.3027614951133728,0.5498303174972534,0.7729788422584534
41,port1309_raw__export,1565,2023-04-15T00:00:00.000000,2041183.625,1427.5706787109375,0.14308524131774902,0.37796708941459656,0.5213735699653625
42,port1318_raw__import,1565,2023-04-15T00:00:00.000000,1737250560.0,36351.78125,1.435036063194275,1.0447824001312256,0.9990799427032471
43,port1318_raw__export,1565,2023-04-15T00:00:00.000000,5992727.5,2021.5771484375,0.23723185062408447,0.40222081542015076,0.40766608715057373
44,port132_raw__import,1565,2023-04-15T00:00:00.000000,122988824.0,9907.37109375,2.7942187786102295,1.4933301210403442,1.413594126701355
45,port132_raw__export,1565,2023-04-15T00:00:00.000000,2389756.75,1481.7435302734375,0.2515418529510498,0.4807301163673401,0.46011632680892944
46,port1330_raw__import,1565,2023-04-15T00:00:00.000000,185911.703125,392.7223205566406,0.5638010501861572,0.6839039921760559,0.5804450511932373
47,port1330_raw__export,1565,2023-04-15T00:00:00.000000,1308244.0,1001.8082275390625,1.1674494743347168,0.9463663101196289,0.8585995435714722
48,port1358_raw__import,1565,2023-04-15T00:00:00.000000,294059232.0,14897.7080078125,0.6092225909233093,0.6780941486358643,0.5555025935173035
49,port1358_raw__export,1565,2023-04-15T00:00:00.000000,26724056.0,4294.966796875,0.5522223711013794,0.6173985600471497,0.5428947806358337
50,port139_raw__import,1565,2023-04-15T00:00:00.000000,25036426.0,4443.505859375,0.7213860154151917,0.7542641758918762,0.6117423176765442
51,port139_raw__export,1565,2023-04-15T00:00:00.000000,27689110.0,4187.35400390625,0.5045485496520996,0.5652449131011963,0.44530320167541504
52,port1410_raw__import,1565,2023-04-15T00:00:00.000000,1640617344.0,31323.240234375,1.3098605871200562,0.8850657939910889,0.8020153641700745
53,port1410_raw__export,1565,2023-04-15T00:00:00.000000,37661408.0,5321.13134765625,0.5742229223251343,0.6570462584495544,0.5604211688041687
54,port1414_raw__import,1565,2023-04-15T00:00:00.000000,232486592.0,12771.60546875,0.5330156683921814,0.6115282773971558,0.5041903853416443
55,port1414_raw__export,1565,2023-04-15T00:00:00.000000,3625033984.0,42410.14453125,2.754643201828003,1.1690857410430908,0.924903392791748
56,port1425_raw__import,1565,2023-04-15T00:00:00.000000,731921856.0,23630.673828125,0.983547568321228,0.8662463426589966,0.6412553787231445
57,port1425_raw__export,1565,2023-04-15T00:00:00.000000,9640807.0,2702.156982421875,0.312568336725235,0.4865487217903137,0.48811566829681396
58,port1426_raw__import,1565,2023-04-15T00:00:00.000000,16384975872.0,92656.7734375,0.9594968557357788,0.7090485692024231,0.5522392988204956
59,port1426_raw__export,1565,2023-04-15T00:00:00.000000,470013056.0,11142.42578125,4.304365158081055,1.0662999153137207,1.0743311643600464
60,port168_raw__import,1565,2023-04-15T00:00:00.000000,150202544.0,10511.1611328125,0.5283292531967163,0.6233965754508972,0.6136932373046875
61,port168_raw__export,1565,2023-04-15T00:00:00.000000,316282848.0,16235.1142578125,0.37036433815956116,0.5555614233016968,0.559563159942627
62,port193_raw__import,1565,2023-04-15T00:00:00.000000,152087360.0,9190.2734375,0.7333400845527649,0.6381673812866211,0.6263724565505981
63,port193_raw__export,1565,2023-04-15T00:00:00.000000,48408364.0,6426.9267578125,0.4168888032436371,0.5964214205741882,0.5885190367698669
64,port2017_raw__import,1565,2023-04-15T00:00:00.000000,1734510.375,1128.083984375,0.7214508652687073,0.7275391817092896,0.6191232204437256
65,port2017_raw__export,1565,2023-04-15T00:00:00.000000,625105.4375,704.0396118164062,0.34669357538223267,0.5243162512779236,0.5210493803024292
66,port2025_raw__import,1565,2023-04-15T00:00:00.000000,591193600.0,22354.52734375,0.3859518766403198,0.5711723566055298,0.523106575012207
67,port2025_raw__export,1565,2023-04-15T00:00:00.000000,191835040.0,10156.04296875,0.3543776273727417,0.43650949001312256,0.39196842908859253
68,port2027_raw__import,1565,2023-04-15T00:00:00.000000,1108733312.0,32040.72265625,0.6892756223678589,0.7988868355751038,0.7698691487312317
69,port2027_raw__export,1565,2023-04-15T00:00:00.000000,445300960.0,18417.025390625,0.09531392902135849,0.26944541931152344,0.19365672767162323
70,port2031_raw__import,1565,2023-04-15T00:00:00.000000,230555728.0,14482.2744140625,0.5971753001213074,0.737054705619812,0.6933099627494812
71,port2031_raw__export,1565,2023-04-15T00:00:00.000000,71348832.0,6748.6220703125,0.3112497925758362,0.445734441280365,0.36951079964637756
72,port2039_raw__import,1565,2023-04-15T00:00:00.000000,916638336.0,27838.17578125,1.2085144519805908,1.0108057260513306,0.8642414808273315
73,port2039_raw__export,1565,2023-04-15T00:00:00.000000,159020624.0,7769.06884765625,1.6988766193389893,0.8030139803886414,1.0204505920410156
74,port2044_raw__import,1565,2023-04-15T00:00:00.000000,1117014784.0,26069.251953125,0.6179356575012207,0.6131556630134583,0.4846656918525696
75,port2044_raw__export,1565,2023-04-15T00:00:00.000000,74483544.0,6472.73681640625,0.6836580038070679,0.6201221942901611,0.6495310664176941
76,port2189_raw__import,1565,2023-04-15T00:00:00.000000,547949504.0,20945.630859375,0.19944873452186584,0.39961227774620056,0.3402423560619354
77,port2189_raw__export,1565,2023-04-15T00:00:00.000000,872955328.0,26489.83203125,0.31721431016921997,0.5049630403518677,0.5698826313018799
78,port22_raw__import,1565,2023-04-15T00:00:00.000000,217144768.0,12411.2841796875,1.117797613143921,0.8904788494110107,0.9456329941749573
79,port22_raw__export,1565,2023-04-15T00:00:00.000000,59446516.0,5305.59521484375,0.9194518327713013,0.6598350405693054,0.6928480863571167
80,port254_raw__import,1565,2023-04-15T00:00:00.000000,1179076480.0,32672.033203125,3.932485580444336,1.8868558406829834,1.7581515312194824
81,port254_raw__export,1565,2023-04-15T00:00:00.000000,557961920.0,21612.087890625,0.6665279269218445,0.7469708919525146,0.7430345416069031
82,port270_raw__import,1565,2023-04-15T00:00:00.000000,3111355392.0,50618.8984375,0.7777959704399109,0.8003330826759338,0.5986809730529785
83,port270_raw__export,1565,2023-04-15T00:00:00.000000,3113589504.0,38305.40625,7.641695976257324,1.8976857662200928,1.5753694772720337
84,port281_raw__import,1565,2023-04-15T00:00:00.000000,134370592.0,7888.27978515625,1.5754650831222534,0.8541509509086609,0.8089296221733093
85,port281_raw__export,1565,2023-04-15T00:00:00.000000,26169790.0,4339.60693359375,0.2667625844478607,0.43813979625701904,0.5306510925292969
86,port307_raw__import,1565,2023-04-15T00:00:00.000000,7346250.5,2428.0458984375,0.29212629795074463,0.48418277502059937,0.413705438375473
87,port307_raw__export,1565,2023-04-15T00:00:00.000000,5804634.5,2388.664794921875,1.1259472370147705,1.052026629447937,1.1437650918960571
88,port310_raw__import,1565,2023-04-15T00:00:00.000000,539516672.0,18710.669921875,0.5213004946708679,0.581608772277832,0.5020307898521423
89,port310_raw__export,1565,2023-04-15T00:00:00.000000,68370712.0,6881.96923828125,0.8537005186080933,0.7690073251724243,0.6844369769096375
90,port317_raw__import,1565,2023-04-15T00:00:00.000000,89767176.0,9326.4140625,0.40079227089881897,0.623183012008667,0.5206603407859802
91,port317_raw__export,1565,2023-04-15T00:00:00.000000,77728928.0,6568.50146484375,1.492148995399475,0.9100831151008606,0.7200682163238525
92,port342_raw__import,1565,2023-04-15T00:00:00.000000,357027712.0,18166.4453125,1.2099460363388062,1.0575525760650635,0.7835482358932495
93,port342_raw__export,1565,2023-04-15T00:00:00.000000,16309070.0,3580.572265625,0.38819921016693115,0.55241459608078,0.503250777721405
94,port358_raw__import,1565,2023-04-15T00:00:00.000000,41275092.0,6423.20263671875,0.2439008355140686,0.49375808238983154,0.5545955896377563
95,port358_raw__export,1565,2023-04-15T00:00:00.000000,264079968.0,11781.0810546875,0.8900747299194336,0.6839598417282104,0.5163872838020325
96,port361_raw__import,1565,2023-04-15T00:00:00.000000,193762064.0,12117.1142578125,0.6831634044647217,0.7194939255714417,0.5938370227813721
97,port361_raw__export,1565,2023-04-15T00:00:00.000000,1385031296.0,26345.767578125,2.9522409439086914,1.2163454294204712,1.11616849899292
98,port362_raw__import,1565,2023-04-15T00:00:00.000000,938590400.0,28862.93359375,1.0462459325790405,0.9636499285697937,0.9003701210021973
99,port362_raw__export,1565,2023-04-15T00:00:00.000000,2122914432.0,33169.9921875,1.146474838256836,0.7708349823951721,0.6943178772926331
100,port364_raw__import,1565,2023-04-15T00:00:00.000000,724267456.0,21798.607421875,0.2531648576259613,0.40755006670951843,0.37938082218170166
101,port364_raw__export,1565,2023-04-15T00:00:00.000000,54837488.0,6665.1220703125,0.6530132293701172,0.7273280620574951,0.7697382569313049
102,port380_raw__import,1565,2023-04-15T00:00:00.000000,1713461888.0,37129.85546875,0.6380457282066345,0.7164928913116455,0.5441206693649292
103,port380_raw__export,1565,2023-04-15T00:00:00.000000,88730592.0,8633.38671875,0.3813108801841736,0.5659578442573547,0.5435599684715271
104,port425_raw__import,1565,2023-04-15T00:00:00.000000,1676179200.0,37720.7421875,0.9539232850074768,0.899863600730896,0.6569470167160034
105,port425_raw__export,1565,2023-04-15T00:00:00.000000,431857184.0,13809.341796875,0.4912443161010742,0.46574866771698,0.4168332815170288
106,port426_raw__import,1565,2023-04-15T00:00:00.000000,98634040.0,8211.8076171875,0.6884350180625916,0.6860515475273132,0.6451303958892822
107,port426_raw__export,1565,2023-04-15T00:00:00.000000,88403304.0,7861.27783203125,0.36571940779685974,0.5056300163269043,0.5394909381866455
108,port434_raw__import,1565,2023-04-15T00:00:00.000000,111536936.0,10428.69921875,0.8311299681663513,0.9002337455749512,0.6926117539405823
109,port434_raw__export,1565,2023-04-15T00:00:00.000000,25585802.0,3985.828369140625,1.2496612071990967,0.8808770179748535,0.8282623887062073
110,port435_raw__import,1565,2023-04-15T00:00:00.000000,695192320.0,18502.40234375,3.8735859394073486,1.3811227083206177,1.206418514251709
111,port435_raw__export,1565,2023-04-15T00:00:00.000000,84059040.0,7799.5927734375,1.8009834289550781,1.1416542530059814,1.0667561292648315
112,port439_raw__import,1565,2023-04-15T00:00:00.000000,17239220.0,3829.086669921875,0.5902916193008423,0.7085487246513367,0.568030595779419
113,port439_raw__export,1565,2023-04-15T00:00:00.000000,63897520.0,7119.3876953125,1.0002686977386475,0.890756368637085,0.6287153363227844
114,port443_raw__import,1565,2023-04-15T00:00:00.000000,46281092.0,6227.4248046875,0.575728178024292,0.6945690512657166,0.70445317029953
115,port443_raw__export,1565,2023-04-15T00:00:00.000000,54660444.0,5874.39990234375,1.0113024711608887,0.7990379929542542,0.7004832625389099
116,port446_raw__import,1565,2023-04-15T00:00:00.000000,2800920576.0,49344.578125,1.563787579536438,1.1659445762634277,0.9794625043869019
117,port446_raw__export,1565,2023-04-15T00:00:00.000000,457450112.0,19757.025390625,1.2017910480499268,1.0126612186431885,0.7412984371185303
118,port484_raw__import,1565,2023-04-15T00:00:00.000000,77140024.0,7915.7470703125,0.29153454303741455,0.48662787675857544,0.43665173649787903
119,port484_raw__export,1565,2023-04-15T00:00:00.000000,6325569.5,2067.9921875,1.2440605163574219,0.9171066880226135,0.9121008515357971
120,port503_raw__import,1565,2023-04-15T00:00:00.000000,6673882.5,2486.400146484375,0.2687499225139618,0.49894875288009644,0.6531489491462708
121,port503_raw__export,1565,2023-04-15T00:00:00.000000,11236180.0,2228.020263671875,7.173009395599365,1.7801659107208252,1.6906358003616333
122,port514_raw__import,1565,2023-04-15T00:00:00.000000,1255892736.0,30593.462890625,1.519438624382019,1.0641282796859741,1.1573370695114136
123,port514_raw__export,1565,2023-04-15T00:00:00.000000,335880064.0,15782.37109375,2.6034095287323,1.389477014541626,1.3515784740447998
124,port540_raw__import,1565,2023-04-15T00:00:00.000000,768168832.0,21710.103515625,2.2307465076446533,1.1699265241622925,1.0566633939743042
125,port540_raw__export,1565,2023-04-15T00:00:00.000000,466682624.0,20282.806640625,0.9966979622840881,0.9373440742492676,0.9480682611465454
126,port541_raw__import,1565,2023-04-15T00:00:00.000000,276754752.0,15339.2265625,0.09712466597557068,0.28735625743865967,0.2561641335487366
127,port541_raw__export,1565,2023-04-15T00:00:00.000000,1025214656.0,25532.220703125,1.2518019676208496,0.8921728730201721,0.9341779947280884
128,port543_raw__import,1565,2023-04-15T00:00:00.000000,58765380.0,5922.849609375,0.24324816465377808,0.3810611665248871,0.3120352327823639
129,port543_raw__export,1565,2023-04-15T00:00:00.000000,346851648.0,17104.283203125,1.7137514352798462,1.2022836208343506,0.9111679792404175
130,port555_raw__import,1565,2023-04-15T00:00:00.000000,98311760.0,7876.44140625,0.3450242578983307,0.4666079580783844,0.4241049885749817
131,port555_raw__export,1565,2023-04-15T00:00:00.000000,18350812.0,3640.059326171875,0.5120851397514343,0.6080676913261414,0.5366337895393372
132,port570_raw__import,1565,2023-04-15T00:00:00.000000,457803200.0,17822.978515625,0.9209871292114258,0.7994063496589661,0.9428513646125793
133,port570_raw__export,1565,2023-04-15T00:00:00.000000,8052341760.0,63948.81640625,1.739517331123352,0.939909040927887,0.9097560048103333
134,port592_raw__import,1565,2023-04-15T00:00:00.000000,764323648.0,23049.76953125,1.6049611568450928,1.0562342405319214,0.9652913808822632
135,port592_raw__export,1565,2023-04-15T00:00:00.000000,17105142.0,3280.7060546875,0.9651472568511963,0.7792929410934448,0.7026854753494263
136,port601_raw__import,1565,2023-04-15T00:00:00.000000,743757.0625,709.2279052734375,0.9887756109237671,0.8177473545074463,0.7989327311515808
137,port601_raw__export,1565,2023-04-15T00:00:00.000000,6430368.5,1617.072021484375,8.906303405761719,1.903093695640564,1.6456849575042725
138,port62_raw__import,1565,2023-04-15T00:00:00.000000,55928020.0,6893.8837890625,0.6370569467544556,0.735763669013977,0.7046147584915161
139,port62_raw__export,1565,2023-04-15T00:00:00.000000,390896320.0,17121.296875,1.1204599142074585,0.9166509509086609,0.7142032980918884
140,port644_raw__import,1565,2023-04-15T00:00:00.000000,30461790208.0,147792.421875,2.477201223373413,1.332769751548767,0.9367228150367737
141,port644_raw__export,1565,2023-04-15T00:00:00.000000,477079392.0,19405.30078125,3.495392322540283,1.6610130071640015,1.4586542844772339
142,port649_raw__import,1565,2023-04-15T00:00:00.000000,178819424.0,11653.6474609375,0.5413100123405457,0.6411765217781067,0.7669840455055237
143,port649_raw__export,1565,2023-04-15T00:00:00.000000,26636840.0,3497.803955078125,0.610464870929718,0.5295225381851196,0.49600425362586975
144,port657_raw__import,1565,2023-04-15T00:00:00.000000,993311616.0,22402.14453125,2.8641092777252197,1.2029335498809814,1.0018510818481445
145,port657_raw__export,1565,2023-04-15T00:00:00.000000,101876960.0,7916.98681640625,1.4512877464294434,0.944927990436554,0.7849069833755493
146,port667_raw__import,1565,2023-04-15T00:00:00.000000,12204699.0,2705.204833984375,1.879501461982727,1.0615928173065186,0.8410180807113647
147,port667_raw__export,1565,2023-04-15T00:00:00.000000,9618418.0,2253.07763671875,3.5278170108795166,1.3645118474960327,1.089643955230713
148,port672_raw__import,1565,2023-04-15T00:00:00.000000,3458339840.0,44903.296875,0.6995052099227905,0.6386162042617798,0.6795867085456848
149,port672_raw__export,1565,2023-04-15T00:00:00.000000,625405760.0,23513.60546875,0.32363876700401306,0.5348950624465942,0.48108604550361633
150,port67_raw__import,1565,2023-04-15T00:00:00.000000,19139636.0,3713.6201171875,0.3274415135383606,0.4857328534126282,0.4932899475097656
151,port67_raw__export,1565,2023-04-15T00:00:00.000000,8636266.0,2309.864990234375,0.7242404818534851,0.6689058542251587,0.728547990322113
152,port681_raw__import,1565,2023-04-15T00:00:00.000000,5742120448.0,48998.57421875,2.3322224617004395,0.9874889850616455,0.9589661359786987
153,port681_raw__export,1565,2023-04-15T00:00:00.000000,78743232.0,7430.56787109375,0.26551005244255066,0.4314752519130707,0.4277544319629669
154,port738_raw__import,1565,2023-04-15T00:00:00.000000,8811439.0,2586.0771484375,0.7251431941986084,0.7418736219406128,0.6415742039680481
155,port738_raw__export,1565,2023-04-15T00:00:00.000000,50488304.0,5990.82958984375,1.14127779006958,0.900714635848999,0.8287746906280518
156,port73_raw__import,1565,2023-04-15T00:00:00.000000,281716608.0,12054.6259765625,1.1201142072677612,0.7601138949394226,0.6693739295005798
157,port73_raw__export,1565,2023-04-15T00:00:00.000000,47087928.0,5533.2451171875,0.8568351864814758,0.7464036345481873,0.6481096744537354
158,port744_raw__import,1565,2023-04-15T00:00:00.000000,1898723584.0,36134.67578125,0.6721869707107544,0.679889440536499,0.5680318474769592
159,port744_raw__export,1565,2023-04-15T00:00:00.000000,488326240.0,16414.8203125,1.1081446409225464,0.7819505929946899,0.6476672291755676
160,port766_raw__import,1565,2023-04-15T00:00:00.000000,31036424.0,4772.162109375,0.7635509371757507,0.7485111951828003,0.7834247946739197
161,port766_raw__export,1565,2023-04-15T00:00:00.000000,146523136.0,10162.80859375,2.5053842067718506,1.3289169073104858,1.1288564205169678
162,port775_raw__import,1565,2023-04-15T00:00:00.000000,368496576.0,16100.53515625,1.4185527563095093,0.9989559650421143,1.1924738883972168
163,port775_raw__export,1565,2023-04-15T00:00:00.000000,52600276.0,6869.8193359375,0.36524584889411926,0.5724584460258484,0.6374085545539856
164,port776_raw__import,1565,2023-04-15T00:00:00.000000,1648533120.0,36548.6953125,0.7860639691352844,0.7980901598930359,0.56257563829422
165,port776_raw__export,1565,2023-04-15T00:00:00.000000,482027136.0,17841.671875,1.0436348915100098,0.8301835656166077,0.6959350109100342
166,port781_raw__import,1565,2023-04-15T00:00:00.000000,6471693.0,1879.4222412109375,1.491716980934143,0.9023159742355347,0.7250729203224182
167,port781_raw__export,1565,2023-04-15T00:00:00.000000,24485702.0,4097.57763671875,0.5012382864952087,0.5862636566162109,0.6898255944252014
168,port787_raw__import,1565,2023-04-15T00:00:00.000000,5941570.0,2231.656982421875,0.578934371471405,0.6966128945350647,0.8447474837303162
169,port787_raw__export,1565,2023-04-15T00:00:00.000000,230321888.0,12261.3095703125,0.5196520090103149,0.582405686378479,0.4519858956336975
170,port795_raw__import,1565,2023-04-15T00:00:00.000000,68093040.0,7360.4921875,0.67577064037323,0.73325514793396,0.6686492562294006
171,port795_raw__export,1565,2023-04-15T00:00:00.000000,5251153.5,2156.777587890625,0.3530499041080475,0.5592371821403503,0.5369965434074402
172,port805_raw__import,1565,2023-04-15T00:00:00.000000,428189152.0,18083.810546875,0.2905229330062866,0.4710449278354645,0.3363877236843109
173,port805_raw__export,1565,2023-04-15T00:00:00.000000,214047440.0,13549.2861328125,0.9570619463920593,0.9060068130493164,0.720622718334198
174,port811_raw__import,1565,2023-04-15T00:00:00.000000,2689230592.0,41644.94921875,3.1494791507720947,1.425173282623291,1.280465841293335
175,port811_raw__export,1565,2023-04-15T00:00:00.000000,250719648.0,14773.75390625,0.9411123991012573,0.9051434993743896,0.8478591442108154
176,port815_raw__import,1565,2023-04-15T00:00:00.000000,1005400192.0,24573.06640625,1.0297279357910156,0.7864137887954712,0.6417713165283203
177,port815_raw__export,1565,2023-04-15T00:00:00.000000,219935472.0,12687.611328125,0.9341527223587036,0.8268774151802063,0.7124364972114563
178,port826_raw__import,1565,2023-04-15T00:00:00.000000,36015336.0,5462.435546875,0.61668860912323,0.7147850394248962,0.5490259528160095
179,port826_raw__export,1565,2023-04-15T00:00:00.000000,395097792.0,19125.296875,0.6557113528251648,0.7791340947151184,0.755072295665741
180,port839_raw__import,1565,2023-04-15T00:00:00.000000,7376528.0,2624.917724609375,0.37317898869514465,0.5904026031494141,0.6709032654762268
181,port839_raw__export,1565,2023-04-15T00:00:00.000000,109659560.0,6936.7490234375,0.752522349357605,0.5746355056762695,0.5418173670768738
182,port845_raw__import,1565,2023-04-15T00:00:00.000000,850401408.0,21814.41796875,0.9446211457252502,0.7270436882972717,0.6852964162826538
183,port845_raw__export,1565,2023-04-15T00:00:00.000000,188272432.0,10533.5,1.7906891107559204,1.0272815227508545,1.3747801780700684
184,port862_raw__import,1565,2023-04-15T00:00:00.000000,35708384.0,5116.0537109375,0.6173590421676636,0.672696053981781,0.6924522519111633
185,port862_raw__export,1565,2023-04-15T00:00:00.000000,10972706.0,2480.451904296875,1.408570647239685,0.8887165784835815,0.7503884434700012
186,port908_raw__import,1565,2023-04-15T00:00:00.000000,779647232.0,23146.974609375,0.9871349334716797,0.8236323595046997,0.6793302297592163
187,port908_raw__export,1565,2023-04-15T00:00:00.000000,191326944.0,12576.8349609375,0.6816763281822205,0.7507103681564331,0.6443988680839539
188,port915_raw__import,1565,2023-04-15T00:00:00.000000,226831552.0,13067.693359375,0.19600363075733185,0.38413089513778687,0.4424022138118744
189,port915_raw__export,1565,2023-04-15T00:00:00.000000,51744680.0,5725.091796875,1.1499141454696655,0.8534583449363708,0.7585188150405884
190,port917_raw__import,1565,2023-04-15T00:00:00.000000,13515691.0,3210.16455078125,0.9717292785644531,0.86075758934021,0.6696043610572815
191,port917_raw__export,1565,2023-04-15T00:00:00.000000,96431400.0,7442.50390625,0.43438637256622314,0.49951425194740295,0.36959850788116455
192,port958_raw__import,1565,2023-04-15T00:00:00.000000,17725854.0,4050.32470703125,0.6018733978271484,0.7463436722755432,0.6444749236106873
193,port958_raw__export,1565,2023-04-15T00:00:00.000000,25949300.0,4794.05029296875,1.7079318761825562,1.229914903640747,0.9706020355224609
194,port959_raw__import,1565,2023-04-15T00:00:00.000000,67383864.0,7949.9140625,0.38050132989883423,0.5973963141441345,0.49034589529037476
195,port959_raw__export,1565,2023-04-15T00:00:00.000000,322230912.0,16675.771484375,0.5591184496879578,0.6946312189102173,0.6668664813041687
196,port985_raw__import,1565,2023-04-15T00:00:00.000000,450619264.0,19295.447265625,0.3300417959690094,0.5221970081329346,0.5104536414146423
197,port985_raw__export,1565,2023-04-15T00:00:00.000000,67350456.0,6878.11474609375,0.9339652061462402,0.8099616765975952,0.6791965961456299
0,port1016_raw__import,2077,2024-09-08T00:00:00.000000,5452294.5,1942.9423828125,0.3417013883590698,0.48640012741088867,0.403311550617218
1,port1016_raw__export,2077,2024-09-08T00:00:00.000000,460284.75,560.9019775390625,0.19444288313388824,0.3645605146884918,0.8997824788093567
2,port1035_raw__import,2077,2024-09-08T00:00:00.000000,107318440.0,8238.4423828125,1.3421273231506348,0.9213078618049622,0.6662458181381226
3,port1035_raw__export,2077,2024-09-08T00:00:00.000000,39150944.0,5731.6923828125,0.780689537525177,0.8093770146369934,0.7016345858573914
4,port1057_raw__import,2077,2024-09-08T00:00:00.000000,538782400.0,18391.26171875,2.6751701831817627,1.2959270477294922,0.9367113709449768
5,port1057_raw__export,2077,2024-09-08T00:00:00.000000,13474081.0,3577.70361328125,0.47414880990982056,0.6711384057998657,0.7199589014053345
6,port1065_raw__import,2077,2024-09-08T00:00:00.000000,456603680.0,20572.322265625,1.2865331172943115,1.0920037031173706,0.9116279482841492
7,port1065_raw__export,2077,2024-09-08T00:00:00.000000,2352125696.0,36061.54296875,1.7663822174072266,0.9882261753082275,0.8504728078842163
8,port1070_raw__import,2077,2024-09-08T00:00:00.000000,15035428864.0,103547.2421875,2.471916913986206,1.3276927471160889,1.0428967475891113
9,port1070_raw__export,2077,2024-09-08T00:00:00.000000,585433536.0,17495.947265625,1.062150001525879,0.7452321648597717,0.7184819579124451
10,port1071_raw__import,2077,2024-09-08T00:00:00.000000,2308768000.0,43626.3671875,1.642119288444519,1.1634862422943115,1.1438922882080078
11,port1071_raw__export,2077,2024-09-08T00:00:00.000000,1160468352.0,21063.6953125,3.745715379714966,1.1966999769210815,1.1387925148010254
12,port1073_raw__import,2077,2024-09-08T00:00:00.000000,1376320128.0,34039.33203125,1.2117023468017578,1.0099951028823853,0.8438177704811096
13,port1073_raw__export,2077,2024-09-08T00:00:00.000000,338087040.0,10326.064453125,2.9933440685272217,0.9716253876686096,0.9229415059089661
14,port1086_raw__import,2077,2024-09-08T00:00:00.000000,46973652.0,5114.89990234375,0.5368291735649109,0.5467994213104248,0.4763873815536499
15,port1086_raw__export,2077,2024-09-08T00:00:00.000000,128669032.0,10827.001953125,0.7364087700843811,0.8190881609916687,0.6313244104385376
16,port1112_raw__import,2077,2024-09-08T00:00:00.000000,2846.082275390625,49.13338851928711,0.3339983820915222,0.5322616696357727,0.8511359691619873
17,port1112_raw__export,2077,2024-09-08T00:00:00.000000,6203383.0,1834.13037109375,2.975673198699951,1.2703065872192383,1.2807588577270508
18,port1128_raw__import,2077,2024-09-08T00:00:00.000000,713684288.0,17798.873046875,1.86306631565094,0.9093972444534302,0.8243995904922485
19,port1128_raw__export,2077,2024-09-08T00:00:00.000000,2871721.75,1609.329345703125,0.47343745827674866,0.6534389853477478,0.6712202429771423
20,port1135_raw__import,2077,2024-09-08T00:00:00.000000,3328703.5,1353.9661865234375,0.3568831980228424,0.44333627820014954,0.3889874219894409
21,port1135_raw__export,2077,2024-09-08T00:00:00.000000,5848589.0,2051.091064453125,0.6275823712348938,0.6718847155570984,0.668441116809845
22,port1160_raw__import,2077,2024-09-08T00:00:00.000000,1357085568.0,28459.318359375,0.733276903629303,0.6615381240844727,0.5034711956977844
23,port1160_raw__export,2077,2024-09-08T00:00:00.000000,9895366656.0,83031.46875,0.7808889746665955,0.7376009225845337,0.5457841157913208
24,port1189_raw__import,2077,2024-09-08T00:00:00.000000,48328860.0,5974.21435546875,0.17149947583675385,0.3558844029903412,0.41021811962127686
25,port1189_raw__export,2077,2024-09-08T00:00:00.000000,162150896.0,11021.263671875,0.4455243647098541,0.5777067542076111,0.5058643817901611
26,port1197_raw__import,2077,2024-09-08T00:00:00.000000,568688192.0,16253.369140625,3.6434085369110107,1.3009488582611084,1.1002329587936401
27,port1197_raw__export,2077,2024-09-08T00:00:00.000000,93824984.0,8254.9404296875,0.19527289271354675,0.37659600377082825,0.3069690465927124
28,port1201_raw__import,2077,2024-09-08T00:00:00.000000,7245369856.0,73919.1796875,0.8323108553886414,0.7922634482383728,0.683944046497345
29,port1201_raw__export,2077,2024-09-08T00:00:00.000000,4099224320.0,54483.6328125,1.1643730401992798,0.9182506799697876,0.7247585654258728
30,port1248_raw__import,2077,2024-09-08T00:00:00.000000,31531892.0,4666.00146484375,0.5664095282554626,0.6253671646118164,0.5984307527542114
31,port1248_raw__export,2077,2024-09-08T00:00:00.000000,2799565.25,1581.90087890625,0.30418744683265686,0.521440327167511,0.45838868618011475
32,port1266_raw__import,2077,2024-09-08T00:00:00.000000,6967465984.0,56925.1953125,1.1846888065338135,0.742282509803772,0.57315993309021
33,port1266_raw__export,2077,2024-09-08T00:00:00.000000,1966861312.0,38412.95703125,1.864869475364685,1.1828103065490723,1.071486473083496
34,port1269_raw__import,2077,2024-09-08T00:00:00.000000,2000745984.0,32524.4609375,1.3058665990829468,0.830928385257721,0.7538918256759644
35,port1269_raw__export,2077,2024-09-08T00:00:00.000000,572189696.0,22770.3515625,0.8953859210014343,0.9007512331008911,0.7125954031944275
36,port1284_raw__import,2077,2024-09-08T00:00:00.000000,537895168.0,16415.0859375,2.0415148735046387,1.0112780332565308,1.0498976707458496
37,port1284_raw__export,2077,2024-09-08T00:00:00.000000,498118016.0,16819.326171875,5.407162666320801,1.752375602722168,1.5159703493118286
38,port1304_raw__import,2077,2024-09-08T00:00:00.000000,232026272.0,12005.576171875,2.226966619491577,1.176173210144043,1.214392900466919
39,port1304_raw__export,2077,2024-09-08T00:00:00.000000,3755324.25,1667.7742919921875,0.2728216052055359,0.44952401518821716,0.47955936193466187
40,port1309_raw__import,2077,2024-09-08T00:00:00.000000,283973.9375,530.8179321289062,0.1890876740217209,0.43314963579177856,0.5706915855407715
41,port1309_raw__export,2077,2024-09-08T00:00:00.000000,3510.70556640625,51.8056755065918,0.4797258973121643,0.6055872440338135,0.7225124835968018
42,port1318_raw__import,2077,2024-09-08T00:00:00.000000,1392445312.0,32112.48828125,0.9999920129776001,0.8605639934539795,0.6682478785514832
43,port1318_raw__export,2077,2024-09-08T00:00:00.000000,46243928.0,4114.240234375,3.020996570587158,1.0515680313110352,0.9251185655593872
44,port132_raw__import,2077,2024-09-08T00:00:00.000000,49700888.0,5910.81494140625,0.7453752756118774,0.723857045173645,0.6017529964447021
45,port132_raw__export,2077,2024-09-08T00:00:00.000000,5055683.5,2017.1497802734375,0.37126991152763367,0.5466295480728149,0.645930290222168
46,port1330_raw__import,2077,2024-09-08T00:00:00.000000,238519.25,442.7164001464844,0.32014915347099304,0.5129087567329407,0.5880541205406189
47,port1330_raw__export,2077,2024-09-08T00:00:00.000000,685083.8125,706.4191284179688,0.44791463017463684,0.5712000131607056,0.5738019943237305
48,port1358_raw__import,2077,2024-09-08T00:00:00.000000,392041504.0,13622.4423828125,0.7991540431976318,0.615041196346283,0.5332971215248108
49,port1358_raw__export,2077,2024-09-08T00:00:00.000000,17963398.0,3887.658447265625,0.461483359336853,0.6231202483177185,0.587476909160614
50,port139_raw__import,2077,2024-09-08T00:00:00.000000,38544696.0,3968.0009765625,2.06111741065979,0.9175734519958496,0.6836317181587219
51,port139_raw__export,2077,2024-09-08T00:00:00.000000,22538140.0,3836.457275390625,0.7997247576713562,0.7226726412773132,0.6245130300521851
52,port1410_raw__import,2077,2024-09-08T00:00:00.000000,861647296.0,28926.73828125,0.445047527551651,0.6574123501777649,0.6482049822807312
53,port1410_raw__export,2077,2024-09-08T00:00:00.000000,345144832.0,13219.9501953125,3.5825111865997314,1.3468613624572754,1.0995115041732788
54,port1414_raw__import,2077,2024-09-08T00:00:00.000000,430339968.0,15255.1923828125,2.24334454536438,1.1014375686645508,1.0574517250061035
55,port1414_raw__export,2077,2024-09-08T00:00:00.000000,1968636544.0,40331.1328125,1.0912054777145386,0.9495348930358887,0.7866087555885315
56,port1425_raw__import,2077,2024-09-08T00:00:00.000000,1297074048.0,28054.1640625,1.3288668394088745,0.8979573249816895,0.6149418950080872
57,port1425_raw__export,2077,2024-09-08T00:00:00.000000,39748584.0,6119.2802734375,0.37913355231285095,0.597634494304657,0.5510979890823364
58,port1426_raw__import,2077,2024-09-08T00:00:00.000000,10618140672.0,92147.09375,0.5686264634132385,0.6743277311325073,0.7785149216651917
59,port1426_raw__export,2077,2024-09-08T00:00:00.000000,30812262.0,4607.6904296875,0.2731137275695801,0.4338037073612213,0.4284003674983978
60,port168_raw__import,2077,2024-09-08T00:00:00.000000,288601664.0,14775.8017578125,0.5255927443504333,0.6305598616600037,0.5401903390884399
61,port168_raw__export,2077,2024-09-08T00:00:00.000000,290313088.0,13810.3642578125,0.704370379447937,0.6802560091018677,0.47787225246429443
62,port193_raw__import,2077,2024-09-08T00:00:00.000000,193158848.0,12139.1298828125,0.8918516039848328,0.8248530626296997,0.6000348329544067
63,port193_raw__export,2077,2024-09-08T00:00:00.000000,75564656.0,8303.33203125,0.9030976295471191,0.9077377915382385,0.9859859943389893
64,port2017_raw__import,2077,2024-09-08T00:00:00.000000,5502545.0,1662.15869140625,1.9352821111679077,0.9857409596443176,0.9778382778167725
65,port2017_raw__export,2077,2024-09-08T00:00:00.000000,1789154.375,983.2051391601562,1.1307530403137207,0.7816353440284729,0.6477776765823364
66,port2025_raw__import,2077,2024-09-08T00:00:00.000000,2706384640.0,36983.4375,2.26469349861145,1.0698360204696655,0.9718807339668274
67,port2025_raw__export,2077,2024-09-08T00:00:00.000000,877656896.0,24462.9609375,1.5721186399459839,1.0353549718856812,0.8183711171150208
68,port2027_raw__import,2077,2024-09-08T00:00:00.000000,1386941056.0,29692.421875,1.1642884016036987,0.860293984413147,0.6628741025924683
69,port2027_raw__export,2077,2024-09-08T00:00:00.000000,5176073728.0,59886.88671875,2.3053817749023438,1.263871669769287,1.0405144691467285
70,port2031_raw__import,2077,2024-09-08T00:00:00.000000,310128128.0,15141.8759765625,1.353095531463623,1.000168800354004,0.9372599720954895
71,port2031_raw__export,2077,2024-09-08T00:00:00.000000,6199557.0,2489.87841796875,0.24854472279548645,0.49854010343551636,0.5695797204971313
72,port2039_raw__import,2077,2024-09-08T00:00:00.000000,798587840.0,24954.02734375,0.6272858381271362,0.6993781328201294,0.5599942207336426
73,port2039_raw__export,2077,2024-09-08T00:00:00.000000,15980284.0,3846.4248046875,0.32063424587249756,0.5448412299156189,0.6063321232795715
74,port2044_raw__import,2077,2024-09-08T00:00:00.000000,255819200.0,14045.3603515625,0.30676162242889404,0.4863700270652771,0.41112178564071655
75,port2044_raw__export,2077,2024-09-08T00:00:00.000000,387830848.0,12944.0341796875,1.049843668937683,0.673458456993103,0.6527098417282104
76,port2189_raw__import,2077,2024-09-08T00:00:00.000000,8832963584.0,66995.1640625,2.652050018310547,1.1608633995056152,1.1350486278533936
77,port2189_raw__export,2077,2024-09-08T00:00:00.000000,3546548736.0,36995.16796875,3.0213494300842285,1.0797979831695557,1.1289474964141846
78,port22_raw__import,2077,2024-09-08T00:00:00.000000,179419408.0,13135.189453125,0.9246535301208496,0.9429553747177124,0.9030482769012451
79,port22_raw__export,2077,2024-09-08T00:00:00.000000,28403014.0,5081.50927734375,0.6149386167526245,0.7476984262466431,0.6145724058151245
80,port254_raw__import,2077,2024-09-08T00:00:00.000000,349827968.0,15692.07421875,0.8175302743911743,0.7585863471031189,0.6045258045196533
81,port254_raw__export,2077,2024-09-08T00:00:00.000000,194119760.0,12848.9716796875,0.8945143818855286,0.8722223043441772,0.8689224123954773
82,port270_raw__import,2077,2024-09-08T00:00:00.000000,3523026432.0,46520.078125,0.7262155413627625,0.667905867099762,0.5735348463058472
83,port270_raw__export,2077,2024-09-08T00:00:00.000000,168281568.0,9495.7705078125,0.3412180542945862,0.42759039998054504,0.4274944067001343
84,port281_raw__import,2077,2024-09-08T00:00:00.000000,79685616.0,7708.08740234375,1.5030035972595215,1.058611512184143,0.7620753645896912
85,port281_raw__export,2077,2024-09-08T00:00:00.000000,2083247.0,1330.6824951171875,0.3784019649028778,0.5671275854110718,0.652611494064331
86,port307_raw__import,2077,2024-09-08T00:00:00.000000,74821808.0,7293.3291015625,1.3495581150054932,0.9795069694519043,0.721398651599884
87,port307_raw__export,2077,2024-09-08T00:00:00.000000,3608678.0,1590.9063720703125,1.2718541622161865,0.9444721937179565,0.7943020462989807
88,port310_raw__import,2077,2024-09-08T00:00:00.000000,737699072.0,26274.287109375,1.028220534324646,0.9809219241142273,0.6736577749252319
89,port310_raw__export,2077,2024-09-08T00:00:00.000000,33534490.0,4552.0185546875,1.0465340614318848,0.8041459918022156,0.7841813564300537
90,port317_raw__import,2077,2024-09-08T00:00:00.000000,89774704.0,8300.873046875,0.4463982880115509,0.5853397846221924,0.5020549893379211
91,port317_raw__export,2077,2024-09-08T00:00:00.000000,27087000.0,4247.9140625,0.8361368775367737,0.7463352084159851,0.5452182292938232
92,port342_raw__import,2077,2024-09-08T00:00:00.000000,422212032.0,12171.6298828125,1.0026564598083496,0.5931431651115417,0.38993701338768005
93,port342_raw__export,2077,2024-09-08T00:00:00.000000,24809780.0,4438.916015625,0.6885545253753662,0.7394940257072449,0.6134006977081299
94,port358_raw__import,2077,2024-09-08T00:00:00.000000,284687648.0,11668.6826171875,2.2770447731018066,1.0435740947723389,1.0527788400650024
95,port358_raw__export,2077,2024-09-08T00:00:00.000000,597461184.0,22100.384765625,1.6855190992355347,1.1738479137420654,0.9997827410697937
96,port361_raw__import,2077,2024-09-08T00:00:00.000000,71247472.0,7951.42236328125,0.1749323457479477,0.39399904012680054,0.38363587856292725
97,port361_raw__export,2077,2024-09-08T00:00:00.000000,103493432.0,8106.736328125,0.5369969010353088,0.583949863910675,0.6575566530227661
98,port362_raw__import,2077,2024-09-08T00:00:00.000000,288706048.0,15148.0703125,0.2471165806055069,0.4431801736354828,0.37741819024086
99,port362_raw__export,2077,2024-09-08T00:00:00.000000,2714285568.0,42700.9296875,0.9272019863128662,0.7892175912857056,0.6735519766807556
100,port364_raw__import,2077,2024-09-08T00:00:00.000000,2519550976.0,38538.63671875,1.047025203704834,0.7856215238571167,0.898795485496521
101,port364_raw__export,2077,2024-09-08T00:00:00.000000,116228488.0,7679.9169921875,3.531546115875244,1.3386982679367065,1.3214349746704102
102,port380_raw__import,2077,2024-09-08T00:00:00.000000,3014358784.0,53562.93359375,1.4737582206726074,1.184349775314331,1.1116998195648193
103,port380_raw__export,2077,2024-09-08T00:00:00.000000,297919296.0,12436.4033203125,3.548553705215454,1.3572853803634644,1.427688479423523
104,port425_raw__import,2077,2024-09-08T00:00:00.000000,1660110208.0,31665.771484375,1.9666650295257568,1.0899004936218262,0.9352997541427612
105,port425_raw__export,2077,2024-09-08T00:00:00.000000,607205376.0,21023.1953125,0.9286839962005615,0.8221762776374817,0.7329293489456177
106,port426_raw__import,2077,2024-09-08T00:00:00.000000,79748096.0,7504.95068359375,0.6085336804389954,0.6555865406990051,0.4666323661804199
107,port426_raw__export,2077,2024-09-08T00:00:00.000000,28790150.0,4738.96728515625,0.7402926087379456,0.7599122524261475,0.5663971304893494
108,port434_raw__import,2077,2024-09-08T00:00:00.000000,144170048.0,8654.287109375,0.9217579960823059,0.6919938325881958,0.7457466721534729
109,port434_raw__export,2077,2024-09-08T00:00:00.000000,41889456.0,4452.1640625,1.7865855693817139,0.9194556474685669,0.8098879456520081
110,port435_raw__import,2077,2024-09-08T00:00:00.000000,218935648.0,13638.7587890625,1.5722285509109497,1.155777931213379,0.9435436129570007
111,port435_raw__export,2077,2024-09-08T00:00:00.000000,17529412.0,3201.63232421875,0.842352569103241,0.7018344402313232,0.6963770985603333
112,port439_raw__import,2077,2024-09-08T00:00:00.000000,15206757.0,3145.129638671875,0.45415082573890686,0.5435259342193604,0.4717700481414795
113,port439_raw__export,2077,2024-09-08T00:00:00.000000,38517780.0,3744.26953125,0.9330652952194214,0.582763671875,0.5373522639274597
114,port443_raw__import,2077,2024-09-08T00:00:00.000000,59586616.0,7268.958984375,0.8862245082855225,0.8864816427230835,0.9360144734382629
115,port443_raw__export,2077,2024-09-08T00:00:00.000000,19957340.0,3545.73291015625,1.6864683628082275,1.0307271480560303,0.8519019484519958
116,port446_raw__import,2077,2024-09-08T00:00:00.000000,898294848.0,27260.009765625,0.6949971318244934,0.7582423686981201,0.5653539299964905
117,port446_raw__export,2077,2024-09-08T00:00:00.000000,125005152.0,10533.79296875,0.5483154654502869,0.6976475119590759,0.500572681427002
118,port484_raw__import,2077,2024-09-08T00:00:00.000000,17695444.0,4125.146484375,0.15555448830127716,0.3867674767971039,0.5095958113670349
119,port484_raw__export,2077,2024-09-08T00:00:00.000000,98543368.0,7090.4609375,3.1949992179870605,1.276721477508545,1.4339195489883423
120,port503_raw__import,2077,2024-09-08T00:00:00.000000,2037264.125,1195.661376953125,0.17822246253490448,0.353643536567688,0.3871309459209442
121,port503_raw__export,2077,2024-09-08T00:00:00.000000,15551850.0,3007.492919921875,1.6765906810760498,0.9874773025512695,1.005706787109375
122,port514_raw__import,2077,2024-09-08T00:00:00.000000,1288270080.0,31447.3671875,3.5653324127197266,1.6543631553649902,1.3481353521347046
123,port514_raw__export,2077,2024-09-08T00:00:00.000000,60606804.0,7026.2470703125,0.4783562421798706,0.62422114610672,0.46200910210609436
124,port540_raw__import,2077,2024-09-08T00:00:00.000000,796959616.0,20597.974609375,1.4872262477874756,0.889805018901825,0.6729201078414917
125,port540_raw__export,2077,2024-09-08T00:00:00.000000,163654128.0,10805.501953125,0.4915824830532074,0.5922152996063232,0.5043582320213318
126,port541_raw__import,2077,2024-09-08T00:00:00.000000,2467865344.0,29903.71484375,1.732261061668396,0.7922661900520325,0.6344388723373413
127,port541_raw__export,2077,2024-09-08T00:00:00.000000,1011244288.0,25987.05078125,2.4737141132354736,1.2852976322174072,1.0735790729522705
128,port543_raw__import,2077,2024-09-08T00:00:00.000000,560968832.0,15543.8154296875,2.3555190563201904,1.0072367191314697,0.8664777874946594
129,port543_raw__export,2077,2024-09-08T00:00:00.000000,124463584.0,9250.568359375,1.422055959701538,0.9887935519218445,1.017951488494873
130,port555_raw__import,2077,2024-09-08T00:00:00.000000,236070304.0,12040.697265625,1.5664613246917725,0.9808233976364136,1.1078696250915527
131,port555_raw__export,2077,2024-09-08T00:00:00.000000,5758505.0,1827.5628662109375,0.23288050293922424,0.36752256751060486,0.41339200735092163
132,port570_raw__import,2077,2024-09-08T00:00:00.000000,2857704448.0,35546.14453125,6.030041694641113,1.6328414678573608,1.238565444946289
133,port570_raw__export,2077,2024-09-08T00:00:00.000000,7674583040.0,78271.5390625,0.8653342723846436,0.8311289548873901,0.6703242063522339
134,port592_raw__import,2077,2024-09-08T00:00:00.000000,418596704.0,12776.587890625,3.5423760414123535,1.1753422021865845,0.9293276071548462
135,port592_raw__export,2077,2024-09-08T00:00:00.000000,18600960.0,3339.802001953125,2.6495139598846436,1.260480523109436,0.8924790024757385
136,port601_raw__import,2077,2024-09-08T00:00:00.000000,2120839.75,1002.071533203125,3.1223409175872803,1.215863823890686,1.205248475074768
137,port601_raw__export,2077,2024-09-08T00:00:00.000000,457683.15625,551.14599609375,0.5831162929534912,0.6221022009849548,0.5819538831710815
138,port62_raw__import,2077,2024-09-08T00:00:00.000000,70197272.0,7376.94580078125,0.5492855906486511,0.652552604675293,0.6868292689323425
139,port62_raw__export,2077,2024-09-08T00:00:00.000000,207106832.0,11737.4423828125,0.8822721242904663,0.7660859823226929,0.6492703557014465
140,port644_raw__import,2077,2024-09-08T00:00:00.000000,10228819968.0,91651.4140625,0.6837742328643799,0.7493466734886169,0.5504510402679443
141,port644_raw__export,2077,2024-09-08T00:00:00.000000,99941344.0,8654.3134765625,0.7632173299789429,0.75628262758255,0.7046757340431213
142,port649_raw__import,2077,2024-09-08T00:00:00.000000,106522712.0,7017.03369140625,1.26637601852417,0.7650922536849976,0.8773271441459656
143,port649_raw__export,2077,2024-09-08T00:00:00.000000,55404952.0,5441.87744140625,1.2323280572891235,0.8115916848182678,0.7179694771766663
144,port657_raw__import,2077,2024-09-08T00:00:00.000000,174124800.0,11657.3466796875,0.6448150873184204,0.7093931436538696,0.5542798638343811
145,port657_raw__export,2077,2024-09-08T00:00:00.000000,18687872.0,3290.677001953125,0.2939923405647278,0.4127369523048401,0.35086238384246826
146,port667_raw__import,2077,2024-09-08T00:00:00.000000,6662735.0,1915.5450439453125,0.9745587110519409,0.7326053380966187,0.5890094041824341
147,port667_raw__export,2077,2024-09-08T00:00:00.000000,803874.75,831.9324951171875,0.5884498357772827,0.7117846608161926,0.5563697814941406
148,port672_raw__import,2077,2024-09-08T00:00:00.000000,1168320256.0,34180.69921875,0.23601488769054413,0.4858136475086212,0.5312656164169312
149,port672_raw__export,2077,2024-09-08T00:00:00.000000,904028992.0,23082.166015625,1.3289973735809326,0.8850085735321045,0.9297602772712708
150,port67_raw__import,2077,2024-09-08T00:00:00.000000,71966032.0,6091.20654296875,7.775029182434082,2.002122163772583,1.8212087154388428
151,port67_raw__export,2077,2024-09-08T00:00:00.000000,12911171.0,3094.199462890625,1.556765079498291,1.0744271278381348,1.1540939807891846
152,port681_raw__import,2077,2024-09-08T00:00:00.000000,1173190144.0,29388.5234375,0.43677741289138794,0.5670530200004578,0.5531733632087708
153,port681_raw__export,2077,2024-09-08T00:00:00.000000,45347916.0,5870.82080078125,0.08990029245615005,0.2613970637321472,0.3214908540248871
154,port738_raw__import,2077,2024-09-08T00:00:00.000000,2716591.0,1471.13623046875,0.117326520383358,0.30573055148124695,0.35916411876678467
155,port738_raw__export,2077,2024-09-08T00:00:00.000000,33483756.0,4518.357421875,1.502947449684143,0.9572721719741821,0.7657698392868042
156,port73_raw__import,2077,2024-09-08T00:00:00.000000,205251184.0,12308.8837890625,0.5588549375534058,0.6422814130783081,0.489358514547348
157,port73_raw__export,2077,2024-09-08T00:00:00.000000,76818544.0,7982.48583984375,1.1117581129074097,0.9603074193000793,0.8365887403488159
158,port744_raw__import,2077,2024-09-08T00:00:00.000000,4098009344.0,46470.18359375,1.5620801448822021,0.9072763919830322,0.7508394718170166
159,port744_raw__export,2077,2024-09-08T00:00:00.000000,490024896.0,17897.99609375,1.037611961364746,0.8235933184623718,0.8262196779251099
160,port766_raw__import,2077,2024-09-08T00:00:00.000000,36502824.0,5307.521484375,0.45488646626472473,0.592488706111908,0.5386551022529602
161,port766_raw__export,2077,2024-09-08T00:00:00.000000,17452160.0,3955.722900390625,0.2491173893213272,0.47261035442352295,0.5589905977249146
162,port775_raw__import,2077,2024-09-08T00:00:00.000000,596556800.0,23046.119140625,0.8645927309989929,0.8773596882820129,0.7558611631393433
163,port775_raw__export,2077,2024-09-08T00:00:00.000000,135917008.0,7877.51611328125,1.8118594884872437,0.9095250964164734,1.1493033170700073
164,port776_raw__import,2077,2024-09-08T00:00:00.000000,5081597440.0,57288.76171875,1.4925071001052856,0.9818099737167358,0.8860611915588379
165,port776_raw__export,2077,2024-09-08T00:00:00.000000,647579840.0,17709.75390625,2.1734747886657715,1.0259901285171509,0.9878903031349182
166,port781_raw__import,2077,2024-09-08T00:00:00.000000,29045524.0,3165.665771484375,1.35158371925354,0.6828839778900146,0.9339588284492493
167,port781_raw__export,2077,2024-09-08T00:00:00.000000,3425997.75,1578.0396728515625,0.2238330841064453,0.40335410833358765,0.5351904630661011
168,port787_raw__import,2077,2024-09-08T00:00:00.000000,3109720.5,1565.5413818359375,0.3094695210456848,0.49387016892433167,0.5256627798080444
169,port787_raw__export,2077,2024-09-08T00:00:00.000000,177117920.0,9658.828125,2.214303493499756,1.079970121383667,0.9801141619682312
170,port795_raw__import,2077,2024-09-08T00:00:00.000000,1206641536.0,18010.890625,6.966861724853516,1.3685624599456787,1.3164348602294922
171,port795_raw__export,2077,2024-09-08T00:00:00.000000,78108592.0,5996.72412109375,1.8962596654891968,0.9343584775924683,0.9998164176940918
172,port805_raw__import,2077,2024-09-08T00:00:00.000000,513902016.0,21615.12109375,0.8088261485099792,0.857521653175354,0.6266850233078003
173,port805_raw__export,2077,2024-09-08T00:00:00.000000,171185216.0,10673.345703125,0.842328667640686,0.7487006783485413,0.663125216960907
174,port811_raw__import,2077,2024-09-08T00:00:00.000000,1171027968.0,29460.306640625,1.0717647075653076,0.8912578225135803,0.6980723142623901
175,port811_raw__export,2077,2024-09-08T00:00:00.000000,194319216.0,11668.9755859375,1.4745172262191772,1.0164822340011597,0.7846328616142273
176,port815_raw__import,2077,2024-09-08T00:00:00.000000,1124809344.0,30519.515625,0.9789841771125793,0.9003803133964539,0.7155129909515381
177,port815_raw__export,2077,2024-09-08T00:00:00.000000,310184384.0,13887.7158203125,2.2328548431396484,1.1782869100570679,1.0080422163009644
178,port826_raw__import,2077,2024-09-08T00:00:00.000000,131649064.0,7736.8017578125,2.0484673976898193,0.9650884866714478,0.8943188190460205
179,port826_raw__export,2077,2024-09-08T00:00:00.000000,1186439936.0,31160.345703125,1.8964358568191528,1.245800495147705,1.2727503776550293
180,port839_raw__import,2077,2024-09-08T00:00:00.000000,25850462.0,3621.466064453125,0.8426685929298401,0.6538507342338562,0.5625506639480591
181,port839_raw__export,2077,2024-09-08T00:00:00.000000,25317742.0,4779.4990234375,0.47352343797683716,0.653643012046814,0.5639365315437317
182,port845_raw__import,2077,2024-09-08T00:00:00.000000,212079440.0,8927.2705078125,1.7389179468154907,0.8083676099777222,1.0015802383422852
183,port845_raw__export,2077,2024-09-08T00:00:00.000000,59522224.0,7152.25927734375,0.2440958321094513,0.4580193758010864,0.47568607330322266
184,port862_raw__import,2077,2024-09-08T00:00:00.000000,34471112.0,4299.490234375,0.5174427032470703,0.5267692804336548,0.5625364780426025
185,port862_raw__export,2077,2024-09-08T00:00:00.000000,5100437.0,1784.1724853515625,0.867570698261261,0.7358437776565552,1.103971004486084
186,port908_raw__import,2077,2024-09-08T00:00:00.000000,292062624.0,16596.46875,0.5319939255714417,0.7083224654197693,0.5966412425041199
187,port908_raw__export,2077,2024-09-08T00:00:00.000000,92582488.0,8035.4912109375,1.3230154514312744,0.9605732560157776,0.8859968185424805
188,port915_raw__import,2077,2024-09-08T00:00:00.000000,5995448832.0,59864.33203125,1.6651991605758667,0.9976779818534851,1.6905394792556763
189,port915_raw__export,2077,2024-09-08T00:00:00.000000,9095570.0,2693.81103515625,0.22984035313129425,0.42821839451789856,0.5506556034088135
190,port917_raw__import,2077,2024-09-08T00:00:00.000000,2299691.0,1292.5621337890625,0.18327723443508148,0.36489754915237427,0.47060245275497437
191,port917_raw__export,2077,2024-09-08T00:00:00.000000,160370816.0,11733.4013671875,0.736854612827301,0.7953387498855591,0.5849450826644897
192,port958_raw__import,2077,2024-09-08T00:00:00.000000,10991922.0,2389.171142578125,1.0935823917388916,0.7535918354988098,0.6469224095344543
193,port958_raw__export,2077,2024-09-08T00:00:00.000000,13748995.0,3350.945556640625,0.3903651535511017,0.5646345019340515,0.47369495034217834
194,port959_raw__import,2077,2024-09-08T00:00:00.000000,712944576.0,16051.482421875,4.3795366287231445,1.2580599784851074,1.384043574333191
195,port959_raw__export,2077,2024-09-08T00:00:00.000000,399530592.0,17468.857421875,0.6133763194084167,0.6844677329063416,0.6482762098312378
196,port985_raw__import,2077,2024-09-08T00:00:00.000000,1494434560.0,35640.49609375,0.7005181908607483,0.771640419960022,0.5627612471580505
197,port985_raw__export,2077,2024-09-08T00:00:00.000000,82013608.0,7205.06689453125,0.41634172201156616,0.5133575797080994,0.3728397786617279
