user_id,user_name,windows,mse,std_mse,mae,std_mae,nmse,std_nmse,nmae,std_nmae,mase,std_mase
0,0,34,0.0012769715864552006,0.0016276735176623915,0.01060104404699386,0.00810077371829108,0.2560388488482739,0.2914090734786587,0.16294257846825264,0.10354621366211905,0.5822274343055838,0.39392771995302966
1,1,34,0.000473548101969273,0.0007050387327630313,0.00729218903956387,0.005121377067806939,0.20514110796091914,0.29884196912994104,0.15472371049006195,0.10198855778188787,0.5426420199082178,0.3435409818219846
2,2,34,0.00184191572086146,0.0010813587980145934,0.025951469426645953,0.008209217649821236,0.2782044791999985,0.16235928459486187,0.31892672663225846,0.10007975865619409,0.921251646736089,0.297824523709688
3,3,34,0.0004446680120107725,0.0005151136167074918,0.00787065745851792,0.0045188616857086755,0.3496440211037064,0.4107392285975706,0.21925508954069195,0.12260182580378509,0.6490578870562946,0.36636972161288534
4,4,34,0.00016288543980970323,0.00021075301859080939,0.004892039561288103,0.003202204035736934,0.12480639474576011,0.1537840760092657,0.13709983547382495,0.09201735514161312,0.5123265574083609,0.34864198147707665
5,5,34,0.0007248844312524691,0.0010595818813648968,0.009625011900960304,0.0067209476265565615,0.16371807247838555,0.21312935909136707,0.14624098146005587,0.09713346467475813,0.5670467128648478,0.39075823714264285
6,6,34,0.0004632591880154531,0.0006573666890728352,0.009113035924897036,0.005580790321002521,0.127944969380384,0.18305774106042344,0.1508663007441689,0.09361477759391287,0.5290398282163283,0.325736104305801
7,7,34,0.000505562770901152,0.0009670750937128399,0.008613942204700673,0.007114580072933324,0.19979178317932084,0.4303762644882384,0.16332435750347726,0.14919147825218912,0.568938107613255,0.5821986829256012
8,8,34,0.00025970406514876657,0.0005740899856063554,0.00726969786645735,0.005865309919680021,0.14166296078987858,0.3393380381631053,0.16967854429693782,0.14014876427411208,0.6109763432074996,0.5616442270121974
9,9,34,0.0038171286655329715,0.00960881176254898,0.022032047738321126,0.020468725712323447,0.3110339216997518,0.3708726942414824,0.22378049155368523,0.1382217657084897,0.6275459087508566,0.5955938192110863
10,10,34,0.0004499621026939969,0.0004137575902756256,0.009930031127570307,0.005044335377084836,0.3904199239469188,0.36545771735616644,0.29223085523528214,0.15479515588364048,0.7631186803474146,0.4214607731514125
11,11,34,0.0005351150370562904,0.000750670740489871,0.008174894802162753,0.005657560487019217,0.19137052766403512,0.2390060704540128,0.16182604848461993,0.10526753328017496,0.5569349290693507,0.3724309753790503
12,12,34,0.001664612530690005,0.0019630695267593037,0.015507653266574968,0.010727301112363015,0.7530145505717134,0.9976993459797928,0.31989289491492157,0.23098517924797562,0.9341496869045145,0.711569850182242
13,13,34,0.00018858846399726805,0.0003476192496636532,0.005543041631908101,0.0034477054956868008,0.12325254957849051,0.1864121207171763,0.14607557939255938,0.08252654746726479,0.485252749393968,0.2754639024293584
14,14,34,0.0009844453570087138,0.0012464904914007546,0.016152804950252175,0.009140905995473843,0.2035504125387353,0.3412488937965044,0.22644445957506404,0.1492472046521293,0.7166392654180527,0.5316519009635725
15,15,34,0.0012794333247524371,0.0025082458898200276,0.012977185207145178,0.011635175333155653,0.6253402378848371,1.2435807874523677,0.29142163956866546,0.24997824275283592,0.7999944082077812,0.6844909762424349
16,16,34,0.0001054184137952147,0.00017846708771467333,0.0050139867705772355,0.004127815433271213,0.1502008688506013,0.21849777497657066,0.193078906439683,0.15069141470190697,0.6303070305901415,0.539530098714309
17,17,34,0.0008471563832084511,0.001241415406833946,0.013663895907537901,0.010259133664931929,0.2828998425975442,0.43279986539878734,0.24887705353253028,0.17753620502437012,0.700600274345454,0.5143485132391621
18,18,34,9.610253193707595e-05,0.0002694591740556083,0.004129418206182034,0.004312124625146663,0.11279082321561873,0.32061203985768405,0.1386225591687595,0.15021132962768513,0.5153774570892838,0.5839907127239874
19,19,34,0.0018477245672891191,0.0020216923500630873,0.0139968605739448,0.010473574601866802,0.3885455903432825,0.4348426118173803,0.2049055141670739,0.1500412137924105,0.7181958981296596,0.5168622079534004
20,20,34,0.00010771170054912251,0.00042653883413529736,0.00273716777583639,0.0060568291409766615,0.058018132932963505,0.20603852853129465,0.07537963224903625,0.13515558070678002,0.2558831491452806,0.45070298766959765
21,21,34,0.0009839461094981396,0.001246634429203201,0.012573448061148691,0.008851473725988383,0.21266634096665418,0.18034261675754343,0.19338093396714506,0.10681879331853487,0.5194417591042378,0.29036680834788064
22,22,34,0.00017771933145173963,0.0001940189796770293,0.005333980096860186,0.003007449446722087,0.14322137672399335,0.17266991324115774,0.14973040801637313,0.08625800328520171,0.5241565919097733,0.29710180973525796
23,23,34,0.0013783260236617505,0.0011162388630756566,0.021990073488696533,0.009310168764590673,0.2519659158938071,0.21248201542578132,0.2962304480812129,0.12707205611718642,0.8934582769870758,0.4054386271486002
24,24,34,0.0010483084659105824,0.0020515051413643537,0.01416447781957686,0.011696775522951048,0.34464230325401707,0.7083411471166291,0.25154102440266046,0.22649475117883275,0.8859539698151981,0.8291430231031782
25,25,34,0.000786487231915303,0.0007038476871277083,0.01243167048361262,0.00711648322985944,0.23598907078506753,0.22447358496030484,0.21360696161932805,0.12415355216036068,0.6031272262334824,0.33980270313737826
26,26,34,0.00038912500777394814,0.0005903278644840827,0.008703693658496965,0.006602769581767404,0.1870768866775667,0.2868190300719839,0.19196900067960515,0.1419301440167108,0.6547479704022408,0.478737248786021
27,27,34,0.0019289785314225917,0.002517528779227164,0.016759114815880927,0.012352375017941343,0.6123057845979929,0.77262274264481,0.3063330812489285,0.1838185215163895,1.1854194240535008,0.7633639297557938
28,28,34,0.0005223284312224303,0.0007217730437102225,0.011608542306074762,0.009869257872150317,0.39688955981503515,0.4823290266898358,0.32777712340740595,0.23985339783113724,1.0769482605597551,0.8589551788690163
29,29,34,0.00029818711084986075,0.0005191422250852369,0.007385205641827162,0.006234936728314431,0.2733353258603636,0.5450232966826057,0.24552756504100912,0.24489507420214834,0.7705033802810837,0.8144696067696632
30,30,34,0.0003196360378698206,0.00041371016560576014,0.008555151378352414,0.005288136109094952,0.09462958505815443,0.12190154450055388,0.14649875801714027,0.0877661759932855,0.5277029950829113,0.3132727011122077
31,31,34,0.0011492941482762998,0.001139272808305287,0.0146569673465017,0.007793567695421838,0.30640779517810135,0.2573698955918058,0.24591544204775026,0.11787658801594461,0.7987905179753023,0.41185728384973325
32,32,34,0.00043711886275880663,0.0010438673009175769,0.00855129276511862,0.007729645743043133,0.1653917469906018,0.39179926607907495,0.16474606984240167,0.1495883046374888,0.5689066477558192,0.5691433012272104
33,33,34,0.0006559297452280161,0.0008289400059441822,0.011452051619177355,0.006126171307138869,0.2743630189284244,0.3626334765298274,0.23462721245253787,0.1280921025043082,0.6940840517773348,0.3854319668369724
34,34,34,9.318341738114267e-05,0.0002552544543658631,0.003733569769846166,0.0033944322500976056,0.19311878680908942,0.5223977562913878,0.17344732966054888,0.15723089600096865,0.5918471252217012,0.5417359023139687
35,35,34,0.00030231698114595713,0.0013005534888585039,0.005219391454695998,0.005168403277135682,0.43494484398294897,1.8298314609605755,0.2034910923856146,0.19954974106292497,0.7381122454124338,0.7402306189058884
36,36,34,3.690682849403803e-05,4.77835478523331e-05,0.0033655125367016915,0.0015508439012373902,0.10169500131707858,0.11727813270327281,0.17742077852873242,0.08121043450397546,0.6144125487874535,0.28699849819166967
37,37,34,0.0011651830676889991,0.0030554051672238383,0.012050384395372342,0.01085725255772635,0.5332622617921409,1.338947654007752,0.26297377707327113,0.2430260177970942,0.8419691565282205,0.7682401714664234
38,38,34,0.00018031374507058098,0.0004180225164382053,0.005615606760222684,0.005282472021295448,0.47649497541544195,1.12889106945659,0.28956883860861554,0.2556882344571241,1.0605437001761269,1.1083644825066392
39,39,34,1.890296954761251e-05,7.869309644369429e-05,0.0012893042859265253,0.0016630817292162393,0.024490876491386992,0.10204370884782168,0.04640917534775594,0.059797457826332126,0.16478720920927384,0.2124793226788383
40,40,34,0.0001217760391495283,0.00014804255220941416,0.004895317159346579,0.0030954146743444417,0.1384188926039154,0.16318011143729422,0.1675192234928117,0.10491664092890234,0.5309454413021312,0.33380130276431635
41,41,34,0.0004391389830235472,0.0007333265263166348,0.008088159463916193,0.005207554130398622,0.13745847944279804,0.195077815146554,0.14739634666372747,0.0884655844796722,0.5614138131632525,0.3417863067330955
42,42,34,3.387925043294699e-05,7.101105637049708e-05,0.0022808395108714808,0.0028937653654747555,0.059286471709663814,0.14819541366492853,0.09386745506130598,0.11650247966669368,0.3513789599870934,0.4352168686165422
43,43,34,0.0011102330531952355,0.0011602998164060552,0.014463528388125054,0.008388173774674627,0.2225008693879799,0.2496115214630888,0.20286943719667547,0.12083391108424468,0.7222960635143167,0.4377108406832179
44,44,34,0.00029696913694512176,0.00038280915460134677,0.007939199167166781,0.006351773058396163,0.24862707576111837,0.3336458399690677,0.24320045310784788,0.1296892240690244,0.7089377080692965,0.383287815405136
45,45,34,0.0028628097082700524,0.003859944104633491,0.0239068762782742,0.017432023747035383,0.803783690009047,0.9308507676789994,0.41256074410151033,0.27459046622044314,1.341667288366486,0.8870928738917216
46,46,34,0.00041658519135560657,0.0011655409305090928,0.005636554921853959,0.008396559461667688,0.0633952864428626,0.15923732837307375,0.08441407540265251,0.0952211067844603,0.3444790237528436,0.4321245712307749
47,47,34,0.0010356039052125839,0.001768838557926868,0.011249916816322023,0.00979352481019046,0.31412447264472787,0.3885808144014959,0.21214331828934305,0.16263321008642243,0.7238240873112398,0.5548114774325706
48,48,34,0.0004830548880229745,0.0008655959690212349,0.009552488322643674,0.007149641679517348,0.2881299704587197,0.485401895657402,0.2391350094009848,0.1680759855191409,0.6948435972718632,0.5539885869299218
49,49,34,0.00030053594577218653,0.0004720921194584112,0.008380251484649145,0.006487378851991205,0.17632131475736113,0.2580903684390821,0.20430300625808098,0.1472208475525257,0.6822782228974735,0.5162754840502404
50,50,34,0.0008412252867428298,0.003148290864285991,0.006665293230017757,0.008606222568715008,1.4362732754499816,6.033577845297193,0.2563020407276995,0.3683666625262627,0.8476242046145832,1.2001515511882486
51,51,34,0.0001230486732110341,0.00029221787583879797,0.003929330508553368,0.003698048082458529,0.1364038354539148,0.2858662224161961,0.13318182780023882,0.11511290204926479,0.4773571865961832,0.43586059103278146
52,52,34,0.0007285499556447201,0.0007373400573331786,0.011714759926476023,0.006123672300578997,0.17925583951942184,0.1708982555863022,0.18548942861311576,0.09009186473199123,0.5190682327922653,0.25083756584152633
53,53,34,0.0012159590604931187,0.003360052924986022,0.008157738754936658,0.009803984718989325,0.5072459681028062,1.2485427285247905,0.21864177965942552,0.16994622023010278,0.8099898064837736,0.6529236636061438
54,54,34,0.000274065197653031,0.00029452778099758886,0.00781354314291521,0.005375904985533683,0.27728920314899264,0.2811169216232044,0.24742640423424103,0.15413672863031588,0.7178523991914356,0.43961603221924267
55,55,34,0.003520525370464277,0.004672237664735644,0.03369312563582378,0.020662169575020713,0.3639194161138114,0.3906532746368591,0.35421943489243,0.1857230682134774,1.048541750978021,0.5683712074436305
56,56,34,0.002560585104006082,0.00261542949724373,0.034864137360059166,0.02252086700863281,0.8621094017563498,0.6980315330415937,0.6593498760724769,0.3659661541267309,1.6525553245754803,1.042556418167847
57,57,34,0.000312494951037265,0.0007259201801065696,0.00612833200926509,0.006025152493835076,0.2063742291647941,0.38067492352584537,0.1781911823679419,0.14061232566249646,0.5570251507794156,0.44962556151691263
58,58,34,0.0006978788890003617,0.0007994490628602681,0.01128219488515135,0.006778705981002173,0.2636683941818774,0.2871577461458967,0.2190631685011527,0.12731844210209467,0.7582504525780678,0.4488661932350888
59,59,34,6.28838919550724e-05,0.00012411672516129797,0.003797676191692624,0.0022608128134583606,0.06529884141020696,0.12632175477617635,0.12277955901535119,0.0750484921732444,0.4576818701975486,0.283256794347792
60,60,34,0.00027391386661560423,0.0003020264006174872,0.006997235345325488,0.0034553046680270314,0.1641070793300648,0.1709336346369673,0.17324980326435147,0.080885062080392,0.6017763645333403,0.2865947868283366
61,61,34,0.0009736336535297596,0.0012000491584841996,0.010910293717375574,0.008243720582588022,0.22938031397129902,0.26059212892816197,0.17620320190839908,0.12409178340776399,0.5978778591927361,0.44261063987257787
62,62,34,0.00037483807072396087,0.00037424040311265607,0.010215259513215107,0.00386185245151513,0.2978597373208579,0.2525398310871521,0.2952175565502223,0.1256497058526223,0.7814217621789259,0.3512593901261601
63,63,34,0.0003744876302425168,0.00044286755147499257,0.008914374154033688,0.00559619101703205,0.14885715632151594,0.1596036468423678,0.1787958404268412,0.10268889259386522,0.49879830790793195,0.2893218072569888
64,64,34,0.0007014681773665978,0.0008810229001770881,0.009874372674590525,0.006686383210372055,0.1869160524528364,0.2234603288370125,0.16298099201829994,0.10388692127634588,0.5534604548969689,0.36029822257310934
65,65,34,7.498647197641784e-05,0.00014514751903094614,0.0031662358361405924,0.002025511207988041,0.15753161019700415,0.25619691559786434,0.14862826181685224,0.0815356010753681,0.5067125611445483,0.277042010695678
66,66,34,0.00031267570265339705,0.0004764875386318048,0.007823519271743648,0.00692090599692492,0.1736442248802632,0.24603484197651632,0.18829642816939773,0.16090410796932544,0.5780684124020969,0.4761589302945674
67,67,34,0.0007524941372727934,0.0006676495905693384,0.011224087259239134,0.006165967794346961,0.23217102780472487,0.26503667132216063,0.19265562471221476,0.10702448772037462,0.6060402910499012,0.3327696151744527
68,68,34,7.683881250052175e-05,0.00017628957477227244,0.0032529052524991773,0.004084231754874978,0.11740312077830929,0.27622061026226724,0.11677436043015298,0.13373042842685837,0.40898064589675737,0.41692934405016957
69,69,34,0.003461884192106749,0.00382471761735565,0.024395299198872903,0.01903108782172087,0.6244233398191521,0.6757432230444251,0.33027580216088714,0.2317358439956483,1.0984988510608673,0.7679886483066448
70,70,34,0.0001827621473801307,0.0002547477592372871,0.005727363096358364,0.00469799482066947,0.22032992455505712,0.2843195265436145,0.20595145050217123,0.16694100625804673,0.6260358756955933,0.5240688043804104
71,71,34,0.0004226505895584363,0.000537034915426544,0.0088126637685277,0.005071225542560121,0.13072028717793086,0.17535851877465336,0.15156328020726934,0.0922802331700222,0.49816785796600227,0.31547110489115965
72,72,34,5.839987072670952e-05,0.00014033844835530053,0.0032610130232676644,0.0031683284214468143,0.15249528990620198,0.33917609734471993,0.16992687401087844,0.1566473277497663,0.6306945352869875,0.6183494830449787
73,73,34,0.0003281890867851069,0.00031074677049667377,0.008693298290702789,0.00505481858171242,0.25319236970287473,0.26787543923872753,0.2477669354309054,0.16749050017438274,0.7848933330353569,0.5643617659126764
74,74,34,0.00025632112972824177,0.00029130098406389995,0.006000499593724003,0.0038112025791525997,0.1584566851173911,0.16660005052308163,0.15471576291191227,0.09306024887707451,0.58270533864989,0.34809391292311065
75,75,34,0.00035943919706101846,0.0008260677232632863,0.007978009066873175,0.006800652893866618,0.26080208162174506,0.6434703456648148,0.21478915389846354,0.17760460046927787,0.6207399341989966,0.5207080509461178
76,76,34,0.0006801194553297726,0.000796799757489401,0.011187455726458746,0.006455938258642588,0.1922338279785917,0.22118065684143726,0.1888941448620137,0.1134743942927734,0.6396828626885134,0.3779049558403985
77,77,34,0.001138203034797163,0.002516741190499271,0.012584817164358409,0.011429579624517546,0.10710496792008224,0.19075943955895466,0.12971519404912696,0.11035690301014134,0.572990161311977,0.5179504204087234
78,78,34,3.688354646204944e-05,5.382192244487344e-05,0.002536946673952865,0.002080834054530049,0.1315523604845272,0.2181600310249784,0.14579866563572602,0.13939892286616776,0.5054578645264401,0.4889905706276215
79,79,34,0.000875409670162994,0.0006350091276928298,0.016635069815332398,0.005630117833432119,0.2723253982360749,0.21728062738234694,0.29198428681668115,0.09715782972592586,0.7538944947368958,0.25112540822911245
80,80,34,3.155557190251891e-05,4.506397635937107e-05,0.003060177115805666,0.002035328465039739,0.19118799575987985,0.2542537863620697,0.2409317083656788,0.15827441085504423,0.7842221838586471,0.5324039254150963
81,81,34,0.0005604548814784828,0.0009798840855919342,0.009562464759630315,0.00838859550857965,0.2860847312874873,0.5930016092049506,0.20695967884624705,0.20117036824114976,0.7343168412061298,0.7904086710778946
82,82,34,0.000302766090418813,0.00043800984482361753,0.008396474952699946,0.006099123755244563,0.2275123102042605,0.32419201244775014,0.23186542269061594,0.16386673807057067,0.6380050366415697,0.5058890532318862
83,83,34,3.243691219435117e-05,7.711616422975069e-05,0.002698657489792608,0.0023184200009704094,0.09714023401166368,0.2587058320939897,0.14355735864271135,0.13066047981283335,0.5439153410056058,0.5364735877914886
84,84,34,0.0003376257821882438,0.00036616450149894674,0.008809850092374664,0.004144281367028,0.16472888887887271,0.15838326909339687,0.1998672638745869,0.08958614124399218,0.6385582308558857,0.2836569168222243
85,85,34,0.000274630689947277,0.00027636426932714926,0.00958778232555179,0.004877255683865375,0.3311150242738864,0.30201687858767057,0.33540694875752225,0.16548063145088238,0.9894506028469872,0.5356478417510364
86,86,34,0.00041405772577384007,0.0004708947060476414,0.009406901293379418,0.005747872862931249,0.13940140226965442,0.1921016916303454,0.16938994693405487,0.11739543473655048,0.5891735211891287,0.41372498906880933
87,87,34,0.001055681993581375,0.001189185612755653,0.014910248991595033,0.00970057278542901,0.3910047916476341,0.4751852590802636,0.28556889514712724,0.17780529772273193,0.8571218988474678,0.5562495288528753
88,88,34,0.00015146649044883067,0.0003081220561184981,0.004180183007573599,0.005048007221313478,0.20274256866575932,0.4204124245916255,0.14636747188427868,0.1906774395806996,0.46778692589963183,0.5741077293312673
89,89,34,0.0009418998547516821,0.001795735113336513,0.010551792014773716,0.008314849146284576,0.20034121485043535,0.27928564505146336,0.16570245167788336,0.11623471914330648,0.5692738982684472,0.40660537666505797
90,90,34,0.00033636392354243497,0.0005411640103028588,0.007795656334458138,0.00519075558567152,0.1445705430678037,0.22135096590354453,0.16596945665557594,0.10611307096487042,0.5415054903749157,0.34722577877841015
91,91,34,0.000276408591937926,0.0002535277410094594,0.00904758953188053,0.005626561660231515,0.3193306237020913,0.3138899519775731,0.3037256920600639,0.20035994599458248,0.8141357403467683,0.48261407028232084
92,92,34,4.296005661618598e-05,0.00010439810254011832,0.00310900918660028,0.002707160073540459,0.10186291042277042,0.24317047452385426,0.15098882115939083,0.1301092381521125,0.5590383454280741,0.5242774329208983
93,93,34,0.0018563546723538928,0.003575441972739391,0.01846215678105021,0.01946654494999381,0.297923891188796,0.6131242037393404,0.23101690488264842,0.2518679014769409,0.801642165026244,0.977547586956577
94,94,34,0.00012102162349947321,0.00016763821810636203,0.004079937734572655,0.002900574661471711,0.1367335779017166,0.17529763685160193,0.1460128013482865,0.09648989951303322,0.5488016013713444,0.37018777003706077
95,95,34,0.0005771996028242403,0.0009319529980713701,0.01007295966230552,0.008153690113898892,0.16975918141714133,0.2613491251578066,0.17160932478659294,0.14192985128335464,0.7370841279625893,0.6325202328734146
96,96,34,0.00045448608654944967,0.0006384355400140937,0.008308698840932372,0.005648647181952745,0.20528976530220142,0.22551695184805753,0.18429723381996155,0.1135961331782743,0.5830021592624047,0.36015147705828676
97,97,34,0.001903368153187009,0.002314646401731649,0.014759808515116353,0.010393367898227658,0.2562229335188236,0.33151960313540757,0.17235237748964743,0.12403354852898528,0.7170561495072701,0.5353793449802375
98,98,34,0.000678314100669548,0.0009153168702810164,0.01118427756078103,0.00685230107255939,0.12274214679457467,0.14979044615607173,0.15017693840405522,0.08802657757004596,0.5608615783207557,0.3284065478577766
99,99,34,0.00012210574174573326,0.00037100808034954314,0.004396538828800926,0.004546680103948081,0.1762336685650927,0.5484393422541947,0.1658713884432526,0.17533921970391664,0.5804715428282233,0.6259690195858512
100,100,34,0.00011935041295300031,0.0002763756600340012,0.003720688903259168,0.003979449943194422,0.09647192461039487,0.20012770311372585,0.11678055257481687,0.11145341099117594,0.41398506984114647,0.3968932377264279
101,101,34,5.1279888573256304e-05,0.00013942002947891265,0.003265033181592384,0.0028080609072833216,0.07922291513258482,0.2176897828780725,0.12727419451317368,0.11119494922553749,0.4986642625402002,0.4691785036798911
102,102,34,5.187913171432549e-05,0.00011127402097715635,0.003638293587273973,0.002976377486258384,0.10487231451963239,0.2303145299594309,0.15998423373436227,0.13562139207459148,0.5780750907519284,0.5418034793653572
103,103,34,7.369187777412127e-05,0.0001280410155431835,0.004637047521742608,0.003183399710569757,0.1354036394999746,0.22642481559102845,0.19759457054383614,0.13591773387508516,0.6249921085203395,0.4882231802123633
104,104,34,0.00044627311043608217,0.0005329892003787052,0.0076421599027098105,0.004578964157981821,0.1921732474447173,0.221042430122056,0.16128341492046327,0.09230519085848969,0.5419992059469223,0.3130715643897426
105,105,34,0.0004244023578340763,0.000437403152466963,0.009220213341691038,0.005097155882513484,0.16637771308202953,0.15623890781182798,0.18679789618095932,0.09554969340385759,0.5807420672739253,0.30827451980796267
106,106,34,0.0005986479967657822,0.0008201692702080034,0.009808324364712462,0.009085841150907244,0.3094006208120845,0.3982586042553468,0.23056243776398547,0.20823504645262494,0.8020192152437042,0.749540396185309
107,107,34,0.0005594941893137087,0.0005406366099686965,0.010469038190101,0.005365167986977696,0.2649776390479768,0.2436802312119672,0.22973992982331445,0.11488009179015055,0.70224008139442,0.3560201634750833
108,108,34,0.0008175691772896029,0.0009088971565573474,0.012007568058941294,0.006456306011905664,0.48557767800658064,0.60427490024467,0.2868714854121208,0.1739827419312892,0.7894403732874814,0.48636580031019927
109,109,34,0.0008898632062857145,0.0014857072360433075,0.012159837649532539,0.010402959351350055,0.17505256800830146,0.30779999570003197,0.16925953569657662,0.15020848189277752,0.6472104529247564,0.5827074088501408
110,110,34,0.00023293192722081477,0.0003863968881608481,0.0061283002758179515,0.00587494753704554,0.2523547580828616,0.3940322063693591,0.1980723513509421,0.16444330763770482,0.6237904335207799,0.522038022464145
111,111,34,0.0003653005273115602,0.0006781477419452714,0.0062265670070808165,0.005590421530790616,0.41804586344069855,0.7023702757856279,0.2165382114403388,0.18745290470229803,0.6982624175793984,0.6289316127356372
112,112,34,0.0002576284381950031,0.0005443457558427752,0.006185222283580943,0.004369462594431221,0.37683704730999823,0.6308236059525263,0.2500416785478592,0.16147660531893565,0.7739889310563312,0.5032216471714129
113,113,34,8.500435949171708e-05,0.00019929267059521047,0.003504664952154545,0.0032811527311640645,0.1712872106444967,0.26716284515435534,0.19292892975842252,0.14674432424461126,0.6231374289183056,0.5267159974410044
114,114,34,0.0006043084424417804,0.0010100231733500824,0.007763823151917142,0.005698462718833974,0.27151115155806216,0.5418710290822223,0.16462463699281216,0.12369158041886165,0.5751934945583344,0.44528348631012155
115,115,34,0.000515410009411459,0.0018809852533002822,0.00580494807132602,0.014211293352305523,0.42727043159025285,1.2990779513585233,0.19244222868891322,0.3526241411772544,0.7057282050304553,1.4311398492929908
116,116,34,0.0004459041569241569,0.0004732102247682064,0.008891973945805254,0.00512587010010128,0.2625334485749002,0.3134192506316155,0.21316868877586195,0.12937101480304505,0.6317479077945737,0.3918081862688699
117,117,34,3.70952085872619e-05,7.125909610147701e-05,0.0031055136213955633,0.0020550848139207,0.09495340916328132,0.13142226058313078,0.16484099955243223,0.10737979422323583,0.6058847531676292,0.39754138469573397
118,118,34,0.0001207318236324414,0.0004700132586991723,0.0034407570252797622,0.0031778893365748775,0.5593556489603704,2.3731783310342376,0.21332868177662878,0.19911819217969204,0.7471315650378957,0.720563297685154
119,119,34,0.0010016982602845767,0.0009012933346447562,0.014478528981699663,0.006410052406890139,0.29425013985703974,0.2562715013071911,0.24909602434319608,0.10852024029281175,0.6737267190919203,0.2846841316712087
120,120,34,0.0002299893243723679,0.00024926303346971046,0.0071168633944848,0.004038907276128965,0.2126266065546695,0.24154977492041746,0.21472868805422501,0.12506020245178795,0.6766270092305016,0.3884557462566934
121,121,34,0.00048742103621514295,0.0004822151402617507,0.008516745826722506,0.005190559261842016,0.2691163129228003,0.26664207240008125,0.20377066534231691,0.12145819079499875,0.5814837804611992,0.407832042668646
122,122,34,0.0003695367385101717,0.0005756489912727273,0.008591005797771847,0.005983737154649483,0.1503868650727193,0.19058912653916846,0.18095636817024036,0.12170837107922206,0.592907648314448,0.43435761967687275
123,123,34,0.0007140792195059475,0.000774639837119698,0.011563191101338495,0.0075976851257720055,0.21208478147437906,0.2532678622827581,0.19856584137853453,0.13862176910600174,0.6007563213215155,0.4715908313401142
124,124,34,0.00043849229183144737,0.0004922006463726091,0.009721915264997412,0.005822174262150768,0.17231534826843178,0.18069525542644824,0.1954705155290225,0.11057208247279815,0.6009466525386361,0.34496182545613596
125,125,34,0.0003388107392418212,0.00037967803376883337,0.008469921084778273,0.004675502327110897,0.20646233358146512,0.20489294528701363,0.2112912746036754,0.11446847841848938,0.6361258073764688,0.34802408949493974
126,126,34,0.0006689973429943433,0.0031900738780739003,0.007719011224039337,0.01703344352269779,0.37418607027982087,1.3000372137582668,0.23375221298021429,0.35831927957085963,0.846105496673023,1.4914994965528836
127,127,34,0.00024729890061708456,0.00031481595320160833,0.007626933572978219,0.00512605118323379,0.23343435203766122,0.2577052061022826,0.24459853571127443,0.145876208776317,0.7088405354058042,0.4584142964667928
128,128,34,0.0004211948344096955,0.000642618175377424,0.005642459584016572,0.004133969231889901,0.41734394372906536,0.7179515239567931,0.17300865919712713,0.11880387899257248,0.5698161760673803,0.38772059626199407
129,129,34,9.493811279191825e-05,0.0002444139546111546,0.0037641667295247316,0.003911997215369101,0.14365028024322407,0.3694395957825125,0.14418078202973394,0.1437864912969096,0.5302162946147078,0.5931259484233063
130,130,34,0.00071058645249543,0.0010060829679279404,0.012432020075400086,0.008250753677951627,0.13795783759697394,0.1768889895938906,0.18151895679971752,0.11186989879661058,0.6365460148629021,0.4278198002754448
131,131,34,0.0007647014240453299,0.0011891413282987852,0.010002027529373984,0.008432418800900881,0.28598717320025624,0.42816477635138867,0.19479522750000744,0.15833626170858547,0.5876800553763614,0.48426830401475096
132,132,34,0.0004274476766701863,0.00046925438088562036,0.01134607314323897,0.006491897730869444,0.21317418818088138,0.23066576384914073,0.25539084019906383,0.14389363917810638,0.7781598576728035,0.4546459331384793
133,133,34,0.0014273061134618353,0.0018132150156005818,0.011761449838933699,0.008333178706460253,0.2736931950014824,0.42306225656180124,0.1600397074704661,0.12271601240638137,0.5485909337944844,0.44619694866232806
134,134,34,0.0004700584362738295,0.0009366109955285996,0.00556311513098669,0.005679336049961506,0.5440647776533083,1.5151557174159522,0.19279060315559893,0.14440476141714567,0.636610213886289,0.4463008800440768
135,135,34,0.0007767391318124925,0.0009166677204030373,0.014566302997991443,0.008089144723039907,0.16372228934265234,0.1965838450307794,0.21223651420544176,0.11694310393828905,0.6688543426639894,0.3842214932269507
136,136,34,0.00014796628863678052,0.0002698531543531924,0.005140102530062637,0.004346220927109534,0.23007093378178337,0.41392371775795245,0.2090089305797044,0.16712376053505185,0.7746735697283464,0.6266367929387898
137,137,34,0.0003388108430312166,0.0003997636283533076,0.007037532550063641,0.004457761936317058,0.15977263788911789,0.18602854431982235,0.15434646365397117,0.09302857026832362,0.5060016008860925,0.31526914046995347
138,138,34,0.0013412088384725125,0.00163489846074571,0.01835493340759593,0.010538173732473323,0.33039064820417585,0.40075165422732306,0.2879042984808193,0.16719225561022755,0.7951211867963567,0.4754192747569743
139,139,34,0.0005353463804487332,0.0007823034859915088,0.009512843509369037,0.006323473503261576,0.12384968921062811,0.1636753977388506,0.14732276544194012,0.09315114294448915,0.5455077768248671,0.3438336134934966
140,140,34,0.00018730372718945385,0.0002750031852363777,0.006665480172480731,0.00485398971901382,0.2668856255819692,0.3732968511591937,0.2605326042017516,0.1784375389475967,0.8695774507873199,0.6216106440231342
141,141,34,0.00018847573678345617,0.0003063036117722876,0.006443312829908203,0.005213244412292872,0.11006601760163903,0.17649804633331326,0.1554216529954882,0.10479764585617504,0.5659303266335937,0.4064233198731515
142,142,34,0.0003894203335243125,0.0009303227032067064,0.005608950207448181,0.0058355134248338015,0.28304199763977733,0.5100470111079655,0.17825199022670002,0.1652027930902873,0.6704138179912287,0.6047520985727053
143,143,34,0.00017527142929740127,0.0004637492918668821,0.0051170141668990254,0.0042708978250931414,0.3072604580563219,0.7311085615270236,0.22407731282360413,0.17665044619691042,0.7865084392182967,0.6994615770665579
144,144,34,0.00024527525010853424,0.00035973273609846113,0.0073257778182297065,0.004933822260958297,0.12515078979434774,0.18475831112257735,0.16321460278156927,0.1165104247761697,0.5310171185170903,0.38387808505770465
145,145,34,0.0005639903373782865,0.0014803324904857941,0.009707697663757512,0.011820114740056856,0.24402871462927364,0.7184472894306908,0.19606616791776,0.2771257713711906,0.6618873658863937,0.939691369712024
146,146,34,0.0004819775479682127,0.0008778517933504046,0.008798606038052478,0.008418440360881312,0.24883635748547556,0.4127564172440953,0.20579869880834045,0.18764121933687694,0.5884904655463555,0.5147518815959025
147,147,34,0.0013494525605357707,0.0016532924156344117,0.012392686008859207,0.009179660596694396,0.23810512901913813,0.25536263130264986,0.1765750501962269,0.11269915007008133,0.6081911435022074,0.41247528884513307
148,148,34,0.0003838572844121218,0.0005628599333235353,0.0077684483737410865,0.006241228325643459,0.2901066307745436,0.4304532736275648,0.214930916643318,0.1862298653366911,0.659646493547103,0.5843789496152824
149,149,34,0.0004216598336450475,0.0006518458900420186,0.009376613697146667,0.0072160927579946405,0.1461917421068339,0.21464774394676453,0.17629270299392588,0.1311052671537456,0.6144641322248122,0.46104892692300126
150,150,34,0.0017246515049277257,0.0013208350498198093,0.02114170099444249,0.007115691322031783,0.35773123455617356,0.27134646774470544,0.3008919228963992,0.10553179659621134,0.8324543342870825,0.31529505554443843
151,151,34,0.0003850077845634266,0.000556635468151433,0.008502963639330119,0.005803230967155128,0.18577696928097046,0.23885236560697498,0.19215057680712028,0.12842728257731864,0.6057760820669287,0.43593286555525723
152,152,34,0.0003876567379312987,0.0006355390839895529,0.008470272337196065,0.006067431754534776,0.21417016927700708,0.36482746255567,0.20292476016808958,0.13240669087106932,0.6275404542684555,0.45140334049526654
153,153,34,0.001451434896379771,0.0013926889660093905,0.015470778754474047,0.011129286412871012,0.5919483861584655,0.6090706753971367,0.304361772887847,0.20508103129165176,0.8724661692976952,0.6394725111715077
154,154,34,0.00022356550630989018,0.0004616314345231843,0.005663631107274662,0.003657998122952005,0.20160728998427443,0.3504736894259058,0.1784137595883187,0.12268638369911618,0.6691081006737316,0.4933304147668088
155,155,34,0.0001689941063619592,0.00030902516161907917,0.005556631977122058,0.004976277284133332,0.25049281709224863,0.4390485808662481,0.21338920404805856,0.19273043613631718,0.65246102652129,0.631357800627199
156,156,34,0.00010153152053212179,0.00021236627929603914,0.0036290116823853597,0.002533896773421951,0.21088453089503353,0.43423957838303673,0.1651830305071438,0.12885436802538575,0.534097555148251,0.4081258514534506
157,157,34,0.0011324982239303233,0.0009388372325980238,0.020704896120792803,0.010651166035529902,0.30925405266530376,0.2543550268873236,0.3399932242053397,0.17225161768646652,1.0465227190185995,0.5418449128770285
158,158,34,0.0003876835258939964,0.0005142026743890814,0.007388805621303618,0.005474786470573826,0.17779690728468053,0.24667810252271327,0.16149470955133438,0.12372628558225027,0.5140318725915516,0.4250752231242682
159,159,34,8.871711295743058e-05,0.0002452621008760426,0.003998491919928175,0.004146908280074824,0.11339102725169677,0.34208232704637626,0.1384980079224881,0.15501169833611578,0.5009195440832306,0.6007746514806319
160,160,34,0.0010967404259110266,0.0012034818800113894,0.01152383878498393,0.007553881727960111,0.2635413526338251,0.27052607161414566,0.18200108452754862,0.11231546581310241,0.6034823200281929,0.3700925993506805
161,161,34,0.0013159190354653059,0.0019144235705236292,0.014384552884353873,0.010307294187930088,0.34199507160605314,0.4615554639862135,0.22957234248957215,0.1556757692624841,0.78771543196019,0.5785218228500199
162,162,34,0.0007475833786509825,0.0008644325795229388,0.009552221711012809,0.006157573635058307,0.2990245456697748,0.3633712230396542,0.18981771193006458,0.12044769995880547,0.6302536143099561,0.41077145665775455
163,163,34,0.00039494164556184416,0.0004996393694114371,0.009113760507556008,0.00550955916365043,0.21118759150233338,0.26969177611525164,0.20896289913969882,0.1264455854121685,0.6132060385802213,0.38793675612669437
164,164,34,0.0011724632639764903,0.001320564564812334,0.015994542634443325,0.01044029752123921,0.3106442852603162,0.2786910666450222,0.27950790305348006,0.14956781150590254,0.7444505020976067,0.42010538781372303
165,165,34,0.00010027206860239429,0.00020319234844006601,0.003119274607503458,0.003028449467853632,0.13386637137120808,0.3189558676897553,0.1108741205843056,0.10567583281507345,0.3813468588187414,0.35903863262736907
166,166,34,0.0002885705828649567,0.0003404654251965786,0.007026975590954809,0.004659268107165981,0.1482799751957988,0.16594721720985908,0.16031900344087796,0.09890325133249765,0.5625612674390569,0.35138109727557754
167,167,34,0.0004024558350947165,0.0007314723283041956,0.008102479363408159,0.00621812698145798,0.4389915654764456,0.768733532312348,0.269778065602569,0.21073599351250807,0.8427139432991252,0.6615837493225921
168,168,34,0.0027009313119793553,0.0025665537553451597,0.02358607477029128,0.014409485168542154,0.7940049383734518,1.0943570501652844,0.39920935714069533,0.24359490812886278,1.07972121633151,0.6943881797348836
169,169,34,0.0005007355432954843,0.0006849574869388696,0.008169589386157253,0.006306809320303963,0.21106492520501727,0.24151984745990485,0.17502375122378855,0.11642999081481567,0.5072060128783479,0.3568971407792729
170,170,34,0.001255920981774954,0.0035035746771104794,0.009904611239428906,0.01038119927346535,1.0826342756969525,3.700103311454758,0.2722202724612811,0.31235781221436903,0.8771741832880413,1.0035485615343642
171,171,34,0.001986629210959483,0.0017859381811721141,0.02186296893941129,0.011120957906813667,0.30977038499515724,0.2692311355829815,0.27424343017970815,0.13473247604205438,0.7467808526228455,0.3816183248691017
172,172,34,0.0004048603334869018,0.0005577897762279072,0.007252539213582435,0.004630073502390817,0.24708149436970844,0.31399128854386865,0.1841895852018805,0.12259772838239488,0.6048763425034636,0.3917039121990778
173,173,34,0.00013677800175441115,0.00031239814506314436,0.006276852944317986,0.004218259475920348,0.10251952146234758,0.2626981018268692,0.16552060995908344,0.12271750686165409,0.630001219756463,0.5032127778884059
174,174,34,5.315388668027681e-05,6.483466036998646e-05,0.003540959983023212,0.0019136647560822346,0.1620788478450028,0.2067397180819899,0.1985024317879887,0.12039997403101384,0.6415373880197021,0.40487482623395793
175,175,34,0.00035380250512710465,0.0005093508174648569,0.007072507256559809,0.006195773700001635,0.254747332265491,0.3470111723465766,0.19280930904342847,0.14761615556286956,0.6374015124405131,0.48500482657197397
176,176,34,2.782077469606413e-05,4.972453183666408e-05,0.0026916958775152176,0.0019304408216511278,0.09632765712654766,0.16797702900299644,0.15953551298555205,0.11116948501304429,0.618135343579685,0.45902445660384644
177,177,34,0.0008334389484683497,0.0009323612754199604,0.012384282822227654,0.008202459194848008,0.2515901363838245,0.28423136275452404,0.22204668951385162,0.15307028281283427,0.622897603932549,0.4481889629218158
178,178,34,0.00026997351781520755,0.0002764956975112484,0.007135394796290819,0.0038926858497340786,0.1957500221700791,0.20370212805170426,0.19197110590689323,0.10626154598163967,0.6126883814440054,0.3481985583014967
179,179,34,9.489326384937158e-05,0.000196933088016889,0.00466273509664461,0.0038008321163289574,0.18930222121450832,0.32396302406248867,0.22049707919359207,0.16757227663089574,0.818055717384114,0.651698108142735
180,180,34,0.0027820915494136417,0.006709298572995436,0.01962129874428844,0.02793083435365533,0.2120678367175381,0.38051165224712785,0.18630963322870872,0.20867514710255267,0.7387650856638656,0.7113357898722139
181,181,34,2.3215885948205075e-05,8.693322975815677e-05,0.0017888215966271098,0.002812137113521548,0.14648069164832123,0.43470742426958997,0.15712703556260643,0.20622963160345226,0.4994398377397481,0.721649436252881
182,182,34,0.0004914517725383656,0.0008169598672006004,0.008356126994305454,0.0076678860159918915,0.1597985195557532,0.20613213025499472,0.1794641934992636,0.12608398987513633,0.6526927312507349,0.47836349872285566
183,183,34,0.00013195507952278764,0.0002887536689162292,0.004896560307208668,0.005724862479570663,0.23261273252736667,0.44001190461504325,0.21827921715071974,0.21654904091008162,0.7543436071890242,0.756126498015733
184,184,34,9.924542727650773e-05,0.00021128200610710565,0.004948159179869382,0.004520814991760483,0.10953753897646333,0.23456239775991755,0.16490586036268404,0.14764611072564574,0.6484638448147213,0.6272367794491117
185,185,34,0.0008142245165157981,0.0012564837660324348,0.009907287271583782,0.008436683658282767,0.21173376316779896,0.268884382218246,0.16597727642339818,0.12154666495002191,0.5650104065151775,0.4231580151241809
186,186,34,0.0002441662809627922,0.0005201617010300068,0.006765812950427918,0.005770983639059922,0.16123247250695438,0.34982341393444893,0.17306119203567505,0.14873748756890962,0.5677969096338048,0.4985499363769894
187,187,34,0.0010006532694633813,0.00164199014845238,0.010666189722114187,0.007710709164026061,0.12548713601598352,0.1923485896845505,0.12111340671339456,0.09492181408046722,0.5275249432991532,0.39004765314046247
188,188,34,0.0010642117684469936,0.0018031231650407575,0.009142965865869294,0.0071943571868573735,0.3405305611051838,0.49035674372208826,0.1764914844842518,0.11390898195132192,0.5751961325021351,0.37797728103124245
189,189,34,0.0012107367587946903,0.0013423192968787473,0.013904977213207851,0.009001651583058604,0.29190017218591974,0.2729162706385191,0.2241034092491164,0.13339024721324952,0.7825991870725856,0.47393046661814203
190,190,34,0.00014708961937097176,0.00022983242415699297,0.005506816275609548,0.004526792714823341,0.15052750083508298,0.23865685540998466,0.17532001380973003,0.14651204459696113,0.6308535061338368,0.5564822759023764
191,191,34,0.0005283732076510633,0.0006857232961927247,0.009119141744175815,0.006409588421544833,0.20050521285327919,0.24922733515028697,0.18093027481261423,0.12276733771060866,0.559743217247374,0.40311884006678445
192,192,34,0.00035991168161832746,0.0004777982776413305,0.007342210375046467,0.005148262194857655,0.14976286755956927,0.1878611546298742,0.15218481180422447,0.10674876000981932,0.5079500559060013,0.3477570017957658
193,193,34,0.0005789565287164363,0.001054468447653306,0.007442708954091787,0.008857962184551597,0.23241577326552942,0.36409595989066856,0.16819229732979746,0.15574129088857244,0.6617621246944455,0.6472706532476037
194,194,34,0.0005929606368226814,0.0009457148546069377,0.011193698436460075,0.008442881870832065,0.1899456562310019,0.3171077059381714,0.1974526084959507,0.15275961582925676,0.6972689847735798,0.5810086573683508
195,195,34,0.0005528509487864058,0.0007833654290658474,0.008631211054949638,0.005639433053041015,0.15041481819250346,0.18520869128394934,0.1479095827021143,0.09039826065567919,0.5045888686881346,0.2994650438008783
196,196,34,0.0012956495397836133,0.0012837775972929916,0.017027892826316768,0.010289073497957078,0.30815089800778556,0.2660945928717692,0.268584735253278,0.13863634214319395,0.6914979215053951,0.34386215518443847
197,197,34,8.870470877381569e-05,0.00025195699345441987,0.0035047493943506304,0.002340271463909924,0.11449993016910465,0.19146522874767752,0.15350552297690334,0.10564317099618695,0.6028932714286972,0.3894560633467103
198,198,34,0.0014509755340922686,0.0013620094827132736,0.01680743053336354,0.009166996424104235,0.31684008725535345,0.28785249027139603,0.2562929391860962,0.13932664915594514,0.7516641840338707,0.45114468485293413
199,199,34,0.00016917759084582727,0.00037014611720878414,0.006563829299172058,0.006372555106941217,0.17206168103524866,0.3283418794988403,0.21475601875606706,0.19571085380081504,0.7381022616344339,0.6944263350512085
200,200,34,0.0004936923642764454,0.0006837288864477512,0.008816617297912565,0.006257610482673367,0.15275819543132776,0.21012625567235185,0.15563950035721064,0.10845347441327348,0.5810305581373327,0.4080829668781258
201,201,34,0.0004333469085074338,0.0008257901222321092,0.00776334638323854,0.00618514053571704,0.1671494476510869,0.34183899850831334,0.14883247467086597,0.12835937709986142,0.5388554067296141,0.49164714240429686
202,202,34,0.00032106146136356983,0.0003876988921934945,0.00913224118652151,0.004063919429374588,0.11873601672842223,0.14031530797475072,0.17562041475492365,0.07811825113401287,0.5617514625191689,0.26009878946995635
203,203,34,0.0007888993632685229,0.0008159068653822413,0.011886572889874087,0.006436444146009837,0.2246707303394728,0.22461599100897,0.20090804358615594,0.10881525749109265,0.6264428579631973,0.35085063428604135
204,204,34,0.0002456658929625465,0.00045401726313846997,0.005665806875399807,0.006285311131394819,0.26166077030767854,0.4443491724810436,0.1923606520628228,0.2032435280527706,0.7075323352918905,0.8566396610310374
205,205,34,9.801643335884044e-05,0.00017363865023293818,0.004362335325876141,0.004058659328753581,0.16512333860566072,0.27702245074350906,0.183738341445432,0.16097954153453814,0.727705246385406,0.6985032341067657
206,206,34,0.0003967819718983425,0.000440147757601989,0.008532021824708757,0.0048599619432772275,0.30927785743466196,0.33246222024705996,0.2401414890499676,0.13416372937375326,0.6872964781873366,0.3519851195150572
207,207,34,0.0002240147856916926,0.00038675456370332084,0.006890184478834271,0.006432228452671589,0.1680521486696842,0.3055260286924851,0.18737710749401765,0.17704391773003683,0.7006871404454988,0.7264886850170396
208,208,34,0.00041374945326023245,0.0007751238261382144,0.007630815034430912,0.007967601429566155,0.25568560671800855,0.43081889407896706,0.18982361158465638,0.17063957190686604,0.6110597290098667,0.5755966556330385
209,209,34,0.0007578344318651088,0.001536529986497038,0.011780527454581769,0.00917204390766947,0.16245772830648897,0.33429862673104943,0.1742627802578842,0.13330975662150377,0.6011514597955872,0.4843589257791789
210,210,34,0.00020005276029919246,0.0003967216930659888,0.005524774355923428,0.003807723024677112,0.168538090396289,0.3471218273819379,0.1623537955696092,0.10775573133202267,0.4910786178182153,0.3192948219568076
211,211,34,0.0006369370084939874,0.0014793940994049753,0.011046751833739965,0.008878889610537212,0.1752695179243079,0.3824074874282347,0.18682609695722074,0.14104087423424333,0.601530010209364,0.5305764190095396
212,212,34,0.0005958456044669112,0.0008516526112647772,0.011263881282716551,0.008858946916754323,0.16274616701583214,0.20904811837796639,0.18677609950742302,0.13169163644925494,0.6060818069997955,0.42206585880889363
213,213,34,0.00018688180673908552,0.0002663222548126505,0.006472742198692525,0.004457491631780696,0.11554833767278229,0.1660065262146397,0.16003607684636817,0.11111608779666038,0.5064182627727004,0.34969518999583266
214,214,34,0.00016807383528483864,0.0003013133992064523,0.005533627902075429,0.0044388696027314965,0.42651003678603205,0.6285149089580727,0.2971747802460895,0.22535468395179778,0.9641141277902266,0.7747029781735558
215,215,34,0.0003166854902608119,0.0006309363597508282,0.006816015325431877,0.005639147066290112,0.6185274962609744,1.3279672814312875,0.3091467187246856,0.26148607599968515,0.9517804813735625,0.9016135910523714
216,216,34,0.0007281674297032356,0.0008944459117425544,0.01034482489408487,0.007375127909193325,0.1775816506226821,0.2081406544421502,0.16632004410904996,0.114509029811071,0.5712763526860405,0.4218305407136816
217,217,34,0.0017884087409958524,0.0019564072773475137,0.015653283862561426,0.009756241829073803,0.25915387514225374,0.291150072336271,0.19745481436086051,0.12317241296040393,0.6552217414273935,0.4177359687382313
218,218,34,0.00017629694489413087,0.0002769310764943761,0.006500270432511838,0.00574840022436067,0.41696186209275554,0.750428520523077,0.3059306506286649,0.27229357165768103,0.9529487021705684,0.8550144717002296
219,219,34,0.001558422922030064,0.0012814212227779337,0.021945790853351355,0.009965341949830949,0.21369864063008742,0.18143838516593472,0.2557260856470641,0.1174854040905388,0.7687576172106406,0.3792084752574578
220,220,34,0.0013901196273175575,0.0017580659633766127,0.013137678930755048,0.008047824067630063,0.26939600026098026,0.3302624696502583,0.18493879334453275,0.1066654690076303,0.69902654036003,0.42555945501468045
221,221,34,0.0006138890416610486,0.000937239789551521,0.00953789013574886,0.006868359388888842,0.19249088885536528,0.26565673074174545,0.17584634988623507,0.11973222365246658,0.5577576011419296,0.41838313877115774
222,222,34,0.0005701165740474072,0.0006137444137248752,0.009999240173355621,0.006275274589473427,0.2039103151353843,0.20277353505897494,0.19300116291817496,0.12011334637903291,0.6404579834026449,0.43963277341473694
223,223,34,0.00020719597686740386,0.0003413504830860038,0.005714958364157663,0.004541466450046006,0.3392776031208033,0.5363833615590664,0.23872409130939665,0.20191051769443222,0.8069493753068587,0.7124644813835078
224,224,34,0.00014572115749695726,0.0003100725755694219,0.004538341230192386,0.004163406872763113,0.18156941991080255,0.3036887730406146,0.17545424555154407,0.13294952070581123,0.5724748009267975,0.4479299322774464
225,225,34,0.002215596929331428,0.005358536693155671,0.017280620735083872,0.01705427450723932,0.3491366326377508,0.44724069840104674,0.23128048352458896,0.18024847871456617,0.6774902497144306,0.677032123739286
226,226,34,0.0018497482975790797,0.0018515829008056966,0.01782989045194186,0.010307604771751688,0.6121420057161766,0.642726720271441,0.32635467893937053,0.17582246958377046,0.9485502295634326,0.48855395585930406
227,227,34,0.0016636735429475427,0.002977206829174042,0.01565887569449842,0.011639986373941737,0.6019214979811188,1.2725998464471702,0.2927895251880674,0.2394788403438432,0.8573411142124849,0.7582892488516573
228,228,34,0.0010549229944859582,0.0012443242258533113,0.011953123540425784,0.00784904970241871,0.2967383952516898,0.3362152385578664,0.21070594559697545,0.1717937903144962,0.7797608774374513,0.6082652081568247
229,229,34,0.001955891051372472,0.0016439755892922888,0.02221524208674536,0.008603737767712914,0.3837506786974914,0.3471408799690259,0.3059985449208933,0.13086286680975695,0.8420283864526188,0.3782788753052513
230,230,34,0.0023388794138822157,0.0022684967802113535,0.02296882399412639,0.01100183181470935,0.28717798860195803,0.33817873698477724,0.24966741046484778,0.1336506311999702,0.8631589149727541,0.5273214834891137
231,231,34,0.000682433039026578,0.0007354248269720397,0.010252009166459389,0.005224424256456859,0.27101125121664477,0.30050875125338006,0.20499815485056708,0.10217690658788017,0.6991906674469218,0.3471690479596181
232,232,34,0.00014063801504829934,0.00021468193642140094,0.006126555531997891,0.003660950985864151,0.17538437223993242,0.3069966793145172,0.21066991962930737,0.13734419684087099,0.5613207711892969,0.46212372389819883
233,233,34,0.0013798319178557209,0.001714715126384289,0.01357833352042636,0.011063347967362693,0.6516045168905026,0.9088421816845491,0.29422553332851215,0.23314576819304592,0.8360283142503571,0.6892991618427294
234,234,34,0.0009902186949843513,0.0018823740081259945,0.01564992156208438,0.014641721277057937,0.4439658905543825,0.696335076501709,0.34141958855530796,0.2819007683768739,0.9354775162304149,0.8104401275397384
235,235,34,0.001443867016967167,0.0013665191136005802,0.0176113712026135,0.009627428833725242,0.5023619617499849,0.5203939982835355,0.32735361399896007,0.18586180758252271,0.9043787481153712,0.5035750675551343
236,236,34,0.00024159548752322735,0.00029045318184875565,0.006602816701428417,0.004150554336268276,0.12521911863073268,0.14725054332136608,0.14897510770927458,0.0899204072467585,0.5000058072893059,0.2979454022602762
237,237,34,9.428451845478241e-05,0.0002459329524934805,0.004019988902762313,0.004944875333964379,0.15463969619561205,0.2901268242274226,0.18053407791782827,0.17228512300595358,0.6055457434233498,0.6370935610350386
238,238,34,0.00021844408058100003,0.0002524583847859748,0.005875538842862143,0.0035626538844159934,0.1922560835202389,0.27441832501545155,0.16486357294899576,0.09976223909334565,0.45529456086018505,0.2727238201836287
239,239,34,0.0002959181404495372,0.0006613170686025486,0.007092600640402559,0.00652826037456267,0.13270465716692237,0.3254005926526103,0.14653332991635099,0.1434136524188531,0.5109169176396202,0.5409849963801404
240,240,34,0.00032170209359559096,0.0004675788464181144,0.00825079856440425,0.005393574201661799,0.13371843744671957,0.16710365465064733,0.17331802428645246,0.10562727909975228,0.5489750259062823,0.35084276219165533
241,241,34,0.0011056505526780443,0.0016127566156078645,0.009688265306655975,0.008175633477781705,0.2498504474539967,0.2983019995829278,0.1641790926018182,0.11992772835332156,0.5866271437090986,0.4616163683907611
242,242,34,0.0002619907376714202,0.000418418633384065,0.0077125711934914925,0.005040337625325423,0.1041583258056027,0.15835853524543686,0.1561274848987951,0.09886085254536656,0.5044704765519675,0.3111616383520136
243,243,34,0.00027685049224815243,0.0004032157453375566,0.00743200647754266,0.0055427634095991,0.12618007960126681,0.1741404122270845,0.16360128101180582,0.11268261678311112,0.5802642773179447,0.4120336178291452
244,244,34,0.0035664979841092924,0.007281824971905949,0.020384568617480586,0.024977929196334934,0.6474057057708064,1.263899013304538,0.2802974174675696,0.3236303345333588,1.1242686926442034,1.2246832842188067
245,245,34,0.0005191201362054819,0.0005284990802183359,0.010766304584274836,0.0058727787829688,0.20783208630403832,0.19628057499664825,0.21912631819791653,0.11849841389716564,0.6467838563463267,0.34921381786420824
246,246,34,0.0007182374793447868,0.0009992520483729048,0.00895408571095151,0.00655982815717977,0.22710139693363623,0.265880955088076,0.16405151543371818,0.11833886198597365,0.5449010992751402,0.42255578111701975
247,247,34,0.0008276491897798705,0.0006979907973771556,0.015448639854131377,0.00662561877644734,0.2855409074246007,0.29951131135503595,0.28286802461918664,0.1319776179967296,0.7492391002528808,0.42153412111412125
248,248,34,0.0005356273451364841,0.0011865254511792425,0.0094508348916219,0.014560273773250811,0.23016916902954965,0.3709653375059158,0.229102848097682,0.2483041991169443,0.5445493722663206,0.3393932694336349
249,249,34,0.0009946015381822636,0.0009119498574644157,0.01461272593587637,0.005869975865039202,0.17476341698099584,0.13267942088891072,0.19826076486531427,0.07340231689646684,0.6849233946379494,0.24729884387580872
250,250,34,0.0005714850438594379,0.0004896187202866288,0.012333218665683971,0.00572104968849688,0.1703046687385615,0.12643429124007297,0.21588730242322474,0.0939731104184569,0.7187304128618801,0.315255418789028
251,251,34,0.0007431241713621764,0.0011512236177036832,0.009969418731463306,0.007027864473281904,0.2225471828954623,0.299785718398227,0.1833214219659567,0.11840553195136354,0.5735182613134384,0.38918930551465625
252,252,34,0.0007298887306687367,0.0009356901043130335,0.012233163189033376,0.006415521965163366,0.21543688600992456,0.3132521191959091,0.2103771683486069,0.11674574172058635,0.7607278254102258,0.46605899761627767
253,253,34,0.0004533583078227821,0.0005449977278385858,0.009470476988045609,0.0060285821762187,0.2586335449972573,0.29940919696695967,0.22747519371264122,0.13847033130058753,0.6219058702973759,0.3708409991808317
254,254,34,0.00016192115021052654,0.00030557244039063926,0.005176478677586762,0.004744385135507975,0.13331808219834998,0.23781147610338293,0.1573620898758664,0.1409425741298452,0.5355278389418826,0.4834723885593233
255,255,34,0.00014743191446969458,0.00019934418830886227,0.005595889209550531,0.003983853156186533,0.13134555592585137,0.17910268222170053,0.17042344392222517,0.11992155029967651,0.5154447901774856,0.3696609132632178
256,256,34,0.00020363185367788152,0.0003492025773470997,0.0067912468135439075,0.0048854143325473085,0.12793915563345173,0.21940716530749121,0.17121972286087625,0.1243831239332006,0.6274113968452987,0.4788155599503605
257,257,34,0.00015885120853240283,0.00022639027492698917,0.005350658409845303,0.0034969322879199907,0.15058382444412394,0.20412237748560463,0.17002746024552515,0.10413622543183872,0.48225414796787147,0.30034914159262777
258,258,34,0.00026388366638443854,0.0002897722999321778,0.00851721066967858,0.006528048572865808,0.45944395661354065,0.5297109355583008,0.3545232683639316,0.25727595464279135,1.2381694308098625,0.946488478943887
259,259,34,0.0005661328772984073,0.0011562211724238716,0.0086658999994945,0.007582388920219674,0.1942008669310085,0.3948048359558356,0.16485620421521804,0.1406107280406862,0.5030280715402435,0.506614434586243
260,260,34,0.0003744628849263416,0.000995019269380022,0.00629663110628505,0.004897210436083372,0.22109246610061212,0.5877056339998706,0.15439500944579349,0.12132922213610554,0.4852565969614422,0.36924517928803097
261,261,34,0.00012067487871129689,0.000183349731709898,0.005190705291598159,0.003841860807132341,0.1109925245948355,0.1614392192317016,0.1581090586807798,0.11275530655459502,0.4852556459167424,0.3461035520285372
262,262,34,0.0003395910159590986,0.0004227760647306008,0.007358148680342471,0.004854457626552898,0.1275349611772553,0.1622991807036962,0.14170298615799232,0.0934740303486167,0.47243163471712785,0.2996316329263072
263,263,34,0.0004696312035602044,0.0006781014653566692,0.006339789652402568,0.004922881036528479,0.2559411286732511,0.3563003510556741,0.15340376042706125,0.10955225835988668,0.5325275326476377,0.3978012440680228
264,264,34,0.0011993974992091192,0.001299274736313432,0.01580562490476843,0.009356283883419116,0.2914361428907689,0.30249408104862213,0.24875683622325168,0.13851691839720137,0.7360572192598792,0.4244686158002023
265,265,34,5.114032958718941e-05,7.939508406048017e-05,0.003595636017374037,0.0025076631150282216,0.12047139410039082,0.20425605077275236,0.17095823454506257,0.13136210672607615,0.570904483251712,0.45964317603381477
266,266,34,0.001512249895313289,0.002015184834817925,0.019982196253669614,0.01132270435631979,0.3569393631289987,0.4874990554824421,0.30373017226948457,0.17584799056209408,0.8636172168395099,0.4556725972253316
267,267,34,2.3578455444722375e-05,0.00010333760062185498,0.0014545360087033581,0.0018173693189777482,0.022417339450090796,0.0983367099857433,0.044842157512903214,0.05597107250787133,0.16259901137912974,0.2029465916554914
268,268,34,0.0003581875400868739,0.0005880166564748867,0.007816367303295171,0.0065599600119580215,0.198639842120054,0.32178111732639636,0.18877768385059693,0.16428206232756046,0.6023546544944539,0.5508189514532239
269,269,34,0.002203420667710281,0.0038733473729711597,0.01477400105282226,0.01308714021553431,0.9177650910774794,1.798494070854203,0.30375946915763263,0.29106397031268727,0.9594825975158635,0.8903385697489884
270,270,34,0.0008951061120516148,0.000882403019452166,0.013492950108176208,0.007737543913029531,0.25548660222386177,0.21098585584021512,0.23530860968372402,0.1100358321908163,0.6312971347395111,0.2944347395749674
271,271,34,0.0006111874268647036,0.00074245157564161,0.010131308535004364,0.005937029985586397,0.19709261128788486,0.24360365638496503,0.18089428083861575,0.10789248222565573,0.5454508929568178,0.3279437886575539
272,272,34,5.523311301658396e-05,0.00010780079130511374,0.0033450228203197614,0.0022289813529889958,0.08125980421626831,0.15058210367874905,0.12957868878455722,0.08457696783389022,0.4586331875008695,0.3010862922374571
273,273,34,0.0018381636506520033,0.0020838866227770926,0.01952933065374108,0.011899292422300995,0.23574893334058716,0.2919905198475493,0.22157160477603183,0.14292190584158826,0.6324169920647845,0.4389220715192203
274,274,34,0.00042807060229760655,0.0005352289375539031,0.008590956465067232,0.005417612832471587,0.13643982642850674,0.1815404839647002,0.15186351855449817,0.10014924649502874,0.5552283223061001,0.3690045111619332
275,275,34,0.0005115576450942386,0.0006107853777232627,0.007932430913890986,0.005345856611972292,0.20831918193246513,0.23365686137102923,0.16488089598715305,0.10830787537687786,0.5271509105668348,0.36058803536373746
276,276,34,0.00043999050551653507,0.0004361850583407338,0.009177924270796426,0.005326755014964973,0.20429303482695318,0.19466079798088792,0.19735978138359153,0.11223245004171696,0.5960384607315063,0.3715113818834503
277,277,34,0.0013411658200418648,0.0017209300216894396,0.013699280878748088,0.009136553205351023,0.1992859938113457,0.2612616016143901,0.16878714034443393,0.12657421522752196,0.677160020917654,0.5027337612604837
278,278,34,0.001309652528267607,0.002320107094883483,0.013566338696845752,0.011565108594638695,0.11751582564251936,0.20080823546476886,0.12951221985413747,0.11190612097731875,0.5757595975609386,0.4971321620737012
279,279,34,0.0012165693732480148,0.0012456683490204095,0.013618439367479262,0.008692482227001738,0.2895288107752362,0.27391566726709243,0.2124650842126678,0.12774609237564483,0.6969067704151658,0.42889604704376527
280,280,34,9.751034237042939e-05,0.0002514777390269676,0.004360442371655475,0.003928124956401905,0.1006037085864912,0.2589259308206433,0.14015009199433467,0.12656327308461499,0.5392799443181824,0.528152206892503
281,281,34,0.00013344847620293664,0.00021403485962145382,0.005055615976315868,0.0036215083118885955,0.2157124900532996,0.38887629478069907,0.19698157775051453,0.1489829114999557,0.6539063124972231,0.5387841946315395
282,282,34,0.001286077022433323,0.004904333821312996,0.0059561760503771335,0.013192750367793544,0.6830234686229446,1.754381042303468,0.16329826031099348,0.215009917732916,0.6889571810469908,1.1339978288496533
283,283,34,0.0006667524697898925,0.0008025406249693207,0.010463575586019194,0.006690317116252224,0.39826317988883925,0.4493676344389274,0.2612354584476527,0.1646329067753945,0.8277175417717766,0.54363184447549
284,284,34,0.0005191124851080531,0.0009086486174100637,0.008695644374443767,0.006992480843818392,0.3449211833615075,0.6497754561926471,0.22289408502333305,0.18226346091266885,0.6763283886453685,0.5618890626810603
285,285,34,0.0009500550212685673,0.0013670916325651675,0.014953178175560692,0.01473426273671127,0.5274659251136815,0.8682919435687768,0.34268175525700345,0.33188096703456643,1.1237980924984987,1.1345331188180061
286,286,34,0.0010660388659857745,0.0010832146545137606,0.015091325286501908,0.010324539388118406,0.2961832381894483,0.29437637587586235,0.2511882614892195,0.1569678583730349,0.687137786518125,0.4255743027149728
287,287,34,0.0011932608092191752,0.0011025993302752489,0.016809753621654475,0.008762606635610752,0.3584201928118573,0.2991708397324155,0.2968910459209891,0.15363070878346594,0.7642109385308098,0.40919697216779444
288,288,34,0.0014091125889910258,0.0015240883946536887,0.01679771307253224,0.013051708186363692,0.3770445676671122,0.4202411119204936,0.2666672685128801,0.18468770089737652,0.8360226487412172,0.6304998088113439
289,289,34,0.0010327521175735026,0.0015877025203511704,0.017167134593953106,0.009271900321175369,0.16707527330693075,0.30468387348791787,0.21320498953847325,0.1272388879401382,0.6856895430999643,0.47114517221500957
290,290,34,0.0004541517485931228,0.0006427967302232952,0.009502202696988689,0.004518838288142931,0.1545165841577246,0.2223346253238929,0.1737323210519903,0.08581059407454428,0.5654342043049195,0.29382135811905075
291,291,34,0.0003194887658537482,0.0008064348888271129,0.005939243498313076,0.005457448258586285,0.1600489492617164,0.40141258875136754,0.13560468330979347,0.14161817563830972,0.5077970371965099,0.5629026096486701
292,292,34,0.0005440240857109637,0.000601593667355829,0.008840449154376984,0.0055782424914882665,0.19956612752695732,0.22958239094437632,0.1689807445030002,0.10576972253337315,0.5797984880559585,0.36715973066477964
293,293,34,0.00026344820734640746,0.00027459178379119755,0.01010995774584658,0.0038901765246638497,0.1512192853671663,0.14855007862780928,0.24389053574379752,0.09189291758424067,0.7631532216773314,0.28929286984878066
294,294,34,0.0011756488151256823,0.0015323248553483799,0.011426473063800265,0.007709227031057075,0.20145580861443543,0.21730661763919878,0.16028336150681272,0.09847888318898129,0.5532140497337369,0.3546951284803194
295,295,34,0.0010293362180299388,0.001998784880302607,0.014316456761341268,0.01194337260554701,0.6968911504235995,0.8731454851197943,0.447949160273899,0.34579977187690963,1.1866458586471922,0.8479643241336466
296,296,34,0.00038046203145908667,0.0009948068270864314,0.006792791790383703,0.007876162083317585,0.14634130519355976,0.38852849851162274,0.1334412126966259,0.15520375029133673,0.49221302086816116,0.5887885873555562
297,297,34,0.001147901758325615,0.0012228735844068074,0.01387971275321701,0.007475726888165286,0.3403616921757074,0.33184585285793533,0.24567988580640623,0.13233019337057492,0.7991932840908275,0.4542279079790298
298,298,34,0.0018707365684081999,0.002078239658161733,0.018616971874828723,0.0142642695334172,0.8798338556662202,0.9415770261214573,0.4109661548453219,0.2922147282813302,1.0633988976478577,0.691112075170368
299,299,34,0.0017272954710814007,0.0012591920511809784,0.023090130704290727,0.00842506246497731,0.2990568402935477,0.2253006434124715,0.30459998548030853,0.11898770524602478,0.800157854662222,0.34892997414585175
300,300,34,0.000214422113641637,0.000878038358488222,0.0032812333306270268,0.007551624619326009,0.08266592967864948,0.2982647123816049,0.08075979730004773,0.14325514184604762,0.28772327019011273,0.5248233379365235
301,301,34,0.00041713887789870464,0.0005602173678313943,0.009809915531043182,0.007514848399339219,0.31041305643670697,0.4961669332630972,0.2564438913455781,0.22107342781139072,0.8600711704177015,0.7358233214825567
302,302,34,2.5078877968098823e-05,4.3949315483149826e-05,0.0024997122955563314,0.0017758386178741178,0.1295860577648615,0.2153426163570166,0.18122240703772097,0.12248490739619051,0.6658706516027451,0.4802974094792357
303,303,34,0.000341749130979331,0.0003764009076941257,0.00906496835352086,0.004774498116553462,0.2023566068314454,0.2059521338785305,0.22634580643738017,0.1305020345782654,0.6961612661971766,0.41252132340554554
304,304,34,0.0018315933641053347,0.00367411925631435,0.014676826365757734,0.012747218109224816,0.27336419231313114,0.3518769126363356,0.19993866410325556,0.13691527821934482,0.7649130659068332,0.5742967979408147
305,305,34,0.0026432999970090938,0.002254271946987517,0.022041564396418193,0.011472842464058833,0.8201381484977901,0.6789684886867036,0.385724817895714,0.18744502214637465,0.9865433661376729,0.47118400895924195
306,306,34,0.0004400640698349889,0.0007613476590597961,0.00777296197552727,0.006978319710105319,0.24584746680835345,0.4266191633845421,0.1843536065014846,0.16719448716217847,0.7515059111311155,0.7272675039521501
307,307,34,0.00013437219259311163,0.000189457724808615,0.005968096768757438,0.004623127398489983,0.17884646010968616,0.24461134218768127,0.22173484283335068,0.1745412972459318,0.7687697520150858,0.6258321765419411
308,308,34,0.0012696673299133715,0.0015306495833313728,0.012828040847500019,0.00884264519613152,0.19813157781712054,0.22293871977567387,0.163165976129034,0.10817370251392824,0.542389999198563,0.3273546735066499
309,309,34,8.59575538691067e-05,0.00018673047686660506,0.004147589858963757,0.0045883132652654885,0.12837709365960429,0.2545430329798434,0.16672750710345366,0.1733529942507286,0.6438575463698191,0.6754080213620253
310,310,34,0.003298423816993497,0.0045936293616490355,0.0257137231528759,0.013998773201652649,0.5090566164649585,0.8863427029943461,0.30671417143415003,0.19598616640624317,0.8860334298189949,0.5273937689363529
311,311,34,0.00024375505308050967,0.00032500300401177424,0.0073101583197165065,0.004749751649657349,0.18046257558607443,0.2603468948704281,0.2023675251094734,0.1712908485617639,0.6251280640854555,0.5848634869747042
312,312,34,0.0012419243640204728,0.00108905684302069,0.019310027908752945,0.008912222211421315,0.24362136456458008,0.24303883325859144,0.26731055186075325,0.13195218720262508,0.7395098367158104,0.3534172038436963
313,313,34,0.00023010245553557659,0.0002530448706270421,0.006556137533420149,0.0034054337805665036,0.16235874378231957,0.16383007140717282,0.17822203007252777,0.08635493304891692,0.6118303756503498,0.3019298768175093
314,314,34,0.0010523722622529457,0.0017777881702776845,0.012284217570114005,0.012273205723437602,0.26129845217014114,0.48147224236331604,0.1971687530989156,0.19774683724457037,0.6562819325310343,0.6850742948997891
315,315,34,0.0008825393468562063,0.0009383458220529645,0.009939547460389268,0.006005423895956641,0.3979484988376498,0.7151744456138147,0.1941680661676561,0.1605621292053233,0.6311604354311439,0.5103346229833123
316,316,34,0.0014581699583419215,0.0013252232153711423,0.021860286155167746,0.010413588768210288,0.31312320238965397,0.3024572639458898,0.3181801390121965,0.15582628898768713,0.8595959877266603,0.4551867297762735
317,317,34,0.000993067950626964,0.0014626190428974864,0.0129477892187424,0.010045166402104982,0.3012057374135646,0.4549041142223081,0.22598311677575111,0.16614185074150076,0.686721519293154,0.4786653494723218
318,318,34,0.0016934979700154679,0.0012234536660307427,0.023516961811658216,0.009309963533061369,0.2478859159438049,0.18253206659672785,0.2829642848056905,0.11430352312389613,0.8068921127740074,0.3319817227361414
319,319,34,0.00047644808236167166,0.0005698163710895168,0.008719040909508133,0.005210621124249665,0.15593779744128422,0.17439116470022697,0.1570694809231688,0.0932706537718459,0.5730463518377613,0.3565539842297117
320,320,34,0.0010227341768126387,0.0008857313316175862,0.015065286185263711,0.005788891548143194,0.16877386532723904,0.12212304306507708,0.19658265240928707,0.07953106708102535,0.7197117831777123,0.29170953083149753
321,321,34,0.0002147163045265188,0.0007489535862717146,0.003920108257957241,0.004626087830429923,0.35384733719504713,1.0833265120591777,0.17592810236794107,0.18940804284968188,0.6434460185906467,0.7464888424581244
322,322,34,0.0008225919198540557,0.0010163873719871586,0.008881977690822062,0.007094213649917856,0.25779460395193277,0.30028024978436496,0.16297961409915895,0.12843476869324974,0.5140866551767377,0.4357072478793173
323,323,34,0.000236984915923532,0.00039773408528348043,0.006166455774184535,0.0063573014429353985,0.3792204793460448,0.646128983829898,0.24540201727958286,0.2474205288910633,0.8989285278846236,1.0217803839739439
324,324,34,0.0015154385981826207,0.0014050273760669964,0.019000416785916862,0.010425941843999552,0.3123255507910953,0.29227259506234987,0.27195820453412395,0.1483722914824684,0.7349364152726006,0.41377928102351247
325,325,34,0.0019781712514540073,0.003031144501024754,0.021473290234365883,0.016400105938486214,0.30099374148994684,0.4088621026324278,0.27109624598832693,0.18763570692840648,0.9313837653573822,0.6164750435614085
326,326,34,0.0021447853188660436,0.0016758004653060112,0.027128669433295727,0.010026171553565959,0.3071943341809161,0.25240842774544464,0.3229711454580812,0.125392331249647,0.8225966665674659,0.358527115590999
327,327,34,0.00016569278339020725,0.00032128864740800603,0.005211972598986262,0.006900661047504496,0.19068213126464637,0.38009408233156783,0.17553872209699714,0.2321126256557883,0.5823680539341534,0.7918318482224281
328,328,34,0.0010268831092081895,0.0018809391077747781,0.012086021070204237,0.008572929152115119,0.27933619308340196,0.5450269149070596,0.19564666905823877,0.1500168065139266,0.7255622784004492,0.5397552288071342
329,329,34,0.0018188171820036265,0.002136434580903085,0.02617607028771411,0.020211773481993406,0.3491757690139553,0.4013185895726769,0.3672899382517618,0.2748161018132009,1.213011589120416,0.935181418559487
330,330,34,0.0009097510829793892,0.001016513421292874,0.014085846158730634,0.008090194854101495,0.33749047107994556,0.3653667423519099,0.27460211471599694,0.14746702688825764,0.723650566795293,0.3931311599317982
331,331,34,0.0008199678861060153,0.0009354607492688677,0.010926094063667251,0.007114609033010252,0.2737916683819255,0.37771600764636726,0.19455831399297013,0.1365108433934004,0.5685312951750615,0.3994434675802976
332,332,34,0.0009871287142054958,0.00155885116249166,0.009489027505076271,0.008932406953939298,0.17065636532360634,0.27053205485825366,0.13471008283907876,0.11168045763332293,0.5168375318102977,0.45411245233812203
333,333,34,0.00016426087130211645,0.00025148231202124665,0.005667585811084684,0.004041636668546565,0.1728653293376898,0.28847488342282573,0.18047616543138728,0.14330874763088564,0.5894161344451063,0.40843969224599835
334,334,34,0.00146967703339589,0.0010075239777999447,0.02270881995997008,0.0076431946599628325,0.24957637477885275,0.16988809206264605,0.29538539446452083,0.09884690531926708,0.8561039882547715,0.2936748391204751
335,335,34,0.0002946224430803233,0.0004723154066241668,0.007259056006339104,0.00498913948651266,0.16947847982758985,0.2815523415605805,0.17257499048376784,0.12088744739723316,0.5665471715962186,0.42224873804171953
336,336,34,6.912882642662975e-05,9.025194789883169e-05,0.004159945073564921,0.003016044406936759,0.14892807093394153,0.1995801930184793,0.1966226452632862,0.13909352694699595,0.6259865603026222,0.45743527543700946
337,337,34,0.0001790932827615881,0.00038939287039799496,0.006205050774630816,0.0034342880968651728,0.14685109045411296,0.28183887965017584,0.18220220999244383,0.10100798560204997,0.634819783270359,0.34864469343060484
338,338,34,0.0005727967980633633,0.0006298258989541879,0.010461653343073148,0.006180032296148303,0.2253725077573429,0.2488002872606603,0.20304004782262972,0.1113405291359111,0.6469231708084836,0.3972695342000601
339,339,34,0.00040100260976567585,0.0007124185138118211,0.007597888107685482,0.004799562139905464,0.1197976237436866,0.2144718048946037,0.13059274972799947,0.08069496120657736,0.5112210884690285,0.31247403648078775
340,340,34,0.0001235816158067096,0.00021570581968235626,0.004788084585657891,0.0035474606610064103,0.14079217689440532,0.229218741007659,0.16541246960268302,0.13258644389847613,0.5174338462598184,0.39470045464376735
341,341,34,0.00014838879133763198,0.0003518895437700601,0.004785843125051435,0.003997326674975921,0.16062518242089188,0.22957253531078195,0.1944492860313724,0.14074614167176458,0.6852102121886086,0.4779913717418981
342,342,34,0.0005544818215158183,0.0008771794750969391,0.010309644646066077,0.007552583630645951,0.16953997376292726,0.2748632172488522,0.1785388346761465,0.13334668318510687,0.5678334963672301,0.4562764727281498
343,343,34,0.00033099695236374186,0.0004153718200347423,0.007808111744987614,0.004803492333529482,0.11050348940497155,0.14198933844255712,0.14201613373177893,0.08726970121797908,0.49264742477851753,0.3012302921070029
344,344,34,0.0006729908072750678,0.0008768297934772523,0.01099011582760688,0.008526091900973252,0.1916691706625416,0.24337835231719884,0.18961522574810422,0.1463810295435456,0.5835881520281819,0.4356331967200315
345,345,34,0.0001489992194579185,0.0003527534606219686,0.005801202780704069,0.006949188939451672,0.21397840113872113,0.37837983880807957,0.23532910469700308,0.22914139211954324,0.8728458355454838,1.0334037442458606
346,346,34,0.0007754044150608345,0.000659917554757568,0.012963009607868599,0.006215277071469622,0.22709876863176331,0.19496690337950762,0.2232875392279204,0.10510776699887808,0.7738146361182717,0.3700906162309555
347,347,34,0.00017891991718871022,0.0002975825520547543,0.005763546180199175,0.0038650299969308697,0.15119132935069501,0.2141246576922245,0.17606461497352405,0.10868714719907833,0.6155117574860068,0.3732335792662946
348,348,34,0.0002385106691031738,0.00035627938702683385,0.0072816413560170025,0.005780941245965029,0.1243259619565352,0.1829394634073139,0.1644830336136853,0.12504826047190704,0.5410633093732244,0.4042161813323613
349,349,34,0.00014501463532296303,0.00022152991115909917,0.0045062208972761735,0.0037836036997058275,0.13282483592903352,0.21751274510301394,0.13357187150155797,0.1118264546558108,0.45142170852598024,0.40332632421821724
350,350,34,0.0007543651228094378,0.0009651043414685908,0.012545931139303482,0.007756954590078441,0.1939542011138709,0.2349776846627663,0.20264738951535785,0.12267237086343623,0.6722658557050368,0.41113763547633564
351,351,34,0.0011219275497082622,0.0038064629499447956,0.010178488850429216,0.014789988178626225,0.846145076526548,3.0453400459113906,0.2718842787777676,0.41995922192577306,0.9478722758152905,1.7110463332864083
352,352,34,0.0015898281948038323,0.0013260690015837134,0.018618657568688777,0.009233335932869385,0.284120787455536,0.24876021062873682,0.25276684300864444,0.13617665327933137,0.7464001042877927,0.43624737641299055
353,353,34,0.0015180304458092852,0.002548441321022669,0.011520071270163445,0.01097158367448344,1.0399393522290183,1.562854171059272,0.3165705391370198,0.30110784238954696,1.1480154500288122,1.2412709590130893
354,354,34,0.0025706539808705953,0.004083691336578344,0.014372373246313894,0.014616757943963027,0.9269688276108354,1.3552241651854273,0.284891166998183,0.2602720291249639,0.9980176165699959,0.9777750409008127
355,355,34,0.0002594410406987556,0.00024125130876568557,0.007215971058672842,0.004142537984535973,0.19076478820951545,0.19260464301438004,0.19526425091659322,0.11263880186350318,0.6343160718679428,0.3700189709468266
356,356,34,0.0004759576746597732,0.0006911734896769252,0.009586873587549609,0.007759611908150176,0.20051713668576934,0.25694975140930515,0.21524538735256477,0.13743319846901944,0.7113421909949359,0.4836987136617989
357,357,34,9.154800468155266e-05,0.0001339633333555378,0.004712251734043307,0.0028578046962590537,0.08004910534466891,0.1198928506132202,0.14104016289553223,0.0813613172178617,0.5313724169836325,0.31099829913058047
358,358,34,5.843237253135585e-05,9.15101088666314e-05,0.003882250755422694,0.0028977945860472905,0.10740685043856502,0.1726593169322397,0.1651940652552773,0.1262866879877668,0.595307848909322,0.4538446692574891
359,359,34,0.0006371372319737181,0.0009197503193534454,0.008854955660781878,0.0064503469066760225,0.38236587624722984,0.5464334457914175,0.21308409619857283,0.15646326399910884,0.7085721536594278,0.5602694042694679
360,360,34,0.0003835516701174664,0.0005229504631933161,0.008320617756587179,0.006063162195767325,0.22619767009061487,0.3151689139039534,0.20159919943441362,0.14752286403720016,0.6705526306348688,0.5602990887775893
361,361,34,0.0003533592048303463,0.00046924364110030646,0.006888014435603777,0.004971702214608083,0.2497387578135685,0.33186261876477074,0.18550799502169385,0.12371224660107992,0.6122019786168548,0.4194906568247591
362,362,34,0.00011236203842118437,0.0002955547098769629,0.004210918426157578,0.004155192029745309,0.11878723883316578,0.29535872250020795,0.14246094445971882,0.13130836423392728,0.5227662526509341,0.4940554361782559
363,363,34,0.001026065953092658,0.0029865594560829984,0.011714241487960167,0.01507392558482169,0.27436517199556176,0.6449560465310413,0.20509821625755115,0.2287045816786844,0.6501555541420684,0.7406058922197986
364,364,34,0.0013647210020387907,0.002041646736539396,0.016556108596406,0.01428773745630116,0.2538599797990173,0.41631672556426125,0.22892936089021318,0.2017729571907783,0.7910213575643652,0.7510605213547703
365,365,34,0.00013927848939441473,0.0002853419410624774,0.004989918766488486,0.003285830786111262,0.1430189742378014,0.29430265068054695,0.16141923111589515,0.1065150870972654,0.5391185792053447,0.3741937577767449
366,366,34,0.0028540001780236386,0.00384094646840541,0.024475312285015687,0.020583062626109972,0.34987980614909353,0.3703413265353543,0.2749468215248164,0.20034650010571714,0.8652880691430148,0.6469110965121675
367,367,34,0.00022854426086215586,0.0002935889582032949,0.006712777351768797,0.005230139815671983,0.25755647117929426,0.31083882515675376,0.24058282638297362,0.18247281049015496,0.7866539468660074,0.6034226767173748
368,368,34,9.954839929511817e-05,0.00025364564985554225,0.0033896757454118308,0.002945993012215414,0.1518941809258917,0.2837180963939624,0.15313702361548648,0.13258938379192736,0.5966032559380812,0.47644322032373054
369,369,34,0.0007199315166684862,0.0011042919751046128,0.010006841994575499,0.008837145511785062,0.26868579626384687,0.3436454749090351,0.1972836286706083,0.1557585551166139,0.7663296316476429,0.6446149147881893
370,370,34,0.00040331930733827903,0.0015415455026904607,0.0059167375301887445,0.005790042940910144,1.2856927961111069,6.106275266947959,0.2758910314125173,0.35715557222212424,0.89751356577172,1.2247632030895437
371,371,34,0.00019678447933181494,0.00035014780848274606,0.006609048509477254,0.007010152468937608,0.5031170654932365,0.9620400651421007,0.33327167021001086,0.3298400028456598,1.039313158568214,1.0817174736143322
372,372,34,0.00016761249400373986,0.00020547347758927508,0.005993231209953699,0.003782479390352225,0.15048407881027637,0.21029384690472508,0.17509452483671553,0.11655248958463177,0.5582218257819905,0.3726749891132426
373,373,34,0.00035926564910101556,0.00045669508206389503,0.0069249808644492395,0.004641240248297633,0.13238732894430594,0.17569062604916078,0.1322463720160372,0.09482814923082812,0.5048782290781245,0.3658098773077357
374,374,34,0.00045517768579456433,0.0007633892535353347,0.008045549162060898,0.005063774342552815,0.13446155184989467,0.21710228709360696,0.13917480726890705,0.0828326861443458,0.5313193088068682,0.3101879847032508
375,375,34,0.0005904162789634296,0.0007558311402775207,0.01089280265595709,0.0073187989634905855,0.15898082270766334,0.20057244616486994,0.17816045294132302,0.1181673817347849,0.6377635425066247,0.4292458744242261
376,376,34,0.0003673925120892818,0.0003655427151686409,0.008315375800627996,0.004219706183641326,0.1794645179556135,0.17462425431153072,0.1832556847263785,0.09566902133619899,0.5559699259260121,0.2787613318175019
377,377,34,0.000305461055220616,0.0004878790924829135,0.007849672235726543,0.006785231216295781,0.2386184959425865,0.4388982008349104,0.22106105987639987,0.21486037877282393,0.7325457610628184,0.7860727222559861
378,378,34,0.00038443156831015265,0.0004407238365317036,0.0073246192597948455,0.004603779062699143,0.17297598456635194,0.1816645890397446,0.16449094399371567,0.10474985245746915,0.561822173788267,0.37239341497288003
379,379,34,0.0008002602086809715,0.0010035896963280833,0.012431516493533683,0.008943023463392947,0.3008597729323596,0.3202964010607252,0.24816949780592146,0.16401416630548357,0.6759069226682186,0.4680695584760983
380,380,34,0.001392647299058701,0.0030761286167394057,0.013315379944876493,0.010774782660969042,0.6586105907335877,1.6372467586819985,0.2835845846463652,0.24680960254388737,0.8400203971301808,0.8006859871749922
381,381,34,0.00040874684188619377,0.0006538560933423167,0.010134388165384093,0.006725935412369272,0.20627688520642765,0.4178319300103569,0.21678794219213374,0.16707935546800315,0.6880710054846371,0.5214925689244752
382,382,34,0.0009923196916775743,0.0009289057052959071,0.012193092631230898,0.008027032258983843,0.3138136204386897,0.28132990076927866,0.21773841385455692,0.13435893522496836,0.6003051702590549,0.4122458834794819
383,383,34,0.0003665088760338703,0.0006190632605689777,0.009424972923143822,0.005306088947969003,0.35958171148291407,0.5739515561891776,0.30462877540027394,0.1839510569218244,0.9300394934766433,0.6163559764654789
384,384,34,0.0010248630293223388,0.0015648977310415131,0.00966581835425185,0.007397590502301187,0.33913582706351436,0.8349857555697686,0.1576902086791747,0.13980278592051557,0.5880224207306609,0.5370467932234486
385,385,34,0.00043021235508015654,0.00100656383731032,0.008489240371786496,0.007900574721992213,0.23897608410676613,0.3977853355711854,0.22396202845608487,0.16038615150448315,0.6973709017038345,0.5194802340703194
386,386,34,0.00021820156392577165,0.000333018009737049,0.005742438342970084,0.0035960901997800273,0.19702846280244343,0.3214425366732362,0.17211783239070108,0.10975896838579906,0.5654414370656013,0.3689091652537088
387,387,34,0.0012297778207272024,0.0023302008949749216,0.013293656102819917,0.013639731467800712,0.2584669064860517,0.49001551621527123,0.19153173760894468,0.20656685846354528,0.7363480971578289,0.8045019055231091
388,388,34,0.00022347421137383476,0.0004268234346208596,0.006162528362919521,0.006031834465556203,0.23539784752339235,0.42374571259834976,0.19988319244893157,0.19141275258161117,0.6949761249125004,0.6993307456011613
389,389,34,0.0003910062706876595,0.0005381119407244164,0.0060531692819067225,0.004649936458493259,0.2665015058318043,0.3744187687689068,0.1629762130186838,0.11573603049342698,0.580042232923648,0.41684063764103424
390,390,34,0.001799594066944658,0.0016438411666852219,0.023718037382316065,0.012584838290795833,0.3097468461183941,0.25858193472684615,0.31267229905899835,0.15637289039892024,0.8653625679366729,0.4707435714048135
391,391,34,0.0022578865466986076,0.0019081795062666981,0.022430845707490602,0.012548027051903618,0.4169440026230672,0.29448837045482756,0.31828081980347633,0.1644154476864995,0.9073272163377089,0.45049719945559247
392,392,34,8.854502366643025e-05,0.00014844303861985883,0.004314531513955444,0.00312470772580514,0.10666537879254012,0.17189134657504798,0.15187587512328343,0.11330617096553348,0.5445290922242052,0.4022912984228573
393,393,34,0.0009749800833761209,0.0010662450446110262,0.010027913876590045,0.006241974263262827,0.24583475481759867,0.25670793108419293,0.160913031657829,0.09426102276945839,0.6186684825841118,0.3709285835896062
394,394,34,0.0008340351767080446,0.0009626693237221854,0.010698398677906132,0.006333656370487938,0.1951843059676535,0.21867021624629338,0.16507750497583082,0.10087989506249355,0.6404028101002469,0.41122395288464736
395,395,34,0.000763918978143064,0.0012798473923788989,0.009793897960608935,0.007033767503740439,0.1381035856953959,0.2151648031325122,0.1345510648782639,0.09261196897619152,0.5254307858207646,0.36032290539686374
396,396,34,0.00018055788945382708,0.00024508016540258996,0.006298679666703238,0.004579012383752492,0.2992256410036455,0.42701743193941105,0.24920816062127843,0.17874675000976728,0.7621933300705517,0.5643210362869513
397,397,34,0.002855189680464237,0.0028491368825765157,0.023914590258808696,0.013908352297675314,0.3667463645859457,0.4251953390973516,0.2657232883879367,0.16841254206039535,0.8229660343597917,0.511114368411537
398,398,34,0.0006214255649464415,0.0012550272442710467,0.008978821720708819,0.008187260362745724,0.1692096643588122,0.36425700833928776,0.14723817543948398,0.1382211568207938,0.5380757036892807,0.5357418402439794
399,399,34,0.0010661133455869276,0.0009460669674632096,0.015425696886856766,0.007547641729234067,0.23713760806576295,0.19516622246843898,0.2326728955787771,0.10553354262081904,0.6794778932543362,0.2992607550035318
400,400,34,0.0012108540575836207,0.0027092427383860703,0.011730875193333143,0.010471905156455972,0.6832648091675604,1.0218404433227053,0.3174670825109762,0.2160424352192946,1.1156001879888422,0.8034176707982801
401,401,34,0.0010006073151303367,0.0009721794319293319,0.014364504501880968,0.008577428615210783,0.2742464020026519,0.2772582503303022,0.23735127619960728,0.15031001475929412,0.6833660988246694,0.4627169085019185
402,402,34,0.0019864354185569135,0.0020607060523225407,0.01849645155701129,0.011219868623966029,0.273060339366031,0.2934340727262258,0.21560672111809254,0.1348068965341934,0.6264485631357221,0.39213281385052734
403,403,34,0.0012171950423127034,0.0013425671768348454,0.012437502120840637,0.008201931225783362,0.2593666482134722,0.2888429227835238,0.18110046963043072,0.12198888691765232,0.6928135730764445,0.47738626958023317
404,404,34,0.0007157025315524044,0.0015442219734078983,0.00944850969073527,0.008664145311663929,0.18907283695743365,0.42159409801358533,0.15298325447913477,0.14439427920277068,0.5628690206829239,0.5659505836532563
405,405,34,0.00011776907818142824,0.00021641230311278907,0.004031459629700026,0.002862949274049803,0.14939292142277255,0.25066516651166765,0.15392841113840833,0.11184212962559412,0.5403498349820867,0.41496617131810654
406,406,34,0.009614605641485575,0.005713029708533848,0.054635419948574376,0.018164451365049843,0.4097682876402841,0.26712232258863233,0.3552422944237204,0.12244355134176038,1.1456911037949955,0.4075132814971304
407,407,34,0.00019240432229975448,0.00025605536353216036,0.004545376913430279,0.002998113005832333,0.28695899193339486,0.4028981669287806,0.17276075898724444,0.10413984980376823,0.5724746764582747,0.3649493843152286
408,408,34,0.00017799280414344728,0.00024271584796354393,0.006050510119701571,0.004839731959097401,0.26455367553760023,0.35650025919355127,0.2354811559266904,0.18287234101275304,0.728764154455241,0.5824016866924926
409,409,34,0.0002183710330427857,0.0003723980235422176,0.006623742382918649,0.004287717217443047,0.08805500090067439,0.1433802958503908,0.13519195412449977,0.08491991227215978,0.496087706702597,0.3117350904688974
410,410,34,0.00023629409559041103,0.0002642126807313258,0.006502265877583448,0.004021445534073984,0.14009755077388356,0.15521976555395633,0.16011967093628995,0.09364895608082757,0.5221520250334459,0.31121855695870676
411,411,34,6.104657150525086e-05,0.00011270557613150105,0.0036832410225863844,0.0028212343998016867,0.08023280784597292,0.14788009751203243,0.13351615616942153,0.10295223909925796,0.4594789414721377,0.3580798462877754
412,412,34,0.0013228626547810134,0.001693636972883132,0.015154486097504987,0.010010819266038746,0.26437441454104643,0.27979086933338965,0.2212401020395405,0.1360275837898479,0.7156133323031313,0.4338858576502524
413,413,34,0.002453342108257108,0.0032898964682827035,0.017784375354976338,0.013102148587300955,0.30601552268490195,0.7760459953161449,0.1727626060190446,0.17952615964262852,0.6673945100868449,0.7547602705563463
414,414,34,0.0001013035247765134,0.00028246570616097385,0.004584230064852711,0.0038706382808796113,0.17385928117779686,0.4947630945401958,0.1897374918574796,0.16241941202869659,0.676981096758562,0.5963328261210235
415,415,34,7.011385780649161e-05,0.00013329561431173236,0.004291295618339277,0.0034448481731742388,0.11679249315741747,0.20951323903222446,0.17880018055438995,0.1333674433434248,0.6153000102323645,0.46197592478081295
416,416,34,0.000469130793643511,0.0008603260538151055,0.009080595747732064,0.0065773307421618235,0.19747299822869108,0.3397007526890973,0.18527061919517376,0.14180257002495125,0.6508672154125046,0.49624705970633726
417,417,34,0.00010160775040316473,0.00014452323147495788,0.004462228843134225,0.003431161766253058,0.25588057002545717,0.3692975990014333,0.2235158504370381,0.1762160801068419,0.7498681041247705,0.5659641714753604
418,418,34,0.0010854109042718525,0.002131039252705525,0.012151948542690234,0.010908168573640681,0.16443180289078393,0.23659124086709132,0.16323348545633695,0.13403545314639173,0.7200373884509591,0.6012935784426642
419,419,34,0.0002536884729873718,0.00048100332826538837,0.00825053987586323,0.006543325428152539,0.1156280051697703,0.20621958644037686,0.18051347903469028,0.1355029764825002,0.6452622492523754,0.5080373552252
420,420,34,0.0007239719441927531,0.001630531941646475,0.009743170942837262,0.009395448659092214,0.17083410496193477,0.40127326188568724,0.15073452221558375,0.14711926520337643,0.5618951921077335,0.5769152809378767
421,421,34,0.000803124357443106,0.0009550378149889261,0.01012965927571606,0.00692421961461084,0.3592621380435851,0.46016979857701035,0.21403526668162906,0.1431733402390939,0.7323862406260827,0.4925564962448207
422,422,34,0.0002649604954486302,0.0003425701120590998,0.0074591918588232465,0.004744549819768011,0.17900274496744661,0.2778496109204335,0.18295398529838114,0.11993031266662427,0.5883423352942747,0.4374168150948206
423,423,34,0.0005702150887078888,0.0011152661810873582,0.007570910205900231,0.006994417757648694,0.5198953762814841,1.3614055830588874,0.2228338239604936,0.20823498607926785,0.8011446525068844,0.7426416436974531
424,424,34,0.000551182598676004,0.0005340596069591259,0.008304250703932828,0.0049131858787547665,0.21055110340924277,0.21912853097427717,0.160596918205128,0.09985222756203542,0.5969527714392718,0.365846054599885
425,425,34,0.0003392891080559767,0.0006970648690449292,0.007641933341373634,0.009273415176073364,0.2650577577707522,0.4407771344599519,0.22399578758460634,0.22961411384281086,0.7484059495960965,0.7916406467398657
426,426,34,0.00036015595910879816,0.0007047514956985524,0.0060125098577426634,0.004757839051120982,0.5585602689157788,1.2436176348341745,0.21674710161545696,0.1943310112933849,0.6773852017872474,0.6304070417106421
427,427,34,0.0008256061832713278,0.0013641856394817436,0.014060502296642345,0.00861248640084287,0.20385809133158012,0.39576865898936137,0.21606166266343174,0.14572264471053106,0.7069760333089268,0.5309758672685516
428,428,34,0.00029854787523136647,0.0005010363197744955,0.0068467681686503485,0.004896184338375174,0.18401253279572463,0.2521990089095243,0.18224925164352446,0.11895329323991899,0.5730566255310002,0.39794397810491555
429,429,34,0.0005698257041598588,0.0010287216035333741,0.011715814265806009,0.007639733384487766,0.18879621084231665,0.28923165047348404,0.21743752018493764,0.13442220029221907,0.7016110933002304,0.46237954472925297
430,430,34,0.0020171601177828373,0.0029335861936508768,0.01576212640194332,0.01372762602941931,0.330912466513623,0.502222503706846,0.20072360462783015,0.18450714850884983,0.7817718614550198,0.6957860528734033
431,431,34,0.0005938457643691543,0.000724457957868008,0.009851652649505174,0.00608121482884675,0.2560308182694237,0.3561161603987632,0.19752691828590982,0.13280950384720783,0.6315219853730762,0.43299448969155796
432,432,34,0.00035840527171411156,0.000753608633033413,0.007605750723194112,0.006440868373864572,0.1796243948971524,0.3592802522639055,0.17042851809631376,0.13540586560196702,0.5560431528617354,0.46624793312845486
433,433,34,0.001703381679523291,0.0024683421673871594,0.018213095800841555,0.010983812498165886,0.31406493890373144,0.33837802910507114,0.26102689127711687,0.14325398601942987,0.7175266488510019,0.4161986348601343
434,434,34,0.00038596700273153735,0.0007367041418687519,0.007374883622533697,0.005079515758885898,0.2352373221587828,0.41412960263005716,0.18511234333409982,0.1264991836775355,0.5659963804132798,0.4149888666564175
435,435,34,0.0007679932558145912,0.0009562182894636816,0.010781568540123236,0.007804250209013793,0.25468500565244434,0.2543955207004075,0.212761702180347,0.14460867819519785,0.6046037868980099,0.4257058298064237
436,436,34,0.00044815560564155237,0.0005225909361432675,0.00777287850060555,0.004942884198672442,0.18574679275865064,0.2010763920368688,0.16275735155624502,0.09456728811481832,0.5395364967339179,0.33042991997006693
437,437,34,0.0008920494547590566,0.0009858031476712194,0.012978850891265799,0.007792211320446501,0.28526347430477683,0.29184526841941644,0.2402152092579533,0.14386764060902468,0.6553535119575613,0.4168621110587768
438,438,34,8.500034495869734e-05,0.000134507985325994,0.004190798369510209,0.0031443121929569796,0.13939524175571827,0.24491677414102983,0.16666889059192994,0.13607860876571892,0.6076815329930362,0.5308712172756844
439,439,34,0.00024698905327996353,0.0003640887083367364,0.007468322648064178,0.005671693492358264,0.28961011310970847,0.39582226714662455,0.2669896400150131,0.1969142317077625,0.8563572446651319,0.6486125977148222
440,440,34,0.00011115292759581386,0.0003905381297427144,0.004164676127188346,0.005491031132579555,0.11094456501579021,0.3816000232877437,0.13464520882595987,0.17080144083246349,0.5261169869233581,0.6690399463444339
441,441,34,7.181781366478604e-05,0.00018323717543992915,0.0032051260761149667,0.0024258195128508964,0.13119706873069792,0.34204873270446196,0.1353770871372784,0.10518836523069591,0.4856015242197934,0.3910003317423412
442,442,34,0.0003391177870873756,0.00046183569652748387,0.007444208474172389,0.005119470033342201,0.13731129165834693,0.17736198911237128,0.1485838162000565,0.10904218062791143,0.5523331897223697,0.4016553229621132
443,443,34,0.0007872838502996327,0.0007947064952232916,0.01346239828340271,0.006795092196106982,0.21153012443991268,0.20098946996891445,0.22152919782435193,0.10996959582562091,0.6712727932369008,0.32526517545393946
444,444,34,0.0002267717804897984,0.00043207933606354324,0.005443958065691678,0.004103728882278296,0.1536690955159857,0.27553900469921044,0.14708448869778828,0.10779861091701035,0.5622078618582558,0.4334554138982582
445,445,34,0.0015943228341069805,0.002258035669782561,0.020121565941200757,0.013637351201019044,0.27204170952523676,0.3690013483909355,0.2634392688050866,0.17744560239911455,0.8649482665693059,0.6329566411827628
446,446,34,0.0008671349792968933,0.001239391296628899,0.015117836575133397,0.008044386600242573,0.23013767345315395,0.2421365007927545,0.25439823276418094,0.1343040444709049,0.7514758951523725,0.4650034521419301
447,447,34,0.0005874016159502978,0.0011295049003202133,0.009294961760614943,0.007526990582880354,0.1762067548560855,0.27552081242933035,0.1872984830509214,0.1183498898222694,0.6206542029976845,0.4025507418963004
448,448,34,0.0012074017887404326,0.0014254584336399958,0.017373929293278384,0.00991413457032061,0.20013265610289047,0.18892745274202707,0.23166255236548536,0.1282674358848466,0.7854483311667162,0.41359264610229285
449,449,34,0.0016196803734975914,0.0037269267136039973,0.013420434052343755,0.012244631893608315,1.2648945322588963,3.320158632021287,0.357659027856939,0.3462897466587158,1.1069087929585402,1.197617812862176
450,450,34,9.209725484491654e-05,0.0001632876849266128,0.004771490033496828,0.0026610875527451473,0.10283642527921234,0.18265289848580565,0.15790214389562607,0.09123456834457251,0.5560816982213188,0.3234085299035987
451,451,34,0.00013496654403698973,0.00022947294184346405,0.005061980306088705,0.0041693404860280135,0.19359656049431684,0.30886712539148803,0.1886665776152821,0.14784429180278014,0.5760087585624527,0.497915951953362
452,452,34,0.0003088588518029583,0.0007960706410098098,0.0064438632415498,0.007151320499280683,0.12326119869762539,0.33815594850533764,0.12889676908140674,0.14020221467231633,0.45865178984754224,0.4950687756969368
453,453,34,0.00018747830105948036,0.0004099518477001825,0.005015648685751811,0.004322888301131434,0.143614856115378,0.2555383064137357,0.1474918220192194,0.10556607531532626,0.5078338029630044,0.39101617981885417
454,454,34,0.00021730645697543341,0.0002906686367571015,0.006935846341280814,0.00520617425983725,0.16784398150904214,0.22216678950220298,0.19543034901075504,0.15553598267110588,0.6685657873749733,0.5200423989357504
455,455,34,0.00031684244713152805,0.000549394890824607,0.007706710034707452,0.003878502349513544,0.1041708788697553,0.1640594496454163,0.13948561229250012,0.07105547374057543,0.5210451422368779,0.26236147995769404
456,456,34,0.0004343518586772595,0.0004595053096531678,0.008361587667262511,0.0049559150002401586,0.17010344464934485,0.1665549407566754,0.16754736104870543,0.0907317281504336,0.6165037904592121,0.34518108365564815
457,457,34,0.0005369647937026029,0.0018119427339119564,0.009496561361148077,0.011604389769944018,0.13670536531957195,0.2837291537968954,0.19204729773542462,0.14097342815341413,0.6232878460603601,0.5430640335604674
458,458,34,0.0004469945804029361,0.0008708479179488813,0.008369913057643263,0.005774386263051809,0.18625554213683834,0.309847468583845,0.17333580663099007,0.12166206842433898,0.6028611865990302,0.43189407651658884
459,459,34,0.0008207450197968522,0.0006944097649986549,0.012922714313711314,0.00498846417391542,0.17195335200385137,0.11747828446448795,0.1898330211201135,0.06644141656567698,0.6932653355247834,0.23703029575805698
460,460,34,0.0015769228365677596,0.002081915491074753,0.01426452532520189,0.008659730969487156,0.45495836531250355,0.5848873322813903,0.24885723761775913,0.13416520227867193,0.7233763429171899,0.3652481600234864
461,461,34,0.0005027216735363575,0.0005255761091407272,0.010095738620935556,0.00519512779812447,0.12855278612936244,0.14070008180582222,0.15869556663229184,0.08659457019851236,0.5267386567943236,0.29756393061641867
462,462,34,9.295712545267902e-05,0.00012888347685322088,0.003910224583438214,0.0027304895811654443,0.21152347753591397,0.259316387295973,0.19464486355290694,0.13674233955550735,0.5444285803857971,0.411985932644949
463,463,34,0.00047306611775317886,0.00071893983068621,0.008728731067522484,0.006059095280265273,0.19461511598680825,0.37861190476336454,0.17103435855139704,0.1421722614789223,0.5683460594976649,0.5398688062268443
464,464,34,0.00045037390218032454,0.0006788927010611544,0.007824023678789245,0.0053512489237314146,0.23736414166769998,0.3228648639791085,0.18198034517905293,0.12282327188647518,0.5413095718797516,0.3914516270312861
465,465,34,0.0002711244956786044,0.0007324843887073345,0.005947941927896703,0.006112185463180099,0.15557252150028944,0.3581879371246733,0.15256597879616654,0.13175135746128758,0.46893595356275053,0.4781592366903291
466,466,34,0.0007674308090987752,0.0007084267928158145,0.013507744215209694,0.007499437038491205,0.21843886208337018,0.19692993526349772,0.22899188101291656,0.12611378185002914,0.6737626234398169,0.4140157749004872
467,467,34,0.0008380395109484465,0.0008590229410152337,0.011548726750976023,0.00701363509681499,0.25276199492680673,0.24704994578892664,0.2044811935766655,0.12587759962157113,0.682886161348399,0.4735066075181129
468,468,34,0.0005005978269657455,0.0008641421015008357,0.009668527047752458,0.006732303216032909,0.18307425593957305,0.32258249679099504,0.1874919245567392,0.12912666503628192,0.6531796003965771,0.48995360032803414
469,469,34,0.001195953494115041,0.0013315609336890587,0.01448416885207681,0.008561688547058976,0.38443091829471726,0.3581400363404708,0.2685438883216942,0.15057556174550937,0.8312727677471498,0.4725172763325745
470,470,34,0.0018367365054580338,0.00204408830402366,0.016704863861805815,0.010186790859282948,0.20173093960415023,0.24154319386626852,0.17304783029591336,0.10833052899700918,0.661594981656355,0.4241326477867387
471,471,34,0.0004621593073298915,0.0009750399483364148,0.009020194561932893,0.005668921489423771,0.19693247426082106,0.35496795534546793,0.1919905424994581,0.11410799177724407,0.5950656274662298,0.33913898045735014
472,472,34,6.22284340499177e-05,0.00012864907264729353,0.004135787154903964,0.0032034895980635352,0.12805425488006542,0.28988625836345316,0.18203949007917852,0.1425389756953886,0.5709054584012312,0.47811758927599673
473,473,34,0.00101593531015918,0.0009083607086920782,0.016174577546360737,0.008145862764146673,0.15103026002864628,0.13972783579035677,0.1965599715271417,0.09968748257217389,0.6747158371350345,0.3374150567368268
474,474,34,0.0001919860381697029,0.00022566672626202517,0.006533241413040634,0.003684557792947153,0.17644908827017336,0.20866687408780263,0.2004175628809368,0.11031885657825845,0.6206335219390252,0.350922516049108
475,475,34,0.003051944536898244,0.0027300179772210323,0.029440027764340973,0.01573485005684491,0.4060546271229053,0.3452699655394642,0.34140821151873646,0.18083306904209995,1.005624873234945,0.5207993787144183
476,476,34,0.001620716099804507,0.004625103393830971,0.013313703964847852,0.014432758866841052,0.7678061072878978,1.9468866694073212,0.2978073437424267,0.31604009908608316,0.914482476956704,0.9589470524689578
477,477,34,0.0014851771234937,0.0016219711443085812,0.016870476339724574,0.007985333155582705,0.45574057485689135,0.4766421424687122,0.2966201125698931,0.13403195537881538,0.8445692991509157,0.39980821768792896
478,478,34,0.0011329777936386082,0.0012664031244871497,0.018108760938048363,0.010849076207730818,0.18758830674650037,0.2074902221636885,0.23333563852836103,0.136679393266641,0.6838545878143871,0.405581898567817
479,479,34,0.0003544032489277443,0.0007907621319266099,0.008576148532002288,0.006800106067769023,0.14175577346673784,0.32680605743399405,0.1711175803314237,0.13857153922461213,0.5878979274455238,0.5340053013413939
480,480,34,0.0002894485541994928,0.000570824742912881,0.00620176934513866,0.005467844336812614,0.1862593710915569,0.3029703111234111,0.17150578154798815,0.13550186038059492,0.5545721040929065,0.4705617187636484
481,481,34,0.0001895921801098452,0.00024529858743357544,0.006392089276821078,0.005363329637553165,0.24004610159489162,0.3011060080367894,0.2312302205930738,0.1958708959215533,0.7391182210515527,0.6187116555126694
482,482,34,3.359479460547899e-05,8.96547043728161e-05,0.0027269218972993687,0.002431598553076879,0.09482718494665973,0.2376348057565262,0.15175198818392613,0.13269800758731012,0.5549943372607231,0.5233865111492116
483,483,34,0.00042084497981169773,0.000755105660120188,0.008947456810239921,0.008051856295055284,0.10850349735632978,0.20539831049391438,0.14292080837356694,0.13212948995833196,0.5390674842192846,0.4955248373912932
484,484,34,0.00014465602831638963,0.00016675395734696167,0.0060900415102129474,0.0036888569853588513,0.14816113984595766,0.16906918927097983,0.1950518900857252,0.12085192893558758,0.667328837163308,0.40963044698469503
485,485,34,0.00015328819351372445,0.00017501894464763134,0.005239125799990314,0.003689201845533786,0.18652190861757845,0.2037004336384258,0.18464786252554724,0.12707673346707826,0.6028053164482117,0.420497476456614
486,486,34,8.200443560594174e-05,9.632257492188137e-05,0.00456747247645741,0.003479716995874548,0.27704833935507955,0.3621961419868366,0.2625366189681432,0.21383286026935264,0.7717417802880792,0.5989008468136561
487,487,34,6.0161753441100114e-05,9.921761391297691e-05,0.0037678093820645965,0.0025791638723426506,0.08174553620355095,0.13700825938394892,0.13889879755237522,0.09461145628784927,0.45891498248366747,0.31334464749128693
488,488,34,5.7795471701972605e-05,0.0001007752483454509,0.0034519756377181586,0.002428029015445217,0.08918098325375468,0.14876012513118542,0.13677708727910237,0.09771983825447927,0.505510516683845,0.3510383148764245
489,489,34,0.0005978654842371779,0.0006351387835758885,0.011719108285272823,0.007228115612540893,0.16796529069816804,0.17615727171980108,0.1965711312916349,0.1210551421337536,0.602271194843685,0.3730535079536561
490,490,34,0.000724890900635407,0.0010999940499825495,0.0145223884131102,0.00818868757385686,0.3421207013375619,0.421782521940025,0.32603884970440583,0.17069657186380863,0.9463869640055824,0.5516619831407357
491,491,34,0.00015366419169073625,0.00025052814869654143,0.0048460360643837385,0.003902409097189323,0.16452257787836166,0.2566168806691372,0.16058113053441048,0.12202973526001656,0.5333965666153851,0.3903111137831457
492,492,34,6.664801126068115e-05,9.1967092972979e-05,0.004174901508068775,0.0034845118590798385,0.2640906306435628,0.33295830505190727,0.27637754577924223,0.19683530587752793,0.9008188525981763,0.6586260286652273
493,493,34,0.000669229370995548,0.0022305152770060186,0.007982659270055592,0.007388243912054851,0.34815181242575977,1.0114645665303053,0.1926131706465693,0.16379472816287713,0.5849937283817459,0.468955636551878
494,494,34,0.0008073909533082127,0.0009109684154999271,0.012391972451416008,0.008243664289802518,0.1666948161950773,0.19586042313173282,0.17669874090043938,0.11757193339770702,0.539671407902942,0.35443527162526317
495,495,34,9.298523179147785e-05,0.00011620476886589482,0.004807047391830779,0.0037127802595743648,0.2533964171923478,0.3116366522585285,0.24935118766391978,0.1817854852854212,0.7846725797828507,0.5151529435358854
496,496,34,4.876166023597547e-05,0.00010840362288002238,0.0032795374384423826,0.0030010058804637216,0.09938018356093808,0.17153592136030682,0.15913125204251094,0.11858354998953148,0.5707533657550812,0.4092480780372816
497,497,34,0.0008199020935267874,0.0015566788163135358,0.011855491498649558,0.010269681767881489,0.21516041902770452,0.398342780755983,0.19375195146045265,0.17032456729645606,0.7138047928319258,0.666136421732757
498,498,34,0.00010954613111045867,0.0002185525755184091,0.004392536387860994,0.002869018033021038,0.1445063933291856,0.26729584432643744,0.16268585994839668,0.10646384906010672,0.5735140732106041,0.37771157245978537
499,499,34,0.00016744410739941967,0.00036270495187729307,0.0053027560455067195,0.003666059082184422,0.13124169314773204,0.2645632535775372,0.15072455728317008,0.10455287202510091,0.5256266479983049,0.3568998416685501
500,500,34,0.0007071832058714148,0.001359114618371858,0.010832392850288135,0.009972450402198943,0.8226814958444961,2.257360525773845,0.35697655993349414,0.3680134093213199,1.301538467845496,1.6002708794909997
501,501,34,8.251102942496653e-05,0.00012656536551116575,0.004116902480531922,0.003767130152592887,0.15201386873891085,0.2779498571454483,0.179985535057152,0.18911061019655293,0.5472349055549678,0.6332865807550777
502,502,34,0.00024076621609899173,0.00041929766042831485,0.00817470470279017,0.006203021269193447,0.12112154354176977,0.20594309616870526,0.18499808889978073,0.1359859720701864,0.6528784755398246,0.4853547251003803
503,503,34,0.0008147821568614103,0.0009208786163118733,0.009808107785990132,0.0061384800427159505,0.6692587669719668,0.8391226081052066,0.277548028375296,0.17795034459615747,0.8456610914538888,0.5332845659868408
504,504,34,5.258183804311129e-05,8.102911028822687e-05,0.0036426894640659586,0.0021534477121646647,0.170594597235322,0.26345637617980566,0.20925804293330977,0.13283099713700078,0.6424347872243208,0.39993200541680474
505,505,34,0.0004733347656356808,0.0008146241171802197,0.007177608159562463,0.006149047291153423,0.5572965046774376,1.3302523215741031,0.25154658779501915,0.19580461884330805,0.8102319994393516,0.6123055621917288
506,506,34,6.142294245805983e-05,0.00010822616336912489,0.0031738587935893413,0.001956728143529666,0.1490489081479609,0.2989687182872301,0.15627157206044479,0.09691812876625407,0.5192966877537615,0.34052242472100247
507,507,34,4.874115922562209e-05,0.00014264893484266326,0.0027906569962129544,0.001880738749017522,0.19120079335099197,0.4226695669879527,0.18533567213179433,0.14363985833390888,0.5948780790409621,0.4498074515945763
508,508,34,0.0012867204656204728,0.001975150417605179,0.01362766305614701,0.012217522668610944,0.5216222550884327,1.1083127701935092,0.25479476351071806,0.23344766200107295,1.0001551863901756,0.8955272011347902
509,509,34,0.00012015213997742917,0.00023787304075804537,0.004364286833579707,0.0035441151968570402,0.21496789965449886,0.40389728002698205,0.19125678861404166,0.15604227047996874,0.6536356745397344,0.5335297342257613
510,510,34,0.0001374237174494945,0.0002034197667539329,0.005593349303714657,0.006232540117124484,0.3012821553822826,0.5156490288519068,0.2609334960579872,0.3103517475414228,0.9479825930560336,1.148087239095419
511,511,34,0.00017165847253529457,0.00032069362811920876,0.005136860832435024,0.003955603786294586,0.25149289888384585,0.4404322462369122,0.20277981832623482,0.15770981484338625,0.6896870898849824,0.5301747251907475
512,512,34,0.00032235643902153884,0.0008023640800360823,0.006064061808180721,0.0055122038748234405,1.1296679012970452,3.4000757820562337,0.3328965129878591,0.30383189304137725,1.0838227087960524,0.9570846194611479
513,513,34,0.0006472602892298549,0.0011446231779182333,0.00938845590195235,0.008098307883504553,0.12850646074066924,0.2207841321804137,0.13390160516342697,0.11066277840914068,0.4745984693222186,0.39213279883564145
514,514,34,0.0010497000324876887,0.0011380951236862424,0.010535289817626643,0.006607354114251365,0.29009964767679136,0.30186717321120027,0.17582309476154692,0.10958255524513844,0.596883383963038,0.370615124369648
515,515,34,4.323513595703416e-05,7.059765519621804e-05,0.003215453917886514,0.002555427115530713,0.18175955174271674,0.3146806856711319,0.209040900473209,0.1695799137761027,0.7333067107726546,0.6218439238035761
516,516,34,0.0010566411936665913,0.0010741157022932722,0.01599899452070103,0.010113121135046638,0.4938652765224962,1.058817809572824,0.3158295579692897,0.23281353180935194,1.088171222630669,1.1932691905321597
517,517,34,0.0020672917828907134,0.002218793432423216,0.026405737242277932,0.014284226608241841,0.4854659861063256,1.257046491375929,0.3539721845265697,0.3079436931280539,1.1511434535769856,1.154815679748767
518,518,34,0.0008023916433798792,0.0011055531811208174,0.01001686611733235,0.006666639598343153,0.27474446741261466,0.4016227399951803,0.18820500078008456,0.12453248796436048,0.6315162661759293,0.4446236928491766
519,519,34,0.0008473272283106995,0.001054103396600372,0.011908201788387755,0.00791753049711681,0.22748291393851533,0.2749824022379975,0.19986291284508564,0.13264325567037902,0.6270191686994889,0.4270538823427756
520,520,34,0.0001230711617782778,0.00024115192375050593,0.004384136940215659,0.0040969164791508856,0.3060829913627137,0.7108886256806833,0.22465966773383758,0.19382261882980925,0.7169108592412051,0.6039387057799896
521,521,34,0.0001449262877298786,0.00028943219195432337,0.005673366701504325,0.004548673359772032,0.14416839741170406,0.35852962176118264,0.17538229507558487,0.1570277821840156,0.6042202772463069,0.5326784854185953
522,522,34,6.455139786714212e-05,7.598696245802991e-05,0.004959556404227281,0.002730283672873933,0.14461540932054906,0.18249237021467812,0.23102660455247936,0.13142715223046725,0.6982002486200893,0.3860334796485219
523,523,34,0.0008363033539353637,0.0014489504847933394,0.01264834899099215,0.009757158595506236,0.1813045543180231,0.32045823181504746,0.18622237805496245,0.14487941446129862,0.6544203197254854,0.5344939821168744
524,524,34,0.0013424677420295988,0.004641757488406651,0.005268274916007239,0.01150364603021009,19.676517289621508,79.48828021650645,0.5404102555476129,1.4322101278658323,2.1564604508526184,5.420792711117552
525,525,34,0.00031107659015106037,0.000588845711954965,0.006993361611795776,0.0059508842220560906,0.1105783299803186,0.2067438353543767,0.13321787590051398,0.11116005591658784,0.5108441798125997,0.4284935718239792
526,526,34,0.00019669684535101087,0.00043100227275544566,0.004973503360387814,0.004734847599397782,0.20360968815272346,0.35284768099575103,0.17829501190606287,0.14995755153775897,0.5751924733905232,0.5053631637272806
527,527,34,0.001090367713753521,0.0010963764767357772,0.013247689300709787,0.007454547330450952,0.27612317331573544,0.2514329078687529,0.21555359836886911,0.11807320625452464,0.7163079626419965,0.44535505830318795
528,528,34,0.0005115474965511085,0.0006682387277095335,0.00885758937939125,0.006151216654361256,0.21401051794836187,0.2317877344302248,0.18626543123494177,0.1251468188996581,0.6148025656447691,0.4268037900485219
529,529,34,0.002701135481295162,0.0024387083712948325,0.023945776937419876,0.012661664351172672,0.4723888580851695,0.4246166495079385,0.3169134395087467,0.16682573384992366,0.9605712382232442,0.501672757075933
530,530,34,0.00015113776106880002,0.00021933142567413913,0.005383612968109767,0.0036122408806688166,0.3067706276060027,0.4392027036160808,0.24354065647896597,0.1593150295002184,0.7467018295736874,0.5652762393996362
531,531,34,0.0007714833940125947,0.0007565487530701769,0.01515459195327233,0.0075711291173818996,0.18987812731853304,0.17601882835846824,0.24069923184373798,0.11084723061639999,0.6701298487537047,0.3126965797785251
532,532,34,0.0019239094579140382,0.0017709343865188456,0.026240830693174812,0.011960514540813282,0.2992922052302781,0.2638158722938792,0.32776155322790146,0.14486490746630473,0.9627256332074895,0.43047097195269307
533,533,34,0.0008691972382032819,0.0016548645279499793,0.011801523019504897,0.00958854818396524,0.20634489014799542,0.4108482409880923,0.17788589219836629,0.15055773791609361,0.6062609373646624,0.565156105047093
534,534,34,0.0006816793760235134,0.0008561374464436652,0.010620305615970316,0.007163309906796353,0.214947036741411,0.26030052929792524,0.19184174980310834,0.12742306172168,0.6243255879072582,0.45000744481867105
535,535,34,0.0008822926820625178,0.001878566956301748,0.011627464596291675,0.01214164116742248,0.25597387730308313,0.5386518582677031,0.1971261043320684,0.20375704788744073,0.6760803816073081,0.7247462637703815
536,536,34,0.0002652183484448923,0.0006800146989341305,0.004944675454787691,0.005162286990463165,0.20188915544627783,0.3857736096404228,0.16977872688542395,0.12233009085906633,0.5671391942921806,0.4137260696702649
537,537,34,0.0039386381146922595,0.002825913266113761,0.03267520460683633,0.012606890405548181,0.44289134859162216,0.29242201155605574,0.34809909585644216,0.12286243621756388,1.0058044379248339,0.3574594253306073
538,538,34,0.0006309835229705426,0.0008765073306706981,0.009037114755140947,0.005937412255537653,0.16736042617327151,0.18448693716318026,0.15421921902281396,0.09232160587095713,0.5266928260817247,0.31631759603961607
539,539,34,0.000304953071394841,0.0003977455662104146,0.00688616037094856,0.005752823490633466,0.3526247279266553,0.5384603863798819,0.23244512426283429,0.20971797352284072,0.7063860227079952,0.6902770175204002
540,540,34,0.00104980644875789,0.001618158502589383,0.012315411723273642,0.00949578522307879,0.2222837051239741,0.2777718298701228,0.18830607875305064,0.13202340932369744,0.6198575693894836,0.42651283136669327
541,541,34,0.0010310330765819613,0.0026815025798448454,0.011573236750657944,0.011299984877650902,0.583782843012801,1.4773848231650135,0.2878903368597521,0.257656651760816,0.7825653482885921,0.7036705153419107
542,542,34,0.0002849562001321882,0.00047703948772203627,0.0058855970924281895,0.004672668303321744,0.42448994546087787,0.7249094513348235,0.22761637794182582,0.197846021602122,0.6991751662948552,0.6871427399597007
543,543,34,0.0002453811790366993,0.00027189798118034455,0.007846613126971266,0.004584862915719836,0.17875727529034896,0.19385880793241123,0.21636185904636102,0.12437263655598717,0.6301232550074073,0.37169872246062907
544,544,34,0.0018591216863997567,0.0036438362279683878,0.013986550018136553,0.013537581005165092,0.35069914152571824,0.5815849274997249,0.19047400831957073,0.14316793646442313,0.6882237106123391,0.49275315948047355
545,545,34,0.0002396555960197421,0.00045739341115975685,0.0061917192891568825,0.005814921353286907,0.2906073412159458,0.5745922763945001,0.23136660894926855,0.2497290766479745,0.8591597097761491,0.8693866081673461
546,546,34,0.0004147192298392731,0.00041633560518383235,0.008519277017673148,0.004654651263635081,0.24096436212387154,0.24863166549603744,0.20647908703369253,0.11359248838569767,0.6498023464399225,0.3723149151358225
547,547,34,0.0007044298554854537,0.001082421773163445,0.01145282356917639,0.008965928087605955,0.18835107514442986,0.28135666116706914,0.18805657995536046,0.14524814900850536,0.5665816756732324,0.4167368437780626
548,548,34,0.00013594499932878534,0.0004133900395703454,0.00410417460507768,0.0034051382823393544,0.3086713603971636,0.8744174000973215,0.20346358177416465,0.16328990280122863,0.7337198783369625,0.6109207943223772
549,549,34,0.0004265800591169596,0.0006787258404856296,0.008220178246333757,0.004902289026023888,0.0859393138637054,0.10869732105420912,0.11923122066347037,0.06334530578535799,0.4253886484486215,0.22311002375222014
550,550,34,0.00022359107063440366,0.0005612439297605158,0.006476948359597693,0.006805020186541811,0.14870284985312643,0.24098978475962626,0.17920534816734932,0.14302592093066605,0.6089793754851117,0.4886060698738286
551,551,34,0.00018526628423136814,0.0002842572211885271,0.0051659326067345,0.0034430500166577707,0.7704478566096548,1.593679661212518,0.3170325276715791,0.22135711218831597,0.9828684612670365,0.6618755260182951
552,552,34,0.001381574105407173,0.0022603190977630787,0.01196448176907485,0.007128751421430048,0.29256996117970524,0.5469811531853855,0.16756053378476815,0.11370721725157225,0.6200933381915092,0.3742134424399438
553,553,34,0.000484399927385686,0.0012528713370048886,0.007447435236399007,0.007208719901768815,0.3218938787467778,0.6788057905361005,0.20694061960367596,0.17514541044471882,0.6141440197825432,0.529858314651285
554,554,34,0.0006015750945527329,0.0011319610383662055,0.008109610685256912,0.00620365721439266,0.3060584066380911,0.4996342396438646,0.1912222884814529,0.1512161715894561,0.585068945060758,0.468326861697992
555,555,34,0.0002762420385117119,0.0004314550580353719,0.0060441583079998105,0.006228914281979842,0.11065164502532057,0.1774300054504687,0.1251962665358887,0.11374640979692338,0.37993089898544197,0.3912347584691836
556,556,34,9.137253272563291e-05,0.00025249831895631544,0.0036211228785652887,0.0026434415060204238,0.12514140316874117,0.28151401360049877,0.14196212622610963,0.10313044494713683,0.5112742347752347,0.3651315133109822
557,557,34,0.0003457775035258237,0.00038382107145353673,0.008047876687829985,0.005405171823756236,0.22691018153529832,0.2601177021148997,0.20443477087161122,0.1387476196292777,0.6213164881748312,0.47365222998004103
558,558,34,0.00011691784904060649,0.00016383930423215565,0.005054927615941886,0.003264949246244994,0.10505830319872235,0.14403997990446682,0.15348273647182128,0.09648587539815318,0.48551841869073753,0.30289564989363943
559,559,34,0.0006455252131512252,0.0010667488350285552,0.01070493574747268,0.008313816486630158,0.25944518722484217,0.4281152079187542,0.21170963303131216,0.16785810264503986,0.6409822474507725,0.5187864356964732
560,560,34,0.0003102556204473384,0.0007732225005708888,0.007190850535955499,0.005873249755485183,0.2137514964732177,0.4847330770080436,0.19418279980035388,0.1488806836486322,0.5679661587757223,0.4393796078097782
561,561,34,0.00045800470289738285,0.0005111913065764508,0.011211130275007556,0.006064254918132869,0.13320137756219244,0.1530405272362416,0.18931523162652464,0.1066810573161827,0.599309157799272,0.3214445077190067
562,562,34,4.2575849032372766e-05,6.804119943409972e-05,0.003044894033604685,0.002179411602686447,0.10946593743146342,0.1818056022650765,0.1542753090753275,0.1112969668507027,0.5173366442322731,0.37786695142266197
563,563,34,6.209639057802258e-06,2.1057017463798686e-05,0.0008445057781714507,0.001020377846147351,0.04218364253585391,0.12277061774434433,0.07016007859698113,0.09593119357747915,0.2596793227335986,0.3672846374870206
564,564,34,0.0004360866274804293,0.0005966921963748343,0.008042505534831434,0.006480493980802111,0.3871496574651888,0.5571472267686728,0.24494985019897714,0.20207426101588197,0.8432892074479776,0.7041409638528715
565,565,34,0.00022877351081179395,0.0002542473583470619,0.007119042593437959,0.00521770817859422,0.22514964601791956,0.24393398483378137,0.22548258501817198,0.15283514203130977,0.7040043595959159,0.511185510216811
566,566,34,4.698382932634986e-05,8.17859109977738e-05,0.00320937972762348,0.002412048244126373,0.10532636063940384,0.19150974382564762,0.15286882298395915,0.10901135625041766,0.5048411313225242,0.3611983726389763
567,567,34,0.00034466612041395657,0.000866973567279176,0.004718378318049123,0.0059433835776634015,0.27703953686389415,0.7146107229570929,0.19230044961852186,0.26905199521675865,0.6117864264284864,0.7929738304173517
568,568,34,0.000719558382196042,0.0007572394287379737,0.010857708286494017,0.005972587465142409,0.21607610364170635,0.22628135468787056,0.18817379259887865,0.10706680862748637,0.6118453513173496,0.3350211042993667
569,569,34,0.00027158810919846637,0.0003902188442022424,0.006307755110730582,0.005102964878111787,0.25785532879971845,0.44081494833119844,0.200070679297342,0.18356995540462778,0.683789986459648,0.6059316622386947
570,570,34,1.982822873964765e-05,3.8404441251852114e-05,0.0021316391135127667,0.002040615545474645,0.08762559000238337,0.16379301093725684,0.14369918049915748,0.1351477978651068,0.4958834924242076,0.4664699267730973
571,571,34,0.0011112156395657782,0.0018932143023858987,0.012679704215021475,0.013391385307146293,0.46755754377912073,0.603434990798245,0.34183846896185593,0.28973491530670015,1.1990247254862505,1.1937615888716768
572,572,34,0.00031266546709636766,0.0006426967980240441,0.008435435894438448,0.007353855330976072,0.10232336211073048,0.2002510667739585,0.15326520745806835,0.13024712559464716,0.5659326534060871,0.48527914151143325
573,573,34,0.0012082100494594402,0.0023414948238197147,0.013842757613233784,0.011781309612988069,0.5856840481762501,1.0937085289644166,0.3079441755133517,0.24769568473640974,0.8831483511363759,0.7185275620428461
574,574,34,0.0002019933820466737,0.0002228963288227009,0.00662493212011588,0.00357259841559108,0.11792391138699125,0.13398002890649957,0.16101542443913572,0.08296640594825727,0.4906972331159255,0.249407434831392
575,575,34,0.00021909962347040966,0.00032849980936236814,0.006662132430766874,0.004447739175142543,0.2930381408180384,0.5182968415445811,0.23421847513493368,0.16019220930849631,0.8906693379668629,0.6416850072774366
576,576,34,5.710247174139273e-05,7.383578207425845e-05,0.003505526507711586,0.0022992688005535364,0.12514142786590932,0.17393175682024836,0.16430712250225685,0.1137246021743785,0.5244156968067674,0.3908563080599143
577,577,34,0.00016472060874280834,0.00027827148276490354,0.006529407205936664,0.005554446950250698,0.2436496304512462,0.3958524136704961,0.2511395417592105,0.20923151982051683,0.8249073160045287,0.7073605842435742
578,578,34,0.0013329294971995028,0.001073053838553427,0.017271191593916976,0.007937842446999636,0.3036234282395419,0.37700155160144155,0.25346111078910966,0.12147009912236127,0.769315753789509,0.3817686974445748
579,579,34,0.00035945422621854476,0.0007479467310920613,0.007455606794203906,0.007728577200855043,0.5237798890790574,1.310065178791351,0.27963129168047623,0.31009037019305796,1.0132349484107073,1.0900834893265259
580,580,34,0.0018075906762747122,0.002004441130430433,0.017155782100470626,0.009500103077578193,0.31128790739047174,0.34699283372123757,0.2248275558299878,0.12596769560628776,0.6541287294205498,0.3567882965098409
581,581,34,0.0002560516308328849,0.0002868725289051451,0.006363638046690647,0.003790663210913841,0.232774029198267,0.2945365878073112,0.19421472279902766,0.12300680328097154,0.5413214586236897,0.39038500997853004
582,582,34,0.00040428720336314975,0.0008343881898894255,0.008076008121647379,0.006379965135916705,0.21683391872519517,0.3600897420880371,0.19987982489606915,0.14339958082206006,0.7320189007064876,0.527178538196152
583,583,34,0.00020940311714291645,0.0003812057871972563,0.006531469794401132,0.005847182409901505,0.20852579540737412,0.3414178398941746,0.21220895395997694,0.17622375328193082,0.6412519159562448,0.5125377063907125
584,584,34,0.0005097251300599857,0.001589857390982587,0.008918321746237138,0.007906004665410917,0.2991962444913738,0.8787341272237711,0.22404804606648052,0.19013830918302146,0.6891005955198232,0.5694786885727802
585,585,34,0.00037361431735488996,0.0005369713770367637,0.008823734680738519,0.005503128786948596,0.10098439750864226,0.1441251105385795,0.14779302609317443,0.08826289768348314,0.5294103140340132,0.31896742190349026
586,586,34,0.0022424372027003035,0.0031750969443634525,0.018475489560788608,0.015018796079974443,0.27618829018491153,0.3071573485080134,0.2212146515136256,0.137659232095882,0.5686521740520701,0.3510850588616717
587,587,34,8.54450622749509e-05,0.00020510882326220045,0.003602051896878573,0.003684723803920516,0.14801829307586611,0.33843256463690174,0.15040365310714526,0.16165190982859784,0.5338823624393519,0.5740042566255755
588,588,34,0.0008139266545399818,0.0008379746840457804,0.01388483400018338,0.0071300442465856775,0.12755742145921378,0.12340571364777041,0.17500347359215512,0.08525214542466522,0.5754225341712728,0.281761433418825
589,589,34,0.00035471976437239554,0.00034186274741590625,0.008803996812168728,0.00467052066460217,0.1713169639560339,0.18186485058301474,0.19014728825320215,0.10797956738627001,0.6179805051754502,0.3472727523272713
590,590,34,0.0003346440364967908,0.0004462762803624083,0.008564896943211994,0.005164804436758896,0.11251967162003412,0.151522905741915,0.15761179783765009,0.09332178175435259,0.5426684644292382,0.3259460930604203
591,591,34,0.0010130500751235078,0.0012148316416397977,0.0148434538517476,0.01000168352353501,0.31308690951589274,0.39332684291985126,0.2637059611870962,0.17703945283218755,0.7024478237418568,0.5328824590862441
592,592,34,0.0007575634436387405,0.0007184900414872458,0.015510316623155685,0.007657855467702307,0.25199583523413716,0.2142347245861147,0.28958294759778413,0.12913347014286478,0.7966523074051913,0.3520301552941968
593,593,34,0.00042442430473035045,0.0005901819897929922,0.010209170889164157,0.007907123991781844,0.3235225037069005,0.4538314303505909,0.2814482526086709,0.23095416078319747,0.9076939970254898,0.7551162773724007
594,594,34,0.0009246869733889232,0.001712670602955831,0.010828344541711403,0.008481811280501055,0.18835064781802324,0.3479947553213076,0.15573976199854822,0.12068915047041925,0.5357078421203529,0.4486267190483514
595,595,34,0.0012523007793360569,0.0013860693452643626,0.014213405405719052,0.009566668177957614,0.2736021940842928,0.285209539059265,0.2096032422474202,0.13254097775277704,0.6390089313773548,0.4058069010628278
596,596,34,0.00017238703634682358,0.00033218253380768207,0.0063399006646838695,0.0057213971098017255,0.18876378869583063,0.343743641255698,0.21585827233160243,0.1800308885036061,0.7903033643960953,0.6843049439881699
597,597,34,0.000716315792140128,0.0013416788209956749,0.009816731894662714,0.007420538712988546,0.2918156733298126,0.5045490572939185,0.20122642059098272,0.1583317813295214,0.604059689623468,0.48058624270273204
598,598,34,0.0004469120651853754,0.0006393056446923808,0.00953075977261452,0.006857021946055469,0.23426314737812123,0.3235614256368629,0.22475787011139534,0.16035107854150293,0.730081793578232,0.5896806538655797
599,599,34,0.000407319053358472,0.0007482206130848744,0.006701829973334337,0.006081106098069136,0.2843366234344156,0.4806063071178144,0.19035394117236137,0.15262260585429535,0.6733570515232927,0.5564677405002152
600,600,34,4.0297054263593216e-05,9.00125126959831e-05,0.003016697215464185,0.0024333371958438245,0.0920923541245215,0.1745105587500134,0.14832432743381052,0.1159499287729573,0.5338566040291506,0.43989006159463717
601,601,34,0.0002907507546029485,0.0006485134883710506,0.008204085827695535,0.007272049012424405,0.18867082022787893,0.32173041260752605,0.22373446120935328,0.16500150040893005,0.6580634437063161,0.5586201321251183
602,602,34,0.0012846631912265473,0.0018374741215261346,0.015001075616215958,0.011262069268120407,0.5122380804215723,0.6339394451580417,0.30751888322479587,0.2153443825511989,0.9216231567894712,0.7005169018429348
603,603,34,1.7806590035885458e-05,4.249203022233564e-05,0.0016425328033031238,0.0023481578637621573,0.0832703335395576,0.1892619923926924,0.10984827134319965,0.15379363136892554,0.37397537292803035,0.5100137784041733
604,604,34,0.00035963644693444674,0.0004564033476263268,0.009697220041690505,0.006990329690225065,0.29388338480802145,0.4187904593469235,0.2754400436054258,0.20282976489691903,0.7953774333000183,0.5952071441932945
605,605,34,0.00013675954405431077,0.00021964435305731487,0.004532324400155202,0.0036926857440202814,0.18036333003136165,0.3127646692366725,0.1658224940080853,0.12978411840323356,0.5767475818009937,0.5209426459453901
606,606,34,7.407928223515496e-05,0.00015528999093196018,0.0033111731754615903,0.0033317095120712435,0.15082944900153533,0.3255578854518772,0.14944649882176342,0.15352482133495943,0.5357571792076615,0.5797147038929136
607,607,34,0.0011662352931660494,0.0026416929570888033,0.01505470190279405,0.021727198696672095,1.1888840691296054,3.4112289453072075,0.44327759896131125,0.5825008149885867,1.5271901348057915,1.8991901848329964
608,608,34,0.0010083887700602645,0.0013778730261485258,0.013245555079158615,0.008943202360132884,0.24644708295133622,0.4418853767691245,0.1958080453469473,0.1531016540955659,0.6462662605678334,0.5504478937979838
609,609,34,0.0002551838963828392,0.00036626320662706043,0.0061712993397925265,0.004434785217111932,0.19124146522132351,0.2802802136727566,0.1731857159996734,0.11723316299674866,0.5412951694691882,0.392770102767974
610,610,34,0.00014304066589562246,0.00020983585792622782,0.005563294641700957,0.004563877183996997,0.15684339135666103,0.2441057031732997,0.18322908516754122,0.1579410821467653,0.5867263310972382,0.5045249241930406
611,611,34,0.0006100866803000612,0.0016995904811182437,0.00975617440417409,0.00900114683651342,0.3141309652778813,0.8327822328893107,0.23001095126656926,0.19197266614482342,0.6731846341315437,0.5785273686776132
612,612,34,0.0009554961437542635,0.0010951534175140261,0.010821574799004285,0.008050913576054062,0.23903705012601087,0.26510503131354235,0.17613324862630927,0.1300307207795936,0.5507024548509541,0.44559081952591606
613,613,34,0.0001775019644278038,0.00039772698167429594,0.005554621308179134,0.005009401983941689,0.20870406546301262,0.41875652570739946,0.19339386828462868,0.1659779444479063,0.6151235090459094,0.5480352596227144
614,614,34,0.0005318048981467548,0.0009287477228925803,0.0075278685167979665,0.006948561372913991,0.31279920976992476,0.4994866177493018,0.19619477759389317,0.16476530803325729,0.6961330565459588,0.613546762398127
615,615,34,0.00013380520080291344,0.00037152103922667555,0.003924658720600693,0.0029886388679971274,0.14897889602819786,0.3985146916966194,0.13723638664711924,0.0976692888488782,0.4722721865948509,0.3366501949371538
616,616,34,5.574879050296953e-05,9.636985740943016e-05,0.003050121047314914,0.002888676201687397,0.13582655742956215,0.23865934551456328,0.153989342150881,0.14692005961375973,0.5353010071112829,0.5302555870982835
617,617,34,0.010362194689257783,0.0073194072188896685,0.04920544491752105,0.022723431866206182,0.6257265179472811,1.1153386432538999,0.3573602536583648,0.2835954597151252,1.2446844980997198,0.962168149733455
618,618,34,0.00016476498432680005,0.00019133666229078516,0.005840344693484332,0.0036433670120781785,0.15826038255780825,0.17788001969021847,0.18268401800271342,0.11134325641496509,0.5439374674769009,0.3384773166345029
619,619,34,0.0007615986752599009,0.0010115212875769755,0.011754582416923606,0.006753937390778861,0.24970834079773768,0.3546871747392449,0.20807061749784386,0.12558716536621575,0.7229961086721981,0.4765506501633758
620,620,34,0.0009019376784635824,0.0009889636103168188,0.01055129523635568,0.007137982149179207,0.3531014193671153,0.38846908424840354,0.21460517715005314,0.13060095713974948,0.6388177534236628,0.37818545744084725
621,621,34,0.0026797102817748535,0.003512101326093279,0.023054110105423367,0.012389813685417968,0.44596098073046,0.7114274457975449,0.2913804689750952,0.17346712213105753,0.8369159304043826,0.4702245619250312
622,622,34,0.0008489125569159275,0.0007355887978984423,0.013272077968234526,0.00761144952233153,0.265945201712277,0.21466680238562874,0.23676285585936377,0.1276555688485462,0.6401876088450936,0.3574553979984486
623,623,34,0.0007975354635752464,0.0024795054212657665,0.008617834528730087,0.009659907646939185,0.4288686361704843,1.0384247408957499,0.21857393582296722,0.2019366989389876,0.6373189812635675,0.5863637798200632
624,624,34,0.00017399240122733105,0.0003020282530513911,0.005248684117652695,0.0038322055013206473,0.1568423896028167,0.21631998875469138,0.16564248272163026,0.11323754647385652,0.5292679124018725,0.34936396172903544
625,625,34,0.00028235391501392075,0.0004406893101137511,0.007751306464128634,0.005634900135611094,0.17296143067891107,0.2733246610164501,0.19242938980460167,0.1429562503661916,0.6344782600508017,0.4810650710246507
626,626,34,0.0018307712307432666,0.001792648625066403,0.024213338462526306,0.012201011673982064,0.3047461380415103,0.2660844882201137,0.3153413069598815,0.14890857889629175,0.9569796928588081,0.48152592826085555
627,627,34,0.0009544473330820705,0.0012440314305844915,0.010026839061859338,0.006805229581564075,0.19114493692519746,0.2229139673239472,0.1442484284258064,0.09112627054868434,0.5067926031701705,0.32739832973111394
628,628,34,0.0009241028849775082,0.0014815044269739877,0.0148410642903079,0.008961209895404523,0.18963095644379363,0.35069639496575145,0.20687051183160612,0.139957912263451,0.7172684958752464,0.5401323344776899
629,629,34,0.00033973952721854566,0.0004389388723016209,0.007484037754372419,0.005475237856028535,0.24305784028461752,0.3072519410923243,0.20834764580735388,0.13351874931956506,0.7005425772684462,0.43641824586345157
630,630,34,0.00041143314822821757,0.00043639334955103523,0.00872193618595381,0.005443381184614451,0.17458133541924112,0.1796392634517112,0.18095356028746157,0.10744067586082288,0.5506055841551107,0.33736091956450487
631,631,34,0.00039964831183383735,0.0006725799165258387,0.007553323757533422,0.0073607274453499905,0.24444742029642358,0.3378932442848786,0.20572780500001767,0.18075040752582236,0.7190559182096931,0.6195888574834841
632,632,34,0.008709507816734807,0.006362489224712385,0.042038266040275205,0.019524135997836263,0.5866287028800476,0.5177399477849727,0.3410962364252876,0.1662349228836474,1.173015721142292,0.5346122579976681
633,633,34,0.00046730746811697506,0.0005350793274226509,0.010351100690005458,0.005235875699396389,0.13440659455955029,0.15204684467737276,0.17595803869121215,0.08952002793938368,0.5161438189885196,0.24873661749528958
634,634,34,0.00037657052740434986,0.0008072067446820523,0.007981765953659573,0.0075631757007879235,0.1021055746344192,0.21333356658576313,0.13126194027855115,0.1224978392323887,0.5045283804921543,0.4835375684126411
635,635,34,0.001167972791710567,0.0016768729036694926,0.01498779617523884,0.00865633971740568,0.24126056915916064,0.3699108454692346,0.2119490462629234,0.13187069656052636,0.7637203414650524,0.5285344618285096
636,636,34,0.0004157104791267878,0.0007054221693250381,0.010085127816316397,0.008335351112891102,0.329253385637832,0.5628710354111643,0.29496221112854343,0.25161377016701575,0.9137098052922417,0.6783195821852916
637,637,34,0.0008098223264128404,0.0012825687566866476,0.010433559032047497,0.0069959921644571115,0.17973369672921868,0.21788841251005486,0.1592220603762304,0.10217112404988248,0.5352471483980908,0.35230658644816976
638,638,34,0.000625930612145834,0.0009580966247576314,0.011647679260931909,0.008760764320876052,0.23129353765398264,0.3753250732493105,0.21946017389350078,0.1700349992352112,0.6916670672157231,0.5352731555145919
639,639,34,0.0009983685798515046,0.0012263181865350193,0.011086125526002006,0.0077873795755228035,0.3946593016084722,0.5842448915022129,0.21174981094458523,0.14614101312886923,0.6838125661015511,0.46499821648615725
640,640,34,0.0008017180095039829,0.0008483963136579806,0.014314840794267022,0.007971012866444565,0.28364095968358655,0.2678903684002393,0.2735171804533285,0.14405668335037847,0.7466848194599152,0.42617609965728065
641,641,34,0.0018796966606340207,0.0020102150955687145,0.02179701459210585,0.011997121374986916,0.20769697214093277,0.17638042375221724,0.2334936226115507,0.11129347691918141,0.7685713040478089,0.36075169947268654
642,642,34,0.00028175117531378314,0.001021186891063442,0.004136396039564929,0.008946568256593328,1.0039883369959972,4.912012845119601,0.19622786255443797,0.6007590609298326,0.7099009868414963,2.1431708358220747
643,643,34,0.00023351489172080832,0.0004180818313064103,0.005815707325168392,0.003596262897915996,0.3004837834604961,0.5309207306612694,0.21612613670089664,0.13488748502879647,0.8111999113770092,0.5126493227598058
644,644,34,0.0006331935343636734,0.0009853493844362272,0.00980326100355288,0.008563186907719789,0.22155600978636786,0.34712873980279546,0.1869618482339908,0.16353643681295355,0.6690470718723887,0.5978124752832412
645,645,34,0.0012095055300077923,0.002081838243002046,0.01311435568255975,0.013283474307729913,0.3859704789938405,0.7225183477628172,0.23735714703798294,0.23481234244373142,0.8253665540148231,0.9746098665756645
646,646,34,6.148256402545539e-05,0.00018278132071121382,0.003051523370873731,0.004203874102332509,0.19750684768180637,0.5605537438112232,0.17639274511705427,0.24773873596956247,0.6541592123753884,0.9379568271620649
647,647,34,0.0018542955963713372,0.0029680066340872263,0.016358919087318045,0.014069446213092364,0.49997015454573557,0.6362822490349596,0.2930181769325453,0.20493883109924013,0.9300842898733476,0.6383997229814172
648,648,34,0.000440281819063624,0.0006914920643446052,0.010148679734865093,0.007904430275945762,0.25718590085778165,0.4168381747760817,0.24241910348920262,0.1922147279932558,0.9070974369259441,0.7518095252589293
649,649,34,7.231233664964854e-05,0.00010268341846204275,0.004164169956793022,0.0029716809412320896,0.13015172183719081,0.17728777131865855,0.17868823317043922,0.13277557122979272,0.6419778794926756,0.473642148708829
650,650,34,0.0013840393173321739,0.0022264755052289285,0.012918426090276198,0.012234248853632494,0.3454335107081159,0.5166725723786898,0.21618806433809154,0.18138494687300555,0.6778267380945823,0.5429967156338715
651,651,34,0.00021676563056537227,0.00028465234340773,0.006014856051051003,0.004853594377714935,0.22199496758334777,0.3391048165981926,0.19239223397829952,0.17142522174409727,0.569255564142676,0.5110532608481285
652,652,34,0.00022891248877118307,0.00048813139436204513,0.006924731978763114,0.005813560535024826,0.1636593642863719,0.2616883155582036,0.21006305230891004,0.1390732046992539,0.6571265669430003,0.4835406927705734
653,653,34,0.0013174160910961398,0.002868250092586598,0.012960486292072079,0.012503156699091796,0.3913874678752002,0.5999817403861714,0.26642019487917423,0.2282792338735374,0.8910018416012034,0.789543689301469
654,654,34,0.0002901565284553405,0.00034519244978314305,0.00674653028973433,0.005359851752714652,0.21460287959095747,0.2932434005133046,0.1848515005891814,0.16116710870245868,0.5483220631585402,0.4767324611085664
655,655,34,0.00017194242082041455,0.0003783715234355176,0.005792886669309262,0.004783669841901748,0.19713439354125192,0.45290584549841223,0.1909915132667212,0.17995955283604478,0.6530527888852007,0.6264330459140078
656,656,34,7.813015422604675e-05,0.00015368630880487207,0.003140383632853627,0.002211085803925458,0.2547930323104511,0.5560386180601373,0.1673961940276272,0.1295729571806292,0.5625307638855541,0.4227365570746021
657,657,34,0.0004994404693380763,0.0007436135709587274,0.009438863578800331,0.0075782363500205415,0.3758738443173249,0.5641891105157891,0.2638099044561386,0.2021655462088413,0.8917094232404933,0.7328618780171929
658,658,34,0.0001277919298659339,0.00015647553525863111,0.0051783746697337315,0.0032057789583670787,0.11573999205275494,0.14572484392173227,0.15657178509761305,0.09327038956564108,0.47392398469588337,0.28611028433884494
659,659,34,0.0002900445702727987,0.00034891610054092867,0.0074437750907450475,0.005165846838091062,0.1781695286524208,0.21629344920198693,0.18864680366481051,0.13948412445975006,0.553142583983786,0.42483511848542577
660,660,34,0.0009764500763969194,0.001762252880387867,0.01369411518852062,0.014357418485750737,0.2853008867515361,0.5523377689928725,0.23435414505793767,0.25144453290772145,0.8499623427496237,1.0425305062969925
661,661,34,0.0005179088366727522,0.0008074455886733003,0.008166346026187325,0.0069731422859904855,0.25469803256633256,0.4355630843811949,0.18157354013665633,0.16902729085161283,0.5493335710728869,0.5792497539365057
662,662,34,0.00010090773522489705,0.00015573754500239668,0.004558995741022313,0.003955837115692902,0.06751069871311569,0.12239895122167775,0.11840178664116298,0.09779217228882778,0.39169391398044195,0.3309929644366301
663,663,34,1.9566071571830435e-05,7.864056107312315e-05,0.0013817303920137312,0.0017317827027131306,0.025513928258613518,0.10199046568914157,0.05011019576340914,0.06291168414620703,0.17716733848347382,0.22220399312360303
664,664,34,0.0003021485916509819,0.0004911621009009072,0.006348299499436775,0.005332834996483887,0.10731708832591881,0.18551921145713396,0.11931171427097391,0.10858048435395576,0.40104517165352316,0.38580874618446714
665,665,34,0.0005231704706950361,0.0007025626239864432,0.009468000495176324,0.007332979379078673,0.1706075988990693,0.2073055264964753,0.1748894041075426,0.13111388114408792,0.5330141789334661,0.44990535532026615
666,666,34,0.00018344431717978564,0.0005345477706979108,0.004315946604679886,0.006762977361623551,0.1900264818293234,0.538930645810493,0.14395770967444954,0.20888725992431298,0.43544459452523904,0.6260742203309151
667,667,34,0.00012769581729590046,0.00033896598920604573,0.004308032406055752,0.006902905022527863,0.0513275499251904,0.13695155628965988,0.09763962211196914,0.13241671142576517,0.37968018081258326,0.5657912776765431
668,668,34,0.00023611631930176667,0.000610618185048429,0.0048225414648186415,0.004690120991455956,0.21634491503594772,0.32298067354753845,0.1787051368943032,0.13947335615707543,0.5902196745223859,0.4461654416950395
669,669,34,0.00010988112979629584,0.00018008987600486747,0.004640351532383219,0.004197815321951134,0.056018932441742546,0.11142693127268744,0.10236772292238824,0.08207185505642357,0.3534312767579275,0.27520014099612156
670,670,34,9.343280801070196e-05,0.00020093834765437063,0.003610061591162401,0.002468154962154468,0.1764822821406757,0.29295181012993293,0.1755970254102174,0.10103486338407747,0.5543667897582054,0.33304764683711524
671,671,34,6.658448256172612e-05,0.00014067763916039187,0.002981674559551346,0.0027295541421285385,0.0961861004231169,0.181594779741432,0.11730630038415685,0.10672050542183575,0.41847088998731446,0.3842448340882707
672,672,34,0.0005043508105419439,0.0009328367302946472,0.008868668639265439,0.008490137388117179,0.2303878435478135,0.404721536866851,0.193963796557749,0.16742154163436548,0.6865960392443573,0.6182499830087212
673,673,34,0.0007228534001007895,0.0007816389076411242,0.014153987004914704,0.007789077327971435,0.1567739917732337,0.17263031354492125,0.20859384514829693,0.11340099143507863,0.6867963417487986,0.3587387537381715
674,674,34,0.0007931065432357547,0.0007447411571312921,0.013454163378542838,0.007723167603934466,0.2092918949201703,0.19314723296403732,0.2186195499756757,0.12115587077755936,0.6151448378668112,0.3264131603726773
675,675,34,0.00010324111065742995,0.0002080119276705418,0.00492823839886114,0.0033506043310100333,0.14206009341732545,0.2383753428391474,0.19126517895390005,0.1390060655069397,0.7108364964232725,0.5435835157635874
676,676,34,5.39579110502874e-05,0.00012612155406941107,0.003134761712691911,0.0031407301044117167,0.10848157796734835,0.23792563991626628,0.14775712054003687,0.1354522404753603,0.5796103867537835,0.5404194321881465
677,677,34,6.869626573254263e-05,0.00010894714240888079,0.003628350583740565,0.003084587231693056,0.12753858189235495,0.1953754052435668,0.15732302604352727,0.13360101596700438,0.5506111830472946,0.5068666903257483
678,678,34,0.00022417063296215393,0.0004165983247825632,0.004748250422862303,0.004732074728827448,0.22245139659806976,0.4265471993692709,0.14536590457839124,0.15134260426008952,0.4627169212874244,0.45323082420653554
679,679,34,4.8908094436897314e-05,9.283020390211247e-05,0.0030096968574285067,0.002799902766411223,0.1337747161365662,0.2605357149590407,0.15431681828682914,0.14948808300854596,0.5886991648551296,0.6126399592768357
680,680,34,0.0011312416809232673,0.0010407361393752858,0.015434551586890045,0.008461182925293373,0.26869416560101156,0.21895644513186283,0.24263383404296987,0.11562333197404412,0.6317760462270063,0.29828657861310687
681,681,34,0.000720837852842284,0.0005629574756376955,0.014412280240589204,0.005322511168449859,0.1901235584553112,0.15588786162231272,0.2317452498656862,0.08547879859130322,0.6734244534197975,0.23773199195095568
682,682,34,0.00039984211723683127,0.000476892030180663,0.01071337638559806,0.005518745538736886,0.20629262491403258,0.22048198889664403,0.2443789839744568,0.1169395180911906,0.7162171365583644,0.369797747053434
683,683,34,0.0001620459444278394,0.00033911490029730514,0.004700358463999103,0.0031997592984384267,0.2820618071812479,0.5173587659672325,0.207942204659476,0.13533371961223395,0.6563596970894757,0.43012054328726507
684,684,34,0.0007076709521243174,0.0009216470306499727,0.011163563974311246,0.008939617994759185,0.3318646309609689,0.5811764296032063,0.24183556503232786,0.26154929374329516,0.8081047754077351,0.9094770256588173
685,685,34,0.00045322153859802606,0.0004546581903100371,0.00961655774153769,0.004762741828488505,0.18647075866294258,0.15603916720534103,0.19882815966711326,0.09087057252870653,0.6653695632429684,0.3065483299227411
686,686,34,0.0006216578106646278,0.0008875707338219841,0.0103597721317783,0.007872888476017206,0.24959681690533592,0.38622949742397183,0.2138543512453051,0.16722686931472958,0.7263173513552722,0.5867718597490353
687,687,34,0.00035722240358595895,0.00047654629411203486,0.007303367178846041,0.0045495689533367805,0.16789459878825308,0.2254466074769166,0.174127574023955,0.12147129124064537,0.5886504325796577,0.41224107319208425
688,688,34,0.0020121996729572213,0.004198046822116289,0.01740429429885219,0.012854096896036333,0.5691744556157466,1.5776320942469177,0.27292173377731266,0.21994522423054633,0.7628833449938718,0.6254154937592681
689,689,34,0.00031097815026308074,0.0004646540909202697,0.007500971448333824,0.006814958311263655,0.2677133976112065,0.4429975184731956,0.217576489181203,0.21230372487419583,0.689550839145394,0.7027339739209462
690,690,34,0.0008306987063620266,0.001323674480828755,0.013095433241687715,0.008870139035920217,0.23428759376025377,0.34392983043814407,0.22265060837654507,0.14523298697134834,0.7729511309195968,0.5551816377254459
691,691,34,0.00023499883098017615,0.00033473581382518494,0.0064949673080049895,0.00458249111880968,0.15211807628271773,0.19554795886859472,0.1683828230289852,0.11218646212874102,0.5255027080283445,0.34450901238252757
692,692,34,1.6265621886776336e-05,3.7749797219256824e-05,0.0017194412811316877,0.0016265138996139085,0.06478372294462614,0.14712889407239965,0.10936775578952887,0.10353750910469478,0.4055165959631695,0.3808370565289243
693,693,34,0.0030309581914961573,0.0036044783474324187,0.016480954904930994,0.012320994887563613,0.6027396965723978,0.7176166558733116,0.2283456350731499,0.16717008267642341,0.9188877015429384,0.696800142176735
694,694,34,0.00016635745700873083,0.0005673531307457311,0.0037160680855295677,0.0037849164354564523,0.30606003063867854,1.0730608376206974,0.15441076178103685,0.15966890000315054,0.5025754691485096,0.5298892542522382
695,695,34,0.00115571886026507,0.002461023018167124,0.014931930581737748,0.01630337183137507,0.4456378854537273,0.9254806186902865,0.2968923988587716,0.28171456335350054,1.0712093189358711,1.1296592441429494
696,696,34,0.0004500828243787764,0.0007198671265973495,0.009245297224397826,0.0103962940032958,0.34225332872558606,0.5998335090714408,0.2536108594059068,0.2686834081459794,0.8360197125550579,0.8970775659730462
697,697,34,0.0002490205885876281,0.0005256830399851412,0.006670316330307876,0.004613943611343638,0.19595922259716592,0.33407866172272527,0.19637201918179498,0.126763699095613,0.6521638846572708,0.41404490868804034
698,698,34,0.000210303745488465,0.0002650274251097579,0.006076879251529188,0.003677896111021889,0.1467651885057635,0.20510376757453247,0.16148895945619135,0.10222165637245771,0.5499907144728828,0.34468515596398625
699,699,34,9.61308422693505e-05,0.00016213397067980237,0.004062324526089737,0.00406092673663292,0.10432596786139424,0.18356626847532767,0.13631787857807734,0.1343663612381571,0.48607773114653197,0.48249427363900893
700,700,34,0.0003400230824757286,0.0015093283867721693,0.004737873697783524,0.012818486103703454,0.22167685728259934,0.6583634076337043,0.15935089422718568,0.28052023276480487,0.5560912577544942,0.9811457794754327
701,701,34,0.007268651376601637,0.006298346709813586,0.032543013584526145,0.017855284316633795,0.4016585771323127,0.36539245873227155,0.24018683887141593,0.13872836800282884,0.864435092491262,0.5110497053212368
702,702,34,4.374936877545277e-05,8.118884401839064e-05,0.003192477804772994,0.0027441680197276773,0.18015133237521,0.4334008775642235,0.192040343714111,0.19104788453679514,0.6287147389615283,0.6474771662879194
703,703,34,0.0002282482370152566,0.0003944380705833625,0.006616688538890551,0.005388562547709016,0.17591085608172066,0.291627476287785,0.18850916141972823,0.1545876238782538,0.6124947816133499,0.48821170542463405
704,704,34,0.0003572374861612522,0.0005158793537208457,0.0068169192424701415,0.004207572497373238,0.24956082555410616,0.35007671741969415,0.18658932583297,0.12046176428892857,0.6318296220372704,0.4082504243233604
705,705,34,0.00045596756840763297,0.0008134909817401915,0.009693981161998474,0.006992151028058958,0.20616055953809442,0.37164391954562614,0.20732571622904608,0.14585918206677237,0.646818748291801,0.45404521670378756
706,706,34,0.00021593726002238863,0.0003661445665056271,0.005130571669296306,0.00343487970027695,0.2190964165938032,0.3928127099439007,0.16456954148324096,0.10797433528270643,0.5462037973544177,0.36763808454180946
707,707,34,0.0005216387010424275,0.000636483998975394,0.009628530756077346,0.005757920453913719,0.15036004329757655,0.1712392406048027,0.16693785184008234,0.09967885951106195,0.6102709511623663,0.38453454566856904
708,708,34,0.00035272610613687634,0.0006309904384467588,0.009210625636007856,0.007652370604899681,0.25973513952511196,0.4993449203023763,0.24665516198557966,0.2106167021694117,0.8063331351560705,0.7003260103397261
709,709,34,0.0003965482090226193,0.0005815759416825463,0.006890061338815619,0.003784741334945663,0.23427772301468341,0.31934890812890626,0.17918799094417515,0.095231816876993,0.6103415147346609,0.31594355919744915
710,710,34,0.0007419062285407563,0.0006378700652413777,0.01519790425321416,0.006428137306363854,0.2708644717109992,0.23741663012856906,0.28946329324561004,0.12288307902357445,0.8948506756740457,0.38619305458159253
711,711,34,0.0005315383966190854,0.0011897068512075602,0.005066545752924867,0.006492663850439776,0.6282839013951803,1.1510541764329785,0.2030158952316817,0.20256128980405871,0.8251286411986631,0.8582693333351898
712,712,34,0.0004319557059555818,0.0005496957006153348,0.007732038276598734,0.004847454872803487,0.19389406960074076,0.23651225981076954,0.1665689305347555,0.09745603435253783,0.5336588993668556,0.3148114304042204
713,713,34,0.002057830147243615,0.011246581133081137,0.00898544629008564,0.01913417423696883,1.569473314427716,7.468906676122848,0.37552064481903524,0.47730933089854716,1.1283945485072977,2.2818523448637578
714,714,34,3.0339147559409277e-05,4.779527432347718e-05,0.0027519989217741087,0.0020747923126198543,0.0988838055088897,0.15346061064243144,0.15946822843569167,0.10460733822892516,0.6648558487786966,0.43483803577673646
715,715,34,0.0006502708346595361,0.0009017998574537715,0.010403275318608126,0.007121895129993816,0.2776643257273142,0.39835030989443143,0.2149867817540379,0.16845554076589878,0.7524112454232048,0.5312957346521862
716,716,34,6.769699569651814e-05,7.147122966799509e-05,0.004366756499032764,0.0019322560873466657,0.15278019276721513,0.16800826062573704,0.20751924352610812,0.09570529557333225,0.7116086588186377,0.3105819590722122
717,717,34,0.0003502229616689125,0.0005467060743794406,0.007925717040266404,0.007251074620471168,0.36191694519948214,0.5876205703514472,0.25832253968452706,0.20705098533612729,0.8295991219141904,0.7166527196413084
718,718,34,0.005156776278026347,0.009137885054921439,0.036810179816230255,0.035142300032335955,0.468027221477207,0.6089445304664238,0.37699739087153883,0.2876911448959561,1.2647086522158455,0.9746787669201299
719,719,34,8.81053366650603e-05,0.00016837831526004713,0.004385081695064026,0.0034751460443694523,0.12757696112727418,0.23843334395675542,0.16829137920456774,0.13016809537298213,0.6377349758849424,0.5350122525471261
720,720,34,0.0012138428042309149,0.0068840956034264995,0.004852462383603458,0.01540458680667274,2.131375595488969,11.579406914754728,0.28864304787095857,0.6238133153830224,1.2130401450044968,3.5106063710308755
721,721,34,9.776627993072478e-05,0.00020879349528338262,0.004934933317332145,0.003603447034330568,0.08181712705203716,0.18083674897147342,0.14084695717867682,0.1049095003630643,0.567870069952572,0.46365222120825406
722,722,34,0.0024000417874089288,0.005277767841070336,0.011711579877609277,0.013137778231546875,1.7651258731973083,3.7266443494951123,0.39947500737274394,0.32441059035746117,1.3657445964567803,1.143528716232308
723,723,34,0.000309331864133021,0.0012887996946633013,0.00598638119374621,0.007921573228290449,0.8643736566745621,3.504046112690103,0.3331706022076747,0.40839231315374497,1.1146393181646572,1.493107754675397
724,724,34,0.000578574348277611,0.001541883271055546,0.006399995204821394,0.01057792530018789,0.34942776281797494,0.9926768342241655,0.22461929785854676,0.2141312493956128,0.7931892015039921,0.8270874150643349
725,725,34,0.00012191632814887377,0.0003588366549836528,0.004006152578821296,0.0043223793179392525,0.3397127457017846,0.7443838854465805,0.24694432614042477,0.2501929630352825,0.8571590658496407,0.8575440781979302
726,726,34,0.00042259131820919586,0.0008838558788437479,0.00483266838144867,0.0058839557024479355,0.8874944677210057,1.8625459740970556,0.23976056091487408,0.2631051101786216,0.8335079119047698,0.8874445993002169
727,727,34,0.000326367776190583,0.0006347341659255697,0.005660663071252844,0.004012388138056377,0.4897089537561816,0.8895949716222229,0.22997241905506918,0.13451090525507062,0.6983382140888887,0.3903041648436894
728,728,34,0.0007987546499567971,0.001614080750281934,0.01049154215862098,0.012874658738777288,0.9999824748374522,2.1963854858061946,0.37244600495871377,0.4225891699356122,1.1007999659461134,1.1214489015647757
729,729,34,0.0007750522546463317,0.0008512885636844773,0.014678146909264958,0.008564929238875174,0.21575730880174568,0.2367155390922897,0.24538464384043918,0.14014432000251675,0.7117414886460585,0.4470422513950246
730,730,34,4.646304010775031e-05,0.00011698586999228635,0.0027735813603024274,0.002538507274593824,0.14330763784785042,0.3393455259325087,0.1616216953843832,0.13722492710583775,0.5771151995834183,0.5332398702907225
731,731,34,9.123129534734343e-05,0.0001452300238486028,0.004200714222593781,0.0035173791596372255,0.11080010509228005,0.1805378830827166,0.146028075586347,0.1235768930058475,0.480135077939314,0.4091931228127215
732,732,34,0.0005686002346277854,0.0006071490742650991,0.010641045772525318,0.006511294471568793,0.173438756589723,0.1987572347402274,0.18322160116889896,0.11724256724120265,0.6036959882168209,0.3831012400748075
733,733,34,2.5302479107167262e-05,6.209670325227134e-05,0.001784477406010196,0.001840786849543367,0.046747523998526636,0.12146438033794035,0.0765197445254992,0.07582573481703271,0.2840626340578584,0.2830786724054949
734,734,34,0.0006962232731064647,0.001064694488782548,0.009345004763043322,0.007138903107723799,0.21150057690272875,0.27061939881953934,0.1690193352782551,0.12027609658629798,0.5637963736320243,0.4174327010923892
735,735,34,3.0299793620007916e-05,5.1929570283255e-05,0.002539857615963282,0.0021600809885333285,0.17581137532697005,0.2723029434183941,0.1992560324861723,0.1590071437940287,0.7257934243363493,0.6088032099875157
736,736,34,0.000538490419706798,0.0008187890571463286,0.008653761600726284,0.005980685126613465,0.5300293568751144,1.1777758187467777,0.2548923562006915,0.18979984809620262,0.7922877003164852,0.623594698807813
737,737,34,0.004290456684429955,0.009813861586131456,0.023893537729129416,0.030373801509232922,1.0283841470407102,3.0882473536831005,0.3887811540899908,0.5076572458118711,1.6221747582449633,2.0184202677756384
738,738,34,0.0002399005774724869,0.00034270027646206644,0.006461654176853378,0.0045732374976354545,0.20067099364036145,0.2616554992972447,0.19308704597985044,0.13151446153315768,0.5834658338743097,0.4208059419599871
739,739,34,0.0003200617790154785,0.0005407440093654113,0.007169349533368778,0.005685720989089891,0.2633329401347403,0.37678306747330087,0.21751142583568306,0.1691839746137765,0.7259400074972826,0.5599230811344323
740,740,34,0.00029820293568317375,0.0006508959992306489,0.007328639608150458,0.00800203286954515,0.17836763034574687,0.3672214822379895,0.1864696838619078,0.18704181837395686,0.6784882530131761,0.7060694054422095
741,741,34,0.00021121106134855568,0.00044908627036132834,0.005189487166182303,0.004317645860826108,0.38700506415711167,0.7749179514454833,0.22515430268557632,0.17436755613376861,0.8387491273529389,0.6518069259398253
742,742,34,0.00033376904164082163,0.0005515867772672939,0.006321566157138851,0.005690287291375129,0.30209506277392123,0.511489557541798,0.1952306027250255,0.14294753723160009,0.6192423813045025,0.44970279608552277
743,743,34,0.0004926629502818328,0.0007273933700459078,0.008421572754313648,0.006236285045950845,0.35416892447253356,0.3636002653068411,0.23895375331288532,0.15062637747258684,0.7610945348792216,0.4619497448662762
744,744,34,0.000404197381439029,0.0007826337489751144,0.007118529725737651,0.006823828794688511,0.2928629206589368,0.5807442735865047,0.1911943153861691,0.17043291321366874,0.7244689249817062,0.6750825695804092
745,745,34,0.0005703375400116784,0.0007382875585241768,0.010685130583998911,0.0068665639557388474,0.2799468557624256,0.287489351766462,0.24829213321208954,0.1447633118774611,0.7585049411829781,0.4435584077085791
746,746,34,0.0005757171448642432,0.0008244381489063983,0.00946486197576365,0.008434196293554734,0.3214501233853619,0.4209496315613905,0.22784608229994774,0.1818637043809606,0.737329830579898,0.5744139203783172
747,747,34,0.0012644104251715842,0.0022305259432411953,0.01140992809429436,0.011959824956340535,0.6361244676415535,1.4582586634698962,0.2373025923529092,0.23886263028843482,0.982888986082638,1.0231143483716059
748,748,34,0.00038595062152152796,0.0008940569332508806,0.0055095587706412465,0.005506725134969114,0.7639616848490036,3.023896136438082,0.22124006380053127,0.23207657745721383,0.7716486125307924,0.8299351185925862
749,749,34,0.0006199799353627147,0.0009756278074479725,0.010008566862191348,0.009021510844415848,0.2555267167935038,0.37108365193754955,0.20262963839751832,0.1696546648850071,0.6733308035661193,0.5737209527532758
750,750,34,2.1648209644140213e-05,3.9971045695060604e-05,0.002314864525996039,0.00241713974096177,0.158442290910684,0.2694721728145076,0.2037566490471363,0.1985899256426412,0.6969040544594035,0.7555233156358087
751,751,34,1.2476990501481315e-05,1.983134878221976e-05,0.0018131712824791012,0.0010265691622611455,0.10743696127525147,0.16939323625185815,0.1690397363375215,0.09301417225102974,0.5986168340725058,0.315214168047263
752,752,34,1.2000394409530118e-05,2.435963326495026e-05,0.00162916853921214,0.0010157279158993975,0.0905372188974391,0.180021346576533,0.14139526282601497,0.0882665677103396,0.4909281239790075,0.31300198961232395
753,753,34,1.1681975863934093e-05,2.1877840846822394e-05,0.0016302063030546859,0.000955877325829823,0.0996194902314421,0.18177240972323228,0.15187824188786395,0.08806397304101096,0.5186683237552643,0.30292470026427293
754,754,34,0.00034291856547283446,0.0005858396640599678,0.007361305336577489,0.005149528609376335,0.24317292199360535,0.40285002469808473,0.19810357777511373,0.14768663618208444,0.7399767961572198,0.5813351741111585
755,755,34,0.000124540622035805,0.0002003725440477688,0.004815970817991697,0.0035028061456044333,0.1364464422907023,0.20268629150795417,0.17071634366670074,0.11247219682803933,0.5817095773185,0.3698591474148893
756,756,34,0.00013078355851468907,0.00017769778993784698,0.006107624048394535,0.004007022726040425,0.10686101127580247,0.16663652151129174,0.17236610523918094,0.13225460100175515,0.6103417496470844,0.5070286608352349
757,757,34,0.0002867640446578769,0.00034704402202683583,0.007894463063327266,0.004638463622937354,0.1135994207168765,0.1400976200927493,0.15749944330138319,0.0922909978640431,0.49121307713143963,0.28371595438793495
758,758,34,0.000462401328899004,0.000916829416522191,0.00872225864954731,0.007636934060848618,0.10404996220570277,0.20729892950648032,0.1326428017414668,0.11391868763747662,0.48308353345183763,0.4074898668453177
759,759,34,0.00017009914820257966,0.0002539567037823931,0.005755727966863881,0.003925489072161837,0.1435648330131217,0.2093202518638073,0.1677438088637941,0.10952800893328944,0.6096900710288216,0.4047269170503921
760,760,34,0.00035011981551031783,0.00042265646732048953,0.00781604611855822,0.006133533523160138,0.16393864778322442,0.18763555588557615,0.17445511759861426,0.14014185520556763,0.6495505413588356,0.5050486116573012
761,761,34,0.0005757556519905152,0.002739381907850098,0.005450762284453958,0.007929902503328038,0.7940575533875209,3.648695970561003,0.2175097290207358,0.2887006674696832,0.6581974099664127,0.8297586191175382
762,762,34,0.0005079172670401236,0.0006576983443959578,0.011581269038074157,0.0068935011928453836,0.5177613333935904,0.679605327298045,0.37244653088205,0.2144899323225414,1.117542169549886,0.7267827748316225
763,763,34,0.0008584623100205135,0.0011272544353389236,0.00940605893607854,0.007105998926590587,0.3100831575335606,0.38686592503760575,0.1813524305163061,0.13261245597913385,0.6282789551598185,0.4847772700072909
764,764,34,0.00010609872907373167,0.0003804890149954065,0.004146234960952664,0.006522042221939299,0.1547902560354594,0.5240763377148221,0.15844278497730985,0.24074246415876843,0.5664876971174689,0.8737771564122261
765,765,34,6.574865500731582e-05,0.00019264872832084904,0.003404204617254436,0.0049262525379161004,0.18026003975640326,0.5138473981801444,0.17438091732123318,0.25620892212910046,0.6327484101057053,0.939135818156854
766,766,34,0.0006392105502688055,0.0009009995763911405,0.007467021278845256,0.005777539594935685,0.3659260487937204,0.5574342678498506,0.17956206739387093,0.12711276159052265,0.5798992490505471,0.4268923438152373
767,767,34,0.00019816793833877668,0.0002473562305247431,0.0062487165765453346,0.0035259461991764655,0.1318033477428424,0.16082261934808117,0.1621186774881447,0.09150172840310197,0.5362497029059073,0.3023925844930563
768,768,34,0.001392275077438064,0.0012749909455085702,0.01699202383101425,0.008320002460460267,0.15990522646290414,0.14136029925538737,0.18223353804034345,0.08744972048717507,0.6412930133588174,0.3235690931997523
769,769,34,0.0009781136829106424,0.0012450331890204946,0.012691663269994451,0.009116150646734116,0.25896835551761527,0.3156801628086151,0.21341687714790597,0.14618558422837785,0.6880488636739114,0.47100708498413363
770,770,34,0.0008601744934019414,0.0009999253580440116,0.011524755918585202,0.007230802944632288,0.24793918805388623,0.2541310555054833,0.2027766882058452,0.1143050978282337,0.6483365525217617,0.36963397868333214
771,771,34,0.0003847141875560149,0.000608733466045325,0.0068739211488076865,0.005198020888313159,0.20371292343856218,0.272418404302048,0.1673384375651093,0.10431659095713153,0.5362295346225009,0.3366612133088013
772,772,34,0.0009458449261300676,0.0014479548058818502,0.011610097429879448,0.007702713722149576,0.4358819180770832,0.8284031396187809,0.24482998821665258,0.15397338522404588,0.7274552057771122,0.4906323892868432
773,773,34,0.001439930955578294,0.0033653106828321964,0.012360799694707728,0.012217187881476885,0.36164065277176527,0.6738556395512584,0.21183242835104465,0.17361624922414967,0.6019456224406466,0.49958454277356673
774,774,34,0.0009949393491105658,0.0017360407773940319,0.008427112136440188,0.008172570762448633,0.505714525735718,1.0667196792311335,0.17888333451221972,0.18327170805024012,0.6712985317058423,0.702587163198159
775,775,34,0.0002435979570153075,0.00041764346799460264,0.006189772325074848,0.007233406220762232,0.15060503428856678,0.29414146938064295,0.156526913647266,0.17867338516295134,0.4764121056479566,0.511946477173083
776,776,34,0.00016630753240111945,0.00038391846915736597,0.004923786577659056,0.00401565627716337,0.12902299080194687,0.2979138850120146,0.1399974971461822,0.10921121704365737,0.5035928380401695,0.39004613066688265
777,777,34,0.00018377015676997096,0.0002734551451337861,0.006292872336309622,0.005623233475207539,0.197788821418619,0.4027521875009353,0.19570275407065363,0.22642411730650255,0.6507837700054926,0.8052124569680038
778,778,34,7.505226334187147e-05,0.00012499731950273905,0.004214936028481187,0.0025536393767388345,0.09742911469520014,0.14883689187411295,0.1527363446486347,0.09557510601112237,0.49799605897244287,0.3216399747472325
779,779,34,0.0003013750060477725,0.00040629010351401617,0.0070033721858635545,0.004260344785042219,0.15476318311822765,0.19266991712330167,0.16661814709796624,0.09050332698441314,0.43341779095285077,0.23842355975054225
780,780,34,0.00033934292141298906,0.0004450152237173406,0.006505012217744747,0.004391709043380605,0.27679793868104324,0.36449551502223115,0.18655081739758744,0.12287701954783031,0.6050107671934015,0.42504255840171695
781,781,34,0.0002266549103671209,0.00030060874135456563,0.0070043606409693464,0.004396300945114707,0.1730909139904029,0.22731598706828987,0.19368864508236155,0.12220093559324662,0.6026172817629927,0.37421944984574934
782,782,34,0.00019889930236411814,0.00024194786130236684,0.006408016060424202,0.003910099902186638,0.14485937325448237,0.1853861899978488,0.17210794842856772,0.1089412828547425,0.5659917316892568,0.35341772914364805
783,783,34,0.0009420400873590124,0.0007955525759625143,0.014715402167947852,0.0076456780748253095,0.2738878540420795,0.22037087078969456,0.2537868590477635,0.1225752644259502,0.6822081252056009,0.3464394465690393
784,784,34,0.0002773710524278987,0.0004573954068370657,0.008096506668473868,0.00734053602989703,0.19384680734947324,0.34896390303634567,0.21408767954391592,0.2057696035533523,0.6621920282349867,0.66029678344766
785,785,34,0.0014423914244616753,0.0027125509025148773,0.015542412382167052,0.013393643962402203,0.6262385566335391,1.628287204548036,0.29759848358876567,0.28659489643326114,0.8356886532376794,0.8615916843228211
786,786,34,0.0012470970736745478,0.00202853126076408,0.013920182280023308,0.009623567497559066,0.4094210196122089,0.703813754301992,0.2517741193227908,0.1615175418014063,0.7188210557488834,0.4829982577869661
787,787,34,0.0005927116238908906,0.001270474232556425,0.009276846232002272,0.009893785220687342,0.5365235153243274,1.2140622094243303,0.2697749621070483,0.3002409849056419,0.9141750940505196,0.9771068140030278
788,788,34,0.00016918444650988984,0.00024191305849121923,0.006848011124769554,0.004900560647864154,0.18220038101186647,0.2983447726438227,0.22017350376528852,0.1620091913871578,0.8189609830870348,0.6241921501659841
789,789,34,0.0005608262906127278,0.0006830657910046073,0.01005201747723143,0.007344740946053009,0.30904354623464103,0.3413135763399869,0.23566770991858313,0.16274355039800226,0.8938061393359128,0.6438518926020076
790,790,34,0.00013071004712748938,0.00034912679670815946,0.004179764068206115,0.0046743702651508645,0.2242242191123831,0.357018454606761,0.21598552989170833,0.16893541132335457,0.7284418997519156,0.6425404366487365
791,791,34,0.0018524776209875092,0.0017579887603103848,0.019412754281588337,0.009950638201415946,0.1944035394117236,0.16737018965497666,0.2001715710057932,0.09754820710761093,0.7124997074989712,0.37162725186770884
792,792,34,0.00021034746562102502,0.00033624443976105404,0.006414389621247263,0.00510380211017909,0.16367631886318765,0.24997616023623337,0.18097888086648548,0.13763604327888423,0.586963815285879,0.48217954654832046
793,793,34,0.0007435299195255057,0.0007215836583173236,0.011780537596410689,0.006554943417926094,0.23529706777566495,0.28058539950934713,0.20828466709045804,0.09869273278506721,0.7197663455325014,0.3395354518504284
794,794,34,0.0005103483415128347,0.0006564707972143644,0.008736106424989617,0.006830455769428892,0.26279987999827,0.32659876742634664,0.20333765419747898,0.1563066350873452,0.6536875971976448,0.5143249529106703
795,795,34,0.0007739256584366504,0.0012351770644829867,0.009632212414597982,0.008996233831353747,0.8154114206759807,1.8762905389866882,0.3200507962747532,0.380448230722275,1.0104451933327843,1.19861961278785
796,796,34,0.0016400428315484854,0.0026509737432320844,0.012370288776069441,0.009078356869205948,0.8566307637511807,1.3715954399654295,0.29390993780073,0.20970788748298697,0.948675390552072,0.6991939501129767
797,797,34,0.0009075875310800792,0.0009954610149590973,0.011477511780172148,0.006316927365274432,0.25710615875911624,0.30018417569586486,0.1973957347080988,0.12736848734734846,0.6412634450723144,0.4068464644303716
798,798,34,0.003020879864326322,0.0027194079391572134,0.027935017831623554,0.015997174922194424,0.4802047756555326,0.3944280633980654,0.355024034047828,0.19035087956044316,1.0395932754172998,0.5623603258917449
799,799,34,0.00014741586071121513,0.000204184887366493,0.006617251468603225,0.003680623482646278,0.15318356952903903,0.2210352027728836,0.20974398119484677,0.12275590655339248,0.7178992164485595,0.44026281757783975
800,800,34,0.00022752662623304332,0.0006392462743535694,0.0037898675184217558,0.006308888122247801,0.35887501591145443,1.5593888764331856,0.13832768430823789,0.2700316998472593,0.509073777233853,1.0052267229003684
801,801,34,0.0013473116906585775,0.0015528691476287026,0.01733537875663708,0.010012255917881963,0.16285368564593442,0.19390583054066493,0.19011597927002347,0.11240586526461632,0.6325710043311119,0.38660851830797255
802,802,34,5.79130645519399e-05,8.954776201191676e-05,0.0034802697037401445,0.002537385125057358,0.10811665729509995,0.1673009041491171,0.1517119346296086,0.10780446747533949,0.4730624328641331,0.3391026337107387
803,803,34,0.001624415576503345,0.0036469124291277524,0.015270432265584959,0.011711454354390615,0.45573211250388446,1.016615989716844,0.25639722058001685,0.18721774348256526,0.7314286113661879,0.6654115581117798
804,804,34,0.001044343745246913,0.0007062178156220031,0.017711341161938274,0.00617953331414684,0.21599562707192757,0.14537921428730713,0.253754858584965,0.08652390906961191,0.6779554258374607,0.21700058214036927
805,805,34,8.263889711034768e-05,0.00015342823969881624,0.004232079201542279,0.003413064548944168,0.08307988240438349,0.1531041917623936,0.13410059548914433,0.10752445935694722,0.4547208499382524,0.36509883829497447
806,806,34,0.00019966869018282844,0.00048473776769072474,0.005414980463683605,0.004038065907503957,0.1367594565004658,0.32779193587204686,0.1415413204470978,0.10720787359924057,0.5179986572440933,0.3896964155282526
807,807,34,0.0021748613035282795,0.004114316277550632,0.014445214744602494,0.016676457693030715,0.7789471424527138,1.3501831760950083,0.29091606015229926,0.29234398038087994,1.0822897882145994,1.0692237268362526
808,808,34,0.0005847691319799839,0.0006219694000552119,0.010973566718509091,0.006593373957221761,0.1731201840482433,0.20220040369969453,0.18546982262940967,0.11920938037641339,0.6009951619540944,0.3860334199895739
809,809,34,0.0008009972584659408,0.002886972900874777,0.009801384047879017,0.010318612373835327,0.2992825176950325,1.0180690963981212,0.19746473322019858,0.1979278557070336,0.6103720362572109,0.5985457903097686
810,810,34,0.0005299571188355485,0.0006485844683562269,0.0076218347736250825,0.004784132960032766,0.36390175496447175,0.43465404247197553,0.19809125955490506,0.11928526217445165,0.6223876752397594,0.38918523578117037
811,811,34,0.00013031889594618834,0.0002597932544811756,0.005368910565534059,0.004755726925700961,0.16232034164097378,0.3605623721552371,0.1902945431716302,0.17745794753208208,0.6099254830795175,0.6013174707304659
812,812,34,0.00015623325589331216,0.00030398901161568325,0.005192344552864704,0.004847595882057902,0.18842362380682437,0.29890285743373257,0.18542635079254122,0.1499160346057853,0.5909769528490656,0.5055156403626994
813,813,34,0.0013188871826059767,0.0018942521619219163,0.014418260701110257,0.010231391970889993,0.30024229020209,0.37388333373118193,0.22464437322581515,0.14519671802778167,0.7818245041896316,0.5522584676799249
814,814,34,0.001998657334137105,0.0021337825256809483,0.018193129724001184,0.009000243215493057,0.2604380063712597,0.2568642255534627,0.21180684667299776,0.09515158634300556,0.6483276223435122,0.29677615845341193
815,815,34,0.0004978152876045736,0.000597871688649938,0.009154012413038051,0.005178528551126552,0.20404180504984276,0.22938318160305418,0.1903953883139526,0.10099587088947094,0.5622088707545224,0.2973140652468173
816,816,34,0.0002107814756099662,0.0002218905578086796,0.006200773436028291,0.0033252016537058224,0.1961734749185031,0.20308267560843093,0.1887266482500469,0.10015284673416641,0.5929286269580617,0.31822807466338854
817,817,34,0.00010996369769934652,0.00016384247160006093,0.004408002978272955,0.0034803282142379997,0.23949848508517094,0.3822901325133237,0.20541128034100814,0.1336992104639066,0.6820700677002177,0.4665620150404232
818,818,34,0.0002203295469719117,0.0005370564435115826,0.005646307483616778,0.004007701229282956,0.26067391678910046,0.640503645313037,0.19410798150826902,0.13725067121176313,0.5888156619142083,0.38846842176164276
819,819,34,0.0005259034575614993,0.0007566366999239003,0.00849085083395681,0.004922558676242935,0.1234446661615306,0.14585112309118742,0.13670625915641293,0.07893466720633012,0.45741813498384815,0.264586626796735
820,820,34,0.00012085251454236106,0.00025699180723841243,0.003988028531346251,0.0024709100706060963,0.18544769244652023,0.31582350693336736,0.16452873311936855,0.10303137575240048,0.5388236251824042,0.3291985689511633
821,821,34,4.4338284891744156e-05,8.47943175858231e-05,0.0031357531860361203,0.0019948980761419384,0.06788750839255311,0.1276090659880017,0.12356289454242762,0.07908283497334664,0.41381816346855727,0.2650253853428376
822,822,34,0.0009345431974786741,0.0010797379758877366,0.014955263369141476,0.011195541688913868,0.3095007629462463,0.37704602845097335,0.2743969160844298,0.155593224368388,0.9184077929924516,0.5349976674731644
823,823,34,5.653724604278121e-05,0.00012242951765489222,0.0035058840979164574,0.002507726325535847,0.10866940641940079,0.17048601631846852,0.1650983651771265,0.10069264440878746,0.6000402490882313,0.39028624266247236
824,824,34,0.0002413171167812406,0.0004315422400844387,0.005537858866292107,0.004465625218155993,0.22747328422059687,0.3541579142858985,0.17447135071544087,0.13846575748583648,0.5633061238948036,0.49564780790685736
825,825,34,0.0015864396580328127,0.00252520978461903,0.014127113511409228,0.012719706102141912,0.7311698428272981,1.6709712045671274,0.2837102633955724,0.28417734033488823,1.0053730092066175,1.13272644301441
826,826,34,0.00031329764506688877,0.0003877154165752215,0.008727940532159717,0.007226882946544608,0.4208474429872106,0.5966175547343023,0.3125935980283162,0.2767485485756821,1.1427680047995903,1.031551789026702
827,827,34,0.00039437148622228587,0.00042379229472843245,0.008480725186767386,0.005125487700592221,0.2033435891259133,0.2379515139800406,0.18708636107690194,0.12147788214627984,0.6089149844997069,0.38953875705605795
828,828,34,0.0001759764990016693,0.000315790294799277,0.0051111278897973105,0.003655033377149929,0.12253809569622665,0.17119568208745514,0.14329099184011712,0.09458349578973924,0.4833328548599692,0.3240390767863827
829,829,34,0.00019383391704382922,0.0002442098514304509,0.005647754248724703,0.0036306259780241362,0.13301397421780756,0.1658788507328713,0.14635844747809804,0.09788256485477975,0.48520766987520103,0.32242178305839103
830,830,34,0.0002035893988171304,0.0002929051033546039,0.005113268514191184,0.0046449206512852595,0.12004178592606503,0.18794266604553003,0.12480699270963669,0.109805979462954,0.39674988082226587,0.3404862460980894
831,831,34,3.302422507879462e-05,5.9473715451741564e-05,0.003285241224255194,0.0022698808573419042,0.16158802473150632,0.27918579757545314,0.2318552293102531,0.1658011335911902,0.8561648713315234,0.6391867820190003
832,832,34,0.00012888048647308846,0.00024185382077395321,0.005015776136561352,0.004827394162125705,0.2851564242668888,0.4955900309577682,0.24332535847583237,0.22619767310972022,0.8391185223179705,0.7775119444075019
833,833,34,0.0005834330912155311,0.0017218823238774942,0.007220421306556091,0.010703329417083744,0.3644494799270486,1.1897913766334085,0.18631257083924377,0.2646197295674503,0.8150994644007262,1.250672902247807
834,834,34,0.00037836467301885664,0.000510525852604751,0.009885965185650788,0.008661451442799372,0.21619755817536154,0.3755224865294367,0.22867888831259572,0.2139378251135138,0.6847360703875037,0.6966963408757416
835,835,34,8.414914210461307e-05,0.00017976183631268904,0.0030069292115513235,0.0033964966381754363,0.06890444727511802,0.14094998315793342,0.09051453694701195,0.09227980051870624,0.31871845397879095,0.32778979510213657
836,836,34,0.0002129975444359268,0.0006677222838332729,0.0036005020126193654,0.005933440113334457,0.35599350067615676,1.4567664465219998,0.13216085447108045,0.26208555912428416,0.47605911729966893,0.9373204647638134
837,837,34,0.001045969150361677,0.0011365905026840142,0.014112452661399455,0.009770582535080414,0.25538788882412894,0.25994957627786547,0.22647579693618944,0.14912873932023693,0.8587818036184591,0.6056036627460963
838,838,34,2.8062147661705024e-05,4.394813159660809e-05,0.0026674698558909926,0.0018801184912186886,0.12142039773821392,0.2154704276824965,0.16989410186515136,0.1317208470978137,0.5418056823751506,0.42334286100681406
839,839,34,0.0011801620352985885,0.0007963368956397103,0.018043249900288442,0.006561626959126174,0.280332222361775,0.17806450908446117,0.27878106078680825,0.09669262806739479,0.8504404627224978,0.30334905444164323
840,840,34,0.00476781231803321,0.010622198145124427,0.017189223101869336,0.028284067625294215,0.424273080415065,1.0994838160294715,0.2585468909648411,0.24411176442048413,0.9268899139236001,1.099503225722654
841,841,34,7.492255398948841e-05,0.00016898343223644313,0.004140533113112564,0.0038370850057880485,0.11697593575124354,0.25619263669041936,0.16508344385553808,0.1482617634302654,0.6291127191746936,0.593166485917887
842,842,34,7.199961726869601e-05,0.00012551591996133395,0.004415068200186771,0.002227101436886692,0.07013607240172431,0.1251386668684295,0.13703227415680885,0.07007596967118258,0.5258389321320197,0.27649357376044376
843,843,34,0.0005213067424312398,0.0011587271686214055,0.0056817520731676585,0.005246044964411912,0.7005225253729698,1.9631249362726502,0.21095854986239881,0.19871991560481247,0.7305761089219767,0.65540257306148
844,844,34,2.8441186152443098e-05,4.569289767031454e-05,0.002751469030044973,0.0010910582263425669,0.09868891279706184,0.15993797475777324,0.1624927726738593,0.06448346348677304,0.6540225612766603,0.2653074690323136
845,845,34,0.0004001550368604298,0.0005181005677684582,0.005970007109948818,0.00427000501230323,0.20714781088891493,0.24138278652077533,0.14510075890404336,0.09285887833113021,0.5212962263647247,0.3577649238675026
846,846,34,0.00026593903676792467,0.00040070398279400924,0.00624015332227025,0.00421171410161514,0.1044222237473792,0.15533128396728307,0.12338711792493567,0.0840651695305016,0.415159115458236,0.2905814468945628
847,847,34,0.0003117634948787728,0.0005904100041869783,0.007227552130215746,0.005257619389760812,0.0912931674187455,0.15388197652418864,0.12788584642112255,0.08684015357883858,0.469528466463089,0.3225010271737135
848,848,34,0.0006033239680939861,0.0009279446446478947,0.009871483088799697,0.007345148745542765,0.3565578956485671,0.4910090428173154,0.23910792018560803,0.1679816940969232,0.7484711868798032,0.5964645147596299
849,849,34,0.0005024901554674323,0.0008185610000549316,0.008934711619718549,0.007418585864720971,0.16489393702324698,0.2672543235813291,0.16423045043997905,0.13020395503653134,0.48065261498970147,0.4009664929717581
850,850,34,0.00014531353196101758,0.00019798079689116487,0.005279211611623931,0.0032833265313470974,0.17725740048198907,0.2079298541525226,0.19758502141956022,0.10745947819585333,0.6229630693355027,0.32849288186503905
851,851,34,0.0006079825449138726,0.0007584087115838244,0.009382131910088527,0.007172167756603218,0.32941254802212555,0.5876591701860201,0.20232387774569147,0.12338700328279155,0.738461100441568,0.42725996564019464
852,852,34,5.3362646442799225e-06,2.018529298964471e-05,0.000798632565420121,0.0006946493322099314,0.05214373034473015,0.114505843552222,0.09340393718551188,0.08744903688163533,0.348306060056476,0.33039689153604246
853,853,34,1.2918430158910777e-05,3.583340720118461e-05,0.0013104790011900203,0.0016992597460509583,0.12556832399979398,0.41953609531756275,0.12161616663284161,0.18690707470189113,0.4223627895116806,0.6416561364653647
854,854,34,0.00030925209327559806,0.0010893158011890066,0.00608795096323935,0.005509677406166766,1.0890827400555068,4.569064682012996,0.31479296822320013,0.33668130235946014,0.9529470661107231,1.0656712638731645
855,855,34,0.00027010695413309804,0.0006957937796163462,0.0050054140310214065,0.00542037842615551,0.7844198676586316,2.8039863123522673,0.2645588838769233,0.3013362568543538,0.9166355264537475,1.0404947638254982
856,856,34,1.562302892043523e-05,4.314878529593948e-05,0.0014550500653807402,0.002026990897202027,0.06893877749269664,0.1556396536840262,0.1018941979855299,0.11608367045269011,0.3559258402708699,0.3960148170074263
857,857,34,0.00012978515414165687,0.0006974512146239642,0.0016450359347372262,0.002840575732610523,0.4947415977932157,2.6562016671728053,0.09936354210709825,0.17410863228798096,0.371321724179913,0.6693905959977823
858,858,34,5.268031717979979e-05,0.00011431642070235095,0.003432359392343856,0.0037934500008820564,0.1774872768779888,0.3667087036171363,0.20481541303589063,0.21691719218606384,0.8110831450013554,0.9254463550746835
859,859,34,0.0001700037333658683,0.0006422950036315472,0.004010226616040146,0.004967058486050568,0.47401891774429444,1.9221093094398043,0.19693596425521023,0.23841072521193837,0.7637230569825453,0.9590520154990676
860,860,34,0.00013360615059809788,0.0005138697264077799,0.003491612260832506,0.00259581618844091,0.6403223651132601,2.7770892468314585,0.21995105813531315,0.15129714919784681,0.7072598872815862,0.5023413535078569
861,OT,34,2.0125801270029007e-05,3.929954578383878e-05,0.002427002367125276,0.0013889564626248158,0.05988945914706325,0.13255356318787023,0.12997250916326747,0.07632907292056229,0.48375309258699417,0.28374712486428844
