user_id,user_name,windows,mse,std_mse,mae,std_mae,nmse,std_nmse,nmae,std_nmae,mase,std_mase
0,0,34,0.003447068086482913,0.0032197444989022863,0.03192466004368137,0.01115035570496736,0.7975339100641363,0.597800892067099,0.5369840799009099,0.14141612424989464,1.8758880776517532,0.5202281310079957
1,1,34,0.002098439681610805,0.001989663440868818,0.02761060788350947,0.009019263100933685,0.9042809934300535,0.7219125150217989,0.596021022866754,0.1763439445876975,2.1009995271177853,0.624665257812325
2,2,34,0.006673012942294864,0.0020447522644883413,0.07033803456408136,0.01077359146462406,1.007480444277034,0.3018331589195598,0.8625470838126015,0.12344255929438941,2.492491539786844,0.3585564856610089
3,3,34,0.0013415961379103143,0.000935141018493963,0.026280645774129557,0.00602706274425784,1.112937986412469,0.7851042358292906,0.7562046988922007,0.1989580568510258,2.2481668135699104,0.6501009318841672
4,4,34,0.0009821811271488994,0.0006916258871092678,0.020025151809129643,0.005871295254210103,0.7471123705892002,0.5147345043286895,0.5544637178673464,0.14974779772814698,2.081937141278211,0.615463908807794
5,5,34,0.004173313752022188,0.002626739699658843,0.04119875901104773,0.012641250064932691,0.9796136367846938,0.716735158367103,0.6257534167345833,0.1848782620723178,2.409495507969576,0.7382906535747934
6,6,34,0.0035002775377292626,0.001550696380194969,0.041190411347676724,0.008949658248091257,0.9539197166176403,0.43801677136432776,0.6794260468553094,0.14543982135456707,2.389065619777231,0.5118874320673995
7,7,34,0.0027705521702848595,0.0013726075583523252,0.03581870276042644,0.0072641002768721995,0.9799079938846476,0.6916210571623028,0.6622991114854813,0.15466559300177793,2.2456226033322952,0.5951240691780236
8,8,34,0.001637968563419931,0.0007070794594173065,0.03157871386364979,0.005775228567057745,0.9127935101004208,0.3395073225269274,0.7473798587041742,0.13615913982538316,2.6541559135212616,0.5520661449727324
9,9,34,0.008128737325451392,0.009315417772599938,0.05678597333676675,0.021447120409091837,0.8812635076396605,0.6777011458635397,0.6102138275609297,0.17673830760018677,1.6410731708302218,0.7502506585169029
10,10,34,0.0012006331997005926,0.0006010562555353959,0.02423640828141395,0.004798395752289678,1.060070728554445,0.6090082348789252,0.7145098956192241,0.16996910446259353,1.8594227257896871,0.4865793090845318
11,11,34,0.002276089111760752,0.00218919342955797,0.028526059844914603,0.01011129390079866,0.8023164868354797,0.5850845963046658,0.572522074860685,0.13921614604105534,1.9594790690085466,0.5419719238738435
12,12,34,0.0028595095808508202,0.0023689430052071603,0.03308049819486983,0.010413062058539592,1.379920899429742,1.4746391741520186,0.6979376270490534,0.28049681359772416,2.0503134341800915,0.9389181505158593
13,13,34,0.0013258915483568084,0.000593188368990673,0.026341893436277613,0.005517368425681455,0.9579031537560856,0.45451917944801334,0.7053412383093554,0.15450294528033084,2.339759479550754,0.5431898924278324
14,14,34,0.005179465440211489,0.0017229017758702973,0.05725833948920755,0.010215068500004114,0.9840077512404498,0.2837029707930559,0.792216444716734,0.12278668209589765,2.481037308188046,0.46304125234111665
15,15,34,0.0027246026250342015,0.0030457781950143175,0.03508659112541115,0.011863471883450705,1.3837293684482574,1.4626695441017572,0.8124398220987881,0.2493383022027244,2.246879619710586,0.6892916336784155
16,16,34,0.0006536151725894717,0.0003434099632008207,0.021177691681420103,0.006181823135504903,0.9227613815489937,0.29041206771283445,0.8203066324486452,0.14754190043995816,2.6131021099932052,0.5897580361410955
17,17,34,0.0032684831017190043,0.0019722066716031206,0.04175381258349208,0.011989084741230484,1.057228824671577,0.6381581096168019,0.7591261688400718,0.17844702930971776,2.1228626195122215,0.5877553010228583
18,18,34,0.000812107470290571,0.0002437511911676358,0.023057044867207024,0.0029751056357126713,0.9081151914947173,0.3179552247186283,0.7670833713868085,0.12250847691304474,2.8218063466689167,0.39334584035670184
19,19,34,0.004845083682619802,0.003946143456018608,0.038730896680670625,0.0140339790583221,1.0843809650224798,1.0146934992070162,0.5807398207047406,0.22041291327631793,2.0320866353371563,0.7859950899207659
20,20,34,0.0008398951356545748,0.00033247820649298236,0.02540972752167898,0.003955790668814347,0.9537198385771584,0.160320623172524,0.8678457947338328,0.08620336095925846,3.0494325792088226,0.34628940398998864
21,21,34,0.003271630299209124,0.0018604304191130068,0.04102202603483901,0.01134409325376682,0.8698069032500771,0.4193428307683472,0.6851701315711526,0.16308566659060872,1.8772520843674154,0.5548402905115609
22,22,34,0.0012867679410299066,0.000709132966009388,0.02653716575792607,0.0057689583850828756,1.0070391393759672,0.5437302552279376,0.7452581437195048,0.16170875948339333,2.6167057577301476,0.6086153857972755
23,23,34,0.005702789064825457,0.0014996214108206052,0.06532813597689657,0.008785322540577624,1.0326980001786177,0.2679606109425723,0.878167474971098,0.11067595405875666,2.6423774992718414,0.3836260126626436
24,24,34,0.004253675496917875,0.0034156532946784043,0.042014663272044235,0.013333052059058803,1.1551470322644009,0.9718724861738869,0.6994502895018634,0.20417124410404558,2.5065649046617398,0.8658591149992387
25,25,34,0.0030315791749778915,0.0012826191008819597,0.04072838451932458,0.007566235726098918,0.9130536703502431,0.41665323452762454,0.707631873733857,0.1459209060272934,2.046537188922658,0.5409844041085562
26,26,34,0.001871155100696556,0.0006814025346972805,0.0322337363682249,0.0056226602161744636,0.9236013863016578,0.33558550323180847,0.7165630082873737,0.11682461205153515,2.450351020869087,0.41564473390881135
27,27,34,0.005080514524118318,0.005443105247880829,0.04348426520386163,0.023267371303282953,1.450928451383815,1.1666178451493692,0.8060129013131646,0.21377675464946194,3.0679400458055386,0.8511667980747578
28,28,34,0.0012695410131367251,0.0006648213484910715,0.0291081721730092,0.006706748284505048,1.097496665575925,0.3883337014186219,0.8709227372618282,0.14100307553925265,2.817440863917856,0.7479259761310064
29,29,34,0.001034184222054832,0.001095855878452769,0.02090979353798663,0.007595003647052151,0.8146937066579566,0.5016491267292936,0.6468357470105676,0.2025492434935049,1.9978093890582813,0.7215604021660327
30,30,34,0.003221452795996276,0.0014317049972415242,0.04079251429613899,0.008979188113328037,0.944696357145029,0.3997974858788976,0.7004819459774915,0.14311875805010665,2.5384686519117916,0.5544624615793893
31,31,34,0.0034062782771584086,0.0015744032988632174,0.03993214825716089,0.007772543910487002,0.9664102424593533,0.37880866732315693,0.6817367480081671,0.11838710620699945,2.192804126178517,0.4049395471413909
32,32,34,0.0024660858017502025,0.0010281273539505867,0.036445001688073665,0.006426255877812606,0.9277029440683477,0.44265089216122405,0.704846145475612,0.1411487466896368,2.3813637740471783,0.4823122477143086
33,33,34,0.002369020812158637,0.0012276310731531841,0.03589096599641968,0.005693064640125116,0.9942589297014124,0.48355190829256167,0.7381723777336233,0.1180401605992436,2.1793489350992092,0.36994801774503333
34,34,34,0.0004192531679804875,0.00032203299022746126,0.01564474601079436,0.0033326671290771492,0.9167442698689068,0.6811491429610527,0.7324445571969537,0.17086643604801033,2.4642015590387234,0.5799544080557896
35,35,34,0.0008631928837584222,0.0011192879560764522,0.022975699976086617,0.003828518011124303,1.295688338139478,1.5738436991258353,0.8951016997589785,0.1644683564698301,3.2417722940444946,0.6876542822193459
36,36,34,0.00034483823058989774,9.363441430934998e-05,0.01634415630799006,0.0021498470985023355,0.9439154284841874,0.2031597534484508,0.8581736508537742,0.10125804526311333,2.9620132235919727,0.3807927507405999
37,37,34,0.0026847334777224154,0.0027910996552650996,0.03797957607928444,0.00901681001508864,1.3114294462344225,1.5209595033602168,0.8356777648715412,0.23596414448362427,2.7158508686458362,0.8304457572929399
38,38,34,0.0004042182062060901,0.0004392671985456743,0.015075165093602502,0.003984952415864315,1.140812842284932,1.2427772780426203,0.7969785832306918,0.21877831160803302,2.790884768261629,0.93966553440247
39,39,34,0.0007501664650215603,0.00011560422983084255,0.02452049754998263,0.002220114027636831,0.9728881699197433,0.14974469972236487,0.8830499929540297,0.07990435995645725,3.135405049604528,0.2826377144104897
40,40,34,0.000788245110443848,0.0004425512661140642,0.02122978734619477,0.005062991710844944,0.9157495130510891,0.4862079861183663,0.7292884623303133,0.1717466293700893,2.3169501739389755,0.6203924570068469
41,41,34,0.0028000578013769187,0.0018378996867948237,0.03546063432141262,0.010172587067712409,0.9397489993887789,0.6424040452855501,0.6490956167964375,0.180195629416849,2.478585997048546,0.7077805555868926
42,42,34,0.00047624574097640375,0.00011132439883469394,0.019233570981989887,0.0020944480413570225,0.9443594743223751,0.21110940983187582,0.8592622174936182,0.1163798980373195,3.1462073887095734,0.3738364227875014
43,43,34,0.00450444028041709,0.0036326877758112172,0.03978671193780268,0.014284977315117575,0.8731491539408179,0.7456034734661855,0.5513765592785442,0.19281496079917648,1.9617296106675093,0.7472861855630563
44,44,34,0.0011429132813217996,0.0009084057932921078,0.02505228284965543,0.011453486250550734,1.0721312568468206,0.43376463446585006,0.8403210569830502,0.14214203726856067,2.48409110658309,0.5332877328913666
45,45,34,0.004983633492991109,0.005816249342091811,0.043282132979263276,0.021292002540736394,1.3996898952652426,1.32707736223309,0.7460411401355967,0.3223461536169543,2.4248518347740173,1.054488595626822
46,46,34,0.0031830565216403235,0.003202490701951241,0.03675161576008096,0.01494291803601144,0.9473745432846686,0.45547059089680175,0.6997413451180738,0.1492515880574432,2.603619428241954,0.586922511311139
47,47,34,0.0025696930893258575,0.002469782771571077,0.03266588855973061,0.010160411928084432,0.8746454067089978,0.5621587741846088,0.6370000558740953,0.16348788461941055,2.1673074645154617,0.5939461983998814
48,48,34,0.001518460377530359,0.0006629690010306402,0.029447503168793285,0.005172886519131805,0.9691561828641331,0.36459539271679636,0.7535461064647225,0.1289032182844435,2.1406839034136604,0.4215546553126781
49,49,34,0.0017236896331750734,0.0006867526911352282,0.03433822046088822,0.005665937161089672,1.0492468949626474,0.3906264784328424,0.8495787522372078,0.14033200258614936,2.83968287005144,0.575215508827122
50,50,34,0.001382701881298357,0.0035550400263625074,0.021519409656962928,0.009509169286660306,2.242196352166288,6.855438444136747,0.8130376409081852,0.43713888104499815,2.695085455389584,1.4360310860752752
51,51,34,0.0006218621437095434,0.0003745586792909725,0.020593477632193005,0.003073589674026289,0.746898724752314,0.48071523753801143,0.7066344049047021,0.16323116247146288,2.5041238946073197,0.5895107178600573
52,52,34,0.003768237917136182,0.001375636065706053,0.04431052062222186,0.007167158996809554,0.9678706596879398,0.3579468184803249,0.7098177776617163,0.10719514311896666,1.9951443216379952,0.36409997883455036
53,53,34,0.0019019836493980086,0.003643311756669938,0.02375046500717016,0.01088752162933764,1.2210890510502983,1.3749306938037036,0.7551604859969195,0.22413208036485238,2.772384394617642,0.8288233463207387
54,54,34,0.0010007670635412283,0.0004368225718168375,0.02418574597686529,0.004910653550272242,1.0412072819821976,0.46748583219336615,0.7814456575057086,0.15840649702647608,2.286477299297557,0.5033313290967522
55,55,34,0.009464513784384026,0.0042483284309011,0.08339301551527836,0.020543444318929533,1.0584977006211,0.3097486720388545,0.8902784901506761,0.14975999710028326,2.617327598964467,0.47826132018502376
56,56,34,0.0028067412323948436,0.0016507979490728091,0.04192771324340035,0.011833403817177627,1.0631979397114586,0.5810431609685687,0.8146514243939343,0.19410220654265659,2.073270825778737,0.7197659564347654
57,57,34,0.0011290450672865571,0.001052029673074875,0.025240266312132862,0.006244294968373478,1.0124550076091992,0.5119073175747085,0.8025147967478808,0.1497088107747663,2.515942527967341,0.5421211278266671
58,58,34,0.0025701097774264567,0.0017707114136215672,0.033312450217850065,0.009489682085330178,0.9654724624227075,0.6679218415114188,0.6486597885103786,0.1855343948781895,2.24735588536543,0.6743708958366634
59,59,34,0.0009912438707782283,0.00024434237488589136,0.026251233730684307,0.0029050472758172284,1.0196373848354114,0.26055759390121275,0.8412249000633464,0.09703720583524779,3.138660199501935,0.4080301192931127
60,60,34,0.0015607750221319934,0.0006030381886482636,0.03097169884644887,0.004381906641493278,0.9697918225737179,0.3349040861637507,0.774920263711144,0.10763374191893944,2.6923967915422775,0.4764180355832327
61,61,34,0.0032584148301633403,0.0024857985827255167,0.03510388375862556,0.009726334146771471,0.8415240974110716,0.5426772643510186,0.5907584718045067,0.13806929741708238,1.9821036633323221,0.48650927717525566
62,62,34,0.0013212029229822185,0.000612622409634122,0.02890791601556189,0.004458833833700208,1.0275271955658407,0.32629561849679367,0.8235093565548167,0.12343012751366521,2.2048394504715416,0.5514833076493965
63,63,34,0.00237423852462705,0.0013746824575038734,0.03662381403367309,0.010317163002330687,0.9606350458720151,0.4066017730043795,0.758009168155053,0.15960174591016138,2.149926452075734,0.5421017025220732
64,64,34,0.003323015626793837,0.0021996915008929124,0.03850453905761242,0.010048425913042964,0.9073495093513938,0.590716042771768,0.6442180538878721,0.15912540927645327,2.1852217737366173,0.5588184694380937
65,65,34,0.000394323981120525,0.00022034602384393326,0.015465223148246022,0.0025265767496942264,0.9625573728014442,0.6354199702120134,0.7523081775973824,0.1738899190375883,2.585757143357221,0.6818747168110785
66,66,34,0.0014999782467973145,0.0008459048170192571,0.029626028831390774,0.007307572611711369,0.938898148782113,0.3925765560098576,0.7600417820846334,0.1364341145274098,2.4351682943456314,0.4915912240397489
67,67,34,0.0026974497955319855,0.0020863776155641803,0.03311980197973111,0.010507208500843518,0.7953453984330682,0.651179531962262,0.5676894012619468,0.18146420523010062,1.7893786956282223,0.5497517751338297
68,68,34,0.0009126621127292953,0.0003188285515924049,0.025231230154852655,0.005662059039074856,1.052522913498037,0.4154977822909941,0.8496633189565995,0.12260501900714688,3.0753753115149105,0.4164908595717309
69,69,34,0.007116671449586968,0.006446523871918891,0.0546060939976836,0.028240885240691967,1.4118289605659597,1.0334988539402998,0.8143956994309145,0.2718192337379779,2.751328976715312,1.0696467000259635
70,70,34,0.0007797366347136524,0.00047759794638899036,0.019123446963289204,0.004412999109965202,1.009503210292143,0.5772298975236716,0.7004157129456016,0.15815658082807738,2.1281652029822853,0.5223599082555362
71,71,34,0.0032653674990048304,0.0014697353303820102,0.041352779111441446,0.00843819312867883,0.9696415864369449,0.5867943924596083,0.7029954948846031,0.17500633609378807,2.3100199383847855,0.7116001145769567
72,72,34,0.0003448364389923346,6.839066998235342e-05,0.015594644006341696,0.0015714468851824777,0.9614436188164879,0.20807180947547302,0.8226203112041249,0.09020529789043347,3.0087882981580845,0.3926378639713944
73,73,34,0.0014567191953092867,0.000942439363851102,0.028728021281387878,0.008398593257150424,0.9889393825741375,0.5808673527369942,0.7675728990751154,0.18378143778029035,2.400164281620699,0.5753871004252142
74,74,34,0.001059418876085307,0.0008544254268083565,0.019932536682223573,0.007305500111151207,0.6762923243291238,0.5255249837845578,0.5086989271290162,0.1370698292781878,1.9306980020859663,0.5725081291679132
75,75,34,0.0014012033951824859,0.0012316434422671666,0.027224384905660853,0.008237640408126488,1.0167607244323282,0.9548642622386483,0.7373045393649269,0.21014213891495673,2.1176850655499626,0.6635979386170837
76,76,34,0.0033081503420629922,0.0017897155166408149,0.0389864124248133,0.00924372004721,0.9340362820555183,0.5056843541789933,0.652999081155833,0.16118195477188244,2.2291427149492153,0.5430573900062213
77,77,34,0.008751466178663951,0.003973427351317503,0.07036509912680178,0.015618024062139222,0.981823346194099,0.5160852535678738,0.739001601934433,0.1693820779241093,3.2224425708546356,0.736996501476476
78,78,34,0.0003057663737255258,0.00010353573004561577,0.013767961850937675,0.0018199499289709758,0.961333848974284,0.39051980719743545,0.7680835057707394,0.15265795812768604,2.6670208468156704,0.5544136215215778
79,79,34,0.0034388285164502173,0.0010347420511819384,0.047104635549818766,0.007114214098491878,1.0730668323881485,0.33842725762512454,0.832993779112311,0.1324934321450177,2.164774743949666,0.3704038798035046
80,80,34,0.00015917680545552524,4.1709378754151784e-05,0.010712078252040288,0.0010550853444510004,0.9938334673643112,0.26303593939781533,0.8460730752524208,0.09728410388136939,2.743438250878278,0.3620401219925757
81,81,34,0.002026351338238729,0.0012708885315275672,0.0306585124858162,0.00856046540577845,0.9112825753057704,0.577002798279599,0.6473897967268439,0.17487727427649308,2.2341814777430367,0.642758323556689
82,82,34,0.0013476110916064285,0.0005367259568446463,0.029319395256393096,0.005599809517748464,1.0433853478992687,0.353999044369335,0.8183349844287423,0.1407280795449079,2.224740273812238,0.4605912599888638
83,83,34,0.00032662785772973784,5.1340510120114335e-05,0.016003099352340486,0.0013928977859142167,0.930691650685142,0.18814696897150893,0.8534477738773122,0.10214558770195963,3.191490243462955,0.39029258241336334
84,84,34,0.0017600765585324123,0.0009563983805025522,0.029124130440108916,0.006886258811919706,0.8758006367613288,0.47527811702173,0.6543378453044331,0.15455707339627417,2.104093635783476,0.5283382713878438
85,85,34,0.0007655287969528752,0.0003495884017190553,0.022333629566299563,0.004383352830415516,0.9304851293563843,0.3439043348136706,0.7839399295694688,0.12474973604992746,2.3099849504583023,0.4936163141914761
86,86,34,0.003097893755800803,0.001430546908851513,0.03851956194814514,0.008102100780552254,0.9479368188801933,0.4164631580322621,0.6763149745324079,0.12750704175439823,2.3420926823335537,0.4990322135349576
87,87,34,0.0027969901634873275,0.001548304177403134,0.041044765973792356,0.00901130671452202,1.0760610699653625,0.5284169641586113,0.8151026333079618,0.16167245433142446,2.459220321739421,0.5599284479607067
88,88,34,0.0008653300011407255,0.00031701411994785423,0.024254061610383147,0.005138581360846503,0.9482913104926839,0.380517402719968,0.7987821242388558,0.1662258058114123,2.716774979058434,0.6168607917073943
89,89,34,0.0036925956219955184,0.003520655382796234,0.03727128910010352,0.012221479383434167,0.8535321346100639,0.5996900016505813,0.5959305132136625,0.14339279245429415,2.037052435033462,0.5484921255614534
90,90,34,0.002095731466611409,0.001042081074923106,0.03540333935662227,0.007032840240753252,0.995323847321903,0.39864395394965607,0.7857185742434334,0.13371148842540043,2.5916689248646008,0.4979699747366545
91,91,34,0.0009016564393224305,0.0004063509973274988,0.0240091903902152,0.004313405708590811,0.9644365047707277,0.3705809072709559,0.7906698233941022,0.1321438881883969,2.2290659161175,0.5513103962038637
92,92,34,0.00040644688124302775,5.16100137855362e-05,0.017996577052947355,0.0016035542637821418,0.9606553158339333,0.13904720528395864,0.8743264044032377,0.08610730743272817,3.201532812679515,0.35001096984125246
93,93,34,0.0060090480974930175,0.003188019761612828,0.05076769887305358,0.012328240482959081,0.9501474232358091,0.5763390070896567,0.633643826141077,0.16818074019917323,2.10503132203046,0.5722856244441537
94,94,34,0.0006065937264151324,0.0004838667074594315,0.015575878144077519,0.005329838184750789,0.793144134037635,0.5678665899012223,0.5671091921189252,0.1608756002370648,2.128771852044498,0.643201182467673
95,95,34,0.0037766355569200482,0.002723846518681607,0.04167450186522568,0.013476386335210054,0.983687541940633,0.6809677705978677,0.6819152218454024,0.1852722826424855,2.9014044088475845,0.8119318691802415
96,96,34,0.0017791285542497301,0.0012825254957952834,0.028071973034564185,0.007656858079977029,0.8578136309104807,0.5007556064504523,0.6326354154769112,0.13891156783007377,2.0165521292125477,0.48199038011523093
97,97,34,0.006858019474962288,0.005574427851379468,0.04935716700685375,0.017712637823197278,0.9462038598516408,0.8976937710390474,0.572386260418331,0.20757778352844367,2.3787776196704193,0.9484551207055834
98,98,34,0.005187677233205999,0.0028688198904197495,0.049525938270723116,0.012241343256256733,0.9242490310879314,0.4305686913327968,0.6638628542423248,0.1354092334479702,2.4822357296943665,0.5224875535757331
99,99,34,0.0007909991956480286,0.00050690196357599,0.02409534194671056,0.004036452618971644,1.108722267781987,0.765391414312447,0.8994646913865033,0.1655518518673732,3.1385166504803825,0.6279284772741638
100,100,34,0.0006472457873100854,0.00038187715942672625,0.0201851310865844,0.0038407027399348244,0.7988984295550514,0.38166713986095036,0.7236330544247347,0.17315271384570047,2.572496905046351,0.6295442712298736
101,101,34,0.0006496246993158231,9.842341647029274e-05,0.02214878918055226,0.0018090057671909044,0.982310884139117,0.17262216038910477,0.860391930622213,0.07869650382257563,3.330787553506739,0.31732117023215767
102,102,34,0.0005032519445247838,6.492904743460728e-05,0.01990807182429468,0.0015827277866745254,0.9547082290929907,0.2068195662356509,0.8630106273819419,0.10971688122227871,3.0604879996355843,0.41185466989839203
103,103,34,0.0005150949342778939,9.753163810145244e-05,0.01900781291153501,0.0024369018140750383,0.9307668691172319,0.2003583576625857,0.8079312882002663,0.11860079402287486,2.5136790415819954,0.4474291771914591
104,104,34,0.002235471687848022,0.0013973554409275816,0.03498947834048201,0.008138059686794194,0.968807585975703,0.5455903250012952,0.73982694569756,0.1564541539247565,2.4929762412520016,0.5650955393632315
105,105,34,0.002213304818724282,0.0012894229208148995,0.033404113450909365,0.009238394653661886,0.909275616354802,0.5219865350464389,0.6814972705700818,0.16631938329119597,2.1229396742932938,0.5996587515137547
106,106,34,0.0019228345087921137,0.0017944837057371512,0.030551540939246908,0.010194311116076092,1.0601416230201721,0.6041678582064648,0.7893393583157483,0.15153514879505878,2.7567687525468716,0.5565504627895652
107,107,34,0.002198137861662818,0.0007956223747593484,0.03426682817585328,0.005035297907593033,1.0633871905943926,0.36270674520257123,0.7550101227620069,0.1065150153842211,2.3056917716475094,0.33371276625404833
108,108,34,0.001864518939435263,0.0012156883650342835,0.030569817980422694,0.006553579420732548,1.0627891982302946,0.8268472889735614,0.7215286738732282,0.20494441294201923,2.012505794272703,0.6457582876766778
109,109,34,0.005629427299615653,0.005023297376624549,0.05091504977249047,0.01915663727214172,0.9727130944237989,0.6679702536884508,0.6836168748490951,0.18403313770484658,2.606051536167369,0.8099191554961725
110,110,34,0.0008010240776724566,0.0003748117391724979,0.022780964041457456,0.0045417013052295235,0.9349643097204321,0.4195090853387702,0.7837776909856236,0.17130462179352193,2.52740698000964,0.6575170117626591
111,111,34,0.000735216834822067,0.0007552168337715171,0.016630500061985326,0.00506430646306831,0.9338494399014641,0.965341958796488,0.5904170765596277,0.20294770854272765,1.8766299661468058,0.6468217572956094
112,112,34,0.0007204341775778791,0.0006845751303978198,0.019653826458927465,0.00447459884206845,1.187695165767389,0.7665607775382236,0.818162904066198,0.16677806734378797,2.5238616080845104,0.5228035935082505
113,113,34,0.00032280321423005425,0.0003672490847254653,0.013046232380849473,0.0029940002025894887,0.9424418614191168,0.2754309645435497,0.7777550658758949,0.10288717811334767,2.452630937099457,0.37401919981458837
114,114,34,0.0023082232467405606,0.0018616365537406964,0.028971252415110085,0.008911602064177248,1.0849680295761894,1.1739331945493727,0.6207282560713151,0.19011655207229408,2.1641741079442642,0.7242840662885563
115,115,34,0.0009990112431456939,0.0018678557355513224,0.022099551607799882,0.011585685438481715,1.3378040317226858,1.2752553571231273,0.9232457385343664,0.21504601114932423,3.264309623662163,0.9623378120385849
116,116,34,0.0017143680066938566,0.0009138789070713708,0.031516936005038375,0.006722437483928498,1.0039822897490334,0.6661636831664808,0.7548761744709576,0.2055992489218156,2.2428114624584423,0.7245458597239353
117,117,34,0.0003858005639973699,0.00019681009418876186,0.016822755966773805,0.004238431974954547,1.0083293739487142,0.29654491679864997,0.8758553441833047,0.13549297910192162,3.2401777856490193,0.5281411343851818
118,118,34,0.00031840493851204347,0.0004938116678626203,0.013472085352987051,0.0022441374750974646,1.3396252529586063,2.56489417534894,0.8325305046404109,0.2066100675788832,2.9087466457310844,0.6509013340972897
119,119,34,0.003228602311163045,0.0015206121499204619,0.04143999774447259,0.007616974023054474,0.9566171966931399,0.4664544063096714,0.7134131719084347,0.13416080807057484,1.9554694715668173,0.4572182397993146
120,120,34,0.0010773832122247446,0.0004827246966685053,0.023949718048029086,0.004882594569886185,0.9791112936594907,0.44873666362810805,0.7228673959479612,0.15278757030360507,2.285034144625944,0.5661086825098536
121,121,34,0.0016537035039886285,0.000983849870774412,0.02897145867566852,0.006536197304746891,0.9269355290076312,0.5123791802946354,0.6969194508650723,0.12906246116773176,1.9584921247818892,0.4205614749244528
122,122,34,0.002072893427205546,0.0010095210575421197,0.03500457031323629,0.006560211099814234,0.9403053592233097,0.4395144922053911,0.748339724891326,0.1395753341821667,2.416058873429018,0.5539241984005274
123,123,34,0.0034102925428134553,0.0015981424027664247,0.04278760463656748,0.007585550248268664,0.991427423322902,0.5002353146913704,0.7298332961166606,0.13665185281253056,2.180470091455123,0.488401692544477
124,124,34,0.0023983809583382133,0.0008121852229967858,0.040984614807016706,0.006981898109284192,0.9815052975626553,0.25062423723884064,0.8343388315509347,0.10998071010324129,2.5784633124575898,0.3741048683524958
125,125,34,0.0016240334781982442,0.0005746164063117004,0.031958227045834064,0.005680296738701006,1.0173320770263672,0.4300266791992792,0.7961720596341526,0.14622210004317868,2.3995215121437523,0.49593106642667306
126,126,34,0.0006897101201877162,0.00023100495239085033,0.020156668197801885,0.0035089076071587815,0.8958634909461526,0.4267901841421366,0.7166639180744395,0.14152407100838849,2.411773962133071,0.4830595803288103
127,127,34,0.0008578009531929103,0.0004248285070443182,0.024538706796353355,0.005538311456366774,0.9216347687384662,0.23690274588540966,0.8255531814168481,0.1138375196042674,2.4099516903652862,0.4484085735163187
128,128,34,0.0011891588493359879,0.001204878504160151,0.02140375944402288,0.005178069063820986,1.1340792135280722,1.1775583576403978,0.6861528228310978,0.22352605191657068,2.2728894913897797,0.7500083814140946
129,129,34,0.0006692311538191622,0.000297560190923126,0.02043389528989792,0.0029897898559805777,1.0166019762263578,0.613522379931685,0.7877915606779211,0.13790257452869636,2.8218842534457935,0.5295021556245508
130,130,34,0.004351323256474536,0.0023715360271416414,0.04813518364201574,0.013488636718455608,0.9017986265175483,0.44641202204114083,0.701835506979157,0.18321013992314125,2.4880789272925434,0.7962464897137235
131,131,34,0.002269199456992176,0.0024294350348504144,0.02981360656592776,0.01142519732647014,0.8705589381210944,0.8705913162980071,0.5875221894067877,0.21552224534364933,1.770108517478494,0.6897273987707422
132,132,34,0.0021078830331509165,0.0005808401641943464,0.03910683259806212,0.0057918088887663685,1.0583393275737762,0.2046845694093956,0.8801494889399585,0.10209924950382182,2.6868677489897785,0.3922676200082428
133,133,34,0.00548233454088297,0.004036379359623721,0.040247698424055296,0.012778655893050944,1.045482386561001,0.9187146939003138,0.5449759688447503,0.1851282100483099,1.8376865457086002,0.628075960486195
134,134,34,0.0007232822360546218,0.0010242742264263895,0.016142172903260765,0.005444552468251788,1.072199912413078,1.792132257781144,0.6641441399560255,0.22778100337482263,2.2464841376332676,0.8028881743153176
135,135,34,0.0047536954585024535,0.0014305255297356939,0.05484593966427971,0.0092576631683746,1.0185655478168936,0.30863206961698836,0.8031998574733734,0.13260588810325902,2.5315789229729595,0.4919853224870428
136,136,34,0.000660799848179415,0.00031317690456330823,0.02088531684678267,0.00479520587823345,1.1241937682909124,0.6656886956682927,0.8619041197440204,0.18890016739174081,3.1615897978053376,0.6694110547554287
137,137,34,0.0018420193587457214,0.0010753869940276558,0.029559376156505418,0.006381013486455769,0.9178119310561348,0.5692988341109082,0.6597859193296993,0.1510357879039263,2.1618553400039673,0.5478092150058635
138,138,34,0.004261895062347107,0.0014031439818241026,0.05363273390514009,0.009107687305223353,1.0449069238760893,0.37930279389821286,0.8393234347595888,0.15195272480621883,2.361236687968759,0.5787163379459367
139,139,34,0.003596670288756928,0.0018920717106389105,0.042625254787066406,0.010356443632855428,0.8908118588082931,0.5092044426612871,0.6694543072405983,0.16927944923181806,2.4819744194255158,0.6725906655966167
140,140,34,0.0006301456245744382,0.0002580814463519657,0.021481707993456545,0.0047118519352153075,0.9821632609647863,0.28293431877527037,0.859014712712344,0.12939894415065523,2.9369185426655937,0.6580856580014488
141,141,34,0.001577883167877136,0.000686579384308593,0.030530675204799455,0.0066643323747105,0.9589813667185166,0.4124123096540107,0.7542513766709495,0.15890166015140497,2.7193630232530484,0.6337217835422576
142,142,34,0.000960047693190384,0.0011269759833163744,0.022390412604984117,0.005768526684501339,1.1048990606385118,0.6100597525314464,0.8434279175365672,0.16624843465582642,3.116393240059123,0.4903903858080864
143,143,34,0.0005460394621717141,0.0005051060299889567,0.017889009980375275,0.0037835395198663425,1.0538399762967054,0.8142546150823857,0.7899339155239218,0.18395618301593072,2.7272205773521874,0.68969929876172
144,144,34,0.0019029923577738158,0.0008657301701250021,0.030566013856407476,0.0064809008458118125,0.8784643069786184,0.3497109616833436,0.6643435262581882,0.11818663098734099,2.1808667007614586,0.4145747318680716
145,145,34,0.0021372709940324594,0.0012985961799065779,0.03477736655622721,0.007915305063060303,0.8890475227552301,0.47197775603344244,0.7315803626004387,0.22199057195671007,2.4929886179811813,0.8199487412338781
146,146,34,0.0016981402740759008,0.001413885230753035,0.029554440749480444,0.00895530251302987,0.9904476421720841,0.5716757806724948,0.7396151721477509,0.1790495854126406,2.2088300585746765,0.6196910887850252
147,147,34,0.004124555075952017,0.003485615855047574,0.036595341639921945,0.012920468561973342,0.8157894887468394,0.5739799904764487,0.5476980682681588,0.14946519056219185,1.8707159827737248,0.5441233109460024
148,148,34,0.0013508119976476712,0.0006679368860686126,0.027646322460735544,0.004650472354127088,1.0128640085458755,0.4801936047389696,0.7567627184531268,0.14617945695863427,2.3139044958002426,0.5293426633313497
149,149,34,0.0026268046434886534,0.0011059027450907354,0.036200487767072284,0.00746499123762704,0.9271403524805518,0.37481240035021585,0.6811914382612004,0.12866079435502129,2.375201810808743,0.5071699162650124
150,150,34,0.004655559742412365,0.0021373084003863782,0.05025425871067187,0.00866467054222167,0.9509584693347707,0.5138381362451557,0.7114370544167126,0.1346352459340407,1.9637287855148315,0.40490700067709173
151,151,34,0.0016222232781514963,0.0008917088596153451,0.02906845844186404,0.005535555872705262,0.8026586323976517,0.34197375988174805,0.6591748253387564,0.11187849598343161,2.0831265730016373,0.40861491930309973
152,152,34,0.001812655509531717,0.0010247106031926053,0.03410459956263795,0.005999598452509331,1.0825563248466044,0.509550445542528,0.8409436520408181,0.127459648432739,2.5705410101834465,0.4620274807723819
153,153,34,0.0027619531816419434,0.0018717272737193253,0.034524031038231706,0.010602863444511845,1.2385685084497227,1.0730436704703457,0.7122813261607114,0.2551316938292368,2.0280312457505394,0.7490905520365531
154,154,34,0.0010439318524303792,0.000833360033764936,0.02085358213962001,0.006641674797217425,0.8996120104018379,0.5446476132109855,0.6288910499390434,0.14781962084140848,2.3346729699303124,0.5536037560135573
155,155,34,0.0007724805892554714,0.0003218775910670927,0.021467606126166442,0.0039556744277160025,1.0554954129106857,0.45333724398610553,0.7905699207502253,0.13897369876785387,2.5318475996746734,0.6026901143502439
156,156,34,0.0005403867267245112,0.0004488248851237921,0.016795927644981182,0.005536103717937875,0.9957296563421979,0.8610970632068391,0.7306198188487221,0.22228242597741346,2.3946463535813725,0.818272696133871
157,157,34,0.0037203548092614204,0.001312655494878767,0.04991728138616856,0.008140767020907233,0.995864987373352,0.3220732625737217,0.8199037646546083,0.1158130767120448,2.5122770386583664,0.39309576903773075
158,158,34,0.0019966089449179195,0.0012800381917138523,0.02729544832425959,0.006405332779682844,0.944215471691945,0.6047838587766475,0.6008152269265231,0.13971264473714626,1.8989677218829883,0.5001213066090168
159,159,34,0.0007481639263192739,0.00022867726984711727,0.022009375422973845,0.0032751733015521085,0.8784032972419963,0.31141926364355377,0.75160472620936,0.1432723520134649,2.6838892838534187,0.574840728044956
160,160,34,0.0037245975365615726,0.0023936565402140416,0.03655904005555546,0.010076744015925863,0.9741052494329565,0.6940821229416498,0.5879187110592338,0.1757300449399812,1.9633616419399487,0.6369070119399166
161,161,34,0.0035862395392648656,0.0028259459920255644,0.03708517178893089,0.01346989998700258,0.9234383193885579,0.7688372810545769,0.5917590909144458,0.20235641760164025,2.004811202778536,0.7623264573777757
162,162,34,0.0028753390241249956,0.0022986723648216905,0.035496329121729904,0.010315402101351227,1.1804887406966265,0.9475954757664496,0.7232372550403371,0.22869026942440782,2.389421224594116,0.8279556107357264
163,163,34,0.0019588726795251097,0.000921133774402443,0.03387939705349067,0.007332015669920384,1.0052719545714996,0.453879827124414,0.7742352433064404,0.15197607234854965,2.2537627185092255,0.5233031434797906
164,164,34,0.003364975536789964,0.0024763964756471957,0.04136422090232372,0.01769407254774958,0.9466506006086574,0.3453164950483758,0.7396322839400348,0.12832996154974635,1.9777863411342396,0.45292774896078103
165,165,34,0.0007559531308395569,0.0002185520153272788,0.023158627808751428,0.003230508224251793,1.006208805476918,0.3644376798041452,0.8416233036447974,0.12499085188157799,2.960312668014975,0.49270229340628535
166,166,34,0.001791299510788282,0.001024704255496826,0.029743480057839083,0.007521750029249867,0.9348891745595371,0.5104239418853577,0.6856071712339625,0.15285705658587379,2.406102822107427,0.5615558831249708
167,167,34,0.001143154429668999,0.0010228285481117666,0.025434765964746475,0.0064184804902026,1.2367637131144018,1.0830044918687514,0.8399259307805229,0.22630269142620632,2.6151824909098007,0.6943533303030375
168,168,34,0.004213772888761014,0.0030662503503145083,0.04371415456647382,0.015256673692006846,1.3284631914952223,1.3448877248161035,0.7900411556748783,0.2455881546280998,2.181872234624975,0.8195533716344885
169,169,34,0.0019129767452421434,0.0010736944459228636,0.028474080869380164,0.006404990791223522,0.9523740182904636,0.5395847263988672,0.6348089409225127,0.1517797526335772,1.8235261966200436,0.49019684618445397
170,170,34,0.0020152374730541315,0.004023548623898887,0.02635381431044901,0.011079679667272586,1.702563902911018,4.2650920531202745,0.7351249228505528,0.3550865991818721,2.339172328219694,1.098754842220876
171,171,34,0.0062246776240713455,0.002959571340901563,0.0601240842438796,0.014846130881617646,0.9804922973408419,0.45644006815109384,0.7543223360005546,0.15214218480647254,2.045025159330929,0.4638485869409604
172,172,34,0.0015467346169958439,0.0010721393854222507,0.02579343192936743,0.006336230135934661,0.9846696397837471,0.661734670772196,0.6512106586905086,0.17855525701381086,2.1470626031651214,0.6390582831241595
173,173,34,0.0014687253826516954,0.0002713873292240541,0.03322523492662346,0.0031167048870233047,1.0061763419824488,0.23114502688637545,0.8677555971285876,0.08396405667603268,3.2674190787708057,0.32221762104020163
174,174,34,0.0004206130853323403,0.0003316000806374076,0.01572728598052088,0.004915176710601442,1.1832102142712648,0.7166952821570477,0.8504523617379806,0.21159545140633151,2.7651885502478657,0.8863399469880883
175,175,34,0.0011520120272453984,0.000822341961869427,0.024149440612424824,0.006510179724013675,0.9024266381474102,0.6163247909761559,0.6841178028022542,0.1557426352964687,2.256316868697896,0.5528801393608183
176,176,34,0.0002791684797985534,3.430145901565003e-05,0.015030502834740807,0.0009792143748741824,0.9949193544247571,0.13602173108526838,0.896971632452572,0.0656884118745545,3.4347384817460003,0.22330931178890556
177,177,34,0.0028591807383824795,0.0015557669848088628,0.038158769883653694,0.0075007876699903706,0.8976480101837832,0.4042924844049152,0.6898746227516848,0.11181016374049772,1.9366866139804615,0.38173484961386117
178,178,34,0.0013518923010184046,0.0007845714681116473,0.02670396864414215,0.006534128621018868,0.9088226399000954,0.44419565503420966,0.708036052830079,0.17077303028949148,2.2715454487239612,0.6594533332324206
179,179,34,0.0005156380939297378,0.0003148523498219119,0.018826602300738588,0.0053998269904472805,1.1247848403804444,0.5479159214618547,0.891425106455298,0.21092058949687384,3.272917091846466,0.8221806123857597
180,180,34,0.008701028055785334,0.00562174962697927,0.06339505906490718,0.020135138867223533,0.9642097235602491,0.6844948162115296,0.6632900693837334,0.18154056124856152,2.7489773876526775,0.8002952437321667
181,183,34,0.0004414001955678139,0.00026532332009647735,0.01715578360702185,0.005400597561701741,0.9605820713674321,0.4172341378605742,0.8164389484068927,0.19427637271548764,2.8094241058125213,0.7137808631781549
182,184,34,0.000848395171273938,0.00018168248099448677,0.025343369856915054,0.0031637547107256085,0.9705511121188893,0.24443274353646177,0.8554898517973283,0.1221332097950822,3.288554773611181,0.5021164092070195
183,185,34,0.0030127714134697966,0.0019087678139998881,0.03599505646921256,0.009651443685013814,0.8939869079519721,0.5787460408277881,0.6272098921677646,0.15574351067766637,2.1258361725246204,0.5460267960087157
184,186,34,0.001572549860130119,0.0008440898421324594,0.03396391901461517,0.006420362432853039,1.0348038883770214,0.580383210355435,0.8697646540753982,0.17133203155640347,2.8646505580228916,0.6179889159970604
185,187,34,0.008333728037541732,0.005106437943465973,0.0579987791750361,0.018476495108786375,1.029279829824672,0.7182969826671437,0.6333615709753597,0.1787513090984791,2.785241894862231,0.784642930379694
186,188,34,0.0024787719431675643,0.00291566244136681,0.027119359686313307,0.009644923336941225,0.8719203800839537,0.7950541940833725,0.5618070118567523,0.17067473950617384,1.8232551848187166,0.5535132344475142
187,189,34,0.003847793664831175,0.003517466794973715,0.03587557775351931,0.014757089233170732,0.8735852083739113,0.6044385534795309,0.5703768475967295,0.16318806700069657,1.993855942698086,0.6184833644423161
188,190,34,0.0009784509705187863,0.0001967758621476761,0.027778533232562682,0.0030728384107929193,0.9810933803810793,0.22746631388232985,0.8783152261201073,0.11073020489761566,3.153387455379262,0.4187113308635487
189,191,34,0.0020182926433763523,0.0011750730805844087,0.03134804180658916,0.006161186174098815,0.8023007380611756,0.4021944761397515,0.6346646924229229,0.12324719679211645,1.9519875996253069,0.4533940210663239
190,192,34,0.0021695887741824504,0.001340948286161595,0.030963050256318906,0.007620722032187194,0.906672839732731,0.5104419194473778,0.6419657793115167,0.15237122636305295,2.1538985406651214,0.5231748429964121
191,193,34,0.0021065018603728864,0.0035923635961909927,0.02744947143775575,0.018836726320847402,1.022119172355708,0.7724004530900531,0.7535946088678697,0.2203417192007945,2.8752375104848076,0.9511595681642198
192,194,34,0.0029710169696687337,0.0011684081869371829,0.03951569115195204,0.007504315601952062,0.8824809307561201,0.2966119198800035,0.6852908949641621,0.10957964771051545,2.3758091050035812,0.45546271324691123
193,195,34,0.0029368407010812968,0.0016793753881953716,0.034808618564377815,0.008542489467543324,0.9075248184449533,0.5676907066570949,0.6075741701266345,0.1560295325413843,2.0829449892044067,0.5275194873025668
194,196,34,0.0036443628795335397,0.0017498913277741695,0.04445534500786487,0.011506979589696473,0.9541667892652399,0.38951200119340307,0.7296007705085418,0.12964123852645137,1.9168686971944922,0.4362332377021004
195,197,34,0.0005074801678454285,0.00038695002406180463,0.016521815922768676,0.003574025457751358,0.9253386180190479,0.430683045617909,0.7220715258051368,0.1813183487313869,2.8516499470261967,0.7038118363808675
196,198,34,0.0044420309628442145,0.0023394811900426292,0.04954165433916975,0.016043539365566847,0.9868144042351666,0.5091734327075937,0.7434989923939985,0.15819483824850647,2.1520356325542225,0.49308441503794354
197,199,34,0.0010105627820046399,0.0003808311529690601,0.02738939773510484,0.00533225912395306,1.0665474183419172,0.3828069813286265,0.8941356715034036,0.12478925935299161,3.0401229367536655,0.576281776562455
198,200,34,0.002827889912570005,0.0019407124511406886,0.036562897593659514,0.01019968952495307,0.8743527891004786,0.556770163886999,0.6485702255192924,0.16880734541163248,2.423840750666226,0.6981133094011313
199,201,34,0.0025985709097072042,0.0012596120411061584,0.03340894274194451,0.00793248990801476,0.9287243196192909,0.4914703164440915,0.6300896493827596,0.1534141217327309,2.25112244311501,0.5619081899567487
200,202,34,0.0025858190869364668,0.0007570891595575724,0.0400739681413945,0.005453543129588473,0.960519262973,0.289101152318139,0.7718187833533567,0.11062479388721462,2.4654477519147537,0.421075116603863
201,203,34,0.003244551206829355,0.002026056752095514,0.039793621639118475,0.010360479567829492,0.9611558695049847,0.7230005444750115,0.6764088606133181,0.21215810958719897,2.0992745441548966,0.7396632132825308
202,204,34,0.0009088070298329351,0.0005981105769167953,0.024308499578824815,0.006253663001709183,1.072324720375678,0.6106852244890708,0.8510801169802161,0.20725245788057733,3.064209885456983,0.7830861610586722
203,205,34,0.0005155161822639296,0.0001993878751764208,0.019905322395703372,0.003404727268332705,0.9338905302917256,0.3092917953728587,0.8498447642606848,0.12642427545643461,3.2401976655511295,0.4142465948803928
204,206,34,0.0012565372102578882,0.0006803839435328001,0.02499101861544392,0.005621567027193371,0.9863281381480834,0.502947933458326,0.7045790369019789,0.14866750316538088,2.074400747523588,0.5332138330404147
205,207,34,0.0011914055452079458,0.00042800850036415355,0.02748175595393952,0.004161955191172574,0.8826944740379558,0.31065039719412607,0.7493775855092442,0.11678618186394443,2.7016364336013794,0.46747001888505607
206,208,34,0.0013665749643491034,0.0011720256292776536,0.027614305891534862,0.00874014511111676,0.9203403302851845,0.651736521627051,0.7468378421138314,0.1971429877958427,2.4451813171891605,0.769227256038875
207,209,34,0.004107278696370914,0.002260506273504551,0.04491645579828935,0.012002171561662011,0.8903221715899075,0.43669957800921044,0.6669449709794101,0.15381721773539794,2.282200143617742,0.5266577869320895
208,210,34,0.001184414152008043,0.0005552812628290175,0.027741691344143712,0.004832011593219014,1.0224482986856909,0.4870498034590481,0.8187674546942991,0.16091958245198368,2.4932751410147724,0.5161458676280655
209,211,34,0.003122568205820725,0.0016725592537781908,0.03863809454966994,0.010486452445813477,0.9062099430490943,0.42198421495914856,0.6633893733515459,0.1467362452250089,2.074839900521671,0.5381026197841332
210,212,34,0.003488752617747249,0.0017221814406734395,0.04498752228477422,0.011164336133259907,0.9815234541893005,0.5046641483199932,0.7534374489503748,0.17039946859228353,2.4575650376432083,0.621555250409588
211,213,34,0.0015129079076680629,0.0005343139885754513,0.03141066037556704,0.005790528143511158,0.9254363433403128,0.3552296671769354,0.7751046769759234,0.15351488909214514,2.4700167705031,0.5228575112444637
212,214,34,0.000338917993598015,0.0003568971849535088,0.013046974069712794,0.0038542705040724773,0.9752563579994089,0.815648130109387,0.7188469022512436,0.21967573436606383,2.3050101785098804,0.7086922532998703
213,215,34,0.0005783083594424705,0.000637559550013735,0.01693506062249927,0.005973849792645425,1.0876587541664349,1.2310432987950426,0.7469805619295906,0.25066987374858907,2.361100838464849,0.9747710076448993
214,216,34,0.0032077791248037316,0.0019402493470805887,0.038642789182417536,0.008411406058732975,0.8203484608846552,0.4286265567956822,0.6330914059106041,0.11581163527426215,2.1471035340253044,0.44697299884694885
215,217,34,0.006068852247314199,0.004739613484333534,0.04899311646380845,0.014250456466246234,0.9482277473982643,0.7389565354328161,0.627552371691255,0.18089674488252805,2.078238175195806,0.6291413523791584
216,218,34,0.0005093078926780864,0.0003531312289784253,0.018476635628544232,0.0051613993918628925,1.1422309112899445,0.914794651632314,0.8717304888893577,0.18267099190144195,2.6905259384828457,0.582358728118448
217,219,34,0.007148329408236724,0.002446864383113738,0.07065879926085472,0.009830161447703555,0.9778362828142503,0.3744185122953333,0.8250259213587817,0.12410052779777765,2.4694909593638252,0.4432137323888248
218,220,34,0.003911040524732979,0.003215767227805135,0.037543252220048624,0.012900793762227289,0.7911730680395576,0.663284650125521,0.5382928751847323,0.186496247311886,2.0046179329647735,0.6374609896424377
219,221,34,0.0023421795460094206,0.0017271843418852479,0.03325590956956148,0.007334942333663109,0.7787671395960976,0.42522220173467834,0.6282975077629089,0.1087565961237499,1.9604933437179117,0.4035065636503615
220,222,34,0.002433241019710241,0.0011056455965824763,0.035637194509891904,0.006574840759472727,0.8925241678953171,0.3739231545010823,0.6871354387086981,0.1189544642710526,2.250896741362179,0.45026789482651486
221,223,34,0.0005525051468901117,0.00041246876717631,0.01769645736717126,0.0034941469188668724,0.9233504117411726,0.6228616063184556,0.7307869011864943,0.18766735693193787,2.4588324602912452,0.7105111671075128
222,224,34,0.000513956493437838,0.0004206291738159013,0.01628610272617901,0.003211087103596141,0.7996262881685706,0.37893531614647064,0.6796003764166552,0.14277372354545703,2.222991711953107,0.5322251450633101
223,225,34,0.005930273108841742,0.006182809372911203,0.04887211530962411,0.01931004184546407,0.9202757398871815,0.6733470257359705,0.6198502253083622,0.17478513733467574,1.8842252054635216,0.6845037085038189
224,226,34,0.003366456274199984,0.0029689699132409843,0.03565544155700242,0.016927247537482367,1.0729081529904814,0.9107612784992805,0.6472177338950774,0.2324224156429612,1.884254210135516,0.6306678928791779
225,227,34,0.0033139816112131536,0.0029627883558262995,0.035995056140510476,0.01088272310439092,1.1491295555058647,1.2030249330311735,0.6655223167994443,0.21008763169610353,1.9318501107832964,0.6484531612919291
226,228,34,0.0030746602252988585,0.003028829016489873,0.030278655344291645,0.011706511809969853,0.8557168604696498,0.805453774068717,0.5260099602096221,0.1952574235998678,1.9599840325467728,0.7277258946221531
227,229,34,0.005287487063255599,0.0027001578390964676,0.052975724177325476,0.01119687496162901,1.0005349297733868,0.6085085220923285,0.7234681064591688,0.15997641576549734,1.990090243956622,0.44318817573443187
228,230,34,0.009443451609352933,0.003123940976721377,0.07558471588965725,0.012892052743275319,1.0853330650750328,0.38614316227313045,0.8061417200986076,0.11722084492356478,2.758383466916926,0.47092363897807477
229,231,34,0.002504558031967677,0.0017799549509254658,0.035295678138294644,0.008037300712442734,1.0112640787573421,0.6644149112183781,0.7156768073053921,0.18122980141846573,2.449823418084313,0.6644109171916317
230,232,34,0.0007769823423586786,0.0003005252613551124,0.02020129654556513,0.003628441088470054,0.9118955727009213,0.42242625866271716,0.6850750165827134,0.14286034174710155,1.7869867892826305,0.44400834805558004
231,233,34,0.0021758264988688204,0.0017112199863804393,0.0293158259078422,0.011028892651222148,1.1509305716437452,0.9152021354167306,0.7108206293162178,0.24096689508917876,2.190414828412673,0.989816321340012
232,234,34,0.0023282748948344413,0.0011233763814735482,0.03706517130793894,0.00978758457047546,1.194911844590131,0.571713400055872,0.8310576554606942,0.2030911703093259,2.243076938040116,0.6365621713727544
233,235,34,0.003116481444414924,0.0017086634684202915,0.04135252847610151,0.009770668848815865,1.0869485297623802,0.6411854300653715,0.7739577556357664,0.1821935822109733,2.158734265495749,0.541457390444999
234,236,34,0.0017003821883597137,0.0008954394552026765,0.0297711285050301,0.006584849083795474,0.8871675975182477,0.4699586209937288,0.6808011575656778,0.15406118391343956,2.3001838642008163,0.5890599385511884
235,237,34,0.00038558932839591494,0.00019876693122058243,0.01559953936649596,0.001993942046548201,0.8551363357726265,0.2654058765026251,0.7489431290065541,0.11701239904222785,2.4375106481944813,0.3947276530864885
236,238,34,0.0011022992445813382,0.0005178623502376661,0.02613203353522455,0.0036157898304895494,0.915210065596244,0.572593061273404,0.7363069767461103,0.15165117760344188,2.0450271929011627,0.47175122222470717
237,239,34,0.002121551414294278,0.0008038651119297576,0.035905685440144115,0.005950009581371919,0.8849358251866173,0.3284996082450689,0.7362233610714183,0.11840733193993164,2.529047131538391,0.41851897057739296
238,240,34,0.0021165208651355524,0.0009399721527694805,0.03562436773277381,0.006599327832082953,0.9588696500834297,0.40527402913847066,0.7606696258572971,0.13498180620368339,2.391278301968294,0.5018817992540476
239,241,34,0.0030236564129796427,0.0031841316550084322,0.029471265371231473,0.011177418603214438,0.8078610883916125,0.6146927632241719,0.5376749845112071,0.14723070597787768,1.8776095018667334,0.5620864091131466
240,242,34,0.00223893258782268,0.0006967972239032456,0.03984430295360439,0.006092631590965038,0.9638346083023969,0.2702994462678393,0.8316183896625743,0.1118547311434658,2.726012847002815,0.44081240251252657
241,243,34,0.0019051445997320116,0.001135311533908985,0.03384229206644437,0.00912326785857442,0.9201748309766545,0.39956386486795176,0.76123626091901,0.13707277719373043,2.6946448227938484,0.5895842280827016
242,244,34,0.005066782092292081,0.006979336658363946,0.04195203686899999,0.024591360251370258,1.0391398582826643,1.2441776055325322,0.644127698505626,0.3102201795919936,2.5855495859594906,1.1941679162393912
243,245,34,0.002139349188998013,0.0012827066139964257,0.03131948482683476,0.007746222567399481,0.8263402033378097,0.41248002031808123,0.6301985435626086,0.12494995398854909,1.9036300638142754,0.47708092022533904
244,246,34,0.0029341257365612205,0.002432405739493729,0.03104147709467832,0.009690670937370544,1.0357751521994085,0.9226485715815329,0.5747423697920406,0.19640758308602677,1.8922406610320597,0.7651058282242331
245,247,34,0.003143356257008717,0.0009471893888981103,0.04524187584791113,0.007221248749918507,1.0515510159380295,0.31901080502624224,0.828875844969469,0.13325928768203607,2.171500002636629,0.3943684578409544
246,248,34,0.0011445193659336142,0.0012530741494943473,0.025252191240296644,0.012098133544801368,0.9913766138693866,0.29774483346695185,0.7931801361196181,0.1360913742617332,2.455745742601507,0.6844742806300438
247,249,34,0.005337483078405699,0.002255209846978234,0.05375709516160628,0.011138508122173728,0.9910905676729539,0.3951753853599849,0.7319057969486013,0.13094117169867434,2.5352927796980915,0.4648731386497589
248,250,34,0.003134813022745006,0.0010895244072553836,0.0420859753537704,0.0070797685024079834,0.9727620166890761,0.3331255897334176,0.7400499021305758,0.10842124238393218,2.4690370384384606,0.435245512811901
249,251,34,0.00229323300642564,0.002039677094069389,0.030227699645740146,0.00805150392720496,0.7446532039081349,0.4691836167581319,0.5758057534694672,0.1252741862376195,1.7862941201995401,0.4433707349750154
250,252,34,0.003253375875133583,0.0013499861789782732,0.04084893348900711,0.008484645025535796,0.9476445729241652,0.3627160867474955,0.6991797308711445,0.1246320291813384,2.508470381007475,0.4716861632997935
251,253,34,0.0018309737428995397,0.0008793384369233336,0.03175177994896384,0.007043377013457476,1.102925997446565,0.5498298648408255,0.7773177728933447,0.18088848111165468,2.138631761074066,0.5357541774743537
252,254,34,0.0008005944563431994,0.0004438642879108774,0.022766996777671224,0.005193940275585503,0.8849388720358119,0.40818839457976847,0.7719214102801155,0.19257654693109355,2.6681370840353122,0.7863503950672881
253,255,34,0.0010605102887733236,0.00033690130735995527,0.02735294248251354,0.0042560297305718085,0.9952053462757784,0.3244727157578762,0.8397535050616545,0.14260158319756688,2.5438982984598946,0.49430107332335743
254,256,34,0.0015476570372223197,0.00044613290026527733,0.03374446062918972,0.00407382992218425,0.9925742429845473,0.2869531068870802,0.8550748334211462,0.11024431931152609,3.0977852064020492,0.41552878403998494
255,257,34,0.0009230248029138345,0.0003230806932390496,0.02401793978231795,0.003238682160994514,0.955879106241114,0.31370048392951616,0.7773244556258706,0.11384816759740943,2.2153550281244168,0.4397071456425628
256,258,34,0.0006313682409681325,0.00043101552164174443,0.01952845721012529,0.004686484728959243,1.2888611923245823,0.9861760961952678,0.8723733565386604,0.25472083228955567,3.0578992577160107,0.9390125551583092
257,259,34,0.0026167373837190956,0.0018816688467664343,0.03040412555941764,0.008583183252888716,0.8993829602704329,0.5130306785456035,0.577866818098461,0.12305897324065405,1.7189388380331152,0.4188333950880791
258,260,34,0.0017770119422279736,0.0013087522745305051,0.0333456662209595,0.006350759681697081,1.073223937960232,0.7806194713766301,0.8195797923733207,0.1868741446502534,2.59655865500955,0.5366402689139139
259,261,34,0.0009574684398317271,0.00038634736566959225,0.02460437163929729,0.005096952646854999,0.9001525079502779,0.35840369688256113,0.7552796637310701,0.1555192499564579,2.322700230514302,0.4973319872859527
260,262,34,0.0024047937185969204,0.001258955634131132,0.03455432422239991,0.007901313630570523,0.8792819345698637,0.46366342532436006,0.6638788791263804,0.1544239512826571,2.233755283495959,0.5636753559857036
261,263,34,0.0017710403284153847,0.0018962072714646535,0.022276443182764685,0.008339747349293837,0.937003967078293,0.7246188035448027,0.5628431115080329,0.15462212427413483,1.9411170167081497,0.5711612509218237
262,264,34,0.003722388389766874,0.001750581511120017,0.044076337533838605,0.009806902955125922,0.9335720407612184,0.4266102966269347,0.6994605669203926,0.14332714760933662,2.0851558937745938,0.5027949101845002
263,265,34,0.00044559889134047003,0.00011454164882797054,0.017709254971979296,0.001799782164086405,0.9658674913294175,0.27481574985980656,0.8230018563130322,0.09354289257849083,2.7179696489782894,0.32329750003321217
264,266,34,0.0047500261982135914,0.002008494830056855,0.051705552703317476,0.010540084447083022,1.110759724588955,0.5090082901587429,0.7866326237426085,0.15424645543666857,2.262044997776256,0.41272262888808037
265,267,34,0.001018822316409034,0.00017259365083534131,0.02787256333976984,0.002759208272538506,0.9693832152030047,0.16425251942170013,0.8597560314571157,0.08512487497722637,3.117963019539328,0.3078060976898225
266,268,34,0.0014372417405384647,0.0010604552761937364,0.028162202030858573,0.007128425943097169,0.8513258274863748,0.5459763461735471,0.68599553844508,0.18326848164856413,2.162378917722141,0.6330649192869402
267,269,34,0.003540776634027305,0.0043683561100850464,0.03415965677841621,0.012538132033025158,1.4986852740540224,2.059593788513101,0.6960976088748259,0.28959779843468964,2.1840423520873573,0.8654865910966415
268,270,34,0.0031487314554397017,0.0019027686214892175,0.040572451865848375,0.012703048694459112,0.9560986213824328,0.4168283229015384,0.7280177053283242,0.13522661628961286,1.96996689193389,0.43277294222562696
269,271,34,0.0030669575618744336,0.001260040846048592,0.04238807355218074,0.006992920681613906,0.9699357502600726,0.40449992698072845,0.7536740127731772,0.1371887869247713,2.290287403499379,0.5101139413754667
270,272,34,0.000634830108645153,0.0001772573283716964,0.020949677783338463,0.0028592675240103295,0.96214539864484,0.28459751930997945,0.8149805051438949,0.11600902429709854,2.884368293425616,0.4182992808320332
271,273,34,0.007289146203273798,0.003605977950153147,0.06323390870409853,0.015782349375280783,0.9086518112350913,0.44612659648897607,0.709667336414842,0.15003473458569347,2.0125967930344975,0.4796322460998809
272,274,34,0.0030442799153902076,0.0015070830197347214,0.036789006170104534,0.008693497720007992,0.955861343180432,0.5057483787360725,0.6467930692083695,0.16338277496035003,2.361092886504005,0.603230226033251
273,275,34,0.0020735661177348126,0.0014917933785308676,0.030099815278149703,0.007887781527655834,0.8931620085940641,0.6055843419450422,0.6349993602317923,0.15576742525658463,2.0264283699147843,0.5272661533721815
274,276,34,0.001912054731613299,0.0012267946909501049,0.031073781387770876,0.009411611485868753,0.8802740858758197,0.6134352326456014,0.6654282887192333,0.19234192652830723,1.9780299908974592,0.6531793483345935
275,277,34,0.006438401154488982,0.004157284542188096,0.05264478417880395,0.01487312593020484,0.9427595589967335,0.6815363885373606,0.6292131508097929,0.18023472284708522,2.5328393192852245,0.7788418721860338
276,278,34,0.010552046443883549,0.004559596587128422,0.07626173952046562,0.014597651856675414,0.9760875272400239,0.5276567235958071,0.7239436165374868,0.15929643526968457,3.2216931791866528,0.6942027007427104
277,279,34,0.003913006449104561,0.0023983076126519137,0.04069030312273432,0.011623871005463093,1.0042448175304077,0.65712496971126,0.6496401692137999,0.1899342396531261,2.117388329085182,0.6491971609064512
278,280,34,0.0010106253475361668,0.00023099778035716507,0.02745090890675783,0.003473019662429035,1.0334722873042612,0.26117236097941865,0.8766202909104964,0.10816161684170032,3.339783044422374,0.4479150661377114
279,281,34,0.0006433516207514057,0.0003587013103131873,0.01956235710531473,0.005224309642990842,0.9675738504704308,0.6166723866395424,0.7546633131363812,0.1511292207323446,2.4572618568644806,0.5386471505400451
280,282,34,0.0018308988298539428,0.004626583856644633,0.017740889438701904,0.014700087708766331,1.3994456540574045,1.8050618334157231,0.7118451818823814,0.24889096127998742,2.713976306073806,1.089167397380231
281,283,34,0.001760288532001569,0.001125783230700887,0.030099246815285263,0.006854059731948891,1.1150141599423744,0.6477693583283687,0.7666172069661757,0.18584093809352328,2.4069020642953762,0.5738113024747179
282,284,34,0.0014790759177070439,0.001097400345076404,0.02677235346944893,0.007383675018515281,0.9949840307235718,0.7891054441651515,0.694520858280799,0.20199276508352473,2.1100896561847016,0.6370854616194906
283,285,34,0.00213960068889291,0.0014424516392154583,0.03556320794364985,0.010631254491810046,1.177136919077705,0.7534972538749013,0.8447967995615566,0.20111180424685413,2.737340871025534,0.6702495428547445
284,286,34,0.003210454419090906,0.0019037736502627062,0.04250973912284655,0.012595456725387137,1.0020845120444017,0.45714951315458857,0.7798555405700908,0.14715858561408823,2.2494786311598385,0.5851361592150177
285,287,34,0.0032753746696364354,0.001496722574730556,0.0419848544851822,0.008061958075215914,1.0096193534486435,0.4031587261856425,0.7435632400652942,0.1279134436235119,1.9092912849257975,0.390831849418727
286,288,34,0.003831717218203908,0.002586236459349486,0.04189635035307968,0.014543930428289695,0.9788171517498353,0.6082050839707565,0.6642613866749931,0.1750807720949274,2.0456468498005584,0.6120771619183254
287,289,34,0.006548530969987898,0.001700087438508391,0.06566619763479513,0.009083583778414289,0.9948570254971,0.26485435396039175,0.8089584112167358,0.10727159181824092,2.5747770141152775,0.4103309976512954
288,290,34,0.0030193633660126258,0.0008897847905131327,0.04193052917938022,0.005906390790643213,0.9937936488319846,0.3067999057132781,0.7603437357089099,0.11247268136441003,2.4704915916218475,0.4340890489433514
289,291,34,0.001792722545146449,0.0009014283343111618,0.02963630827691625,0.006529203470211494,0.8886374024783864,0.4172426219502094,0.6648031867602292,0.14033547501419727,2.4504605286261616,0.4820750863612526
290,292,34,0.002190329447758439,0.001411837850099355,0.03000060436041916,0.0076117378846905,0.8118047964046983,0.5309154844089374,0.5778223933542476,0.14406638515658912,1.98110992417616,0.5410998444236593
291,293,34,0.001754825547857977,0.00040023096293113685,0.036808215191259104,0.004187036731984529,1.0282368642442368,0.22238193577207602,0.891377552467234,0.08902924719703516,2.792024149614222,0.32983675492572284
292,294,34,0.004408224171664401,0.003928701272679049,0.03687236600500696,0.013049172573042108,0.7993523373323328,0.5708468885740708,0.5220060646533966,0.1438002767627046,1.7944355484317331,0.5306549259778268
293,295,34,0.002343988823293544,0.003380962633375074,0.029707584995776415,0.017244484653514303,1.3250120203284657,1.3097788615298014,0.8220321159152424,0.27094067218834683,2.5273572522051193,1.224086311803913
294,296,34,0.0026301390265443306,0.002035758654205397,0.03669465064783307,0.01198953995040595,1.1055378186352112,0.7231524640760447,0.7753778398036957,0.18112260567557253,2.7747955707942737,0.7303954765236708
295,297,34,0.003068177539663499,0.001639001773191084,0.03672512500163387,0.007926158919629571,0.923187767758089,0.40233514843958007,0.6477720860172721,0.11844388015091063,2.099735719316146,0.45036952434386773
296,298,34,0.0023413193121086806,0.0018066550027438903,0.034803844769211376,0.011006814401357761,1.1741726302048738,0.7683483820202215,0.7991925477981567,0.20037159850136316,2.1786039261256946,0.578867031970908
297,299,34,0.005452670122715919,0.0017753864666922414,0.058332262232023126,0.008602592320461186,0.9451901369235095,0.3192933444430555,0.7672076120096094,0.12749689888499952,2.006730977226706,0.39201855045146344
298,300,34,0.0009413725912214859,0.0006882919789918421,0.02584021061877994,0.005275556516251713,0.9742489430834266,0.2137565292544158,0.8658581831875969,0.09670583630521802,3.067811362883624,0.3449962155566642
299,301,34,0.0017539188351399977,0.0019004807406983151,0.030317864380776882,0.012690329229398787,1.0291490563574959,0.7401572212440762,0.7646881341934204,0.2219168040341214,2.6077776866800644,0.8844595477348995
300,302,34,0.00019075850714751354,1.801554965971182e-05,0.012500264764051227,0.0006818107878629033,1.0214578719700085,0.10330513610710011,0.9146397552069496,0.053884276184112685,3.330635302207049,0.19955946751035308
301,303,34,0.0016722937203560244,0.000865773715984877,0.03167656998095267,0.008668992180482806,0.9654005748384139,0.39408351172498574,0.7720531067427467,0.17699863005234437,2.352944987661698,0.5765319488293419
302,304,34,0.0044779468307216816,0.002998144964433741,0.04221776538692853,0.013566255585176984,0.9691514136160121,0.823362596032437,0.6044415629961911,0.20885513832010275,2.2895569170222565,0.8611219550324842
303,305,34,0.004457131164278561,0.00309551084506564,0.040320687845130175,0.015188404066553795,1.3561291742850752,0.8807963917518259,0.70696181584807,0.21750616832155345,1.8172865211963654,0.5705747280155928
304,306,34,0.001698637517299229,0.0012936074754790088,0.025754595723222282,0.008293585789873935,0.9889608586535734,0.9230640822630168,0.6051985928240944,0.202459038209159,2.4238963512813343,0.8786031336858289
305,307,34,0.0007977899885565206,0.0003219719226812312,0.024456767721430343,0.0056152960287517845,1.0012986958026886,0.3304164411126039,0.8744411687640583,0.1341675451406493,3.0628129103604484,0.6578358635412334
306,308,34,0.005389967416276169,0.002912442214058159,0.0466886195628082,0.01176739955752839,0.9091253276256954,0.5316809938484754,0.6027996916981304,0.15631553329407646,2.0500415212967815,0.5139994834638548
307,309,34,0.0006378129533807035,0.0003073937636555868,0.02130607425180428,0.00499102462657899,1.0560660555082209,0.41296638133297603,0.8792604470954222,0.15454740831491945,3.3694537387174717,0.5249796157176222
308,310,34,0.008187750333865337,0.004743548200759041,0.06243301763692323,0.014053486530613644,1.214410653009134,1.0296608899730428,0.7353307122693342,0.2041028740195521,2.1452398826094234,0.5675039887392512
309,311,34,0.0011551086097503738,0.0007489961728456533,0.02514410572236075,0.005546436581861926,0.7540532569674885,0.31867486109250814,0.6633549131014768,0.1140140952836644,1.9974257139598621,0.37138048633537685
310,312,34,0.005331259720739634,0.0013513657274268963,0.060460988651303685,0.00805317810900736,1.0255070986116634,0.33381390431781244,0.8354386897648082,0.14042481434501236,2.3395612204776093,0.49292387368308577
311,313,34,0.00134188771035577,0.0004933413983346466,0.028882646768846932,0.004160764538295003,0.9963504461681142,0.2958799708510458,0.7920946373659021,0.09891913056222959,2.726644309128032,0.45723270280376715
312,314,34,0.0034008538281983312,0.0022560963273531133,0.036941242376890254,0.012703140251219708,0.9408810835550813,0.5232276665681324,0.6544005318599588,0.14009541513714735,2.2366754623020397,0.620698632440115
313,315,34,0.0028702227795934852,0.0025920855092429235,0.030345380634945983,0.010267342452459855,1.0602390735464937,1.2459052774460573,0.5710521314074012,0.23186569458244824,1.874707043170929,0.7352386604619977
314,316,34,0.004468397069585454,0.0014284422194777028,0.052187705741209144,0.00798340355980085,0.9635874576428357,0.3647776133750746,0.7616775929927826,0.12227226715942746,2.053476158310385,0.37115432792226905
315,317,34,0.0030617065683198985,0.0018044500949174014,0.043439902639126074,0.010432756723458888,1.0526630676844542,0.4972004113966448,0.8278646398993099,0.16281437492303882,2.6431811136357926,0.6251814708361798
316,318,34,0.006766641129027395,0.0022131482318349057,0.06853188322309185,0.009597243316875337,0.9774342249421513,0.3816704509631309,0.8209753071560579,0.11111137726090786,2.3435146598254932,0.33850444392939555
317,319,34,0.0027464698924792603,0.0015410797613029687,0.037548727520248466,0.008382264158395155,0.9366479936768027,0.6780492256774983,0.6792263055548948,0.20454676852431464,2.4650804190074695,0.7753947866198523
318,320,34,0.005744972636046655,0.0026472866679486877,0.053832711871056,0.011955224613882513,0.9482409358024597,0.3915025983425133,0.6941168483565835,0.1267270371876259,2.5523551877807167,0.5145391687368395
319,321,34,0.0005665364716311588,0.0008276671386639961,0.018014018423855305,0.0034616345305061684,1.156165080035434,1.1729477995264919,0.8446130629848031,0.1908329014312883,3.006952892331516,0.6345161436639897
320,322,34,0.002979952295016333,0.0023977895156059624,0.028934056925423005,0.009256684641221665,1.0082052534117418,0.839640847369357,0.5456279524985481,0.16999137340058143,1.7049092159551733,0.579714275098596
321,323,34,0.0005516972326885854,0.000469076946779581,0.017067189287284717,0.005131245275055721,0.9421633753706428,0.691978140509156,0.7159342792104272,0.16969191979549775,2.5293347064186547,0.6773671670768066
322,324,34,0.004485199748374084,0.0019084226565417397,0.05001342745826525,0.010438179537867319,0.9376947274979424,0.44561308723995835,0.7197182038251091,0.14573649175817394,1.9403010782073526,0.4514818489641169
323,325,34,0.006437989170936977,0.002109370281183048,0.06425122357904911,0.013141197747299672,1.096709232119953,0.34739657265333884,0.8298554630840526,0.11195042771110436,2.875861735904918,0.4464227249910045
324,326,34,0.006901236333172111,0.0020697614643305122,0.06719349905410234,0.009870657238617901,0.9735552317955914,0.29631951976518567,0.7967115956194261,0.12381719936191715,2.0244703187662014,0.3826111382700707
325,327,34,0.0008727155731963541,0.0003436999561653819,0.025420120862476966,0.004592263006800569,1.0432274972691256,0.335115029874605,0.8828913148711709,0.14456765340872743,3.026536128100227,0.6111721497383507
326,328,34,0.004026099395773867,0.002109042087832166,0.04285509539220263,0.008871988802585488,1.0603204422137316,0.6726855457982069,0.6848928481340408,0.1680171226716561,2.5792203931247486,0.6772312733234471
327,329,34,0.004993757245007574,0.0024003678637143535,0.05555977310766192,0.014610060579968921,0.9847236249376746,0.3788637766583792,0.8008060630630044,0.1357116973056948,2.6426397106226753,0.4677073670499943
328,330,34,0.002284308828701101,0.001175107070811086,0.03633938773589976,0.007894893430107911,0.8927977462025249,0.4494475287118067,0.7209951386732214,0.15565037289540148,1.920601907898398,0.49499521738677327
329,331,34,0.002639343297821196,0.002003710015867559,0.03299794581663959,0.00936955568274166,0.8542693191591431,0.8279639858090161,0.5755056300584007,0.19791812622614668,1.68145690946018,0.593863821560737
330,332,34,0.0032048196444520727,0.003337299120708743,0.03324627081918366,0.013653149284956007,0.8202483921366579,0.5290067780744816,0.6177546101457932,0.24010979113824754,2.3048450596192303,0.8595956250072239
331,333,34,0.0010832916399094222,0.0005227265922668415,0.026108814951251533,0.00487793391133096,1.0240671845043408,0.4737194261742035,0.8059422969818115,0.14771925782127088,2.7661146381322075,0.5422895865284597
332,334,34,0.005832274848430911,0.0015032215578817513,0.06639922081547625,0.008758563828560459,0.9878873001126682,0.2610229997771614,0.8629578579874599,0.11229931612448331,2.496209144592285,0.353599848149153
333,335,34,0.001507714918047628,0.0007768335455408399,0.027035593109972337,0.005870226551698049,0.8607415732215432,0.47987707493977644,0.6438161800889408,0.15577214648846477,2.1001861446044026,0.5285392179450511
334,336,34,0.000462513901070719,0.00020147974577245512,0.01799904971438296,0.004163833262374247,0.9945261688793406,0.2729581052287245,0.8484045109328102,0.11672811058376148,2.6926042612861183,0.39863026034432153
335,337,34,0.0011903866269516155,0.0005631604449958578,0.02945109621128615,0.003971964902158602,1.013029194491751,0.42845674582511084,0.8601069292601418,0.14768104959681627,3.0101033098557415,0.45668538148107773
336,338,34,0.0024523060008719124,0.0011621567691795505,0.03654538577093797,0.006449106111412845,0.9108490417985355,0.4424692701521342,0.7078209922594183,0.1492567189699919,2.2290252622436073,0.5615591487784827
337,339,34,0.0033867651312475037,0.001652390691091084,0.041153850965201855,0.009986767775157538,1.0080928408047731,0.5249867037597399,0.7074832206263262,0.17015239172285335,2.771159087910372,0.6616668654461327
338,340,34,0.0008749884316999027,0.0002318604401710713,0.02479723862865392,0.002720994755877008,1.0494681421448202,0.47067159152432325,0.8502262374934029,0.15462776142957813,2.7029519151238834,0.49392235202264956
339,341,34,0.0006717577497885726,0.0007911770027789725,0.01827428914497004,0.004380244863785318,0.9466994772939121,0.29613109700323775,0.774123613448704,0.1292729465407614,2.781586699626025,0.5297378903397764
340,342,34,0.0029311827520894654,0.0014606355422469655,0.04075238574296236,0.009362985930800856,0.8679779005401275,0.433854650457143,0.701522081213839,0.16002340209978805,2.210446266567006,0.5664103489947176
341,343,34,0.0028648997300907094,0.0011990993025350852,0.041560156873482114,0.007410386310354772,0.9457831014605129,0.40584314521703224,0.7562473433859208,0.13715571970300677,2.6296392118229583,0.4859988916185689
342,344,34,0.003150010175030569,0.001732619223983721,0.040243725566303026,0.010019573930763496,0.9166758507490158,0.46378706568312256,0.6951497740605298,0.15783650016095074,2.1680282143985523,0.5230099246134741
343,345,34,0.0005189783508231973,0.00015863608587564937,0.020019549876451492,0.0032003741408985677,0.980341853464351,0.25831698653768825,0.8715342178064234,0.1222592399700563,3.0132750693489525,0.5623664985677387
344,346,34,0.0033448715043692466,0.0022043610026933587,0.039025480639846885,0.011179395265875634,0.9626201391220093,0.5645415765803475,0.6728885962682611,0.16500851225404836,2.3344723021282867,0.6143258249968607
345,347,34,0.0010192448535235599,0.00037868606824818487,0.02465865865130635,0.004533887152995265,0.999163386576316,0.415295613502373,0.7703400657457464,0.15340404912939162,2.740564356831943,0.716000547549211
346,348,34,0.0018819632224382505,0.0007319316436409954,0.036771775880718935,0.007211585540177533,0.9695611981784596,0.22025662560750214,0.8464637153288898,0.09831504447560015,2.839642387979171,0.40724415343246456
347,349,34,0.0009908840755302021,0.0004859497254644313,0.024558126378585312,0.004401542736422223,0.9049303365104339,0.556278870719258,0.7344611199463115,0.17225557388197893,2.455876911387724,0.5789267384882332
348,350,34,0.0038908320232568416,0.0019478838464947012,0.04361937929163961,0.010268732604414233,0.9936824589967728,0.4643487476853854,0.701139418517842,0.145144705697058,2.3375484382405,0.5518520307007021
349,351,34,0.002280312022776343,0.003391530795188989,0.029818577363210565,0.012150702777510647,1.5650905896635616,2.7173857150230196,0.7667172042762532,0.3391052721031793,2.7144748358165516,1.4722129402969582
350,352,34,0.005305436999632922,0.0026318840844550095,0.055023644119501114,0.015206683364295122,0.9392707321573707,0.4688661841509559,0.7390516750952777,0.15328708350791925,2.1589654999620773,0.49262728217946816
351,353,34,0.0026149452975968257,0.003100180374457431,0.02448906623484457,0.012758258052072835,1.6159702217315925,1.7869748143194752,0.6656606990624877,0.3056278925808982,2.3031213897116043,1.2955536886526735
352,354,34,0.004194996784088503,0.004207348066812745,0.02956783985171248,0.015480624729972968,1.5056334262823357,1.419431823033997,0.6011111153399243,0.25576442960697615,2.040709013448042,1.0438403497935005
353,355,34,0.0012714798640980221,0.0006907212776835369,0.026633047443978927,0.006009125114269869,0.8889451736913008,0.44772277951501915,0.7151159670423058,0.17676505566878895,2.3413728650878456,0.6778158075484461
354,356,34,0.0017870304898893023,0.0012989111512398356,0.03292910836856155,0.009995243852923016,0.9492620659225127,0.31687454681014626,0.8153783977031708,0.1492782538733713,2.7227589768521927,0.6888632894019316
355,357,34,0.0009735694620758295,0.0001076438152758834,0.027731337858473554,0.002379539602723354,0.9154298848965589,0.20396137346745757,0.8461040819392485,0.11844527315099183,3.1754930159624886,0.4185776114733007
356,358,34,0.000588054777301081,8.210027990639384e-05,0.021359277012593606,0.0016387840681617645,1.0520199887892778,0.17589781530267634,0.9028403566164129,0.08226045245351839,3.2856426309136784,0.40195964472959633
357,359,34,0.001972281271317864,0.0013698576253556893,0.030144873677807695,0.007320224609308768,1.2343215030782364,0.9853930522780175,0.7434802660170723,0.24005307927521843,2.4396571236498215,0.8963724120204268
358,360,34,0.001661058232831933,0.0006023407816083756,0.03334285587291507,0.006138037583356614,0.9837343920679653,0.37442049473786804,0.8100241703145644,0.15116993995358838,2.6657618108917687,0.5520723058443794
359,361,34,0.0011211881552727016,0.0008589262109491631,0.021788729793008638,0.0055039779223901636,0.8534810845466221,0.6567864162006624,0.6029783671393114,0.15026612544218843,1.977549104129567,0.5509471500416186
360,362,34,0.00078950342054561,0.00030195908646523024,0.022213870988172645,0.0038115210989954546,0.9281677323229173,0.2894939155424018,0.7670133587192086,0.1148243406071324,2.8026283979415894,0.44049921178679774
361,363,34,0.0030737731876262627,0.003239880108076905,0.03834856416591827,0.015652691849743217,1.0904077458031036,0.7296207394129797,0.7751495250884224,0.21583154419774417,2.547206026666305,0.8829796421791485
362,364,34,0.004753599367926226,0.0030380996555194714,0.04970231060596073,0.013434997842123542,0.8925156882580589,0.5533209927698142,0.6929708535180372,0.169700416084437,2.3540963460417355,0.6575753048194013
363,365,34,0.0010198709608041955,0.0004459162021477027,0.025613408973988366,0.0050807059156566655,1.0187858763863058,0.42275051270892894,0.8125002927639905,0.13726087582211832,2.710410069016849,0.5053447568345756
364,366,34,0.007819472007480833,0.004343941105028179,0.06222100490156342,0.020836194925496883,0.9855982599889531,0.4084809858301069,0.70721594813992,0.17110496105913303,2.2148763572468475,0.5628137450012642
365,367,34,0.0007328659438130938,0.0005557558718392053,0.01979184027432519,0.004243173653371178,0.9551361711586223,0.3627779881871642,0.7732557917342466,0.18278420411607782,2.5566141149576973,0.6836918541008226
366,368,34,0.00047901134658947256,0.0003800120358782834,0.015823493328164604,0.003422771117177643,0.9369654392494875,0.5684440072117433,0.714360805995324,0.17525000439750882,2.830053606454064,0.7124172893071284
367,369,34,0.002386397698394242,0.0017371725961861494,0.029664612375199795,0.009450217940505396,0.9625727383091169,0.72677794538788,0.5926571891588324,0.17897190815497763,2.273880762212417,0.7099873055170922
368,370,34,0.0007971094536889508,0.0017139645823979607,0.01825547541546471,0.0064640473220086555,2.1303971611401615,6.84906802266616,0.8332840896704617,0.4185737913722566,2.6645185351371765,1.4435322889143059
369,371,34,0.00044872164396699243,0.0003563287656473502,0.016440486535429955,0.005789004071979789,1.153427218689638,0.939842685057462,0.8378643244504929,0.22414174634221118,2.5321391610538257,0.7753596379352886
370,372,34,0.001094661291811944,0.00042800154544603026,0.026636567788527292,0.005222716951984861,0.912913153276724,0.3639598740011358,0.7692339192418491,0.153332243341279,2.4553072417483612,0.4967310397572196
371,373,34,0.0021419829307192497,0.0015020340086773177,0.02954590183627956,0.008422498021941222,0.7433487076093169,0.534873145984795,0.5492304659941617,0.14932708932613112,2.102155755547916,0.6136449139058904
372,374,34,0.0032934565336772185,0.0016563423028772917,0.040186352753902185,0.01030823941452838,0.9965721912243787,0.5320102862703371,0.6977767970632104,0.1693329894539753,2.678747191148646,0.6545459478292011
373,375,34,0.003464967560242204,0.001996904334360684,0.03989077578572666,0.010485916042319774,0.9360115427304717,0.5554862991262689,0.6613967690397712,0.17030795814598063,2.3613071546835056,0.6051083935813619
374,376,34,0.0018864517144667095,0.0009071177468161927,0.033614301506210774,0.00601153748686503,0.8875367071698693,0.3770746251948582,0.7339876434382271,0.13873176581597732,2.2687842705670525,0.5366906844614081
375,377,34,0.0012643727720441187,0.0007696549192436875,0.028555843540850806,0.007821877907907964,0.9544785513597376,0.32340529364285364,0.8091115706107196,0.17270628578322925,2.6418781561010025,0.6965757811920308
376,378,34,0.0017779636879876146,0.0013104522973502958,0.027276739532894948,0.007193745141685667,0.8241869991316515,0.47878983627138927,0.6112997900037205,0.13024546798500647,2.078211980707505,0.48355433099642725
377,379,34,0.002237623978597934,0.0013749074370285827,0.03131165322573746,0.00955791475137463,0.9118067512617392,0.5739734081714022,0.6437973450211918,0.167646096390321,1.779921359875623,0.55808470531319
378,380,34,0.0026708554428563837,0.003229316035927006,0.030894179444979217,0.01057431637047217,1.2352865864248836,1.6788773670196189,0.6642382618258981,0.2393648074026548,1.9645739653531242,0.793964505829734
379,381,34,0.002259106115054558,0.0008203045460423981,0.03843817717450507,0.007379670849710081,0.9939657414660734,0.4252678414701497,0.8036936083260704,0.1757716962791518,2.5652318421532128,0.5403157548874176
380,382,34,0.0028143552053199314,0.0015455764170855194,0.03490007181158837,0.007592722664199731,0.9145902246236801,0.5002809679283823,0.6339664047255236,0.1265128378931266,1.7290786084006815,0.41578508117831886
381,383,34,0.001045871782801388,0.0008740861138510122,0.02531665371840491,0.005963124587099729,1.049837564720827,0.7079926281928975,0.8167107061428183,0.17583985523134352,2.4720245003700256,0.6264450531726014
382,384,34,0.0037693965594585545,0.003401333721458029,0.034498936332323975,0.013791675383819786,1.0650330558419228,1.7123023498523766,0.5481604048434425,0.23670087375024115,2.041371250853819,0.9288383266596041
383,385,34,0.0012565603537950665,0.0009454292327691298,0.027168983538799426,0.006385017547560604,0.9344327905598808,0.3488123231004918,0.7824503218426424,0.14708398909310855,2.479646384716034,0.6540483537651139
384,386,34,0.0011050095944322973,0.0007682732196908238,0.02463547304710921,0.005113532490185617,1.0056683123111725,0.7076271910576852,0.7434559166431427,0.15592437222336902,2.4380518934305977,0.5650866105389591
385,387,34,0.005179650410461952,0.002967277138857733,0.04959399669485934,0.013672207919236155,1.068865699803128,0.8495089123260168,0.6985658775357639,0.22745954068224966,2.6729351176935086,0.8992069070073354
386,388,34,0.0009375604657928788,0.0009207983100401561,0.023387457737151313,0.007871568339672017,1.050524553831886,0.7619213426730934,0.8208762407302856,0.16717892721327995,2.87321144693038,0.6640501721412327
387,389,34,0.001055924417468144,0.001204117474476902,0.018163687166045692,0.0067289112576142795,0.743803974460153,0.9012101210164235,0.4963884984745699,0.15722410231940273,1.7616701616960413,0.5495871815382315
388,390,34,0.005340957497109604,0.002221254251892405,0.053956702132435405,0.011200778055506575,0.9298788852551404,0.3815947042124044,0.7123870043193593,0.1396092910612895,1.958712844287648,0.4536553387831018
389,391,34,0.005821806773704285,0.0043569846720763784,0.051890065044383794,0.0219193168085269,1.079127937555313,0.7305182930101585,0.7248442234361873,0.2536252516100559,2.0794754922389984,0.6950626470692921
390,392,34,0.0008284279568161925,0.00022332646649284247,0.02547644777223468,0.003731012919102706,1.0132992307052893,0.3441435261871669,0.8881886320955613,0.1774517326366215,3.199898537467508,0.5323995294297218
391,393,34,0.003095561934648739,0.0030422611126027965,0.029473017846398494,0.012390312616045175,0.7791645498398472,0.7351947354584584,0.4765317115713568,0.16880511476687396,1.8344057395177729,0.6732239863659915
392,394,34,0.00426582880455124,0.0030254641587157205,0.042553505093297535,0.011198608761433353,1.0237886647091192,0.8476602108104,0.6515490509131375,0.19644578754755707,2.5137592729400184,0.8245818655340638
393,395,34,0.004585947738686467,0.0031268276300898076,0.04354170036009129,0.012607881814898185,0.8880925292477888,0.6522573827786817,0.6008408981211045,0.17847317812126046,2.355294034761541,0.737786557701415
394,396,34,0.0006409690378110527,0.00033848024937888923,0.020059392020544586,0.003358432280861617,1.0652527966920067,0.6411466977693167,0.8156377804629943,0.1889164956167045,2.4827556645168976,0.6105510421503821
395,397,34,0.00844676943276735,0.004186965647823231,0.06791381987140459,0.016955784188802333,1.0190500757273506,0.5297904114180754,0.7404407438109902,0.16788968926484266,2.296679468715892,0.5794792426895176
396,398,34,0.003344548984280075,0.001878297985753734,0.036864372572916394,0.009370245799278018,0.8946258544045336,0.5249926623577269,0.6028519500704372,0.1503149713822335,2.1749494601698482,0.5778009774838329
397,399,34,0.004084469671772026,0.0018374282843414732,0.047451343606500065,0.010007439782450224,0.9351180563954746,0.3898684722713606,0.7210829713765312,0.13631172059064248,2.129929384764503,0.4711857156826498
398,400,34,0.0017849453938919503,0.003564379352110259,0.02088145194027354,0.011476787462552242,1.0819816510466969,1.1350286027365246,0.6031179217731252,0.23887587264851717,2.064747428192812,0.7897777877805646
399,401,34,0.003409747061703135,0.0016179712324021814,0.04276058691389421,0.008543773735999252,0.8977816394146751,0.4018466373432829,0.6988211624762591,0.14452235333616328,2.009959077133852,0.4901298936156809
400,402,34,0.006494282532538123,0.004435408570658184,0.057098728001994246,0.014874108086575463,0.8907519412391326,0.6681643236908086,0.6627669220461565,0.19074371474971452,1.9226580753045923,0.5524736037296797
401,403,34,0.004661157528650673,0.003342873161354269,0.040452935787684774,0.012532533033908642,0.9637576788663864,0.7336058838560922,0.5790582378120983,0.18332275553279562,2.2264385959681343,0.7351696853253832
402,404,34,0.003575410252190469,0.0018599842558237945,0.03979692443767015,0.009034836047193223,0.9253428280353546,0.5038154010658193,0.6408438717617708,0.14135921394928289,2.324488078846651,0.5424294219015745
403,405,34,0.0006295761037001605,0.0003352025281037325,0.02069603668197113,0.0028261385979575634,0.9211731070981306,0.33189947403442505,0.8037705333793864,0.12743946130446987,2.8110932497417225,0.46385674787964465
404,406,34,0.024937758578316253,0.010044711363310307,0.13512398324468555,0.027186689830261717,1.0404835071633844,0.4067455123031086,0.8723164884483113,0.15308150021834244,2.8135617270189175,0.5571014458590895
405,407,34,0.0006878083577783614,0.000667025541017921,0.016312498626682687,0.004579664811293488,1.0852227044456146,1.0686628526575506,0.6452357804074007,0.20599440424202575,2.133808013270883,0.7650003833368754
406,408,34,0.0006707630039754269,0.00023221996010907396,0.021728170323459542,0.002721364432502524,1.044968233389013,0.3296961097767931,0.8601535260677338,0.08863795893079497,2.6287363487131454,0.374000442111577
407,409,34,0.0022748501985059943,0.0007755474930221315,0.03761828575721558,0.006900547245816557,0.9711611726704765,0.3803154386195295,0.7740441876299241,0.15566063302363115,2.846026659011841,0.6439443759655984
408,410,34,0.0014879428987007808,0.0007879939892536041,0.028302316553890705,0.005638440745577184,0.9320572851335301,0.5116191167932767,0.7084380896652446,0.1459954886602735,2.311101874884437,0.535289385650378
409,411,34,0.0007501774679814629,0.0001260187545464586,0.024272362592027467,0.002808366000014923,0.9854400420890135,0.17716719556830196,0.8792653890217051,0.10460862298524158,3.019291414934046,0.3694276833016682
410,412,34,0.004310816776363508,0.002959273785301994,0.04560055709717905,0.011985531678866594,0.9046514840687022,0.5104083021307386,0.673255213043269,0.14934978476235786,2.1967461635084713,0.5521734748691344
411,413,34,0.012092176811112201,0.0061061503022921924,0.06974350595298935,0.016375384679320048,1.0450980737805367,0.9043223008992961,0.6219635150011849,0.17377830826710006,2.3581812872606167,0.7803527740019607
412,414,34,0.0006397501565515995,0.00034726873663096285,0.020943441537811476,0.004035907912771196,1.0960111127180212,0.6178649669534532,0.8659460211501402,0.1754456823858622,3.075039975783404,0.6600290110114696
413,415,34,0.0005554687223219149,0.0001517699025432987,0.019938734962659722,0.0030583819969927685,0.9847946622792412,0.22147019663190742,0.8425474131808561,0.10789988117203322,2.9102396263795742,0.4285228812224507
414,416,34,0.0027103381991550766,0.0017114650762277371,0.03682984839029172,0.008851815546197574,1.051889395889114,0.5583006581850416,0.7362469417207381,0.16386358907648305,2.6025213844635906,0.6105523690784442
415,417,34,0.0004116587797933094,0.00010268736426427177,0.016957540256793007,0.001965548496711585,1.0279221376952004,0.2881517574059048,0.8457296876346364,0.11003804504178492,2.893582827904645,0.3747094963981568
416,418,34,0.006737174168366063,0.005719403556258305,0.054416966734125334,0.02349689620632465,1.0914104155757849,0.9036752250222941,0.7090036746333627,0.2143233801760881,3.0670067808207344,0.9406528067352722
417,419,34,0.0020494024707552265,0.0004352723353549736,0.03986746839740697,0.004772309949155728,1.0027052514693315,0.1322572244066777,0.8842218974057365,0.07875213142798618,3.1434542852289535,0.3751828741057411
418,420,34,0.00388471207321238,0.002025967507036978,0.04164226391517064,0.010098899026796107,0.9178636056535384,0.4719783409351623,0.6432746324469062,0.14222843226799697,2.366967797279358,0.545905525018578
419,421,34,0.0025840963473242216,0.0023070477579977115,0.033235176740323794,0.011111629910193878,1.1921683821608038,1.0563851769791028,0.7235314311350093,0.23796770687216093,2.4746634854989895,0.8255455835997315
420,422,34,0.001665098682518446,0.0005445850878722937,0.03460815926904187,0.006750616451583974,1.0033432245254517,0.47634890246304545,0.8365381833385018,0.15030353822150244,2.648924519033993,0.5389856619532439
421,423,34,0.0014892971910954015,0.0018001703609252836,0.020705668858307248,0.009225937028169122,1.3288224431521751,2.4061457576390253,0.6277634852072772,0.2744520673955106,2.2328332101597503,0.9338194576612262
422,424,34,0.0026630854220403466,0.001944669381343758,0.030654877095538026,0.010316593738821453,0.9452751195606064,0.703901143355061,0.5790637030321009,0.18391238235895677,2.179293576408835,0.7199742222331883
423,425,34,0.001118616905039423,0.0008588396860571386,0.023986350717570853,0.010083704790402595,1.0275105518453262,0.6533118580794126,0.7521448345745311,0.19982178111813143,2.535937744028428,0.7654101788513827
424,426,34,0.0007471726952216533,0.0007507108019729664,0.018697264686445978,0.004120943747543808,1.048388799323755,1.3684739371476684,0.661483595476431,0.2389955483525334,2.029184674515444,0.7125376289620551
425,427,34,0.004256770514663966,0.0015430270311155346,0.05071634503410143,0.008931142127620745,0.9835133833043715,0.3542276670696138,0.7723232683013467,0.1273391744070473,2.500493799938875,0.48904761046897166
426,428,34,0.001186641097507056,0.0009452471350866186,0.024166700265863362,0.006251163725784324,0.7893531401367748,0.37705487461501197,0.6580035975750755,0.12142026620713693,2.0661616185132194,0.44991935500981545
427,429,34,0.002663536014391438,0.0009259189459879242,0.04112168034429059,0.007418690280918325,0.9300363370600868,0.35161315359759787,0.7666669172399184,0.14994039287788746,2.453578721074497,0.4646961246980179
428,430,34,0.006299383953720441,0.004839919933326975,0.047995687078903705,0.017468699667690563,0.9923261956256979,1.0315819255922887,0.587685177431387,0.20574868442602393,2.3210313425344578,0.8987221598490153
429,431,34,0.002517686889726011,0.001412653978282173,0.03458687991780393,0.007528597331044045,0.9546869169263279,0.5671445582832784,0.6771244415465523,0.17587669969725214,2.1802410763852738,0.6485233295556657
430,432,34,0.001667073750628761,0.0009400953232971232,0.02903056380284183,0.00698756978328223,0.8606462829253253,0.5606190405650138,0.6537173197549933,0.15188007869028222,2.113806465092827,0.4915577333419955
431,433,34,0.005342534144052907,0.003932860821732944,0.05020566109348746,0.018763482307330458,0.9911410019678228,0.531436208358906,0.7188060239833944,0.16320934142603863,1.9628519380793852,0.49726189587212977
432,434,34,0.0016274644551552175,0.0008574028330097804,0.0310087665258085,0.00419941366829153,1.0303263646714829,0.47997615642984953,0.7835577253033134,0.1059579396779643,2.3704094255671784,0.37283562515633245
433,435,34,0.0019828065860030405,0.0015730721369379306,0.030634012347196832,0.007916009341701944,0.788215741953429,0.4172700437255473,0.6429991985068602,0.16682141076699972,1.8663620177437277,0.5838101932116343
434,436,34,0.0020202017776147626,0.0014015616678352283,0.029000575051588172,0.007478403472935692,0.8754071566988441,0.5611113039314397,0.6173955386175829,0.14121163288972197,2.03643600730335,0.5105097796895599
435,437,34,0.002691847359528765,0.0015268964618375543,0.035490655778523755,0.007498243158851013,0.9125356249072972,0.4417242025498847,0.6674702255164876,0.12217323343612674,1.8229319909039665,0.4300398954579516
436,438,34,0.0006122693268801359,0.00015635092306807123,0.021239887375165436,0.002807515743284643,0.9411857417401146,0.2716027478519255,0.8317847050288144,0.1427479643364431,3.017536352662479,0.5088683469267574
437,439,34,0.0008237274712026941,0.0005954183833073167,0.022548818330773535,0.006702742720529753,1.0543756949550964,0.7775255928999372,0.8229207475395763,0.22855622728156288,2.609398799784043,0.7450248422467202
438,440,34,0.0009419618427808233,0.00024343853633634806,0.026706533068243193,0.0036982511579830646,1.0170188265688278,0.23528150938512662,0.8788206927916583,0.11099058376976789,3.432424952002133,0.4331130890394235
439,441,34,0.0006032143377096337,0.00020570633419370914,0.020284903126166147,0.002520125274878767,1.061584151843015,0.3952678971786372,0.8489065889049979,0.10526295235151797,3.019769079544965,0.39092479737153235
440,442,34,0.0025136169278994203,0.0011970339890560273,0.0340572210467037,0.008096856898963367,0.9538997516912573,0.5621376283621097,0.6551649491576588,0.16746007868630608,2.455731377882116,0.6517793202242197
441,443,34,0.0035250500693698138,0.001544574114433551,0.04398866573019939,0.008103362203864716,0.9541295898311278,0.4014948628751514,0.7233036107876721,0.12621345052699268,2.203147961812861,0.4356342348761602
442,444,34,0.0012897099573713016,0.0008035139783921222,0.024217515362097937,0.006523250561238276,0.9186811096527997,0.5193220356163388,0.6532267735284918,0.14905519271543885,2.4822176274131325,0.6189585879961959
443,445,34,0.004902626370655044,0.0027720080402626277,0.04578073591213016,0.012064267177037935,0.8785457010654842,0.5636409961115026,0.6127978896393496,0.17887125007505902,2.0238155442125656,0.6529341487378792
444,446,34,0.003889149527394158,0.002248606785075969,0.047040928976939005,0.014778244585916912,0.9972657561302185,0.4319578384599514,0.7789607346057892,0.16512163902384935,2.3003307230332317,0.5674939992761555
445,447,34,0.0022424660556305967,0.002429377913636686,0.030530529041938922,0.013778277254837665,0.7657482260290314,0.49906925987509926,0.6350204392391092,0.20503967594656147,2.0964201653704926,0.6504758680983372
446,448,34,0.005423711540917044,0.0026163874036523255,0.052929777323323136,0.012472022311567327,0.9613340514547685,0.5217110570994505,0.701452803085832,0.1654111149485921,2.4483021322418663,0.6732219924959625
447,449,34,0.0024092904581373338,0.004088205624765093,0.0277662233394735,0.012122385943834836,1.854167270309785,3.7940545277944406,0.7447218640762217,0.3558726669618536,2.2469792997135833,1.2670221421773662
448,450,34,0.0009466271713951274,0.0001473688472736007,0.02684637126238907,0.002465687452611161,1.0242074254681082,0.2109679490732645,0.8811826933832729,0.10280006191637288,3.0975645500070907,0.3979264250301827
449,451,34,0.0006802023751387263,0.00015832533328172783,0.02162557155551279,0.002030758485383493,0.970992344267228,0.3235921765324032,0.8110347758321201,0.11394286097992593,2.4403419003767124,0.4123106973420908
450,452,34,0.0023372734910534587,0.0016935047159390587,0.034562512300908566,0.010248913510009025,1.035718544441111,0.5693472806851412,0.7516031861305237,0.1505160137502615,2.6410476144622352,0.5625860475141029
451,453,34,0.0008819591877160265,0.000565302960410115,0.02410375469309442,0.0040517010228819424,0.8189989643938401,0.4448066895961704,0.738447954549509,0.14694250715134474,2.5071915563415077,0.5189661723936145
452,454,34,0.0011442083855132189,0.000587606591377703,0.024337908499600255,0.005180136107077228,0.8848684044445262,0.4770860211599415,0.6784384908045039,0.15570837756944353,2.3288499257143807,0.5456821438995069
453,455,34,0.0030731001529870007,0.0014839695647292169,0.036872944739811564,0.009366929532026133,0.9974243737318936,0.508011876861675,0.6620093356160557,0.16661556938422745,2.4816732792293323,0.6539549849781894
454,456,34,0.002211760133778786,0.0020843233741734734,0.029172035564175424,0.010718676454923134,0.8585812204024371,0.6430095484944773,0.5915705070776098,0.17777671061546652,2.1685134663301358,0.6986572196669225
455,457,34,0.0022568127178066574,0.002212821954014965,0.03692931670914678,0.015259451844068812,0.981234676697675,0.19726176070390186,0.8177091076093561,0.10508467021520831,2.590878689990324,0.40463564551832093
456,458,34,0.0027507692900732815,0.0017569776242604017,0.03592397184932933,0.008725304306655498,1.1135908856111414,0.6423763952958617,0.7314787314218634,0.18313422917495759,2.5462545647340664,0.6549799253719815
457,459,34,0.004232713103513508,0.0017814843022660295,0.045941240263774115,0.009395263529848274,0.9326575845479965,0.4054051797354113,0.6797100393211141,0.13485605654363278,2.495909382315243,0.5236735989265071
458,460,34,0.0034610841385609306,0.003086023205977814,0.0377241080517278,0.011604292749078433,1.111884054453934,1.0387149763723946,0.6852520818219465,0.22267816361659235,2.0058155533145454,0.6630245109306914
459,461,34,0.0038042849183137365,0.0018374612923290003,0.04431996538358576,0.009309596994352532,0.9424942197168574,0.5712303142668516,0.6897392299245385,0.17322378836816746,2.29492849111557,0.6927367222529219
460,462,34,0.00040184016217929586,0.00018091308065303893,0.015405639951281688,0.003190748753881625,0.967711378546322,0.39620606315464535,0.7662810507942649,0.12811262185585612,2.1283863327082466,0.4402268671801901
461,463,34,0.0026500131284325,0.0012277299223740672,0.035999120870495546,0.006986380063491685,1.076066906837856,1.0124428464397393,0.6977982678834129,0.21033898630037784,2.284918686922859,0.8530688695459845
462,464,34,0.001715166203211993,0.0009310448520909775,0.029865027350537917,0.005339866187029305,0.9404298330054564,0.5087627051237257,0.69773049214307,0.14847502205432234,2.0563202289973987,0.48250154765919073
463,465,34,0.001373042754815234,0.0009974990919969361,0.023924709681202385,0.005828657624940418,0.9514776170253754,0.4653574346409531,0.6453156874460333,0.12298126053245946,1.9242588421877693,0.43712409059723445
464,466,34,0.003144860640852986,0.0011665031468926664,0.04379190986647325,0.007486525796122908,0.9048947376363418,0.3354473045036506,0.7440959881333744,0.13115534363606984,2.1775105315096237,0.5078285384502231
465,467,34,0.0028435677796711818,0.0017625016911381939,0.03473594521774965,0.008821587660895502,0.8528639095671037,0.4731375896220264,0.61178479913403,0.13480523291715155,2.0105819000917324,0.48223657887558
466,468,34,0.0023972462222445756,0.0013640369250410903,0.034918624140760475,0.009154425896428833,0.9151639570208157,0.5061555834018008,0.6829145156285342,0.17069723764749753,2.3563403662513283,0.6221418644648944
467,469,34,0.0029769286013427466,0.001502836512040254,0.03701086528599262,0.007867195973553008,1.0336860400788925,0.4115021688490973,0.6970462667591432,0.13290227342113753,2.155543071382186,0.4350097873345931
468,470,34,0.008893084667814785,0.005386236314308992,0.060246961629566026,0.015269780738322102,0.9796544804292566,0.7027126736278766,0.6204694527037004,0.16798321568298608,2.3623170922784245,0.6297923246282892
469,471,34,0.0022172397927052397,0.0016434568526832113,0.0372070703545914,0.007648810654417109,0.9936395524179235,0.5886620545319408,0.7967264932744643,0.1486941051560828,2.497587701853584,0.4876866626709792
470,472,34,0.000593037754536935,0.0003968667038920333,0.01980852458954734,0.006029430724725791,0.9955270325436312,0.17147083639844235,0.8498961995629704,0.09817721510260038,2.642472761518815,0.4015697180328872
471,473,34,0.006869866848265862,0.002309582922471626,0.06258284190998357,0.010807969308712766,1.005436643081553,0.3192033786349287,0.7580201468046974,0.11992541898705955,2.6157065910451553,0.4543610058399596
472,474,34,0.0009564829533166416,0.00040429006359825136,0.023453986381783205,0.004034302276534156,0.929289831834681,0.42725038826282496,0.7303445058710435,0.12906121757444805,2.258256154901841,0.46538172610194667
473,475,34,0.008031809325877796,0.0035108112186452655,0.07232326510197976,0.01750810286082453,1.059653830002336,0.33146162712940724,0.8358189568800085,0.14135202306390232,2.4650840583969567,0.42546130489322526
474,476,34,0.002780559943536954,0.003925217300385861,0.036256442996947205,0.010585454400536123,1.4314408600330353,1.8821672123306952,0.8345291351570803,0.2485042331123719,2.616444962866166,0.8414191685134773
475,477,34,0.0034718047570683717,0.0024122030595731445,0.040988213492228705,0.012469116836502914,1.0402082239880281,0.7447596366087658,0.7142792335327934,0.1836345174315952,2.0188194232828476,0.5200898508012449
476,478,34,0.005672598285052706,0.0013525461950599233,0.06248081267318305,0.007854102528006368,0.9519001841545105,0.2284850441615966,0.8093064918237574,0.10331246022765588,2.3954037638271557,0.377340196144195
477,479,34,0.0024205632679000057,0.0008617400559963663,0.03756223460111548,0.0061327933782155085,0.9473863208995146,0.31928156923977263,0.744988367838018,0.11843268937079207,2.5249647112453686,0.49258153494068163
478,480,34,0.0010298901538857643,0.0009274255971310025,0.020581251667702898,0.005466326572218362,0.7619963560034247,0.44107765938688087,0.6005310836960288,0.13765160684733857,1.9053898418650907,0.46107995832694887
479,481,34,0.000668614442795789,0.00034508920850361555,0.019669190268306172,0.004154181472788009,0.8632000658441993,0.3496445598554607,0.7192395206759957,0.13205229296090468,2.2984102964401245,0.4766409156047531
480,482,34,0.0003021289868389859,6.92922063028314e-05,0.014653649619396995,0.0016269249132427092,0.9437556109007668,0.11595658615837509,0.8231522458441117,0.06125945262886968,2.9678776334313786,0.259836953432106
481,483,34,0.00368526391856208,0.001684126928238707,0.04283037924152963,0.009811034021322142,0.9419349984211081,0.38919265208350035,0.6919123889768825,0.13012985986162678,2.606868361725527,0.5373093219439594
482,484,34,0.0009603599473313592,0.00020760507907587218,0.02712391530547072,0.0033137963069475437,0.9705142343745512,0.23326923790425574,0.8613515356007744,0.11601877180284527,2.955388398731456,0.41802507098414043
483,485,34,0.0006482261643909357,0.0004570103487753075,0.01906135574202327,0.005307359935897615,0.8101571417030167,0.5420746486486248,0.680179337368292,0.19270359245780622,2.218014212215648,0.6222082380565445
484,486,34,0.00031702064220820935,7.211212304069134e-05,0.015745093333808816,0.001645818247026189,1.0231966972351074,0.32420991002751426,0.8904694073340472,0.1253176788808947,2.737948435194352,0.4193810877856749
485,487,34,0.0007034203248194364,0.00014608882652323964,0.023157904390245676,0.003311358044611163,0.9595616547500386,0.1936004899119916,0.8554447749081779,0.11719903322723242,2.8297827559358932,0.400437565816201
486,488,34,0.0006159199239097207,0.000109363236393647,0.021712601568330738,0.0027682765019405213,0.9504487567088183,0.18215457926828413,0.852303056155934,0.1112834572030726,3.1689721626393936,0.4408343909367537
487,489,34,0.003097718201495488,0.0015305072902362493,0.04071993912186693,0.009590559751506302,0.8638800768291249,0.417303865536351,0.6804155391805312,0.1578395879374148,2.0966042700935814,0.5035362702006284
488,490,34,0.001775519716936876,0.0009340225940335803,0.03228163521955995,0.006951407230686458,0.9100868964896482,0.4704537096540983,0.7346956388038748,0.17726719339379862,2.1341627205119416,0.5950996706750687
489,491,34,0.0007198902141467176,0.0003570669544552599,0.022285613943548763,0.003558495568541729,0.836193405530032,0.43955197169091736,0.7563297643381006,0.1534228228434537,2.5513202092226814,0.5706766435091168
490,492,34,0.00020026027307133465,9.893990612909081e-05,0.012276364983442952,0.003004329211399177,0.9822716485051548,0.36279848038420087,0.8689272175816929,0.1497596028069992,2.856315444497501,0.6213005924180938
491,493,34,0.001958255043171127,0.002967573325778794,0.03181630767443601,0.008303003244498718,1.1081075799815796,1.3251495984870965,0.7805950431262746,0.18289576259779208,2.4102139087284313,0.5672721263440884
492,494,34,0.004355837109923253,0.0023989239550914567,0.04646583520533407,0.012030549859642928,0.8794270508429584,0.48003654117895833,0.6612040908897624,0.16340645925391828,2.036542061497183,0.5077843290696353
493,495,34,0.00035967835762729756,7.940522893394804e-05,0.01643802924081683,0.0019324096202638632,1.0047636286300772,0.33505224957112834,0.8615953282398336,0.1553883227723036,2.854956444572,0.50370515035642
494,496,34,0.00037087543066317103,0.00014002822331956005,0.016754946370116052,0.0026302082691479546,0.9509291596272412,0.15756770129173317,0.8598996541079353,0.10000486419570635,3.149311058661517,0.5102189327610975
495,497,34,0.0038182344287633896,0.0017675257604351745,0.0440327756873825,0.009223756365692273,1.0009865103399052,0.44899458496718236,0.7154032780843622,0.14833111369153562,2.606445007464465,0.6313261497022485
496,498,34,0.0007512209883904742,0.00032388541891653167,0.023575125974329078,0.0042501821284238375,1.0044698434717514,0.33100360127355793,0.8690407907261568,0.12152690445697104,3.0621153536964867,0.4417303703996537
497,499,34,0.0012446151299895171,0.0005059926511515443,0.03001294279580607,0.00405254575184882,1.0043997571748846,0.38372917837911324,0.8529889601118424,0.1420820447774766,2.9930919759413777,0.4514592934420488
498,500,34,0.0013492508228142362,0.0015886190891030415,0.022808777223176816,0.00998583738499655,1.3770040720701218,2.266312079640554,0.7427434956326204,0.2987252001541193,2.6179066826315487,1.3806609611213705
499,501,34,0.0003906568779390963,0.0002417194192536544,0.01623179588247748,0.004579718773755753,0.8922531797605402,0.23336992271080456,0.8115040063858032,0.1121609147716194,2.6077368645107044,0.5504780416372957
500,502,34,0.0019138676614281448,0.0003378309280745385,0.03810722085044665,0.0037839996824377445,0.9983360925141502,0.18946208835644693,0.8700871046851663,0.09496584343666153,3.0476085087832283,0.33715079440365103
501,503,34,0.001400865204820601,0.0013534626376809592,0.019355184919036487,0.008084766568265369,1.0705986005418442,0.9683008202330493,0.5430642506655525,0.19966078990354158,1.6625877461012672,0.6402565114028369
502,504,34,0.0003164763971546884,0.0001074687944171101,0.014839295243077418,0.0022217377051238804,1.0095804666771608,0.3883902451695099,0.8383204481180977,0.13218497067336138,2.5952626922551323,0.42063289791428415
503,505,34,0.0009400309649850789,0.0014218084304127806,0.01831847196444869,0.007776913321321933,1.12861978175009,1.4173985431323604,0.6928700094713884,0.24540886612100152,2.215264692026026,0.7466858623945064
504,506,34,0.00039409728025716236,0.00013490431395984308,0.016594288158504403,0.0016629612530104317,0.997231959420092,0.43617815296479356,0.8292820926974801,0.1241679519375074,2.747656163047342,0.5307535792173114
505,507,34,0.00028244512256659455,0.0001972961473530705,0.013391978463486713,0.0037771848414053055,1.0398845988161423,0.5243948593234573,0.8354224457460291,0.1420668328619551,2.728640591397005,0.6012648950876046
506,508,34,0.00382153331884183,0.0037550217481415213,0.03870626166462898,0.01686090765583331,1.4035267645821852,1.8118817134324599,0.714723239050192,0.31975011755166366,2.7905552246991325,1.2214380683432613
507,509,34,0.0005251935696886742,0.0002884840990660465,0.019241920836708126,0.0020239260736092915,1.0037730704335606,0.4741886628089015,0.8456867284634534,0.11902260547855315,2.8960125972242916,0.4303074800983777
508,510,34,0.00044982890754267024,0.00023985272075880882,0.017645042033537346,0.0051650887064642464,1.0386396085514742,0.3835943160039708,0.8662325827514424,0.14489991386040968,3.104630214326522,0.6701636217371055
509,511,34,0.0006549148803220733,0.00038760557798184024,0.021428721902125022,0.0023220106089187273,1.0197429534266977,0.508746998292309,0.8516775036559385,0.11634173615826948,2.9086566181743847,0.39726982933060967
510,512,34,0.0007999890628578963,0.001416939510394339,0.015591942691518104,0.00925533349525848,1.9057945582796545,3.8570548679143513,0.8031937260838116,0.3585889619621098,2.6599195143755745,1.078011228468886
511,513,34,0.004352269283331493,0.002451723008041236,0.042385545723578506,0.011566306281935205,0.9116758248385262,0.5112894141168074,0.6148707945557201,0.15286140474443424,2.175638893071343,0.5624185281253864
512,514,34,0.0029918438077027746,0.0024652318471751504,0.03143396425773116,0.009918497233388258,0.8379390274777132,0.8380639011150309,0.5232107648078133,0.17579842918543084,1.7930836467181934,0.6625519563836924
513,515,34,0.00022313145018415526,8.690648693962757e-05,0.012594945975305402,0.0017931546622240405,0.9622480913120157,0.452481472689247,0.8219536209807676,0.1483077997758748,2.880787632044624,0.5842258559086659
514,516,34,0.0031152625062318027,0.0015606877003106637,0.041210158070658934,0.011584542506212506,1.3434782168444466,1.8839413504596214,0.8018752652056077,0.3179264154137502,2.551654833204606,1.5309468752063118
515,517,34,0.006871191483429249,0.002603440272447719,0.07124917362542714,0.016954367100255285,1.2866456578759586,1.6547025292226167,0.9202032273306566,0.3106869896260521,2.9762767798760357,1.3285571487532573
516,518,34,0.002842128255425076,0.002183124088972138,0.03170971709358342,0.008625742516476529,1.0601481878582169,0.8687195245512275,0.6085996391142116,0.19734748613101538,2.0041992243598488,0.6396780907852868
517,519,34,0.0029669231837889287,0.002003464131326723,0.035587249104590976,0.008359549906963512,0.8135209337753408,0.4517468154274355,0.6037860723102794,0.1288238867991886,1.8886095741215874,0.4717663163379419
518,520,34,0.0004231157508911565,0.00047233185052656545,0.015027195543927304,0.0060848330116227865,1.025702912141295,0.9420877606385496,0.7757043610600864,0.22143706051194934,2.5148467035854565,0.728792101746511
519,521,34,0.0011394361842094974,0.0003596888944881501,0.029060979592887795,0.006037498955248303,1.0516803650295032,0.4268916483853,0.8804850481888827,0.17382385041119952,3.0568339228630066,0.5940322486369403
520,522,34,0.0004369961380314849,6.573214039863085e-05,0.018050616990555737,0.001594265506218325,0.938990608734243,0.20690741948131203,0.8340586572885513,0.10795416112857567,2.598729792763205,0.4468628413880112
521,523,34,0.004090458171798245,0.0019279586191421198,0.04619989648242207,0.010691414385700499,0.8780048708705341,0.40206200046382323,0.6788659323664272,0.1401855814805999,2.363217287203845,0.545252285784838
522,524,34,0.0015604124997908536,0.004841101637826391,0.011979173129314886,0.01279864605401549,21.488906527047646,83.24793863458662,1.1102015507571839,1.5276718915123588,4.618917423136094,5.978975339935215
523,525,34,0.0025368222473737072,0.001471379485073811,0.03565004402223755,0.009002355839090896,0.919988330672769,0.5255221677642344,0.6821335010668811,0.16324309497791084,2.6135144479134502,0.6447261106103215
524,526,34,0.000646707446910167,0.0005923380071731072,0.016579827814198592,0.004006592418993929,0.7837864046587664,0.4125984032801524,0.6294750913101084,0.13599441564636108,2.019728183746338,0.47091460540335006
525,527,34,0.0034347474985920333,0.0019544101439138498,0.03821667798740022,0.008898582553655424,0.8912607887211967,0.4700655743332066,0.6236553726827397,0.1296784079650683,2.0507188579615425,0.5109192249295831
526,528,34,0.0019113998226684464,0.0013786544582727418,0.02912490886143025,0.00767110173745395,0.8042749420684927,0.4325956454993046,0.6169681610429988,0.13194383330669623,2.025803906076095,0.47663620047049626
527,529,34,0.006095293895615374,0.0024556265837196068,0.0546428390285548,0.010687046554950699,1.077370392925599,0.43091189681823483,0.7246973032460493,0.13616551463626123,2.205426622839535,0.43055103172624937
528,530,34,0.0004832862622981124,0.0002235211075346306,0.017345833509941313,0.00265688912974702,1.000349810894798,0.46102930473880593,0.790558727348552,0.12163363583473595,2.382121619056253,0.4459988757580793
529,531,34,0.0037325701833812192,0.001268210575611178,0.050433250911095566,0.008302159215778199,0.9636016978937036,0.31137250145956813,0.8133256137371063,0.1359425376929508,2.2825219841564404,0.46199290993791897
530,532,34,0.006573491003912161,0.0020270333655110547,0.0702433123746339,0.011176088913343247,1.0255653174484478,0.2981991436312198,0.8776741413509145,0.13019142924678864,2.5760624548968147,0.4224658180396194
531,533,34,0.004233023453065578,0.0022176008547780367,0.04384094213738161,0.009559150812076683,0.9525767091442557,0.5293005781580516,0.657709473196198,0.1517272617114238,2.1979957573554096,0.5512293071755912
532,534,34,0.0027736554278389495,0.0016257430547820745,0.03679682051434236,0.008169763804752735,0.8845981753924314,0.4163055511482951,0.6700647043831208,0.12696753913703696,2.1535023591097664,0.4859169480688748
533,535,34,0.0032549025388160613,0.0016266696275000086,0.03991021725403912,0.008840751020787744,0.9526183587663314,0.5489919394347299,0.6793733554727891,0.15912140732791744,2.302135036272161,0.5581534425965294
534,536,34,0.0007601372738409897,0.0011765690630175397,0.016746315365547642,0.005454678082393269,0.8341097340864294,0.48496914173378974,0.6634833970490623,0.14640662444195046,2.1886512602076813,0.42570526315528645
535,537,34,0.00972210503566791,0.005399121081842111,0.07885895220234114,0.020805909500362405,1.1084874982343,0.5785930573664988,0.8420793852385353,0.1868294233414095,2.4336818631957557,0.5766173751481807
536,538,34,0.0028979654735474683,0.0021944528221989282,0.03442712802001659,0.009752684152506226,0.8226424762431312,0.5208457069823691,0.5980483740568161,0.13626782214087416,2.0421099206980537,0.527309665046927
537,539,34,0.0008831656981355456,0.0005851077984625663,0.021296962821746573,0.005218950985386216,1.0365188560065102,0.7894548146559702,0.731702009544653,0.19489821392062276,2.197091397117166,0.7735136095239484
538,540,34,0.003936580991755952,0.0034549741851405314,0.04005316212115919,0.012491418595200166,0.8655576662105673,0.5454530794072442,0.6250502493451623,0.13527347396331668,2.0915076627450833,0.5110115592055025
539,541,34,0.00243831862377085,0.0033709037405792257,0.03277429582222419,0.014029494315912293,1.4201328289859436,1.7853276950990502,0.8277140785666073,0.2635129217878195,2.2586396792355705,0.728722118083251
540,542,34,0.0007084043125574038,0.0006771291676398812,0.01734106267309364,0.006671701207897367,1.10078952921664,1.226089632509761,0.6844609257052926,0.2754893748379761,2.0497122564736534,0.9924549987364569
541,543,34,0.001298542089524049,0.000544859952545379,0.028630279278492227,0.006438432410986681,0.9671959342325435,0.3727780708772475,0.7884466691928751,0.15254980739583063,2.299347460269928,0.47479363465854696
542,544,34,0.005206491522532066,0.0051604059368926085,0.04331361236708129,0.022049841698430318,0.9402891003033694,0.953694158920637,0.5858520620009479,0.181143881866408,2.1590869041050182,0.7526350433492466
543,545,34,0.0007210223441635368,0.0006461292148327443,0.018206050646874833,0.005129348010159885,0.9602393350180458,0.7481302508774293,0.6753718441023546,0.22524813201973637,2.552534892278559,0.76858935995279
544,546,34,0.0015268347821855808,0.0008818423912365199,0.027123281677417895,0.0051220822966686124,0.903619292904349,0.5057917023065686,0.6653437167406082,0.1255901085154448,2.0839508175849915,0.43150992946541844
545,547,34,0.003337676458827713,0.0021601284240562505,0.04098988346317235,0.01148414304280671,0.876994194353328,0.53175387709054,0.6680432733367471,0.18700616253815708,2.038000257576213,0.5753964645681696
546,548,34,0.00046446485109353326,0.0004697937609052749,0.01696475099443513,0.0026422339110106236,1.1407885950277834,0.9793772213564126,0.8496674658621058,0.14899676883704452,3.0694614683880523,0.6538044316427711
547,549,34,0.004489369536339141,0.002701850815345935,0.04381069886114668,0.012752714771288224,0.9356335923075676,0.46096978491542234,0.6388977038509706,0.15414875490901847,2.2909141533515034,0.6038533222124208
548,550,34,0.0011881890797453439,0.0005390606496430167,0.029031057239455337,0.006514538859929747,0.9478878256152657,0.26023599324197344,0.8352170095724218,0.14308891602979865,2.8372519612312317,0.5551424579552963
549,551,34,0.00030166464517499073,0.0003123948138741583,0.009608930182259749,0.004015007211037535,1.1756523957147318,1.5256880663528856,0.5878717263831812,0.23235549376102974,1.8617415621000177,0.7833487785648774
550,552,34,0.006158529476070886,0.0039220514942273415,0.04833824603873141,0.013521231901691914,1.1620242933140081,0.7923711561128545,0.6513622744995005,0.1632874351897997,2.4575306317385506,0.6405989292716248
551,553,34,0.0012709086868733935,0.0017996926126923045,0.022922516636112156,0.008296085680172961,0.9398103444015279,0.965260631727749,0.6626859289758346,0.17705963226956004,1.9687949734575607,0.57137700219799
552,554,34,0.0018033917859771893,0.001759558814116842,0.030388934044715238,0.007503479696889155,0.9677291854339487,0.7827547416782362,0.7108428136390799,0.20780888825108462,2.175038109807407,0.6313510895040921
553,555,34,0.0015825803651857901,0.0016781499028144106,0.02781276374726611,0.015983971672962765,0.9100523463943425,0.40465181505112763,0.788638191188083,0.1767042624127322,2.5436718814513264,0.7912760495435746
554,556,34,0.0006771481720908709,0.00038860851319994795,0.022292602862067083,0.0034266322899604382,1.0209371127626474,0.37547301287908785,0.8799873695654028,0.13505731324751494,3.1815316536847282,0.4362995897458925
555,557,34,0.0014675143140587298,0.0007621653284040076,0.025578616378719315,0.005820310947191005,0.9617511016481063,0.5570150402490831,0.6540156532736385,0.15897913412722597,1.950008732431075,0.5411464672522629
556,558,34,0.0010353998924769899,0.000384994891413495,0.02730015216066557,0.005197474955894538,0.9535571494523216,0.24749339114204963,0.8350316531517926,0.10537746022486097,2.6585409851635204,0.3753277076824672
557,559,34,0.0025259749895399984,0.0011715140913035674,0.03782664365409052,0.007230962526048702,0.9789289095822502,0.4987768484078891,0.7422228332828072,0.16441564725827726,2.265753192060134,0.581852826517692
558,560,34,0.0013766268264803598,0.0012373877821054793,0.027796990347697455,0.007865147627106116,1.0127616077661514,0.7706735582511585,0.7616198746597066,0.19596969273382228,2.21894691621556,0.6130419290558284
559,561,34,0.0033281941295546643,0.0010805495508550964,0.04641701796037309,0.008030179635132625,0.9448498101795421,0.3451976622153693,0.7794498029877158,0.14888045237778835,2.4840965095688317,0.4417364725431674
560,562,34,0.00037115002359154034,0.00010203351223345614,0.015365002430318034,0.0017134757302705605,0.9657561402110493,0.2966213842512525,0.7821805389488444,0.09686554027966868,2.6253479333484875,0.37671996792114326
561,563,34,0.00018135351627493305,5.320715319620792e-05,0.011797382961958647,0.0022565609364757068,0.9563716676305322,0.2043133152044933,0.8642350873526405,0.10623474994535301,3.1221124950577233,0.43678850322086954
562,564,34,0.0013239035376018898,0.0012294988087639955,0.02226394691559322,0.007852745821003457,1.0654551636646776,0.8674703347792004,0.6619740286294151,0.19329257622153267,2.25717556476593,0.6860742670388547
563,565,34,0.0009402289228198831,0.0004696740401938775,0.023988305426695767,0.006255822781655487,0.9795852846959058,0.43368627771769397,0.7774439033340005,0.16590815114724858,2.3726522712146534,0.5513134166061204
564,566,34,0.00038426622118362607,0.00011273246441836657,0.016140119200024533,0.0013893794094161924,0.8978215605020523,0.20966777697242614,0.7846607320448932,0.1006974838018886,2.5870049350401936,0.3349715597813723
565,567,34,0.0008607075856964323,0.0014371992294820947,0.017784311545684058,0.008283407445581847,1.084305647541495,0.6343811350417126,0.827387644087567,0.2334971372895044,2.630555307163912,0.6184089148496883
566,568,34,0.002978381877148743,0.0020062649871135383,0.035094913095235825,0.009308463781600187,0.8777164308463826,0.6148482497444009,0.6048271542086321,0.1616801326371577,1.9862613537732292,0.5385821286050014
567,569,34,0.0011918506484910134,0.0008806434345164837,0.021631703273776698,0.0072304552606242065,0.9668435445603203,0.6002259535558275,0.6409256554701749,0.1611710530005093,2.204621879493489,0.5801299333090222
568,570,34,0.00020720988387063911,2.8028202861564654e-05,0.01296394323820577,0.001085850336568574,0.9715908870977514,0.13783718929429584,0.8876210626433877,0.07749638394893184,3.087180930025437,0.27404264599964584
569,571,34,0.0019722057674217094,0.0029909469516113006,0.022978998008458054,0.017743411333454785,0.9296759612420026,0.5724500790347289,0.7138998078949311,0.20727489986754843,2.412914879181806,0.8888783174704548
570,572,34,0.002895343381062369,0.0009795031081170733,0.04127291792674976,0.0074277023226847925,0.9756138464983772,0.36517824414347244,0.7552090602762559,0.143712599162448,2.7890795048545387,0.5484165637019952
571,573,34,0.0026623269967625245,0.002878512638562799,0.03661942542256678,0.011164470554866366,1.3460558179546804,1.3268804336119204,0.8369821459054947,0.23336241480320158,2.415029662496903,0.6882522523285177
572,574,34,0.0015642451334689908,0.00031955197243499077,0.033227282083209825,0.003997623329246691,0.9562493054305806,0.22265402328690626,0.8207918458125171,0.11889046702990015,2.52067933363073,0.41639933273370655
573,575,34,0.0009126961873227949,0.000551699268327085,0.022599481566644767,0.005488776116206478,1.1181880673941444,0.8331541070764782,0.7861969663816339,0.18917401458356234,2.958246245103724,0.7505581051299716
574,576,34,0.00043522427671739613,0.00018591065439940298,0.016590520493028796,0.002486650470529414,0.9358389009447659,0.3664140859256517,0.7732221992576823,0.10957398685796253,2.467733730288113,0.45238387339964314
575,577,34,0.0007457861690508092,0.0003781069768085342,0.02273678924778805,0.006416278874051943,1.046465723830111,0.47961315810341143,0.8648102923351175,0.19998573939602027,2.7774478968452003,0.6801358475142293
576,578,34,0.0038602266183314737,0.0031018720346543517,0.040436942294678264,0.013009817554179388,0.872894696014769,0.9619036304953351,0.5958890660720713,0.21490135467474933,1.8191557386342216,0.6993836401093685
577,579,34,0.0010362297745065436,0.001276543196850229,0.023250475443680498,0.009685860110303006,1.4192759889890165,2.1201817684323983,0.8601042759769103,0.3596801188011525,3.119535596931682,1.239979902692741
578,580,34,0.005274297515450812,0.004237343038850869,0.04871910174979883,0.015030090392217909,0.9097447465447819,0.7018812190780455,0.6387689762255725,0.20172729704416464,1.8615958830889534,0.5977749337207771
579,581,34,0.0010092999882009976,0.000555356894141601,0.02503926060436403,0.004147726070555371,0.9465187972082811,0.5242478341533903,0.7728105117292965,0.1421272433826957,2.140446291250341,0.5264395225363638
580,582,34,0.0019453942693550797,0.0015790361214434204,0.03094891902497586,0.009941088783712394,1.1568828058593414,0.7770374478541219,0.766262907315703,0.22004558331539886,2.8095589806051815,0.8085221177970895
581,583,34,0.0009213972644989981,0.00033245214810919945,0.02557694391511819,0.004788825902680631,1.003973399015034,0.30250410874360717,0.8470869783092948,0.1338838986691481,2.601889084367191,0.4179347263730413
582,584,34,0.0017848058487288654,0.0022806735256990954,0.03208088272196405,0.009526994325359858,1.1158227149178,1.244332173304379,0.8145873879685122,0.2123754987777673,2.5166329250616184,0.6312258758092596
583,585,34,0.003384623529307325,0.001184866815553872,0.04668286968679989,0.00963155546528398,0.9486860983511981,0.2926705650254733,0.7844739328412449,0.1356875803053465,2.812058175311369,0.5482022293579022
584,586,34,0.006410647567142458,0.005661186812530236,0.05141860986238017,0.021838458605761567,0.9232855868690154,0.5729490025994474,0.658270875320715,0.17408119229915348,1.7164180383962744,0.5673179916154154
585,587,34,0.0004457282612908303,0.0002012576289563963,0.01789875764071065,0.0025300337330383324,0.7698167851742577,0.37947131660739064,0.7368634334381889,0.1643706769386163,2.6102580673554363,0.5795472901143381
586,588,34,0.0059684104327222005,0.002501222576048554,0.05638249328031259,0.010926345373988195,0.9647116485763999,0.4273541921565242,0.7155759676414377,0.13797541601058078,2.3585652463576374,0.5381491784834629
587,589,34,0.0019882045710212827,0.001139583282409598,0.031765966676175594,0.008486673435431838,0.9022860912715688,0.5051829584545713,0.675832021762343,0.18065217726815666,2.209936706458821,0.5936952766235504
588,590,34,0.00279078701415154,0.0009529069513846673,0.04062914103269577,0.007354372939254967,0.9586291190455941,0.34756600585375247,0.7515161317937514,0.14291256743101247,2.5996966116568623,0.5866313981552348
589,591,34,0.003239947806030293,0.0017546118663317376,0.041060040759689664,0.01021227815136464,1.036575980922755,0.5241725795738958,0.7389613854534486,0.17052189262229803,1.9495329541318558,0.4754796010999662
590,592,34,0.0027480445432421915,0.0009419400389497278,0.04318192261545097,0.007264780053482239,0.9893319150980782,0.32176285583806463,0.8219744124833275,0.1405395417621503,2.28856202434091,0.49361820452085703
591,593,34,0.0014290372303495294,0.0007522536883500155,0.030345989336424014,0.005918088694867876,1.0705509448752684,0.5276569950040392,0.8335773103377399,0.1796606187641203,2.6993187876308666,0.6938041402137651
592,594,34,0.004672568265745854,0.002600267420284325,0.04352199598489439,0.010598264065240155,1.005543583894477,0.6633696859720343,0.6295154664446326,0.16562726121973365,2.1342819753815148,0.5980023353167208
593,595,34,0.004312739163116717,0.002685221536127512,0.04020357466138461,0.010556436732357026,0.9425025556017371,0.6068323122644999,0.5962282226366156,0.1528987147877841,1.8097030835993149,0.48410522731095706
594,596,34,0.0008367921468829189,0.000302806632084241,0.024324129335582256,0.004495962348282142,1.0095844531760496,0.2712099628503157,0.8498871168669533,0.12581823606419237,3.092575129340677,0.5600118128514452
595,597,34,0.002386387826203752,0.002000214049224496,0.03603137722786735,0.00860843523626605,0.9958386465030558,0.7320734649731163,0.7388436461196226,0.20020500555947282,2.2179094202378216,0.5730334685669707
596,598,34,0.001752939640188261,0.0009589249779960871,0.03295322036480203,0.0077327797814934224,0.9596597902915057,0.40796363420890996,0.7815235502579633,0.16541633403484668,2.483080309980056,0.5907993483245992
597,599,34,0.0011946378696901614,0.0008918193191918163,0.025546706336386064,0.004867575039017979,1.0500537884585999,0.6093166572869325,0.7780776602380416,0.17271517961209668,2.720772112117094,0.6152090774084726
598,600,34,0.0003243700266466476,6.182478119988975e-05,0.015919521177077994,0.0012378204574176853,0.8002368483473273,0.25325498180776623,0.7836912940530216,0.1327854353063068,2.7849330130745384,0.4722661020940442
599,601,34,0.0013710027021314839,0.0006532973643713184,0.030020440599935895,0.008081284112901592,1.014647397924872,0.3011595454424438,0.833914297468522,0.1301645364478656,2.406345619874842,0.4677018445394235
600,602,34,0.002889443237697432,0.002411963381363657,0.03514093478374621,0.01275475759165155,1.189305513220675,0.7544678506334784,0.7300595500889946,0.21180518788229782,2.1695814904044655,0.6909728991392731
601,603,34,0.0002721296854467843,0.00022600726474627877,0.014045447439831845,0.004586072096330397,1.1709288336774881,0.8831421952545804,0.9225570743574816,0.2944650804310132,3.3179860816282383,0.9756732955110485
602,604,34,0.001282233462381341,0.0005500207863567572,0.02917758857502657,0.005886405200795014,1.0720469075090744,0.557320331917605,0.8393457181313458,0.18308357817547447,2.411560426740085,0.553033113372562
603,605,34,0.0006798961566185907,0.00026865217801828753,0.021587391383945942,0.0033990039814897404,0.9579213875181535,0.4083695029267436,0.8093068021185258,0.14054854891417692,2.778486023930942,0.5430330444325373
604,606,34,0.0005157740507617264,0.0002694725098670081,0.017176871160593105,0.003279166503684891,1.015465878388461,0.49907053797292117,0.7702128817053402,0.12432827835899665,2.725930119262022,0.4958056074112544
605,607,34,0.001938718228142106,0.0025811914389354883,0.030028680722941372,0.020652165965650667,1.8253160417079926,3.36535964478724,0.9060056656599045,0.4944131634593101,3.2448368808802437,2.0893731622672695
606,608,34,0.004335657066857333,0.003107806804163417,0.03969820068382165,0.012326839152182698,0.9205119780757848,0.6938357334344346,0.5796908184009439,0.18764301575688042,1.9071917603997623,0.6447940458618103
607,609,34,0.0010773648468517315,0.0005965804506232297,0.024583201143233216,0.004699544556544081,0.9004628724035095,0.5119254173302157,0.7105907780282638,0.1509930697097266,2.201363872079288,0.4996890798685748
608,610,34,0.0009701847139855518,0.00021630209320825286,0.026540061568512636,0.0030924041195045447,1.0457191309508156,0.27800681913641695,0.8691726151634666,0.11423385070216004,2.8001381509444294,0.4003812023882295
609,611,34,0.001885126473258852,0.002470165995155165,0.030796113533570486,0.010715472923509314,1.0743574228356867,1.2229349575561685,0.7466294484979966,0.23118413076951122,2.1646148352062,0.7043284212316512
610,612,34,0.003464260688120061,0.0024848576902344022,0.03294743238674367,0.00967087490696438,0.931737160857986,0.7024732363539264,0.5470218754866544,0.1490073047082041,1.6781976398299723,0.5149337157952741
611,613,34,0.0008379168815308196,0.0006111470746343557,0.02334479721920455,0.006535049292507972,1.0614170809002483,0.538025697147619,0.8628584462053636,0.1243866867104314,2.756804785307716,0.5025403208838496
612,614,34,0.0014454367868465318,0.0012148115400579726,0.026974726961377787,0.005674954351517999,1.0418363353785347,0.65491778056503,0.7532615433720982,0.16607274210711653,2.635587800951565,0.644936659671964
613,615,34,0.0007470113786813967,0.0005685627444311125,0.02099051348426763,0.0038793383696113268,0.9367696835714228,0.6415253801629742,0.7469359557418263,0.1525743998052221,2.5755758986753574,0.5178742154509266
614,616,34,0.00037025501061340463,8.614145442619307e-05,0.017098438186461434,0.0011218491574868056,0.9615347297752604,0.22229042001370036,0.8715921272249783,0.09471763635443121,3.0134845411076263,0.38217961337846956
615,617,34,0.022546058438499186,0.006668119366278848,0.11958244946949623,0.018590330560173354,1.2338826235602884,1.3182762158742438,0.8332142286440906,0.2504114074338456,2.9272752193843616,0.8451530003882172
616,618,34,0.0009106764251448433,0.00039140548912603237,0.023304625797797653,0.004959443931227755,0.9117180985562942,0.4245629488792145,0.7368388123372022,0.17095000856096682,2.187250126810635,0.535910852643746
617,619,34,0.0028407728823367506,0.001772855506285908,0.034986709518467676,0.010111717582190621,0.8770419271553264,0.5788999030024042,0.6105705113971934,0.1760181336560194,2.0799251549384175,0.6408399989239718
618,620,34,0.0027771153288674265,0.0018156808764208986,0.03702497504213277,0.007688264903785608,1.1616006379618364,0.6151686331790756,0.7855688824373133,0.12390129167275694,2.36629258183872,0.3957160667971607
619,621,34,0.006924176331856014,0.0038318653799139534,0.05699023692046895,0.012464633842593217,1.1343037757803411,0.7605736316638783,0.7181937904918895,0.17121536787742228,2.078688011449926,0.455955541984215
620,622,34,0.0028152742135502838,0.001133859317677629,0.039506008136360085,0.006931194808467908,0.933956182178329,0.4037693854667571,0.7194352816132938,0.1251895026477675,1.9410156151827644,0.38161255938367694
621,623,34,0.0016209708872552523,0.0032338756945397063,0.022679351352374342,0.011474894849060063,1.0235205901896252,1.392235641472326,0.6150564937030568,0.24955072365628234,1.832649322117076,0.8127316978887944
622,624,34,0.0008765517165610457,0.0006080462239461682,0.021539723528001237,0.005028021003502102,0.8524372209520901,0.4277680008063237,0.6911565188099357,0.12490868506165898,2.2374483276815975,0.4319771039751198
623,625,34,0.0016933996812440455,0.000550722534336804,0.034114956855773926,0.005954842243348691,1.0366779723588158,0.3590228587590029,0.8438332711949068,0.15643168781454567,2.74955677986145,0.5223629631943646
624,626,34,0.00605856638867408,0.002187272075664233,0.0653607723686625,0.011994501972268796,1.0269561260938644,0.334947829348712,0.8531422579989714,0.14025712494465556,2.5768892519614277,0.496389814672349
625,627,34,0.003947977971299277,0.0031919643785357802,0.036575643345713615,0.012311813811401973,0.8295517888139275,0.6797353259685671,0.5307864248752594,0.16868998620457612,1.8558673227534574,0.6434129294798272
626,628,34,0.00507517350728021,0.001891195296151658,0.054211235879098665,0.009833663433203198,0.9374071158030454,0.3177874890814293,0.7396462568465401,0.12305505440794892,2.5349307025180146,0.48663251211693026
627,629,34,0.0010836454988320304,0.0007458440154909213,0.0239955653600833,0.005535892538518704,0.8960801249041277,0.41912898949014793,0.7148804559427149,0.14427509921980497,2.4379780257449433,0.5043641976803287
628,630,34,0.0019949708332526774,0.0008542927579974761,0.03418890282730846,0.0069543497282500855,0.901844298138338,0.4756234827962544,0.7226188472088646,0.1816183364313067,2.1934129806125866,0.6360510439754047
629,631,34,0.001268641251098255,0.0011045686824889013,0.02570366656736416,0.006612537731490155,0.9636414156240576,0.49068523285173604,0.7481801632572623,0.16076492249811297,2.6102807206266068,0.6151813011215992
630,632,34,0.01579977122738081,0.005835517027026591,0.09240218208116643,0.017771617029693727,1.0889632395085167,0.5030119440516498,0.7520707863218644,0.1411139396117292,2.6271865052335404,0.511048929790779
631,633,34,0.0035356444799724746,0.0006427906851686576,0.04985128058230176,0.0039788299721267,1.016842081266291,0.1762129887610125,0.8459959258051479,0.06908757944304089,2.504052582909079,0.2812886047261892
632,634,34,0.003440196656704168,0.0015134756218265326,0.04088456556200981,0.008917555482707645,0.9325798688565984,0.4098846128264949,0.6739257609142977,0.13772717154508327,2.579247765681323,0.5651990955012591
633,635,34,0.005017060772789752,0.003141671505788549,0.04750152710167801,0.01361604700919975,0.9087988620295244,0.45395837406383,0.6497069790082819,0.1368710956229889,2.323281740441042,0.5315335474226179
634,636,34,0.0013903546188136235,0.0010830403007344052,0.029462989310131353,0.011026282652166099,1.1879331750028275,0.867840606093411,0.8866860875312019,0.27148115467429584,2.8094916098258076,0.6842700499741369
635,637,34,0.004011049878660261,0.0021761081951589246,0.039322519072276706,0.009530435408433293,0.9959231623831917,0.6842565420683571,0.6043010397868998,0.1746817297783189,2.026221713599037,0.6034397048432367
636,638,34,0.002771028522949885,0.0012912967831393285,0.03725088393206105,0.00720959213462722,0.9753866975798327,0.5084374568412823,0.698422372341156,0.14010592528699922,2.2390620217603794,0.5357430407043502
637,639,34,0.002975460542502868,0.0025856425962239816,0.035365783006829375,0.009443947204043616,1.1117282194249771,1.0176583954506133,0.6982258444323259,0.21561327632247754,2.2728720202165493,0.7222425804836536
638,640,34,0.002514730269253692,0.0011478486045325927,0.03967181264477618,0.007371613503870528,0.9255871071534998,0.3620494000687088,0.7681989862638361,0.1307668138257013,2.096877932548523,0.4646917436882327
639,641,34,0.008998238522668971,0.0024683773443484936,0.07675512419903979,0.012268172459678501,1.0796082037336685,0.3174650916663969,0.8352060984162724,0.09330567438668305,2.7675511591574726,0.39491084767866097
640,642,34,0.0008242064676083186,0.0014597497559402216,0.0180651013575056,0.010682446628516614,2.103059334351736,5.7681682718807705,0.9104583184508717,0.5708736151518427,3.281461147701039,1.9997430761869515
641,643,34,0.0008903933314072407,0.0007110051325985566,0.021406376022188103,0.005370636350805108,1.2057378423564575,0.8910755221383192,0.798612117767334,0.18909189429752846,3.002630293369293,0.726525368148667
642,644,34,0.002490994760164005,0.0015944329744020677,0.03534516336067634,0.009968210552155226,0.9193331643062479,0.46400295808344794,0.699896101565922,0.16046793424822745,2.4972393477664276,0.6110815161543433
643,645,34,0.0027923680711811516,0.002381220344919899,0.032563045730485636,0.010623763775893184,0.9870243168929044,0.7866210912308008,0.6315480496953515,0.21800993388181653,2.0621028191903057,0.7885017245390649
644,646,34,0.0003106274636914296,0.0001293125688552932,0.014308421050800997,0.0018962381430093732,1.021941461983849,0.2908813311500438,0.8293380789897021,0.0846123813430655,3.0389154378105614,0.35628623877284177
645,647,34,0.0034172421737286426,0.004143229314620564,0.036928621668587715,0.01847122949117287,1.0968091110972797,0.7208031172983306,0.7419778695877861,0.19619512239139572,2.421351769391228,0.6522657000380956
646,648,34,0.0021341545096434213,0.0008844309257992542,0.03674469351330224,0.006999195050162286,1.291531520731309,1.1189147720001003,0.8866675829186159,0.2472721449661564,3.292296612963957,1.0061494332619838
647,649,34,0.0005575873810277484,0.00013671730468233512,0.02084161713719368,0.0027603434346178974,0.9978491098565214,0.30419497702987697,0.879733623827205,0.1540763013609108,3.182552330634173,0.46977745659848075
648,650,34,0.0031595462214146905,0.0031037557970966176,0.0357607863843441,0.015006138468482009,1.0784301626331665,0.6783473757082208,0.7332063624087501,0.20979963331259763,2.4043199244667504,0.7545688548694697
649,651,34,0.0008445326007751967,0.0003920102627329217,0.02274470710579087,0.0031272529560619627,0.8594677018768647,0.46076299057148146,0.7227785850272459,0.142716167133009,2.1675215819302727,0.5392835923239494
650,652,34,0.0008999100365840337,0.0007187857881751499,0.024521663784980774,0.006417201299233188,0.904649901915999,0.2914766058312253,0.8123918526312884,0.1334466604046951,2.4993178213343903,0.44341331259328237
651,653,34,0.002953470208654728,0.003593149009168996,0.03823607546441695,0.01576128717355112,1.2608378292883144,0.868547181813538,0.8649288591216592,0.26167990082457065,2.9449206169913795,1.0315420983362509
652,654,34,0.001158884445698384,0.0005535396887322333,0.02650249289239154,0.0038586235745585043,0.8626008883995169,0.46455965477771466,0.7209676714504466,0.15144922319279572,2.1707145010723785,0.5669283614526581
653,655,34,0.0009351234895053922,0.0004697166983179145,0.02611565000980216,0.004179701080180009,0.977511288050343,0.6235893763898523,0.8373692465179107,0.20570380055923373,2.903744697570801,0.7089136122129845
654,656,34,0.0003760142554871409,0.00020927724264972413,0.016033326659132454,0.0022585280485742064,1.0589003755765802,0.7670598915422611,0.8290360263165306,0.1804704493806609,2.845662737593931,0.5547128459363746
655,657,34,0.0016806564470992751,0.0012910873043780057,0.031066355295479298,0.010317665757359115,1.2864484190940857,0.8821959496166579,0.8843094794189229,0.21030924483957958,2.961428239065058,0.8260174524047373
656,658,34,0.001002519073902958,0.00032869054992179557,0.025856272920089608,0.0038336495154405563,0.9321686607949874,0.2941183854450308,0.7907621019026813,0.11963084989619233,2.3892665785901688,0.39452941573915856
657,659,34,0.001506321188678746,0.0006808481010221809,0.030882751350017154,0.005456253955396763,0.9628953951246598,0.4550219571138911,0.78461013471379,0.16671015648404747,2.304524327025694,0.5824765995899568
658,660,34,0.0030099522777805652,0.0015327569609889665,0.03786595034248689,0.009333514384559314,0.9193217079429066,0.5223969655027759,0.6596180700203952,0.19393497933721926,2.259170988026787,0.7035511463361517
659,661,34,0.002238767807070604,0.0012439179089502488,0.03550631788504474,0.008407077876178082,1.110545500236399,0.6455964313489116,0.8052113880129421,0.18281301357542426,2.4219553926411796,0.7889518896083834
660,662,34,0.0013967392716200695,0.0008408847714669495,0.030997833839672452,0.010833640573003685,1.0060085496481728,0.2083038807697578,0.879158665152157,0.10281803872446893,2.9829899072647095,0.5332237392376805
661,663,34,0.0007505669063368045,0.00011567061713849635,0.02452940838959287,0.0022236454282626656,0.9786034892587101,0.15387164985740798,0.8856512097751393,0.08211790817712732,3.1399651134715363,0.2853557858377573
662,664,34,0.002955557406975833,0.0015850596039851872,0.045083128901965475,0.013488454567259639,1.0283851711189045,0.3364331199863749,0.8726933879010818,0.1117394485713134,2.950369217816521,0.4415958819663745
663,665,34,0.003166318576618591,0.0021764742472927655,0.04209084584213355,0.013191396099032783,1.0618207209250505,0.4865367095333456,0.8069706699427437,0.14180106677149626,2.4488430549116695,0.5782413908635574
664,666,34,0.0006457712853957406,0.00042564527150879553,0.020508332780617124,0.004687065686730497,0.9324184410712298,0.40720819065520303,0.7989765502074185,0.18386968193690045,2.5786932636709774,0.7696081541253277
665,667,34,0.001255139965317486,0.0012822624771708982,0.02510575035258251,0.014040486238039976,0.9888535479412359,0.4123105793165857,0.8275752312996808,0.17615817228314068,3.063453933771919,0.734892453758218
666,668,34,0.000718524047817268,0.0009933401364625133,0.0197684245512766,0.00785273741163152,0.9312146260019611,0.4219887004214754,0.7870173717246336,0.14962047072490203,2.6460981193710778,0.5121230962484542
667,669,34,0.0017055283242370933,0.0008250963621554636,0.03578804882571978,0.009896226353268674,0.9709372117238886,0.14048488506457846,0.8816788757548613,0.0792672888337577,3.106585046824287,0.39272796390522147
668,670,34,0.00040588274842936215,0.0003242205032174297,0.015341324211262605,0.003206084732452627,0.9581946651725208,0.5071958614561767,0.7687479993876289,0.14391205307861943,2.4339546070379368,0.5669503313964845
669,671,34,0.0006030894630170866,0.000322393547109096,0.020405275582828942,0.0054875556425909465,1.0688128208412844,0.6782147541576632,0.8691170390914468,0.20933377764145045,3.107757056460661,0.7966881896967767
670,672,34,0.0015235663295778282,0.0010012537868068,0.024985249072094175,0.007552562773722044,0.7847608687246547,0.5405630916075849,0.5641074759118697,0.1719478233193423,2.0065117180347443,0.6610086139461531
671,673,34,0.004535893375492271,0.0015098732785132271,0.051578777239603156,0.008727938825011352,0.99428152161486,0.31609827071752267,0.7642390727996826,0.1257623396691123,2.5463814665289486,0.4750632659689872
672,674,34,0.0034365206443266396,0.0013084139647914841,0.044833357719814074,0.007545367067954255,0.9219394764479469,0.3651841145835174,0.7339402402148527,0.13240095200545632,2.1076741604244007,0.4748026939297029
673,675,34,0.000756863624915508,0.000416818010614183,0.022642124416854453,0.006451014644172995,0.9932404419078547,0.34435162511626494,0.8410015816197676,0.14679154485182644,3.0885690801283894,0.5787938643920109
674,676,34,0.0004060978437123327,0.00013393388453760048,0.017356884309693295,0.002969934829946526,0.94956935153288,0.2395036818802521,0.8439197207198423,0.10817536859970463,3.2952730164808384,0.4052880741996192
675,677,34,0.0004618878772495972,0.00010854234091087691,0.018353972090956044,0.00228718941751186,0.9031081313596052,0.27755856517060146,0.8087698983795503,0.14392842525173993,2.8564846515655518,0.6287655929732497
676,678,34,0.0010280016970628982,0.0004513238368313812,0.026115269728881473,0.004652300252646017,0.981987517546205,0.479766652183911,0.8021746558301589,0.1754543742913794,2.707778078668258,0.6548868293315372
677,679,34,0.0003759692652452299,9.088975715948373e-05,0.01676384869086392,0.0016276233645613446,0.9659466410384459,0.27552497674960685,0.8476014417760512,0.09758430786315718,3.1583033870248234,0.4490911841515768
678,680,34,0.00354606012457653,0.001571972727226364,0.043696811806191414,0.00874447571381064,0.9209560269818586,0.3843094871617396,0.7087549374384039,0.11964494714076697,1.8586668056600235,0.3399210821517899
679,681,34,0.004000900559784735,0.001127915933145573,0.051539785502588045,0.0069944193706894826,1.0531634898746716,0.3524804136956749,0.8314734294134027,0.1277665822964217,2.4219059348106384,0.37569390395186847
680,682,34,0.0017841834273627575,0.0005295635849147504,0.03461626999299316,0.004515766195438345,0.9599735885858536,0.32750040397513897,0.8001456909319934,0.1268552793317185,2.32754126366447,0.3897065804771734
681,683,34,0.0005193837012698435,0.00025528350842122014,0.01794005840030663,0.0021183120358478943,1.0288728493101456,0.3676362541252564,0.8090294652125415,0.10800570881232643,2.576280215207268,0.45505222859753014
682,684,34,0.0026226974236231077,0.001753498495399712,0.036102252519306016,0.008595229986828158,1.008714355966624,0.678752382773905,0.720668441232513,0.190617984850047,2.3727456962361053,0.7128663443545611
683,685,34,0.0021994902002488207,0.0005886102634057445,0.034960756845334,0.005023125544996888,0.9653415346846861,0.33534445693387915,0.7276698876829708,0.11608304980368299,2.460085427059847,0.5022054651106359
684,686,34,0.0022896005778902154,0.0015080906035234687,0.03338177759638604,0.007878159073486192,0.9206853465122335,0.5143318229701085,0.6888110181864571,0.13794655363397795,2.311614187324748,0.5299573364931917
685,687,34,0.002099041623296216,0.0019030876055037777,0.029039709746618483,0.012662226677194875,0.9414327762582723,0.5904997789744176,0.6928136769463035,0.21401326642460575,2.34399493301616,0.7339450633074825
686,688,34,0.004391341459910002,0.004615160479880247,0.04298412262955133,0.014092575757874183,1.170199953019619,1.7179593196183789,0.6861013191587785,0.2577061062986516,1.923094763475306,0.7688279550501255
687,689,34,0.0012108957983882113,0.0004447701797952393,0.028542053173570073,0.005062353393490908,1.0180349376271753,0.4987072918316925,0.8213930533212774,0.19443688890919297,2.5870226200889137,0.659959092471397
688,690,34,0.0032122032477191705,0.001707009424930534,0.03933416405583129,0.009941497687846102,0.948099393178435,0.5516758524464073,0.671998975908055,0.18490543640875454,2.312279287506552,0.6508704268240594
689,691,34,0.0013670124959282797,0.0004871486297764626,0.02999901196316761,0.004218651396686818,0.9406365769750932,0.344615140329542,0.7850939543808207,0.11919720554246091,2.4809728930978214,0.44119809476999133
690,692,34,0.0002322236344779787,4.7090930939182274e-05,0.013622029657092164,0.0016237762881221394,0.9680411412435419,0.1431641973973282,0.8811576015809003,0.08016305488281746,3.2555117046131805,0.3564433313701845
691,693,34,0.005032931542219184,0.004786292240307077,0.03307546089019846,0.015292427271335963,0.9380652030162951,0.8618050713032744,0.4446063427364125,0.17281387223565806,1.7954454649897182,0.7318637571754528
692,694,34,0.0006854544087272027,0.0007031396392205027,0.020999674247029948,0.003531257341537754,1.2424969848464518,1.3223389227018056,0.8945173726362341,0.14290307743295777,2.9780365859760956,0.5253014924111288
693,695,34,0.0027828186173471346,0.00190160618073536,0.04211877735660357,0.012242523534325717,1.0897215885274552,0.7110264217597287,0.8469098929096671,0.143359283654257,2.9918968502212975,0.6343267992423777
694,696,34,0.0013294282424099306,0.0011648306734825997,0.025926435201921883,0.00978214075113266,1.2036190506289988,1.0927206680939456,0.8264867251410204,0.23822019704137518,2.8089123964309692,0.883389035349106
695,697,34,0.0011760346593184617,0.0007484356318479349,0.027800327002563897,0.005712030366028319,1.0211715908611523,0.4266405732442164,0.8411385767600116,0.1102486271729787,2.8409686228808235,0.4031879586367693
696,698,34,0.0014711922592729988,0.0008113330233936957,0.026018239831661478,0.00579630454550842,1.0176542795756285,0.5017320923063074,0.6946064523037743,0.14144376048320528,2.3669957939316246,0.49017078033634215
697,699,34,0.0008232747273081366,0.00041116570001310354,0.023506529848365224,0.0049827050100852205,1.0233253082808327,0.26767950636376053,0.8558755254044252,0.10366212704611204,3.0653967646991505,0.34259598779688283
698,700,34,0.0007146414658671026,0.001467543590464162,0.020107582293669966,0.010856094634681096,1.0759463064810808,0.512947481111596,0.8876910420025096,0.16887670999692334,3.1227199259926293,0.5925386875960302
699,701,34,0.017793104483965125,0.010731544913443246,0.08565458874492084,0.024611564008549195,0.9320238802362891,0.5593382009791081,0.6177410807679681,0.16827624016143505,2.245740606504328,0.6513744387981333
700,702,34,0.0002673572684323196,6.48079734311872e-05,0.01365449421984308,0.0014611951201748546,0.9516730404951993,0.35741976733545355,0.8108028646777657,0.14154607950943357,2.6343420182957367,0.48041410744631424
701,703,34,0.0011973517265526906,0.0007481574481436323,0.02750582916333395,0.004577087613503564,0.9608164762749392,0.44023611531783563,0.7888225790332345,0.1175748909469067,2.590006484704859,0.4167268700676617
702,704,34,0.001552120124174775,0.0010841091760570175,0.025576864917050388,0.006144007113078975,1.0977140520425404,0.652363973362082,0.698408462545451,0.14800792504704444,2.3702191044302547,0.505463789001554
703,705,34,0.002174141607932089,0.0008426626051597359,0.0387907784213038,0.005206025085193215,1.0122504637521856,0.3897343662061351,0.8381051912027246,0.108593505710236,2.635739340501673,0.38278887114006205
704,706,34,0.0009151646458228831,0.0007626445882172664,0.021344477091641986,0.00483370615247318,0.9826603908749187,0.7881090118025239,0.703063090057934,0.17039677441956824,2.329805710736443,0.6152023803671243
705,707,34,0.003202509956763071,0.0018350429399310879,0.03915679991683539,0.009654834853153875,0.9408484758699641,0.5338682742434324,0.6755620486596051,0.17393657725814357,2.444832559894113,0.7166790445002483
706,708,34,0.0015292146349298384,0.0006938130423841475,0.03212208558312234,0.006538180821059306,1.1096984463579513,0.5079862554615495,0.8661386212881874,0.19111821654409475,2.847957937156453,0.7122512182535865
707,709,34,0.0017552147807745153,0.001442794166663934,0.026636476217604736,0.006955324621689168,1.104702105416971,0.7246377502474525,0.6953421866192537,0.16201298177461432,2.3787259810111103,0.5563726425650404
708,710,34,0.0025299636044484727,0.001113766221340077,0.0376732812865692,0.007947955303288538,0.9230718148105285,0.4486425332619451,0.7154902833349565,0.14355018054319968,2.227403882671805,0.5376546013774149
709,711,34,0.0009788349596098723,0.001884909108507436,0.01626532804220915,0.008177283501451024,1.4009798480307354,1.5990017688590568,0.7420984094633776,0.2615273433606321,2.9298108781085297,0.9749683471618619
710,712,34,0.0019365150724565063,0.001206020797541673,0.029794176985674044,0.006928773533966828,0.9320472671705133,0.5863917348798312,0.6570335284752005,0.16056677468132827,2.112762552850387,0.5488443822745744
711,713,34,0.0027754360566819634,0.014039204165672885,0.018678216701921296,0.02180633025158545,2.528333192362505,9.248457896913527,0.8705523908138275,0.5059288887613911,2.419311530449811,2.6030033037931544
712,714,34,0.0002954931354478878,0.00015335626369725015,0.015356418621890685,0.0031101798355667102,1.0072070921168608,0.17861575098673754,0.9155696648008683,0.08525289775293692,3.8483886157765106,0.516019316717169
713,715,34,0.003074140919660054,0.0031766780984536407,0.03451570194652852,0.012226887031070643,1.1211946878363104,0.8417273276034082,0.6817567085518557,0.18617398857973472,2.4439949217964623,0.7557937621342299
714,716,34,0.0004598207015078515,0.00010821150698867788,0.019517526112715986,0.0020177068340435644,1.022063185186947,0.21981236157236095,0.921771855915294,0.09514364628790677,3.1915147444781136,0.5333466505130579
715,717,34,0.0007563958189326941,0.0006576950268245764,0.020695462987265167,0.006938096844226324,0.9192503866027383,0.7873594536877674,0.7255955312181922,0.23288333257224603,2.262384453240563,0.7630426515847689
716,718,34,0.00984890163218712,0.007473765951156454,0.08398610857479713,0.01948774844338859,1.1093542628428514,0.3920225163491755,0.926454088267158,0.12395169964774212,3.1877279982847324,0.6826462911663227
717,719,34,0.0007297254513319143,0.0002878176638607573,0.02373285186203087,0.0019183279227642923,1.0782086708966423,0.372166468860299,0.9148994561503915,0.06920160227734203,3.4166097080006317,0.31458850556501117
718,720,34,0.0015419591132633608,0.007982763713584891,0.013577009633402614,0.01634926913289074,3.3015116067493664,13.32112587501317,0.9867809607702143,0.5942937471708474,3.5619559288024902,3.6349865248567492
719,721,34,0.0012404555215171592,9.850126997581824e-05,0.03131942774223931,0.0015707547518276715,1.0050771359135122,0.09686786541828646,0.8913498871466693,0.053576089880819654,3.5455438319374535,0.28239795527281153
720,722,34,0.0028535357012194305,0.005530558280222795,0.02060231695170788,0.013679822922604437,2.2479348445639893,3.8726862761192464,0.764094405752771,0.2913783285009174,2.572984853211571,1.0320736885476371
721,723,34,0.0006236505415632992,0.002074211950363477,0.014769224970437148,0.007754970274649961,1.9258781934485716,5.600527487503369,0.886052503305323,0.38818725383342695,3.045815506402184,1.5897492646048157
722,724,34,0.0011015415225034196,0.002229221995436001,0.019465158173047444,0.017168920553826593,1.1932749976130093,0.8778547462471268,0.9045669138431549,0.10562549742613336,3.157745494562037,0.5321819993848723
723,725,34,0.0003156467732076314,0.0004696806777137655,0.013367810067446792,0.004796540277446431,1.088387660243932,0.8163158938705027,0.8513418024077135,0.2254046476534763,2.9738214086083805,0.7470418531594204
724,726,34,0.0006386872266696574,0.0009525331646896254,0.01401660033939954,0.005192616322939819,1.5620398731792675,1.9580343457235803,0.780020984218401,0.2599805742595924,2.717400403583751,0.8754057614436546
725,727,34,0.0005540644599343924,0.0007733187246126485,0.013503309448852259,0.004546068727143007,0.8983619848594946,1.0153871811603283,0.5761448399108999,0.1977499134052038,1.7524307107224184,0.5492798029516379
726,728,34,0.0015137759009496007,0.0031154826456526357,0.01848116923835786,0.01877717220693164,1.4892820321461733,2.2822558827211394,0.6330506389631945,0.37665590899856133,1.8972875072675592,1.0298747039240868
727,729,34,0.0033121803700102165,0.0009526086222579729,0.047651289907448435,0.006762831075956504,0.9343655898290522,0.26174361644828864,0.8013449171010185,0.11732566239773758,2.3042619473793926,0.41753408423662175
728,730,34,0.00031609220626277793,0.00011948335658502893,0.015039252774680363,0.0028993423635944485,1.0098418926491457,0.2689410677577922,0.8617215296801399,0.09288698196606829,3.0330357902190266,0.32291774990287986
729,731,34,0.0008017953197636149,0.00017233148525326795,0.02459358380121343,0.002857061845681057,0.9724394784254187,0.23854293520560932,0.855395017301335,0.11357306536976794,2.8192053191802082,0.397268243443019
730,732,34,0.003107904634602806,0.0015890173941607297,0.03971121805336546,0.009483324490953685,0.9152258801109651,0.5054508439108528,0.6778895933838451,0.17720123125135145,2.246872793225681,0.5855798212662064
731,733,34,0.0004962791555205031,8.922523440764981e-05,0.020109021488357994,0.0021680829302136305,0.9983152571846458,0.13139513007966094,0.903388764928369,0.07429328069652673,3.3108405716278972,0.279627293096776
732,734,34,0.002649648394093246,0.00199315924050629,0.03541530959089013,0.008856987280057469,0.8460816600743462,0.4927821311983239,0.6559027082779828,0.13319168653499977,2.164156868177302,0.4993967287908231
733,735,34,0.00015797191393657531,6.869910472075603e-05,0.010924231973202789,0.001985567091585271,1.015980955432443,0.427655926703487,0.8764228400062112,0.15568990218451975,3.1521564090953156,0.5829487087985543
734,736,34,0.001369155285133542,0.0011233171546468405,0.027201968409559307,0.006941866856694093,1.2423588046256233,1.5160034545352619,0.8125801945433897,0.22861620661301585,2.536530052914339,0.8399165327215836
735,737,34,0.0035269713835612707,0.00693026133002535,0.03653285970144412,0.021098908362180015,1.2274118127191769,2.868267157783365,0.6961694640271804,0.3885082276952257,2.6400647233514225,1.2899813427709252
736,738,34,0.0010648645094239757,0.00047662091924400164,0.026897478081724224,0.003988982081723107,0.9527269444044899,0.2740809967814543,0.8185537632773904,0.08994293974764406,2.4558228850364685,0.3162844969349062
737,739,34,0.0010169136816437136,0.0010175251316434095,0.02253731762004249,0.007341021554700699,0.8362553531632704,0.48439982444969426,0.6938942872426089,0.16871059581937914,2.3290210716864643,0.5975543256861646
738,740,34,0.0013137476035969004,0.0006249803510891234,0.029051687020589325,0.005909036559192826,0.8816673895891975,0.3106045756129424,0.7668079102740568,0.11536639882522734,2.730270694283878,0.44838016272546405
739,741,34,0.0006529533720287658,0.0007283393017898633,0.018825559383806062,0.005320596304145769,1.2683449606685078,1.293074912245564,0.8340288365588469,0.2391833048412972,3.1042313049821293,0.8357327435621279
740,742,34,0.0010358612532453502,0.0011138619282992212,0.021017971174681887,0.008179459971664797,0.9556269154829138,0.6745046333303781,0.6839206551804262,0.174507709502513,2.2013631883789513,0.612461180329068
741,744,34,0.0015752290115308236,0.0016319167202532773,0.029828940792118803,0.007951522823915695,1.1932696559849907,1.1790631248611647,0.8222889961565242,0.22802888267242072,3.0744776375153484,0.8465506401474697
742,746,34,0.0016795289891032392,0.0011946810592383564,0.030765284893705565,0.006559884297787654,0.9933922921910006,0.5046136418713147,0.7706887406461379,0.14306851363656645,2.523808223359725,0.4680258074835336
743,747,34,0.0028221970715094358,0.004332724212174973,0.03132350216893589,0.015187329375843378,1.3401485567583757,2.2386398180077878,0.6686271604369668,0.33314739384345904,2.7015597609912647,1.3697549153844404
744,748,34,0.0008244142693857772,0.0011716753598353903,0.017631174037780833,0.006632640240376296,1.5446971830199747,3.310349515503033,0.7848559109603658,0.28534903787452826,2.7428220615667454,1.0592052879694958
745,749,34,0.002326194098072044,0.0015963281711217929,0.0337514483698589,0.012883166364923303,0.9477345382466036,0.6047944074554797,0.6934543208164328,0.20491288642502506,2.3061401458347546,0.7847081559031714
746,750,34,0.00012655587937949938,4.157838354750723e-05,0.009823966168743722,0.0012958063511812198,1.03483563135652,0.2686166351721956,0.8903376950937159,0.1084299366037539,2.916979754672331,0.38265820298532915
747,751,34,0.00011992705848944538,2.2432276644707442e-05,0.009951851467656739,0.0011533438359186165,1.0408253529492546,0.128881558728205,0.9279307793168461,0.06539838288461314,3.2917874700882854,0.3166273938054152
748,752,34,0.00013566680589814067,1.0412378867400953e-05,0.01034117629751563,0.000432284200912553,1.0223955634762258,0.1086101073367218,0.8973132564741022,0.05379396517080879,3.0953236257328705,0.23174171925852044
749,753,34,0.00012087098066866234,1.5241018514284683e-05,0.009881876573404846,0.0006695379069877066,1.0546763083514046,0.13202617542354367,0.9233289571369395,0.06422954150411642,3.1460801994099334,0.2149874071527501
750,754,34,0.0013861565196694916,0.0008691977578598426,0.025068955112467792,0.006199986427818502,0.9336026582647773,0.5265257179853113,0.6578792018048903,0.1483525938333935,2.431878850740545,0.5824556721123721
751,755,34,0.0007517459615722627,0.0005535144938960513,0.021956573048716083,0.005245334691914413,0.93123359189314,0.4757293117962086,0.7977837569573346,0.16789217910439197,2.7969220491016613,0.8725416905990442
752,756,34,0.0013961719831807867,0.0006950623995754457,0.028937442721251178,0.006764270739002792,1.0607665970044977,0.8782523219590083,0.7934333576875574,0.21944317040213193,2.8249736743814804,1.151544108102269
753,757,34,0.0022791813997387446,0.0008035008843145454,0.03958863677347407,0.006331152500207684,0.9098395372138304,0.30266218705978015,0.7944478340008679,0.12216837141075138,2.4971103563028225,0.41011102991199505
754,758,34,0.004201446454424192,0.001949767365250635,0.045581836308188295,0.010561055117742888,0.9846191266003776,0.4343847882832654,0.7005834956379497,0.1445156131422963,2.5481500345117905,0.5433132189488906
755,759,34,0.0011880223036688916,0.000493855741385147,0.028463327325880527,0.0053568087167481905,1.01991085971103,0.4392548198886829,0.8326038034523234,0.16109326797814238,3.035521998124964,0.6177757008386537
756,760,34,0.0017258455447838915,0.0016961989371074113,0.02543692583875621,0.008340751007641766,0.7704344054355341,0.5086398242653668,0.5619534464443431,0.12743112861631353,2.1043518746600434,0.48562626787213825
757,761,34,0.001008220127379686,0.003191640480635316,0.01726834276033675,0.008677733896090509,1.4802023636944153,4.227828706876381,0.7110476555193171,0.3105665666522519,2.1875838497105766,0.8902378723335275
758,762,34,0.0010332211677450687,0.0008302969795822674,0.024271561599829617,0.005333411211995607,1.112227349596865,0.8751884286521882,0.7994618932990467,0.20337887385796966,2.367863556917976,0.7177465304829649
759,763,34,0.002425200374358717,0.0020806260042497203,0.027826859917053404,0.009953557931189148,0.8857765539604074,0.7755416618344582,0.5342008480254341,0.18080100868437118,1.8273450749761917,0.6772431101434722
760,764,34,0.0006457015705938615,0.0002230254954617066,0.020374759374295965,0.003927970254838211,0.9489625429405886,0.25761351554267764,0.7864089625723222,0.11653828377911465,2.8116359430200912,0.46597979137249573
761,765,34,0.0003803561575135545,0.00010818639843143769,0.01575167682569693,0.0024526608098071377,0.9743351357824662,0.3220694383148782,0.7951963456238017,0.1396151888432619,2.8699311158236336,0.5253795074718238
762,766,34,0.0016876365099211827,0.001758641292942247,0.023874454337226993,0.008341861443663782,0.9741157705292982,0.9015372451955669,0.6070056391112945,0.17779311618934723,1.9378559116054983,0.6411096361411268
763,767,34,0.001428410061635077,0.0003971921383471222,0.03198964849990957,0.00408115001502852,0.9756236567216761,0.29423061515792526,0.8353969559949987,0.11313665020379056,2.787193543770734,0.47378354967893227
764,768,34,0.00786936143413186,0.0038558251746983545,0.06132555884473464,0.013117299715823516,0.9099940473542494,0.4884649931456179,0.6570368190022076,0.14338800587672856,2.301201178747065,0.5499362290590315
765,769,34,0.003125508225125754,0.002495043431331406,0.038515241433154136,0.012765498794041586,0.8811851652229533,0.6379203437874764,0.6577998610103831,0.18879387775934275,2.1221910925472485,0.6495359584986942
766,770,34,0.0027448556570829276,0.0022571321876493386,0.036096611169769484,0.01178292118928851,0.8539195858380374,0.6474156651195623,0.6490645469988093,0.18369834476067118,2.0722364643040825,0.6420179688200061
767,771,34,0.0014548177526140695,0.0011726744286490959,0.02861897140631781,0.007290395766493954,0.8597720431930879,0.44649735875421553,0.7190795374267241,0.13629975888413948,2.3175744449391082,0.4830745357437598
768,772,34,0.002319256097133107,0.0017340382006323972,0.033174178453491014,0.008344237241891334,1.059226549723569,0.9731975313872129,0.7083631937994677,0.20020115647720646,2.0765086692922257,0.6444209702861216
769,773,34,0.0031692068082253065,0.004890907844997364,0.031932608306627065,0.015317865174532966,0.9338993097052855,1.0174121168091577,0.594639217152315,0.19811839410839116,1.7029930440818561,0.6152873336324428
770,774,34,0.0027650211957413427,0.0037928333582171207,0.027153102544081563,0.013334853593416266,1.299637215978959,2.061023662877233,0.6012491031604654,0.3181792635774922,2.201237643466276,1.1949623506801605
771,775,34,0.0012953589980230283,0.0009411309684832171,0.029273757765836576,0.009043918938416698,0.9925451681894415,0.3429772121486825,0.8544006558025584,0.16213348648360296,2.8260824610205257,0.6330477707049935
772,776,34,0.0014079876016373472,0.0009839374478887266,0.026803048491916236,0.008123262372574437,1.0793030858039856,0.5917282992838934,0.7587516053634531,0.16868476289995107,2.7074831268366646,0.6278470896878979
773,777,34,0.001125290131312795,0.0005281372668858916,0.028175403528353748,0.006499164226331937,1.0468186403022093,0.5759571132086776,0.8661491274833679,0.173982864529913,2.8782447085661045,0.6963278214595362
774,778,34,0.000762681733142338,0.00027083955481045126,0.02348003610420753,0.004290686876854433,0.9359982083825504,0.3098802625321512,0.8252993085805107,0.13566960399541605,2.6571588972035576,0.4246212489880005
775,779,34,0.0015489925674902385,0.0007233221887066975,0.028906308662365463,0.005268860025901875,0.9034098404295304,0.3482990409635525,0.7090514793115503,0.10896204576190652,1.8589635421248043,0.3383740090664846
776,780,34,0.0012597758562632783,0.0005221022310291768,0.028174793128581607,0.0039851906357744205,1.066097732852487,0.4842988402863277,0.8191192553323858,0.14403715278634643,2.6307292896158554,0.5179923477012662
777,781,34,0.001277799130869372,0.0004849147879168821,0.029545935528243288,0.004591551965198254,0.9689880250131383,0.3382905931453131,0.8183259508189034,0.12762056231376645,2.5785433229278114,0.44534034380031395
778,782,34,0.0013333795975674601,0.000401049534967269,0.030939966001931357,0.004411708894454872,0.9723743077586678,0.3474696688058228,0.8330196282442879,0.13665412675522196,2.76512244869681,0.49799248307022054
779,783,34,0.003224478068980662,0.0013636718151973633,0.0428638069287819,0.008998818511588656,0.9781895192230449,0.3889619387512203,0.7495765528258156,0.1279802637685976,2.005407585817225,0.38901958757429983
780,784,34,0.0012460015731288448,0.00043283262802586733,0.028758001952048612,0.004363923584178049,0.8633130359299043,0.3218967657942947,0.7550516093478483,0.12955446587180133,2.3441574643639957,0.4456409819459205
781,785,34,0.003341781533569755,0.003207961541727504,0.03845091947518727,0.01216354967593095,1.2911452835097033,1.970466032361854,0.7266315493513557,0.28488440020258154,2.0163162736331715,0.8986027367057438
782,786,34,0.003209455931723556,0.0023888409332597504,0.039773074416991544,0.010333856911039245,1.076148395152653,0.8406298672995997,0.7315523712074056,0.18409593161096025,2.076113048721762,0.5891663761502844
783,787,34,0.0014924237561097149,0.001283258983199846,0.030195847153663635,0.008576925752447725,1.3537292077260858,1.2613850523065202,0.9092948962660397,0.23039112451057805,3.087431045139537,0.68976702562681
784,788,34,0.001113476717043394,0.0006298969392280349,0.02754765738020925,0.007464174781270054,1.0564329150845022,0.43734669889824396,0.8669468602713417,0.1394867117470932,3.208393468576319,0.5407119365641584
785,789,34,0.0020157216794734053,0.001521561099859092,0.030534977093338966,0.010778399944824173,1.1235853144351173,0.8045008145028779,0.7173711368266273,0.24941320826926527,2.6960141799029183,0.9329575016721646
786,790,34,0.0002740302162933136,0.00033979181829064167,0.012132269275539061,0.004294157420345907,1.0452696063062723,0.8208727810093407,0.7919196495238472,0.24602327803136967,2.7181968408472397,1.103870286171575
787,791,34,0.008579587146146771,0.004645119733625011,0.06387143921764458,0.014650295984028124,0.9322168678045273,0.557716997853166,0.6619928461663863,0.15610303969966413,2.3338365765178906,0.6001579856429141
788,792,34,0.0011879946207901573,0.00034222194369873485,0.028821444851072395,0.003644745593444047,0.9774173077415017,0.31856707001215245,0.8253985345363617,0.11969927289856787,2.6603043359868668,0.45220311328804563
789,793,34,0.003480140941546244,0.003110638692640822,0.03650178869857507,0.012600010451117694,1.0408196142491173,0.8357771250961776,0.6533402835621553,0.17708717271782023,2.263291225713842,0.647353010712898
790,794,34,0.0015998094664503109,0.0009506725292783403,0.02852886268759475,0.007248339680292979,0.9510510603294653,0.5870117897315134,0.702725366634481,0.2183692091602911,2.2888855127727283,0.8470851623070497
791,795,34,0.0013496731390820488,0.0016212629937830093,0.02155125280842185,0.010359974640652725,1.2949039427673115,2.161353649307816,0.6953199409386691,0.34126276905204395,2.1528285566498253,0.9507037156601826
792,796,34,0.0022290818913675405,0.003013447262016832,0.023562031469362622,0.011481774643689085,1.22373820775572,1.5861210059134647,0.5790739725617802,0.2647382685064323,1.8490196781999924,0.8813047867382593
793,797,34,0.003491755853782011,0.0026012430252406733,0.03259137092048631,0.011974119493899189,0.9148508994018331,0.7071281413382338,0.5396255736841875,0.1728524925480207,1.768465354162104,0.5802627888676722
794,798,34,0.00642544635818066,0.002017570775294444,0.0615196585216943,0.010719024330643897,1.0617010698598974,0.3163563641487948,0.7901492995374343,0.1195105667651825,2.309914224288043,0.3666220586830731
795,799,34,0.0010369035675573874,0.00022717878771687895,0.027004351565504774,0.0031415154785843905,1.014905473765205,0.25535304242987505,0.8432041301446802,0.10297381899952547,2.857196373098037,0.36223234728248327
796,800,34,0.0007105768035056398,0.0007955084559720365,0.018805878264281678,0.003869986856119632,1.220877220525461,1.7389997393328844,0.8097859866478864,0.24229901700886838,2.9548220038414,0.9331656515968676
797,801,34,0.0077174076098291315,0.003306774478847569,0.06364584527909756,0.012324829211387521,0.9271050744196948,0.42771268009212526,0.6958688418654835,0.13512924206083282,2.307477021918577,0.5362552034684416
798,802,34,0.0004853161483290879,0.00014747460012000445,0.01792679535334601,0.002293674728715641,0.942237913608551,0.2985735692641768,0.789180073667975,0.10624004035284564,2.46967415599262,0.40763972604156457
799,803,34,0.0040933170633198806,0.004842317469875097,0.04069604817777872,0.015622616999171552,1.1285954170367296,1.3283539991157605,0.6855723498498693,0.23507222321666454,1.9236622838413013,0.943190097875277
800,804,34,0.004756219438551103,0.0011207363011177742,0.05559234649819486,0.0069274757664789886,1.00110561356825,0.31836864686081295,0.8025152560542611,0.1314002521795854,2.17519607964684,0.47385463854833476
801,805,34,0.0009618160479209002,0.00015186657329119166,0.02751162993338178,0.0030083509751805057,0.9691909130881814,0.155269501320103,0.8731110990047455,0.09465258797634116,2.961885459282819,0.3237924961659059
802,806,34,0.0015356880099074367,0.0006351343905555935,0.03415558218736859,0.004022383456796358,1.041048815145212,0.45102050696992796,0.8870581528719734,0.14141897616847685,3.2588545224245857,0.45810083888197006
803,807,34,0.0037972824220025144,0.004914428771262631,0.03690894999924828,0.01733414792170987,1.542597265804515,1.5601991950111633,0.8318491735879112,0.2761902941636389,3.044859535553876,1.0243873452964105
804,808,34,0.0031991444514406953,0.0016333058890639276,0.04037776994792854,0.009565685818132979,0.9031761428889107,0.49681567768556467,0.6737208787132712,0.1740139950641258,2.2001140608507046,0.5750986347418254
805,809,34,0.0027915757245329373,0.003950657470762277,0.039924911223351955,0.01187232578246929,1.1306481221142937,1.3768195311379672,0.8171279482981738,0.21860634693164951,2.537801476085887,0.6548457660822737
806,810,34,0.0014417480612310635,0.0011514594928261253,0.026700909194700858,0.006899779411248243,1.020137550199733,0.8315837753996197,0.7075277470490512,0.22538692969907492,2.222679706180797,0.7898759187013474
807,811,34,0.000730000900255297,0.00021225306235911573,0.022923101616256377,0.003448051771976492,0.9195678312988842,0.2761669696651411,0.8133794630275053,0.14229762992077222,2.6109994579763973,0.540220641118257
808,812,34,0.0007278271711102742,0.00026738716369278015,0.0222038421779871,0.0039360828092985765,0.9832650650950039,0.35957433658511284,0.8159097555805656,0.13583220791930803,2.5785065047881184,0.4575821229499803
809,813,34,0.0036993981749915026,0.002539492096421016,0.0392907100784428,0.012664276462458744,0.9398886066149262,0.7009190301341434,0.6279214690713322,0.20861777871735804,2.148741704576156,0.7295398193536273
810,814,34,0.007271775410866693,0.003973968971889842,0.05405278405284181,0.01243522141678676,1.0137878936879776,0.5401565814271022,0.6370708802167107,0.12592140660075782,1.9531164975727306,0.4480889716678695
811,815,34,0.0023824642703402787,0.001724336589430097,0.03186757709173595,0.00916026635864077,1.00015410517945,0.6238904840615269,0.6711272430770537,0.16098593381683715,1.9888983789612265,0.5077602433537535
812,816,34,0.0010613216573427267,0.0005153208332093163,0.025630881735945448,0.005466418078200421,0.9973411077962202,0.5264652154656136,0.783675516352934,0.18508777931219472,2.4674578870044037,0.6735755340701305
813,817,34,0.0004295849740789409,0.00035943775932460785,0.01560886119328001,0.005763390143197895,1.0194069655502545,0.6699795709935296,0.7855636021670174,0.16938207950718467,2.615440417738522,0.7029060221290776
814,818,34,0.0008386320662205381,0.0005426611259407802,0.02310969483326463,0.004399103586199247,1.0091939936665928,0.6456435986456013,0.8020552598378238,0.1519637954271768,2.5066000188098236,0.5342398363486639
815,819,34,0.0037196966620874315,0.0024461224883400813,0.03886405767544227,0.01174529074511332,0.9107748576823402,0.5272004252427629,0.610738589483149,0.1620232607791722,2.0369546273175407,0.5426759123572484
816,820,34,0.0005618141782607007,0.00035781238821838674,0.019530909902909222,0.0024845715340917006,0.9513674913083806,0.47610225244620946,0.8095326783025966,0.17417067496746996,2.706890509409063,0.6235154756113496
817,821,34,0.0006347273764036157,0.00011707358953264259,0.021929965464069563,0.002499549707159931,0.9755391951869515,0.1747575328043103,0.8601235221414005,0.09523394321248664,2.8823620922425213,0.35867737482570505
818,822,34,0.002644501581979806,0.00233951245129498,0.037468575488995105,0.0177665381067584,0.9805403921534034,0.5845757915688892,0.7710122886826011,0.17571794421377673,2.623083447708803,0.6441359851468916
819,823,34,0.00037348599203944425,0.00010449710539329876,0.0168540442143293,0.002069270320540259,0.8823294955141404,0.2613098784164742,0.8182559381513035,0.13107570266486787,2.934981311068815,0.5027934644904948
820,824,34,0.0009261608536368893,0.0006223813625985135,0.02397094020510421,0.004712343953440156,0.9323634369408383,0.5768876483800699,0.7597964221940321,0.19829715725967603,2.450792102252736,0.7010233347444961
821,825,34,0.002754358609843835,0.0029242668519886077,0.034142424681169146,0.012863150753994664,1.4340583261321573,1.9808321979515315,0.8015463904422873,0.27096744253676097,2.828378074309405,1.2357493267850226
822,826,34,0.0008978103664155831,0.0003408351315546458,0.024774527177214622,0.0043729600617089534,1.1195569301352781,0.45133815269897865,0.8722275793552399,0.14011714580609122,3.1802579164505005,0.636852151634052
823,827,34,0.00202245543786215,0.0010159104253769813,0.0317784333601594,0.0063866666443874506,0.9552777216714972,0.5308498833502052,0.6874045817291036,0.15626374866751044,2.243721940938164,0.5335073946549509
824,828,34,0.0012360801047179848,0.0008085390567859409,0.02452662677558906,0.006223933937899844,0.8953554384848651,0.409024181918637,0.6884232312440872,0.16379687796116835,2.3209448106148662,0.6367921404453453
825,829,34,0.001405544568757143,0.0005664333294071206,0.028237363104434574,0.005216434788747947,0.9406000673770905,0.47692260331913056,0.7240317542763317,0.17382591949286183,2.408117858802571,0.6053497169043954
826,830,34,0.0011949594122330274,0.0005324728337020102,0.027515678118695232,0.004489016600241194,0.8669968659386915,0.30031669682876844,0.7599048579440397,0.15338340118441846,2.536099917748395,0.6599675757338901
827,831,34,0.00021099324401481734,7.091358697162302e-05,0.012614718912278904,0.0018642467846016828,1.0192088660071879,0.31633040213025343,0.8768948351635653,0.13302241948608878,3.2246816684218014,0.5058757905686468
828,832,34,0.0004000315350233851,0.0002729432623758581,0.016593242885873598,0.002821084828933607,0.9664742192801308,0.5530799344590274,0.8197382653460783,0.15816580699807536,2.8471978376893436,0.5420483114957165
829,833,34,0.0014547452793682598,0.0023286201510210967,0.023168456576326314,0.013657772557658831,1.0658185499555923,1.2593099700345536,0.7459614706390044,0.26264883946420614,3.026587363551645,1.1862186207680365
830,834,34,0.0017012524134342505,0.0009244205670039489,0.03437721137614811,0.009051133450985925,1.0478283499970156,0.714589034095578,0.8622829510885126,0.18826980351730913,2.6800905501141266,0.7533964026583017
831,835,34,0.0008979594276752323,0.000244642843284613,0.026063738938640144,0.002917110326058563,0.9906725848422331,0.21676347541659974,0.8708567917346954,0.11250182303437677,3.0799828066545376,0.44159697568412837
832,836,34,0.0008537408806767096,0.001114728328222174,0.020466643358197284,0.005838447560165194,1.2852902614018495,1.804182339804165,0.8286445368738735,0.2407611270874167,2.9941273962750152,0.8344395848364801
833,837,34,0.003895974440691883,0.0029953145151682035,0.04263606294989586,0.016219127967183954,0.9487666268559063,0.4728151042496588,0.6836578144746668,0.16855906611900687,2.5789839099435246,0.7421683325466132
834,838,34,0.00028643286093617515,0.00010666454681349395,0.014370143673766185,0.0029715919542676,1.042950631941066,0.35160231772305556,0.874530702829361,0.11817698103367066,2.7797420655979828,0.3908499858038902
835,839,34,0.0042137979762628675,0.0014275163680714258,0.05085156167692998,0.00739288467976011,1.0194217737983255,0.4074420040546746,0.7899516189799589,0.12232640690383421,2.413987573455362,0.4581347620828907
836,840,34,0.011273213448208374,0.019893585809336197,0.04641453951925916,0.0611827421557502,1.2432456630117752,0.986540170971879,0.8628502330359291,0.14553022964894968,2.9697748387561127,0.8183920990334483
837,841,34,0.0006525933602140011,9.870545355101116e-05,0.02285009019953363,0.0012388251871282376,1.0498225092887878,0.12918976504421956,0.9178391905391917,0.04898419376439659,3.4637167734258316,0.2337026653720899
838,842,34,0.0010612019567120383,8.554541854761548e-05,0.029292569495737553,0.00135600203835322,1.020416903145173,0.10511618760544897,0.9079192473607904,0.05529012530335254,3.4704238246468937,0.24903119012135366
839,843,34,0.0010956041044076247,0.0015168224608228436,0.02123408057891271,0.005039401441017191,1.5404400176861708,2.3612506494364562,0.8407016107264687,0.2539943431609143,2.9438146177460167,0.8524631169979187
840,844,34,0.00028872407496879427,4.6149436681596056e-05,0.015684942112249488,0.0008319019916818279,1.0159604812369627,0.20000426877998892,0.9294855734881233,0.08501851143494858,3.7325303975273583,0.35451781060206466
841,845,34,0.0015963473184349235,0.0015531478054634019,0.021584438187453675,0.00834009437969718,0.867071687736932,0.6820720519887464,0.5422860322629705,0.14462388175865343,1.927839019719292,0.5859311900152725
842,846,34,0.002391764794832424,0.0010134750943400531,0.0344425456269699,0.006777637386563851,0.9396052903988782,0.4388155215847306,0.6792476448942634,0.14921501397750317,2.2807844211073482,0.5349834936475886
843,847,34,0.0029861989657065887,0.001444435594746636,0.0397397594197708,0.009109293821594328,0.9674399328582427,0.4986911448062956,0.712707239038804,0.16860351893421,2.6138608385534847,0.656766468291116
844,848,34,0.0015265026047606679,0.0010023479535530705,0.027096463805612397,0.006755909069760077,0.9188594975892235,0.6310414965704896,0.6620364259271061,0.17052180310798465,2.028527961057775,0.5884617287155023
845,849,34,0.0027016663242487565,0.001421458301597297,0.03503234136630507,0.008983999369583757,0.9388201552278855,0.44805132180712354,0.6594488270142499,0.1460948672510089,1.9202663828344906,0.48667033951539496
846,850,34,0.0005905358249198317,0.0003863800945863378,0.017924276837969527,0.0030852004298333145,0.87367272508495,0.3967900466991463,0.7165836954818052,0.18775310788159263,2.281216901891372,0.6301935850850243
847,851,34,0.00204256949826445,0.002154900530057923,0.028586908161421034,0.014161269068943567,0.9730095896212494,0.8615318881365103,0.6548481487175998,0.2036384469811256,2.414611947887084,0.6890613149495206
848,852,34,0.00013993515938850846,8.917427562025071e-05,0.009785624001832569,0.003982472729284315,0.9608798088396296,0.22223155081882837,0.8597734745811013,0.11906800898545751,3.123785187216366,0.30964098138271434
849,853,34,0.00017182318975649062,6.624298647168457e-05,0.011416291667367606,0.002346075134819533,1.0878226634334116,0.5859991766486252,0.9070751526776482,0.14517970242213,3.191197584657108,0.4906924730137878
850,854,34,0.0005736278762924485,0.0011735859018040561,0.016443142996114844,0.004434996711960929,1.7495333973099203,4.968948680409141,0.8276556502370274,0.2898928781949359,2.5491072745884167,0.9944914938814396
851,855,34,0.0004697143569287351,0.0007326140638070441,0.014273651108583984,0.004343904824960028,1.4444250455674004,3.013134331815557,0.7912165443686878,0.279470318448799,2.7041351549765644,0.9323300135826013
852,856,34,0.0001863015504033469,6.608396627216261e-05,0.011913509368348648,0.002240849620145533,0.958003909272306,0.22534686342781704,0.859198197722435,0.13798069838420185,3.0333897155873917,0.45200773802797367
853,857,34,0.000394478378653088,0.0008193474274277861,0.014320422456983258,0.0030133650071515355,1.540884042487425,3.106497098617296,0.9075585814083323,0.17471268343862842,3.310913219171412,0.6736712041097755
854,858,34,0.0002747090920285486,9.52603102325791e-05,0.014323749689056593,0.002334740162260391,1.007467590710696,0.3377180813677109,0.8718782172483557,0.1289813461154741,3.3557395023458145,0.5054695120435695
855,859,34,0.0005240849628428216,0.000764911593898383,0.017498995067880434,0.0034077576637228735,1.3720777245128857,2.337809082737724,0.8779684375314152,0.18223176795290505,3.339238966212553,0.6783903363579944
856,860,34,0.00036406591628774013,0.0005640368335610483,0.014106374425703989,0.0030794479328007996,1.6164500993840836,3.0294650805527645,0.9277094304561615,0.14020166797828654,3.1212438029401444,0.7493188184939549
857,OT,34,0.00035748021978446664,0.00010570082456340025,0.016551174168639323,0.0024182324508774116,1.0065558552742004,0.1312394366128714,0.8858804930658901,0.07648832164050899,3.300180154688218,0.3075450101949174
