user_id,user_name,query_index,query_datetime,mse,mae,nmse,nmae,mase
0,port1016_raw__import,6,2019-01-07T00:00:00.000000,1778.8480224609375,42.1763916015625,0.0004352201067376882,0.020861929282546043,0.0147042041644454
1,port1016_raw__export,6,2019-01-07T00:00:00.000000,1105268.75,1051.317626953125,0.09484650194644928,0.3079715967178345,0.2476930469274521
2,port1035_raw__import,6,2019-01-07T00:00:00.000000,10042973.0,3169.06494140625,0.1780266910791397,0.4219321012496948,0.286024272441864
3,port1035_raw__export,6,2019-01-07T00:00:00.000000,47526120.0,6893.9189453125,0.9948797225952148,0.9974365830421448,0.9421729445457458
4,port1057_raw__import,6,2019-01-07T00:00:00.000000,266169664.0,16314.70703125,2.2720282077789307,1.5073248147964478,0.9860907196998596
5,port1057_raw__export,6,2019-01-07T00:00:00.000000,14299870.0,3781.516845703125,0.13638456165790558,0.36930280923843384,0.29878613352775574
6,port1065_raw__import,6,2019-01-07T00:00:00.000000,427100992.0,20666.421875,0.09626823663711548,0.3102712333202362,0.3225627839565277
7,port1065_raw__export,6,2019-01-07T00:00:00.000000,1213575168.0,34836.40625,2.2112905979156494,1.4870408773422241,1.3114149570465088
8,port1070_raw__import,6,2019-01-07T00:00:00.000000,25991243776.0,161218.0,35.627540588378906,5.968881130218506,6.1163763999938965
9,port1070_raw__export,6,2019-01-07T00:00:00.000000,2130137600.0,46153.4140625,2.185178756713867,1.4782350063323975,1.5069572925567627
10,port1071_raw__import,6,2019-01-07T00:00:00.000000,622240384.0,24944.74609375,0.31065061688423157,0.5573604106903076,0.30727487802505493
11,port1071_raw__export,6,2019-01-07T00:00:00.000000,41055544.0,6407.4599609375,0.12946365773677826,0.35981059074401855,0.339351624250412
12,port1073_raw__import,6,2019-01-07T00:00:00.000000,241521952.0,15540.9765625,0.15083883702754974,0.3883797526359558,0.30375421047210693
13,port1073_raw__export,6,2019-01-07T00:00:00.000000,61445260.0,7838.70263671875,0.27138593792915344,0.5209471583366394,0.3863869309425354
14,port1086_raw__import,6,2019-01-07T00:00:00.000000,3386698.0,1840.29833984375,0.07372789829969406,0.27152881026268005,0.23512950539588928
15,port1086_raw__export,6,2019-01-07T00:00:00.000000,8619733.0,2935.938232421875,0.4000000059604645,0.6324555277824402,1.7142856121063232
16,port1112_raw__import,6,2019-01-07T00:00:00.000000,8169.6748046875,90.3862533569336,0.2156071811914444,0.46433520317077637,0.8810359835624695
17,port1112_raw__export,6,2019-01-07T00:00:00.000000,331058.625,575.376953125,0.018069298937916756,0.13442209362983704,0.13847485184669495
18,port1128_raw__import,6,2019-01-07T00:00:00.000000,748588736.0,27360.349609375,1.9497997760772705,1.3963522911071777,1.1430082321166992
19,port1128_raw__export,6,2019-01-07T00:00:00.000000,85749640.0,9260.1103515625,0.6114361882209778,0.7819438576698303,0.49876901507377625
20,port1135_raw__import,6,2019-01-07T00:00:00.000000,69937.375,264.4567565917969,0.1666666567325592,0.40824827551841736,0.8571428060531616
21,port1135_raw__export,6,2019-01-07T00:00:00.000000,6408.82763671875,80.0551528930664,0.1666666716337204,0.40824830532073975,0.4285714328289032
22,port1160_raw__import,6,2019-01-07T00:00:00.000000,387020928.0,19672.84765625,0.39247187972068787,0.6264757513999939,0.7455824017524719
23,port1160_raw__export,6,2019-01-07T00:00:00.000000,126124656.0,11230.5234375,0.029884854331612587,0.1728723645210266,0.22760643064975739
24,port1189_raw__import,6,2019-01-07T00:00:00.000000,290185184.0,17034.822265625,0.5775697231292725,0.7599800825119019,0.7918233871459961
25,port1189_raw__export,6,2019-01-07T00:00:00.000000,148562384.0,12188.6171875,1.0797160863876343,1.0390938520431519,0.7628173232078552
26,port1197_raw__import,6,2019-01-07T00:00:00.000000,522235520.0,22852.47265625,2.3212623596191406,1.5235689878463745,1.3390154838562012
27,port1197_raw__export,6,2019-01-07T00:00:00.000000,642762752.0,25352.765625,4.454347610473633,2.110532522201538,2.9902687072753906
28,port1201_raw__import,6,2019-01-07T00:00:00.000000,7719171072.0,87858.8125,0.26385965943336487,0.5136727094650269,0.4685389995574951
29,port1201_raw__export,6,2019-01-07T00:00:00.000000,18115813376.0,134595.0,0.28088971972465515,0.5299903154373169,0.5277332663536072
30,port1248_raw__import,6,2019-01-07T00:00:00.000000,13340282.0,3652.43505859375,0.1954849511384964,0.4421367943286896,0.6656932234764099
31,port1248_raw__export,6,2019-01-07T00:00:00.000000,379413856.0,19478.548828125,1.4284493923187256,1.1951775550842285,0.9847189784049988
32,port1266_raw__import,6,2019-01-07T00:00:00.000000,25756743680.0,160489.078125,0.7852827310562134,0.8861618041992188,0.6780374646186829
33,port1266_raw__export,6,2019-01-07T00:00:00.000000,8864801792.0,94153.078125,8.602645874023438,2.9330267906188965,2.0241448879241943
34,port1269_raw__import,6,2019-01-07T00:00:00.000000,9487079424.0,97401.640625,2.2644541263580322,1.5048103332519531,1.7377957105636597
35,port1269_raw__export,6,2019-01-07T00:00:00.000000,99576000.0,9978.77734375,0.17375607788562775,0.4168405830860138,0.24521711468696594
36,port1284_raw__import,6,2019-01-07T00:00:00.000000,558573440.0,23634.158203125,3.13767409324646,1.7713481187820435,1.7765088081359863
37,port1284_raw__export,6,2019-01-07T00:00:00.000000,881476992.0,29689.677734375,5.18461275100708,2.2769744396209717,1.9853272438049316
38,port1304_raw__import,6,2019-01-07T00:00:00.000000,53094220.0,7286.578125,0.11339498311281204,0.33674171566963196,0.29675617814064026
39,port1304_raw__export,6,2019-01-07T00:00:00.000000,49272132.0,7019.4111328125,0.5639820098876953,0.7509873509407043,0.7097730040550232
40,port1309_raw__import,6,2019-01-07T00:00:00.000000,149567.4375,386.739501953125,0.43811899423599243,0.6619055867195129,1.561456561088562
41,port1309_raw__export,6,2019-01-07T00:00:00.000000,30320876.0,5506.439453125,0.9017887115478516,0.949625551700592,0.9306395649909973
42,port1318_raw__import,6,2019-01-07T00:00:00.000000,4163415040.0,64524.53125,1.4744101762771606,1.2142529487609863,1.5746103525161743
43,port1318_raw__export,6,2019-01-07T00:00:00.000000,1655694.125,1286.73779296875,0.26962190866470337,0.51925128698349,0.4836243689060211
44,port132_raw__import,6,2019-01-07T00:00:00.000000,242242992.0,15564.1572265625,1.0111315250396729,1.0055503845214844,0.7088164687156677
45,port132_raw__export,6,2019-01-07T00:00:00.000000,1155720.25,1075.0443115234375,0.18660610914230347,0.43197929859161377,0.9004628658294678
46,port1330_raw__import,6,2019-01-07T00:00:00.000000,166360.875,407.87359619140625,0.455289363861084,0.674751341342926,0.5302810072898865
47,port1330_raw__export,6,2019-01-07T00:00:00.000000,2271.59521484375,47.6612548828125,0.001141588669270277,0.033787403255701065,0.05295630544424057
48,port1358_raw__import,6,2019-01-07T00:00:00.000000,444499552.0,21083.158203125,0.5275814533233643,0.7263480424880981,0.8325464725494385
49,port1358_raw__export,6,2019-01-07T00:00:00.000000,16826976.0,4102.06982421875,0.5557543635368347,0.7454893589019775,0.7896319031715393
50,port139_raw__import,6,2019-01-07T00:00:00.000000,10847026.0,3293.482421875,0.4285005033016205,0.6545994877815247,0.8355317711830139
51,port139_raw__export,6,2019-01-07T00:00:00.000000,1961735.625,1400.6197509765625,0.31489911675453186,0.5611587166786194,0.4285714328289032
52,port1410_raw__import,6,2019-01-07T00:00:00.000000,2809874688.0,53008.25,0.6787233948707581,0.823846697807312,0.8787785172462463
53,port1410_raw__export,6,2019-01-07T00:00:00.000000,145928096.0,12080.0703125,0.734071671962738,0.8567798137664795,0.6717264652252197
54,port1414_raw__import,6,2019-01-07T00:00:00.000000,58774264.0,7666.4375,0.07860343903303146,0.2803630530834198,0.16997653245925903
55,port1414_raw__export,6,2019-01-07T00:00:00.000000,3343255296.0,57820.890625,3.352482795715332,1.8309786319732666,1.3364914655685425
56,port1425_raw__import,6,2019-01-07T00:00:00.000000,1250171264.0,35357.76171875,1.413067102432251,1.1887249946594238,0.8130680322647095
57,port1425_raw__export,6,2019-01-07T00:00:00.000000,62988468.0,7936.52734375,0.3908807337284088,0.6252045631408691,0.8807946443557739
58,port1426_raw__import,6,2019-01-07T00:00:00.000000,4690948608.0,68490.5,0.3857123553752899,0.6210574507713318,0.4751761853694916
59,port1426_raw__export,6,2019-01-07T00:00:00.000000,30264988.0,5501.3623046875,0.3982526659965515,0.6310726404190063,0.6484436988830566
60,port168_raw__import,6,2019-01-07T00:00:00.000000,469396160.0,21665.552734375,5.620068550109863,2.370668411254883,1.6122972965240479
61,port168_raw__export,6,2019-01-07T00:00:00.000000,642863616.0,25354.755859375,1.7612967491149902,1.3271385431289673,1.0941767692565918
62,port193_raw__import,6,2019-01-07T00:00:00.000000,391716000.0,19791.81640625,1.150956153869629,1.0728262662887573,0.5419211983680725
63,port193_raw__export,6,2019-01-07T00:00:00.000000,327871008.0,18107.208984375,0.3259890377521515,0.5709545016288757,0.7479249238967896
64,port2017_raw__import,6,2019-01-07T00:00:00.000000,13014845.0,3607.609375,0.9028915166854858,0.9502060413360596,0.7187039256095886
65,port2017_raw__export,6,2019-01-07T00:00:00.000000,32760946.0,5723.7177734375,158.11083984375,12.574213027954102,11.585217475891113
66,port2025_raw__import,6,2019-01-07T00:00:00.000000,28468686.0,5335.60546875,0.10755200684070587,0.32795122265815735,0.34625956416130066
67,port2025_raw__export,6,2019-01-07T00:00:00.000000,22465582.0,4739.787109375,0.363183856010437,0.6026473641395569,0.403435081243515
68,port2027_raw__import,6,2019-01-07T00:00:00.000000,3333452800.0,57736.0625,10.719192504882812,3.274017810821533,2.921393632888794
69,port2027_raw__export,6,2019-01-07T00:00:00.000000,1989939840.0,44608.7421875,1.3592010736465454,1.1658477783203125,1.369781255722046
70,port2031_raw__import,6,2019-01-07T00:00:00.000000,120794400.0,10990.650390625,0.3344360589981079,0.5783044695854187,0.5511159896850586
71,port2031_raw__export,6,2019-01-07T00:00:00.000000,98662080.0,9932.87890625,0.7912945747375488,0.8895474076271057,0.7491111755371094
72,port2039_raw__import,6,2019-01-07T00:00:00.000000,326921440.0,18080.96875,0.16439588367938995,0.40545761585235596,0.2876749634742737
73,port2039_raw__export,6,2019-01-07T00:00:00.000000,49431088.0,7030.724609375,0.14427438378334045,0.37983468174934387,0.3124152421951294
74,port2044_raw__import,6,2019-01-07T00:00:00.000000,110144696.0,10494.984375,0.026223447173833847,0.16193655133247375,0.1744174063205719
75,port2044_raw__export,6,2019-01-07T00:00:00.000000,153440352.0,12387.1044921875,28.329469680786133,5.322543621063232,4.378150463104248
76,port2189_raw__import,6,2019-01-07T00:00:00.000000,1005172480.0,31704.455078125,37.150264739990234,6.095101833343506,7.181736469268799
77,port2189_raw__export,6,2019-01-07T00:00:00.000000,137093104.0,11708.6767578125,0.2693397104740143,0.5189794898033142,0.857545018196106
78,port22_raw__import,6,2019-01-07T00:00:00.000000,7618937.0,2760.2421875,0.5152407288551331,0.7178027033805847,0.7808920741081238
79,port22_raw__export,6,2019-01-07T00:00:00.000000,8100704.0,2846.173583984375,2.537693500518799,1.5930140018463135,1.0968704223632812
80,port254_raw__import,6,2019-01-07T00:00:00.000000,1873086336.0,43279.16796875,2.6229422092437744,1.6195499897003174,1.3169983625411987
81,port254_raw__export,6,2019-01-07T00:00:00.000000,1310455808.0,36200.21875,3.360910177230835,1.8332785367965698,1.2544336318969727
82,port270_raw__import,6,2019-01-07T00:00:00.000000,1218874.5,1104.0264892578125,0.7551381587982178,0.8689868450164795,1.1155723333358765
83,port270_raw__export,6,2019-01-07T00:00:00.000000,5559166.0,2357.788330078125,0.12280774861574173,0.3504393696784973,0.4124843180179596
84,port281_raw__import,6,2019-01-07T00:00:00.000000,41822208.0,6467.00927734375,0.4136599004268646,0.6431639790534973,0.6183052062988281
85,port281_raw__export,6,2019-01-07T00:00:00.000000,32788166.0,5726.09521484375,0.5363415479660034,0.7323534488677979,0.6949085593223572
86,port307_raw__import,6,2019-01-07T00:00:00.000000,35169560.0,5930.39306640625,3.116879463195801,1.7654685974121094,1.210471749305725
87,port307_raw__export,6,2019-01-07T00:00:00.000000,3415978.5,1848.236572265625,2.3916642665863037,1.5465006828308105,1.483339548110962
88,port310_raw__import,6,2019-01-07T00:00:00.000000,3931441408.0,62701.20703125,3.2837576866149902,1.8121141195297241,1.5120573043823242
89,port310_raw__export,6,2019-01-07T00:00:00.000000,121275848.0,11012.53125,1.6382766962051392,1.279951810836792,1.3129630088806152
90,port317_raw__import,6,2019-01-07T00:00:00.000000,552573888.0,23506.890625,8.92166519165039,2.9869155883789062,2.045621395111084
91,port317_raw__export,6,2019-01-07T00:00:00.000000,2438545.0,1561.5841064453125,0.6863191723823547,0.8284438252449036,0.564318835735321
92,port342_raw__import,6,2019-01-07T00:00:00.000000,59177620.0,7692.69921875,0.1624002307653427,0.40298911929130554,0.30902034044265747
93,port342_raw__export,6,2019-01-07T00:00:00.000000,40647920.0,6375.572265625,0.4574820399284363,0.6763741970062256,0.7094532251358032
94,port358_raw__import,6,2019-01-07T00:00:00.000000,306354.9375,553.493408203125,0.618860125541687,0.7866766452789307,0.9071102738380432
95,port358_raw__export,6,2019-01-07T00:00:00.000000,302264832.0,17385.765625,0.5756194591522217,0.7586959004402161,0.7107577323913574
96,port361_raw__import,6,2019-01-07T00:00:00.000000,27541464.0,5247.99609375,0.05223818123340607,0.22855673730373383,0.16377432644367218
97,port361_raw__export,6,2019-01-07T00:00:00.000000,2402562048.0,49015.9375,0.3409830927848816,0.5839375853538513,0.7359508872032166
98,port362_raw__import,6,2019-01-07T00:00:00.000000,1148639104.0,33891.578125,0.942606508731842,0.9708792567253113,0.6303966045379639
99,port362_raw__export,6,2019-01-07T00:00:00.000000,6117333504.0,78213.3828125,1.3068044185638428,1.1431554555892944,0.9226229786872864
100,port364_raw__import,6,2019-01-07T00:00:00.000000,112061248.0,10585.8984375,0.010000609792768955,0.10000304877758026,0.10426557809114456
101,port364_raw__export,6,2019-01-07T00:00:00.000000,150453152.0,12265.9345703125,2.197906494140625,1.4825338125228882,1.0597617626190186
102,port380_raw__import,6,2019-01-07T00:00:00.000000,15121025.0,3888.576171875,0.02994236722588539,0.17303863167762756,0.1236502006649971
103,port380_raw__export,6,2019-01-07T00:00:00.000000,241514512.0,15540.7373046875,0.7078081965446472,0.841313362121582,0.6763476133346558
104,port425_raw__import,6,2019-01-07T00:00:00.000000,242706464.0,15579.0390625,0.14212076365947723,0.37698906660079956,0.3293665647506714
105,port425_raw__export,6,2019-01-07T00:00:00.000000,267067728.0,16342.20703125,0.15329299867153168,0.3915264904499054,0.3361988663673401
106,port426_raw__import,6,2019-01-07T00:00:00.000000,7082756.0,2661.3447265625,0.17340333759784698,0.41641727089881897,0.30349358916282654
107,port426_raw__export,6,2019-01-07T00:00:00.000000,6506530.0,2550.7900390625,0.19640932977199554,0.4431809186935425,0.3067421019077301
108,port434_raw__import,6,2019-01-07T00:00:00.000000,56247508.0,7499.833984375,0.3019493818283081,0.5494992136955261,0.45540058612823486
109,port434_raw__export,6,2019-01-07T00:00:00.000000,61549212.0,7845.33056640625,2.843950033187866,1.6864014863967896,1.5015593767166138
110,port435_raw__import,6,2019-01-07T00:00:00.000000,50754548.0,7124.22265625,0.21841518580913544,0.467349112033844,0.274410218000412
111,port435_raw__export,6,2019-01-07T00:00:00.000000,9053604.0,3008.920654296875,1.9426867961883545,1.3938030004501343,0.7128075361251831
112,port439_raw__import,6,2019-01-07T00:00:00.000000,48568644.0,6969.12060546875,1.8184571266174316,1.3485018014907837,1.3078217506408691
113,port439_raw__export,6,2019-01-07T00:00:00.000000,36405696.0,6033.71337890625,3.5451953411102295,1.8828688859939575,2.122255563735962
114,port443_raw__import,6,2019-01-07T00:00:00.000000,29653124.0,5445.46826171875,1.1654709577560425,1.0795698165893555,0.8977820873260498
115,port443_raw__export,6,2019-01-07T00:00:00.000000,30611950.0,5532.806640625,0.6766998171806335,0.8226176500320435,0.8576604127883911
116,port446_raw__import,6,2019-01-07T00:00:00.000000,9494363136.0,97439.0234375,3.9358508586883545,1.9838979244232178,1.5651201009750366
117,port446_raw__export,6,2019-01-07T00:00:00.000000,40008196.0,6325.203125,0.060006171464920044,0.24496157467365265,0.2681433856487274
118,port484_raw__import,6,2019-01-07T00:00:00.000000,6469756.0,2543.571533203125,6.536036968231201,2.556567430496216,3.691718816757202
119,port484_raw__export,6,2019-01-07T00:00:00.000000,291600.65625,540.0006103515625,0.1586780995130539,0.3983441889286041,0.39889946579933167
120,port503_raw__import,6,2019-01-07T00:00:00.000000,11529291.0,3395.48095703125,0.05983739718794823,0.24461683630943298,0.3138604760169983
121,port503_raw__export,6,2019-01-07T00:00:00.000000,35832916.0,5986.06005859375,0.7144502997398376,0.8452516198158264,0.6930521130561829
122,port514_raw__import,6,2019-01-07T00:00:00.000000,2552282368.0,50520.1171875,0.9817091226577759,0.990812361240387,0.7112681865692139
123,port514_raw__export,6,2019-01-07T00:00:00.000000,5023814.5,2241.38671875,0.027698030695319176,0.16642725467681885,0.2380232810974121
124,port540_raw__import,6,2019-01-07T00:00:00.000000,186429152.0,13653.90625,0.1295309066772461,0.359904021024704,0.3786873519420624
125,port540_raw__export,6,2019-01-07T00:00:00.000000,391531168.0,19787.146484375,0.6628136038780212,0.8141336441040039,0.5691363215446472
126,port541_raw__import,6,2019-01-07T00:00:00.000000,11759454208.0,108441.015625,1.8252946138381958,1.3510346412658691,0.7713034152984619
127,port541_raw__export,6,2019-01-07T00:00:00.000000,8355487.0,2890.5859375,0.008069426752626896,0.08982998877763748,0.06593800336122513
128,port543_raw__import,6,2019-01-07T00:00:00.000000,123243392.0,11101.50390625,0.1603974550962448,0.4004965126514435,0.38617709279060364
129,port543_raw__export,6,2019-01-07T00:00:00.000000,178477312.0,13359.5400390625,0.7168362140655518,0.8466618061065674,1.2286241054534912
130,port555_raw__import,6,2019-01-07T00:00:00.000000,481309088.0,21938.7578125,0.46926116943359375,0.6850264072418213,0.947080671787262
131,port555_raw__export,6,2019-01-07T00:00:00.000000,31577358.0,5619.37353515625,0.9554531574249268,0.9774728417396545,1.1195025444030762
132,port570_raw__import,6,2019-01-07T00:00:00.000000,102288768.0,10113.791015625,0.36834436655044556,0.6069138050079346,0.6276043057441711
133,port570_raw__export,6,2019-01-07T00:00:00.000000,5837185536.0,76401.4765625,0.9205016493797302,0.9594277739524841,0.6396133899688721
134,port592_raw__import,6,2019-01-07T00:00:00.000000,139296976.0,11802.4140625,0.08399063348770142,0.289811372756958,0.22517043352127075
135,port592_raw__export,6,2019-01-07T00:00:00.000000,70635880.0,8404.515625,0.6445138454437256,0.8028162121772766,0.6431744694709778
136,port601_raw__import,6,2019-01-07T00:00:00.000000,416245.40625,645.1708374023438,0.7096185088157654,0.8423885703086853,0.6420824527740479
137,port601_raw__export,6,2019-01-07T00:00:00.000000,801042.125,895.0095825195312,0.469676673412323,0.6853296160697937,0.54100102186203
138,port62_raw__import,6,2019-01-07T00:00:00.000000,143855216.0,11993.9658203125,0.6899362802505493,0.8306240439414978,0.7133546471595764
139,port62_raw__export,6,2019-01-07T00:00:00.000000,262176.5,512.03173828125,0.0021974581759423018,0.04687705263495445,0.06371902674436569
140,port644_raw__import,6,2019-01-07T00:00:00.000000,10592591872.0,102920.3203125,0.9055742621421814,0.951616644859314,0.6138796806335449
141,port644_raw__export,6,2019-01-07T00:00:00.000000,200695536.0,14166.705078125,0.44008129835128784,0.6633862257003784,0.6596834659576416
142,port649_raw__import,6,2019-01-07T00:00:00.000000,176614576.0,13289.6416015625,0.793692946434021,0.8908944725990295,0.7981950044631958
143,port649_raw__export,6,2019-01-07T00:00:00.000000,14622982.0,3824.000732421875,0.4794473648071289,0.6924213767051697,0.4818728268146515
144,port657_raw__import,6,2019-01-07T00:00:00.000000,572461888.0,23926.17578125,1.2917289733886719,1.136542558670044,0.8425765037536621
145,port657_raw__export,6,2019-01-07T00:00:00.000000,32078622.0,5663.79931640625,2.2220230102539062,1.490645170211792,1.491708517074585
146,port667_raw__import,6,2019-01-07T00:00:00.000000,86441.09375,294.0086669921875,0.032320115715265274,0.17977796494960785,0.1259368658065796
147,port667_raw__export,6,2019-01-07T00:00:00.000000,4278936.5,2068.55908203125,0.11326818913221359,0.3365533947944641,0.27396759390830994
148,port672_raw__import,6,2019-01-07T00:00:00.000000,293262272.0,17124.90234375,0.0570804625749588,0.23891517519950867,0.20818963646888733
149,port672_raw__export,6,2019-01-07T00:00:00.000000,6103538688.0,78125.1484375,6.982672214508057,2.64247465133667,4.422606468200684
150,port67_raw__import,6,2019-01-07T00:00:00.000000,6147491.5,2479.41357421875,0.7598024606704712,0.8716664910316467,0.8580023646354675
151,port67_raw__export,6,2019-01-07T00:00:00.000000,5167545.5,2273.2236328125,0.907711923122406,0.9527391791343689,0.9846776723861694
152,port681_raw__import,6,2019-01-07T00:00:00.000000,306783776.0,17515.244140625,0.278280109167099,0.527522623538971,0.4285714030265808
153,port681_raw__export,6,2019-01-07T00:00:00.000000,28228950.0,5313.09228515625,0.4691125750541687,0.6849179267883301,0.8424034118652344
154,port738_raw__import,6,2019-01-07T00:00:00.000000,2769770.75,1664.2628173828125,0.45527222752571106,0.6747386455535889,1.4152780771255493
155,port738_raw__export,6,2019-01-07T00:00:00.000000,129209688.0,11367.0439453125,15.724846839904785,3.96545672416687,6.648624897003174
156,port73_raw__import,6,2019-01-07T00:00:00.000000,277626144.0,16662.1171875,0.21908263862133026,0.4680626392364502,0.4930255711078644
157,port73_raw__export,6,2019-01-07T00:00:00.000000,75387008.0,8682.5693359375,0.6892028450965881,0.8301824331283569,0.6872043609619141
158,port744_raw__import,6,2019-01-07T00:00:00.000000,4440498176.0,66637.0625,0.8915547132492065,0.9442217350006104,0.8446692228317261
159,port744_raw__export,6,2019-01-07T00:00:00.000000,205241888.0,14326.265625,0.361021488904953,0.6008506417274475,0.5300875902175903
160,port766_raw__import,6,2019-01-07T00:00:00.000000,26480442.0,5145.9150390625,0.23017551004886627,0.4797661006450653,0.46153178811073303
161,port766_raw__export,6,2019-01-07T00:00:00.000000,74023240.0,8603.67578125,0.7306081056594849,0.8547561764717102,0.48550477623939514
162,port775_raw__import,6,2019-01-07T00:00:00.000000,1879280384.0,43350.66796875,1.3835351467132568,1.17623770236969,1.629404902458191
163,port775_raw__export,6,2019-01-07T00:00:00.000000,690697.125,831.0819091796875,0.7096396088600159,0.8424010872840881,0.5642012357711792
164,port776_raw__import,6,2019-01-07T00:00:00.000000,362834624.0,19048.21875,0.24854743480682373,0.4985453188419342,0.5011187195777893
165,port776_raw__export,6,2019-01-07T00:00:00.000000,16603938.0,4074.79296875,0.07055896520614624,0.265629380941391,0.24931132793426514
166,port781_raw__import,6,2019-01-07T00:00:00.000000,9610288.0,3100.04638671875,0.3747558891773224,0.6121730804443359,0.5849893093109131
167,port781_raw__export,6,2019-01-07T00:00:00.000000,28428090.0,5331.7998046875,0.3026712238788605,0.5501556396484375,0.47781288623809814
168,port787_raw__import,6,2019-01-07T00:00:00.000000,119147.1640625,345.177001953125,0.7369011044502258,0.8584294319152832,1.1939992904663086
169,port787_raw__export,6,2019-01-07T00:00:00.000000,15935503.0,3991.9296875,0.02714725024998188,0.16476422548294067,0.1366126984357834
170,port795_raw__import,6,2019-01-07T00:00:00.000000,5778035.0,2403.75439453125,0.1443656086921692,0.3799547553062439,0.35648873448371887
171,port795_raw__export,6,2019-01-07T00:00:00.000000,2578842.75,1605.8775634765625,0.3885611593723297,0.623346745967865,0.45155468583106995
172,port805_raw__import,6,2019-01-07T00:00:00.000000,412889312.0,20319.677734375,0.45488423109054565,0.6744510531425476,0.7204728126525879
173,port805_raw__export,6,2019-01-07T00:00:00.000000,976625600.0,31251.009765625,1.0446035861968994,1.0220584869384766,0.9544561505317688
174,port811_raw__import,6,2019-01-07T00:00:00.000000,1804078848.0,42474.44921875,8.941634178161621,2.9902565479278564,3.218027114868164
175,port811_raw__export,6,2019-01-07T00:00:00.000000,64635216.0,8039.60302734375,0.4315694272518158,0.6569394469261169,0.4471547603607178
176,port815_raw__import,6,2019-01-07T00:00:00.000000,2365275136.0,48634.09375,0.34159907698631287,0.5844647884368896,0.46487855911254883
177,port815_raw__export,6,2019-01-07T00:00:00.000000,529892608.0,23019.396484375,1.6437848806381226,1.2821017503738403,0.9294424653053284
178,port826_raw__import,6,2019-01-07T00:00:00.000000,411413.25,641.4150390625,0.011044609360396862,0.1050933375954628,0.07980373501777649
179,port826_raw__export,6,2019-01-07T00:00:00.000000,1047240896.0,32361.1015625,0.5984089970588684,0.7735689878463745,0.5671581029891968
180,port839_raw__import,6,2019-01-07T00:00:00.000000,12303889.0,3507.68994140625,0.3729636073112488,0.6107074618339539,0.5387014150619507
181,port839_raw__export,6,2019-01-07T00:00:00.000000,309198016.0,17584.02734375,3.343693971633911,1.8285770416259766,1.41227126121521
182,port845_raw__import,6,2019-01-07T00:00:00.000000,398839040.0,19970.955078125,0.3033483028411865,0.55077064037323,0.6624845862388611
183,port845_raw__export,6,2019-01-07T00:00:00.000000,112346480.0,10599.3623046875,0.5620798468589783,0.7497198581695557,0.5356150269508362
184,port862_raw__import,6,2019-01-07T00:00:00.000000,6793282.5,2606.392578125,0.024529272690415382,0.15661823749542236,0.16838495433330536
185,port862_raw__export,6,2019-01-07T00:00:00.000000,25151860.0,5015.1630859375,1.6714818477630615,1.2928580045700073,1.7800391912460327
186,port908_raw__import,6,2019-01-07T00:00:00.000000,10006818.0,3163.35546875,0.019541684538125992,0.1397915780544281,0.12642045319080353
187,port908_raw__export,6,2019-01-07T00:00:00.000000,19701912.0,4438.68359375,0.08302632719278336,0.2881428897380829,0.17430303990840912
188,port915_raw__import,6,2019-01-07T00:00:00.000000,996760.5625,998.3789672851562,0.3398549556732178,0.5829707980155945,0.5277599096298218
189,port915_raw__export,6,2019-01-07T00:00:00.000000,49867208.0,7061.671875,146.6438446044922,12.109659194946289,12.544119834899902
190,port917_raw__import,6,2019-01-07T00:00:00.000000,89587016.0,9465.0419921875,1.1587581634521484,1.0764563083648682,1.0592749118804932
191,port917_raw__export,6,2019-01-07T00:00:00.000000,100208816.0,10010.435546875,0.4553988575935364,0.6748324632644653,0.7977434396743774
192,port958_raw__import,6,2019-01-07T00:00:00.000000,3114246.0,1764.72265625,0.08464770764112473,0.2909427881240845,0.23328779637813568
193,port958_raw__export,6,2019-01-07T00:00:00.000000,15359244.0,3919.087158203125,0.3593290150165558,0.5994405746459961,0.4243459403514862
194,port959_raw__import,6,2019-01-07T00:00:00.000000,1291173760.0,35932.90625,0.6353532075881958,0.797090470790863,0.7266786694526672
195,port959_raw__export,6,2019-01-07T00:00:00.000000,29064108.0,5391.11376953125,0.23253865540027618,0.48222261667251587,0.42876240611076355
196,port985_raw__import,6,2019-01-07T00:00:00.000000,5143252992.0,71716.4765625,1.9670130014419556,1.402502417564392,1.3727633953094482
197,port985_raw__export,6,2019-01-07T00:00:00.000000,106644688.0,10326.8916015625,0.39900171756744385,0.631665825843811,0.6366413235664368
0,port1016_raw__import,518,2020-06-02T00:00:00.000000,3110086.5,1763.543701171875,0.655238687992096,0.809468150138855,0.5579739809036255
1,port1016_raw__export,518,2020-06-02T00:00:00.000000,3114429.25,1764.7745361328125,0.46290841698646545,0.6803737282752991,0.6328843832015991
2,port1035_raw__import,518,2020-06-02T00:00:00.000000,6634304.5,2575.71435546875,0.1332974135875702,0.3650991916656494,0.23357729613780975
3,port1035_raw__export,518,2020-06-02T00:00:00.000000,16595153.0,4073.71484375,1.7895711660385132,1.3377485275268555,0.9213334321975708
4,port1057_raw__import,518,2020-06-02T00:00:00.000000,236891232.0,15391.271484375,2.127366304397583,1.4585493803024292,0.8608775734901428
5,port1057_raw__export,518,2020-06-02T00:00:00.000000,9787708.0,3128.53125,1.4199621677398682,1.1916216611862183,1.079325795173645
6,port1065_raw__import,518,2020-06-02T00:00:00.000000,119565512.0,10934.6015625,0.3296830356121063,0.5741803050041199,0.44592708349227905
7,port1065_raw__export,518,2020-06-02T00:00:00.000000,1040883520.0,32262.7265625,3.45415997505188,1.8585370779037476,1.4660842418670654
8,port1070_raw__import,518,2020-06-02T00:00:00.000000,1061756800.0,32584.609375,0.2039230912923813,0.45157843828201294,0.37504321336746216
9,port1070_raw__export,518,2020-06-02T00:00:00.000000,1002258624.0,31658.46875,0.5281776189804077,0.7267583012580872,0.7513646483421326
10,port1071_raw__import,518,2020-06-02T00:00:00.000000,33789968.0,5812.9140625,0.016790349036455154,0.12957757711410522,0.11040165275335312
11,port1071_raw__export,518,2020-06-02T00:00:00.000000,15706499.0,3963.142578125,0.07497958838939667,0.273824006319046,0.1787852793931961
12,port1073_raw__import,518,2020-06-02T00:00:00.000000,2800296192.0,52917.82421875,1.28553307056427,1.133813500404358,0.8125745058059692
13,port1073_raw__export,518,2020-06-02T00:00:00.000000,6138264.0,2477.552001953125,0.11211760342121124,0.33483967185020447,0.2639755308628082
14,port1086_raw__import,518,2020-06-02T00:00:00.000000,16883914.0,4109.00390625,0.07088488340377808,0.2662421464920044,0.18525654077529907
15,port1086_raw__export,518,2020-06-02T00:00:00.000000,4070338.75,2017.508056640625,0.06528234481811523,0.2555041015148163,0.20459742844104767
16,port1112_raw__import,518,2020-06-02T00:00:00.000000,677882.75,823.3363647460938,16.483835220336914,4.060029029846191,5.594744682312012
17,port1112_raw__export,518,2020-06-02T00:00:00.000000,25438182.0,5043.6279296875,2.0047900676727295,1.4159060716629028,0.9070248603820801
18,port1128_raw__import,518,2020-06-02T00:00:00.000000,261203200.0,16161.7822265625,0.7409418821334839,0.8607798218727112,0.7511052489280701
19,port1128_raw__export,518,2020-06-02T00:00:00.000000,15315790.0,3913.539306640625,0.25846174359321594,0.5083913207054138,0.5027977228164673
20,port1135_raw__import,518,2020-06-02T00:00:00.000000,8309666.0,2882.649169921875,4.15679407119751,2.0388216972351074,1.4344245195388794
21,port1135_raw__export,518,2020-06-02T00:00:00.000000,173045.84375,415.98779296875,1.7304584764837237e+21,41598779392.0,41598779392.0
22,port1160_raw__import,518,2020-06-02T00:00:00.000000,863476736.0,29384.974609375,1.7694921493530273,1.3302226066589355,1.0550904273986816
23,port1160_raw__export,518,2020-06-02T00:00:00.000000,282926080.0,16820.40625,0.07906600832939148,0.2811867892742157,0.2809751033782959
24,port1189_raw__import,518,2020-06-02T00:00:00.000000,67237568.0,8199.8515625,0.13702909648418427,0.3701744079589844,0.23584158718585968
25,port1189_raw__export,518,2020-06-02T00:00:00.000000,136228384.0,11671.69140625,0.39116230607032776,0.6254296898841858,0.485751748085022
26,port1197_raw__import,518,2020-06-02T00:00:00.000000,135958736.0,11660.134765625,2.149156332015991,1.4660000801086426,0.8287570476531982
27,port1197_raw__export,518,2020-06-02T00:00:00.000000,358633504.0,18937.62109375,2.5643415451049805,1.6013561487197876,1.1943185329437256
28,port1201_raw__import,518,2020-06-02T00:00:00.000000,50287865856.0,224249.5625,5.51011323928833,2.347362995147705,1.9178966283798218
29,port1201_raw__export,518,2020-06-02T00:00:00.000000,14572880896.0,120718.1875,16.867816925048828,4.107044696807861,2.8701701164245605
30,port1248_raw__import,518,2020-06-02T00:00:00.000000,6411898.0,2532.172607421875,0.7423626184463501,0.8616046905517578,0.7862719893455505
31,port1248_raw__export,518,2020-06-02T00:00:00.000000,14101382.0,3755.1806640625,0.18163587152957916,0.4261876046657562,0.4285714328289032
32,port1266_raw__import,518,2020-06-02T00:00:00.000000,40253513728.0,200632.78125,3.162677526473999,1.7783918380737305,1.067854404449463
33,port1266_raw__export,518,2020-06-02T00:00:00.000000,7684907008.0,87663.6015625,6.776667594909668,2.603203296661377,1.9949946403503418
34,port1269_raw__import,518,2020-06-02T00:00:00.000000,1975252480.0,44443.8125,3.809009075164795,1.9516682624816895,2.0102508068084717
35,port1269_raw__export,518,2020-06-02T00:00:00.000000,144205008.0,12008.5390625,0.4488733410835266,0.6699801087379456,0.5611701011657715
36,port1284_raw__import,518,2020-06-02T00:00:00.000000,369635168.0,19225.8984375,3.6268229484558105,1.9044219255447388,2.0620431900024414
37,port1284_raw__export,518,2020-06-02T00:00:00.000000,20991180.0,4581.61328125,0.37637653946876526,0.6134953498840332,0.5405475497245789
38,port1304_raw__import,518,2020-06-02T00:00:00.000000,329967.21875,574.427734375,0.0008828919962979853,0.029713498428463936,0.031080933287739754
39,port1304_raw__export,518,2020-06-02T00:00:00.000000,18901346.0,4347.56787109375,0.8650937080383301,0.93010413646698,0.603341817855835
40,port1309_raw__import,518,2020-06-02T00:00:00.000000,35185964.0,5931.77587890625,0.2542606592178345,0.5042426586151123,0.4868580996990204
41,port1309_raw__export,518,2020-06-02T00:00:00.000000,1163096192.0,34104.1953125,7.074207782745361,2.659738302230835,2.5573768615722656
42,port1318_raw__import,518,2020-06-02T00:00:00.000000,1950752896.0,44167.328125,1.4186028242111206,1.1910511255264282,0.931551456451416
43,port1318_raw__export,518,2020-06-02T00:00:00.000000,658823.9375,811.6796875,0.009943966753780842,0.09971944242715836,0.08520276099443436
44,port132_raw__import,518,2020-06-02T00:00:00.000000,35857508.0,5988.11376953125,0.4512511193752289,0.6717522740364075,0.4162600040435791
45,port132_raw__export,518,2020-06-02T00:00:00.000000,17238160.0,4151.88623046875,0.20582923293113708,0.4536840617656708,0.42904993891716003
46,port1330_raw__import,518,2020-06-02T00:00:00.000000,7101470.5,2664.8583984375,51.477821350097656,7.1748046875,4.772163391113281
47,port1330_raw__export,518,2020-06-02T00:00:00.000000,992898.875,996.443115234375,2.3630735874176025,1.5372291803359985,1.3179551362991333
48,port1358_raw__import,518,2020-06-02T00:00:00.000000,440861952.0,20996.712890625,2.7536895275115967,1.6594244241714478,0.9132819175720215
49,port1358_raw__export,518,2020-06-02T00:00:00.000000,6275150.0,2505.02490234375,1.0061008930206299,1.0030457973480225,0.5669066905975342
50,port139_raw__import,518,2020-06-02T00:00:00.000000,46095.71484375,214.69912719726562,0.16666662693023682,0.40824824571609497,0.8571427464485168
51,port139_raw__export,518,2020-06-02T00:00:00.000000,1018173.875,1009.0460205078125,2.0839428901672363,1.443586826324463,1.0182418823242188
52,port1410_raw__import,518,2020-06-02T00:00:00.000000,307392256.0,17532.60546875,0.19562269747257233,0.44229254126548767,0.4351349174976349
53,port1410_raw__export,518,2020-06-02T00:00:00.000000,43767424.0,6615.6953125,0.5036440491676331,0.7096788287162781,0.705541729927063
54,port1414_raw__import,518,2020-06-02T00:00:00.000000,43622440.0,6604.728515625,0.22102321684360504,0.4701310694217682,0.2928648591041565
55,port1414_raw__export,518,2020-06-02T00:00:00.000000,1000602688.0,31632.3046875,0.6254091262817383,0.7908281087875366,0.5971632599830627
56,port1425_raw__import,518,2020-06-02T00:00:00.000000,3094769408.0,55630.65234375,4.833219528198242,2.198458433151245,1.6989727020263672
57,port1425_raw__export,518,2020-06-02T00:00:00.000000,4587529.0,2141.851806640625,0.192042738199234,0.4382268190383911,0.3432779908180237
58,port1426_raw__import,518,2020-06-02T00:00:00.000000,661364096.0,25717.0,0.049922481179237366,0.22343339025974274,0.15705496072769165
59,port1426_raw__export,518,2020-06-02T00:00:00.000000,91973848.0,9590.2998046875,0.5756046175956726,0.7586861252784729,0.4767913222312927
60,port168_raw__import,518,2020-06-02T00:00:00.000000,143624464.0,11984.3427734375,0.2584839165210724,0.5084131360054016,0.6714844703674316
61,port168_raw__export,518,2020-06-02T00:00:00.000000,47952596.0,6924.78125,0.05249776318669319,0.22912390530109406,0.19742326438426971
62,port193_raw__import,518,2020-06-02T00:00:00.000000,21753930.0,4664.11083984375,4.203858852386475,2.0503313541412354,1.8806076049804688
63,port193_raw__export,518,2020-06-02T00:00:00.000000,76691136.0,8757.34765625,10.573990821838379,3.25176739692688,2.136465549468994
64,port2017_raw__import,518,2020-06-02T00:00:00.000000,2480645.0,1575.00634765625,1.7287473678588867,1.3148183822631836,0.933438777923584
65,port2017_raw__export,518,2020-06-02T00:00:00.000000,5141377.0,2267.46044921875,1.0973559617996216,1.0475475788116455,0.8208541870117188
66,port2025_raw__import,518,2020-06-02T00:00:00.000000,2323433472.0,48202.0078125,14.842095375061035,3.852544069290161,2.356987476348877
67,port2025_raw__export,518,2020-06-02T00:00:00.000000,2403148.0,1550.208984375,0.014835279434919357,0.12180016189813614,0.08410407602787018
68,port2027_raw__import,518,2020-06-02T00:00:00.000000,1204575872.0,34707.0,0.48669782280921936,0.6976373195648193,0.9692587852478027
69,port2027_raw__export,518,2020-06-02T00:00:00.000000,326480576.0,18068.7734375,0.2535029947757721,0.5034908056259155,0.5769343972206116
70,port2031_raw__import,518,2020-06-02T00:00:00.000000,252129808.0,15878.595703125,2.2589352130889893,1.5029754638671875,1.1112562417984009
71,port2031_raw__export,518,2020-06-02T00:00:00.000000,91555912.0,9568.4853515625,0.632967472076416,0.7955925464630127,0.9179499745368958
72,port2039_raw__import,518,2020-06-02T00:00:00.000000,168398928.0,12976.861328125,0.3820304274559021,0.6180860996246338,0.3950613737106323
73,port2039_raw__export,518,2020-06-02T00:00:00.000000,21175030.0,4601.63330078125,0.27687501907348633,0.5261891484260559,0.6995531320571899
74,port2044_raw__import,518,2020-06-02T00:00:00.000000,1943886080.0,44089.5234375,7.0425848960876465,2.6537868976593018,1.6127450466156006
75,port2044_raw__export,518,2020-06-02T00:00:00.000000,1101223.75,1049.39208984375,0.02285400964319706,0.15117542445659637,0.12457910180091858
76,port2189_raw__import,518,2020-06-02T00:00:00.000000,85417216.0,9242.1435546875,0.5241603255271912,0.7239891886711121,0.5117561221122742
77,port2189_raw__export,518,2020-06-02T00:00:00.000000,210589440.0,14511.7001953125,1.009932041168213,1.0049537420272827,1.0582187175750732
78,port22_raw__import,518,2020-06-02T00:00:00.000000,98038040.0,9901.416015625,0.13808517158031464,0.37159812450408936,0.3820079565048218
79,port22_raw__export,518,2020-06-02T00:00:00.000000,766533.625,875.51904296875,0.007100922986865044,0.08426697552204132,0.07568962872028351
80,port254_raw__import,518,2020-06-02T00:00:00.000000,406907936.0,20171.958984375,3.884183406829834,1.9708331823349,2.0188803672790527
81,port254_raw__export,518,2020-06-02T00:00:00.000000,5211433.5,2282.8564453125,0.02631436102092266,0.16221702098846436,0.13538840413093567
82,port270_raw__import,518,2020-06-02T00:00:00.000000,1537970944.0,39216.97265625,0.8497351408004761,0.9218108057975769,0.6144918203353882
83,port270_raw__export,518,2020-06-02T00:00:00.000000,30873628.0,5556.404296875,0.1958005279302597,0.4424935281276703,0.43228963017463684
84,port281_raw__import,518,2020-06-02T00:00:00.000000,451562.34375,671.98388671875,0.06830117851495743,0.26134493947029114,0.17079274356365204
85,port281_raw__export,518,2020-06-02T00:00:00.000000,47505184.0,6892.400390625,0.26898014545440674,0.5186329483985901,0.35731351375579834
86,port307_raw__import,518,2020-06-02T00:00:00.000000,1809086.75,1345.02294921875,0.04917804151773453,0.22176122665405273,0.14394938945770264
87,port307_raw__export,518,2020-06-02T00:00:00.000000,3738220.25,1933.44775390625,3.884921073913574,1.9710203409194946,1.1406052112579346
88,port310_raw__import,518,2020-06-02T00:00:00.000000,387528288.0,19685.73828125,1.2785555124282837,1.1307322978973389,0.9202477335929871
89,port310_raw__export,518,2020-06-02T00:00:00.000000,155080304.0,12453.1240234375,0.4575706720352173,0.6764397025108337,0.46674254536628723
90,port317_raw__import,518,2020-06-02T00:00:00.000000,1205359.75,1097.8887939453125,0.3660998046398163,0.6050618290901184,0.472075492143631
91,port317_raw__export,518,2020-06-02T00:00:00.000000,3291878.75,1814.353515625,0.3760669529438019,0.6132429838180542,0.4285714030265808
92,port342_raw__import,518,2020-06-02T00:00:00.000000,3765517.5,1940.494140625,0.012080646120011806,0.10991199314594269,0.08054448664188385
93,port342_raw__export,518,2020-06-02T00:00:00.000000,331782176.0,18214.888671875,21.752553939819336,4.663963317871094,3.9379661083221436
94,port358_raw__import,518,2020-06-02T00:00:00.000000,10317220.0,3212.04296875,0.08928690105676651,0.29880914092063904,0.2725401520729065
95,port358_raw__export,518,2020-06-02T00:00:00.000000,1434443136.0,37874.04296875,4.066773414611816,2.0166242122650146,1.440143346786499
96,port361_raw__import,518,2020-06-02T00:00:00.000000,238544640.0,15444.890625,3.609152317047119,1.8997769355773926,1.391587495803833
97,port361_raw__export,518,2020-06-02T00:00:00.000000,139432304.0,11808.1455078125,0.9539986848831177,0.9767285585403442,0.8832234740257263
98,port362_raw__import,518,2020-06-02T00:00:00.000000,557500352.0,23611.4453125,0.41949424147605896,0.6476837396621704,0.49042370915412903
99,port362_raw__export,518,2020-06-02T00:00:00.000000,3672044288.0,60597.39453125,8.301908493041992,2.881303310394287,3.4686412811279297
100,port364_raw__import,518,2020-06-02T00:00:00.000000,773081088.0,27804.3359375,0.6885683536529541,0.8298001885414124,0.7204240560531616
101,port364_raw__export,518,2020-06-02T00:00:00.000000,1037969.9375,1018.80810546875,0.07279393821954727,0.269803524017334,0.28762900829315186
102,port380_raw__import,518,2020-06-02T00:00:00.000000,1165698560.0,34142.328125,0.9142784476280212,0.9561790823936462,0.9634494185447693
103,port380_raw__export,518,2020-06-02T00:00:00.000000,1222715136.0,34967.34375,12.864813804626465,3.5867552757263184,4.012807369232178
104,port425_raw__import,518,2020-06-02T00:00:00.000000,7211967488.0,84923.3046875,2.323695659637451,1.524367332458496,1.3774118423461914
105,port425_raw__export,518,2020-06-02T00:00:00.000000,435703328.0,20873.5078125,2.049724578857422,1.4316859245300293,1.1671189069747925
106,port426_raw__import,518,2020-06-02T00:00:00.000000,4150960.5,2037.390625,0.03255502134561539,0.1804300993680954,0.1719607561826706
107,port426_raw__export,518,2020-06-02T00:00:00.000000,783090.1875,884.923828125,0.008649615570902824,0.09300331026315689,0.09350213408470154
108,port434_raw__import,518,2020-06-02T00:00:00.000000,13790662.0,3713.578125,0.3067101240158081,0.553814172744751,0.3584926128387451
109,port434_raw__export,518,2020-06-02T00:00:00.000000,9385233.0,3063.53271484375,2.4262990951538086,1.5576581954956055,1.8135114908218384
110,port435_raw__import,518,2020-06-02T00:00:00.000000,309080576.0,17580.6875,0.7735307812690735,0.87950599193573,0.8295574188232422
111,port435_raw__export,518,2020-06-02T00:00:00.000000,72230808.0,8498.87109375,10.110718727111816,3.1797356605529785,2.4744811058044434
112,port439_raw__import,518,2020-06-02T00:00:00.000000,2346168.25,1531.720703125,0.13673171401023865,0.3697725236415863,0.3298100531101227
113,port439_raw__export,518,2020-06-02T00:00:00.000000,7690418.5,2773.160400390625,2.2814948558807373,1.5104618072509766,1.2988406419754028
114,port443_raw__import,518,2020-06-02T00:00:00.000000,17049226.0,4129.07080078125,1.2840434312820435,1.133156418800354,0.7797486782073975
115,port443_raw__export,518,2020-06-02T00:00:00.000000,27434164.0,5237.76318359375,1.0551236867904663,1.0271921157836914,0.6901229023933411
116,port446_raw__import,518,2020-06-02T00:00:00.000000,2057930752.0,45364.421875,2.1902453899383545,1.479947805404663,1.035339593887329
117,port446_raw__export,518,2020-06-02T00:00:00.000000,144545296.0,12022.69921875,0.275077760219574,0.524478554725647,0.45910030603408813
118,port484_raw__import,518,2020-06-02T00:00:00.000000,3850776.25,1962.3394775390625,0.24496027827262878,0.494934618473053,0.5053848624229431
119,port484_raw__export,518,2020-06-02T00:00:00.000000,9235300.0,3038.963623046875,0.952835738658905,0.9761330485343933,0.977736234664917
120,port503_raw__import,518,2020-06-02T00:00:00.000000,94087704.0,9699.8818359375,1.2409056425094604,1.1139594316482544,0.8349554538726807
121,port503_raw__export,518,2020-06-02T00:00:00.000000,1275240.875,1129.265625,0.7619765996932983,0.8729127049446106,0.6563007831573486
122,port514_raw__import,518,2020-06-02T00:00:00.000000,107853416.0,10385.25,0.4256824851036072,0.6524434685707092,0.4877331256866455
123,port514_raw__export,518,2020-06-02T00:00:00.000000,203941552.0,14280.810546875,4.646556377410889,2.1555871963500977,2.0238325595855713
124,port540_raw__import,518,2020-06-02T00:00:00.000000,985479360.0,31392.345703125,2.7088208198547363,1.645849585533142,1.1808011531829834
125,port540_raw__export,518,2020-06-02T00:00:00.000000,41554644.0,6446.2890625,0.0668044462800026,0.25846555829048157,0.18395951390266418
126,port541_raw__import,518,2020-06-02T00:00:00.000000,4622988800.0,67992.5625,4.725729942321777,2.1738743782043457,2.4050683975219727
127,port541_raw__export,518,2020-06-02T00:00:00.000000,227399808.0,15079.78125,0.37700363993644714,0.6140062212944031,0.5040514469146729
128,port543_raw__import,518,2020-06-02T00:00:00.000000,709173824.0,26630.318359375,1.3844223022460938,1.176614761352539,1.2574824094772339
129,port543_raw__export,518,2020-06-02T00:00:00.000000,4301613.5,2074.033203125,0.09778375178575516,0.312703937292099,0.16557997465133667
130,port555_raw__import,518,2020-06-02T00:00:00.000000,432663.3125,657.771484375,0.008106868714094162,0.09003815054893494,0.07621552795171738
131,port555_raw__export,518,2020-06-02T00:00:00.000000,111546976.0,10561.580078125,44.01789855957031,6.634598731994629,6.833433151245117
132,port570_raw__import,518,2020-06-02T00:00:00.000000,6947449344.0,83351.359375,5.944018363952637,2.438035726547241,1.8382163047790527
133,port570_raw__export,518,2020-06-02T00:00:00.000000,2784821248.0,52771.40625,0.9270223379135132,0.9628199934959412,0.7653637528419495
134,port592_raw__import,518,2020-06-02T00:00:00.000000,194838304.0,13958.44921875,0.5668423771858215,0.7528893351554871,0.6946427822113037
135,port592_raw__export,518,2020-06-02T00:00:00.000000,10130.4033203125,100.64990234375,0.0001995294587686658,0.014125489629805088,0.013073579408228397
136,port601_raw__import,518,2020-06-02T00:00:00.000000,1920917.5,1385.9716796875,315.4571838378906,17.7611141204834,15.454095840454102
137,port601_raw__export,518,2020-06-02T00:00:00.000000,1528454.75,1236.306884765625,0.919177234172821,0.958737313747406,0.8574539422988892
138,port62_raw__import,518,2020-06-02T00:00:00.000000,7819257.0,2796.29345703125,0.1664445400238037,0.4079761505126953,0.3458595871925354
139,port62_raw__export,518,2020-06-02T00:00:00.000000,4497392.0,2120.70556640625,0.30463093519210815,0.5519338250160217,1.066925287246704
140,port644_raw__import,518,2020-06-02T00:00:00.000000,1519025024.0,38974.671875,0.13359063863754272,0.3655005395412445,0.31564000248908997
141,port644_raw__export,518,2020-06-02T00:00:00.000000,7015825.0,2648.740234375,0.056595951318740845,0.2378990352153778,0.1356201171875
142,port649_raw__import,518,2020-06-02T00:00:00.000000,17730046.0,4210.7060546875,0.05607879161834717,0.2368096113204956,0.18405446410179138
143,port649_raw__export,518,2020-06-02T00:00:00.000000,23412084.0,4838.603515625,0.27206531167030334,0.5215988159179688,0.34084585309028625
144,port657_raw__import,518,2020-06-02T00:00:00.000000,315263680.0,17755.666015625,2.3625993728637695,1.5370749235153198,1.9895309209823608
145,port657_raw__export,518,2020-06-02T00:00:00.000000,43241324.0,6575.8134765625,0.5863983631134033,0.7657665014266968,0.5149779915809631
146,port667_raw__import,518,2020-06-02T00:00:00.000000,3447466.25,1856.7353515625,0.7139262557029724,0.8449415564537048,0.5315121412277222
147,port667_raw__export,518,2020-06-02T00:00:00.000000,1599288.125,1264.629638671875,0.7487841248512268,0.8653231263160706,0.5381484627723694
148,port672_raw__import,518,2020-06-02T00:00:00.000000,60603928.0,7784.8525390625,0.36697787046432495,0.6057869791984558,0.4285714328289032
149,port672_raw__export,518,2020-06-02T00:00:00.000000,16058191.0,4007.267333984375,9.834383010864258,3.135982036590576,1.774958610534668
150,port67_raw__import,518,2020-06-02T00:00:00.000000,14817004.0,3849.2861328125,0.1169671043753624,0.34200453758239746,0.3431044816970825
151,port67_raw__export,518,2020-06-02T00:00:00.000000,119026648.0,10909.93359375,9.144906997680664,3.024054765701294,3.336383104324341
152,port681_raw__import,518,2020-06-02T00:00:00.000000,7362235392.0,85803.46875,1076.560791015625,32.81098556518555,67.47981262207031
153,port681_raw__export,518,2020-06-02T00:00:00.000000,92903448.0,9638.6435546875,0.5059254169464111,0.711284339427948,0.6631837487220764
154,port738_raw__import,518,2020-06-02T00:00:00.000000,5426083.5,2329.3955078125,0.5982736945152283,0.773481547832489,0.5377052426338196
155,port738_raw__export,518,2020-06-02T00:00:00.000000,8281234.5,2877.71337890625,0.2712515592575073,0.5208181738853455,0.8762168884277344
156,port73_raw__import,518,2020-06-02T00:00:00.000000,25218012.0,5021.75390625,0.17731094360351562,0.4210830628871918,0.3056769371032715
157,port73_raw__export,518,2020-06-02T00:00:00.000000,1068446848.0,32687.10546875,26.667226791381836,5.164031982421875,4.891086101531982
158,port744_raw__import,518,2020-06-02T00:00:00.000000,90610024.0,9518.9296875,0.04449528455734253,0.21093904972076416,0.11734510958194733
159,port744_raw__export,518,2020-06-02T00:00:00.000000,67171472.0,8195.8203125,0.059302862733602524,0.2435217946767807,0.15776307880878448
160,port766_raw__import,518,2020-06-02T00:00:00.000000,129622136.0,11385.171875,2.7927887439727783,1.6711639165878296,1.7206462621688843
161,port766_raw__export,518,2020-06-02T00:00:00.000000,20532270.0,4531.2548828125,0.49832412600517273,0.7059207558631897,0.8618382215499878
162,port775_raw__import,518,2020-06-02T00:00:00.000000,570131392.0,23877.423828125,1.1140707731246948,1.0554955005645752,0.72630774974823
163,port775_raw__export,518,2020-06-02T00:00:00.000000,95903464.0,9793.03125,4.440280437469482,2.1071972846984863,3.1189262866973877
164,port776_raw__import,518,2020-06-02T00:00:00.000000,1561106176.0,39510.8359375,1.6916579008102417,1.3006374835968018,1.174261212348938
165,port776_raw__export,518,2020-06-02T00:00:00.000000,103318168.0,10164.5546875,0.36575108766555786,0.6047735810279846,0.5141438245773315
166,port781_raw__import,518,2020-06-02T00:00:00.000000,1953825.875,1397.793212890625,0.42876070737838745,0.6547982096672058,0.4457794725894928
167,port781_raw__export,518,2020-06-02T00:00:00.000000,237474784.0,15410.216796875,1.0861648321151733,1.0421923398971558,0.8429504036903381
168,port787_raw__import,518,2020-06-02T00:00:00.000000,193970.40625,440.42071533203125,0.23370027542114258,0.4834255576133728,0.40159842371940613
169,port787_raw__export,518,2020-06-02T00:00:00.000000,564469952.0,23758.576171875,1.7331585884094238,1.3164948225021362,1.2782652378082275
170,port795_raw__import,518,2020-06-02T00:00:00.000000,1384426.875,1176.61669921875,0.015371530316770077,0.12398197501897812,0.1193503811955452
171,port795_raw__export,518,2020-06-02T00:00:00.000000,85839776.0,9264.9755859375,1.6316910982131958,1.277376651763916,1.6702102422714233
172,port805_raw__import,518,2020-06-02T00:00:00.000000,1045526720.0,32334.60546875,1.0789697170257568,1.0387346744537354,0.9244120717048645
173,port805_raw__export,518,2020-06-02T00:00:00.000000,412333248.0,20305.990234375,1.7936261892318726,1.3392633199691772,0.8101117014884949
174,port811_raw__import,518,2020-06-02T00:00:00.000000,900005632.0,30000.09375,0.6492229104042053,0.8057436943054199,0.7052532434463501
175,port811_raw__export,518,2020-06-02T00:00:00.000000,169552368.0,13021.2275390625,0.6175475716590881,0.7858419418334961,0.5279637575149536
176,port815_raw__import,518,2020-06-02T00:00:00.000000,704937536.0,26550.66015625,0.3768573999404907,0.6138871312141418,0.5219943523406982
177,port815_raw__export,518,2020-06-02T00:00:00.000000,102614880.0,10129.900390625,0.15581998229026794,0.39474040269851685,0.3801259994506836
178,port826_raw__import,518,2020-06-02T00:00:00.000000,23081738.0,4804.345703125,0.5426715016365051,0.7366623878479004,0.539122462272644
179,port826_raw__export,518,2020-06-02T00:00:00.000000,911470080.0,30190.5625,1.391494631767273,1.1796163320541382,0.7513417601585388
180,port839_raw__import,518,2020-06-02T00:00:00.000000,321287840.0,17924.50390625,37.93144607543945,6.158851146697998,4.944311618804932
181,port839_raw__export,518,2020-06-02T00:00:00.000000,71244152.0,8440.625,0.2623946964740753,0.5122447609901428,0.3073936402797699
182,port845_raw__import,518,2020-06-02T00:00:00.000000,134399712.0,11593.0888671875,0.09959322959184647,0.3155839443206787,0.28835391998291016
183,port845_raw__export,518,2020-06-02T00:00:00.000000,21885908.0,4678.23779296875,0.09325187653303146,0.3053717017173767,0.2737042009830475
184,port862_raw__import,518,2020-06-02T00:00:00.000000,21245168.0,4609.248046875,0.10950436443090439,0.3309144377708435,0.3057408928871155
185,port862_raw__export,518,2020-06-02T00:00:00.000000,11715823.0,3422.83837890625,0.35112276673316956,0.5925561189651489,0.49238452315330505
186,port908_raw__import,518,2020-06-02T00:00:00.000000,17731814.0,4210.916015625,0.0926414504647255,0.30437058210372925,0.20213884115219116
187,port908_raw__export,518,2020-06-02T00:00:00.000000,153079824.0,12372.54296875,1.3473821878433228,1.160767912864685,0.8617148995399475
188,port915_raw__import,518,2020-06-02T00:00:00.000000,5037958656.0,70978.578125,2.244701385498047,1.4982327222824097,1.2018542289733887
189,port915_raw__export,518,2020-06-02T00:00:00.000000,4351251.5,2085.96533203125,0.07658509910106659,0.2767401337623596,0.26416143774986267
190,port917_raw__import,518,2020-06-02T00:00:00.000000,6648774.5,2578.521728515625,0.46843016147613525,0.684419572353363,1.037237286567688
191,port917_raw__export,518,2020-06-02T00:00:00.000000,253615264.0,15925.302734375,1.2147936820983887,1.1021767854690552,0.8362831473350525
192,port958_raw__import,518,2020-06-02T00:00:00.000000,78406392.0,8854.73828125,1.860364556312561,1.3639518022537231,1.2148432731628418
193,port958_raw__export,518,2020-06-02T00:00:00.000000,2548414.25,1596.3753662109375,0.6892155408859253,0.8301900625228882,0.6291238069534302
194,port959_raw__import,518,2020-06-02T00:00:00.000000,324518848.0,18014.40625,0.5681978464126587,0.7537890076637268,0.700517475605011
195,port959_raw__export,518,2020-06-02T00:00:00.000000,267664944.0,16360.46875,0.6723525524139404,0.8199710845947266,0.5397973656654358
196,port985_raw__import,518,2020-06-02T00:00:00.000000,727304192.0,26968.578125,1.3985425233840942,1.1825999021530151,0.9894046187400818
197,port985_raw__export,518,2020-06-02T00:00:00.000000,198166432.0,14077.16015625,1.6538569927215576,1.286023736000061,1.0530377626419067
0,port1016_raw__import,1030,2021-10-27T00:00:00.000000,27018198.0,5197.9033203125,1.0067722797393799,1.0033804178237915,1.3440513610839844
1,port1016_raw__export,1030,2021-10-27T00:00:00.000000,4178764.5,2044.20263671875,0.09985071420669556,0.3159916400909424,0.25862181186676025
2,port1035_raw__import,1030,2021-10-27T00:00:00.000000,46031548.0,6784.6552734375,0.8471596837043762,0.9204127788543701,0.7551104426383972
3,port1035_raw__export,1030,2021-10-27T00:00:00.000000,54512916.0,7383.2861328125,2.621718168258667,1.6191720962524414,1.5333163738250732
4,port1057_raw__import,1030,2021-10-27T00:00:00.000000,29651572.0,5445.32568359375,0.1594202220439911,0.399274617433548,0.36218804121017456
5,port1057_raw__export,1030,2021-10-27T00:00:00.000000,14342464.0,3787.14453125,1.0964300632476807,1.0471055507659912,0.6358028054237366
6,port1065_raw__import,1030,2021-10-27T00:00:00.000000,2200792832.0,46912.609375,4.567333698272705,2.137132167816162,1.551142692565918
7,port1065_raw__export,1030,2021-10-27T00:00:00.000000,514031968.0,22672.2734375,0.8727912902832031,0.9342330098152161,0.6560078859329224
8,port1070_raw__import,1030,2021-10-27T00:00:00.000000,1324153088.0,36388.9140625,0.11528664827346802,0.3395388722419739,0.20945242047309875
9,port1070_raw__export,1030,2021-10-27T00:00:00.000000,705803392.0,26566.9609375,2.6685400009155273,1.6335666179656982,1.3297553062438965
10,port1071_raw__import,1030,2021-10-27T00:00:00.000000,530556512.0,23033.8125,0.27860066294670105,0.5278263688087463,0.35075417160987854
11,port1071_raw__export,1030,2021-10-27T00:00:00.000000,61137160.0,7819.025390625,0.15086714923381805,0.38841620087623596,0.2726593315601349
12,port1073_raw__import,1030,2021-10-27T00:00:00.000000,620328.5,787.609375,0.000514538842253387,0.02268344908952713,0.020907629281282425
13,port1073_raw__export,1030,2021-10-27T00:00:00.000000,60449896.0,7774.953125,1.0458754301071167,1.0226805210113525,0.9363101720809937
14,port1086_raw__import,1030,2021-10-27T00:00:00.000000,49174.578125,221.75341796875,0.000753909582272172,0.02745741419494152,0.01906709000468254
15,port1086_raw__export,1030,2021-10-27T00:00:00.000000,68407808.0,8270.9013671875,0.4972703158855438,0.7051739692687988,0.5165303349494934
16,port1112_raw__import,1030,2021-10-27T00:00:00.000000,30189.25390625,173.75054931640625,0.18791146576404572,0.43348756432533264,0.2935672998428345
17,port1112_raw__export,1030,2021-10-27T00:00:00.000000,7770815.0,2787.6181640625,1.003910779953003,1.0019534826278687,0.783878743648529
18,port1128_raw__import,1030,2021-10-27T00:00:00.000000,268531904.0,16386.943359375,0.5740131139755249,0.757636547088623,0.6933485269546509
19,port1128_raw__export,1030,2021-10-27T00:00:00.000000,240073.921875,489.973388671875,0.04231204092502594,0.2056989073753357,0.20794226229190826
20,port1135_raw__import,1030,2021-10-27T00:00:00.000000,279210.53125,528.4037475585938,0.8998584747314453,0.9486086964607239,0.8633979558944702
21,port1135_raw__export,1030,2021-10-27T00:00:00.000000,8481743.0,2912.34326171875,0.391732782125473,0.6258856058120728,0.6016762852668762
22,port1160_raw__import,1030,2021-10-27T00:00:00.000000,45004076.0,6708.5078125,0.4967527985572815,0.704806923866272,0.8910938501358032
23,port1160_raw__export,1030,2021-10-27T00:00:00.000000,1192893440.0,34538.2890625,0.8031572699546814,0.8961904048919678,0.7644109129905701
24,port1189_raw__import,1030,2021-10-27T00:00:00.000000,230889264.0,15195.041015625,0.502727746963501,0.7090329527854919,0.6435543894767761
25,port1189_raw__export,1030,2021-10-27T00:00:00.000000,21051070.0,4588.14453125,0.025935890153050423,0.16104623675346375,0.11596827954053879
26,port1197_raw__import,1030,2021-10-27T00:00:00.000000,125709512.0,11212.025390625,0.5410269498825073,0.7355453372001648,0.5244844555854797
27,port1197_raw__export,1030,2021-10-27T00:00:00.000000,63009488.0,7937.8515625,0.12454261630773544,0.3529059588909149,0.3745485842227936
28,port1201_raw__import,1030,2021-10-27T00:00:00.000000,1510595072.0,38866.375,0.12109115719795227,0.3479815423488617,0.26707491278648376
29,port1201_raw__export,1030,2021-10-27T00:00:00.000000,10764094464.0,103750.15625,4.78169059753418,2.1867077350616455,1.7367314100265503
30,port1248_raw__import,1030,2021-10-27T00:00:00.000000,19538106.0,4420.19287109375,0.8451998829841614,0.9193475246429443,0.6604422330856323
31,port1248_raw__export,1030,2021-10-27T00:00:00.000000,291433792.0,17071.431640625,0.4138110280036926,0.6432814598083496,0.6944068074226379
32,port1266_raw__import,1030,2021-10-27T00:00:00.000000,185764128.0,13629.53125,0.03676407039165497,0.19173958897590637,0.17676356434822083
33,port1266_raw__export,1030,2021-10-27T00:00:00.000000,1287584128.0,35882.921875,2.4998955726623535,1.5811058282852173,0.9204098582267761
34,port1269_raw__import,1030,2021-10-27T00:00:00.000000,231592512.0,15218.1640625,0.29666370153427124,0.544668436050415,0.33337777853012085
35,port1269_raw__export,1030,2021-10-27T00:00:00.000000,17946012.0,4236.2734375,0.04420968145132065,0.21026098728179932,0.11714489758014679
36,port1284_raw__import,1030,2021-10-27T00:00:00.000000,367254176.0,19163.876953125,0.761262059211731,0.8725033402442932,0.6641007661819458
37,port1284_raw__export,1030,2021-10-27T00:00:00.000000,16953460.0,4117.4580078125,0.19286197423934937,0.4391605257987976,0.3957773745059967
38,port1304_raw__import,1030,2021-10-27T00:00:00.000000,3569110.5,1889.208984375,0.022817503660917282,0.15105463564395905,0.08734118938446045
39,port1304_raw__export,1030,2021-10-27T00:00:00.000000,242902.1875,492.85107421875,0.010676080361008644,0.10332512110471725,0.08324989676475525
40,port1309_raw__import,1030,2021-10-27T00:00:00.000000,314512960.0,17734.513671875,1.301810383796692,1.1409690380096436,1.0539926290512085
41,port1309_raw__export,1030,2021-10-27T00:00:00.000000,453393600.0,21293.041015625,0.7615826725959778,0.872687041759491,1.098873496055603
42,port1318_raw__import,1030,2021-10-27T00:00:00.000000,6617418240.0,81347.515625,3.1031858921051025,1.7615861892700195,1.6153699159622192
43,port1318_raw__export,1030,2021-10-27T00:00:00.000000,17706096.0,4207.861328125,0.36725103855133057,0.6060124039649963,0.7019575834274292
44,port132_raw__import,1030,2021-10-27T00:00:00.000000,26926674.0,5189.091796875,0.9141155481338501,0.9560939073562622,0.6840170621871948
45,port132_raw__export,1030,2021-10-27T00:00:00.000000,213803.390625,462.3887939453125,0.32609671354293823,0.5710487961769104,1.2224454879760742
46,port1330_raw__import,1030,2021-10-27T00:00:00.000000,986570.5625,993.2625732421875,7.801059246063232,2.7930376529693604,2.351806402206421
47,port1330_raw__export,1030,2021-10-27T00:00:00.000000,208141.34375,456.22509765625,0.5141117572784424,0.7170158624649048,0.4285714030265808
48,port1358_raw__import,1030,2021-10-27T00:00:00.000000,592662976.0,24344.669921875,1.0308198928833008,1.015293002128601,0.6351348161697388
49,port1358_raw__export,1030,2021-10-27T00:00:00.000000,1245151.375,1115.863525390625,0.050944723188877106,0.22570937871932983,0.17609074711799622
50,port139_raw__import,1030,2021-10-27T00:00:00.000000,6541452.0,2557.626220703125,0.30872175097465515,0.5556273460388184,0.4848114550113678
51,port139_raw__export,1030,2021-10-27T00:00:00.000000,170.1859130859375,13.0455322265625,7.560867379652336e-05,0.008695324882864952,0.0062794070690870285
52,port1410_raw__import,1030,2021-10-27T00:00:00.000000,1040046400.0,32249.75,0.8188088536262512,0.9048805832862854,0.8074878454208374
53,port1410_raw__export,1030,2021-10-27T00:00:00.000000,826368896.0,28746.6328125,0.974494457244873,0.9871648550033569,0.816213071346283
54,port1414_raw__import,1030,2021-10-27T00:00:00.000000,27116108.0,5207.31298828125,0.046775709837675095,0.21627692878246307,0.23541873693466187
55,port1414_raw__export,1030,2021-10-27T00:00:00.000000,511086688.0,22607.2265625,0.9181032180786133,0.9581770300865173,0.576971173286438
56,port1425_raw__import,1030,2021-10-27T00:00:00.000000,850105344.0,29156.56640625,2.2905027866363525,1.513440728187561,1.036320447921753
57,port1425_raw__export,1030,2021-10-27T00:00:00.000000,22236884.0,4715.60009765625,0.44238319993019104,0.665118932723999,0.45802736282348633
58,port1426_raw__import,1030,2021-10-27T00:00:00.000000,6317845504.0,79484.875,1.2057627439498901,1.0980722904205322,0.6806989312171936
59,port1426_raw__export,1030,2021-10-27T00:00:00.000000,3225048320.0,56789.5078125,4.773114204406738,2.1847457885742188,2.187649965286255
60,port168_raw__import,1030,2021-10-27T00:00:00.000000,168657904.0,12986.8359375,0.6980660557746887,0.8355034589767456,0.6485350728034973
61,port168_raw__export,1030,2021-10-27T00:00:00.000000,68011208.0,8246.890625,0.9200503826141357,0.9591925740242004,0.6941105723381042
62,port193_raw__import,1030,2021-10-27T00:00:00.000000,245000.34375,494.97509765625,0.015251734293997288,0.12349791079759598,0.08458685129880905
63,port193_raw__export,1030,2021-10-27T00:00:00.000000,121901592.0,11040.9052734375,1.4493625164031982,1.2038947343826294,0.9229268431663513
64,port2017_raw__import,1030,2021-10-27T00:00:00.000000,3692755.25,1921.654296875,2.3495852947235107,1.5328357219696045,1.0168923139572144
65,port2017_raw__export,1030,2021-10-27T00:00:00.000000,380883.03125,617.1572265625,0.13595540821552277,0.3687213063240051,0.26703423261642456
66,port2025_raw__import,1030,2021-10-27T00:00:00.000000,80724648.0,8984.689453125,0.17041194438934326,0.412809818983078,0.27774563431739807
67,port2025_raw__export,1030,2021-10-27T00:00:00.000000,39399404.0,6276.89453125,0.11452430486679077,0.33841440081596375,0.264600545167923
68,port2027_raw__import,1030,2021-10-27T00:00:00.000000,3087129344.0,55561.94140625,3.8627867698669434,1.9653973579406738,1.1227935552597046
69,port2027_raw__export,1030,2021-10-27T00:00:00.000000,1617838208.0,40222.359375,0.45324698090553284,0.6732361912727356,0.3995825946331024
70,port2031_raw__import,1030,2021-10-27T00:00:00.000000,232607296.0,15251.46875,0.8359335064888,0.9142940044403076,0.9112524390220642
71,port2031_raw__export,1030,2021-10-27T00:00:00.000000,1393032832.0,37323.35546875,25.42209815979004,5.0420331954956055,3.998748302459717
72,port2039_raw__import,1030,2021-10-27T00:00:00.000000,993071232.0,31513.033203125,4.544366836547852,2.1317520141601562,1.4775185585021973
73,port2039_raw__export,1030,2021-10-27T00:00:00.000000,20829022.0,4563.88232421875,0.8207137584686279,0.9059325456619263,0.6339981555938721
74,port2044_raw__import,1030,2021-10-27T00:00:00.000000,3598823168.0,59990.19140625,2.8377325534820557,1.6845570802688599,1.1773488521575928
75,port2044_raw__export,1030,2021-10-27T00:00:00.000000,9569147.0,3093.40380859375,0.6412583589553833,0.8007860779762268,0.4964282214641571
76,port2189_raw__import,1030,2021-10-27T00:00:00.000000,9404680.0,3066.705078125,0.0863567590713501,0.2938652038574219,0.2696721851825714
77,port2189_raw__export,1030,2021-10-27T00:00:00.000000,21873526.0,4676.9140625,0.15610794723033905,0.3951049745082855,0.3359917998313904
78,port22_raw__import,1030,2021-10-27T00:00:00.000000,132050424.0,11491.3193359375,2.441204309463501,1.5624353885650635,1.3012547492980957
79,port22_raw__export,1030,2021-10-27T00:00:00.000000,14059234.0,3749.564453125,0.10182427614927292,0.31909915804862976,0.24958813190460205
80,port254_raw__import,1030,2021-10-27T00:00:00.000000,576875776.0,24018.23828125,0.7972331643104553,0.8928791284561157,1.0798698663711548
81,port254_raw__export,1030,2021-10-27T00:00:00.000000,55161.6796875,234.865234375,0.00010326262417947873,0.010161821730434895,0.009463045746088028
82,port270_raw__import,1030,2021-10-27T00:00:00.000000,1984573440.0,44548.55078125,2.909853935241699,1.705829381942749,1.253971815109253
83,port270_raw__export,1030,2021-10-27T00:00:00.000000,140876496.0,11869.140625,0.38853761553764343,0.6233278512954712,0.3792416453361511
84,port281_raw__import,1030,2021-10-27T00:00:00.000000,366703712.0,19149.509765625,6.602423191070557,2.5695180892944336,2.247255563735962
85,port281_raw__export,1030,2021-10-27T00:00:00.000000,61394304.0,7835.45166015625,0.4124017655849457,0.6421851515769958,0.5687276124954224
86,port307_raw__import,1030,2021-10-27T00:00:00.000000,16018068.0,4002.2578125,2.2674007415771484,1.505789041519165,1.2198537588119507
87,port307_raw__export,1030,2021-10-27T00:00:00.000000,412358.9375,642.1517944335938,0.28160834312438965,0.5306678414344788,0.34290650486946106
88,port310_raw__import,1030,2021-10-27T00:00:00.000000,950640256.0,30832.455078125,1.4997738599777222,1.2246525287628174,1.27741539478302
89,port310_raw__export,1030,2021-10-27T00:00:00.000000,27258346.0,5220.95263671875,0.2341838777065277,0.4839254915714264,0.45713886618614197
90,port317_raw__import,1030,2021-10-27T00:00:00.000000,110705760.0,10521.6806640625,0.813616156578064,0.9020067453384399,0.9679827690124512
91,port317_raw__export,1030,2021-10-27T00:00:00.000000,21304138.0,4615.640625,0.27443039417266846,0.5238610506057739,0.8260758519172668
92,port342_raw__import,1030,2021-10-27T00:00:00.000000,297199552.0,17239.4765625,0.7561139464378357,0.8695481419563293,1.0459860563278198
93,port342_raw__export,1030,2021-10-27T00:00:00.000000,399807520.0,19995.1875,7.1438727378845215,2.672802448272705,3.8571929931640625
94,port358_raw__import,1030,2021-10-27T00:00:00.000000,38810252.0,6229.78759765625,0.5932949185371399,0.7702564001083374,1.4018051624298096
95,port358_raw__export,1030,2021-10-27T00:00:00.000000,149586704.0,12230.564453125,1.1278202533721924,1.0619888305664062,1.0207518339157104
96,port361_raw__import,1030,2021-10-27T00:00:00.000000,1198161408.0,34614.46875,5.027682781219482,2.2422494888305664,2.161945104598999
97,port361_raw__export,1030,2021-10-27T00:00:00.000000,275193952.0,16588.970703125,1.6981173753738403,1.303118348121643,1.2203001976013184
98,port362_raw__import,1030,2021-10-27T00:00:00.000000,1247145600.0,35314.94921875,4.6883978843688965,2.1652708053588867,1.6426140069961548
99,port362_raw__export,1030,2021-10-27T00:00:00.000000,2648202752.0,51460.69140625,1.3347550630569458,1.1553159952163696,1.1919853687286377
100,port364_raw__import,1030,2021-10-27T00:00:00.000000,2317075200.0,48136.0078125,2.253838539123535,1.5012789964675903,1.186867356300354
101,port364_raw__export,1030,2021-10-27T00:00:00.000000,312045536.0,17664.810546875,1.7991302013397217,1.3413165807724,0.9397765398025513
102,port380_raw__import,1030,2021-10-27T00:00:00.000000,5550117376.0,74499.109375,6.747753620147705,2.5976438522338867,1.8184115886688232
103,port380_raw__export,1030,2021-10-27T00:00:00.000000,273625696.0,16541.634765625,0.43973150849342346,0.6631225347518921,0.5879790186882019
104,port425_raw__import,1030,2021-10-27T00:00:00.000000,390244736.0,19754.61328125,0.2831908166408539,0.532156765460968,0.3389505445957184
105,port425_raw__export,1030,2021-10-27T00:00:00.000000,479131744.0,21889.078125,2.1875600814819336,1.479040265083313,1.3229879140853882
106,port426_raw__import,1030,2021-10-27T00:00:00.000000,90732400.0,9525.35546875,1.0592118501663208,1.0291801691055298,1.1448736190795898
107,port426_raw__export,1030,2021-10-27T00:00:00.000000,42822564.0,6543.89501953125,0.5168209075927734,0.718902587890625,0.8635380864143372
108,port434_raw__import,1030,2021-10-27T00:00:00.000000,2198715.5,1482.806640625,0.0170908086001873,0.13073182106018066,0.13421234488487244
109,port434_raw__export,1030,2021-10-27T00:00:00.000000,7902970.0,2811.22216796875,1.37064528465271,1.170745611190796,1.0117498636245728
110,port435_raw__import,1030,2021-10-27T00:00:00.000000,141765680.0,11906.5390625,0.5750353336334229,0.758310854434967,0.5141770243644714
111,port435_raw__export,1030,2021-10-27T00:00:00.000000,143762656.0,11990.1064453125,15.140002250671387,3.8910155296325684,2.82829213142395
112,port439_raw__import,1030,2021-10-27T00:00:00.000000,303822.1875,551.20068359375,0.01588965393602848,0.12605416774749756,0.07807470858097076
113,port439_raw__export,1030,2021-10-27T00:00:00.000000,3926342.25,1981.5,1.871939778327942,1.368188500404358,1.0630736351013184
114,port443_raw__import,1030,2021-10-27T00:00:00.000000,32191102.0,5673.72021484375,0.23660825192928314,0.48642393946647644,0.5026788711547852
115,port443_raw__export,1030,2021-10-27T00:00:00.000000,42766964.0,6539.6455078125,0.4732716977596283,0.6879474520683289,0.5949451327323914
116,port446_raw__import,1030,2021-10-27T00:00:00.000000,25696622.0,5069.18359375,0.060388073325157166,0.24573984742164612,0.20248159766197205
117,port446_raw__export,1030,2021-10-27T00:00:00.000000,819480512.0,28626.5703125,5.668219089508057,2.3808021545410156,1.8842195272445679
118,port484_raw__import,1030,2021-10-27T00:00:00.000000,214324992.0,14639.8427734375,1183.3582763671875,34.39997482299805,36.112449645996094
119,port484_raw__export,1030,2021-10-27T00:00:00.000000,9725892.0,3118.63623046875,0.18120872974395752,0.42568618059158325,0.4007847309112549
120,port503_raw__import,1030,2021-10-27T00:00:00.000000,396114784.0,19902.6328125,33.961204528808594,5.827624320983887,6.297664165496826
121,port503_raw__export,1030,2021-10-27T00:00:00.000000,43362432.0,6585.015625,0.2434326857328415,0.49338898062705994,0.43561363220214844
122,port514_raw__import,1030,2021-10-27T00:00:00.000000,934767104.0,30573.9609375,1.7491058111190796,1.3225376605987549,1.319980263710022
123,port514_raw__export,1030,2021-10-27T00:00:00.000000,101130680.0,10056.375,1.16473388671875,1.079228401184082,1.5993722677230835
124,port540_raw__import,1030,2021-10-27T00:00:00.000000,4158301.5,2039.19140625,0.00441019656136632,0.06640931218862534,0.04427333548665047
125,port540_raw__export,1030,2021-10-27T00:00:00.000000,363340928.0,19061.50390625,1.4146535396575928,1.18939208984375,1.0549342632293701
126,port541_raw__import,1030,2021-10-27T00:00:00.000000,3428645120.0,58554.6328125,1.5809730291366577,1.257367491722107,0.8644808530807495
127,port541_raw__export,1030,2021-10-27T00:00:00.000000,1294070272.0,35973.1875,2.532081365585327,1.5912514925003052,1.0358519554138184
128,port543_raw__import,1030,2021-10-27T00:00:00.000000,1340043264.0,36606.6015625,2.068465232849121,1.438215970993042,0.9824339151382446
129,port543_raw__export,1030,2021-10-27T00:00:00.000000,12532060.0,3540.06494140625,0.2870858311653137,0.5358039140701294,0.6154254674911499
130,port555_raw__import,1030,2021-10-27T00:00:00.000000,323783680.0,17993.990234375,1.0939990282058716,1.045944094657898,0.5883934497833252
131,port555_raw__export,1030,2021-10-27T00:00:00.000000,5902786.0,2429.56494140625,0.6467253565788269,0.8041923642158508,0.59541255235672
132,port570_raw__import,1030,2021-10-27T00:00:00.000000,220465776.0,14848.08984375,0.03321051225066185,0.18223752081394196,0.1492215096950531
133,port570_raw__export,1030,2021-10-27T00:00:00.000000,124837152.0,11173.0546875,0.23374687135219574,0.4834737479686737,0.30737337470054626
134,port592_raw__import,1030,2021-10-27T00:00:00.000000,101178944.0,10058.7744140625,1.2219908237457275,1.10543692111969,0.7239665389060974
135,port592_raw__export,1030,2021-10-27T00:00:00.000000,150001024.0,12247.490234375,19.70345687866211,4.438857555389404,3.162738561630249
136,port601_raw__import,1030,2021-10-27T00:00:00.000000,406964.65625,637.9378051757812,0.8843656182289124,0.9404071569442749,0.9095091223716736
137,port601_raw__export,1030,2021-10-27T00:00:00.000000,35788.5859375,189.1787109375,0.032454848289489746,0.1801522970199585,0.15903185307979584
138,port62_raw__import,1030,2021-10-27T00:00:00.000000,91614024.0,9571.521484375,0.5453436970710754,0.7384738922119141,0.8609458804130554
139,port62_raw__export,1030,2021-10-27T00:00:00.000000,6734317.5,2595.056396484375,0.7036999464035034,0.838868260383606,0.7183482050895691
140,port644_raw__import,1030,2021-10-27T00:00:00.000000,12805606.0,3578.4921875,0.004021639470010996,0.06341639906167984,0.06656595319509506
141,port644_raw__export,1030,2021-10-27T00:00:00.000000,235274128.0,15338.6484375,0.4278000295162201,0.6540642380714417,0.5526028871536255
142,port649_raw__import,1030,2021-10-27T00:00:00.000000,335140.5625,578.9132690429688,0.7235773801803589,0.8506335020065308,0.8874777555465698
143,port649_raw__export,1030,2021-10-27T00:00:00.000000,24856852.0,4985.66455078125,24.9229736328125,4.992291450500488,3.246051788330078
144,port657_raw__import,1030,2021-10-27T00:00:00.000000,5773536.0,2402.818359375,0.05896319821476936,0.24282339215278625,0.17049375176429749
145,port657_raw__export,1030,2021-10-27T00:00:00.000000,15995266.0,3999.408203125,0.2738301455974579,0.523287832736969,0.4922581911087036
146,port667_raw__import,1030,2021-10-27T00:00:00.000000,851614.875,922.829833984375,0.2459617704153061,0.4959453344345093,0.38847628235816956
147,port667_raw__export,1030,2021-10-27T00:00:00.000000,52866.84765625,229.92791748046875,0.04318442568182945,0.20780862867832184,0.2764888405799866
148,port672_raw__import,1030,2021-10-27T00:00:00.000000,653647104.0,25566.5234375,1.3549946546554565,1.164042353630066,0.8432328701019287
149,port672_raw__export,1030,2021-10-27T00:00:00.000000,8765540.0,2960.66552734375,0.11512588709592819,0.33930206298828125,0.3185732364654541
150,port67_raw__import,1030,2021-10-27T00:00:00.000000,163589168.0,12790.1982421875,0.7176539897918701,0.847144603729248,1.0474544763565063
151,port67_raw__export,1030,2021-10-27T00:00:00.000000,11631569.0,3410.508544921875,0.14165759086608887,0.3763742744922638,0.4024157226085663
152,port681_raw__import,1030,2021-10-27T00:00:00.000000,9147314176.0,95641.59375,1.6840081214904785,1.2976933717727661,0.8260683417320251
153,port681_raw__export,1030,2021-10-27T00:00:00.000000,299525760.0,17306.8125,0.9138603806495667,0.9559604525566101,0.7874748110771179
154,port738_raw__import,1030,2021-10-27T00:00:00.000000,17315416.0,4161.1796875,0.25695276260375977,0.5069050788879395,0.463809996843338
155,port738_raw__export,1030,2021-10-27T00:00:00.000000,3567986.25,1888.911376953125,0.2999931573867798,0.5477163195610046,0.3668753206729889
156,port73_raw__import,1030,2021-10-27T00:00:00.000000,263314704.0,16226.974609375,1.4349884986877441,1.1979100704193115,0.7218784093856812
157,port73_raw__export,1030,2021-10-27T00:00:00.000000,3178011.25,1782.69775390625,0.049329809844493866,0.22210314869880676,0.18892300128936768
158,port744_raw__import,1030,2021-10-27T00:00:00.000000,9401.423828125,96.9609375,5.231733211985556e-06,0.002287298208102584,0.0029175570234656334
159,port744_raw__export,1030,2021-10-27T00:00:00.000000,452475712.0,21271.4765625,0.7800220251083374,0.8831885457038879,0.61620032787323
160,port766_raw__import,1030,2021-10-27T00:00:00.000000,150247472.0,12257.5478515625,0.998008668422699,0.9990038275718689,0.8289622664451599
161,port766_raw__export,1030,2021-10-27T00:00:00.000000,44079836.0,6639.2646484375,0.6666412949562073,0.8164810538291931,0.6294736862182617
162,port775_raw__import,1030,2021-10-27T00:00:00.000000,2586187776.0,50854.57421875,5.3218913078308105,2.306922435760498,2.861186981201172
163,port775_raw__export,1030,2021-10-27T00:00:00.000000,3372601.25,1836.46435546875,0.03779074549674988,0.1943984180688858,0.17376382648944855
164,port776_raw__import,1030,2021-10-27T00:00:00.000000,363132320.0,19056.03125,0.2561551332473755,0.5061177015304565,0.3476417064666748
165,port776_raw__export,1030,2021-10-27T00:00:00.000000,141967824.0,11915.025390625,0.6592226624488831,0.8119252920150757,0.5402318239212036
166,port781_raw__import,1030,2021-10-27T00:00:00.000000,433328.59375,658.2769775390625,0.7826281785964966,0.8846627473831177,0.5317418575286865
167,port781_raw__export,1030,2021-10-27T00:00:00.000000,66625164.0,8162.423828125,0.1435611993074417,0.37889471650123596,0.49366673827171326
168,port787_raw__import,1030,2021-10-27T00:00:00.000000,1406128.125,1185.802734375,0.3225518465042114,0.5679364800453186,0.525443971157074
169,port787_raw__export,1030,2021-10-27T00:00:00.000000,58620.2578125,242.1162109375,0.000317840080242604,0.017828069627285004,0.014222373254597187
170,port795_raw__import,1030,2021-10-27T00:00:00.000000,20886524.0,4570.177734375,0.8541789054870605,0.9242179989814758,0.5918989777565002
171,port795_raw__export,1030,2021-10-27T00:00:00.000000,184499856.0,13583.072265625,16.21429443359375,4.026697635650635,2.342440128326416
172,port805_raw__import,1030,2021-10-27T00:00:00.000000,1304192256.0,36113.6015625,1.3158634901046753,1.147110939025879,0.8433088064193726
173,port805_raw__export,1030,2021-10-27T00:00:00.000000,127249768.0,11280.50390625,0.32415133714675903,0.5693429112434387,0.3557770848274231
174,port811_raw__import,1030,2021-10-27T00:00:00.000000,238080176.0,15429.8466796875,0.7547996640205383,0.8687920570373535,0.8260709643363953
175,port811_raw__export,1030,2021-10-27T00:00:00.000000,54774272.0,7400.96435546875,1.1764051914215088,1.0846221446990967,0.7726921439170837
176,port815_raw__import,1030,2021-10-27T00:00:00.000000,5315505664.0,72907.515625,3.3385519981384277,1.827170491218567,1.335634708404541
177,port815_raw__export,1030,2021-10-27T00:00:00.000000,923744064.0,30393.158203125,4.888861179351807,2.2110769748687744,1.7254961729049683
178,port826_raw__import,1030,2021-10-27T00:00:00.000000,119342904.0,10924.41796875,0.9833009839057922,0.991615355014801,0.8113026022911072
179,port826_raw__export,1030,2021-10-27T00:00:00.000000,67919136.0,8241.306640625,0.06207132339477539,0.2491411715745926,0.14612898230552673
180,port839_raw__import,1030,2021-10-27T00:00:00.000000,2409.06982421875,49.082275390625,0.000520364148542285,0.022811491042375565,0.01677064038813114
181,port839_raw__export,1030,2021-10-27T00:00:00.000000,84973472.0,9218.10546875,0.5498918294906616,0.7415469288825989,0.5305677652359009
182,port845_raw__import,1030,2021-10-27T00:00:00.000000,849965184.0,29154.162109375,0.8422675728797913,0.9177513718605042,0.8581635355949402
183,port845_raw__export,1030,2021-10-27T00:00:00.000000,3703.982421875,60.8603515625,1.0841234143299516e-05,0.003292602952569723,0.004118117969483137
184,port862_raw__import,1030,2021-10-27T00:00:00.000000,1614165.25,1270.498046875,0.046600669622421265,0.2158718854188919,0.2719179093837738
185,port862_raw__export,1030,2021-10-27T00:00:00.000000,3747844.5,1935.93505859375,0.9384334683418274,0.9687277674674988,0.7653067111968994
186,port908_raw__import,1030,2021-10-27T00:00:00.000000,758004160.0,27531.875,3.313868284225464,1.8204033374786377,1.108795404434204
187,port908_raw__export,1030,2021-10-27T00:00:00.000000,386829600.0,19667.984375,0.521991491317749,0.7224897742271423,1.0359013080596924
188,port915_raw__import,1030,2021-10-27T00:00:00.000000,7130649088.0,84443.171875,1.2207105159759521,1.1048576831817627,0.9743881225585938
189,port915_raw__export,1030,2021-10-27T00:00:00.000000,127613296.0,11296.60546875,1.4352432489395142,1.1980164051055908,0.9778541326522827
190,port917_raw__import,1030,2021-10-27T00:00:00.000000,44875116.0,6698.88916015625,11.226387977600098,3.3505802154541016,2.9211819171905518
191,port917_raw__export,1030,2021-10-27T00:00:00.000000,229992752.0,15165.51171875,2.1044137477874756,1.4506597518920898,0.8366140127182007
192,port958_raw__import,1030,2021-10-27T00:00:00.000000,20216642.0,4496.2919921875,1.6468678712844849,1.2833034992218018,1.11512291431427
193,port958_raw__export,1030,2021-10-27T00:00:00.000000,12055135.0,3472.050537109375,1.2332147359848022,1.110502004623413,0.8655308485031128
194,port959_raw__import,1030,2021-10-27T00:00:00.000000,4370979328.0,66113.3828125,5.272475719451904,2.296187162399292,3.963730573654175
195,port959_raw__export,1030,2021-10-27T00:00:00.000000,944267584.0,30728.9375,1.8841462135314941,1.3726420402526855,1.5202645063400269
196,port985_raw__import,1030,2021-10-27T00:00:00.000000,2719043584.0,52144.44921875,3.9029929637908936,1.9755994081497192,1.728625774383545
197,port985_raw__export,1030,2021-10-27T00:00:00.000000,541961216.0,23280.060546875,1.5151927471160889,1.2309316396713257,0.7880755662918091
0,port1016_raw__import,1542,2023-03-23T00:00:00.000000,246362080.0,15695.92578125,8.118149757385254,2.8492367267608643,1.9409685134887695
1,port1016_raw__export,1542,2023-03-23T00:00:00.000000,911924.25,954.947265625,0.01926528476178646,0.13879944384098053,0.10183116793632507
2,port1035_raw__import,1542,2023-03-23T00:00:00.000000,111516880.0,10560.1552734375,0.511958658695221,0.7155128717422485,1.245257019996643
3,port1035_raw__export,1542,2023-03-23T00:00:00.000000,73735968.0,8586.96484375,2.2573935985565186,1.5024625062942505,1.1601630449295044
4,port1057_raw__import,1542,2023-03-23T00:00:00.000000,115108840.0,10728.87890625,0.846350371837616,0.9199730157852173,0.8160977959632874
5,port1057_raw__export,1542,2023-03-23T00:00:00.000000,4419682.0,2102.303955078125,0.05627581104636192,0.2372252345085144,0.32651159167289734
6,port1065_raw__import,1542,2023-03-23T00:00:00.000000,492409.21875,701.71875,0.0001891025312943384,0.013751455582678318,0.010580115020275116
7,port1065_raw__export,1542,2023-03-23T00:00:00.000000,911139904.0,30185.09375,1.7831498384475708,1.3353463411331177,0.9049758315086365
8,port1070_raw__import,1542,2023-03-23T00:00:00.000000,957543680.0,30944.203125,0.10297223180532455,0.320892870426178,0.2145606428384781
9,port1070_raw__export,1542,2023-03-23T00:00:00.000000,814525568.0,28539.89453125,0.8000544905662537,0.8944576382637024,0.6658211946487427
10,port1071_raw__import,1542,2023-03-23T00:00:00.000000,2768420864.0,52615.78515625,1.0566445589065552,1.0279321670532227,0.7053073048591614
11,port1071_raw__export,1542,2023-03-23T00:00:00.000000,926035520.0,30430.83203125,3.2558040618896484,1.804384708404541,1.9083983898162842
12,port1073_raw__import,1542,2023-03-23T00:00:00.000000,768178368.0,27716.03125,1.0918891429901123,1.0449349880218506,0.7910342216491699
13,port1073_raw__export,1542,2023-03-23T00:00:00.000000,5067922.0,2251.20458984375,0.0650266706943512,0.25500327348709106,0.3823190927505493
14,port1086_raw__import,1542,2023-03-23T00:00:00.000000,45783440.0,6766.34619140625,0.43686774373054504,0.6609597206115723,0.42917919158935547
15,port1086_raw__export,1542,2023-03-23T00:00:00.000000,31640790.0,5625.0146484375,2.688507556915283,1.6396669149398804,1.4753574132919312
16,port1112_raw__import,1542,2023-03-23T00:00:00.000000,20541.236328125,143.3221435546875,1.008249044418335,1.0041160583496094,0.681811511516571
17,port1112_raw__export,1542,2023-03-23T00:00:00.000000,16959304.0,4118.16748046875,12.669280052185059,3.5593931674957275,3.2006020545959473
18,port1128_raw__import,1542,2023-03-23T00:00:00.000000,118936344.0,10905.7939453125,0.31688594818115234,0.5629262328147888,0.5315338969230652
19,port1128_raw__export,1542,2023-03-23T00:00:00.000000,9972671.0,3157.95361328125,1.519877552986145,1.2328331470489502,1.1540745496749878
20,port1135_raw__import,1542,2023-03-23T00:00:00.000000,12213172.0,3494.73486328125,0.614075243473053,0.7836295366287231,0.7911506295204163
21,port1135_raw__export,1542,2023-03-23T00:00:00.000000,2378862.75,1542.356201171875,0.3912259638309479,0.625480592250824,0.6057771444320679
22,port1160_raw__import,1542,2023-03-23T00:00:00.000000,2105761664.0,45888.578125,4.1121296882629395,2.027838706970215,1.7566537857055664
23,port1160_raw__export,1542,2023-03-23T00:00:00.000000,1731299840.0,41608.890625,0.4825744032859802,0.6946757435798645,0.39850476384162903
24,port1189_raw__import,1542,2023-03-23T00:00:00.000000,107133416.0,10350.52734375,0.16715070605278015,0.40884068608283997,0.33428269624710083
25,port1189_raw__export,1542,2023-03-23T00:00:00.000000,1655965056.0,40693.55078125,7.608565330505371,2.7583627700805664,2.5955677032470703
26,port1197_raw__import,1542,2023-03-23T00:00:00.000000,2589265664.0,50884.828125,8.68955135345459,2.9478044509887695,2.662851333618164
27,port1197_raw__export,1542,2023-03-23T00:00:00.000000,1647960064.0,40595.07421875,1.6926301717758179,1.3010112047195435,0.9950586557388306
28,port1201_raw__import,1542,2023-03-23T00:00:00.000000,1431378432.0,37833.5625,0.0675295814871788,0.25986453890800476,0.17181020975112915
29,port1201_raw__export,1542,2023-03-23T00:00:00.000000,6419404800.0,80121.1875,0.824245810508728,0.9078798294067383,0.6451004147529602
30,port1248_raw__import,1542,2023-03-23T00:00:00.000000,4361810.0,2088.49462890625,0.1191660687327385,0.3452043831348419,0.25862380862236023
31,port1248_raw__export,1542,2023-03-23T00:00:00.000000,23863440.0,4885.02197265625,0.19046147167682648,0.43641892075538635,0.667073130607605
32,port1266_raw__import,1542,2023-03-23T00:00:00.000000,596963072.0,24432.828125,0.09243201464414597,0.304026335477829,0.22253361344337463
33,port1266_raw__export,1542,2023-03-23T00:00:00.000000,868642304.0,29472.73828125,0.8433683514595032,0.918350875377655,1.1552609205245972
34,port1269_raw__import,1542,2023-03-23T00:00:00.000000,714504384.0,26730.21484375,0.6347830295562744,0.7967327237129211,0.8738399744033813
35,port1269_raw__export,1542,2023-03-23T00:00:00.000000,2176316.5,1475.234375,0.0034847520291805267,0.059031788259744644,0.040035925805568695
36,port1284_raw__import,1542,2023-03-23T00:00:00.000000,48670.21875,220.61328125,0.0004224529257044196,0.02055365964770317,0.012118604965507984
37,port1284_raw__export,1542,2023-03-23T00:00:00.000000,84213136.0,9176.771484375,0.5404762625694275,0.7351709008216858,0.7382413744926453
38,port1304_raw__import,1542,2023-03-23T00:00:00.000000,1163149696.0,34104.98046875,4.089354991912842,2.0222153663635254,1.8880020380020142
39,port1304_raw__export,1542,2023-03-23T00:00:00.000000,37417976.0,6117.0234375,0.23319076001644135,0.4828982949256897,0.4582805931568146
40,port1309_raw__import,1542,2023-03-23T00:00:00.000000,2846993.0,1687.303466796875,0.1666666567325592,0.40824827551841736,0.4285714328289032
41,port1309_raw__export,1542,2023-03-23T00:00:00.000000,537.6318359375,23.1868896484375,0.1666666716337204,0.40824830532073975,0.4285714030265808
42,port1318_raw__import,1542,2023-03-23T00:00:00.000000,1188700672.0,34477.5390625,0.8444819450378418,0.918956995010376,0.8949640393257141
43,port1318_raw__export,1542,2023-03-23T00:00:00.000000,402649.75,634.546875,0.05037344992160797,0.2244403064250946,0.1683521568775177
44,port132_raw__import,1542,2023-03-23T00:00:00.000000,15912853.0,3989.091796875,1.220349907875061,1.1046944856643677,0.6450251340866089
45,port132_raw__export,1542,2023-03-23T00:00:00.000000,2608355.5,1615.0404052734375,0.3376898169517517,0.5811108350753784,0.4491538405418396
46,port1330_raw__import,1542,2023-03-23T00:00:00.000000,13524.1748046875,116.29348754882812,0.12279479950666428,0.35042089223861694,0.2052954137325287
47,port1330_raw__export,1542,2023-03-23T00:00:00.000000,905.4611206054688,30.09088134765625,0.0022304165177047253,0.04722728580236435,0.04675436019897461
48,port1358_raw__import,1542,2023-03-23T00:00:00.000000,156670640.0,12516.814453125,0.22592753171920776,0.4753183424472809,0.3455158472061157
49,port1358_raw__export,1542,2023-03-23T00:00:00.000000,34509520.0,5874.48046875,1.1404746770858765,1.0679301023483276,0.6104878783226013
50,port139_raw__import,1542,2023-03-23T00:00:00.000000,30770016.0,5547.07275390625,1.160957932472229,1.0774775743484497,0.7222257256507874
51,port139_raw__export,1542,2023-03-23T00:00:00.000000,103495632.0,10173.2802734375,1.172182321548462,1.0826736688613892,0.6458905935287476
52,port1410_raw__import,1542,2023-03-23T00:00:00.000000,435859072.0,20877.23828125,0.7105598449707031,0.8429471254348755,0.6744126677513123
53,port1410_raw__export,1542,2023-03-23T00:00:00.000000,114210488.0,10686.9306640625,1.208000659942627,1.099090814590454,0.9229321479797363
54,port1414_raw__import,1542,2023-03-23T00:00:00.000000,1345511552.0,36681.21484375,9.570107460021973,3.0935590267181396,4.62728214263916
55,port1414_raw__export,1542,2023-03-23T00:00:00.000000,24010.470703125,154.953125,2.2958669433137402e-05,0.004791520535945892,0.0038891828153282404
56,port1425_raw__import,1542,2023-03-23T00:00:00.000000,11330153.0,3366.029296875,0.060886356979608536,0.246751606464386,0.16120603680610657
57,port1425_raw__export,1542,2023-03-23T00:00:00.000000,1840366.75,1356.6011962890625,1.7126091718673706,1.3086669445037842,0.7500842809677124
58,port1426_raw__import,1542,2023-03-23T00:00:00.000000,4051054080.0,63647.890625,0.32499390840530396,0.5700823664665222,0.43377062678337097
59,port1426_raw__export,1542,2023-03-23T00:00:00.000000,462637.75,680.1748046875,0.0032164945732802153,0.056714147329330444,0.06459323316812515
60,port168_raw__import,1542,2023-03-23T00:00:00.000000,710736000.0,26659.6328125,2.9461472034454346,1.7164344787597656,1.9436665773391724
61,port168_raw__export,1542,2023-03-23T00:00:00.000000,1266237440.0,35584.23046875,2.1530685424804688,1.4673337936401367,1.6237895488739014
62,port193_raw__import,1542,2023-03-23T00:00:00.000000,141578352.0,11898.669921875,0.44753193855285645,0.6689782738685608,0.7328116297721863
63,port193_raw__export,1542,2023-03-23T00:00:00.000000,168423056.0,12977.791015625,0.5420202612876892,0.7362202405929565,0.48517948389053345
64,port2017_raw__import,1542,2023-03-23T00:00:00.000000,6051963.0,2460.07373046875,3.2387077808380127,1.7996410131454468,1.3878874778747559
65,port2017_raw__export,1542,2023-03-23T00:00:00.000000,7582130.5,2753.56689453125,19.447656631469727,4.409949779510498,4.323812007904053
66,port2025_raw__import,1542,2023-03-23T00:00:00.000000,2117644.5,1455.212890625,0.005901464726775885,0.0768209919333458,0.07978028059005737
67,port2025_raw__export,1542,2023-03-23T00:00:00.000000,2289612032.0,47849.890625,41.56257247924805,6.446904182434082,5.5480523109436035
68,port2027_raw__import,1542,2023-03-23T00:00:00.000000,7270712.0,2696.42578125,0.004776209592819214,0.06911012530326843,0.05019335076212883
69,port2027_raw__export,1542,2023-03-23T00:00:00.000000,6830837760.0,82648.8828125,1.3073091506958008,1.1433762311935425,0.7266218066215515
70,port2031_raw__import,1542,2023-03-23T00:00:00.000000,88760728.0,9421.291015625,0.3682893216609955,0.6068684458732605,1.067757248878479
71,port2031_raw__export,1542,2023-03-23T00:00:00.000000,113695736.0,10662.8203125,0.6032618284225464,0.7766993045806885,0.6050315499305725
72,port2039_raw__import,1542,2023-03-23T00:00:00.000000,2320636416.0,48172.984375,3.874075412750244,1.9682670831680298,1.37845778465271
73,port2039_raw__export,1542,2023-03-23T00:00:00.000000,53270192.0,7298.64306640625,0.44404155015945435,0.6663644313812256,0.5971336960792542
74,port2044_raw__import,1542,2023-03-23T00:00:00.000000,668087936.0,25847.396484375,0.41823726892471313,0.6467126607894897,0.41347193717956543
75,port2044_raw__export,1542,2023-03-23T00:00:00.000000,12697370.0,3563.3369140625,0.29965654015541077,0.547408938407898,0.5189782977104187
76,port2189_raw__import,1542,2023-03-23T00:00:00.000000,1497838720.0,38701.921875,0.3259669244289398,0.5709351301193237,0.4991281032562256
77,port2189_raw__export,1542,2023-03-23T00:00:00.000000,209287088.0,14466.7578125,0.04482825845479965,0.2117268443107605,0.17342954874038696
78,port22_raw__import,1542,2023-03-23T00:00:00.000000,968540224.0,31121.37890625,4.567159652709961,2.1370913982391357,2.3910562992095947
79,port22_raw__export,1542,2023-03-23T00:00:00.000000,26725572.0,5169.67822265625,0.36811187863349915,0.6067222356796265,0.5636143684387207
80,port254_raw__import,1542,2023-03-23T00:00:00.000000,122693008.0,11076.6875,0.8718131184577942,0.9337093234062195,0.7739171385765076
81,port254_raw__export,1542,2023-03-23T00:00:00.000000,542130944.0,23283.705078125,6.287173271179199,2.5074236392974854,1.909924864768982
82,port270_raw__import,1542,2023-03-23T00:00:00.000000,1643176832.0,40536.1171875,0.45559218525886536,0.6749756932258606,0.3983262777328491
83,port270_raw__export,1542,2023-03-23T00:00:00.000000,166398464.0,12899.552734375,0.41548070311546326,0.6445779204368591,0.44900524616241455
84,port281_raw__import,1542,2023-03-23T00:00:00.000000,12822008.0,3580.783203125,0.06993933022022247,0.2644604444503784,0.1925535649061203
85,port281_raw__export,1542,2023-03-23T00:00:00.000000,225478.203125,474.845458984375,0.013177315704524517,0.11479248851537704,0.14512480795383453
86,port307_raw__import,1542,2023-03-23T00:00:00.000000,2048124.375,1431.126953125,0.07789832353591919,0.27910271286964417,0.20992866158485413
87,port307_raw__export,1542,2023-03-23T00:00:00.000000,13830565.0,3718.94677734375,1.810404896736145,1.345512866973877,2.220201015472412
88,port310_raw__import,1542,2023-03-23T00:00:00.000000,56974484.0,7548.14453125,0.05090892314910889,0.22563005983829498,0.1627405881881714
89,port310_raw__export,1542,2023-03-23T00:00:00.000000,37566400.0,6129.1435546875,0.43541428446769714,0.659859299659729,0.5761443376541138
90,port317_raw__import,1542,2023-03-23T00:00:00.000000,23292.6015625,152.619140625,5.031722685089335e-05,0.007093463558703661,0.005509208422154188
91,port317_raw__export,1542,2023-03-23T00:00:00.000000,13649487.0,3694.521240234375,0.22711144387722015,0.47656211256980896,0.36202022433280945
92,port342_raw__import,1542,2023-03-23T00:00:00.000000,472770112.0,21743.27734375,0.9404271841049194,0.9697562456130981,0.5466987490653992
93,port342_raw__export,1542,2023-03-23T00:00:00.000000,25321978.0,5032.0947265625,0.9717063903808594,0.9857516884803772,0.600023627281189
94,port358_raw__import,1542,2023-03-23T00:00:00.000000,11387333.0,3374.51220703125,0.07897336781024933,0.28102201223373413,0.4211553633213043
95,port358_raw__export,1542,2023-03-23T00:00:00.000000,265347136.0,16289.4794921875,0.42800697684288025,0.6542224287986755,0.4886886477470398
96,port361_raw__import,1542,2023-03-23T00:00:00.000000,460145728.0,21451.0078125,1.1176016330718994,1.0571668148040771,0.900138795375824
97,port361_raw__export,1542,2023-03-23T00:00:00.000000,722705664.0,26883.185546875,1.0698710680007935,1.0343457460403442,0.921785831451416
98,port362_raw__import,1542,2023-03-23T00:00:00.000000,7390795264.0,85969.734375,76.78234100341797,8.762553215026855,7.373044967651367
99,port362_raw__export,1542,2023-03-23T00:00:00.000000,263186864.0,16223.03515625,0.17643359303474426,0.42003998160362244,0.46932724118232727
100,port364_raw__import,1542,2023-03-23T00:00:00.000000,355656576.0,18858.859375,0.15874657034873962,0.39843013882637024,0.2622889578342438
101,port364_raw__export,1542,2023-03-23T00:00:00.000000,204799296.0,14310.810546875,3.2159924507141113,1.7933188676834106,1.7726410627365112
102,port380_raw__import,1542,2023-03-23T00:00:00.000000,9231558656.0,96081.0,6.035793304443359,2.456785202026367,2.0925276279449463
103,port380_raw__export,1542,2023-03-23T00:00:00.000000,28062834.0,5297.4365234375,0.5000100135803223,0.7071138620376587,0.5118904709815979
104,port425_raw__import,1542,2023-03-23T00:00:00.000000,5215968768.0,72221.6640625,3.025090217590332,1.7392786741256714,1.0195080041885376
105,port425_raw__export,1542,2023-03-23T00:00:00.000000,249438832.0,15793.6328125,0.3268205523490906,0.5716822147369385,0.3429303467273712
106,port426_raw__import,1542,2023-03-23T00:00:00.000000,95796376.0,9787.5625,1.7973634004592896,1.3406578302383423,1.452574610710144
107,port426_raw__export,1542,2023-03-23T00:00:00.000000,11069468.0,3327.0810546875,0.07885542511940002,0.2808120846748352,0.23392625153064728
108,port434_raw__import,1542,2023-03-23T00:00:00.000000,101398328.0,10069.673828125,9.70140266418457,3.1147074699401855,1.9741439819335938
109,port434_raw__export,1542,2023-03-23T00:00:00.000000,9294.82421875,96.40966796875,0.0009384367731399834,0.030633915215730667,0.021991288289427757
110,port435_raw__import,1542,2023-03-23T00:00:00.000000,33049114.0,5748.8359375,0.14416442811489105,0.37968990206718445,0.32604551315307617
111,port435_raw__export,1542,2023-03-23T00:00:00.000000,4517897.5,2125.53466796875,0.23569315671920776,0.485482394695282,0.37600865960121155
112,port439_raw__import,1542,2023-03-23T00:00:00.000000,93356736.0,9662.12890625,16.85494041442871,4.1054768562316895,2.681398630142212
113,port439_raw__export,1542,2023-03-23T00:00:00.000000,2192250.5,1480.625,0.041043464094400406,0.20259186625480652,0.13447612524032593
114,port443_raw__import,1542,2023-03-23T00:00:00.000000,17607052.0,4196.07568359375,0.23771324753761292,0.4875584542751312,0.5780999064445496
115,port443_raw__export,1542,2023-03-23T00:00:00.000000,42556.5859375,206.29248046875,0.0015002826694399118,0.038733482360839844,0.023735113441944122
116,port446_raw__import,1542,2023-03-23T00:00:00.000000,4120453376.0,64190.7578125,3.2935242652893066,1.8148069381713867,1.5108615159988403
117,port446_raw__export,1542,2023-03-23T00:00:00.000000,322207840.0,17950.1484375,0.4757039546966553,0.6897129416465759,0.5508851408958435
118,port484_raw__import,1542,2023-03-23T00:00:00.000000,92786864.0,9632.59375,0.4711307883262634,0.686389684677124,0.5123289227485657
119,port484_raw__export,1542,2023-03-23T00:00:00.000000,22647648.0,4758.95458984375,3.4888358116149902,1.8678425550460815,1.8680959939956665
120,port503_raw__import,1542,2023-03-23T00:00:00.000000,13837775.0,3719.916015625,0.7341204881668091,0.8568083047866821,0.796579122543335
121,port503_raw__export,1542,2023-03-23T00:00:00.000000,658685.8125,811.5946044921875,0.3694131672382355,0.6077936887741089,0.4285714328289032
122,port514_raw__import,1542,2023-03-23T00:00:00.000000,2274339840.0,47690.0390625,1.317237377166748,1.147709608078003,1.6021056175231934
123,port514_raw__export,1542,2023-03-23T00:00:00.000000,7744.6875,88.00390625,0.00010910570563282818,0.01044536754488945,0.008363764733076096
124,port540_raw__import,1542,2023-03-23T00:00:00.000000,2468276224.0,49681.75,19.74642562866211,4.443695068359375,3.1275978088378906
125,port540_raw__export,1542,2023-03-23T00:00:00.000000,8226690.0,2868.220703125,0.08064401894807816,0.2839789092540741,0.19192302227020264
126,port541_raw__import,1542,2023-03-23T00:00:00.000000,8512880640.0,92265.2734375,3.5641965866088867,1.8879079818725586,2.0097413063049316
127,port541_raw__export,1542,2023-03-23T00:00:00.000000,394920288.0,19872.6015625,0.32976406812667847,0.5742508769035339,0.8752458691596985
128,port543_raw__import,1542,2023-03-23T00:00:00.000000,472992416.0,21748.388671875,1.2342983484268188,1.1109898090362549,0.6334590911865234
129,port543_raw__export,1542,2023-03-23T00:00:00.000000,452976800.0,21283.251953125,2.3626341819763184,1.5370862483978271,1.0167272090911865
130,port555_raw__import,1542,2023-03-23T00:00:00.000000,969740928.0,31140.6640625,7.829904079437256,2.79819655418396,2.5414071083068848
131,port555_raw__export,1542,2023-03-23T00:00:00.000000,2461103.75,1568.79052734375,0.20879797637462616,0.45694416761398315,0.42291325330734253
132,port570_raw__import,1542,2023-03-23T00:00:00.000000,58442352.0,7644.759765625,5.739041328430176,2.395629644393921,2.48165225982666
133,port570_raw__export,1542,2023-03-23T00:00:00.000000,859449984.0,29316.376953125,1.162524700164795,1.0782043933868408,0.6862165927886963
134,port592_raw__import,1542,2023-03-23T00:00:00.000000,110276480.0,10501.2607421875,0.2159736305475235,0.4647296369075775,0.4463256597518921
135,port592_raw__export,1542,2023-03-23T00:00:00.000000,12323302.0,3510.4560546875,0.520736575126648,0.7216207981109619,0.744833767414093
136,port601_raw__import,1542,2023-03-23T00:00:00.000000,1613.365234375,40.166717529296875,0.0019135940819978714,0.04374464601278305,0.09062020480632782
137,port601_raw__export,1542,2023-03-23T00:00:00.000000,550854.625,742.19580078125,0.4245483875274658,0.6515737771987915,0.7465739250183105
138,port62_raw__import,1542,2023-03-23T00:00:00.000000,24820912.0,4982.05908203125,0.5255157947540283,0.7249246835708618,0.6298460960388184
139,port62_raw__export,1542,2023-03-23T00:00:00.000000,95099144.0,9751.87890625,0.2193664014339447,0.4683656692504883,0.31755682826042175
140,port644_raw__import,1542,2023-03-23T00:00:00.000000,827991168.0,28774.8359375,0.08191278576850891,0.28620409965515137,0.2036760151386261
141,port644_raw__export,1542,2023-03-23T00:00:00.000000,463128640.0,21520.423828125,10.255758285522461,3.2024612426757812,2.5649120807647705
142,port649_raw__import,1542,2023-03-23T00:00:00.000000,7252349.0,2693.0185546875,0.009861784055829048,0.09930651634931564,0.14174780249595642
143,port649_raw__export,1542,2023-03-23T00:00:00.000000,9985916.0,3160.050048828125,0.16045352816581726,0.4005665183067322,0.3079018294811249
144,port657_raw__import,1542,2023-03-23T00:00:00.000000,6475782.5,2544.755859375,0.029200490564107895,0.1708815097808838,0.12886196374893188
145,port657_raw__export,1542,2023-03-23T00:00:00.000000,64112024.0,8006.99853515625,2.7441940307617188,1.6565608978271484,1.5865079164505005
146,port667_raw__import,1542,2023-03-23T00:00:00.000000,4583703.5,2140.95849609375,1.0413957834243774,1.0204880237579346,0.7779754996299744
147,port667_raw__export,1542,2023-03-23T00:00:00.000000,11934407.0,3454.62109375,4.779769420623779,2.1862683296203613,1.3013174533843994
148,port672_raw__import,1542,2023-03-23T00:00:00.000000,4366345216.0,66078.328125,0.697425127029419,0.8351198434829712,1.1159194707870483
149,port672_raw__export,1542,2023-03-23T00:00:00.000000,1715763584.0,41421.77734375,0.5073661804199219,0.7122964262962341,0.614607036113739
150,port67_raw__import,1542,2023-03-23T00:00:00.000000,6792943.5,2606.32763671875,0.149791419506073,0.3870289623737335,0.35316160321235657
151,port67_raw__export,1542,2023-03-23T00:00:00.000000,4479807.0,2116.555419921875,0.16830113530158997,0.41024520993232727,0.30188632011413574
152,port681_raw__import,1542,2023-03-23T00:00:00.000000,5424078336.0,73648.34375,1.6267261505126953,1.275431752204895,1.299008846282959
153,port681_raw__export,1542,2023-03-23T00:00:00.000000,98945008.0,9947.1103515625,0.4997498393058777,0.7069298624992371,0.573896050453186
154,port738_raw__import,1542,2023-03-23T00:00:00.000000,1717599.0,1310.572021484375,0.4675882160663605,0.6838042140007019,0.7047409415245056
155,port738_raw__export,1542,2023-03-23T00:00:00.000000,2068.02880859375,45.4755859375,2.6572573915473185e-05,0.005154859274625778,0.004692990332841873
156,port73_raw__import,1542,2023-03-23T00:00:00.000000,657738368.0,25646.41015625,1.2896387577056885,1.1356226205825806,0.9888667464256287
157,port73_raw__export,1542,2023-03-23T00:00:00.000000,19475246.0,4413.07666015625,0.43904727697372437,0.662606418132782,0.5843368768692017
158,port744_raw__import,1542,2023-03-23T00:00:00.000000,7160187392.0,84617.890625,1.3349652290344238,1.1554069519042969,1.0292067527770996
159,port744_raw__export,1542,2023-03-23T00:00:00.000000,844384192.0,29058.2890625,1.202252745628357,1.0964728593826294,0.9069397449493408
160,port766_raw__import,1542,2023-03-23T00:00:00.000000,4351123.0,2085.9345703125,1.1032427549362183,1.0503536462783813,1.3365854024887085
161,port766_raw__export,1542,2023-03-23T00:00:00.000000,4991172.5,2234.09326171875,0.1227087453007698,0.35029807686805725,0.3042444586753845
162,port775_raw__import,1542,2023-03-23T00:00:00.000000,144740192.0,12030.8017578125,0.8401626348495483,0.9166038632392883,1.2189499139785767
163,port775_raw__export,1542,2023-03-23T00:00:00.000000,1248007936.0,35327.15625,26.5362548828125,5.1513352394104,4.818361759185791
164,port776_raw__import,1542,2023-03-23T00:00:00.000000,2432261376.0,49317.9609375,0.6855543255805969,0.8279820680618286,0.4990714490413666
165,port776_raw__export,1542,2023-03-23T00:00:00.000000,11212191.0,3348.4609375,0.020160404965281487,0.14198733866214752,0.1467333734035492
166,port781_raw__import,1542,2023-03-23T00:00:00.000000,2416638.75,1554.55419921875,0.3874325752258301,0.6224408149719238,0.5397982597351074
167,port781_raw__export,1542,2023-03-23T00:00:00.000000,723520.9375,850.600341796875,0.16330090165138245,0.4041050672531128,0.2640179991722107
168,port787_raw__import,1542,2023-03-23T00:00:00.000000,151256.421875,388.9169921875,0.032160334289073944,0.17933303117752075,0.190373033285141
169,port787_raw__export,1542,2023-03-23T00:00:00.000000,409795648.0,20243.41015625,0.5828789472579956,0.7634651064872742,0.560876190662384
170,port795_raw__import,1542,2023-03-23T00:00:00.000000,21622054.0,4649.9521484375,0.3185969591140747,0.5644439458847046,0.5546428561210632
171,port795_raw__export,1542,2023-03-23T00:00:00.000000,114424.296875,338.2666015625,0.008741107769310474,0.09349389374256134,0.0764988586306572
172,port805_raw__import,1542,2023-03-23T00:00:00.000000,2395800320.0,48946.9140625,1.918639063835144,1.3851494789123535,1.3433560132980347
173,port805_raw__export,1542,2023-03-23T00:00:00.000000,587649536.0,24241.484375,4.485283851623535,2.1178488731384277,1.2261606454849243
174,port811_raw__import,1542,2023-03-23T00:00:00.000000,3102710.25,1761.451171875,0.010351561941206455,0.10174262523651123,0.08716723322868347
175,port811_raw__export,1542,2023-03-23T00:00:00.000000,98621232.0,9930.822265625,0.2695390284061432,0.5191714763641357,0.4523974657058716
176,port815_raw__import,1542,2023-03-23T00:00:00.000000,445429920.0,21105.2109375,0.3213416337966919,0.5668700337409973,0.4701502323150635
177,port815_raw__export,1542,2023-03-23T00:00:00.000000,1655689472.0,40690.1640625,6.376966953277588,2.525265693664551,1.4620189666748047
178,port826_raw__import,1542,2023-03-23T00:00:00.000000,36232740.0,6019.36376953125,0.3942486047744751,0.6278921961784363,0.41053342819213867
179,port826_raw__export,1542,2023-03-23T00:00:00.000000,705552832.0,26562.244140625,1.458065152168274,1.2075036764144897,1.339441180229187
180,port839_raw__import,1542,2023-03-23T00:00:00.000000,963906.875,981.78759765625,0.3358810544013977,0.5795524716377258,0.5346237421035767
181,port839_raw__export,1542,2023-03-23T00:00:00.000000,5563093.5,2358.62109375,0.14184023439884186,0.37661683559417725,0.29245883226394653
182,port845_raw__import,1542,2023-03-23T00:00:00.000000,273533856.0,16538.859375,0.24598698318004608,0.495970755815506,0.38678205013275146
183,port845_raw__export,1542,2023-03-23T00:00:00.000000,22432592.0,4736.3056640625,0.07552922517061234,0.2748258113861084,0.30419328808784485
184,port862_raw__import,1542,2023-03-23T00:00:00.000000,192499744.0,13874.427734375,2.621194839477539,1.6190104484558105,1.692404866218567
185,port862_raw__export,1542,2023-03-23T00:00:00.000000,719159.875,848.032958984375,0.10301422327756882,0.32095828652381897,0.31172099709510803
186,port908_raw__import,1542,2023-03-23T00:00:00.000000,256309904.0,16009.681640625,0.6375309824943542,0.7984553575515747,0.5688613653182983
187,port908_raw__export,1542,2023-03-23T00:00:00.000000,19761740.0,4445.41796875,0.08182381093502045,0.28604862093925476,0.3658122718334198
188,port915_raw__import,1542,2023-03-23T00:00:00.000000,12055026.0,3472.034912109375,0.28151512145996094,0.5305799841880798,0.5411882400512695
189,port915_raw__export,1542,2023-03-23T00:00:00.000000,5002671.5,2236.665283203125,0.08833727985620499,0.29721587896347046,0.2052019089460373
190,port917_raw__import,1542,2023-03-23T00:00:00.000000,13374644.0,3657.135986328125,2.6865196228027344,1.639060616493225,1.026782751083374
191,port917_raw__export,1542,2023-03-23T00:00:00.000000,73586712.0,8578.26953125,0.7055690884590149,0.8399816155433655,0.5704759955406189
192,port958_raw__import,1542,2023-03-23T00:00:00.000000,4696028.5,2167.0322265625,0.5087108016014099,0.7132396697998047,0.6672327518463135
193,port958_raw__export,1542,2023-03-23T00:00:00.000000,1397731.75,1182.257080078125,0.1993197500705719,0.44645240902900696,0.30563896894454956
194,port959_raw__import,1542,2023-03-23T00:00:00.000000,188734016.0,13738.0498046875,1.0991456508636475,1.0484014749526978,0.6806405186653137
195,port959_raw__export,1542,2023-03-23T00:00:00.000000,28835494.0,5369.869140625,0.04353999346494675,0.20866239070892334,0.29682043194770813
196,port985_raw__import,1542,2023-03-23T00:00:00.000000,45723640.0,6761.92578125,0.07727773487567902,0.2779887318611145,0.24487993121147156
197,port985_raw__export,1542,2023-03-23T00:00:00.000000,10515668.0,3242.787109375,0.1865701675415039,0.43193769454956055,0.455325722694397
0,port1016_raw__import,2054,2024-08-16T00:00:00.000000,1047580.75,1023.513916015625,0.3862731456756592,0.621508777141571,0.3813369572162628
1,port1016_raw__export,2054,2024-08-16T00:00:00.000000,1375308.25,1172.7353515625,0.1666666567325592,0.40824827551841736,0.8571428060531616
2,port1035_raw__import,2054,2024-08-16T00:00:00.000000,174578.703125,417.826171875,0.001880936324596405,0.04336976259946823,0.0369151346385479
3,port1035_raw__export,2054,2024-08-16T00:00:00.000000,390703392.0,19766.21875,42.2481575012207,6.499858379364014,4.7953033447265625
4,port1057_raw__import,2054,2024-08-16T00:00:00.000000,916115648.0,30267.40234375,7.063460826873779,2.657717227935791,2.0700435638427734
5,port1057_raw__export,2054,2024-08-16T00:00:00.000000,3271094.75,1808.6168212890625,0.8226034641265869,0.9069749116897583,0.8044838905334473
6,port1065_raw__import,2054,2024-08-16T00:00:00.000000,77759808.0,8818.15234375,0.16706323623657227,0.40873369574546814,0.34307360649108887
7,port1065_raw__export,2054,2024-08-16T00:00:00.000000,1608329216.0,40103.98046875,0.6618564128875732,0.8135455846786499,0.5147857666015625
8,port1070_raw__import,2054,2024-08-16T00:00:00.000000,13764407296.0,117321.8125,1.7545932531356812,1.3246105909347534,0.849118173122406
9,port1070_raw__export,2054,2024-08-16T00:00:00.000000,165442656.0,12862.451171875,0.8416191339492798,0.9173980355262756,0.8850728869438171
10,port1071_raw__import,2054,2024-08-16T00:00:00.000000,1323221888.0,36376.1171875,1.6075761318206787,1.2679022550582886,1.3771766424179077
11,port1071_raw__export,2054,2024-08-16T00:00:00.000000,198763952.0,14098.3671875,0.5769466161727905,0.7595700025558472,0.6095397472381592
12,port1073_raw__import,2054,2024-08-16T00:00:00.000000,400172832.0,20004.3203125,0.15387292206287384,0.3922663927078247,0.27344217896461487
13,port1073_raw__export,2054,2024-08-16T00:00:00.000000,5590015.0,2364.3212890625,0.18197040259838104,0.42657989263534546,0.2795659005641937
14,port1086_raw__import,2054,2024-08-16T00:00:00.000000,80090336.0,8949.3203125,1.349205732345581,1.161553144454956,0.8370821475982666
15,port1086_raw__export,2054,2024-08-16T00:00:00.000000,309483552.0,17592.14453125,1.7802411317825317,1.3342567682266235,0.7131438255310059
16,port1112_raw__import,2054,2024-08-16T00:00:00.000000,18081.88671875,134.46890258789062,1.17347252368927,1.0832693576812744,0.9826399683952332
17,port1112_raw__export,2054,2024-08-16T00:00:00.000000,546139.375,739.012451171875,0.2572222054004669,0.5071707963943481,0.3286212086677551
18,port1128_raw__import,2054,2024-08-16T00:00:00.000000,244998096.0,15652.4150390625,0.7288761138916016,0.8537424206733704,0.6329335570335388
19,port1128_raw__export,2054,2024-08-16T00:00:00.000000,291305.6875,539.7274169921875,0.16697677969932556,0.4086279273033142,0.5411262512207031
20,port1135_raw__import,2054,2024-08-16T00:00:00.000000,129722.7265625,360.17041015625,0.011886866763234138,0.10902690887451172,0.10521417111158371
21,port1135_raw__export,2054,2024-08-16T00:00:00.000000,483082.0,695.041015625,0.046639177948236465,0.2159610539674759,0.2112792432308197
22,port1160_raw__import,2054,2024-08-16T00:00:00.000000,9197676544.0,95904.515625,4.627291202545166,2.151113986968994,1.684108018875122
23,port1160_raw__export,2054,2024-08-16T00:00:00.000000,12592244736.0,112215.171875,1.5793992280960083,1.2567415237426758,0.8153780102729797
24,port1189_raw__import,2054,2024-08-16T00:00:00.000000,134308976.0,11589.1748046875,0.595099925994873,0.7714272141456604,0.7533586025238037
25,port1189_raw__export,2054,2024-08-16T00:00:00.000000,583043648.0,24146.296875,1.5102126598358154,1.2289071083068848,0.9920669198036194
26,port1197_raw__import,2054,2024-08-16T00:00:00.000000,497981728.0,22315.50390625,2.407475709915161,1.5516042709350586,1.5573780536651611
27,port1197_raw__export,2054,2024-08-16T00:00:00.000000,1103761024.0,33222.8984375,5.836019992828369,2.415785551071167,2.037367343902588
28,port1201_raw__import,2054,2024-08-16T00:00:00.000000,3336798720.0,57765.03125,0.3220111131668091,0.5674602389335632,0.6231589317321777
29,port1201_raw__export,2054,2024-08-16T00:00:00.000000,33411290.0,5780.25,0.013246995396912098,0.1150955930352211,0.07973268628120422
30,port1248_raw__import,2054,2024-08-16T00:00:00.000000,150325872.0,12260.7451171875,3.5540671348571777,1.885223388671875,2.189910888671875
31,port1248_raw__export,2054,2024-08-16T00:00:00.000000,3506635.75,1872.601318359375,0.38863667845726013,0.6234073042869568,0.4970366060733795
32,port1266_raw__import,2054,2024-08-16T00:00:00.000000,4526991360.0,67282.921875,0.8652352094650269,0.9301801919937134,0.6557362675666809
33,port1266_raw__export,2054,2024-08-16T00:00:00.000000,260611072.0,16143.453125,0.2878061830997467,0.5364757180213928,0.48281100392341614
34,port1269_raw__import,2054,2024-08-16T00:00:00.000000,153069664.0,12372.1328125,0.14374478161334991,0.3791368901729584,0.32422298192977905
35,port1269_raw__export,2054,2024-08-16T00:00:00.000000,67629168.0,8223.6953125,0.08272569626569748,0.28762075304985046,0.21365350484848022
36,port1284_raw__import,2054,2024-08-16T00:00:00.000000,74265648.0,8617.751953125,0.5728194713592529,0.7568483948707581,0.6259564161300659
37,port1284_raw__export,2054,2024-08-16T00:00:00.000000,14426659.0,3798.244140625,0.14233781397342682,0.37727683782577515,0.42961668968200684
38,port1304_raw__import,2054,2024-08-16T00:00:00.000000,19545240.0,4421.0,0.17615224421024323,0.41970494389533997,0.35057273507118225
39,port1304_raw__export,2054,2024-08-16T00:00:00.000000,3967124.5,1991.76416015625,0.12073308974504471,0.34746667742729187,0.2833411395549774
40,port1309_raw__import,2054,2024-08-16T00:00:00.000000,231965.734375,481.6282043457031,0.349945068359375,0.5915615558624268,0.44151487946510315
41,port1309_raw__export,2054,2024-08-16T00:00:00.000000,2150.52783203125,46.373783111572266,0.4000000059604645,0.6324555277824402,0.8571428656578064
42,port1318_raw__import,2054,2024-08-16T00:00:00.000000,228949760.0,15131.0859375,0.1264764964580536,0.3556353449821472,0.2722245454788208
43,port1318_raw__export,2054,2024-08-16T00:00:00.000000,9933630.0,3151.76611328125,0.4435693621635437,0.6660100221633911,0.6382933259010315
44,port132_raw__import,2054,2024-08-16T00:00:00.000000,28633796.0,5351.0556640625,0.8235359787940979,0.9074888229370117,0.6585593223571777
45,port132_raw__export,2054,2024-08-16T00:00:00.000000,271611648.0,16480.64453125,52.13699722290039,7.220595359802246,5.1382575035095215
46,port1330_raw__import,2054,2024-08-16T00:00:00.000000,240829.6875,490.7440185546875,0.6270158886909485,0.7918433547019958,0.8352280855178833
47,port1330_raw__export,2054,2024-08-16T00:00:00.000000,64264.6015625,253.504638671875,0.05471215024590492,0.23390628397464752,0.26616325974464417
48,port1358_raw__import,2054,2024-08-16T00:00:00.000000,224131840.0,14971.033203125,1.0409406423568726,1.020264983177185,0.6780163645744324
49,port1358_raw__export,2054,2024-08-16T00:00:00.000000,38545284.0,6208.48486328125,0.7627175450325012,0.8733370304107666,0.6567866206169128
50,port139_raw__import,2054,2024-08-16T00:00:00.000000,32375400.0,5689.9384765625,4.041202068328857,2.0102741718292236,1.400592565536499
51,port139_raw__export,2054,2024-08-16T00:00:00.000000,2333839.25,1527.6907958984375,0.4364956021308899,0.6606781482696533,0.6545133590698242
52,port1410_raw__import,2054,2024-08-16T00:00:00.000000,482193056.0,21958.89453125,0.32098013162612915,0.5665510892868042,0.46251457929611206
53,port1410_raw__export,2054,2024-08-16T00:00:00.000000,3178392.5,1782.8046875,0.021155141294002533,0.14544807374477386,0.11876560002565384
54,port1414_raw__import,2054,2024-08-16T00:00:00.000000,15070170.0,3882.03173828125,0.13641823828220367,0.369348406791687,0.6303227543830872
55,port1414_raw__export,2054,2024-08-16T00:00:00.000000,2569581568.0,50691.0390625,1.542733907699585,1.2420684099197388,1.3878904581069946
56,port1425_raw__import,2054,2024-08-16T00:00:00.000000,41202056.0,6418.8828125,0.029264891520142555,0.17106984555721283,0.09599079936742783
57,port1425_raw__export,2054,2024-08-16T00:00:00.000000,584559808.0,24177.671875,46.415531158447266,6.812894344329834,6.588386535644531
58,port1426_raw__import,2054,2024-08-16T00:00:00.000000,4149161472.0,64413.984375,1.1671065092086792,1.080327033996582,0.7823972702026367
59,port1426_raw__export,2054,2024-08-16T00:00:00.000000,27024564.0,5198.515625,0.20737327635288239,0.4553825557231903,0.3310069441795349
60,port168_raw__import,2054,2024-08-16T00:00:00.000000,2516100352.0,50160.74609375,3.553682565689087,1.8851213455200195,1.4559128284454346
61,port168_raw__export,2054,2024-08-16T00:00:00.000000,99009208.0,9950.3369140625,0.296667218208313,0.5446716547012329,0.44646379351615906
62,port193_raw__import,2054,2024-08-16T00:00:00.000000,744675904.0,27288.75,5.3676652908325195,2.3168222904205322,1.3499354124069214
63,port193_raw__export,2054,2024-08-16T00:00:00.000000,18832650.0,4339.66015625,0.6354126334190369,0.7971277236938477,0.7090635895729065
64,port2017_raw__import,2054,2024-08-16T00:00:00.000000,1623876.125,1274.31396484375,0.9356488585472107,0.9672894477844238,0.9147139191627502
65,port2017_raw__export,2054,2024-08-16T00:00:00.000000,1378659.25,1174.1632080078125,0.521473228931427,0.7221310138702393,0.49803251028060913
66,port2025_raw__import,2054,2024-08-16T00:00:00.000000,1582308864.0,39778.24609375,1.4425185918807983,1.2010489702224731,0.9197613596916199
67,port2025_raw__export,2054,2024-08-16T00:00:00.000000,1281464320.0,35797.546875,2.5060038566589355,1.5830363035202026,1.0844694375991821
68,port2027_raw__import,2054,2024-08-16T00:00:00.000000,1158789120.0,34040.9921875,1.163636565208435,1.0787198543548584,0.63294917345047
69,port2027_raw__export,2054,2024-08-16T00:00:00.000000,4053022208.0,63663.3515625,3.9387917518615723,1.9846389293670654,1.6519584655761719
70,port2031_raw__import,2054,2024-08-16T00:00:00.000000,1079693312.0,32858.6875,2.253977060317993,1.5013251304626465,1.2837947607040405
71,port2031_raw__export,2054,2024-08-16T00:00:00.000000,5815392.5,2411.512451171875,0.1666666567325592,0.40824827551841736,0.4285714030265808
72,port2039_raw__import,2054,2024-08-16T00:00:00.000000,567906304.0,23830.78515625,0.633305549621582,0.7958049774169922,0.6200382709503174
73,port2039_raw__export,2054,2024-08-16T00:00:00.000000,17851710.0,4225.12841796875,0.6822827458381653,0.8260040879249573,0.652671754360199
74,port2044_raw__import,2054,2024-08-16T00:00:00.000000,3580266496.0,59835.328125,13.995162963867188,3.741010904312134,2.4767038822174072
75,port2044_raw__export,2054,2024-08-16T00:00:00.000000,230619968.0,15186.1767578125,1.9572131633758545,1.399004340171814,1.3358018398284912
76,port2189_raw__import,2054,2024-08-16T00:00:00.000000,435964288.0,20879.7578125,0.12883155047893524,0.35893112421035767,0.24658890068531036
77,port2189_raw__export,2054,2024-08-16T00:00:00.000000,1397112192.0,37377.96484375,0.45387157797813416,0.6736999154090881,0.6928513050079346
78,port22_raw__import,2054,2024-08-16T00:00:00.000000,148961648.0,12204.984375,0.9951153993606567,0.9975547194480896,1.2606183290481567
79,port22_raw__export,2054,2024-08-16T00:00:00.000000,50820964.0,7128.88232421875,0.7166463732719421,0.8465496897697449,0.6793792247772217
80,port254_raw__import,2054,2024-08-16T00:00:00.000000,70295192.0,8384.22265625,0.24465245008468628,0.4946235418319702,0.37034159898757935
81,port254_raw__export,2054,2024-08-16T00:00:00.000000,93177088.0,9652.828125,0.7816708087921143,0.8841214776039124,0.6492072343826294
82,port270_raw__import,2054,2024-08-16T00:00:00.000000,274906752.0,16580.3125,0.06938275694847107,0.26340606808662415,0.21479661762714386
83,port270_raw__export,2054,2024-08-16T00:00:00.000000,630285376.0,25105.484375,2.028278350830078,1.4241763353347778,1.0268244743347168
84,port281_raw__import,2054,2024-08-16T00:00:00.000000,100391064.0,10019.5341796875,1.7086396217346191,1.3071494102478027,0.8552595376968384
85,port281_raw__export,2054,2024-08-16T00:00:00.000000,1171924.125,1082.554443359375,0.11753570288419724,0.34283480048179626,0.4077397882938385
86,port307_raw__import,2054,2024-08-16T00:00:00.000000,56419036.0,7511.2607421875,2.4664714336395264,1.570500373840332,1.0368165969848633
87,port307_raw__export,2054,2024-08-16T00:00:00.000000,16768.2578125,129.4923095703125,0.005261655896902084,0.07253727316856384,0.04319915920495987
88,port310_raw__import,2054,2024-08-16T00:00:00.000000,41013816.0,6404.203125,0.057593245059251785,0.23998592793941498,0.18967927992343903
89,port310_raw__export,2054,2024-08-16T00:00:00.000000,152769328.0,12359.9892578125,3.5531702041625977,1.8849854469299316,1.938830852508545
90,port317_raw__import,2054,2024-08-16T00:00:00.000000,196238016.0,14008.498046875,0.4570704400539398,0.6760698556900024,0.5791928172111511
91,port317_raw__export,2054,2024-08-16T00:00:00.000000,648850.6875,805.5126953125,0.021628009155392647,0.14706464111804962,0.10077719390392303
92,port342_raw__import,2054,2024-08-16T00:00:00.000000,18312366.0,4279.294921875,0.0438944473862648,0.20951001346111298,0.12430694699287415
93,port342_raw__export,2054,2024-08-16T00:00:00.000000,14119949.0,3757.652099609375,0.4611622989177704,0.6790893077850342,1.1579055786132812
94,port358_raw__import,2054,2024-08-16T00:00:00.000000,2631108.5,1622.0692138671875,0.5600823760032654,0.7483865022659302,0.5450060367584229
95,port358_raw__export,2054,2024-08-16T00:00:00.000000,19634522.0,4431.0859375,0.07969352602958679,0.2823004126548767,0.22965985536575317
96,port361_raw__import,2054,2024-08-16T00:00:00.000000,190791792.0,13812.740234375,1.536431908607483,1.2395288944244385,0.9336977005004883
97,port361_raw__export,2054,2024-08-16T00:00:00.000000,68444096.0,8273.0947265625,0.19823814928531647,0.44523942470550537,0.598505437374115
98,port362_raw__import,2054,2024-08-16T00:00:00.000000,578576896.0,24053.625,0.2493514120578766,0.49935099482536316,0.4297289252281189
99,port362_raw__export,2054,2024-08-16T00:00:00.000000,2525404160.0,50253.3984375,0.9028818011283875,0.9502009153366089,0.8364706635475159
100,port364_raw__import,2054,2024-08-16T00:00:00.000000,21825486.0,4671.775390625,0.017704224213957787,0.13305722177028656,0.11136120557785034
101,port364_raw__export,2054,2024-08-16T00:00:00.000000,2156860.75,1468.62548828125,0.17012934386730194,0.4124673902988434,0.46128231287002563
102,port380_raw__import,2054,2024-08-16T00:00:00.000000,1335031424.0,36538.08203125,1.5005441904067993,1.2249670028686523,1.2725334167480469
103,port380_raw__export,2054,2024-08-16T00:00:00.000000,9196629.0,3032.594482421875,0.7207090854644775,0.8489458560943604,0.6695032119750977
104,port425_raw__import,2054,2024-08-16T00:00:00.000000,636775232.0,25234.40625,0.7317032814025879,0.855396568775177,0.860034167766571
105,port425_raw__export,2054,2024-08-16T00:00:00.000000,36437068.0,6036.3125,0.07027238607406616,0.26508939266204834,0.16179415583610535
106,port426_raw__import,2054,2024-08-16T00:00:00.000000,51479884.0,7174.9482421875,0.8719571232795715,0.9337864518165588,0.6433504223823547
107,port426_raw__export,2054,2024-08-16T00:00:00.000000,444892.90625,667.0029296875,0.006792148575186729,0.08241449296474457,0.05116724222898483
108,port434_raw__import,2054,2024-08-16T00:00:00.000000,33522222.0,5789.837890625,0.8190356492996216,0.9050058722496033,0.8287439346313477
109,port434_raw__export,2054,2024-08-16T00:00:00.000000,376612.9375,613.68798828125,0.01976543851196766,0.1405896097421646,0.12575986981391907
110,port435_raw__import,2054,2024-08-16T00:00:00.000000,291146688.0,17063.021484375,1.6638513803482056,1.2899036407470703,1.2623569965362549
111,port435_raw__export,2054,2024-08-16T00:00:00.000000,6076603.0,2465.07666015625,0.6040379405021667,0.7771987915039062,0.7526397705078125
112,port439_raw__import,2054,2024-08-16T00:00:00.000000,18666392.0,4320.4619140625,0.8650766015052795,0.9300949573516846,0.7737306356430054
113,port439_raw__export,2054,2024-08-16T00:00:00.000000,18776768.0,4333.216796875,0.3665945827960968,0.6054705381393433,0.5727139115333557
114,port443_raw__import,2054,2024-08-16T00:00:00.000000,50853040.0,7131.1318359375,0.5149602890014648,0.717607319355011,0.6938617825508118
115,port443_raw__export,2054,2024-08-16T00:00:00.000000,184799.015625,429.882568359375,0.014835399575531483,0.12180065363645554,0.13981541991233826
116,port446_raw__import,2054,2024-08-16T00:00:00.000000,279257792.0,16711.0078125,0.3916347622871399,0.6258072853088379,0.37893351912498474
117,port446_raw__export,2054,2024-08-16T00:00:00.000000,40190252.0,6339.578125,0.13365474343299866,0.3655882179737091,0.27765294909477234
118,port484_raw__import,2054,2024-08-16T00:00:00.000000,80245552.0,8957.98828125,0.40576431155204773,0.636996328830719,0.6458576321601868
119,port484_raw__export,2054,2024-08-16T00:00:00.000000,4632685.5,2152.367431640625,0.6266126036643982,0.7915886640548706,0.6730271577835083
120,port503_raw__import,2054,2024-08-16T00:00:00.000000,6524188.0,2554.2490234375,0.300936222076416,0.5485765337944031,0.41119274497032166
121,port503_raw__export,2054,2024-08-16T00:00:00.000000,105923936.0,10291.935546875,30.306228637695312,5.5051093101501465,6.562878608703613
122,port514_raw__import,2054,2024-08-16T00:00:00.000000,574700416.0,23972.91015625,1.7978492975234985,1.3408390283584595,1.0955097675323486
123,port514_raw__export,2054,2024-08-16T00:00:00.000000,350012.0625,591.6181640625,0.003987282048910856,0.06314492970705032,0.04364530369639397
124,port540_raw__import,2054,2024-08-16T00:00:00.000000,3550752512.0,59588.19140625,5.984259128570557,2.446274518966675,2.2585456371307373
125,port540_raw__export,2054,2024-08-16T00:00:00.000000,22556062.0,4749.322265625,0.04539765790104866,0.21306726336479187,0.16422311961650848
126,port541_raw__import,2054,2024-08-16T00:00:00.000000,4842927104.0,69591.140625,3.9846606254577637,1.9961614608764648,1.4346764087677002
127,port541_raw__export,2054,2024-08-16T00:00:00.000000,360219488.0,18979.44921875,0.9845229983329773,0.9922313094139099,0.7850524187088013
128,port543_raw__import,2054,2024-08-16T00:00:00.000000,156368400.0,12504.7353515625,1.2072679996490479,1.0987575054168701,0.8509258031845093
129,port543_raw__export,2054,2024-08-16T00:00:00.000000,48481736.0,6962.8828125,0.25550609827041626,0.5054761171340942,0.26370471715927124
130,port555_raw__import,2054,2024-08-16T00:00:00.000000,976579456.0,31250.271484375,267.6337585449219,16.359516143798828,12.710705757141113
131,port555_raw__export,2054,2024-08-16T00:00:00.000000,21275832.0,4612.5732421875,2.7864205837249756,1.6692575216293335,2.661417245864868
132,port570_raw__import,2054,2024-08-16T00:00:00.000000,526395584.0,22943.3125,1.374233603477478,1.1722770929336548,0.932288408279419
133,port570_raw__export,2054,2024-08-16T00:00:00.000000,10888027136.0,104345.7109375,0.6175107359886169,0.7858185172080994,0.46370619535446167
134,port592_raw__import,2054,2024-08-16T00:00:00.000000,5813316.5,2411.08203125,0.02591695450246334,0.16098743677139282,0.14051391184329987
135,port592_raw__export,2054,2024-08-16T00:00:00.000000,2676544.0,1636.0146484375,0.2673020362854004,0.5170125961303711,0.3039029538631439
136,port601_raw__import,2054,2024-08-16T00:00:00.000000,518372.5,719.9808959960938,2.1011147499084473,1.4495222568511963,1.131733775138855
137,port601_raw__export,2054,2024-08-16T00:00:00.000000,55428.7890625,235.43319702148438,0.36469054222106934,0.6038961410522461,0.3367289900779724
138,port62_raw__import,2054,2024-08-16T00:00:00.000000,7585339.0,2754.1494140625,0.045962151139974594,0.21438784897327423,0.22016878426074982
139,port62_raw__export,2054,2024-08-16T00:00:00.000000,178838336.0,13373.044921875,0.5826911330223083,0.7633420825004578,0.6262633204460144
140,port644_raw__import,2054,2024-08-16T00:00:00.000000,23487473664.0,153256.234375,0.8962218761444092,0.9466899633407593,0.5389320254325867
141,port644_raw__export,2054,2024-08-16T00:00:00.000000,80372768.0,8965.0859375,0.7566275000572205,0.8698433637619019,0.6636002659797668
142,port649_raw__import,2054,2024-08-16T00:00:00.000000,134948816.0,11616.7470703125,0.9746791124343872,0.9872583746910095,0.9604897499084473
143,port649_raw__export,2054,2024-08-16T00:00:00.000000,65102512.0,8068.61279296875,1.2109551429748535,1.1004340648651123,1.1947908401489258
144,port657_raw__import,2054,2024-08-16T00:00:00.000000,53232656.0,7296.0712890625,0.16449399292469025,0.4055785834789276,0.3213748335838318
145,port657_raw__export,2054,2024-08-16T00:00:00.000000,434868128.0,20853.4921875,8.661192893981934,2.94299054145813,2.511409282684326
146,port667_raw__import,2054,2024-08-16T00:00:00.000000,2090098.875,1445.7174072265625,0.22715143859386444,0.47660407423973083,0.31501105427742004
147,port667_raw__export,2054,2024-08-16T00:00:00.000000,188701.65625,434.3980407714844,0.14389844238758087,0.3793394863605499,0.3809400498867035
148,port672_raw__import,2054,2024-08-16T00:00:00.000000,50775396352.0,225333.96875,84.98313903808594,9.218629837036133,5.784073829650879
149,port672_raw__export,2054,2024-08-16T00:00:00.000000,256111632.0,16003.48828125,0.3430136740207672,0.5856736898422241,0.6491352319717407
150,port67_raw__import,2054,2024-08-16T00:00:00.000000,1028544.125,1014.171630859375,0.06798193603754044,0.2607334554195404,0.20103658735752106
151,port67_raw__export,2054,2024-08-16T00:00:00.000000,18679908.0,4322.02587890625,1.102376937866211,1.0499414205551147,1.0461660623550415
152,port681_raw__import,2054,2024-08-16T00:00:00.000000,647401600.0,25444.087890625,0.47010886669158936,0.6856448650360107,0.6254485845565796
153,port681_raw__export,2054,2024-08-16T00:00:00.000000,5298959.0,2301.94677734375,0.19982151687145233,0.4470140039920807,0.29779231548309326
154,port738_raw__import,2054,2024-08-16T00:00:00.000000,2172328.5,1473.882080078125,0.24806950986385345,0.4980657696723938,0.501213788986206
155,port738_raw__export,2054,2024-08-16T00:00:00.000000,1518304.125,1232.19482421875,0.2548152506351471,0.5047922730445862,0.7322680950164795
156,port73_raw__import,2054,2024-08-16T00:00:00.000000,930584.3125,964.66796875,0.001953946892172098,0.04420347139239311,0.03739623725414276
157,port73_raw__export,2054,2024-08-16T00:00:00.000000,69435144.0,8332.775390625,4.197972297668457,2.0488953590393066,1.61208176612854
158,port744_raw__import,2054,2024-08-16T00:00:00.000000,1213783424.0,34839.39453125,0.945709228515625,0.9724758267402649,0.8631411790847778
159,port744_raw__export,2054,2024-08-16T00:00:00.000000,2411325184.0,49105.24609375,6.347718238830566,2.519467830657959,2.1479618549346924
160,port766_raw__import,2054,2024-08-16T00:00:00.000000,88889560.0,9428.1259765625,0.9173864722251892,0.957802951335907,1.0790784358978271
161,port766_raw__export,2054,2024-08-16T00:00:00.000000,76575216.0,8750.7265625,0.6518898606300354,0.8073969483375549,0.9673628807067871
162,port775_raw__import,2054,2024-08-16T00:00:00.000000,689233856.0,26253.263671875,0.8061846494674683,0.8978778719902039,0.6856163740158081
163,port775_raw__export,2054,2024-08-16T00:00:00.000000,3935377.0,1983.7784423828125,0.2652497887611389,0.5150240659713745,0.47405388951301575
164,port776_raw__import,2054,2024-08-16T00:00:00.000000,6978081792.0,83534.9140625,2.2452006340026855,1.4983993768692017,1.2540583610534668
165,port776_raw__export,2054,2024-08-16T00:00:00.000000,402253792.0,20056.265625,4.441375732421875,2.107457160949707,2.2346901893615723
166,port781_raw__import,2054,2024-08-16T00:00:00.000000,2156764.75,1468.5927734375,0.1109180599451065,0.33304363489151,0.5041837096214294
167,port781_raw__export,2054,2024-08-16T00:00:00.000000,4249046.5,2061.321533203125,1.037330985069275,1.0184944868087769,1.2146494388580322
168,port787_raw__import,2054,2024-08-16T00:00:00.000000,6210022.5,2491.99169921875,0.7238457798957825,0.8507912755012512,1.7758272886276245
169,port787_raw__export,2054,2024-08-16T00:00:00.000000,167664064.0,12948.515625,2.5265865325927734,1.5895240306854248,2.34171986579895
170,port795_raw__import,2054,2024-08-16T00:00:00.000000,6933126.0,2633.0830078125,0.1617874652147293,0.40222811698913574,0.4230276942253113
171,port795_raw__export,2054,2024-08-16T00:00:00.000000,43267688.0,6577.81787109375,0.7783105969429016,0.882219135761261,0.9559135437011719
172,port805_raw__import,2054,2024-08-16T00:00:00.000000,2391589.75,1546.4765625,0.007273070048540831,0.08528229594230652,0.05513964593410492
173,port805_raw__export,2054,2024-08-16T00:00:00.000000,49415436.0,7029.611328125,0.29122427105903625,0.5396519899368286,0.37388983368873596
174,port811_raw__import,2054,2024-08-16T00:00:00.000000,1000728000.0,31634.28515625,1.417801022529602,1.1907144784927368,0.7838449478149414
175,port811_raw__export,2054,2024-08-16T00:00:00.000000,78942392.0,8884.953125,1.1115994453430176,1.0543241500854492,0.9724739193916321
176,port815_raw__import,2054,2024-08-16T00:00:00.000000,1293391872.0,35963.7578125,0.9408789873123169,0.9699891805648804,0.8864991068840027
177,port815_raw__export,2054,2024-08-16T00:00:00.000000,12453882.0,3529.005859375,0.09850230067968369,0.3138507604598999,0.2176150679588318
178,port826_raw__import,2054,2024-08-16T00:00:00.000000,130919584.0,11442.009765625,2.1695306301116943,1.4729326963424683,1.4761298894882202
179,port826_raw__export,2054,2024-08-16T00:00:00.000000,41475084.0,6440.115234375,0.06892228126525879,0.26253053545951843,0.20818841457366943
180,port839_raw__import,2054,2024-08-16T00:00:00.000000,5388682.0,2321.353515625,0.3997836410999298,0.6322844624519348,0.6348952054977417
181,port839_raw__export,2054,2024-08-16T00:00:00.000000,6114049.5,2472.660400390625,0.2847650647163391,0.533633828163147,0.5018321871757507
182,port845_raw__import,2054,2024-08-16T00:00:00.000000,15384.6591796875,124.034912109375,0.0005018719821237028,0.022402498871088028,0.019857103005051613
183,port845_raw__export,2054,2024-08-16T00:00:00.000000,95133448.0,9753.6376953125,0.33083778619766235,0.5751850008964539,0.506356418132782
184,port862_raw__import,2054,2024-08-16T00:00:00.000000,31653.76171875,177.9150390625,0.0012960878666490316,0.03600122034549713,0.02053292840719223
185,port862_raw__export,2054,2024-08-16T00:00:00.000000,2260296.5,1503.42822265625,2.8846516609191895,1.6984262466430664,1.0986217260360718
186,port908_raw__import,2054,2024-08-16T00:00:00.000000,336820288.0,18352.6640625,1.023841142654419,1.011850357055664,0.6447524428367615
187,port908_raw__export,2054,2024-08-16T00:00:00.000000,3076543.5,1754.0078125,0.20394916832447052,0.4516073167324066,0.35310518741607666
188,port915_raw__import,2054,2024-08-16T00:00:00.000000,2025260928.0,45002.8984375,140.53529357910156,11.854758262634277,16.944028854370117
189,port915_raw__export,2054,2024-08-16T00:00:00.000000,1560457.5,1249.1827392578125,0.9559727907180786,0.977738618850708,1.0261105298995972
190,port917_raw__import,2054,2024-08-16T00:00:00.000000,44625296.0,6680.216796875,3.4003865718841553,1.8440136909484863,2.228929042816162
191,port917_raw__export,2054,2024-08-16T00:00:00.000000,77487808.0,8802.7158203125,0.22458848357200623,0.4739076793193817,0.413259893655777
192,port958_raw__import,2054,2024-08-16T00:00:00.000000,4168316.0,2041.6453857421875,0.5033536553382874,0.7094742059707642,0.6813333630561829
193,port958_raw__export,2054,2024-08-16T00:00:00.000000,16951236.0,4117.18798828125,0.3604964315891266,0.6004135608673096,0.3962533473968506
194,port959_raw__import,2054,2024-08-16T00:00:00.000000,20477198.0,4525.173828125,0.2921281158924103,0.5404887795448303,0.4611767530441284
195,port959_raw__export,2054,2024-08-16T00:00:00.000000,734840384.0,27107.939453125,2.5094048976898193,1.584110140800476,1.6331392526626587
196,port985_raw__import,2054,2024-08-16T00:00:00.000000,935761.5,967.34765625,0.0004145275743212551,0.0203599501401186,0.011433289386332035
197,port985_raw__export,2054,2024-08-16T00:00:00.000000,18818456.0,4338.0244140625,0.1022208034992218,0.3197198808193207,0.23172491788864136
