user_id,user_name,query_index,query_datetime,mse,mae,nmse,nmae,mase
0,port1016_raw__import,13,2019-01-14T00:00:00.000000,13550282.0,3652.90869140625,0.5203632116317749,0.7158433198928833,0.7547745704650879
1,port1016_raw__export,13,2019-01-14T00:00:00.000000,10731088.0,3241.3115234375,0.549405574798584,0.7334076166152954,0.6811975836753845
2,port1035_raw__import,13,2019-01-14T00:00:00.000000,98182400.0,9380.42578125,1.440692663192749,1.1362957954406738,1.0181031227111816
3,port1035_raw__export,13,2019-01-14T00:00:00.000000,46478312.0,5565.734375,0.5460609793663025,0.6032785177230835,0.5249214768409729
4,port1057_raw__import,13,2019-01-14T00:00:00.000000,91071632.0,9029.4833984375,0.6391911506652832,0.7564613223075867,0.5817533731460571
5,port1057_raw__export,13,2019-01-14T00:00:00.000000,22487766.0,4653.2958984375,0.34368836879730225,0.5752676129341125,0.5056650638580322
6,port1065_raw__import,13,2019-01-14T00:00:00.000000,907374848.0,23628.73828125,0.3122987151145935,0.43836134672164917,0.45914486050605774
7,port1065_raw__export,13,2019-01-14T00:00:00.000000,2830219776.0,48137.671875,2.5686352252960205,1.4501943588256836,1.1024580001831055
8,port1070_raw__import,13,2019-01-14T00:00:00.000000,12608448512.0,112257.65625,2.865628480911255,1.692368984222412,1.4107897281646729
9,port1070_raw__export,13,2019-01-14T00:00:00.000000,537433728.0,20394.51953125,0.5625465512275696,0.6598272919654846,0.6866504549980164
10,port1071_raw__import,13,2019-01-14T00:00:00.000000,906724480.0,24598.814453125,0.5181856751441956,0.5880566835403442,0.4885523021221161
11,port1071_raw__export,13,2019-01-14T00:00:00.000000,76398504.0,6544.10009765625,0.3754411041736603,0.45875248312950134,0.5238674879074097
12,port1073_raw__import,13,2019-01-14T00:00:00.000000,728956544.0,26908.58984375,0.5113887786865234,0.712714672088623,0.6376223564147949
13,port1073_raw__export,13,2019-01-14T00:00:00.000000,313979360.0,13232.51953125,1.5315728187561035,0.9241890907287598,0.7884699702262878
14,port1086_raw__import,13,2019-01-14T00:00:00.000000,23637528.0,4685.9228515625,0.6501363515853882,0.7771347165107727,0.6311855912208557
15,port1086_raw__export,13,2019-01-14T00:00:00.000000,3736947.75,1822.342041015625,0.24139940738677979,0.46316900849342346,0.9714816808700562
16,port1112_raw__import,13,2019-01-14T00:00:00.000000,76755.6953125,277.0481872558594,0.2372952401638031,0.4871295988559723,0.5067369937896729
17,port1112_raw__export,13,2019-01-14T00:00:00.000000,2201952.25,1445.64453125,0.046538736671209335,0.21016716957092285,0.21326486766338348
18,port1128_raw__import,13,2019-01-14T00:00:00.000000,591830208.0,24321.16015625,0.8203964233398438,0.9055190086364746,1.0808324813842773
19,port1128_raw__export,13,2019-01-14T00:00:00.000000,14597346.0,3817.0185546875,0.14476001262664795,0.38011202216148376,0.30627429485321045
20,port1135_raw__import,13,2019-01-14T00:00:00.000000,36403.83984375,156.599609375,0.12182855606079102,0.2864782214164734,0.5413904190063477
21,port1135_raw__export,13,2019-01-14T00:00:00.000000,4174.5693359375,61.083641052246094,0.20042401552200317,0.4232470989227295,0.7085180878639221
22,port1160_raw__import,13,2019-01-14T00:00:00.000000,176926528.0,13200.34765625,0.16057679057121277,0.39767682552337646,0.42000147700309753
23,port1160_raw__export,13,2019-01-14T00:00:00.000000,1658990464.0,35911.3046875,0.6189191937446594,0.6936273574829102,0.7690229415893555
24,port1189_raw__import,13,2019-01-14T00:00:00.000000,151308640.0,12240.853515625,0.430816650390625,0.6531697511672974,0.5776154398918152
25,port1189_raw__export,13,2019-01-14T00:00:00.000000,2128925440.0,40491.7421875,4.8241705894470215,1.9275140762329102,1.4866225719451904
26,port1197_raw__import,13,2019-01-14T00:00:00.000000,461271744.0,20615.279296875,1.4113857746124268,1.1403381824493408,1.648611307144165
27,port1197_raw__export,13,2019-01-14T00:00:00.000000,48298464.0,6882.59765625,0.1330355554819107,0.3612181544303894,0.4902910590171814
28,port1201_raw__import,13,2019-01-14T00:00:00.000000,12369846272.0,100396.53125,0.6096802949905396,0.7048352956771851,0.7180504202842712
29,port1201_raw__export,13,2019-01-14T00:00:00.000000,29816266752.0,172197.421875,0.6764994859695435,0.8202264308929443,0.9775289297103882
30,port1248_raw__import,13,2019-01-14T00:00:00.000000,12561288.0,3517.293701171875,0.08705171197652817,0.29280614852905273,0.37684059143066406
31,port1248_raw__export,13,2019-01-14T00:00:00.000000,49750296.0,6269.556640625,0.16255398094654083,0.35837507247924805,0.30091679096221924
32,port1266_raw__import,13,2019-01-14T00:00:00.000000,28586344448.0,162122.25,0.9859166145324707,0.9521018266677856,0.8214690685272217
33,port1266_raw__export,13,2019-01-14T00:00:00.000000,358429696.0,18844.515625,0.20642855763435364,0.45223885774612427,0.31816649436950684
34,port1269_raw__import,13,2019-01-14T00:00:00.000000,2638349312.0,51317.4609375,0.8114264011383057,0.8999607563018799,0.7348469495773315
35,port1269_raw__export,13,2019-01-14T00:00:00.000000,1203444096.0,32068.66796875,1.9267306327819824,1.2831530570983887,0.9949256181716919
36,port1284_raw__import,13,2019-01-14T00:00:00.000000,106067216.0,10167.080078125,0.3814443349838257,0.6097070574760437,0.5500956773757935
37,port1284_raw__export,13,2019-01-14T00:00:00.000000,2244376832.0,45807.57421875,12.568093299865723,3.427868127822876,3.0412092208862305
38,port1304_raw__import,13,2019-01-14T00:00:00.000000,99537344.0,9857.2412109375,0.3204578161239624,0.5593038201332092,0.5207505822181702
39,port1304_raw__export,13,2019-01-14T00:00:00.000000,32028888.0,5631.92724609375,0.48380744457244873,0.6921852827072144,0.6855034828186035
40,port1309_raw__import,13,2019-01-14T00:00:00.000000,2818655.5,1670.1602783203125,0.11310742795467377,0.33456671237945557,0.5195473432540894
41,port1309_raw__export,13,2019-01-14T00:00:00.000000,7580219.0,2753.2197265625,0.3107699155807495,0.5574674010276794,0.6832734942436218
42,port1318_raw__import,13,2019-01-14T00:00:00.000000,1309111.625,880.732421875,0.0006027299095876515,0.018898051232099533,0.018721213564276695
43,port1318_raw__export,13,2019-01-14T00:00:00.000000,9289262.0,2561.797119140625,0.14448393881320953,0.3194948732852936,0.33953556418418884
44,port132_raw__import,13,2019-01-14T00:00:00.000000,305537408.0,17474.60546875,1.4809012413024902,1.2165732383728027,1.0178799629211426
45,port132_raw__export,13,2019-01-14T00:00:00.000000,8538349.0,2922.04541015625,0.5108535885810852,0.7147402167320251,0.8636403679847717
46,port1330_raw__import,13,2019-01-14T00:00:00.000000,112431.609375,324.7585754394531,0.48079216480255127,0.6715759038925171,0.5052576661109924
47,port1330_raw__export,13,2019-01-14T00:00:00.000000,477834.09375,679.71923828125,0.2424139678478241,0.48413872718811035,0.5692768096923828
48,port1358_raw__import,13,2019-01-14T00:00:00.000000,91498680.0,7656.3408203125,0.11522585153579712,0.2716994881629944,0.255438894033432
49,port1358_raw__export,13,2019-01-14T00:00:00.000000,30409676.0,5394.1884765625,1.1039568185806274,1.027770757675171,0.9629312753677368
50,port139_raw__import,13,2019-01-14T00:00:00.000000,2017542.75,1378.018310546875,0.10881119966506958,0.3200224041938782,0.4366567134857178
51,port139_raw__export,13,2019-01-14T00:00:00.000000,276318.9375,519.5665893554688,0.04812511056661606,0.21683119237422943,0.1768776774406433
52,port1410_raw__import,13,2019-01-14T00:00:00.000000,2417825024.0,49064.265625,0.7445513010025024,0.8609941005706787,0.7373300790786743
53,port1410_raw__export,13,2019-01-14T00:00:00.000000,107394576.0,10350.564453125,0.831855297088623,0.9109545946121216,0.9729167819023132
54,port1414_raw__import,13,2019-01-14T00:00:00.000000,526508160.0,22396.564453125,1.0027806758880615,0.9774213433265686,0.7494261264801025
55,port1414_raw__export,13,2019-01-14T00:00:00.000000,623941632.0,20106.857421875,0.4933874011039734,0.5654135942459106,0.4319314956665039
56,port1425_raw__import,13,2019-01-14T00:00:00.000000,593369088.0,22817.828125,0.7215491533279419,0.795691728591919,0.5433046817779541
57,port1425_raw__export,13,2019-01-14T00:00:00.000000,74269096.0,8590.810546875,0.5207016468048096,0.719323992729187,0.7306371927261353
58,port1426_raw__import,13,2019-01-14T00:00:00.000000,25527980032.0,159764.3125,1.1381549835205078,1.066773533821106,0.8911107778549194
59,port1426_raw__export,13,2019-01-14T00:00:00.000000,22153170.0,4278.12890625,0.4889940619468689,0.6356056332588196,0.5581194758415222
60,port168_raw__import,13,2019-01-14T00:00:00.000000,397278208.0,18665.923828125,3.536972999572754,1.7612377405166626,1.3757268190383911
61,port168_raw__export,13,2019-01-14T00:00:00.000000,298845600.0,15798.884765625,0.7573903799057007,0.795358419418335,0.585235595703125
62,port193_raw__import,13,2019-01-14T00:00:00.000000,159623232.0,11252.669921875,0.45230111479759216,0.5989924669265747,0.40928637981414795
63,port193_raw__export,13,2019-01-14T00:00:00.000000,494346432.0,22229.37109375,0.7681770324707031,0.8762784004211426,0.9134972095489502
64,port2017_raw__import,13,2019-01-14T00:00:00.000000,2601080.5,1599.462646484375,0.26335829496383667,0.5089448690414429,0.44778645038604736
65,port2017_raw__export,13,2019-01-14T00:00:00.000000,3988779.5,1870.221923828125,1.457926869392395,1.1306833028793335,1.612027645111084
66,port2025_raw__import,13,2019-01-14T00:00:00.000000,86671304.0,8520.88671875,0.40756118297576904,0.5843102931976318,0.5767369270324707
67,port2025_raw__export,13,2019-01-14T00:00:00.000000,6840462.5,2466.975830078125,0.15376879274845123,0.36987608671188354,0.40304046869277954
68,port2027_raw__import,13,2019-01-14T00:00:00.000000,1350300672.0,36742.16015625,1.7378603219985962,1.31812584400177,1.470848560333252
69,port2027_raw__export,13,2019-01-14T00:00:00.000000,2656744448.0,46874.6953125,1.9829217195510864,1.2806084156036377,1.1575191020965576
70,port2031_raw__import,13,2019-01-14T00:00:00.000000,131156872.0,9858.7802734375,0.5945349335670471,0.6637680530548096,0.6793496012687683
71,port2031_raw__export,13,2019-01-14T00:00:00.000000,8028080.0,2293.01220703125,0.05771806836128235,0.19442692399024963,0.1596420407295227
72,port2039_raw__import,13,2019-01-14T00:00:00.000000,2716694272.0,43518.5859375,1.9847564697265625,1.1762726306915283,1.086808204650879
73,port2039_raw__export,13,2019-01-14T00:00:00.000000,527720160.0,22970.09765625,2.0355966091156006,1.4266152381896973,1.6399435997009277
74,port2044_raw__import,13,2019-01-14T00:00:00.000000,1255862272.0,32061.572265625,0.35813674330711365,0.5414249300956726,0.47112661600112915
75,port2044_raw__export,13,2019-01-14T00:00:00.000000,3022840.25,1240.26171875,0.20022693276405334,0.3192030191421509,0.2962717115879059
76,port2189_raw__import,13,2019-01-14T00:00:00.000000,28483268.0,5308.54443359375,0.2958723306655884,0.5410441160202026,0.7144885659217834
77,port2189_raw__export,13,2019-01-14T00:00:00.000000,125089024.0,11178.814453125,0.35751253366470337,0.597629189491272,0.7681618928909302
78,port22_raw__import,13,2019-01-14T00:00:00.000000,409969984.0,19922.47265625,25.87439727783203,5.004980087280273,5.545790672302246
79,port22_raw__export,13,2019-01-14T00:00:00.000000,48716768.0,6742.595703125,6.1771135330200195,2.4009366035461426,2.13836669921875
80,port254_raw__import,13,2019-01-14T00:00:00.000000,1274585600.0,30529.697265625,1.7334753274917603,1.1258922815322876,0.9036654233932495
81,port254_raw__export,13,2019-01-14T00:00:00.000000,242404128.0,11629.994140625,0.49582409858703613,0.5259849429130554,0.4454520642757416
82,port270_raw__import,13,2019-01-14T00:00:00.000000,277877.90625,443.7912902832031,0.2416345775127411,0.4138388931751251,0.5443609356880188
83,port270_raw__export,13,2019-01-14T00:00:00.000000,9788682.0,3043.099609375,0.3237549066543579,0.5534294247627258,0.6960388422012329
84,port281_raw__import,13,2019-01-14T00:00:00.000000,56695528.0,7529.369140625,0.7987353801727295,0.8936874866485596,0.8071975708007812
85,port281_raw__export,13,2019-01-14T00:00:00.000000,2433763.0,1354.28515625,0.060257937759160995,0.21309736371040344,0.23578709363937378
86,port307_raw__import,13,2019-01-14T00:00:00.000000,1843326.625,1064.9951171875,0.0964822769165039,0.24365215003490448,0.16469603776931763
87,port307_raw__export,13,2019-01-14T00:00:00.000000,857911.25,925.6614990234375,0.5717895030975342,0.7556993961334229,0.6083952188491821
88,port310_raw__import,13,2019-01-14T00:00:00.000000,488225632.0,21311.75,0.30774468183517456,0.5350619554519653,0.48275795578956604
89,port310_raw__export,13,2019-01-14T00:00:00.000000,15423145.0,3007.871337890625,0.24860155582427979,0.3818780481815338,0.38617032766342163
90,port317_raw__import,13,2019-01-14T00:00:00.000000,41700932.0,6385.6376953125,0.4565874934196472,0.6681798696517944,0.5008516311645508
91,port317_raw__export,13,2019-01-14T00:00:00.000000,1869392.625,1367.25732421875,0.44035273790359497,0.6635907888412476,0.5706008076667786
92,port342_raw__import,13,2019-01-14T00:00:00.000000,311470496.0,16660.474609375,0.7965781092643738,0.8425449132919312,0.6223212480545044
93,port342_raw__export,13,2019-01-14T00:00:00.000000,61257056.0,7646.1826171875,1.0540926456451416,1.003011703491211,1.0598989725112915
94,port358_raw__import,13,2019-01-14T00:00:00.000000,319303.84375,565.0697631835938,0.3268287181854248,0.5716893672943115,0.5802190899848938
95,port358_raw__export,13,2019-01-14T00:00:00.000000,210398112.0,14505.08203125,0.6090681552886963,0.7804269790649414,0.7882903814315796
96,port361_raw__import,13,2019-01-14T00:00:00.000000,92358520.0,7677.93505859375,0.21137280762195587,0.367308109998703,0.36714816093444824
97,port361_raw__export,13,2019-01-14T00:00:00.000000,747611776.0,20417.595703125,0.18873301148414612,0.3244072198867798,0.49365052580833435
98,port362_raw__import,13,2019-01-14T00:00:00.000000,134028176.0,9325.974609375,0.12323077768087387,0.2827846109867096,0.1816309541463852
99,port362_raw__export,13,2019-01-14T00:00:00.000000,589418496.0,24056.25,0.1796829104423523,0.4200194776058197,0.3296927511692047
100,port364_raw__import,13,2019-01-14T00:00:00.000000,1324834304.0,26744.96484375,0.19887962937355042,0.3276848793029785,0.3827711045742035
101,port364_raw__export,13,2019-01-14T00:00:00.000000,16974640.0,4077.2880859375,0.21951213479042053,0.4636608064174652,0.31202447414398193
102,port380_raw__import,13,2019-01-14T00:00:00.000000,993549568.0,31141.56640625,1.0200164318084717,0.9978132247924805,1.0098676681518555
103,port380_raw__export,13,2019-01-14T00:00:00.000000,57289880.0,7386.82373046875,0.18683506548404694,0.42184019088745117,0.2892199456691742
104,port425_raw__import,13,2019-01-14T00:00:00.000000,835202944.0,28878.72265625,0.585222601890564,0.7644384503364563,0.6353424787521362
105,port425_raw__export,13,2019-01-14T00:00:00.000000,141678496.0,10752.494140625,0.12441219389438629,0.31863152980804443,0.331031858921051
106,port426_raw__import,13,2019-01-14T00:00:00.000000,102471568.0,9794.1123046875,2.6544549465179443,1.5763442516326904,1.3031673431396484
107,port426_raw__export,13,2019-01-14T00:00:00.000000,45709020.0,6565.96630859375,1.6014842987060547,1.2290202379226685,0.9805337190628052
108,port434_raw__import,13,2019-01-14T00:00:00.000000,3158405.75,1441.6064453125,0.02210790291428566,0.12061089277267456,0.13003185391426086
109,port434_raw__export,13,2019-01-14T00:00:00.000000,8391898.0,2198.243408203125,0.26428112387657166,0.3901025056838989,0.3590376675128937
110,port435_raw__import,13,2019-01-14T00:00:00.000000,257936784.0,15110.7822265625,0.9622191190719604,0.9229269027709961,0.7450318336486816
111,port435_raw__export,13,2019-01-14T00:00:00.000000,6441333.5,1832.6949462890625,0.28248342871665955,0.38379454612731934,0.340850293636322
112,port439_raw__import,13,2019-01-14T00:00:00.000000,23984222.0,4895.72900390625,1.127946376800537,1.0616925954818726,0.9486781358718872
113,port439_raw__export,13,2019-01-14T00:00:00.000000,1203531.625,821.25732421875,0.10761107504367828,0.2455720752477646,0.2773401737213135
114,port443_raw__import,13,2019-01-14T00:00:00.000000,45480104.0,4885.5576171875,1.7884914875030518,0.9688283801078796,0.9120453596115112
115,port443_raw__export,13,2019-01-14T00:00:00.000000,25496214.0,5049.298828125,0.8230965733528137,0.9072325229644775,0.8890085816383362
116,port446_raw__import,13,2019-01-14T00:00:00.000000,1413034112.0,35055.828125,0.43150845170021057,0.6126022338867188,0.4460676908493042
117,port446_raw__export,13,2019-01-14T00:00:00.000000,322780288.0,15952.078125,0.8512158393859863,0.8191880583763123,0.964527428150177
118,port484_raw__import,13,2019-01-14T00:00:00.000000,4743790.0,2078.708740234375,1.7590430974960327,1.265811800956726,1.327392816543579
119,port484_raw__export,13,2019-01-14T00:00:00.000000,4548065.0,1960.946044921875,0.41831207275390625,0.5947062969207764,0.5213491916656494
120,port503_raw__import,13,2019-01-14T00:00:00.000000,52582144.0,7000.818359375,0.35222870111465454,0.5729833841323853,0.5321047306060791
121,port503_raw__export,13,2019-01-14T00:00:00.000000,22838952.0,4732.578125,0.6726410388946533,0.8121783137321472,0.8005663156509399
122,port514_raw__import,13,2019-01-14T00:00:00.000000,97879408.0,8280.548828125,0.05485597625374794,0.19603130221366882,0.14418336749076843
123,port514_raw__export,13,2019-01-14T00:00:00.000000,326850752.0,13224.3076171875,2.19797682762146,1.0844504833221436,1.2267473936080933
124,port540_raw__import,13,2019-01-14T00:00:00.000000,1047497216.0,32304.232421875,0.9303932189941406,0.9627560377120972,1.2831300497055054
125,port540_raw__export,13,2019-01-14T00:00:00.000000,708920128.0,22967.5390625,1.2208969593048096,0.9531369805335999,0.8311805725097656
126,port541_raw__import,13,2019-01-14T00:00:00.000000,1335738240.0,27985.5390625,0.2737100422382355,0.40060684084892273,0.31907522678375244
127,port541_raw__export,13,2019-01-14T00:00:00.000000,792076800.0,21355.10546875,0.7700614333152771,0.665856659412384,0.4665455222129822
128,port543_raw__import,13,2019-01-14T00:00:00.000000,1149984256.0,26423.486328125,2.0232291221618652,1.1083239316940308,0.8952316641807556
129,port543_raw__export,13,2019-01-14T00:00:00.000000,53511384.0,7128.72412109375,0.32350078225135803,0.5542764067649841,0.7705394625663757
130,port555_raw__import,13,2019-01-14T00:00:00.000000,182584880.0,9627.1142578125,0.28310006856918335,0.37908244132995605,0.5414614081382751
131,port555_raw__export,13,2019-01-14T00:00:00.000000,5165632.0,2069.5341796875,0.17041020095348358,0.3758881390094757,0.3049333989620209
132,port570_raw__import,13,2019-01-14T00:00:00.000000,123540720.0,11108.0849609375,0.43632638454437256,0.6601457595825195,0.804922878742218
133,port570_raw__export,13,2019-01-14T00:00:00.000000,3880083968.0,61698.921875,0.8518650531768799,0.9142025709152222,0.6374943256378174
134,port592_raw__import,13,2019-01-14T00:00:00.000000,1578833920.0,39709.703125,1.1480371952056885,1.0707950592041016,0.8748615980148315
135,port592_raw__export,13,2019-01-14T00:00:00.000000,59309768.0,7686.64599609375,0.6406291723251343,0.7988718748092651,0.7232092022895813
136,port601_raw__import,13,2019-01-14T00:00:00.000000,237029.125,463.5697021484375,0.49665409326553345,0.6710288524627686,0.4828558564186096
137,port601_raw__export,13,2019-01-14T00:00:00.000000,224236.25,458.7900085449219,0.20512253046035767,0.438801109790802,0.4347340166568756
138,port62_raw__import,13,2019-01-14T00:00:00.000000,51188592.0,5946.7998046875,0.31940001249313354,0.4697471559047699,0.3628705143928528
139,port62_raw__export,13,2019-01-14T00:00:00.000000,66453552.0,8129.1328125,0.3841201066970825,0.6180429458618164,0.5948070287704468
140,port644_raw__import,13,2019-01-14T00:00:00.000000,3176005120.0,56184.89453125,0.29953262209892273,0.5456335544586182,0.41221946477890015
141,port644_raw__export,13,2019-01-14T00:00:00.000000,4713877504.0,60239.65234375,17.169628143310547,3.635580539703369,4.576729774475098
142,port649_raw__import,13,2019-01-14T00:00:00.000000,71574480.0,8459.404296875,0.4754606783390045,0.6894741654396057,0.7281267046928406
143,port649_raw__export,13,2019-01-14T00:00:00.000000,6202489.0,2485.0078125,0.3269715905189514,0.5705579519271851,0.5541446208953857
144,port657_raw__import,13,2019-01-14T00:00:00.000000,3074612.5,1639.48046875,0.00797387957572937,0.08349219709634781,0.0599665567278862
145,port657_raw__export,13,2019-01-14T00:00:00.000000,1685017.75,1275.331298828125,0.12975788116455078,0.3539057672023773,0.2624393105506897
146,port667_raw__import,13,2019-01-14T00:00:00.000000,2971608.75,1601.6285400390625,0.24583807587623596,0.4606706500053406,0.43875014781951904
147,port667_raw__export,13,2019-01-14T00:00:00.000000,5152478.0,2268.5380859375,0.2301933765411377,0.4794953167438507,0.4651229977607727
148,port672_raw__import,13,2019-01-14T00:00:00.000000,12664478720.0,106158.734375,2.3432698249816895,1.4440200328826904,1.1464608907699585
149,port672_raw__export,13,2019-01-14T00:00:00.000000,2987032320.0,48427.59765625,2.226231575012207,1.322081208229065,1.675408124923706
150,port67_raw__import,13,2019-01-14T00:00:00.000000,144264624.0,9996.630859375,6.114859104156494,2.058102607727051,2.194301128387451
151,port67_raw__export,13,2019-01-14T00:00:00.000000,1686423.75,1298.301025390625,0.3699079751968384,0.6080493927001953,0.6532257795333862
152,port681_raw__import,13,2019-01-14T00:00:00.000000,138264800.0,11758.4013671875,0.2022993564605713,0.44976919889450073,0.4627153277397156
153,port681_raw__export,13,2019-01-14T00:00:00.000000,18867530.0,4295.26220703125,0.33753085136413574,0.5744985342025757,0.676952064037323
154,port738_raw__import,13,2019-01-14T00:00:00.000000,1558796.0,1242.860595703125,0.4077904224395752,0.6356912851333618,0.794532299041748
155,port738_raw__export,13,2019-01-14T00:00:00.000000,15999776.0,3595.11181640625,0.536459743976593,0.6583002805709839,0.983060359954834
156,port73_raw__import,13,2019-01-14T00:00:00.000000,919695872.0,30326.48828125,0.7934834361076355,0.8907768726348877,0.9565503597259521
157,port73_raw__export,13,2019-01-14T00:00:00.000000,43254836.0,6576.8408203125,0.620296061038971,0.7875887751579285,0.7278472185134888
158,port744_raw__import,13,2019-01-14T00:00:00.000000,2402496000.0,44674.07421875,0.6789717674255371,0.7510175704956055,0.659302830696106
159,port744_raw__export,13,2019-01-14T00:00:00.000000,38416656.0,6176.265625,0.094980388879776,0.30710235238075256,0.31079864501953125
160,port766_raw__import,13,2019-01-14T00:00:00.000000,41938932.0,6470.818359375,0.32733505964279175,0.5716717839241028,0.5287469625473022
161,port766_raw__export,13,2019-01-14T00:00:00.000000,39920768.0,6316.20654296875,0.5890215635299683,0.7672245502471924,0.5936616659164429
162,port775_raw__import,13,2019-01-14T00:00:00.000000,1088511360.0,32924.546875,0.9965332746505737,0.9962061643600464,1.1933770179748535
163,port775_raw__export,13,2019-01-14T00:00:00.000000,2357665.5,1290.6251220703125,0.07879798859357834,0.23594814538955688,0.29626619815826416
164,port776_raw__import,13,2019-01-14T00:00:00.000000,2253878272.0,46427.5234375,1.2909573316574097,1.1111335754394531,1.071488380432129
165,port776_raw__export,13,2019-01-14T00:00:00.000000,140863888.0,10057.5234375,0.7589434385299683,0.738237202167511,0.7584788799285889
166,port781_raw__import,13,2019-01-14T00:00:00.000000,5306843.5,1659.1649169921875,0.20209531486034393,0.3237796425819397,0.30521684885025024
167,port781_raw__export,13,2019-01-14T00:00:00.000000,181591680.0,13475.595703125,0.514252781867981,0.7171142101287842,0.6502084732055664
168,port787_raw__import,13,2019-01-14T00:00:00.000000,4385042.5,1651.0,15.85622787475586,3.1394972801208496,3.2464587688446045
169,port787_raw__export,13,2019-01-14T00:00:00.000000,1228163584.0,35045.1640625,2.545914649963379,1.5955922603607178,1.2001441717147827
170,port795_raw__import,13,2019-01-14T00:00:00.000000,17398498.0,3869.43994140625,0.21416763961315155,0.4293081760406494,0.40149158239364624
171,port795_raw__export,13,2019-01-14T00:00:00.000000,10011344.0,3163.3779296875,0.3083527088165283,0.5551735758781433,0.4548666477203369
172,port805_raw__import,13,2019-01-14T00:00:00.000000,197275616.0,12995.5263671875,0.2721675634384155,0.48269784450531006,0.7612786889076233
173,port805_raw__export,13,2019-01-14T00:00:00.000000,87638840.0,7054.36328125,0.14887019991874695,0.2907457649707794,0.2907586097717285
174,port811_raw__import,13,2019-01-14T00:00:00.000000,188189440.0,13705.9521484375,0.6041883826255798,0.77660071849823,0.7469973564147949
175,port811_raw__export,13,2019-01-14T00:00:00.000000,357923808.0,18659.9453125,3.9556188583374023,1.961653470993042,2.0344772338867188
176,port815_raw__import,13,2019-01-14T00:00:00.000000,175489472.0,9599.6484375,0.043433237820863724,0.15102224051952362,0.1363484263420105
177,port815_raw__export,13,2019-01-14T00:00:00.000000,67511232.0,6332.4296875,0.211649090051651,0.3545606732368469,0.3175767660140991
178,port826_raw__import,13,2019-01-14T00:00:00.000000,20523040.0,4364.17822265625,0.5151798129081726,0.6914504170417786,0.6044815182685852
179,port826_raw__export,13,2019-01-14T00:00:00.000000,115575040.0,10425.5859375,0.09227650612592697,0.29458731412887573,0.2826402187347412
180,port839_raw__import,13,2019-01-14T00:00:00.000000,43956524.0,6260.66064453125,1.118992567062378,0.9989001750946045,0.8563635945320129
181,port839_raw__export,13,2019-01-14T00:00:00.000000,41178868.0,6306.2744140625,0.2815558612346649,0.5214563608169556,0.3788786828517914
182,port845_raw__import,13,2019-01-14T00:00:00.000000,835546560.0,27362.54296875,0.6497963666915894,0.7630618214607239,0.6108289957046509
183,port845_raw__export,13,2019-01-14T00:00:00.000000,55105880.0,6355.630859375,0.4214375913143158,0.5558099746704102,0.4134308993816376
184,port862_raw__import,13,2019-01-14T00:00:00.000000,88215344.0,9319.3427734375,0.4506978690624237,0.6661253571510315,0.6739488244056702
185,port862_raw__export,13,2019-01-14T00:00:00.000000,22187232.0,4683.69970703125,1.9896965026855469,1.4025905132293701,1.4099211692810059
186,port908_raw__import,13,2019-01-14T00:00:00.000000,999214848.0,31606.349609375,2.3973588943481445,1.5481442213058472,1.4100373983383179
187,port908_raw__export,13,2019-01-14T00:00:00.000000,81727712.0,8673.7939453125,0.13409192860126495,0.3513385057449341,0.2784992456436157
188,port915_raw__import,13,2019-01-14T00:00:00.000000,3515427.25,1822.4072265625,0.32079777121543884,0.5505186915397644,0.9994237422943115
189,port915_raw__export,13,2019-01-14T00:00:00.000000,1206086.25,1098.2196044921875,0.29775044322013855,0.5456651449203491,0.5475986003875732
190,port917_raw__import,13,2019-01-14T00:00:00.000000,20690278.0,4345.16259765625,0.35448601841926575,0.568751335144043,0.5232036709785461
191,port917_raw__export,13,2019-01-14T00:00:00.000000,179933232.0,11832.0224609375,1.3891712427139282,1.0396357774734497,1.3571736812591553
192,port958_raw__import,13,2019-01-14T00:00:00.000000,3347549.25,1612.51904296875,0.05746046453714371,0.2112642228603363,0.18414226174354553
193,port958_raw__export,13,2019-01-14T00:00:00.000000,13853487.0,3151.80517578125,0.40285754203796387,0.5374716520309448,0.44271916151046753
194,port959_raw__import,13,2019-01-14T00:00:00.000000,219633136.0,11622.5244140625,0.17139694094657898,0.3246781527996063,0.4308798611164093
195,port959_raw__export,13,2019-01-14T00:00:00.000000,89711976.0,9471.640625,0.3261759579181671,0.571118175983429,0.6108357906341553
196,port985_raw__import,13,2019-01-14T00:00:00.000000,1048479488.0,30725.43359375,0.46200335025787354,0.6449716091156006,0.5929677486419678
197,port985_raw__export,13,2019-01-14T00:00:00.000000,38757628.0,6217.3623046875,0.12916512787342072,0.3589221239089966,0.38119423389434814
0,port1016_raw__import,525,2020-06-09T00:00:00.000000,2008370.625,1383.31689453125,0.08026491105556488,0.2765429615974426,0.26633840799331665
1,port1016_raw__export,525,2020-06-09T00:00:00.000000,15418002.0,3818.24609375,0.6393468379974365,0.7775317430496216,1.0147569179534912
2,port1035_raw__import,525,2020-06-09T00:00:00.000000,44030036.0,5444.9619140625,1.3276103734970093,0.9454872012138367,0.6175291538238525
3,port1035_raw__export,525,2020-06-09T00:00:00.000000,21479664.0,4576.56494140625,1.6185240745544434,1.2562772035598755,0.7875670194625854
4,port1057_raw__import,525,2020-06-09T00:00:00.000000,233324864.0,15185.708984375,1.7745394706726074,1.3243335485458374,0.8403230309486389
5,port1057_raw__export,525,2020-06-09T00:00:00.000000,6549178.0,2163.84326171875,0.8584162592887878,0.7833961248397827,0.7626792192459106
6,port1065_raw__import,525,2020-06-09T00:00:00.000000,476834112.0,21833.5078125,1.441680669784546,1.2005338668823242,0.9487103223800659
7,port1065_raw__export,525,2020-06-09T00:00:00.000000,1216371200.0,34380.890625,1.070482850074768,1.0199384689331055,1.0680952072143555
8,port1070_raw__import,525,2020-06-09T00:00:00.000000,19951060992.0,125481.953125,1.5303398370742798,1.0989861488342285,1.058297872543335
9,port1070_raw__export,525,2020-06-09T00:00:00.000000,460980832.0,17511.712890625,0.17963376641273499,0.34568551182746887,0.3871214687824249
10,port1071_raw__import,525,2020-06-09T00:00:00.000000,62839656.0,7367.79296875,0.03507164865732193,0.17405985295772552,0.11882349848747253
11,port1071_raw__export,525,2020-06-09T00:00:00.000000,7108203.5,2632.09423828125,0.018852749839425087,0.13555291295051575,0.11638854444026947
12,port1073_raw__import,525,2020-06-09T00:00:00.000000,2460542464.0,49573.5546875,1.1064848899841309,1.051253318786621,0.9092181921005249
13,port1073_raw__export,525,2020-06-09T00:00:00.000000,5605105.0,1781.4366455078125,0.14153249561786652,0.28307831287384033,0.23907582461833954
14,port1086_raw__import,525,2020-06-09T00:00:00.000000,19546528.0,3879.2529296875,0.1091705933213234,0.2899119555950165,0.202602356672287
15,port1086_raw__export,525,2020-06-09T00:00:00.000000,18190616.0,4265.0458984375,0.4211561977863312,0.6489654779434204,0.5394580960273743
16,port1112_raw__import,525,2020-06-09T00:00:00.000000,178120.046875,318.5079345703125,0.20314918458461761,0.34015071392059326,0.3615953326225281
17,port1112_raw__export,525,2020-06-09T00:00:00.000000,28514656.0,5276.2666015625,1.8001205921173096,1.3256945610046387,1.0443494319915771
18,port1128_raw__import,525,2020-06-09T00:00:00.000000,201532256.0,10466.4228515625,0.2806323766708374,0.3905664086341858,0.3908281922340393
19,port1128_raw__export,525,2020-06-09T00:00:00.000000,10107075.0,3024.53173828125,0.12564197182655334,0.33721956610679626,0.36864086985588074
20,port1135_raw__import,525,2020-06-09T00:00:00.000000,632648.4375,781.83935546875,0.29223909974098206,0.531380295753479,0.5391652584075928
21,port1135_raw__export,525,2020-06-09T00:00:00.000000,60944.9453125,246.87030029296875,0.20953312516212463,0.4577478766441345,0.7320999503135681
22,port1160_raw__import,525,2020-06-09T00:00:00.000000,305083008.0,17409.119140625,0.7780566215515137,0.8791710734367371,0.6857680082321167
23,port1160_raw__export,525,2020-06-09T00:00:00.000000,9488408576.0,77086.484375,2.042559862136841,1.131016492843628,1.1608052253723145
24,port1189_raw__import,525,2020-06-09T00:00:00.000000,273891968.0,16549.28125,0.6197541952133179,0.787225604057312,0.5568028092384338
25,port1189_raw__export,525,2020-06-09T00:00:00.000000,571176320.0,23885.67578125,1.876857042312622,1.369203805923462,1.4742389917373657
26,port1197_raw__import,525,2020-06-09T00:00:00.000000,80213928.0,8293.5234375,0.523004949092865,0.6696796417236328,0.5077849626541138
27,port1197_raw__export,525,2020-06-09T00:00:00.000000,102818056.0,9420.322265625,0.801776111125946,0.8318741321563721,0.6511496305465698
28,port1201_raw__import,525,2020-06-09T00:00:00.000000,49540669440.0,203115.171875,3.064988136291504,1.5976285934448242,1.431180477142334
29,port1201_raw__export,525,2020-06-09T00:00:00.000000,3681568768.0,59748.953125,1.3160730600357056,1.1296758651733398,0.770085871219635
30,port1248_raw__import,525,2020-06-09T00:00:00.000000,4393095.5,1984.683349609375,0.40394046902656555,0.60181725025177,0.5966378450393677
31,port1248_raw__export,525,2020-06-09T00:00:00.000000,151789696.0,12240.2783203125,0.71513831615448,0.8401660919189453,0.7492954730987549
32,port1266_raw__import,525,2020-06-09T00:00:00.000000,20371705856.0,127821.484375,1.869519829750061,1.2244899272918701,0.7720194458961487
33,port1266_raw__export,525,2020-06-09T00:00:00.000000,5362804736.0,62762.51171875,2.409912347793579,1.3304696083068848,1.005304217338562
34,port1269_raw__import,525,2020-06-09T00:00:00.000000,3682389504.0,55529.96875,6.79130744934082,2.384730339050293,2.576101064682007
35,port1269_raw__export,525,2020-06-09T00:00:00.000000,201790752.0,14129.724609375,0.8223129510879517,0.9019898176193237,0.8044328689575195
36,port1284_raw__import,525,2020-06-09T00:00:00.000000,251624128.0,12376.119140625,1.2965497970581055,0.8883885145187378,0.7854597568511963
37,port1284_raw__export,525,2020-06-09T00:00:00.000000,378303840.0,16718.1640625,1.4126793146133423,1.0216214656829834,1.00498366355896
38,port1304_raw__import,525,2020-06-09T00:00:00.000000,174667360.0,13211.3828125,0.3854443430900574,0.6206163763999939,0.5983923673629761
39,port1304_raw__export,525,2020-06-09T00:00:00.000000,1769691.5,1064.64599609375,0.049383021891117096,0.17784647643566132,0.12913385033607483
40,port1309_raw__import,525,2020-06-09T00:00:00.000000,62666624.0,7915.638671875,0.37421247363090515,0.61168372631073,0.5957298278808594
41,port1309_raw__export,525,2020-06-09T00:00:00.000000,124409312.0,11153.087890625,0.6056156158447266,0.7781568765640259,0.6474474668502808
42,port1318_raw__import,525,2020-06-09T00:00:00.000000,2598497280.0,48013.34375,1.4138569831848145,1.1199626922607422,1.3241701126098633
43,port1318_raw__export,525,2020-06-09T00:00:00.000000,25189206.0,4858.1552734375,0.27265676856040955,0.5054430961608887,0.4743722677230835
44,port132_raw__import,525,2020-06-09T00:00:00.000000,115926904.0,10382.2763671875,1.041306734085083,0.9839880466461182,0.6907367706298828
45,port132_raw__export,525,2020-06-09T00:00:00.000000,7063545.0,2474.85205078125,0.1512405425310135,0.36213624477386475,0.40853044390678406
46,port1330_raw__import,525,2020-06-09T00:00:00.000000,914966.0,952.0858154296875,1.162872076034546,1.07334566116333,1.0436272621154785
47,port1330_raw__export,525,2020-06-09T00:00:00.000000,2613399.0,1608.96435546875,2.0965890884399414,1.4411202669143677,1.283874273300171
48,port1358_raw__import,525,2020-06-09T00:00:00.000000,334651616.0,16935.46875,0.3583410382270813,0.5541776418685913,0.5390008091926575
49,port1358_raw__export,525,2020-06-09T00:00:00.000000,12001160.0,3420.296630859375,0.35800474882125854,0.5907402634620667,0.5342713594436646
50,port139_raw__import,525,2020-06-09T00:00:00.000000,33041066.0,4305.8857421875,2.03395676612854,1.0683321952819824,2.6161081790924072
51,port139_raw__export,525,2020-06-09T00:00:00.000000,669926.5625,818.4904174804688,0.85605788230896,0.9252339601516724,0.5870400071144104
52,port1410_raw__import,525,2020-06-09T00:00:00.000000,503786304.0,22408.51171875,0.27607816457748413,0.5245729684829712,0.455104261636734
53,port1410_raw__export,525,2020-06-09T00:00:00.000000,78268480.0,7855.42626953125,1.4161317348480225,1.0566426515579224,0.9859380125999451
54,port1414_raw__import,525,2020-06-09T00:00:00.000000,308713024.0,16587.05078125,1.9812816381454468,1.3288159370422363,0.9485583305358887
55,port1414_raw__export,525,2020-06-09T00:00:00.000000,1458747392.0,37083.9609375,0.9918603897094727,0.9669885635375977,0.7344920635223389
56,port1425_raw__import,525,2020-06-09T00:00:00.000000,171741824.0,10438.669921875,0.19004268944263458,0.3472423553466797,0.2606543004512787
57,port1425_raw__export,525,2020-06-09T00:00:00.000000,2036645.625,1326.252685546875,0.09362705796957016,0.28436046838760376,0.26161670684814453
58,port1426_raw__import,525,2020-06-09T00:00:00.000000,9171085312.0,69918.109375,0.8615562319755554,0.6776744723320007,0.5116974711418152
59,port1426_raw__export,525,2020-06-09T00:00:00.000000,185372032.0,12689.720703125,0.6519443988800049,0.7525497674942017,0.6170609593391418
60,port168_raw__import,525,2020-06-09T00:00:00.000000,846366848.0,28291.98046875,1.8902369737625122,1.3370330333709717,1.0933995246887207
61,port168_raw__export,525,2020-06-09T00:00:00.000000,80175464.0,8579.33984375,0.12207310646772385,0.3347673714160919,0.27065181732177734
62,port193_raw__import,525,2020-06-09T00:00:00.000000,660801344.0,18333.841796875,118.44320678710938,7.761990070343018,7.801945686340332
63,port193_raw__export,525,2020-06-09T00:00:00.000000,9902565.0,2465.693115234375,0.5005456805229187,0.5543537735939026,0.5199332237243652
64,port2017_raw__import,525,2020-06-09T00:00:00.000000,2461036.5,1493.6240234375,0.7096473574638367,0.8020539283752441,0.5806548595428467
65,port2017_raw__export,525,2020-06-09T00:00:00.000000,1699220.875,972.6573486328125,0.43613505363464355,0.49277135729789734,0.44565898180007935
66,port2025_raw__import,525,2020-06-09T00:00:00.000000,450204320.0,15124.3779296875,0.981869637966156,0.7063168883323669,0.5462727546691895
67,port2025_raw__export,525,2020-06-09T00:00:00.000000,360821760.0,17947.029296875,2.9665684700012207,1.627321720123291,1.274724006652832
68,port2027_raw__import,525,2020-06-09T00:00:00.000000,1616225024.0,40167.85546875,0.8440033197402954,0.9179093837738037,1.0447299480438232
69,port2027_raw__export,525,2020-06-09T00:00:00.000000,737543424.0,26986.37890625,0.6802282333374023,0.8195550441741943,0.8458917140960693
70,port2031_raw__import,525,2020-06-09T00:00:00.000000,173521392.0,9571.81640625,0.4679989218711853,0.4970960021018982,0.4602883756160736
71,port2031_raw__export,525,2020-06-09T00:00:00.000000,32872116.0,5733.4208984375,0.3432142734527588,0.5858449339866638,0.8477097749710083
72,port2039_raw__import,525,2020-06-09T00:00:00.000000,681552384.0,24785.896484375,2.00801944732666,1.3453614711761475,0.8945263624191284
73,port2039_raw__export,525,2020-06-09T00:00:00.000000,50375216.0,7079.6796875,0.6490377187728882,0.8036003708839417,1.016252875328064
74,port2044_raw__import,525,2020-06-09T00:00:00.000000,695214976.0,25283.947265625,2.171100616455078,1.412945032119751,1.1130094528198242
75,port2044_raw__export,525,2020-06-09T00:00:00.000000,22100200.0,4633.81591796875,0.6999025344848633,0.824630618095398,0.6370425224304199
76,port2189_raw__import,525,2020-06-09T00:00:00.000000,1857486848.0,32206.076171875,13.051033973693848,2.699587345123291,2.205622673034668
77,port2189_raw__export,525,2020-06-09T00:00:00.000000,207713184.0,14351.751953125,0.8747111558914185,0.9313335418701172,0.8800814151763916
78,port22_raw__import,525,2020-06-09T00:00:00.000000,298454912.0,16280.1298828125,0.6466206312179565,0.7577801942825317,0.9536715745925903
79,port22_raw__export,525,2020-06-09T00:00:00.000000,45609624.0,6752.71533203125,0.560332715511322,0.7484679222106934,0.7435975670814514
80,port254_raw__import,525,2020-06-09T00:00:00.000000,211809936.0,11298.689453125,0.5001522898674011,0.5490425825119019,0.5592101812362671
81,port254_raw__export,525,2020-06-09T00:00:00.000000,914432512.0,28733.05078125,5.019338607788086,2.128772020339966,1.6254029273986816
82,port270_raw__import,525,2020-06-09T00:00:00.000000,2227827712.0,41642.4296875,0.5209738612174988,0.6368002891540527,0.6519273519515991
83,port270_raw__export,525,2020-06-09T00:00:00.000000,12879213.0,3586.89453125,0.11868089437484741,0.34432166814804077,0.28228843212127686
84,port281_raw__import,525,2020-06-09T00:00:00.000000,221777824.0,11855.1162109375,9.74728775024414,2.485356092453003,3.121025562286377
85,port281_raw__export,525,2020-06-09T00:00:00.000000,16674068.0,3180.4208984375,0.1595919281244278,0.31114962697029114,0.320537805557251
86,port307_raw__import,525,2020-06-09T00:00:00.000000,98099.2578125,266.90087890625,0.003902693744748831,0.0532352589070797,0.041709840297698975
87,port307_raw__export,525,2020-06-09T00:00:00.000000,2121204.5,1356.33251953125,2.377763032913208,1.4360156059265137,1.119014024734497
88,port310_raw__import,525,2020-06-09T00:00:00.000000,26855480.0,4698.98046875,0.07937363535165787,0.2554614245891571,0.2000124752521515
89,port310_raw__export,525,2020-06-09T00:00:00.000000,97839376.0,9743.6357421875,0.35892313718795776,0.5901534557342529,0.5042915940284729
90,port317_raw__import,525,2020-06-09T00:00:00.000000,30749050.0,5545.1826171875,0.4053165018558502,0.636644721031189,0.852617621421814
91,port317_raw__export,525,2020-06-09T00:00:00.000000,7256690.0,2693.824462890625,0.4636461138725281,0.6809156537055969,0.5706395506858826
92,port342_raw__import,525,2020-06-09T00:00:00.000000,228760672.0,15080.267578125,0.978062629699707,0.9860562682151794,0.7745455503463745
93,port342_raw__export,525,2020-06-09T00:00:00.000000,12880133.0,2786.613525390625,0.25243473052978516,0.39011362195014954,0.37404242157936096
94,port358_raw__import,525,2020-06-09T00:00:00.000000,57395160.0,7555.44287109375,0.35812151432037354,0.5968119502067566,0.48556044697761536
95,port358_raw__export,525,2020-06-09T00:00:00.000000,1996569600.0,36231.35546875,4.744297504425049,1.7661529779434204,1.3179420232772827
96,port361_raw__import,525,2020-06-09T00:00:00.000000,1048187136.0,27181.0,4.133671760559082,1.706923484802246,1.720197319984436
97,port361_raw__export,525,2020-06-09T00:00:00.000000,205581920.0,11171.84765625,1.467111587524414,0.9437655210494995,0.8685426115989685
98,port362_raw__import,525,2020-06-09T00:00:00.000000,298859360.0,13030.453125,0.1954292356967926,0.3332121670246124,0.25268787145614624
99,port362_raw__export,525,2020-06-09T00:00:00.000000,2301093888.0,46638.5546875,2.5827102661132812,1.5624845027923584,1.6354289054870605
100,port364_raw__import,525,2020-06-09T00:00:00.000000,695526976.0,26367.90625,0.683663010597229,0.8266843557357788,0.8889729976654053
101,port364_raw__export,525,2020-06-09T00:00:00.000000,107527472.0,10237.087890625,2.446406364440918,1.5441198348999023,1.8653409481048584
102,port380_raw__import,525,2020-06-09T00:00:00.000000,500313280.0,21674.14453125,0.5207399725914001,0.6992482542991638,0.5556814074516296
103,port380_raw__export,525,2020-06-09T00:00:00.000000,67191368.0,7182.6416015625,0.4172806143760681,0.5660327672958374,0.5284668207168579
104,port425_raw__import,525,2020-06-09T00:00:00.000000,1424739200.0,30927.8203125,0.4291123151779175,0.5367438793182373,0.5824770927429199
105,port425_raw__export,525,2020-06-09T00:00:00.000000,637244352.0,23867.5078125,1.4729642868041992,1.1474933624267578,0.9868113994598389
106,port426_raw__import,525,2020-06-09T00:00:00.000000,41805868.0,5660.482421875,0.5831371545791626,0.6685289144515991,0.6617414355278015
107,port426_raw__export,525,2020-06-09T00:00:00.000000,48973884.0,6219.42236328125,0.6569024920463562,0.7203079462051392,0.644002377986908
108,port434_raw__import,525,2020-06-09T00:00:00.000000,186995984.0,11517.55078125,2.5683205127716064,1.3497974872589111,1.317439317703247
109,port434_raw__export,525,2020-06-09T00:00:00.000000,47848664.0,6891.611328125,2.876739025115967,1.689803123474121,2.034517526626587
110,port435_raw__import,525,2020-06-09T00:00:00.000000,419932416.0,20178.916015625,1.451342225074768,1.186295986175537,1.1355592012405396
111,port435_raw__export,525,2020-06-09T00:00:00.000000,3299897.0,1695.9224853515625,0.318295955657959,0.5267097353935242,0.4386717677116394
112,port439_raw__import,525,2020-06-09T00:00:00.000000,19398706.0,4270.2861328125,1.3074116706848145,1.1086047887802124,0.8756130933761597
113,port439_raw__export,525,2020-06-09T00:00:00.000000,6133790.0,2027.0142822265625,1.2584069967269897,0.9181273579597473,0.7247604131698608
114,port443_raw__import,525,2020-06-09T00:00:00.000000,25902136.0,5085.29833984375,1.5397917032241821,1.239879846572876,0.7756783962249756
115,port443_raw__export,525,2020-06-09T00:00:00.000000,67735832.0,6042.845703125,3.226660966873169,1.3188910484313965,0.8731451630592346
116,port446_raw__import,525,2020-06-09T00:00:00.000000,2463486464.0,47344.8828125,1.4668546915054321,1.1552914381027222,0.8000097274780273
117,port446_raw__export,525,2020-06-09T00:00:00.000000,263864960.0,13494.2822265625,0.5042509436607361,0.589905321598053,0.5382987260818481
118,port484_raw__import,525,2020-06-09T00:00:00.000000,93886664.0,8470.681640625,1.1693764925003052,0.9453521370887756,1.1576205492019653
119,port484_raw__export,525,2020-06-09T00:00:00.000000,195644256.0,10526.064453125,11.62906265258789,2.566284656524658,2.7829766273498535
120,port503_raw__import,525,2020-06-09T00:00:00.000000,85591384.0,7350.4326171875,1.3610308170318604,0.9268978238105774,0.8191049098968506
121,port503_raw__export,525,2020-06-09T00:00:00.000000,4921172.5,2201.58935546875,0.9413481950759888,0.962891161441803,0.9339367747306824
122,port514_raw__import,525,2020-06-09T00:00:00.000000,196806208.0,13880.931640625,0.4311148524284363,0.6496742963790894,0.5275149345397949
123,port514_raw__export,525,2020-06-09T00:00:00.000000,11115856.0,3227.03369140625,0.1810828298330307,0.4118799865245819,0.4942867159843445
124,port540_raw__import,525,2020-06-09T00:00:00.000000,674367232.0,25070.78125,1.4169644117355347,1.1492092609405518,0.9382591843605042
125,port540_raw__export,525,2020-06-09T00:00:00.000000,96998560.0,9308.154296875,0.17493557929992676,0.39529383182525635,0.30695754289627075
126,port541_raw__import,525,2020-06-09T00:00:00.000000,4429720576.0,65556.890625,2.1291933059692383,1.4372680187225342,1.4463446140289307
127,port541_raw__export,525,2020-06-09T00:00:00.000000,1549073152.0,38431.4140625,1.8940396308898926,1.343832015991211,1.0260415077209473
128,port543_raw__import,525,2020-06-09T00:00:00.000000,183572992.0,12855.6298828125,0.46642446517944336,0.6480069160461426,0.5313027501106262
129,port543_raw__export,525,2020-06-09T00:00:00.000000,32735928.0,5686.6982421875,0.6329576969146729,0.7907427549362183,0.5415682196617126
130,port555_raw__import,525,2020-06-09T00:00:00.000000,90613456.0,9469.462890625,0.1150873675942421,0.3374759554862976,0.3974480628967285
131,port555_raw__export,525,2020-06-09T00:00:00.000000,5166065.5,2269.020263671875,0.14100614190101624,0.37486720085144043,0.357251912355423
132,port570_raw__import,525,2020-06-09T00:00:00.000000,6204904960.0,62841.0,4.543950080871582,1.700561285018921,1.6429917812347412
133,port570_raw__export,525,2020-06-09T00:00:00.000000,877119296.0,27776.728515625,0.23565128445625305,0.45528846979141235,0.3724941909313202
134,port592_raw__import,525,2020-06-09T00:00:00.000000,112431792.0,10290.62890625,0.4144505560398102,0.6247894763946533,0.5556908249855042
135,port592_raw__export,525,2020-06-09T00:00:00.000000,59494940.0,5517.7958984375,1.9658162593841553,1.0029910802841187,0.9545482397079468
136,port601_raw__import,525,2020-06-09T00:00:00.000000,2329620.0,1102.0179443359375,8.631614685058594,2.121251344680786,2.668515205383301
137,port601_raw__export,525,2020-06-09T00:00:00.000000,6175040.5,2363.86669921875,4.757013320922852,2.0747714042663574,1.9012936353683472
138,port62_raw__import,525,2020-06-09T00:00:00.000000,56977388.0,6944.29345703125,1.8806694746017456,1.2616329193115234,1.178198218345642
139,port62_raw__export,525,2020-06-09T00:00:00.000000,709006272.0,20979.482421875,6.327063083648682,1.9818501472473145,2.582300901412964
140,port644_raw__import,525,2020-06-09T00:00:00.000000,17646135296.0,129200.0234375,1.7721593379974365,1.294759750366211,1.1102356910705566
141,port644_raw__export,525,2020-06-09T00:00:00.000000,183007056.0,9598.16015625,0.7021737694740295,0.5945335626602173,0.41101235151290894
142,port649_raw__import,525,2020-06-09T00:00:00.000000,153772832.0,12389.822265625,0.5051975846290588,0.7101595401763916,0.5744046568870544
143,port649_raw__export,525,2020-06-09T00:00:00.000000,178112192.0,11559.61328125,3.6055221557617188,1.644676923751831,1.3610107898712158
144,port657_raw__import,525,2020-06-09T00:00:00.000000,42663172.0,5166.90283203125,0.18396490812301636,0.33929014205932617,0.3738332986831665
145,port657_raw__export,525,2020-06-09T00:00:00.000000,51977092.0,6367.9814453125,0.5453454852104187,0.6522763967514038,0.4909060597419739
146,port667_raw__import,525,2020-06-09T00:00:00.000000,16002651.0,3844.05810546875,3.107698440551758,1.6940001249313354,1.3507171869277954
147,port667_raw__export,525,2020-06-09T00:00:00.000000,1013548.0625,888.3407592773438,0.672122597694397,0.7234052419662476,0.5083836913108826
148,port672_raw__import,525,2020-06-09T00:00:00.000000,608485056.0,17695.79296875,1.2161978483200073,0.7911288142204285,0.6514117121696472
149,port672_raw__export,525,2020-06-09T00:00:00.000000,1719958.125,1292.864013671875,0.005401207134127617,0.07245016098022461,0.10315927863121033
150,port67_raw__import,525,2020-06-09T00:00:00.000000,34460972.0,4970.4287109375,0.38855335116386414,0.5277829766273499,0.5619308352470398
151,port67_raw__export,525,2020-06-09T00:00:00.000000,329464.75,569.3131103515625,0.017390597611665726,0.13079886138439178,0.14338131248950958
152,port681_raw__import,525,2020-06-09T00:00:00.000000,5594225664.0,74692.921875,7.0019001960754395,2.642514944076538,2.9955248832702637
153,port681_raw__export,525,2020-06-09T00:00:00.000000,7820666.0,2622.70361328125,0.06477005034685135,0.23867914080619812,0.2521055340766907
154,port738_raw__import,525,2020-06-09T00:00:00.000000,2515358.5,1585.9881591796875,0.4539906978607178,0.67378830909729,0.5248832106590271
155,port738_raw__export,525,2020-06-09T00:00:00.000000,4157779.75,1568.8726806640625,0.1776226907968521,0.324269562959671,0.4183206856250763
156,port73_raw__import,525,2020-06-09T00:00:00.000000,152384576.0,10870.474609375,0.9133777022361755,0.8415951132774353,0.5690754055976868
157,port73_raw__export,525,2020-06-09T00:00:00.000000,51418376.0,6138.39501953125,0.2573482096195221,0.43426641821861267,0.518926739692688
158,port744_raw__import,525,2020-06-09T00:00:00.000000,6876972032.0,82128.078125,4.87346076965332,2.186310291290283,1.4862611293792725
159,port744_raw__export,525,2020-06-09T00:00:00.000000,2336427520.0,47624.76953125,3.193632125854492,1.760756015777588,1.2832610607147217
160,port766_raw__import,525,2020-06-09T00:00:00.000000,126196112.0,9730.9912109375,2.2407326698303223,1.2966690063476562,1.0927139520645142
161,port766_raw__export,525,2020-06-09T00:00:00.000000,54212052.0,7359.2529296875,0.8831759691238403,0.9393110275268555,0.9390774965286255
162,port775_raw__import,525,2020-06-09T00:00:00.000000,196564400.0,11742.974609375,0.3109000325202942,0.4670206308364868,0.41091233491897583
163,port775_raw__export,525,2020-06-09T00:00:00.000000,9267413.0,2546.359375,0.23037491738796234,0.40147456526756287,0.3894630968570709
164,port776_raw__import,525,2020-06-09T00:00:00.000000,321755648.0,17408.52734375,0.35515671968460083,0.5783742666244507,0.5630753040313721
165,port776_raw__export,525,2020-06-09T00:00:00.000000,3323632640.0,42140.07421875,10.267300605773926,2.3421618938446045,1.7705436944961548
166,port781_raw__import,525,2020-06-09T00:00:00.000000,13224604.0,3515.0654296875,0.7565000057220459,0.8407106399536133,0.7343147993087769
167,port781_raw__export,525,2020-06-09T00:00:00.000000,188925344.0,13745.01171875,0.9663142561912537,0.983012855052948,0.8215024471282959
168,port787_raw__import,525,2020-06-09T00:00:00.000000,410293.8125,640.5418090820312,0.647878110408783,0.8049087524414062,0.9804384112358093
169,port787_raw__export,525,2020-06-09T00:00:00.000000,88868944.0,7170.75,0.21919496357440948,0.35612696409225464,0.2588156759738922
170,port795_raw__import,525,2020-06-09T00:00:00.000000,20759280.0,4551.78662109375,0.32853057980537415,0.5726162195205688,0.4942537248134613
171,port795_raw__export,525,2020-06-09T00:00:00.000000,160563488.0,11068.970703125,3.7988972663879395,1.7025998830795288,1.9026141166687012
172,port805_raw__import,525,2020-06-09T00:00:00.000000,350614976.0,18136.904296875,0.41161078214645386,0.6214287281036377,0.5323257446289062
173,port805_raw__export,525,2020-06-09T00:00:00.000000,321440512.0,17859.5234375,1.5595207214355469,1.2439849376678467,0.9010107517242432
174,port811_raw__import,525,2020-06-09T00:00:00.000000,326995648.0,17971.150390625,0.39011478424072266,0.6207276582717896,0.5192102193832397
175,port811_raw__export,525,2020-06-09T00:00:00.000000,69953568.0,8363.30859375,0.34367987513542175,0.5862059593200684,0.5370212197303772
176,port815_raw__import,525,2020-06-09T00:00:00.000000,1676962944.0,38670.8515625,0.9855995178222656,0.9375021457672119,0.6750549674034119
177,port815_raw__export,525,2020-06-09T00:00:00.000000,1092793216.0,30728.25390625,2.4817192554473877,1.4643511772155762,1.097887635231018
178,port826_raw__import,525,2020-06-09T00:00:00.000000,39930384.0,6319.04931640625,0.7096371650695801,0.8423996567726135,0.6192261576652527
179,port826_raw__export,525,2020-06-09T00:00:00.000000,10959092.0,2880.4443359375,0.01811354048550129,0.11710456758737564,0.0808720588684082
180,port839_raw__import,525,2020-06-09T00:00:00.000000,8464002.0,2756.50830078125,0.23648281395435333,0.46075624227523804,0.40271270275115967
181,port839_raw__export,525,2020-06-09T00:00:00.000000,466851232.0,16214.71484375,2.2030982971191406,1.113876461982727,0.7599175572395325
182,port845_raw__import,525,2020-06-09T00:00:00.000000,492060352.0,22181.36328125,0.40068739652633667,0.6329681873321533,0.6073139905929565
183,port845_raw__export,525,2020-06-09T00:00:00.000000,25469244.0,4575.00048828125,0.05437582731246948,0.21139077842235565,0.1799641251564026
184,port862_raw__import,525,2020-06-09T00:00:00.000000,252221328.0,13999.310546875,2.065653085708618,1.2669062614440918,1.2490609884262085
185,port862_raw__export,525,2020-06-09T00:00:00.000000,7664731.5,2669.98779296875,0.3699437379837036,0.586581826210022,0.5458743572235107
186,port908_raw__import,525,2020-06-09T00:00:00.000000,212657024.0,11154.7763671875,0.5220385789871216,0.5526781678199768,0.4822652041912079
187,port908_raw__export,525,2020-06-09T00:00:00.000000,138124016.0,8927.359375,0.9159567952156067,0.7269858121871948,0.6965565085411072
188,port915_raw__import,525,2020-06-09T00:00:00.000000,3638352896.0,60318.7109375,1.358971118927002,1.1657482385635376,1.0291316509246826
189,port915_raw__export,525,2020-06-09T00:00:00.000000,4802025.0,1774.5712890625,0.09962493926286697,0.2556025981903076,0.26888349652290344
190,port917_raw__import,525,2020-06-09T00:00:00.000000,3749574.75,1927.3365478515625,0.2728019952774048,0.5198646783828735,0.4772546589374542
191,port917_raw__export,525,2020-06-09T00:00:00.000000,175545792.0,13163.318359375,0.9881372451782227,0.9875948429107666,0.709709107875824
192,port958_raw__import,525,2020-06-09T00:00:00.000000,32279858.0,5517.587890625,1.0044364929199219,0.9732955098152161,0.8366500735282898
193,port958_raw__export,525,2020-06-09T00:00:00.000000,44410356.0,5418.75439453125,8.816889762878418,2.4144322872161865,1.8143783807754517
194,port959_raw__import,525,2020-06-09T00:00:00.000000,3364727040.0,45795.96875,9.571693420410156,2.442568302154541,2.4718596935272217
195,port959_raw__export,525,2020-06-09T00:00:00.000000,814018048.0,27820.478515625,1.7065038681030273,1.273800015449524,0.8535925149917603
196,port985_raw__import,525,2020-06-09T00:00:00.000000,262540208.0,15397.232421875,0.3555338382720947,0.5666112899780273,0.5557264089584351
197,port985_raw__export,525,2020-06-09T00:00:00.000000,4357249.5,2061.65869140625,0.019597597420215607,0.13826490938663483,0.10929033160209656
0,port1016_raw__import,1037,2021-11-03T00:00:00.000000,13614366.0,3599.4658203125,0.6765071153640747,0.8023715019226074,0.825863242149353
1,port1016_raw__export,1037,2021-11-03T00:00:00.000000,7187413.0,2279.49365234375,0.2776252329349518,0.4480036199092865,0.47903481125831604
2,port1035_raw__import,1037,2021-11-03T00:00:00.000000,134868384.0,11374.767578125,0.8507659435272217,0.9034258127212524,0.7249082326889038
3,port1035_raw__export,1037,2021-11-03T00:00:00.000000,32814196.0,5527.65869140625,0.8263863325119019,0.8772066831588745,0.8200682997703552
4,port1057_raw__import,1037,2021-11-03T00:00:00.000000,96360152.0,8953.70703125,0.8123553395271301,0.8221047520637512,0.6056442856788635
5,port1057_raw__export,1037,2021-11-03T00:00:00.000000,5346570.0,1719.6722412109375,0.4700513184070587,0.5098949074745178,0.3201048672199249
6,port1065_raw__import,1037,2021-11-03T00:00:00.000000,86660776.0,7063.384765625,0.05969376489520073,0.18538135290145874,0.15975189208984375
7,port1065_raw__export,1037,2021-11-03T00:00:00.000000,119118000.0,10231.125,0.08571029454469681,0.2744424045085907,0.2526528835296631
8,port1070_raw__import,1037,2021-11-03T00:00:00.000000,4202702592.0,48416.89453125,0.490547776222229,0.5230861902236938,0.3710595667362213
9,port1070_raw__export,1037,2021-11-03T00:00:00.000000,209584672.0,14170.626953125,0.35695528984069824,0.5848119258880615,0.75883948802948
10,port1071_raw__import,1037,2021-11-03T00:00:00.000000,2301246464.0,45426.40625,1.6758501529693604,1.22586989402771,0.9409101009368896
11,port1071_raw__export,1037,2021-11-03T00:00:00.000000,3028899072.0,39399.484375,12.66610336303711,2.547825336456299,2.4120969772338867
12,port1073_raw__import,1037,2021-11-03T00:00:00.000000,1046885696.0,26614.904296875,1.1632252931594849,0.887170672416687,0.7201498746871948
13,port1073_raw__export,1037,2021-11-03T00:00:00.000000,5431696.0,2313.68310546875,0.14759241044521332,0.38138899207115173,0.4330173134803772
14,port1086_raw__import,1037,2021-11-03T00:00:00.000000,113274736.0,9085.1708984375,2.0377018451690674,1.218531847000122,1.005102515220642
15,port1086_raw__export,1037,2021-11-03T00:00:00.000000,29646.541015625,163.492431640625,0.0002712169662117958,0.015637563541531563,0.017239835113286972
16,port1112_raw__import,1037,2021-11-03T00:00:00.000000,411350.625,488.62847900390625,2.806234836578369,1.2762469053268433,0.9892634749412537
17,port1112_raw__export,1037,2021-11-03T00:00:00.000000,22831606.0,4775.39306640625,1.1437610387802124,1.0688297748565674,1.3122388124465942
18,port1128_raw__import,1037,2021-11-03T00:00:00.000000,975595136.0,25816.880859375,3.164931297302246,1.4704527854919434,1.3092849254608154
19,port1128_raw__export,1037,2021-11-03T00:00:00.000000,4013641.5,2001.4443359375,1.1205554008483887,1.057525634765625,0.8887382745742798
20,port1135_raw__import,1037,2021-11-03T00:00:00.000000,858785.125,896.8563842773438,0.6793531179428101,0.7976795434951782,0.7395036816596985
21,port1135_raw__export,1037,2021-11-03T00:00:00.000000,2210175.5,1415.0439453125,0.17641383409500122,0.3997816741466522,0.4524760842323303
22,port1160_raw__import,1037,2021-11-03T00:00:00.000000,1304478848.0,27567.96484375,7.168422698974609,2.043609857559204,2.864837169647217
23,port1160_raw__export,1037,2021-11-03T00:00:00.000000,3337871360.0,56098.10546875,1.4574180841445923,1.1722100973129272,0.9143388271331787
24,port1189_raw__import,1037,2021-11-03T00:00:00.000000,226893472.0,13340.7607421875,0.7593690156936646,0.7717844247817993,0.8800358772277832
25,port1189_raw__export,1037,2021-11-03T00:00:00.000000,260833632.0,16087.001953125,0.507418692111969,0.7095394134521484,0.5714575052261353
26,port1197_raw__import,1037,2021-11-03T00:00:00.000000,190972672.0,12571.2529296875,0.7462424039840698,0.7858378291130066,0.6735601425170898
27,port1197_raw__export,1037,2021-11-03T00:00:00.000000,1579543680.0,39601.515625,2.660822868347168,1.625376582145691,1.7731444835662842
28,port1201_raw__import,1037,2021-11-03T00:00:00.000000,8985926656.0,77134.015625,0.7453425526618958,0.7024937868118286,0.6916602253913879
29,port1201_raw__export,1037,2021-11-03T00:00:00.000000,334120064.0,17122.0,0.1357245147228241,0.34509000182151794,0.3177814185619354
30,port1248_raw__import,1037,2021-11-03T00:00:00.000000,2716334.25,1261.89306640625,0.06874430924654007,0.20074710249900818,0.21266549825668335
31,port1248_raw__export,1037,2021-11-03T00:00:00.000000,138908224.0,11545.7685546875,0.308214396238327,0.543857753276825,0.6520015597343445
32,port1266_raw__import,1037,2021-11-03T00:00:00.000000,2443591168.0,47920.546875,0.3048112988471985,0.535208523273468,0.42545509338378906
33,port1266_raw__export,1037,2021-11-03T00:00:00.000000,429525664.0,20482.0078125,0.5233551859855652,0.7149509191513062,0.4641551673412323
34,port1269_raw__import,1037,2021-11-03T00:00:00.000000,217718848.0,13772.552734375,0.25470930337905884,0.4710736870765686,0.5126834511756897
35,port1269_raw__export,1037,2021-11-03T00:00:00.000000,334196224.0,18239.978515625,0.8880132436752319,0.9402282238006592,0.6407203674316406
36,port1284_raw__import,1037,2021-11-03T00:00:00.000000,178096048.0,10591.4755859375,0.4228804111480713,0.516105055809021,0.3997877836227417
37,port1284_raw__export,1037,2021-11-03T00:00:00.000000,107331344.0,7543.06982421875,0.5741040110588074,0.5516709685325623,0.4865000247955322
38,port1304_raw__import,1037,2021-11-03T00:00:00.000000,241479424.0,15539.595703125,0.4963770806789398,0.7045397758483887,0.5456774830818176
39,port1304_raw__export,1037,2021-11-03T00:00:00.000000,111268216.0,7813.466796875,5.418630123138428,1.7242608070373535,1.6077797412872314
40,port1309_raw__import,1037,2021-11-03T00:00:00.000000,209236224.0,14205.0166015625,0.8259280323982239,0.8924716114997864,0.5754640698432922
41,port1309_raw__export,1037,2021-11-03T00:00:00.000000,464394912.0,20723.48828125,1.1415302753448486,1.0274550914764404,0.8860387206077576
42,port1318_raw__import,1037,2021-11-03T00:00:00.000000,3701328896.0,60498.609375,1.9690563678741455,1.3953900337219238,1.1373028755187988
43,port1318_raw__export,1037,2021-11-03T00:00:00.000000,8713774.0,2927.390380859375,0.3030445873737335,0.5459222197532654,0.6066783666610718
44,port132_raw__import,1037,2021-11-03T00:00:00.000000,30048536.0,5029.19970703125,0.5739613771438599,0.6950700283050537,0.59066241979599
45,port132_raw__export,1037,2021-11-03T00:00:00.000000,208573.59375,323.1339111328125,0.23337258398532867,0.34180450439453125,0.29976552724838257
46,port1330_raw__import,1037,2021-11-03T00:00:00.000000,286545.03125,535.2990112304688,1.0098390579223633,1.004907488822937,0.7048948407173157
47,port1330_raw__export,1037,2021-11-03T00:00:00.000000,610978.4375,752.6956176757812,0.6583551168441772,0.7813336849212646,0.673453688621521
48,port1358_raw__import,1037,2021-11-03T00:00:00.000000,887229760.0,29319.78125,0.911865234375,0.9399570226669312,0.8886147737503052
49,port1358_raw__export,1037,2021-11-03T00:00:00.000000,23164880.0,4566.92138671875,0.7034639120101929,0.795846700668335,0.611390233039856
50,port139_raw__import,1037,2021-11-03T00:00:00.000000,12073329.0,3474.669677734375,0.44443008303642273,0.6666558980941772,0.6714757084846497
51,port139_raw__export,1037,2021-11-03T00:00:00.000000,234489664.0,11680.1171875,36.541908264160156,4.610849380493164,4.348360061645508
52,port1410_raw__import,1037,2021-11-03T00:00:00.000000,612848192.0,23361.05078125,0.41503041982650757,0.6079332232475281,0.6539391875267029
53,port1410_raw__export,1037,2021-11-03T00:00:00.000000,303101344.0,13364.8310546875,0.1798950433731079,0.32559606432914734,0.2664133608341217
54,port1414_raw__import,1037,2021-11-03T00:00:00.000000,74958216.0,8575.427734375,0.19725936651229858,0.4399111568927765,0.47953277826309204
55,port1414_raw__export,1037,2021-11-03T00:00:00.000000,272444864.0,15637.859375,0.31295281648635864,0.5300018787384033,0.38782739639282227
56,port1425_raw__import,1037,2021-11-03T00:00:00.000000,2055426048.0,45260.3203125,2.4200806617736816,1.5530363321304321,1.3001298904418945
57,port1425_raw__export,1037,2021-11-03T00:00:00.000000,8644434.0,2939.139892578125,0.210796058177948,0.458968847990036,0.37290340662002563
58,port1426_raw__import,1037,2021-11-03T00:00:00.000000,18362662912.0,131461.171875,2.4395482540130615,1.5152502059936523,1.10203218460083
59,port1426_raw__export,1037,2021-11-03T00:00:00.000000,271257280.0,16388.61328125,0.35333025455474854,0.5914825201034546,0.5425010919570923
60,port168_raw__import,1037,2021-11-03T00:00:00.000000,1257475840.0,28265.75390625,5.701164722442627,1.9032354354858398,1.51304030418396
61,port168_raw__export,1037,2021-11-03T00:00:00.000000,42166976.0,4654.5078125,0.1967821717262268,0.3179657757282257,0.2566188871860504
62,port193_raw__import,1037,2021-11-03T00:00:00.000000,11067734.0,3012.07080078125,1.0760031938552856,0.9391664266586304,0.7507398128509521
63,port193_raw__export,1037,2021-11-03T00:00:00.000000,54783968.0,7366.45947265625,0.8111667633056641,0.8963696956634521,0.8378127217292786
64,port2017_raw__import,1037,2021-11-03T00:00:00.000000,5737473.0,2264.565185546875,3.99155855178833,1.8888425827026367,1.4506033658981323
65,port2017_raw__export,1037,2021-11-03T00:00:00.000000,108533.25,293.88787841796875,0.04068987816572189,0.17994652688503265,0.13920998573303223
66,port2025_raw__import,1037,2021-11-03T00:00:00.000000,123500800.0,10056.3466796875,0.41242048144340515,0.5811328887939453,0.4456290602684021
67,port2025_raw__export,1037,2021-11-03T00:00:00.000000,328300448.0,13932.5654296875,0.8200980424880981,0.6963510513305664,0.5578426122665405
68,port2027_raw__import,1037,2021-11-03T00:00:00.000000,556974080.0,23555.4375,0.35636448860168457,0.5958279967308044,0.4575611650943756
69,port2027_raw__export,1037,2021-11-03T00:00:00.000000,880217216.0,27979.484375,0.35864493250846863,0.564777135848999,0.3914215862751007
70,port2031_raw__import,1037,2021-11-03T00:00:00.000000,847137024.0,29048.90625,4.212490081787109,2.048435926437378,1.936232566833496
71,port2031_raw__export,1037,2021-11-03T00:00:00.000000,1357195.625,1001.833984375,0.009042170830070972,0.08177317678928375,0.08043161779642105
72,port2039_raw__import,1037,2021-11-03T00:00:00.000000,6223464960.0,65208.2578125,8.257875442504883,2.375311851501465,2.056586742401123
73,port2039_raw__export,1037,2021-11-03T00:00:00.000000,6064682.0,2462.657470703125,0.3449150025844574,0.5872946381568909,0.613060712814331
74,port2044_raw__import,1037,2021-11-03T00:00:00.000000,1709234560.0,40616.046875,1.0276433229446411,0.9959052801132202,0.7762528657913208
75,port2044_raw__export,1037,2021-11-03T00:00:00.000000,71664432.0,8455.376953125,0.9399687051773071,0.9683622121810913,0.8426030874252319
76,port2189_raw__import,1037,2021-11-03T00:00:00.000000,170904608.0,10857.1298828125,0.9453567266464233,0.8074878454208374,0.6152905225753784
77,port2189_raw__export,1037,2021-11-03T00:00:00.000000,341221536.0,18458.0859375,2.9064230918884277,1.7035224437713623,1.409041404724121
78,port22_raw__import,1037,2021-11-03T00:00:00.000000,110678672.0,10500.3115234375,0.8124710917472839,0.8996511697769165,0.7876242399215698
79,port22_raw__export,1037,2021-11-03T00:00:00.000000,148112544.0,11737.755859375,1.4012765884399414,1.141697645187378,0.9712307453155518
80,port254_raw__import,1037,2021-11-03T00:00:00.000000,797408768.0,26078.345703125,1.315371036529541,1.059165120124817,1.1407374143600464
81,port254_raw__export,1037,2021-11-03T00:00:00.000000,174367456.0,10047.919921875,0.47816193103790283,0.526175856590271,0.4940086603164673
82,port270_raw__import,1037,2021-11-03T00:00:00.000000,4377033728.0,58487.9296875,2.19566011428833,1.3099626302719116,1.2851719856262207
83,port270_raw__export,1037,2021-11-03T00:00:00.000000,72477584.0,8495.0556640625,0.2424165904521942,0.4912986159324646,0.34078627824783325
84,port281_raw__import,1037,2021-11-03T00:00:00.000000,49820224.0,6835.873046875,0.7994636297225952,0.8659453392028809,0.8740277886390686
85,port281_raw__export,1037,2021-11-03T00:00:00.000000,39557152.0,6273.3056640625,0.4488939642906189,0.6682758927345276,0.6470491886138916
86,port307_raw__import,1037,2021-11-03T00:00:00.000000,9008327.0,2769.822998046875,0.34735801815986633,0.543899416923523,0.4517899751663208
87,port307_raw__export,1037,2021-11-03T00:00:00.000000,14928633.0,3272.279541015625,13.922935485839844,3.1601362228393555,2.390047311782837
88,port310_raw__import,1037,2021-11-03T00:00:00.000000,189240720.0,13468.04296875,0.35775890946388245,0.5855883359909058,0.5304117798805237
89,port310_raw__export,1037,2021-11-03T00:00:00.000000,70600616.0,7535.115234375,1.0095329284667969,0.9010437726974487,1.0399603843688965
90,port317_raw__import,1037,2021-11-03T00:00:00.000000,378426272.0,15418.568359375,2.687523603439331,1.2993602752685547,1.1673518419265747
91,port317_raw__export,1037,2021-11-03T00:00:00.000000,11332756.0,2938.0126953125,0.24318082630634308,0.4303784966468811,0.5998401045799255
92,port342_raw__import,1037,2021-11-03T00:00:00.000000,814714944.0,27297.69921875,1.771132230758667,1.272766351699829,1.11615788936615
93,port342_raw__export,1037,2021-11-03T00:00:00.000000,42943444.0,6552.5380859375,0.4420572519302368,0.6648143529891968,0.6601853370666504
94,port358_raw__import,1037,2021-11-03T00:00:00.000000,14150833.0,3761.75927734375,0.34598228335380554,0.5882025957107544,0.7772194743156433
95,port358_raw__export,1037,2021-11-03T00:00:00.000000,243038688.0,15220.548828125,0.4373098611831665,0.6456352472305298,0.4864932894706726
96,port361_raw__import,1037,2021-11-03T00:00:00.000000,121055152.0,10924.2333984375,0.5197669267654419,0.7158197164535522,0.5740389823913574
97,port361_raw__export,1037,2021-11-03T00:00:00.000000,192898992.0,13300.9453125,0.7759382724761963,0.8435894250869751,0.7557525634765625
98,port362_raw__import,1037,2021-11-03T00:00:00.000000,97001736.0,8413.6591796875,0.052326325327157974,0.19541382789611816,0.2119160145521164
99,port362_raw__export,1037,2021-11-03T00:00:00.000000,755851328.0,27428.4609375,0.48981910943984985,0.6982342004776001,0.6611194610595703
100,port364_raw__import,1037,2021-11-03T00:00:00.000000,5126433280.0,62837.15625,4.913312911987305,1.9453425407409668,1.9211918115615845
101,port364_raw__export,1037,2021-11-03T00:00:00.000000,232471392.0,12736.291015625,1.6780093908309937,1.0820701122283936,0.8280249834060669
102,port380_raw__import,1037,2021-11-03T00:00:00.000000,2845362432.0,38704.046875,2.922126531600952,1.240329623222351,1.0351054668426514
103,port380_raw__export,1037,2021-11-03T00:00:00.000000,63028088.0,6976.46337890625,0.16825276613235474,0.36045360565185547,0.4156745970249176
104,port425_raw__import,1037,2021-11-03T00:00:00.000000,1870554752.0,32900.09765625,2.3140289783477783,1.157167911529541,0.8559024333953857
105,port425_raw__export,1037,2021-11-03T00:00:00.000000,290502080.0,16912.353515625,0.6500235795974731,0.8000073432922363,0.8476593494415283
106,port426_raw__import,1037,2021-11-03T00:00:00.000000,116140192.0,10760.923828125,1.5238659381866455,1.2326269149780273,1.488612174987793
107,port426_raw__export,1037,2021-11-03T00:00:00.000000,35602232.0,5959.6787109375,0.384528785943985,0.6193678379058838,0.5493776798248291
108,port434_raw__import,1037,2021-11-03T00:00:00.000000,249295504.0,14468.232421875,2.7635245323181152,1.523315668106079,1.2522517442703247
109,port434_raw__export,1037,2021-11-03T00:00:00.000000,430989.65625,539.133544921875,0.041386548429727554,0.1670677214860916,0.16443829238414764
110,port435_raw__import,1037,2021-11-03T00:00:00.000000,233580448.0,14914.19140625,0.971772313117981,0.9619748592376709,0.633385181427002
111,port435_raw__export,1037,2021-11-03T00:00:00.000000,18464152.0,3727.62939453125,0.7375837564468384,0.7450299263000488,0.7002539038658142
112,port439_raw__import,1037,2021-11-03T00:00:00.000000,22707528.0,4518.6201171875,1.394216537475586,1.119659662246704,0.7974785566329956
113,port439_raw__export,1037,2021-11-03T00:00:00.000000,4032809.0,1775.1932373046875,2.1379284858703613,1.2925233840942383,0.8734439611434937
114,port443_raw__import,1037,2021-11-03T00:00:00.000000,29538248.0,4745.95654296875,0.31052085757255554,0.4866051971912384,0.4985164701938629
115,port443_raw__export,1037,2021-11-03T00:00:00.000000,18954876.0,4349.7255859375,0.3541880249977112,0.5945909023284912,0.6170588731765747
116,port446_raw__import,1037,2021-11-03T00:00:00.000000,11197947904.0,81515.8125,13.498412132263184,2.830179452896118,2.6605355739593506
117,port446_raw__export,1037,2021-11-03T00:00:00.000000,362422080.0,18861.734375,1.9692084789276123,1.3903372287750244,1.2360477447509766
118,port484_raw__import,1037,2021-11-03T00:00:00.000000,3550099.5,1884.14453125,0.17739711701869965,0.42117953300476074,0.7634317874908447
119,port484_raw__export,1037,2021-11-03T00:00:00.000000,15545697.0,2938.86376953125,0.37352120876312256,0.4555457532405853,0.37325599789619446
120,port503_raw__import,1037,2021-11-03T00:00:00.000000,52489716.0,7244.76318359375,1.2343252897262573,1.110968828201294,1.1773614883422852
121,port503_raw__export,1037,2021-11-03T00:00:00.000000,17075544.0,4049.487060546875,0.17455711960792542,0.4094317555427551,0.4444696307182312
122,port514_raw__import,1037,2021-11-03T00:00:00.000000,1566912640.0,31226.564453125,3.1212072372436523,1.393680214881897,1.2363899946212769
123,port514_raw__export,1037,2021-11-03T00:00:00.000000,38392160.0,5845.3251953125,0.3156614601612091,0.5300272703170776,0.46030136942863464
124,port540_raw__import,1037,2021-11-03T00:00:00.000000,810343104.0,24012.39453125,1.2328894138336182,0.936619222164154,0.6866188049316406
125,port540_raw__export,1037,2021-11-03T00:00:00.000000,165344752.0,12353.9169921875,0.7819483280181885,0.8495687246322632,0.6533761024475098
126,port541_raw__import,1037,2021-11-03T00:00:00.000000,8426380288.0,91779.734375,4.702463626861572,2.1681482791900635,1.4838955402374268
127,port541_raw__export,1037,2021-11-03T00:00:00.000000,628045504.0,23367.4375,0.7702031135559082,0.8183106184005737,0.5211477279663086
128,port543_raw__import,1037,2021-11-03T00:00:00.000000,352583552.0,15044.15625,0.45589861273765564,0.5409672260284424,0.46358156204223633
129,port543_raw__export,1037,2021-11-03T00:00:00.000000,319936768.0,16682.4921875,2.1245474815368652,1.3594462871551514,1.303379774093628
130,port555_raw__import,1037,2021-11-03T00:00:00.000000,187636.03125,324.4755859375,0.0003877943381667137,0.014751107431948185,0.010039294138550758
131,port555_raw__export,1037,2021-11-03T00:00:00.000000,25584378.0,4906.990234375,0.740317702293396,0.8347123861312866,0.7703350782394409
132,port570_raw__import,1037,2021-11-03T00:00:00.000000,33051012.0,5469.623046875,0.008406509645283222,0.08723140507936478,0.08286293596029282
133,port570_raw__export,1037,2021-11-03T00:00:00.000000,3982453504.0,59686.0703125,1.0477285385131836,0.9681038856506348,0.8903121948242188
134,port592_raw__import,1037,2021-11-03T00:00:00.000000,223288560.0,14313.16015625,2.517348051071167,1.5197563171386719,1.17522132396698
135,port592_raw__export,1037,2021-11-03T00:00:00.000000,29881068.0,5126.5771484375,1.7976341247558594,1.257419228553772,0.9570672512054443
136,port601_raw__import,1037,2021-11-03T00:00:00.000000,9789139.0,2495.37451171875,13.147662162780762,2.891929864883423,3.0519261360168457
137,port601_raw__export,1037,2021-11-03T00:00:00.000000,514772.8125,617.1019287109375,0.16148822009563446,0.3456364572048187,0.3415599465370178
138,port62_raw__import,1037,2021-11-03T00:00:00.000000,66411972.0,8148.81787109375,0.48449188470840454,0.6960086822509766,0.7331653833389282
139,port62_raw__export,1037,2021-11-03T00:00:00.000000,3349010.25,1725.9459228515625,0.39469489455223083,0.5925154685974121,0.4281492829322815
140,port644_raw__import,1037,2021-11-03T00:00:00.000000,2577562880.0,38904.26171875,0.2499862164258957,0.3831338882446289,0.40143582224845886
141,port644_raw__export,1037,2021-11-03T00:00:00.000000,227192128.0,11964.556640625,0.4454081952571869,0.5297598838806152,0.5104241371154785
142,port649_raw__import,1037,2021-11-03T00:00:00.000000,3053550.25,1502.937744140625,0.09625692665576935,0.26684218645095825,0.3889603912830353
143,port649_raw__export,1037,2021-11-03T00:00:00.000000,7295026.5,2700.9306640625,0.6793676018714905,0.824237585067749,0.7765713334083557
144,port657_raw__import,1037,2021-11-03T00:00:00.000000,97585616.0,9547.9755859375,0.7236541509628296,0.8222122192382812,0.7506926655769348
145,port657_raw__export,1037,2021-11-03T00:00:00.000000,132194240.0,9015.7900390625,1.6290913820266724,1.0008528232574463,1.0744279623031616
146,port667_raw__import,1037,2021-11-03T00:00:00.000000,21633416.0,4301.21533203125,8.240728378295898,2.6546754837036133,2.2959237098693848
147,port667_raw__export,1037,2021-11-03T00:00:00.000000,6633821.5,2308.8701171875,6.543537616729736,2.293104887008667,2.943772077560425
148,port672_raw__import,1037,2021-11-03T00:00:00.000000,104335464.0,8049.0244140625,0.23047742247581482,0.37830445170402527,0.28885510563850403
149,port672_raw__export,1037,2021-11-03T00:00:00.000000,2216632064.0,37024.2578125,10.807401657104492,2.585236072540283,3.8501389026641846
150,port67_raw__import,1037,2021-11-03T00:00:00.000000,63324440.0,7956.84423828125,0.4582563042640686,0.676876425743103,0.6359227895736694
151,port67_raw__export,1037,2021-11-03T00:00:00.000000,4810786.0,2129.34423828125,0.10186856985092163,0.3098546266555786,0.24856030941009521
152,port681_raw__import,1037,2021-11-03T00:00:00.000000,4938941952.0,59888.578125,0.963779628276825,0.8365962505340576,0.5611047744750977
153,port681_raw__export,1037,2021-11-03T00:00:00.000000,1627925504.0,35120.87890625,5.7187724113464355,2.081610679626465,1.5692434310913086
154,port738_raw__import,1037,2021-11-03T00:00:00.000000,7650268.0,2430.180908203125,0.19144168496131897,0.3844311237335205,0.46930068731307983
155,port738_raw__export,1037,2021-11-03T00:00:00.000000,31265240.0,5484.98291015625,1.367546558380127,1.1471374034881592,0.9472243785858154
156,port73_raw__import,1037,2021-11-03T00:00:00.000000,39106692.0,4672.6328125,0.1703498810529709,0.30839478969573975,0.22760984301567078
157,port73_raw__export,1037,2021-11-03T00:00:00.000000,41184960.0,6399.8857421875,0.44422245025634766,0.6646655201911926,0.6489399671554565
158,port744_raw__import,1037,2021-11-03T00:00:00.000000,199095088.0,13085.78515625,0.10173466801643372,0.295803964138031,0.2729845941066742
159,port744_raw__export,1037,2021-11-03T00:00:00.000000,431391744.0,20201.224609375,0.825056254863739,0.8834532499313354,0.5880928039550781
160,port766_raw__import,1037,2021-11-03T00:00:00.000000,44600944.0,6473.2802734375,0.4350132346153259,0.6392984390258789,0.521761417388916
161,port766_raw__export,1037,2021-11-03T00:00:00.000000,50355768.0,7007.59912109375,1.229286551475525,1.0948917865753174,1.0202231407165527
162,port775_raw__import,1037,2021-11-03T00:00:00.000000,325899616.0,17830.36328125,0.42219942808151245,0.6417665481567383,0.7408959865570068
163,port775_raw__export,1037,2021-11-03T00:00:00.000000,97008864.0,9232.185546875,0.5823112726211548,0.7152805328369141,0.664301872253418
164,port776_raw__import,1037,2021-11-03T00:00:00.000000,518905728.0,22607.400390625,0.4126043915748596,0.637489914894104,0.5537375211715698
165,port776_raw__export,1037,2021-11-03T00:00:00.000000,406047360.0,19660.841796875,0.853581428527832,0.90143883228302,0.6778757572174072
166,port781_raw__import,1037,2021-11-03T00:00:00.000000,6072447.5,2338.9228515625,0.34480226039886475,0.557338535785675,0.5846245288848877
167,port781_raw__export,1037,2021-11-03T00:00:00.000000,933948.3125,874.146728515625,0.0034363002050668,0.05302350968122482,0.07009529322385788
168,port787_raw__import,1037,2021-11-03T00:00:00.000000,716812.875,843.3204345703125,0.20904354751110077,0.45541584491729736,0.6009235978126526
169,port787_raw__export,1037,2021-11-03T00:00:00.000000,392850400.0,15070.423828125,3.0436432361602783,1.3265044689178467,1.3377915620803833
170,port795_raw__import,1037,2021-11-03T00:00:00.000000,350521696.0,15385.0302734375,14.860447883605957,3.1677932739257812,2.347905158996582
171,port795_raw__export,1037,2021-11-03T00:00:00.000000,1333850.75,1154.888427734375,0.03384626656770706,0.18396779894828796,0.18218934535980225
172,port805_raw__import,1037,2021-11-03T00:00:00.000000,1561108480.0,35337.00390625,1.6860530376434326,1.1613116264343262,0.7741785645484924
173,port805_raw__export,1037,2021-11-03T00:00:00.000000,130338720.0,11324.5703125,0.39494311809539795,0.6233791708946228,0.3951711058616638
174,port811_raw__import,1037,2021-11-03T00:00:00.000000,177550576.0,12802.0849609375,0.3470968008041382,0.5660372376441956,0.6124169826507568
175,port811_raw__export,1037,2021-11-03T00:00:00.000000,413117824.0,19179.654296875,1.4621856212615967,1.1410510540008545,1.3966310024261475
176,port815_raw__import,1037,2021-11-03T00:00:00.000000,102382936.0,10102.140625,0.04620042443275452,0.2145964801311493,0.1913406252861023
177,port815_raw__export,1037,2021-11-03T00:00:00.000000,512519616.0,21373.84765625,2.1535451412200928,1.3854933977127075,1.3099586963653564
178,port826_raw__import,1037,2021-11-03T00:00:00.000000,5934460.0,2099.59814453125,0.05569130927324295,0.20339453220367432,0.16553768515586853
179,port826_raw__export,1037,2021-11-03T00:00:00.000000,354618400.0,15274.4140625,0.25845274329185486,0.41235804557800293,0.2978687286376953
180,port839_raw__import,1037,2021-11-03T00:00:00.000000,5231354.0,2287.21533203125,0.28273704648017883,0.5317302346229553,0.5449553728103638
181,port839_raw__export,1037,2021-11-03T00:00:00.000000,326510176.0,17116.533203125,2.650515556335449,1.5421712398529053,1.2414571046829224
182,port845_raw__import,1037,2021-11-03T00:00:00.000000,256283920.0,12210.2001953125,0.32686465978622437,0.436059832572937,0.37625882029533386
183,port845_raw__export,1037,2021-11-03T00:00:00.000000,125912208.0,10736.337890625,0.19610771536827087,0.4237108528614044,0.40029993653297424
184,port862_raw__import,1037,2021-11-03T00:00:00.000000,24867756.0,4457.19384765625,0.6428788304328918,0.7166510820388794,1.0822784900665283
185,port862_raw__export,1037,2021-11-03T00:00:00.000000,4227547.5,2044.1234130859375,0.584519624710083,0.7600854635238647,0.584723174571991
186,port908_raw__import,1037,2021-11-03T00:00:00.000000,7735056.0,2014.7021484375,0.014562920667231083,0.08741850405931473,0.09935123473405838
187,port908_raw__export,1037,2021-11-03T00:00:00.000000,130507384.0,11309.2431640625,0.21468132734298706,0.4586835205554962,0.738481342792511
188,port915_raw__import,1037,2021-11-03T00:00:00.000000,2072784768.0,34361.140625,0.3841494917869568,0.46777889132499695,0.4314953088760376
189,port915_raw__export,1037,2021-11-03T00:00:00.000000,365739008.0,17126.595703125,5.483320236206055,2.0970425605773926,2.112649440765381
190,port917_raw__import,1037,2021-11-03T00:00:00.000000,18814578.0,4003.0986328125,0.9360275268554688,0.8928805589675903,1.1489659547805786
191,port917_raw__export,1037,2021-11-03T00:00:00.000000,85192736.0,7431.1162109375,0.5641167759895325,0.6046962738037109,0.40657496452331543
192,port958_raw__import,1037,2021-11-03T00:00:00.000000,11111842.0,3152.762451171875,0.6366317868232727,0.7546443939208984,0.5690404772758484
193,port958_raw__export,1037,2021-11-03T00:00:00.000000,1162545.5,1062.6031494140625,0.048084698617458344,0.2161073535680771,0.18134839832782745
194,port959_raw__import,1037,2021-11-03T00:00:00.000000,193394048.0,10722.7822265625,0.2407042682170868,0.37829259037971497,0.42115938663482666
195,port959_raw__export,1037,2021-11-03T00:00:00.000000,807747328.0,28415.537109375,1.4006612300872803,1.183272123336792,1.1334848403930664
196,port985_raw__import,1037,2021-11-03T00:00:00.000000,1002502336.0,25523.806640625,1.0389262437820435,0.8216655850410461,0.701977014541626
197,port985_raw__export,1037,2021-11-03T00:00:00.000000,234707072.0,11372.51953125,0.630511462688446,0.589440643787384,0.3244759142398834
0,port1016_raw__import,1549,2023-03-30T00:00:00.000000,202509504.0,11095.4931640625,4.912508487701416,1.7281266450881958,1.4500805139541626
1,port1016_raw__export,1549,2023-03-30T00:00:00.000000,28370944.0,4703.39453125,0.9314279556274414,0.8522149324417114,0.7827425003051758
2,port1035_raw__import,1549,2023-03-30T00:00:00.000000,147763616.0,11753.060546875,1.1136109828948975,1.020314335823059,1.182863712310791
3,port1035_raw__export,1549,2023-03-30T00:00:00.000000,16720936.0,4067.76513671875,0.45051339268684387,0.6676969528198242,0.5502220392227173
4,port1057_raw__import,1549,2023-03-30T00:00:00.000000,569914176.0,23253.345703125,3.8034095764160156,1.8996223211288452,1.9326790571212769
5,port1057_raw__export,1549,2023-03-30T00:00:00.000000,7424337.0,2621.78173828125,0.17179933190345764,0.3988213837146759,0.57892245054245
6,port1065_raw__import,1549,2023-03-30T00:00:00.000000,585083776.0,18521.1015625,0.23093068599700928,0.36795830726623535,0.28878819942474365
7,port1065_raw__export,1549,2023-03-30T00:00:00.000000,717148032.0,23774.02734375,0.950091540813446,0.8653286099433899,0.6204224824905396
8,port1070_raw__import,1549,2023-03-30T00:00:00.000000,37011415040.0,178941.65625,3.1237807273864746,1.6439321041107178,1.1120011806488037
9,port1070_raw__export,1549,2023-03-30T00:00:00.000000,869824000.0,29382.0859375,0.983767032623291,0.9881277084350586,0.9676769971847534
10,port1071_raw__import,1549,2023-03-30T00:00:00.000000,878045440.0,29626.48828125,0.474600613117218,0.6887884140014648,0.5599063038825989
11,port1071_raw__export,1549,2023-03-30T00:00:00.000000,187783616.0,10675.076171875,0.5998862385749817,0.603360116481781,0.5811178684234619
12,port1073_raw__import,1549,2023-03-30T00:00:00.000000,1674862848.0,40469.28125,1.6623412370681763,1.2749581336975098,1.2207101583480835
13,port1073_raw__export,1549,2023-03-30T00:00:00.000000,38816200.0,4923.82666015625,0.6873694658279419,0.6552263498306274,0.7443869113922119
14,port1086_raw__import,1549,2023-03-30T00:00:00.000000,165346816.0,12690.9189453125,1.7160974740982056,1.2929035425186157,0.9411343336105347
15,port1086_raw__export,1549,2023-03-30T00:00:00.000000,679678.6875,768.998046875,0.04857282713055611,0.2055748999118805,0.1873515546321869
16,port1112_raw__import,1549,2023-03-30T00:00:00.000000,12748.8798828125,99.77166748046875,0.4261406660079956,0.5768297910690308,0.5668796300888062
17,port1112_raw__export,1549,2023-03-30T00:00:00.000000,15026504.0,3856.1748046875,1.977621078491211,1.3989405632019043,1.2388150691986084
18,port1128_raw__import,1549,2023-03-30T00:00:00.000000,93464640.0,9286.3701171875,0.15363648533821106,0.37650394439697266,0.39539211988449097
19,port1128_raw__export,1549,2023-03-30T00:00:00.000000,1181783.125,1087.068603515625,0.2093447893857956,0.45752954483032227,0.4807438552379608
20,port1135_raw__import,1549,2023-03-30T00:00:00.000000,2592182.25,1242.6771240234375,0.19824004173278809,0.3436538577079773,0.3696805536746979
21,port1135_raw__export,1549,2023-03-30T00:00:00.000000,4947127.0,2101.067626953125,0.8019823431968689,0.8459523916244507,0.8239140510559082
22,port1160_raw__import,1549,2023-03-30T00:00:00.000000,258604160.0,13937.71484375,0.41681599617004395,0.559559166431427,0.4368809461593628
23,port1160_raw__export,1549,2023-03-30T00:00:00.000000,3744931072.0,43613.9453125,1.8218914270401,0.9619770050048828,0.6443843245506287
24,port1189_raw__import,1549,2023-03-30T00:00:00.000000,425867584.0,20623.857421875,0.8918160796165466,0.9437788724899292,0.9265515804290771
25,port1189_raw__export,1549,2023-03-30T00:00:00.000000,12112258.0,3284.927734375,0.03344614803791046,0.1726180911064148,0.1428031325340271
26,port1197_raw__import,1549,2023-03-30T00:00:00.000000,407919616.0,19989.7890625,0.9469773173332214,0.9631428718566895,0.7198306322097778
27,port1197_raw__export,1549,2023-03-30T00:00:00.000000,762472128.0,27557.603515625,0.8830674886703491,0.9378349781036377,0.8497835993766785
28,port1201_raw__import,1549,2023-03-30T00:00:00.000000,4182614784.0,64582.140625,0.22984860837459564,0.47875070571899414,0.3593462109565735
29,port1201_raw__export,1549,2023-03-30T00:00:00.000000,326619264.0,16351.78125,0.06741993874311447,0.2349299192428589,0.18002088367938995
30,port1248_raw__import,1549,2023-03-30T00:00:00.000000,47521920.0,6163.57666015625,2.1998300552368164,1.3261125087738037,1.3168343305587769
31,port1248_raw__export,1549,2023-03-30T00:00:00.000000,271842528.0,13547.6689453125,3.0704751014709473,1.439821481704712,1.8988287448883057
32,port1266_raw__import,1549,2023-03-30T00:00:00.000000,22037215232.0,132320.21875,3.343621015548706,1.6298829317092896,1.1846297979354858
33,port1266_raw__export,1549,2023-03-30T00:00:00.000000,2963403264.0,45487.453125,3.9082720279693604,1.6519184112548828,1.7695894241333008
34,port1269_raw__import,1549,2023-03-30T00:00:00.000000,1800100352.0,42317.7734375,0.8483334183692932,0.9186662435531616,1.2312207221984863
35,port1269_raw__export,1549,2023-03-30T00:00:00.000000,2120480512.0,42851.0390625,2.835749387741089,1.5670329332351685,1.2166041135787964
36,port1284_raw__import,1549,2023-03-30T00:00:00.000000,206458400.0,11741.220703125,2.4168357849121094,1.2703416347503662,0.8064616918563843
37,port1284_raw__export,1549,2023-03-30T00:00:00.000000,476988416.0,19975.470703125,3.8750109672546387,1.8004437685012817,1.879124402999878
38,port1304_raw__import,1549,2023-03-30T00:00:00.000000,93686000.0,6946.2392578125,0.33908402919769287,0.4178939163684845,0.32223883271217346
39,port1304_raw__export,1549,2023-03-30T00:00:00.000000,112482896.0,10440.1552734375,1.069815754890442,1.018165111541748,1.1066393852233887
40,port1309_raw__import,1549,2023-03-30T00:00:00.000000,281541.71875,517.12353515625,0.03002684935927391,0.16887983679771423,0.21291615068912506
41,port1309_raw__export,1549,2023-03-30T00:00:00.000000,12188489.0,3192.8408203125,0.4796189069747925,0.6333597898483276,0.8324953317642212
42,port1318_raw__import,1549,2023-03-30T00:00:00.000000,1017229952.0,28014.7890625,1.0674970149993896,0.9075303077697754,0.6532330513000488
43,port1318_raw__export,1549,2023-03-30T00:00:00.000000,71236496.0,7367.453125,1.9892584085464478,1.231152057647705,1.3358068466186523
44,port132_raw__import,1549,2023-03-30T00:00:00.000000,6399816.5,2425.8857421875,0.26943039894104004,0.49774837493896484,0.36668238043785095
45,port132_raw__export,1549,2023-03-30T00:00:00.000000,4487483.5,1996.866455078125,0.9891547560691833,0.9375182390213013,0.9009676575660706
46,port1330_raw__import,1549,2023-03-30T00:00:00.000000,153177.375,389.17376708984375,0.9782360792160034,0.983485758304596,0.7510383725166321
47,port1330_raw__export,1549,2023-03-30T00:00:00.000000,446845.25,665.46923828125,0.610356330871582,0.7777520418167114,0.8712143301963806
48,port1358_raw__import,1549,2023-03-30T00:00:00.000000,75169808.0,6725.5654296875,0.13696613907814026,0.2870871126651764,0.2266862392425537
49,port1358_raw__export,1549,2023-03-30T00:00:00.000000,37780044.0,6090.23974609375,0.9755443334579468,0.97864830493927,0.672880232334137
50,port139_raw__import,1549,2023-03-30T00:00:00.000000,50656916.0,5416.98876953125,2.4887781143188477,1.200692057609558,0.7625503540039062
51,port139_raw__export,1549,2023-03-30T00:00:00.000000,53622888.0,5921.4287109375,0.6302434206008911,0.6419564485549927,0.4333225190639496
52,port1410_raw__import,1549,2023-03-30T00:00:00.000000,617924608.0,23815.84765625,0.5425457954406738,0.7056940793991089,0.6564843058586121
53,port1410_raw__export,1549,2023-03-30T00:00:00.000000,44924192.0,6693.755859375,0.5725066661834717,0.7556488513946533,0.6812015771865845
54,port1414_raw__import,1549,2023-03-30T00:00:00.000000,613345280.0,24765.453125,1.4114742279052734,1.1880377531051636,1.1164019107818604
55,port1414_raw__export,1549,2023-03-30T00:00:00.000000,1689165824.0,36484.71875,1.3004485368728638,1.0123285055160522,0.7840995788574219
56,port1425_raw__import,1549,2023-03-30T00:00:00.000000,385484384.0,16340.3193359375,0.5673387050628662,0.6268712282180786,0.4617484211921692
57,port1425_raw__export,1549,2023-03-30T00:00:00.000000,55407404.0,5537.58203125,3.0702309608459473,1.303532361984253,1.539580225944519
58,port1426_raw__import,1549,2023-03-30T00:00:00.000000,57932750848.0,213270.625,6.174465656280518,2.2017531394958496,1.7655951976776123
59,port1426_raw__export,1549,2023-03-30T00:00:00.000000,577048320.0,20836.525390625,5.31974983215332,2.0006208419799805,1.7237709760665894
60,port168_raw__import,1549,2023-03-30T00:00:00.000000,359532288.0,14968.828125,1.284864902496338,0.8948445320129395,0.8302996158599854
61,port168_raw__export,1549,2023-03-30T00:00:00.000000,3462427136.0,44363.5234375,5.604026794433594,1.7847845554351807,2.270829439163208
62,port193_raw__import,1549,2023-03-30T00:00:00.000000,73005952.0,8172.18701171875,0.3222295939922333,0.5429275035858154,0.5584174394607544
63,port193_raw__export,1549,2023-03-30T00:00:00.000000,49845332.0,6818.400390625,0.2569144368171692,0.4895133078098297,0.4455322027206421
64,port2017_raw__import,1549,2023-03-30T00:00:00.000000,3627744.0,1904.052978515625,1.3986873626708984,1.1822819709777832,0.9062289595603943
65,port2017_raw__export,1549,2023-03-30T00:00:00.000000,2234038.0,1469.0986328125,0.829388439655304,0.8951270580291748,0.8555361032485962
66,port2025_raw__import,1549,2023-03-30T00:00:00.000000,98301256.0,7049.28515625,0.07935851812362671,0.20029141008853912,0.19148559868335724
67,port2025_raw__export,1549,2023-03-30T00:00:00.000000,454256192.0,21177.314453125,0.6559876203536987,0.8047634363174438,0.7265585660934448
68,port2027_raw__import,1549,2023-03-30T00:00:00.000000,1065317376.0,31235.81640625,1.032577633857727,0.9724667072296143,0.7919762134552002
69,port2027_raw__export,1549,2023-03-30T00:00:00.000000,1150895360.0,31575.5078125,0.27051347494125366,0.4840908646583557,0.33539706468582153
70,port2031_raw__import,1549,2023-03-30T00:00:00.000000,176892480.0,13207.427734375,0.3431894779205322,0.5817421674728394,0.6870942115783691
71,port2031_raw__export,1549,2023-03-30T00:00:00.000000,134946048.0,10214.2744140625,0.9059716463088989,0.8369215130805969,0.7561118006706238
72,port2039_raw__import,1549,2023-03-30T00:00:00.000000,1914978816.0,43385.41015625,2.8445401191711426,1.672121286392212,1.355885624885559
73,port2039_raw__export,1549,2023-03-30T00:00:00.000000,28729924.0,5360.0302734375,0.2776021957397461,0.5268796682357788,0.5592007040977478
74,port2044_raw__import,1549,2023-03-30T00:00:00.000000,172940784.0,10760.728515625,0.14451992511749268,0.3110690712928772,0.23673151433467865
75,port2044_raw__export,1549,2023-03-30T00:00:00.000000,312984576.0,17638.896484375,3.3639280796051025,1.8286614418029785,1.520808458328247
76,port2189_raw__import,1549,2023-03-30T00:00:00.000000,1593560448.0,39864.171875,0.5559710264205933,0.7446025609970093,0.6480453610420227
77,port2189_raw__export,1549,2023-03-30T00:00:00.000000,19133988864.0,111442.0390625,7.189947605133057,2.160275459289551,2.240386486053467
78,port22_raw__import,1549,2023-03-30T00:00:00.000000,176175120.0,11284.591796875,0.7003588080406189,0.7114983201026917,0.6992036700248718
79,port22_raw__export,1549,2023-03-30T00:00:00.000000,14971450.0,3348.973876953125,0.2701995074748993,0.4499063193798065,0.4109594225883484
80,port254_raw__import,1549,2023-03-30T00:00:00.000000,12646437.0,2629.1328125,0.0397612601518631,0.1474207043647766,0.17656883597373962
81,port254_raw__export,1549,2023-03-30T00:00:00.000000,105386160.0,8806.294921875,0.08417793363332748,0.24888604879379272,0.3278387784957886
82,port270_raw__import,1549,2023-03-30T00:00:00.000000,9303157760.0,92051.203125,3.66367769241333,1.8267240524291992,1.1501713991165161
83,port270_raw__export,1549,2023-03-30T00:00:00.000000,790354944.0,26551.109375,1.6281428337097168,1.2050855159759521,0.8898438215255737
84,port281_raw__import,1549,2023-03-30T00:00:00.000000,13522185.0,2916.06298828125,0.11336389929056168,0.266999751329422,0.25041836500167847
85,port281_raw__export,1549,2023-03-30T00:00:00.000000,6489030.0,2020.535888671875,0.06203440949320793,0.1975572556257248,0.2348853349685669
86,port307_raw__import,1549,2023-03-30T00:00:00.000000,26610020.0,4047.092529296875,1.3890773057937622,0.9246635437011719,0.6812368631362915
87,port307_raw__export,1549,2023-03-30T00:00:00.000000,3401312.5,1374.276123046875,0.49621084332466125,0.5249087810516357,0.6089196801185608
88,port310_raw__import,1549,2023-03-30T00:00:00.000000,761525440.0,27261.9765625,0.78839111328125,0.8771744966506958,0.7440614104270935
89,port310_raw__export,1549,2023-03-30T00:00:00.000000,61040588.0,7463.7060546875,0.7755817174911499,0.8413156270980835,0.7668207883834839
90,port317_raw__import,1549,2023-03-30T00:00:00.000000,94989576.0,8959.4140625,0.29151684045791626,0.49633336067199707,0.4167393445968628
91,port317_raw__export,1549,2023-03-30T00:00:00.000000,43867052.0,6294.3427734375,0.7696784734725952,0.8337500095367432,0.8399512767791748
92,port342_raw__import,1549,2023-03-30T00:00:00.000000,236628128.0,11937.4228515625,0.6781153082847595,0.6390416622161865,0.42910417914390564
93,port342_raw__export,1549,2023-03-30T00:00:00.000000,49865348.0,7057.5322265625,2.8142855167388916,1.6766310930252075,1.2306545972824097
94,port358_raw__import,1549,2023-03-30T00:00:00.000000,17898818.0,3998.498291015625,0.12458309531211853,0.3335909843444824,0.31638088822364807
95,port358_raw__export,1549,2023-03-30T00:00:00.000000,9490306.0,2942.8076171875,0.02433861792087555,0.14902862906455994,0.10533424466848373
96,port361_raw__import,1549,2023-03-30T00:00:00.000000,375345024.0,19222.3515625,1.3105636835098267,1.135848045349121,0.9935305118560791
97,port361_raw__export,1549,2023-03-30T00:00:00.000000,720347328.0,21986.06640625,1.4432806968688965,0.9841288328170776,0.9807589054107666
98,port362_raw__import,1549,2023-03-30T00:00:00.000000,195241440.0,13783.98828125,0.21069753170013428,0.45281273126602173,0.39205724000930786
99,port362_raw__export,1549,2023-03-30T00:00:00.000000,2521932288.0,50214.5234375,1.2103928327560425,1.100083827972412,1.1271512508392334
100,port364_raw__import,1549,2023-03-30T00:00:00.000000,9097711616.0,90282.6484375,6.361910343170166,2.387437343597412,1.701629638671875
101,port364_raw__export,1549,2023-03-30T00:00:00.000000,33745956.0,4923.46728515625,0.4480873942375183,0.5673375725746155,0.615120530128479
102,port380_raw__import,1549,2023-03-30T00:00:00.000000,1226928128.0,32654.337890625,0.5644530057907104,0.7003984451293945,0.6343171000480652
103,port380_raw__export,1549,2023-03-30T00:00:00.000000,71596848.0,7859.00927734375,0.1864696443080902,0.4010743796825409,0.37165772914886475
104,port425_raw__import,1549,2023-03-30T00:00:00.000000,539749376.0,22910.4375,0.22165846824645996,0.4642794728279114,0.3172144293785095
105,port425_raw__export,1549,2023-03-30T00:00:00.000000,6852264448.0,65699.3125,9.969064712524414,2.505941867828369,1.7838646173477173
106,port426_raw__import,1549,2023-03-30T00:00:00.000000,262046400.0,14432.177734375,5.662825584411621,2.121579647064209,2.065453052520752
107,port426_raw__export,1549,2023-03-30T00:00:00.000000,247030928.0,15639.658203125,0.731825590133667,0.8512465953826904,0.9120092391967773
108,port434_raw__import,1549,2023-03-30T00:00:00.000000,159487168.0,11735.3115234375,1.7875531911849976,1.2423994541168213,0.9931382536888123
109,port434_raw__export,1549,2023-03-30T00:00:00.000000,46223944.0,6209.20654296875,6.048816680908203,2.246145248413086,1.7214996814727783
110,port435_raw__import,1549,2023-03-30T00:00:00.000000,149347360.0,11413.654296875,0.8632832765579224,0.8677660226821899,0.9941876530647278
111,port435_raw__export,1549,2023-03-30T00:00:00.000000,54352700.0,6648.806640625,2.3135108947753906,1.3717310428619385,1.1952694654464722
112,port439_raw__import,1549,2023-03-30T00:00:00.000000,6221249.0,1891.340576171875,0.2766180634498596,0.39881473779678345,0.28321221470832825
113,port439_raw__export,1549,2023-03-30T00:00:00.000000,16142654.0,3957.179931640625,0.29423123598098755,0.5342477560043335,0.3766450881958008
114,port443_raw__import,1549,2023-03-30T00:00:00.000000,5135419.5,2263.75146484375,0.07525810599327087,0.27404218912124634,0.32559439539909363
115,port443_raw__export,1549,2023-03-30T00:00:00.000000,23694188.0,4670.69873046875,0.9838736057281494,0.951766848564148,0.8095787763595581
116,port446_raw__import,1549,2023-03-30T00:00:00.000000,1062850112.0,27519.23828125,0.5599067807197571,0.6316234469413757,0.5041726231575012
117,port446_raw__export,1549,2023-03-30T00:00:00.000000,360871040.0,17934.1171875,0.7367560863494873,0.8103373050689697,0.6604846715927124
118,port484_raw__import,1549,2023-03-30T00:00:00.000000,518421888.0,20883.904296875,2.52850341796875,1.458484411239624,1.1399210691452026
119,port484_raw__export,1549,2023-03-30T00:00:00.000000,7151568.0,2673.876220703125,0.9446333646774292,0.9717897176742554,1.1093964576721191
120,port503_raw__import,1549,2023-03-30T00:00:00.000000,34998624.0,4684.81787109375,2.758416175842285,1.315216064453125,1.483075737953186
121,port503_raw__export,1549,2023-03-30T00:00:00.000000,159733.21875,294.9767761230469,0.1295957863330841,0.26569637656211853,0.2425471991300583
122,port514_raw__import,1549,2023-03-30T00:00:00.000000,193210272.0,13293.8828125,0.15099838376045227,0.3716403543949127,0.4033796191215515
123,port514_raw__export,1549,2023-03-30T00:00:00.000000,188799920.0,13606.3037109375,2.4372639656066895,1.5459325313568115,1.724627137184143
124,port540_raw__import,1549,2023-03-30T00:00:00.000000,14480149.0,3761.5263671875,0.049304962158203125,0.21949413418769836,0.17833366990089417
125,port540_raw__export,1549,2023-03-30T00:00:00.000000,42609508.0,6259.27734375,0.07183316349983215,0.2570001780986786,0.2215156853199005
126,port541_raw__import,1549,2023-03-30T00:00:00.000000,1015467008.0,29798.57421875,0.38326871395111084,0.5789142847061157,0.569288969039917
127,port541_raw__export,1549,2023-03-30T00:00:00.000000,640386304.0,24580.87109375,0.8324341177940369,0.8862396478652954,1.140489935874939
128,port543_raw__import,1549,2023-03-30T00:00:00.000000,207445664.0,14392.56640625,0.746920108795166,0.8636208772659302,0.7086055874824524
129,port543_raw__export,1549,2023-03-30T00:00:00.000000,311032576.0,17636.115234375,1.5797183513641357,1.2568684816360474,0.8756130933761597
130,port555_raw__import,1549,2023-03-30T00:00:00.000000,139166304.0,9871.138671875,0.5752105712890625,0.6346198916435242,0.5097495913505554
131,port555_raw__export,1549,2023-03-30T00:00:00.000000,9296050.0,2997.50830078125,0.19469717144966125,0.43380144238471985,0.3929992914199829
132,port570_raw__import,1549,2023-03-30T00:00:00.000000,4118772992.0,52806.35546875,25.48529052734375,4.153814315795898,5.760826110839844
133,port570_raw__export,1549,2023-03-30T00:00:00.000000,1625671040.0,40117.046875,0.6230449080467224,0.785366415977478,0.7585931420326233
134,port592_raw__import,1549,2023-03-30T00:00:00.000000,109641896.0,9588.3876953125,0.2079588770866394,0.417586088180542,0.4253544807434082
135,port592_raw__export,1549,2023-03-30T00:00:00.000000,67523464.0,7130.43505859375,3.899557113647461,1.713548183441162,1.9978618621826172
136,port601_raw__import,1549,2023-03-30T00:00:00.000000,55170.87109375,232.63153076171875,0.06325718760490417,0.2490970641374588,0.24334678053855896
137,port601_raw__export,1549,2023-03-30T00:00:00.000000,46311.9140625,211.786865234375,0.045251570641994476,0.20934832096099854,0.26367491483688354
138,port62_raw__import,1549,2023-03-30T00:00:00.000000,25462264.0,4113.64111328125,0.3362892270088196,0.4727530777454376,0.46506887674331665
139,port62_raw__export,1549,2023-03-30T00:00:00.000000,80053072.0,6692.216796875,0.23520807921886444,0.36274972558021545,0.2773904800415039
140,port644_raw__import,1549,2023-03-30T00:00:00.000000,2175090176.0,46232.171875,0.1525123119354248,0.38713112473487854,0.28020283579826355
141,port644_raw__export,1549,2023-03-30T00:00:00.000000,4244866.0,1702.193359375,0.03931635990738869,0.16381871700286865,0.13259297609329224
142,port649_raw__import,1549,2023-03-30T00:00:00.000000,186629248.0,13017.357421875,0.4566744267940521,0.6439265608787537,0.9684245586395264
143,port649_raw__export,1549,2023-03-30T00:00:00.000000,4225796.5,1992.7454833984375,0.11183451116085052,0.32417944073677063,0.34561634063720703
144,port657_raw__import,1549,2023-03-30T00:00:00.000000,2024642304.0,36307.22265625,11.488086700439453,2.734908103942871,2.011498212814331
145,port657_raw__export,1549,2023-03-30T00:00:00.000000,483805664.0,18544.26953125,12.696382522583008,3.0040993690490723,2.307082176208496
146,port667_raw__import,1549,2023-03-30T00:00:00.000000,1693717.25,1252.34033203125,0.19470266997814178,0.42460769414901733,0.32707393169403076
147,port667_raw__export,1549,2023-03-30T00:00:00.000000,4333196.5,2077.6328125,1.2764341831207275,1.1276228427886963,0.7860794067382812
148,port672_raw__import,1549,2023-03-30T00:00:00.000000,1840621696.0,36415.34375,0.25540220737457275,0.42895767092704773,0.4334859251976013
149,port672_raw__export,1549,2023-03-30T00:00:00.000000,680902144.0,25881.751953125,0.27107739448547363,0.5164139270782471,0.5449814796447754
150,port67_raw__import,1549,2023-03-30T00:00:00.000000,22955574.0,4561.6220703125,0.871361255645752,0.8887391686439514,0.9259506464004517
151,port67_raw__export,1549,2023-03-30T00:00:00.000000,515802.03125,576.42041015625,0.0293365977704525,0.1374683380126953,0.12727349996566772
152,port681_raw__import,1549,2023-03-30T00:00:00.000000,9932400640.0,75979.84375,4.392021656036377,1.5977305173873901,1.8027188777923584
153,port681_raw__export,1549,2023-03-30T00:00:00.000000,92370992.0,9558.5029296875,0.46874505281448364,0.680911123752594,0.5386834144592285
154,port738_raw__import,1549,2023-03-30T00:00:00.000000,3201301.5,1789.2181396484375,0.37539395689964294,0.6126940250396729,0.5175253748893738
155,port738_raw__export,1549,2023-03-30T00:00:00.000000,49068312.0,6945.25146484375,1.0856258869171143,1.033064603805542,1.1487654447555542
156,port73_raw__import,1549,2023-03-30T00:00:00.000000,96341816.0,8659.8759765625,0.2770228981971741,0.4643677771091461,0.4049399495124817
157,port73_raw__export,1549,2023-03-30T00:00:00.000000,10642668.0,2398.514892578125,0.24479517340660095,0.36376306414604187,0.27733030915260315
158,port744_raw__import,1549,2023-03-30T00:00:00.000000,723574528.0,26732.9765625,0.22065743803977966,0.46683669090270996,0.4115978479385376
159,port744_raw__export,1549,2023-03-30T00:00:00.000000,75015008.0,8032.021484375,0.12878844141960144,0.33280453085899353,0.27207762002944946
160,port766_raw__import,1549,2023-03-30T00:00:00.000000,159091648.0,10585.92578125,3.564833879470825,1.5846188068389893,2.0024197101593018
161,port766_raw__export,1549,2023-03-30T00:00:00.000000,43333552.0,4715.2734375,0.7139231562614441,0.6052300333976746,0.5359605550765991
162,port775_raw__import,1549,2023-03-30T00:00:00.000000,113252752.0,9389.251953125,0.9131091833114624,0.8430784344673157,0.8205810189247131
163,port775_raw__export,1549,2023-03-30T00:00:00.000000,138015184.0,11747.986328125,0.6432514190673828,0.802029550075531,0.8017551898956299
164,port776_raw__import,1549,2023-03-30T00:00:00.000000,173215456.0,12739.984375,0.06768719851970673,0.2518423795700073,0.1642473191022873
165,port776_raw__export,1549,2023-03-30T00:00:00.000000,610463232.0,17649.626953125,1.545406460762024,0.8880289793014526,0.9226500391960144
166,port781_raw__import,1549,2023-03-30T00:00:00.000000,8073671.0,2649.256591796875,1.8850384950637817,1.280113935470581,1.183894157409668
167,port781_raw__export,1549,2023-03-30T00:00:00.000000,1991392.375,1373.4775390625,0.2549924850463867,0.49148112535476685,0.36956092715263367
168,port787_raw__import,1549,2023-03-30T00:00:00.000000,3805332.0,1867.3883056640625,0.266354501247406,0.4940471351146698,0.5512019991874695
169,port787_raw__export,1549,2023-03-30T00:00:00.000000,256768272.0,11400.943359375,0.5831930041313171,0.5433457493782043,0.43976977467536926
170,port795_raw__import,1549,2023-03-30T00:00:00.000000,207108272.0,13903.541015625,1.7368793487548828,1.2732436656951904,1.2902019023895264
171,port795_raw__export,1549,2023-03-30T00:00:00.000000,54232600.0,6913.9482421875,5.492969512939453,2.2003891468048096,1.9917242527008057
172,port805_raw__import,1549,2023-03-30T00:00:00.000000,1573849216.0,39450.2734375,0.9892947673797607,0.9890797138214111,0.737215518951416
173,port805_raw__export,1549,2023-03-30T00:00:00.000000,187334656.0,13475.9365234375,1.0694506168365479,1.0181933641433716,0.8494669198989868
174,port811_raw__import,1549,2023-03-30T00:00:00.000000,4496942592.0,63878.67578125,7.461600303649902,2.6020355224609375,2.028547763824463
175,port811_raw__export,1549,2023-03-30T00:00:00.000000,489101184.0,22074.74609375,1.6625258922576904,1.2870060205459595,1.0123507976531982
176,port815_raw__import,1549,2023-03-30T00:00:00.000000,460054944.0,19812.6796875,0.4843144416809082,0.6428387761116028,0.5745645761489868
177,port815_raw__export,1549,2023-03-30T00:00:00.000000,128577584.0,9004.0400390625,0.3838476538658142,0.49196505546569824,0.3581688404083252
178,port826_raw__import,1549,2023-03-30T00:00:00.000000,71558848.0,7032.32421875,0.9886662364006042,0.8265936374664307,0.5206595063209534
179,port826_raw__export,1549,2023-03-30T00:00:00.000000,727567168.0,26966.0859375,1.2449215650558472,1.1154558658599854,1.0613206624984741
180,port839_raw__import,1549,2023-03-30T00:00:00.000000,3621184.0,1843.7904052734375,1.4165269136428833,1.153184175491333,0.8522982597351074
181,port839_raw__export,1549,2023-03-30T00:00:00.000000,25031094.0,3738.54931640625,0.37402474880218506,0.4569970369338989,0.3851008117198944
182,port845_raw__import,1549,2023-03-30T00:00:00.000000,546972800.0,23387.44921875,0.4395671784877777,0.662998616695404,0.5099928379058838
183,port845_raw__export,1549,2023-03-30T00:00:00.000000,47441952.0,6229.6357421875,0.2668866813182831,0.4672452211380005,0.6225948333740234
184,port862_raw__import,1549,2023-03-30T00:00:00.000000,21034456.0,4560.0419921875,0.22321003675460815,0.46974271535873413,0.49570223689079285
185,port862_raw__export,1549,2023-03-30T00:00:00.000000,33189864.0,4314.9951171875,7.155755519866943,2.0035736560821533,1.802811622619629
186,port908_raw__import,1549,2023-03-30T00:00:00.000000,547296448.0,23236.47265625,0.7507508993148804,0.860610842704773,0.6688545942306519
187,port908_raw__export,1549,2023-03-30T00:00:00.000000,633503552.0,23972.57421875,3.9684438705444336,1.897362232208252,1.825410008430481
188,port915_raw__import,1549,2023-03-30T00:00:00.000000,9324466176.0,75784.1015625,45.76728439331055,5.309378623962402,5.889547348022461
189,port915_raw__export,1549,2023-03-30T00:00:00.000000,27705932.0,5223.8603515625,0.6003167033195496,0.7689452171325684,0.5710640549659729
190,port917_raw__import,1549,2023-03-30T00:00:00.000000,2896201.0,1485.6279296875,0.5346078872680664,0.6382831335067749,0.36872410774230957
191,port917_raw__export,1549,2023-03-30T00:00:00.000000,108915424.0,10077.3291015625,0.6450561285018921,0.7755316495895386,0.521152913570404
192,port958_raw__import,1549,2023-03-30T00:00:00.000000,17597592.0,4082.3837890625,0.5366429686546326,0.7129021883010864,0.9067466259002686
193,port958_raw__export,1549,2023-03-30T00:00:00.000000,9241313.0,3027.54052734375,1.570122480392456,1.2479290962219238,0.8291953802108765
194,port959_raw__import,1549,2023-03-30T00:00:00.000000,104425504.0,10218.763671875,0.7831463813781738,0.8849455118179321,0.6269785761833191
195,port959_raw__export,1549,2023-03-30T00:00:00.000000,436655808.0,20834.703125,0.918807864189148,0.9557186365127563,0.8530887961387634
196,port985_raw__import,1549,2023-03-30T00:00:00.000000,166454560.0,10763.927734375,0.10403348505496979,0.2690974175930023,0.23442551493644714
197,port985_raw__export,1549,2023-03-30T00:00:00.000000,251068608.0,12433.3564453125,5.063159942626953,1.7656434774398804,1.607978343963623
0,port1016_raw__import,2061,2024-08-23T00:00:00.000000,9156826.0,2194.35791015625,0.5571941137313843,0.5413002967834473,0.4190855026245117
1,port1016_raw__export,2061,2024-08-23T00:00:00.000000,206633.609375,404.96868896484375,0.04645000770688057,0.19200558960437775,0.5907697081565857
2,port1035_raw__import,2061,2024-08-23T00:00:00.000000,33248580.0,5643.75390625,0.5529700517654419,0.7278339862823486,0.5828261971473694
3,port1035_raw__export,2061,2024-08-23T00:00:00.000000,7663181.0,2411.8447265625,0.1436135470867157,0.33017370104789734,0.265505850315094
4,port1057_raw__import,2061,2024-08-23T00:00:00.000000,279131008.0,13786.9619140625,1.2465672492980957,0.9213452339172363,0.641015887260437
5,port1057_raw__export,2061,2024-08-23T00:00:00.000000,207781616.0,10862.2373046875,11.067277908325195,2.506895065307617,2.5718417167663574
6,port1065_raw__import,2061,2024-08-23T00:00:00.000000,181520160.0,10401.0546875,0.5655883550643921,0.5805841684341431,0.4497942626476288
7,port1065_raw__export,2061,2024-08-23T00:00:00.000000,140781024.0,11821.01171875,0.08922573924064636,0.29759639501571655,0.23490795493125916
8,port1070_raw__import,2061,2024-08-23T00:00:00.000000,3762797056.0,53439.75390625,0.5107071399688721,0.62257981300354,0.43028610944747925
9,port1070_raw__export,2061,2024-08-23T00:00:00.000000,249754592.0,15449.7119140625,0.36031651496887207,0.5868211388587952,0.46648138761520386
10,port1071_raw__import,2061,2024-08-23T00:00:00.000000,1899045504.0,34183.19921875,2.1354987621307373,1.1462904214859009,1.0315754413604736
11,port1071_raw__export,2061,2024-08-23T00:00:00.000000,242109072.0,15559.8544921875,0.9079052805900574,0.9528406262397766,1.0960192680358887
12,port1073_raw__import,2061,2024-08-23T00:00:00.000000,499373600.0,18715.2109375,0.31188374757766724,0.46771174669265747,0.3731176257133484
13,port1073_raw__export,2061,2024-08-23T00:00:00.000000,958475904.0,26269.234375,15.279017448425293,3.3166873455047607,2.405101776123047
14,port1086_raw__import,2061,2024-08-23T00:00:00.000000,16108498.0,4013.129638671875,0.15133890509605408,0.3889833092689514,0.32553213834762573
15,port1086_raw__export,2061,2024-08-23T00:00:00.000000,170142544.0,11730.4267578125,0.7177749276161194,0.7619061470031738,0.5000259876251221
16,port1112_raw__import,2061,2024-08-23T00:00:00.000000,5388.1982421875,72.80934143066406,0.4110616445541382,0.6359438896179199,0.7643539905548096
17,port1112_raw__export,2061,2024-08-23T00:00:00.000000,2691799.0,1534.4227294921875,1.0123710632324219,0.9410085678100586,0.8268696069717407
18,port1128_raw__import,2061,2024-08-23T00:00:00.000000,224015600.0,14843.107421875,0.4188167154788971,0.6417970657348633,0.5547085404396057
19,port1128_raw__export,2061,2024-08-23T00:00:00.000000,34762252.0,4769.51171875,26.799373626708984,4.187764644622803,4.9392194747924805
20,port1135_raw__import,2061,2024-08-23T00:00:00.000000,9572286.0,3080.824462890625,0.7541913986206055,0.8647686243057251,0.6815078258514404
21,port1135_raw__export,2061,2024-08-23T00:00:00.000000,9689087.0,2437.86962890625,0.8355666399002075,0.7159119844436646,0.6903342008590698
22,port1160_raw__import,2061,2024-08-23T00:00:00.000000,1586299904.0,38445.765625,0.5504430532455444,0.7161632776260376,0.5228260159492493
23,port1160_raw__export,2061,2024-08-23T00:00:00.000000,18448756736.0,128147.859375,1.0922136306762695,0.9860106706619263,0.7297558784484863
24,port1189_raw__import,2061,2024-08-23T00:00:00.000000,57219788.0,6975.12109375,0.2843931019306183,0.49174296855926514,0.49746087193489075
25,port1189_raw__export,2061,2024-08-23T00:00:00.000000,342656480.0,17524.107421875,0.9986546635627747,0.9460500478744507,0.6675400733947754
26,port1197_raw__import,2061,2024-08-23T00:00:00.000000,193523408.0,11788.3955078125,1.0698806047439575,0.8765074014663696,0.702418327331543
27,port1197_raw__export,2061,2024-08-23T00:00:00.000000,1282288896.0,29575.359375,4.0683274269104,1.665885090827942,1.345913290977478
28,port1201_raw__import,2061,2024-08-23T00:00:00.000000,9162401792.0,95677.1015625,1.1113123893737793,1.053710699081421,1.2104990482330322
29,port1201_raw__export,2061,2024-08-23T00:00:00.000000,3846175488.0,51768.3203125,2.000469446182251,1.1806344985961914,0.7943846583366394
30,port1248_raw__import,2061,2024-08-23T00:00:00.000000,33178918.0,5592.7333984375,0.5242744088172913,0.7030274868011475,0.8025282025337219
31,port1248_raw__export,2061,2024-08-23T00:00:00.000000,6654440.0,2579.6201171875,0.4880296289920807,0.6985911726951599,0.6075616478919983
32,port1266_raw__import,2061,2024-08-23T00:00:00.000000,16068308992.0,93030.1328125,3.3900668621063232,1.351271629333496,0.9689859747886658
33,port1266_raw__export,2061,2024-08-23T00:00:00.000000,657302720.0,24316.84765625,0.5657548904418945,0.7134091854095459,0.5989260673522949
34,port1269_raw__import,2061,2024-08-23T00:00:00.000000,652514496.0,24587.11328125,0.3967708945274353,0.606292724609375,0.5755620002746582
35,port1269_raw__export,2061,2024-08-23T00:00:00.000000,80887232.0,8492.943359375,0.1583230197429657,0.37574246525764465,0.34122660756111145
36,port1284_raw__import,2061,2024-08-23T00:00:00.000000,78088856.0,8103.90966796875,0.5086572170257568,0.6540525555610657,0.6035472750663757
37,port1284_raw__export,2061,2024-08-23T00:00:00.000000,9638268.0,3046.5732421875,0.08932662010192871,0.2932935953140259,0.3101619780063629
38,port1304_raw__import,2061,2024-08-23T00:00:00.000000,18379596.0,4266.32177734375,0.28551432490348816,0.5317403078079224,0.5844863653182983
39,port1304_raw__export,2061,2024-08-23T00:00:00.000000,17682162.0,3002.52392578125,0.9509441256523132,0.6962998509407043,0.7509846091270447
40,port1309_raw__import,2061,2024-08-23T00:00:00.000000,1695983.0,1062.6417236328125,4.056784629821777,1.6434900760650635,1.629696249961853
41,port1309_raw__export,2061,2024-08-23T00:00:00.000000,1209.671630859375,34.78033447265625,0.2727273106575012,0.5222330093383789,0.6964285373687744
42,port1318_raw__import,2061,2024-08-23T00:00:00.000000,3456580864.0,55753.8984375,2.703897476196289,1.5593621730804443,1.2873594760894775
43,port1318_raw__export,2061,2024-08-23T00:00:00.000000,19335856.0,4373.4072265625,1.3051738739013672,1.1362462043762207,1.0461742877960205
44,port132_raw__import,2061,2024-08-23T00:00:00.000000,49151528.0,7006.041015625,1.2801904678344727,1.1306846141815186,0.9448885917663574
45,port132_raw__export,2061,2024-08-23T00:00:00.000000,13840782.0,2946.05712890625,0.6019283533096313,0.614374577999115,0.6741944551467896
46,port1330_raw__import,2061,2024-08-23T00:00:00.000000,1026977.375,829.9117431640625,2.927043914794922,1.401090145111084,1.5469926595687866
47,port1330_raw__export,2061,2024-08-23T00:00:00.000000,2912745.25,1256.3179931640625,3.1483612060546875,1.3061425685882568,1.3787842988967896
48,port1358_raw__import,2061,2024-08-23T00:00:00.000000,440134560.0,19798.533203125,1.0986534357070923,0.9891693592071533,0.8697798252105713
49,port1358_raw__export,2061,2024-08-23T00:00:00.000000,4316842.5,1533.3199462890625,0.12171624600887299,0.25746840238571167,0.20908896625041962
50,port139_raw__import,2061,2024-08-23T00:00:00.000000,27575166.0,4729.021484375,1.6185603141784668,1.1457151174545288,0.8245251178741455
51,port139_raw__export,2061,2024-08-23T00:00:00.000000,1143160.375,1021.10546875,0.0416795089840889,0.19497472047805786,0.23096667230129242
52,port1410_raw__import,2061,2024-08-23T00:00:00.000000,461474784.0,21194.6328125,0.3148120939731598,0.5535764694213867,0.4993768036365509
53,port1410_raw__export,2061,2024-08-23T00:00:00.000000,51071488.0,6467.69775390625,0.3462085425853729,0.5325119495391846,0.42071533203125
54,port1414_raw__import,2061,2024-08-23T00:00:00.000000,24902966.0,3665.173828125,0.1306382119655609,0.26546311378479004,0.24208472669124603
55,port1414_raw__export,2061,2024-08-23T00:00:00.000000,418181344.0,16692.9140625,0.254853218793869,0.4120926856994629,0.3159683644771576
56,port1425_raw__import,2061,2024-08-23T00:00:00.000000,910334528.0,28578.63671875,0.9441201686859131,0.9203534126281738,0.6108904480934143
57,port1425_raw__export,2061,2024-08-23T00:00:00.000000,175443664.0,11998.7119140625,2.030233383178711,1.290739893913269,1.2240101099014282
58,port1426_raw__import,2061,2024-08-23T00:00:00.000000,6484508672.0,79517.265625,0.6420413255691528,0.7912330627441406,0.8385281562805176
59,port1426_raw__export,2061,2024-08-23T00:00:00.000000,90847384.0,9529.576171875,1.1973462104797363,1.0940250158309937,1.0060715675354004
60,port168_raw__import,2061,2024-08-23T00:00:00.000000,31613436.0,4560.5009765625,0.04936900734901428,0.18022038042545319,0.13945531845092773
61,port168_raw__export,2061,2024-08-23T00:00:00.000000,275109120.0,14062.158203125,0.7727839350700378,0.745295524597168,0.4710153043270111
62,port193_raw__import,2061,2024-08-23T00:00:00.000000,794194816.0,24864.73828125,4.513487815856934,1.8744614124298096,1.1515891551971436
63,port193_raw__export,2061,2024-08-23T00:00:00.000000,279988288.0,16681.63671875,3.445481300354004,1.8505194187164307,1.6399357318878174
64,port2017_raw__import,2061,2024-08-23T00:00:00.000000,2282664.25,1397.5654296875,2.034233808517456,1.3193243741989136,1.0951087474822998
65,port2017_raw__export,2061,2024-08-23T00:00:00.000000,299240.0,545.5963745117188,0.18755598366260529,0.4319436550140381,0.3692929744720459
66,port2025_raw__import,2061,2024-08-23T00:00:00.000000,1390569856.0,36752.875,0.9613897204399109,0.9663727283477783,0.7752819061279297
67,port2025_raw__export,2061,2024-08-23T00:00:00.000000,534271872.0,21308.46484375,0.5565042495727539,0.6877099275588989,0.4497145414352417
68,port2027_raw__import,2061,2024-08-23T00:00:00.000000,500767072.0,16323.951171875,0.3861900866031647,0.45332321524620056,0.3385656177997589
69,port2027_raw__export,2061,2024-08-23T00:00:00.000000,3581342720.0,58425.86328125,3.3507890701293945,1.7871283292770386,1.7214205265045166
70,port2031_raw__import,2061,2024-08-23T00:00:00.000000,64370152.0,7397.2236328125,0.18080098927021027,0.3920368552207947,0.3366926312446594
71,port2031_raw__export,2061,2024-08-23T00:00:00.000000,22738582.0,4284.736328125,0.8759528994560242,0.8409744501113892,0.9075535535812378
72,port2039_raw__import,2061,2024-08-23T00:00:00.000000,156207488.0,9836.802734375,0.0962665006518364,0.24419717490673065,0.20671795308589935
73,port2039_raw__export,2061,2024-08-23T00:00:00.000000,1349486.5,929.9954833984375,0.0433012917637825,0.16658926010131836,0.18331971764564514
74,port2044_raw__import,2061,2024-08-23T00:00:00.000000,347918048.0,15733.9931640625,0.6409707069396973,0.6753354668617249,0.5562376976013184
75,port2044_raw__export,2061,2024-08-23T00:00:00.000000,207323904.0,14172.224609375,1.7075088024139404,1.2861593961715698,1.0544720888137817
76,port2189_raw__import,2061,2024-08-23T00:00:00.000000,502276608.0,22352.97265625,0.11737146973609924,0.34170007705688477,0.30309242010116577
77,port2189_raw__export,2061,2024-08-23T00:00:00.000000,527170720.0,22746.28125,0.2735368609428406,0.5181347131729126,0.5002545118331909
78,port22_raw__import,2061,2024-08-23T00:00:00.000000,533468736.0,23085.83203125,3.024491310119629,1.7382699251174927,1.602982521057129
79,port22_raw__export,2061,2024-08-23T00:00:00.000000,71091552.0,7176.83154296875,1.1128326654434204,0.897922158241272,0.6165670156478882
80,port254_raw__import,2061,2024-08-23T00:00:00.000000,546836224.0,21501.630859375,1.4005224704742432,1.0881476402282715,0.8936492204666138
81,port254_raw__export,2061,2024-08-23T00:00:00.000000,100881128.0,8519.533203125,0.3328027129173279,0.48933273553848267,0.45382028818130493
82,port270_raw__import,2061,2024-08-23T00:00:00.000000,10588363776.0,74444.625,2.980401039123535,1.2489821910858154,1.1226458549499512
83,port270_raw__export,2061,2024-08-23T00:00:00.000000,1355927296.0,26883.92578125,2.9976983070373535,1.2640622854232788,1.5274039506912231
84,port281_raw__import,2061,2024-08-23T00:00:00.000000,5139935.0,1880.79638671875,0.08726280927658081,0.245062917470932,0.17027652263641357
85,port281_raw__export,2061,2024-08-23T00:00:00.000000,20690838.0,4012.14990234375,3.1661202907562256,1.5694655179977417,1.5126442909240723
86,port307_raw__import,2061,2024-08-23T00:00:00.000000,73729176.0,6338.3125,1.801340103149414,0.9907220602035522,0.8478427529335022
87,port307_raw__export,2061,2024-08-23T00:00:00.000000,2527918.25,1583.9423828125,1.287893295288086,1.130570888519287,0.7597283124923706
88,port310_raw__import,2061,2024-08-23T00:00:00.000000,425743520.0,16520.697265625,0.6238349080085754,0.6323961019515991,0.4530707895755768
89,port310_raw__export,2061,2024-08-23T00:00:00.000000,26184958.0,4805.93505859375,0.511838972568512,0.6719216704368591,0.5461565256118774
90,port317_raw__import,2061,2024-08-23T00:00:00.000000,155597936.0,10384.484375,0.5838570594787598,0.6361159086227417,0.5892536640167236
91,port317_raw__export,2061,2024-08-23T00:00:00.000000,17330224.0,4157.9189453125,0.45024609565734863,0.6701915264129639,0.46048206090927124
92,port342_raw__import,2061,2024-08-23T00:00:00.000000,781603840.0,27167.541015625,1.5754811763763428,1.2197296619415283,0.7933087944984436
93,port342_raw__export,2061,2024-08-23T00:00:00.000000,12503668.0,3526.7978515625,0.34285783767700195,0.5840081572532654,0.5032986402511597
94,port358_raw__import,2061,2024-08-23T00:00:00.000000,847234432.0,27178.26953125,15.537099838256836,3.6804842948913574,3.761531352996826
95,port358_raw__export,2061,2024-08-23T00:00:00.000000,345785088.0,13467.7548828125,1.8120899200439453,0.9749491214752197,0.8275859355926514
96,port361_raw__import,2061,2024-08-23T00:00:00.000000,1207579776.0,28440.48828125,11.311481475830078,2.7525734901428223,3.024693250656128
97,port361_raw__export,2061,2024-08-23T00:00:00.000000,220602864.0,13784.7431640625,0.8429036140441895,0.8520833253860474,0.8604384660720825
98,port362_raw__import,2061,2024-08-23T00:00:00.000000,666779904.0,24795.4921875,0.4192454516887665,0.6217498183250427,0.5367914438247681
99,port362_raw__export,2061,2024-08-23T00:00:00.000000,2160214016.0,46177.59375,0.5005795955657959,0.7029420137405396,0.5795489549636841
100,port364_raw__import,2061,2024-08-23T00:00:00.000000,487448384.0,18646.359375,0.39605802297592163,0.5315072536468506,0.459552139043808
101,port364_raw__export,2061,2024-08-23T00:00:00.000000,24180772.0,4479.962890625,1.1471965312957764,0.97579425573349,0.8458874821662903
102,port380_raw__import,2061,2024-08-23T00:00:00.000000,466798400.0,20940.2890625,0.2926788926124573,0.5243408679962158,0.5117118954658508
103,port380_raw__export,2061,2024-08-23T00:00:00.000000,437250.46875,647.6044921875,0.042108360677957535,0.2009689062833786,0.19449470937252045
104,port425_raw__import,2061,2024-08-23T00:00:00.000000,203053696.0,13335.5859375,0.2470303773880005,0.4651380181312561,0.45773613452911377
105,port425_raw__export,2061,2024-08-23T00:00:00.000000,125883552.0,9650.751953125,0.3848447799682617,0.5336045026779175,0.36879584193229675
106,port426_raw__import,2061,2024-08-23T00:00:00.000000,40926240.0,6118.7744140625,0.4459878206253052,0.6387413144111633,0.4039236009120941
107,port426_raw__export,2061,2024-08-23T00:00:00.000000,27706842.0,4976.4326171875,0.507455050945282,0.6734780073165894,0.44832107424736023
108,port434_raw__import,2061,2024-08-23T00:00:00.000000,137602368.0,11679.283203125,1.3448296785354614,1.1546142101287842,1.0790563821792603
109,port434_raw__export,2061,2024-08-23T00:00:00.000000,26802462.0,5103.111328125,1.4750150442123413,1.1971427202224731,0.8974511623382568
110,port435_raw__import,2061,2024-08-23T00:00:00.000000,213260096.0,13776.865234375,1.0758888721466064,0.9785417318344116,0.7572734355926514
111,port435_raw__export,2061,2024-08-23T00:00:00.000000,180634.328125,397.6895751953125,0.012678969651460648,0.10536248981952667,0.09732411801815033
112,port439_raw__import,2061,2024-08-23T00:00:00.000000,28776702.0,4587.50439453125,1.0883021354675293,0.8921352624893188,0.818864643573761
113,port439_raw__export,2061,2024-08-23T00:00:00.000000,16811494.0,3488.90625,0.34253183007240295,0.4980083405971527,0.4295578896999359
114,port443_raw__import,2061,2024-08-23T00:00:00.000000,32844176.0,5730.359375,0.47143709659576416,0.6865379810333252,0.8385938405990601
115,port443_raw__export,2061,2024-08-23T00:00:00.000000,2727591.75,1648.874267578125,0.19091413915157318,0.4362313747406006,0.41514477133750916
116,port446_raw__import,2061,2024-08-23T00:00:00.000000,1555170304.0,37173.5078125,1.9379260540008545,1.3122397661209106,0.9482033848762512
117,port446_raw__export,2061,2024-08-23T00:00:00.000000,369006240.0,18831.998046875,1.8023650646209717,1.3161364793777466,0.9537787437438965
118,port484_raw__import,2061,2024-08-23T00:00:00.000000,763338752.0,21234.78515625,6.639015197753906,1.9803459644317627,3.023880958557129
119,port484_raw__export,2061,2024-08-23T00:00:00.000000,15944346.0,3900.41357421875,0.43221908807754517,0.6421836614608765,0.6800836324691772
120,port503_raw__import,2061,2024-08-23T00:00:00.000000,3607799.5,1484.74365234375,0.24020294845104218,0.38310641050338745,0.3898904621601105
121,port503_raw__export,2061,2024-08-23T00:00:00.000000,3750661.0,1849.494873046875,0.40788698196411133,0.6099147796630859,0.6401315927505493
122,port514_raw__import,2061,2024-08-23T00:00:00.000000,308971808.0,13425.40625,0.7730767130851746,0.6715514659881592,0.5514688491821289
123,port514_raw__export,2061,2024-08-23T00:00:00.000000,6658458.0,1845.4609375,0.06341419368982315,0.1800989806652069,0.11883959174156189
124,port540_raw__import,2061,2024-08-23T00:00:00.000000,923848512.0,28936.5703125,1.5200966596603394,1.1737680435180664,0.9602605104446411
125,port540_raw__export,2061,2024-08-23T00:00:00.000000,214049008.0,13132.228515625,0.5456422567367554,0.6630340814590454,0.4835200011730194
126,port541_raw__import,2061,2024-08-23T00:00:00.000000,1003361536.0,28055.6328125,0.6241416931152344,0.6997339129447937,0.5643005967140198
127,port541_raw__export,2061,2024-08-23T00:00:00.000000,688059840.0,25326.48046875,2.177933931350708,1.4248991012573242,1.0756394863128662
128,port543_raw__import,2061,2024-08-23T00:00:00.000000,1115654016.0,29560.8359375,4.768514633178711,1.9326066970825195,1.5383822917938232
129,port543_raw__export,2061,2024-08-23T00:00:00.000000,49559280.0,6580.27099609375,0.33157163858413696,0.5382325649261475,0.4879688024520874
130,port555_raw__import,2061,2024-08-23T00:00:00.000000,88482192.0,8781.3427734375,0.4713892936706543,0.6409480571746826,0.7285298109054565
131,port555_raw__export,2061,2024-08-23T00:00:00.000000,573488.0625,746.451171875,0.040921371430158615,0.19939501583576202,0.24714204668998718
132,port570_raw__import,2061,2024-08-23T00:00:00.000000,1136187520.0,32511.71875,3.43719220161438,1.7882030010223389,1.6054997444152832
133,port570_raw__export,2061,2024-08-23T00:00:00.000000,8139793408.0,85578.5390625,0.7309816479682922,0.810982346534729,0.647399365901947
134,port592_raw__import,2061,2024-08-23T00:00:00.000000,214249776.0,14613.642578125,1.57574462890625,1.2532601356506348,1.009989857673645
135,port592_raw__export,2061,2024-08-23T00:00:00.000000,5374995.0,2009.382568359375,0.8224680423736572,0.7860191464424133,0.5355463624000549
136,port601_raw__import,2061,2024-08-23T00:00:00.000000,714643.0625,845.2459716796875,0.7733840346336365,0.8792980313301086,0.9482812881469727
137,port601_raw__export,2061,2024-08-23T00:00:00.000000,2461671.75,1324.0224609375,6.035808086395264,2.073232412338257,2.06294322013855
138,port62_raw__import,2061,2024-08-23T00:00:00.000000,501047776.0,18987.939453125,5.182837009429932,1.931176781654358,2.1229653358459473
139,port62_raw__export,2061,2024-08-23T00:00:00.000000,65284928.0,7504.06298828125,0.25572776794433594,0.46965500712394714,0.37981438636779785
140,port644_raw__import,2061,2024-08-23T00:00:00.000000,29923682304.0,147576.0625,1.6935324668884277,1.1102100610733032,0.7860970497131348
141,port644_raw__export,2061,2024-08-23T00:00:00.000000,45271848.0,5799.015625,0.449901282787323,0.5780944228172302,0.47994303703308105
142,port649_raw__import,2061,2024-08-23T00:00:00.000000,41553400.0,6417.12548828125,0.41132164001464844,0.6384516954421997,0.6643310785293579
143,port649_raw__export,2061,2024-08-23T00:00:00.000000,215505184.0,12397.9609375,5.670071601867676,2.011016607284546,1.954160213470459
144,port657_raw__import,2061,2024-08-23T00:00:00.000000,90640680.0,8499.3388671875,0.3187040686607361,0.5039846897125244,0.39412999153137207
145,port657_raw__export,2061,2024-08-23T00:00:00.000000,59999904.0,7728.974609375,0.7028241157531738,0.8365076184272766,0.6086256504058838
146,port667_raw__import,2061,2024-08-23T00:00:00.000000,17975394.0,3404.605712890625,2.5322349071502686,1.2778491973876953,0.9877220988273621
147,port667_raw__export,2061,2024-08-23T00:00:00.000000,1341617.0,1129.4674072265625,1.2009859085083008,1.0686326026916504,0.9410985708236694
148,port672_raw__import,2061,2024-08-23T00:00:00.000000,779860352.0,24903.4140625,0.19060221314430237,0.38932690024375916,0.3581855893135071
149,port672_raw__export,2061,2024-08-23T00:00:00.000000,2762668032.0,44379.8203125,5.591607093811035,1.9965927600860596,2.408296585083008
150,port67_raw__import,2061,2024-08-23T00:00:00.000000,9691778.0,2253.60546875,1.024344563484192,0.7326545119285583,0.6307539343833923
151,port67_raw__export,2061,2024-08-23T00:00:00.000000,3950775.5,1719.7584228515625,0.30174437165260315,0.4752759337425232,0.6057418584823608
152,port681_raw__import,2061,2024-08-23T00:00:00.000000,910131584.0,30096.75390625,0.3304530382156372,0.5734854936599731,0.6272885799407959
153,port681_raw__export,2061,2024-08-23T00:00:00.000000,24321782.0,4928.5673828125,1.0686662197113037,1.0331039428710938,0.8642963767051697
154,port738_raw__import,2061,2024-08-23T00:00:00.000000,1790482.25,1321.322998046875,0.2810705304145813,0.5235180854797363,0.4846971929073334
155,port738_raw__export,2061,2024-08-23T00:00:00.000000,6055372.5,2299.48095703125,0.2535373866558075,0.4705224931240082,0.38534390926361084
156,port73_raw__import,2061,2024-08-23T00:00:00.000000,20085006.0,3920.1005859375,0.042198143899440765,0.1796833723783493,0.129699245095253
157,port73_raw__export,2061,2024-08-23T00:00:00.000000,239177696.0,13826.580078125,3.8614275455474854,1.7568244934082031,1.7617676258087158
158,port744_raw__import,2061,2024-08-23T00:00:00.000000,1991596288.0,40449.70703125,0.7658745646476746,0.793219804763794,0.6991977095603943
159,port744_raw__export,2061,2024-08-23T00:00:00.000000,152137760.0,10466.2490234375,0.27730807662010193,0.446841835975647,0.5132612586021423
160,port766_raw__import,2061,2024-08-23T00:00:00.000000,24691970.0,3876.413330078125,0.3377378284931183,0.45335879921913147,0.4077482223510742
161,port766_raw__export,2061,2024-08-23T00:00:00.000000,285838880.0,14570.4736328125,3.7634379863739014,1.671881079673767,2.2225217819213867
162,port775_raw__import,2061,2024-08-23T00:00:00.000000,85037160.0,6548.271484375,0.11892910301685333,0.2448873668909073,0.19523906707763672
163,port775_raw__export,2061,2024-08-23T00:00:00.000000,4792147.0,2186.408447265625,0.4663408398628235,0.682052731513977,0.6948597431182861
164,port776_raw__import,2061,2024-08-23T00:00:00.000000,547699136.0,21449.80859375,0.20397551357746124,0.4139438271522522,0.3089327812194824
165,port776_raw__export,2061,2024-08-23T00:00:00.000000,78334456.0,7949.203125,0.47054269909858704,0.616093635559082,0.651529848575592
166,port781_raw__import,2061,2024-08-23T00:00:00.000000,5147663.0,2268.84619140625,0.4673176109790802,0.6836063265800476,1.0717006921768188
167,port781_raw__export,2061,2024-08-23T00:00:00.000000,970435.3125,760.7022705078125,0.3770265281200409,0.47415176033973694,0.6385127902030945
168,port787_raw__import,2061,2024-08-23T00:00:00.000000,4918384.0,2066.587646484375,0.41328224539756775,0.5990539789199829,0.6457610130310059
169,port787_raw__export,2061,2024-08-23T00:00:00.000000,155342944.0,12316.37890625,2.0223388671875,1.4052845239639282,1.4111582040786743
170,port795_raw__import,2061,2024-08-23T00:00:00.000000,45476768.0,6743.64453125,0.6672645807266235,0.8168624639511108,0.7993762493133545
171,port795_raw__export,2061,2024-08-23T00:00:00.000000,6814860.0,2340.557861328125,0.18022030591964722,0.3806210160255432,0.47877946496009827
172,port805_raw__import,2061,2024-08-23T00:00:00.000000,430564160.0,20694.5078125,0.6293820738792419,0.7912129163742065,0.6598482728004456
173,port805_raw__export,2061,2024-08-23T00:00:00.000000,75935112.0,7962.37158203125,0.6724887490272522,0.7493135929107666,0.5928152799606323
174,port811_raw__import,2061,2024-08-23T00:00:00.000000,565431232.0,19344.509765625,0.5229648947715759,0.5883070826530457,0.44435611367225647
175,port811_raw__export,2061,2024-08-23T00:00:00.000000,92214464.0,9557.0888671875,0.7871806621551514,0.8830053210258484,0.7026987075805664
176,port815_raw__import,2061,2024-08-23T00:00:00.000000,821524800.0,22006.4609375,0.6064209938049316,0.5978978276252747,0.5201787948608398
177,port815_raw__export,2061,2024-08-23T00:00:00.000000,116450952.0,8971.0166015625,0.9447789192199707,0.80804443359375,0.6840789914131165
178,port826_raw__import,2061,2024-08-23T00:00:00.000000,4134681.0,2033.3896484375,0.06584858149290085,0.25660955905914307,0.21501903235912323
179,port826_raw__export,2061,2024-08-23T00:00:00.000000,592462656.0,24159.904296875,0.9201934337615967,0.9521476030349731,0.9716653823852539
180,port839_raw__import,2061,2024-08-23T00:00:00.000000,22877796.0,4134.11376953125,0.9369450211524963,0.8366279602050781,0.7195744514465332
181,port839_raw__export,2061,2024-08-23T00:00:00.000000,261696368.0,13333.1171875,5.753742218017578,1.977006196975708,2.01021146774292
182,port845_raw__import,2061,2024-08-23T00:00:00.000000,134793008.0,9098.830078125,7.993204593658447,2.2157068252563477,2.355062246322632
183,port845_raw__export,2061,2024-08-23T00:00:00.000000,41396824.0,5869.84130859375,0.21910326182842255,0.4270387291908264,0.4537239074707031
184,port862_raw__import,2061,2024-08-23T00:00:00.000000,14232974.0,3741.6494140625,0.41603031754493713,0.6397020816802979,0.4413260221481323
185,port862_raw__export,2061,2024-08-23T00:00:00.000000,2499688.5,1581.040283203125,2.617279052734375,1.6178007125854492,1.3820499181747437
186,port908_raw__import,2061,2024-08-23T00:00:00.000000,570404672.0,23444.296875,0.8310239315032959,0.8948545455932617,0.7482360601425171
187,port908_raw__export,2061,2024-08-23T00:00:00.000000,61263532.0,5963.6953125,0.6585907340049744,0.6183327436447144,0.6574304103851318
188,port915_raw__import,2061,2024-08-23T00:00:00.000000,125091824.0,11184.3359375,0.5796831846237183,0.7613617777824402,0.8138601183891296
189,port915_raw__export,2061,2024-08-23T00:00:00.000000,124049792.0,9628.865234375,7.689383029937744,2.3973023891448975,4.019099235534668
190,port917_raw__import,2061,2024-08-23T00:00:00.000000,7937595.0,2757.751708984375,0.686078667640686,0.8107699155807495,1.236878514289856
191,port917_raw__export,2061,2024-08-23T00:00:00.000000,201104256.0,13698.982421875,0.592048168182373,0.7432864904403687,0.5447379946708679
192,port958_raw__import,2061,2024-08-23T00:00:00.000000,3116598.0,1756.3955078125,0.23461222648620605,0.4819003641605377,0.469801127910614
193,port958_raw__export,2061,2024-08-23T00:00:00.000000,12119892.0,3384.957275390625,0.35025855898857117,0.5754375457763672,0.4983566403388977
194,port959_raw__import,2061,2024-08-23T00:00:00.000000,843641984.0,22987.693359375,19.021657943725586,3.4517593383789062,3.462296724319458
195,port959_raw__export,2061,2024-08-23T00:00:00.000000,296150080.0,16807.744140625,0.6562323570251465,0.7911928296089172,0.665675699710846
196,port985_raw__import,2061,2024-08-23T00:00:00.000000,1892157440.0,43483.0625,0.7598913311958313,0.8713992834091187,0.587803065776825
197,port985_raw__export,2061,2024-08-23T00:00:00.000000,177948144.0,13328.85546875,1.1356133222579956,1.0647835731506348,0.7490332722663879
