user_id,user_name,windows,mse,std_mse,mae,std_mae,nmse,std_nmse,nmae,std_nmae,mase,std_mase
0,0,33,0.0013931275069339652,0.0009248056149161401,0.010821356480433182,0.0037948477500171465,0.47175627992008673,0.537025958960962,0.19383144785057416,0.09310462076010013,0.6808997862266771,0.3079291618668275
1,1,33,0.0010150512173299142,0.0006071225378455498,0.01016231975518167,0.0036990050435502064,0.45286366682160983,0.3011581433175831,0.21395596026471167,0.07478688567315858,0.7601383129755656,0.26527364516421176
2,2,33,0.002896236185210221,0.001018283659301214,0.030368849522236622,0.005478150997669574,0.44467265678174567,0.1771170483498278,0.3758631425373482,0.07748229029400178,1.0843585657350945,0.2176628310882908
3,3,33,0.0005888995959442885,0.0005048494725974747,0.009200775946462245,0.004317083623670607,0.4345921265017806,0.2758946675814724,0.2548916495659135,0.10157266612114774,0.7521541236024915,0.306022666852898
4,4,33,0.00032342203595555583,0.0002825486167469262,0.0057932179929180575,0.0023093182115782704,0.24824625660072674,0.17686253962480447,0.16235833660219656,0.06217471349101381,0.6123143994446957,0.23796741836058163
5,5,33,0.0008449248465088507,0.0004472332797095072,0.010723665271970358,0.0032283483090734884,0.19588985068328452,0.11881777891431244,0.16319569719560217,0.04836160049258532,0.6334492284240145,0.20032394846549725
6,6,33,0.0005147551829312844,0.000331129545492647,0.009686201613283518,0.003009398373241952,0.14141014703746999,0.09096592469658978,0.16049940997000897,0.05047129972620352,0.5630783158721346,0.179451665224103
7,7,33,0.0005929811968323493,0.00043751627524147684,0.010082467684917377,0.0038087041662297773,0.21391224093509442,0.21556329292163337,0.18820197902845615,0.08243817054587223,0.6386422578132513,0.3102449149941513
8,8,33,0.0004158004243932241,0.0004836752209149725,0.008996933684543226,0.0048689920745594835,0.20581471942590945,0.21442789183823777,0.20923398051298026,0.09915961410449926,0.7447445844158982,0.3695293746403127
9,9,33,0.004777475933995888,0.0032211610830981292,0.027899098808340954,0.009827069633209243,0.5849037751781218,0.2919101545825928,0.31038274006410077,0.10616703719466072,0.8131567032048197,0.3264820911554521
10,10,33,0.0004871895137264139,0.0002566303192635408,0.011247781514557022,0.0035696913288600467,0.4192792721318476,0.22662974885169548,0.3295361232576948,0.10684172800336782,0.8516204835790576,0.2766070827308278
11,11,33,0.0007385492697887292,0.0005143054867180511,0.008777255001901225,0.003787385179539612,0.2973846084240711,0.19600514600591545,0.18020513157049814,0.07380522245982661,0.6131174952694864,0.24798959943916998
12,12,33,0.0017682097152856206,0.0013095544091354069,0.015839141737105267,0.005668589900110533,0.6704793951163689,0.38625590950738925,0.31321481276642194,0.10032085084952592,0.9015400536132582,0.3080409483811779
13,13,33,0.00034303311016022536,0.0003153858709599583,0.006923376885948308,0.003446770135385681,0.23575390006105104,0.2144432361242243,0.1836605602593133,0.08561450251173215,0.6126521301992012,0.2950615631731518
14,14,33,0.0015550185890981193,0.000636008888947769,0.0204873379658569,0.005422298400782094,0.31382185965776443,0.17186659542685376,0.2896685487393177,0.1004640017538921,0.9039671836477338,0.35214695731288964
15,15,33,0.0011087150099532057,0.0009184991416702286,0.012877813921394672,0.005113331343006616,0.5447583146619074,0.3425580779239755,0.2920603819868781,0.09885777924978313,0.8165237560416713,0.29458909982201525
16,16,33,0.0002767293132309891,0.0002478292450684556,0.008173052158289352,0.005213776391938452,0.4441101759333502,0.5042375792555306,0.3302402304589766,0.26137659169261807,1.1055187736771175,1.0257380812170522
17,17,33,0.0009377689720801727,0.0006418921298853006,0.014535750742211487,0.005542402070792671,0.2945457538872054,0.16555359716105825,0.2633720731193369,0.09123676399717706,0.7446406411402153,0.2880729028547138
18,18,33,0.00032971876515313687,0.0008595764222858742,0.005398088000771223,0.003982026904266959,0.4053748730767631,1.1645900408725325,0.18331920728087425,0.1437034597788838,0.6691043652368315,0.5160375525056925
19,19,33,0.0018390309035594603,0.0012818649227454395,0.014499260550082632,0.008344520490536602,0.40748628996538394,0.2937794879062817,0.21576635923349496,0.13016383296848727,0.75444736625209,0.4796256631305605
20,20,33,9.92197768606609e-05,0.00031469888096099917,0.001851136507405961,0.005551145924333786,0.0528322856760391,0.15897382923208495,0.04341613809525955,0.12670137779778776,0.13752086948961095,0.39805730834175806
21,21,33,0.0012894542720239383,0.0007114327870522324,0.014496103895631246,0.005761835652287259,0.3460091336658507,0.187633630684147,0.23676651064016524,0.09044521116760901,0.6367184889927867,0.24903944119600435
22,22,33,0.0003345341733207037,0.00026119923582784677,0.006659127094528892,0.0029860731947363565,0.24819372221827507,0.16908937067046725,0.18355715568318512,0.07357615311751327,0.6503953635692596,0.26677570406505496
23,23,33,0.002126285795715045,0.0009709428249766102,0.025309813011324768,0.005516594951606261,0.38846064923387585,0.18849264890312606,0.3414127763473626,0.07802328123590797,1.0266218203486819,0.23293092646202254
24,24,33,0.0018436096826476526,0.0012176724518454607,0.021938185757872732,0.010643003356923376,0.5453598777001555,0.4932718134046125,0.3783649228739016,0.24083482205507203,1.3125629063808557,0.778398732678479
25,25,33,0.0014631001236425204,0.0007503529119127941,0.017283874563872814,0.0053100965788217104,0.45382318713448266,0.27331276987556263,0.30044148365656537,0.09479325228318518,0.8688880801200867,0.3096328946796796
26,26,33,0.0004054192385493397,0.00032371768968370083,0.00888062786367355,0.003719627139869206,0.19971475642964695,0.1589450474978894,0.19720916675798822,0.08088827166227418,0.6748112413016233,0.27396809021418
27,27,33,0.0015888607418729048,0.0013273768236994096,0.01457357525148175,0.007053873286999161,0.6355206460663767,0.5882415094793473,0.2882090818249818,0.12900711501905232,1.0869339054281062,0.4858548414937695
28,28,33,0.0006485598864718199,0.0005833621781787336,0.013061977313751822,0.00820924380369815,0.5592503177397179,0.5898856337302433,0.38396762073283724,0.24562037817656712,1.2882526983767093,1.0590767435902109
29,29,33,0.0004377645337544064,0.0003486318893469635,0.009795148094946688,0.002939125895333273,0.44702721883853275,0.4655664747963182,0.33212221933133673,0.1790253206708312,1.041404751214114,0.6619435948758525
30,30,33,0.0004831127679966757,0.0002840216932851673,0.010106584014879032,0.0032684699056454306,0.1455719405502984,0.08739596898090969,0.17534063485535709,0.05826666903564426,0.6325557764732477,0.2092935143074851
31,31,33,0.0016173251876325319,0.0009181972432633011,0.017164232209324837,0.005744024046699005,0.46453891107530304,0.24543350235698175,0.29429303245110944,0.0987640339453523,0.9503864031849485,0.3323888027453936
32,32,33,0.0005364663564691772,0.00048258357881798483,0.00985420285018556,0.004103160706973629,0.20841178777768757,0.20319486546011054,0.19243905015967108,0.08801273717055971,0.6589281107440139,0.3233854364938508
33,33,33,0.001146601971633958,0.0007004266931240202,0.014524621465666727,0.004126017097518034,0.45196505839174445,0.22665645014201016,0.2931199222803116,0.06664496449841217,0.8781823100465717,0.20816617560825068
34,34,33,0.00017470603308373194,0.00016730621801663628,0.0048476551892235875,0.0027400454848272547,0.35440717290409585,0.31623348302153803,0.2246825536995223,0.1268814728761701,0.7660856599157507,0.4491229224111898
35,35,33,0.00020356162310759606,0.00037727283644347763,0.006019462534988468,0.0030122319479725427,0.2501930207239859,0.3233724580967629,0.22837128332166962,0.10848700616629436,0.8344783105633475,0.41018675586931636
36,36,33,4.3582576230013124e-05,3.230061190996851e-05,0.0036336580700607915,0.0014055500774388737,0.11942562731829556,0.08005008605878305,0.19154979040225348,0.0706978717062084,0.6599271866408262,0.241164946073738
37,37,33,0.0010737195025836681,0.0011997925681892438,0.0134314396983069,0.005414016965539518,0.45593633006016415,0.43038690040062316,0.28635720321626373,0.09789451793500706,0.9445531097325411,0.37533726716774257
38,38,33,0.00029701824220837534,0.00026238403137734555,0.00853957438305246,0.005290560023767703,0.7210293472038977,0.5803611275796271,0.43170390684496274,0.25599383478804544,1.6220590688965537,1.1478641004125378
39,39,33,1.3014367747625421e-05,6.002963237114731e-05,0.00038630976328225987,0.001692416813223529,0.016012734648856764,0.07367130136106506,0.013572343231123924,0.059307218122688465,0.04916343035082074,0.21590208667098484
40,40,33,0.00019329533869026682,0.0001446104702277239,0.005860065166471582,0.0024147071972680447,0.22173834117976102,0.14481729560827689,0.20135708649953207,0.0787715185310063,0.640118453538779,0.2592952945585588
41,41,33,0.0006329576490591562,0.0004271540926140266,0.009452200889813177,0.0037138974201894642,0.22064949120535995,0.1794570486934326,0.17493401874195447,0.07684093042073767,0.6708854355595328,0.27896944367980564
42,42,33,9.538935421115866e-05,0.00019630206564468894,0.002894282279855983,0.004749572632203181,0.15646939092513365,0.3237058611407587,0.11921767220379281,0.2055464380275589,0.43701544720451635,0.7335529334689115
43,43,33,0.0015351188679536183,0.000780697548006498,0.016598629172552715,0.0042269091279556826,0.30973844252752536,0.19511007025371993,0.23304737652793076,0.06788000678218194,0.8242658015453455,0.24838330977801368
44,44,33,0.0006521147417625991,0.0007860083835119728,0.01202507241925394,0.009828566555386721,0.44628905234011734,0.5370876029511803,0.3414482379501516,0.21417259344606346,1.0195224537993923,0.6680830088713869
45,45,33,0.0031548174112244988,0.0021353730264480025,0.025674766098911114,0.009839299986577376,0.9251378286968578,0.5270826358463514,0.45861920353138086,0.22789497690491867,1.50852683096221,0.7815530609822356
46,46,33,0.0005761021893153111,0.0012123650325124977,0.0058933085592129,0.009858179507118934,0.07732722340998402,0.1590745858997091,0.0685835885723249,0.11204795164823465,0.31052842391030877,0.5113763174110181
47,47,33,0.000870063209952081,0.0005103313660699601,0.010684542019258846,0.004141492941772569,0.36249639082587126,0.23376166755294261,0.21980603558547568,0.10041827965831689,0.7514700537378137,0.3478677936195846
48,48,33,0.0006657068989818182,0.0005852274979459761,0.012432034762406891,0.005117550413647953,0.44814225512020517,0.47645015293362236,0.3181708482178775,0.14147347175946828,0.9190399872534203,0.4383696378185997
49,49,33,0.00031330602800925123,0.00016024362633456534,0.009046410704313806,0.0023536605840606757,0.18861746313897046,0.09158243968442766,0.22286919572136618,0.055630788113342246,0.7468065294352445,0.2043365063011247
50,50,33,0.0009087868025799804,0.0011618568282853415,0.00875160560209417,0.004473741363254583,0.8714675722700177,0.835234156717687,0.29977422862341907,0.15303249827062598,1.0333909238829757,0.5509875127444237
51,51,33,0.0006491081879754678,0.0004983463843696074,0.006590133723379536,0.0026541878735960025,0.725179582495581,0.5801654735508023,0.22083280709656802,0.0834908017784463,0.7955672045548757,0.30262361523549997
52,52,33,0.0009245824070548582,0.0005487634353554373,0.012857089030810377,0.004199955025349655,0.236820903014053,0.13865227386130966,0.20608814602548425,0.0659025007857678,0.5825516238357081,0.19868431672667045
53,53,33,0.0011410072197715194,0.0016735032130468295,0.00874112570432551,0.006491615329701279,0.8038632943097389,1.6758210670870068,0.25805127688429574,0.17996257043536132,0.9596111187429139,0.6759493628973418
54,54,33,0.0003755807851892755,0.0002950317886710412,0.009260894765964511,0.005027855954657374,0.3673906464016799,0.24015345616080672,0.29218905261068634,0.14095574754663986,0.8668333535844629,0.4485270420116675
55,55,33,0.004093300891602694,0.0022652537860488446,0.036187338275891365,0.01087959334413414,0.46110401212265995,0.20568997879979464,0.38998612671187427,0.10536083094367087,1.1626890988060923,0.3483106122660923
56,56,33,0.003570487094817288,0.0024815587108513453,0.04259509505760489,0.01729722347874542,1.2951864950133092,0.9052033804397609,0.8186411248012022,0.30937284735848813,2.018583138783773,0.7632482057695555
57,57,33,0.0002450499097325188,0.0002527905538227583,0.006256854408561732,0.003605369447739601,0.2360175375008222,0.26103818295142667,0.1997440606355667,0.11901448307749336,0.6290916096080433,0.4110199266500602
58,58,33,0.0009320834898530985,0.0005609921392205898,0.012739033325377739,0.003985828571918609,0.34594145823608746,0.19049970908056887,0.24683460277138333,0.07140150504083104,0.8636478212746707,0.2600607336795
59,59,33,0.0001434895285373469,0.0001632044576019935,0.0049330448717669105,0.0025248744928921887,0.142653467472304,0.15557389662973095,0.1565980419065013,0.07636105582117796,0.5870961041161509,0.2983314915138201
60,60,33,0.0004986463396617734,0.00033879450450977267,0.008996068041376544,0.0037173345661648195,0.3013578583345269,0.19289471882281908,0.22257111763412302,0.08755626004398272,0.7734721375234199,0.30856014417306543
61,61,33,0.0009958644888794163,0.0006095534282894026,0.011052922331586931,0.003725874681009617,0.30832910786072415,0.22052322263021612,0.19328786365010522,0.07410424531724892,0.6499774401838129,0.2466476245310475
62,62,33,0.0005144097957589,0.00035291864927460546,0.011327290928668597,0.003941929160930595,0.41665482842786744,0.3099767771454581,0.3252511923060273,0.1312626814152032,0.8398801855968706,0.3233770973008963
63,63,33,0.00053683757626762,0.0003862987304015782,0.01045611497203915,0.004657769368518078,0.22079358927228235,0.16227534284832737,0.21267462140505886,0.09643601845171414,0.5993195546284679,0.28551296136451654
64,64,33,0.0007712635697592332,0.0005986595309984723,0.009872312657535076,0.003868470933647559,0.22017466096263943,0.15517096002165023,0.1655357868382425,0.06257732095651948,0.5664136111736298,0.21709699154746426
65,65,33,9.375109038955998e-05,8.204035115228304e-05,0.0035939755934205923,0.001763032610694819,0.19828283956105058,0.14485879093885617,0.17094041136178104,0.06900630579985194,0.5873323949900541,0.24487102917288664
66,66,33,0.00035624700390282237,0.0003595867272597421,0.0076240623242310466,0.005283432419990791,0.22328684490286954,0.2515784193482765,0.18723814238818268,0.14306529624571845,0.5896834471699035,0.47987989506843726
67,67,33,0.0013288598654043833,0.00048718139380702925,0.0131776155480607,0.002705538660523942,0.41296539726582443,0.20409677454976413,0.22944719750772824,0.055298143669266185,0.7241417612090255,0.18185715452031548
68,68,33,0.00017332218951265774,0.00026830166480566183,0.004516739038062771,0.006018968535637771,0.2467759123768098,0.38894350946781264,0.1651824889894642,0.21494619375831497,0.5864728556029144,0.7143491747573287
69,69,33,0.0035068927532076045,0.0029797027276742016,0.02305488834458452,0.013039075506027202,0.6770418286323548,0.5706464624539834,0.33311967759997185,0.21635288619187262,1.0945719893823918,0.6549282121077005
70,70,33,0.00018186171991780583,0.00015640727039088203,0.006044029695630977,0.0034400537933698973,0.23323918709700758,0.18363255368970763,0.2178312847108552,0.11416796763627733,0.6674174612218683,0.36475272287142535
71,71,33,0.0006882650771083056,0.0006214025844307877,0.011015242007984356,0.0054953389156438305,0.19345211604553642,0.16355353602486775,0.18460933435143848,0.08591238290747671,0.6080363419922915,0.29688227776245407
72,72,33,8.033716590999217e-05,0.00011607580037766917,0.0040440296817740255,0.003141612045957907,0.21772857447803923,0.34004746295784266,0.21219508711135748,0.17166313266282707,0.784938810449658,0.6650250157773301
73,73,33,0.0004832734828761948,0.0003418918866010024,0.010326587630322936,0.004333523273184363,0.3731219542749,0.3539590600301106,0.2986222878098488,0.18662540378867754,0.9641968951080785,0.6536180789326123
74,74,33,0.0005641425016096257,0.0005990235023069488,0.007681728157243042,0.0030411428606484632,0.3836847022175789,0.3074477338473454,0.20846996320919556,0.08949528945205623,0.7946319119496779,0.3530002997349399
75,75,33,0.0003529858065920769,0.00023656573244603123,0.008324296693458702,0.00320960775587238,0.2462523098696362,0.1310477961995059,0.2244654426520521,0.0740585028030933,0.6493795441858696,0.2311917280455105
76,76,33,0.0008364190889000329,0.00043341011382608664,0.013202886210020744,0.003242596993449824,0.23286928304217078,0.114581078867527,0.22088326468612207,0.05705941276573865,0.7572176393234369,0.19159047373376326
77,77,33,0.0011130164070478218,0.001359235072213167,0.013011147479780695,0.00659501100869971,0.11770703251276052,0.12552152473310665,0.13617803969166495,0.06455551423534867,0.6059479704408934,0.3077617454965082
78,78,33,9.753769007037397e-05,0.00015240887651076887,0.003473791516593269,0.0024823574625402103,0.28480915764741827,0.4303485959690029,0.19507970565053173,0.1592675565403691,0.6735786281894816,0.5292009661648642
79,79,33,0.0013137919330884788,0.00048506330145335494,0.020518218251791866,0.004105451425783369,0.40576083867838886,0.1471947624827051,0.36089871868942724,0.06906340299728993,0.9465233484903971,0.19506090818071184
80,80,33,4.589824377696707e-05,3.9800758237199744e-05,0.003766919175783793,0.0017054998487406868,0.27747570407209976,0.21437985798157871,0.29490996129585034,0.12418441741743584,0.964962486967896,0.43270825235655785
81,81,33,0.000563455932327391,0.00036962431548127395,0.009906547652049498,0.0031198932000875627,0.2660431426131364,0.22830792646284226,0.2126255374063145,0.08370520235379612,0.7450006577101621,0.332453734403509
82,82,33,0.00035000261877113104,0.0002314725178980696,0.009410876823081211,0.003277611607273124,0.26747773068420816,0.17212097966185505,0.2606738322612011,0.08700278116662462,0.7124989917784026,0.2711887366680551
83,83,33,7.60244183214981e-05,8.044443652557386e-05,0.0034897546777783923,0.0016699714008746817,0.21092225633787387,0.22307125760383487,0.1881121044809168,0.09805552766902594,0.7010453966530886,0.36730749967139176
84,84,33,0.0005025311230300841,0.0002599105574401324,0.009710047196483973,0.0024566778729502095,0.2554219182242047,0.13834255716211144,0.2228092813130581,0.07036289647841669,0.7117768851193514,0.21764524188943132
85,85,33,0.00031389550779501656,0.00015004191458270464,0.010334758708874384,0.002259898378855834,0.3998646465214816,0.17137868862645858,0.37110920476190973,0.0847819200036614,1.0903255000258938,0.2840471562839566
86,86,33,0.0006837056853603854,0.0005535729264033861,0.011229328924056255,0.005107598267573579,0.222416472367265,0.2075588974907685,0.2015988930608287,0.1068222188953723,0.6920308199795809,0.3534969406313036
87,87,33,0.0016109278076328337,0.0011639256546349028,0.02001136408723665,0.009703971709953373,0.5913182217063326,0.3311619043540563,0.38512562215328217,0.1527616580876505,1.1764383894024473,0.516950199847919
88,88,33,0.00029590152029375854,0.0004659262271909132,0.0053513169083459575,0.005014929114388863,0.3226664512872188,0.42923303263050894,0.1852634188536743,0.17273503380614175,0.6070830380638121,0.5670509180766461
89,89,33,0.0009235536086965691,0.0004914605938483186,0.010344282187747232,0.0035115445778969344,0.26325888683398563,0.16946746482767136,0.17325180249683786,0.06669331351364564,0.5872293060476129,0.21613149148626395
90,90,33,0.0005585274482269376,0.0004199687580211526,0.010600649789100025,0.005761750594912467,0.23848857013790903,0.1712610877838742,0.22035868256127944,0.11599689133455167,0.7250864391023274,0.3994484655885827
91,91,33,0.0005037844171469756,0.0004920321683068729,0.011112067298117008,0.00721262461167289,0.5756240631594802,0.5569723965002342,0.3735631435657992,0.24884969528071793,1.0120976955601664,0.6899969059306875
92,92,33,7.030165581013672e-05,0.00012808893072199456,0.003673358601659085,0.0020009978817499175,0.17062163866604818,0.3272349035893213,0.1790743921742295,0.09832172492116265,0.6571026886954452,0.374766706128601
93,93,33,0.0019599641249938445,0.0015600183721333396,0.020508315922184425,0.009666033923949777,0.3138079677115787,0.28335479385060025,0.25775323672728107,0.12907717196988563,0.8683295331218026,0.49407981122996353
94,94,33,0.00022825825451008947,0.00035140167705870906,0.005005826164657871,0.0028724898815682505,0.2538600919598883,0.22768630881166171,0.18064005334268918,0.07290478499863733,0.6852888248183511,0.2932787239509917
95,95,33,0.0006897871071211712,0.0005220245395706816,0.011025360926534191,0.004261067047798153,0.1932767258223259,0.16807337826079227,0.18318614002430078,0.07369818489687116,0.7873949101476958,0.33088445339694983
96,96,33,0.0005144777061297756,0.00026319746584757146,0.008871338640650114,0.0027292842335158037,0.2810403047637506,0.1677079925934898,0.2059568546035073,0.06726980624910611,0.6559555033842722,0.22133828516924423
97,97,33,0.0020167661485064664,0.001232295035190016,0.014566594480790875,0.0053930016778565406,0.2869791691050385,0.2294677138112596,0.17322404885833914,0.08219451662765688,0.7230857050780094,0.35112754171450644
98,98,33,0.0008907742748940082,0.0007412376145940266,0.012493975686304497,0.005337060374476728,0.1626489773166902,0.12187470872213976,0.16890995068983597,0.06509740095965685,0.6282549085039081,0.243666670395527
99,99,33,0.0001634907214545158,0.00029820518259246215,0.005138690442298398,0.0037258648271410125,0.21076190751045942,0.3777128793554567,0.18768691994024045,0.12777230682214386,0.6611374043153994,0.4703373027894997
100,100,33,0.0002181978895598812,0.0002307683749902519,0.00498928583995137,0.003819587824176921,0.2083733790751663,0.21224530869417702,0.15749440250096702,0.1190539386359948,0.5655239011255424,0.43057232707399634
101,101,33,9.643442630972872e-05,0.0001548283264759232,0.0041678933511403475,0.002547732582587327,0.1373568642320055,0.20117658692143167,0.16070536614367456,0.0954040318720319,0.6214879976980614,0.3683916674522436
102,102,33,0.0001684539099435576,0.0004503474440225329,0.00471213923513212,0.002278765582137689,0.3129753564681971,0.8570189191047958,0.20779368529717127,0.10368462314722739,0.7417099421674554,0.4011015764941426
103,103,33,0.0002338661475787927,0.0004712551489749657,0.006575523198328235,0.0035081663274158753,0.41935448348522186,0.8359198155614166,0.2797466909343546,0.15020375436011668,0.8749702247706327,0.4828136335288539
104,104,33,0.0005116910230726442,0.0003440263741800016,0.00846008314384204,0.0032729680527892736,0.22243079193162196,0.13487946238645931,0.18350064641598499,0.08429074473413202,0.6176766509359534,0.2805787316903344
105,105,33,0.0006750507968580209,0.00046475564055195405,0.011897835682964686,0.005886919188934952,0.3086769684697642,0.23631474707687228,0.25169163852026966,0.13815984105716136,0.7917096009760192,0.4449768132682434
106,106,33,0.0008841336330629985,0.0011361924775679041,0.01182667786779768,0.009343179745762192,0.41043881332558235,0.39805541874271994,0.2710087357063352,0.21511700613869633,0.9489001189985699,0.7631410386678034
107,107,33,0.0007705751640693934,0.0003956623365818393,0.011572330682115122,0.002826514062910526,0.36094691536643286,0.16826727032995836,0.2517038362495827,0.05638467159497199,0.7788800380446694,0.1823331390717774
108,108,33,0.0014674476088575002,0.0009341585910117697,0.016869498995330297,0.006127120807699141,0.7687805651715307,0.5165321522226838,0.38647632571783935,0.12350953673903757,1.0688628680778272,0.3464937642317771
109,109,33,0.0013343548718804607,0.0018324475269234195,0.014364051322142283,0.011326479362752913,0.2271423250662558,0.3024364856093809,0.18992951196251492,0.1389739791330225,0.7471058982791323,0.6009712922140679
110,110,33,0.00044003805779732033,0.0005675922297974092,0.008608441758638148,0.005853645776936822,0.42535484649918304,0.3925590918439898,0.278610869914988,0.1555200707893304,0.9002253441657792,0.5164594733080238
111,111,33,0.0005656011123915739,0.000396607076089911,0.007860732504702879,0.002673801791251214,0.7579969253503915,0.6990729798252835,0.2799056194948428,0.09114998555624733,0.900768316153324,0.322519129500919
112,112,33,0.0002524710235416988,0.00023391216933963923,0.007235227434924154,0.0031949833373677303,0.43784294616092334,0.4832123241855139,0.29813856225122104,0.1268864254691438,0.9378364989251802,0.4247683018311103
113,113,33,0.0001950532048409293,0.0005169937477584429,0.004185353592743702,0.0031554995054346316,0.324630057721427,0.37509355956458335,0.22855345769362015,0.1096898976177981,0.7413307753476229,0.4134486240365161
114,114,33,0.0006307540764585914,0.0005781271668250827,0.009023954047623909,0.004346850140369812,0.27619421685283835,0.24453651032667267,0.19548638006954483,0.09305841204177996,0.6835768037673199,0.32119459166007974
115,115,33,0.0002677244523180313,0.0007294581396379015,0.00428367639661829,0.006317220427512192,0.2674095693862805,0.45799444879089524,0.15730688174424112,0.19303517972710812,0.555152716464038,0.7016121781071174
116,116,33,0.0007185336536636124,0.00042562036037790106,0.01161884931339459,0.0045436936851006105,0.3795820025332046,0.1830762947888162,0.26995601572773675,0.08964836165951962,0.7943999857613535,0.26487496213462436
117,117,33,6.0211658144522296e-05,7.657904705428381e-05,0.00410683620650547,0.002449135767640424,0.14373934285884554,0.12760418580603697,0.20673307889338696,0.09666912495822898,0.7696804919026115,0.3778896098880682
118,118,33,0.00015128136589158782,0.00032985482048029506,0.0038553212070837617,0.0023252794114788093,0.4801379572882345,0.9199634468289016,0.23283272913911127,0.13112575662631126,0.8307307380618472,0.4856582713388328
119,119,33,0.0014282072317490185,0.0007931170714627723,0.01691062423880353,0.005228551632366234,0.42700722271745856,0.23525458035983127,0.2917100331096938,0.08617349931945807,0.8056733852083032,0.24314038790326228
120,120,33,0.00027032525648599295,0.00013119885099014715,0.008038834880360148,0.002134724850425401,0.24614356954892477,0.11658324482091352,0.24280182339928366,0.06658323142504946,0.7620883511774468,0.19459291687095404
121,121,33,0.0007943184865518671,0.00048371960594111827,0.010484109054122007,0.004070851520573822,0.4641228686227943,0.29328086436735606,0.2545005110177127,0.10288971566686976,0.7231091576995272,0.31627358065638095
122,122,33,0.0005562351505046315,0.000412971257074495,0.011146626985547218,0.0058850105463630585,0.2577191090041941,0.19378510745140662,0.2400212725906661,0.12784580082700725,0.7775959426706488,0.43545938263920553
123,123,33,0.0009068462920064727,0.0006329593350332739,0.0129888170878544,0.004926553905377816,0.2658394666557962,0.191946648507676,0.22334057589372,0.0939881909877344,0.6714822613831722,0.3221026389727053
124,124,33,0.000704998967579961,0.0005255873801830531,0.011178138736409672,0.004676187862509987,0.2815408892365116,0.18666544359227516,0.2259639711542563,0.0886628129908208,0.6971725667967941,0.2772197237575139
125,125,33,0.0005206254910180261,0.0004545426344116411,0.0111343799102487,0.005430051859887024,0.3199172427482677,0.27803111419618287,0.2788213078271259,0.14428400803374836,0.8546156269131284,0.47310747396266917
126,126,33,0.0002123365129591548,0.0004735915062972197,0.0059813493827470775,0.0035771099661972222,0.3089327365794981,0.6875171234739721,0.22160576995123515,0.1426340119617129,0.7409504182410963,0.4803075112412606
127,127,33,0.0005702306267218746,0.0005532336676913364,0.010596717376205506,0.005764461528845781,0.5986863886443616,0.5402389624069397,0.3531942329171932,0.18479574697421428,1.0284397863980494,0.5927333835542605
128,128,33,0.0004989842679854271,0.0004127107205756079,0.006196500765244392,0.003155894441539473,0.45839858605441725,0.37354444356334054,0.18696077743714506,0.08066855784111167,0.6140967133370313,0.26198937716603293
129,129,33,0.00016328976828321396,0.00023534149892163062,0.004519877419101469,0.0029593998020641297,0.24038691011567911,0.38119803978778083,0.17242939228361304,0.11026775825500666,0.6197858172835726,0.41620589619775417
130,130,33,0.0010312050625075106,0.0008967359572595657,0.014576641687502464,0.006611226546335348,0.2041591221861767,0.15413597502598197,0.20887041543469284,0.08225147857707227,0.7308909640167699,0.29440545819617064
131,131,33,0.0018337107780318934,0.0011304138576612502,0.014577615582807497,0.005827855314415521,0.6515418738126755,0.32263715443296836,0.27796112542802637,0.08933308523855504,0.8493412218310616,0.31042508997371937
132,132,33,0.0006063448877698233,0.0003902222049913428,0.013458568264137615,0.004499926806954745,0.2950195347269376,0.1627365101229223,0.3005748458883979,0.09259057308429028,0.9258113973068468,0.3206745783245508
133,133,33,0.001496135741366412,0.0010280908057277206,0.01188845627687194,0.004751186638261987,0.2808165076104077,0.23369293436777774,0.16111593377409558,0.0754739298832671,0.5595120001922954,0.2853258763606316
134,134,33,0.0005005053340786011,0.0005601158157786617,0.006591269951745462,0.004719154665726317,0.7804750018527337,1.0542332778440948,0.258676122717136,0.15576738854017444,0.8604444587438275,0.4999751376621709
135,135,33,0.0012581651734018867,0.0005120445862554963,0.01802330469769059,0.003791934841140288,0.2747456815206643,0.1317137882713518,0.2647734618548191,0.05863235409446982,0.8287569555369291,0.18749261103550396
136,136,33,0.00026084657910167044,0.00029386590678855454,0.007903174617130197,0.005949108424653339,0.4367981127491503,0.5373252048726042,0.32610688200502685,0.2631418870416717,1.223669955224702,1.0250076088678022
137,137,33,0.0004289737584203425,0.00033867592245866813,0.007270761356322151,0.0025415391530821214,0.2200607694685459,0.18272770249628387,0.16336961022832178,0.05476746204428469,0.5409286491798632,0.19474638303076838
138,138,33,0.0016890985346187583,0.0011128774517058825,0.020397926088083874,0.00779846246815712,0.4168348294315916,0.2789936162741237,0.3204984732649543,0.12343673134879829,0.8825610027168737,0.32747557412098055
139,139,33,0.0009647859348633299,0.0009611579473424347,0.012631097004156221,0.007276277899046068,0.23010147656455185,0.22533906277166746,0.19549565830013968,0.10852413066133396,0.7303510362451727,0.4165505897613092
140,140,33,0.0003681844376511766,0.000334542663512918,0.009929365305596906,0.005347011783207511,0.555978633406939,0.4326211089548283,0.4015026699864503,0.2187605544749877,1.350811731634718,0.8233253682274068
141,141,33,0.000502618093764106,0.0007621708284568054,0.009598484954260515,0.009197754625297424,0.2900893460168983,0.43875176015859196,0.23288626314112634,0.22176045419452273,0.8440049660928322,0.8195851239957188
142,142,33,0.0005576070008318671,0.0010933513448177406,0.006565909279029267,0.007484111738882242,0.48900368914121073,0.7882671125117872,0.215172278239545,0.2474418119604223,0.8064211497304297,0.9261342099426327
143,143,33,0.0002526547252934754,0.0003237676641835172,0.0062879149336367846,0.0029932621206031225,0.4451019815310384,0.5585242836638035,0.2704655214241057,0.11811221419541305,0.9469106793403625,0.4594302733956065
144,144,33,0.0005860162784687639,0.0005858944303504869,0.010231691920621828,0.005355723148286034,0.28430329556718015,0.2899522654416766,0.22760317113363382,0.12840307069397858,0.7500854694482052,0.42982208511565834
145,145,33,0.0007674619177344016,0.0011444246704807872,0.011429275189658084,0.010145856948036418,0.3435243656012146,0.6071087373167022,0.23548133802792448,0.25203655156877847,0.8054809481682077,0.9036395261171819
146,146,33,0.00045750463830314186,0.00036690923076445654,0.00814644679894824,0.004969060516900468,0.28102879632603045,0.2707204489718683,0.19917072912576986,0.1316072027792123,0.5908841808105026,0.43583631244092086
147,147,33,0.0014319891104770993,0.0009765270183509034,0.012731511823155663,0.004885307498753448,0.34886032749306073,0.2635058071698612,0.19877646028092413,0.0783692555863131,0.675461928952824,0.2532277429678634
148,148,33,0.00045277899489244163,0.00036554594476233656,0.009219101848870967,0.00493632066616101,0.35153139828506746,0.2809151404393153,0.2561921784372041,0.1369014364186841,0.7905107194727118,0.43111316037914893
149,149,33,0.0005413285215388786,0.0004025844705633688,0.009882251407499567,0.003944474092458848,0.19465229220011018,0.15037553890398572,0.1872525874412421,0.07721566901496534,0.6524322945060153,0.27365288755685946
150,150,33,0.0029246861407900174,0.0015254932163840844,0.026148900530780807,0.006244431205664763,0.6119251278313723,0.40299190845400024,0.37392128281521075,0.09962250223727287,1.034040053685506,0.28118264129639653
151,151,33,0.000605690089948687,0.0004653664772960723,0.010231403506953608,0.005074884363074675,0.31351779288414755,0.23702978931895896,0.23433965105902066,0.11570872996893816,0.7464818493886427,0.3885474288713979
152,152,33,0.0005947740642251588,0.0008902177622429762,0.009697998111898249,0.0058005414267557655,0.32466191911336145,0.41681060237898804,0.2347678237340667,0.12681072912971378,0.7284374083533431,0.4221366973179315
153,153,33,0.00155243699290705,0.0009114747210831365,0.01608391082140081,0.005177553107834238,0.6059755685203003,0.2898775427022048,0.3181445316383333,0.09534716472445703,0.9071256744139122,0.29634609706682263
154,154,33,0.000267621172965984,0.00015577809675535262,0.006672492949292064,0.0019109281503648743,0.2802540472511089,0.20087801507945957,0.21451756764541974,0.08131912181556325,0.8015310168266296,0.32136288757423
155,155,33,0.00016558516885693692,0.00017452909782171797,0.005656692100632371,0.002932212445883105,0.22351370559948863,0.22693664851683004,0.21051415507540558,0.112800678218756,0.6562625612273361,0.35885286175197467
156,156,33,0.0003188282713160857,0.00024004023567600067,0.007871500773806914,0.004088412398682148,0.5555736544457349,0.3485573066667059,0.3592921197414398,0.20809075926706574,1.1689694903113625,0.6921252051176086
157,157,33,0.0018799216239572022,0.000752974852999036,0.02745838796324802,0.007179593305142508,0.5199571631171487,0.25005505317659643,0.4570177626429182,0.13476282684889257,1.403904058716514,0.39950172325363964
158,158,33,0.000547970971665839,0.0006458649178035096,0.008613510276049827,0.004352461754374435,0.27502755047471233,0.316290859846422,0.1936918469992551,0.10238212769221097,0.6049153800263549,0.31211100387590296
159,159,33,0.00021119701054748006,0.00023852610690470305,0.00522961763128864,0.0028657385061023736,0.22830381588728138,0.2603387464866529,0.17811213636940176,0.10449841290008573,0.6347301259185328,0.3797242247068153
160,160,33,0.001082809768955816,0.0007085108248922998,0.011185894917809603,0.0043273486328693316,0.29029688024611183,0.20191922836029152,0.18126702918247742,0.071565179947751,0.6043299621704853,0.2469040556770731
161,161,33,0.0021862254502731516,0.0009982583763314286,0.01968600361071753,0.0052029705653773165,0.5698157779195092,0.2742874008409149,0.31806525046175177,0.08862852655555399,1.069051130251451,0.3058836635059534
162,162,33,0.0007349903384183011,0.000501290945554712,0.009721446916404548,0.0038305346903589883,0.289523347704248,0.19759450670152698,0.19342102132963412,0.07386826122169446,0.6404559386499,0.2601137762831921
163,163,33,0.0005636846249355144,0.0003601361530294872,0.011093236040323973,0.004349291903943443,0.2832864659527938,0.1678183959639391,0.25308591804721137,0.09375662826984094,0.7423400463479938,0.30490817814369486
164,164,33,0.0015772478064084708,0.0009374470911780531,0.019001118426293827,0.007959005108922763,0.5321731079708446,0.25762315576727884,0.35546834573216407,0.1383357783366592,0.9648013233800418,0.47110673900500577
165,165,33,0.00023036434801972745,0.0003225244274367105,0.004820508919192633,0.005420345932453113,0.2797920792504696,0.3753771140931131,0.17239259363287623,0.19823612066783222,0.5884939808740788,0.6799394961717178
166,166,33,0.00028657478921531674,0.00019615225523379891,0.006565494392292969,0.0028157127657858455,0.15639041262594136,0.1141134945793438,0.15125398563616205,0.05995134863810581,0.5349301939660852,0.21979720092465377
167,167,33,0.0005531226576722199,0.0004697555046429971,0.009772907773202116,0.004171417429913035,0.5528340005513394,0.5023565784917209,0.3153387055252538,0.1286807632957517,0.9988498732899175,0.4183756781173606
168,168,33,0.003380940413163361,0.00210150784434106,0.028718669680088307,0.011587913849606104,0.9495603442756515,0.4934739922705488,0.49561477813756827,0.15683950023804372,1.3521900140877925,0.4480762271433033
169,169,33,0.0005160311907688579,0.00037654410890580585,0.009327272792826549,0.004267550219964256,0.2551327488864913,0.1665150483561094,0.20970993105209235,0.0907356303224764,0.6048785655787496,0.27553100014035015
170,170,33,0.0013715319223455012,0.0011921480701497275,0.01197252899521228,0.004621343152412842,0.9034261753161749,0.7030085833835906,0.3162083887692654,0.1304641923313322,1.0378693197712754,0.4609596023491797
171,171,33,0.0033802065088159657,0.0014514415623368094,0.029675848612731152,0.006873230442552221,0.546442114945614,0.22065458750173264,0.37968218778118945,0.08631216113944966,1.025320873116002,0.25840023075707347
172,172,33,0.0004786288486546696,0.0003072752394596577,0.008060101165690205,0.002050409496727583,0.2899408202731248,0.1547440511036029,0.20297080865412048,0.051903523260212574,0.6742367121306333,0.1812060362666285
173,173,33,0.00017748422474004187,0.0002361738002728339,0.007428463379090483,0.003067316630910372,0.12072167827775984,0.171245958473021,0.19339999759739096,0.08813015047275627,0.726923383546598,0.331438959635013
174,174,33,0.0001426472648139073,0.00014003079864600206,0.006431186998573442,0.004549050148497269,0.4129958392374895,0.3795728281161949,0.34727248639771435,0.23332453725401786,1.10768288193327,0.7419799241380455
175,175,33,0.00040167180409436253,0.0002844080343388137,0.006410516043560523,0.0022976341051471625,0.32995586356881895,0.22228051619483266,0.18364202344056332,0.05707912436495604,0.6131592401952455,0.21046430028430851
176,176,33,3.0346813260125188e-05,3.119571815067165e-05,0.0029437410235969405,0.0013426665141502395,0.10710842444589644,0.10879329059357094,0.17549336859674164,0.07966863226006764,0.6727436446782314,0.3110107046234782
177,177,33,0.0013598930125943189,0.0006832019504667374,0.01579799796595718,0.004749693411020295,0.4762689283851421,0.29747759582080197,0.29475665814948804,0.11502742522753545,0.8287788530190786,0.3381252231441268
178,178,33,0.0005112340474046174,0.00038069223909469475,0.008713726617508766,0.0035443033741950013,0.3625991197698044,0.27489228715453645,0.23230227037812723,0.09405870104306747,0.7319859103723005,0.27222245652491894
179,179,33,0.00016770621863487935,0.0001984703879992951,0.006442207938314162,0.00430484725074876,0.33456042171879247,0.3459306122270879,0.3005081844149214,0.19353925603201674,1.1205239747509812,0.7508524151191306
180,180,33,0.002672706140208792,0.004579499683479431,0.02069105367373788,0.021861632656051528,0.26044058280460763,0.33820387234008153,0.20910551534457641,0.18202316710623745,0.8206777346856666,0.5873015610482167
181,182,33,0.0011805706208730098,0.0012764814801582037,0.012651677723183777,0.007965729588599221,0.6677557441095511,1.1091009719538543,0.301102350832838,0.20153811073596645,1.1137691447229097,0.7965684986486359
182,183,33,0.0002461661446652601,0.0003293948650040553,0.00625023465791064,0.003924089917814863,0.49394325466092787,0.49146527458078143,0.3022690223847723,0.17913501473345858,1.0574390660499178,0.6656136625919852
183,184,33,0.00017035000250457827,0.00019439933972927853,0.006779076587973219,0.003874556219390319,0.19415108780517723,0.2182106620669312,0.22955799531756024,0.1318509685569999,0.8889094654357794,0.5336922683577605
184,185,33,0.0009385047629951838,0.0006009842417131153,0.01036224766831958,0.003960366632196599,0.28847055983814324,0.17653146924702515,0.1829657182097435,0.0662924075696197,0.6267207219745173,0.23553402709842142
185,186,33,0.0002320465166783172,0.0002159775648502444,0.006830465408380736,0.0029677060425840306,0.15296665076730828,0.13777988679112727,0.17548045696634235,0.0751490399976512,0.5785943883838076,0.24652291793212933
186,187,33,0.0014938110257251979,0.0014187581608409564,0.013384722271990595,0.007042458759462033,0.1868386050742684,0.17727714173845996,0.14874215096686827,0.07776696847317345,0.6550049167690855,0.33815562927186227
187,188,33,0.001481381803883282,0.0012723151233537528,0.010675938164984638,0.004445571744574002,0.6200835445162022,0.5621806558752113,0.2162081484090198,0.08578946211971761,0.7107727617928477,0.2832520540020551
188,189,33,0.001432130664893934,0.0008867023753911118,0.01385986658208298,0.004565808332801654,0.43170801843657636,0.5948465546146412,0.2326383265581998,0.11362530880344845,0.8023063639799753,0.33553041946314505
189,190,33,0.00015798611291922333,0.00017174501553906475,0.005769931605424394,0.0036824353110488013,0.15839405352193298,0.17370266453043653,0.18257683244618503,0.11695646985682369,0.6564064703204415,0.4307014973364417
190,191,33,0.0007235847574933855,0.0004928296849889578,0.010235281632930943,0.0036324182680577575,0.30191450746673526,0.19364355389031954,0.20953675201444916,0.07418955746920874,0.6429435077941779,0.23859735161705828
191,192,33,0.00047029711332112185,0.000340411482286316,0.008128842197810158,0.00345615504724903,0.20442852719376484,0.15469063978605227,0.1691355643173059,0.07364482214513096,0.5766264322129163,0.26322247242768476
192,193,33,0.0008786046818193317,0.0011638315335599724,0.009468939821368549,0.007961577702760205,0.584920707356298,0.6244376459627596,0.25426409356852675,0.21343475053456662,0.978352742221562,0.7915721053934718
193,194,33,0.0006667016828997117,0.0004789876572083708,0.011969661114342285,0.004557995399972622,0.2120466376795913,0.17853535025502448,0.21236728380123773,0.09129803706458972,0.7399146863908479,0.3370703993109742
194,195,33,0.0008044842261094318,0.0005509372826003755,0.010030339429662987,0.0039601617831238126,0.24548266613573738,0.17075236158056414,0.17456837901563355,0.06818898883118683,0.6054490316997875,0.24448037569405573
195,196,33,0.0019290666060635085,0.0008566026155354427,0.021595400786309532,0.006089889338418661,0.5284652655774896,0.2156821689013104,0.3570193440625162,0.08942073190251218,0.9445096904581244,0.25266629269096597
196,197,33,0.00032162805995760596,0.0007308257234380186,0.004630591723870373,0.0028390788395373716,0.6494797024254998,1.5406711862267304,0.20774911106987434,0.1319383977719341,0.8176182540077152,0.5018020001824673
197,198,33,0.002244634112822964,0.0012237379481787121,0.02193127753156604,0.007366246657195079,0.49329788079767517,0.1894135623697351,0.3320541684374665,0.09328460897564868,0.9798068738344944,0.2944796102057697
198,199,33,0.00015815058335041007,0.00018461455666486586,0.006961634319106286,0.0030811634282229086,0.16672615526300488,0.1417723543943092,0.22965014500148367,0.08965390552918406,0.7886585159735247,0.32710303861812945
199,200,33,0.0007623226825451253,0.0006140929905065318,0.010731764278854385,0.0046289071248292,0.2360445876238924,0.18975324853172823,0.18980321310686343,0.08118977195203973,0.7135794262091318,0.3249899408953178
200,201,33,0.0005421108878429302,0.0004419512549111511,0.008713708767159418,0.0031298382988592974,0.19551558273308206,0.15841301423800344,0.1663666410428105,0.06619292009691359,0.5982067025069034,0.25090183772231495
201,202,33,0.0007111825781810859,0.0007308701522124334,0.011981764201526388,0.004047661451546464,0.2512561349254666,0.23116551186035456,0.22883730901010108,0.07320730125521033,0.7276295893120043,0.23569251933164304
202,203,33,0.0010802140415321585,0.0005558199728050282,0.013964646552322489,0.004133419749749384,0.3126076657437917,0.17283144505060916,0.23621087950287442,0.07279113183702335,0.7280441910931559,0.2220431752862125
203,204,33,0.00035457829642726927,0.0003873253296770961,0.007448881666994456,0.005185566797348977,0.38392883875040396,0.37324885081276155,0.2540670732657115,0.15731977433692784,0.9259594444072607,0.5816959161091133
204,205,33,0.00011684084638270151,0.00012667257824472715,0.004953986421848337,0.003383141102194903,0.20632753744156976,0.21416837088691174,0.2126178958199241,0.1413415104614499,0.8156293901530179,0.5613802201405943
205,206,33,0.0005636206527318185,0.0002825151212536116,0.010473629502071575,0.003648937217868549,0.45745646727807593,0.23524216698749972,0.2976801390900756,0.10656704252339896,0.8674828681078824,0.2919929775694657
206,207,33,0.0004889012807600949,0.0005598054515344953,0.00896044376211827,0.006286446368946106,0.34744098522897926,0.40142641109520727,0.2439072820133308,0.18367506169931763,0.889650624423529,0.6820890427511916
207,208,33,0.0009957628288689054,0.0013455289372603053,0.011285768669470876,0.008597695785531101,0.5273394484750249,0.43496998427810457,0.2701488899351695,0.14089256643515025,0.8738657251010145,0.4457992495835693
208,209,33,0.0009831384575756435,0.0007487666814615491,0.014213059633744486,0.005257979559988335,0.21946050904013895,0.1739430655600835,0.21386215542301987,0.07953127971533301,0.739881309595975,0.28824680790552587
209,210,33,0.00026732133849718866,0.0003130052315719252,0.006301966121871815,0.0030692744928606987,0.22480863090040107,0.27483127276445035,0.18428633158857172,0.08544100192968258,0.5622749996907783,0.27106468917648563
210,211,33,0.000858328566237381,0.0007688619329898645,0.014171248555860737,0.006638192849043087,0.24990022679169974,0.20932663190847287,0.2444795866807302,0.10323138925686802,0.777668957457398,0.3761947254137843
211,212,33,0.0007467755452980231,0.0007509798359312977,0.012850559401241217,0.006540393374541047,0.22778020765293727,0.25463565317505304,0.22071079074433356,0.1234750847103229,0.7136915001002225,0.3585742080240445
212,213,33,0.00032571122971024704,0.00021740293372826103,0.007901966190812263,0.00285663862475704,0.19890434046586355,0.1361873741781656,0.1952396041967652,0.07232398346754498,0.6228112731919144,0.2255821436712364
213,214,33,0.0003378459402456153,0.0002554043576235822,0.008364791008220478,0.004124658192557798,0.9057834961197593,0.6234818576406972,0.43896970423785125,0.2086783009771329,1.45839614759792,0.7674136340707199
214,215,33,0.0008864700843553168,0.0010672513856065644,0.010857143012496332,0.006690268829342767,1.3951936845075001,1.6065316961400011,0.44427536766637454,0.2380912399123434,1.295407344897588,0.6480842048978133
215,216,33,0.0009437629776198953,0.0005929864010193026,0.011150054358453914,0.004857685531464981,0.2740990583869544,0.2128339002446842,0.18846312007217697,0.08968716317986183,0.6450299819310507,0.3175533499287537
216,217,33,0.0020276956281370735,0.001539493051725454,0.017551641685493065,0.007177654566031992,0.3131149312989278,0.20141408731839613,0.22483238713307815,0.09404598704177686,0.7429036317449628,0.3139194413856138
217,218,33,0.0002286665934882353,0.00019508776089514196,0.007711652490867417,0.004996509323922056,0.47875796958352584,0.4170562920648407,0.3629360641322728,0.23620925718124278,1.163517494868286,0.876954736587955
218,219,33,0.002525305625926139,0.0011720853800310529,0.028547529977830974,0.006511123571895831,0.3522540114142678,0.1717019482684923,0.3364830387361122,0.0832411434741043,1.016858216488,0.2970792813232117
219,220,33,0.0021279157486843,0.0013126031479391129,0.017003571713399706,0.00603093687123336,0.4528108636538188,0.293806747108858,0.2460244796944387,0.0884909848650538,0.945774647322568,0.3677507750775342
220,221,33,0.0010069480596223111,0.0007327880193581722,0.012035209502121716,0.005413989363696833,0.3683641118307908,0.2682639160611469,0.2310211839097919,0.1031423965791997,0.7257947975938971,0.3457367173175639
221,222,33,0.0010237728384901966,0.0008777891714882939,0.012826100471570637,0.004436206436742335,0.36387533750949486,0.26756530106272086,0.24559229386575293,0.08365167572467497,0.8147336036869974,0.30440554703796585
222,223,33,0.0003840558396901046,0.00042974529227694444,0.008262698646323369,0.005315122048785064,0.6566656543449922,0.715094249301144,0.34197547916785553,0.2265821144594206,1.1455557677862802,0.7521908728349727
223,224,33,0.0003428654059655056,0.00038744011016220365,0.00605827932612914,0.0027932762395315195,0.502273487378702,0.5682696962343763,0.24424774944782257,0.10697572007000596,0.7983268409064321,0.35731855441010224
224,225,33,0.0021109996931486285,0.0010973458568076797,0.01821363674984737,0.006436163795650978,0.46996008012105117,0.3486162129635164,0.2628928016532551,0.13312814176197732,0.733185199174014,0.30645300831875216
225,226,33,0.002823126327712089,0.0017118806846755522,0.022992010030782585,0.007464972339074757,1.0173584340196666,0.5247700481150468,0.4342167187820781,0.11291960815486253,1.2968011624885327,0.3478991735617586
226,227,33,0.002230754302052612,0.002065324031558468,0.018368596944845085,0.0062000741676591165,0.776916009910179,0.7624515594304724,0.34118747530561505,0.1497384868085182,1.0176723491061817,0.4989151069451108
227,228,33,0.0012894009282304482,0.0007902214958399026,0.012944300263894327,0.005608612389550141,0.4786524080643148,0.4332831209217688,0.23631055562785178,0.12291616591003492,0.8846791738813574,0.44542729544945325
228,229,33,0.003613857628255518,0.0018511706354661561,0.03086953553738016,0.0074315089507376,0.7007077521446979,0.44324306324611235,0.4268606557990565,0.12420290260566776,1.189808352427049,0.40463310840448713
229,230,33,0.0029517383857940636,0.001157171297551042,0.02498989969943509,0.005816738954738957,0.3457811160972624,0.16792075727207956,0.2687626946153063,0.06780181867645181,0.9248106380303701,0.25140073637752663
230,231,33,0.0012011870834006306,0.000788959156104646,0.01272958175589641,0.005069574521314975,0.4632287967498555,0.2846493825458684,0.25091078425898694,0.09035255883252973,0.8677466042114027,0.32054176429441045
231,232,33,0.0002032563713851921,0.00013777142594930205,0.007673250567732435,0.0024769222257155095,0.24777260185642677,0.2028327684174601,0.26395425764900265,0.10274784149234786,0.7066128226843748,0.34794580768100075
232,233,33,0.001656771029798399,0.0013444358663879717,0.015385371732154613,0.009278799323773353,0.7297102553261953,0.6125188072115857,0.3135520734755814,0.18427371795147915,0.8661482652229464,0.5176300023564212
233,234,33,0.0010250240500847046,0.0007544113100951104,0.017545544909256878,0.0078045274062165425,0.5018911675521822,0.3831220667966675,0.3884887352134242,0.17404420329700107,1.0839068420005566,0.6301761854686669
234,235,33,0.0019960478618458815,0.0007577761992987136,0.021007468077269466,0.005146771140410078,0.6957344710826874,0.2692664488543358,0.39194734755790595,0.09930313584296736,1.1027429121913332,0.2965623186073669
235,236,33,0.00040430790889359105,0.00036284706744677664,0.00772491011373473,0.004338876542904238,0.19540204175493933,0.14394561579327722,0.17099011170141626,0.07815671601450155,0.5794773165023688,0.2688951926358712
236,237,33,0.0002228443286323013,0.00032935047690704305,0.004742965546690605,0.003542252420953142,0.4390723357880206,0.5419113191431768,0.2198138948191296,0.12512403636331526,0.7244005112937002,0.44463205847757564
237,238,33,0.0005063405809447762,0.0006063229957675997,0.007884830631541483,0.003942143899560188,0.38920878099672723,0.43723831564075805,0.22371931035410275,0.12460229922858772,0.6294613832777197,0.3695153758743882
238,239,33,0.0004020577665263166,0.0004492083656880697,0.008306114694498705,0.00404464236288135,0.17977873924555202,0.24003202164123877,0.1736022143652945,0.09393345898303856,0.6025526559714115,0.3465189430981575
239,240,33,0.0004332967238786461,0.0002921750030118864,0.009468272046157808,0.003487166894850299,0.1939684102932612,0.1227927098067396,0.20110881712400552,0.06924522460992527,0.6352967312841704,0.23951692594369534
240,241,33,0.0012119980381226703,0.0008735252124869771,0.01039579753397089,0.004222372962487599,0.4416684215944825,0.4067483590354878,0.19960263777862897,0.09677770535687902,0.7010923217643391,0.3276470272989274
241,242,33,0.00041922751816772774,0.00029920590848163154,0.009456277126362373,0.004207105823139768,0.18715069646185095,0.16399638406175016,0.19452519627054454,0.08190104308091939,0.6429812068177805,0.28356820872951205
242,243,33,0.0005725501893418065,0.0005231164738626812,0.010079022736824823,0.005812724380429949,0.3111534718649857,0.347641213543972,0.23615533497297403,0.16610364615976622,0.8384063578013218,0.620916097552574
243,244,33,0.005750158478115212,0.0053670331383011095,0.028920039645104544,0.018700351603990195,1.187047799428304,1.3657235508673347,0.39974107594218566,0.24801483728160062,1.6263119131745702,1.0633282649994422
244,245,33,0.000804097178677859,0.0004952564417653307,0.01356856090327104,0.005763075336903306,0.3473268657019644,0.21322089593938948,0.28131451344851294,0.11840454505639776,0.8198301006447185,0.31420997503153875
245,246,33,0.0007740253658443125,0.00034801374077665463,0.009327687915753235,0.002615719204755505,0.27043392464066995,0.13649008491667775,0.17412508301662677,0.05559831057276888,0.5647198015993292,0.18344414969208853
246,247,33,0.0010990414399808894,0.0004875698991080802,0.017758603941536312,0.004532267419456753,0.36934501271356235,0.1861955262091185,0.32554881365010235,0.08720503262747466,0.8628059264385339,0.27798249315672663
247,248,33,0.0009481718000394969,0.002207165040853545,0.010926028692417523,0.01703165430137654,0.36365006508475,0.6454683738377125,0.26004206321456214,0.2737603070861555,0.6432801042542313,0.34510643054309775
248,249,33,0.0016279645946765827,0.0012200557678783773,0.018310823167363804,0.0059823649979314835,0.2822094771898154,0.1645683224413203,0.24690975429433765,0.0633453509129345,0.8576591981179786,0.21537183212598446
249,250,33,0.0008870903799437325,0.00044113023747941984,0.0147535176101056,0.004164637462909496,0.26977847584269266,0.10632849203481298,0.2585375042575778,0.06293344198565708,0.8593582393545093,0.21932813336379306
250,251,33,0.000988361571657923,0.0006436786983761651,0.011004635612621452,0.0038870214843784966,0.37291405191927246,0.24661626533934577,0.21454009571761795,0.07771115019731073,0.6648631854490801,0.24610142729241713
251,252,33,0.0008508285461699195,0.0005660583645747054,0.01373903334818103,0.005691790924978554,0.2662792241934574,0.23911149419858316,0.2402224251718232,0.11521011744743212,0.8611758902217402,0.4211731508703234
252,253,33,0.0005664792408810392,0.000500276246889504,0.010609037073498423,0.00470922365462697,0.31486863022049266,0.20573937571282905,0.2520775230544986,0.09095396218012969,0.6881701720483375,0.24888409429746328
253,254,33,0.0002529948681264863,0.00027301483817709,0.005694174066133542,0.004407327565687487,0.21579728331981315,0.22649591966286162,0.16756626645749068,0.12434883359888256,0.5776042065790454,0.4480645026977784
254,255,33,0.00022697322553237123,0.00036311302494727605,0.005785119162420883,0.0024468634676006137,0.1793985917148265,0.20215146733397518,0.17315224354917352,0.06652086229860524,0.5295741819974148,0.21693866208380697
255,256,33,0.0003306136444955359,0.00036209901254322064,0.008608712278532259,0.004730326998693909,0.22306813147257676,0.252589329439314,0.22283078617218768,0.13140904730436234,0.8025702951532422,0.45774546359003626
256,257,33,0.0001609643193550062,0.0001381445666434099,0.006049350898882205,0.002376969519089235,0.17059391861160597,0.153121558391451,0.19672402694369806,0.08053606008754984,0.571472653836915,0.27881153030227956
257,258,33,0.0004455566403328593,0.000504135077105167,0.010216991551163974,0.007345308126521456,0.8070826325001139,1.0694074740160833,0.4406769609812534,0.3373807478092758,1.6010003433083042,1.4281412722719924
258,259,33,0.0007298838772288891,0.0006560817180737577,0.009890115805760477,0.004104107790356391,0.27868513627485797,0.29726846959854214,0.1915383501486345,0.0861702301361203,0.5781106081875887,0.3020956697079499
259,260,33,0.0006709722093188302,0.0010663382380194837,0.007832666167594267,0.005032377735563983,0.3549060490208142,0.5453676043900312,0.18687240847132422,0.12029222021410008,0.5976555546124777,0.3830309813013089
260,261,33,0.00014714911192255164,9.599635478776994e-05,0.005677940154617483,0.002073981552410344,0.13691845519298856,0.08256305319833292,0.17414748081655212,0.05927978690123205,0.5389644973205797,0.19133468554386837
261,262,33,0.0005147837180243876,0.00043387517189465234,0.007966630704080066,0.003401498104933684,0.1926787199283188,0.16661865343584412,0.15350306914611297,0.06815813622310851,0.5207208945895686,0.23875946071196294
262,263,33,0.0007562086155468768,0.0005285162533716686,0.008206349381273894,0.004086373776423199,0.47388846562667325,0.3122040877288889,0.2063260893478538,0.08976969335150428,0.7139576068430236,0.3052088625488677
263,264,33,0.001705260905013843,0.0008267326346186749,0.018922709662354355,0.006252968649613682,0.4313167618079619,0.18640418054773608,0.30099133921392035,0.08862822242995982,0.8982202835155256,0.26010910895484246
264,265,33,9.20536670243812e-05,0.00011927267080505323,0.004724639319730076,0.0033450050439309516,0.2099937577590798,0.2738412000274227,0.22431166740981015,0.16753449144596474,0.75426046685739,0.5875067565845403
265,266,33,0.0017354205730512288,0.0006790636646200094,0.021092190266107067,0.004693052430177955,0.40057617832313885,0.17484676249910183,0.31856064814509766,0.07158013736831943,0.925669252872467,0.2210251268949131
266,267,33,1.5094738762745217e-05,7.726550927741116e-05,0.00043930406285743454,0.0019406468239722505,0.01363242457084643,0.06935428754889139,0.013258686874694366,0.05820426201784435,0.04921137326802233,0.21716414998300404
267,268,33,0.0007073947150881091,0.0007031296398168284,0.010259379717436705,0.006434836296641566,0.3666521164052414,0.2798443663135748,0.24210162099563715,0.12063005663439694,0.7742968752528682,0.41200911641273263
268,269,33,0.003994367194757091,0.0029573947532835713,0.021744805557483978,0.008230436031156946,1.2127691891157266,0.7109362355156807,0.3944685423012936,0.09824010668679109,1.2873702482743696,0.33581592071028626
269,270,33,0.0014448742925499876,0.0010781897455735576,0.017662806746860344,0.0056099737747142,0.4596614101619432,0.23528541620676502,0.32475920382774237,0.09405758261978901,0.8974051240718726,0.2923810727629346
270,271,33,0.0009651854638694645,0.0005627447061416609,0.012899314871791637,0.00452374102240223,0.30332248319279065,0.170008001633394,0.22872717362461667,0.07627952164403246,0.6973797877629598,0.22945079871027627
271,272,33,8.13599616721507e-05,0.00013042118179386585,0.003578373114578426,0.0018793425749020118,0.12160753540581826,0.202472371759693,0.13847892415342908,0.07057121891754883,0.4871328983343009,0.2441678254296962
272,273,33,0.0023685350086342432,0.0012468423316603636,0.022516973598888428,0.007189843466138495,0.3079188208688389,0.17343728796011404,0.25656804781068454,0.09091410337020071,0.7360547636494492,0.276703702479674
273,274,33,0.0005618673261999378,0.0002972725518277657,0.009452850176868114,0.0025958697751481065,0.17195042685577364,0.09393069982907795,0.1651318877032309,0.0469646659520062,0.6071540902961384,0.17831876282637543
274,275,33,0.0006410850958976274,0.0004586536116489505,0.00903661632345933,0.00418701941436078,0.3041148034460617,0.22397424593626072,0.19727248563007874,0.097712709397596,0.6377033311309237,0.3246608076259384
275,276,33,0.0008377286818965027,0.0005283076602037222,0.012621500910344448,0.005015977318648999,0.38366154355533194,0.23001104037415282,0.2669523911494197,0.09227684626677257,0.7970981299877167,0.27127513731286296
276,277,33,0.00181979252374731,0.0013125429610021445,0.01658876303752715,0.008532152896678026,0.2978173053512971,0.3268684490409769,0.20564443640636676,0.12928659291312763,0.8285229955658768,0.5065224765031703
277,278,33,0.0012513505309029963,0.0011032072294730223,0.013438095338642597,0.0056644571146880545,0.11123568739629153,0.09536764666408497,0.12698823823170227,0.05274020898582869,0.5695563627011848,0.24271852297113358
278,279,33,0.0011792879011023394,0.0006941237315402649,0.01350645778813597,0.005859996871032058,0.307369659683018,0.19161504649220146,0.21574516097704569,0.08805464537432174,0.7023707276040857,0.29325141099381086
279,280,33,0.00016006558022733466,0.0002090581602296651,0.005908946803008968,0.0030985775885764358,0.15355518053878436,0.18654431622173334,0.18828360781525122,0.10097444862897438,0.721069720658389,0.39073926672957165
280,281,33,0.0002521129001913571,0.00020955627825967258,0.00716269841756333,0.003815680155828391,0.416359835276098,0.393572544109085,0.2864239906722849,0.16780221513273594,0.9565731156052966,0.597109785962667
281,282,33,0.0013216332644829395,0.0033970425301133545,0.005619174108116839,0.009754846392603404,0.7655989728077798,1.8942499120275025,0.136152746068366,0.22346012244088748,0.5643184087151369,0.9606464837526377
282,283,33,0.0005755854288123153,0.0004038475361250543,0.010137770903494322,0.003914067826052052,0.36363104775999533,0.2601958193289767,0.25723288275978784,0.10015757994278915,0.8088646729787191,0.32498112925757777
283,284,33,0.0007242129136240251,0.00039525234539944414,0.010375252600307718,0.0030884469871978273,0.48909787291830237,0.25573499037389824,0.26961336623538623,0.07658312494367064,0.8225719450098096,0.24562524956267567
284,285,33,0.0013894386868218355,0.0017100736786010901,0.018883099327936317,0.01538390992000618,0.642656261948022,0.6031253437218306,0.41130731412858673,0.2737210546590597,1.3951524965690845,1.0502029229027747
285,286,33,0.002116468202571427,0.001162678504151476,0.02361814607622527,0.010656721018718729,0.6485933532769029,0.4025018748480355,0.4146261551730283,0.20267042883051542,1.187156537401928,0.7005896362107613
286,287,33,0.0015389002104656715,0.0006235218233054344,0.019503409466282887,0.004670861004504261,0.496422859303879,0.22702629665663557,0.35040411127336096,0.10075848052500258,0.8978044806104718,0.27868126787540815
287,288,33,0.002240428094272361,0.0016231839906757218,0.02181571118082061,0.01078753670957148,0.5875633006746118,0.3805638101752697,0.3492850128448371,0.1353027373915248,1.092323421528845,0.5266232039080303
288,289,33,0.0015471278880299492,0.0007309876079412722,0.0213809163507187,0.005941936013915599,0.24226204802592596,0.14102331941925866,0.2660154700279236,0.08639919090487302,0.8522645849170107,0.30516535870851874
289,290,33,0.0007881669413164315,0.0009260621498818812,0.012368506737843607,0.004835636191387939,0.24568212574178522,0.2709625190821842,0.22140748573072028,0.08222009865563826,0.711006965601083,0.2579451240128035
290,291,33,0.0005711835285293284,0.0007479663603106642,0.0073983407240699635,0.003526571095173513,0.29885878504225705,0.43624455834002,0.16985686755541599,0.09305140474079555,0.630034473809329,0.3505156067807647
291,292,33,0.0006037538535593105,0.0004341138245255068,0.008619155988774517,0.0027203710482613234,0.23083269912185092,0.17011081785615442,0.16812926237330292,0.053657971977881344,0.574338719700322,0.18826580457326686
292,293,33,0.0003875695267307685,0.0002249663233236157,0.012275018207164425,0.0031180037568493014,0.22084921530701898,0.11458012501297297,0.29440051542990137,0.06395774352325917,0.9226145238587351,0.20821355028909308
293,294,33,0.00158201764773394,0.0011337550694218736,0.013013582380319183,0.0047374361144176666,0.3405466412730289,0.24191726820679127,0.19170350378209894,0.07112088486661589,0.662570746107535,0.25315544264834583
294,295,33,0.00116658742185929,0.0013955922641264262,0.01526820020201518,0.008592943739892472,0.8650749350587527,0.7493239725985179,0.4771674189635741,0.31735702700539675,1.3018704446109335,0.8509570166163066
295,296,33,0.0006490084156288685,0.0008362050488649218,0.00876814590899548,0.009004430166695903,0.218359945110633,0.30007341390458253,0.16321020554358148,0.17849943859419468,0.5954076074212323,0.6227428646022919
296,297,33,0.001795596106217779,0.0010822309747390815,0.017201533174198685,0.004934614183783486,0.5660282188292706,0.4178864684702252,0.3077911517836831,0.10254372584823035,0.989492725242268,0.3581668400434352
297,298,33,0.0029021170483412625,0.001730272471489575,0.025665007969082304,0.011812168525701534,1.373537680755059,0.7912870852896976,0.562817599737283,0.2260316450427454,1.4980874052553466,0.6013468766125786
298,299,33,0.0028970725622705436,0.0013634167469783855,0.030299531239451782,0.00975791254544268,0.5066862133416262,0.2700483042469506,0.39990450396682276,0.1361640791956001,1.0606753898389412,0.4316185991560145
299,300,33,0.00016573128932302107,0.0005404885684194548,0.002139935333199107,0.006575805049123474,0.06783788352075898,0.21547383791187188,0.04454438596416543,0.13417536787201528,0.15116129180814009,0.45488834424551305
300,301,33,0.0009652147380234744,0.0010562669513429807,0.014550018251280893,0.011718702868765501,0.5376337779629411,0.4748882331304221,0.3460557460784912,0.2453018139141987,1.2098516514807036,0.9143157905634979
301,302,33,2.5768638875667943e-05,2.832836869745301e-05,0.002624188373429757,0.0011827335417087946,0.1357569412300081,0.14492985137346073,0.19126543492981882,0.08263132504698878,0.6955633922056719,0.3104208746309961
302,303,33,0.0005352144007426405,0.0003717455319231193,0.010801407282776905,0.004164529166756164,0.3318024476369222,0.24547802258130577,0.2706875584342263,0.10703948286999135,0.8333016390150244,0.3625733160745113
303,304,33,0.00213456605596355,0.0015680490631148774,0.017429708390299118,0.007225185912097648,0.44157679311253806,0.2999881486749432,0.2519352740862153,0.09547167042228427,0.9479855786670338,0.37633670899659055
304,305,33,0.0032909932849702964,0.002052933007327081,0.02588454219089313,0.00967917275939289,0.93080399749857,0.40209018854169243,0.44156286707430176,0.12011635001505958,1.1471137142542638,0.3237737481119045
305,306,33,0.00047077158413947364,0.00031333413111344483,0.008526515370855728,0.0034118783113214336,0.26170622433225316,0.20175704310248435,0.1990621586640676,0.08545337626174813,0.8132472733656565,0.37412048187996205
306,307,33,0.0003030365969056165,0.00044473784142212014,0.007909397848627785,0.006388676128865859,0.35434043932367454,0.418451919171523,0.2823465649377216,0.20144401972054612,1.0246914950284092,0.8460789693321705
307,308,33,0.0021528150219554927,0.001601788003488186,0.018099657880763214,0.010895247412857176,0.34636297596223425,0.22833957188193554,0.22859024008115134,0.1221344795349463,0.7812471462018562,0.4273443127215871
308,309,33,9.456429353866211e-05,0.00014217891419658044,0.0045799604759596615,0.004084658309892946,0.1440982289160744,0.18500848726359215,0.18253575496024174,0.14345686794611964,0.7128538168104219,0.5656742388458376
309,310,33,0.004256691275672479,0.004181156502337652,0.027827580007865574,0.009252586736425941,0.5533394619370952,0.47499393910880683,0.32006371834061365,0.09743402946447788,0.9506337606545651,0.2929910276922403
310,311,33,0.000566247691577618,0.0006106375664076431,0.009476750002553066,0.004185237486480438,0.3778730315918272,0.33288274639968435,0.25227167118679394,0.11046649577515667,0.7802914110097018,0.39152647098484256
311,312,33,0.0017063689804424278,0.0010089048699419257,0.021703589961610058,0.006126095986079321,0.32490743245139264,0.19084809879493525,0.29918965561823413,0.08511930370796661,0.8319474946368824,0.242261842166024
312,313,33,0.0003834432192723563,0.00024292595413856816,0.008042388355754541,0.0030963077018761483,0.2848079330993421,0.17967622030111302,0.22076549697102923,0.08724418015713895,0.7589833817698739,0.30240850101072086
313,314,33,0.0017275632408475785,0.0015742398955603933,0.017303734073980843,0.011768755517146593,0.44248064178409,0.40663940036419227,0.2779897048249994,0.19025965919817475,1.0077837969375862,0.9286804320623696
314,315,33,0.001333501862862966,0.0005945696611447113,0.011368308188111492,0.003415941022035039,0.4867468871402018,0.3037248008819869,0.2120418164766196,0.06880652054276334,0.6943465516422734,0.22624946663562576
315,316,33,0.0021191930370123096,0.0010661743120482427,0.02481208589266647,0.0061433308019633965,0.4612738887468974,0.26380653746024857,0.363844939253547,0.08905595079991403,0.9755933519565698,0.24604058103104431
316,317,33,0.0019576504575635418,0.001721959814318573,0.020708622651367515,0.011227111946377577,0.6134537027753665,0.5450966520518213,0.37036745497154383,0.2027297606613654,1.2072862224781034,0.7692136504352852
317,318,33,0.002796963411101112,0.0014692133392239265,0.02976167094752644,0.008576541095963418,0.41585475432150293,0.23030984906755314,0.36171292716806586,0.11137714008369633,1.0471429752581047,0.3531511361966637
318,319,33,0.0006402381243815673,0.0003664092730801815,0.010593705415499933,0.0036857202917688157,0.19536127612897844,0.12321598677226561,0.1853735645612081,0.06529205946872517,0.6799154435143326,0.25205309831916606
319,320,33,0.0014312581377894137,0.0007655963062173318,0.01712182593165022,0.004893399319114923,0.25440459540396027,0.17621705744050276,0.22705068506977774,0.08496921448746918,0.8300377437562654,0.29921224107305217
320,321,33,0.0003344244279574151,0.0006563564775005548,0.004687626316974109,0.0027123178227945453,0.5025541504111254,0.7637142638231968,0.20984294513861337,0.09917396137472449,0.7529175471175801,0.3802169455413676
321,322,33,0.0007260058416498148,0.0006479978314427668,0.008282052804574822,0.003699667604934291,0.26496768178361835,0.22616095146348483,0.15699322273333868,0.0662531995221573,0.4902725066199447,0.2210155911355805
322,323,33,0.0004374392323591041,0.000492857149106373,0.008504725996207333,0.007422364807041068,0.6730671480975368,0.7023373902122283,0.33902026374231686,0.2671981542803211,1.2295343334024602,1.0164018384587756
323,324,33,0.0021533164333298123,0.000746166652260322,0.02332958198067817,0.004443143386600865,0.45740733273101575,0.15981304299817034,0.34037570158640545,0.0665324917312534,0.9134871580383994,0.19980230223119394
324,325,33,0.0019689288306064113,0.0016027863162973695,0.020698503097321054,0.008308009795682213,0.3125695331078588,0.2087707656183017,0.2665195488417913,0.10482165523465868,0.9295567303145417,0.37751294036257904
325,326,33,0.00320831088659664,0.0013248734190212063,0.03337882436586149,0.007094158116640372,0.44678100130774756,0.1814285478664017,0.39443143434596784,0.08199104807473452,1.0066316290335222,0.2229018708636098
326,327,33,0.0002028219417600972,0.00027288417581995233,0.00514947719321671,0.006472633942512584,0.22291762393080855,0.30023513428710774,0.17075945033308323,0.2140249094412433,0.5635742843381524,0.7076715215012647
327,328,33,0.0011189052531721466,0.0009871752884061222,0.013325577390126207,0.006136669465849127,0.2879632982340726,0.26777568262536505,0.21371914378621362,0.11561949250468989,0.7977049666823763,0.4587083376423808
328,329,33,0.0023213370432406946,0.0021032290218190764,0.025834073679465237,0.01465233437205666,0.8937394050034609,2.563402836449154,0.41868633618860535,0.4180431402502537,1.421158105134964,1.5136673785665902
329,330,33,0.0013546380073283658,0.0006192043624854264,0.016916721127927303,0.004847852068543457,0.5506130989753839,0.24618003555425086,0.3394261846939723,0.08685169863741632,0.9037665887312456,0.24154910951741165
330,331,33,0.002317130158189684,0.00139596309402549,0.016608189410445364,0.005570152171846254,0.6418196974378644,0.31981689651327116,0.2812095121903853,0.08495419643647563,0.8362831410133478,0.2829257025563541
331,332,33,0.0012027614936938116,0.0010791632732989743,0.010681565977467701,0.0072251338316419705,0.22053634849461676,0.2138794165034201,0.14429417431379613,0.10159246576736396,0.5649782070561138,0.4127045524348018
332,333,33,0.00017674807487778844,0.0002479445091729139,0.005607972553028076,0.004264136054501856,0.19100119713976077,0.29539526268720684,0.17930247860424448,0.15030154009232183,0.5810354044943145,0.40039607729742904
333,334,33,0.002488795189878367,0.0009759462403796015,0.027908947544567513,0.005990288022915167,0.4297149937712785,0.1781476990375773,0.36619803760990954,0.08260412104124372,1.065944173119285,0.24897826604297107
334,335,33,0.00043615992013435584,0.0002801153639581031,0.008192604689887075,0.0028712282126757307,0.2509161579337987,0.18084607541934397,0.19656825788093335,0.07779220391034973,0.6408750306476246,0.2750870370002875
335,336,33,0.00019004341286497285,0.000211891793457742,0.006948484898065076,0.00421211845014866,0.3908708521136732,0.3900201745914154,0.3272687659570665,0.18721625852317023,1.064691996935642,0.6293799590610785
336,337,33,0.0002836068145949288,0.0003425238505392804,0.006949098357422786,0.0027090547211663114,0.23163706656884064,0.28381903354653065,0.20106821010510126,0.07835786447554322,0.7045629674738104,0.27452910758030236
337,338,33,0.0009496205051563624,0.0006291775535061887,0.012976767833937298,0.005132371355754147,0.37413292310454627,0.2698621076533218,0.2536532501831199,0.10427107264413459,0.7895785425648545,0.32368389459796604
338,339,33,0.00046806722402283356,0.00032623992109646205,0.008111940950832584,0.0030288463986269084,0.13573407280174168,0.08907206607136572,0.1389359969532851,0.048856928862490066,0.5506476398670312,0.20381759831144544
339,340,33,0.00014499052301261779,0.00015409501463487364,0.005011616317047315,0.002621195066144648,0.16376557376122836,0.16091684657919383,0.1697082950761824,0.08443951966241879,0.5476418512337136,0.28476178580093414
340,341,33,0.00025862388225284644,0.0003281486145360423,0.005842550678855993,0.003160557824871938,0.39194703627039085,0.4583905750166692,0.24758302172025046,0.13240333752125877,0.885530131332802,0.4534133670215466
341,342,33,0.000832268835934387,0.000510266051804556,0.012698196664904102,0.004656817674713099,0.25486346746258665,0.16594661401367009,0.22146324316660562,0.08437995135316427,0.6952497886888909,0.2723678442259557
342,343,33,0.0003570045073777719,0.00029933218178478457,0.007634487835633935,0.0032992409000751864,0.11901027161740896,0.10162304778265828,0.13885649067885947,0.059307558428545834,0.48809200976834155,0.21747380069758415
343,344,33,0.0006470873285610596,0.0004959958905426872,0.010998394904714642,0.004569073280193243,0.19268204706410566,0.13718175510231218,0.1914722849473809,0.07770135566035258,0.6027811521833594,0.24433795644548514
344,345,33,0.00015212727995469433,0.0002618384127976902,0.00550889273202329,0.004948559351398454,0.2639483602322412,0.4306650410560639,0.23387081469550278,0.18958277438112256,0.829186198386279,0.7532068262092114
345,346,33,0.0011340234486851841,0.0007326148001603097,0.0152641054609734,0.005296938963828081,0.3290595737370578,0.1696883049568354,0.2613418973756559,0.07452017550053819,0.9149953325589498,0.2720881482097267
346,347,33,0.00032864100593900673,0.0003846376485680568,0.007693019505082207,0.0044254327356490755,0.31011137180030346,0.33731857801872184,0.2387492171291149,0.13301433683344754,0.8151449728192706,0.3850578738573412
347,348,33,0.00033331597947063995,0.00021410481942926986,0.00833383860820125,0.003275390135830437,0.17492194733384883,0.11602451802369931,0.18943287208950801,0.07273965625189519,0.6376272855271805,0.2461344648595495
348,349,33,0.00028090495751794975,0.00028823543082288406,0.0051748559274005165,0.0023153689766957294,0.2551065342726581,0.2568129514643145,0.15598609580686598,0.07468915869482395,0.52406001858639,0.26167082170594974
349,350,33,0.0014354337644445795,0.0010280397770468903,0.016530664186134483,0.006997766300155596,0.36802583470037487,0.2971699761895551,0.26300856403329154,0.10932757689102719,0.8692642576766737,0.3556770038844621
350,351,33,0.0008792167546661486,0.0013004282411848305,0.012102850204841658,0.009793063976911907,0.5193036078955188,0.5968215481423443,0.309155711396174,0.2482014470539402,1.0314546064897017,0.7985434230249145
351,352,33,0.0024521338143103726,0.0015682594387920645,0.023004726280994488,0.009170103251579213,0.4235811603791786,0.21232382465416633,0.30920314969438495,0.10887386086075006,0.9038804399244713,0.3163958850724352
352,353,33,0.0016721337660921122,0.0014087334347045218,0.012606096778516516,0.006415055597091779,1.1096663304576369,1.1085450706028943,0.3368280338066997,0.1988988975174671,1.1399593886100885,0.6888231769046709
353,354,33,0.0022354257360513493,0.0015784252344948862,0.013075144502870513,0.0058562934760147695,1.003326545159022,0.9387259452936604,0.28192974243200186,0.174366817474234,0.9784897872895906,0.6695266912176154
354,355,33,0.0005750869020244643,0.0004656974532617543,0.008859812550133827,0.0037734692583654052,0.40821035770755826,0.33890264699219225,0.23663264738790918,0.09267945454516283,0.7695167868426351,0.30409749048428625
355,356,33,0.0008648726743007446,0.0009222597051199142,0.013792009445641077,0.006951499962947895,0.42181514011639537,0.28330866831089585,0.337822104493777,0.14355363444196204,1.1398880283037822,0.5637492306345376
356,357,33,0.0001090893369330319,8.892571306549426e-05,0.004738221558826891,0.0015987689625739183,0.10183156786881613,0.08348083794365699,0.14524123795104749,0.05016342041111429,0.5459876855214437,0.19144355233047322
357,358,33,8.147095479326902e-05,0.00010384207366741272,0.004390800982064596,0.002502933808620274,0.14174371839246966,0.17323633238357988,0.18442828185630566,0.10359238484001752,0.6567158608725576,0.34576463413661884
358,359,33,0.0006468521083165383,0.00045153346762507034,0.009686237560923804,0.003881772042548123,0.34213168456247356,0.21033629096411818,0.2259718705758904,0.08020042375610559,0.743179098223195,0.28175237599413644
359,360,33,0.0005411782452332167,0.0005062669814029808,0.009546879876517889,0.0037000855198339078,0.3098945315137054,0.2565726252065923,0.23039660602808,0.08505521971156077,0.7618783098278623,0.30479235462244597
360,361,33,0.0004522542420256121,0.0003143952555989333,0.007014574398371306,0.0023334220061744623,0.3486309934294585,0.22402376530135243,0.19520497570435205,0.061130991406662435,0.644150896505876,0.22011997310791068
361,362,33,0.00010628539750927523,0.00014966296399402214,0.0044829726967057495,0.0025710501536114027,0.12061367533875234,0.15957738084699524,0.15451576447848117,0.0812181774820622,0.5628249437519999,0.28822653293364997
362,363,33,0.0007176748759141475,0.0006222351745189265,0.010652705876766148,0.007638617689522597,0.29456093026833113,0.49012189267044637,0.20587256543691385,0.19632984268929146,0.6592311245255482,0.6902276609088632
363,364,33,0.0014633924989594202,0.0008966034095623048,0.01835274202466914,0.007319302518943243,0.28697217255830765,0.1594068467948502,0.25720609137506195,0.09579689480765805,0.8840392737677603,0.36121041778458324
364,365,33,0.00022968070587728906,0.00030013724211250297,0.007107305319302462,0.005006434886460048,0.2063449647729144,0.2173675106538845,0.22102903777902777,0.1405115425517733,0.7319568088560393,0.47935746668544954
365,366,33,0.0031877385741664152,0.0017387286056333117,0.025382089061718998,0.008371900268201945,0.40928391525239655,0.19526288666349212,0.2888926728205247,0.08398245782416561,0.9095718987060316,0.2759618529691011
366,367,33,0.00048071754918055376,0.0009049568701772858,0.008488889049851534,0.005794696155619411,0.5048228220619035,0.4864440889564829,0.31250021426063596,0.15876453137497618,1.050501137971878,0.5698656189396147
367,368,33,0.00029454732689235686,0.0007084038210304805,0.004128517392514782,0.002871867642296182,0.5443710897004965,1.2380044328579423,0.18876106416185698,0.12317729370248938,0.7373090408968203,0.4544512893390663
368,369,33,0.0007686915059545727,0.00043750448821222473,0.010970220364855997,0.0037036882807955354,0.3244563194386887,0.213730867822968,0.22146162142356238,0.07648409913248233,0.8585718328302557,0.313111917700375
369,370,33,0.00047704694693631166,0.0006007577088248751,0.007296627154573798,0.0034063020530468555,0.6605346117055777,0.6098440656693156,0.29873889323436853,0.11596997928565653,0.987419335228024,0.4607406620769435
370,371,33,0.00040300179879330136,0.0003857014340649477,0.01040634928115954,0.007579185415961392,0.8477175396048662,0.7378830021186721,0.49001103323517425,0.295631534671931,1.5901627667022473,1.05934838693356
371,372,33,0.00018744599803925888,9.569109369719391e-05,0.006154022468818408,0.0018472661140099807,0.16078479915405763,0.08882103690276752,0.1793256528449781,0.05564548141588155,0.5717858175436655,0.1774588304173828
372,373,33,0.000786762491881029,0.0007126210922245689,0.008519589124868313,0.00345556672377157,0.26803194494409993,0.19113398301308904,0.15916202104452884,0.059494506522205844,0.6123072333408125,0.2321323104651539
373,374,33,0.00052398974940209,0.0003583974623723038,0.009030447440278349,0.0034938405124538704,0.15500181224761586,0.0923903920924142,0.15651775580463986,0.05468596017183188,0.6084495981534322,0.2259178886016628
374,375,33,0.0008197162802168874,0.0006532621144881552,0.012097998155337391,0.004480715312824336,0.2694261554967273,0.3380344409688981,0.208454764250553,0.1024484893598799,0.7575614389145013,0.42277825966985644
375,376,33,0.0008411877740096921,0.0004572545141095397,0.011933116849060312,0.004002209086247467,0.41058963469483634,0.21871432747696684,0.26327608209667785,0.08773266814184648,0.8145203870354276,0.2677539196718509
376,377,33,0.0005434955281530028,0.0005865361548312854,0.010511724756339172,0.0074837252984201715,0.41910358676404674,0.48153959976994926,0.2952226374345583,0.2319451136901613,0.9722788477153185,0.8110045378094985
377,378,33,0.0005173786732043619,0.0003557366969552599,0.008682666078322765,0.0032525939435591707,0.26858076927336777,0.17362436497294717,0.20284321746139816,0.0860690333733228,0.6913192154783191,0.29628548329846577
378,379,33,0.0012225835197100284,0.0006789396086553302,0.015014123797993219,0.00553335112236183,0.4839900623103886,0.2591216562572341,0.3003837218261475,0.10911054680109356,0.8198753925301907,0.3047750512683104
379,380,33,0.0018038152202004285,0.001430188401662036,0.016492262115758476,0.004956560540059042,0.7650717970999804,0.5665710906422708,0.3426165779431661,0.09313542443777803,1.0320326722029485,0.30029673398391665
380,381,33,0.0005083864812287643,0.00041416246140733886,0.011619607071307573,0.003921486938464268,0.21813500029119579,0.17566119952193887,0.24178023862116266,0.08131339523925565,0.7767153824820663,0.2652502423559831
381,382,33,0.0015389264312530445,0.0008863281856054137,0.0146922982495391,0.004462875314244989,0.5095764019272544,0.29505471083385815,0.2658620097420432,0.08394342732973525,0.7352147102355957,0.2620699609103385
382,383,33,0.00044853260095061904,0.0003579802111332906,0.011291342237117615,0.005070034376250603,0.4429174256369923,0.3028400970521283,0.36033396558328107,0.1515043881899221,1.102354364864754,0.5294052775496839
383,384,33,0.0014930264435613274,0.0008600952537179211,0.01166760479805596,0.0042231549874149924,0.3951282494447448,0.2749156102366301,0.18612778570615884,0.06709914069149059,0.6930707891782125,0.25780493009517913
384,385,33,0.0005803356765351385,0.000658265665624338,0.011087031315334818,0.005798198375174218,0.3798257358597987,0.26631824178393826,0.3053221603234609,0.1123683706740361,0.9574414383281361,0.34929533382076206
385,386,33,0.0003805598794177499,0.0003369165008137109,0.007032648074638211,0.0027574418763352156,0.33551411229101097,0.3031888056568442,0.2110755784493504,0.07967325491449816,0.6962388690673944,0.27407840954247176
386,387,33,0.0009857640552306266,0.0009904265124526701,0.012477597687393427,0.007100501041472793,0.19787037587075523,0.2264191057854156,0.17643303017724643,0.10778877217656532,0.6779668466611342,0.41884090612585057
387,388,33,0.00047001346077498357,0.00046502296689886744,0.008298088293230298,0.006047799256627917,0.6421427457508716,0.927392308035621,0.3017203788427996,0.2681235594951286,1.0873350519737157,1.101835704209009
388,389,33,0.0006956684636393082,0.0006169660298470938,0.007106511663137512,0.002893967403037803,0.5318526425822214,0.45346094958552063,0.19730938361449676,0.07508775439459973,0.7085625312545083,0.27021162303359747
389,390,33,0.002920795147391883,0.001401562906775434,0.03029287595188979,0.009455323123937445,0.5227128475001364,0.26567473536210046,0.40419464671250543,0.13110864694722146,1.1371859727483806,0.43808955095254504
390,391,33,0.0038572989217231443,0.002047322968805263,0.029122998571079788,0.00912347780675528,0.8085242916237224,0.3594470818944874,0.42039818023190356,0.09923643425915882,1.2538185535055217,0.33904468198145493
391,392,33,8.219137499977616e-05,8.757384673805498e-05,0.004039231687784195,0.0018131925564526764,0.09672571904957294,0.09850108234712752,0.13914797285741026,0.0623909881346488,0.5029411776499315,0.22029121719838737
392,393,33,0.0013365741690380894,0.0008717185128355516,0.01109695186217626,0.004241827844889549,0.4249786048224478,0.3858785950786626,0.18857931661786456,0.08244449546647657,0.7378063427679467,0.3393756690470971
393,394,33,0.0010735173980885354,0.0007177181512692552,0.01231190518504291,0.005579188330504763,0.239317413983923,0.18695093664422952,0.18448855411825757,0.0884148979899284,0.7124033073584238,0.32703370903362616
394,395,33,0.000929457109040496,0.0005063869661544758,0.011072059980396069,0.003432886597304608,0.17783678582671916,0.11297579977125881,0.1529361978173256,0.05008471960236605,0.6025079714529442,0.1992526198584598
395,396,33,0.0004214525628909045,0.000537999418737627,0.008357323339265404,0.004677985712280746,0.6328623308376833,0.7122633047005008,0.3319000168280168,0.17831083309553603,1.021568982890158,0.5330606271761581
396,397,33,0.0037222687070342627,0.001297374365062466,0.028810786873553738,0.006521791850702564,0.4668346557653312,0.22658540387879159,0.3200652238094445,0.08418024900507137,0.9855023152900465,0.26459342794570456
397,398,33,0.0008711649636759169,0.0008541398589270096,0.010625505382477335,0.004767822925919981,0.22623058905204138,0.1897711688209895,0.17436048072395902,0.07776956924824392,0.6371024720596544,0.31004545121496807
398,399,33,0.001620371288895099,0.0006494188683715202,0.018878373373864277,0.005080665915672939,0.38111184627720807,0.15069390679674896,0.289251140572808,0.07386332611118107,0.8596184000824437,0.22705631244010008
399,400,33,0.001677243222233797,0.0013580012271276266,0.014377561694180424,0.005301903807051907,1.5380654371146,1.9796191086186559,0.43127301380489813,0.1879842397859552,1.4961309956781792,0.6366023947063666
400,401,33,0.0016854870561721989,0.0008284633230066892,0.01865732345278516,0.005195993510225451,0.45587642558596353,0.24455347853666856,0.3070411573756825,0.09404234463975833,0.884111941763849,0.29006222199084136
401,402,33,0.002431473870246643,0.0011310351678569088,0.020202706116392757,0.006005009342644617,0.3289125107906081,0.18527911120830748,0.23437806738145422,0.08287650233662625,0.6913450233864061,0.2628122066987571
402,403,33,0.0018162412681814396,0.0010853441579567911,0.015006024926675089,0.004362698134079477,0.3776763219273452,0.245503686586498,0.21490159472732834,0.0690370594258257,0.8342676542022012,0.27168316103343915
403,404,33,0.0008841978975176586,0.0007857329105521588,0.011045599003519976,0.004470287792882941,0.2263327772644433,0.19770463301964772,0.17958388071168552,0.07844631909763695,0.6580579741434618,0.31070388018520073
404,405,33,0.0002957234781922924,0.00045761405512094417,0.0052171537271616135,0.003158538046494355,0.39880396434190596,0.6854238710695649,0.19701694245591309,0.11370718339665117,0.6860877898606387,0.39604948632263587
405,406,33,0.012897294536797386,0.005346688538550347,0.05876701110691735,0.01430315807254231,0.5412390227570678,0.2327741343438914,0.3807889259222782,0.09681336825384347,1.2255898479259375,0.3078028823777046
406,407,33,0.0002357548181669589,0.0001636827834760888,0.005028824082039522,0.0021494868886659606,0.3495181474947568,0.2170979408826683,0.1958008094718962,0.07708051255478288,0.6442843585303335,0.26692848538377106
407,408,33,0.0002945628051968401,0.0003358900344013115,0.007867406277606884,0.006488880253660581,0.41634741476313636,0.45385189734247167,0.2993087662440358,0.23187332951059894,0.9461051379189347,0.7853941505370254
408,409,33,0.00037057728166639043,0.0004424867612104276,0.00797788623833295,0.004536140626587571,0.15137403847819025,0.16304480096818097,0.16299550438469107,0.0901676343948492,0.6004967960444364,0.33105669873864846
409,410,33,0.00032994487088272405,0.0002847964293707138,0.007088402046285795,0.002555174763589751,0.2108011788716822,0.18918921429119578,0.1777216378938068,0.05930853860104273,0.5832919225548253,0.2016138047841667
410,411,33,5.681982499729863e-05,6.92044198843329e-05,0.0037339828012398248,0.0016819372516166096,0.07359331899858786,0.08662245205264105,0.13494897746678555,0.05917081613711394,0.4670055946617415,0.21168589168854302
411,412,33,0.0015398799785709177,0.0008263956736988669,0.016213817451375002,0.006117158099701906,0.34819236691250943,0.17381848660860078,0.24266622418707068,0.08448377003808868,0.7895410006696527,0.26743633028276553
412,413,33,0.0027913932695589733,0.0024365718789972207,0.01839179302932638,0.009038887660221222,0.21087014731584172,0.17448653040120973,0.1599227131316156,0.07391029760097503,0.6140734697833206,0.31177545919955946
413,414,33,0.00013692453946780668,0.00015366830592650755,0.004799873864447529,0.0016391723616604134,0.20467951521277428,0.19787448966416593,0.19352191099614807,0.061432190322330896,0.6886555561513612,0.22756033960058789
414,415,33,0.0001510829613449239,0.0001484566358953431,0.005927976411343975,0.0032613147730828117,0.26414825586658536,0.24956269755289495,0.2489977413506219,0.13274291098135782,0.8707389217434507,0.49849112213219404
415,416,33,0.0005256186769022888,0.00035066009061969424,0.009957954795523123,0.0034121854055258077,0.21491677968791037,0.15598357631440113,0.20117140245257,0.08160923012805159,0.7068815095858141,0.2749166327846767
416,417,33,0.00013325429137528937,0.00014994754214486065,0.005057684078840821,0.003380575552963887,0.32290965589610016,0.3627364786799673,0.25026526550451916,0.16567705518046005,0.8679283798644037,0.6206940095799048
417,418,33,0.0013944769355778894,0.001630478182533676,0.013755068782408566,0.009238285934396627,0.2306524208097748,0.23997557778387157,0.17828719053853706,0.11876486702629592,0.787688616165875,0.5194005841616975
418,419,33,0.0003254486283835969,0.00042276185525364835,0.009995977916387897,0.00548798512209781,0.15244773114946755,0.17522909190245212,0.2200664487300497,0.11303243693535635,0.7812530958291256,0.40114412643940495
419,420,33,0.0009968957615042614,0.0010896035155427814,0.011589863168245012,0.00629799601547355,0.23466039934393132,0.257301522284984,0.18056392805142837,0.10041449864524775,0.6725360796307073,0.40584000336310744
420,421,33,0.0010021204211763247,0.0006352093833728169,0.010900487375417442,0.004471629309510948,0.45208649134094064,0.27288325379126416,0.23271381787278436,0.09156832618496898,0.8041329230322982,0.33213137595800357
421,422,33,0.00042969483183696866,0.0004130548740244507,0.009565223967938713,0.00549557029150242,0.3098009707349719,0.4885507957925917,0.2459418692372062,0.19430099790991046,0.7873427226687922,0.6513519985708743
422,423,33,0.0006008563799365551,0.000499662623587939,0.008962554433806376,0.0033182916900782455,0.5092372854494236,0.3738667470458466,0.27662881633097475,0.11314430133690986,1.0081654547741918,0.4424785861590186
423,424,33,0.0009005921839905733,0.0005393949981261715,0.009821284520016476,0.003284307508790857,0.3339709054791566,0.24341898754347932,0.18625376892812323,0.06893122527865808,0.703183549823183,0.26538439137552083
424,425,33,0.0007066786613243246,0.000881855264624743,0.012877236991753858,0.012083044816881322,0.6359076407371145,0.8749951655414031,0.3836269940842282,0.35251355713071375,1.3028867091193344,1.2788857731665693
425,426,33,0.0008567372935817041,0.0007324210652560345,0.009292749151813261,0.003882209360373999,0.9677750673709493,0.76870698134962,0.3171853748234836,0.12849604982378182,0.9988668362299601,0.4271133967377896
426,427,33,0.0012198634636165066,0.0006071396386018471,0.017511454156853935,0.004754503351163386,0.29327839771003433,0.17449775391657635,0.2692588021357854,0.08129210498612459,0.8690241737799211,0.2800477464722991
427,428,33,0.00047769768107999965,0.0003579776400255949,0.008584848668595607,0.0033905825791266946,0.35101436293034843,0.2571466714938176,0.23786498719092572,0.09624095943259754,0.7544519829027581,0.3278611661856905
428,429,33,0.0006693452949438131,0.0005899542392423261,0.013250397024393984,0.00478890089861834,0.23206523117242436,0.19283790443084903,0.2479053848620617,0.08770759291202192,0.7956862106467738,0.29311969019924905
429,430,33,0.0021352792656133797,0.0011323929473454992,0.016823250828593067,0.007391939424380111,0.3382873880592259,0.22106254612786697,0.21008396938894736,0.10062866631378208,0.824115000890963,0.3939076311265845
430,431,33,0.0009322957304186385,0.0005798268789812729,0.012169661226146149,0.004579032832866549,0.3685756803236224,0.2579323040284105,0.23751032623377713,0.09063968957740638,0.75919264013117,0.28450607005266626
431,432,33,0.00043747365888328096,0.0004130910708321928,0.009203950465289932,0.004032381320401167,0.22140894040013803,0.20760339647787024,0.210534056930831,0.0906817600547582,0.6842783409537692,0.3115255335068366
432,433,33,0.0021143254742844765,0.0013998719414259357,0.022398972291160713,0.0069989305580708365,0.424780957626574,0.17474295855757213,0.3343431141340371,0.09678858974703995,0.917062004407247,0.3046881224584761
433,434,33,0.0003732102844823561,0.0002466954343876547,0.008657305416735735,0.0034088657510242906,0.24128013397708084,0.15549460005464683,0.22037751746900153,0.08736281372509973,0.6694229994759415,0.28007628909495913
434,435,33,0.0010398519018164018,0.0006939434509264945,0.012696555081783818,0.005275527689146572,0.410221178874825,0.2299732916333254,0.26282355078968056,0.11107378238431463,0.7528343254758463,0.33525112264725176
435,436,33,0.0005531695646685407,0.00030029047239822437,0.00808836587450721,0.0030714426643968676,0.2670440910892053,0.17015319602814077,0.17816895923831247,0.08023493463173582,0.5914788255185792,0.267297777021058
436,437,33,0.0014050576692997392,0.0007229342446711885,0.015754672190682453,0.004595213734467079,0.5228782806432608,0.3034773210413531,0.30302161384712567,0.1048000777637024,0.8215765591823694,0.29203266155313273
437,438,33,0.00012269840645427448,0.00014704298857633606,0.004668578766568592,0.0028015591716829915,0.19659420297565786,0.24716408440208945,0.1856721876697107,0.11761757139759309,0.6750594585230856,0.4311453782940896
438,439,33,0.0006521966735913011,0.0010196449090515598,0.010133712262551964,0.007058660787687284,0.7083099615875019,0.7743078811591679,0.3700100877286979,0.25867063739048785,1.2270736147536698,0.9125904514175014
439,440,33,0.00011511546279397214,0.00017792321172486163,0.0044766054135944805,0.0023776018467426266,0.11501356527547944,0.1618201049085588,0.14573161936167514,0.07332911384843131,0.5759127392913356,0.30118855977153436
440,441,33,6.087135779759564e-05,0.0001050484362725807,0.0031952922634611077,0.0018936392331160097,0.09788712644667337,0.1503111850410674,0.1320928450335156,0.07552935931198819,0.4728604600285039,0.2759632201781624
441,442,33,0.000412204079497535,0.0003483629895127486,0.007974982106437286,0.003330875730022936,0.162597005622405,0.15124431262391003,0.1555143714402661,0.07128647376454468,0.5884022694645505,0.27400700971886927
442,443,33,0.0009978502374989066,0.0005196522463547292,0.015015728997461723,0.004289913659395564,0.26235394157243497,0.1313792850919852,0.2438383296583638,0.06591027415140975,0.7362130184968313,0.19034878959753623
443,444,33,0.0002659897914837171,0.00017383403715542337,0.006395490769522659,0.00230685188470279,0.2084128208684199,0.1528738329206187,0.17839641733603043,0.07178795609116446,0.6783130223100836,0.27933899832341036
444,445,33,0.002119348761907807,0.0022139683776992,0.024403716239965324,0.016453718354883923,0.43599020249464293,0.7295793784190145,0.33091776050401456,0.26654912718472096,1.1020106465527506,0.98620630124638
445,446,33,0.0013346485484913555,0.0012785309501533483,0.018151876234421223,0.00962008650952268,0.6294512832255075,1.6003166216096103,0.3372993275071635,0.29869684341161784,0.9848654188893058,0.9540676708870023
446,447,33,0.0011674693039711917,0.0009442527844221682,0.013277363434264606,0.006700017016383068,0.46533840155285416,0.35460738962346916,0.27808213233947754,0.12059588032407847,0.9440316864938447,0.47970503566666023
447,448,33,0.0014819794794840907,0.001298394846497068,0.018250830273962383,0.009592364214576772,0.2703262564133514,0.22571757196993675,0.24756356644811053,0.13848262690056343,0.8431942580324231,0.44018836462056454
448,449,33,0.0018210557190644922,0.0014926289064543126,0.017421392847178772,0.011278061036115054,1.016897968270562,0.664963011946201,0.4180315006116812,0.22804907977976385,1.2433109173654004,0.62814576621613
449,450,33,0.00021564185548909748,0.00032746156566537937,0.0060638349827830534,0.0029617356668549355,0.22303475061375083,0.33727724899391026,0.19739195839925247,0.09311757552463494,0.6947961765708346,0.33797371008672356
450,451,33,0.0002957664028971604,0.00040134669314114877,0.00667494587656675,0.0034894337357635357,0.42239766364747827,0.5833557143021905,0.24974005511312775,0.12702395294514324,0.7582300639513767,0.40799977078964345
451,452,33,0.0005949851480175575,0.0007009413951220157,0.009308532145296453,0.009174245226255609,0.2187943255304111,0.27053611984551923,0.18001502372044345,0.18512622228066244,0.64686641773622,0.6468754339273836
452,453,33,0.000548462395906399,0.00035915005119834876,0.0072553571468840046,0.002966901073788017,0.4902367880850127,0.2993405530198037,0.21759035031903873,0.07098786407362458,0.7497761583689487,0.26267309503459035
453,454,33,0.0002699978032262262,0.0002096363016740212,0.007638528230458949,0.003923465109299981,0.2087769272426764,0.15253949465503913,0.21436795614885562,0.10962432223367068,0.7312604270198129,0.365653138394322
454,455,33,0.0003832999802508504,0.0003473987302715558,0.008667532594479395,0.003429101672148271,0.12949432410074002,0.13357744781419428,0.1569827241879521,0.0640647150210324,0.589844550147201,0.24513566128978437
455,456,33,0.000618221447494403,0.00040959101886494596,0.009580753997645595,0.0037781121232975242,0.27113731747323816,0.17963560251631483,0.1989786819075093,0.07713819175733497,0.7255744617996793,0.27867455945323644
456,457,33,0.0011452846132063617,0.0023412725701253013,0.015230808392957304,0.017652940115771454,0.369932685894045,0.8317819627835845,0.29931836755889835,0.2838739368630505,0.9789444740974542,0.9768445869537075
457,458,33,0.0005271952973227158,0.00047061939925972454,0.009471104042886785,0.0031117602826575986,0.21380152440432346,0.1642245353737052,0.194413526040135,0.08326177659491053,0.6770771181944645,0.2942331235909356
458,459,33,0.0011094556230642465,0.0006640965960048336,0.014420725278217684,0.004906631018278433,0.24252121556888928,0.13594057571166668,0.21338775889440018,0.06649556031589118,0.784384161233902,0.2438283907039892
459,460,33,0.0024800315961439274,0.001713453793557101,0.017066991633989594,0.005577244160215119,0.6752390324166326,0.3637531682657516,0.2868404153621558,0.07538410775377037,0.8595090219468782,0.25325227772002445
460,461,33,0.0009015610562390507,0.0008240950154558723,0.01244464297920014,0.005748314411681917,0.2191470731614214,0.20780329186888366,0.19270312063621753,0.09027880728564529,0.6386729271122904,0.3053602388196617
461,462,33,8.661172347329381e-05,6.757612108656739e-05,0.0042654581643133,0.0022254910266186296,0.2370199461778005,0.25734826740884337,0.2230982051202745,0.15452079092344065,0.6317713811542048,0.5023124915408245
462,463,33,0.0006318183498506462,0.00047101549866635086,0.009696897641388756,0.003700863236831107,0.22029494324868376,0.1527228300803486,0.18294500875653644,0.06898265188433128,0.5957465930418535,0.2339936430858936
463,464,33,0.0006373230752422277,0.0003195260868844313,0.010239340040381208,0.003994850568092797,0.3542145732225794,0.18221259022991018,0.24283157243873132,0.10159905130663636,0.7233787756977659,0.30929121837525164
464,465,33,0.0004048378900871753,0.0005466631260786423,0.00797608237233803,0.005914330432177095,0.2590020237998529,0.30385799216367265,0.20590523246562842,0.12339424078132098,0.6306841969490051,0.44041492632654955
465,466,33,0.001162163594871703,0.00045509812330521996,0.01610411305657842,0.004061061267159382,0.34469031926357385,0.14413746252274287,0.2763502606839845,0.07138253654802244,0.8117286680322705,0.23762693900494544
466,467,33,0.0016441200004368457,0.001583972117743496,0.015490530750178026,0.007325320926069339,0.549720143504215,0.6584965311990659,0.28369450298222626,0.16745817932934715,0.9482857675263376,0.6477321405395929
467,468,33,0.0006357798164103632,0.0004526254404716003,0.011379148938100447,0.004330187606797929,0.24191968086542506,0.16979796942661196,0.22411877278125647,0.08174964615201052,0.780264268318812,0.30075826467749467
468,469,33,0.0015069400224919345,0.0007235776085945291,0.015957287399832046,0.004059734116995142,0.5200722226590822,0.21069272730212082,0.29978513988581573,0.06977065303276826,0.9230293161941298,0.2294049252993873
469,470,33,0.002116483708519037,0.0013615756437461975,0.018775271026022507,0.005412236712540407,0.23047635692990187,0.18900722442987605,0.19352467877395224,0.06663981743264334,0.7512493693467343,0.2903215089884359
470,471,33,0.0005136295997848114,0.0002945169330336322,0.010461291354714018,0.0030852555292274746,0.23934955285354095,0.13631501111813368,0.22626006151690628,0.06629607022149457,0.7162494659423828,0.23115420210060902
471,472,33,0.00010030108282852311,0.00010760988541966725,0.005052795944114526,0.002513043420034928,0.2134290078485554,0.24963431385096704,0.2265129190954295,0.11604086350694998,0.6997081890250697,0.35908625184798243
472,473,33,0.0017764002444561231,0.0011371893115836513,0.020251948583984013,0.006911197323327047,0.2638116280237834,0.1822245752006801,0.24600614923419376,0.0851412512638699,0.8479181600339485,0.29274708235811653
473,474,33,0.00026327902113817714,0.00015798061474824144,0.007758459753610871,0.0035349269002183195,0.25479325087684573,0.15170177624379078,0.24142619899728082,0.10690132786865818,0.7482561767101288,0.33991988136261403
474,475,33,0.003954531822466489,0.001629448030304499,0.03244159486370556,0.008051273947704472,0.5416126978216749,0.22091650636414298,0.38086178221485834,0.09133842881857439,1.1298744822993423,0.2614318257491465
475,476,33,0.0014871378170386324,0.001832779803229438,0.015212067021903667,0.00902688527424868,0.6332211478641538,0.6090299827648242,0.3268345734386733,0.14918963102151714,1.0212107553626553,0.45908660896072445
476,477,33,0.0026200628243245637,0.001646691623563258,0.023949224642957703,0.007228258937380699,0.8112742842146845,0.5151160873268068,0.4282937076958743,0.13519303571273963,1.2135812694376165,0.3940212100780902
477,478,33,0.0014339910156911974,0.0008638495332614751,0.020548341005589024,0.005721915238539396,0.24350148574872452,0.14665016666343547,0.26730256911480066,0.07306434282945547,0.7933306684999755,0.23337959218343007
478,479,33,0.0005897687440279476,0.0005621087075016508,0.010895653091596834,0.004902674651476037,0.23860173096710985,0.25491035228515885,0.2182392170934966,0.10751621802842437,0.736695203817252,0.3875822388294427
479,480,33,0.0006872415035490342,0.0008217106304011911,0.008465746826859135,0.0034013819005187583,0.530692520692493,0.4853082800723119,0.24593738827741507,0.09873429459955499,0.7976897566607504,0.3419283018420232
480,481,33,0.00040252033046051633,0.0005156721885459797,0.008494210104937807,0.006372957690701332,0.457870052054976,0.5447243078247003,0.29547345502810046,0.21125186251112033,0.9676073708317496,0.7166790086678225
481,482,33,5.934655258566966e-05,9.254123376368164e-05,0.003762608242334064,0.002876580055845684,0.18797398640802412,0.2885780460799871,0.21337880419962335,0.16464034177904138,0.7627654915506189,0.5714565517234753
482,483,33,0.0005918304470304231,0.0004474954969946754,0.010523557269453202,0.005186014627903418,0.16700527139685375,0.16645937884599593,0.17341194503273205,0.10023434988129899,0.6564961893989204,0.3804706696106782
483,484,33,0.0001689724677183249,0.00017659454830269906,0.006316215844091141,0.003071059299270917,0.16868926945960883,0.16642029302911804,0.20010839809070935,0.09600093524514493,0.6922880980101499,0.34493765054337416
484,485,33,0.0003092164466083473,0.00024660312189804144,0.006810497894629831,0.0037072574887206905,0.39552637912107236,0.26363433719327173,0.244230540212392,0.12347993792416591,0.8021598837481213,0.42070759733473645
485,486,33,0.00011494868640787017,8.023880831873908e-05,0.005635245484441068,0.0030360714355119334,0.37636079142491025,0.28126392354234175,0.3220184601166032,0.18206980038093964,0.9620854005669103,0.5066497332666371
486,487,33,8.683520619260062e-05,0.00013863114430610123,0.004596753306969097,0.0028801822304716355,0.12016432083240061,0.1923300098460424,0.17038344704743588,0.10685258472932704,0.5626868957822974,0.3447757559474997
487,488,33,5.434047202332739e-05,7.098577423953487e-05,0.0032529402693900226,0.001943060933300915,0.08384220084796355,0.09987209249296412,0.12909159167044928,0.07407389691287991,0.48216449008843987,0.269126311112706
488,489,33,0.0008837545690105551,0.0006102411666407075,0.01277770587440693,0.004271538415836919,0.25067356793266354,0.1781523678264564,0.21488715527635632,0.07219342159799282,0.6684944837382345,0.22804052945178188
489,490,33,0.001036100773490034,0.0005992397615983969,0.018248340989829914,0.006466727991590568,0.554163786497983,0.3299997948694126,0.420019938638716,0.15080769256011772,1.2222488179351345,0.4774852472549945
490,491,33,0.00033894316782772716,0.00022398880442432305,0.006197474970318335,0.002842119431584198,0.3838692326098681,0.25255799490868835,0.20816594216658246,0.09558030129093562,0.6980025649983582,0.3139927664369651
491,492,33,0.00010924477721869842,0.0001089108541650918,0.00548448790019999,0.0033412311498237676,0.4531870385011037,0.35495349339402,0.3702153301600254,0.17883356706570722,1.1938470123392162,0.5460663729094096
492,493,33,0.0005171978118596599,0.00038674500851785805,0.008331078908998858,0.0026187912564376472,0.31798605711171124,0.24217288386687305,0.2061129194317442,0.06242105582528651,0.6396317274281473,0.20704976314968326
493,494,33,0.0012016040696339173,0.0006166473708067332,0.014062319853992172,0.0042735326705270705,0.2465242027784839,0.12304692389547835,0.20146664186860574,0.06114996371235833,0.6254700602907123,0.19387581122274897
494,495,33,0.00016262340465221894,0.0001650993308996424,0.006036724471910434,0.0035434485291121007,0.464164007060004,0.5022676715630692,0.31916224550117145,0.19503061310225814,1.0089861877036816,0.5674487484272563
495,496,33,7.816553583821093e-05,0.00018341811736266993,0.004020508742017046,0.0042918649773355634,0.14054389371339118,0.24839012203643757,0.18722482931256215,0.15180766629337658,0.6514669972727606,0.45992551393225845
496,497,33,0.001003205340539077,0.0008547793678439797,0.01420878456679709,0.007421187095334306,0.2710850621488961,0.23724143641095077,0.23317359297564536,0.1266855146808018,0.8612807356950009,0.513924421842874
497,498,33,9.723142256641013e-05,0.00010830657292001251,0.004638798732423421,0.0019191355752569861,0.1304501457647844,0.1279711151362151,0.1729652877106811,0.0729840537525135,0.6105535978620703,0.2594534030232358
498,499,33,0.0002854267424316442,0.0003709815224824999,0.006213546279027607,0.004160725512181995,0.22414622196193898,0.300929655911512,0.17597883533347736,0.12212134237477094,0.6144783451701655,0.4226534442674568
499,500,33,0.0008639386864656858,0.0007521423661106972,0.01253501105714928,0.008300540180042715,0.9355245410944476,1.1796251408379177,0.39176533529252716,0.23956438565325852,1.350750022765362,0.9073666829034237
500,501,33,0.0001696174550681573,0.00038796530032546447,0.004338203593221741,0.004917237911319061,0.24166142421238376,0.5078486554904227,0.1676301170094967,0.18772297498669427,0.471406264329636,0.5433824933038311
501,502,33,0.000513664344025804,0.0012609299417831049,0.011284001030479416,0.012146146879406176,0.26148115939488914,0.6581801658381853,0.255372773743037,0.2733770587755742,0.9116086634722623,1.0166016496958545
502,503,33,0.0011390224185147831,0.0006525523015755059,0.012865187882473974,0.00413027674477803,0.8636913692409341,0.43216638588245926,0.35345029108452075,0.09972520900479445,1.0922954786907544,0.3093038940951476
503,504,33,0.00012268209414314973,0.00019018803646416834,0.004593885327322465,0.0019149997981236467,0.348340844791947,0.4384891529819116,0.2583399044744896,0.10747277812956717,0.800715241468314,0.34034357808744203
504,505,33,0.0008376958893760192,0.0008380309592759795,0.010632034666328267,0.005912258276243184,0.865956110033122,0.7706854801841259,0.36537378033002216,0.16833828732597625,1.2050531515569398,0.5481080369586457
505,506,33,0.0001841205313543138,0.00048652533222100604,0.00421396117643312,0.002741625105972957,0.24842093501127127,0.41769599955232195,0.1966372195518378,0.12119287419339012,0.6772412477117596,0.44733310478669286
506,507,33,0.00010414136773540645,0.00022195263779727938,0.003683802356879989,0.003311615083763465,0.3132270026500478,0.5150543759482417,0.23093885000839237,0.21249736508049466,0.7443019283678411,0.710832205139361
507,508,33,0.0013477934487375685,0.0009882258669225814,0.013870905703780327,0.006234142822849169,0.4315677185853322,0.2868063127270506,0.24815708669749173,0.09783408679706675,0.9904579149954247,0.3979939954933847
508,509,33,0.00020801681426801775,0.0002333256071789493,0.004896789457592548,0.0020126856431350315,0.36400042070696753,0.36505777623799474,0.21103990077972412,0.08170680905906322,0.7230950937126622,0.27470678083996014
509,510,33,0.00022538599759944634,0.000213004916615947,0.007657882494500517,0.006283085875861368,0.46954542855647485,0.47637012366322296,0.3451757031609593,0.274142938169657,1.233130746908587,1.0079460331278878
510,511,33,0.00027146006345212686,0.0003159752254085746,0.005556656033590887,0.0021397940792143985,0.383644206844496,0.3890663038780154,0.2169880706704024,0.08221661437199755,0.7414905997839841,0.2716733857289147
511,512,33,0.0004609097929708448,0.0006570317079819748,0.007222619186381273,0.004782664144824318,0.7758429535791617,1.1929004195630706,0.3396098390221596,0.15692326919392474,1.1562412810145002,0.5230185764317504
512,513,33,0.0008729605509539728,0.0005175902650806038,0.010419931770725683,0.0033181668819375573,0.18546284915822925,0.11274596051747311,0.15214615044268695,0.04915742620079591,0.5419146888183825,0.18229691758147568
513,514,33,0.0014480066469828175,0.0009002881194054589,0.011430140993924755,0.004284115650542788,0.4057655537670309,0.3048247609319867,0.18889251193313888,0.0758021026870336,0.653338990428231,0.2639430991047249
514,515,33,0.00016917072062741764,0.000257676823208238,0.005867117716027706,0.0037880100667662107,0.5126594921404665,0.546672741492478,0.3578168052163991,0.2200882853659616,1.301475822022467,0.8067302820872604
515,516,33,0.001568865537592501,0.001227732325374675,0.017751912438226016,0.007866951334736206,0.6442644818488396,0.991879233545598,0.34801657622059184,0.2333258705406241,1.108117610667691,1.0178241511724069
516,517,33,0.0026675092310390687,0.00107485757980252,0.029160317993073753,0.007271231955312183,0.4140712013750365,0.16758981769124565,0.36931603334166785,0.101372529206734,1.2073589328563574,0.5049875143290606
517,518,33,0.0008681512992938444,0.0006899620276831502,0.010988816915249283,0.0050801543049118795,0.3037017761080554,0.2519684910199741,0.2067195890527783,0.1017058899252766,0.6997874162413857,0.36218959180508564
518,519,33,0.0011641491507885582,0.0007225708673956092,0.01306038989092816,0.004271180699985844,0.34626871392582403,0.2164447033247442,0.22594226467790027,0.08097696104214573,0.6980956106474905,0.24598877061957455
519,520,33,0.00025898835550227284,0.00033450027030716245,0.006926695685104628,0.004231562143122195,0.48486482114954427,0.4025307559550746,0.3398969899519949,0.17176425182714458,1.1044428379565385,0.5476409984498557
520,521,33,0.0002645341937199136,0.0004685479080764983,0.008198701508456108,0.006595080295746239,0.23670445986543642,0.3354847161343885,0.24934074734196518,0.1820053128544347,0.8801535331841671,0.7002989857178102
521,522,33,0.00014860869269437953,0.0003005801465688001,0.00609503987696812,0.0028643600671386135,0.30794888881571364,0.5924656208193994,0.2803231513861454,0.12938004760160593,0.8448329613064275,0.3653754052943794
522,523,33,0.0011301230997284592,0.0008389810517749352,0.014599062474162289,0.005894654304599049,0.24974936653267255,0.18846669653587045,0.21777885339476846,0.08808222331819222,0.7621938414645918,0.3172753905576351
523,524,33,0.0011442396858586962,0.00223782213035699,0.005011165220022314,0.006394261322907474,8.82609127210559,41.36251720813491,0.34108852849087934,0.6473498594189769,1.4564002973563743,2.2252309042737166
524,525,33,0.0003369606984602852,0.0002019384794996715,0.007461093168592814,0.002783860341091069,0.1242837498359608,0.07737213241236594,0.14350327375260266,0.05494656526230348,0.5538169786785588,0.20954952265359278
525,526,33,0.00044025400609715496,0.00046299207597374684,0.006690151657852711,0.002754677823839734,0.57440952979254,0.5197913911630393,0.25063191534894885,0.09543389139424292,0.8161271196423154,0.34244583970852127
526,527,33,0.0019229153686231284,0.0016247983549685146,0.01702422479336912,0.006304991539017672,0.49387850680134515,0.37163177764025934,0.27771056691805523,0.10567076234895154,0.9225198066595829,0.3958591161199626
527,528,33,0.0009139080893047238,0.0010301781067492018,0.01123623741847096,0.007746713518361176,0.3836978863586079,0.36606059425482573,0.23472353951497513,0.1467527951286234,0.7713755269845327,0.48524275041147014
528,529,33,0.0032700674121522093,0.0009885386380432191,0.024642983620817013,0.005387003714129924,0.5750174843000643,0.18167904967045814,0.32688491452823987,0.07444858019689858,0.9933246012889978,0.22215100881236302
529,530,33,0.00029092973405071956,0.00024507854547068964,0.007629617773504419,0.003225176023242404,0.5363011680769197,0.355589197078679,0.33705955879254773,0.12171979793372473,1.0350474642984795,0.41971596127157124
530,531,33,0.0012672556110897638,0.0007095330247042245,0.018295725384219128,0.004994455898171532,0.3280268268603267,0.17810876874153647,0.2951951650055972,0.07609881121854072,0.8347936796419548,0.22057321084896328
531,532,33,0.0030229019325678096,0.001145171127986656,0.03167171759361571,0.0075386228124666,0.48008608095573657,0.1987666199029335,0.39812496169046924,0.09938737315914589,1.1695517337683476,0.2970121723165771
532,533,33,0.0013167967210227455,0.0011628181093270489,0.014842857352711937,0.007688445433926529,0.2964684105280674,0.25964769168676954,0.22272544783173184,0.11764646818207695,0.7546057366963589,0.42355464510215846
533,534,33,0.001010423689325707,0.0007335810901067092,0.012439899090113062,0.004798028121895541,0.33899191134806833,0.2427446979475588,0.22823372799338718,0.09054363171589808,0.7273410594824589,0.2956487327987243
534,535,33,0.0008988844587513471,0.0007790357206529661,0.012323557145216248,0.006274322850611961,0.26228573596612975,0.23478251404283582,0.21078233443426364,0.1129942880532589,0.730388831911665,0.4174246237831125
535,536,33,0.00041694048145886467,0.0004181579114333133,0.005735028880845868,0.002598081341822724,0.5429632661469055,0.46740156783202186,0.22266461632468484,0.08411453555364941,0.7379937153874021,0.2691435443686596
536,537,33,0.005876878096552735,0.0024376508285396587,0.03915277834643017,0.010953444395369709,0.6677254050066976,0.26424359219733895,0.41690915010192175,0.10549757621945355,1.2291192087260159,0.35105759443023626
537,538,33,0.0007516475468009683,0.000462118716887674,0.009031421519025709,0.003145754737224989,0.24787057399975532,0.1728264116766551,0.1623278357314341,0.0624962738745915,0.5493052506988699,0.20011118766903313
538,539,33,0.0004095282923144899,0.0002760235102171872,0.007779599759604414,0.003438490264927404,0.4098658733295672,0.2146407430227649,0.2508930751102118,0.09118648941084467,0.7421068253466182,0.280492295948358
539,540,33,0.0011899321371774104,0.0007756207132260184,0.013198593560832016,0.006224055025725981,0.3267842610225533,0.2705483985974926,0.21322241560979324,0.09965935349691134,0.7094151693763155,0.31540085775046106
540,541,33,0.0008228914657868727,0.0008673823115310632,0.0122708878197679,0.00558904337409138,0.49086025989416876,0.349622789821958,0.3123800632628528,0.13264233493408317,0.8676063779628638,0.38251400769752597
541,542,33,0.00040291618412966,0.00026616308359550186,0.007605970502040829,0.0033188915386247065,0.49496696584604005,0.32165880820293574,0.2765618772669272,0.10957898048606872,0.8449921165451859,0.4016767442641415
542,543,33,0.0003879422848430377,0.00028608004222424653,0.010397258510982449,0.005494682011900376,0.31827706075979,0.3082989384833523,0.2966681741403811,0.19047808004748432,0.8638024537852316,0.5453781043549019
543,544,33,0.002499861405698484,0.00240737384507296,0.01779280318596372,0.010233524387471543,0.6403956937067437,1.1243602040383927,0.26602854241024365,0.18809223005255102,0.9584628867380547,0.6147919036282748
544,545,33,0.0005990868205503141,0.000744101082553783,0.007384235173407377,0.004390395217191171,0.7457262176004323,1.0138399068449742,0.2663611948038592,0.16002079410451514,1.0199620272174026,0.5839710154266317
545,546,33,0.0007567847814326259,0.0003596298445998005,0.010763347953219305,0.002432015655981172,0.4465541546091889,0.2118713382594839,0.26123039785659674,0.05806049148183448,0.8147233218857737,0.18641094484900636
546,547,33,0.0009478235817479083,0.00048672639536333136,0.012951371104766926,0.003965674051942308,0.24930827635707278,0.1426131300656384,0.21373125120545877,0.07802465580890912,0.6623860236370203,0.2618293675464606
547,548,33,0.00020524497059534153,0.0003186587499647971,0.004932756225268046,0.0020298758572147887,0.4761022214467327,0.8281713836541826,0.24033745897538733,0.0960562444570249,0.8457444048289097,0.3415232548472522
548,549,33,0.0008799359050251289,0.0005586478701296475,0.011590999791003538,0.004669781746814258,0.18215328364661246,0.10914538776741144,0.1684609531904712,0.06064788798543247,0.6086639644521655,0.24065958703648116
549,550,33,0.00017034056911528972,0.00016640188718900094,0.006030104743937652,0.0028049354913964254,0.12856029555427306,0.10570677365249519,0.1696207823626923,0.06269233961103474,0.5805471376939253,0.22551253931388304
550,551,33,0.00019778376952884992,0.00011677226204662779,0.005760137186977469,0.0020308569413938927,0.7121017015760476,0.3611352813407853,0.35106265550477905,0.12093495599205982,1.1109350232989077,0.4111576479323473
551,552,33,0.0014152070428033105,0.001026924464488831,0.013411471916531975,0.004603052891958545,0.2737294256009839,0.266392828133218,0.18448914948737982,0.08111340710725924,0.6933400152307568,0.31944391917073334
552,553,33,0.0005162487926127417,0.00028586134505786395,0.008121013810688799,0.0025592124009182196,0.46384409295790124,0.30392661563342044,0.24261942867076758,0.08495739636866781,0.7245444131620002,0.27677842051508883
553,554,33,0.0009975275656457102,0.0017719418228216784,0.00955184022049335,0.006099576710229353,0.5182421329911008,0.967049216103594,0.2205750900461818,0.14592051207481205,0.6758237765593962,0.46306946986851594
554,555,33,0.0009883845116016319,0.001276974405764568,0.010774278739330524,0.011082473611729357,0.5330167113041338,1.4486004239353123,0.2227727982942494,0.2737401513866664,0.6743627933785518,0.9484148918773192
555,556,33,7.403433389272047e-05,0.00011636101924267753,0.0038786256318968353,0.0023623605098177483,0.10598584555202362,0.1494238658118682,0.15186871170546068,0.09545315016019526,0.5501487106084824,0.340304059425425
556,557,33,0.0004669879702057435,0.0004012653833716378,0.00947837322724588,0.00453399177109031,0.2992418356465571,0.24352259910903146,0.2413990989778981,0.11229473754415999,0.7242910600069797,0.3600439043802899
557,558,33,0.00021060630724329684,0.00026888729102221337,0.00607402604355505,0.003036435015413903,0.1815793134949424,0.20756593213180444,0.1829220246184956,0.07986157297646851,0.5820038174137925,0.25139481027492594
558,559,33,0.0009365857080080208,0.0006912340420062437,0.012872583077599606,0.0050314251203746945,0.3525800634965752,0.24962786027105632,0.24990929437406134,0.09145163628841324,0.7700921748623704,0.30233077241373985
559,560,33,0.0002456965824724951,0.00014159397484828475,0.006698845801028338,0.002042558143859653,0.18691589412364093,0.1103709397818452,0.18446389743776032,0.05597632287356573,0.5383512468049021,0.17002401854801555
560,561,33,0.0005977255350444466,0.00035983938359707477,0.012736039306742676,0.003640736519935762,0.1690341015205239,0.09856994405556023,0.2144205430240342,0.0604728726495531,0.6837646247762622,0.19057576231773665
561,562,33,3.8826973044100065e-05,3.6547134422901556e-05,0.0029746213306983313,0.0010283758216472747,0.10130122377339637,0.09575803165100331,0.15180973956982294,0.051944999128729435,0.5127822982542443,0.18345655189122656
562,563,33,1.8477632665687518e-05,6.535433255557e-05,0.0007723846882185299,0.0017786549621697492,0.10794653184711979,0.27146149866227176,0.06837400034276866,0.14959606850685836,0.2659956873524687,0.5879408653958162
563,564,33,0.0005112187912097645,0.0003472049484907304,0.00762647925876081,0.003224950424329822,0.42250394787300716,0.2712930324003141,0.2242100058179913,0.08864577364585208,0.7742449316111478,0.3069042860097897
564,565,33,0.0004231746914394369,0.000380713221788834,0.010363600202694986,0.007729949942696923,0.4233001297847791,0.35302332850506873,0.32532394699978107,0.218574980697017,1.02318392106981,0.7595333287372819
565,566,33,0.00011588000145848403,0.00016310837994586988,0.004068362307875897,0.0017963103267573202,0.23306426428484195,0.25229480606637994,0.19720973525986527,0.08459773592187463,0.6520774581215598,0.291170659985639
566,567,33,0.0004358794028093777,0.0009222582993307888,0.005154725887361124,0.0055730043047396375,0.266053443492362,0.40248990871346,0.18536660368695404,0.11584573059031342,0.6302552205143552,0.49296426105325586
567,568,33,0.0010222828158558432,0.0006487335641386938,0.01155369778191953,0.004200906176157708,0.3063695235460093,0.2280620970116945,0.1983633508736437,0.07675124924013195,0.6616743216008851,0.262161603822967
568,569,33,0.0005092311408644133,0.00041670773242173464,0.00882325063205578,0.006540703849323229,0.4174489839510484,0.3369626392847672,0.2565849364706964,0.18212778413884476,0.9036998504942114,0.6470433947123612
569,570,33,3.417809703574736e-05,7.187902980817212e-05,0.002223990083640863,0.0026795338058105715,0.13742122313741506,0.2567044562571008,0.1471049221343715,0.17197844738186271,0.5095199545376683,0.6103759135449089
570,571,33,0.00234073531612811,0.0029104209761664115,0.016130086637779394,0.013673191960314308,0.8640856762049776,0.6863724556074763,0.4255908382209865,0.21405430403378256,1.439964680960684,0.8775231792376038
571,572,33,0.0003638262937646218,0.0002604948734610895,0.008631818222277092,0.003272110140489806,0.12146182109912236,0.0853128410515484,0.15769162232225592,0.05935138708439694,0.5865708110910474,0.22356831795445276
572,573,33,0.0014256960231719088,0.0011108988614880711,0.017136940873707786,0.007809680306146097,0.6600250710140575,0.36465333918453874,0.37609064849940216,0.14250547846528203,1.102826655814142,0.45184439739163557
573,574,33,0.00038389727970669895,0.0003361666139724662,0.008381078838173187,0.003548721042239991,0.22891838842946471,0.19788234165045335,0.206496104146495,0.08769925539938153,0.6263545236804269,0.25299313374756827
574,575,33,0.00039677356995305286,0.00040346067373707006,0.008489376053947843,0.00424750934971182,0.4467892976421298,0.46110673683871817,0.2938015777053255,0.17966278187780058,1.1270507230903164,0.7433173116467117
575,576,33,0.00011133834426469879,0.0001910396147805235,0.004240133538559982,0.001955588213816208,0.20262292642710786,0.23392209762012536,0.19682450569940335,0.09680176788479096,0.6342813661604216,0.33233909816351775
576,577,33,0.00034627781436332344,0.0002613032039243087,0.010143975656705372,0.004886475112553158,0.5386312464534333,0.4291386450954161,0.39826969237941684,0.22039117509772152,1.3279636457110897,0.8286009235948917
577,578,33,0.002884548997054949,0.0014131182722483362,0.023374603553251785,0.007386229067345803,0.6206124020796834,0.29678449034880783,0.34189167844526697,0.10313533745909273,1.0350993420138503,0.3415389717835114
578,579,33,0.0004120624911124513,0.00038382617901862656,0.009822312615473162,0.005051848297951201,0.671518498721222,0.9756575733341984,0.3763305980599288,0.2422753691774416,1.4087289264707854,0.9607951076058795
579,580,33,0.002742883791639046,0.0016316477745022468,0.02178149413543217,0.007746494269538753,0.46317433656165097,0.28859178116988876,0.28468925076903717,0.11844744405892337,0.8408309736035087,0.3601016739592324
580,581,33,0.00044957240210020575,0.00044977833243249686,0.007783062904226509,0.003369282658151084,0.41450500014153396,0.3963457637635237,0.24048862651442038,0.11371764031093111,0.6663712073456157,0.34244226522053095
581,582,33,0.0005377466895328271,0.0004330417514158905,0.010635714469985529,0.004308173996806497,0.2967611567089052,0.20033830035066189,0.25756118830406305,0.09516606778075092,0.956550907908064,0.3723683964083552
582,583,33,0.00023406318640892013,0.0003721080731013488,0.006135101147899122,0.003477810246859813,0.22008259549285425,0.27805294044905954,0.19827018023440332,0.1038948637663547,0.6102033212329402,0.30577256166844635
583,584,33,0.0004422409981612652,0.00037462732584714087,0.009732882619242777,0.004620023161629867,0.2743066657673229,0.1966254382264075,0.24597162256638208,0.10604564813073229,0.7671751407059756,0.34147695678612044
584,585,33,0.0006148988397784926,0.0007127455262454366,0.01066776734748573,0.005479540486989178,0.17371632316798874,0.20895870227654342,0.18043843092340411,0.09789299737330154,0.648060777873704,0.3465017772740332
585,586,33,0.0037747988716353466,0.0023129439283036102,0.025238204027780077,0.011339928964456352,0.5668326329552766,0.4259895716684859,0.3126286534648953,0.12287799644167414,0.7932091897184198,0.3324734923327543
586,587,33,0.0004462013365617057,0.0003755130876350947,0.00549902610311454,0.002056675590659389,0.7180214086829713,0.6271309836151716,0.2247552198894096,0.09247068860409302,0.8136241977865045,0.35132730638297144
587,588,33,0.001152128848127287,0.0006428946458509733,0.015781656020518505,0.00444502470799496,0.18694022478479327,0.1088805277247406,0.20079726658084177,0.058061557262578084,0.6666444088473464,0.2041699557841071
588,589,33,0.0006212222947259293,0.00041072985092331004,0.01088443368842656,0.004094716526208842,0.28367061484040634,0.18268172253299458,0.23253147958806067,0.08568787566463383,0.7555088445995793,0.2663951463988278
589,590,33,0.0005275629298535712,0.0004902648966824059,0.01007110405374657,0.0043350246034994655,0.176936664816105,0.1564148005355741,0.1856750331141732,0.07765773450454366,0.6374345548225172,0.24528198578964988
590,591,33,0.001226762150040348,0.0007833665160705597,0.016410822853107344,0.006165449438955446,0.3926988291469487,0.24734237270195225,0.2944149609768029,0.11056822051646065,0.7774119928027644,0.3219354372142351
591,592,33,0.0011926838487852365,0.000594353521195109,0.019757125272669575,0.005883016660672048,0.4268743865417712,0.19919099096024453,0.3742599460211667,0.10308977301769891,1.0507636431491736,0.30107842003965185
592,593,33,0.0007239135758771391,0.0009066025418971067,0.013029166892396681,0.006354008562733373,0.4887554462660443,0.4359065739295542,0.35584670756802417,0.18806598135761293,1.1898563314567914,0.6963251041958006
593,594,33,0.0009178421177873106,0.00044535169653523864,0.011873918049263231,0.0031825029634989918,0.1937345779980674,0.09831670747161585,0.1719192839933164,0.04516659642080876,0.581318093068672,0.15730225289188346
594,595,33,0.0016748377088471457,0.0010432057514084309,0.015741865489293228,0.005067386407039809,0.37999700630704564,0.2519894171580419,0.23561610304044955,0.07667580724852077,0.7232261417490063,0.23735671344958656
595,596,33,0.00023358437764534645,0.00035940354571124155,0.00781412338344098,0.0066610969114124785,0.25718894760321936,0.33987899941207445,0.26724817287741287,0.20791468435953997,0.9821697834766272,0.8000015794679967
596,597,33,0.0009588267884365367,0.0012347366621556326,0.011024585459381342,0.007020880522943416,0.4032677804881876,0.568477270766598,0.2267569238037774,0.16199649707844688,0.6849098467465603,0.49712902910381873
597,598,33,0.000616025572856994,0.00041903936999146857,0.011299531328294313,0.004412756004761991,0.34993779614116205,0.2531572203465499,0.27060901486512384,0.1068161914192202,0.868368204795953,0.3883964187888745
598,599,33,0.0006918701064932975,0.0007851215451771856,0.008275613541517294,0.004225512231656919,0.49691452159348765,0.5239996054626443,0.23513350342259262,0.09555733391961428,0.8215638390093138,0.3332352248610562
599,600,33,0.00028632665828009715,0.0002931959775521587,0.004579148763282733,0.0018520797080562282,0.6653680082862125,0.7299374159096883,0.22299776113394534,0.09267666055502345,0.7966114941871527,0.33127860999905084
600,601,33,0.00036241088199665575,0.00039579682706030454,0.009799856022282533,0.005602541740255352,0.2417108571213303,0.208109529777041,0.2689476433125409,0.12828865210023283,0.7893020917068828,0.41882212913384936
601,602,33,0.0013897568435023652,0.001075060318801913,0.01733616529258363,0.007033781319064991,0.5558643910017881,0.36316354126229694,0.3545489220908194,0.13350471952568174,1.057968904574712,0.438158443427922
602,603,33,9.427098488038505e-05,0.000342368963415501,0.002327651766619028,0.0035056573836074684,0.47400185466518263,1.6844794557911633,0.16292184788971145,0.2630182911577012,0.5451041587128304,0.8431292191010717
603,604,33,0.0004788536382627419,0.0005290653624048917,0.010508405672612063,0.005980046892633613,0.3657151916713426,0.35797632936479545,0.2951149068998568,0.1530069706765408,0.8430067707191814,0.4320197188717113
604,605,33,0.0003014630905123671,0.0003240615804080323,0.005961580187872503,0.002630957273605641,0.39525751309525786,0.39589811706704703,0.21881327258818078,0.08806139384218978,0.7456322276231014,0.3074128843377827
605,606,33,8.639036791051198e-05,0.00012368784987995557,0.0038238637622050715,0.0030122368823827365,0.1500659403250073,0.18805812491704027,0.1643188555132259,0.11429955292168271,0.5888873912168272,0.4329436722894163
606,607,33,0.0026005696046481853,0.004670594990917638,0.02368566050956195,0.02642461721840683,1.1811494971766616,1.244653889356367,0.5703973797234622,0.41359490536945503,2.4269520405567055,2.5012436768961557
607,608,33,0.0018230961312920872,0.0012465898599079586,0.01970826159936912,0.008078643511548038,0.4054984944787892,0.32308899580403144,0.2946999583280448,0.14107498676073033,0.9687902981584723,0.48697987576024254
608,609,33,0.0002832685600107211,0.00022127048250409996,0.006518434493266272,0.002897299743637253,0.24405499107458375,0.20790633987622137,0.18976159168012213,0.07831839530153063,0.5964401120489294,0.26819571979334256
609,610,33,0.00020404567305487228,0.00020855319418958278,0.006372348715861638,0.0037733411083660656,0.20511556913455328,0.18129754729487635,0.20418619974093002,0.1096528096595963,0.6575518422054522,0.357312138443473
610,611,33,0.00045017717065727055,0.0003525749078864624,0.009726984440490152,0.004148612582900934,0.25773119328148436,0.16208790213543864,0.23493122444911438,0.08459685986037574,0.6866729846506407,0.26881704549413965
611,612,33,0.0009284231826754739,0.0006644748288971555,0.010821645246875105,0.0037199758680363875,0.26937181491291884,0.19708619565314475,0.18469489772211423,0.0755768909282823,0.569182097008734,0.2563208869576843
612,613,33,0.00030751857014944437,0.0003256578452539602,0.008580195074079526,0.006920225039212136,0.446525627239184,0.5213360704451153,0.3169451850234328,0.27138728616189434,1.0369329574619006,0.9765761867501516
613,614,33,0.0007962370645779602,0.0007748657312498869,0.009254148766172655,0.0043960268417141,0.48973841886177205,0.4558041269293676,0.24163797136509058,0.09926616429900235,0.8435282887834491,0.35969587654329216
614,615,33,0.00024104253879792822,0.0002119952841796251,0.00535151528928316,0.0025172981641776414,0.2861829561491807,0.2377179259056476,0.18845605884086003,0.08643478001704792,0.6512145264582201,0.2966662246209804
615,616,33,9.177958511855019e-05,0.00021416894761754364,0.003365007307179526,0.00199144390477092,0.218565718637723,0.4748163676732394,0.17088295854564978,0.09923245967685349,0.5986537210439732,0.3650339572422851
616,617,33,0.01253723604322383,0.00513938155659371,0.05030813525346192,0.014906375853944852,0.5755697339773178,0.24103889993887156,0.33919223194772546,0.09566504333448948,1.1863185131188594,0.3174216367688973
617,618,33,0.00027327326031147754,0.00014943832626980233,0.007111201394405781,0.0022897365426206248,0.2702009296326926,0.1411677017809034,0.223899013616822,0.06934974949007956,0.6667248091914437,0.22080205759929786
618,619,33,0.001447994923430749,0.0007559197483155368,0.015835552236460375,0.004652834726189393,0.4492707218636166,0.2334439683850595,0.27980592530785187,0.08590730026262325,0.9604826732115312,0.32406496626302295
619,620,33,0.0009865286344641142,0.0005289437315816185,0.010877290895829598,0.0036165515689497506,0.43350217965516175,0.2295164615693503,0.2270513174660278,0.06400592789901956,0.6944198147817091,0.20248582285334804
620,621,33,0.0036577771057967434,0.003872545434839253,0.025234109298749405,0.008788281800415569,0.5552822875254082,0.5353620658013004,0.31372549542875,0.10421579901336941,0.9258292245142388,0.31485776273133453
621,622,33,0.0013313998387082283,0.0005794056374157418,0.016704852382342022,0.004449358716834568,0.441427337400841,0.18632059997538086,0.30316577806617273,0.07604628131797732,0.825479861461755,0.212412700442795
622,623,33,0.0007213055695033153,0.00041898461685857655,0.009731006746339609,0.0038213520650832358,0.5555940509745569,0.37298388578261915,0.26782577447077244,0.10874523941390617,0.7903820864869807,0.34724227669236274
623,624,33,0.00022544702920695823,0.0001379861642282374,0.0056679655134565,0.002105235859255126,0.24746638592897038,0.1646149818688209,0.18739796949155402,0.07175148002771485,0.6076433685692874,0.23135439993973841
624,625,33,0.00032720516217964223,0.000361927447542525,0.008797168322471958,0.004082706835323554,0.19592175802046602,0.21509247857668767,0.21620326240857443,0.10009815304382855,0.705615242322286,0.3269952399064928
625,626,33,0.0025727266876139875,0.0012973441294555303,0.027298954061486504,0.00710504392341731,0.4275114084735061,0.19862866667538334,0.35450695274454175,0.08480586032252883,1.066250356760892,0.25675745169543157
626,627,33,0.0010985474006950178,0.0006133277693203418,0.01032646130206007,0.0034455541438507616,0.24723363904790444,0.15521526488290968,0.15380414846268567,0.056385365979565547,0.5367213731462305,0.18931738887455787
627,628,33,0.0014455555294372255,0.0009817322162006543,0.018052272921936077,0.005207056700261536,0.2823654718019746,0.21316337611229502,0.2508813829133005,0.08417785650372836,0.8569279213746389,0.3012230023958102
628,629,33,0.0005583929517094723,0.00040863542332522103,0.010706854519006912,0.005809126537318452,0.44136146805954707,0.29683609088063395,0.30376066213411385,0.14618488048528597,1.0084655371326208,0.4787454701632128
629,630,33,0.0009375705558340997,0.0005318026889298554,0.012217983730476011,0.004406091637780086,0.4006437535087268,0.22140284864144918,0.2543780828515689,0.08981004320464835,0.7727739693540515,0.2894376059001985
630,631,33,0.000676960725644621,0.0007037585319230919,0.009697565032790104,0.005895877726006084,0.48231343349272554,0.4685654947275477,0.2706634472265388,0.1516697770673965,0.9519322361006881,0.5534812289287712
631,632,33,0.009899540952491489,0.0039454758927460355,0.04248952047165596,0.012506669940449985,0.6662502600388094,0.27563329266820663,0.34662179016705713,0.10196254242701726,1.2096689903374873,0.32123705100571326
632,633,33,0.0006870063357796012,0.0004963800486035663,0.01255934370794531,0.004721809814856602,0.19826067329356165,0.14848140497927972,0.2129557037895376,0.08141186053018368,0.6318367981549465,0.24581378589491673
633,634,33,0.00042274798430629414,0.00029288334378879883,0.008199982147550943,0.0030431889083341883,0.11742851330023824,0.08256397881178171,0.13630419337388242,0.05083119636336908,0.5231444203492367,0.20129342154648489
634,635,33,0.0014966732159144049,0.0008257453147354691,0.016631692252827412,0.005000104787449246,0.29656965161363286,0.2029310025090476,0.23325230406992364,0.084866396954756,0.8412118274154086,0.32485038972237074
635,636,33,0.0006111810328024369,0.0007437916138165698,0.012937572375504356,0.007911573405778563,0.43495408942302066,0.3908049933990466,0.36477937707395264,0.17138308654736767,1.1846296561486793,0.5770856337930744
636,637,33,0.00097970024393307,0.0004423927749389525,0.012540891399663506,0.004068160523440014,0.22825562976526492,0.10412052137191363,0.19172186269001526,0.06141411631326259,0.6402671571933862,0.2032164277507482
637,638,33,0.0009874871109125459,0.0008535626442048349,0.01422216837774172,0.007925466545852649,0.3358889888181831,0.2819637216445438,0.26355244399923267,0.14386370435055593,0.8371072429599185,0.42631443859185986
638,639,33,0.0013292915080621076,0.0010140465142230895,0.013363835027892932,0.007566238251386425,0.4632503254847093,0.26892813110108177,0.24780462930599848,0.10226645755724152,0.7991183165347937,0.33105743785196007
639,640,33,0.001009946659905836,0.0005679714252318965,0.015867045671312197,0.00576131375550607,0.379113194391583,0.18771642762945187,0.30863601962725323,0.09939955552024327,0.8434001505374908,0.282746267703872
640,641,33,0.0025959224757653747,0.0013048802073686748,0.023879221047867428,0.006764428096705006,0.29700204233328503,0.11290860917792352,0.25705226759115857,0.05663580533958111,0.8571417692935828,0.19820594876727918
641,642,33,0.0004065089614083595,0.0007490242219546769,0.004303968544363371,0.007205581712705527,0.3344319095609318,0.9302164332874182,0.11281000741875824,0.18625936163309756,0.4286240713957552,0.7158887315836027
642,643,33,0.0003550029252547767,0.00040303865620192747,0.0072492605117572976,0.0031724389703342124,0.4011377811601216,0.2940658590751045,0.25931895682306,0.10839095043001983,0.9845575455463293,0.4030192261160918
643,644,33,0.0006285808216709869,0.00044664219097774054,0.010668939672790811,0.004947769286741144,0.29127167684562283,0.33010124765486676,0.21949645956064448,0.13610424200485233,0.790693949802419,0.5005923538438276
644,645,33,0.0013911911192928637,0.0010821296523149332,0.015811328042411442,0.008919017895458516,0.47606914151798596,0.3284622800081221,0.3003496268030369,0.1578866249345595,0.9961023890610897,0.6049097757304489
645,646,33,5.072085762301206e-05,9.018487916092345e-05,0.0031277958804628615,0.0030021975474084197,0.13483638508301793,0.20787176666811943,0.17149217810594675,0.1394865097896649,0.6341240442160404,0.5198987931421045
646,647,33,0.0014311172783643335,0.0012588448958086326,0.015840782990886107,0.008473813442989572,0.6125415032165069,0.7776383966581263,0.3225280497771908,0.1834830616440774,1.0559028172109823,0.6432617220902138
647,648,33,0.0005057934631071421,0.00038406942638609035,0.011078571809382175,0.005166980796738333,0.262342788166169,0.19211969917316626,0.253998623558672,0.11255282278593896,0.9439850146299277,0.4038082907903855
648,649,33,8.131689817287914e-05,8.95175128724219e-05,0.004361399865681024,0.002407705045029861,0.14329865168441425,0.15176097922277273,0.18402472872174147,0.10037233611791341,0.666490762071176,0.3597765419311359
649,650,33,0.0011717134574968386,0.0012926761728526586,0.01233551642306661,0.009750860424218232,0.4572367416553653,0.9134574127435118,0.22736237452731178,0.2095175711001123,0.7436469781373737,0.7356634385007799
650,651,33,0.0004436963129895351,0.0003954155381893456,0.00702554113384468,0.0039969596891948275,0.4084419502001821,0.36665504311762037,0.2194586225877489,0.1313138007975652,0.6486922749014641,0.35847712754630634
651,652,33,0.0005613520175812124,0.0009254300200805483,0.009970797345775998,0.008470921007782128,0.35933249895319797,0.44055950229509516,0.2891542116800944,0.15983028484035025,0.8898905073151444,0.4987727368265678
652,653,33,0.0012321356554104677,0.001996369240883267,0.011976659741052085,0.010221142663090441,0.3850111103419103,0.4155987042288815,0.22842025756054718,0.15734004866423326,0.7528486696500295,0.5092764533902252
653,654,33,0.0005791169709427226,0.0005066429131521956,0.007648394908000074,0.004219846108078824,0.38804575535609864,0.30771546419593027,0.20239543935056947,0.11269054748970096,0.6036552387236892,0.31910679169447126
654,655,33,0.00045527339544247354,0.0007960733882797181,0.008227092542008242,0.006665455577412204,0.36832539793668373,0.5029997879286248,0.24741975364811492,0.16589496193631856,0.8285541751167991,0.5028384774257507
655,656,33,0.0001038881948233845,0.00012576238493073507,0.0036029582384578657,0.0020691143668459338,0.29418658410114323,0.3436384543409135,0.19163187604510423,0.12459096559586146,0.6506737407409784,0.3857060696969345
656,657,33,0.0005609344650910123,0.0004935755297306435,0.010596266388834333,0.005150199561766707,0.4465825514811458,0.32657250053239745,0.31122388992656647,0.15770615300644975,1.047741616630641,0.5641176810950689
657,658,33,0.0002984092344845659,0.0005161903408264663,0.006317839287503651,0.0037540893781566817,0.24951081474622092,0.40573008913784897,0.18905475893706986,0.10626457162395135,0.5753019560467113,0.3319314501123044
658,659,33,0.00041723921326179567,0.00037356126483552835,0.008178247004803834,0.0037745725129261264,0.24256661094047807,0.18693040219546195,0.20126787369901483,0.08277948139583018,0.5895408644820704,0.24177362734458868
659,660,33,0.0012569762320984437,0.0010035685908116178,0.016615855281777454,0.010099297605873336,0.3772047252366037,0.2995086048383098,0.2884970167369554,0.1744479181097428,1.008312800616929,0.6688873292157675
660,661,33,0.0005866510202229784,0.0004870709962885922,0.009775216612703816,0.005980985419476935,0.2770779856452437,0.272252230838903,0.21058309943379325,0.1383392862169788,0.6355982022994907,0.462111909804283
661,662,33,0.0004139568513754499,0.0005001719384153679,0.009404888571207085,0.008211029716749509,0.25694494079234054,0.28975780029833126,0.23943818330331107,0.20588771694314886,0.8373815219077323,0.8013825819803632
662,663,33,1.3091629818629049e-05,6.009934636405737e-05,0.0004252347381903795,0.0017376247767432376,0.016259819833618735,0.07390266355345702,0.015032285705989057,0.06103835509924471,0.05458810039759676,0.2222465458228265
663,664,33,0.0005115949562891867,0.0006369831854361992,0.008253499425656712,0.006295960145545326,0.1560696806532868,0.18704449874543772,0.14571835195682584,0.11107609078005265,0.4951052709969155,0.3891046866234895
664,665,33,0.0008549703775453523,0.0008048031579067765,0.012193362706076773,0.00894592365673902,0.26864423348822386,0.27956088849085736,0.22105013465899886,0.17092436976460998,0.67747283968616,0.6016066524463003
665,666,33,0.00023426292872582896,0.0002791512675317542,0.005810894842026422,0.006145643820712729,0.2580124669228543,0.2934657436132909,0.19572613675711595,0.2027939091300234,0.6072279416816944,0.6764004375678441
666,667,33,0.00044197342874047706,0.001205207507003878,0.006241396251583104,0.010911991458489288,0.17711396797588402,0.36627967594491545,0.1281849448078931,0.19667947338951586,0.49581532868204914,0.81193513612724
667,668,33,0.0005506639657996307,0.0010525102879515853,0.008097474954857374,0.009135283885495242,0.4678870841973661,0.5142717753655637,0.2725645997398015,0.21308970354350504,0.9488465481464012,0.8771253627450968
668,669,33,0.00027267616370050814,0.0003611911781544103,0.006441648900599595,0.005748044123824712,0.12965890674880073,0.16596029024111264,0.1407806904883429,0.12556264400150266,0.4900494751934703,0.4233616727401252
669,670,33,0.00022066731071390677,0.00039554247967585267,0.00558831177962323,0.003319438427441942,0.4026304557919502,0.41704873318901114,0.27280523537686374,0.16892309617414963,0.8879219221346306,0.5804790430245933
670,671,33,0.00014023950545420536,0.0001774872807942285,0.004393308201758058,0.003477074292153404,0.23474349711040948,0.2818372858994624,0.17936115505824812,0.14656224094788772,0.6492581911712265,0.5464672811988854
671,672,33,0.000876942326144534,0.000781926384487872,0.010881872339682146,0.006552874675002252,0.44760834961903817,0.44108297931004115,0.24535099845944028,0.15128025217878194,0.861816383672483,0.5133724979297557
672,673,33,0.0011085300771590096,0.0006939475744923936,0.016429563758499695,0.004308713769974628,0.2443758635358377,0.15818275110340946,0.24291976247773026,0.05862478187101681,0.8066168517777415,0.1894174720206346
673,674,33,0.001368175921291395,0.0006169323477067284,0.01699976580725475,0.004508382353003616,0.3677512818213665,0.1697141015987413,0.2779640763094931,0.0711677370862961,0.7979918898958148,0.2078791401896432
674,675,33,0.00017429651927269526,0.00017982368529527673,0.007137031121546346,0.0044980465630242725,0.2915057679779376,0.33349750935333733,0.2859685226823344,0.2063877061765567,1.091283219781789,0.8635937351101518
675,676,33,8.681574255123533e-05,0.00011928879445761161,0.004100054167352166,0.0026430400448775025,0.20194920025427232,0.2683425072973866,0.197671615941958,0.12356581800136164,0.7783511606129733,0.4876823560823186
676,677,33,0.00016524561747108677,0.00015673097791410215,0.005045671104171285,0.003343410692418596,0.3078484713579669,0.2733745444656047,0.21862451032255636,0.13582925233100915,0.7485201412981207,0.4283551544633739
677,678,33,0.00039088502820628843,0.00048480464426708193,0.006408784592683425,0.00548346393249947,0.3540735183791683,0.44585153691674484,0.19436660999824626,0.1675424866308801,0.6268804858133691,0.5382202497335092
678,679,33,6.429757600430596e-05,7.377476508311584e-05,0.0032643579991220558,0.0021608879373985683,0.1697621517673588,0.2013609756077872,0.16735909464613155,0.11262758601096497,0.6236398176982704,0.42445325157860814
679,680,33,0.0018500573121745026,0.0008827055695701415,0.020277796341388515,0.005833562934275544,0.485857344938047,0.20548305600124722,0.32929171350869263,0.08683907559157529,0.8717289955327006,0.24036984458052632
680,681,33,0.001276102232760891,0.0006819386379869968,0.01807115842221361,0.0043919708485417545,0.32044758760567865,0.16473238078270924,0.287832289482608,0.07043583091262746,0.8464925054347876,0.2283325243163583
681,682,33,0.0007121388149574738,0.0004001898317767961,0.013524639391989418,0.003738863585389934,0.3658231736132593,0.19435887885414632,0.3081551171613462,0.08076180197785565,0.8988514000719244,0.24788044148955285
682,683,33,0.00013847940609786858,0.00017766351824529994,0.004952922160031669,0.00207082344481333,0.24802609318585106,0.28430203328495124,0.2202055287180525,0.08370509772826727,0.6938309886238792,0.2671117523970142
683,684,33,0.0006607214253921429,0.0004892560220450941,0.010028950425542214,0.0037784009321324076,0.25332931225950067,0.2146496420457367,0.19447167816035676,0.07573806548501971,0.6595270958813754,0.30695320603518866
684,685,33,0.0005592788180696185,0.000424883298356731,0.010173340645534072,0.004251031782527852,0.24626297785928755,0.19746573325037559,0.21274258399551566,0.09311108724901154,0.7158300027702794,0.3014016307200673
685,686,33,0.000668827308056114,0.0004718070536889415,0.010404762106411385,0.003740194628645854,0.2874718868371212,0.2135173367810495,0.2188670438798991,0.08676063021826949,0.7449003313526963,0.32364311885505487
686,687,33,0.0006322883903825035,0.0006429185438928759,0.009618741170870084,0.005008080657038114,0.4319538633607215,0.9635767042530622,0.24678096429190852,0.1735331820723673,0.8545003910407876,0.6575140952392012
687,688,33,0.003020113124159362,0.0018974060014480515,0.023484524254771797,0.007532341852200024,0.7045213065364144,0.3614520930310136,0.3630226484753869,0.11360709488866427,1.0430895541653489,0.3772806178488747
688,689,33,0.0006348942144100103,0.0005012052754506427,0.01074352502032663,0.005916174003043303,0.48116911925149686,0.3409456564185313,0.2993052071242621,0.15624364629739118,0.9662451599583481,0.5661271184111901
689,690,33,0.0011325647638207583,0.0008384465534050239,0.015933857130056076,0.006066153173638296,0.35260997915809805,0.3403770279562115,0.2752741611365116,0.12134244049704906,0.9580756769035802,0.42615268913287246
690,691,33,0.0006554016025885093,0.000498914795314344,0.010078138777647506,0.004946622460980261,0.41263034601103177,0.25777763736078024,0.2568264305591583,0.10519175496454924,0.8130647856177706,0.33750702103843916
691,692,33,3.976440271027531e-05,7.800301335005068e-05,0.0020108767213974526,0.002394753374205509,0.13626638444309905,0.2516519397858769,0.12152423090381832,0.14106807724599027,0.46137617648293583,0.5338721035669958
692,693,33,0.0039713527181778445,0.001456456197757047,0.01906174285845323,0.004088488356640116,0.8260220478881489,0.48800699793978225,0.26840246988065314,0.0803023990271152,1.0704129067334263,0.2896546573356894
693,694,33,0.00013448576434408718,0.00024879237720599714,0.0038960139450420965,0.0034830409742877327,0.1834698710026167,0.2701731844351799,0.1534453391468608,0.13407236820030374,0.5064493298828491,0.45338111176078566
694,695,33,0.0020943048567101923,0.002127526960997405,0.025397403222141846,0.018039113401419914,0.79299332054727,0.7045394253120235,0.5016535642472181,0.316397457726192,1.8334475114490048,1.3269313865455679
695,696,33,0.0005033946958285401,0.0006377520610917653,0.009581493955899453,0.008165519141632934,0.36748874153603234,0.4094534260753774,0.26580304484291667,0.2262671836981862,0.933703826425358,0.8775257432577199
696,697,33,0.0005421927935182766,0.000586731463436711,0.009157070810148967,0.00694585932735154,0.46081342164314165,0.514361846597475,0.27257757409926897,0.22474610424076402,0.9156542280591109,0.7658396642842865
697,698,33,0.000275278020346763,0.000169380390883488,0.006739267874791315,0.0020439332092545186,0.18265463411808014,0.0969387923630444,0.17781761424107986,0.04787640716240282,0.6092353399955865,0.17131774556668483
698,699,33,0.00021363837282534063,0.0004475794839407144,0.004391829194692552,0.004217421819231841,0.19180464039020503,0.34522702556143237,0.14093502864602284,0.12776936217726426,0.5059018726482377,0.461945868809011
699,700,33,0.00043350079326818114,0.0013265390830785337,0.005287842960789009,0.011157928591986992,0.44937931390648606,1.1324506350508192,0.19008030136493934,0.33180662957397833,0.67157230470202,1.1971499040980182
700,701,33,0.007725597281629841,0.0027352948676412085,0.03328910571607677,0.0076405184798665655,0.42229103274417645,0.1810697224010683,0.24451454796574332,0.06370425767594284,0.8855744401613871,0.2226860352942187
701,702,33,9.360944780686016e-05,0.00011434955905418192,0.004064394065856256,0.0018379755714920583,0.27958515675907786,0.2459964600751711,0.23844785062652646,0.11320903359651528,0.7871720610242902,0.3957354907301838
702,703,33,0.00022705966892482883,0.00021480090078876982,0.006747871778453841,0.0027192397588340087,0.17689153577455066,0.15402808835878282,0.19173863575314032,0.07148975644831265,0.6285379203883085,0.22530448992324326
703,704,33,0.0003783921473575791,0.00026799876401203726,0.007299332766596115,0.00255413937723211,0.2439845883936593,0.1380020871185357,0.19392068006775595,0.05295193846576025,0.6629081016237085,0.18899060308565263
704,705,33,0.00043004341039870104,0.0003622863638643403,0.010692352273811897,0.003755168736342876,0.19120061882969105,0.14724543502924917,0.2282979998624686,0.07360114721791365,0.7135493023829027,0.21887572740689407
705,706,33,0.00039813583796124226,0.0003357021114878237,0.006422889729340871,0.003134352512813485,0.40302070794683514,0.31801184454343523,0.20792521739547903,0.09330833610480352,0.6968652136398085,0.32836632423658924
706,707,33,0.0007543677118409312,0.000564663831230003,0.01142658744797562,0.0037477643091137396,0.2376796913643678,0.18074457340203867,0.20354132105906805,0.08531113347501039,0.7386779965776386,0.3316478069733333
707,708,33,0.00033998017390717217,0.00021120561558787848,0.009629239031875675,0.0027338209191624936,0.2407781763961821,0.15140918144238752,0.257207475828402,0.0706046133569965,0.8497532452597762,0.26163693955379613
708,709,33,0.0005311394864596272,0.0004682071133859442,0.00811709965240549,0.003074787681838589,0.29068134098567744,0.1688293761103807,0.2056469018712188,0.06275858471459966,0.701857816992384,0.21046460092489375
709,710,33,0.0010135613075831454,0.000455504310731436,0.019038546407087284,0.0056415135054850105,0.36998232702414197,0.1778220693866725,0.3599719310348684,0.1046597237049006,1.1180908598683097,0.31121682227056724
710,711,33,0.00040068541071984026,0.0005527148474464812,0.004549278661139675,0.003417528818878372,0.6156178148830254,0.8315273350102749,0.18975265382011375,0.12566377015244323,0.7693125330749371,0.5078165542018749
711,712,33,0.0005073999550817957,0.00033627532601599033,0.007877850128958622,0.002594804675756736,0.25202810154719785,0.1724130303629295,0.1747017087358417,0.05701946294292751,0.5677138548908811,0.19454109012744691
712,713,33,0.0009174085675609108,0.003983615363760372,0.00900012639943849,0.0064163009208791765,0.5920479498577841,0.4668705338157823,0.4091448607769879,0.08311350925041008,1.118281243425427,0.628786743305662
713,714,33,8.049429842768322e-05,0.00012265124878124803,0.00348353183080414,0.00265827831654303,0.249341424667474,0.3780534425657553,0.19594308124347168,0.11335335264806704,0.8060268037246935,0.43263041668053515
714,715,33,0.0011653323793628563,0.0011056891621376355,0.015787085701683252,0.00915141780172251,0.5044991474485758,0.5880122941534607,0.32443817501718347,0.213235718104511,1.1684981033657535,0.7655265158784015
715,716,33,0.00012462633717267167,0.0001211718637727809,0.005542640863550883,0.0013574520191443147,0.25959967528328753,0.20130764761445405,0.25866432307344495,0.06296141165587368,0.881834707476876,0.21403755701289037
716,717,33,0.0005827483114857882,0.0005774724553414529,0.009514051256617357,0.005714787356400917,0.6318963874470104,0.5238850756132617,0.32565837581775325,0.18183994244444385,1.0347233550003894,0.6278945199991065
717,718,33,0.005525791200907957,0.007967575613717285,0.037586833011697636,0.025864166716485833,0.5170313067960016,0.48333275774775103,0.39077036850380176,0.19291140563096668,1.3352752689159277,0.7109749142945612
718,719,33,9.07726408706477e-05,0.00011101052642325851,0.004752831921602289,0.0024518863142631055,0.12903861599889668,0.15384616516518973,0.18172920630736786,0.09334476380426528,0.6807359068682699,0.3669231928397392
719,720,33,0.0004339178267400712,0.00222545550651031,0.003804311075134937,0.004918637248100906,0.30399953065948054,0.5632430230771358,0.23886547869805133,0.11268917375734316,0.9137740902828447,0.866076025467596
720,721,33,0.00012500191686823118,0.0001532687665891333,0.005681529711706169,0.0030205788892573846,0.10317872727120464,0.13253163992407338,0.16246445996291708,0.09087948722618852,0.6485920051733652,0.37770116938201126
721,722,33,0.0017885266450210827,0.0028216683056049214,0.01222132045465211,0.007295533838431029,1.4053881186427493,1.2272432565724467,0.4641497026790272,0.24072612899897175,1.5978538412036318,0.8826918816289507
722,723,33,0.0002626954505186322,0.0005738886573017822,0.006905645876417331,0.005325672489470039,0.5302247642680551,0.5585815934763084,0.36869335332603165,0.23129245307265844,1.221155030257774,0.8075722584623792
723,724,33,0.00044134796379776987,0.0009805924371730798,0.006661111216630632,0.007661582619839831,0.2895770311129816,0.3598667170084972,0.2757811661672367,0.20259909391904066,0.965214767800839,0.7354444186360695
724,725,33,0.00010988144603371356,0.00015863927456119604,0.00425140710660454,0.0031350445672339695,0.36426384950226004,0.408039411460155,0.2594780538118247,0.1577282560146645,0.9205712359963041,0.5588388512779716
725,726,33,0.00047272436910878406,0.0006386458376015547,0.005693398368123901,0.004525029943215541,0.9022651668637992,0.879199273946909,0.2879809594959365,0.23078366350648724,1.0423909538819025,0.8557795296993371
726,727,33,0.0007193933996666491,0.0005414070979758731,0.009105158885094252,0.0036467533861195044,1.1593880393739902,0.9820415856285066,0.36760273711247876,0.14820509131054585,1.1545726358890533,0.4763511578335322
727,728,33,0.0006625539072873918,0.0011624821699472182,0.009675974308541327,0.007959981856698883,0.6893206094250535,0.3059468805816691,0.34443573698853003,0.08471479968218523,1.0671224214813926,0.33254690212050453
728,729,33,0.001088725376493213,0.0005547029308348513,0.016985281850352432,0.004869707131748124,0.31058693564299383,0.16322497656796087,0.28581918459950073,0.08202220274932598,0.8327530712792368,0.2618134573658996
729,730,33,4.885201658246594e-05,6.321631970049202e-05,0.0033019120543912955,0.0019516084795338066,0.1636888747752616,0.2099762199835368,0.19648189616925787,0.12778203135750954,0.6959413470643939,0.45889734744684146
730,731,33,8.406269174002139e-05,8.117732758934375e-05,0.004034776395807664,0.0018001456049974549,0.10026657637773138,0.09489420100161258,0.13978291528694559,0.06136778633596801,0.46230497775655804,0.2057560316807727
731,732,33,0.0008746384352861876,0.0004969983193444398,0.012439159831653038,0.004096723615491937,0.2591371644626964,0.15164335583976893,0.21350421666195898,0.07253720800553365,0.706581896904743,0.2307110238763451
732,733,33,3.727434929687412e-05,9.140594135517766e-05,0.0020269121281590377,0.0026686789115925626,0.06407103137197881,0.1448897637354979,0.0851270158006449,0.11056962721468545,0.3256648358531509,0.4363849068643072
733,734,33,0.0007164383064126455,0.00042448265763064087,0.00922539710264766,0.0036551143950453806,0.26281159213095,0.17284675793737442,0.1754264630603068,0.07336043912255417,0.5787441089297786,0.24439257583605062
734,735,33,4.170365833267693e-05,5.230778602113186e-05,0.003250144319749917,0.002158384279029149,0.24446499607328212,0.28900952504066646,0.25261484018780966,0.15515156370653924,0.9164846575621403,0.5823792875766808
735,736,33,0.0006857899616906335,0.0005580214682974721,0.010049008112829138,0.005404307355959056,0.5621256253710298,0.5696919034602741,0.28489084724094743,0.15868741187103197,0.8763546996792065,0.4657912588441168
736,737,33,0.005679573497080569,0.008760826266192586,0.028289448110048066,0.027754959902200595,1.1918047905871363,2.417165450467517,0.44002356402801746,0.35179293367865644,1.8826927678151564,1.581515012891369
737,738,33,0.00022723547755793499,0.00014689557958118689,0.006504076589463335,0.0024082566440527644,0.2155843757544503,0.14596486162489464,0.20037621688662152,0.07714692392279882,0.60561613964312,0.24231895640652928
738,739,33,0.0005108231534629313,0.0006013647862731607,0.00881787545442807,0.005102701045902693,0.497141605186643,0.5450706804879156,0.2799885968367259,0.1630664631948437,0.9429149320631316,0.5566005538580477
739,740,33,0.00034051566520550597,0.0003010123197056497,0.00843943012031642,0.0038937627350407547,0.2657430905735854,0.26000519590649834,0.23291783260576654,0.11646636158596764,0.8321211870872613,0.4233006890648601
740,741,33,0.00023679644221953242,0.0002671414520897866,0.005864628513033192,0.0027514429562183634,0.46466451465631975,0.7051787735251149,0.25501712050401804,0.12014647419314317,0.9676408532894019,0.455599605949156
741,742,33,0.0006120345218677716,0.0006545725373938699,0.008342622864311413,0.0058009999419517564,0.5245952073371771,0.4083093596562685,0.25323708727969696,0.14061520672479474,0.8009396132471549,0.4491082320787377
742,744,33,0.0003435653405617676,0.0003421136472560944,0.006437788717448711,0.0032029017438205405,0.23367762994585614,0.1976878626128807,0.1716728765856136,0.07336000783717216,0.6537607619256685,0.2818052890158018
743,745,33,0.0011897501449725082,0.0011778933099309606,0.013172420884736559,0.0062249657006218555,0.5761922215196219,0.5222236514854197,0.29923046786676755,0.11181605136054691,0.9282222426298893,0.3422885632540724
744,746,33,0.0011298700767039202,0.001441169537933196,0.010434848651515715,0.007106778933626037,0.5882798734713685,0.6403350654286615,0.24504107665835004,0.12466864672241332,0.8113363918029901,0.41674512277499104
745,747,33,0.0011113119404454305,0.0009394274528409383,0.010375595207072118,0.005640606692820125,0.45194671568319655,0.33299225783145076,0.2090734296450109,0.08928066371448616,0.8737716914126368,0.41911639326877903
746,748,33,0.0006867708978902418,0.0011039050804925162,0.0076171538870160775,0.006817795227430204,0.7979664127483512,1.4371843702671623,0.2836002574274034,0.1887484872665486,1.005308443849737,0.6939741761350866
747,749,33,0.0005503172711045904,0.00036496107904694923,0.009622601114890793,0.004398663042093414,0.29726881059733307,0.3538876152918148,0.21449972982659485,0.13648072946547715,0.6908485302419374,0.3772125447121842
748,750,33,4.9592144636555915e-05,0.00010158544626604629,0.0027990079252049327,0.0027564232090321263,0.30681586350229656,0.548518082932878,0.24209151033199194,0.24464388662370776,0.8360433813297388,0.8975707229290306
749,751,33,1.6072051280526935e-05,1.9681439332120756e-05,0.0019753788453244574,0.0010490517098404035,0.1380281031244632,0.17803526108864948,0.184229853478345,0.10152988559199669,0.6581372754140333,0.3694500844955707
750,752,33,1.6431107958465653e-05,3.064335364669725e-05,0.0018626984409903262,0.0012498684463034618,0.11819126908526276,0.21056921614165197,0.15994818011919656,0.10327569330594821,0.5566166160684644,0.3825371907415457
751,753,33,2.6878419400115188e-05,7.252020731854363e-05,0.001855970446768245,0.0010940858015949864,0.161907290898715,0.29277599792141745,0.16755870323289523,0.09323258437799634,0.5815184667254939,0.3406932277484129
752,754,33,0.00035924481110696706,0.00023107764453803888,0.008119390557774088,0.0027236798104299555,0.27494946867227554,0.2279044785300086,0.2210330958619262,0.09042263963882845,0.8252579976211895,0.36445174777152706
753,755,33,0.0002768149056878015,0.0002827398885409563,0.007209253412756053,0.004848221366163572,0.31830500582741067,0.37031274905834904,0.25440802921851474,0.175654604755182,0.8692572279409929,0.6384349738576155
754,756,33,0.0003427694427404221,0.0005177540894468851,0.008078715869818221,0.004636542683012666,0.19376286830414424,0.21274498028952016,0.20678704344865048,0.09795979830909433,0.7356638818076162,0.38271245477381005
755,757,33,0.0004385964859852031,0.00029841546519042395,0.00917270936241204,0.0031403083880243107,0.17760695951680341,0.12255748634162031,0.18516095659949564,0.06290011430209176,0.5840775623466029,0.19396887560805962
756,758,33,0.0006103410008963141,0.0005546578180764031,0.010326316777729628,0.0037013406612316454,0.1428032579521338,0.12237862834598594,0.15878724284244305,0.05659463131612823,0.5861321254210039,0.22038969552154222
757,759,33,0.00034560951693988915,0.00031570332724832037,0.007283423702712312,0.0037257421290564094,0.2800744184377519,0.25227604333608195,0.20969464652466052,0.10623968557432403,0.7705254012888129,0.41285088923031743
758,760,33,0.0007092429836065452,0.0008523539709760171,0.010238239852090677,0.007543877963150678,0.30669873382783297,0.25080657647942234,0.2228564680977301,0.1422142128040272,0.8370391843896924,0.5211311855094332
759,761,33,0.0002830435377924887,0.0002903615858435798,0.005610029082604204,0.0021065113566367775,0.5015186606483026,0.5358663497691424,0.23575170857436728,0.087341389904608,0.7318002744154497,0.2734630464459476
760,762,33,0.0008165623488215109,0.00047482016693057454,0.01503165622213573,0.0059041493626101945,0.8342049288930315,0.4988287646618801,0.4838136113954313,0.2006439247572779,1.4348922191244182,0.6451581212351406
761,763,33,0.0008816946470743102,0.00040702936297332874,0.009340295906771313,0.003056614841440589,0.3699345256794583,0.261088686354323,0.19094487979556574,0.0977494482181527,0.6578282885479204,0.3397127772614256
762,764,33,0.00010589632124306677,0.00011639037212209005,0.0046186689216869345,0.0023160538923630886,0.17929715076179215,0.2238191466594451,0.18771576068618082,0.1171977948801589,0.6767951755812673,0.43561932735222
763,765,33,5.424277322052865e-05,0.00010393453009548697,0.002831331200220368,0.0012258451661392121,0.14249966403638775,0.26943086013797213,0.14448905420122723,0.06551665728647403,0.5246431041847576,0.2416661681779666
764,766,33,0.0010929839644990298,0.0007664298393376612,0.009281205119226466,0.003676384105137831,0.743115761514866,0.5897022791647617,0.23939769308675418,0.11581278281706828,0.77965332838622,0.3873461756334544
765,767,33,0.0004298543665782111,0.0003519711037197752,0.008222366669074152,0.00320046498036656,0.27111868086186325,0.19497129151822126,0.21035878134496283,0.07001406947099674,0.6933991818717031,0.22640055929321856
766,768,33,0.002091683686365176,0.0015027971801912343,0.019948918174839382,0.00776984122736073,0.2465650819693551,0.20067725712049725,0.21481010633887668,0.0911670302001412,0.757084580081882,0.3286113048477707
767,769,33,0.0014965677568618435,0.0007640907946428138,0.01574595995021589,0.004686727690625963,0.433662012219429,0.20737366110682476,0.26879442325144104,0.07385629970214665,0.8641143775347507,0.24710987341136184
768,770,33,0.0013708882651178901,0.0006913037660770796,0.01440303053029559,0.004130686882489591,0.4462611295960166,0.21859805736670174,0.259801241033005,0.06677518963272568,0.820247926495292,0.20471787845205014
769,771,33,0.0009880561824640167,0.0008285493095807267,0.010674224919498418,0.004961584570656894,0.5587435299248407,0.4027813397442819,0.26217419654130936,0.09585306111147854,0.8448315723375841,0.3163670701216709
770,772,33,0.0018325757559840426,0.0012391994400234585,0.016190332360565662,0.006624917419339131,0.7530028607809183,0.5397347740728147,0.3334330189408678,0.1355912535064867,1.0056740713841987,0.4588386564500164
771,773,33,0.0013799482994451837,0.0007475635399466029,0.013148377028604349,0.005063928871253931,0.6489116102457047,0.7917377029270285,0.2717451367414359,0.17829013171920552,0.7964072543563265,0.5587358152437877
772,774,33,0.0016834401110166007,0.0013496222905947269,0.010982034766652136,0.005717737038462805,0.6201314099245903,0.4602525693052011,0.21477307356036032,0.10590117993022828,0.8120439280924693,0.422120677641605
773,775,33,0.0005914941609785965,0.0007329801674240614,0.008727796138721166,0.00825624806529585,0.4232232272060534,0.6708077933485848,0.23013330751291364,0.22431227409220833,0.7378262862960323,0.7476283454282185
774,776,33,0.00029879647539046657,0.0003806588658179262,0.00689853915039579,0.005443251264437296,0.2026771877356102,0.20320318378753435,0.18859669840458365,0.13490833056036092,0.6799603470571771,0.4736747206660724
775,777,33,0.0003064582839821622,0.00033015334113642344,0.0062387808214961794,0.004147455417791358,0.2195474145313106,0.19517290963959805,0.17361913562504716,0.10729115065310312,0.5554026938795509,0.35004207075295324
776,778,33,0.00023314793000309058,0.00028213648244448974,0.006599134264626738,0.004392579790313807,0.37234977536806557,0.6295696230757334,0.25674881808685535,0.24081440653517328,0.8447999782634504,0.8105580139059623
777,779,33,0.0004250886430037843,0.0002622944227873537,0.00844513018841319,0.002775387716203761,0.26574644463306124,0.17509740780019437,0.20933255327470374,0.07253830440218087,0.5524055709441503,0.1944210685583828
778,780,33,0.0006055563464928348,0.0005276426018803274,0.009012428048828786,0.004314941243947708,0.46497139605608856,0.3749759951903066,0.25363674692132254,0.11533793117320978,0.8053322407332334,0.3796253674343474
779,781,33,0.0005018638922510119,0.0004125164076796751,0.009443182011388919,0.004054086591929997,0.361597522980336,0.27232868338159005,0.25830207042621844,0.10936766866346204,0.8109559624484091,0.34008686061048865
780,782,33,0.00039186666419316845,0.00032271194065505715,0.007949116378740378,0.002868920435054232,0.2647981777448546,0.19026917528288062,0.21073138239708814,0.06807535788705649,0.695530916705276,0.2246177888070083
781,783,33,0.0013673294787154052,0.0006276880143090936,0.017719805805069027,0.004888230945066873,0.42233223580952844,0.17688466591201746,0.31143265511050366,0.08309983418250101,0.8416971997781233,0.23209158398916374
782,784,33,0.0006656212994350811,0.0007084560211664691,0.010078535499897871,0.003713071809267559,0.4303095302911419,0.3848887954833109,0.26183008470318536,0.08594169217856686,0.8190043062874766,0.28037153515195157
783,785,33,0.001624066768933765,0.0008180786575265124,0.01700306638623729,0.005156830366323057,0.5551801956061161,0.3100030556042298,0.31422502479769965,0.11198667579183796,0.8790385966951196,0.33853947711069415
784,786,33,0.0017227876144743552,0.0011532441184388682,0.016512428071688522,0.005385137582586389,0.5728666570150491,0.45395473443950185,0.2995313527909192,0.10804973704590086,0.8622265449075988,0.32166624495677165
785,787,33,0.00078444493225437,0.0020369245876923066,0.01002022030860425,0.006931065522223197,0.5835526423020796,1.2799918629770213,0.2943469176938124,0.18762213793977234,1.020893144148752,0.636066498187495
786,788,33,0.0003043394909499594,0.0004052639712445242,0.00865328290753744,0.0048642005673194075,0.2864571742600564,0.2501588206391367,0.2824621317964612,0.14451960992654017,1.0577706694602966,0.5693718093487153
787,789,33,0.0007603072387582595,0.00045475001670215937,0.011359596173420097,0.004593974566504934,0.40692775719093555,0.23929240410286262,0.26537733525037766,0.11587803857296733,1.014584947716106,0.4705731001297495
788,790,33,0.0004164013373886546,0.0008483195820648893,0.006938113442932566,0.007673652639839104,0.5039563582589229,0.6279706188743827,0.30984411907918524,0.20479621431942266,0.981167014801141,0.5378431295776136
789,791,33,0.002452438566692625,0.0012862568595052657,0.0223951664273486,0.006639601490780726,0.2668240670904969,0.15861593735700383,0.23228989044825235,0.07309759249860487,0.8284393178694176,0.2785853914135274
790,792,33,0.00040185534872403934,0.00040193557371340845,0.008220959814604033,0.004048811082537215,0.3071133557029746,0.2768820600115534,0.2306113505002224,0.10308272479298097,0.7399050439849044,0.344520501889654
791,793,33,0.0012701525287632126,0.0010084180643354246,0.014805772624006777,0.005285285241222078,0.410331476141106,0.3031457276018044,0.2694141006830967,0.09329654638953057,0.9634369683988167,0.3898708371741669
792,794,33,0.0005391024673868246,0.000561759903534596,0.00847555920748782,0.003765056949958208,0.2668893769609206,0.22715014365101188,0.19664173693529285,0.0799870129472334,0.6251573866754788,0.25807484243936335
793,795,33,0.0005678139277182654,0.000679600590345452,0.009044191912945473,0.005271349003601935,0.45940860270550754,0.4556292492114779,0.28540134023536334,0.14043527154529983,0.895579431996201,0.4193431021398948
794,796,33,0.002290874000402365,0.0015335129482829117,0.01691850681902107,0.005851741560833914,1.5165505307641896,1.5559205846767152,0.4206401093891173,0.1704375532637352,1.3751582205295563,0.5699335807519622
795,797,33,0.0013831925497277443,0.0008173972694564383,0.01468324339525266,0.004943176696161415,0.7136659809585774,1.541879341499394,0.2817144181692239,0.2472737603448679,0.9655352975382949,1.0088214241560922
796,798,33,0.0033213847958849687,0.0010642346011239818,0.02800945175642317,0.006137139668559526,0.5543499525749322,0.1826672923657856,0.36159476005669794,0.07997214703235896,1.0626126112359944,0.23652494623521697
797,799,33,0.0002475492197625113,0.0002915018229087299,0.008091739011984882,0.004108135863922976,0.23928618069851038,0.27479128326723323,0.2523074931267536,0.13016883655428738,0.8603116310004032,0.46790483306491554
798,800,33,0.00031672406950030704,0.0005075066701940772,0.004581529850418744,0.006218894445712365,0.354214587672191,0.6087741861075843,0.14811891744851166,0.20017151621401086,0.5524683336985164,0.7455308722694155
799,801,33,0.001625635014726978,0.0008416947896264478,0.01896428618805878,0.005110161975959888,0.19670501735174295,0.11079899532027905,0.20804787788427237,0.058754771203760804,0.6964311039809025,0.21195373202397327
800,802,33,8.349810005628652e-05,8.104860290178954e-05,0.003970653051510453,0.0017865426018046247,0.15539893829687076,0.1385973765845158,0.17511209439147601,0.08021533392229666,0.5464152531190352,0.2381732363169286
801,803,33,0.0024684721561656756,0.0018243995843455559,0.021490909215627296,0.007213003338970568,0.6507598089449333,0.3403544712961323,0.35625209320675244,0.10479119268968132,0.999348523941907,0.35024097729175446
802,804,33,0.0018004754868646462,0.0008536503344577988,0.02233641820423531,0.0056905356704804065,0.3715481340433612,0.16638465784928913,0.3213930757659854,0.07764337189391547,0.8669764218908368,0.22931396989986008
803,805,33,0.0001258735973985467,0.0002619567075038198,0.004459758387934981,0.0021775041131460783,0.10936996498794267,0.17896969984457578,0.13915017472975183,0.062222275223986774,0.4766602096232501,0.2198295484736825
804,806,33,0.00016581967677418353,0.00024054163949484433,0.005201334818125222,0.002382832632763508,0.10381608230598045,0.14834009107441404,0.13440208249922955,0.06252269819928696,0.49663404081806994,0.23197363802476673
805,807,33,0.002151509958683605,0.003307991592942844,0.014760047176175496,0.011555110097804397,0.7520024749930158,0.8277786752509906,0.3054275510437561,0.17177309701708332,1.153999051361373,0.6699725824097913
806,808,33,0.0009242054709995335,0.0005603591241526591,0.012918687129223888,0.004524086599773602,0.26042398471723904,0.16080801014546542,0.21644590975660266,0.07698152211597606,0.6993094059554014,0.22988945175249614
807,809,33,0.0005454618009080701,0.00047318901931158125,0.009329978531847397,0.003737936110848111,0.22674453653620952,0.1861185540519429,0.1916267160664905,0.07584822290054707,0.5987022284305457,0.23998791869276276
808,810,33,0.0007617198335179692,0.00042332395386564,0.009450757861927603,0.003238759781252326,0.5060783734150005,0.24092362649506907,0.2438566339286891,0.0755048851884445,0.7705605427424113,0.24880097319570488
809,811,33,0.00036249355666355274,0.0003336138574800176,0.008053156653080474,0.0044257835157848965,0.3892543615039551,0.28276103947116193,0.27270978169910837,0.12762161345680886,0.8728032897819172,0.40329838474477886
810,812,33,0.00031624032630078904,0.00023118648649865552,0.007870184151794423,0.0034643627195644683,0.4054410909725861,0.25250822457599875,0.2851339705062635,0.11532613166971852,0.9045331288467754,0.38421898921853453
811,813,33,0.0018716300114509509,0.0011741376883284186,0.017969011724220985,0.005865098444608425,0.49240510414044064,0.314069259124919,0.29222477611267206,0.10116280715437459,1.0068383325229993,0.36496521755864003
812,814,33,0.002654629942932815,0.0016764742164199194,0.020564448539957855,0.005800448804101718,0.3790360761411262,0.2509373031539952,0.24394441824970822,0.06975296945562214,0.7451675407814257,0.225407413360421
813,815,33,0.0007946746032261713,0.00061047642442413,0.011443560773676092,0.004487932458101255,0.35961451336289896,0.2692531163740766,0.24428820113341013,0.09352051504322577,0.7295879559083418,0.28812600974378305
814,816,33,0.0002925818306252812,0.00016943800410449756,0.007368452508341183,0.002602166486776665,0.2683050381866368,0.1454200971910538,0.22374863132382883,0.07670828548518523,0.7064511983683615,0.24532600804229032
815,817,33,0.0002554200224370685,0.0003508138406924792,0.006381132876302934,0.005201713616930508,0.33775607885962183,0.2387282557288771,0.2724504883993756,0.11635955953496231,0.9059614512053403,0.38296620593183567
816,818,33,0.00021544635709495086,0.00024369966946085977,0.0066214828102877646,0.002853689552974975,0.23813989239208627,0.21290146989953182,0.22683636031367563,0.08876020715826774,0.7130878269672394,0.28756501046781924
817,819,33,0.000957047736323368,0.0007873145949668528,0.010919859759848227,0.003682627648625523,0.24722250912225607,0.21655699262392697,0.17970331916303345,0.08451105453789814,0.6040681465105577,0.27657222637675866
818,820,33,0.00024077289154692235,0.00035984823573209326,0.005010732463702108,0.0020959217070362973,0.4228566017453418,0.7239000359512869,0.20771438933231615,0.09526935616786432,0.6955227382255323,0.3292255463823
819,821,33,7.569440371794785e-05,0.0001021223192092123,0.0040844698069673595,0.0024338856433093656,0.11475762659966042,0.14855850611696966,0.15949089576800665,0.092091057722956,0.5394351979096731,0.3240391775555615
820,822,33,0.0014290023881254786,0.0012672323660423695,0.0176569805974423,0.011874168723009297,0.39653473852597404,0.2923675800064155,0.31009993702173233,0.15061568822608334,1.0388770645314997,0.47992535124794694
821,823,33,0.0001785760383895787,0.00020090311841121567,0.005076479223189932,0.0029796657806536874,0.40403530187904835,0.46938483385697105,0.24280058163585086,0.13215098159020966,0.8688591339371421,0.4757450630828664
822,824,33,0.0004068795658233946,0.0005542211829329094,0.006583964755532868,0.0039579694531722024,0.402766897371321,0.6064205774955966,0.20547661072377002,0.11831541721497982,0.6610644726139127,0.41349921781830096
823,825,33,0.0013983378340822817,0.001337125292110366,0.012417604835610906,0.009586700480672065,0.6196001278603394,1.2334734004346948,0.24334117710453554,0.20794275163866413,0.8185219336936336,0.7104106665853728
824,826,33,0.00033967958020322396,0.00033522001707083574,0.008993578901881296,0.006973080379027315,0.4299206998918883,0.4461588804432731,0.3158418961772413,0.2450406261802267,1.154658245204976,0.932972949678759
825,827,33,0.0006642374452591563,0.00043100998496436603,0.010488438307110107,0.004057329979866054,0.3069556365636262,0.19082270353097952,0.22624297033656726,0.09247046971724565,0.7423577642802036,0.31435040633033323
826,828,33,0.00041654422624781023,0.000608651751508332,0.007463979294918703,0.003781640834749959,0.2746465186955351,0.302896825310097,0.20500385693528436,0.08755798893850739,0.6908852530248237,0.30417365317368866
827,829,33,0.0005112610337109248,0.0008413456500155282,0.007341775097743128,0.0033654645473417,0.3029694841666655,0.4629383358837918,0.1859778075507193,0.0856613679410007,0.6193206120621074,0.2906945471316114
828,830,33,0.0005995973415062483,0.0007451346874688496,0.006796248189251249,0.005881439490110979,0.32481598221894487,0.34748893682248905,0.16321585763325855,0.13738853468780146,0.5119852061046171,0.4325277295581942
829,831,33,8.709878204282373e-05,0.00016742443354486025,0.004542550574902453,0.002210551991668542,0.4729648383729386,1.1521912946363944,0.31823010988883216,0.15387788461212215,1.1830928043088875,0.6088280418767058
830,832,33,0.00023988384958956334,0.00020221121895136856,0.006690692770379511,0.0033611283304108026,0.5390766961782267,0.40197078570056183,0.3234520378437909,0.15863272465953282,1.152667704856757,0.6424030589545437
831,833,33,0.0007359882264140514,0.0009735274614950565,0.00820003642480885,0.007239944662721484,0.5910380083051596,1.3331755610147333,0.22591882034225605,0.2539699228696991,0.9755248495439321,1.0366083139602638
832,834,33,0.0008086522661081766,0.0009062290757221236,0.012899801832195454,0.010899062937854037,0.43147374585356446,0.6439437761490029,0.28847898162351854,0.26251491599333077,0.8815063007978159,0.8926473138038739
833,835,33,0.0002194052794397014,0.00034065776849495063,0.003803625758125854,0.005243077962955937,0.1811212932860313,0.2764008571708561,0.11001049505193461,0.15066675218492165,0.38064363130504436,0.5257879174366051
834,836,33,0.00046845012264274213,0.001043317781718293,0.004824260830676624,0.007460905844227283,0.2527892451846246,0.423960293532213,0.12312162206384161,0.17297428411185475,0.5098688995161098,0.7711855560878791
835,837,33,0.0014932700379920955,0.0011152775182978292,0.016558135041233265,0.006532269320193422,0.38404406674883584,0.2678168210422163,0.27103251376838394,0.10612001064153864,1.0303246279557545,0.43778539303114755
836,838,33,4.343096402821671e-05,5.719305116681915e-05,0.0033417749606693783,0.00200308405861711,0.15043588851888975,0.1691307683514897,0.20025217307336401,0.10895462117888018,0.6399517709558661,0.342336092692267
837,839,33,0.001719637087786175,0.0006951390937900868,0.020752074874260208,0.005118838983138005,0.40994860367341474,0.15806421911251808,0.3205239163203673,0.0746708974191425,0.9733167543555751,0.2184428725602734
838,840,33,0.004475288796157022,0.00845938192628643,0.015642767531478453,0.0229375135576835,0.36207187401525925,0.38010130392163266,0.2809962126580178,0.2489354820956675,0.919573978411169,0.8641853537068134
839,841,33,5.547237012224011e-05,6.020000450933571e-05,0.004046428631144491,0.0013996694250347898,0.08687862821600655,0.09189096407907557,0.16116490373105713,0.05421454168808016,0.6055558585759365,0.21035842584353343
840,842,33,0.00011610382275786392,0.00019512846787341588,0.005070526787841862,0.001938562990052646,0.11323718433127258,0.1955517962367939,0.1573005530870322,0.061252626364477515,0.6008445674722845,0.24391216530830595
841,843,33,0.0006693101209803541,0.0011409971047959071,0.006123557192922542,0.0037598360403058987,0.59742587398399,0.8416159218584963,0.21467314547661578,0.11231966151901043,0.7695181740052772,0.39713023773566275
842,844,33,5.143319876052291e-05,9.4000295587607e-05,0.003595075838154916,0.0019052352942600759,0.1754450916566632,0.3183343598167963,0.2113120142709125,0.10973219709235688,0.8493661916617191,0.4381674776620452
843,845,33,0.0006063299325901563,0.00039048976555376474,0.007729311184393186,0.0033719772367926826,0.40252081349943625,0.22002596331742316,0.20657624620379825,0.09763865886386713,0.7379927743564952,0.3575374361893258
844,846,33,0.0005599432743937624,0.0006857581146739314,0.007706529820676555,0.003764469391795756,0.20292556635809667,0.2091444027768371,0.1500400234804009,0.07155806480294999,0.509018518707969,0.24806308433066032
845,847,33,0.00032399654369466146,0.0002623715897899634,0.007627489285148455,0.0031750163396656716,0.10467368138558937,0.08410592587372533,0.13725676974563888,0.05650695214915448,0.5049069361253218,0.215733937218214
846,848,33,0.0009451204678043723,0.0006688456567253311,0.012130610023935636,0.0036722913540827083,0.5604978334723096,0.37087977705900815,0.2962006429831187,0.09190751869818918,0.9137114485104879,0.3081790961662968
847,849,33,0.0006095654949383585,0.0004100710810117296,0.009435101299349106,0.0028808241423725124,0.22045572474598885,0.15918682304864037,0.17863094400275836,0.0565818143335107,0.5233295559883118,0.16868802726237844
848,850,33,0.0006260282291557153,0.0009439790652002777,0.008053084525263238,0.005080177391689269,0.7959301224486395,1.545249898606221,0.29571417333354333,0.15110462242543185,0.9954807783069546,0.6666504094734542
849,851,33,0.0014213484626617917,0.0015645899962949258,0.013370274679001534,0.010023412145012876,0.5537207452298114,0.6113345659634071,0.27266077606967,0.16533444399932407,1.0224166729233481,0.6486407642419314
850,852,33,1.2891645803503048e-05,3.853839950479917e-05,0.0009243327097965275,0.0016004109580446564,0.3061506944059425,1.042988783455185,0.1339159696867101,0.2410795852440378,0.4874499254295901,0.8856169347091494
851,853,33,1.9453008938150867e-05,4.4768656465584646e-05,0.0015057721284865244,0.0024964659694532393,0.14532454678732365,0.2948289399524398,0.1347654200888977,0.20008236909775592,0.47213535635368736,0.7219591087430611
852,854,33,0.00022595479025987902,0.00018366868472845406,0.0068694987637696395,0.003766468869037043,0.5334037130303455,0.4073556474203197,0.33736670717145456,0.18391480348236677,1.0005610964514993,0.4825304526348305
853,855,33,0.000494529323077586,0.000660364904430139,0.007171230211005309,0.005923539338366174,1.1366167717585058,1.3696160267559925,0.36020331373968345,0.26810186872615804,1.316855477042284,1.0460076519783408
854,856,33,3.4041921584172475e-05,9.841199416046419e-05,0.0014792389282503177,0.002379481073013047,0.13916999073416925,0.37365236259645734,0.1021654268130241,0.1417900401544064,0.35379134201250684,0.4816906568237775
855,857,33,4.3113404741013835e-05,0.00019299746004075217,0.0011906927723379112,0.0015377819392882986,0.07973561224273688,0.27145641607490045,0.06591628997859052,0.08325716387221453,0.25286083096416057,0.32329169917633077
856,858,33,8.736647131709933e-05,0.0001192446701792773,0.004755609767567931,0.0040359800385563575,0.30834402318930987,0.39165245047812525,0.28750467842275446,0.23369770264919612,1.1423300405343373,1.0019253225215068
857,859,33,0.00017106911084765946,0.00031103313587503665,0.005702741794952717,0.006689211504893751,0.451200903449772,1.1367502103893312,0.2910138744887841,0.41393044452077826,1.1183439451387338,1.5492949599567107
858,860,33,0.00011363455295891485,0.00025167877886292486,0.00422548710820124,0.0033112667434547043,0.27761886748626374,0.4265851231625267,0.24494246009624365,0.13570798131137535,0.7842657015179143,0.40945067169825866
859,OT,33,3.092549539387895e-05,3.7683342021004595e-05,0.0027419192130874953,0.0010939718230105553,0.08365984653320277,0.09673402201101741,0.14718876056598895,0.05864856729320113,0.5476571384704474,0.22226521923047274
