user_id,user_name,windows,mse,std_mse,mae,std_mae,nmse,std_nmse,nmae,std_nmae,mase,std_mase
0,0,33,0.004141986207810767,0.0023325364125707138,0.03447113073233402,0.0077395395745935465,1.2048702095494126,0.9509845461770144,0.5991543368859724,0.15269242887211,2.106464389598731,0.4682904519602538
1,1,33,0.0024264126091800404,0.0010717101994783072,0.02925559963014993,0.004437847731904116,1.0910992342414279,0.5481041129744874,0.6210691531499227,0.10393291415445009,2.2036838459246084,0.3426942872837261
2,2,33,0.006890108230326212,0.0012034920344675267,0.07213394513184374,0.007076799603336118,1.038772331945824,0.13958874951555242,0.8860735351389105,0.05158618059666197,2.5630082433873955,0.20889021626030607
3,3,33,0.0012715863571925597,0.0005034425754924422,0.026059616695750843,0.003138886446008231,1.024752878781521,0.3971875608521849,0.7445752169146682,0.12437771523202612,2.19794326840025,0.38886353118037065
4,4,33,0.0014298142791217701,0.000571163586936803,0.022368511072162426,0.0029738191987391254,1.1155245087363503,0.3581727392396036,0.6258783268206047,0.061791858773315354,2.352800716053356,0.20536636185152762
5,5,33,0.004457562346942723,0.001130081487237684,0.04237194669743379,0.006126494687447181,1.032299611604575,0.21215991664557834,0.6432489256064097,0.05250121743812067,2.4829391385569717,0.2466181006008894
6,6,33,0.0037327675699171696,0.0005741656532536736,0.04226551283941125,0.0033484622992672767,1.0173222278103684,0.11119205816721003,0.698240912321842,0.030994571106608842,2.44716782280893,0.14530015871019408
7,7,33,0.003030519251655223,0.0006135584735346715,0.03753479135533174,0.0032791790301241954,1.040539795702154,0.22118270213305358,0.6942694801272769,0.057587367759185125,2.336909886562463,0.23448345380242155
8,8,33,0.0019279927346911845,0.0007334997611736676,0.033418764219139564,0.005085438432100722,1.0574659542603926,0.14605717405922947,0.7938244288617914,0.04250571508428983,2.8236799240112305,0.22636087636003974
9,9,33,0.008635502146331199,0.002841150162241367,0.06007936292073943,0.008741384843319917,1.0948271015376756,0.428968121883604,0.667170704314203,0.11743654513280534,1.7314526456775088,0.26510992293221647
10,10,33,0.0012201710681741436,0.0003112573224895594,0.024403916954091102,0.0025786950128990583,1.0497177315480781,0.31264375075785794,0.714217377431465,0.08630313929447637,1.8492541927279849,0.25855082862334416
11,11,33,0.0025774891502365017,0.0011500800230507275,0.030530035157095303,0.005166587145275988,1.0725601252281305,0.37001763271460103,0.6349692796215867,0.0973079988741178,2.1558028784665195,0.30611746733140544
12,12,33,0.002937832193724303,0.001970199686866139,0.032350112373630203,0.008112087471878136,1.115990866314281,0.6474663942479864,0.6443135675155756,0.14694098318445922,1.860356912468419,0.4851755998609068
13,13,33,0.0014163821381798973,0.00030873059206152693,0.02737382720365669,0.0028484099866420915,1.016791905417587,0.2006358330622517,0.7341016278122411,0.06545744067873088,2.4360759619510537,0.2491600085225107
14,14,33,0.005341459249118061,0.0010202415798889362,0.05806258851380059,0.005554122462907622,1.0371607812968167,0.21939244538937586,0.8089634414875146,0.07889262440275867,2.5109148025512695,0.32457428401720034
15,15,33,0.0019677394796445064,0.000837081733857036,0.03195736258093155,0.00354443140361697,1.0189809483109098,0.3028528377211279,0.7395794427756107,0.08840308055414675,2.063681634989652,0.28349852826518707
16,16,33,0.0007858091000040682,0.00036005347944327695,0.022473953212752487,0.005297279544421842,1.2004371231252497,0.6688961235283487,0.8807853360970815,0.22805127363940586,2.859262769872492,0.9268728814292246
17,17,33,0.0031982294855300675,0.0011745833297829628,0.041357928322571694,0.007345775910523902,1.0314869230443782,0.2834055382878726,0.7501982107306971,0.0845764563244178,2.1042941375212236,0.29060651944426913
18,18,33,0.0010640989463409464,0.0009221567340362885,0.024232260261972744,0.0026006887465372963,1.245408139445565,1.2898255697742518,0.8156894933093678,0.11853372244704873,2.992974801497026,0.35454257911646336
19,19,33,0.005262155223383822,0.0022127442535385196,0.04049801482169917,0.00808471873175618,1.0968385275566217,0.35795514722369937,0.593529766256159,0.09820614726998313,2.06243575703014,0.35521393344372787
20,20,33,0.0008657829550264233,0.0003042969640837028,0.025723862151304882,0.002551408454081045,0.9857003869432391,0.049301578221246325,0.8816309517080133,0.04146621349074003,3.0988832531553325,0.23897021379646113
21,21,33,0.004040120532877292,0.001563302586777119,0.04507081921805035,0.008339964008394842,1.1020130740873741,0.2618829668786977,0.7576876671025248,0.09120075992972027,2.068558945800319,0.40602528818129024
22,22,33,0.0013537289465382469,0.00037202270112086304,0.027147806334224613,0.002204226864553341,1.0472548911065767,0.2542419606096397,0.7582998113198713,0.06292800316316977,2.6822128584890654,0.2661335935192977
23,23,33,0.0057705115160029945,0.0009496297039196391,0.06587861523483739,0.005363116593294683,1.0492848808115178,0.19523041137762748,0.8864984494267087,0.06445316850760861,2.6696772358634253,0.21495415202326135
24,24,33,0.004134434014276573,0.0018927496011347667,0.04300851702238574,0.007701986864929334,1.1226469621513828,0.5642002925937091,0.7123322441722407,0.14501100193913088,2.5222754081090293,0.5230312524385153
25,25,33,0.003609302100923025,0.0008880918894536046,0.043786912140521134,0.004392790936198005,1.1060822588024717,0.4062884907901449,0.7621577960072141,0.10186858976834173,2.2057095802191533,0.46992051171427424
26,26,33,0.0021187709750268946,0.00038720310634198077,0.03329108536920764,0.003082331452890767,1.0428131818771362,0.1567094074285189,0.7399496002630754,0.061774325842940465,2.5290469111818257,0.17582112103515699
27,27,33,0.0038900069864184566,0.004176000096257588,0.03736982404282599,0.019700654572414725,1.1453697017648004,0.7534001704629385,0.6999754436088331,0.18584552895559764,2.6201425790786743,0.6243279590346106
28,28,33,0.0012529723515564745,0.000521826725913056,0.028587660949790115,0.005174845388168671,1.1142862981015986,0.5465510982694766,0.8553632804841707,0.1591849238355618,2.8094741214405405,0.8908794898063384
29,29,33,0.001398512558256643,0.0009550046049983233,0.02333928895832011,0.006017370245287824,1.1711829629811374,0.4848134244546831,0.7330384398951675,0.14742794417453875,2.270783680858034,0.6195257054601774
30,30,33,0.0033861571344349422,0.0006549840941647683,0.04156193216190194,0.003667317525156447,1.0049796519857463,0.11574901179677662,0.7179653879367944,0.033612586804225936,2.594818606521144,0.16882445154332337
31,31,33,0.0036637445234439588,0.0015474805013113674,0.04096181131899357,0.00577022207319197,1.0689996724778956,0.4137389039802849,0.7025939442894675,0.091396808653978,2.2581969210595796,0.27645043281002857
32,32,33,0.002803737114211827,0.0006160818184918702,0.03831032155589624,0.002967909064474271,1.0404402631701846,0.18616246796688976,0.7402617010203275,0.048638405796255876,2.516575986688787,0.15581319816792585
33,33,33,0.0024331776622795696,0.0008591425810864711,0.035762967598257644,0.003962816964071917,1.0079375451261348,0.32913284863081615,0.7300266713807078,0.07909646107092903,2.183534607742772,0.24214615758194036
34,34,33,0.0004726544227168867,0.00021925863368602144,0.016587759227012142,0.002302253506240314,1.0086662895751721,0.35522564215586816,0.7733216899814028,0.09713732352559927,2.623505462299694,0.40295075111903766
35,35,33,0.0006810356862843037,0.00014686351134985122,0.02241810049974557,0.0013267839320730418,1.0067445202307268,0.2466922318764559,0.8609327258485736,0.07639144709411143,3.1231387022769814,0.2721514205655793
36,36,33,0.00036438814343207264,6.13233201408994e-05,0.0167835448783907,0.0012029573734282596,1.0170215675325105,0.15125038323489098,0.8882509379675894,0.06489959789441027,3.0703507697943486,0.3029053472725075
37,37,33,0.002145333282621295,0.0009240785443823285,0.03661306953114091,0.003986970529950561,1.022595004601912,0.4659170857663445,0.7993507565874042,0.10346965797017209,2.6214129635781953,0.44297430228614404
38,38,33,0.0003946482950899129,0.0002004247561296862,0.015344062340304707,0.002935066534947231,1.0331089758511744,0.4958045132299555,0.7892131823481936,0.15191783268188505,2.824707471963131,0.7081659479849652
39,39,33,0.0007709445234275225,9.266657690618461e-07,0.024927302291899017,1.4386739467635486e-05,0.9967376445278977,0.012977345097311391,0.8962814193783384,0.005779227566444096,3.1859210765723027,0.015921395836007664
40,40,33,0.0008828391878385887,0.00020634191295811248,0.022113920894987656,0.0018637910468636866,1.0404439225341335,0.21435096657203645,0.7615870905644966,0.06687872276060357,2.414015849431356,0.23141976355619365
41,41,33,0.0030000828961474876,0.0007648889350487912,0.03656236150047996,0.004366802158397861,0.9961345755692684,0.21410201911423607,0.6668466356667605,0.058010690027018474,2.573089447888461,0.24194142825878426
42,42,33,0.0005529100907910051,0.0002075501367002637,0.02062782504116044,0.0035021007750401915,1.06606007344795,0.2520018715539356,0.9141697432055618,0.06375803158628718,3.3329493782737036,0.29279587639507615
43,43,33,0.005450373952926108,0.0015973480565580718,0.04250643780511437,0.004978726332698494,1.0724680703697782,0.38587631859954435,0.5925187387249686,0.07913410581442071,2.0918801589445635,0.28581318141553574
44,44,33,0.001262378586089295,0.0009843546979460091,0.02646539876745506,0.012314406197834063,1.0451822425379897,0.41909697759244385,0.8426212740666938,0.1468317476627958,2.5126007470217617,0.5140972500720248
45,45,33,0.004028353068420212,0.00180795855798851,0.04017563051346577,0.009514008070863115,1.0928596158822377,0.4025254313415681,0.6797426252654104,0.12459590038894565,2.2087777094407515,0.412521342896818
46,46,33,0.003853483661783464,0.003305387895876539,0.039310030582727806,0.015088290459793824,1.020422556183555,0.15923393682924955,0.7229896675456654,0.056383485615588126,2.712432449514216,0.28131614099054053
47,47,33,0.0028452299337721233,0.0014927037931276711,0.03349758532236923,0.006244957851791646,1.077671544118361,0.4458019748605731,0.666655213543863,0.09907177693843265,2.275206305763938,0.33906502857171483
48,48,33,0.0016311590672668183,0.0006168432699439482,0.030619164138580814,0.0041207449223180405,1.0608316090973942,0.4310884040923611,0.7831088449015762,0.11607899880042698,2.2451479037602744,0.33363825104813566
49,49,33,0.0016032088808997562,0.00019454535624066713,0.03411341548869104,0.001568826936879035,0.981017226522619,0.13214858944727068,0.8437468481786323,0.05103055387843501,2.822968425172748,0.22689076806315964
50,50,33,0.0007798433803007797,0.0005726434784420013,0.020643423000971477,0.002956107135077867,1.0296885217681075,0.9200886772956498,0.7354982901703228,0.19731948267314933,2.498987421844945,0.6496076711355451
51,51,33,0.0009961052820665027,0.00062760050337357,0.022269180100975616,0.002572992217515682,1.1823249152212432,0.8182697487891119,0.7605973048643633,0.14332457200738738,2.732471393816399,0.4659068145118089
52,52,33,0.003984998876341816,0.000683375669925604,0.045094032856551086,0.004235355453454721,1.024291986768896,0.1436589404823333,0.7232775633985346,0.04787591363860576,2.0376411206794507,0.17773773682588706
53,53,33,0.0015605617205217254,0.0019796908181622165,0.023552014407786457,0.006152369577430224,1.3517240782578785,1.7599357116343988,0.7744495913837895,0.21808966625825013,2.8547198844678476,0.8011181809690705
54,54,33,0.000984307994120613,0.0002908065373293249,0.023548810545242195,0.0025463986001454217,1.0208860030679991,0.25918459505079705,0.7606334252790972,0.08634240608588734,2.240891882867524,0.3252994123558588
55,55,33,0.009071974591775374,0.0030829179992778524,0.08140754496509378,0.01564359541164353,1.025603265473337,0.19671703772023083,0.8728327173175234,0.08657189570169503,2.5948035030653984,0.33357179512437735
56,56,33,0.0030103898995245495,0.0013573239053919941,0.04410549467711738,0.011837893609640106,1.1279386480649312,0.4836444107137381,0.8511042468475573,0.18847147480764698,2.159154364556977,0.5683870520299731
57,57,33,0.0010957498293878002,0.0007014156570484319,0.025415111841125923,0.00503377160262905,1.030859152475993,0.3144272254035705,0.8166749730254664,0.10556874430000115,2.548119534145702,0.4030055187292105
58,58,33,0.002722840583318788,0.0007664518405310762,0.03408275318868233,0.0035735608328440398,1.043936985911745,0.33680529315566693,0.6659322679042816,0.09928114992023719,2.320569937879389,0.32544330822990003
59,59,33,0.0010107917143173065,0.00017399551667523212,0.026211443441835316,0.0012865910371935223,1.0364607554493528,0.20366395626031697,0.8381208795489687,0.051058764946606855,3.123093113754735,0.23754036893838296
60,60,33,0.0015670555735458479,0.00034359573634212956,0.031007773440444107,0.001933637787582,0.9861165881156921,0.2710238426923322,0.7752979451959784,0.07811769571296788,2.695793137405858,0.3200499611367585
61,61,33,0.003789235825410508,0.0015912775136780017,0.0371711826459928,0.006064267560082689,1.103407834515427,0.5277277327537098,0.6406631596160658,0.11206707312750866,2.1489676815090757,0.3218882052077923
62,62,33,0.0013851127869477778,0.0005498151962373506,0.02956664635602272,0.004352265507624221,1.0723420092553804,0.31311655814543493,0.8344030976295471,0.09467680462517539,2.1881966012896914,0.34558519745132465
63,63,33,0.002568748888954746,0.0009279215423326313,0.03844862950570656,0.006641303730302963,1.0519106433247074,0.20944903475956442,0.7933824116533453,0.08508228339080358,2.2468660094521264,0.37248643382334806
64,64,33,0.0037250010910528627,0.0010060913540833058,0.04061188859244188,0.003878393641742951,1.0296059467575767,0.20569858564426322,0.6801085815285192,0.061127072690019685,2.323429620627201,0.20533221810997543
65,65,33,0.0004248472352187629,0.00016020221262919124,0.01594510276547887,0.0013691883361604395,1.0054216953841122,0.2979526601648107,0.7839672583522219,0.0865930703702809,2.7043081774856104,0.39180200013625327
66,66,33,0.0016564056524216678,0.0007070328244155457,0.031028001540989586,0.00672168967613276,1.0648860714652322,0.3611497892220289,0.7998595237731934,0.10190456933349862,2.5884043628519233,0.4886700868763626
67,67,33,0.003552443104457449,0.0011078203400322617,0.03654042253214301,0.004607212747739234,1.0696426449400005,0.3583514798865891,0.6325571871165073,0.08834493196398094,1.9947725100950762,0.2641522603712427
68,68,33,0.0009241212471599945,0.0002535534653300268,0.02560098378947287,0.004612870245141223,1.0618765724427772,0.32374401762963373,0.8616012678001866,0.09733326044424298,3.1366076108181113,0.29681449775429725
69,69,33,0.005508188750051583,0.0029665421080019984,0.04754114221555717,0.01596130855369762,1.1061771724260214,0.47672820941320504,0.7179184492790338,0.14294943719714823,2.407132213765925,0.4187147989346637
70,70,33,0.0007995814437780416,0.0002520874919813882,0.01944108521848014,0.0020301199457665956,1.0538949930306636,0.2658609510597225,0.7135660973462191,0.08065032354676308,2.1721926421830147,0.2591104120852895
71,71,33,0.0036516731753098693,0.0007603025904471158,0.043442734884041725,0.00450203509770165,1.0315893870411497,0.19071238581040192,0.730418268478278,0.061671096810030294,2.3871206225770893,0.23407693240847396
72,72,33,0.0003650239016155176,4.4087282850851736e-05,0.016106106848879295,0.0008424697165337649,1.0059136405135647,0.14000291127434056,0.845157984531287,0.05756204219430542,3.0955396926764287,0.2742403232778151
73,73,33,0.0016016778068715762,0.0008065995194374738,0.030146943179495407,0.007196573317548598,1.0655119690028103,0.31628811791242506,0.8063077746015607,0.1074901985047362,2.5673392288612598,0.43934388671745167
74,74,33,0.0018201856397685003,0.001385048993702971,0.022957187682164436,0.006641413177455487,1.1954090613307375,0.4291974752423192,0.6009408885782416,0.0653655668878134,2.285748929688425,0.2576736234184497
75,75,33,0.00146639976777475,0.0005568701959348953,0.028488882676218494,0.00535047361822318,1.0395674073334895,0.2152590529278433,0.7678950970823114,0.07063550889774028,2.200727459156152,0.19879989956862695
76,76,33,0.0037261292437147913,0.0007750169166503986,0.04061257579561436,0.003586108771254524,1.0307787638722044,0.19270959828735704,0.6768623482097279,0.0497775670933648,2.326756979479934,0.21958558745301576
77,77,33,0.009281652344560081,0.002089420344407188,0.07144232297485525,0.005747716617933391,1.0245968320152976,0.15789927976321644,0.7523349541606326,0.04071624852072103,3.3138463641657974,0.22853458138591387
78,78,33,0.00034828599371284133,0.00014447450970368823,0.014189065264707262,0.001206223465575957,1.0515611569086711,0.37915847827962956,0.787653077732433,0.08814886878707265,2.734927596467914,0.32002783756509334
79,79,33,0.0032602871457735696,0.0005089954578906446,0.04625662766171224,0.003136347009397599,1.0144384142124292,0.16337361814153625,0.8159645235899723,0.06117356136172503,2.139416029959014,0.2114022624285371
80,80,33,0.00016592752680563453,2.7241836917632428e-05,0.010846119176483515,0.0006426603009286672,1.0338284626151577,0.204465776604477,0.8545141003348611,0.06764393115859735,2.7721202012264365,0.2084810829430463
81,81,33,0.0024172328659474397,0.0006593549312628271,0.03271338874191949,0.0037526670748843577,1.081667451244412,0.27976812467163414,0.6924982703093326,0.05764612538396713,2.4040298461914062,0.22864272419308407
82,82,33,0.0013525460257590043,0.0002373026824340267,0.02939824584984418,0.0024972718658816417,1.048382372567148,0.181094993182818,0.8190028125589545,0.07323635742806112,2.2266643516945117,0.2495807354102645
83,83,33,0.00035729760279399204,0.0001199628093968085,0.01628476440567862,0.001644647300169156,1.021390387506196,0.27798240450124023,0.8732595895275925,0.07319846286077493,3.2588257211627383,0.3066950094976686
84,84,33,0.0021381522705214043,0.0006306757015740658,0.031202783582336975,0.003691244854639291,1.0624951882795854,0.1930058627144614,0.702428476376967,0.058158077685226434,2.250237576889269,0.1795003211240166
85,85,33,0.0008241984460531085,0.00025094286718959437,0.022994876359448288,0.0027912156988437703,1.0349190451882102,0.20233902839960335,0.8218664003140999,0.0758353121408063,2.4186987479527793,0.34526411144176716
86,86,33,0.0032274451311395474,0.0007615308218382888,0.03894175363309456,0.003919227725625587,0.9984720006133571,0.19833676227484986,0.6870187990593187,0.05378310989880672,2.3678045453447285,0.20843629517358628
87,87,33,0.002780716785116855,0.000979128690874886,0.04060348207977685,0.005539754838777986,1.0724673361489268,0.28829820862130573,0.8044387228561171,0.08489902866896173,2.4429430094632236,0.36623449845836964
88,88,33,0.0009623072674554405,0.00042483994432835124,0.02482289242360628,0.004583264292030847,1.036482145388921,0.44174049924613235,0.8162966713760839,0.10332533443913217,2.7977733034076113,0.4420707309383638
89,89,33,0.003998351593812306,0.0015357692491660506,0.03950073812721354,0.006251799905042913,1.0646195863232468,0.2856113184911251,0.651728377197728,0.07739333803737554,2.211727597496726,0.21303244849364827
90,90,33,0.002152142622931437,0.0006217999389178896,0.035713037250168396,0.004835340033515031,1.0157392368172153,0.2529378195145354,0.7839734138864459,0.0982429909617731,2.585161252455278,0.35773107866941184
91,91,33,0.001014516108570564,0.00036020825382523914,0.025327970640677395,0.0036705016713954753,1.0821682160550898,0.3046859898538677,0.8328662839802828,0.09863587999160454,2.3557701074715816,0.4657800290810329
92,92,33,0.00044057078599562925,0.00010787310418283855,0.018325222091692867,0.0007146662923984984,1.0532528324560686,0.2996632108482224,0.8939665122465654,0.05031547738100308,3.2636094021074697,0.20644778009184536
93,93,33,0.006906300169331106,0.001668975906558456,0.052334457861654686,0.005082035750360157,1.0715597687345562,0.24611178966217678,0.6535902529051809,0.06771706028013248,2.1658900542692705,0.2302528464766224
94,94,33,0.000903222148102059,0.0008303196404392053,0.017284703328076637,0.004789733831236746,1.1309107785875148,0.4770586746064118,0.6338526191133441,0.0707006792096719,2.3872682109023584,0.2836469678495887
95,95,33,0.0039168641846062556,0.0012813503999047145,0.0424962987502416,0.007320030650221791,1.0380162677981637,0.25435787627641726,0.6943183559359927,0.05948188058218073,2.973080909613407,0.2797056191342379
96,96,33,0.002005928644035576,0.0005181931706328903,0.029865860431031746,0.003700410993164973,1.0744977936600193,0.278301618439803,0.6917667370854002,0.08456357722393218,2.198265617544001,0.24684875796328418
97,97,33,0.007971588352864439,0.0023376797732173396,0.0526037011295557,0.009184530395953225,1.0609436143528332,0.3587526605715305,0.6040114615902756,0.08622732787119038,2.511956558083043,0.3346684295009942
98,98,33,0.005433112361722372,0.0013184724494755319,0.05039908917564334,0.00520110096006119,0.9968569152282946,0.15539288019116437,0.6849015535730304,0.04461757100057183,2.543504743865042,0.1806444034574019
99,99,33,0.000743050404266934,0.00017121805470974653,0.024069386223951977,0.0019254230271031078,1.0182704781041,0.2695947038384179,0.8892798496015144,0.08323829987193582,3.113520232113925,0.36373196104000277
100,100,33,0.0008415294754685777,0.0004335281320430566,0.021729890990889435,0.0029369169920813237,0.9775239978775834,0.24821546937664632,0.7710956569873926,0.10202964602608648,2.7642975503748115,0.37814878396123985
101,101,33,0.000674552772772696,7.783299951647478e-05,0.02249118211594495,0.0009012933688828848,1.0109381982774446,0.06738607891672306,0.8717539184021227,0.02464549442749521,3.377881787040017,0.11542475197131706
102,102,33,0.0006015539710819157,0.0004884259850414895,0.02046395420576587,0.0016135177174775386,1.1624553853815252,0.943002711091026,0.899309308239908,0.07237456811121547,3.1686348337115664,0.2784824886921952
103,103,33,0.0006668763764371926,0.0004787725157954414,0.020075801844623955,0.002145628138316038,1.2075402790849858,0.8612678408752616,0.8534129189722466,0.10746533940506664,2.6619651462092544,0.37076555513025566
104,104,33,0.0024501857397174745,0.0008552624713221804,0.03679704677426454,0.004786066319196081,1.0877451047752842,0.329494649393892,0.7817767461140951,0.08989025570398526,2.6392777255087188,0.33715232191347555
105,105,33,0.0025132748397123632,0.0007658405077579261,0.035753822631456635,0.006281244399668586,1.0466177553841562,0.22670942424527302,0.733991102738814,0.09834008401579106,2.3022595391129004,0.3213818850619639
106,106,33,0.0018440830339607078,0.0012797938975437797,0.030433210572510055,0.00817592862366478,1.0919386708375178,0.4997581274223416,0.7867399029659502,0.16000375408247947,2.7697871923446655,0.6416209566782884
107,107,33,0.002098342509601604,0.0005043593666804798,0.03332748619670218,0.002836582222592328,1.000588398991209,0.2371366183069014,0.7283784638751637,0.06514301581641965,2.247486212036826,0.20482879118677016
108,108,33,0.002126485227508414,0.0011626911919224913,0.03188609800329714,0.005553273280236417,1.1509774381464177,0.6718465500732911,0.7455542322361108,0.1346022425106335,2.0798783482927266,0.44752507623524984
109,109,33,0.006382988878723347,0.003958758167245742,0.053196283621769966,0.014797663538375647,1.091159437641953,0.4476862058214998,0.7074391281966007,0.09481544699869428,2.7305071859648735,0.48585082661373463
110,110,33,0.0009774965415779275,0.0006653097439885331,0.024000135335055264,0.004597497790525018,1.0448001478657578,0.39755114287189985,0.8115823006991184,0.10768163199778229,2.6521112088001138,0.47899617057613053
111,111,33,0.0008770842484381953,0.00038461472841141097,0.01730492598179615,0.0027014854874103347,1.1923645030368457,0.7500401965709407,0.6276079100189786,0.13505398107280941,2.013708569786765,0.47730793441283664
112,112,33,0.0006162576671957856,0.00025287395915068756,0.019216650984052456,0.00239598067983127,1.1084881072694606,0.5770862554684819,0.8072193156589161,0.1398143187828872,2.5109049876530967,0.4136093857120663
113,113,33,0.00031927333453275037,0.00023748422139207123,0.013047263336678347,0.0019890463163725887,1.029995934529738,0.32819567776522146,0.7839049967852506,0.12528649317356713,2.479785604910417,0.38018778255587876
114,114,33,0.002437594426076182,0.001093657608103326,0.030129449498472793,0.005236583720246501,1.0845410751573967,0.3183269856511046,0.6489429202946749,0.06542726379866864,2.262800679062352,0.23744137880811544
115,115,33,0.000571273509801055,0.00023403398446886873,0.020297605798325756,0.0036231254217424782,1.0540062694838552,0.2653414938398948,0.8836561712351713,0.09311559251334389,3.111372521429351,0.31909816794881457
116,116,33,0.0019116233046533484,0.0006410717242162885,0.033082024956291374,0.0042042650390893095,1.0433242447448499,0.2183366726502375,0.7810159488157793,0.0671089151424831,2.311846639170791,0.2962514583337418
117,117,33,0.00037275210056439835,0.0001312342055232818,0.016778333253706947,0.0027925173208001456,0.9933099313215776,0.1199382168750835,0.8761305556152806,0.05644604031458696,3.2551776351350727,0.2818566467706908
118,118,33,0.00029141830446226805,0.00019787676010258375,0.01341594493185932,0.0010158137731899033,1.139003782561331,0.9313913633398906,0.8207048006129988,0.14422390763657222,2.9026249755512583,0.4081344388723758
119,119,33,0.003569831147394849,0.0007159514429754686,0.04276070913130587,0.0035413260671867818,1.069927616552873,0.21794767468117704,0.7404309330564557,0.06737276139143604,2.055899623668555,0.27571085105620813
120,120,33,0.0011122952846838443,0.0002347486056076631,0.02411539728442828,0.0019473102597708713,0.9954025853763927,0.1541782914752799,0.7251506917404406,0.05308619008782909,2.289765957630042,0.1763801337363156
121,121,33,0.0017348237452097237,0.0005714744106580679,0.029704607684503902,0.0034919614356621483,1.0059510857769938,0.32890525536827436,0.7168530424435934,0.08635967807561258,2.0180539434606377,0.23653979183463208
122,122,33,0.0023552081159626446,0.0005852554196500536,0.036870360148675514,0.003046455285485415,1.0909126527381665,0.2802115208476811,0.7937234224695148,0.07652820453300707,2.544239781119607,0.25050811615902946
123,123,33,0.003709494432603771,0.0007302098305105348,0.04393399032679471,0.0034701485284748096,1.0816927461913137,0.2329723715354321,0.7494942997441147,0.06891861601804046,2.228648153218356,0.22232527801331703
124,124,33,0.002511012184461861,0.0006943612244831541,0.041919554668394005,0.005163822239714667,1.033058312806216,0.22644827733960113,0.8528701590769219,0.08262263112352905,2.6385686975536924,0.3288401293103723
125,125,33,0.0016903300208716907,0.0003991294217644327,0.033045018994898506,0.003994070095922881,1.02963391939799,0.18034275570419114,0.8182133996125424,0.0705098767181041,2.4806467403065073,0.26814518249623354
126,126,33,0.0008266915180932053,0.00038729770233564184,0.021246931176971306,0.0028412171741775526,1.1116895738876227,0.5769374299428723,0.7749849395318464,0.10634694695036526,2.589542360016794,0.3375441126725934
127,127,33,0.0010654315701685846,0.0005473041679186024,0.025890890170227398,0.005551208832033442,1.157979069334088,0.417959271350811,0.8776629892262545,0.09609778656478786,2.5647318543809834,0.49530073196346525
128,128,33,0.0012376836049511578,0.0007940106298732918,0.022193287866133633,0.003425964296437522,1.113806137532899,0.6163965690962855,0.6946375929948055,0.14059072721675211,2.287668141451749,0.44827842991759453
129,129,33,0.0007345012748952616,0.0002485581357177891,0.020940079777078194,0.001517613113943277,1.0924194744139006,0.4105542550599508,0.8064744580875743,0.055833989699865624,2.893582806442723,0.24353528109910175
130,130,33,0.005118853539567102,0.0016098559112420533,0.051383842968127945,0.009660066718620911,1.009270814332095,0.1707865658770023,0.7367553169077093,0.07059377677698139,2.577310652443857,0.30733653235898684
131,131,33,0.003057134492943684,0.0012857503719047889,0.03198355639522726,0.005678225006345715,1.1232888554081772,0.4008938064202667,0.6187504268053806,0.07838838843209361,1.870764602314342,0.2724149119779514
132,132,33,0.001989337255839597,0.0003922407950282058,0.03834131980935732,0.0036567022241660472,0.9937271349357836,0.12369855526431531,0.8596900286096515,0.055193203380662,2.626595237038352,0.22571177264841424
133,133,33,0.006138104433899351,0.001978330513581341,0.042159501293843445,0.006948193641087981,1.0984374831120174,0.4133097054976791,0.5589430133501688,0.08584954733747424,1.9231702089309692,0.3543174662597918
134,134,33,0.0008806696913035756,0.0008745908906264022,0.017044513683879013,0.004678046296418652,1.368322233359019,1.313582176647243,0.7228918481956829,0.2208401283385672,2.424246022195527,0.6968500232006012
135,135,33,0.004730224651707845,0.0007627569763833982,0.054418286929527916,0.0042662035394384285,1.0145701115781611,0.14904819680848538,0.7971856539899652,0.05247820537308123,2.496130914399118,0.21485865265250242
136,136,33,0.0006243949711929555,0.0002360113597396558,0.020804892632771622,0.004056402485143988,1.02503353267005,0.5029454300450354,0.8403414722644922,0.15227238827360343,3.098992918476914,0.5431696595259242
137,137,33,0.0021051844391463833,0.00045117298771266617,0.031169655027263092,0.00264556702318896,1.070533037185669,0.23000296402585396,0.7029224778666641,0.06066910270386082,2.313163475556807,0.20897120013134762
138,138,33,0.004343234362419356,0.001238512685495614,0.053873753965352524,0.007507718462679468,1.068306408145211,0.3794056927907754,0.8431177988196864,0.11949569883348628,2.353053493933244,0.4151588922993376
139,139,33,0.004302171023675438,0.0011414239481472238,0.04573184821867582,0.005226603789036681,1.0420962996555097,0.22615165985379482,0.7135805334105636,0.06301680625845485,2.659179759748054,0.256259185636633
140,140,33,0.0007013103882358832,0.00027059127490701456,0.022558606257944397,0.004419726024851923,1.1102665157029123,0.33285369463451076,0.9049899198792197,0.12106214027765826,3.0535104383121836,0.6433626787557659
141,141,33,0.001875112607553037,0.000996758176688498,0.032568697507182755,0.006528652223606011,1.1412535652969822,0.5930548854876014,0.8020329330906724,0.14220512826150708,2.9011041756832237,0.544803303508526
142,142,33,0.000965023426529528,0.001185749006856538,0.021956816823645073,0.0052961536225799195,1.1858606722318765,0.7959634288809078,0.8358002919139285,0.16638558480426158,3.0747060920252944,0.5654728283851889
143,143,33,0.0005323846769787258,0.00024118003782382878,0.018141012525919712,0.001210317488966788,1.0170490488861545,0.577662723505492,0.7893336324980764,0.10672833859761642,2.7321326226899116,0.35292925078572757
144,144,33,0.0021916273487449594,0.00047316919553688156,0.032740801121249344,0.0030988589964382383,1.044729156927629,0.18277924325300302,0.7177053834452773,0.06534345795084937,2.363017681873206,0.21475740703714985
145,145,33,0.002708058204558311,0.0013661197534059635,0.03699748805074981,0.0077171966214248985,1.1356030070420466,0.6676826771392582,0.7804332854169788,0.1852363031036656,2.670121416901097,0.7158308374314427
146,146,33,0.0016747333028240864,0.0005350516288741755,0.029798485112912727,0.003345790705940028,1.0654858134009622,0.41196312127189627,0.7588871410398772,0.11066215973987337,2.292577674894622,0.5623682749019836
147,147,33,0.004866831657250948,0.0025339533777205834,0.03895265259074442,0.00859868596243974,1.133375852396994,0.6080764934109211,0.60518524592573,0.12351611457689235,2.0588497573679145,0.3640994985543278
148,148,33,0.0013804332155621414,0.0002990948289744772,0.028180398159857952,0.00282748723606973,1.05874959266547,0.27460386757751476,0.7777744459383416,0.07874955068120888,2.3848081140807182,0.2847771056937392
149,149,33,0.0027758134105666118,0.0004183109442622135,0.03657710947322123,0.0024744548879207075,0.9941870154756488,0.1611375822663936,0.6918320095900333,0.047473336982964756,2.4104491580616343,0.19620315319981071
150,150,33,0.005422737964457183,0.0021707460553424605,0.053172500521847695,0.009021425592514365,1.10973112059362,0.5389964341154616,0.755565937721368,0.1185305451137156,2.088488123633645,0.3232459788652292
151,151,33,0.0020564414567850304,0.0006050851173709539,0.03166038695384155,0.0033332117841078012,1.0681061275077588,0.29554115984158075,0.7264056585051797,0.08595283699936614,2.2995512413256094,0.24343952708064484
152,152,33,0.001734057875265452,0.0005884628327600516,0.03352650655715755,0.0033051652209460016,1.0494625478079824,0.3243992035048184,0.8288556698596838,0.09484095942761411,2.5368319605336045,0.36015745758364265
153,153,33,0.0029321418330778906,0.0016480806076344847,0.03434241416327881,0.0077852088936470444,1.1132486390345024,0.5534209933420424,0.6775243237163081,0.14011086632150202,1.9313222386620261,0.45067634508034266
154,154,33,0.00121892156488629,0.000626071250361124,0.022184902971441097,0.005116277009592002,1.1331582286141135,0.36689802944729577,0.6840241298531041,0.08247050918729491,2.5497040206735786,0.3297681494686797
155,155,33,0.000721628177967487,0.00016821341302235285,0.02115899928365693,0.002159157857969985,0.9640336614666563,0.21250710369046577,0.7733435088937933,0.07124084787527117,2.471186005707943,0.39051191729260015
156,156,33,0.0006768737888099471,0.0005181270795847842,0.017689130607653748,0.004843007974162521,1.123446664123824,0.5820003948083274,0.7632576091723009,0.16695317000235502,2.477031339298595,0.5693960822532262
157,157,33,0.003969101633904784,0.0010150160185189254,0.051520354029807175,0.0076243640502243765,1.0958027225552183,0.4188313141813037,0.8518461241866603,0.13561508443367418,2.6085022796284068,0.3269560685090787
158,158,33,0.002247355031696233,0.0006480533786651218,0.028299969987887325,0.0031010782393950335,1.1028155088424683,0.3030422659679647,0.6279039915763971,0.0648348584618968,1.9651163419087727,0.18829150055173613
159,159,33,0.0009415377104288024,0.00039088603023717595,0.023323752155358143,0.0023747343688363827,1.0771323045094807,0.30472037758529485,0.8005729100920937,0.06834653755287987,2.8585904800530635,0.30718904649597556
160,160,33,0.004204065256723852,0.0010961475280046843,0.038311512689247276,0.0044274675025973015,1.0946460167566936,0.2985003184259085,0.6182827145764322,0.07520495959197722,2.051777734900966,0.24944534907305183
161,161,33,0.004222521537237547,0.0013048991990930834,0.03948788203750596,0.006051568749801914,1.1035678919517633,0.37135308201542583,0.6353786325815952,0.09334963845400675,2.1336899092703154,0.3144687302769353
162,162,33,0.002660773468740059,0.0010156288829945067,0.03564532846212387,0.004064967614137438,1.044004713044022,0.2982490038571586,0.7170219683285916,0.0929741575191501,2.3560209960648506,0.299640121082375
163,163,33,0.0019709137480028653,0.0006289842604907317,0.03408109611182502,0.0049167776873830765,1.00851253397537,0.26706588743113513,0.7784224333185138,0.097258085157297,2.2590767217404917,0.3164783618355016
164,164,33,0.0035826379722548704,0.0025155542874003493,0.04133214344355193,0.016519166082535067,1.0913183002760916,0.3371551911742316,0.7570206360383467,0.10424935779003866,2.031423872167414,0.3700641770234836
165,165,33,0.0007896861846375307,0.0002760671109104665,0.023541371366291336,0.0025943542755442594,1.0073012547059492,0.28589676658632873,0.8454532153678663,0.1008684256929846,2.954442100091414,0.41685787997412627
166,166,33,0.0019701500917135768,0.0004996250121504245,0.03109343767617688,0.0037758192425959387,1.0415428750442737,0.1797189424978771,0.7179593696738734,0.05950253763749765,2.530490658499978,0.20910429348227005
167,167,33,0.0010049915660850027,0.0005351066173798518,0.024381100623445076,0.003745847084996794,1.078351361281944,0.7111246860684164,0.7990399707447399,0.14686223669850595,2.529663916790124,0.4910818730523441
168,168,33,0.0035448073494163427,0.0017141632008981632,0.04212106182945497,0.009932366402428559,1.1213255443356254,0.5643774465962069,0.7659168487245386,0.15950844930401878,2.119638125101725,0.5803125880908269
169,169,33,0.0021144514709400633,0.0006921159030676486,0.02962088511522972,0.004469632653612518,1.0518061211614897,0.3288849910822,0.6634932900920059,0.08463785094352039,1.902975938536904,0.25773995588236376
170,170,33,0.0014160134490918028,0.0007183526090655644,0.02636779381921797,0.003659879302812321,1.0683268164143418,0.716820456966409,0.7081275112701185,0.15274367228455912,2.300582430579446,0.4908079023052582
171,171,33,0.006685154096251636,0.00196111354478334,0.060837571706735726,0.011043101317784016,1.0786722699801128,0.2519581683025369,0.7721951531641411,0.09200171874732228,2.0772821686484595,0.2678276100981644
172,172,33,0.0016936057963352086,0.0005650657566865691,0.02667787027629939,0.0032755572505844864,1.0472390380772678,0.30862651816933145,0.6693775906707301,0.07784009972430629,2.2187087680354263,0.2868653809453185
173,173,33,0.0015255610377414887,0.00029862050819343133,0.033392206681045616,0.0036244706341925096,1.0132377743721008,0.13056727497743373,0.8623984058698019,0.05328492034596142,3.2423185218464243,0.20365381126278756
174,174,33,0.000396949941535819,0.0002153935353196794,0.015707916100368355,0.004246784620169821,1.0874708168434375,0.3867845079372964,0.8359308802720272,0.12329942945998719,2.6618438164393106,0.4160939790348353
175,175,33,0.0012948881053351656,0.0004099807563614616,0.024808067574419758,0.0035303478429129973,1.0749558147155878,0.3312093166448376,0.716215709845225,0.09239599239081006,2.3734744534348,0.33530811604917865
176,176,33,0.0002788569280793044,1.7591295508995564e-05,0.015067245049232786,0.000519563435159981,0.9921372352224408,0.0573137285573099,0.8988542809630885,0.028382112469498105,3.4372900399294766,0.10804866515942833
177,177,33,0.003313589661212807,0.0012112246261219324,0.039838934881669105,0.005223065216596567,1.1106431421005365,0.43800557359502723,0.7310919508789525,0.11853651693329818,2.0498044924302534,0.325528341308415
178,178,33,0.0016382464814479604,0.0007920659341848428,0.028171637857502155,0.004811336766078691,1.0699432636752273,0.37269100798352006,0.739764594670498,0.0899317567164981,2.361091216405233,0.33962016350804725
179,179,33,0.00046110208671906906,0.00020864197164058946,0.0179872125330748,0.00388385431917783,0.9979197726105199,0.41144933258541505,0.8416104479269548,0.15761581636338584,3.090844999660145,0.5152208733164102
180,180,33,0.00978310586828174,0.004510828592441542,0.06613849758198767,0.016194490840092272,1.0763011547652157,0.3363031829354379,0.6946275306470466,0.09041107085725357,2.8507347612669975,0.2657578890912806
181,183,33,0.0004893196755526305,0.00029424722126079666,0.0172512736171484,0.004405841047025188,1.117860127579082,0.6133113627090093,0.8296245742927898,0.19269770611757395,2.881589965386824,0.725261262022843
182,184,33,0.0008856525775186266,0.00012208798062849805,0.02585936766682249,0.0014348247468986472,1.0109225981163257,0.12941637543842996,0.873743985638474,0.04550666658986639,3.363543062499075,0.17163170429640537
183,185,33,0.0034411157477844618,0.0013389450032603263,0.03757285157387907,0.005649350348691245,1.0498289393656182,0.3406706266030386,0.6651053988572323,0.08930048923981465,2.2654005722566084,0.2862025336481008
184,186,33,0.001538504543008678,0.00016773233176065129,0.03434028476476669,0.0014065231512905222,1.017873932014812,0.12847561136682395,0.8827151909019008,0.041576946126132205,2.91116916772091,0.15871801684879966
185,187,33,0.008787914916562537,0.0032026082529291165,0.05979561201776519,0.014009119724711914,0.9938666152231621,0.22914077068337707,0.6392582564642935,0.06404904530837195,2.8289471647956153,0.33619048864185863
186,188,33,0.0027351322015888536,0.0021574073646595153,0.02849644027424581,0.005701383215261289,1.0307455902749842,0.6273905126535471,0.5833079977469011,0.11473327957320806,1.9165431839047056,0.38644600318997563
187,189,33,0.004299167714744919,0.0021357204679065904,0.03759324505473628,0.009038699799995595,1.1944160940069142,0.9964406232257995,0.616598848140601,0.15676757417393994,2.132781982421875,0.43221878452011814
188,190,33,0.0010021431195182781,7.499607497616639e-05,0.028470506552945484,0.001061626483409344,0.9996162400101171,0.10117672473928807,0.898597513184403,0.04635432649289918,3.2258005864692456,0.16259106829142186
189,191,33,0.002558558607812632,0.0007695758105873553,0.034014951889262054,0.0033257607795979536,1.0527954769857002,0.2788370274693735,0.694857423955744,0.0768338954338947,2.128564979090835,0.22310500457674473
190,192,33,0.0025313993965303807,0.0006938454984970051,0.03261399867408203,0.0036962990968563507,1.0550118179032297,0.21528647976931903,0.6714717438726714,0.053170470460927106,2.276440569848725,0.18550998988675896
191,193,33,0.0015843195592010902,0.001542058453125251,0.025389819434194855,0.00875292994416028,1.2202327197248286,0.7400421491274002,0.7706279691421625,0.1845036730244922,2.916728792768536,0.6164782708041606
192,194,33,0.003283172634176233,0.000674761288702125,0.041023091610633965,0.0037618880271241594,0.9995914029352593,0.17983264383700173,0.718025682550488,0.058996231909497925,2.483809232711792,0.2357989511968166
193,195,33,0.0034911366440638,0.0009808036143372717,0.03682237835318753,0.004253902473390209,1.059653212626775,0.3198025205004456,0.6414085500168077,0.07440058250273911,2.2205713915102407,0.2472137035673415
194,196,33,0.003901263737740616,0.0014678050513272322,0.044924804884375946,0.00870967828368787,1.0574851117350839,0.29277435356397474,0.7442615935296724,0.09090157891983963,1.9752536181247595,0.35127595044505217
195,197,33,0.0007700260382879412,0.0009393358320686434,0.017425437824744167,0.0025125328331183617,1.5860785607135657,2.0219117579128096,0.7751341778220553,0.1544916332718358,3.055865107160626,0.5230635852700148
196,198,33,0.004688208464137984,0.001992665858348793,0.050967639537923264,0.014369870046470777,1.0172539190812544,0.2303391477555683,0.7580166757106781,0.08638875458824243,2.225387894746029,0.2553411621277635
197,199,33,0.0009774147315924479,0.00034401501350739917,0.02690277389730468,0.005242231588269669,1.015985701120261,0.24161118650224364,0.8749005884835215,0.09893745273786884,2.9953433564214995,0.43895395725247255
198,200,33,0.0033043874921559386,0.0011273609812534177,0.03846644096528039,0.005205578736515658,1.0286735811016776,0.2771291601382077,0.6804761552449429,0.06848355916388413,2.5460469939491968,0.27071050049895945
199,201,33,0.002929739019071514,0.0007378918127480777,0.035545891263719764,0.0039232085784140554,1.0350559733130715,0.18539276142044805,0.670718951658769,0.04649639904966719,2.4042949604265615,0.2030815659059767
200,202,33,0.0027816902041773906,0.0004795169725691548,0.040927179496396675,0.0025429501208202947,1.021192117170854,0.1809401489697606,0.7839873144120881,0.053336109899619275,2.496847127423142,0.21760494222261878
201,203,33,0.0036697320244980583,0.0007902398310643,0.04185753891413862,0.00345340319158994,1.0493876554749229,0.25219550104509336,0.7067353878960465,0.07229930432976951,2.179280349702546,0.18569426888185087
202,204,33,0.0008866062037696158,0.00043190667122532404,0.023827254659298695,0.0046741478569286565,1.0811716227820425,0.5554713195429103,0.8334115689451044,0.14805944826566286,3.031312248923562,0.5541347432137816
203,205,33,0.0005293008289299905,0.00010335297549769371,0.02050106893434669,0.0023184499254535525,0.9811489004077334,0.1881009184781621,0.8820619185765585,0.07896996474771234,3.3472167723106616,0.2745790863782699
204,206,33,0.0012738860819037213,0.00030701940905064715,0.024959764753778774,0.002467179992135585,1.019210165197199,0.25574158028765315,0.7055616685838411,0.06295508350013142,2.09384591290445,0.3024514028714317
205,207,33,0.0013681787020301051,0.0004060186742518239,0.029033485009814754,0.0029798761951004733,1.0166761721625472,0.3459577897118769,0.789707601070404,0.11385211248986007,2.8626613689191416,0.4484188876269045
206,208,33,0.0018923183229300334,0.001797700648193304,0.030484172543793014,0.010832699144478937,1.1130244190042669,0.4523846565047079,0.7959753473599752,0.11133136845506623,2.615857229088292,0.44301161861750477
207,209,33,0.0045164463773482676,0.0007911359630189815,0.04679661842458176,0.0037827171360546286,1.0295342803001404,0.1453146382962697,0.7067887078632008,0.042942140495712815,2.4374782172116367,0.16735602443830966
208,210,33,0.0012161880713943956,0.0003923175079448211,0.028245222557223205,0.00275516222865773,1.053766131401062,0.387339165275083,0.8325061816157717,0.09691673908048608,2.5351994146000254,0.3334931309885875
209,211,33,0.00346293101778649,0.0009988275060541978,0.040572101871172585,0.005592696050059977,1.0572658795298953,0.2555341382978285,0.7096868482503024,0.07011847740133587,2.2178717851638794,0.22756700120916556
210,212,33,0.003658989853592533,0.0009807521670704218,0.04627847118359624,0.006538703776909198,1.047388817324783,0.2375366941075503,0.7837852709221117,0.08690785484877221,2.5477567622155854,0.22860295715338538
211,213,33,0.0016553332909207904,0.00023993649729788842,0.032751056788997215,0.0019039548360893024,1.0082796667561387,0.15448189346340874,0.8080930782086921,0.05369387838788466,2.5813576741652056,0.16309970817371844
212,214,33,0.00038699960075036597,0.00023601501822700366,0.013555233733672085,0.002470126442597377,1.1095730129516486,0.6959560048549461,0.7327851382168856,0.18423442146506908,2.386072064891006,0.624741833596579
213,215,33,0.000793193398611479,0.0008878736196754521,0.017221458566685516,0.004767707334040559,1.4238606032096979,1.556155842925228,0.7453438594485774,0.19440154044564298,2.2923850362951104,0.6972150612952532
214,216,33,0.0038315173534845762,0.0012361063419414067,0.04154560432741136,0.005041260967770665,1.0695315382697366,0.37047750864241336,0.6980750109210159,0.09369327526127524,2.3715177521561133,0.3061615972983217
215,217,33,0.007258086507631974,0.0033551725951215185,0.052471893754872406,0.009016683116060435,1.0993774750015952,0.3349703600989238,0.6644882415280198,0.09201730885361659,2.193947770378806,0.2991002232541582
216,218,33,0.000504905704557049,0.000242116137644281,0.018334903330965477,0.004505790201869881,1.0690605784907485,0.44443723380762873,0.8522529963291052,0.15087586572455056,2.713017889947602,0.6882450067828513
217,219,33,0.007597674968454874,0.0013812633056533275,0.0734113162439881,0.0069697267702141675,1.0571453697753674,0.280984847262508,0.8622878609281598,0.0927100572646662,2.5881756074500806,0.33850222186143186
218,220,33,0.005476990919277975,0.001653220051991936,0.042370149131977196,0.00661153214709046,1.1596692204475403,0.44665790793148225,0.6102379569501588,0.10204729145636106,2.3165343746994482,0.3015748418129741
219,221,33,0.0029769528332646146,0.0012040572643253586,0.03633679680977807,0.004582179878948033,1.0657491711052982,0.37100311495234073,0.6986474214178143,0.0890616977263716,2.179316708535859,0.2754825264236011
220,222,33,0.002787855171570272,0.0009452815618727846,0.03751903247426857,0.004188333796947184,1.0290213498202236,0.35741388970288523,0.719804817979986,0.08334079732574158,2.3687293565634526,0.26923543930277405
221,223,33,0.0007431892418852923,0.00036517842759429517,0.019546593116088348,0.002455375826686755,1.3145941297213237,0.8055754698109461,0.8209473292032877,0.18947877915381575,2.748393987164353,0.6425523624786833
222,224,33,0.0006587755796675938,0.000412276762551782,0.017263215486750458,0.002584156255394721,1.079744180946639,0.787321613366447,0.7190288982608102,0.15049338162904735,2.347702553777984,0.5046201099962679
223,225,33,0.007778411801678665,0.005826980150136611,0.05405957500139872,0.019889468607908092,1.1236674559838844,0.4821380574548628,0.6760437714331078,0.12387928987847091,2.0790366981968735,0.6138021859748818
224,226,33,0.0032633778341043967,0.0023383912390840555,0.03392023096481959,0.013091948402160746,1.1320995164640022,0.7942618823247375,0.6232340679024205,0.15229022456408772,1.846145142208446,0.40916507254729406
225,227,33,0.0033346218635525665,0.0019327097680615318,0.03612833543483055,0.006218507419550982,1.15054391189055,0.7621047263260559,0.6638550993167993,0.15346289931263576,1.9672959464969058,0.5180069307227163
226,228,33,0.003983036868951537,0.0017094603239422377,0.03307769566097043,0.006029660777287953,1.264634168509281,0.691969205543533,0.5831729932264849,0.1279613663292475,2.1878776080680615,0.4335719127360755
227,229,33,0.005988909002167709,0.0025608451179476117,0.05662228257367105,0.009457918896963655,1.150189689614556,0.6155122512768064,0.7787564505230297,0.1474355388114625,2.157967625242291,0.47471191933050944
228,230,33,0.008981147893902027,0.0015484811812198076,0.07302835775595723,0.008488138294314997,1.0323025891275117,0.1750922669947961,0.780159592628479,0.05885295416352049,2.6804310047265254,0.2527901990935444
229,231,33,0.00248586703585743,0.0008966871834083333,0.03489407202736898,0.003574898903893855,1.0159063221830311,0.4366258059601442,0.703764689691139,0.12286287082425297,2.428973356882731,0.4419843776879699
230,232,33,0.0009207762566141107,0.00023672347005790432,0.021785042615550938,0.002856600058948359,1.0257475701245395,0.18650324113549968,0.7303495641910669,0.07250054651272449,1.9398927146738225,0.4166993748161333
231,233,33,0.0024326880630917112,0.0014300193703293096,0.030430906367572872,0.00989335659563045,1.1470344445922158,0.7167295350384222,0.6985985167098768,0.1567596643388545,2.1568051070878,0.8257641504680071
232,234,33,0.00218106516651019,0.0007850921437841747,0.03556708658509182,0.006574482605061706,1.05253395076954,0.37057378746958375,0.7822176434777,0.11826837758185411,2.1311875292749116,0.4837036177551817
233,235,33,0.003179803649386899,0.0012928419206872947,0.04061054229510553,0.007667891425500535,1.0839876306779457,0.3878613388830349,0.7540668538122466,0.10747245065386371,2.128602374683727,0.40460930332028244
234,236,33,0.002108777248808606,0.0007914529263319933,0.03176099457072489,0.00487680625972887,1.0482298623431812,0.23199390338156017,0.7160466909408569,0.05340153279614636,2.4203080480748955,0.21741927007379658
235,237,33,0.00048769056968122834,0.0002479632964641644,0.016296879896386104,0.0018196399484520995,1.156719474178372,0.6776535779596596,0.7889023125171661,0.12034315787378828,2.5628815203002007,0.38926235670259157
236,238,33,0.0014151104630648413,0.0008472098918124524,0.027115635686751568,0.004864303788661868,1.0802312538479313,0.6076519906250383,0.7527293319051916,0.11583538261019215,2.093471151409727,0.3552322448592712
237,239,33,0.0023754349994388494,0.0006554029688491766,0.037435193743669624,0.004315650623472942,1.0057207418210579,0.15918180451229672,0.775331872882265,0.04102599889601816,2.6709087617469556,0.175780407831009
238,240,33,0.002288143139925193,0.0004349320664629617,0.03686001513040427,0.002631281328699392,1.045340491063667,0.19691429630366203,0.7880947662122322,0.060177339065047346,2.469629309394143,0.20648825618296915
239,241,33,0.0037136011471209877,0.0028014237705148324,0.032101822226788056,0.009418600729533435,1.1875931078737432,0.7495860684400009,0.6034385841904264,0.1338762033885356,2.118386351700985,0.4193099165072091
240,242,33,0.002408723717301407,0.0004205651489318041,0.04109322093427181,0.00398011776401325,1.0604139566421509,0.26035516374722584,0.8606879675027096,0.07175705686789104,2.849574161298347,0.341856158675326
241,243,33,0.0021045714101725907,0.0009271738032830667,0.035277093393784584,0.007050074898201101,1.019476634083372,0.23597574163046692,0.7933358351389567,0.07429644240681407,2.792271455128988,0.29730359081023017
242,244,33,0.005106249074081213,0.0032469260617255112,0.04342421965504235,0.014565545675301486,1.2130640119765743,1.532144590666015,0.6566699490402684,0.22805968869651583,2.638193116043553,0.7755482971908858
243,245,33,0.002530096349249961,0.0008730349638567549,0.03352923155056708,0.004913586353838151,1.0699385964509212,0.33791272521472626,0.6936357527068167,0.08665611427291214,2.068125428575458,0.31227264330463533
244,246,33,0.0030120696491477165,0.0008978203483526609,0.03176752912501494,0.003254172387826692,1.04473703919035,0.33472897455835804,0.5895617270108425,0.06945439580317023,1.9070865421584158,0.23524925383652706
245,247,33,0.0030843800949779425,0.0006461430735906333,0.045198620607455574,0.004695524028133037,1.0281610145713345,0.16055770682725795,0.8270597728815946,0.059917467870848076,2.17506954164216,0.20979937210268088
246,248,33,0.001145183110510874,0.0010374777974909394,0.025600981644608757,0.010088046284353936,1.0306348656163071,0.1639058141382463,0.8099816062233665,0.060425474741583156,2.5593709765058574,0.5960946224547563
247,249,33,0.005691301246935671,0.0017369185819483331,0.05432698751489321,0.007959040700144462,1.0512457724773523,0.24222025472694778,0.7403108730460658,0.06770014260142129,2.57583296660221,0.24002905367170013
248,250,33,0.0032811359304821854,0.000709683134087809,0.04207075240485596,0.004508586975901789,1.015461397893501,0.18903567896804138,0.7404006159666813,0.05609315180440816,2.4596143274596245,0.2246150930373774
249,251,33,0.0029914069172898025,0.0014632351744629632,0.0330126119043791,0.005172391538283106,1.076072782278061,0.42602858132448773,0.6426458990935123,0.09664349576788694,1.9867051261844058,0.2581207964371622
250,252,33,0.003453650956296108,0.0007451218491218138,0.042018408915310196,0.0045645079831956705,1.0376413139429959,0.20917208536300833,0.7278405825297037,0.07142867642613027,2.608983632290002,0.24398601010173415
251,253,33,0.0017863704565432713,0.0004753558508546324,0.03170557337051088,0.0037054443339868174,1.0401212401462323,0.30050171245645824,0.764186624324683,0.09859186645610339,2.086580345124909,0.2981176193029384
252,254,33,0.0010079212088109643,0.0005745352895507733,0.02395429676680854,0.0038807104301009083,1.0121637366034768,0.1905833932211671,0.7992510813655276,0.08464590639806882,2.764473655007102,0.3924413866772328
253,255,33,0.001124912430179503,0.00022084984414737,0.0282141568534302,0.0026802072028111194,1.0235878229141235,0.19896869613081264,0.8531580784104087,0.08700563078409372,2.601609641855413,0.3480960495005578
254,256,33,0.0016067152662964706,0.00023706616162218192,0.034279502871813194,0.0023806838997757073,1.0392388737562932,0.1684372490576063,0.8718308553551183,0.06383172759043007,3.1575311097231777,0.2508297521342928
255,257,33,0.0009922274286068525,0.0002330229254218932,0.024977928535504776,0.0018751522331012095,1.0302827249873767,0.17337097032895277,0.8110638567895601,0.06979612576060028,2.3237185153094204,0.3321828114617901
256,258,33,0.0006556089184331623,0.000448159065599061,0.019281739961694588,0.004307018013701332,1.3236484464370843,1.1397511862285528,0.8616481098261747,0.25069446661874356,3.0844032041954272,1.1806372885934433
257,259,33,0.0026875599393282423,0.0007561626054473124,0.030794087063634033,0.003459767232386039,1.0010761564428157,0.32369962258320967,0.5925488679698019,0.06275664410537136,1.7737354690378362,0.2393865961094464
258,260,33,0.0017549827356230128,0.000678854011704166,0.034079923435594094,0.0028879497558172915,1.03710845654661,0.45829119765669285,0.824064269210353,0.11013842613542012,2.6283395796111138,0.29411628602469747
259,261,33,0.0010769943632608788,0.0001794727280747087,0.025968368644967224,0.0017436608367608233,1.0221877423199741,0.12973882098122078,0.8020475271976355,0.04954443752498842,2.4754410006783227,0.1676283271318786
260,262,33,0.0028690705463911095,0.0007311826756041785,0.036458143456415695,0.003470011258742283,1.0451184908548992,0.25221206763996223,0.6975084759972312,0.05771843741022211,2.354202230771383,0.21607861682714485
261,263,33,0.0021283060575087525,0.0016182153062499064,0.02385623199921666,0.005928343087041872,1.311726383187554,0.8239801813640089,0.6192324098312494,0.1368191138643032,2.14254794698773,0.4810799140708385
262,264,33,0.0042436230843040075,0.0008875706417857782,0.04697531935843555,0.004960432557277683,1.0848967198169592,0.17102617196543282,0.7527676893003059,0.057557449623954086,2.2551309737292202,0.24013146688571083
263,265,33,0.0004752357463902709,5.9849144545236534e-05,0.01828477923955881,0.0014192248140376979,1.0240858919692761,0.09990175733685602,0.8490763360803778,0.04745363538007791,2.8197750683986778,0.16482634622771272
264,266,33,0.0044944080326593285,0.0009897314299916935,0.05012125341278134,0.006462627915389143,1.0277525150414668,0.22607768516813123,0.7561409310861067,0.08202628386743124,2.1982828703793613,0.2834194851673424
265,267,33,0.0010512964553058598,2.750265373449711e-06,0.028365460817109455,3.640137324452898e-05,0.998919994542093,0.009289005846155962,0.8743556123791318,0.0040822982556763384,3.175405567342585,0.0072648459962651665
266,268,33,0.0019345439257890437,0.0010024727616155008,0.030461172742599792,0.005778759962046749,1.0866288958173809,0.372556285700166,0.7387106174772436,0.09968061398439727,2.342709371537873,0.31183336628657976
267,269,33,0.003179607627151365,0.00211381474316356,0.03283496392947255,0.006630782483085363,1.1161310456015847,0.6888430982074507,0.6211572442993973,0.1286662553264716,2.0117312814250137,0.3667199182939801
268,270,33,0.003329855654473332,0.001820284532435482,0.041149323185284935,0.011040436120661513,1.0440622468789418,0.28188100003810446,0.7462977261254282,0.08736690994315512,2.05037327968713,0.27305572850759235
269,271,33,0.003264216579158198,0.0005229692644740673,0.04355410531614766,0.0027528549199300166,1.0313507336558718,0.1672722891139053,0.7749596220074277,0.05978744000690843,2.3710713386535645,0.23944340117647986
270,272,33,0.0006866140889046205,0.00016715593605969243,0.021519146012988957,0.0010950176332966174,1.0437486243970466,0.2882166641789922,0.8373677748622317,0.05203591852951969,2.952846881115075,0.16275282680891073
271,273,33,0.008099651888407992,0.0024233696781592574,0.06623701977007317,0.01173372111160827,1.0082573294639587,0.21310153812315852,0.7421592148867521,0.07701354797778291,2.1204108613910098,0.23266311420475486
272,274,33,0.003348843850703402,0.0005409093140737222,0.037968040302847374,0.003025314079766559,1.0141066963022405,0.1431516337365367,0.661008155707157,0.03703245526481229,2.4255698521931968,0.15215067459653572
273,275,33,0.0023615462917157197,0.0006751066172455805,0.031833664711677666,0.003462226652560214,1.1003623911828706,0.3359347759404008,0.6867637634277344,0.07717786657242899,2.2044816161646987,0.2534537629670368
274,276,33,0.0024099978900542765,0.0007593416556894316,0.03318817253139886,0.0068475117630837825,1.1103812076828696,0.3422832745403214,0.7071290955399022,0.10842914790375753,2.1080507040023804,0.24785713337585852
275,277,33,0.007337989257366368,0.0017596582222254313,0.05545695080901637,0.008129023057091374,1.0260229950601405,0.1964183961951515,0.6553837702129827,0.05820397198410236,2.65648403673461,0.2659612930368869
276,278,33,0.011341762644323435,0.0014279095924218646,0.07862035749536572,0.006092615516627798,1.0112650566028827,0.12454597740004758,0.7416866530071605,0.039651070909892845,3.3201879082304058,0.22450429160775784
277,279,33,0.004344757780376257,0.0011919688373050574,0.04211974527799722,0.006356201318028399,1.1142799438852253,0.289424579781543,0.6741571715383818,0.08406000326745652,2.187674287593726,0.30476705733002224
278,280,33,0.0009933795637070116,0.00019987898506101161,0.027229188743865852,0.0033220235993733954,0.9779994930281783,0.13521256732556583,0.8576259016990662,0.061327429089076006,3.2815396496743867,0.277335730616018
279,281,33,0.0007327652137698324,0.0003155021186425089,0.02078583859132998,0.004991506142049608,1.099568901639996,0.38167824027548963,0.8052205533692331,0.10870781625284505,2.64518404006958,0.39459106895486024
280,282,33,0.0017687768243680087,0.0036268381623313552,0.016861006758655563,0.009750976040251089,1.4884516820311546,1.9433304721608875,0.6951202840516062,0.2484471171723859,2.63141649238991,0.8611724673128784
281,283,33,0.0016278854454867542,0.0007537013274058437,0.029777972140547,0.004128713749199578,1.0353150747039102,0.429471456890597,0.7605369741266425,0.1134594197448341,2.3756123708956167,0.3154332101790716
282,284,33,0.0015424203787309427,0.0004027945641517572,0.027592787011103195,0.0027313701988855832,1.0572250675071369,0.306599742719972,0.7206864013816371,0.0887603265313815,2.194911591934435,0.2743199956349039
283,285,33,0.002357897597407414,0.0017964023158699438,0.037161939523436806,0.014275373197928253,1.162983067107923,0.5602719867267884,0.8425043333660472,0.17867056245291327,2.7828840270186914,0.714174509369279
284,286,33,0.0035105629270247214,0.0014155074190322766,0.043354817242784935,0.00961317077153212,1.171703734181144,0.5137510211548225,0.8087728095777107,0.12697633789853785,2.3602742751439414,0.669516300323083
285,287,33,0.003370722085519722,0.0008704401829916583,0.04187991763606216,0.004892639636878127,1.0764810587420608,0.29818623677722494,0.7468809666055621,0.09368909092911455,1.9057479663328691,0.2364198907561548
286,288,33,0.003982759994511126,0.0015603740955740986,0.041724931448698044,0.009940180470491566,1.0761638780434926,0.4607945385366702,0.6756432742783518,0.11145990762554701,2.0677700223344746,0.33023332897329954
287,289,33,0.006721166780952251,0.0009023314811869979,0.06617468268130765,0.0044003185312084135,1.0260094765460852,0.1723258677818457,0.8168987577611749,0.06596400405562622,2.6044105544234766,0.26924143338186785
288,290,33,0.0031627269997967014,0.0007691572368654117,0.04253024596608046,0.003442756149195083,1.020672234621915,0.22754878908592555,0.7642622734561111,0.057765698195982575,2.4661506378289424,0.22552388643660504
289,291,33,0.002174033758682058,0.0008914537100570869,0.031817374638084206,0.004528481023233527,1.1177809111999744,0.46293541754055434,0.7216822450811212,0.06919778010082375,2.6673738450715034,0.26434839456341636
290,292,33,0.002790410618410643,0.0005372257059146787,0.03287194133030646,0.00293591070660164,1.065071221553918,0.23736566055585515,0.6408051252365112,0.0589756798700431,2.186965812336315,0.22090752318699575
291,293,33,0.0017206664232424264,0.00021559898979602184,0.0365163211456754,0.002918982258493567,1.0046497348583106,0.09946355698606581,0.88255979978677,0.05455475689299243,2.7617417465556753,0.153948195700416
292,294,33,0.005310966615621565,0.0024633999486553195,0.03982115418396213,0.008634140233673471,1.1067817743980524,0.5463758895592827,0.5804452751622056,0.1128310579000864,2.0017970728151724,0.3818784931118393
293,295,33,0.0019297789231958714,0.0018367507155323554,0.02853693796152418,0.012126631299314551,1.1745992203553517,0.8599375895274232,0.7784522157726865,0.17776185967578986,2.408907669963259,0.9179764028365376
294,296,33,0.0023994495788814893,0.0011012267654696782,0.036480254578319465,0.008653759434293414,1.0379823048909504,0.4104866874081714,0.7670260866483053,0.10266968460797195,2.730390530644041,0.3925461746069738
295,297,33,0.0035096118120815267,0.0015726976249614613,0.03896784398591879,0.006129785370735883,1.1349334689703854,0.654594065013816,0.6934385408054698,0.11538096898960569,2.226446863376733,0.4086724570029501
296,298,33,0.0021178336164942293,0.0007684742119724767,0.033785045090498345,0.004765595226036561,1.1224750162977162,0.4711292063290681,0.7814928130670027,0.12326411379400472,2.1785989566282793,0.6325913725509636
297,299,33,0.006186024469295235,0.0011474164630476324,0.06208759659167492,0.0061412414854273,1.0812418695652124,0.25529281690455247,0.8182309287967104,0.08531426550450713,2.147242636391611,0.2753055885451347
298,300,33,0.0009178780971772292,0.00048144020398788916,0.025965478497021126,0.003260827507207346,0.9891022732763579,0.08888911412911282,0.8780914797927394,0.055087710456157284,3.105662475932728,0.23329369661343216
299,301,33,0.0017260365861919568,0.0008797038692151158,0.030278178214123756,0.0068041154505693174,1.037485706986803,0.40024449430539755,0.7542834471572529,0.11576843492950631,2.5962985428896816,0.4248324984723102
300,302,33,0.0001846292844592509,1.3208663259792447e-05,0.012330036328145952,0.0004973758063512602,0.984936566063852,0.05556541874230103,0.900739003311504,0.029466832651136938,3.272181561498931,0.16873357464729002
301,303,33,0.0017602328285151584,0.0005758791959025344,0.03250254538248886,0.005185878495930234,1.098738345232877,0.3408467626648447,0.8151032238295584,0.11063748417149682,2.494077682495117,0.41026770538543567
302,304,33,0.005825488746984664,0.003551965160563771,0.0449877062417341,0.012311469593531387,1.1677146495291681,0.5483418385250338,0.6439150057055734,0.10662459895906913,2.415842641483654,0.406833950698408
303,305,33,0.003783901881737014,0.0028140322309367473,0.03581580739806999,0.01182682231026036,1.07386405359615,0.5085833611571035,0.6158656062501849,0.12158421285708085,1.6076681722294202,0.35473165923835104
304,306,33,0.0019514165257781067,0.0006043721706750748,0.027465513963816746,0.005270241500269527,1.0263965780084783,0.26594673652755996,0.6281885342164473,0.08104335422285842,2.5331160697070034,0.276920261003813
305,307,33,0.0008953462053217332,0.00036299835500137417,0.02509014785402652,0.004330926600519319,1.1578379905585088,0.44569528642309075,0.9068933978225245,0.13561210361397952,3.191679246497877,0.507247085148872
306,308,33,0.006343467499722134,0.0016503531232067656,0.05106277176828095,0.007621160660134183,1.0562503337860107,0.3011522846672065,0.6553824932286234,0.07993356584565804,2.2438250707857534,0.27358198488759083
307,309,33,0.0006292245190266068,0.00025807600417249605,0.02127732014791532,0.004316052424252637,1.046094896215381,0.24330508992578873,0.8815089644807758,0.09521362521768613,3.4066603255994394,0.38442459092155895
308,310,33,0.008215173105285927,0.0039203587222865705,0.061601379491163025,0.011480238607274268,1.0804558631145593,0.43533474217020246,0.7070275743802389,0.09993186125392506,2.0961771950577246,0.31189641554773734
309,311,33,0.001543133928807396,0.0005027585250334399,0.028596680837147163,0.003070693907599804,1.069451832410061,0.338074270931846,0.7592288201505487,0.09343565076500698,2.3152233470569956,0.3900362914190005
310,312,33,0.00544027418998832,0.0009433497496177482,0.060074994058320015,0.005158484657471872,1.0316231828747373,0.17964059404459742,0.8269602493806318,0.0697709465502573,2.303077802513585,0.24989209123338435
311,313,33,0.0013187687674706633,0.0003048018902682886,0.028717543308933575,0.002329736532473062,0.9938868844147885,0.2547228588043925,0.7869136730829874,0.07651870922356757,2.713783293059378,0.3335177504651759
312,314,33,0.003922884086602029,0.0017666721790224739,0.039950350440587055,0.010165376452577814,1.103378870270469,0.402380352767313,0.7012146458481298,0.10510105993003187,2.4715972994313096,0.7930608063036263
313,315,33,0.003436528335000868,0.001741162679459021,0.031887791881507095,0.0065620762244967875,1.1808785525235264,0.6665279946058322,0.5908672791538816,0.13090017358349126,1.9350656523849026,0.4239908262531197
314,316,33,0.005063620776954022,0.0016294047217617835,0.05501916790098855,0.008671756730269674,1.0915300087495283,0.35544458387241745,0.8068309408245664,0.10029642633367954,2.164377288384871,0.28740618014982455
315,317,33,0.0032510484716939654,0.0015892768265150987,0.044321477695396454,0.008543542888181774,1.1641238440166821,0.7287277251439106,0.8393832770260897,0.15078852810916524,2.7374533595460835,0.7518605406076568
316,318,33,0.007302905623377724,0.001460145644588682,0.07112737033854831,0.00838962587807,1.0769372889489839,0.3221002547850099,0.858883382696094,0.10455864751203583,2.4740715171351577,0.34132933070099486
317,319,33,0.0033947076634362793,0.0010106829498207261,0.03982699318139842,0.004741676856702457,1.0262909098104998,0.2422052572800233,0.6971703117544,0.06708704562888579,2.5408214366797246,0.2365987907275353
318,320,33,0.006209618517790328,0.001425480228778059,0.055003106481198105,0.006206870924575387,1.0564297220923684,0.25828699361230945,0.7163871382222031,0.07696225829766196,2.628252159465443,0.26307148265755387
319,321,33,0.0005480349557756474,0.0005286338442034171,0.017866734471736534,0.0013632178732286848,1.1608172763477673,0.7485781914614731,0.8459167986205129,0.1432706448361491,2.9917033802379263,0.4338731121492861
320,322,33,0.0031397457492086246,0.0013676732742685142,0.029425944850751846,0.004947786607649038,1.088857557737466,0.3911981638352521,0.5580312609672546,0.09171794708829265,1.7275723760778254,0.2583655092129469
321,323,33,0.0007224507373228499,0.0005387044107349643,0.018532960280550247,0.005296582591402822,1.2189835002928069,0.7209562824098651,0.7721000945929325,0.14304809795600898,2.7418762481573857,0.5723259304806453
322,324,33,0.004954449846550371,0.0011853113111750398,0.051294845162015976,0.00723203102462884,1.052251373276566,0.23721577038831237,0.7466062235109734,0.08974639254342945,2.0006401538848877,0.27413292195067746
323,325,33,0.006235463495338054,0.001827940812447107,0.061172383752736176,0.01068641714536446,1.0233025966268596,0.2101427133787102,0.785334971818057,0.06330606322508173,2.7308720241893423,0.22301386017125127
324,326,33,0.0074226870765966,0.0013332833847432674,0.06941530368093288,0.006609871898346176,1.0409359498457476,0.19881014866618296,0.8208668358398207,0.07091878864576139,2.0912428480206113,0.1847313799452334
325,327,33,0.0008713915877072423,0.00021423909842140844,0.025574350898916073,0.0022915649437218405,1.0446289362329426,0.22911846097425487,0.8882637619972229,0.08482216187243927,3.070849794330019,0.39486557690094765
326,328,33,0.004238565836920206,0.0010556855396887353,0.043805416504090484,0.006259978579395121,1.0393326165098133,0.2624563933410312,0.6853483274127498,0.07049947132378376,2.5731267603960903,0.35251188358482105
327,329,33,0.005426627100501774,0.001753420108404046,0.058461750547091164,0.009391374762203905,1.6303784901445562,3.1481219646271557,0.8909727344007203,0.4040499057254293,2.985302473559524,1.5503299326861237
328,330,33,0.002707559989313736,0.0006040613858607547,0.03860079361633821,0.003715422956020703,1.1142172379927202,0.2951024435819321,0.7816581184213812,0.08631979656554759,2.088787039120992,0.3174303329319777
329,331,33,0.003908406749057273,0.0016904881530700523,0.036313191282026695,0.006328552529138001,1.0969913574782284,0.3606680100202605,0.6156706250075138,0.0706117766789754,1.8206754128138225,0.26638471776015776
330,332,33,0.004766783705263427,0.002914905130503278,0.038342075986844124,0.012932331782358438,1.091195298641017,0.41597925727050844,0.6668972896807122,0.1532722460598464,2.5336809808557685,0.5416389254688095
331,333,33,0.0010480910855359539,0.00022659365999441302,0.026383551063411163,0.002514347039911143,0.9869194771304275,0.13720540376589235,0.8138886039907282,0.05458071599577302,2.815762740192991,0.37772158093162583
332,334,33,0.006057854487814687,0.000914740256611643,0.06746619578563806,0.00502297953170641,1.0398630048289443,0.16598365632738094,0.8831827207045122,0.06396578254856639,2.571353464415579,0.22261617115742932
333,335,33,0.0018240017834063055,0.0004466514806056708,0.02875350144776431,0.0024497674114383966,1.0344694780580925,0.25435867248892685,0.685271599076011,0.06603605308485827,2.2213991663672705,0.23205418190028776
334,336,33,0.0005028839597908893,0.00018557169452965508,0.018804935230450195,0.0030783957533019836,1.0974584673390244,0.31188992475119537,0.8880265607978358,0.11189304161535023,2.8554330124999536,0.39147976082207625
335,337,33,0.0012084351037628949,0.00029304658518857955,0.030064737819360966,0.0015596823510609322,1.0370329708764048,0.319470468545837,0.8763776249957808,0.09852946286922529,3.064695697842222,0.28567381891675464
336,338,33,0.0029025524995769515,0.0011253226089756399,0.038603177294135094,0.00476932871685331,1.0607626727133086,0.36457818835053907,0.7468023553039088,0.10060065382704747,2.330198880397912,0.3364186749725516
337,339,33,0.0033570297880831995,0.0005755112882812265,0.04165580721967148,0.00358338487744235,0.9963180729837129,0.17043730161997944,0.7164861541805845,0.052100004296049864,2.823893756577463,0.21475996674011447
338,340,33,0.0008745521613904698,0.00012787079040241662,0.02492504273400162,0.0012875167562304527,1.0267072067116245,0.22354501602119023,0.8518762751059099,0.08049697872391903,2.736925558610396,0.3079980339171264
339,341,33,0.0007666110300995184,0.0006780837974155788,0.01886194935915145,0.0036905046446616555,1.189657102028529,0.5233058025729614,0.8130928404403456,0.13436763385540934,2.9458832487915503,0.5014749152684476
340,342,33,0.003430476306344975,0.0005870784460977471,0.043567105676188614,0.0033437694194443893,1.0375615936337095,0.17884332126891084,0.757484105500308,0.056645600200761606,2.3744517022913154,0.18331221288959562
341,343,33,0.003108384292290518,0.0005080195957692464,0.04295721830743732,0.0026035867036642633,1.0214420033223701,0.1248947803291344,0.7807547522313667,0.04268677808496123,2.7305268374356357,0.17594347935481242
342,344,33,0.0035923992161935366,0.0012953583716910902,0.041805636024836335,0.007653012016755283,1.0286306404706202,0.21611881040228376,0.7181298940470724,0.08377614795695208,2.2620263569282764,0.3001543468100486
343,345,33,0.0005388441504416705,0.00014095918125311835,0.020318716087124565,0.0019601426084678193,1.0415295163790386,0.3409483348940657,0.8905861468026133,0.10450734294087576,3.0436473976482046,0.327589877745832
344,346,33,0.0033238678006455302,0.0010367750705379734,0.038421019968209846,0.005113244853301194,1.0046742730068439,0.3012454044383443,0.6685035960240797,0.09707617477542684,2.3296259172034985,0.314785477622884
345,347,33,0.0010970268208025532,0.00026944742718558256,0.025626935572786766,0.0025393459722384795,1.0594688780380017,0.2175632938439614,0.7982615702080004,0.06617542041804406,2.8280863147793394,0.41535073062458894
346,348,33,0.0020109706974560113,0.0005582072333644334,0.03791045019346656,0.005435412759593495,1.050895262848247,0.15761254833998212,0.8736304731080027,0.05927044103111697,2.9572668725794014,0.32721660913875494
347,349,33,0.0012228839244044414,0.00048486658117799926,0.02588649257791765,0.0023328932274942885,1.102486783807928,0.47709129437620706,0.7738893068198002,0.08928273426310022,2.5861650452469336,0.2649890978904426
348,350,33,0.003975837893614715,0.0008758213430277804,0.04395787903305256,0.0043583690587523805,1.016503464091908,0.2568799197768817,0.7018746842037548,0.06634236574574896,2.3322669195406363,0.2536353792737434
349,351,33,0.0017027407267243798,0.000568347917855614,0.028850743208419193,0.004516542444117572,1.0870845245592522,0.3429132508896845,0.7306747346213369,0.11776995655543585,2.5695153294187603,0.42697141108611725
350,352,33,0.005937566313977269,0.002506665489094356,0.057190043569514244,0.014305266008411924,1.0497335159417354,0.30606954642304013,0.7700132763747013,0.10194155818119505,2.2518204125491055,0.3141272224955777
351,353,33,0.0024547000412536418,0.002040648959625647,0.023021310596077732,0.008508710367338574,1.4269420075597186,1.180854893618255,0.6116258673595659,0.2059493235503602,2.039631825504881,0.674205280009902
352,354,33,0.0033444012116171616,0.0020933866122479243,0.026561494521570927,0.008509791294389363,1.3349027863957665,1.117085527732983,0.5395119632735397,0.17333406637259824,1.814145590319778,0.5837431056239446
353,355,33,0.0015562582200139084,0.000750178987746839,0.027643984973882183,0.00416819139786994,1.0609003070629004,0.42080544235895195,0.7372255289193356,0.09904744722728212,2.404943635969451,0.38933337845800803
354,356,33,0.0020772588940224414,0.0017046400407797274,0.03379847876953356,0.010654089006555878,1.0619038596297756,0.33631812240561576,0.83199701164708,0.1233952143232378,2.7937674269531714,0.6054527625687917
355,357,33,0.0010128234368466744,7.032765308660595e-05,0.028484682016300434,0.000867725635213462,0.9605907436573144,0.15800667278728903,0.8742393128799669,0.07554623838748936,3.28438333309058,0.24474417967226536
356,358,33,0.0005663225099190392,4.50539796661458e-05,0.021017390049316666,0.0008403394875957518,1.0030182961261633,0.07585811822826541,0.8845364993268793,0.03177964176356615,3.2095212286168877,0.28161007988777115
357,359,33,0.0019277819153626986,0.0009028026085156123,0.030348472466523,0.004312410013903343,1.0552410609794385,0.36543206129960537,0.7231980905388341,0.12335979165208738,2.3606324231985845,0.41364659609119875
358,360,33,0.0016919318057427352,0.00031500056810345297,0.0340460677715865,0.0016270649030850624,1.013635344577558,0.2642007973112455,0.8291216293970743,0.07078174358773731,2.739939165837837,0.30452239703617817
359,361,33,0.001373556114479222,0.0003911010071918076,0.023178039908860668,0.00228738971409366,1.083697688398939,0.34398848330335485,0.6499724315874504,0.08113409386219919,2.130713954116359,0.2770036764360845
360,362,33,0.0008520474569222918,0.00020161219673422808,0.02294470759277994,0.002313295996524374,1.0176022612687312,0.10690973205066923,0.7987699002930613,0.04044375036534695,2.915455586982496,0.16270983241490988
361,363,33,0.0027369371082661955,0.0013438005732186987,0.037360710628104934,0.008286874952560632,1.1233874740022602,0.7566987529042087,0.7785846184600483,0.1856840539869258,2.5379303296407065,0.7735229104652035
362,364,33,0.005761310676902984,0.002470334777400403,0.05311150611801581,0.009439918585665601,1.0811372381268125,0.26667264900124193,0.7398265166716143,0.07555220552063202,2.5152098590677436,0.27804368316718403
363,365,33,0.0010470428087776809,0.0002538640384002429,0.026488959619944744,0.00359972471934996,1.0195915283578816,0.18343082294597157,0.8293765331759597,0.0703268494779257,2.7663973678242075,0.3287124067362376
364,366,33,0.00804218596242594,0.002738092998419529,0.06221964865019827,0.011420879160927913,1.05845804828586,0.3155902439844099,0.7117480906573209,0.08785743013948423,2.235537178588636,0.2790037859743725
365,367,33,0.0008269335376098752,0.0005673371686831178,0.020261200878656273,0.003968000417103635,1.059777229121237,0.3807926594026696,0.7792847228772712,0.15057209948365372,2.5999052813558867,0.5805952636370566
366,368,33,0.0007111928434548618,0.0009406369335956014,0.016614688391035252,0.002914222102996434,1.428363002610929,1.5955087019657197,0.7596296668052673,0.1404571366224953,2.991421670624704,0.43602985293749075
367,369,33,0.0027699289264891186,0.0010816308511542977,0.031991979643476734,0.006598093353845279,1.0688172307881443,0.2789130885139947,0.6324963334834937,0.06463410640608562,2.4471830888227983,0.28783057491992015
368,370,33,0.0005111569939110653,0.00022602931922245732,0.017737206410277973,0.0025170648692973306,0.9351722268444119,0.4576700356739047,0.7570134618065574,0.15038615707631406,2.4503578055988657,0.43876861393921524
369,371,33,0.0005026825376923873,0.0003198512577003814,0.017009416679767044,0.0054443498000891245,1.19351814642097,0.6998901315150499,0.8350590052026691,0.19292732939402452,2.6157004688725327,0.6587586353373398
370,372,33,0.001202713211321018,0.00017030155132687706,0.0278434900171829,0.0016183920644709366,1.0178465951572766,0.16423224321170143,0.8094711628827181,0.05590941373307979,2.5820132819089023,0.17323542684352586
371,373,33,0.0032236513004384256,0.0013280327593494252,0.03318051056879939,0.004778200389717254,1.1247546302549767,0.36499381322024727,0.6203289537718801,0.0637280260358959,2.378791686260339,0.23466114069066007
372,374,33,0.003410899355499582,0.0007257706888091608,0.04138360612771728,0.004699593520183148,1.0282237005956245,0.16954803077395264,0.7194329409888296,0.05107154051634304,2.782924420905836,0.213465200177797
373,375,33,0.00389535927608835,0.0010980066116285797,0.04139805602079088,0.005249944084139655,1.1216150793162258,0.4911740281229536,0.6947537570288687,0.11583588929602974,2.500568794481682,0.5279851492297458
374,376,33,0.0021797648496982274,0.000543334370387015,0.03492874623925397,0.0033198352494815814,1.0474903005542178,0.23879420431857723,0.7689753445712003,0.08132673975663329,2.3993628566915337,0.3497262446234994
375,377,33,0.001359868964011019,0.0005856303410830809,0.03012441409130891,0.006288208877468141,1.1037255670085098,0.5214194367802429,0.8623946182655565,0.17207727972028375,2.838717081330039,0.6563980605816532
376,378,33,0.0021255596498535438,0.0010706638388377123,0.029331580651077358,0.005646802549502687,1.0608473420143127,0.3534355593575895,0.6720260128830419,0.0827085036586732,2.2844882264281763,0.2784837071122601
377,379,33,0.0025868451268637946,0.0010912831814597185,0.03332699558725863,0.0071614065509822975,1.0488768219947815,0.33546155366737,0.6852272459954927,0.11160154993196257,1.9090706254496719,0.44658856070587843
378,380,33,0.002430560434180679,0.0012386727355577082,0.03047766632428675,0.004982047150684996,1.085962044470238,0.5816398056154316,0.6403457513361266,0.12102508177723638,1.9132718895420884,0.35710105623761307
379,381,33,0.0023019675087804594,0.0003967729146581076,0.03845431260538824,0.0031226945439869675,0.9935060739517212,0.12932103456368604,0.8005518317222595,0.05144353075546998,2.571431181647561,0.20389010958880868
380,382,33,0.0030933617346101637,0.0010180385634825317,0.03549820749145566,0.0041550229588606016,1.0004376371701558,0.30087905858350533,0.6403354821783124,0.07454327916617431,1.7575950261318323,0.20884182094241968
381,383,33,0.0009828082208211224,0.0002718437852439819,0.026045206821326054,0.003554416552170894,1.0269935230414073,0.3186229183391806,0.8389840270533706,0.11635207356867186,2.5252244255759497,0.4183136209045219
382,384,33,0.004235595233639646,0.002077297954014258,0.03598297641358592,0.008694293763708469,1.0487119623205878,0.4202933120638758,0.5674336624867988,0.08276997346128177,2.1110455484101265,0.315454326509653
383,385,33,0.00129416277702672,0.0006429773580095014,0.027684519462513203,0.004421333381953889,1.013499143448743,0.2627762687175013,0.8028927337039601,0.11363771678297607,2.560943607128028,0.567582258495002
384,386,33,0.0011655926602102365,0.000328464641433755,0.02558278049709219,0.001987359838397832,1.073217460603425,0.30494837103445316,0.7768803582046971,0.0720038415328997,2.550798271641587,0.2495055384514191
385,387,33,0.005570196102119305,0.0015910808551037343,0.05086791808858062,0.007389853057436423,1.0658933610627146,0.28874538839843483,0.7051167153950894,0.08115297659176152,2.6963879050630513,0.3375511306351879
386,388,33,0.0010054895846582385,0.0005516490028194105,0.024183659814298153,0.005975013141498481,1.3077964547908667,1.084011774751376,0.8708834160457958,0.1618145694613972,3.051594929261641,0.6456265001934315
387,389,33,0.001437764630695297,0.0008131539841261244,0.02019034402275627,0.0037124744451630296,1.1489279346935677,0.6916796532061311,0.5644407109780745,0.10478298765863399,2.012842868313645,0.3028974201912262
388,390,33,0.0059933577607752695,0.001083208010893592,0.0554877214811065,0.005600970515961612,1.0771293387268528,0.2560511996413813,0.7414564959930651,0.09011960085561728,2.062762282111428,0.33590356312277153
389,391,33,0.005477301839908416,0.0028385086994045837,0.049809850780575565,0.01678969751369525,1.088883076653336,0.41589089392998485,0.6940006776289507,0.1465886168242761,2.0410844340468897,0.39394379922964506
390,392,33,0.0008310879012710894,0.00013979525697457819,0.025969252893418976,0.002495497965786681,0.9919786322297472,0.21111668566345676,0.8954391578833262,0.11610442586065076,3.2348443883838076,0.2946176302286586
391,393,33,0.004245500909305658,0.0015098967214961796,0.03317210044373165,0.0064998936334324615,1.2196679336555076,0.6580865434892463,0.5479247859030059,0.10666015932916025,2.1270263158913814,0.3751733374838946
392,394,33,0.004771881119460996,0.0014409723119117902,0.04456940473932208,0.006480349290377978,1.0501230630007656,0.29237120519970355,0.6640453763080366,0.09699127572035263,2.5584643103859643,0.2636869986887276
393,395,33,0.005467845215179929,0.0013679448614164179,0.04677901851634184,0.006010345062752162,1.0266987031156367,0.2249005497470417,0.641018782601212,0.05667824098924226,2.5250211159388223,0.24321204157045426
394,396,33,0.0007319654757862515,0.00048616878044744906,0.02063184457294869,0.003254432014113628,1.1501104398207231,0.6441249845681989,0.8281704187393188,0.14923287761848406,2.564081979520393,0.495493161189916
395,397,33,0.008575647279168621,0.0021260417899068456,0.0670951535981713,0.009803434673578809,1.0466479713266545,0.2532535019988771,0.7381788510264773,0.08012310871194922,2.2721301822951347,0.27096851498713526
396,398,33,0.003920999475557244,0.0010295333347448876,0.03975383852693168,0.004247883055727877,1.0477098551663486,0.22213790660511565,0.6505552132924398,0.046204189601410345,2.3559177644325024,0.222959721242519
397,399,33,0.004504736632842458,0.0008717268140840853,0.04924046891656789,0.004714891769974799,1.0573134711294463,0.16452839759304633,0.7556673956639839,0.054875924522831646,2.2474179629123574,0.22542977867271266
398,400,33,0.0018135759931862015,0.001977665864456166,0.019519201366964615,0.007459702635100235,1.6999947295495959,2.678213390424653,0.59557748698827,0.2729013058257141,2.022196287458593,0.7922807268399632
399,401,33,0.004002570576796477,0.0011791926448317526,0.04550619107304198,0.005133295743180342,1.0614252849058672,0.3312786921918827,0.7427601507215789,0.07392369259919226,2.1363845124389185,0.22172374251602958
400,402,33,0.007731715795781576,0.0021483169651376225,0.061378264178832374,0.007976961875241757,1.0159346985094475,0.2871550455823325,0.7030634573011687,0.08303038899114114,2.0621516776807383,0.26151631511020734
401,403,33,0.005536181823999593,0.0020527340962794307,0.04344910089716767,0.0075869335695323975,1.0764994910269072,0.34133930227070397,0.6094156756545558,0.07075968386722445,2.370308615944602,0.29445115643993464
402,404,33,0.003970317690717903,0.0009684026304354451,0.041745785398013664,0.004054759567732841,1.0382856347344138,0.21074521834157864,0.6759493152300516,0.05102526177589381,2.4605721018531104,0.21718855718585747
403,405,33,0.0007227844502212423,0.0004856085939880084,0.021253340002713783,0.0018717482440756095,1.06825591488318,0.7431664466231449,0.8216288884480795,0.10806357469588004,2.872849132075454,0.3986981939273872
404,406,33,0.02495049061535886,0.005303107310632003,0.13377906585281546,0.0186527139561078,1.0326912041866418,0.17741280580098112,0.8594560641230959,0.07868212035629465,2.7730483214060464,0.3208000844032547
405,407,33,0.0006469508560698931,0.0003061173669024199,0.016499817456034096,0.0017477149345016152,1.0068264377839637,0.4475320881666318,0.655665066206094,0.09510055710439756,2.1530064886266533,0.3632224245139081
406,408,33,0.0006662283029237932,0.00014898183856568042,0.02170868076835618,0.0021096159222580625,1.0326943885196338,0.24154868554939077,0.8542013258645029,0.07333702816245603,2.6188328591260044,0.29826108743904833
407,409,33,0.002442153925640565,0.00031596919344727007,0.03871430106686823,0.002135607802914993,1.0297670219883774,0.15232826891418202,0.7942578539703832,0.051500414232514086,2.9255205139969336,0.20826198547341865
408,410,33,0.0016664278263113265,0.00036938910627090144,0.02952094759904977,0.0022066107218050492,1.0670567191008367,0.24258264393278253,0.7469797080213373,0.060715645035163135,2.4458574959726045,0.21827626417754845
409,411,33,0.0007669758880652035,4.3708769469305244e-05,0.024811245783260376,0.000838078989739233,1.0061629540992505,0.061711926081913226,0.8986177932132374,0.03242903158975417,3.097137754613703,0.13773283972894249
410,412,33,0.0046746440542240935,0.0011965405601141528,0.0478395719194051,0.006016708345743341,1.055419172301437,0.2304624641976792,0.7210873726642493,0.07838210595592117,2.3540019916765615,0.27742081584239414
411,413,33,0.013532689391550693,0.002819573409855497,0.07206609156547171,0.007518012388978809,1.0456830683079632,0.29292443459945416,0.6295517204385815,0.06836829733646516,2.3970444310795176,0.3524635944140147
412,414,33,0.0005863103997950075,6.860653992528016e-05,0.02078340354968201,0.0009598277492648189,0.9725715319315592,0.1536431636596572,0.8454422643690398,0.06171230483169716,3.002808209621545,0.25515014838882094
413,415,33,0.0005961091709182118,0.0001505373517860578,0.02024786388783744,0.002206838280813133,1.0569787802118245,0.28961074285623734,0.8500760865933967,0.06166376027375801,2.939649625258012,0.24740841949996564
414,416,33,0.0025829889275359383,0.000710472946558653,0.03681358830495314,0.00431646183077726,0.9988133871194088,0.1918859267573175,0.7294828873692136,0.05654897088573874,2.5780294447234184,0.21885181363759945
415,417,33,0.0004140520644741076,3.719629638043157e-05,0.017229875775449204,0.0008845769498727128,1.0202023061839016,0.08846887877905887,0.8552090941053448,0.039527091208112534,2.9499722972060693,0.26782327325688216
416,418,33,0.006896340676272909,0.004398185042379157,0.05502192930064418,0.021567573382203973,1.0199038268941822,0.2552330425078816,0.702498731288043,0.061949871612630866,3.044926126797994,0.3729232081653298
417,419,33,0.002072300606717666,0.00028707501453519404,0.04067407096877242,0.0026309491473527446,1.027851361216921,0.17500139584893643,0.9052842313593085,0.07072379743434036,3.2122613805713076,0.2196169116595119
418,420,33,0.004283543351586118,0.0009859562303048206,0.0437494773756374,0.004064381038450638,1.0320508263327859,0.17393655261737762,0.6806325515111288,0.04398862368191474,2.5079838868343467,0.20940986878095502
419,421,33,0.0023105355124271505,0.0009360080662902481,0.032909061646822724,0.004141372914538881,1.0709862492301248,0.4176493111059863,0.7120739338975964,0.11352077682618998,2.4462112874695747,0.37382389139736916
420,422,33,0.0018221184004549727,0.00045109066939369604,0.03598277411903396,0.004897281212542452,1.114007911898873,0.554839786298106,0.8747041153185295,0.15202154534458082,2.763648827870687,0.5523649045583972
421,423,33,0.0012641379364526294,0.000995372442527495,0.020238892259922894,0.004847553848139976,1.0301053982340929,0.499222297075652,0.6140658801252191,0.12360064004927405,2.2176645596822104,0.40934357138953403
422,424,33,0.003027827411918252,0.0009448470158618398,0.03264880011027509,0.005097671139835455,1.0563330722577644,0.3291106592208761,0.6092056144367565,0.07118551532126595,2.306704976341941,0.304445819739344
423,425,33,0.0012306259278292682,0.0006866928934178435,0.02588059583848173,0.009056568012059315,1.286653158339587,0.7546658829222612,0.8342081001310637,0.21585654507911683,2.8610584338506064,0.8590160039595356
424,426,33,0.0010111272920656836,0.0007508280748159651,0.01988792024327047,0.00383411457285788,1.2181315024693806,0.8323013656317877,0.6897605395678318,0.17322259513949384,2.1332369934428823,0.4508154621528872
425,427,33,0.004416631005535071,0.0008038832165385223,0.0508143286587614,0.004165239176587605,1.0296170856013442,0.17495044114715927,0.7760152726462393,0.055144383994123275,2.49867210966168,0.21898137462061787
426,428,33,0.0015046890458148537,0.0007560128463991433,0.026266311436440006,0.0048634044307556586,1.0973470897385569,0.42693666703792676,0.7294448830864646,0.11112727207517631,2.2988303394028633,0.3662542778080284
427,429,33,0.0028352181843453736,0.00039771568520945014,0.042198664085431534,0.0028830006436590294,0.9937417543295658,0.14487015541592851,0.7899566997181285,0.05957234246728,2.529286268985633,0.18615235992443405
428,430,33,0.0068182636750862,0.0026385500154650944,0.04950586548357299,0.01065237360609154,1.022034254489523,0.3042877052857921,0.6042969732573538,0.07465596727697907,2.3736681576931113,0.34058646256177494
429,431,33,0.002873625133581685,0.0009971644649444033,0.036389018380732246,0.004138437097101188,1.0589070843927788,0.35227463958455035,0.7041295405590173,0.08662660723838833,2.261716037085562,0.31134809578073475
430,432,33,0.0020723195859428606,0.0009063241697255362,0.03139241564680229,0.006135607738492602,1.0451032234863802,0.34731575556348604,0.7148792698527827,0.12155515534404636,2.300224882183653,0.369702259985446
431,433,33,0.005433144495878933,0.0030904436503270986,0.05138513231367776,0.015173420861027813,1.0694233522270664,0.30571486599209236,0.7470620942838264,0.09137625655287306,2.0332336136789033,0.2690029122909186
432,434,33,0.0016076161815417986,0.0003122080060710619,0.031594896293950805,0.002535292237285509,1.0453762737187473,0.22105895328533895,0.8052324219183489,0.07608399920778278,2.4356491565704346,0.24999006404267685
433,435,33,0.002830467779528011,0.001457048848970113,0.03437123577477354,0.005467505782771381,1.1584944499261451,0.33831057184795094,0.7304938995476925,0.1159776513551479,2.1100878209778755,0.4452784882345609
434,436,33,0.0022879335782349563,0.0006720826164365911,0.030542994313167805,0.002837390624261996,1.0575809252984596,0.26210110514128276,0.6622873183452722,0.07550234218523089,2.196488127563939,0.23705636509205266
435,437,33,0.0030430588469078593,0.0011103512645732824,0.03660127577005011,0.004881156179214561,1.0984814582449016,0.43087179463486824,0.6971219308448561,0.11325473077603192,1.888864239056905,0.2867344984080456
436,438,33,0.0006561371159147133,0.00013629134908716843,0.02208510803228075,0.0014026730535867849,1.020919933463588,0.2738200337759336,0.867801061182311,0.09782236618285534,3.1671283823071104,0.3330915819628731
437,439,33,0.0009540082969716891,0.0005891675005698578,0.02317049639355956,0.00541157157692082,1.2928421768275173,1.0033255668077885,0.8395872657949274,0.2566492999945406,2.7193085677695996,0.8660626478515997
438,440,33,0.0009438782739876347,0.00014548145097590038,0.026610528655124432,0.002175525671815508,1.012240626595237,0.14350189921677894,0.8716298919735532,0.050861394126532816,3.4289014194950913,0.21873724719624313
439,441,33,0.0005758248841051351,3.185504548521826e-05,0.020311222778576794,0.0006487760470191449,0.9955856294342966,0.08860716319196064,0.8439608324657787,0.038768718618007944,3.0091963320067436,0.16050126041511034
440,442,33,0.002902303684756837,0.0006844258711234341,0.036254974815881615,0.005118252997993698,1.0372648907430244,0.20910596270363654,0.687721079046076,0.05469406150255754,2.5983737309773765,0.23004712162625923
441,443,33,0.003861682658845728,0.0009214454369209167,0.0455650741968191,0.006673126372901405,1.0103584798899563,0.17376462759463776,0.7381987354972146,0.06925443222947253,2.2350023551420732,0.2190075242389678
442,444,33,0.001422271610477544,0.00041701332901674136,0.025141936698646256,0.0026799921636708043,1.0789557279962483,0.2910657629653066,0.6918860764214487,0.06534730848122107,2.6257698102430864,0.2527330314319401
443,445,33,0.00639000612621506,0.0016163853391913262,0.05174235807675304,0.00919754729193059,1.1671442804914531,0.5180580713345162,0.6966228747006619,0.16674439911813863,2.323222106153315,0.665813574227205
444,446,33,0.004055282298588391,0.0018569449535590558,0.04625187938412031,0.010163671785206276,1.3799627910960803,2.1061932308418534,0.8046823721943479,0.28504792057422135,2.392858801466046,1.0231236822866665
445,447,33,0.002917520414374656,0.0018161571121063445,0.03403500247408043,0.010354410674549923,1.1359759018276676,0.48610533566933684,0.7199261287848154,0.1408289623752027,2.402494495565241,0.5413055357869369
446,448,33,0.006038369575628277,0.0017053617953731739,0.054733940146186134,0.010176458802746867,1.0489633525862838,0.21952716280169624,0.7215929663542545,0.09306655400585902,2.5313562588258223,0.40179747094604584
447,449,33,0.0017502768067501936,0.001038969302346706,0.027433757359782856,0.008443283027709353,1.0987134173964008,0.594764183889387,0.689054958748095,0.1801912558944294,2.0734579707636978,0.555561219318872
448,450,33,0.0009906304326388195,0.00026970442367407966,0.02672217425071832,0.0014042590395160006,1.0635193766969624,0.3188477699316901,0.8736540133302862,0.0608826151401585,3.069376194115841,0.26810078878039323
449,451,33,0.0008036576451338602,0.00040586739040921865,0.022078495754888565,0.0020145574923788683,1.1493664573539386,0.625403817722589,0.829564833279812,0.10185315857228094,2.5015045223814067,0.32354698503815266
450,452,33,0.002243343380872499,0.0009226909876536576,0.035115016398556305,0.007290413189166299,1.0304522062792922,0.31670713628499486,0.762507519938729,0.08338250498596661,2.6768670732324775,0.298739477980217
451,453,33,0.0011332685403017836,0.0005035528713734917,0.025589128956198692,0.0025466169371903104,1.0712027450402577,0.4979602952753079,0.7866929155407529,0.11488631679866021,2.6952177213900015,0.3679307285494108
452,454,33,0.0013525733233881042,0.00030593905516942466,0.02578571450078126,0.0024290686081607452,1.0494307333772832,0.1688723687497388,0.7218602245504205,0.05699784344008243,2.471915440125899,0.18184235233599852
453,455,33,0.00318557393003368,0.0006157680553337444,0.03748107441898548,0.0040426869270316105,1.0291733109589778,0.21576541223697832,0.6728264237895156,0.05680579474848157,2.525609178976579,0.2491065386959535
454,456,33,0.00260797957536962,0.0011450056914766647,0.03143582193914688,0.005273733812033744,1.0854513663234133,0.345782290101599,0.6463987086758469,0.08053337237456647,2.3605458411303433,0.2624995987873359
455,457,33,0.0025423275038712854,0.002619967427430779,0.03871876210200064,0.01541833951234585,1.1482526298725244,0.918716556761374,0.8594828410582109,0.20265682327403164,2.745659250201601,0.698503625727338
456,458,33,0.0025966796974623294,0.0006365397538586912,0.03599655137143352,0.004139670135387702,1.0393581462628914,0.26338389692551006,0.7222415660366868,0.08169568756987054,2.5216723319255943,0.3212921957547588
457,459,33,0.004503578878939152,0.0008887540614759008,0.04618136392849864,0.004757022487715466,0.9978557373538162,0.18454109151764495,0.6865603020696929,0.05661749193979256,2.5264225800832114,0.2044431343322712
458,460,33,0.0034259195654709456,0.0024627819015079866,0.0377922071087541,0.008369068017864736,0.948915935827024,0.5396879692307646,0.6451645746375575,0.12406568953373348,1.9235794869336216,0.4254908253494177
459,461,33,0.004360677684995939,0.000767007338289931,0.04678207839077169,0.004270571060248831,1.0384763172178557,0.19809481545654842,0.7214201724890507,0.06182779571828093,2.379015492670464,0.21729971449336805
460,462,33,0.000431155077725028,0.00012558552672929004,0.016117286021736534,0.0018952940512642963,1.1003047029177349,0.36245574752166637,0.818579948309696,0.1360050519140941,2.285905523733659,0.5058564636407216
461,463,33,0.002974852312807784,0.0005951920241878464,0.03738813689260772,0.0033440186421347354,1.056514120463169,0.1876513595767534,0.7055630069790464,0.05852775699236781,2.2902213876897637,0.2611920833570072
462,464,33,0.0018965492525956397,0.0004552528725182203,0.03133293337216883,0.0026285229269755184,1.0613861589720754,0.30316635755624927,0.7402420712239814,0.09287138847061205,2.198857733697602,0.2767262066765349
463,465,33,0.0014112081315199082,0.0004909904660338224,0.02438254417343573,0.0034072685889640583,1.0187319986747974,0.3045261461641454,0.6572655710307035,0.0666780276761428,1.967562046918002,0.2995381463798833
464,466,33,0.0036006764381785283,0.0005699493191165084,0.046364045617255295,0.003288767926191432,1.053516725699107,0.1426278022040232,0.7938809575456561,0.04676045942846982,2.3208465323303686,0.201872698512178
465,467,33,0.0033924383478182735,0.0015389217112733798,0.03758705926663948,0.005246381366748264,1.11462653947599,0.7402061377661266,0.673102389682423,0.12298087895305784,2.2204693628079966,0.49214313003618515
466,468,33,0.0027891774520729527,0.0007814524164846539,0.03700253542399767,0.004734866259668597,1.0789338368358035,0.18576479864097895,0.7315742337342465,0.053257512505791804,2.533844044714263,0.17281067916370885
467,469,33,0.0030556709830169425,0.0013445241778337574,0.03664284797780441,0.006257364399338921,1.0696804975018357,0.4020067261230998,0.6883417115066991,0.0957877697265347,2.1116760607921714,0.278801100220765
468,470,33,0.010035306366978946,0.0029211387641956254,0.06282129816033623,0.01091991836809733,1.0207517896637772,0.23619486191029623,0.6346992416815325,0.06694212193775168,2.442246274514632,0.2815692661172057
469,471,33,0.0022103499910427313,0.00046883712359832233,0.03834254542986552,0.0027507985033694378,1.0348879279512349,0.20341944803563491,0.8309525648752848,0.05864045613759592,2.623546665365046,0.27367976578429054
470,472,33,0.000614318538943983,0.00046254315927182185,0.019862697177538365,0.006871541205575409,1.0147074298425154,0.1268935024824288,0.8505190773443743,0.05457215621397408,2.6480652346755518,0.3326805459959479
471,473,33,0.007032609502361579,0.001319984018537463,0.06288681924343109,0.0055467819416208375,1.042839855858774,0.21984557077375474,0.7642475023414149,0.06996552710002496,2.6382153684442695,0.23568680970550596
472,474,33,0.0010803823807333229,0.0002793805106400768,0.024187404436595512,0.00267488992160959,1.0427947243054707,0.24064136205175818,0.753620779875553,0.08412467501727039,2.325948903054902,0.26231119057029323
473,475,33,0.007542136880202275,0.002807647014677873,0.06929091939871962,0.014694978993908817,1.013370720726071,0.3123579229656907,0.8055957917011145,0.11353665163521011,2.3898619160507666,0.31817626320513404
474,476,33,0.002134839990035151,0.0012178868932218834,0.03500201530528791,0.005876039000932734,1.1111768664735737,0.6566318219960289,0.8011886116230127,0.14111946232824032,2.5421954826875166,0.5683938339592172
475,477,33,0.003937819281197859,0.0025564649117446677,0.04378856837072156,0.012200758764628453,1.179279561295654,0.6656278471665977,0.7694885965549585,0.15124083230041588,2.1711680058277016,0.4104445057697281
476,478,33,0.00603022159669887,0.0005994234156440763,0.06483989931417233,0.0033572595653955485,1.0216276627598386,0.10240003347685452,0.8439606879696702,0.04431423288016023,2.503178914388021,0.22043655833423412
477,479,33,0.0026449975557625294,0.0004088354188447863,0.038669004584803726,0.0023487107415792155,1.0439658219164067,0.18095289239217363,0.7679335294347821,0.05450620855264674,2.5824794697039053,0.19985739608351183
478,480,33,0.0013394739856294384,0.0006864529814050947,0.022228207156965225,0.003555812770554077,1.1092638933297359,0.6043956356164261,0.6530177746758317,0.11865190048838427,2.0935240983963013,0.32482377642447646
479,481,33,0.0008067380994995774,0.0002706951770497637,0.02083527770909396,0.0032634752494325897,1.0327414563207915,0.2905947463908643,0.7523066293109547,0.1133544306197935,2.4255825606259434,0.37780733097607
480,482,33,0.00033348815067614794,8.488190925925325e-05,0.015299175922391993,0.0016903904680491107,1.0855052958835254,0.2841997829510658,0.8732433445525892,0.09558128028603088,3.1369423577279756,0.28036014637996415
481,483,33,0.0039051107702438126,0.000894538995842438,0.043243309652263466,0.004567359127244644,1.0508334600564204,0.3572665637919767,0.7071985205014547,0.07131040487610772,2.6605019424900864,0.2848778255713893
482,484,33,0.0010075964559236486,9.555155224563803e-05,0.02829225304903406,0.0014561333421279222,1.0122313752318874,0.1322361944743193,0.8960619731382891,0.05979526591017215,3.0850646351322983,0.20506035970538183
483,485,33,0.0008237592736611876,0.00024669585352020374,0.02078763714455294,0.0028160160898668546,1.0679682673829975,0.2928377106392914,0.7491193540168531,0.09947548740443969,2.4550720164270112,0.3503460283336978
484,486,33,0.00033076155346917045,6.842806466837417e-05,0.01580101703152512,0.001069057869803842,1.059010715195627,0.23006584897895666,0.8934391592488145,0.06177852471419747,2.7500993194002095,0.31240410586793826
485,487,33,0.0007367218495346606,6.418433458813839e-05,0.02404038647584843,0.0011728405648708034,1.0107623718001626,0.0753837500922271,0.890557693712639,0.035943843172068904,2.9476378108515884,0.15454826860162038
486,488,33,0.000642205480923594,6.953973630172182e-05,0.02245444685898044,0.0013354190523383646,0.9935849543773767,0.08396026338402891,0.8835285251790826,0.0400598559182091,3.2975392630605986,0.1851156555409437
487,489,33,0.003653420036602201,0.0007386590025648957,0.04355663930376371,0.003666496576721662,1.034438507123427,0.19859958548346052,0.7331731265241449,0.05696833964548253,2.2773065278024385,0.15104898454197388
488,490,33,0.0019866667130510464,0.0004367999683922157,0.033397732923428215,0.004054334189525909,1.0491374243389477,0.25881241472726313,0.7671187700647296,0.10338107778020364,2.2288001270005195,0.38969927962606354
489,491,33,0.0009417303495645298,0.00034260290160767964,0.02389225775771069,0.002267551965047483,1.0783064717596227,0.3823427633488749,0.811798556284471,0.10746410988405188,2.750415260141546,0.3807735254971235
490,492,33,0.00020920784586588994,9.025623555783623e-05,0.012453894695323525,0.0025625928052400346,1.0707930479988907,0.3606893448888923,0.8951325579123064,0.14648763008565613,2.9195861238421816,0.5038050551329644
491,493,33,0.001699239206077023,0.0005497796529928163,0.03222380403542158,0.0027526344162646012,1.0521491025433396,0.33366237418597394,0.8038767178853353,0.08047906115197997,2.496335770144607,0.3374166152633096
492,494,33,0.004990157283221682,0.0010278065562196435,0.04900588264519518,0.004395902931165158,1.0231338865829236,0.20814079540854155,0.7013275496887438,0.056514600381349096,2.1762338876724243,0.18068310075250907
493,495,33,0.000389630329939819,0.0001540183263182272,0.01641920254086003,0.0011443253342014253,1.1007577957529011,0.585151693004173,0.8613135886914802,0.11455628552620269,2.846724199526238,0.43462857971705876
494,496,33,0.0003997039307388618,0.00017203649577993013,0.01744944653050466,0.003053051574107839,0.994735780990485,0.09773933360956848,0.8882814808325334,0.060209349628707456,3.2380275148333926,0.3854233717025005
495,497,33,0.003875462528826161,0.0006444111057278448,0.04486970693776102,0.0038932741171912697,1.02106809796709,0.14671374522952166,0.7303226987520853,0.07053386327453716,2.6410085865945527,0.2920940887802324
496,498,33,0.0007279662972767696,0.00015702006238517934,0.023929380106203484,0.0028202637257386505,0.99092881787907,0.13014316894627637,0.8858602715261055,0.06451542689316125,3.1242210576028535,0.21292634329518267
497,499,33,0.0012567229762983818,0.0002782043300086289,0.030618711233590588,0.0015979104989621519,1.0220454235871632,0.2877544585879323,0.8692977473591313,0.09658956197240295,3.0404389482555967,0.28572191493303983
498,500,33,0.001211860420439872,0.00091516411776611,0.02229236105852055,0.008179000011055163,1.2831153707070784,1.325018154891813,0.7270877596103784,0.2161397756050839,2.474316019000429,0.8318986501971802
499,501,33,0.0005074007071512328,0.0005276714518090043,0.01738412565354145,0.004805082460848546,1.091227007634712,0.580915232743669,0.8643714893947948,0.099064610945984,2.7579727823084053,0.5202387468693606
500,502,33,0.0020835770992562175,0.0007953480373299378,0.03962549205982324,0.005954227460946472,1.0873556010650867,0.4255057022227724,0.9050316575801733,0.13779929083869605,3.177787347273393,0.5391138574477408
501,503,33,0.0013723875868670416,0.0007013643562247574,0.019216281531209297,0.004134782158985113,1.046047133026701,0.5097164864007632,0.5306978677258347,0.09812912445188011,1.6467818130146374,0.318651950275541
502,504,33,0.0003439512692046154,0.00018299004895510666,0.014785401466669458,0.0018262991461298265,1.0545374100858516,0.42038110580556454,0.8277291529106371,0.08321651530088794,2.5741746534000742,0.31427049099981363
503,505,33,0.0009527723194685567,0.0009092017341344866,0.01858290634823568,0.005815196063084092,1.0949966036009067,0.6878204330046993,0.6879061704332178,0.20336349743663282,2.224573077577533,0.5219822333934154
504,506,33,0.0003944026027580328,0.0001434224210309472,0.016626938359078133,0.0008022271217094072,0.914412341334603,0.1957461606088774,0.8072805341446039,0.10233430108102305,2.718965454535051,0.28380100432969635
505,507,33,0.00032308142985901657,0.0003030767543687267,0.013953352586902452,0.004028237296465006,1.0893496563940337,0.5434605677389459,0.8559880798513239,0.11321688942744725,2.782746119932695,0.423198274753062
506,508,33,0.003387020865568157,0.0014960514787215472,0.036977278237993065,0.007905595951134823,1.104969317262823,0.5141001182749688,0.6667500481461034,0.11419129490143294,2.6538158402298437,0.49781182378448097
507,509,33,0.000569109805810237,0.00022926527503347503,0.019405367304429863,0.0014207117795442706,1.099334433223262,0.48312630220510727,0.8489303426309065,0.11380110482675951,2.923757032914595,0.39660156870962215
508,510,33,0.0004438320210090641,0.00019123553495078904,0.017587989512266533,0.004070405920300928,1.0520569664059263,0.30544105689730433,0.8685038360682401,0.1050700738855091,3.079271916187171,0.44110303098773707
509,511,33,0.0006941250035059497,0.0002971815856890642,0.02137093155673056,0.001645684785120865,1.0905987259113428,0.5021664352416385,0.8440261844432715,0.11407825746274382,2.8963714946400034,0.4022861800423874
510,512,33,0.0008434234112042539,0.0011961219818148988,0.015533534076177713,0.008515982389710384,1.3206003500205097,1.3523462613905957,0.7353306250138716,0.20824697634477016,2.499445008509087,0.6245665616757771
511,513,33,0.004840367022111561,0.0011590735751688906,0.04392714459787716,0.005097875344567004,1.0274434875358234,0.19490986099806779,0.6402080384167758,0.046383566249606684,2.271055485263015,0.18483652683815324
512,514,33,0.003932803179574848,0.0014552746470904126,0.0347176535675923,0.005631966461042246,1.049774007363753,0.39285348706207396,0.5692690475420519,0.08341431444485342,1.9659595056013628,0.30924946200062264
513,515,33,0.0002454113511537964,9.336228191318775e-05,0.013093787781668432,0.0017696680138931966,0.9745023042866678,0.38800890493674006,0.8262007588689978,0.14816821589785734,2.957421736283736,0.47173770888328254
514,516,33,0.0034233426203806603,0.0016712682612352785,0.04199264192897262,0.011134754441060428,1.2192674825588863,1.0430600940860433,0.7832026255853248,0.20302061761383017,2.4235240401643696,0.9924883333408251
515,517,33,0.007124500613744286,0.0023703250622090183,0.07235686283445719,0.016292905814823195,1.0660277406374614,0.25421751426277234,0.8952757499434731,0.10897302463964507,2.864804004177903,0.49143909604154734
516,518,33,0.003130382770023337,0.0012438326768918816,0.03279786432782809,0.004847713719405066,1.052565715529702,0.29966884876333494,0.6123605677575776,0.11060815136129819,2.0480949517452354,0.32642066157179667
517,519,33,0.0036148238383854427,0.00124718001760574,0.03753028917267467,0.004308682974845402,1.0544610249273705,0.3534354427879102,0.6439461789347909,0.08858630989639835,1.9945864785801282,0.2407134787979509
518,520,33,0.00047948862387177843,0.00044786543702008097,0.015556740913201462,0.005295660469385494,1.0798267844048413,0.5671503030319104,0.79513085881869,0.22566125262571649,2.5846972465515137,0.7199180069253157
519,521,33,0.001145610138227119,0.00037114612796065096,0.02909661459764748,0.006077450150875306,1.0066202553835781,0.26956020857052015,0.8684354261918501,0.13365431587531837,3.046870708465576,0.5194987992756513
520,522,33,0.0005143939413370169,0.00030934951388901196,0.01884564119532253,0.0014206852982556232,1.0912660685452549,0.6011029455116121,0.8704122792590748,0.07728877471412202,2.686158364469355,0.3536856243701125
521,523,33,0.004691691681121786,0.0008321285878947047,0.04880233063842311,0.004144670830370023,1.0463171980597756,0.15310524214098198,0.729045979904406,0.047638143001771285,2.5480093305761162,0.20620482492270778
522,524,33,0.0008343497922231273,0.002099180760024554,0.008603225829023304,0.005582464886588768,9.297826341776686,42.875159973128405,0.7359879179434343,0.7577840933908553,3.0191668470700583,2.3712944799562043
523,525,33,0.002736593279140917,0.0006550975586774374,0.03702333682414257,0.003471093954839945,0.9985130167368687,0.17057426848949778,0.70993101235592,0.050652000177620844,2.7416620182268545,0.21315354165724185
524,526,33,0.0008075055754461298,0.0004526714257644765,0.017701950657999878,0.0027418148177138324,1.1106234725677606,0.6117154631411493,0.6789827093933568,0.12815597321257585,2.185664841623017,0.3898086837180004
525,527,33,0.003925093513151462,0.0016930240031964414,0.04067903886916059,0.005681349836617876,1.0519357775196885,0.4837439232900961,0.6636422547427091,0.09881571524955404,2.186326138900988,0.37730600585128027
526,528,33,0.002399618038907647,0.0008512162119844101,0.03134663013572043,0.004310583919875348,1.0748715635501978,0.4025516933923273,0.6675030372359536,0.09568709329108448,2.182155464634751,0.26556008349102284
527,529,33,0.005994344765151089,0.0016169127693976754,0.05358274213292382,0.007266041111661025,1.0676449898517493,0.34908718651103543,0.7091852137536714,0.09308681798981584,2.1542991508137095,0.25332755364622694
528,530,33,0.0005171393718090699,0.0001620344611700624,0.017427003575545368,0.0018439036800543414,1.0451466874642805,0.27883905762150435,0.7865053288864366,0.09412154894361842,2.3859479463461675,0.2824535798163701
529,531,33,0.0039607221190112105,0.0010246724141128273,0.05229372452154304,0.005645225752344508,1.0265961921576299,0.2182205392237769,0.8451197020935289,0.06425376411973742,2.3908362785975137,0.221018822856571
530,532,33,0.006543012702781142,0.0008324258934107684,0.07070007536447409,0.0051226938394955835,1.0325137810273604,0.14561780807107602,0.8871522419380419,0.06009883454891471,2.607518246679595,0.2265394334366974
531,533,33,0.004731920336119153,0.001142487104513752,0.046253873204643074,0.0047337912333186094,1.0437293161045422,0.19351890717332448,0.6901828158985485,0.05278148571032819,2.3178713646802036,0.19368260525367414
532,534,33,0.0031362808217774286,0.0011071681571865606,0.038542139823689606,0.003943275357234883,1.0397549921816045,0.34701712997580597,0.7039996204954205,0.08079956669091679,2.2445949496644917,0.23779769084536362
533,535,33,0.0036252685187553816,0.0009380689872977318,0.041181097202228775,0.0039760939799042706,1.0433394565726772,0.23960606371330817,0.700027296037385,0.061840451852165086,2.401469411271991,0.20518278265201373
534,536,33,0.000897215089273893,0.000882935068340281,0.017422073323166733,0.004222069797062045,1.1385349531968434,0.5406575066414843,0.7004763366598071,0.13260833361580612,2.317222916718685,0.3886424554784279
535,537,33,0.009238343008539894,0.0020151197775823367,0.07773651532603032,0.012014086252059164,1.0606480800744258,0.2338170846929115,0.8285849004080801,0.096171829598214,2.4390934669610225,0.4301543987848459
536,538,33,0.003397892201037118,0.0011082064733599713,0.03692646618142272,0.004964650066082406,1.0525099526752124,0.2724610974698848,0.6545617598475832,0.07434407963194635,2.222321123787851,0.22316518896792922
537,539,33,0.0009490843027985344,0.0005420849512286078,0.021884287622841923,0.004381355639745038,0.992192035371607,0.24098806652943935,0.7346618012948469,0.0860807868667361,2.1981990445743906,0.35469961865151767
538,540,33,0.004292853966806874,0.0019195729444095022,0.042525196730187446,0.0075682852910949165,1.0809204722895767,0.2842163463105339,0.6847345883196051,0.08176951218255349,2.2904905514283613,0.2282585114819763
539,541,33,0.001653132087085396,0.0007749856355677099,0.03009943381854982,0.007070757636215909,1.0351511447718649,0.3469360513771171,0.7718318682728391,0.12866007480804056,2.132774739554434,0.361843624371981
540,542,33,0.000894781075961267,0.0005446079120654553,0.019135913416517502,0.006575336528049202,1.0301477963274175,0.3849442272891388,0.6951308250427246,0.12571788345074403,2.098590612411499,0.4967648411684195
541,543,33,0.0014001978614198213,0.0002958106348841549,0.02948870752571207,0.0030981979005800997,1.0833263487526865,0.27704473142319125,0.8197560039433566,0.09914475653497662,2.3862167741313125,0.27373800624791905
542,544,33,0.0067483057359685045,0.004102645569683156,0.04877516765598998,0.02101196412941099,1.2387412849700812,1.1643604910209109,0.6543184536876101,0.17731490901771077,2.442323355963736,0.7915057253880041
543,545,33,0.001051414165307175,0.0009800564684365413,0.019440434703772717,0.006389849762155809,1.4127403407385855,1.4590627581769036,0.7033938006921248,0.18192248884288717,2.6828079909989326,0.5955921731625776
544,546,33,0.0018622100310908122,0.0005989585303324245,0.02867871534192201,0.0030039981454905184,1.0897564093271892,0.3184079471916211,0.6976232149384238,0.08402457907690977,2.1717258908531885,0.23105294827248812
545,547,33,0.0041406808851399655,0.0013712658475422547,0.04370401410216635,0.00757504734657412,1.0479503292025942,0.20839811468698455,0.7060595046390187,0.0632824652568724,2.1791520046465322,0.225467923812465
546,548,33,0.0004332881565487972,0.00028966421224948597,0.01661233316090974,0.0011749934089116613,1.085858811934789,0.8767453290331757,0.8214712251316417,0.11573920013267439,2.923216147856279,0.5134644610336835
547,549,33,0.004990461028435014,0.0019673851015808716,0.04497479624820478,0.008276005107849807,1.0161481228741733,0.16434000946634506,0.651478959755464,0.04772762790664394,2.3340354904983984,0.1782558716897081
548,550,33,0.0012695296177160785,0.00047704482999989085,0.03015368872068145,0.005235520540008845,0.986629562847542,0.1627032430356886,0.8573820211670615,0.08385801820372368,2.9166273420507256,0.34151838685239344
549,551,33,0.00027061597277431497,0.000102797238232094,0.009653401546970461,0.0018140073381850068,1.0178597704930739,0.39235630042101033,0.5897507008278009,0.11366888997552149,1.8678481578826904,0.41855629477716
550,552,33,0.006163999840447848,0.002801870229334197,0.04835162797208988,0.012574655432645706,1.0349685947100322,0.30474663034197413,0.6324596739176548,0.06073877858808187,2.379876162066604,0.32392739109407465
551,553,33,0.0013009812559396255,0.0005229916611241759,0.02434656661794041,0.0030262394983328754,1.145778393203562,0.4099927831269785,0.7277153351090171,0.10488172775069747,2.1627591595505224,0.3444024925786049
552,554,33,0.0021464620561649403,0.0016544627648264528,0.03197677247226238,0.004325752059273326,1.1379677657828187,0.9126543824335996,0.7372582094235853,0.13979033949252848,2.246361190622503,0.37838508582599895
553,555,33,0.002057978737866506,0.001984737745836537,0.029366643026922688,0.01633848540258884,1.3007092837131384,1.619155060776819,0.8376680693843148,0.21396634915278387,2.712801517862262,0.9342359963954071
554,556,33,0.0006571812387626393,0.00020245620097835858,0.02279812131415714,0.003209464109206587,1.0031703376408778,0.22032584696352592,0.8964929400068341,0.10519814667963288,3.2468913612943706,0.3217310249989767
555,557,33,0.001658063175537708,0.0003753092161428105,0.026498813633665894,0.0024195674813634743,1.08703127413085,0.25243841346172374,0.6795208183201876,0.07561730588215845,2.0193811691168584,0.23773704500266768
556,558,33,0.0010972082364429352,0.00028285544137971467,0.02841958606784994,0.003231577976826317,1.0168024138970808,0.1820998755027272,0.8701363585212014,0.06702957403955298,2.7839361682082666,0.30494009088387813
557,559,33,0.00270801386795938,0.0005288667197895397,0.03896261920983141,0.002594293558691826,1.0288167234623071,0.1910286244753258,0.761067554806218,0.06008708527377231,2.3332227035002275,0.2177620308835554
558,560,33,0.001361369904991465,0.00019369079503523353,0.028725584799593144,0.0018660282967515407,1.0341651674472925,0.1491568174555537,0.7917510108514265,0.05220462046583528,2.301981832041885,0.15693884605335262
559,561,33,0.0035445380208054275,0.0003906215997300202,0.04775932284467148,0.0026046303175925414,1.0063342759103486,0.11810410236825637,0.8045218514673638,0.048218773320602135,2.569363276163737,0.18058831005939177
560,562,33,0.00038589756392563385,4.323413640628707e-05,0.015371530373213869,0.0008116312360688626,1.0044608495452187,0.1083257808261686,0.7845162604794358,0.04050778939521842,2.640430631059589,0.14428108472587506
561,563,33,0.00019278366391628163,4.254405635746395e-05,0.012176710251492985,0.0019378756400109916,1.0467947820822399,0.32629368984778045,0.8923477801409635,0.11008693970670726,3.239051443157774,0.43164571632798415
562,564,33,0.0012487305776272533,0.000922114409452286,0.021984933452172714,0.005324292478476115,1.0224773865757566,0.44112732629637613,0.6587776252717683,0.11217314164677998,2.2776892654823535,0.42451573697393685
563,565,33,0.001053568229756572,0.00034302218584805066,0.02490010851937713,0.004856030508540256,1.0827109813690186,0.24974216781129988,0.8016630971070492,0.11187728179370232,2.4473616498889346,0.35146579122846244
564,566,33,0.0004233401498023533,0.0001083425575679062,0.016457382222693977,0.0011328110805774682,1.013126501531312,0.2417903927825111,0.8080902289260518,0.0909003276640891,2.6611549745906484,0.31557345421492283
565,567,33,0.0009521934103263034,0.001518927545045569,0.018251336828777283,0.009281928576127097,1.084821216987841,0.3443588058471728,0.8254958454406622,0.12424242218235178,2.687790780356436,0.5649521287222016
566,568,33,0.0036970799062118836,0.0011205427150808214,0.03821192320549127,0.004638937633910781,1.0659485043901387,0.31291496136183383,0.6515465703877535,0.07695531558779528,2.1708742344018184,0.2684405899537229
567,569,33,0.0012775133610844161,0.0008754338264774377,0.022098930919486465,0.00721974505943641,0.9934815114194696,0.2777286916536094,0.6548248592651251,0.10643741271580515,2.292569539763711,0.4106689068588297
568,570,33,0.00021589321311859584,1.5843205767284465e-05,0.013273601420223713,0.0006152797302029182,0.9986756732969573,0.08032861826640227,0.9025459072806619,0.04451654393716519,3.1491929039810644,0.1312805298065583
569,571,33,0.0021526827042566074,0.0024720084490560223,0.022406829394061457,0.015190377814880706,1.132116507400166,0.6236044320811712,0.7399997069980159,0.18728282487156703,2.5063932050358164,0.8334657846403142
570,572,33,0.002989661865726565,0.0004251972053930633,0.041748197692813294,0.00365288510965051,0.9941916700565454,0.10053188396575408,0.7617469773148046,0.048221416289007196,2.8274281602917295,0.21327851153785363
571,573,33,0.0020657267146320505,0.0008084696486661327,0.03423613981541359,0.0035907262170754065,1.0313774591142482,0.3264563658746392,0.773129201296604,0.0990546954065171,2.272164557919358,0.3872342044413589
572,574,33,0.00163754718166522,0.0003160545616569964,0.03382767104741299,0.001794328518937947,1.0074773719816497,0.21685788662506528,0.8384364409880205,0.07467433774566147,2.5653683633515327,0.29615062156850097
573,575,33,0.0009794688270300287,0.0004460881576211277,0.023644030545697067,0.00403595403698954,1.1024290070389255,0.37554624864852715,0.8038959069685503,0.10378715281547314,3.0649407921415386,0.4898834207619486
574,576,33,0.0004738713791029471,9.460064647887906e-05,0.01719468016403191,0.0012653254280663774,1.0105378519405017,0.17094254734004682,0.7967949654116775,0.06621264594439326,2.5496636665228642,0.22286536064577908
575,577,33,0.0008243333573001578,0.00037100936745788714,0.02353440137636481,0.0056960969843524835,1.123958220987609,0.41682928127709656,0.8770995194261725,0.15058140423760036,2.876645261591131,0.6732580615668612
576,578,33,0.0050002174649500485,0.0020380675715551684,0.04481420733711936,0.008116371534766516,1.112065697258169,0.5166575578736109,0.6607384501081525,0.13008756516943978,1.9938100901517002,0.38593697661821896
577,579,33,0.0008664406050229445,0.00039687379352171275,0.023448325721829227,0.00509414344071149,1.2809694906075795,1.211326199457873,0.8628661542227773,0.2332495732898067,3.20842466209874,0.9660326510642873
578,580,33,0.006094023345433401,0.001956212646710033,0.05241506004875356,0.007242373856890499,1.0317676022197262,0.42091221655059863,0.675327662265662,0.11315331608650898,1.9899691596175686,0.3522887350725767
579,581,33,0.0011703745518444162,0.0004669461700879088,0.02615375365271713,0.0028750192532598236,1.1216603183385097,0.592396903981298,0.8021871555935253,0.12955671653609824,2.208491888913241,0.4449266712832499
580,582,33,0.0017753275989724154,0.0007744680493956637,0.030542234974828632,0.006230429211601739,1.005447187206962,0.33379819130599836,0.7373278393889918,0.09430127605687529,2.728112069043246,0.39263804538363384
581,583,33,0.0009141278763612112,0.0001498930458962927,0.025386986633141834,0.002384900071395321,0.9841488112102855,0.15263735246885402,0.8333525440909646,0.07888778481711671,2.5881918885491113,0.2949258485562823
582,584,33,0.0015468865096794837,0.00026376578457750486,0.03225976691553087,0.0022641299458159903,1.0133546626929082,0.17345039418582023,0.8255575064456824,0.055749965574162626,2.564689607331247,0.19536565034077857
583,585,33,0.003620193731463091,0.0006913188452808373,0.04861818220127712,0.005836562249866694,1.0205238750486663,0.1960124556900221,0.8162050734866749,0.06638411832636953,2.9283951123555503,0.23905027506436094
584,586,33,0.007503281252204694,0.0037983716028571436,0.056137740216923485,0.016979921743923668,1.1638882837512277,0.5836597415161257,0.7185349319920395,0.12810554262066848,1.842511444380789,0.4441644635769183
585,587,33,0.0006966893534726379,0.00045118327644237774,0.01902166150058761,0.0021479577090981663,1.1989444042697097,0.85699095523155,0.7786568385182004,0.149318086009168,2.7996374982776064,0.49186547409227604
586,588,33,0.006396289428018711,0.0010817386786485816,0.0575507650095405,0.004827922642097652,1.0309927039074176,0.16099199599549224,0.7307092384858564,0.054169320921236386,2.418078545368079,0.20171438448007972
587,589,33,0.002192462611040383,0.00045538436700008676,0.03280683668951193,0.0034376335681117784,0.9938603242238363,0.19375330765564425,0.6990476629950784,0.058809966673678764,2.28376140016498,0.20662294037468656
588,590,33,0.002942508749776717,0.00033568232006016876,0.04195599528876218,0.002567077924237544,1.006400207678477,0.13447874033111817,0.7753515460274436,0.05133084958398128,2.677233919952855,0.21464324375670682
589,591,33,0.003300898041660813,0.000978907301295258,0.04135763306509365,0.005584489452458801,1.0625311515548013,0.29475850269588166,0.7433400190237797,0.0971741699933897,1.9569703087662205,0.31798128574656775
590,592,33,0.0028849114473401146,0.0007953412011696759,0.0440105740545374,0.005254523457649422,1.0312692811994841,0.22578477225899812,0.8353015997193076,0.06384933012102187,2.34108355551055,0.22008525584988103
591,593,33,0.0014419199715396671,0.0003999217666272251,0.030962055718356914,0.003697462867455893,1.0772787495092913,0.4087356539725755,0.8404610373757102,0.13970172632019542,2.7557677391803628,0.5410064351073136
592,594,33,0.004948310363529758,0.0010876787001244588,0.0449274316655867,0.004430550294072175,1.039555802489772,0.22240241003099542,0.6509115587581288,0.05795840484161023,2.197281721866492,0.20523907341470224
593,595,33,0.004735119418579747,0.001224829175703364,0.04209113521783641,0.005080516590692806,1.0589547211473638,0.2717226971461484,0.6294942705920248,0.06508686087894949,1.9331112449819392,0.2226421374809618
594,596,33,0.0008429602850369657,0.00013537006211804083,0.024449097444162224,0.0021050810858938744,1.0285457517161514,0.12121880576244254,0.8548569950190458,0.05294523337995468,3.0950396711176094,0.23954352443250507
595,597,33,0.0025771220468662,0.0010471321298362475,0.03780694864690304,0.004498125693341485,1.0757211257110944,0.4863988089223538,0.7713161011536916,0.12363464634558555,2.3202297868150654,0.35118605545877507
596,598,33,0.0018661750505226805,0.0005946585479284936,0.034592686503222496,0.0051582613603609415,1.067406379815304,0.3533441041642754,0.8291453502394937,0.10886443271697965,2.6390350731936367,0.424607611866239
597,599,33,0.0012350915842971792,0.0008104627418075828,0.025128176548715794,0.003302238034433239,1.0942045251528423,0.6679847696325596,0.7618294800772811,0.15256804499709287,2.6548262401060625,0.515428398514632
598,600,33,0.0004988902135554588,0.0003203118879844857,0.016812940692585526,0.001530416035372747,1.2601710892084874,0.9616891508293001,0.8245904138593962,0.14795943088219785,2.9375513539169775,0.4495029626664161
599,601,33,0.0014788957831280475,0.0007798867612552531,0.03036909189188119,0.008440175118035435,1.0823481227412368,0.35562266131161413,0.846791305325248,0.12495446955156037,2.4563122915499136,0.41424627105421985
600,602,33,0.0023685974072467425,0.0009240226098619355,0.03270264511758631,0.005211618066215493,1.0089826177466998,0.3478728407814603,0.6767602797710535,0.09743202515142571,2.006465550624963,0.3336863076622612
601,603,33,0.00032899445002178914,0.00036193376763630374,0.014014796269210901,0.003412446945320903,1.3390209724505742,1.5616122249419704,0.9076239240892006,0.21323054802052677,3.331481341159705,0.7752319805876982
602,604,33,0.0012891937336517553,0.0002858654486753479,0.029279251780473824,0.0029691238138397445,1.0419123606248335,0.18547290341807604,0.8350391026699182,0.07256527260302616,2.402258721264926,0.2679545434535291
603,605,33,0.0007472209373108027,0.00028619554048112177,0.02192098218383211,0.0020248020411851903,1.0570020946589382,0.4559700845619517,0.8195036595517938,0.10847037929947884,2.803348765228734,0.3909102201759892
604,606,33,0.0005300333167807283,0.0001703352548295583,0.01764937953063936,0.002174912044263954,1.0229311188062031,0.12878891090068903,0.7879221927035939,0.05407225117920902,2.788931066339666,0.2153809995093526
605,607,33,0.0022641731281482585,0.003751117873071574,0.03138621264334881,0.024882079522848034,1.3721729200897794,1.0197151285016168,0.8532302000305869,0.30273177096190984,3.3240449139566133,2.1302831530841253
606,608,33,0.005329562883795888,0.0019786481585678402,0.04245881798366705,0.007173306336590008,1.1217302770325632,0.3494113862737568,0.6232056581612789,0.11424367084657973,2.042417110818805,0.3799264346564317
607,609,33,0.0012435082392061524,0.0003055002429785012,0.025718420856829845,0.0023561335036704194,1.071266947370587,0.2698422053665473,0.7541497692917333,0.07640146243408605,2.347368030837088,0.26654325304349663
608,610,33,0.0009528982513019758,0.00011133076766292726,0.02616130808989207,0.0014645569650636719,1.01490088484504,0.15394662406747375,0.8528137983697833,0.06205089262444246,2.748618241512414,0.26380121630507997
609,611,33,0.001714191388931464,0.00032025252765195656,0.031499285025127007,0.002523162362783651,1.0263183875517412,0.16732167081600866,0.7718956127311244,0.05546871398098642,2.2340479041590835,0.16898473840203573
610,612,33,0.003923829743695079,0.00134860890251276,0.034619025603839844,0.005631238353700213,1.094154886224053,0.4142409251194222,0.5779179641694734,0.08375080104241481,1.7651082710786299,0.26435643741464016
611,613,33,0.0008025914421798943,0.00029544712766465555,0.023288393280271328,0.004689839911212566,1.1086304476766875,0.4192373389365109,0.8725444421623693,0.10303083105438739,2.7848829645099062,0.489281222481815
612,614,33,0.0014217024577330008,0.0008619858548462653,0.026391315189274876,0.003304102374861953,1.0358494583404425,0.5287609121529258,0.7329728034409609,0.13487255225965766,2.551622845909812,0.5025888975707421
613,615,33,0.0008060471295858874,0.00028266324538285244,0.02192102073494232,0.00145356696784255,1.0152415967348851,0.3386142576578462,0.780015786488851,0.08513433870296115,2.709921367240675,0.3331022941881049
614,616,33,0.0004182534731543538,0.0002105850399591509,0.017489352150622643,0.0012621798769415842,1.0728727741674944,0.44473319557238183,0.8921779412211794,0.06576417072882489,3.107836846149329,0.2853223194214195
615,617,33,0.02409666023132476,0.005422175279809023,0.12204348453969667,0.019726908361614802,1.1028597589695093,0.2470727511242181,0.8200878627372511,0.07904527746422983,2.8861562916726777,0.3201282645133169
616,618,33,0.001019328169411782,0.00021031939821635303,0.024512928825887768,0.002277463633218387,1.0199615612174526,0.2252315416730835,0.7751589905131947,0.083349367055833,2.2984979839035957,0.25850964415264877
617,619,33,0.0035214768934317612,0.0009829981479578798,0.037680339689056076,0.005577098826951603,1.0997665506420713,0.3198250732347303,0.6633920985640902,0.08829336610839132,2.2597957452138266,0.29560112888841567
618,620,33,0.002390725689827267,0.0010190568329833218,0.03595833565023812,0.004444929396625457,1.04800488912698,0.37592983829123655,0.762889457471443,0.11372734608311479,2.33559893839287,0.40447387237100463
619,621,33,0.007016630095401497,0.0036423537644667786,0.0560096866930976,0.010133469633354717,1.0771691419861533,0.49330372530573535,0.6954580274495211,0.10454289418694926,2.048254233418089,0.32951845630773935
620,622,33,0.0030833240951213875,0.0008900392988820799,0.040470878734733116,0.004994133680150857,1.0099247802387585,0.24578909420207315,0.7345765955520399,0.07490405043964377,1.9993922818790784,0.21826630501952504
621,623,33,0.001514029096473347,0.0006934796178136611,0.023332752456719227,0.003680779531978273,1.162166506955118,0.5579551910963256,0.648854321602619,0.12032775783093354,1.9284826372608994,0.44588265274105915
622,624,33,0.000988103167125673,0.000260343877350826,0.022745021534236996,0.002196328423658309,1.066579023996989,0.24984757382227094,0.7508627591711102,0.07708198531407262,2.4373175014149058,0.254017612147896
623,625,33,0.0016811154041947289,0.00025225609561235556,0.03465660492127592,0.0018464400295701545,1.0191582676136133,0.1667768216247048,0.8529140299016779,0.05385791321866879,2.7764774308060156,0.206655834972548
624,626,33,0.006238852881572463,0.002126524726824102,0.06606320054693655,0.01085655821444656,1.0301548134196887,0.2459921531894444,0.8557580095348936,0.08503679983305967,2.5766219514789004,0.2780297298320434
625,627,33,0.005186011584362749,0.0015525895728950763,0.04045227548163949,0.006040393287117509,1.1009283806338455,0.2507100841009094,0.5926882742029248,0.05263235793070515,2.073537877111724,0.20197700034372643
626,628,33,0.005543002146155093,0.0012508909027835692,0.055510962889953094,0.004782130595692249,1.0584578243168918,0.2715457084311357,0.765662917585084,0.0782683683227051,2.610980676882195,0.2819240214474488
627,629,33,0.0012895126507800976,0.0006129690049929212,0.025974181339596256,0.004593541183698351,1.0408987746094212,0.33650388077564275,0.7596766045599272,0.09601834738810183,2.5609101598913018,0.3208252737348336
628,630,33,0.0023596187503161755,0.0006017626395328817,0.036151367888757675,0.0034838273673323274,1.0407734766150967,0.29206514845005704,0.7587671984325756,0.09344146931255229,2.292593670613838,0.3048275360504635
629,631,33,0.0012654311069513135,0.0007549118302409743,0.025195006281137466,0.004357078097790468,1.0254625660000425,0.5201611830328087,0.7367374671228004,0.15331889031896856,2.5753444360964224,0.5596212153502207
630,632,33,0.01640623371878808,0.004725047242713654,0.09310710373701471,0.0179395135927565,1.0796242320176326,0.2813973322385166,0.7522396824576638,0.10607758999538323,2.649459770231536,0.38385858753157054
631,633,33,0.003496910078507481,0.0004020713634423374,0.049345718414494484,0.0026092473979893263,1.0014513261390454,0.11337150092546222,0.8351968400406115,0.04464037991842013,2.482942136851224,0.2174295956601388
632,634,33,0.00368332624378981,0.0004316589664784392,0.0419099461851698,0.0028354092238105865,1.017812172571818,0.11125313778602394,0.6962681629441001,0.03514210243498478,2.6615790526072183,0.15717450254191656
633,635,33,0.005352009144244772,0.0014987854090151764,0.048317435338641655,0.005967504604771053,1.0099281497073895,0.2302971822828522,0.6670276233644197,0.06804265239752336,2.3947949337236807,0.24011288975272563
634,636,33,0.0013305453908149943,0.0007480654756147731,0.029162956740368496,0.009113265087256574,1.0799194529201046,0.39199148869014244,0.8605299592018127,0.1721863012424723,2.7880267627311475,0.5825830426538745
635,637,33,0.004588390315995749,0.0012937121711907571,0.04127955487505956,0.005288844344746598,1.058605553525867,0.25839524695599114,0.6283327566854882,0.059969418517383175,2.0996760418920806,0.19882266584015923
636,638,33,0.003038429923242692,0.0007758007932779257,0.03844623617602117,0.003921564407406694,1.04720671971639,0.20286829863068792,0.717332894151861,0.052873802689553225,2.315713087717692,0.23497685023981177
637,639,33,0.003249785481867465,0.0018069487113938276,0.03673574187313065,0.008289176192083256,1.1366015049544247,0.5029317255279885,0.7057058657660629,0.1199347455519149,2.283729455687783,0.4016863564782249
638,640,33,0.002743027254120644,0.0008065585747290692,0.04121043713706912,0.004608463136942716,1.0464300404895435,0.20522352347479947,0.8106578227245447,0.07075409774930021,2.221587152192087,0.26047968984496916
639,641,33,0.008830268175877405,0.002856973678330188,0.07536084566152457,0.013052505250828137,1.0173953392288901,0.1578695548895886,0.8125286427411166,0.05687111534073981,2.711553364089041,0.27169324648311194
640,642,33,0.00097712764567625,0.001324757206328416,0.018432737977215737,0.00893669405028839,1.1862923277146888,0.9397798603508886,0.8195488371632316,0.19375689864543894,3.052173784284881,0.7351309000534851
641,643,33,0.0008142162467155492,0.0003224048976560832,0.02146532629249674,0.002492673506693271,1.08680612932552,0.41415051310130485,0.7868064831603657,0.11183456589991214,2.999149770447702,0.4487659120323663
642,644,33,0.0028281127945802204,0.001134102166311157,0.03700951323138945,0.006689006760582205,1.1153330947413589,0.5220394551099911,0.7406479607928883,0.1257252524619404,2.647238243709911,0.4581758349545056
643,645,33,0.0031789766455238514,0.0016702833921133317,0.034705786937565514,0.0056260116050146506,1.1138123960206003,0.41555245847014904,0.6738536249507557,0.12168389454269554,2.1702924822316025,0.3586055188576048
644,646,33,0.00032288309629428005,0.00014440477957093991,0.014586970548738133,0.0020585376246511893,1.0333456035816309,0.16054987242322824,0.8411380811171099,0.04138884549697246,3.0982073364835796,0.22486597082630075
645,647,33,0.003117747831504058,0.0020177129775667845,0.036204218356446785,0.011519485247222063,1.2598396909959388,0.8765540295136668,0.7534189567421422,0.16995391340191754,2.488476684599212,0.6924813082794814
646,648,33,0.001824164808953576,0.0005080419052421151,0.03406333234725577,0.004884336980794459,1.0076428407972509,0.2853132553986302,0.8055439293384552,0.11661912852254742,3.002319350387111,0.46606672563954515
647,649,33,0.0005720299377571791,8.086109847988353e-05,0.021435425757910267,0.0014491140838037279,1.0231372181213263,0.2457962218116454,0.9018951293193933,0.1115032626527997,3.2770513765739673,0.2999095603144182
648,650,33,0.003070642370871748,0.001664938521193201,0.03560325209841584,0.010014337446149262,1.2080312542843097,1.0377740223588887,0.7404590854139039,0.21551180286669253,2.4579600456989175,0.872649723628538
649,651,33,0.0010513655125219939,0.00041986321296378596,0.024508199908516624,0.001987670689011464,1.0177807952418472,0.28047425175808505,0.7773447542479544,0.09294624859504974,2.3418361165306787,0.3681496917835106
650,652,33,0.00120661835447236,0.0011091718766597246,0.026788909834894268,0.008434254827801559,1.0980639873128948,0.39616271101372624,0.8689849105748263,0.10272771491066256,2.6711696964321714,0.3027390820624011
651,653,33,0.0025215550294061277,0.0016473039674952893,0.035753894089297814,0.009616669640784548,1.1166834045540204,0.5509391613048809,0.8016466931863264,0.1516982576520113,2.762013417301756,0.6942626016863649
652,654,33,0.0014179026298789363,0.0005292749534023828,0.02816254064214952,0.002338437930272667,1.0023676771106143,0.2637892460628556,0.7618420322736105,0.08496549344572144,2.3073782884713374,0.3638707834357231
653,655,33,0.0009596235979574196,0.00033961773821223257,0.026837008440810623,0.0030934126823682425,0.9595201448960737,0.3140834836931684,0.8511533403035366,0.13889853334258725,2.9482304508035835,0.4331317968864618
654,656,33,0.00036819286249352223,0.00015194470168971005,0.016162191884535732,0.0011652335697384622,0.9986194141886451,0.4034790633828083,0.8409790387659362,0.13722572623199508,2.8973438523032446,0.34585290689617915
655,657,33,0.0013091301375287444,0.000644466620025915,0.028195107496823326,0.006847743560027358,1.0049151886593213,0.27143917676458873,0.8070986903075016,0.09282159966571654,2.6982893365802187,0.2791244867053045
656,658,33,0.001138546571107299,0.000466149863436131,0.027073098177259617,0.0027228148483875794,1.0425368312633398,0.38653044736872727,0.822113801132549,0.09522631416327883,2.4971635883504693,0.32799250794966156
657,659,33,0.0016812314561596422,0.0004507284546160247,0.032725672548015915,0.0034440750518653146,1.0405298886877117,0.21915371638105446,0.8229973352316654,0.09460113822394493,2.425067421161767,0.3955685092030374
658,660,33,0.003620097879320383,0.000995014377575006,0.04097892569773125,0.005078008538157833,1.0745383139812585,0.2627960647154591,0.7112489758115826,0.10213828888662445,2.4319743784991177,0.35445792154157485
659,661,33,0.002206852986780701,0.0009513980766412697,0.03555580076168884,0.007350509564798999,1.0745869811737176,0.473767493890147,0.7987465605591283,0.14011399664398086,2.4254312226266572,0.6512181739172856
660,662,33,0.0014712795770416658,0.0008252662828118712,0.03165736021191785,0.01011550708396523,1.0776011564514854,0.3017040175992761,0.8986603021621704,0.0980371998935189,3.088952346281572,0.5826114251671569
661,663,33,0.0007710111306302927,9.67300451656281e-07,0.02493331643442313,2.2080404376303688e-05,1.0018582994287664,0.021730964409667874,0.8987295031547546,0.009768106454991978,3.1936998295061514,0.020429885975854246
662,664,33,0.003088781790045852,0.0014604467996605158,0.04634414613246918,0.012531539837577987,1.0830849300731311,0.21493944708476653,0.9026856621106466,0.06577728465477022,3.0815389878822095,0.3357028349814701
663,665,33,0.003245518054234598,0.0017062168065834658,0.043370841974110313,0.011473279727473577,1.085682494170738,0.23717751215698132,0.8356618808977532,0.08473433772621321,2.5739802591728442,0.545026678317314
664,666,33,0.0007911475673388464,0.00038123872429627936,0.02179650809954513,0.003467709976051916,1.0787238803776829,0.2629206980219325,0.8367172389319448,0.0978918552354996,2.7085236925067324,0.5237531626467622
665,667,33,0.001379153146196834,0.0013095728168525682,0.025717422930580196,0.014319369404595416,1.0512527042266093,0.2653211944411897,0.8454034355553713,0.11425304692752657,3.0960228009657427,0.3747973931177062
666,668,33,0.0009463854627084044,0.0013842594501906195,0.021800456879039604,0.010001164123076339,1.061497539281845,0.7565177021372754,0.8365745147069296,0.14996344767488495,2.8688094760432388,0.8281190939044663
667,669,33,0.0018333974858802376,0.0008636024412225383,0.037048334763808685,0.009599008810389754,1.0643449967557734,0.23192726397528304,0.918549656867981,0.08485346245697248,3.2538722067168266,0.38419370133679603
668,670,33,0.00041617537058438313,0.00014506298620757516,0.015749647253842064,0.0014098300457006355,0.9953341782093048,0.35053722150035593,0.7721568029938322,0.1195176432648388,2.4759247303009033,0.3959477543395918
669,671,33,0.0006438795932229947,0.0003258370309745624,0.020436874788367386,0.004590225986286313,1.1358344627149177,0.47230501857779345,0.8750697338219845,0.13019657592140013,3.160950436736598,0.5058134339373695
670,672,33,0.0022250558381942524,0.001061546872542116,0.027681683952158146,0.005446573769912957,1.062671347097917,0.36478330438187095,0.6161001035661409,0.07678447289122066,2.189304536039179,0.3017328828176969
671,673,33,0.004635619613426653,0.0009158579011772726,0.05118848710800662,0.003953296670424126,1.0266612641739123,0.22801175126033843,0.7608545837980328,0.0720854824194133,2.5349224480715664,0.2679635434578962
672,674,33,0.0038991485524809723,0.0006357990726570713,0.04743987446029981,0.00371496127321959,1.0473893320921697,0.16714061593004997,0.7783573432402178,0.06491936176632361,2.2403723218224267,0.25184894207916203
673,675,33,0.0007582169112565955,0.00028314206978861625,0.0230530970588778,0.004746709872683916,1.1072586314244703,0.5527588638716732,0.8774983250733578,0.1979758834441996,3.2855401039123535,0.9012644058728367
674,676,33,0.000443155243181426,0.00012752176495644572,0.01786716595630754,0.0024255036200570273,1.0553321161053397,0.3905376163790058,0.867395332365325,0.10547855790514697,3.41217835744222,0.4061869311138916
675,677,33,0.000513618933230949,0.00014843728455535965,0.018717121248218147,0.001913947135520161,1.0109373186573838,0.3132580798893306,0.8290618360042572,0.09569799867504192,2.924283988548048,0.38615912834211646
676,678,33,0.001094452235988821,0.00040426659164727346,0.026608983224088497,0.002326813875694207,1.0338130647485906,0.4343214974238876,0.8156444918025624,0.097570928600115,2.7666937112808228,0.44127510246433493
677,679,33,0.00039618285496324074,4.477358488665181e-05,0.01708261301797448,0.0009384247324176315,1.0204700827598572,0.10962666040177708,0.8670135501659277,0.041525132148375256,3.229652007420858,0.25414306180115737
678,680,33,0.0038787716625709877,0.001204841594902447,0.044806205187783096,0.0060777298165635065,1.0264902485139442,0.27399624292859137,0.7305040883295464,0.08424533363415616,1.9313689867655437,0.23908079908227695
679,681,33,0.003992250386738416,0.0007166845741886635,0.05130782610539234,0.004539924192596634,1.0133299628893535,0.1860120795906354,0.8170007810448155,0.07245929149763075,2.3941128326184824,0.24524937873284577
680,682,33,0.001926506298001517,0.0003646396872166061,0.03561540992196762,0.00266582864035428,1.015038226590012,0.22766297489021492,0.8159392403833794,0.08166707022545985,2.3763572627847847,0.25579140494223845
681,683,33,0.00047375919265587896,9.95462607638502e-05,0.017864089007630493,0.0009002756895558296,0.9608687939065875,0.1743171665193363,0.8059634313438878,0.06314270991044743,2.5609259641531743,0.3289773394668969
682,684,33,0.002970240338155153,0.0011369513575448186,0.0376993426206437,0.005551341223350663,1.0920186602708064,0.3448665805403151,0.732977852676854,0.10127475649557902,2.4721668380679507,0.5663681042329091
683,685,33,0.002383895087846075,0.0005484168438642574,0.035394567318937996,0.003492099074395676,1.018652870799556,0.17237059847970435,0.733349247412248,0.04391638462674677,2.4997790112639917,0.2816144604995551
684,686,33,0.002509530499633966,0.0009904892409043158,0.034830378368496895,0.004622430318148255,1.0500900655081777,0.2632407418818574,0.7259810061165781,0.07924092084770945,2.4482001246828022,0.2998080206042538
685,687,33,0.0024984632631954314,0.0016214151365077257,0.030430424111810597,0.011837471600269104,1.2050665824702291,1.2158961720287158,0.7276948202740062,0.22883984770950191,2.492624156402819,0.8429529669212191
686,688,33,0.004273525365120308,0.0014160409674242697,0.044204973982590615,0.005629157137199377,1.050554231260762,0.42918658762569417,0.689528249429934,0.11331190095854571,1.958363211516178,0.35758466832667646
687,689,33,0.0012672461964415781,0.00035561452043604336,0.02890922563771407,0.002878050911137259,1.010427252812819,0.27052885821506767,0.8168829209876783,0.08881605780446164,2.5787305145552666,0.3988410203448145
688,690,33,0.0035550227268796525,0.0008163562986200614,0.04046300911542141,0.004976410068154445,1.0243452895771374,0.2048839903346072,0.6872508571003423,0.07161228069226332,2.384884010661732,0.2592363556168019
689,691,33,0.001545585071047147,0.00045851932401147266,0.030971150167963722,0.00316273971655835,1.0595028454607183,0.318810228750963,0.8106260787356984,0.09732959530665257,2.5757159464287036,0.35629050863629647
690,692,33,0.00024089298632602686,3.400647885996899e-05,0.013938929942069632,0.0011069052255484567,0.9942782123883566,0.10533404984116328,0.8959958155949911,0.055918309529564766,3.31591678388191,0.18091130008943251
691,693,33,0.005876499580953157,0.003009938011604359,0.034299270673231644,0.008746075287891234,1.1881098074443412,0.7476453795377485,0.47204902948755206,0.112869900866816,1.8969708247618242,0.4852867910890901
692,694,33,0.0005735821693881669,0.00019452434000644006,0.02057985368777405,0.0020023677593767725,1.0035387891711611,0.29640354962683313,0.8643995956941084,0.0828394842646618,2.9218293825785318,0.3178563909787617
693,695,33,0.0030599822198520556,0.0013340688981033249,0.04550731424806696,0.011913821218098503,1.2476079987757134,0.5437463862535509,0.9169776818969033,0.1803646372359173,3.2523578694372466,0.8228033821493237
694,696,33,0.0011693375559072151,0.0007314866929223571,0.024929458077884083,0.006771266426193287,1.075007261651935,0.5339591991530034,0.7886277184341893,0.17461019293229982,2.7643286965110083,0.7777393095898659
695,697,33,0.0012500921209610885,0.0005816287470985034,0.028400203721089798,0.004975649224007374,1.1359862034971064,0.5225647964351884,0.8619647712418528,0.12724009938286351,2.9138006152528706,0.4668759605479347
696,698,33,0.0015484982815740461,0.000669424738333388,0.02635870140158769,0.004303220861283161,1.0379364978183399,0.20668353184907692,0.6989044565143008,0.049816144287861214,2.3893281402009907,0.15989231292391842
697,699,33,0.0008439469101810546,0.0005663251800314588,0.023291755749872238,0.004395699912807992,1.0607644662712559,0.410129254620166,0.8561007055369291,0.09862094848110622,3.080340674429229,0.36459200960295296
698,700,33,0.000590716082969624,0.0005258878690332191,0.01943346189165657,0.0043820668512443445,1.1778337991598882,0.9377556916808797,0.8844902912775675,0.16518408282410732,3.1232933817487774,0.5902984279484984
699,701,33,0.019698026082055134,0.0042811561950896766,0.08861451076738762,0.01152679737162473,1.053018387519952,0.2589823725721938,0.6442081458640821,0.07041431620230418,2.3386196078676167,0.22076741941408157
700,702,33,0.00028932218970801455,8.20820564520593e-05,0.013717562468214468,0.001564885549406319,1.0058548694307154,0.335708033558685,0.8088911844022346,0.13164288958404663,2.638340270880497,0.4510702888409149
701,703,33,0.001283175691214362,0.0003297887587221214,0.028315782829216034,0.0025376398797164333,1.0432420842575305,0.18955536788004068,0.8117077639608672,0.04803783929347992,2.674642613439849,0.2255272191077499
702,704,33,0.0015714482905230288,0.0008675439499466176,0.02562624707140706,0.005284836559626621,1.058393819765611,0.2720539341540006,0.692078892028693,0.0635073788940154,2.360459186814048,0.21516184825980494
703,705,33,0.0021908862558616834,0.00046390155612450193,0.03933587365529754,0.0038199730636696663,1.001960201696916,0.1381179977020304,0.8436520009329824,0.04061011286737899,2.6483567266753227,0.18312705984999
704,706,33,0.0010000472450911095,0.00035665099774146147,0.02221615096046166,0.0022349168494845716,1.0848531741084475,0.36709570305528605,0.7357296654672334,0.09356819229458695,2.450740539666378,0.33642312105313216
705,707,33,0.003600343564440581,0.001197519148907592,0.04072323509237983,0.0062910711123716975,1.0099421288027908,0.1861557151170118,0.6957395943728361,0.059375612788244804,2.505881078315504,0.2399822256234804
706,708,33,0.0013751406998684008,0.0002460455373564849,0.03134897334331816,0.002169167845356565,0.9905796069087405,0.18372434243025565,0.8417504971677606,0.06582859346654087,2.7715661308982154,0.23871090429151803
707,709,33,0.001810752483310573,0.0011318346301644473,0.026751875030723484,0.0057015236646395205,1.0698366183223147,0.2793867000231147,0.6910590547503848,0.08484661151867784,2.364722779302886,0.3019624095063791
708,710,33,0.0029695573135871778,0.0005985209850278626,0.03997450756529967,0.005355629672839945,1.077363462159128,0.2508817833597954,0.7584213307409575,0.09631497226011214,2.3690251111984253,0.2937142131174923
709,711,33,0.0005885336638929209,0.0005910163564091121,0.014429887954258558,0.002903323461734614,1.1748285993482128,1.195600620284728,0.681489803574302,0.22916786343356774,2.6818994608792392,0.7149695645620989
710,712,33,0.002154855424481811,0.0004834555456522613,0.031056718957243545,0.0026348337055502376,1.0597313859245994,0.21755410961876767,0.6901390715078874,0.06237588667873946,2.234597350611831,0.2034478962241056
711,713,33,0.0003922224039508199,0.00010464406599372937,0.015925467832747734,0.0014454065540672595,1.006547181895285,0.3291739153146024,0.8018844651453423,0.143338068440722,2.0427229404449463,0.33854842622850156
712,714,33,0.0002989913147316794,0.00012828997540416303,0.015102936039594088,0.0020961908586870936,1.049079221306425,0.38491355990872567,0.9012188658569799,0.07626779102957443,3.770743348381736,0.4436047316790739
713,715,33,0.002613148472102528,0.0010178353359327939,0.0342372115701437,0.005185567849567409,1.0742918867053408,0.5326605827649366,0.6879481257814349,0.12490224806083237,2.442517891074672,0.36950036806383285
714,716,33,0.00046229605196100294,7.608142148572544e-05,0.019561316535779923,0.0011821512946271688,1.00637722196001,0.12499582761643692,0.9142519452355125,0.045197562386900356,3.1318487326304116,0.3152369460456451
715,717,33,0.0008385575730988586,0.0004112206833268715,0.021173667670650917,0.0033214322837188384,1.0379109558734028,0.45915004179541213,0.7521057878479813,0.15974735568162401,2.360519954652497,0.5140217598565832
716,718,33,0.008048577869141644,0.003252212867818266,0.07894851018985112,0.010617000832156243,0.9858276365381299,0.29358971395644096,0.8806712591286862,0.11299182200757928,3.0294775673837373,0.6103375964424852
717,719,33,0.0006827277036129751,5.049517197774185e-05,0.023593408930482285,0.0008368948898565861,1.0012984799616265,0.07655612866650949,0.9035184293082266,0.03509680631451508,3.3707561998656304,0.13684896835105798
718,720,33,0.00016745052319796136,9.182575530015678e-05,0.010947474476062891,0.002272665642275203,1.031380411011703,0.38876441501895487,0.8742643820516991,0.1365973911663958,2.9464477481264058,0.3406782279793133
719,721,33,0.0012587928213179111,0.00011591128916842635,0.03138519038982464,0.0007994335163388444,1.0194648323637066,0.08388415657209253,0.8935080152569395,0.023880837120657118,3.5562913201071997,0.15092660627346222
720,722,33,0.0014442230032838063,0.0022824414020040425,0.017769071217061894,0.007423313653196222,1.3692800650993984,1.4062527532638418,0.6954167720043298,0.25204795873975405,2.335755554112521,0.7650924452867968
721,723,33,0.00028984150522967065,0.00011587929384917543,0.014028677180635206,0.001635087324903828,1.0059492258411464,0.28809831127337815,0.8391146352796843,0.13681761975708442,2.862322366598881,0.6016911107354256
722,724,33,0.000782926629516155,0.0014213230657354986,0.01828631730467984,0.01299960772798758,1.0440022602225796,0.2844382729906111,0.8791491298964529,0.08414806148479188,3.072989918968894,0.3476486180658554
723,725,33,0.0002245687585055941,9.823640859271908e-05,0.012321760341750853,0.0017929580001021079,0.9909862340851263,0.49225106798654206,0.8125506693666632,0.16827169837285244,2.8229756319161616,0.4596292687415743
724,726,33,0.00047562794850708804,0.00042380488379366104,0.013181417164477434,0.0024610857509142145,1.2393764126481432,0.7873595343321942,0.7385819572390933,0.22386573163534812,2.621724172071977,0.7438944206140643
725,727,33,0.0007202291034804093,0.0005662334525127166,0.014595705931159582,0.0029865228389266054,1.2381155102541952,1.1049891658005482,0.6075774395104611,0.17339852241001946,1.897406979040666,0.50397397422341
726,728,33,0.0012168174487834965,0.0026937509609477796,0.01657202151237112,0.01371183321499125,1.1129651205106215,0.572997362471859,0.5912918204610998,0.13464044904195388,1.8298087878660723,0.5585873908065989
727,729,33,0.003590783908624541,0.0006805430575176139,0.049519582228227096,0.0034296660266622996,1.0152663028601445,0.1979642598851839,0.8329767693172802,0.05349743963574001,2.4164901357708555,0.17760704461829932
728,730,33,0.0003138706910469795,8.140414151981257e-05,0.015165726908228615,0.0022182414768736956,1.0561956618771409,0.3706893813982535,0.8821928085702838,0.12047820185938653,3.1113244620236484,0.39558877457853403
729,731,33,0.0008276505431047443,8.115251189802353e-05,0.025234884441350445,0.0010918710396101339,0.9981489958185138,0.09134062355157956,0.8766747731151003,0.04049327352544811,2.8952874342600503,0.18024939085284408
730,732,33,0.003461261865485347,0.0007156709222156533,0.0415584874536955,0.004069930642522465,1.010138042045362,0.21344021574985195,0.7104380257201918,0.06825044805923233,2.3606528260491113,0.21939496686926013
731,733,33,0.0005023857053002399,8.303757229859926e-05,0.020334497771479866,0.0019189636299904308,1.0086606560331401,0.054428645100570494,0.9130460637988467,0.030166189844757683,3.3673189119859175,0.17761538510518235
732,734,33,0.0030212213927315493,0.0010773637393770251,0.037379041596344025,0.004581676157402573,1.0543208953106042,0.2978907690290018,0.7056692495490565,0.07872277607605808,2.322732495539116,0.2435484809153334
733,735,33,0.0001570747406345397,4.6863977903902795e-05,0.010996903095281485,0.0012664068741188282,1.0076830080061248,0.30565273490251954,0.8799430258346327,0.11066369743299692,3.165109244259921,0.38958644607364873
734,736,33,0.0013631333748697107,0.0007652711058241124,0.02783576472464836,0.004863707446408188,1.1382100022200383,0.6844948255513429,0.8166022318782229,0.1367298164912768,2.558697451244701,0.49998889475873204
735,737,33,0.004145732992610922,0.004942033385798683,0.03888964737680825,0.018223194021240282,1.3795502533515294,2.110562858580133,0.7412540560418909,0.27529365937792005,2.888383215123957,1.0464052408600606
736,738,33,0.001102842198275594,0.00027795258940213163,0.02757423489608548,0.002696383212484865,1.0265788165005771,0.15963732583157822,0.8468773148276589,0.056173718574347456,2.5517578558488325,0.1948401753014688
737,739,33,0.0011888201962309804,0.0007575315238569003,0.02337817610664801,0.0049160935720655675,1.165362921628085,0.673155382429327,0.7399410713802684,0.12424268995646176,2.49268013419527,0.4463902002729268
738,740,33,0.0014705582042083595,0.0004497432286544434,0.030536785834666454,0.0035664416320763345,1.0735206929120151,0.3559552318849318,0.8297015193736914,0.11286145800440801,2.941631880673495,0.4172199235042063
739,741,33,0.0005798177523750135,0.0003159561068623565,0.018439166247844696,0.0028445878006181425,1.1661035960370845,0.8946887625841226,0.8139306541645166,0.16435635137105706,3.0873640378316245,0.6230940979835564
740,742,33,0.0011246250042776492,0.0008289648231248448,0.02177240177424568,0.006368012267113467,1.0763504803180695,0.46989513769921487,0.705531960183924,0.14486825525924715,2.2697986075372407,0.5231969225403668
741,744,33,0.00132817553998338,0.00036698416510808546,0.028780337874636505,0.0017948672475575002,1.0029836333159245,0.3222392557731487,0.7918402516480648,0.10258688446783411,3.004308743910356,0.3042579954838632
742,746,33,0.0019659741365379005,0.0011809854941792184,0.031073194674470207,0.004740513394980068,1.1619088839400897,0.5550347734158536,0.7761885632168163,0.1220001645815212,2.5825488711848403,0.4449780673324621
743,747,33,0.002521929865575988,0.0012726651469337226,0.029887230389497497,0.0050731329292790115,1.0594259599844615,0.5006267028321125,0.6295269664489862,0.12371785582410971,2.5820428024638784,0.4472764365400423
744,748,33,0.0007874553971994443,0.0010428012529967124,0.017611473996305103,0.00582588901022748,1.182508773875959,1.280586220960106,0.7617034090287758,0.18469463199287572,2.7119837601979575,0.7300629752203152
745,749,33,0.002276956197227154,0.0009160649967354018,0.03349399702115492,0.008324342785526986,1.0203746557235718,0.40362742235482707,0.7084126833713416,0.13050380344556875,2.3321119944254556,0.46104307292751345
746,750,33,0.00012278364099047118,3.9817234108141166e-05,0.00968217087740248,0.001106526101099175,0.9854547390432069,0.37859322423304975,0.8647588256633643,0.13474337031415085,2.857999902783018,0.4577203537646657
747,751,33,0.00011392671678384596,2.0223382439253625e-05,0.009696298278868198,0.001124629811965545,0.9863951043649153,0.09241924577018579,0.9029565200661168,0.054672414668015076,3.2068766463886607,0.2982315388893304
748,752,33,0.00013230698382496044,1.000330148131021e-05,0.010243043613930544,0.0004263905058991693,0.9881744691819856,0.07527814358180351,0.8851936838843606,0.03581847116705481,3.047751607316913,0.17458125350601825
749,753,33,0.00011633948915087703,1.0319556881302996e-05,0.00976306123828346,0.0004439731551620576,0.9815438769080422,0.11336811860412004,0.8958103584520745,0.058249365081796144,3.0714172955715293,0.16980472974824917
750,754,33,0.0015662354328951826,0.0004708520016568738,0.026271794725096588,0.0031443596666824863,1.102940680402698,0.28707136285939094,0.6983525807207281,0.06931500601507026,2.5885173696460146,0.2893532345298988
751,755,33,0.0009135050579171741,0.0005369300469993145,0.02324861338870092,0.005236777500899941,1.0789473670901675,0.30450341380997725,0.8439677520231768,0.10855708259333992,2.9260404724063296,0.5887172927449369
752,756,33,0.00147177845726467,0.00047571234365919554,0.02954904602445436,0.005234013494460315,1.0103991790251299,0.20976855680720058,0.7885315905917775,0.083964529953101,2.798377112908797,0.4550157986944465
753,757,33,0.0025793355572122064,0.0006068117506689537,0.04156545131947055,0.0039950047008444805,1.0388354406212315,0.15338120603014851,0.8387166044928811,0.060088315473735845,2.65162967190598,0.21107382912478434
754,758,33,0.004262604623694311,0.0007160559698114052,0.04620772171201128,0.003790170163998363,1.0073649287223816,0.14102516114354074,0.7104737632202379,0.041812552752735634,2.614636753544663,0.19975591864997572
755,759,33,0.0012364470237640269,0.0002920471011484286,0.029133333852796844,0.0017966794112712218,1.039272640690659,0.27397936621924085,0.8429766225092339,0.07146828249320489,3.0823968757282603,0.3234515291198108
756,760,33,0.0021882428149128277,0.0012745747337409392,0.027914350457263714,0.006592648513184717,1.0561555046023745,0.313640816421542,0.6231477549581816,0.07368910014205028,2.339766906969475,0.2639272518444766
757,761,33,0.0006431380955318948,0.0003598600810669883,0.017445371119361935,0.002234160540169469,1.1586475507779554,0.6434202402572272,0.7432815071308252,0.12200768553768129,2.3016059145782934,0.3310455241330152
758,762,33,0.0010331749129391303,0.00048383600361910715,0.024195680564100094,0.0030125040835734082,1.073272780938582,0.5286187465376297,0.7830597667983084,0.1360179493715111,2.3212364984281137,0.5784933395090368
759,763,33,0.003191554033423238,0.0011904472405649495,0.031113541487491493,0.005927634402987882,1.193253201968742,0.48153651302873957,0.6016950824043967,0.09731631980200649,2.0615207751592,0.3191305026808598
760,764,33,0.0007113382920524049,0.00015629184450350036,0.021315893525201263,0.002451780054684478,1.1047471996509668,0.38835624304245514,0.8348731597264608,0.12236377184799571,2.9858764373894893,0.4470986733614299
761,765,33,0.00040005134845462936,0.00014266243042084878,0.015866569920696995,0.001100941763856951,1.029980121236859,0.34988842512929025,0.8066126668091976,0.05626034077366658,2.9237285599564062,0.20284271281219818
762,766,33,0.002100913739537425,0.0013137932632239179,0.025076516649939797,0.005015573165005045,1.3517563487544204,0.852866944508809,0.6410649644606041,0.1480089500448714,2.0715164596384223,0.41946796333940023
763,767,33,0.0014701249981016824,0.0002948628170633275,0.03225451922326377,0.002145674688159653,0.9933752038262107,0.2137956771948645,0.8383657769723372,0.06993235851681118,2.7766333493319424,0.30602693521850693
764,768,33,0.008991560101452651,0.0015803929122994566,0.06454952095042575,0.005754651042043207,1.0258324444293976,0.17521310160051431,0.688841537995772,0.052375889763520686,2.41825705947298,0.17968880585360522
765,769,33,0.0034717113576885877,0.0012111484598365174,0.0398036398445115,0.0056212585748732355,1.0113775784319097,0.3501001255358535,0.6818725448666196,0.09678034523599176,2.1889799761049673,0.30548633469998326
766,770,33,0.003182327350121782,0.001172404471867947,0.037640689674651985,0.005619833339455989,1.032715997912667,0.3753849950641035,0.6818949571161559,0.10077579101791648,2.154870174147866,0.30545502666301116
767,771,33,0.0016385119595339127,0.0007916826459208924,0.02946694138826746,0.004334448207347494,1.0299136385773167,0.3823335150626642,0.7546672279184515,0.11087953765964231,2.432266343723644,0.368606955663203
768,772,33,0.002698025897244048,0.0015227444510369711,0.03490496963036783,0.008713742115960064,1.152949670047471,0.7140837697410399,0.7264503339926401,0.17389064433452997,2.1585691408677534,0.5777788447568053
769,773,33,0.0032372807803436776,0.001614377653045967,0.03393975964211153,0.007522366754486873,1.3895092489141407,1.514243289608768,0.6749376428849769,0.24080995231820806,1.957716136267691,0.7643533104952616
770,774,33,0.0028054855916486827,0.001909433263068875,0.02812255566205942,0.007541790289983152,1.1274424610715923,0.7018957844181487,0.5864303500363321,0.18246289308774896,2.176237055749604,0.630084180541425
771,775,33,0.0014242547084436271,0.000924471521242933,0.0294218799945983,0.007129285734036398,1.194200170762611,0.902085565900372,0.8725895809404778,0.18534836963203055,2.9344081336801704,0.7712628233491635
772,776,33,0.0012872666014697063,0.00046054601273712146,0.026714181075945045,0.0045061587521857994,1.0010070150548762,0.2422931059180117,0.7503755923473474,0.07240121286514428,2.6780798651955346,0.2580731803493211
773,777,33,0.0012410053803416138,0.0006692350318671822,0.028989533639766953,0.0068525895426016946,1.062177907336842,0.28737048774355467,0.8786082394195326,0.09461124042535378,2.92253159754204,0.4880813554634159
774,778,33,0.0009019709082856549,0.00022705553070157433,0.024905596831531235,0.0024786849636306936,1.2469406182115728,0.8908131730240808,0.9035605752106869,0.21520660190223478,2.9425093838662812,0.7199557367435666
775,779,33,0.0017849639936519618,0.0005804691507291038,0.03048300878568129,0.003701113731938443,1.075377395658782,0.3535003238876816,0.7516191674001289,0.10384889118173819,1.9836262753515532,0.3055410815314379
776,780,33,0.001267743854303703,0.0004954650059687844,0.028840034240574547,0.0028618340678019894,1.0432848803924792,0.4181349075104278,0.8256966977408438,0.11130362983758509,2.623700196092779,0.4259370094284642
777,781,33,0.0013306601851416583,0.0004950513636603563,0.029793377739913536,0.003912217645136876,0.9912785562601957,0.2594531726982966,0.8202101895303437,0.09230961217650792,2.5958570422548237,0.4123202749215438
778,782,33,0.0013682631225409832,0.00028519470679087247,0.03127399544146928,0.002164198051054835,0.981290132710428,0.19817671068995446,0.8382219058094602,0.06845915273469536,2.779542171593868,0.33347783327543334
779,783,33,0.0032870493808083916,0.0010525423269811603,0.04243697626798442,0.006801080532769082,0.997355883771723,0.2428876079157546,0.7415254567608689,0.07185914647567386,2.0042476798548843,0.2318307067880952
780,784,33,0.0015359582612290978,0.0005187680913082326,0.030154397203163666,0.0034357312755709277,1.093013665892861,0.47434913982354726,0.7975872736988645,0.12946175504314744,2.4987297094229497,0.45771865556543956
781,785,33,0.0030296902193433857,0.0009628823469120969,0.03850192700823148,0.005342667888836889,1.0442394812901814,0.4653457676493282,0.7095878756407535,0.1321004505390939,1.970679572134307,0.3839140824939
782,786,33,0.0031686335675079713,0.0012770310461652458,0.0401666018773209,0.005675751428212696,1.0867978244116812,0.6189736060394136,0.7339035417094375,0.15201538935882378,2.1017507459178115,0.4419554260742566
783,787,33,0.0015195057812062178,0.0023414462791898362,0.028379642376393982,0.008093678073002018,1.2099321168480497,1.4288144354672807,0.8390118028178359,0.1669982456888056,2.8988479195219097,0.4890446215556308
784,788,33,0.0011127173025725465,0.0006492865470118176,0.027378763100414566,0.007094438257326728,1.0665445472254897,0.2876899087254676,0.8701298092350815,0.10163290390469383,3.247147155530525,0.4415734299534193
785,789,33,0.002044393284119327,0.0007267690297906985,0.03064479464382836,0.005478377495040133,1.086862639947371,0.327544130014446,0.7111274852897181,0.10365137349453678,2.7094369006879404,0.4299835440803242
786,790,33,0.00030546450646149674,0.00033638308178363157,0.011730468831956387,0.003578723106794724,0.9126108279733947,0.2734351462624587,0.7469580634073778,0.1629906376826231,2.566802017616503,0.7714997537110232
787,791,33,0.009527824021819415,0.0019310265743376577,0.06577783439195517,0.006347706504606275,1.018261660229076,0.20779241659965914,0.6789967778957251,0.059180893611411794,2.406060879880732,0.20671245068198454
788,792,33,0.0012403526219934452,0.00029352810488674635,0.029272061349316078,0.0020880380708679317,1.0036910338835283,0.21826091174988643,0.8341339447281577,0.06744018274241086,2.6710978023933643,0.32930823217640526
789,793,33,0.0030816873062797117,0.001173559158460914,0.03603872967263063,0.004855067244303372,1.0190107587612036,0.4042143842946248,0.6563113142143596,0.11051446430288485,2.3137379451231523,0.3666754617455322
790,794,33,0.001787951348391785,0.000793348124918245,0.028884029185230083,0.003079199302676404,0.9941127408634532,0.27183521784757725,0.7044038059133472,0.11211008661490737,2.2813603697401104,0.5047420330337071
791,795,33,0.0012494081297931684,0.0011696984537988364,0.021697471031185352,0.009426562683533311,0.964648858164296,0.4438725934320453,0.6760798060532772,0.14568380888207846,2.127219315731164,0.40837735484784277
792,796,33,0.001968154540835795,0.0017883853573904703,0.022049238058653744,0.007920774163736715,1.3632897260514172,1.8716065043905603,0.5442014833291372,0.22595456581479229,1.7598239905906445,0.6910333670957433
793,797,33,0.004182857380135719,0.001523686974562958,0.03501344692300667,0.0065456660817239335,1.481856653410377,1.8152153297611868,0.6093979089549093,0.236717124096195,2.0508156761978613,1.0379998214878414
794,798,33,0.00617231446967432,0.0013787326652520125,0.05942721269799001,0.007347733630810199,1.0333621700604756,0.2680076447358041,0.7651215304027904,0.08618336658983222,2.2460691278631035,0.23910547433327242
795,799,33,0.0010538363765755837,0.0001772236810740374,0.02717589186222264,0.0025718721321536914,1.0203098167072644,0.19217076764356497,0.8451077432343455,0.08567526147749208,2.8601155136570786,0.3306147551570414
796,800,33,0.0007133883473491578,0.0006473140546820701,0.01934692957861857,0.002611442590514658,1.1369503230759592,0.8352031005193287,0.8097168035579451,0.16489089562181547,2.9663194381829463,0.608249092347854
797,801,33,0.008593024890587636,0.0015281237357756099,0.06588107866771294,0.00567034303095862,1.0288902241172213,0.177186361903794,0.7203926660797813,0.05474696043158188,2.4005728418176826,0.20320526833344893
798,802,33,0.0005216706600604635,9.822638823309501e-05,0.01827035279888095,0.0011747710936033159,1.0237429449052522,0.2510205020933874,0.8079731103145715,0.07570013897241096,2.5336079597473145,0.2417918856724956
799,803,33,0.0036681547662186804,0.001301948442379485,0.04134729165922512,0.0064400230821816395,1.0481151297236935,0.4382792078656347,0.6957066582910942,0.12149684861411864,1.9188892552346895,0.32900442147862025
800,804,33,0.005048997763713653,0.0012349754142053503,0.05543775800051111,0.005849574939860886,1.0482946182742263,0.2298124396218414,0.799591266747677,0.07692642842218564,2.156318780147668,0.25361040590079426
801,805,33,0.0009953541871668263,6.50288660146268e-05,0.02816673204528563,0.000976954442455204,0.9927654645659707,0.09281501636773701,0.8889586148840009,0.04403417659884681,3.032328974116932,0.1622240884067731
802,806,33,0.0014692885645975669,0.0001649046602645912,0.03443621364281033,0.0011109642191678446,0.9963845709959666,0.1815484145865384,0.893644080920653,0.08708537649236915,3.2912793881965405,0.25462846306073067
803,807,33,0.0027349066486666825,0.0031816455507943033,0.03287586914093205,0.009182342797757342,1.1808615864226313,0.8371258217074445,0.7506896808291926,0.18172113098168047,2.7827104510683003,0.6066847044709368
804,808,33,0.0036281279895003095,0.0007109432784181153,0.042496520122795395,0.00397342050687764,1.013421325972586,0.1991793367495398,0.7102283943783153,0.06177129637161171,2.3129209063269873,0.20589250879852625
805,809,33,0.0024117573488955245,0.00038360422010830437,0.04026293032097094,0.00219273452849252,1.0284402262080798,0.19551469621111325,0.8302783622886195,0.06156691306073358,2.59251408143477,0.2064164379872112
806,810,33,0.0016132814926095307,0.0006603682886240103,0.02773936606492057,0.003080339445497755,1.080547323732665,0.3544877056789681,0.7249974834196495,0.10452523651859126,2.287091685063911,0.3440121640616502
807,811,33,0.0008721182433267435,0.00033130264387896453,0.023804784724206635,0.0029003374228901493,1.0646905519745566,0.31439302979312356,0.8392674200462572,0.10968349052488487,2.7079783461310645,0.38847396737159834
808,812,33,0.000753562321540702,0.00017084932803161496,0.02270966756976012,0.002023270119646635,1.0157103818474393,0.2697978122422637,0.8321554516301011,0.08994078376439679,2.6252377791838213,0.3642077516055768
809,813,33,0.004047767731897307,0.001570422214050957,0.040943455402598236,0.006598054725923326,1.0464658032764087,0.41642774761358525,0.658679288445097,0.10522526543147001,2.2638118519927515,0.3595392086420834
810,814,33,0.008010853018442338,0.0020000175294772526,0.055434055852167534,0.007353568332515962,1.134726935263836,0.3461959167709081,0.6547646793452176,0.07809127717820184,1.9947237679452607,0.2607128726143217
811,815,33,0.0024022432114703188,0.0008257455301415215,0.03268876700012973,0.0036392900731520867,1.076637575120637,0.29134838035888405,0.6991359374739907,0.0823656183685393,2.0821888952544243,0.25341764545329104
812,816,33,0.0011261816535173266,0.0002462523357790653,0.026480595722342983,0.001990832509760992,1.0413201198433384,0.19407984072194515,0.8075235937580918,0.07128953737311433,2.547086730147853,0.2336814049248312
813,817,33,0.0005152585050161703,0.00048390595768832363,0.016264707104048946,0.006611910199669431,1.023143708705902,0.28531043871355877,0.8055941010966445,0.10322915948342161,2.6947688442288023,0.4042397438591024
814,818,33,0.0008787118977951733,0.0002672080383103461,0.02406220663000237,0.0022768607314889457,1.0425812656229192,0.18814171098558097,0.8361098531520728,0.07815754825230954,2.645658518328811,0.35326011181165845
815,819,33,0.004604067655181456,0.0018816072232340974,0.041615866124629974,0.010016143420222947,1.0471308122981677,0.3043950550638057,0.6411366580110608,0.07686838836450054,2.1596134828798697,0.24971341563755048
816,820,33,0.0006484059267677367,0.0003809621399791111,0.02010924369096756,0.0015576803187625202,1.1467963457107544,0.8319684581218527,0.8341017591230797,0.14901771282728668,2.8090724403207954,0.5295615268134324
817,821,33,0.0006609644774333433,6.202603053318803e-05,0.022545591899842926,0.0011466968676560536,1.0120398492524119,0.06735187143396644,0.8829053170753248,0.03442992134984221,2.9640986124674478,0.13106717101015694
818,822,33,0.003131804752311754,0.0023736172595350863,0.04069598936334704,0.01832786891469744,1.0565925574663915,0.31300398344215413,0.8122034253496112,0.11685429193105784,2.791366721644546,0.49289111976056926
819,823,33,0.00047266410106341493,0.00020654360423894334,0.017725849919246906,0.0015793755288753006,1.1404715794505496,0.5798917881468716,0.8619055404807582,0.12200550418891883,3.0775376016443428,0.4284601122747125
820,824,33,0.0010659501827886384,0.0005176018554470832,0.02488571478787697,0.0026072471223755147,1.0872476227355725,0.6416161612747501,0.7862510437315161,0.1380190667648793,2.5201291062615137,0.46236344425163706
821,825,33,0.0024663720286105563,0.001570067484009693,0.03285087134237542,0.0104144098858541,1.1641386810577277,1.087679978217602,0.753992189060558,0.1634492950994337,2.597910664298318,0.7877608447600689
822,826,33,0.0008137345465718571,0.00019612697407538957,0.024200961078432472,0.0036239606965379526,0.9859236551053596,0.1799647481799212,0.843060081655329,0.07828068436747156,3.044597199468902,0.3771953361465697
823,827,33,0.0023464913705758977,0.0006333786521751858,0.03250334919853644,0.0033495451456037584,1.0760545884117936,0.2977034943896847,0.6963086877808427,0.08436151171340946,2.265846028472438,0.25699588194328565
824,828,33,0.0015550953482461134,0.001044017614938162,0.02626612980031606,0.005429205676451924,1.0574772068948457,0.3935293092412044,0.7211837786616702,0.0918615957973323,2.422791260661501,0.3365101313883439
825,829,33,0.0017556295250401352,0.0009811740770311625,0.029864382506771522,0.0030462301035446278,1.1055786176161333,0.510047161309518,0.7590368877757679,0.08412562001118849,2.5238560329784048,0.30038394208413455
826,830,33,0.0015430436046286063,0.0009603254322892774,0.029377977899981266,0.004077571212969155,1.0696426964167394,0.3739717289433355,0.8109741662487839,0.11597153221771322,2.692965294375564,0.5671422352624442
827,831,33,0.0002458255440808099,0.000165319951874998,0.01298246095239213,0.0019895109277147873,1.2256481358499238,1.1928542657273054,0.8924680876009392,0.1374509039696747,3.3019028143449263,0.5593719918895549
828,832,33,0.00045088740421995294,0.00017245192736602642,0.01697680043677489,0.0015319348059890596,1.1119220012968236,0.4818978366273891,0.8378906520930204,0.1344655987220396,2.9337967309084805,0.5040493502128357
829,833,33,0.0013774575305763972,0.0011855693220969978,0.022620165184365982,0.0079236790054656,1.202396374760252,1.2979579335630638,0.7480914655959967,0.23577366131172436,3.052204384948268,0.8252441744367564
830,834,33,0.0018764505882493474,0.0010234588472634416,0.034888349529920204,0.007908296011617227,1.1273531904726317,0.5759854257590723,0.8749194813497139,0.1419798988212283,2.7708623842759565,0.7038850111098403
831,835,33,0.0009879084307502842,0.00044212136689767117,0.02632267987637809,0.002449771969194269,1.0485805941350532,0.2590462527949463,0.8739409645398458,0.07262397597939334,3.071380376815796,0.29125630405669367
832,836,33,0.0010110110998732234,0.001421525722722414,0.021380371611678238,0.0071513618887029725,0.9929456051551935,0.2565916051938701,0.8062779650543676,0.1352554746474203,3.0090594797423393,0.528230673211913
833,837,33,0.004072847296342705,0.0017931597941299349,0.04393010614722064,0.011321153308131226,1.0362911585605505,0.23656129388139305,0.7060152662522865,0.08793554367775691,2.670521515788454,0.43373619697033156
834,838,33,0.0002895112896415715,9.360153445551567e-05,0.014203858307816765,0.002735890901565578,0.9898700190312935,0.13257171908413623,0.843016348101876,0.06940257895021776,2.6932191812630855,0.23880026954357542
835,839,33,0.004247302118914597,0.0009476283567968967,0.051072801943078186,0.005730764826445642,1.021563804510868,0.2304680186252066,0.7913240158196652,0.0876913545681574,2.4089438156648115,0.27649075993764366
836,840,33,0.008513361597689447,0.015069311989310285,0.041559857965418785,0.05402418355578228,1.0547324870571946,0.31483459428945615,0.8448935819394661,0.11096118176204253,2.828302376198046,0.47017275466790215
837,841,33,0.0006273077116488959,3.6285705689615124e-05,0.022648043422536415,0.0006874733885000445,0.9997267686959469,0.05200140576229716,0.9044025504227841,0.03146284371125615,3.400278647740682,0.15763074275955805
838,842,33,0.0010836930455160186,0.00020962929300994042,0.029091796696637615,0.0010833060194461802,1.0428347045725042,0.21810554367894286,0.9017967635935004,0.04259912675989784,3.4361877152414033,0.17129864147994248
839,843,33,0.000866538465770921,0.0008983582458149302,0.020125812088901348,0.002289175152957822,1.109366018212203,0.8683590058776839,0.7636026749105165,0.19404710147160045,2.737319324955796,0.6347099415812862
840,844,33,0.0002997603896250384,0.00010917448539411707,0.01579462680401224,0.0012917392786351459,1.0451455838752515,0.3856833675242084,0.9321571480144154,0.09315770594892936,3.7430860129269687,0.3444768736639489
841,845,33,0.0019475301925205822,0.0011459339512606905,0.0233938813943303,0.005243030225542101,1.2469373805956407,0.4898200470682188,0.6122045399564685,0.1026791864632184,2.1786404342362373,0.38226533168016413
842,846,33,0.002646016203939463,0.00032589439913918456,0.035883173177188095,0.0021157888377307302,1.0122549244851777,0.15794394120762842,0.7011414134141171,0.05000246074324546,2.371376304915457,0.19906125478396208
843,847,33,0.0031652253149359517,0.00044552272824815173,0.040890658951618454,0.0026060273095572925,1.0284986884304972,0.1640402792571596,0.7363473447886381,0.050442525933394676,2.6953752980087744,0.18229189086963107
844,848,33,0.001847752648631506,0.0005521922051825992,0.02841057555016243,0.0030352243776025226,1.123920396421895,0.4226530140596884,0.6952776484417192,0.10065912957950418,2.1336726492101494,0.31865670787533806
845,849,33,0.002902427144969503,0.00072971081905137,0.03612594312113343,0.004413969658844801,1.0316881772243616,0.21261389324227492,0.6817494522441517,0.059859315775349684,1.993706677899216,0.17462915130316145
846,850,33,0.0009513921942209091,0.0009098574875415791,0.01880041148626443,0.0034228759110634943,1.323773263981848,1.5035369102492475,0.7285129698840055,0.1784550876527684,2.360540447813092,0.5627708395599169
847,851,33,0.00315711988757054,0.0029183272466321696,0.03285002237129392,0.01612797607981337,1.2390381612560966,0.7677246804243121,0.7210537628694014,0.15924805205065992,2.7054536776109175,0.6435553833168134
848,852,33,0.0001480508619737741,8.128612249157142e-05,0.009957853761134726,0.0036886641132610463,1.2303996311895775,1.0762011055121925,0.894914605400779,0.15043971906190218,3.215840368559866,0.5192862571619861
849,853,33,0.00016984882963835403,5.428975662670355e-05,0.011375483323001501,0.0020496668259307217,1.0311892646731753,0.2143520442700637,0.8956595876000144,0.06863711037527867,3.1414816451795176,0.21207094215039285
850,854,33,0.00042770486977656907,0.0001395663226930871,0.016651308361553784,0.0016002926429876322,1.03772648898038,0.2769376383038709,0.8237545869567178,0.0810467424227247,2.530743891542608,0.3804750075179926
851,855,33,0.0004899447385193498,0.0003798629194410953,0.014508128504861485,0.0037336556137075746,1.4742558390805216,1.5583161769239062,0.7731605054754199,0.2339672569994244,2.7529371362743955,0.8215016990902649
852,856,33,0.0001919913523703475,7.373457662417374e-05,0.011940939097919247,0.0014314231064489961,0.9899858100847765,0.29884697953645667,0.8623446822166443,0.11322393483931953,3.0430117339798897,0.37934080917496726
853,857,33,0.0002573676359712739,6.987166397941305e-05,0.013999473049559376,0.0015584730216355203,0.9972141656008634,0.11291686804600631,0.8789366447564327,0.06147180049858693,3.2205948612906714,0.14451118939998697
854,858,33,0.0002858708762549654,8.621778130907392e-05,0.014699277468025684,0.002092408065750919,1.0765259013031467,0.3331515206907117,0.9024358156955603,0.12423619012988747,3.4501359607234146,0.43712256790241083
855,859,33,0.0004538614417525065,0.00022291899254655093,0.018218285347701924,0.0035722718404059134,1.1923894999605236,1.0493337026883396,0.9163491129875183,0.26058660071580514,3.472598913944129,0.9049194960897282
856,860,33,0.0002425208923258734,9.138626918857719e-05,0.013523745040098826,0.0023611078420446457,0.9624359047774113,0.1468423045101877,0.8658922459139968,0.08646683231346278,2.9148869731209497,0.5527805418390235
857,OT,33,0.00036092698009628236,0.00010127807335640937,0.016741201112216168,0.002131291750900591,1.0178621646129724,0.0561650941783281,0.8976495247898679,0.03025277474819881,3.3358940355705493,0.14164687722984007
