user_id,user_name,query_index,query_datetime,mse,mae,nmse,nmae,mase
0,0,167,2006-01-07T23:00:00.000000,10255.0244140625,86.41548156738281,1.5133168697357178,1.0497554540634155,4.56429386138916
1,1,167,2006-01-07T23:00:00.000000,1977.5693359375,38.61280059814453,0.941510796546936,0.8425158262252808,3.8419549465179443
2,2,167,2006-01-07T23:00:00.000000,2297.88232421875,38.02619171142578,1.6246452331542969,1.011109471321106,4.629901885986328
3,3,167,2006-01-07T23:00:00.000000,2792.17919921875,42.404762268066406,1.4769997596740723,0.9752887487411499,4.64093017578125
4,4,167,2006-01-07T23:00:00.000000,7619.8916015625,74.66703796386719,1.466231346130371,1.0357521772384644,4.692152500152588
5,5,167,2006-01-07T23:00:00.000000,25777.73046875,129.3673553466797,1.5025126934051514,0.9876689910888672,4.29177188873291
6,6,167,2006-01-07T23:00:00.000000,2320.27685546875,38.97331237792969,1.4292073249816895,0.9672641158103943,4.097804069519043
7,7,167,2006-01-07T23:00:00.000000,2541.88720703125,38.76428985595703,2.1126294136047363,1.1175458431243896,4.5579352378845215
8,8,167,2006-01-07T23:00:00.000000,2838.6142578125,41.75992202758789,1.754060983657837,1.03807532787323,4.60780143737793
9,9,167,2006-01-07T23:00:00.000000,2450.072021484375,37.59295654296875,1.8088382482528687,1.0214495658874512,4.453446388244629
10,10,167,2006-01-07T23:00:00.000000,2223.83154296875,37.5317497253418,1.589016318321228,1.0032565593719482,4.432987689971924
11,11,167,2006-01-07T23:00:00.000000,1114.87060546875,26.38759994506836,1.6702032089233398,1.0213446617126465,4.645998001098633
12,12,167,2006-01-07T23:00:00.000000,3131.891357421875,43.562801361083984,1.8468315601348877,1.0578548908233643,4.697176933288574
13,13,167,2006-01-07T23:00:00.000000,2674.27197265625,39.6514892578125,1.8092069625854492,1.0313376188278198,4.770061016082764
14,14,167,2006-01-07T23:00:00.000000,3951.504638671875,48.474700927734375,1.8738692998886108,1.055610179901123,4.404632568359375
15,15,167,2006-01-07T23:00:00.000000,863.193603515625,25.477033615112305,1.4206573963165283,1.0335688591003418,4.24278450012207
16,16,167,2006-01-07T23:00:00.000000,2437.095703125,39.955162048339844,1.4518201351165771,0.9751984477043152,4.218303203582764
17,17,167,2006-01-07T23:00:00.000000,2764.686279296875,41.740081787109375,1.6534538269042969,1.0207664966583252,4.63932991027832
18,18,167,2006-01-07T23:00:00.000000,2835.96142578125,39.921730041503906,2.0807089805603027,1.0813465118408203,4.575791358947754
19,19,167,2006-01-07T23:00:00.000000,2793.46044921875,39.99583435058594,1.972992181777954,1.0629338026046753,4.705392360687256
20,20,167,2006-01-07T23:00:00.000000,2866.091552734375,42.762298583984375,1.5322751998901367,0.988745391368866,4.533010482788086
21,21,167,2006-01-07T23:00:00.000000,2829.481201171875,41.853179931640625,1.7541720867156982,1.0421041250228882,4.499183177947998
22,22,167,2006-01-07T23:00:00.000000,3253.77197265625,48.37299346923828,1.5078933238983154,1.0413451194763184,4.8277587890625
23,23,167,2006-01-07T23:00:00.000000,12754.953125,96.4825439453125,1.055901288986206,0.8778513669967651,4.255721092224121
24,24,167,2006-01-07T23:00:00.000000,2916.399169921875,42.56061553955078,1.6783369779586792,1.020995855331421,4.528879165649414
25,25,167,2006-01-07T23:00:00.000000,1563.172607421875,31.70416831970215,1.4735325574874878,0.9734031558036804,4.364516735076904
26,26,167,2006-01-07T23:00:00.000000,2216.41748046875,37.314388275146484,1.6334036588668823,1.0129716396331787,4.489555358886719
27,27,167,2006-01-07T23:00:00.000000,1975.7952880859375,39.10625076293945,0.893027663230896,0.8313955068588257,3.736550807952881
28,28,167,2006-01-07T23:00:00.000000,11583.6875,93.07271575927734,0.9596461057662964,0.8471387624740601,3.727372646331787
29,29,167,2006-01-07T23:00:00.000000,2919.03662109375,40.377681732177734,2.045196056365967,1.068781852722168,4.825441360473633
30,30,167,2006-01-07T23:00:00.000000,1915.2532958984375,37.258262634277344,1.4800827503204346,1.035744071006775,4.615479946136475
31,31,167,2006-01-07T23:00:00.000000,9821.9755859375,86.75436401367188,1.0265939235687256,0.8869338035583496,4.0394744873046875
32,32,167,2006-01-07T23:00:00.000000,3140.21484375,43.601192474365234,1.8275866508483887,1.0518593788146973,4.420201778411865
33,33,167,2006-01-07T23:00:00.000000,2442.86669921875,38.004859924316406,1.9027068614959717,1.0606575012207031,4.531818389892578
34,34,167,2006-01-07T23:00:00.000000,2474.32763671875,38.42292022705078,2.0154285430908203,1.0965931415557861,4.800349712371826
35,35,167,2006-01-07T23:00:00.000000,2406.391845703125,39.70823287963867,1.5143169164657593,0.9961065649986267,4.520296096801758
36,36,167,2006-01-07T23:00:00.000000,2895.7197265625,41.82172775268555,1.7790944576263428,1.0366286039352417,4.401731967926025
37,37,167,2006-01-07T23:00:00.000000,1561.6575927734375,30.761608123779297,1.9435451030731201,1.0852091312408447,4.066161155700684
38,38,167,2006-01-07T23:00:00.000000,2617.921875,40.46379089355469,1.7080153226852417,1.0335562229156494,3.9665722846984863
39,39,167,2006-01-07T23:00:00.000000,2635.569091796875,39.163394927978516,1.8640364408493042,1.041526436805725,4.410768032073975
40,40,167,2006-01-07T23:00:00.000000,21002.01953125,117.3611068725586,1.4667670726776123,0.9807860255241394,4.093421936035156
41,41,167,2006-01-07T23:00:00.000000,2223.712158203125,37.509124755859375,1.637047290802002,1.0177199840545654,4.294839859008789
42,42,167,2006-01-07T23:00:00.000000,3054.86328125,44.75933074951172,1.443652629852295,0.9730138182640076,4.464704513549805
43,43,167,2006-01-07T23:00:00.000000,2671.410888671875,39.60783386230469,1.916151762008667,1.0607810020446777,5.002275466918945
44,44,167,2006-01-07T23:00:00.000000,5542.1064453125,62.999183654785156,1.5484497547149658,1.0530427694320679,4.844082832336426
45,45,167,2006-01-07T23:00:00.000000,1872.411865234375,36.89305877685547,1.4981591701507568,1.0435731410980225,4.53892707824707
46,46,167,2006-01-07T23:00:00.000000,1466.0283203125,30.454267501831055,1.6394741535186768,1.018425464630127,4.072599411010742
47,47,167,2006-01-07T23:00:00.000000,2648.591064453125,41.59831237792969,1.5146570205688477,0.9947762489318848,4.339653968811035
48,48,167,2006-01-07T23:00:00.000000,1983.807861328125,38.63551712036133,0.9162797927856445,0.8303305506706238,3.677475690841675
49,49,167,2006-01-07T23:00:00.000000,2853.555419921875,41.787105560302734,1.879875898361206,1.072540521621704,4.318612575531006
50,50,167,2006-01-07T23:00:00.000000,2998.143310546875,42.53839111328125,1.8229143619537354,1.0489095449447632,4.517016410827637
51,51,167,2006-01-07T23:00:00.000000,2343.099609375,38.78303909301758,1.5448774099349976,0.9958488941192627,4.100776672363281
52,52,167,2006-01-07T23:00:00.000000,2007.8665771484375,39.150794982910156,0.9132708311080933,0.8349739909172058,3.6299033164978027
53,53,167,2006-01-07T23:00:00.000000,3080.73974609375,42.20595169067383,1.9989631175994873,1.0750993490219116,4.499166488647461
54,54,167,2006-01-07T23:00:00.000000,2458.72802734375,39.70515823364258,1.5484216213226318,0.9964059591293335,4.245862007141113
55,55,167,2006-01-07T23:00:00.000000,2642.011474609375,41.088096618652344,1.4886850118637085,0.9753265380859375,4.35443115234375
56,56,167,2006-01-07T23:00:00.000000,3055.40087890625,42.9914665222168,1.7964460849761963,1.042449951171875,4.51233434677124
57,57,167,2006-01-07T23:00:00.000000,2306.214111328125,37.82490539550781,1.7632683515548706,1.0458929538726807,4.3921284675598145
58,58,167,2006-01-07T23:00:00.000000,2449.447509765625,40.432640075683594,1.3959431648254395,0.9652323722839355,4.181995868682861
59,59,167,2006-01-07T23:00:00.000000,3159.150146484375,43.75625228881836,1.819940447807312,1.0502278804779053,4.407293796539307
60,60,167,2006-01-07T23:00:00.000000,1508.352294921875,30.15337371826172,1.8530890941619873,1.0568969249725342,4.404454708099365
61,61,167,2006-01-07T23:00:00.000000,3192.7978515625,45.34632873535156,1.5118058919906616,0.9867439270019531,4.5012102127075195
62,62,167,2006-01-07T23:00:00.000000,2844.10888671875,40.6318473815918,1.9908123016357422,1.075000286102295,4.547019958496094
63,63,167,2006-01-07T23:00:00.000000,2297.6640625,37.156944274902344,1.8855574131011963,1.0644288063049316,4.746947765350342
64,64,167,2006-01-07T23:00:00.000000,1828.77978515625,36.80754089355469,0.9490017890930176,0.8384739756584167,3.4775168895721436
65,65,167,2006-01-07T23:00:00.000000,2752.7919921875,40.89107131958008,1.8199628591537476,1.0514123439788818,4.225747108459473
66,66,167,2006-01-07T23:00:00.000000,2986.41357421875,43.43224334716797,1.6400235891342163,1.017799735069275,4.527580738067627
67,67,167,2006-01-07T23:00:00.000000,1725.986083984375,36.97609329223633,0.8131663799285889,0.8025869131088257,3.507132053375244
68,68,167,2006-01-07T23:00:00.000000,9654.4814453125,79.76473236083984,2.2895588874816895,1.2283506393432617,4.568928241729736
69,69,167,2006-01-07T23:00:00.000000,11253.240234375,87.61289978027344,1.2832587957382202,0.9355916976928711,4.225783824920654
70,70,167,2006-01-07T23:00:00.000000,6513.67724609375,65.5296630859375,1.44162917137146,0.9748810529708862,4.508116722106934
71,71,167,2006-01-07T23:00:00.000000,1487.8787841796875,30.93670654296875,1.4809916019439697,0.9760376811027527,4.3839030265808105
72,72,167,2006-01-07T23:00:00.000000,1779.349609375,36.694644927978516,0.9208601713180542,0.8347738981246948,3.738868236541748
73,73,167,2006-01-07T23:00:00.000000,19089.96875,119.9652328491211,1.302306890487671,0.990853488445282,4.474315166473389
74,74,167,2006-01-07T23:00:00.000000,2863.61474609375,42.402976989746094,1.558664321899414,0.9892711639404297,4.221339702606201
75,75,167,2006-01-07T23:00:00.000000,3183.021484375,43.987998962402344,1.8459652662277222,1.0593175888061523,4.728673934936523
76,76,167,2006-01-07T23:00:00.000000,4011.28759765625,49.83472442626953,1.790708065032959,1.052937388420105,4.032170295715332
77,77,167,2006-01-07T23:00:00.000000,2399.6904296875,38.39722442626953,1.7252607345581055,1.029555082321167,4.694586753845215
78,78,167,2006-01-07T23:00:00.000000,3017.140625,44.731849670410156,1.446318507194519,0.9793795347213745,4.698545932769775
79,79,167,2006-01-07T23:00:00.000000,2459.504638671875,41.34712219238281,1.2724967002868652,0.9404805898666382,4.025516986846924
80,80,167,2006-01-07T23:00:00.000000,6068.3974609375,64.5499038696289,1.3452069759368896,0.9610658884048462,4.209885597229004
81,81,167,2006-01-07T23:00:00.000000,2502.850830078125,37.91279602050781,2.0092973709106445,1.0742131471633911,4.8063740730285645
82,82,167,2006-01-07T23:00:00.000000,2330.95361328125,39.054466247558594,1.4363718032836914,0.969476580619812,4.499858379364014
83,83,167,2006-01-07T23:00:00.000000,1427.190673828125,29.568256378173828,1.8401354551315308,1.0617189407348633,4.539761543273926
84,84,167,2006-01-07T23:00:00.000000,2582.12939453125,38.14702606201172,1.9607768058776855,1.0512009859085083,4.514280796051025
85,85,167,2006-01-07T23:00:00.000000,2289.864990234375,37.74890899658203,1.7157562971115112,1.0333020687103271,4.651418685913086
86,86,167,2006-01-07T23:00:00.000000,2574.0078125,40.3083381652832,1.6455563306808472,1.0191692113876343,4.197475910186768
87,87,167,2006-01-07T23:00:00.000000,2584.388916015625,39.5513916015625,1.8218244314193726,1.0501130819320679,4.445771217346191
88,88,167,2006-01-07T23:00:00.000000,1735.6898193359375,33.114288330078125,1.5328383445739746,0.9840735197067261,4.2785964012146
89,89,167,2006-01-07T23:00:00.000000,2201.54931640625,36.82271957397461,1.7622933387756348,1.0418152809143066,4.502411842346191
90,90,167,2006-01-07T23:00:00.000000,1509.6708984375,31.501785278320312,1.4496554136276245,0.976172149181366,4.337371826171875
91,91,167,2006-01-07T23:00:00.000000,2623.70068359375,41.31061553955078,1.4799302816390991,0.9811269044876099,4.3534255027771
92,92,167,2006-01-07T23:00:00.000000,2831.0556640625,42.06666564941406,1.6891239881515503,1.0275304317474365,4.326087474822998
93,93,167,2006-01-07T23:00:00.000000,2528.3505859375,40.537601470947266,1.4693745374679565,0.9772499799728394,4.494010925292969
94,94,167,2006-01-07T23:00:00.000000,2502.453369140625,38.26021957397461,2.087836742401123,1.105128288269043,4.281903266906738
95,95,167,2006-01-07T23:00:00.000000,2089.379638671875,38.738197326660156,1.0768272876739502,0.8794349431991577,4.0577545166015625
96,96,167,2006-01-07T23:00:00.000000,1829.521728515625,36.486610412597656,1.532994031906128,1.0561727285385132,4.743315696716309
97,97,167,2006-01-07T23:00:00.000000,2482.041015625,39.08958435058594,1.8478988409042358,1.0665855407714844,4.455033302307129
98,98,167,2006-01-07T23:00:00.000000,1786.6737060546875,32.54960250854492,1.8574837446212769,1.0495076179504395,4.438461780548096
99,99,167,2006-01-07T23:00:00.000000,2068.2021484375,40.24791717529297,0.9497355222702026,0.862478494644165,3.7858521938323975
100,100,167,2006-01-07T23:00:00.000000,1446.071044921875,29.80377197265625,1.8008928298950195,1.0517690181732178,4.5112199783325195
101,101,167,2006-01-07T23:00:00.000000,1459.982421875,30.07876968383789,1.752894401550293,1.0422313213348389,4.1441755294799805
102,102,167,2006-01-07T23:00:00.000000,2645.2119140625,39.53174591064453,1.9137548208236694,1.0633076429367065,4.870380878448486
103,103,167,2006-01-07T23:00:00.000000,2708.846923828125,39.13343048095703,2.059448719024658,1.0790241956710815,4.650453567504883
104,104,167,2006-01-07T23:00:00.000000,8689.416015625,72.84593200683594,1.913464069366455,1.0809863805770874,4.187989234924316
105,105,167,2006-01-07T23:00:00.000000,9719.2119140625,79.37242889404297,1.5394093990325928,0.9989210963249207,4.433027267456055
106,106,167,2006-01-07T23:00:00.000000,2614.1318359375,38.68571472167969,2.093595027923584,1.094796061515808,4.620263576507568
107,107,167,2006-01-07T23:00:00.000000,2899.3193359375,42.65833282470703,1.690121054649353,1.0299468040466309,4.23363733291626
108,108,167,2006-01-07T23:00:00.000000,2374.47119140625,37.616172790527344,1.9212336540222168,1.0699937343597412,4.505738735198975
109,109,167,2006-01-07T23:00:00.000000,3096.70947265625,43.93174362182617,1.6790145635604858,1.0229525566101074,4.416446685791016
110,110,167,2006-01-07T23:00:00.000000,2328.237548828125,38.22132873535156,1.6225999593734741,1.009015679359436,4.372190952301025
111,111,167,2006-01-07T23:00:00.000000,3019.294921875,45.041969299316406,1.381633996963501,0.9635207056999207,4.641781806945801
112,112,167,2006-01-07T23:00:00.000000,1073.8035888671875,26.33075523376465,1.5306490659713745,0.9941197633743286,4.418000221252441
113,113,167,2006-01-07T23:00:00.000000,1990.2216796875,35.86210632324219,1.496431827545166,0.9833621382713318,4.307682037353516
114,114,167,2006-01-07T23:00:00.000000,2193.9384765625,39.609031677246094,1.0110085010528564,0.850274920463562,3.666079521179199
115,115,167,2006-01-07T23:00:00.000000,258.1834716796875,13.011805534362793,1.4671467542648315,0.9808670282363892,4.380990982055664
116,116,167,2006-01-07T23:00:00.000000,3018.83984375,44.65397262573242,1.420741319656372,0.9687182903289795,4.40811824798584
117,117,167,2006-01-07T23:00:00.000000,2059.95458984375,39.340576171875,0.9710060954093933,0.854127824306488,3.897185802459717
118,118,167,2006-01-07T23:00:00.000000,2724.057861328125,41.33006286621094,1.625680923461914,1.0096609592437744,4.370366096496582
119,119,167,2006-01-07T23:00:00.000000,1497.7899169921875,31.010417938232422,1.5943067073822021,1.0117381811141968,4.375043869018555
120,120,167,2006-01-07T23:00:00.000000,2815.300537109375,41.87390899658203,1.626108169555664,1.0063657760620117,4.334826946258545
121,121,167,2006-01-07T23:00:00.000000,11728.833984375,90.72909545898438,1.5815848112106323,1.053575038909912,4.184065818786621
122,122,167,2006-01-07T23:00:00.000000,3067.38623046875,44.98601531982422,1.4060782194137573,0.9631590247154236,4.762084007263184
123,123,167,2006-01-07T23:00:00.000000,2740.246826171875,41.75495910644531,1.605543851852417,1.010704755783081,4.3836541175842285
124,124,167,2006-01-07T23:00:00.000000,9079.3701171875,78.26319885253906,1.4017493724822998,0.9724447131156921,4.458908557891846
125,125,167,2006-01-07T23:00:00.000000,5318.943359375,60.75019836425781,1.1559484004974365,0.8955797553062439,3.8967864513397217
126,126,167,2006-01-07T23:00:00.000000,1008.877197265625,24.572120666503906,1.9615955352783203,1.0834983587265015,4.2396368980407715
127,127,167,2006-01-07T23:00:00.000000,2010.752197265625,38.577980041503906,1.007289171218872,0.8634501695632935,3.8831429481506348
128,128,167,2006-01-07T23:00:00.000000,2865.05419921875,42.970542907714844,1.641179084777832,1.0284479856491089,4.343873977661133
129,129,167,2006-01-07T23:00:00.000000,169.97715759277344,11.178373336791992,0.8847630023956299,0.8064860105514526,3.5598554611206055
130,130,167,2006-01-07T23:00:00.000000,1887.5960693359375,37.42609405517578,1.1197665929794312,0.9115566611289978,4.039134979248047
131,131,167,2006-01-07T23:00:00.000000,2254.2099609375,37.323909759521484,1.6913244724273682,1.0223588943481445,4.419379234313965
132,132,167,2006-01-07T23:00:00.000000,2074.838623046875,36.30317687988281,1.4668066501617432,0.9652479887008667,4.429479598999023
133,133,167,2006-01-07T23:00:00.000000,2190.49169921875,40.01874923706055,1.0115994215011597,0.8599971532821655,3.7354705333709717
134,134,167,2006-01-07T23:00:00.000000,2741.378662109375,40.91676712036133,1.688969373703003,1.0156116485595703,4.495460510253906
135,135,167,2006-01-07T23:00:00.000000,1409.611083984375,33.21897506713867,1.0491664409637451,0.9062724113464355,3.921651601791382
136,136,167,2006-01-07T23:00:00.000000,6734.7490234375,63.20099639892578,2.0497026443481445,1.1025762557983398,4.368249893188477
0,0,679,2006-01-29T07:00:00.000000,3196.40283203125,52.28715133666992,0.3856027126312256,0.5742940306663513,2.5981388092041016
1,1,679,2006-01-29T07:00:00.000000,652.7291870117188,23.817012786865234,0.3043205738067627,0.5142643451690674,2.255296468734741
2,2,679,2006-01-29T07:00:00.000000,3237.560546875,44.85387420654297,1.673108458518982,1.019654393196106,4.954753875732422
3,3,679,2006-01-29T07:00:00.000000,2636.330078125,43.46855163574219,1.108289122581482,0.8912546038627625,4.26638126373291
4,4,679,2006-01-29T07:00:00.000000,2315.623046875,45.08906173706055,0.36921951174736023,0.5693503618240356,2.5370194911956787
5,5,679,2006-01-29T07:00:00.000000,9286.2294921875,91.00015258789062,0.4375898838043213,0.624677836894989,2.9522833824157715
6,6,679,2006-01-29T07:00:00.000000,610.2711181640625,23.00391960144043,0.30581551790237427,0.5149561166763306,2.2952380180358887
7,7,679,2006-01-29T07:00:00.000000,2316.6513671875,39.7296142578125,1.123229742050171,0.8748191595077515,4.178377151489258
8,8,679,2006-01-29T07:00:00.000000,2199.992919921875,40.62757873535156,0.8462605476379395,0.7968239188194275,3.978541851043701
9,9,679,2006-01-29T07:00:00.000000,2853.908935546875,43.299896240234375,1.3043230772018433,0.9256770014762878,4.58723258972168
10,10,679,2006-01-29T07:00:00.000000,2852.2109375,43.125694274902344,1.4505033493041992,0.9725337028503418,4.640906810760498
11,11,679,2006-01-29T07:00:00.000000,217.4810028076172,13.266097068786621,0.2756299376487732,0.47227582335472107,1.9991320371627808
12,12,679,2006-01-29T07:00:00.000000,2498.133544921875,42.454566955566406,0.971017599105835,0.8370089530944824,4.047792911529541
13,13,679,2006-01-29T07:00:00.000000,3303.856201171875,45.40932846069336,1.6214017868041992,1.0059579610824585,4.598621368408203
14,14,679,2006-01-29T07:00:00.000000,2864.1796875,46.38621139526367,0.9171132445335388,0.8300423622131348,4.232942581176758
15,15,679,2006-01-29T07:00:00.000000,255.7690887451172,15.101836204528809,0.3815326690673828,0.5832725763320923,2.553025722503662
16,16,679,2006-01-29T07:00:00.000000,2143.4365234375,40.01300048828125,0.8544904589653015,0.7989128828048706,3.865877866744995
17,17,679,2006-01-29T07:00:00.000000,2616.623046875,43.2992057800293,1.074827790260315,0.8775640726089478,4.080911636352539
18,18,679,2006-01-29T07:00:00.000000,2614.107666015625,41.424705505371094,1.2497200965881348,0.9057410955429077,4.424923896789551
19,19,679,2006-01-29T07:00:00.000000,3036.7568359375,43.990474700927734,1.4456732273101807,0.95981764793396,4.409344673156738
20,20,679,2006-01-29T07:00:00.000000,2920.03515625,45.57668685913086,1.2100675106048584,0.9277981519699097,4.3046722412109375
21,21,679,2006-01-29T07:00:00.000000,2298.19921875,40.57827377319336,0.9541914463043213,0.8268324732780457,3.9279918670654297
22,22,679,2006-01-29T07:00:00.000000,1398.3323974609375,35.50431823730469,0.5224424004554749,0.6862702369689941,3.479283094406128
23,23,679,2006-01-29T07:00:00.000000,3454.282958984375,55.00060272216797,0.3140321671962738,0.5244154930114746,2.459690570831299
24,24,679,2006-01-29T07:00:00.000000,2532.1650390625,43.08760070800781,1.0163087844848633,0.8632153272628784,4.091564178466797
25,25,679,2006-01-29T07:00:00.000000,2363.91748046875,39.01647186279297,1.5035030841827393,0.983974814414978,4.666941165924072
26,26,679,2006-01-29T07:00:00.000000,3103.71923828125,44.50724411010742,1.5140080451965332,0.9830001592636108,4.679515838623047
27,27,679,2006-01-29T07:00:00.000000,659.1302490234375,23.877681732177734,0.30442190170288086,0.5131500959396362,2.2999696731567383
28,28,679,2006-01-29T07:00:00.000000,3501.366943359375,57.039581298828125,0.3279520869255066,0.552030086517334,2.3609509468078613
29,29,679,2006-01-29T07:00:00.000000,2577.80859375,41.52003860473633,1.1702513694763184,0.8846510648727417,4.100078105926514
30,30,679,2006-01-29T07:00:00.000000,691.4263916015625,24.786582946777344,0.4399431645870209,0.6252331137657166,3.091496467590332
31,31,679,2006-01-29T07:00:00.000000,2616.213623046875,46.674102783203125,0.28533947467803955,0.4874390959739685,1.9879554510116577
32,32,679,2006-01-29T07:00:00.000000,2366.00634765625,41.82192611694336,0.9442204236984253,0.8354736566543579,4.0569610595703125
33,33,679,2006-01-29T07:00:00.000000,1645.416015625,35.13918685913086,0.7796268463134766,0.7648868560791016,3.85333514213562
34,34,679,2006-01-29T07:00:00.000000,1755.0784912109375,35.1959342956543,0.9563316106796265,0.821577250957489,3.7958736419677734
35,35,679,2006-01-29T07:00:00.000000,606.3311767578125,23.39680290222168,0.33214208483695984,0.5476000905036926,2.48159122467041
36,36,679,2006-01-29T07:00:00.000000,3038.001708984375,45.85456466674805,1.2111568450927734,0.9155640602111816,4.120150566101074
37,37,679,2006-01-29T07:00:00.000000,1166.35302734375,28.975399017333984,0.9085185527801514,0.8086885809898376,4.029051780700684
38,38,679,2006-01-29T07:00:00.000000,2303.18115234375,40.2828369140625,0.9811489582061768,0.8314258456230164,3.964892864227295
39,39,679,2006-01-29T07:00:00.000000,2418.74658203125,40.93065643310547,1.077070951461792,0.8637253642082214,4.284186363220215
40,40,679,2006-01-29T07:00:00.000000,10823.6435546875,90.55843353271484,0.6296796798706055,0.6907200217247009,3.263120174407959
41,41,679,2006-01-29T07:00:00.000000,3079.999755859375,43.90406799316406,1.5532116889953613,0.9859270453453064,4.922443389892578
42,42,679,2006-01-29T07:00:00.000000,1289.864990234375,33.11019515991211,0.4920899271965027,0.646713376045227,3.0398035049438477
43,43,679,2006-01-29T07:00:00.000000,2715.3134765625,42.38670349121094,1.3061083555221558,0.9296282529830933,4.359671592712402
44,44,679,2006-01-29T07:00:00.000000,1812.147216796875,38.35468673706055,0.4283604621887207,0.5896936058998108,2.7654056549072266
45,45,679,2006-01-29T07:00:00.000000,565.674072265625,21.150569915771484,0.36810582876205444,0.5395420789718628,2.5647292137145996
46,46,679,2006-01-29T07:00:00.000000,1230.347900390625,29.760913848876953,0.9818858504295349,0.8407421112060547,3.974785566329956
47,47,679,2006-01-29T07:00:00.000000,789.1005249023438,26.056251525878906,0.3661577105522156,0.5612804293632507,2.592738628387451
48,48,679,2006-01-29T07:00:00.000000,589.6959838867188,22.652679443359375,0.2923746407032013,0.5044003129005432,2.181910991668701
49,49,679,2006-01-29T07:00:00.000000,2503.591552734375,41.709922790527344,1.0475605726242065,0.8531928062438965,4.172116279602051
50,50,679,2006-01-29T07:00:00.000000,2889.766357421875,43.00580596923828,1.1289966106414795,0.8500452041625977,4.142328262329102
51,51,679,2006-01-29T07:00:00.000000,3103.6904296875,44.45089340209961,1.470571517944336,0.9675743579864502,4.3884596824646
52,52,679,2006-01-29T07:00:00.000000,565.9500732421875,22.196353912353516,0.29840582609176636,0.5096783638000488,2.2305877208709717
53,53,679,2006-01-29T07:00:00.000000,2446.372802734375,41.85902786254883,0.9795717000961304,0.8376178741455078,4.127694606781006
54,54,679,2006-01-29T07:00:00.000000,581.1034545898438,22.65386962890625,0.3056601285934448,0.5195592641830444,2.3727283477783203
55,55,679,2006-01-29T07:00:00.000000,3066.856201171875,45.6911735534668,1.2569506168365479,0.9250061511993408,4.599273681640625
56,56,679,2006-01-29T07:00:00.000000,2673.510009765625,42.674007415771484,1.0988459587097168,0.8651490211486816,4.086798667907715
57,57,679,2006-01-29T07:00:00.000000,2609.89453125,41.402679443359375,1.430565357208252,0.9693281054496765,4.740493297576904
58,58,679,2006-01-29T07:00:00.000000,957.3190307617188,28.645536422729492,0.4519568383693695,0.6224108338356018,2.9035868644714355
59,59,679,2006-01-29T07:00:00.000000,3136.30517578125,45.940277099609375,1.2805255651474,0.9282791614532471,4.458536624908447
60,60,679,2006-01-29T07:00:00.000000,1348.1929931640625,30.14137077331543,1.0784446001052856,0.8524832725524902,4.292873382568359
61,61,679,2006-01-29T07:00:00.000000,1347.2283935546875,33.59553527832031,0.5368999242782593,0.6706681251525879,3.0797061920166016
62,62,679,2006-01-29T07:00:00.000000,2922.01708984375,43.188690185546875,1.3294053077697754,0.9212073087692261,4.587235927581787
63,63,679,2006-01-29T07:00:00.000000,1858.33935546875,37.097320556640625,0.9226692914962769,0.8266145586967468,3.939998149871826
64,64,679,2006-01-29T07:00:00.000000,576.4732666015625,22.039756774902344,0.3114059567451477,0.5122484564781189,2.2989625930786133
65,65,679,2006-01-29T07:00:00.000000,2103.2587890625,39.665279388427734,0.8340438604354858,0.7898754477500916,3.803020477294922
66,66,679,2006-01-29T07:00:00.000000,2710.12109375,43.62034225463867,1.1458227634429932,0.8969192504882812,4.079292297363281
67,67,679,2006-01-29T07:00:00.000000,526.4117431640625,20.769046783447266,0.26548275351524353,0.4664143919944763,2.010859489440918
68,68,679,2006-01-29T07:00:00.000000,7740.3037109375,77.84111785888672,0.9378831386566162,0.8568493127822876,4.028781414031982
69,69,679,2006-01-29T07:00:00.000000,3340.58056640625,54.03301239013672,0.3509438633918762,0.5538179874420166,2.500246047973633
70,70,679,2006-01-29T07:00:00.000000,1646.5498046875,38.44969940185547,0.32705995440483093,0.541900098323822,2.4124059677124023
71,71,679,2006-01-29T07:00:00.000000,552.6051635742188,22.533828735351562,0.45504146814346313,0.646625816822052,3.0336971282958984
72,72,679,2006-01-29T07:00:00.000000,483.346435546875,19.943328857421875,0.26719650626182556,0.46890386939048767,2.0282177925109863
73,73,679,2006-01-29T07:00:00.000000,5870.705078125,74.12872314453125,0.3914984166622162,0.6053497791290283,2.649890899658203
74,74,679,2006-01-29T07:00:00.000000,3099.35595703125,45.56329345703125,1.293479323387146,0.9308058619499207,4.677035331726074
75,75,679,2006-01-29T07:00:00.000000,2257.37744140625,41.08238983154297,0.9151091575622559,0.8271610736846924,4.021665096282959
76,76,679,2006-01-29T07:00:00.000000,3103.69775390625,47.086509704589844,0.9766758680343628,0.8352798819541931,4.041033744812012
77,77,679,2006-01-29T07:00:00.000000,2715.04296875,41.247520446777344,1.4138535261154175,0.9412646293640137,4.412346839904785
78,78,679,2006-01-29T07:00:00.000000,1234.9832763671875,32.78075408935547,0.4899669289588928,0.6529377698898315,2.9793386459350586
79,79,679,2006-01-29T07:00:00.000000,538.742431640625,21.015972137451172,0.28439298272132874,0.482856810092926,2.1140027046203613
80,80,679,2006-01-29T07:00:00.000000,1927.8447265625,41.60892868041992,0.36158236861228943,0.5698415637016296,2.6896424293518066
81,81,679,2006-01-29T07:00:00.000000,2741.71044921875,41.79486846923828,1.260477066040039,0.8961477279663086,4.2563300132751465
82,82,679,2006-01-29T07:00:00.000000,572.23779296875,22.614065170288086,0.299403578042984,0.517271876335144,2.403684139251709
83,83,679,2006-01-29T07:00:00.000000,1384.017578125,30.607341766357422,1.0933701992034912,0.8602771759033203,3.9686527252197266
84,84,679,2006-01-29T07:00:00.000000,2960.292724609375,44.08283996582031,1.3018900156021118,0.9244626760482788,4.538318634033203
85,85,679,2006-01-29T07:00:00.000000,2080.58349609375,38.283729553222656,1.0242280960083008,0.8494152426719666,4.054142951965332
86,86,679,2006-01-29T07:00:00.000000,2548.6806640625,41.99236297607422,1.0269601345062256,0.8429259061813354,4.31419563293457
87,87,679,2006-01-29T07:00:00.000000,1901.170166015625,37.40803909301758,0.9012429118156433,0.8144704699516296,3.9697158336639404
88,88,679,2006-01-29T07:00:00.000000,2533.62255859375,40.12192916870117,1.523663878440857,0.9839100241661072,4.758779048919678
89,89,679,2006-01-29T07:00:00.000000,2109.328125,38.00495910644531,1.056685209274292,0.8506307005882263,4.152052879333496
90,90,679,2006-01-29T07:00:00.000000,649.85107421875,24.07891845703125,0.5172491073608398,0.6793286204338074,3.2351901531219482
91,91,679,2006-01-29T07:00:00.000000,1008.2572021484375,28.84479331970215,0.47469115257263184,0.6258745193481445,2.9866883754730225
92,92,679,2006-01-29T07:00:00.000000,2936.281005859375,44.44553756713867,1.1573911905288696,0.8824080228805542,4.394425392150879
93,93,679,2006-01-29T07:00:00.000000,1093.02490234375,29.928424835205078,0.5172526836395264,0.6510587334632874,3.039250135421753
94,94,679,2006-01-29T07:00:00.000000,2229.8662109375,39.26716613769531,1.0749013423919678,0.8621333837509155,4.129611968994141
95,95,679,2006-01-29T07:00:00.000000,569.73828125,21.968353271484375,0.3046608567237854,0.5080051422119141,2.2194952964782715
96,96,679,2006-01-29T07:00:00.000000,728.0287475585938,25.13402557373047,0.4578099250793457,0.6302754878997803,3.2031307220458984
97,97,679,2006-01-29T07:00:00.000000,1739.177490234375,35.926788330078125,0.8553493022918701,0.7967429161071777,3.7264513969421387
98,98,679,2006-01-29T07:00:00.000000,2296.10986328125,38.76418685913086,1.4344055652618408,0.968880832195282,4.606574535369873
99,99,679,2006-01-29T07:00:00.000000,572.8763427734375,22.54176902770996,0.2799087166786194,0.4982711672782898,2.1919617652893066
100,100,679,2006-01-29T07:00:00.000000,1237.43408203125,29.509029388427734,1.0109648704528809,0.8434550166130066,4.090481281280518
101,101,679,2006-01-29T07:00:00.000000,987.437255859375,28.237302780151367,0.7958638668060303,0.801655650138855,3.729686737060547
102,102,679,2006-01-29T07:00:00.000000,2145.30859375,38.564186096191406,1.0909514427185059,0.8696449995040894,4.0930562019348145
103,103,679,2006-01-29T07:00:00.000000,2980.72607421875,42.92353820800781,1.3854987621307373,0.9254171252250671,4.364485740661621
104,104,679,2006-01-29T07:00:00.000000,6035.98193359375,65.08354187011719,0.8465486764907837,0.7707669734954834,3.7970130443573
105,105,679,2006-01-29T07:00:00.000000,2063.510498046875,41.71909713745117,0.28993868827819824,0.4945208728313446,2.2081291675567627
106,106,679,2006-01-29T07:00:00.000000,2069.142333984375,37.638790130615234,1.0667521953582764,0.8546184301376343,4.095170974731445
107,107,679,2006-01-29T07:00:00.000000,3156.70068359375,45.81954574584961,1.2580434083938599,0.9147067070007324,4.685196876525879
108,108,679,2006-01-29T07:00:00.000000,1763.4541015625,36.117958068847656,0.8671154975891113,0.8009023666381836,3.7458152770996094
109,109,679,2006-01-29T07:00:00.000000,2962.93310546875,45.781150817871094,1.201958179473877,0.922083854675293,4.486109256744385
110,110,679,2006-01-29T07:00:00.000000,2681.25244140625,42.24871063232422,1.322089433670044,0.938156008720398,4.552692413330078
111,111,679,2006-01-29T07:00:00.000000,1529.4925537109375,34.826637268066406,0.6060623526573181,0.6932605504989624,3.1733131408691406
112,112,679,2006-01-29T07:00:00.000000,254.4925537109375,14.74928092956543,0.31237420439720154,0.5167385935783386,2.2951266765594482
113,113,679,2006-01-29T07:00:00.000000,2154.232421875,37.95109176635742,1.1784183979034424,0.8876213431358337,4.223109722137451
114,114,679,2006-01-29T07:00:00.000000,546.8199462890625,21.255905151367188,0.2718779146671295,0.4739629626274109,2.1291604042053223
115,115,679,2006-01-29T07:00:00.000000,71.61549377441406,7.9754958152771,0.3397570252418518,0.5493364930152893,2.468095302581787
116,116,679,2006-01-29T07:00:00.000000,1346.2532958984375,34.45863342285156,0.5258607268333435,0.6810358762741089,3.0709168910980225
117,117,679,2006-01-29T07:00:00.000000,579.7553100585938,22.987945556640625,0.3104832172393799,0.5319819450378418,2.328705310821533
118,118,679,2006-01-29T07:00:00.000000,2657.7041015625,43.347320556640625,1.070195198059082,0.8698421716690063,4.4772257804870605
119,119,679,2006-01-29T07:00:00.000000,476.3179931640625,21.207738876342773,0.3693908452987671,0.5905938744544983,2.7839114665985107
120,120,679,2006-01-29T07:00:00.000000,2425.4892578125,41.175968170166016,0.9762126803398132,0.8260691165924072,4.1575541496276855
121,121,679,2006-01-29T07:00:00.000000,11430.1982421875,93.287841796875,1.0915310382843018,0.9116249084472656,4.063027858734131
122,122,679,2006-01-29T07:00:00.000000,1035.4886474609375,30.83705711364746,0.3934865891933441,0.6011255979537964,2.717494487762451
123,123,679,2006-01-29T07:00:00.000000,2479.6083984375,42.93760299682617,0.9677988290786743,0.8482789993286133,4.084869384765625
124,124,679,2006-01-29T07:00:00.000000,4370.9150390625,59.911460876464844,0.5806881189346313,0.6905500888824463,3.1749982833862305
125,125,679,2006-01-29T07:00:00.000000,1568.6259765625,35.99742126464844,0.368472158908844,0.5517140626907349,2.4687159061431885
126,126,679,2006-01-29T07:00:00.000000,718.442138671875,23.06061363220215,0.9139803647994995,0.8225142359733582,4.166078090667725
127,127,679,2006-01-29T07:00:00.000000,519.1746826171875,21.326290130615234,0.2834304869174957,0.49828964471817017,2.167609214782715
128,128,679,2006-01-29T07:00:00.000000,2676.680908203125,42.918453216552734,1.1313080787658691,0.8823405504226685,4.245953559875488
129,129,679,2006-01-29T07:00:00.000000,54.5301513671875,7.0227179527282715,0.3165932893753052,0.535103440284729,2.3535900115966797
130,130,679,2006-01-29T07:00:00.000000,472.14208984375,19.72482681274414,0.2868126630783081,0.4861564040184021,2.1437935829162598
131,131,679,2006-01-29T07:00:00.000000,2801.807373046875,42.93522262573242,1.4265382289886475,0.9688047766685486,4.664290904998779
132,132,679,2006-01-29T07:00:00.000000,2676.065185546875,40.73258972167969,1.2416746616363525,0.8773999214172363,4.271352767944336
133,133,679,2006-01-29T07:00:00.000000,634.6517333984375,23.226463317871094,0.3210501968860626,0.5223983526229858,2.2620978355407715
134,134,679,2006-01-29T07:00:00.000000,2692.2275390625,43.09623336791992,1.1241976022720337,0.880652904510498,4.1743927001953125
135,135,679,2006-01-29T07:00:00.000000,639.1594848632812,23.3814754486084,0.4663732945919037,0.6315883994102478,2.7411060333251953
136,136,679,2006-01-29T07:00:00.000000,4757.88330078125,58.6234130859375,0.9436127543449402,0.8255836367607117,3.914478302001953
0,0,1191,2006-02-19T15:00:00.000000,3979.306640625,59.83940887451172,0.406188428401947,0.6045711040496826,2.616940975189209
1,1,1191,2006-02-19T15:00:00.000000,476.40667724609375,19.657588958740234,0.2560204565525055,0.4556996524333954,2.1020119190216064
2,2,1191,2006-02-19T15:00:00.000000,1243.3492431640625,31.398513793945312,0.5709608793258667,0.6728460192680359,2.9262523651123047
3,3,1191,2006-02-19T15:00:00.000000,424.62738037109375,19.241716384887695,0.2385925054550171,0.45610857009887695,1.9031457901000977
4,4,1191,2006-02-19T15:00:00.000000,3045.632568359375,52.80877685546875,0.4017523527145386,0.6065220832824707,2.6670291423797607
5,5,1191,2006-02-19T15:00:00.000000,4886.0380859375,64.9482650756836,0.2702317237854004,0.4830113351345062,2.1032509803771973
6,6,1191,2006-02-19T15:00:00.000000,623.7841186523438,22.197322845458984,0.2969624400138855,0.4843219518661499,2.140519618988037
7,7,1191,2006-02-19T15:00:00.000000,496.9517517089844,20.385517120361328,0.2546480596065521,0.46146079897880554,2.1888904571533203
8,8,1191,2006-02-19T15:00:00.000000,490.02783203125,20.623958587646484,0.22959820926189423,0.4464223384857178,2.0998024940490723
9,9,1191,2006-02-19T15:00:00.000000,586.3907470703125,22.623313903808594,0.2631954550743103,0.4792938828468323,2.1505541801452637
10,10,1191,2006-02-19T15:00:00.000000,555.88134765625,21.684375762939453,0.25157517194747925,0.4613066613674164,2.0455803871154785
11,11,1191,2006-02-19T15:00:00.000000,263.421630859375,15.103869438171387,0.32304447889328003,0.5289244651794434,2.4197487831115723
12,12,1191,2006-02-19T15:00:00.000000,555.7607421875,22.08363151550293,0.24591319262981415,0.4645339846611023,2.164172649383545
13,13,1191,2006-02-19T15:00:00.000000,593.2893676757812,22.610715866088867,0.28450334072113037,0.49513623118400574,2.175610303878784
14,14,1191,2006-02-19T15:00:00.000000,662.62939453125,23.596281051635742,0.24439269304275513,0.45316082239151,2.121556282043457
15,15,1191,2006-02-19T15:00:00.000000,308.28704833984375,16.615476608276367,0.3846658170223236,0.5869174003601074,2.636625289916992
16,16,1191,2006-02-19T15:00:00.000000,575.266845703125,22.041494369506836,0.25533807277679443,0.4643699824810028,2.19364070892334
17,17,1191,2006-02-19T15:00:00.000000,597.6749877929688,22.559127807617188,0.25249531865119934,0.46367788314819336,2.305685043334961
18,18,1191,2006-02-19T15:00:00.000000,609.5264892578125,23.314733505249023,0.28726622462272644,0.5061467885971069,2.163269519805908
19,19,1191,2006-02-19T15:00:00.000000,614.7424926757812,23.641220092773438,0.28714150190353394,0.5109416246414185,2.1163110733032227
20,20,1191,2006-02-19T15:00:00.000000,476.17657470703125,20.240873336791992,0.2457570731639862,0.45983099937438965,2.2354509830474854
21,21,1191,2006-02-19T15:00:00.000000,656.6063232421875,23.407543182373047,0.2733040452003479,0.4775581359863281,2.211757183074951
22,22,1191,2006-02-19T15:00:00.000000,1030.320068359375,31.244644165039062,0.3707389235496521,0.5926845073699951,2.650541305541992
23,23,1191,2006-02-19T15:00:00.000000,2555.9375,46.91461181640625,0.2721569240093231,0.48410844802856445,2.0277292728424072
24,24,1191,2006-02-19T15:00:00.000000,474.2463073730469,18.574405670166016,0.21502558887004852,0.3955104947090149,1.8584420680999756
25,25,1191,2006-02-19T15:00:00.000000,517.9752197265625,21.609724044799805,0.3016971945762634,0.5215312838554382,2.372899055480957
26,26,1191,2006-02-19T15:00:00.000000,471.86798095703125,19.329837799072266,0.220229834318161,0.4175957143306732,1.8935813903808594
27,27,1191,2006-02-19T15:00:00.000000,730.0372924804688,23.69900894165039,0.329745352268219,0.5036710500717163,2.2226967811584473
28,28,1191,2006-02-19T15:00:00.000000,2800.19287109375,48.02608871459961,0.25597697496414185,0.4591807723045349,1.9177823066711426
29,29,1191,2006-02-19T15:00:00.000000,584.2490844726562,21.942014694213867,0.2672920227050781,0.46932148933410645,2.1632423400878906
30,30,1191,2006-02-19T15:00:00.000000,663.7241821289062,24.853572845458984,0.3749816417694092,0.5907449722290039,2.5448646545410156
31,31,1191,2006-02-19T15:00:00.000000,1782.08935546875,38.09159469604492,0.25948381423950195,0.45964187383651733,1.9975180625915527
32,32,1191,2006-02-19T15:00:00.000000,558.5956420898438,22.050792694091797,0.2604973018169403,0.47618648409843445,2.304792881011963
33,33,1191,2006-02-19T15:00:00.000000,390.22625732421875,17.56076431274414,0.24986182153224945,0.4443601369857788,2.040102481842041
34,34,1191,2006-02-19T15:00:00.000000,510.5523376464844,20.96369171142578,0.27354419231414795,0.48524531722068787,2.1734819412231445
35,35,1191,2006-02-19T15:00:00.000000,628.7557373046875,24.2473201751709,0.3282972574234009,0.5540595054626465,2.44929838180542
36,36,1191,2006-02-19T15:00:00.000000,566.7412109375,22.001861572265625,0.26353055238723755,0.4744412899017334,2.266134738922119
37,37,1191,2006-02-19T15:00:00.000000,274.82586669921875,15.277926445007324,0.2605123817920685,0.4703810214996338,2.0856809616088867
38,38,1191,2006-02-19T15:00:00.000000,599.3029174804688,22.43055534362793,0.2582945227622986,0.46566587686538696,2.2597670555114746
39,39,1191,2006-02-19T15:00:00.000000,467.89642333984375,19.079910278320312,0.22849473357200623,0.4216378629207611,1.956193208694458
40,40,1191,2006-02-19T15:00:00.000000,3498.395263671875,56.232147216796875,0.27221745252609253,0.496030330657959,2.2104506492614746
41,41,1191,2006-02-19T15:00:00.000000,1369.7861328125,30.41141128540039,0.6361832618713379,0.6553921699523926,3.016843795776367
42,42,1191,2006-02-19T15:00:00.000000,709.2716674804688,25.381248474121094,0.30513691902160645,0.5264462828636169,2.34122371673584
43,43,1191,2006-02-19T15:00:00.000000,630.5970458984375,23.185638427734375,0.29507872462272644,0.5015475153923035,2.144321918487549
44,44,1191,2006-02-19T15:00:00.000000,1959.4456787109375,42.11222839355469,0.39286017417907715,0.5962942242622375,2.4663307666778564
45,45,1191,2006-02-19T15:00:00.000000,564.2423706054688,22.334524154663086,0.3385586440563202,0.547092616558075,2.3117332458496094
46,46,1191,2006-02-19T15:00:00.000000,266.3831481933594,14.612997055053711,0.23150083422660828,0.4307865798473358,2.049095630645752
47,47,1191,2006-02-19T15:00:00.000000,447.2218017578125,19.41964340209961,0.25784561038017273,0.4662937819957733,2.194309949874878
48,48,1191,2006-02-19T15:00:00.000000,596.7128295898438,22.990478515625,0.2934702932834625,0.5098558068275452,2.3133156299591064
49,49,1191,2006-02-19T15:00:00.000000,534.6822509765625,21.113492965698242,0.2554225027561188,0.4614682197570801,2.0773894786834717
50,50,1191,2006-02-19T15:00:00.000000,491.87738037109375,20.133506774902344,0.24080464243888855,0.4454750716686249,2.0337491035461426
51,51,1191,2006-02-19T15:00:00.000000,571.429443359375,21.953125,0.2727549076080322,0.4796244502067566,2.0854220390319824
52,52,1191,2006-02-19T15:00:00.000000,569.9483642578125,22.201635360717773,0.2901161313056946,0.5009024739265442,2.2881925106048584
53,53,1191,2006-02-19T15:00:00.000000,554.9630126953125,22.03420066833496,0.2591501474380493,0.47614702582359314,2.3792262077331543
54,54,1191,2006-02-19T15:00:00.000000,711.0626831054688,25.45387077331543,0.34041962027549744,0.5569384098052979,2.5006155967712402
55,55,1191,2006-02-19T15:00:00.000000,455.0223083496094,19.884550094604492,0.21830788254737854,0.4355461001396179,2.0330727100372314
56,56,1191,2006-02-19T15:00:00.000000,676.5338134765625,24.566144943237305,0.2819826006889343,0.501537561416626,2.4664359092712402
57,57,1191,2006-02-19T15:00:00.000000,458.0767517089844,18.785417556762695,0.23623928427696228,0.42660683393478394,2.0017001628875732
58,58,1191,2006-02-19T15:00:00.000000,446.9033203125,19.228275299072266,0.27118802070617676,0.47366222739219666,2.255080223083496
59,59,1191,2006-02-19T15:00:00.000000,527.4949340820312,21.31438636779785,0.2389005422592163,0.45359915494918823,2.096785068511963
60,60,1191,2006-02-19T15:00:00.000000,316.8891906738281,16.509624481201172,0.25582680106163025,0.4690903127193451,2.290050983428955
61,61,1191,2006-02-19T15:00:00.000000,641.9371948242188,23.866668701171875,0.28703194856643677,0.5046736598014832,2.0797481536865234
62,62,1191,2006-02-19T15:00:00.000000,697.5111083984375,24.118749618530273,0.316826194524765,0.5140315294265747,2.1427483558654785
63,63,1191,2006-02-19T15:00:00.000000,450.760986328125,19.68402862548828,0.2582494616508484,0.4711514413356781,2.3296358585357666
64,64,1191,2006-02-19T15:00:00.000000,566.8372802734375,22.111509323120117,0.2884293496608734,0.498779833316803,2.2117466926574707
65,65,1191,2006-02-19T15:00:00.000000,577.8887939453125,22.405853271484375,0.2692142724990845,0.483602374792099,2.3688132762908936
66,66,1191,2006-02-19T15:00:00.000000,483.35028076171875,19.828868865966797,0.2344854474067688,0.4367419183254242,1.95884108543396
67,67,1191,2006-02-19T15:00:00.000000,562.8253173828125,21.271677017211914,0.2665035128593445,0.4628778398036957,2.0334699153900146
68,68,1191,2006-02-19T15:00:00.000000,2110.566162109375,41.780460357666016,0.29104840755462646,0.4906325042247772,1.9569027423858643
69,69,1191,2006-02-19T15:00:00.000000,2883.572998046875,50.64159393310547,0.31936752796173096,0.5329509973526001,2.2945210933685303
70,70,1191,2006-02-19T15:00:00.000000,1812.4598388671875,40.58531951904297,0.35175570845603943,0.5653994083404541,2.5596208572387695
71,71,1191,2006-02-19T15:00:00.000000,353.7958984375,18.253250122070312,0.3110489845275879,0.5412254333496094,2.457111358642578
72,72,1191,2006-02-19T15:00:00.000000,563.508056640625,21.64357566833496,0.29649218916893005,0.49646151065826416,2.0210676193237305
73,73,1191,2006-02-19T15:00:00.000000,5876.75927734375,73.002685546875,0.36764055490493774,0.5774064064025879,2.302793264389038
74,74,1191,2006-02-19T15:00:00.000000,491.01922607421875,20.833831787109375,0.23892655968666077,0.45957040786743164,2.122593879699707
75,75,1191,2006-02-19T15:00:00.000000,575.2998046875,22.38888931274414,0.2665139138698578,0.48188719153404236,2.1057355403900146
76,76,1191,2006-02-19T15:00:00.000000,647.8975219726562,22.667560577392578,0.2465360015630722,0.4421725273132324,1.979440689086914
77,77,1191,2006-02-19T15:00:00.000000,581.3597412109375,22.08199691772461,0.25979894399642944,0.46680396795272827,2.1295833587646484
78,78,1191,2006-02-19T15:00:00.000000,699.2314453125,25.326190948486328,0.30027782917022705,0.5248328447341919,2.2970664501190186
79,79,1191,2006-02-19T15:00:00.000000,516.026611328125,20.555036544799805,0.25609222054481506,0.45791029930114746,1.988409399986267
80,80,1191,2006-02-19T15:00:00.000000,1083.30224609375,30.985118865966797,0.25720664858818054,0.4774406850337982,2.071255683898926
81,81,1191,2006-02-19T15:00:00.000000,520.2418823242188,21.39583396911621,0.25507473945617676,0.47376203536987305,1.8938379287719727
82,82,1191,2006-02-19T15:00:00.000000,581.3910522460938,21.834003448486328,0.2939247488975525,0.49092739820480347,2.087524175643921
83,83,1191,2006-02-19T15:00:00.000000,320.0854187011719,16.741567611694336,0.2623370885848999,0.4792841076850891,2.1936771869659424
84,84,1191,2006-02-19T15:00:00.000000,574.7681274414062,21.849803924560547,0.26082050800323486,0.46544894576072693,1.9682382345199585
85,85,1191,2006-02-19T15:00:00.000000,460.95208740234375,20.1390380859375,0.2626810669898987,0.4807565212249756,2.275289535522461
86,86,1191,2006-02-19T15:00:00.000000,641.88427734375,24.190181732177734,0.2785998582839966,0.5039659738540649,2.4926788806915283
87,87,1191,2006-02-19T15:00:00.000000,450.875244140625,19.96587371826172,0.2559205889701843,0.47567760944366455,2.220942258834839
88,88,1191,2006-02-19T15:00:00.000000,689.4801025390625,24.689483642578125,0.4113187789916992,0.603032112121582,2.6511130332946777
89,89,1191,2006-02-19T15:00:00.000000,442.7572937011719,19.559276580810547,0.2504509687423706,0.46519097685813904,2.2540102005004883
90,90,1191,2006-02-19T15:00:00.000000,326.59814453125,16.403648376464844,0.2816210985183716,0.48168832063674927,2.199709892272949
91,91,1191,2006-02-19T15:00:00.000000,540.4525756835938,22.388790130615234,0.2989933490753174,0.5266021490097046,2.3985166549682617
92,92,1191,2006-02-19T15:00:00.000000,545.752197265625,21.62549591064453,0.24057140946388245,0.45403608679771423,2.146993637084961
93,93,1191,2006-02-19T15:00:00.000000,453.16241455078125,19.48291015625,0.2703884243965149,0.47590577602386475,2.1620349884033203
94,94,1191,2006-02-19T15:00:00.000000,493.84881591796875,20.723140716552734,0.27520257234573364,0.4891982078552246,2.2605340480804443
95,95,1191,2006-02-19T15:00:00.000000,484.0098876953125,20.21116065979004,0.25855669379234314,0.46713459491729736,2.02329683303833
96,96,1191,2006-02-19T15:00:00.000000,584.458251953125,23.606548309326172,0.36997830867767334,0.5939418077468872,2.6225132942199707
97,97,1191,2006-02-19T15:00:00.000000,446.0601501464844,19.546428680419922,0.2621181011199951,0.4738263487815857,2.2311291694641113
98,98,1191,2006-02-19T15:00:00.000000,554.95458984375,22.48474884033203,0.3240254521369934,0.5433114767074585,2.2223916053771973
99,99,1191,2006-02-19T15:00:00.000000,475.44061279296875,19.43251609802246,0.2540457248687744,0.449196994304657,1.938029170036316
100,100,1191,2006-02-19T15:00:00.000000,308.0830078125,15.608779907226562,0.2498323619365692,0.4444873332977295,1.951900839805603
101,101,1191,2006-02-19T15:00:00.000000,296.0198669433594,15.873510360717773,0.2525213062763214,0.4636193513870239,2.2286572456359863
102,102,1191,2006-02-19T15:00:00.000000,522.40966796875,19.952680587768555,0.2500011920928955,0.436482310295105,1.8610910177230835
103,103,1191,2006-02-19T15:00:00.000000,573.8314208984375,22.193923950195312,0.2554338574409485,0.46825361251831055,1.9732658863067627
104,104,1191,2006-02-19T15:00:00.000000,1407.2039794921875,34.760494232177734,0.23901116847991943,0.45301908254623413,2.0393474102020264
105,105,1191,2006-02-19T15:00:00.000000,2444.0322265625,46.2568473815918,0.32033857703208923,0.5295746922492981,2.399557113647461
106,106,1191,2006-02-19T15:00:00.000000,486.3368835449219,20.228620529174805,0.24458937346935272,0.45364534854888916,2.14467191696167
107,107,1191,2006-02-19T15:00:00.000000,545.8287353515625,21.671428680419922,0.24286353588104248,0.4571307599544525,2.103410482406616
108,108,1191,2006-02-19T15:00:00.000000,438.3517761230469,19.111608505249023,0.2518109381198883,0.4580608010292053,2.0859017372131348
109,109,1191,2006-02-19T15:00:00.000000,476.5872497558594,20.561979293823242,0.2469637393951416,0.4680694341659546,2.0291028022766113
110,110,1191,2006-02-19T15:00:00.000000,1648.973388671875,35.16021728515625,0.8091692924499512,0.7788690328598022,3.3155035972595215
111,111,1191,2006-02-19T15:00:00.000000,633.556396484375,23.55902671813965,0.2766961455345154,0.4923412799835205,2.179699420928955
112,112,1191,2006-02-19T15:00:00.000000,281.6385498046875,15.428522109985352,0.32814741134643555,0.5266387462615967,2.3461692333221436
113,113,1191,2006-02-19T15:00:00.000000,459.55755615234375,19.62887191772461,0.24632827937602997,0.4544462561607361,2.0980677604675293
114,114,1191,2006-02-19T15:00:00.000000,573.7764892578125,22.40119171142578,0.2915690541267395,0.5049757361412048,2.095445394515991
115,115,1191,2006-02-19T15:00:00.000000,52.905738830566406,7.017857551574707,0.3060063123703003,0.5337260365486145,2.3813514709472656
116,116,1191,2006-02-19T15:00:00.000000,661.099609375,23.748809814453125,0.2806079089641571,0.4892809987068176,2.1176555156707764
117,117,1191,2006-02-19T15:00:00.000000,488.11810302734375,19.673511505126953,0.2462148666381836,0.4418517053127289,1.928265929222107
118,118,1191,2006-02-19T15:00:00.000000,590.1581420898438,22.851486206054688,0.2686709761619568,0.48757410049438477,2.354079246520996
119,119,1191,2006-02-19T15:00:00.000000,312.50811767578125,16.039287567138672,0.2802504003047943,0.48031648993492126,2.1777801513671875
120,120,1191,2006-02-19T15:00:00.000000,553.6286010742188,22.342559814453125,0.2538565993309021,0.4784294068813324,2.2579853534698486
121,121,1191,2006-02-19T15:00:00.000000,3546.359130859375,56.21451950073242,0.3197135329246521,0.5337496995925903,2.378892421722412
122,122,1191,2006-02-19T15:00:00.000000,629.3154296875,23.193031311035156,0.2773295044898987,0.4868793487548828,2.102505683898926
123,123,1191,2006-02-19T15:00:00.000000,485.5855407714844,20.044742584228516,0.22190408408641815,0.4284994304180145,1.995274305343628
124,124,1191,2006-02-19T15:00:00.000000,1800.4227294921875,39.50774383544922,0.28661882877349854,0.49847954511642456,2.1357264518737793
125,125,1191,2006-02-19T15:00:00.000000,1087.4344482421875,29.537105560302734,0.25364789366722107,0.45110949873924255,1.8249304294586182
126,126,1191,2006-02-19T15:00:00.000000,186.87632751464844,12.504688262939453,0.2530030906200409,0.4601067900657654,2.06087327003479
127,127,1191,2006-02-19T15:00:00.000000,616.0677490234375,23.913692474365234,0.3469804525375366,0.5675248503684998,2.4554762840270996
128,128,1191,2006-02-19T15:00:00.000000,584.9857177734375,22.959026336669922,0.27380096912384033,0.4967047870159149,2.3182523250579834
129,129,1191,2006-02-19T15:00:00.000000,35.701263427734375,5.19846248626709,0.24492335319519043,0.43057435750961304,1.705920934677124
130,130,1191,2006-02-19T15:00:00.000000,404.85760498046875,18.111906051635742,0.2575000524520874,0.4567742943763733,1.946075677871704
131,131,1191,2006-02-19T15:00:00.000000,520.3629150390625,20.078323364257812,0.24495694041252136,0.4356313645839691,1.8495159149169922
132,132,1191,2006-02-19T15:00:00.000000,636.2923583984375,23.750173568725586,0.28472599387168884,0.5024027824401855,2.236602544784546
133,133,1191,2006-02-19T15:00:00.000000,663.651123046875,24.397918701171875,0.3389020562171936,0.5513405799865723,2.228485584259033
134,134,1191,2006-02-19T15:00:00.000000,672.5927734375,24.556547164916992,0.29341256618499756,0.5128974914550781,2.1907334327697754
135,135,1191,2006-02-19T15:00:00.000000,480.2720642089844,19.815576553344727,0.3120601773262024,0.5051056146621704,2.021009683609009
136,136,1191,2006-02-19T15:00:00.000000,1063.161865234375,30.41195297241211,0.2828139066696167,0.4960152506828308,2.0561511516571045
0,0,1703,2006-03-12T23:00:00.000000,5191.7958984375,68.00263214111328,0.5132050514221191,0.676102340221405,2.6603355407714844
1,1,1703,2006-03-12T23:00:00.000000,1255.20166015625,33.82976531982422,0.4668872356414795,0.6524514555931091,2.85432767868042
2,2,1703,2006-03-12T23:00:00.000000,759.0794677734375,25.45892906188965,0.27877771854400635,0.48789405822753906,2.3210182189941406
3,3,1703,2006-03-12T23:00:00.000000,2151.851318359375,39.769195556640625,0.7451099157333374,0.7400326132774353,3.1508948802948
4,4,1703,2006-03-12T23:00:00.000000,3142.451171875,51.91448211669922,0.4250698685646057,0.603787899017334,2.520853042602539
5,5,1703,2006-03-12T23:00:00.000000,12315.98046875,98.91056823730469,0.5617882609367371,0.6680277585983276,2.670146942138672
6,6,1703,2006-03-12T23:00:00.000000,749.1893310546875,25.208036422729492,0.32903456687927246,0.5282797813415527,2.429725170135498
7,7,1703,2006-03-12T23:00:00.000000,816.57958984375,26.518749237060547,0.3180597424507141,0.5233691930770874,2.340590476989746
8,8,1703,2006-03-12T23:00:00.000000,1622.9324951171875,36.23229217529297,0.5035240650177002,0.6381983757019043,2.7209250926971436
9,9,1703,2006-03-12T23:00:00.000000,821.187255859375,26.421627044677734,0.33350008726119995,0.5324592590332031,2.4066824913024902
10,10,1703,2006-03-12T23:00:00.000000,1321.8935546875,34.12946701049805,0.5503764152526855,0.6964038610458374,2.969944715499878
11,11,1703,2006-03-12T23:00:00.000000,337.525390625,17.215774536132812,0.4040818214416504,0.595673143863678,2.6899642944335938
12,12,1703,2006-03-12T23:00:00.000000,1040.660400390625,28.63137435913086,0.32538852095603943,0.5062776803970337,2.313114881515503
13,13,1703,2006-03-12T23:00:00.000000,1557.533203125,33.68482208251953,0.6388310790061951,0.6821951270103455,2.9885592460632324
14,14,1703,2006-03-12T23:00:00.000000,1496.52197265625,34.81684112548828,0.4347304105758667,0.5934140682220459,2.613924264907837
15,15,1703,2006-03-12T23:00:00.000000,333.4318542480469,16.158979415893555,0.4039576053619385,0.5624426603317261,2.4113564491271973
16,16,1703,2006-03-12T23:00:00.000000,1134.3155517578125,30.234203338623047,0.35665544867515564,0.5361126661300659,2.3280670642852783
17,17,1703,2006-03-12T23:00:00.000000,922.0518798828125,26.587797164916992,0.2779674530029297,0.4616381525993347,2.009214162826538
18,18,1703,2006-03-12T23:00:00.000000,843.7523193359375,26.350744247436523,0.32013675570487976,0.5132786631584167,2.099210262298584
19,19,1703,2006-03-12T23:00:00.000000,833.3109130859375,26.339879989624023,0.35305094718933105,0.5421619415283203,2.449880361557007
20,20,1703,2006-03-12T23:00:00.000000,1843.525390625,37.06507873535156,0.6200162768363953,0.6797385215759277,2.9652061462402344
21,21,1703,2006-03-12T23:00:00.000000,856.0391845703125,25.294767379760742,0.27329885959625244,0.4519628882408142,1.9884326457977295
22,22,1703,2006-03-12T23:00:00.000000,2000.4990234375,42.050594329833984,0.5682480335235596,0.708715558052063,3.008117198944092
23,23,1703,2006-03-12T23:00:00.000000,5253.755859375,68.26350402832031,0.380953848361969,0.581285834312439,2.589791774749756
24,24,1703,2006-03-12T23:00:00.000000,989.02490234375,28.780380249023438,0.31887781620025635,0.5167793035507202,2.1983823776245117
25,25,1703,2006-03-12T23:00:00.000000,607.263916015625,22.798362731933594,0.3033914566040039,0.5095850229263306,2.2596750259399414
26,26,1703,2006-03-12T23:00:00.000000,1192.20654296875,31.951934814453125,0.4755244255065918,0.6381280422210693,2.8400962352752686
27,27,1703,2006-03-12T23:00:00.000000,1130.4241943359375,31.179912567138672,0.408694326877594,0.5928617715835571,2.5748131275177
28,28,1703,2006-03-12T23:00:00.000000,5185.89794921875,64.71815490722656,0.33964771032333374,0.5237554311752319,2.2641053199768066
29,29,1703,2006-03-12T23:00:00.000000,734.6201171875,25.747892379760742,0.3022506833076477,0.5222686529159546,2.0958752632141113
30,30,1703,2006-03-12T23:00:00.000000,1156.2220458984375,31.30763816833496,0.5649168491363525,0.6920253038406372,2.9009463787078857
31,31,1703,2006-03-12T23:00:00.000000,4440.2197265625,60.135589599609375,0.41422006487846375,0.5808244943618774,2.472339630126953
32,32,1703,2006-03-12T23:00:00.000000,1143.1656494140625,30.25295066833496,0.3752231299877167,0.5480977296829224,2.3793177604675293
33,33,1703,2006-03-12T23:00:00.000000,1269.9227294921875,31.39776611328125,0.5099889039993286,0.6292026042938232,2.879580020904541
34,34,1703,2006-03-12T23:00:00.000000,1252.005126953125,32.2860107421875,0.5271161794662476,0.6624674797058105,2.978217601776123
35,35,1703,2006-03-12T23:00:00.000000,682.7467041015625,24.162328720092773,0.35166725516319275,0.5483714938163757,2.5058116912841797
36,36,1703,2006-03-12T23:00:00.000000,857.0119018554688,26.093353271484375,0.275864839553833,0.4681495428085327,2.0691308975219727
37,37,1703,2006-03-12T23:00:00.000000,648.6610717773438,23.87529754638672,0.41258448362350464,0.6021384000778198,2.600048542022705
38,38,1703,2006-03-12T23:00:00.000000,1096.702880859375,30.511510848999023,0.3376616835594177,0.5353775024414062,2.3217999935150146
39,39,1703,2006-03-12T23:00:00.000000,788.3952026367188,26.049850463867188,0.31278228759765625,0.5188649892807007,2.2516045570373535
40,40,1703,2006-03-12T23:00:00.000000,9185.091796875,89.15780639648438,0.5113210678100586,0.6652188301086426,2.942211866378784
41,41,1703,2006-03-12T23:00:00.000000,773.3292236328125,24.056400299072266,0.27321600914001465,0.4521697759628296,2.1826679706573486
42,42,1703,2006-03-12T23:00:00.000000,2494.5458984375,44.331748962402344,0.8058499097824097,0.7967941761016846,3.381784200668335
43,43,1703,2006-03-12T23:00:00.000000,915.88525390625,28.24340057373047,0.3478240668773651,0.5503972768783569,2.3802220821380615
44,44,1703,2006-03-12T23:00:00.000000,2854.568359375,49.143089294433594,0.5083301663398743,0.6557904481887817,3.257479667663574
45,45,1703,2006-03-12T23:00:00.000000,835.2025146484375,26.174007415771484,0.40020155906677246,0.5729460716247559,2.208163261413574
46,46,1703,2006-03-12T23:00:00.000000,581.4229736328125,21.446651458740234,0.37797483801841736,0.5468205809593201,2.3069827556610107
47,47,1703,2006-03-12T23:00:00.000000,1037.309814453125,29.925519943237305,0.45047563314437866,0.6236244440078735,2.717395782470703
48,48,1703,2006-03-12T23:00:00.000000,1207.19482421875,32.667537689208984,0.4222181737422943,0.6109366416931152,2.7935266494750977
49,49,1703,2006-03-12T23:00:00.000000,1250.64892578125,30.73385238647461,0.39090368151664734,0.5433557033538818,2.336270809173584
50,50,1703,2006-03-12T23:00:00.000000,1027.205078125,28.777782440185547,0.3440054655075073,0.526637077331543,2.342736005783081
51,51,1703,2006-03-12T23:00:00.000000,876.4777221679688,26.338245391845703,0.3493306636810303,0.5258171558380127,2.2566757202148438
52,52,1703,2006-03-12T23:00:00.000000,969.12890625,28.763891220092773,0.3279077410697937,0.529093861579895,2.3688573837280273
53,53,1703,2006-03-12T23:00:00.000000,1939.903076171875,37.520263671875,0.6282788515090942,0.6752305030822754,3.011575698852539
54,54,1703,2006-03-12T23:00:00.000000,906.3712158203125,28.483482360839844,0.3835422694683075,0.5859312415122986,2.5476627349853516
55,55,1703,2006-03-12T23:00:00.000000,2051.25,37.869197845458984,0.6518509387969971,0.6750733256340027,3.0082082748413086
56,56,1703,2006-03-12T23:00:00.000000,1010.5908203125,27.551586151123047,0.3343554437160492,0.5011446475982666,2.204127073287964
57,57,1703,2006-03-12T23:00:00.000000,932.0677490234375,28.672420501708984,0.380992591381073,0.5796940922737122,2.630063772201538
58,58,1703,2006-03-12T23:00:00.000000,1477.25634765625,33.95347595214844,0.5836474895477295,0.6748878359794617,3.030750036239624
59,59,1703,2006-03-12T23:00:00.000000,984.42138671875,27.873809814453125,0.318691611289978,0.5015233159065247,2.2609899044036865
60,60,1703,2006-03-12T23:00:00.000000,611.7703857421875,21.260665893554688,0.40537041425704956,0.5472788214683533,2.4588165283203125
61,61,1703,2006-03-12T23:00:00.000000,1836.982421875,39.281150817871094,0.616753101348877,0.719759464263916,2.995001792907715
62,62,1703,2006-03-12T23:00:00.000000,966.0628662109375,28.73256492614746,0.36919721961021423,0.5616954565048218,2.3448848724365234
63,63,1703,2006-03-12T23:00:00.000000,1224.4329833984375,30.53650665283203,0.46773505210876465,0.5968316793441772,2.615312099456787
64,64,1703,2006-03-12T23:00:00.000000,820.2313842773438,26.12807846069336,0.3221096396446228,0.5177750587463379,2.3019723892211914
65,65,1703,2006-03-12T23:00:00.000000,1013.5353393554688,28.880657196044922,0.3224775195121765,0.5151543021202087,2.287874937057495
66,66,1703,2006-03-12T23:00:00.000000,1592.9935302734375,36.80726623535156,0.52008056640625,0.6650615930557251,3.0456910133361816
67,67,1703,2006-03-12T23:00:00.000000,917.6911010742188,28.093055725097656,0.3297702670097351,0.5325452089309692,2.2939274311065674
68,68,1703,2006-03-12T23:00:00.000000,3950.048828125,58.04861068725586,0.37541505694389343,0.5659087896347046,2.4403066635131836
69,69,1703,2006-03-12T23:00:00.000000,3493.0029296875,54.33229064941406,0.3767440915107727,0.5642632842063904,2.338167428970337
70,70,1703,2006-03-12T23:00:00.000000,1710.400390625,36.54164123535156,0.30969545245170593,0.4917071759700775,2.188278913497925
71,71,1703,2006-03-12T23:00:00.000000,1127.260498046875,28.957290649414062,0.7469698786735535,0.7454136610031128,3.2219786643981934
72,72,1703,2006-03-12T23:00:00.000000,929.8846435546875,28.736013412475586,0.36244213581085205,0.567324161529541,2.5274734497070312
73,73,1703,2006-03-12T23:00:00.000000,12868.830078125,105.55794525146484,0.5877163410186768,0.7133542895317078,3.1074914932250977
74,74,1703,2006-03-12T23:00:00.000000,1602.1552734375,36.57783126831055,0.5281426906585693,0.6641119122505188,3.0492172241210938
75,75,1703,2006-03-12T23:00:00.000000,1027.5751953125,29.392881393432617,0.3200501799583435,0.5187336802482605,2.3551535606384277
76,76,1703,2006-03-12T23:00:00.000000,1563.6556396484375,37.059226989746094,0.45083925127983093,0.6292694211006165,2.741237163543701
77,77,1703,2006-03-12T23:00:00.000000,1048.795166015625,30.372173309326172,0.4144320487976074,0.6037501096725464,2.6771628856658936
78,78,1703,2006-03-12T23:00:00.000000,1360.6234130859375,33.27272033691406,0.43968793749809265,0.5981245040893555,2.6027185916900635
79,79,1703,2006-03-12T23:00:00.000000,978.1754760742188,28.340179443359375,0.35579341650009155,0.540496826171875,2.272657632827759
80,80,1703,2006-03-12T23:00:00.000000,2031.3704833984375,42.31190490722656,0.4058181941509247,0.5980448722839355,2.4985287189483643
81,81,1703,2006-03-12T23:00:00.000000,856.3284912109375,26.62782859802246,0.368949830532074,0.5527123808860779,2.456550359725952
82,82,1703,2006-03-12T23:00:00.000000,859.690673828125,27.4344482421875,0.38810381293296814,0.5829067826271057,2.7156379222869873
83,83,1703,2006-03-12T23:00:00.000000,466.3465270996094,19.38824462890625,0.30166685581207275,0.4931146502494812,2.2761592864990234
84,84,1703,2006-03-12T23:00:00.000000,878.6608276367188,27.82586669921875,0.35356101393699646,0.5581748485565186,2.5197484493255615
85,85,1703,2006-03-12T23:00:00.000000,944.78125,27.406696319580078,0.3782254159450531,0.5483608245849609,2.2635598182678223
86,86,1703,2006-03-12T23:00:00.000000,1191.676513671875,30.805953979492188,0.3902127146720886,0.5574502944946289,2.3414320945739746
87,87,1703,2006-03-12T23:00:00.000000,1260.0980224609375,31.779613494873047,0.5332679748535156,0.6537613272666931,2.7876853942871094
88,88,1703,2006-03-12T23:00:00.000000,615.1516723632812,22.702232360839844,0.3184952437877655,0.5165697336196899,2.3589301109313965
89,89,1703,2006-03-12T23:00:00.000000,1235.013916015625,31.765775680541992,0.4766085147857666,0.6240285038948059,2.7414004802703857
90,90,1703,2006-03-12T23:00:00.000000,1164.69677734375,29.996280670166016,0.781369686126709,0.7769432067871094,3.4017245769500732
91,91,1703,2006-03-12T23:00:00.000000,1590.6605224609375,35.564979553222656,0.6906293630599976,0.7410650253295898,3.4525089263916016
92,92,1703,2006-03-12T23:00:00.000000,1518.5029296875,33.734920501708984,0.47791242599487305,0.5984750390052795,2.7737345695495605
93,93,1703,2006-03-12T23:00:00.000000,1473.90625,33.58928680419922,0.6332508325576782,0.6962315440177917,2.90537691116333
94,94,1703,2006-03-12T23:00:00.000000,810.829345703125,26.00625228881836,0.3045043349266052,0.5039758682250977,2.2434234619140625
95,95,1703,2006-03-12T23:00:00.000000,987.5050659179688,29.357885360717773,0.37307208776474,0.5706259608268738,2.4357943534851074
96,96,1703,2006-03-12T23:00:00.000000,1426.547607421875,34.3125,0.6798428297042847,0.7490546107292175,3.1527857780456543
97,97,1703,2006-03-12T23:00:00.000000,1048.876220703125,29.420337677001953,0.42807579040527344,0.5943548679351807,2.554964542388916
98,98,1703,2006-03-12T23:00:00.000000,745.537109375,25.444347381591797,0.3873588740825653,0.5799804925918579,2.5946178436279297
99,99,1703,2006-03-12T23:00:00.000000,1105.0947265625,31.04940414428711,0.4115245044231415,0.5991718173027039,2.524341583251953
100,100,1703,2006-03-12T23:00:00.000000,495.9587097167969,19.43194580078125,0.3141414523124695,0.4890531897544861,2.1473894119262695
101,101,1703,2006-03-12T23:00:00.000000,770.72900390625,25.60193634033203,0.4632411003112793,0.6276615858078003,2.701411008834839
102,102,1703,2006-03-12T23:00:00.000000,1542.4140625,36.438541412353516,0.581707239151001,0.7076405882835388,3.1920039653778076
103,103,1703,2006-03-12T23:00:00.000000,809.7724609375,25.773067474365234,0.33510467410087585,0.5242938995361328,2.3353781700134277
104,104,1703,2006-03-12T23:00:00.000000,3126.33935546875,51.922569274902344,0.38644012808799744,0.5772703289985657,2.4446206092834473
105,105,1703,2006-03-12T23:00:00.000000,4487.43896484375,61.12073516845703,0.6177076101303101,0.7171016931533813,3.262845993041992
106,106,1703,2006-03-12T23:00:00.000000,730.2176513671875,24.01857566833496,0.29032739996910095,0.4789223372936249,2.105344533920288
107,107,1703,2006-03-12T23:00:00.000000,1475.281982421875,34.85044860839844,0.4586419463157654,0.6144799590110779,2.772364377975464
108,108,1703,2006-03-12T23:00:00.000000,1072.191162109375,29.981945037841797,0.4456082582473755,0.6112239360809326,2.770575523376465
109,109,1703,2006-03-12T23:00:00.000000,1573.3402099609375,36.999107360839844,0.5235149264335632,0.6749078631401062,3.0071792602539062
110,110,1703,2006-03-12T23:00:00.000000,765.0469970703125,24.653371810913086,0.27466490864753723,0.4671258330345154,2.215884208679199
111,111,1703,2006-03-12T23:00:00.000000,1948.78515625,40.03626251220703,0.6531201601028442,0.7329394221305847,3.0179905891418457
112,112,1703,2006-03-12T23:00:00.000000,366.83251953125,18.241716384887695,0.41251152753829956,0.6117160320281982,2.786395788192749
113,113,1703,2006-03-12T23:00:00.000000,675.4671020507812,22.89375114440918,0.2802804410457611,0.46634921431541443,2.2379164695739746
114,114,1703,2006-03-12T23:00:00.000000,1072.438232421875,30.82378387451172,0.3835482597351074,0.5829211473464966,2.498457670211792
115,115,1703,2006-03-12T23:00:00.000000,105.02696228027344,9.60329818725586,0.5158140659332275,0.6730024218559265,2.8828887939453125
116,116,1703,2006-03-12T23:00:00.000000,1995.580078125,40.45451354980469,0.6356499195098877,0.7220070362091064,3.1329550743103027
117,117,1703,2006-03-12T23:00:00.000000,1054.7088623046875,29.935415267944336,0.3830251693725586,0.570469856262207,2.5231990814208984
118,118,1703,2006-03-12T23:00:00.000000,990.31689453125,28.697025299072266,0.336444228887558,0.5289399027824402,2.191714286804199
119,119,1703,2006-03-12T23:00:00.000000,929.8297729492188,27.556102752685547,0.6173264980316162,0.7100248336791992,3.1769893169403076
120,120,1703,2006-03-12T23:00:00.000000,1186.558837890625,31.26026725769043,0.37643885612487793,0.5567950010299683,2.464808464050293
121,121,1703,2006-03-12T23:00:00.000000,5161.9873046875,63.6930046081543,0.36719876527786255,0.5371973514556885,2.3255786895751953
122,122,1703,2006-03-12T23:00:00.000000,2017.260498046875,41.66376495361328,0.645938515663147,0.7455436587333679,3.282933235168457
123,123,1703,2006-03-12T23:00:00.000000,1121.5262451171875,31.00208282470703,0.35205966234207153,0.5492806434631348,2.355909824371338
124,124,1703,2006-03-12T23:00:00.000000,5527.46630859375,67.959228515625,0.671681821346283,0.7491472959518433,3.178243637084961
125,125,1703,2006-03-12T23:00:00.000000,1791.3753662109375,38.39097595214844,0.3197476267814636,0.5129079818725586,2.3471689224243164
126,126,1703,2006-03-12T23:00:00.000000,305.64056396484375,15.42440414428711,0.33562731742858887,0.5111302733421326,2.2473177909851074
127,127,1703,2006-03-12T23:00:00.000000,940.8126831054688,28.28524398803711,0.333393931388855,0.5324602127075195,2.411494493484497
128,128,1703,2006-03-12T23:00:00.000000,1367.637451171875,32.85898208618164,0.44296106696128845,0.5913592576980591,2.5333313941955566
129,129,1703,2006-03-12T23:00:00.000000,87.46287536621094,8.956100463867188,0.4231451451778412,0.6229479908943176,2.6746578216552734
130,130,1703,2006-03-12T23:00:00.000000,661.7545166015625,23.360763549804688,0.3268449306488037,0.5191699266433716,2.1470818519592285
131,131,1703,2006-03-12T23:00:00.000000,911.205322265625,27.67157745361328,0.4098823070526123,0.5868881940841675,2.5075440406799316
132,132,1703,2006-03-12T23:00:00.000000,897.5068359375,26.437103271484375,0.3846423327922821,0.5472975969314575,2.2728424072265625
133,133,1703,2006-03-12T23:00:00.000000,900.0236206054688,26.707988739013672,0.324565052986145,0.5071834921836853,2.025261878967285
134,134,1703,2006-03-12T23:00:00.000000,948.6297607421875,27.259376525878906,0.30084824562072754,0.48544642329216003,1.9542030096054077
135,135,1703,2006-03-12T23:00:00.000000,1096.640380859375,31.456623077392578,0.5502369403839111,0.704619824886322,3.1793594360351562
136,136,1703,2006-03-12T23:00:00.000000,2171.58056640625,42.6460075378418,0.37397730350494385,0.5596455335617065,2.4592137336730957
0,0,2215,2006-04-03T07:00:00.000000,9892.958984375,95.00804138183594,0.817696750164032,0.8637605905532837,3.8042397499084473
1,1,2215,2006-04-03T07:00:00.000000,2529.279296875,46.79880905151367,0.8617064952850342,0.8638057708740234,3.6520564556121826
2,2,2215,2006-04-03T07:00:00.000000,4588.53515625,58.58889389038086,1.3113723993301392,0.9904698133468628,4.64064884185791
3,3,2215,2006-04-03T07:00:00.000000,4062.648193359375,55.00208282470703,1.2939724922180176,0.9816056489944458,4.167391300201416
4,4,2215,2006-04-03T07:00:00.000000,7820.9140625,83.54863739013672,0.8339760303497314,0.8627548217773438,3.8849549293518066
5,5,2215,2006-04-03T07:00:00.000000,15903.7568359375,107.54196166992188,0.8119977712631226,0.7684322595596313,3.49165678024292
6,6,2215,2006-04-03T07:00:00.000000,2003.2200927734375,42.135643005371094,0.7494539618492126,0.8150002360343933,3.6853652000427246
7,7,2215,2006-04-03T07:00:00.000000,2858.591796875,46.9237060546875,1.044527530670166,0.8969665765762329,3.907773971557617
8,8,2215,2006-04-03T07:00:00.000000,3870.0439453125,54.526790618896484,1.3175880908966064,1.0061014890670776,4.3322577476501465
9,9,2215,2006-04-03T07:00:00.000000,4197.37939453125,56.859275817871094,1.2355800867080688,0.9755458831787109,4.640326499938965
10,10,2215,2006-04-03T07:00:00.000000,4121.33740234375,55.593353271484375,1.3323109149932861,0.9995548129081726,4.587454795837402
11,11,2215,2006-04-03T07:00:00.000000,701.9908447265625,24.03876495361328,0.722156286239624,0.771013617515564,3.35798716545105
12,12,2215,2006-04-03T07:00:00.000000,3364.284912109375,51.267860412597656,1.1171356439590454,0.9342255592346191,3.760836362838745
13,13,2215,2006-04-03T07:00:00.000000,4353.0380859375,57.51542282104492,1.2570313215255737,0.9773749113082886,4.341081619262695
14,14,2215,2006-04-03T07:00:00.000000,3833.725341796875,54.615379333496094,1.1530988216400146,0.9471913576126099,3.892773389816284
15,15,2215,2006-04-03T07:00:00.000000,940.328125,28.598709106445312,0.8929315805435181,0.8812838792800903,3.945627212524414
16,16,2215,2006-04-03T07:00:00.000000,4358.74609375,57.233184814453125,1.4153717756271362,1.031341314315796,4.222545146942139
17,17,2215,2006-04-03T07:00:00.000000,4263.83447265625,56.919342041015625,1.3501867055892944,1.0128769874572754,4.324430465698242
18,18,2215,2006-04-03T07:00:00.000000,4123.59423828125,55.95947265625,1.2212574481964111,0.9630288481712341,4.498089790344238
19,19,2215,2006-04-03T07:00:00.000000,4396.27001953125,57.38557052612305,1.3624598979949951,1.0102348327636719,4.597562789916992
20,20,2215,2006-04-03T07:00:00.000000,4046.607177734375,54.13695526123047,1.356982946395874,0.991369366645813,3.899784564971924
21,21,2215,2006-04-03T07:00:00.000000,4427.4658203125,56.35839080810547,1.4250755310058594,1.0111134052276611,4.199000358581543
22,22,2215,2006-04-03T07:00:00.000000,4290.19287109375,58.85702133178711,1.2626723051071167,1.0097298622131348,4.37530517578125
23,23,2215,2006-04-03T07:00:00.000000,10834.845703125,95.60139465332031,0.8298925161361694,0.8366883993148804,3.6029183864593506
24,24,2215,2006-04-03T07:00:00.000000,4234.52685546875,56.253814697265625,1.4370062351226807,1.036284327507019,4.221153259277344
25,25,2215,2006-04-03T07:00:00.000000,3441.776123046875,51.12599182128906,1.238924503326416,0.9700025320053101,4.563966751098633
26,26,2215,2006-04-03T07:00:00.000000,4086.706787109375,54.21076583862305,1.3085241317749023,0.9700400233268738,4.350616455078125
27,27,2215,2006-04-03T07:00:00.000000,3242.28271484375,51.239288330078125,1.0545735359191895,0.9240939021110535,3.9316139221191406
28,28,2215,2006-04-03T07:00:00.000000,15788.6171875,111.0361557006836,1.0524568557739258,0.9065558314323425,3.967061758041382
29,29,2215,2006-04-03T07:00:00.000000,3858.932373046875,54.25629806518555,1.2746384143829346,0.9860752820968628,4.429518699645996
30,30,2215,2006-04-03T07:00:00.000000,2462.885986328125,44.74042892456055,1.2440237998962402,1.005523681640625,4.325498580932617
31,31,2215,2006-04-03T07:00:00.000000,9130.431640625,88.54409790039062,0.8954582214355469,0.8768728971481323,3.8108015060424805
32,32,2215,2006-04-03T07:00:00.000000,3714.927490234375,53.32197570800781,1.2193177938461304,0.9660276174545288,4.218970775604248
33,33,2215,2006-04-03T07:00:00.000000,2498.68408203125,43.66736602783203,1.0351630449295044,0.8888033628463745,3.903149366378784
34,34,2215,2006-04-03T07:00:00.000000,3253.83984375,49.73125457763672,1.219488263130188,0.9627646207809448,4.344022274017334
35,35,2215,2006-04-03T07:00:00.000000,1711.295654296875,36.72187423706055,0.7798218131065369,0.7838988304138184,3.571667432785034
36,36,2215,2006-04-03T07:00:00.000000,3728.06787109375,52.86582565307617,1.2392632961273193,0.9638621211051941,3.8055920600891113
37,37,2215,2006-04-03T07:00:00.000000,1500.6527099609375,34.27381134033203,0.9906574487686157,0.8806108832359314,3.8384642601013184
38,38,2215,2006-04-03T07:00:00.000000,3150.397216796875,50.21537399291992,0.9880258440971375,0.8892793655395508,3.9995079040527344
39,39,2215,2006-04-03T07:00:00.000000,4020.600341796875,54.87470245361328,1.3969167470932007,1.0228502750396729,4.685110092163086
40,40,2215,2006-04-03T07:00:00.000000,15282.08203125,100.78154754638672,1.050308108329773,0.835503101348877,3.5590388774871826
41,41,2215,2006-04-03T07:00:00.000000,4542.35009765625,58.747718811035156,1.2830400466918945,0.987349271774292,4.637502670288086
42,42,2215,2006-04-03T07:00:00.000000,2987.259765625,48.089683532714844,1.0121376514434814,0.8851873874664307,3.821181297302246
43,43,2215,2006-04-03T07:00:00.000000,4220.46875,56.6619987487793,1.2517142295837402,0.9758075475692749,4.467156410217285
44,44,2215,2006-04-03T07:00:00.000000,4920.0146484375,63.904991149902344,0.7541855573654175,0.7912079691886902,3.4563376903533936
45,45,2215,2006-04-03T07:00:00.000000,2089.310546875,41.70397186279297,0.9279605746269226,0.8789024353027344,3.9653613567352295
46,46,2215,2006-04-03T07:00:00.000000,1229.051025390625,31.968008041381836,0.8309375643730164,0.8312177062034607,3.6324801445007324
47,47,2215,2006-04-03T07:00:00.000000,1626.466796875,33.573116302490234,0.8270392417907715,0.757063090801239,3.0375499725341797
48,48,2215,2006-04-03T07:00:00.000000,3345.8564453125,51.30615234375,1.1352190971374512,0.9450517892837524,3.952087879180908
49,49,2215,2006-04-03T07:00:00.000000,4270.6005859375,56.04082489013672,1.401569128036499,1.015236735343933,4.6046977043151855
50,50,2215,2006-04-03T07:00:00.000000,4183.412109375,55.38328552246094,1.3335843086242676,0.98883455991745,3.925891399383545
51,51,2215,2006-04-03T07:00:00.000000,4243.8359375,56.77284240722656,1.217452883720398,0.9615844488143921,4.510282039642334
52,52,2215,2006-04-03T07:00:00.000000,2811.127685546875,47.60957336425781,0.9147993922233582,0.8588492274284363,3.826178550720215
53,53,2215,2006-04-03T07:00:00.000000,3754.20703125,53.549903869628906,1.238919734954834,0.9727945327758789,3.9893980026245117
54,54,2215,2006-04-03T07:00:00.000000,2038.9613037109375,41.657142639160156,0.7878732085227966,0.8188666105270386,3.6179332733154297
55,55,2215,2006-04-03T07:00:00.000000,3837.118896484375,53.99618148803711,1.2788779735565186,0.9857685565948486,4.014407157897949
56,56,2215,2006-04-03T07:00:00.000000,3711.893310546875,53.4817008972168,1.2212767601013184,0.9700956344604492,4.086774826049805
57,57,2215,2006-04-03T07:00:00.000000,3320.94921875,49.241817474365234,1.2939975261688232,0.9720076322555542,4.4717817306518555
58,58,2215,2006-04-03T07:00:00.000000,2220.437255859375,38.51198196411133,1.006826400756836,0.8200756311416626,3.593820333480835
59,59,2215,2006-04-03T07:00:00.000000,3938.753662109375,54.202880859375,1.2779173851013184,0.976324737071991,4.059048175811768
60,60,2215,2006-04-03T07:00:00.000000,2153.87890625,39.77078628540039,1.2809560298919678,0.9698858261108398,4.449617385864258
61,61,2215,2006-04-03T07:00:00.000000,3212.927734375,48.53159713745117,1.1444203853607178,0.9159396886825562,3.895310401916504
62,62,2215,2006-04-03T07:00:00.000000,3971.362060546875,54.74900436401367,1.1391749382019043,0.9272605180740356,4.157648086547852
63,63,2215,2006-04-03T07:00:00.000000,3149.012451171875,47.4694938659668,1.3265219926834106,0.9742819666862488,4.399104118347168
64,64,2215,2006-04-03T07:00:00.000000,2970.63818359375,48.62812423706055,1.030930995941162,0.9058941602706909,4.246997833251953
65,65,2215,2006-04-03T07:00:00.000000,3807.465576171875,53.745094299316406,1.1738462448120117,0.9436836242675781,4.218074321746826
66,66,2215,2006-04-03T07:00:00.000000,4134.76318359375,54.781002044677734,1.339016318321228,0.9858198165893555,4.355668067932129
67,67,2215,2006-04-03T07:00:00.000000,3192.4462890625,50.028770446777344,1.056748628616333,0.9102148413658142,3.9037485122680664
68,68,2215,2006-04-03T07:00:00.000000,16027.1318359375,117.4142074584961,1.3369687795639038,1.0723917484283447,4.988088130950928
69,69,2215,2006-04-03T07:00:00.000000,9145.876953125,86.07738494873047,0.7963602542877197,0.8032138347625732,3.6321399211883545
70,70,2215,2006-04-03T07:00:00.000000,4781.091796875,62.7837028503418,0.7870928645133972,0.8055572509765625,3.3698267936706543
71,71,2215,2006-04-03T07:00:00.000000,1374.8583984375,30.86012077331543,1.0303467512130737,0.8448125123977661,3.6254944801330566
72,72,2215,2006-04-03T07:00:00.000000,2185.860595703125,43.624603271484375,0.8114771246910095,0.8405400514602661,3.7056503295898438
73,73,2215,2006-04-03T07:00:00.000000,25303.904296875,146.4296417236328,1.0656251907348633,0.9502491354942322,4.2307891845703125
74,74,2215,2006-04-03T07:00:00.000000,4204.9365234375,54.6800651550293,1.4193236827850342,1.0045926570892334,4.0421271324157715
75,75,2215,2006-04-03T07:00:00.000000,4286.8994140625,57.047027587890625,1.3584392070770264,1.0155034065246582,4.309330940246582
76,76,2215,2006-04-03T07:00:00.000000,3556.5859375,52.00654602050781,1.0734049081802368,0.9034895896911621,3.973598003387451
77,77,2215,2006-04-03T07:00:00.000000,4019.01318359375,55.32465362548828,1.2116949558258057,0.9606289267539978,4.253293991088867
78,78,2215,2006-04-03T07:00:00.000000,2878.39794921875,46.7536735534668,1.0355088710784912,0.8867826461791992,3.910677433013916
79,79,2215,2006-04-03T07:00:00.000000,2840.22412109375,48.25704574584961,0.9758872389793396,0.8945080637931824,3.9352149963378906
80,80,2215,2006-04-03T07:00:00.000000,3836.973388671875,49.73348617553711,0.9128899574279785,0.7671207189559937,3.083702802658081
81,81,2215,2006-04-03T07:00:00.000000,4220.1337890625,55.950645446777344,1.2480612993240356,0.9621880054473877,4.45386266708374
82,82,2215,2006-04-03T07:00:00.000000,1840.58935546875,40.01213073730469,0.6989511251449585,0.7797161936759949,3.53480863571167
83,83,2215,2006-04-03T07:00:00.000000,1647.0126953125,35.71592330932617,1.0256235599517822,0.8912660479545593,3.810610771179199
84,84,2215,2006-04-03T07:00:00.000000,3653.253662109375,52.250396728515625,1.06791353225708,0.893342137336731,4.220773696899414
85,85,2215,2006-04-03T07:00:00.000000,2875.22314453125,46.21562957763672,1.1461424827575684,0.9227252006530762,3.8812246322631836
86,86,2215,2006-04-03T07:00:00.000000,3881.7431640625,53.06269836425781,1.2983686923980713,0.9704539775848389,4.194282531738281
87,87,2215,2006-04-03T07:00:00.000000,2348.84033203125,41.798858642578125,0.948357343673706,0.839892566204071,3.705789089202881
88,88,2215,2006-04-03T07:00:00.000000,3119.0166015625,48.705360412597656,1.1413244009017944,0.9316921234130859,4.316956996917725
89,89,2215,2006-04-03T07:00:00.000000,2894.474365234375,46.546478271484375,1.1797099113464355,0.9397007822990417,4.183108806610107
90,90,2215,2006-04-03T07:00:00.000000,1483.498046875,31.33740234375,1.2192432880401611,0.8983895182609558,4.014071464538574
91,91,2215,2006-04-03T07:00:00.000000,1931.3017578125,37.32598876953125,0.9336962103843689,0.8207087516784668,3.6057498455047607
92,92,2215,2006-04-03T07:00:00.000000,4666.19384765625,57.384918212890625,1.6826181411743164,1.0897057056427002,4.494551181793213
93,93,2215,2006-04-03T07:00:00.000000,1943.016845703125,37.130950927734375,1.0010474920272827,0.8428012728691101,3.7035586833953857
94,94,2215,2006-04-03T07:00:00.000000,3291.56201171875,49.92039108276367,1.1768085956573486,0.9439083933830261,4.420896053314209
95,95,2215,2006-04-03T07:00:00.000000,2759.26708984375,48.01081466674805,0.9651252031326294,0.8979125022888184,4.073053359985352
96,96,2215,2006-04-03T07:00:00.000000,2245.716064453125,41.26614761352539,1.226155400276184,0.9642491340637207,3.7830796241760254
97,97,2215,2006-04-03T07:00:00.000000,2651.69677734375,44.44471740722656,1.0765104293823242,0.8955036401748657,3.5614638328552246
98,98,2215,2006-04-03T07:00:00.000000,3284.240234375,49.8897819519043,1.2335586547851562,0.9668833017349243,4.537781715393066
99,99,2215,2006-04-03T07:00:00.000000,2924.14111328125,48.51041793823242,1.0045218467712402,0.8991155624389648,3.8598461151123047
100,100,2215,2006-04-03T07:00:00.000000,1869.962646484375,37.9163703918457,1.1171941757202148,0.9267756342887878,4.3064799308776855
101,101,2215,2006-04-03T07:00:00.000000,1453.125732421875,34.808631896972656,0.9426227807998657,0.8865522742271423,3.818089485168457
102,102,2215,2006-04-03T07:00:00.000000,4003.91015625,54.463890075683594,1.3227169513702393,0.9899196028709412,4.2744879722595215
103,103,2215,2006-04-03T07:00:00.000000,4137.37353515625,55.873260498046875,1.213921308517456,0.9570552110671997,4.350444793701172
104,104,2215,2006-04-03T07:00:00.000000,9078.4833984375,81.34280395507812,1.2017306089401245,0.9358711242675781,4.2990851402282715
105,105,2215,2006-04-03T07:00:00.000000,5637.2529296875,69.47492980957031,0.7410739660263062,0.7965721487998962,3.601301670074463
106,106,2215,2006-04-03T07:00:00.000000,3814.769287109375,52.48566436767578,1.3866738080978394,1.0006765127182007,4.570991516113281
107,107,2215,2006-04-03T07:00:00.000000,3528.72412109375,52.286460876464844,1.1575186252593994,0.9469878077507019,4.047577857971191
108,108,2215,2006-04-03T07:00:00.000000,2400.53173828125,42.34382629394531,1.000532865524292,0.8644742965698242,3.725426435470581
109,109,2215,2006-04-03T07:00:00.000000,4528.548828125,57.971824645996094,1.4732236862182617,1.0456150770187378,4.436789035797119
110,110,2215,2006-04-03T07:00:00.000000,4382.880859375,57.95446014404297,1.2318668365478516,0.9716030955314636,4.587243556976318
111,111,2215,2006-04-03T07:00:00.000000,2521.629638671875,45.18903732299805,0.9331664443016052,0.8693046569824219,3.550157308578491
112,112,2215,2006-04-03T07:00:00.000000,725.7589721679688,24.789657592773438,0.7681819200515747,0.8065037727355957,3.428323745727539
113,113,2215,2006-04-03T07:00:00.000000,3619.24609375,50.24796676635742,1.4629008769989014,1.0102221965789795,4.241835117340088
114,114,2215,2006-04-03T07:00:00.000000,2482.89501953125,45.791072845458984,0.819141149520874,0.8317274451255798,3.5393447875976562
115,115,2215,2006-04-03T07:00:00.000000,165.76226806640625,10.761309623718262,1.0508787631988525,0.8568377494812012,3.4303088188171387
116,116,2215,2006-04-03T07:00:00.000000,2683.39599609375,45.066322326660156,0.9626259803771973,0.8535687327384949,3.7735090255737305
117,117,2215,2006-04-03T07:00:00.000000,2843.0224609375,48.3172607421875,0.9653546214103699,0.8903393149375916,4.016417503356934
118,118,2215,2006-04-03T07:00:00.000000,3430.2001953125,51.642608642578125,1.049442172050476,0.9032911062240601,3.7022178173065186
119,119,2215,2006-04-03T07:00:00.000000,1193.3505859375,29.51339340209961,0.9229752421379089,0.8207864165306091,3.683246612548828
120,120,2215,2006-04-03T07:00:00.000000,4900.1767578125,58.49311065673828,1.6907298564910889,1.0865154266357422,4.556770324707031
121,121,2215,2006-04-03T07:00:00.000000,21081.1875,131.16452026367188,1.385892629623413,1.0634905099868774,4.500749588012695
122,122,2215,2006-04-03T07:00:00.000000,3105.725341796875,48.245338439941406,1.1094136238098145,0.9118441343307495,3.7264561653137207
123,123,2215,2006-04-03T07:00:00.000000,4043.194091796875,54.85496139526367,1.479770541191101,1.0494235754013062,4.174046039581299
124,124,2215,2006-04-03T07:00:00.000000,8054.0546875,76.90446472167969,1.1327478885650635,0.9120336771011353,4.013765335083008
125,125,2215,2006-04-03T07:00:00.000000,5581.8994140625,67.34295654296875,1.0099016427993774,0.9058175086975098,3.8666253089904785
126,126,2215,2006-04-03T07:00:00.000000,951.4909057617188,26.514684677124023,1.1121219396591187,0.9064844846725464,4.001221656799316
127,127,2215,2006-04-03T07:00:00.000000,2879.989990234375,47.96805953979492,1.082201600074768,0.9298453330993652,4.200552940368652
128,128,2215,2006-04-03T07:00:00.000000,3894.9296875,54.77956771850586,1.2440848350524902,0.9790248870849609,3.889535427093506
129,129,2215,2006-04-03T07:00:00.000000,176.72586059570312,12.061954498291016,0.8952734470367432,0.8585102558135986,3.4895567893981934
130,130,2215,2006-04-03T07:00:00.000000,1793.8748779296875,38.34903335571289,0.8633363246917725,0.8412951231002808,3.7081172466278076
131,131,2215,2006-04-03T07:00:00.000000,3873.52099609375,54.14166259765625,1.3600096702575684,1.0144944190979004,4.67740535736084
132,132,2215,2006-04-03T07:00:00.000000,4272.873046875,56.84147262573242,1.2204740047454834,0.9606596827507019,4.459515571594238
133,133,2215,2006-04-03T07:00:00.000000,2287.5556640625,44.82574462890625,0.7822247743606567,0.8289101123809814,3.700120449066162
134,134,2215,2006-04-03T07:00:00.000000,3552.623779296875,52.60282897949219,1.1278884410858154,0.9372760653495789,3.9140403270721436
135,135,2215,2006-04-03T07:00:00.000000,2213.11767578125,43.93537139892578,1.0302369594573975,0.947939395904541,4.2307658195495605
136,136,2215,2006-04-03T07:00:00.000000,4945.9951171875,63.087005615234375,0.9618366956710815,0.8797590732574463,3.758326530456543
0,0,2727,2006-04-24T15:00:00.000000,10618.328125,93.99791717529297,0.7987028956413269,0.8152350187301636,3.5957601070404053
1,1,2727,2006-04-24T15:00:00.000000,1789.226806640625,40.10347366333008,0.49745282530784607,0.6686906814575195,2.9293735027313232
2,2,2727,2006-04-24T15:00:00.000000,1952.08544921875,42.679317474365234,0.5947811603546143,0.744983434677124,3.237100124359131
3,3,2727,2006-04-24T15:00:00.000000,3336.673828125,50.79960250854492,0.8798495531082153,0.8249120712280273,3.7250142097473145
4,4,2727,2006-04-24T15:00:00.000000,7233.7373046875,81.00248718261719,0.7127761840820312,0.804069459438324,3.654329299926758
5,5,2727,2006-04-24T15:00:00.000000,22661.974609375,133.7531280517578,0.9697163105010986,0.8749383687973022,3.797382354736328
6,6,2727,2006-04-24T15:00:00.000000,2544.49560546875,44.60158920288086,0.9608585834503174,0.8667207956314087,4.023152828216553
7,7,2727,2006-04-24T15:00:00.000000,2831.00537109375,46.95550537109375,1.0128920078277588,0.8881733417510986,3.965094566345215
8,8,2727,2006-04-24T15:00:00.000000,3127.48291015625,48.771575927734375,0.8372244834899902,0.7979769706726074,3.7057435512542725
9,9,2727,2006-04-24T15:00:00.000000,3325.41796875,51.56830596923828,1.0728709697723389,0.9262611865997314,3.9016451835632324
10,10,2727,2006-04-24T15:00:00.000000,2910.38916015625,47.0380973815918,0.9548407793045044,0.8520001769065857,3.6057753562927246
11,11,2727,2006-04-24T15:00:00.000000,780.8658447265625,24.417882919311523,0.8223674297332764,0.7924151420593262,3.6573715209960938
12,12,2727,2006-04-24T15:00:00.000000,3233.760498046875,50.07500457763672,0.8408740758895874,0.8074814081192017,3.629568099975586
13,13,2727,2006-04-24T15:00:00.000000,2648.03662109375,46.547767639160156,0.7928386926651001,0.8054327964782715,3.4383742809295654
14,14,2727,2006-04-24T15:00:00.000000,3720.6083984375,54.324554443359375,0.9284375905990601,0.8581547141075134,3.7522544860839844
15,15,2727,2006-04-24T15:00:00.000000,904.0052490234375,26.978572845458984,0.799141526222229,0.8021310567855835,3.649296522140503
16,16,2727,2006-04-24T15:00:00.000000,3075.82080078125,50.34627914428711,0.7684599161148071,0.7957882285118103,3.5707337856292725
17,17,2727,2006-04-24T15:00:00.000000,3770.93701171875,53.042564392089844,0.9627320170402527,0.8475250005722046,3.8092832565307617
18,18,2727,2006-04-24T15:00:00.000000,2795.974609375,47.46815490722656,0.8759574890136719,0.8401894569396973,3.692127227783203
19,19,2727,2006-04-24T15:00:00.000000,3271.10205078125,51.932594299316406,1.0026161670684814,0.9092018008232117,3.879293441772461
20,20,2727,2006-04-24T15:00:00.000000,2573.683349609375,46.482513427734375,0.6728814840316772,0.7515906095504761,3.2967021465301514
21,21,2727,2006-04-24T15:00:00.000000,2686.88525390625,47.14960479736328,0.7070843577384949,0.764872670173645,3.348992347717285
22,22,2727,2006-04-24T15:00:00.000000,2836.127685546875,50.10543441772461,0.6260790228843689,0.7444517016410828,3.4133992195129395
23,23,2727,2006-04-24T15:00:00.000000,11160.201171875,94.56492614746094,0.7018553018569946,0.7499251365661621,3.388042449951172
24,24,2727,2006-04-24T15:00:00.000000,3563.52734375,52.14404296875,0.8865293264389038,0.8224532604217529,3.6629252433776855
25,25,2727,2006-04-24T15:00:00.000000,1695.46533203125,38.297271728515625,0.672012209892273,0.7624510526657104,3.5113887786865234
26,26,2727,2006-04-24T15:00:00.000000,2917.250732421875,47.55744171142578,0.9033788442611694,0.8368864059448242,3.627685308456421
27,27,2727,2006-04-24T15:00:00.000000,2316.3291015625,44.84382247924805,0.5938127040863037,0.7180047035217285,3.2647814750671387
28,28,2727,2006-04-24T15:00:00.000000,10792.19140625,94.0727767944336,0.6655508279800415,0.7387537956237793,3.4024910926818848
29,29,2727,2006-04-24T15:00:00.000000,3611.5888671875,52.79099655151367,1.069324016571045,0.9083754420280457,3.8985984325408936
30,30,2727,2006-04-24T15:00:00.000000,2086.875244140625,42.856773376464844,0.808142364025116,0.8433641791343689,3.921257734298706
31,31,2727,2006-04-24T15:00:00.000000,7823.9326171875,80.69146728515625,0.6083176136016846,0.7115087509155273,3.2355637550354004
32,32,2727,2006-04-24T15:00:00.000000,3247.6279296875,51.54161834716797,0.8282928466796875,0.8231269717216492,3.8316638469696045
33,33,2727,2006-04-24T15:00:00.000000,2279.97705078125,44.634674072265625,0.7418237924575806,0.8051142692565918,3.6644246578216553
34,34,2727,2006-04-24T15:00:00.000000,2978.59375,47.89623260498047,1.0008186101913452,0.877957284450531,3.768247604370117
35,35,2727,2006-04-24T15:00:00.000000,1942.11474609375,39.153079986572266,0.8815667629241943,0.8341729044914246,3.763093948364258
36,36,2727,2006-04-24T15:00:00.000000,2915.00927734375,47.67286682128906,0.7581825256347656,0.7688440084457397,3.515418529510498
37,37,2727,2006-04-24T15:00:00.000000,1823.229248046875,37.60302734375,1.013932704925537,0.8867613077163696,3.831775188446045
38,38,2727,2006-04-24T15:00:00.000000,4189.98828125,57.18229293823242,1.1769495010375977,0.9583718776702881,4.1707000732421875
39,39,2727,2006-04-24T15:00:00.000000,3213.6171875,49.39166259765625,1.0260722637176514,0.8825626373291016,3.7777814865112305
40,40,2727,2006-04-24T15:00:00.000000,15190.224609375,107.46508026123047,0.8296307325363159,0.7941960096359253,3.291487455368042
41,41,2727,2006-04-24T15:00:00.000000,2210.3408203125,45.39561080932617,0.6727175712585449,0.7919552326202393,3.3688387870788574
42,42,2727,2006-04-24T15:00:00.000000,2969.426513671875,48.45981979370117,0.8211879730224609,0.8058733940124512,3.565263271331787
43,43,2727,2006-04-24T15:00:00.000000,2376.1669921875,44.41284942626953,0.7378904819488525,0.7826473116874695,3.3664422035217285
44,44,2727,2006-04-24T15:00:00.000000,5759.3505859375,71.95819091796875,0.8305322527885437,0.8641152381896973,3.907020092010498
45,45,2727,2006-04-24T15:00:00.000000,1897.51904296875,41.595760345458984,0.7274807691574097,0.8144543170928955,3.643200635910034
46,46,2727,2006-04-24T15:00:00.000000,1386.82373046875,33.289039611816406,0.7310622930526733,0.764306902885437,3.5307042598724365
47,47,2727,2006-04-24T15:00:00.000000,2121.39013671875,41.116668701171875,0.7823091745376587,0.789581298828125,3.6719160079956055
48,48,2727,2006-04-24T15:00:00.000000,1755.173828125,39.587501525878906,0.4910481870174408,0.6621556282043457,2.8791537284851074
49,49,2727,2006-04-24T15:00:00.000000,3557.3076171875,52.20610046386719,1.0414702892303467,0.8932725787162781,3.945432186126709
50,50,2727,2006-04-24T15:00:00.000000,3207.689453125,49.3193473815918,0.8068708181381226,0.7822096347808838,3.554738998413086
51,51,2727,2006-04-24T15:00:00.000000,2574.6982421875,47.430355072021484,0.7804446220397949,0.8257797956466675,3.5072925090789795
52,52,2727,2006-04-24T15:00:00.000000,1450.558349609375,35.25074768066406,0.39486098289489746,0.5815979242324829,2.5949368476867676
53,53,2727,2006-04-24T15:00:00.000000,4026.273193359375,56.704917907714844,1.0243473052978516,0.904466986656189,4.094394207000732
54,54,2727,2006-04-24T15:00:00.000000,2812.70068359375,44.89176559448242,1.0500823259353638,0.8673944473266602,3.8167827129364014
55,55,2727,2006-04-24T15:00:00.000000,2303.488037109375,43.9051628112793,0.610675036907196,0.7148709297180176,3.089567184448242
56,56,2727,2006-04-24T15:00:00.000000,3281.1259765625,51.43358612060547,0.8517226576805115,0.828675389289856,3.8487319946289062
57,57,2727,2006-04-24T15:00:00.000000,2770.505859375,44.97187423706055,0.9314412474632263,0.824592113494873,3.737212657928467
58,58,2727,2006-04-24T15:00:00.000000,2298.30908203125,43.70164108276367,0.8795030117034912,0.8548938035964966,3.75671648979187
59,59,2727,2006-04-24T15:00:00.000000,3083.44384765625,49.799407958984375,0.7880458831787109,0.796126127243042,3.501979351043701
60,60,2727,2006-04-24T15:00:00.000000,1430.4661865234375,34.45054626464844,0.7585629820823669,0.7933286428451538,3.5801124572753906
61,61,2727,2006-04-24T15:00:00.000000,2963.28955078125,48.15684127807617,0.8498486280441284,0.8155335187911987,3.544924736022949
62,62,2727,2006-04-24T15:00:00.000000,2899.80419921875,48.059722900390625,0.9588632583618164,0.8739272356033325,3.4270477294921875
63,63,2727,2006-04-24T15:00:00.000000,2461.44873046875,44.06890106201172,0.8100665807723999,0.7994608283042908,3.7319064140319824
64,64,2727,2006-04-24T15:00:00.000000,1805.474365234375,39.94419860839844,0.5234171748161316,0.6801144480705261,3.0674028396606445
65,65,2727,2006-04-24T15:00:00.000000,4432.29248046875,56.599708557128906,1.4155058860778809,1.0114765167236328,4.30641508102417
66,66,2727,2006-04-24T15:00:00.000000,2812.942138671875,48.75178527832031,0.7502875328063965,0.7962033152580261,3.4580142498016357
67,67,2727,2006-04-24T15:00:00.000000,1913.639404296875,39.469940185546875,0.5115188360214233,0.645308256149292,2.8106257915496826
68,68,2727,2006-04-24T15:00:00.000000,16403.68359375,115.1436996459961,1.3662724494934082,1.0508439540863037,4.004664897918701
69,69,2727,2006-04-24T15:00:00.000000,8480.205078125,80.38829040527344,0.7613586187362671,0.7617005705833435,3.524599075317383
70,70,2727,2006-04-24T15:00:00.000000,5668.609375,65.99087524414062,0.8899246454238892,0.8268413543701172,3.710160732269287
71,71,2727,2006-04-24T15:00:00.000000,1135.7606201171875,30.347423553466797,0.705744206905365,0.756488025188446,3.2835655212402344
72,72,2727,2006-04-24T15:00:00.000000,1710.4873046875,38.315181732177734,0.491168349981308,0.6492711305618286,2.8918426036834717
73,73,2727,2006-04-24T15:00:00.000000,20454.318359375,131.31875610351562,0.6649973392486572,0.7487627267837524,3.492659091949463
74,74,2727,2006-04-24T15:00:00.000000,2285.6689453125,42.62884521484375,0.5817664861679077,0.6800975799560547,2.958552837371826
75,75,2727,2006-04-24T15:00:00.000000,3139.418701171875,50.208091735839844,0.8073055148124695,0.8051337599754333,3.6417436599731445
76,76,2727,2006-04-24T15:00:00.000000,2945.229248046875,48.77678680419922,0.7774757742881775,0.7924959659576416,3.5025577545166016
77,77,2727,2006-04-24T15:00:00.000000,3175.366943359375,49.51542663574219,1.0476651191711426,0.8994040489196777,3.8073010444641113
78,78,2727,2006-04-24T15:00:00.000000,3215.142333984375,50.33221435546875,0.9268626570701599,0.8545818328857422,3.7454237937927246
79,79,2727,2006-04-24T15:00:00.000000,2095.115234375,41.61778259277344,0.5903713703155518,0.6986145377159119,3.178818464279175
80,80,2727,2006-04-24T15:00:00.000000,4005.25634765625,55.262054443359375,0.7254655361175537,0.7437385320663452,3.2680916786193848
81,81,2727,2006-04-24T15:00:00.000000,3444.283203125,51.32807540893555,1.2036106586456299,0.9595078229904175,3.7538764476776123
82,82,2727,2006-04-24T15:00:00.000000,2905.373779296875,47.59330368041992,1.045169711112976,0.9026892185211182,4.093995094299316
83,83,2727,2006-04-24T15:00:00.000000,1735.365478515625,36.78899002075195,0.9110404253005981,0.8429293632507324,3.8620572090148926
84,84,2727,2006-04-24T15:00:00.000000,2974.353515625,47.95714569091797,0.9870847463607788,0.8736433982849121,3.7311172485351562
85,85,2727,2006-04-24T15:00:00.000000,2474.23779296875,45.1960563659668,0.7992808222770691,0.8123244643211365,3.729029417037964
86,86,2727,2006-04-24T15:00:00.000000,2758.80322265625,48.04851531982422,0.6795167326927185,0.7540838718414307,3.531346082687378
87,87,2727,2006-04-24T15:00:00.000000,2324.33544921875,42.56793212890625,0.7331267595291138,0.7560014724731445,3.4504764080047607
88,88,2727,2006-04-24T15:00:00.000000,1783.2352294921875,39.218650817871094,0.725437343120575,0.7910215258598328,3.514253616333008
89,89,2727,2006-04-24T15:00:00.000000,2856.307373046875,46.625301361083984,0.8848788142204285,0.8206558227539062,3.7019155025482178
90,90,2727,2006-04-24T15:00:00.000000,976.6388549804688,28.088542938232422,0.6106593608856201,0.7023631930351257,2.9886186122894287
91,91,2727,2006-04-24T15:00:00.000000,2937.0595703125,46.585567474365234,1.085709810256958,0.895677924156189,3.9019908905029297
92,92,2727,2006-04-24T15:00:00.000000,3172.330078125,51.32500457763672,0.7969838380813599,0.8135130405426025,3.6670126914978027
93,93,2727,2006-04-24T15:00:00.000000,2661.4990234375,45.419891357421875,0.915711522102356,0.8424851894378662,3.5646045207977295
94,94,2727,2006-04-24T15:00:00.000000,3051.064208984375,47.491294860839844,1.082937479019165,0.8947259783744812,3.7382378578186035
95,95,2727,2006-04-24T15:00:00.000000,1641.469482421875,36.48868942260742,0.4652557373046875,0.6143102645874023,2.7280960083007812
96,96,2727,2006-04-24T15:00:00.000000,1712.7186279296875,37.099700927734375,0.668550431728363,0.7329840064048767,2.985640048980713
97,97,2727,2006-04-24T15:00:00.000000,2266.037109375,43.34627914428711,0.7492515444755554,0.7881921529769897,3.5675952434539795
98,98,2727,2006-04-24T15:00:00.000000,1944.0062255859375,40.16250228881836,0.8080574870109558,0.8188287019729614,3.767843246459961
99,99,2727,2006-04-24T15:00:00.000000,1655.1494140625,37.293006896972656,0.4724169671535492,0.6300449371337891,2.740262746810913
100,100,2727,2006-04-24T15:00:00.000000,1571.4969482421875,35.43522262573242,0.7940273284912109,0.7965188026428223,3.634716510772705
101,101,2727,2006-04-24T15:00:00.000000,1242.2884521484375,32.385169982910156,0.678083598613739,0.7566177248954773,3.3686225414276123
102,102,2727,2006-04-24T15:00:00.000000,2927.694091796875,47.3413200378418,0.9214702844619751,0.8398818373680115,3.5750300884246826
103,103,2727,2006-04-24T15:00:00.000000,2695.19970703125,45.988887786865234,0.8617174625396729,0.8223182559013367,3.332094669342041
104,104,2727,2006-04-24T15:00:00.000000,7883.431640625,79.33180236816406,0.9834319353103638,0.8860572576522827,3.7027416229248047
105,105,2727,2006-04-24T15:00:00.000000,7492.97216796875,75.48135375976562,0.9269263744354248,0.8395280838012695,3.684223175048828
106,106,2727,2006-04-24T15:00:00.000000,2858.91357421875,47.14129638671875,0.9851670265197754,0.8750965595245361,3.944680690765381
107,107,2727,2006-04-24T15:00:00.000000,2689.09375,45.462677001953125,0.6789593696594238,0.7223936319351196,3.3496274948120117
108,108,2727,2006-04-24T15:00:00.000000,2477.347412109375,44.233333587646484,0.8026461005210876,0.7961928248405457,3.7000510692596436
109,109,2727,2006-04-24T15:00:00.000000,2449.037109375,45.267333984375,0.6246201395988464,0.7229284048080444,3.2688236236572266
110,110,2727,2006-04-24T15:00:00.000000,2340.59033203125,45.86912155151367,0.728282630443573,0.809110164642334,3.4957873821258545
111,111,2727,2006-04-24T15:00:00.000000,2874.908935546875,47.97063446044922,0.7695835828781128,0.7848584055900574,3.6686720848083496
112,112,2727,2006-04-24T15:00:00.000000,944.2783203125,26.479564666748047,0.9819679260253906,0.8539049029350281,3.738502264022827
113,113,2727,2006-04-24T15:00:00.000000,2971.76904296875,46.656002044677734,1.003124475479126,0.857190728187561,3.9527950286865234
114,114,2727,2006-04-24T15:00:00.000000,1825.7493896484375,37.77232360839844,0.46130192279815674,0.6004070043563843,2.777621269226074
115,115,2727,2006-04-24T15:00:00.000000,211.86981201171875,12.742856979370117,0.9843460917472839,0.8685728311538696,3.9907307624816895
116,116,2727,2006-04-24T15:00:00.000000,2858.865966796875,47.54880905151367,0.8186702728271484,0.8046319484710693,3.5771920680999756
117,117,2727,2006-04-24T15:00:00.000000,1818.0126953125,38.782936096191406,0.5355512499809265,0.6656451225280762,2.9306561946868896
118,118,2727,2006-04-24T15:00:00.000000,2924.758544921875,48.703575134277344,0.7571503520011902,0.7836224436759949,3.5876212120056152
119,119,2727,2006-04-24T15:00:00.000000,1160.6591796875,30.173809051513672,0.7068970203399658,0.7446563243865967,3.2087535858154297
120,120,2727,2006-04-24T15:00:00.000000,2790.80810546875,47.126190185546875,0.715868353843689,0.7547688484191895,3.4161269664764404
121,121,2727,2006-04-24T15:00:00.000000,13726.1015625,110.72628784179688,0.7312695384025574,0.8081945180892944,3.886766195297241
122,122,2727,2006-04-24T15:00:00.000000,3316.754638671875,50.88608932495117,0.8908052444458008,0.8339380025863647,3.8200020790100098
123,123,2727,2006-04-24T15:00:00.000000,2813.8251953125,47.586509704589844,0.6986993551254272,0.749860405921936,3.34136962890625
124,124,2727,2006-04-24T15:00:00.000000,6791.8203125,73.85858154296875,0.7760329246520996,0.7894924879074097,3.6458821296691895
125,125,2727,2006-04-24T15:00:00.000000,3570.744140625,52.645809173583984,0.5439541339874268,0.6497788429260254,2.8553309440612793
126,126,2727,2006-04-24T15:00:00.000000,821.4798583984375,25.256053924560547,0.8230053186416626,0.7994076609611511,3.639608860015869
127,127,2727,2006-04-24T15:00:00.000000,1648.0662841796875,38.722171783447266,0.4871056079864502,0.6657082438468933,2.995461940765381
128,128,2727,2006-04-24T15:00:00.000000,2662.8271484375,44.064781188964844,0.6727616190910339,0.7004073858261108,3.218376874923706
129,129,2727,2006-04-24T15:00:00.000000,117.16255950927734,10.146825790405273,0.4845443665981293,0.6525330543518066,2.894883155822754
130,130,2727,2006-04-24T15:00:00.000000,937.136962890625,28.115005493164062,0.3989214301109314,0.580069899559021,2.4255855083465576
131,131,2727,2006-04-24T15:00:00.000000,3128.470703125,48.98387908935547,0.994313657283783,0.8732706308364868,3.842594861984253
132,132,2727,2006-04-24T15:00:00.000000,2921.07763671875,48.712059020996094,0.9562627673149109,0.8813604116439819,3.723924398422241
133,133,2727,2006-04-24T15:00:00.000000,2004.7611083984375,42.029762268066406,0.5365728735923767,0.6876065135002136,3.110694408416748
134,134,2727,2006-04-24T15:00:00.000000,3304.347412109375,52.09325408935547,0.8589242696762085,0.8398777842521667,3.873276710510254
135,135,2727,2006-04-24T15:00:00.000000,1876.0906982421875,40.04561233520508,0.7053281664848328,0.7764681577682495,3.686465263366699
136,136,2727,2006-04-24T15:00:00.000000,4993.958984375,63.595088958740234,0.8718356490135193,0.8402692079544067,3.3191795349121094
0,0,3239,2006-05-15T23:00:00.000000,12405.0263671875,101.26066589355469,0.9098655581474304,0.8672224879264832,3.8386783599853516
1,1,3239,2006-05-15T23:00:00.000000,3101.7099609375,49.18120574951172,0.9322897791862488,0.8526562452316284,3.9176058769226074
2,2,3239,2006-05-15T23:00:00.000000,3006.12451171875,45.84171676635742,1.030890703201294,0.8489140272140503,3.5594043731689453
3,3,3239,2006-05-15T23:00:00.000000,2894.8671875,47.5736083984375,1.054661750793457,0.9080471396446228,3.997380018234253
4,4,3239,2006-05-15T23:00:00.000000,10451.470703125,93.76876068115234,0.9525105357170105,0.8951675295829773,3.956087589263916
5,5,3239,2006-05-15T23:00:00.000000,17096.67578125,112.3387451171875,1.040341854095459,0.876318097114563,3.9330334663391113
6,6,3239,2006-05-15T23:00:00.000000,2659.983154296875,44.036529541015625,1.116260290145874,0.9021036028862,3.578115463256836
7,7,3239,2006-05-15T23:00:00.000000,1690.8154296875,38.129119873046875,0.6528009176254272,0.7492021918296814,2.9774441719055176
8,8,3239,2006-05-15T23:00:00.000000,3287.59765625,50.64543914794922,1.1232094764709473,0.9361197352409363,3.7893314361572266
9,9,3239,2006-05-15T23:00:00.000000,2194.180908203125,42.282958984375,0.8081747889518738,0.8114875555038452,3.502606153488159
10,10,3239,2006-05-15T23:00:00.000000,2631.987060546875,46.21711349487305,0.951135516166687,0.8785817623138428,3.9071872234344482
11,11,3239,2006-05-15T23:00:00.000000,887.6608276367188,25.97641372680664,1.0719335079193115,0.9026919603347778,3.7910170555114746
12,12,3239,2006-05-15T23:00:00.000000,3403.40234375,48.12232208251953,1.1547572612762451,0.886411190032959,3.965864658355713
13,13,3239,2006-05-15T23:00:00.000000,2574.953125,43.443458557128906,0.9248442649841309,0.8233301043510437,3.6026697158813477
14,14,3239,2006-05-15T23:00:00.000000,2073.33740234375,40.86572265625,0.7362241148948669,0.7700682878494263,3.4126291275024414
15,15,3239,2006-05-15T23:00:00.000000,1115.2930908203125,30.629764556884766,0.9772146940231323,0.9066593050956726,4.080710411071777
16,16,3239,2006-05-15T23:00:00.000000,2745.0595703125,47.093994140625,0.951390266418457,0.8767363429069519,3.9449729919433594
17,17,3239,2006-05-15T23:00:00.000000,3201.64013671875,48.40119171142578,1.1045295000076294,0.8989974856376648,4.037461757659912
18,18,3239,2006-05-15T23:00:00.000000,1940.02490234375,39.58966064453125,0.7218742370605469,0.7636755704879761,3.1507210731506348
19,19,3239,2006-05-15T23:00:00.000000,2061.398193359375,40.16793441772461,0.770180881023407,0.7764167189598083,3.3500022888183594
20,20,3239,2006-05-15T23:00:00.000000,3068.78125,47.06538009643555,1.1212291717529297,0.8996338844299316,4.162871837615967
21,21,3239,2006-05-15T23:00:00.000000,2280.3095703125,42.638397216796875,0.8124200105667114,0.8048115968704224,3.383517026901245
22,22,3239,2006-05-15T23:00:00.000000,3964.69677734375,54.66889572143555,1.050057291984558,0.8896963596343994,3.228440284729004
23,23,3239,2006-05-15T23:00:00.000000,12323.9453125,100.19888305664062,0.8787025809288025,0.846075177192688,3.5897397994995117
24,24,3239,2006-05-15T23:00:00.000000,2793.854248046875,44.77128219604492,1.0173667669296265,0.8543511629104614,3.5738272666931152
25,25,3239,2006-05-15T23:00:00.000000,1904.6497802734375,40.00878143310547,0.8911721110343933,0.8654232025146484,3.7788963317871094
26,26,3239,2006-05-15T23:00:00.000000,3225.9609375,49.99494552612305,1.1591516733169556,0.9476906657218933,4.022526264190674
27,27,3239,2006-05-15T23:00:00.000000,3572.033935546875,53.09092330932617,1.0862566232681274,0.9258246421813965,4.097316741943359
28,28,3239,2006-05-15T23:00:00.000000,16786.67578125,114.52852630615234,1.2119970321655273,0.9731552004814148,4.31968355178833
29,29,3239,2006-05-15T23:00:00.000000,2046.56103515625,40.15163803100586,0.7252813577651978,0.7558648586273193,3.1021621227264404
30,30,3239,2006-05-15T23:00:00.000000,3037.69091796875,48.983333587646484,1.5989675521850586,1.12381911277771,4.296557426452637
31,31,3239,2006-05-15T23:00:00.000000,11661.9169921875,95.84941101074219,1.0680794715881348,0.917289137840271,4.05842924118042
32,32,3239,2006-05-15T23:00:00.000000,2432.0625,44.3468017578125,0.8921415209770203,0.8493599891662598,3.7804572582244873
33,33,3239,2006-05-15T23:00:00.000000,2320.4716796875,43.24327850341797,1.003953456878662,0.8994712829589844,3.914797782897949
34,34,3239,2006-05-15T23:00:00.000000,1928.344482421875,40.167510986328125,0.8425458669662476,0.8396133780479431,3.5155253410339355
35,35,3239,2006-05-15T23:00:00.000000,1755.3861083984375,35.28447723388672,0.9283902049064636,0.8114516139030457,3.3859145641326904
36,36,3239,2006-05-15T23:00:00.000000,2023.572998046875,40.994693756103516,0.737083911895752,0.7823960781097412,3.503640651702881
37,37,3239,2006-05-15T23:00:00.000000,1225.25830078125,31.612152099609375,0.8261442184448242,0.820858359336853,3.853733777999878
38,38,3239,2006-05-15T23:00:00.000000,1828.08349609375,39.805904388427734,0.6549174189567566,0.7534297704696655,3.099830150604248
39,39,3239,2006-05-15T23:00:00.000000,1945.57421875,36.94963073730469,0.661605179309845,0.6813740730285645,2.900939464569092
40,40,3239,2006-05-15T23:00:00.000000,18632.130859375,115.4898910522461,1.4205846786499023,1.0084311962127686,4.2530670166015625
41,41,3239,2006-05-15T23:00:00.000000,2837.768310546875,45.48333740234375,0.9414629936218262,0.828448474407196,3.519958019256592
42,42,3239,2006-05-15T23:00:00.000000,3614.314453125,50.50005340576172,1.304887294769287,0.9595450162887573,3.897905111312866
43,43,3239,2006-05-15T23:00:00.000000,2191.98291015625,41.1859130859375,0.7806177139282227,0.7772295475006104,3.3289999961853027
44,44,3239,2006-05-15T23:00:00.000000,6460.06982421875,73.88343811035156,0.9558107852935791,0.8986994028091431,3.734083890914917
45,45,3239,2006-05-15T23:00:00.000000,2719.04248046875,44.956573486328125,1.2233946323394775,0.9536049365997314,3.719468593597412
46,46,3239,2006-05-15T23:00:00.000000,1269.9066162109375,31.88045883178711,0.8918511271476746,0.8448601961135864,3.8170604705810547
47,47,3239,2006-05-15T23:00:00.000000,3331.822021484375,48.05833435058594,1.7987436056137085,1.11663818359375,4.476652145385742
48,48,3239,2006-05-15T23:00:00.000000,3666.53564453125,53.719200134277344,1.1362879276275635,0.945683479309082,4.295272350311279
49,49,3239,2006-05-15T23:00:00.000000,2012.8115234375,41.74399948120117,0.6868767738342285,0.7711375951766968,3.267057418823242
50,50,3239,2006-05-15T23:00:00.000000,3716.14990234375,51.49211883544922,1.2872965335845947,0.9583704471588135,4.507854461669922
51,51,3239,2006-05-15T23:00:00.000000,2015.062255859375,41.24241256713867,0.7061617374420166,0.7720615267753601,3.2842888832092285
52,52,3239,2006-05-15T23:00:00.000000,3499.52587890625,52.34394454956055,1.0916423797607422,0.9244896769523621,4.076972961425781
53,53,3239,2006-05-15T23:00:00.000000,3147.477294921875,49.45671844482422,1.1015127897262573,0.9252066612243652,4.047671318054199
54,54,3239,2006-05-15T23:00:00.000000,2715.6953125,44.353572845458984,1.1216667890548706,0.9014050960540771,3.606508255004883
55,55,3239,2006-05-15T23:00:00.000000,3252.90771484375,49.25332260131836,1.140449047088623,0.92222660779953,4.023925304412842
56,56,3239,2006-05-15T23:00:00.000000,2119.8427734375,42.11756134033203,0.7258625030517578,0.7793607711791992,3.490983009338379
57,57,3239,2006-05-15T23:00:00.000000,2406.14697265625,43.81161117553711,1.0562222003936768,0.9179220199584961,3.837278366088867
58,58,3239,2006-05-15T23:00:00.000000,2458.8310546875,42.77886962890625,1.2534691095352173,0.9658769369125366,4.097780704498291
59,59,3239,2006-05-15T23:00:00.000000,2407.14111328125,43.14017868041992,0.8114627599716187,0.7920734286308289,3.3157260417938232
60,60,3239,2006-05-15T23:00:00.000000,1256.923095703125,32.047325134277344,0.8315792083740234,0.8243074417114258,3.3590049743652344
61,61,3239,2006-05-15T23:00:00.000000,3120.1435546875,46.620113372802734,1.2298671007156372,0.9255825877189636,3.8597781658172607
62,62,3239,2006-05-15T23:00:00.000000,1990.9739990234375,40.84300994873047,0.7135437726974487,0.7732059955596924,3.513512372970581
63,63,3239,2006-05-15T23:00:00.000000,1813.040771484375,37.84898376464844,0.8281307220458984,0.8089094161987305,3.731935977935791
64,64,3239,2006-05-15T23:00:00.000000,3246.30224609375,50.39325714111328,1.1182854175567627,0.9353072047233582,3.8916406631469727
65,65,3239,2006-05-15T23:00:00.000000,2387.5625,44.41837692260742,0.7666373252868652,0.7959399223327637,3.265913486480713
66,66,3239,2006-05-15T23:00:00.000000,2105.914794921875,40.44419479370117,0.691321074962616,0.7327835559844971,3.369173049926758
67,67,3239,2006-05-15T23:00:00.000000,3495.9453125,51.41964340209961,1.0440902709960938,0.8886193633079529,4.098649024963379
68,68,3239,2006-05-15T23:00:00.000000,5294.109375,65.72505950927734,0.47004008293151855,0.6193011999130249,2.343414306640625
69,69,3239,2006-05-15T23:00:00.000000,11747.666015625,93.44195556640625,1.0710620880126953,0.8922231197357178,3.9294943809509277
70,70,3239,2006-05-15T23:00:00.000000,5677.45849609375,63.7252197265625,1.1311696767807007,0.8994938731193542,3.7684531211853027
71,71,3239,2006-05-15T23:00:00.000000,1507.04052734375,33.32316589355469,1.281685709953308,0.9717947840690613,4.176336765289307
72,72,3239,2006-05-15T23:00:00.000000,3703.009765625,53.464881896972656,1.2844455242156982,0.9957470893859863,4.257001876831055
73,73,3239,2006-05-15T23:00:00.000000,31446.546875,162.61448669433594,1.105089545249939,0.9639877080917358,4.021058082580566
74,74,3239,2006-05-15T23:00:00.000000,2629.6318359375,45.64702606201172,0.9127699136734009,0.8504438400268555,4.148149013519287
75,75,3239,2006-05-15T23:00:00.000000,3108.38623046875,47.47886657714844,1.088891863822937,0.8886388540267944,3.830420970916748
76,76,3239,2006-05-15T23:00:00.000000,1754.1800537109375,38.85506057739258,0.6273989677429199,0.7348223924636841,3.3425002098083496
77,77,3239,2006-05-15T23:00:00.000000,2386.572265625,43.45302963256836,0.9078952670097351,0.8475213050842285,3.633596181869507
78,78,3239,2006-05-15T23:00:00.000000,3451.8447265625,50.387451171875,1.2896981239318848,0.9739593267440796,3.837599515914917
79,79,3239,2006-05-15T23:00:00.000000,3493.04052734375,52.22522735595703,1.1780532598495483,0.9590935111045837,4.171024322509766
80,80,3239,2006-05-15T23:00:00.000000,6634.3359375,67.19491577148438,1.7050517797470093,1.0772252082824707,4.401126384735107
81,81,3239,2006-05-15T23:00:00.000000,1819.9173583984375,38.15275573730469,0.7164624929428101,0.7570015788078308,3.210961103439331
82,82,3239,2006-05-15T23:00:00.000000,2618.30322265625,43.369869232177734,1.1139219999313354,0.8945518732070923,3.7809395790100098
83,83,3239,2006-05-15T23:00:00.000000,1051.552490234375,29.605953216552734,0.736956775188446,0.7837626338005066,3.220344305038452
84,84,3239,2006-05-15T23:00:00.000000,2993.77978515625,46.93363571166992,1.0103199481964111,0.862191379070282,3.7734904289245605
85,85,3239,2006-05-15T23:00:00.000000,1841.287841796875,37.54057693481445,0.8230718374252319,0.7937046885490417,3.730379581451416
86,86,3239,2006-05-15T23:00:00.000000,2195.836669921875,41.067039489746094,0.8086457252502441,0.7880840301513672,3.1998298168182373
87,87,3239,2006-05-15T23:00:00.000000,2693.073974609375,45.76165771484375,1.1406553983688354,0.9417917132377625,4.3535356521606445
88,88,3239,2006-05-15T23:00:00.000000,1953.796875,39.98950958251953,0.8858674764633179,0.8515118956565857,3.7910125255584717
89,89,3239,2006-05-15T23:00:00.000000,2023.158447265625,39.86396408081055,0.8955032229423523,0.8386855125427246,3.898618698120117
90,90,3239,2006-05-15T23:00:00.000000,1771.008544921875,35.1444206237793,1.4918254613876343,1.0200116634368896,4.363980770111084
91,91,3239,2006-05-15T23:00:00.000000,2847.962890625,44.998931884765625,1.5433549880981445,1.047533631324768,4.1075825691223145
92,92,3239,2006-05-15T23:00:00.000000,2996.3251953125,48.196434020996094,1.0071043968200684,0.8836039304733276,3.8439292907714844
93,93,3239,2006-05-15T23:00:00.000000,3113.865966796875,46.050621032714844,1.5951673984527588,1.042290210723877,4.564609050750732
94,94,3239,2006-05-15T23:00:00.000000,1666.656982421875,38.017486572265625,0.6638829112052917,0.7587628364562988,3.2850003242492676
95,95,3239,2006-05-15T23:00:00.000000,3276.459716796875,49.443504333496094,1.1136760711669922,0.9115621447563171,4.039660453796387
96,96,3239,2006-05-15T23:00:00.000000,3329.429443359375,51.179168701171875,1.7588467597961426,1.1763114929199219,4.871705532073975
97,97,3239,2006-05-15T23:00:00.000000,1886.9476318359375,38.53680419921875,0.8006212115287781,0.7937968969345093,3.6616103649139404
98,98,3239,2006-05-15T23:00:00.000000,2338.65234375,43.014488220214844,1.1531122922897339,0.9551414251327515,4.025001049041748
99,99,3239,2006-05-15T23:00:00.000000,3198.38525390625,49.12514877319336,0.9755208492279053,0.8579397201538086,3.642939329147339
100,100,3239,2006-05-15T23:00:00.000000,1047.203857421875,28.986309051513672,0.6610980033874512,0.7282998561859131,2.9673964977264404
101,101,3239,2006-05-15T23:00:00.000000,1101.6322021484375,30.119049072265625,0.7849858999252319,0.8039959669113159,3.3023972511291504
102,102,3239,2006-05-15T23:00:00.000000,2179.30078125,42.719993591308594,0.8013342618942261,0.8191801309585571,3.72467303276062
103,103,3239,2006-05-15T23:00:00.000000,1869.2744140625,39.44315719604492,0.676130473613739,0.7501538991928101,3.442746162414551
104,104,3239,2006-05-15T23:00:00.000000,6028.0703125,66.49950408935547,0.937016487121582,0.8290922045707703,3.540590763092041
105,105,3239,2006-05-15T23:00:00.000000,5821.6455078125,68.83839416503906,0.7637395262718201,0.7884615659713745,3.282886505126953
106,106,3239,2006-05-15T23:00:00.000000,1863.39111328125,39.567562103271484,0.6716431379318237,0.7512016296386719,2.8717002868652344
107,107,3239,2006-05-15T23:00:00.000000,2397.04052734375,43.314781188964844,0.7965108752250671,0.7895766496658325,3.312528610229492
108,108,3239,2006-05-15T23:00:00.000000,1938.266357421875,40.1615104675293,0.8576034307479858,0.8447856903076172,3.9350929260253906
109,109,3239,2006-05-15T23:00:00.000000,2731.85205078125,45.9787712097168,0.9537643790245056,0.8591110110282898,3.86726450920105
110,110,3239,2006-05-15T23:00:00.000000,3531.33447265625,52.1865348815918,1.1836799383163452,0.9554460048675537,4.0368475914001465
111,111,3239,2006-05-15T23:00:00.000000,3342.769287109375,49.430877685546875,1.3353631496429443,0.9879724383354187,3.986745834350586
112,112,3239,2006-05-15T23:00:00.000000,910.3883666992188,26.665328979492188,1.0326298475265503,0.8980611562728882,3.638458728790283
113,113,3239,2006-05-15T23:00:00.000000,1996.494140625,39.64734649658203,0.8408888578414917,0.8136720657348633,3.511033535003662
114,114,3239,2006-05-15T23:00:00.000000,3592.947998046875,52.764732360839844,1.1561648845672607,0.9465165138244629,4.161767482757568
115,115,3239,2006-05-15T23:00:00.000000,224.15237426757812,12.653522491455078,1.4143366813659668,1.0051159858703613,4.064508438110352
116,116,3239,2006-05-15T23:00:00.000000,3635.54052734375,50.44615936279297,1.5134514570236206,1.029266595840454,4.075520038604736
117,117,3239,2006-05-15T23:00:00.000000,3420.2275390625,52.3267822265625,1.0439647436141968,0.914196252822876,3.9753313064575195
118,118,3239,2006-05-15T23:00:00.000000,2454.18603515625,44.37641525268555,0.8175328969955444,0.8099367022514343,3.54960298538208
119,119,3239,2006-05-15T23:00:00.000000,1993.395263671875,36.43534469604492,1.6566083431243896,1.0503549575805664,4.306534767150879
120,120,3239,2006-05-15T23:00:00.000000,2511.396240234375,44.34739303588867,0.8622934222221375,0.821746826171875,3.7683887481689453
121,121,3239,2006-05-15T23:00:00.000000,15698.390625,115.71133422851562,1.0346834659576416,0.9394032955169678,3.706562042236328
122,122,3239,2006-05-15T23:00:00.000000,3643.17041015625,52.44384765625,1.3382413387298584,1.0051295757293701,4.137044429779053
123,123,3239,2006-05-15T23:00:00.000000,3088.41796875,48.16200256347656,1.0198239088058472,0.8751834630966187,3.7937145233154297
124,124,3239,2006-05-15T23:00:00.000000,8165.52880859375,75.11934661865234,1.2765229940414429,0.9392344355583191,3.741851329803467
125,125,3239,2006-05-15T23:00:00.000000,5827.7294921875,67.11473083496094,1.071150541305542,0.9098995923995972,4.022885322570801
126,126,3239,2006-05-15T23:00:00.000000,496.2738952636719,20.106895446777344,0.6700589060783386,0.7388235926628113,3.012065887451172
127,127,3239,2006-05-15T23:00:00.000000,3691.13037109375,53.929466247558594,1.205977439880371,0.9748011827468872,4.298501491546631
128,128,3239,2006-05-15T23:00:00.000000,2341.31884765625,44.00739288330078,0.8439974188804626,0.8355374336242676,3.7360758781433105
129,129,3239,2006-05-15T23:00:00.000000,244.31195068359375,13.66096305847168,1.1319010257720947,0.9298505783081055,3.964859962463379
130,130,3239,2006-05-15T23:00:00.000000,2403.1884765625,43.450592041015625,1.223475456237793,0.9803913831710815,4.050828456878662
131,131,3239,2006-05-15T23:00:00.000000,2034.8773193359375,40.301414489746094,0.7211036682128906,0.7586649656295776,3.107264995574951
132,132,3239,2006-05-15T23:00:00.000000,2548.994140625,43.71636962890625,0.98472660779953,0.8592459559440613,3.6097075939178467
133,133,3239,2006-05-15T23:00:00.000000,3457.8046875,52.43888854980469,1.0497502088546753,0.9136845469474792,4.175310134887695
134,134,3239,2006-05-15T23:00:00.000000,2072.9853515625,41.51041793823242,0.7269589304924011,0.7773451805114746,3.394329786300659
135,135,3239,2006-05-15T23:00:00.000000,3017.325927734375,51.30406951904297,1.1601873636245728,1.0060157775878906,4.437424659729004
136,136,3239,2006-05-15T23:00:00.000000,4358.2783203125,57.91860580444336,0.8557791709899902,0.8115989565849304,3.7325024604797363
0,0,3751,2006-06-06T07:00:00.000000,15026.4169921875,116.703125,1.0729076862335205,0.9861341714859009,4.5314226150512695
1,1,3751,2006-06-06T07:00:00.000000,3813.832763671875,54.94816589355469,1.1501820087432861,0.9542357325553894,4.15407133102417
2,2,3751,2006-06-06T07:00:00.000000,3982.85205078125,55.842613220214844,1.2582056522369385,0.9925317764282227,4.3172607421875
3,3,3751,2006-06-06T07:00:00.000000,4056.56298828125,56.264488220214844,1.231467604637146,0.9803174734115601,4.210507392883301
4,4,3751,2006-06-06T07:00:00.000000,12046.9833984375,102.87644958496094,1.2068588733673096,1.029686450958252,4.23646879196167
5,5,3751,2006-06-06T07:00:00.000000,25327.51171875,142.1710968017578,1.1510988473892212,0.9584541320800781,4.388401985168457
6,6,3751,2006-06-06T07:00:00.000000,2909.936279296875,49.037208557128906,1.0679378509521484,0.9394137263298035,4.353648662567139
7,7,3751,2006-06-06T07:00:00.000000,3428.111083984375,52.234619140625,1.2331976890563965,0.99071204662323,4.303706169128418
8,8,3751,2006-06-06T07:00:00.000000,4098.3994140625,57.11180877685547,1.1865363121032715,0.971760630607605,4.311591148376465
9,9,3751,2006-06-06T07:00:00.000000,3723.04833984375,54.520931243896484,1.1090115308761597,0.9409832954406738,4.347097396850586
10,10,3751,2006-06-06T07:00:00.000000,3663.98486328125,54.09429931640625,1.143158197402954,0.9554936289787292,4.303936004638672
11,11,3751,2006-06-06T07:00:00.000000,978.794677734375,28.021947860717773,1.1158146858215332,0.9461251497268677,4.308290958404541
12,12,3751,2006-06-06T07:00:00.000000,3914.58349609375,56.01860046386719,1.0937579870224,0.9363755583763123,4.216861248016357
13,13,3751,2006-06-06T07:00:00.000000,4030.31689453125,56.300048828125,1.2031282186508179,0.9727362990379333,4.5081071853637695
14,14,3751,2006-06-06T07:00:00.000000,4273.82861328125,57.46343994140625,1.3396098613739014,1.0173543691635132,4.311339378356934
15,15,3751,2006-06-06T07:00:00.000000,1288.078857421875,33.74042892456055,1.163517951965332,1.0140652656555176,4.455150127410889
16,16,3751,2006-06-06T07:00:00.000000,4103.685546875,56.851043701171875,1.2384952306747437,0.987639844417572,4.236651420593262
17,17,3751,2006-06-06T07:00:00.000000,4230.2880859375,58.03730392456055,1.2205642461776733,0.9858312010765076,4.1134138107299805
18,18,3751,2006-06-06T07:00:00.000000,3656.33984375,54.34375,1.0644739866256714,0.9272435903549194,4.241240501403809
19,19,3751,2006-06-06T07:00:00.000000,3916.311279296875,55.913692474365234,1.1336532831192017,0.9513047933578491,4.34710693359375
20,20,3751,2006-06-06T07:00:00.000000,4073.89599609375,56.20808410644531,1.2688946723937988,0.9919885396957397,4.269906997680664
21,21,3751,2006-06-06T07:00:00.000000,3851.20849609375,56.18040466308594,1.112438440322876,0.9548263549804688,4.269357681274414
22,22,3751,2006-06-06T07:00:00.000000,4866.1806640625,64.34375,1.233257532119751,1.0243282318115234,4.660366058349609
23,23,3751,2006-06-06T07:00:00.000000,15959.474609375,110.56584930419922,1.2346746921539307,0.9724962711334229,4.3416242599487305
24,24,3751,2006-06-06T07:00:00.000000,4106.4794921875,57.12639617919922,1.2398567199707031,0.992630660533905,4.187012195587158
25,25,3751,2006-06-06T07:00:00.000000,3086.595703125,48.22753143310547,1.2689182758331299,0.9778493642807007,4.493541240692139
26,26,3751,2006-06-06T07:00:00.000000,3617.436279296875,53.72991180419922,1.1512701511383057,0.9585269689559937,4.282902717590332
27,27,3751,2006-06-06T07:00:00.000000,3803.55859375,55.17668914794922,1.1402204036712646,0.955333411693573,4.229262828826904
28,28,3751,2006-06-06T07:00:00.000000,15926.12890625,110.95550537109375,1.2698144912719727,0.9907495975494385,4.245033264160156
29,29,3751,2006-06-06T07:00:00.000000,3907.53955078125,56.02410888671875,1.1421148777008057,0.9578073024749756,4.343356609344482
30,30,3751,2006-06-06T07:00:00.000000,3024.5078125,51.94166564941406,1.2103877067565918,1.0390844345092773,4.823856353759766
31,31,3751,2006-06-06T07:00:00.000000,11932.2841796875,97.84941101074219,1.0809396505355835,0.9313161373138428,4.207005500793457
32,32,3751,2006-06-06T07:00:00.000000,4100.8525390625,56.6381950378418,1.2138869762420654,0.9744542837142944,4.439084053039551
33,33,3751,2006-06-06T07:00:00.000000,3077.15625,49.56230163574219,1.167540192604065,0.9654118418693542,4.230681419372559
34,34,3751,2006-06-06T07:00:00.000000,3148.732177734375,50.46210479736328,1.087264060974121,0.9377023577690125,4.3366379737854
35,35,3751,2006-06-06T07:00:00.000000,2114.52783203125,41.397369384765625,1.0763343572616577,0.9339844584465027,4.079160213470459
36,36,3751,2006-06-06T07:00:00.000000,4056.169921875,57.118499755859375,1.1556614637374878,0.9641265869140625,4.156064033508301
37,37,3751,2006-06-06T07:00:00.000000,2205.222900390625,41.40570831298828,1.328845500946045,1.0164153575897217,4.6336212158203125
38,38,3751,2006-06-06T07:00:00.000000,4130.7138671875,57.279869079589844,1.2474247217178345,0.9953975677490234,4.401480197906494
39,39,3751,2006-06-06T07:00:00.000000,4028.102294921875,56.81626510620117,1.1602104902267456,0.9642527103424072,4.302701473236084
40,40,3751,2006-06-06T07:00:00.000000,21322.8515625,129.65753173828125,1.1766011714935303,0.9631406664848328,4.238791465759277
41,41,3751,2006-06-06T07:00:00.000000,3874.119873046875,55.07395935058594,1.1778395175933838,0.9602910280227661,4.084444046020508
42,42,3751,2006-06-06T07:00:00.000000,3975.0087890625,55.95282745361328,1.2007325887680054,0.9724698066711426,4.464890480041504
43,43,3751,2006-06-06T07:00:00.000000,3730.478515625,54.79905700683594,1.1122510433197021,0.9462201595306396,4.280575275421143
44,44,3751,2006-06-06T07:00:00.000000,8207.12890625,85.97917175292969,1.1410621404647827,1.0137999057769775,4.673693656921387
45,45,3751,2006-06-06T07:00:00.000000,2973.240234375,49.91103744506836,1.214590072631836,1.0087800025939941,4.356308460235596
46,46,3751,2006-06-06T07:00:00.000000,2158.7705078125,41.0538215637207,1.2590858936309814,0.9914664030075073,4.292235851287842
47,47,3751,2006-06-06T07:00:00.000000,3319.7421875,51.516075134277344,1.1308170557022095,0.9507946372032166,4.4610748291015625
48,48,3751,2006-06-06T07:00:00.000000,3726.70068359375,53.87664031982422,1.1685928106307983,0.9540470838546753,4.241954803466797
49,49,3751,2006-06-06T07:00:00.000000,4259.8671875,58.027976989746094,1.2552552223205566,0.9961057901382446,4.404951095581055
50,50,3751,2006-06-06T07:00:00.000000,4200.40625,57.4893798828125,1.2596514225006104,0.9955593943595886,4.34333610534668
51,51,3751,2006-06-06T07:00:00.000000,3821.177490234375,54.92931365966797,1.1771366596221924,0.9640931487083435,4.561963081359863
52,52,3751,2006-06-06T07:00:00.000000,3910.91162109375,54.61631774902344,1.2668907642364502,0.9829990267753601,4.209495544433594
53,53,3751,2006-06-06T07:00:00.000000,3987.09765625,55.898170471191406,1.2078180313110352,0.9729037284851074,4.351572513580322
54,54,3751,2006-06-06T07:00:00.000000,2856.70703125,48.548561096191406,1.0574746131896973,0.9340679049491882,4.087836742401123
55,55,3751,2006-06-06T07:00:00.000000,4011.870849609375,56.21448516845703,1.1792129278182983,0.9637645483016968,4.403499126434326
56,56,3751,2006-06-06T07:00:00.000000,4080.07763671875,57.37916564941406,1.169570803642273,0.9714787006378174,4.261650085449219
57,57,3751,2006-06-06T07:00:00.000000,3028.985107421875,50.174652099609375,1.0274748802185059,0.924105167388916,4.153139114379883
58,58,3751,2006-06-06T07:00:00.000000,3409.834716796875,52.08378219604492,1.2205917835235596,0.9854192733764648,4.376788139343262
59,59,3751,2006-06-06T07:00:00.000000,4066.879638671875,56.51776123046875,1.2183847427368164,0.9782423973083496,4.207214832305908
60,60,3751,2006-06-06T07:00:00.000000,1987.2177734375,40.40803527832031,1.1476588249206543,0.9710719585418701,4.286984443664551
61,61,3751,2006-06-06T07:00:00.000000,3928.28662109375,55.79404830932617,1.2101061344146729,0.9792600870132446,4.352902889251709
62,62,3751,2006-06-06T07:00:00.000000,3694.84326171875,54.391624450683594,1.0800148248672485,0.929926872253418,4.400659561157227
63,63,3751,2006-06-06T07:00:00.000000,3294.51220703125,51.307586669921875,1.2609367370605469,1.0037665367126465,4.421926498413086
64,64,3751,2006-06-06T07:00:00.000000,3483.201171875,52.246726989746094,1.2398531436920166,0.9857231974601746,4.365439414978027
65,65,3751,2006-06-06T07:00:00.000000,4178.66796875,56.8272819519043,1.2790937423706055,0.9942352175712585,4.154514312744141
66,66,3751,2006-06-06T07:00:00.000000,4172.2216796875,57.32430648803711,1.261747121810913,0.9968762397766113,4.329982757568359
67,67,3751,2006-06-06T07:00:00.000000,3844.025390625,55.825599670410156,1.1281497478485107,0.9563649892807007,4.305879592895508
68,68,3751,2006-06-06T07:00:00.000000,17773.296875,124.65000915527344,1.3554571866989136,1.0885571241378784,4.289374828338623
69,69,3751,2006-06-06T07:00:00.000000,12296.19921875,97.38165283203125,1.272314190864563,0.9905783534049988,4.23172664642334
70,70,3751,2006-06-06T07:00:00.000000,5790.68115234375,68.69285583496094,1.0259379148483276,0.9143390655517578,3.9810893535614014
71,71,3751,2006-06-06T07:00:00.000000,1835.7552490234375,37.91339111328125,1.2249488830566406,0.979364275932312,4.263517379760742
72,72,3751,2006-06-06T07:00:00.000000,3453.57568359375,51.63844299316406,1.1708204746246338,0.9507881999015808,4.366721153259277
73,73,3751,2006-06-06T07:00:00.000000,30273.880859375,162.29742431640625,1.1727831363677979,1.0101513862609863,4.370677947998047
74,74,3751,2006-06-06T07:00:00.000000,4071.928466796875,56.4787712097168,1.255918025970459,0.9918951988220215,4.284136772155762
75,75,3751,2006-06-06T07:00:00.000000,4239.716796875,58.36711883544922,1.191659927368164,0.9785341024398804,4.30363655090332
76,76,3751,2006-06-06T07:00:00.000000,4293.19921875,58.22673797607422,1.2119345664978027,0.9782988429069519,4.242431640625
77,77,3751,2006-06-06T07:00:00.000000,3273.1640625,52.14543914794922,1.0259788036346436,0.9232124090194702,4.093780040740967
78,78,3751,2006-06-06T07:00:00.000000,3941.7294921875,56.0881462097168,1.1677591800689697,0.9653934240341187,4.385374069213867
79,79,3751,2006-06-06T07:00:00.000000,3552.0576171875,53.05278015136719,1.2222700119018555,0.9841282367706299,4.513520240783691
80,80,3751,2006-06-06T07:00:00.000000,6495.69287109375,71.67924499511719,1.1330986022949219,0.9467047452926636,4.24973201751709
81,81,3751,2006-06-06T07:00:00.000000,3891.0732421875,55.63075256347656,1.1560473442077637,0.9588884711265564,4.3101606369018555
82,82,3751,2006-06-06T07:00:00.000000,2841.733154296875,48.20620346069336,1.0612138509750366,0.9315640330314636,4.280324935913086
83,83,3751,2006-06-06T07:00:00.000000,2067.919921875,40.97440719604492,1.1407511234283447,0.9623682498931885,4.214409351348877
84,84,3751,2006-06-06T07:00:00.000000,3687.63232421875,54.284873962402344,1.1081233024597168,0.9410204291343689,4.39223575592041
85,85,3751,2006-06-06T07:00:00.000000,3166.84375,50.495086669921875,1.2643669843673706,1.0089564323425293,4.497428894042969
86,86,3751,2006-06-06T07:00:00.000000,4138.29638671875,57.5108642578125,1.2177033424377441,0.9865290522575378,4.4004011154174805
87,87,3751,2006-06-06T07:00:00.000000,3224.372802734375,50.63422775268555,1.2246836423873901,0.9868099093437195,4.463284969329834
88,88,3751,2006-06-06T07:00:00.000000,2924.856201171875,48.1458854675293,1.1149338483810425,0.9400078058242798,4.333375930786133
89,89,3751,2006-06-06T07:00:00.000000,3162.926513671875,50.5756950378418,1.2011685371398926,0.9855968356132507,4.328579902648926
90,90,3751,2006-06-06T07:00:00.000000,1818.651611328125,38.108882904052734,1.179308533668518,0.9704321622848511,4.385462760925293
91,91,3751,2006-06-06T07:00:00.000000,3350.916015625,51.737300872802734,1.1379926204681396,0.9534363150596619,4.2951531410217285
92,92,3751,2006-06-06T07:00:00.000000,4041.416748046875,57.084529876708984,1.1621108055114746,0.9679999351501465,4.324977397918701
93,93,3751,2006-06-06T07:00:00.000000,3352.593505859375,51.87565231323242,1.166131854057312,0.9674910306930542,4.420016765594482
94,94,3751,2006-06-06T07:00:00.000000,3557.219482421875,53.074607849121094,1.2241781949996948,0.984586238861084,4.452768802642822
95,95,3751,2006-06-06T07:00:00.000000,3415.28662109375,52.066123962402344,1.2073620557785034,0.9789497256278992,4.468506336212158
96,96,3751,2006-06-06T07:00:00.000000,3017.71142578125,51.208335876464844,1.190579891204834,1.0171408653259277,4.6644439697265625
97,97,3751,2006-06-06T07:00:00.000000,3292.73046875,50.79206085205078,1.2611923217773438,0.9940505027770996,4.312728404998779
98,98,3751,2006-06-06T07:00:00.000000,2979.895263671875,48.231746673583984,1.1620280742645264,0.9524469375610352,4.400033473968506
99,99,3751,2006-06-06T07:00:00.000000,3851.218505859375,54.9334831237793,1.1587684154510498,0.9528759717941284,4.260684013366699
100,100,3751,2006-06-06T07:00:00.000000,2097.96533203125,41.049705505371094,1.210964322090149,0.9862262606620789,4.3918890953063965
101,101,3751,2006-06-06T07:00:00.000000,2141.044921875,41.372222900390625,1.208662986755371,0.9829887747764587,4.4972734451293945
102,102,3751,2006-06-06T07:00:00.000000,3630.47216796875,54.10590744018555,1.144923210144043,0.9608405828475952,4.256193161010742
103,103,3751,2006-06-06T07:00:00.000000,3527.47412109375,53.31681442260742,1.0661710500717163,0.9269274473190308,4.144050598144531
104,104,3751,2006-06-06T07:00:00.000000,9728.3232421875,87.07098388671875,1.2117455005645752,0.9717625379562378,4.289463996887207
105,105,3751,2006-06-06T07:00:00.000000,8816.70703125,83.92701721191406,1.1442615985870361,0.9561173319816589,4.368609428405762
106,106,3751,2006-06-06T07:00:00.000000,3403.707763671875,52.4178581237793,1.1295758485794067,0.9549064636230469,4.242920875549316
107,107,3751,2006-06-06T07:00:00.000000,4063.40234375,56.80744171142578,1.191886067390442,0.9729212522506714,4.263366222381592
108,108,3751,2006-06-06T07:00:00.000000,3176.948974609375,50.120784759521484,1.2395843267440796,0.9900355339050293,4.391945838928223
109,109,3751,2006-06-06T07:00:00.000000,3992.595458984375,56.5319938659668,1.1554582118988037,0.961709201335907,4.260885238647461
110,110,3751,2006-06-06T07:00:00.000000,3971.67578125,55.478179931640625,1.2212111949920654,0.9728159308433533,4.441871166229248
111,111,3751,2006-06-06T07:00:00.000000,3770.880615234375,54.98387908935547,1.143364667892456,0.9574284553527832,4.238020896911621
112,112,3751,2006-06-06T07:00:00.000000,918.802978515625,27.408260345458984,1.0308458805084229,0.9180516004562378,4.000156402587891
113,113,3751,2006-06-06T07:00:00.000000,3137.8046875,50.70779037475586,1.1202166080474854,0.958104133605957,4.3947272300720215
114,114,3751,2006-06-06T07:00:00.000000,3853.6103515625,55.47385787963867,1.1948683261871338,0.9768199324607849,4.409917831420898
115,115,3751,2006-06-06T07:00:00.000000,240.58409118652344,13.990699768066406,1.0574498176574707,0.9275469183921814,4.201864242553711
116,116,3751,2006-06-06T07:00:00.000000,3725.684326171875,54.516868591308594,1.1432281732559204,0.9549801349639893,4.3043365478515625
117,117,3751,2006-06-06T07:00:00.000000,3718.602294921875,53.95689392089844,1.1725993156433105,0.9581465125083923,4.280259132385254
118,118,3751,2006-06-06T07:00:00.000000,3919.107177734375,56.63541793823242,1.1475030183792114,0.9691064357757568,4.312276363372803
119,119,3751,2006-06-06T07:00:00.000000,1915.470458984375,39.116668701171875,1.2280205488204956,0.9904372692108154,4.368678092956543
120,120,3751,2006-06-06T07:00:00.000000,4028.701171875,56.89067077636719,1.1809885501861572,0.9740502834320068,4.409617900848389
121,121,3751,2006-06-06T07:00:00.000000,23055.458984375,141.98333740234375,1.3211543560028076,1.0747990608215332,4.346972465515137
122,122,3751,2006-06-06T07:00:00.000000,3878.756591796875,55.44419479370117,1.168731689453125,0.9624258279800415,4.307897567749023
123,123,3751,2006-06-06T07:00:00.000000,3980.682373046875,56.861610412597656,1.145211100578308,0.9644575119018555,4.25490665435791
124,124,3751,2006-06-06T07:00:00.000000,8935.15234375,83.62580108642578,1.1863133907318115,0.9635826945304871,4.369068145751953
125,125,3751,2006-06-06T07:00:00.000000,6205.00732421875,69.73998260498047,1.2048133611679077,0.9717859029769897,4.334012985229492
126,126,3751,2006-06-06T07:00:00.000000,1017.8295288085938,28.48849105834961,1.1848416328430176,0.9719905853271484,4.347400665283203
127,127,3751,2006-06-06T07:00:00.000000,3143.936279296875,51.09980392456055,1.047713279724121,0.9328322410583496,4.113800048828125
128,128,3751,2006-06-06T07:00:00.000000,3819.2890625,56.0727653503418,1.0951166152954102,0.9494911432266235,4.226081848144531
129,129,3751,2006-06-06T07:00:00.000000,252.5264892578125,13.986705780029297,1.1997942924499512,0.9640852212905884,4.109755992889404
130,130,3751,2006-06-06T07:00:00.000000,2215.92333984375,41.48576354980469,1.1206538677215576,0.9329480528831482,4.146218299865723
131,131,3751,2006-06-06T07:00:00.000000,3823.160888671875,55.46572494506836,1.1545696258544922,0.9638811349868774,4.311275482177734
132,132,3751,2006-06-06T07:00:00.000000,3673.88427734375,53.76750946044922,1.1176501512527466,0.9377998113632202,4.404902935028076
133,133,3751,2006-06-06T07:00:00.000000,3755.29150390625,54.499610900878906,1.1487793922424316,0.9532127380371094,4.28564977645874
134,134,3751,2006-06-06T07:00:00.000000,4073.30859375,57.47207260131836,1.110947608947754,0.9491392970085144,4.358987331390381
135,135,3751,2006-06-06T07:00:00.000000,2745.074951171875,47.47500228881836,1.1672371625900269,0.9789655208587646,4.1387128829956055
136,136,3751,2006-06-06T07:00:00.000000,6885.6318359375,73.62867736816406,1.2438006401062012,0.9895789623260498,4.335908889770508
0,0,4263,2006-06-27T15:00:00.000000,11841.8583984375,103.3166732788086,0.9440314173698425,0.922473132610321,4.044036388397217
1,1,4263,2006-06-27T15:00:00.000000,3360.324951171875,51.04667282104492,1.2379319667816162,0.9797725081443787,4.318647384643555
2,2,4263,2006-06-27T15:00:00.000000,3657.107421875,53.588836669921875,1.3908737897872925,1.0450795888900757,4.319594860076904
3,3,4263,2006-06-27T15:00:00.000000,3916.7138671875,55.751441955566406,1.2086529731750488,0.9793680906295776,4.285118103027344
4,4,4263,2006-06-27T15:00:00.000000,7901.34130859375,83.27731323242188,0.8255013823509216,0.8512069582939148,3.7841479778289795
5,5,4263,2006-06-27T15:00:00.000000,20588.083984375,126.82598876953125,1.2181761264801025,0.9755630493164062,4.192636013031006
6,6,4263,2006-06-27T15:00:00.000000,2056.57080078125,41.27842330932617,0.8675469160079956,0.8478085398674011,3.765806198120117
7,7,4263,2006-06-27T15:00:00.000000,3456.98291015625,50.5349235534668,1.6271703243255615,1.0963759422302246,4.481973171234131
8,8,4263,2006-06-27T15:00:00.000000,4209.7001953125,57.10967254638672,1.366743803024292,1.029029130935669,4.596297264099121
9,9,4263,2006-06-27T15:00:00.000000,3542.1943359375,53.36210250854492,1.1815768480300903,0.9746029376983643,4.085020065307617
10,10,4263,2006-06-27T15:00:00.000000,3373.063232421875,51.33358383178711,1.2559399604797363,0.9905440211296082,4.119117259979248
11,11,4263,2006-06-27T15:00:00.000000,747.973388671875,24.660614013671875,0.9911555647850037,0.8977011442184448,3.988690137863159
12,12,4263,2006-06-27T15:00:00.000000,4069.9375,56.34012985229492,1.3240445852279663,1.0161908864974976,4.380669593811035
13,13,4263,2006-06-27T15:00:00.000000,3151.68408203125,50.59563446044922,1.0726213455200195,0.9333938360214233,4.099396705627441
14,14,4263,2006-06-27T15:00:00.000000,4374.599609375,55.9703369140625,1.8240770101547241,1.142905592918396,4.164422512054443
15,15,4263,2006-06-27T15:00:00.000000,811.371337890625,26.549850463867188,0.7616373300552368,0.8134415149688721,3.3790535926818848
16,16,4263,2006-06-27T15:00:00.000000,3961.9072265625,55.465675354003906,1.2695903778076172,0.9928964376449585,4.479311943054199
17,17,4263,2006-06-27T15:00:00.000000,4057.7841796875,55.73055648803711,1.3450754880905151,1.0146639347076416,4.533587455749512
18,18,4263,2006-06-27T15:00:00.000000,3629.862060546875,52.41973876953125,1.3371515274047852,1.006097674369812,4.277176856994629
19,19,4263,2006-06-27T15:00:00.000000,3643.3720703125,53.31889343261719,1.2908004522323608,1.0035960674285889,4.356289863586426
20,20,4263,2006-06-27T15:00:00.000000,3978.85546875,56.06538009643555,1.2284449338912964,0.9851298332214355,4.438453674316406
21,21,4263,2006-06-27T15:00:00.000000,4097.9111328125,55.799800872802734,1.4176701307296753,1.0378605127334595,4.409069061279297
22,22,4263,2006-06-27T15:00:00.000000,4981.64404296875,64.96875,1.3700973987579346,1.077441930770874,4.233400344848633
23,23,4263,2006-06-27T15:00:00.000000,13232.861328125,102.72842407226562,0.9915339350700378,0.8892370462417603,3.932931900024414
24,24,4263,2006-06-27T15:00:00.000000,4185.44287109375,56.304710388183594,1.449181079864502,1.0476963520050049,4.363896369934082
25,25,4263,2006-06-27T15:00:00.000000,2685.056640625,46.148956298828125,1.2592177391052246,0.9993912577629089,4.500365734100342
26,26,4263,2006-06-27T15:00:00.000000,2859.509765625,48.23442840576172,1.0827348232269287,0.9385823607444763,3.932889938354492
27,27,4263,2006-06-27T15:00:00.000000,3346.793701171875,49.662010192871094,1.1803045272827148,0.9326245188713074,4.186337947845459
28,28,4263,2006-06-27T15:00:00.000000,11883.037109375,98.4639892578125,0.9440741539001465,0.8776407241821289,3.854001998901367
29,29,4263,2006-06-27T15:00:00.000000,2839.203857421875,48.677581787109375,1.004579782485962,0.9156361818313599,3.8943934440612793
30,30,4263,2006-06-27T15:00:00.000000,2027.8831787109375,42.09156799316406,0.907745361328125,0.890544593334198,3.830258846282959
31,31,4263,2006-06-27T15:00:00.000000,10384.9365234375,88.90282440185547,1.1902648210525513,0.9517776370048523,3.8098933696746826
32,32,4263,2006-06-27T15:00:00.000000,4263.3359375,57.09310531616211,1.5029351711273193,1.0719611644744873,4.448951721191406
33,33,4263,2006-06-27T15:00:00.000000,3012.7607421875,48.81111145019531,1.3002774715423584,1.014038324356079,4.1590118408203125
34,34,4263,2006-06-27T15:00:00.000000,2894.515625,46.720882415771484,1.2069458961486816,0.9540408849716187,4.077121734619141
35,35,4263,2006-06-27T15:00:00.000000,1767.8319091796875,38.123287200927734,1.039595365524292,0.9244896173477173,4.00779914855957
36,36,4263,2006-06-27T15:00:00.000000,4288.24560546875,57.26622009277344,1.4352492094039917,1.0476648807525635,4.665329933166504
37,37,4263,2006-06-27T15:00:00.000000,1959.076171875,38.8100700378418,1.4627056121826172,1.06046724319458,4.504487037658691
38,38,4263,2006-06-27T15:00:00.000000,4001.79833984375,54.98527145385742,1.446117639541626,1.0452508926391602,4.263908386230469
39,39,4263,2006-06-27T15:00:00.000000,3757.864013671875,53.348018646240234,1.3578541278839111,1.014084815979004,4.45322322845459
40,40,4263,2006-06-27T15:00:00.000000,17042.3828125,111.50982666015625,1.1525347232818604,0.9170119166374207,3.9620308876037598
41,41,4263,2006-06-27T15:00:00.000000,3351.302734375,52.12931823730469,1.1876111030578613,0.9813237190246582,4.13233757019043
42,42,4263,2006-06-27T15:00:00.000000,3218.3681640625,51.227779388427734,1.003231406211853,0.9044575691223145,4.118345260620117
43,43,4263,2006-06-27T15:00:00.000000,3270.7783203125,51.43204879760742,1.1267650127410889,0.9546076059341431,4.127514839172363
44,44,4263,2006-06-27T15:00:00.000000,5765.83349609375,71.32550048828125,0.8529085516929626,0.8674910068511963,4.079791069030762
45,45,4263,2006-06-27T15:00:00.000000,2107.749267578125,42.482147216796875,0.8922114372253418,0.8740390539169312,3.9275426864624023
46,46,4263,2006-06-27T15:00:00.000000,1971.248779296875,38.9162712097168,1.3894017934799194,1.0331761837005615,4.248417854309082
47,47,4263,2006-06-27T15:00:00.000000,2469.956787109375,43.52269744873047,1.037020206451416,0.8917943835258484,4.016295433044434
48,48,4263,2006-06-27T15:00:00.000000,3218.837646484375,50.345787048339844,1.1461539268493652,0.9500250220298767,4.275378704071045
49,49,4263,2006-06-27T15:00:00.000000,4013.553466796875,55.15685272216797,1.4705324172973633,1.0557770729064941,4.429629802703857
50,50,4263,2006-06-27T15:00:00.000000,4181.9150390625,56.33993148803711,1.4064472913742065,1.0332143306732178,4.669132709503174
51,51,4263,2006-06-27T15:00:00.000000,3285.05419921875,51.387203216552734,1.1477835178375244,0.9605361819267273,4.150944709777832
52,52,4263,2006-06-27T15:00:00.000000,2717.575927734375,46.59501647949219,0.9347802996635437,0.8641783595085144,3.8176705837249756
53,53,4263,2006-06-27T15:00:00.000000,3972.71435546875,55.251243591308594,1.4622615575790405,1.0600123405456543,4.382207870483398
54,54,4263,2006-06-27T15:00:00.000000,1875.053466796875,40.02430725097656,0.7445054054260254,0.7975372076034546,3.6292877197265625
55,55,4263,2006-06-27T15:00:00.000000,3818.782958984375,54.411956787109375,1.2326717376708984,0.9775874018669128,4.195390701293945
56,56,4263,2006-06-27T15:00:00.000000,4067.60400390625,55.443702697753906,1.3794493675231934,1.0210236310958862,4.438579559326172
57,57,4263,2006-06-27T15:00:00.000000,3241.50341796875,49.4445915222168,1.4914939403533936,1.060611605644226,4.562897682189941
58,58,4263,2006-06-27T15:00:00.000000,2465.83056640625,43.86329650878906,1.1602370738983154,0.9514654874801636,4.115148544311523
59,59,4263,2006-06-27T15:00:00.000000,4038.705078125,54.89141845703125,1.3465077877044678,1.002277135848999,4.4561004638671875
60,60,4263,2006-06-27T15:00:00.000000,2069.103271484375,39.26354217529297,1.5276451110839844,1.0668655633926392,4.4478440284729
61,61,4263,2006-06-27T15:00:00.000000,3303.72802734375,52.09707260131836,1.0701968669891357,0.9376548528671265,4.2158308029174805
62,62,4263,2006-06-27T15:00:00.000000,3009.302490234375,49.65074920654297,1.0920281410217285,0.9458228349685669,4.132201194763184
63,63,4263,2006-06-27T15:00:00.000000,3114.931640625,49.12420654296875,1.5213086605072021,1.085625410079956,4.343132019042969
64,64,4263,2006-06-27T15:00:00.000000,2546.791748046875,44.49424743652344,0.9678778648376465,0.8673960566520691,3.8710803985595703
65,65,4263,2006-06-27T15:00:00.000000,4010.690185546875,54.86983871459961,1.5746657848358154,1.0872223377227783,4.676088333129883
66,66,4263,2006-06-27T15:00:00.000000,4071.19140625,56.85863494873047,1.2262977361679077,0.9868102073669434,4.446865081787109
67,67,4263,2006-06-27T15:00:00.000000,2745.55126953125,45.98710250854492,1.0059256553649902,0.8802463412284851,3.743070602416992
68,68,4263,2006-06-27T15:00:00.000000,17733.060546875,121.04582977294922,1.7493433952331543,1.2022521495819092,4.658237457275391
69,69,4263,2006-06-27T15:00:00.000000,8649.66015625,85.50595092773438,0.857674241065979,0.8514478206634521,3.8131022453308105
70,70,4263,2006-06-27T15:00:00.000000,3978.375,57.513771057128906,0.8373476266860962,0.8343952894210815,3.6903209686279297
71,71,4263,2006-06-27T15:00:00.000000,1601.3363037109375,35.79176712036133,1.1184709072113037,0.9459195137023926,4.1973419189453125
72,72,4263,2006-06-27T15:00:00.000000,2308.67626953125,43.64144515991211,0.8516573905944824,0.8382047414779663,3.664029598236084
73,73,4263,2006-06-27T15:00:00.000000,27547.55078125,151.62918090820312,1.0408953428268433,0.932062029838562,4.198234558105469
74,74,4263,2006-06-27T15:00:00.000000,3705.00244140625,54.61031723022461,1.1320310831069946,0.9545741081237793,4.3555755615234375
75,75,4263,2006-06-27T15:00:00.000000,4056.408203125,55.1458854675293,1.4174108505249023,1.0308374166488647,4.603415489196777
76,76,4263,2006-06-27T15:00:00.000000,3697.25390625,53.500667572021484,1.339928150177002,1.018498420715332,4.185026168823242
77,77,4263,2006-06-27T15:00:00.000000,3300.171875,50.7115592956543,1.3152658939361572,1.0123844146728516,4.193216323852539
78,78,4263,2006-06-27T15:00:00.000000,3237.73095703125,51.98948287963867,0.9823643565177917,0.9055896997451782,3.9783008098602295
79,79,4263,2006-06-27T15:00:00.000000,2682.621337890625,45.40632247924805,1.0993409156799316,0.9191848039627075,3.8783016204833984
80,80,4263,2006-06-27T15:00:00.000000,5084.0908203125,61.2886962890625,1.109775185585022,0.9055057764053345,3.7410764694213867
81,81,4263,2006-06-27T15:00:00.000000,3186.220458984375,50.57078170776367,1.1924967765808105,0.978341281414032,4.120070934295654
82,82,4263,2006-06-27T15:00:00.000000,1836.631103515625,38.41748809814453,0.8177558183670044,0.8106433153152466,3.5610246658325195
83,83,4263,2006-06-27T15:00:00.000000,2042.259521484375,39.434078216552734,1.542157530784607,1.0836288928985596,4.490464210510254
84,84,4263,2006-06-27T15:00:00.000000,3458.916748046875,51.88566207885742,1.217781662940979,0.9735585451126099,4.1348090171813965
85,85,4263,2006-06-27T15:00:00.000000,3247.12841796875,49.671722412109375,1.5263409614562988,1.0769246816635132,4.463132858276367
86,86,4263,2006-06-27T15:00:00.000000,4179.37109375,56.7158203125,1.396641731262207,1.0367913246154785,4.610369682312012
87,87,4263,2006-06-27T15:00:00.000000,2976.556640625,48.47862243652344,1.3514217138290405,1.0329723358154297,4.478456497192383
88,88,4263,2006-06-27T15:00:00.000000,2821.546630859375,47.10297775268555,1.2926480770111084,1.0081958770751953,4.479355812072754
89,89,4263,2006-06-27T15:00:00.000000,3117.04150390625,48.946529388427734,1.413789987564087,1.042420744895935,4.395133972167969
90,90,4263,2006-06-27T15:00:00.000000,1429.740966796875,34.15947341918945,1.016571044921875,0.9108595252037048,4.012825012207031
91,91,4263,2006-06-27T15:00:00.000000,2580.043701171875,44.328643798828125,1.1483676433563232,0.9352148771286011,3.9611973762512207
92,92,4263,2006-06-27T15:00:00.000000,4195.1484375,56.91131591796875,1.3592236042022705,1.0244020223617554,4.365325927734375
93,93,4263,2006-06-27T15:00:00.000000,2668.427490234375,44.78045654296875,1.1923409700393677,0.9465880393981934,4.128826141357422
94,94,4263,2006-06-27T15:00:00.000000,3440.130859375,50.301292419433594,1.5886361598968506,1.0809457302093506,4.741654872894287
95,95,4263,2006-06-27T15:00:00.000000,2807.791748046875,46.30595397949219,1.061912178993225,0.900530993938446,3.838621139526367
96,96,4263,2006-06-27T15:00:00.000000,2370.302490234375,45.76250457763672,1.096974492073059,0.9844783544540405,3.8266215324401855
97,97,4263,2006-06-27T15:00:00.000000,3132.4052734375,48.85064697265625,1.402570128440857,1.0336979627609253,4.372769832611084
98,98,4263,2006-06-27T15:00:00.000000,2865.993896484375,47.221527099609375,1.301987886428833,1.006481647491455,4.508601665496826
99,99,4263,2006-06-27T15:00:00.000000,3022.04833984375,47.95168685913086,1.0256413221359253,0.8833869695663452,3.8342978954315186
100,100,4263,2006-06-27T15:00:00.000000,2084.44384765625,39.51617431640625,1.6203179359436035,1.1017420291900635,4.3752570152282715
101,101,4263,2006-06-27T15:00:00.000000,2116.952880859375,39.70709228515625,1.513890266418457,1.0618414878845215,4.337586402893066
102,102,4263,2006-06-27T15:00:00.000000,3376.953125,51.254364013671875,1.3336900472640991,1.0185816287994385,4.539994239807129
103,103,4263,2006-06-27T15:00:00.000000,3057.615234375,49.64370346069336,1.1604751348495483,0.9671429395675659,3.8833186626434326
104,104,4263,2006-06-27T15:00:00.000000,9184.232421875,81.89324951171875,1.5623300075531006,1.0681028366088867,4.3079986572265625
105,105,4263,2006-06-27T15:00:00.000000,6504.3916015625,72.72489929199219,0.943527340888977,0.8759050369262695,3.7997241020202637
106,106,4263,2006-06-27T15:00:00.000000,3369.189208984375,50.505210876464844,1.4213855266571045,1.0373597145080566,4.57444953918457
107,107,4263,2006-06-27T15:00:00.000000,4083.3125,56.73090362548828,1.3253142833709717,1.0220516920089722,4.35178804397583
108,108,4263,2006-06-27T15:00:00.000000,3140.318359375,49.30382537841797,1.4896396398544312,1.0738271474838257,4.478507995605469
109,109,4263,2006-06-27T15:00:00.000000,3865.481201171875,55.687400817871094,1.1225788593292236,0.9489943385124207,4.213008880615234
110,110,4263,2006-06-27T15:00:00.000000,3579.7314453125,53.59275436401367,1.236372709274292,0.9959914088249207,4.364572048187256
111,111,4263,2006-06-27T15:00:00.000000,3181.99609375,51.41912078857422,1.009837031364441,0.9160105586051941,4.192868232727051
112,112,4263,2006-06-27T15:00:00.000000,714.3212890625,24.157440185546875,0.8864477872848511,0.8510022163391113,3.820352554321289
113,113,4263,2006-06-27T15:00:00.000000,2710.5595703125,45.823116302490234,1.222848892211914,0.9732884168624878,4.222280025482178
114,114,4263,2006-06-27T15:00:00.000000,2736.969482421875,46.802162170410156,0.9575749635696411,0.8754217028617859,3.7780160903930664
115,115,4263,2006-06-27T15:00:00.000000,181.089111328125,11.89856243133545,0.9495624899864197,0.861608624458313,3.834172010421753
116,116,4263,2006-06-27T15:00:00.000000,2776.514404296875,47.65739059448242,0.8852171897888184,0.8509523272514343,3.826338529586792
117,117,4263,2006-06-27T15:00:00.000000,3108.74462890625,48.15818405151367,1.1793649196624756,0.9379975199699402,3.905033826828003
118,118,4263,2006-06-27T15:00:00.000000,3898.72021484375,55.07991027832031,1.3051766157150269,1.0077826976776123,4.29829216003418
119,119,4263,2006-06-27T15:00:00.000000,1807.0257568359375,37.75923156738281,1.1788082122802734,0.964411735534668,4.292866230010986
120,120,4263,2006-06-27T15:00:00.000000,3897.534912109375,55.10639572143555,1.302079677581787,1.00722336769104,4.315382480621338
121,121,4263,2006-06-27T15:00:00.000000,22711.57421875,137.43333435058594,1.5785210132598877,1.1457599401474,4.856712341308594
122,122,4263,2006-06-27T15:00:00.000000,3311.90576171875,51.68265914916992,1.0394705533981323,0.9156131744384766,4.000002384185791
123,123,4263,2006-06-27T15:00:00.000000,4228.2353515625,56.64665985107422,1.385556936264038,1.0254321098327637,4.367997646331787
124,124,4263,2006-06-27T15:00:00.000000,7736.87109375,78.15933227539062,1.0402287244796753,0.9062802195549011,4.129461288452148
125,125,4263,2006-06-27T15:00:00.000000,4598.37890625,60.06272506713867,0.8933846354484558,0.8371858596801758,3.4388034343719482
126,126,4263,2006-06-27T15:00:00.000000,962.197265625,27.169095993041992,1.455214023590088,1.05659019947052,4.357702255249023
127,127,4263,2006-06-27T15:00:00.000000,2987.73583984375,47.42197799682617,1.101701259613037,0.9106268286705017,3.932795286178589
128,128,4263,2006-06-27T15:00:00.000000,4087.032958984375,56.272274017333984,1.3609498739242554,1.0268605947494507,4.566865921020508
129,129,4263,2006-06-27T15:00:00.000000,221.58108520507812,12.99985122680664,1.203667402267456,0.9581319689750671,4.170541286468506
130,130,4263,2006-06-27T15:00:00.000000,1681.359130859375,36.740726470947266,0.9613091945648193,0.8785147070884705,3.831460475921631
131,131,4263,2006-06-27T15:00:00.000000,3485.03515625,51.9194450378418,1.2380486726760864,0.978577733039856,4.23676872253418
132,132,4263,2006-06-27T15:00:00.000000,3150.46044921875,50.924949645996094,1.102095127105713,0.9524739980697632,4.308676719665527
133,133,4263,2006-06-27T15:00:00.000000,3006.420654296875,48.97420883178711,1.1161874532699585,0.9436504244804382,3.959091901779175
134,134,4263,2006-06-27T15:00:00.000000,4187.77294921875,56.612159729003906,1.4156092405319214,1.0408539772033691,4.539845943450928
135,135,4263,2006-06-27T15:00:00.000000,2272.681884765625,43.215423583984375,0.916201114654541,0.8676905632019043,3.7778289318084717
136,136,4263,2006-06-27T15:00:00.000000,6511.7578125,69.96285247802734,1.4774999618530273,1.0538580417633057,4.204921722412109
0,0,4775,2006-07-18T23:00:00.000000,9264.259765625,88.16644287109375,0.9789730310440063,0.9063236117362976,3.4775142669677734
1,1,4775,2006-07-18T23:00:00.000000,3283.21435546875,50.934078216552734,1.2525455951690674,0.9948453903198242,3.9928603172302246
2,2,4775,2006-07-18T23:00:00.000000,3303.64501953125,52.06299591064453,1.1875898838043213,0.9871103167533875,4.07581090927124
3,3,4775,2006-07-18T23:00:00.000000,2881.307373046875,48.13243865966797,0.9404355883598328,0.8695761561393738,3.6274733543395996
4,4,4775,2006-07-18T23:00:00.000000,8204.2060546875,84.7155532836914,1.038367748260498,0.9530605673789978,3.5022025108337402
5,5,4775,2006-07-18T23:00:00.000000,18384.65234375,119.87862396240234,0.9812023043632507,0.8757765293121338,3.973982334136963
6,6,4775,2006-07-18T23:00:00.000000,2189.645263671875,40.29871368408203,1.062352180480957,0.8876434564590454,3.768976926803589
7,7,4775,2006-07-18T23:00:00.000000,2103.418701171875,41.952781677246094,0.8333699107170105,0.8350582122802734,3.457590103149414
8,8,4775,2006-07-18T23:00:00.000000,3047.705810546875,46.80245590209961,1.0072836875915527,0.8508598208427429,3.7965755462646484
9,9,4775,2006-07-18T23:00:00.000000,2866.642578125,49.21934127807617,0.9093899726867676,0.8766457438468933,3.729414939880371
10,10,4775,2006-07-18T23:00:00.000000,2635.73583984375,46.07212448120117,0.9076780676841736,0.854974627494812,3.76236891746521
11,11,4775,2006-07-18T23:00:00.000000,647.42529296875,21.48214340209961,1.00276780128479,0.8454402685165405,3.307992458343506
12,12,4775,2006-07-18T23:00:00.000000,2014.66650390625,38.370338439941406,0.6936003565788269,0.7119486331939697,2.9727888107299805
13,13,4775,2006-07-18T23:00:00.000000,2638.47900390625,45.44724655151367,0.8698453903198242,0.8251859545707703,3.5900332927703857
14,14,4775,2006-07-18T23:00:00.000000,2610.80224609375,45.350250244140625,0.88772052526474,0.836239755153656,3.3195228576660156
15,15,4775,2006-07-18T23:00:00.000000,866.8295288085938,26.927978515625,1.0306906700134277,0.9285408854484558,3.3743321895599365
16,16,4775,2006-07-18T23:00:00.000000,2210.299072265625,40.2631950378418,0.773777186870575,0.7533394694328308,3.143209457397461
17,17,4775,2006-07-18T23:00:00.000000,2035.8734130859375,40.916221618652344,0.718977153301239,0.7689139246940613,3.136997938156128
18,18,4775,2006-07-18T23:00:00.000000,2613.93212890625,46.064735412597656,0.8593777418136597,0.8352441787719727,3.2670021057128906
19,19,4775,2006-07-18T23:00:00.000000,2665.314453125,45.85079574584961,0.8307520151138306,0.8094840049743652,3.5755696296691895
20,20,4775,2006-07-18T23:00:00.000000,2807.562255859375,47.0024528503418,0.9138614535331726,0.8480004072189331,3.5046699047088623
21,21,4775,2006-07-18T23:00:00.000000,1660.647216796875,37.23246765136719,0.5766233801841736,0.6937918663024902,2.962278127670288
22,22,4775,2006-07-18T23:00:00.000000,3788.761474609375,57.92530059814453,0.9784225225448608,0.9308567047119141,4.008588790893555
23,23,4775,2006-07-18T23:00:00.000000,10641.505859375,94.18571472167969,0.9254352450370789,0.8783276081085205,3.705216407775879
24,24,4775,2006-07-18T23:00:00.000000,2919.17236328125,44.493553161621094,1.011167287826538,0.8280922770500183,3.52838397026062
25,25,4775,2006-07-18T23:00:00.000000,2617.499267578125,46.560638427734375,1.121854305267334,0.9639264941215515,4.166109561920166
26,26,4775,2006-07-18T23:00:00.000000,2762.310546875,45.87118148803711,0.9214090704917908,0.8377798795700073,3.574488639831543
27,27,4775,2006-07-18T23:00:00.000000,3168.0048828125,50.794273376464844,1.2382984161376953,1.0042331218719482,3.9483537673950195
28,28,4775,2006-07-18T23:00:00.000000,11853.6875,93.02737426757812,1.1980667114257812,0.9352430701255798,3.4320621490478516
29,29,4775,2006-07-18T23:00:00.000000,2581.93896484375,44.67859649658203,0.8827018737792969,0.8261017799377441,3.5572471618652344
30,30,4775,2006-07-18T23:00:00.000000,1896.653564453125,40.20570373535156,0.9429528117179871,0.8964759707450867,3.471205234527588
31,31,4775,2006-07-18T23:00:00.000000,9566.59765625,87.4856185913086,1.2178852558135986,0.987099826335907,3.8141486644744873
32,32,4775,2006-07-18T23:00:00.000000,2310.56640625,42.13323974609375,0.8147965669631958,0.7912070751190186,3.2223165035247803
33,33,4775,2006-07-18T23:00:00.000000,1701.822998046875,37.23519515991211,0.7491695284843445,0.7812435626983643,3.1735620498657227
34,34,4775,2006-07-18T23:00:00.000000,2424.74169921875,44.47807312011719,0.9855223894119263,0.8966986536979675,3.7109503746032715
35,35,4775,2006-07-18T23:00:00.000000,1165.479248046875,30.0299129486084,0.7433714866638184,0.758411169052124,3.1642346382141113
36,36,4775,2006-07-18T23:00:00.000000,2333.38818359375,42.37931823730469,0.7464730739593506,0.7579971551895142,3.2447028160095215
37,37,4775,2006-07-18T23:00:00.000000,1319.737548828125,31.9957332611084,0.8806082606315613,0.8264939785003662,3.42716121673584
38,38,4775,2006-07-18T23:00:00.000000,2733.3642578125,46.52708435058594,1.05092191696167,0.9123096466064453,3.6845710277557373
39,39,4775,2006-07-18T23:00:00.000000,2003.6533203125,41.20893096923828,0.6817404627799988,0.7601329684257507,3.1309783458709717
40,40,4775,2006-07-18T23:00:00.000000,11993.279296875,98.43072509765625,0.7960759997367859,0.8019347190856934,3.279322385787964
41,41,4775,2006-07-18T23:00:00.000000,2968.590576171875,49.53844451904297,0.9752554893493652,0.8978967666625977,3.8138110637664795
42,42,4775,2006-07-18T23:00:00.000000,2411.2216796875,44.87678527832031,0.8238000273704529,0.8294956088066101,3.6872928142547607
43,43,4775,2006-07-18T23:00:00.000000,2699.3232421875,46.210716247558594,0.9357334971427917,0.860382080078125,3.682392120361328
44,44,4775,2006-07-18T23:00:00.000000,4074.315185546875,58.616668701171875,0.7545496821403503,0.7976965308189392,3.2297282218933105
45,45,4775,2006-07-18T23:00:00.000000,1664.9931640625,37.4320182800293,0.8200089335441589,0.8307040929794312,3.22473406791687
46,46,4775,2006-07-18T23:00:00.000000,1301.3726806640625,32.58563995361328,0.8339740037918091,0.8249008059501648,3.510160207748413
47,47,4775,2006-07-18T23:00:00.000000,1803.37548828125,38.377628326416016,0.7343012094497681,0.7744121551513672,3.470925807952881
48,48,4775,2006-07-18T23:00:00.000000,2886.45166015625,48.394126892089844,1.2040939331054688,0.9884179830551147,4.0040717124938965
49,49,4775,2006-07-18T23:00:00.000000,2327.98388671875,43.531700134277344,0.8899502158164978,0.8511351346969604,3.4031424522399902
50,50,4775,2006-07-18T23:00:00.000000,2243.04296875,41.3763427734375,0.842009961605072,0.8016631007194519,3.4242770671844482
51,51,4775,2006-07-18T23:00:00.000000,2502.862060546875,45.669944763183594,0.7923895716667175,0.8126084804534912,3.5316169261932373
52,52,4775,2006-07-18T23:00:00.000000,3094.362060546875,48.97834777832031,1.262324571609497,0.989245593547821,4.085606575012207
53,53,4775,2006-07-18T23:00:00.000000,2065.255126953125,40.85297775268555,0.6923426389694214,0.7479926943778992,3.0813636779785156
54,54,4775,2006-07-18T23:00:00.000000,2046.7913818359375,40.535614013671875,1.0493816137313843,0.9178394675254822,3.8737897872924805
55,55,4775,2006-07-18T23:00:00.000000,2676.204345703125,45.806251525878906,0.8912357091903687,0.8359136581420898,3.4602808952331543
56,56,4775,2006-07-18T23:00:00.000000,1782.7200927734375,36.938690185546875,0.5947664976119995,0.6747037768363953,2.9691762924194336
57,57,4775,2006-07-18T23:00:00.000000,2010.46435546875,40.547149658203125,0.8532754182815552,0.8353275060653687,3.5210719108581543
58,58,4775,2006-07-18T23:00:00.000000,2109.97802734375,41.584747314453125,0.8895686864852905,0.8538564443588257,3.6251254081726074
59,59,4775,2006-07-18T23:00:00.000000,1783.1595458984375,37.679664611816406,0.6437869668006897,0.7159504890441895,3.00602126121521
60,60,4775,2006-07-18T23:00:00.000000,1005.3515014648438,29.154836654663086,0.7249828577041626,0.7829165458679199,3.1180646419525146
61,61,4775,2006-07-18T23:00:00.000000,2707.24951171875,47.569244384765625,0.9112935066223145,0.872752845287323,3.74031925201416
62,62,4775,2006-07-18T23:00:00.000000,2245.906982421875,42.62599182128906,0.7405321002006531,0.7740170359611511,3.436418294906616
63,63,4775,2006-07-18T23:00:00.000000,1893.7596435546875,39.093650817871094,0.7967240214347839,0.8018586039543152,3.4808268547058105
64,64,4775,2006-07-18T23:00:00.000000,2512.2255859375,42.126190185546875,1.2533879280090332,0.9409480094909668,3.504744529724121
65,65,4775,2006-07-18T23:00:00.000000,2228.9189453125,43.651268005371094,0.7627891302108765,0.8075175285339355,3.385547637939453
66,66,4775,2006-07-18T23:00:00.000000,2621.75439453125,45.52656173706055,0.8268375396728516,0.8084980845451355,3.4626479148864746
67,67,4775,2006-07-18T23:00:00.000000,3103.444091796875,49.16703796386719,1.308887004852295,1.0097250938415527,3.9196555614471436
68,68,4775,2006-07-18T23:00:00.000000,10665.166015625,95.75833129882812,0.98760986328125,0.9214791059494019,3.3598709106445312
69,69,4775,2006-07-18T23:00:00.000000,6213.2119140625,70.44158935546875,0.7230352163314819,0.759890079498291,3.150862455368042
70,70,4775,2006-07-18T23:00:00.000000,3430.83203125,51.743927001953125,0.8432683348655701,0.8112272024154663,3.3208701610565186
71,71,4775,2006-07-18T23:00:00.000000,1518.886474609375,35.48698043823242,1.0228862762451172,0.9209161996841431,3.942735195159912
72,72,4775,2006-07-18T23:00:00.000000,2591.78662109375,43.60883331298828,1.2526191473007202,0.9587035179138184,3.869440793991089
73,73,4775,2006-07-18T23:00:00.000000,24394.91015625,147.2624969482422,0.9957137107849121,0.9408271312713623,3.6891839504241943
74,74,4775,2006-07-18T23:00:00.000000,2524.80224609375,46.393531799316406,0.8424291610717773,0.8474428653717041,3.7606637477874756
75,75,4775,2006-07-18T23:00:00.000000,2177.596435546875,40.88787078857422,0.8292325735092163,0.7978917956352234,3.275109052658081
76,76,4775,2006-07-18T23:00:00.000000,2878.923828125,47.57849884033203,1.109892725944519,0.934191882610321,3.694772720336914
77,77,4775,2006-07-18T23:00:00.000000,2777.32177734375,46.323089599609375,0.9316180944442749,0.8484053611755371,3.74350643157959
78,78,4775,2006-07-18T23:00:00.000000,2596.088623046875,46.40751266479492,0.8531490564346313,0.8412809371948242,3.7585132122039795
79,79,4775,2006-07-18T23:00:00.000000,2728.6015625,46.16056823730469,1.1993992328643799,0.9677940607070923,3.9510092735290527
80,80,4775,2006-07-18T23:00:00.000000,3464.86083984375,54.5337028503418,0.7097260355949402,0.7804903388023376,3.261631727218628
81,81,4775,2006-07-18T23:00:00.000000,2230.189208984375,41.76875305175781,0.7668622732162476,0.7745320200920105,3.372356414794922
82,82,4775,2006-07-18T23:00:00.000000,1929.4407958984375,39.12232208251953,1.037784218788147,0.9073240160942078,3.6349329948425293
83,83,4775,2006-07-18T23:00:00.000000,773.2389526367188,25.445486068725586,0.5469152927398682,0.6767276525497437,2.785393476486206
84,84,4775,2006-07-18T23:00:00.000000,2254.777587890625,44.64069747924805,0.7353519201278687,0.8061702251434326,3.51899790763855
85,85,4775,2006-07-18T23:00:00.000000,2115.3642578125,40.217559814453125,0.9066723585128784,0.8326228857040405,3.471510887145996
86,86,4775,2006-07-18T23:00:00.000000,2292.38427734375,42.3297119140625,0.767321765422821,0.774444580078125,3.388324499130249
87,87,4775,2006-07-18T23:00:00.000000,1927.545166015625,40.94950485229492,0.7775866389274597,0.8224713206291199,3.5632381439208984
88,88,4775,2006-07-18T23:00:00.000000,2189.33447265625,42.953125,0.8947919607162476,0.8683599233627319,3.847442626953125
89,89,4775,2006-07-18T23:00:00.000000,1762.1868896484375,37.5938720703125,0.770161509513855,0.7859266996383667,3.2473886013031006
90,90,4775,2006-07-18T23:00:00.000000,1104.5670166015625,31.07167625427246,0.7528660297393799,0.8111991882324219,3.5832953453063965
91,91,4775,2006-07-18T23:00:00.000000,2059.49365234375,40.353275299072266,0.8490937948226929,0.8193631172180176,3.4043936729431152
92,92,4775,2006-07-18T23:00:00.000000,2664.823486328125,45.45885467529297,0.9012138247489929,0.8359844088554382,3.476656913757324
93,93,4775,2006-07-18T23:00:00.000000,2364.47705078125,44.31666564941406,0.9444939494132996,0.8857254981994629,3.7306599617004395
94,94,4775,2006-07-18T23:00:00.000000,2139.876953125,41.18799591064453,0.8941022753715515,0.8419179916381836,3.419365406036377
95,95,4775,2006-07-18T23:00:00.000000,2369.58203125,42.11408996582031,1.1249186992645264,0.917597234249115,3.485332489013672
96,96,4775,2006-07-18T23:00:00.000000,1638.062744140625,37.571353912353516,0.7071973085403442,0.7806599140167236,3.3166379928588867
97,97,4775,2006-07-18T23:00:00.000000,2194.545654296875,42.21289825439453,0.8941990733146667,0.852098822593689,3.7183151245117188
98,98,4775,2006-07-18T23:00:00.000000,2478.74658203125,45.83415222167969,1.013166904449463,0.9266456365585327,4.182908058166504
99,99,4775,2006-07-18T23:00:00.000000,2564.334228515625,45.777183532714844,0.9807723760604858,0.8952531814575195,3.716836929321289
100,100,4775,2006-07-18T23:00:00.000000,1310.8187255859375,32.68839645385742,0.867063045501709,0.8407126665115356,3.715601682662964
101,101,4775,2006-07-18T23:00:00.000000,1333.8616943359375,33.079833984375,0.8691644668579102,0.844420850276947,3.7598395347595215
102,102,4775,2006-07-18T23:00:00.000000,2941.609375,48.019866943359375,0.9880223274230957,0.8800591230392456,3.8450889587402344
103,103,4775,2006-07-18T23:00:00.000000,2452.249755859375,42.819271087646484,0.8596696257591248,0.8017200231552124,3.3808417320251465
104,104,4775,2006-07-18T23:00:00.000000,7319.60302734375,74.9216537475586,1.165926218032837,0.9455817937850952,3.790341377258301
105,105,4775,2006-07-18T23:00:00.000000,4253.365234375,58.343650817871094,0.8089262843132019,0.8046032786369324,3.1450581550598145
106,106,4775,2006-07-18T23:00:00.000000,2201.81787109375,43.84129333496094,0.8498520851135254,0.8613197207450867,3.6198439598083496
107,107,4775,2006-07-18T23:00:00.000000,2082.09912109375,39.75461196899414,0.6879183650016785,0.7226122617721558,3.1515331268310547
108,108,4775,2006-07-18T23:00:00.000000,1659.144287109375,38.54881286621094,0.6543413996696472,0.7655457258224487,3.329188108444214
109,109,4775,2006-07-18T23:00:00.000000,2957.283203125,49.28556823730469,0.9796373844146729,0.8970279097557068,3.7833547592163086
110,110,4775,2006-07-18T23:00:00.000000,3175.154296875,51.16949462890625,1.0505489110946655,0.9307581186294556,4.01923942565918
111,111,4775,2006-07-18T23:00:00.000000,2956.39990234375,49.60387420654297,1.0112898349761963,0.9174275398254395,3.9384994506835938
112,112,4775,2006-07-18T23:00:00.000000,608.4020385742188,21.927902221679688,1.0758090019226074,0.922081470489502,3.786144971847534
113,113,4775,2006-07-18T23:00:00.000000,2316.04931640625,43.76116180419922,0.9139940142631531,0.8693339228630066,3.753525495529175
114,114,4775,2006-07-18T23:00:00.000000,3318.08203125,50.584373474121094,1.2759268283843994,0.9919406771659851,4.106752395629883
115,115,4775,2006-07-18T23:00:00.000000,184.74166870117188,12.287500381469727,0.9409244060516357,0.8769170045852661,3.6847052574157715
116,116,4775,2006-07-18T23:00:00.000000,3165.855224609375,50.587852478027344,1.072013020515442,0.9308950304985046,4.072585582733154
117,117,4775,2006-07-18T23:00:00.000000,2830.305419921875,46.297325134277344,1.137143611907959,0.9279977083206177,3.918530225753784
118,118,4775,2006-07-18T23:00:00.000000,2180.754638671875,40.39256286621094,0.7549945712089539,0.7515708208084106,3.1088385581970215
119,119,4775,2006-07-18T23:00:00.000000,1264.2694091796875,32.943824768066406,0.7919073104858398,0.8245015144348145,3.703047752380371
120,120,4775,2006-07-18T23:00:00.000000,2533.80712890625,44.1959342956543,0.8315894603729248,0.8006635904312134,3.334260940551758
121,121,4775,2006-07-18T23:00:00.000000,12781.19140625,104.07804870605469,0.8886431455612183,0.8678350448608398,3.595951795578003
122,122,4775,2006-07-18T23:00:00.000000,2369.771728515625,43.36155700683594,0.7997643947601318,0.7965859770774841,3.5213871002197266
123,123,4775,2006-07-18T23:00:00.000000,3239.50244140625,48.22214889526367,1.134840965270996,0.9025575518608093,3.6673340797424316
124,124,4775,2006-07-18T23:00:00.000000,4886.64599609375,63.914581298828125,0.7255651354789734,0.7788121700286865,3.3190512657165527
125,125,4775,2006-07-18T23:00:00.000000,3995.364013671875,54.0863151550293,1.0459339618682861,0.8751072883605957,3.31282377243042
126,126,4775,2006-07-18T23:00:00.000000,532.7146606445312,21.525968551635742,0.7433881759643555,0.8041242957115173,3.522277593612671
127,127,4775,2006-07-18T23:00:00.000000,2246.76171875,42.445838928222656,1.1675407886505127,0.967592716217041,3.92646861076355
128,128,4775,2006-07-18T23:00:00.000000,1967.7982177734375,39.69548416137695,0.6710835695266724,0.7330593466758728,3.1138834953308105
129,129,4775,2006-07-18T23:00:00.000000,193.74130249023438,11.802902221679688,1.2928465604782104,0.9641646146774292,3.560485363006592
130,130,4775,2006-07-18T23:00:00.000000,1384.0892333984375,33.618553161621094,0.921858012676239,0.8676189184188843,3.2780394554138184
131,131,4775,2006-07-18T23:00:00.000000,2142.7314453125,40.68043518066406,0.7058500051498413,0.7383426427841187,3.292924404144287
132,132,4775,2006-07-18T23:00:00.000000,2607.8251953125,46.990257263183594,0.8453902006149292,0.8460521697998047,3.8047866821289062
133,133,4775,2006-07-18T23:00:00.000000,3345.1455078125,50.91971969604492,1.2744965553283691,0.9939116835594177,4.332599639892578
134,134,4775,2006-07-18T23:00:00.000000,1725.144287109375,37.37031555175781,0.5889245867729187,0.6904684901237488,3.0233712196350098
135,135,4775,2006-07-18T23:00:00.000000,1821.92578125,38.57202911376953,0.9284919500350952,0.8707553744316101,3.244121551513672
136,136,4775,2006-07-18T23:00:00.000000,4233.8740234375,58.5710563659668,0.9802602529525757,0.8912197947502136,3.5259599685668945
0,0,5287,2006-08-09T07:00:00.000000,10432.5712890625,98.2074203491211,0.8677055835723877,0.8956427574157715,3.671182155609131
1,1,5287,2006-08-09T07:00:00.000000,1959.163818359375,40.85151290893555,0.8665692806243896,0.8591607809066772,3.377244472503662
2,2,5287,2006-08-09T07:00:00.000000,1551.26513671875,37.90327453613281,0.5431246757507324,0.7092241048812866,3.156085968017578
3,3,5287,2006-08-09T07:00:00.000000,2836.4326171875,49.28829574584961,0.7965514659881592,0.8259703516960144,3.844712734222412
4,4,5287,2006-08-09T07:00:00.000000,5685.71240234375,71.61748504638672,0.687227189540863,0.7873662710189819,3.320272445678711
5,5,5287,2006-08-09T07:00:00.000000,17467.45703125,125.2525863647461,0.8240855932235718,0.8603159785270691,3.930581569671631
6,6,5287,2006-08-09T07:00:00.000000,2392.853271484375,43.510643005371094,1.049475908279419,0.911220908164978,4.030997276306152
7,7,5287,2006-08-09T07:00:00.000000,2128.81689453125,43.288047790527344,0.8406803011894226,0.8602294325828552,3.7117059230804443
8,8,5287,2006-08-09T07:00:00.000000,2423.52587890625,45.8326416015625,0.6839494705200195,0.7699509859085083,3.630436897277832
9,9,5287,2006-08-09T07:00:00.000000,2912.5810546875,49.494842529296875,1.05830717086792,0.9434673190116882,4.1081695556640625
10,10,5287,2006-08-09T07:00:00.000000,2336.260498046875,43.96331787109375,0.7618389129638672,0.7938920855522156,3.5465426445007324
11,11,5287,2006-08-09T07:00:00.000000,823.9449462890625,25.718849182128906,1.0841600894927979,0.9329302310943604,4.093835353851318
12,12,5287,2006-08-09T07:00:00.000000,2453.75927734375,47.884674072265625,0.7114364504814148,0.8153585195541382,3.7910022735595703
13,13,5287,2006-08-09T07:00:00.000000,2526.88916015625,45.47105407714844,0.7901453971862793,0.8040730357170105,3.6127631664276123
14,14,5287,2006-08-09T07:00:00.000000,2007.66796875,42.33155059814453,0.629753589630127,0.7497276663780212,3.1678473949432373
15,15,5287,2006-08-09T07:00:00.000000,838.266845703125,27.158483505249023,0.8798877596855164,0.879889190196991,3.649540662765503
16,16,5287,2006-08-09T07:00:00.000000,2016.4393310546875,42.95476531982422,0.5940417051315308,0.7372710704803467,3.42277193069458
17,17,5287,2006-08-09T07:00:00.000000,1970.0517578125,41.790374755859375,0.5993971824645996,0.7289450168609619,3.382852077484131
18,18,5287,2006-08-09T07:00:00.000000,2706.20947265625,46.609527587890625,0.8502992987632751,0.8261899948120117,3.8006789684295654
19,19,5287,2006-08-09T07:00:00.000000,2521.31982421875,45.20823287963867,0.8206838369369507,0.8156268000602722,3.662627696990967
20,20,5287,2006-08-09T07:00:00.000000,3378.90087890625,53.07837677001953,0.9911035299301147,0.9090534448623657,4.015169143676758
21,21,5287,2006-08-09T07:00:00.000000,2721.89990234375,49.36766052246094,0.8338665962219238,0.8640815615653992,3.876706600189209
22,22,5287,2006-08-09T07:00:00.000000,3291.66015625,54.409751892089844,0.8036310076713562,0.850153923034668,3.910243511199951
23,23,5287,2006-08-09T07:00:00.000000,7003.93505859375,79.01101684570312,0.5404844880104065,0.6940779089927673,2.892082929611206
24,24,5287,2006-08-09T07:00:00.000000,3003.401123046875,52.18288803100586,0.8773741126060486,0.8918952941894531,4.13413143157959
25,25,5287,2006-08-09T07:00:00.000000,1629.0023193359375,37.557960510253906,0.7275632619857788,0.7937368154525757,3.446347236633301
26,26,5287,2006-08-09T07:00:00.000000,1872.5726318359375,40.696205139160156,0.6295721530914307,0.746203601360321,3.431331157684326
27,27,5287,2006-08-09T07:00:00.000000,1548.7767333984375,37.11480712890625,0.6583333611488342,0.7652014493942261,2.9784584045410156
28,28,5287,2006-08-09T07:00:00.000000,4717.333984375,62.11884689331055,0.4733148515224457,0.6222288608551025,2.369431972503662
29,29,5287,2006-08-09T07:00:00.000000,2218.79638671875,42.773956298828125,0.6974756121635437,0.758377194404602,3.4953393936157227
30,30,5287,2006-08-09T07:00:00.000000,2027.522705078125,43.49930953979492,0.8684893846511841,0.9002885818481445,3.952760696411133
31,31,5287,2006-08-09T07:00:00.000000,4438.384765625,62.585567474365234,0.5563315153121948,0.70069420337677,2.6472625732421875
32,32,5287,2006-08-09T07:00:00.000000,2526.466796875,47.62400817871094,0.7405063509941101,0.8153302669525146,3.84603214263916
33,33,5287,2006-08-09T07:00:00.000000,1565.5198974609375,37.262874603271484,0.574420154094696,0.7137758731842041,3.21954607963562
34,34,5287,2006-08-09T07:00:00.000000,1357.7138671875,33.265281677246094,0.5192285776138306,0.6505285501480103,2.924227714538574
35,35,5287,2006-08-09T07:00:00.000000,2080.821533203125,40.180809020996094,1.1919971704483032,0.9616982340812683,4.029057502746582
36,36,5287,2006-08-09T07:00:00.000000,2398.42578125,46.13690185546875,0.7509137988090515,0.8163573741912842,3.516275405883789
37,37,5287,2006-08-09T07:00:00.000000,986.6324462890625,28.841665267944336,0.5934926271438599,0.7073760032653809,3.1505484580993652
38,38,5287,2006-08-09T07:00:00.000000,1795.89501953125,40.51517868041992,0.6022233366966248,0.7419182658195496,3.003922462463379
39,39,5287,2006-08-09T07:00:00.000000,2953.74365234375,50.055137634277344,0.9414175748825073,0.8936210870742798,4.155398368835449
40,40,5287,2006-08-09T07:00:00.000000,14899.9248046875,114.91845703125,0.9051316976547241,0.8956815600395203,4.021074295043945
41,41,5287,2006-08-09T07:00:00.000000,2613.315185546875,45.579463958740234,0.9088274836540222,0.8499904870986938,3.637036085128784
42,42,5287,2006-08-09T07:00:00.000000,3145.701904296875,49.8490104675293,1.0294829607009888,0.9017939567565918,4.100475311279297
43,43,5287,2006-08-09T07:00:00.000000,2618.56005859375,46.00402069091797,0.8562439680099487,0.8318848609924316,3.794754981994629
44,44,5287,2006-08-09T07:00:00.000000,7246.052734375,79.51909637451172,1.2022159099578857,1.0242640972137451,4.053504943847656
45,45,5287,2006-08-09T07:00:00.000000,1962.1787109375,41.56421661376953,0.8360986113548279,0.8579835891723633,3.7237319946289062
46,46,5287,2006-08-09T07:00:00.000000,1012.15576171875,29.38385581970215,0.6447188258171082,0.7416008710861206,3.1947288513183594
47,47,5287,2006-08-09T07:00:00.000000,1988.102294921875,41.457889556884766,0.7562345862388611,0.8085671663284302,3.602220058441162
48,48,5287,2006-08-09T07:00:00.000000,1799.985107421875,39.66832733154297,0.7131432294845581,0.789583146572113,3.1929681301116943
49,49,5287,2006-08-09T07:00:00.000000,2908.22412109375,49.15290069580078,0.9378465414047241,0.8826755881309509,3.804915428161621
50,50,5287,2006-08-09T07:00:00.000000,3288.614013671875,52.57396697998047,0.9731453657150269,0.9043844938278198,4.060797691345215
51,51,5287,2006-08-09T07:00:00.000000,2482.9560546875,43.885047912597656,0.8201783895492554,0.7976018786430359,3.6701812744140625
52,52,5287,2006-08-09T07:00:00.000000,1783.347412109375,39.21974182128906,0.694831371307373,0.7741524577140808,3.152378797531128
53,53,5287,2006-08-09T07:00:00.000000,2081.703857421875,43.41012191772461,0.5888539552688599,0.730104923248291,3.2843990325927734
54,54,5287,2006-08-09T07:00:00.000000,2248.390625,42.98765182495117,0.9580141305923462,0.8873475790023804,3.764914035797119
55,55,5287,2006-08-09T07:00:00.000000,3173.7099609375,50.54816436767578,0.8930062651634216,0.8479084968566895,3.985337734222412
56,56,5287,2006-08-09T07:00:00.000000,2597.81982421875,48.8352165222168,0.8233177065849304,0.8693854212760925,3.735990285873413
57,57,5287,2006-08-09T07:00:00.000000,1449.08447265625,35.29747009277344,0.5568111538887024,0.6919116973876953,3.210171699523926
58,58,5287,2006-08-09T07:00:00.000000,2246.08154296875,43.517112731933594,0.8516828417778015,0.8473957777023315,3.855055332183838
59,59,5287,2006-08-09T07:00:00.000000,2285.01416015625,46.557167053222656,0.6835619807243347,0.8052506446838379,3.644695997238159
60,60,5287,2006-08-09T07:00:00.000000,1460.634521484375,35.719200134277344,0.8835744261741638,0.8785216808319092,3.8654134273529053
61,61,5287,2006-08-09T07:00:00.000000,2900.3662109375,48.4382438659668,0.8722838163375854,0.8400224447250366,3.932229995727539
62,62,5287,2006-08-09T07:00:00.000000,3198.07861328125,50.28846740722656,1.0814260244369507,0.9247455596923828,4.045168876647949
63,63,5287,2006-08-09T07:00:00.000000,1614.9453125,38.27051544189453,0.623799204826355,0.7521557807922363,3.303530693054199
64,64,5287,2006-08-09T07:00:00.000000,985.3885498046875,29.367115020751953,0.4325965344905853,0.615317165851593,2.5163848400115967
65,65,5287,2006-08-09T07:00:00.000000,2086.56787109375,42.99151611328125,0.6608104109764099,0.7650766372680664,3.398136854171753
66,66,5287,2006-08-09T07:00:00.000000,3014.39599609375,51.226097106933594,0.8514449596405029,0.8609330058097839,4.107532501220703
67,67,5287,2006-08-09T07:00:00.000000,1291.67822265625,34.17075729370117,0.5173391103744507,0.683856725692749,2.798478126525879
68,68,5287,2006-08-09T07:00:00.000000,10861.080078125,98.375,1.0442112684249878,0.9645892977714539,3.9035377502441406
69,69,5287,2006-08-09T07:00:00.000000,8772.630859375,80.22917175292969,1.0137567520141602,0.8624507188796997,3.6252694129943848
70,70,5287,2006-08-09T07:00:00.000000,5115.1611328125,63.455955505371094,1.0423797369003296,0.9058486819267273,3.8720929622650146
71,71,5287,2006-08-09T07:00:00.000000,1367.9036865234375,33.38712692260742,0.8971275687217712,0.8550242185592651,3.785876989364624
72,72,5287,2006-08-09T07:00:00.000000,908.9134521484375,28.113691329956055,0.38540077209472656,0.5789124965667725,2.480379104614258
73,73,5287,2006-08-09T07:00:00.000000,23901.15625,142.2977752685547,0.9923197627067566,0.9168841242790222,3.5434930324554443
74,74,5287,2006-08-09T07:00:00.000000,3070.50634765625,50.694149017333984,0.8738631010055542,0.8552135229110718,3.9039549827575684
75,75,5287,2006-08-09T07:00:00.000000,2062.37841796875,42.46957015991211,0.582612156867981,0.7138113975524902,3.357595443725586
76,76,5287,2006-08-09T07:00:00.000000,2060.25634765625,40.63140106201172,0.7212563753128052,0.7602317333221436,2.9654717445373535
77,77,5287,2006-08-09T07:00:00.000000,1914.916259765625,40.8834342956543,0.6226319074630737,0.7372047901153564,3.3263659477233887
78,78,5287,2006-08-09T07:00:00.000000,3522.705810546875,53.917755126953125,1.1297717094421387,0.9655815958976746,4.4171037673950195
79,79,5287,2006-08-09T07:00:00.000000,970.9537963867188,28.777950286865234,0.43812569975852966,0.6113077998161316,2.5266377925872803
80,80,5287,2006-08-09T07:00:00.000000,4426.4814453125,61.17433166503906,0.8187999725341797,0.8320105075836182,3.6625423431396484
81,81,5287,2006-08-09T07:00:00.000000,2923.923583984375,48.528499603271484,0.9462156295776367,0.872989296913147,3.786241054534912
82,82,5287,2006-08-09T07:00:00.000000,2654.68505859375,45.6273307800293,1.1614172458648682,0.954361081123352,4.197292327880859
83,83,5287,2006-08-09T07:00:00.000000,1382.91796875,34.97153091430664,0.8478423357009888,0.8659124374389648,3.9946956634521484
84,84,5287,2006-08-09T07:00:00.000000,2868.99267578125,49.342926025390625,0.9184126853942871,0.8828341960906982,3.9671988487243652
85,85,5287,2006-08-09T07:00:00.000000,2496.33349609375,45.8036003112793,0.9952322840690613,0.9145563840866089,4.127229690551758
86,86,5287,2006-08-09T07:00:00.000000,2611.690185546875,49.36408996582031,0.831551194190979,0.8808354139328003,3.9252467155456543
87,87,5287,2006-08-09T07:00:00.000000,1727.024169921875,40.33026123046875,0.6294761896133423,0.7699658274650574,3.511824369430542
88,88,5287,2006-08-09T07:00:00.000000,1840.1162109375,38.096282958984375,0.7883504629135132,0.7885324358940125,3.5030579566955566
89,89,5287,2006-08-09T07:00:00.000000,1539.4720458984375,36.770015716552734,0.6362159252166748,0.7474982142448425,3.0802297592163086
90,90,5287,2006-08-09T07:00:00.000000,1441.177734375,34.63928985595703,0.9709762334823608,0.8991133570671082,3.8635902404785156
91,91,5287,2006-08-09T07:00:00.000000,2359.17822265625,44.304317474365234,0.8883267641067505,0.8597100973129272,3.875452756881714
92,92,5287,2006-08-09T07:00:00.000000,2465.91796875,45.8538932800293,0.7113706469535828,0.7788161039352417,3.729774236679077
93,93,5287,2006-08-09T07:00:00.000000,2106.34716796875,42.062652587890625,0.8247110247612,0.8323051333427429,3.6641082763671875
94,94,5287,2006-08-09T07:00:00.000000,2199.94970703125,43.59459686279297,0.8662065863609314,0.8650416135787964,3.618617534637451
95,95,5287,2006-08-09T07:00:00.000000,976.48681640625,29.583608627319336,0.44228070974349976,0.6296032071113586,2.560421943664551
96,96,5287,2006-08-09T07:00:00.000000,1747.7830810546875,39.07053756713867,0.7265352606773376,0.7965883612632751,3.769805669784546
97,97,5287,2006-08-09T07:00:00.000000,2024.140625,42.042564392089844,0.782031238079071,0.826382040977478,3.5660958290100098
98,98,5287,2006-08-09T07:00:00.000000,1684.29736328125,38.26525115966797,0.7508236765861511,0.8079122304916382,3.6807286739349365
99,99,5287,2006-08-09T07:00:00.000000,2257.858154296875,43.695884704589844,0.8441513776779175,0.844894289970398,3.5832126140594482
100,100,5287,2006-08-09T07:00:00.000000,1063.3726806640625,30.35238265991211,0.6396572589874268,0.7444297671318054,3.340372085571289
101,101,5287,2006-08-09T07:00:00.000000,939.274658203125,28.910045623779297,0.562311589717865,0.7073607444763184,3.0235328674316406
102,102,5287,2006-08-09T07:00:00.000000,1949.2625732421875,40.95620346069336,0.6625001430511475,0.7550530433654785,3.402235984802246
103,103,5287,2006-08-09T07:00:00.000000,3107.74609375,50.54985046386719,1.0117714405059814,0.9120912551879883,4.230325222015381
104,104,5287,2006-08-09T07:00:00.000000,5237.931640625,66.70942687988281,0.7424275875091553,0.7942082285881042,3.4556961059570312
105,105,5287,2006-08-09T07:00:00.000000,7624.19140625,77.60356903076172,1.0476945638656616,0.9097083806991577,4.024469375610352
106,106,5287,2006-08-09T07:00:00.000000,2622.307373046875,46.460567474365234,1.0024101734161377,0.9083755016326904,3.962167263031006
107,107,5287,2006-08-09T07:00:00.000000,2497.729248046875,47.910118103027344,0.7145817279815674,0.8103647232055664,3.788616180419922
108,108,5287,2006-08-09T07:00:00.000000,1546.478515625,37.28162384033203,0.5924150943756104,0.72968590259552,3.0670106410980225
109,109,5287,2006-08-09T07:00:00.000000,2449.65283203125,46.60453796386719,0.718460202217102,0.7981367111206055,3.6373209953308105
110,110,5287,2006-08-09T07:00:00.000000,2008.0234375,41.516143798828125,0.7095858454704285,0.7804321050643921,3.3903987407684326
111,111,5287,2006-08-09T07:00:00.000000,2992.259521484375,49.28422546386719,1.0179593563079834,0.9090201258659363,3.87662672996521
112,112,5287,2006-08-09T07:00:00.000000,719.71435546875,24.203052520751953,0.9467359781265259,0.8778179883956909,3.8636043071746826
113,113,5287,2006-08-09T07:00:00.000000,1785.8538818359375,39.431400299072266,0.6776044368743896,0.768081545829773,3.4658124446868896
114,114,5287,2006-08-09T07:00:00.000000,1616.8050537109375,38.19523620605469,0.6977739334106445,0.7934833765029907,3.1458892822265625
115,115,5287,2006-08-09T07:00:00.000000,207.09335327148438,13.028051376342773,0.9782872200012207,0.8954257369041443,4.111659049987793
116,116,5287,2006-08-09T07:00:00.000000,3278.893310546875,51.19781494140625,1.053704857826233,0.9177984595298767,4.088969707489014
117,117,5287,2006-08-09T07:00:00.000000,2342.905517578125,44.20178985595703,0.9205331206321716,0.8761574625968933,3.4528603553771973
118,118,5287,2006-08-09T07:00:00.000000,2534.476318359375,48.204612731933594,0.7662341594696045,0.8381568193435669,3.8593270778656006
119,119,5287,2006-08-09T07:00:00.000000,1466.4544677734375,33.910316467285156,0.9785496592521667,0.8759695887565613,3.781020164489746
120,120,5287,2006-08-09T07:00:00.000000,2242.502685546875,43.55007553100586,0.6745656728744507,0.7553261518478394,3.519495725631714
121,121,5287,2006-08-09T07:00:00.000000,13904.279296875,109.67008972167969,0.8439769148826599,0.8544354438781738,3.515674114227295
122,122,5287,2006-08-09T07:00:00.000000,2777.637451171875,46.66399383544922,0.8928569555282593,0.8366330862045288,3.6956756114959717
123,123,5287,2006-08-09T07:00:00.000000,1945.0745849609375,41.65069580078125,0.567927896976471,0.7117061614990234,3.3743255138397217
124,124,5287,2006-08-09T07:00:00.000000,7277.4794921875,76.4168930053711,1.0092285871505737,0.8998987078666687,3.9718704223632812
125,125,5287,2006-08-09T07:00:00.000000,1516.546875,36.31855392456055,0.40228271484375,0.5915157794952393,2.295944929122925
126,126,5287,2006-08-09T07:00:00.000000,553.1104736328125,21.86212730407715,0.6636327505111694,0.7572693824768066,3.3381872177124023
127,127,5287,2006-08-09T07:00:00.000000,856.5157470703125,27.03115463256836,0.37023577094078064,0.5619996786117554,2.232598304748535
128,128,5287,2006-08-09T07:00:00.000000,2523.200927734375,47.71299743652344,0.806816041469574,0.8531944155693054,3.8026490211486816
129,129,5287,2006-08-09T07:00:00.000000,148.56349182128906,11.180208206176758,0.9239715933799744,0.8817046880722046,3.166982650756836
130,130,5287,2006-08-09T07:00:00.000000,1207.5533447265625,31.851089477539062,0.7663987874984741,0.8024141192436218,3.3989150524139404
131,131,5287,2006-08-09T07:00:00.000000,2673.46826171875,45.34226608276367,0.8523823022842407,0.809623122215271,3.594236373901367
132,132,5287,2006-08-09T07:00:00.000000,2596.1220703125,46.53254318237305,0.8280308246612549,0.8310315012931824,3.7588863372802734
133,133,5287,2006-08-09T07:00:00.000000,1450.5096435546875,36.61145782470703,0.5952075719833374,0.7416362166404724,2.8658339977264404
134,134,5287,2006-08-09T07:00:00.000000,2490.06689453125,48.32589340209961,0.723169207572937,0.8235583305358887,3.8572940826416016
135,135,5287,2006-08-09T07:00:00.000000,1909.61328125,40.139583587646484,0.9131811857223511,0.8777656555175781,3.6389503479003906
136,136,5287,2006-08-09T07:00:00.000000,3058.287841796875,49.215877532958984,0.6033599376678467,0.6912804841995239,2.7308082580566406
0,0,5799,2006-08-30T15:00:00.000000,12603.4326171875,100.3648910522461,1.4580163955688477,1.0794899463653564,3.7217159271240234
1,1,5799,2006-08-30T15:00:00.000000,2869.46484375,48.28683090209961,1.1511250734329224,0.9671403169631958,3.840409755706787
2,2,5799,2006-08-30T15:00:00.000000,2272.901123046875,42.25788879394531,1.0508606433868408,0.9086362719535828,4.032264709472656
3,3,5799,2006-08-30T15:00:00.000000,3177.8564453125,48.87908935546875,1.4527113437652588,1.0450706481933594,4.044999599456787
4,4,5799,2006-08-30T15:00:00.000000,5213.50830078125,64.75030517578125,0.7643288969993591,0.7840015292167664,2.9750592708587646
5,5,5799,2006-08-30T15:00:00.000000,9592.3544921875,89.01509857177734,0.589250385761261,0.6976715922355652,2.7371864318847656
6,6,5799,2006-08-30T15:00:00.000000,2623.033447265625,44.52262496948242,1.544842004776001,1.0804903507232666,4.353206634521484
7,7,5799,2006-08-30T15:00:00.000000,1962.5791015625,41.50082015991211,0.8323788642883301,0.854680061340332,3.813070297241211
8,8,5799,2006-08-30T15:00:00.000000,2972.5283203125,47.03467559814453,1.2786846160888672,0.9755215048789978,3.814208507537842
9,9,5799,2006-08-30T15:00:00.000000,1652.2890625,39.181175231933594,0.6785879135131836,0.794031023979187,3.3149709701538086
10,10,5799,2006-08-30T15:00:00.000000,2379.768310546875,44.77983856201172,0.9722341299057007,0.9051083326339722,3.6537110805511475
11,11,5799,2006-08-30T15:00:00.000000,878.8717651367188,25.520164489746094,1.4302289485931396,1.0294932126998901,4.233293056488037
12,12,5799,2006-08-30T15:00:00.000000,2857.326171875,47.948814392089844,1.1028791666030884,0.942023754119873,3.8052804470062256
13,13,5799,2006-08-30T15:00:00.000000,1956.8812255859375,40.596282958984375,0.7670828104019165,0.8037576675415039,3.4460458755493164
14,14,5799,2006-08-30T15:00:00.000000,2255.515625,44.029541015625,0.9264020919799805,0.8923207521438599,3.2830722332000732
15,15,5799,2006-08-30T15:00:00.000000,669.1995849609375,24.035415649414062,0.9130966663360596,0.887834906578064,3.207667112350464
16,16,5799,2006-08-30T15:00:00.000000,3062.1337890625,49.296504974365234,1.2311937808990479,0.9884785413742065,4.174492359161377
17,17,5799,2006-08-30T15:00:00.000000,2523.021484375,45.30784225463867,0.9224316477775574,0.8663232326507568,3.731983184814453
18,18,5799,2006-08-30T15:00:00.000000,2378.07958984375,44.977752685546875,0.9341592192649841,0.8914459943771362,3.6632370948791504
19,19,5799,2006-08-30T15:00:00.000000,2374.9912109375,44.653648376464844,0.9921228289604187,0.9126591682434082,3.7202086448669434
20,20,5799,2006-08-30T15:00:00.000000,2713.899169921875,47.282440185546875,1.1231369972229004,0.9618767499923706,3.7559661865234375
21,21,5799,2006-08-30T15:00:00.000000,3120.177490234375,51.049556732177734,1.11209237575531,0.963768482208252,4.188706874847412
22,22,5799,2006-08-30T15:00:00.000000,2551.959716796875,47.964683532714844,0.8151471614837646,0.8572405576705933,3.2605130672454834
23,23,5799,2006-08-30T15:00:00.000000,11923.3115234375,97.84873962402344,1.1004387140274048,0.9400255680084229,3.599320888519287
24,24,5799,2006-08-30T15:00:00.000000,2858.30810546875,47.772178649902344,1.065486192703247,0.9223470687866211,3.7382349967956543
25,25,5799,2006-08-30T15:00:00.000000,1597.168701171875,35.307640075683594,0.8723726272583008,0.8251716494560242,3.676158905029297
26,26,5799,2006-08-30T15:00:00.000000,2323.341552734375,44.21413803100586,0.993334174156189,0.9142233729362488,3.5651397705078125
27,27,5799,2006-08-30T15:00:00.000000,2509.84716796875,44.18745040893555,1.127465009689331,0.9365410804748535,3.675043821334839
28,28,5799,2006-08-30T15:00:00.000000,10767.16015625,87.62391662597656,1.095180630683899,0.8837203979492188,3.606010913848877
29,29,5799,2006-08-30T15:00:00.000000,1597.6097412109375,37.393531799316406,0.6394305229187012,0.7480967044830322,3.2070250511169434
30,30,5799,2006-08-30T15:00:00.000000,1190.529541015625,32.423316955566406,0.7101043462753296,0.7918599843978882,2.695218563079834
31,31,5799,2006-08-30T15:00:00.000000,7973.07958984375,80.75602722167969,1.030963659286499,0.9182978868484497,3.4632537364959717
32,32,5799,2006-08-30T15:00:00.000000,2690.01806640625,47.25059509277344,1.0565497875213623,0.9364285469055176,3.863234281539917
33,33,5799,2006-08-30T15:00:00.000000,2472.877685546875,43.60572814941406,1.2189409732818604,0.9681297540664673,4.45759916305542
34,34,5799,2006-08-30T15:00:00.000000,1937.7744140625,41.79166793823242,0.8844404220581055,0.8928374648094177,3.741901397705078
35,35,5799,2006-08-30T15:00:00.000000,1499.368408203125,34.08058166503906,1.1097664833068848,0.9271897077560425,3.3011176586151123
36,36,5799,2006-08-30T15:00:00.000000,3040.19970703125,50.0160026550293,1.1542203426361084,0.9745458364486694,4.175605297088623
37,37,5799,2006-08-30T15:00:00.000000,794.7470703125,26.204017639160156,0.6028419733047485,0.7216975092887878,2.818634510040283
38,38,5799,2006-08-30T15:00:00.000000,1873.911376953125,39.743228912353516,0.7835348844528198,0.8126766681671143,3.20308780670166
39,39,5799,2006-08-30T15:00:00.000000,2231.68994140625,41.90089416503906,1.0485057830810547,0.9082214832305908,3.4573230743408203
40,40,5799,2006-08-30T15:00:00.000000,8858.1943359375,80.96133422851562,0.675357460975647,0.706922709941864,2.6291513442993164
41,41,5799,2006-08-30T15:00:00.000000,3229.701904296875,49.199703216552734,1.422888994216919,1.0326824188232422,4.450773239135742
42,42,5799,2006-08-30T15:00:00.000000,1881.13916015625,40.660343170166016,0.7723909616470337,0.823908805847168,3.3438937664031982
43,43,5799,2006-08-30T15:00:00.000000,2039.2362060546875,41.17455291748047,0.8788771033287048,0.8547896146774292,3.382850170135498
44,44,5799,2006-08-30T15:00:00.000000,6553.9560546875,72.8484115600586,1.4480546712875366,1.0828313827514648,4.176198959350586
45,45,5799,2006-08-30T15:00:00.000000,1335.932373046875,34.2850456237793,0.7643430233001709,0.8200807571411133,3.2096879482269287
46,46,5799,2006-08-30T15:00:00.000000,1159.781982421875,30.95357322692871,0.9986900091171265,0.908318042755127,3.6031408309936523
47,47,5799,2006-08-30T15:00:00.000000,1153.87939453125,31.003173828125,0.5389097929000854,0.6700142621994019,2.8284785747528076
48,48,5799,2006-08-30T15:00:00.000000,2263.066650390625,43.40275192260742,0.9086078405380249,0.8696746826171875,3.870795726776123
49,49,5799,2006-08-30T15:00:00.000000,1506.257080078125,35.91240310668945,0.6806555986404419,0.763411283493042,2.8381190299987793
50,50,5799,2006-08-30T15:00:00.000000,3164.462890625,50.01034164428711,1.2227458953857422,0.9830552935600281,3.896303653717041
51,51,5799,2006-08-30T15:00:00.000000,1982.474853515625,40.91688919067383,0.8265446424484253,0.835472047328949,3.3539254665374756
52,52,5799,2006-08-30T15:00:00.000000,2805.39990234375,46.57269287109375,1.1174190044403076,0.9294842481613159,3.9435367584228516
53,53,5799,2006-08-30T15:00:00.000000,2834.221435546875,47.01823043823242,1.154446005821228,0.9489344358444214,3.970792770385742
54,54,5799,2006-08-30T15:00:00.000000,2368.388671875,42.29464340209961,1.363330364227295,1.0147509574890137,3.8629469871520996
55,55,5799,2006-08-30T15:00:00.000000,2722.284423828125,47.29560852050781,1.1545524597167969,0.9740042686462402,3.9425792694091797
56,56,5799,2006-08-30T15:00:00.000000,2914.814453125,48.717933654785156,1.110131859779358,0.9507594108581543,3.9846675395965576
57,57,5799,2006-08-30T15:00:00.000000,2397.7001953125,44.61116027832031,1.0215964317321777,0.9208433628082275,3.9409985542297363
58,58,5799,2006-08-30T15:00:00.000000,959.8136596679688,28.906475067138672,0.5216578245162964,0.6738983988761902,2.559587001800537
59,59,5799,2006-08-30T15:00:00.000000,2831.6337890625,47.95171356201172,1.1160796880722046,0.9519917964935303,4.147792816162109
60,60,5799,2006-08-30T15:00:00.000000,1095.3927001953125,30.678646087646484,0.895075261592865,0.8769625425338745,3.355492353439331
61,61,5799,2006-08-30T15:00:00.000000,2031.994140625,40.84025573730469,0.8592857718467712,0.839838981628418,3.2807364463806152
62,62,5799,2006-08-30T15:00:00.000000,1720.957763671875,38.85483932495117,0.7173589468002319,0.7932831645011902,3.1760149002075195
63,63,5799,2006-08-30T15:00:00.000000,1897.89892578125,39.26145935058594,0.9016399383544922,0.8557491302490234,3.549130439758301
64,64,5799,2006-08-30T15:00:00.000000,2462.7822265625,43.584373474121094,1.1666697263717651,0.94861900806427,4.186346054077148
65,65,5799,2006-08-30T15:00:00.000000,1657.3994140625,37.73601531982422,0.6529878377914429,0.7490226626396179,3.1639294624328613
66,66,5799,2006-08-30T15:00:00.000000,2700.9853515625,45.56354522705078,1.2539806365966797,0.9817519187927246,3.908924102783203
67,67,5799,2006-08-30T15:00:00.000000,2304.7880859375,42.71404266357422,0.9407943487167358,0.8629834055900574,3.624431610107422
68,68,5799,2006-08-30T15:00:00.000000,5724.2841796875,67.85655212402344,0.685573935508728,0.7426056861877441,2.7650258541107178
69,69,5799,2006-08-30T15:00:00.000000,7676.4150390625,77.00975036621094,1.0075411796569824,0.8822625875473022,3.31241774559021
70,70,5799,2006-08-30T15:00:00.000000,5423.1484375,61.90282440185547,1.332198143005371,0.9702176451683044,3.940826177597046
71,71,5799,2006-08-30T15:00:00.000000,1119.333984375,29.918380737304688,0.9266828894615173,0.8608427047729492,3.490790843963623
72,72,5799,2006-08-30T15:00:00.000000,2268.810546875,43.09739685058594,1.0825103521347046,0.9413864612579346,3.6960227489471436
73,73,5799,2006-08-30T15:00:00.000000,22039.3984375,140.36721801757812,1.107987403869629,0.9952523112297058,3.9007110595703125
74,74,5799,2006-08-30T15:00:00.000000,2660.22802734375,45.027305603027344,1.1398683786392212,0.9320601224899292,3.536619186401367
75,75,5799,2006-08-30T15:00:00.000000,2578.4443359375,44.73698043823242,1.0582340955734253,0.9063138961791992,3.513319969177246
76,76,5799,2006-08-30T15:00:00.000000,1397.3582763671875,35.3828125,0.5309680700302124,0.6897197961807251,2.72627592086792
77,77,5799,2006-08-30T15:00:00.000000,2097.74169921875,42.25848388671875,0.8867830038070679,0.8688535094261169,3.679344654083252
78,78,5799,2006-08-30T15:00:00.000000,2010.8743896484375,41.594200134277344,0.7279500365257263,0.7913908958435059,3.277064800262451
79,79,5799,2006-08-30T15:00:00.000000,2095.9677734375,40.66838073730469,0.8602865934371948,0.8239220380783081,3.7567384243011475
80,80,5799,2006-08-30T15:00:00.000000,1986.6375732421875,41.31378936767578,0.4598568379878998,0.628560483455658,2.4504637718200684
81,81,5799,2006-08-30T15:00:00.000000,2266.013671875,43.913246154785156,0.9382984042167664,0.8935827612876892,3.4899048805236816
82,82,5799,2006-08-30T15:00:00.000000,2238.9423828125,41.14553451538086,1.329266905784607,1.0025529861450195,3.8729028701782227
83,83,5799,2006-08-30T15:00:00.000000,1232.6644287109375,32.9453125,0.9133118391036987,0.8967694044113159,3.5988144874572754
84,84,5799,2006-08-30T15:00:00.000000,1403.23046875,34.78422546386719,0.5870638489723206,0.7114764451980591,2.908991813659668
85,85,5799,2006-08-30T15:00:00.000000,1717.386962890625,37.34394836425781,0.8233300447463989,0.8176607489585876,3.258838415145874
86,86,5799,2006-08-30T15:00:00.000000,2902.3408203125,48.72618865966797,1.1553616523742676,0.9721812605857849,3.633604049682617
87,87,5799,2006-08-30T15:00:00.000000,2034.730712890625,40.400596618652344,0.9793283343315125,0.8863362073898315,3.731795310974121
88,88,5799,2006-08-30T15:00:00.000000,1403.90478515625,33.9632453918457,0.7987326383590698,0.8101045489311218,3.19793701171875
89,89,5799,2006-08-30T15:00:00.000000,1683.2249755859375,38.47760772705078,0.8209950923919678,0.8497813940048218,3.4111533164978027
90,90,5799,2006-08-30T15:00:00.000000,800.37646484375,26.3736629486084,0.7346166968345642,0.7990126609802246,3.057337522506714
91,91,5799,2006-08-30T15:00:00.000000,1190.8052978515625,30.976787567138672,0.6016201376914978,0.6962692141532898,2.834510326385498
92,92,5799,2006-08-30T15:00:00.000000,2582.759765625,45.04836654663086,1.0625226497650146,0.9137052297592163,3.46677565574646
93,93,5799,2006-08-30T15:00:00.000000,1138.0428466796875,30.71413803100586,0.5542367696762085,0.6778079867362976,2.736189603805542
94,94,5799,2006-08-30T15:00:00.000000,1473.9466552734375,35.47182846069336,0.6601969003677368,0.7507224082946777,3.0652740001678467
95,95,5799,2006-08-30T15:00:00.000000,2090.0498046875,40.56245040893555,1.0143578052520752,0.8935965299606323,3.6508278846740723
96,96,5799,2006-08-30T15:00:00.000000,1381.136962890625,34.87549591064453,0.9015655517578125,0.8910471200942993,3.1528220176696777
97,97,5799,2006-08-30T15:00:00.000000,1812.692138671875,38.406402587890625,0.8988633155822754,0.8552407622337341,3.2973647117614746
98,98,5799,2006-08-30T15:00:00.000000,1518.309326171875,35.214439392089844,0.8622960448265076,0.8392063975334167,3.5314879417419434
99,99,5799,2006-08-30T15:00:00.000000,2525.8173828125,44.61495590209961,0.9861317873001099,0.8815500736236572,3.508357048034668
100,100,5799,2006-08-30T15:00:00.000000,1085.0828857421875,30.74248504638672,0.7835094928741455,0.8260943293571472,3.3978590965270996
101,101,5799,2006-08-30T15:00:00.000000,730.51513671875,25.697097778320312,0.6224642992019653,0.7501130104064941,2.8820788860321045
102,102,5799,2006-08-30T15:00:00.000000,1847.2122802734375,40.74747085571289,0.7104479670524597,0.799113392829895,3.40726900100708
103,103,5799,2006-08-30T15:00:00.000000,1498.975341796875,36.11503219604492,0.6177612543106079,0.7331639528274536,2.876936435699463
104,104,5799,2006-08-30T15:00:00.000000,3465.1259765625,53.21959686279297,0.5786119699478149,0.6877106428146362,2.4284915924072266
105,105,5799,2006-08-30T15:00:00.000000,7948.451171875,77.78585815429688,1.4376639127731323,1.0461359024047852,4.292945384979248
106,106,5799,2006-08-30T15:00:00.000000,1711.9505615234375,37.621131896972656,0.7196251749992371,0.7713285684585571,3.210305690765381
107,107,5799,2006-08-30T15:00:00.000000,3192.703125,50.548213958740234,1.3003909587860107,1.0201488733291626,4.030534267425537
108,108,5799,2006-08-30T15:00:00.000000,1830.402099609375,39.40967559814453,0.8944910764694214,0.8711994886398315,3.607243299484253
109,109,5799,2006-08-30T15:00:00.000000,3288.49169921875,50.39933395385742,1.4178955554962158,1.0465223789215088,4.327569007873535
110,110,5799,2006-08-30T15:00:00.000000,2367.19287109375,44.540771484375,1.106222152709961,0.9628579020500183,4.056890487670898
111,111,5799,2006-08-30T15:00:00.000000,1788.3275146484375,39.53184509277344,0.700356125831604,0.7823173999786377,3.135436534881592
112,112,5799,2006-08-30T15:00:00.000000,961.8646240234375,26.011905670166016,1.6513140201568604,1.077779769897461,4.019420146942139
113,113,5799,2006-08-30T15:00:00.000000,2372.693359375,44.041290283203125,1.216472864151001,0.9972187280654907,4.103607654571533
114,114,5799,2006-08-30T15:00:00.000000,2199.26953125,41.549903869628906,0.9194796085357666,0.8495752215385437,3.5322914123535156
115,115,5799,2006-08-30T15:00:00.000000,90.1882553100586,8.97410774230957,0.48884886503219604,0.6606988906860352,2.7480990886688232
116,116,5799,2006-08-30T15:00:00.000000,1778.802490234375,39.5037956237793,0.7767373323440552,0.8254904747009277,3.2827277183532715
117,117,5799,2006-08-30T15:00:00.000000,2578.525634765625,45.78459930419922,1.0046310424804688,0.9037264585494995,3.8991446495056152
118,118,5799,2006-08-30T15:00:00.000000,2693.96337890625,47.1063232421875,1.0652416944503784,0.9367150068283081,3.588193655014038
119,119,5799,2006-08-30T15:00:00.000000,998.2225952148438,28.96198081970215,0.936421811580658,0.887054443359375,3.533367872238159
120,120,5799,2006-08-30T15:00:00.000000,3198.625,48.86659240722656,1.3780258893966675,1.0142829418182373,3.989792585372925
121,121,5799,2006-08-30T15:00:00.000000,11245.966796875,101.69328308105469,0.8564398288726807,0.8874467611312866,3.440978527069092
122,122,5799,2006-08-30T15:00:00.000000,1830.7578125,39.62440490722656,0.742210328578949,0.7978308200836182,3.2162513732910156
123,123,5799,2006-08-30T15:00:00.000000,2786.943359375,47.615478515625,1.112876296043396,0.9514971971511841,3.5468955039978027
124,124,5799,2006-08-30T15:00:00.000000,4914.3857421875,65.93534851074219,0.8696397542953491,0.8771085739135742,3.2935619354248047
125,125,5799,2006-08-30T15:00:00.000000,5123.54296875,59.909027099609375,1.3261016607284546,0.9638189673423767,3.738298177719116
126,126,5799,2006-08-30T15:00:00.000000,512.8148193359375,21.459152221679688,0.7482747435569763,0.8197149038314819,3.3881797790527344
127,127,5799,2006-08-30T15:00:00.000000,2304.96044921875,42.43467330932617,1.1061320304870605,0.929592490196228,3.9269585609436035
128,128,5799,2006-08-30T15:00:00.000000,2519.72705078125,44.385719299316406,1.0599664449691772,0.9103587865829468,3.564260482788086
129,129,5799,2006-08-30T15:00:00.000000,166.06564331054688,11.827753067016602,0.9422153234481812,0.8909174203872681,3.687547206878662
130,130,5799,2006-08-30T15:00:00.000000,1581.715576171875,35.185516357421875,0.9584690928459167,0.8661414980888367,3.6948885917663574
131,131,5799,2006-08-30T15:00:00.000000,1852.4267578125,40.36882781982422,0.7710461616516113,0.8235989809036255,3.3624749183654785
132,132,5799,2006-08-30T15:00:00.000000,1947.8104248046875,39.96063995361328,0.8153828382492065,0.8175981044769287,3.42349910736084
133,133,5799,2006-08-30T15:00:00.000000,2268.9931640625,43.138099670410156,0.9827567338943481,0.8977746963500977,3.5431265830993652
134,134,5799,2006-08-30T15:00:00.000000,2822.117919921875,48.08549118041992,1.0022289752960205,0.9061705470085144,3.8657283782958984
135,135,5799,2006-08-30T15:00:00.000000,1753.771728515625,38.959922790527344,0.9273306131362915,0.8958779573440552,3.188037872314453
136,136,5799,2006-08-30T15:00:00.000000,2771.076904296875,47.98680877685547,0.6657305955886841,0.7437839508056641,2.9955878257751465
0,0,6311,2006-09-20T23:00:00.000000,14271.1748046875,109.76324462890625,1.3554017543792725,1.0696977376937866,4.746364593505859
1,1,6311,2006-09-20T23:00:00.000000,3724.822998046875,53.265254974365234,1.363531470298767,1.0191162824630737,4.53656530380249
2,2,6311,2006-09-20T23:00:00.000000,3598.37890625,52.48698043823242,1.2306950092315674,0.9706739187240601,4.340129375457764
3,3,6311,2006-09-20T23:00:00.000000,3742.64599609375,54.35149383544922,1.0949510335922241,0.9296500086784363,4.21212100982666
4,4,6311,2006-09-20T23:00:00.000000,10572.4365234375,95.7051010131836,1.2567212581634521,1.0434390306472778,4.450037002563477
5,5,6311,2006-09-20T23:00:00.000000,26740.625,142.79568481445312,1.3270723819732666,1.0059504508972168,4.3920135498046875
6,6,6311,2006-09-20T23:00:00.000000,3014.507568359375,46.396575927734375,1.5817763805389404,1.062796950340271,4.483150005340576
7,7,6311,2006-09-20T23:00:00.000000,2933.506591796875,48.26800537109375,1.0223544836044312,0.9010867476463318,4.243619918823242
8,8,6311,2006-09-20T23:00:00.000000,3789.902099609375,54.65841293334961,1.1166660785675049,0.9382200241088867,3.9604108333587646
9,9,6311,2006-09-20T23:00:00.000000,3319.13916015625,51.656028747558594,1.0753672122955322,0.9297937154769897,4.330818176269531
10,10,6311,2006-09-20T23:00:00.000000,3351.449951171875,51.74151611328125,1.1321877241134644,0.9510032534599304,4.442359924316406
11,11,6311,2006-09-20T23:00:00.000000,1109.700439453125,28.460193634033203,1.451704740524292,1.0293762683868408,4.470327377319336
12,12,6311,2006-09-20T23:00:00.000000,3869.05078125,55.33534240722656,1.1237733364105225,0.9430608749389648,4.209257125854492
13,13,6311,2006-09-20T23:00:00.000000,3772.57958984375,54.14992904663086,1.1851797103881836,0.9597780108451843,4.353894233703613
14,14,6311,2006-09-20T23:00:00.000000,4421.783203125,58.88987731933594,1.1542000770568848,0.9514424204826355,4.294214248657227
15,15,6311,2006-09-20T23:00:00.000000,1138.616943359375,31.276538848876953,1.2397421598434448,1.032037615776062,4.892451763153076
16,16,6311,2006-09-20T23:00:00.000000,3843.530029296875,55.035865783691406,1.1038730144500732,0.9326962232589722,4.1931610107421875
17,17,6311,2006-09-20T23:00:00.000000,3941.2138671875,55.64449691772461,1.1090340614318848,0.9334255456924438,4.196834087371826
18,18,6311,2006-09-20T23:00:00.000000,3429.686279296875,52.37440490722656,1.0641216039657593,0.9225449562072754,4.319698333740234
19,19,6311,2006-09-20T23:00:00.000000,3585.40771484375,53.31004333496094,1.1214642524719238,0.9428280591964722,4.299612045288086
20,20,6311,2006-09-20T23:00:00.000000,3810.1689453125,54.6297607421875,1.1378414630889893,0.9440566897392273,4.237028121948242
21,21,6311,2006-09-20T23:00:00.000000,4026.041748046875,55.90483856201172,1.1808018684387207,0.9574117660522461,4.360833168029785
22,22,6311,2006-09-20T23:00:00.000000,4554.4599609375,62.00682067871094,1.167712688446045,0.992862343788147,4.430385589599609
23,23,6311,2006-09-20T23:00:00.000000,17194.1015625,114.52678680419922,1.3197940587997437,1.0033915042877197,4.130790710449219
24,24,6311,2006-09-20T23:00:00.000000,3854.8671875,55.232444763183594,1.1327617168426514,0.9468011856079102,4.165003776550293
25,25,6311,2006-09-20T23:00:00.000000,2982.642578125,47.09553527832031,1.3414218425750732,0.9987615942955017,4.541491508483887
26,26,6311,2006-09-20T23:00:00.000000,3607.22607421875,52.95952606201172,1.1576972007751465,0.9487568140029907,4.392470836639404
27,27,6311,2006-09-20T23:00:00.000000,3434.38427734375,52.18303680419922,1.199802041053772,0.9753483533859253,4.171046257019043
28,28,6311,2006-09-20T23:00:00.000000,17471.1953125,113.5394287109375,1.4152319431304932,1.0218784809112549,4.255085468292236
29,29,6311,2006-09-20T23:00:00.000000,3467.0146484375,52.55617904663086,1.0675382614135742,0.92222660779953,4.214386463165283
30,30,6311,2006-09-20T23:00:00.000000,2681.96435546875,47.673858642578125,1.2847299575805664,1.0434215068817139,4.8969950675964355
31,31,6311,2006-09-20T23:00:00.000000,12220.3779296875,96.84806823730469,1.1844476461410522,0.9534690380096436,4.2066240310668945
32,32,6311,2006-09-20T23:00:00.000000,3955.80419921875,55.527610778808594,1.1682403087615967,0.9542400240898132,4.268994331359863
33,33,6311,2006-09-20T23:00:00.000000,3157.03857421875,49.9473991394043,1.1465458869934082,0.9518502950668335,4.395665645599365
34,34,6311,2006-09-20T23:00:00.000000,3210.740966796875,49.72105407714844,1.1718485355377197,0.9498903155326843,4.45916748046875
35,35,6311,2006-09-20T23:00:00.000000,2406.890380859375,42.458335876464844,1.3428096771240234,1.002863883972168,4.554854393005371
36,36,6311,2006-09-20T23:00:00.000000,3931.19384765625,55.5051383972168,1.1393381357192993,0.9449247121810913,4.3420257568359375
37,37,6311,2006-09-20T23:00:00.000000,2045.0072021484375,39.920166015625,1.2141042947769165,0.9726864695549011,4.283939361572266
38,38,6311,2006-09-20T23:00:00.000000,3899.318115234375,55.082069396972656,1.1917673349380493,0.962967574596405,4.295048713684082
39,39,6311,2006-09-20T23:00:00.000000,3723.2890625,53.60944747924805,1.1581330299377441,0.9454905390739441,4.337796688079834
40,40,6311,2006-09-20T23:00:00.000000,21196.90625,126.57781982421875,1.299828290939331,0.9912070631980896,4.35971212387085
41,41,6311,2006-09-20T23:00:00.000000,3531.451904296875,51.88132858276367,1.2346463203430176,0.9700758457183838,4.35451602935791
42,42,6311,2006-09-20T23:00:00.000000,3921.0771484375,54.47173309326172,1.3045125007629395,0.9935564994812012,4.490683555603027
43,43,6311,2006-09-20T23:00:00.000000,3537.611328125,52.60282897949219,1.1211309432983398,0.9364447593688965,4.155867099761963
44,44,6311,2006-09-20T23:00:00.000000,7129.11328125,78.65834045410156,1.292947769165039,1.0592963695526123,4.643972873687744
45,45,6311,2006-09-20T23:00:00.000000,2650.32421875,47.311187744140625,1.2206246852874756,1.0153257846832275,4.63726282119751
46,46,6311,2006-09-20T23:00:00.000000,2138.5234375,40.48006057739258,1.286922574043274,0.9930253028869629,4.408327102661133
47,47,6311,2006-09-20T23:00:00.000000,2841.00146484375,46.58891296386719,1.2458183765411377,0.9756054878234863,4.334455966949463
48,48,6311,2006-09-20T23:00:00.000000,3506.458740234375,51.84844207763672,1.3200733661651611,1.0060055255889893,4.42333984375
49,49,6311,2006-09-20T23:00:00.000000,3874.341796875,55.20640182495117,1.1704224348068237,0.9595370292663574,4.205002784729004
50,50,6311,2006-09-20T23:00:00.000000,3752.69873046875,54.28214645385742,1.0971505641937256,0.9281501770019531,4.069638252258301
51,51,6311,2006-09-20T23:00:00.000000,3683.1181640625,53.64799118041992,1.1889817714691162,0.9639028310775757,4.495115280151367
52,52,6311,2006-09-20T23:00:00.000000,3482.70947265625,51.961830139160156,1.2394349575042725,0.9802519083023071,4.187639236450195
53,53,6311,2006-09-20T23:00:00.000000,3903.56201171875,55.26659393310547,1.1536192893981934,0.9500870704650879,4.268973350524902
54,54,6311,2006-09-20T23:00:00.000000,2963.603271484375,46.197471618652344,1.5068234205245972,1.0416920185089111,4.44923734664917
55,55,6311,2006-09-20T23:00:00.000000,3851.95068359375,55.046653747558594,1.1189125776290894,0.9381853938102722,4.251394748687744
56,56,6311,2006-09-20T23:00:00.000000,3970.914794921875,55.78423309326172,1.1462148427963257,0.9477617144584656,4.262820243835449
57,57,6311,2006-09-20T23:00:00.000000,3146.16943359375,49.515926361083984,1.149633765220642,0.9465283155441284,4.458488941192627
58,58,6311,2006-09-20T23:00:00.000000,3149.28857421875,48.40595626831055,1.33565354347229,0.996872067451477,4.411828994750977
59,59,6311,2006-09-20T23:00:00.000000,3928.21728515625,55.30647277832031,1.1508290767669678,0.9466373324394226,4.203231334686279
60,60,6311,2006-09-20T23:00:00.000000,1979.09619140625,39.41041564941406,1.1508944034576416,0.9503757357597351,4.291562080383301
61,61,6311,2006-09-20T23:00:00.000000,3631.46875,52.919715881347656,1.1930378675460815,0.9591874480247498,4.39113187789917
62,62,6311,2006-09-20T23:00:00.000000,3561.063232421875,52.715179443359375,1.1195204257965088,0.9346776008605957,4.317101955413818
63,63,6311,2006-09-20T23:00:00.000000,3211.70654296875,50.236610412597656,1.1667366027832031,0.9575001001358032,4.353891372680664
64,64,6311,2006-09-20T23:00:00.000000,3389.4208984375,50.3553581237793,1.4049012660980225,1.025193452835083,4.455517768859863
65,65,6311,2006-09-20T23:00:00.000000,3856.74462890625,54.96957015991211,1.16109037399292,0.9537727236747742,4.3301496505737305
66,66,6311,2006-09-20T23:00:00.000000,3776.129638671875,54.95178985595703,1.1377453804016113,0.9538518190383911,4.296725749969482
67,67,6311,2006-09-20T23:00:00.000000,3600.76318359375,52.617706298828125,1.263141393661499,0.9855090975761414,4.41676664352417
68,68,6311,2006-09-20T23:00:00.000000,13131.201171875,108.30208587646484,1.1066844463348389,0.99425208568573,4.457864761352539
69,69,6311,2006-09-20T23:00:00.000000,12806.826171875,99.25060272216797,1.2821524143218994,0.9930753707885742,4.2608866691589355
70,70,6311,2006-09-20T23:00:00.000000,6332.6044921875,69.10044860839844,1.3563783168792725,1.0113000869750977,4.455855369567871
71,71,6311,2006-09-20T23:00:00.000000,1757.8128662109375,36.87388610839844,1.2513792514801025,0.9838458299636841,4.346370697021484
72,72,6311,2006-09-20T23:00:00.000000,3293.96435546875,50.01517868041992,1.3758141994476318,1.0221680402755737,4.376950263977051
73,73,6311,2006-09-20T23:00:00.000000,27515.302734375,154.30877685546875,1.188254475593567,1.014047384262085,4.45108699798584
74,74,6311,2006-09-20T23:00:00.000000,3846.23486328125,54.8553581237793,1.1479277610778809,0.9476728439331055,4.317690372467041
75,75,6311,2006-09-20T23:00:00.000000,3966.9267578125,55.380279541015625,1.1463088989257812,0.9414102435112,4.248476028442383
76,76,6311,2006-09-20T23:00:00.000000,4423.7373046875,58.536537170410156,1.2001280784606934,0.9641534686088562,4.172792434692383
77,77,6311,2006-09-20T23:00:00.000000,3566.603271484375,52.566890716552734,1.200034260749817,0.9642323851585388,4.488990783691406
78,78,6311,2006-09-20T23:00:00.000000,3685.857421875,53.47024154663086,1.1837453842163086,0.958234965801239,4.3987836837768555
79,79,6311,2006-09-20T23:00:00.000000,3042.217529296875,48.57269287109375,1.217296838760376,0.9716174602508545,3.98547625541687
80,80,6311,2006-09-20T23:00:00.000000,6662.86083984375,70.4359359741211,1.3047080039978027,0.9856451749801636,4.321857452392578
81,81,6311,2006-09-20T23:00:00.000000,3452.96484375,52.38608932495117,1.0875074863433838,0.9296854734420776,4.180872917175293
82,82,6311,2006-09-20T23:00:00.000000,2936.16552734375,46.10215759277344,1.5310477018356323,1.0527503490447998,4.387179374694824
83,83,6311,2006-09-20T23:00:00.000000,1983.326904296875,39.123809814453125,1.1536719799041748,0.9435939788818359,4.358981132507324
84,84,6311,2006-09-20T23:00:00.000000,3518.196044921875,52.7758903503418,1.1272809505462646,0.944694995880127,4.178831577301025
85,85,6311,2006-09-20T23:00:00.000000,3129.6953125,49.54032897949219,1.1355481147766113,0.9436492919921875,4.239858150482178
86,86,6311,2006-09-20T23:00:00.000000,3849.438232421875,54.6219482421875,1.1691982746124268,0.9519467353820801,4.273737907409668
87,87,6311,2006-09-20T23:00:00.000000,3199.0732421875,50.22678756713867,1.1739790439605713,0.9621737003326416,4.289813995361328
88,88,6311,2006-09-20T23:00:00.000000,2892.65380859375,46.675445556640625,1.2881600856781006,0.9849748611450195,4.381070137023926
89,89,6311,2006-09-20T23:00:00.000000,3148.47412109375,49.28527069091797,1.167053461074829,0.9488824605941772,4.089962005615234
90,90,6311,2006-09-20T23:00:00.000000,1649.3255615234375,36.07269287109375,1.1903257369995117,0.9690770506858826,4.258245468139648
91,91,6311,2006-09-20T23:00:00.000000,3040.484130859375,47.62299346923828,1.295352816581726,0.9829678535461426,4.365963935852051
92,92,6311,2006-09-20T23:00:00.000000,4045.91943359375,55.825374603271484,1.1998639106750488,0.961366593837738,4.417150497436523
93,93,6311,2006-09-20T23:00:00.000000,3156.60400390625,48.01496124267578,1.4086602926254272,1.0143074989318848,4.457444667816162
94,94,6311,2006-09-20T23:00:00.000000,3377.137451171875,51.26264953613281,1.2254571914672852,0.9765079021453857,4.402829647064209
95,95,6311,2006-09-20T23:00:00.000000,3400.177734375,50.887054443359375,1.33974027633667,1.0101056098937988,4.311367988586426
96,96,6311,2006-09-20T23:00:00.000000,2648.927734375,47.16644287109375,1.3335020542144775,1.0582661628723145,4.2428202629089355
97,97,6311,2006-09-20T23:00:00.000000,3067.72607421875,48.992488861083984,1.113027811050415,0.933198869228363,4.096813201904297
98,98,6311,2006-09-20T23:00:00.000000,3000.458984375,47.56182861328125,1.3299049139022827,1.0013248920440674,4.51990270614624
99,99,6311,2006-09-20T23:00:00.000000,3759.349609375,53.689292907714844,1.3405539989471436,1.0138492584228516,4.383763313293457
100,100,6311,2006-09-20T23:00:00.000000,1905.739990234375,38.95647430419922,1.0805023908615112,0.9275999069213867,4.271935939788818
101,101,6311,2006-09-20T23:00:00.000000,1966.8743896484375,39.31808090209961,1.1171404123306274,0.9370393753051758,4.2087812423706055
102,102,6311,2006-09-20T23:00:00.000000,3468.045654296875,51.88519287109375,1.1564868688583374,0.9474829435348511,4.4219584465026855
103,103,6311,2006-09-20T23:00:00.000000,3140.826171875,50.03586959838867,1.0124788284301758,0.898364245891571,4.135195732116699
104,104,6311,2006-09-20T23:00:00.000000,9819.818359375,87.94546508789062,1.1901936531066895,0.9682122468948364,4.418172836303711
105,105,6311,2006-09-20T23:00:00.000000,9752.154296875,84.80245971679688,1.419082522392273,1.02296781539917,4.344307899475098
106,106,6311,2006-09-20T23:00:00.000000,3271.60791015625,50.52336883544922,1.169128179550171,0.9550864696502686,4.359062671661377
107,107,6311,2006-09-20T23:00:00.000000,3947.21533203125,55.451866149902344,1.1643273830413818,0.952375590801239,4.25142765045166
108,108,6311,2006-09-20T23:00:00.000000,3081.64892578125,48.99925994873047,1.1500253677368164,0.946567714214325,4.24753475189209
109,109,6311,2006-09-20T23:00:00.000000,3721.559326171875,54.13899230957031,1.1227152347564697,0.9403347373008728,4.307184219360352
110,110,6311,2006-09-20T23:00:00.000000,3480.1240234375,51.67656707763672,1.2058253288269043,0.961918830871582,4.2389044761657715
111,111,6311,2006-09-20T23:00:00.000000,3775.702880859375,53.35691833496094,1.3049150705337524,0.9919344782829285,4.36494779586792
112,112,6311,2006-09-20T23:00:00.000000,1125.1456298828125,28.438392639160156,1.509115219116211,1.041506290435791,4.6966094970703125
113,113,6311,2006-09-20T23:00:00.000000,3133.7802734375,49.40856170654297,1.16121244430542,0.9510945677757263,4.294384002685547
114,114,6311,2006-09-20T23:00:00.000000,3159.484375,50.10654830932617,1.1696505546569824,0.9640830755233765,4.160183906555176
115,115,6311,2006-09-20T23:00:00.000000,265.21826171875,13.870535850524902,1.4210723638534546,1.0153121948242188,4.388744354248047
116,116,6311,2006-09-20T23:00:00.000000,3711.59765625,53.323509216308594,1.2697982788085938,0.98629230260849,4.160060882568359
117,117,6311,2006-09-20T23:00:00.000000,3679.4921875,52.40208435058594,1.3970205783843994,1.021071195602417,4.42535924911499
118,118,6311,2006-09-20T23:00:00.000000,3904.322265625,54.76212692260742,1.1709043979644775,0.948349118232727,4.3272809982299805
119,119,6311,2006-09-20T23:00:00.000000,1800.0042724609375,37.160865783691406,1.2718043327331543,0.987777590751648,4.359580993652344
120,120,6311,2006-09-20T23:00:00.000000,3901.31005859375,55.43452072143555,1.1657674312591553,0.9582548141479492,4.300243854522705
121,121,6311,2006-09-20T23:00:00.000000,19433.814453125,128.72378540039062,1.1485064029693604,0.9895700216293335,4.707207202911377
122,122,6311,2006-09-20T23:00:00.000000,3767.41552734375,53.516815185546875,1.2598605155944824,0.9786552786827087,4.3129563331604
123,123,6311,2006-09-20T23:00:00.000000,4004.83349609375,55.9300651550293,1.1565793752670288,0.9504752159118652,4.36096715927124
124,124,6311,2006-09-20T23:00:00.000000,9832.326171875,86.45387268066406,1.296585202217102,0.9927887320518494,4.343762397766113
125,125,6311,2006-09-20T23:00:00.000000,6739.7353515625,71.3525390625,1.327233076095581,1.0012938976287842,4.269698143005371
126,126,6311,2006-09-20T23:00:00.000000,1059.027099609375,29.063987731933594,1.0861986875534058,0.9307998418807983,4.159470558166504
127,127,6311,2006-09-20T23:00:00.000000,3267.93310546875,49.52909469604492,1.2986786365509033,0.987358033657074,4.203567028045654
128,128,6311,2006-09-20T23:00:00.000000,3478.0087890625,53.10342025756836,1.0419615507125854,0.9191428422927856,4.069880962371826
129,129,6311,2006-09-20T23:00:00.000000,268.3155822753906,14.08608627319336,1.377355933189392,1.0092308521270752,4.227091312408447
130,130,6311,2006-09-20T23:00:00.000000,2534.328857421875,43.43318176269531,1.3828961849212646,1.0145769119262695,4.3003153800964355
131,131,6311,2006-09-20T23:00:00.000000,3486.401123046875,52.18817138671875,1.0998857021331787,0.9269518852233887,4.205676555633545
132,132,6311,2006-09-20T23:00:00.000000,3534.81201171875,52.424110412597656,1.183325171470642,0.9591795802116394,4.396979331970215
133,133,6311,2006-09-20T23:00:00.000000,3555.930419921875,51.809226989746094,1.3334134817123413,1.0032587051391602,4.42225456237793
134,134,6311,2006-09-20T23:00:00.000000,4000.64892578125,56.040924072265625,1.1489710807800293,0.9497178792953491,4.430427074432373
135,135,6311,2006-09-20T23:00:00.000000,2595.515380859375,46.72404098510742,1.269502878189087,1.033345103263855,4.3927903175354
136,136,6311,2006-09-20T23:00:00.000000,6966.2294921875,74.12828063964844,1.209642767906189,0.976817786693573,4.417278289794922
0,0,6823,2006-10-12T07:00:00.000000,13034.29296875,103.8150863647461,1.228873372077942,1.008022665977478,4.5344767570495605
1,1,6823,2006-10-12T07:00:00.000000,2462.54248046875,42.545692443847656,0.8097032308578491,0.7714834213256836,3.532078742980957
2,2,6823,2006-10-12T07:00:00.000000,1406.3167724609375,35.854461669921875,0.5078284740447998,0.6813341975212097,3.027452230453491
3,3,6823,2006-10-12T07:00:00.000000,3072.8115234375,46.792091369628906,1.1680799722671509,0.912306547164917,4.015766143798828
4,4,6823,2006-10-12T07:00:00.000000,8930.0908203125,85.24279022216797,1.1449649333953857,0.9652189016342163,3.963897705078125
5,5,6823,2006-10-12T07:00:00.000000,28146.240234375,141.63250732421875,1.4877898693084717,1.0297305583953857,4.20222282409668
6,6,6823,2006-10-12T07:00:00.000000,2819.56005859375,45.67609405517578,1.3512214422225952,0.9999113082885742,4.451003551483154
7,7,6823,2006-10-12T07:00:00.000000,3081.81640625,47.363990783691406,1.2967596054077148,0.971571147441864,4.128173351287842
8,8,6823,2006-10-12T07:00:00.000000,3758.75146484375,50.93561553955078,1.4702281951904297,1.00737726688385,4.2771830558776855
9,9,6823,2006-10-12T07:00:00.000000,2879.16845703125,46.743553161621094,1.0630278587341309,0.8981740474700928,3.821403980255127
10,10,6823,2006-10-12T07:00:00.000000,2636.566162109375,44.59166717529297,1.0135996341705322,0.8743143081665039,3.797938346862793
11,11,6823,2006-10-12T07:00:00.000000,1080.6483154296875,28.400693893432617,1.2919056415557861,0.9819790124893188,4.124274730682373
12,12,6823,2006-10-12T07:00:00.000000,3736.47509765625,51.735321044921875,1.3922775983810425,0.998663067817688,4.500011444091797
13,13,6823,2006-10-12T07:00:00.000000,3159.194091796875,48.202083587646484,1.119978427886963,0.9075750112533569,3.950796127319336
14,14,6823,2006-10-12T07:00:00.000000,4627.20751953125,56.49687957763672,1.533311367034912,1.0284428596496582,4.364105701446533
15,15,6823,2006-10-12T07:00:00.000000,958.2252807617188,28.36621856689453,1.1346224546432495,0.9760977625846863,4.126264572143555
16,16,6823,2006-10-12T07:00:00.000000,3724.60986328125,51.09474182128906,1.3466577529907227,0.9715484380722046,4.400403022766113
17,17,6823,2006-10-12T07:00:00.000000,3556.943115234375,49.985496520996094,1.3187305927276611,0.9624618291854858,4.281467437744141
18,18,6823,2006-10-12T07:00:00.000000,2959.936279296875,46.8537712097168,1.080183982849121,0.8950602412223816,3.830695867538452
19,19,6823,2006-10-12T07:00:00.000000,2988.3701171875,47.21805953979492,1.1021780967712402,0.9068111181259155,4.050449371337891
20,20,6823,2006-10-12T07:00:00.000000,3266.47607421875,48.74613571166992,1.2388460636138916,0.9493122100830078,3.9911766052246094
21,21,6823,2006-10-12T07:00:00.000000,3733.316162109375,51.270240783691406,1.4288619756698608,1.0030279159545898,4.4022369384765625
22,22,6823,2006-10-12T07:00:00.000000,3948.875732421875,57.284149169921875,1.266251564025879,1.025788426399231,4.239039897918701
23,23,6823,2006-10-12T07:00:00.000000,11578.8984375,97.00205993652344,0.8472897410392761,0.8297805786132812,3.409705877304077
24,24,6823,2006-10-12T07:00:00.000000,3606.802490234375,49.948143005371094,1.3178062438964844,0.9547373652458191,4.3136677742004395
25,25,6823,2006-10-12T07:00:00.000000,1615.133544921875,35.516273498535156,0.7340339422225952,0.7571487426757812,3.2975940704345703
26,26,6823,2006-10-12T07:00:00.000000,2826.06494140625,44.91889953613281,1.0569841861724854,0.8687049150466919,3.9039580821990967
27,27,6823,2006-10-12T07:00:00.000000,2481.86279296875,44.63303756713867,0.7965255975723267,0.7995901107788086,3.5904223918914795
28,28,6823,2006-10-12T07:00:00.000000,14134.431640625,103.81340026855469,0.9513411521911621,0.8516916036605835,3.9595375061035156
29,29,6823,2006-10-12T07:00:00.000000,3557.962890625,50.062347412109375,1.2999560832977295,0.9569182395935059,4.131965637207031
30,30,6823,2006-10-12T07:00:00.000000,2256.1474609375,42.09434509277344,1.3035986423492432,1.0118403434753418,4.464470863342285
31,31,6823,2006-10-12T07:00:00.000000,11026.3515625,91.8236083984375,0.954696536064148,0.854419469833374,3.8282761573791504
32,32,6823,2006-10-12T07:00:00.000000,3487.486328125,49.17296600341797,1.325891375541687,0.9587913751602173,4.13311767578125
33,33,6823,2006-10-12T07:00:00.000000,2950.2587890625,45.465179443359375,1.3237981796264648,0.9630741477012634,4.2657928466796875
34,34,6823,2006-10-12T07:00:00.000000,2177.93017578125,40.39777374267578,0.9280633330345154,0.8339197039604187,3.5423617362976074
35,35,6823,2006-10-12T07:00:00.000000,2421.33740234375,42.35169219970703,1.3493642807006836,0.999787449836731,4.2880635261535645
36,36,6823,2006-10-12T07:00:00.000000,3477.09130859375,49.10386657714844,1.3023900985717773,0.9503382444381714,4.154913902282715
37,37,6823,2006-10-12T07:00:00.000000,2069.8935546875,38.40699768066406,1.4873621463775635,1.0295435190200806,4.59469747543335
38,38,6823,2006-10-12T07:00:00.000000,3978.65380859375,53.64144515991211,1.4036768674850464,1.0075485706329346,4.47190523147583
39,39,6823,2006-10-12T07:00:00.000000,3408.339599609375,50.044124603271484,1.3336682319641113,0.9899324178695679,4.197784423828125
40,40,6823,2006-10-12T07:00:00.000000,23499.482421875,130.28414916992188,1.5284404754638672,1.0507193803787231,4.374237060546875
41,41,6823,2006-10-12T07:00:00.000000,1790.22119140625,38.266571044921875,0.6644219756126404,0.737204909324646,3.2659664154052734
42,42,6823,2006-10-12T07:00:00.000000,3644.027099609375,51.328575134277344,1.4126924276351929,1.0106300115585327,4.371842384338379
43,43,6823,2006-10-12T07:00:00.000000,2332.769287109375,41.79226303100586,0.8467153310775757,0.7962118983268738,3.478262424468994
44,44,6823,2006-10-12T07:00:00.000000,6268.82177734375,71.16972351074219,1.191842794418335,0.9813224673271179,3.9477663040161133
45,45,6823,2006-10-12T07:00:00.000000,2291.11962890625,42.976043701171875,1.2236565351486206,0.9931899905204773,4.263014793395996
46,46,6823,2006-10-12T07:00:00.000000,1993.8935546875,37.52996063232422,1.4419711828231812,1.0092655420303345,4.267091274261475
47,47,6823,2006-10-12T07:00:00.000000,3161.008544921875,47.4984130859375,1.513707160949707,1.0394107103347778,4.0106353759765625
48,48,6823,2006-10-12T07:00:00.000000,2129.067138671875,41.72767639160156,0.6907383799552917,0.7515992522239685,3.416863441467285
49,49,6823,2006-10-12T07:00:00.000000,3906.51953125,53.00870895385742,1.3509008884429932,0.9857434630393982,4.227936267852783
50,50,6823,2006-10-12T07:00:00.000000,3760.595458984375,52.05883026123047,1.4230711460113525,1.0126967430114746,4.363274574279785
51,51,6823,2006-10-12T07:00:00.000000,2694.212890625,44.12517547607422,0.9738137125968933,0.838896632194519,3.776214122772217
52,52,6823,2006-10-12T07:00:00.000000,2379.67578125,44.176788330078125,0.7640289068222046,0.7915713787078857,3.6518778800964355
53,53,6823,2006-10-12T07:00:00.000000,3448.63818359375,49.41796112060547,1.2730696201324463,0.949482798576355,4.140788555145264
54,54,6823,2006-10-12T07:00:00.000000,2852.13232421875,46.110816955566406,1.361564040184021,1.007481336593628,4.385753154754639
55,55,6823,2006-10-12T07:00:00.000000,3501.64208984375,50.473812103271484,1.321537971496582,0.9805507659912109,4.331959247589111
56,56,6823,2006-10-12T07:00:00.000000,3966.912841796875,52.09087371826172,1.5476016998291016,1.0288805961608887,4.497092247009277
57,57,6823,2006-10-12T07:00:00.000000,2416.23583984375,42.83757781982422,1.0301800966262817,0.8845285177230835,3.982339382171631
58,58,6823,2006-10-12T07:00:00.000000,3088.28662109375,46.81696701049805,1.4734382629394531,1.0226109027862549,4.095672130584717
59,59,6823,2006-10-12T07:00:00.000000,3800.205078125,51.39881134033203,1.4593453407287598,1.0072298049926758,4.195513725280762
60,60,6823,2006-10-12T07:00:00.000000,1922.3798828125,36.6578369140625,1.37532377243042,0.9805046916007996,4.182311058044434
61,61,6823,2006-10-12T07:00:00.000000,3573.65478515625,51.79295349121094,1.460221290588379,1.0469448566436768,4.4596147537231445
62,62,6823,2006-10-12T07:00:00.000000,2834.912109375,45.442657470703125,1.0381600856781006,0.8696131706237793,3.9228367805480957
63,63,6823,2006-10-12T07:00:00.000000,2941.11328125,45.947425842285156,1.334496259689331,0.9787324666976929,4.170907974243164
64,64,6823,2006-10-12T07:00:00.000000,2447.59912109375,44.7928581237793,0.9269860982894897,0.8717164397239685,3.9785165786743164
65,65,6823,2006-10-12T07:00:00.000000,4093.70947265625,54.299110412597656,1.473226547241211,1.0300753116607666,4.379488945007324
66,66,6823,2006-10-12T07:00:00.000000,3132.933349609375,47.65252685546875,1.19658625125885,0.9312846064567566,3.9901580810546875
67,67,6823,2006-10-12T07:00:00.000000,2682.36572265625,45.673118591308594,0.8866652846336365,0.8303889036178589,3.7558646202087402
68,68,6823,2006-10-12T07:00:00.000000,13719.248046875,105.44267272949219,1.3444344997406006,1.043808937072754,4.263610363006592
69,69,6823,2006-10-12T07:00:00.000000,11789.357421875,93.44740295410156,1.2042485475540161,0.944452702999115,3.953415870666504
70,70,6823,2006-10-12T07:00:00.000000,6605.27099609375,69.7388916015625,1.3210816383361816,0.98626708984375,4.192215919494629
71,71,6823,2006-10-12T07:00:00.000000,1715.8582763671875,34.92951583862305,1.4369971752166748,1.0108338594436646,4.291031360626221
72,72,6823,2006-10-12T07:00:00.000000,2438.656982421875,44.449134826660156,0.8753689527511597,0.8421384692192078,3.7857024669647217
73,73,6823,2006-10-12T07:00:00.000000,22050.43359375,137.83984375,1.0414756536483765,0.9473069906234741,3.944523334503174
74,74,6823,2006-10-12T07:00:00.000000,3435.35302734375,50.066078186035156,1.2413461208343506,0.9517092108726501,4.116302490234375
75,75,6823,2006-10-12T07:00:00.000000,3693.032958984375,50.7139892578125,1.4429597854614258,1.0024513006210327,4.421422958374023
76,76,6823,2006-10-12T07:00:00.000000,4527.94921875,57.50959396362305,1.4482593536376953,1.0285199880599976,4.483184814453125
77,77,6823,2006-10-12T07:00:00.000000,2651.29541015625,44.409820556640625,1.0335910320281982,0.8768481016159058,3.8473002910614014
78,78,6823,2006-10-12T07:00:00.000000,3687.40966796875,52.27252197265625,1.4572986364364624,1.0391709804534912,4.406062126159668
79,79,6823,2006-10-12T07:00:00.000000,2344.4765625,42.083187103271484,0.8733908534049988,0.8122504949569702,3.7660861015319824
80,80,6823,2006-10-12T07:00:00.000000,6895.9482421875,70.7134017944336,1.4537734985351562,1.0267224311828613,4.004930019378662
81,81,6823,2006-10-12T07:00:00.000000,2982.00537109375,46.10773849487305,1.0977587699890137,0.8846532702445984,3.775987148284912
82,82,6823,2006-10-12T07:00:00.000000,2656.39013671875,45.32529830932617,1.272075891494751,0.9918619990348816,4.106287002563477
83,83,6823,2006-10-12T07:00:00.000000,1882.2235107421875,36.43206787109375,1.2928202152252197,0.9548107981681824,4.063824653625488
84,84,6823,2006-10-12T07:00:00.000000,2927.991943359375,46.8045654296875,1.051861047744751,0.8871201276779175,4.019625663757324
85,85,6823,2006-10-12T07:00:00.000000,2895.14990234375,44.70526123046875,1.3998241424560547,0.9830143451690674,4.005890846252441
86,86,6823,2006-10-12T07:00:00.000000,3394.84375,49.53680419921875,1.3172873258590698,0.9757944941520691,4.029147624969482
87,87,6823,2006-10-12T07:00:00.000000,2843.03515625,45.33472442626953,1.3887333869934082,1.0019575357437134,4.085641860961914
88,88,6823,2006-10-12T07:00:00.000000,2048.054443359375,38.73680877685547,0.9401593208312988,0.8299536108970642,3.7071902751922607
89,89,6823,2006-10-12T07:00:00.000000,2886.423583984375,44.11932373046875,1.3941302299499512,0.9696175456047058,4.181332588195801
90,90,6823,2006-10-12T07:00:00.000000,1807.6556396484375,35.50674819946289,1.5656508207321167,1.044961929321289,4.452507019042969
91,91,6823,2006-10-12T07:00:00.000000,3185.70556640625,47.660316467285156,1.5508153438568115,1.0515601634979248,4.153025150299072
92,92,6823,2006-10-12T07:00:00.000000,3672.17626953125,50.4849967956543,1.306793212890625,0.952366292476654,4.166437149047852
93,93,6823,2006-10-12T07:00:00.000000,3137.53857421875,46.695735931396484,1.583812952041626,1.049142837524414,4.348997116088867
94,94,6823,2006-10-12T07:00:00.000000,3392.27490234375,49.8077392578125,1.4080160856246948,1.0147408246994019,4.2301177978515625
95,95,6823,2006-10-12T07:00:00.000000,2498.94384765625,44.9810791015625,0.8948347568511963,0.8511831760406494,3.8962836265563965
96,96,6823,2006-10-12T07:00:00.000000,2414.168212890625,43.825496673583984,1.4447238445281982,1.0721005201339722,4.248727798461914
97,97,6823,2006-10-12T07:00:00.000000,2880.88671875,45.3320426940918,1.4131311178207397,1.0039994716644287,4.009454250335693
98,98,6823,2006-10-12T07:00:00.000000,1941.580810546875,37.96066665649414,0.8852089643478394,0.8105484843254089,3.614786148071289
99,99,6823,2006-10-12T07:00:00.000000,2442.293701171875,45.188690185546875,0.7870440483093262,0.8112044334411621,3.5465426445007324
100,100,6823,2006-10-12T07:00:00.000000,1995.26708984375,37.76250457763672,1.3747791051864624,0.9912351369857788,4.375906944274902
101,101,6823,2006-10-12T07:00:00.000000,2016.7646484375,37.53013610839844,1.4168546199798584,0.9947527647018433,4.536594867706299
102,102,6823,2006-10-12T07:00:00.000000,2574.9013671875,44.47507858276367,1.020607352256775,0.885453462600708,3.963042736053467
103,103,6823,2006-10-12T07:00:00.000000,2877.73779296875,45.786582946777344,1.0537948608398438,0.8761746287345886,3.8830761909484863
104,104,6823,2006-10-12T07:00:00.000000,10883.4384765625,88.00320434570312,1.5703781843185425,1.0571036338806152,4.578145980834961
105,105,6823,2006-10-12T07:00:00.000000,8945.62890625,83.29524230957031,1.1712944507598877,0.9531204104423523,4.29184627532959
106,106,6823,2006-10-12T07:00:00.000000,3291.76708984375,49.264732360839844,1.3779277801513672,1.0079402923583984,4.392999649047852
107,107,6823,2006-10-12T07:00:00.000000,3254.699951171875,47.873809814453125,1.1947259902954102,0.9172266721725464,3.966622829437256
108,108,6823,2006-10-12T07:00:00.000000,3142.209716796875,46.094844818115234,1.5499742031097412,1.0237572193145752,4.317594051361084
109,109,6823,2006-10-12T07:00:00.000000,2975.689453125,46.3265380859375,1.1195166110992432,0.8985688090324402,3.7405269145965576
110,110,6823,2006-10-12T07:00:00.000000,2087.691162109375,40.666595458984375,0.7539309859275818,0.77280592918396,3.340623378753662
111,111,6823,2006-10-12T07:00:00.000000,3671.771240234375,51.29365158081055,1.4613447189331055,1.0232980251312256,4.524754524230957
112,112,6823,2006-10-12T07:00:00.000000,1105.338623046875,28.610815048217773,1.3656867742538452,1.005676031112671,4.209882736206055
113,113,6823,2006-10-12T07:00:00.000000,2393.3359375,42.08184814453125,1.0825908184051514,0.895004153251648,3.9094724655151367
114,114,6823,2006-10-12T07:00:00.000000,2756.670654296875,46.02886962890625,0.9226304888725281,0.8420769572257996,3.8114895820617676
115,115,6823,2006-10-12T07:00:00.000000,253.06292724609375,13.651686668395996,1.3078922033309937,0.9814269542694092,3.8772644996643066
116,116,6823,2006-10-12T07:00:00.000000,3541.22412109375,50.2357177734375,1.4335626363754272,1.0107511281967163,4.350766181945801
117,117,6823,2006-10-12T07:00:00.000000,2691.558349609375,45.39176559448242,0.8896634578704834,0.8252547979354858,3.7543580532073975
118,118,6823,2006-10-12T07:00:00.000000,3468.109375,49.4130973815918,1.3125017881393433,0.9612705111503601,4.1342620849609375
119,119,6823,2006-10-12T07:00:00.000000,1846.6019287109375,36.046234130859375,1.5200246572494507,1.034185767173767,4.357852458953857
120,120,6823,2006-10-12T07:00:00.000000,3481.00390625,48.96845245361328,1.2714582681655884,0.9358692169189453,4.129437446594238
121,121,6823,2006-10-12T07:00:00.000000,15301.302734375,108.06007385253906,1.22943115234375,0.9686193466186523,3.8388051986694336
122,122,6823,2006-10-12T07:00:00.000000,3697.097412109375,52.35803985595703,1.423109531402588,1.0272403955459595,4.379012107849121
123,123,6823,2006-10-12T07:00:00.000000,3498.23486328125,48.6445426940918,1.3426063060760498,0.9529803991317749,4.151810169219971
124,124,6823,2006-10-12T07:00:00.000000,10051.5888671875,85.25714111328125,1.5257962942123413,1.0504169464111328,4.3825907707214355
125,125,6823,2006-10-12T07:00:00.000000,5538.2998046875,66.6656494140625,0.9226014018058777,0.860440731048584,3.791496992111206
126,126,6823,2006-10-12T07:00:00.000000,1114.7969970703125,28.13601303100586,1.3492794036865234,0.9788488745689392,4.1796064376831055
127,127,6823,2006-10-12T07:00:00.000000,2249.46875,42.83586120605469,0.8409091830253601,0.8282131552696228,3.7847671508789062
128,128,6823,2006-10-12T07:00:00.000000,3673.23388671875,50.31498336791992,1.3998939990997314,0.9822467565536499,4.295588970184326
129,129,6823,2006-10-12T07:00:00.000000,198.48521423339844,12.420263290405273,0.8459616899490356,0.8108528852462769,3.6192357540130615
130,130,6823,2006-10-12T07:00:00.000000,1651.59423828125,35.53315734863281,0.770754337310791,0.7676091194152832,3.4476163387298584
131,131,6823,2006-10-12T07:00:00.000000,3430.080078125,50.279541015625,1.3190662860870361,0.9859898090362549,4.441514492034912
132,132,6823,2006-10-12T07:00:00.000000,2847.19189453125,45.656646728515625,1.0332462787628174,0.8697563409805298,3.8138551712036133
133,133,6823,2006-10-12T07:00:00.000000,2574.326904296875,45.72321701049805,0.839421272277832,0.8256479501724243,3.6994142532348633
134,134,6823,2006-10-12T07:00:00.000000,3537.15771484375,49.587059020996094,1.2795133590698242,0.9431125521659851,4.128854751586914
135,135,6823,2006-10-12T07:00:00.000000,2030.348388671875,42.191070556640625,0.9744157195091248,0.924288272857666,3.7824292182922363
136,136,6823,2006-10-12T07:00:00.000000,7276.095703125,70.92210388183594,1.5098001956939697,1.021626353263855,4.431055545806885
0,0,7335,2006-11-02T15:00:00.000000,13595.279296875,99.38572692871094,1.7162225246429443,1.1166490316390991,4.842354774475098
1,1,7335,2006-11-02T15:00:00.000000,3801.087890625,50.502159118652344,1.5533475875854492,1.0209168195724487,4.637556552886963
2,2,7335,2006-11-02T15:00:00.000000,3690.9033203125,47.44293212890625,1.893648624420166,1.074620008468628,4.987548351287842
3,3,7335,2006-11-02T15:00:00.000000,3925.055419921875,50.68341064453125,1.655991792678833,1.041050910949707,4.700204849243164
4,4,7335,2006-11-02T15:00:00.000000,10402.00390625,86.21949768066406,1.7422983646392822,1.1158561706542969,4.909274578094482
5,5,7335,2006-11-02T15:00:00.000000,31615.224609375,143.93988037109375,1.713808298110962,1.0597760677337646,4.703365325927734
6,6,7335,2006-11-02T15:00:00.000000,3076.23486328125,44.28385543823242,1.9272301197052002,1.1084153652191162,4.933228492736816
7,7,7335,2006-11-02T15:00:00.000000,3325.78857421875,45.86815643310547,1.6657599210739136,1.0265265703201294,4.9431986808776855
8,8,7335,2006-11-02T15:00:00.000000,3886.22216796875,50.402381896972656,1.5687940120697021,1.012675166130066,4.682984828948975
9,9,7335,2006-11-02T15:00:00.000000,3654.479248046875,47.42046356201172,1.7346380949020386,1.033136010169983,5.177820205688477
10,10,7335,2006-11-02T15:00:00.000000,3410.21484375,46.213768005371094,1.6966476440429688,1.0308046340942383,5.288811683654785
11,11,7335,2006-11-02T15:00:00.000000,1236.0667724609375,28.585567474365234,1.8131310939788818,1.0948143005371094,5.13172721862793
12,12,7335,2006-11-02T15:00:00.000000,3959.47265625,50.57522201538086,1.5975269079208374,1.0158820152282715,4.771921157836914
13,13,7335,2006-11-02T15:00:00.000000,3780.533203125,47.714439392089844,1.7714300155639648,1.0328452587127686,5.4324445724487305
14,14,7335,2006-11-02T15:00:00.000000,4987.05419921875,54.22120666503906,1.6877754926681519,0.997480571269989,4.735971450805664
15,15,7335,2006-11-02T15:00:00.000000,1128.040283203125,28.58913803100586,1.6734447479248047,1.1011450290679932,5.309001922607422
16,16,7335,2006-11-02T15:00:00.000000,4040.086669921875,51.118751525878906,1.696514368057251,1.0475232601165771,4.870952606201172
17,17,7335,2006-11-02T15:00:00.000000,3845.0830078125,49.403350830078125,1.6359424591064453,1.019031286239624,4.60245418548584
18,18,7335,2006-11-02T15:00:00.000000,3630.52978515625,47.89069747924805,1.6569122076034546,1.023094892501831,5.117575168609619
19,19,7335,2006-11-02T15:00:00.000000,3777.38671875,47.94077682495117,1.8085262775421143,1.0489909648895264,4.952436447143555
20,20,7335,2006-11-02T15:00:00.000000,3877.960693359375,50.08161926269531,1.6803239583969116,1.0424931049346924,4.737527370452881
21,21,7335,2006-11-02T15:00:00.000000,3988.34375,50.19390106201172,1.7323516607284546,1.0460985898971558,4.776693344116211
22,22,7335,2006-11-02T15:00:00.000000,4314.4921875,56.34136962890625,1.660352110862732,1.1052554845809937,5.387967586517334
23,23,7335,2006-11-02T15:00:00.000000,19214.1875,114.63311004638672,1.508565902709961,1.0157368183135986,4.794022083282471
24,24,7335,2006-11-02T15:00:00.000000,3606.048583984375,48.937129974365234,1.470301628112793,0.9881569147109985,4.643333435058594
25,25,7335,2006-11-02T15:00:00.000000,2811.41357421875,41.556396484375,1.7934259176254272,1.049584150314331,5.51312255859375
26,26,7335,2006-11-02T15:00:00.000000,3647.055419921875,47.37068176269531,1.7364733219146729,1.0336477756500244,4.919563293457031
27,27,7335,2006-11-02T15:00:00.000000,3781.4580078125,50.372249603271484,1.581691026687622,1.0302022695541382,4.691409111022949
28,28,7335,2006-11-02T15:00:00.000000,16981.056640625,106.42703247070312,1.4178054332733154,0.9724738001823425,4.548687934875488
29,29,7335,2006-11-02T15:00:00.000000,3469.996826171875,46.7551383972168,1.6297811269760132,1.013279914855957,4.8662285804748535
30,30,7335,2006-11-02T15:00:00.000000,2607.401611328125,43.253028869628906,1.815242052078247,1.1412475109100342,5.241078853607178
31,31,7335,2006-11-02T15:00:00.000000,14945.3427734375,101.62567138671875,1.4754722118377686,1.0097548961639404,4.845742702484131
32,32,7335,2006-11-02T15:00:00.000000,3663.17041015625,48.56964111328125,1.4894330501556396,0.9793700575828552,4.838565826416016
33,33,7335,2006-11-02T15:00:00.000000,3091.4453125,44.34695053100586,1.6096142530441284,1.0119147300720215,4.910286903381348
34,34,7335,2006-11-02T15:00:00.000000,2946.797607421875,42.80833435058594,1.6458885669708252,1.0117037296295166,5.133188247680664
35,35,7335,2006-11-02T15:00:00.000000,2601.85791015625,40.61024475097656,1.5789903402328491,1.000422716140747,4.646417617797852
36,36,7335,2006-11-02T15:00:00.000000,3938.75830078125,50.80074691772461,1.6209849119186401,1.0305757522583008,4.7625250816345215
37,37,7335,2006-11-02T15:00:00.000000,1996.8690185546875,35.03807067871094,1.630293369293213,1.001147985458374,4.692159652709961
38,38,7335,2006-11-02T15:00:00.000000,3722.069091796875,48.42584228515625,1.5599511861801147,0.9913806915283203,4.673012733459473
39,39,7335,2006-11-02T15:00:00.000000,3767.168701171875,48.75431823730469,1.7206940650939941,1.0419752597808838,4.9762983322143555
40,40,7335,2006-11-02T15:00:00.000000,24775.09375,129.51690673828125,1.575230360031128,1.032739520072937,4.563050746917725
41,41,7335,2006-11-02T15:00:00.000000,3392.84228515625,46.27485275268555,1.7576773166656494,1.053253173828125,4.801727294921875
42,42,7335,2006-11-02T15:00:00.000000,4046.0322265625,50.8829345703125,1.6831145286560059,1.0378016233444214,4.512838840484619
43,43,7335,2006-11-02T15:00:00.000000,3673.513671875,47.66279602050781,1.7298063039779663,1.034278392791748,5.223748683929443
44,44,7335,2006-11-02T15:00:00.000000,7274.6533203125,72.57931518554688,1.762725591659546,1.129793405532837,5.350613594055176
45,45,7335,2006-11-02T15:00:00.000000,2043.754150390625,38.50493621826172,1.3454656600952148,0.9879578351974487,4.609385967254639
46,46,7335,2006-11-02T15:00:00.000000,2086.680908203125,35.913917541503906,1.7084077596664429,1.0276153087615967,5.007408618927002
47,47,7335,2006-11-02T15:00:00.000000,3168.377685546875,45.760047912597656,1.6143300533294678,1.0329140424728394,4.744328498840332
48,48,7335,2006-11-02T15:00:00.000000,3802.83544921875,50.16190719604492,1.6184494495391846,1.0348320007324219,4.941475868225098
49,49,7335,2006-11-02T15:00:00.000000,4084.09521484375,51.163543701171875,1.7523268461227417,1.059791088104248,5.006481170654297
50,50,7335,2006-11-02T15:00:00.000000,3816.4443359375,49.7860107421875,1.5441713333129883,1.0014417171478271,4.877974987030029
51,51,7335,2006-11-02T15:00:00.000000,3699.6044921875,48.26324462890625,1.6456069946289062,1.017892599105835,5.1631669998168945
52,52,7335,2006-11-02T15:00:00.000000,3563.2021484375,48.650146484375,1.545006275177002,1.0130457878112793,4.72359037399292
53,53,7335,2006-11-02T15:00:00.000000,4001.092529296875,50.15342712402344,1.6861233711242676,1.0295703411102295,4.9396209716796875
54,54,7335,2006-11-02T15:00:00.000000,3077.20703125,44.60810852050781,1.8293864727020264,1.0876476764678955,4.944613456726074
55,55,7335,2006-11-02T15:00:00.000000,3923.68798828125,50.37165451049805,1.6295651197433472,1.0265376567840576,4.984041213989258
56,56,7335,2006-11-02T15:00:00.000000,3679.95849609375,49.29493713378906,1.5364391803741455,1.0072530508041382,4.581365585327148
57,57,7335,2006-11-02T15:00:00.000000,3076.331787109375,44.21406555175781,1.6243213415145874,1.0159673690795898,4.9939117431640625
58,58,7335,2006-11-02T15:00:00.000000,3222.765380859375,45.98980712890625,1.6436645984649658,1.038613200187683,4.653738975524902
59,59,7335,2006-11-02T15:00:00.000000,4037.23486328125,51.23154830932617,1.641521692276001,1.0330439805984497,4.753017425537109
60,60,7335,2006-11-02T15:00:00.000000,1797.6806640625,33.86756134033203,1.4251859188079834,0.9535936713218689,4.613280773162842
61,61,7335,2006-11-02T15:00:00.000000,3995.19189453125,51.062950134277344,1.6867460012435913,1.049208641052246,4.7031474113464355
62,62,7335,2006-11-02T15:00:00.000000,3696.2353515625,47.303428649902344,1.7684779167175293,1.0346956253051758,4.997419357299805
63,63,7335,2006-11-02T15:00:00.000000,2418.759521484375,40.64417266845703,1.2472529411315918,0.9229521751403809,4.525956153869629
64,64,7335,2006-11-02T15:00:00.000000,2988.11181640625,44.61724090576172,1.4265788793563843,0.9748821258544922,4.5204620361328125
65,65,7335,2006-11-02T15:00:00.000000,3931.977294921875,50.47277069091797,1.6216719150543213,1.0250219106674194,5.005464553833008
66,66,7335,2006-11-02T15:00:00.000000,4265.55712890625,52.21807861328125,1.73988938331604,1.054614782333374,5.1989264488220215
67,67,7335,2006-11-02T15:00:00.000000,3727.299560546875,50.53303527832031,1.4200572967529297,0.9863502979278564,4.606450080871582
68,68,7335,2006-11-02T15:00:00.000000,13251.87109375,97.93943786621094,1.6970032453536987,1.1083077192306519,5.7577972412109375
69,69,7335,2006-11-02T15:00:00.000000,15418.15625,100.92105102539062,1.6861332654953003,1.0553864240646362,4.733487129211426
70,70,7335,2006-11-02T15:00:00.000000,7852.47998046875,71.0562515258789,1.9360803365707397,1.1157337427139282,4.880979537963867
71,71,7335,2006-11-02T15:00:00.000000,1810.2513427734375,34.437347412109375,1.5805964469909668,1.0175851583480835,4.589631080627441
72,72,7335,2006-11-02T15:00:00.000000,3399.62451171875,47.000301361083984,1.6697287559509277,1.0416171550750732,4.871706008911133
73,73,7335,2006-11-02T15:00:00.000000,28567.0546875,144.4361572265625,1.6675089597702026,1.1035126447677612,5.493619918823242
74,74,7335,2006-11-02T15:00:00.000000,3680.051513671875,49.5836296081543,1.5356663465499878,1.0128843784332275,4.443740367889404
75,75,7335,2006-11-02T15:00:00.000000,3803.7470703125,50.19828796386719,1.5488688945770264,1.012955665588379,4.8388776779174805
76,76,7335,2006-11-02T15:00:00.000000,4798.23828125,55.292236328125,1.577287197113037,1.0024869441986084,5.036574363708496
77,77,7335,2006-11-02T15:00:00.000000,3454.29541015625,46.59933090209961,1.6430308818817139,1.0163021087646484,5.157970428466797
78,78,7335,2006-11-02T15:00:00.000000,3679.97607421875,48.62668991088867,1.606778860092163,1.0160856246948242,4.405738353729248
79,79,7335,2006-11-02T15:00:00.000000,3262.718505859375,46.79308319091797,1.4592864513397217,0.9896055459976196,4.719722270965576
80,80,7335,2006-11-02T15:00:00.000000,7576.935546875,71.37068176269531,1.5758723020553589,1.0292800664901733,4.68096399307251
81,81,7335,2006-11-02T15:00:00.000000,3595.861328125,46.678871154785156,1.729668140411377,1.0237650871276855,5.060450553894043
82,82,7335,2006-11-02T15:00:00.000000,3085.669921875,44.0506706237793,1.9869303703308105,1.117812991142273,5.114692211151123
83,83,7335,2006-11-02T15:00:00.000000,1875.1917724609375,34.72135543823242,1.49058198928833,0.9789302349090576,4.5873942375183105
84,84,7335,2006-11-02T15:00:00.000000,3714.4794921875,47.768978118896484,1.7573277950286865,1.0390186309814453,5.180141448974609
85,85,7335,2006-11-02T15:00:00.000000,2868.07861328125,42.6044921875,1.438793659210205,0.9542433619499207,4.525473594665527
86,86,7335,2006-11-02T15:00:00.000000,3847.172607421875,49.927757263183594,1.6014240980148315,1.0186485052108765,4.909721851348877
87,87,7335,2006-11-02T15:00:00.000000,2974.375,44.07906723022461,1.5021132230758667,0.9905716180801392,4.956372261047363
88,88,7335,2006-11-02T15:00:00.000000,2839.91552734375,41.60602569580078,1.8072259426116943,1.0495661497116089,4.9046735763549805
89,89,7335,2006-11-02T15:00:00.000000,3075.4921875,44.275447845458984,1.610188364982605,1.0130805969238281,4.878273963928223
90,90,7335,2006-11-02T15:00:00.000000,1886.28271484375,35.182369232177734,1.6865932941436768,1.0520269870758057,4.454139232635498
91,91,7335,2006-11-02T15:00:00.000000,3117.48583984375,45.48072814941406,1.6313432455062866,1.0403940677642822,4.751951217651367
92,92,7335,2006-11-02T15:00:00.000000,3988.1689453125,51.13043212890625,1.6077908277511597,1.0266146659851074,4.778144359588623
93,93,7335,2006-11-02T15:00:00.000000,2881.744873046875,43.42760467529297,1.4791759252548218,0.9838933944702148,4.278960704803467
94,94,7335,2006-11-02T15:00:00.000000,3442.96826171875,46.86577606201172,1.7543509006500244,1.0579071044921875,5.016558647155762
95,95,7335,2006-11-02T15:00:00.000000,3363.28759765625,47.10796356201172,1.599943995475769,1.0274595022201538,4.846020221710205
96,96,7335,2006-11-02T15:00:00.000000,2393.1884765625,42.12812805175781,1.5650686025619507,1.0773341655731201,4.836986064910889
97,97,7335,2006-11-02T15:00:00.000000,2811.20361328125,42.75334930419922,1.3669095039367676,0.942744255065918,4.654222011566162
98,98,7335,2006-11-02T15:00:00.000000,2802.937255859375,41.66465759277344,1.7494391202926636,1.0409038066864014,4.806574821472168
99,99,7335,2006-11-02T15:00:00.000000,3763.787109375,49.94598388671875,1.6573312282562256,1.0480756759643555,4.953222274780273
100,100,7335,2006-11-02T15:00:00.000000,2105.903076171875,36.22003936767578,1.6984666585922241,1.0286277532577515,5.085971832275391
101,101,7335,2006-11-02T15:00:00.000000,1903.5574951171875,34.16123580932617,1.6087274551391602,0.9930974841117859,4.728296279907227
102,102,7335,2006-11-02T15:00:00.000000,3417.727294921875,46.03221893310547,1.6980583667755127,1.0260523557662964,4.961841106414795
103,103,7335,2006-11-02T15:00:00.000000,3541.3876953125,46.911163330078125,1.631868839263916,1.007006049156189,4.925752639770508
104,104,7335,2006-11-02T15:00:00.000000,11934.0693359375,87.21041107177734,1.7775216102600098,1.0643428564071655,5.1451568603515625
105,105,7335,2006-11-02T15:00:00.000000,11218.548828125,85.63824462890625,1.8472083806991577,1.0988980531692505,4.84610652923584
106,106,7335,2006-11-02T15:00:00.000000,3324.4453125,46.1280517578125,1.6940888166427612,1.0412945747375488,5.204110622406006
107,107,7335,2006-11-02T15:00:00.000000,3890.940185546875,50.280879974365234,1.5871069431304932,1.015497088432312,4.760690689086914
108,108,7335,2006-11-02T15:00:00.000000,2750.4091796875,42.54426956176758,1.3955764770507812,0.9583392143249512,4.48541259765625
109,109,7335,2006-11-02T15:00:00.000000,3869.71044921875,50.28571701049805,1.592981219291687,1.0202597379684448,4.72285795211792
110,110,7335,2006-11-02T15:00:00.000000,3632.6259765625,46.96428680419922,1.8835318088531494,1.0694091320037842,5.233226299285889
111,111,7335,2006-11-02T15:00:00.000000,3925.411865234375,50.58140182495117,1.7047538757324219,1.054093360900879,4.785346984863281
112,112,7335,2006-11-02T15:00:00.000000,1245.432861328125,28.512577056884766,1.8295872211456299,1.0928305387496948,4.773055076599121
113,113,7335,2006-11-02T15:00:00.000000,3241.55126953125,44.852230072021484,1.8028939962387085,1.0577735900878906,5.182178974151611
114,114,7335,2006-11-02T15:00:00.000000,3499.103271484375,48.427162170410156,1.522538423538208,1.0101704597473145,4.632717132568359
115,115,7335,2006-11-02T15:00:00.000000,279.5566711425781,13.271230697631836,1.5719854831695557,0.9951774477958679,4.755998611450195
116,116,7335,2006-11-02T15:00:00.000000,3762.3017578125,50.364437103271484,1.609290599822998,1.0416322946548462,4.6065449714660645
117,117,7335,2006-11-02T15:00:00.000000,3682.267578125,49.491966247558594,1.516151785850525,1.0042651891708374,4.570425987243652
118,118,7335,2006-11-02T15:00:00.000000,3974.458984375,50.61004638671875,1.6314643621444702,1.0253839492797852,4.770759582519531
119,119,7335,2006-11-02T15:00:00.000000,1879.18798828125,35.574554443359375,1.610234260559082,1.0413551330566406,4.776835918426514
120,120,7335,2006-11-02T15:00:00.000000,3769.831787109375,49.6015625,1.5728180408477783,1.013149619102478,4.79505729675293
121,121,7335,2006-11-02T15:00:00.000000,14792.6474609375,100.60562133789062,1.4330891370773315,0.990229606628418,5.449519634246826
122,122,7335,2006-11-02T15:00:00.000000,3817.999755859375,50.625816345214844,1.5975669622421265,1.035580039024353,4.70623254776001
123,123,7335,2006-11-02T15:00:00.000000,4004.58544921875,50.439361572265625,1.7637534141540527,1.0585460662841797,4.9810028076171875
124,124,7335,2006-11-02T15:00:00.000000,11180.1904296875,84.98675537109375,1.6751148700714111,1.0402767658233643,4.620349407196045
125,125,7335,2006-11-02T15:00:00.000000,7408.51904296875,69.24237060546875,1.5191243886947632,0.9915231466293335,4.7922563552856445
126,126,7335,2006-11-02T15:00:00.000000,1232.8043212890625,28.182836532592773,1.6996177434921265,1.0464375019073486,4.985206604003906
127,127,7335,2006-11-02T15:00:00.000000,3387.94970703125,47.05439376831055,1.5848448276519775,1.0177123546600342,4.81603479385376
128,128,7335,2006-11-02T15:00:00.000000,3951.65478515625,50.049110412597656,1.6897554397583008,1.0349485874176025,5.041285991668701
129,129,7335,2006-11-02T15:00:00.000000,299.7384948730469,14.26019287109375,1.6114709377288818,1.0455995798110962,4.715746879577637
130,130,7335,2006-11-02T15:00:00.000000,2939.83544921875,44.118526458740234,1.7404193878173828,1.0734615325927734,4.9760541915893555
131,131,7335,2006-11-02T15:00:00.000000,3195.607421875,45.390480041503906,1.5011066198349,0.9837706089019775,4.994208335876465
132,132,7335,2006-11-02T15:00:00.000000,3798.94384765625,47.827606201171875,1.940396785736084,1.0809173583984375,5.540132522583008
133,133,7335,2006-11-02T15:00:00.000000,3909.025390625,50.94144821166992,1.6503746509552002,1.0467145442962646,4.69597053527832
134,134,7335,2006-11-02T15:00:00.000000,3941.647216796875,50.20423889160156,1.628905177116394,1.0205856561660767,4.792014122009277
135,135,7335,2006-11-02T15:00:00.000000,2477.846923828125,42.58958435058594,1.6390368938446045,1.0953692197799683,5.460832118988037
136,136,7335,2006-11-02T15:00:00.000000,7789.3857421875,71.27328491210938,1.6623958349227905,1.04121994972229,4.874335765838623
0,0,7847,2006-11-23T23:00:00.000000,9253.34765625,91.26219940185547,1.004234790802002,0.9507342576980591,4.2423906326293945
1,1,7847,2006-11-23T23:00:00.000000,2577.37841796875,46.19384765625,0.8371631503105164,0.8325304388999939,3.622621536254883
2,2,7847,2006-11-23T23:00:00.000000,2321.49755859375,41.52748107910156,1.0095932483673096,0.8660135269165039,4.000859260559082
3,3,7847,2006-11-23T23:00:00.000000,2646.8056640625,44.829071044921875,1.031082034111023,0.884800374507904,3.8443331718444824
4,4,7847,2006-11-23T23:00:00.000000,6297.21630859375,76.58259582519531,0.8257052302360535,0.8769367933273315,3.8611514568328857
5,5,7847,2006-11-23T23:00:00.000000,21770.0234375,130.37612915039062,0.9547057151794434,0.8633827567100525,3.7201309204101562
6,6,7847,2006-11-23T23:00:00.000000,2095.534912109375,39.878944396972656,1.033879280090332,0.8857907056808472,3.627728223800659
7,7,7847,2006-11-23T23:00:00.000000,2337.771484375,41.08611297607422,1.0793910026550293,0.8828428983688354,3.7629592418670654
8,8,7847,2006-11-23T23:00:00.000000,2723.375,45.2108154296875,1.0449219942092896,0.8855854868888855,3.886049270629883
9,9,7847,2006-11-23T23:00:00.000000,2180.90380859375,39.655059814453125,1.0237939357757568,0.8591849207878113,3.8116698265075684
10,10,7847,2006-11-23T23:00:00.000000,2124.69580078125,39.30039596557617,1.0907005071640015,0.8904331922531128,4.014168739318848
11,11,7847,2006-11-23T23:00:00.000000,907.942626953125,26.678497314453125,1.0261067152023315,0.8968677520751953,3.658489942550659
12,12,7847,2006-11-23T23:00:00.000000,2534.39794921875,44.193260192871094,0.9470739364624023,0.8543002605438232,3.677999258041382
13,13,7847,2006-11-23T23:00:00.000000,2498.197265625,41.5645866394043,1.1857713460922241,0.9055460691452026,3.9954440593719482
14,14,7847,2006-11-23T23:00:00.000000,3366.9736328125,50.759727478027344,0.972669780254364,0.8627442717552185,3.6886444091796875
15,15,7847,2006-11-23T23:00:00.000000,736.391357421875,25.964508056640625,0.9082026481628418,0.9118368625640869,4.26233434677124
16,16,7847,2006-11-23T23:00:00.000000,2523.62548828125,43.69533920288086,0.980118989944458,0.861116886138916,3.6253585815429688
17,17,7847,2006-11-23T23:00:00.000000,2538.1923828125,43.27093505859375,1.0763592720031738,0.8910716772079468,3.5750484466552734
18,18,7847,2006-11-23T23:00:00.000000,2431.40966796875,41.326786041259766,1.166511058807373,0.9052051305770874,4.159328460693359
19,19,7847,2006-11-23T23:00:00.000000,2455.2900390625,41.426292419433594,1.1422913074493408,0.8935381770133972,4.108189105987549
20,20,7847,2006-11-23T23:00:00.000000,2647.814208984375,44.74871063232422,1.049915075302124,0.8910741806030273,3.7899558544158936
21,21,7847,2006-11-23T23:00:00.000000,2587.33349609375,44.33978271484375,0.971086859703064,0.859006404876709,3.6523349285125732
22,22,7847,2006-11-23T23:00:00.000000,2798.46826171875,50.19657897949219,0.9407288432121277,0.9203354716300964,4.1041998863220215
23,23,7847,2006-11-23T23:00:00.000000,15164.62109375,111.12004089355469,0.9158573150634766,0.8635560870170593,3.8847463130950928
24,24,7847,2006-11-23T23:00:00.000000,2542.157958984375,43.62946701049805,1.0148614645004272,0.8717300295829773,3.603422164916992
25,25,7847,2006-11-23T23:00:00.000000,1869.947265625,36.360816955566406,1.1387782096862793,0.8973016738891602,4.192968368530273
26,26,7847,2006-11-23T23:00:00.000000,2352.625244140625,40.591766357421875,1.1612409353256226,0.9018259048461914,3.9150009155273438
27,27,7847,2006-11-23T23:00:00.000000,2783.670654296875,47.5741081237793,0.8921564817428589,0.8516913652420044,3.8213050365448
28,28,7847,2006-11-23T23:00:00.000000,14530.927734375,108.56539154052734,0.9231019020080566,0.8653056025505066,3.8165283203125
29,29,7847,2006-11-23T23:00:00.000000,2388.38134765625,41.357444763183594,1.1177898645401,0.8947092294692993,3.8701629638671875
30,30,7847,2006-11-23T23:00:00.000000,1570.0419921875,37.815773010253906,0.9078387022018433,0.9093303680419922,4.178400039672852
31,31,7847,2006-11-23T23:00:00.000000,11096.005859375,95.45545959472656,0.8537513613700867,0.837303876876831,3.8257319927215576
32,32,7847,2006-11-23T23:00:00.000000,2679.590576171875,45.47529602050781,0.9826393127441406,0.8708400726318359,3.6534247398376465
33,33,7847,2006-11-23T23:00:00.000000,2202.79736328125,40.585914611816406,1.0188634395599365,0.8728629350662231,3.798816204071045
34,34,7847,2006-11-23T23:00:00.000000,1991.77587890625,38.63670349121094,0.9923523664474487,0.8624080419540405,3.6906306743621826
35,35,7847,2006-11-23T23:00:00.000000,2127.87646484375,40.7288703918457,1.0097458362579346,0.8872278928756714,3.8399598598480225
36,36,7847,2006-11-23T23:00:00.000000,2240.8115234375,42.33720397949219,0.8572623133659363,0.8280878067016602,3.566542148590088
37,37,7847,2006-11-23T23:00:00.000000,1390.1478271484375,32.35317611694336,1.0058481693267822,0.8702670931816101,3.741676092147827
38,38,7847,2006-11-23T23:00:00.000000,2453.5341796875,43.031944274902344,0.9706885814666748,0.8559233546257019,3.7107996940612793
39,39,7847,2006-11-23T23:00:00.000000,2421.86328125,42.08760070800781,1.0338696241378784,0.8695854544639587,3.6622703075408936
40,40,7847,2006-11-23T23:00:00.000000,18053.6328125,118.3753662109375,0.9937736392021179,0.8782593607902527,3.7575912475585938
41,41,7847,2006-11-23T23:00:00.000000,2350.81005859375,41.682342529296875,1.0278606414794922,0.8715864419937134,4.04659366607666
42,42,7847,2006-11-23T23:00:00.000000,2703.346923828125,46.135711669921875,0.9315850138664246,0.8564413785934448,3.76094126701355
43,43,7847,2006-11-23T23:00:00.000000,2433.286865234375,41.1763916015625,1.1629549264907837,0.9001876711845398,3.9267115592956543
44,44,7847,2006-11-23T23:00:00.000000,4635.26708984375,64.22254943847656,1.0072834491729736,0.9467296600341797,3.9815731048583984
45,45,7847,2006-11-23T23:00:00.000000,1705.4921875,39.08124923706055,0.9799453616142273,0.9367948770523071,4.2429914474487305
46,46,7847,2006-11-23T23:00:00.000000,1377.2998046875,31.94613265991211,1.008750557899475,0.8645615577697754,3.7567803859710693
47,47,7847,2006-11-23T23:00:00.000000,2138.131591796875,40.20783615112305,0.9676162600517273,0.8553524017333984,3.730393886566162
48,48,7847,2006-11-23T23:00:00.000000,2721.0654296875,46.88800048828125,0.9150068163871765,0.8598136901855469,3.610927104949951
49,49,7847,2006-11-23T23:00:00.000000,2428.18017578125,43.27302169799805,0.9369635581970215,0.8500374555587769,3.7068958282470703
50,50,7847,2006-11-23T23:00:00.000000,2578.916015625,44.57421112060547,0.9739809036254883,0.8662440180778503,3.5922656059265137
51,51,7847,2006-11-23T23:00:00.000000,2289.51953125,40.409423828125,1.0610404014587402,0.8699142932891846,3.7455592155456543
52,52,7847,2006-11-23T23:00:00.000000,2668.6015625,46.39007568359375,0.881224513053894,0.8429979085922241,3.764220714569092
53,53,7847,2006-11-23T23:00:00.000000,2786.251708984375,45.77886962890625,1.0559332370758057,0.8911957740783691,3.873471736907959
54,54,7847,2006-11-23T23:00:00.000000,1996.2962646484375,39.01250076293945,0.9962350130081177,0.8715097308158875,3.5977067947387695
55,55,7847,2006-11-23T23:00:00.000000,2585.34716796875,44.32341766357422,1.0347042083740234,0.886710524559021,3.9299228191375732
56,56,7847,2006-11-23T23:00:00.000000,2611.223388671875,44.43670654296875,0.9641662836074829,0.8538780212402344,3.7729063034057617
57,57,7847,2006-11-23T23:00:00.000000,2037.8382568359375,38.97053527832031,1.053739070892334,0.8861721754074097,3.8623616695404053
58,58,7847,2006-11-23T23:00:00.000000,2140.848876953125,40.18593978881836,0.9730030298233032,0.8567185401916504,3.658245801925659
59,59,7847,2006-11-23T23:00:00.000000,2453.38232421875,43.324005126953125,0.9904810786247253,0.8705006837844849,3.7532336711883545
60,60,7847,2006-11-23T23:00:00.000000,1474.9754638671875,33.154563903808594,1.054305076599121,0.886408805847168,3.8272013664245605
61,61,7847,2006-11-23T23:00:00.000000,2529.62548828125,44.550201416015625,0.9282832145690918,0.8534179925918579,3.66876220703125
62,62,7847,2006-11-23T23:00:00.000000,2254.49853515625,40.160614013671875,1.0491317510604858,0.8663439750671387,3.9659526348114014
63,63,7847,2006-11-23T23:00:00.000000,2170.45166015625,41.0227165222168,0.9428805112838745,0.8550228476524353,3.789155960083008
64,64,7847,2006-11-23T23:00:00.000000,2422.6591796875,44.01597213745117,0.9237174987792969,0.8594759702682495,3.8871850967407227
65,65,7847,2006-11-23T23:00:00.000000,2715.8037109375,44.430259704589844,1.0936529636383057,0.8915987014770508,3.8750014305114746
66,66,7847,2006-11-23T23:00:00.000000,2414.25390625,43.58829879760742,0.9400914907455444,0.8601287603378296,3.792853832244873
67,67,7847,2006-11-23T23:00:00.000000,2619.154052734375,46.54999923706055,0.8516339063644409,0.8393935561180115,3.8189475536346436
68,68,7847,2006-11-23T23:00:00.000000,7753.3056640625,82.98192596435547,0.9597001075744629,0.9232255816459656,3.9922738075256348
69,69,7847,2006-11-23T23:00:00.000000,10929.560546875,94.22579193115234,0.9185296297073364,0.8638037443161011,3.7954862117767334
70,70,7847,2006-11-23T23:00:00.000000,5448.26123046875,65.28096008300781,1.0111083984375,0.8893165588378906,3.727407217025757
71,71,7847,2006-11-23T23:00:00.000000,1321.5341796875,31.606746673583984,1.0439252853393555,0.8883320093154907,3.987855911254883
72,72,7847,2006-11-23T23:00:00.000000,2503.49365234375,44.836708068847656,0.9022871255874634,0.8512023687362671,3.796060562133789
73,73,7847,2006-11-23T23:00:00.000000,18469.48046875,129.95469665527344,0.9029881358146667,0.9086688756942749,4.0422492027282715
74,74,7847,2006-11-23T23:00:00.000000,2644.044677734375,44.609825134277344,1.0550904273986816,0.8911298513412476,3.9924116134643555
75,75,7847,2006-11-23T23:00:00.000000,2679.03173828125,44.5704345703125,1.0371209383010864,0.8769456744194031,3.8045706748962402
76,76,7847,2006-11-23T23:00:00.000000,3554.919921875,52.07589340209961,1.0377717018127441,0.8897597193717957,3.8712105751037598
77,77,7847,2006-11-23T23:00:00.000000,2255.744873046875,40.080162048339844,1.1713569164276123,0.9133328199386597,3.985581874847412
78,78,7847,2006-11-23T23:00:00.000000,2521.5478515625,44.619049072265625,0.9095463156700134,0.8474206924438477,3.754601001739502
79,79,7847,2006-11-23T23:00:00.000000,2162.0517578125,42.66279602050781,0.750316321849823,0.794764518737793,3.572883129119873
80,80,7847,2006-11-23T23:00:00.000000,5316.58935546875,64.81495666503906,0.9176748991012573,0.8515361547470093,3.825716018676758
81,81,7847,2006-11-23T23:00:00.000000,2438.85498046875,40.71924591064453,1.1545758247375488,0.8859677314758301,3.8831164836883545
82,82,7847,2006-11-23T23:00:00.000000,1988.128662109375,39.115997314453125,0.9879216551780701,0.8719536662101746,3.5705771446228027
83,83,7847,2006-11-23T23:00:00.000000,1387.250244140625,32.24444580078125,1.0349270105361938,0.8807088732719421,3.7044730186462402
84,84,7847,2006-11-23T23:00:00.000000,2489.42138671875,41.53690719604492,1.1686286926269531,0.8999600410461426,4.194377899169922
85,85,7847,2006-11-23T23:00:00.000000,2202.987060546875,40.64752197265625,1.0369590520858765,0.8818787336349487,3.76741886138916
86,86,7847,2006-11-23T23:00:00.000000,2532.54638671875,44.19692611694336,0.9086488485336304,0.8371657133102417,3.669344663619995
87,87,7847,2006-11-23T23:00:00.000000,2012.4114990234375,39.96141052246094,0.8769927024841309,0.8342195749282837,3.6370129585266113
88,88,7847,2006-11-23T23:00:00.000000,1815.648193359375,36.024208068847656,1.0961319208145142,0.8851360082626343,3.9121100902557373
89,89,7847,2006-11-23T23:00:00.000000,2143.041015625,40.24077606201172,0.9751741290092468,0.8584048748016357,3.7947988510131836
90,90,7847,2006-11-23T23:00:00.000000,1286.1759033203125,31.584426879882812,0.9652761816978455,0.8652639389038086,3.83384108543396
91,91,7847,2006-11-23T23:00:00.000000,2027.225341796875,39.77629089355469,0.8819820284843445,0.8296656608581543,3.5081279277801514
92,92,7847,2006-11-23T23:00:00.000000,2461.499755859375,43.68373107910156,0.9303163290023804,0.8492492437362671,3.691894054412842
93,93,7847,2006-11-23T23:00:00.000000,2076.33984375,40.06329345703125,0.9145908355712891,0.8408350944519043,3.7023792266845703
94,94,7847,2006-11-23T23:00:00.000000,2350.4560546875,41.06884765625,1.134806513786316,0.9023964405059814,3.8354196548461914
95,95,7847,2006-11-23T23:00:00.000000,2265.75390625,43.40228271484375,0.8202375769615173,0.825802206993103,3.7305991649627686
96,96,7847,2006-11-23T23:00:00.000000,1547.238037109375,37.624855041503906,0.8927728533744812,0.9037882685661316,4.105958938598633
97,97,7847,2006-11-23T23:00:00.000000,2242.151611328125,41.263694763183594,1.0020527839660645,0.8723301887512207,3.7353837490081787
98,98,7847,2006-11-23T23:00:00.000000,1712.2529296875,35.354862213134766,1.0315721035003662,0.8677906394004822,3.855466842651367
99,99,7847,2006-11-23T23:00:00.000000,2711.47705078125,46.85634994506836,0.9070953130722046,0.8570219874382019,3.7210569381713867
100,100,7847,2006-11-23T23:00:00.000000,1384.3359375,32.05982208251953,1.0357911586761475,0.8769533038139343,3.925788640975952
101,101,7847,2006-11-23T23:00:00.000000,1423.3798828125,31.94216537475586,1.1168646812438965,0.8947550654411316,3.765860080718994
102,102,7847,2006-11-23T23:00:00.000000,2294.724365234375,40.4491081237793,1.143068790435791,0.902775764465332,3.9125401973724365
103,103,7847,2006-11-23T23:00:00.000000,2188.798583984375,39.90991973876953,1.0523204803466797,0.8750885725021362,3.991708755493164
104,104,7847,2006-11-23T23:00:00.000000,8039.75537109375,77.51316833496094,1.0597381591796875,0.8899248838424683,3.8572959899902344
105,105,7847,2006-11-23T23:00:00.000000,7279.31005859375,76.9247817993164,0.9285404086112976,0.8688035011291504,3.5674636363983154
106,106,7847,2006-11-23T23:00:00.000000,2252.602294921875,40.20337677001953,1.1131517887115479,0.8937115669250488,3.7850732803344727
107,107,7847,2006-11-23T23:00:00.000000,2522.95947265625,44.043357849121094,1.0137648582458496,0.8828641772270203,3.748656749725342
108,108,7847,2006-11-23T23:00:00.000000,1996.031982421875,39.48522186279297,0.9234654307365417,0.8492999076843262,3.730710744857788
109,109,7847,2006-11-23T23:00:00.000000,2564.134521484375,44.17817306518555,1.0070669651031494,0.8755208849906921,3.868978500366211
110,110,7847,2006-11-23T23:00:00.000000,2230.608154296875,40.82668685913086,0.9646191596984863,0.8490054607391357,3.9686007499694824
111,111,7847,2006-11-23T23:00:00.000000,2752.013671875,45.76755905151367,1.0067129135131836,0.8753571510314941,3.9960174560546875
112,112,7847,2006-11-23T23:00:00.000000,887.87060546875,26.44746971130371,1.0122328996658325,0.8929960131645203,3.725309371948242
113,113,7847,2006-11-23T23:00:00.000000,2109.84228515625,39.87907028198242,1.051716923713684,0.8903677463531494,3.849597930908203
114,114,7847,2006-11-23T23:00:00.000000,2631.277099609375,46.260520935058594,0.9322304725646973,0.8707406520843506,3.9634242057800293
115,115,7847,2006-11-23T23:00:00.000000,222.09469604492188,13.188467979431152,0.977968692779541,0.8751605749130249,3.878960609436035
116,116,7847,2006-11-23T23:00:00.000000,2747.99560546875,45.687400817871094,1.0268124341964722,0.8831490874290466,3.9620895385742188
117,117,7847,2006-11-23T23:00:00.000000,2655.748046875,46.672821044921875,0.8643341064453125,0.8419987559318542,3.8004586696624756
118,118,7847,2006-11-23T23:00:00.000000,2328.9150390625,42.76279830932617,0.932942271232605,0.8558875322341919,3.5316684246063232
119,119,7847,2006-11-23T23:00:00.000000,1320.5927734375,31.679067611694336,0.9805669188499451,0.8632299900054932,3.817857265472412
120,120,7847,2006-11-23T23:00:00.000000,2713.75830078125,45.02490234375,1.0878427028656006,0.9014679193496704,3.863706111907959
121,121,7847,2006-11-23T23:00:00.000000,10638.646484375,96.60625457763672,0.976697564125061,0.9256400465965271,3.9255547523498535
122,122,7847,2006-11-23T23:00:00.000000,2676.59423828125,45.647918701171875,0.9451013803482056,0.8577661514282227,3.811601161956787
123,123,7847,2006-11-23T23:00:00.000000,2603.59765625,44.068450927734375,1.0363433361053467,0.8792101144790649,3.7613368034362793
124,124,7847,2006-11-23T23:00:00.000000,7937.37060546875,78.95082092285156,0.9843518137931824,0.8792117834091187,3.848785400390625
125,125,7847,2006-11-23T23:00:00.000000,6109.109375,70.05754852294922,0.9369024038314819,0.8675870895385742,3.9511022567749023
126,126,7847,2006-11-23T23:00:00.000000,880.3607177734375,25.758407592773438,1.0651323795318604,0.8959638476371765,3.956271171569824
127,127,7847,2006-11-23T23:00:00.000000,2314.4609375,43.638397216796875,0.8641890287399292,0.8432342410087585,3.813107967376709
128,128,7847,2006-11-23T23:00:00.000000,2564.85302734375,44.2579345703125,0.9910179376602173,0.8699628710746765,3.7951602935791016
129,129,7847,2006-11-23T23:00:00.000000,233.40927124023438,13.801685333251953,0.9068114161491394,0.8602637052536011,3.8581881523132324
130,130,7847,2006-11-23T23:00:00.000000,2111.998779296875,41.41944885253906,0.885901689529419,0.8483014106750488,3.8344955444335938
131,131,7847,2006-11-23T23:00:00.000000,2537.9931640625,42.48155212402344,1.1702440977096558,0.9122070074081421,3.757039785385132
132,132,7847,2006-11-23T23:00:00.000000,2384.65185546875,41.05952453613281,1.0706413984298706,0.8700083494186401,3.951899290084839
133,133,7847,2006-11-23T23:00:00.000000,2739.83154296875,47.18571090698242,0.8942782282829285,0.852481484413147,3.8375449180603027
134,134,7847,2006-11-23T23:00:00.000000,2510.477294921875,43.86022186279297,0.9434942007064819,0.8502806425094604,3.671506881713867
135,135,7847,2006-11-23T23:00:00.000000,1646.6455078125,38.97165298461914,0.8644523620605469,0.8929338455200195,4.174373626708984
136,136,7847,2006-11-23T23:00:00.000000,5367.6298828125,63.880279541015625,1.0399105548858643,0.8891469836235046,3.85154390335083
0,0,8359,2006-12-15T07:00:00.000000,4130.1767578125,61.9779052734375,0.6470941305160522,0.7757759094238281,3.571042537689209
1,1,8359,2006-12-15T07:00:00.000000,1379.7236328125,30.459129333496094,0.918327271938324,0.785814642906189,3.757747173309326
2,2,8359,2006-12-15T07:00:00.000000,1845.900634765625,34.94365692138672,1.0973219871520996,0.8519835472106934,4.030242443084717
3,3,8359,2006-12-15T07:00:00.000000,1618.275390625,33.026390075683594,0.9571467638015747,0.8032008409500122,3.674243927001953
4,4,8359,2006-12-15T07:00:00.000000,2865.435302734375,49.74176788330078,0.6043166518211365,0.7223674654960632,3.0103366374969482
5,5,8359,2006-12-15T07:00:00.000000,22830.32421875,124.65575408935547,1.486750841140747,1.0059478282928467,4.474430561065674
6,6,8359,2006-12-15T07:00:00.000000,1197.797119140625,31.51666831970215,0.684445858001709,0.7533872127532959,3.511898994445801
7,7,8359,2006-12-15T07:00:00.000000,1858.6434326171875,36.63035583496094,1.0656273365020752,0.8770933151245117,3.9979543685913086
8,8,8359,2006-12-15T07:00:00.000000,2590.91796875,42.67301559448242,1.2852920293807983,0.950445830821991,4.139522075653076
9,9,8359,2006-12-15T07:00:00.000000,869.7692260742188,25.061010360717773,0.48041844367980957,0.5889879465103149,2.7616806030273438
10,10,8359,2006-12-15T07:00:00.000000,1678.3016357421875,34.62440490722656,1.045676827430725,0.8642632365226746,4.003514289855957
11,11,8359,2006-12-15T07:00:00.000000,457.82666015625,19.475074768066406,0.641228973865509,0.7288450002670288,3.4168591499328613
12,12,8359,2006-12-15T07:00:00.000000,2151.962646484375,39.92440414428711,1.035355806350708,0.8757213354110718,3.9030444622039795
13,13,8359,2006-12-15T07:00:00.000000,1208.19482421875,30.423412322998047,0.6831458806991577,0.7234293818473816,3.1553285121917725
14,14,8359,2006-12-15T07:00:00.000000,3062.717529296875,47.55218505859375,1.0472500324249268,0.8793103098869324,3.648448944091797
15,15,8359,2006-12-15T07:00:00.000000,567.1654052734375,21.20089340209961,1.1236093044281006,0.9436413645744324,3.828655242919922
16,16,8359,2006-12-15T07:00:00.000000,1979.24072265625,38.7648811340332,0.9821103811264038,0.8635138273239136,3.8861453533172607
17,17,8359,2006-12-15T07:00:00.000000,1102.9383544921875,30.510814666748047,0.5513471961021423,0.6821670532226562,3.1754369735717773
18,18,8359,2006-12-15T07:00:00.000000,1299.6536865234375,31.333906173706055,0.7306856513023376,0.7429609298706055,3.528022289276123
19,19,8359,2006-12-15T07:00:00.000000,1286.938232421875,31.67123031616211,0.6877444982528687,0.7321493029594421,3.1878345012664795
20,20,8359,2006-12-15T07:00:00.000000,1545.130615234375,33.40178680419922,0.8496180772781372,0.7832473516464233,3.419942855834961
21,21,8359,2006-12-15T07:00:00.000000,2366.0546875,41.40406799316406,1.1682593822479248,0.9200263023376465,3.9368462562561035
22,22,8359,2006-12-15T07:00:00.000000,2580.83447265625,43.908287048339844,1.3997623920440674,1.0225712060928345,4.049304485321045
23,23,8359,2006-12-15T07:00:00.000000,6159.140625,66.97232055664062,0.6416794061660767,0.683587908744812,3.1415908336639404
24,24,8359,2006-12-15T07:00:00.000000,1060.8387451171875,28.818950653076172,0.5536195635795593,0.6583535075187683,2.938554286956787
25,25,8359,2006-12-15T07:00:00.000000,724.003662109375,22.9549617767334,0.5796237587928772,0.6495001316070557,2.6265697479248047
26,26,8359,2006-12-15T07:00:00.000000,2154.168212890625,39.06190490722656,1.2335498332977295,0.9347424507141113,4.181626796722412
27,27,8359,2006-12-15T07:00:00.000000,1211.611572265625,28.607641220092773,0.8287749290466309,0.7482015490531921,3.4013068675994873
28,28,8359,2006-12-15T07:00:00.000000,5729.56005859375,67.03849792480469,0.6584617495536804,0.7186689376831055,3.119894027709961
29,29,8359,2006-12-15T07:00:00.000000,1480.404296875,33.93561553955078,0.8083750605583191,0.7929978370666504,3.643360137939453
30,30,8359,2006-12-15T07:00:00.000000,1295.502197265625,33.34873580932617,1.047993779182434,0.9485049247741699,4.299407958984375
31,31,8359,2006-12-15T07:00:00.000000,4828.0009765625,59.77470016479492,0.7232856750488281,0.7316252589225769,3.168354034423828
32,32,8359,2006-12-15T07:00:00.000000,2327.530517578125,40.92003631591797,1.1683995723724365,0.9168199896812439,4.031412124633789
33,33,8359,2006-12-15T07:00:00.000000,2213.109375,38.80476379394531,1.3704710006713867,0.9656472206115723,4.16183614730835
34,34,8359,2006-12-15T07:00:00.000000,1484.7275390625,32.45466232299805,0.9452893733978271,0.8189098834991455,3.6412017345428467
35,35,8359,2006-12-15T07:00:00.000000,1321.4066162109375,31.585912704467773,0.8224422931671143,0.7880030870437622,3.4442358016967773
36,36,8359,2006-12-15T07:00:00.000000,1841.960693359375,37.50129318237305,0.9298281669616699,0.8425726890563965,3.778181791305542
37,37,8359,2006-12-15T07:00:00.000000,1532.7421875,32.22500228881836,1.434867262840271,0.9859711527824402,4.198942184448242
38,38,8359,2006-12-15T07:00:00.000000,2269.56689453125,41.03412628173828,1.0760074853897095,0.8934728503227234,4.03372859954834
39,39,8359,2006-12-15T07:00:00.000000,1339.65576171875,31.656646728515625,0.7057920694351196,0.7266189455986023,3.393561840057373
40,40,8359,2006-12-15T07:00:00.000000,18454.94921875,114.1333236694336,1.390136957168579,0.9905692934989929,4.170919418334961
41,41,8359,2006-12-15T07:00:00.000000,1758.26953125,34.05255889892578,1.0060698986053467,0.8145561218261719,3.537102460861206
42,42,8359,2006-12-15T07:00:00.000000,1742.970458984375,36.30903244018555,0.8594662547111511,0.8062765598297119,3.581575393676758
43,43,8359,2006-12-15T07:00:00.000000,948.400390625,27.787750244140625,0.5557901263237,0.6726868152618408,3.0481832027435303
44,44,8359,2006-12-15T07:00:00.000000,3222.73193359375,52.396728515625,0.9166641235351562,0.8836843967437744,4.061950206756592
45,45,8359,2006-12-15T07:00:00.000000,1542.9091796875,34.579689025878906,1.423949122428894,1.0505050420761108,4.779085159301758
46,46,8359,2006-12-15T07:00:00.000000,1304.9259033203125,30.593948364257812,1.2012579441070557,0.928240954875946,3.9769506454467773
47,47,8359,2006-12-15T07:00:00.000000,2094.2978515625,38.30466079711914,1.3077418804168701,0.9571795463562012,4.274703025817871
48,48,8359,2006-12-15T07:00:00.000000,1094.4195556640625,28.50307846069336,0.6917887926101685,0.7166160941123962,3.613462209701538
49,49,8359,2006-12-15T07:00:00.000000,2659.89013671875,43.457542419433594,1.2240054607391357,0.9322340488433838,4.008510589599609
50,50,8359,2006-12-15T07:00:00.000000,2096.4873046875,39.35873031616211,1.0047664642333984,0.8616433143615723,3.8851563930511475
51,51,8359,2006-12-15T07:00:00.000000,928.5150146484375,27.964683532714844,0.5326652526855469,0.6697961688041687,2.885361433029175
52,52,8359,2006-12-15T07:00:00.000000,1426.2392578125,32.04563522338867,0.9181866645812988,0.8130892515182495,3.571676254272461
53,53,8359,2006-12-15T07:00:00.000000,2730.517333984375,43.295833587646484,1.375169038772583,0.9716317057609558,4.336594104766846
54,54,8359,2006-12-15T07:00:00.000000,1132.1116943359375,30.538990020751953,0.6941310167312622,0.7561897039413452,3.5741896629333496
55,55,8359,2006-12-15T07:00:00.000000,1489.845703125,33.48710632324219,0.8138312101364136,0.7826617956161499,3.6519057750701904
56,56,8359,2006-12-15T07:00:00.000000,2272.02197265625,40.99980163574219,1.0712156295776367,0.8902541399002075,3.957554817199707
57,57,8359,2006-12-15T07:00:00.000000,777.6476440429688,24.20595359802246,0.4947463870048523,0.6105511784553528,2.856109142303467
58,58,8359,2006-12-15T07:00:00.000000,2090.91259765625,38.02549362182617,1.4098924398422241,0.9874154925346375,4.2774200439453125
59,59,8359,2006-12-15T07:00:00.000000,1090.712646484375,29.859228134155273,0.5485071539878845,0.6695985794067383,3.1301534175872803
60,60,8359,2006-12-15T07:00:00.000000,1084.6318359375,28.444049835205078,1.0284559726715088,0.8758769035339355,3.759373426437378
61,61,8359,2006-12-15T07:00:00.000000,1729.403564453125,34.91170883178711,0.9287478923797607,0.8090434074401855,3.6657896041870117
62,62,8359,2006-12-15T07:00:00.000000,837.9572143554688,25.719768524169922,0.4471885561943054,0.594157338142395,2.6412506103515625
63,63,8359,2006-12-15T07:00:00.000000,2040.11083984375,37.81587219238281,1.2514657974243164,0.9366056323051453,4.183670997619629
64,64,8359,2006-12-15T07:00:00.000000,1248.009521484375,29.69851303100586,0.8899614214897156,0.7930697202682495,3.800644874572754
65,65,8359,2006-12-15T07:00:00.000000,2039.9051513671875,38.526885986328125,0.9935076236724854,0.8502458333969116,3.7953040599823
66,66,8359,2006-12-15T07:00:00.000000,1699.5653076171875,33.952980041503906,0.9574910402297974,0.8058909773826599,3.5905184745788574
67,67,8359,2006-12-15T07:00:00.000000,1270.3795166015625,29.573911666870117,0.8884283900260925,0.7820836901664734,3.646247625350952
68,68,8359,2006-12-15T07:00:00.000000,6880.033203125,73.71116638183594,1.1960971355438232,0.9718992114067078,4.210121154785156
69,69,8359,2006-12-15T07:00:00.000000,8917.486328125,80.05496215820312,1.1342089176177979,0.9028457403182983,3.9953906536102295
70,70,8359,2006-12-15T07:00:00.000000,4152.423828125,56.852378845214844,0.9131428003311157,0.8430768847465515,3.8635737895965576
71,71,8359,2006-12-15T07:00:00.000000,926.6473388671875,26.21309471130371,0.9937124252319336,0.8584034442901611,3.7314815521240234
72,72,8359,2006-12-15T07:00:00.000000,1017.2633056640625,27.79464340209961,0.7368037700653076,0.74803227186203,3.746785879135132
73,73,8359,2006-12-15T07:00:00.000000,8705.2998046875,85.82076263427734,0.7458409667015076,0.794371485710144,3.3250739574432373
74,74,8359,2006-12-15T07:00:00.000000,1674.298828125,34.07341766357422,0.9153738021850586,0.7967066168785095,3.5072021484375
75,75,8359,2006-12-15T07:00:00.000000,752.0407104492188,25.841171264648438,0.3642314374446869,0.5686960220336914,2.4306373596191406
76,76,8359,2006-12-15T07:00:00.000000,3539.0458984375,50.791866302490234,1.2073894739151,0.9381553530693054,4.19010591506958
77,77,8359,2006-12-15T07:00:00.000000,2079.4150390625,38.181053161621094,1.1640353202819824,0.903359055519104,4.0090765953063965
78,78,8359,2006-12-15T07:00:00.000000,1766.2841796875,35.074501037597656,0.9382140636444092,0.8083738088607788,3.7050132751464844
79,79,8359,2006-12-15T07:00:00.000000,1151.298828125,28.700496673583984,0.7876459956169128,0.7506904602050781,3.5495688915252686
80,80,8359,2006-12-15T07:00:00.000000,5645.43310546875,62.23967742919922,1.42574143409729,0.9890974760055542,4.471606254577637
81,81,8359,2006-12-15T07:00:00.000000,1157.4508056640625,30.351585388183594,0.6572136878967285,0.7232416868209839,3.2477192878723145
82,82,8359,2006-12-15T07:00:00.000000,1240.538330078125,30.50421714782715,0.7949081659317017,0.7721707224845886,3.646270513534546
83,83,8359,2006-12-15T07:00:00.000000,944.4036865234375,26.918949127197266,0.9152173399925232,0.8379949331283569,3.8926820755004883
84,84,8359,2006-12-15T07:00:00.000000,775.5655517578125,24.994991302490234,0.46160539984703064,0.6097884178161621,2.724116086959839
85,85,8359,2006-12-15T07:00:00.000000,1917.7982177734375,37.209327697753906,1.2045152187347412,0.9325165152549744,4.06699275970459
86,86,8359,2006-12-15T07:00:00.000000,2339.799560546875,41.91835021972656,1.058567762374878,0.8916085958480835,3.8871474266052246
87,87,8359,2006-12-15T07:00:00.000000,2130.85498046875,38.75783920288086,1.2969605922698975,0.9561938643455505,4.258962631225586
88,88,8359,2006-12-15T07:00:00.000000,644.0257568359375,21.795337677001953,0.5067390203475952,0.6113700270652771,2.896909236907959
89,89,8359,2006-12-15T07:00:00.000000,2126.713623046875,38.49732208251953,1.3189611434936523,0.9587205648422241,4.322778701782227
90,90,8359,2006-12-15T07:00:00.000000,984.8324584960938,26.73105239868164,1.0127079486846924,0.8571897745132446,3.497129201889038
91,91,8359,2006-12-15T07:00:00.000000,2131.366943359375,38.93918991088867,1.2985305786132812,0.9611338376998901,4.376367568969727
92,92,8359,2006-12-15T07:00:00.000000,1617.2978515625,35.367759704589844,0.8211750388145447,0.7969487905502319,3.729621648788452
93,93,8359,2006-12-15T07:00:00.000000,2059.82373046875,38.35188674926758,1.257745385169983,0.9476938247680664,4.340595245361328
94,94,8359,2006-12-15T07:00:00.000000,1931.989990234375,37.59831237792969,1.0738847255706787,0.8864306807518005,3.9757602214813232
95,95,8359,2006-12-15T07:00:00.000000,1575.13671875,30.889684677124023,1.087209701538086,0.8115420341491699,3.6274356842041016
96,96,8359,2006-12-15T07:00:00.000000,1346.083251953125,32.87559509277344,1.1504180431365967,0.9610931277275085,4.195815563201904
97,97,8359,2006-12-15T07:00:00.000000,1984.5540771484375,37.076194763183594,1.3537356853485107,0.968346118927002,4.073502540588379
98,98,8359,2006-12-15T07:00:00.000000,777.79541015625,23.189285278320312,0.5966006517410278,0.6422387957572937,2.68483829498291
99,99,8359,2006-12-15T07:00:00.000000,1288.1522216796875,30.587499618530273,0.7984949946403503,0.7615466117858887,3.3982720375061035
100,100,8359,2006-12-15T07:00:00.000000,1246.028076171875,30.183134078979492,1.119264841079712,0.9046213626861572,4.032144069671631
101,101,8359,2006-12-15T07:00:00.000000,1211.2459716796875,29.30733871459961,1.1247202157974243,0.8930637836456299,3.912799835205078
102,102,8359,2006-12-15T07:00:00.000000,1681.3084716796875,35.084228515625,0.9656385183334351,0.8408054113388062,3.756533622741699
103,103,8359,2006-12-15T07:00:00.000000,1076.4189453125,29.212697982788086,0.5793200731277466,0.6777044534683228,3.153332471847534
104,104,8359,2006-12-15T07:00:00.000000,8230.2177734375,75.62301635742188,1.3639752864837646,0.9735350608825684,4.195068359375
105,105,8359,2006-12-15T07:00:00.000000,2503.27392578125,46.997718811035156,0.4033331871032715,0.5965606570243835,2.7131564617156982
106,106,8359,2006-12-15T07:00:00.000000,1368.22314453125,32.17975997924805,0.7629505395889282,0.7598931193351746,3.478330135345459
107,107,8359,2006-12-15T07:00:00.000000,2761.19140625,43.00634765625,1.4398322105407715,0.9820651412010193,4.485143184661865
108,108,8359,2006-12-15T07:00:00.000000,2225.3544921875,39.078670501708984,1.4028339385986328,0.9811679124832153,4.128115177154541
109,109,8359,2006-12-15T07:00:00.000000,1372.6297607421875,31.323909759521484,0.7292611598968506,0.7220060229301453,3.061983108520508
110,110,8359,2006-12-15T07:00:00.000000,1704.76904296875,33.71607208251953,1.0106029510498047,0.8209079504013062,3.673997402191162
111,111,8359,2006-12-15T07:00:00.000000,1551.720703125,34.23452377319336,0.7616640329360962,0.7584714889526367,3.257736921310425
112,112,8359,2006-12-15T07:00:00.000000,529.3350219726562,20.81220245361328,0.7364650964736938,0.7762987017631531,3.606555938720703
113,113,8359,2006-12-15T07:00:00.000000,849.54150390625,25.37649154663086,0.5779486894607544,0.6618870496749878,2.943887233734131
114,114,8359,2006-12-15T07:00:00.000000,854.148681640625,25.318153381347656,0.6206578612327576,0.6824823617935181,3.0837514400482178
115,115,8359,2006-12-15T07:00:00.000000,166.8338623046875,11.25694465637207,0.9499911069869995,0.8494507670402527,3.6720569133758545
116,116,8359,2006-12-15T07:00:00.000000,1588.4437255859375,34.505062103271484,0.8459729552268982,0.7962970733642578,3.472965717315674
117,117,8359,2006-12-15T07:00:00.000000,1324.82470703125,30.17420768737793,0.8984894752502441,0.7858020663261414,3.8627052307128906
118,118,8359,2006-12-15T07:00:00.000000,1743.12744140625,37.24127197265625,0.8652481436729431,0.8297175168991089,3.5865702629089355
119,119,8359,2006-12-15T07:00:00.000000,1061.57763671875,27.889881134033203,1.1839377880096436,0.9313977956771851,4.204188823699951
120,120,8359,2006-12-15T07:00:00.000000,2409.3076171875,40.80516052246094,1.2478681802749634,0.9286526441574097,3.992302656173706
121,121,8359,2006-12-15T07:00:00.000000,9838.2724609375,89.31971740722656,1.1218430995941162,0.9537927508354187,4.514373779296875
122,122,8359,2006-12-15T07:00:00.000000,1822.063720703125,37.434226989746094,0.8927838802337646,0.8286293745040894,3.7606496810913086
123,123,8359,2006-12-15T07:00:00.000000,1362.6314697265625,33.56011962890625,0.6841124892234802,0.7519657015800476,3.543365001678467
124,124,8359,2006-12-15T07:00:00.000000,4711.6728515625,59.04563522338867,0.7938480377197266,0.7664237022399902,3.4281716346740723
125,125,8359,2006-12-15T07:00:00.000000,2296.779296875,41.501888275146484,0.6285197138786316,0.6865428686141968,2.9250733852386475
126,126,8359,2006-12-15T07:00:00.000000,840.4369506835938,24.721923828125,1.1538407802581787,0.916015088558197,4.161646842956543
127,127,8359,2006-12-15T07:00:00.000000,1105.281982421875,28.384624481201172,0.8397709727287292,0.7823967337608337,3.576049327850342
128,128,8359,2006-12-15T07:00:00.000000,2395.19287109375,40.892860412597656,1.1849892139434814,0.9095664024353027,4.178996562957764
129,129,8359,2006-12-15T07:00:00.000000,113.85325622558594,8.839385032653809,0.8713070750236511,0.773276686668396,3.6176376342773438
130,130,8359,2006-12-15T07:00:00.000000,1071.49462890625,27.468948364257812,0.8055397272109985,0.7531657218933105,3.53454852104187
131,131,8359,2006-12-15T07:00:00.000000,1308.6796875,30.59585952758789,0.7666889429092407,0.7405519485473633,3.4881949424743652
132,132,8359,2006-12-15T07:00:00.000000,884.0438232421875,27.36220359802246,0.4860725402832031,0.6416005492210388,3.0311694145202637
133,133,8359,2006-12-15T07:00:00.000000,1009.6029663085938,27.504959106445312,0.6951651573181152,0.7217382788658142,3.3241634368896484
134,134,8359,2006-12-15T07:00:00.000000,1491.126220703125,35.477779388427734,0.6684885025024414,0.7511836886405945,3.2826132774353027
135,135,8359,2006-12-15T07:00:00.000000,982.873779296875,28.460493087768555,0.9416667819023132,0.880931556224823,3.812997817993164
136,136,8359,2006-12-15T07:00:00.000000,5993.5859375,64.79911804199219,1.4136614799499512,0.9951725006103516,4.201526165008545
