2026-08-27 14:26:16 | resources data_root=auto weights_root=auto output_root=/fssmall/home/h61084/codes/tsfm/outputs_selena/controls
2026-08-27 14:26:18 | profile mode=full datasets=electricity traffic solar exchange_rate time/cphl_h_part01 time/cphl_h_part02 time/coastal_t_s_h_part01 time/coastal_t_s_h_part02 time/coastal_t_s_h_part03 time/coastal_t_s_h_part04 time/coastal_t_s_h_part05 time/coastal_t_s_h_part06 time/coastal_t_s_h_part07 time/coastal_t_s_h_part08 time/coastal_t_s_h_part09 time/coastal_t_s_h_part10 time/coastal_t_s_h_part11 time/coastal_t_s_h_part12 time/coastal_t_s_h_part13 time/coastal_t_s_h_part14 time/coastal_t_s_h_part15 time/coastal_t_s_h_part16 time/coastal_t_s_h_part17 time/coastal_t_s_h_part18 time/coastal_t_s_h_part19 time/coastal_t_s_h_part20 time/coastal_t_s_h_part21 time/coastal_t_s_h_part22 time/coastal_t_s_h_part23 time/crypto_d time/ecdc_covid_d_part01 time/ecdc_covid_d_part02 time/ecdc_covid_d_part03 time/ecdc_covid_d_part04 time/ecdc_covid_d_part05 time/ecdc_covid_d_part06 time/ecdc_covid_d_part07 time/ne_china_wind_h time/online_retail_2_uci_d time/port_activity_d time/supply_chain_customer_d time/supply_chain_location_d time/current_velocity_h_part01 time/current_velocity_h_part02 time/current_velocity_h_part03 time/current_velocity_h_part04 time/current_velocity_h_part05 time/current_velocity_h_part06 time/current_velocity_h_part07 time/current_velocity_h_part08 time/current_velocity_h_part09 time/current_velocity_h_part10 time/current_velocity_h_part11 time/current_velocity_h_part12 time/current_velocity_h_part13 time/current_velocity_h_part14 time/current_velocity_h_part15 time/current_velocity_h_part16 time/current_velocity_h_part17 time/current_velocity_h_part18 time/current_velocity_h_part19 time/current_velocity_h_part20 time/current_velocity_h_part21 settings=168:24 336:48 504:168 7:1 14:2 30:7 tasks=189 seeds=1
2026-08-27 14:26:18 | configuration dataset=electricity L=168 H=24 model=repeat covariates=none instance_norm=true remove_constant=false seed=1 batch_size=512
[2026-08-27 14:26:21,109][data.dataset][INFO] - dataset config path=/fssmall/home/h61084/codes/datasets/electricity/config.json applied_keys=['date_col', 'drop_users']
[2026-08-27 14:26:21,772][evaluation.evaluator][INFO] - evaluate dataset=electricity users=321 dates=26304 windows=16692 removed_constant=0 L=168 H=24 stride=512
[2026-08-27 14:26:22,586][evaluation.evaluator][INFO] - artifacts ready run=/fssmall/home/h61084/codes/tsfm/outputs_selena/controls/electricity/168_24/repeat/none/instance/keep/run_0 mse=2.68989e+06 nmse=0.827387 inference_seconds=0.018
2026-08-27 14:26:23 | configuration dataset=electricity L=168 H=24 model=repeat covariates=none instance_norm=true remove_constant=true seed=1 batch_size=512
[2026-08-27 14:26:25,705][data.dataset][INFO] - dataset config path=/fssmall/home/h61084/codes/datasets/electricity/config.json applied_keys=['date_col', 'drop_users']
[2026-08-27 14:26:26,376][evaluation.evaluator][INFO] - evaluate dataset=electricity users=321 dates=26304 windows=16619 removed_constant=73 L=168 H=24 stride=512
[2026-08-27 14:26:27,189][evaluation.evaluator][INFO] - artifacts ready run=/fssmall/home/h61084/codes/tsfm/outputs_selena/controls/electricity/168_24/repeat/none/instance/remove/run_0 mse=2.7017e+06 nmse=0.831021 inference_seconds=0.017
2026-08-27 14:26:27 | configuration dataset=electricity L=168 H=24 model=repeat covariates=none instance_norm=false remove_constant=false seed=1 batch_size=512
[2026-08-27 14:26:30,279][data.dataset][INFO] - dataset config path=/fssmall/home/h61084/codes/datasets/electricity/config.json applied_keys=['date_col', 'drop_users']
[2026-08-27 14:26:30,927][evaluation.evaluator][INFO] - evaluate dataset=electricity users=321 dates=26304 windows=16692 removed_constant=0 L=168 H=24 stride=512
[2026-08-27 14:26:31,720][evaluation.evaluator][INFO] - artifacts ready run=/fssmall/home/h61084/codes/tsfm/outputs_selena/controls/electricity/168_24/repeat/none/raw/keep/run_0 mse=2.68989e+06 nmse=0.827387 inference_seconds=0.001
2026-08-27 14:26:32 | configuration dataset=electricity L=168 H=24 model=repeat covariates=none instance_norm=false remove_constant=true seed=1 batch_size=512
[2026-08-27 14:26:34,786][data.dataset][INFO] - dataset config path=/fssmall/home/h61084/codes/datasets/electricity/config.json applied_keys=['date_col', 'drop_users']
[2026-08-27 14:26:35,453][evaluation.evaluator][INFO] - evaluate dataset=electricity users=321 dates=26304 windows=16619 removed_constant=73 L=168 H=24 stride=512
[2026-08-27 14:26:36,250][evaluation.evaluator][INFO] - artifacts ready run=/fssmall/home/h61084/codes/tsfm/outputs_selena/controls/electricity/168_24/repeat/none/raw/remove/run_0 mse=2.7017e+06 nmse=0.831021 inference_seconds=0.001
2026-08-27 14:26:36 | configuration dataset=electricity L=168 H=24 model=chronos2 covariates=none instance_norm=true remove_constant=false seed=1 batch_size=64
[2026-08-27 14:26:39,333][data.dataset][INFO] - dataset config path=/fssmall/home/h61084/codes/datasets/electricity/config.json applied_keys=['date_col', 'drop_users']
[2026-08-27 14:26:39,993][evaluation.evaluator][INFO] - evaluate dataset=electricity users=321 dates=26304 windows=16692 removed_constant=0 L=168 H=24 stride=512
[2026-08-27 14:26:51,277][evaluation.evaluator][INFO] - artifacts ready run=/fssmall/home/h61084/codes/tsfm/outputs_selena/controls/electricity/168_24/chronos2/none/instance/keep/run_0 mse=2.15354e+06 nmse=0.637953 inference_seconds=5.108
2026-08-27 14:26:52 | configuration dataset=electricity L=168 H=24 model=chronos2 covariates=none instance_norm=true remove_constant=true seed=1 batch_size=64
[2026-08-27 14:26:54,688][data.dataset][INFO] - dataset config path=/fssmall/home/h61084/codes/datasets/electricity/config.json applied_keys=['date_col', 'drop_users']
[2026-08-27 14:26:55,360][evaluation.evaluator][INFO] - evaluate dataset=electricity users=321 dates=26304 windows=16619 removed_constant=73 L=168 H=24 stride=512
[2026-08-27 14:27:06,554][evaluation.evaluator][INFO] - artifacts ready run=/fssmall/home/h61084/codes/tsfm/outputs_selena/controls/electricity/168_24/chronos2/none/instance/remove/run_0 mse=2.163e+06 nmse=0.640755 inference_seconds=5.025
2026-08-27 14:27:07 | configuration dataset=electricity L=168 H=24 model=chronos2 covariates=none instance_norm=false remove_constant=false seed=1 batch_size=64
[2026-08-27 14:27:10,028][data.dataset][INFO] - dataset config path=/fssmall/home/h61084/codes/datasets/electricity/config.json applied_keys=['date_col', 'drop_users']
[2026-08-27 14:27:10,682][evaluation.evaluator][INFO] - evaluate dataset=electricity users=321 dates=26304 windows=16692 removed_constant=0 L=168 H=24 stride=512
[2026-08-27 14:27:21,879][evaluation.evaluator][INFO] - artifacts ready run=/fssmall/home/h61084/codes/tsfm/outputs_selena/controls/electricity/168_24/chronos2/none/raw/keep/run_0 mse=2.15354e+06 nmse=0.638018 inference_seconds=5.054
2026-08-27 14:27:22 | configuration dataset=electricity L=168 H=24 model=chronos2 covariates=none instance_norm=false remove_constant=true seed=1 batch_size=64
[2026-08-27 14:27:25,331][data.dataset][INFO] - dataset config path=/fssmall/home/h61084/codes/datasets/electricity/config.json applied_keys=['date_col', 'drop_users']
[2026-08-27 14:27:26,005][evaluation.evaluator][INFO] - evaluate dataset=electricity users=321 dates=26304 windows=16619 removed_constant=73 L=168 H=24 stride=512
[2026-08-27 14:27:37,179][evaluation.evaluator][INFO] - artifacts ready run=/fssmall/home/h61084/codes/tsfm/outputs_selena/controls/electricity/168_24/chronos2/none/raw/remove/run_0 mse=2.163e+06 nmse=0.640755 inference_seconds=4.958
2026-08-27 14:27:38 | configuration dataset=electricity L=336 H=48 model=repeat covariates=none instance_norm=true remove_constant=false seed=1 batch_size=512
[2026-08-27 14:27:40,676][data.dataset][INFO] - dataset config path=/fssmall/home/h61084/codes/datasets/electricity/config.json applied_keys=['date_col', 'drop_users']
[2026-08-27 14:27:41,350][evaluation.evaluator][INFO] - evaluate dataset=electricity users=321 dates=26304 windows=16371 removed_constant=0 L=336 H=48 stride=512
[2026-08-27 14:27:42,144][evaluation.evaluator][INFO] - artifacts ready run=/fssmall/home/h61084/codes/tsfm/outputs_selena/controls/electricity/336_48/repeat/none/instance/keep/run_0 mse=3.21327e+06 nmse=0.485367 inference_seconds=0.018
2026-08-27 14:27:42 | configuration dataset=electricity L=336 H=48 model=repeat covariates=none instance_norm=true remove_constant=true seed=1 batch_size=512
[2026-08-27 14:27:45,258][data.dataset][INFO] - dataset config path=/fssmall/home/h61084/codes/datasets/electricity/config.json applied_keys=['date_col', 'drop_users']
[2026-08-27 14:27:45,949][evaluation.evaluator][INFO] - evaluate dataset=electricity users=321 dates=26304 windows=16302 removed_constant=69 L=336 H=48 stride=512
[2026-08-27 14:27:46,754][evaluation.evaluator][INFO] - artifacts ready run=/fssmall/home/h61084/codes/tsfm/outputs_selena/controls/electricity/336_48/repeat/none/instance/remove/run_0 mse=3.22687e+06 nmse=0.487421 inference_seconds=0.018
2026-08-27 14:27:47 | configuration dataset=electricity L=336 H=48 model=repeat covariates=none instance_norm=false remove_constant=false seed=1 batch_size=512
[2026-08-27 14:27:49,893][data.dataset][INFO] - dataset config path=/fssmall/home/h61084/codes/datasets/electricity/config.json applied_keys=['date_col', 'drop_users']
[2026-08-27 14:27:50,566][evaluation.evaluator][INFO] - evaluate dataset=electricity users=321 dates=26304 windows=16371 removed_constant=0 L=336 H=48 stride=512
[2026-08-27 14:27:51,376][evaluation.evaluator][INFO] - artifacts ready run=/fssmall/home/h61084/codes/tsfm/outputs_selena/controls/electricity/336_48/repeat/none/raw/keep/run_0 mse=3.21327e+06 nmse=0.485367 inference_seconds=0.001
2026-08-27 14:27:51 | configuration dataset=electricity L=336 H=48 model=repeat covariates=none instance_norm=false remove_constant=true seed=1 batch_size=512
[2026-08-27 14:27:54,498][data.dataset][INFO] - dataset config path=/fssmall/home/h61084/codes/datasets/electricity/config.json applied_keys=['date_col', 'drop_users']
[2026-08-27 14:27:55,196][evaluation.evaluator][INFO] - evaluate dataset=electricity users=321 dates=26304 windows=16302 removed_constant=69 L=336 H=48 stride=512
[2026-08-27 14:27:55,985][evaluation.evaluator][INFO] - artifacts ready run=/fssmall/home/h61084/codes/tsfm/outputs_selena/controls/electricity/336_48/repeat/none/raw/remove/run_0 mse=3.22687e+06 nmse=0.487421 inference_seconds=0.001
2026-08-27 14:27:56 | configuration dataset=electricity L=336 H=48 model=chronos2 covariates=none instance_norm=true remove_constant=false seed=1 batch_size=64
[2026-08-27 14:27:59,160][data.dataset][INFO] - dataset config path=/fssmall/home/h61084/codes/datasets/electricity/config.json applied_keys=['date_col', 'drop_users']
[2026-08-27 14:27:59,837][evaluation.evaluator][INFO] - evaluate dataset=electricity users=321 dates=26304 windows=16371 removed_constant=0 L=336 H=48 stride=512
[2026-08-27 14:28:11,874][evaluation.evaluator][INFO] - artifacts ready run=/fssmall/home/h61084/codes/tsfm/outputs_selena/controls/electricity/336_48/chronos2/none/instance/keep/run_0 mse=1.78387e+06 nmse=0.202635 inference_seconds=5.773
2026-08-27 14:28:12 | configuration dataset=electricity L=336 H=48 model=chronos2 covariates=none instance_norm=true remove_constant=true seed=1 batch_size=64
[2026-08-27 14:28:15,324][data.dataset][INFO] - dataset config path=/fssmall/home/h61084/codes/datasets/electricity/config.json applied_keys=['date_col', 'drop_users']
[2026-08-27 14:28:16,025][evaluation.evaluator][INFO] - evaluate dataset=electricity users=321 dates=26304 windows=16302 removed_constant=69 L=336 H=48 stride=512
[2026-08-27 14:28:27,991][evaluation.evaluator][INFO] - artifacts ready run=/fssmall/home/h61084/codes/tsfm/outputs_selena/controls/electricity/336_48/chronos2/none/instance/remove/run_0 mse=1.79142e+06 nmse=0.203493 inference_seconds=5.746
2026-08-27 14:28:28 | configuration dataset=electricity L=336 H=48 model=chronos2 covariates=none instance_norm=false remove_constant=false seed=1 batch_size=64
[2026-08-27 14:28:31,414][data.dataset][INFO] - dataset config path=/fssmall/home/h61084/codes/datasets/electricity/config.json applied_keys=['date_col', 'drop_users']
[2026-08-27 14:28:32,097][evaluation.evaluator][INFO] - evaluate dataset=electricity users=321 dates=26304 windows=16371 removed_constant=0 L=336 H=48 stride=512
[2026-08-27 14:28:43,971][evaluation.evaluator][INFO] - artifacts ready run=/fssmall/home/h61084/codes/tsfm/outputs_selena/controls/electricity/336_48/chronos2/none/raw/keep/run_0 mse=1.78387e+06 nmse=0.202718 inference_seconds=5.717
2026-08-27 14:28:44 | configuration dataset=electricity L=336 H=48 model=chronos2 covariates=none instance_norm=false remove_constant=true seed=1 batch_size=64
[2026-08-27 14:28:47,435][data.dataset][INFO] - dataset config path=/fssmall/home/h61084/codes/datasets/electricity/config.json applied_keys=['date_col', 'drop_users']
[2026-08-27 14:28:48,134][evaluation.evaluator][INFO] - evaluate dataset=electricity users=321 dates=26304 windows=16302 removed_constant=69 L=336 H=48 stride=512
[2026-08-27 14:29:00,038][evaluation.evaluator][INFO] - artifacts ready run=/fssmall/home/h61084/codes/tsfm/outputs_selena/controls/electricity/336_48/chronos2/none/raw/remove/run_0 mse=1.79142e+06 nmse=0.203493 inference_seconds=5.720
2026-08-27 14:29:00 | configuration dataset=electricity L=504 H=168 model=repeat covariates=none instance_norm=true remove_constant=false seed=1 batch_size=512
[2026-08-27 14:29:03,480][data.dataset][INFO] - dataset config path=/fssmall/home/h61084/codes/datasets/electricity/config.json applied_keys=['date_col', 'drop_users']
[2026-08-27 14:29:04,177][evaluation.evaluator][INFO] - skip complete run=/fssmall/home/h61084/codes/tsfm/outputs_selena/controls/electricity/504_168/repeat/none/instance/keep/run_0
2026-08-27 14:29:04 | configuration dataset=electricity L=504 H=168 model=repeat covariates=none instance_norm=true remove_constant=true seed=1 batch_size=512
[2026-08-27 14:29:07,185][data.dataset][INFO] - dataset config path=/fssmall/home/h61084/codes/datasets/electricity/config.json applied_keys=['date_col', 'drop_users']
[2026-08-27 14:29:07,917][evaluation.evaluator][INFO] - skip complete run=/fssmall/home/h61084/codes/tsfm/outputs_selena/controls/electricity/504_168/repeat/none/instance/remove/run_0
2026-08-27 14:29:08 | configuration dataset=electricity L=504 H=168 model=repeat covariates=none instance_norm=false remove_constant=false seed=1 batch_size=512
[2026-08-27 14:29:11,003][data.dataset][INFO] - dataset config path=/fssmall/home/h61084/codes/datasets/electricity/config.json applied_keys=['date_col', 'drop_users']
[2026-08-27 14:29:11,711][evaluation.evaluator][INFO] - skip complete run=/fssmall/home/h61084/codes/tsfm/outputs_selena/controls/electricity/504_168/repeat/none/raw/keep/run_0
2026-08-27 14:29:12 | configuration dataset=electricity L=504 H=168 model=repeat covariates=none instance_norm=false remove_constant=true seed=1 batch_size=512
[2026-08-27 14:29:14,773][data.dataset][INFO] - dataset config path=/fssmall/home/h61084/codes/datasets/electricity/config.json applied_keys=['date_col', 'drop_users']
[2026-08-27 14:29:15,495][evaluation.evaluator][INFO] - skip complete run=/fssmall/home/h61084/codes/tsfm/outputs_selena/controls/electricity/504_168/repeat/none/raw/remove/run_0
2026-08-27 14:29:15 | configuration dataset=electricity L=504 H=168 model=chronos2 covariates=none instance_norm=true remove_constant=false seed=1 batch_size=64
[2026-08-27 14:29:18,502][data.dataset][INFO] - dataset config path=/fssmall/home/h61084/codes/datasets/electricity/config.json applied_keys=['date_col', 'drop_users']
[2026-08-27 14:29:19,225][evaluation.evaluator][INFO] - skip complete run=/fssmall/home/h61084/codes/tsfm/outputs_selena/controls/electricity/504_168/chronos2/none/instance/keep/run_0
2026-08-27 14:29:19 | configuration dataset=electricity L=504 H=168 model=chronos2 covariates=none instance_norm=true remove_constant=true seed=1 batch_size=64
[2026-08-27 14:29:22,322][data.dataset][INFO] - dataset config path=/fssmall/home/h61084/codes/datasets/electricity/config.json applied_keys=['date_col', 'drop_users']
[2026-08-27 14:29:23,041][evaluation.evaluator][INFO] - skip complete run=/fssmall/home/h61084/codes/tsfm/outputs_selena/controls/electricity/504_168/chronos2/none/instance/remove/run_0
2026-08-27 14:29:23 | configuration dataset=electricity L=504 H=168 model=chronos2 covariates=none instance_norm=false remove_constant=false seed=1 batch_size=64
[2026-08-27 14:29:26,132][data.dataset][INFO] - dataset config path=/fssmall/home/h61084/codes/datasets/electricity/config.json applied_keys=['date_col', 'drop_users']
[2026-08-27 14:29:26,833][evaluation.evaluator][INFO] - skip complete run=/fssmall/home/h61084/codes/tsfm/outputs_selena/controls/electricity/504_168/chronos2/none/raw/keep/run_0
2026-08-27 14:29:27 | configuration dataset=electricity L=504 H=168 model=chronos2 covariates=none instance_norm=false remove_constant=true seed=1 batch_size=64
[2026-08-27 14:29:29,915][data.dataset][INFO] - dataset config path=/fssmall/home/h61084/codes/datasets/electricity/config.json applied_keys=['date_col', 'drop_users']
[2026-08-27 14:29:30,635][evaluation.evaluator][INFO] - skip complete run=/fssmall/home/h61084/codes/tsfm/outputs_selena/controls/electricity/504_168/chronos2/none/raw/remove/run_0
2026-08-27 14:29:31 | configuration dataset=traffic L=168 H=24 model=repeat covariates=none instance_norm=true remove_constant=false seed=1 batch_size=512
[2026-08-27 14:29:33,646][data.dataset][INFO] - dataset config path=/fssmall/home/h61084/codes/datasets/traffic/config.json applied_keys=['date_col', 'drop_users']
[2026-08-27 14:29:34,681][evaluation.evaluator][INFO] - evaluate dataset=traffic users=862 dates=17544 windows=29308 removed_constant=0 L=168 H=24 stride=512
[2026-08-27 14:29:35,933][evaluation.evaluator][INFO] - artifacts ready run=/fssmall/home/h61084/codes/tsfm/outputs_selena/controls/traffic/168_24/repeat/none/instance/keep/run_0 mse=0.00138233 nmse=0.534723 inference_seconds=0.019
2026-08-27 14:29:36 | configuration dataset=traffic L=168 H=24 model=repeat covariates=none instance_norm=true remove_constant=true seed=1 batch_size=512
[2026-08-27 14:29:39,033][data.dataset][INFO] - dataset config path=/fssmall/home/h61084/codes/datasets/traffic/config.json applied_keys=['date_col', 'drop_users']
[2026-08-27 14:29:40,039][evaluation.evaluator][INFO] - evaluate dataset=traffic users=862 dates=17544 windows=29306 removed_constant=2 L=168 H=24 stride=512
[2026-08-27 14:29:41,285][evaluation.evaluator][INFO] - artifacts ready run=/fssmall/home/h61084/codes/tsfm/outputs_selena/controls/traffic/168_24/repeat/none/instance/remove/run_0 mse=0.00138243 nmse=0.53476 inference_seconds=0.019
2026-08-27 14:29:41 | configuration dataset=traffic L=168 H=24 model=repeat covariates=none instance_norm=false remove_constant=false seed=1 batch_size=512
[2026-08-27 14:29:44,461][data.dataset][INFO] - dataset config path=/fssmall/home/h61084/codes/datasets/traffic/config.json applied_keys=['date_col', 'drop_users']
[2026-08-27 14:29:45,426][evaluation.evaluator][INFO] - evaluate dataset=traffic users=862 dates=17544 windows=29308 removed_constant=0 L=168 H=24 stride=512
[2026-08-27 14:29:46,662][evaluation.evaluator][INFO] - artifacts ready run=/fssmall/home/h61084/codes/tsfm/outputs_selena/controls/traffic/168_24/repeat/none/raw/keep/run_0 mse=0.00138233 nmse=0.534723 inference_seconds=0.002
2026-08-27 14:29:47 | configuration dataset=traffic L=168 H=24 model=repeat covariates=none instance_norm=false remove_constant=true seed=1 batch_size=512
[2026-08-27 14:29:49,767][data.dataset][INFO] - dataset config path=/fssmall/home/h61084/codes/datasets/traffic/config.json applied_keys=['date_col', 'drop_users']
[2026-08-27 14:29:50,787][evaluation.evaluator][INFO] - evaluate dataset=traffic users=862 dates=17544 windows=29306 removed_constant=2 L=168 H=24 stride=512
[2026-08-27 14:29:52,032][evaluation.evaluator][INFO] - artifacts ready run=/fssmall/home/h61084/codes/tsfm/outputs_selena/controls/traffic/168_24/repeat/none/raw/remove/run_0 mse=0.00138243 nmse=0.53476 inference_seconds=0.002
2026-08-27 14:29:52 | configuration dataset=traffic L=168 H=24 model=chronos2 covariates=none instance_norm=true remove_constant=false seed=1 batch_size=64
[2026-08-27 14:29:55,148][data.dataset][INFO] - dataset config path=/fssmall/home/h61084/codes/datasets/traffic/config.json applied_keys=['date_col', 'drop_users']
[2026-08-27 14:29:56,127][evaluation.evaluator][INFO] - evaluate dataset=traffic users=862 dates=17544 windows=29308 removed_constant=0 L=168 H=24 stride=512
[2026-08-27 14:30:11,782][evaluation.evaluator][INFO] - artifacts ready run=/fssmall/home/h61084/codes/tsfm/outputs_selena/controls/traffic/168_24/chronos2/none/instance/keep/run_0 mse=0.000532132 nmse=0.228398 inference_seconds=8.848
2026-08-27 14:30:12 | configuration dataset=traffic L=168 H=24 model=chronos2 covariates=none instance_norm=true remove_constant=true seed=1 batch_size=64
[2026-08-27 14:30:15,231][data.dataset][INFO] - dataset config path=/fssmall/home/h61084/codes/datasets/traffic/config.json applied_keys=['date_col', 'drop_users']
[2026-08-27 14:30:16,237][evaluation.evaluator][INFO] - evaluate dataset=traffic users=862 dates=17544 windows=29306 removed_constant=2 L=168 H=24 stride=512
[2026-08-27 14:30:31,848][evaluation.evaluator][INFO] - artifacts ready run=/fssmall/home/h61084/codes/tsfm/outputs_selena/controls/traffic/168_24/chronos2/none/instance/remove/run_0 mse=0.000532168 nmse=0.228414 inference_seconds=8.875
2026-08-27 14:30:32 | configuration dataset=traffic L=168 H=24 model=chronos2 covariates=none instance_norm=false remove_constant=false seed=1 batch_size=64
[2026-08-27 14:30:35,296][data.dataset][INFO] - dataset config path=/fssmall/home/h61084/codes/datasets/traffic/config.json applied_keys=['date_col', 'drop_users']
[2026-08-27 14:30:36,265][evaluation.evaluator][INFO] - evaluate dataset=traffic users=862 dates=17544 windows=29308 removed_constant=0 L=168 H=24 stride=512
[2026-08-27 14:30:51,857][evaluation.evaluator][INFO] - artifacts ready run=/fssmall/home/h61084/codes/tsfm/outputs_selena/controls/traffic/168_24/chronos2/none/raw/keep/run_0 mse=0.000532132 nmse=0.228399 inference_seconds=8.853
2026-08-27 14:30:52 | configuration dataset=traffic L=168 H=24 model=chronos2 covariates=none instance_norm=false remove_constant=true seed=1 batch_size=64
[2026-08-27 14:30:55,374][data.dataset][INFO] - dataset config path=/fssmall/home/h61084/codes/datasets/traffic/config.json applied_keys=['date_col', 'drop_users']
[2026-08-27 14:30:56,389][evaluation.evaluator][INFO] - evaluate dataset=traffic users=862 dates=17544 windows=29306 removed_constant=2 L=168 H=24 stride=512
[2026-08-27 14:31:11,947][evaluation.evaluator][INFO] - artifacts ready run=/fssmall/home/h61084/codes/tsfm/outputs_selena/controls/traffic/168_24/chronos2/none/raw/remove/run_0 mse=0.000532168 nmse=0.228414 inference_seconds=8.749
2026-08-27 14:31:12 | configuration dataset=traffic L=336 H=48 model=repeat covariates=none instance_norm=true remove_constant=false seed=1 batch_size=512
[2026-08-27 14:31:15,421][data.dataset][INFO] - dataset config path=/fssmall/home/h61084/codes/datasets/traffic/config.json applied_keys=['date_col', 'drop_users']
[2026-08-27 14:31:16,429][evaluation.evaluator][INFO] - evaluate dataset=traffic users=862 dates=17544 windows=29308 removed_constant=0 L=336 H=48 stride=512
[2026-08-27 14:31:17,697][evaluation.evaluator][INFO] - artifacts ready run=/fssmall/home/h61084/codes/tsfm/outputs_selena/controls/traffic/336_48/repeat/none/instance/keep/run_0 mse=0.00224489 nmse=0.858429 inference_seconds=0.019
2026-08-27 14:31:18 | configuration dataset=traffic L=336 H=48 model=repeat covariates=none instance_norm=true remove_constant=true seed=1 batch_size=512
[2026-08-27 14:31:20,824][data.dataset][INFO] - dataset config path=/fssmall/home/h61084/codes/datasets/traffic/config.json applied_keys=['date_col', 'drop_users']
[2026-08-27 14:31:21,874][evaluation.evaluator][INFO] - evaluate dataset=traffic users=862 dates=17544 windows=29306 removed_constant=2 L=336 H=48 stride=512
[2026-08-27 14:31:23,151][evaluation.evaluator][INFO] - artifacts ready run=/fssmall/home/h61084/codes/tsfm/outputs_selena/controls/traffic/336_48/repeat/none/instance/remove/run_0 mse=0.00224504 nmse=0.858488 inference_seconds=0.019
2026-08-27 14:31:23 | configuration dataset=traffic L=336 H=48 model=repeat covariates=none instance_norm=false remove_constant=false seed=1 batch_size=512
[2026-08-27 14:31:26,301][data.dataset][INFO] - dataset config path=/fssmall/home/h61084/codes/datasets/traffic/config.json applied_keys=['date_col', 'drop_users']
[2026-08-27 14:31:27,318][evaluation.evaluator][INFO] - evaluate dataset=traffic users=862 dates=17544 windows=29308 removed_constant=0 L=336 H=48 stride=512
[2026-08-27 14:31:28,586][evaluation.evaluator][INFO] - artifacts ready run=/fssmall/home/h61084/codes/tsfm/outputs_selena/controls/traffic/336_48/repeat/none/raw/keep/run_0 mse=0.00224489 nmse=0.858429 inference_seconds=0.002
2026-08-27 14:31:29 | configuration dataset=traffic L=336 H=48 model=repeat covariates=none instance_norm=false remove_constant=true seed=1 batch_size=512
[2026-08-27 14:31:31,763][data.dataset][INFO] - dataset config path=/fssmall/home/h61084/codes/datasets/traffic/config.json applied_keys=['date_col', 'drop_users']
[2026-08-27 14:31:32,866][evaluation.evaluator][INFO] - evaluate dataset=traffic users=862 dates=17544 windows=29306 removed_constant=2 L=336 H=48 stride=512
[2026-08-27 14:31:34,152][evaluation.evaluator][INFO] - artifacts ready run=/fssmall/home/h61084/codes/tsfm/outputs_selena/controls/traffic/336_48/repeat/none/raw/remove/run_0 mse=0.00224504 nmse=0.858488 inference_seconds=0.002
2026-08-27 14:31:34 | configuration dataset=traffic L=336 H=48 model=chronos2 covariates=none instance_norm=true remove_constant=false seed=1 batch_size=64
[2026-08-27 14:31:37,314][data.dataset][INFO] - dataset config path=/fssmall/home/h61084/codes/datasets/traffic/config.json applied_keys=['date_col', 'drop_users']
[2026-08-27 14:31:38,330][evaluation.evaluator][INFO] - evaluate dataset=traffic users=862 dates=17544 windows=29308 removed_constant=0 L=336 H=48 stride=512
[2026-08-27 14:31:55,391][evaluation.evaluator][INFO] - artifacts ready run=/fssmall/home/h61084/codes/tsfm/outputs_selena/controls/traffic/336_48/chronos2/none/instance/keep/run_0 mse=0.000677094 nmse=0.291722 inference_seconds=10.275
2026-08-27 14:31:56 | configuration dataset=traffic L=336 H=48 model=chronos2 covariates=none instance_norm=true remove_constant=true seed=1 batch_size=64
[2026-08-27 14:31:58,869][data.dataset][INFO] - dataset config path=/fssmall/home/h61084/codes/datasets/traffic/config.json applied_keys=['date_col', 'drop_users']
[2026-08-27 14:31:59,914][evaluation.evaluator][INFO] - evaluate dataset=traffic users=862 dates=17544 windows=29306 removed_constant=2 L=336 H=48 stride=512
[2026-08-27 14:32:16,982][evaluation.evaluator][INFO] - artifacts ready run=/fssmall/home/h61084/codes/tsfm/outputs_selena/controls/traffic/336_48/chronos2/none/instance/remove/run_0 mse=0.00067714 nmse=0.291742 inference_seconds=10.367
2026-08-27 14:32:17 | configuration dataset=traffic L=336 H=48 model=chronos2 covariates=none instance_norm=false remove_constant=false seed=1 batch_size=64
[2026-08-27 14:32:20,487][data.dataset][INFO] - dataset config path=/fssmall/home/h61084/codes/datasets/traffic/config.json applied_keys=['date_col', 'drop_users']
[2026-08-27 14:32:21,496][evaluation.evaluator][INFO] - evaluate dataset=traffic users=862 dates=17544 windows=29308 removed_constant=0 L=336 H=48 stride=512
[2026-08-27 14:32:38,451][evaluation.evaluator][INFO] - artifacts ready run=/fssmall/home/h61084/codes/tsfm/outputs_selena/controls/traffic/336_48/chronos2/none/raw/keep/run_0 mse=0.000677094 nmse=0.291723 inference_seconds=10.257
2026-08-27 14:32:39 | configuration dataset=traffic L=336 H=48 model=chronos2 covariates=none instance_norm=false remove_constant=true seed=1 batch_size=64
[2026-08-27 14:32:41,966][data.dataset][INFO] - dataset config path=/fssmall/home/h61084/codes/datasets/traffic/config.json applied_keys=['date_col', 'drop_users']
[2026-08-27 14:32:43,007][evaluation.evaluator][INFO] - evaluate dataset=traffic users=862 dates=17544 windows=29306 removed_constant=2 L=336 H=48 stride=512
[2026-08-27 14:32:59,925][evaluation.evaluator][INFO] - artifacts ready run=/fssmall/home/h61084/codes/tsfm/outputs_selena/controls/traffic/336_48/chronos2/none/raw/remove/run_0 mse=0.00067714 nmse=0.291742 inference_seconds=10.180
2026-08-27 14:33:00 | configuration dataset=traffic L=504 H=168 model=repeat covariates=none instance_norm=true remove_constant=false seed=1 batch_size=512
[2026-08-27 14:33:03,426][data.dataset][INFO] - dataset config path=/fssmall/home/h61084/codes/datasets/traffic/config.json applied_keys=['date_col', 'drop_users']
[2026-08-27 14:33:04,537][evaluation.evaluator][INFO] - evaluate dataset=traffic users=862 dates=17544 windows=28446 removed_constant=0 L=504 H=168 stride=512
[2026-08-27 14:33:05,822][evaluation.evaluator][INFO] - artifacts ready run=/fssmall/home/h61084/codes/tsfm/outputs_selena/controls/traffic/504_168/repeat/none/instance/keep/run_0 mse=0.000920277 nmse=0.387034 inference_seconds=0.019
2026-08-27 14:33:06 | configuration dataset=traffic L=504 H=168 model=repeat covariates=none instance_norm=true remove_constant=true seed=1 batch_size=512
[2026-08-27 14:33:08,951][data.dataset][INFO] - dataset config path=/fssmall/home/h61084/codes/datasets/traffic/config.json applied_keys=['date_col', 'drop_users']
[2026-08-27 14:33:10,057][evaluation.evaluator][INFO] - evaluate dataset=traffic users=862 dates=17544 windows=28445 removed_constant=1 L=504 H=168 stride=512
[2026-08-27 14:33:11,332][evaluation.evaluator][INFO] - artifacts ready run=/fssmall/home/h61084/codes/tsfm/outputs_selena/controls/traffic/504_168/repeat/none/instance/remove/run_0 mse=0.000920309 nmse=0.387047 inference_seconds=0.019
2026-08-27 14:33:11 | configuration dataset=traffic L=504 H=168 model=repeat covariates=none instance_norm=false remove_constant=false seed=1 batch_size=512
[2026-08-27 14:33:14,508][data.dataset][INFO] - dataset config path=/fssmall/home/h61084/codes/datasets/traffic/config.json applied_keys=['date_col', 'drop_users']
[2026-08-27 14:33:15,563][evaluation.evaluator][INFO] - evaluate dataset=traffic users=862 dates=17544 windows=28446 removed_constant=0 L=504 H=168 stride=512
[2026-08-27 14:33:16,844][evaluation.evaluator][INFO] - artifacts ready run=/fssmall/home/h61084/codes/tsfm/outputs_selena/controls/traffic/504_168/repeat/none/raw/keep/run_0 mse=0.000920277 nmse=0.387034 inference_seconds=0.002
2026-08-27 14:33:17 | configuration dataset=traffic L=504 H=168 model=repeat covariates=none instance_norm=false remove_constant=true seed=1 batch_size=512
[2026-08-27 14:33:20,018][data.dataset][INFO] - dataset config path=/fssmall/home/h61084/codes/datasets/traffic/config.json applied_keys=['date_col', 'drop_users']
[2026-08-27 14:33:21,097][evaluation.evaluator][INFO] - evaluate dataset=traffic users=862 dates=17544 windows=28445 removed_constant=1 L=504 H=168 stride=512
[2026-08-27 14:33:22,364][evaluation.evaluator][INFO] - artifacts ready run=/fssmall/home/h61084/codes/tsfm/outputs_selena/controls/traffic/504_168/repeat/none/raw/remove/run_0 mse=0.000920309 nmse=0.387047 inference_seconds=0.002
2026-08-27 14:33:22 | configuration dataset=traffic L=504 H=168 model=chronos2 covariates=none instance_norm=true remove_constant=false seed=1 batch_size=64
[2026-08-27 14:33:25,539][data.dataset][INFO] - dataset config path=/fssmall/home/h61084/codes/datasets/traffic/config.json applied_keys=['date_col', 'drop_users']
[2026-08-27 14:33:26,587][evaluation.evaluator][INFO] - evaluate dataset=traffic users=862 dates=17544 windows=28446 removed_constant=0 L=504 H=168 stride=512
[2026-08-27 14:33:45,622][evaluation.evaluator][INFO] - artifacts ready run=/fssmall/home/h61084/codes/tsfm/outputs_selena/controls/traffic/504_168/chronos2/none/instance/keep/run_0 mse=0.000559901 nmse=0.243644 inference_seconds=12.288
2026-08-27 14:33:46 | configuration dataset=traffic L=504 H=168 model=chronos2 covariates=none instance_norm=true remove_constant=true seed=1 batch_size=64
[2026-08-27 14:33:49,140][data.dataset][INFO] - dataset config path=/fssmall/home/h61084/codes/datasets/traffic/config.json applied_keys=['date_col', 'drop_users']
[2026-08-27 14:33:50,227][evaluation.evaluator][INFO] - evaluate dataset=traffic users=862 dates=17544 windows=28445 removed_constant=1 L=504 H=168 stride=512
[2026-08-27 14:34:09,353][evaluation.evaluator][INFO] - artifacts ready run=/fssmall/home/h61084/codes/tsfm/outputs_selena/controls/traffic/504_168/chronos2/none/instance/remove/run_0 mse=0.000559921 nmse=0.243653 inference_seconds=12.289
2026-08-27 14:34:10 | configuration dataset=traffic L=504 H=168 model=chronos2 covariates=none instance_norm=false remove_constant=false seed=1 batch_size=64
[2026-08-27 14:34:12,929][data.dataset][INFO] - dataset config path=/fssmall/home/h61084/codes/datasets/traffic/config.json applied_keys=['date_col', 'drop_users']
[2026-08-27 14:34:13,997][evaluation.evaluator][INFO] - evaluate dataset=traffic users=862 dates=17544 windows=28446 removed_constant=0 L=504 H=168 stride=512
[2026-08-27 14:34:33,166][evaluation.evaluator][INFO] - artifacts ready run=/fssmall/home/h61084/codes/tsfm/outputs_selena/controls/traffic/504_168/chronos2/none/raw/keep/run_0 mse=0.000559901 nmse=0.243645 inference_seconds=12.327
2026-08-27 14:34:34 | configuration dataset=traffic L=504 H=168 model=chronos2 covariates=none instance_norm=false remove_constant=true seed=1 batch_size=64
[2026-08-27 14:34:36,675][data.dataset][INFO] - dataset config path=/fssmall/home/h61084/codes/datasets/traffic/config.json applied_keys=['date_col', 'drop_users']
[2026-08-27 14:34:37,753][evaluation.evaluator][INFO] - evaluate dataset=traffic users=862 dates=17544 windows=28445 removed_constant=1 L=504 H=168 stride=512
[2026-08-27 14:34:56,926][evaluation.evaluator][INFO] - artifacts ready run=/fssmall/home/h61084/codes/tsfm/outputs_selena/controls/traffic/504_168/chronos2/none/raw/remove/run_0 mse=0.000559921 nmse=0.243653 inference_seconds=12.331
2026-08-27 14:34:57 | configuration dataset=solar L=168 H=24 model=repeat covariates=none instance_norm=true remove_constant=false seed=1 batch_size=512
[2026-08-27 14:35:00,430][data.dataset][INFO] - dataset config path=/fssmall/home/h61084/codes/datasets/solar/config.json applied_keys=['aggr', 'date_col', 'drop_users']
[2026-08-27 14:35:00,803][evaluation.evaluator][INFO] - evaluate dataset=solar users=137 dates=8760 windows=2329 removed_constant=0 L=168 H=24 stride=512
[2026-08-27 14:35:01,102][evaluation.evaluator][INFO] - artifacts ready run=/fssmall/home/h61084/codes/tsfm/outputs_selena/controls/solar/168_24/repeat/none/instance/keep/run_0 mse=656.779 nmse=0.18874 inference_seconds=0.019
2026-08-27 14:35:01 | configuration dataset=solar L=168 H=24 model=repeat covariates=none instance_norm=true remove_constant=true seed=1 batch_size=512
[2026-08-27 14:35:04,243][data.dataset][INFO] - dataset config path=/fssmall/home/h61084/codes/datasets/solar/config.json applied_keys=['aggr', 'date_col', 'drop_users']
[2026-08-27 14:35:04,592][evaluation.evaluator][INFO] - evaluate dataset=solar users=137 dates=8760 windows=2329 removed_constant=0 L=168 H=24 stride=512
[2026-08-27 14:35:04,904][evaluation.evaluator][INFO] - artifacts ready run=/fssmall/home/h61084/codes/tsfm/outputs_selena/controls/solar/168_24/repeat/none/instance/remove/run_0 mse=656.779 nmse=0.18874 inference_seconds=0.018
2026-08-27 14:35:05 | configuration dataset=solar L=168 H=24 model=repeat covariates=none instance_norm=false remove_constant=false seed=1 batch_size=512
[2026-08-27 14:35:08,104][data.dataset][INFO] - dataset config path=/fssmall/home/h61084/codes/datasets/solar/config.json applied_keys=['aggr', 'date_col', 'drop_users']
[2026-08-27 14:35:08,446][evaluation.evaluator][INFO] - evaluate dataset=solar users=137 dates=8760 windows=2329 removed_constant=0 L=168 H=24 stride=512
[2026-08-27 14:35:08,735][evaluation.evaluator][INFO] - artifacts ready run=/fssmall/home/h61084/codes/tsfm/outputs_selena/controls/solar/168_24/repeat/none/raw/keep/run_0 mse=656.779 nmse=0.18874 inference_seconds=0.000
2026-08-27 14:35:09 | configuration dataset=solar L=168 H=24 model=repeat covariates=none instance_norm=false remove_constant=true seed=1 batch_size=512
[2026-08-27 14:35:11,954][data.dataset][INFO] - dataset config path=/fssmall/home/h61084/codes/datasets/solar/config.json applied_keys=['aggr', 'date_col', 'drop_users']
[2026-08-27 14:35:12,298][evaluation.evaluator][INFO] - evaluate dataset=solar users=137 dates=8760 windows=2329 removed_constant=0 L=168 H=24 stride=512
[2026-08-27 14:35:12,588][evaluation.evaluator][INFO] - artifacts ready run=/fssmall/home/h61084/codes/tsfm/outputs_selena/controls/solar/168_24/repeat/none/raw/remove/run_0 mse=656.779 nmse=0.18874 inference_seconds=0.000
2026-08-27 14:35:13 | configuration dataset=solar L=168 H=24 model=chronos2 covariates=none instance_norm=true remove_constant=false seed=1 batch_size=64
[2026-08-27 14:35:15,790][data.dataset][INFO] - dataset config path=/fssmall/home/h61084/codes/datasets/solar/config.json applied_keys=['aggr', 'date_col', 'drop_users']
[2026-08-27 14:35:16,133][evaluation.evaluator][INFO] - evaluate dataset=solar users=137 dates=8760 windows=2329 removed_constant=0 L=168 H=24 stride=512
[2026-08-27 14:35:22,563][evaluation.evaluator][INFO] - artifacts ready run=/fssmall/home/h61084/codes/tsfm/outputs_selena/controls/solar/168_24/chronos2/none/instance/keep/run_0 mse=465.766 nmse=0.136841 inference_seconds=0.859
2026-08-27 14:35:23 | configuration dataset=solar L=168 H=24 model=chronos2 covariates=none instance_norm=true remove_constant=true seed=1 batch_size=64
[2026-08-27 14:35:26,127][data.dataset][INFO] - dataset config path=/fssmall/home/h61084/codes/datasets/solar/config.json applied_keys=['aggr', 'date_col', 'drop_users']
[2026-08-27 14:35:26,471][evaluation.evaluator][INFO] - evaluate dataset=solar users=137 dates=8760 windows=2329 removed_constant=0 L=168 H=24 stride=512
[2026-08-27 14:35:32,885][evaluation.evaluator][INFO] - artifacts ready run=/fssmall/home/h61084/codes/tsfm/outputs_selena/controls/solar/168_24/chronos2/none/instance/remove/run_0 mse=465.766 nmse=0.136841 inference_seconds=0.867
2026-08-27 14:35:33 | configuration dataset=solar L=168 H=24 model=chronos2 covariates=none instance_norm=false remove_constant=false seed=1 batch_size=64
[2026-08-27 14:35:36,354][data.dataset][INFO] - dataset config path=/fssmall/home/h61084/codes/datasets/solar/config.json applied_keys=['aggr', 'date_col', 'drop_users']
[2026-08-27 14:35:36,697][evaluation.evaluator][INFO] - evaluate dataset=solar users=137 dates=8760 windows=2329 removed_constant=0 L=168 H=24 stride=512
[2026-08-27 14:35:43,079][evaluation.evaluator][INFO] - artifacts ready run=/fssmall/home/h61084/codes/tsfm/outputs_selena/controls/solar/168_24/chronos2/none/raw/keep/run_0 mse=465.766 nmse=0.136841 inference_seconds=0.854
2026-08-27 14:35:44 | configuration dataset=solar L=168 H=24 model=chronos2 covariates=none instance_norm=false remove_constant=true seed=1 batch_size=64
[2026-08-27 14:35:46,562][data.dataset][INFO] - dataset config path=/fssmall/home/h61084/codes/datasets/solar/config.json applied_keys=['aggr', 'date_col', 'drop_users']
[2026-08-27 14:35:46,905][evaluation.evaluator][INFO] - evaluate dataset=solar users=137 dates=8760 windows=2329 removed_constant=0 L=168 H=24 stride=512
[2026-08-27 14:35:53,323][evaluation.evaluator][INFO] - artifacts ready run=/fssmall/home/h61084/codes/tsfm/outputs_selena/controls/solar/168_24/chronos2/none/raw/remove/run_0 mse=465.766 nmse=0.136841 inference_seconds=0.856
2026-08-27 14:35:54 | configuration dataset=solar L=336 H=48 model=repeat covariates=none instance_norm=true remove_constant=false seed=1 batch_size=512
[2026-08-27 14:35:56,825][data.dataset][INFO] - dataset config path=/fssmall/home/h61084/codes/datasets/solar/config.json applied_keys=['aggr', 'date_col', 'drop_users']
[2026-08-27 14:35:57,174][evaluation.evaluator][INFO] - evaluate dataset=solar users=137 dates=8760 windows=2329 removed_constant=0 L=336 H=48 stride=512
[2026-08-27 14:35:57,488][evaluation.evaluator][INFO] - artifacts ready run=/fssmall/home/h61084/codes/tsfm/outputs_selena/controls/solar/336_48/repeat/none/instance/keep/run_0 mse=1527.98 nmse=0.510769 inference_seconds=0.019
2026-08-27 14:35:58 | configuration dataset=solar L=336 H=48 model=repeat covariates=none instance_norm=true remove_constant=true seed=1 batch_size=512
[2026-08-27 14:36:00,674][data.dataset][INFO] - dataset config path=/fssmall/home/h61084/codes/datasets/solar/config.json applied_keys=['aggr', 'date_col', 'drop_users']
[2026-08-27 14:36:01,028][evaluation.evaluator][INFO] - evaluate dataset=solar users=137 dates=8760 windows=2329 removed_constant=0 L=336 H=48 stride=512
[2026-08-27 14:36:01,323][evaluation.evaluator][INFO] - artifacts ready run=/fssmall/home/h61084/codes/tsfm/outputs_selena/controls/solar/336_48/repeat/none/instance/remove/run_0 mse=1527.98 nmse=0.510769 inference_seconds=0.020
2026-08-27 14:36:01 | configuration dataset=solar L=336 H=48 model=repeat covariates=none instance_norm=false remove_constant=false seed=1 batch_size=512
[2026-08-27 14:36:04,474][data.dataset][INFO] - dataset config path=/fssmall/home/h61084/codes/datasets/solar/config.json applied_keys=['aggr', 'date_col', 'drop_users']
[2026-08-27 14:36:04,821][evaluation.evaluator][INFO] - evaluate dataset=solar users=137 dates=8760 windows=2329 removed_constant=0 L=336 H=48 stride=512
[2026-08-27 14:36:05,120][evaluation.evaluator][INFO] - artifacts ready run=/fssmall/home/h61084/codes/tsfm/outputs_selena/controls/solar/336_48/repeat/none/raw/keep/run_0 mse=1527.98 nmse=0.510769 inference_seconds=0.000
2026-08-27 14:36:05 | configuration dataset=solar L=336 H=48 model=repeat covariates=none instance_norm=false remove_constant=true seed=1 batch_size=512
[2026-08-27 14:36:08,317][data.dataset][INFO] - dataset config path=/fssmall/home/h61084/codes/datasets/solar/config.json applied_keys=['aggr', 'date_col', 'drop_users']
[2026-08-27 14:36:08,668][evaluation.evaluator][INFO] - evaluate dataset=solar users=137 dates=8760 windows=2329 removed_constant=0 L=336 H=48 stride=512
[2026-08-27 14:36:08,965][evaluation.evaluator][INFO] - artifacts ready run=/fssmall/home/h61084/codes/tsfm/outputs_selena/controls/solar/336_48/repeat/none/raw/remove/run_0 mse=1527.98 nmse=0.510769 inference_seconds=0.000
2026-08-27 14:36:09 | configuration dataset=solar L=336 H=48 model=chronos2 covariates=none instance_norm=true remove_constant=false seed=1 batch_size=64
[2026-08-27 14:36:12,164][data.dataset][INFO] - dataset config path=/fssmall/home/h61084/codes/datasets/solar/config.json applied_keys=['aggr', 'date_col', 'drop_users']
[2026-08-27 14:36:12,508][evaluation.evaluator][INFO] - evaluate dataset=solar users=137 dates=8760 windows=2329 removed_constant=0 L=336 H=48 stride=512
[2026-08-27 14:36:19,065][evaluation.evaluator][INFO] - artifacts ready run=/fssmall/home/h61084/codes/tsfm/outputs_selena/controls/solar/336_48/chronos2/none/instance/keep/run_0 mse=621.869 nmse=0.210395 inference_seconds=0.994
2026-08-27 14:36:20 | configuration dataset=solar L=336 H=48 model=chronos2 covariates=none instance_norm=true remove_constant=true seed=1 batch_size=64
[2026-08-27 14:36:22,623][data.dataset][INFO] - dataset config path=/fssmall/home/h61084/codes/datasets/solar/config.json applied_keys=['aggr', 'date_col', 'drop_users']
[2026-08-27 14:36:22,971][evaluation.evaluator][INFO] - evaluate dataset=solar users=137 dates=8760 windows=2329 removed_constant=0 L=336 H=48 stride=512
[2026-08-27 14:36:29,479][evaluation.evaluator][INFO] - artifacts ready run=/fssmall/home/h61084/codes/tsfm/outputs_selena/controls/solar/336_48/chronos2/none/instance/remove/run_0 mse=621.869 nmse=0.210395 inference_seconds=0.986
2026-08-27 14:36:30 | configuration dataset=solar L=336 H=48 model=chronos2 covariates=none instance_norm=false remove_constant=false seed=1 batch_size=64
[2026-08-27 14:36:33,000][data.dataset][INFO] - dataset config path=/fssmall/home/h61084/codes/datasets/solar/config.json applied_keys=['aggr', 'date_col', 'drop_users']
[2026-08-27 14:36:33,344][evaluation.evaluator][INFO] - evaluate dataset=solar users=137 dates=8760 windows=2329 removed_constant=0 L=336 H=48 stride=512
[2026-08-27 14:36:39,909][evaluation.evaluator][INFO] - artifacts ready run=/fssmall/home/h61084/codes/tsfm/outputs_selena/controls/solar/336_48/chronos2/none/raw/keep/run_0 mse=621.869 nmse=0.210395 inference_seconds=0.984
2026-08-27 14:36:40 | configuration dataset=solar L=336 H=48 model=chronos2 covariates=none instance_norm=false remove_constant=true seed=1 batch_size=64
[2026-08-27 14:36:43,444][data.dataset][INFO] - dataset config path=/fssmall/home/h61084/codes/datasets/solar/config.json applied_keys=['aggr', 'date_col', 'drop_users']
[2026-08-27 14:36:43,791][evaluation.evaluator][INFO] - evaluate dataset=solar users=137 dates=8760 windows=2329 removed_constant=0 L=336 H=48 stride=512
[2026-08-27 14:36:50,306][evaluation.evaluator][INFO] - artifacts ready run=/fssmall/home/h61084/codes/tsfm/outputs_selena/controls/solar/336_48/chronos2/none/raw/remove/run_0 mse=621.869 nmse=0.210395 inference_seconds=0.976
2026-08-27 14:36:51 | configuration dataset=solar L=504 H=168 model=repeat covariates=none instance_norm=true remove_constant=false seed=1 batch_size=512
[2026-08-27 14:36:53,829][data.dataset][INFO] - dataset config path=/fssmall/home/h61084/codes/datasets/solar/config.json applied_keys=['aggr', 'date_col', 'drop_users']
[2026-08-27 14:36:54,179][evaluation.evaluator][INFO] - evaluate dataset=solar users=137 dates=8760 windows=2192 removed_constant=0 L=504 H=168 stride=512
[2026-08-27 14:36:54,498][evaluation.evaluator][INFO] - artifacts ready run=/fssmall/home/h61084/codes/tsfm/outputs_selena/controls/solar/504_168/repeat/none/instance/keep/run_0 mse=1090.16 nmse=0.339322 inference_seconds=0.018
2026-08-27 14:36:55 | configuration dataset=solar L=504 H=168 model=repeat covariates=none instance_norm=true remove_constant=true seed=1 batch_size=512
[2026-08-27 14:36:57,727][data.dataset][INFO] - dataset config path=/fssmall/home/h61084/codes/datasets/solar/config.json applied_keys=['aggr', 'date_col', 'drop_users']
[2026-08-27 14:36:58,078][evaluation.evaluator][INFO] - evaluate dataset=solar users=137 dates=8760 windows=2192 removed_constant=0 L=504 H=168 stride=512
[2026-08-27 14:36:58,395][evaluation.evaluator][INFO] - artifacts ready run=/fssmall/home/h61084/codes/tsfm/outputs_selena/controls/solar/504_168/repeat/none/instance/remove/run_0 mse=1090.16 nmse=0.339322 inference_seconds=0.018
2026-08-27 14:36:59 | configuration dataset=solar L=504 H=168 model=repeat covariates=none instance_norm=false remove_constant=false seed=1 batch_size=512
[2026-08-27 14:37:01,585][data.dataset][INFO] - dataset config path=/fssmall/home/h61084/codes/datasets/solar/config.json applied_keys=['aggr', 'date_col', 'drop_users']
[2026-08-27 14:37:01,932][evaluation.evaluator][INFO] - evaluate dataset=solar users=137 dates=8760 windows=2192 removed_constant=0 L=504 H=168 stride=512
[2026-08-27 14:37:02,234][evaluation.evaluator][INFO] - artifacts ready run=/fssmall/home/h61084/codes/tsfm/outputs_selena/controls/solar/504_168/repeat/none/raw/keep/run_0 mse=1090.16 nmse=0.339322 inference_seconds=0.000
2026-08-27 14:37:02 | configuration dataset=solar L=504 H=168 model=repeat covariates=none instance_norm=false remove_constant=true seed=1 batch_size=512
[2026-08-27 14:37:05,410][data.dataset][INFO] - dataset config path=/fssmall/home/h61084/codes/datasets/solar/config.json applied_keys=['aggr', 'date_col', 'drop_users']
[2026-08-27 14:37:05,765][evaluation.evaluator][INFO] - evaluate dataset=solar users=137 dates=8760 windows=2192 removed_constant=0 L=504 H=168 stride=512
[2026-08-27 14:37:06,065][evaluation.evaluator][INFO] - artifacts ready run=/fssmall/home/h61084/codes/tsfm/outputs_selena/controls/solar/504_168/repeat/none/raw/remove/run_0 mse=1090.16 nmse=0.339322 inference_seconds=0.000
2026-08-27 14:37:06 | configuration dataset=solar L=504 H=168 model=chronos2 covariates=none instance_norm=true remove_constant=false seed=1 batch_size=64
[2026-08-27 14:37:09,238][data.dataset][INFO] - dataset config path=/fssmall/home/h61084/codes/datasets/solar/config.json applied_keys=['aggr', 'date_col', 'drop_users']
[2026-08-27 14:37:09,585][evaluation.evaluator][INFO] - evaluate dataset=solar users=137 dates=8760 windows=2192 removed_constant=0 L=504 H=168 stride=512
[2026-08-27 14:37:16,234][evaluation.evaluator][INFO] - artifacts ready run=/fssmall/home/h61084/codes/tsfm/outputs_selena/controls/solar/504_168/chronos2/none/instance/keep/run_0 mse=536.797 nmse=0.165388 inference_seconds=1.113
2026-08-27 14:37:17 | configuration dataset=solar L=504 H=168 model=chronos2 covariates=none instance_norm=true remove_constant=true seed=1 batch_size=64
[2026-08-27 14:37:19,782][data.dataset][INFO] - dataset config path=/fssmall/home/h61084/codes/datasets/solar/config.json applied_keys=['aggr', 'date_col', 'drop_users']
[2026-08-27 14:37:20,146][evaluation.evaluator][INFO] - evaluate dataset=solar users=137 dates=8760 windows=2192 removed_constant=0 L=504 H=168 stride=512
[2026-08-27 14:37:26,816][evaluation.evaluator][INFO] - artifacts ready run=/fssmall/home/h61084/codes/tsfm/outputs_selena/controls/solar/504_168/chronos2/none/instance/remove/run_0 mse=536.797 nmse=0.165388 inference_seconds=1.117
2026-08-27 14:37:27 | configuration dataset=solar L=504 H=168 model=chronos2 covariates=none instance_norm=false remove_constant=false seed=1 batch_size=64
[2026-08-27 14:37:30,369][data.dataset][INFO] - dataset config path=/fssmall/home/h61084/codes/datasets/solar/config.json applied_keys=['aggr', 'date_col', 'drop_users']
[2026-08-27 14:37:30,725][evaluation.evaluator][INFO] - evaluate dataset=solar users=137 dates=8760 windows=2192 removed_constant=0 L=504 H=168 stride=512
[2026-08-27 14:37:37,373][evaluation.evaluator][INFO] - artifacts ready run=/fssmall/home/h61084/codes/tsfm/outputs_selena/controls/solar/504_168/chronos2/none/raw/keep/run_0 mse=536.797 nmse=0.165388 inference_seconds=1.105
2026-08-27 14:37:38 | configuration dataset=solar L=504 H=168 model=chronos2 covariates=none instance_norm=false remove_constant=true seed=1 batch_size=64
[2026-08-27 14:37:40,932][data.dataset][INFO] - dataset config path=/fssmall/home/h61084/codes/datasets/solar/config.json applied_keys=['aggr', 'date_col', 'drop_users']
[2026-08-27 14:37:41,288][evaluation.evaluator][INFO] - evaluate dataset=solar users=137 dates=8760 windows=2192 removed_constant=0 L=504 H=168 stride=512
[2026-08-27 14:37:48,033][evaluation.evaluator][INFO] - artifacts ready run=/fssmall/home/h61084/codes/tsfm/outputs_selena/controls/solar/504_168/chronos2/none/raw/remove/run_0 mse=536.797 nmse=0.165388 inference_seconds=1.116
2026-08-27 14:37:49 | configuration dataset=exchange_rate L=7 H=1 model=repeat covariates=none instance_norm=true remove_constant=false seed=1 batch_size=512
[2026-08-27 14:37:51,565][data.dataset][INFO] - dataset config path=/fssmall/home/h61084/codes/datasets/exchange_rate/config.json applied_keys=['date_col', 'drop_users']
[2026-08-27 14:37:51,592][evaluation.evaluator][INFO] - evaluate dataset=exchange_rate users=8 dates=7588 windows=120 removed_constant=0 L=7 H=1 stride=512
[2026-08-27 14:37:51,826][evaluation.evaluator][INFO] - artifacts ready run=/fssmall/home/h61084/codes/tsfm/outputs_selena/controls/exchange_rate/7_1/repeat/none/instance/keep/run_0 mse=1.04955e-05 nmse=2.928 inference_seconds=0.020
2026-08-27 14:37:52 | configuration dataset=exchange_rate L=7 H=1 model=repeat covariates=none instance_norm=true remove_constant=true seed=1 batch_size=512
[2026-08-27 14:37:55,019][data.dataset][INFO] - dataset config path=/fssmall/home/h61084/codes/datasets/exchange_rate/config.json applied_keys=['date_col', 'drop_users']
[2026-08-27 14:37:55,042][evaluation.evaluator][INFO] - evaluate dataset=exchange_rate users=8 dates=7588 windows=118 removed_constant=2 L=7 H=1 stride=512
[2026-08-27 14:37:55,274][evaluation.evaluator][INFO] - artifacts ready run=/fssmall/home/h61084/codes/tsfm/outputs_selena/controls/exchange_rate/7_1/repeat/none/instance/remove/run_0 mse=1.06733e-05 nmse=2.97762 inference_seconds=0.020
2026-08-27 14:37:55 | configuration dataset=exchange_rate L=7 H=1 model=repeat covariates=none instance_norm=false remove_constant=false seed=1 batch_size=512
[2026-08-27 14:37:58,446][data.dataset][INFO] - dataset config path=/fssmall/home/h61084/codes/datasets/exchange_rate/config.json applied_keys=['date_col', 'drop_users']
[2026-08-27 14:37:58,469][evaluation.evaluator][INFO] - evaluate dataset=exchange_rate users=8 dates=7588 windows=120 removed_constant=0 L=7 H=1 stride=512
[2026-08-27 14:37:58,692][evaluation.evaluator][INFO] - artifacts ready run=/fssmall/home/h61084/codes/tsfm/outputs_selena/controls/exchange_rate/7_1/repeat/none/raw/keep/run_0 mse=1.04955e-05 nmse=2.928 inference_seconds=0.000
2026-08-27 14:37:59 | configuration dataset=exchange_rate L=7 H=1 model=repeat covariates=none instance_norm=false remove_constant=true seed=1 batch_size=512
[2026-08-27 14:38:01,855][data.dataset][INFO] - dataset config path=/fssmall/home/h61084/codes/datasets/exchange_rate/config.json applied_keys=['date_col', 'drop_users']
[2026-08-27 14:38:01,878][evaluation.evaluator][INFO] - evaluate dataset=exchange_rate users=8 dates=7588 windows=118 removed_constant=2 L=7 H=1 stride=512
[2026-08-27 14:38:02,099][evaluation.evaluator][INFO] - artifacts ready run=/fssmall/home/h61084/codes/tsfm/outputs_selena/controls/exchange_rate/7_1/repeat/none/raw/remove/run_0 mse=1.06733e-05 nmse=2.97762 inference_seconds=0.000
2026-08-27 14:38:02 | configuration dataset=exchange_rate L=7 H=1 model=chronos2 covariates=none instance_norm=true remove_constant=false seed=1 batch_size=64
[2026-08-27 14:38:05,289][data.dataset][INFO] - dataset config path=/fssmall/home/h61084/codes/datasets/exchange_rate/config.json applied_keys=['date_col', 'drop_users']
[2026-08-27 14:38:05,314][evaluation.evaluator][INFO] - evaluate dataset=exchange_rate users=8 dates=7588 windows=120 removed_constant=0 L=7 H=1 stride=512
[2026-08-27 14:38:10,991][evaluation.evaluator][INFO] - artifacts ready run=/fssmall/home/h61084/codes/tsfm/outputs_selena/controls/exchange_rate/7_1/chronos2/none/instance/keep/run_0 mse=1.10843e-05 nmse=3.07086 inference_seconds=0.212
2026-08-27 14:38:11 | configuration dataset=exchange_rate L=7 H=1 model=chronos2 covariates=none instance_norm=true remove_constant=true seed=1 batch_size=64
[2026-08-27 14:38:14,491][data.dataset][INFO] - dataset config path=/fssmall/home/h61084/codes/datasets/exchange_rate/config.json applied_keys=['date_col', 'drop_users']
[2026-08-27 14:38:14,514][evaluation.evaluator][INFO] - evaluate dataset=exchange_rate users=8 dates=7588 windows=118 removed_constant=2 L=7 H=1 stride=512
[2026-08-27 14:38:20,205][evaluation.evaluator][INFO] - artifacts ready run=/fssmall/home/h61084/codes/tsfm/outputs_selena/controls/exchange_rate/7_1/chronos2/none/instance/remove/run_0 mse=1.12722e-05 nmse=3.12291 inference_seconds=0.213
2026-08-27 14:38:21 | configuration dataset=exchange_rate L=7 H=1 model=chronos2 covariates=none instance_norm=false remove_constant=false seed=1 batch_size=64
[2026-08-27 14:38:23,776][data.dataset][INFO] - dataset config path=/fssmall/home/h61084/codes/datasets/exchange_rate/config.json applied_keys=['date_col', 'drop_users']
[2026-08-27 14:38:23,800][evaluation.evaluator][INFO] - evaluate dataset=exchange_rate users=8 dates=7588 windows=120 removed_constant=0 L=7 H=1 stride=512
[2026-08-27 14:38:29,484][evaluation.evaluator][INFO] - artifacts ready run=/fssmall/home/h61084/codes/tsfm/outputs_selena/controls/exchange_rate/7_1/chronos2/none/raw/keep/run_0 mse=1.10844e-05 nmse=3.2374 inference_seconds=0.209
2026-08-27 14:38:30 | configuration dataset=exchange_rate L=7 H=1 model=chronos2 covariates=none instance_norm=false remove_constant=true seed=1 batch_size=64
[2026-08-27 14:38:33,022][data.dataset][INFO] - dataset config path=/fssmall/home/h61084/codes/datasets/exchange_rate/config.json applied_keys=['date_col', 'drop_users']
[2026-08-27 14:38:33,046][evaluation.evaluator][INFO] - evaluate dataset=exchange_rate users=8 dates=7588 windows=118 removed_constant=2 L=7 H=1 stride=512
[2026-08-27 14:38:38,746][evaluation.evaluator][INFO] - artifacts ready run=/fssmall/home/h61084/codes/tsfm/outputs_selena/controls/exchange_rate/7_1/chronos2/none/raw/remove/run_0 mse=1.12722e-05 nmse=3.12292 inference_seconds=0.211
2026-08-27 14:38:39 | configuration dataset=exchange_rate L=14 H=2 model=repeat covariates=none instance_norm=true remove_constant=false seed=1 batch_size=512
[2026-08-27 14:38:42,350][data.dataset][INFO] - dataset config path=/fssmall/home/h61084/codes/datasets/exchange_rate/config.json applied_keys=['date_col', 'drop_users']
[2026-08-27 14:38:42,375][evaluation.evaluator][INFO] - evaluate dataset=exchange_rate users=8 dates=7588 windows=120 removed_constant=0 L=14 H=2 stride=512
[2026-08-27 14:38:42,600][evaluation.evaluator][INFO] - artifacts ready run=/fssmall/home/h61084/codes/tsfm/outputs_selena/controls/exchange_rate/14_2/repeat/none/instance/keep/run_0 mse=4.92473e-05 nmse=2.79419 inference_seconds=0.020
2026-08-27 14:38:43 | configuration dataset=exchange_rate L=14 H=2 model=repeat covariates=none instance_norm=true remove_constant=true seed=1 batch_size=512
[2026-08-27 14:38:45,855][data.dataset][INFO] - dataset config path=/fssmall/home/h61084/codes/datasets/exchange_rate/config.json applied_keys=['date_col', 'drop_users']
[2026-08-27 14:38:45,878][evaluation.evaluator][INFO] - evaluate dataset=exchange_rate users=8 dates=7588 windows=118 removed_constant=2 L=14 H=2 stride=512
[2026-08-27 14:38:46,110][evaluation.evaluator][INFO] - artifacts ready run=/fssmall/home/h61084/codes/tsfm/outputs_selena/controls/exchange_rate/14_2/repeat/none/instance/remove/run_0 mse=5.0082e-05 nmse=2.84155 inference_seconds=0.020
2026-08-27 14:38:46 | configuration dataset=exchange_rate L=14 H=2 model=repeat covariates=none instance_norm=false remove_constant=false seed=1 batch_size=512
[2026-08-27 14:38:49,327][data.dataset][INFO] - dataset config path=/fssmall/home/h61084/codes/datasets/exchange_rate/config.json applied_keys=['date_col', 'drop_users']
[2026-08-27 14:38:49,350][evaluation.evaluator][INFO] - evaluate dataset=exchange_rate users=8 dates=7588 windows=120 removed_constant=0 L=14 H=2 stride=512
[2026-08-27 14:38:49,577][evaluation.evaluator][INFO] - artifacts ready run=/fssmall/home/h61084/codes/tsfm/outputs_selena/controls/exchange_rate/14_2/repeat/none/raw/keep/run_0 mse=4.92473e-05 nmse=2.79419 inference_seconds=0.000
2026-08-27 14:38:50 | configuration dataset=exchange_rate L=14 H=2 model=repeat covariates=none instance_norm=false remove_constant=true seed=1 batch_size=512
[2026-08-27 14:38:52,792][data.dataset][INFO] - dataset config path=/fssmall/home/h61084/codes/datasets/exchange_rate/config.json applied_keys=['date_col', 'drop_users']
[2026-08-27 14:38:52,815][evaluation.evaluator][INFO] - evaluate dataset=exchange_rate users=8 dates=7588 windows=118 removed_constant=2 L=14 H=2 stride=512
[2026-08-27 14:38:53,034][evaluation.evaluator][INFO] - artifacts ready run=/fssmall/home/h61084/codes/tsfm/outputs_selena/controls/exchange_rate/14_2/repeat/none/raw/remove/run_0 mse=5.0082e-05 nmse=2.84155 inference_seconds=0.000
2026-08-27 14:38:53 | configuration dataset=exchange_rate L=14 H=2 model=chronos2 covariates=none instance_norm=true remove_constant=false seed=1 batch_size=64
[2026-08-27 14:38:56,266][data.dataset][INFO] - dataset config path=/fssmall/home/h61084/codes/datasets/exchange_rate/config.json applied_keys=['date_col', 'drop_users']
[2026-08-27 14:38:56,291][evaluation.evaluator][INFO] - evaluate dataset=exchange_rate users=8 dates=7588 windows=120 removed_constant=0 L=14 H=2 stride=512
[2026-08-27 14:39:01,983][evaluation.evaluator][INFO] - artifacts ready run=/fssmall/home/h61084/codes/tsfm/outputs_selena/controls/exchange_rate/14_2/chronos2/none/instance/keep/run_0 mse=4.45246e-05 nmse=2.57636 inference_seconds=0.212
2026-08-27 14:39:02 | configuration dataset=exchange_rate L=14 H=2 model=chronos2 covariates=none instance_norm=true remove_constant=true seed=1 batch_size=64
[2026-08-27 14:39:05,584][data.dataset][INFO] - dataset config path=/fssmall/home/h61084/codes/datasets/exchange_rate/config.json applied_keys=['date_col', 'drop_users']
[2026-08-27 14:39:05,607][evaluation.evaluator][INFO] - evaluate dataset=exchange_rate users=8 dates=7588 windows=118 removed_constant=2 L=14 H=2 stride=512
[2026-08-27 14:39:11,263][evaluation.evaluator][INFO] - artifacts ready run=/fssmall/home/h61084/codes/tsfm/outputs_selena/controls/exchange_rate/14_2/chronos2/none/instance/remove/run_0 mse=4.52792e-05 nmse=2.62003 inference_seconds=0.226
2026-08-27 14:39:12 | configuration dataset=exchange_rate L=14 H=2 model=chronos2 covariates=none instance_norm=false remove_constant=false seed=1 batch_size=64
[2026-08-27 14:39:14,798][data.dataset][INFO] - dataset config path=/fssmall/home/h61084/codes/datasets/exchange_rate/config.json applied_keys=['date_col', 'drop_users']
[2026-08-27 14:39:14,824][evaluation.evaluator][INFO] - evaluate dataset=exchange_rate users=8 dates=7588 windows=120 removed_constant=0 L=14 H=2 stride=512
[2026-08-27 14:39:20,500][evaluation.evaluator][INFO] - artifacts ready run=/fssmall/home/h61084/codes/tsfm/outputs_selena/controls/exchange_rate/14_2/chronos2/none/raw/keep/run_0 mse=4.45247e-05 nmse=2.60643 inference_seconds=0.211
2026-08-27 14:39:21 | configuration dataset=exchange_rate L=14 H=2 model=chronos2 covariates=none instance_norm=false remove_constant=true seed=1 batch_size=64
[2026-08-27 14:39:24,083][data.dataset][INFO] - dataset config path=/fssmall/home/h61084/codes/datasets/exchange_rate/config.json applied_keys=['date_col', 'drop_users']
[2026-08-27 14:39:24,106][evaluation.evaluator][INFO] - evaluate dataset=exchange_rate users=8 dates=7588 windows=118 removed_constant=2 L=14 H=2 stride=512
[2026-08-27 14:39:29,764][evaluation.evaluator][INFO] - artifacts ready run=/fssmall/home/h61084/codes/tsfm/outputs_selena/controls/exchange_rate/14_2/chronos2/none/raw/remove/run_0 mse=4.52793e-05 nmse=2.62003 inference_seconds=0.212
2026-08-27 14:39:30 | configuration dataset=exchange_rate L=30 H=7 model=repeat covariates=none instance_norm=true remove_constant=false seed=1 batch_size=512
[2026-08-27 14:39:33,339][data.dataset][INFO] - dataset config path=/fssmall/home/h61084/codes/datasets/exchange_rate/config.json applied_keys=['date_col', 'drop_users']
[2026-08-27 14:39:33,364][evaluation.evaluator][INFO] - evaluate dataset=exchange_rate users=8 dates=7588 windows=120 removed_constant=0 L=30 H=7 stride=512
[2026-08-27 14:39:33,593][evaluation.evaluator][INFO] - artifacts ready run=/fssmall/home/h61084/codes/tsfm/outputs_selena/controls/exchange_rate/30_7/repeat/none/instance/keep/run_0 mse=0.000116533 nmse=52.2015 inference_seconds=0.020
2026-08-27 14:39:34 | configuration dataset=exchange_rate L=30 H=7 model=repeat covariates=none instance_norm=true remove_constant=true seed=1 batch_size=512
[2026-08-27 14:39:36,819][data.dataset][INFO] - dataset config path=/fssmall/home/h61084/codes/datasets/exchange_rate/config.json applied_keys=['date_col', 'drop_users']
[2026-08-27 14:39:36,841][evaluation.evaluator][INFO] - evaluate dataset=exchange_rate users=8 dates=7588 windows=118 removed_constant=2 L=30 H=7 stride=512
[2026-08-27 14:39:37,070][evaluation.evaluator][INFO] - artifacts ready run=/fssmall/home/h61084/codes/tsfm/outputs_selena/controls/exchange_rate/30_7/repeat/none/instance/remove/run_0 mse=0.000118508 nmse=53.0863 inference_seconds=0.020
2026-08-27 14:39:37 | configuration dataset=exchange_rate L=30 H=7 model=repeat covariates=none instance_norm=false remove_constant=false seed=1 batch_size=512
[2026-08-27 14:39:40,305][data.dataset][INFO] - dataset config path=/fssmall/home/h61084/codes/datasets/exchange_rate/config.json applied_keys=['date_col', 'drop_users']
[2026-08-27 14:39:40,329][evaluation.evaluator][INFO] - evaluate dataset=exchange_rate users=8 dates=7588 windows=120 removed_constant=0 L=30 H=7 stride=512
[2026-08-27 14:39:40,554][evaluation.evaluator][INFO] - artifacts ready run=/fssmall/home/h61084/codes/tsfm/outputs_selena/controls/exchange_rate/30_7/repeat/none/raw/keep/run_0 mse=0.000116533 nmse=52.2015 inference_seconds=0.000
2026-08-27 14:39:41 | configuration dataset=exchange_rate L=30 H=7 model=repeat covariates=none instance_norm=false remove_constant=true seed=1 batch_size=512
[2026-08-27 14:39:43,770][data.dataset][INFO] - dataset config path=/fssmall/home/h61084/codes/datasets/exchange_rate/config.json applied_keys=['date_col', 'drop_users']
[2026-08-27 14:39:43,794][evaluation.evaluator][INFO] - evaluate dataset=exchange_rate users=8 dates=7588 windows=118 removed_constant=2 L=30 H=7 stride=512
[2026-08-27 14:39:44,032][evaluation.evaluator][INFO] - artifacts ready run=/fssmall/home/h61084/codes/tsfm/outputs_selena/controls/exchange_rate/30_7/repeat/none/raw/remove/run_0 mse=0.000118508 nmse=53.0863 inference_seconds=0.000
2026-08-27 14:39:44 | configuration dataset=exchange_rate L=30 H=7 model=chronos2 covariates=none instance_norm=true remove_constant=false seed=1 batch_size=64
[2026-08-27 14:39:47,353][data.dataset][INFO] - dataset config path=/fssmall/home/h61084/codes/datasets/exchange_rate/config.json applied_keys=['date_col', 'drop_users']
[2026-08-27 14:39:47,378][evaluation.evaluator][INFO] - evaluate dataset=exchange_rate users=8 dates=7588 windows=120 removed_constant=0 L=30 H=7 stride=512
[2026-08-27 14:39:53,086][evaluation.evaluator][INFO] - artifacts ready run=/fssmall/home/h61084/codes/tsfm/outputs_selena/controls/exchange_rate/30_7/chronos2/none/instance/keep/run_0 mse=9.06601e-05 nmse=51.7295 inference_seconds=0.214
2026-08-27 14:39:54 | configuration dataset=exchange_rate L=30 H=7 model=chronos2 covariates=none instance_norm=true remove_constant=true seed=1 batch_size=64
[2026-08-27 14:39:56,699][data.dataset][INFO] - dataset config path=/fssmall/home/h61084/codes/datasets/exchange_rate/config.json applied_keys=['date_col', 'drop_users']
[2026-08-27 14:39:56,723][evaluation.evaluator][INFO] - evaluate dataset=exchange_rate users=8 dates=7588 windows=118 removed_constant=2 L=30 H=7 stride=512
[2026-08-27 14:40:02,365][evaluation.evaluator][INFO] - artifacts ready run=/fssmall/home/h61084/codes/tsfm/outputs_selena/controls/exchange_rate/30_7/chronos2/none/instance/remove/run_0 mse=9.21967e-05 nmse=52.6062 inference_seconds=0.215
2026-08-27 14:40:03 | configuration dataset=exchange_rate L=30 H=7 model=chronos2 covariates=none instance_norm=false remove_constant=false seed=1 batch_size=64
[2026-08-27 14:40:05,932][data.dataset][INFO] - dataset config path=/fssmall/home/h61084/codes/datasets/exchange_rate/config.json applied_keys=['date_col', 'drop_users']
[2026-08-27 14:40:05,957][evaluation.evaluator][INFO] - evaluate dataset=exchange_rate users=8 dates=7588 windows=120 removed_constant=0 L=30 H=7 stride=512
[2026-08-27 14:40:11,728][evaluation.evaluator][INFO] - artifacts ready run=/fssmall/home/h61084/codes/tsfm/outputs_selena/controls/exchange_rate/30_7/chronos2/none/raw/keep/run_0 mse=9.06601e-05 nmse=51.7314 inference_seconds=0.212
2026-08-27 14:40:12 | configuration dataset=exchange_rate L=30 H=7 model=chronos2 covariates=none instance_norm=false remove_constant=true seed=1 batch_size=64
[2026-08-27 14:40:15,357][data.dataset][INFO] - dataset config path=/fssmall/home/h61084/codes/datasets/exchange_rate/config.json applied_keys=['date_col', 'drop_users']
[2026-08-27 14:40:15,381][evaluation.evaluator][INFO] - evaluate dataset=exchange_rate users=8 dates=7588 windows=118 removed_constant=2 L=30 H=7 stride=512
[2026-08-27 14:40:21,158][evaluation.evaluator][INFO] - artifacts ready run=/fssmall/home/h61084/codes/tsfm/outputs_selena/controls/exchange_rate/30_7/chronos2/none/raw/remove/run_0 mse=9.21967e-05 nmse=52.6062 inference_seconds=0.212
2026-08-27 14:40:22 | configuration dataset=time/cphl_h_part01 L=168 H=24 model=repeat covariates=none instance_norm=true remove_constant=false seed=1 batch_size=512
[2026-08-27 14:40:24,757][data.dataset][INFO] - dataset config path=/fssmall/home/h61084/codes/datasets/time/cphl_h_part01/config.json applied_keys=['date_col', 'drop_users', 'target_cols']
[2026-08-27 14:40:24,778][evaluation.evaluator][INFO] - evaluate dataset=time/cphl_h_part01 users=1 dates=2708 windows=5 removed_constant=0 L=168 H=24 stride=512
[2026-08-27 14:40:24,999][evaluation.evaluator][INFO] - artifacts ready run=/fssmall/home/h61084/codes/tsfm/outputs_selena/controls/time-cphl_h_part01/168_24/repeat/none/instance/keep/run_0 mse=0.0216303 nmse=0.704693 inference_seconds=0.020
2026-08-27 14:40:25 | configuration dataset=time/cphl_h_part01 L=168 H=24 model=repeat covariates=none instance_norm=true remove_constant=true seed=1 batch_size=512
[2026-08-27 14:40:28,243][data.dataset][INFO] - dataset config path=/fssmall/home/h61084/codes/datasets/time/cphl_h_part01/config.json applied_keys=['date_col', 'drop_users', 'target_cols']
[2026-08-27 14:40:28,262][evaluation.evaluator][INFO] - evaluate dataset=time/cphl_h_part01 users=1 dates=2708 windows=5 removed_constant=0 L=168 H=24 stride=512
[2026-08-27 14:40:28,483][evaluation.evaluator][INFO] - artifacts ready run=/fssmall/home/h61084/codes/tsfm/outputs_selena/controls/time-cphl_h_part01/168_24/repeat/none/instance/remove/run_0 mse=0.0216303 nmse=0.704693 inference_seconds=0.020
2026-08-27 14:40:29 | configuration dataset=time/cphl_h_part01 L=168 H=24 model=repeat covariates=none instance_norm=false remove_constant=false seed=1 batch_size=512
[2026-08-27 14:40:31,745][data.dataset][INFO] - dataset config path=/fssmall/home/h61084/codes/datasets/time/cphl_h_part01/config.json applied_keys=['date_col', 'drop_users', 'target_cols']
[2026-08-27 14:40:31,764][evaluation.evaluator][INFO] - evaluate dataset=time/cphl_h_part01 users=1 dates=2708 windows=5 removed_constant=0 L=168 H=24 stride=512
[2026-08-27 14:40:31,985][evaluation.evaluator][INFO] - artifacts ready run=/fssmall/home/h61084/codes/tsfm/outputs_selena/controls/time-cphl_h_part01/168_24/repeat/none/raw/keep/run_0 mse=0.0216303 nmse=0.704693 inference_seconds=0.000
2026-08-27 14:40:32 | configuration dataset=time/cphl_h_part01 L=168 H=24 model=repeat covariates=none instance_norm=false remove_constant=true seed=1 batch_size=512
[2026-08-27 14:40:35,222][data.dataset][INFO] - dataset config path=/fssmall/home/h61084/codes/datasets/time/cphl_h_part01/config.json applied_keys=['date_col', 'drop_users', 'target_cols']
[2026-08-27 14:40:35,239][evaluation.evaluator][INFO] - evaluate dataset=time/cphl_h_part01 users=1 dates=2708 windows=5 removed_constant=0 L=168 H=24 stride=512
[2026-08-27 14:40:35,456][evaluation.evaluator][INFO] - artifacts ready run=/fssmall/home/h61084/codes/tsfm/outputs_selena/controls/time-cphl_h_part01/168_24/repeat/none/raw/remove/run_0 mse=0.0216303 nmse=0.704693 inference_seconds=0.000
2026-08-27 14:40:36 | configuration dataset=time/cphl_h_part01 L=168 H=24 model=chronos2 covariates=none instance_norm=true remove_constant=false seed=1 batch_size=64
[2026-08-27 14:40:38,699][data.dataset][INFO] - dataset config path=/fssmall/home/h61084/codes/datasets/time/cphl_h_part01/config.json applied_keys=['date_col', 'drop_users', 'target_cols']
[2026-08-27 14:40:38,719][evaluation.evaluator][INFO] - evaluate dataset=time/cphl_h_part01 users=1 dates=2708 windows=5 removed_constant=0 L=168 H=24 stride=512
[2026-08-27 14:40:44,486][evaluation.evaluator][INFO] - artifacts ready run=/fssmall/home/h61084/codes/tsfm/outputs_selena/controls/time-cphl_h_part01/168_24/chronos2/none/instance/keep/run_0 mse=0.022773 nmse=0.602296 inference_seconds=0.195
2026-08-27 14:40:45 | configuration dataset=time/cphl_h_part01 L=168 H=24 model=chronos2 covariates=none instance_norm=true remove_constant=true seed=1 batch_size=64
[2026-08-27 14:40:48,139][data.dataset][INFO] - dataset config path=/fssmall/home/h61084/codes/datasets/time/cphl_h_part01/config.json applied_keys=['date_col', 'drop_users', 'target_cols']
[2026-08-27 14:40:48,158][evaluation.evaluator][INFO] - evaluate dataset=time/cphl_h_part01 users=1 dates=2708 windows=5 removed_constant=0 L=168 H=24 stride=512
[2026-08-27 14:40:53,889][evaluation.evaluator][INFO] - artifacts ready run=/fssmall/home/h61084/codes/tsfm/outputs_selena/controls/time-cphl_h_part01/168_24/chronos2/none/instance/remove/run_0 mse=0.022773 nmse=0.602296 inference_seconds=0.197
2026-08-27 14:40:54 | configuration dataset=time/cphl_h_part01 L=168 H=24 model=chronos2 covariates=none instance_norm=false remove_constant=false seed=1 batch_size=64
[2026-08-27 14:40:57,478][data.dataset][INFO] - dataset config path=/fssmall/home/h61084/codes/datasets/time/cphl_h_part01/config.json applied_keys=['date_col', 'drop_users', 'target_cols']
[2026-08-27 14:40:57,497][evaluation.evaluator][INFO] - evaluate dataset=time/cphl_h_part01 users=1 dates=2708 windows=5 removed_constant=0 L=168 H=24 stride=512
[2026-08-27 14:41:03,285][evaluation.evaluator][INFO] - artifacts ready run=/fssmall/home/h61084/codes/tsfm/outputs_selena/controls/time-cphl_h_part01/168_24/chronos2/none/raw/keep/run_0 mse=0.022773 nmse=0.602296 inference_seconds=0.195
2026-08-27 14:41:04 | configuration dataset=time/cphl_h_part01 L=168 H=24 model=chronos2 covariates=none instance_norm=false remove_constant=true seed=1 batch_size=64
[2026-08-27 14:41:06,858][data.dataset][INFO] - dataset config path=/fssmall/home/h61084/codes/datasets/time/cphl_h_part01/config.json applied_keys=['date_col', 'drop_users', 'target_cols']
[2026-08-27 14:41:06,877][evaluation.evaluator][INFO] - evaluate dataset=time/cphl_h_part01 users=1 dates=2708 windows=5 removed_constant=0 L=168 H=24 stride=512
[2026-08-27 14:41:12,558][evaluation.evaluator][INFO] - artifacts ready run=/fssmall/home/h61084/codes/tsfm/outputs_selena/controls/time-cphl_h_part01/168_24/chronos2/none/raw/remove/run_0 mse=0.022773 nmse=0.602296 inference_seconds=0.193
2026-08-27 14:41:13 | configuration dataset=time/cphl_h_part01 L=336 H=48 model=repeat covariates=none instance_norm=true remove_constant=false seed=1 batch_size=512
[2026-08-27 14:41:16,197][data.dataset][INFO] - dataset config path=/fssmall/home/h61084/codes/datasets/time/cphl_h_part01/config.json applied_keys=['date_col', 'drop_users', 'target_cols']
[2026-08-27 14:41:16,217][evaluation.evaluator][INFO] - evaluate dataset=time/cphl_h_part01 users=1 dates=2708 windows=5 removed_constant=0 L=336 H=48 stride=512
[2026-08-27 14:41:16,440][evaluation.evaluator][INFO] - artifacts ready run=/fssmall/home/h61084/codes/tsfm/outputs_selena/controls/time-cphl_h_part01/336_48/repeat/none/instance/keep/run_0 mse=0.0446768 nmse=1.37897 inference_seconds=0.020
2026-08-27 14:41:17 | configuration dataset=time/cphl_h_part01 L=336 H=48 model=repeat covariates=none instance_norm=true remove_constant=true seed=1 batch_size=512
[2026-08-27 14:41:19,685][data.dataset][INFO] - dataset config path=/fssmall/home/h61084/codes/datasets/time/cphl_h_part01/config.json applied_keys=['date_col', 'drop_users', 'target_cols']
[2026-08-27 14:41:19,703][evaluation.evaluator][INFO] - evaluate dataset=time/cphl_h_part01 users=1 dates=2708 windows=5 removed_constant=0 L=336 H=48 stride=512
[2026-08-27 14:41:19,932][evaluation.evaluator][INFO] - artifacts ready run=/fssmall/home/h61084/codes/tsfm/outputs_selena/controls/time-cphl_h_part01/336_48/repeat/none/instance/remove/run_0 mse=0.0446768 nmse=1.37897 inference_seconds=0.020
2026-08-27 14:41:20 | configuration dataset=time/cphl_h_part01 L=336 H=48 model=repeat covariates=none instance_norm=false remove_constant=false seed=1 batch_size=512
[2026-08-27 14:41:23,198][data.dataset][INFO] - dataset config path=/fssmall/home/h61084/codes/datasets/time/cphl_h_part01/config.json applied_keys=['date_col', 'drop_users', 'target_cols']
[2026-08-27 14:41:23,217][evaluation.evaluator][INFO] - evaluate dataset=time/cphl_h_part01 users=1 dates=2708 windows=5 removed_constant=0 L=336 H=48 stride=512
[2026-08-27 14:41:23,437][evaluation.evaluator][INFO] - artifacts ready run=/fssmall/home/h61084/codes/tsfm/outputs_selena/controls/time-cphl_h_part01/336_48/repeat/none/raw/keep/run_0 mse=0.0446768 nmse=1.37897 inference_seconds=0.000
2026-08-27 14:41:24 | configuration dataset=time/cphl_h_part01 L=336 H=48 model=repeat covariates=none instance_norm=false remove_constant=true seed=1 batch_size=512
[2026-08-27 14:41:26,692][data.dataset][INFO] - dataset config path=/fssmall/home/h61084/codes/datasets/time/cphl_h_part01/config.json applied_keys=['date_col', 'drop_users', 'target_cols']
[2026-08-27 14:41:26,710][evaluation.evaluator][INFO] - evaluate dataset=time/cphl_h_part01 users=1 dates=2708 windows=5 removed_constant=0 L=336 H=48 stride=512
[2026-08-27 14:41:26,939][evaluation.evaluator][INFO] - artifacts ready run=/fssmall/home/h61084/codes/tsfm/outputs_selena/controls/time-cphl_h_part01/336_48/repeat/none/raw/remove/run_0 mse=0.0446768 nmse=1.37897 inference_seconds=0.000
2026-08-27 14:41:27 | configuration dataset=time/cphl_h_part01 L=336 H=48 model=chronos2 covariates=none instance_norm=true remove_constant=false seed=1 batch_size=64
[2026-08-27 14:41:30,192][data.dataset][INFO] - dataset config path=/fssmall/home/h61084/codes/datasets/time/cphl_h_part01/config.json applied_keys=['date_col', 'drop_users', 'target_cols']
[2026-08-27 14:41:30,211][evaluation.evaluator][INFO] - evaluate dataset=time/cphl_h_part01 users=1 dates=2708 windows=5 removed_constant=0 L=336 H=48 stride=512
[2026-08-27 14:41:35,910][evaluation.evaluator][INFO] - artifacts ready run=/fssmall/home/h61084/codes/tsfm/outputs_selena/controls/time-cphl_h_part01/336_48/chronos2/none/instance/keep/run_0 mse=0.0207934 nmse=0.564626 inference_seconds=0.194
2026-08-27 14:41:36 | configuration dataset=time/cphl_h_part01 L=336 H=48 model=chronos2 covariates=none instance_norm=true remove_constant=true seed=1 batch_size=64
[2026-08-27 14:41:39,505][data.dataset][INFO] - dataset config path=/fssmall/home/h61084/codes/datasets/time/cphl_h_part01/config.json applied_keys=['date_col', 'drop_users', 'target_cols']
[2026-08-27 14:41:39,523][evaluation.evaluator][INFO] - evaluate dataset=time/cphl_h_part01 users=1 dates=2708 windows=5 removed_constant=0 L=336 H=48 stride=512
[2026-08-27 14:41:45,321][evaluation.evaluator][INFO] - artifacts ready run=/fssmall/home/h61084/codes/tsfm/outputs_selena/controls/time-cphl_h_part01/336_48/chronos2/none/instance/remove/run_0 mse=0.0207934 nmse=0.564626 inference_seconds=0.198
2026-08-27 14:41:46 | configuration dataset=time/cphl_h_part01 L=336 H=48 model=chronos2 covariates=none instance_norm=false remove_constant=false seed=1 batch_size=64
[2026-08-27 14:41:48,959][data.dataset][INFO] - dataset config path=/fssmall/home/h61084/codes/datasets/time/cphl_h_part01/config.json applied_keys=['date_col', 'drop_users', 'target_cols']
[2026-08-27 14:41:48,978][evaluation.evaluator][INFO] - evaluate dataset=time/cphl_h_part01 users=1 dates=2708 windows=5 removed_constant=0 L=336 H=48 stride=512
[2026-08-27 14:41:54,725][evaluation.evaluator][INFO] - artifacts ready run=/fssmall/home/h61084/codes/tsfm/outputs_selena/controls/time-cphl_h_part01/336_48/chronos2/none/raw/keep/run_0 mse=0.0207934 nmse=0.564626 inference_seconds=0.194
2026-08-27 14:41:55 | configuration dataset=time/cphl_h_part01 L=336 H=48 model=chronos2 covariates=none instance_norm=false remove_constant=true seed=1 batch_size=64
[2026-08-27 14:41:58,334][data.dataset][INFO] - dataset config path=/fssmall/home/h61084/codes/datasets/time/cphl_h_part01/config.json applied_keys=['date_col', 'drop_users', 'target_cols']
[2026-08-27 14:41:58,352][evaluation.evaluator][INFO] - evaluate dataset=time/cphl_h_part01 users=1 dates=2708 windows=5 removed_constant=0 L=336 H=48 stride=512
[2026-08-27 14:42:04,017][evaluation.evaluator][INFO] - artifacts ready run=/fssmall/home/h61084/codes/tsfm/outputs_selena/controls/time-cphl_h_part01/336_48/chronos2/none/raw/remove/run_0 mse=0.0207934 nmse=0.564626 inference_seconds=0.193
2026-08-27 14:42:05 | configuration dataset=time/cphl_h_part01 L=504 H=168 model=repeat covariates=none instance_norm=true remove_constant=false seed=1 batch_size=512
[2026-08-27 14:42:07,604][data.dataset][INFO] - dataset config path=/fssmall/home/h61084/codes/datasets/time/cphl_h_part01/config.json applied_keys=['date_col', 'drop_users', 'target_cols']
[2026-08-27 14:42:07,624][evaluation.evaluator][INFO] - evaluate dataset=time/cphl_h_part01 users=1 dates=2708 windows=4 removed_constant=0 L=504 H=168 stride=512
[2026-08-27 14:42:07,845][evaluation.evaluator][INFO] - artifacts ready run=/fssmall/home/h61084/codes/tsfm/outputs_selena/controls/time-cphl_h_part01/504_168/repeat/none/instance/keep/run_0 mse=0.0602656 nmse=2.56108 inference_seconds=0.021
2026-08-27 14:42:08 | configuration dataset=time/cphl_h_part01 L=504 H=168 model=repeat covariates=none instance_norm=true remove_constant=true seed=1 batch_size=512
[2026-08-27 14:42:11,074][data.dataset][INFO] - dataset config path=/fssmall/home/h61084/codes/datasets/time/cphl_h_part01/config.json applied_keys=['date_col', 'drop_users', 'target_cols']
[2026-08-27 14:42:11,092][evaluation.evaluator][INFO] - evaluate dataset=time/cphl_h_part01 users=1 dates=2708 windows=4 removed_constant=0 L=504 H=168 stride=512
[2026-08-27 14:42:11,332][evaluation.evaluator][INFO] - artifacts ready run=/fssmall/home/h61084/codes/tsfm/outputs_selena/controls/time-cphl_h_part01/504_168/repeat/none/instance/remove/run_0 mse=0.0602656 nmse=2.56108 inference_seconds=0.020
2026-08-27 14:42:12 | configuration dataset=time/cphl_h_part01 L=504 H=168 model=repeat covariates=none instance_norm=false remove_constant=false seed=1 batch_size=512
[2026-08-27 14:42:14,574][data.dataset][INFO] - dataset config path=/fssmall/home/h61084/codes/datasets/time/cphl_h_part01/config.json applied_keys=['date_col', 'drop_users', 'target_cols']
[2026-08-27 14:42:14,593][evaluation.evaluator][INFO] - evaluate dataset=time/cphl_h_part01 users=1 dates=2708 windows=4 removed_constant=0 L=504 H=168 stride=512
[2026-08-27 14:42:14,833][evaluation.evaluator][INFO] - artifacts ready run=/fssmall/home/h61084/codes/tsfm/outputs_selena/controls/time-cphl_h_part01/504_168/repeat/none/raw/keep/run_0 mse=0.0602656 nmse=2.56108 inference_seconds=0.000
2026-08-27 14:42:15 | configuration dataset=time/cphl_h_part01 L=504 H=168 model=repeat covariates=none instance_norm=false remove_constant=true seed=1 batch_size=512
[2026-08-27 14:42:18,116][data.dataset][INFO] - dataset config path=/fssmall/home/h61084/codes/datasets/time/cphl_h_part01/config.json applied_keys=['date_col', 'drop_users', 'target_cols']
[2026-08-27 14:42:18,133][evaluation.evaluator][INFO] - evaluate dataset=time/cphl_h_part01 users=1 dates=2708 windows=4 removed_constant=0 L=504 H=168 stride=512
[2026-08-27 14:42:18,352][evaluation.evaluator][INFO] - artifacts ready run=/fssmall/home/h61084/codes/tsfm/outputs_selena/controls/time-cphl_h_part01/504_168/repeat/none/raw/remove/run_0 mse=0.0602656 nmse=2.56108 inference_seconds=0.000
2026-08-27 14:42:21 | configuration dataset=time/cphl_h_part01 L=504 H=168 model=chronos2 covariates=none instance_norm=true remove_constant=false seed=1 batch_size=64
[2026-08-27 14:42:24,033][data.dataset][INFO] - dataset config path=/fssmall/home/h61084/codes/datasets/time/cphl_h_part01/config.json applied_keys=['date_col', 'drop_users', 'target_cols']
[2026-08-27 14:42:24,052][evaluation.evaluator][INFO] - evaluate dataset=time/cphl_h_part01 users=1 dates=2708 windows=4 removed_constant=0 L=504 H=168 stride=512
[2026-08-27 14:42:29,688][evaluation.evaluator][INFO] - artifacts ready run=/fssmall/home/h61084/codes/tsfm/outputs_selena/controls/time-cphl_h_part01/504_168/chronos2/none/instance/keep/run_0 mse=0.0493165 nmse=2.23909 inference_seconds=0.192
2026-08-27 14:42:31 | configuration dataset=time/cphl_h_part01 L=504 H=168 model=chronos2 covariates=none instance_norm=true remove_constant=true seed=1 batch_size=64
[2026-08-27 14:42:33,590][data.dataset][INFO] - dataset config path=/fssmall/home/h61084/codes/datasets/time/cphl_h_part01/config.json applied_keys=['date_col', 'drop_users', 'target_cols']
[2026-08-27 14:42:33,609][evaluation.evaluator][INFO] - evaluate dataset=time/cphl_h_part01 users=1 dates=2708 windows=4 removed_constant=0 L=504 H=168 stride=512
[2026-08-27 14:42:39,337][evaluation.evaluator][INFO] - artifacts ready run=/fssmall/home/h61084/codes/tsfm/outputs_selena/controls/time-cphl_h_part01/504_168/chronos2/none/instance/remove/run_0 mse=0.0493165 nmse=2.23909 inference_seconds=0.188
2026-08-27 14:42:40 | configuration dataset=time/cphl_h_part01 L=504 H=168 model=chronos2 covariates=none instance_norm=false remove_constant=false seed=1 batch_size=64
[2026-08-27 14:42:42,983][data.dataset][INFO] - dataset config path=/fssmall/home/h61084/codes/datasets/time/cphl_h_part01/config.json applied_keys=['date_col', 'drop_users', 'target_cols']
[2026-08-27 14:42:43,002][evaluation.evaluator][INFO] - evaluate dataset=time/cphl_h_part01 users=1 dates=2708 windows=4 removed_constant=0 L=504 H=168 stride=512
[2026-08-27 14:42:48,664][evaluation.evaluator][INFO] - artifacts ready run=/fssmall/home/h61084/codes/tsfm/outputs_selena/controls/time-cphl_h_part01/504_168/chronos2/none/raw/keep/run_0 mse=0.0493165 nmse=2.23909 inference_seconds=0.191
2026-08-27 14:42:49 | configuration dataset=time/cphl_h_part01 L=504 H=168 model=chronos2 covariates=none instance_norm=false remove_constant=true seed=1 batch_size=64
[2026-08-27 14:42:52,272][data.dataset][INFO] - dataset config path=/fssmall/home/h61084/codes/datasets/time/cphl_h_part01/config.json applied_keys=['date_col', 'drop_users', 'target_cols']
[2026-08-27 14:42:52,293][evaluation.evaluator][INFO] - evaluate dataset=time/cphl_h_part01 users=1 dates=2708 windows=4 removed_constant=0 L=504 H=168 stride=512
[2026-08-27 14:42:57,940][evaluation.evaluator][INFO] - artifacts ready run=/fssmall/home/h61084/codes/tsfm/outputs_selena/controls/time-cphl_h_part01/504_168/chronos2/none/raw/remove/run_0 mse=0.0493165 nmse=2.23909 inference_seconds=0.193
2026-08-27 14:42:59 | configuration dataset=time/cphl_h_part02 L=168 H=24 model=repeat covariates=none instance_norm=true remove_constant=false seed=1 batch_size=512
[2026-08-27 14:43:01,574][data.dataset][INFO] - dataset config path=/fssmall/home/h61084/codes/datasets/time/cphl_h_part02/config.json applied_keys=['date_col', 'drop_users', 'target_cols']
[2026-08-27 14:43:01,595][evaluation.evaluator][INFO] - evaluate dataset=time/cphl_h_part02 users=1 dates=2490 windows=5 removed_constant=0 L=168 H=24 stride=512
[2026-08-27 14:43:01,833][evaluation.evaluator][INFO] - artifacts ready run=/fssmall/home/h61084/codes/tsfm/outputs_selena/controls/time-cphl_h_part02/168_24/repeat/none/instance/keep/run_0 mse=0.0506515 nmse=2.65786 inference_seconds=0.020
2026-08-27 14:43:02 | configuration dataset=time/cphl_h_part02 L=168 H=24 model=repeat covariates=none instance_norm=true remove_constant=true seed=1 batch_size=512
[2026-08-27 14:43:05,172][data.dataset][INFO] - dataset config path=/fssmall/home/h61084/codes/datasets/time/cphl_h_part02/config.json applied_keys=['date_col', 'drop_users', 'target_cols']
[2026-08-27 14:43:05,191][evaluation.evaluator][INFO] - evaluate dataset=time/cphl_h_part02 users=1 dates=2490 windows=5 removed_constant=0 L=168 H=24 stride=512
[2026-08-27 14:43:05,437][evaluation.evaluator][INFO] - artifacts ready run=/fssmall/home/h61084/codes/tsfm/outputs_selena/controls/time-cphl_h_part02/168_24/repeat/none/instance/remove/run_0 mse=0.0506515 nmse=2.65786 inference_seconds=0.020
2026-08-27 14:43:06 | configuration dataset=time/cphl_h_part02 L=168 H=24 model=repeat covariates=none instance_norm=false remove_constant=false seed=1 batch_size=512
[2026-08-27 14:43:08,795][data.dataset][INFO] - dataset config path=/fssmall/home/h61084/codes/datasets/time/cphl_h_part02/config.json applied_keys=['date_col', 'drop_users', 'target_cols']
[2026-08-27 14:43:08,816][evaluation.evaluator][INFO] - evaluate dataset=time/cphl_h_part02 users=1 dates=2490 windows=5 removed_constant=0 L=168 H=24 stride=512
[2026-08-27 14:43:09,037][evaluation.evaluator][INFO] - artifacts ready run=/fssmall/home/h61084/codes/tsfm/outputs_selena/controls/time-cphl_h_part02/168_24/repeat/none/raw/keep/run_0 mse=0.0506515 nmse=2.65786 inference_seconds=0.000
2026-08-27 14:43:09 | configuration dataset=time/cphl_h_part02 L=168 H=24 model=repeat covariates=none instance_norm=false remove_constant=true seed=1 batch_size=512
[2026-08-27 14:43:12,355][data.dataset][INFO] - dataset config path=/fssmall/home/h61084/codes/datasets/time/cphl_h_part02/config.json applied_keys=['date_col', 'drop_users', 'target_cols']
[2026-08-27 14:43:12,374][evaluation.evaluator][INFO] - evaluate dataset=time/cphl_h_part02 users=1 dates=2490 windows=5 removed_constant=0 L=168 H=24 stride=512
[2026-08-27 14:43:12,592][evaluation.evaluator][INFO] - artifacts ready run=/fssmall/home/h61084/codes/tsfm/outputs_selena/controls/time-cphl_h_part02/168_24/repeat/none/raw/remove/run_0 mse=0.0506515 nmse=2.65786 inference_seconds=0.000
2026-08-27 14:43:13 | configuration dataset=time/cphl_h_part02 L=168 H=24 model=chronos2 covariates=none instance_norm=true remove_constant=false seed=1 batch_size=64
[2026-08-27 14:43:15,883][data.dataset][INFO] - dataset config path=/fssmall/home/h61084/codes/datasets/time/cphl_h_part02/config.json applied_keys=['date_col', 'drop_users', 'target_cols']
[2026-08-27 14:43:15,902][evaluation.evaluator][INFO] - evaluate dataset=time/cphl_h_part02 users=1 dates=2490 windows=5 removed_constant=0 L=168 H=24 stride=512
[2026-08-27 14:43:21,535][evaluation.evaluator][INFO] - artifacts ready run=/fssmall/home/h61084/codes/tsfm/outputs_selena/controls/time-cphl_h_part02/168_24/chronos2/none/instance/keep/run_0 mse=0.0713239 nmse=1.73438 inference_seconds=0.194
2026-08-27 14:43:22 | configuration dataset=time/cphl_h_part02 L=168 H=24 model=chronos2 covariates=none instance_norm=true remove_constant=true seed=1 batch_size=64
[2026-08-27 14:43:25,187][data.dataset][INFO] - dataset config path=/fssmall/home/h61084/codes/datasets/time/cphl_h_part02/config.json applied_keys=['date_col', 'drop_users', 'target_cols']
[2026-08-27 14:43:25,205][evaluation.evaluator][INFO] - evaluate dataset=time/cphl_h_part02 users=1 dates=2490 windows=5 removed_constant=0 L=168 H=24 stride=512
[2026-08-27 14:43:30,891][evaluation.evaluator][INFO] - artifacts ready run=/fssmall/home/h61084/codes/tsfm/outputs_selena/controls/time-cphl_h_part02/168_24/chronos2/none/instance/remove/run_0 mse=0.0713239 nmse=1.73438 inference_seconds=0.191
2026-08-27 14:43:31 | configuration dataset=time/cphl_h_part02 L=168 H=24 model=chronos2 covariates=none instance_norm=false remove_constant=false seed=1 batch_size=64
[2026-08-27 14:43:34,590][data.dataset][INFO] - dataset config path=/fssmall/home/h61084/codes/datasets/time/cphl_h_part02/config.json applied_keys=['date_col', 'drop_users', 'target_cols']
[2026-08-27 14:43:34,608][evaluation.evaluator][INFO] - evaluate dataset=time/cphl_h_part02 users=1 dates=2490 windows=5 removed_constant=0 L=168 H=24 stride=512
[2026-08-27 14:43:40,414][evaluation.evaluator][INFO] - artifacts ready run=/fssmall/home/h61084/codes/tsfm/outputs_selena/controls/time-cphl_h_part02/168_24/chronos2/none/raw/keep/run_0 mse=0.0713239 nmse=1.73438 inference_seconds=0.200
2026-08-27 14:43:41 | configuration dataset=time/cphl_h_part02 L=168 H=24 model=chronos2 covariates=none instance_norm=false remove_constant=true seed=1 batch_size=64
[2026-08-27 14:43:44,083][data.dataset][INFO] - dataset config path=/fssmall/home/h61084/codes/datasets/time/cphl_h_part02/config.json applied_keys=['date_col', 'drop_users', 'target_cols']
[2026-08-27 14:43:44,101][evaluation.evaluator][INFO] - evaluate dataset=time/cphl_h_part02 users=1 dates=2490 windows=5 removed_constant=0 L=168 H=24 stride=512
[2026-08-27 14:43:49,765][evaluation.evaluator][INFO] - artifacts ready run=/fssmall/home/h61084/codes/tsfm/outputs_selena/controls/time-cphl_h_part02/168_24/chronos2/none/raw/remove/run_0 mse=0.0713239 nmse=1.73438 inference_seconds=0.193
2026-08-27 14:43:50 | configuration dataset=time/cphl_h_part02 L=336 H=48 model=repeat covariates=none instance_norm=true remove_constant=false seed=1 batch_size=512
[2026-08-27 14:43:53,431][data.dataset][INFO] - dataset config path=/fssmall/home/h61084/codes/datasets/time/cphl_h_part02/config.json applied_keys=['date_col', 'drop_users', 'target_cols']
[2026-08-27 14:43:53,452][evaluation.evaluator][INFO] - evaluate dataset=time/cphl_h_part02 users=1 dates=2490 windows=5 removed_constant=0 L=336 H=48 stride=512
[2026-08-27 14:43:53,676][evaluation.evaluator][INFO] - artifacts ready run=/fssmall/home/h61084/codes/tsfm/outputs_selena/controls/time-cphl_h_part02/336_48/repeat/none/instance/keep/run_0 mse=0.27986 nmse=2.84641 inference_seconds=0.020
2026-08-27 14:43:54 | configuration dataset=time/cphl_h_part02 L=336 H=48 model=repeat covariates=none instance_norm=true remove_constant=true seed=1 batch_size=512
[2026-08-27 14:43:57,016][data.dataset][INFO] - dataset config path=/fssmall/home/h61084/codes/datasets/time/cphl_h_part02/config.json applied_keys=['date_col', 'drop_users', 'target_cols']
[2026-08-27 14:43:57,034][evaluation.evaluator][INFO] - evaluate dataset=time/cphl_h_part02 users=1 dates=2490 windows=5 removed_constant=0 L=336 H=48 stride=512
[2026-08-27 14:43:57,262][evaluation.evaluator][INFO] - artifacts ready run=/fssmall/home/h61084/codes/tsfm/outputs_selena/controls/time-cphl_h_part02/336_48/repeat/none/instance/remove/run_0 mse=0.27986 nmse=2.84641 inference_seconds=0.020
2026-08-27 14:43:58 | configuration dataset=time/cphl_h_part02 L=336 H=48 model=repeat covariates=none instance_norm=false remove_constant=false seed=1 batch_size=512
[2026-08-27 14:44:00,546][data.dataset][INFO] - dataset config path=/fssmall/home/h61084/codes/datasets/time/cphl_h_part02/config.json applied_keys=['date_col', 'drop_users', 'target_cols']
[2026-08-27 14:44:00,565][evaluation.evaluator][INFO] - evaluate dataset=time/cphl_h_part02 users=1 dates=2490 windows=5 removed_constant=0 L=336 H=48 stride=512
[2026-08-27 14:44:00,795][evaluation.evaluator][INFO] - artifacts ready run=/fssmall/home/h61084/codes/tsfm/outputs_selena/controls/time-cphl_h_part02/336_48/repeat/none/raw/keep/run_0 mse=0.27986 nmse=2.84641 inference_seconds=0.000
2026-08-27 14:44:01 | configuration dataset=time/cphl_h_part02 L=336 H=48 model=repeat covariates=none instance_norm=false remove_constant=true seed=1 batch_size=512
[2026-08-27 14:44:04,152][data.dataset][INFO] - dataset config path=/fssmall/home/h61084/codes/datasets/time/cphl_h_part02/config.json applied_keys=['date_col', 'drop_users', 'target_cols']
[2026-08-27 14:44:04,170][evaluation.evaluator][INFO] - evaluate dataset=time/cphl_h_part02 users=1 dates=2490 windows=5 removed_constant=0 L=336 H=48 stride=512
[2026-08-27 14:44:04,395][evaluation.evaluator][INFO] - artifacts ready run=/fssmall/home/h61084/codes/tsfm/outputs_selena/controls/time-cphl_h_part02/336_48/repeat/none/raw/remove/run_0 mse=0.27986 nmse=2.84641 inference_seconds=0.000
2026-08-27 14:44:05 | configuration dataset=time/cphl_h_part02 L=336 H=48 model=chronos2 covariates=none instance_norm=true remove_constant=false seed=1 batch_size=64
[2026-08-27 14:44:07,754][data.dataset][INFO] - dataset config path=/fssmall/home/h61084/codes/datasets/time/cphl_h_part02/config.json applied_keys=['date_col', 'drop_users', 'target_cols']
[2026-08-27 14:44:07,775][evaluation.evaluator][INFO] - evaluate dataset=time/cphl_h_part02 users=1 dates=2490 windows=5 removed_constant=0 L=336 H=48 stride=512
[2026-08-27 14:44:13,656][evaluation.evaluator][INFO] - artifacts ready run=/fssmall/home/h61084/codes/tsfm/outputs_selena/controls/time-cphl_h_part02/336_48/chronos2/none/instance/keep/run_0 mse=0.116966 nmse=1.00613 inference_seconds=0.227
2026-08-27 14:44:14 | configuration dataset=time/cphl_h_part02 L=336 H=48 model=chronos2 covariates=none instance_norm=true remove_constant=true seed=1 batch_size=64
[2026-08-27 14:44:17,345][data.dataset][INFO] - dataset config path=/fssmall/home/h61084/codes/datasets/time/cphl_h_part02/config.json applied_keys=['date_col', 'drop_users', 'target_cols']
[2026-08-27 14:44:17,364][evaluation.evaluator][INFO] - evaluate dataset=time/cphl_h_part02 users=1 dates=2490 windows=5 removed_constant=0 L=336 H=48 stride=512
[2026-08-27 14:44:23,085][evaluation.evaluator][INFO] - artifacts ready run=/fssmall/home/h61084/codes/tsfm/outputs_selena/controls/time-cphl_h_part02/336_48/chronos2/none/instance/remove/run_0 mse=0.116966 nmse=1.00613 inference_seconds=0.195
2026-08-27 14:44:24 | configuration dataset=time/cphl_h_part02 L=336 H=48 model=chronos2 covariates=none instance_norm=false remove_constant=false seed=1 batch_size=64
[2026-08-27 14:44:26,855][data.dataset][INFO] - dataset config path=/fssmall/home/h61084/codes/datasets/time/cphl_h_part02/config.json applied_keys=['date_col', 'drop_users', 'target_cols']
[2026-08-27 14:44:26,874][evaluation.evaluator][INFO] - evaluate dataset=time/cphl_h_part02 users=1 dates=2490 windows=5 removed_constant=0 L=336 H=48 stride=512
[2026-08-27 14:44:32,662][evaluation.evaluator][INFO] - artifacts ready run=/fssmall/home/h61084/codes/tsfm/outputs_selena/controls/time-cphl_h_part02/336_48/chronos2/none/raw/keep/run_0 mse=0.116966 nmse=1.00613 inference_seconds=0.194
2026-08-27 14:44:33 | configuration dataset=time/cphl_h_part02 L=336 H=48 model=chronos2 covariates=none instance_norm=false remove_constant=true seed=1 batch_size=64
[2026-08-27 14:44:36,293][data.dataset][INFO] - dataset config path=/fssmall/home/h61084/codes/datasets/time/cphl_h_part02/config.json applied_keys=['date_col', 'drop_users', 'target_cols']
[2026-08-27 14:44:36,312][evaluation.evaluator][INFO] - evaluate dataset=time/cphl_h_part02 users=1 dates=2490 windows=5 removed_constant=0 L=336 H=48 stride=512
[2026-08-27 14:44:42,072][evaluation.evaluator][INFO] - artifacts ready run=/fssmall/home/h61084/codes/tsfm/outputs_selena/controls/time-cphl_h_part02/336_48/chronos2/none/raw/remove/run_0 mse=0.116966 nmse=1.00613 inference_seconds=0.191
2026-08-27 14:44:43 | configuration dataset=time/cphl_h_part02 L=504 H=168 model=repeat covariates=none instance_norm=true remove_constant=false seed=1 batch_size=512
[2026-08-27 14:44:45,753][data.dataset][INFO] - dataset config path=/fssmall/home/h61084/codes/datasets/time/cphl_h_part02/config.json applied_keys=['date_col', 'drop_users', 'target_cols']
[2026-08-27 14:44:45,773][evaluation.evaluator][INFO] - evaluate dataset=time/cphl_h_part02 users=1 dates=2490 windows=4 removed_constant=0 L=504 H=168 stride=512
[2026-08-27 14:44:46,001][evaluation.evaluator][INFO] - artifacts ready run=/fssmall/home/h61084/codes/tsfm/outputs_selena/controls/time-cphl_h_part02/504_168/repeat/none/instance/keep/run_0 mse=0.197333 nmse=3.07276 inference_seconds=0.020
2026-08-27 14:44:46 | configuration dataset=time/cphl_h_part02 L=504 H=168 model=repeat covariates=none instance_norm=true remove_constant=true seed=1 batch_size=512
[2026-08-27 14:44:49,346][data.dataset][INFO] - dataset config path=/fssmall/home/h61084/codes/datasets/time/cphl_h_part02/config.json applied_keys=['date_col', 'drop_users', 'target_cols']
[2026-08-27 14:44:49,364][evaluation.evaluator][INFO] - evaluate dataset=time/cphl_h_part02 users=1 dates=2490 windows=4 removed_constant=0 L=504 H=168 stride=512
[2026-08-27 14:44:49,601][evaluation.evaluator][INFO] - artifacts ready run=/fssmall/home/h61084/codes/tsfm/outputs_selena/controls/time-cphl_h_part02/504_168/repeat/none/instance/remove/run_0 mse=0.197333 nmse=3.07276 inference_seconds=0.020
2026-08-27 14:44:50 | configuration dataset=time/cphl_h_part02 L=504 H=168 model=repeat covariates=none instance_norm=false remove_constant=false seed=1 batch_size=512
[2026-08-27 14:44:52,899][data.dataset][INFO] - dataset config path=/fssmall/home/h61084/codes/datasets/time/cphl_h_part02/config.json applied_keys=['date_col', 'drop_users', 'target_cols']
[2026-08-27 14:44:52,917][evaluation.evaluator][INFO] - evaluate dataset=time/cphl_h_part02 users=1 dates=2490 windows=4 removed_constant=0 L=504 H=168 stride=512
[2026-08-27 14:44:53,139][evaluation.evaluator][INFO] - artifacts ready run=/fssmall/home/h61084/codes/tsfm/outputs_selena/controls/time-cphl_h_part02/504_168/repeat/none/raw/keep/run_0 mse=0.197333 nmse=3.07276 inference_seconds=0.000
2026-08-27 14:44:53 | configuration dataset=time/cphl_h_part02 L=504 H=168 model=repeat covariates=none instance_norm=false remove_constant=true seed=1 batch_size=512
[2026-08-27 14:44:56,556][data.dataset][INFO] - dataset config path=/fssmall/home/h61084/codes/datasets/time/cphl_h_part02/config.json applied_keys=['date_col', 'drop_users', 'target_cols']
[2026-08-27 14:44:56,574][evaluation.evaluator][INFO] - evaluate dataset=time/cphl_h_part02 users=1 dates=2490 windows=4 removed_constant=0 L=504 H=168 stride=512
[2026-08-27 14:44:56,794][evaluation.evaluator][INFO] - artifacts ready run=/fssmall/home/h61084/codes/tsfm/outputs_selena/controls/time-cphl_h_part02/504_168/repeat/none/raw/remove/run_0 mse=0.197333 nmse=3.07276 inference_seconds=0.000
2026-08-27 14:44:57 | configuration dataset=time/cphl_h_part02 L=504 H=168 model=chronos2 covariates=none instance_norm=true remove_constant=false seed=1 batch_size=64
[2026-08-27 14:45:00,155][data.dataset][INFO] - dataset config path=/fssmall/home/h61084/codes/datasets/time/cphl_h_part02/config.json applied_keys=['date_col', 'drop_users', 'target_cols']
[2026-08-27 14:45:00,175][evaluation.evaluator][INFO] - evaluate dataset=time/cphl_h_part02 users=1 dates=2490 windows=4 removed_constant=0 L=504 H=168 stride=512
[2026-08-27 14:45:05,874][evaluation.evaluator][INFO] - artifacts ready run=/fssmall/home/h61084/codes/tsfm/outputs_selena/controls/time-cphl_h_part02/504_168/chronos2/none/instance/keep/run_0 mse=0.207028 nmse=3.17131 inference_seconds=0.191
2026-08-27 14:45:06 | configuration dataset=time/cphl_h_part02 L=504 H=168 model=chronos2 covariates=none instance_norm=true remove_constant=true seed=1 batch_size=64
[2026-08-27 14:45:09,568][data.dataset][INFO] - dataset config path=/fssmall/home/h61084/codes/datasets/time/cphl_h_part02/config.json applied_keys=['date_col', 'drop_users', 'target_cols']
[2026-08-27 14:45:09,586][evaluation.evaluator][INFO] - evaluate dataset=time/cphl_h_part02 users=1 dates=2490 windows=4 removed_constant=0 L=504 H=168 stride=512
[2026-08-27 14:45:15,374][evaluation.evaluator][INFO] - artifacts ready run=/fssmall/home/h61084/codes/tsfm/outputs_selena/controls/time-cphl_h_part02/504_168/chronos2/none/instance/remove/run_0 mse=0.207028 nmse=3.17131 inference_seconds=0.191
2026-08-27 14:45:16 | configuration dataset=time/cphl_h_part02 L=504 H=168 model=chronos2 covariates=none instance_norm=false remove_constant=false seed=1 batch_size=64
[2026-08-27 14:45:19,058][data.dataset][INFO] - dataset config path=/fssmall/home/h61084/codes/datasets/time/cphl_h_part02/config.json applied_keys=['date_col', 'drop_users', 'target_cols']
[2026-08-27 14:45:19,077][evaluation.evaluator][INFO] - evaluate dataset=time/cphl_h_part02 users=1 dates=2490 windows=4 removed_constant=0 L=504 H=168 stride=512
[2026-08-27 14:45:24,717][evaluation.evaluator][INFO] - artifacts ready run=/fssmall/home/h61084/codes/tsfm/outputs_selena/controls/time-cphl_h_part02/504_168/chronos2/none/raw/keep/run_0 mse=0.207028 nmse=3.17131 inference_seconds=0.192
2026-08-27 14:45:25 | configuration dataset=time/cphl_h_part02 L=504 H=168 model=chronos2 covariates=none instance_norm=false remove_constant=true seed=1 batch_size=64
[2026-08-27 14:45:28,414][data.dataset][INFO] - dataset config path=/fssmall/home/h61084/codes/datasets/time/cphl_h_part02/config.json applied_keys=['date_col', 'drop_users', 'target_cols']
[2026-08-27 14:45:28,432][evaluation.evaluator][INFO] - evaluate dataset=time/cphl_h_part02 users=1 dates=2490 windows=4 removed_constant=0 L=504 H=168 stride=512
[2026-08-27 14:45:34,076][evaluation.evaluator][INFO] - artifacts ready run=/fssmall/home/h61084/codes/tsfm/outputs_selena/controls/time-cphl_h_part02/504_168/chronos2/none/raw/remove/run_0 mse=0.207028 nmse=3.17131 inference_seconds=0.193
2026-08-27 14:45:35 | configuration dataset=time/coastal_t_s_h_part01 L=168 H=24 model=repeat covariates=none instance_norm=true remove_constant=false seed=1 batch_size=512
[2026-08-27 14:45:37,720][data.dataset][INFO] - dataset config path=/fssmall/home/h61084/codes/datasets/time/coastal_t_s_h_part01/config.json applied_keys=['date_col', 'drop_users', 'target_cols']
[2026-08-27 14:45:37,745][evaluation.evaluator][INFO] - evaluate dataset=time/coastal_t_s_h_part01 users=3 dates=8524 windows=51 removed_constant=0 L=168 H=24 stride=512
[2026-08-27 14:45:37,978][evaluation.evaluator][INFO] - artifacts ready run=/fssmall/home/h61084/codes/tsfm/outputs_selena/controls/time-coastal_t_s_h_part01/168_24/repeat/none/instance/keep/run_0 mse=129.529 nmse=2.01495 inference_seconds=0.020
2026-08-27 14:45:38 | configuration dataset=time/coastal_t_s_h_part01 L=168 H=24 model=repeat covariates=none instance_norm=true remove_constant=true seed=1 batch_size=512
[2026-08-27 14:45:41,304][data.dataset][INFO] - dataset config path=/fssmall/home/h61084/codes/datasets/time/coastal_t_s_h_part01/config.json applied_keys=['date_col', 'drop_users', 'target_cols']
[2026-08-27 14:45:41,326][evaluation.evaluator][INFO] - evaluate dataset=time/coastal_t_s_h_part01 users=3 dates=8524 windows=51 removed_constant=0 L=168 H=24 stride=512
[2026-08-27 14:45:41,554][evaluation.evaluator][INFO] - artifacts ready run=/fssmall/home/h61084/codes/tsfm/outputs_selena/controls/time-coastal_t_s_h_part01/168_24/repeat/none/instance/remove/run_0 mse=129.529 nmse=2.01495 inference_seconds=0.020
2026-08-27 14:45:42 | configuration dataset=time/coastal_t_s_h_part01 L=168 H=24 model=repeat covariates=none instance_norm=false remove_constant=false seed=1 batch_size=512
[2026-08-27 14:45:44,886][data.dataset][INFO] - dataset config path=/fssmall/home/h61084/codes/datasets/time/coastal_t_s_h_part01/config.json applied_keys=['date_col', 'drop_users', 'target_cols']
[2026-08-27 14:45:44,908][evaluation.evaluator][INFO] - evaluate dataset=time/coastal_t_s_h_part01 users=3 dates=8524 windows=51 removed_constant=0 L=168 H=24 stride=512
[2026-08-27 14:45:45,138][evaluation.evaluator][INFO] - artifacts ready run=/fssmall/home/h61084/codes/tsfm/outputs_selena/controls/time-coastal_t_s_h_part01/168_24/repeat/none/raw/keep/run_0 mse=129.529 nmse=2.01495 inference_seconds=0.000
2026-08-27 14:45:45 | configuration dataset=time/coastal_t_s_h_part01 L=168 H=24 model=repeat covariates=none instance_norm=false remove_constant=true seed=1 batch_size=512
[2026-08-27 14:45:48,472][data.dataset][INFO] - dataset config path=/fssmall/home/h61084/codes/datasets/time/coastal_t_s_h_part01/config.json applied_keys=['date_col', 'drop_users', 'target_cols']
[2026-08-27 14:45:48,494][evaluation.evaluator][INFO] - evaluate dataset=time/coastal_t_s_h_part01 users=3 dates=8524 windows=51 removed_constant=0 L=168 H=24 stride=512
[2026-08-27 14:45:48,723][evaluation.evaluator][INFO] - artifacts ready run=/fssmall/home/h61084/codes/tsfm/outputs_selena/controls/time-coastal_t_s_h_part01/168_24/repeat/none/raw/remove/run_0 mse=129.529 nmse=2.01495 inference_seconds=0.000
2026-08-27 14:45:49 | configuration dataset=time/coastal_t_s_h_part01 L=168 H=24 model=chronos2 covariates=none instance_norm=true remove_constant=false seed=1 batch_size=64
[2026-08-27 14:45:52,100][data.dataset][INFO] - dataset config path=/fssmall/home/h61084/codes/datasets/time/coastal_t_s_h_part01/config.json applied_keys=['date_col', 'drop_users', 'target_cols']
[2026-08-27 14:45:52,123][evaluation.evaluator][INFO] - evaluate dataset=time/coastal_t_s_h_part01 users=3 dates=8524 windows=51 removed_constant=0 L=168 H=24 stride=512
[2026-08-27 14:45:57,780][evaluation.evaluator][INFO] - artifacts ready run=/fssmall/home/h61084/codes/tsfm/outputs_selena/controls/time-coastal_t_s_h_part01/168_24/chronos2/none/instance/keep/run_0 mse=76.0224 nmse=1.16071 inference_seconds=0.193
2026-08-27 14:45:58 | configuration dataset=time/coastal_t_s_h_part01 L=168 H=24 model=chronos2 covariates=none instance_norm=true remove_constant=true seed=1 batch_size=64
[2026-08-27 14:46:01,470][data.dataset][INFO] - dataset config path=/fssmall/home/h61084/codes/datasets/time/coastal_t_s_h_part01/config.json applied_keys=['date_col', 'drop_users', 'target_cols']
[2026-08-27 14:46:01,492][evaluation.evaluator][INFO] - evaluate dataset=time/coastal_t_s_h_part01 users=3 dates=8524 windows=51 removed_constant=0 L=168 H=24 stride=512
[2026-08-27 14:46:07,115][evaluation.evaluator][INFO] - artifacts ready run=/fssmall/home/h61084/codes/tsfm/outputs_selena/controls/time-coastal_t_s_h_part01/168_24/chronos2/none/instance/remove/run_0 mse=76.0224 nmse=1.16071 inference_seconds=0.193
2026-08-27 14:46:08 | configuration dataset=time/coastal_t_s_h_part01 L=168 H=24 model=chronos2 covariates=none instance_norm=false remove_constant=false seed=1 batch_size=64
[2026-08-27 14:46:10,793][data.dataset][INFO] - dataset config path=/fssmall/home/h61084/codes/datasets/time/coastal_t_s_h_part01/config.json applied_keys=['date_col', 'drop_users', 'target_cols']
[2026-08-27 14:46:10,815][evaluation.evaluator][INFO] - evaluate dataset=time/coastal_t_s_h_part01 users=3 dates=8524 windows=51 removed_constant=0 L=168 H=24 stride=512
[2026-08-27 14:46:16,419][evaluation.evaluator][INFO] - artifacts ready run=/fssmall/home/h61084/codes/tsfm/outputs_selena/controls/time-coastal_t_s_h_part01/168_24/chronos2/none/raw/keep/run_0 mse=76.0224 nmse=1.16071 inference_seconds=0.199
2026-08-27 14:46:17 | configuration dataset=time/coastal_t_s_h_part01 L=168 H=24 model=chronos2 covariates=none instance_norm=false remove_constant=true seed=1 batch_size=64
[2026-08-27 14:46:20,156][data.dataset][INFO] - dataset config path=/fssmall/home/h61084/codes/datasets/time/coastal_t_s_h_part01/config.json applied_keys=['date_col', 'drop_users', 'target_cols']
[2026-08-27 14:46:20,178][evaluation.evaluator][INFO] - evaluate dataset=time/coastal_t_s_h_part01 users=3 dates=8524 windows=51 removed_constant=0 L=168 H=24 stride=512
[2026-08-27 14:46:25,867][evaluation.evaluator][INFO] - artifacts ready run=/fssmall/home/h61084/codes/tsfm/outputs_selena/controls/time-coastal_t_s_h_part01/168_24/chronos2/none/raw/remove/run_0 mse=76.0224 nmse=1.16071 inference_seconds=0.193
2026-08-27 14:46:27 | configuration dataset=time/coastal_t_s_h_part01 L=336 H=48 model=repeat covariates=none instance_norm=true remove_constant=false seed=1 batch_size=512
[2026-08-27 14:46:29,585][data.dataset][INFO] - dataset config path=/fssmall/home/h61084/codes/datasets/time/coastal_t_s_h_part01/config.json applied_keys=['date_col', 'drop_users', 'target_cols']
[2026-08-27 14:46:29,608][evaluation.evaluator][INFO] - evaluate dataset=time/coastal_t_s_h_part01 users=3 dates=8524 windows=48 removed_constant=0 L=336 H=48 stride=512
[2026-08-27 14:46:29,837][evaluation.evaluator][INFO] - artifacts ready run=/fssmall/home/h61084/codes/tsfm/outputs_selena/controls/time-coastal_t_s_h_part01/336_48/repeat/none/instance/keep/run_0 mse=109.469 nmse=1.94669 inference_seconds=0.019
2026-08-27 14:46:30 | configuration dataset=time/coastal_t_s_h_part01 L=336 H=48 model=repeat covariates=none instance_norm=true remove_constant=true seed=1 batch_size=512
[2026-08-27 14:46:33,145][data.dataset][INFO] - dataset config path=/fssmall/home/h61084/codes/datasets/time/coastal_t_s_h_part01/config.json applied_keys=['date_col', 'drop_users', 'target_cols']
[2026-08-27 14:46:33,167][evaluation.evaluator][INFO] - evaluate dataset=time/coastal_t_s_h_part01 users=3 dates=8524 windows=48 removed_constant=0 L=336 H=48 stride=512
[2026-08-27 14:46:33,393][evaluation.evaluator][INFO] - artifacts ready run=/fssmall/home/h61084/codes/tsfm/outputs_selena/controls/time-coastal_t_s_h_part01/336_48/repeat/none/instance/remove/run_0 mse=109.469 nmse=1.94669 inference_seconds=0.020
2026-08-27 14:46:34 | configuration dataset=time/coastal_t_s_h_part01 L=336 H=48 model=repeat covariates=none instance_norm=false remove_constant=false seed=1 batch_size=512
[2026-08-27 14:46:36,756][data.dataset][INFO] - dataset config path=/fssmall/home/h61084/codes/datasets/time/coastal_t_s_h_part01/config.json applied_keys=['date_col', 'drop_users', 'target_cols']
[2026-08-27 14:46:36,779][evaluation.evaluator][INFO] - evaluate dataset=time/coastal_t_s_h_part01 users=3 dates=8524 windows=48 removed_constant=0 L=336 H=48 stride=512
[2026-08-27 14:46:36,997][evaluation.evaluator][INFO] - artifacts ready run=/fssmall/home/h61084/codes/tsfm/outputs_selena/controls/time-coastal_t_s_h_part01/336_48/repeat/none/raw/keep/run_0 mse=109.469 nmse=1.94669 inference_seconds=0.000
2026-08-27 14:46:37 | configuration dataset=time/coastal_t_s_h_part01 L=336 H=48 model=repeat covariates=none instance_norm=false remove_constant=true seed=1 batch_size=512
[2026-08-27 14:46:40,335][data.dataset][INFO] - dataset config path=/fssmall/home/h61084/codes/datasets/time/coastal_t_s_h_part01/config.json applied_keys=['date_col', 'drop_users', 'target_cols']
[2026-08-27 14:46:40,357][evaluation.evaluator][INFO] - evaluate dataset=time/coastal_t_s_h_part01 users=3 dates=8524 windows=48 removed_constant=0 L=336 H=48 stride=512
[2026-08-27 14:46:40,579][evaluation.evaluator][INFO] - artifacts ready run=/fssmall/home/h61084/codes/tsfm/outputs_selena/controls/time-coastal_t_s_h_part01/336_48/repeat/none/raw/remove/run_0 mse=109.469 nmse=1.94669 inference_seconds=0.000
2026-08-27 14:46:41 | configuration dataset=time/coastal_t_s_h_part01 L=336 H=48 model=chronos2 covariates=none instance_norm=true remove_constant=false seed=1 batch_size=64
[2026-08-27 14:46:43,921][data.dataset][INFO] - dataset config path=/fssmall/home/h61084/codes/datasets/time/coastal_t_s_h_part01/config.json applied_keys=['date_col', 'drop_users', 'target_cols']
[2026-08-27 14:46:43,944][evaluation.evaluator][INFO] - evaluate dataset=time/coastal_t_s_h_part01 users=3 dates=8524 windows=48 removed_constant=0 L=336 H=48 stride=512
[2026-08-27 14:46:49,586][evaluation.evaluator][INFO] - artifacts ready run=/fssmall/home/h61084/codes/tsfm/outputs_selena/controls/time-coastal_t_s_h_part01/336_48/chronos2/none/instance/keep/run_0 mse=59.7028 nmse=1.28071 inference_seconds=0.199
2026-08-27 14:46:50 | configuration dataset=time/coastal_t_s_h_part01 L=336 H=48 model=chronos2 covariates=none instance_norm=true remove_constant=true seed=1 batch_size=64
[2026-08-27 14:46:53,252][data.dataset][INFO] - dataset config path=/fssmall/home/h61084/codes/datasets/time/coastal_t_s_h_part01/config.json applied_keys=['date_col', 'drop_users', 'target_cols']
[2026-08-27 14:46:53,274][evaluation.evaluator][INFO] - evaluate dataset=time/coastal_t_s_h_part01 users=3 dates=8524 windows=48 removed_constant=0 L=336 H=48 stride=512
[2026-08-27 14:46:58,977][evaluation.evaluator][INFO] - artifacts ready run=/fssmall/home/h61084/codes/tsfm/outputs_selena/controls/time-coastal_t_s_h_part01/336_48/chronos2/none/instance/remove/run_0 mse=59.7028 nmse=1.28071 inference_seconds=0.193
2026-08-27 14:47:00 | configuration dataset=time/coastal_t_s_h_part01 L=336 H=48 model=chronos2 covariates=none instance_norm=false remove_constant=false seed=1 batch_size=64
[2026-08-27 14:47:02,657][data.dataset][INFO] - dataset config path=/fssmall/home/h61084/codes/datasets/time/coastal_t_s_h_part01/config.json applied_keys=['date_col', 'drop_users', 'target_cols']
[2026-08-27 14:47:02,680][evaluation.evaluator][INFO] - evaluate dataset=time/coastal_t_s_h_part01 users=3 dates=8524 windows=48 removed_constant=0 L=336 H=48 stride=512
[2026-08-27 14:47:08,302][evaluation.evaluator][INFO] - artifacts ready run=/fssmall/home/h61084/codes/tsfm/outputs_selena/controls/time-coastal_t_s_h_part01/336_48/chronos2/none/raw/keep/run_0 mse=59.7028 nmse=1.28071 inference_seconds=0.195
2026-08-27 14:47:09 | configuration dataset=time/coastal_t_s_h_part01 L=336 H=48 model=chronos2 covariates=none instance_norm=false remove_constant=true seed=1 batch_size=64
[2026-08-27 14:47:11,985][data.dataset][INFO] - dataset config path=/fssmall/home/h61084/codes/datasets/time/coastal_t_s_h_part01/config.json applied_keys=['date_col', 'drop_users', 'target_cols']
[2026-08-27 14:47:12,005][evaluation.evaluator][INFO] - evaluate dataset=time/coastal_t_s_h_part01 users=3 dates=8524 windows=48 removed_constant=0 L=336 H=48 stride=512
[2026-08-27 14:47:17,596][evaluation.evaluator][INFO] - artifacts ready run=/fssmall/home/h61084/codes/tsfm/outputs_selena/controls/time-coastal_t_s_h_part01/336_48/chronos2/none/raw/remove/run_0 mse=59.7028 nmse=1.28071 inference_seconds=0.196
2026-08-27 14:47:18 | configuration dataset=time/coastal_t_s_h_part01 L=504 H=168 model=repeat covariates=none instance_norm=true remove_constant=false seed=1 batch_size=512
[2026-08-27 14:47:21,348][data.dataset][INFO] - dataset config path=/fssmall/home/h61084/codes/datasets/time/coastal_t_s_h_part01/config.json applied_keys=['date_col', 'drop_users', 'target_cols']
[2026-08-27 14:47:21,373][evaluation.evaluator][INFO] - evaluate dataset=time/coastal_t_s_h_part01 users=3 dates=8524 windows=48 removed_constant=0 L=504 H=168 stride=512
[2026-08-27 14:47:21,601][evaluation.evaluator][INFO] - artifacts ready run=/fssmall/home/h61084/codes/tsfm/outputs_selena/controls/time-coastal_t_s_h_part01/504_168/repeat/none/instance/keep/run_0 mse=272.089 nmse=12.8308 inference_seconds=0.020
2026-08-27 14:47:22 | configuration dataset=time/coastal_t_s_h_part01 L=504 H=168 model=repeat covariates=none instance_norm=true remove_constant=true seed=1 batch_size=512
[2026-08-27 14:47:24,946][data.dataset][INFO] - dataset config path=/fssmall/home/h61084/codes/datasets/time/coastal_t_s_h_part01/config.json applied_keys=['date_col', 'drop_users', 'target_cols']
[2026-08-27 14:47:24,968][evaluation.evaluator][INFO] - evaluate dataset=time/coastal_t_s_h_part01 users=3 dates=8524 windows=48 removed_constant=0 L=504 H=168 stride=512
[2026-08-27 14:47:25,199][evaluation.evaluator][INFO] - artifacts ready run=/fssmall/home/h61084/codes/tsfm/outputs_selena/controls/time-coastal_t_s_h_part01/504_168/repeat/none/instance/remove/run_0 mse=272.089 nmse=12.8308 inference_seconds=0.020
2026-08-27 14:47:26 | configuration dataset=time/coastal_t_s_h_part01 L=504 H=168 model=repeat covariates=none instance_norm=false remove_constant=false seed=1 batch_size=512
[2026-08-27 14:47:28,526][data.dataset][INFO] - dataset config path=/fssmall/home/h61084/codes/datasets/time/coastal_t_s_h_part01/config.json applied_keys=['date_col', 'drop_users', 'target_cols']
[2026-08-27 14:47:28,550][evaluation.evaluator][INFO] - evaluate dataset=time/coastal_t_s_h_part01 users=3 dates=8524 windows=48 removed_constant=0 L=504 H=168 stride=512
[2026-08-27 14:47:28,778][evaluation.evaluator][INFO] - artifacts ready run=/fssmall/home/h61084/codes/tsfm/outputs_selena/controls/time-coastal_t_s_h_part01/504_168/repeat/none/raw/keep/run_0 mse=272.089 nmse=12.8308 inference_seconds=0.000
2026-08-27 14:47:29 | configuration dataset=time/coastal_t_s_h_part01 L=504 H=168 model=repeat covariates=none instance_norm=false remove_constant=true seed=1 batch_size=512
[2026-08-27 14:47:32,141][data.dataset][INFO] - dataset config path=/fssmall/home/h61084/codes/datasets/time/coastal_t_s_h_part01/config.json applied_keys=['date_col', 'drop_users', 'target_cols']
[2026-08-27 14:47:32,163][evaluation.evaluator][INFO] - evaluate dataset=time/coastal_t_s_h_part01 users=3 dates=8524 windows=48 removed_constant=0 L=504 H=168 stride=512
[2026-08-27 14:47:32,381][evaluation.evaluator][INFO] - artifacts ready run=/fssmall/home/h61084/codes/tsfm/outputs_selena/controls/time-coastal_t_s_h_part01/504_168/repeat/none/raw/remove/run_0 mse=272.089 nmse=12.8308 inference_seconds=0.000
2026-08-27 14:47:33 | configuration dataset=time/coastal_t_s_h_part01 L=504 H=168 model=chronos2 covariates=none instance_norm=true remove_constant=false seed=1 batch_size=64
[2026-08-27 14:47:35,721][data.dataset][INFO] - dataset config path=/fssmall/home/h61084/codes/datasets/time/coastal_t_s_h_part01/config.json applied_keys=['date_col', 'drop_users', 'target_cols']
[2026-08-27 14:47:35,745][evaluation.evaluator][INFO] - evaluate dataset=time/coastal_t_s_h_part01 users=3 dates=8524 windows=48 removed_constant=0 L=504 H=168 stride=512
[2026-08-27 14:47:41,371][evaluation.evaluator][INFO] - artifacts ready run=/fssmall/home/h61084/codes/tsfm/outputs_selena/controls/time-coastal_t_s_h_part01/504_168/chronos2/none/instance/keep/run_0 mse=205.227 nmse=12.0411 inference_seconds=0.198
2026-08-27 14:47:42 | configuration dataset=time/coastal_t_s_h_part01 L=504 H=168 model=chronos2 covariates=none instance_norm=true remove_constant=true seed=1 batch_size=64
[2026-08-27 14:47:45,051][data.dataset][INFO] - dataset config path=/fssmall/home/h61084/codes/datasets/time/coastal_t_s_h_part01/config.json applied_keys=['date_col', 'drop_users', 'target_cols']
[2026-08-27 14:47:45,073][evaluation.evaluator][INFO] - evaluate dataset=time/coastal_t_s_h_part01 users=3 dates=8524 windows=48 removed_constant=0 L=504 H=168 stride=512
[2026-08-27 14:47:50,694][evaluation.evaluator][INFO] - artifacts ready run=/fssmall/home/h61084/codes/tsfm/outputs_selena/controls/time-coastal_t_s_h_part01/504_168/chronos2/none/instance/remove/run_0 mse=205.227 nmse=12.0411 inference_seconds=0.197
2026-08-27 14:47:51 | configuration dataset=time/coastal_t_s_h_part01 L=504 H=168 model=chronos2 covariates=none instance_norm=false remove_constant=false seed=1 batch_size=64
[2026-08-27 14:47:54,376][data.dataset][INFO] - dataset config path=/fssmall/home/h61084/codes/datasets/time/coastal_t_s_h_part01/config.json applied_keys=['date_col', 'drop_users', 'target_cols']
[2026-08-27 14:47:54,398][evaluation.evaluator][INFO] - evaluate dataset=time/coastal_t_s_h_part01 users=3 dates=8524 windows=48 removed_constant=0 L=504 H=168 stride=512
[2026-08-27 14:48:00,010][evaluation.evaluator][INFO] - artifacts ready run=/fssmall/home/h61084/codes/tsfm/outputs_selena/controls/time-coastal_t_s_h_part01/504_168/chronos2/none/raw/keep/run_0 mse=205.227 nmse=12.0411 inference_seconds=0.198
2026-08-27 14:48:01 | configuration dataset=time/coastal_t_s_h_part01 L=504 H=168 model=chronos2 covariates=none instance_norm=false remove_constant=true seed=1 batch_size=64
[2026-08-27 14:48:03,693][data.dataset][INFO] - dataset config path=/fssmall/home/h61084/codes/datasets/time/coastal_t_s_h_part01/config.json applied_keys=['date_col', 'drop_users', 'target_cols']
[2026-08-27 14:48:03,716][evaluation.evaluator][INFO] - evaluate dataset=time/coastal_t_s_h_part01 users=3 dates=8524 windows=48 removed_constant=0 L=504 H=168 stride=512
[2026-08-27 14:48:09,320][evaluation.evaluator][INFO] - artifacts ready run=/fssmall/home/h61084/codes/tsfm/outputs_selena/controls/time-coastal_t_s_h_part01/504_168/chronos2/none/raw/remove/run_0 mse=205.227 nmse=12.0411 inference_seconds=0.196
2026-08-27 14:48:10 | configuration dataset=time/coastal_t_s_h_part02 L=168 H=24 model=repeat covariates=none instance_norm=true remove_constant=false seed=1 batch_size=512
[2026-08-27 14:48:12,996][data.dataset][INFO] - dataset config path=/fssmall/home/h61084/codes/datasets/time/coastal_t_s_h_part02/config.json applied_keys=['date_col', 'drop_users', 'target_cols']
[2026-08-27 14:48:13,018][evaluation.evaluator][INFO] - evaluate dataset=time/coastal_t_s_h_part02 users=3 dates=3771 windows=21 removed_constant=0 L=168 H=24 stride=512
[2026-08-27 14:48:13,242][evaluation.evaluator][INFO] - artifacts ready run=/fssmall/home/h61084/codes/tsfm/outputs_selena/controls/time-coastal_t_s_h_part02/168_24/repeat/none/instance/keep/run_0 mse=13.0845 nmse=1.78408 inference_seconds=0.020
2026-08-27 14:48:14 | configuration dataset=time/coastal_t_s_h_part02 L=168 H=24 model=repeat covariates=none instance_norm=true remove_constant=true seed=1 batch_size=512
[2026-08-27 14:48:16,604][data.dataset][INFO] - dataset config path=/fssmall/home/h61084/codes/datasets/time/coastal_t_s_h_part02/config.json applied_keys=['date_col', 'drop_users', 'target_cols']
[2026-08-27 14:48:16,623][evaluation.evaluator][INFO] - evaluate dataset=time/coastal_t_s_h_part02 users=3 dates=3771 windows=21 removed_constant=0 L=168 H=24 stride=512
[2026-08-27 14:48:16,843][evaluation.evaluator][INFO] - artifacts ready run=/fssmall/home/h61084/codes/tsfm/outputs_selena/controls/time-coastal_t_s_h_part02/168_24/repeat/none/instance/remove/run_0 mse=13.0845 nmse=1.78408 inference_seconds=0.020
2026-08-27 14:48:17 | configuration dataset=time/coastal_t_s_h_part02 L=168 H=24 model=repeat covariates=none instance_norm=false remove_constant=false seed=1 batch_size=512
[2026-08-27 14:48:20,184][data.dataset][INFO] - dataset config path=/fssmall/home/h61084/codes/datasets/time/coastal_t_s_h_part02/config.json applied_keys=['date_col', 'drop_users', 'target_cols']
[2026-08-27 14:48:20,204][evaluation.evaluator][INFO] - evaluate dataset=time/coastal_t_s_h_part02 users=3 dates=3771 windows=21 removed_constant=0 L=168 H=24 stride=512
[2026-08-27 14:48:20,422][evaluation.evaluator][INFO] - artifacts ready run=/fssmall/home/h61084/codes/tsfm/outputs_selena/controls/time-coastal_t_s_h_part02/168_24/repeat/none/raw/keep/run_0 mse=13.0845 nmse=1.78408 inference_seconds=0.000
2026-08-27 14:48:21 | configuration dataset=time/coastal_t_s_h_part02 L=168 H=24 model=repeat covariates=none instance_norm=false remove_constant=true seed=1 batch_size=512
[2026-08-27 14:48:23,791][data.dataset][INFO] - dataset config path=/fssmall/home/h61084/codes/datasets/time/coastal_t_s_h_part02/config.json applied_keys=['date_col', 'drop_users', 'target_cols']
[2026-08-27 14:48:23,810][evaluation.evaluator][INFO] - evaluate dataset=time/coastal_t_s_h_part02 users=3 dates=3771 windows=21 removed_constant=0 L=168 H=24 stride=512
[2026-08-27 14:48:24,034][evaluation.evaluator][INFO] - artifacts ready run=/fssmall/home/h61084/codes/tsfm/outputs_selena/controls/time-coastal_t_s_h_part02/168_24/repeat/none/raw/remove/run_0 mse=13.0845 nmse=1.78408 inference_seconds=0.000
2026-08-27 14:48:24 | configuration dataset=time/coastal_t_s_h_part02 L=168 H=24 model=chronos2 covariates=none instance_norm=true remove_constant=false seed=1 batch_size=64
[2026-08-27 14:48:27,381][data.dataset][INFO] - dataset config path=/fssmall/home/h61084/codes/datasets/time/coastal_t_s_h_part02/config.json applied_keys=['date_col', 'drop_users', 'target_cols']
[2026-08-27 14:48:27,401][evaluation.evaluator][INFO] - evaluate dataset=time/coastal_t_s_h_part02 users=3 dates=3771 windows=21 removed_constant=0 L=168 H=24 stride=512
[2026-08-27 14:48:33,006][evaluation.evaluator][INFO] - artifacts ready run=/fssmall/home/h61084/codes/tsfm/outputs_selena/controls/time-coastal_t_s_h_part02/168_24/chronos2/none/instance/keep/run_0 mse=6.59182 nmse=0.589421 inference_seconds=0.192
2026-08-27 14:48:34 | configuration dataset=time/coastal_t_s_h_part02 L=168 H=24 model=chronos2 covariates=none instance_norm=true remove_constant=true seed=1 batch_size=64
[2026-08-27 14:48:36,735][data.dataset][INFO] - dataset config path=/fssmall/home/h61084/codes/datasets/time/coastal_t_s_h_part02/config.json applied_keys=['date_col', 'drop_users', 'target_cols']
[2026-08-27 14:48:36,753][evaluation.evaluator][INFO] - evaluate dataset=time/coastal_t_s_h_part02 users=3 dates=3771 windows=21 removed_constant=0 L=168 H=24 stride=512
[2026-08-27 14:48:42,376][evaluation.evaluator][INFO] - artifacts ready run=/fssmall/home/h61084/codes/tsfm/outputs_selena/controls/time-coastal_t_s_h_part02/168_24/chronos2/none/instance/remove/run_0 mse=6.59182 nmse=0.589421 inference_seconds=0.192
2026-08-27 14:48:43 | configuration dataset=time/coastal_t_s_h_part02 L=168 H=24 model=chronos2 covariates=none instance_norm=false remove_constant=false seed=1 batch_size=64
[2026-08-27 14:48:46,092][data.dataset][INFO] - dataset config path=/fssmall/home/h61084/codes/datasets/time/coastal_t_s_h_part02/config.json applied_keys=['date_col', 'drop_users', 'target_cols']
[2026-08-27 14:48:46,111][evaluation.evaluator][INFO] - evaluate dataset=time/coastal_t_s_h_part02 users=3 dates=3771 windows=21 removed_constant=0 L=168 H=24 stride=512
[2026-08-27 14:48:51,701][evaluation.evaluator][INFO] - artifacts ready run=/fssmall/home/h61084/codes/tsfm/outputs_selena/controls/time-coastal_t_s_h_part02/168_24/chronos2/none/raw/keep/run_0 mse=6.59182 nmse=0.589422 inference_seconds=0.193
2026-08-27 14:48:52 | configuration dataset=time/coastal_t_s_h_part02 L=168 H=24 model=chronos2 covariates=none instance_norm=false remove_constant=true seed=1 batch_size=64
[2026-08-27 14:48:55,412][data.dataset][INFO] - dataset config path=/fssmall/home/h61084/codes/datasets/time/coastal_t_s_h_part02/config.json applied_keys=['date_col', 'drop_users', 'target_cols']
[2026-08-27 14:48:55,431][evaluation.evaluator][INFO] - evaluate dataset=time/coastal_t_s_h_part02 users=3 dates=3771 windows=21 removed_constant=0 L=168 H=24 stride=512
[2026-08-27 14:49:01,037][evaluation.evaluator][INFO] - artifacts ready run=/fssmall/home/h61084/codes/tsfm/outputs_selena/controls/time-coastal_t_s_h_part02/168_24/chronos2/none/raw/remove/run_0 mse=6.59182 nmse=0.589422 inference_seconds=0.190
2026-08-27 14:49:02 | configuration dataset=time/coastal_t_s_h_part02 L=336 H=48 model=repeat covariates=none instance_norm=true remove_constant=false seed=1 batch_size=512
[2026-08-27 14:49:04,737][data.dataset][INFO] - dataset config path=/fssmall/home/h61084/codes/datasets/time/coastal_t_s_h_part02/config.json applied_keys=['date_col', 'drop_users', 'target_cols']
[2026-08-27 14:49:04,758][evaluation.evaluator][INFO] - evaluate dataset=time/coastal_t_s_h_part02 users=3 dates=3771 windows=21 removed_constant=0 L=336 H=48 stride=512
[2026-08-27 14:49:04,981][evaluation.evaluator][INFO] - artifacts ready run=/fssmall/home/h61084/codes/tsfm/outputs_selena/controls/time-coastal_t_s_h_part02/336_48/repeat/none/instance/keep/run_0 mse=11.7255 nmse=2.45093 inference_seconds=0.020
2026-08-27 14:49:05 | configuration dataset=time/coastal_t_s_h_part02 L=336 H=48 model=repeat covariates=none instance_norm=true remove_constant=true seed=1 batch_size=512
[2026-08-27 14:49:08,354][data.dataset][INFO] - dataset config path=/fssmall/home/h61084/codes/datasets/time/coastal_t_s_h_part02/config.json applied_keys=['date_col', 'drop_users', 'target_cols']
[2026-08-27 14:49:08,374][evaluation.evaluator][INFO] - evaluate dataset=time/coastal_t_s_h_part02 users=3 dates=3771 windows=21 removed_constant=0 L=336 H=48 stride=512
[2026-08-27 14:49:08,602][evaluation.evaluator][INFO] - artifacts ready run=/fssmall/home/h61084/codes/tsfm/outputs_selena/controls/time-coastal_t_s_h_part02/336_48/repeat/none/instance/remove/run_0 mse=11.7255 nmse=2.45093 inference_seconds=0.021
2026-08-27 14:49:09 | configuration dataset=time/coastal_t_s_h_part02 L=336 H=48 model=repeat covariates=none instance_norm=false remove_constant=false seed=1 batch_size=512
[2026-08-27 14:49:12,007][data.dataset][INFO] - dataset config path=/fssmall/home/h61084/codes/datasets/time/coastal_t_s_h_part02/config.json applied_keys=['date_col', 'drop_users', 'target_cols']
[2026-08-27 14:49:12,026][evaluation.evaluator][INFO] - evaluate dataset=time/coastal_t_s_h_part02 users=3 dates=3771 windows=21 removed_constant=0 L=336 H=48 stride=512
[2026-08-27 14:49:12,258][evaluation.evaluator][INFO] - artifacts ready run=/fssmall/home/h61084/codes/tsfm/outputs_selena/controls/time-coastal_t_s_h_part02/336_48/repeat/none/raw/keep/run_0 mse=11.7255 nmse=2.45093 inference_seconds=0.000
2026-08-27 14:49:13 | configuration dataset=time/coastal_t_s_h_part02 L=336 H=48 model=repeat covariates=none instance_norm=false remove_constant=true seed=1 batch_size=512
[2026-08-27 14:49:15,646][data.dataset][INFO] - dataset config path=/fssmall/home/h61084/codes/datasets/time/coastal_t_s_h_part02/config.json applied_keys=['date_col', 'drop_users', 'target_cols']
[2026-08-27 14:49:15,665][evaluation.evaluator][INFO] - evaluate dataset=time/coastal_t_s_h_part02 users=3 dates=3771 windows=21 removed_constant=0 L=336 H=48 stride=512
[2026-08-27 14:49:15,891][evaluation.evaluator][INFO] - artifacts ready run=/fssmall/home/h61084/codes/tsfm/outputs_selena/controls/time-coastal_t_s_h_part02/336_48/repeat/none/raw/remove/run_0 mse=11.7255 nmse=2.45093 inference_seconds=0.000
2026-08-27 14:49:16 | configuration dataset=time/coastal_t_s_h_part02 L=336 H=48 model=chronos2 covariates=none instance_norm=true remove_constant=false seed=1 batch_size=64
[2026-08-27 14:49:19,289][data.dataset][INFO] - dataset config path=/fssmall/home/h61084/codes/datasets/time/coastal_t_s_h_part02/config.json applied_keys=['date_col', 'drop_users', 'target_cols']
[2026-08-27 14:49:19,309][evaluation.evaluator][INFO] - evaluate dataset=time/coastal_t_s_h_part02 users=3 dates=3771 windows=21 removed_constant=0 L=336 H=48 stride=512
[2026-08-27 14:49:24,917][evaluation.evaluator][INFO] - artifacts ready run=/fssmall/home/h61084/codes/tsfm/outputs_selena/controls/time-coastal_t_s_h_part02/336_48/chronos2/none/instance/keep/run_0 mse=7.01286 nmse=1.90847 inference_seconds=0.191
2026-08-27 14:49:26 | configuration dataset=time/coastal_t_s_h_part02 L=336 H=48 model=chronos2 covariates=none instance_norm=true remove_constant=true seed=1 batch_size=64
[2026-08-27 14:49:28,627][data.dataset][INFO] - dataset config path=/fssmall/home/h61084/codes/datasets/time/coastal_t_s_h_part02/config.json applied_keys=['date_col', 'drop_users', 'target_cols']
[2026-08-27 14:49:28,646][evaluation.evaluator][INFO] - evaluate dataset=time/coastal_t_s_h_part02 users=3 dates=3771 windows=21 removed_constant=0 L=336 H=48 stride=512
[2026-08-27 14:49:34,235][evaluation.evaluator][INFO] - artifacts ready run=/fssmall/home/h61084/codes/tsfm/outputs_selena/controls/time-coastal_t_s_h_part02/336_48/chronos2/none/instance/remove/run_0 mse=7.01286 nmse=1.90847 inference_seconds=0.191
2026-08-27 14:49:35 | configuration dataset=time/coastal_t_s_h_part02 L=336 H=48 model=chronos2 covariates=none instance_norm=false remove_constant=false seed=1 batch_size=64
[2026-08-27 14:49:37,926][data.dataset][INFO] - dataset config path=/fssmall/home/h61084/codes/datasets/time/coastal_t_s_h_part02/config.json applied_keys=['date_col', 'drop_users', 'target_cols']
[2026-08-27 14:49:37,946][evaluation.evaluator][INFO] - evaluate dataset=time/coastal_t_s_h_part02 users=3 dates=3771 windows=21 removed_constant=0 L=336 H=48 stride=512
[2026-08-27 14:49:43,535][evaluation.evaluator][INFO] - artifacts ready run=/fssmall/home/h61084/codes/tsfm/outputs_selena/controls/time-coastal_t_s_h_part02/336_48/chronos2/none/raw/keep/run_0 mse=7.01286 nmse=1.90848 inference_seconds=0.191
2026-08-27 14:49:44 | configuration dataset=time/coastal_t_s_h_part02 L=336 H=48 model=chronos2 covariates=none instance_norm=false remove_constant=true seed=1 batch_size=64
[2026-08-27 14:49:47,233][data.dataset][INFO] - dataset config path=/fssmall/home/h61084/codes/datasets/time/coastal_t_s_h_part02/config.json applied_keys=['date_col', 'drop_users', 'target_cols']
[2026-08-27 14:49:47,252][evaluation.evaluator][INFO] - evaluate dataset=time/coastal_t_s_h_part02 users=3 dates=3771 windows=21 removed_constant=0 L=336 H=48 stride=512
[2026-08-27 14:49:52,834][evaluation.evaluator][INFO] - artifacts ready run=/fssmall/home/h61084/codes/tsfm/outputs_selena/controls/time-coastal_t_s_h_part02/336_48/chronos2/none/raw/remove/run_0 mse=7.01286 nmse=1.90848 inference_seconds=0.193
2026-08-27 14:49:54 | configuration dataset=time/coastal_t_s_h_part02 L=504 H=168 model=repeat covariates=none instance_norm=true remove_constant=false seed=1 batch_size=512
[2026-08-27 14:49:56,589][data.dataset][INFO] - dataset config path=/fssmall/home/h61084/codes/datasets/time/coastal_t_s_h_part02/config.json applied_keys=['date_col', 'drop_users', 'target_cols']
[2026-08-27 14:49:56,609][evaluation.evaluator][INFO] - evaluate dataset=time/coastal_t_s_h_part02 users=3 dates=3771 windows=21 removed_constant=0 L=504 H=168 stride=512
[2026-08-27 14:49:56,846][evaluation.evaluator][INFO] - artifacts ready run=/fssmall/home/h61084/codes/tsfm/outputs_selena/controls/time-coastal_t_s_h_part02/504_168/repeat/none/instance/keep/run_0 mse=30.6239 nmse=3.47766 inference_seconds=0.020
2026-08-27 14:49:57 | configuration dataset=time/coastal_t_s_h_part02 L=504 H=168 model=repeat covariates=none instance_norm=true remove_constant=true seed=1 batch_size=512
[2026-08-27 14:50:00,241][data.dataset][INFO] - dataset config path=/fssmall/home/h61084/codes/datasets/time/coastal_t_s_h_part02/config.json applied_keys=['date_col', 'drop_users', 'target_cols']
[2026-08-27 14:50:00,260][evaluation.evaluator][INFO] - evaluate dataset=time/coastal_t_s_h_part02 users=3 dates=3771 windows=21 removed_constant=0 L=504 H=168 stride=512
[2026-08-27 14:50:00,480][evaluation.evaluator][INFO] - artifacts ready run=/fssmall/home/h61084/codes/tsfm/outputs_selena/controls/time-coastal_t_s_h_part02/504_168/repeat/none/instance/remove/run_0 mse=30.6239 nmse=3.47766 inference_seconds=0.020
2026-08-27 14:50:01 | configuration dataset=time/coastal_t_s_h_part02 L=504 H=168 model=repeat covariates=none instance_norm=false remove_constant=false seed=1 batch_size=512
[2026-08-27 14:50:03,898][data.dataset][INFO] - dataset config path=/fssmall/home/h61084/codes/datasets/time/coastal_t_s_h_part02/config.json applied_keys=['date_col', 'drop_users', 'target_cols']
[2026-08-27 14:50:03,917][evaluation.evaluator][INFO] - evaluate dataset=time/coastal_t_s_h_part02 users=3 dates=3771 windows=21 removed_constant=0 L=504 H=168 stride=512
[2026-08-27 14:50:04,140][evaluation.evaluator][INFO] - artifacts ready run=/fssmall/home/h61084/codes/tsfm/outputs_selena/controls/time-coastal_t_s_h_part02/504_168/repeat/none/raw/keep/run_0 mse=30.6239 nmse=3.47766 inference_seconds=0.000
2026-08-27 14:50:05 | configuration dataset=time/coastal_t_s_h_part02 L=504 H=168 model=repeat covariates=none instance_norm=false remove_constant=true seed=1 batch_size=512
[2026-08-27 14:50:07,570][data.dataset][INFO] - dataset config path=/fssmall/home/h61084/codes/datasets/time/coastal_t_s_h_part02/config.json applied_keys=['date_col', 'drop_users', 'target_cols']
[2026-08-27 14:50:07,592][evaluation.evaluator][INFO] - evaluate dataset=time/coastal_t_s_h_part02 users=3 dates=3771 windows=21 removed_constant=0 L=504 H=168 stride=512
[2026-08-27 14:50:07,833][evaluation.evaluator][INFO] - artifacts ready run=/fssmall/home/h61084/codes/tsfm/outputs_selena/controls/time-coastal_t_s_h_part02/504_168/repeat/none/raw/remove/run_0 mse=30.6239 nmse=3.47766 inference_seconds=0.000
2026-08-27 14:50:08 | configuration dataset=time/coastal_t_s_h_part02 L=504 H=168 model=chronos2 covariates=none instance_norm=true remove_constant=false seed=1 batch_size=64
[2026-08-27 14:50:11,240][data.dataset][INFO] - dataset config path=/fssmall/home/h61084/codes/datasets/time/coastal_t_s_h_part02/config.json applied_keys=['date_col', 'drop_users', 'target_cols']
[2026-08-27 14:50:11,261][evaluation.evaluator][INFO] - evaluate dataset=time/coastal_t_s_h_part02 users=3 dates=3771 windows=21 removed_constant=0 L=504 H=168 stride=512
[2026-08-27 14:50:16,894][evaluation.evaluator][INFO] - artifacts ready run=/fssmall/home/h61084/codes/tsfm/outputs_selena/controls/time-coastal_t_s_h_part02/504_168/chronos2/none/instance/keep/run_0 mse=14.5989 nmse=1.63994 inference_seconds=0.191
2026-08-27 14:50:18 | configuration dataset=time/coastal_t_s_h_part02 L=504 H=168 model=chronos2 covariates=none instance_norm=true remove_constant=true seed=1 batch_size=64
[2026-08-27 14:50:20,602][data.dataset][INFO] - dataset config path=/fssmall/home/h61084/codes/datasets/time/coastal_t_s_h_part02/config.json applied_keys=['date_col', 'drop_users', 'target_cols']
[2026-08-27 14:50:20,621][evaluation.evaluator][INFO] - evaluate dataset=time/coastal_t_s_h_part02 users=3 dates=3771 windows=21 removed_constant=0 L=504 H=168 stride=512
[2026-08-27 14:50:26,243][evaluation.evaluator][INFO] - artifacts ready run=/fssmall/home/h61084/codes/tsfm/outputs_selena/controls/time-coastal_t_s_h_part02/504_168/chronos2/none/instance/remove/run_0 mse=14.5989 nmse=1.63994 inference_seconds=0.192
2026-08-27 14:50:27 | configuration dataset=time/coastal_t_s_h_part02 L=504 H=168 model=chronos2 covariates=none instance_norm=false remove_constant=false seed=1 batch_size=64
[2026-08-27 14:50:29,996][data.dataset][INFO] - dataset config path=/fssmall/home/h61084/codes/datasets/time/coastal_t_s_h_part02/config.json applied_keys=['date_col', 'drop_users', 'target_cols']
[2026-08-27 14:50:30,016][evaluation.evaluator][INFO] - evaluate dataset=time/coastal_t_s_h_part02 users=3 dates=3771 windows=21 removed_constant=0 L=504 H=168 stride=512
[2026-08-27 14:50:35,681][evaluation.evaluator][INFO] - artifacts ready run=/fssmall/home/h61084/codes/tsfm/outputs_selena/controls/time-coastal_t_s_h_part02/504_168/chronos2/none/raw/keep/run_0 mse=14.5989 nmse=1.63995 inference_seconds=0.193
2026-08-27 14:50:36 | configuration dataset=time/coastal_t_s_h_part02 L=504 H=168 model=chronos2 covariates=none instance_norm=false remove_constant=true seed=1 batch_size=64
[2026-08-27 14:50:39,439][data.dataset][INFO] - dataset config path=/fssmall/home/h61084/codes/datasets/time/coastal_t_s_h_part02/config.json applied_keys=['date_col', 'drop_users', 'target_cols']
[2026-08-27 14:50:39,458][evaluation.evaluator][INFO] - evaluate dataset=time/coastal_t_s_h_part02 users=3 dates=3771 windows=21 removed_constant=0 L=504 H=168 stride=512
[2026-08-27 14:50:45,104][evaluation.evaluator][INFO] - artifacts ready run=/fssmall/home/h61084/codes/tsfm/outputs_selena/controls/time-coastal_t_s_h_part02/504_168/chronos2/none/raw/remove/run_0 mse=14.5989 nmse=1.63995 inference_seconds=0.193
2026-08-27 14:50:46 | configuration dataset=time/coastal_t_s_h_part03 L=168 H=24 model=repeat covariates=none instance_norm=true remove_constant=false seed=1 batch_size=512
[2026-08-27 14:50:48,858][data.dataset][INFO] - dataset config path=/fssmall/home/h61084/codes/datasets/time/coastal_t_s_h_part03/config.json applied_keys=['date_col', 'drop_users', 'target_cols']
[2026-08-27 14:50:48,879][evaluation.evaluator][INFO] - evaluate dataset=time/coastal_t_s_h_part03 users=3 dates=3733 windows=21 removed_constant=0 L=168 H=24 stride=512
[2026-08-27 14:50:49,101][evaluation.evaluator][INFO] - artifacts ready run=/fssmall/home/h61084/codes/tsfm/outputs_selena/controls/time-coastal_t_s_h_part03/168_24/repeat/none/instance/keep/run_0 mse=0.0295908 nmse=0.534696 inference_seconds=0.020
2026-08-27 14:50:49 | configuration dataset=time/coastal_t_s_h_part03 L=168 H=24 model=repeat covariates=none instance_norm=true remove_constant=true seed=1 batch_size=512
[2026-08-27 14:50:52,488][data.dataset][INFO] - dataset config path=/fssmall/home/h61084/codes/datasets/time/coastal_t_s_h_part03/config.json applied_keys=['date_col', 'drop_users', 'target_cols']
[2026-08-27 14:50:52,507][evaluation.evaluator][INFO] - evaluate dataset=time/coastal_t_s_h_part03 users=3 dates=3733 windows=21 removed_constant=0 L=168 H=24 stride=512
[2026-08-27 14:50:52,735][evaluation.evaluator][INFO] - artifacts ready run=/fssmall/home/h61084/codes/tsfm/outputs_selena/controls/time-coastal_t_s_h_part03/168_24/repeat/none/instance/remove/run_0 mse=0.0295908 nmse=0.534696 inference_seconds=0.020
2026-08-27 14:50:53 | configuration dataset=time/coastal_t_s_h_part03 L=168 H=24 model=repeat covariates=none instance_norm=false remove_constant=false seed=1 batch_size=512
[2026-08-27 14:50:56,179][data.dataset][INFO] - dataset config path=/fssmall/home/h61084/codes/datasets/time/coastal_t_s_h_part03/config.json applied_keys=['date_col', 'drop_users', 'target_cols']
[2026-08-27 14:50:56,199][evaluation.evaluator][INFO] - evaluate dataset=time/coastal_t_s_h_part03 users=3 dates=3733 windows=21 removed_constant=0 L=168 H=24 stride=512
[2026-08-27 14:50:56,433][evaluation.evaluator][INFO] - artifacts ready run=/fssmall/home/h61084/codes/tsfm/outputs_selena/controls/time-coastal_t_s_h_part03/168_24/repeat/none/raw/keep/run_0 mse=0.0295908 nmse=0.534696 inference_seconds=0.000
2026-08-27 14:50:57 | configuration dataset=time/coastal_t_s_h_part03 L=168 H=24 model=repeat covariates=none instance_norm=false remove_constant=true seed=1 batch_size=512
[2026-08-27 14:50:59,875][data.dataset][INFO] - dataset config path=/fssmall/home/h61084/codes/datasets/time/coastal_t_s_h_part03/config.json applied_keys=['date_col', 'drop_users', 'target_cols']
[2026-08-27 14:50:59,894][evaluation.evaluator][INFO] - evaluate dataset=time/coastal_t_s_h_part03 users=3 dates=3733 windows=21 removed_constant=0 L=168 H=24 stride=512
[2026-08-27 14:51:00,134][evaluation.evaluator][INFO] - artifacts ready run=/fssmall/home/h61084/codes/tsfm/outputs_selena/controls/time-coastal_t_s_h_part03/168_24/repeat/none/raw/remove/run_0 mse=0.0295908 nmse=0.534696 inference_seconds=0.000
2026-08-27 14:51:01 | configuration dataset=time/coastal_t_s_h_part03 L=168 H=24 model=chronos2 covariates=none instance_norm=true remove_constant=false seed=1 batch_size=64
[2026-08-27 14:51:03,550][data.dataset][INFO] - dataset config path=/fssmall/home/h61084/codes/datasets/time/coastal_t_s_h_part03/config.json applied_keys=['date_col', 'drop_users', 'target_cols']
[2026-08-27 14:51:03,570][evaluation.evaluator][INFO] - evaluate dataset=time/coastal_t_s_h_part03 users=3 dates=3733 windows=21 removed_constant=0 L=168 H=24 stride=512
[2026-08-27 14:51:09,203][evaluation.evaluator][INFO] - artifacts ready run=/fssmall/home/h61084/codes/tsfm/outputs_selena/controls/time-coastal_t_s_h_part03/168_24/chronos2/none/instance/keep/run_0 mse=0.0053388 nmse=0.319853 inference_seconds=0.193
2026-08-27 14:51:10 | configuration dataset=time/coastal_t_s_h_part03 L=168 H=24 model=chronos2 covariates=none instance_norm=true remove_constant=true seed=1 batch_size=64
[2026-08-27 14:51:12,952][data.dataset][INFO] - dataset config path=/fssmall/home/h61084/codes/datasets/time/coastal_t_s_h_part03/config.json applied_keys=['date_col', 'drop_users', 'target_cols']
[2026-08-27 14:51:12,971][evaluation.evaluator][INFO] - evaluate dataset=time/coastal_t_s_h_part03 users=3 dates=3733 windows=21 removed_constant=0 L=168 H=24 stride=512
[2026-08-27 14:51:18,617][evaluation.evaluator][INFO] - artifacts ready run=/fssmall/home/h61084/codes/tsfm/outputs_selena/controls/time-coastal_t_s_h_part03/168_24/chronos2/none/instance/remove/run_0 mse=0.0053388 nmse=0.319853 inference_seconds=0.191
2026-08-27 14:51:19 | configuration dataset=time/coastal_t_s_h_part03 L=168 H=24 model=chronos2 covariates=none instance_norm=false remove_constant=false seed=1 batch_size=64
[2026-08-27 14:51:22,391][data.dataset][INFO] - dataset config path=/fssmall/home/h61084/codes/datasets/time/coastal_t_s_h_part03/config.json applied_keys=['date_col', 'drop_users', 'target_cols']
[2026-08-27 14:51:22,410][evaluation.evaluator][INFO] - evaluate dataset=time/coastal_t_s_h_part03 users=3 dates=3733 windows=21 removed_constant=0 L=168 H=24 stride=512
[2026-08-27 14:51:28,067][evaluation.evaluator][INFO] - artifacts ready run=/fssmall/home/h61084/codes/tsfm/outputs_selena/controls/time-coastal_t_s_h_part03/168_24/chronos2/none/raw/keep/run_0 mse=0.0053388 nmse=0.319856 inference_seconds=0.193
2026-08-27 14:51:29 | configuration dataset=time/coastal_t_s_h_part03 L=168 H=24 model=chronos2 covariates=none instance_norm=false remove_constant=true seed=1 batch_size=64
[2026-08-27 14:51:31,826][data.dataset][INFO] - dataset config path=/fssmall/home/h61084/codes/datasets/time/coastal_t_s_h_part03/config.json applied_keys=['date_col', 'drop_users', 'target_cols']
[2026-08-27 14:51:31,845][evaluation.evaluator][INFO] - evaluate dataset=time/coastal_t_s_h_part03 users=3 dates=3733 windows=21 removed_constant=0 L=168 H=24 stride=512
[2026-08-27 14:51:37,489][evaluation.evaluator][INFO] - artifacts ready run=/fssmall/home/h61084/codes/tsfm/outputs_selena/controls/time-coastal_t_s_h_part03/168_24/chronos2/none/raw/remove/run_0 mse=0.0053388 nmse=0.319856 inference_seconds=0.193
2026-08-27 14:51:38 | configuration dataset=time/coastal_t_s_h_part03 L=336 H=48 model=repeat covariates=none instance_norm=true remove_constant=false seed=1 batch_size=512
[2026-08-27 14:51:41,219][data.dataset][INFO] - dataset config path=/fssmall/home/h61084/codes/datasets/time/coastal_t_s_h_part03/config.json applied_keys=['date_col', 'drop_users', 'target_cols']
[2026-08-27 14:51:41,241][evaluation.evaluator][INFO] - evaluate dataset=time/coastal_t_s_h_part03 users=3 dates=3733 windows=21 removed_constant=0 L=336 H=48 stride=512
[2026-08-27 14:51:41,466][evaluation.evaluator][INFO] - artifacts ready run=/fssmall/home/h61084/codes/tsfm/outputs_selena/controls/time-coastal_t_s_h_part03/336_48/repeat/none/instance/keep/run_0 mse=0.10919 nmse=1.26254 inference_seconds=0.020
2026-08-27 14:51:42 | configuration dataset=time/coastal_t_s_h_part03 L=336 H=48 model=repeat covariates=none instance_norm=true remove_constant=true seed=1 batch_size=512
[2026-08-27 14:51:44,902][data.dataset][INFO] - dataset config path=/fssmall/home/h61084/codes/datasets/time/coastal_t_s_h_part03/config.json applied_keys=['date_col', 'drop_users', 'target_cols']
[2026-08-27 14:51:44,921][evaluation.evaluator][INFO] - evaluate dataset=time/coastal_t_s_h_part03 users=3 dates=3733 windows=21 removed_constant=0 L=336 H=48 stride=512
[2026-08-27 14:51:45,146][evaluation.evaluator][INFO] - artifacts ready run=/fssmall/home/h61084/codes/tsfm/outputs_selena/controls/time-coastal_t_s_h_part03/336_48/repeat/none/instance/remove/run_0 mse=0.10919 nmse=1.26254 inference_seconds=0.020
2026-08-27 14:51:46 | configuration dataset=time/coastal_t_s_h_part03 L=336 H=48 model=repeat covariates=none instance_norm=false remove_constant=false seed=1 batch_size=512
[2026-08-27 14:51:48,597][data.dataset][INFO] - dataset config path=/fssmall/home/h61084/codes/datasets/time/coastal_t_s_h_part03/config.json applied_keys=['date_col', 'drop_users', 'target_cols']
[2026-08-27 14:51:48,617][evaluation.evaluator][INFO] - evaluate dataset=time/coastal_t_s_h_part03 users=3 dates=3733 windows=21 removed_constant=0 L=336 H=48 stride=512
[2026-08-27 14:51:48,844][evaluation.evaluator][INFO] - artifacts ready run=/fssmall/home/h61084/codes/tsfm/outputs_selena/controls/time-coastal_t_s_h_part03/336_48/repeat/none/raw/keep/run_0 mse=0.10919 nmse=1.26254 inference_seconds=0.000
2026-08-27 14:51:49 | configuration dataset=time/coastal_t_s_h_part03 L=336 H=48 model=repeat covariates=none instance_norm=false remove_constant=true seed=1 batch_size=512
[2026-08-27 14:51:52,338][data.dataset][INFO] - dataset config path=/fssmall/home/h61084/codes/datasets/time/coastal_t_s_h_part03/config.json applied_keys=['date_col', 'drop_users', 'target_cols']
[2026-08-27 14:51:52,356][evaluation.evaluator][INFO] - evaluate dataset=time/coastal_t_s_h_part03 users=3 dates=3733 windows=21 removed_constant=0 L=336 H=48 stride=512
[2026-08-27 14:51:52,574][evaluation.evaluator][INFO] - artifacts ready run=/fssmall/home/h61084/codes/tsfm/outputs_selena/controls/time-coastal_t_s_h_part03/336_48/repeat/none/raw/remove/run_0 mse=0.10919 nmse=1.26254 inference_seconds=0.000
2026-08-27 14:51:53 | configuration dataset=time/coastal_t_s_h_part03 L=336 H=48 model=chronos2 covariates=none instance_norm=true remove_constant=false seed=1 batch_size=64
[2026-08-27 14:51:55,987][data.dataset][INFO] - dataset config path=/fssmall/home/h61084/codes/datasets/time/coastal_t_s_h_part03/config.json applied_keys=['date_col', 'drop_users', 'target_cols']
[2026-08-27 14:51:56,007][evaluation.evaluator][INFO] - evaluate dataset=time/coastal_t_s_h_part03 users=3 dates=3733 windows=21 removed_constant=0 L=336 H=48 stride=512
[2026-08-27 14:52:01,646][evaluation.evaluator][INFO] - artifacts ready run=/fssmall/home/h61084/codes/tsfm/outputs_selena/controls/time-coastal_t_s_h_part03/336_48/chronos2/none/instance/keep/run_0 mse=0.0198843 nmse=0.329395 inference_seconds=0.195
2026-08-27 14:52:02 | configuration dataset=time/coastal_t_s_h_part03 L=336 H=48 model=chronos2 covariates=none instance_norm=true remove_constant=true seed=1 batch_size=64
[2026-08-27 14:52:05,394][data.dataset][INFO] - dataset config path=/fssmall/home/h61084/codes/datasets/time/coastal_t_s_h_part03/config.json applied_keys=['date_col', 'drop_users', 'target_cols']
[2026-08-27 14:52:05,413][evaluation.evaluator][INFO] - evaluate dataset=time/coastal_t_s_h_part03 users=3 dates=3733 windows=21 removed_constant=0 L=336 H=48 stride=512
[2026-08-27 14:52:11,071][evaluation.evaluator][INFO] - artifacts ready run=/fssmall/home/h61084/codes/tsfm/outputs_selena/controls/time-coastal_t_s_h_part03/336_48/chronos2/none/instance/remove/run_0 mse=0.0198843 nmse=0.329395 inference_seconds=0.191
2026-08-27 14:52:12 | configuration dataset=time/coastal_t_s_h_part03 L=336 H=48 model=chronos2 covariates=none instance_norm=false remove_constant=false seed=1 batch_size=64
[2026-08-27 14:52:14,831][data.dataset][INFO] - dataset config path=/fssmall/home/h61084/codes/datasets/time/coastal_t_s_h_part03/config.json applied_keys=['date_col', 'drop_users', 'target_cols']
[2026-08-27 14:52:14,851][evaluation.evaluator][INFO] - evaluate dataset=time/coastal_t_s_h_part03 users=3 dates=3733 windows=21 removed_constant=0 L=336 H=48 stride=512
[2026-08-27 14:52:20,485][evaluation.evaluator][INFO] - artifacts ready run=/fssmall/home/h61084/codes/tsfm/outputs_selena/controls/time-coastal_t_s_h_part03/336_48/chronos2/none/raw/keep/run_0 mse=0.0198843 nmse=0.329397 inference_seconds=0.192
2026-08-27 14:52:21 | configuration dataset=time/coastal_t_s_h_part03 L=336 H=48 model=chronos2 covariates=none instance_norm=false remove_constant=true seed=1 batch_size=64
[2026-08-27 14:52:24,305][data.dataset][INFO] - dataset config path=/fssmall/home/h61084/codes/datasets/time/coastal_t_s_h_part03/config.json applied_keys=['date_col', 'drop_users', 'target_cols']
[2026-08-27 14:52:24,324][evaluation.evaluator][INFO] - evaluate dataset=time/coastal_t_s_h_part03 users=3 dates=3733 windows=21 removed_constant=0 L=336 H=48 stride=512
[2026-08-27 14:52:30,013][evaluation.evaluator][INFO] - artifacts ready run=/fssmall/home/h61084/codes/tsfm/outputs_selena/controls/time-coastal_t_s_h_part03/336_48/chronos2/none/raw/remove/run_0 mse=0.0198843 nmse=0.329397 inference_seconds=0.191
2026-08-27 14:52:31 | configuration dataset=time/coastal_t_s_h_part03 L=504 H=168 model=repeat covariates=none instance_norm=true remove_constant=false seed=1 batch_size=512
[2026-08-27 14:52:33,762][data.dataset][INFO] - dataset config path=/fssmall/home/h61084/codes/datasets/time/coastal_t_s_h_part03/config.json applied_keys=['date_col', 'drop_users', 'target_cols']
[2026-08-27 14:52:33,783][evaluation.evaluator][INFO] - evaluate dataset=time/coastal_t_s_h_part03 users=3 dates=3733 windows=18 removed_constant=0 L=504 H=168 stride=512
[2026-08-27 14:52:34,001][evaluation.evaluator][INFO] - artifacts ready run=/fssmall/home/h61084/codes/tsfm/outputs_selena/controls/time-coastal_t_s_h_part03/504_168/repeat/none/instance/keep/run_0 mse=0.47096 nmse=3.29694 inference_seconds=0.020
2026-08-27 14:52:34 | configuration dataset=time/coastal_t_s_h_part03 L=504 H=168 model=repeat covariates=none instance_norm=true remove_constant=true seed=1 batch_size=512
[2026-08-27 14:52:37,468][data.dataset][INFO] - dataset config path=/fssmall/home/h61084/codes/datasets/time/coastal_t_s_h_part03/config.json applied_keys=['date_col', 'drop_users', 'target_cols']
[2026-08-27 14:52:37,487][evaluation.evaluator][INFO] - evaluate dataset=time/coastal_t_s_h_part03 users=3 dates=3733 windows=18 removed_constant=0 L=504 H=168 stride=512
[2026-08-27 14:52:37,716][evaluation.evaluator][INFO] - artifacts ready run=/fssmall/home/h61084/codes/tsfm/outputs_selena/controls/time-coastal_t_s_h_part03/504_168/repeat/none/instance/remove/run_0 mse=0.47096 nmse=3.29694 inference_seconds=0.020
2026-08-27 14:52:38 | configuration dataset=time/coastal_t_s_h_part03 L=504 H=168 model=repeat covariates=none instance_norm=false remove_constant=false seed=1 batch_size=512
[2026-08-27 14:52:41,199][data.dataset][INFO] - dataset config path=/fssmall/home/h61084/codes/datasets/time/coastal_t_s_h_part03/config.json applied_keys=['date_col', 'drop_users', 'target_cols']
[2026-08-27 14:52:41,219][evaluation.evaluator][INFO] - evaluate dataset=time/coastal_t_s_h_part03 users=3 dates=3733 windows=18 removed_constant=0 L=504 H=168 stride=512
[2026-08-27 14:52:41,442][evaluation.evaluator][INFO] - artifacts ready run=/fssmall/home/h61084/codes/tsfm/outputs_selena/controls/time-coastal_t_s_h_part03/504_168/repeat/none/raw/keep/run_0 mse=0.47096 nmse=3.29694 inference_seconds=0.000
2026-08-27 14:52:42 | configuration dataset=time/coastal_t_s_h_part03 L=504 H=168 model=repeat covariates=none instance_norm=false remove_constant=true seed=1 batch_size=512
[2026-08-27 14:52:44,915][data.dataset][INFO] - dataset config path=/fssmall/home/h61084/codes/datasets/time/coastal_t_s_h_part03/config.json applied_keys=['date_col', 'drop_users', 'target_cols']
[2026-08-27 14:52:44,935][evaluation.evaluator][INFO] - evaluate dataset=time/coastal_t_s_h_part03 users=3 dates=3733 windows=18 removed_constant=0 L=504 H=168 stride=512
[2026-08-27 14:52:45,159][evaluation.evaluator][INFO] - artifacts ready run=/fssmall/home/h61084/codes/tsfm/outputs_selena/controls/time-coastal_t_s_h_part03/504_168/repeat/none/raw/remove/run_0 mse=0.47096 nmse=3.29694 inference_seconds=0.000
2026-08-27 14:52:46 | configuration dataset=time/coastal_t_s_h_part03 L=504 H=168 model=chronos2 covariates=none instance_norm=true remove_constant=false seed=1 batch_size=64
[2026-08-27 14:52:48,609][data.dataset][INFO] - dataset config path=/fssmall/home/h61084/codes/datasets/time/coastal_t_s_h_part03/config.json applied_keys=['date_col', 'drop_users', 'target_cols']
[2026-08-27 14:52:48,629][evaluation.evaluator][INFO] - evaluate dataset=time/coastal_t_s_h_part03 users=3 dates=3733 windows=18 removed_constant=0 L=504 H=168 stride=512
[2026-08-27 14:52:54,311][evaluation.evaluator][INFO] - artifacts ready run=/fssmall/home/h61084/codes/tsfm/outputs_selena/controls/time-coastal_t_s_h_part03/504_168/chronos2/none/instance/keep/run_0 mse=0.0677079 nmse=1.87924 inference_seconds=0.192
2026-08-27 14:52:55 | configuration dataset=time/coastal_t_s_h_part03 L=504 H=168 model=chronos2 covariates=none instance_norm=true remove_constant=true seed=1 batch_size=64
[2026-08-27 14:52:58,120][data.dataset][INFO] - dataset config path=/fssmall/home/h61084/codes/datasets/time/coastal_t_s_h_part03/config.json applied_keys=['date_col', 'drop_users', 'target_cols']
[2026-08-27 14:52:58,140][evaluation.evaluator][INFO] - evaluate dataset=time/coastal_t_s_h_part03 users=3 dates=3733 windows=18 removed_constant=0 L=504 H=168 stride=512
[2026-08-27 14:53:03,782][evaluation.evaluator][INFO] - artifacts ready run=/fssmall/home/h61084/codes/tsfm/outputs_selena/controls/time-coastal_t_s_h_part03/504_168/chronos2/none/instance/remove/run_0 mse=0.0677079 nmse=1.87924 inference_seconds=0.192
2026-08-27 14:53:05 | configuration dataset=time/coastal_t_s_h_part03 L=504 H=168 model=chronos2 covariates=none instance_norm=false remove_constant=false seed=1 batch_size=64
[2026-08-27 14:53:07,564][data.dataset][INFO] - dataset config path=/fssmall/home/h61084/codes/datasets/time/coastal_t_s_h_part03/config.json applied_keys=['date_col', 'drop_users', 'target_cols']
[2026-08-27 14:53:07,583][evaluation.evaluator][INFO] - evaluate dataset=time/coastal_t_s_h_part03 users=3 dates=3733 windows=18 removed_constant=0 L=504 H=168 stride=512
[2026-08-27 14:53:13,220][evaluation.evaluator][INFO] - artifacts ready run=/fssmall/home/h61084/codes/tsfm/outputs_selena/controls/time-coastal_t_s_h_part03/504_168/chronos2/none/raw/keep/run_0 mse=0.0677079 nmse=1.87925 inference_seconds=0.191
2026-08-27 14:53:14 | configuration dataset=time/coastal_t_s_h_part03 L=504 H=168 model=chronos2 covariates=none instance_norm=false remove_constant=true seed=1 batch_size=64
[2026-08-27 14:53:17,030][data.dataset][INFO] - dataset config path=/fssmall/home/h61084/codes/datasets/time/coastal_t_s_h_part03/config.json applied_keys=['date_col', 'drop_users', 'target_cols']
[2026-08-27 14:53:17,049][evaluation.evaluator][INFO] - evaluate dataset=time/coastal_t_s_h_part03 users=3 dates=3733 windows=18 removed_constant=0 L=504 H=168 stride=512
[2026-08-27 14:53:22,708][evaluation.evaluator][INFO] - artifacts ready run=/fssmall/home/h61084/codes/tsfm/outputs_selena/controls/time-coastal_t_s_h_part03/504_168/chronos2/none/raw/remove/run_0 mse=0.0677079 nmse=1.87925 inference_seconds=0.193
2026-08-27 14:53:23 | configuration dataset=time/coastal_t_s_h_part04 L=168 H=24 model=repeat covariates=none instance_norm=true remove_constant=false seed=1 batch_size=512
[2026-08-27 14:53:26,484][data.dataset][INFO] - dataset config path=/fssmall/home/h61084/codes/datasets/time/coastal_t_s_h_part04/config.json applied_keys=['date_col', 'drop_users', 'target_cols']
[2026-08-27 14:53:26,509][evaluation.evaluator][INFO] - evaluate dataset=time/coastal_t_s_h_part04 users=3 dates=6673 windows=39 removed_constant=0 L=168 H=24 stride=512
[2026-08-27 14:53:26,741][evaluation.evaluator][INFO] - artifacts ready run=/fssmall/home/h61084/codes/tsfm/outputs_selena/controls/time-coastal_t_s_h_part04/168_24/repeat/none/instance/keep/run_0 mse=139.952 nmse=1.51663 inference_seconds=0.020
2026-08-27 14:53:27 | configuration dataset=time/coastal_t_s_h_part04 L=168 H=24 model=repeat covariates=none instance_norm=true remove_constant=true seed=1 batch_size=512
[2026-08-27 14:53:30,221][data.dataset][INFO] - dataset config path=/fssmall/home/h61084/codes/datasets/time/coastal_t_s_h_part04/config.json applied_keys=['date_col', 'drop_users', 'target_cols']
[2026-08-27 14:53:30,242][evaluation.evaluator][INFO] - evaluate dataset=time/coastal_t_s_h_part04 users=3 dates=6673 windows=39 removed_constant=0 L=168 H=24 stride=512
[2026-08-27 14:53:30,464][evaluation.evaluator][INFO] - artifacts ready run=/fssmall/home/h61084/codes/tsfm/outputs_selena/controls/time-coastal_t_s_h_part04/168_24/repeat/none/instance/remove/run_0 mse=139.952 nmse=1.51663 inference_seconds=0.020
2026-08-27 14:53:31 | configuration dataset=time/coastal_t_s_h_part04 L=168 H=24 model=repeat covariates=none instance_norm=false remove_constant=false seed=1 batch_size=512
[2026-08-27 14:53:33,956][data.dataset][INFO] - dataset config path=/fssmall/home/h61084/codes/datasets/time/coastal_t_s_h_part04/config.json applied_keys=['date_col', 'drop_users', 'target_cols']
[2026-08-27 14:53:33,978][evaluation.evaluator][INFO] - evaluate dataset=time/coastal_t_s_h_part04 users=3 dates=6673 windows=39 removed_constant=0 L=168 H=24 stride=512
[2026-08-27 14:53:34,198][evaluation.evaluator][INFO] - artifacts ready run=/fssmall/home/h61084/codes/tsfm/outputs_selena/controls/time-coastal_t_s_h_part04/168_24/repeat/none/raw/keep/run_0 mse=139.952 nmse=1.51663 inference_seconds=0.000
2026-08-27 14:53:35 | configuration dataset=time/coastal_t_s_h_part04 L=168 H=24 model=repeat covariates=none instance_norm=false remove_constant=true seed=1 batch_size=512
[2026-08-27 14:53:37,680][data.dataset][INFO] - dataset config path=/fssmall/home/h61084/codes/datasets/time/coastal_t_s_h_part04/config.json applied_keys=['date_col', 'drop_users', 'target_cols']
[2026-08-27 14:53:37,703][evaluation.evaluator][INFO] - evaluate dataset=time/coastal_t_s_h_part04 users=3 dates=6673 windows=39 removed_constant=0 L=168 H=24 stride=512
[2026-08-27 14:53:37,924][evaluation.evaluator][INFO] - artifacts ready run=/fssmall/home/h61084/codes/tsfm/outputs_selena/controls/time-coastal_t_s_h_part04/168_24/repeat/none/raw/remove/run_0 mse=139.952 nmse=1.51663 inference_seconds=0.000
2026-08-27 14:53:38 | configuration dataset=time/coastal_t_s_h_part04 L=168 H=24 model=chronos2 covariates=none instance_norm=true remove_constant=false seed=1 batch_size=64
[2026-08-27 14:53:41,422][data.dataset][INFO] - dataset config path=/fssmall/home/h61084/codes/datasets/time/coastal_t_s_h_part04/config.json applied_keys=['date_col', 'drop_users', 'target_cols']
[2026-08-27 14:53:41,445][evaluation.evaluator][INFO] - evaluate dataset=time/coastal_t_s_h_part04 users=3 dates=6673 windows=39 removed_constant=0 L=168 H=24 stride=512
[2026-08-27 14:53:47,076][evaluation.evaluator][INFO] - artifacts ready run=/fssmall/home/h61084/codes/tsfm/outputs_selena/controls/time-coastal_t_s_h_part04/168_24/chronos2/none/instance/keep/run_0 mse=55.0165 nmse=0.693158 inference_seconds=0.194
2026-08-27 14:53:48 | configuration dataset=time/coastal_t_s_h_part04 L=168 H=24 model=chronos2 covariates=none instance_norm=true remove_constant=true seed=1 batch_size=64
[2026-08-27 14:53:50,910][data.dataset][INFO] - dataset config path=/fssmall/home/h61084/codes/datasets/time/coastal_t_s_h_part04/config.json applied_keys=['date_col', 'drop_users', 'target_cols']
[2026-08-27 14:53:50,931][evaluation.evaluator][INFO] - evaluate dataset=time/coastal_t_s_h_part04 users=3 dates=6673 windows=39 removed_constant=0 L=168 H=24 stride=512
[2026-08-27 14:53:56,588][evaluation.evaluator][INFO] - artifacts ready run=/fssmall/home/h61084/codes/tsfm/outputs_selena/controls/time-coastal_t_s_h_part04/168_24/chronos2/none/instance/remove/run_0 mse=55.0165 nmse=0.693158 inference_seconds=0.194
2026-08-27 14:53:57 | configuration dataset=time/coastal_t_s_h_part04 L=168 H=24 model=chronos2 covariates=none instance_norm=false remove_constant=false seed=1 batch_size=64
[2026-08-27 14:54:00,419][data.dataset][INFO] - dataset config path=/fssmall/home/h61084/codes/datasets/time/coastal_t_s_h_part04/config.json applied_keys=['date_col', 'drop_users', 'target_cols']
[2026-08-27 14:54:00,441][evaluation.evaluator][INFO] - evaluate dataset=time/coastal_t_s_h_part04 users=3 dates=6673 windows=39 removed_constant=0 L=168 H=24 stride=512
[2026-08-27 14:54:06,078][evaluation.evaluator][INFO] - artifacts ready run=/fssmall/home/h61084/codes/tsfm/outputs_selena/controls/time-coastal_t_s_h_part04/168_24/chronos2/none/raw/keep/run_0 mse=55.0165 nmse=0.693158 inference_seconds=0.192
2026-08-27 14:54:07 | configuration dataset=time/coastal_t_s_h_part04 L=168 H=24 model=chronos2 covariates=none instance_norm=false remove_constant=true seed=1 batch_size=64
[2026-08-27 14:54:09,927][data.dataset][INFO] - dataset config path=/fssmall/home/h61084/codes/datasets/time/coastal_t_s_h_part04/config.json applied_keys=['date_col', 'drop_users', 'target_cols']
[2026-08-27 14:54:09,948][evaluation.evaluator][INFO] - evaluate dataset=time/coastal_t_s_h_part04 users=3 dates=6673 windows=39 removed_constant=0 L=168 H=24 stride=512
[2026-08-27 14:54:15,586][evaluation.evaluator][INFO] - artifacts ready run=/fssmall/home/h61084/codes/tsfm/outputs_selena/controls/time-coastal_t_s_h_part04/168_24/chronos2/none/raw/remove/run_0 mse=55.0165 nmse=0.693158 inference_seconds=0.194
2026-08-27 14:54:16 | configuration dataset=time/coastal_t_s_h_part04 L=336 H=48 model=repeat covariates=none instance_norm=true remove_constant=false seed=1 batch_size=512
[2026-08-27 14:54:19,383][data.dataset][INFO] - dataset config path=/fssmall/home/h61084/codes/datasets/time/coastal_t_s_h_part04/config.json applied_keys=['date_col', 'drop_users', 'target_cols']
[2026-08-27 14:54:19,406][evaluation.evaluator][INFO] - evaluate dataset=time/coastal_t_s_h_part04 users=3 dates=6673 windows=39 removed_constant=0 L=336 H=48 stride=512
[2026-08-27 14:54:19,648][evaluation.evaluator][INFO] - artifacts ready run=/fssmall/home/h61084/codes/tsfm/outputs_selena/controls/time-coastal_t_s_h_part04/336_48/repeat/none/instance/keep/run_0 mse=84.2047 nmse=1.18699 inference_seconds=0.020
2026-08-27 14:54:20 | configuration dataset=time/coastal_t_s_h_part04 L=336 H=48 model=repeat covariates=none instance_norm=true remove_constant=true seed=1 batch_size=512
[2026-08-27 14:54:23,091][data.dataset][INFO] - dataset config path=/fssmall/home/h61084/codes/datasets/time/coastal_t_s_h_part04/config.json applied_keys=['date_col', 'drop_users', 'target_cols']
[2026-08-27 14:54:23,113][evaluation.evaluator][INFO] - evaluate dataset=time/coastal_t_s_h_part04 users=3 dates=6673 windows=39 removed_constant=0 L=336 H=48 stride=512
[2026-08-27 14:54:23,347][evaluation.evaluator][INFO] - artifacts ready run=/fssmall/home/h61084/codes/tsfm/outputs_selena/controls/time-coastal_t_s_h_part04/336_48/repeat/none/instance/remove/run_0 mse=84.2047 nmse=1.18699 inference_seconds=0.021
2026-08-27 14:54:24 | configuration dataset=time/coastal_t_s_h_part04 L=336 H=48 model=repeat covariates=none instance_norm=false remove_constant=false seed=1 batch_size=512
[2026-08-27 14:54:26,852][data.dataset][INFO] - dataset config path=/fssmall/home/h61084/codes/datasets/time/coastal_t_s_h_part04/config.json applied_keys=['date_col', 'drop_users', 'target_cols']
[2026-08-27 14:54:26,874][evaluation.evaluator][INFO] - evaluate dataset=time/coastal_t_s_h_part04 users=3 dates=6673 windows=39 removed_constant=0 L=336 H=48 stride=512
[2026-08-27 14:54:27,099][evaluation.evaluator][INFO] - artifacts ready run=/fssmall/home/h61084/codes/tsfm/outputs_selena/controls/time-coastal_t_s_h_part04/336_48/repeat/none/raw/keep/run_0 mse=84.2047 nmse=1.18699 inference_seconds=0.000
2026-08-27 14:54:28 | configuration dataset=time/coastal_t_s_h_part04 L=336 H=48 model=repeat covariates=none instance_norm=false remove_constant=true seed=1 batch_size=512
[2026-08-27 14:54:30,565][data.dataset][INFO] - dataset config path=/fssmall/home/h61084/codes/datasets/time/coastal_t_s_h_part04/config.json applied_keys=['date_col', 'drop_users', 'target_cols']
[2026-08-27 14:54:30,586][evaluation.evaluator][INFO] - evaluate dataset=time/coastal_t_s_h_part04 users=3 dates=6673 windows=39 removed_constant=0 L=336 H=48 stride=512
[2026-08-27 14:54:30,801][evaluation.evaluator][INFO] - artifacts ready run=/fssmall/home/h61084/codes/tsfm/outputs_selena/controls/time-coastal_t_s_h_part04/336_48/repeat/none/raw/remove/run_0 mse=84.2047 nmse=1.18699 inference_seconds=0.000
2026-08-27 14:54:31 | configuration dataset=time/coastal_t_s_h_part04 L=336 H=48 model=chronos2 covariates=none instance_norm=true remove_constant=false seed=1 batch_size=64
[2026-08-27 14:54:34,265][data.dataset][INFO] - dataset config path=/fssmall/home/h61084/codes/datasets/time/coastal_t_s_h_part04/config.json applied_keys=['date_col', 'drop_users', 'target_cols']
[2026-08-27 14:54:34,287][evaluation.evaluator][INFO] - evaluate dataset=time/coastal_t_s_h_part04 users=3 dates=6673 windows=39 removed_constant=0 L=336 H=48 stride=512
[2026-08-27 14:54:39,924][evaluation.evaluator][INFO] - artifacts ready run=/fssmall/home/h61084/codes/tsfm/outputs_selena/controls/time-coastal_t_s_h_part04/336_48/chronos2/none/instance/keep/run_0 mse=70.9465 nmse=0.701633 inference_seconds=0.194
2026-08-27 14:54:41 | configuration dataset=time/coastal_t_s_h_part04 L=336 H=48 model=chronos2 covariates=none instance_norm=true remove_constant=true seed=1 batch_size=64
[2026-08-27 14:54:43,725][data.dataset][INFO] - dataset config path=/fssmall/home/h61084/codes/datasets/time/coastal_t_s_h_part04/config.json applied_keys=['date_col', 'drop_users', 'target_cols']
[2026-08-27 14:54:43,745][evaluation.evaluator][INFO] - evaluate dataset=time/coastal_t_s_h_part04 users=3 dates=6673 windows=39 removed_constant=0 L=336 H=48 stride=512
[2026-08-27 14:54:49,398][evaluation.evaluator][INFO] - artifacts ready run=/fssmall/home/h61084/codes/tsfm/outputs_selena/controls/time-coastal_t_s_h_part04/336_48/chronos2/none/instance/remove/run_0 mse=70.9465 nmse=0.701633 inference_seconds=0.208
2026-08-27 14:54:50 | configuration dataset=time/coastal_t_s_h_part04 L=336 H=48 model=chronos2 covariates=none instance_norm=false remove_constant=false seed=1 batch_size=64
[2026-08-27 14:54:53,198][data.dataset][INFO] - dataset config path=/fssmall/home/h61084/codes/datasets/time/coastal_t_s_h_part04/config.json applied_keys=['date_col', 'drop_users', 'target_cols']
[2026-08-27 14:54:53,220][evaluation.evaluator][INFO] - evaluate dataset=time/coastal_t_s_h_part04 users=3 dates=6673 windows=39 removed_constant=0 L=336 H=48 stride=512
[2026-08-27 14:54:58,810][evaluation.evaluator][INFO] - artifacts ready run=/fssmall/home/h61084/codes/tsfm/outputs_selena/controls/time-coastal_t_s_h_part04/336_48/chronos2/none/raw/keep/run_0 mse=70.9465 nmse=0.701633 inference_seconds=0.194
2026-08-27 14:55:00 | configuration dataset=time/coastal_t_s_h_part04 L=336 H=48 model=chronos2 covariates=none instance_norm=false remove_constant=true seed=1 batch_size=64
[2026-08-27 14:55:02,640][data.dataset][INFO] - dataset config path=/fssmall/home/h61084/codes/datasets/time/coastal_t_s_h_part04/config.json applied_keys=['date_col', 'drop_users', 'target_cols']
[2026-08-27 14:55:02,662][evaluation.evaluator][INFO] - evaluate dataset=time/coastal_t_s_h_part04 users=3 dates=6673 windows=39 removed_constant=0 L=336 H=48 stride=512
[2026-08-27 14:55:08,297][evaluation.evaluator][INFO] - artifacts ready run=/fssmall/home/h61084/codes/tsfm/outputs_selena/controls/time-coastal_t_s_h_part04/336_48/chronos2/none/raw/remove/run_0 mse=70.9465 nmse=0.701633 inference_seconds=0.193
2026-08-27 14:55:09 | configuration dataset=time/coastal_t_s_h_part04 L=504 H=168 model=repeat covariates=none instance_norm=true remove_constant=false seed=1 batch_size=512
[2026-08-27 14:55:12,078][data.dataset][INFO] - dataset config path=/fssmall/home/h61084/codes/datasets/time/coastal_t_s_h_part04/config.json applied_keys=['date_col', 'drop_users', 'target_cols']
[2026-08-27 14:55:12,100][evaluation.evaluator][INFO] - evaluate dataset=time/coastal_t_s_h_part04 users=3 dates=6673 windows=36 removed_constant=0 L=504 H=168 stride=512
[2026-08-27 14:55:12,337][evaluation.evaluator][INFO] - artifacts ready run=/fssmall/home/h61084/codes/tsfm/outputs_selena/controls/time-coastal_t_s_h_part04/504_168/repeat/none/instance/keep/run_0 mse=202.78 nmse=32.6919 inference_seconds=0.020
2026-08-27 14:55:13 | configuration dataset=time/coastal_t_s_h_part04 L=504 H=168 model=repeat covariates=none instance_norm=true remove_constant=true seed=1 batch_size=512
[2026-08-27 14:55:15,850][data.dataset][INFO] - dataset config path=/fssmall/home/h61084/codes/datasets/time/coastal_t_s_h_part04/config.json applied_keys=['date_col', 'drop_users', 'target_cols']
[2026-08-27 14:55:15,870][evaluation.evaluator][INFO] - evaluate dataset=time/coastal_t_s_h_part04 users=3 dates=6673 windows=36 removed_constant=0 L=504 H=168 stride=512
[2026-08-27 14:55:16,101][evaluation.evaluator][INFO] - artifacts ready run=/fssmall/home/h61084/codes/tsfm/outputs_selena/controls/time-coastal_t_s_h_part04/504_168/repeat/none/instance/remove/run_0 mse=202.78 nmse=32.6919 inference_seconds=0.020
2026-08-27 14:55:17 | configuration dataset=time/coastal_t_s_h_part04 L=504 H=168 model=repeat covariates=none instance_norm=false remove_constant=false seed=1 batch_size=512
[2026-08-27 14:55:19,642][data.dataset][INFO] - dataset config path=/fssmall/home/h61084/codes/datasets/time/coastal_t_s_h_part04/config.json applied_keys=['date_col', 'drop_users', 'target_cols']
[2026-08-27 14:55:19,664][evaluation.evaluator][INFO] - evaluate dataset=time/coastal_t_s_h_part04 users=3 dates=6673 windows=36 removed_constant=0 L=504 H=168 stride=512
[2026-08-27 14:55:19,882][evaluation.evaluator][INFO] - artifacts ready run=/fssmall/home/h61084/codes/tsfm/outputs_selena/controls/time-coastal_t_s_h_part04/504_168/repeat/none/raw/keep/run_0 mse=202.78 nmse=32.6919 inference_seconds=0.000
2026-08-27 14:55:20 | configuration dataset=time/coastal_t_s_h_part04 L=504 H=168 model=repeat covariates=none instance_norm=false remove_constant=true seed=1 batch_size=512
[2026-08-27 14:55:23,354][data.dataset][INFO] - dataset config path=/fssmall/home/h61084/codes/datasets/time/coastal_t_s_h_part04/config.json applied_keys=['date_col', 'drop_users', 'target_cols']
[2026-08-27 14:55:23,376][evaluation.evaluator][INFO] - evaluate dataset=time/coastal_t_s_h_part04 users=3 dates=6673 windows=36 removed_constant=0 L=504 H=168 stride=512
[2026-08-27 14:55:23,599][evaluation.evaluator][INFO] - artifacts ready run=/fssmall/home/h61084/codes/tsfm/outputs_selena/controls/time-coastal_t_s_h_part04/504_168/repeat/none/raw/remove/run_0 mse=202.78 nmse=32.6919 inference_seconds=0.000
2026-08-27 14:55:24 | configuration dataset=time/coastal_t_s_h_part04 L=504 H=168 model=chronos2 covariates=none instance_norm=true remove_constant=false seed=1 batch_size=64
[2026-08-27 14:55:27,109][data.dataset][INFO] - dataset config path=/fssmall/home/h61084/codes/datasets/time/coastal_t_s_h_part04/config.json applied_keys=['date_col', 'drop_users', 'target_cols']
[2026-08-27 14:55:27,131][evaluation.evaluator][INFO] - evaluate dataset=time/coastal_t_s_h_part04 users=3 dates=6673 windows=36 removed_constant=0 L=504 H=168 stride=512
[2026-08-27 14:55:32,751][evaluation.evaluator][INFO] - artifacts ready run=/fssmall/home/h61084/codes/tsfm/outputs_selena/controls/time-coastal_t_s_h_part04/504_168/chronos2/none/instance/keep/run_0 mse=231.125 nmse=31.8791 inference_seconds=0.193
2026-08-27 14:55:34 | configuration dataset=time/coastal_t_s_h_part04 L=504 H=168 model=chronos2 covariates=none instance_norm=true remove_constant=true seed=1 batch_size=64
[2026-08-27 14:55:36,665][data.dataset][INFO] - dataset config path=/fssmall/home/h61084/codes/datasets/time/coastal_t_s_h_part04/config.json applied_keys=['date_col', 'drop_users', 'target_cols']
[2026-08-27 14:55:36,686][evaluation.evaluator][INFO] - evaluate dataset=time/coastal_t_s_h_part04 users=3 dates=6673 windows=36 removed_constant=0 L=504 H=168 stride=512
[2026-08-27 14:55:42,346][evaluation.evaluator][INFO] - artifacts ready run=/fssmall/home/h61084/codes/tsfm/outputs_selena/controls/time-coastal_t_s_h_part04/504_168/chronos2/none/instance/remove/run_0 mse=231.125 nmse=31.8791 inference_seconds=0.196
2026-08-27 14:55:43 | configuration dataset=time/coastal_t_s_h_part04 L=504 H=168 model=chronos2 covariates=none instance_norm=false remove_constant=false seed=1 batch_size=64
[2026-08-27 14:55:46,168][data.dataset][INFO] - dataset config path=/fssmall/home/h61084/codes/datasets/time/coastal_t_s_h_part04/config.json applied_keys=['date_col', 'drop_users', 'target_cols']
[2026-08-27 14:55:46,190][evaluation.evaluator][INFO] - evaluate dataset=time/coastal_t_s_h_part04 users=3 dates=6673 windows=36 removed_constant=0 L=504 H=168 stride=512
[2026-08-27 14:55:51,810][evaluation.evaluator][INFO] - artifacts ready run=/fssmall/home/h61084/codes/tsfm/outputs_selena/controls/time-coastal_t_s_h_part04/504_168/chronos2/none/raw/keep/run_0 mse=231.125 nmse=31.8791 inference_seconds=0.195
2026-08-27 14:55:53 | configuration dataset=time/coastal_t_s_h_part04 L=504 H=168 model=chronos2 covariates=none instance_norm=false remove_constant=true seed=1 batch_size=64
[2026-08-27 14:55:55,637][data.dataset][INFO] - dataset config path=/fssmall/home/h61084/codes/datasets/time/coastal_t_s_h_part04/config.json applied_keys=['date_col', 'drop_users', 'target_cols']
[2026-08-27 14:55:55,658][evaluation.evaluator][INFO] - evaluate dataset=time/coastal_t_s_h_part04 users=3 dates=6673 windows=36 removed_constant=0 L=504 H=168 stride=512
[2026-08-27 14:56:01,288][evaluation.evaluator][INFO] - artifacts ready run=/fssmall/home/h61084/codes/tsfm/outputs_selena/controls/time-coastal_t_s_h_part04/504_168/chronos2/none/raw/remove/run_0 mse=231.125 nmse=31.8791 inference_seconds=0.193
2026-08-27 14:56:02 | configuration dataset=time/coastal_t_s_h_part05 L=168 H=24 model=repeat covariates=none instance_norm=true remove_constant=false seed=1 batch_size=512
[2026-08-27 14:56:05,137][data.dataset][INFO] - dataset config path=/fssmall/home/h61084/codes/datasets/time/coastal_t_s_h_part05/config.json applied_keys=['date_col', 'drop_users', 'target_cols']
[2026-08-27 14:56:05,162][evaluation.evaluator][INFO] - evaluate dataset=time/coastal_t_s_h_part05 users=3 dates=6788 windows=39 removed_constant=0 L=168 H=24 stride=512
[2026-08-27 14:56:05,390][evaluation.evaluator][INFO] - artifacts ready run=/fssmall/home/h61084/codes/tsfm/outputs_selena/controls/time-coastal_t_s_h_part05/168_24/repeat/none/instance/keep/run_0 mse=0.392222 nmse=0.976184 inference_seconds=0.020
2026-08-27 14:56:06 | configuration dataset=time/coastal_t_s_h_part05 L=168 H=24 model=repeat covariates=none instance_norm=true remove_constant=true seed=1 batch_size=512
[2026-08-27 14:56:08,899][data.dataset][INFO] - dataset config path=/fssmall/home/h61084/codes/datasets/time/coastal_t_s_h_part05/config.json applied_keys=['date_col', 'drop_users', 'target_cols']
[2026-08-27 14:56:08,921][evaluation.evaluator][INFO] - evaluate dataset=time/coastal_t_s_h_part05 users=3 dates=6788 windows=39 removed_constant=0 L=168 H=24 stride=512
[2026-08-27 14:56:09,144][evaluation.evaluator][INFO] - artifacts ready run=/fssmall/home/h61084/codes/tsfm/outputs_selena/controls/time-coastal_t_s_h_part05/168_24/repeat/none/instance/remove/run_0 mse=0.392222 nmse=0.976184 inference_seconds=0.020
2026-08-27 14:56:10 | configuration dataset=time/coastal_t_s_h_part05 L=168 H=24 model=repeat covariates=none instance_norm=false remove_constant=false seed=1 batch_size=512
[2026-08-27 14:56:12,663][data.dataset][INFO] - dataset config path=/fssmall/home/h61084/codes/datasets/time/coastal_t_s_h_part05/config.json applied_keys=['date_col', 'drop_users', 'target_cols']
[2026-08-27 14:56:12,685][evaluation.evaluator][INFO] - evaluate dataset=time/coastal_t_s_h_part05 users=3 dates=6788 windows=39 removed_constant=0 L=168 H=24 stride=512
[2026-08-27 14:56:12,900][evaluation.evaluator][INFO] - artifacts ready run=/fssmall/home/h61084/codes/tsfm/outputs_selena/controls/time-coastal_t_s_h_part05/168_24/repeat/none/raw/keep/run_0 mse=0.392222 nmse=0.976184 inference_seconds=0.000
2026-08-27 14:56:13 | configuration dataset=time/coastal_t_s_h_part05 L=168 H=24 model=repeat covariates=none instance_norm=false remove_constant=true seed=1 batch_size=512
[2026-08-27 14:56:16,431][data.dataset][INFO] - dataset config path=/fssmall/home/h61084/codes/datasets/time/coastal_t_s_h_part05/config.json applied_keys=['date_col', 'drop_users', 'target_cols']
[2026-08-27 14:56:16,452][evaluation.evaluator][INFO] - evaluate dataset=time/coastal_t_s_h_part05 users=3 dates=6788 windows=39 removed_constant=0 L=168 H=24 stride=512
[2026-08-27 14:56:16,669][evaluation.evaluator][INFO] - artifacts ready run=/fssmall/home/h61084/codes/tsfm/outputs_selena/controls/time-coastal_t_s_h_part05/168_24/repeat/none/raw/remove/run_0 mse=0.392222 nmse=0.976184 inference_seconds=0.000
2026-08-27 14:56:17 | configuration dataset=time/coastal_t_s_h_part05 L=168 H=24 model=chronos2 covariates=none instance_norm=true remove_constant=false seed=1 batch_size=64
[2026-08-27 14:56:20,164][data.dataset][INFO] - dataset config path=/fssmall/home/h61084/codes/datasets/time/coastal_t_s_h_part05/config.json applied_keys=['date_col', 'drop_users', 'target_cols']
[2026-08-27 14:56:20,187][evaluation.evaluator][INFO] - evaluate dataset=time/coastal_t_s_h_part05 users=3 dates=6788 windows=39 removed_constant=0 L=168 H=24 stride=512
[2026-08-27 14:56:25,794][evaluation.evaluator][INFO] - artifacts ready run=/fssmall/home/h61084/codes/tsfm/outputs_selena/controls/time-coastal_t_s_h_part05/168_24/chronos2/none/instance/keep/run_0 mse=0.269656 nmse=0.783624 inference_seconds=0.193
2026-08-27 14:56:27 | configuration dataset=time/coastal_t_s_h_part05 L=168 H=24 model=chronos2 covariates=none instance_norm=true remove_constant=true seed=1 batch_size=64
[2026-08-27 14:56:29,633][data.dataset][INFO] - dataset config path=/fssmall/home/h61084/codes/datasets/time/coastal_t_s_h_part05/config.json applied_keys=['date_col', 'drop_users', 'target_cols']
[2026-08-27 14:56:29,657][evaluation.evaluator][INFO] - evaluate dataset=time/coastal_t_s_h_part05 users=3 dates=6788 windows=39 removed_constant=0 L=168 H=24 stride=512
[2026-08-27 14:56:35,343][evaluation.evaluator][INFO] - artifacts ready run=/fssmall/home/h61084/codes/tsfm/outputs_selena/controls/time-coastal_t_s_h_part05/168_24/chronos2/none/instance/remove/run_0 mse=0.269656 nmse=0.783624 inference_seconds=0.194
2026-08-27 14:56:36 | configuration dataset=time/coastal_t_s_h_part05 L=168 H=24 model=chronos2 covariates=none instance_norm=false remove_constant=false seed=1 batch_size=64
[2026-08-27 14:56:39,162][data.dataset][INFO] - dataset config path=/fssmall/home/h61084/codes/datasets/time/coastal_t_s_h_part05/config.json applied_keys=['date_col', 'drop_users', 'target_cols']
[2026-08-27 14:56:39,185][evaluation.evaluator][INFO] - evaluate dataset=time/coastal_t_s_h_part05 users=3 dates=6788 windows=39 removed_constant=0 L=168 H=24 stride=512
[2026-08-27 14:56:44,901][evaluation.evaluator][INFO] - artifacts ready run=/fssmall/home/h61084/codes/tsfm/outputs_selena/controls/time-coastal_t_s_h_part05/168_24/chronos2/none/raw/keep/run_0 mse=0.269656 nmse=0.783624 inference_seconds=0.193
2026-08-27 14:56:46 | configuration dataset=time/coastal_t_s_h_part05 L=168 H=24 model=chronos2 covariates=none instance_norm=false remove_constant=true seed=1 batch_size=64
[2026-08-27 14:56:48,802][data.dataset][INFO] - dataset config path=/fssmall/home/h61084/codes/datasets/time/coastal_t_s_h_part05/config.json applied_keys=['date_col', 'drop_users', 'target_cols']
[2026-08-27 14:56:48,824][evaluation.evaluator][INFO] - evaluate dataset=time/coastal_t_s_h_part05 users=3 dates=6788 windows=39 removed_constant=0 L=168 H=24 stride=512
[2026-08-27 14:56:54,471][evaluation.evaluator][INFO] - artifacts ready run=/fssmall/home/h61084/codes/tsfm/outputs_selena/controls/time-coastal_t_s_h_part05/168_24/chronos2/none/raw/remove/run_0 mse=0.269656 nmse=0.783624 inference_seconds=0.192
2026-08-27 14:56:55 | configuration dataset=time/coastal_t_s_h_part05 L=336 H=48 model=repeat covariates=none instance_norm=true remove_constant=false seed=1 batch_size=512
[2026-08-27 14:56:58,362][data.dataset][INFO] - dataset config path=/fssmall/home/h61084/codes/datasets/time/coastal_t_s_h_part05/config.json applied_keys=['date_col', 'drop_users', 'target_cols']
[2026-08-27 14:56:58,386][evaluation.evaluator][INFO] - evaluate dataset=time/coastal_t_s_h_part05 users=3 dates=6788 windows=39 removed_constant=0 L=336 H=48 stride=512
[2026-08-27 14:56:58,606][evaluation.evaluator][INFO] - artifacts ready run=/fssmall/home/h61084/codes/tsfm/outputs_selena/controls/time-coastal_t_s_h_part05/336_48/repeat/none/instance/keep/run_0 mse=0.797713 nmse=1.2708 inference_seconds=0.020
2026-08-27 14:56:59 | configuration dataset=time/coastal_t_s_h_part05 L=336 H=48 model=repeat covariates=none instance_norm=true remove_constant=true seed=1 batch_size=512
[2026-08-27 14:57:02,141][data.dataset][INFO] - dataset config path=/fssmall/home/h61084/codes/datasets/time/coastal_t_s_h_part05/config.json applied_keys=['date_col', 'drop_users', 'target_cols']
[2026-08-27 14:57:02,163][evaluation.evaluator][INFO] - evaluate dataset=time/coastal_t_s_h_part05 users=3 dates=6788 windows=39 removed_constant=0 L=336 H=48 stride=512
[2026-08-27 14:57:02,392][evaluation.evaluator][INFO] - artifacts ready run=/fssmall/home/h61084/codes/tsfm/outputs_selena/controls/time-coastal_t_s_h_part05/336_48/repeat/none/instance/remove/run_0 mse=0.797713 nmse=1.2708 inference_seconds=0.020
2026-08-27 14:57:03 | configuration dataset=time/coastal_t_s_h_part05 L=336 H=48 model=repeat covariates=none instance_norm=false remove_constant=false seed=1 batch_size=512
[2026-08-27 14:57:05,891][data.dataset][INFO] - dataset config path=/fssmall/home/h61084/codes/datasets/time/coastal_t_s_h_part05/config.json applied_keys=['date_col', 'drop_users', 'target_cols']
[2026-08-27 14:57:05,913][evaluation.evaluator][INFO] - evaluate dataset=time/coastal_t_s_h_part05 users=3 dates=6788 windows=39 removed_constant=0 L=336 H=48 stride=512
[2026-08-27 14:57:06,147][evaluation.evaluator][INFO] - artifacts ready run=/fssmall/home/h61084/codes/tsfm/outputs_selena/controls/time-coastal_t_s_h_part05/336_48/repeat/none/raw/keep/run_0 mse=0.797713 nmse=1.2708 inference_seconds=0.000
2026-08-27 14:57:07 | configuration dataset=time/coastal_t_s_h_part05 L=336 H=48 model=repeat covariates=none instance_norm=false remove_constant=true seed=1 batch_size=512
[2026-08-27 14:57:09,711][data.dataset][INFO] - dataset config path=/fssmall/home/h61084/codes/datasets/time/coastal_t_s_h_part05/config.json applied_keys=['date_col', 'drop_users', 'target_cols']
[2026-08-27 14:57:09,733][evaluation.evaluator][INFO] - evaluate dataset=time/coastal_t_s_h_part05 users=3 dates=6788 windows=39 removed_constant=0 L=336 H=48 stride=512
[2026-08-27 14:57:09,958][evaluation.evaluator][INFO] - artifacts ready run=/fssmall/home/h61084/codes/tsfm/outputs_selena/controls/time-coastal_t_s_h_part05/336_48/repeat/none/raw/remove/run_0 mse=0.797713 nmse=1.2708 inference_seconds=0.000
2026-08-27 14:57:11 | configuration dataset=time/coastal_t_s_h_part05 L=336 H=48 model=chronos2 covariates=none instance_norm=true remove_constant=false seed=1 batch_size=64
[2026-08-27 14:57:13,575][data.dataset][INFO] - dataset config path=/fssmall/home/h61084/codes/datasets/time/coastal_t_s_h_part05/config.json applied_keys=['date_col', 'drop_users', 'target_cols']
[2026-08-27 14:57:13,597][evaluation.evaluator][INFO] - evaluate dataset=time/coastal_t_s_h_part05 users=3 dates=6788 windows=39 removed_constant=0 L=336 H=48 stride=512
[2026-08-27 14:57:19,374][evaluation.evaluator][INFO] - artifacts ready run=/fssmall/home/h61084/codes/tsfm/outputs_selena/controls/time-coastal_t_s_h_part05/336_48/chronos2/none/instance/keep/run_0 mse=0.282153 nmse=0.553852 inference_seconds=0.195
2026-08-27 14:57:20 | configuration dataset=time/coastal_t_s_h_part05 L=336 H=48 model=chronos2 covariates=none instance_norm=true remove_constant=true seed=1 batch_size=64
[2026-08-27 14:57:23,262][data.dataset][INFO] - dataset config path=/fssmall/home/h61084/codes/datasets/time/coastal_t_s_h_part05/config.json applied_keys=['date_col', 'drop_users', 'target_cols']
[2026-08-27 14:57:23,284][evaluation.evaluator][INFO] - evaluate dataset=time/coastal_t_s_h_part05 users=3 dates=6788 windows=39 removed_constant=0 L=336 H=48 stride=512
[2026-08-27 14:57:28,927][evaluation.evaluator][INFO] - artifacts ready run=/fssmall/home/h61084/codes/tsfm/outputs_selena/controls/time-coastal_t_s_h_part05/336_48/chronos2/none/instance/remove/run_0 mse=0.282153 nmse=0.553852 inference_seconds=0.191
2026-08-27 14:57:30 | configuration dataset=time/coastal_t_s_h_part05 L=336 H=48 model=chronos2 covariates=none instance_norm=false remove_constant=false seed=1 batch_size=64
[2026-08-27 14:57:32,865][data.dataset][INFO] - dataset config path=/fssmall/home/h61084/codes/datasets/time/coastal_t_s_h_part05/config.json applied_keys=['date_col', 'drop_users', 'target_cols']
[2026-08-27 14:57:32,886][evaluation.evaluator][INFO] - evaluate dataset=time/coastal_t_s_h_part05 users=3 dates=6788 windows=39 removed_constant=0 L=336 H=48 stride=512
[2026-08-27 14:57:38,589][evaluation.evaluator][INFO] - artifacts ready run=/fssmall/home/h61084/codes/tsfm/outputs_selena/controls/time-coastal_t_s_h_part05/336_48/chronos2/none/raw/keep/run_0 mse=0.282153 nmse=0.553851 inference_seconds=0.195
2026-08-27 14:57:39 | configuration dataset=time/coastal_t_s_h_part05 L=336 H=48 model=chronos2 covariates=none instance_norm=false remove_constant=true seed=1 batch_size=64
[2026-08-27 14:57:42,486][data.dataset][INFO] - dataset config path=/fssmall/home/h61084/codes/datasets/time/coastal_t_s_h_part05/config.json applied_keys=['date_col', 'drop_users', 'target_cols']
[2026-08-27 14:57:42,508][evaluation.evaluator][INFO] - evaluate dataset=time/coastal_t_s_h_part05 users=3 dates=6788 windows=39 removed_constant=0 L=336 H=48 stride=512
[2026-08-27 14:57:48,178][evaluation.evaluator][INFO] - artifacts ready run=/fssmall/home/h61084/codes/tsfm/outputs_selena/controls/time-coastal_t_s_h_part05/336_48/chronos2/none/raw/remove/run_0 mse=0.282153 nmse=0.553851 inference_seconds=0.198
2026-08-27 14:57:49 | configuration dataset=time/coastal_t_s_h_part05 L=504 H=168 model=repeat covariates=none instance_norm=true remove_constant=false seed=1 batch_size=512
[2026-08-27 14:57:52,080][data.dataset][INFO] - dataset config path=/fssmall/home/h61084/codes/datasets/time/coastal_t_s_h_part05/config.json applied_keys=['date_col', 'drop_users', 'target_cols']
[2026-08-27 14:57:52,104][evaluation.evaluator][INFO] - evaluate dataset=time/coastal_t_s_h_part05 users=3 dates=6788 windows=36 removed_constant=0 L=504 H=168 stride=512
[2026-08-27 14:57:52,330][evaluation.evaluator][INFO] - artifacts ready run=/fssmall/home/h61084/codes/tsfm/outputs_selena/controls/time-coastal_t_s_h_part05/504_168/repeat/none/instance/keep/run_0 mse=2.27828 nmse=5.2167 inference_seconds=0.020
2026-08-27 14:57:53 | configuration dataset=time/coastal_t_s_h_part05 L=504 H=168 model=repeat covariates=none instance_norm=true remove_constant=true seed=1 batch_size=512
[2026-08-27 14:57:55,868][data.dataset][INFO] - dataset config path=/fssmall/home/h61084/codes/datasets/time/coastal_t_s_h_part05/config.json applied_keys=['date_col', 'drop_users', 'target_cols']
[2026-08-27 14:57:55,890][evaluation.evaluator][INFO] - evaluate dataset=time/coastal_t_s_h_part05 users=3 dates=6788 windows=36 removed_constant=0 L=504 H=168 stride=512
[2026-08-27 14:57:56,112][evaluation.evaluator][INFO] - artifacts ready run=/fssmall/home/h61084/codes/tsfm/outputs_selena/controls/time-coastal_t_s_h_part05/504_168/repeat/none/instance/remove/run_0 mse=2.27828 nmse=5.2167 inference_seconds=0.021
2026-08-27 14:57:57 | configuration dataset=time/coastal_t_s_h_part05 L=504 H=168 model=repeat covariates=none instance_norm=false remove_constant=false seed=1 batch_size=512
[2026-08-27 14:57:59,718][data.dataset][INFO] - dataset config path=/fssmall/home/h61084/codes/datasets/time/coastal_t_s_h_part05/config.json applied_keys=['date_col', 'drop_users', 'target_cols']
[2026-08-27 14:57:59,740][evaluation.evaluator][INFO] - evaluate dataset=time/coastal_t_s_h_part05 users=3 dates=6788 windows=36 removed_constant=0 L=504 H=168 stride=512
[2026-08-27 14:57:59,966][evaluation.evaluator][INFO] - artifacts ready run=/fssmall/home/h61084/codes/tsfm/outputs_selena/controls/time-coastal_t_s_h_part05/504_168/repeat/none/raw/keep/run_0 mse=2.27828 nmse=5.2167 inference_seconds=0.000
2026-08-27 14:58:00 | configuration dataset=time/coastal_t_s_h_part05 L=504 H=168 model=repeat covariates=none instance_norm=false remove_constant=true seed=1 batch_size=512
[2026-08-27 14:58:03,517][data.dataset][INFO] - dataset config path=/fssmall/home/h61084/codes/datasets/time/coastal_t_s_h_part05/config.json applied_keys=['date_col', 'drop_users', 'target_cols']
[2026-08-27 14:58:03,538][evaluation.evaluator][INFO] - evaluate dataset=time/coastal_t_s_h_part05 users=3 dates=6788 windows=36 removed_constant=0 L=504 H=168 stride=512
[2026-08-27 14:58:03,766][evaluation.evaluator][INFO] - artifacts ready run=/fssmall/home/h61084/codes/tsfm/outputs_selena/controls/time-coastal_t_s_h_part05/504_168/repeat/none/raw/remove/run_0 mse=2.27828 nmse=5.2167 inference_seconds=0.000
2026-08-27 14:58:04 | configuration dataset=time/coastal_t_s_h_part05 L=504 H=168 model=chronos2 covariates=none instance_norm=true remove_constant=false seed=1 batch_size=64
[2026-08-27 14:58:07,332][data.dataset][INFO] - dataset config path=/fssmall/home/h61084/codes/datasets/time/coastal_t_s_h_part05/config.json applied_keys=['date_col', 'drop_users', 'target_cols']
[2026-08-27 14:58:07,354][evaluation.evaluator][INFO] - evaluate dataset=time/coastal_t_s_h_part05 users=3 dates=6788 windows=36 removed_constant=0 L=504 H=168 stride=512
[2026-08-27 14:58:12,991][evaluation.evaluator][INFO] - artifacts ready run=/fssmall/home/h61084/codes/tsfm/outputs_selena/controls/time-coastal_t_s_h_part05/504_168/chronos2/none/instance/keep/run_0 mse=1.74957 nmse=3.99975 inference_seconds=0.194
2026-08-27 14:58:14 | configuration dataset=time/coastal_t_s_h_part05 L=504 H=168 model=chronos2 covariates=none instance_norm=true remove_constant=true seed=1 batch_size=64
[2026-08-27 14:58:16,889][data.dataset][INFO] - dataset config path=/fssmall/home/h61084/codes/datasets/time/coastal_t_s_h_part05/config.json applied_keys=['date_col', 'drop_users', 'target_cols']
[2026-08-27 14:58:16,910][evaluation.evaluator][INFO] - evaluate dataset=time/coastal_t_s_h_part05 users=3 dates=6788 windows=36 removed_constant=0 L=504 H=168 stride=512
[2026-08-27 14:58:22,570][evaluation.evaluator][INFO] - artifacts ready run=/fssmall/home/h61084/codes/tsfm/outputs_selena/controls/time-coastal_t_s_h_part05/504_168/chronos2/none/instance/remove/run_0 mse=1.74957 nmse=3.99975 inference_seconds=0.194
2026-08-27 14:58:23 | configuration dataset=time/coastal_t_s_h_part05 L=504 H=168 model=chronos2 covariates=none instance_norm=false remove_constant=false seed=1 batch_size=64
[2026-08-27 14:58:26,589][data.dataset][INFO] - dataset config path=/fssmall/home/h61084/codes/datasets/time/coastal_t_s_h_part05/config.json applied_keys=['date_col', 'drop_users', 'target_cols']
[2026-08-27 14:58:26,611][evaluation.evaluator][INFO] - evaluate dataset=time/coastal_t_s_h_part05 users=3 dates=6788 windows=36 removed_constant=0 L=504 H=168 stride=512
[2026-08-27 14:58:32,305][evaluation.evaluator][INFO] - artifacts ready run=/fssmall/home/h61084/codes/tsfm/outputs_selena/controls/time-coastal_t_s_h_part05/504_168/chronos2/none/raw/keep/run_0 mse=1.74957 nmse=3.99975 inference_seconds=0.194
2026-08-27 14:58:33 | configuration dataset=time/coastal_t_s_h_part05 L=504 H=168 model=chronos2 covariates=none instance_norm=false remove_constant=true seed=1 batch_size=64
[2026-08-27 14:58:36,221][data.dataset][INFO] - dataset config path=/fssmall/home/h61084/codes/datasets/time/coastal_t_s_h_part05/config.json applied_keys=['date_col', 'drop_users', 'target_cols']
[2026-08-27 14:58:36,243][evaluation.evaluator][INFO] - evaluate dataset=time/coastal_t_s_h_part05 users=3 dates=6788 windows=36 removed_constant=0 L=504 H=168 stride=512
[2026-08-27 14:58:41,990][evaluation.evaluator][INFO] - artifacts ready run=/fssmall/home/h61084/codes/tsfm/outputs_selena/controls/time-coastal_t_s_h_part05/504_168/chronos2/none/raw/remove/run_0 mse=1.74957 nmse=3.99975 inference_seconds=0.195
2026-08-27 14:58:43 | configuration dataset=time/coastal_t_s_h_part06 L=168 H=24 model=repeat covariates=none instance_norm=true remove_constant=false seed=1 batch_size=512
[2026-08-27 14:58:45,888][data.dataset][INFO] - dataset config path=/fssmall/home/h61084/codes/datasets/time/coastal_t_s_h_part06/config.json applied_keys=['date_col', 'drop_users', 'target_cols']
[2026-08-27 14:58:45,909][evaluation.evaluator][INFO] - evaluate dataset=time/coastal_t_s_h_part06 users=3 dates=3718 windows=21 removed_constant=0 L=168 H=24 stride=512
[2026-08-27 14:58:46,144][evaluation.evaluator][INFO] - artifacts ready run=/fssmall/home/h61084/codes/tsfm/outputs_selena/controls/time-coastal_t_s_h_part06/168_24/repeat/none/instance/keep/run_0 mse=0.0318329 nmse=0.378962 inference_seconds=0.020
2026-08-27 14:58:47 | configuration dataset=time/coastal_t_s_h_part06 L=168 H=24 model=repeat covariates=none instance_norm=true remove_constant=true seed=1 batch_size=512
[2026-08-27 14:58:49,726][data.dataset][INFO] - dataset config path=/fssmall/home/h61084/codes/datasets/time/coastal_t_s_h_part06/config.json applied_keys=['date_col', 'drop_users', 'target_cols']
[2026-08-27 14:58:49,744][evaluation.evaluator][INFO] - evaluate dataset=time/coastal_t_s_h_part06 users=3 dates=3718 windows=21 removed_constant=0 L=168 H=24 stride=512
[2026-08-27 14:58:49,976][evaluation.evaluator][INFO] - artifacts ready run=/fssmall/home/h61084/codes/tsfm/outputs_selena/controls/time-coastal_t_s_h_part06/168_24/repeat/none/instance/remove/run_0 mse=0.0318329 nmse=0.378962 inference_seconds=0.020
2026-08-27 14:58:50 | configuration dataset=time/coastal_t_s_h_part06 L=168 H=24 model=repeat covariates=none instance_norm=false remove_constant=false seed=1 batch_size=512
[2026-08-27 14:58:53,541][data.dataset][INFO] - dataset config path=/fssmall/home/h61084/codes/datasets/time/coastal_t_s_h_part06/config.json applied_keys=['date_col', 'drop_users', 'target_cols']
[2026-08-27 14:58:53,561][evaluation.evaluator][INFO] - evaluate dataset=time/coastal_t_s_h_part06 users=3 dates=3718 windows=21 removed_constant=0 L=168 H=24 stride=512
[2026-08-27 14:58:53,777][evaluation.evaluator][INFO] - artifacts ready run=/fssmall/home/h61084/codes/tsfm/outputs_selena/controls/time-coastal_t_s_h_part06/168_24/repeat/none/raw/keep/run_0 mse=0.0318329 nmse=0.378962 inference_seconds=0.000
2026-08-27 14:58:54 | configuration dataset=time/coastal_t_s_h_part06 L=168 H=24 model=repeat covariates=none instance_norm=false remove_constant=true seed=1 batch_size=512
[2026-08-27 14:58:57,333][data.dataset][INFO] - dataset config path=/fssmall/home/h61084/codes/datasets/time/coastal_t_s_h_part06/config.json applied_keys=['date_col', 'drop_users', 'target_cols']
[2026-08-27 14:58:57,352][evaluation.evaluator][INFO] - evaluate dataset=time/coastal_t_s_h_part06 users=3 dates=3718 windows=21 removed_constant=0 L=168 H=24 stride=512
[2026-08-27 14:58:57,568][evaluation.evaluator][INFO] - artifacts ready run=/fssmall/home/h61084/codes/tsfm/outputs_selena/controls/time-coastal_t_s_h_part06/168_24/repeat/none/raw/remove/run_0 mse=0.0318329 nmse=0.378962 inference_seconds=0.000
2026-08-27 14:58:58 | configuration dataset=time/coastal_t_s_h_part06 L=168 H=24 model=chronos2 covariates=none instance_norm=true remove_constant=false seed=1 batch_size=64
[2026-08-27 14:59:01,132][data.dataset][INFO] - dataset config path=/fssmall/home/h61084/codes/datasets/time/coastal_t_s_h_part06/config.json applied_keys=['date_col', 'drop_users', 'target_cols']
[2026-08-27 14:59:01,153][evaluation.evaluator][INFO] - evaluate dataset=time/coastal_t_s_h_part06 users=3 dates=3718 windows=21 removed_constant=0 L=168 H=24 stride=512
[2026-08-27 14:59:06,869][evaluation.evaluator][INFO] - artifacts ready run=/fssmall/home/h61084/codes/tsfm/outputs_selena/controls/time-coastal_t_s_h_part06/168_24/chronos2/none/instance/keep/run_0 mse=0.0131675 nmse=0.398197 inference_seconds=0.191
2026-08-27 14:59:08 | configuration dataset=time/coastal_t_s_h_part06 L=168 H=24 model=chronos2 covariates=none instance_norm=true remove_constant=true seed=1 batch_size=64
[2026-08-27 14:59:10,852][data.dataset][INFO] - dataset config path=/fssmall/home/h61084/codes/datasets/time/coastal_t_s_h_part06/config.json applied_keys=['date_col', 'drop_users', 'target_cols']
[2026-08-27 14:59:10,871][evaluation.evaluator][INFO] - evaluate dataset=time/coastal_t_s_h_part06 users=3 dates=3718 windows=21 removed_constant=0 L=168 H=24 stride=512
[2026-08-27 14:59:16,507][evaluation.evaluator][INFO] - artifacts ready run=/fssmall/home/h61084/codes/tsfm/outputs_selena/controls/time-coastal_t_s_h_part06/168_24/chronos2/none/instance/remove/run_0 mse=0.0131675 nmse=0.398197 inference_seconds=0.192
2026-08-27 14:59:17 | configuration dataset=time/coastal_t_s_h_part06 L=168 H=24 model=chronos2 covariates=none instance_norm=false remove_constant=false seed=1 batch_size=64
[2026-08-27 14:59:20,391][data.dataset][INFO] - dataset config path=/fssmall/home/h61084/codes/datasets/time/coastal_t_s_h_part06/config.json applied_keys=['date_col', 'drop_users', 'target_cols']
[2026-08-27 14:59:20,411][evaluation.evaluator][INFO] - evaluate dataset=time/coastal_t_s_h_part06 users=3 dates=3718 windows=21 removed_constant=0 L=168 H=24 stride=512
[2026-08-27 14:59:26,103][evaluation.evaluator][INFO] - artifacts ready run=/fssmall/home/h61084/codes/tsfm/outputs_selena/controls/time-coastal_t_s_h_part06/168_24/chronos2/none/raw/keep/run_0 mse=0.0131675 nmse=0.398194 inference_seconds=0.190
2026-08-27 14:59:27 | configuration dataset=time/coastal_t_s_h_part06 L=168 H=24 model=chronos2 covariates=none instance_norm=false remove_constant=true seed=1 batch_size=64
[2026-08-27 14:59:29,995][data.dataset][INFO] - dataset config path=/fssmall/home/h61084/codes/datasets/time/coastal_t_s_h_part06/config.json applied_keys=['date_col', 'drop_users', 'target_cols']
[2026-08-27 14:59:30,014][evaluation.evaluator][INFO] - evaluate dataset=time/coastal_t_s_h_part06 users=3 dates=3718 windows=21 removed_constant=0 L=168 H=24 stride=512
[2026-08-27 14:59:35,674][evaluation.evaluator][INFO] - artifacts ready run=/fssmall/home/h61084/codes/tsfm/outputs_selena/controls/time-coastal_t_s_h_part06/168_24/chronos2/none/raw/remove/run_0 mse=0.0131675 nmse=0.398194 inference_seconds=0.192
2026-08-27 14:59:37 | configuration dataset=time/coastal_t_s_h_part06 L=336 H=48 model=repeat covariates=none instance_norm=true remove_constant=false seed=1 batch_size=512
[2026-08-27 14:59:39,525][data.dataset][INFO] - dataset config path=/fssmall/home/h61084/codes/datasets/time/coastal_t_s_h_part06/config.json applied_keys=['date_col', 'drop_users', 'target_cols']
[2026-08-27 14:59:39,545][evaluation.evaluator][INFO] - evaluate dataset=time/coastal_t_s_h_part06 users=3 dates=3718 windows=21 removed_constant=0 L=336 H=48 stride=512
[2026-08-27 14:59:39,770][evaluation.evaluator][INFO] - artifacts ready run=/fssmall/home/h61084/codes/tsfm/outputs_selena/controls/time-coastal_t_s_h_part06/336_48/repeat/none/instance/keep/run_0 mse=0.114527 nmse=1.14287 inference_seconds=0.019
2026-08-27 14:59:40 | configuration dataset=time/coastal_t_s_h_part06 L=336 H=48 model=repeat covariates=none instance_norm=true remove_constant=true seed=1 batch_size=512
[2026-08-27 14:59:43,302][data.dataset][INFO] - dataset config path=/fssmall/home/h61084/codes/datasets/time/coastal_t_s_h_part06/config.json applied_keys=['date_col', 'drop_users', 'target_cols']
[2026-08-27 14:59:43,321][evaluation.evaluator][INFO] - evaluate dataset=time/coastal_t_s_h_part06 users=3 dates=3718 windows=21 removed_constant=0 L=336 H=48 stride=512
[2026-08-27 14:59:43,540][evaluation.evaluator][INFO] - artifacts ready run=/fssmall/home/h61084/codes/tsfm/outputs_selena/controls/time-coastal_t_s_h_part06/336_48/repeat/none/instance/remove/run_0 mse=0.114527 nmse=1.14287 inference_seconds=0.020
2026-08-27 14:59:44 | configuration dataset=time/coastal_t_s_h_part06 L=336 H=48 model=repeat covariates=none instance_norm=false remove_constant=false seed=1 batch_size=512
[2026-08-27 14:59:47,105][data.dataset][INFO] - dataset config path=/fssmall/home/h61084/codes/datasets/time/coastal_t_s_h_part06/config.json applied_keys=['date_col', 'drop_users', 'target_cols']
[2026-08-27 14:59:47,127][evaluation.evaluator][INFO] - evaluate dataset=time/coastal_t_s_h_part06 users=3 dates=3718 windows=21 removed_constant=0 L=336 H=48 stride=512
[2026-08-27 14:59:47,342][evaluation.evaluator][INFO] - artifacts ready run=/fssmall/home/h61084/codes/tsfm/outputs_selena/controls/time-coastal_t_s_h_part06/336_48/repeat/none/raw/keep/run_0 mse=0.114527 nmse=1.14287 inference_seconds=0.000
2026-08-27 14:59:48 | configuration dataset=time/coastal_t_s_h_part06 L=336 H=48 model=repeat covariates=none instance_norm=false remove_constant=true seed=1 batch_size=512
[2026-08-27 14:59:50,920][data.dataset][INFO] - dataset config path=/fssmall/home/h61084/codes/datasets/time/coastal_t_s_h_part06/config.json applied_keys=['date_col', 'drop_users', 'target_cols']
[2026-08-27 14:59:50,954][evaluation.evaluator][INFO] - evaluate dataset=time/coastal_t_s_h_part06 users=3 dates=3718 windows=21 removed_constant=0 L=336 H=48 stride=512
[2026-08-27 14:59:51,174][evaluation.evaluator][INFO] - artifacts ready run=/fssmall/home/h61084/codes/tsfm/outputs_selena/controls/time-coastal_t_s_h_part06/336_48/repeat/none/raw/remove/run_0 mse=0.114527 nmse=1.14287 inference_seconds=0.000
2026-08-27 14:59:52 | configuration dataset=time/coastal_t_s_h_part06 L=336 H=48 model=chronos2 covariates=none instance_norm=true remove_constant=false seed=1 batch_size=64
[2026-08-27 14:59:54,743][data.dataset][INFO] - dataset config path=/fssmall/home/h61084/codes/datasets/time/coastal_t_s_h_part06/config.json applied_keys=['date_col', 'drop_users', 'target_cols']
[2026-08-27 14:59:54,766][evaluation.evaluator][INFO] - evaluate dataset=time/coastal_t_s_h_part06 users=3 dates=3718 windows=21 removed_constant=0 L=336 H=48 stride=512
[2026-08-27 15:00:00,390][evaluation.evaluator][INFO] - artifacts ready run=/fssmall/home/h61084/codes/tsfm/outputs_selena/controls/time-coastal_t_s_h_part06/336_48/chronos2/none/instance/keep/run_0 mse=0.0398251 nmse=0.665924 inference_seconds=0.192
2026-08-27 15:00:01 | configuration dataset=time/coastal_t_s_h_part06 L=336 H=48 model=chronos2 covariates=none instance_norm=true remove_constant=true seed=1 batch_size=64
[2026-08-27 15:00:04,326][data.dataset][INFO] - dataset config path=/fssmall/home/h61084/codes/datasets/time/coastal_t_s_h_part06/config.json applied_keys=['date_col', 'drop_users', 'target_cols']
[2026-08-27 15:00:04,345][evaluation.evaluator][INFO] - evaluate dataset=time/coastal_t_s_h_part06 users=3 dates=3718 windows=21 removed_constant=0 L=336 H=48 stride=512
[2026-08-27 15:00:10,087][evaluation.evaluator][INFO] - artifacts ready run=/fssmall/home/h61084/codes/tsfm/outputs_selena/controls/time-coastal_t_s_h_part06/336_48/chronos2/none/instance/remove/run_0 mse=0.0398251 nmse=0.665924 inference_seconds=0.197
2026-08-27 15:00:11 | configuration dataset=time/coastal_t_s_h_part06 L=336 H=48 model=chronos2 covariates=none instance_norm=false remove_constant=false seed=1 batch_size=64
[2026-08-27 15:00:14,023][data.dataset][INFO] - dataset config path=/fssmall/home/h61084/codes/datasets/time/coastal_t_s_h_part06/config.json applied_keys=['date_col', 'drop_users', 'target_cols']
[2026-08-27 15:00:14,042][evaluation.evaluator][INFO] - evaluate dataset=time/coastal_t_s_h_part06 users=3 dates=3718 windows=21 removed_constant=0 L=336 H=48 stride=512
[2026-08-27 15:00:19,679][evaluation.evaluator][INFO] - artifacts ready run=/fssmall/home/h61084/codes/tsfm/outputs_selena/controls/time-coastal_t_s_h_part06/336_48/chronos2/none/raw/keep/run_0 mse=0.0398251 nmse=0.66592 inference_seconds=0.191
2026-08-27 15:00:21 | configuration dataset=time/coastal_t_s_h_part06 L=336 H=48 model=chronos2 covariates=none instance_norm=false remove_constant=true seed=1 batch_size=64
[2026-08-27 15:00:23,608][data.dataset][INFO] - dataset config path=/fssmall/home/h61084/codes/datasets/time/coastal_t_s_h_part06/config.json applied_keys=['date_col', 'drop_users', 'target_cols']
[2026-08-27 15:00:23,627][evaluation.evaluator][INFO] - evaluate dataset=time/coastal_t_s_h_part06 users=3 dates=3718 windows=21 removed_constant=0 L=336 H=48 stride=512
[2026-08-27 15:00:29,249][evaluation.evaluator][INFO] - artifacts ready run=/fssmall/home/h61084/codes/tsfm/outputs_selena/controls/time-coastal_t_s_h_part06/336_48/chronos2/none/raw/remove/run_0 mse=0.0398251 nmse=0.66592 inference_seconds=0.192
2026-08-27 15:00:30 | configuration dataset=time/coastal_t_s_h_part06 L=504 H=168 model=repeat covariates=none instance_norm=true remove_constant=false seed=1 batch_size=512
[2026-08-27 15:00:33,160][data.dataset][INFO] - dataset config path=/fssmall/home/h61084/codes/datasets/time/coastal_t_s_h_part06/config.json applied_keys=['date_col', 'drop_users', 'target_cols']
[2026-08-27 15:00:33,181][evaluation.evaluator][INFO] - evaluate dataset=time/coastal_t_s_h_part06 users=3 dates=3718 windows=18 removed_constant=0 L=504 H=168 stride=512
[2026-08-27 15:00:33,406][evaluation.evaluator][INFO] - artifacts ready run=/fssmall/home/h61084/codes/tsfm/outputs_selena/controls/time-coastal_t_s_h_part06/504_168/repeat/none/instance/keep/run_0 mse=0.493707 nmse=2.73064 inference_seconds=0.020
2026-08-27 15:00:34 | configuration dataset=time/coastal_t_s_h_part06 L=504 H=168 model=repeat covariates=none instance_norm=true remove_constant=true seed=1 batch_size=512
[2026-08-27 15:00:37,013][data.dataset][INFO] - dataset config path=/fssmall/home/h61084/codes/datasets/time/coastal_t_s_h_part06/config.json applied_keys=['date_col', 'drop_users', 'target_cols']
[2026-08-27 15:00:37,032][evaluation.evaluator][INFO] - evaluate dataset=time/coastal_t_s_h_part06 users=3 dates=3718 windows=18 removed_constant=0 L=504 H=168 stride=512
[2026-08-27 15:00:37,254][evaluation.evaluator][INFO] - artifacts ready run=/fssmall/home/h61084/codes/tsfm/outputs_selena/controls/time-coastal_t_s_h_part06/504_168/repeat/none/instance/remove/run_0 mse=0.493707 nmse=2.73064 inference_seconds=0.021
2026-08-27 15:00:38 | configuration dataset=time/coastal_t_s_h_part06 L=504 H=168 model=repeat covariates=none instance_norm=false remove_constant=false seed=1 batch_size=512
[2026-08-27 15:00:40,904][data.dataset][INFO] - dataset config path=/fssmall/home/h61084/codes/datasets/time/coastal_t_s_h_part06/config.json applied_keys=['date_col', 'drop_users', 'target_cols']
[2026-08-27 15:00:40,924][evaluation.evaluator][INFO] - evaluate dataset=time/coastal_t_s_h_part06 users=3 dates=3718 windows=18 removed_constant=0 L=504 H=168 stride=512
[2026-08-27 15:00:41,149][evaluation.evaluator][INFO] - artifacts ready run=/fssmall/home/h61084/codes/tsfm/outputs_selena/controls/time-coastal_t_s_h_part06/504_168/repeat/none/raw/keep/run_0 mse=0.493707 nmse=2.73064 inference_seconds=0.000
2026-08-27 15:00:42 | configuration dataset=time/coastal_t_s_h_part06 L=504 H=168 model=repeat covariates=none instance_norm=false remove_constant=true seed=1 batch_size=512
[2026-08-27 15:00:44,709][data.dataset][INFO] - dataset config path=/fssmall/home/h61084/codes/datasets/time/coastal_t_s_h_part06/config.json applied_keys=['date_col', 'drop_users', 'target_cols']
[2026-08-27 15:00:44,728][evaluation.evaluator][INFO] - evaluate dataset=time/coastal_t_s_h_part06 users=3 dates=3718 windows=18 removed_constant=0 L=504 H=168 stride=512
[2026-08-27 15:00:44,961][evaluation.evaluator][INFO] - artifacts ready run=/fssmall/home/h61084/codes/tsfm/outputs_selena/controls/time-coastal_t_s_h_part06/504_168/repeat/none/raw/remove/run_0 mse=0.493707 nmse=2.73064 inference_seconds=0.000
2026-08-27 15:00:45 | configuration dataset=time/coastal_t_s_h_part06 L=504 H=168 model=chronos2 covariates=none instance_norm=true remove_constant=false seed=1 batch_size=64
[2026-08-27 15:00:48,531][data.dataset][INFO] - dataset config path=/fssmall/home/h61084/codes/datasets/time/coastal_t_s_h_part06/config.json applied_keys=['date_col', 'drop_users', 'target_cols']
[2026-08-27 15:00:48,552][evaluation.evaluator][INFO] - evaluate dataset=time/coastal_t_s_h_part06 users=3 dates=3718 windows=18 removed_constant=0 L=504 H=168 stride=512
[2026-08-27 15:00:54,199][evaluation.evaluator][INFO] - artifacts ready run=/fssmall/home/h61084/codes/tsfm/outputs_selena/controls/time-coastal_t_s_h_part06/504_168/chronos2/none/instance/keep/run_0 mse=0.0753702 nmse=0.722876 inference_seconds=0.192
2026-08-27 15:00:55 | configuration dataset=time/coastal_t_s_h_part06 L=504 H=168 model=chronos2 covariates=none instance_norm=true remove_constant=true seed=1 batch_size=64
[2026-08-27 15:00:58,109][data.dataset][INFO] - dataset config path=/fssmall/home/h61084/codes/datasets/time/coastal_t_s_h_part06/config.json applied_keys=['date_col', 'drop_users', 'target_cols']
[2026-08-27 15:00:58,129][evaluation.evaluator][INFO] - evaluate dataset=time/coastal_t_s_h_part06 users=3 dates=3718 windows=18 removed_constant=0 L=504 H=168 stride=512
[2026-08-27 15:01:03,775][evaluation.evaluator][INFO] - artifacts ready run=/fssmall/home/h61084/codes/tsfm/outputs_selena/controls/time-coastal_t_s_h_part06/504_168/chronos2/none/instance/remove/run_0 mse=0.0753702 nmse=0.722876 inference_seconds=0.192
2026-08-27 15:01:05 | configuration dataset=time/coastal_t_s_h_part06 L=504 H=168 model=chronos2 covariates=none instance_norm=false remove_constant=false seed=1 batch_size=64
[2026-08-27 15:01:07,696][data.dataset][INFO] - dataset config path=/fssmall/home/h61084/codes/datasets/time/coastal_t_s_h_part06/config.json applied_keys=['date_col', 'drop_users', 'target_cols']
[2026-08-27 15:01:07,715][evaluation.evaluator][INFO] - evaluate dataset=time/coastal_t_s_h_part06 users=3 dates=3718 windows=18 removed_constant=0 L=504 H=168 stride=512
[2026-08-27 15:01:13,368][evaluation.evaluator][INFO] - artifacts ready run=/fssmall/home/h61084/codes/tsfm/outputs_selena/controls/time-coastal_t_s_h_part06/504_168/chronos2/none/raw/keep/run_0 mse=0.0753703 nmse=0.722875 inference_seconds=0.190
2026-08-27 15:01:14 | configuration dataset=time/coastal_t_s_h_part06 L=504 H=168 model=chronos2 covariates=none instance_norm=false remove_constant=true seed=1 batch_size=64
[2026-08-27 15:01:17,384][data.dataset][INFO] - dataset config path=/fssmall/home/h61084/codes/datasets/time/coastal_t_s_h_part06/config.json applied_keys=['date_col', 'drop_users', 'target_cols']
[2026-08-27 15:01:17,403][evaluation.evaluator][INFO] - evaluate dataset=time/coastal_t_s_h_part06 users=3 dates=3718 windows=18 removed_constant=0 L=504 H=168 stride=512
[2026-08-27 15:01:23,044][evaluation.evaluator][INFO] - artifacts ready run=/fssmall/home/h61084/codes/tsfm/outputs_selena/controls/time-coastal_t_s_h_part06/504_168/chronos2/none/raw/remove/run_0 mse=0.0753703 nmse=0.722875 inference_seconds=0.193
2026-08-27 15:01:24 | configuration dataset=time/coastal_t_s_h_part07 L=168 H=24 model=repeat covariates=none instance_norm=true remove_constant=false seed=1 batch_size=512
[2026-08-27 15:01:27,015][data.dataset][INFO] - dataset config path=/fssmall/home/h61084/codes/datasets/time/coastal_t_s_h_part07/config.json applied_keys=['date_col', 'drop_users', 'target_cols']
[2026-08-27 15:01:27,039][evaluation.evaluator][INFO] - evaluate dataset=time/coastal_t_s_h_part07 users=3 dates=5321 windows=33 removed_constant=0 L=168 H=24 stride=512
[2026-08-27 15:01:27,267][evaluation.evaluator][INFO] - artifacts ready run=/fssmall/home/h61084/codes/tsfm/outputs_selena/controls/time-coastal_t_s_h_part07/168_24/repeat/none/instance/keep/run_0 mse=0.0505336 nmse=4.69851e+14 inference_seconds=0.020
2026-08-27 15:01:28 | configuration dataset=time/coastal_t_s_h_part07 L=168 H=24 model=repeat covariates=none instance_norm=true remove_constant=true seed=1 batch_size=512
[2026-08-27 15:01:30,871][data.dataset][INFO] - dataset config path=/fssmall/home/h61084/codes/datasets/time/coastal_t_s_h_part07/config.json applied_keys=['date_col', 'drop_users', 'target_cols']
[2026-08-27 15:01:30,891][evaluation.evaluator][INFO] - evaluate dataset=time/coastal_t_s_h_part07 users=3 dates=5321 windows=24 removed_constant=9 L=168 H=24 stride=512
[2026-08-27 15:01:31,113][evaluation.evaluator][INFO] - artifacts ready run=/fssmall/home/h61084/codes/tsfm/outputs_selena/controls/time-coastal_t_s_h_part07/168_24/repeat/none/instance/remove/run_0 mse=0.00487919 nmse=0.496847 inference_seconds=0.020
2026-08-27 15:01:32 | configuration dataset=time/coastal_t_s_h_part07 L=168 H=24 model=repeat covariates=none instance_norm=false remove_constant=false seed=1 batch_size=512
[2026-08-27 15:01:34,734][data.dataset][INFO] - dataset config path=/fssmall/home/h61084/codes/datasets/time/coastal_t_s_h_part07/config.json applied_keys=['date_col', 'drop_users', 'target_cols']
[2026-08-27 15:01:34,756][evaluation.evaluator][INFO] - evaluate dataset=time/coastal_t_s_h_part07 users=3 dates=5321 windows=33 removed_constant=0 L=168 H=24 stride=512
[2026-08-27 15:01:34,979][evaluation.evaluator][INFO] - artifacts ready run=/fssmall/home/h61084/codes/tsfm/outputs_selena/controls/time-coastal_t_s_h_part07/168_24/repeat/none/raw/keep/run_0 mse=0.0505336 nmse=4.69851e+14 inference_seconds=0.000
2026-08-27 15:01:36 | configuration dataset=time/coastal_t_s_h_part07 L=168 H=24 model=repeat covariates=none instance_norm=false remove_constant=true seed=1 batch_size=512
[2026-08-27 15:01:38,676][data.dataset][INFO] - dataset config path=/fssmall/home/h61084/codes/datasets/time/coastal_t_s_h_part07/config.json applied_keys=['date_col', 'drop_users', 'target_cols']
[2026-08-27 15:01:38,697][evaluation.evaluator][INFO] - evaluate dataset=time/coastal_t_s_h_part07 users=3 dates=5321 windows=24 removed_constant=9 L=168 H=24 stride=512
[2026-08-27 15:01:38,966][evaluation.evaluator][INFO] - artifacts ready run=/fssmall/home/h61084/codes/tsfm/outputs_selena/controls/time-coastal_t_s_h_part07/168_24/repeat/none/raw/remove/run_0 mse=0.00487919 nmse=0.496847 inference_seconds=0.000
2026-08-27 15:01:40 | configuration dataset=time/coastal_t_s_h_part07 L=168 H=24 model=chronos2 covariates=none instance_norm=true remove_constant=false seed=1 batch_size=64
[2026-08-27 15:01:42,530][data.dataset][INFO] - dataset config path=/fssmall/home/h61084/codes/datasets/time/coastal_t_s_h_part07/config.json applied_keys=['date_col', 'drop_users', 'target_cols']
[2026-08-27 15:01:42,553][evaluation.evaluator][INFO] - evaluate dataset=time/coastal_t_s_h_part07 users=3 dates=5321 windows=33 removed_constant=0 L=168 H=24 stride=512
[2026-08-27 15:01:48,187][evaluation.evaluator][INFO] - artifacts ready run=/fssmall/home/h61084/codes/tsfm/outputs_selena/controls/time-coastal_t_s_h_part07/168_24/chronos2/none/instance/keep/run_0 mse=0.0508474 nmse=4.69851e+14 inference_seconds=0.192
2026-08-27 15:01:49 | configuration dataset=time/coastal_t_s_h_part07 L=168 H=24 model=chronos2 covariates=none instance_norm=true remove_constant=true seed=1 batch_size=64
[2026-08-27 15:01:52,095][data.dataset][INFO] - dataset config path=/fssmall/home/h61084/codes/datasets/time/coastal_t_s_h_part07/config.json applied_keys=['date_col', 'drop_users', 'target_cols']
[2026-08-27 15:01:52,115][evaluation.evaluator][INFO] - evaluate dataset=time/coastal_t_s_h_part07 users=3 dates=5321 windows=24 removed_constant=9 L=168 H=24 stride=512
[2026-08-27 15:01:57,809][evaluation.evaluator][INFO] - artifacts ready run=/fssmall/home/h61084/codes/tsfm/outputs_selena/controls/time-coastal_t_s_h_part07/168_24/chronos2/none/instance/remove/run_0 mse=0.00531061 nmse=0.37052 inference_seconds=0.194
2026-08-27 15:01:59 | configuration dataset=time/coastal_t_s_h_part07 L=168 H=24 model=chronos2 covariates=none instance_norm=false remove_constant=false seed=1 batch_size=64
[2026-08-27 15:02:01,863][data.dataset][INFO] - dataset config path=/fssmall/home/h61084/codes/datasets/time/coastal_t_s_h_part07/config.json applied_keys=['date_col', 'drop_users', 'target_cols']
[2026-08-27 15:02:01,884][evaluation.evaluator][INFO] - evaluate dataset=time/coastal_t_s_h_part07 users=3 dates=5321 windows=33 removed_constant=0 L=168 H=24 stride=512
[2026-08-27 15:02:07,587][evaluation.evaluator][INFO] - artifacts ready run=/fssmall/home/h61084/codes/tsfm/outputs_selena/controls/time-coastal_t_s_h_part07/168_24/chronos2/none/raw/keep/run_0 mse=0.0508474 nmse=4.69851e+14 inference_seconds=0.194
2026-08-27 15:02:09 | configuration dataset=time/coastal_t_s_h_part07 L=168 H=24 model=chronos2 covariates=none instance_norm=false remove_constant=true seed=1 batch_size=64
[2026-08-27 15:02:11,569][data.dataset][INFO] - dataset config path=/fssmall/home/h61084/codes/datasets/time/coastal_t_s_h_part07/config.json applied_keys=['date_col', 'drop_users', 'target_cols']
[2026-08-27 15:02:11,590][evaluation.evaluator][INFO] - evaluate dataset=time/coastal_t_s_h_part07 users=3 dates=5321 windows=24 removed_constant=9 L=168 H=24 stride=512
[2026-08-27 15:02:17,295][evaluation.evaluator][INFO] - artifacts ready run=/fssmall/home/h61084/codes/tsfm/outputs_selena/controls/time-coastal_t_s_h_part07/168_24/chronos2/none/raw/remove/run_0 mse=0.00531064 nmse=0.370519 inference_seconds=0.194
2026-08-27 15:02:18 | configuration dataset=time/coastal_t_s_h_part07 L=336 H=48 model=repeat covariates=none instance_norm=true remove_constant=false seed=1 batch_size=512
[2026-08-27 15:02:21,221][data.dataset][INFO] - dataset config path=/fssmall/home/h61084/codes/datasets/time/coastal_t_s_h_part07/config.json applied_keys=['date_col', 'drop_users', 'target_cols']
[2026-08-27 15:02:21,246][evaluation.evaluator][INFO] - evaluate dataset=time/coastal_t_s_h_part07 users=3 dates=5321 windows=30 removed_constant=0 L=336 H=48 stride=512
[2026-08-27 15:02:21,465][evaluation.evaluator][INFO] - artifacts ready run=/fssmall/home/h61084/codes/tsfm/outputs_selena/controls/time-coastal_t_s_h_part07/336_48/repeat/none/instance/keep/run_0 mse=0.0109976 nmse=0.805583 inference_seconds=0.020
2026-08-27 15:02:22 | configuration dataset=time/coastal_t_s_h_part07 L=336 H=48 model=repeat covariates=none instance_norm=true remove_constant=true seed=1 batch_size=512
[2026-08-27 15:02:25,077][data.dataset][INFO] - dataset config path=/fssmall/home/h61084/codes/datasets/time/coastal_t_s_h_part07/config.json applied_keys=['date_col', 'drop_users', 'target_cols']
[2026-08-27 15:02:25,098][evaluation.evaluator][INFO] - evaluate dataset=time/coastal_t_s_h_part07 users=3 dates=5321 windows=24 removed_constant=6 L=336 H=48 stride=512
[2026-08-27 15:02:25,335][evaluation.evaluator][INFO] - artifacts ready run=/fssmall/home/h61084/codes/tsfm/outputs_selena/controls/time-coastal_t_s_h_part07/336_48/repeat/none/instance/remove/run_0 mse=0.013747 nmse=1.00698 inference_seconds=0.020
2026-08-27 15:02:26 | configuration dataset=time/coastal_t_s_h_part07 L=336 H=48 model=repeat covariates=none instance_norm=false remove_constant=false seed=1 batch_size=512
[2026-08-27 15:02:28,959][data.dataset][INFO] - dataset config path=/fssmall/home/h61084/codes/datasets/time/coastal_t_s_h_part07/config.json applied_keys=['date_col', 'drop_users', 'target_cols']
[2026-08-27 15:02:28,980][evaluation.evaluator][INFO] - evaluate dataset=time/coastal_t_s_h_part07 users=3 dates=5321 windows=30 removed_constant=0 L=336 H=48 stride=512
[2026-08-27 15:02:29,203][evaluation.evaluator][INFO] - artifacts ready run=/fssmall/home/h61084/codes/tsfm/outputs_selena/controls/time-coastal_t_s_h_part07/336_48/repeat/none/raw/keep/run_0 mse=0.0109976 nmse=0.805583 inference_seconds=0.000
2026-08-27 15:02:30 | configuration dataset=time/coastal_t_s_h_part07 L=336 H=48 model=repeat covariates=none instance_norm=false remove_constant=true seed=1 batch_size=512
[2026-08-27 15:02:32,830][data.dataset][INFO] - dataset config path=/fssmall/home/h61084/codes/datasets/time/coastal_t_s_h_part07/config.json applied_keys=['date_col', 'drop_users', 'target_cols']
[2026-08-27 15:02:32,851][evaluation.evaluator][INFO] - evaluate dataset=time/coastal_t_s_h_part07 users=3 dates=5321 windows=24 removed_constant=6 L=336 H=48 stride=512
[2026-08-27 15:02:33,066][evaluation.evaluator][INFO] - artifacts ready run=/fssmall/home/h61084/codes/tsfm/outputs_selena/controls/time-coastal_t_s_h_part07/336_48/repeat/none/raw/remove/run_0 mse=0.013747 nmse=1.00698 inference_seconds=0.000
2026-08-27 15:02:34 | configuration dataset=time/coastal_t_s_h_part07 L=336 H=48 model=chronos2 covariates=none instance_norm=true remove_constant=false seed=1 batch_size=64
[2026-08-27 15:02:36,682][data.dataset][INFO] - dataset config path=/fssmall/home/h61084/codes/datasets/time/coastal_t_s_h_part07/config.json applied_keys=['date_col', 'drop_users', 'target_cols']
[2026-08-27 15:02:36,703][evaluation.evaluator][INFO] - evaluate dataset=time/coastal_t_s_h_part07 users=3 dates=5321 windows=30 removed_constant=0 L=336 H=48 stride=512
[2026-08-27 15:02:42,380][evaluation.evaluator][INFO] - artifacts ready run=/fssmall/home/h61084/codes/tsfm/outputs_selena/controls/time-coastal_t_s_h_part07/336_48/chronos2/none/instance/keep/run_0 mse=0.00609067 nmse=0.372316 inference_seconds=0.191
2026-08-27 15:02:43 | configuration dataset=time/coastal_t_s_h_part07 L=336 H=48 model=chronos2 covariates=none instance_norm=true remove_constant=true seed=1 batch_size=64
[2026-08-27 15:02:46,369][data.dataset][INFO] - dataset config path=/fssmall/home/h61084/codes/datasets/time/coastal_t_s_h_part07/config.json applied_keys=['date_col', 'drop_users', 'target_cols']
[2026-08-27 15:02:46,389][evaluation.evaluator][INFO] - evaluate dataset=time/coastal_t_s_h_part07 users=3 dates=5321 windows=24 removed_constant=6 L=336 H=48 stride=512
[2026-08-27 15:02:52,022][evaluation.evaluator][INFO] - artifacts ready run=/fssmall/home/h61084/codes/tsfm/outputs_selena/controls/time-coastal_t_s_h_part07/336_48/chronos2/none/instance/remove/run_0 mse=0.00761334 nmse=0.465395 inference_seconds=0.192
2026-08-27 15:02:53 | configuration dataset=time/coastal_t_s_h_part07 L=336 H=48 model=chronos2 covariates=none instance_norm=false remove_constant=false seed=1 batch_size=64
[2026-08-27 15:02:55,961][data.dataset][INFO] - dataset config path=/fssmall/home/h61084/codes/datasets/time/coastal_t_s_h_part07/config.json applied_keys=['date_col', 'drop_users', 'target_cols']
[2026-08-27 15:02:55,982][evaluation.evaluator][INFO] - evaluate dataset=time/coastal_t_s_h_part07 users=3 dates=5321 windows=30 removed_constant=0 L=336 H=48 stride=512
[2026-08-27 15:03:01,627][evaluation.evaluator][INFO] - artifacts ready run=/fssmall/home/h61084/codes/tsfm/outputs_selena/controls/time-coastal_t_s_h_part07/336_48/chronos2/none/raw/keep/run_0 mse=0.00609067 nmse=0.372313 inference_seconds=0.191
2026-08-27 15:03:03 | configuration dataset=time/coastal_t_s_h_part07 L=336 H=48 model=chronos2 covariates=none instance_norm=false remove_constant=true seed=1 batch_size=64
[2026-08-27 15:03:05,578][data.dataset][INFO] - dataset config path=/fssmall/home/h61084/codes/datasets/time/coastal_t_s_h_part07/config.json applied_keys=['date_col', 'drop_users', 'target_cols']
[2026-08-27 15:03:05,599][evaluation.evaluator][INFO] - evaluate dataset=time/coastal_t_s_h_part07 users=3 dates=5321 windows=24 removed_constant=6 L=336 H=48 stride=512
[2026-08-27 15:03:11,225][evaluation.evaluator][INFO] - artifacts ready run=/fssmall/home/h61084/codes/tsfm/outputs_selena/controls/time-coastal_t_s_h_part07/336_48/chronos2/none/raw/remove/run_0 mse=0.00761333 nmse=0.465391 inference_seconds=0.195
2026-08-27 15:03:12 | configuration dataset=time/coastal_t_s_h_part07 L=504 H=168 model=repeat covariates=none instance_norm=true remove_constant=false seed=1 batch_size=512
[2026-08-27 15:03:15,241][data.dataset][INFO] - dataset config path=/fssmall/home/h61084/codes/datasets/time/coastal_t_s_h_part07/config.json applied_keys=['date_col', 'drop_users', 'target_cols']
[2026-08-27 15:03:15,262][evaluation.evaluator][INFO] - evaluate dataset=time/coastal_t_s_h_part07 users=3 dates=5321 windows=30 removed_constant=0 L=504 H=168 stride=512
[2026-08-27 15:03:15,486][evaluation.evaluator][INFO] - artifacts ready run=/fssmall/home/h61084/codes/tsfm/outputs_selena/controls/time-coastal_t_s_h_part07/504_168/repeat/none/instance/keep/run_0 mse=0.0676317 nmse=1.14754 inference_seconds=0.020
2026-08-27 15:03:16 | configuration dataset=time/coastal_t_s_h_part07 L=504 H=168 model=repeat covariates=none instance_norm=true remove_constant=true seed=1 batch_size=512
[2026-08-27 15:03:19,108][data.dataset][INFO] - dataset config path=/fssmall/home/h61084/codes/datasets/time/coastal_t_s_h_part07/config.json applied_keys=['date_col', 'drop_users', 'target_cols']
[2026-08-27 15:03:19,129][evaluation.evaluator][INFO] - evaluate dataset=time/coastal_t_s_h_part07 users=3 dates=5321 windows=24 removed_constant=6 L=504 H=168 stride=512
[2026-08-27 15:03:19,349][evaluation.evaluator][INFO] - artifacts ready run=/fssmall/home/h61084/codes/tsfm/outputs_selena/controls/time-coastal_t_s_h_part07/504_168/repeat/none/instance/remove/run_0 mse=0.0845396 nmse=1.43442 inference_seconds=0.020
2026-08-27 15:03:20 | configuration dataset=time/coastal_t_s_h_part07 L=504 H=168 model=repeat covariates=none instance_norm=false remove_constant=false seed=1 batch_size=512
[2026-08-27 15:03:22,985][data.dataset][INFO] - dataset config path=/fssmall/home/h61084/codes/datasets/time/coastal_t_s_h_part07/config.json applied_keys=['date_col', 'drop_users', 'target_cols']
[2026-08-27 15:03:23,006][evaluation.evaluator][INFO] - evaluate dataset=time/coastal_t_s_h_part07 users=3 dates=5321 windows=30 removed_constant=0 L=504 H=168 stride=512
[2026-08-27 15:03:23,246][evaluation.evaluator][INFO] - artifacts ready run=/fssmall/home/h61084/codes/tsfm/outputs_selena/controls/time-coastal_t_s_h_part07/504_168/repeat/none/raw/keep/run_0 mse=0.0676317 nmse=1.14754 inference_seconds=0.000
2026-08-27 15:03:24 | configuration dataset=time/coastal_t_s_h_part07 L=504 H=168 model=repeat covariates=none instance_norm=false remove_constant=true seed=1 batch_size=512
[2026-08-27 15:03:26,883][data.dataset][INFO] - dataset config path=/fssmall/home/h61084/codes/datasets/time/coastal_t_s_h_part07/config.json applied_keys=['date_col', 'drop_users', 'target_cols']
[2026-08-27 15:03:26,904][evaluation.evaluator][INFO] - evaluate dataset=time/coastal_t_s_h_part07 users=3 dates=5321 windows=24 removed_constant=6 L=504 H=168 stride=512
[2026-08-27 15:03:27,154][evaluation.evaluator][INFO] - artifacts ready run=/fssmall/home/h61084/codes/tsfm/outputs_selena/controls/time-coastal_t_s_h_part07/504_168/repeat/none/raw/remove/run_0 mse=0.0845396 nmse=1.43442 inference_seconds=0.000
2026-08-27 15:03:28 | configuration dataset=time/coastal_t_s_h_part07 L=504 H=168 model=chronos2 covariates=none instance_norm=true remove_constant=false seed=1 batch_size=64
[2026-08-27 15:03:30,821][data.dataset][INFO] - dataset config path=/fssmall/home/h61084/codes/datasets/time/coastal_t_s_h_part07/config.json applied_keys=['date_col', 'drop_users', 'target_cols']
[2026-08-27 15:03:30,843][evaluation.evaluator][INFO] - evaluate dataset=time/coastal_t_s_h_part07 users=3 dates=5321 windows=30 removed_constant=0 L=504 H=168 stride=512
[2026-08-27 15:03:36,477][evaluation.evaluator][INFO] - artifacts ready run=/fssmall/home/h61084/codes/tsfm/outputs_selena/controls/time-coastal_t_s_h_part07/504_168/chronos2/none/instance/keep/run_0 mse=0.0415449 nmse=0.774545 inference_seconds=0.192
2026-08-27 15:03:37 | configuration dataset=time/coastal_t_s_h_part07 L=504 H=168 model=chronos2 covariates=none instance_norm=true remove_constant=true seed=1 batch_size=64
[2026-08-27 15:03:40,493][data.dataset][INFO] - dataset config path=/fssmall/home/h61084/codes/datasets/time/coastal_t_s_h_part07/config.json applied_keys=['date_col', 'drop_users', 'target_cols']
[2026-08-27 15:03:40,513][evaluation.evaluator][INFO] - evaluate dataset=time/coastal_t_s_h_part07 users=3 dates=5321 windows=24 removed_constant=6 L=504 H=168 stride=512
[2026-08-27 15:03:46,152][evaluation.evaluator][INFO] - artifacts ready run=/fssmall/home/h61084/codes/tsfm/outputs_selena/controls/time-coastal_t_s_h_part07/504_168/chronos2/none/instance/remove/run_0 mse=0.0519312 nmse=0.968181 inference_seconds=0.193
2026-08-27 15:03:47 | configuration dataset=time/coastal_t_s_h_part07 L=504 H=168 model=chronos2 covariates=none instance_norm=false remove_constant=false seed=1 batch_size=64
[2026-08-27 15:03:50,134][data.dataset][INFO] - dataset config path=/fssmall/home/h61084/codes/datasets/time/coastal_t_s_h_part07/config.json applied_keys=['date_col', 'drop_users', 'target_cols']
[2026-08-27 15:03:50,154][evaluation.evaluator][INFO] - evaluate dataset=time/coastal_t_s_h_part07 users=3 dates=5321 windows=30 removed_constant=0 L=504 H=168 stride=512
[2026-08-27 15:03:55,787][evaluation.evaluator][INFO] - artifacts ready run=/fssmall/home/h61084/codes/tsfm/outputs_selena/controls/time-coastal_t_s_h_part07/504_168/chronos2/none/raw/keep/run_0 mse=0.0415449 nmse=0.774538 inference_seconds=0.192
2026-08-27 15:03:57 | configuration dataset=time/coastal_t_s_h_part07 L=504 H=168 model=chronos2 covariates=none instance_norm=false remove_constant=true seed=1 batch_size=64
[2026-08-27 15:03:59,805][data.dataset][INFO] - dataset config path=/fssmall/home/h61084/codes/datasets/time/coastal_t_s_h_part07/config.json applied_keys=['date_col', 'drop_users', 'target_cols']
[2026-08-27 15:03:59,825][evaluation.evaluator][INFO] - evaluate dataset=time/coastal_t_s_h_part07 users=3 dates=5321 windows=24 removed_constant=6 L=504 H=168 stride=512
[2026-08-27 15:04:05,513][evaluation.evaluator][INFO] - artifacts ready run=/fssmall/home/h61084/codes/tsfm/outputs_selena/controls/time-coastal_t_s_h_part07/504_168/chronos2/none/raw/remove/run_0 mse=0.0519311 nmse=0.968173 inference_seconds=0.192
2026-08-27 15:04:06 | configuration dataset=time/coastal_t_s_h_part08 L=168 H=24 model=repeat covariates=none instance_norm=true remove_constant=false seed=1 batch_size=512
[2026-08-27 15:04:09,501][data.dataset][INFO] - dataset config path=/fssmall/home/h61084/codes/datasets/time/coastal_t_s_h_part08/config.json applied_keys=['date_col', 'drop_users', 'target_cols']
[2026-08-27 15:04:09,525][evaluation.evaluator][INFO] - evaluate dataset=time/coastal_t_s_h_part08 users=3 dates=5493 windows=33 removed_constant=0 L=168 H=24 stride=512
[2026-08-27 15:04:09,748][evaluation.evaluator][INFO] - artifacts ready run=/fssmall/home/h61084/codes/tsfm/outputs_selena/controls/time-coastal_t_s_h_part08/168_24/repeat/none/instance/keep/run_0 mse=185.909 nmse=2.29333 inference_seconds=0.020
2026-08-27 15:04:10 | configuration dataset=time/coastal_t_s_h_part08 L=168 H=24 model=repeat covariates=none instance_norm=true remove_constant=true seed=1 batch_size=512
[2026-08-27 15:04:13,375][data.dataset][INFO] - dataset config path=/fssmall/home/h61084/codes/datasets/time/coastal_t_s_h_part08/config.json applied_keys=['date_col', 'drop_users', 'target_cols']
[2026-08-27 15:04:13,397][evaluation.evaluator][INFO] - evaluate dataset=time/coastal_t_s_h_part08 users=3 dates=5493 windows=33 removed_constant=0 L=168 H=24 stride=512
[2026-08-27 15:04:13,630][evaluation.evaluator][INFO] - artifacts ready run=/fssmall/home/h61084/codes/tsfm/outputs_selena/controls/time-coastal_t_s_h_part08/168_24/repeat/none/instance/remove/run_0 mse=185.909 nmse=2.29333 inference_seconds=0.020
2026-08-27 15:04:14 | configuration dataset=time/coastal_t_s_h_part08 L=168 H=24 model=repeat covariates=none instance_norm=false remove_constant=false seed=1 batch_size=512
[2026-08-27 15:04:17,281][data.dataset][INFO] - dataset config path=/fssmall/home/h61084/codes/datasets/time/coastal_t_s_h_part08/config.json applied_keys=['date_col', 'drop_users', 'target_cols']
[2026-08-27 15:04:17,303][evaluation.evaluator][INFO] - evaluate dataset=time/coastal_t_s_h_part08 users=3 dates=5493 windows=33 removed_constant=0 L=168 H=24 stride=512
[2026-08-27 15:04:17,536][evaluation.evaluator][INFO] - artifacts ready run=/fssmall/home/h61084/codes/tsfm/outputs_selena/controls/time-coastal_t_s_h_part08/168_24/repeat/none/raw/keep/run_0 mse=185.909 nmse=2.29333 inference_seconds=0.000
2026-08-27 15:04:18 | configuration dataset=time/coastal_t_s_h_part08 L=168 H=24 model=repeat covariates=none instance_norm=false remove_constant=true seed=1 batch_size=512
[2026-08-27 15:04:21,201][data.dataset][INFO] - dataset config path=/fssmall/home/h61084/codes/datasets/time/coastal_t_s_h_part08/config.json applied_keys=['date_col', 'drop_users', 'target_cols']
[2026-08-27 15:04:21,223][evaluation.evaluator][INFO] - evaluate dataset=time/coastal_t_s_h_part08 users=3 dates=5493 windows=33 removed_constant=0 L=168 H=24 stride=512
[2026-08-27 15:04:21,444][evaluation.evaluator][INFO] - artifacts ready run=/fssmall/home/h61084/codes/tsfm/outputs_selena/controls/time-coastal_t_s_h_part08/168_24/repeat/none/raw/remove/run_0 mse=185.909 nmse=2.29333 inference_seconds=0.000
2026-08-27 15:04:22 | configuration dataset=time/coastal_t_s_h_part08 L=168 H=24 model=chronos2 covariates=none instance_norm=true remove_constant=false seed=1 batch_size=64
[2026-08-27 15:04:25,132][data.dataset][INFO] - dataset config path=/fssmall/home/h61084/codes/datasets/time/coastal_t_s_h_part08/config.json applied_keys=['date_col', 'drop_users', 'target_cols']
[2026-08-27 15:04:25,155][evaluation.evaluator][INFO] - evaluate dataset=time/coastal_t_s_h_part08 users=3 dates=5493 windows=33 removed_constant=0 L=168 H=24 stride=512
[2026-08-27 15:04:30,828][evaluation.evaluator][INFO] - artifacts ready run=/fssmall/home/h61084/codes/tsfm/outputs_selena/controls/time-coastal_t_s_h_part08/168_24/chronos2/none/instance/keep/run_0 mse=90.958 nmse=1.28229 inference_seconds=0.194
2026-08-27 15:04:32 | configuration dataset=time/coastal_t_s_h_part08 L=168 H=24 model=chronos2 covariates=none instance_norm=true remove_constant=true seed=1 batch_size=64
[2026-08-27 15:04:34,851][data.dataset][INFO] - dataset config path=/fssmall/home/h61084/codes/datasets/time/coastal_t_s_h_part08/config.json applied_keys=['date_col', 'drop_users', 'target_cols']
[2026-08-27 15:04:34,872][evaluation.evaluator][INFO] - evaluate dataset=time/coastal_t_s_h_part08 users=3 dates=5493 windows=33 removed_constant=0 L=168 H=24 stride=512
[2026-08-27 15:04:40,509][evaluation.evaluator][INFO] - artifacts ready run=/fssmall/home/h61084/codes/tsfm/outputs_selena/controls/time-coastal_t_s_h_part08/168_24/chronos2/none/instance/remove/run_0 mse=90.958 nmse=1.28229 inference_seconds=0.192
2026-08-27 15:04:41 | configuration dataset=time/coastal_t_s_h_part08 L=168 H=24 model=chronos2 covariates=none instance_norm=false remove_constant=false seed=1 batch_size=64
[2026-08-27 15:04:44,487][data.dataset][INFO] - dataset config path=/fssmall/home/h61084/codes/datasets/time/coastal_t_s_h_part08/config.json applied_keys=['date_col', 'drop_users', 'target_cols']
[2026-08-27 15:04:44,508][evaluation.evaluator][INFO] - evaluate dataset=time/coastal_t_s_h_part08 users=3 dates=5493 windows=33 removed_constant=0 L=168 H=24 stride=512
[2026-08-27 15:04:50,187][evaluation.evaluator][INFO] - artifacts ready run=/fssmall/home/h61084/codes/tsfm/outputs_selena/controls/time-coastal_t_s_h_part08/168_24/chronos2/none/raw/keep/run_0 mse=90.958 nmse=1.2823 inference_seconds=0.198
2026-08-27 15:04:51 | configuration dataset=time/coastal_t_s_h_part08 L=168 H=24 model=chronos2 covariates=none instance_norm=false remove_constant=true seed=1 batch_size=64
[2026-08-27 15:04:54,295][data.dataset][INFO] - dataset config path=/fssmall/home/h61084/codes/datasets/time/coastal_t_s_h_part08/config.json applied_keys=['date_col', 'drop_users', 'target_cols']
[2026-08-27 15:04:54,316][evaluation.evaluator][INFO] - evaluate dataset=time/coastal_t_s_h_part08 users=3 dates=5493 windows=33 removed_constant=0 L=168 H=24 stride=512
[2026-08-27 15:04:59,937][evaluation.evaluator][INFO] - artifacts ready run=/fssmall/home/h61084/codes/tsfm/outputs_selena/controls/time-coastal_t_s_h_part08/168_24/chronos2/none/raw/remove/run_0 mse=90.958 nmse=1.2823 inference_seconds=0.192
2026-08-27 15:05:01 | configuration dataset=time/coastal_t_s_h_part08 L=336 H=48 model=repeat covariates=none instance_norm=true remove_constant=false seed=1 batch_size=512
[2026-08-27 15:05:04,604][data.dataset][INFO] - dataset config path=/fssmall/home/h61084/codes/datasets/time/coastal_t_s_h_part08/config.json applied_keys=['date_col', 'drop_users', 'target_cols']
[2026-08-27 15:05:04,626][evaluation.evaluator][INFO] - evaluate dataset=time/coastal_t_s_h_part08 users=3 dates=5493 windows=30 removed_constant=0 L=336 H=48 stride=512
[2026-08-27 15:05:04,846][evaluation.evaluator][INFO] - artifacts ready run=/fssmall/home/h61084/codes/tsfm/outputs_selena/controls/time-coastal_t_s_h_part08/336_48/repeat/none/instance/keep/run_0 mse=174.011 nmse=2.6606 inference_seconds=0.020
2026-08-27 15:05:06 | configuration dataset=time/coastal_t_s_h_part08 L=336 H=48 model=repeat covariates=none instance_norm=true remove_constant=true seed=1 batch_size=512
[2026-08-27 15:05:08,583][data.dataset][INFO] - dataset config path=/fssmall/home/h61084/codes/datasets/time/coastal_t_s_h_part08/config.json applied_keys=['date_col', 'drop_users', 'target_cols']
[2026-08-27 15:05:08,603][evaluation.evaluator][INFO] - evaluate dataset=time/coastal_t_s_h_part08 users=3 dates=5493 windows=30 removed_constant=0 L=336 H=48 stride=512
[2026-08-27 15:05:08,851][evaluation.evaluator][INFO] - artifacts ready run=/fssmall/home/h61084/codes/tsfm/outputs_selena/controls/time-coastal_t_s_h_part08/336_48/repeat/none/instance/remove/run_0 mse=174.011 nmse=2.6606 inference_seconds=0.020
2026-08-27 15:05:09 | configuration dataset=time/coastal_t_s_h_part08 L=336 H=48 model=repeat covariates=none instance_norm=false remove_constant=false seed=1 batch_size=512
[2026-08-27 15:05:12,508][data.dataset][INFO] - dataset config path=/fssmall/home/h61084/codes/datasets/time/coastal_t_s_h_part08/config.json applied_keys=['date_col', 'drop_users', 'target_cols']
[2026-08-27 15:05:12,529][evaluation.evaluator][INFO] - evaluate dataset=time/coastal_t_s_h_part08 users=3 dates=5493 windows=30 removed_constant=0 L=336 H=48 stride=512
[2026-08-27 15:05:12,747][evaluation.evaluator][INFO] - artifacts ready run=/fssmall/home/h61084/codes/tsfm/outputs_selena/controls/time-coastal_t_s_h_part08/336_48/repeat/none/raw/keep/run_0 mse=174.011 nmse=2.6606 inference_seconds=0.000
2026-08-27 15:05:13 | configuration dataset=time/coastal_t_s_h_part08 L=336 H=48 model=repeat covariates=none instance_norm=false remove_constant=true seed=1 batch_size=512
[2026-08-27 15:05:16,421][data.dataset][INFO] - dataset config path=/fssmall/home/h61084/codes/datasets/time/coastal_t_s_h_part08/config.json applied_keys=['date_col', 'drop_users', 'target_cols']
[2026-08-27 15:05:16,459][evaluation.evaluator][INFO] - evaluate dataset=time/coastal_t_s_h_part08 users=3 dates=5493 windows=30 removed_constant=0 L=336 H=48 stride=512
[2026-08-27 15:05:16,684][evaluation.evaluator][INFO] - artifacts ready run=/fssmall/home/h61084/codes/tsfm/outputs_selena/controls/time-coastal_t_s_h_part08/336_48/repeat/none/raw/remove/run_0 mse=174.011 nmse=2.6606 inference_seconds=0.000
2026-08-27 15:05:17 | configuration dataset=time/coastal_t_s_h_part08 L=336 H=48 model=chronos2 covariates=none instance_norm=true remove_constant=false seed=1 batch_size=64
[2026-08-27 15:05:20,349][data.dataset][INFO] - dataset config path=/fssmall/home/h61084/codes/datasets/time/coastal_t_s_h_part08/config.json applied_keys=['date_col', 'drop_users', 'target_cols']
[2026-08-27 15:05:20,372][evaluation.evaluator][INFO] - evaluate dataset=time/coastal_t_s_h_part08 users=3 dates=5493 windows=30 removed_constant=0 L=336 H=48 stride=512
[2026-08-27 15:05:26,028][evaluation.evaluator][INFO] - artifacts ready run=/fssmall/home/h61084/codes/tsfm/outputs_selena/controls/time-coastal_t_s_h_part08/336_48/chronos2/none/instance/keep/run_0 mse=98.9288 nmse=1.98306 inference_seconds=0.190
2026-08-27 15:05:27 | configuration dataset=time/coastal_t_s_h_part08 L=336 H=48 model=chronos2 covariates=none instance_norm=true remove_constant=true seed=1 batch_size=64
[2026-08-27 15:05:30,059][data.dataset][INFO] - dataset config path=/fssmall/home/h61084/codes/datasets/time/coastal_t_s_h_part08/config.json applied_keys=['date_col', 'drop_users', 'target_cols']
[2026-08-27 15:05:30,080][evaluation.evaluator][INFO] - evaluate dataset=time/coastal_t_s_h_part08 users=3 dates=5493 windows=30 removed_constant=0 L=336 H=48 stride=512
[2026-08-27 15:05:35,736][evaluation.evaluator][INFO] - artifacts ready run=/fssmall/home/h61084/codes/tsfm/outputs_selena/controls/time-coastal_t_s_h_part08/336_48/chronos2/none/instance/remove/run_0 mse=98.9288 nmse=1.98306 inference_seconds=0.193
2026-08-27 15:05:37 | configuration dataset=time/coastal_t_s_h_part08 L=336 H=48 model=chronos2 covariates=none instance_norm=false remove_constant=false seed=1 batch_size=64
[2026-08-27 15:05:39,749][data.dataset][INFO] - dataset config path=/fssmall/home/h61084/codes/datasets/time/coastal_t_s_h_part08/config.json applied_keys=['date_col', 'drop_users', 'target_cols']
[2026-08-27 15:05:39,772][evaluation.evaluator][INFO] - evaluate dataset=time/coastal_t_s_h_part08 users=3 dates=5493 windows=30 removed_constant=0 L=336 H=48 stride=512
[2026-08-27 15:05:45,499][evaluation.evaluator][INFO] - artifacts ready run=/fssmall/home/h61084/codes/tsfm/outputs_selena/controls/time-coastal_t_s_h_part08/336_48/chronos2/none/raw/keep/run_0 mse=98.9288 nmse=1.98306 inference_seconds=0.191
2026-08-27 15:05:46 | configuration dataset=time/coastal_t_s_h_part08 L=336 H=48 model=chronos2 covariates=none instance_norm=false remove_constant=true seed=1 batch_size=64
[2026-08-27 15:05:49,501][data.dataset][INFO] - dataset config path=/fssmall/home/h61084/codes/datasets/time/coastal_t_s_h_part08/config.json applied_keys=['date_col', 'drop_users', 'target_cols']
[2026-08-27 15:05:49,521][evaluation.evaluator][INFO] - evaluate dataset=time/coastal_t_s_h_part08 users=3 dates=5493 windows=30 removed_constant=0 L=336 H=48 stride=512
[2026-08-27 15:05:55,191][evaluation.evaluator][INFO] - artifacts ready run=/fssmall/home/h61084/codes/tsfm/outputs_selena/controls/time-coastal_t_s_h_part08/336_48/chronos2/none/raw/remove/run_0 mse=98.9288 nmse=1.98306 inference_seconds=0.209
2026-08-27 15:05:56 | configuration dataset=time/coastal_t_s_h_part08 L=504 H=168 model=repeat covariates=none instance_norm=true remove_constant=false seed=1 batch_size=512
[2026-08-27 15:05:59,222][data.dataset][INFO] - dataset config path=/fssmall/home/h61084/codes/datasets/time/coastal_t_s_h_part08/config.json applied_keys=['date_col', 'drop_users', 'target_cols']
[2026-08-27 15:05:59,244][evaluation.evaluator][INFO] - evaluate dataset=time/coastal_t_s_h_part08 users=3 dates=5493 windows=30 removed_constant=0 L=504 H=168 stride=512
[2026-08-27 15:05:59,467][evaluation.evaluator][INFO] - artifacts ready run=/fssmall/home/h61084/codes/tsfm/outputs_selena/controls/time-coastal_t_s_h_part08/504_168/repeat/none/instance/keep/run_0 mse=189.97 nmse=2.62468 inference_seconds=0.020
2026-08-27 15:06:00 | configuration dataset=time/coastal_t_s_h_part08 L=504 H=168 model=repeat covariates=none instance_norm=true remove_constant=true seed=1 batch_size=512
[2026-08-27 15:06:03,148][data.dataset][INFO] - dataset config path=/fssmall/home/h61084/codes/datasets/time/coastal_t_s_h_part08/config.json applied_keys=['date_col', 'drop_users', 'target_cols']
[2026-08-27 15:06:03,168][evaluation.evaluator][INFO] - evaluate dataset=time/coastal_t_s_h_part08 users=3 dates=5493 windows=30 removed_constant=0 L=504 H=168 stride=512
[2026-08-27 15:06:03,389][evaluation.evaluator][INFO] - artifacts ready run=/fssmall/home/h61084/codes/tsfm/outputs_selena/controls/time-coastal_t_s_h_part08/504_168/repeat/none/instance/remove/run_0 mse=189.97 nmse=2.62468 inference_seconds=0.020
2026-08-27 15:06:04 | configuration dataset=time/coastal_t_s_h_part08 L=504 H=168 model=repeat covariates=none instance_norm=false remove_constant=false seed=1 batch_size=512
[2026-08-27 15:06:07,073][data.dataset][INFO] - dataset config path=/fssmall/home/h61084/codes/datasets/time/coastal_t_s_h_part08/config.json applied_keys=['date_col', 'drop_users', 'target_cols']
[2026-08-27 15:06:07,092][evaluation.evaluator][INFO] - evaluate dataset=time/coastal_t_s_h_part08 users=3 dates=5493 windows=30 removed_constant=0 L=504 H=168 stride=512
[2026-08-27 15:06:07,319][evaluation.evaluator][INFO] - artifacts ready run=/fssmall/home/h61084/codes/tsfm/outputs_selena/controls/time-coastal_t_s_h_part08/504_168/repeat/none/raw/keep/run_0 mse=189.97 nmse=2.62468 inference_seconds=0.000
2026-08-27 15:06:08 | configuration dataset=time/coastal_t_s_h_part08 L=504 H=168 model=repeat covariates=none instance_norm=false remove_constant=true seed=1 batch_size=512
[2026-08-27 15:06:11,027][data.dataset][INFO] - dataset config path=/fssmall/home/h61084/codes/datasets/time/coastal_t_s_h_part08/config.json applied_keys=['date_col', 'drop_users', 'target_cols']
[2026-08-27 15:06:11,048][evaluation.evaluator][INFO] - evaluate dataset=time/coastal_t_s_h_part08 users=3 dates=5493 windows=30 removed_constant=0 L=504 H=168 stride=512
[2026-08-27 15:06:11,264][evaluation.evaluator][INFO] - artifacts ready run=/fssmall/home/h61084/codes/tsfm/outputs_selena/controls/time-coastal_t_s_h_part08/504_168/repeat/none/raw/remove/run_0 mse=189.97 nmse=2.62468 inference_seconds=0.000
2026-08-27 15:06:12 | configuration dataset=time/coastal_t_s_h_part08 L=504 H=168 model=chronos2 covariates=none instance_norm=true remove_constant=false seed=1 batch_size=64
[2026-08-27 15:06:14,986][data.dataset][INFO] - dataset config path=/fssmall/home/h61084/codes/datasets/time/coastal_t_s_h_part08/config.json applied_keys=['date_col', 'drop_users', 'target_cols']
[2026-08-27 15:06:15,008][evaluation.evaluator][INFO] - evaluate dataset=time/coastal_t_s_h_part08 users=3 dates=5493 windows=30 removed_constant=0 L=504 H=168 stride=512
[2026-08-27 15:06:20,712][evaluation.evaluator][INFO] - artifacts ready run=/fssmall/home/h61084/codes/tsfm/outputs_selena/controls/time-coastal_t_s_h_part08/504_168/chronos2/none/instance/keep/run_0 mse=96.5956 nmse=1.63775 inference_seconds=0.193
2026-08-27 15:06:22 | configuration dataset=time/coastal_t_s_h_part08 L=504 H=168 model=chronos2 covariates=none instance_norm=true remove_constant=true seed=1 batch_size=64
[2026-08-27 15:06:24,768][data.dataset][INFO] - dataset config path=/fssmall/home/h61084/codes/datasets/time/coastal_t_s_h_part08/config.json applied_keys=['date_col', 'drop_users', 'target_cols']
[2026-08-27 15:06:24,789][evaluation.evaluator][INFO] - evaluate dataset=time/coastal_t_s_h_part08 users=3 dates=5493 windows=30 removed_constant=0 L=504 H=168 stride=512
[2026-08-27 15:06:30,481][evaluation.evaluator][INFO] - artifacts ready run=/fssmall/home/h61084/codes/tsfm/outputs_selena/controls/time-coastal_t_s_h_part08/504_168/chronos2/none/instance/remove/run_0 mse=96.5956 nmse=1.63775 inference_seconds=0.194
2026-08-27 15:06:31 | configuration dataset=time/coastal_t_s_h_part08 L=504 H=168 model=chronos2 covariates=none instance_norm=false remove_constant=false seed=1 batch_size=64
[2026-08-27 15:06:34,498][data.dataset][INFO] - dataset config path=/fssmall/home/h61084/codes/datasets/time/coastal_t_s_h_part08/config.json applied_keys=['date_col', 'drop_users', 'target_cols']
[2026-08-27 15:06:34,519][evaluation.evaluator][INFO] - evaluate dataset=time/coastal_t_s_h_part08 users=3 dates=5493 windows=30 removed_constant=0 L=504 H=168 stride=512
[2026-08-27 15:06:40,301][evaluation.evaluator][INFO] - artifacts ready run=/fssmall/home/h61084/codes/tsfm/outputs_selena/controls/time-coastal_t_s_h_part08/504_168/chronos2/none/raw/keep/run_0 mse=96.5956 nmse=1.63775 inference_seconds=0.193
2026-08-27 15:06:41 | configuration dataset=time/coastal_t_s_h_part08 L=504 H=168 model=chronos2 covariates=none instance_norm=false remove_constant=true seed=1 batch_size=64
[2026-08-27 15:06:44,366][data.dataset][INFO] - dataset config path=/fssmall/home/h61084/codes/datasets/time/coastal_t_s_h_part08/config.json applied_keys=['date_col', 'drop_users', 'target_cols']
[2026-08-27 15:06:44,387][evaluation.evaluator][INFO] - evaluate dataset=time/coastal_t_s_h_part08 users=3 dates=5493 windows=30 removed_constant=0 L=504 H=168 stride=512
[2026-08-27 15:06:50,080][evaluation.evaluator][INFO] - artifacts ready run=/fssmall/home/h61084/codes/tsfm/outputs_selena/controls/time-coastal_t_s_h_part08/504_168/chronos2/none/raw/remove/run_0 mse=96.5956 nmse=1.63775 inference_seconds=0.192
2026-08-27 15:06:51 | configuration dataset=time/coastal_t_s_h_part09 L=168 H=24 model=repeat covariates=none instance_norm=true remove_constant=false seed=1 batch_size=512
[2026-08-27 15:06:54,124][data.dataset][INFO] - dataset config path=/fssmall/home/h61084/codes/datasets/time/coastal_t_s_h_part09/config.json applied_keys=['date_col', 'drop_users', 'target_cols']
[2026-08-27 15:06:54,149][evaluation.evaluator][INFO] - evaluate dataset=time/coastal_t_s_h_part09 users=3 dates=5784 windows=33 removed_constant=0 L=168 H=24 stride=512
[2026-08-27 15:06:54,370][evaluation.evaluator][INFO] - artifacts ready run=/fssmall/home/h61084/codes/tsfm/outputs_selena/controls/time-coastal_t_s_h_part09/168_24/repeat/none/instance/keep/run_0 mse=52.5693 nmse=1.90718 inference_seconds=0.020
2026-08-27 15:06:55 | configuration dataset=time/coastal_t_s_h_part09 L=168 H=24 model=repeat covariates=none instance_norm=true remove_constant=true seed=1 batch_size=512
[2026-08-27 15:06:58,042][data.dataset][INFO] - dataset config path=/fssmall/home/h61084/codes/datasets/time/coastal_t_s_h_part09/config.json applied_keys=['date_col', 'drop_users', 'target_cols']
[2026-08-27 15:06:58,063][evaluation.evaluator][INFO] - evaluate dataset=time/coastal_t_s_h_part09 users=3 dates=5784 windows=33 removed_constant=0 L=168 H=24 stride=512
[2026-08-27 15:06:58,286][evaluation.evaluator][INFO] - artifacts ready run=/fssmall/home/h61084/codes/tsfm/outputs_selena/controls/time-coastal_t_s_h_part09/168_24/repeat/none/instance/remove/run_0 mse=52.5693 nmse=1.90718 inference_seconds=0.020
2026-08-27 15:06:59 | configuration dataset=time/coastal_t_s_h_part09 L=168 H=24 model=repeat covariates=none instance_norm=false remove_constant=false seed=1 batch_size=512
[2026-08-27 15:07:02,037][data.dataset][INFO] - dataset config path=/fssmall/home/h61084/codes/datasets/time/coastal_t_s_h_part09/config.json applied_keys=['date_col', 'drop_users', 'target_cols']
[2026-08-27 15:07:02,059][evaluation.evaluator][INFO] - evaluate dataset=time/coastal_t_s_h_part09 users=3 dates=5784 windows=33 removed_constant=0 L=168 H=24 stride=512
[2026-08-27 15:07:02,285][evaluation.evaluator][INFO] - artifacts ready run=/fssmall/home/h61084/codes/tsfm/outputs_selena/controls/time-coastal_t_s_h_part09/168_24/repeat/none/raw/keep/run_0 mse=52.5693 nmse=1.90718 inference_seconds=0.000
2026-08-27 15:07:03 | configuration dataset=time/coastal_t_s_h_part09 L=168 H=24 model=repeat covariates=none instance_norm=false remove_constant=true seed=1 batch_size=512
[2026-08-27 15:07:05,976][data.dataset][INFO] - dataset config path=/fssmall/home/h61084/codes/datasets/time/coastal_t_s_h_part09/config.json applied_keys=['date_col', 'drop_users', 'target_cols']
[2026-08-27 15:07:05,998][evaluation.evaluator][INFO] - evaluate dataset=time/coastal_t_s_h_part09 users=3 dates=5784 windows=33 removed_constant=0 L=168 H=24 stride=512
[2026-08-27 15:07:06,229][evaluation.evaluator][INFO] - artifacts ready run=/fssmall/home/h61084/codes/tsfm/outputs_selena/controls/time-coastal_t_s_h_part09/168_24/repeat/none/raw/remove/run_0 mse=52.5693 nmse=1.90718 inference_seconds=0.000
2026-08-27 15:07:07 | configuration dataset=time/coastal_t_s_h_part09 L=168 H=24 model=chronos2 covariates=none instance_norm=true remove_constant=false seed=1 batch_size=64
[2026-08-27 15:07:09,995][data.dataset][INFO] - dataset config path=/fssmall/home/h61084/codes/datasets/time/coastal_t_s_h_part09/config.json applied_keys=['date_col', 'drop_users', 'target_cols']
[2026-08-27 15:07:10,016][evaluation.evaluator][INFO] - evaluate dataset=time/coastal_t_s_h_part09 users=3 dates=5784 windows=33 removed_constant=0 L=168 H=24 stride=512
[2026-08-27 15:07:15,692][evaluation.evaluator][INFO] - artifacts ready run=/fssmall/home/h61084/codes/tsfm/outputs_selena/controls/time-coastal_t_s_h_part09/168_24/chronos2/none/instance/keep/run_0 mse=32.8944 nmse=1.27509 inference_seconds=0.192
2026-08-27 15:07:17 | configuration dataset=time/coastal_t_s_h_part09 L=168 H=24 model=chronos2 covariates=none instance_norm=true remove_constant=true seed=1 batch_size=64
[2026-08-27 15:07:19,800][data.dataset][INFO] - dataset config path=/fssmall/home/h61084/codes/datasets/time/coastal_t_s_h_part09/config.json applied_keys=['date_col', 'drop_users', 'target_cols']
[2026-08-27 15:07:19,821][evaluation.evaluator][INFO] - evaluate dataset=time/coastal_t_s_h_part09 users=3 dates=5784 windows=33 removed_constant=0 L=168 H=24 stride=512
[2026-08-27 15:07:25,512][evaluation.evaluator][INFO] - artifacts ready run=/fssmall/home/h61084/codes/tsfm/outputs_selena/controls/time-coastal_t_s_h_part09/168_24/chronos2/none/instance/remove/run_0 mse=32.8944 nmse=1.27509 inference_seconds=0.190
2026-08-27 15:07:27 | configuration dataset=time/coastal_t_s_h_part09 L=168 H=24 model=chronos2 covariates=none instance_norm=false remove_constant=false seed=1 batch_size=64
[2026-08-27 15:07:29,560][data.dataset][INFO] - dataset config path=/fssmall/home/h61084/codes/datasets/time/coastal_t_s_h_part09/config.json applied_keys=['date_col', 'drop_users', 'target_cols']
[2026-08-27 15:07:29,582][evaluation.evaluator][INFO] - evaluate dataset=time/coastal_t_s_h_part09 users=3 dates=5784 windows=33 removed_constant=0 L=168 H=24 stride=512
[2026-08-27 15:07:35,305][evaluation.evaluator][INFO] - artifacts ready run=/fssmall/home/h61084/codes/tsfm/outputs_selena/controls/time-coastal_t_s_h_part09/168_24/chronos2/none/raw/keep/run_0 mse=32.8944 nmse=1.2751 inference_seconds=0.193
2026-08-27 15:07:36 | configuration dataset=time/coastal_t_s_h_part09 L=168 H=24 model=chronos2 covariates=none instance_norm=false remove_constant=true seed=1 batch_size=64
[2026-08-27 15:07:39,337][data.dataset][INFO] - dataset config path=/fssmall/home/h61084/codes/datasets/time/coastal_t_s_h_part09/config.json applied_keys=['date_col', 'drop_users', 'target_cols']
[2026-08-27 15:07:39,361][evaluation.evaluator][INFO] - evaluate dataset=time/coastal_t_s_h_part09 users=3 dates=5784 windows=33 removed_constant=0 L=168 H=24 stride=512
[2026-08-27 15:07:45,021][evaluation.evaluator][INFO] - artifacts ready run=/fssmall/home/h61084/codes/tsfm/outputs_selena/controls/time-coastal_t_s_h_part09/168_24/chronos2/none/raw/remove/run_0 mse=32.8944 nmse=1.2751 inference_seconds=0.191
2026-08-27 15:07:46 | configuration dataset=time/coastal_t_s_h_part09 L=336 H=48 model=repeat covariates=none instance_norm=true remove_constant=false seed=1 batch_size=512
[2026-08-27 15:07:49,304][data.dataset][INFO] - dataset config path=/fssmall/home/h61084/codes/datasets/time/coastal_t_s_h_part09/config.json applied_keys=['date_col', 'drop_users', 'target_cols']
[2026-08-27 15:07:49,328][evaluation.evaluator][INFO] - evaluate dataset=time/coastal_t_s_h_part09 users=3 dates=5784 windows=33 removed_constant=0 L=336 H=48 stride=512
[2026-08-27 15:07:49,544][evaluation.evaluator][INFO] - artifacts ready run=/fssmall/home/h61084/codes/tsfm/outputs_selena/controls/time-coastal_t_s_h_part09/336_48/repeat/none/instance/keep/run_0 mse=67.028 nmse=2.02145 inference_seconds=0.020
2026-08-27 15:07:50 | configuration dataset=time/coastal_t_s_h_part09 L=336 H=48 model=repeat covariates=none instance_norm=true remove_constant=true seed=1 batch_size=512
[2026-08-27 15:07:53,327][data.dataset][INFO] - dataset config path=/fssmall/home/h61084/codes/datasets/time/coastal_t_s_h_part09/config.json applied_keys=['date_col', 'drop_users', 'target_cols']
[2026-08-27 15:07:53,348][evaluation.evaluator][INFO] - evaluate dataset=time/coastal_t_s_h_part09 users=3 dates=5784 windows=33 removed_constant=0 L=336 H=48 stride=512
[2026-08-27 15:07:53,569][evaluation.evaluator][INFO] - artifacts ready run=/fssmall/home/h61084/codes/tsfm/outputs_selena/controls/time-coastal_t_s_h_part09/336_48/repeat/none/instance/remove/run_0 mse=67.028 nmse=2.02145 inference_seconds=0.020
2026-08-27 15:07:54 | configuration dataset=time/coastal_t_s_h_part09 L=336 H=48 model=repeat covariates=none instance_norm=false remove_constant=false seed=1 batch_size=512
[2026-08-27 15:07:57,289][data.dataset][INFO] - dataset config path=/fssmall/home/h61084/codes/datasets/time/coastal_t_s_h_part09/config.json applied_keys=['date_col', 'drop_users', 'target_cols']
[2026-08-27 15:07:57,310][evaluation.evaluator][INFO] - evaluate dataset=time/coastal_t_s_h_part09 users=3 dates=5784 windows=33 removed_constant=0 L=336 H=48 stride=512
[2026-08-27 15:07:57,534][evaluation.evaluator][INFO] - artifacts ready run=/fssmall/home/h61084/codes/tsfm/outputs_selena/controls/time-coastal_t_s_h_part09/336_48/repeat/none/raw/keep/run_0 mse=67.028 nmse=2.02145 inference_seconds=0.000
2026-08-27 15:07:58 | configuration dataset=time/coastal_t_s_h_part09 L=336 H=48 model=repeat covariates=none instance_norm=false remove_constant=true seed=1 batch_size=512
[2026-08-27 15:08:01,288][data.dataset][INFO] - dataset config path=/fssmall/home/h61084/codes/datasets/time/coastal_t_s_h_part09/config.json applied_keys=['date_col', 'drop_users', 'target_cols']
[2026-08-27 15:08:01,310][evaluation.evaluator][INFO] - evaluate dataset=time/coastal_t_s_h_part09 users=3 dates=5784 windows=33 removed_constant=0 L=336 H=48 stride=512
[2026-08-27 15:08:01,538][evaluation.evaluator][INFO] - artifacts ready run=/fssmall/home/h61084/codes/tsfm/outputs_selena/controls/time-coastal_t_s_h_part09/336_48/repeat/none/raw/remove/run_0 mse=67.028 nmse=2.02145 inference_seconds=0.000
2026-08-27 15:08:02 | configuration dataset=time/coastal_t_s_h_part09 L=336 H=48 model=chronos2 covariates=none instance_norm=true remove_constant=false seed=1 batch_size=64
[2026-08-27 15:08:05,312][data.dataset][INFO] - dataset config path=/fssmall/home/h61084/codes/datasets/time/coastal_t_s_h_part09/config.json applied_keys=['date_col', 'drop_users', 'target_cols']
[2026-08-27 15:08:05,334][evaluation.evaluator][INFO] - evaluate dataset=time/coastal_t_s_h_part09 users=3 dates=5784 windows=33 removed_constant=0 L=336 H=48 stride=512
[2026-08-27 15:08:11,079][evaluation.evaluator][INFO] - artifacts ready run=/fssmall/home/h61084/codes/tsfm/outputs_selena/controls/time-coastal_t_s_h_part09/336_48/chronos2/none/instance/keep/run_0 mse=34.6903 nmse=1.29266 inference_seconds=0.192
2026-08-27 15:08:12 | configuration dataset=time/coastal_t_s_h_part09 L=336 H=48 model=chronos2 covariates=none instance_norm=true remove_constant=true seed=1 batch_size=64
[2026-08-27 15:08:15,128][data.dataset][INFO] - dataset config path=/fssmall/home/h61084/codes/datasets/time/coastal_t_s_h_part09/config.json applied_keys=['date_col', 'drop_users', 'target_cols']
[2026-08-27 15:08:15,149][evaluation.evaluator][INFO] - evaluate dataset=time/coastal_t_s_h_part09 users=3 dates=5784 windows=33 removed_constant=0 L=336 H=48 stride=512
[2026-08-27 15:08:20,850][evaluation.evaluator][INFO] - artifacts ready run=/fssmall/home/h61084/codes/tsfm/outputs_selena/controls/time-coastal_t_s_h_part09/336_48/chronos2/none/instance/remove/run_0 mse=34.6903 nmse=1.29266 inference_seconds=0.193
2026-08-27 15:08:22 | configuration dataset=time/coastal_t_s_h_part09 L=336 H=48 model=chronos2 covariates=none instance_norm=false remove_constant=false seed=1 batch_size=64
[2026-08-27 15:08:24,900][data.dataset][INFO] - dataset config path=/fssmall/home/h61084/codes/datasets/time/coastal_t_s_h_part09/config.json applied_keys=['date_col', 'drop_users', 'target_cols']
[2026-08-27 15:08:24,922][evaluation.evaluator][INFO] - evaluate dataset=time/coastal_t_s_h_part09 users=3 dates=5784 windows=33 removed_constant=0 L=336 H=48 stride=512
[2026-08-27 15:08:30,605][evaluation.evaluator][INFO] - artifacts ready run=/fssmall/home/h61084/codes/tsfm/outputs_selena/controls/time-coastal_t_s_h_part09/336_48/chronos2/none/raw/keep/run_0 mse=34.6903 nmse=1.29266 inference_seconds=0.193
2026-08-27 15:08:32 | configuration dataset=time/coastal_t_s_h_part09 L=336 H=48 model=chronos2 covariates=none instance_norm=false remove_constant=true seed=1 batch_size=64
[2026-08-27 15:08:34,643][data.dataset][INFO] - dataset config path=/fssmall/home/h61084/codes/datasets/time/coastal_t_s_h_part09/config.json applied_keys=['date_col', 'drop_users', 'target_cols']
[2026-08-27 15:08:34,664][evaluation.evaluator][INFO] - evaluate dataset=time/coastal_t_s_h_part09 users=3 dates=5784 windows=33 removed_constant=0 L=336 H=48 stride=512
[2026-08-27 15:08:40,304][evaluation.evaluator][INFO] - artifacts ready run=/fssmall/home/h61084/codes/tsfm/outputs_selena/controls/time-coastal_t_s_h_part09/336_48/chronos2/none/raw/remove/run_0 mse=34.6903 nmse=1.29266 inference_seconds=0.191
2026-08-27 15:08:41 | configuration dataset=time/coastal_t_s_h_part09 L=504 H=168 model=repeat covariates=none instance_norm=true remove_constant=false seed=1 batch_size=512
[2026-08-27 15:08:44,342][data.dataset][INFO] - dataset config path=/fssmall/home/h61084/codes/datasets/time/coastal_t_s_h_part09/config.json applied_keys=['date_col', 'drop_users', 'target_cols']
[2026-08-27 15:08:44,364][evaluation.evaluator][INFO] - evaluate dataset=time/coastal_t_s_h_part09 users=3 dates=5784 windows=30 removed_constant=0 L=504 H=168 stride=512
[2026-08-27 15:08:44,595][evaluation.evaluator][INFO] - artifacts ready run=/fssmall/home/h61084/codes/tsfm/outputs_selena/controls/time-coastal_t_s_h_part09/504_168/repeat/none/instance/keep/run_0 mse=62.4539 nmse=2.49417 inference_seconds=0.020
2026-08-27 15:08:45 | configuration dataset=time/coastal_t_s_h_part09 L=504 H=168 model=repeat covariates=none instance_norm=true remove_constant=true seed=1 batch_size=512
[2026-08-27 15:08:48,317][data.dataset][INFO] - dataset config path=/fssmall/home/h61084/codes/datasets/time/coastal_t_s_h_part09/config.json applied_keys=['date_col', 'drop_users', 'target_cols']
[2026-08-27 15:08:48,338][evaluation.evaluator][INFO] - evaluate dataset=time/coastal_t_s_h_part09 users=3 dates=5784 windows=30 removed_constant=0 L=504 H=168 stride=512
[2026-08-27 15:08:48,569][evaluation.evaluator][INFO] - artifacts ready run=/fssmall/home/h61084/codes/tsfm/outputs_selena/controls/time-coastal_t_s_h_part09/504_168/repeat/none/instance/remove/run_0 mse=62.4539 nmse=2.49417 inference_seconds=0.021
2026-08-27 15:08:49 | configuration dataset=time/coastal_t_s_h_part09 L=504 H=168 model=repeat covariates=none instance_norm=false remove_constant=false seed=1 batch_size=512
[2026-08-27 15:08:52,262][data.dataset][INFO] - dataset config path=/fssmall/home/h61084/codes/datasets/time/coastal_t_s_h_part09/config.json applied_keys=['date_col', 'drop_users', 'target_cols']
[2026-08-27 15:08:52,283][evaluation.evaluator][INFO] - evaluate dataset=time/coastal_t_s_h_part09 users=3 dates=5784 windows=30 removed_constant=0 L=504 H=168 stride=512
[2026-08-27 15:08:52,505][evaluation.evaluator][INFO] - artifacts ready run=/fssmall/home/h61084/codes/tsfm/outputs_selena/controls/time-coastal_t_s_h_part09/504_168/repeat/none/raw/keep/run_0 mse=62.4539 nmse=2.49417 inference_seconds=0.000
2026-08-27 15:08:53 | configuration dataset=time/coastal_t_s_h_part09 L=504 H=168 model=repeat covariates=none instance_norm=false remove_constant=true seed=1 batch_size=512
[2026-08-27 15:08:56,217][data.dataset][INFO] - dataset config path=/fssmall/home/h61084/codes/datasets/time/coastal_t_s_h_part09/config.json applied_keys=['date_col', 'drop_users', 'target_cols']
[2026-08-27 15:08:56,238][evaluation.evaluator][INFO] - evaluate dataset=time/coastal_t_s_h_part09 users=3 dates=5784 windows=30 removed_constant=0 L=504 H=168 stride=512
[2026-08-27 15:08:56,458][evaluation.evaluator][INFO] - artifacts ready run=/fssmall/home/h61084/codes/tsfm/outputs_selena/controls/time-coastal_t_s_h_part09/504_168/repeat/none/raw/remove/run_0 mse=62.4539 nmse=2.49417 inference_seconds=0.000
2026-08-27 15:08:57 | configuration dataset=time/coastal_t_s_h_part09 L=504 H=168 model=chronos2 covariates=none instance_norm=true remove_constant=false seed=1 batch_size=64
[2026-08-27 15:09:00,166][data.dataset][INFO] - dataset config path=/fssmall/home/h61084/codes/datasets/time/coastal_t_s_h_part09/config.json applied_keys=['date_col', 'drop_users', 'target_cols']
[2026-08-27 15:09:00,188][evaluation.evaluator][INFO] - evaluate dataset=time/coastal_t_s_h_part09 users=3 dates=5784 windows=30 removed_constant=0 L=504 H=168 stride=512
[2026-08-27 15:09:05,880][evaluation.evaluator][INFO] - artifacts ready run=/fssmall/home/h61084/codes/tsfm/outputs_selena/controls/time-coastal_t_s_h_part09/504_168/chronos2/none/instance/keep/run_0 mse=31.6479 nmse=1.38846 inference_seconds=0.194
2026-08-27 15:09:07 | configuration dataset=time/coastal_t_s_h_part09 L=504 H=168 model=chronos2 covariates=none instance_norm=true remove_constant=true seed=1 batch_size=64
[2026-08-27 15:09:10,043][data.dataset][INFO] - dataset config path=/fssmall/home/h61084/codes/datasets/time/coastal_t_s_h_part09/config.json applied_keys=['date_col', 'drop_users', 'target_cols']
[2026-08-27 15:09:10,064][evaluation.evaluator][INFO] - evaluate dataset=time/coastal_t_s_h_part09 users=3 dates=5784 windows=30 removed_constant=0 L=504 H=168 stride=512
[2026-08-27 15:09:15,789][evaluation.evaluator][INFO] - artifacts ready run=/fssmall/home/h61084/codes/tsfm/outputs_selena/controls/time-coastal_t_s_h_part09/504_168/chronos2/none/instance/remove/run_0 mse=31.6479 nmse=1.38846 inference_seconds=0.193
2026-08-27 15:09:17 | configuration dataset=time/coastal_t_s_h_part09 L=504 H=168 model=chronos2 covariates=none instance_norm=false remove_constant=false seed=1 batch_size=64
[2026-08-27 15:09:19,868][data.dataset][INFO] - dataset config path=/fssmall/home/h61084/codes/datasets/time/coastal_t_s_h_part09/config.json applied_keys=['date_col', 'drop_users', 'target_cols']
[2026-08-27 15:09:19,889][evaluation.evaluator][INFO] - evaluate dataset=time/coastal_t_s_h_part09 users=3 dates=5784 windows=30 removed_constant=0 L=504 H=168 stride=512
[2026-08-27 15:09:25,613][evaluation.evaluator][INFO] - artifacts ready run=/fssmall/home/h61084/codes/tsfm/outputs_selena/controls/time-coastal_t_s_h_part09/504_168/chronos2/none/raw/keep/run_0 mse=31.6479 nmse=1.38846 inference_seconds=0.195
2026-08-27 15:09:27 | configuration dataset=time/coastal_t_s_h_part09 L=504 H=168 model=chronos2 covariates=none instance_norm=false remove_constant=true seed=1 batch_size=64
[2026-08-27 15:09:29,681][data.dataset][INFO] - dataset config path=/fssmall/home/h61084/codes/datasets/time/coastal_t_s_h_part09/config.json applied_keys=['date_col', 'drop_users', 'target_cols']
[2026-08-27 15:09:29,703][evaluation.evaluator][INFO] - evaluate dataset=time/coastal_t_s_h_part09 users=3 dates=5784 windows=30 removed_constant=0 L=504 H=168 stride=512
[2026-08-27 15:09:35,402][evaluation.evaluator][INFO] - artifacts ready run=/fssmall/home/h61084/codes/tsfm/outputs_selena/controls/time-coastal_t_s_h_part09/504_168/chronos2/none/raw/remove/run_0 mse=31.6479 nmse=1.38846 inference_seconds=0.192
2026-08-27 15:09:36 | configuration dataset=time/coastal_t_s_h_part10 L=168 H=24 model=repeat covariates=none instance_norm=true remove_constant=false seed=1 batch_size=512
[2026-08-27 15:09:39,478][data.dataset][INFO] - dataset config path=/fssmall/home/h61084/codes/datasets/time/coastal_t_s_h_part10/config.json applied_keys=['date_col', 'drop_users', 'target_cols']
[2026-08-27 15:09:39,502][evaluation.evaluator][INFO] - evaluate dataset=time/coastal_t_s_h_part10 users=3 dates=5512 windows=33 removed_constant=0 L=168 H=24 stride=512
[2026-08-27 15:09:39,736][evaluation.evaluator][INFO] - artifacts ready run=/fssmall/home/h61084/codes/tsfm/outputs_selena/controls/time-coastal_t_s_h_part10/168_24/repeat/none/instance/keep/run_0 mse=21.6751 nmse=1.98752 inference_seconds=0.020
2026-08-27 15:09:40 | configuration dataset=time/coastal_t_s_h_part10 L=168 H=24 model=repeat covariates=none instance_norm=true remove_constant=true seed=1 batch_size=512
[2026-08-27 15:09:43,460][data.dataset][INFO] - dataset config path=/fssmall/home/h61084/codes/datasets/time/coastal_t_s_h_part10/config.json applied_keys=['date_col', 'drop_users', 'target_cols']
[2026-08-27 15:09:43,480][evaluation.evaluator][INFO] - evaluate dataset=time/coastal_t_s_h_part10 users=3 dates=5512 windows=33 removed_constant=0 L=168 H=24 stride=512
[2026-08-27 15:09:43,707][evaluation.evaluator][INFO] - artifacts ready run=/fssmall/home/h61084/codes/tsfm/outputs_selena/controls/time-coastal_t_s_h_part10/168_24/repeat/none/instance/remove/run_0 mse=21.6751 nmse=1.98752 inference_seconds=0.019
2026-08-27 15:09:44 | configuration dataset=time/coastal_t_s_h_part10 L=168 H=24 model=repeat covariates=none instance_norm=false remove_constant=false seed=1 batch_size=512
[2026-08-27 15:09:47,455][data.dataset][INFO] - dataset config path=/fssmall/home/h61084/codes/datasets/time/coastal_t_s_h_part10/config.json applied_keys=['date_col', 'drop_users', 'target_cols']
[2026-08-27 15:09:47,475][evaluation.evaluator][INFO] - evaluate dataset=time/coastal_t_s_h_part10 users=3 dates=5512 windows=33 removed_constant=0 L=168 H=24 stride=512
[2026-08-27 15:09:47,692][evaluation.evaluator][INFO] - artifacts ready run=/fssmall/home/h61084/codes/tsfm/outputs_selena/controls/time-coastal_t_s_h_part10/168_24/repeat/none/raw/keep/run_0 mse=21.6751 nmse=1.98752 inference_seconds=0.000
2026-08-27 15:09:48 | configuration dataset=time/coastal_t_s_h_part10 L=168 H=24 model=repeat covariates=none instance_norm=false remove_constant=true seed=1 batch_size=512
[2026-08-27 15:09:51,412][data.dataset][INFO] - dataset config path=/fssmall/home/h61084/codes/datasets/time/coastal_t_s_h_part10/config.json applied_keys=['date_col', 'drop_users', 'target_cols']
[2026-08-27 15:09:51,431][evaluation.evaluator][INFO] - evaluate dataset=time/coastal_t_s_h_part10 users=3 dates=5512 windows=33 removed_constant=0 L=168 H=24 stride=512
[2026-08-27 15:09:51,649][evaluation.evaluator][INFO] - artifacts ready run=/fssmall/home/h61084/codes/tsfm/outputs_selena/controls/time-coastal_t_s_h_part10/168_24/repeat/none/raw/remove/run_0 mse=21.6751 nmse=1.98752 inference_seconds=0.000
2026-08-27 15:09:52 | configuration dataset=time/coastal_t_s_h_part10 L=168 H=24 model=chronos2 covariates=none instance_norm=true remove_constant=false seed=1 batch_size=64
[2026-08-27 15:09:55,388][data.dataset][INFO] - dataset config path=/fssmall/home/h61084/codes/datasets/time/coastal_t_s_h_part10/config.json applied_keys=['date_col', 'drop_users', 'target_cols']
[2026-08-27 15:09:55,411][evaluation.evaluator][INFO] - evaluate dataset=time/coastal_t_s_h_part10 users=3 dates=5512 windows=33 removed_constant=0 L=168 H=24 stride=512
[2026-08-27 15:10:01,077][evaluation.evaluator][INFO] - artifacts ready run=/fssmall/home/h61084/codes/tsfm/outputs_selena/controls/time-coastal_t_s_h_part10/168_24/chronos2/none/instance/keep/run_0 mse=10.5698 nmse=1.18537 inference_seconds=0.193
2026-08-27 15:10:02 | configuration dataset=time/coastal_t_s_h_part10 L=168 H=24 model=chronos2 covariates=none instance_norm=true remove_constant=true seed=1 batch_size=64
[2026-08-27 15:10:05,174][data.dataset][INFO] - dataset config path=/fssmall/home/h61084/codes/datasets/time/coastal_t_s_h_part10/config.json applied_keys=['date_col', 'drop_users', 'target_cols']
[2026-08-27 15:10:05,195][evaluation.evaluator][INFO] - evaluate dataset=time/coastal_t_s_h_part10 users=3 dates=5512 windows=33 removed_constant=0 L=168 H=24 stride=512
[2026-08-27 15:10:10,864][evaluation.evaluator][INFO] - artifacts ready run=/fssmall/home/h61084/codes/tsfm/outputs_selena/controls/time-coastal_t_s_h_part10/168_24/chronos2/none/instance/remove/run_0 mse=10.5698 nmse=1.18537 inference_seconds=0.197
2026-08-27 15:10:12 | configuration dataset=time/coastal_t_s_h_part10 L=168 H=24 model=chronos2 covariates=none instance_norm=false remove_constant=false seed=1 batch_size=64
[2026-08-27 15:10:14,906][data.dataset][INFO] - dataset config path=/fssmall/home/h61084/codes/datasets/time/coastal_t_s_h_part10/config.json applied_keys=['date_col', 'drop_users', 'target_cols']
[2026-08-27 15:10:14,928][evaluation.evaluator][INFO] - evaluate dataset=time/coastal_t_s_h_part10 users=3 dates=5512 windows=33 removed_constant=0 L=168 H=24 stride=512
[2026-08-27 15:10:20,580][evaluation.evaluator][INFO] - artifacts ready run=/fssmall/home/h61084/codes/tsfm/outputs_selena/controls/time-coastal_t_s_h_part10/168_24/chronos2/none/raw/keep/run_0 mse=10.5698 nmse=1.18537 inference_seconds=0.191
2026-08-27 15:10:22 | configuration dataset=time/coastal_t_s_h_part10 L=168 H=24 model=chronos2 covariates=none instance_norm=false remove_constant=true seed=1 batch_size=64
[2026-08-27 15:10:24,695][data.dataset][INFO] - dataset config path=/fssmall/home/h61084/codes/datasets/time/coastal_t_s_h_part10/config.json applied_keys=['date_col', 'drop_users', 'target_cols']
[2026-08-27 15:10:24,717][evaluation.evaluator][INFO] - evaluate dataset=time/coastal_t_s_h_part10 users=3 dates=5512 windows=33 removed_constant=0 L=168 H=24 stride=512
[2026-08-27 15:10:30,400][evaluation.evaluator][INFO] - artifacts ready run=/fssmall/home/h61084/codes/tsfm/outputs_selena/controls/time-coastal_t_s_h_part10/168_24/chronos2/none/raw/remove/run_0 mse=10.5698 nmse=1.18537 inference_seconds=0.191
2026-08-27 15:10:31 | configuration dataset=time/coastal_t_s_h_part10 L=336 H=48 model=repeat covariates=none instance_norm=true remove_constant=false seed=1 batch_size=512
[2026-08-27 15:10:34,490][data.dataset][INFO] - dataset config path=/fssmall/home/h61084/codes/datasets/time/coastal_t_s_h_part10/config.json applied_keys=['date_col', 'drop_users', 'target_cols']
[2026-08-27 15:10:34,512][evaluation.evaluator][INFO] - evaluate dataset=time/coastal_t_s_h_part10 users=3 dates=5512 windows=33 removed_constant=0 L=336 H=48 stride=512
[2026-08-27 15:10:34,738][evaluation.evaluator][INFO] - artifacts ready run=/fssmall/home/h61084/codes/tsfm/outputs_selena/controls/time-coastal_t_s_h_part10/336_48/repeat/none/instance/keep/run_0 mse=16.8835 nmse=1.71104 inference_seconds=0.020
2026-08-27 15:10:36 | configuration dataset=time/coastal_t_s_h_part10 L=336 H=48 model=repeat covariates=none instance_norm=true remove_constant=true seed=1 batch_size=512
[2026-08-27 15:10:38,667][data.dataset][INFO] - dataset config path=/fssmall/home/h61084/codes/datasets/time/coastal_t_s_h_part10/config.json applied_keys=['date_col', 'drop_users', 'target_cols']
[2026-08-27 15:10:38,689][evaluation.evaluator][INFO] - evaluate dataset=time/coastal_t_s_h_part10 users=3 dates=5512 windows=33 removed_constant=0 L=336 H=48 stride=512
[2026-08-27 15:10:38,912][evaluation.evaluator][INFO] - artifacts ready run=/fssmall/home/h61084/codes/tsfm/outputs_selena/controls/time-coastal_t_s_h_part10/336_48/repeat/none/instance/remove/run_0 mse=16.8835 nmse=1.71104 inference_seconds=0.020
2026-08-27 15:10:40 | configuration dataset=time/coastal_t_s_h_part10 L=336 H=48 model=repeat covariates=none instance_norm=false remove_constant=false seed=1 batch_size=512
[2026-08-27 15:10:42,790][data.dataset][INFO] - dataset config path=/fssmall/home/h61084/codes/datasets/time/coastal_t_s_h_part10/config.json applied_keys=['date_col', 'drop_users', 'target_cols']
[2026-08-27 15:10:42,812][evaluation.evaluator][INFO] - evaluate dataset=time/coastal_t_s_h_part10 users=3 dates=5512 windows=33 removed_constant=0 L=336 H=48 stride=512
[2026-08-27 15:10:43,050][evaluation.evaluator][INFO] - artifacts ready run=/fssmall/home/h61084/codes/tsfm/outputs_selena/controls/time-coastal_t_s_h_part10/336_48/repeat/none/raw/keep/run_0 mse=16.8835 nmse=1.71104 inference_seconds=0.000
2026-08-27 15:10:44 | configuration dataset=time/coastal_t_s_h_part10 L=336 H=48 model=repeat covariates=none instance_norm=false remove_constant=true seed=1 batch_size=512
[2026-08-27 15:10:46,795][data.dataset][INFO] - dataset config path=/fssmall/home/h61084/codes/datasets/time/coastal_t_s_h_part10/config.json applied_keys=['date_col', 'drop_users', 'target_cols']
[2026-08-27 15:10:46,815][evaluation.evaluator][INFO] - evaluate dataset=time/coastal_t_s_h_part10 users=3 dates=5512 windows=33 removed_constant=0 L=336 H=48 stride=512
[2026-08-27 15:10:47,047][evaluation.evaluator][INFO] - artifacts ready run=/fssmall/home/h61084/codes/tsfm/outputs_selena/controls/time-coastal_t_s_h_part10/336_48/repeat/none/raw/remove/run_0 mse=16.8835 nmse=1.71104 inference_seconds=0.000
2026-08-27 15:10:48 | configuration dataset=time/coastal_t_s_h_part10 L=336 H=48 model=chronos2 covariates=none instance_norm=true remove_constant=false seed=1 batch_size=64
[2026-08-27 15:10:50,810][data.dataset][INFO] - dataset config path=/fssmall/home/h61084/codes/datasets/time/coastal_t_s_h_part10/config.json applied_keys=['date_col', 'drop_users', 'target_cols']
[2026-08-27 15:10:50,831][evaluation.evaluator][INFO] - evaluate dataset=time/coastal_t_s_h_part10 users=3 dates=5512 windows=33 removed_constant=0 L=336 H=48 stride=512
[2026-08-27 15:10:56,592][evaluation.evaluator][INFO] - artifacts ready run=/fssmall/home/h61084/codes/tsfm/outputs_selena/controls/time-coastal_t_s_h_part10/336_48/chronos2/none/instance/keep/run_0 mse=9.46929 nmse=0.814786 inference_seconds=0.192
2026-08-27 15:10:58 | configuration dataset=time/coastal_t_s_h_part10 L=336 H=48 model=chronos2 covariates=none instance_norm=true remove_constant=true seed=1 batch_size=64
[2026-08-27 15:11:00,685][data.dataset][INFO] - dataset config path=/fssmall/home/h61084/codes/datasets/time/coastal_t_s_h_part10/config.json applied_keys=['date_col', 'drop_users', 'target_cols']
[2026-08-27 15:11:00,705][evaluation.evaluator][INFO] - evaluate dataset=time/coastal_t_s_h_part10 users=3 dates=5512 windows=33 removed_constant=0 L=336 H=48 stride=512
[2026-08-27 15:11:06,412][evaluation.evaluator][INFO] - artifacts ready run=/fssmall/home/h61084/codes/tsfm/outputs_selena/controls/time-coastal_t_s_h_part10/336_48/chronos2/none/instance/remove/run_0 mse=9.46929 nmse=0.814786 inference_seconds=0.193
2026-08-27 15:11:07 | configuration dataset=time/coastal_t_s_h_part10 L=336 H=48 model=chronos2 covariates=none instance_norm=false remove_constant=false seed=1 batch_size=64
[2026-08-27 15:11:10,508][data.dataset][INFO] - dataset config path=/fssmall/home/h61084/codes/datasets/time/coastal_t_s_h_part10/config.json applied_keys=['date_col', 'drop_users', 'target_cols']
[2026-08-27 15:11:10,529][evaluation.evaluator][INFO] - evaluate dataset=time/coastal_t_s_h_part10 users=3 dates=5512 windows=33 removed_constant=0 L=336 H=48 stride=512
[2026-08-27 15:11:16,210][evaluation.evaluator][INFO] - artifacts ready run=/fssmall/home/h61084/codes/tsfm/outputs_selena/controls/time-coastal_t_s_h_part10/336_48/chronos2/none/raw/keep/run_0 mse=9.46929 nmse=0.814787 inference_seconds=0.194
2026-08-27 15:11:17 | configuration dataset=time/coastal_t_s_h_part10 L=336 H=48 model=chronos2 covariates=none instance_norm=false remove_constant=true seed=1 batch_size=64
[2026-08-27 15:11:20,325][data.dataset][INFO] - dataset config path=/fssmall/home/h61084/codes/datasets/time/coastal_t_s_h_part10/config.json applied_keys=['date_col', 'drop_users', 'target_cols']
[2026-08-27 15:11:20,346][evaluation.evaluator][INFO] - evaluate dataset=time/coastal_t_s_h_part10 users=3 dates=5512 windows=33 removed_constant=0 L=336 H=48 stride=512
[2026-08-27 15:11:26,056][evaluation.evaluator][INFO] - artifacts ready run=/fssmall/home/h61084/codes/tsfm/outputs_selena/controls/time-coastal_t_s_h_part10/336_48/chronos2/none/raw/remove/run_0 mse=9.46929 nmse=0.814787 inference_seconds=0.194
2026-08-27 15:11:27 | configuration dataset=time/coastal_t_s_h_part10 L=504 H=168 model=repeat covariates=none instance_norm=true remove_constant=false seed=1 batch_size=512
[2026-08-27 15:11:30,189][data.dataset][INFO] - dataset config path=/fssmall/home/h61084/codes/datasets/time/coastal_t_s_h_part10/config.json applied_keys=['date_col', 'drop_users', 'target_cols']
[2026-08-27 15:11:30,211][evaluation.evaluator][INFO] - evaluate dataset=time/coastal_t_s_h_part10 users=3 dates=5512 windows=30 removed_constant=0 L=504 H=168 stride=512
[2026-08-27 15:11:30,442][evaluation.evaluator][INFO] - artifacts ready run=/fssmall/home/h61084/codes/tsfm/outputs_selena/controls/time-coastal_t_s_h_part10/504_168/repeat/none/instance/keep/run_0 mse=20.781 nmse=14.5872 inference_seconds=0.020
2026-08-27 15:11:31 | configuration dataset=time/coastal_t_s_h_part10 L=504 H=168 model=repeat covariates=none instance_norm=true remove_constant=true seed=1 batch_size=512
[2026-08-27 15:11:34,266][data.dataset][INFO] - dataset config path=/fssmall/home/h61084/codes/datasets/time/coastal_t_s_h_part10/config.json applied_keys=['date_col', 'drop_users', 'target_cols']
[2026-08-27 15:11:34,286][evaluation.evaluator][INFO] - evaluate dataset=time/coastal_t_s_h_part10 users=3 dates=5512 windows=30 removed_constant=0 L=504 H=168 stride=512
[2026-08-27 15:11:34,513][evaluation.evaluator][INFO] - artifacts ready run=/fssmall/home/h61084/codes/tsfm/outputs_selena/controls/time-coastal_t_s_h_part10/504_168/repeat/none/instance/remove/run_0 mse=20.781 nmse=14.5872 inference_seconds=0.020
2026-08-27 15:11:35 | configuration dataset=time/coastal_t_s_h_part10 L=504 H=168 model=repeat covariates=none instance_norm=false remove_constant=false seed=1 batch_size=512
[2026-08-27 15:11:38,325][data.dataset][INFO] - dataset config path=/fssmall/home/h61084/codes/datasets/time/coastal_t_s_h_part10/config.json applied_keys=['date_col', 'drop_users', 'target_cols']
[2026-08-27 15:11:38,346][evaluation.evaluator][INFO] - evaluate dataset=time/coastal_t_s_h_part10 users=3 dates=5512 windows=30 removed_constant=0 L=504 H=168 stride=512
[2026-08-27 15:11:38,577][evaluation.evaluator][INFO] - artifacts ready run=/fssmall/home/h61084/codes/tsfm/outputs_selena/controls/time-coastal_t_s_h_part10/504_168/repeat/none/raw/keep/run_0 mse=20.781 nmse=14.5872 inference_seconds=0.000
2026-08-27 15:11:39 | configuration dataset=time/coastal_t_s_h_part10 L=504 H=168 model=repeat covariates=none instance_norm=false remove_constant=true seed=1 batch_size=512
[2026-08-27 15:11:42,436][data.dataset][INFO] - dataset config path=/fssmall/home/h61084/codes/datasets/time/coastal_t_s_h_part10/config.json applied_keys=['date_col', 'drop_users', 'target_cols']
[2026-08-27 15:11:42,457][evaluation.evaluator][INFO] - evaluate dataset=time/coastal_t_s_h_part10 users=3 dates=5512 windows=30 removed_constant=0 L=504 H=168 stride=512
[2026-08-27 15:11:42,676][evaluation.evaluator][INFO] - artifacts ready run=/fssmall/home/h61084/codes/tsfm/outputs_selena/controls/time-coastal_t_s_h_part10/504_168/repeat/none/raw/remove/run_0 mse=20.781 nmse=14.5872 inference_seconds=0.000
2026-08-27 15:11:43 | configuration dataset=time/coastal_t_s_h_part10 L=504 H=168 model=chronos2 covariates=none instance_norm=true remove_constant=false seed=1 batch_size=64
[2026-08-27 15:11:46,492][data.dataset][INFO] - dataset config path=/fssmall/home/h61084/codes/datasets/time/coastal_t_s_h_part10/config.json applied_keys=['date_col', 'drop_users', 'target_cols']
[2026-08-27 15:11:46,514][evaluation.evaluator][INFO] - evaluate dataset=time/coastal_t_s_h_part10 users=3 dates=5512 windows=30 removed_constant=0 L=504 H=168 stride=512
[2026-08-27 15:11:52,239][evaluation.evaluator][INFO] - artifacts ready run=/fssmall/home/h61084/codes/tsfm/outputs_selena/controls/time-coastal_t_s_h_part10/504_168/chronos2/none/instance/keep/run_0 mse=11.6302 nmse=13.8037 inference_seconds=0.193
2026-08-27 15:11:53 | configuration dataset=time/coastal_t_s_h_part10 L=504 H=168 model=chronos2 covariates=none instance_norm=true remove_constant=true seed=1 batch_size=64
[2026-08-27 15:11:56,381][data.dataset][INFO] - dataset config path=/fssmall/home/h61084/codes/datasets/time/coastal_t_s_h_part10/config.json applied_keys=['date_col', 'drop_users', 'target_cols']
[2026-08-27 15:11:56,402][evaluation.evaluator][INFO] - evaluate dataset=time/coastal_t_s_h_part10 users=3 dates=5512 windows=30 removed_constant=0 L=504 H=168 stride=512
[2026-08-27 15:12:02,060][evaluation.evaluator][INFO] - artifacts ready run=/fssmall/home/h61084/codes/tsfm/outputs_selena/controls/time-coastal_t_s_h_part10/504_168/chronos2/none/instance/remove/run_0 mse=11.6302 nmse=13.8037 inference_seconds=0.193
2026-08-27 15:12:03 | configuration dataset=time/coastal_t_s_h_part10 L=504 H=168 model=chronos2 covariates=none instance_norm=false remove_constant=false seed=1 batch_size=64
[2026-08-27 15:12:06,169][data.dataset][INFO] - dataset config path=/fssmall/home/h61084/codes/datasets/time/coastal_t_s_h_part10/config.json applied_keys=['date_col', 'drop_users', 'target_cols']
[2026-08-27 15:12:06,190][evaluation.evaluator][INFO] - evaluate dataset=time/coastal_t_s_h_part10 users=3 dates=5512 windows=30 removed_constant=0 L=504 H=168 stride=512
[2026-08-27 15:12:11,912][evaluation.evaluator][INFO] - artifacts ready run=/fssmall/home/h61084/codes/tsfm/outputs_selena/controls/time-coastal_t_s_h_part10/504_168/chronos2/none/raw/keep/run_0 mse=11.6302 nmse=13.8037 inference_seconds=0.194
2026-08-27 15:12:13 | configuration dataset=time/coastal_t_s_h_part10 L=504 H=168 model=chronos2 covariates=none instance_norm=false remove_constant=true seed=1 batch_size=64
[2026-08-27 15:12:16,091][data.dataset][INFO] - dataset config path=/fssmall/home/h61084/codes/datasets/time/coastal_t_s_h_part10/config.json applied_keys=['date_col', 'drop_users', 'target_cols']
[2026-08-27 15:12:16,111][evaluation.evaluator][INFO] - evaluate dataset=time/coastal_t_s_h_part10 users=3 dates=5512 windows=30 removed_constant=0 L=504 H=168 stride=512
[2026-08-27 15:12:21,812][evaluation.evaluator][INFO] - artifacts ready run=/fssmall/home/h61084/codes/tsfm/outputs_selena/controls/time-coastal_t_s_h_part10/504_168/chronos2/none/raw/remove/run_0 mse=11.6302 nmse=13.8037 inference_seconds=0.191
2026-08-27 15:12:23 | configuration dataset=time/coastal_t_s_h_part11 L=168 H=24 model=repeat covariates=none instance_norm=true remove_constant=false seed=1 batch_size=512
[2026-08-27 15:12:25,927][data.dataset][INFO] - dataset config path=/fssmall/home/h61084/codes/datasets/time/coastal_t_s_h_part11/config.json applied_keys=['date_col', 'drop_users', 'target_cols']
[2026-08-27 15:12:25,952][evaluation.evaluator][INFO] - evaluate dataset=time/coastal_t_s_h_part11 users=3 dates=8158 windows=48 removed_constant=0 L=168 H=24 stride=512
[2026-08-27 15:12:26,178][evaluation.evaluator][INFO] - artifacts ready run=/fssmall/home/h61084/codes/tsfm/outputs_selena/controls/time-coastal_t_s_h_part11/168_24/repeat/none/instance/keep/run_0 mse=0.0470663 nmse=1.36106 inference_seconds=0.020
2026-08-27 15:12:27 | configuration dataset=time/coastal_t_s_h_part11 L=168 H=24 model=repeat covariates=none instance_norm=true remove_constant=true seed=1 batch_size=512
[2026-08-27 15:12:29,993][data.dataset][INFO] - dataset config path=/fssmall/home/h61084/codes/datasets/time/coastal_t_s_h_part11/config.json applied_keys=['date_col', 'drop_users', 'target_cols']
[2026-08-27 15:12:30,014][evaluation.evaluator][INFO] - evaluate dataset=time/coastal_t_s_h_part11 users=3 dates=8158 windows=48 removed_constant=0 L=168 H=24 stride=512
[2026-08-27 15:12:30,242][evaluation.evaluator][INFO] - artifacts ready run=/fssmall/home/h61084/codes/tsfm/outputs_selena/controls/time-coastal_t_s_h_part11/168_24/repeat/none/instance/remove/run_0 mse=0.0470663 nmse=1.36106 inference_seconds=0.020
2026-08-27 15:12:31 | configuration dataset=time/coastal_t_s_h_part11 L=168 H=24 model=repeat covariates=none instance_norm=false remove_constant=false seed=1 batch_size=512
[2026-08-27 15:12:34,008][data.dataset][INFO] - dataset config path=/fssmall/home/h61084/codes/datasets/time/coastal_t_s_h_part11/config.json applied_keys=['date_col', 'drop_users', 'target_cols']
[2026-08-27 15:12:34,031][evaluation.evaluator][INFO] - evaluate dataset=time/coastal_t_s_h_part11 users=3 dates=8158 windows=48 removed_constant=0 L=168 H=24 stride=512
[2026-08-27 15:12:34,251][evaluation.evaluator][INFO] - artifacts ready run=/fssmall/home/h61084/codes/tsfm/outputs_selena/controls/time-coastal_t_s_h_part11/168_24/repeat/none/raw/keep/run_0 mse=0.0470663 nmse=1.36106 inference_seconds=0.000
2026-08-27 15:12:35 | configuration dataset=time/coastal_t_s_h_part11 L=168 H=24 model=repeat covariates=none instance_norm=false remove_constant=true seed=1 batch_size=512
[2026-08-27 15:12:38,052][data.dataset][INFO] - dataset config path=/fssmall/home/h61084/codes/datasets/time/coastal_t_s_h_part11/config.json applied_keys=['date_col', 'drop_users', 'target_cols']
[2026-08-27 15:12:38,078][evaluation.evaluator][INFO] - evaluate dataset=time/coastal_t_s_h_part11 users=3 dates=8158 windows=48 removed_constant=0 L=168 H=24 stride=512
[2026-08-27 15:12:38,298][evaluation.evaluator][INFO] - artifacts ready run=/fssmall/home/h61084/codes/tsfm/outputs_selena/controls/time-coastal_t_s_h_part11/168_24/repeat/none/raw/remove/run_0 mse=0.0470663 nmse=1.36106 inference_seconds=0.000
2026-08-27 15:12:39 | configuration dataset=time/coastal_t_s_h_part11 L=168 H=24 model=chronos2 covariates=none instance_norm=true remove_constant=false seed=1 batch_size=64
[2026-08-27 15:12:42,111][data.dataset][INFO] - dataset config path=/fssmall/home/h61084/codes/datasets/time/coastal_t_s_h_part11/config.json applied_keys=['date_col', 'drop_users', 'target_cols']
[2026-08-27 15:12:42,133][evaluation.evaluator][INFO] - evaluate dataset=time/coastal_t_s_h_part11 users=3 dates=8158 windows=48 removed_constant=0 L=168 H=24 stride=512
[2026-08-27 15:12:47,799][evaluation.evaluator][INFO] - artifacts ready run=/fssmall/home/h61084/codes/tsfm/outputs_selena/controls/time-coastal_t_s_h_part11/168_24/chronos2/none/instance/keep/run_0 mse=0.0312919 nmse=0.799144 inference_seconds=0.196
2026-08-27 15:12:49 | configuration dataset=time/coastal_t_s_h_part11 L=168 H=24 model=chronos2 covariates=none instance_norm=true remove_constant=true seed=1 batch_size=64
[2026-08-27 15:12:51,915][data.dataset][INFO] - dataset config path=/fssmall/home/h61084/codes/datasets/time/coastal_t_s_h_part11/config.json applied_keys=['date_col', 'drop_users', 'target_cols']
[2026-08-27 15:12:51,937][evaluation.evaluator][INFO] - evaluate dataset=time/coastal_t_s_h_part11 users=3 dates=8158 windows=48 removed_constant=0 L=168 H=24 stride=512
[2026-08-27 15:12:57,593][evaluation.evaluator][INFO] - artifacts ready run=/fssmall/home/h61084/codes/tsfm/outputs_selena/controls/time-coastal_t_s_h_part11/168_24/chronos2/none/instance/remove/run_0 mse=0.0312919 nmse=0.799144 inference_seconds=0.194
2026-08-27 15:12:59 | configuration dataset=time/coastal_t_s_h_part11 L=168 H=24 model=chronos2 covariates=none instance_norm=false remove_constant=false seed=1 batch_size=64
[2026-08-27 15:13:01,737][data.dataset][INFO] - dataset config path=/fssmall/home/h61084/codes/datasets/time/coastal_t_s_h_part11/config.json applied_keys=['date_col', 'drop_users', 'target_cols']
[2026-08-27 15:13:01,759][evaluation.evaluator][INFO] - evaluate dataset=time/coastal_t_s_h_part11 users=3 dates=8158 windows=48 removed_constant=0 L=168 H=24 stride=512
[2026-08-27 15:13:07,501][evaluation.evaluator][INFO] - artifacts ready run=/fssmall/home/h61084/codes/tsfm/outputs_selena/controls/time-coastal_t_s_h_part11/168_24/chronos2/none/raw/keep/run_0 mse=0.0312919 nmse=0.799143 inference_seconds=0.193
2026-08-27 15:13:09 | configuration dataset=time/coastal_t_s_h_part11 L=168 H=24 model=chronos2 covariates=none instance_norm=false remove_constant=true seed=1 batch_size=64
[2026-08-27 15:13:11,599][data.dataset][INFO] - dataset config path=/fssmall/home/h61084/codes/datasets/time/coastal_t_s_h_part11/config.json applied_keys=['date_col', 'drop_users', 'target_cols']
[2026-08-27 15:13:11,629][evaluation.evaluator][INFO] - evaluate dataset=time/coastal_t_s_h_part11 users=3 dates=8158 windows=48 removed_constant=0 L=168 H=24 stride=512
[2026-08-27 15:13:17,292][evaluation.evaluator][INFO] - artifacts ready run=/fssmall/home/h61084/codes/tsfm/outputs_selena/controls/time-coastal_t_s_h_part11/168_24/chronos2/none/raw/remove/run_0 mse=0.0312919 nmse=0.799143 inference_seconds=0.193
2026-08-27 15:13:18 | configuration dataset=time/coastal_t_s_h_part11 L=336 H=48 model=repeat covariates=none instance_norm=true remove_constant=false seed=1 batch_size=512
[2026-08-27 15:13:21,383][data.dataset][INFO] - dataset config path=/fssmall/home/h61084/codes/datasets/time/coastal_t_s_h_part11/config.json applied_keys=['date_col', 'drop_users', 'target_cols']
[2026-08-27 15:13:21,407][evaluation.evaluator][INFO] - evaluate dataset=time/coastal_t_s_h_part11 users=3 dates=8158 windows=48 removed_constant=0 L=336 H=48 stride=512
[2026-08-27 15:13:21,645][evaluation.evaluator][INFO] - artifacts ready run=/fssmall/home/h61084/codes/tsfm/outputs_selena/controls/time-coastal_t_s_h_part11/336_48/repeat/none/instance/keep/run_0 mse=0.0852187 nmse=1.9354 inference_seconds=0.019
2026-08-27 15:13:22 | configuration dataset=time/coastal_t_s_h_part11 L=336 H=48 model=repeat covariates=none instance_norm=true remove_constant=true seed=1 batch_size=512
[2026-08-27 15:13:25,472][data.dataset][INFO] - dataset config path=/fssmall/home/h61084/codes/datasets/time/coastal_t_s_h_part11/config.json applied_keys=['date_col', 'drop_users', 'target_cols']
[2026-08-27 15:13:25,494][evaluation.evaluator][INFO] - evaluate dataset=time/coastal_t_s_h_part11 users=3 dates=8158 windows=48 removed_constant=0 L=336 H=48 stride=512
[2026-08-27 15:13:25,719][evaluation.evaluator][INFO] - artifacts ready run=/fssmall/home/h61084/codes/tsfm/outputs_selena/controls/time-coastal_t_s_h_part11/336_48/repeat/none/instance/remove/run_0 mse=0.0852187 nmse=1.9354 inference_seconds=0.020
2026-08-27 15:13:26 | configuration dataset=time/coastal_t_s_h_part11 L=336 H=48 model=repeat covariates=none instance_norm=false remove_constant=false seed=1 batch_size=512
[2026-08-27 15:13:29,548][data.dataset][INFO] - dataset config path=/fssmall/home/h61084/codes/datasets/time/coastal_t_s_h_part11/config.json applied_keys=['date_col', 'drop_users', 'target_cols']
[2026-08-27 15:13:29,570][evaluation.evaluator][INFO] - evaluate dataset=time/coastal_t_s_h_part11 users=3 dates=8158 windows=48 removed_constant=0 L=336 H=48 stride=512
[2026-08-27 15:13:29,787][evaluation.evaluator][INFO] - artifacts ready run=/fssmall/home/h61084/codes/tsfm/outputs_selena/controls/time-coastal_t_s_h_part11/336_48/repeat/none/raw/keep/run_0 mse=0.0852187 nmse=1.9354 inference_seconds=0.000
2026-08-27 15:13:31 | configuration dataset=time/coastal_t_s_h_part11 L=336 H=48 model=repeat covariates=none instance_norm=false remove_constant=true seed=1 batch_size=512
[2026-08-27 15:13:33,560][data.dataset][INFO] - dataset config path=/fssmall/home/h61084/codes/datasets/time/coastal_t_s_h_part11/config.json applied_keys=['date_col', 'drop_users', 'target_cols']
[2026-08-27 15:13:33,582][evaluation.evaluator][INFO] - evaluate dataset=time/coastal_t_s_h_part11 users=3 dates=8158 windows=48 removed_constant=0 L=336 H=48 stride=512
[2026-08-27 15:13:33,809][evaluation.evaluator][INFO] - artifacts ready run=/fssmall/home/h61084/codes/tsfm/outputs_selena/controls/time-coastal_t_s_h_part11/336_48/repeat/none/raw/remove/run_0 mse=0.0852187 nmse=1.9354 inference_seconds=0.000
2026-08-27 15:13:35 | configuration dataset=time/coastal_t_s_h_part11 L=336 H=48 model=chronos2 covariates=none instance_norm=true remove_constant=false seed=1 batch_size=64
[2026-08-27 15:13:37,614][data.dataset][INFO] - dataset config path=/fssmall/home/h61084/codes/datasets/time/coastal_t_s_h_part11/config.json applied_keys=['date_col', 'drop_users', 'target_cols']
[2026-08-27 15:13:37,637][evaluation.evaluator][INFO] - evaluate dataset=time/coastal_t_s_h_part11 users=3 dates=8158 windows=48 removed_constant=0 L=336 H=48 stride=512
[2026-08-27 15:13:43,334][evaluation.evaluator][INFO] - artifacts ready run=/fssmall/home/h61084/codes/tsfm/outputs_selena/controls/time-coastal_t_s_h_part11/336_48/chronos2/none/instance/keep/run_0 mse=0.0364667 nmse=1.06855 inference_seconds=0.194
2026-08-27 15:13:44 | configuration dataset=time/coastal_t_s_h_part11 L=336 H=48 model=chronos2 covariates=none instance_norm=true remove_constant=true seed=1 batch_size=64
[2026-08-27 15:13:47,474][data.dataset][INFO] - dataset config path=/fssmall/home/h61084/codes/datasets/time/coastal_t_s_h_part11/config.json applied_keys=['date_col', 'drop_users', 'target_cols']
[2026-08-27 15:13:47,496][evaluation.evaluator][INFO] - evaluate dataset=time/coastal_t_s_h_part11 users=3 dates=8158 windows=48 removed_constant=0 L=336 H=48 stride=512
[2026-08-27 15:13:53,134][evaluation.evaluator][INFO] - artifacts ready run=/fssmall/home/h61084/codes/tsfm/outputs_selena/controls/time-coastal_t_s_h_part11/336_48/chronos2/none/instance/remove/run_0 mse=0.0364667 nmse=1.06855 inference_seconds=0.195
2026-08-27 15:13:54 | configuration dataset=time/coastal_t_s_h_part11 L=336 H=48 model=chronos2 covariates=none instance_norm=false remove_constant=false seed=1 batch_size=64
[2026-08-27 15:13:57,268][data.dataset][INFO] - dataset config path=/fssmall/home/h61084/codes/datasets/time/coastal_t_s_h_part11/config.json applied_keys=['date_col', 'drop_users', 'target_cols']
[2026-08-27 15:13:57,290][evaluation.evaluator][INFO] - evaluate dataset=time/coastal_t_s_h_part11 users=3 dates=8158 windows=48 removed_constant=0 L=336 H=48 stride=512
[2026-08-27 15:14:03,006][evaluation.evaluator][INFO] - artifacts ready run=/fssmall/home/h61084/codes/tsfm/outputs_selena/controls/time-coastal_t_s_h_part11/336_48/chronos2/none/raw/keep/run_0 mse=0.0364668 nmse=1.06855 inference_seconds=0.193
2026-08-27 15:14:04 | configuration dataset=time/coastal_t_s_h_part11 L=336 H=48 model=chronos2 covariates=none instance_norm=false remove_constant=true seed=1 batch_size=64
[2026-08-27 15:14:07,153][data.dataset][INFO] - dataset config path=/fssmall/home/h61084/codes/datasets/time/coastal_t_s_h_part11/config.json applied_keys=['date_col', 'drop_users', 'target_cols']
[2026-08-27 15:14:07,175][evaluation.evaluator][INFO] - evaluate dataset=time/coastal_t_s_h_part11 users=3 dates=8158 windows=48 removed_constant=0 L=336 H=48 stride=512
[2026-08-27 15:14:12,879][evaluation.evaluator][INFO] - artifacts ready run=/fssmall/home/h61084/codes/tsfm/outputs_selena/controls/time-coastal_t_s_h_part11/336_48/chronos2/none/raw/remove/run_0 mse=0.0364668 nmse=1.06855 inference_seconds=0.193
2026-08-27 15:14:14 | configuration dataset=time/coastal_t_s_h_part11 L=504 H=168 model=repeat covariates=none instance_norm=true remove_constant=false seed=1 batch_size=512
[2026-08-27 15:14:17,092][data.dataset][INFO] - dataset config path=/fssmall/home/h61084/codes/datasets/time/coastal_t_s_h_part11/config.json applied_keys=['date_col', 'drop_users', 'target_cols']
[2026-08-27 15:14:17,117][evaluation.evaluator][INFO] - evaluate dataset=time/coastal_t_s_h_part11 users=3 dates=8158 windows=45 removed_constant=0 L=504 H=168 stride=512
[2026-08-27 15:14:17,341][evaluation.evaluator][INFO] - artifacts ready run=/fssmall/home/h61084/codes/tsfm/outputs_selena/controls/time-coastal_t_s_h_part11/504_168/repeat/none/instance/keep/run_0 mse=0.258642 nmse=3.09159 inference_seconds=0.020
2026-08-27 15:14:18 | configuration dataset=time/coastal_t_s_h_part11 L=504 H=168 model=repeat covariates=none instance_norm=true remove_constant=true seed=1 batch_size=512
[2026-08-27 15:14:21,184][data.dataset][INFO] - dataset config path=/fssmall/home/h61084/codes/datasets/time/coastal_t_s_h_part11/config.json applied_keys=['date_col', 'drop_users', 'target_cols']
[2026-08-27 15:14:21,206][evaluation.evaluator][INFO] - evaluate dataset=time/coastal_t_s_h_part11 users=3 dates=8158 windows=45 removed_constant=0 L=504 H=168 stride=512
[2026-08-27 15:14:21,444][evaluation.evaluator][INFO] - artifacts ready run=/fssmall/home/h61084/codes/tsfm/outputs_selena/controls/time-coastal_t_s_h_part11/504_168/repeat/none/instance/remove/run_0 mse=0.258642 nmse=3.09159 inference_seconds=0.020
2026-08-27 15:14:22 | configuration dataset=time/coastal_t_s_h_part11 L=504 H=168 model=repeat covariates=none instance_norm=false remove_constant=false seed=1 batch_size=512
[2026-08-27 15:14:25,227][data.dataset][INFO] - dataset config path=/fssmall/home/h61084/codes/datasets/time/coastal_t_s_h_part11/config.json applied_keys=['date_col', 'drop_users', 'target_cols']
[2026-08-27 15:14:25,249][evaluation.evaluator][INFO] - evaluate dataset=time/coastal_t_s_h_part11 users=3 dates=8158 windows=45 removed_constant=0 L=504 H=168 stride=512
[2026-08-27 15:14:25,475][evaluation.evaluator][INFO] - artifacts ready run=/fssmall/home/h61084/codes/tsfm/outputs_selena/controls/time-coastal_t_s_h_part11/504_168/repeat/none/raw/keep/run_0 mse=0.258642 nmse=3.09159 inference_seconds=0.000
2026-08-27 15:14:26 | configuration dataset=time/coastal_t_s_h_part11 L=504 H=168 model=repeat covariates=none instance_norm=false remove_constant=true seed=1 batch_size=512
[2026-08-27 15:14:29,288][data.dataset][INFO] - dataset config path=/fssmall/home/h61084/codes/datasets/time/coastal_t_s_h_part11/config.json applied_keys=['date_col', 'drop_users', 'target_cols']
[2026-08-27 15:14:29,310][evaluation.evaluator][INFO] - evaluate dataset=time/coastal_t_s_h_part11 users=3 dates=8158 windows=45 removed_constant=0 L=504 H=168 stride=512
[2026-08-27 15:14:29,550][evaluation.evaluator][INFO] - artifacts ready run=/fssmall/home/h61084/codes/tsfm/outputs_selena/controls/time-coastal_t_s_h_part11/504_168/repeat/none/raw/remove/run_0 mse=0.258642 nmse=3.09159 inference_seconds=0.000
2026-08-27 15:14:30 | configuration dataset=time/coastal_t_s_h_part11 L=504 H=168 model=chronos2 covariates=none instance_norm=true remove_constant=false seed=1 batch_size=64
[2026-08-27 15:14:33,369][data.dataset][INFO] - dataset config path=/fssmall/home/h61084/codes/datasets/time/coastal_t_s_h_part11/config.json applied_keys=['date_col', 'drop_users', 'target_cols']
[2026-08-27 15:14:33,393][evaluation.evaluator][INFO] - evaluate dataset=time/coastal_t_s_h_part11 users=3 dates=8158 windows=45 removed_constant=0 L=504 H=168 stride=512
[2026-08-27 15:14:39,003][evaluation.evaluator][INFO] - artifacts ready run=/fssmall/home/h61084/codes/tsfm/outputs_selena/controls/time-coastal_t_s_h_part11/504_168/chronos2/none/instance/keep/run_0 mse=0.121939 nmse=2.01907 inference_seconds=0.194
2026-08-27 15:14:40 | configuration dataset=time/coastal_t_s_h_part11 L=504 H=168 model=chronos2 covariates=none instance_norm=true remove_constant=true seed=1 batch_size=64
[2026-08-27 15:14:43,205][data.dataset][INFO] - dataset config path=/fssmall/home/h61084/codes/datasets/time/coastal_t_s_h_part11/config.json applied_keys=['date_col', 'drop_users', 'target_cols']
[2026-08-27 15:14:43,227][evaluation.evaluator][INFO] - evaluate dataset=time/coastal_t_s_h_part11 users=3 dates=8158 windows=45 removed_constant=0 L=504 H=168 stride=512
[2026-08-27 15:14:48,908][evaluation.evaluator][INFO] - artifacts ready run=/fssmall/home/h61084/codes/tsfm/outputs_selena/controls/time-coastal_t_s_h_part11/504_168/chronos2/none/instance/remove/run_0 mse=0.121939 nmse=2.01907 inference_seconds=0.195
2026-08-27 15:14:50 | configuration dataset=time/coastal_t_s_h_part11 L=504 H=168 model=chronos2 covariates=none instance_norm=false remove_constant=false seed=1 batch_size=64
[2026-08-27 15:14:53,032][data.dataset][INFO] - dataset config path=/fssmall/home/h61084/codes/datasets/time/coastal_t_s_h_part11/config.json applied_keys=['date_col', 'drop_users', 'target_cols']
[2026-08-27 15:14:53,054][evaluation.evaluator][INFO] - evaluate dataset=time/coastal_t_s_h_part11 users=3 dates=8158 windows=45 removed_constant=0 L=504 H=168 stride=512
[2026-08-27 15:14:58,714][evaluation.evaluator][INFO] - artifacts ready run=/fssmall/home/h61084/codes/tsfm/outputs_selena/controls/time-coastal_t_s_h_part11/504_168/chronos2/none/raw/keep/run_0 mse=0.121939 nmse=2.01907 inference_seconds=0.195
2026-08-27 15:15:00 | configuration dataset=time/coastal_t_s_h_part11 L=504 H=168 model=chronos2 covariates=none instance_norm=false remove_constant=true seed=1 batch_size=64
[2026-08-27 15:15:02,844][data.dataset][INFO] - dataset config path=/fssmall/home/h61084/codes/datasets/time/coastal_t_s_h_part11/config.json applied_keys=['date_col', 'drop_users', 'target_cols']
[2026-08-27 15:15:02,866][evaluation.evaluator][INFO] - evaluate dataset=time/coastal_t_s_h_part11 users=3 dates=8158 windows=45 removed_constant=0 L=504 H=168 stride=512
[2026-08-27 15:15:08,514][evaluation.evaluator][INFO] - artifacts ready run=/fssmall/home/h61084/codes/tsfm/outputs_selena/controls/time-coastal_t_s_h_part11/504_168/chronos2/none/raw/remove/run_0 mse=0.121939 nmse=2.01907 inference_seconds=0.190
2026-08-27 15:15:10 | configuration dataset=time/coastal_t_s_h_part12 L=168 H=24 model=repeat covariates=none instance_norm=true remove_constant=false seed=1 batch_size=512
[2026-08-27 15:15:12,659][data.dataset][INFO] - dataset config path=/fssmall/home/h61084/codes/datasets/time/coastal_t_s_h_part12/config.json applied_keys=['date_col', 'drop_users', 'target_cols']
[2026-08-27 15:15:12,682][evaluation.evaluator][INFO] - evaluate dataset=time/coastal_t_s_h_part12 users=3 dates=4871 windows=30 removed_constant=0 L=168 H=24 stride=512
[2026-08-27 15:15:12,903][evaluation.evaluator][INFO] - artifacts ready run=/fssmall/home/h61084/codes/tsfm/outputs_selena/controls/time-coastal_t_s_h_part12/168_24/repeat/none/instance/keep/run_0 mse=20.8677 nmse=0.618437 inference_seconds=0.019
2026-08-27 15:15:14 | configuration dataset=time/coastal_t_s_h_part12 L=168 H=24 model=repeat covariates=none instance_norm=true remove_constant=true seed=1 batch_size=512
[2026-08-27 15:15:16,681][data.dataset][INFO] - dataset config path=/fssmall/home/h61084/codes/datasets/time/coastal_t_s_h_part12/config.json applied_keys=['date_col', 'drop_users', 'target_cols']
[2026-08-27 15:15:16,701][evaluation.evaluator][INFO] - evaluate dataset=time/coastal_t_s_h_part12 users=3 dates=4871 windows=30 removed_constant=0 L=168 H=24 stride=512
[2026-08-27 15:15:16,925][evaluation.evaluator][INFO] - artifacts ready run=/fssmall/home/h61084/codes/tsfm/outputs_selena/controls/time-coastal_t_s_h_part12/168_24/repeat/none/instance/remove/run_0 mse=20.8677 nmse=0.618437 inference_seconds=0.020
2026-08-27 15:15:18 | configuration dataset=time/coastal_t_s_h_part12 L=168 H=24 model=repeat covariates=none instance_norm=false remove_constant=false seed=1 batch_size=512
[2026-08-27 15:15:20,753][data.dataset][INFO] - dataset config path=/fssmall/home/h61084/codes/datasets/time/coastal_t_s_h_part12/config.json applied_keys=['date_col', 'drop_users', 'target_cols']
[2026-08-27 15:15:20,773][evaluation.evaluator][INFO] - evaluate dataset=time/coastal_t_s_h_part12 users=3 dates=4871 windows=30 removed_constant=0 L=168 H=24 stride=512
[2026-08-27 15:15:20,989][evaluation.evaluator][INFO] - artifacts ready run=/fssmall/home/h61084/codes/tsfm/outputs_selena/controls/time-coastal_t_s_h_part12/168_24/repeat/none/raw/keep/run_0 mse=20.8677 nmse=0.618437 inference_seconds=0.000
2026-08-27 15:15:22 | configuration dataset=time/coastal_t_s_h_part12 L=168 H=24 model=repeat covariates=none instance_norm=false remove_constant=true seed=1 batch_size=512
[2026-08-27 15:15:24,833][data.dataset][INFO] - dataset config path=/fssmall/home/h61084/codes/datasets/time/coastal_t_s_h_part12/config.json applied_keys=['date_col', 'drop_users', 'target_cols']
[2026-08-27 15:15:24,851][evaluation.evaluator][INFO] - evaluate dataset=time/coastal_t_s_h_part12 users=3 dates=4871 windows=30 removed_constant=0 L=168 H=24 stride=512
[2026-08-27 15:15:25,073][evaluation.evaluator][INFO] - artifacts ready run=/fssmall/home/h61084/codes/tsfm/outputs_selena/controls/time-coastal_t_s_h_part12/168_24/repeat/none/raw/remove/run_0 mse=20.8677 nmse=0.618437 inference_seconds=0.000
2026-08-27 15:15:26 | configuration dataset=time/coastal_t_s_h_part12 L=168 H=24 model=chronos2 covariates=none instance_norm=true remove_constant=false seed=1 batch_size=64
[2026-08-27 15:15:28,883][data.dataset][INFO] - dataset config path=/fssmall/home/h61084/codes/datasets/time/coastal_t_s_h_part12/config.json applied_keys=['date_col', 'drop_users', 'target_cols']
[2026-08-27 15:15:28,904][evaluation.evaluator][INFO] - evaluate dataset=time/coastal_t_s_h_part12 users=3 dates=4871 windows=30 removed_constant=0 L=168 H=24 stride=512
[2026-08-27 15:15:34,600][evaluation.evaluator][INFO] - artifacts ready run=/fssmall/home/h61084/codes/tsfm/outputs_selena/controls/time-coastal_t_s_h_part12/168_24/chronos2/none/instance/keep/run_0 mse=10.1183 nmse=0.457051 inference_seconds=0.190
2026-08-27 15:15:36 | configuration dataset=time/coastal_t_s_h_part12 L=168 H=24 model=chronos2 covariates=none instance_norm=true remove_constant=true seed=1 batch_size=64
[2026-08-27 15:15:38,794][data.dataset][INFO] - dataset config path=/fssmall/home/h61084/codes/datasets/time/coastal_t_s_h_part12/config.json applied_keys=['date_col', 'drop_users', 'target_cols']
[2026-08-27 15:15:38,815][evaluation.evaluator][INFO] - evaluate dataset=time/coastal_t_s_h_part12 users=3 dates=4871 windows=30 removed_constant=0 L=168 H=24 stride=512
[2026-08-27 15:15:44,530][evaluation.evaluator][INFO] - artifacts ready run=/fssmall/home/h61084/codes/tsfm/outputs_selena/controls/time-coastal_t_s_h_part12/168_24/chronos2/none/instance/remove/run_0 mse=10.1183 nmse=0.457051 inference_seconds=0.187
2026-08-27 15:15:46 | configuration dataset=time/coastal_t_s_h_part12 L=168 H=24 model=chronos2 covariates=none instance_norm=false remove_constant=false seed=1 batch_size=64
[2026-08-27 15:15:48,745][data.dataset][INFO] - dataset config path=/fssmall/home/h61084/codes/datasets/time/coastal_t_s_h_part12/config.json applied_keys=['date_col', 'drop_users', 'target_cols']
[2026-08-27 15:15:48,766][evaluation.evaluator][INFO] - evaluate dataset=time/coastal_t_s_h_part12 users=3 dates=4871 windows=30 removed_constant=0 L=168 H=24 stride=512
[2026-08-27 15:15:54,493][evaluation.evaluator][INFO] - artifacts ready run=/fssmall/home/h61084/codes/tsfm/outputs_selena/controls/time-coastal_t_s_h_part12/168_24/chronos2/none/raw/keep/run_0 mse=10.1183 nmse=0.457051 inference_seconds=0.191
2026-08-27 15:15:56 | configuration dataset=time/coastal_t_s_h_part12 L=168 H=24 model=chronos2 covariates=none instance_norm=false remove_constant=true seed=1 batch_size=64
[2026-08-27 15:15:58,616][data.dataset][INFO] - dataset config path=/fssmall/home/h61084/codes/datasets/time/coastal_t_s_h_part12/config.json applied_keys=['date_col', 'drop_users', 'target_cols']
[2026-08-27 15:15:58,636][evaluation.evaluator][INFO] - evaluate dataset=time/coastal_t_s_h_part12 users=3 dates=4871 windows=30 removed_constant=0 L=168 H=24 stride=512
[2026-08-27 15:16:04,316][evaluation.evaluator][INFO] - artifacts ready run=/fssmall/home/h61084/codes/tsfm/outputs_selena/controls/time-coastal_t_s_h_part12/168_24/chronos2/none/raw/remove/run_0 mse=10.1183 nmse=0.457051 inference_seconds=0.192
2026-08-27 15:16:05 | configuration dataset=time/coastal_t_s_h_part12 L=336 H=48 model=repeat covariates=none instance_norm=true remove_constant=false seed=1 batch_size=512
[2026-08-27 15:16:08,526][data.dataset][INFO] - dataset config path=/fssmall/home/h61084/codes/datasets/time/coastal_t_s_h_part12/config.json applied_keys=['date_col', 'drop_users', 'target_cols']
[2026-08-27 15:16:08,548][evaluation.evaluator][INFO] - evaluate dataset=time/coastal_t_s_h_part12 users=3 dates=4871 windows=27 removed_constant=0 L=336 H=48 stride=512
[2026-08-27 15:16:08,773][evaluation.evaluator][INFO] - artifacts ready run=/fssmall/home/h61084/codes/tsfm/outputs_selena/controls/time-coastal_t_s_h_part12/336_48/repeat/none/instance/keep/run_0 mse=0.42335 nmse=0.858219 inference_seconds=0.020
2026-08-27 15:16:10 | configuration dataset=time/coastal_t_s_h_part12 L=336 H=48 model=repeat covariates=none instance_norm=true remove_constant=true seed=1 batch_size=512
[2026-08-27 15:16:12,596][data.dataset][INFO] - dataset config path=/fssmall/home/h61084/codes/datasets/time/coastal_t_s_h_part12/config.json applied_keys=['date_col', 'drop_users', 'target_cols']
[2026-08-27 15:16:12,616][evaluation.evaluator][INFO] - evaluate dataset=time/coastal_t_s_h_part12 users=3 dates=4871 windows=27 removed_constant=0 L=336 H=48 stride=512
[2026-08-27 15:16:12,841][evaluation.evaluator][INFO] - artifacts ready run=/fssmall/home/h61084/codes/tsfm/outputs_selena/controls/time-coastal_t_s_h_part12/336_48/repeat/none/instance/remove/run_0 mse=0.42335 nmse=0.858219 inference_seconds=0.020
2026-08-27 15:16:14 | configuration dataset=time/coastal_t_s_h_part12 L=336 H=48 model=repeat covariates=none instance_norm=false remove_constant=false seed=1 batch_size=512
[2026-08-27 15:16:16,706][data.dataset][INFO] - dataset config path=/fssmall/home/h61084/codes/datasets/time/coastal_t_s_h_part12/config.json applied_keys=['date_col', 'drop_users', 'target_cols']
[2026-08-27 15:16:16,727][evaluation.evaluator][INFO] - evaluate dataset=time/coastal_t_s_h_part12 users=3 dates=4871 windows=27 removed_constant=0 L=336 H=48 stride=512
[2026-08-27 15:16:16,952][evaluation.evaluator][INFO] - artifacts ready run=/fssmall/home/h61084/codes/tsfm/outputs_selena/controls/time-coastal_t_s_h_part12/336_48/repeat/none/raw/keep/run_0 mse=0.42335 nmse=0.858219 inference_seconds=0.000
2026-08-27 15:16:18 | configuration dataset=time/coastal_t_s_h_part12 L=336 H=48 model=repeat covariates=none instance_norm=false remove_constant=true seed=1 batch_size=512
[2026-08-27 15:16:20,766][data.dataset][INFO] - dataset config path=/fssmall/home/h61084/codes/datasets/time/coastal_t_s_h_part12/config.json applied_keys=['date_col', 'drop_users', 'target_cols']
[2026-08-27 15:16:20,787][evaluation.evaluator][INFO] - evaluate dataset=time/coastal_t_s_h_part12 users=3 dates=4871 windows=27 removed_constant=0 L=336 H=48 stride=512
[2026-08-27 15:16:21,009][evaluation.evaluator][INFO] - artifacts ready run=/fssmall/home/h61084/codes/tsfm/outputs_selena/controls/time-coastal_t_s_h_part12/336_48/repeat/none/raw/remove/run_0 mse=0.42335 nmse=0.858219 inference_seconds=0.000
2026-08-27 15:16:22 | configuration dataset=time/coastal_t_s_h_part12 L=336 H=48 model=chronos2 covariates=none instance_norm=true remove_constant=false seed=1 batch_size=64
[2026-08-27 15:16:24,814][data.dataset][INFO] - dataset config path=/fssmall/home/h61084/codes/datasets/time/coastal_t_s_h_part12/config.json applied_keys=['date_col', 'drop_users', 'target_cols']
[2026-08-27 15:16:24,834][evaluation.evaluator][INFO] - evaluate dataset=time/coastal_t_s_h_part12 users=3 dates=4871 windows=27 removed_constant=0 L=336 H=48 stride=512
[2026-08-27 15:16:30,500][evaluation.evaluator][INFO] - artifacts ready run=/fssmall/home/h61084/codes/tsfm/outputs_selena/controls/time-coastal_t_s_h_part12/336_48/chronos2/none/instance/keep/run_0 mse=0.216347 nmse=0.348246 inference_seconds=0.192
2026-08-27 15:16:32 | configuration dataset=time/coastal_t_s_h_part12 L=336 H=48 model=chronos2 covariates=none instance_norm=true remove_constant=true seed=1 batch_size=64
[2026-08-27 15:16:34,651][data.dataset][INFO] - dataset config path=/fssmall/home/h61084/codes/datasets/time/coastal_t_s_h_part12/config.json applied_keys=['date_col', 'drop_users', 'target_cols']
[2026-08-27 15:16:34,672][evaluation.evaluator][INFO] - evaluate dataset=time/coastal_t_s_h_part12 users=3 dates=4871 windows=27 removed_constant=0 L=336 H=48 stride=512
[2026-08-27 15:16:40,334][evaluation.evaluator][INFO] - artifacts ready run=/fssmall/home/h61084/codes/tsfm/outputs_selena/controls/time-coastal_t_s_h_part12/336_48/chronos2/none/instance/remove/run_0 mse=0.216347 nmse=0.348246 inference_seconds=0.192
2026-08-27 15:16:41 | configuration dataset=time/coastal_t_s_h_part12 L=336 H=48 model=chronos2 covariates=none instance_norm=false remove_constant=false seed=1 batch_size=64
[2026-08-27 15:16:44,570][data.dataset][INFO] - dataset config path=/fssmall/home/h61084/codes/datasets/time/coastal_t_s_h_part12/config.json applied_keys=['date_col', 'drop_users', 'target_cols']
[2026-08-27 15:16:44,591][evaluation.evaluator][INFO] - evaluate dataset=time/coastal_t_s_h_part12 users=3 dates=4871 windows=27 removed_constant=0 L=336 H=48 stride=512
[2026-08-27 15:16:50,224][evaluation.evaluator][INFO] - artifacts ready run=/fssmall/home/h61084/codes/tsfm/outputs_selena/controls/time-coastal_t_s_h_part12/336_48/chronos2/none/raw/keep/run_0 mse=0.216347 nmse=0.348246 inference_seconds=0.193
2026-08-27 15:16:51 | configuration dataset=time/coastal_t_s_h_part12 L=336 H=48 model=chronos2 covariates=none instance_norm=false remove_constant=true seed=1 batch_size=64
[2026-08-27 15:16:54,389][data.dataset][INFO] - dataset config path=/fssmall/home/h61084/codes/datasets/time/coastal_t_s_h_part12/config.json applied_keys=['date_col', 'drop_users', 'target_cols']
[2026-08-27 15:16:54,410][evaluation.evaluator][INFO] - evaluate dataset=time/coastal_t_s_h_part12 users=3 dates=4871 windows=27 removed_constant=0 L=336 H=48 stride=512
[2026-08-27 15:17:00,103][evaluation.evaluator][INFO] - artifacts ready run=/fssmall/home/h61084/codes/tsfm/outputs_selena/controls/time-coastal_t_s_h_part12/336_48/chronos2/none/raw/remove/run_0 mse=0.216347 nmse=0.348246 inference_seconds=0.193
2026-08-27 15:17:01 | configuration dataset=time/coastal_t_s_h_part12 L=504 H=168 model=repeat covariates=none instance_norm=true remove_constant=false seed=1 batch_size=512
[2026-08-27 15:17:04,264][data.dataset][INFO] - dataset config path=/fssmall/home/h61084/codes/datasets/time/coastal_t_s_h_part12/config.json applied_keys=['date_col', 'drop_users', 'target_cols']
[2026-08-27 15:17:04,287][evaluation.evaluator][INFO] - evaluate dataset=time/coastal_t_s_h_part12 users=3 dates=4871 windows=27 removed_constant=0 L=504 H=168 stride=512
[2026-08-27 15:17:04,515][evaluation.evaluator][INFO] - artifacts ready run=/fssmall/home/h61084/codes/tsfm/outputs_selena/controls/time-coastal_t_s_h_part12/504_168/repeat/none/instance/keep/run_0 mse=112.678 nmse=3.38936 inference_seconds=0.020
2026-08-27 15:17:05 | configuration dataset=time/coastal_t_s_h_part12 L=504 H=168 model=repeat covariates=none instance_norm=true remove_constant=true seed=1 batch_size=512
[2026-08-27 15:17:08,410][data.dataset][INFO] - dataset config path=/fssmall/home/h61084/codes/datasets/time/coastal_t_s_h_part12/config.json applied_keys=['date_col', 'drop_users', 'target_cols']
[2026-08-27 15:17:08,430][evaluation.evaluator][INFO] - evaluate dataset=time/coastal_t_s_h_part12 users=3 dates=4871 windows=27 removed_constant=0 L=504 H=168 stride=512
[2026-08-27 15:17:08,660][evaluation.evaluator][INFO] - artifacts ready run=/fssmall/home/h61084/codes/tsfm/outputs_selena/controls/time-coastal_t_s_h_part12/504_168/repeat/none/instance/remove/run_0 mse=112.678 nmse=3.38936 inference_seconds=0.019
2026-08-27 15:17:09 | configuration dataset=time/coastal_t_s_h_part12 L=504 H=168 model=repeat covariates=none instance_norm=false remove_constant=false seed=1 batch_size=512
[2026-08-27 15:17:12,557][data.dataset][INFO] - dataset config path=/fssmall/home/h61084/codes/datasets/time/coastal_t_s_h_part12/config.json applied_keys=['date_col', 'drop_users', 'target_cols']
[2026-08-27 15:17:12,578][evaluation.evaluator][INFO] - evaluate dataset=time/coastal_t_s_h_part12 users=3 dates=4871 windows=27 removed_constant=0 L=504 H=168 stride=512
[2026-08-27 15:17:12,810][evaluation.evaluator][INFO] - artifacts ready run=/fssmall/home/h61084/codes/tsfm/outputs_selena/controls/time-coastal_t_s_h_part12/504_168/repeat/none/raw/keep/run_0 mse=112.678 nmse=3.38936 inference_seconds=0.000
2026-08-27 15:17:14 | configuration dataset=time/coastal_t_s_h_part12 L=504 H=168 model=repeat covariates=none instance_norm=false remove_constant=true seed=1 batch_size=512
[2026-08-27 15:17:16,679][data.dataset][INFO] - dataset config path=/fssmall/home/h61084/codes/datasets/time/coastal_t_s_h_part12/config.json applied_keys=['date_col', 'drop_users', 'target_cols']
[2026-08-27 15:17:16,699][evaluation.evaluator][INFO] - evaluate dataset=time/coastal_t_s_h_part12 users=3 dates=4871 windows=27 removed_constant=0 L=504 H=168 stride=512
[2026-08-27 15:17:16,937][evaluation.evaluator][INFO] - artifacts ready run=/fssmall/home/h61084/codes/tsfm/outputs_selena/controls/time-coastal_t_s_h_part12/504_168/repeat/none/raw/remove/run_0 mse=112.678 nmse=3.38936 inference_seconds=0.000
2026-08-27 15:17:18 | configuration dataset=time/coastal_t_s_h_part12 L=504 H=168 model=chronos2 covariates=none instance_norm=true remove_constant=false seed=1 batch_size=64
[2026-08-27 15:17:20,914][data.dataset][INFO] - dataset config path=/fssmall/home/h61084/codes/datasets/time/coastal_t_s_h_part12/config.json applied_keys=['date_col', 'drop_users', 'target_cols']
[2026-08-27 15:17:20,937][evaluation.evaluator][INFO] - evaluate dataset=time/coastal_t_s_h_part12 users=3 dates=4871 windows=27 removed_constant=0 L=504 H=168 stride=512
[2026-08-27 15:17:26,669][evaluation.evaluator][INFO] - artifacts ready run=/fssmall/home/h61084/codes/tsfm/outputs_selena/controls/time-coastal_t_s_h_part12/504_168/chronos2/none/instance/keep/run_0 mse=111.233 nmse=1.93668 inference_seconds=0.194
2026-08-27 15:17:28 | configuration dataset=time/coastal_t_s_h_part12 L=504 H=168 model=chronos2 covariates=none instance_norm=true remove_constant=true seed=1 batch_size=64
[2026-08-27 15:17:30,916][data.dataset][INFO] - dataset config path=/fssmall/home/h61084/codes/datasets/time/coastal_t_s_h_part12/config.json applied_keys=['date_col', 'drop_users', 'target_cols']
[2026-08-27 15:17:30,937][evaluation.evaluator][INFO] - evaluate dataset=time/coastal_t_s_h_part12 users=3 dates=4871 windows=27 removed_constant=0 L=504 H=168 stride=512
[2026-08-27 15:17:36,618][evaluation.evaluator][INFO] - artifacts ready run=/fssmall/home/h61084/codes/tsfm/outputs_selena/controls/time-coastal_t_s_h_part12/504_168/chronos2/none/instance/remove/run_0 mse=111.233 nmse=1.93668 inference_seconds=0.193
2026-08-27 15:17:38 | configuration dataset=time/coastal_t_s_h_part12 L=504 H=168 model=chronos2 covariates=none instance_norm=false remove_constant=false seed=1 batch_size=64
[2026-08-27 15:17:40,890][data.dataset][INFO] - dataset config path=/fssmall/home/h61084/codes/datasets/time/coastal_t_s_h_part12/config.json applied_keys=['date_col', 'drop_users', 'target_cols']
[2026-08-27 15:17:40,911][evaluation.evaluator][INFO] - evaluate dataset=time/coastal_t_s_h_part12 users=3 dates=4871 windows=27 removed_constant=0 L=504 H=168 stride=512
[2026-08-27 15:17:46,583][evaluation.evaluator][INFO] - artifacts ready run=/fssmall/home/h61084/codes/tsfm/outputs_selena/controls/time-coastal_t_s_h_part12/504_168/chronos2/none/raw/keep/run_0 mse=111.233 nmse=1.93668 inference_seconds=0.192
2026-08-27 15:17:48 | configuration dataset=time/coastal_t_s_h_part12 L=504 H=168 model=chronos2 covariates=none instance_norm=false remove_constant=true seed=1 batch_size=64
[2026-08-27 15:17:50,812][data.dataset][INFO] - dataset config path=/fssmall/home/h61084/codes/datasets/time/coastal_t_s_h_part12/config.json applied_keys=['date_col', 'drop_users', 'target_cols']
[2026-08-27 15:17:50,833][evaluation.evaluator][INFO] - evaluate dataset=time/coastal_t_s_h_part12 users=3 dates=4871 windows=27 removed_constant=0 L=504 H=168 stride=512
[2026-08-27 15:17:56,548][evaluation.evaluator][INFO] - artifacts ready run=/fssmall/home/h61084/codes/tsfm/outputs_selena/controls/time-coastal_t_s_h_part12/504_168/chronos2/none/raw/remove/run_0 mse=111.233 nmse=1.93668 inference_seconds=0.191
2026-08-27 15:17:58 | configuration dataset=time/coastal_t_s_h_part13 L=168 H=24 model=repeat covariates=none instance_norm=true remove_constant=false seed=1 batch_size=512
[2026-08-27 15:18:00,732][data.dataset][INFO] - dataset config path=/fssmall/home/h61084/codes/datasets/time/coastal_t_s_h_part13/config.json applied_keys=['date_col', 'drop_users', 'target_cols']
[2026-08-27 15:18:00,757][evaluation.evaluator][INFO] - evaluate dataset=time/coastal_t_s_h_part13 users=3 dates=4848 windows=30 removed_constant=0 L=168 H=24 stride=512
[2026-08-27 15:18:00,982][evaluation.evaluator][INFO] - artifacts ready run=/fssmall/home/h61084/codes/tsfm/outputs_selena/controls/time-coastal_t_s_h_part13/168_24/repeat/none/instance/keep/run_0 mse=34.5731 nmse=0.555187 inference_seconds=0.020
2026-08-27 15:18:02 | configuration dataset=time/coastal_t_s_h_part13 L=168 H=24 model=repeat covariates=none instance_norm=true remove_constant=true seed=1 batch_size=512
[2026-08-27 15:18:04,869][data.dataset][INFO] - dataset config path=/fssmall/home/h61084/codes/datasets/time/coastal_t_s_h_part13/config.json applied_keys=['date_col', 'drop_users', 'target_cols']
[2026-08-27 15:18:04,890][evaluation.evaluator][INFO] - evaluate dataset=time/coastal_t_s_h_part13 users=3 dates=4848 windows=30 removed_constant=0 L=168 H=24 stride=512
[2026-08-27 15:18:05,115][evaluation.evaluator][INFO] - artifacts ready run=/fssmall/home/h61084/codes/tsfm/outputs_selena/controls/time-coastal_t_s_h_part13/168_24/repeat/none/instance/remove/run_0 mse=34.5731 nmse=0.555187 inference_seconds=0.020
2026-08-27 15:18:06 | configuration dataset=time/coastal_t_s_h_part13 L=168 H=24 model=repeat covariates=none instance_norm=false remove_constant=false seed=1 batch_size=512
[2026-08-27 15:18:08,971][data.dataset][INFO] - dataset config path=/fssmall/home/h61084/codes/datasets/time/coastal_t_s_h_part13/config.json applied_keys=['date_col', 'drop_users', 'target_cols']
[2026-08-27 15:18:08,993][evaluation.evaluator][INFO] - evaluate dataset=time/coastal_t_s_h_part13 users=3 dates=4848 windows=30 removed_constant=0 L=168 H=24 stride=512
[2026-08-27 15:18:09,214][evaluation.evaluator][INFO] - artifacts ready run=/fssmall/home/h61084/codes/tsfm/outputs_selena/controls/time-coastal_t_s_h_part13/168_24/repeat/none/raw/keep/run_0 mse=34.5731 nmse=0.555187 inference_seconds=0.000
2026-08-27 15:18:10 | configuration dataset=time/coastal_t_s_h_part13 L=168 H=24 model=repeat covariates=none instance_norm=false remove_constant=true seed=1 batch_size=512
[2026-08-27 15:18:13,091][data.dataset][INFO] - dataset config path=/fssmall/home/h61084/codes/datasets/time/coastal_t_s_h_part13/config.json applied_keys=['date_col', 'drop_users', 'target_cols']
[2026-08-27 15:18:13,111][evaluation.evaluator][INFO] - evaluate dataset=time/coastal_t_s_h_part13 users=3 dates=4848 windows=30 removed_constant=0 L=168 H=24 stride=512
[2026-08-27 15:18:13,348][evaluation.evaluator][INFO] - artifacts ready run=/fssmall/home/h61084/codes/tsfm/outputs_selena/controls/time-coastal_t_s_h_part13/168_24/repeat/none/raw/remove/run_0 mse=34.5731 nmse=0.555187 inference_seconds=0.000
2026-08-27 15:18:14 | configuration dataset=time/coastal_t_s_h_part13 L=168 H=24 model=chronos2 covariates=none instance_norm=true remove_constant=false seed=1 batch_size=64
[2026-08-27 15:18:17,251][data.dataset][INFO] - dataset config path=/fssmall/home/h61084/codes/datasets/time/coastal_t_s_h_part13/config.json applied_keys=['date_col', 'drop_users', 'target_cols']
[2026-08-27 15:18:17,273][evaluation.evaluator][INFO] - evaluate dataset=time/coastal_t_s_h_part13 users=3 dates=4848 windows=30 removed_constant=0 L=168 H=24 stride=512
[2026-08-27 15:18:22,939][evaluation.evaluator][INFO] - artifacts ready run=/fssmall/home/h61084/codes/tsfm/outputs_selena/controls/time-coastal_t_s_h_part13/168_24/chronos2/none/instance/keep/run_0 mse=16.5826 nmse=0.295273 inference_seconds=0.194
2026-08-27 15:18:24 | configuration dataset=time/coastal_t_s_h_part13 L=168 H=24 model=chronos2 covariates=none instance_norm=true remove_constant=true seed=1 batch_size=64
[2026-08-27 15:18:27,187][data.dataset][INFO] - dataset config path=/fssmall/home/h61084/codes/datasets/time/coastal_t_s_h_part13/config.json applied_keys=['date_col', 'drop_users', 'target_cols']
[2026-08-27 15:18:27,207][evaluation.evaluator][INFO] - evaluate dataset=time/coastal_t_s_h_part13 users=3 dates=4848 windows=30 removed_constant=0 L=168 H=24 stride=512
[2026-08-27 15:18:32,912][evaluation.evaluator][INFO] - artifacts ready run=/fssmall/home/h61084/codes/tsfm/outputs_selena/controls/time-coastal_t_s_h_part13/168_24/chronos2/none/instance/remove/run_0 mse=16.5826 nmse=0.295273 inference_seconds=0.192
2026-08-27 15:18:34 | configuration dataset=time/coastal_t_s_h_part13 L=168 H=24 model=chronos2 covariates=none instance_norm=false remove_constant=false seed=1 batch_size=64
[2026-08-27 15:18:37,137][data.dataset][INFO] - dataset config path=/fssmall/home/h61084/codes/datasets/time/coastal_t_s_h_part13/config.json applied_keys=['date_col', 'drop_users', 'target_cols']
[2026-08-27 15:18:37,158][evaluation.evaluator][INFO] - evaluate dataset=time/coastal_t_s_h_part13 users=3 dates=4848 windows=30 removed_constant=0 L=168 H=24 stride=512
[2026-08-27 15:18:42,881][evaluation.evaluator][INFO] - artifacts ready run=/fssmall/home/h61084/codes/tsfm/outputs_selena/controls/time-coastal_t_s_h_part13/168_24/chronos2/none/raw/keep/run_0 mse=16.5826 nmse=0.295273 inference_seconds=0.190
2026-08-27 15:18:44 | configuration dataset=time/coastal_t_s_h_part13 L=168 H=24 model=chronos2 covariates=none instance_norm=false remove_constant=true seed=1 batch_size=64
[2026-08-27 15:18:47,046][data.dataset][INFO] - dataset config path=/fssmall/home/h61084/codes/datasets/time/coastal_t_s_h_part13/config.json applied_keys=['date_col', 'drop_users', 'target_cols']
[2026-08-27 15:18:47,067][evaluation.evaluator][INFO] - evaluate dataset=time/coastal_t_s_h_part13 users=3 dates=4848 windows=30 removed_constant=0 L=168 H=24 stride=512
[2026-08-27 15:18:52,657][evaluation.evaluator][INFO] - artifacts ready run=/fssmall/home/h61084/codes/tsfm/outputs_selena/controls/time-coastal_t_s_h_part13/168_24/chronos2/none/raw/remove/run_0 mse=16.5826 nmse=0.295273 inference_seconds=0.193
2026-08-27 15:18:54 | configuration dataset=time/coastal_t_s_h_part13 L=336 H=48 model=repeat covariates=none instance_norm=true remove_constant=false seed=1 batch_size=512
[2026-08-27 15:18:56,911][data.dataset][INFO] - dataset config path=/fssmall/home/h61084/codes/datasets/time/coastal_t_s_h_part13/config.json applied_keys=['date_col', 'drop_users', 'target_cols']
[2026-08-27 15:18:56,933][evaluation.evaluator][INFO] - evaluate dataset=time/coastal_t_s_h_part13 users=3 dates=4848 windows=27 removed_constant=0 L=336 H=48 stride=512
[2026-08-27 15:18:57,161][evaluation.evaluator][INFO] - artifacts ready run=/fssmall/home/h61084/codes/tsfm/outputs_selena/controls/time-coastal_t_s_h_part13/336_48/repeat/none/instance/keep/run_0 mse=2.09497 nmse=0.905624 inference_seconds=0.020
2026-08-27 15:18:58 | configuration dataset=time/coastal_t_s_h_part13 L=336 H=48 model=repeat covariates=none instance_norm=true remove_constant=true seed=1 batch_size=512
[2026-08-27 15:19:01,082][data.dataset][INFO] - dataset config path=/fssmall/home/h61084/codes/datasets/time/coastal_t_s_h_part13/config.json applied_keys=['date_col', 'drop_users', 'target_cols']
[2026-08-27 15:19:01,103][evaluation.evaluator][INFO] - evaluate dataset=time/coastal_t_s_h_part13 users=3 dates=4848 windows=27 removed_constant=0 L=336 H=48 stride=512
[2026-08-27 15:19:01,339][evaluation.evaluator][INFO] - artifacts ready run=/fssmall/home/h61084/codes/tsfm/outputs_selena/controls/time-coastal_t_s_h_part13/336_48/repeat/none/instance/remove/run_0 mse=2.09497 nmse=0.905624 inference_seconds=0.020
2026-08-27 15:19:02 | configuration dataset=time/coastal_t_s_h_part13 L=336 H=48 model=repeat covariates=none instance_norm=false remove_constant=false seed=1 batch_size=512
[2026-08-27 15:19:05,212][data.dataset][INFO] - dataset config path=/fssmall/home/h61084/codes/datasets/time/coastal_t_s_h_part13/config.json applied_keys=['date_col', 'drop_users', 'target_cols']
[2026-08-27 15:19:05,233][evaluation.evaluator][INFO] - evaluate dataset=time/coastal_t_s_h_part13 users=3 dates=4848 windows=27 removed_constant=0 L=336 H=48 stride=512
[2026-08-27 15:19:05,451][evaluation.evaluator][INFO] - artifacts ready run=/fssmall/home/h61084/codes/tsfm/outputs_selena/controls/time-coastal_t_s_h_part13/336_48/repeat/none/raw/keep/run_0 mse=2.09497 nmse=0.905624 inference_seconds=0.000
2026-08-27 15:19:06 | configuration dataset=time/coastal_t_s_h_part13 L=336 H=48 model=repeat covariates=none instance_norm=false remove_constant=true seed=1 batch_size=512
[2026-08-27 15:19:09,330][data.dataset][INFO] - dataset config path=/fssmall/home/h61084/codes/datasets/time/coastal_t_s_h_part13/config.json applied_keys=['date_col', 'drop_users', 'target_cols']
[2026-08-27 15:19:09,351][evaluation.evaluator][INFO] - evaluate dataset=time/coastal_t_s_h_part13 users=3 dates=4848 windows=27 removed_constant=0 L=336 H=48 stride=512
[2026-08-27 15:19:09,570][evaluation.evaluator][INFO] - artifacts ready run=/fssmall/home/h61084/codes/tsfm/outputs_selena/controls/time-coastal_t_s_h_part13/336_48/repeat/none/raw/remove/run_0 mse=2.09497 nmse=0.905624 inference_seconds=0.000
2026-08-27 15:19:10 | configuration dataset=time/coastal_t_s_h_part13 L=336 H=48 model=chronos2 covariates=none instance_norm=true remove_constant=false seed=1 batch_size=64
[2026-08-27 15:19:13,482][data.dataset][INFO] - dataset config path=/fssmall/home/h61084/codes/datasets/time/coastal_t_s_h_part13/config.json applied_keys=['date_col', 'drop_users', 'target_cols']
[2026-08-27 15:19:13,510][evaluation.evaluator][INFO] - evaluate dataset=time/coastal_t_s_h_part13 users=3 dates=4848 windows=27 removed_constant=0 L=336 H=48 stride=512
[2026-08-27 15:19:19,254][evaluation.evaluator][INFO] - artifacts ready run=/fssmall/home/h61084/codes/tsfm/outputs_selena/controls/time-coastal_t_s_h_part13/336_48/chronos2/none/instance/keep/run_0 mse=0.545136 nmse=0.309421 inference_seconds=0.197
2026-08-27 15:19:20 | configuration dataset=time/coastal_t_s_h_part13 L=336 H=48 model=chronos2 covariates=none instance_norm=true remove_constant=true seed=1 batch_size=64
[2026-08-27 15:19:23,491][data.dataset][INFO] - dataset config path=/fssmall/home/h61084/codes/datasets/time/coastal_t_s_h_part13/config.json applied_keys=['date_col', 'drop_users', 'target_cols']
[2026-08-27 15:19:23,512][evaluation.evaluator][INFO] - evaluate dataset=time/coastal_t_s_h_part13 users=3 dates=4848 windows=27 removed_constant=0 L=336 H=48 stride=512
[2026-08-27 15:19:29,217][evaluation.evaluator][INFO] - artifacts ready run=/fssmall/home/h61084/codes/tsfm/outputs_selena/controls/time-coastal_t_s_h_part13/336_48/chronos2/none/instance/remove/run_0 mse=0.545136 nmse=0.309421 inference_seconds=0.193
2026-08-27 15:19:30 | configuration dataset=time/coastal_t_s_h_part13 L=336 H=48 model=chronos2 covariates=none instance_norm=false remove_constant=false seed=1 batch_size=64
[2026-08-27 15:19:33,439][data.dataset][INFO] - dataset config path=/fssmall/home/h61084/codes/datasets/time/coastal_t_s_h_part13/config.json applied_keys=['date_col', 'drop_users', 'target_cols']
[2026-08-27 15:19:33,460][evaluation.evaluator][INFO] - evaluate dataset=time/coastal_t_s_h_part13 users=3 dates=4848 windows=27 removed_constant=0 L=336 H=48 stride=512
[2026-08-27 15:19:39,157][evaluation.evaluator][INFO] - artifacts ready run=/fssmall/home/h61084/codes/tsfm/outputs_selena/controls/time-coastal_t_s_h_part13/336_48/chronos2/none/raw/keep/run_0 mse=0.545136 nmse=0.30942 inference_seconds=0.189
2026-08-27 15:19:40 | configuration dataset=time/coastal_t_s_h_part13 L=336 H=48 model=chronos2 covariates=none instance_norm=false remove_constant=true seed=1 batch_size=64
[2026-08-27 15:19:43,468][data.dataset][INFO] - dataset config path=/fssmall/home/h61084/codes/datasets/time/coastal_t_s_h_part13/config.json applied_keys=['date_col', 'drop_users', 'target_cols']
[2026-08-27 15:19:43,489][evaluation.evaluator][INFO] - evaluate dataset=time/coastal_t_s_h_part13 users=3 dates=4848 windows=27 removed_constant=0 L=336 H=48 stride=512
[2026-08-27 15:19:49,246][evaluation.evaluator][INFO] - artifacts ready run=/fssmall/home/h61084/codes/tsfm/outputs_selena/controls/time-coastal_t_s_h_part13/336_48/chronos2/none/raw/remove/run_0 mse=0.545136 nmse=0.30942 inference_seconds=0.193
2026-08-27 15:19:50 | configuration dataset=time/coastal_t_s_h_part13 L=504 H=168 model=repeat covariates=none instance_norm=true remove_constant=false seed=1 batch_size=512
[2026-08-27 15:19:53,471][data.dataset][INFO] - dataset config path=/fssmall/home/h61084/codes/datasets/time/coastal_t_s_h_part13/config.json applied_keys=['date_col', 'drop_users', 'target_cols']
[2026-08-27 15:19:53,493][evaluation.evaluator][INFO] - evaluate dataset=time/coastal_t_s_h_part13 users=3 dates=4848 windows=27 removed_constant=0 L=504 H=168 stride=512
[2026-08-27 15:19:53,713][evaluation.evaluator][INFO] - artifacts ready run=/fssmall/home/h61084/codes/tsfm/outputs_selena/controls/time-coastal_t_s_h_part13/504_168/repeat/none/instance/keep/run_0 mse=8.59946 nmse=2.75041 inference_seconds=0.020
2026-08-27 15:19:55 | configuration dataset=time/coastal_t_s_h_part13 L=504 H=168 model=repeat covariates=none instance_norm=true remove_constant=true seed=1 batch_size=512
[2026-08-27 15:19:57,709][data.dataset][INFO] - dataset config path=/fssmall/home/h61084/codes/datasets/time/coastal_t_s_h_part13/config.json applied_keys=['date_col', 'drop_users', 'target_cols']
[2026-08-27 15:19:57,727][evaluation.evaluator][INFO] - evaluate dataset=time/coastal_t_s_h_part13 users=3 dates=4848 windows=27 removed_constant=0 L=504 H=168 stride=512
[2026-08-27 15:19:57,954][evaluation.evaluator][INFO] - artifacts ready run=/fssmall/home/h61084/codes/tsfm/outputs_selena/controls/time-coastal_t_s_h_part13/504_168/repeat/none/instance/remove/run_0 mse=8.59946 nmse=2.75041 inference_seconds=0.020
2026-08-27 15:19:59 | configuration dataset=time/coastal_t_s_h_part13 L=504 H=168 model=repeat covariates=none instance_norm=false remove_constant=false seed=1 batch_size=512
[2026-08-27 15:20:01,816][data.dataset][INFO] - dataset config path=/fssmall/home/h61084/codes/datasets/time/coastal_t_s_h_part13/config.json applied_keys=['date_col', 'drop_users', 'target_cols']
[2026-08-27 15:20:01,837][evaluation.evaluator][INFO] - evaluate dataset=time/coastal_t_s_h_part13 users=3 dates=4848 windows=27 removed_constant=0 L=504 H=168 stride=512
[2026-08-27 15:20:02,058][evaluation.evaluator][INFO] - artifacts ready run=/fssmall/home/h61084/codes/tsfm/outputs_selena/controls/time-coastal_t_s_h_part13/504_168/repeat/none/raw/keep/run_0 mse=8.59946 nmse=2.75041 inference_seconds=0.000
2026-08-27 15:20:03 | configuration dataset=time/coastal_t_s_h_part13 L=504 H=168 model=repeat covariates=none instance_norm=false remove_constant=true seed=1 batch_size=512
[2026-08-27 15:20:05,974][data.dataset][INFO] - dataset config path=/fssmall/home/h61084/codes/datasets/time/coastal_t_s_h_part13/config.json applied_keys=['date_col', 'drop_users', 'target_cols']
[2026-08-27 15:20:05,995][evaluation.evaluator][INFO] - evaluate dataset=time/coastal_t_s_h_part13 users=3 dates=4848 windows=27 removed_constant=0 L=504 H=168 stride=512
[2026-08-27 15:20:06,212][evaluation.evaluator][INFO] - artifacts ready run=/fssmall/home/h61084/codes/tsfm/outputs_selena/controls/time-coastal_t_s_h_part13/504_168/repeat/none/raw/remove/run_0 mse=8.59946 nmse=2.75041 inference_seconds=0.000
2026-08-27 15:20:07 | configuration dataset=time/coastal_t_s_h_part13 L=504 H=168 model=chronos2 covariates=none instance_norm=true remove_constant=false seed=1 batch_size=64
[2026-08-27 15:20:10,095][data.dataset][INFO] - dataset config path=/fssmall/home/h61084/codes/datasets/time/coastal_t_s_h_part13/config.json applied_keys=['date_col', 'drop_users', 'target_cols']
[2026-08-27 15:20:10,117][evaluation.evaluator][INFO] - evaluate dataset=time/coastal_t_s_h_part13 users=3 dates=4848 windows=27 removed_constant=0 L=504 H=168 stride=512
[2026-08-27 15:20:15,783][evaluation.evaluator][INFO] - artifacts ready run=/fssmall/home/h61084/codes/tsfm/outputs_selena/controls/time-coastal_t_s_h_part13/504_168/chronos2/none/instance/keep/run_0 mse=1.26186 nmse=0.681391 inference_seconds=0.192
2026-08-27 15:20:17 | configuration dataset=time/coastal_t_s_h_part13 L=504 H=168 model=chronos2 covariates=none instance_norm=true remove_constant=true seed=1 batch_size=64
[2026-08-27 15:20:20,011][data.dataset][INFO] - dataset config path=/fssmall/home/h61084/codes/datasets/time/coastal_t_s_h_part13/config.json applied_keys=['date_col', 'drop_users', 'target_cols']
[2026-08-27 15:20:20,032][evaluation.evaluator][INFO] - evaluate dataset=time/coastal_t_s_h_part13 users=3 dates=4848 windows=27 removed_constant=0 L=504 H=168 stride=512
[2026-08-27 15:20:25,766][evaluation.evaluator][INFO] - artifacts ready run=/fssmall/home/h61084/codes/tsfm/outputs_selena/controls/time-coastal_t_s_h_part13/504_168/chronos2/none/instance/remove/run_0 mse=1.26186 nmse=0.681391 inference_seconds=0.196
2026-08-27 15:20:27 | configuration dataset=time/coastal_t_s_h_part13 L=504 H=168 model=chronos2 covariates=none instance_norm=false remove_constant=false seed=1 batch_size=64
[2026-08-27 15:20:30,038][data.dataset][INFO] - dataset config path=/fssmall/home/h61084/codes/datasets/time/coastal_t_s_h_part13/config.json applied_keys=['date_col', 'drop_users', 'target_cols']
[2026-08-27 15:20:30,060][evaluation.evaluator][INFO] - evaluate dataset=time/coastal_t_s_h_part13 users=3 dates=4848 windows=27 removed_constant=0 L=504 H=168 stride=512
[2026-08-27 15:20:35,760][evaluation.evaluator][INFO] - artifacts ready run=/fssmall/home/h61084/codes/tsfm/outputs_selena/controls/time-coastal_t_s_h_part13/504_168/chronos2/none/raw/keep/run_0 mse=1.26186 nmse=0.681392 inference_seconds=0.194
2026-08-27 15:20:37 | configuration dataset=time/coastal_t_s_h_part13 L=504 H=168 model=chronos2 covariates=none instance_norm=false remove_constant=true seed=1 batch_size=64
[2026-08-27 15:20:40,092][data.dataset][INFO] - dataset config path=/fssmall/home/h61084/codes/datasets/time/coastal_t_s_h_part13/config.json applied_keys=['date_col', 'drop_users', 'target_cols']
[2026-08-27 15:20:40,113][evaluation.evaluator][INFO] - evaluate dataset=time/coastal_t_s_h_part13 users=3 dates=4848 windows=27 removed_constant=0 L=504 H=168 stride=512
[2026-08-27 15:20:45,744][evaluation.evaluator][INFO] - artifacts ready run=/fssmall/home/h61084/codes/tsfm/outputs_selena/controls/time-coastal_t_s_h_part13/504_168/chronos2/none/raw/remove/run_0 mse=1.26186 nmse=0.681392 inference_seconds=0.192
2026-08-27 15:20:47 | configuration dataset=time/coastal_t_s_h_part14 L=168 H=24 model=repeat covariates=none instance_norm=true remove_constant=false seed=1 batch_size=512
[2026-08-27 15:20:49,991][data.dataset][INFO] - dataset config path=/fssmall/home/h61084/codes/datasets/time/coastal_t_s_h_part14/config.json applied_keys=['date_col', 'drop_users', 'target_cols']
[2026-08-27 15:20:50,014][evaluation.evaluator][INFO] - evaluate dataset=time/coastal_t_s_h_part14 users=3 dates=4829 windows=30 removed_constant=0 L=168 H=24 stride=512
[2026-08-27 15:20:50,252][evaluation.evaluator][INFO] - artifacts ready run=/fssmall/home/h61084/codes/tsfm/outputs_selena/controls/time-coastal_t_s_h_part14/168_24/repeat/none/instance/keep/run_0 mse=19.8327 nmse=1.53667 inference_seconds=0.020
2026-08-27 15:20:51 | configuration dataset=time/coastal_t_s_h_part14 L=168 H=24 model=repeat covariates=none instance_norm=true remove_constant=true seed=1 batch_size=512
[2026-08-27 15:20:54,216][data.dataset][INFO] - dataset config path=/fssmall/home/h61084/codes/datasets/time/coastal_t_s_h_part14/config.json applied_keys=['date_col', 'drop_users', 'target_cols']
[2026-08-27 15:20:54,237][evaluation.evaluator][INFO] - evaluate dataset=time/coastal_t_s_h_part14 users=3 dates=4829 windows=30 removed_constant=0 L=168 H=24 stride=512
[2026-08-27 15:20:54,457][evaluation.evaluator][INFO] - artifacts ready run=/fssmall/home/h61084/codes/tsfm/outputs_selena/controls/time-coastal_t_s_h_part14/168_24/repeat/none/instance/remove/run_0 mse=19.8327 nmse=1.53667 inference_seconds=0.020
2026-08-27 15:20:55 | configuration dataset=time/coastal_t_s_h_part14 L=168 H=24 model=repeat covariates=none instance_norm=false remove_constant=false seed=1 batch_size=512
[2026-08-27 15:20:58,312][data.dataset][INFO] - dataset config path=/fssmall/home/h61084/codes/datasets/time/coastal_t_s_h_part14/config.json applied_keys=['date_col', 'drop_users', 'target_cols']
[2026-08-27 15:20:58,333][evaluation.evaluator][INFO] - evaluate dataset=time/coastal_t_s_h_part14 users=3 dates=4829 windows=30 removed_constant=0 L=168 H=24 stride=512
[2026-08-27 15:20:58,547][evaluation.evaluator][INFO] - artifacts ready run=/fssmall/home/h61084/codes/tsfm/outputs_selena/controls/time-coastal_t_s_h_part14/168_24/repeat/none/raw/keep/run_0 mse=19.8327 nmse=1.53667 inference_seconds=0.000
2026-08-27 15:20:59 | configuration dataset=time/coastal_t_s_h_part14 L=168 H=24 model=repeat covariates=none instance_norm=false remove_constant=true seed=1 batch_size=512
[2026-08-27 15:21:02,429][data.dataset][INFO] - dataset config path=/fssmall/home/h61084/codes/datasets/time/coastal_t_s_h_part14/config.json applied_keys=['date_col', 'drop_users', 'target_cols']
[2026-08-27 15:21:02,450][evaluation.evaluator][INFO] - evaluate dataset=time/coastal_t_s_h_part14 users=3 dates=4829 windows=30 removed_constant=0 L=168 H=24 stride=512
[2026-08-27 15:21:02,672][evaluation.evaluator][INFO] - artifacts ready run=/fssmall/home/h61084/codes/tsfm/outputs_selena/controls/time-coastal_t_s_h_part14/168_24/repeat/none/raw/remove/run_0 mse=19.8327 nmse=1.53667 inference_seconds=0.000
2026-08-27 15:21:04 | configuration dataset=time/coastal_t_s_h_part14 L=168 H=24 model=chronos2 covariates=none instance_norm=true remove_constant=false seed=1 batch_size=64
[2026-08-27 15:21:06,602][data.dataset][INFO] - dataset config path=/fssmall/home/h61084/codes/datasets/time/coastal_t_s_h_part14/config.json applied_keys=['date_col', 'drop_users', 'target_cols']
[2026-08-27 15:21:06,624][evaluation.evaluator][INFO] - evaluate dataset=time/coastal_t_s_h_part14 users=3 dates=4829 windows=30 removed_constant=0 L=168 H=24 stride=512
[2026-08-27 15:21:12,334][evaluation.evaluator][INFO] - artifacts ready run=/fssmall/home/h61084/codes/tsfm/outputs_selena/controls/time-coastal_t_s_h_part14/168_24/chronos2/none/instance/keep/run_0 mse=9.03122 nmse=0.995471 inference_seconds=0.193
2026-08-27 15:21:14 | configuration dataset=time/coastal_t_s_h_part14 L=168 H=24 model=chronos2 covariates=none instance_norm=true remove_constant=true seed=1 batch_size=64
[2026-08-27 15:21:16,572][data.dataset][INFO] - dataset config path=/fssmall/home/h61084/codes/datasets/time/coastal_t_s_h_part14/config.json applied_keys=['date_col', 'drop_users', 'target_cols']
[2026-08-27 15:21:16,592][evaluation.evaluator][INFO] - evaluate dataset=time/coastal_t_s_h_part14 users=3 dates=4829 windows=30 removed_constant=0 L=168 H=24 stride=512
[2026-08-27 15:21:22,249][evaluation.evaluator][INFO] - artifacts ready run=/fssmall/home/h61084/codes/tsfm/outputs_selena/controls/time-coastal_t_s_h_part14/168_24/chronos2/none/instance/remove/run_0 mse=9.03122 nmse=0.995471 inference_seconds=0.190
2026-08-27 15:21:23 | configuration dataset=time/coastal_t_s_h_part14 L=168 H=24 model=chronos2 covariates=none instance_norm=false remove_constant=false seed=1 batch_size=64
[2026-08-27 15:21:26,507][data.dataset][INFO] - dataset config path=/fssmall/home/h61084/codes/datasets/time/coastal_t_s_h_part14/config.json applied_keys=['date_col', 'drop_users', 'target_cols']
[2026-08-27 15:21:26,528][evaluation.evaluator][INFO] - evaluate dataset=time/coastal_t_s_h_part14 users=3 dates=4829 windows=30 removed_constant=0 L=168 H=24 stride=512
[2026-08-27 15:21:32,209][evaluation.evaluator][INFO] - artifacts ready run=/fssmall/home/h61084/codes/tsfm/outputs_selena/controls/time-coastal_t_s_h_part14/168_24/chronos2/none/raw/keep/run_0 mse=9.03122 nmse=0.995474 inference_seconds=0.197
2026-08-27 15:21:33 | configuration dataset=time/coastal_t_s_h_part14 L=168 H=24 model=chronos2 covariates=none instance_norm=false remove_constant=true seed=1 batch_size=64
[2026-08-27 15:21:36,453][data.dataset][INFO] - dataset config path=/fssmall/home/h61084/codes/datasets/time/coastal_t_s_h_part14/config.json applied_keys=['date_col', 'drop_users', 'target_cols']
[2026-08-27 15:21:36,473][evaluation.evaluator][INFO] - evaluate dataset=time/coastal_t_s_h_part14 users=3 dates=4829 windows=30 removed_constant=0 L=168 H=24 stride=512
[2026-08-27 15:21:42,097][evaluation.evaluator][INFO] - artifacts ready run=/fssmall/home/h61084/codes/tsfm/outputs_selena/controls/time-coastal_t_s_h_part14/168_24/chronos2/none/raw/remove/run_0 mse=9.03122 nmse=0.995474 inference_seconds=0.193
2026-08-27 15:21:43 | configuration dataset=time/coastal_t_s_h_part14 L=336 H=48 model=repeat covariates=none instance_norm=true remove_constant=false seed=1 batch_size=512
[2026-08-27 15:21:46,402][data.dataset][INFO] - dataset config path=/fssmall/home/h61084/codes/datasets/time/coastal_t_s_h_part14/config.json applied_keys=['date_col', 'drop_users', 'target_cols']
[2026-08-27 15:21:46,424][evaluation.evaluator][INFO] - evaluate dataset=time/coastal_t_s_h_part14 users=3 dates=4829 windows=27 removed_constant=0 L=336 H=48 stride=512
[2026-08-27 15:21:46,646][evaluation.evaluator][INFO] - artifacts ready run=/fssmall/home/h61084/codes/tsfm/outputs_selena/controls/time-coastal_t_s_h_part14/336_48/repeat/none/instance/keep/run_0 mse=686.987 nmse=2412.38 inference_seconds=0.020
2026-08-27 15:21:48 | configuration dataset=time/coastal_t_s_h_part14 L=336 H=48 model=repeat covariates=none instance_norm=true remove_constant=true seed=1 batch_size=512
[2026-08-27 15:21:50,567][data.dataset][INFO] - dataset config path=/fssmall/home/h61084/codes/datasets/time/coastal_t_s_h_part14/config.json applied_keys=['date_col', 'drop_users', 'target_cols']
[2026-08-27 15:21:50,587][evaluation.evaluator][INFO] - evaluate dataset=time/coastal_t_s_h_part14 users=3 dates=4829 windows=27 removed_constant=0 L=336 H=48 stride=512
[2026-08-27 15:21:50,814][evaluation.evaluator][INFO] - artifacts ready run=/fssmall/home/h61084/codes/tsfm/outputs_selena/controls/time-coastal_t_s_h_part14/336_48/repeat/none/instance/remove/run_0 mse=686.987 nmse=2412.38 inference_seconds=0.020
2026-08-27 15:21:52 | configuration dataset=time/coastal_t_s_h_part14 L=336 H=48 model=repeat covariates=none instance_norm=false remove_constant=false seed=1 batch_size=512
[2026-08-27 15:21:54,767][data.dataset][INFO] - dataset config path=/fssmall/home/h61084/codes/datasets/time/coastal_t_s_h_part14/config.json applied_keys=['date_col', 'drop_users', 'target_cols']
[2026-08-27 15:21:54,787][evaluation.evaluator][INFO] - evaluate dataset=time/coastal_t_s_h_part14 users=3 dates=4829 windows=27 removed_constant=0 L=336 H=48 stride=512
[2026-08-27 15:21:55,008][evaluation.evaluator][INFO] - artifacts ready run=/fssmall/home/h61084/codes/tsfm/outputs_selena/controls/time-coastal_t_s_h_part14/336_48/repeat/none/raw/keep/run_0 mse=686.987 nmse=2412.38 inference_seconds=0.000
2026-08-27 15:21:56 | configuration dataset=time/coastal_t_s_h_part14 L=336 H=48 model=repeat covariates=none instance_norm=false remove_constant=true seed=1 batch_size=512
[2026-08-27 15:21:58,908][data.dataset][INFO] - dataset config path=/fssmall/home/h61084/codes/datasets/time/coastal_t_s_h_part14/config.json applied_keys=['date_col', 'drop_users', 'target_cols']
[2026-08-27 15:21:58,928][evaluation.evaluator][INFO] - evaluate dataset=time/coastal_t_s_h_part14 users=3 dates=4829 windows=27 removed_constant=0 L=336 H=48 stride=512
[2026-08-27 15:21:59,152][evaluation.evaluator][INFO] - artifacts ready run=/fssmall/home/h61084/codes/tsfm/outputs_selena/controls/time-coastal_t_s_h_part14/336_48/repeat/none/raw/remove/run_0 mse=686.987 nmse=2412.38 inference_seconds=0.000
2026-08-27 15:22:00 | configuration dataset=time/coastal_t_s_h_part14 L=336 H=48 model=chronos2 covariates=none instance_norm=true remove_constant=false seed=1 batch_size=64
[2026-08-27 15:22:03,121][data.dataset][INFO] - dataset config path=/fssmall/home/h61084/codes/datasets/time/coastal_t_s_h_part14/config.json applied_keys=['date_col', 'drop_users', 'target_cols']
[2026-08-27 15:22:03,143][evaluation.evaluator][INFO] - evaluate dataset=time/coastal_t_s_h_part14 users=3 dates=4829 windows=27 removed_constant=0 L=336 H=48 stride=512
[2026-08-27 15:22:08,798][evaluation.evaluator][INFO] - artifacts ready run=/fssmall/home/h61084/codes/tsfm/outputs_selena/controls/time-coastal_t_s_h_part14/336_48/chronos2/none/instance/keep/run_0 mse=611.927 nmse=2412.19 inference_seconds=0.191
2026-08-27 15:22:10 | configuration dataset=time/coastal_t_s_h_part14 L=336 H=48 model=chronos2 covariates=none instance_norm=true remove_constant=true seed=1 batch_size=64
[2026-08-27 15:22:13,107][data.dataset][INFO] - dataset config path=/fssmall/home/h61084/codes/datasets/time/coastal_t_s_h_part14/config.json applied_keys=['date_col', 'drop_users', 'target_cols']
[2026-08-27 15:22:13,127][evaluation.evaluator][INFO] - evaluate dataset=time/coastal_t_s_h_part14 users=3 dates=4829 windows=27 removed_constant=0 L=336 H=48 stride=512
[2026-08-27 15:22:18,728][evaluation.evaluator][INFO] - artifacts ready run=/fssmall/home/h61084/codes/tsfm/outputs_selena/controls/time-coastal_t_s_h_part14/336_48/chronos2/none/instance/remove/run_0 mse=611.927 nmse=2412.19 inference_seconds=0.193
2026-08-27 15:22:20 | configuration dataset=time/coastal_t_s_h_part14 L=336 H=48 model=chronos2 covariates=none instance_norm=false remove_constant=false seed=1 batch_size=64
[2026-08-27 15:22:22,967][data.dataset][INFO] - dataset config path=/fssmall/home/h61084/codes/datasets/time/coastal_t_s_h_part14/config.json applied_keys=['date_col', 'drop_users', 'target_cols']
[2026-08-27 15:22:22,989][evaluation.evaluator][INFO] - evaluate dataset=time/coastal_t_s_h_part14 users=3 dates=4829 windows=27 removed_constant=0 L=336 H=48 stride=512
[2026-08-27 15:22:28,617][evaluation.evaluator][INFO] - artifacts ready run=/fssmall/home/h61084/codes/tsfm/outputs_selena/controls/time-coastal_t_s_h_part14/336_48/chronos2/none/raw/keep/run_0 mse=611.927 nmse=2412.19 inference_seconds=0.193
2026-08-27 15:22:30 | configuration dataset=time/coastal_t_s_h_part14 L=336 H=48 model=chronos2 covariates=none instance_norm=false remove_constant=true seed=1 batch_size=64
[2026-08-27 15:22:32,905][data.dataset][INFO] - dataset config path=/fssmall/home/h61084/codes/datasets/time/coastal_t_s_h_part14/config.json applied_keys=['date_col', 'drop_users', 'target_cols']
[2026-08-27 15:22:32,925][evaluation.evaluator][INFO] - evaluate dataset=time/coastal_t_s_h_part14 users=3 dates=4829 windows=27 removed_constant=0 L=336 H=48 stride=512
[2026-08-27 15:22:38,616][evaluation.evaluator][INFO] - artifacts ready run=/fssmall/home/h61084/codes/tsfm/outputs_selena/controls/time-coastal_t_s_h_part14/336_48/chronos2/none/raw/remove/run_0 mse=611.927 nmse=2412.19 inference_seconds=0.191
2026-08-27 15:22:40 | configuration dataset=time/coastal_t_s_h_part14 L=504 H=168 model=repeat covariates=none instance_norm=true remove_constant=false seed=1 batch_size=512
[2026-08-27 15:22:42,967][data.dataset][INFO] - dataset config path=/fssmall/home/h61084/codes/datasets/time/coastal_t_s_h_part14/config.json applied_keys=['date_col', 'drop_users', 'target_cols']
[2026-08-27 15:22:42,991][evaluation.evaluator][INFO] - evaluate dataset=time/coastal_t_s_h_part14 users=3 dates=4829 windows=27 removed_constant=0 L=504 H=168 stride=512
[2026-08-27 15:22:43,222][evaluation.evaluator][INFO] - artifacts ready run=/fssmall/home/h61084/codes/tsfm/outputs_selena/controls/time-coastal_t_s_h_part14/504_168/repeat/none/instance/keep/run_0 mse=130.41 nmse=2.50331 inference_seconds=0.020
2026-08-27 15:22:44 | configuration dataset=time/coastal_t_s_h_part14 L=504 H=168 model=repeat covariates=none instance_norm=true remove_constant=true seed=1 batch_size=512
[2026-08-27 15:22:47,243][data.dataset][INFO] - dataset config path=/fssmall/home/h61084/codes/datasets/time/coastal_t_s_h_part14/config.json applied_keys=['date_col', 'drop_users', 'target_cols']
[2026-08-27 15:22:47,263][evaluation.evaluator][INFO] - evaluate dataset=time/coastal_t_s_h_part14 users=3 dates=4829 windows=27 removed_constant=0 L=504 H=168 stride=512
[2026-08-27 15:22:47,489][evaluation.evaluator][INFO] - artifacts ready run=/fssmall/home/h61084/codes/tsfm/outputs_selena/controls/time-coastal_t_s_h_part14/504_168/repeat/none/instance/remove/run_0 mse=130.41 nmse=2.50331 inference_seconds=0.020
2026-08-27 15:22:48 | configuration dataset=time/coastal_t_s_h_part14 L=504 H=168 model=repeat covariates=none instance_norm=false remove_constant=false seed=1 batch_size=512
[2026-08-27 15:22:51,464][data.dataset][INFO] - dataset config path=/fssmall/home/h61084/codes/datasets/time/coastal_t_s_h_part14/config.json applied_keys=['date_col', 'drop_users', 'target_cols']
[2026-08-27 15:22:51,486][evaluation.evaluator][INFO] - evaluate dataset=time/coastal_t_s_h_part14 users=3 dates=4829 windows=27 removed_constant=0 L=504 H=168 stride=512
[2026-08-27 15:22:51,705][evaluation.evaluator][INFO] - artifacts ready run=/fssmall/home/h61084/codes/tsfm/outputs_selena/controls/time-coastal_t_s_h_part14/504_168/repeat/none/raw/keep/run_0 mse=130.41 nmse=2.50331 inference_seconds=0.000
2026-08-27 15:22:53 | configuration dataset=time/coastal_t_s_h_part14 L=504 H=168 model=repeat covariates=none instance_norm=false remove_constant=true seed=1 batch_size=512
[2026-08-27 15:22:55,649][data.dataset][INFO] - dataset config path=/fssmall/home/h61084/codes/datasets/time/coastal_t_s_h_part14/config.json applied_keys=['date_col', 'drop_users', 'target_cols']
[2026-08-27 15:22:55,668][evaluation.evaluator][INFO] - evaluate dataset=time/coastal_t_s_h_part14 users=3 dates=4829 windows=27 removed_constant=0 L=504 H=168 stride=512
[2026-08-27 15:22:55,891][evaluation.evaluator][INFO] - artifacts ready run=/fssmall/home/h61084/codes/tsfm/outputs_selena/controls/time-coastal_t_s_h_part14/504_168/repeat/none/raw/remove/run_0 mse=130.41 nmse=2.50331 inference_seconds=0.000
2026-08-27 15:22:57 | configuration dataset=time/coastal_t_s_h_part14 L=504 H=168 model=chronos2 covariates=none instance_norm=true remove_constant=false seed=1 batch_size=64
[2026-08-27 15:22:59,896][data.dataset][INFO] - dataset config path=/fssmall/home/h61084/codes/datasets/time/coastal_t_s_h_part14/config.json applied_keys=['date_col', 'drop_users', 'target_cols']
[2026-08-27 15:22:59,918][evaluation.evaluator][INFO] - evaluate dataset=time/coastal_t_s_h_part14 users=3 dates=4829 windows=27 removed_constant=0 L=504 H=168 stride=512
[2026-08-27 15:23:05,692][evaluation.evaluator][INFO] - artifacts ready run=/fssmall/home/h61084/codes/tsfm/outputs_selena/controls/time-coastal_t_s_h_part14/504_168/chronos2/none/instance/keep/run_0 mse=1.29184 nmse=1.76529 inference_seconds=0.193
2026-08-27 15:23:07 | configuration dataset=time/coastal_t_s_h_part14 L=504 H=168 model=chronos2 covariates=none instance_norm=true remove_constant=true seed=1 batch_size=64
[2026-08-27 15:23:10,058][data.dataset][INFO] - dataset config path=/fssmall/home/h61084/codes/datasets/time/coastal_t_s_h_part14/config.json applied_keys=['date_col', 'drop_users', 'target_cols']
[2026-08-27 15:23:10,079][evaluation.evaluator][INFO] - evaluate dataset=time/coastal_t_s_h_part14 users=3 dates=4829 windows=27 removed_constant=0 L=504 H=168 stride=512
[2026-08-27 15:23:15,786][evaluation.evaluator][INFO] - artifacts ready run=/fssmall/home/h61084/codes/tsfm/outputs_selena/controls/time-coastal_t_s_h_part14/504_168/chronos2/none/instance/remove/run_0 mse=1.29184 nmse=1.76529 inference_seconds=0.195
2026-08-27 15:23:17 | configuration dataset=time/coastal_t_s_h_part14 L=504 H=168 model=chronos2 covariates=none instance_norm=false remove_constant=false seed=1 batch_size=64
[2026-08-27 15:23:20,035][data.dataset][INFO] - dataset config path=/fssmall/home/h61084/codes/datasets/time/coastal_t_s_h_part14/config.json applied_keys=['date_col', 'drop_users', 'target_cols']
[2026-08-27 15:23:20,056][evaluation.evaluator][INFO] - evaluate dataset=time/coastal_t_s_h_part14 users=3 dates=4829 windows=27 removed_constant=0 L=504 H=168 stride=512
[2026-08-27 15:23:25,744][evaluation.evaluator][INFO] - artifacts ready run=/fssmall/home/h61084/codes/tsfm/outputs_selena/controls/time-coastal_t_s_h_part14/504_168/chronos2/none/raw/keep/run_0 mse=1.29184 nmse=1.76529 inference_seconds=0.194
2026-08-27 15:23:27 | configuration dataset=time/coastal_t_s_h_part14 L=504 H=168 model=chronos2 covariates=none instance_norm=false remove_constant=true seed=1 batch_size=64
[2026-08-27 15:23:30,041][data.dataset][INFO] - dataset config path=/fssmall/home/h61084/codes/datasets/time/coastal_t_s_h_part14/config.json applied_keys=['date_col', 'drop_users', 'target_cols']
[2026-08-27 15:23:30,062][evaluation.evaluator][INFO] - evaluate dataset=time/coastal_t_s_h_part14 users=3 dates=4829 windows=27 removed_constant=0 L=504 H=168 stride=512
[2026-08-27 15:23:35,781][evaluation.evaluator][INFO] - artifacts ready run=/fssmall/home/h61084/codes/tsfm/outputs_selena/controls/time-coastal_t_s_h_part14/504_168/chronos2/none/raw/remove/run_0 mse=1.29184 nmse=1.76529 inference_seconds=0.196
2026-08-27 15:23:37 | configuration dataset=time/coastal_t_s_h_part15 L=168 H=24 model=repeat covariates=none instance_norm=true remove_constant=false seed=1 batch_size=512
[2026-08-27 15:23:40,155][data.dataset][INFO] - dataset config path=/fssmall/home/h61084/codes/datasets/time/coastal_t_s_h_part15/config.json applied_keys=['date_col', 'drop_users', 'target_cols']
[2026-08-27 15:23:40,178][evaluation.evaluator][INFO] - evaluate dataset=time/coastal_t_s_h_part15 users=3 dates=4848 windows=30 removed_constant=0 L=168 H=24 stride=512
[2026-08-27 15:23:40,397][evaluation.evaluator][INFO] - artifacts ready run=/fssmall/home/h61084/codes/tsfm/outputs_selena/controls/time-coastal_t_s_h_part15/168_24/repeat/none/instance/keep/run_0 mse=78.2472 nmse=1.20814 inference_seconds=0.021
2026-08-27 15:23:41 | configuration dataset=time/coastal_t_s_h_part15 L=168 H=24 model=repeat covariates=none instance_norm=true remove_constant=true seed=1 batch_size=512
[2026-08-27 15:23:44,308][data.dataset][INFO] - dataset config path=/fssmall/home/h61084/codes/datasets/time/coastal_t_s_h_part15/config.json applied_keys=['date_col', 'drop_users', 'target_cols']
[2026-08-27 15:23:44,330][evaluation.evaluator][INFO] - evaluate dataset=time/coastal_t_s_h_part15 users=3 dates=4848 windows=30 removed_constant=0 L=168 H=24 stride=512
[2026-08-27 15:23:44,562][evaluation.evaluator][INFO] - artifacts ready run=/fssmall/home/h61084/codes/tsfm/outputs_selena/controls/time-coastal_t_s_h_part15/168_24/repeat/none/instance/remove/run_0 mse=78.2472 nmse=1.20814 inference_seconds=0.020
2026-08-27 15:23:45 | configuration dataset=time/coastal_t_s_h_part15 L=168 H=24 model=repeat covariates=none instance_norm=false remove_constant=false seed=1 batch_size=512
[2026-08-27 15:23:48,497][data.dataset][INFO] - dataset config path=/fssmall/home/h61084/codes/datasets/time/coastal_t_s_h_part15/config.json applied_keys=['date_col', 'drop_users', 'target_cols']
[2026-08-27 15:23:48,518][evaluation.evaluator][INFO] - evaluate dataset=time/coastal_t_s_h_part15 users=3 dates=4848 windows=30 removed_constant=0 L=168 H=24 stride=512
[2026-08-27 15:23:48,760][evaluation.evaluator][INFO] - artifacts ready run=/fssmall/home/h61084/codes/tsfm/outputs_selena/controls/time-coastal_t_s_h_part15/168_24/repeat/none/raw/keep/run_0 mse=78.2472 nmse=1.20814 inference_seconds=0.000
2026-08-27 15:23:50 | configuration dataset=time/coastal_t_s_h_part15 L=168 H=24 model=repeat covariates=none instance_norm=false remove_constant=true seed=1 batch_size=512
[2026-08-27 15:23:52,813][data.dataset][INFO] - dataset config path=/fssmall/home/h61084/codes/datasets/time/coastal_t_s_h_part15/config.json applied_keys=['date_col', 'drop_users', 'target_cols']
[2026-08-27 15:23:52,832][evaluation.evaluator][INFO] - evaluate dataset=time/coastal_t_s_h_part15 users=3 dates=4848 windows=30 removed_constant=0 L=168 H=24 stride=512
[2026-08-27 15:23:53,056][evaluation.evaluator][INFO] - artifacts ready run=/fssmall/home/h61084/codes/tsfm/outputs_selena/controls/time-coastal_t_s_h_part15/168_24/repeat/none/raw/remove/run_0 mse=78.2472 nmse=1.20814 inference_seconds=0.000
2026-08-27 15:23:54 | configuration dataset=time/coastal_t_s_h_part15 L=168 H=24 model=chronos2 covariates=none instance_norm=true remove_constant=false seed=1 batch_size=64
[2026-08-27 15:23:57,043][data.dataset][INFO] - dataset config path=/fssmall/home/h61084/codes/datasets/time/coastal_t_s_h_part15/config.json applied_keys=['date_col', 'drop_users', 'target_cols']
[2026-08-27 15:23:57,065][evaluation.evaluator][INFO] - evaluate dataset=time/coastal_t_s_h_part15 users=3 dates=4848 windows=30 removed_constant=0 L=168 H=24 stride=512
[2026-08-27 15:24:02,794][evaluation.evaluator][INFO] - artifacts ready run=/fssmall/home/h61084/codes/tsfm/outputs_selena/controls/time-coastal_t_s_h_part15/168_24/chronos2/none/instance/keep/run_0 mse=47.0833 nmse=0.840937 inference_seconds=0.193
2026-08-27 15:24:04 | configuration dataset=time/coastal_t_s_h_part15 L=168 H=24 model=chronos2 covariates=none instance_norm=true remove_constant=true seed=1 batch_size=64
[2026-08-27 15:24:07,114][data.dataset][INFO] - dataset config path=/fssmall/home/h61084/codes/datasets/time/coastal_t_s_h_part15/config.json applied_keys=['date_col', 'drop_users', 'target_cols']
[2026-08-27 15:24:07,134][evaluation.evaluator][INFO] - evaluate dataset=time/coastal_t_s_h_part15 users=3 dates=4848 windows=30 removed_constant=0 L=168 H=24 stride=512
[2026-08-27 15:24:12,876][evaluation.evaluator][INFO] - artifacts ready run=/fssmall/home/h61084/codes/tsfm/outputs_selena/controls/time-coastal_t_s_h_part15/168_24/chronos2/none/instance/remove/run_0 mse=47.0833 nmse=0.840937 inference_seconds=0.190
2026-08-27 15:24:14 | configuration dataset=time/coastal_t_s_h_part15 L=168 H=24 model=chronos2 covariates=none instance_norm=false remove_constant=false seed=1 batch_size=64
[2026-08-27 15:24:17,180][data.dataset][INFO] - dataset config path=/fssmall/home/h61084/codes/datasets/time/coastal_t_s_h_part15/config.json applied_keys=['date_col', 'drop_users', 'target_cols']
[2026-08-27 15:24:17,201][evaluation.evaluator][INFO] - evaluate dataset=time/coastal_t_s_h_part15 users=3 dates=4848 windows=30 removed_constant=0 L=168 H=24 stride=512
[2026-08-27 15:24:22,804][evaluation.evaluator][INFO] - artifacts ready run=/fssmall/home/h61084/codes/tsfm/outputs_selena/controls/time-coastal_t_s_h_part15/168_24/chronos2/none/raw/keep/run_0 mse=47.0833 nmse=0.840936 inference_seconds=0.192
2026-08-27 15:24:24 | configuration dataset=time/coastal_t_s_h_part15 L=168 H=24 model=chronos2 covariates=none instance_norm=false remove_constant=true seed=1 batch_size=64
[2026-08-27 15:24:27,226][data.dataset][INFO] - dataset config path=/fssmall/home/h61084/codes/datasets/time/coastal_t_s_h_part15/config.json applied_keys=['date_col', 'drop_users', 'target_cols']
[2026-08-27 15:24:27,246][evaluation.evaluator][INFO] - evaluate dataset=time/coastal_t_s_h_part15 users=3 dates=4848 windows=30 removed_constant=0 L=168 H=24 stride=512
[2026-08-27 15:24:32,890][evaluation.evaluator][INFO] - artifacts ready run=/fssmall/home/h61084/codes/tsfm/outputs_selena/controls/time-coastal_t_s_h_part15/168_24/chronos2/none/raw/remove/run_0 mse=47.0833 nmse=0.840936 inference_seconds=0.194
2026-08-27 15:24:34 | configuration dataset=time/coastal_t_s_h_part15 L=336 H=48 model=repeat covariates=none instance_norm=true remove_constant=false seed=1 batch_size=512
[2026-08-27 15:24:37,231][data.dataset][INFO] - dataset config path=/fssmall/home/h61084/codes/datasets/time/coastal_t_s_h_part15/config.json applied_keys=['date_col', 'drop_users', 'target_cols']
[2026-08-27 15:24:37,253][evaluation.evaluator][INFO] - evaluate dataset=time/coastal_t_s_h_part15 users=3 dates=4848 windows=27 removed_constant=0 L=336 H=48 stride=512
[2026-08-27 15:24:37,480][evaluation.evaluator][INFO] - artifacts ready run=/fssmall/home/h61084/codes/tsfm/outputs_selena/controls/time-coastal_t_s_h_part15/336_48/repeat/none/instance/keep/run_0 mse=37.7157 nmse=1.70067 inference_seconds=0.020
2026-08-27 15:24:38 | configuration dataset=time/coastal_t_s_h_part15 L=336 H=48 model=repeat covariates=none instance_norm=true remove_constant=true seed=1 batch_size=512
[2026-08-27 15:24:41,540][data.dataset][INFO] - dataset config path=/fssmall/home/h61084/codes/datasets/time/coastal_t_s_h_part15/config.json applied_keys=['date_col', 'drop_users', 'target_cols']
[2026-08-27 15:24:41,561][evaluation.evaluator][INFO] - evaluate dataset=time/coastal_t_s_h_part15 users=3 dates=4848 windows=27 removed_constant=0 L=336 H=48 stride=512
[2026-08-27 15:24:41,781][evaluation.evaluator][INFO] - artifacts ready run=/fssmall/home/h61084/codes/tsfm/outputs_selena/controls/time-coastal_t_s_h_part15/336_48/repeat/none/instance/remove/run_0 mse=37.7157 nmse=1.70067 inference_seconds=0.019
2026-08-27 15:24:43 | configuration dataset=time/coastal_t_s_h_part15 L=336 H=48 model=repeat covariates=none instance_norm=false remove_constant=false seed=1 batch_size=512
[2026-08-27 15:24:45,856][data.dataset][INFO] - dataset config path=/fssmall/home/h61084/codes/datasets/time/coastal_t_s_h_part15/config.json applied_keys=['date_col', 'drop_users', 'target_cols']
[2026-08-27 15:24:45,877][evaluation.evaluator][INFO] - evaluate dataset=time/coastal_t_s_h_part15 users=3 dates=4848 windows=27 removed_constant=0 L=336 H=48 stride=512
[2026-08-27 15:24:46,095][evaluation.evaluator][INFO] - artifacts ready run=/fssmall/home/h61084/codes/tsfm/outputs_selena/controls/time-coastal_t_s_h_part15/336_48/repeat/none/raw/keep/run_0 mse=37.7157 nmse=1.70067 inference_seconds=0.000
2026-08-27 15:24:47 | configuration dataset=time/coastal_t_s_h_part15 L=336 H=48 model=repeat covariates=none instance_norm=false remove_constant=true seed=1 batch_size=512
[2026-08-27 15:24:50,097][data.dataset][INFO] - dataset config path=/fssmall/home/h61084/codes/datasets/time/coastal_t_s_h_part15/config.json applied_keys=['date_col', 'drop_users', 'target_cols']
[2026-08-27 15:24:50,119][evaluation.evaluator][INFO] - evaluate dataset=time/coastal_t_s_h_part15 users=3 dates=4848 windows=27 removed_constant=0 L=336 H=48 stride=512
[2026-08-27 15:24:50,355][evaluation.evaluator][INFO] - artifacts ready run=/fssmall/home/h61084/codes/tsfm/outputs_selena/controls/time-coastal_t_s_h_part15/336_48/repeat/none/raw/remove/run_0 mse=37.7157 nmse=1.70067 inference_seconds=0.000
2026-08-27 15:24:51 | configuration dataset=time/coastal_t_s_h_part15 L=336 H=48 model=chronos2 covariates=none instance_norm=true remove_constant=false seed=1 batch_size=64
[2026-08-27 15:24:54,307][data.dataset][INFO] - dataset config path=/fssmall/home/h61084/codes/datasets/time/coastal_t_s_h_part15/config.json applied_keys=['date_col', 'drop_users', 'target_cols']
[2026-08-27 15:24:54,329][evaluation.evaluator][INFO] - evaluate dataset=time/coastal_t_s_h_part15 users=3 dates=4848 windows=27 removed_constant=0 L=336 H=48 stride=512
[2026-08-27 15:24:59,959][evaluation.evaluator][INFO] - artifacts ready run=/fssmall/home/h61084/codes/tsfm/outputs_selena/controls/time-coastal_t_s_h_part15/336_48/chronos2/none/instance/keep/run_0 mse=8.08147 nmse=0.860054 inference_seconds=0.193
2026-08-27 15:25:01 | configuration dataset=time/coastal_t_s_h_part15 L=336 H=48 model=chronos2 covariates=none instance_norm=true remove_constant=true seed=1 batch_size=64
[2026-08-27 15:25:04,251][data.dataset][INFO] - dataset config path=/fssmall/home/h61084/codes/datasets/time/coastal_t_s_h_part15/config.json applied_keys=['date_col', 'drop_users', 'target_cols']
[2026-08-27 15:25:04,273][evaluation.evaluator][INFO] - evaluate dataset=time/coastal_t_s_h_part15 users=3 dates=4848 windows=27 removed_constant=0 L=336 H=48 stride=512
[2026-08-27 15:25:09,903][evaluation.evaluator][INFO] - artifacts ready run=/fssmall/home/h61084/codes/tsfm/outputs_selena/controls/time-coastal_t_s_h_part15/336_48/chronos2/none/instance/remove/run_0 mse=8.08147 nmse=0.860054 inference_seconds=0.192
2026-08-27 15:25:11 | configuration dataset=time/coastal_t_s_h_part15 L=336 H=48 model=chronos2 covariates=none instance_norm=false remove_constant=false seed=1 batch_size=64
[2026-08-27 15:25:14,254][data.dataset][INFO] - dataset config path=/fssmall/home/h61084/codes/datasets/time/coastal_t_s_h_part15/config.json applied_keys=['date_col', 'drop_users', 'target_cols']
[2026-08-27 15:25:14,275][evaluation.evaluator][INFO] - evaluate dataset=time/coastal_t_s_h_part15 users=3 dates=4848 windows=27 removed_constant=0 L=336 H=48 stride=512
[2026-08-27 15:25:20,002][evaluation.evaluator][INFO] - artifacts ready run=/fssmall/home/h61084/codes/tsfm/outputs_selena/controls/time-coastal_t_s_h_part15/336_48/chronos2/none/raw/keep/run_0 mse=8.08146 nmse=0.860053 inference_seconds=0.196
2026-08-27 15:25:21 | configuration dataset=time/coastal_t_s_h_part15 L=336 H=48 model=chronos2 covariates=none instance_norm=false remove_constant=true seed=1 batch_size=64
[2026-08-27 15:25:24,225][data.dataset][INFO] - dataset config path=/fssmall/home/h61084/codes/datasets/time/coastal_t_s_h_part15/config.json applied_keys=['date_col', 'drop_users', 'target_cols']
[2026-08-27 15:25:24,246][evaluation.evaluator][INFO] - evaluate dataset=time/coastal_t_s_h_part15 users=3 dates=4848 windows=27 removed_constant=0 L=336 H=48 stride=512
[2026-08-27 15:25:29,843][evaluation.evaluator][INFO] - artifacts ready run=/fssmall/home/h61084/codes/tsfm/outputs_selena/controls/time-coastal_t_s_h_part15/336_48/chronos2/none/raw/remove/run_0 mse=8.08146 nmse=0.860053 inference_seconds=0.191
2026-08-27 15:25:31 | configuration dataset=time/coastal_t_s_h_part15 L=504 H=168 model=repeat covariates=none instance_norm=true remove_constant=false seed=1 batch_size=512
[2026-08-27 15:25:34,151][data.dataset][INFO] - dataset config path=/fssmall/home/h61084/codes/datasets/time/coastal_t_s_h_part15/config.json applied_keys=['date_col', 'drop_users', 'target_cols']
[2026-08-27 15:25:34,179][evaluation.evaluator][INFO] - evaluate dataset=time/coastal_t_s_h_part15 users=3 dates=4848 windows=27 removed_constant=0 L=504 H=168 stride=512
[2026-08-27 15:25:34,401][evaluation.evaluator][INFO] - artifacts ready run=/fssmall/home/h61084/codes/tsfm/outputs_selena/controls/time-coastal_t_s_h_part15/504_168/repeat/none/instance/keep/run_0 mse=21.0468 nmse=1.93201 inference_seconds=0.020
2026-08-27 15:25:35 | configuration dataset=time/coastal_t_s_h_part15 L=504 H=168 model=repeat covariates=none instance_norm=true remove_constant=true seed=1 batch_size=512
[2026-08-27 15:25:38,388][data.dataset][INFO] - dataset config path=/fssmall/home/h61084/codes/datasets/time/coastal_t_s_h_part15/config.json applied_keys=['date_col', 'drop_users', 'target_cols']
[2026-08-27 15:25:38,409][evaluation.evaluator][INFO] - evaluate dataset=time/coastal_t_s_h_part15 users=3 dates=4848 windows=27 removed_constant=0 L=504 H=168 stride=512
[2026-08-27 15:25:38,645][evaluation.evaluator][INFO] - artifacts ready run=/fssmall/home/h61084/codes/tsfm/outputs_selena/controls/time-coastal_t_s_h_part15/504_168/repeat/none/instance/remove/run_0 mse=21.0468 nmse=1.93201 inference_seconds=0.020
2026-08-27 15:25:40 | configuration dataset=time/coastal_t_s_h_part15 L=504 H=168 model=repeat covariates=none instance_norm=false remove_constant=false seed=1 batch_size=512
[2026-08-27 15:25:42,653][data.dataset][INFO] - dataset config path=/fssmall/home/h61084/codes/datasets/time/coastal_t_s_h_part15/config.json applied_keys=['date_col', 'drop_users', 'target_cols']
[2026-08-27 15:25:42,674][evaluation.evaluator][INFO] - evaluate dataset=time/coastal_t_s_h_part15 users=3 dates=4848 windows=27 removed_constant=0 L=504 H=168 stride=512
[2026-08-27 15:25:42,892][evaluation.evaluator][INFO] - artifacts ready run=/fssmall/home/h61084/codes/tsfm/outputs_selena/controls/time-coastal_t_s_h_part15/504_168/repeat/none/raw/keep/run_0 mse=21.0468 nmse=1.93201 inference_seconds=0.000
2026-08-27 15:25:44 | configuration dataset=time/coastal_t_s_h_part15 L=504 H=168 model=repeat covariates=none instance_norm=false remove_constant=true seed=1 batch_size=512
[2026-08-27 15:25:46,898][data.dataset][INFO] - dataset config path=/fssmall/home/h61084/codes/datasets/time/coastal_t_s_h_part15/config.json applied_keys=['date_col', 'drop_users', 'target_cols']
[2026-08-27 15:25:46,921][evaluation.evaluator][INFO] - evaluate dataset=time/coastal_t_s_h_part15 users=3 dates=4848 windows=27 removed_constant=0 L=504 H=168 stride=512
[2026-08-27 15:25:47,144][evaluation.evaluator][INFO] - artifacts ready run=/fssmall/home/h61084/codes/tsfm/outputs_selena/controls/time-coastal_t_s_h_part15/504_168/repeat/none/raw/remove/run_0 mse=21.0468 nmse=1.93201 inference_seconds=0.000
2026-08-27 15:25:48 | configuration dataset=time/coastal_t_s_h_part15 L=504 H=168 model=chronos2 covariates=none instance_norm=true remove_constant=false seed=1 batch_size=64
[2026-08-27 15:25:51,117][data.dataset][INFO] - dataset config path=/fssmall/home/h61084/codes/datasets/time/coastal_t_s_h_part15/config.json applied_keys=['date_col', 'drop_users', 'target_cols']
[2026-08-27 15:25:51,139][evaluation.evaluator][INFO] - evaluate dataset=time/coastal_t_s_h_part15 users=3 dates=4848 windows=27 removed_constant=0 L=504 H=168 stride=512
[2026-08-27 15:25:56,808][evaluation.evaluator][INFO] - artifacts ready run=/fssmall/home/h61084/codes/tsfm/outputs_selena/controls/time-coastal_t_s_h_part15/504_168/chronos2/none/instance/keep/run_0 mse=48.4243 nmse=0.851176 inference_seconds=0.192
2026-08-27 15:25:58 | configuration dataset=time/coastal_t_s_h_part15 L=504 H=168 model=chronos2 covariates=none instance_norm=true remove_constant=true seed=1 batch_size=64
[2026-08-27 15:26:01,108][data.dataset][INFO] - dataset config path=/fssmall/home/h61084/codes/datasets/time/coastal_t_s_h_part15/config.json applied_keys=['date_col', 'drop_users', 'target_cols']
[2026-08-27 15:26:01,129][evaluation.evaluator][INFO] - evaluate dataset=time/coastal_t_s_h_part15 users=3 dates=4848 windows=27 removed_constant=0 L=504 H=168 stride=512
[2026-08-27 15:26:06,864][evaluation.evaluator][INFO] - artifacts ready run=/fssmall/home/h61084/codes/tsfm/outputs_selena/controls/time-coastal_t_s_h_part15/504_168/chronos2/none/instance/remove/run_0 mse=48.4243 nmse=0.851176 inference_seconds=0.193
2026-08-27 15:26:08 | configuration dataset=time/coastal_t_s_h_part15 L=504 H=168 model=chronos2 covariates=none instance_norm=false remove_constant=false seed=1 batch_size=64
[2026-08-27 15:26:11,164][data.dataset][INFO] - dataset config path=/fssmall/home/h61084/codes/datasets/time/coastal_t_s_h_part15/config.json applied_keys=['date_col', 'drop_users', 'target_cols']
[2026-08-27 15:26:11,187][evaluation.evaluator][INFO] - evaluate dataset=time/coastal_t_s_h_part15 users=3 dates=4848 windows=27 removed_constant=0 L=504 H=168 stride=512
[2026-08-27 15:26:16,941][evaluation.evaluator][INFO] - artifacts ready run=/fssmall/home/h61084/codes/tsfm/outputs_selena/controls/time-coastal_t_s_h_part15/504_168/chronos2/none/raw/keep/run_0 mse=48.4243 nmse=0.851172 inference_seconds=0.193
2026-08-27 15:26:18 | configuration dataset=time/coastal_t_s_h_part15 L=504 H=168 model=chronos2 covariates=none instance_norm=false remove_constant=true seed=1 batch_size=64
[2026-08-27 15:26:21,301][data.dataset][INFO] - dataset config path=/fssmall/home/h61084/codes/datasets/time/coastal_t_s_h_part15/config.json applied_keys=['date_col', 'drop_users', 'target_cols']
[2026-08-27 15:26:21,322][evaluation.evaluator][INFO] - evaluate dataset=time/coastal_t_s_h_part15 users=3 dates=4848 windows=27 removed_constant=0 L=504 H=168 stride=512
[2026-08-27 15:26:27,011][evaluation.evaluator][INFO] - artifacts ready run=/fssmall/home/h61084/codes/tsfm/outputs_selena/controls/time-coastal_t_s_h_part15/504_168/chronos2/none/raw/remove/run_0 mse=48.4243 nmse=0.851172 inference_seconds=0.191
2026-08-27 15:26:28 | configuration dataset=time/coastal_t_s_h_part16 L=168 H=24 model=repeat covariates=none instance_norm=true remove_constant=false seed=1 batch_size=512
[2026-08-27 15:26:31,330][data.dataset][INFO] - dataset config path=/fssmall/home/h61084/codes/datasets/time/coastal_t_s_h_part16/config.json applied_keys=['date_col', 'drop_users', 'target_cols']
[2026-08-27 15:26:31,357][evaluation.evaluator][INFO] - evaluate dataset=time/coastal_t_s_h_part16 users=6 dates=8784 windows=102 removed_constant=0 L=168 H=24 stride=512
[2026-08-27 15:26:31,579][evaluation.evaluator][INFO] - artifacts ready run=/fssmall/home/h61084/codes/tsfm/outputs_selena/controls/time-coastal_t_s_h_part16/168_24/repeat/none/instance/keep/run_0 mse=45.7011 nmse=1.62023 inference_seconds=0.019
2026-08-27 15:26:33 | configuration dataset=time/coastal_t_s_h_part16 L=168 H=24 model=repeat covariates=none instance_norm=true remove_constant=true seed=1 batch_size=512
[2026-08-27 15:26:35,581][data.dataset][INFO] - dataset config path=/fssmall/home/h61084/codes/datasets/time/coastal_t_s_h_part16/config.json applied_keys=['date_col', 'drop_users', 'target_cols']
[2026-08-27 15:26:35,605][evaluation.evaluator][INFO] - evaluate dataset=time/coastal_t_s_h_part16 users=6 dates=8784 windows=102 removed_constant=0 L=168 H=24 stride=512
[2026-08-27 15:26:35,832][evaluation.evaluator][INFO] - artifacts ready run=/fssmall/home/h61084/codes/tsfm/outputs_selena/controls/time-coastal_t_s_h_part16/168_24/repeat/none/instance/remove/run_0 mse=45.7011 nmse=1.62023 inference_seconds=0.020
2026-08-27 15:26:37 | configuration dataset=time/coastal_t_s_h_part16 L=168 H=24 model=repeat covariates=none instance_norm=false remove_constant=false seed=1 batch_size=512
[2026-08-27 15:26:39,892][data.dataset][INFO] - dataset config path=/fssmall/home/h61084/codes/datasets/time/coastal_t_s_h_part16/config.json applied_keys=['date_col', 'drop_users', 'target_cols']
[2026-08-27 15:26:39,916][evaluation.evaluator][INFO] - evaluate dataset=time/coastal_t_s_h_part16 users=6 dates=8784 windows=102 removed_constant=0 L=168 H=24 stride=512
[2026-08-27 15:26:40,144][evaluation.evaluator][INFO] - artifacts ready run=/fssmall/home/h61084/codes/tsfm/outputs_selena/controls/time-coastal_t_s_h_part16/168_24/repeat/none/raw/keep/run_0 mse=45.7011 nmse=1.62023 inference_seconds=0.000
2026-08-27 15:26:41 | configuration dataset=time/coastal_t_s_h_part16 L=168 H=24 model=repeat covariates=none instance_norm=false remove_constant=true seed=1 batch_size=512
[2026-08-27 15:26:44,138][data.dataset][INFO] - dataset config path=/fssmall/home/h61084/codes/datasets/time/coastal_t_s_h_part16/config.json applied_keys=['date_col', 'drop_users', 'target_cols']
[2026-08-27 15:26:44,162][evaluation.evaluator][INFO] - evaluate dataset=time/coastal_t_s_h_part16 users=6 dates=8784 windows=102 removed_constant=0 L=168 H=24 stride=512
[2026-08-27 15:26:44,390][evaluation.evaluator][INFO] - artifacts ready run=/fssmall/home/h61084/codes/tsfm/outputs_selena/controls/time-coastal_t_s_h_part16/168_24/repeat/none/raw/remove/run_0 mse=45.7011 nmse=1.62023 inference_seconds=0.000
2026-08-27 15:26:45 | configuration dataset=time/coastal_t_s_h_part16 L=168 H=24 model=chronos2 covariates=none instance_norm=true remove_constant=false seed=1 batch_size=64
[2026-08-27 15:26:48,404][data.dataset][INFO] - dataset config path=/fssmall/home/h61084/codes/datasets/time/coastal_t_s_h_part16/config.json applied_keys=['date_col', 'drop_users', 'target_cols']
[2026-08-27 15:26:48,429][evaluation.evaluator][INFO] - evaluate dataset=time/coastal_t_s_h_part16 users=6 dates=8784 windows=102 removed_constant=0 L=168 H=24 stride=512
[2026-08-27 15:26:54,141][evaluation.evaluator][INFO] - artifacts ready run=/fssmall/home/h61084/codes/tsfm/outputs_selena/controls/time-coastal_t_s_h_part16/168_24/chronos2/none/instance/keep/run_0 mse=22.1973 nmse=0.888801 inference_seconds=0.213
2026-08-27 15:26:55 | configuration dataset=time/coastal_t_s_h_part16 L=168 H=24 model=chronos2 covariates=none instance_norm=true remove_constant=true seed=1 batch_size=64
[2026-08-27 15:26:58,507][data.dataset][INFO] - dataset config path=/fssmall/home/h61084/codes/datasets/time/coastal_t_s_h_part16/config.json applied_keys=['date_col', 'drop_users', 'target_cols']
[2026-08-27 15:26:58,531][evaluation.evaluator][INFO] - evaluate dataset=time/coastal_t_s_h_part16 users=6 dates=8784 windows=102 removed_constant=0 L=168 H=24 stride=512
[2026-08-27 15:27:04,181][evaluation.evaluator][INFO] - artifacts ready run=/fssmall/home/h61084/codes/tsfm/outputs_selena/controls/time-coastal_t_s_h_part16/168_24/chronos2/none/instance/remove/run_0 mse=22.1973 nmse=0.888801 inference_seconds=0.212
2026-08-27 15:27:06 | configuration dataset=time/coastal_t_s_h_part16 L=168 H=24 model=chronos2 covariates=none instance_norm=false remove_constant=false seed=1 batch_size=64
[2026-08-27 15:27:08,579][data.dataset][INFO] - dataset config path=/fssmall/home/h61084/codes/datasets/time/coastal_t_s_h_part16/config.json applied_keys=['date_col', 'drop_users', 'target_cols']
[2026-08-27 15:27:08,603][evaluation.evaluator][INFO] - evaluate dataset=time/coastal_t_s_h_part16 users=6 dates=8784 windows=102 removed_constant=0 L=168 H=24 stride=512
[2026-08-27 15:27:14,354][evaluation.evaluator][INFO] - artifacts ready run=/fssmall/home/h61084/codes/tsfm/outputs_selena/controls/time-coastal_t_s_h_part16/168_24/chronos2/none/raw/keep/run_0 mse=22.1973 nmse=0.888801 inference_seconds=0.212
2026-08-27 15:27:16 | configuration dataset=time/coastal_t_s_h_part16 L=168 H=24 model=chronos2 covariates=none instance_norm=false remove_constant=true seed=1 batch_size=64
[2026-08-27 15:27:18,683][data.dataset][INFO] - dataset config path=/fssmall/home/h61084/codes/datasets/time/coastal_t_s_h_part16/config.json applied_keys=['date_col', 'drop_users', 'target_cols']
[2026-08-27 15:27:18,707][evaluation.evaluator][INFO] - evaluate dataset=time/coastal_t_s_h_part16 users=6 dates=8784 windows=102 removed_constant=0 L=168 H=24 stride=512
[2026-08-27 15:27:24,352][evaluation.evaluator][INFO] - artifacts ready run=/fssmall/home/h61084/codes/tsfm/outputs_selena/controls/time-coastal_t_s_h_part16/168_24/chronos2/none/raw/remove/run_0 mse=22.1973 nmse=0.888801 inference_seconds=0.212
2026-08-27 15:27:26 | configuration dataset=time/coastal_t_s_h_part16 L=336 H=48 model=repeat covariates=none instance_norm=true remove_constant=false seed=1 batch_size=512
[2026-08-27 15:27:28,700][data.dataset][INFO] - dataset config path=/fssmall/home/h61084/codes/datasets/time/coastal_t_s_h_part16/config.json applied_keys=['date_col', 'drop_users', 'target_cols']
[2026-08-27 15:27:28,726][evaluation.evaluator][INFO] - evaluate dataset=time/coastal_t_s_h_part16 users=6 dates=8784 windows=102 removed_constant=0 L=336 H=48 stride=512
[2026-08-27 15:27:28,956][evaluation.evaluator][INFO] - artifacts ready run=/fssmall/home/h61084/codes/tsfm/outputs_selena/controls/time-coastal_t_s_h_part16/336_48/repeat/none/instance/keep/run_0 mse=46.5893 nmse=2.31598 inference_seconds=0.019
2026-08-27 15:27:30 | configuration dataset=time/coastal_t_s_h_part16 L=336 H=48 model=repeat covariates=none instance_norm=true remove_constant=true seed=1 batch_size=512
[2026-08-27 15:27:33,005][data.dataset][INFO] - dataset config path=/fssmall/home/h61084/codes/datasets/time/coastal_t_s_h_part16/config.json applied_keys=['date_col', 'drop_users', 'target_cols']
[2026-08-27 15:27:33,029][evaluation.evaluator][INFO] - evaluate dataset=time/coastal_t_s_h_part16 users=6 dates=8784 windows=102 removed_constant=0 L=336 H=48 stride=512
[2026-08-27 15:27:33,259][evaluation.evaluator][INFO] - artifacts ready run=/fssmall/home/h61084/codes/tsfm/outputs_selena/controls/time-coastal_t_s_h_part16/336_48/repeat/none/instance/remove/run_0 mse=46.5893 nmse=2.31598 inference_seconds=0.020
2026-08-27 15:27:34 | configuration dataset=time/coastal_t_s_h_part16 L=336 H=48 model=repeat covariates=none instance_norm=false remove_constant=false seed=1 batch_size=512
[2026-08-27 15:27:37,277][data.dataset][INFO] - dataset config path=/fssmall/home/h61084/codes/datasets/time/coastal_t_s_h_part16/config.json applied_keys=['date_col', 'drop_users', 'target_cols']
[2026-08-27 15:27:37,301][evaluation.evaluator][INFO] - evaluate dataset=time/coastal_t_s_h_part16 users=6 dates=8784 windows=102 removed_constant=0 L=336 H=48 stride=512
[2026-08-27 15:27:37,520][evaluation.evaluator][INFO] - artifacts ready run=/fssmall/home/h61084/codes/tsfm/outputs_selena/controls/time-coastal_t_s_h_part16/336_48/repeat/none/raw/keep/run_0 mse=46.5893 nmse=2.31598 inference_seconds=0.000
2026-08-27 15:27:39 | configuration dataset=time/coastal_t_s_h_part16 L=336 H=48 model=repeat covariates=none instance_norm=false remove_constant=true seed=1 batch_size=512
[2026-08-27 15:27:41,603][data.dataset][INFO] - dataset config path=/fssmall/home/h61084/codes/datasets/time/coastal_t_s_h_part16/config.json applied_keys=['date_col', 'drop_users', 'target_cols']
[2026-08-27 15:27:41,627][evaluation.evaluator][INFO] - evaluate dataset=time/coastal_t_s_h_part16 users=6 dates=8784 windows=102 removed_constant=0 L=336 H=48 stride=512
[2026-08-27 15:27:41,856][evaluation.evaluator][INFO] - artifacts ready run=/fssmall/home/h61084/codes/tsfm/outputs_selena/controls/time-coastal_t_s_h_part16/336_48/repeat/none/raw/remove/run_0 mse=46.5893 nmse=2.31598 inference_seconds=0.000
2026-08-27 15:27:43 | configuration dataset=time/coastal_t_s_h_part16 L=336 H=48 model=chronos2 covariates=none instance_norm=true remove_constant=false seed=1 batch_size=64
[2026-08-27 15:27:45,958][data.dataset][INFO] - dataset config path=/fssmall/home/h61084/codes/datasets/time/coastal_t_s_h_part16/config.json applied_keys=['date_col', 'drop_users', 'target_cols']
[2026-08-27 15:27:45,983][evaluation.evaluator][INFO] - evaluate dataset=time/coastal_t_s_h_part16 users=6 dates=8784 windows=102 removed_constant=0 L=336 H=48 stride=512
[2026-08-27 15:27:51,669][evaluation.evaluator][INFO] - artifacts ready run=/fssmall/home/h61084/codes/tsfm/outputs_selena/controls/time-coastal_t_s_h_part16/336_48/chronos2/none/instance/keep/run_0 mse=24.2095 nmse=1.43739 inference_seconds=0.213
2026-08-27 15:27:53 | configuration dataset=time/coastal_t_s_h_part16 L=336 H=48 model=chronos2 covariates=none instance_norm=true remove_constant=true seed=1 batch_size=64
[2026-08-27 15:27:56,008][data.dataset][INFO] - dataset config path=/fssmall/home/h61084/codes/datasets/time/coastal_t_s_h_part16/config.json applied_keys=['date_col', 'drop_users', 'target_cols']
[2026-08-27 15:27:56,033][evaluation.evaluator][INFO] - evaluate dataset=time/coastal_t_s_h_part16 users=6 dates=8784 windows=102 removed_constant=0 L=336 H=48 stride=512
[2026-08-27 15:28:01,741][evaluation.evaluator][INFO] - artifacts ready run=/fssmall/home/h61084/codes/tsfm/outputs_selena/controls/time-coastal_t_s_h_part16/336_48/chronos2/none/instance/remove/run_0 mse=24.2095 nmse=1.43739 inference_seconds=0.215
2026-08-27 15:28:03 | configuration dataset=time/coastal_t_s_h_part16 L=336 H=48 model=chronos2 covariates=none instance_norm=false remove_constant=false seed=1 batch_size=64
[2026-08-27 15:28:06,140][data.dataset][INFO] - dataset config path=/fssmall/home/h61084/codes/datasets/time/coastal_t_s_h_part16/config.json applied_keys=['date_col', 'drop_users', 'target_cols']
[2026-08-27 15:28:06,164][evaluation.evaluator][INFO] - evaluate dataset=time/coastal_t_s_h_part16 users=6 dates=8784 windows=102 removed_constant=0 L=336 H=48 stride=512
[2026-08-27 15:28:11,918][evaluation.evaluator][INFO] - artifacts ready run=/fssmall/home/h61084/codes/tsfm/outputs_selena/controls/time-coastal_t_s_h_part16/336_48/chronos2/none/raw/keep/run_0 mse=24.2095 nmse=1.43739 inference_seconds=0.215
2026-08-27 15:28:13 | configuration dataset=time/coastal_t_s_h_part16 L=336 H=48 model=chronos2 covariates=none instance_norm=false remove_constant=true seed=1 batch_size=64
[2026-08-27 15:28:16,262][data.dataset][INFO] - dataset config path=/fssmall/home/h61084/codes/datasets/time/coastal_t_s_h_part16/config.json applied_keys=['date_col', 'drop_users', 'target_cols']
[2026-08-27 15:28:16,287][evaluation.evaluator][INFO] - evaluate dataset=time/coastal_t_s_h_part16 users=6 dates=8784 windows=102 removed_constant=0 L=336 H=48 stride=512
[2026-08-27 15:28:22,017][evaluation.evaluator][INFO] - artifacts ready run=/fssmall/home/h61084/codes/tsfm/outputs_selena/controls/time-coastal_t_s_h_part16/336_48/chronos2/none/raw/remove/run_0 mse=24.2095 nmse=1.43739 inference_seconds=0.215
2026-08-27 15:28:23 | configuration dataset=time/coastal_t_s_h_part16 L=504 H=168 model=repeat covariates=none instance_norm=true remove_constant=false seed=1 batch_size=512
[2026-08-27 15:28:26,398][data.dataset][INFO] - dataset config path=/fssmall/home/h61084/codes/datasets/time/coastal_t_s_h_part16/config.json applied_keys=['date_col', 'drop_users', 'target_cols']
[2026-08-27 15:28:26,423][evaluation.evaluator][INFO] - evaluate dataset=time/coastal_t_s_h_part16 users=6 dates=8784 windows=96 removed_constant=0 L=504 H=168 stride=512
[2026-08-27 15:28:26,656][evaluation.evaluator][INFO] - artifacts ready run=/fssmall/home/h61084/codes/tsfm/outputs_selena/controls/time-coastal_t_s_h_part16/504_168/repeat/none/instance/keep/run_0 mse=109.204 nmse=285.296 inference_seconds=0.020
2026-08-27 15:28:28 | configuration dataset=time/coastal_t_s_h_part16 L=504 H=168 model=repeat covariates=none instance_norm=true remove_constant=true seed=1 batch_size=512
[2026-08-27 15:28:30,724][data.dataset][INFO] - dataset config path=/fssmall/home/h61084/codes/datasets/time/coastal_t_s_h_part16/config.json applied_keys=['date_col', 'drop_users', 'target_cols']
[2026-08-27 15:28:30,749][evaluation.evaluator][INFO] - evaluate dataset=time/coastal_t_s_h_part16 users=6 dates=8784 windows=96 removed_constant=0 L=504 H=168 stride=512
[2026-08-27 15:28:30,980][evaluation.evaluator][INFO] - artifacts ready run=/fssmall/home/h61084/codes/tsfm/outputs_selena/controls/time-coastal_t_s_h_part16/504_168/repeat/none/instance/remove/run_0 mse=109.204 nmse=285.296 inference_seconds=0.020
2026-08-27 15:28:32 | configuration dataset=time/coastal_t_s_h_part16 L=504 H=168 model=repeat covariates=none instance_norm=false remove_constant=false seed=1 batch_size=512
[2026-08-27 15:28:35,015][data.dataset][INFO] - dataset config path=/fssmall/home/h61084/codes/datasets/time/coastal_t_s_h_part16/config.json applied_keys=['date_col', 'drop_users', 'target_cols']
[2026-08-27 15:28:35,041][evaluation.evaluator][INFO] - evaluate dataset=time/coastal_t_s_h_part16 users=6 dates=8784 windows=96 removed_constant=0 L=504 H=168 stride=512
[2026-08-27 15:28:35,262][evaluation.evaluator][INFO] - artifacts ready run=/fssmall/home/h61084/codes/tsfm/outputs_selena/controls/time-coastal_t_s_h_part16/504_168/repeat/none/raw/keep/run_0 mse=109.204 nmse=285.296 inference_seconds=0.000
2026-08-27 15:28:36 | configuration dataset=time/coastal_t_s_h_part16 L=504 H=168 model=repeat covariates=none instance_norm=false remove_constant=true seed=1 batch_size=512
[2026-08-27 15:28:39,309][data.dataset][INFO] - dataset config path=/fssmall/home/h61084/codes/datasets/time/coastal_t_s_h_part16/config.json applied_keys=['date_col', 'drop_users', 'target_cols']
[2026-08-27 15:28:39,332][evaluation.evaluator][INFO] - evaluate dataset=time/coastal_t_s_h_part16 users=6 dates=8784 windows=96 removed_constant=0 L=504 H=168 stride=512
[2026-08-27 15:28:39,559][evaluation.evaluator][INFO] - artifacts ready run=/fssmall/home/h61084/codes/tsfm/outputs_selena/controls/time-coastal_t_s_h_part16/504_168/repeat/none/raw/remove/run_0 mse=109.204 nmse=285.296 inference_seconds=0.000
2026-08-27 15:28:41 | configuration dataset=time/coastal_t_s_h_part16 L=504 H=168 model=chronos2 covariates=none instance_norm=true remove_constant=false seed=1 batch_size=64
[2026-08-27 15:28:43,604][data.dataset][INFO] - dataset config path=/fssmall/home/h61084/codes/datasets/time/coastal_t_s_h_part16/config.json applied_keys=['date_col', 'drop_users', 'target_cols']
[2026-08-27 15:28:43,629][evaluation.evaluator][INFO] - evaluate dataset=time/coastal_t_s_h_part16 users=6 dates=8784 windows=96 removed_constant=0 L=504 H=168 stride=512
[2026-08-27 15:28:49,409][evaluation.evaluator][INFO] - artifacts ready run=/fssmall/home/h61084/codes/tsfm/outputs_selena/controls/time-coastal_t_s_h_part16/504_168/chronos2/none/instance/keep/run_0 mse=73.9923 nmse=284.065 inference_seconds=0.219
2026-08-27 15:28:51 | configuration dataset=time/coastal_t_s_h_part16 L=504 H=168 model=chronos2 covariates=none instance_norm=true remove_constant=true seed=1 batch_size=64
[2026-08-27 15:28:53,861][data.dataset][INFO] - dataset config path=/fssmall/home/h61084/codes/datasets/time/coastal_t_s_h_part16/config.json applied_keys=['date_col', 'drop_users', 'target_cols']
[2026-08-27 15:28:53,886][evaluation.evaluator][INFO] - evaluate dataset=time/coastal_t_s_h_part16 users=6 dates=8784 windows=96 removed_constant=0 L=504 H=168 stride=512
[2026-08-27 15:28:59,691][evaluation.evaluator][INFO] - artifacts ready run=/fssmall/home/h61084/codes/tsfm/outputs_selena/controls/time-coastal_t_s_h_part16/504_168/chronos2/none/instance/remove/run_0 mse=73.9923 nmse=284.065 inference_seconds=0.219
2026-08-27 15:29:01 | configuration dataset=time/coastal_t_s_h_part16 L=504 H=168 model=chronos2 covariates=none instance_norm=false remove_constant=false seed=1 batch_size=64
[2026-08-27 15:29:04,042][data.dataset][INFO] - dataset config path=/fssmall/home/h61084/codes/datasets/time/coastal_t_s_h_part16/config.json applied_keys=['date_col', 'drop_users', 'target_cols']
[2026-08-27 15:29:04,066][evaluation.evaluator][INFO] - evaluate dataset=time/coastal_t_s_h_part16 users=6 dates=8784 windows=96 removed_constant=0 L=504 H=168 stride=512
[2026-08-27 15:29:09,822][evaluation.evaluator][INFO] - artifacts ready run=/fssmall/home/h61084/codes/tsfm/outputs_selena/controls/time-coastal_t_s_h_part16/504_168/chronos2/none/raw/keep/run_0 mse=73.9923 nmse=284.065 inference_seconds=0.219
2026-08-27 15:29:11 | configuration dataset=time/coastal_t_s_h_part16 L=504 H=168 model=chronos2 covariates=none instance_norm=false remove_constant=true seed=1 batch_size=64
[2026-08-27 15:29:14,195][data.dataset][INFO] - dataset config path=/fssmall/home/h61084/codes/datasets/time/coastal_t_s_h_part16/config.json applied_keys=['date_col', 'drop_users', 'target_cols']
[2026-08-27 15:29:14,219][evaluation.evaluator][INFO] - evaluate dataset=time/coastal_t_s_h_part16 users=6 dates=8784 windows=96 removed_constant=0 L=504 H=168 stride=512
[2026-08-27 15:29:19,929][evaluation.evaluator][INFO] - artifacts ready run=/fssmall/home/h61084/codes/tsfm/outputs_selena/controls/time-coastal_t_s_h_part16/504_168/chronos2/none/raw/remove/run_0 mse=73.9923 nmse=284.065 inference_seconds=0.262
2026-08-27 15:29:21 | configuration dataset=time/coastal_t_s_h_part17 L=168 H=24 model=repeat covariates=none instance_norm=true remove_constant=false seed=1 batch_size=512
[2026-08-27 15:29:24,281][data.dataset][INFO] - dataset config path=/fssmall/home/h61084/codes/datasets/time/coastal_t_s_h_part17/config.json applied_keys=['date_col', 'drop_users', 'target_cols']
[2026-08-27 15:29:24,305][evaluation.evaluator][INFO] - evaluate dataset=time/coastal_t_s_h_part17 users=3 dates=5522 windows=33 removed_constant=0 L=168 H=24 stride=512
[2026-08-27 15:29:24,531][evaluation.evaluator][INFO] - artifacts ready run=/fssmall/home/h61084/codes/tsfm/outputs_selena/controls/time-coastal_t_s_h_part17/168_24/repeat/none/instance/keep/run_0 mse=0.0161766 nmse=0.825998 inference_seconds=0.020
2026-08-27 15:29:26 | configuration dataset=time/coastal_t_s_h_part17 L=168 H=24 model=repeat covariates=none instance_norm=true remove_constant=true seed=1 batch_size=512
[2026-08-27 15:29:28,532][data.dataset][INFO] - dataset config path=/fssmall/home/h61084/codes/datasets/time/coastal_t_s_h_part17/config.json applied_keys=['date_col', 'drop_users', 'target_cols']
[2026-08-27 15:29:28,555][evaluation.evaluator][INFO] - evaluate dataset=time/coastal_t_s_h_part17 users=3 dates=5522 windows=33 removed_constant=0 L=168 H=24 stride=512
[2026-08-27 15:29:28,781][evaluation.evaluator][INFO] - artifacts ready run=/fssmall/home/h61084/codes/tsfm/outputs_selena/controls/time-coastal_t_s_h_part17/168_24/repeat/none/instance/remove/run_0 mse=0.0161766 nmse=0.825998 inference_seconds=0.020
2026-08-27 15:29:30 | configuration dataset=time/coastal_t_s_h_part17 L=168 H=24 model=repeat covariates=none instance_norm=false remove_constant=false seed=1 batch_size=512
[2026-08-27 15:29:32,829][data.dataset][INFO] - dataset config path=/fssmall/home/h61084/codes/datasets/time/coastal_t_s_h_part17/config.json applied_keys=['date_col', 'drop_users', 'target_cols']
[2026-08-27 15:29:32,849][evaluation.evaluator][INFO] - evaluate dataset=time/coastal_t_s_h_part17 users=3 dates=5522 windows=33 removed_constant=0 L=168 H=24 stride=512
[2026-08-27 15:29:33,070][evaluation.evaluator][INFO] - artifacts ready run=/fssmall/home/h61084/codes/tsfm/outputs_selena/controls/time-coastal_t_s_h_part17/168_24/repeat/none/raw/keep/run_0 mse=0.0161766 nmse=0.825998 inference_seconds=0.000
2026-08-27 15:29:34 | configuration dataset=time/coastal_t_s_h_part17 L=168 H=24 model=repeat covariates=none instance_norm=false remove_constant=true seed=1 batch_size=512
[2026-08-27 15:29:37,148][data.dataset][INFO] - dataset config path=/fssmall/home/h61084/codes/datasets/time/coastal_t_s_h_part17/config.json applied_keys=['date_col', 'drop_users', 'target_cols']
[2026-08-27 15:29:37,169][evaluation.evaluator][INFO] - evaluate dataset=time/coastal_t_s_h_part17 users=3 dates=5522 windows=33 removed_constant=0 L=168 H=24 stride=512
[2026-08-27 15:29:37,385][evaluation.evaluator][INFO] - artifacts ready run=/fssmall/home/h61084/codes/tsfm/outputs_selena/controls/time-coastal_t_s_h_part17/168_24/repeat/none/raw/remove/run_0 mse=0.0161766 nmse=0.825998 inference_seconds=0.000
2026-08-27 15:29:38 | configuration dataset=time/coastal_t_s_h_part17 L=168 H=24 model=chronos2 covariates=none instance_norm=true remove_constant=false seed=1 batch_size=64
[2026-08-27 15:29:41,478][data.dataset][INFO] - dataset config path=/fssmall/home/h61084/codes/datasets/time/coastal_t_s_h_part17/config.json applied_keys=['date_col', 'drop_users', 'target_cols']
[2026-08-27 15:29:41,500][evaluation.evaluator][INFO] - evaluate dataset=time/coastal_t_s_h_part17 users=3 dates=5522 windows=33 removed_constant=0 L=168 H=24 stride=512
[2026-08-27 15:29:47,223][evaluation.evaluator][INFO] - artifacts ready run=/fssmall/home/h61084/codes/tsfm/outputs_selena/controls/time-coastal_t_s_h_part17/168_24/chronos2/none/instance/keep/run_0 mse=0.0116331 nmse=0.461844 inference_seconds=0.193
2026-08-27 15:29:49 | configuration dataset=time/coastal_t_s_h_part17 L=168 H=24 model=chronos2 covariates=none instance_norm=true remove_constant=true seed=1 batch_size=64
[2026-08-27 15:29:51,592][data.dataset][INFO] - dataset config path=/fssmall/home/h61084/codes/datasets/time/coastal_t_s_h_part17/config.json applied_keys=['date_col', 'drop_users', 'target_cols']
[2026-08-27 15:29:51,613][evaluation.evaluator][INFO] - evaluate dataset=time/coastal_t_s_h_part17 users=3 dates=5522 windows=33 removed_constant=0 L=168 H=24 stride=512
[2026-08-27 15:29:57,325][evaluation.evaluator][INFO] - artifacts ready run=/fssmall/home/h61084/codes/tsfm/outputs_selena/controls/time-coastal_t_s_h_part17/168_24/chronos2/none/instance/remove/run_0 mse=0.0116331 nmse=0.461844 inference_seconds=0.192
2026-08-27 15:29:59 | configuration dataset=time/coastal_t_s_h_part17 L=168 H=24 model=chronos2 covariates=none instance_norm=false remove_constant=false seed=1 batch_size=64
[2026-08-27 15:30:01,801][data.dataset][INFO] - dataset config path=/fssmall/home/h61084/codes/datasets/time/coastal_t_s_h_part17/config.json applied_keys=['date_col', 'drop_users', 'target_cols']
[2026-08-27 15:30:01,822][evaluation.evaluator][INFO] - evaluate dataset=time/coastal_t_s_h_part17 users=3 dates=5522 windows=33 removed_constant=0 L=168 H=24 stride=512
[2026-08-27 15:30:07,521][evaluation.evaluator][INFO] - artifacts ready run=/fssmall/home/h61084/codes/tsfm/outputs_selena/controls/time-coastal_t_s_h_part17/168_24/chronos2/none/raw/keep/run_0 mse=0.0116331 nmse=0.461843 inference_seconds=0.192
2026-08-27 15:30:09 | configuration dataset=time/coastal_t_s_h_part17 L=168 H=24 model=chronos2 covariates=none instance_norm=false remove_constant=true seed=1 batch_size=64
[2026-08-27 15:30:11,976][data.dataset][INFO] - dataset config path=/fssmall/home/h61084/codes/datasets/time/coastal_t_s_h_part17/config.json applied_keys=['date_col', 'drop_users', 'target_cols']
[2026-08-27 15:30:11,998][evaluation.evaluator][INFO] - evaluate dataset=time/coastal_t_s_h_part17 users=3 dates=5522 windows=33 removed_constant=0 L=168 H=24 stride=512
[2026-08-27 15:30:17,702][evaluation.evaluator][INFO] - artifacts ready run=/fssmall/home/h61084/codes/tsfm/outputs_selena/controls/time-coastal_t_s_h_part17/168_24/chronos2/none/raw/remove/run_0 mse=0.0116331 nmse=0.461843 inference_seconds=0.193
2026-08-27 15:30:19 | configuration dataset=time/coastal_t_s_h_part17 L=336 H=48 model=repeat covariates=none instance_norm=true remove_constant=false seed=1 batch_size=512
[2026-08-27 15:30:22,117][data.dataset][INFO] - dataset config path=/fssmall/home/h61084/codes/datasets/time/coastal_t_s_h_part17/config.json applied_keys=['date_col', 'drop_users', 'target_cols']
[2026-08-27 15:30:22,140][evaluation.evaluator][INFO] - evaluate dataset=time/coastal_t_s_h_part17 users=3 dates=5522 windows=33 removed_constant=0 L=336 H=48 stride=512
[2026-08-27 15:30:22,358][evaluation.evaluator][INFO] - artifacts ready run=/fssmall/home/h61084/codes/tsfm/outputs_selena/controls/time-coastal_t_s_h_part17/336_48/repeat/none/instance/keep/run_0 mse=0.0234103 nmse=1.20494 inference_seconds=0.020
2026-08-27 15:30:23 | configuration dataset=time/coastal_t_s_h_part17 L=336 H=48 model=repeat covariates=none instance_norm=true remove_constant=true seed=1 batch_size=512
[2026-08-27 15:30:26,418][data.dataset][INFO] - dataset config path=/fssmall/home/h61084/codes/datasets/time/coastal_t_s_h_part17/config.json applied_keys=['date_col', 'drop_users', 'target_cols']
[2026-08-27 15:30:26,439][evaluation.evaluator][INFO] - evaluate dataset=time/coastal_t_s_h_part17 users=3 dates=5522 windows=33 removed_constant=0 L=336 H=48 stride=512
[2026-08-27 15:30:26,669][evaluation.evaluator][INFO] - artifacts ready run=/fssmall/home/h61084/codes/tsfm/outputs_selena/controls/time-coastal_t_s_h_part17/336_48/repeat/none/instance/remove/run_0 mse=0.0234103 nmse=1.20494 inference_seconds=0.020
2026-08-27 15:30:28 | configuration dataset=time/coastal_t_s_h_part17 L=336 H=48 model=repeat covariates=none instance_norm=false remove_constant=false seed=1 batch_size=512
[2026-08-27 15:30:30,737][data.dataset][INFO] - dataset config path=/fssmall/home/h61084/codes/datasets/time/coastal_t_s_h_part17/config.json applied_keys=['date_col', 'drop_users', 'target_cols']
[2026-08-27 15:30:30,758][evaluation.evaluator][INFO] - evaluate dataset=time/coastal_t_s_h_part17 users=3 dates=5522 windows=33 removed_constant=0 L=336 H=48 stride=512
[2026-08-27 15:30:30,976][evaluation.evaluator][INFO] - artifacts ready run=/fssmall/home/h61084/codes/tsfm/outputs_selena/controls/time-coastal_t_s_h_part17/336_48/repeat/none/raw/keep/run_0 mse=0.0234103 nmse=1.20494 inference_seconds=0.000
2026-08-27 15:30:32 | configuration dataset=time/coastal_t_s_h_part17 L=336 H=48 model=repeat covariates=none instance_norm=false remove_constant=true seed=1 batch_size=512
[2026-08-27 15:30:35,019][data.dataset][INFO] - dataset config path=/fssmall/home/h61084/codes/datasets/time/coastal_t_s_h_part17/config.json applied_keys=['date_col', 'drop_users', 'target_cols']
[2026-08-27 15:30:35,040][evaluation.evaluator][INFO] - evaluate dataset=time/coastal_t_s_h_part17 users=3 dates=5522 windows=33 removed_constant=0 L=336 H=48 stride=512
[2026-08-27 15:30:35,257][evaluation.evaluator][INFO] - artifacts ready run=/fssmall/home/h61084/codes/tsfm/outputs_selena/controls/time-coastal_t_s_h_part17/336_48/repeat/none/raw/remove/run_0 mse=0.0234103 nmse=1.20494 inference_seconds=0.000
2026-08-27 15:30:36 | configuration dataset=time/coastal_t_s_h_part17 L=336 H=48 model=chronos2 covariates=none instance_norm=true remove_constant=false seed=1 batch_size=64
[2026-08-27 15:30:39,311][data.dataset][INFO] - dataset config path=/fssmall/home/h61084/codes/datasets/time/coastal_t_s_h_part17/config.json applied_keys=['date_col', 'drop_users', 'target_cols']
[2026-08-27 15:30:39,332][evaluation.evaluator][INFO] - evaluate dataset=time/coastal_t_s_h_part17 users=3 dates=5522 windows=33 removed_constant=0 L=336 H=48 stride=512
[2026-08-27 15:30:45,029][evaluation.evaluator][INFO] - artifacts ready run=/fssmall/home/h61084/codes/tsfm/outputs_selena/controls/time-coastal_t_s_h_part17/336_48/chronos2/none/instance/keep/run_0 mse=0.0166224 nmse=0.866927 inference_seconds=0.192
2026-08-27 15:30:46 | configuration dataset=time/coastal_t_s_h_part17 L=336 H=48 model=chronos2 covariates=none instance_norm=true remove_constant=true seed=1 batch_size=64
[2026-08-27 15:30:49,468][data.dataset][INFO] - dataset config path=/fssmall/home/h61084/codes/datasets/time/coastal_t_s_h_part17/config.json applied_keys=['date_col', 'drop_users', 'target_cols']
[2026-08-27 15:30:49,489][evaluation.evaluator][INFO] - evaluate dataset=time/coastal_t_s_h_part17 users=3 dates=5522 windows=33 removed_constant=0 L=336 H=48 stride=512
[2026-08-27 15:30:55,161][evaluation.evaluator][INFO] - artifacts ready run=/fssmall/home/h61084/codes/tsfm/outputs_selena/controls/time-coastal_t_s_h_part17/336_48/chronos2/none/instance/remove/run_0 mse=0.0166224 nmse=0.866927 inference_seconds=0.191
2026-08-27 15:30:57 | configuration dataset=time/coastal_t_s_h_part17 L=336 H=48 model=chronos2 covariates=none instance_norm=false remove_constant=false seed=1 batch_size=64
[2026-08-27 15:30:59,675][data.dataset][INFO] - dataset config path=/fssmall/home/h61084/codes/datasets/time/coastal_t_s_h_part17/config.json applied_keys=['date_col', 'drop_users', 'target_cols']
[2026-08-27 15:30:59,697][evaluation.evaluator][INFO] - evaluate dataset=time/coastal_t_s_h_part17 users=3 dates=5522 windows=33 removed_constant=0 L=336 H=48 stride=512
[2026-08-27 15:31:05,392][evaluation.evaluator][INFO] - artifacts ready run=/fssmall/home/h61084/codes/tsfm/outputs_selena/controls/time-coastal_t_s_h_part17/336_48/chronos2/none/raw/keep/run_0 mse=0.0166224 nmse=0.866927 inference_seconds=0.192
2026-08-27 15:31:07 | configuration dataset=time/coastal_t_s_h_part17 L=336 H=48 model=chronos2 covariates=none instance_norm=false remove_constant=true seed=1 batch_size=64
[2026-08-27 15:31:09,868][data.dataset][INFO] - dataset config path=/fssmall/home/h61084/codes/datasets/time/coastal_t_s_h_part17/config.json applied_keys=['date_col', 'drop_users', 'target_cols']
[2026-08-27 15:31:09,889][evaluation.evaluator][INFO] - evaluate dataset=time/coastal_t_s_h_part17 users=3 dates=5522 windows=33 removed_constant=0 L=336 H=48 stride=512
[2026-08-27 15:31:15,627][evaluation.evaluator][INFO] - artifacts ready run=/fssmall/home/h61084/codes/tsfm/outputs_selena/controls/time-coastal_t_s_h_part17/336_48/chronos2/none/raw/remove/run_0 mse=0.0166224 nmse=0.866927 inference_seconds=0.193
2026-08-27 15:31:17 | configuration dataset=time/coastal_t_s_h_part17 L=504 H=168 model=repeat covariates=none instance_norm=true remove_constant=false seed=1 batch_size=512
[2026-08-27 15:31:20,030][data.dataset][INFO] - dataset config path=/fssmall/home/h61084/codes/datasets/time/coastal_t_s_h_part17/config.json applied_keys=['date_col', 'drop_users', 'target_cols']
[2026-08-27 15:31:20,052][evaluation.evaluator][INFO] - evaluate dataset=time/coastal_t_s_h_part17 users=3 dates=5522 windows=30 removed_constant=0 L=504 H=168 stride=512
[2026-08-27 15:31:20,279][evaluation.evaluator][INFO] - artifacts ready run=/fssmall/home/h61084/codes/tsfm/outputs_selena/controls/time-coastal_t_s_h_part17/504_168/repeat/none/instance/keep/run_0 mse=0.109409 nmse=3.97863 inference_seconds=0.019
2026-08-27 15:31:21 | configuration dataset=time/coastal_t_s_h_part17 L=504 H=168 model=repeat covariates=none instance_norm=true remove_constant=true seed=1 batch_size=512
[2026-08-27 15:31:24,311][data.dataset][INFO] - dataset config path=/fssmall/home/h61084/codes/datasets/time/coastal_t_s_h_part17/config.json applied_keys=['date_col', 'drop_users', 'target_cols']
[2026-08-27 15:31:24,332][evaluation.evaluator][INFO] - evaluate dataset=time/coastal_t_s_h_part17 users=3 dates=5522 windows=30 removed_constant=0 L=504 H=168 stride=512
[2026-08-27 15:31:24,563][evaluation.evaluator][INFO] - artifacts ready run=/fssmall/home/h61084/codes/tsfm/outputs_selena/controls/time-coastal_t_s_h_part17/504_168/repeat/none/instance/remove/run_0 mse=0.109409 nmse=3.97863 inference_seconds=0.020
