2026-08-28 12:47:53 | resources data_root=auto weights_root=auto output_root=/scratch/users/h61084/codes/tsfm/outputs_selena/covariates
2026-08-28 12:48:54 | profile mode=full datasets=electricity traffic solar exchange_rate time/cphl_h_part01 time/cphl_h_part02 time/coastal_t_s_h_part01 time/coastal_t_s_h_part02 time/coastal_t_s_h_part03 time/coastal_t_s_h_part04 time/coastal_t_s_h_part05 time/coastal_t_s_h_part06 time/coastal_t_s_h_part07 time/coastal_t_s_h_part08 time/coastal_t_s_h_part09 time/coastal_t_s_h_part10 time/coastal_t_s_h_part11 time/coastal_t_s_h_part12 time/coastal_t_s_h_part13 time/coastal_t_s_h_part14 time/coastal_t_s_h_part15 time/coastal_t_s_h_part16 time/coastal_t_s_h_part17 time/coastal_t_s_h_part18 time/coastal_t_s_h_part19 time/coastal_t_s_h_part20 time/coastal_t_s_h_part21 time/coastal_t_s_h_part22 time/coastal_t_s_h_part23 time/crypto_d time/ecdc_covid_d_part01 time/ecdc_covid_d_part02 time/ecdc_covid_d_part03 time/ecdc_covid_d_part04 time/ecdc_covid_d_part05 time/ecdc_covid_d_part06 time/ecdc_covid_d_part07 time/ne_china_wind_h time/online_retail_2_uci_d time/port_activity_d time/supply_chain_customer_d time/supply_chain_location_d time/current_velocity_h_part01 time/current_velocity_h_part02 time/current_velocity_h_part03 time/current_velocity_h_part04 time/current_velocity_h_part05 time/current_velocity_h_part06 time/current_velocity_h_part07 time/current_velocity_h_part08 time/current_velocity_h_part09 time/current_velocity_h_part10 time/current_velocity_h_part11 time/current_velocity_h_part12 time/current_velocity_h_part13 time/current_velocity_h_part14 time/current_velocity_h_part15 time/current_velocity_h_part16 time/current_velocity_h_part17 time/current_velocity_h_part18 time/current_velocity_h_part19 time/current_velocity_h_part20 time/current_velocity_h_part21 settings=168:24 336:48 504:168 7:1 14:2 30:7 tasks=189 seeds=1
2026-08-28 12:48:54 | configuration dataset=electricity L=168 H=24 model=chronos2 covariates=none instance_norm=true remove_constant=false seed=1 batch_size=64
[2026-08-28 12:48:57,457][data.dataset][INFO] - dataset config path=/fssmall/home/h61084/codes/datasets/electricity/config.json applied_keys=['date_col', 'drop_users']
[2026-08-28 12:49:00,404][evaluation.evaluator][INFO] - skip complete run=/fslarge/scratch/users/h61084/codes/tsfm/outputs_selena/covariates/electricity/168_24/chronos2/none/instance/keep/run_0
2026-08-28 12:49:03 | configuration dataset=electricity L=168 H=24 model=chronos2 covariates=identity instance_norm=true remove_constant=false seed=1 batch_size=64
[2026-08-28 12:49:05,858][data.dataset][INFO] - dataset config path=/fssmall/home/h61084/codes/datasets/electricity/config.json applied_keys=['date_col', 'drop_users']
[2026-08-28 12:49:06,633][evaluation.evaluator][INFO] - skip complete run=/fslarge/scratch/users/h61084/codes/tsfm/outputs_selena/covariates/electricity/168_24/chronos2/identity/instance/keep/run_0
2026-08-28 12:49:08 | configuration dataset=electricity L=168 H=24 model=ts_icl covariates=none instance_norm=true remove_constant=false seed=1 batch_size=32
[2026-08-28 12:49:10,780][data.dataset][INFO] - dataset config path=/fssmall/home/h61084/codes/datasets/electricity/config.json applied_keys=['date_col', 'drop_users']
[2026-08-28 12:49:11,427][evaluation.evaluator][INFO] - skip complete run=/fslarge/scratch/users/h61084/codes/tsfm/outputs_selena/covariates/electricity/168_24/ts_icl/none/instance/keep/run_0
2026-08-28 12:49:12 | configuration dataset=electricity L=168 H=24 model=ts_icl covariates=identity instance_norm=true remove_constant=false seed=1 batch_size=32
[2026-08-28 12:49:15,621][data.dataset][INFO] - dataset config path=/fssmall/home/h61084/codes/datasets/electricity/config.json applied_keys=['date_col', 'drop_users']
[2026-08-28 12:49:16,270][evaluation.evaluator][INFO] - skip complete run=/fslarge/scratch/users/h61084/codes/tsfm/outputs_selena/covariates/electricity/168_24/ts_icl/identity/instance/keep/run_0
2026-08-28 12:49:17 | configuration dataset=electricity L=336 H=48 model=chronos2 covariates=none instance_norm=true remove_constant=false seed=1 batch_size=64
[2026-08-28 12:49:20,414][data.dataset][INFO] - dataset config path=/fssmall/home/h61084/codes/datasets/electricity/config.json applied_keys=['date_col', 'drop_users']
[2026-08-28 12:49:21,095][evaluation.evaluator][INFO] - skip complete run=/fslarge/scratch/users/h61084/codes/tsfm/outputs_selena/covariates/electricity/336_48/chronos2/none/instance/keep/run_0
2026-08-28 12:49:22 | configuration dataset=electricity L=336 H=48 model=chronos2 covariates=identity instance_norm=true remove_constant=false seed=1 batch_size=64
[2026-08-28 12:49:25,225][data.dataset][INFO] - dataset config path=/fssmall/home/h61084/codes/datasets/electricity/config.json applied_keys=['date_col', 'drop_users']
[2026-08-28 12:49:25,927][evaluation.evaluator][INFO] - skip complete run=/fslarge/scratch/users/h61084/codes/tsfm/outputs_selena/covariates/electricity/336_48/chronos2/identity/instance/keep/run_0
2026-08-28 12:49:27 | configuration dataset=electricity L=336 H=48 model=ts_icl covariates=none instance_norm=true remove_constant=false seed=1 batch_size=32
[2026-08-28 12:49:30,059][data.dataset][INFO] - dataset config path=/fssmall/home/h61084/codes/datasets/electricity/config.json applied_keys=['date_col', 'drop_users']
[2026-08-28 12:49:30,743][evaluation.evaluator][INFO] - skip complete run=/fslarge/scratch/users/h61084/codes/tsfm/outputs_selena/covariates/electricity/336_48/ts_icl/none/instance/keep/run_0
2026-08-28 12:49:32 | configuration dataset=electricity L=336 H=48 model=ts_icl covariates=identity instance_norm=true remove_constant=false seed=1 batch_size=32
[2026-08-28 12:49:34,970][data.dataset][INFO] - dataset config path=/fssmall/home/h61084/codes/datasets/electricity/config.json applied_keys=['date_col', 'drop_users']
[2026-08-28 12:49:35,704][evaluation.evaluator][INFO] - skip complete run=/fslarge/scratch/users/h61084/codes/tsfm/outputs_selena/covariates/electricity/336_48/ts_icl/identity/instance/keep/run_0
2026-08-28 12:49:37 | configuration dataset=electricity L=504 H=168 model=chronos2 covariates=none instance_norm=true remove_constant=false seed=1 batch_size=64
[2026-08-28 12:49:39,823][data.dataset][INFO] - dataset config path=/fssmall/home/h61084/codes/datasets/electricity/config.json applied_keys=['date_col', 'drop_users']
[2026-08-28 12:49:40,537][evaluation.evaluator][INFO] - skip complete run=/fslarge/scratch/users/h61084/codes/tsfm/outputs_selena/covariates/electricity/504_168/chronos2/none/instance/keep/run_0
2026-08-28 12:49:42 | configuration dataset=electricity L=504 H=168 model=chronos2 covariates=identity instance_norm=true remove_constant=false seed=1 batch_size=64
[2026-08-28 12:49:44,655][data.dataset][INFO] - dataset config path=/fssmall/home/h61084/codes/datasets/electricity/config.json applied_keys=['date_col', 'drop_users']
[2026-08-28 12:49:45,356][evaluation.evaluator][INFO] - skip complete run=/fslarge/scratch/users/h61084/codes/tsfm/outputs_selena/covariates/electricity/504_168/chronos2/identity/instance/keep/run_0
2026-08-28 12:49:46 | configuration dataset=electricity L=504 H=168 model=ts_icl covariates=none instance_norm=true remove_constant=false seed=1 batch_size=32
[2026-08-28 12:49:49,522][data.dataset][INFO] - dataset config path=/fssmall/home/h61084/codes/datasets/electricity/config.json applied_keys=['date_col', 'drop_users']
[2026-08-28 12:49:50,212][evaluation.evaluator][INFO] - skip complete run=/fslarge/scratch/users/h61084/codes/tsfm/outputs_selena/covariates/electricity/504_168/ts_icl/none/instance/keep/run_0
2026-08-28 12:49:51 | configuration dataset=electricity L=504 H=168 model=ts_icl covariates=identity instance_norm=true remove_constant=false seed=1 batch_size=32
[2026-08-28 12:49:54,413][data.dataset][INFO] - dataset config path=/fssmall/home/h61084/codes/datasets/electricity/config.json applied_keys=['date_col', 'drop_users']
[2026-08-28 12:49:55,114][evaluation.evaluator][INFO] - skip complete run=/fslarge/scratch/users/h61084/codes/tsfm/outputs_selena/covariates/electricity/504_168/ts_icl/identity/instance/keep/run_0
2026-08-28 12:49:56 | configuration dataset=traffic L=168 H=24 model=chronos2 covariates=none instance_norm=true remove_constant=false seed=1 batch_size=64
[2026-08-28 12:49:59,261][data.dataset][INFO] - dataset config path=/fssmall/home/h61084/codes/datasets/traffic/config.json applied_keys=['date_col', 'drop_users']
[2026-08-28 12:50:00,323][evaluation.evaluator][INFO] - skip complete run=/fslarge/scratch/users/h61084/codes/tsfm/outputs_selena/covariates/traffic/168_24/chronos2/none/instance/keep/run_0
2026-08-28 12:50:01 | configuration dataset=traffic L=168 H=24 model=chronos2 covariates=identity instance_norm=true remove_constant=false seed=1 batch_size=64
[2026-08-28 12:50:04,489][data.dataset][INFO] - dataset config path=/fssmall/home/h61084/codes/datasets/traffic/config.json applied_keys=['date_col', 'drop_users']
[2026-08-28 12:50:05,454][evaluation.evaluator][INFO] - skip complete run=/fslarge/scratch/users/h61084/codes/tsfm/outputs_selena/covariates/traffic/168_24/chronos2/identity/instance/keep/run_0
2026-08-28 12:50:06 | configuration dataset=traffic L=168 H=24 model=ts_icl covariates=none instance_norm=true remove_constant=false seed=1 batch_size=32
[2026-08-28 12:50:09,628][data.dataset][INFO] - dataset config path=/fssmall/home/h61084/codes/datasets/traffic/config.json applied_keys=['date_col', 'drop_users']
[2026-08-28 12:50:10,590][evaluation.evaluator][INFO] - skip complete run=/fslarge/scratch/users/h61084/codes/tsfm/outputs_selena/covariates/traffic/168_24/ts_icl/none/instance/keep/run_0
2026-08-28 12:50:12 | configuration dataset=traffic L=168 H=24 model=ts_icl covariates=identity instance_norm=true remove_constant=false seed=1 batch_size=32
[2026-08-28 12:50:14,744][data.dataset][INFO] - dataset config path=/fssmall/home/h61084/codes/datasets/traffic/config.json applied_keys=['date_col', 'drop_users']
[2026-08-28 12:50:15,708][evaluation.evaluator][INFO] - skip complete run=/fslarge/scratch/users/h61084/codes/tsfm/outputs_selena/covariates/traffic/168_24/ts_icl/identity/instance/keep/run_0
2026-08-28 12:50:17 | configuration dataset=traffic L=336 H=48 model=chronos2 covariates=none instance_norm=true remove_constant=false seed=1 batch_size=64
[2026-08-28 12:50:19,887][data.dataset][INFO] - dataset config path=/fssmall/home/h61084/codes/datasets/traffic/config.json applied_keys=['date_col', 'drop_users']
[2026-08-28 12:50:20,887][evaluation.evaluator][INFO] - skip complete run=/fslarge/scratch/users/h61084/codes/tsfm/outputs_selena/covariates/traffic/336_48/chronos2/none/instance/keep/run_0
2026-08-28 12:50:22 | configuration dataset=traffic L=336 H=48 model=chronos2 covariates=identity instance_norm=true remove_constant=false seed=1 batch_size=64
[2026-08-28 12:50:25,027][data.dataset][INFO] - dataset config path=/fssmall/home/h61084/codes/datasets/traffic/config.json applied_keys=['date_col', 'drop_users']
[2026-08-28 12:50:26,062][evaluation.evaluator][INFO] - skip complete run=/fslarge/scratch/users/h61084/codes/tsfm/outputs_selena/covariates/traffic/336_48/chronos2/identity/instance/keep/run_0
2026-08-28 12:50:27 | configuration dataset=traffic L=336 H=48 model=ts_icl covariates=none instance_norm=true remove_constant=false seed=1 batch_size=32
[2026-08-28 12:50:30,233][data.dataset][INFO] - dataset config path=/fssmall/home/h61084/codes/datasets/traffic/config.json applied_keys=['date_col', 'drop_users']
[2026-08-28 12:50:31,277][evaluation.evaluator][INFO] - skip complete run=/fslarge/scratch/users/h61084/codes/tsfm/outputs_selena/covariates/traffic/336_48/ts_icl/none/instance/keep/run_0
2026-08-28 12:50:32 | configuration dataset=traffic L=336 H=48 model=ts_icl covariates=identity instance_norm=true remove_constant=false seed=1 batch_size=32
[2026-08-28 12:50:35,453][data.dataset][INFO] - dataset config path=/fssmall/home/h61084/codes/datasets/traffic/config.json applied_keys=['date_col', 'drop_users']
[2026-08-28 12:50:36,463][evaluation.evaluator][INFO] - skip complete run=/fslarge/scratch/users/h61084/codes/tsfm/outputs_selena/covariates/traffic/336_48/ts_icl/identity/instance/keep/run_0
2026-08-28 12:50:37 | configuration dataset=traffic L=504 H=168 model=chronos2 covariates=none instance_norm=true remove_constant=false seed=1 batch_size=64
[2026-08-28 12:50:40,661][data.dataset][INFO] - dataset config path=/fssmall/home/h61084/codes/datasets/traffic/config.json applied_keys=['date_col', 'drop_users']
[2026-08-28 12:50:41,710][evaluation.evaluator][INFO] - skip complete run=/fslarge/scratch/users/h61084/codes/tsfm/outputs_selena/covariates/traffic/504_168/chronos2/none/instance/keep/run_0
2026-08-28 12:50:43 | configuration dataset=traffic L=504 H=168 model=chronos2 covariates=identity instance_norm=true remove_constant=false seed=1 batch_size=64
[2026-08-28 12:50:45,868][data.dataset][INFO] - dataset config path=/fssmall/home/h61084/codes/datasets/traffic/config.json applied_keys=['date_col', 'drop_users']
[2026-08-28 12:50:46,919][evaluation.evaluator][INFO] - skip complete run=/fslarge/scratch/users/h61084/codes/tsfm/outputs_selena/covariates/traffic/504_168/chronos2/identity/instance/keep/run_0
2026-08-28 12:50:48 | configuration dataset=traffic L=504 H=168 model=ts_icl covariates=none instance_norm=true remove_constant=false seed=1 batch_size=32
[2026-08-28 12:50:51,079][data.dataset][INFO] - dataset config path=/fssmall/home/h61084/codes/datasets/traffic/config.json applied_keys=['date_col', 'drop_users']
[2026-08-28 12:50:52,128][evaluation.evaluator][INFO] - skip complete run=/fslarge/scratch/users/h61084/codes/tsfm/outputs_selena/covariates/traffic/504_168/ts_icl/none/instance/keep/run_0
2026-08-28 12:50:53 | configuration dataset=traffic L=504 H=168 model=ts_icl covariates=identity instance_norm=true remove_constant=false seed=1 batch_size=32
[2026-08-28 12:50:56,269][data.dataset][INFO] - dataset config path=/fssmall/home/h61084/codes/datasets/traffic/config.json applied_keys=['date_col', 'drop_users']
[2026-08-28 12:50:57,332][evaluation.evaluator][INFO] - skip complete run=/fslarge/scratch/users/h61084/codes/tsfm/outputs_selena/covariates/traffic/504_168/ts_icl/identity/instance/keep/run_0
2026-08-28 12:50:58 | configuration dataset=solar L=168 H=24 model=chronos2 covariates=none instance_norm=true remove_constant=false seed=1 batch_size=64
[2026-08-28 12:51:01,462][data.dataset][INFO] - dataset config path=/fssmall/home/h61084/codes/datasets/solar/config.json applied_keys=['aggr', 'date_col', 'drop_users']
[2026-08-28 12:51:01,841][evaluation.evaluator][INFO] - skip complete run=/fslarge/scratch/users/h61084/codes/tsfm/outputs_selena/covariates/solar/168_24/chronos2/none/instance/keep/run_0
2026-08-28 12:51:03 | configuration dataset=solar L=168 H=24 model=chronos2 covariates=identity instance_norm=true remove_constant=false seed=1 batch_size=64
[2026-08-28 12:51:06,019][data.dataset][INFO] - dataset config path=/fssmall/home/h61084/codes/datasets/solar/config.json applied_keys=['aggr', 'date_col', 'drop_users']
[2026-08-28 12:51:06,366][evaluation.evaluator][INFO] - skip complete run=/fslarge/scratch/users/h61084/codes/tsfm/outputs_selena/covariates/solar/168_24/chronos2/identity/instance/keep/run_0
2026-08-28 12:51:07 | configuration dataset=solar L=168 H=24 model=ts_icl covariates=none instance_norm=true remove_constant=false seed=1 batch_size=32
[2026-08-28 12:51:10,540][data.dataset][INFO] - dataset config path=/fssmall/home/h61084/codes/datasets/solar/config.json applied_keys=['aggr', 'date_col', 'drop_users']
[2026-08-28 12:51:10,881][evaluation.evaluator][INFO] - skip complete run=/fslarge/scratch/users/h61084/codes/tsfm/outputs_selena/covariates/solar/168_24/ts_icl/none/instance/keep/run_0
2026-08-28 12:51:12 | configuration dataset=solar L=168 H=24 model=ts_icl covariates=identity instance_norm=true remove_constant=false seed=1 batch_size=32
[2026-08-28 12:51:15,060][data.dataset][INFO] - dataset config path=/fssmall/home/h61084/codes/datasets/solar/config.json applied_keys=['aggr', 'date_col', 'drop_users']
[2026-08-28 12:51:15,397][evaluation.evaluator][INFO] - skip complete run=/fslarge/scratch/users/h61084/codes/tsfm/outputs_selena/covariates/solar/168_24/ts_icl/identity/instance/keep/run_0
2026-08-28 12:51:16 | configuration dataset=solar L=336 H=48 model=chronos2 covariates=none instance_norm=true remove_constant=false seed=1 batch_size=64
[2026-08-28 12:51:19,532][data.dataset][INFO] - dataset config path=/fssmall/home/h61084/codes/datasets/solar/config.json applied_keys=['aggr', 'date_col', 'drop_users']
[2026-08-28 12:51:19,875][evaluation.evaluator][INFO] - skip complete run=/fslarge/scratch/users/h61084/codes/tsfm/outputs_selena/covariates/solar/336_48/chronos2/none/instance/keep/run_0
2026-08-28 12:51:21 | configuration dataset=solar L=336 H=48 model=chronos2 covariates=identity instance_norm=true remove_constant=false seed=1 batch_size=64
[2026-08-28 12:51:24,028][data.dataset][INFO] - dataset config path=/fssmall/home/h61084/codes/datasets/solar/config.json applied_keys=['aggr', 'date_col', 'drop_users']
[2026-08-28 12:51:24,376][evaluation.evaluator][INFO] - skip complete run=/fslarge/scratch/users/h61084/codes/tsfm/outputs_selena/covariates/solar/336_48/chronos2/identity/instance/keep/run_0
2026-08-28 12:51:25 | configuration dataset=solar L=336 H=48 model=ts_icl covariates=none instance_norm=true remove_constant=false seed=1 batch_size=32
[2026-08-28 12:51:28,526][data.dataset][INFO] - dataset config path=/fssmall/home/h61084/codes/datasets/solar/config.json applied_keys=['aggr', 'date_col', 'drop_users']
[2026-08-28 12:51:28,871][evaluation.evaluator][INFO] - skip complete run=/fslarge/scratch/users/h61084/codes/tsfm/outputs_selena/covariates/solar/336_48/ts_icl/none/instance/keep/run_0
2026-08-28 12:51:30 | configuration dataset=solar L=336 H=48 model=ts_icl covariates=identity instance_norm=true remove_constant=false seed=1 batch_size=32
[2026-08-28 12:51:33,028][data.dataset][INFO] - dataset config path=/fssmall/home/h61084/codes/datasets/solar/config.json applied_keys=['aggr', 'date_col', 'drop_users']
[2026-08-28 12:51:33,372][evaluation.evaluator][INFO] - skip complete run=/fslarge/scratch/users/h61084/codes/tsfm/outputs_selena/covariates/solar/336_48/ts_icl/identity/instance/keep/run_0
2026-08-28 12:51:34 | configuration dataset=solar L=504 H=168 model=chronos2 covariates=none instance_norm=true remove_constant=false seed=1 batch_size=64
[2026-08-28 12:51:37,505][data.dataset][INFO] - dataset config path=/fssmall/home/h61084/codes/datasets/solar/config.json applied_keys=['aggr', 'date_col', 'drop_users']
[2026-08-28 12:51:37,859][evaluation.evaluator][INFO] - skip complete run=/fslarge/scratch/users/h61084/codes/tsfm/outputs_selena/covariates/solar/504_168/chronos2/none/instance/keep/run_0
2026-08-28 12:51:39 | configuration dataset=solar L=504 H=168 model=chronos2 covariates=identity instance_norm=true remove_constant=false seed=1 batch_size=64
[2026-08-28 12:51:42,036][data.dataset][INFO] - dataset config path=/fssmall/home/h61084/codes/datasets/solar/config.json applied_keys=['aggr', 'date_col', 'drop_users']
[2026-08-28 12:51:42,384][evaluation.evaluator][INFO] - skip complete run=/fslarge/scratch/users/h61084/codes/tsfm/outputs_selena/covariates/solar/504_168/chronos2/identity/instance/keep/run_0
2026-08-28 12:51:43 | configuration dataset=solar L=504 H=168 model=ts_icl covariates=none instance_norm=true remove_constant=false seed=1 batch_size=32
[2026-08-28 12:51:46,511][data.dataset][INFO] - dataset config path=/fssmall/home/h61084/codes/datasets/solar/config.json applied_keys=['aggr', 'date_col', 'drop_users']
[2026-08-28 12:51:46,876][evaluation.evaluator][INFO] - skip complete run=/fslarge/scratch/users/h61084/codes/tsfm/outputs_selena/covariates/solar/504_168/ts_icl/none/instance/keep/run_0
2026-08-28 12:51:48 | configuration dataset=solar L=504 H=168 model=ts_icl covariates=identity instance_norm=true remove_constant=false seed=1 batch_size=32
[2026-08-28 12:51:51,009][data.dataset][INFO] - dataset config path=/fssmall/home/h61084/codes/datasets/solar/config.json applied_keys=['aggr', 'date_col', 'drop_users']
[2026-08-28 12:51:51,353][evaluation.evaluator][INFO] - skip complete run=/fslarge/scratch/users/h61084/codes/tsfm/outputs_selena/covariates/solar/504_168/ts_icl/identity/instance/keep/run_0
2026-08-28 12:51:52 | configuration dataset=exchange_rate L=7 H=1 model=chronos2 covariates=none instance_norm=true remove_constant=false seed=1 batch_size=64
[2026-08-28 12:51:55,503][data.dataset][INFO] - dataset config path=/fssmall/home/h61084/codes/datasets/exchange_rate/config.json applied_keys=['date_col', 'drop_users']
[2026-08-28 12:51:55,524][evaluation.evaluator][INFO] - skip complete run=/fslarge/scratch/users/h61084/codes/tsfm/outputs_selena/covariates/exchange_rate/7_1/chronos2/none/instance/keep/run_0
2026-08-28 12:51:57 | configuration dataset=exchange_rate L=7 H=1 model=chronos2 covariates=identity instance_norm=true remove_constant=false seed=1 batch_size=64
[2026-08-28 12:51:59,663][data.dataset][INFO] - dataset config path=/fssmall/home/h61084/codes/datasets/exchange_rate/config.json applied_keys=['date_col', 'drop_users']
[2026-08-28 12:51:59,682][evaluation.evaluator][INFO] - skip complete run=/fslarge/scratch/users/h61084/codes/tsfm/outputs_selena/covariates/exchange_rate/7_1/chronos2/identity/instance/keep/run_0
2026-08-28 12:52:01 | configuration dataset=exchange_rate L=7 H=1 model=ts_icl covariates=none instance_norm=true remove_constant=false seed=1 batch_size=32
[2026-08-28 12:52:03,823][data.dataset][INFO] - dataset config path=/fssmall/home/h61084/codes/datasets/exchange_rate/config.json applied_keys=['date_col', 'drop_users']
[2026-08-28 12:52:03,842][evaluation.evaluator][INFO] - skip complete run=/fslarge/scratch/users/h61084/codes/tsfm/outputs_selena/covariates/exchange_rate/7_1/ts_icl/none/instance/keep/run_0
2026-08-28 12:52:05 | configuration dataset=exchange_rate L=7 H=1 model=ts_icl covariates=identity instance_norm=true remove_constant=false seed=1 batch_size=32
[2026-08-28 12:52:07,997][data.dataset][INFO] - dataset config path=/fssmall/home/h61084/codes/datasets/exchange_rate/config.json applied_keys=['date_col', 'drop_users']
[2026-08-28 12:52:08,016][evaluation.evaluator][INFO] - skip complete run=/fslarge/scratch/users/h61084/codes/tsfm/outputs_selena/covariates/exchange_rate/7_1/ts_icl/identity/instance/keep/run_0
2026-08-28 12:52:09 | configuration dataset=exchange_rate L=14 H=2 model=chronos2 covariates=none instance_norm=true remove_constant=false seed=1 batch_size=64
[2026-08-28 12:52:12,162][data.dataset][INFO] - dataset config path=/fssmall/home/h61084/codes/datasets/exchange_rate/config.json applied_keys=['date_col', 'drop_users']
[2026-08-28 12:52:12,181][evaluation.evaluator][INFO] - skip complete run=/fslarge/scratch/users/h61084/codes/tsfm/outputs_selena/covariates/exchange_rate/14_2/chronos2/none/instance/keep/run_0
2026-08-28 12:52:13 | configuration dataset=exchange_rate L=14 H=2 model=chronos2 covariates=identity instance_norm=true remove_constant=false seed=1 batch_size=64
[2026-08-28 12:52:16,325][data.dataset][INFO] - dataset config path=/fssmall/home/h61084/codes/datasets/exchange_rate/config.json applied_keys=['date_col', 'drop_users']
[2026-08-28 12:52:16,345][evaluation.evaluator][INFO] - skip complete run=/fslarge/scratch/users/h61084/codes/tsfm/outputs_selena/covariates/exchange_rate/14_2/chronos2/identity/instance/keep/run_0
2026-08-28 12:52:17 | configuration dataset=exchange_rate L=14 H=2 model=ts_icl covariates=none instance_norm=true remove_constant=false seed=1 batch_size=32
[2026-08-28 12:52:20,508][data.dataset][INFO] - dataset config path=/fssmall/home/h61084/codes/datasets/exchange_rate/config.json applied_keys=['date_col', 'drop_users']
[2026-08-28 12:52:20,527][evaluation.evaluator][INFO] - skip complete run=/fslarge/scratch/users/h61084/codes/tsfm/outputs_selena/covariates/exchange_rate/14_2/ts_icl/none/instance/keep/run_0
2026-08-28 12:52:22 | configuration dataset=exchange_rate L=14 H=2 model=ts_icl covariates=identity instance_norm=true remove_constant=false seed=1 batch_size=32
[2026-08-28 12:52:24,668][data.dataset][INFO] - dataset config path=/fssmall/home/h61084/codes/datasets/exchange_rate/config.json applied_keys=['date_col', 'drop_users']
[2026-08-28 12:52:24,688][evaluation.evaluator][INFO] - skip complete run=/fslarge/scratch/users/h61084/codes/tsfm/outputs_selena/covariates/exchange_rate/14_2/ts_icl/identity/instance/keep/run_0
2026-08-28 12:52:26 | configuration dataset=exchange_rate L=30 H=7 model=chronos2 covariates=none instance_norm=true remove_constant=false seed=1 batch_size=64
[2026-08-28 12:52:28,824][data.dataset][INFO] - dataset config path=/fssmall/home/h61084/codes/datasets/exchange_rate/config.json applied_keys=['date_col', 'drop_users']
[2026-08-28 12:52:28,844][evaluation.evaluator][INFO] - skip complete run=/fslarge/scratch/users/h61084/codes/tsfm/outputs_selena/covariates/exchange_rate/30_7/chronos2/none/instance/keep/run_0
2026-08-28 12:52:30 | configuration dataset=exchange_rate L=30 H=7 model=chronos2 covariates=identity instance_norm=true remove_constant=false seed=1 batch_size=64
[2026-08-28 12:52:33,002][data.dataset][INFO] - dataset config path=/fssmall/home/h61084/codes/datasets/exchange_rate/config.json applied_keys=['date_col', 'drop_users']
[2026-08-28 12:52:33,021][evaluation.evaluator][INFO] - skip complete run=/fslarge/scratch/users/h61084/codes/tsfm/outputs_selena/covariates/exchange_rate/30_7/chronos2/identity/instance/keep/run_0
2026-08-28 12:52:34 | configuration dataset=exchange_rate L=30 H=7 model=ts_icl covariates=none instance_norm=true remove_constant=false seed=1 batch_size=32
[2026-08-28 12:52:37,139][data.dataset][INFO] - dataset config path=/fssmall/home/h61084/codes/datasets/exchange_rate/config.json applied_keys=['date_col', 'drop_users']
[2026-08-28 12:52:37,158][evaluation.evaluator][INFO] - skip complete run=/fslarge/scratch/users/h61084/codes/tsfm/outputs_selena/covariates/exchange_rate/30_7/ts_icl/none/instance/keep/run_0
2026-08-28 12:52:38 | configuration dataset=exchange_rate L=30 H=7 model=ts_icl covariates=identity instance_norm=true remove_constant=false seed=1 batch_size=32
[2026-08-28 12:52:41,298][data.dataset][INFO] - dataset config path=/fssmall/home/h61084/codes/datasets/exchange_rate/config.json applied_keys=['date_col', 'drop_users']
[2026-08-28 12:52:41,317][evaluation.evaluator][INFO] - skip complete run=/fslarge/scratch/users/h61084/codes/tsfm/outputs_selena/covariates/exchange_rate/30_7/ts_icl/identity/instance/keep/run_0
2026-08-28 12:52:42 | configuration dataset=time/cphl_h_part01 L=168 H=24 model=chronos2 covariates=none instance_norm=true remove_constant=false seed=1 batch_size=64
[2026-08-28 12:52:45,460][data.dataset][INFO] - dataset config path=/fssmall/home/h61084/codes/datasets/time/cphl_h_part01/config.json applied_keys=['date_col', 'drop_users', 'target_cols']
[2026-08-28 12:52:45,888][evaluation.evaluator][INFO] - skip complete run=/fslarge/scratch/users/h61084/codes/tsfm/outputs_selena/covariates/time-cphl_h_part01/168_24/chronos2/none/instance/keep/run_0
2026-08-28 12:52:47 | configuration dataset=time/cphl_h_part01 L=168 H=24 model=chronos2 covariates=identity instance_norm=true remove_constant=false seed=1 batch_size=64
[2026-08-28 12:52:50,078][data.dataset][INFO] - dataset config path=/fssmall/home/h61084/codes/datasets/time/cphl_h_part01/config.json applied_keys=['date_col', 'drop_users', 'target_cols']
[2026-08-28 12:52:50,092][evaluation.evaluator][INFO] - skip complete run=/fslarge/scratch/users/h61084/codes/tsfm/outputs_selena/covariates/time-cphl_h_part01/168_24/chronos2/identity/instance/keep/run_0
2026-08-28 12:52:51 | configuration dataset=time/cphl_h_part01 L=168 H=24 model=ts_icl covariates=none instance_norm=true remove_constant=false seed=1 batch_size=32
[2026-08-28 12:52:54,218][data.dataset][INFO] - dataset config path=/fssmall/home/h61084/codes/datasets/time/cphl_h_part01/config.json applied_keys=['date_col', 'drop_users', 'target_cols']
[2026-08-28 12:52:54,232][evaluation.evaluator][INFO] - skip complete run=/fslarge/scratch/users/h61084/codes/tsfm/outputs_selena/covariates/time-cphl_h_part01/168_24/ts_icl/none/instance/keep/run_0
2026-08-28 12:52:55 | configuration dataset=time/cphl_h_part01 L=168 H=24 model=ts_icl covariates=identity instance_norm=true remove_constant=false seed=1 batch_size=32
[2026-08-28 12:52:58,376][data.dataset][INFO] - dataset config path=/fssmall/home/h61084/codes/datasets/time/cphl_h_part01/config.json applied_keys=['date_col', 'drop_users', 'target_cols']
[2026-08-28 12:52:58,390][evaluation.evaluator][INFO] - skip complete run=/fslarge/scratch/users/h61084/codes/tsfm/outputs_selena/covariates/time-cphl_h_part01/168_24/ts_icl/identity/instance/keep/run_0
2026-08-28 12:52:59 | configuration dataset=time/cphl_h_part01 L=336 H=48 model=chronos2 covariates=none instance_norm=true remove_constant=false seed=1 batch_size=64
[2026-08-28 12:53:02,505][data.dataset][INFO] - dataset config path=/fssmall/home/h61084/codes/datasets/time/cphl_h_part01/config.json applied_keys=['date_col', 'drop_users', 'target_cols']
[2026-08-28 12:53:02,519][evaluation.evaluator][INFO] - skip complete run=/fslarge/scratch/users/h61084/codes/tsfm/outputs_selena/covariates/time-cphl_h_part01/336_48/chronos2/none/instance/keep/run_0
2026-08-28 12:53:04 | configuration dataset=time/cphl_h_part01 L=336 H=48 model=chronos2 covariates=identity instance_norm=true remove_constant=false seed=1 batch_size=64
[2026-08-28 12:53:06,654][data.dataset][INFO] - dataset config path=/fssmall/home/h61084/codes/datasets/time/cphl_h_part01/config.json applied_keys=['date_col', 'drop_users', 'target_cols']
[2026-08-28 12:53:06,669][evaluation.evaluator][INFO] - skip complete run=/fslarge/scratch/users/h61084/codes/tsfm/outputs_selena/covariates/time-cphl_h_part01/336_48/chronos2/identity/instance/keep/run_0
2026-08-28 12:53:08 | configuration dataset=time/cphl_h_part01 L=336 H=48 model=ts_icl covariates=none instance_norm=true remove_constant=false seed=1 batch_size=32
[2026-08-28 12:53:10,806][data.dataset][INFO] - dataset config path=/fssmall/home/h61084/codes/datasets/time/cphl_h_part01/config.json applied_keys=['date_col', 'drop_users', 'target_cols']
[2026-08-28 12:53:10,820][evaluation.evaluator][INFO] - skip complete run=/fslarge/scratch/users/h61084/codes/tsfm/outputs_selena/covariates/time-cphl_h_part01/336_48/ts_icl/none/instance/keep/run_0
2026-08-28 12:53:12 | configuration dataset=time/cphl_h_part01 L=336 H=48 model=ts_icl covariates=identity instance_norm=true remove_constant=false seed=1 batch_size=32
[2026-08-28 12:53:15,014][data.dataset][INFO] - dataset config path=/fssmall/home/h61084/codes/datasets/time/cphl_h_part01/config.json applied_keys=['date_col', 'drop_users', 'target_cols']
[2026-08-28 12:53:15,030][evaluation.evaluator][INFO] - skip complete run=/fslarge/scratch/users/h61084/codes/tsfm/outputs_selena/covariates/time-cphl_h_part01/336_48/ts_icl/identity/instance/keep/run_0
2026-08-28 12:53:16 | configuration dataset=time/cphl_h_part01 L=504 H=168 model=chronos2 covariates=none instance_norm=true remove_constant=false seed=1 batch_size=64
[2026-08-28 12:53:19,169][data.dataset][INFO] - dataset config path=/fssmall/home/h61084/codes/datasets/time/cphl_h_part01/config.json applied_keys=['date_col', 'drop_users', 'target_cols']
[2026-08-28 12:53:19,185][evaluation.evaluator][INFO] - skip complete run=/fslarge/scratch/users/h61084/codes/tsfm/outputs_selena/covariates/time-cphl_h_part01/504_168/chronos2/none/instance/keep/run_0
2026-08-28 12:53:20 | configuration dataset=time/cphl_h_part01 L=504 H=168 model=chronos2 covariates=identity instance_norm=true remove_constant=false seed=1 batch_size=64
[2026-08-28 12:53:23,319][data.dataset][INFO] - dataset config path=/fssmall/home/h61084/codes/datasets/time/cphl_h_part01/config.json applied_keys=['date_col', 'drop_users', 'target_cols']
[2026-08-28 12:53:23,338][evaluation.evaluator][INFO] - skip complete run=/fslarge/scratch/users/h61084/codes/tsfm/outputs_selena/covariates/time-cphl_h_part01/504_168/chronos2/identity/instance/keep/run_0
2026-08-28 12:53:24 | configuration dataset=time/cphl_h_part01 L=504 H=168 model=ts_icl covariates=none instance_norm=true remove_constant=false seed=1 batch_size=32
[2026-08-28 12:53:27,452][data.dataset][INFO] - dataset config path=/fssmall/home/h61084/codes/datasets/time/cphl_h_part01/config.json applied_keys=['date_col', 'drop_users', 'target_cols']
[2026-08-28 12:53:27,470][evaluation.evaluator][INFO] - skip complete run=/fslarge/scratch/users/h61084/codes/tsfm/outputs_selena/covariates/time-cphl_h_part01/504_168/ts_icl/none/instance/keep/run_0
2026-08-28 12:53:28 | configuration dataset=time/cphl_h_part01 L=504 H=168 model=ts_icl covariates=identity instance_norm=true remove_constant=false seed=1 batch_size=32
[2026-08-28 12:53:31,639][data.dataset][INFO] - dataset config path=/fssmall/home/h61084/codes/datasets/time/cphl_h_part01/config.json applied_keys=['date_col', 'drop_users', 'target_cols']
[2026-08-28 12:53:31,659][evaluation.evaluator][INFO] - skip complete run=/fslarge/scratch/users/h61084/codes/tsfm/outputs_selena/covariates/time-cphl_h_part01/504_168/ts_icl/identity/instance/keep/run_0
2026-08-28 12:53:33 | configuration dataset=time/cphl_h_part02 L=168 H=24 model=chronos2 covariates=none instance_norm=true remove_constant=false seed=1 batch_size=64
[2026-08-28 12:53:35,782][data.dataset][INFO] - dataset config path=/fssmall/home/h61084/codes/datasets/time/cphl_h_part02/config.json applied_keys=['date_col', 'drop_users', 'target_cols']
[2026-08-28 12:53:35,796][evaluation.evaluator][INFO] - skip complete run=/fslarge/scratch/users/h61084/codes/tsfm/outputs_selena/covariates/time-cphl_h_part02/168_24/chronos2/none/instance/keep/run_0
2026-08-28 12:53:37 | configuration dataset=time/cphl_h_part02 L=168 H=24 model=chronos2 covariates=identity instance_norm=true remove_constant=false seed=1 batch_size=64
[2026-08-28 12:53:39,935][data.dataset][INFO] - dataset config path=/fssmall/home/h61084/codes/datasets/time/cphl_h_part02/config.json applied_keys=['date_col', 'drop_users', 'target_cols']
[2026-08-28 12:53:39,948][evaluation.evaluator][INFO] - skip complete run=/fslarge/scratch/users/h61084/codes/tsfm/outputs_selena/covariates/time-cphl_h_part02/168_24/chronos2/identity/instance/keep/run_0
2026-08-28 12:53:41 | configuration dataset=time/cphl_h_part02 L=168 H=24 model=ts_icl covariates=none instance_norm=true remove_constant=false seed=1 batch_size=32
[2026-08-28 12:53:44,093][data.dataset][INFO] - dataset config path=/fssmall/home/h61084/codes/datasets/time/cphl_h_part02/config.json applied_keys=['date_col', 'drop_users', 'target_cols']
[2026-08-28 12:53:44,107][evaluation.evaluator][INFO] - skip complete run=/fslarge/scratch/users/h61084/codes/tsfm/outputs_selena/covariates/time-cphl_h_part02/168_24/ts_icl/none/instance/keep/run_0
2026-08-28 12:53:45 | configuration dataset=time/cphl_h_part02 L=168 H=24 model=ts_icl covariates=identity instance_norm=true remove_constant=false seed=1 batch_size=32
[2026-08-28 12:53:48,240][data.dataset][INFO] - dataset config path=/fssmall/home/h61084/codes/datasets/time/cphl_h_part02/config.json applied_keys=['date_col', 'drop_users', 'target_cols']
[2026-08-28 12:53:48,253][evaluation.evaluator][INFO] - skip complete run=/fslarge/scratch/users/h61084/codes/tsfm/outputs_selena/covariates/time-cphl_h_part02/168_24/ts_icl/identity/instance/keep/run_0
2026-08-28 12:53:49 | configuration dataset=time/cphl_h_part02 L=336 H=48 model=chronos2 covariates=none instance_norm=true remove_constant=false seed=1 batch_size=64
[2026-08-28 12:53:52,408][data.dataset][INFO] - dataset config path=/fssmall/home/h61084/codes/datasets/time/cphl_h_part02/config.json applied_keys=['date_col', 'drop_users', 'target_cols']
[2026-08-28 12:53:52,421][evaluation.evaluator][INFO] - skip complete run=/fslarge/scratch/users/h61084/codes/tsfm/outputs_selena/covariates/time-cphl_h_part02/336_48/chronos2/none/instance/keep/run_0
2026-08-28 12:53:53 | configuration dataset=time/cphl_h_part02 L=336 H=48 model=chronos2 covariates=identity instance_norm=true remove_constant=false seed=1 batch_size=64
[2026-08-28 12:53:56,606][data.dataset][INFO] - dataset config path=/fssmall/home/h61084/codes/datasets/time/cphl_h_part02/config.json applied_keys=['date_col', 'drop_users', 'target_cols']
[2026-08-28 12:53:56,619][evaluation.evaluator][INFO] - skip complete run=/fslarge/scratch/users/h61084/codes/tsfm/outputs_selena/covariates/time-cphl_h_part02/336_48/chronos2/identity/instance/keep/run_0
2026-08-28 12:53:58 | configuration dataset=time/cphl_h_part02 L=336 H=48 model=ts_icl covariates=none instance_norm=true remove_constant=false seed=1 batch_size=32
[2026-08-28 12:54:00,778][data.dataset][INFO] - dataset config path=/fssmall/home/h61084/codes/datasets/time/cphl_h_part02/config.json applied_keys=['date_col', 'drop_users', 'target_cols']
[2026-08-28 12:54:00,791][evaluation.evaluator][INFO] - skip complete run=/fslarge/scratch/users/h61084/codes/tsfm/outputs_selena/covariates/time-cphl_h_part02/336_48/ts_icl/none/instance/keep/run_0
2026-08-28 12:54:02 | configuration dataset=time/cphl_h_part02 L=336 H=48 model=ts_icl covariates=identity instance_norm=true remove_constant=false seed=1 batch_size=32
[2026-08-28 12:54:04,952][data.dataset][INFO] - dataset config path=/fssmall/home/h61084/codes/datasets/time/cphl_h_part02/config.json applied_keys=['date_col', 'drop_users', 'target_cols']
[2026-08-28 12:54:04,966][evaluation.evaluator][INFO] - skip complete run=/fslarge/scratch/users/h61084/codes/tsfm/outputs_selena/covariates/time-cphl_h_part02/336_48/ts_icl/identity/instance/keep/run_0
2026-08-28 12:54:06 | configuration dataset=time/cphl_h_part02 L=504 H=168 model=chronos2 covariates=none instance_norm=true remove_constant=false seed=1 batch_size=64
[2026-08-28 12:54:09,126][data.dataset][INFO] - dataset config path=/fssmall/home/h61084/codes/datasets/time/cphl_h_part02/config.json applied_keys=['date_col', 'drop_users', 'target_cols']
[2026-08-28 12:54:09,139][evaluation.evaluator][INFO] - skip complete run=/fslarge/scratch/users/h61084/codes/tsfm/outputs_selena/covariates/time-cphl_h_part02/504_168/chronos2/none/instance/keep/run_0
2026-08-28 12:54:10 | configuration dataset=time/cphl_h_part02 L=504 H=168 model=chronos2 covariates=identity instance_norm=true remove_constant=false seed=1 batch_size=64
[2026-08-28 12:54:13,290][data.dataset][INFO] - dataset config path=/fssmall/home/h61084/codes/datasets/time/cphl_h_part02/config.json applied_keys=['date_col', 'drop_users', 'target_cols']
[2026-08-28 12:54:13,303][evaluation.evaluator][INFO] - skip complete run=/fslarge/scratch/users/h61084/codes/tsfm/outputs_selena/covariates/time-cphl_h_part02/504_168/chronos2/identity/instance/keep/run_0
2026-08-28 12:54:14 | configuration dataset=time/cphl_h_part02 L=504 H=168 model=ts_icl covariates=none instance_norm=true remove_constant=false seed=1 batch_size=32
[2026-08-28 12:54:17,457][data.dataset][INFO] - dataset config path=/fssmall/home/h61084/codes/datasets/time/cphl_h_part02/config.json applied_keys=['date_col', 'drop_users', 'target_cols']
[2026-08-28 12:54:17,470][evaluation.evaluator][INFO] - skip complete run=/fslarge/scratch/users/h61084/codes/tsfm/outputs_selena/covariates/time-cphl_h_part02/504_168/ts_icl/none/instance/keep/run_0
2026-08-28 12:54:18 | configuration dataset=time/cphl_h_part02 L=504 H=168 model=ts_icl covariates=identity instance_norm=true remove_constant=false seed=1 batch_size=32
[2026-08-28 12:54:21,628][data.dataset][INFO] - dataset config path=/fssmall/home/h61084/codes/datasets/time/cphl_h_part02/config.json applied_keys=['date_col', 'drop_users', 'target_cols']
[2026-08-28 12:54:21,642][evaluation.evaluator][INFO] - skip complete run=/fslarge/scratch/users/h61084/codes/tsfm/outputs_selena/covariates/time-cphl_h_part02/504_168/ts_icl/identity/instance/keep/run_0
2026-08-28 12:54:23 | configuration dataset=time/coastal_t_s_h_part01 L=168 H=24 model=chronos2 covariates=none instance_norm=true remove_constant=false seed=1 batch_size=64
[2026-08-28 12:54:25,777][data.dataset][INFO] - dataset config path=/fssmall/home/h61084/codes/datasets/time/coastal_t_s_h_part01/config.json applied_keys=['date_col', 'drop_users', 'target_cols']
[2026-08-28 12:54:25,795][evaluation.evaluator][INFO] - skip complete run=/fslarge/scratch/users/h61084/codes/tsfm/outputs_selena/covariates/time-coastal_t_s_h_part01/168_24/chronos2/none/instance/keep/run_0
2026-08-28 12:54:27 | configuration dataset=time/coastal_t_s_h_part01 L=168 H=24 model=chronos2 covariates=identity instance_norm=true remove_constant=false seed=1 batch_size=64
[2026-08-28 12:54:29,966][data.dataset][INFO] - dataset config path=/fssmall/home/h61084/codes/datasets/time/coastal_t_s_h_part01/config.json applied_keys=['date_col', 'drop_users', 'target_cols']
[2026-08-28 12:54:29,984][evaluation.evaluator][INFO] - skip complete run=/fslarge/scratch/users/h61084/codes/tsfm/outputs_selena/covariates/time-coastal_t_s_h_part01/168_24/chronos2/identity/instance/keep/run_0
2026-08-28 12:54:31 | configuration dataset=time/coastal_t_s_h_part01 L=168 H=24 model=ts_icl covariates=none instance_norm=true remove_constant=false seed=1 batch_size=32
[2026-08-28 12:54:34,104][data.dataset][INFO] - dataset config path=/fssmall/home/h61084/codes/datasets/time/coastal_t_s_h_part01/config.json applied_keys=['date_col', 'drop_users', 'target_cols']
[2026-08-28 12:54:34,121][evaluation.evaluator][INFO] - skip complete run=/fslarge/scratch/users/h61084/codes/tsfm/outputs_selena/covariates/time-coastal_t_s_h_part01/168_24/ts_icl/none/instance/keep/run_0
2026-08-28 12:54:35 | configuration dataset=time/coastal_t_s_h_part01 L=168 H=24 model=ts_icl covariates=identity instance_norm=true remove_constant=false seed=1 batch_size=32
[2026-08-28 12:54:38,249][data.dataset][INFO] - dataset config path=/fssmall/home/h61084/codes/datasets/time/coastal_t_s_h_part01/config.json applied_keys=['date_col', 'drop_users', 'target_cols']
[2026-08-28 12:54:38,267][evaluation.evaluator][INFO] - skip complete run=/fslarge/scratch/users/h61084/codes/tsfm/outputs_selena/covariates/time-coastal_t_s_h_part01/168_24/ts_icl/identity/instance/keep/run_0
2026-08-28 12:54:39 | configuration dataset=time/coastal_t_s_h_part01 L=336 H=48 model=chronos2 covariates=none instance_norm=true remove_constant=false seed=1 batch_size=64
[2026-08-28 12:54:42,406][data.dataset][INFO] - dataset config path=/fssmall/home/h61084/codes/datasets/time/coastal_t_s_h_part01/config.json applied_keys=['date_col', 'drop_users', 'target_cols']
[2026-08-28 12:54:42,424][evaluation.evaluator][INFO] - skip complete run=/fslarge/scratch/users/h61084/codes/tsfm/outputs_selena/covariates/time-coastal_t_s_h_part01/336_48/chronos2/none/instance/keep/run_0
2026-08-28 12:54:43 | configuration dataset=time/coastal_t_s_h_part01 L=336 H=48 model=chronos2 covariates=identity instance_norm=true remove_constant=false seed=1 batch_size=64
[2026-08-28 12:54:46,560][data.dataset][INFO] - dataset config path=/fssmall/home/h61084/codes/datasets/time/coastal_t_s_h_part01/config.json applied_keys=['date_col', 'drop_users', 'target_cols']
[2026-08-28 12:54:46,578][evaluation.evaluator][INFO] - skip complete run=/fslarge/scratch/users/h61084/codes/tsfm/outputs_selena/covariates/time-coastal_t_s_h_part01/336_48/chronos2/identity/instance/keep/run_0
2026-08-28 12:54:48 | configuration dataset=time/coastal_t_s_h_part01 L=336 H=48 model=ts_icl covariates=none instance_norm=true remove_constant=false seed=1 batch_size=32
[2026-08-28 12:54:50,786][data.dataset][INFO] - dataset config path=/fssmall/home/h61084/codes/datasets/time/coastal_t_s_h_part01/config.json applied_keys=['date_col', 'drop_users', 'target_cols']
[2026-08-28 12:54:50,803][evaluation.evaluator][INFO] - skip complete run=/fslarge/scratch/users/h61084/codes/tsfm/outputs_selena/covariates/time-coastal_t_s_h_part01/336_48/ts_icl/none/instance/keep/run_0
2026-08-28 12:54:52 | configuration dataset=time/coastal_t_s_h_part01 L=336 H=48 model=ts_icl covariates=identity instance_norm=true remove_constant=false seed=1 batch_size=32
[2026-08-28 12:54:54,965][data.dataset][INFO] - dataset config path=/fssmall/home/h61084/codes/datasets/time/coastal_t_s_h_part01/config.json applied_keys=['date_col', 'drop_users', 'target_cols']
[2026-08-28 12:54:54,982][evaluation.evaluator][INFO] - skip complete run=/fslarge/scratch/users/h61084/codes/tsfm/outputs_selena/covariates/time-coastal_t_s_h_part01/336_48/ts_icl/identity/instance/keep/run_0
2026-08-28 12:54:56 | configuration dataset=time/coastal_t_s_h_part01 L=504 H=168 model=chronos2 covariates=none instance_norm=true remove_constant=false seed=1 batch_size=64
[2026-08-28 12:54:59,119][data.dataset][INFO] - dataset config path=/fssmall/home/h61084/codes/datasets/time/coastal_t_s_h_part01/config.json applied_keys=['date_col', 'drop_users', 'target_cols']
[2026-08-28 12:54:59,136][evaluation.evaluator][INFO] - skip complete run=/fslarge/scratch/users/h61084/codes/tsfm/outputs_selena/covariates/time-coastal_t_s_h_part01/504_168/chronos2/none/instance/keep/run_0
2026-08-28 12:55:00 | configuration dataset=time/coastal_t_s_h_part01 L=504 H=168 model=chronos2 covariates=identity instance_norm=true remove_constant=false seed=1 batch_size=64
[2026-08-28 12:55:03,299][data.dataset][INFO] - dataset config path=/fssmall/home/h61084/codes/datasets/time/coastal_t_s_h_part01/config.json applied_keys=['date_col', 'drop_users', 'target_cols']
[2026-08-28 12:55:03,316][evaluation.evaluator][INFO] - skip complete run=/fslarge/scratch/users/h61084/codes/tsfm/outputs_selena/covariates/time-coastal_t_s_h_part01/504_168/chronos2/identity/instance/keep/run_0
2026-08-28 12:55:04 | configuration dataset=time/coastal_t_s_h_part01 L=504 H=168 model=ts_icl covariates=none instance_norm=true remove_constant=false seed=1 batch_size=32
[2026-08-28 12:55:07,463][data.dataset][INFO] - dataset config path=/fssmall/home/h61084/codes/datasets/time/coastal_t_s_h_part01/config.json applied_keys=['date_col', 'drop_users', 'target_cols']
[2026-08-28 12:55:07,481][evaluation.evaluator][INFO] - skip complete run=/fslarge/scratch/users/h61084/codes/tsfm/outputs_selena/covariates/time-coastal_t_s_h_part01/504_168/ts_icl/none/instance/keep/run_0
2026-08-28 12:55:08 | configuration dataset=time/coastal_t_s_h_part01 L=504 H=168 model=ts_icl covariates=identity instance_norm=true remove_constant=false seed=1 batch_size=32
[2026-08-28 12:55:11,609][data.dataset][INFO] - dataset config path=/fssmall/home/h61084/codes/datasets/time/coastal_t_s_h_part01/config.json applied_keys=['date_col', 'drop_users', 'target_cols']
[2026-08-28 12:55:11,627][evaluation.evaluator][INFO] - skip complete run=/fslarge/scratch/users/h61084/codes/tsfm/outputs_selena/covariates/time-coastal_t_s_h_part01/504_168/ts_icl/identity/instance/keep/run_0
2026-08-28 12:55:13 | configuration dataset=time/coastal_t_s_h_part02 L=168 H=24 model=chronos2 covariates=none instance_norm=true remove_constant=false seed=1 batch_size=64
[2026-08-28 12:55:15,785][data.dataset][INFO] - dataset config path=/fssmall/home/h61084/codes/datasets/time/coastal_t_s_h_part02/config.json applied_keys=['date_col', 'drop_users', 'target_cols']
[2026-08-28 12:55:15,800][evaluation.evaluator][INFO] - skip complete run=/fslarge/scratch/users/h61084/codes/tsfm/outputs_selena/covariates/time-coastal_t_s_h_part02/168_24/chronos2/none/instance/keep/run_0
2026-08-28 12:55:17 | configuration dataset=time/coastal_t_s_h_part02 L=168 H=24 model=chronos2 covariates=identity instance_norm=true remove_constant=false seed=1 batch_size=64
[2026-08-28 12:55:19,946][data.dataset][INFO] - dataset config path=/fssmall/home/h61084/codes/datasets/time/coastal_t_s_h_part02/config.json applied_keys=['date_col', 'drop_users', 'target_cols']
[2026-08-28 12:55:19,961][evaluation.evaluator][INFO] - skip complete run=/fslarge/scratch/users/h61084/codes/tsfm/outputs_selena/covariates/time-coastal_t_s_h_part02/168_24/chronos2/identity/instance/keep/run_0
2026-08-28 12:55:21 | configuration dataset=time/coastal_t_s_h_part02 L=168 H=24 model=ts_icl covariates=none instance_norm=true remove_constant=false seed=1 batch_size=32
[2026-08-28 12:55:24,100][data.dataset][INFO] - dataset config path=/fssmall/home/h61084/codes/datasets/time/coastal_t_s_h_part02/config.json applied_keys=['date_col', 'drop_users', 'target_cols']
[2026-08-28 12:55:24,114][evaluation.evaluator][INFO] - skip complete run=/fslarge/scratch/users/h61084/codes/tsfm/outputs_selena/covariates/time-coastal_t_s_h_part02/168_24/ts_icl/none/instance/keep/run_0
2026-08-28 12:55:25 | configuration dataset=time/coastal_t_s_h_part02 L=168 H=24 model=ts_icl covariates=identity instance_norm=true remove_constant=false seed=1 batch_size=32
[2026-08-28 12:55:28,323][data.dataset][INFO] - dataset config path=/fssmall/home/h61084/codes/datasets/time/coastal_t_s_h_part02/config.json applied_keys=['date_col', 'drop_users', 'target_cols']
[2026-08-28 12:55:28,337][evaluation.evaluator][INFO] - skip complete run=/fslarge/scratch/users/h61084/codes/tsfm/outputs_selena/covariates/time-coastal_t_s_h_part02/168_24/ts_icl/identity/instance/keep/run_0
2026-08-28 12:55:29 | configuration dataset=time/coastal_t_s_h_part02 L=336 H=48 model=chronos2 covariates=none instance_norm=true remove_constant=false seed=1 batch_size=64
[2026-08-28 12:55:32,520][data.dataset][INFO] - dataset config path=/fssmall/home/h61084/codes/datasets/time/coastal_t_s_h_part02/config.json applied_keys=['date_col', 'drop_users', 'target_cols']
[2026-08-28 12:55:32,534][evaluation.evaluator][INFO] - skip complete run=/fslarge/scratch/users/h61084/codes/tsfm/outputs_selena/covariates/time-coastal_t_s_h_part02/336_48/chronos2/none/instance/keep/run_0
2026-08-28 12:55:34 | configuration dataset=time/coastal_t_s_h_part02 L=336 H=48 model=chronos2 covariates=identity instance_norm=true remove_constant=false seed=1 batch_size=64
[2026-08-28 12:55:36,674][data.dataset][INFO] - dataset config path=/fssmall/home/h61084/codes/datasets/time/coastal_t_s_h_part02/config.json applied_keys=['date_col', 'drop_users', 'target_cols']
[2026-08-28 12:55:36,688][evaluation.evaluator][INFO] - skip complete run=/fslarge/scratch/users/h61084/codes/tsfm/outputs_selena/covariates/time-coastal_t_s_h_part02/336_48/chronos2/identity/instance/keep/run_0
2026-08-28 12:55:38 | configuration dataset=time/coastal_t_s_h_part02 L=336 H=48 model=ts_icl covariates=none instance_norm=true remove_constant=false seed=1 batch_size=32
[2026-08-28 12:55:40,826][data.dataset][INFO] - dataset config path=/fssmall/home/h61084/codes/datasets/time/coastal_t_s_h_part02/config.json applied_keys=['date_col', 'drop_users', 'target_cols']
[2026-08-28 12:55:40,840][evaluation.evaluator][INFO] - skip complete run=/fslarge/scratch/users/h61084/codes/tsfm/outputs_selena/covariates/time-coastal_t_s_h_part02/336_48/ts_icl/none/instance/keep/run_0
2026-08-28 12:55:42 | configuration dataset=time/coastal_t_s_h_part02 L=336 H=48 model=ts_icl covariates=identity instance_norm=true remove_constant=false seed=1 batch_size=32
[2026-08-28 12:55:44,971][data.dataset][INFO] - dataset config path=/fssmall/home/h61084/codes/datasets/time/coastal_t_s_h_part02/config.json applied_keys=['date_col', 'drop_users', 'target_cols']
[2026-08-28 12:55:44,985][evaluation.evaluator][INFO] - skip complete run=/fslarge/scratch/users/h61084/codes/tsfm/outputs_selena/covariates/time-coastal_t_s_h_part02/336_48/ts_icl/identity/instance/keep/run_0
2026-08-28 12:55:46 | configuration dataset=time/coastal_t_s_h_part02 L=504 H=168 model=chronos2 covariates=none instance_norm=true remove_constant=false seed=1 batch_size=64
[2026-08-28 12:55:49,124][data.dataset][INFO] - dataset config path=/fssmall/home/h61084/codes/datasets/time/coastal_t_s_h_part02/config.json applied_keys=['date_col', 'drop_users', 'target_cols']
[2026-08-28 12:55:49,138][evaluation.evaluator][INFO] - skip complete run=/fslarge/scratch/users/h61084/codes/tsfm/outputs_selena/covariates/time-coastal_t_s_h_part02/504_168/chronos2/none/instance/keep/run_0
2026-08-28 12:55:50 | configuration dataset=time/coastal_t_s_h_part02 L=504 H=168 model=chronos2 covariates=identity instance_norm=true remove_constant=false seed=1 batch_size=64
[2026-08-28 12:55:53,276][data.dataset][INFO] - dataset config path=/fssmall/home/h61084/codes/datasets/time/coastal_t_s_h_part02/config.json applied_keys=['date_col', 'drop_users', 'target_cols']
[2026-08-28 12:55:53,290][evaluation.evaluator][INFO] - skip complete run=/fslarge/scratch/users/h61084/codes/tsfm/outputs_selena/covariates/time-coastal_t_s_h_part02/504_168/chronos2/identity/instance/keep/run_0
2026-08-28 12:55:54 | configuration dataset=time/coastal_t_s_h_part02 L=504 H=168 model=ts_icl covariates=none instance_norm=true remove_constant=false seed=1 batch_size=32
[2026-08-28 12:55:57,424][data.dataset][INFO] - dataset config path=/fssmall/home/h61084/codes/datasets/time/coastal_t_s_h_part02/config.json applied_keys=['date_col', 'drop_users', 'target_cols']
[2026-08-28 12:55:57,438][evaluation.evaluator][INFO] - skip complete run=/fslarge/scratch/users/h61084/codes/tsfm/outputs_selena/covariates/time-coastal_t_s_h_part02/504_168/ts_icl/none/instance/keep/run_0
2026-08-28 12:55:58 | configuration dataset=time/coastal_t_s_h_part02 L=504 H=168 model=ts_icl covariates=identity instance_norm=true remove_constant=false seed=1 batch_size=32
[2026-08-28 12:56:01,566][data.dataset][INFO] - dataset config path=/fssmall/home/h61084/codes/datasets/time/coastal_t_s_h_part02/config.json applied_keys=['date_col', 'drop_users', 'target_cols']
[2026-08-28 12:56:01,580][evaluation.evaluator][INFO] - skip complete run=/fslarge/scratch/users/h61084/codes/tsfm/outputs_selena/covariates/time-coastal_t_s_h_part02/504_168/ts_icl/identity/instance/keep/run_0
2026-08-28 12:56:03 | configuration dataset=time/coastal_t_s_h_part03 L=168 H=24 model=chronos2 covariates=none instance_norm=true remove_constant=false seed=1 batch_size=64
[2026-08-28 12:56:05,724][data.dataset][INFO] - dataset config path=/fssmall/home/h61084/codes/datasets/time/coastal_t_s_h_part03/config.json applied_keys=['date_col', 'drop_users', 'target_cols']
[2026-08-28 12:56:05,738][evaluation.evaluator][INFO] - skip complete run=/fslarge/scratch/users/h61084/codes/tsfm/outputs_selena/covariates/time-coastal_t_s_h_part03/168_24/chronos2/none/instance/keep/run_0
2026-08-28 12:56:07 | configuration dataset=time/coastal_t_s_h_part03 L=168 H=24 model=chronos2 covariates=identity instance_norm=true remove_constant=false seed=1 batch_size=64
[2026-08-28 12:56:09,872][data.dataset][INFO] - dataset config path=/fssmall/home/h61084/codes/datasets/time/coastal_t_s_h_part03/config.json applied_keys=['date_col', 'drop_users', 'target_cols']
[2026-08-28 12:56:09,886][evaluation.evaluator][INFO] - skip complete run=/fslarge/scratch/users/h61084/codes/tsfm/outputs_selena/covariates/time-coastal_t_s_h_part03/168_24/chronos2/identity/instance/keep/run_0
2026-08-28 12:56:11 | configuration dataset=time/coastal_t_s_h_part03 L=168 H=24 model=ts_icl covariates=none instance_norm=true remove_constant=false seed=1 batch_size=32
[2026-08-28 12:56:14,061][data.dataset][INFO] - dataset config path=/fssmall/home/h61084/codes/datasets/time/coastal_t_s_h_part03/config.json applied_keys=['date_col', 'drop_users', 'target_cols']
[2026-08-28 12:56:14,075][evaluation.evaluator][INFO] - skip complete run=/fslarge/scratch/users/h61084/codes/tsfm/outputs_selena/covariates/time-coastal_t_s_h_part03/168_24/ts_icl/none/instance/keep/run_0
2026-08-28 12:56:15 | configuration dataset=time/coastal_t_s_h_part03 L=168 H=24 model=ts_icl covariates=identity instance_norm=true remove_constant=false seed=1 batch_size=32
[2026-08-28 12:56:18,231][data.dataset][INFO] - dataset config path=/fssmall/home/h61084/codes/datasets/time/coastal_t_s_h_part03/config.json applied_keys=['date_col', 'drop_users', 'target_cols']
[2026-08-28 12:56:18,245][evaluation.evaluator][INFO] - skip complete run=/fslarge/scratch/users/h61084/codes/tsfm/outputs_selena/covariates/time-coastal_t_s_h_part03/168_24/ts_icl/identity/instance/keep/run_0
2026-08-28 12:56:19 | configuration dataset=time/coastal_t_s_h_part03 L=336 H=48 model=chronos2 covariates=none instance_norm=true remove_constant=false seed=1 batch_size=64
[2026-08-28 12:56:22,427][data.dataset][INFO] - dataset config path=/fssmall/home/h61084/codes/datasets/time/coastal_t_s_h_part03/config.json applied_keys=['date_col', 'drop_users', 'target_cols']
[2026-08-28 12:56:22,441][evaluation.evaluator][INFO] - skip complete run=/fslarge/scratch/users/h61084/codes/tsfm/outputs_selena/covariates/time-coastal_t_s_h_part03/336_48/chronos2/none/instance/keep/run_0
2026-08-28 12:56:23 | configuration dataset=time/coastal_t_s_h_part03 L=336 H=48 model=chronos2 covariates=identity instance_norm=true remove_constant=false seed=1 batch_size=64
[2026-08-28 12:56:26,540][data.dataset][INFO] - dataset config path=/fssmall/home/h61084/codes/datasets/time/coastal_t_s_h_part03/config.json applied_keys=['date_col', 'drop_users', 'target_cols']
[2026-08-28 12:56:26,554][evaluation.evaluator][INFO] - skip complete run=/fslarge/scratch/users/h61084/codes/tsfm/outputs_selena/covariates/time-coastal_t_s_h_part03/336_48/chronos2/identity/instance/keep/run_0
2026-08-28 12:56:28 | configuration dataset=time/coastal_t_s_h_part03 L=336 H=48 model=ts_icl covariates=none instance_norm=true remove_constant=false seed=1 batch_size=32
[2026-08-28 12:56:30,699][data.dataset][INFO] - dataset config path=/fssmall/home/h61084/codes/datasets/time/coastal_t_s_h_part03/config.json applied_keys=['date_col', 'drop_users', 'target_cols']
[2026-08-28 12:56:30,714][evaluation.evaluator][INFO] - skip complete run=/fslarge/scratch/users/h61084/codes/tsfm/outputs_selena/covariates/time-coastal_t_s_h_part03/336_48/ts_icl/none/instance/keep/run_0
2026-08-28 12:56:32 | configuration dataset=time/coastal_t_s_h_part03 L=336 H=48 model=ts_icl covariates=identity instance_norm=true remove_constant=false seed=1 batch_size=32
[2026-08-28 12:56:34,850][data.dataset][INFO] - dataset config path=/fssmall/home/h61084/codes/datasets/time/coastal_t_s_h_part03/config.json applied_keys=['date_col', 'drop_users', 'target_cols']
[2026-08-28 12:56:34,865][evaluation.evaluator][INFO] - skip complete run=/fslarge/scratch/users/h61084/codes/tsfm/outputs_selena/covariates/time-coastal_t_s_h_part03/336_48/ts_icl/identity/instance/keep/run_0
2026-08-28 12:56:36 | configuration dataset=time/coastal_t_s_h_part03 L=504 H=168 model=chronos2 covariates=none instance_norm=true remove_constant=false seed=1 batch_size=64
[2026-08-28 12:56:38,977][data.dataset][INFO] - dataset config path=/fssmall/home/h61084/codes/datasets/time/coastal_t_s_h_part03/config.json applied_keys=['date_col', 'drop_users', 'target_cols']
[2026-08-28 12:56:38,991][evaluation.evaluator][INFO] - skip complete run=/fslarge/scratch/users/h61084/codes/tsfm/outputs_selena/covariates/time-coastal_t_s_h_part03/504_168/chronos2/none/instance/keep/run_0
2026-08-28 12:56:40 | configuration dataset=time/coastal_t_s_h_part03 L=504 H=168 model=chronos2 covariates=identity instance_norm=true remove_constant=false seed=1 batch_size=64
[2026-08-28 12:56:43,144][data.dataset][INFO] - dataset config path=/fssmall/home/h61084/codes/datasets/time/coastal_t_s_h_part03/config.json applied_keys=['date_col', 'drop_users', 'target_cols']
[2026-08-28 12:56:43,158][evaluation.evaluator][INFO] - skip complete run=/fslarge/scratch/users/h61084/codes/tsfm/outputs_selena/covariates/time-coastal_t_s_h_part03/504_168/chronos2/identity/instance/keep/run_0
2026-08-28 12:56:44 | configuration dataset=time/coastal_t_s_h_part03 L=504 H=168 model=ts_icl covariates=none instance_norm=true remove_constant=false seed=1 batch_size=32
[2026-08-28 12:56:47,305][data.dataset][INFO] - dataset config path=/fssmall/home/h61084/codes/datasets/time/coastal_t_s_h_part03/config.json applied_keys=['date_col', 'drop_users', 'target_cols']
[2026-08-28 12:56:47,319][evaluation.evaluator][INFO] - skip complete run=/fslarge/scratch/users/h61084/codes/tsfm/outputs_selena/covariates/time-coastal_t_s_h_part03/504_168/ts_icl/none/instance/keep/run_0
2026-08-28 12:56:48 | configuration dataset=time/coastal_t_s_h_part03 L=504 H=168 model=ts_icl covariates=identity instance_norm=true remove_constant=false seed=1 batch_size=32
[2026-08-28 12:56:51,460][data.dataset][INFO] - dataset config path=/fssmall/home/h61084/codes/datasets/time/coastal_t_s_h_part03/config.json applied_keys=['date_col', 'drop_users', 'target_cols']
[2026-08-28 12:56:51,475][evaluation.evaluator][INFO] - skip complete run=/fslarge/scratch/users/h61084/codes/tsfm/outputs_selena/covariates/time-coastal_t_s_h_part03/504_168/ts_icl/identity/instance/keep/run_0
2026-08-28 12:56:52 | configuration dataset=time/coastal_t_s_h_part04 L=168 H=24 model=chronos2 covariates=none instance_norm=true remove_constant=false seed=1 batch_size=64
[2026-08-28 12:56:55,587][data.dataset][INFO] - dataset config path=/fssmall/home/h61084/codes/datasets/time/coastal_t_s_h_part04/config.json applied_keys=['date_col', 'drop_users', 'target_cols']
[2026-08-28 12:56:55,605][evaluation.evaluator][INFO] - skip complete run=/fslarge/scratch/users/h61084/codes/tsfm/outputs_selena/covariates/time-coastal_t_s_h_part04/168_24/chronos2/none/instance/keep/run_0
2026-08-28 12:56:57 | configuration dataset=time/coastal_t_s_h_part04 L=168 H=24 model=chronos2 covariates=identity instance_norm=true remove_constant=false seed=1 batch_size=64
[2026-08-28 12:56:59,736][data.dataset][INFO] - dataset config path=/fssmall/home/h61084/codes/datasets/time/coastal_t_s_h_part04/config.json applied_keys=['date_col', 'drop_users', 'target_cols']
[2026-08-28 12:56:59,752][evaluation.evaluator][INFO] - skip complete run=/fslarge/scratch/users/h61084/codes/tsfm/outputs_selena/covariates/time-coastal_t_s_h_part04/168_24/chronos2/identity/instance/keep/run_0
2026-08-28 12:57:01 | configuration dataset=time/coastal_t_s_h_part04 L=168 H=24 model=ts_icl covariates=none instance_norm=true remove_constant=false seed=1 batch_size=32
[2026-08-28 12:57:03,859][data.dataset][INFO] - dataset config path=/fssmall/home/h61084/codes/datasets/time/coastal_t_s_h_part04/config.json applied_keys=['date_col', 'drop_users', 'target_cols']
[2026-08-28 12:57:03,875][evaluation.evaluator][INFO] - skip complete run=/fslarge/scratch/users/h61084/codes/tsfm/outputs_selena/covariates/time-coastal_t_s_h_part04/168_24/ts_icl/none/instance/keep/run_0
2026-08-28 12:57:05 | configuration dataset=time/coastal_t_s_h_part04 L=168 H=24 model=ts_icl covariates=identity instance_norm=true remove_constant=false seed=1 batch_size=32
[2026-08-28 12:57:08,024][data.dataset][INFO] - dataset config path=/fssmall/home/h61084/codes/datasets/time/coastal_t_s_h_part04/config.json applied_keys=['date_col', 'drop_users', 'target_cols']
[2026-08-28 12:57:08,040][evaluation.evaluator][INFO] - skip complete run=/fslarge/scratch/users/h61084/codes/tsfm/outputs_selena/covariates/time-coastal_t_s_h_part04/168_24/ts_icl/identity/instance/keep/run_0
2026-08-28 12:57:09 | configuration dataset=time/coastal_t_s_h_part04 L=336 H=48 model=chronos2 covariates=none instance_norm=true remove_constant=false seed=1 batch_size=64
[2026-08-28 12:57:12,189][data.dataset][INFO] - dataset config path=/fssmall/home/h61084/codes/datasets/time/coastal_t_s_h_part04/config.json applied_keys=['date_col', 'drop_users', 'target_cols']
[2026-08-28 12:57:12,206][evaluation.evaluator][INFO] - skip complete run=/fslarge/scratch/users/h61084/codes/tsfm/outputs_selena/covariates/time-coastal_t_s_h_part04/336_48/chronos2/none/instance/keep/run_0
2026-08-28 12:57:13 | configuration dataset=time/coastal_t_s_h_part04 L=336 H=48 model=chronos2 covariates=identity instance_norm=true remove_constant=false seed=1 batch_size=64
[2026-08-28 12:57:16,343][data.dataset][INFO] - dataset config path=/fssmall/home/h61084/codes/datasets/time/coastal_t_s_h_part04/config.json applied_keys=['date_col', 'drop_users', 'target_cols']
[2026-08-28 12:57:16,359][evaluation.evaluator][INFO] - skip complete run=/fslarge/scratch/users/h61084/codes/tsfm/outputs_selena/covariates/time-coastal_t_s_h_part04/336_48/chronos2/identity/instance/keep/run_0
2026-08-28 12:57:17 | configuration dataset=time/coastal_t_s_h_part04 L=336 H=48 model=ts_icl covariates=none instance_norm=true remove_constant=false seed=1 batch_size=32
[2026-08-28 12:57:20,486][data.dataset][INFO] - dataset config path=/fssmall/home/h61084/codes/datasets/time/coastal_t_s_h_part04/config.json applied_keys=['date_col', 'drop_users', 'target_cols']
[2026-08-28 12:57:20,503][evaluation.evaluator][INFO] - skip complete run=/fslarge/scratch/users/h61084/codes/tsfm/outputs_selena/covariates/time-coastal_t_s_h_part04/336_48/ts_icl/none/instance/keep/run_0
2026-08-28 12:57:22 | configuration dataset=time/coastal_t_s_h_part04 L=336 H=48 model=ts_icl covariates=identity instance_norm=true remove_constant=false seed=1 batch_size=32
[2026-08-28 12:57:24,672][data.dataset][INFO] - dataset config path=/fssmall/home/h61084/codes/datasets/time/coastal_t_s_h_part04/config.json applied_keys=['date_col', 'drop_users', 'target_cols']
[2026-08-28 12:57:24,689][evaluation.evaluator][INFO] - skip complete run=/fslarge/scratch/users/h61084/codes/tsfm/outputs_selena/covariates/time-coastal_t_s_h_part04/336_48/ts_icl/identity/instance/keep/run_0
2026-08-28 12:57:26 | configuration dataset=time/coastal_t_s_h_part04 L=504 H=168 model=chronos2 covariates=none instance_norm=true remove_constant=false seed=1 batch_size=64
[2026-08-28 12:57:28,860][data.dataset][INFO] - dataset config path=/fssmall/home/h61084/codes/datasets/time/coastal_t_s_h_part04/config.json applied_keys=['date_col', 'drop_users', 'target_cols']
[2026-08-28 12:57:28,877][evaluation.evaluator][INFO] - skip complete run=/fslarge/scratch/users/h61084/codes/tsfm/outputs_selena/covariates/time-coastal_t_s_h_part04/504_168/chronos2/none/instance/keep/run_0
2026-08-28 12:57:30 | configuration dataset=time/coastal_t_s_h_part04 L=504 H=168 model=chronos2 covariates=identity instance_norm=true remove_constant=false seed=1 batch_size=64
[2026-08-28 12:57:33,027][data.dataset][INFO] - dataset config path=/fssmall/home/h61084/codes/datasets/time/coastal_t_s_h_part04/config.json applied_keys=['date_col', 'drop_users', 'target_cols']
[2026-08-28 12:57:33,043][evaluation.evaluator][INFO] - skip complete run=/fslarge/scratch/users/h61084/codes/tsfm/outputs_selena/covariates/time-coastal_t_s_h_part04/504_168/chronos2/identity/instance/keep/run_0
2026-08-28 12:57:34 | configuration dataset=time/coastal_t_s_h_part04 L=504 H=168 model=ts_icl covariates=none instance_norm=true remove_constant=false seed=1 batch_size=32
[2026-08-28 12:57:37,206][data.dataset][INFO] - dataset config path=/fssmall/home/h61084/codes/datasets/time/coastal_t_s_h_part04/config.json applied_keys=['date_col', 'drop_users', 'target_cols']
[2026-08-28 12:57:37,222][evaluation.evaluator][INFO] - skip complete run=/fslarge/scratch/users/h61084/codes/tsfm/outputs_selena/covariates/time-coastal_t_s_h_part04/504_168/ts_icl/none/instance/keep/run_0
2026-08-28 12:57:38 | configuration dataset=time/coastal_t_s_h_part04 L=504 H=168 model=ts_icl covariates=identity instance_norm=true remove_constant=false seed=1 batch_size=32
[2026-08-28 12:57:41,359][data.dataset][INFO] - dataset config path=/fssmall/home/h61084/codes/datasets/time/coastal_t_s_h_part04/config.json applied_keys=['date_col', 'drop_users', 'target_cols']
[2026-08-28 12:57:41,375][evaluation.evaluator][INFO] - skip complete run=/fslarge/scratch/users/h61084/codes/tsfm/outputs_selena/covariates/time-coastal_t_s_h_part04/504_168/ts_icl/identity/instance/keep/run_0
2026-08-28 12:57:42 | configuration dataset=time/coastal_t_s_h_part05 L=168 H=24 model=chronos2 covariates=none instance_norm=true remove_constant=false seed=1 batch_size=64
[2026-08-28 12:57:45,533][data.dataset][INFO] - dataset config path=/fssmall/home/h61084/codes/datasets/time/coastal_t_s_h_part05/config.json applied_keys=['date_col', 'drop_users', 'target_cols']
[2026-08-28 12:57:45,550][evaluation.evaluator][INFO] - skip complete run=/fslarge/scratch/users/h61084/codes/tsfm/outputs_selena/covariates/time-coastal_t_s_h_part05/168_24/chronos2/none/instance/keep/run_0
2026-08-28 12:57:47 | configuration dataset=time/coastal_t_s_h_part05 L=168 H=24 model=chronos2 covariates=identity instance_norm=true remove_constant=false seed=1 batch_size=64
[2026-08-28 12:57:49,710][data.dataset][INFO] - dataset config path=/fssmall/home/h61084/codes/datasets/time/coastal_t_s_h_part05/config.json applied_keys=['date_col', 'drop_users', 'target_cols']
[2026-08-28 12:57:49,729][evaluation.evaluator][INFO] - skip complete run=/fslarge/scratch/users/h61084/codes/tsfm/outputs_selena/covariates/time-coastal_t_s_h_part05/168_24/chronos2/identity/instance/keep/run_0
2026-08-28 12:57:51 | configuration dataset=time/coastal_t_s_h_part05 L=168 H=24 model=ts_icl covariates=none instance_norm=true remove_constant=false seed=1 batch_size=32
[2026-08-28 12:57:53,898][data.dataset][INFO] - dataset config path=/fssmall/home/h61084/codes/datasets/time/coastal_t_s_h_part05/config.json applied_keys=['date_col', 'drop_users', 'target_cols']
[2026-08-28 12:57:53,914][evaluation.evaluator][INFO] - skip complete run=/fslarge/scratch/users/h61084/codes/tsfm/outputs_selena/covariates/time-coastal_t_s_h_part05/168_24/ts_icl/none/instance/keep/run_0
2026-08-28 12:57:55 | configuration dataset=time/coastal_t_s_h_part05 L=168 H=24 model=ts_icl covariates=identity instance_norm=true remove_constant=false seed=1 batch_size=32
[2026-08-28 12:57:58,062][data.dataset][INFO] - dataset config path=/fssmall/home/h61084/codes/datasets/time/coastal_t_s_h_part05/config.json applied_keys=['date_col', 'drop_users', 'target_cols']
[2026-08-28 12:57:58,079][evaluation.evaluator][INFO] - skip complete run=/fslarge/scratch/users/h61084/codes/tsfm/outputs_selena/covariates/time-coastal_t_s_h_part05/168_24/ts_icl/identity/instance/keep/run_0
2026-08-28 12:57:59 | configuration dataset=time/coastal_t_s_h_part05 L=336 H=48 model=chronos2 covariates=none instance_norm=true remove_constant=false seed=1 batch_size=64
[2026-08-28 12:58:02,206][data.dataset][INFO] - dataset config path=/fssmall/home/h61084/codes/datasets/time/coastal_t_s_h_part05/config.json applied_keys=['date_col', 'drop_users', 'target_cols']
[2026-08-28 12:58:02,222][evaluation.evaluator][INFO] - skip complete run=/fslarge/scratch/users/h61084/codes/tsfm/outputs_selena/covariates/time-coastal_t_s_h_part05/336_48/chronos2/none/instance/keep/run_0
2026-08-28 12:58:03 | configuration dataset=time/coastal_t_s_h_part05 L=336 H=48 model=chronos2 covariates=identity instance_norm=true remove_constant=false seed=1 batch_size=64
[2026-08-28 12:58:06,360][data.dataset][INFO] - dataset config path=/fssmall/home/h61084/codes/datasets/time/coastal_t_s_h_part05/config.json applied_keys=['date_col', 'drop_users', 'target_cols']
[2026-08-28 12:58:06,377][evaluation.evaluator][INFO] - skip complete run=/fslarge/scratch/users/h61084/codes/tsfm/outputs_selena/covariates/time-coastal_t_s_h_part05/336_48/chronos2/identity/instance/keep/run_0
2026-08-28 12:58:07 | configuration dataset=time/coastal_t_s_h_part05 L=336 H=48 model=ts_icl covariates=none instance_norm=true remove_constant=false seed=1 batch_size=32
[2026-08-28 12:58:10,557][data.dataset][INFO] - dataset config path=/fssmall/home/h61084/codes/datasets/time/coastal_t_s_h_part05/config.json applied_keys=['date_col', 'drop_users', 'target_cols']
[2026-08-28 12:58:10,573][evaluation.evaluator][INFO] - skip complete run=/fslarge/scratch/users/h61084/codes/tsfm/outputs_selena/covariates/time-coastal_t_s_h_part05/336_48/ts_icl/none/instance/keep/run_0
2026-08-28 12:58:12 | configuration dataset=time/coastal_t_s_h_part05 L=336 H=48 model=ts_icl covariates=identity instance_norm=true remove_constant=false seed=1 batch_size=32
[2026-08-28 12:58:14,712][data.dataset][INFO] - dataset config path=/fssmall/home/h61084/codes/datasets/time/coastal_t_s_h_part05/config.json applied_keys=['date_col', 'drop_users', 'target_cols']
[2026-08-28 12:58:14,729][evaluation.evaluator][INFO] - skip complete run=/fslarge/scratch/users/h61084/codes/tsfm/outputs_selena/covariates/time-coastal_t_s_h_part05/336_48/ts_icl/identity/instance/keep/run_0
2026-08-28 12:58:16 | configuration dataset=time/coastal_t_s_h_part05 L=504 H=168 model=chronos2 covariates=none instance_norm=true remove_constant=false seed=1 batch_size=64
[2026-08-28 12:58:18,850][data.dataset][INFO] - dataset config path=/fssmall/home/h61084/codes/datasets/time/coastal_t_s_h_part05/config.json applied_keys=['date_col', 'drop_users', 'target_cols']
[2026-08-28 12:58:18,867][evaluation.evaluator][INFO] - skip complete run=/fslarge/scratch/users/h61084/codes/tsfm/outputs_selena/covariates/time-coastal_t_s_h_part05/504_168/chronos2/none/instance/keep/run_0
2026-08-28 12:58:20 | configuration dataset=time/coastal_t_s_h_part05 L=504 H=168 model=chronos2 covariates=identity instance_norm=true remove_constant=false seed=1 batch_size=64
[2026-08-28 12:58:23,068][data.dataset][INFO] - dataset config path=/fssmall/home/h61084/codes/datasets/time/coastal_t_s_h_part05/config.json applied_keys=['date_col', 'drop_users', 'target_cols']
[2026-08-28 12:58:23,085][evaluation.evaluator][INFO] - skip complete run=/fslarge/scratch/users/h61084/codes/tsfm/outputs_selena/covariates/time-coastal_t_s_h_part05/504_168/chronos2/identity/instance/keep/run_0
2026-08-28 12:58:24 | configuration dataset=time/coastal_t_s_h_part05 L=504 H=168 model=ts_icl covariates=none instance_norm=true remove_constant=false seed=1 batch_size=32
[2026-08-28 12:58:27,256][data.dataset][INFO] - dataset config path=/fssmall/home/h61084/codes/datasets/time/coastal_t_s_h_part05/config.json applied_keys=['date_col', 'drop_users', 'target_cols']
[2026-08-28 12:58:27,273][evaluation.evaluator][INFO] - skip complete run=/fslarge/scratch/users/h61084/codes/tsfm/outputs_selena/covariates/time-coastal_t_s_h_part05/504_168/ts_icl/none/instance/keep/run_0
2026-08-28 12:58:28 | configuration dataset=time/coastal_t_s_h_part05 L=504 H=168 model=ts_icl covariates=identity instance_norm=true remove_constant=false seed=1 batch_size=32
[2026-08-28 12:58:31,429][data.dataset][INFO] - dataset config path=/fssmall/home/h61084/codes/datasets/time/coastal_t_s_h_part05/config.json applied_keys=['date_col', 'drop_users', 'target_cols']
[2026-08-28 12:58:31,446][evaluation.evaluator][INFO] - skip complete run=/fslarge/scratch/users/h61084/codes/tsfm/outputs_selena/covariates/time-coastal_t_s_h_part05/504_168/ts_icl/identity/instance/keep/run_0
2026-08-28 12:58:32 | configuration dataset=time/coastal_t_s_h_part06 L=168 H=24 model=chronos2 covariates=none instance_norm=true remove_constant=false seed=1 batch_size=64
[2026-08-28 12:58:35,606][data.dataset][INFO] - dataset config path=/fssmall/home/h61084/codes/datasets/time/coastal_t_s_h_part06/config.json applied_keys=['date_col', 'drop_users', 'target_cols']
[2026-08-28 12:58:35,621][evaluation.evaluator][INFO] - skip complete run=/fslarge/scratch/users/h61084/codes/tsfm/outputs_selena/covariates/time-coastal_t_s_h_part06/168_24/chronos2/none/instance/keep/run_0
2026-08-28 12:58:37 | configuration dataset=time/coastal_t_s_h_part06 L=168 H=24 model=chronos2 covariates=identity instance_norm=true remove_constant=false seed=1 batch_size=64
[2026-08-28 12:58:39,766][data.dataset][INFO] - dataset config path=/fssmall/home/h61084/codes/datasets/time/coastal_t_s_h_part06/config.json applied_keys=['date_col', 'drop_users', 'target_cols']
[2026-08-28 12:58:39,781][evaluation.evaluator][INFO] - skip complete run=/fslarge/scratch/users/h61084/codes/tsfm/outputs_selena/covariates/time-coastal_t_s_h_part06/168_24/chronos2/identity/instance/keep/run_0
2026-08-28 12:58:41 | configuration dataset=time/coastal_t_s_h_part06 L=168 H=24 model=ts_icl covariates=none instance_norm=true remove_constant=false seed=1 batch_size=32
[2026-08-28 12:58:43,908][data.dataset][INFO] - dataset config path=/fssmall/home/h61084/codes/datasets/time/coastal_t_s_h_part06/config.json applied_keys=['date_col', 'drop_users', 'target_cols']
[2026-08-28 12:58:43,922][evaluation.evaluator][INFO] - skip complete run=/fslarge/scratch/users/h61084/codes/tsfm/outputs_selena/covariates/time-coastal_t_s_h_part06/168_24/ts_icl/none/instance/keep/run_0
2026-08-28 12:58:45 | configuration dataset=time/coastal_t_s_h_part06 L=168 H=24 model=ts_icl covariates=identity instance_norm=true remove_constant=false seed=1 batch_size=32
[2026-08-28 12:58:48,064][data.dataset][INFO] - dataset config path=/fssmall/home/h61084/codes/datasets/time/coastal_t_s_h_part06/config.json applied_keys=['date_col', 'drop_users', 'target_cols']
[2026-08-28 12:58:48,078][evaluation.evaluator][INFO] - skip complete run=/fslarge/scratch/users/h61084/codes/tsfm/outputs_selena/covariates/time-coastal_t_s_h_part06/168_24/ts_icl/identity/instance/keep/run_0
2026-08-28 12:58:49 | configuration dataset=time/coastal_t_s_h_part06 L=336 H=48 model=chronos2 covariates=none instance_norm=true remove_constant=false seed=1 batch_size=64
[2026-08-28 12:58:52,205][data.dataset][INFO] - dataset config path=/fssmall/home/h61084/codes/datasets/time/coastal_t_s_h_part06/config.json applied_keys=['date_col', 'drop_users', 'target_cols']
[2026-08-28 12:58:52,219][evaluation.evaluator][INFO] - skip complete run=/fslarge/scratch/users/h61084/codes/tsfm/outputs_selena/covariates/time-coastal_t_s_h_part06/336_48/chronos2/none/instance/keep/run_0
2026-08-28 12:58:53 | configuration dataset=time/coastal_t_s_h_part06 L=336 H=48 model=chronos2 covariates=identity instance_norm=true remove_constant=false seed=1 batch_size=64
[2026-08-28 12:58:56,353][data.dataset][INFO] - dataset config path=/fssmall/home/h61084/codes/datasets/time/coastal_t_s_h_part06/config.json applied_keys=['date_col', 'drop_users', 'target_cols']
[2026-08-28 12:58:56,368][evaluation.evaluator][INFO] - skip complete run=/fslarge/scratch/users/h61084/codes/tsfm/outputs_selena/covariates/time-coastal_t_s_h_part06/336_48/chronos2/identity/instance/keep/run_0
2026-08-28 12:58:57 | configuration dataset=time/coastal_t_s_h_part06 L=336 H=48 model=ts_icl covariates=none instance_norm=true remove_constant=false seed=1 batch_size=32
[2026-08-28 12:59:00,546][data.dataset][INFO] - dataset config path=/fssmall/home/h61084/codes/datasets/time/coastal_t_s_h_part06/config.json applied_keys=['date_col', 'drop_users', 'target_cols']
[2026-08-28 12:59:00,560][evaluation.evaluator][INFO] - skip complete run=/fslarge/scratch/users/h61084/codes/tsfm/outputs_selena/covariates/time-coastal_t_s_h_part06/336_48/ts_icl/none/instance/keep/run_0
2026-08-28 12:59:02 | configuration dataset=time/coastal_t_s_h_part06 L=336 H=48 model=ts_icl covariates=identity instance_norm=true remove_constant=false seed=1 batch_size=32
[2026-08-28 12:59:04,728][data.dataset][INFO] - dataset config path=/fssmall/home/h61084/codes/datasets/time/coastal_t_s_h_part06/config.json applied_keys=['date_col', 'drop_users', 'target_cols']
[2026-08-28 12:59:04,742][evaluation.evaluator][INFO] - skip complete run=/fslarge/scratch/users/h61084/codes/tsfm/outputs_selena/covariates/time-coastal_t_s_h_part06/336_48/ts_icl/identity/instance/keep/run_0
2026-08-28 12:59:06 | configuration dataset=time/coastal_t_s_h_part06 L=504 H=168 model=chronos2 covariates=none instance_norm=true remove_constant=false seed=1 batch_size=64
[2026-08-28 12:59:08,918][data.dataset][INFO] - dataset config path=/fssmall/home/h61084/codes/datasets/time/coastal_t_s_h_part06/config.json applied_keys=['date_col', 'drop_users', 'target_cols']
[2026-08-28 12:59:08,933][evaluation.evaluator][INFO] - skip complete run=/fslarge/scratch/users/h61084/codes/tsfm/outputs_selena/covariates/time-coastal_t_s_h_part06/504_168/chronos2/none/instance/keep/run_0
2026-08-28 12:59:10 | configuration dataset=time/coastal_t_s_h_part06 L=504 H=168 model=chronos2 covariates=identity instance_norm=true remove_constant=false seed=1 batch_size=64
[2026-08-28 12:59:13,055][data.dataset][INFO] - dataset config path=/fssmall/home/h61084/codes/datasets/time/coastal_t_s_h_part06/config.json applied_keys=['date_col', 'drop_users', 'target_cols']
[2026-08-28 12:59:13,070][evaluation.evaluator][INFO] - skip complete run=/fslarge/scratch/users/h61084/codes/tsfm/outputs_selena/covariates/time-coastal_t_s_h_part06/504_168/chronos2/identity/instance/keep/run_0
2026-08-28 12:59:14 | configuration dataset=time/coastal_t_s_h_part06 L=504 H=168 model=ts_icl covariates=none instance_norm=true remove_constant=false seed=1 batch_size=32
[2026-08-28 12:59:17,197][data.dataset][INFO] - dataset config path=/fssmall/home/h61084/codes/datasets/time/coastal_t_s_h_part06/config.json applied_keys=['date_col', 'drop_users', 'target_cols']
[2026-08-28 12:59:17,211][evaluation.evaluator][INFO] - skip complete run=/fslarge/scratch/users/h61084/codes/tsfm/outputs_selena/covariates/time-coastal_t_s_h_part06/504_168/ts_icl/none/instance/keep/run_0
2026-08-28 12:59:18 | configuration dataset=time/coastal_t_s_h_part06 L=504 H=168 model=ts_icl covariates=identity instance_norm=true remove_constant=false seed=1 batch_size=32
[2026-08-28 12:59:21,351][data.dataset][INFO] - dataset config path=/fssmall/home/h61084/codes/datasets/time/coastal_t_s_h_part06/config.json applied_keys=['date_col', 'drop_users', 'target_cols']
[2026-08-28 12:59:21,365][evaluation.evaluator][INFO] - skip complete run=/fslarge/scratch/users/h61084/codes/tsfm/outputs_selena/covariates/time-coastal_t_s_h_part06/504_168/ts_icl/identity/instance/keep/run_0
2026-08-28 12:59:22 | configuration dataset=time/coastal_t_s_h_part07 L=168 H=24 model=chronos2 covariates=none instance_norm=true remove_constant=false seed=1 batch_size=64
[2026-08-28 12:59:25,522][data.dataset][INFO] - dataset config path=/fssmall/home/h61084/codes/datasets/time/coastal_t_s_h_part07/config.json applied_keys=['date_col', 'drop_users', 'target_cols']
[2026-08-28 12:59:25,538][evaluation.evaluator][INFO] - skip complete run=/fslarge/scratch/users/h61084/codes/tsfm/outputs_selena/covariates/time-coastal_t_s_h_part07/168_24/chronos2/none/instance/keep/run_0
2026-08-28 12:59:27 | configuration dataset=time/coastal_t_s_h_part07 L=168 H=24 model=chronos2 covariates=identity instance_norm=true remove_constant=false seed=1 batch_size=64
[2026-08-28 12:59:29,702][data.dataset][INFO] - dataset config path=/fssmall/home/h61084/codes/datasets/time/coastal_t_s_h_part07/config.json applied_keys=['date_col', 'drop_users', 'target_cols']
[2026-08-28 12:59:29,718][evaluation.evaluator][INFO] - skip complete run=/fslarge/scratch/users/h61084/codes/tsfm/outputs_selena/covariates/time-coastal_t_s_h_part07/168_24/chronos2/identity/instance/keep/run_0
2026-08-28 12:59:31 | configuration dataset=time/coastal_t_s_h_part07 L=168 H=24 model=ts_icl covariates=none instance_norm=true remove_constant=false seed=1 batch_size=32
[2026-08-28 12:59:33,894][data.dataset][INFO] - dataset config path=/fssmall/home/h61084/codes/datasets/time/coastal_t_s_h_part07/config.json applied_keys=['date_col', 'drop_users', 'target_cols']
[2026-08-28 12:59:33,910][evaluation.evaluator][INFO] - skip complete run=/fslarge/scratch/users/h61084/codes/tsfm/outputs_selena/covariates/time-coastal_t_s_h_part07/168_24/ts_icl/none/instance/keep/run_0
2026-08-28 12:59:35 | configuration dataset=time/coastal_t_s_h_part07 L=168 H=24 model=ts_icl covariates=identity instance_norm=true remove_constant=false seed=1 batch_size=32
[2026-08-28 12:59:38,077][data.dataset][INFO] - dataset config path=/fssmall/home/h61084/codes/datasets/time/coastal_t_s_h_part07/config.json applied_keys=['date_col', 'drop_users', 'target_cols']
[2026-08-28 12:59:38,093][evaluation.evaluator][INFO] - skip complete run=/fslarge/scratch/users/h61084/codes/tsfm/outputs_selena/covariates/time-coastal_t_s_h_part07/168_24/ts_icl/identity/instance/keep/run_0
2026-08-28 12:59:39 | configuration dataset=time/coastal_t_s_h_part07 L=336 H=48 model=chronos2 covariates=none instance_norm=true remove_constant=false seed=1 batch_size=64
[2026-08-28 12:59:42,256][data.dataset][INFO] - dataset config path=/fssmall/home/h61084/codes/datasets/time/coastal_t_s_h_part07/config.json applied_keys=['date_col', 'drop_users', 'target_cols']
[2026-08-28 12:59:42,273][evaluation.evaluator][INFO] - skip complete run=/fslarge/scratch/users/h61084/codes/tsfm/outputs_selena/covariates/time-coastal_t_s_h_part07/336_48/chronos2/none/instance/keep/run_0
2026-08-28 12:59:43 | configuration dataset=time/coastal_t_s_h_part07 L=336 H=48 model=chronos2 covariates=identity instance_norm=true remove_constant=false seed=1 batch_size=64
[2026-08-28 12:59:46,401][data.dataset][INFO] - dataset config path=/fssmall/home/h61084/codes/datasets/time/coastal_t_s_h_part07/config.json applied_keys=['date_col', 'drop_users', 'target_cols']
[2026-08-28 12:59:46,417][evaluation.evaluator][INFO] - skip complete run=/fslarge/scratch/users/h61084/codes/tsfm/outputs_selena/covariates/time-coastal_t_s_h_part07/336_48/chronos2/identity/instance/keep/run_0
2026-08-28 12:59:47 | configuration dataset=time/coastal_t_s_h_part07 L=336 H=48 model=ts_icl covariates=none instance_norm=true remove_constant=false seed=1 batch_size=32
[2026-08-28 12:59:50,558][data.dataset][INFO] - dataset config path=/fssmall/home/h61084/codes/datasets/time/coastal_t_s_h_part07/config.json applied_keys=['date_col', 'drop_users', 'target_cols']
[2026-08-28 12:59:50,574][evaluation.evaluator][INFO] - skip complete run=/fslarge/scratch/users/h61084/codes/tsfm/outputs_selena/covariates/time-coastal_t_s_h_part07/336_48/ts_icl/none/instance/keep/run_0
2026-08-28 12:59:52 | configuration dataset=time/coastal_t_s_h_part07 L=336 H=48 model=ts_icl covariates=identity instance_norm=true remove_constant=false seed=1 batch_size=32
[2026-08-28 12:59:54,712][data.dataset][INFO] - dataset config path=/fssmall/home/h61084/codes/datasets/time/coastal_t_s_h_part07/config.json applied_keys=['date_col', 'drop_users', 'target_cols']
[2026-08-28 12:59:54,729][evaluation.evaluator][INFO] - skip complete run=/fslarge/scratch/users/h61084/codes/tsfm/outputs_selena/covariates/time-coastal_t_s_h_part07/336_48/ts_icl/identity/instance/keep/run_0
2026-08-28 12:59:56 | configuration dataset=time/coastal_t_s_h_part07 L=504 H=168 model=chronos2 covariates=none instance_norm=true remove_constant=false seed=1 batch_size=64
[2026-08-28 12:59:58,869][data.dataset][INFO] - dataset config path=/fssmall/home/h61084/codes/datasets/time/coastal_t_s_h_part07/config.json applied_keys=['date_col', 'drop_users', 'target_cols']
[2026-08-28 12:59:58,886][evaluation.evaluator][INFO] - skip complete run=/fslarge/scratch/users/h61084/codes/tsfm/outputs_selena/covariates/time-coastal_t_s_h_part07/504_168/chronos2/none/instance/keep/run_0
2026-08-28 13:00:00 | configuration dataset=time/coastal_t_s_h_part07 L=504 H=168 model=chronos2 covariates=identity instance_norm=true remove_constant=false seed=1 batch_size=64
[2026-08-28 13:00:03,085][data.dataset][INFO] - dataset config path=/fssmall/home/h61084/codes/datasets/time/coastal_t_s_h_part07/config.json applied_keys=['date_col', 'drop_users', 'target_cols']
[2026-08-28 13:00:03,101][evaluation.evaluator][INFO] - skip complete run=/fslarge/scratch/users/h61084/codes/tsfm/outputs_selena/covariates/time-coastal_t_s_h_part07/504_168/chronos2/identity/instance/keep/run_0
2026-08-28 13:00:04 | configuration dataset=time/coastal_t_s_h_part07 L=504 H=168 model=ts_icl covariates=none instance_norm=true remove_constant=false seed=1 batch_size=32
[2026-08-28 13:00:07,295][data.dataset][INFO] - dataset config path=/fssmall/home/h61084/codes/datasets/time/coastal_t_s_h_part07/config.json applied_keys=['date_col', 'drop_users', 'target_cols']
[2026-08-28 13:00:07,311][evaluation.evaluator][INFO] - skip complete run=/fslarge/scratch/users/h61084/codes/tsfm/outputs_selena/covariates/time-coastal_t_s_h_part07/504_168/ts_icl/none/instance/keep/run_0
2026-08-28 13:00:08 | configuration dataset=time/coastal_t_s_h_part07 L=504 H=168 model=ts_icl covariates=identity instance_norm=true remove_constant=false seed=1 batch_size=32
[2026-08-28 13:00:11,463][data.dataset][INFO] - dataset config path=/fssmall/home/h61084/codes/datasets/time/coastal_t_s_h_part07/config.json applied_keys=['date_col', 'drop_users', 'target_cols']
[2026-08-28 13:00:11,479][evaluation.evaluator][INFO] - skip complete run=/fslarge/scratch/users/h61084/codes/tsfm/outputs_selena/covariates/time-coastal_t_s_h_part07/504_168/ts_icl/identity/instance/keep/run_0
2026-08-28 13:00:12 | configuration dataset=time/coastal_t_s_h_part08 L=168 H=24 model=chronos2 covariates=none instance_norm=true remove_constant=false seed=1 batch_size=64
[2026-08-28 13:00:15,632][data.dataset][INFO] - dataset config path=/fssmall/home/h61084/codes/datasets/time/coastal_t_s_h_part08/config.json applied_keys=['date_col', 'drop_users', 'target_cols']
[2026-08-28 13:00:15,648][evaluation.evaluator][INFO] - skip complete run=/fslarge/scratch/users/h61084/codes/tsfm/outputs_selena/covariates/time-coastal_t_s_h_part08/168_24/chronos2/none/instance/keep/run_0
2026-08-28 13:00:17 | configuration dataset=time/coastal_t_s_h_part08 L=168 H=24 model=chronos2 covariates=identity instance_norm=true remove_constant=false seed=1 batch_size=64
[2026-08-28 13:00:19,790][data.dataset][INFO] - dataset config path=/fssmall/home/h61084/codes/datasets/time/coastal_t_s_h_part08/config.json applied_keys=['date_col', 'drop_users', 'target_cols']
[2026-08-28 13:00:19,806][evaluation.evaluator][INFO] - skip complete run=/fslarge/scratch/users/h61084/codes/tsfm/outputs_selena/covariates/time-coastal_t_s_h_part08/168_24/chronos2/identity/instance/keep/run_0
2026-08-28 13:00:21 | configuration dataset=time/coastal_t_s_h_part08 L=168 H=24 model=ts_icl covariates=none instance_norm=true remove_constant=false seed=1 batch_size=32
[2026-08-28 13:00:23,995][data.dataset][INFO] - dataset config path=/fssmall/home/h61084/codes/datasets/time/coastal_t_s_h_part08/config.json applied_keys=['date_col', 'drop_users', 'target_cols']
[2026-08-28 13:00:24,011][evaluation.evaluator][INFO] - skip complete run=/fslarge/scratch/users/h61084/codes/tsfm/outputs_selena/covariates/time-coastal_t_s_h_part08/168_24/ts_icl/none/instance/keep/run_0
2026-08-28 13:00:25 | configuration dataset=time/coastal_t_s_h_part08 L=168 H=24 model=ts_icl covariates=identity instance_norm=true remove_constant=false seed=1 batch_size=32
[2026-08-28 13:00:28,169][data.dataset][INFO] - dataset config path=/fssmall/home/h61084/codes/datasets/time/coastal_t_s_h_part08/config.json applied_keys=['date_col', 'drop_users', 'target_cols']
[2026-08-28 13:00:28,185][evaluation.evaluator][INFO] - skip complete run=/fslarge/scratch/users/h61084/codes/tsfm/outputs_selena/covariates/time-coastal_t_s_h_part08/168_24/ts_icl/identity/instance/keep/run_0
2026-08-28 13:00:29 | configuration dataset=time/coastal_t_s_h_part08 L=336 H=48 model=chronos2 covariates=none instance_norm=true remove_constant=false seed=1 batch_size=64
[2026-08-28 13:00:32,343][data.dataset][INFO] - dataset config path=/fssmall/home/h61084/codes/datasets/time/coastal_t_s_h_part08/config.json applied_keys=['date_col', 'drop_users', 'target_cols']
[2026-08-28 13:00:32,360][evaluation.evaluator][INFO] - skip complete run=/fslarge/scratch/users/h61084/codes/tsfm/outputs_selena/covariates/time-coastal_t_s_h_part08/336_48/chronos2/none/instance/keep/run_0
2026-08-28 13:00:33 | configuration dataset=time/coastal_t_s_h_part08 L=336 H=48 model=chronos2 covariates=identity instance_norm=true remove_constant=false seed=1 batch_size=64
[2026-08-28 13:00:36,499][data.dataset][INFO] - dataset config path=/fssmall/home/h61084/codes/datasets/time/coastal_t_s_h_part08/config.json applied_keys=['date_col', 'drop_users', 'target_cols']
[2026-08-28 13:00:36,515][evaluation.evaluator][INFO] - skip complete run=/fslarge/scratch/users/h61084/codes/tsfm/outputs_selena/covariates/time-coastal_t_s_h_part08/336_48/chronos2/identity/instance/keep/run_0
2026-08-28 13:00:38 | configuration dataset=time/coastal_t_s_h_part08 L=336 H=48 model=ts_icl covariates=none instance_norm=true remove_constant=false seed=1 batch_size=32
[2026-08-28 13:00:40,720][data.dataset][INFO] - dataset config path=/fssmall/home/h61084/codes/datasets/time/coastal_t_s_h_part08/config.json applied_keys=['date_col', 'drop_users', 'target_cols']
[2026-08-28 13:00:40,735][evaluation.evaluator][INFO] - skip complete run=/fslarge/scratch/users/h61084/codes/tsfm/outputs_selena/covariates/time-coastal_t_s_h_part08/336_48/ts_icl/none/instance/keep/run_0
2026-08-28 13:00:42 | configuration dataset=time/coastal_t_s_h_part08 L=336 H=48 model=ts_icl covariates=identity instance_norm=true remove_constant=false seed=1 batch_size=32
[2026-08-28 13:00:44,905][data.dataset][INFO] - dataset config path=/fssmall/home/h61084/codes/datasets/time/coastal_t_s_h_part08/config.json applied_keys=['date_col', 'drop_users', 'target_cols']
[2026-08-28 13:00:44,922][evaluation.evaluator][INFO] - skip complete run=/fslarge/scratch/users/h61084/codes/tsfm/outputs_selena/covariates/time-coastal_t_s_h_part08/336_48/ts_icl/identity/instance/keep/run_0
2026-08-28 13:00:46 | configuration dataset=time/coastal_t_s_h_part08 L=504 H=168 model=chronos2 covariates=none instance_norm=true remove_constant=false seed=1 batch_size=64
[2026-08-28 13:00:49,062][data.dataset][INFO] - dataset config path=/fssmall/home/h61084/codes/datasets/time/coastal_t_s_h_part08/config.json applied_keys=['date_col', 'drop_users', 'target_cols']
[2026-08-28 13:00:49,078][evaluation.evaluator][INFO] - skip complete run=/fslarge/scratch/users/h61084/codes/tsfm/outputs_selena/covariates/time-coastal_t_s_h_part08/504_168/chronos2/none/instance/keep/run_0
2026-08-28 13:00:50 | configuration dataset=time/coastal_t_s_h_part08 L=504 H=168 model=chronos2 covariates=identity instance_norm=true remove_constant=false seed=1 batch_size=64
[2026-08-28 13:00:53,263][data.dataset][INFO] - dataset config path=/fssmall/home/h61084/codes/datasets/time/coastal_t_s_h_part08/config.json applied_keys=['date_col', 'drop_users', 'target_cols']
[2026-08-28 13:00:53,279][evaluation.evaluator][INFO] - skip complete run=/fslarge/scratch/users/h61084/codes/tsfm/outputs_selena/covariates/time-coastal_t_s_h_part08/504_168/chronos2/identity/instance/keep/run_0
2026-08-28 13:00:54 | configuration dataset=time/coastal_t_s_h_part08 L=504 H=168 model=ts_icl covariates=none instance_norm=true remove_constant=false seed=1 batch_size=32
[2026-08-28 13:00:57,408][data.dataset][INFO] - dataset config path=/fssmall/home/h61084/codes/datasets/time/coastal_t_s_h_part08/config.json applied_keys=['date_col', 'drop_users', 'target_cols']
[2026-08-28 13:00:57,424][evaluation.evaluator][INFO] - skip complete run=/fslarge/scratch/users/h61084/codes/tsfm/outputs_selena/covariates/time-coastal_t_s_h_part08/504_168/ts_icl/none/instance/keep/run_0
2026-08-28 13:00:58 | configuration dataset=time/coastal_t_s_h_part08 L=504 H=168 model=ts_icl covariates=identity instance_norm=true remove_constant=false seed=1 batch_size=32
[2026-08-28 13:01:01,609][data.dataset][INFO] - dataset config path=/fssmall/home/h61084/codes/datasets/time/coastal_t_s_h_part08/config.json applied_keys=['date_col', 'drop_users', 'target_cols']
[2026-08-28 13:01:01,626][evaluation.evaluator][INFO] - skip complete run=/fslarge/scratch/users/h61084/codes/tsfm/outputs_selena/covariates/time-coastal_t_s_h_part08/504_168/ts_icl/identity/instance/keep/run_0
2026-08-28 13:01:03 | configuration dataset=time/coastal_t_s_h_part09 L=168 H=24 model=chronos2 covariates=none instance_norm=true remove_constant=false seed=1 batch_size=64
[2026-08-28 13:01:05,779][data.dataset][INFO] - dataset config path=/fssmall/home/h61084/codes/datasets/time/coastal_t_s_h_part09/config.json applied_keys=['date_col', 'drop_users', 'target_cols']
[2026-08-28 13:01:05,796][evaluation.evaluator][INFO] - skip complete run=/fslarge/scratch/users/h61084/codes/tsfm/outputs_selena/covariates/time-coastal_t_s_h_part09/168_24/chronos2/none/instance/keep/run_0
2026-08-28 13:01:07 | configuration dataset=time/coastal_t_s_h_part09 L=168 H=24 model=chronos2 covariates=identity instance_norm=true remove_constant=false seed=1 batch_size=64
[2026-08-28 13:01:09,944][data.dataset][INFO] - dataset config path=/fssmall/home/h61084/codes/datasets/time/coastal_t_s_h_part09/config.json applied_keys=['date_col', 'drop_users', 'target_cols']
[2026-08-28 13:01:09,960][evaluation.evaluator][INFO] - skip complete run=/fslarge/scratch/users/h61084/codes/tsfm/outputs_selena/covariates/time-coastal_t_s_h_part09/168_24/chronos2/identity/instance/keep/run_0
2026-08-28 13:01:11 | configuration dataset=time/coastal_t_s_h_part09 L=168 H=24 model=ts_icl covariates=none instance_norm=true remove_constant=false seed=1 batch_size=32
[2026-08-28 13:01:14,114][data.dataset][INFO] - dataset config path=/fssmall/home/h61084/codes/datasets/time/coastal_t_s_h_part09/config.json applied_keys=['date_col', 'drop_users', 'target_cols']
[2026-08-28 13:01:14,130][evaluation.evaluator][INFO] - skip complete run=/fslarge/scratch/users/h61084/codes/tsfm/outputs_selena/covariates/time-coastal_t_s_h_part09/168_24/ts_icl/none/instance/keep/run_0
2026-08-28 13:01:15 | configuration dataset=time/coastal_t_s_h_part09 L=168 H=24 model=ts_icl covariates=identity instance_norm=true remove_constant=false seed=1 batch_size=32
[2026-08-28 13:01:18,263][data.dataset][INFO] - dataset config path=/fssmall/home/h61084/codes/datasets/time/coastal_t_s_h_part09/config.json applied_keys=['date_col', 'drop_users', 'target_cols']
[2026-08-28 13:01:18,279][evaluation.evaluator][INFO] - skip complete run=/fslarge/scratch/users/h61084/codes/tsfm/outputs_selena/covariates/time-coastal_t_s_h_part09/168_24/ts_icl/identity/instance/keep/run_0
2026-08-28 13:01:19 | configuration dataset=time/coastal_t_s_h_part09 L=336 H=48 model=chronos2 covariates=none instance_norm=true remove_constant=false seed=1 batch_size=64
[2026-08-28 13:01:22,396][data.dataset][INFO] - dataset config path=/fssmall/home/h61084/codes/datasets/time/coastal_t_s_h_part09/config.json applied_keys=['date_col', 'drop_users', 'target_cols']
[2026-08-28 13:01:22,412][evaluation.evaluator][INFO] - skip complete run=/fslarge/scratch/users/h61084/codes/tsfm/outputs_selena/covariates/time-coastal_t_s_h_part09/336_48/chronos2/none/instance/keep/run_0
2026-08-28 13:01:23 | configuration dataset=time/coastal_t_s_h_part09 L=336 H=48 model=chronos2 covariates=identity instance_norm=true remove_constant=false seed=1 batch_size=64
[2026-08-28 13:01:26,553][data.dataset][INFO] - dataset config path=/fssmall/home/h61084/codes/datasets/time/coastal_t_s_h_part09/config.json applied_keys=['date_col', 'drop_users', 'target_cols']
[2026-08-28 13:01:26,570][evaluation.evaluator][INFO] - skip complete run=/fslarge/scratch/users/h61084/codes/tsfm/outputs_selena/covariates/time-coastal_t_s_h_part09/336_48/chronos2/identity/instance/keep/run_0
2026-08-28 13:01:28 | configuration dataset=time/coastal_t_s_h_part09 L=336 H=48 model=ts_icl covariates=none instance_norm=true remove_constant=false seed=1 batch_size=32
[2026-08-28 13:01:30,732][data.dataset][INFO] - dataset config path=/fssmall/home/h61084/codes/datasets/time/coastal_t_s_h_part09/config.json applied_keys=['date_col', 'drop_users', 'target_cols']
[2026-08-28 13:01:30,748][evaluation.evaluator][INFO] - skip complete run=/fslarge/scratch/users/h61084/codes/tsfm/outputs_selena/covariates/time-coastal_t_s_h_part09/336_48/ts_icl/none/instance/keep/run_0
2026-08-28 13:01:32 | configuration dataset=time/coastal_t_s_h_part09 L=336 H=48 model=ts_icl covariates=identity instance_norm=true remove_constant=false seed=1 batch_size=32
[2026-08-28 13:01:34,907][data.dataset][INFO] - dataset config path=/fssmall/home/h61084/codes/datasets/time/coastal_t_s_h_part09/config.json applied_keys=['date_col', 'drop_users', 'target_cols']
[2026-08-28 13:01:34,923][evaluation.evaluator][INFO] - skip complete run=/fslarge/scratch/users/h61084/codes/tsfm/outputs_selena/covariates/time-coastal_t_s_h_part09/336_48/ts_icl/identity/instance/keep/run_0
2026-08-28 13:01:36 | configuration dataset=time/coastal_t_s_h_part09 L=504 H=168 model=chronos2 covariates=none instance_norm=true remove_constant=false seed=1 batch_size=64
[2026-08-28 13:01:39,078][data.dataset][INFO] - dataset config path=/fssmall/home/h61084/codes/datasets/time/coastal_t_s_h_part09/config.json applied_keys=['date_col', 'drop_users', 'target_cols']
[2026-08-28 13:01:39,094][evaluation.evaluator][INFO] - skip complete run=/fslarge/scratch/users/h61084/codes/tsfm/outputs_selena/covariates/time-coastal_t_s_h_part09/504_168/chronos2/none/instance/keep/run_0
2026-08-28 13:01:40 | configuration dataset=time/coastal_t_s_h_part09 L=504 H=168 model=chronos2 covariates=identity instance_norm=true remove_constant=false seed=1 batch_size=64
[2026-08-28 13:01:43,217][data.dataset][INFO] - dataset config path=/fssmall/home/h61084/codes/datasets/time/coastal_t_s_h_part09/config.json applied_keys=['date_col', 'drop_users', 'target_cols']
[2026-08-28 13:01:43,233][evaluation.evaluator][INFO] - skip complete run=/fslarge/scratch/users/h61084/codes/tsfm/outputs_selena/covariates/time-coastal_t_s_h_part09/504_168/chronos2/identity/instance/keep/run_0
2026-08-28 13:01:44 | configuration dataset=time/coastal_t_s_h_part09 L=504 H=168 model=ts_icl covariates=none instance_norm=true remove_constant=false seed=1 batch_size=32
[2026-08-28 13:01:47,397][data.dataset][INFO] - dataset config path=/fssmall/home/h61084/codes/datasets/time/coastal_t_s_h_part09/config.json applied_keys=['date_col', 'drop_users', 'target_cols']
[2026-08-28 13:01:47,414][evaluation.evaluator][INFO] - skip complete run=/fslarge/scratch/users/h61084/codes/tsfm/outputs_selena/covariates/time-coastal_t_s_h_part09/504_168/ts_icl/none/instance/keep/run_0
2026-08-28 13:01:48 | configuration dataset=time/coastal_t_s_h_part09 L=504 H=168 model=ts_icl covariates=identity instance_norm=true remove_constant=false seed=1 batch_size=32
[2026-08-28 13:01:51,576][data.dataset][INFO] - dataset config path=/fssmall/home/h61084/codes/datasets/time/coastal_t_s_h_part09/config.json applied_keys=['date_col', 'drop_users', 'target_cols']
[2026-08-28 13:01:51,593][evaluation.evaluator][INFO] - skip complete run=/fslarge/scratch/users/h61084/codes/tsfm/outputs_selena/covariates/time-coastal_t_s_h_part09/504_168/ts_icl/identity/instance/keep/run_0
2026-08-28 13:01:53 | configuration dataset=time/coastal_t_s_h_part10 L=168 H=24 model=chronos2 covariates=none instance_norm=true remove_constant=false seed=1 batch_size=64
[2026-08-28 13:01:55,740][data.dataset][INFO] - dataset config path=/fssmall/home/h61084/codes/datasets/time/coastal_t_s_h_part10/config.json applied_keys=['date_col', 'drop_users', 'target_cols']
[2026-08-28 13:01:55,756][evaluation.evaluator][INFO] - skip complete run=/fslarge/scratch/users/h61084/codes/tsfm/outputs_selena/covariates/time-coastal_t_s_h_part10/168_24/chronos2/none/instance/keep/run_0
2026-08-28 13:01:57 | configuration dataset=time/coastal_t_s_h_part10 L=168 H=24 model=chronos2 covariates=identity instance_norm=true remove_constant=false seed=1 batch_size=64
[2026-08-28 13:01:59,900][data.dataset][INFO] - dataset config path=/fssmall/home/h61084/codes/datasets/time/coastal_t_s_h_part10/config.json applied_keys=['date_col', 'drop_users', 'target_cols']
[2026-08-28 13:01:59,916][evaluation.evaluator][INFO] - skip complete run=/fslarge/scratch/users/h61084/codes/tsfm/outputs_selena/covariates/time-coastal_t_s_h_part10/168_24/chronos2/identity/instance/keep/run_0
2026-08-28 13:02:01 | configuration dataset=time/coastal_t_s_h_part10 L=168 H=24 model=ts_icl covariates=none instance_norm=true remove_constant=false seed=1 batch_size=32
[2026-08-28 13:02:04,052][data.dataset][INFO] - dataset config path=/fssmall/home/h61084/codes/datasets/time/coastal_t_s_h_part10/config.json applied_keys=['date_col', 'drop_users', 'target_cols']
[2026-08-28 13:02:04,068][evaluation.evaluator][INFO] - skip complete run=/fslarge/scratch/users/h61084/codes/tsfm/outputs_selena/covariates/time-coastal_t_s_h_part10/168_24/ts_icl/none/instance/keep/run_0
2026-08-28 13:02:05 | configuration dataset=time/coastal_t_s_h_part10 L=168 H=24 model=ts_icl covariates=identity instance_norm=true remove_constant=false seed=1 batch_size=32
[2026-08-28 13:02:08,254][data.dataset][INFO] - dataset config path=/fssmall/home/h61084/codes/datasets/time/coastal_t_s_h_part10/config.json applied_keys=['date_col', 'drop_users', 'target_cols']
[2026-08-28 13:02:08,270][evaluation.evaluator][INFO] - skip complete run=/fslarge/scratch/users/h61084/codes/tsfm/outputs_selena/covariates/time-coastal_t_s_h_part10/168_24/ts_icl/identity/instance/keep/run_0
2026-08-28 13:02:09 | configuration dataset=time/coastal_t_s_h_part10 L=336 H=48 model=chronos2 covariates=none instance_norm=true remove_constant=false seed=1 batch_size=64
[2026-08-28 13:02:12,454][data.dataset][INFO] - dataset config path=/fssmall/home/h61084/codes/datasets/time/coastal_t_s_h_part10/config.json applied_keys=['date_col', 'drop_users', 'target_cols']
[2026-08-28 13:02:12,470][evaluation.evaluator][INFO] - skip complete run=/fslarge/scratch/users/h61084/codes/tsfm/outputs_selena/covariates/time-coastal_t_s_h_part10/336_48/chronos2/none/instance/keep/run_0
2026-08-28 13:02:13 | configuration dataset=time/coastal_t_s_h_part10 L=336 H=48 model=chronos2 covariates=identity instance_norm=true remove_constant=false seed=1 batch_size=64
[2026-08-28 13:02:16,619][data.dataset][INFO] - dataset config path=/fssmall/home/h61084/codes/datasets/time/coastal_t_s_h_part10/config.json applied_keys=['date_col', 'drop_users', 'target_cols']
[2026-08-28 13:02:16,636][evaluation.evaluator][INFO] - skip complete run=/fslarge/scratch/users/h61084/codes/tsfm/outputs_selena/covariates/time-coastal_t_s_h_part10/336_48/chronos2/identity/instance/keep/run_0
2026-08-28 13:02:18 | configuration dataset=time/coastal_t_s_h_part10 L=336 H=48 model=ts_icl covariates=none instance_norm=true remove_constant=false seed=1 batch_size=32
[2026-08-28 13:02:20,756][data.dataset][INFO] - dataset config path=/fssmall/home/h61084/codes/datasets/time/coastal_t_s_h_part10/config.json applied_keys=['date_col', 'drop_users', 'target_cols']
[2026-08-28 13:02:20,772][evaluation.evaluator][INFO] - skip complete run=/fslarge/scratch/users/h61084/codes/tsfm/outputs_selena/covariates/time-coastal_t_s_h_part10/336_48/ts_icl/none/instance/keep/run_0
2026-08-28 13:02:22 | configuration dataset=time/coastal_t_s_h_part10 L=336 H=48 model=ts_icl covariates=identity instance_norm=true remove_constant=false seed=1 batch_size=32
[2026-08-28 13:02:24,903][data.dataset][INFO] - dataset config path=/fssmall/home/h61084/codes/datasets/time/coastal_t_s_h_part10/config.json applied_keys=['date_col', 'drop_users', 'target_cols']
[2026-08-28 13:02:24,919][evaluation.evaluator][INFO] - skip complete run=/fslarge/scratch/users/h61084/codes/tsfm/outputs_selena/covariates/time-coastal_t_s_h_part10/336_48/ts_icl/identity/instance/keep/run_0
2026-08-28 13:02:26 | configuration dataset=time/coastal_t_s_h_part10 L=504 H=168 model=chronos2 covariates=none instance_norm=true remove_constant=false seed=1 batch_size=64
[2026-08-28 13:02:29,051][data.dataset][INFO] - dataset config path=/fssmall/home/h61084/codes/datasets/time/coastal_t_s_h_part10/config.json applied_keys=['date_col', 'drop_users', 'target_cols']
[2026-08-28 13:02:29,067][evaluation.evaluator][INFO] - skip complete run=/fslarge/scratch/users/h61084/codes/tsfm/outputs_selena/covariates/time-coastal_t_s_h_part10/504_168/chronos2/none/instance/keep/run_0
2026-08-28 13:02:30 | configuration dataset=time/coastal_t_s_h_part10 L=504 H=168 model=chronos2 covariates=identity instance_norm=true remove_constant=false seed=1 batch_size=64
[2026-08-28 13:02:33,222][data.dataset][INFO] - dataset config path=/fssmall/home/h61084/codes/datasets/time/coastal_t_s_h_part10/config.json applied_keys=['date_col', 'drop_users', 'target_cols']
[2026-08-28 13:02:33,238][evaluation.evaluator][INFO] - skip complete run=/fslarge/scratch/users/h61084/codes/tsfm/outputs_selena/covariates/time-coastal_t_s_h_part10/504_168/chronos2/identity/instance/keep/run_0
2026-08-28 13:02:34 | configuration dataset=time/coastal_t_s_h_part10 L=504 H=168 model=ts_icl covariates=none instance_norm=true remove_constant=false seed=1 batch_size=32
[2026-08-28 13:02:37,412][data.dataset][INFO] - dataset config path=/fssmall/home/h61084/codes/datasets/time/coastal_t_s_h_part10/config.json applied_keys=['date_col', 'drop_users', 'target_cols']
[2026-08-28 13:02:37,428][evaluation.evaluator][INFO] - skip complete run=/fslarge/scratch/users/h61084/codes/tsfm/outputs_selena/covariates/time-coastal_t_s_h_part10/504_168/ts_icl/none/instance/keep/run_0
2026-08-28 13:02:38 | configuration dataset=time/coastal_t_s_h_part10 L=504 H=168 model=ts_icl covariates=identity instance_norm=true remove_constant=false seed=1 batch_size=32
[2026-08-28 13:02:41,584][data.dataset][INFO] - dataset config path=/fssmall/home/h61084/codes/datasets/time/coastal_t_s_h_part10/config.json applied_keys=['date_col', 'drop_users', 'target_cols']
[2026-08-28 13:02:41,600][evaluation.evaluator][INFO] - skip complete run=/fslarge/scratch/users/h61084/codes/tsfm/outputs_selena/covariates/time-coastal_t_s_h_part10/504_168/ts_icl/identity/instance/keep/run_0
2026-08-28 13:02:43 | configuration dataset=time/coastal_t_s_h_part11 L=168 H=24 model=chronos2 covariates=none instance_norm=true remove_constant=false seed=1 batch_size=64
[2026-08-28 13:02:45,745][data.dataset][INFO] - dataset config path=/fssmall/home/h61084/codes/datasets/time/coastal_t_s_h_part11/config.json applied_keys=['date_col', 'drop_users', 'target_cols']
[2026-08-28 13:02:45,764][evaluation.evaluator][INFO] - skip complete run=/fslarge/scratch/users/h61084/codes/tsfm/outputs_selena/covariates/time-coastal_t_s_h_part11/168_24/chronos2/none/instance/keep/run_0
2026-08-28 13:02:47 | configuration dataset=time/coastal_t_s_h_part11 L=168 H=24 model=chronos2 covariates=identity instance_norm=true remove_constant=false seed=1 batch_size=64
[2026-08-28 13:02:49,906][data.dataset][INFO] - dataset config path=/fssmall/home/h61084/codes/datasets/time/coastal_t_s_h_part11/config.json applied_keys=['date_col', 'drop_users', 'target_cols']
[2026-08-28 13:02:49,924][evaluation.evaluator][INFO] - skip complete run=/fslarge/scratch/users/h61084/codes/tsfm/outputs_selena/covariates/time-coastal_t_s_h_part11/168_24/chronos2/identity/instance/keep/run_0
2026-08-28 13:02:51 | configuration dataset=time/coastal_t_s_h_part11 L=168 H=24 model=ts_icl covariates=none instance_norm=true remove_constant=false seed=1 batch_size=32
[2026-08-28 13:02:54,128][data.dataset][INFO] - dataset config path=/fssmall/home/h61084/codes/datasets/time/coastal_t_s_h_part11/config.json applied_keys=['date_col', 'drop_users', 'target_cols']
[2026-08-28 13:02:54,145][evaluation.evaluator][INFO] - skip complete run=/fslarge/scratch/users/h61084/codes/tsfm/outputs_selena/covariates/time-coastal_t_s_h_part11/168_24/ts_icl/none/instance/keep/run_0
2026-08-28 13:02:55 | configuration dataset=time/coastal_t_s_h_part11 L=168 H=24 model=ts_icl covariates=identity instance_norm=true remove_constant=false seed=1 batch_size=32
[2026-08-28 13:02:58,294][data.dataset][INFO] - dataset config path=/fssmall/home/h61084/codes/datasets/time/coastal_t_s_h_part11/config.json applied_keys=['date_col', 'drop_users', 'target_cols']
[2026-08-28 13:02:58,311][evaluation.evaluator][INFO] - skip complete run=/fslarge/scratch/users/h61084/codes/tsfm/outputs_selena/covariates/time-coastal_t_s_h_part11/168_24/ts_icl/identity/instance/keep/run_0
2026-08-28 13:02:59 | configuration dataset=time/coastal_t_s_h_part11 L=336 H=48 model=chronos2 covariates=none instance_norm=true remove_constant=false seed=1 batch_size=64
[2026-08-28 13:03:02,476][data.dataset][INFO] - dataset config path=/fssmall/home/h61084/codes/datasets/time/coastal_t_s_h_part11/config.json applied_keys=['date_col', 'drop_users', 'target_cols']
[2026-08-28 13:03:02,493][evaluation.evaluator][INFO] - skip complete run=/fslarge/scratch/users/h61084/codes/tsfm/outputs_selena/covariates/time-coastal_t_s_h_part11/336_48/chronos2/none/instance/keep/run_0
2026-08-28 13:03:04 | configuration dataset=time/coastal_t_s_h_part11 L=336 H=48 model=chronos2 covariates=identity instance_norm=true remove_constant=false seed=1 batch_size=64
[2026-08-28 13:03:06,670][data.dataset][INFO] - dataset config path=/fssmall/home/h61084/codes/datasets/time/coastal_t_s_h_part11/config.json applied_keys=['date_col', 'drop_users', 'target_cols']
[2026-08-28 13:03:06,688][evaluation.evaluator][INFO] - skip complete run=/fslarge/scratch/users/h61084/codes/tsfm/outputs_selena/covariates/time-coastal_t_s_h_part11/336_48/chronos2/identity/instance/keep/run_0
2026-08-28 13:03:08 | configuration dataset=time/coastal_t_s_h_part11 L=336 H=48 model=ts_icl covariates=none instance_norm=true remove_constant=false seed=1 batch_size=32
[2026-08-28 13:03:10,863][data.dataset][INFO] - dataset config path=/fssmall/home/h61084/codes/datasets/time/coastal_t_s_h_part11/config.json applied_keys=['date_col', 'drop_users', 'target_cols']
[2026-08-28 13:03:10,880][evaluation.evaluator][INFO] - skip complete run=/fslarge/scratch/users/h61084/codes/tsfm/outputs_selena/covariates/time-coastal_t_s_h_part11/336_48/ts_icl/none/instance/keep/run_0
2026-08-28 13:03:12 | configuration dataset=time/coastal_t_s_h_part11 L=336 H=48 model=ts_icl covariates=identity instance_norm=true remove_constant=false seed=1 batch_size=32
[2026-08-28 13:03:15,068][data.dataset][INFO] - dataset config path=/fssmall/home/h61084/codes/datasets/time/coastal_t_s_h_part11/config.json applied_keys=['date_col', 'drop_users', 'target_cols']
[2026-08-28 13:03:15,085][evaluation.evaluator][INFO] - skip complete run=/fslarge/scratch/users/h61084/codes/tsfm/outputs_selena/covariates/time-coastal_t_s_h_part11/336_48/ts_icl/identity/instance/keep/run_0
2026-08-28 13:03:16 | configuration dataset=time/coastal_t_s_h_part11 L=504 H=168 model=chronos2 covariates=none instance_norm=true remove_constant=false seed=1 batch_size=64
[2026-08-28 13:03:19,231][data.dataset][INFO] - dataset config path=/fssmall/home/h61084/codes/datasets/time/coastal_t_s_h_part11/config.json applied_keys=['date_col', 'drop_users', 'target_cols']
[2026-08-28 13:03:19,248][evaluation.evaluator][INFO] - skip complete run=/fslarge/scratch/users/h61084/codes/tsfm/outputs_selena/covariates/time-coastal_t_s_h_part11/504_168/chronos2/none/instance/keep/run_0
2026-08-28 13:03:20 | configuration dataset=time/coastal_t_s_h_part11 L=504 H=168 model=chronos2 covariates=identity instance_norm=true remove_constant=false seed=1 batch_size=64
[2026-08-28 13:03:23,394][data.dataset][INFO] - dataset config path=/fssmall/home/h61084/codes/datasets/time/coastal_t_s_h_part11/config.json applied_keys=['date_col', 'drop_users', 'target_cols']
[2026-08-28 13:03:23,411][evaluation.evaluator][INFO] - skip complete run=/fslarge/scratch/users/h61084/codes/tsfm/outputs_selena/covariates/time-coastal_t_s_h_part11/504_168/chronos2/identity/instance/keep/run_0
2026-08-28 13:03:24 | configuration dataset=time/coastal_t_s_h_part11 L=504 H=168 model=ts_icl covariates=none instance_norm=true remove_constant=false seed=1 batch_size=32
[2026-08-28 13:03:27,563][data.dataset][INFO] - dataset config path=/fssmall/home/h61084/codes/datasets/time/coastal_t_s_h_part11/config.json applied_keys=['date_col', 'drop_users', 'target_cols']
[2026-08-28 13:03:27,580][evaluation.evaluator][INFO] - skip complete run=/fslarge/scratch/users/h61084/codes/tsfm/outputs_selena/covariates/time-coastal_t_s_h_part11/504_168/ts_icl/none/instance/keep/run_0
2026-08-28 13:03:29 | configuration dataset=time/coastal_t_s_h_part11 L=504 H=168 model=ts_icl covariates=identity instance_norm=true remove_constant=false seed=1 batch_size=32
[2026-08-28 13:03:31,702][data.dataset][INFO] - dataset config path=/fssmall/home/h61084/codes/datasets/time/coastal_t_s_h_part11/config.json applied_keys=['date_col', 'drop_users', 'target_cols']
[2026-08-28 13:03:31,719][evaluation.evaluator][INFO] - skip complete run=/fslarge/scratch/users/h61084/codes/tsfm/outputs_selena/covariates/time-coastal_t_s_h_part11/504_168/ts_icl/identity/instance/keep/run_0
2026-08-28 13:03:33 | configuration dataset=time/coastal_t_s_h_part12 L=168 H=24 model=chronos2 covariates=none instance_norm=true remove_constant=false seed=1 batch_size=64
[2026-08-28 13:03:35,867][data.dataset][INFO] - dataset config path=/fssmall/home/h61084/codes/datasets/time/coastal_t_s_h_part12/config.json applied_keys=['date_col', 'drop_users', 'target_cols']
[2026-08-28 13:03:35,884][evaluation.evaluator][INFO] - skip complete run=/fslarge/scratch/users/h61084/codes/tsfm/outputs_selena/covariates/time-coastal_t_s_h_part12/168_24/chronos2/none/instance/keep/run_0
2026-08-28 13:03:37 | configuration dataset=time/coastal_t_s_h_part12 L=168 H=24 model=chronos2 covariates=identity instance_norm=true remove_constant=false seed=1 batch_size=64
[2026-08-28 13:03:40,049][data.dataset][INFO] - dataset config path=/fssmall/home/h61084/codes/datasets/time/coastal_t_s_h_part12/config.json applied_keys=['date_col', 'drop_users', 'target_cols']
[2026-08-28 13:03:40,065][evaluation.evaluator][INFO] - skip complete run=/fslarge/scratch/users/h61084/codes/tsfm/outputs_selena/covariates/time-coastal_t_s_h_part12/168_24/chronos2/identity/instance/keep/run_0
2026-08-28 13:03:41 | configuration dataset=time/coastal_t_s_h_part12 L=168 H=24 model=ts_icl covariates=none instance_norm=true remove_constant=false seed=1 batch_size=32
[2026-08-28 13:03:44,201][data.dataset][INFO] - dataset config path=/fssmall/home/h61084/codes/datasets/time/coastal_t_s_h_part12/config.json applied_keys=['date_col', 'drop_users', 'target_cols']
[2026-08-28 13:03:44,217][evaluation.evaluator][INFO] - skip complete run=/fslarge/scratch/users/h61084/codes/tsfm/outputs_selena/covariates/time-coastal_t_s_h_part12/168_24/ts_icl/none/instance/keep/run_0
2026-08-28 13:03:45 | configuration dataset=time/coastal_t_s_h_part12 L=168 H=24 model=ts_icl covariates=identity instance_norm=true remove_constant=false seed=1 batch_size=32
[2026-08-28 13:03:48,347][data.dataset][INFO] - dataset config path=/fssmall/home/h61084/codes/datasets/time/coastal_t_s_h_part12/config.json applied_keys=['date_col', 'drop_users', 'target_cols']
[2026-08-28 13:03:48,365][evaluation.evaluator][INFO] - skip complete run=/fslarge/scratch/users/h61084/codes/tsfm/outputs_selena/covariates/time-coastal_t_s_h_part12/168_24/ts_icl/identity/instance/keep/run_0
2026-08-28 13:03:49 | configuration dataset=time/coastal_t_s_h_part12 L=336 H=48 model=chronos2 covariates=none instance_norm=true remove_constant=false seed=1 batch_size=64
[2026-08-28 13:03:52,533][data.dataset][INFO] - dataset config path=/fssmall/home/h61084/codes/datasets/time/coastal_t_s_h_part12/config.json applied_keys=['date_col', 'drop_users', 'target_cols']
[2026-08-28 13:03:52,549][evaluation.evaluator][INFO] - skip complete run=/fslarge/scratch/users/h61084/codes/tsfm/outputs_selena/covariates/time-coastal_t_s_h_part12/336_48/chronos2/none/instance/keep/run_0
2026-08-28 13:03:54 | configuration dataset=time/coastal_t_s_h_part12 L=336 H=48 model=chronos2 covariates=identity instance_norm=true remove_constant=false seed=1 batch_size=64
[2026-08-28 13:03:56,688][data.dataset][INFO] - dataset config path=/fssmall/home/h61084/codes/datasets/time/coastal_t_s_h_part12/config.json applied_keys=['date_col', 'drop_users', 'target_cols']
[2026-08-28 13:03:56,703][evaluation.evaluator][INFO] - skip complete run=/fslarge/scratch/users/h61084/codes/tsfm/outputs_selena/covariates/time-coastal_t_s_h_part12/336_48/chronos2/identity/instance/keep/run_0
2026-08-28 13:03:58 | configuration dataset=time/coastal_t_s_h_part12 L=336 H=48 model=ts_icl covariates=none instance_norm=true remove_constant=false seed=1 batch_size=32
[2026-08-28 13:04:00,847][data.dataset][INFO] - dataset config path=/fssmall/home/h61084/codes/datasets/time/coastal_t_s_h_part12/config.json applied_keys=['date_col', 'drop_users', 'target_cols']
[2026-08-28 13:04:00,863][evaluation.evaluator][INFO] - skip complete run=/fslarge/scratch/users/h61084/codes/tsfm/outputs_selena/covariates/time-coastal_t_s_h_part12/336_48/ts_icl/none/instance/keep/run_0
2026-08-28 13:04:02 | configuration dataset=time/coastal_t_s_h_part12 L=336 H=48 model=ts_icl covariates=identity instance_norm=true remove_constant=false seed=1 batch_size=32
[2026-08-28 13:04:05,012][data.dataset][INFO] - dataset config path=/fssmall/home/h61084/codes/datasets/time/coastal_t_s_h_part12/config.json applied_keys=['date_col', 'drop_users', 'target_cols']
[2026-08-28 13:04:05,028][evaluation.evaluator][INFO] - skip complete run=/fslarge/scratch/users/h61084/codes/tsfm/outputs_selena/covariates/time-coastal_t_s_h_part12/336_48/ts_icl/identity/instance/keep/run_0
2026-08-28 13:04:06 | configuration dataset=time/coastal_t_s_h_part12 L=504 H=168 model=chronos2 covariates=none instance_norm=true remove_constant=false seed=1 batch_size=64
[2026-08-28 13:04:09,169][data.dataset][INFO] - dataset config path=/fssmall/home/h61084/codes/datasets/time/coastal_t_s_h_part12/config.json applied_keys=['date_col', 'drop_users', 'target_cols']
[2026-08-28 13:04:09,185][evaluation.evaluator][INFO] - skip complete run=/fslarge/scratch/users/h61084/codes/tsfm/outputs_selena/covariates/time-coastal_t_s_h_part12/504_168/chronos2/none/instance/keep/run_0
2026-08-28 13:04:10 | configuration dataset=time/coastal_t_s_h_part12 L=504 H=168 model=chronos2 covariates=identity instance_norm=true remove_constant=false seed=1 batch_size=64
[2026-08-28 13:04:13,323][data.dataset][INFO] - dataset config path=/fssmall/home/h61084/codes/datasets/time/coastal_t_s_h_part12/config.json applied_keys=['date_col', 'drop_users', 'target_cols']
[2026-08-28 13:04:13,338][evaluation.evaluator][INFO] - skip complete run=/fslarge/scratch/users/h61084/codes/tsfm/outputs_selena/covariates/time-coastal_t_s_h_part12/504_168/chronos2/identity/instance/keep/run_0
2026-08-28 13:04:14 | configuration dataset=time/coastal_t_s_h_part12 L=504 H=168 model=ts_icl covariates=none instance_norm=true remove_constant=false seed=1 batch_size=32
[2026-08-28 13:04:17,500][data.dataset][INFO] - dataset config path=/fssmall/home/h61084/codes/datasets/time/coastal_t_s_h_part12/config.json applied_keys=['date_col', 'drop_users', 'target_cols']
[2026-08-28 13:04:17,516][evaluation.evaluator][INFO] - skip complete run=/fslarge/scratch/users/h61084/codes/tsfm/outputs_selena/covariates/time-coastal_t_s_h_part12/504_168/ts_icl/none/instance/keep/run_0
2026-08-28 13:04:19 | configuration dataset=time/coastal_t_s_h_part12 L=504 H=168 model=ts_icl covariates=identity instance_norm=true remove_constant=false seed=1 batch_size=32
[2026-08-28 13:04:21,678][data.dataset][INFO] - dataset config path=/fssmall/home/h61084/codes/datasets/time/coastal_t_s_h_part12/config.json applied_keys=['date_col', 'drop_users', 'target_cols']
[2026-08-28 13:04:21,694][evaluation.evaluator][INFO] - skip complete run=/fslarge/scratch/users/h61084/codes/tsfm/outputs_selena/covariates/time-coastal_t_s_h_part12/504_168/ts_icl/identity/instance/keep/run_0
2026-08-28 13:04:23 | configuration dataset=time/coastal_t_s_h_part13 L=168 H=24 model=chronos2 covariates=none instance_norm=true remove_constant=false seed=1 batch_size=64
[2026-08-28 13:04:25,829][data.dataset][INFO] - dataset config path=/fssmall/home/h61084/codes/datasets/time/coastal_t_s_h_part13/config.json applied_keys=['date_col', 'drop_users', 'target_cols']
[2026-08-28 13:04:25,845][evaluation.evaluator][INFO] - skip complete run=/fslarge/scratch/users/h61084/codes/tsfm/outputs_selena/covariates/time-coastal_t_s_h_part13/168_24/chronos2/none/instance/keep/run_0
2026-08-28 13:04:27 | configuration dataset=time/coastal_t_s_h_part13 L=168 H=24 model=chronos2 covariates=identity instance_norm=true remove_constant=false seed=1 batch_size=64
[2026-08-28 13:04:29,991][data.dataset][INFO] - dataset config path=/fssmall/home/h61084/codes/datasets/time/coastal_t_s_h_part13/config.json applied_keys=['date_col', 'drop_users', 'target_cols']
[2026-08-28 13:04:30,007][evaluation.evaluator][INFO] - skip complete run=/fslarge/scratch/users/h61084/codes/tsfm/outputs_selena/covariates/time-coastal_t_s_h_part13/168_24/chronos2/identity/instance/keep/run_0
2026-08-28 13:04:31 | configuration dataset=time/coastal_t_s_h_part13 L=168 H=24 model=ts_icl covariates=none instance_norm=true remove_constant=false seed=1 batch_size=32
[2026-08-28 13:04:34,147][data.dataset][INFO] - dataset config path=/fssmall/home/h61084/codes/datasets/time/coastal_t_s_h_part13/config.json applied_keys=['date_col', 'drop_users', 'target_cols']
[2026-08-28 13:04:34,162][evaluation.evaluator][INFO] - skip complete run=/fslarge/scratch/users/h61084/codes/tsfm/outputs_selena/covariates/time-coastal_t_s_h_part13/168_24/ts_icl/none/instance/keep/run_0
2026-08-28 13:04:35 | configuration dataset=time/coastal_t_s_h_part13 L=168 H=24 model=ts_icl covariates=identity instance_norm=true remove_constant=false seed=1 batch_size=32
[2026-08-28 13:04:38,298][data.dataset][INFO] - dataset config path=/fssmall/home/h61084/codes/datasets/time/coastal_t_s_h_part13/config.json applied_keys=['date_col', 'drop_users', 'target_cols']
[2026-08-28 13:04:38,314][evaluation.evaluator][INFO] - skip complete run=/fslarge/scratch/users/h61084/codes/tsfm/outputs_selena/covariates/time-coastal_t_s_h_part13/168_24/ts_icl/identity/instance/keep/run_0
2026-08-28 13:04:39 | configuration dataset=time/coastal_t_s_h_part13 L=336 H=48 model=chronos2 covariates=none instance_norm=true remove_constant=false seed=1 batch_size=64
[2026-08-28 13:04:42,471][data.dataset][INFO] - dataset config path=/fssmall/home/h61084/codes/datasets/time/coastal_t_s_h_part13/config.json applied_keys=['date_col', 'drop_users', 'target_cols']
[2026-08-28 13:04:42,487][evaluation.evaluator][INFO] - skip complete run=/fslarge/scratch/users/h61084/codes/tsfm/outputs_selena/covariates/time-coastal_t_s_h_part13/336_48/chronos2/none/instance/keep/run_0
2026-08-28 13:04:43 | configuration dataset=time/coastal_t_s_h_part13 L=336 H=48 model=chronos2 covariates=identity instance_norm=true remove_constant=false seed=1 batch_size=64
[2026-08-28 13:04:46,623][data.dataset][INFO] - dataset config path=/fssmall/home/h61084/codes/datasets/time/coastal_t_s_h_part13/config.json applied_keys=['date_col', 'drop_users', 'target_cols']
[2026-08-28 13:04:46,638][evaluation.evaluator][INFO] - skip complete run=/fslarge/scratch/users/h61084/codes/tsfm/outputs_selena/covariates/time-coastal_t_s_h_part13/336_48/chronos2/identity/instance/keep/run_0
2026-08-28 13:04:48 | configuration dataset=time/coastal_t_s_h_part13 L=336 H=48 model=ts_icl covariates=none instance_norm=true remove_constant=false seed=1 batch_size=32
[2026-08-28 13:04:50,794][data.dataset][INFO] - dataset config path=/fssmall/home/h61084/codes/datasets/time/coastal_t_s_h_part13/config.json applied_keys=['date_col', 'drop_users', 'target_cols']
[2026-08-28 13:04:50,810][evaluation.evaluator][INFO] - skip complete run=/fslarge/scratch/users/h61084/codes/tsfm/outputs_selena/covariates/time-coastal_t_s_h_part13/336_48/ts_icl/none/instance/keep/run_0
2026-08-28 13:04:52 | configuration dataset=time/coastal_t_s_h_part13 L=336 H=48 model=ts_icl covariates=identity instance_norm=true remove_constant=false seed=1 batch_size=32
[2026-08-28 13:04:54,961][data.dataset][INFO] - dataset config path=/fssmall/home/h61084/codes/datasets/time/coastal_t_s_h_part13/config.json applied_keys=['date_col', 'drop_users', 'target_cols']
[2026-08-28 13:04:54,977][evaluation.evaluator][INFO] - skip complete run=/fslarge/scratch/users/h61084/codes/tsfm/outputs_selena/covariates/time-coastal_t_s_h_part13/336_48/ts_icl/identity/instance/keep/run_0
2026-08-28 13:04:56 | configuration dataset=time/coastal_t_s_h_part13 L=504 H=168 model=chronos2 covariates=none instance_norm=true remove_constant=false seed=1 batch_size=64
[2026-08-28 13:04:59,150][data.dataset][INFO] - dataset config path=/fssmall/home/h61084/codes/datasets/time/coastal_t_s_h_part13/config.json applied_keys=['date_col', 'drop_users', 'target_cols']
[2026-08-28 13:04:59,166][evaluation.evaluator][INFO] - skip complete run=/fslarge/scratch/users/h61084/codes/tsfm/outputs_selena/covariates/time-coastal_t_s_h_part13/504_168/chronos2/none/instance/keep/run_0
2026-08-28 13:05:00 | configuration dataset=time/coastal_t_s_h_part13 L=504 H=168 model=chronos2 covariates=identity instance_norm=true remove_constant=false seed=1 batch_size=64
[2026-08-28 13:05:03,384][data.dataset][INFO] - dataset config path=/fssmall/home/h61084/codes/datasets/time/coastal_t_s_h_part13/config.json applied_keys=['date_col', 'drop_users', 'target_cols']
[2026-08-28 13:05:03,400][evaluation.evaluator][INFO] - skip complete run=/fslarge/scratch/users/h61084/codes/tsfm/outputs_selena/covariates/time-coastal_t_s_h_part13/504_168/chronos2/identity/instance/keep/run_0
2026-08-28 13:05:04 | configuration dataset=time/coastal_t_s_h_part13 L=504 H=168 model=ts_icl covariates=none instance_norm=true remove_constant=false seed=1 batch_size=32
[2026-08-28 13:05:07,533][data.dataset][INFO] - dataset config path=/fssmall/home/h61084/codes/datasets/time/coastal_t_s_h_part13/config.json applied_keys=['date_col', 'drop_users', 'target_cols']
[2026-08-28 13:05:07,549][evaluation.evaluator][INFO] - skip complete run=/fslarge/scratch/users/h61084/codes/tsfm/outputs_selena/covariates/time-coastal_t_s_h_part13/504_168/ts_icl/none/instance/keep/run_0
2026-08-28 13:05:09 | configuration dataset=time/coastal_t_s_h_part13 L=504 H=168 model=ts_icl covariates=identity instance_norm=true remove_constant=false seed=1 batch_size=32
[2026-08-28 13:05:11,700][data.dataset][INFO] - dataset config path=/fssmall/home/h61084/codes/datasets/time/coastal_t_s_h_part13/config.json applied_keys=['date_col', 'drop_users', 'target_cols']
[2026-08-28 13:05:11,716][evaluation.evaluator][INFO] - skip complete run=/fslarge/scratch/users/h61084/codes/tsfm/outputs_selena/covariates/time-coastal_t_s_h_part13/504_168/ts_icl/identity/instance/keep/run_0
2026-08-28 13:05:13 | configuration dataset=time/coastal_t_s_h_part14 L=168 H=24 model=chronos2 covariates=none instance_norm=true remove_constant=false seed=1 batch_size=64
[2026-08-28 13:05:15,891][data.dataset][INFO] - dataset config path=/fssmall/home/h61084/codes/datasets/time/coastal_t_s_h_part14/config.json applied_keys=['date_col', 'drop_users', 'target_cols']
[2026-08-28 13:05:15,907][evaluation.evaluator][INFO] - skip complete run=/fslarge/scratch/users/h61084/codes/tsfm/outputs_selena/covariates/time-coastal_t_s_h_part14/168_24/chronos2/none/instance/keep/run_0
2026-08-28 13:05:17 | configuration dataset=time/coastal_t_s_h_part14 L=168 H=24 model=chronos2 covariates=identity instance_norm=true remove_constant=false seed=1 batch_size=64
[2026-08-28 13:05:20,041][data.dataset][INFO] - dataset config path=/fssmall/home/h61084/codes/datasets/time/coastal_t_s_h_part14/config.json applied_keys=['date_col', 'drop_users', 'target_cols']
[2026-08-28 13:05:20,056][evaluation.evaluator][INFO] - skip complete run=/fslarge/scratch/users/h61084/codes/tsfm/outputs_selena/covariates/time-coastal_t_s_h_part14/168_24/chronos2/identity/instance/keep/run_0
2026-08-28 13:05:21 | configuration dataset=time/coastal_t_s_h_part14 L=168 H=24 model=ts_icl covariates=none instance_norm=true remove_constant=false seed=1 batch_size=32
[2026-08-28 13:05:24,244][data.dataset][INFO] - dataset config path=/fssmall/home/h61084/codes/datasets/time/coastal_t_s_h_part14/config.json applied_keys=['date_col', 'drop_users', 'target_cols']
[2026-08-28 13:05:24,260][evaluation.evaluator][INFO] - skip complete run=/fslarge/scratch/users/h61084/codes/tsfm/outputs_selena/covariates/time-coastal_t_s_h_part14/168_24/ts_icl/none/instance/keep/run_0
2026-08-28 13:05:25 | configuration dataset=time/coastal_t_s_h_part14 L=168 H=24 model=ts_icl covariates=identity instance_norm=true remove_constant=false seed=1 batch_size=32
[2026-08-28 13:05:28,404][data.dataset][INFO] - dataset config path=/fssmall/home/h61084/codes/datasets/time/coastal_t_s_h_part14/config.json applied_keys=['date_col', 'drop_users', 'target_cols']
[2026-08-28 13:05:28,420][evaluation.evaluator][INFO] - skip complete run=/fslarge/scratch/users/h61084/codes/tsfm/outputs_selena/covariates/time-coastal_t_s_h_part14/168_24/ts_icl/identity/instance/keep/run_0
2026-08-28 13:05:29 | configuration dataset=time/coastal_t_s_h_part14 L=336 H=48 model=chronos2 covariates=none instance_norm=true remove_constant=false seed=1 batch_size=64
[2026-08-28 13:05:32,589][data.dataset][INFO] - dataset config path=/fssmall/home/h61084/codes/datasets/time/coastal_t_s_h_part14/config.json applied_keys=['date_col', 'drop_users', 'target_cols']
[2026-08-28 13:05:32,605][evaluation.evaluator][INFO] - skip complete run=/fslarge/scratch/users/h61084/codes/tsfm/outputs_selena/covariates/time-coastal_t_s_h_part14/336_48/chronos2/none/instance/keep/run_0
2026-08-28 13:05:34 | configuration dataset=time/coastal_t_s_h_part14 L=336 H=48 model=chronos2 covariates=identity instance_norm=true remove_constant=false seed=1 batch_size=64
[2026-08-28 13:05:36,752][data.dataset][INFO] - dataset config path=/fssmall/home/h61084/codes/datasets/time/coastal_t_s_h_part14/config.json applied_keys=['date_col', 'drop_users', 'target_cols']
[2026-08-28 13:05:36,768][evaluation.evaluator][INFO] - skip complete run=/fslarge/scratch/users/h61084/codes/tsfm/outputs_selena/covariates/time-coastal_t_s_h_part14/336_48/chronos2/identity/instance/keep/run_0
2026-08-28 13:05:38 | configuration dataset=time/coastal_t_s_h_part14 L=336 H=48 model=ts_icl covariates=none instance_norm=true remove_constant=false seed=1 batch_size=32
[2026-08-28 13:05:40,911][data.dataset][INFO] - dataset config path=/fssmall/home/h61084/codes/datasets/time/coastal_t_s_h_part14/config.json applied_keys=['date_col', 'drop_users', 'target_cols']
[2026-08-28 13:05:40,926][evaluation.evaluator][INFO] - skip complete run=/fslarge/scratch/users/h61084/codes/tsfm/outputs_selena/covariates/time-coastal_t_s_h_part14/336_48/ts_icl/none/instance/keep/run_0
2026-08-28 13:05:42 | configuration dataset=time/coastal_t_s_h_part14 L=336 H=48 model=ts_icl covariates=identity instance_norm=true remove_constant=false seed=1 batch_size=32
[2026-08-28 13:05:45,072][data.dataset][INFO] - dataset config path=/fssmall/home/h61084/codes/datasets/time/coastal_t_s_h_part14/config.json applied_keys=['date_col', 'drop_users', 'target_cols']
[2026-08-28 13:05:45,088][evaluation.evaluator][INFO] - skip complete run=/fslarge/scratch/users/h61084/codes/tsfm/outputs_selena/covariates/time-coastal_t_s_h_part14/336_48/ts_icl/identity/instance/keep/run_0
2026-08-28 13:05:46 | configuration dataset=time/coastal_t_s_h_part14 L=504 H=168 model=chronos2 covariates=none instance_norm=true remove_constant=false seed=1 batch_size=64
[2026-08-28 13:05:49,218][data.dataset][INFO] - dataset config path=/fssmall/home/h61084/codes/datasets/time/coastal_t_s_h_part14/config.json applied_keys=['date_col', 'drop_users', 'target_cols']
[2026-08-28 13:05:49,234][evaluation.evaluator][INFO] - skip complete run=/fslarge/scratch/users/h61084/codes/tsfm/outputs_selena/covariates/time-coastal_t_s_h_part14/504_168/chronos2/none/instance/keep/run_0
2026-08-28 13:05:50 | configuration dataset=time/coastal_t_s_h_part14 L=504 H=168 model=chronos2 covariates=identity instance_norm=true remove_constant=false seed=1 batch_size=64
[2026-08-28 13:05:53,393][data.dataset][INFO] - dataset config path=/fssmall/home/h61084/codes/datasets/time/coastal_t_s_h_part14/config.json applied_keys=['date_col', 'drop_users', 'target_cols']
[2026-08-28 13:05:53,409][evaluation.evaluator][INFO] - skip complete run=/fslarge/scratch/users/h61084/codes/tsfm/outputs_selena/covariates/time-coastal_t_s_h_part14/504_168/chronos2/identity/instance/keep/run_0
2026-08-28 13:05:54 | configuration dataset=time/coastal_t_s_h_part14 L=504 H=168 model=ts_icl covariates=none instance_norm=true remove_constant=false seed=1 batch_size=32
[2026-08-28 13:05:57,579][data.dataset][INFO] - dataset config path=/fssmall/home/h61084/codes/datasets/time/coastal_t_s_h_part14/config.json applied_keys=['date_col', 'drop_users', 'target_cols']
[2026-08-28 13:05:57,595][evaluation.evaluator][INFO] - skip complete run=/fslarge/scratch/users/h61084/codes/tsfm/outputs_selena/covariates/time-coastal_t_s_h_part14/504_168/ts_icl/none/instance/keep/run_0
2026-08-28 13:05:59 | configuration dataset=time/coastal_t_s_h_part14 L=504 H=168 model=ts_icl covariates=identity instance_norm=true remove_constant=false seed=1 batch_size=32
[2026-08-28 13:06:01,764][data.dataset][INFO] - dataset config path=/fssmall/home/h61084/codes/datasets/time/coastal_t_s_h_part14/config.json applied_keys=['date_col', 'drop_users', 'target_cols']
[2026-08-28 13:06:01,779][evaluation.evaluator][INFO] - skip complete run=/fslarge/scratch/users/h61084/codes/tsfm/outputs_selena/covariates/time-coastal_t_s_h_part14/504_168/ts_icl/identity/instance/keep/run_0
2026-08-28 13:06:03 | configuration dataset=time/coastal_t_s_h_part15 L=168 H=24 model=chronos2 covariates=none instance_norm=true remove_constant=false seed=1 batch_size=64
[2026-08-28 13:06:05,956][data.dataset][INFO] - dataset config path=/fssmall/home/h61084/codes/datasets/time/coastal_t_s_h_part15/config.json applied_keys=['date_col', 'drop_users', 'target_cols']
[2026-08-28 13:06:05,972][evaluation.evaluator][INFO] - skip complete run=/fslarge/scratch/users/h61084/codes/tsfm/outputs_selena/covariates/time-coastal_t_s_h_part15/168_24/chronos2/none/instance/keep/run_0
2026-08-28 13:06:07 | configuration dataset=time/coastal_t_s_h_part15 L=168 H=24 model=chronos2 covariates=identity instance_norm=true remove_constant=false seed=1 batch_size=64
[2026-08-28 13:06:10,140][data.dataset][INFO] - dataset config path=/fssmall/home/h61084/codes/datasets/time/coastal_t_s_h_part15/config.json applied_keys=['date_col', 'drop_users', 'target_cols']
[2026-08-28 13:06:10,155][evaluation.evaluator][INFO] - skip complete run=/fslarge/scratch/users/h61084/codes/tsfm/outputs_selena/covariates/time-coastal_t_s_h_part15/168_24/chronos2/identity/instance/keep/run_0
2026-08-28 13:06:11 | configuration dataset=time/coastal_t_s_h_part15 L=168 H=24 model=ts_icl covariates=none instance_norm=true remove_constant=false seed=1 batch_size=32
[2026-08-28 13:06:14,314][data.dataset][INFO] - dataset config path=/fssmall/home/h61084/codes/datasets/time/coastal_t_s_h_part15/config.json applied_keys=['date_col', 'drop_users', 'target_cols']
[2026-08-28 13:06:14,331][evaluation.evaluator][INFO] - skip complete run=/fslarge/scratch/users/h61084/codes/tsfm/outputs_selena/covariates/time-coastal_t_s_h_part15/168_24/ts_icl/none/instance/keep/run_0
2026-08-28 13:06:15 | configuration dataset=time/coastal_t_s_h_part15 L=168 H=24 model=ts_icl covariates=identity instance_norm=true remove_constant=false seed=1 batch_size=32
[2026-08-28 13:06:18,452][data.dataset][INFO] - dataset config path=/fssmall/home/h61084/codes/datasets/time/coastal_t_s_h_part15/config.json applied_keys=['date_col', 'drop_users', 'target_cols']
[2026-08-28 13:06:18,468][evaluation.evaluator][INFO] - skip complete run=/fslarge/scratch/users/h61084/codes/tsfm/outputs_selena/covariates/time-coastal_t_s_h_part15/168_24/ts_icl/identity/instance/keep/run_0
2026-08-28 13:06:19 | configuration dataset=time/coastal_t_s_h_part15 L=336 H=48 model=chronos2 covariates=none instance_norm=true remove_constant=false seed=1 batch_size=64
[2026-08-28 13:06:22,615][data.dataset][INFO] - dataset config path=/fssmall/home/h61084/codes/datasets/time/coastal_t_s_h_part15/config.json applied_keys=['date_col', 'drop_users', 'target_cols']
[2026-08-28 13:06:22,632][evaluation.evaluator][INFO] - skip complete run=/fslarge/scratch/users/h61084/codes/tsfm/outputs_selena/covariates/time-coastal_t_s_h_part15/336_48/chronos2/none/instance/keep/run_0
2026-08-28 13:06:24 | configuration dataset=time/coastal_t_s_h_part15 L=336 H=48 model=chronos2 covariates=identity instance_norm=true remove_constant=false seed=1 batch_size=64
[2026-08-28 13:06:26,805][data.dataset][INFO] - dataset config path=/fssmall/home/h61084/codes/datasets/time/coastal_t_s_h_part15/config.json applied_keys=['date_col', 'drop_users', 'target_cols']
[2026-08-28 13:06:26,820][evaluation.evaluator][INFO] - skip complete run=/fslarge/scratch/users/h61084/codes/tsfm/outputs_selena/covariates/time-coastal_t_s_h_part15/336_48/chronos2/identity/instance/keep/run_0
2026-08-28 13:06:28 | configuration dataset=time/coastal_t_s_h_part15 L=336 H=48 model=ts_icl covariates=none instance_norm=true remove_constant=false seed=1 batch_size=32
[2026-08-28 13:06:30,987][data.dataset][INFO] - dataset config path=/fssmall/home/h61084/codes/datasets/time/coastal_t_s_h_part15/config.json applied_keys=['date_col', 'drop_users', 'target_cols']
[2026-08-28 13:06:31,003][evaluation.evaluator][INFO] - skip complete run=/fslarge/scratch/users/h61084/codes/tsfm/outputs_selena/covariates/time-coastal_t_s_h_part15/336_48/ts_icl/none/instance/keep/run_0
2026-08-28 13:06:32 | configuration dataset=time/coastal_t_s_h_part15 L=336 H=48 model=ts_icl covariates=identity instance_norm=true remove_constant=false seed=1 batch_size=32
[2026-08-28 13:06:35,159][data.dataset][INFO] - dataset config path=/fssmall/home/h61084/codes/datasets/time/coastal_t_s_h_part15/config.json applied_keys=['date_col', 'drop_users', 'target_cols']
[2026-08-28 13:06:35,175][evaluation.evaluator][INFO] - skip complete run=/fslarge/scratch/users/h61084/codes/tsfm/outputs_selena/covariates/time-coastal_t_s_h_part15/336_48/ts_icl/identity/instance/keep/run_0
2026-08-28 13:06:36 | configuration dataset=time/coastal_t_s_h_part15 L=504 H=168 model=chronos2 covariates=none instance_norm=true remove_constant=false seed=1 batch_size=64
[2026-08-28 13:06:39,308][data.dataset][INFO] - dataset config path=/fssmall/home/h61084/codes/datasets/time/coastal_t_s_h_part15/config.json applied_keys=['date_col', 'drop_users', 'target_cols']
[2026-08-28 13:06:39,324][evaluation.evaluator][INFO] - skip complete run=/fslarge/scratch/users/h61084/codes/tsfm/outputs_selena/covariates/time-coastal_t_s_h_part15/504_168/chronos2/none/instance/keep/run_0
2026-08-28 13:06:40 | configuration dataset=time/coastal_t_s_h_part15 L=504 H=168 model=chronos2 covariates=identity instance_norm=true remove_constant=false seed=1 batch_size=64
[2026-08-28 13:06:43,467][data.dataset][INFO] - dataset config path=/fssmall/home/h61084/codes/datasets/time/coastal_t_s_h_part15/config.json applied_keys=['date_col', 'drop_users', 'target_cols']
[2026-08-28 13:06:43,483][evaluation.evaluator][INFO] - skip complete run=/fslarge/scratch/users/h61084/codes/tsfm/outputs_selena/covariates/time-coastal_t_s_h_part15/504_168/chronos2/identity/instance/keep/run_0
2026-08-28 13:06:44 | configuration dataset=time/coastal_t_s_h_part15 L=504 H=168 model=ts_icl covariates=none instance_norm=true remove_constant=false seed=1 batch_size=32
[2026-08-28 13:06:47,648][data.dataset][INFO] - dataset config path=/fssmall/home/h61084/codes/datasets/time/coastal_t_s_h_part15/config.json applied_keys=['date_col', 'drop_users', 'target_cols']
[2026-08-28 13:06:47,664][evaluation.evaluator][INFO] - skip complete run=/fslarge/scratch/users/h61084/codes/tsfm/outputs_selena/covariates/time-coastal_t_s_h_part15/504_168/ts_icl/none/instance/keep/run_0
2026-08-28 13:06:49 | configuration dataset=time/coastal_t_s_h_part15 L=504 H=168 model=ts_icl covariates=identity instance_norm=true remove_constant=false seed=1 batch_size=32
[2026-08-28 13:06:51,806][data.dataset][INFO] - dataset config path=/fssmall/home/h61084/codes/datasets/time/coastal_t_s_h_part15/config.json applied_keys=['date_col', 'drop_users', 'target_cols']
[2026-08-28 13:06:51,822][evaluation.evaluator][INFO] - skip complete run=/fslarge/scratch/users/h61084/codes/tsfm/outputs_selena/covariates/time-coastal_t_s_h_part15/504_168/ts_icl/identity/instance/keep/run_0
2026-08-28 13:06:53 | configuration dataset=time/coastal_t_s_h_part16 L=168 H=24 model=chronos2 covariates=none instance_norm=true remove_constant=false seed=1 batch_size=64
[2026-08-28 13:06:56,052][data.dataset][INFO] - dataset config path=/fssmall/home/h61084/codes/datasets/time/coastal_t_s_h_part16/config.json applied_keys=['date_col', 'drop_users', 'target_cols']
[2026-08-28 13:06:56,073][evaluation.evaluator][INFO] - skip complete run=/fslarge/scratch/users/h61084/codes/tsfm/outputs_selena/covariates/time-coastal_t_s_h_part16/168_24/chronos2/none/instance/keep/run_0
2026-08-28 13:06:57 | configuration dataset=time/coastal_t_s_h_part16 L=168 H=24 model=chronos2 covariates=identity instance_norm=true remove_constant=false seed=1 batch_size=64
[2026-08-28 13:07:00,221][data.dataset][INFO] - dataset config path=/fssmall/home/h61084/codes/datasets/time/coastal_t_s_h_part16/config.json applied_keys=['date_col', 'drop_users', 'target_cols']
[2026-08-28 13:07:00,240][evaluation.evaluator][INFO] - skip complete run=/fslarge/scratch/users/h61084/codes/tsfm/outputs_selena/covariates/time-coastal_t_s_h_part16/168_24/chronos2/identity/instance/keep/run_0
2026-08-28 13:07:01 | configuration dataset=time/coastal_t_s_h_part16 L=168 H=24 model=ts_icl covariates=none instance_norm=true remove_constant=false seed=1 batch_size=32
[2026-08-28 13:07:04,451][data.dataset][INFO] - dataset config path=/fssmall/home/h61084/codes/datasets/time/coastal_t_s_h_part16/config.json applied_keys=['date_col', 'drop_users', 'target_cols']
[2026-08-28 13:07:04,470][evaluation.evaluator][INFO] - skip complete run=/fslarge/scratch/users/h61084/codes/tsfm/outputs_selena/covariates/time-coastal_t_s_h_part16/168_24/ts_icl/none/instance/keep/run_0
2026-08-28 13:07:05 | configuration dataset=time/coastal_t_s_h_part16 L=168 H=24 model=ts_icl covariates=identity instance_norm=true remove_constant=false seed=1 batch_size=32
[2026-08-28 13:07:08,652][data.dataset][INFO] - dataset config path=/fssmall/home/h61084/codes/datasets/time/coastal_t_s_h_part16/config.json applied_keys=['date_col', 'drop_users', 'target_cols']
[2026-08-28 13:07:08,670][evaluation.evaluator][INFO] - skip complete run=/fslarge/scratch/users/h61084/codes/tsfm/outputs_selena/covariates/time-coastal_t_s_h_part16/168_24/ts_icl/identity/instance/keep/run_0
2026-08-28 13:07:10 | configuration dataset=time/coastal_t_s_h_part16 L=336 H=48 model=chronos2 covariates=none instance_norm=true remove_constant=false seed=1 batch_size=64
[2026-08-28 13:07:12,816][data.dataset][INFO] - dataset config path=/fssmall/home/h61084/codes/datasets/time/coastal_t_s_h_part16/config.json applied_keys=['date_col', 'drop_users', 'target_cols']
[2026-08-28 13:07:12,835][evaluation.evaluator][INFO] - skip complete run=/fslarge/scratch/users/h61084/codes/tsfm/outputs_selena/covariates/time-coastal_t_s_h_part16/336_48/chronos2/none/instance/keep/run_0
2026-08-28 13:07:14 | configuration dataset=time/coastal_t_s_h_part16 L=336 H=48 model=chronos2 covariates=identity instance_norm=true remove_constant=false seed=1 batch_size=64
[2026-08-28 13:07:16,973][data.dataset][INFO] - dataset config path=/fssmall/home/h61084/codes/datasets/time/coastal_t_s_h_part16/config.json applied_keys=['date_col', 'drop_users', 'target_cols']
[2026-08-28 13:07:16,992][evaluation.evaluator][INFO] - skip complete run=/fslarge/scratch/users/h61084/codes/tsfm/outputs_selena/covariates/time-coastal_t_s_h_part16/336_48/chronos2/identity/instance/keep/run_0
2026-08-28 13:07:18 | configuration dataset=time/coastal_t_s_h_part16 L=336 H=48 model=ts_icl covariates=none instance_norm=true remove_constant=false seed=1 batch_size=32
[2026-08-28 13:07:21,151][data.dataset][INFO] - dataset config path=/fssmall/home/h61084/codes/datasets/time/coastal_t_s_h_part16/config.json applied_keys=['date_col', 'drop_users', 'target_cols']
[2026-08-28 13:07:21,170][evaluation.evaluator][INFO] - skip complete run=/fslarge/scratch/users/h61084/codes/tsfm/outputs_selena/covariates/time-coastal_t_s_h_part16/336_48/ts_icl/none/instance/keep/run_0
2026-08-28 13:07:22 | configuration dataset=time/coastal_t_s_h_part16 L=336 H=48 model=ts_icl covariates=identity instance_norm=true remove_constant=false seed=1 batch_size=32
[2026-08-28 13:07:25,385][data.dataset][INFO] - dataset config path=/fssmall/home/h61084/codes/datasets/time/coastal_t_s_h_part16/config.json applied_keys=['date_col', 'drop_users', 'target_cols']
[2026-08-28 13:07:25,404][evaluation.evaluator][INFO] - skip complete run=/fslarge/scratch/users/h61084/codes/tsfm/outputs_selena/covariates/time-coastal_t_s_h_part16/336_48/ts_icl/identity/instance/keep/run_0
2026-08-28 13:07:26 | configuration dataset=time/coastal_t_s_h_part16 L=504 H=168 model=chronos2 covariates=none instance_norm=true remove_constant=false seed=1 batch_size=64
[2026-08-28 13:07:29,594][data.dataset][INFO] - dataset config path=/fssmall/home/h61084/codes/datasets/time/coastal_t_s_h_part16/config.json applied_keys=['date_col', 'drop_users', 'target_cols']
[2026-08-28 13:07:29,613][evaluation.evaluator][INFO] - skip complete run=/fslarge/scratch/users/h61084/codes/tsfm/outputs_selena/covariates/time-coastal_t_s_h_part16/504_168/chronos2/none/instance/keep/run_0
2026-08-28 13:07:31 | configuration dataset=time/coastal_t_s_h_part16 L=504 H=168 model=chronos2 covariates=identity instance_norm=true remove_constant=false seed=1 batch_size=64
[2026-08-28 13:07:33,756][data.dataset][INFO] - dataset config path=/fssmall/home/h61084/codes/datasets/time/coastal_t_s_h_part16/config.json applied_keys=['date_col', 'drop_users', 'target_cols']
[2026-08-28 13:07:33,775][evaluation.evaluator][INFO] - skip complete run=/fslarge/scratch/users/h61084/codes/tsfm/outputs_selena/covariates/time-coastal_t_s_h_part16/504_168/chronos2/identity/instance/keep/run_0
2026-08-28 13:07:35 | configuration dataset=time/coastal_t_s_h_part16 L=504 H=168 model=ts_icl covariates=none instance_norm=true remove_constant=false seed=1 batch_size=32
[2026-08-28 13:07:37,945][data.dataset][INFO] - dataset config path=/fssmall/home/h61084/codes/datasets/time/coastal_t_s_h_part16/config.json applied_keys=['date_col', 'drop_users', 'target_cols']
[2026-08-28 13:07:37,965][evaluation.evaluator][INFO] - skip complete run=/fslarge/scratch/users/h61084/codes/tsfm/outputs_selena/covariates/time-coastal_t_s_h_part16/504_168/ts_icl/none/instance/keep/run_0
2026-08-28 13:07:39 | configuration dataset=time/coastal_t_s_h_part16 L=504 H=168 model=ts_icl covariates=identity instance_norm=true remove_constant=false seed=1 batch_size=32
[2026-08-28 13:07:42,113][data.dataset][INFO] - dataset config path=/fssmall/home/h61084/codes/datasets/time/coastal_t_s_h_part16/config.json applied_keys=['date_col', 'drop_users', 'target_cols']
[2026-08-28 13:07:42,132][evaluation.evaluator][INFO] - skip complete run=/fslarge/scratch/users/h61084/codes/tsfm/outputs_selena/covariates/time-coastal_t_s_h_part16/504_168/ts_icl/identity/instance/keep/run_0
2026-08-28 13:07:43 | configuration dataset=time/coastal_t_s_h_part17 L=168 H=24 model=chronos2 covariates=none instance_norm=true remove_constant=false seed=1 batch_size=64
[2026-08-28 13:07:46,271][data.dataset][INFO] - dataset config path=/fssmall/home/h61084/codes/datasets/time/coastal_t_s_h_part17/config.json applied_keys=['date_col', 'drop_users', 'target_cols']
[2026-08-28 13:07:46,288][evaluation.evaluator][INFO] - skip complete run=/fslarge/scratch/users/h61084/codes/tsfm/outputs_selena/covariates/time-coastal_t_s_h_part17/168_24/chronos2/none/instance/keep/run_0
2026-08-28 13:07:47 | configuration dataset=time/coastal_t_s_h_part17 L=168 H=24 model=chronos2 covariates=identity instance_norm=true remove_constant=false seed=1 batch_size=64
[2026-08-28 13:07:50,456][data.dataset][INFO] - dataset config path=/fssmall/home/h61084/codes/datasets/time/coastal_t_s_h_part17/config.json applied_keys=['date_col', 'drop_users', 'target_cols']
[2026-08-28 13:07:50,472][evaluation.evaluator][INFO] - skip complete run=/fslarge/scratch/users/h61084/codes/tsfm/outputs_selena/covariates/time-coastal_t_s_h_part17/168_24/chronos2/identity/instance/keep/run_0
2026-08-28 13:07:51 | configuration dataset=time/coastal_t_s_h_part17 L=168 H=24 model=ts_icl covariates=none instance_norm=true remove_constant=false seed=1 batch_size=32
[2026-08-28 13:07:54,622][data.dataset][INFO] - dataset config path=/fssmall/home/h61084/codes/datasets/time/coastal_t_s_h_part17/config.json applied_keys=['date_col', 'drop_users', 'target_cols']
[2026-08-28 13:07:54,637][evaluation.evaluator][INFO] - skip complete run=/fslarge/scratch/users/h61084/codes/tsfm/outputs_selena/covariates/time-coastal_t_s_h_part17/168_24/ts_icl/none/instance/keep/run_0
2026-08-28 13:07:56 | configuration dataset=time/coastal_t_s_h_part17 L=168 H=24 model=ts_icl covariates=identity instance_norm=true remove_constant=false seed=1 batch_size=32
[2026-08-28 13:07:58,824][data.dataset][INFO] - dataset config path=/fssmall/home/h61084/codes/datasets/time/coastal_t_s_h_part17/config.json applied_keys=['date_col', 'drop_users', 'target_cols']
[2026-08-28 13:07:58,840][evaluation.evaluator][INFO] - skip complete run=/fslarge/scratch/users/h61084/codes/tsfm/outputs_selena/covariates/time-coastal_t_s_h_part17/168_24/ts_icl/identity/instance/keep/run_0
2026-08-28 13:08:00 | configuration dataset=time/coastal_t_s_h_part17 L=336 H=48 model=chronos2 covariates=none instance_norm=true remove_constant=false seed=1 batch_size=64
[2026-08-28 13:08:03,008][data.dataset][INFO] - dataset config path=/fssmall/home/h61084/codes/datasets/time/coastal_t_s_h_part17/config.json applied_keys=['date_col', 'drop_users', 'target_cols']
[2026-08-28 13:08:03,023][evaluation.evaluator][INFO] - skip complete run=/fslarge/scratch/users/h61084/codes/tsfm/outputs_selena/covariates/time-coastal_t_s_h_part17/336_48/chronos2/none/instance/keep/run_0
2026-08-28 13:08:04 | configuration dataset=time/coastal_t_s_h_part17 L=336 H=48 model=chronos2 covariates=identity instance_norm=true remove_constant=false seed=1 batch_size=64
[2026-08-28 13:08:07,151][data.dataset][INFO] - dataset config path=/fssmall/home/h61084/codes/datasets/time/coastal_t_s_h_part17/config.json applied_keys=['date_col', 'drop_users', 'target_cols']
[2026-08-28 13:08:07,167][evaluation.evaluator][INFO] - skip complete run=/fslarge/scratch/users/h61084/codes/tsfm/outputs_selena/covariates/time-coastal_t_s_h_part17/336_48/chronos2/identity/instance/keep/run_0
2026-08-28 13:08:08 | configuration dataset=time/coastal_t_s_h_part17 L=336 H=48 model=ts_icl covariates=none instance_norm=true remove_constant=false seed=1 batch_size=32
[2026-08-28 13:08:11,367][data.dataset][INFO] - dataset config path=/fssmall/home/h61084/codes/datasets/time/coastal_t_s_h_part17/config.json applied_keys=['date_col', 'drop_users', 'target_cols']
[2026-08-28 13:08:11,383][evaluation.evaluator][INFO] - skip complete run=/fslarge/scratch/users/h61084/codes/tsfm/outputs_selena/covariates/time-coastal_t_s_h_part17/336_48/ts_icl/none/instance/keep/run_0
2026-08-28 13:08:12 | configuration dataset=time/coastal_t_s_h_part17 L=336 H=48 model=ts_icl covariates=identity instance_norm=true remove_constant=false seed=1 batch_size=32
[2026-08-28 13:08:15,536][data.dataset][INFO] - dataset config path=/fssmall/home/h61084/codes/datasets/time/coastal_t_s_h_part17/config.json applied_keys=['date_col', 'drop_users', 'target_cols']
[2026-08-28 13:08:15,552][evaluation.evaluator][INFO] - skip complete run=/fslarge/scratch/users/h61084/codes/tsfm/outputs_selena/covariates/time-coastal_t_s_h_part17/336_48/ts_icl/identity/instance/keep/run_0
2026-08-28 13:08:17 | configuration dataset=time/coastal_t_s_h_part17 L=504 H=168 model=chronos2 covariates=none instance_norm=true remove_constant=false seed=1 batch_size=64
[2026-08-28 13:08:19,698][data.dataset][INFO] - dataset config path=/fssmall/home/h61084/codes/datasets/time/coastal_t_s_h_part17/config.json applied_keys=['date_col', 'drop_users', 'target_cols']
[2026-08-28 13:08:19,714][evaluation.evaluator][INFO] - skip complete run=/fslarge/scratch/users/h61084/codes/tsfm/outputs_selena/covariates/time-coastal_t_s_h_part17/504_168/chronos2/none/instance/keep/run_0
2026-08-28 13:08:21 | configuration dataset=time/coastal_t_s_h_part17 L=504 H=168 model=chronos2 covariates=identity instance_norm=true remove_constant=false seed=1 batch_size=64
[2026-08-28 13:08:23,854][data.dataset][INFO] - dataset config path=/fssmall/home/h61084/codes/datasets/time/coastal_t_s_h_part17/config.json applied_keys=['date_col', 'drop_users', 'target_cols']
[2026-08-28 13:08:23,870][evaluation.evaluator][INFO] - skip complete run=/fslarge/scratch/users/h61084/codes/tsfm/outputs_selena/covariates/time-coastal_t_s_h_part17/504_168/chronos2/identity/instance/keep/run_0
2026-08-28 13:08:25 | configuration dataset=time/coastal_t_s_h_part17 L=504 H=168 model=ts_icl covariates=none instance_norm=true remove_constant=false seed=1 batch_size=32
[2026-08-28 13:08:28,041][data.dataset][INFO] - dataset config path=/fssmall/home/h61084/codes/datasets/time/coastal_t_s_h_part17/config.json applied_keys=['date_col', 'drop_users', 'target_cols']
[2026-08-28 13:08:28,058][evaluation.evaluator][INFO] - skip complete run=/fslarge/scratch/users/h61084/codes/tsfm/outputs_selena/covariates/time-coastal_t_s_h_part17/504_168/ts_icl/none/instance/keep/run_0
2026-08-28 13:08:29 | configuration dataset=time/coastal_t_s_h_part17 L=504 H=168 model=ts_icl covariates=identity instance_norm=true remove_constant=false seed=1 batch_size=32
[2026-08-28 13:08:32,230][data.dataset][INFO] - dataset config path=/fssmall/home/h61084/codes/datasets/time/coastal_t_s_h_part17/config.json applied_keys=['date_col', 'drop_users', 'target_cols']
[2026-08-28 13:08:32,246][evaluation.evaluator][INFO] - skip complete run=/fslarge/scratch/users/h61084/codes/tsfm/outputs_selena/covariates/time-coastal_t_s_h_part17/504_168/ts_icl/identity/instance/keep/run_0
2026-08-28 13:08:33 | configuration dataset=time/coastal_t_s_h_part18 L=168 H=24 model=chronos2 covariates=none instance_norm=true remove_constant=false seed=1 batch_size=64
[2026-08-28 13:08:36,375][data.dataset][INFO] - dataset config path=/fssmall/home/h61084/codes/datasets/time/coastal_t_s_h_part18/config.json applied_keys=['date_col', 'drop_users', 'target_cols']
[2026-08-28 13:08:36,390][evaluation.evaluator][INFO] - skip complete run=/fslarge/scratch/users/h61084/codes/tsfm/outputs_selena/covariates/time-coastal_t_s_h_part18/168_24/chronos2/none/instance/keep/run_0
2026-08-28 13:08:37 | configuration dataset=time/coastal_t_s_h_part18 L=168 H=24 model=chronos2 covariates=identity instance_norm=true remove_constant=false seed=1 batch_size=64
[2026-08-28 13:08:40,556][data.dataset][INFO] - dataset config path=/fssmall/home/h61084/codes/datasets/time/coastal_t_s_h_part18/config.json applied_keys=['date_col', 'drop_users', 'target_cols']
[2026-08-28 13:08:40,571][evaluation.evaluator][INFO] - skip complete run=/fslarge/scratch/users/h61084/codes/tsfm/outputs_selena/covariates/time-coastal_t_s_h_part18/168_24/chronos2/identity/instance/keep/run_0
2026-08-28 13:08:42 | configuration dataset=time/coastal_t_s_h_part18 L=168 H=24 model=ts_icl covariates=none instance_norm=true remove_constant=false seed=1 batch_size=32
[2026-08-28 13:08:44,708][data.dataset][INFO] - dataset config path=/fssmall/home/h61084/codes/datasets/time/coastal_t_s_h_part18/config.json applied_keys=['date_col', 'drop_users', 'target_cols']
[2026-08-28 13:08:44,722][evaluation.evaluator][INFO] - skip complete run=/fslarge/scratch/users/h61084/codes/tsfm/outputs_selena/covariates/time-coastal_t_s_h_part18/168_24/ts_icl/none/instance/keep/run_0
2026-08-28 13:08:46 | configuration dataset=time/coastal_t_s_h_part18 L=168 H=24 model=ts_icl covariates=identity instance_norm=true remove_constant=false seed=1 batch_size=32
[2026-08-28 13:08:48,906][data.dataset][INFO] - dataset config path=/fssmall/home/h61084/codes/datasets/time/coastal_t_s_h_part18/config.json applied_keys=['date_col', 'drop_users', 'target_cols']
[2026-08-28 13:08:48,921][evaluation.evaluator][INFO] - skip complete run=/fslarge/scratch/users/h61084/codes/tsfm/outputs_selena/covariates/time-coastal_t_s_h_part18/168_24/ts_icl/identity/instance/keep/run_0
2026-08-28 13:08:50 | configuration dataset=time/coastal_t_s_h_part18 L=336 H=48 model=chronos2 covariates=none instance_norm=true remove_constant=false seed=1 batch_size=64
[2026-08-28 13:08:53,089][data.dataset][INFO] - dataset config path=/fssmall/home/h61084/codes/datasets/time/coastal_t_s_h_part18/config.json applied_keys=['date_col', 'drop_users', 'target_cols']
[2026-08-28 13:08:53,103][evaluation.evaluator][INFO] - skip complete run=/fslarge/scratch/users/h61084/codes/tsfm/outputs_selena/covariates/time-coastal_t_s_h_part18/336_48/chronos2/none/instance/keep/run_0
2026-08-28 13:08:54 | configuration dataset=time/coastal_t_s_h_part18 L=336 H=48 model=chronos2 covariates=identity instance_norm=true remove_constant=false seed=1 batch_size=64
[2026-08-28 13:08:57,245][data.dataset][INFO] - dataset config path=/fssmall/home/h61084/codes/datasets/time/coastal_t_s_h_part18/config.json applied_keys=['date_col', 'drop_users', 'target_cols']
[2026-08-28 13:08:57,259][evaluation.evaluator][INFO] - skip complete run=/fslarge/scratch/users/h61084/codes/tsfm/outputs_selena/covariates/time-coastal_t_s_h_part18/336_48/chronos2/identity/instance/keep/run_0
2026-08-28 13:08:58 | configuration dataset=time/coastal_t_s_h_part18 L=336 H=48 model=ts_icl covariates=none instance_norm=true remove_constant=false seed=1 batch_size=32
[2026-08-28 13:09:01,448][data.dataset][INFO] - dataset config path=/fssmall/home/h61084/codes/datasets/time/coastal_t_s_h_part18/config.json applied_keys=['date_col', 'drop_users', 'target_cols']
[2026-08-28 13:09:01,465][evaluation.evaluator][INFO] - skip complete run=/fslarge/scratch/users/h61084/codes/tsfm/outputs_selena/covariates/time-coastal_t_s_h_part18/336_48/ts_icl/none/instance/keep/run_0
2026-08-28 13:09:02 | configuration dataset=time/coastal_t_s_h_part18 L=336 H=48 model=ts_icl covariates=identity instance_norm=true remove_constant=false seed=1 batch_size=32
[2026-08-28 13:09:05,615][data.dataset][INFO] - dataset config path=/fssmall/home/h61084/codes/datasets/time/coastal_t_s_h_part18/config.json applied_keys=['date_col', 'drop_users', 'target_cols']
[2026-08-28 13:09:05,630][evaluation.evaluator][INFO] - skip complete run=/fslarge/scratch/users/h61084/codes/tsfm/outputs_selena/covariates/time-coastal_t_s_h_part18/336_48/ts_icl/identity/instance/keep/run_0
2026-08-28 13:09:07 | configuration dataset=time/coastal_t_s_h_part18 L=504 H=168 model=chronos2 covariates=none instance_norm=true remove_constant=false seed=1 batch_size=64
[2026-08-28 13:09:09,763][data.dataset][INFO] - dataset config path=/fssmall/home/h61084/codes/datasets/time/coastal_t_s_h_part18/config.json applied_keys=['date_col', 'drop_users', 'target_cols']
[2026-08-28 13:09:09,777][evaluation.evaluator][INFO] - skip complete run=/fslarge/scratch/users/h61084/codes/tsfm/outputs_selena/covariates/time-coastal_t_s_h_part18/504_168/chronos2/none/instance/keep/run_0
2026-08-28 13:09:11 | configuration dataset=time/coastal_t_s_h_part18 L=504 H=168 model=chronos2 covariates=identity instance_norm=true remove_constant=false seed=1 batch_size=64
[2026-08-28 13:09:13,903][data.dataset][INFO] - dataset config path=/fssmall/home/h61084/codes/datasets/time/coastal_t_s_h_part18/config.json applied_keys=['date_col', 'drop_users', 'target_cols']
[2026-08-28 13:09:13,917][evaluation.evaluator][INFO] - skip complete run=/fslarge/scratch/users/h61084/codes/tsfm/outputs_selena/covariates/time-coastal_t_s_h_part18/504_168/chronos2/identity/instance/keep/run_0
2026-08-28 13:09:15 | configuration dataset=time/coastal_t_s_h_part18 L=504 H=168 model=ts_icl covariates=none instance_norm=true remove_constant=false seed=1 batch_size=32
[2026-08-28 13:09:18,066][data.dataset][INFO] - dataset config path=/fssmall/home/h61084/codes/datasets/time/coastal_t_s_h_part18/config.json applied_keys=['date_col', 'drop_users', 'target_cols']
[2026-08-28 13:09:18,080][evaluation.evaluator][INFO] - skip complete run=/fslarge/scratch/users/h61084/codes/tsfm/outputs_selena/covariates/time-coastal_t_s_h_part18/504_168/ts_icl/none/instance/keep/run_0
2026-08-28 13:09:19 | configuration dataset=time/coastal_t_s_h_part18 L=504 H=168 model=ts_icl covariates=identity instance_norm=true remove_constant=false seed=1 batch_size=32
[2026-08-28 13:09:22,212][data.dataset][INFO] - dataset config path=/fssmall/home/h61084/codes/datasets/time/coastal_t_s_h_part18/config.json applied_keys=['date_col', 'drop_users', 'target_cols']
[2026-08-28 13:09:22,226][evaluation.evaluator][INFO] - skip complete run=/fslarge/scratch/users/h61084/codes/tsfm/outputs_selena/covariates/time-coastal_t_s_h_part18/504_168/ts_icl/identity/instance/keep/run_0
2026-08-28 13:09:23 | configuration dataset=time/coastal_t_s_h_part19 L=168 H=24 model=chronos2 covariates=none instance_norm=true remove_constant=false seed=1 batch_size=64
[2026-08-28 13:09:26,394][data.dataset][INFO] - dataset config path=/fssmall/home/h61084/codes/datasets/time/coastal_t_s_h_part19/config.json applied_keys=['date_col', 'drop_users', 'target_cols']
[2026-08-28 13:09:26,409][evaluation.evaluator][INFO] - skip complete run=/fslarge/scratch/users/h61084/codes/tsfm/outputs_selena/covariates/time-coastal_t_s_h_part19/168_24/chronos2/none/instance/keep/run_0
2026-08-28 13:09:27 | configuration dataset=time/coastal_t_s_h_part19 L=168 H=24 model=chronos2 covariates=identity instance_norm=true remove_constant=false seed=1 batch_size=64
[2026-08-28 13:09:30,556][data.dataset][INFO] - dataset config path=/fssmall/home/h61084/codes/datasets/time/coastal_t_s_h_part19/config.json applied_keys=['date_col', 'drop_users', 'target_cols']
[2026-08-28 13:09:30,570][evaluation.evaluator][INFO] - skip complete run=/fslarge/scratch/users/h61084/codes/tsfm/outputs_selena/covariates/time-coastal_t_s_h_part19/168_24/chronos2/identity/instance/keep/run_0
2026-08-28 13:09:32 | configuration dataset=time/coastal_t_s_h_part19 L=168 H=24 model=ts_icl covariates=none instance_norm=true remove_constant=false seed=1 batch_size=32
[2026-08-28 13:09:34,771][data.dataset][INFO] - dataset config path=/fssmall/home/h61084/codes/datasets/time/coastal_t_s_h_part19/config.json applied_keys=['date_col', 'drop_users', 'target_cols']
[2026-08-28 13:09:34,785][evaluation.evaluator][INFO] - skip complete run=/fslarge/scratch/users/h61084/codes/tsfm/outputs_selena/covariates/time-coastal_t_s_h_part19/168_24/ts_icl/none/instance/keep/run_0
2026-08-28 13:09:36 | configuration dataset=time/coastal_t_s_h_part19 L=168 H=24 model=ts_icl covariates=identity instance_norm=true remove_constant=false seed=1 batch_size=32
[2026-08-28 13:09:38,959][data.dataset][INFO] - dataset config path=/fssmall/home/h61084/codes/datasets/time/coastal_t_s_h_part19/config.json applied_keys=['date_col', 'drop_users', 'target_cols']
[2026-08-28 13:09:38,973][evaluation.evaluator][INFO] - skip complete run=/fslarge/scratch/users/h61084/codes/tsfm/outputs_selena/covariates/time-coastal_t_s_h_part19/168_24/ts_icl/identity/instance/keep/run_0
2026-08-28 13:09:40 | configuration dataset=time/coastal_t_s_h_part19 L=336 H=48 model=chronos2 covariates=none instance_norm=true remove_constant=false seed=1 batch_size=64
[2026-08-28 13:09:43,104][data.dataset][INFO] - dataset config path=/fssmall/home/h61084/codes/datasets/time/coastal_t_s_h_part19/config.json applied_keys=['date_col', 'drop_users', 'target_cols']
[2026-08-28 13:09:43,118][evaluation.evaluator][INFO] - skip complete run=/fslarge/scratch/users/h61084/codes/tsfm/outputs_selena/covariates/time-coastal_t_s_h_part19/336_48/chronos2/none/instance/keep/run_0
2026-08-28 13:09:44 | configuration dataset=time/coastal_t_s_h_part19 L=336 H=48 model=chronos2 covariates=identity instance_norm=true remove_constant=false seed=1 batch_size=64
[2026-08-28 13:09:47,239][data.dataset][INFO] - dataset config path=/fssmall/home/h61084/codes/datasets/time/coastal_t_s_h_part19/config.json applied_keys=['date_col', 'drop_users', 'target_cols']
[2026-08-28 13:09:47,253][evaluation.evaluator][INFO] - skip complete run=/fslarge/scratch/users/h61084/codes/tsfm/outputs_selena/covariates/time-coastal_t_s_h_part19/336_48/chronos2/identity/instance/keep/run_0
2026-08-28 13:09:48 | configuration dataset=time/coastal_t_s_h_part19 L=336 H=48 model=ts_icl covariates=none instance_norm=true remove_constant=false seed=1 batch_size=32
[2026-08-28 13:09:51,385][data.dataset][INFO] - dataset config path=/fssmall/home/h61084/codes/datasets/time/coastal_t_s_h_part19/config.json applied_keys=['date_col', 'drop_users', 'target_cols']
[2026-08-28 13:09:51,399][evaluation.evaluator][INFO] - skip complete run=/fslarge/scratch/users/h61084/codes/tsfm/outputs_selena/covariates/time-coastal_t_s_h_part19/336_48/ts_icl/none/instance/keep/run_0
2026-08-28 13:09:52 | configuration dataset=time/coastal_t_s_h_part19 L=336 H=48 model=ts_icl covariates=identity instance_norm=true remove_constant=false seed=1 batch_size=32
[2026-08-28 13:09:55,556][data.dataset][INFO] - dataset config path=/fssmall/home/h61084/codes/datasets/time/coastal_t_s_h_part19/config.json applied_keys=['date_col', 'drop_users', 'target_cols']
[2026-08-28 13:09:55,569][evaluation.evaluator][INFO] - skip complete run=/fslarge/scratch/users/h61084/codes/tsfm/outputs_selena/covariates/time-coastal_t_s_h_part19/336_48/ts_icl/identity/instance/keep/run_0
2026-08-28 13:09:57 | configuration dataset=time/coastal_t_s_h_part19 L=504 H=168 model=chronos2 covariates=none instance_norm=true remove_constant=false seed=1 batch_size=64
[2026-08-28 13:09:59,735][data.dataset][INFO] - dataset config path=/fssmall/home/h61084/codes/datasets/time/coastal_t_s_h_part19/config.json applied_keys=['date_col', 'drop_users', 'target_cols']
[2026-08-28 13:09:59,749][evaluation.evaluator][INFO] - skip complete run=/fslarge/scratch/users/h61084/codes/tsfm/outputs_selena/covariates/time-coastal_t_s_h_part19/504_168/chronos2/none/instance/keep/run_0
2026-08-28 13:10:01 | configuration dataset=time/coastal_t_s_h_part19 L=504 H=168 model=chronos2 covariates=identity instance_norm=true remove_constant=false seed=1 batch_size=64
[2026-08-28 13:10:03,894][data.dataset][INFO] - dataset config path=/fssmall/home/h61084/codes/datasets/time/coastal_t_s_h_part19/config.json applied_keys=['date_col', 'drop_users', 'target_cols']
[2026-08-28 13:10:03,908][evaluation.evaluator][INFO] - skip complete run=/fslarge/scratch/users/h61084/codes/tsfm/outputs_selena/covariates/time-coastal_t_s_h_part19/504_168/chronos2/identity/instance/keep/run_0
2026-08-28 13:10:05 | configuration dataset=time/coastal_t_s_h_part19 L=504 H=168 model=ts_icl covariates=none instance_norm=true remove_constant=false seed=1 batch_size=32
[2026-08-28 13:10:08,037][data.dataset][INFO] - dataset config path=/fssmall/home/h61084/codes/datasets/time/coastal_t_s_h_part19/config.json applied_keys=['date_col', 'drop_users', 'target_cols']
[2026-08-28 13:10:08,051][evaluation.evaluator][INFO] - skip complete run=/fslarge/scratch/users/h61084/codes/tsfm/outputs_selena/covariates/time-coastal_t_s_h_part19/504_168/ts_icl/none/instance/keep/run_0
2026-08-28 13:10:09 | configuration dataset=time/coastal_t_s_h_part19 L=504 H=168 model=ts_icl covariates=identity instance_norm=true remove_constant=false seed=1 batch_size=32
[2026-08-28 13:10:12,216][data.dataset][INFO] - dataset config path=/fssmall/home/h61084/codes/datasets/time/coastal_t_s_h_part19/config.json applied_keys=['date_col', 'drop_users', 'target_cols']
[2026-08-28 13:10:12,230][evaluation.evaluator][INFO] - skip complete run=/fslarge/scratch/users/h61084/codes/tsfm/outputs_selena/covariates/time-coastal_t_s_h_part19/504_168/ts_icl/identity/instance/keep/run_0
2026-08-28 13:10:13 | configuration dataset=time/coastal_t_s_h_part20 L=168 H=24 model=chronos2 covariates=none instance_norm=true remove_constant=false seed=1 batch_size=64
[2026-08-28 13:10:16,415][data.dataset][INFO] - dataset config path=/fssmall/home/h61084/codes/datasets/time/coastal_t_s_h_part20/config.json applied_keys=['date_col', 'drop_users', 'target_cols']
[2026-08-28 13:10:16,432][evaluation.evaluator][INFO] - skip complete run=/fslarge/scratch/users/h61084/codes/tsfm/outputs_selena/covariates/time-coastal_t_s_h_part20/168_24/chronos2/none/instance/keep/run_0
2026-08-28 13:10:17 | configuration dataset=time/coastal_t_s_h_part20 L=168 H=24 model=chronos2 covariates=identity instance_norm=true remove_constant=false seed=1 batch_size=64
[2026-08-28 13:10:20,584][data.dataset][INFO] - dataset config path=/fssmall/home/h61084/codes/datasets/time/coastal_t_s_h_part20/config.json applied_keys=['date_col', 'drop_users', 'target_cols']
[2026-08-28 13:10:20,600][evaluation.evaluator][INFO] - skip complete run=/fslarge/scratch/users/h61084/codes/tsfm/outputs_selena/covariates/time-coastal_t_s_h_part20/168_24/chronos2/identity/instance/keep/run_0
2026-08-28 13:10:22 | configuration dataset=time/coastal_t_s_h_part20 L=168 H=24 model=ts_icl covariates=none instance_norm=true remove_constant=false seed=1 batch_size=32
[2026-08-28 13:10:24,731][data.dataset][INFO] - dataset config path=/fssmall/home/h61084/codes/datasets/time/coastal_t_s_h_part20/config.json applied_keys=['date_col', 'drop_users', 'target_cols']
[2026-08-28 13:10:24,747][evaluation.evaluator][INFO] - skip complete run=/fslarge/scratch/users/h61084/codes/tsfm/outputs_selena/covariates/time-coastal_t_s_h_part20/168_24/ts_icl/none/instance/keep/run_0
2026-08-28 13:10:26 | configuration dataset=time/coastal_t_s_h_part20 L=168 H=24 model=ts_icl covariates=identity instance_norm=true remove_constant=false seed=1 batch_size=32
[2026-08-28 13:10:28,883][data.dataset][INFO] - dataset config path=/fssmall/home/h61084/codes/datasets/time/coastal_t_s_h_part20/config.json applied_keys=['date_col', 'drop_users', 'target_cols']
[2026-08-28 13:10:28,899][evaluation.evaluator][INFO] - skip complete run=/fslarge/scratch/users/h61084/codes/tsfm/outputs_selena/covariates/time-coastal_t_s_h_part20/168_24/ts_icl/identity/instance/keep/run_0
2026-08-28 13:10:30 | configuration dataset=time/coastal_t_s_h_part20 L=336 H=48 model=chronos2 covariates=none instance_norm=true remove_constant=false seed=1 batch_size=64
[2026-08-28 13:10:33,034][data.dataset][INFO] - dataset config path=/fssmall/home/h61084/codes/datasets/time/coastal_t_s_h_part20/config.json applied_keys=['date_col', 'drop_users', 'target_cols']
[2026-08-28 13:10:33,050][evaluation.evaluator][INFO] - skip complete run=/fslarge/scratch/users/h61084/codes/tsfm/outputs_selena/covariates/time-coastal_t_s_h_part20/336_48/chronos2/none/instance/keep/run_0
2026-08-28 13:10:34 | configuration dataset=time/coastal_t_s_h_part20 L=336 H=48 model=chronos2 covariates=identity instance_norm=true remove_constant=false seed=1 batch_size=64
[2026-08-28 13:10:37,222][data.dataset][INFO] - dataset config path=/fssmall/home/h61084/codes/datasets/time/coastal_t_s_h_part20/config.json applied_keys=['date_col', 'drop_users', 'target_cols']
[2026-08-28 13:10:37,238][evaluation.evaluator][INFO] - skip complete run=/fslarge/scratch/users/h61084/codes/tsfm/outputs_selena/covariates/time-coastal_t_s_h_part20/336_48/chronos2/identity/instance/keep/run_0
2026-08-28 13:10:38 | configuration dataset=time/coastal_t_s_h_part20 L=336 H=48 model=ts_icl covariates=none instance_norm=true remove_constant=false seed=1 batch_size=32
[2026-08-28 13:10:41,432][data.dataset][INFO] - dataset config path=/fssmall/home/h61084/codes/datasets/time/coastal_t_s_h_part20/config.json applied_keys=['date_col', 'drop_users', 'target_cols']
[2026-08-28 13:10:41,448][evaluation.evaluator][INFO] - skip complete run=/fslarge/scratch/users/h61084/codes/tsfm/outputs_selena/covariates/time-coastal_t_s_h_part20/336_48/ts_icl/none/instance/keep/run_0
2026-08-28 13:10:42 | configuration dataset=time/coastal_t_s_h_part20 L=336 H=48 model=ts_icl covariates=identity instance_norm=true remove_constant=false seed=1 batch_size=32
[2026-08-28 13:10:45,634][data.dataset][INFO] - dataset config path=/fssmall/home/h61084/codes/datasets/time/coastal_t_s_h_part20/config.json applied_keys=['date_col', 'drop_users', 'target_cols']
[2026-08-28 13:10:45,650][evaluation.evaluator][INFO] - skip complete run=/fslarge/scratch/users/h61084/codes/tsfm/outputs_selena/covariates/time-coastal_t_s_h_part20/336_48/ts_icl/identity/instance/keep/run_0
2026-08-28 13:10:47 | configuration dataset=time/coastal_t_s_h_part20 L=504 H=168 model=chronos2 covariates=none instance_norm=true remove_constant=false seed=1 batch_size=64
[2026-08-28 13:10:49,795][data.dataset][INFO] - dataset config path=/fssmall/home/h61084/codes/datasets/time/coastal_t_s_h_part20/config.json applied_keys=['date_col', 'drop_users', 'target_cols']
[2026-08-28 13:10:49,811][evaluation.evaluator][INFO] - skip complete run=/fslarge/scratch/users/h61084/codes/tsfm/outputs_selena/covariates/time-coastal_t_s_h_part20/504_168/chronos2/none/instance/keep/run_0
2026-08-28 13:10:51 | configuration dataset=time/coastal_t_s_h_part20 L=504 H=168 model=chronos2 covariates=identity instance_norm=true remove_constant=false seed=1 batch_size=64
[2026-08-28 13:10:53,920][data.dataset][INFO] - dataset config path=/fssmall/home/h61084/codes/datasets/time/coastal_t_s_h_part20/config.json applied_keys=['date_col', 'drop_users', 'target_cols']
[2026-08-28 13:10:53,936][evaluation.evaluator][INFO] - skip complete run=/fslarge/scratch/users/h61084/codes/tsfm/outputs_selena/covariates/time-coastal_t_s_h_part20/504_168/chronos2/identity/instance/keep/run_0
2026-08-28 13:10:55 | configuration dataset=time/coastal_t_s_h_part20 L=504 H=168 model=ts_icl covariates=none instance_norm=true remove_constant=false seed=1 batch_size=32
[2026-08-28 13:10:58,093][data.dataset][INFO] - dataset config path=/fssmall/home/h61084/codes/datasets/time/coastal_t_s_h_part20/config.json applied_keys=['date_col', 'drop_users', 'target_cols']
[2026-08-28 13:10:58,110][evaluation.evaluator][INFO] - skip complete run=/fslarge/scratch/users/h61084/codes/tsfm/outputs_selena/covariates/time-coastal_t_s_h_part20/504_168/ts_icl/none/instance/keep/run_0
2026-08-28 13:10:59 | configuration dataset=time/coastal_t_s_h_part20 L=504 H=168 model=ts_icl covariates=identity instance_norm=true remove_constant=false seed=1 batch_size=32
[2026-08-28 13:11:02,222][data.dataset][INFO] - dataset config path=/fssmall/home/h61084/codes/datasets/time/coastal_t_s_h_part20/config.json applied_keys=['date_col', 'drop_users', 'target_cols']
[2026-08-28 13:11:02,238][evaluation.evaluator][INFO] - skip complete run=/fslarge/scratch/users/h61084/codes/tsfm/outputs_selena/covariates/time-coastal_t_s_h_part20/504_168/ts_icl/identity/instance/keep/run_0
2026-08-28 13:11:03 | configuration dataset=time/coastal_t_s_h_part21 L=168 H=24 model=chronos2 covariates=none instance_norm=true remove_constant=false seed=1 batch_size=64
[2026-08-28 13:11:06,383][data.dataset][INFO] - dataset config path=/fssmall/home/h61084/codes/datasets/time/coastal_t_s_h_part21/config.json applied_keys=['date_col', 'drop_users', 'target_cols']
[2026-08-28 13:11:06,398][evaluation.evaluator][INFO] - skip complete run=/fslarge/scratch/users/h61084/codes/tsfm/outputs_selena/covariates/time-coastal_t_s_h_part21/168_24/chronos2/none/instance/keep/run_0
2026-08-28 13:11:07 | configuration dataset=time/coastal_t_s_h_part21 L=168 H=24 model=chronos2 covariates=identity instance_norm=true remove_constant=false seed=1 batch_size=64
[2026-08-28 13:11:10,570][data.dataset][INFO] - dataset config path=/fssmall/home/h61084/codes/datasets/time/coastal_t_s_h_part21/config.json applied_keys=['date_col', 'drop_users', 'target_cols']
[2026-08-28 13:11:10,585][evaluation.evaluator][INFO] - skip complete run=/fslarge/scratch/users/h61084/codes/tsfm/outputs_selena/covariates/time-coastal_t_s_h_part21/168_24/chronos2/identity/instance/keep/run_0
2026-08-28 13:11:12 | configuration dataset=time/coastal_t_s_h_part21 L=168 H=24 model=ts_icl covariates=none instance_norm=true remove_constant=false seed=1 batch_size=32
[2026-08-28 13:11:14,711][data.dataset][INFO] - dataset config path=/fssmall/home/h61084/codes/datasets/time/coastal_t_s_h_part21/config.json applied_keys=['date_col', 'drop_users', 'target_cols']
[2026-08-28 13:11:14,725][evaluation.evaluator][INFO] - skip complete run=/fslarge/scratch/users/h61084/codes/tsfm/outputs_selena/covariates/time-coastal_t_s_h_part21/168_24/ts_icl/none/instance/keep/run_0
2026-08-28 13:11:16 | configuration dataset=time/coastal_t_s_h_part21 L=168 H=24 model=ts_icl covariates=identity instance_norm=true remove_constant=false seed=1 batch_size=32
[2026-08-28 13:11:18,854][data.dataset][INFO] - dataset config path=/fssmall/home/h61084/codes/datasets/time/coastal_t_s_h_part21/config.json applied_keys=['date_col', 'drop_users', 'target_cols']
[2026-08-28 13:11:18,869][evaluation.evaluator][INFO] - skip complete run=/fslarge/scratch/users/h61084/codes/tsfm/outputs_selena/covariates/time-coastal_t_s_h_part21/168_24/ts_icl/identity/instance/keep/run_0
2026-08-28 13:11:20 | configuration dataset=time/coastal_t_s_h_part21 L=336 H=48 model=chronos2 covariates=none instance_norm=true remove_constant=false seed=1 batch_size=64
[2026-08-28 13:11:23,052][data.dataset][INFO] - dataset config path=/fssmall/home/h61084/codes/datasets/time/coastal_t_s_h_part21/config.json applied_keys=['date_col', 'drop_users', 'target_cols']
[2026-08-28 13:11:23,067][evaluation.evaluator][INFO] - skip complete run=/fslarge/scratch/users/h61084/codes/tsfm/outputs_selena/covariates/time-coastal_t_s_h_part21/336_48/chronos2/none/instance/keep/run_0
2026-08-28 13:11:24 | configuration dataset=time/coastal_t_s_h_part21 L=336 H=48 model=chronos2 covariates=identity instance_norm=true remove_constant=false seed=1 batch_size=64
[2026-08-28 13:11:27,194][data.dataset][INFO] - dataset config path=/fssmall/home/h61084/codes/datasets/time/coastal_t_s_h_part21/config.json applied_keys=['date_col', 'drop_users', 'target_cols']
[2026-08-28 13:11:27,209][evaluation.evaluator][INFO] - skip complete run=/fslarge/scratch/users/h61084/codes/tsfm/outputs_selena/covariates/time-coastal_t_s_h_part21/336_48/chronos2/identity/instance/keep/run_0
2026-08-28 13:11:28 | configuration dataset=time/coastal_t_s_h_part21 L=336 H=48 model=ts_icl covariates=none instance_norm=true remove_constant=false seed=1 batch_size=32
[2026-08-28 13:11:31,362][data.dataset][INFO] - dataset config path=/fssmall/home/h61084/codes/datasets/time/coastal_t_s_h_part21/config.json applied_keys=['date_col', 'drop_users', 'target_cols']
[2026-08-28 13:11:31,377][evaluation.evaluator][INFO] - skip complete run=/fslarge/scratch/users/h61084/codes/tsfm/outputs_selena/covariates/time-coastal_t_s_h_part21/336_48/ts_icl/none/instance/keep/run_0
2026-08-28 13:11:32 | configuration dataset=time/coastal_t_s_h_part21 L=336 H=48 model=ts_icl covariates=identity instance_norm=true remove_constant=false seed=1 batch_size=32
[2026-08-28 13:11:35,536][data.dataset][INFO] - dataset config path=/fssmall/home/h61084/codes/datasets/time/coastal_t_s_h_part21/config.json applied_keys=['date_col', 'drop_users', 'target_cols']
[2026-08-28 13:11:35,551][evaluation.evaluator][INFO] - skip complete run=/fslarge/scratch/users/h61084/codes/tsfm/outputs_selena/covariates/time-coastal_t_s_h_part21/336_48/ts_icl/identity/instance/keep/run_0
2026-08-28 13:11:37 | configuration dataset=time/coastal_t_s_h_part21 L=504 H=168 model=chronos2 covariates=none instance_norm=true remove_constant=false seed=1 batch_size=64
[2026-08-28 13:11:39,707][data.dataset][INFO] - dataset config path=/fssmall/home/h61084/codes/datasets/time/coastal_t_s_h_part21/config.json applied_keys=['date_col', 'drop_users', 'target_cols']
[2026-08-28 13:11:39,721][evaluation.evaluator][INFO] - skip complete run=/fslarge/scratch/users/h61084/codes/tsfm/outputs_selena/covariates/time-coastal_t_s_h_part21/504_168/chronos2/none/instance/keep/run_0
2026-08-28 13:11:41 | configuration dataset=time/coastal_t_s_h_part21 L=504 H=168 model=chronos2 covariates=identity instance_norm=true remove_constant=false seed=1 batch_size=64
[2026-08-28 13:11:43,853][data.dataset][INFO] - dataset config path=/fssmall/home/h61084/codes/datasets/time/coastal_t_s_h_part21/config.json applied_keys=['date_col', 'drop_users', 'target_cols']
[2026-08-28 13:11:43,868][evaluation.evaluator][INFO] - skip complete run=/fslarge/scratch/users/h61084/codes/tsfm/outputs_selena/covariates/time-coastal_t_s_h_part21/504_168/chronos2/identity/instance/keep/run_0
2026-08-28 13:11:45 | configuration dataset=time/coastal_t_s_h_part21 L=504 H=168 model=ts_icl covariates=none instance_norm=true remove_constant=false seed=1 batch_size=32
[2026-08-28 13:11:48,079][data.dataset][INFO] - dataset config path=/fssmall/home/h61084/codes/datasets/time/coastal_t_s_h_part21/config.json applied_keys=['date_col', 'drop_users', 'target_cols']
[2026-08-28 13:11:48,093][evaluation.evaluator][INFO] - skip complete run=/fslarge/scratch/users/h61084/codes/tsfm/outputs_selena/covariates/time-coastal_t_s_h_part21/504_168/ts_icl/none/instance/keep/run_0
2026-08-28 13:11:49 | configuration dataset=time/coastal_t_s_h_part21 L=504 H=168 model=ts_icl covariates=identity instance_norm=true remove_constant=false seed=1 batch_size=32
[2026-08-28 13:11:52,276][data.dataset][INFO] - dataset config path=/fssmall/home/h61084/codes/datasets/time/coastal_t_s_h_part21/config.json applied_keys=['date_col', 'drop_users', 'target_cols']
[2026-08-28 13:11:52,291][evaluation.evaluator][INFO] - skip complete run=/fslarge/scratch/users/h61084/codes/tsfm/outputs_selena/covariates/time-coastal_t_s_h_part21/504_168/ts_icl/identity/instance/keep/run_0
2026-08-28 13:11:53 | configuration dataset=time/coastal_t_s_h_part22 L=168 H=24 model=chronos2 covariates=none instance_norm=true remove_constant=false seed=1 batch_size=64
[2026-08-28 13:11:56,436][data.dataset][INFO] - dataset config path=/fssmall/home/h61084/codes/datasets/time/coastal_t_s_h_part22/config.json applied_keys=['date_col', 'drop_users', 'target_cols']
[2026-08-28 13:11:56,453][evaluation.evaluator][INFO] - skip complete run=/fslarge/scratch/users/h61084/codes/tsfm/outputs_selena/covariates/time-coastal_t_s_h_part22/168_24/chronos2/none/instance/keep/run_0
2026-08-28 13:11:57 | configuration dataset=time/coastal_t_s_h_part22 L=168 H=24 model=chronos2 covariates=identity instance_norm=true remove_constant=false seed=1 batch_size=64
[2026-08-28 13:12:00,644][data.dataset][INFO] - dataset config path=/fssmall/home/h61084/codes/datasets/time/coastal_t_s_h_part22/config.json applied_keys=['date_col', 'drop_users', 'target_cols']
[2026-08-28 13:12:00,660][evaluation.evaluator][INFO] - skip complete run=/fslarge/scratch/users/h61084/codes/tsfm/outputs_selena/covariates/time-coastal_t_s_h_part22/168_24/chronos2/identity/instance/keep/run_0
2026-08-28 13:12:02 | configuration dataset=time/coastal_t_s_h_part22 L=168 H=24 model=ts_icl covariates=none instance_norm=true remove_constant=false seed=1 batch_size=32
[2026-08-28 13:12:04,859][data.dataset][INFO] - dataset config path=/fssmall/home/h61084/codes/datasets/time/coastal_t_s_h_part22/config.json applied_keys=['date_col', 'drop_users', 'target_cols']
[2026-08-28 13:12:04,875][evaluation.evaluator][INFO] - skip complete run=/fslarge/scratch/users/h61084/codes/tsfm/outputs_selena/covariates/time-coastal_t_s_h_part22/168_24/ts_icl/none/instance/keep/run_0
2026-08-28 13:12:06 | configuration dataset=time/coastal_t_s_h_part22 L=168 H=24 model=ts_icl covariates=identity instance_norm=true remove_constant=false seed=1 batch_size=32
[2026-08-28 13:12:09,060][data.dataset][INFO] - dataset config path=/fssmall/home/h61084/codes/datasets/time/coastal_t_s_h_part22/config.json applied_keys=['date_col', 'drop_users', 'target_cols']
[2026-08-28 13:12:09,076][evaluation.evaluator][INFO] - skip complete run=/fslarge/scratch/users/h61084/codes/tsfm/outputs_selena/covariates/time-coastal_t_s_h_part22/168_24/ts_icl/identity/instance/keep/run_0
2026-08-28 13:12:10 | configuration dataset=time/coastal_t_s_h_part22 L=336 H=48 model=chronos2 covariates=none instance_norm=true remove_constant=false seed=1 batch_size=64
[2026-08-28 13:12:13,243][data.dataset][INFO] - dataset config path=/fssmall/home/h61084/codes/datasets/time/coastal_t_s_h_part22/config.json applied_keys=['date_col', 'drop_users', 'target_cols']
[2026-08-28 13:12:13,259][evaluation.evaluator][INFO] - skip complete run=/fslarge/scratch/users/h61084/codes/tsfm/outputs_selena/covariates/time-coastal_t_s_h_part22/336_48/chronos2/none/instance/keep/run_0
2026-08-28 13:12:14 | configuration dataset=time/coastal_t_s_h_part22 L=336 H=48 model=chronos2 covariates=identity instance_norm=true remove_constant=false seed=1 batch_size=64
[2026-08-28 13:12:17,417][data.dataset][INFO] - dataset config path=/fssmall/home/h61084/codes/datasets/time/coastal_t_s_h_part22/config.json applied_keys=['date_col', 'drop_users', 'target_cols']
[2026-08-28 13:12:17,433][evaluation.evaluator][INFO] - skip complete run=/fslarge/scratch/users/h61084/codes/tsfm/outputs_selena/covariates/time-coastal_t_s_h_part22/336_48/chronos2/identity/instance/keep/run_0
2026-08-28 13:12:19 | configuration dataset=time/coastal_t_s_h_part22 L=336 H=48 model=ts_icl covariates=none instance_norm=true remove_constant=false seed=1 batch_size=32
[2026-08-28 13:12:21,836][data.dataset][INFO] - dataset config path=/fssmall/home/h61084/codes/datasets/time/coastal_t_s_h_part22/config.json applied_keys=['date_col', 'drop_users', 'target_cols']
[2026-08-28 13:12:21,852][evaluation.evaluator][INFO] - skip complete run=/fslarge/scratch/users/h61084/codes/tsfm/outputs_selena/covariates/time-coastal_t_s_h_part22/336_48/ts_icl/none/instance/keep/run_0
2026-08-28 13:12:23 | configuration dataset=time/coastal_t_s_h_part22 L=336 H=48 model=ts_icl covariates=identity instance_norm=true remove_constant=false seed=1 batch_size=32
[2026-08-28 13:12:26,080][data.dataset][INFO] - dataset config path=/fssmall/home/h61084/codes/datasets/time/coastal_t_s_h_part22/config.json applied_keys=['date_col', 'drop_users', 'target_cols']
[2026-08-28 13:12:26,097][evaluation.evaluator][INFO] - skip complete run=/fslarge/scratch/users/h61084/codes/tsfm/outputs_selena/covariates/time-coastal_t_s_h_part22/336_48/ts_icl/identity/instance/keep/run_0
2026-08-28 13:12:27 | configuration dataset=time/coastal_t_s_h_part22 L=504 H=168 model=chronos2 covariates=none instance_norm=true remove_constant=false seed=1 batch_size=64
[2026-08-28 13:12:30,305][data.dataset][INFO] - dataset config path=/fssmall/home/h61084/codes/datasets/time/coastal_t_s_h_part22/config.json applied_keys=['date_col', 'drop_users', 'target_cols']
[2026-08-28 13:12:30,321][evaluation.evaluator][INFO] - skip complete run=/fslarge/scratch/users/h61084/codes/tsfm/outputs_selena/covariates/time-coastal_t_s_h_part22/504_168/chronos2/none/instance/keep/run_0
2026-08-28 13:12:31 | configuration dataset=time/coastal_t_s_h_part22 L=504 H=168 model=chronos2 covariates=identity instance_norm=true remove_constant=false seed=1 batch_size=64
[2026-08-28 13:12:34,549][data.dataset][INFO] - dataset config path=/fssmall/home/h61084/codes/datasets/time/coastal_t_s_h_part22/config.json applied_keys=['date_col', 'drop_users', 'target_cols']
[2026-08-28 13:12:34,565][evaluation.evaluator][INFO] - skip complete run=/fslarge/scratch/users/h61084/codes/tsfm/outputs_selena/covariates/time-coastal_t_s_h_part22/504_168/chronos2/identity/instance/keep/run_0
2026-08-28 13:12:36 | configuration dataset=time/coastal_t_s_h_part22 L=504 H=168 model=ts_icl covariates=none instance_norm=true remove_constant=false seed=1 batch_size=32
[2026-08-28 13:12:38,744][data.dataset][INFO] - dataset config path=/fssmall/home/h61084/codes/datasets/time/coastal_t_s_h_part22/config.json applied_keys=['date_col', 'drop_users', 'target_cols']
[2026-08-28 13:12:38,760][evaluation.evaluator][INFO] - skip complete run=/fslarge/scratch/users/h61084/codes/tsfm/outputs_selena/covariates/time-coastal_t_s_h_part22/504_168/ts_icl/none/instance/keep/run_0
2026-08-28 13:12:40 | configuration dataset=time/coastal_t_s_h_part22 L=504 H=168 model=ts_icl covariates=identity instance_norm=true remove_constant=false seed=1 batch_size=32
[2026-08-28 13:12:42,917][data.dataset][INFO] - dataset config path=/fssmall/home/h61084/codes/datasets/time/coastal_t_s_h_part22/config.json applied_keys=['date_col', 'drop_users', 'target_cols']
[2026-08-28 13:12:42,933][evaluation.evaluator][INFO] - skip complete run=/fslarge/scratch/users/h61084/codes/tsfm/outputs_selena/covariates/time-coastal_t_s_h_part22/504_168/ts_icl/identity/instance/keep/run_0
2026-08-28 13:12:44 | configuration dataset=time/coastal_t_s_h_part23 L=168 H=24 model=chronos2 covariates=none instance_norm=true remove_constant=false seed=1 batch_size=64
[2026-08-28 13:12:47,091][data.dataset][INFO] - dataset config path=/fssmall/home/h61084/codes/datasets/time/coastal_t_s_h_part23/config.json applied_keys=['date_col', 'drop_users', 'target_cols']
[2026-08-28 13:12:47,106][evaluation.evaluator][INFO] - skip complete run=/fslarge/scratch/users/h61084/codes/tsfm/outputs_selena/covariates/time-coastal_t_s_h_part23/168_24/chronos2/none/instance/keep/run_0
2026-08-28 13:12:48 | configuration dataset=time/coastal_t_s_h_part23 L=168 H=24 model=chronos2 covariates=identity instance_norm=true remove_constant=false seed=1 batch_size=64
[2026-08-28 13:12:51,250][data.dataset][INFO] - dataset config path=/fssmall/home/h61084/codes/datasets/time/coastal_t_s_h_part23/config.json applied_keys=['date_col', 'drop_users', 'target_cols']
[2026-08-28 13:12:51,265][evaluation.evaluator][INFO] - skip complete run=/fslarge/scratch/users/h61084/codes/tsfm/outputs_selena/covariates/time-coastal_t_s_h_part23/168_24/chronos2/identity/instance/keep/run_0
2026-08-28 13:12:52 | configuration dataset=time/coastal_t_s_h_part23 L=168 H=24 model=ts_icl covariates=none instance_norm=true remove_constant=false seed=1 batch_size=32
[2026-08-28 13:12:55,435][data.dataset][INFO] - dataset config path=/fssmall/home/h61084/codes/datasets/time/coastal_t_s_h_part23/config.json applied_keys=['date_col', 'drop_users', 'target_cols']
[2026-08-28 13:12:55,450][evaluation.evaluator][INFO] - skip complete run=/fslarge/scratch/users/h61084/codes/tsfm/outputs_selena/covariates/time-coastal_t_s_h_part23/168_24/ts_icl/none/instance/keep/run_0
2026-08-28 13:12:56 | configuration dataset=time/coastal_t_s_h_part23 L=168 H=24 model=ts_icl covariates=identity instance_norm=true remove_constant=false seed=1 batch_size=32
[2026-08-28 13:12:59,701][data.dataset][INFO] - dataset config path=/fssmall/home/h61084/codes/datasets/time/coastal_t_s_h_part23/config.json applied_keys=['date_col', 'drop_users', 'target_cols']
[2026-08-28 13:12:59,716][evaluation.evaluator][INFO] - skip complete run=/fslarge/scratch/users/h61084/codes/tsfm/outputs_selena/covariates/time-coastal_t_s_h_part23/168_24/ts_icl/identity/instance/keep/run_0
2026-08-28 13:13:01 | configuration dataset=time/coastal_t_s_h_part23 L=336 H=48 model=chronos2 covariates=none instance_norm=true remove_constant=false seed=1 batch_size=64
[2026-08-28 13:13:03,946][data.dataset][INFO] - dataset config path=/fssmall/home/h61084/codes/datasets/time/coastal_t_s_h_part23/config.json applied_keys=['date_col', 'drop_users', 'target_cols']
[2026-08-28 13:13:03,961][evaluation.evaluator][INFO] - skip complete run=/fslarge/scratch/users/h61084/codes/tsfm/outputs_selena/covariates/time-coastal_t_s_h_part23/336_48/chronos2/none/instance/keep/run_0
2026-08-28 13:13:05 | configuration dataset=time/coastal_t_s_h_part23 L=336 H=48 model=chronos2 covariates=identity instance_norm=true remove_constant=false seed=1 batch_size=64
[2026-08-28 13:13:08,160][data.dataset][INFO] - dataset config path=/fssmall/home/h61084/codes/datasets/time/coastal_t_s_h_part23/config.json applied_keys=['date_col', 'drop_users', 'target_cols']
[2026-08-28 13:13:08,175][evaluation.evaluator][INFO] - skip complete run=/fslarge/scratch/users/h61084/codes/tsfm/outputs_selena/covariates/time-coastal_t_s_h_part23/336_48/chronos2/identity/instance/keep/run_0
2026-08-28 13:13:09 | configuration dataset=time/coastal_t_s_h_part23 L=336 H=48 model=ts_icl covariates=none instance_norm=true remove_constant=false seed=1 batch_size=32
[2026-08-28 13:13:12,336][data.dataset][INFO] - dataset config path=/fssmall/home/h61084/codes/datasets/time/coastal_t_s_h_part23/config.json applied_keys=['date_col', 'drop_users', 'target_cols']
[2026-08-28 13:13:12,350][evaluation.evaluator][INFO] - skip complete run=/fslarge/scratch/users/h61084/codes/tsfm/outputs_selena/covariates/time-coastal_t_s_h_part23/336_48/ts_icl/none/instance/keep/run_0
2026-08-28 13:13:13 | configuration dataset=time/coastal_t_s_h_part23 L=336 H=48 model=ts_icl covariates=identity instance_norm=true remove_constant=false seed=1 batch_size=32
[2026-08-28 13:13:16,497][data.dataset][INFO] - dataset config path=/fssmall/home/h61084/codes/datasets/time/coastal_t_s_h_part23/config.json applied_keys=['date_col', 'drop_users', 'target_cols']
[2026-08-28 13:13:16,512][evaluation.evaluator][INFO] - skip complete run=/fslarge/scratch/users/h61084/codes/tsfm/outputs_selena/covariates/time-coastal_t_s_h_part23/336_48/ts_icl/identity/instance/keep/run_0
2026-08-28 13:13:18 | configuration dataset=time/coastal_t_s_h_part23 L=504 H=168 model=chronos2 covariates=none instance_norm=true remove_constant=false seed=1 batch_size=64
[2026-08-28 13:13:20,674][data.dataset][INFO] - dataset config path=/fssmall/home/h61084/codes/datasets/time/coastal_t_s_h_part23/config.json applied_keys=['date_col', 'drop_users', 'target_cols']
[2026-08-28 13:13:20,689][evaluation.evaluator][INFO] - skip complete run=/fslarge/scratch/users/h61084/codes/tsfm/outputs_selena/covariates/time-coastal_t_s_h_part23/504_168/chronos2/none/instance/keep/run_0
2026-08-28 13:13:22 | configuration dataset=time/coastal_t_s_h_part23 L=504 H=168 model=chronos2 covariates=identity instance_norm=true remove_constant=false seed=1 batch_size=64
[2026-08-28 13:13:24,832][data.dataset][INFO] - dataset config path=/fssmall/home/h61084/codes/datasets/time/coastal_t_s_h_part23/config.json applied_keys=['date_col', 'drop_users', 'target_cols']
[2026-08-28 13:13:24,846][evaluation.evaluator][INFO] - skip complete run=/fslarge/scratch/users/h61084/codes/tsfm/outputs_selena/covariates/time-coastal_t_s_h_part23/504_168/chronos2/identity/instance/keep/run_0
2026-08-28 13:13:26 | configuration dataset=time/coastal_t_s_h_part23 L=504 H=168 model=ts_icl covariates=none instance_norm=true remove_constant=false seed=1 batch_size=32
[2026-08-28 13:13:29,011][data.dataset][INFO] - dataset config path=/fssmall/home/h61084/codes/datasets/time/coastal_t_s_h_part23/config.json applied_keys=['date_col', 'drop_users', 'target_cols']
[2026-08-28 13:13:29,026][evaluation.evaluator][INFO] - skip complete run=/fslarge/scratch/users/h61084/codes/tsfm/outputs_selena/covariates/time-coastal_t_s_h_part23/504_168/ts_icl/none/instance/keep/run_0
2026-08-28 13:13:30 | configuration dataset=time/coastal_t_s_h_part23 L=504 H=168 model=ts_icl covariates=identity instance_norm=true remove_constant=false seed=1 batch_size=32
[2026-08-28 13:13:33,172][data.dataset][INFO] - dataset config path=/fssmall/home/h61084/codes/datasets/time/coastal_t_s_h_part23/config.json applied_keys=['date_col', 'drop_users', 'target_cols']
[2026-08-28 13:13:33,187][evaluation.evaluator][INFO] - skip complete run=/fslarge/scratch/users/h61084/codes/tsfm/outputs_selena/covariates/time-coastal_t_s_h_part23/504_168/ts_icl/identity/instance/keep/run_0
2026-08-28 13:13:34 | configuration dataset=time/crypto_d L=7 H=1 model=chronos2 covariates=none instance_norm=true remove_constant=false seed=1 batch_size=64
[2026-08-28 13:13:37,340][data.dataset][INFO] - dataset config path=/fssmall/home/h61084/codes/datasets/time/crypto_d/config.json applied_keys=['date_col', 'drop_users', 'target_cols']
[2026-08-28 13:13:37,354][evaluation.evaluator][INFO] - skip complete run=/fslarge/scratch/users/h61084/codes/tsfm/outputs_selena/covariates/time-crypto_d/7_1/chronos2/none/instance/keep/run_0
2026-08-28 13:13:38 | configuration dataset=time/crypto_d L=7 H=1 model=chronos2 covariates=identity instance_norm=true remove_constant=false seed=1 batch_size=64
[2026-08-28 13:13:41,504][data.dataset][INFO] - dataset config path=/fssmall/home/h61084/codes/datasets/time/crypto_d/config.json applied_keys=['date_col', 'drop_users', 'target_cols']
[2026-08-28 13:13:41,518][evaluation.evaluator][INFO] - skip complete run=/fslarge/scratch/users/h61084/codes/tsfm/outputs_selena/covariates/time-crypto_d/7_1/chronos2/identity/instance/keep/run_0
2026-08-28 13:13:43 | configuration dataset=time/crypto_d L=7 H=1 model=ts_icl covariates=none instance_norm=true remove_constant=false seed=1 batch_size=32
[2026-08-28 13:13:45,684][data.dataset][INFO] - dataset config path=/fssmall/home/h61084/codes/datasets/time/crypto_d/config.json applied_keys=['date_col', 'drop_users', 'target_cols']
[2026-08-28 13:13:45,697][evaluation.evaluator][INFO] - skip complete run=/fslarge/scratch/users/h61084/codes/tsfm/outputs_selena/covariates/time-crypto_d/7_1/ts_icl/none/instance/keep/run_0
2026-08-28 13:13:47 | configuration dataset=time/crypto_d L=7 H=1 model=ts_icl covariates=identity instance_norm=true remove_constant=false seed=1 batch_size=32
[2026-08-28 13:13:49,871][data.dataset][INFO] - dataset config path=/fssmall/home/h61084/codes/datasets/time/crypto_d/config.json applied_keys=['date_col', 'drop_users', 'target_cols']
[2026-08-28 13:13:49,885][evaluation.evaluator][INFO] - skip complete run=/fslarge/scratch/users/h61084/codes/tsfm/outputs_selena/covariates/time-crypto_d/7_1/ts_icl/identity/instance/keep/run_0
2026-08-28 13:13:51 | configuration dataset=time/crypto_d L=14 H=2 model=chronos2 covariates=none instance_norm=true remove_constant=false seed=1 batch_size=64
[2026-08-28 13:13:54,028][data.dataset][INFO] - dataset config path=/fssmall/home/h61084/codes/datasets/time/crypto_d/config.json applied_keys=['date_col', 'drop_users', 'target_cols']
[2026-08-28 13:13:54,041][evaluation.evaluator][INFO] - skip complete run=/fslarge/scratch/users/h61084/codes/tsfm/outputs_selena/covariates/time-crypto_d/14_2/chronos2/none/instance/keep/run_0
2026-08-28 13:13:55 | configuration dataset=time/crypto_d L=14 H=2 model=chronos2 covariates=identity instance_norm=true remove_constant=false seed=1 batch_size=64
[2026-08-28 13:13:58,195][data.dataset][INFO] - dataset config path=/fssmall/home/h61084/codes/datasets/time/crypto_d/config.json applied_keys=['date_col', 'drop_users', 'target_cols']
[2026-08-28 13:13:58,209][evaluation.evaluator][INFO] - skip complete run=/fslarge/scratch/users/h61084/codes/tsfm/outputs_selena/covariates/time-crypto_d/14_2/chronos2/identity/instance/keep/run_0
2026-08-28 13:13:59 | configuration dataset=time/crypto_d L=14 H=2 model=ts_icl covariates=none instance_norm=true remove_constant=false seed=1 batch_size=32
[2026-08-28 13:14:02,379][data.dataset][INFO] - dataset config path=/fssmall/home/h61084/codes/datasets/time/crypto_d/config.json applied_keys=['date_col', 'drop_users', 'target_cols']
[2026-08-28 13:14:02,393][evaluation.evaluator][INFO] - skip complete run=/fslarge/scratch/users/h61084/codes/tsfm/outputs_selena/covariates/time-crypto_d/14_2/ts_icl/none/instance/keep/run_0
2026-08-28 13:14:03 | configuration dataset=time/crypto_d L=14 H=2 model=ts_icl covariates=identity instance_norm=true remove_constant=false seed=1 batch_size=32
[2026-08-28 13:14:06,586][data.dataset][INFO] - dataset config path=/fssmall/home/h61084/codes/datasets/time/crypto_d/config.json applied_keys=['date_col', 'drop_users', 'target_cols']
[2026-08-28 13:14:06,599][evaluation.evaluator][INFO] - skip complete run=/fslarge/scratch/users/h61084/codes/tsfm/outputs_selena/covariates/time-crypto_d/14_2/ts_icl/identity/instance/keep/run_0
2026-08-28 13:14:08 | configuration dataset=time/crypto_d L=30 H=7 model=chronos2 covariates=none instance_norm=true remove_constant=false seed=1 batch_size=64
[2026-08-28 13:14:10,786][data.dataset][INFO] - dataset config path=/fssmall/home/h61084/codes/datasets/time/crypto_d/config.json applied_keys=['date_col', 'drop_users', 'target_cols']
[2026-08-28 13:14:10,800][evaluation.evaluator][INFO] - skip complete run=/fslarge/scratch/users/h61084/codes/tsfm/outputs_selena/covariates/time-crypto_d/30_7/chronos2/none/instance/keep/run_0
2026-08-28 13:14:12 | configuration dataset=time/crypto_d L=30 H=7 model=chronos2 covariates=identity instance_norm=true remove_constant=false seed=1 batch_size=64
[2026-08-28 13:14:14,964][data.dataset][INFO] - dataset config path=/fssmall/home/h61084/codes/datasets/time/crypto_d/config.json applied_keys=['date_col', 'drop_users', 'target_cols']
[2026-08-28 13:14:14,978][evaluation.evaluator][INFO] - skip complete run=/fslarge/scratch/users/h61084/codes/tsfm/outputs_selena/covariates/time-crypto_d/30_7/chronos2/identity/instance/keep/run_0
2026-08-28 13:14:16 | configuration dataset=time/crypto_d L=30 H=7 model=ts_icl covariates=none instance_norm=true remove_constant=false seed=1 batch_size=32
[2026-08-28 13:14:19,137][data.dataset][INFO] - dataset config path=/fssmall/home/h61084/codes/datasets/time/crypto_d/config.json applied_keys=['date_col', 'drop_users', 'target_cols']
[2026-08-28 13:14:19,150][evaluation.evaluator][INFO] - skip complete run=/fslarge/scratch/users/h61084/codes/tsfm/outputs_selena/covariates/time-crypto_d/30_7/ts_icl/none/instance/keep/run_0
2026-08-28 13:14:20 | configuration dataset=time/crypto_d L=30 H=7 model=ts_icl covariates=identity instance_norm=true remove_constant=false seed=1 batch_size=32
[2026-08-28 13:14:23,281][data.dataset][INFO] - dataset config path=/fssmall/home/h61084/codes/datasets/time/crypto_d/config.json applied_keys=['date_col', 'drop_users', 'target_cols']
[2026-08-28 13:14:23,294][evaluation.evaluator][INFO] - skip complete run=/fslarge/scratch/users/h61084/codes/tsfm/outputs_selena/covariates/time-crypto_d/30_7/ts_icl/identity/instance/keep/run_0
2026-08-28 13:14:24 | configuration dataset=time/ecdc_covid_d_part01 L=7 H=1 model=chronos2 covariates=none instance_norm=true remove_constant=false seed=1 batch_size=64
[2026-08-28 13:14:27,425][data.dataset][INFO] - dataset config path=/fssmall/home/h61084/codes/datasets/time/ecdc_covid_d_part01/config.json applied_keys=['date_col', 'drop_users', 'target_cols']
[2026-08-28 13:14:27,438][evaluation.evaluator][INFO] - skip complete run=/fslarge/scratch/users/h61084/codes/tsfm/outputs_selena/covariates/time-ecdc_covid_d_part01/7_1/chronos2/none/instance/keep/run_0
2026-08-28 13:14:28 | configuration dataset=time/ecdc_covid_d_part01 L=7 H=1 model=chronos2 covariates=identity instance_norm=true remove_constant=false seed=1 batch_size=64
[2026-08-28 13:14:31,640][data.dataset][INFO] - dataset config path=/fssmall/home/h61084/codes/datasets/time/ecdc_covid_d_part01/config.json applied_keys=['date_col', 'drop_users', 'target_cols']
[2026-08-28 13:14:31,652][evaluation.evaluator][INFO] - skip complete run=/fslarge/scratch/users/h61084/codes/tsfm/outputs_selena/covariates/time-ecdc_covid_d_part01/7_1/chronos2/identity/instance/keep/run_0
2026-08-28 13:14:33 | configuration dataset=time/ecdc_covid_d_part01 L=7 H=1 model=ts_icl covariates=none instance_norm=true remove_constant=false seed=1 batch_size=32
[2026-08-28 13:14:35,850][data.dataset][INFO] - dataset config path=/fssmall/home/h61084/codes/datasets/time/ecdc_covid_d_part01/config.json applied_keys=['date_col', 'drop_users', 'target_cols']
[2026-08-28 13:14:35,863][evaluation.evaluator][INFO] - skip complete run=/fslarge/scratch/users/h61084/codes/tsfm/outputs_selena/covariates/time-ecdc_covid_d_part01/7_1/ts_icl/none/instance/keep/run_0
2026-08-28 13:14:37 | configuration dataset=time/ecdc_covid_d_part01 L=7 H=1 model=ts_icl covariates=identity instance_norm=true remove_constant=false seed=1 batch_size=32
[2026-08-28 13:14:40,020][data.dataset][INFO] - dataset config path=/fssmall/home/h61084/codes/datasets/time/ecdc_covid_d_part01/config.json applied_keys=['date_col', 'drop_users', 'target_cols']
[2026-08-28 13:14:40,032][evaluation.evaluator][INFO] - skip complete run=/fslarge/scratch/users/h61084/codes/tsfm/outputs_selena/covariates/time-ecdc_covid_d_part01/7_1/ts_icl/identity/instance/keep/run_0
2026-08-28 13:14:41 | configuration dataset=time/ecdc_covid_d_part01 L=14 H=2 model=chronos2 covariates=none instance_norm=true remove_constant=false seed=1 batch_size=64
[2026-08-28 13:14:44,175][data.dataset][INFO] - dataset config path=/fssmall/home/h61084/codes/datasets/time/ecdc_covid_d_part01/config.json applied_keys=['date_col', 'drop_users', 'target_cols']
[2026-08-28 13:14:44,188][evaluation.evaluator][INFO] - skip complete run=/fslarge/scratch/users/h61084/codes/tsfm/outputs_selena/covariates/time-ecdc_covid_d_part01/14_2/chronos2/none/instance/keep/run_0
2026-08-28 13:14:45 | configuration dataset=time/ecdc_covid_d_part01 L=14 H=2 model=chronos2 covariates=identity instance_norm=true remove_constant=false seed=1 batch_size=64
[2026-08-28 13:14:48,345][data.dataset][INFO] - dataset config path=/fssmall/home/h61084/codes/datasets/time/ecdc_covid_d_part01/config.json applied_keys=['date_col', 'drop_users', 'target_cols']
[2026-08-28 13:14:48,357][evaluation.evaluator][INFO] - skip complete run=/fslarge/scratch/users/h61084/codes/tsfm/outputs_selena/covariates/time-ecdc_covid_d_part01/14_2/chronos2/identity/instance/keep/run_0
2026-08-28 13:14:49 | configuration dataset=time/ecdc_covid_d_part01 L=14 H=2 model=ts_icl covariates=none instance_norm=true remove_constant=false seed=1 batch_size=32
[2026-08-28 13:14:52,522][data.dataset][INFO] - dataset config path=/fssmall/home/h61084/codes/datasets/time/ecdc_covid_d_part01/config.json applied_keys=['date_col', 'drop_users', 'target_cols']
[2026-08-28 13:14:52,534][evaluation.evaluator][INFO] - skip complete run=/fslarge/scratch/users/h61084/codes/tsfm/outputs_selena/covariates/time-ecdc_covid_d_part01/14_2/ts_icl/none/instance/keep/run_0
2026-08-28 13:14:54 | configuration dataset=time/ecdc_covid_d_part01 L=14 H=2 model=ts_icl covariates=identity instance_norm=true remove_constant=false seed=1 batch_size=32
[2026-08-28 13:14:56,661][data.dataset][INFO] - dataset config path=/fssmall/home/h61084/codes/datasets/time/ecdc_covid_d_part01/config.json applied_keys=['date_col', 'drop_users', 'target_cols']
[2026-08-28 13:14:56,674][evaluation.evaluator][INFO] - skip complete run=/fslarge/scratch/users/h61084/codes/tsfm/outputs_selena/covariates/time-ecdc_covid_d_part01/14_2/ts_icl/identity/instance/keep/run_0
2026-08-28 13:14:58 | configuration dataset=time/ecdc_covid_d_part01 L=30 H=7 model=chronos2 covariates=none instance_norm=true remove_constant=false seed=1 batch_size=64
[2026-08-28 13:15:00,816][data.dataset][INFO] - dataset config path=/fssmall/home/h61084/codes/datasets/time/ecdc_covid_d_part01/config.json applied_keys=['date_col', 'drop_users', 'target_cols']
[2026-08-28 13:15:00,829][evaluation.evaluator][INFO] - skip complete run=/fslarge/scratch/users/h61084/codes/tsfm/outputs_selena/covariates/time-ecdc_covid_d_part01/30_7/chronos2/none/instance/keep/run_0
2026-08-28 13:15:02 | configuration dataset=time/ecdc_covid_d_part01 L=30 H=7 model=chronos2 covariates=identity instance_norm=true remove_constant=false seed=1 batch_size=64
[2026-08-28 13:15:05,020][data.dataset][INFO] - dataset config path=/fssmall/home/h61084/codes/datasets/time/ecdc_covid_d_part01/config.json applied_keys=['date_col', 'drop_users', 'target_cols']
[2026-08-28 13:15:05,032][evaluation.evaluator][INFO] - skip complete run=/fslarge/scratch/users/h61084/codes/tsfm/outputs_selena/covariates/time-ecdc_covid_d_part01/30_7/chronos2/identity/instance/keep/run_0
2026-08-28 13:15:06 | configuration dataset=time/ecdc_covid_d_part01 L=30 H=7 model=ts_icl covariates=none instance_norm=true remove_constant=false seed=1 batch_size=32
[2026-08-28 13:15:09,199][data.dataset][INFO] - dataset config path=/fssmall/home/h61084/codes/datasets/time/ecdc_covid_d_part01/config.json applied_keys=['date_col', 'drop_users', 'target_cols']
[2026-08-28 13:15:09,212][evaluation.evaluator][INFO] - skip complete run=/fslarge/scratch/users/h61084/codes/tsfm/outputs_selena/covariates/time-ecdc_covid_d_part01/30_7/ts_icl/none/instance/keep/run_0
2026-08-28 13:15:10 | configuration dataset=time/ecdc_covid_d_part01 L=30 H=7 model=ts_icl covariates=identity instance_norm=true remove_constant=false seed=1 batch_size=32
[2026-08-28 13:15:13,362][data.dataset][INFO] - dataset config path=/fssmall/home/h61084/codes/datasets/time/ecdc_covid_d_part01/config.json applied_keys=['date_col', 'drop_users', 'target_cols']
[2026-08-28 13:15:13,374][evaluation.evaluator][INFO] - skip complete run=/fslarge/scratch/users/h61084/codes/tsfm/outputs_selena/covariates/time-ecdc_covid_d_part01/30_7/ts_icl/identity/instance/keep/run_0
2026-08-28 13:15:14 | configuration dataset=time/ecdc_covid_d_part02 L=7 H=1 model=chronos2 covariates=none instance_norm=true remove_constant=false seed=1 batch_size=64
[2026-08-28 13:15:17,526][data.dataset][INFO] - dataset config path=/fssmall/home/h61084/codes/datasets/time/ecdc_covid_d_part02/config.json applied_keys=['date_col', 'drop_users', 'target_cols']
[2026-08-28 13:15:17,539][evaluation.evaluator][INFO] - skip complete run=/fslarge/scratch/users/h61084/codes/tsfm/outputs_selena/covariates/time-ecdc_covid_d_part02/7_1/chronos2/none/instance/keep/run_0
2026-08-28 13:15:19 | configuration dataset=time/ecdc_covid_d_part02 L=7 H=1 model=chronos2 covariates=identity instance_norm=true remove_constant=false seed=1 batch_size=64
[2026-08-28 13:15:21,689][data.dataset][INFO] - dataset config path=/fssmall/home/h61084/codes/datasets/time/ecdc_covid_d_part02/config.json applied_keys=['date_col', 'drop_users', 'target_cols']
[2026-08-28 13:15:21,701][evaluation.evaluator][INFO] - skip complete run=/fslarge/scratch/users/h61084/codes/tsfm/outputs_selena/covariates/time-ecdc_covid_d_part02/7_1/chronos2/identity/instance/keep/run_0
2026-08-28 13:15:23 | configuration dataset=time/ecdc_covid_d_part02 L=7 H=1 model=ts_icl covariates=none instance_norm=true remove_constant=false seed=1 batch_size=32
[2026-08-28 13:15:25,873][data.dataset][INFO] - dataset config path=/fssmall/home/h61084/codes/datasets/time/ecdc_covid_d_part02/config.json applied_keys=['date_col', 'drop_users', 'target_cols']
[2026-08-28 13:15:25,885][evaluation.evaluator][INFO] - skip complete run=/fslarge/scratch/users/h61084/codes/tsfm/outputs_selena/covariates/time-ecdc_covid_d_part02/7_1/ts_icl/none/instance/keep/run_0
2026-08-28 13:15:27 | configuration dataset=time/ecdc_covid_d_part02 L=7 H=1 model=ts_icl covariates=identity instance_norm=true remove_constant=false seed=1 batch_size=32
[2026-08-28 13:15:30,026][data.dataset][INFO] - dataset config path=/fssmall/home/h61084/codes/datasets/time/ecdc_covid_d_part02/config.json applied_keys=['date_col', 'drop_users', 'target_cols']
[2026-08-28 13:15:30,038][evaluation.evaluator][INFO] - skip complete run=/fslarge/scratch/users/h61084/codes/tsfm/outputs_selena/covariates/time-ecdc_covid_d_part02/7_1/ts_icl/identity/instance/keep/run_0
2026-08-28 13:15:31 | configuration dataset=time/ecdc_covid_d_part02 L=14 H=2 model=chronos2 covariates=none instance_norm=true remove_constant=false seed=1 batch_size=64
[2026-08-28 13:15:34,222][data.dataset][INFO] - dataset config path=/fssmall/home/h61084/codes/datasets/time/ecdc_covid_d_part02/config.json applied_keys=['date_col', 'drop_users', 'target_cols']
[2026-08-28 13:15:34,234][evaluation.evaluator][INFO] - skip complete run=/fslarge/scratch/users/h61084/codes/tsfm/outputs_selena/covariates/time-ecdc_covid_d_part02/14_2/chronos2/none/instance/keep/run_0
2026-08-28 13:15:35 | configuration dataset=time/ecdc_covid_d_part02 L=14 H=2 model=chronos2 covariates=identity instance_norm=true remove_constant=false seed=1 batch_size=64
[2026-08-28 13:15:38,428][data.dataset][INFO] - dataset config path=/fssmall/home/h61084/codes/datasets/time/ecdc_covid_d_part02/config.json applied_keys=['date_col', 'drop_users', 'target_cols']
[2026-08-28 13:15:38,441][evaluation.evaluator][INFO] - skip complete run=/fslarge/scratch/users/h61084/codes/tsfm/outputs_selena/covariates/time-ecdc_covid_d_part02/14_2/chronos2/identity/instance/keep/run_0
2026-08-28 13:15:39 | configuration dataset=time/ecdc_covid_d_part02 L=14 H=2 model=ts_icl covariates=none instance_norm=true remove_constant=false seed=1 batch_size=32
[2026-08-28 13:15:42,641][data.dataset][INFO] - dataset config path=/fssmall/home/h61084/codes/datasets/time/ecdc_covid_d_part02/config.json applied_keys=['date_col', 'drop_users', 'target_cols']
[2026-08-28 13:15:42,653][evaluation.evaluator][INFO] - skip complete run=/fslarge/scratch/users/h61084/codes/tsfm/outputs_selena/covariates/time-ecdc_covid_d_part02/14_2/ts_icl/none/instance/keep/run_0
2026-08-28 13:15:44 | configuration dataset=time/ecdc_covid_d_part02 L=14 H=2 model=ts_icl covariates=identity instance_norm=true remove_constant=false seed=1 batch_size=32
[2026-08-28 13:15:46,807][data.dataset][INFO] - dataset config path=/fssmall/home/h61084/codes/datasets/time/ecdc_covid_d_part02/config.json applied_keys=['date_col', 'drop_users', 'target_cols']
[2026-08-28 13:15:46,820][evaluation.evaluator][INFO] - skip complete run=/fslarge/scratch/users/h61084/codes/tsfm/outputs_selena/covariates/time-ecdc_covid_d_part02/14_2/ts_icl/identity/instance/keep/run_0
2026-08-28 13:15:48 | configuration dataset=time/ecdc_covid_d_part02 L=30 H=7 model=chronos2 covariates=none instance_norm=true remove_constant=false seed=1 batch_size=64
[2026-08-28 13:15:50,966][data.dataset][INFO] - dataset config path=/fssmall/home/h61084/codes/datasets/time/ecdc_covid_d_part02/config.json applied_keys=['date_col', 'drop_users', 'target_cols']
[2026-08-28 13:15:50,978][evaluation.evaluator][INFO] - skip complete run=/fslarge/scratch/users/h61084/codes/tsfm/outputs_selena/covariates/time-ecdc_covid_d_part02/30_7/chronos2/none/instance/keep/run_0
2026-08-28 13:15:52 | configuration dataset=time/ecdc_covid_d_part02 L=30 H=7 model=chronos2 covariates=identity instance_norm=true remove_constant=false seed=1 batch_size=64
[2026-08-28 13:15:55,142][data.dataset][INFO] - dataset config path=/fssmall/home/h61084/codes/datasets/time/ecdc_covid_d_part02/config.json applied_keys=['date_col', 'drop_users', 'target_cols']
[2026-08-28 13:15:55,154][evaluation.evaluator][INFO] - skip complete run=/fslarge/scratch/users/h61084/codes/tsfm/outputs_selena/covariates/time-ecdc_covid_d_part02/30_7/chronos2/identity/instance/keep/run_0
2026-08-28 13:15:56 | configuration dataset=time/ecdc_covid_d_part02 L=30 H=7 model=ts_icl covariates=none instance_norm=true remove_constant=false seed=1 batch_size=32
[2026-08-28 13:15:59,297][data.dataset][INFO] - dataset config path=/fssmall/home/h61084/codes/datasets/time/ecdc_covid_d_part02/config.json applied_keys=['date_col', 'drop_users', 'target_cols']
[2026-08-28 13:15:59,309][evaluation.evaluator][INFO] - skip complete run=/fslarge/scratch/users/h61084/codes/tsfm/outputs_selena/covariates/time-ecdc_covid_d_part02/30_7/ts_icl/none/instance/keep/run_0
2026-08-28 13:16:00 | configuration dataset=time/ecdc_covid_d_part02 L=30 H=7 model=ts_icl covariates=identity instance_norm=true remove_constant=false seed=1 batch_size=32
[2026-08-28 13:16:03,488][data.dataset][INFO] - dataset config path=/fssmall/home/h61084/codes/datasets/time/ecdc_covid_d_part02/config.json applied_keys=['date_col', 'drop_users', 'target_cols']
[2026-08-28 13:16:03,501][evaluation.evaluator][INFO] - skip complete run=/fslarge/scratch/users/h61084/codes/tsfm/outputs_selena/covariates/time-ecdc_covid_d_part02/30_7/ts_icl/identity/instance/keep/run_0
2026-08-28 13:16:05 | configuration dataset=time/ecdc_covid_d_part03 L=7 H=1 model=chronos2 covariates=none instance_norm=true remove_constant=false seed=1 batch_size=64
[2026-08-28 13:16:07,680][data.dataset][INFO] - dataset config path=/fssmall/home/h61084/codes/datasets/time/ecdc_covid_d_part03/config.json applied_keys=['date_col', 'drop_users', 'target_cols']
[2026-08-28 13:16:07,693][evaluation.evaluator][INFO] - skip complete run=/fslarge/scratch/users/h61084/codes/tsfm/outputs_selena/covariates/time-ecdc_covid_d_part03/7_1/chronos2/none/instance/keep/run_0
2026-08-28 13:16:09 | configuration dataset=time/ecdc_covid_d_part03 L=7 H=1 model=chronos2 covariates=identity instance_norm=true remove_constant=false seed=1 batch_size=64
[2026-08-28 13:16:11,877][data.dataset][INFO] - dataset config path=/fssmall/home/h61084/codes/datasets/time/ecdc_covid_d_part03/config.json applied_keys=['date_col', 'drop_users', 'target_cols']
[2026-08-28 13:16:11,890][evaluation.evaluator][INFO] - skip complete run=/fslarge/scratch/users/h61084/codes/tsfm/outputs_selena/covariates/time-ecdc_covid_d_part03/7_1/chronos2/identity/instance/keep/run_0
2026-08-28 13:16:13 | configuration dataset=time/ecdc_covid_d_part03 L=7 H=1 model=ts_icl covariates=none instance_norm=true remove_constant=false seed=1 batch_size=32
[2026-08-28 13:16:16,057][data.dataset][INFO] - dataset config path=/fssmall/home/h61084/codes/datasets/time/ecdc_covid_d_part03/config.json applied_keys=['date_col', 'drop_users', 'target_cols']
[2026-08-28 13:16:16,070][evaluation.evaluator][INFO] - skip complete run=/fslarge/scratch/users/h61084/codes/tsfm/outputs_selena/covariates/time-ecdc_covid_d_part03/7_1/ts_icl/none/instance/keep/run_0
2026-08-28 13:16:17 | configuration dataset=time/ecdc_covid_d_part03 L=7 H=1 model=ts_icl covariates=identity instance_norm=true remove_constant=false seed=1 batch_size=32
[2026-08-28 13:16:20,223][data.dataset][INFO] - dataset config path=/fssmall/home/h61084/codes/datasets/time/ecdc_covid_d_part03/config.json applied_keys=['date_col', 'drop_users', 'target_cols']
[2026-08-28 13:16:20,235][evaluation.evaluator][INFO] - skip complete run=/fslarge/scratch/users/h61084/codes/tsfm/outputs_selena/covariates/time-ecdc_covid_d_part03/7_1/ts_icl/identity/instance/keep/run_0
2026-08-28 13:16:21 | configuration dataset=time/ecdc_covid_d_part03 L=14 H=2 model=chronos2 covariates=none instance_norm=true remove_constant=false seed=1 batch_size=64
[2026-08-28 13:16:24,415][data.dataset][INFO] - dataset config path=/fssmall/home/h61084/codes/datasets/time/ecdc_covid_d_part03/config.json applied_keys=['date_col', 'drop_users', 'target_cols']
[2026-08-28 13:16:24,428][evaluation.evaluator][INFO] - skip complete run=/fslarge/scratch/users/h61084/codes/tsfm/outputs_selena/covariates/time-ecdc_covid_d_part03/14_2/chronos2/none/instance/keep/run_0
2026-08-28 13:16:25 | configuration dataset=time/ecdc_covid_d_part03 L=14 H=2 model=chronos2 covariates=identity instance_norm=true remove_constant=false seed=1 batch_size=64
[2026-08-28 13:16:28,577][data.dataset][INFO] - dataset config path=/fssmall/home/h61084/codes/datasets/time/ecdc_covid_d_part03/config.json applied_keys=['date_col', 'drop_users', 'target_cols']
[2026-08-28 13:16:28,589][evaluation.evaluator][INFO] - skip complete run=/fslarge/scratch/users/h61084/codes/tsfm/outputs_selena/covariates/time-ecdc_covid_d_part03/14_2/chronos2/identity/instance/keep/run_0
2026-08-28 13:16:30 | configuration dataset=time/ecdc_covid_d_part03 L=14 H=2 model=ts_icl covariates=none instance_norm=true remove_constant=false seed=1 batch_size=32
[2026-08-28 13:16:32,757][data.dataset][INFO] - dataset config path=/fssmall/home/h61084/codes/datasets/time/ecdc_covid_d_part03/config.json applied_keys=['date_col', 'drop_users', 'target_cols']
[2026-08-28 13:16:32,770][evaluation.evaluator][INFO] - skip complete run=/fslarge/scratch/users/h61084/codes/tsfm/outputs_selena/covariates/time-ecdc_covid_d_part03/14_2/ts_icl/none/instance/keep/run_0
2026-08-28 13:16:34 | configuration dataset=time/ecdc_covid_d_part03 L=14 H=2 model=ts_icl covariates=identity instance_norm=true remove_constant=false seed=1 batch_size=32
[2026-08-28 13:16:36,944][data.dataset][INFO] - dataset config path=/fssmall/home/h61084/codes/datasets/time/ecdc_covid_d_part03/config.json applied_keys=['date_col', 'drop_users', 'target_cols']
[2026-08-28 13:16:36,957][evaluation.evaluator][INFO] - skip complete run=/fslarge/scratch/users/h61084/codes/tsfm/outputs_selena/covariates/time-ecdc_covid_d_part03/14_2/ts_icl/identity/instance/keep/run_0
2026-08-28 13:16:38 | configuration dataset=time/ecdc_covid_d_part03 L=30 H=7 model=chronos2 covariates=none instance_norm=true remove_constant=false seed=1 batch_size=64
[2026-08-28 13:16:41,099][data.dataset][INFO] - dataset config path=/fssmall/home/h61084/codes/datasets/time/ecdc_covid_d_part03/config.json applied_keys=['date_col', 'drop_users', 'target_cols']
[2026-08-28 13:16:41,112][evaluation.evaluator][INFO] - skip complete run=/fslarge/scratch/users/h61084/codes/tsfm/outputs_selena/covariates/time-ecdc_covid_d_part03/30_7/chronos2/none/instance/keep/run_0
2026-08-28 13:16:42 | configuration dataset=time/ecdc_covid_d_part03 L=30 H=7 model=chronos2 covariates=identity instance_norm=true remove_constant=false seed=1 batch_size=64
[2026-08-28 13:16:45,266][data.dataset][INFO] - dataset config path=/fssmall/home/h61084/codes/datasets/time/ecdc_covid_d_part03/config.json applied_keys=['date_col', 'drop_users', 'target_cols']
[2026-08-28 13:16:45,279][evaluation.evaluator][INFO] - skip complete run=/fslarge/scratch/users/h61084/codes/tsfm/outputs_selena/covariates/time-ecdc_covid_d_part03/30_7/chronos2/identity/instance/keep/run_0
2026-08-28 13:16:46 | configuration dataset=time/ecdc_covid_d_part03 L=30 H=7 model=ts_icl covariates=none instance_norm=true remove_constant=false seed=1 batch_size=32
[2026-08-28 13:16:49,441][data.dataset][INFO] - dataset config path=/fssmall/home/h61084/codes/datasets/time/ecdc_covid_d_part03/config.json applied_keys=['date_col', 'drop_users', 'target_cols']
[2026-08-28 13:16:49,453][evaluation.evaluator][INFO] - skip complete run=/fslarge/scratch/users/h61084/codes/tsfm/outputs_selena/covariates/time-ecdc_covid_d_part03/30_7/ts_icl/none/instance/keep/run_0
2026-08-28 13:16:50 | configuration dataset=time/ecdc_covid_d_part03 L=30 H=7 model=ts_icl covariates=identity instance_norm=true remove_constant=false seed=1 batch_size=32
[2026-08-28 13:16:53,592][data.dataset][INFO] - dataset config path=/fssmall/home/h61084/codes/datasets/time/ecdc_covid_d_part03/config.json applied_keys=['date_col', 'drop_users', 'target_cols']
[2026-08-28 13:16:53,605][evaluation.evaluator][INFO] - skip complete run=/fslarge/scratch/users/h61084/codes/tsfm/outputs_selena/covariates/time-ecdc_covid_d_part03/30_7/ts_icl/identity/instance/keep/run_0
2026-08-28 13:16:55 | configuration dataset=time/ecdc_covid_d_part04 L=7 H=1 model=chronos2 covariates=none instance_norm=true remove_constant=false seed=1 batch_size=64
[2026-08-28 13:16:57,739][data.dataset][INFO] - dataset config path=/fssmall/home/h61084/codes/datasets/time/ecdc_covid_d_part04/config.json applied_keys=['date_col', 'drop_users', 'target_cols']
[2026-08-28 13:16:57,752][evaluation.evaluator][INFO] - skip complete run=/fslarge/scratch/users/h61084/codes/tsfm/outputs_selena/covariates/time-ecdc_covid_d_part04/7_1/chronos2/none/instance/keep/run_0
2026-08-28 13:16:59 | configuration dataset=time/ecdc_covid_d_part04 L=7 H=1 model=chronos2 covariates=identity instance_norm=true remove_constant=false seed=1 batch_size=64
[2026-08-28 13:17:01,880][data.dataset][INFO] - dataset config path=/fssmall/home/h61084/codes/datasets/time/ecdc_covid_d_part04/config.json applied_keys=['date_col', 'drop_users', 'target_cols']
[2026-08-28 13:17:01,894][evaluation.evaluator][INFO] - skip complete run=/fslarge/scratch/users/h61084/codes/tsfm/outputs_selena/covariates/time-ecdc_covid_d_part04/7_1/chronos2/identity/instance/keep/run_0
2026-08-28 13:17:03 | configuration dataset=time/ecdc_covid_d_part04 L=7 H=1 model=ts_icl covariates=none instance_norm=true remove_constant=false seed=1 batch_size=32
[2026-08-28 13:17:06,072][data.dataset][INFO] - dataset config path=/fssmall/home/h61084/codes/datasets/time/ecdc_covid_d_part04/config.json applied_keys=['date_col', 'drop_users', 'target_cols']
[2026-08-28 13:17:06,084][evaluation.evaluator][INFO] - skip complete run=/fslarge/scratch/users/h61084/codes/tsfm/outputs_selena/covariates/time-ecdc_covid_d_part04/7_1/ts_icl/none/instance/keep/run_0
2026-08-28 13:17:07 | configuration dataset=time/ecdc_covid_d_part04 L=7 H=1 model=ts_icl covariates=identity instance_norm=true remove_constant=false seed=1 batch_size=32
[2026-08-28 13:17:10,262][data.dataset][INFO] - dataset config path=/fssmall/home/h61084/codes/datasets/time/ecdc_covid_d_part04/config.json applied_keys=['date_col', 'drop_users', 'target_cols']
[2026-08-28 13:17:10,274][evaluation.evaluator][INFO] - skip complete run=/fslarge/scratch/users/h61084/codes/tsfm/outputs_selena/covariates/time-ecdc_covid_d_part04/7_1/ts_icl/identity/instance/keep/run_0
2026-08-28 13:17:11 | configuration dataset=time/ecdc_covid_d_part04 L=14 H=2 model=chronos2 covariates=none instance_norm=true remove_constant=false seed=1 batch_size=64
[2026-08-28 13:17:14,438][data.dataset][INFO] - dataset config path=/fssmall/home/h61084/codes/datasets/time/ecdc_covid_d_part04/config.json applied_keys=['date_col', 'drop_users', 'target_cols']
[2026-08-28 13:17:14,450][evaluation.evaluator][INFO] - skip complete run=/fslarge/scratch/users/h61084/codes/tsfm/outputs_selena/covariates/time-ecdc_covid_d_part04/14_2/chronos2/none/instance/keep/run_0
2026-08-28 13:17:15 | configuration dataset=time/ecdc_covid_d_part04 L=14 H=2 model=chronos2 covariates=identity instance_norm=true remove_constant=false seed=1 batch_size=64
[2026-08-28 13:17:18,667][data.dataset][INFO] - dataset config path=/fssmall/home/h61084/codes/datasets/time/ecdc_covid_d_part04/config.json applied_keys=['date_col', 'drop_users', 'target_cols']
[2026-08-28 13:17:18,679][evaluation.evaluator][INFO] - skip complete run=/fslarge/scratch/users/h61084/codes/tsfm/outputs_selena/covariates/time-ecdc_covid_d_part04/14_2/chronos2/identity/instance/keep/run_0
2026-08-28 13:17:20 | configuration dataset=time/ecdc_covid_d_part04 L=14 H=2 model=ts_icl covariates=none instance_norm=true remove_constant=false seed=1 batch_size=32
[2026-08-28 13:17:22,898][data.dataset][INFO] - dataset config path=/fssmall/home/h61084/codes/datasets/time/ecdc_covid_d_part04/config.json applied_keys=['date_col', 'drop_users', 'target_cols']
[2026-08-28 13:17:22,910][evaluation.evaluator][INFO] - skip complete run=/fslarge/scratch/users/h61084/codes/tsfm/outputs_selena/covariates/time-ecdc_covid_d_part04/14_2/ts_icl/none/instance/keep/run_0
2026-08-28 13:17:24 | configuration dataset=time/ecdc_covid_d_part04 L=14 H=2 model=ts_icl covariates=identity instance_norm=true remove_constant=false seed=1 batch_size=32
[2026-08-28 13:17:27,099][data.dataset][INFO] - dataset config path=/fssmall/home/h61084/codes/datasets/time/ecdc_covid_d_part04/config.json applied_keys=['date_col', 'drop_users', 'target_cols']
[2026-08-28 13:17:27,112][evaluation.evaluator][INFO] - skip complete run=/fslarge/scratch/users/h61084/codes/tsfm/outputs_selena/covariates/time-ecdc_covid_d_part04/14_2/ts_icl/identity/instance/keep/run_0
2026-08-28 13:17:28 | configuration dataset=time/ecdc_covid_d_part04 L=30 H=7 model=chronos2 covariates=none instance_norm=true remove_constant=false seed=1 batch_size=64
[2026-08-28 13:17:31,253][data.dataset][INFO] - dataset config path=/fssmall/home/h61084/codes/datasets/time/ecdc_covid_d_part04/config.json applied_keys=['date_col', 'drop_users', 'target_cols']
[2026-08-28 13:17:31,266][evaluation.evaluator][INFO] - skip complete run=/fslarge/scratch/users/h61084/codes/tsfm/outputs_selena/covariates/time-ecdc_covid_d_part04/30_7/chronos2/none/instance/keep/run_0
2026-08-28 13:17:32 | configuration dataset=time/ecdc_covid_d_part04 L=30 H=7 model=chronos2 covariates=identity instance_norm=true remove_constant=false seed=1 batch_size=64
[2026-08-28 13:17:35,436][data.dataset][INFO] - dataset config path=/fssmall/home/h61084/codes/datasets/time/ecdc_covid_d_part04/config.json applied_keys=['date_col', 'drop_users', 'target_cols']
[2026-08-28 13:17:35,449][evaluation.evaluator][INFO] - skip complete run=/fslarge/scratch/users/h61084/codes/tsfm/outputs_selena/covariates/time-ecdc_covid_d_part04/30_7/chronos2/identity/instance/keep/run_0
2026-08-28 13:17:36 | configuration dataset=time/ecdc_covid_d_part04 L=30 H=7 model=ts_icl covariates=none instance_norm=true remove_constant=false seed=1 batch_size=32
[2026-08-28 13:17:39,639][data.dataset][INFO] - dataset config path=/fssmall/home/h61084/codes/datasets/time/ecdc_covid_d_part04/config.json applied_keys=['date_col', 'drop_users', 'target_cols']
[2026-08-28 13:17:39,652][evaluation.evaluator][INFO] - skip complete run=/fslarge/scratch/users/h61084/codes/tsfm/outputs_selena/covariates/time-ecdc_covid_d_part04/30_7/ts_icl/none/instance/keep/run_0
2026-08-28 13:17:41 | configuration dataset=time/ecdc_covid_d_part04 L=30 H=7 model=ts_icl covariates=identity instance_norm=true remove_constant=false seed=1 batch_size=32
[2026-08-28 13:17:43,821][data.dataset][INFO] - dataset config path=/fssmall/home/h61084/codes/datasets/time/ecdc_covid_d_part04/config.json applied_keys=['date_col', 'drop_users', 'target_cols']
[2026-08-28 13:17:43,834][evaluation.evaluator][INFO] - skip complete run=/fslarge/scratch/users/h61084/codes/tsfm/outputs_selena/covariates/time-ecdc_covid_d_part04/30_7/ts_icl/identity/instance/keep/run_0
2026-08-28 13:17:45 | configuration dataset=time/ecdc_covid_d_part05 L=7 H=1 model=chronos2 covariates=none instance_norm=true remove_constant=false seed=1 batch_size=64
[2026-08-28 13:17:47,980][data.dataset][INFO] - dataset config path=/fssmall/home/h61084/codes/datasets/time/ecdc_covid_d_part05/config.json applied_keys=['date_col', 'drop_users', 'target_cols']
[2026-08-28 13:17:47,992][evaluation.evaluator][INFO] - skip complete run=/fslarge/scratch/users/h61084/codes/tsfm/outputs_selena/covariates/time-ecdc_covid_d_part05/7_1/chronos2/none/instance/keep/run_0
2026-08-28 13:17:49 | configuration dataset=time/ecdc_covid_d_part05 L=7 H=1 model=chronos2 covariates=identity instance_norm=true remove_constant=false seed=1 batch_size=64
[2026-08-28 13:17:52,135][data.dataset][INFO] - dataset config path=/fssmall/home/h61084/codes/datasets/time/ecdc_covid_d_part05/config.json applied_keys=['date_col', 'drop_users', 'target_cols']
[2026-08-28 13:17:52,148][evaluation.evaluator][INFO] - skip complete run=/fslarge/scratch/users/h61084/codes/tsfm/outputs_selena/covariates/time-ecdc_covid_d_part05/7_1/chronos2/identity/instance/keep/run_0
2026-08-28 13:17:53 | configuration dataset=time/ecdc_covid_d_part05 L=7 H=1 model=ts_icl covariates=none instance_norm=true remove_constant=false seed=1 batch_size=32
[2026-08-28 13:17:56,312][data.dataset][INFO] - dataset config path=/fssmall/home/h61084/codes/datasets/time/ecdc_covid_d_part05/config.json applied_keys=['date_col', 'drop_users', 'target_cols']
[2026-08-28 13:17:56,325][evaluation.evaluator][INFO] - skip complete run=/fslarge/scratch/users/h61084/codes/tsfm/outputs_selena/covariates/time-ecdc_covid_d_part05/7_1/ts_icl/none/instance/keep/run_0
2026-08-28 13:17:57 | configuration dataset=time/ecdc_covid_d_part05 L=7 H=1 model=ts_icl covariates=identity instance_norm=true remove_constant=false seed=1 batch_size=32
[2026-08-28 13:18:00,476][data.dataset][INFO] - dataset config path=/fssmall/home/h61084/codes/datasets/time/ecdc_covid_d_part05/config.json applied_keys=['date_col', 'drop_users', 'target_cols']
[2026-08-28 13:18:00,488][evaluation.evaluator][INFO] - skip complete run=/fslarge/scratch/users/h61084/codes/tsfm/outputs_selena/covariates/time-ecdc_covid_d_part05/7_1/ts_icl/identity/instance/keep/run_0
2026-08-28 13:18:02 | configuration dataset=time/ecdc_covid_d_part05 L=14 H=2 model=chronos2 covariates=none instance_norm=true remove_constant=false seed=1 batch_size=64
[2026-08-28 13:18:04,656][data.dataset][INFO] - dataset config path=/fssmall/home/h61084/codes/datasets/time/ecdc_covid_d_part05/config.json applied_keys=['date_col', 'drop_users', 'target_cols']
[2026-08-28 13:18:04,669][evaluation.evaluator][INFO] - skip complete run=/fslarge/scratch/users/h61084/codes/tsfm/outputs_selena/covariates/time-ecdc_covid_d_part05/14_2/chronos2/none/instance/keep/run_0
2026-08-28 13:18:06 | configuration dataset=time/ecdc_covid_d_part05 L=14 H=2 model=chronos2 covariates=identity instance_norm=true remove_constant=false seed=1 batch_size=64
[2026-08-28 13:18:08,794][data.dataset][INFO] - dataset config path=/fssmall/home/h61084/codes/datasets/time/ecdc_covid_d_part05/config.json applied_keys=['date_col', 'drop_users', 'target_cols']
[2026-08-28 13:18:08,807][evaluation.evaluator][INFO] - skip complete run=/fslarge/scratch/users/h61084/codes/tsfm/outputs_selena/covariates/time-ecdc_covid_d_part05/14_2/chronos2/identity/instance/keep/run_0
2026-08-28 13:18:10 | configuration dataset=time/ecdc_covid_d_part05 L=14 H=2 model=ts_icl covariates=none instance_norm=true remove_constant=false seed=1 batch_size=32
[2026-08-28 13:18:13,066][data.dataset][INFO] - dataset config path=/fssmall/home/h61084/codes/datasets/time/ecdc_covid_d_part05/config.json applied_keys=['date_col', 'drop_users', 'target_cols']
[2026-08-28 13:18:13,078][evaluation.evaluator][INFO] - skip complete run=/fslarge/scratch/users/h61084/codes/tsfm/outputs_selena/covariates/time-ecdc_covid_d_part05/14_2/ts_icl/none/instance/keep/run_0
2026-08-28 13:18:14 | configuration dataset=time/ecdc_covid_d_part05 L=14 H=2 model=ts_icl covariates=identity instance_norm=true remove_constant=false seed=1 batch_size=32
[2026-08-28 13:18:17,290][data.dataset][INFO] - dataset config path=/fssmall/home/h61084/codes/datasets/time/ecdc_covid_d_part05/config.json applied_keys=['date_col', 'drop_users', 'target_cols']
[2026-08-28 13:18:17,303][evaluation.evaluator][INFO] - skip complete run=/fslarge/scratch/users/h61084/codes/tsfm/outputs_selena/covariates/time-ecdc_covid_d_part05/14_2/ts_icl/identity/instance/keep/run_0
2026-08-28 13:18:18 | configuration dataset=time/ecdc_covid_d_part05 L=30 H=7 model=chronos2 covariates=none instance_norm=true remove_constant=false seed=1 batch_size=64
[2026-08-28 13:18:21,446][data.dataset][INFO] - dataset config path=/fssmall/home/h61084/codes/datasets/time/ecdc_covid_d_part05/config.json applied_keys=['date_col', 'drop_users', 'target_cols']
[2026-08-28 13:18:21,458][evaluation.evaluator][INFO] - skip complete run=/fslarge/scratch/users/h61084/codes/tsfm/outputs_selena/covariates/time-ecdc_covid_d_part05/30_7/chronos2/none/instance/keep/run_0
2026-08-28 13:18:23 | configuration dataset=time/ecdc_covid_d_part05 L=30 H=7 model=chronos2 covariates=identity instance_norm=true remove_constant=false seed=1 batch_size=64
[2026-08-28 13:18:25,853][data.dataset][INFO] - dataset config path=/fssmall/home/h61084/codes/datasets/time/ecdc_covid_d_part05/config.json applied_keys=['date_col', 'drop_users', 'target_cols']
[2026-08-28 13:18:25,865][evaluation.evaluator][INFO] - skip complete run=/fslarge/scratch/users/h61084/codes/tsfm/outputs_selena/covariates/time-ecdc_covid_d_part05/30_7/chronos2/identity/instance/keep/run_0
2026-08-28 13:18:27 | configuration dataset=time/ecdc_covid_d_part05 L=30 H=7 model=ts_icl covariates=none instance_norm=true remove_constant=false seed=1 batch_size=32
[2026-08-28 13:18:30,056][data.dataset][INFO] - dataset config path=/fssmall/home/h61084/codes/datasets/time/ecdc_covid_d_part05/config.json applied_keys=['date_col', 'drop_users', 'target_cols']
[2026-08-28 13:18:30,068][evaluation.evaluator][INFO] - skip complete run=/fslarge/scratch/users/h61084/codes/tsfm/outputs_selena/covariates/time-ecdc_covid_d_part05/30_7/ts_icl/none/instance/keep/run_0
2026-08-28 13:18:31 | configuration dataset=time/ecdc_covid_d_part05 L=30 H=7 model=ts_icl covariates=identity instance_norm=true remove_constant=false seed=1 batch_size=32
[2026-08-28 13:18:34,203][data.dataset][INFO] - dataset config path=/fssmall/home/h61084/codes/datasets/time/ecdc_covid_d_part05/config.json applied_keys=['date_col', 'drop_users', 'target_cols']
[2026-08-28 13:18:34,215][evaluation.evaluator][INFO] - skip complete run=/fslarge/scratch/users/h61084/codes/tsfm/outputs_selena/covariates/time-ecdc_covid_d_part05/30_7/ts_icl/identity/instance/keep/run_0
2026-08-28 13:18:35 | configuration dataset=time/ecdc_covid_d_part06 L=7 H=1 model=chronos2 covariates=none instance_norm=true remove_constant=false seed=1 batch_size=64
[2026-08-28 13:18:38,361][data.dataset][INFO] - dataset config path=/fssmall/home/h61084/codes/datasets/time/ecdc_covid_d_part06/config.json applied_keys=['date_col', 'drop_users', 'target_cols']
[2026-08-28 13:18:38,374][evaluation.evaluator][INFO] - skip complete run=/fslarge/scratch/users/h61084/codes/tsfm/outputs_selena/covariates/time-ecdc_covid_d_part06/7_1/chronos2/none/instance/keep/run_0
2026-08-28 13:18:39 | configuration dataset=time/ecdc_covid_d_part06 L=7 H=1 model=chronos2 covariates=identity instance_norm=true remove_constant=false seed=1 batch_size=64
[2026-08-28 13:18:42,510][data.dataset][INFO] - dataset config path=/fssmall/home/h61084/codes/datasets/time/ecdc_covid_d_part06/config.json applied_keys=['date_col', 'drop_users', 'target_cols']
[2026-08-28 13:18:42,523][evaluation.evaluator][INFO] - skip complete run=/fslarge/scratch/users/h61084/codes/tsfm/outputs_selena/covariates/time-ecdc_covid_d_part06/7_1/chronos2/identity/instance/keep/run_0
2026-08-28 13:18:44 | configuration dataset=time/ecdc_covid_d_part06 L=7 H=1 model=ts_icl covariates=none instance_norm=true remove_constant=false seed=1 batch_size=32
[2026-08-28 13:18:46,665][data.dataset][INFO] - dataset config path=/fssmall/home/h61084/codes/datasets/time/ecdc_covid_d_part06/config.json applied_keys=['date_col', 'drop_users', 'target_cols']
[2026-08-28 13:18:46,677][evaluation.evaluator][INFO] - skip complete run=/fslarge/scratch/users/h61084/codes/tsfm/outputs_selena/covariates/time-ecdc_covid_d_part06/7_1/ts_icl/none/instance/keep/run_0
2026-08-28 13:18:48 | configuration dataset=time/ecdc_covid_d_part06 L=7 H=1 model=ts_icl covariates=identity instance_norm=true remove_constant=false seed=1 batch_size=32
[2026-08-28 13:18:50,852][data.dataset][INFO] - dataset config path=/fssmall/home/h61084/codes/datasets/time/ecdc_covid_d_part06/config.json applied_keys=['date_col', 'drop_users', 'target_cols']
[2026-08-28 13:18:50,869][evaluation.evaluator][INFO] - evaluate dataset=time/ecdc_covid_d_part06 users=1 dates=1112 windows=3 removed_constant=0 L=7 H=1 stride=512
[2026-08-28 13:18:57,534][evaluation.evaluator][INFO] - artifacts ready run=/fslarge/scratch/users/h61084/codes/tsfm/outputs_selena/covariates/time-ecdc_covid_d_part06/7_1/ts_icl/identity/instance/keep/run_0 mse=65654 nmse=155.888 inference_seconds=5.078
2026-08-28 13:18:59 | configuration dataset=time/ecdc_covid_d_part06 L=14 H=2 model=chronos2 covariates=none instance_norm=true remove_constant=false seed=1 batch_size=64
[2026-08-28 13:19:02,582][data.dataset][INFO] - dataset config path=/fssmall/home/h61084/codes/datasets/time/ecdc_covid_d_part06/config.json applied_keys=['date_col', 'drop_users', 'target_cols']
[2026-08-28 13:19:02,600][evaluation.evaluator][INFO] - evaluate dataset=time/ecdc_covid_d_part06 users=1 dates=1112 windows=3 removed_constant=0 L=14 H=2 stride=512
[2026-08-28 13:19:13,323][evaluation.evaluator][INFO] - artifacts ready run=/fslarge/scratch/users/h61084/codes/tsfm/outputs_selena/covariates/time-ecdc_covid_d_part06/14_2/chronos2/none/instance/keep/run_0 mse=175.796 nmse=4.56586 inference_seconds=0.362
2026-08-28 13:19:15 | configuration dataset=time/ecdc_covid_d_part06 L=14 H=2 model=chronos2 covariates=identity instance_norm=true remove_constant=false seed=1 batch_size=64
[2026-08-28 13:19:17,914][data.dataset][INFO] - dataset config path=/fssmall/home/h61084/codes/datasets/time/ecdc_covid_d_part06/config.json applied_keys=['date_col', 'drop_users', 'target_cols']
[2026-08-28 13:19:17,931][evaluation.evaluator][INFO] - evaluate dataset=time/ecdc_covid_d_part06 users=1 dates=1112 windows=3 removed_constant=0 L=14 H=2 stride=512
[2026-08-28 13:19:23,751][evaluation.evaluator][INFO] - artifacts ready run=/fslarge/scratch/users/h61084/codes/tsfm/outputs_selena/covariates/time-ecdc_covid_d_part06/14_2/chronos2/identity/instance/keep/run_0 mse=174.159 nmse=3.7417 inference_seconds=0.195
2026-08-28 13:19:25 | configuration dataset=time/ecdc_covid_d_part06 L=14 H=2 model=ts_icl covariates=none instance_norm=true remove_constant=false seed=1 batch_size=32
[2026-08-28 13:19:28,358][data.dataset][INFO] - dataset config path=/fssmall/home/h61084/codes/datasets/time/ecdc_covid_d_part06/config.json applied_keys=['date_col', 'drop_users', 'target_cols']
[2026-08-28 13:19:28,376][evaluation.evaluator][INFO] - evaluate dataset=time/ecdc_covid_d_part06 users=1 dates=1112 windows=3 removed_constant=0 L=14 H=2 stride=512
[2026-08-28 13:19:30,785][evaluation.evaluator][INFO] - artifacts ready run=/fslarge/scratch/users/h61084/codes/tsfm/outputs_selena/covariates/time-ecdc_covid_d_part06/14_2/ts_icl/none/instance/keep/run_0 mse=175.736 nmse=6.30899 inference_seconds=1.570
2026-08-28 13:19:32 | configuration dataset=time/ecdc_covid_d_part06 L=14 H=2 model=ts_icl covariates=identity instance_norm=true remove_constant=false seed=1 batch_size=32
[2026-08-28 13:19:35,211][data.dataset][INFO] - dataset config path=/fssmall/home/h61084/codes/datasets/time/ecdc_covid_d_part06/config.json applied_keys=['date_col', 'drop_users', 'target_cols']
[2026-08-28 13:19:35,228][evaluation.evaluator][INFO] - evaluate dataset=time/ecdc_covid_d_part06 users=1 dates=1112 windows=3 removed_constant=0 L=14 H=2 stride=512
[2026-08-28 13:19:37,455][evaluation.evaluator][INFO] - artifacts ready run=/fslarge/scratch/users/h61084/codes/tsfm/outputs_selena/covariates/time-ecdc_covid_d_part06/14_2/ts_icl/identity/instance/keep/run_0 mse=129.145 nmse=5.20934 inference_seconds=1.382
2026-08-28 13:19:39 | configuration dataset=time/ecdc_covid_d_part06 L=30 H=7 model=chronos2 covariates=none instance_norm=true remove_constant=false seed=1 batch_size=64
[2026-08-28 13:19:41,843][data.dataset][INFO] - dataset config path=/fssmall/home/h61084/codes/datasets/time/ecdc_covid_d_part06/config.json applied_keys=['date_col', 'drop_users', 'target_cols']
[2026-08-28 13:19:41,860][evaluation.evaluator][INFO] - evaluate dataset=time/ecdc_covid_d_part06 users=1 dates=1112 windows=3 removed_constant=0 L=30 H=7 stride=512
[2026-08-28 13:19:47,684][evaluation.evaluator][INFO] - artifacts ready run=/fslarge/scratch/users/h61084/codes/tsfm/outputs_selena/covariates/time-ecdc_covid_d_part06/30_7/chronos2/none/instance/keep/run_0 mse=902.842 nmse=6.5054 inference_seconds=0.192
2026-08-28 13:19:49 | configuration dataset=time/ecdc_covid_d_part06 L=30 H=7 model=chronos2 covariates=identity instance_norm=true remove_constant=false seed=1 batch_size=64
[2026-08-28 13:19:52,305][data.dataset][INFO] - dataset config path=/fssmall/home/h61084/codes/datasets/time/ecdc_covid_d_part06/config.json applied_keys=['date_col', 'drop_users', 'target_cols']
[2026-08-28 13:19:52,322][evaluation.evaluator][INFO] - evaluate dataset=time/ecdc_covid_d_part06 users=1 dates=1112 windows=3 removed_constant=0 L=30 H=7 stride=512
[2026-08-28 13:19:58,183][evaluation.evaluator][INFO] - artifacts ready run=/fslarge/scratch/users/h61084/codes/tsfm/outputs_selena/covariates/time-ecdc_covid_d_part06/30_7/chronos2/identity/instance/keep/run_0 mse=260.541 nmse=1.35906 inference_seconds=0.202
2026-08-28 13:20:00 | configuration dataset=time/ecdc_covid_d_part06 L=30 H=7 model=ts_icl covariates=none instance_norm=true remove_constant=false seed=1 batch_size=32
[2026-08-28 13:20:02,772][data.dataset][INFO] - dataset config path=/fssmall/home/h61084/codes/datasets/time/ecdc_covid_d_part06/config.json applied_keys=['date_col', 'drop_users', 'target_cols']
[2026-08-28 13:20:02,789][evaluation.evaluator][INFO] - evaluate dataset=time/ecdc_covid_d_part06 users=1 dates=1112 windows=3 removed_constant=0 L=30 H=7 stride=512
[2026-08-28 13:20:05,365][evaluation.evaluator][INFO] - artifacts ready run=/fslarge/scratch/users/h61084/codes/tsfm/outputs_selena/covariates/time-ecdc_covid_d_part06/30_7/ts_icl/none/instance/keep/run_0 mse=1101.53 nmse=8.20659 inference_seconds=1.746
2026-08-28 13:20:07 | configuration dataset=time/ecdc_covid_d_part06 L=30 H=7 model=ts_icl covariates=identity instance_norm=true remove_constant=false seed=1 batch_size=32
[2026-08-28 13:20:09,813][data.dataset][INFO] - dataset config path=/fssmall/home/h61084/codes/datasets/time/ecdc_covid_d_part06/config.json applied_keys=['date_col', 'drop_users', 'target_cols']
[2026-08-28 13:20:09,830][evaluation.evaluator][INFO] - evaluate dataset=time/ecdc_covid_d_part06 users=1 dates=1112 windows=3 removed_constant=0 L=30 H=7 stride=512
[2026-08-28 13:20:12,013][evaluation.evaluator][INFO] - artifacts ready run=/fslarge/scratch/users/h61084/codes/tsfm/outputs_selena/covariates/time-ecdc_covid_d_part06/30_7/ts_icl/identity/instance/keep/run_0 mse=926.058 nmse=7.51957 inference_seconds=1.342
2026-08-28 13:20:13 | configuration dataset=time/ecdc_covid_d_part07 L=7 H=1 model=chronos2 covariates=none instance_norm=true remove_constant=false seed=1 batch_size=64
[2026-08-28 13:20:16,482][data.dataset][INFO] - dataset config path=/fssmall/home/h61084/codes/datasets/time/ecdc_covid_d_part07/config.json applied_keys=['date_col', 'drop_users', 'target_cols']
[2026-08-28 13:20:16,501][evaluation.evaluator][INFO] - evaluate dataset=time/ecdc_covid_d_part07 users=1 dates=1117 windows=3 removed_constant=0 L=7 H=1 stride=512
[2026-08-28 13:20:22,367][evaluation.evaluator][INFO] - artifacts ready run=/fslarge/scratch/users/h61084/codes/tsfm/outputs_selena/covariates/time-ecdc_covid_d_part07/7_1/chronos2/none/instance/keep/run_0 mse=25.4656 nmse=1.69912 inference_seconds=0.192
2026-08-28 13:20:24 | configuration dataset=time/ecdc_covid_d_part07 L=7 H=1 model=chronos2 covariates=identity instance_norm=true remove_constant=false seed=1 batch_size=64
[2026-08-28 13:20:26,990][data.dataset][INFO] - dataset config path=/fssmall/home/h61084/codes/datasets/time/ecdc_covid_d_part07/config.json applied_keys=['date_col', 'drop_users', 'target_cols']
[2026-08-28 13:20:27,010][evaluation.evaluator][INFO] - evaluate dataset=time/ecdc_covid_d_part07 users=1 dates=1117 windows=3 removed_constant=0 L=7 H=1 stride=512
[2026-08-28 13:20:32,839][evaluation.evaluator][INFO] - artifacts ready run=/fslarge/scratch/users/h61084/codes/tsfm/outputs_selena/covariates/time-ecdc_covid_d_part07/7_1/chronos2/identity/instance/keep/run_0 mse=24.5434 nmse=1.53805 inference_seconds=0.196
2026-08-28 13:20:34 | configuration dataset=time/ecdc_covid_d_part07 L=7 H=1 model=ts_icl covariates=none instance_norm=true remove_constant=false seed=1 batch_size=32
[2026-08-28 13:20:37,499][data.dataset][INFO] - dataset config path=/fssmall/home/h61084/codes/datasets/time/ecdc_covid_d_part07/config.json applied_keys=['date_col', 'drop_users', 'target_cols']
[2026-08-28 13:20:37,516][evaluation.evaluator][INFO] - evaluate dataset=time/ecdc_covid_d_part07 users=1 dates=1117 windows=3 removed_constant=0 L=7 H=1 stride=512
[2026-08-28 13:20:39,795][evaluation.evaluator][INFO] - artifacts ready run=/fslarge/scratch/users/h61084/codes/tsfm/outputs_selena/covariates/time-ecdc_covid_d_part07/7_1/ts_icl/none/instance/keep/run_0 mse=18.7527 nmse=0.847793 inference_seconds=1.335
2026-08-28 13:20:41 | configuration dataset=time/ecdc_covid_d_part07 L=7 H=1 model=ts_icl covariates=identity instance_norm=true remove_constant=false seed=1 batch_size=32
[2026-08-28 13:20:44,237][data.dataset][INFO] - dataset config path=/fssmall/home/h61084/codes/datasets/time/ecdc_covid_d_part07/config.json applied_keys=['date_col', 'drop_users', 'target_cols']
[2026-08-28 13:20:44,257][evaluation.evaluator][INFO] - evaluate dataset=time/ecdc_covid_d_part07 users=1 dates=1117 windows=3 removed_constant=0 L=7 H=1 stride=512
[2026-08-28 13:20:46,443][evaluation.evaluator][INFO] - artifacts ready run=/fslarge/scratch/users/h61084/codes/tsfm/outputs_selena/covariates/time-ecdc_covid_d_part07/7_1/ts_icl/identity/instance/keep/run_0 mse=62.5216 nmse=1.73093 inference_seconds=1.352
2026-08-28 13:20:48 | configuration dataset=time/ecdc_covid_d_part07 L=14 H=2 model=chronos2 covariates=none instance_norm=true remove_constant=false seed=1 batch_size=64
[2026-08-28 13:20:50,907][data.dataset][INFO] - dataset config path=/fssmall/home/h61084/codes/datasets/time/ecdc_covid_d_part07/config.json applied_keys=['date_col', 'drop_users', 'target_cols']
[2026-08-28 13:20:50,924][evaluation.evaluator][INFO] - evaluate dataset=time/ecdc_covid_d_part07 users=1 dates=1117 windows=3 removed_constant=0 L=14 H=2 stride=512
[2026-08-28 13:20:56,743][evaluation.evaluator][INFO] - artifacts ready run=/fslarge/scratch/users/h61084/codes/tsfm/outputs_selena/covariates/time-ecdc_covid_d_part07/14_2/chronos2/none/instance/keep/run_0 mse=134.925 nmse=5.53293 inference_seconds=0.193
2026-08-28 13:20:58 | configuration dataset=time/ecdc_covid_d_part07 L=14 H=2 model=chronos2 covariates=identity instance_norm=true remove_constant=false seed=1 batch_size=64
[2026-08-28 13:21:01,337][data.dataset][INFO] - dataset config path=/fssmall/home/h61084/codes/datasets/time/ecdc_covid_d_part07/config.json applied_keys=['date_col', 'drop_users', 'target_cols']
[2026-08-28 13:21:01,353][evaluation.evaluator][INFO] - evaluate dataset=time/ecdc_covid_d_part07 users=1 dates=1117 windows=3 removed_constant=0 L=14 H=2 stride=512
[2026-08-28 13:21:07,204][evaluation.evaluator][INFO] - artifacts ready run=/fslarge/scratch/users/h61084/codes/tsfm/outputs_selena/covariates/time-ecdc_covid_d_part07/14_2/chronos2/identity/instance/keep/run_0 mse=112.277 nmse=4.67903 inference_seconds=0.195
2026-08-28 13:21:09 | configuration dataset=time/ecdc_covid_d_part07 L=14 H=2 model=ts_icl covariates=none instance_norm=true remove_constant=false seed=1 batch_size=32
[2026-08-28 13:21:11,842][data.dataset][INFO] - dataset config path=/fssmall/home/h61084/codes/datasets/time/ecdc_covid_d_part07/config.json applied_keys=['date_col', 'drop_users', 'target_cols']
[2026-08-28 13:21:11,861][evaluation.evaluator][INFO] - evaluate dataset=time/ecdc_covid_d_part07 users=1 dates=1117 windows=3 removed_constant=0 L=14 H=2 stride=512
[2026-08-28 13:21:14,392][evaluation.evaluator][INFO] - artifacts ready run=/fslarge/scratch/users/h61084/codes/tsfm/outputs_selena/covariates/time-ecdc_covid_d_part07/14_2/ts_icl/none/instance/keep/run_0 mse=200.464 nmse=6.67666 inference_seconds=1.692
2026-08-28 13:21:16 | configuration dataset=time/ecdc_covid_d_part07 L=14 H=2 model=ts_icl covariates=identity instance_norm=true remove_constant=false seed=1 batch_size=32
[2026-08-28 13:21:18,827][data.dataset][INFO] - dataset config path=/fssmall/home/h61084/codes/datasets/time/ecdc_covid_d_part07/config.json applied_keys=['date_col', 'drop_users', 'target_cols']
[2026-08-28 13:21:18,845][evaluation.evaluator][INFO] - evaluate dataset=time/ecdc_covid_d_part07 users=1 dates=1117 windows=3 removed_constant=0 L=14 H=2 stride=512
[2026-08-28 13:21:21,192][evaluation.evaluator][INFO] - artifacts ready run=/fslarge/scratch/users/h61084/codes/tsfm/outputs_selena/covariates/time-ecdc_covid_d_part07/14_2/ts_icl/identity/instance/keep/run_0 mse=320.104 nmse=6.47626 inference_seconds=1.488
2026-08-28 13:21:22 | configuration dataset=time/ecdc_covid_d_part07 L=30 H=7 model=chronos2 covariates=none instance_norm=true remove_constant=false seed=1 batch_size=64
[2026-08-28 13:21:25,691][data.dataset][INFO] - dataset config path=/fssmall/home/h61084/codes/datasets/time/ecdc_covid_d_part07/config.json applied_keys=['date_col', 'drop_users', 'target_cols']
[2026-08-28 13:21:25,709][evaluation.evaluator][INFO] - evaluate dataset=time/ecdc_covid_d_part07 users=1 dates=1117 windows=3 removed_constant=0 L=30 H=7 stride=512
[2026-08-28 13:21:31,563][evaluation.evaluator][INFO] - artifacts ready run=/fslarge/scratch/users/h61084/codes/tsfm/outputs_selena/covariates/time-ecdc_covid_d_part07/30_7/chronos2/none/instance/keep/run_0 mse=510.201 nmse=0.381175 inference_seconds=0.196
2026-08-28 13:21:33 | configuration dataset=time/ecdc_covid_d_part07 L=30 H=7 model=chronos2 covariates=identity instance_norm=true remove_constant=false seed=1 batch_size=64
[2026-08-28 13:21:36,207][data.dataset][INFO] - dataset config path=/fssmall/home/h61084/codes/datasets/time/ecdc_covid_d_part07/config.json applied_keys=['date_col', 'drop_users', 'target_cols']
[2026-08-28 13:21:36,224][evaluation.evaluator][INFO] - evaluate dataset=time/ecdc_covid_d_part07 users=1 dates=1117 windows=3 removed_constant=0 L=30 H=7 stride=512
[2026-08-28 13:21:42,073][evaluation.evaluator][INFO] - artifacts ready run=/fslarge/scratch/users/h61084/codes/tsfm/outputs_selena/covariates/time-ecdc_covid_d_part07/30_7/chronos2/identity/instance/keep/run_0 mse=295.501 nmse=0.238171 inference_seconds=0.195
2026-08-28 13:21:44 | configuration dataset=time/ecdc_covid_d_part07 L=30 H=7 model=ts_icl covariates=none instance_norm=true remove_constant=false seed=1 batch_size=32
[2026-08-28 13:21:46,691][data.dataset][INFO] - dataset config path=/fssmall/home/h61084/codes/datasets/time/ecdc_covid_d_part07/config.json applied_keys=['date_col', 'drop_users', 'target_cols']
[2026-08-28 13:21:46,708][evaluation.evaluator][INFO] - evaluate dataset=time/ecdc_covid_d_part07 users=1 dates=1117 windows=3 removed_constant=0 L=30 H=7 stride=512
[2026-08-28 13:21:48,895][evaluation.evaluator][INFO] - artifacts ready run=/fslarge/scratch/users/h61084/codes/tsfm/outputs_selena/covariates/time-ecdc_covid_d_part07/30_7/ts_icl/none/instance/keep/run_0 mse=741.498 nmse=0.552591 inference_seconds=1.337
2026-08-28 13:21:50 | configuration dataset=time/ecdc_covid_d_part07 L=30 H=7 model=ts_icl covariates=identity instance_norm=true remove_constant=false seed=1 batch_size=32
[2026-08-28 13:21:53,394][data.dataset][INFO] - dataset config path=/fssmall/home/h61084/codes/datasets/time/ecdc_covid_d_part07/config.json applied_keys=['date_col', 'drop_users', 'target_cols']
[2026-08-28 13:21:53,412][evaluation.evaluator][INFO] - evaluate dataset=time/ecdc_covid_d_part07 users=1 dates=1117 windows=3 removed_constant=0 L=30 H=7 stride=512
[2026-08-28 13:21:55,752][evaluation.evaluator][INFO] - artifacts ready run=/fslarge/scratch/users/h61084/codes/tsfm/outputs_selena/covariates/time-ecdc_covid_d_part07/30_7/ts_icl/identity/instance/keep/run_0 mse=1415.33 nmse=0.854088 inference_seconds=1.504
2026-08-28 13:21:57 | configuration dataset=time/ne_china_wind_h L=168 H=24 model=chronos2 covariates=none instance_norm=true remove_constant=false seed=1 batch_size=64
[2026-08-28 13:22:00,230][data.dataset][INFO] - dataset config path=/fssmall/home/h61084/codes/datasets/time/ne_china_wind_h/config.json applied_keys=['date_col', 'drop_users', 'target_cols']
[2026-08-28 13:22:00,256][evaluation.evaluator][INFO] - evaluate dataset=time/ne_china_wind_h users=4 dates=8764 windows=68 removed_constant=0 L=168 H=24 stride=512
[2026-08-28 13:22:06,666][evaluation.evaluator][INFO] - artifacts ready run=/fslarge/scratch/users/h61084/codes/tsfm/outputs_selena/covariates/time-ne_china_wind_h/168_24/chronos2/none/instance/keep/run_0 mse=0.25802 nmse=1.12783 inference_seconds=0.214
2026-08-28 13:22:08 | configuration dataset=time/ne_china_wind_h L=168 H=24 model=chronos2 covariates=identity instance_norm=true remove_constant=false seed=1 batch_size=64
[2026-08-28 13:22:11,312][data.dataset][INFO] - dataset config path=/fssmall/home/h61084/codes/datasets/time/ne_china_wind_h/config.json applied_keys=['date_col', 'drop_users', 'target_cols']
[2026-08-28 13:22:11,336][evaluation.evaluator][INFO] - evaluate dataset=time/ne_china_wind_h users=4 dates=8764 windows=68 removed_constant=0 L=168 H=24 stride=512
[2026-08-28 13:22:17,228][evaluation.evaluator][INFO] - artifacts ready run=/fslarge/scratch/users/h61084/codes/tsfm/outputs_selena/covariates/time-ne_china_wind_h/168_24/chronos2/identity/instance/keep/run_0 mse=0.00235636 nmse=0.0123506 inference_seconds=0.227
2026-08-28 13:22:19 | configuration dataset=time/ne_china_wind_h L=168 H=24 model=ts_icl covariates=none instance_norm=true remove_constant=false seed=1 batch_size=32
[2026-08-28 13:22:21,873][data.dataset][INFO] - dataset config path=/fssmall/home/h61084/codes/datasets/time/ne_china_wind_h/config.json applied_keys=['date_col', 'drop_users', 'target_cols']
[2026-08-28 13:22:21,898][evaluation.evaluator][INFO] - evaluate dataset=time/ne_china_wind_h users=4 dates=8764 windows=68 removed_constant=0 L=168 H=24 stride=512
[2026-08-28 13:22:24,211][evaluation.evaluator][INFO] - artifacts ready run=/fslarge/scratch/users/h61084/codes/tsfm/outputs_selena/covariates/time-ne_china_wind_h/168_24/ts_icl/none/instance/keep/run_0 mse=0.244812 nmse=1.11839 inference_seconds=1.450
2026-08-28 13:22:26 | configuration dataset=time/ne_china_wind_h L=168 H=24 model=ts_icl covariates=identity instance_norm=true remove_constant=false seed=1 batch_size=32
[2026-08-28 13:22:28,687][data.dataset][INFO] - dataset config path=/fssmall/home/h61084/codes/datasets/time/ne_china_wind_h/config.json applied_keys=['date_col', 'drop_users', 'target_cols']
[2026-08-28 13:22:28,711][evaluation.evaluator][INFO] - evaluate dataset=time/ne_china_wind_h users=4 dates=8764 windows=68 removed_constant=0 L=168 H=24 stride=512
[2026-08-28 13:22:31,660][evaluation.evaluator][INFO] - artifacts ready run=/fslarge/scratch/users/h61084/codes/tsfm/outputs_selena/covariates/time-ne_china_wind_h/168_24/ts_icl/identity/instance/keep/run_0 mse=0.00551514 nmse=0.0299696 inference_seconds=2.093
2026-08-28 13:22:33 | configuration dataset=time/ne_china_wind_h L=336 H=48 model=chronos2 covariates=none instance_norm=true remove_constant=false seed=1 batch_size=64
[2026-08-28 13:22:36,144][data.dataset][INFO] - dataset config path=/fssmall/home/h61084/codes/datasets/time/ne_china_wind_h/config.json applied_keys=['date_col', 'drop_users', 'target_cols']
[2026-08-28 13:22:36,168][evaluation.evaluator][INFO] - evaluate dataset=time/ne_china_wind_h users=4 dates=8764 windows=68 removed_constant=0 L=336 H=48 stride=512
[2026-08-28 13:22:42,078][evaluation.evaluator][INFO] - artifacts ready run=/fslarge/scratch/users/h61084/codes/tsfm/outputs_selena/covariates/time-ne_china_wind_h/336_48/chronos2/none/instance/keep/run_0 mse=0.236643 nmse=1.13872 inference_seconds=0.217
2026-08-28 13:22:44 | configuration dataset=time/ne_china_wind_h L=336 H=48 model=chronos2 covariates=identity instance_norm=true remove_constant=false seed=1 batch_size=64
[2026-08-28 13:22:46,750][data.dataset][INFO] - dataset config path=/fssmall/home/h61084/codes/datasets/time/ne_china_wind_h/config.json applied_keys=['date_col', 'drop_users', 'target_cols']
[2026-08-28 13:22:46,773][evaluation.evaluator][INFO] - evaluate dataset=time/ne_china_wind_h users=4 dates=8764 windows=68 removed_constant=0 L=336 H=48 stride=512
[2026-08-28 13:22:52,676][evaluation.evaluator][INFO] - artifacts ready run=/fslarge/scratch/users/h61084/codes/tsfm/outputs_selena/covariates/time-ne_china_wind_h/336_48/chronos2/identity/instance/keep/run_0 mse=0.00116549 nmse=0.00501739 inference_seconds=0.227
2026-08-28 13:22:54 | configuration dataset=time/ne_china_wind_h L=336 H=48 model=ts_icl covariates=none instance_norm=true remove_constant=false seed=1 batch_size=32
[2026-08-28 13:22:57,351][data.dataset][INFO] - dataset config path=/fssmall/home/h61084/codes/datasets/time/ne_china_wind_h/config.json applied_keys=['date_col', 'drop_users', 'target_cols']
[2026-08-28 13:22:57,375][evaluation.evaluator][INFO] - evaluate dataset=time/ne_china_wind_h users=4 dates=8764 windows=68 removed_constant=0 L=336 H=48 stride=512
[2026-08-28 13:22:59,657][evaluation.evaluator][INFO] - artifacts ready run=/fslarge/scratch/users/h61084/codes/tsfm/outputs_selena/covariates/time-ne_china_wind_h/336_48/ts_icl/none/instance/keep/run_0 mse=0.243967 nmse=1.19855 inference_seconds=1.447
2026-08-28 13:23:01 | configuration dataset=time/ne_china_wind_h L=336 H=48 model=ts_icl covariates=identity instance_norm=true remove_constant=false seed=1 batch_size=32
[2026-08-28 13:23:04,147][data.dataset][INFO] - dataset config path=/fssmall/home/h61084/codes/datasets/time/ne_china_wind_h/config.json applied_keys=['date_col', 'drop_users', 'target_cols']
[2026-08-28 13:23:04,172][evaluation.evaluator][INFO] - evaluate dataset=time/ne_china_wind_h users=4 dates=8764 windows=68 removed_constant=0 L=336 H=48 stride=512
[2026-08-28 13:23:06,473][evaluation.evaluator][INFO] - artifacts ready run=/fslarge/scratch/users/h61084/codes/tsfm/outputs_selena/covariates/time-ne_china_wind_h/336_48/ts_icl/identity/instance/keep/run_0 mse=0.00147102 nmse=0.0159638 inference_seconds=1.470
2026-08-28 13:23:08 | configuration dataset=time/ne_china_wind_h L=504 H=168 model=chronos2 covariates=none instance_norm=true remove_constant=false seed=1 batch_size=64
[2026-08-28 13:23:10,996][data.dataset][INFO] - dataset config path=/fssmall/home/h61084/codes/datasets/time/ne_china_wind_h/config.json applied_keys=['date_col', 'drop_users', 'target_cols']
[2026-08-28 13:23:11,020][evaluation.evaluator][INFO] - evaluate dataset=time/ne_china_wind_h users=4 dates=8764 windows=64 removed_constant=0 L=504 H=168 stride=512
[2026-08-28 13:23:16,851][evaluation.evaluator][INFO] - artifacts ready run=/fslarge/scratch/users/h61084/codes/tsfm/outputs_selena/covariates/time-ne_china_wind_h/504_168/chronos2/none/instance/keep/run_0 mse=0.439599 nmse=1.34587 inference_seconds=0.197
2026-08-28 13:23:18 | configuration dataset=time/ne_china_wind_h L=504 H=168 model=chronos2 covariates=identity instance_norm=true remove_constant=false seed=1 batch_size=64
[2026-08-28 13:23:21,490][data.dataset][INFO] - dataset config path=/fssmall/home/h61084/codes/datasets/time/ne_china_wind_h/config.json applied_keys=['date_col', 'drop_users', 'target_cols']
[2026-08-28 13:23:21,514][evaluation.evaluator][INFO] - evaluate dataset=time/ne_china_wind_h users=4 dates=8764 windows=64 removed_constant=0 L=504 H=168 stride=512
[2026-08-28 13:23:27,388][evaluation.evaluator][INFO] - artifacts ready run=/fslarge/scratch/users/h61084/codes/tsfm/outputs_selena/covariates/time-ne_china_wind_h/504_168/chronos2/identity/instance/keep/run_0 mse=0.00180043 nmse=0.00642903 inference_seconds=0.219
2026-08-28 13:23:29 | configuration dataset=time/ne_china_wind_h L=504 H=168 model=ts_icl covariates=none instance_norm=true remove_constant=false seed=1 batch_size=32
[2026-08-28 13:23:32,047][data.dataset][INFO] - dataset config path=/fssmall/home/h61084/codes/datasets/time/ne_china_wind_h/config.json applied_keys=['date_col', 'drop_users', 'target_cols']
[2026-08-28 13:23:32,070][evaluation.evaluator][INFO] - evaluate dataset=time/ne_china_wind_h users=4 dates=8764 windows=64 removed_constant=0 L=504 H=168 stride=512
[2026-08-28 13:23:34,418][evaluation.evaluator][INFO] - artifacts ready run=/fslarge/scratch/users/h61084/codes/tsfm/outputs_selena/covariates/time-ne_china_wind_h/504_168/ts_icl/none/instance/keep/run_0 mse=0.445328 nmse=1.38261 inference_seconds=1.511
2026-08-28 13:23:36 | configuration dataset=time/ne_china_wind_h L=504 H=168 model=ts_icl covariates=identity instance_norm=true remove_constant=false seed=1 batch_size=32
[2026-08-28 13:23:38,909][data.dataset][INFO] - dataset config path=/fssmall/home/h61084/codes/datasets/time/ne_china_wind_h/config.json applied_keys=['date_col', 'drop_users', 'target_cols']
[2026-08-28 13:23:38,933][evaluation.evaluator][INFO] - evaluate dataset=time/ne_china_wind_h users=4 dates=8764 windows=64 removed_constant=0 L=504 H=168 stride=512
[2026-08-28 13:23:41,262][evaluation.evaluator][INFO] - artifacts ready run=/fslarge/scratch/users/h61084/codes/tsfm/outputs_selena/covariates/time-ne_china_wind_h/504_168/ts_icl/identity/instance/keep/run_0 mse=0.00024633 nmse=0.00103696 inference_seconds=1.489
2026-08-28 13:23:43 | configuration dataset=time/online_retail_2_uci_d L=7 H=1 model=chronos2 covariates=none instance_norm=true remove_constant=false seed=1 batch_size=64
[2026-08-28 13:23:45,745][data.dataset][INFO] - dataset config path=/fssmall/home/h61084/codes/datasets/time/online_retail_2_uci_d/config.json applied_keys=['date_col', 'drop_users', 'target_cols']
[2026-08-28 13:23:45,764][evaluation.evaluator][INFO] - evaluate dataset=time/online_retail_2_uci_d users=1 dates=739 windows=2 removed_constant=0 L=7 H=1 stride=512
[2026-08-28 13:23:51,560][evaluation.evaluator][INFO] - artifacts ready run=/fslarge/scratch/users/h61084/codes/tsfm/outputs_selena/covariates/time-online_retail_2_uci_d/7_1/chronos2/none/instance/keep/run_0 mse=273513 nmse=0.000659573 inference_seconds=0.191
2026-08-28 13:23:53 | configuration dataset=time/online_retail_2_uci_d L=7 H=1 model=chronos2 covariates=identity instance_norm=true remove_constant=false seed=1 batch_size=64
[2026-08-28 13:23:56,252][data.dataset][INFO] - dataset config path=/fssmall/home/h61084/codes/datasets/time/online_retail_2_uci_d/config.json applied_keys=['date_col', 'drop_users', 'target_cols']
[2026-08-28 13:23:56,269][evaluation.evaluator][INFO] - evaluate dataset=time/online_retail_2_uci_d users=1 dates=739 windows=2 removed_constant=0 L=7 H=1 stride=512
[2026-08-28 13:24:02,084][evaluation.evaluator][INFO] - artifacts ready run=/fslarge/scratch/users/h61084/codes/tsfm/outputs_selena/covariates/time-online_retail_2_uci_d/7_1/chronos2/identity/instance/keep/run_0 mse=1.13252e+06 nmse=0.00403656 inference_seconds=0.196
2026-08-28 13:24:04 | configuration dataset=time/online_retail_2_uci_d L=7 H=1 model=ts_icl covariates=none instance_norm=true remove_constant=false seed=1 batch_size=32
[2026-08-28 13:24:06,780][data.dataset][INFO] - dataset config path=/fssmall/home/h61084/codes/datasets/time/online_retail_2_uci_d/config.json applied_keys=['date_col', 'drop_users', 'target_cols']
[2026-08-28 13:24:06,797][evaluation.evaluator][INFO] - evaluate dataset=time/online_retail_2_uci_d users=1 dates=739 windows=2 removed_constant=0 L=7 H=1 stride=512
[2026-08-28 13:24:08,983][evaluation.evaluator][INFO] - artifacts ready run=/fslarge/scratch/users/h61084/codes/tsfm/outputs_selena/covariates/time-online_retail_2_uci_d/7_1/ts_icl/none/instance/keep/run_0 mse=2.76615e+08 nmse=1.12782 inference_seconds=1.333
2026-08-28 13:24:10 | configuration dataset=time/online_retail_2_uci_d L=7 H=1 model=ts_icl covariates=identity instance_norm=true remove_constant=false seed=1 batch_size=32
[2026-08-28 13:24:13,513][data.dataset][INFO] - dataset config path=/fssmall/home/h61084/codes/datasets/time/online_retail_2_uci_d/config.json applied_keys=['date_col', 'drop_users', 'target_cols']
[2026-08-28 13:24:13,530][evaluation.evaluator][INFO] - evaluate dataset=time/online_retail_2_uci_d users=1 dates=739 windows=2 removed_constant=0 L=7 H=1 stride=512
[2026-08-28 13:24:15,724][evaluation.evaluator][INFO] - artifacts ready run=/fslarge/scratch/users/h61084/codes/tsfm/outputs_selena/covariates/time-online_retail_2_uci_d/7_1/ts_icl/identity/instance/keep/run_0 mse=1.77157e+08 nmse=0.821039 inference_seconds=1.354
2026-08-28 13:24:17 | configuration dataset=time/online_retail_2_uci_d L=14 H=2 model=chronos2 covariates=none instance_norm=true remove_constant=false seed=1 batch_size=64
[2026-08-28 13:24:20,243][data.dataset][INFO] - dataset config path=/fssmall/home/h61084/codes/datasets/time/online_retail_2_uci_d/config.json applied_keys=['date_col', 'drop_users', 'target_cols']
[2026-08-28 13:24:20,261][evaluation.evaluator][INFO] - evaluate dataset=time/online_retail_2_uci_d users=1 dates=739 windows=2 removed_constant=0 L=14 H=2 stride=512
[2026-08-28 13:24:26,064][evaluation.evaluator][INFO] - artifacts ready run=/fslarge/scratch/users/h61084/codes/tsfm/outputs_selena/covariates/time-online_retail_2_uci_d/14_2/chronos2/none/instance/keep/run_0 mse=4.08339e+08 nmse=1.39018 inference_seconds=0.190
2026-08-28 13:24:28 | configuration dataset=time/online_retail_2_uci_d L=14 H=2 model=chronos2 covariates=identity instance_norm=true remove_constant=false seed=1 batch_size=64
[2026-08-28 13:24:30,745][data.dataset][INFO] - dataset config path=/fssmall/home/h61084/codes/datasets/time/online_retail_2_uci_d/config.json applied_keys=['date_col', 'drop_users', 'target_cols']
[2026-08-28 13:24:30,761][evaluation.evaluator][INFO] - evaluate dataset=time/online_retail_2_uci_d users=1 dates=739 windows=2 removed_constant=0 L=14 H=2 stride=512
[2026-08-28 13:24:36,605][evaluation.evaluator][INFO] - artifacts ready run=/fslarge/scratch/users/h61084/codes/tsfm/outputs_selena/covariates/time-online_retail_2_uci_d/14_2/chronos2/identity/instance/keep/run_0 mse=3.18754e+08 nmse=1.09922 inference_seconds=0.195
2026-08-28 13:24:38 | configuration dataset=time/online_retail_2_uci_d L=14 H=2 model=ts_icl covariates=none instance_norm=true remove_constant=false seed=1 batch_size=32
[2026-08-28 13:24:41,274][data.dataset][INFO] - dataset config path=/fssmall/home/h61084/codes/datasets/time/online_retail_2_uci_d/config.json applied_keys=['date_col', 'drop_users', 'target_cols']
[2026-08-28 13:24:41,291][evaluation.evaluator][INFO] - evaluate dataset=time/online_retail_2_uci_d users=1 dates=739 windows=2 removed_constant=0 L=14 H=2 stride=512
[2026-08-28 13:24:43,463][evaluation.evaluator][INFO] - artifacts ready run=/fslarge/scratch/users/h61084/codes/tsfm/outputs_selena/covariates/time-online_retail_2_uci_d/14_2/ts_icl/none/instance/keep/run_0 mse=7.327e+08 nmse=2.65026 inference_seconds=1.336
2026-08-28 13:24:45 | configuration dataset=time/online_retail_2_uci_d L=14 H=2 model=ts_icl covariates=identity instance_norm=true remove_constant=false seed=1 batch_size=32
[2026-08-28 13:24:48,004][data.dataset][INFO] - dataset config path=/fssmall/home/h61084/codes/datasets/time/online_retail_2_uci_d/config.json applied_keys=['date_col', 'drop_users', 'target_cols']
[2026-08-28 13:24:48,021][evaluation.evaluator][INFO] - evaluate dataset=time/online_retail_2_uci_d users=1 dates=739 windows=2 removed_constant=0 L=14 H=2 stride=512
[2026-08-28 13:24:50,216][evaluation.evaluator][INFO] - artifacts ready run=/fslarge/scratch/users/h61084/codes/tsfm/outputs_selena/covariates/time-online_retail_2_uci_d/14_2/ts_icl/identity/instance/keep/run_0 mse=1.15552e+08 nmse=0.432555 inference_seconds=1.350
2026-08-28 13:24:52 | configuration dataset=time/online_retail_2_uci_d L=30 H=7 model=chronos2 covariates=none instance_norm=true remove_constant=false seed=1 batch_size=64
[2026-08-28 13:24:54,707][data.dataset][INFO] - dataset config path=/fssmall/home/h61084/codes/datasets/time/online_retail_2_uci_d/config.json applied_keys=['date_col', 'drop_users', 'target_cols']
[2026-08-28 13:24:54,725][evaluation.evaluator][INFO] - evaluate dataset=time/online_retail_2_uci_d users=1 dates=739 windows=2 removed_constant=0 L=30 H=7 stride=512
[2026-08-28 13:25:00,545][evaluation.evaluator][INFO] - artifacts ready run=/fslarge/scratch/users/h61084/codes/tsfm/outputs_selena/covariates/time-online_retail_2_uci_d/30_7/chronos2/none/instance/keep/run_0 mse=1.44986e+08 nmse=0.451214 inference_seconds=0.192
2026-08-28 13:25:02 | configuration dataset=time/online_retail_2_uci_d L=30 H=7 model=chronos2 covariates=identity instance_norm=true remove_constant=false seed=1 batch_size=64
[2026-08-28 13:25:05,342][data.dataset][INFO] - dataset config path=/fssmall/home/h61084/codes/datasets/time/online_retail_2_uci_d/config.json applied_keys=['date_col', 'drop_users', 'target_cols']
[2026-08-28 13:25:05,359][evaluation.evaluator][INFO] - evaluate dataset=time/online_retail_2_uci_d users=1 dates=739 windows=2 removed_constant=0 L=30 H=7 stride=512
[2026-08-28 13:25:11,269][evaluation.evaluator][INFO] - artifacts ready run=/fslarge/scratch/users/h61084/codes/tsfm/outputs_selena/covariates/time-online_retail_2_uci_d/30_7/chronos2/identity/instance/keep/run_0 mse=7.26942e+07 nmse=0.197185 inference_seconds=0.196
2026-08-28 13:25:13 | configuration dataset=time/online_retail_2_uci_d L=30 H=7 model=ts_icl covariates=none instance_norm=true remove_constant=false seed=1 batch_size=32
[2026-08-28 13:25:15,983][data.dataset][INFO] - dataset config path=/fssmall/home/h61084/codes/datasets/time/online_retail_2_uci_d/config.json applied_keys=['date_col', 'drop_users', 'target_cols']
[2026-08-28 13:25:16,001][evaluation.evaluator][INFO] - evaluate dataset=time/online_retail_2_uci_d users=1 dates=739 windows=2 removed_constant=0 L=30 H=7 stride=512
[2026-08-28 13:25:18,189][evaluation.evaluator][INFO] - artifacts ready run=/fslarge/scratch/users/h61084/codes/tsfm/outputs_selena/covariates/time-online_retail_2_uci_d/30_7/ts_icl/none/instance/keep/run_0 mse=1.5557e+08 nmse=0.527348 inference_seconds=1.342
2026-08-28 13:25:20 | configuration dataset=time/online_retail_2_uci_d L=30 H=7 model=ts_icl covariates=identity instance_norm=true remove_constant=false seed=1 batch_size=32
[2026-08-28 13:25:22,694][data.dataset][INFO] - dataset config path=/fssmall/home/h61084/codes/datasets/time/online_retail_2_uci_d/config.json applied_keys=['date_col', 'drop_users', 'target_cols']
[2026-08-28 13:25:22,711][evaluation.evaluator][INFO] - evaluate dataset=time/online_retail_2_uci_d users=1 dates=739 windows=2 removed_constant=0 L=30 H=7 stride=512
[2026-08-28 13:25:25,052][evaluation.evaluator][INFO] - artifacts ready run=/fslarge/scratch/users/h61084/codes/tsfm/outputs_selena/covariates/time-online_retail_2_uci_d/30_7/ts_icl/identity/instance/keep/run_0 mse=2.44865e+07 nmse=0.0432883 inference_seconds=1.493
2026-08-28 13:25:26 | configuration dataset=time/port_activity_d L=7 H=1 model=chronos2 covariates=none instance_norm=true remove_constant=false seed=1 batch_size=64
[2026-08-28 13:25:29,594][data.dataset][INFO] - dataset config path=/fssmall/home/h61084/codes/datasets/time/port_activity_d/config.json applied_keys=['date_col', 'drop_users', 'target_cols']
[2026-08-28 13:25:29,654][evaluation.evaluator][INFO] - evaluate dataset=time/port_activity_d users=198 dates=2127 windows=990 removed_constant=0 L=7 H=1 stride=512
[2026-08-28 13:25:35,797][evaluation.evaluator][INFO] - artifacts ready run=/fslarge/scratch/users/h61084/codes/tsfm/outputs_selena/covariates/time-port_activity_d/7_1/chronos2/none/instance/keep/run_0 mse=1.12775e+09 nmse=1.74794e+18 inference_seconds=0.465
2026-08-28 13:25:37 | configuration dataset=time/port_activity_d L=7 H=1 model=chronos2 covariates=identity instance_norm=true remove_constant=false seed=1 batch_size=64
[2026-08-28 13:25:40,470][data.dataset][INFO] - dataset config path=/fssmall/home/h61084/codes/datasets/time/port_activity_d/config.json applied_keys=['date_col', 'drop_users', 'target_cols']
[2026-08-28 13:25:40,524][evaluation.evaluator][INFO] - evaluate dataset=time/port_activity_d users=198 dates=2127 windows=990 removed_constant=0 L=7 H=1 stride=512
[2026-08-28 13:25:46,708][evaluation.evaluator][INFO] - artifacts ready run=/fslarge/scratch/users/h61084/codes/tsfm/outputs_selena/covariates/time-port_activity_d/7_1/chronos2/identity/instance/keep/run_0 mse=9.63117e+08 nmse=1.74794e+18 inference_seconds=0.502
2026-08-28 13:25:48 | configuration dataset=time/port_activity_d L=7 H=1 model=ts_icl covariates=none instance_norm=true remove_constant=false seed=1 batch_size=32
[2026-08-28 13:25:51,388][data.dataset][INFO] - dataset config path=/fssmall/home/h61084/codes/datasets/time/port_activity_d/config.json applied_keys=['date_col', 'drop_users', 'target_cols']
[2026-08-28 13:25:51,441][evaluation.evaluator][INFO] - evaluate dataset=time/port_activity_d users=198 dates=2127 windows=990 removed_constant=0 L=7 H=1 stride=512
[2026-08-28 13:25:54,622][evaluation.evaluator][INFO] - artifacts ready run=/fslarge/scratch/users/h61084/codes/tsfm/outputs_selena/covariates/time-port_activity_d/7_1/ts_icl/none/instance/keep/run_0 mse=9.59108e+08 nmse=1.74794e+18 inference_seconds=2.287
2026-08-28 13:25:56 | configuration dataset=time/port_activity_d L=7 H=1 model=ts_icl covariates=identity instance_norm=true remove_constant=false seed=1 batch_size=32
[2026-08-28 13:25:59,147][data.dataset][INFO] - dataset config path=/fssmall/home/h61084/codes/datasets/time/port_activity_d/config.json applied_keys=['date_col', 'drop_users', 'target_cols']
[2026-08-28 13:25:59,201][evaluation.evaluator][INFO] - evaluate dataset=time/port_activity_d users=198 dates=2127 windows=990 removed_constant=0 L=7 H=1 stride=512
[2026-08-28 13:26:02,459][evaluation.evaluator][INFO] - artifacts ready run=/fslarge/scratch/users/h61084/codes/tsfm/outputs_selena/covariates/time-port_activity_d/7_1/ts_icl/identity/instance/keep/run_0 mse=9.9304e+08 nmse=1.74794e+18 inference_seconds=2.365
2026-08-28 13:26:04 | configuration dataset=time/port_activity_d L=14 H=2 model=chronos2 covariates=none instance_norm=true remove_constant=false seed=1 batch_size=64
[2026-08-28 13:26:06,976][data.dataset][INFO] - dataset config path=/fssmall/home/h61084/codes/datasets/time/port_activity_d/config.json applied_keys=['date_col', 'drop_users', 'target_cols']
[2026-08-28 13:26:07,031][evaluation.evaluator][INFO] - evaluate dataset=time/port_activity_d users=198 dates=2127 windows=990 removed_constant=0 L=14 H=2 stride=512
[2026-08-28 13:26:13,187][evaluation.evaluator][INFO] - artifacts ready run=/fslarge/scratch/users/h61084/codes/tsfm/outputs_selena/covariates/time-port_activity_d/14_2/chronos2/none/instance/keep/run_0 mse=1.18523e+09 nmse=1.88526 inference_seconds=0.462
2026-08-28 13:26:15 | configuration dataset=time/port_activity_d L=14 H=2 model=chronos2 covariates=identity instance_norm=true remove_constant=false seed=1 batch_size=64
[2026-08-28 13:26:17,908][data.dataset][INFO] - dataset config path=/fssmall/home/h61084/codes/datasets/time/port_activity_d/config.json applied_keys=['date_col', 'drop_users', 'target_cols']
[2026-08-28 13:26:17,961][evaluation.evaluator][INFO] - evaluate dataset=time/port_activity_d users=198 dates=2127 windows=990 removed_constant=0 L=14 H=2 stride=512
[2026-08-28 13:26:24,133][evaluation.evaluator][INFO] - artifacts ready run=/fslarge/scratch/users/h61084/codes/tsfm/outputs_selena/covariates/time-port_activity_d/14_2/chronos2/identity/instance/keep/run_0 mse=8.93751e+08 nmse=1.43691 inference_seconds=0.504
2026-08-28 13:26:26 | configuration dataset=time/port_activity_d L=14 H=2 model=ts_icl covariates=none instance_norm=true remove_constant=false seed=1 batch_size=32
[2026-08-28 13:26:28,829][data.dataset][INFO] - dataset config path=/fssmall/home/h61084/codes/datasets/time/port_activity_d/config.json applied_keys=['date_col', 'drop_users', 'target_cols']
[2026-08-28 13:26:28,884][evaluation.evaluator][INFO] - evaluate dataset=time/port_activity_d users=198 dates=2127 windows=990 removed_constant=0 L=14 H=2 stride=512
[2026-08-28 13:26:32,048][evaluation.evaluator][INFO] - artifacts ready run=/fslarge/scratch/users/h61084/codes/tsfm/outputs_selena/covariates/time-port_activity_d/14_2/ts_icl/none/instance/keep/run_0 mse=1.14426e+09 nmse=1.87317 inference_seconds=2.270
2026-08-28 13:26:33 | configuration dataset=time/port_activity_d L=14 H=2 model=ts_icl covariates=identity instance_norm=true remove_constant=false seed=1 batch_size=32
[2026-08-28 13:26:36,576][data.dataset][INFO] - dataset config path=/fssmall/home/h61084/codes/datasets/time/port_activity_d/config.json applied_keys=['date_col', 'drop_users', 'target_cols']
[2026-08-28 13:26:36,629][evaluation.evaluator][INFO] - evaluate dataset=time/port_activity_d users=198 dates=2127 windows=990 removed_constant=0 L=14 H=2 stride=512
[2026-08-28 13:26:39,901][evaluation.evaluator][INFO] - artifacts ready run=/fslarge/scratch/users/h61084/codes/tsfm/outputs_selena/covariates/time-port_activity_d/14_2/ts_icl/identity/instance/keep/run_0 mse=1.0935e+09 nmse=1.7579 inference_seconds=2.366
2026-08-28 13:26:41 | configuration dataset=time/port_activity_d L=30 H=7 model=chronos2 covariates=none instance_norm=true remove_constant=false seed=1 batch_size=64
[2026-08-28 13:26:44,426][data.dataset][INFO] - dataset config path=/fssmall/home/h61084/codes/datasets/time/port_activity_d/config.json applied_keys=['date_col', 'drop_users', 'target_cols']
[2026-08-28 13:26:44,481][evaluation.evaluator][INFO] - evaluate dataset=time/port_activity_d users=198 dates=2127 windows=990 removed_constant=0 L=30 H=7 stride=512
[2026-08-28 13:26:50,605][evaluation.evaluator][INFO] - artifacts ready run=/fslarge/scratch/users/h61084/codes/tsfm/outputs_selena/covariates/time-port_activity_d/30_7/chronos2/none/instance/keep/run_0 mse=1.06174e+09 nmse=1.29915 inference_seconds=0.468
2026-08-28 13:26:52 | configuration dataset=time/port_activity_d L=30 H=7 model=chronos2 covariates=identity instance_norm=true remove_constant=false seed=1 batch_size=64
[2026-08-28 13:26:55,324][data.dataset][INFO] - dataset config path=/fssmall/home/h61084/codes/datasets/time/port_activity_d/config.json applied_keys=['date_col', 'drop_users', 'target_cols']
[2026-08-28 13:26:55,377][evaluation.evaluator][INFO] - evaluate dataset=time/port_activity_d users=198 dates=2127 windows=990 removed_constant=0 L=30 H=7 stride=512
[2026-08-28 13:27:01,548][evaluation.evaluator][INFO] - artifacts ready run=/fslarge/scratch/users/h61084/codes/tsfm/outputs_selena/covariates/time-port_activity_d/30_7/chronos2/identity/instance/keep/run_0 mse=1.2233e+08 nmse=0.169781 inference_seconds=0.503
2026-08-28 13:27:03 | configuration dataset=time/port_activity_d L=30 H=7 model=ts_icl covariates=none instance_norm=true remove_constant=false seed=1 batch_size=32
[2026-08-28 13:27:06,283][data.dataset][INFO] - dataset config path=/fssmall/home/h61084/codes/datasets/time/port_activity_d/config.json applied_keys=['date_col', 'drop_users', 'target_cols']
[2026-08-28 13:27:06,337][evaluation.evaluator][INFO] - evaluate dataset=time/port_activity_d users=198 dates=2127 windows=990 removed_constant=0 L=30 H=7 stride=512
[2026-08-28 13:27:09,529][evaluation.evaluator][INFO] - artifacts ready run=/fslarge/scratch/users/h61084/codes/tsfm/outputs_selena/covariates/time-port_activity_d/30_7/ts_icl/none/instance/keep/run_0 mse=1.05845e+09 nmse=1.27799 inference_seconds=2.288
2026-08-28 13:27:11 | configuration dataset=time/port_activity_d L=30 H=7 model=ts_icl covariates=identity instance_norm=true remove_constant=false seed=1 batch_size=32
[2026-08-28 13:27:14,150][data.dataset][INFO] - dataset config path=/fssmall/home/h61084/codes/datasets/time/port_activity_d/config.json applied_keys=['date_col', 'drop_users', 'target_cols']
[2026-08-28 13:27:14,204][evaluation.evaluator][INFO] - evaluate dataset=time/port_activity_d users=198 dates=2127 windows=990 removed_constant=0 L=30 H=7 stride=512
[2026-08-28 13:27:17,488][evaluation.evaluator][INFO] - artifacts ready run=/fslarge/scratch/users/h61084/codes/tsfm/outputs_selena/covariates/time-port_activity_d/30_7/ts_icl/identity/instance/keep/run_0 mse=6.96664e+06 nmse=0.017106 inference_seconds=2.367
2026-08-28 13:27:19 | configuration dataset=time/supply_chain_customer_d L=7 H=1 model=chronos2 covariates=none instance_norm=true remove_constant=false seed=1 batch_size=64
[2026-08-28 13:27:22,009][data.dataset][INFO] - dataset config path=/fssmall/home/h61084/codes/datasets/time/supply_chain_customer_d/config.json applied_keys=['date_col', 'drop_users', 'target_cols']
[2026-08-28 13:27:22,035][evaluation.evaluator][INFO] - evaluate dataset=time/supply_chain_customer_d users=36 dates=2007 windows=144 removed_constant=0 L=7 H=1 stride=512
[2026-08-28 13:27:27,888][evaluation.evaluator][INFO] - artifacts ready run=/fslarge/scratch/users/h61084/codes/tsfm/outputs_selena/covariates/time-supply_chain_customer_d/7_1/chronos2/none/instance/keep/run_0 mse=2.22684e+07 nmse=0.525762 inference_seconds=0.235
2026-08-28 13:27:29 | configuration dataset=time/supply_chain_customer_d L=7 H=1 model=chronos2 covariates=identity instance_norm=true remove_constant=false seed=1 batch_size=64
[2026-08-28 13:27:32,648][data.dataset][INFO] - dataset config path=/fssmall/home/h61084/codes/datasets/time/supply_chain_customer_d/config.json applied_keys=['date_col', 'drop_users', 'target_cols']
[2026-08-28 13:27:32,671][evaluation.evaluator][INFO] - evaluate dataset=time/supply_chain_customer_d users=36 dates=2007 windows=144 removed_constant=0 L=7 H=1 stride=512
[2026-08-28 13:27:38,494][evaluation.evaluator][INFO] - artifacts ready run=/fslarge/scratch/users/h61084/codes/tsfm/outputs_selena/covariates/time-supply_chain_customer_d/7_1/chronos2/identity/instance/keep/run_0 mse=1.83522e+07 nmse=0.461978 inference_seconds=0.233
2026-08-28 13:27:40 | configuration dataset=time/supply_chain_customer_d L=7 H=1 model=ts_icl covariates=none instance_norm=true remove_constant=false seed=1 batch_size=32
[2026-08-28 13:27:43,193][data.dataset][INFO] - dataset config path=/fssmall/home/h61084/codes/datasets/time/supply_chain_customer_d/config.json applied_keys=['date_col', 'drop_users', 'target_cols']
[2026-08-28 13:27:43,216][evaluation.evaluator][INFO] - evaluate dataset=time/supply_chain_customer_d users=36 dates=2007 windows=144 removed_constant=0 L=7 H=1 stride=512
[2026-08-28 13:27:45,540][evaluation.evaluator][INFO] - artifacts ready run=/fslarge/scratch/users/h61084/codes/tsfm/outputs_selena/covariates/time-supply_chain_customer_d/7_1/ts_icl/none/instance/keep/run_0 mse=2.28905e+07 nmse=0.506887 inference_seconds=1.469
2026-08-28 13:27:47 | configuration dataset=time/supply_chain_customer_d L=7 H=1 model=ts_icl covariates=identity instance_norm=true remove_constant=false seed=1 batch_size=32
[2026-08-28 13:27:50,101][data.dataset][INFO] - dataset config path=/fssmall/home/h61084/codes/datasets/time/supply_chain_customer_d/config.json applied_keys=['date_col', 'drop_users', 'target_cols']
[2026-08-28 13:27:50,123][evaluation.evaluator][INFO] - evaluate dataset=time/supply_chain_customer_d users=36 dates=2007 windows=144 removed_constant=0 L=7 H=1 stride=512
[2026-08-28 13:27:52,465][evaluation.evaluator][INFO] - artifacts ready run=/fslarge/scratch/users/h61084/codes/tsfm/outputs_selena/covariates/time-supply_chain_customer_d/7_1/ts_icl/identity/instance/keep/run_0 mse=9.01164e+06 nmse=0.385153 inference_seconds=1.501
2026-08-28 13:27:54 | configuration dataset=time/supply_chain_customer_d L=14 H=2 model=chronos2 covariates=none instance_norm=true remove_constant=false seed=1 batch_size=64
[2026-08-28 13:27:57,025][data.dataset][INFO] - dataset config path=/fssmall/home/h61084/codes/datasets/time/supply_chain_customer_d/config.json applied_keys=['date_col', 'drop_users', 'target_cols']
[2026-08-28 13:27:57,049][evaluation.evaluator][INFO] - evaluate dataset=time/supply_chain_customer_d users=36 dates=2007 windows=144 removed_constant=0 L=14 H=2 stride=512
[2026-08-28 13:28:02,900][evaluation.evaluator][INFO] - artifacts ready run=/fslarge/scratch/users/h61084/codes/tsfm/outputs_selena/covariates/time-supply_chain_customer_d/14_2/chronos2/none/instance/keep/run_0 mse=5.78657e+07 nmse=0.499578 inference_seconds=0.235
2026-08-28 13:28:04 | configuration dataset=time/supply_chain_customer_d L=14 H=2 model=chronos2 covariates=identity instance_norm=true remove_constant=false seed=1 batch_size=64
[2026-08-28 13:28:07,634][data.dataset][INFO] - dataset config path=/fssmall/home/h61084/codes/datasets/time/supply_chain_customer_d/config.json applied_keys=['date_col', 'drop_users', 'target_cols']
[2026-08-28 13:28:07,657][evaluation.evaluator][INFO] - evaluate dataset=time/supply_chain_customer_d users=36 dates=2007 windows=144 removed_constant=0 L=14 H=2 stride=512
[2026-08-28 13:28:13,492][evaluation.evaluator][INFO] - artifacts ready run=/fslarge/scratch/users/h61084/codes/tsfm/outputs_selena/covariates/time-supply_chain_customer_d/14_2/chronos2/identity/instance/keep/run_0 mse=3.97445e+07 nmse=0.340829 inference_seconds=0.234
2026-08-28 13:28:15 | configuration dataset=time/supply_chain_customer_d L=14 H=2 model=ts_icl covariates=none instance_norm=true remove_constant=false seed=1 batch_size=32
[2026-08-28 13:28:18,224][data.dataset][INFO] - dataset config path=/fssmall/home/h61084/codes/datasets/time/supply_chain_customer_d/config.json applied_keys=['date_col', 'drop_users', 'target_cols']
[2026-08-28 13:28:18,247][evaluation.evaluator][INFO] - evaluate dataset=time/supply_chain_customer_d users=36 dates=2007 windows=144 removed_constant=0 L=14 H=2 stride=512
[2026-08-28 13:28:20,544][evaluation.evaluator][INFO] - artifacts ready run=/fslarge/scratch/users/h61084/codes/tsfm/outputs_selena/covariates/time-supply_chain_customer_d/14_2/ts_icl/none/instance/keep/run_0 mse=7.03518e+07 nmse=0.551211 inference_seconds=1.457
2026-08-28 13:28:22 | configuration dataset=time/supply_chain_customer_d L=14 H=2 model=ts_icl covariates=identity instance_norm=true remove_constant=false seed=1 batch_size=32
[2026-08-28 13:28:25,126][data.dataset][INFO] - dataset config path=/fssmall/home/h61084/codes/datasets/time/supply_chain_customer_d/config.json applied_keys=['date_col', 'drop_users', 'target_cols']
[2026-08-28 13:28:25,149][evaluation.evaluator][INFO] - evaluate dataset=time/supply_chain_customer_d users=36 dates=2007 windows=144 removed_constant=0 L=14 H=2 stride=512
[2026-08-28 13:28:27,490][evaluation.evaluator][INFO] - artifacts ready run=/fslarge/scratch/users/h61084/codes/tsfm/outputs_selena/covariates/time-supply_chain_customer_d/14_2/ts_icl/identity/instance/keep/run_0 mse=7.60645e+07 nmse=0.571802 inference_seconds=1.497
2026-08-28 13:28:29 | configuration dataset=time/supply_chain_customer_d L=30 H=7 model=chronos2 covariates=none instance_norm=true remove_constant=false seed=1 batch_size=64
[2026-08-28 13:28:32,072][data.dataset][INFO] - dataset config path=/fssmall/home/h61084/codes/datasets/time/supply_chain_customer_d/config.json applied_keys=['date_col', 'drop_users', 'target_cols']
[2026-08-28 13:28:32,096][evaluation.evaluator][INFO] - evaluate dataset=time/supply_chain_customer_d users=36 dates=2007 windows=144 removed_constant=0 L=30 H=7 stride=512
[2026-08-28 13:28:37,992][evaluation.evaluator][INFO] - artifacts ready run=/fslarge/scratch/users/h61084/codes/tsfm/outputs_selena/covariates/time-supply_chain_customer_d/30_7/chronos2/none/instance/keep/run_0 mse=2.14694e+07 nmse=0.714343 inference_seconds=0.234
2026-08-28 13:28:40 | configuration dataset=time/supply_chain_customer_d L=30 H=7 model=chronos2 covariates=identity instance_norm=true remove_constant=false seed=1 batch_size=64
[2026-08-28 13:28:42,718][data.dataset][INFO] - dataset config path=/fssmall/home/h61084/codes/datasets/time/supply_chain_customer_d/config.json applied_keys=['date_col', 'drop_users', 'target_cols']
[2026-08-28 13:28:42,740][evaluation.evaluator][INFO] - evaluate dataset=time/supply_chain_customer_d users=36 dates=2007 windows=144 removed_constant=0 L=30 H=7 stride=512
[2026-08-28 13:28:48,559][evaluation.evaluator][INFO] - artifacts ready run=/fslarge/scratch/users/h61084/codes/tsfm/outputs_selena/covariates/time-supply_chain_customer_d/30_7/chronos2/identity/instance/keep/run_0 mse=7.60376e+06 nmse=0.134644 inference_seconds=0.234
2026-08-28 13:28:50 | configuration dataset=time/supply_chain_customer_d L=30 H=7 model=ts_icl covariates=none instance_norm=true remove_constant=false seed=1 batch_size=32
[2026-08-28 13:28:53,298][data.dataset][INFO] - dataset config path=/fssmall/home/h61084/codes/datasets/time/supply_chain_customer_d/config.json applied_keys=['date_col', 'drop_users', 'target_cols']
[2026-08-28 13:28:53,321][evaluation.evaluator][INFO] - evaluate dataset=time/supply_chain_customer_d users=36 dates=2007 windows=144 removed_constant=0 L=30 H=7 stride=512
[2026-08-28 13:28:55,637][evaluation.evaluator][INFO] - artifacts ready run=/fslarge/scratch/users/h61084/codes/tsfm/outputs_selena/covariates/time-supply_chain_customer_d/30_7/ts_icl/none/instance/keep/run_0 mse=5.83875e+07 nmse=1.18856 inference_seconds=1.466
2026-08-28 13:28:57 | configuration dataset=time/supply_chain_customer_d L=30 H=7 model=ts_icl covariates=identity instance_norm=true remove_constant=false seed=1 batch_size=32
[2026-08-28 13:29:00,254][data.dataset][INFO] - dataset config path=/fssmall/home/h61084/codes/datasets/time/supply_chain_customer_d/config.json applied_keys=['date_col', 'drop_users', 'target_cols']
[2026-08-28 13:29:00,277][evaluation.evaluator][INFO] - evaluate dataset=time/supply_chain_customer_d users=36 dates=2007 windows=144 removed_constant=0 L=30 H=7 stride=512
[2026-08-28 13:29:02,611][evaluation.evaluator][INFO] - artifacts ready run=/fslarge/scratch/users/h61084/codes/tsfm/outputs_selena/covariates/time-supply_chain_customer_d/30_7/ts_icl/identity/instance/keep/run_0 mse=83071 nmse=0.00459959 inference_seconds=1.491
2026-08-28 13:29:04 | configuration dataset=time/supply_chain_location_d L=7 H=1 model=chronos2 covariates=none instance_norm=true remove_constant=false seed=1 batch_size=64
[2026-08-28 13:29:07,228][data.dataset][INFO] - dataset config path=/fssmall/home/h61084/codes/datasets/time/supply_chain_location_d/config.json applied_keys=['date_col', 'drop_users', 'target_cols']
[2026-08-28 13:29:07,256][evaluation.evaluator][INFO] - evaluate dataset=time/supply_chain_location_d users=51 dates=2007 windows=204 removed_constant=0 L=7 H=1 stride=512
[2026-08-28 13:29:13,117][evaluation.evaluator][INFO] - artifacts ready run=/fslarge/scratch/users/h61084/codes/tsfm/outputs_selena/covariates/time-supply_chain_location_d/7_1/chronos2/none/instance/keep/run_0 mse=1.0126e+07 nmse=0.623387 inference_seconds=0.252
2026-08-28 13:29:15 | configuration dataset=time/supply_chain_location_d L=7 H=1 model=chronos2 covariates=identity instance_norm=true remove_constant=false seed=1 batch_size=64
[2026-08-28 13:29:17,903][data.dataset][INFO] - dataset config path=/fssmall/home/h61084/codes/datasets/time/supply_chain_location_d/config.json applied_keys=['date_col', 'drop_users', 'target_cols']
[2026-08-28 13:29:17,928][evaluation.evaluator][INFO] - evaluate dataset=time/supply_chain_location_d users=51 dates=2007 windows=204 removed_constant=0 L=7 H=1 stride=512
[2026-08-28 13:29:23,783][evaluation.evaluator][INFO] - artifacts ready run=/fslarge/scratch/users/h61084/codes/tsfm/outputs_selena/covariates/time-supply_chain_location_d/7_1/chronos2/identity/instance/keep/run_0 mse=8.81322e+06 nmse=0.538067 inference_seconds=0.254
2026-08-28 13:29:25 | configuration dataset=time/supply_chain_location_d L=7 H=1 model=ts_icl covariates=none instance_norm=true remove_constant=false seed=1 batch_size=32
[2026-08-28 13:29:28,600][data.dataset][INFO] - dataset config path=/fssmall/home/h61084/codes/datasets/time/supply_chain_location_d/config.json applied_keys=['date_col', 'drop_users', 'target_cols']
[2026-08-28 13:29:28,625][evaluation.evaluator][INFO] - evaluate dataset=time/supply_chain_location_d users=51 dates=2007 windows=204 removed_constant=0 L=7 H=1 stride=512
[2026-08-28 13:29:31,016][evaluation.evaluator][INFO] - artifacts ready run=/fslarge/scratch/users/h61084/codes/tsfm/outputs_selena/covariates/time-supply_chain_location_d/7_1/ts_icl/none/instance/keep/run_0 mse=8.87345e+06 nmse=0.490868 inference_seconds=1.530
2026-08-28 13:29:32 | configuration dataset=time/supply_chain_location_d L=7 H=1 model=ts_icl covariates=identity instance_norm=true remove_constant=false seed=1 batch_size=32
[2026-08-28 13:29:35,651][data.dataset][INFO] - dataset config path=/fssmall/home/h61084/codes/datasets/time/supply_chain_location_d/config.json applied_keys=['date_col', 'drop_users', 'target_cols']
[2026-08-28 13:29:35,676][evaluation.evaluator][INFO] - evaluate dataset=time/supply_chain_location_d users=51 dates=2007 windows=204 removed_constant=0 L=7 H=1 stride=512
[2026-08-28 13:29:38,125][evaluation.evaluator][INFO] - artifacts ready run=/fslarge/scratch/users/h61084/codes/tsfm/outputs_selena/covariates/time-supply_chain_location_d/7_1/ts_icl/identity/instance/keep/run_0 mse=4.31543e+06 nmse=0.308985 inference_seconds=1.580
2026-08-28 13:29:40 | configuration dataset=time/supply_chain_location_d L=14 H=2 model=chronos2 covariates=none instance_norm=true remove_constant=false seed=1 batch_size=64
[2026-08-28 13:29:42,728][data.dataset][INFO] - dataset config path=/fssmall/home/h61084/codes/datasets/time/supply_chain_location_d/config.json applied_keys=['date_col', 'drop_users', 'target_cols']
[2026-08-28 13:29:42,753][evaluation.evaluator][INFO] - evaluate dataset=time/supply_chain_location_d users=51 dates=2007 windows=204 removed_constant=0 L=14 H=2 stride=512
[2026-08-28 13:29:49,172][evaluation.evaluator][INFO] - artifacts ready run=/fslarge/scratch/users/h61084/codes/tsfm/outputs_selena/covariates/time-supply_chain_location_d/14_2/chronos2/none/instance/keep/run_0 mse=1.78627e+07 nmse=0.757789 inference_seconds=0.252
2026-08-28 13:29:51 | configuration dataset=time/supply_chain_location_d L=14 H=2 model=chronos2 covariates=identity instance_norm=true remove_constant=false seed=1 batch_size=64
[2026-08-28 13:29:53,942][data.dataset][INFO] - dataset config path=/fssmall/home/h61084/codes/datasets/time/supply_chain_location_d/config.json applied_keys=['date_col', 'drop_users', 'target_cols']
[2026-08-28 13:29:53,967][evaluation.evaluator][INFO] - evaluate dataset=time/supply_chain_location_d users=51 dates=2007 windows=204 removed_constant=0 L=14 H=2 stride=512
[2026-08-28 13:29:59,875][evaluation.evaluator][INFO] - artifacts ready run=/fslarge/scratch/users/h61084/codes/tsfm/outputs_selena/covariates/time-supply_chain_location_d/14_2/chronos2/identity/instance/keep/run_0 mse=1.36656e+07 nmse=0.555291 inference_seconds=0.254
2026-08-28 13:30:02 | configuration dataset=time/supply_chain_location_d L=14 H=2 model=ts_icl covariates=none instance_norm=true remove_constant=false seed=1 batch_size=32
[2026-08-28 13:30:04,716][data.dataset][INFO] - dataset config path=/fssmall/home/h61084/codes/datasets/time/supply_chain_location_d/config.json applied_keys=['date_col', 'drop_users', 'target_cols']
[2026-08-28 13:30:04,742][evaluation.evaluator][INFO] - evaluate dataset=time/supply_chain_location_d users=51 dates=2007 windows=204 removed_constant=0 L=14 H=2 stride=512
[2026-08-28 13:30:07,173][evaluation.evaluator][INFO] - artifacts ready run=/fslarge/scratch/users/h61084/codes/tsfm/outputs_selena/covariates/time-supply_chain_location_d/14_2/ts_icl/none/instance/keep/run_0 mse=1.80495e+07 nmse=0.818942 inference_seconds=1.588
2026-08-28 13:30:09 | configuration dataset=time/supply_chain_location_d L=14 H=2 model=ts_icl covariates=identity instance_norm=true remove_constant=false seed=1 batch_size=32
[2026-08-28 13:30:11,782][data.dataset][INFO] - dataset config path=/fssmall/home/h61084/codes/datasets/time/supply_chain_location_d/config.json applied_keys=['date_col', 'drop_users', 'target_cols']
[2026-08-28 13:30:11,807][evaluation.evaluator][INFO] - evaluate dataset=time/supply_chain_location_d users=51 dates=2007 windows=204 removed_constant=0 L=14 H=2 stride=512
[2026-08-28 13:30:14,244][evaluation.evaluator][INFO] - artifacts ready run=/fslarge/scratch/users/h61084/codes/tsfm/outputs_selena/covariates/time-supply_chain_location_d/14_2/ts_icl/identity/instance/keep/run_0 mse=1.73613e+07 nmse=0.793085 inference_seconds=1.571
2026-08-28 13:30:16 | configuration dataset=time/supply_chain_location_d L=30 H=7 model=chronos2 covariates=none instance_norm=true remove_constant=false seed=1 batch_size=64
[2026-08-28 13:30:18,884][data.dataset][INFO] - dataset config path=/fssmall/home/h61084/codes/datasets/time/supply_chain_location_d/config.json applied_keys=['date_col', 'drop_users', 'target_cols']
[2026-08-28 13:30:18,909][evaluation.evaluator][INFO] - evaluate dataset=time/supply_chain_location_d users=51 dates=2007 windows=204 removed_constant=0 L=30 H=7 stride=512
[2026-08-28 13:30:24,816][evaluation.evaluator][INFO] - artifacts ready run=/fslarge/scratch/users/h61084/codes/tsfm/outputs_selena/covariates/time-supply_chain_location_d/30_7/chronos2/none/instance/keep/run_0 mse=1.68854e+07 nmse=0.706141 inference_seconds=0.253
2026-08-28 13:30:26 | configuration dataset=time/supply_chain_location_d L=30 H=7 model=chronos2 covariates=identity instance_norm=true remove_constant=false seed=1 batch_size=64
[2026-08-28 13:30:29,616][data.dataset][INFO] - dataset config path=/fssmall/home/h61084/codes/datasets/time/supply_chain_location_d/config.json applied_keys=['date_col', 'drop_users', 'target_cols']
[2026-08-28 13:30:29,642][evaluation.evaluator][INFO] - evaluate dataset=time/supply_chain_location_d users=51 dates=2007 windows=204 removed_constant=0 L=30 H=7 stride=512
[2026-08-28 13:30:35,557][evaluation.evaluator][INFO] - artifacts ready run=/fslarge/scratch/users/h61084/codes/tsfm/outputs_selena/covariates/time-supply_chain_location_d/30_7/chronos2/identity/instance/keep/run_0 mse=3.20932e+06 nmse=0.145333 inference_seconds=0.254
2026-08-28 13:30:37 | configuration dataset=time/supply_chain_location_d L=30 H=7 model=ts_icl covariates=none instance_norm=true remove_constant=false seed=1 batch_size=32
[2026-08-28 13:30:40,361][data.dataset][INFO] - dataset config path=/fssmall/home/h61084/codes/datasets/time/supply_chain_location_d/config.json applied_keys=['date_col', 'drop_users', 'target_cols']
[2026-08-28 13:30:40,386][evaluation.evaluator][INFO] - evaluate dataset=time/supply_chain_location_d users=51 dates=2007 windows=204 removed_constant=0 L=30 H=7 stride=512
[2026-08-28 13:30:42,774][evaluation.evaluator][INFO] - artifacts ready run=/fslarge/scratch/users/h61084/codes/tsfm/outputs_selena/covariates/time-supply_chain_location_d/30_7/ts_icl/none/instance/keep/run_0 mse=2.3733e+07 nmse=1.16065 inference_seconds=1.533
2026-08-28 13:30:44 | configuration dataset=time/supply_chain_location_d L=30 H=7 model=ts_icl covariates=identity instance_norm=true remove_constant=false seed=1 batch_size=32
[2026-08-28 13:30:47,389][data.dataset][INFO] - dataset config path=/fssmall/home/h61084/codes/datasets/time/supply_chain_location_d/config.json applied_keys=['date_col', 'drop_users', 'target_cols']
[2026-08-28 13:30:47,414][evaluation.evaluator][INFO] - evaluate dataset=time/supply_chain_location_d users=51 dates=2007 windows=204 removed_constant=0 L=30 H=7 stride=512
[2026-08-28 13:30:49,837][evaluation.evaluator][INFO] - artifacts ready run=/fslarge/scratch/users/h61084/codes/tsfm/outputs_selena/covariates/time-supply_chain_location_d/30_7/ts_icl/identity/instance/keep/run_0 mse=76240.7 nmse=0.00345223 inference_seconds=1.567
2026-08-28 13:30:51 | configuration dataset=time/current_velocity_h_part01 L=168 H=24 model=chronos2 covariates=none instance_norm=true remove_constant=false seed=1 batch_size=64
[2026-08-28 13:30:54,451][data.dataset][INFO] - dataset config path=/fssmall/home/h61084/codes/datasets/time/current_velocity_h_part01/config.json applied_keys=['date_col', 'drop_users', 'target_cols']
[2026-08-28 13:30:54,474][evaluation.evaluator][INFO] - evaluate dataset=time/current_velocity_h_part01 users=6 dates=4818 windows=60 removed_constant=0 L=168 H=24 stride=512
[2026-08-28 13:31:00,315][evaluation.evaluator][INFO] - artifacts ready run=/fslarge/scratch/users/h61084/codes/tsfm/outputs_selena/covariates/time-current_velocity_h_part01/168_24/chronos2/none/instance/keep/run_0 mse=6.17513 nmse=0.453651 inference_seconds=0.196
2026-08-28 13:31:02 | configuration dataset=time/current_velocity_h_part01 L=168 H=24 model=chronos2 covariates=identity instance_norm=true remove_constant=false seed=1 batch_size=64
[2026-08-28 13:31:05,133][data.dataset][INFO] - dataset config path=/fssmall/home/h61084/codes/datasets/time/current_velocity_h_part01/config.json applied_keys=['date_col', 'drop_users', 'target_cols']
[2026-08-28 13:31:05,153][evaluation.evaluator][INFO] - evaluate dataset=time/current_velocity_h_part01 users=6 dates=4818 windows=60 removed_constant=0 L=168 H=24 stride=512
[2026-08-28 13:31:11,018][evaluation.evaluator][INFO] - artifacts ready run=/fslarge/scratch/users/h61084/codes/tsfm/outputs_selena/covariates/time-current_velocity_h_part01/168_24/chronos2/identity/instance/keep/run_0 mse=0.0568736 nmse=0.0127244 inference_seconds=0.201
2026-08-28 13:31:13 | configuration dataset=time/current_velocity_h_part01 L=168 H=24 model=ts_icl covariates=none instance_norm=true remove_constant=false seed=1 batch_size=32
[2026-08-28 13:31:15,858][data.dataset][INFO] - dataset config path=/fssmall/home/h61084/codes/datasets/time/current_velocity_h_part01/config.json applied_keys=['date_col', 'drop_users', 'target_cols']
[2026-08-28 13:31:15,880][evaluation.evaluator][INFO] - evaluate dataset=time/current_velocity_h_part01 users=6 dates=4818 windows=60 removed_constant=0 L=168 H=24 stride=512
[2026-08-28 13:31:18,229][evaluation.evaluator][INFO] - artifacts ready run=/fslarge/scratch/users/h61084/codes/tsfm/outputs_selena/covariates/time-current_velocity_h_part01/168_24/ts_icl/none/instance/keep/run_0 mse=5.98028 nmse=0.470653 inference_seconds=1.510
2026-08-28 13:31:20 | configuration dataset=time/current_velocity_h_part01 L=168 H=24 model=ts_icl covariates=identity instance_norm=true remove_constant=false seed=1 batch_size=32
[2026-08-28 13:31:22,874][data.dataset][INFO] - dataset config path=/fssmall/home/h61084/codes/datasets/time/current_velocity_h_part01/config.json applied_keys=['date_col', 'drop_users', 'target_cols']
[2026-08-28 13:31:22,895][evaluation.evaluator][INFO] - evaluate dataset=time/current_velocity_h_part01 users=6 dates=4818 windows=60 removed_constant=0 L=168 H=24 stride=512
[2026-08-28 13:31:25,167][evaluation.evaluator][INFO] - artifacts ready run=/fslarge/scratch/users/h61084/codes/tsfm/outputs_selena/covariates/time-current_velocity_h_part01/168_24/ts_icl/identity/instance/keep/run_0 mse=0.0274059 nmse=0.00360323 inference_seconds=1.432
2026-08-28 13:31:27 | configuration dataset=time/current_velocity_h_part01 L=336 H=48 model=chronos2 covariates=none instance_norm=true remove_constant=false seed=1 batch_size=64
[2026-08-28 13:31:29,823][data.dataset][INFO] - dataset config path=/fssmall/home/h61084/codes/datasets/time/current_velocity_h_part01/config.json applied_keys=['date_col', 'drop_users', 'target_cols']
[2026-08-28 13:31:29,845][evaluation.evaluator][INFO] - evaluate dataset=time/current_velocity_h_part01 users=6 dates=4818 windows=54 removed_constant=0 L=336 H=48 stride=512
[2026-08-28 13:31:35,791][evaluation.evaluator][INFO] - artifacts ready run=/fslarge/scratch/users/h61084/codes/tsfm/outputs_selena/covariates/time-current_velocity_h_part01/336_48/chronos2/none/instance/keep/run_0 mse=7.26168 nmse=0.355123 inference_seconds=0.192
2026-08-28 13:31:37 | configuration dataset=time/current_velocity_h_part01 L=336 H=48 model=chronos2 covariates=identity instance_norm=true remove_constant=false seed=1 batch_size=64
[2026-08-28 13:31:40,574][data.dataset][INFO] - dataset config path=/fssmall/home/h61084/codes/datasets/time/current_velocity_h_part01/config.json applied_keys=['date_col', 'drop_users', 'target_cols']
[2026-08-28 13:31:40,596][evaluation.evaluator][INFO] - evaluate dataset=time/current_velocity_h_part01 users=6 dates=4818 windows=54 removed_constant=0 L=336 H=48 stride=512
[2026-08-28 13:31:46,478][evaluation.evaluator][INFO] - artifacts ready run=/fslarge/scratch/users/h61084/codes/tsfm/outputs_selena/covariates/time-current_velocity_h_part01/336_48/chronos2/identity/instance/keep/run_0 mse=0.105415 nmse=0.0201713 inference_seconds=0.206
2026-08-28 13:31:48 | configuration dataset=time/current_velocity_h_part01 L=336 H=48 model=ts_icl covariates=none instance_norm=true remove_constant=false seed=1 batch_size=32
[2026-08-28 13:31:51,297][data.dataset][INFO] - dataset config path=/fssmall/home/h61084/codes/datasets/time/current_velocity_h_part01/config.json applied_keys=['date_col', 'drop_users', 'target_cols']
[2026-08-28 13:31:51,318][evaluation.evaluator][INFO] - evaluate dataset=time/current_velocity_h_part01 users=6 dates=4818 windows=54 removed_constant=0 L=336 H=48 stride=512
[2026-08-28 13:31:53,576][evaluation.evaluator][INFO] - artifacts ready run=/fslarge/scratch/users/h61084/codes/tsfm/outputs_selena/covariates/time-current_velocity_h_part01/336_48/ts_icl/none/instance/keep/run_0 mse=7.2914 nmse=0.446428 inference_seconds=1.401
2026-08-28 13:31:55 | configuration dataset=time/current_velocity_h_part01 L=336 H=48 model=ts_icl covariates=identity instance_norm=true remove_constant=false seed=1 batch_size=32
[2026-08-28 13:31:58,221][data.dataset][INFO] - dataset config path=/fssmall/home/h61084/codes/datasets/time/current_velocity_h_part01/config.json applied_keys=['date_col', 'drop_users', 'target_cols']
[2026-08-28 13:31:58,242][evaluation.evaluator][INFO] - evaluate dataset=time/current_velocity_h_part01 users=6 dates=4818 windows=54 removed_constant=0 L=336 H=48 stride=512
[2026-08-28 13:32:00,527][evaluation.evaluator][INFO] - artifacts ready run=/fslarge/scratch/users/h61084/codes/tsfm/outputs_selena/covariates/time-current_velocity_h_part01/336_48/ts_icl/identity/instance/keep/run_0 mse=0.206603 nmse=0.0459573 inference_seconds=1.435
2026-08-28 13:32:02 | configuration dataset=time/current_velocity_h_part01 L=504 H=168 model=chronos2 covariates=none instance_norm=true remove_constant=false seed=1 batch_size=64
[2026-08-28 13:32:05,171][data.dataset][INFO] - dataset config path=/fssmall/home/h61084/codes/datasets/time/current_velocity_h_part01/config.json applied_keys=['date_col', 'drop_users', 'target_cols']
[2026-08-28 13:32:05,193][evaluation.evaluator][INFO] - evaluate dataset=time/current_velocity_h_part01 users=6 dates=4818 windows=54 removed_constant=0 L=504 H=168 stride=512
[2026-08-28 13:32:11,047][evaluation.evaluator][INFO] - artifacts ready run=/fslarge/scratch/users/h61084/codes/tsfm/outputs_selena/covariates/time-current_velocity_h_part01/504_168/chronos2/none/instance/keep/run_0 mse=8.29911 nmse=1.00391 inference_seconds=0.194
2026-08-28 13:32:13 | configuration dataset=time/current_velocity_h_part01 L=504 H=168 model=chronos2 covariates=identity instance_norm=true remove_constant=false seed=1 batch_size=64
[2026-08-28 13:32:15,832][data.dataset][INFO] - dataset config path=/fssmall/home/h61084/codes/datasets/time/current_velocity_h_part01/config.json applied_keys=['date_col', 'drop_users', 'target_cols']
[2026-08-28 13:32:15,854][evaluation.evaluator][INFO] - evaluate dataset=time/current_velocity_h_part01 users=6 dates=4818 windows=54 removed_constant=0 L=504 H=168 stride=512
[2026-08-28 13:32:21,732][evaluation.evaluator][INFO] - artifacts ready run=/fslarge/scratch/users/h61084/codes/tsfm/outputs_selena/covariates/time-current_velocity_h_part01/504_168/chronos2/identity/instance/keep/run_0 mse=0.0979352 nmse=0.0247984 inference_seconds=0.215
2026-08-28 13:32:23 | configuration dataset=time/current_velocity_h_part01 L=504 H=168 model=ts_icl covariates=none instance_norm=true remove_constant=false seed=1 batch_size=32
[2026-08-28 13:32:26,500][data.dataset][INFO] - dataset config path=/fssmall/home/h61084/codes/datasets/time/current_velocity_h_part01/config.json applied_keys=['date_col', 'drop_users', 'target_cols']
[2026-08-28 13:32:26,522][evaluation.evaluator][INFO] - evaluate dataset=time/current_velocity_h_part01 users=6 dates=4818 windows=54 removed_constant=0 L=504 H=168 stride=512
[2026-08-28 13:32:28,801][evaluation.evaluator][INFO] - artifacts ready run=/fslarge/scratch/users/h61084/codes/tsfm/outputs_selena/covariates/time-current_velocity_h_part01/504_168/ts_icl/none/instance/keep/run_0 mse=7.44851 nmse=0.848709 inference_seconds=1.440
2026-08-28 13:32:30 | configuration dataset=time/current_velocity_h_part01 L=504 H=168 model=ts_icl covariates=identity instance_norm=true remove_constant=false seed=1 batch_size=32
[2026-08-28 13:32:33,492][data.dataset][INFO] - dataset config path=/fssmall/home/h61084/codes/datasets/time/current_velocity_h_part01/config.json applied_keys=['date_col', 'drop_users', 'target_cols']
[2026-08-28 13:32:33,513][evaluation.evaluator][INFO] - evaluate dataset=time/current_velocity_h_part01 users=6 dates=4818 windows=54 removed_constant=0 L=504 H=168 stride=512
[2026-08-28 13:32:35,828][evaluation.evaluator][INFO] - artifacts ready run=/fslarge/scratch/users/h61084/codes/tsfm/outputs_selena/covariates/time-current_velocity_h_part01/504_168/ts_icl/identity/instance/keep/run_0 mse=0.025707 nmse=0.0234809 inference_seconds=1.467
2026-08-28 13:32:37 | configuration dataset=time/current_velocity_h_part02 L=168 H=24 model=chronos2 covariates=none instance_norm=true remove_constant=false seed=1 batch_size=64
[2026-08-28 13:32:40,435][data.dataset][INFO] - dataset config path=/fssmall/home/h61084/codes/datasets/time/current_velocity_h_part02/config.json applied_keys=['date_col', 'drop_users', 'target_cols']
[2026-08-28 13:32:40,458][evaluation.evaluator][INFO] - evaluate dataset=time/current_velocity_h_part02 users=6 dates=4489 windows=54 removed_constant=0 L=168 H=24 stride=512
[2026-08-28 13:32:46,235][evaluation.evaluator][INFO] - artifacts ready run=/fslarge/scratch/users/h61084/codes/tsfm/outputs_selena/covariates/time-current_velocity_h_part02/168_24/chronos2/none/instance/keep/run_0 mse=5.07089 nmse=0.335033 inference_seconds=0.194
2026-08-28 13:32:48 | configuration dataset=time/current_velocity_h_part02 L=168 H=24 model=chronos2 covariates=identity instance_norm=true remove_constant=false seed=1 batch_size=64
[2026-08-28 13:32:51,037][data.dataset][INFO] - dataset config path=/fssmall/home/h61084/codes/datasets/time/current_velocity_h_part02/config.json applied_keys=['date_col', 'drop_users', 'target_cols']
[2026-08-28 13:32:51,058][evaluation.evaluator][INFO] - evaluate dataset=time/current_velocity_h_part02 users=6 dates=4489 windows=54 removed_constant=0 L=168 H=24 stride=512
[2026-08-28 13:32:56,914][evaluation.evaluator][INFO] - artifacts ready run=/fslarge/scratch/users/h61084/codes/tsfm/outputs_selena/covariates/time-current_velocity_h_part02/168_24/chronos2/identity/instance/keep/run_0 mse=0.15922 nmse=0.0162097 inference_seconds=0.199
2026-08-28 13:32:59 | configuration dataset=time/current_velocity_h_part02 L=168 H=24 model=ts_icl covariates=none instance_norm=true remove_constant=false seed=1 batch_size=32
[2026-08-28 13:33:01,711][data.dataset][INFO] - dataset config path=/fssmall/home/h61084/codes/datasets/time/current_velocity_h_part02/config.json applied_keys=['date_col', 'drop_users', 'target_cols']
[2026-08-28 13:33:01,733][evaluation.evaluator][INFO] - evaluate dataset=time/current_velocity_h_part02 users=6 dates=4489 windows=54 removed_constant=0 L=168 H=24 stride=512
[2026-08-28 13:33:03,968][evaluation.evaluator][INFO] - artifacts ready run=/fslarge/scratch/users/h61084/codes/tsfm/outputs_selena/covariates/time-current_velocity_h_part02/168_24/ts_icl/none/instance/keep/run_0 mse=5.31513 nmse=0.388341 inference_seconds=1.393
2026-08-28 13:33:05 | configuration dataset=time/current_velocity_h_part02 L=168 H=24 model=ts_icl covariates=identity instance_norm=true remove_constant=false seed=1 batch_size=32
[2026-08-28 13:33:08,649][data.dataset][INFO] - dataset config path=/fssmall/home/h61084/codes/datasets/time/current_velocity_h_part02/config.json applied_keys=['date_col', 'drop_users', 'target_cols']
[2026-08-28 13:33:08,670][evaluation.evaluator][INFO] - evaluate dataset=time/current_velocity_h_part02 users=6 dates=4489 windows=54 removed_constant=0 L=168 H=24 stride=512
[2026-08-28 13:33:11,131][evaluation.evaluator][INFO] - artifacts ready run=/fslarge/scratch/users/h61084/codes/tsfm/outputs_selena/covariates/time-current_velocity_h_part02/168_24/ts_icl/identity/instance/keep/run_0 mse=0.289707 nmse=0.0300696 inference_seconds=1.613
2026-08-28 13:33:13 | configuration dataset=time/current_velocity_h_part02 L=336 H=48 model=chronos2 covariates=none instance_norm=true remove_constant=false seed=1 batch_size=64
[2026-08-28 13:33:15,770][data.dataset][INFO] - dataset config path=/fssmall/home/h61084/codes/datasets/time/current_velocity_h_part02/config.json applied_keys=['date_col', 'drop_users', 'target_cols']
[2026-08-28 13:33:15,792][evaluation.evaluator][INFO] - evaluate dataset=time/current_velocity_h_part02 users=6 dates=4489 windows=54 removed_constant=0 L=336 H=48 stride=512
[2026-08-28 13:33:21,649][evaluation.evaluator][INFO] - artifacts ready run=/fslarge/scratch/users/h61084/codes/tsfm/outputs_selena/covariates/time-current_velocity_h_part02/336_48/chronos2/none/instance/keep/run_0 mse=4.44645 nmse=0.154682 inference_seconds=0.195
2026-08-28 13:33:23 | configuration dataset=time/current_velocity_h_part02 L=336 H=48 model=chronos2 covariates=identity instance_norm=true remove_constant=false seed=1 batch_size=64
[2026-08-28 13:33:26,421][data.dataset][INFO] - dataset config path=/fssmall/home/h61084/codes/datasets/time/current_velocity_h_part02/config.json applied_keys=['date_col', 'drop_users', 'target_cols']
[2026-08-28 13:33:26,442][evaluation.evaluator][INFO] - evaluate dataset=time/current_velocity_h_part02 users=6 dates=4489 windows=54 removed_constant=0 L=336 H=48 stride=512
[2026-08-28 13:33:32,282][evaluation.evaluator][INFO] - artifacts ready run=/fslarge/scratch/users/h61084/codes/tsfm/outputs_selena/covariates/time-current_velocity_h_part02/336_48/chronos2/identity/instance/keep/run_0 mse=0.186548 nmse=0.01282 inference_seconds=0.206
2026-08-28 13:33:34 | configuration dataset=time/current_velocity_h_part02 L=336 H=48 model=ts_icl covariates=none instance_norm=true remove_constant=false seed=1 batch_size=32
[2026-08-28 13:33:37,125][data.dataset][INFO] - dataset config path=/fssmall/home/h61084/codes/datasets/time/current_velocity_h_part02/config.json applied_keys=['date_col', 'drop_users', 'target_cols']
[2026-08-28 13:33:37,146][evaluation.evaluator][INFO] - evaluate dataset=time/current_velocity_h_part02 users=6 dates=4489 windows=54 removed_constant=0 L=336 H=48 stride=512
[2026-08-28 13:33:39,416][evaluation.evaluator][INFO] - artifacts ready run=/fslarge/scratch/users/h61084/codes/tsfm/outputs_selena/covariates/time-current_velocity_h_part02/336_48/ts_icl/none/instance/keep/run_0 mse=4.66866 nmse=0.180031 inference_seconds=1.429
2026-08-28 13:33:41 | configuration dataset=time/current_velocity_h_part02 L=336 H=48 model=ts_icl covariates=identity instance_norm=true remove_constant=false seed=1 batch_size=32
[2026-08-28 13:33:44,087][data.dataset][INFO] - dataset config path=/fssmall/home/h61084/codes/datasets/time/current_velocity_h_part02/config.json applied_keys=['date_col', 'drop_users', 'target_cols']
[2026-08-28 13:33:44,109][evaluation.evaluator][INFO] - evaluate dataset=time/current_velocity_h_part02 users=6 dates=4489 windows=54 removed_constant=0 L=336 H=48 stride=512
[2026-08-28 13:33:46,388][evaluation.evaluator][INFO] - artifacts ready run=/fslarge/scratch/users/h61084/codes/tsfm/outputs_selena/covariates/time-current_velocity_h_part02/336_48/ts_icl/identity/instance/keep/run_0 mse=0.00527776 nmse=0.00186886 inference_seconds=1.425
2026-08-28 13:33:48 | configuration dataset=time/current_velocity_h_part02 L=504 H=168 model=chronos2 covariates=none instance_norm=true remove_constant=false seed=1 batch_size=64
[2026-08-28 13:33:51,029][data.dataset][INFO] - dataset config path=/fssmall/home/h61084/codes/datasets/time/current_velocity_h_part02/config.json applied_keys=['date_col', 'drop_users', 'target_cols']
[2026-08-28 13:33:51,050][evaluation.evaluator][INFO] - evaluate dataset=time/current_velocity_h_part02 users=6 dates=4489 windows=48 removed_constant=0 L=504 H=168 stride=512
[2026-08-28 13:33:56,910][evaluation.evaluator][INFO] - artifacts ready run=/fslarge/scratch/users/h61084/codes/tsfm/outputs_selena/covariates/time-current_velocity_h_part02/504_168/chronos2/none/instance/keep/run_0 mse=11.3133 nmse=0.980107 inference_seconds=0.199
2026-08-28 13:33:59 | configuration dataset=time/current_velocity_h_part02 L=504 H=168 model=chronos2 covariates=identity instance_norm=true remove_constant=false seed=1 batch_size=64
[2026-08-28 13:34:01,761][data.dataset][INFO] - dataset config path=/fssmall/home/h61084/codes/datasets/time/current_velocity_h_part02/config.json applied_keys=['date_col', 'drop_users', 'target_cols']
[2026-08-28 13:34:01,782][evaluation.evaluator][INFO] - evaluate dataset=time/current_velocity_h_part02 users=6 dates=4489 windows=48 removed_constant=0 L=504 H=168 stride=512
[2026-08-28 13:34:07,652][evaluation.evaluator][INFO] - artifacts ready run=/fslarge/scratch/users/h61084/codes/tsfm/outputs_selena/covariates/time-current_velocity_h_part02/504_168/chronos2/identity/instance/keep/run_0 mse=0.118649 nmse=0.0491115 inference_seconds=0.209
2026-08-28 13:34:09 | configuration dataset=time/current_velocity_h_part02 L=504 H=168 model=ts_icl covariates=none instance_norm=true remove_constant=false seed=1 batch_size=32
[2026-08-28 13:34:12,556][data.dataset][INFO] - dataset config path=/fssmall/home/h61084/codes/datasets/time/current_velocity_h_part02/config.json applied_keys=['date_col', 'drop_users', 'target_cols']
[2026-08-28 13:34:12,578][evaluation.evaluator][INFO] - evaluate dataset=time/current_velocity_h_part02 users=6 dates=4489 windows=48 removed_constant=0 L=504 H=168 stride=512
[2026-08-28 13:34:14,851][evaluation.evaluator][INFO] - artifacts ready run=/fslarge/scratch/users/h61084/codes/tsfm/outputs_selena/covariates/time-current_velocity_h_part02/504_168/ts_icl/none/instance/keep/run_0 mse=9.2365 nmse=1.37558 inference_seconds=1.439
2026-08-28 13:34:16 | configuration dataset=time/current_velocity_h_part02 L=504 H=168 model=ts_icl covariates=identity instance_norm=true remove_constant=false seed=1 batch_size=32
[2026-08-28 13:34:19,566][data.dataset][INFO] - dataset config path=/fssmall/home/h61084/codes/datasets/time/current_velocity_h_part02/config.json applied_keys=['date_col', 'drop_users', 'target_cols']
[2026-08-28 13:34:19,587][evaluation.evaluator][INFO] - evaluate dataset=time/current_velocity_h_part02 users=6 dates=4489 windows=48 removed_constant=0 L=504 H=168 stride=512
[2026-08-28 13:34:21,990][evaluation.evaluator][INFO] - artifacts ready run=/fslarge/scratch/users/h61084/codes/tsfm/outputs_selena/covariates/time-current_velocity_h_part02/504_168/ts_icl/identity/instance/keep/run_0 mse=0.0173716 nmse=0.264363 inference_seconds=1.551
2026-08-28 13:34:24 | configuration dataset=time/current_velocity_h_part03 L=168 H=24 model=chronos2 covariates=none instance_norm=true remove_constant=false seed=1 batch_size=64
[2026-08-28 13:34:26,684][data.dataset][INFO] - dataset config path=/fssmall/home/h61084/codes/datasets/time/current_velocity_h_part03/config.json applied_keys=['date_col', 'drop_users', 'target_cols']
[2026-08-28 13:34:26,706][evaluation.evaluator][INFO] - evaluate dataset=time/current_velocity_h_part03 users=6 dates=3264 windows=42 removed_constant=0 L=168 H=24 stride=512
[2026-08-28 13:34:32,572][evaluation.evaluator][INFO] - artifacts ready run=/fslarge/scratch/users/h61084/codes/tsfm/outputs_selena/covariates/time-current_velocity_h_part03/168_24/chronos2/none/instance/keep/run_0 mse=2.28939 nmse=1.69447 inference_seconds=0.192
2026-08-28 13:34:34 | configuration dataset=time/current_velocity_h_part03 L=168 H=24 model=chronos2 covariates=identity instance_norm=true remove_constant=false seed=1 batch_size=64
[2026-08-28 13:34:37,420][data.dataset][INFO] - dataset config path=/fssmall/home/h61084/codes/datasets/time/current_velocity_h_part03/config.json applied_keys=['date_col', 'drop_users', 'target_cols']
[2026-08-28 13:34:37,441][evaluation.evaluator][INFO] - evaluate dataset=time/current_velocity_h_part03 users=6 dates=3264 windows=42 removed_constant=0 L=168 H=24 stride=512
[2026-08-28 13:34:43,290][evaluation.evaluator][INFO] - artifacts ready run=/fslarge/scratch/users/h61084/codes/tsfm/outputs_selena/covariates/time-current_velocity_h_part03/168_24/chronos2/identity/instance/keep/run_0 mse=0.0309254 nmse=0.0254454 inference_seconds=0.195
2026-08-28 13:34:45 | configuration dataset=time/current_velocity_h_part03 L=168 H=24 model=ts_icl covariates=none instance_norm=true remove_constant=false seed=1 batch_size=32
[2026-08-28 13:34:48,127][data.dataset][INFO] - dataset config path=/fssmall/home/h61084/codes/datasets/time/current_velocity_h_part03/config.json applied_keys=['date_col', 'drop_users', 'target_cols']
[2026-08-28 13:34:48,147][evaluation.evaluator][INFO] - evaluate dataset=time/current_velocity_h_part03 users=6 dates=3264 windows=42 removed_constant=0 L=168 H=24 stride=512
[2026-08-28 13:34:50,371][evaluation.evaluator][INFO] - artifacts ready run=/fslarge/scratch/users/h61084/codes/tsfm/outputs_selena/covariates/time-current_velocity_h_part03/168_24/ts_icl/none/instance/keep/run_0 mse=2.13294 nmse=1.68954 inference_seconds=1.380
2026-08-28 13:34:52 | configuration dataset=time/current_velocity_h_part03 L=168 H=24 model=ts_icl covariates=identity instance_norm=true remove_constant=false seed=1 batch_size=32
[2026-08-28 13:34:55,047][data.dataset][INFO] - dataset config path=/fssmall/home/h61084/codes/datasets/time/current_velocity_h_part03/config.json applied_keys=['date_col', 'drop_users', 'target_cols']
[2026-08-28 13:34:55,067][evaluation.evaluator][INFO] - evaluate dataset=time/current_velocity_h_part03 users=6 dates=3264 windows=42 removed_constant=0 L=168 H=24 stride=512
[2026-08-28 13:34:57,307][evaluation.evaluator][INFO] - artifacts ready run=/fslarge/scratch/users/h61084/codes/tsfm/outputs_selena/covariates/time-current_velocity_h_part03/168_24/ts_icl/identity/instance/keep/run_0 mse=0.00131299 nmse=0.0228459 inference_seconds=1.406
2026-08-28 13:34:59 | configuration dataset=time/current_velocity_h_part03 L=336 H=48 model=chronos2 covariates=none instance_norm=true remove_constant=false seed=1 batch_size=64
[2026-08-28 13:35:02,032][data.dataset][INFO] - dataset config path=/fssmall/home/h61084/codes/datasets/time/current_velocity_h_part03/config.json applied_keys=['date_col', 'drop_users', 'target_cols']
[2026-08-28 13:35:02,054][evaluation.evaluator][INFO] - evaluate dataset=time/current_velocity_h_part03 users=6 dates=3264 windows=36 removed_constant=0 L=336 H=48 stride=512
[2026-08-28 13:35:07,948][evaluation.evaluator][INFO] - artifacts ready run=/fslarge/scratch/users/h61084/codes/tsfm/outputs_selena/covariates/time-current_velocity_h_part03/336_48/chronos2/none/instance/keep/run_0 mse=3.14796 nmse=0.668783 inference_seconds=0.197
2026-08-28 13:35:10 | configuration dataset=time/current_velocity_h_part03 L=336 H=48 model=chronos2 covariates=identity instance_norm=true remove_constant=false seed=1 batch_size=64
[2026-08-28 13:35:12,822][data.dataset][INFO] - dataset config path=/fssmall/home/h61084/codes/datasets/time/current_velocity_h_part03/config.json applied_keys=['date_col', 'drop_users', 'target_cols']
[2026-08-28 13:35:12,843][evaluation.evaluator][INFO] - evaluate dataset=time/current_velocity_h_part03 users=6 dates=3264 windows=36 removed_constant=0 L=336 H=48 stride=512
[2026-08-28 13:35:18,720][evaluation.evaluator][INFO] - artifacts ready run=/fslarge/scratch/users/h61084/codes/tsfm/outputs_selena/covariates/time-current_velocity_h_part03/336_48/chronos2/identity/instance/keep/run_0 mse=0.0329192 nmse=0.00745062 inference_seconds=0.201
2026-08-28 13:35:20 | configuration dataset=time/current_velocity_h_part03 L=336 H=48 model=ts_icl covariates=none instance_norm=true remove_constant=false seed=1 batch_size=32
[2026-08-28 13:35:23,565][data.dataset][INFO] - dataset config path=/fssmall/home/h61084/codes/datasets/time/current_velocity_h_part03/config.json applied_keys=['date_col', 'drop_users', 'target_cols']
[2026-08-28 13:35:23,586][evaluation.evaluator][INFO] - evaluate dataset=time/current_velocity_h_part03 users=6 dates=3264 windows=36 removed_constant=0 L=336 H=48 stride=512
[2026-08-28 13:35:25,810][evaluation.evaluator][INFO] - artifacts ready run=/fslarge/scratch/users/h61084/codes/tsfm/outputs_selena/covariates/time-current_velocity_h_part03/336_48/ts_icl/none/instance/keep/run_0 mse=3.176 nmse=0.659035 inference_seconds=1.394
2026-08-28 13:35:27 | configuration dataset=time/current_velocity_h_part03 L=336 H=48 model=ts_icl covariates=identity instance_norm=true remove_constant=false seed=1 batch_size=32
[2026-08-28 13:35:30,536][data.dataset][INFO] - dataset config path=/fssmall/home/h61084/codes/datasets/time/current_velocity_h_part03/config.json applied_keys=['date_col', 'drop_users', 'target_cols']
[2026-08-28 13:35:30,557][evaluation.evaluator][INFO] - evaluate dataset=time/current_velocity_h_part03 users=6 dates=3264 windows=36 removed_constant=0 L=336 H=48 stride=512
[2026-08-28 13:35:32,833][evaluation.evaluator][INFO] - artifacts ready run=/fslarge/scratch/users/h61084/codes/tsfm/outputs_selena/covariates/time-current_velocity_h_part03/336_48/ts_icl/identity/instance/keep/run_0 mse=0.025209 nmse=0.0012184 inference_seconds=1.429
2026-08-28 13:35:34 | configuration dataset=time/current_velocity_h_part03 L=504 H=168 model=chronos2 covariates=none instance_norm=true remove_constant=false seed=1 batch_size=64
[2026-08-28 13:35:37,599][data.dataset][INFO] - dataset config path=/fssmall/home/h61084/codes/datasets/time/current_velocity_h_part03/config.json applied_keys=['date_col', 'drop_users', 'target_cols']
[2026-08-28 13:35:37,620][evaluation.evaluator][INFO] - evaluate dataset=time/current_velocity_h_part03 users=6 dates=3264 windows=36 removed_constant=0 L=504 H=168 stride=512
[2026-08-28 13:35:43,484][evaluation.evaluator][INFO] - artifacts ready run=/fslarge/scratch/users/h61084/codes/tsfm/outputs_selena/covariates/time-current_velocity_h_part03/504_168/chronos2/none/instance/keep/run_0 mse=12.1573 nmse=1.00105 inference_seconds=0.194
2026-08-28 13:35:45 | configuration dataset=time/current_velocity_h_part03 L=504 H=168 model=chronos2 covariates=identity instance_norm=true remove_constant=false seed=1 batch_size=64
[2026-08-28 13:35:48,381][data.dataset][INFO] - dataset config path=/fssmall/home/h61084/codes/datasets/time/current_velocity_h_part03/config.json applied_keys=['date_col', 'drop_users', 'target_cols']
[2026-08-28 13:35:48,402][evaluation.evaluator][INFO] - evaluate dataset=time/current_velocity_h_part03 users=6 dates=3264 windows=36 removed_constant=0 L=504 H=168 stride=512
[2026-08-28 13:35:54,268][evaluation.evaluator][INFO] - artifacts ready run=/fslarge/scratch/users/h61084/codes/tsfm/outputs_selena/covariates/time-current_velocity_h_part03/504_168/chronos2/identity/instance/keep/run_0 mse=0.0254364 nmse=0.0068344 inference_seconds=0.206
2026-08-28 13:35:56 | configuration dataset=time/current_velocity_h_part03 L=504 H=168 model=ts_icl covariates=none instance_norm=true remove_constant=false seed=1 batch_size=32
[2026-08-28 13:35:59,105][data.dataset][INFO] - dataset config path=/fssmall/home/h61084/codes/datasets/time/current_velocity_h_part03/config.json applied_keys=['date_col', 'drop_users', 'target_cols']
[2026-08-28 13:35:59,126][evaluation.evaluator][INFO] - evaluate dataset=time/current_velocity_h_part03 users=6 dates=3264 windows=36 removed_constant=0 L=504 H=168 stride=512
[2026-08-28 13:36:01,374][evaluation.evaluator][INFO] - artifacts ready run=/fslarge/scratch/users/h61084/codes/tsfm/outputs_selena/covariates/time-current_velocity_h_part03/504_168/ts_icl/none/instance/keep/run_0 mse=6.84768 nmse=0.852442 inference_seconds=1.410
2026-08-28 13:36:03 | configuration dataset=time/current_velocity_h_part03 L=504 H=168 model=ts_icl covariates=identity instance_norm=true remove_constant=false seed=1 batch_size=32
[2026-08-28 13:36:06,123][data.dataset][INFO] - dataset config path=/fssmall/home/h61084/codes/datasets/time/current_velocity_h_part03/config.json applied_keys=['date_col', 'drop_users', 'target_cols']
[2026-08-28 13:36:06,144][evaluation.evaluator][INFO] - evaluate dataset=time/current_velocity_h_part03 users=6 dates=3264 windows=36 removed_constant=0 L=504 H=168 stride=512
[2026-08-28 13:36:08,419][evaluation.evaluator][INFO] - artifacts ready run=/fslarge/scratch/users/h61084/codes/tsfm/outputs_selena/covariates/time-current_velocity_h_part03/504_168/ts_icl/identity/instance/keep/run_0 mse=0.00197632 nmse=0.000589297 inference_seconds=1.438
2026-08-28 13:36:10 | configuration dataset=time/current_velocity_h_part04 L=168 H=24 model=chronos2 covariates=none instance_norm=true remove_constant=false seed=1 batch_size=64
[2026-08-28 13:36:13,122][data.dataset][INFO] - dataset config path=/fssmall/home/h61084/codes/datasets/time/current_velocity_h_part04/config.json applied_keys=['date_col', 'drop_users', 'target_cols']
[2026-08-28 13:36:13,145][evaluation.evaluator][INFO] - evaluate dataset=time/current_velocity_h_part04 users=6 dates=4489 windows=54 removed_constant=0 L=168 H=24 stride=512
[2026-08-28 13:36:18,968][evaluation.evaluator][INFO] - artifacts ready run=/fslarge/scratch/users/h61084/codes/tsfm/outputs_selena/covariates/time-current_velocity_h_part04/168_24/chronos2/none/instance/keep/run_0 mse=11.8252 nmse=0.658786 inference_seconds=0.191
2026-08-28 13:36:21 | configuration dataset=time/current_velocity_h_part04 L=168 H=24 model=chronos2 covariates=identity instance_norm=true remove_constant=false seed=1 batch_size=64
[2026-08-28 13:36:23,908][data.dataset][INFO] - dataset config path=/fssmall/home/h61084/codes/datasets/time/current_velocity_h_part04/config.json applied_keys=['date_col', 'drop_users', 'target_cols']
[2026-08-28 13:36:23,928][evaluation.evaluator][INFO] - evaluate dataset=time/current_velocity_h_part04 users=6 dates=4489 windows=54 removed_constant=0 L=168 H=24 stride=512
[2026-08-28 13:36:29,765][evaluation.evaluator][INFO] - artifacts ready run=/fslarge/scratch/users/h61084/codes/tsfm/outputs_selena/covariates/time-current_velocity_h_part04/168_24/chronos2/identity/instance/keep/run_0 mse=0.193937 nmse=0.0117574 inference_seconds=0.203
2026-08-28 13:36:32 | configuration dataset=time/current_velocity_h_part04 L=168 H=24 model=ts_icl covariates=none instance_norm=true remove_constant=false seed=1 batch_size=32
[2026-08-28 13:36:34,689][data.dataset][INFO] - dataset config path=/fssmall/home/h61084/codes/datasets/time/current_velocity_h_part04/config.json applied_keys=['date_col', 'drop_users', 'target_cols']
[2026-08-28 13:36:34,710][evaluation.evaluator][INFO] - evaluate dataset=time/current_velocity_h_part04 users=6 dates=4489 windows=54 removed_constant=0 L=168 H=24 stride=512
[2026-08-28 13:36:36,942][evaluation.evaluator][INFO] - artifacts ready run=/fslarge/scratch/users/h61084/codes/tsfm/outputs_selena/covariates/time-current_velocity_h_part04/168_24/ts_icl/none/instance/keep/run_0 mse=10.822 nmse=0.597897 inference_seconds=1.377
2026-08-28 13:36:38 | configuration dataset=time/current_velocity_h_part04 L=168 H=24 model=ts_icl covariates=identity instance_norm=true remove_constant=false seed=1 batch_size=32
[2026-08-28 13:36:41,654][data.dataset][INFO] - dataset config path=/fssmall/home/h61084/codes/datasets/time/current_velocity_h_part04/config.json applied_keys=['date_col', 'drop_users', 'target_cols']
[2026-08-28 13:36:41,675][evaluation.evaluator][INFO] - evaluate dataset=time/current_velocity_h_part04 users=6 dates=4489 windows=54 removed_constant=0 L=168 H=24 stride=512
[2026-08-28 13:36:43,922][evaluation.evaluator][INFO] - artifacts ready run=/fslarge/scratch/users/h61084/codes/tsfm/outputs_selena/covariates/time-current_velocity_h_part04/168_24/ts_icl/identity/instance/keep/run_0 mse=0.00213556 nmse=0.0221378 inference_seconds=1.410
2026-08-28 13:36:45 | configuration dataset=time/current_velocity_h_part04 L=336 H=48 model=chronos2 covariates=none instance_norm=true remove_constant=false seed=1 batch_size=64
[2026-08-28 13:36:48,639][data.dataset][INFO] - dataset config path=/fssmall/home/h61084/codes/datasets/time/current_velocity_h_part04/config.json applied_keys=['date_col', 'drop_users', 'target_cols']
[2026-08-28 13:36:48,661][evaluation.evaluator][INFO] - evaluate dataset=time/current_velocity_h_part04 users=6 dates=4489 windows=54 removed_constant=0 L=336 H=48 stride=512
[2026-08-28 13:36:54,975][evaluation.evaluator][INFO] - artifacts ready run=/fslarge/scratch/users/h61084/codes/tsfm/outputs_selena/covariates/time-current_velocity_h_part04/336_48/chronos2/none/instance/keep/run_0 mse=12.5698 nmse=1.17245 inference_seconds=0.194
2026-08-28 13:36:57 | configuration dataset=time/current_velocity_h_part04 L=336 H=48 model=chronos2 covariates=identity instance_norm=true remove_constant=false seed=1 batch_size=64
[2026-08-28 13:36:59,849][data.dataset][INFO] - dataset config path=/fssmall/home/h61084/codes/datasets/time/current_velocity_h_part04/config.json applied_keys=['date_col', 'drop_users', 'target_cols']
[2026-08-28 13:36:59,870][evaluation.evaluator][INFO] - evaluate dataset=time/current_velocity_h_part04 users=6 dates=4489 windows=54 removed_constant=0 L=336 H=48 stride=512
[2026-08-28 13:37:05,687][evaluation.evaluator][INFO] - artifacts ready run=/fslarge/scratch/users/h61084/codes/tsfm/outputs_selena/covariates/time-current_velocity_h_part04/336_48/chronos2/identity/instance/keep/run_0 mse=0.199954 nmse=0.0189345 inference_seconds=0.206
2026-08-28 13:37:07 | configuration dataset=time/current_velocity_h_part04 L=336 H=48 model=ts_icl covariates=none instance_norm=true remove_constant=false seed=1 batch_size=32
[2026-08-28 13:37:10,625][data.dataset][INFO] - dataset config path=/fssmall/home/h61084/codes/datasets/time/current_velocity_h_part04/config.json applied_keys=['date_col', 'drop_users', 'target_cols']
[2026-08-28 13:37:10,647][evaluation.evaluator][INFO] - evaluate dataset=time/current_velocity_h_part04 users=6 dates=4489 windows=54 removed_constant=0 L=336 H=48 stride=512
[2026-08-28 13:37:12,916][evaluation.evaluator][INFO] - artifacts ready run=/fslarge/scratch/users/h61084/codes/tsfm/outputs_selena/covariates/time-current_velocity_h_part04/336_48/ts_icl/none/instance/keep/run_0 mse=8.84305 nmse=1.17884 inference_seconds=1.417
2026-08-28 13:37:14 | configuration dataset=time/current_velocity_h_part04 L=336 H=48 model=ts_icl covariates=identity instance_norm=true remove_constant=false seed=1 batch_size=32
[2026-08-28 13:37:17,663][data.dataset][INFO] - dataset config path=/fssmall/home/h61084/codes/datasets/time/current_velocity_h_part04/config.json applied_keys=['date_col', 'drop_users', 'target_cols']
[2026-08-28 13:37:17,684][evaluation.evaluator][INFO] - evaluate dataset=time/current_velocity_h_part04 users=6 dates=4489 windows=54 removed_constant=0 L=336 H=48 stride=512
[2026-08-28 13:37:19,942][evaluation.evaluator][INFO] - artifacts ready run=/fslarge/scratch/users/h61084/codes/tsfm/outputs_selena/covariates/time-current_velocity_h_part04/336_48/ts_icl/identity/instance/keep/run_0 mse=0.00365561 nmse=0.00602232 inference_seconds=1.423
2026-08-28 13:37:22 | configuration dataset=time/current_velocity_h_part04 L=504 H=168 model=chronos2 covariates=none instance_norm=true remove_constant=false seed=1 batch_size=64
[2026-08-28 13:37:24,667][data.dataset][INFO] - dataset config path=/fssmall/home/h61084/codes/datasets/time/current_velocity_h_part04/config.json applied_keys=['date_col', 'drop_users', 'target_cols']
[2026-08-28 13:37:24,689][evaluation.evaluator][INFO] - evaluate dataset=time/current_velocity_h_part04 users=6 dates=4489 windows=48 removed_constant=0 L=504 H=168 stride=512
[2026-08-28 13:37:30,500][evaluation.evaluator][INFO] - artifacts ready run=/fslarge/scratch/users/h61084/codes/tsfm/outputs_selena/covariates/time-current_velocity_h_part04/504_168/chronos2/none/instance/keep/run_0 mse=17.5595 nmse=1.22135 inference_seconds=0.199
2026-08-28 13:37:32 | configuration dataset=time/current_velocity_h_part04 L=504 H=168 model=chronos2 covariates=identity instance_norm=true remove_constant=false seed=1 batch_size=64
[2026-08-28 13:37:35,465][data.dataset][INFO] - dataset config path=/fssmall/home/h61084/codes/datasets/time/current_velocity_h_part04/config.json applied_keys=['date_col', 'drop_users', 'target_cols']
[2026-08-28 13:37:35,485][evaluation.evaluator][INFO] - evaluate dataset=time/current_velocity_h_part04 users=6 dates=4489 windows=48 removed_constant=0 L=504 H=168 stride=512
[2026-08-28 13:37:41,391][evaluation.evaluator][INFO] - artifacts ready run=/fslarge/scratch/users/h61084/codes/tsfm/outputs_selena/covariates/time-current_velocity_h_part04/504_168/chronos2/identity/instance/keep/run_0 mse=0.0973238 nmse=0.0156234 inference_seconds=0.212
2026-08-28 13:37:43 | configuration dataset=time/current_velocity_h_part04 L=504 H=168 model=ts_icl covariates=none instance_norm=true remove_constant=false seed=1 batch_size=32
[2026-08-28 13:37:46,308][data.dataset][INFO] - dataset config path=/fssmall/home/h61084/codes/datasets/time/current_velocity_h_part04/config.json applied_keys=['date_col', 'drop_users', 'target_cols']
[2026-08-28 13:37:46,329][evaluation.evaluator][INFO] - evaluate dataset=time/current_velocity_h_part04 users=6 dates=4489 windows=48 removed_constant=0 L=504 H=168 stride=512
[2026-08-28 13:37:48,811][evaluation.evaluator][INFO] - artifacts ready run=/fslarge/scratch/users/h61084/codes/tsfm/outputs_selena/covariates/time-current_velocity_h_part04/504_168/ts_icl/none/instance/keep/run_0 mse=16.7032 nmse=1.21229 inference_seconds=1.638
2026-08-28 13:37:50 | configuration dataset=time/current_velocity_h_part04 L=504 H=168 model=ts_icl covariates=identity instance_norm=true remove_constant=false seed=1 batch_size=32
[2026-08-28 13:37:53,568][data.dataset][INFO] - dataset config path=/fssmall/home/h61084/codes/datasets/time/current_velocity_h_part04/config.json applied_keys=['date_col', 'drop_users', 'target_cols']
[2026-08-28 13:37:53,589][evaluation.evaluator][INFO] - evaluate dataset=time/current_velocity_h_part04 users=6 dates=4489 windows=48 removed_constant=0 L=504 H=168 stride=512
[2026-08-28 13:37:55,890][evaluation.evaluator][INFO] - artifacts ready run=/fslarge/scratch/users/h61084/codes/tsfm/outputs_selena/covariates/time-current_velocity_h_part04/504_168/ts_icl/identity/instance/keep/run_0 mse=0.00496638 nmse=0.0421726 inference_seconds=1.467
2026-08-28 13:37:57 | configuration dataset=time/current_velocity_h_part05 L=168 H=24 model=chronos2 covariates=none instance_norm=true remove_constant=false seed=1 batch_size=64
[2026-08-28 13:38:00,607][data.dataset][INFO] - dataset config path=/fssmall/home/h61084/codes/datasets/time/current_velocity_h_part05/config.json applied_keys=['date_col', 'drop_users', 'target_cols']
[2026-08-28 13:38:00,632][evaluation.evaluator][INFO] - evaluate dataset=time/current_velocity_h_part05 users=6 dates=5086 windows=60 removed_constant=0 L=168 H=24 stride=512
[2026-08-28 13:38:06,419][evaluation.evaluator][INFO] - artifacts ready run=/fslarge/scratch/users/h61084/codes/tsfm/outputs_selena/covariates/time-current_velocity_h_part05/168_24/chronos2/none/instance/keep/run_0 mse=12.6851 nmse=0.663454 inference_seconds=0.194
2026-08-28 13:38:08 | configuration dataset=time/current_velocity_h_part05 L=168 H=24 model=chronos2 covariates=identity instance_norm=true remove_constant=false seed=1 batch_size=64
[2026-08-28 13:38:11,321][data.dataset][INFO] - dataset config path=/fssmall/home/h61084/codes/datasets/time/current_velocity_h_part05/config.json applied_keys=['date_col', 'drop_users', 'target_cols']
[2026-08-28 13:38:11,342][evaluation.evaluator][INFO] - evaluate dataset=time/current_velocity_h_part05 users=6 dates=5086 windows=60 removed_constant=0 L=168 H=24 stride=512
[2026-08-28 13:38:17,154][evaluation.evaluator][INFO] - artifacts ready run=/fslarge/scratch/users/h61084/codes/tsfm/outputs_selena/covariates/time-current_velocity_h_part05/168_24/chronos2/identity/instance/keep/run_0 mse=0.158902 nmse=0.0145635 inference_seconds=0.198
2026-08-28 13:38:19 | configuration dataset=time/current_velocity_h_part05 L=168 H=24 model=ts_icl covariates=none instance_norm=true remove_constant=false seed=1 batch_size=32
[2026-08-28 13:38:22,053][data.dataset][INFO] - dataset config path=/fssmall/home/h61084/codes/datasets/time/current_velocity_h_part05/config.json applied_keys=['date_col', 'drop_users', 'target_cols']
[2026-08-28 13:38:22,075][evaluation.evaluator][INFO] - evaluate dataset=time/current_velocity_h_part05 users=6 dates=5086 windows=60 removed_constant=0 L=168 H=24 stride=512
[2026-08-28 13:38:24,306][evaluation.evaluator][INFO] - artifacts ready run=/fslarge/scratch/users/h61084/codes/tsfm/outputs_selena/covariates/time-current_velocity_h_part05/168_24/ts_icl/none/instance/keep/run_0 mse=10.8439 nmse=0.780136 inference_seconds=1.391
2026-08-28 13:38:26 | configuration dataset=time/current_velocity_h_part05 L=168 H=24 model=ts_icl covariates=identity instance_norm=true remove_constant=false seed=1 batch_size=32
[2026-08-28 13:38:29,002][data.dataset][INFO] - dataset config path=/fssmall/home/h61084/codes/datasets/time/current_velocity_h_part05/config.json applied_keys=['date_col', 'drop_users', 'target_cols']
[2026-08-28 13:38:29,022][evaluation.evaluator][INFO] - evaluate dataset=time/current_velocity_h_part05 users=6 dates=5086 windows=60 removed_constant=0 L=168 H=24 stride=512
[2026-08-28 13:38:31,249][evaluation.evaluator][INFO] - artifacts ready run=/fslarge/scratch/users/h61084/codes/tsfm/outputs_selena/covariates/time-current_velocity_h_part05/168_24/ts_icl/identity/instance/keep/run_0 mse=0.00369318 nmse=0.0522182 inference_seconds=1.388
2026-08-28 13:38:33 | configuration dataset=time/current_velocity_h_part05 L=336 H=48 model=chronos2 covariates=none instance_norm=true remove_constant=false seed=1 batch_size=64
[2026-08-28 13:38:36,022][data.dataset][INFO] - dataset config path=/fssmall/home/h61084/codes/datasets/time/current_velocity_h_part05/config.json applied_keys=['date_col', 'drop_users', 'target_cols']
[2026-08-28 13:38:36,044][evaluation.evaluator][INFO] - evaluate dataset=time/current_velocity_h_part05 users=6 dates=5086 windows=60 removed_constant=0 L=336 H=48 stride=512
[2026-08-28 13:38:41,845][evaluation.evaluator][INFO] - artifacts ready run=/fslarge/scratch/users/h61084/codes/tsfm/outputs_selena/covariates/time-current_velocity_h_part05/336_48/chronos2/none/instance/keep/run_0 mse=6.14823 nmse=0.492271 inference_seconds=0.197
2026-08-28 13:38:44 | configuration dataset=time/current_velocity_h_part05 L=336 H=48 model=chronos2 covariates=identity instance_norm=true remove_constant=false seed=1 batch_size=64
[2026-08-28 13:38:46,736][data.dataset][INFO] - dataset config path=/fssmall/home/h61084/codes/datasets/time/current_velocity_h_part05/config.json applied_keys=['date_col', 'drop_users', 'target_cols']
[2026-08-28 13:38:46,757][evaluation.evaluator][INFO] - evaluate dataset=time/current_velocity_h_part05 users=6 dates=5086 windows=60 removed_constant=0 L=336 H=48 stride=512
[2026-08-28 13:38:52,579][evaluation.evaluator][INFO] - artifacts ready run=/fslarge/scratch/users/h61084/codes/tsfm/outputs_selena/covariates/time-current_velocity_h_part05/336_48/chronos2/identity/instance/keep/run_0 mse=0.0983221 nmse=0.0122006 inference_seconds=0.206
2026-08-28 13:38:54 | configuration dataset=time/current_velocity_h_part05 L=336 H=48 model=ts_icl covariates=none instance_norm=true remove_constant=false seed=1 batch_size=32
[2026-08-28 13:38:57,521][data.dataset][INFO] - dataset config path=/fssmall/home/h61084/codes/datasets/time/current_velocity_h_part05/config.json applied_keys=['date_col', 'drop_users', 'target_cols']
[2026-08-28 13:38:57,542][evaluation.evaluator][INFO] - evaluate dataset=time/current_velocity_h_part05 users=6 dates=5086 windows=60 removed_constant=0 L=336 H=48 stride=512
[2026-08-28 13:38:59,809][evaluation.evaluator][INFO] - artifacts ready run=/fslarge/scratch/users/h61084/codes/tsfm/outputs_selena/covariates/time-current_velocity_h_part05/336_48/ts_icl/none/instance/keep/run_0 mse=6.04787 nmse=0.515006 inference_seconds=1.409
2026-08-28 13:39:01 | configuration dataset=time/current_velocity_h_part05 L=336 H=48 model=ts_icl covariates=identity instance_norm=true remove_constant=false seed=1 batch_size=32
[2026-08-28 13:39:04,632][data.dataset][INFO] - dataset config path=/fssmall/home/h61084/codes/datasets/time/current_velocity_h_part05/config.json applied_keys=['date_col', 'drop_users', 'target_cols']
[2026-08-28 13:39:04,653][evaluation.evaluator][INFO] - evaluate dataset=time/current_velocity_h_part05 users=6 dates=5086 windows=60 removed_constant=0 L=336 H=48 stride=512
[2026-08-28 13:39:06,957][evaluation.evaluator][INFO] - artifacts ready run=/fslarge/scratch/users/h61084/codes/tsfm/outputs_selena/covariates/time-current_velocity_h_part05/336_48/ts_icl/identity/instance/keep/run_0 mse=0.00303939 nmse=0.00735456 inference_seconds=1.442
2026-08-28 13:39:09 | configuration dataset=time/current_velocity_h_part05 L=504 H=168 model=chronos2 covariates=none instance_norm=true remove_constant=false seed=1 batch_size=64
[2026-08-28 13:39:11,759][data.dataset][INFO] - dataset config path=/fssmall/home/h61084/codes/datasets/time/current_velocity_h_part05/config.json applied_keys=['date_col', 'drop_users', 'target_cols']
[2026-08-28 13:39:11,781][evaluation.evaluator][INFO] - evaluate dataset=time/current_velocity_h_part05 users=6 dates=5086 windows=54 removed_constant=0 L=504 H=168 stride=512
[2026-08-28 13:39:17,598][evaluation.evaluator][INFO] - artifacts ready run=/fslarge/scratch/users/h61084/codes/tsfm/outputs_selena/covariates/time-current_velocity_h_part05/504_168/chronos2/none/instance/keep/run_0 mse=15.4182 nmse=1.13159 inference_seconds=0.195
2026-08-28 13:39:19 | configuration dataset=time/current_velocity_h_part05 L=504 H=168 model=chronos2 covariates=identity instance_norm=true remove_constant=false seed=1 batch_size=64
[2026-08-28 13:39:22,561][data.dataset][INFO] - dataset config path=/fssmall/home/h61084/codes/datasets/time/current_velocity_h_part05/config.json applied_keys=['date_col', 'drop_users', 'target_cols']
[2026-08-28 13:39:22,583][evaluation.evaluator][INFO] - evaluate dataset=time/current_velocity_h_part05 users=6 dates=5086 windows=54 removed_constant=0 L=504 H=168 stride=512
[2026-08-28 13:39:28,442][evaluation.evaluator][INFO] - artifacts ready run=/fslarge/scratch/users/h61084/codes/tsfm/outputs_selena/covariates/time-current_velocity_h_part05/504_168/chronos2/identity/instance/keep/run_0 mse=0.111535 nmse=0.0188902 inference_seconds=0.215
2026-08-28 13:39:30 | configuration dataset=time/current_velocity_h_part05 L=504 H=168 model=ts_icl covariates=none instance_norm=true remove_constant=false seed=1 batch_size=32
[2026-08-28 13:39:33,367][data.dataset][INFO] - dataset config path=/fssmall/home/h61084/codes/datasets/time/current_velocity_h_part05/config.json applied_keys=['date_col', 'drop_users', 'target_cols']
[2026-08-28 13:39:33,388][evaluation.evaluator][INFO] - evaluate dataset=time/current_velocity_h_part05 users=6 dates=5086 windows=54 removed_constant=0 L=504 H=168 stride=512
[2026-08-28 13:39:35,670][evaluation.evaluator][INFO] - artifacts ready run=/fslarge/scratch/users/h61084/codes/tsfm/outputs_selena/covariates/time-current_velocity_h_part05/504_168/ts_icl/none/instance/keep/run_0 mse=15.2367 nmse=1.10821 inference_seconds=1.437
2026-08-28 13:39:37 | configuration dataset=time/current_velocity_h_part05 L=504 H=168 model=ts_icl covariates=identity instance_norm=true remove_constant=false seed=1 batch_size=32
[2026-08-28 13:39:40,430][data.dataset][INFO] - dataset config path=/fssmall/home/h61084/codes/datasets/time/current_velocity_h_part05/config.json applied_keys=['date_col', 'drop_users', 'target_cols']
[2026-08-28 13:39:40,451][evaluation.evaluator][INFO] - evaluate dataset=time/current_velocity_h_part05 users=6 dates=5086 windows=54 removed_constant=0 L=504 H=168 stride=512
[2026-08-28 13:39:42,764][evaluation.evaluator][INFO] - artifacts ready run=/fslarge/scratch/users/h61084/codes/tsfm/outputs_selena/covariates/time-current_velocity_h_part05/504_168/ts_icl/identity/instance/keep/run_0 mse=0.00590447 nmse=0.0357335 inference_seconds=1.465
2026-08-28 13:39:44 | configuration dataset=time/current_velocity_h_part06 L=168 H=24 model=chronos2 covariates=none instance_norm=true remove_constant=false seed=1 batch_size=64
[2026-08-28 13:39:47,567][data.dataset][INFO] - dataset config path=/fssmall/home/h61084/codes/datasets/time/current_velocity_h_part06/config.json applied_keys=['date_col', 'drop_users', 'target_cols']
[2026-08-28 13:39:47,591][evaluation.evaluator][INFO] - evaluate dataset=time/current_velocity_h_part06 users=6 dates=5327 windows=66 removed_constant=0 L=168 H=24 stride=512
[2026-08-28 13:39:53,417][evaluation.evaluator][INFO] - artifacts ready run=/fslarge/scratch/users/h61084/codes/tsfm/outputs_selena/covariates/time-current_velocity_h_part06/168_24/chronos2/none/instance/keep/run_0 mse=3.35952 nmse=0.496024 inference_seconds=0.209
2026-08-28 13:39:55 | configuration dataset=time/current_velocity_h_part06 L=168 H=24 model=chronos2 covariates=identity instance_norm=true remove_constant=false seed=1 batch_size=64
[2026-08-28 13:39:58,321][data.dataset][INFO] - dataset config path=/fssmall/home/h61084/codes/datasets/time/current_velocity_h_part06/config.json applied_keys=['date_col', 'drop_users', 'target_cols']
[2026-08-28 13:39:58,343][evaluation.evaluator][INFO] - evaluate dataset=time/current_velocity_h_part06 users=6 dates=5327 windows=66 removed_constant=0 L=168 H=24 stride=512
[2026-08-28 13:40:04,180][evaluation.evaluator][INFO] - artifacts ready run=/fslarge/scratch/users/h61084/codes/tsfm/outputs_selena/covariates/time-current_velocity_h_part06/168_24/chronos2/identity/instance/keep/run_0 mse=0.0583154 nmse=0.0158662 inference_seconds=0.220
2026-08-28 13:40:06 | configuration dataset=time/current_velocity_h_part06 L=168 H=24 model=ts_icl covariates=none instance_norm=true remove_constant=false seed=1 batch_size=32
[2026-08-28 13:40:09,153][data.dataset][INFO] - dataset config path=/fssmall/home/h61084/codes/datasets/time/current_velocity_h_part06/config.json applied_keys=['date_col', 'drop_users', 'target_cols']
[2026-08-28 13:40:09,174][evaluation.evaluator][INFO] - evaluate dataset=time/current_velocity_h_part06 users=6 dates=5327 windows=66 removed_constant=0 L=168 H=24 stride=512
[2026-08-28 13:40:11,428][evaluation.evaluator][INFO] - artifacts ready run=/fslarge/scratch/users/h61084/codes/tsfm/outputs_selena/covariates/time-current_velocity_h_part06/168_24/ts_icl/none/instance/keep/run_0 mse=3.69081 nmse=0.528393 inference_seconds=1.413
2026-08-28 13:40:13 | configuration dataset=time/current_velocity_h_part06 L=168 H=24 model=ts_icl covariates=identity instance_norm=true remove_constant=false seed=1 batch_size=32
[2026-08-28 13:40:16,242][data.dataset][INFO] - dataset config path=/fssmall/home/h61084/codes/datasets/time/current_velocity_h_part06/config.json applied_keys=['date_col', 'drop_users', 'target_cols']
[2026-08-28 13:40:16,263][evaluation.evaluator][INFO] - evaluate dataset=time/current_velocity_h_part06 users=6 dates=5327 windows=66 removed_constant=0 L=168 H=24 stride=512
[2026-08-28 13:40:18,547][evaluation.evaluator][INFO] - artifacts ready run=/fslarge/scratch/users/h61084/codes/tsfm/outputs_selena/covariates/time-current_velocity_h_part06/168_24/ts_icl/identity/instance/keep/run_0 mse=0.00457781 nmse=0.0380547 inference_seconds=1.444
2026-08-28 13:40:20 | configuration dataset=time/current_velocity_h_part06 L=336 H=48 model=chronos2 covariates=none instance_norm=true remove_constant=false seed=1 batch_size=64
[2026-08-28 13:40:23,309][data.dataset][INFO] - dataset config path=/fssmall/home/h61084/codes/datasets/time/current_velocity_h_part06/config.json applied_keys=['date_col', 'drop_users', 'target_cols']
[2026-08-28 13:40:23,332][evaluation.evaluator][INFO] - evaluate dataset=time/current_velocity_h_part06 users=6 dates=5327 windows=60 removed_constant=0 L=336 H=48 stride=512
[2026-08-28 13:40:29,149][evaluation.evaluator][INFO] - artifacts ready run=/fslarge/scratch/users/h61084/codes/tsfm/outputs_selena/covariates/time-current_velocity_h_part06/336_48/chronos2/none/instance/keep/run_0 mse=9.24235 nmse=0.539401 inference_seconds=0.197
2026-08-28 13:40:31 | configuration dataset=time/current_velocity_h_part06 L=336 H=48 model=chronos2 covariates=identity instance_norm=true remove_constant=false seed=1 batch_size=64
[2026-08-28 13:40:34,130][data.dataset][INFO] - dataset config path=/fssmall/home/h61084/codes/datasets/time/current_velocity_h_part06/config.json applied_keys=['date_col', 'drop_users', 'target_cols']
[2026-08-28 13:40:34,151][evaluation.evaluator][INFO] - evaluate dataset=time/current_velocity_h_part06 users=6 dates=5327 windows=60 removed_constant=0 L=336 H=48 stride=512
[2026-08-28 13:40:39,969][evaluation.evaluator][INFO] - artifacts ready run=/fslarge/scratch/users/h61084/codes/tsfm/outputs_selena/covariates/time-current_velocity_h_part06/336_48/chronos2/identity/instance/keep/run_0 mse=0.118307 nmse=0.0144554 inference_seconds=0.208
2026-08-28 13:40:42 | configuration dataset=time/current_velocity_h_part06 L=336 H=48 model=ts_icl covariates=none instance_norm=true remove_constant=false seed=1 batch_size=32
[2026-08-28 13:40:44,939][data.dataset][INFO] - dataset config path=/fssmall/home/h61084/codes/datasets/time/current_velocity_h_part06/config.json applied_keys=['date_col', 'drop_users', 'target_cols']
[2026-08-28 13:40:44,961][evaluation.evaluator][INFO] - evaluate dataset=time/current_velocity_h_part06 users=6 dates=5327 windows=60 removed_constant=0 L=336 H=48 stride=512
[2026-08-28 13:40:47,217][evaluation.evaluator][INFO] - artifacts ready run=/fslarge/scratch/users/h61084/codes/tsfm/outputs_selena/covariates/time-current_velocity_h_part06/336_48/ts_icl/none/instance/keep/run_0 mse=9.67084 nmse=0.574222 inference_seconds=1.415
2026-08-28 13:40:49 | configuration dataset=time/current_velocity_h_part06 L=336 H=48 model=ts_icl covariates=identity instance_norm=true remove_constant=false seed=1 batch_size=32
[2026-08-28 13:40:51,994][data.dataset][INFO] - dataset config path=/fssmall/home/h61084/codes/datasets/time/current_velocity_h_part06/config.json applied_keys=['date_col', 'drop_users', 'target_cols']
[2026-08-28 13:40:52,015][evaluation.evaluator][INFO] - evaluate dataset=time/current_velocity_h_part06 users=6 dates=5327 windows=60 removed_constant=0 L=336 H=48 stride=512
[2026-08-28 13:40:54,275][evaluation.evaluator][INFO] - artifacts ready run=/fslarge/scratch/users/h61084/codes/tsfm/outputs_selena/covariates/time-current_velocity_h_part06/336_48/ts_icl/identity/instance/keep/run_0 mse=0.00499051 nmse=0.0122242 inference_seconds=1.430
2026-08-28 13:40:56 | configuration dataset=time/current_velocity_h_part06 L=504 H=168 model=chronos2 covariates=none instance_norm=true remove_constant=false seed=1 batch_size=64
[2026-08-28 13:40:59,078][data.dataset][INFO] - dataset config path=/fssmall/home/h61084/codes/datasets/time/current_velocity_h_part06/config.json applied_keys=['date_col', 'drop_users', 'target_cols']
[2026-08-28 13:40:59,100][evaluation.evaluator][INFO] - evaluate dataset=time/current_velocity_h_part06 users=6 dates=5327 windows=60 removed_constant=0 L=504 H=168 stride=512
[2026-08-28 13:41:04,951][evaluation.evaluator][INFO] - artifacts ready run=/fslarge/scratch/users/h61084/codes/tsfm/outputs_selena/covariates/time-current_velocity_h_part06/504_168/chronos2/none/instance/keep/run_0 mse=15.9194 nmse=1.08066 inference_seconds=0.198
2026-08-28 13:41:07 | configuration dataset=time/current_velocity_h_part06 L=504 H=168 model=chronos2 covariates=identity instance_norm=true remove_constant=false seed=1 batch_size=64
[2026-08-28 13:41:09,907][data.dataset][INFO] - dataset config path=/fssmall/home/h61084/codes/datasets/time/current_velocity_h_part06/config.json applied_keys=['date_col', 'drop_users', 'target_cols']
[2026-08-28 13:41:09,928][evaluation.evaluator][INFO] - evaluate dataset=time/current_velocity_h_part06 users=6 dates=5327 windows=60 removed_constant=0 L=504 H=168 stride=512
[2026-08-28 13:41:15,791][evaluation.evaluator][INFO] - artifacts ready run=/fslarge/scratch/users/h61084/codes/tsfm/outputs_selena/covariates/time-current_velocity_h_part06/504_168/chronos2/identity/instance/keep/run_0 mse=0.0779248 nmse=0.0173765 inference_seconds=0.217
2026-08-28 13:41:18 | configuration dataset=time/current_velocity_h_part06 L=504 H=168 model=ts_icl covariates=none instance_norm=true remove_constant=false seed=1 batch_size=32
[2026-08-28 13:41:20,756][data.dataset][INFO] - dataset config path=/fssmall/home/h61084/codes/datasets/time/current_velocity_h_part06/config.json applied_keys=['date_col', 'drop_users', 'target_cols']
[2026-08-28 13:41:20,778][evaluation.evaluator][INFO] - evaluate dataset=time/current_velocity_h_part06 users=6 dates=5327 windows=60 removed_constant=0 L=504 H=168 stride=512
[2026-08-28 13:41:23,079][evaluation.evaluator][INFO] - artifacts ready run=/fslarge/scratch/users/h61084/codes/tsfm/outputs_selena/covariates/time-current_velocity_h_part06/504_168/ts_icl/none/instance/keep/run_0 mse=14.2375 nmse=1.02254 inference_seconds=1.461
2026-08-28 13:41:25 | configuration dataset=time/current_velocity_h_part06 L=504 H=168 model=ts_icl covariates=identity instance_norm=true remove_constant=false seed=1 batch_size=32
[2026-08-28 13:41:27,908][data.dataset][INFO] - dataset config path=/fssmall/home/h61084/codes/datasets/time/current_velocity_h_part06/config.json applied_keys=['date_col', 'drop_users', 'target_cols']
[2026-08-28 13:41:27,930][evaluation.evaluator][INFO] - evaluate dataset=time/current_velocity_h_part06 users=6 dates=5327 windows=60 removed_constant=0 L=504 H=168 stride=512
[2026-08-28 13:41:30,274][evaluation.evaluator][INFO] - artifacts ready run=/fslarge/scratch/users/h61084/codes/tsfm/outputs_selena/covariates/time-current_velocity_h_part06/504_168/ts_icl/identity/instance/keep/run_0 mse=0.00732612 nmse=0.0107348 inference_seconds=1.489
2026-08-28 13:41:32 | configuration dataset=time/current_velocity_h_part07 L=168 H=24 model=chronos2 covariates=none instance_norm=true remove_constant=false seed=1 batch_size=64
[2026-08-28 13:41:35,136][data.dataset][INFO] - dataset config path=/fssmall/home/h61084/codes/datasets/time/current_velocity_h_part07/config.json applied_keys=['date_col', 'drop_users', 'target_cols']
[2026-08-28 13:41:35,157][evaluation.evaluator][INFO] - evaluate dataset=time/current_velocity_h_part07 users=6 dates=2354 windows=30 removed_constant=0 L=168 H=24 stride=512
[2026-08-28 13:41:40,974][evaluation.evaluator][INFO] - artifacts ready run=/fslarge/scratch/users/h61084/codes/tsfm/outputs_selena/covariates/time-current_velocity_h_part07/168_24/chronos2/none/instance/keep/run_0 mse=3.28971 nmse=0.463716 inference_seconds=0.192
2026-08-28 13:41:43 | configuration dataset=time/current_velocity_h_part07 L=168 H=24 model=chronos2 covariates=identity instance_norm=true remove_constant=false seed=1 batch_size=64
[2026-08-28 13:41:45,962][data.dataset][INFO] - dataset config path=/fssmall/home/h61084/codes/datasets/time/current_velocity_h_part07/config.json applied_keys=['date_col', 'drop_users', 'target_cols']
[2026-08-28 13:41:45,981][evaluation.evaluator][INFO] - evaluate dataset=time/current_velocity_h_part07 users=6 dates=2354 windows=30 removed_constant=0 L=168 H=24 stride=512
[2026-08-28 13:41:51,812][evaluation.evaluator][INFO] - artifacts ready run=/fslarge/scratch/users/h61084/codes/tsfm/outputs_selena/covariates/time-current_velocity_h_part07/168_24/chronos2/identity/instance/keep/run_0 mse=0.0389986 nmse=0.0205901 inference_seconds=0.194
2026-08-28 13:41:54 | configuration dataset=time/current_velocity_h_part07 L=168 H=24 model=ts_icl covariates=none instance_norm=true remove_constant=false seed=1 batch_size=32
[2026-08-28 13:41:56,769][data.dataset][INFO] - dataset config path=/fssmall/home/h61084/codes/datasets/time/current_velocity_h_part07/config.json applied_keys=['date_col', 'drop_users', 'target_cols']
[2026-08-28 13:41:56,788][evaluation.evaluator][INFO] - evaluate dataset=time/current_velocity_h_part07 users=6 dates=2354 windows=30 removed_constant=0 L=168 H=24 stride=512
[2026-08-28 13:41:58,983][evaluation.evaluator][INFO] - artifacts ready run=/fslarge/scratch/users/h61084/codes/tsfm/outputs_selena/covariates/time-current_velocity_h_part07/168_24/ts_icl/none/instance/keep/run_0 mse=3.7587 nmse=0.496672 inference_seconds=1.350
2026-08-28 13:42:01 | configuration dataset=time/current_velocity_h_part07 L=168 H=24 model=ts_icl covariates=identity instance_norm=true remove_constant=false seed=1 batch_size=32
[2026-08-28 13:42:03,837][data.dataset][INFO] - dataset config path=/fssmall/home/h61084/codes/datasets/time/current_velocity_h_part07/config.json applied_keys=['date_col', 'drop_users', 'target_cols']
[2026-08-28 13:42:03,856][evaluation.evaluator][INFO] - evaluate dataset=time/current_velocity_h_part07 users=6 dates=2354 windows=30 removed_constant=0 L=168 H=24 stride=512
[2026-08-28 13:42:06,077][evaluation.evaluator][INFO] - artifacts ready run=/fslarge/scratch/users/h61084/codes/tsfm/outputs_selena/covariates/time-current_velocity_h_part07/168_24/ts_icl/identity/instance/keep/run_0 mse=0.00224299 nmse=0.00733217 inference_seconds=1.378
2026-08-28 13:42:08 | configuration dataset=time/current_velocity_h_part07 L=336 H=48 model=chronos2 covariates=none instance_norm=true remove_constant=false seed=1 batch_size=64
[2026-08-28 13:42:10,870][data.dataset][INFO] - dataset config path=/fssmall/home/h61084/codes/datasets/time/current_velocity_h_part07/config.json applied_keys=['date_col', 'drop_users', 'target_cols']
[2026-08-28 13:42:10,889][evaluation.evaluator][INFO] - evaluate dataset=time/current_velocity_h_part07 users=6 dates=2354 windows=24 removed_constant=0 L=336 H=48 stride=512
[2026-08-28 13:42:16,668][evaluation.evaluator][INFO] - artifacts ready run=/fslarge/scratch/users/h61084/codes/tsfm/outputs_selena/covariates/time-current_velocity_h_part07/336_48/chronos2/none/instance/keep/run_0 mse=3.53434 nmse=0.530586 inference_seconds=0.194
2026-08-28 13:42:18 | configuration dataset=time/current_velocity_h_part07 L=336 H=48 model=chronos2 covariates=identity instance_norm=true remove_constant=false seed=1 batch_size=64
[2026-08-28 13:42:21,672][data.dataset][INFO] - dataset config path=/fssmall/home/h61084/codes/datasets/time/current_velocity_h_part07/config.json applied_keys=['date_col', 'drop_users', 'target_cols']
[2026-08-28 13:42:21,691][evaluation.evaluator][INFO] - evaluate dataset=time/current_velocity_h_part07 users=6 dates=2354 windows=24 removed_constant=0 L=336 H=48 stride=512
[2026-08-28 13:42:27,492][evaluation.evaluator][INFO] - artifacts ready run=/fslarge/scratch/users/h61084/codes/tsfm/outputs_selena/covariates/time-current_velocity_h_part07/336_48/chronos2/identity/instance/keep/run_0 mse=0.0299866 nmse=0.0198945 inference_seconds=0.194
2026-08-28 13:42:29 | configuration dataset=time/current_velocity_h_part07 L=336 H=48 model=ts_icl covariates=none instance_norm=true remove_constant=false seed=1 batch_size=32
[2026-08-28 13:42:32,484][data.dataset][INFO] - dataset config path=/fssmall/home/h61084/codes/datasets/time/current_velocity_h_part07/config.json applied_keys=['date_col', 'drop_users', 'target_cols']
[2026-08-28 13:42:32,521][evaluation.evaluator][INFO] - evaluate dataset=time/current_velocity_h_part07 users=6 dates=2354 windows=24 removed_constant=0 L=336 H=48 stride=512
[2026-08-28 13:42:34,727][evaluation.evaluator][INFO] - artifacts ready run=/fslarge/scratch/users/h61084/codes/tsfm/outputs_selena/covariates/time-current_velocity_h_part07/336_48/ts_icl/none/instance/keep/run_0 mse=3.89808 nmse=0.621799 inference_seconds=1.359
2026-08-28 13:42:36 | configuration dataset=time/current_velocity_h_part07 L=336 H=48 model=ts_icl covariates=identity instance_norm=true remove_constant=false seed=1 batch_size=32
[2026-08-28 13:42:39,520][data.dataset][INFO] - dataset config path=/fssmall/home/h61084/codes/datasets/time/current_velocity_h_part07/config.json applied_keys=['date_col', 'drop_users', 'target_cols']
[2026-08-28 13:42:39,539][evaluation.evaluator][INFO] - evaluate dataset=time/current_velocity_h_part07 users=6 dates=2354 windows=24 removed_constant=0 L=336 H=48 stride=512
[2026-08-28 13:42:41,763][evaluation.evaluator][INFO] - artifacts ready run=/fslarge/scratch/users/h61084/codes/tsfm/outputs_selena/covariates/time-current_velocity_h_part07/336_48/ts_icl/identity/instance/keep/run_0 mse=0.114727 nmse=0.0719241 inference_seconds=1.381
2026-08-28 13:42:43 | configuration dataset=time/current_velocity_h_part07 L=504 H=168 model=chronos2 covariates=none instance_norm=true remove_constant=false seed=1 batch_size=64
[2026-08-28 13:42:46,609][data.dataset][INFO] - dataset config path=/fssmall/home/h61084/codes/datasets/time/current_velocity_h_part07/config.json applied_keys=['date_col', 'drop_users', 'target_cols']
[2026-08-28 13:42:46,629][evaluation.evaluator][INFO] - evaluate dataset=time/current_velocity_h_part07 users=6 dates=2354 windows=24 removed_constant=0 L=504 H=168 stride=512
[2026-08-28 13:42:52,445][evaluation.evaluator][INFO] - artifacts ready run=/fslarge/scratch/users/h61084/codes/tsfm/outputs_selena/covariates/time-current_velocity_h_part07/504_168/chronos2/none/instance/keep/run_0 mse=11.45 nmse=1.58087 inference_seconds=0.192
2026-08-28 13:42:54 | configuration dataset=time/current_velocity_h_part07 L=504 H=168 model=chronos2 covariates=identity instance_norm=true remove_constant=false seed=1 batch_size=64
[2026-08-28 13:42:57,406][data.dataset][INFO] - dataset config path=/fssmall/home/h61084/codes/datasets/time/current_velocity_h_part07/config.json applied_keys=['date_col', 'drop_users', 'target_cols']
[2026-08-28 13:42:57,424][evaluation.evaluator][INFO] - evaluate dataset=time/current_velocity_h_part07 users=6 dates=2354 windows=24 removed_constant=0 L=504 H=168 stride=512
[2026-08-28 13:43:03,222][evaluation.evaluator][INFO] - artifacts ready run=/fslarge/scratch/users/h61084/codes/tsfm/outputs_selena/covariates/time-current_velocity_h_part07/504_168/chronos2/identity/instance/keep/run_0 mse=0.0416582 nmse=0.0281464 inference_seconds=0.196
2026-08-28 13:43:05 | configuration dataset=time/current_velocity_h_part07 L=504 H=168 model=ts_icl covariates=none instance_norm=true remove_constant=false seed=1 batch_size=32
[2026-08-28 13:43:08,195][data.dataset][INFO] - dataset config path=/fssmall/home/h61084/codes/datasets/time/current_velocity_h_part07/config.json applied_keys=['date_col', 'drop_users', 'target_cols']
[2026-08-28 13:43:08,214][evaluation.evaluator][INFO] - evaluate dataset=time/current_velocity_h_part07 users=6 dates=2354 windows=24 removed_constant=0 L=504 H=168 stride=512
[2026-08-28 13:43:10,434][evaluation.evaluator][INFO] - artifacts ready run=/fslarge/scratch/users/h61084/codes/tsfm/outputs_selena/covariates/time-current_velocity_h_part07/504_168/ts_icl/none/instance/keep/run_0 mse=8.01222 nmse=1.65961 inference_seconds=1.368
2026-08-28 13:43:12 | configuration dataset=time/current_velocity_h_part07 L=504 H=168 model=ts_icl covariates=identity instance_norm=true remove_constant=false seed=1 batch_size=32
[2026-08-28 13:43:15,265][data.dataset][INFO] - dataset config path=/fssmall/home/h61084/codes/datasets/time/current_velocity_h_part07/config.json applied_keys=['date_col', 'drop_users', 'target_cols']
[2026-08-28 13:43:15,284][evaluation.evaluator][INFO] - evaluate dataset=time/current_velocity_h_part07 users=6 dates=2354 windows=24 removed_constant=0 L=504 H=168 stride=512
[2026-08-28 13:43:17,562][evaluation.evaluator][INFO] - artifacts ready run=/fslarge/scratch/users/h61084/codes/tsfm/outputs_selena/covariates/time-current_velocity_h_part07/504_168/ts_icl/identity/instance/keep/run_0 mse=0.00936069 nmse=0.301374 inference_seconds=1.439
2026-08-28 13:43:19 | configuration dataset=time/current_velocity_h_part08 L=168 H=24 model=chronos2 covariates=none instance_norm=true remove_constant=false seed=1 batch_size=64
[2026-08-28 13:43:22,451][data.dataset][INFO] - dataset config path=/fssmall/home/h61084/codes/datasets/time/current_velocity_h_part08/config.json applied_keys=['date_col', 'drop_users', 'target_cols']
[2026-08-28 13:43:22,472][evaluation.evaluator][INFO] - evaluate dataset=time/current_velocity_h_part08 users=6 dates=2208 windows=24 removed_constant=0 L=168 H=24 stride=512
[2026-08-28 13:43:28,321][evaluation.evaluator][INFO] - artifacts ready run=/fslarge/scratch/users/h61084/codes/tsfm/outputs_selena/covariates/time-current_velocity_h_part08/168_24/chronos2/none/instance/keep/run_0 mse=8.25626 nmse=0.983901 inference_seconds=0.192
2026-08-28 13:43:30 | configuration dataset=time/current_velocity_h_part08 L=168 H=24 model=chronos2 covariates=identity instance_norm=true remove_constant=false seed=1 batch_size=64
[2026-08-28 13:43:33,323][data.dataset][INFO] - dataset config path=/fssmall/home/h61084/codes/datasets/time/current_velocity_h_part08/config.json applied_keys=['date_col', 'drop_users', 'target_cols']
[2026-08-28 13:43:33,342][evaluation.evaluator][INFO] - evaluate dataset=time/current_velocity_h_part08 users=6 dates=2208 windows=24 removed_constant=0 L=168 H=24 stride=512
[2026-08-28 13:43:39,177][evaluation.evaluator][INFO] - artifacts ready run=/fslarge/scratch/users/h61084/codes/tsfm/outputs_selena/covariates/time-current_velocity_h_part08/168_24/chronos2/identity/instance/keep/run_0 mse=0.110768 nmse=0.0102463 inference_seconds=0.191
2026-08-28 13:43:41 | configuration dataset=time/current_velocity_h_part08 L=168 H=24 model=ts_icl covariates=none instance_norm=true remove_constant=false seed=1 batch_size=32
[2026-08-28 13:43:44,190][data.dataset][INFO] - dataset config path=/fssmall/home/h61084/codes/datasets/time/current_velocity_h_part08/config.json applied_keys=['date_col', 'drop_users', 'target_cols']
[2026-08-28 13:43:44,209][evaluation.evaluator][INFO] - evaluate dataset=time/current_velocity_h_part08 users=6 dates=2208 windows=24 removed_constant=0 L=168 H=24 stride=512
[2026-08-28 13:43:46,400][evaluation.evaluator][INFO] - artifacts ready run=/fslarge/scratch/users/h61084/codes/tsfm/outputs_selena/covariates/time-current_velocity_h_part08/168_24/ts_icl/none/instance/keep/run_0 mse=7.68093 nmse=0.968528 inference_seconds=1.352
2026-08-28 13:43:48 | configuration dataset=time/current_velocity_h_part08 L=168 H=24 model=ts_icl covariates=identity instance_norm=true remove_constant=false seed=1 batch_size=32
[2026-08-28 13:43:51,262][data.dataset][INFO] - dataset config path=/fssmall/home/h61084/codes/datasets/time/current_velocity_h_part08/config.json applied_keys=['date_col', 'drop_users', 'target_cols']
[2026-08-28 13:43:51,281][evaluation.evaluator][INFO] - evaluate dataset=time/current_velocity_h_part08 users=6 dates=2208 windows=24 removed_constant=0 L=168 H=24 stride=512
[2026-08-28 13:43:53,480][evaluation.evaluator][INFO] - artifacts ready run=/fslarge/scratch/users/h61084/codes/tsfm/outputs_selena/covariates/time-current_velocity_h_part08/168_24/ts_icl/identity/instance/keep/run_0 mse=0.00468861 nmse=0.00101385 inference_seconds=1.359
2026-08-28 13:43:55 | configuration dataset=time/current_velocity_h_part08 L=336 H=48 model=chronos2 covariates=none instance_norm=true remove_constant=false seed=1 batch_size=64
[2026-08-28 13:43:58,352][data.dataset][INFO] - dataset config path=/fssmall/home/h61084/codes/datasets/time/current_velocity_h_part08/config.json applied_keys=['date_col', 'drop_users', 'target_cols']
[2026-08-28 13:43:58,371][evaluation.evaluator][INFO] - evaluate dataset=time/current_velocity_h_part08 users=6 dates=2208 windows=24 removed_constant=0 L=336 H=48 stride=512
[2026-08-28 13:44:04,802][evaluation.evaluator][INFO] - artifacts ready run=/fslarge/scratch/users/h61084/codes/tsfm/outputs_selena/covariates/time-current_velocity_h_part08/336_48/chronos2/none/instance/keep/run_0 mse=8.28163 nmse=0.848012 inference_seconds=0.190
2026-08-28 13:44:07 | configuration dataset=time/current_velocity_h_part08 L=336 H=48 model=chronos2 covariates=identity instance_norm=true remove_constant=false seed=1 batch_size=64
[2026-08-28 13:44:09,794][data.dataset][INFO] - dataset config path=/fssmall/home/h61084/codes/datasets/time/current_velocity_h_part08/config.json applied_keys=['date_col', 'drop_users', 'target_cols']
[2026-08-28 13:44:09,813][evaluation.evaluator][INFO] - evaluate dataset=time/current_velocity_h_part08 users=6 dates=2208 windows=24 removed_constant=0 L=336 H=48 stride=512
[2026-08-28 13:44:15,647][evaluation.evaluator][INFO] - artifacts ready run=/fslarge/scratch/users/h61084/codes/tsfm/outputs_selena/covariates/time-current_velocity_h_part08/336_48/chronos2/identity/instance/keep/run_0 mse=0.068634 nmse=0.0104059 inference_seconds=0.193
2026-08-28 13:44:17 | configuration dataset=time/current_velocity_h_part08 L=336 H=48 model=ts_icl covariates=none instance_norm=true remove_constant=false seed=1 batch_size=32
[2026-08-28 13:44:20,651][data.dataset][INFO] - dataset config path=/fssmall/home/h61084/codes/datasets/time/current_velocity_h_part08/config.json applied_keys=['date_col', 'drop_users', 'target_cols']
[2026-08-28 13:44:20,670][evaluation.evaluator][INFO] - evaluate dataset=time/current_velocity_h_part08 users=6 dates=2208 windows=24 removed_constant=0 L=336 H=48 stride=512
[2026-08-28 13:44:22,859][evaluation.evaluator][INFO] - artifacts ready run=/fslarge/scratch/users/h61084/codes/tsfm/outputs_selena/covariates/time-current_velocity_h_part08/336_48/ts_icl/none/instance/keep/run_0 mse=8.85709 nmse=0.770937 inference_seconds=1.357
2026-08-28 13:44:25 | configuration dataset=time/current_velocity_h_part08 L=336 H=48 model=ts_icl covariates=identity instance_norm=true remove_constant=false seed=1 batch_size=32
[2026-08-28 13:44:27,711][data.dataset][INFO] - dataset config path=/fssmall/home/h61084/codes/datasets/time/current_velocity_h_part08/config.json applied_keys=['date_col', 'drop_users', 'target_cols']
[2026-08-28 13:44:27,730][evaluation.evaluator][INFO] - evaluate dataset=time/current_velocity_h_part08 users=6 dates=2208 windows=24 removed_constant=0 L=336 H=48 stride=512
[2026-08-28 13:44:29,960][evaluation.evaluator][INFO] - artifacts ready run=/fslarge/scratch/users/h61084/codes/tsfm/outputs_selena/covariates/time-current_velocity_h_part08/336_48/ts_icl/identity/instance/keep/run_0 mse=0.001725 nmse=0.00102433 inference_seconds=1.383
2026-08-28 13:44:32 | configuration dataset=time/current_velocity_h_part08 L=504 H=168 model=chronos2 covariates=none instance_norm=true remove_constant=false seed=1 batch_size=64
[2026-08-28 13:44:34,905][data.dataset][INFO] - dataset config path=/fssmall/home/h61084/codes/datasets/time/current_velocity_h_part08/config.json applied_keys=['date_col', 'drop_users', 'target_cols']
[2026-08-28 13:44:34,925][evaluation.evaluator][INFO] - evaluate dataset=time/current_velocity_h_part08 users=6 dates=2208 windows=24 removed_constant=0 L=504 H=168 stride=512
[2026-08-28 13:44:40,762][evaluation.evaluator][INFO] - artifacts ready run=/fslarge/scratch/users/h61084/codes/tsfm/outputs_selena/covariates/time-current_velocity_h_part08/504_168/chronos2/none/instance/keep/run_0 mse=9.7379 nmse=1.05794 inference_seconds=0.194
2026-08-28 13:44:43 | configuration dataset=time/current_velocity_h_part08 L=504 H=168 model=chronos2 covariates=identity instance_norm=true remove_constant=false seed=1 batch_size=64
[2026-08-28 13:44:45,763][data.dataset][INFO] - dataset config path=/fssmall/home/h61084/codes/datasets/time/current_velocity_h_part08/config.json applied_keys=['date_col', 'drop_users', 'target_cols']
[2026-08-28 13:44:45,782][evaluation.evaluator][INFO] - evaluate dataset=time/current_velocity_h_part08 users=6 dates=2208 windows=24 removed_constant=0 L=504 H=168 stride=512
[2026-08-28 13:44:51,625][evaluation.evaluator][INFO] - artifacts ready run=/fslarge/scratch/users/h61084/codes/tsfm/outputs_selena/covariates/time-current_velocity_h_part08/504_168/chronos2/identity/instance/keep/run_0 mse=0.0535297 nmse=0.0139054 inference_seconds=0.198
2026-08-28 13:44:53 | configuration dataset=time/current_velocity_h_part08 L=504 H=168 model=ts_icl covariates=none instance_norm=true remove_constant=false seed=1 batch_size=32
[2026-08-28 13:44:56,625][data.dataset][INFO] - dataset config path=/fssmall/home/h61084/codes/datasets/time/current_velocity_h_part08/config.json applied_keys=['date_col', 'drop_users', 'target_cols']
[2026-08-28 13:44:56,646][evaluation.evaluator][INFO] - evaluate dataset=time/current_velocity_h_part08 users=6 dates=2208 windows=24 removed_constant=0 L=504 H=168 stride=512
[2026-08-28 13:44:58,847][evaluation.evaluator][INFO] - artifacts ready run=/fslarge/scratch/users/h61084/codes/tsfm/outputs_selena/covariates/time-current_velocity_h_part08/504_168/ts_icl/none/instance/keep/run_0 mse=8.79367 nmse=0.955433 inference_seconds=1.363
2026-08-28 13:45:01 | configuration dataset=time/current_velocity_h_part08 L=504 H=168 model=ts_icl covariates=identity instance_norm=true remove_constant=false seed=1 batch_size=32
[2026-08-28 13:45:03,699][data.dataset][INFO] - dataset config path=/fssmall/home/h61084/codes/datasets/time/current_velocity_h_part08/config.json applied_keys=['date_col', 'drop_users', 'target_cols']
[2026-08-28 13:45:03,717][evaluation.evaluator][INFO] - evaluate dataset=time/current_velocity_h_part08 users=6 dates=2208 windows=24 removed_constant=0 L=504 H=168 stride=512
[2026-08-28 13:45:05,963][evaluation.evaluator][INFO] - artifacts ready run=/fslarge/scratch/users/h61084/codes/tsfm/outputs_selena/covariates/time-current_velocity_h_part08/504_168/ts_icl/identity/instance/keep/run_0 mse=0.00203717 nmse=0.00129463 inference_seconds=1.390
2026-08-28 13:45:08 | configuration dataset=time/current_velocity_h_part09 L=168 H=24 model=chronos2 covariates=none instance_norm=true remove_constant=false seed=1 batch_size=64
[2026-08-28 13:45:10,819][data.dataset][INFO] - dataset config path=/fssmall/home/h61084/codes/datasets/time/current_velocity_h_part09/config.json applied_keys=['date_col', 'drop_users', 'target_cols']
[2026-08-28 13:45:10,841][evaluation.evaluator][INFO] - evaluate dataset=time/current_velocity_h_part09 users=6 dates=3737 windows=42 removed_constant=0 L=168 H=24 stride=512
[2026-08-28 13:45:16,650][evaluation.evaluator][INFO] - artifacts ready run=/fslarge/scratch/users/h61084/codes/tsfm/outputs_selena/covariates/time-current_velocity_h_part09/168_24/chronos2/none/instance/keep/run_0 mse=3.92861 nmse=1.0121 inference_seconds=0.192
2026-08-28 13:45:19 | configuration dataset=time/current_velocity_h_part09 L=168 H=24 model=chronos2 covariates=identity instance_norm=true remove_constant=false seed=1 batch_size=64
[2026-08-28 13:45:21,711][data.dataset][INFO] - dataset config path=/fssmall/home/h61084/codes/datasets/time/current_velocity_h_part09/config.json applied_keys=['date_col', 'drop_users', 'target_cols']
[2026-08-28 13:45:21,732][evaluation.evaluator][INFO] - evaluate dataset=time/current_velocity_h_part09 users=6 dates=3737 windows=42 removed_constant=0 L=168 H=24 stride=512
[2026-08-28 13:45:27,606][evaluation.evaluator][INFO] - artifacts ready run=/fslarge/scratch/users/h61084/codes/tsfm/outputs_selena/covariates/time-current_velocity_h_part09/168_24/chronos2/identity/instance/keep/run_0 mse=0.0376686 nmse=0.0129313 inference_seconds=0.194
2026-08-28 13:45:29 | configuration dataset=time/current_velocity_h_part09 L=168 H=24 model=ts_icl covariates=none instance_norm=true remove_constant=false seed=1 batch_size=32
[2026-08-28 13:45:32,669][data.dataset][INFO] - dataset config path=/fssmall/home/h61084/codes/datasets/time/current_velocity_h_part09/config.json applied_keys=['date_col', 'drop_users', 'target_cols']
[2026-08-28 13:45:32,690][evaluation.evaluator][INFO] - evaluate dataset=time/current_velocity_h_part09 users=6 dates=3737 windows=42 removed_constant=0 L=168 H=24 stride=512
[2026-08-28 13:45:34,929][evaluation.evaluator][INFO] - artifacts ready run=/fslarge/scratch/users/h61084/codes/tsfm/outputs_selena/covariates/time-current_velocity_h_part09/168_24/ts_icl/none/instance/keep/run_0 mse=3.72894 nmse=1.03932 inference_seconds=1.395
2026-08-28 13:45:37 | configuration dataset=time/current_velocity_h_part09 L=168 H=24 model=ts_icl covariates=identity instance_norm=true remove_constant=false seed=1 batch_size=32
[2026-08-28 13:45:39,814][data.dataset][INFO] - dataset config path=/fssmall/home/h61084/codes/datasets/time/current_velocity_h_part09/config.json applied_keys=['date_col', 'drop_users', 'target_cols']
[2026-08-28 13:45:39,834][evaluation.evaluator][INFO] - evaluate dataset=time/current_velocity_h_part09 users=6 dates=3737 windows=42 removed_constant=0 L=168 H=24 stride=512
[2026-08-28 13:45:42,075][evaluation.evaluator][INFO] - artifacts ready run=/fslarge/scratch/users/h61084/codes/tsfm/outputs_selena/covariates/time-current_velocity_h_part09/168_24/ts_icl/identity/instance/keep/run_0 mse=0.00232629 nmse=0.0066363 inference_seconds=1.406
2026-08-28 13:45:44 | configuration dataset=time/current_velocity_h_part09 L=336 H=48 model=chronos2 covariates=none instance_norm=true remove_constant=false seed=1 batch_size=64
[2026-08-28 13:45:46,976][data.dataset][INFO] - dataset config path=/fssmall/home/h61084/codes/datasets/time/current_velocity_h_part09/config.json applied_keys=['date_col', 'drop_users', 'target_cols']
[2026-08-28 13:45:46,998][evaluation.evaluator][INFO] - evaluate dataset=time/current_velocity_h_part09 users=6 dates=3737 windows=42 removed_constant=0 L=336 H=48 stride=512
[2026-08-28 13:45:52,859][evaluation.evaluator][INFO] - artifacts ready run=/fslarge/scratch/users/h61084/codes/tsfm/outputs_selena/covariates/time-current_velocity_h_part09/336_48/chronos2/none/instance/keep/run_0 mse=11.5113 nmse=0.871767 inference_seconds=0.191
2026-08-28 13:45:55 | configuration dataset=time/current_velocity_h_part09 L=336 H=48 model=chronos2 covariates=identity instance_norm=true remove_constant=false seed=1 batch_size=64
[2026-08-28 13:45:57,890][data.dataset][INFO] - dataset config path=/fssmall/home/h61084/codes/datasets/time/current_velocity_h_part09/config.json applied_keys=['date_col', 'drop_users', 'target_cols']
[2026-08-28 13:45:57,910][evaluation.evaluator][INFO] - evaluate dataset=time/current_velocity_h_part09 users=6 dates=3737 windows=42 removed_constant=0 L=336 H=48 stride=512
[2026-08-28 13:46:03,764][evaluation.evaluator][INFO] - artifacts ready run=/fslarge/scratch/users/h61084/codes/tsfm/outputs_selena/covariates/time-current_velocity_h_part09/336_48/chronos2/identity/instance/keep/run_0 mse=0.0826096 nmse=0.0147225 inference_seconds=0.202
2026-08-28 13:46:06 | configuration dataset=time/current_velocity_h_part09 L=336 H=48 model=ts_icl covariates=none instance_norm=true remove_constant=false seed=1 batch_size=32
[2026-08-28 13:46:08,826][data.dataset][INFO] - dataset config path=/fssmall/home/h61084/codes/datasets/time/current_velocity_h_part09/config.json applied_keys=['date_col', 'drop_users', 'target_cols']
[2026-08-28 13:46:08,847][evaluation.evaluator][INFO] - evaluate dataset=time/current_velocity_h_part09 users=6 dates=3737 windows=42 removed_constant=0 L=336 H=48 stride=512
[2026-08-28 13:46:11,094][evaluation.evaluator][INFO] - artifacts ready run=/fslarge/scratch/users/h61084/codes/tsfm/outputs_selena/covariates/time-current_velocity_h_part09/336_48/ts_icl/none/instance/keep/run_0 mse=11.7606 nmse=0.89864 inference_seconds=1.398
2026-08-28 13:46:13 | configuration dataset=time/current_velocity_h_part09 L=336 H=48 model=ts_icl covariates=identity instance_norm=true remove_constant=false seed=1 batch_size=32
[2026-08-28 13:46:16,037][data.dataset][INFO] - dataset config path=/fssmall/home/h61084/codes/datasets/time/current_velocity_h_part09/config.json applied_keys=['date_col', 'drop_users', 'target_cols']
[2026-08-28 13:46:16,057][evaluation.evaluator][INFO] - evaluate dataset=time/current_velocity_h_part09 users=6 dates=3737 windows=42 removed_constant=0 L=336 H=48 stride=512
[2026-08-28 13:46:18,297][evaluation.evaluator][INFO] - artifacts ready run=/fslarge/scratch/users/h61084/codes/tsfm/outputs_selena/covariates/time-current_velocity_h_part09/336_48/ts_icl/identity/instance/keep/run_0 mse=0.086229 nmse=0.00319637 inference_seconds=1.415
2026-08-28 13:46:20 | configuration dataset=time/current_velocity_h_part09 L=504 H=168 model=chronos2 covariates=none instance_norm=true remove_constant=false seed=1 batch_size=64
[2026-08-28 13:46:23,222][data.dataset][INFO] - dataset config path=/fssmall/home/h61084/codes/datasets/time/current_velocity_h_part09/config.json applied_keys=['date_col', 'drop_users', 'target_cols']
[2026-08-28 13:46:23,244][evaluation.evaluator][INFO] - evaluate dataset=time/current_velocity_h_part09 users=6 dates=3737 windows=36 removed_constant=0 L=504 H=168 stride=512
[2026-08-28 13:46:29,088][evaluation.evaluator][INFO] - artifacts ready run=/fslarge/scratch/users/h61084/codes/tsfm/outputs_selena/covariates/time-current_velocity_h_part09/504_168/chronos2/none/instance/keep/run_0 mse=13.948 nmse=0.870372 inference_seconds=0.193
2026-08-28 13:46:31 | configuration dataset=time/current_velocity_h_part09 L=504 H=168 model=chronos2 covariates=identity instance_norm=true remove_constant=false seed=1 batch_size=64
[2026-08-28 13:46:34,169][data.dataset][INFO] - dataset config path=/fssmall/home/h61084/codes/datasets/time/current_velocity_h_part09/config.json applied_keys=['date_col', 'drop_users', 'target_cols']
[2026-08-28 13:46:34,190][evaluation.evaluator][INFO] - evaluate dataset=time/current_velocity_h_part09 users=6 dates=3737 windows=36 removed_constant=0 L=504 H=168 stride=512
[2026-08-28 13:46:40,032][evaluation.evaluator][INFO] - artifacts ready run=/fslarge/scratch/users/h61084/codes/tsfm/outputs_selena/covariates/time-current_velocity_h_part09/504_168/chronos2/identity/instance/keep/run_0 mse=0.035158 nmse=0.0097636 inference_seconds=0.206
2026-08-28 13:46:42 | configuration dataset=time/current_velocity_h_part09 L=504 H=168 model=ts_icl covariates=none instance_norm=true remove_constant=false seed=1 batch_size=32
[2026-08-28 13:46:45,102][data.dataset][INFO] - dataset config path=/fssmall/home/h61084/codes/datasets/time/current_velocity_h_part09/config.json applied_keys=['date_col', 'drop_users', 'target_cols']
[2026-08-28 13:46:45,128][evaluation.evaluator][INFO] - evaluate dataset=time/current_velocity_h_part09 users=6 dates=3737 windows=36 removed_constant=0 L=504 H=168 stride=512
[2026-08-28 13:46:47,407][evaluation.evaluator][INFO] - artifacts ready run=/fslarge/scratch/users/h61084/codes/tsfm/outputs_selena/covariates/time-current_velocity_h_part09/504_168/ts_icl/none/instance/keep/run_0 mse=10.8873 nmse=0.822032 inference_seconds=1.419
2026-08-28 13:46:49 | configuration dataset=time/current_velocity_h_part09 L=504 H=168 model=ts_icl covariates=identity instance_norm=true remove_constant=false seed=1 batch_size=32
[2026-08-28 13:46:52,381][data.dataset][INFO] - dataset config path=/fssmall/home/h61084/codes/datasets/time/current_velocity_h_part09/config.json applied_keys=['date_col', 'drop_users', 'target_cols']
[2026-08-28 13:46:52,401][evaluation.evaluator][INFO] - evaluate dataset=time/current_velocity_h_part09 users=6 dates=3737 windows=36 removed_constant=0 L=504 H=168 stride=512
[2026-08-28 13:46:54,687][evaluation.evaluator][INFO] - artifacts ready run=/fslarge/scratch/users/h61084/codes/tsfm/outputs_selena/covariates/time-current_velocity_h_part09/504_168/ts_icl/identity/instance/keep/run_0 mse=0.00238986 nmse=0.000197478 inference_seconds=1.440
2026-08-28 13:46:56 | configuration dataset=time/current_velocity_h_part10 L=168 H=24 model=chronos2 covariates=none instance_norm=true remove_constant=false seed=1 batch_size=64
[2026-08-28 13:46:59,638][data.dataset][INFO] - dataset config path=/fssmall/home/h61084/codes/datasets/time/current_velocity_h_part10/config.json applied_keys=['date_col', 'drop_users', 'target_cols']
[2026-08-28 13:46:59,661][evaluation.evaluator][INFO] - evaluate dataset=time/current_velocity_h_part10 users=6 dates=3635 windows=42 removed_constant=0 L=168 H=24 stride=512
[2026-08-28 13:47:05,541][evaluation.evaluator][INFO] - artifacts ready run=/fslarge/scratch/users/h61084/codes/tsfm/outputs_selena/covariates/time-current_velocity_h_part10/168_24/chronos2/none/instance/keep/run_0 mse=12.7348 nmse=1.00549 inference_seconds=0.194
2026-08-28 13:47:07 | configuration dataset=time/current_velocity_h_part10 L=168 H=24 model=chronos2 covariates=identity instance_norm=true remove_constant=false seed=1 batch_size=64
[2026-08-28 13:47:10,609][data.dataset][INFO] - dataset config path=/fssmall/home/h61084/codes/datasets/time/current_velocity_h_part10/config.json applied_keys=['date_col', 'drop_users', 'target_cols']
[2026-08-28 13:47:10,629][evaluation.evaluator][INFO] - evaluate dataset=time/current_velocity_h_part10 users=6 dates=3635 windows=42 removed_constant=0 L=168 H=24 stride=512
[2026-08-28 13:47:16,492][evaluation.evaluator][INFO] - artifacts ready run=/fslarge/scratch/users/h61084/codes/tsfm/outputs_selena/covariates/time-current_velocity_h_part10/168_24/chronos2/identity/instance/keep/run_0 mse=0.148005 nmse=0.0123987 inference_seconds=0.195
2026-08-28 13:47:18 | configuration dataset=time/current_velocity_h_part10 L=168 H=24 model=ts_icl covariates=none instance_norm=true remove_constant=false seed=1 batch_size=32
[2026-08-28 13:47:21,563][data.dataset][INFO] - dataset config path=/fssmall/home/h61084/codes/datasets/time/current_velocity_h_part10/config.json applied_keys=['date_col', 'drop_users', 'target_cols']
[2026-08-28 13:47:21,584][evaluation.evaluator][INFO] - evaluate dataset=time/current_velocity_h_part10 users=6 dates=3635 windows=42 removed_constant=0 L=168 H=24 stride=512
[2026-08-28 13:47:23,818][evaluation.evaluator][INFO] - artifacts ready run=/fslarge/scratch/users/h61084/codes/tsfm/outputs_selena/covariates/time-current_velocity_h_part10/168_24/ts_icl/none/instance/keep/run_0 mse=10.2182 nmse=0.96564 inference_seconds=1.380
2026-08-28 13:47:26 | configuration dataset=time/current_velocity_h_part10 L=168 H=24 model=ts_icl covariates=identity instance_norm=true remove_constant=false seed=1 batch_size=32
[2026-08-28 13:47:28,739][data.dataset][INFO] - dataset config path=/fssmall/home/h61084/codes/datasets/time/current_velocity_h_part10/config.json applied_keys=['date_col', 'drop_users', 'target_cols']
[2026-08-28 13:47:28,759][evaluation.evaluator][INFO] - evaluate dataset=time/current_velocity_h_part10 users=6 dates=3635 windows=42 removed_constant=0 L=168 H=24 stride=512
[2026-08-28 13:47:31,026][evaluation.evaluator][INFO] - artifacts ready run=/fslarge/scratch/users/h61084/codes/tsfm/outputs_selena/covariates/time-current_velocity_h_part10/168_24/ts_icl/identity/instance/keep/run_0 mse=0.00258696 nmse=0.000510303 inference_seconds=1.405
2026-08-28 13:47:33 | configuration dataset=time/current_velocity_h_part10 L=336 H=48 model=chronos2 covariates=none instance_norm=true remove_constant=false seed=1 batch_size=64
[2026-08-28 13:47:35,940][data.dataset][INFO] - dataset config path=/fssmall/home/h61084/codes/datasets/time/current_velocity_h_part10/config.json applied_keys=['date_col', 'drop_users', 'target_cols']
[2026-08-28 13:47:35,961][evaluation.evaluator][INFO] - evaluate dataset=time/current_velocity_h_part10 users=6 dates=3635 windows=42 removed_constant=0 L=336 H=48 stride=512
[2026-08-28 13:47:41,811][evaluation.evaluator][INFO] - artifacts ready run=/fslarge/scratch/users/h61084/codes/tsfm/outputs_selena/covariates/time-current_velocity_h_part10/336_48/chronos2/none/instance/keep/run_0 mse=10.4745 nmse=0.581249 inference_seconds=0.192
2026-08-28 13:47:44 | configuration dataset=time/current_velocity_h_part10 L=336 H=48 model=chronos2 covariates=identity instance_norm=true remove_constant=false seed=1 batch_size=64
[2026-08-28 13:47:46,903][data.dataset][INFO] - dataset config path=/fssmall/home/h61084/codes/datasets/time/current_velocity_h_part10/config.json applied_keys=['date_col', 'drop_users', 'target_cols']
[2026-08-28 13:47:46,924][evaluation.evaluator][INFO] - evaluate dataset=time/current_velocity_h_part10 users=6 dates=3635 windows=42 removed_constant=0 L=336 H=48 stride=512
[2026-08-28 13:47:52,771][evaluation.evaluator][INFO] - artifacts ready run=/fslarge/scratch/users/h61084/codes/tsfm/outputs_selena/covariates/time-current_velocity_h_part10/336_48/chronos2/identity/instance/keep/run_0 mse=0.148568 nmse=0.0105388 inference_seconds=0.202
2026-08-28 13:47:55 | configuration dataset=time/current_velocity_h_part10 L=336 H=48 model=ts_icl covariates=none instance_norm=true remove_constant=false seed=1 batch_size=32
[2026-08-28 13:47:57,855][data.dataset][INFO] - dataset config path=/fssmall/home/h61084/codes/datasets/time/current_velocity_h_part10/config.json applied_keys=['date_col', 'drop_users', 'target_cols']
[2026-08-28 13:47:57,876][evaluation.evaluator][INFO] - evaluate dataset=time/current_velocity_h_part10 users=6 dates=3635 windows=42 removed_constant=0 L=336 H=48 stride=512
[2026-08-28 13:48:00,102][evaluation.evaluator][INFO] - artifacts ready run=/fslarge/scratch/users/h61084/codes/tsfm/outputs_selena/covariates/time-current_velocity_h_part10/336_48/ts_icl/none/instance/keep/run_0 mse=10.9531 nmse=0.62818 inference_seconds=1.394
2026-08-28 13:48:02 | configuration dataset=time/current_velocity_h_part10 L=336 H=48 model=ts_icl covariates=identity instance_norm=true remove_constant=false seed=1 batch_size=32
[2026-08-28 13:48:05,088][data.dataset][INFO] - dataset config path=/fssmall/home/h61084/codes/datasets/time/current_velocity_h_part10/config.json applied_keys=['date_col', 'drop_users', 'target_cols']
[2026-08-28 13:48:05,109][evaluation.evaluator][INFO] - evaluate dataset=time/current_velocity_h_part10 users=6 dates=3635 windows=42 removed_constant=0 L=336 H=48 stride=512
[2026-08-28 13:48:07,363][evaluation.evaluator][INFO] - artifacts ready run=/fslarge/scratch/users/h61084/codes/tsfm/outputs_selena/covariates/time-current_velocity_h_part10/336_48/ts_icl/identity/instance/keep/run_0 mse=0.00257959 nmse=0.000177509 inference_seconds=1.420
2026-08-28 13:48:09 | configuration dataset=time/current_velocity_h_part10 L=504 H=168 model=chronos2 covariates=none instance_norm=true remove_constant=false seed=1 batch_size=64
[2026-08-28 13:48:12,303][data.dataset][INFO] - dataset config path=/fssmall/home/h61084/codes/datasets/time/current_velocity_h_part10/config.json applied_keys=['date_col', 'drop_users', 'target_cols']
[2026-08-28 13:48:12,325][evaluation.evaluator][INFO] - evaluate dataset=time/current_velocity_h_part10 users=6 dates=3635 windows=36 removed_constant=0 L=504 H=168 stride=512
[2026-08-28 13:48:18,178][evaluation.evaluator][INFO] - artifacts ready run=/fslarge/scratch/users/h61084/codes/tsfm/outputs_selena/covariates/time-current_velocity_h_part10/504_168/chronos2/none/instance/keep/run_0 mse=13.9814 nmse=1.37478 inference_seconds=0.194
2026-08-28 13:48:20 | configuration dataset=time/current_velocity_h_part10 L=504 H=168 model=chronos2 covariates=identity instance_norm=true remove_constant=false seed=1 batch_size=64
[2026-08-28 13:48:23,326][data.dataset][INFO] - dataset config path=/fssmall/home/h61084/codes/datasets/time/current_velocity_h_part10/config.json applied_keys=['date_col', 'drop_users', 'target_cols']
[2026-08-28 13:48:23,346][evaluation.evaluator][INFO] - evaluate dataset=time/current_velocity_h_part10 users=6 dates=3635 windows=36 removed_constant=0 L=504 H=168 stride=512
[2026-08-28 13:48:29,205][evaluation.evaluator][INFO] - artifacts ready run=/fslarge/scratch/users/h61084/codes/tsfm/outputs_selena/covariates/time-current_velocity_h_part10/504_168/chronos2/identity/instance/keep/run_0 mse=0.0803975 nmse=0.0116168 inference_seconds=0.206
2026-08-28 13:48:31 | configuration dataset=time/current_velocity_h_part10 L=504 H=168 model=ts_icl covariates=none instance_norm=true remove_constant=false seed=1 batch_size=32
[2026-08-28 13:48:34,367][data.dataset][INFO] - dataset config path=/fssmall/home/h61084/codes/datasets/time/current_velocity_h_part10/config.json applied_keys=['date_col', 'drop_users', 'target_cols']
[2026-08-28 13:48:34,388][evaluation.evaluator][INFO] - evaluate dataset=time/current_velocity_h_part10 users=6 dates=3635 windows=36 removed_constant=0 L=504 H=168 stride=512
[2026-08-28 13:48:36,653][evaluation.evaluator][INFO] - artifacts ready run=/fslarge/scratch/users/h61084/codes/tsfm/outputs_selena/covariates/time-current_velocity_h_part10/504_168/ts_icl/none/instance/keep/run_0 mse=13.8588 nmse=1.26465 inference_seconds=1.413
2026-08-28 13:48:38 | configuration dataset=time/current_velocity_h_part10 L=504 H=168 model=ts_icl covariates=identity instance_norm=true remove_constant=false seed=1 batch_size=32
[2026-08-28 13:48:41,597][data.dataset][INFO] - dataset config path=/fssmall/home/h61084/codes/datasets/time/current_velocity_h_part10/config.json applied_keys=['date_col', 'drop_users', 'target_cols']
[2026-08-28 13:48:41,618][evaluation.evaluator][INFO] - evaluate dataset=time/current_velocity_h_part10 users=6 dates=3635 windows=36 removed_constant=0 L=504 H=168 stride=512
[2026-08-28 13:48:43,890][evaluation.evaluator][INFO] - artifacts ready run=/fslarge/scratch/users/h61084/codes/tsfm/outputs_selena/covariates/time-current_velocity_h_part10/504_168/ts_icl/identity/instance/keep/run_0 mse=0.00291075 nmse=0.000893306 inference_seconds=1.437
2026-08-28 13:48:46 | configuration dataset=time/current_velocity_h_part11 L=168 H=24 model=chronos2 covariates=none instance_norm=true remove_constant=false seed=1 batch_size=64
[2026-08-28 13:48:48,859][data.dataset][INFO] - dataset config path=/fssmall/home/h61084/codes/datasets/time/current_velocity_h_part11/config.json applied_keys=['date_col', 'drop_users', 'target_cols']
[2026-08-28 13:48:48,882][evaluation.evaluator][INFO] - evaluate dataset=time/current_velocity_h_part11 users=6 dates=3607 windows=42 removed_constant=0 L=168 H=24 stride=512
[2026-08-28 13:48:54,756][evaluation.evaluator][INFO] - artifacts ready run=/fslarge/scratch/users/h61084/codes/tsfm/outputs_selena/covariates/time-current_velocity_h_part11/168_24/chronos2/none/instance/keep/run_0 mse=13.4389 nmse=0.524865 inference_seconds=0.194
2026-08-28 13:48:57 | configuration dataset=time/current_velocity_h_part11 L=168 H=24 model=chronos2 covariates=identity instance_norm=true remove_constant=false seed=1 batch_size=64
[2026-08-28 13:48:59,840][data.dataset][INFO] - dataset config path=/fssmall/home/h61084/codes/datasets/time/current_velocity_h_part11/config.json applied_keys=['date_col', 'drop_users', 'target_cols']
[2026-08-28 13:48:59,860][evaluation.evaluator][INFO] - evaluate dataset=time/current_velocity_h_part11 users=6 dates=3607 windows=42 removed_constant=0 L=168 H=24 stride=512
[2026-08-28 13:49:05,712][evaluation.evaluator][INFO] - artifacts ready run=/fslarge/scratch/users/h61084/codes/tsfm/outputs_selena/covariates/time-current_velocity_h_part11/168_24/chronos2/identity/instance/keep/run_0 mse=0.0900487 nmse=0.0123107 inference_seconds=0.200
2026-08-28 13:49:08 | configuration dataset=time/current_velocity_h_part11 L=168 H=24 model=ts_icl covariates=none instance_norm=true remove_constant=false seed=1 batch_size=32
[2026-08-28 13:49:10,825][data.dataset][INFO] - dataset config path=/fssmall/home/h61084/codes/datasets/time/current_velocity_h_part11/config.json applied_keys=['date_col', 'drop_users', 'target_cols']
[2026-08-28 13:49:10,845][evaluation.evaluator][INFO] - evaluate dataset=time/current_velocity_h_part11 users=6 dates=3607 windows=42 removed_constant=0 L=168 H=24 stride=512
[2026-08-28 13:49:13,064][evaluation.evaluator][INFO] - artifacts ready run=/fslarge/scratch/users/h61084/codes/tsfm/outputs_selena/covariates/time-current_velocity_h_part11/168_24/ts_icl/none/instance/keep/run_0 mse=11.8605 nmse=0.562352 inference_seconds=1.375
2026-08-28 13:49:15 | configuration dataset=time/current_velocity_h_part11 L=168 H=24 model=ts_icl covariates=identity instance_norm=true remove_constant=false seed=1 batch_size=32
[2026-08-28 13:49:18,017][data.dataset][INFO] - dataset config path=/fssmall/home/h61084/codes/datasets/time/current_velocity_h_part11/config.json applied_keys=['date_col', 'drop_users', 'target_cols']
[2026-08-28 13:49:18,037][evaluation.evaluator][INFO] - evaluate dataset=time/current_velocity_h_part11 users=6 dates=3607 windows=42 removed_constant=0 L=168 H=24 stride=512
[2026-08-28 13:49:20,278][evaluation.evaluator][INFO] - artifacts ready run=/fslarge/scratch/users/h61084/codes/tsfm/outputs_selena/covariates/time-current_velocity_h_part11/168_24/ts_icl/identity/instance/keep/run_0 mse=0.00356725 nmse=0.000182653 inference_seconds=1.399
2026-08-28 13:49:22 | configuration dataset=time/current_velocity_h_part11 L=336 H=48 model=chronos2 covariates=none instance_norm=true remove_constant=false seed=1 batch_size=64
[2026-08-28 13:49:25,265][data.dataset][INFO] - dataset config path=/fssmall/home/h61084/codes/datasets/time/current_velocity_h_part11/config.json applied_keys=['date_col', 'drop_users', 'target_cols']
[2026-08-28 13:49:25,286][evaluation.evaluator][INFO] - evaluate dataset=time/current_velocity_h_part11 users=6 dates=3607 windows=42 removed_constant=0 L=336 H=48 stride=512
[2026-08-28 13:49:31,138][evaluation.evaluator][INFO] - artifacts ready run=/fslarge/scratch/users/h61084/codes/tsfm/outputs_selena/covariates/time-current_velocity_h_part11/336_48/chronos2/none/instance/keep/run_0 mse=10.5378 nmse=0.506749 inference_seconds=0.193
2026-08-28 13:49:33 | configuration dataset=time/current_velocity_h_part11 L=336 H=48 model=chronos2 covariates=identity instance_norm=true remove_constant=false seed=1 batch_size=64
[2026-08-28 13:49:36,264][data.dataset][INFO] - dataset config path=/fssmall/home/h61084/codes/datasets/time/current_velocity_h_part11/config.json applied_keys=['date_col', 'drop_users', 'target_cols']
[2026-08-28 13:49:36,285][evaluation.evaluator][INFO] - evaluate dataset=time/current_velocity_h_part11 users=6 dates=3607 windows=42 removed_constant=0 L=336 H=48 stride=512
[2026-08-28 13:49:42,167][evaluation.evaluator][INFO] - artifacts ready run=/fslarge/scratch/users/h61084/codes/tsfm/outputs_selena/covariates/time-current_velocity_h_part11/336_48/chronos2/identity/instance/keep/run_0 mse=0.143619 nmse=0.0121289 inference_seconds=0.202
2026-08-28 13:49:44 | configuration dataset=time/current_velocity_h_part11 L=336 H=48 model=ts_icl covariates=none instance_norm=true remove_constant=false seed=1 batch_size=32
[2026-08-28 13:49:47,260][data.dataset][INFO] - dataset config path=/fssmall/home/h61084/codes/datasets/time/current_velocity_h_part11/config.json applied_keys=['date_col', 'drop_users', 'target_cols']
[2026-08-28 13:49:47,281][evaluation.evaluator][INFO] - evaluate dataset=time/current_velocity_h_part11 users=6 dates=3607 windows=42 removed_constant=0 L=336 H=48 stride=512
[2026-08-28 13:49:49,507][evaluation.evaluator][INFO] - artifacts ready run=/fslarge/scratch/users/h61084/codes/tsfm/outputs_selena/covariates/time-current_velocity_h_part11/336_48/ts_icl/none/instance/keep/run_0 mse=10.1145 nmse=0.509657 inference_seconds=1.376
2026-08-28 13:49:51 | configuration dataset=time/current_velocity_h_part11 L=336 H=48 model=ts_icl covariates=identity instance_norm=true remove_constant=false seed=1 batch_size=32
[2026-08-28 13:49:54,459][data.dataset][INFO] - dataset config path=/fssmall/home/h61084/codes/datasets/time/current_velocity_h_part11/config.json applied_keys=['date_col', 'drop_users', 'target_cols']
[2026-08-28 13:49:54,480][evaluation.evaluator][INFO] - evaluate dataset=time/current_velocity_h_part11 users=6 dates=3607 windows=42 removed_constant=0 L=336 H=48 stride=512
[2026-08-28 13:49:56,743][evaluation.evaluator][INFO] - artifacts ready run=/fslarge/scratch/users/h61084/codes/tsfm/outputs_selena/covariates/time-current_velocity_h_part11/336_48/ts_icl/identity/instance/keep/run_0 mse=0.00231807 nmse=0.000145412 inference_seconds=1.425
2026-08-28 13:49:59 | configuration dataset=time/current_velocity_h_part11 L=504 H=168 model=chronos2 covariates=none instance_norm=true remove_constant=false seed=1 batch_size=64
[2026-08-28 13:50:01,716][data.dataset][INFO] - dataset config path=/fssmall/home/h61084/codes/datasets/time/current_velocity_h_part11/config.json applied_keys=['date_col', 'drop_users', 'target_cols']
[2026-08-28 13:50:01,737][evaluation.evaluator][INFO] - evaluate dataset=time/current_velocity_h_part11 users=6 dates=3607 windows=36 removed_constant=0 L=504 H=168 stride=512
[2026-08-28 13:50:07,682][evaluation.evaluator][INFO] - artifacts ready run=/fslarge/scratch/users/h61084/codes/tsfm/outputs_selena/covariates/time-current_velocity_h_part11/504_168/chronos2/none/instance/keep/run_0 mse=16.427 nmse=0.660787 inference_seconds=0.194
2026-08-28 13:50:10 | configuration dataset=time/current_velocity_h_part11 L=504 H=168 model=chronos2 covariates=identity instance_norm=true remove_constant=false seed=1 batch_size=64
[2026-08-28 13:50:12,855][data.dataset][INFO] - dataset config path=/fssmall/home/h61084/codes/datasets/time/current_velocity_h_part11/config.json applied_keys=['date_col', 'drop_users', 'target_cols']
[2026-08-28 13:50:12,876][evaluation.evaluator][INFO] - evaluate dataset=time/current_velocity_h_part11 users=6 dates=3607 windows=36 removed_constant=0 L=504 H=168 stride=512
[2026-08-28 13:50:18,742][evaluation.evaluator][INFO] - artifacts ready run=/fslarge/scratch/users/h61084/codes/tsfm/outputs_selena/covariates/time-current_velocity_h_part11/504_168/chronos2/identity/instance/keep/run_0 mse=0.0981416 nmse=0.0149541 inference_seconds=0.206
2026-08-28 13:50:21 | configuration dataset=time/current_velocity_h_part11 L=504 H=168 model=ts_icl covariates=none instance_norm=true remove_constant=false seed=1 batch_size=32
[2026-08-28 13:50:23,888][data.dataset][INFO] - dataset config path=/fssmall/home/h61084/codes/datasets/time/current_velocity_h_part11/config.json applied_keys=['date_col', 'drop_users', 'target_cols']
[2026-08-28 13:50:23,910][evaluation.evaluator][INFO] - evaluate dataset=time/current_velocity_h_part11 users=6 dates=3607 windows=36 removed_constant=0 L=504 H=168 stride=512
[2026-08-28 13:50:26,160][evaluation.evaluator][INFO] - artifacts ready run=/fslarge/scratch/users/h61084/codes/tsfm/outputs_selena/covariates/time-current_velocity_h_part11/504_168/ts_icl/none/instance/keep/run_0 mse=16.6185 nmse=0.697114 inference_seconds=1.413
2026-08-28 13:50:28 | configuration dataset=time/current_velocity_h_part11 L=504 H=168 model=ts_icl covariates=identity instance_norm=true remove_constant=false seed=1 batch_size=32
[2026-08-28 13:50:31,134][data.dataset][INFO] - dataset config path=/fssmall/home/h61084/codes/datasets/time/current_velocity_h_part11/config.json applied_keys=['date_col', 'drop_users', 'target_cols']
[2026-08-28 13:50:31,155][evaluation.evaluator][INFO] - evaluate dataset=time/current_velocity_h_part11 users=6 dates=3607 windows=36 removed_constant=0 L=504 H=168 stride=512
[2026-08-28 13:50:33,432][evaluation.evaluator][INFO] - artifacts ready run=/fslarge/scratch/users/h61084/codes/tsfm/outputs_selena/covariates/time-current_velocity_h_part11/504_168/ts_icl/identity/instance/keep/run_0 mse=0.00361929 nmse=0.000201297 inference_seconds=1.437
2026-08-28 13:50:35 | configuration dataset=time/current_velocity_h_part12 L=168 H=24 model=chronos2 covariates=none instance_norm=true remove_constant=false seed=1 batch_size=64
[2026-08-28 13:50:38,419][data.dataset][INFO] - dataset config path=/fssmall/home/h61084/codes/datasets/time/current_velocity_h_part12/config.json applied_keys=['date_col', 'drop_users', 'target_cols']
[2026-08-28 13:50:38,441][evaluation.evaluator][INFO] - evaluate dataset=time/current_velocity_h_part12 users=6 dates=2447 windows=30 removed_constant=0 L=168 H=24 stride=512
[2026-08-28 13:50:44,311][evaluation.evaluator][INFO] - artifacts ready run=/fslarge/scratch/users/h61084/codes/tsfm/outputs_selena/covariates/time-current_velocity_h_part12/168_24/chronos2/none/instance/keep/run_0 mse=8.54371 nmse=0.593685 inference_seconds=0.193
2026-08-28 13:50:46 | configuration dataset=time/current_velocity_h_part12 L=168 H=24 model=chronos2 covariates=identity instance_norm=true remove_constant=false seed=1 batch_size=64
[2026-08-28 13:50:49,473][data.dataset][INFO] - dataset config path=/fssmall/home/h61084/codes/datasets/time/current_velocity_h_part12/config.json applied_keys=['date_col', 'drop_users', 'target_cols']
[2026-08-28 13:50:49,493][evaluation.evaluator][INFO] - evaluate dataset=time/current_velocity_h_part12 users=6 dates=2447 windows=30 removed_constant=0 L=168 H=24 stride=512
[2026-08-28 13:50:55,350][evaluation.evaluator][INFO] - artifacts ready run=/fslarge/scratch/users/h61084/codes/tsfm/outputs_selena/covariates/time-current_velocity_h_part12/168_24/chronos2/identity/instance/keep/run_0 mse=0.12933 nmse=0.0174407 inference_seconds=0.193
2026-08-28 13:50:57 | configuration dataset=time/current_velocity_h_part12 L=168 H=24 model=ts_icl covariates=none instance_norm=true remove_constant=false seed=1 batch_size=32
[2026-08-28 13:51:00,477][data.dataset][INFO] - dataset config path=/fssmall/home/h61084/codes/datasets/time/current_velocity_h_part12/config.json applied_keys=['date_col', 'drop_users', 'target_cols']
[2026-08-28 13:51:00,497][evaluation.evaluator][INFO] - evaluate dataset=time/current_velocity_h_part12 users=6 dates=2447 windows=30 removed_constant=0 L=168 H=24 stride=512
[2026-08-28 13:51:02,666][evaluation.evaluator][INFO] - artifacts ready run=/fslarge/scratch/users/h61084/codes/tsfm/outputs_selena/covariates/time-current_velocity_h_part12/168_24/ts_icl/none/instance/keep/run_0 mse=8.92511 nmse=0.732068 inference_seconds=1.346
2026-08-28 13:51:05 | configuration dataset=time/current_velocity_h_part12 L=168 H=24 model=ts_icl covariates=identity instance_norm=true remove_constant=false seed=1 batch_size=32
[2026-08-28 13:51:07,661][data.dataset][INFO] - dataset config path=/fssmall/home/h61084/codes/datasets/time/current_velocity_h_part12/config.json applied_keys=['date_col', 'drop_users', 'target_cols']
[2026-08-28 13:51:07,680][evaluation.evaluator][INFO] - evaluate dataset=time/current_velocity_h_part12 users=6 dates=2447 windows=30 removed_constant=0 L=168 H=24 stride=512
[2026-08-28 13:51:09,880][evaluation.evaluator][INFO] - artifacts ready run=/fslarge/scratch/users/h61084/codes/tsfm/outputs_selena/covariates/time-current_velocity_h_part12/168_24/ts_icl/identity/instance/keep/run_0 mse=0.0208883 nmse=0.000618001 inference_seconds=1.371
2026-08-28 13:51:12 | configuration dataset=time/current_velocity_h_part12 L=336 H=48 model=chronos2 covariates=none instance_norm=true remove_constant=false seed=1 batch_size=64
[2026-08-28 13:51:14,876][data.dataset][INFO] - dataset config path=/fssmall/home/h61084/codes/datasets/time/current_velocity_h_part12/config.json applied_keys=['date_col', 'drop_users', 'target_cols']
[2026-08-28 13:51:14,897][evaluation.evaluator][INFO] - evaluate dataset=time/current_velocity_h_part12 users=6 dates=2447 windows=30 removed_constant=0 L=336 H=48 stride=512
[2026-08-28 13:51:21,251][evaluation.evaluator][INFO] - artifacts ready run=/fslarge/scratch/users/h61084/codes/tsfm/outputs_selena/covariates/time-current_velocity_h_part12/336_48/chronos2/none/instance/keep/run_0 mse=9.40824 nmse=0.63459 inference_seconds=0.192
2026-08-28 13:51:23 | configuration dataset=time/current_velocity_h_part12 L=336 H=48 model=chronos2 covariates=identity instance_norm=true remove_constant=false seed=1 batch_size=64
[2026-08-28 13:51:26,397][data.dataset][INFO] - dataset config path=/fssmall/home/h61084/codes/datasets/time/current_velocity_h_part12/config.json applied_keys=['date_col', 'drop_users', 'target_cols']
[2026-08-28 13:51:26,420][evaluation.evaluator][INFO] - evaluate dataset=time/current_velocity_h_part12 users=6 dates=2447 windows=30 removed_constant=0 L=336 H=48 stride=512
[2026-08-28 13:51:32,274][evaluation.evaluator][INFO] - artifacts ready run=/fslarge/scratch/users/h61084/codes/tsfm/outputs_selena/covariates/time-current_velocity_h_part12/336_48/chronos2/identity/instance/keep/run_0 mse=0.130452 nmse=0.0162805 inference_seconds=0.196
2026-08-28 13:51:34 | configuration dataset=time/current_velocity_h_part12 L=336 H=48 model=ts_icl covariates=none instance_norm=true remove_constant=false seed=1 batch_size=32
[2026-08-28 13:51:37,424][data.dataset][INFO] - dataset config path=/fssmall/home/h61084/codes/datasets/time/current_velocity_h_part12/config.json applied_keys=['date_col', 'drop_users', 'target_cols']
[2026-08-28 13:51:37,444][evaluation.evaluator][INFO] - evaluate dataset=time/current_velocity_h_part12 users=6 dates=2447 windows=30 removed_constant=0 L=336 H=48 stride=512
[2026-08-28 13:51:39,636][evaluation.evaluator][INFO] - artifacts ready run=/fslarge/scratch/users/h61084/codes/tsfm/outputs_selena/covariates/time-current_velocity_h_part12/336_48/ts_icl/none/instance/keep/run_0 mse=9.58212 nmse=0.673556 inference_seconds=1.363
2026-08-28 13:51:41 | configuration dataset=time/current_velocity_h_part12 L=336 H=48 model=ts_icl covariates=identity instance_norm=true remove_constant=false seed=1 batch_size=32
[2026-08-28 13:51:44,632][data.dataset][INFO] - dataset config path=/fssmall/home/h61084/codes/datasets/time/current_velocity_h_part12/config.json applied_keys=['date_col', 'drop_users', 'target_cols']
[2026-08-28 13:51:44,651][evaluation.evaluator][INFO] - evaluate dataset=time/current_velocity_h_part12 users=6 dates=2447 windows=30 removed_constant=0 L=336 H=48 stride=512
[2026-08-28 13:51:46,867][evaluation.evaluator][INFO] - artifacts ready run=/fslarge/scratch/users/h61084/codes/tsfm/outputs_selena/covariates/time-current_velocity_h_part12/336_48/ts_icl/identity/instance/keep/run_0 mse=0.0045918 nmse=0.000411414 inference_seconds=1.384
2026-08-28 13:51:49 | configuration dataset=time/current_velocity_h_part12 L=504 H=168 model=chronos2 covariates=none instance_norm=true remove_constant=false seed=1 batch_size=64
[2026-08-28 13:51:51,883][data.dataset][INFO] - dataset config path=/fssmall/home/h61084/codes/datasets/time/current_velocity_h_part12/config.json applied_keys=['date_col', 'drop_users', 'target_cols']
[2026-08-28 13:51:51,904][evaluation.evaluator][INFO] - evaluate dataset=time/current_velocity_h_part12 users=6 dates=2447 windows=24 removed_constant=0 L=504 H=168 stride=512
[2026-08-28 13:51:57,732][evaluation.evaluator][INFO] - artifacts ready run=/fslarge/scratch/users/h61084/codes/tsfm/outputs_selena/covariates/time-current_velocity_h_part12/504_168/chronos2/none/instance/keep/run_0 mse=11.9283 nmse=0.694545 inference_seconds=0.195
2026-08-28 13:52:00 | configuration dataset=time/current_velocity_h_part12 L=504 H=168 model=chronos2 covariates=identity instance_norm=true remove_constant=false seed=1 batch_size=64
[2026-08-28 13:52:02,865][data.dataset][INFO] - dataset config path=/fssmall/home/h61084/codes/datasets/time/current_velocity_h_part12/config.json applied_keys=['date_col', 'drop_users', 'target_cols']
[2026-08-28 13:52:02,885][evaluation.evaluator][INFO] - evaluate dataset=time/current_velocity_h_part12 users=6 dates=2447 windows=24 removed_constant=0 L=504 H=168 stride=512
[2026-08-28 13:52:08,732][evaluation.evaluator][INFO] - artifacts ready run=/fslarge/scratch/users/h61084/codes/tsfm/outputs_selena/covariates/time-current_velocity_h_part12/504_168/chronos2/identity/instance/keep/run_0 mse=0.0575641 nmse=0.0159768 inference_seconds=0.201
2026-08-28 13:52:11 | configuration dataset=time/current_velocity_h_part12 L=504 H=168 model=ts_icl covariates=none instance_norm=true remove_constant=false seed=1 batch_size=32
[2026-08-28 13:52:13,902][data.dataset][INFO] - dataset config path=/fssmall/home/h61084/codes/datasets/time/current_velocity_h_part12/config.json applied_keys=['date_col', 'drop_users', 'target_cols']
[2026-08-28 13:52:13,923][evaluation.evaluator][INFO] - evaluate dataset=time/current_velocity_h_part12 users=6 dates=2447 windows=24 removed_constant=0 L=504 H=168 stride=512
[2026-08-28 13:52:16,150][evaluation.evaluator][INFO] - artifacts ready run=/fslarge/scratch/users/h61084/codes/tsfm/outputs_selena/covariates/time-current_velocity_h_part12/504_168/ts_icl/none/instance/keep/run_0 mse=9.21466 nmse=0.679967 inference_seconds=1.375
2026-08-28 13:52:18 | configuration dataset=time/current_velocity_h_part12 L=504 H=168 model=ts_icl covariates=identity instance_norm=true remove_constant=false seed=1 batch_size=32
[2026-08-28 13:52:21,130][data.dataset][INFO] - dataset config path=/fssmall/home/h61084/codes/datasets/time/current_velocity_h_part12/config.json applied_keys=['date_col', 'drop_users', 'target_cols']
[2026-08-28 13:52:21,149][evaluation.evaluator][INFO] - evaluate dataset=time/current_velocity_h_part12 users=6 dates=2447 windows=24 removed_constant=0 L=504 H=168 stride=512
[2026-08-28 13:52:23,393][evaluation.evaluator][INFO] - artifacts ready run=/fslarge/scratch/users/h61084/codes/tsfm/outputs_selena/covariates/time-current_velocity_h_part12/504_168/ts_icl/identity/instance/keep/run_0 mse=0.00106821 nmse=0.000152652 inference_seconds=1.392
2026-08-28 13:52:25 | configuration dataset=time/current_velocity_h_part13 L=168 H=24 model=chronos2 covariates=none instance_norm=true remove_constant=false seed=1 batch_size=64
[2026-08-28 13:52:28,419][data.dataset][INFO] - dataset config path=/fssmall/home/h61084/codes/datasets/time/current_velocity_h_part13/config.json applied_keys=['date_col', 'drop_users', 'target_cols']
[2026-08-28 13:52:28,440][evaluation.evaluator][INFO] - evaluate dataset=time/current_velocity_h_part13 users=6 dates=3263 windows=36 removed_constant=0 L=168 H=24 stride=512
[2026-08-28 13:52:34,243][evaluation.evaluator][INFO] - artifacts ready run=/fslarge/scratch/users/h61084/codes/tsfm/outputs_selena/covariates/time-current_velocity_h_part13/168_24/chronos2/none/instance/keep/run_0 mse=5.68572 nmse=0.570205 inference_seconds=0.192
2026-08-28 13:52:36 | configuration dataset=time/current_velocity_h_part13 L=168 H=24 model=chronos2 covariates=identity instance_norm=true remove_constant=false seed=1 batch_size=64
[2026-08-28 13:52:39,390][data.dataset][INFO] - dataset config path=/fssmall/home/h61084/codes/datasets/time/current_velocity_h_part13/config.json applied_keys=['date_col', 'drop_users', 'target_cols']
[2026-08-28 13:52:39,411][evaluation.evaluator][INFO] - evaluate dataset=time/current_velocity_h_part13 users=6 dates=3263 windows=36 removed_constant=0 L=168 H=24 stride=512
[2026-08-28 13:52:45,249][evaluation.evaluator][INFO] - artifacts ready run=/fslarge/scratch/users/h61084/codes/tsfm/outputs_selena/covariates/time-current_velocity_h_part13/168_24/chronos2/identity/instance/keep/run_0 mse=0.107974 nmse=0.0093475 inference_seconds=0.194
2026-08-28 13:52:47 | configuration dataset=time/current_velocity_h_part13 L=168 H=24 model=ts_icl covariates=none instance_norm=true remove_constant=false seed=1 batch_size=32
[2026-08-28 13:52:50,400][data.dataset][INFO] - dataset config path=/fssmall/home/h61084/codes/datasets/time/current_velocity_h_part13/config.json applied_keys=['date_col', 'drop_users', 'target_cols']
[2026-08-28 13:52:50,420][evaluation.evaluator][INFO] - evaluate dataset=time/current_velocity_h_part13 users=6 dates=3263 windows=36 removed_constant=0 L=168 H=24 stride=512
[2026-08-28 13:52:52,634][evaluation.evaluator][INFO] - artifacts ready run=/fslarge/scratch/users/h61084/codes/tsfm/outputs_selena/covariates/time-current_velocity_h_part13/168_24/ts_icl/none/instance/keep/run_0 mse=7.37381 nmse=0.666906 inference_seconds=1.373
2026-08-28 13:52:54 | configuration dataset=time/current_velocity_h_part13 L=168 H=24 model=ts_icl covariates=identity instance_norm=true remove_constant=false seed=1 batch_size=32
[2026-08-28 13:52:57,620][data.dataset][INFO] - dataset config path=/fssmall/home/h61084/codes/datasets/time/current_velocity_h_part13/config.json applied_keys=['date_col', 'drop_users', 'target_cols']
[2026-08-28 13:52:57,640][evaluation.evaluator][INFO] - evaluate dataset=time/current_velocity_h_part13 users=6 dates=3263 windows=36 removed_constant=0 L=168 H=24 stride=512
[2026-08-28 13:52:59,859][evaluation.evaluator][INFO] - artifacts ready run=/fslarge/scratch/users/h61084/codes/tsfm/outputs_selena/covariates/time-current_velocity_h_part13/168_24/ts_icl/identity/instance/keep/run_0 mse=0.0740843 nmse=0.0283575 inference_seconds=1.393
2026-08-28 13:53:02 | configuration dataset=time/current_velocity_h_part13 L=336 H=48 model=chronos2 covariates=none instance_norm=true remove_constant=false seed=1 batch_size=64
[2026-08-28 13:53:04,878][data.dataset][INFO] - dataset config path=/fssmall/home/h61084/codes/datasets/time/current_velocity_h_part13/config.json applied_keys=['date_col', 'drop_users', 'target_cols']
[2026-08-28 13:53:04,899][evaluation.evaluator][INFO] - evaluate dataset=time/current_velocity_h_part13 users=6 dates=3263 windows=36 removed_constant=0 L=336 H=48 stride=512
[2026-08-28 13:53:10,728][evaluation.evaluator][INFO] - artifacts ready run=/fslarge/scratch/users/h61084/codes/tsfm/outputs_selena/covariates/time-current_velocity_h_part13/336_48/chronos2/none/instance/keep/run_0 mse=6.3559 nmse=0.783867 inference_seconds=0.192
2026-08-28 13:53:13 | configuration dataset=time/current_velocity_h_part13 L=336 H=48 model=chronos2 covariates=identity instance_norm=true remove_constant=false seed=1 batch_size=64
[2026-08-28 13:53:15,972][data.dataset][INFO] - dataset config path=/fssmall/home/h61084/codes/datasets/time/current_velocity_h_part13/config.json applied_keys=['date_col', 'drop_users', 'target_cols']
[2026-08-28 13:53:15,992][evaluation.evaluator][INFO] - evaluate dataset=time/current_velocity_h_part13 users=6 dates=3263 windows=36 removed_constant=0 L=336 H=48 stride=512
[2026-08-28 13:53:21,784][evaluation.evaluator][INFO] - artifacts ready run=/fslarge/scratch/users/h61084/codes/tsfm/outputs_selena/covariates/time-current_velocity_h_part13/336_48/chronos2/identity/instance/keep/run_0 mse=0.0506615 nmse=0.00845987 inference_seconds=0.202
2026-08-28 13:53:24 | configuration dataset=time/current_velocity_h_part13 L=336 H=48 model=ts_icl covariates=none instance_norm=true remove_constant=false seed=1 batch_size=32
[2026-08-28 13:53:26,932][data.dataset][INFO] - dataset config path=/fssmall/home/h61084/codes/datasets/time/current_velocity_h_part13/config.json applied_keys=['date_col', 'drop_users', 'target_cols']
[2026-08-28 13:53:26,952][evaluation.evaluator][INFO] - evaluate dataset=time/current_velocity_h_part13 users=6 dates=3263 windows=36 removed_constant=0 L=336 H=48 stride=512
[2026-08-28 13:53:29,178][evaluation.evaluator][INFO] - artifacts ready run=/fslarge/scratch/users/h61084/codes/tsfm/outputs_selena/covariates/time-current_velocity_h_part13/336_48/ts_icl/none/instance/keep/run_0 mse=7.23749 nmse=0.915487 inference_seconds=1.388
2026-08-28 13:53:31 | configuration dataset=time/current_velocity_h_part13 L=336 H=48 model=ts_icl covariates=identity instance_norm=true remove_constant=false seed=1 batch_size=32
[2026-08-28 13:53:34,219][data.dataset][INFO] - dataset config path=/fssmall/home/h61084/codes/datasets/time/current_velocity_h_part13/config.json applied_keys=['date_col', 'drop_users', 'target_cols']
[2026-08-28 13:53:34,240][evaluation.evaluator][INFO] - evaluate dataset=time/current_velocity_h_part13 users=6 dates=3263 windows=36 removed_constant=0 L=336 H=48 stride=512
[2026-08-28 13:53:36,500][evaluation.evaluator][INFO] - artifacts ready run=/fslarge/scratch/users/h61084/codes/tsfm/outputs_selena/covariates/time-current_velocity_h_part13/336_48/ts_icl/identity/instance/keep/run_0 mse=0.01938 nmse=0.00228991 inference_seconds=1.411
2026-08-28 13:53:38 | configuration dataset=time/current_velocity_h_part13 L=504 H=168 model=chronos2 covariates=none instance_norm=true remove_constant=false seed=1 batch_size=64
[2026-08-28 13:53:41,537][data.dataset][INFO] - dataset config path=/fssmall/home/h61084/codes/datasets/time/current_velocity_h_part13/config.json applied_keys=['date_col', 'drop_users', 'target_cols']
[2026-08-28 13:53:41,557][evaluation.evaluator][INFO] - evaluate dataset=time/current_velocity_h_part13 users=6 dates=3263 windows=36 removed_constant=0 L=504 H=168 stride=512
[2026-08-28 13:53:47,363][evaluation.evaluator][INFO] - artifacts ready run=/fslarge/scratch/users/h61084/codes/tsfm/outputs_selena/covariates/time-current_velocity_h_part13/504_168/chronos2/none/instance/keep/run_0 mse=5.3717 nmse=1.06086 inference_seconds=0.192
2026-08-28 13:53:49 | configuration dataset=time/current_velocity_h_part13 L=504 H=168 model=chronos2 covariates=identity instance_norm=true remove_constant=false seed=1 batch_size=64
[2026-08-28 13:53:52,546][data.dataset][INFO] - dataset config path=/fssmall/home/h61084/codes/datasets/time/current_velocity_h_part13/config.json applied_keys=['date_col', 'drop_users', 'target_cols']
[2026-08-28 13:53:52,566][evaluation.evaluator][INFO] - evaluate dataset=time/current_velocity_h_part13 users=6 dates=3263 windows=36 removed_constant=0 L=504 H=168 stride=512
[2026-08-28 13:53:58,378][evaluation.evaluator][INFO] - artifacts ready run=/fslarge/scratch/users/h61084/codes/tsfm/outputs_selena/covariates/time-current_velocity_h_part13/504_168/chronos2/identity/instance/keep/run_0 mse=0.0281622 nmse=0.00892916 inference_seconds=0.204
2026-08-28 13:54:00 | configuration dataset=time/current_velocity_h_part13 L=504 H=168 model=ts_icl covariates=none instance_norm=true remove_constant=false seed=1 batch_size=32
[2026-08-28 13:54:03,559][data.dataset][INFO] - dataset config path=/fssmall/home/h61084/codes/datasets/time/current_velocity_h_part13/config.json applied_keys=['date_col', 'drop_users', 'target_cols']
[2026-08-28 13:54:03,580][evaluation.evaluator][INFO] - evaluate dataset=time/current_velocity_h_part13 users=6 dates=3263 windows=36 removed_constant=0 L=504 H=168 stride=512
[2026-08-28 13:54:05,940][evaluation.evaluator][INFO] - artifacts ready run=/fslarge/scratch/users/h61084/codes/tsfm/outputs_selena/covariates/time-current_velocity_h_part13/504_168/ts_icl/none/instance/keep/run_0 mse=6.76853 nmse=0.987849 inference_seconds=1.518
2026-08-28 13:54:08 | configuration dataset=time/current_velocity_h_part13 L=504 H=168 model=ts_icl covariates=identity instance_norm=true remove_constant=false seed=1 batch_size=32
[2026-08-28 13:54:10,983][data.dataset][INFO] - dataset config path=/fssmall/home/h61084/codes/datasets/time/current_velocity_h_part13/config.json applied_keys=['date_col', 'drop_users', 'target_cols']
[2026-08-28 13:54:11,004][evaluation.evaluator][INFO] - evaluate dataset=time/current_velocity_h_part13 users=6 dates=3263 windows=36 removed_constant=0 L=504 H=168 stride=512
[2026-08-28 13:54:13,282][evaluation.evaluator][INFO] - artifacts ready run=/fslarge/scratch/users/h61084/codes/tsfm/outputs_selena/covariates/time-current_velocity_h_part13/504_168/ts_icl/identity/instance/keep/run_0 mse=0.00300215 nmse=0.00152332 inference_seconds=1.433
2026-08-28 13:54:15 | configuration dataset=time/current_velocity_h_part14 L=168 H=24 model=chronos2 covariates=none instance_norm=true remove_constant=false seed=1 batch_size=64
[2026-08-28 13:54:18,341][data.dataset][INFO] - dataset config path=/fssmall/home/h61084/codes/datasets/time/current_velocity_h_part14/config.json applied_keys=['date_col', 'drop_users', 'target_cols']
[2026-08-28 13:54:18,362][evaluation.evaluator][INFO] - evaluate dataset=time/current_velocity_h_part14 users=6 dates=2455 windows=30 removed_constant=0 L=168 H=24 stride=512
[2026-08-28 13:54:24,163][evaluation.evaluator][INFO] - artifacts ready run=/fslarge/scratch/users/h61084/codes/tsfm/outputs_selena/covariates/time-current_velocity_h_part14/168_24/chronos2/none/instance/keep/run_0 mse=3.80181 nmse=0.484278 inference_seconds=0.192
2026-08-28 13:54:26 | configuration dataset=time/current_velocity_h_part14 L=168 H=24 model=chronos2 covariates=identity instance_norm=true remove_constant=false seed=1 batch_size=64
[2026-08-28 13:54:29,342][data.dataset][INFO] - dataset config path=/fssmall/home/h61084/codes/datasets/time/current_velocity_h_part14/config.json applied_keys=['date_col', 'drop_users', 'target_cols']
[2026-08-28 13:54:29,361][evaluation.evaluator][INFO] - evaluate dataset=time/current_velocity_h_part14 users=6 dates=2455 windows=30 removed_constant=0 L=168 H=24 stride=512
[2026-08-28 13:54:35,168][evaluation.evaluator][INFO] - artifacts ready run=/fslarge/scratch/users/h61084/codes/tsfm/outputs_selena/covariates/time-current_velocity_h_part14/168_24/chronos2/identity/instance/keep/run_0 mse=0.068951 nmse=0.00875906 inference_seconds=0.197
2026-08-28 13:54:37 | configuration dataset=time/current_velocity_h_part14 L=168 H=24 model=ts_icl covariates=none instance_norm=true remove_constant=false seed=1 batch_size=32
[2026-08-28 13:54:40,365][data.dataset][INFO] - dataset config path=/fssmall/home/h61084/codes/datasets/time/current_velocity_h_part14/config.json applied_keys=['date_col', 'drop_users', 'target_cols']
[2026-08-28 13:54:40,384][evaluation.evaluator][INFO] - evaluate dataset=time/current_velocity_h_part14 users=6 dates=2455 windows=30 removed_constant=0 L=168 H=24 stride=512
[2026-08-28 13:54:42,572][evaluation.evaluator][INFO] - artifacts ready run=/fslarge/scratch/users/h61084/codes/tsfm/outputs_selena/covariates/time-current_velocity_h_part14/168_24/ts_icl/none/instance/keep/run_0 mse=5.10468 nmse=0.458198 inference_seconds=1.348
2026-08-28 13:54:44 | configuration dataset=time/current_velocity_h_part14 L=168 H=24 model=ts_icl covariates=identity instance_norm=true remove_constant=false seed=1 batch_size=32
[2026-08-28 13:54:47,633][data.dataset][INFO] - dataset config path=/fssmall/home/h61084/codes/datasets/time/current_velocity_h_part14/config.json applied_keys=['date_col', 'drop_users', 'target_cols']
[2026-08-28 13:54:47,653][evaluation.evaluator][INFO] - evaluate dataset=time/current_velocity_h_part14 users=6 dates=2455 windows=30 removed_constant=0 L=168 H=24 stride=512
[2026-08-28 13:54:49,853][evaluation.evaluator][INFO] - artifacts ready run=/fslarge/scratch/users/h61084/codes/tsfm/outputs_selena/covariates/time-current_velocity_h_part14/168_24/ts_icl/identity/instance/keep/run_0 mse=0.0023355 nmse=0.0250583 inference_seconds=1.363
2026-08-28 13:54:52 | configuration dataset=time/current_velocity_h_part14 L=336 H=48 model=chronos2 covariates=none instance_norm=true remove_constant=false seed=1 batch_size=64
[2026-08-28 13:54:54,921][data.dataset][INFO] - dataset config path=/fssmall/home/h61084/codes/datasets/time/current_velocity_h_part14/config.json applied_keys=['date_col', 'drop_users', 'target_cols']
[2026-08-28 13:54:54,941][evaluation.evaluator][INFO] - evaluate dataset=time/current_velocity_h_part14 users=6 dates=2455 windows=30 removed_constant=0 L=336 H=48 stride=512
[2026-08-28 13:55:00,761][evaluation.evaluator][INFO] - artifacts ready run=/fslarge/scratch/users/h61084/codes/tsfm/outputs_selena/covariates/time-current_velocity_h_part14/336_48/chronos2/none/instance/keep/run_0 mse=16.9299 nmse=0.97311 inference_seconds=0.193
2026-08-28 13:55:03 | configuration dataset=time/current_velocity_h_part14 L=336 H=48 model=chronos2 covariates=identity instance_norm=true remove_constant=false seed=1 batch_size=64
[2026-08-28 13:55:06,013][data.dataset][INFO] - dataset config path=/fssmall/home/h61084/codes/datasets/time/current_velocity_h_part14/config.json applied_keys=['date_col', 'drop_users', 'target_cols']
[2026-08-28 13:55:06,031][evaluation.evaluator][INFO] - evaluate dataset=time/current_velocity_h_part14 users=6 dates=2455 windows=30 removed_constant=0 L=336 H=48 stride=512
[2026-08-28 13:55:11,859][evaluation.evaluator][INFO] - artifacts ready run=/fslarge/scratch/users/h61084/codes/tsfm/outputs_selena/covariates/time-current_velocity_h_part14/336_48/chronos2/identity/instance/keep/run_0 mse=0.184497 nmse=0.00982965 inference_seconds=0.200
2026-08-28 13:55:14 | configuration dataset=time/current_velocity_h_part14 L=336 H=48 model=ts_icl covariates=none instance_norm=true remove_constant=false seed=1 batch_size=32
[2026-08-28 13:55:17,094][data.dataset][INFO] - dataset config path=/fssmall/home/h61084/codes/datasets/time/current_velocity_h_part14/config.json applied_keys=['date_col', 'drop_users', 'target_cols']
[2026-08-28 13:55:17,114][evaluation.evaluator][INFO] - evaluate dataset=time/current_velocity_h_part14 users=6 dates=2455 windows=30 removed_constant=0 L=336 H=48 stride=512
[2026-08-28 13:55:19,317][evaluation.evaluator][INFO] - artifacts ready run=/fslarge/scratch/users/h61084/codes/tsfm/outputs_selena/covariates/time-current_velocity_h_part14/336_48/ts_icl/none/instance/keep/run_0 mse=17.4821 nmse=0.966646 inference_seconds=1.364
2026-08-28 13:55:21 | configuration dataset=time/current_velocity_h_part14 L=336 H=48 model=ts_icl covariates=identity instance_norm=true remove_constant=false seed=1 batch_size=32
[2026-08-28 13:55:24,374][data.dataset][INFO] - dataset config path=/fssmall/home/h61084/codes/datasets/time/current_velocity_h_part14/config.json applied_keys=['date_col', 'drop_users', 'target_cols']
[2026-08-28 13:55:24,393][evaluation.evaluator][INFO] - evaluate dataset=time/current_velocity_h_part14 users=6 dates=2455 windows=30 removed_constant=0 L=336 H=48 stride=512
[2026-08-28 13:55:26,634][evaluation.evaluator][INFO] - artifacts ready run=/fslarge/scratch/users/h61084/codes/tsfm/outputs_selena/covariates/time-current_velocity_h_part14/336_48/ts_icl/identity/instance/keep/run_0 mse=0.0261896 nmse=0.0028408 inference_seconds=1.389
2026-08-28 13:55:29 | configuration dataset=time/current_velocity_h_part14 L=504 H=168 model=chronos2 covariates=none instance_norm=true remove_constant=false seed=1 batch_size=64
[2026-08-28 13:55:31,698][data.dataset][INFO] - dataset config path=/fssmall/home/h61084/codes/datasets/time/current_velocity_h_part14/config.json applied_keys=['date_col', 'drop_users', 'target_cols']
[2026-08-28 13:55:31,718][evaluation.evaluator][INFO] - evaluate dataset=time/current_velocity_h_part14 users=6 dates=2455 windows=24 removed_constant=0 L=504 H=168 stride=512
[2026-08-28 13:55:37,521][evaluation.evaluator][INFO] - artifacts ready run=/fslarge/scratch/users/h61084/codes/tsfm/outputs_selena/covariates/time-current_velocity_h_part14/504_168/chronos2/none/instance/keep/run_0 mse=12.6008 nmse=1.34646 inference_seconds=0.193
2026-08-28 13:55:40 | configuration dataset=time/current_velocity_h_part14 L=504 H=168 model=chronos2 covariates=identity instance_norm=true remove_constant=false seed=1 batch_size=64
[2026-08-28 13:55:42,746][data.dataset][INFO] - dataset config path=/fssmall/home/h61084/codes/datasets/time/current_velocity_h_part14/config.json applied_keys=['date_col', 'drop_users', 'target_cols']
[2026-08-28 13:55:42,765][evaluation.evaluator][INFO] - evaluate dataset=time/current_velocity_h_part14 users=6 dates=2455 windows=24 removed_constant=0 L=504 H=168 stride=512
[2026-08-28 13:55:48,582][evaluation.evaluator][INFO] - artifacts ready run=/fslarge/scratch/users/h61084/codes/tsfm/outputs_selena/covariates/time-current_velocity_h_part14/504_168/chronos2/identity/instance/keep/run_0 mse=0.0818807 nmse=0.00982021 inference_seconds=0.196
2026-08-28 13:55:51 | configuration dataset=time/current_velocity_h_part14 L=504 H=168 model=ts_icl covariates=none instance_norm=true remove_constant=false seed=1 batch_size=32
[2026-08-28 13:55:53,792][data.dataset][INFO] - dataset config path=/fssmall/home/h61084/codes/datasets/time/current_velocity_h_part14/config.json applied_keys=['date_col', 'drop_users', 'target_cols']
[2026-08-28 13:55:53,812][evaluation.evaluator][INFO] - evaluate dataset=time/current_velocity_h_part14 users=6 dates=2455 windows=24 removed_constant=0 L=504 H=168 stride=512
[2026-08-28 13:55:56,007][evaluation.evaluator][INFO] - artifacts ready run=/fslarge/scratch/users/h61084/codes/tsfm/outputs_selena/covariates/time-current_velocity_h_part14/504_168/ts_icl/none/instance/keep/run_0 mse=12.4126 nmse=1.30236 inference_seconds=1.362
2026-08-28 13:55:58 | configuration dataset=time/current_velocity_h_part14 L=504 H=168 model=ts_icl covariates=identity instance_norm=true remove_constant=false seed=1 batch_size=32
[2026-08-28 13:56:01,056][data.dataset][INFO] - dataset config path=/fssmall/home/h61084/codes/datasets/time/current_velocity_h_part14/config.json applied_keys=['date_col', 'drop_users', 'target_cols']
[2026-08-28 13:56:01,075][evaluation.evaluator][INFO] - evaluate dataset=time/current_velocity_h_part14 users=6 dates=2455 windows=24 removed_constant=0 L=504 H=168 stride=512
[2026-08-28 13:56:03,301][evaluation.evaluator][INFO] - artifacts ready run=/fslarge/scratch/users/h61084/codes/tsfm/outputs_selena/covariates/time-current_velocity_h_part14/504_168/ts_icl/identity/instance/keep/run_0 mse=0.00601846 nmse=0.050936 inference_seconds=1.391
2026-08-28 13:56:05 | configuration dataset=time/current_velocity_h_part15 L=168 H=24 model=chronos2 covariates=none instance_norm=true remove_constant=false seed=1 batch_size=64
[2026-08-28 13:56:08,417][data.dataset][INFO] - dataset config path=/fssmall/home/h61084/codes/datasets/time/current_velocity_h_part15/config.json applied_keys=['date_col', 'drop_users', 'target_cols']
[2026-08-28 13:56:08,440][evaluation.evaluator][INFO] - evaluate dataset=time/current_velocity_h_part15 users=6 dates=3868 windows=48 removed_constant=0 L=168 H=24 stride=512
[2026-08-28 13:56:14,351][evaluation.evaluator][INFO] - artifacts ready run=/fslarge/scratch/users/h61084/codes/tsfm/outputs_selena/covariates/time-current_velocity_h_part15/168_24/chronos2/none/instance/keep/run_0 mse=4.44188 nmse=1.04793 inference_seconds=0.194
2026-08-28 13:56:16 | configuration dataset=time/current_velocity_h_part15 L=168 H=24 model=chronos2 covariates=identity instance_norm=true remove_constant=false seed=1 batch_size=64
[2026-08-28 13:56:19,584][data.dataset][INFO] - dataset config path=/fssmall/home/h61084/codes/datasets/time/current_velocity_h_part15/config.json applied_keys=['date_col', 'drop_users', 'target_cols']
[2026-08-28 13:56:19,604][evaluation.evaluator][INFO] - evaluate dataset=time/current_velocity_h_part15 users=6 dates=3868 windows=48 removed_constant=0 L=168 H=24 stride=512
[2026-08-28 13:56:25,426][evaluation.evaluator][INFO] - artifacts ready run=/fslarge/scratch/users/h61084/codes/tsfm/outputs_selena/covariates/time-current_velocity_h_part15/168_24/chronos2/identity/instance/keep/run_0 mse=0.0678886 nmse=0.0291986 inference_seconds=0.198
2026-08-28 13:56:28 | configuration dataset=time/current_velocity_h_part15 L=168 H=24 model=ts_icl covariates=none instance_norm=true remove_constant=false seed=1 batch_size=32
[2026-08-28 13:56:30,707][data.dataset][INFO] - dataset config path=/fssmall/home/h61084/codes/datasets/time/current_velocity_h_part15/config.json applied_keys=['date_col', 'drop_users', 'target_cols']
[2026-08-28 13:56:30,728][evaluation.evaluator][INFO] - evaluate dataset=time/current_velocity_h_part15 users=6 dates=3868 windows=48 removed_constant=0 L=168 H=24 stride=512
[2026-08-28 13:56:32,956][evaluation.evaluator][INFO] - artifacts ready run=/fslarge/scratch/users/h61084/codes/tsfm/outputs_selena/covariates/time-current_velocity_h_part15/168_24/ts_icl/none/instance/keep/run_0 mse=3.38368 nmse=0.844928 inference_seconds=1.383
2026-08-28 13:56:35 | configuration dataset=time/current_velocity_h_part15 L=168 H=24 model=ts_icl covariates=identity instance_norm=true remove_constant=false seed=1 batch_size=32
[2026-08-28 13:56:38,263][data.dataset][INFO] - dataset config path=/fssmall/home/h61084/codes/datasets/time/current_velocity_h_part15/config.json applied_keys=['date_col', 'drop_users', 'target_cols']
[2026-08-28 13:56:38,283][evaluation.evaluator][INFO] - evaluate dataset=time/current_velocity_h_part15 users=6 dates=3868 windows=48 removed_constant=0 L=168 H=24 stride=512
[2026-08-28 13:56:40,533][evaluation.evaluator][INFO] - artifacts ready run=/fslarge/scratch/users/h61084/codes/tsfm/outputs_selena/covariates/time-current_velocity_h_part15/168_24/ts_icl/identity/instance/keep/run_0 mse=0.00229353 nmse=0.100594 inference_seconds=1.409
2026-08-28 13:56:42 | configuration dataset=time/current_velocity_h_part15 L=336 H=48 model=chronos2 covariates=none instance_norm=true remove_constant=false seed=1 batch_size=64
[2026-08-28 13:56:45,582][data.dataset][INFO] - dataset config path=/fssmall/home/h61084/codes/datasets/time/current_velocity_h_part15/config.json applied_keys=['date_col', 'drop_users', 'target_cols']
[2026-08-28 13:56:45,604][evaluation.evaluator][INFO] - evaluate dataset=time/current_velocity_h_part15 users=6 dates=3868 windows=42 removed_constant=0 L=336 H=48 stride=512
[2026-08-28 13:56:51,427][evaluation.evaluator][INFO] - artifacts ready run=/fslarge/scratch/users/h61084/codes/tsfm/outputs_selena/covariates/time-current_velocity_h_part15/336_48/chronos2/none/instance/keep/run_0 mse=4.23115 nmse=0.670466 inference_seconds=0.191
2026-08-28 13:56:53 | configuration dataset=time/current_velocity_h_part15 L=336 H=48 model=chronos2 covariates=identity instance_norm=true remove_constant=false seed=1 batch_size=64
[2026-08-28 13:56:56,625][data.dataset][INFO] - dataset config path=/fssmall/home/h61084/codes/datasets/time/current_velocity_h_part15/config.json applied_keys=['date_col', 'drop_users', 'target_cols']
[2026-08-28 13:56:56,650][evaluation.evaluator][INFO] - evaluate dataset=time/current_velocity_h_part15 users=6 dates=3868 windows=42 removed_constant=0 L=336 H=48 stride=512
[2026-08-28 13:57:02,471][evaluation.evaluator][INFO] - artifacts ready run=/fslarge/scratch/users/h61084/codes/tsfm/outputs_selena/covariates/time-current_velocity_h_part15/336_48/chronos2/identity/instance/keep/run_0 mse=0.0520238 nmse=0.00869769 inference_seconds=0.202
2026-08-28 13:57:05 | configuration dataset=time/current_velocity_h_part15 L=336 H=48 model=ts_icl covariates=none instance_norm=true remove_constant=false seed=1 batch_size=32
[2026-08-28 13:57:07,714][data.dataset][INFO] - dataset config path=/fssmall/home/h61084/codes/datasets/time/current_velocity_h_part15/config.json applied_keys=['date_col', 'drop_users', 'target_cols']
[2026-08-28 13:57:07,735][evaluation.evaluator][INFO] - evaluate dataset=time/current_velocity_h_part15 users=6 dates=3868 windows=42 removed_constant=0 L=336 H=48 stride=512
[2026-08-28 13:57:09,978][evaluation.evaluator][INFO] - artifacts ready run=/fslarge/scratch/users/h61084/codes/tsfm/outputs_selena/covariates/time-current_velocity_h_part15/336_48/ts_icl/none/instance/keep/run_0 mse=4.21259 nmse=0.686712 inference_seconds=1.391
2026-08-28 13:57:12 | configuration dataset=time/current_velocity_h_part15 L=336 H=48 model=ts_icl covariates=identity instance_norm=true remove_constant=false seed=1 batch_size=32
[2026-08-28 13:57:15,076][data.dataset][INFO] - dataset config path=/fssmall/home/h61084/codes/datasets/time/current_velocity_h_part15/config.json applied_keys=['date_col', 'drop_users', 'target_cols']
[2026-08-28 13:57:15,096][evaluation.evaluator][INFO] - evaluate dataset=time/current_velocity_h_part15 users=6 dates=3868 windows=42 removed_constant=0 L=336 H=48 stride=512
[2026-08-28 13:57:17,347][evaluation.evaluator][INFO] - artifacts ready run=/fslarge/scratch/users/h61084/codes/tsfm/outputs_selena/covariates/time-current_velocity_h_part15/336_48/ts_icl/identity/instance/keep/run_0 mse=0.00139405 nmse=0.0132782 inference_seconds=1.414
2026-08-28 13:57:19 | configuration dataset=time/current_velocity_h_part15 L=504 H=168 model=chronos2 covariates=none instance_norm=true remove_constant=false seed=1 batch_size=64
[2026-08-28 13:57:22,476][data.dataset][INFO] - dataset config path=/fssmall/home/h61084/codes/datasets/time/current_velocity_h_part15/config.json applied_keys=['date_col', 'drop_users', 'target_cols']
[2026-08-28 13:57:22,498][evaluation.evaluator][INFO] - evaluate dataset=time/current_velocity_h_part15 users=6 dates=3868 windows=42 removed_constant=0 L=504 H=168 stride=512
[2026-08-28 13:57:28,321][evaluation.evaluator][INFO] - artifacts ready run=/fslarge/scratch/users/h61084/codes/tsfm/outputs_selena/covariates/time-current_velocity_h_part15/504_168/chronos2/none/instance/keep/run_0 mse=11.7558 nmse=1.0679 inference_seconds=0.195
2026-08-28 13:57:30 | configuration dataset=time/current_velocity_h_part15 L=504 H=168 model=chronos2 covariates=identity instance_norm=true remove_constant=false seed=1 batch_size=64
[2026-08-28 13:57:33,573][data.dataset][INFO] - dataset config path=/fssmall/home/h61084/codes/datasets/time/current_velocity_h_part15/config.json applied_keys=['date_col', 'drop_users', 'target_cols']
[2026-08-28 13:57:33,593][evaluation.evaluator][INFO] - evaluate dataset=time/current_velocity_h_part15 users=6 dates=3868 windows=42 removed_constant=0 L=504 H=168 stride=512
[2026-08-28 13:57:39,403][evaluation.evaluator][INFO] - artifacts ready run=/fslarge/scratch/users/h61084/codes/tsfm/outputs_selena/covariates/time-current_velocity_h_part15/504_168/chronos2/identity/instance/keep/run_0 mse=0.0425967 nmse=0.00487535 inference_seconds=0.205
2026-08-28 13:57:42 | configuration dataset=time/current_velocity_h_part15 L=504 H=168 model=ts_icl covariates=none instance_norm=true remove_constant=false seed=1 batch_size=32
[2026-08-28 13:57:44,647][data.dataset][INFO] - dataset config path=/fssmall/home/h61084/codes/datasets/time/current_velocity_h_part15/config.json applied_keys=['date_col', 'drop_users', 'target_cols']
[2026-08-28 13:57:44,668][evaluation.evaluator][INFO] - evaluate dataset=time/current_velocity_h_part15 users=6 dates=3868 windows=42 removed_constant=0 L=504 H=168 stride=512
[2026-08-28 13:57:46,931][evaluation.evaluator][INFO] - artifacts ready run=/fslarge/scratch/users/h61084/codes/tsfm/outputs_selena/covariates/time-current_velocity_h_part15/504_168/ts_icl/none/instance/keep/run_0 mse=8.21927 nmse=0.864018 inference_seconds=1.417
2026-08-28 13:57:49 | configuration dataset=time/current_velocity_h_part15 L=504 H=168 model=ts_icl covariates=identity instance_norm=true remove_constant=false seed=1 batch_size=32
[2026-08-28 13:57:51,978][data.dataset][INFO] - dataset config path=/fssmall/home/h61084/codes/datasets/time/current_velocity_h_part15/config.json applied_keys=['date_col', 'drop_users', 'target_cols']
[2026-08-28 13:57:51,998][evaluation.evaluator][INFO] - evaluate dataset=time/current_velocity_h_part15 users=6 dates=3868 windows=42 removed_constant=0 L=504 H=168 stride=512
[2026-08-28 13:57:54,257][evaluation.evaluator][INFO] - artifacts ready run=/fslarge/scratch/users/h61084/codes/tsfm/outputs_selena/covariates/time-current_velocity_h_part15/504_168/ts_icl/identity/instance/keep/run_0 mse=0.001592 nmse=0.00204784 inference_seconds=1.423
2026-08-28 13:57:56 | configuration dataset=time/current_velocity_h_part16 L=168 H=24 model=chronos2 covariates=none instance_norm=true remove_constant=false seed=1 batch_size=64
[2026-08-28 13:57:59,347][data.dataset][INFO] - dataset config path=/fssmall/home/h61084/codes/datasets/time/current_velocity_h_part16/config.json applied_keys=['date_col', 'drop_users', 'target_cols']
[2026-08-28 13:57:59,370][evaluation.evaluator][INFO] - evaluate dataset=time/current_velocity_h_part16 users=6 dates=3212 windows=36 removed_constant=0 L=168 H=24 stride=512
[2026-08-28 13:58:05,187][evaluation.evaluator][INFO] - artifacts ready run=/fslarge/scratch/users/h61084/codes/tsfm/outputs_selena/covariates/time-current_velocity_h_part16/168_24/chronos2/none/instance/keep/run_0 mse=4.66892 nmse=0.688057 inference_seconds=0.190
2026-08-28 13:58:07 | configuration dataset=time/current_velocity_h_part16 L=168 H=24 model=chronos2 covariates=identity instance_norm=true remove_constant=false seed=1 batch_size=64
[2026-08-28 13:58:10,445][data.dataset][INFO] - dataset config path=/fssmall/home/h61084/codes/datasets/time/current_velocity_h_part16/config.json applied_keys=['date_col', 'drop_users', 'target_cols']
[2026-08-28 13:58:10,465][evaluation.evaluator][INFO] - evaluate dataset=time/current_velocity_h_part16 users=6 dates=3212 windows=36 removed_constant=0 L=168 H=24 stride=512
[2026-08-28 13:58:16,282][evaluation.evaluator][INFO] - artifacts ready run=/fslarge/scratch/users/h61084/codes/tsfm/outputs_selena/covariates/time-current_velocity_h_part16/168_24/chronos2/identity/instance/keep/run_0 mse=0.0416475 nmse=0.00999842 inference_seconds=0.194
2026-08-28 13:58:18 | configuration dataset=time/current_velocity_h_part16 L=168 H=24 model=ts_icl covariates=none instance_norm=true remove_constant=false seed=1 batch_size=32
[2026-08-28 13:58:21,560][data.dataset][INFO] - dataset config path=/fssmall/home/h61084/codes/datasets/time/current_velocity_h_part16/config.json applied_keys=['date_col', 'drop_users', 'target_cols']
[2026-08-28 13:58:21,581][evaluation.evaluator][INFO] - evaluate dataset=time/current_velocity_h_part16 users=6 dates=3212 windows=36 removed_constant=0 L=168 H=24 stride=512
[2026-08-28 13:58:23,794][evaluation.evaluator][INFO] - artifacts ready run=/fslarge/scratch/users/h61084/codes/tsfm/outputs_selena/covariates/time-current_velocity_h_part16/168_24/ts_icl/none/instance/keep/run_0 mse=3.95564 nmse=0.658017 inference_seconds=1.372
2026-08-28 13:58:26 | configuration dataset=time/current_velocity_h_part16 L=168 H=24 model=ts_icl covariates=identity instance_norm=true remove_constant=false seed=1 batch_size=32
[2026-08-28 13:58:28,929][data.dataset][INFO] - dataset config path=/fssmall/home/h61084/codes/datasets/time/current_velocity_h_part16/config.json applied_keys=['date_col', 'drop_users', 'target_cols']
[2026-08-28 13:58:28,949][evaluation.evaluator][INFO] - evaluate dataset=time/current_velocity_h_part16 users=6 dates=3212 windows=36 removed_constant=0 L=168 H=24 stride=512
[2026-08-28 13:58:31,191][evaluation.evaluator][INFO] - artifacts ready run=/fslarge/scratch/users/h61084/codes/tsfm/outputs_selena/covariates/time-current_velocity_h_part16/168_24/ts_icl/identity/instance/keep/run_0 mse=0.00133688 nmse=0.00614134 inference_seconds=1.398
2026-08-28 13:58:33 | configuration dataset=time/current_velocity_h_part16 L=336 H=48 model=chronos2 covariates=none instance_norm=true remove_constant=false seed=1 batch_size=64
[2026-08-28 13:58:36,278][data.dataset][INFO] - dataset config path=/fssmall/home/h61084/codes/datasets/time/current_velocity_h_part16/config.json applied_keys=['date_col', 'drop_users', 'target_cols']
[2026-08-28 13:58:36,299][evaluation.evaluator][INFO] - evaluate dataset=time/current_velocity_h_part16 users=6 dates=3212 windows=36 removed_constant=0 L=336 H=48 stride=512
[2026-08-28 13:58:42,130][evaluation.evaluator][INFO] - artifacts ready run=/fslarge/scratch/users/h61084/codes/tsfm/outputs_selena/covariates/time-current_velocity_h_part16/336_48/chronos2/none/instance/keep/run_0 mse=6.02298 nmse=0.64115 inference_seconds=0.197
2026-08-28 13:58:44 | configuration dataset=time/current_velocity_h_part16 L=336 H=48 model=chronos2 covariates=identity instance_norm=true remove_constant=false seed=1 batch_size=64
[2026-08-28 13:58:47,448][data.dataset][INFO] - dataset config path=/fssmall/home/h61084/codes/datasets/time/current_velocity_h_part16/config.json applied_keys=['date_col', 'drop_users', 'target_cols']
[2026-08-28 13:58:47,468][evaluation.evaluator][INFO] - evaluate dataset=time/current_velocity_h_part16 users=6 dates=3212 windows=36 removed_constant=0 L=336 H=48 stride=512
[2026-08-28 13:58:53,269][evaluation.evaluator][INFO] - artifacts ready run=/fslarge/scratch/users/h61084/codes/tsfm/outputs_selena/covariates/time-current_velocity_h_part16/336_48/chronos2/identity/instance/keep/run_0 mse=0.0653898 nmse=0.0102372 inference_seconds=0.201
2026-08-28 13:58:55 | configuration dataset=time/current_velocity_h_part16 L=336 H=48 model=ts_icl covariates=none instance_norm=true remove_constant=false seed=1 batch_size=32
[2026-08-28 13:58:58,544][data.dataset][INFO] - dataset config path=/fssmall/home/h61084/codes/datasets/time/current_velocity_h_part16/config.json applied_keys=['date_col', 'drop_users', 'target_cols']
[2026-08-28 13:58:58,565][evaluation.evaluator][INFO] - evaluate dataset=time/current_velocity_h_part16 users=6 dates=3212 windows=36 removed_constant=0 L=336 H=48 stride=512
[2026-08-28 13:59:00,795][evaluation.evaluator][INFO] - artifacts ready run=/fslarge/scratch/users/h61084/codes/tsfm/outputs_selena/covariates/time-current_velocity_h_part16/336_48/ts_icl/none/instance/keep/run_0 mse=5.95137 nmse=0.773701 inference_seconds=1.385
2026-08-28 13:59:03 | configuration dataset=time/current_velocity_h_part16 L=336 H=48 model=ts_icl covariates=identity instance_norm=true remove_constant=false seed=1 batch_size=32
[2026-08-28 13:59:05,924][data.dataset][INFO] - dataset config path=/fssmall/home/h61084/codes/datasets/time/current_velocity_h_part16/config.json applied_keys=['date_col', 'drop_users', 'target_cols']
[2026-08-28 13:59:05,945][evaluation.evaluator][INFO] - evaluate dataset=time/current_velocity_h_part16 users=6 dates=3212 windows=36 removed_constant=0 L=336 H=48 stride=512
[2026-08-28 13:59:08,190][evaluation.evaluator][INFO] - artifacts ready run=/fslarge/scratch/users/h61084/codes/tsfm/outputs_selena/covariates/time-current_velocity_h_part16/336_48/ts_icl/identity/instance/keep/run_0 mse=0.00282463 nmse=0.0113373 inference_seconds=1.411
2026-08-28 13:59:10 | configuration dataset=time/current_velocity_h_part16 L=504 H=168 model=chronos2 covariates=none instance_norm=true remove_constant=false seed=1 batch_size=64
[2026-08-28 13:59:13,365][data.dataset][INFO] - dataset config path=/fssmall/home/h61084/codes/datasets/time/current_velocity_h_part16/config.json applied_keys=['date_col', 'drop_users', 'target_cols']
[2026-08-28 13:59:13,386][evaluation.evaluator][INFO] - evaluate dataset=time/current_velocity_h_part16 users=6 dates=3212 windows=30 removed_constant=0 L=504 H=168 stride=512
[2026-08-28 13:59:19,199][evaluation.evaluator][INFO] - artifacts ready run=/fslarge/scratch/users/h61084/codes/tsfm/outputs_selena/covariates/time-current_velocity_h_part16/504_168/chronos2/none/instance/keep/run_0 mse=7.15569 nmse=0.603427 inference_seconds=0.191
2026-08-28 13:59:21 | configuration dataset=time/current_velocity_h_part16 L=504 H=168 model=chronos2 covariates=identity instance_norm=true remove_constant=false seed=1 batch_size=64
[2026-08-28 13:59:24,478][data.dataset][INFO] - dataset config path=/fssmall/home/h61084/codes/datasets/time/current_velocity_h_part16/config.json applied_keys=['date_col', 'drop_users', 'target_cols']
[2026-08-28 13:59:24,499][evaluation.evaluator][INFO] - evaluate dataset=time/current_velocity_h_part16 users=6 dates=3212 windows=30 removed_constant=0 L=504 H=168 stride=512
[2026-08-28 13:59:30,358][evaluation.evaluator][INFO] - artifacts ready run=/fslarge/scratch/users/h61084/codes/tsfm/outputs_selena/covariates/time-current_velocity_h_part16/504_168/chronos2/identity/instance/keep/run_0 mse=0.0393802 nmse=0.00711651 inference_seconds=0.197
2026-08-28 13:59:33 | configuration dataset=time/current_velocity_h_part16 L=504 H=168 model=ts_icl covariates=none instance_norm=true remove_constant=false seed=1 batch_size=32
[2026-08-28 13:59:35,625][data.dataset][INFO] - dataset config path=/fssmall/home/h61084/codes/datasets/time/current_velocity_h_part16/config.json applied_keys=['date_col', 'drop_users', 'target_cols']
[2026-08-28 13:59:35,645][evaluation.evaluator][INFO] - evaluate dataset=time/current_velocity_h_part16 users=6 dates=3212 windows=30 removed_constant=0 L=504 H=168 stride=512
[2026-08-28 13:59:37,880][evaluation.evaluator][INFO] - artifacts ready run=/fslarge/scratch/users/h61084/codes/tsfm/outputs_selena/covariates/time-current_velocity_h_part16/504_168/ts_icl/none/instance/keep/run_0 mse=7.1171 nmse=0.659448 inference_seconds=1.390
2026-08-28 13:59:40 | configuration dataset=time/current_velocity_h_part16 L=504 H=168 model=ts_icl covariates=identity instance_norm=true remove_constant=false seed=1 batch_size=32
[2026-08-28 13:59:42,995][data.dataset][INFO] - dataset config path=/fssmall/home/h61084/codes/datasets/time/current_velocity_h_part16/config.json applied_keys=['date_col', 'drop_users', 'target_cols']
[2026-08-28 13:59:43,016][evaluation.evaluator][INFO] - evaluate dataset=time/current_velocity_h_part16 users=6 dates=3212 windows=30 removed_constant=0 L=504 H=168 stride=512
[2026-08-28 13:59:45,279][evaluation.evaluator][INFO] - artifacts ready run=/fslarge/scratch/users/h61084/codes/tsfm/outputs_selena/covariates/time-current_velocity_h_part16/504_168/ts_icl/identity/instance/keep/run_0 mse=0.00213791 nmse=0.0289471 inference_seconds=1.407
2026-08-28 13:59:47 | configuration dataset=time/current_velocity_h_part17 L=168 H=24 model=chronos2 covariates=none instance_norm=true remove_constant=false seed=1 batch_size=64
[2026-08-28 13:59:50,415][data.dataset][INFO] - dataset config path=/fssmall/home/h61084/codes/datasets/time/current_velocity_h_part17/config.json applied_keys=['date_col', 'drop_users', 'target_cols']
[2026-08-28 13:59:50,435][evaluation.evaluator][INFO] - evaluate dataset=time/current_velocity_h_part17 users=6 dates=2232 windows=24 removed_constant=0 L=168 H=24 stride=512
[2026-08-28 13:59:56,283][evaluation.evaluator][INFO] - artifacts ready run=/fslarge/scratch/users/h61084/codes/tsfm/outputs_selena/covariates/time-current_velocity_h_part17/168_24/chronos2/none/instance/keep/run_0 mse=6.52115 nmse=0.983536 inference_seconds=0.192
2026-08-28 13:59:58 | configuration dataset=time/current_velocity_h_part17 L=168 H=24 model=chronos2 covariates=identity instance_norm=true remove_constant=false seed=1 batch_size=64
[2026-08-28 14:00:01,589][data.dataset][INFO] - dataset config path=/fssmall/home/h61084/codes/datasets/time/current_velocity_h_part17/config.json applied_keys=['date_col', 'drop_users', 'target_cols']
[2026-08-28 14:00:01,608][evaluation.evaluator][INFO] - evaluate dataset=time/current_velocity_h_part17 users=6 dates=2232 windows=24 removed_constant=0 L=168 H=24 stride=512
[2026-08-28 14:00:07,495][evaluation.evaluator][INFO] - artifacts ready run=/fslarge/scratch/users/h61084/codes/tsfm/outputs_selena/covariates/time-current_velocity_h_part17/168_24/chronos2/identity/instance/keep/run_0 mse=0.110114 nmse=0.0152796 inference_seconds=0.195
2026-08-28 14:00:10 | configuration dataset=time/current_velocity_h_part17 L=168 H=24 model=ts_icl covariates=none instance_norm=true remove_constant=false seed=1 batch_size=32
[2026-08-28 14:00:12,797][data.dataset][INFO] - dataset config path=/fssmall/home/h61084/codes/datasets/time/current_velocity_h_part17/config.json applied_keys=['date_col', 'drop_users', 'target_cols']
[2026-08-28 14:00:12,815][evaluation.evaluator][INFO] - evaluate dataset=time/current_velocity_h_part17 users=6 dates=2232 windows=24 removed_constant=0 L=168 H=24 stride=512
[2026-08-28 14:00:15,002][evaluation.evaluator][INFO] - artifacts ready run=/fslarge/scratch/users/h61084/codes/tsfm/outputs_selena/covariates/time-current_velocity_h_part17/168_24/ts_icl/none/instance/keep/run_0 mse=6.67957 nmse=1.01117 inference_seconds=1.344
2026-08-28 14:00:17 | configuration dataset=time/current_velocity_h_part17 L=168 H=24 model=ts_icl covariates=identity instance_norm=true remove_constant=false seed=1 batch_size=32
[2026-08-28 14:00:20,162][data.dataset][INFO] - dataset config path=/fssmall/home/h61084/codes/datasets/time/current_velocity_h_part17/config.json applied_keys=['date_col', 'drop_users', 'target_cols']
[2026-08-28 14:00:20,181][evaluation.evaluator][INFO] - evaluate dataset=time/current_velocity_h_part17 users=6 dates=2232 windows=24 removed_constant=0 L=168 H=24 stride=512
[2026-08-28 14:00:22,397][evaluation.evaluator][INFO] - artifacts ready run=/fslarge/scratch/users/h61084/codes/tsfm/outputs_selena/covariates/time-current_velocity_h_part17/168_24/ts_icl/identity/instance/keep/run_0 mse=0.00391036 nmse=0.0524546 inference_seconds=1.366
2026-08-28 14:00:24 | configuration dataset=time/current_velocity_h_part17 L=336 H=48 model=chronos2 covariates=none instance_norm=true remove_constant=false seed=1 batch_size=64
[2026-08-28 14:00:27,515][data.dataset][INFO] - dataset config path=/fssmall/home/h61084/codes/datasets/time/current_velocity_h_part17/config.json applied_keys=['date_col', 'drop_users', 'target_cols']
[2026-08-28 14:00:27,535][evaluation.evaluator][INFO] - evaluate dataset=time/current_velocity_h_part17 users=6 dates=2232 windows=24 removed_constant=0 L=336 H=48 stride=512
[2026-08-28 14:00:33,393][evaluation.evaluator][INFO] - artifacts ready run=/fslarge/scratch/users/h61084/codes/tsfm/outputs_selena/covariates/time-current_velocity_h_part17/336_48/chronos2/none/instance/keep/run_0 mse=6.17134 nmse=0.341067 inference_seconds=0.192
2026-08-28 14:00:36 | configuration dataset=time/current_velocity_h_part17 L=336 H=48 model=chronos2 covariates=identity instance_norm=true remove_constant=false seed=1 batch_size=64
[2026-08-28 14:00:38,744][data.dataset][INFO] - dataset config path=/fssmall/home/h61084/codes/datasets/time/current_velocity_h_part17/config.json applied_keys=['date_col', 'drop_users', 'target_cols']
[2026-08-28 14:00:38,763][evaluation.evaluator][INFO] - evaluate dataset=time/current_velocity_h_part17 users=6 dates=2232 windows=24 removed_constant=0 L=336 H=48 stride=512
[2026-08-28 14:00:44,659][evaluation.evaluator][INFO] - artifacts ready run=/fslarge/scratch/users/h61084/codes/tsfm/outputs_selena/covariates/time-current_velocity_h_part17/336_48/chronos2/identity/instance/keep/run_0 mse=0.139186 nmse=0.00829473 inference_seconds=0.191
2026-08-28 14:00:47 | configuration dataset=time/current_velocity_h_part17 L=336 H=48 model=ts_icl covariates=none instance_norm=true remove_constant=false seed=1 batch_size=32
[2026-08-28 14:00:49,960][data.dataset][INFO] - dataset config path=/fssmall/home/h61084/codes/datasets/time/current_velocity_h_part17/config.json applied_keys=['date_col', 'drop_users', 'target_cols']
[2026-08-28 14:00:49,979][evaluation.evaluator][INFO] - evaluate dataset=time/current_velocity_h_part17 users=6 dates=2232 windows=24 removed_constant=0 L=336 H=48 stride=512
[2026-08-28 14:00:52,191][evaluation.evaluator][INFO] - artifacts ready run=/fslarge/scratch/users/h61084/codes/tsfm/outputs_selena/covariates/time-current_velocity_h_part17/336_48/ts_icl/none/instance/keep/run_0 mse=6.76246 nmse=0.352111 inference_seconds=1.366
2026-08-28 14:00:54 | configuration dataset=time/current_velocity_h_part17 L=336 H=48 model=ts_icl covariates=identity instance_norm=true remove_constant=false seed=1 batch_size=32
[2026-08-28 14:00:57,378][data.dataset][INFO] - dataset config path=/fssmall/home/h61084/codes/datasets/time/current_velocity_h_part17/config.json applied_keys=['date_col', 'drop_users', 'target_cols']
[2026-08-28 14:00:57,397][evaluation.evaluator][INFO] - evaluate dataset=time/current_velocity_h_part17 users=6 dates=2232 windows=24 removed_constant=0 L=336 H=48 stride=512
[2026-08-28 14:00:59,614][evaluation.evaluator][INFO] - artifacts ready run=/fslarge/scratch/users/h61084/codes/tsfm/outputs_selena/covariates/time-current_velocity_h_part17/336_48/ts_icl/identity/instance/keep/run_0 mse=0.00214111 nmse=0.000845425 inference_seconds=1.390
2026-08-28 14:01:02 | configuration dataset=time/current_velocity_h_part17 L=504 H=168 model=chronos2 covariates=none instance_norm=true remove_constant=false seed=1 batch_size=64
[2026-08-28 14:01:04,826][data.dataset][INFO] - dataset config path=/fssmall/home/h61084/codes/datasets/time/current_velocity_h_part17/config.json applied_keys=['date_col', 'drop_users', 'target_cols']
[2026-08-28 14:01:04,846][evaluation.evaluator][INFO] - evaluate dataset=time/current_velocity_h_part17 users=6 dates=2232 windows=24 removed_constant=0 L=504 H=168 stride=512
[2026-08-28 14:01:10,659][evaluation.evaluator][INFO] - artifacts ready run=/fslarge/scratch/users/h61084/codes/tsfm/outputs_selena/covariates/time-current_velocity_h_part17/504_168/chronos2/none/instance/keep/run_0 mse=11.5768 nmse=0.673702 inference_seconds=0.190
2026-08-28 14:01:13 | configuration dataset=time/current_velocity_h_part17 L=504 H=168 model=chronos2 covariates=identity instance_norm=true remove_constant=false seed=1 batch_size=64
[2026-08-28 14:01:15,981][data.dataset][INFO] - dataset config path=/fssmall/home/h61084/codes/datasets/time/current_velocity_h_part17/config.json applied_keys=['date_col', 'drop_users', 'target_cols']
[2026-08-28 14:01:15,999][evaluation.evaluator][INFO] - evaluate dataset=time/current_velocity_h_part17 users=6 dates=2232 windows=24 removed_constant=0 L=504 H=168 stride=512
[2026-08-28 14:01:21,844][evaluation.evaluator][INFO] - artifacts ready run=/fslarge/scratch/users/h61084/codes/tsfm/outputs_selena/covariates/time-current_velocity_h_part17/504_168/chronos2/identity/instance/keep/run_0 mse=0.0636887 nmse=0.00698895 inference_seconds=0.196
2026-08-28 14:01:24 | configuration dataset=time/current_velocity_h_part17 L=504 H=168 model=ts_icl covariates=none instance_norm=true remove_constant=false seed=1 batch_size=32
[2026-08-28 14:01:27,183][data.dataset][INFO] - dataset config path=/fssmall/home/h61084/codes/datasets/time/current_velocity_h_part17/config.json applied_keys=['date_col', 'drop_users', 'target_cols']
[2026-08-28 14:01:27,202][evaluation.evaluator][INFO] - evaluate dataset=time/current_velocity_h_part17 users=6 dates=2232 windows=24 removed_constant=0 L=504 H=168 stride=512
[2026-08-28 14:01:29,428][evaluation.evaluator][INFO] - artifacts ready run=/fslarge/scratch/users/h61084/codes/tsfm/outputs_selena/covariates/time-current_velocity_h_part17/504_168/ts_icl/none/instance/keep/run_0 mse=11.4129 nmse=0.689081 inference_seconds=1.380
2026-08-28 14:01:31 | configuration dataset=time/current_velocity_h_part17 L=504 H=168 model=ts_icl covariates=identity instance_norm=true remove_constant=false seed=1 batch_size=32
[2026-08-28 14:01:34,619][data.dataset][INFO] - dataset config path=/fssmall/home/h61084/codes/datasets/time/current_velocity_h_part17/config.json applied_keys=['date_col', 'drop_users', 'target_cols']
[2026-08-28 14:01:34,638][evaluation.evaluator][INFO] - evaluate dataset=time/current_velocity_h_part17 users=6 dates=2232 windows=24 removed_constant=0 L=504 H=168 stride=512
[2026-08-28 14:01:36,873][evaluation.evaluator][INFO] - artifacts ready run=/fslarge/scratch/users/h61084/codes/tsfm/outputs_selena/covariates/time-current_velocity_h_part17/504_168/ts_icl/identity/instance/keep/run_0 mse=0.00338193 nmse=0.000245795 inference_seconds=1.394
2026-08-28 14:01:39 | configuration dataset=time/current_velocity_h_part18 L=168 H=24 model=chronos2 covariates=none instance_norm=true remove_constant=false seed=1 batch_size=64
[2026-08-28 14:01:42,042][data.dataset][INFO] - dataset config path=/fssmall/home/h61084/codes/datasets/time/current_velocity_h_part18/config.json applied_keys=['date_col', 'drop_users', 'target_cols']
[2026-08-28 14:01:42,063][evaluation.evaluator][INFO] - evaluate dataset=time/current_velocity_h_part18 users=6 dates=2496 windows=30 removed_constant=0 L=168 H=24 stride=512
[2026-08-28 14:01:47,883][evaluation.evaluator][INFO] - artifacts ready run=/fslarge/scratch/users/h61084/codes/tsfm/outputs_selena/covariates/time-current_velocity_h_part18/168_24/chronos2/none/instance/keep/run_0 mse=6.86921 nmse=0.677123 inference_seconds=0.192
2026-08-28 14:01:50 | configuration dataset=time/current_velocity_h_part18 L=168 H=24 model=chronos2 covariates=identity instance_norm=true remove_constant=false seed=1 batch_size=64
[2026-08-28 14:01:53,220][data.dataset][INFO] - dataset config path=/fssmall/home/h61084/codes/datasets/time/current_velocity_h_part18/config.json applied_keys=['date_col', 'drop_users', 'target_cols']
[2026-08-28 14:01:53,239][evaluation.evaluator][INFO] - evaluate dataset=time/current_velocity_h_part18 users=6 dates=2496 windows=30 removed_constant=0 L=168 H=24 stride=512
[2026-08-28 14:01:59,065][evaluation.evaluator][INFO] - artifacts ready run=/fslarge/scratch/users/h61084/codes/tsfm/outputs_selena/covariates/time-current_velocity_h_part18/168_24/chronos2/identity/instance/keep/run_0 mse=0.105261 nmse=0.00831065 inference_seconds=0.192
2026-08-28 14:02:01 | configuration dataset=time/current_velocity_h_part18 L=168 H=24 model=ts_icl covariates=none instance_norm=true remove_constant=false seed=1 batch_size=32
[2026-08-28 14:02:04,428][data.dataset][INFO] - dataset config path=/fssmall/home/h61084/codes/datasets/time/current_velocity_h_part18/config.json applied_keys=['date_col', 'drop_users', 'target_cols']
[2026-08-28 14:02:04,447][evaluation.evaluator][INFO] - evaluate dataset=time/current_velocity_h_part18 users=6 dates=2496 windows=30 removed_constant=0 L=168 H=24 stride=512
[2026-08-28 14:02:06,645][evaluation.evaluator][INFO] - artifacts ready run=/fslarge/scratch/users/h61084/codes/tsfm/outputs_selena/covariates/time-current_velocity_h_part18/168_24/ts_icl/none/instance/keep/run_0 mse=8.74521 nmse=0.66913 inference_seconds=1.352
2026-08-28 14:02:09 | configuration dataset=time/current_velocity_h_part18 L=168 H=24 model=ts_icl covariates=identity instance_norm=true remove_constant=false seed=1 batch_size=32
[2026-08-28 14:02:11,848][data.dataset][INFO] - dataset config path=/fssmall/home/h61084/codes/datasets/time/current_velocity_h_part18/config.json applied_keys=['date_col', 'drop_users', 'target_cols']
[2026-08-28 14:02:11,867][evaluation.evaluator][INFO] - evaluate dataset=time/current_velocity_h_part18 users=6 dates=2496 windows=30 removed_constant=0 L=168 H=24 stride=512
[2026-08-28 14:02:14,085][evaluation.evaluator][INFO] - artifacts ready run=/fslarge/scratch/users/h61084/codes/tsfm/outputs_selena/covariates/time-current_velocity_h_part18/168_24/ts_icl/identity/instance/keep/run_0 mse=0.00797139 nmse=0.000436618 inference_seconds=1.377
2026-08-28 14:02:16 | configuration dataset=time/current_velocity_h_part18 L=336 H=48 model=chronos2 covariates=none instance_norm=true remove_constant=false seed=1 batch_size=64
[2026-08-28 14:02:19,243][data.dataset][INFO] - dataset config path=/fssmall/home/h61084/codes/datasets/time/current_velocity_h_part18/config.json applied_keys=['date_col', 'drop_users', 'target_cols']
[2026-08-28 14:02:19,262][evaluation.evaluator][INFO] - evaluate dataset=time/current_velocity_h_part18 users=6 dates=2496 windows=30 removed_constant=0 L=336 H=48 stride=512
[2026-08-28 14:02:25,206][evaluation.evaluator][INFO] - artifacts ready run=/fslarge/scratch/users/h61084/codes/tsfm/outputs_selena/covariates/time-current_velocity_h_part18/336_48/chronos2/none/instance/keep/run_0 mse=4.72017 nmse=0.757023 inference_seconds=0.190
2026-08-28 14:02:27 | configuration dataset=time/current_velocity_h_part18 L=336 H=48 model=chronos2 covariates=identity instance_norm=true remove_constant=false seed=1 batch_size=64
[2026-08-28 14:02:30,524][data.dataset][INFO] - dataset config path=/fssmall/home/h61084/codes/datasets/time/current_velocity_h_part18/config.json applied_keys=['date_col', 'drop_users', 'target_cols']
[2026-08-28 14:02:30,543][evaluation.evaluator][INFO] - evaluate dataset=time/current_velocity_h_part18 users=6 dates=2496 windows=30 removed_constant=0 L=336 H=48 stride=512
[2026-08-28 14:02:36,380][evaluation.evaluator][INFO] - artifacts ready run=/fslarge/scratch/users/h61084/codes/tsfm/outputs_selena/covariates/time-current_velocity_h_part18/336_48/chronos2/identity/instance/keep/run_0 mse=0.0897831 nmse=0.0130342 inference_seconds=0.194
2026-08-28 14:02:39 | configuration dataset=time/current_velocity_h_part18 L=336 H=48 model=ts_icl covariates=none instance_norm=true remove_constant=false seed=1 batch_size=32
[2026-08-28 14:02:41,690][data.dataset][INFO] - dataset config path=/fssmall/home/h61084/codes/datasets/time/current_velocity_h_part18/config.json applied_keys=['date_col', 'drop_users', 'target_cols']
[2026-08-28 14:02:41,710][evaluation.evaluator][INFO] - evaluate dataset=time/current_velocity_h_part18 users=6 dates=2496 windows=30 removed_constant=0 L=336 H=48 stride=512
[2026-08-28 14:02:43,925][evaluation.evaluator][INFO] - artifacts ready run=/fslarge/scratch/users/h61084/codes/tsfm/outputs_selena/covariates/time-current_velocity_h_part18/336_48/ts_icl/none/instance/keep/run_0 mse=4.73606 nmse=0.784197 inference_seconds=1.373
2026-08-28 14:02:46 | configuration dataset=time/current_velocity_h_part18 L=336 H=48 model=ts_icl covariates=identity instance_norm=true remove_constant=false seed=1 batch_size=32
[2026-08-28 14:02:49,109][data.dataset][INFO] - dataset config path=/fssmall/home/h61084/codes/datasets/time/current_velocity_h_part18/config.json applied_keys=['date_col', 'drop_users', 'target_cols']
[2026-08-28 14:02:49,127][evaluation.evaluator][INFO] - evaluate dataset=time/current_velocity_h_part18 users=6 dates=2496 windows=30 removed_constant=0 L=336 H=48 stride=512
[2026-08-28 14:02:51,369][evaluation.evaluator][INFO] - artifacts ready run=/fslarge/scratch/users/h61084/codes/tsfm/outputs_selena/covariates/time-current_velocity_h_part18/336_48/ts_icl/identity/instance/keep/run_0 mse=0.00296263 nmse=0.0124452 inference_seconds=1.395
2026-08-28 14:02:53 | configuration dataset=time/current_velocity_h_part18 L=504 H=168 model=chronos2 covariates=none instance_norm=true remove_constant=false seed=1 batch_size=64
[2026-08-28 14:02:56,565][data.dataset][INFO] - dataset config path=/fssmall/home/h61084/codes/datasets/time/current_velocity_h_part18/config.json applied_keys=['date_col', 'drop_users', 'target_cols']
[2026-08-28 14:02:56,585][evaluation.evaluator][INFO] - evaluate dataset=time/current_velocity_h_part18 users=6 dates=2496 windows=24 removed_constant=0 L=504 H=168 stride=512
[2026-08-28 14:03:02,380][evaluation.evaluator][INFO] - artifacts ready run=/fslarge/scratch/users/h61084/codes/tsfm/outputs_selena/covariates/time-current_velocity_h_part18/504_168/chronos2/none/instance/keep/run_0 mse=20.23 nmse=2.24827 inference_seconds=0.193
2026-08-28 14:03:05 | configuration dataset=time/current_velocity_h_part18 L=504 H=168 model=chronos2 covariates=identity instance_norm=true remove_constant=false seed=1 batch_size=64
[2026-08-28 14:03:07,728][data.dataset][INFO] - dataset config path=/fssmall/home/h61084/codes/datasets/time/current_velocity_h_part18/config.json applied_keys=['date_col', 'drop_users', 'target_cols']
[2026-08-28 14:03:07,747][evaluation.evaluator][INFO] - evaluate dataset=time/current_velocity_h_part18 users=6 dates=2496 windows=24 removed_constant=0 L=504 H=168 stride=512
[2026-08-28 14:03:13,588][evaluation.evaluator][INFO] - artifacts ready run=/fslarge/scratch/users/h61084/codes/tsfm/outputs_selena/covariates/time-current_velocity_h_part18/504_168/chronos2/identity/instance/keep/run_0 mse=0.0739889 nmse=0.00716019 inference_seconds=0.194
2026-08-28 14:03:16 | configuration dataset=time/current_velocity_h_part18 L=504 H=168 model=ts_icl covariates=none instance_norm=true remove_constant=false seed=1 batch_size=32
[2026-08-28 14:03:18,952][data.dataset][INFO] - dataset config path=/fssmall/home/h61084/codes/datasets/time/current_velocity_h_part18/config.json applied_keys=['date_col', 'drop_users', 'target_cols']
[2026-08-28 14:03:18,971][evaluation.evaluator][INFO] - evaluate dataset=time/current_velocity_h_part18 users=6 dates=2496 windows=24 removed_constant=0 L=504 H=168 stride=512
[2026-08-28 14:03:21,181][evaluation.evaluator][INFO] - artifacts ready run=/fslarge/scratch/users/h61084/codes/tsfm/outputs_selena/covariates/time-current_velocity_h_part18/504_168/ts_icl/none/instance/keep/run_0 mse=18.9557 nmse=2.17436 inference_seconds=1.366
2026-08-28 14:03:23 | configuration dataset=time/current_velocity_h_part18 L=504 H=168 model=ts_icl covariates=identity instance_norm=true remove_constant=false seed=1 batch_size=32
[2026-08-28 14:03:26,327][data.dataset][INFO] - dataset config path=/fssmall/home/h61084/codes/datasets/time/current_velocity_h_part18/config.json applied_keys=['date_col', 'drop_users', 'target_cols']
[2026-08-28 14:03:26,346][evaluation.evaluator][INFO] - evaluate dataset=time/current_velocity_h_part18 users=6 dates=2496 windows=24 removed_constant=0 L=504 H=168 stride=512
[2026-08-28 14:03:28,593][evaluation.evaluator][INFO] - artifacts ready run=/fslarge/scratch/users/h61084/codes/tsfm/outputs_selena/covariates/time-current_velocity_h_part18/504_168/ts_icl/identity/instance/keep/run_0 mse=0.00386267 nmse=0.0496398 inference_seconds=1.400
2026-08-28 14:03:31 | configuration dataset=time/current_velocity_h_part19 L=168 H=24 model=chronos2 covariates=none instance_norm=true remove_constant=false seed=1 batch_size=64
[2026-08-28 14:03:33,753][data.dataset][INFO] - dataset config path=/fssmall/home/h61084/codes/datasets/time/current_velocity_h_part19/config.json applied_keys=['date_col', 'drop_users', 'target_cols']
[2026-08-28 14:03:33,775][evaluation.evaluator][INFO] - evaluate dataset=time/current_velocity_h_part19 users=6 dates=2379 windows=30 removed_constant=0 L=168 H=24 stride=512
[2026-08-28 14:03:39,593][evaluation.evaluator][INFO] - artifacts ready run=/fslarge/scratch/users/h61084/codes/tsfm/outputs_selena/covariates/time-current_velocity_h_part19/168_24/chronos2/none/instance/keep/run_0 mse=4.5505 nmse=0.58861 inference_seconds=0.193
2026-08-28 14:03:42 | configuration dataset=time/current_velocity_h_part19 L=168 H=24 model=chronos2 covariates=identity instance_norm=true remove_constant=false seed=1 batch_size=64
[2026-08-28 14:03:44,980][data.dataset][INFO] - dataset config path=/fssmall/home/h61084/codes/datasets/time/current_velocity_h_part19/config.json applied_keys=['date_col', 'drop_users', 'target_cols']
[2026-08-28 14:03:45,000][evaluation.evaluator][INFO] - evaluate dataset=time/current_velocity_h_part19 users=6 dates=2379 windows=30 removed_constant=0 L=168 H=24 stride=512
[2026-08-28 14:03:50,836][evaluation.evaluator][INFO] - artifacts ready run=/fslarge/scratch/users/h61084/codes/tsfm/outputs_selena/covariates/time-current_velocity_h_part19/168_24/chronos2/identity/instance/keep/run_0 mse=0.0669789 nmse=0.00715461 inference_seconds=0.194
2026-08-28 14:03:53 | configuration dataset=time/current_velocity_h_part19 L=168 H=24 model=ts_icl covariates=none instance_norm=true remove_constant=false seed=1 batch_size=32
[2026-08-28 14:03:56,206][data.dataset][INFO] - dataset config path=/fssmall/home/h61084/codes/datasets/time/current_velocity_h_part19/config.json applied_keys=['date_col', 'drop_users', 'target_cols']
[2026-08-28 14:03:56,225][evaluation.evaluator][INFO] - evaluate dataset=time/current_velocity_h_part19 users=6 dates=2379 windows=30 removed_constant=0 L=168 H=24 stride=512
[2026-08-28 14:03:58,406][evaluation.evaluator][INFO] - artifacts ready run=/fslarge/scratch/users/h61084/codes/tsfm/outputs_selena/covariates/time-current_velocity_h_part19/168_24/ts_icl/none/instance/keep/run_0 mse=5.00004 nmse=0.617453 inference_seconds=1.354
2026-08-28 14:04:00 | configuration dataset=time/current_velocity_h_part19 L=168 H=24 model=ts_icl covariates=identity instance_norm=true remove_constant=false seed=1 batch_size=32
[2026-08-28 14:04:03,578][data.dataset][INFO] - dataset config path=/fssmall/home/h61084/codes/datasets/time/current_velocity_h_part19/config.json applied_keys=['date_col', 'drop_users', 'target_cols']
[2026-08-28 14:04:03,597][evaluation.evaluator][INFO] - evaluate dataset=time/current_velocity_h_part19 users=6 dates=2379 windows=30 removed_constant=0 L=168 H=24 stride=512
[2026-08-28 14:04:05,804][evaluation.evaluator][INFO] - artifacts ready run=/fslarge/scratch/users/h61084/codes/tsfm/outputs_selena/covariates/time-current_velocity_h_part19/168_24/ts_icl/identity/instance/keep/run_0 mse=0.00108393 nmse=0.00267961 inference_seconds=1.374
2026-08-28 14:04:08 | configuration dataset=time/current_velocity_h_part19 L=336 H=48 model=chronos2 covariates=none instance_norm=true remove_constant=false seed=1 batch_size=64
[2026-08-28 14:04:11,023][data.dataset][INFO] - dataset config path=/fssmall/home/h61084/codes/datasets/time/current_velocity_h_part19/config.json applied_keys=['date_col', 'drop_users', 'target_cols']
[2026-08-28 14:04:11,043][evaluation.evaluator][INFO] - evaluate dataset=time/current_velocity_h_part19 users=6 dates=2379 windows=24 removed_constant=0 L=336 H=48 stride=512
[2026-08-28 14:04:16,870][evaluation.evaluator][INFO] - artifacts ready run=/fslarge/scratch/users/h61084/codes/tsfm/outputs_selena/covariates/time-current_velocity_h_part19/336_48/chronos2/none/instance/keep/run_0 mse=13.4613 nmse=0.967078 inference_seconds=0.193
2026-08-28 14:04:19 | configuration dataset=time/current_velocity_h_part19 L=336 H=48 model=chronos2 covariates=identity instance_norm=true remove_constant=false seed=1 batch_size=64
[2026-08-28 14:04:22,232][data.dataset][INFO] - dataset config path=/fssmall/home/h61084/codes/datasets/time/current_velocity_h_part19/config.json applied_keys=['date_col', 'drop_users', 'target_cols']
[2026-08-28 14:04:22,251][evaluation.evaluator][INFO] - evaluate dataset=time/current_velocity_h_part19 users=6 dates=2379 windows=24 removed_constant=0 L=336 H=48 stride=512
[2026-08-28 14:04:28,098][evaluation.evaluator][INFO] - artifacts ready run=/fslarge/scratch/users/h61084/codes/tsfm/outputs_selena/covariates/time-current_velocity_h_part19/336_48/chronos2/identity/instance/keep/run_0 mse=0.103767 nmse=0.011711 inference_seconds=0.193
2026-08-28 14:04:30 | configuration dataset=time/current_velocity_h_part19 L=336 H=48 model=ts_icl covariates=none instance_norm=true remove_constant=false seed=1 batch_size=32
[2026-08-28 14:04:33,454][data.dataset][INFO] - dataset config path=/fssmall/home/h61084/codes/datasets/time/current_velocity_h_part19/config.json applied_keys=['date_col', 'drop_users', 'target_cols']
[2026-08-28 14:04:33,473][evaluation.evaluator][INFO] - evaluate dataset=time/current_velocity_h_part19 users=6 dates=2379 windows=24 removed_constant=0 L=336 H=48 stride=512
[2026-08-28 14:04:35,678][evaluation.evaluator][INFO] - artifacts ready run=/fslarge/scratch/users/h61084/codes/tsfm/outputs_selena/covariates/time-current_velocity_h_part19/336_48/ts_icl/none/instance/keep/run_0 mse=6.76005 nmse=0.79901 inference_seconds=1.367
2026-08-28 14:04:38 | configuration dataset=time/current_velocity_h_part19 L=336 H=48 model=ts_icl covariates=identity instance_norm=true remove_constant=false seed=1 batch_size=32
[2026-08-28 14:04:40,899][data.dataset][INFO] - dataset config path=/fssmall/home/h61084/codes/datasets/time/current_velocity_h_part19/config.json applied_keys=['date_col', 'drop_users', 'target_cols']
[2026-08-28 14:04:40,918][evaluation.evaluator][INFO] - evaluate dataset=time/current_velocity_h_part19 users=6 dates=2379 windows=24 removed_constant=0 L=336 H=48 stride=512
[2026-08-28 14:04:43,139][evaluation.evaluator][INFO] - artifacts ready run=/fslarge/scratch/users/h61084/codes/tsfm/outputs_selena/covariates/time-current_velocity_h_part19/336_48/ts_icl/identity/instance/keep/run_0 mse=0.0316832 nmse=0.0074824 inference_seconds=1.387
2026-08-28 14:04:45 | configuration dataset=time/current_velocity_h_part19 L=504 H=168 model=chronos2 covariates=none instance_norm=true remove_constant=false seed=1 batch_size=64
[2026-08-28 14:04:48,340][data.dataset][INFO] - dataset config path=/fssmall/home/h61084/codes/datasets/time/current_velocity_h_part19/config.json applied_keys=['date_col', 'drop_users', 'target_cols']
[2026-08-28 14:04:48,360][evaluation.evaluator][INFO] - evaluate dataset=time/current_velocity_h_part19 users=6 dates=2379 windows=24 removed_constant=0 L=504 H=168 stride=512
[2026-08-28 14:04:54,190][evaluation.evaluator][INFO] - artifacts ready run=/fslarge/scratch/users/h61084/codes/tsfm/outputs_selena/covariates/time-current_velocity_h_part19/504_168/chronos2/none/instance/keep/run_0 mse=14.4198 nmse=1.33744 inference_seconds=0.193
2026-08-28 14:04:56 | configuration dataset=time/current_velocity_h_part19 L=504 H=168 model=chronos2 covariates=identity instance_norm=true remove_constant=false seed=1 batch_size=64
[2026-08-28 14:04:59,570][data.dataset][INFO] - dataset config path=/fssmall/home/h61084/codes/datasets/time/current_velocity_h_part19/config.json applied_keys=['date_col', 'drop_users', 'target_cols']
[2026-08-28 14:04:59,589][evaluation.evaluator][INFO] - evaluate dataset=time/current_velocity_h_part19 users=6 dates=2379 windows=24 removed_constant=0 L=504 H=168 stride=512
[2026-08-28 14:05:05,400][evaluation.evaluator][INFO] - artifacts ready run=/fslarge/scratch/users/h61084/codes/tsfm/outputs_selena/covariates/time-current_velocity_h_part19/504_168/chronos2/identity/instance/keep/run_0 mse=0.134511 nmse=0.0131819 inference_seconds=0.197
2026-08-28 14:05:08 | configuration dataset=time/current_velocity_h_part19 L=504 H=168 model=ts_icl covariates=none instance_norm=true remove_constant=false seed=1 batch_size=32
[2026-08-28 14:05:10,789][data.dataset][INFO] - dataset config path=/fssmall/home/h61084/codes/datasets/time/current_velocity_h_part19/config.json applied_keys=['date_col', 'drop_users', 'target_cols']
[2026-08-28 14:05:10,808][evaluation.evaluator][INFO] - evaluate dataset=time/current_velocity_h_part19 users=6 dates=2379 windows=24 removed_constant=0 L=504 H=168 stride=512
[2026-08-28 14:05:13,002][evaluation.evaluator][INFO] - artifacts ready run=/fslarge/scratch/users/h61084/codes/tsfm/outputs_selena/covariates/time-current_velocity_h_part19/504_168/ts_icl/none/instance/keep/run_0 mse=12.5182 nmse=1.11359 inference_seconds=1.363
2026-08-28 14:05:15 | configuration dataset=time/current_velocity_h_part19 L=504 H=168 model=ts_icl covariates=identity instance_norm=true remove_constant=false seed=1 batch_size=32
[2026-08-28 14:05:18,206][data.dataset][INFO] - dataset config path=/fssmall/home/h61084/codes/datasets/time/current_velocity_h_part19/config.json applied_keys=['date_col', 'drop_users', 'target_cols']
[2026-08-28 14:05:18,225][evaluation.evaluator][INFO] - evaluate dataset=time/current_velocity_h_part19 users=6 dates=2379 windows=24 removed_constant=0 L=504 H=168 stride=512
[2026-08-28 14:05:20,477][evaluation.evaluator][INFO] - artifacts ready run=/fslarge/scratch/users/h61084/codes/tsfm/outputs_selena/covariates/time-current_velocity_h_part19/504_168/ts_icl/identity/instance/keep/run_0 mse=0.0230339 nmse=0.00123461 inference_seconds=1.397
2026-08-28 14:05:23 | configuration dataset=time/current_velocity_h_part20 L=168 H=24 model=chronos2 covariates=none instance_norm=true remove_constant=false seed=1 batch_size=64
[2026-08-28 14:05:25,707][data.dataset][INFO] - dataset config path=/fssmall/home/h61084/codes/datasets/time/current_velocity_h_part20/config.json applied_keys=['date_col', 'drop_users', 'target_cols']
[2026-08-28 14:05:25,732][evaluation.evaluator][INFO] - evaluate dataset=time/current_velocity_h_part20 users=6 dates=5587 windows=66 removed_constant=0 L=168 H=24 stride=512
[2026-08-28 14:05:31,609][evaluation.evaluator][INFO] - artifacts ready run=/fslarge/scratch/users/h61084/codes/tsfm/outputs_selena/covariates/time-current_velocity_h_part20/168_24/chronos2/none/instance/keep/run_0 mse=5.79077 nmse=0.829215 inference_seconds=0.211
2026-08-28 14:05:34 | configuration dataset=time/current_velocity_h_part20 L=168 H=24 model=chronos2 covariates=identity instance_norm=true remove_constant=false seed=1 batch_size=64
[2026-08-28 14:05:36,975][data.dataset][INFO] - dataset config path=/fssmall/home/h61084/codes/datasets/time/current_velocity_h_part20/config.json applied_keys=['date_col', 'drop_users', 'target_cols']
[2026-08-28 14:05:36,997][evaluation.evaluator][INFO] - evaluate dataset=time/current_velocity_h_part20 users=6 dates=5587 windows=66 removed_constant=0 L=168 H=24 stride=512
[2026-08-28 14:05:42,891][evaluation.evaluator][INFO] - artifacts ready run=/fslarge/scratch/users/h61084/codes/tsfm/outputs_selena/covariates/time-current_velocity_h_part20/168_24/chronos2/identity/instance/keep/run_0 mse=0.0795885 nmse=0.0079864 inference_seconds=0.218
2026-08-28 14:05:45 | configuration dataset=time/current_velocity_h_part20 L=168 H=24 model=ts_icl covariates=none instance_norm=true remove_constant=false seed=1 batch_size=32
[2026-08-28 14:05:48,311][data.dataset][INFO] - dataset config path=/fssmall/home/h61084/codes/datasets/time/current_velocity_h_part20/config.json applied_keys=['date_col', 'drop_users', 'target_cols']
[2026-08-28 14:05:48,333][evaluation.evaluator][INFO] - evaluate dataset=time/current_velocity_h_part20 users=6 dates=5587 windows=66 removed_constant=0 L=168 H=24 stride=512
[2026-08-28 14:05:50,611][evaluation.evaluator][INFO] - artifacts ready run=/fslarge/scratch/users/h61084/codes/tsfm/outputs_selena/covariates/time-current_velocity_h_part20/168_24/ts_icl/none/instance/keep/run_0 mse=5.42934 nmse=0.788613 inference_seconds=1.416
2026-08-28 14:05:53 | configuration dataset=time/current_velocity_h_part20 L=168 H=24 model=ts_icl covariates=identity instance_norm=true remove_constant=false seed=1 batch_size=32
[2026-08-28 14:05:55,831][data.dataset][INFO] - dataset config path=/fssmall/home/h61084/codes/datasets/time/current_velocity_h_part20/config.json applied_keys=['date_col', 'drop_users', 'target_cols']
[2026-08-28 14:05:55,853][evaluation.evaluator][INFO] - evaluate dataset=time/current_velocity_h_part20 users=6 dates=5587 windows=66 removed_constant=0 L=168 H=24 stride=512
[2026-08-28 14:05:58,129][evaluation.evaluator][INFO] - artifacts ready run=/fslarge/scratch/users/h61084/codes/tsfm/outputs_selena/covariates/time-current_velocity_h_part20/168_24/ts_icl/identity/instance/keep/run_0 mse=0.00203141 nmse=0.00266835 inference_seconds=1.441
2026-08-28 14:06:00 | configuration dataset=time/current_velocity_h_part20 L=336 H=48 model=chronos2 covariates=none instance_norm=true remove_constant=false seed=1 batch_size=64
[2026-08-28 14:06:03,332][data.dataset][INFO] - dataset config path=/fssmall/home/h61084/codes/datasets/time/current_velocity_h_part20/config.json applied_keys=['date_col', 'drop_users', 'target_cols']
[2026-08-28 14:06:03,354][evaluation.evaluator][INFO] - evaluate dataset=time/current_velocity_h_part20 users=6 dates=5587 windows=66 removed_constant=0 L=336 H=48 stride=512
[2026-08-28 14:06:09,253][evaluation.evaluator][INFO] - artifacts ready run=/fslarge/scratch/users/h61084/codes/tsfm/outputs_selena/covariates/time-current_velocity_h_part20/336_48/chronos2/none/instance/keep/run_0 mse=12.7127 nmse=1.419 inference_seconds=0.215
2026-08-28 14:06:11 | configuration dataset=time/current_velocity_h_part20 L=336 H=48 model=chronos2 covariates=identity instance_norm=true remove_constant=false seed=1 batch_size=64
[2026-08-28 14:06:14,615][data.dataset][INFO] - dataset config path=/fssmall/home/h61084/codes/datasets/time/current_velocity_h_part20/config.json applied_keys=['date_col', 'drop_users', 'target_cols']
[2026-08-28 14:06:14,636][evaluation.evaluator][INFO] - evaluate dataset=time/current_velocity_h_part20 users=6 dates=5587 windows=66 removed_constant=0 L=336 H=48 stride=512
[2026-08-28 14:06:20,540][evaluation.evaluator][INFO] - artifacts ready run=/fslarge/scratch/users/h61084/codes/tsfm/outputs_selena/covariates/time-current_velocity_h_part20/336_48/chronos2/identity/instance/keep/run_0 mse=0.111094 nmse=0.0111165 inference_seconds=0.228
2026-08-28 14:06:23 | configuration dataset=time/current_velocity_h_part20 L=336 H=48 model=ts_icl covariates=none instance_norm=true remove_constant=false seed=1 batch_size=32
[2026-08-28 14:06:25,954][data.dataset][INFO] - dataset config path=/fssmall/home/h61084/codes/datasets/time/current_velocity_h_part20/config.json applied_keys=['date_col', 'drop_users', 'target_cols']
[2026-08-28 14:06:25,978][evaluation.evaluator][INFO] - evaluate dataset=time/current_velocity_h_part20 users=6 dates=5587 windows=66 removed_constant=0 L=336 H=48 stride=512
[2026-08-28 14:06:28,273][evaluation.evaluator][INFO] - artifacts ready run=/fslarge/scratch/users/h61084/codes/tsfm/outputs_selena/covariates/time-current_velocity_h_part20/336_48/ts_icl/none/instance/keep/run_0 mse=13.1461 nmse=1.39076 inference_seconds=1.446
2026-08-28 14:06:30 | configuration dataset=time/current_velocity_h_part20 L=336 H=48 model=ts_icl covariates=identity instance_norm=true remove_constant=false seed=1 batch_size=32
[2026-08-28 14:06:33,562][data.dataset][INFO] - dataset config path=/fssmall/home/h61084/codes/datasets/time/current_velocity_h_part20/config.json applied_keys=['date_col', 'drop_users', 'target_cols']
[2026-08-28 14:06:33,584][evaluation.evaluator][INFO] - evaluate dataset=time/current_velocity_h_part20 users=6 dates=5587 windows=66 removed_constant=0 L=336 H=48 stride=512
[2026-08-28 14:06:35,888][evaluation.evaluator][INFO] - artifacts ready run=/fslarge/scratch/users/h61084/codes/tsfm/outputs_selena/covariates/time-current_velocity_h_part20/336_48/ts_icl/identity/instance/keep/run_0 mse=0.0043733 nmse=0.103248 inference_seconds=1.469
2026-08-28 14:06:38 | configuration dataset=time/current_velocity_h_part20 L=504 H=168 model=chronos2 covariates=none instance_norm=true remove_constant=false seed=1 batch_size=64
[2026-08-28 14:06:41,135][data.dataset][INFO] - dataset config path=/fssmall/home/h61084/codes/datasets/time/current_velocity_h_part20/config.json applied_keys=['date_col', 'drop_users', 'target_cols']
[2026-08-28 14:06:41,157][evaluation.evaluator][INFO] - evaluate dataset=time/current_velocity_h_part20 users=6 dates=5587 windows=60 removed_constant=0 L=504 H=168 stride=512
[2026-08-28 14:06:47,037][evaluation.evaluator][INFO] - artifacts ready run=/fslarge/scratch/users/h61084/codes/tsfm/outputs_selena/covariates/time-current_velocity_h_part20/504_168/chronos2/none/instance/keep/run_0 mse=9.92492 nmse=1.30789 inference_seconds=0.198
2026-08-28 14:06:49 | configuration dataset=time/current_velocity_h_part20 L=504 H=168 model=chronos2 covariates=identity instance_norm=true remove_constant=false seed=1 batch_size=64
[2026-08-28 14:06:52,471][data.dataset][INFO] - dataset config path=/fssmall/home/h61084/codes/datasets/time/current_velocity_h_part20/config.json applied_keys=['date_col', 'drop_users', 'target_cols']
[2026-08-28 14:06:52,493][evaluation.evaluator][INFO] - evaluate dataset=time/current_velocity_h_part20 users=6 dates=5587 windows=60 removed_constant=0 L=504 H=168 stride=512
[2026-08-28 14:06:58,380][evaluation.evaluator][INFO] - artifacts ready run=/fslarge/scratch/users/h61084/codes/tsfm/outputs_selena/covariates/time-current_velocity_h_part20/504_168/chronos2/identity/instance/keep/run_0 mse=0.0564331 nmse=0.00525114 inference_seconds=0.216
2026-08-28 14:07:01 | configuration dataset=time/current_velocity_h_part20 L=504 H=168 model=ts_icl covariates=none instance_norm=true remove_constant=false seed=1 batch_size=32
[2026-08-28 14:07:03,820][data.dataset][INFO] - dataset config path=/fssmall/home/h61084/codes/datasets/time/current_velocity_h_part20/config.json applied_keys=['date_col', 'drop_users', 'target_cols']
[2026-08-28 14:07:03,842][evaluation.evaluator][INFO] - evaluate dataset=time/current_velocity_h_part20 users=6 dates=5587 windows=60 removed_constant=0 L=504 H=168 stride=512
[2026-08-28 14:07:06,175][evaluation.evaluator][INFO] - artifacts ready run=/fslarge/scratch/users/h61084/codes/tsfm/outputs_selena/covariates/time-current_velocity_h_part20/504_168/ts_icl/none/instance/keep/run_0 mse=10.2944 nmse=1.19004 inference_seconds=1.476
2026-08-28 14:07:08 | configuration dataset=time/current_velocity_h_part20 L=504 H=168 model=ts_icl covariates=identity instance_norm=true remove_constant=false seed=1 batch_size=32
[2026-08-28 14:07:11,453][data.dataset][INFO] - dataset config path=/fssmall/home/h61084/codes/datasets/time/current_velocity_h_part20/config.json applied_keys=['date_col', 'drop_users', 'target_cols']
[2026-08-28 14:07:11,475][evaluation.evaluator][INFO] - evaluate dataset=time/current_velocity_h_part20 users=6 dates=5587 windows=60 removed_constant=0 L=504 H=168 stride=512
[2026-08-28 14:07:13,800][evaluation.evaluator][INFO] - artifacts ready run=/fslarge/scratch/users/h61084/codes/tsfm/outputs_selena/covariates/time-current_velocity_h_part20/504_168/ts_icl/identity/instance/keep/run_0 mse=0.00242907 nmse=0.00099126 inference_seconds=1.485
2026-08-28 14:07:16 | configuration dataset=time/current_velocity_h_part21 L=168 H=24 model=chronos2 covariates=none instance_norm=true remove_constant=false seed=1 batch_size=64
[2026-08-28 14:07:19,088][data.dataset][INFO] - dataset config path=/fssmall/home/h61084/codes/datasets/time/current_velocity_h_part21/config.json applied_keys=['date_col', 'drop_users', 'target_cols']
[2026-08-28 14:07:19,109][evaluation.evaluator][INFO] - evaluate dataset=time/current_velocity_h_part21 users=6 dates=2595 windows=30 removed_constant=0 L=168 H=24 stride=512
[2026-08-28 14:07:24,979][evaluation.evaluator][INFO] - artifacts ready run=/fslarge/scratch/users/h61084/codes/tsfm/outputs_selena/covariates/time-current_velocity_h_part21/168_24/chronos2/none/instance/keep/run_0 mse=0.443943 nmse=0.876986 inference_seconds=0.192
2026-08-28 14:07:27 | configuration dataset=time/current_velocity_h_part21 L=168 H=24 model=chronos2 covariates=identity instance_norm=true remove_constant=false seed=1 batch_size=64
[2026-08-28 14:07:30,429][data.dataset][INFO] - dataset config path=/fssmall/home/h61084/codes/datasets/time/current_velocity_h_part21/config.json applied_keys=['date_col', 'drop_users', 'target_cols']
[2026-08-28 14:07:30,449][evaluation.evaluator][INFO] - evaluate dataset=time/current_velocity_h_part21 users=6 dates=2595 windows=30 removed_constant=0 L=168 H=24 stride=512
[2026-08-28 14:07:36,319][evaluation.evaluator][INFO] - artifacts ready run=/fslarge/scratch/users/h61084/codes/tsfm/outputs_selena/covariates/time-current_velocity_h_part21/168_24/chronos2/identity/instance/keep/run_0 mse=0.00996016 nmse=0.0150689 inference_seconds=0.193
2026-08-28 14:07:39 | configuration dataset=time/current_velocity_h_part21 L=168 H=24 model=ts_icl covariates=none instance_norm=true remove_constant=false seed=1 batch_size=32
[2026-08-28 14:07:41,765][data.dataset][INFO] - dataset config path=/fssmall/home/h61084/codes/datasets/time/current_velocity_h_part21/config.json applied_keys=['date_col', 'drop_users', 'target_cols']
[2026-08-28 14:07:41,785][evaluation.evaluator][INFO] - evaluate dataset=time/current_velocity_h_part21 users=6 dates=2595 windows=30 removed_constant=0 L=168 H=24 stride=512
[2026-08-28 14:07:43,988][evaluation.evaluator][INFO] - artifacts ready run=/fslarge/scratch/users/h61084/codes/tsfm/outputs_selena/covariates/time-current_velocity_h_part21/168_24/ts_icl/none/instance/keep/run_0 mse=0.412815 nmse=0.863174 inference_seconds=1.359
2026-08-28 14:07:46 | configuration dataset=time/current_velocity_h_part21 L=168 H=24 model=ts_icl covariates=identity instance_norm=true remove_constant=false seed=1 batch_size=32
[2026-08-28 14:07:49,263][data.dataset][INFO] - dataset config path=/fssmall/home/h61084/codes/datasets/time/current_velocity_h_part21/config.json applied_keys=['date_col', 'drop_users', 'target_cols']
[2026-08-28 14:07:49,282][evaluation.evaluator][INFO] - evaluate dataset=time/current_velocity_h_part21 users=6 dates=2595 windows=30 removed_constant=0 L=168 H=24 stride=512
[2026-08-28 14:07:51,503][evaluation.evaluator][INFO] - artifacts ready run=/fslarge/scratch/users/h61084/codes/tsfm/outputs_selena/covariates/time-current_velocity_h_part21/168_24/ts_icl/identity/instance/keep/run_0 mse=0.000128919 nmse=0.000807209 inference_seconds=1.384
2026-08-28 14:07:54 | configuration dataset=time/current_velocity_h_part21 L=336 H=48 model=chronos2 covariates=none instance_norm=true remove_constant=false seed=1 batch_size=64
[2026-08-28 14:07:56,731][data.dataset][INFO] - dataset config path=/fssmall/home/h61084/codes/datasets/time/current_velocity_h_part21/config.json applied_keys=['date_col', 'drop_users', 'target_cols']
[2026-08-28 14:07:56,751][evaluation.evaluator][INFO] - evaluate dataset=time/current_velocity_h_part21 users=6 dates=2595 windows=30 removed_constant=0 L=336 H=48 stride=512
[2026-08-28 14:08:02,605][evaluation.evaluator][INFO] - artifacts ready run=/fslarge/scratch/users/h61084/codes/tsfm/outputs_selena/covariates/time-current_velocity_h_part21/336_48/chronos2/none/instance/keep/run_0 mse=0.438785 nmse=0.80409 inference_seconds=0.191
2026-08-28 14:08:05 | configuration dataset=time/current_velocity_h_part21 L=336 H=48 model=chronos2 covariates=identity instance_norm=true remove_constant=false seed=1 batch_size=64
[2026-08-28 14:08:08,010][data.dataset][INFO] - dataset config path=/fssmall/home/h61084/codes/datasets/time/current_velocity_h_part21/config.json applied_keys=['date_col', 'drop_users', 'target_cols']
[2026-08-28 14:08:08,032][evaluation.evaluator][INFO] - evaluate dataset=time/current_velocity_h_part21 users=6 dates=2595 windows=30 removed_constant=0 L=336 H=48 stride=512
[2026-08-28 14:08:13,895][evaluation.evaluator][INFO] - artifacts ready run=/fslarge/scratch/users/h61084/codes/tsfm/outputs_selena/covariates/time-current_velocity_h_part21/336_48/chronos2/identity/instance/keep/run_0 mse=0.0138568 nmse=0.00849263 inference_seconds=0.195
2026-08-28 14:08:16 | configuration dataset=time/current_velocity_h_part21 L=336 H=48 model=ts_icl covariates=none instance_norm=true remove_constant=false seed=1 batch_size=32
[2026-08-28 14:08:19,299][data.dataset][INFO] - dataset config path=/fssmall/home/h61084/codes/datasets/time/current_velocity_h_part21/config.json applied_keys=['date_col', 'drop_users', 'target_cols']
[2026-08-28 14:08:19,319][evaluation.evaluator][INFO] - evaluate dataset=time/current_velocity_h_part21 users=6 dates=2595 windows=30 removed_constant=0 L=336 H=48 stride=512
[2026-08-28 14:08:21,516][evaluation.evaluator][INFO] - artifacts ready run=/fslarge/scratch/users/h61084/codes/tsfm/outputs_selena/covariates/time-current_velocity_h_part21/336_48/ts_icl/none/instance/keep/run_0 mse=0.353055 nmse=0.78334 inference_seconds=1.364
2026-08-28 14:08:24 | configuration dataset=time/current_velocity_h_part21 L=336 H=48 model=ts_icl covariates=identity instance_norm=true remove_constant=false seed=1 batch_size=32
[2026-08-28 14:08:26,852][data.dataset][INFO] - dataset config path=/fssmall/home/h61084/codes/datasets/time/current_velocity_h_part21/config.json applied_keys=['date_col', 'drop_users', 'target_cols']
[2026-08-28 14:08:26,872][evaluation.evaluator][INFO] - evaluate dataset=time/current_velocity_h_part21 users=6 dates=2595 windows=30 removed_constant=0 L=336 H=48 stride=512
[2026-08-28 14:08:29,111][evaluation.evaluator][INFO] - artifacts ready run=/fslarge/scratch/users/h61084/codes/tsfm/outputs_selena/covariates/time-current_velocity_h_part21/336_48/ts_icl/identity/instance/keep/run_0 mse=0.000126167 nmse=0.000892087 inference_seconds=1.391
2026-08-28 14:08:31 | configuration dataset=time/current_velocity_h_part21 L=504 H=168 model=chronos2 covariates=none instance_norm=true remove_constant=false seed=1 batch_size=64
[2026-08-28 14:08:34,393][data.dataset][INFO] - dataset config path=/fssmall/home/h61084/codes/datasets/time/current_velocity_h_part21/config.json applied_keys=['date_col', 'drop_users', 'target_cols']
[2026-08-28 14:08:34,413][evaluation.evaluator][INFO] - evaluate dataset=time/current_velocity_h_part21 users=6 dates=2595 windows=24 removed_constant=0 L=504 H=168 stride=512
[2026-08-28 14:08:40,358][evaluation.evaluator][INFO] - artifacts ready run=/fslarge/scratch/users/h61084/codes/tsfm/outputs_selena/covariates/time-current_velocity_h_part21/504_168/chronos2/none/instance/keep/run_0 mse=0.706597 nmse=1.10725 inference_seconds=0.199
2026-08-28 14:08:43 | configuration dataset=time/current_velocity_h_part21 L=504 H=168 model=chronos2 covariates=identity instance_norm=true remove_constant=false seed=1 batch_size=64
[2026-08-28 14:08:45,850][data.dataset][INFO] - dataset config path=/fssmall/home/h61084/codes/datasets/time/current_velocity_h_part21/config.json applied_keys=['date_col', 'drop_users', 'target_cols']
[2026-08-28 14:08:45,870][evaluation.evaluator][INFO] - evaluate dataset=time/current_velocity_h_part21 users=6 dates=2595 windows=24 removed_constant=0 L=504 H=168 stride=512
[2026-08-28 14:08:51,738][evaluation.evaluator][INFO] - artifacts ready run=/fslarge/scratch/users/h61084/codes/tsfm/outputs_selena/covariates/time-current_velocity_h_part21/504_168/chronos2/identity/instance/keep/run_0 mse=0.00376437 nmse=0.00994195 inference_seconds=0.196
2026-08-28 14:08:54 | configuration dataset=time/current_velocity_h_part21 L=504 H=168 model=ts_icl covariates=none instance_norm=true remove_constant=false seed=1 batch_size=32
[2026-08-28 14:08:57,186][data.dataset][INFO] - dataset config path=/fssmall/home/h61084/codes/datasets/time/current_velocity_h_part21/config.json applied_keys=['date_col', 'drop_users', 'target_cols']
[2026-08-28 14:08:57,206][evaluation.evaluator][INFO] - evaluate dataset=time/current_velocity_h_part21 users=6 dates=2595 windows=24 removed_constant=0 L=504 H=168 stride=512
[2026-08-28 14:08:59,424][evaluation.evaluator][INFO] - artifacts ready run=/fslarge/scratch/users/h61084/codes/tsfm/outputs_selena/covariates/time-current_velocity_h_part21/504_168/ts_icl/none/instance/keep/run_0 mse=0.625688 nmse=1.09039 inference_seconds=1.366
2026-08-28 14:09:02 | configuration dataset=time/current_velocity_h_part21 L=504 H=168 model=ts_icl covariates=identity instance_norm=true remove_constant=false seed=1 batch_size=32
[2026-08-28 14:09:04,720][data.dataset][INFO] - dataset config path=/fssmall/home/h61084/codes/datasets/time/current_velocity_h_part21/config.json applied_keys=['date_col', 'drop_users', 'target_cols']
[2026-08-28 14:09:04,740][evaluation.evaluator][INFO] - evaluate dataset=time/current_velocity_h_part21 users=6 dates=2595 windows=24 removed_constant=0 L=504 H=168 stride=512
[2026-08-28 14:09:06,978][evaluation.evaluator][INFO] - artifacts ready run=/fslarge/scratch/users/h61084/codes/tsfm/outputs_selena/covariates/time-current_velocity_h_part21/504_168/ts_icl/identity/instance/keep/run_0 mse=4.02428e-05 nmse=0.000786301 inference_seconds=1.393
2026-08-28 14:09:09 | report family=covariates
