2026-08-27 14:26:21 | resources data_root=auto weights_root=auto output_root=/fssmall/home/h61084/codes/tsfm/outputs_selena/covariates
2026-08-27 14:26:23 | profile mode=full datasets=electricity traffic solar exchange_rate time/cphl_h_part01 time/cphl_h_part02 time/coastal_t_s_h_part01 time/coastal_t_s_h_part02 time/coastal_t_s_h_part03 time/coastal_t_s_h_part04 time/coastal_t_s_h_part05 time/coastal_t_s_h_part06 time/coastal_t_s_h_part07 time/coastal_t_s_h_part08 time/coastal_t_s_h_part09 time/coastal_t_s_h_part10 time/coastal_t_s_h_part11 time/coastal_t_s_h_part12 time/coastal_t_s_h_part13 time/coastal_t_s_h_part14 time/coastal_t_s_h_part15 time/coastal_t_s_h_part16 time/coastal_t_s_h_part17 time/coastal_t_s_h_part18 time/coastal_t_s_h_part19 time/coastal_t_s_h_part20 time/coastal_t_s_h_part21 time/coastal_t_s_h_part22 time/coastal_t_s_h_part23 time/crypto_d time/ecdc_covid_d_part01 time/ecdc_covid_d_part02 time/ecdc_covid_d_part03 time/ecdc_covid_d_part04 time/ecdc_covid_d_part05 time/ecdc_covid_d_part06 time/ecdc_covid_d_part07 time/ne_china_wind_h time/online_retail_2_uci_d time/port_activity_d time/supply_chain_customer_d time/supply_chain_location_d time/current_velocity_h_part01 time/current_velocity_h_part02 time/current_velocity_h_part03 time/current_velocity_h_part04 time/current_velocity_h_part05 time/current_velocity_h_part06 time/current_velocity_h_part07 time/current_velocity_h_part08 time/current_velocity_h_part09 time/current_velocity_h_part10 time/current_velocity_h_part11 time/current_velocity_h_part12 time/current_velocity_h_part13 time/current_velocity_h_part14 time/current_velocity_h_part15 time/current_velocity_h_part16 time/current_velocity_h_part17 time/current_velocity_h_part18 time/current_velocity_h_part19 time/current_velocity_h_part20 time/current_velocity_h_part21 settings=168:24 336:48 504:168 7:1 14:2 30:7 tasks=189 seeds=1
2026-08-27 14:26:23 | configuration dataset=electricity L=168 H=24 model=chronos2 covariates=none instance_norm=true remove_constant=false seed=1 batch_size=64
[2026-08-27 14:26:26,109][data.dataset][INFO] - dataset config path=/fssmall/home/h61084/codes/datasets/electricity/config.json applied_keys=['date_col', 'drop_users']
[2026-08-27 14:26:26,771][evaluation.evaluator][INFO] - evaluate dataset=electricity users=312 dates=26304 windows=16224 removed_constant=0 L=168 H=24 stride=512
[2026-08-27 14:26:37,867][evaluation.evaluator][INFO] - artifacts ready run=/fssmall/home/h61084/codes/tsfm/outputs_selena/covariates/electricity/168_24/chronos2/none/instance/keep/run_0 mse=2.21538e+06 nmse=0.629411 inference_seconds=4.918
2026-08-27 14:26:38 | configuration dataset=electricity L=168 H=24 model=chronos2 covariates=identity instance_norm=true remove_constant=false seed=1 batch_size=64
[2026-08-27 14:26:41,301][data.dataset][INFO] - dataset config path=/fssmall/home/h61084/codes/datasets/electricity/config.json applied_keys=['date_col', 'drop_users']
[2026-08-27 14:26:41,954][evaluation.evaluator][INFO] - evaluate dataset=electricity users=312 dates=26304 windows=16224 removed_constant=0 L=168 H=24 stride=512
[2026-08-27 14:26:54,883][evaluation.evaluator][INFO] - artifacts ready run=/fssmall/home/h61084/codes/tsfm/outputs_selena/covariates/electricity/168_24/chronos2/identity/instance/keep/run_0 mse=894429 nmse=0.14787 inference_seconds=6.595
2026-08-27 14:26:55 | configuration dataset=electricity L=168 H=24 model=ts_icl covariates=none instance_norm=true remove_constant=false seed=1 batch_size=32
[2026-08-27 14:26:58,354][data.dataset][INFO] - dataset config path=/fssmall/home/h61084/codes/datasets/electricity/config.json applied_keys=['date_col', 'drop_users']
[2026-08-27 14:26:59,014][evaluation.evaluator][INFO] - evaluate dataset=electricity users=312 dates=26304 windows=16224 removed_constant=0 L=168 H=24 stride=512
[2026-08-27 14:27:22,594][evaluation.evaluator][INFO] - artifacts ready run=/fssmall/home/h61084/codes/tsfm/outputs_selena/covariates/electricity/168_24/ts_icl/none/instance/keep/run_0 mse=2.10263e+06 nmse=0.644173 inference_seconds=21.728
2026-08-27 14:27:23 | configuration dataset=electricity L=168 H=24 model=ts_icl covariates=identity instance_norm=true remove_constant=false seed=1 batch_size=32
[2026-08-27 14:27:25,862][data.dataset][INFO] - dataset config path=/fssmall/home/h61084/codes/datasets/electricity/config.json applied_keys=['date_col', 'drop_users']
[2026-08-27 14:27:26,513][evaluation.evaluator][INFO] - evaluate dataset=electricity users=312 dates=26304 windows=16224 removed_constant=0 L=168 H=24 stride=512
[2026-08-27 14:27:51,334][evaluation.evaluator][INFO] - artifacts ready run=/fssmall/home/h61084/codes/tsfm/outputs_selena/covariates/electricity/168_24/ts_icl/identity/instance/keep/run_0 mse=10725.4 nmse=0.380722 inference_seconds=22.904
2026-08-27 14:27:52 | configuration dataset=electricity L=336 H=48 model=chronos2 covariates=none instance_norm=true remove_constant=false seed=1 batch_size=64
[2026-08-27 14:27:54,608][data.dataset][INFO] - dataset config path=/fssmall/home/h61084/codes/datasets/electricity/config.json applied_keys=['date_col', 'drop_users']
[2026-08-27 14:27:55,287][evaluation.evaluator][INFO] - evaluate dataset=electricity users=312 dates=26304 windows=15912 removed_constant=0 L=336 H=48 stride=512
[2026-08-27 14:28:07,078][evaluation.evaluator][INFO] - artifacts ready run=/fssmall/home/h61084/codes/tsfm/outputs_selena/covariates/electricity/336_48/chronos2/none/instance/keep/run_0 mse=1.83507e+06 nmse=0.175698 inference_seconds=5.608
2026-08-27 14:28:07 | configuration dataset=electricity L=336 H=48 model=chronos2 covariates=identity instance_norm=true remove_constant=false seed=1 batch_size=64
[2026-08-27 14:28:10,673][data.dataset][INFO] - dataset config path=/fssmall/home/h61084/codes/datasets/electricity/config.json applied_keys=['date_col', 'drop_users']
[2026-08-27 14:28:11,353][evaluation.evaluator][INFO] - evaluate dataset=electricity users=312 dates=26304 windows=15912 removed_constant=0 L=336 H=48 stride=512
[2026-08-27 14:28:27,022][evaluation.evaluator][INFO] - artifacts ready run=/fssmall/home/h61084/codes/tsfm/outputs_selena/covariates/electricity/336_48/chronos2/identity/instance/keep/run_0 mse=589086 nmse=0.0128844 inference_seconds=9.231
2026-08-27 14:28:27 | configuration dataset=electricity L=336 H=48 model=ts_icl covariates=none instance_norm=true remove_constant=false seed=1 batch_size=32
[2026-08-27 14:28:30,444][data.dataset][INFO] - dataset config path=/fssmall/home/h61084/codes/datasets/electricity/config.json applied_keys=['date_col', 'drop_users']
[2026-08-27 14:28:31,123][evaluation.evaluator][INFO] - evaluate dataset=electricity users=312 dates=26304 windows=15912 removed_constant=0 L=336 H=48 stride=512
[2026-08-27 14:29:00,987][evaluation.evaluator][INFO] - artifacts ready run=/fssmall/home/h61084/codes/tsfm/outputs_selena/covariates/electricity/336_48/ts_icl/none/instance/keep/run_0 mse=2.01431e+06 nmse=0.185368 inference_seconds=28.122
2026-08-27 14:29:01 | configuration dataset=electricity L=336 H=48 model=ts_icl covariates=identity instance_norm=true remove_constant=false seed=1 batch_size=32
[2026-08-27 14:29:04,263][data.dataset][INFO] - dataset config path=/fssmall/home/h61084/codes/datasets/electricity/config.json applied_keys=['date_col', 'drop_users']
[2026-08-27 14:29:04,943][evaluation.evaluator][INFO] - evaluate dataset=electricity users=312 dates=26304 windows=15912 removed_constant=0 L=336 H=48 stride=512
[2026-08-27 14:29:36,441][evaluation.evaluator][INFO] - artifacts ready run=/fssmall/home/h61084/codes/tsfm/outputs_selena/covariates/electricity/336_48/ts_icl/identity/instance/keep/run_0 mse=6637 nmse=0.0087275 inference_seconds=29.559
2026-08-27 14:29:37 | configuration dataset=electricity L=504 H=168 model=chronos2 covariates=none instance_norm=true remove_constant=false seed=1 batch_size=64
[2026-08-27 14:29:39,700][data.dataset][INFO] - dataset config path=/fssmall/home/h61084/codes/datasets/electricity/config.json applied_keys=['date_col', 'drop_users']
[2026-08-27 14:29:40,401][evaluation.evaluator][INFO] - skip complete run=/fssmall/home/h61084/codes/tsfm/outputs_selena/covariates/electricity/504_168/chronos2/none/instance/keep/run_0
2026-08-27 14:29:40 | configuration dataset=electricity L=504 H=168 model=chronos2 covariates=identity instance_norm=true remove_constant=false seed=1 batch_size=64
[2026-08-27 14:29:43,425][data.dataset][INFO] - dataset config path=/fssmall/home/h61084/codes/datasets/electricity/config.json applied_keys=['date_col', 'drop_users']
[2026-08-27 14:29:44,130][evaluation.evaluator][INFO] - skip complete run=/fssmall/home/h61084/codes/tsfm/outputs_selena/covariates/electricity/504_168/chronos2/identity/instance/keep/run_0
2026-08-27 14:29:44 | configuration dataset=electricity L=504 H=168 model=ts_icl covariates=none instance_norm=true remove_constant=false seed=1 batch_size=32
[2026-08-27 14:29:47,145][data.dataset][INFO] - dataset config path=/fssmall/home/h61084/codes/datasets/electricity/config.json applied_keys=['date_col', 'drop_users']
[2026-08-27 14:29:47,845][evaluation.evaluator][INFO] - skip complete run=/fssmall/home/h61084/codes/tsfm/outputs_selena/covariates/electricity/504_168/ts_icl/none/instance/keep/run_0
2026-08-27 14:29:48 | configuration dataset=electricity L=504 H=168 model=ts_icl covariates=identity instance_norm=true remove_constant=false seed=1 batch_size=32
[2026-08-27 14:29:50,841][data.dataset][INFO] - dataset config path=/fssmall/home/h61084/codes/datasets/electricity/config.json applied_keys=['date_col', 'drop_users']
[2026-08-27 14:29:51,546][evaluation.evaluator][INFO] - skip complete run=/fssmall/home/h61084/codes/tsfm/outputs_selena/covariates/electricity/504_168/ts_icl/identity/instance/keep/run_0
2026-08-27 14:29:52 | configuration dataset=traffic L=168 H=24 model=chronos2 covariates=none instance_norm=true remove_constant=false seed=1 batch_size=64
[2026-08-27 14:29:54,526][data.dataset][INFO] - dataset config path=/fssmall/home/h61084/codes/datasets/traffic/config.json applied_keys=['date_col', 'drop_users']
[2026-08-27 14:29:55,543][evaluation.evaluator][INFO] - evaluate dataset=traffic users=860 dates=17544 windows=29240 removed_constant=0 L=168 H=24 stride=512
[2026-08-27 14:30:11,029][evaluation.evaluator][INFO] - artifacts ready run=/fssmall/home/h61084/codes/tsfm/outputs_selena/covariates/traffic/168_24/chronos2/none/instance/keep/run_0 mse=0.000532708 nmse=0.228433 inference_seconds=8.798
2026-08-27 14:30:11 | configuration dataset=traffic L=168 H=24 model=chronos2 covariates=identity instance_norm=true remove_constant=false seed=1 batch_size=64
[2026-08-27 14:30:14,459][data.dataset][INFO] - dataset config path=/fssmall/home/h61084/codes/datasets/traffic/config.json applied_keys=['date_col', 'drop_users']
[2026-08-27 14:30:15,442][evaluation.evaluator][INFO] - evaluate dataset=traffic users=860 dates=17544 windows=29240 removed_constant=0 L=168 H=24 stride=512
[2026-08-27 14:30:34,519][evaluation.evaluator][INFO] - artifacts ready run=/fssmall/home/h61084/codes/tsfm/outputs_selena/covariates/traffic/168_24/chronos2/identity/instance/keep/run_0 mse=0.000125962 nmse=0.0610735 inference_seconds=12.002
2026-08-27 14:30:35 | configuration dataset=traffic L=168 H=24 model=ts_icl covariates=none instance_norm=true remove_constant=false seed=1 batch_size=32
[2026-08-27 14:30:37,965][data.dataset][INFO] - dataset config path=/fssmall/home/h61084/codes/datasets/traffic/config.json applied_keys=['date_col', 'drop_users']
[2026-08-27 14:30:38,931][evaluation.evaluator][INFO] - evaluate dataset=traffic users=860 dates=17544 windows=29240 removed_constant=0 L=168 H=24 stride=512
[2026-08-27 14:31:19,283][evaluation.evaluator][INFO] - artifacts ready run=/fssmall/home/h61084/codes/tsfm/outputs_selena/covariates/traffic/168_24/ts_icl/none/instance/keep/run_0 mse=0.000566413 nmse=0.242158 inference_seconds=37.886
2026-08-27 14:31:20 | configuration dataset=traffic L=168 H=24 model=ts_icl covariates=identity instance_norm=true remove_constant=false seed=1 batch_size=32
[2026-08-27 14:31:22,548][data.dataset][INFO] - dataset config path=/fssmall/home/h61084/codes/datasets/traffic/config.json applied_keys=['date_col', 'drop_users']
[2026-08-27 14:31:23,527][evaluation.evaluator][INFO] - evaluate dataset=traffic users=860 dates=17544 windows=29240 removed_constant=0 L=168 H=24 stride=512
[2026-08-27 14:32:06,599][evaluation.evaluator][INFO] - artifacts ready run=/fssmall/home/h61084/codes/tsfm/outputs_selena/covariates/traffic/168_24/ts_icl/identity/instance/keep/run_0 mse=1.76091e-06 nmse=0.00467732 inference_seconds=40.255
2026-08-27 14:32:07 | configuration dataset=traffic L=336 H=48 model=chronos2 covariates=none instance_norm=true remove_constant=false seed=1 batch_size=64
[2026-08-27 14:32:09,905][data.dataset][INFO] - dataset config path=/fssmall/home/h61084/codes/datasets/traffic/config.json applied_keys=['date_col', 'drop_users']
[2026-08-27 14:32:10,950][evaluation.evaluator][INFO] - evaluate dataset=traffic users=860 dates=17544 windows=29240 removed_constant=0 L=336 H=48 stride=512
[2026-08-27 14:32:28,001][evaluation.evaluator][INFO] - artifacts ready run=/fssmall/home/h61084/codes/tsfm/outputs_selena/covariates/traffic/336_48/chronos2/none/instance/keep/run_0 mse=0.000678069 nmse=0.29182 inference_seconds=10.388
2026-08-27 14:32:28 | configuration dataset=traffic L=336 H=48 model=chronos2 covariates=identity instance_norm=true remove_constant=false seed=1 batch_size=64
[2026-08-27 14:32:31,463][data.dataset][INFO] - dataset config path=/fssmall/home/h61084/codes/datasets/traffic/config.json applied_keys=['date_col', 'drop_users']
[2026-08-27 14:32:32,480][evaluation.evaluator][INFO] - evaluate dataset=traffic users=860 dates=17544 windows=29240 removed_constant=0 L=336 H=48 stride=512
[2026-08-27 14:32:56,523][evaluation.evaluator][INFO] - artifacts ready run=/fssmall/home/h61084/codes/tsfm/outputs_selena/covariates/traffic/336_48/chronos2/identity/instance/keep/run_0 mse=0.000139407 nmse=0.0753139 inference_seconds=16.986
2026-08-27 14:32:57 | configuration dataset=traffic L=336 H=48 model=ts_icl covariates=none instance_norm=true remove_constant=false seed=1 batch_size=32
[2026-08-27 14:33:00,002][data.dataset][INFO] - dataset config path=/fssmall/home/h61084/codes/datasets/traffic/config.json applied_keys=['date_col', 'drop_users']
[2026-08-27 14:33:01,013][evaluation.evaluator][INFO] - evaluate dataset=traffic users=860 dates=17544 windows=29240 removed_constant=0 L=336 H=48 stride=512
[2026-08-27 14:33:54,291][evaluation.evaluator][INFO] - artifacts ready run=/fssmall/home/h61084/codes/tsfm/outputs_selena/covariates/traffic/336_48/ts_icl/none/instance/keep/run_0 mse=0.000703842 nmse=0.301755 inference_seconds=50.789
2026-08-27 14:33:55 | configuration dataset=traffic L=336 H=48 model=ts_icl covariates=identity instance_norm=true remove_constant=false seed=1 batch_size=32
[2026-08-27 14:33:57,659][data.dataset][INFO] - dataset config path=/fssmall/home/h61084/codes/datasets/traffic/config.json applied_keys=['date_col', 'drop_users']
[2026-08-27 14:33:58,685][evaluation.evaluator][INFO] - evaluate dataset=traffic users=860 dates=17544 windows=29240 removed_constant=0 L=336 H=48 stride=512
[2026-08-27 14:34:54,862][evaluation.evaluator][INFO] - artifacts ready run=/fssmall/home/h61084/codes/tsfm/outputs_selena/covariates/traffic/336_48/ts_icl/identity/instance/keep/run_0 mse=1.89842e-06 nmse=0.0156052 inference_seconds=53.279
2026-08-27 14:34:55 | configuration dataset=traffic L=504 H=168 model=chronos2 covariates=none instance_norm=true remove_constant=false seed=1 batch_size=64
[2026-08-27 14:34:58,193][data.dataset][INFO] - dataset config path=/fssmall/home/h61084/codes/datasets/traffic/config.json applied_keys=['date_col', 'drop_users']
[2026-08-27 14:34:59,249][evaluation.evaluator][INFO] - evaluate dataset=traffic users=860 dates=17544 windows=28380 removed_constant=0 L=504 H=168 stride=512
[2026-08-27 14:35:18,407][evaluation.evaluator][INFO] - artifacts ready run=/fssmall/home/h61084/codes/tsfm/outputs_selena/covariates/traffic/504_168/chronos2/none/instance/keep/run_0 mse=0.000560491 nmse=0.243296 inference_seconds=12.232
2026-08-27 14:35:19 | configuration dataset=traffic L=504 H=168 model=chronos2 covariates=identity instance_norm=true remove_constant=false seed=1 batch_size=64
[2026-08-27 14:35:21,908][data.dataset][INFO] - dataset config path=/fssmall/home/h61084/codes/datasets/traffic/config.json applied_keys=['date_col', 'drop_users']
[2026-08-27 14:35:22,986][evaluation.evaluator][INFO] - evaluate dataset=traffic users=860 dates=17544 windows=28380 removed_constant=0 L=504 H=168 stride=512
[2026-08-27 14:35:52,294][evaluation.evaluator][INFO] - artifacts ready run=/fssmall/home/h61084/codes/tsfm/outputs_selena/covariates/traffic/504_168/chronos2/identity/instance/keep/run_0 mse=4.78621e-05 nmse=0.0287636 inference_seconds=22.154
2026-08-27 14:35:53 | configuration dataset=traffic L=504 H=168 model=ts_icl covariates=none instance_norm=true remove_constant=false seed=1 batch_size=32
[2026-08-27 14:35:55,790][data.dataset][INFO] - dataset config path=/fssmall/home/h61084/codes/datasets/traffic/config.json applied_keys=['date_col', 'drop_users']
[2026-08-27 14:35:56,853][evaluation.evaluator][INFO] - evaluate dataset=traffic users=860 dates=17544 windows=28380 removed_constant=0 L=504 H=168 stride=512
[2026-08-27 14:37:10,498][evaluation.evaluator][INFO] - artifacts ready run=/fssmall/home/h61084/codes/tsfm/outputs_selena/covariates/traffic/504_168/ts_icl/none/instance/keep/run_0 mse=0.000660876 nmse=0.281955 inference_seconds=71.072
2026-08-27 14:37:11 | configuration dataset=traffic L=504 H=168 model=ts_icl covariates=identity instance_norm=true remove_constant=false seed=1 batch_size=32
[2026-08-27 14:37:13,855][data.dataset][INFO] - dataset config path=/fssmall/home/h61084/codes/datasets/traffic/config.json applied_keys=['date_col', 'drop_users']
[2026-08-27 14:37:14,919][evaluation.evaluator][INFO] - evaluate dataset=traffic users=860 dates=17544 windows=28380 removed_constant=0 L=504 H=168 stride=512
[2026-08-27 14:38:32,435][evaluation.evaluator][INFO] - artifacts ready run=/fssmall/home/h61084/codes/tsfm/outputs_selena/covariates/traffic/504_168/ts_icl/identity/instance/keep/run_0 mse=9.02429e-07 nmse=0.00475554 inference_seconds=74.539
2026-08-27 14:38:33 | configuration dataset=solar L=168 H=24 model=chronos2 covariates=none instance_norm=true remove_constant=false seed=1 batch_size=64
[2026-08-27 14:38:35,723][data.dataset][INFO] - dataset config path=/fssmall/home/h61084/codes/datasets/solar/config.json applied_keys=['aggr', 'date_col', 'drop_users']
[2026-08-27 14:38:36,099][evaluation.evaluator][INFO] - evaluate dataset=solar users=137 dates=8760 windows=2329 removed_constant=0 L=168 H=24 stride=512
[2026-08-27 14:38:42,582][evaluation.evaluator][INFO] - artifacts ready run=/fssmall/home/h61084/codes/tsfm/outputs_selena/covariates/solar/168_24/chronos2/none/instance/keep/run_0 mse=465.766 nmse=0.136841 inference_seconds=0.867
2026-08-27 14:38:43 | configuration dataset=solar L=168 H=24 model=chronos2 covariates=identity instance_norm=true remove_constant=false seed=1 batch_size=64
[2026-08-27 14:38:46,053][data.dataset][INFO] - dataset config path=/fssmall/home/h61084/codes/datasets/solar/config.json applied_keys=['aggr', 'date_col', 'drop_users']
[2026-08-27 14:38:46,402][evaluation.evaluator][INFO] - evaluate dataset=solar users=137 dates=8760 windows=2329 removed_constant=0 L=168 H=24 stride=512
[2026-08-27 14:38:53,037][evaluation.evaluator][INFO] - artifacts ready run=/fssmall/home/h61084/codes/tsfm/outputs_selena/covariates/solar/168_24/chronos2/identity/instance/keep/run_0 mse=319.989 nmse=0.0933616 inference_seconds=1.106
2026-08-27 14:38:53 | configuration dataset=solar L=168 H=24 model=ts_icl covariates=none instance_norm=true remove_constant=false seed=1 batch_size=32
[2026-08-27 14:38:56,505][data.dataset][INFO] - dataset config path=/fssmall/home/h61084/codes/datasets/solar/config.json applied_keys=['aggr', 'date_col', 'drop_users']
[2026-08-27 14:38:56,859][evaluation.evaluator][INFO] - evaluate dataset=solar users=137 dates=8760 windows=2329 removed_constant=0 L=168 H=24 stride=512
[2026-08-27 14:39:02,010][evaluation.evaluator][INFO] - artifacts ready run=/fssmall/home/h61084/codes/tsfm/outputs_selena/covariates/solar/168_24/ts_icl/none/instance/keep/run_0 mse=553.325 nmse=0.164046 inference_seconds=4.201
2026-08-27 14:39:02 | configuration dataset=solar L=168 H=24 model=ts_icl covariates=identity instance_norm=true remove_constant=false seed=1 batch_size=32
[2026-08-27 14:39:05,310][data.dataset][INFO] - dataset config path=/fssmall/home/h61084/codes/datasets/solar/config.json applied_keys=['aggr', 'date_col', 'drop_users']
[2026-08-27 14:39:05,656][evaluation.evaluator][INFO] - evaluate dataset=solar users=137 dates=8760 windows=2329 removed_constant=0 L=168 H=24 stride=512
[2026-08-27 14:39:11,002][evaluation.evaluator][INFO] - artifacts ready run=/fssmall/home/h61084/codes/tsfm/outputs_selena/covariates/solar/168_24/ts_icl/identity/instance/keep/run_0 mse=0.484244 nmse=0.000145557 inference_seconds=4.361
2026-08-27 14:39:11 | configuration dataset=solar L=336 H=48 model=chronos2 covariates=none instance_norm=true remove_constant=false seed=1 batch_size=64
[2026-08-27 14:39:14,291][data.dataset][INFO] - dataset config path=/fssmall/home/h61084/codes/datasets/solar/config.json applied_keys=['aggr', 'date_col', 'drop_users']
[2026-08-27 14:39:14,643][evaluation.evaluator][INFO] - evaluate dataset=solar users=137 dates=8760 windows=2329 removed_constant=0 L=336 H=48 stride=512
[2026-08-27 14:39:21,185][evaluation.evaluator][INFO] - artifacts ready run=/fssmall/home/h61084/codes/tsfm/outputs_selena/covariates/solar/336_48/chronos2/none/instance/keep/run_0 mse=621.869 nmse=0.210395 inference_seconds=0.988
2026-08-27 14:39:22 | configuration dataset=solar L=336 H=48 model=chronos2 covariates=identity instance_norm=true remove_constant=false seed=1 batch_size=64
[2026-08-27 14:39:24,657][data.dataset][INFO] - dataset config path=/fssmall/home/h61084/codes/datasets/solar/config.json applied_keys=['aggr', 'date_col', 'drop_users']
[2026-08-27 14:39:25,009][evaluation.evaluator][INFO] - evaluate dataset=solar users=137 dates=8760 windows=2329 removed_constant=0 L=336 H=48 stride=512
[2026-08-27 14:39:32,057][evaluation.evaluator][INFO] - artifacts ready run=/fssmall/home/h61084/codes/tsfm/outputs_selena/covariates/solar/336_48/chronos2/identity/instance/keep/run_0 mse=447.013 nmse=0.150441 inference_seconds=1.496
2026-08-27 14:39:32 | configuration dataset=solar L=336 H=48 model=ts_icl covariates=none instance_norm=true remove_constant=false seed=1 batch_size=32
[2026-08-27 14:39:35,562][data.dataset][INFO] - dataset config path=/fssmall/home/h61084/codes/datasets/solar/config.json applied_keys=['aggr', 'date_col', 'drop_users']
[2026-08-27 14:39:35,920][evaluation.evaluator][INFO] - evaluate dataset=solar users=137 dates=8760 windows=2329 removed_constant=0 L=336 H=48 stride=512
[2026-08-27 14:39:42,049][evaluation.evaluator][INFO] - artifacts ready run=/fssmall/home/h61084/codes/tsfm/outputs_selena/covariates/solar/336_48/ts_icl/none/instance/keep/run_0 mse=686.689 nmse=0.231137 inference_seconds=5.175
2026-08-27 14:39:42 | configuration dataset=solar L=336 H=48 model=ts_icl covariates=identity instance_norm=true remove_constant=false seed=1 batch_size=32
[2026-08-27 14:39:45,352][data.dataset][INFO] - dataset config path=/fssmall/home/h61084/codes/datasets/solar/config.json applied_keys=['aggr', 'date_col', 'drop_users']
[2026-08-27 14:39:45,701][evaluation.evaluator][INFO] - evaluate dataset=solar users=137 dates=8760 windows=2329 removed_constant=0 L=336 H=48 stride=512
[2026-08-27 14:39:52,046][evaluation.evaluator][INFO] - artifacts ready run=/fssmall/home/h61084/codes/tsfm/outputs_selena/covariates/solar/336_48/ts_icl/identity/instance/keep/run_0 mse=0.527712 nmse=0.000159449 inference_seconds=5.347
2026-08-27 14:39:52 | configuration dataset=solar L=504 H=168 model=chronos2 covariates=none instance_norm=true remove_constant=false seed=1 batch_size=64
[2026-08-27 14:39:55,326][data.dataset][INFO] - dataset config path=/fssmall/home/h61084/codes/datasets/solar/config.json applied_keys=['aggr', 'date_col', 'drop_users']
[2026-08-27 14:39:55,677][evaluation.evaluator][INFO] - evaluate dataset=solar users=137 dates=8760 windows=2192 removed_constant=0 L=504 H=168 stride=512
[2026-08-27 14:40:02,335][evaluation.evaluator][INFO] - artifacts ready run=/fssmall/home/h61084/codes/tsfm/outputs_selena/covariates/solar/504_168/chronos2/none/instance/keep/run_0 mse=536.797 nmse=0.165388 inference_seconds=1.111
2026-08-27 14:40:03 | configuration dataset=solar L=504 H=168 model=chronos2 covariates=identity instance_norm=true remove_constant=false seed=1 batch_size=64
[2026-08-27 14:40:05,826][data.dataset][INFO] - dataset config path=/fssmall/home/h61084/codes/datasets/solar/config.json applied_keys=['aggr', 'date_col', 'drop_users']
[2026-08-27 14:40:06,182][evaluation.evaluator][INFO] - evaluate dataset=solar users=137 dates=8760 windows=2192 removed_constant=0 L=504 H=168 stride=512
[2026-08-27 14:40:13,660][evaluation.evaluator][INFO] - artifacts ready run=/fssmall/home/h61084/codes/tsfm/outputs_selena/covariates/solar/504_168/chronos2/identity/instance/keep/run_0 mse=190.711 nmse=0.0566581 inference_seconds=1.866
2026-08-27 14:40:14 | configuration dataset=solar L=504 H=168 model=ts_icl covariates=none instance_norm=true remove_constant=false seed=1 batch_size=32
[2026-08-27 14:40:17,190][data.dataset][INFO] - dataset config path=/fssmall/home/h61084/codes/datasets/solar/config.json applied_keys=['aggr', 'date_col', 'drop_users']
[2026-08-27 14:40:17,546][evaluation.evaluator][INFO] - evaluate dataset=solar users=137 dates=8760 windows=2192 removed_constant=0 L=504 H=168 stride=512
[2026-08-27 14:40:25,106][evaluation.evaluator][INFO] - artifacts ready run=/fssmall/home/h61084/codes/tsfm/outputs_selena/covariates/solar/504_168/ts_icl/none/instance/keep/run_0 mse=605.853 nmse=0.18334 inference_seconds=6.596
2026-08-27 14:40:25 | configuration dataset=solar L=504 H=168 model=ts_icl covariates=identity instance_norm=true remove_constant=false seed=1 batch_size=32
[2026-08-27 14:40:28,515][data.dataset][INFO] - dataset config path=/fssmall/home/h61084/codes/datasets/solar/config.json applied_keys=['aggr', 'date_col', 'drop_users']
[2026-08-27 14:40:28,871][evaluation.evaluator][INFO] - evaluate dataset=solar users=137 dates=8760 windows=2192 removed_constant=0 L=504 H=168 stride=512
[2026-08-27 14:40:36,745][evaluation.evaluator][INFO] - artifacts ready run=/fssmall/home/h61084/codes/tsfm/outputs_selena/covariates/solar/504_168/ts_icl/identity/instance/keep/run_0 mse=0.476031 nmse=0.000140795 inference_seconds=6.875
2026-08-27 14:40:37 | configuration dataset=exchange_rate L=7 H=1 model=chronos2 covariates=none instance_norm=true remove_constant=false seed=1 batch_size=64
[2026-08-27 14:40:40,103][data.dataset][INFO] - dataset config path=/fssmall/home/h61084/codes/datasets/exchange_rate/config.json applied_keys=['date_col', 'drop_users']
[2026-08-27 14:40:40,130][evaluation.evaluator][INFO] - evaluate dataset=exchange_rate users=8 dates=7588 windows=120 removed_constant=0 L=7 H=1 stride=512
[2026-08-27 14:40:45,913][evaluation.evaluator][INFO] - artifacts ready run=/fssmall/home/h61084/codes/tsfm/outputs_selena/covariates/exchange_rate/7_1/chronos2/none/instance/keep/run_0 mse=1.10843e-05 nmse=3.07086 inference_seconds=0.213
2026-08-27 14:40:46 | configuration dataset=exchange_rate L=7 H=1 model=chronos2 covariates=identity instance_norm=true remove_constant=false seed=1 batch_size=64
[2026-08-27 14:40:49,470][data.dataset][INFO] - dataset config path=/fssmall/home/h61084/codes/datasets/exchange_rate/config.json applied_keys=['date_col', 'drop_users']
[2026-08-27 14:40:49,494][evaluation.evaluator][INFO] - evaluate dataset=exchange_rate users=8 dates=7588 windows=120 removed_constant=0 L=7 H=1 stride=512
[2026-08-27 14:40:55,252][evaluation.evaluator][INFO] - artifacts ready run=/fssmall/home/h61084/codes/tsfm/outputs_selena/covariates/exchange_rate/7_1/chronos2/identity/instance/keep/run_0 mse=1.00987e-05 nmse=2.79475 inference_seconds=0.218
2026-08-27 14:40:56 | configuration dataset=exchange_rate L=7 H=1 model=ts_icl covariates=none instance_norm=true remove_constant=false seed=1 batch_size=32
[2026-08-27 14:40:58,823][data.dataset][INFO] - dataset config path=/fssmall/home/h61084/codes/datasets/exchange_rate/config.json applied_keys=['date_col', 'drop_users']
[2026-08-27 14:40:58,847][evaluation.evaluator][INFO] - evaluate dataset=exchange_rate users=8 dates=7588 windows=120 removed_constant=0 L=7 H=1 stride=512
[2026-08-27 14:41:01,035][evaluation.evaluator][INFO] - artifacts ready run=/fssmall/home/h61084/codes/tsfm/outputs_selena/covariates/exchange_rate/7_1/ts_icl/none/instance/keep/run_0 mse=1.30785e-05 nmse=3.62327 inference_seconds=1.348
2026-08-27 14:41:01 | configuration dataset=exchange_rate L=7 H=1 model=ts_icl covariates=identity instance_norm=true remove_constant=false seed=1 batch_size=32
[2026-08-27 14:41:04,418][data.dataset][INFO] - dataset config path=/fssmall/home/h61084/codes/datasets/exchange_rate/config.json applied_keys=['date_col', 'drop_users']
[2026-08-27 14:41:04,442][evaluation.evaluator][INFO] - evaluate dataset=exchange_rate users=8 dates=7588 windows=120 removed_constant=0 L=7 H=1 stride=512
[2026-08-27 14:41:06,723][evaluation.evaluator][INFO] - artifacts ready run=/fssmall/home/h61084/codes/tsfm/outputs_selena/covariates/exchange_rate/7_1/ts_icl/identity/instance/keep/run_0 mse=2.04977e-05 nmse=3.8984 inference_seconds=1.436
2026-08-27 14:41:07 | configuration dataset=exchange_rate L=14 H=2 model=chronos2 covariates=none instance_norm=true remove_constant=false seed=1 batch_size=64
[2026-08-27 14:41:10,067][data.dataset][INFO] - dataset config path=/fssmall/home/h61084/codes/datasets/exchange_rate/config.json applied_keys=['date_col', 'drop_users']
[2026-08-27 14:41:10,092][evaluation.evaluator][INFO] - evaluate dataset=exchange_rate users=8 dates=7588 windows=120 removed_constant=0 L=14 H=2 stride=512
[2026-08-27 14:41:15,872][evaluation.evaluator][INFO] - artifacts ready run=/fssmall/home/h61084/codes/tsfm/outputs_selena/covariates/exchange_rate/14_2/chronos2/none/instance/keep/run_0 mse=4.45246e-05 nmse=2.57636 inference_seconds=0.214
2026-08-27 14:41:16 | configuration dataset=exchange_rate L=14 H=2 model=chronos2 covariates=identity instance_norm=true remove_constant=false seed=1 batch_size=64
[2026-08-27 14:41:19,366][data.dataset][INFO] - dataset config path=/fssmall/home/h61084/codes/datasets/exchange_rate/config.json applied_keys=['date_col', 'drop_users']
[2026-08-27 14:41:19,390][evaluation.evaluator][INFO] - evaluate dataset=exchange_rate users=8 dates=7588 windows=120 removed_constant=0 L=14 H=2 stride=512
[2026-08-27 14:41:25,080][evaluation.evaluator][INFO] - artifacts ready run=/fssmall/home/h61084/codes/tsfm/outputs_selena/covariates/exchange_rate/14_2/chronos2/identity/instance/keep/run_0 mse=3.69011e-05 nmse=2.08817 inference_seconds=0.223
2026-08-27 14:41:26 | configuration dataset=exchange_rate L=14 H=2 model=ts_icl covariates=none instance_norm=true remove_constant=false seed=1 batch_size=32
[2026-08-27 14:41:28,614][data.dataset][INFO] - dataset config path=/fssmall/home/h61084/codes/datasets/exchange_rate/config.json applied_keys=['date_col', 'drop_users']
[2026-08-27 14:41:28,639][evaluation.evaluator][INFO] - evaluate dataset=exchange_rate users=8 dates=7588 windows=120 removed_constant=0 L=14 H=2 stride=512
[2026-08-27 14:41:30,873][evaluation.evaluator][INFO] - artifacts ready run=/fssmall/home/h61084/codes/tsfm/outputs_selena/covariates/exchange_rate/14_2/ts_icl/none/instance/keep/run_0 mse=5.71139e-05 nmse=3.117 inference_seconds=1.353
2026-08-27 14:41:31 | configuration dataset=exchange_rate L=14 H=2 model=ts_icl covariates=identity instance_norm=true remove_constant=false seed=1 batch_size=32
[2026-08-27 14:41:34,249][data.dataset][INFO] - dataset config path=/fssmall/home/h61084/codes/datasets/exchange_rate/config.json applied_keys=['date_col', 'drop_users']
[2026-08-27 14:41:34,271][evaluation.evaluator][INFO] - evaluate dataset=exchange_rate users=8 dates=7588 windows=120 removed_constant=0 L=14 H=2 stride=512
[2026-08-27 14:41:36,522][evaluation.evaluator][INFO] - artifacts ready run=/fssmall/home/h61084/codes/tsfm/outputs_selena/covariates/exchange_rate/14_2/ts_icl/identity/instance/keep/run_0 mse=3.9188e-05 nmse=2.48026 inference_seconds=1.412
2026-08-27 14:41:37 | configuration dataset=exchange_rate L=30 H=7 model=chronos2 covariates=none instance_norm=true remove_constant=false seed=1 batch_size=64
[2026-08-27 14:41:39,913][data.dataset][INFO] - dataset config path=/fssmall/home/h61084/codes/datasets/exchange_rate/config.json applied_keys=['date_col', 'drop_users']
[2026-08-27 14:41:39,937][evaluation.evaluator][INFO] - evaluate dataset=exchange_rate users=8 dates=7588 windows=120 removed_constant=0 L=30 H=7 stride=512
[2026-08-27 14:41:45,615][evaluation.evaluator][INFO] - artifacts ready run=/fssmall/home/h61084/codes/tsfm/outputs_selena/covariates/exchange_rate/30_7/chronos2/none/instance/keep/run_0 mse=9.06601e-05 nmse=51.7295 inference_seconds=0.211
2026-08-27 14:41:46 | configuration dataset=exchange_rate L=30 H=7 model=chronos2 covariates=identity instance_norm=true remove_constant=false seed=1 batch_size=64
[2026-08-27 14:41:49,136][data.dataset][INFO] - dataset config path=/fssmall/home/h61084/codes/datasets/exchange_rate/config.json applied_keys=['date_col', 'drop_users']
[2026-08-27 14:41:49,159][evaluation.evaluator][INFO] - evaluate dataset=exchange_rate users=8 dates=7588 windows=120 removed_constant=0 L=30 H=7 stride=512
[2026-08-27 14:41:54,891][evaluation.evaluator][INFO] - artifacts ready run=/fssmall/home/h61084/codes/tsfm/outputs_selena/covariates/exchange_rate/30_7/chronos2/identity/instance/keep/run_0 mse=5.16726e-05 nmse=49.1576 inference_seconds=0.220
2026-08-27 14:41:55 | configuration dataset=exchange_rate L=30 H=7 model=ts_icl covariates=none instance_norm=true remove_constant=false seed=1 batch_size=32
[2026-08-27 14:41:58,450][data.dataset][INFO] - dataset config path=/fssmall/home/h61084/codes/datasets/exchange_rate/config.json applied_keys=['date_col', 'drop_users']
[2026-08-27 14:41:58,474][evaluation.evaluator][INFO] - evaluate dataset=exchange_rate users=8 dates=7588 windows=120 removed_constant=0 L=30 H=7 stride=512
[2026-08-27 14:42:00,702][evaluation.evaluator][INFO] - artifacts ready run=/fssmall/home/h61084/codes/tsfm/outputs_selena/covariates/exchange_rate/30_7/ts_icl/none/instance/keep/run_0 mse=9.65043e-05 nmse=51.7356 inference_seconds=1.393
2026-08-27 14:42:01 | configuration dataset=exchange_rate L=30 H=7 model=ts_icl covariates=identity instance_norm=true remove_constant=false seed=1 batch_size=32
[2026-08-27 14:42:04,055][data.dataset][INFO] - dataset config path=/fssmall/home/h61084/codes/datasets/exchange_rate/config.json applied_keys=['date_col', 'drop_users']
[2026-08-27 14:42:04,079][evaluation.evaluator][INFO] - evaluate dataset=exchange_rate users=8 dates=7588 windows=120 removed_constant=0 L=30 H=7 stride=512
[2026-08-27 14:42:06,318][evaluation.evaluator][INFO] - artifacts ready run=/fssmall/home/h61084/codes/tsfm/outputs_selena/covariates/exchange_rate/30_7/ts_icl/identity/instance/keep/run_0 mse=7.02993e-05 nmse=52.7117 inference_seconds=1.395
2026-08-27 14:42:07 | configuration dataset=time/cphl_h_part01 L=168 H=24 model=chronos2 covariates=none instance_norm=true remove_constant=false seed=1 batch_size=64
[2026-08-27 14:42:10,038][data.dataset][INFO] - dataset config path=/fssmall/home/h61084/codes/datasets/time/cphl_h_part01/config.json applied_keys=['date_col', 'drop_users', 'target_cols']
[2026-08-27 14:42:10,062][evaluation.evaluator][INFO] - evaluate dataset=time/cphl_h_part01 users=1 dates=2708 windows=5 removed_constant=0 L=168 H=24 stride=512
[2026-08-27 14:42:15,654][evaluation.evaluator][INFO] - artifacts ready run=/fssmall/home/h61084/codes/tsfm/outputs_selena/covariates/time-cphl_h_part01/168_24/chronos2/none/instance/keep/run_0 mse=0.022773 nmse=0.602296 inference_seconds=0.196
2026-08-27 14:42:16 | configuration dataset=time/cphl_h_part01 L=168 H=24 model=chronos2 covariates=identity instance_norm=true remove_constant=false seed=1 batch_size=64
[2026-08-27 14:42:19,189][data.dataset][INFO] - dataset config path=/fssmall/home/h61084/codes/datasets/time/cphl_h_part01/config.json applied_keys=['date_col', 'drop_users', 'target_cols']
[2026-08-27 14:42:19,208][evaluation.evaluator][INFO] - evaluate dataset=time/cphl_h_part01 users=1 dates=2708 windows=5 removed_constant=0 L=168 H=24 stride=512
[2026-08-27 14:42:24,802][evaluation.evaluator][INFO] - artifacts ready run=/fssmall/home/h61084/codes/tsfm/outputs_selena/covariates/time-cphl_h_part01/168_24/chronos2/identity/instance/keep/run_0 mse=0.00136096 nmse=0.0224946 inference_seconds=0.194
2026-08-27 14:42:25 | configuration dataset=time/cphl_h_part01 L=168 H=24 model=ts_icl covariates=none instance_norm=true remove_constant=false seed=1 batch_size=32
[2026-08-27 14:42:28,324][data.dataset][INFO] - dataset config path=/fssmall/home/h61084/codes/datasets/time/cphl_h_part01/config.json applied_keys=['date_col', 'drop_users', 'target_cols']
[2026-08-27 14:42:28,342][evaluation.evaluator][INFO] - evaluate dataset=time/cphl_h_part01 users=1 dates=2708 windows=5 removed_constant=0 L=168 H=24 stride=512
[2026-08-27 14:42:30,445][evaluation.evaluator][INFO] - artifacts ready run=/fssmall/home/h61084/codes/tsfm/outputs_selena/covariates/time-cphl_h_part01/168_24/ts_icl/none/instance/keep/run_0 mse=0.0212481 nmse=0.601465 inference_seconds=1.259
2026-08-27 14:42:31 | configuration dataset=time/cphl_h_part01 L=168 H=24 model=ts_icl covariates=identity instance_norm=true remove_constant=false seed=1 batch_size=32
[2026-08-27 14:42:33,818][data.dataset][INFO] - dataset config path=/fssmall/home/h61084/codes/datasets/time/cphl_h_part01/config.json applied_keys=['date_col', 'drop_users', 'target_cols']
[2026-08-27 14:42:33,836][evaluation.evaluator][INFO] - evaluate dataset=time/cphl_h_part01 users=1 dates=2708 windows=5 removed_constant=0 L=168 H=24 stride=512
[2026-08-27 14:42:35,975][evaluation.evaluator][INFO] - artifacts ready run=/fssmall/home/h61084/codes/tsfm/outputs_selena/covariates/time-cphl_h_part01/168_24/ts_icl/identity/instance/keep/run_0 mse=6.42773e-06 nmse=0.000212967 inference_seconds=1.313
2026-08-27 14:42:36 | configuration dataset=time/cphl_h_part01 L=336 H=48 model=chronos2 covariates=none instance_norm=true remove_constant=false seed=1 batch_size=64
[2026-08-27 14:42:39,362][data.dataset][INFO] - dataset config path=/fssmall/home/h61084/codes/datasets/time/cphl_h_part01/config.json applied_keys=['date_col', 'drop_users', 'target_cols']
[2026-08-27 14:42:39,380][evaluation.evaluator][INFO] - evaluate dataset=time/cphl_h_part01 users=1 dates=2708 windows=5 removed_constant=0 L=336 H=48 stride=512
[2026-08-27 14:42:45,022][evaluation.evaluator][INFO] - artifacts ready run=/fssmall/home/h61084/codes/tsfm/outputs_selena/covariates/time-cphl_h_part01/336_48/chronos2/none/instance/keep/run_0 mse=0.0207934 nmse=0.564626 inference_seconds=0.195
2026-08-27 14:42:46 | configuration dataset=time/cphl_h_part01 L=336 H=48 model=chronos2 covariates=identity instance_norm=true remove_constant=false seed=1 batch_size=64
[2026-08-27 14:42:48,557][data.dataset][INFO] - dataset config path=/fssmall/home/h61084/codes/datasets/time/cphl_h_part01/config.json applied_keys=['date_col', 'drop_users', 'target_cols']
[2026-08-27 14:42:48,575][evaluation.evaluator][INFO] - evaluate dataset=time/cphl_h_part01 users=1 dates=2708 windows=5 removed_constant=0 L=336 H=48 stride=512
[2026-08-27 14:42:54,198][evaluation.evaluator][INFO] - artifacts ready run=/fssmall/home/h61084/codes/tsfm/outputs_selena/covariates/time-cphl_h_part01/336_48/chronos2/identity/instance/keep/run_0 mse=0.000170592 nmse=0.00497672 inference_seconds=0.192
2026-08-27 14:42:55 | configuration dataset=time/cphl_h_part01 L=336 H=48 model=ts_icl covariates=none instance_norm=true remove_constant=false seed=1 batch_size=32
[2026-08-27 14:42:57,739][data.dataset][INFO] - dataset config path=/fssmall/home/h61084/codes/datasets/time/cphl_h_part01/config.json applied_keys=['date_col', 'drop_users', 'target_cols']
[2026-08-27 14:42:57,757][evaluation.evaluator][INFO] - evaluate dataset=time/cphl_h_part01 users=1 dates=2708 windows=5 removed_constant=0 L=336 H=48 stride=512
[2026-08-27 14:42:59,863][evaluation.evaluator][INFO] - artifacts ready run=/fssmall/home/h61084/codes/tsfm/outputs_selena/covariates/time-cphl_h_part01/336_48/ts_icl/none/instance/keep/run_0 mse=0.0185096 nmse=0.608098 inference_seconds=1.286
2026-08-27 14:43:00 | configuration dataset=time/cphl_h_part01 L=336 H=48 model=ts_icl covariates=identity instance_norm=true remove_constant=false seed=1 batch_size=32
[2026-08-27 14:43:03,233][data.dataset][INFO] - dataset config path=/fssmall/home/h61084/codes/datasets/time/cphl_h_part01/config.json applied_keys=['date_col', 'drop_users', 'target_cols']
[2026-08-27 14:43:03,251][evaluation.evaluator][INFO] - evaluate dataset=time/cphl_h_part01 users=1 dates=2708 windows=5 removed_constant=0 L=336 H=48 stride=512
[2026-08-27 14:43:05,356][evaluation.evaluator][INFO] - artifacts ready run=/fssmall/home/h61084/codes/tsfm/outputs_selena/covariates/time-cphl_h_part01/336_48/ts_icl/identity/instance/keep/run_0 mse=8.20259e-06 nmse=0.000288154 inference_seconds=1.266
2026-08-27 14:43:06 | configuration dataset=time/cphl_h_part01 L=504 H=168 model=chronos2 covariates=none instance_norm=true remove_constant=false seed=1 batch_size=64
[2026-08-27 14:43:08,762][data.dataset][INFO] - dataset config path=/fssmall/home/h61084/codes/datasets/time/cphl_h_part01/config.json applied_keys=['date_col', 'drop_users', 'target_cols']
[2026-08-27 14:43:08,782][evaluation.evaluator][INFO] - evaluate dataset=time/cphl_h_part01 users=1 dates=2708 windows=4 removed_constant=0 L=504 H=168 stride=512
[2026-08-27 14:43:14,352][evaluation.evaluator][INFO] - artifacts ready run=/fssmall/home/h61084/codes/tsfm/outputs_selena/covariates/time-cphl_h_part01/504_168/chronos2/none/instance/keep/run_0 mse=0.0493165 nmse=2.23909 inference_seconds=0.189
2026-08-27 14:43:15 | configuration dataset=time/cphl_h_part01 L=504 H=168 model=chronos2 covariates=identity instance_norm=true remove_constant=false seed=1 batch_size=64
[2026-08-27 14:43:17,886][data.dataset][INFO] - dataset config path=/fssmall/home/h61084/codes/datasets/time/cphl_h_part01/config.json applied_keys=['date_col', 'drop_users', 'target_cols']
[2026-08-27 14:43:17,905][evaluation.evaluator][INFO] - evaluate dataset=time/cphl_h_part01 users=1 dates=2708 windows=4 removed_constant=0 L=504 H=168 stride=512
[2026-08-27 14:43:23,511][evaluation.evaluator][INFO] - artifacts ready run=/fssmall/home/h61084/codes/tsfm/outputs_selena/covariates/time-cphl_h_part01/504_168/chronos2/identity/instance/keep/run_0 mse=0.000176608 nmse=0.0058119 inference_seconds=0.190
2026-08-27 14:43:24 | configuration dataset=time/cphl_h_part01 L=504 H=168 model=ts_icl covariates=none instance_norm=true remove_constant=false seed=1 batch_size=32
[2026-08-27 14:43:27,047][data.dataset][INFO] - dataset config path=/fssmall/home/h61084/codes/datasets/time/cphl_h_part01/config.json applied_keys=['date_col', 'drop_users', 'target_cols']
[2026-08-27 14:43:27,066][evaluation.evaluator][INFO] - evaluate dataset=time/cphl_h_part01 users=1 dates=2708 windows=4 removed_constant=0 L=504 H=168 stride=512
[2026-08-27 14:43:29,148][evaluation.evaluator][INFO] - artifacts ready run=/fssmall/home/h61084/codes/tsfm/outputs_selena/covariates/time-cphl_h_part01/504_168/ts_icl/none/instance/keep/run_0 mse=0.0433733 nmse=1.92889 inference_seconds=1.246
2026-08-27 14:43:30 | configuration dataset=time/cphl_h_part01 L=504 H=168 model=ts_icl covariates=identity instance_norm=true remove_constant=false seed=1 batch_size=32
[2026-08-27 14:43:32,555][data.dataset][INFO] - dataset config path=/fssmall/home/h61084/codes/datasets/time/cphl_h_part01/config.json applied_keys=['date_col', 'drop_users', 'target_cols']
[2026-08-27 14:43:32,573][evaluation.evaluator][INFO] - evaluate dataset=time/cphl_h_part01 users=1 dates=2708 windows=4 removed_constant=0 L=504 H=168 stride=512
[2026-08-27 14:43:34,694][evaluation.evaluator][INFO] - artifacts ready run=/fssmall/home/h61084/codes/tsfm/outputs_selena/covariates/time-cphl_h_part01/504_168/ts_icl/identity/instance/keep/run_0 mse=1.43919e-05 nmse=0.000795909 inference_seconds=1.274
2026-08-27 14:43:35 | configuration dataset=time/cphl_h_part02 L=168 H=24 model=chronos2 covariates=none instance_norm=true remove_constant=false seed=1 batch_size=64
[2026-08-27 14:43:38,106][data.dataset][INFO] - dataset config path=/fssmall/home/h61084/codes/datasets/time/cphl_h_part02/config.json applied_keys=['date_col', 'drop_users', 'target_cols']
[2026-08-27 14:43:38,126][evaluation.evaluator][INFO] - evaluate dataset=time/cphl_h_part02 users=1 dates=2490 windows=5 removed_constant=0 L=168 H=24 stride=512
[2026-08-27 14:43:43,807][evaluation.evaluator][INFO] - artifacts ready run=/fssmall/home/h61084/codes/tsfm/outputs_selena/covariates/time-cphl_h_part02/168_24/chronos2/none/instance/keep/run_0 mse=0.0713239 nmse=1.73438 inference_seconds=0.194
2026-08-27 14:43:44 | configuration dataset=time/cphl_h_part02 L=168 H=24 model=chronos2 covariates=identity instance_norm=true remove_constant=false seed=1 batch_size=64
[2026-08-27 14:43:47,368][data.dataset][INFO] - dataset config path=/fssmall/home/h61084/codes/datasets/time/cphl_h_part02/config.json applied_keys=['date_col', 'drop_users', 'target_cols']
[2026-08-27 14:43:47,387][evaluation.evaluator][INFO] - evaluate dataset=time/cphl_h_part02 users=1 dates=2490 windows=5 removed_constant=0 L=168 H=24 stride=512
[2026-08-27 14:43:53,043][evaluation.evaluator][INFO] - artifacts ready run=/fssmall/home/h61084/codes/tsfm/outputs_selena/covariates/time-cphl_h_part02/168_24/chronos2/identity/instance/keep/run_0 mse=0.00128919 nmse=0.0201626 inference_seconds=0.192
2026-08-27 14:43:54 | configuration dataset=time/cphl_h_part02 L=168 H=24 model=ts_icl covariates=none instance_norm=true remove_constant=false seed=1 batch_size=32
[2026-08-27 14:43:56,652][data.dataset][INFO] - dataset config path=/fssmall/home/h61084/codes/datasets/time/cphl_h_part02/config.json applied_keys=['date_col', 'drop_users', 'target_cols']
[2026-08-27 14:43:56,670][evaluation.evaluator][INFO] - evaluate dataset=time/cphl_h_part02 users=1 dates=2490 windows=5 removed_constant=0 L=168 H=24 stride=512
[2026-08-27 14:43:58,859][evaluation.evaluator][INFO] - artifacts ready run=/fssmall/home/h61084/codes/tsfm/outputs_selena/covariates/time-cphl_h_part02/168_24/ts_icl/none/instance/keep/run_0 mse=0.0560414 nmse=1.66992 inference_seconds=1.258
2026-08-27 14:43:59 | configuration dataset=time/cphl_h_part02 L=168 H=24 model=ts_icl covariates=identity instance_norm=true remove_constant=false seed=1 batch_size=32
[2026-08-27 14:44:02,255][data.dataset][INFO] - dataset config path=/fssmall/home/h61084/codes/datasets/time/cphl_h_part02/config.json applied_keys=['date_col', 'drop_users', 'target_cols']
[2026-08-27 14:44:02,273][evaluation.evaluator][INFO] - evaluate dataset=time/cphl_h_part02 users=1 dates=2490 windows=5 removed_constant=0 L=168 H=24 stride=512
[2026-08-27 14:44:04,381][evaluation.evaluator][INFO] - artifacts ready run=/fssmall/home/h61084/codes/tsfm/outputs_selena/covariates/time-cphl_h_part02/168_24/ts_icl/identity/instance/keep/run_0 mse=0.000339724 nmse=0.0459105 inference_seconds=1.279
2026-08-27 14:44:05 | configuration dataset=time/cphl_h_part02 L=336 H=48 model=chronos2 covariates=none instance_norm=true remove_constant=false seed=1 batch_size=64
[2026-08-27 14:44:07,839][data.dataset][INFO] - dataset config path=/fssmall/home/h61084/codes/datasets/time/cphl_h_part02/config.json applied_keys=['date_col', 'drop_users', 'target_cols']
[2026-08-27 14:44:07,859][evaluation.evaluator][INFO] - evaluate dataset=time/cphl_h_part02 users=1 dates=2490 windows=5 removed_constant=0 L=336 H=48 stride=512
[2026-08-27 14:44:13,698][evaluation.evaluator][INFO] - artifacts ready run=/fssmall/home/h61084/codes/tsfm/outputs_selena/covariates/time-cphl_h_part02/336_48/chronos2/none/instance/keep/run_0 mse=0.116966 nmse=1.00613 inference_seconds=0.197
2026-08-27 14:44:14 | configuration dataset=time/cphl_h_part02 L=336 H=48 model=chronos2 covariates=identity instance_norm=true remove_constant=false seed=1 batch_size=64
[2026-08-27 14:44:17,257][data.dataset][INFO] - dataset config path=/fssmall/home/h61084/codes/datasets/time/cphl_h_part02/config.json applied_keys=['date_col', 'drop_users', 'target_cols']
[2026-08-27 14:44:17,276][evaluation.evaluator][INFO] - evaluate dataset=time/cphl_h_part02 users=1 dates=2490 windows=5 removed_constant=0 L=336 H=48 stride=512
[2026-08-27 14:44:22,999][evaluation.evaluator][INFO] - artifacts ready run=/fssmall/home/h61084/codes/tsfm/outputs_selena/covariates/time-cphl_h_part02/336_48/chronos2/identity/instance/keep/run_0 mse=0.00231308 nmse=0.0170002 inference_seconds=0.192
2026-08-27 14:44:24 | configuration dataset=time/cphl_h_part02 L=336 H=48 model=ts_icl covariates=none instance_norm=true remove_constant=false seed=1 batch_size=32
[2026-08-27 14:44:26,655][data.dataset][INFO] - dataset config path=/fssmall/home/h61084/codes/datasets/time/cphl_h_part02/config.json applied_keys=['date_col', 'drop_users', 'target_cols']
[2026-08-27 14:44:26,674][evaluation.evaluator][INFO] - evaluate dataset=time/cphl_h_part02 users=1 dates=2490 windows=5 removed_constant=0 L=336 H=48 stride=512
[2026-08-27 14:44:28,781][evaluation.evaluator][INFO] - artifacts ready run=/fssmall/home/h61084/codes/tsfm/outputs_selena/covariates/time-cphl_h_part02/336_48/ts_icl/none/instance/keep/run_0 mse=0.138856 nmse=1.05703 inference_seconds=1.269
2026-08-27 14:44:29 | configuration dataset=time/cphl_h_part02 L=336 H=48 model=ts_icl covariates=identity instance_norm=true remove_constant=false seed=1 batch_size=32
[2026-08-27 14:44:32,219][data.dataset][INFO] - dataset config path=/fssmall/home/h61084/codes/datasets/time/cphl_h_part02/config.json applied_keys=['date_col', 'drop_users', 'target_cols']
[2026-08-27 14:44:32,236][evaluation.evaluator][INFO] - evaluate dataset=time/cphl_h_part02 users=1 dates=2490 windows=5 removed_constant=0 L=336 H=48 stride=512
[2026-08-27 14:44:34,351][evaluation.evaluator][INFO] - artifacts ready run=/fssmall/home/h61084/codes/tsfm/outputs_selena/covariates/time-cphl_h_part02/336_48/ts_icl/identity/instance/keep/run_0 mse=1.89153e-05 nmse=0.000197686 inference_seconds=1.275
2026-08-27 14:44:35 | configuration dataset=time/cphl_h_part02 L=504 H=168 model=chronos2 covariates=none instance_norm=true remove_constant=false seed=1 batch_size=64
[2026-08-27 14:44:37,779][data.dataset][INFO] - dataset config path=/fssmall/home/h61084/codes/datasets/time/cphl_h_part02/config.json applied_keys=['date_col', 'drop_users', 'target_cols']
[2026-08-27 14:44:37,799][evaluation.evaluator][INFO] - evaluate dataset=time/cphl_h_part02 users=1 dates=2490 windows=4 removed_constant=0 L=504 H=168 stride=512
[2026-08-27 14:44:43,564][evaluation.evaluator][INFO] - artifacts ready run=/fssmall/home/h61084/codes/tsfm/outputs_selena/covariates/time-cphl_h_part02/504_168/chronos2/none/instance/keep/run_0 mse=0.207028 nmse=3.17131 inference_seconds=0.192
2026-08-27 14:44:44 | configuration dataset=time/cphl_h_part02 L=504 H=168 model=chronos2 covariates=identity instance_norm=true remove_constant=false seed=1 batch_size=64
[2026-08-27 14:44:47,130][data.dataset][INFO] - dataset config path=/fssmall/home/h61084/codes/datasets/time/cphl_h_part02/config.json applied_keys=['date_col', 'drop_users', 'target_cols']
[2026-08-27 14:44:47,147][evaluation.evaluator][INFO] - evaluate dataset=time/cphl_h_part02 users=1 dates=2490 windows=4 removed_constant=0 L=504 H=168 stride=512
[2026-08-27 14:44:52,822][evaluation.evaluator][INFO] - artifacts ready run=/fssmall/home/h61084/codes/tsfm/outputs_selena/covariates/time-cphl_h_part02/504_168/chronos2/identity/instance/keep/run_0 mse=0.00107126 nmse=0.0177714 inference_seconds=0.194
2026-08-27 14:44:53 | configuration dataset=time/cphl_h_part02 L=504 H=168 model=ts_icl covariates=none instance_norm=true remove_constant=false seed=1 batch_size=32
[2026-08-27 14:44:56,461][data.dataset][INFO] - dataset config path=/fssmall/home/h61084/codes/datasets/time/cphl_h_part02/config.json applied_keys=['date_col', 'drop_users', 'target_cols']
[2026-08-27 14:44:56,479][evaluation.evaluator][INFO] - evaluate dataset=time/cphl_h_part02 users=1 dates=2490 windows=4 removed_constant=0 L=504 H=168 stride=512
[2026-08-27 14:44:58,578][evaluation.evaluator][INFO] - artifacts ready run=/fssmall/home/h61084/codes/tsfm/outputs_selena/covariates/time-cphl_h_part02/504_168/ts_icl/none/instance/keep/run_0 mse=0.216028 nmse=3.28061 inference_seconds=1.266
2026-08-27 14:44:59 | configuration dataset=time/cphl_h_part02 L=504 H=168 model=ts_icl covariates=identity instance_norm=true remove_constant=false seed=1 batch_size=32
[2026-08-27 14:45:02,037][data.dataset][INFO] - dataset config path=/fssmall/home/h61084/codes/datasets/time/cphl_h_part02/config.json applied_keys=['date_col', 'drop_users', 'target_cols']
[2026-08-27 14:45:02,056][evaluation.evaluator][INFO] - evaluate dataset=time/cphl_h_part02 users=1 dates=2490 windows=4 removed_constant=0 L=504 H=168 stride=512
[2026-08-27 14:45:04,152][evaluation.evaluator][INFO] - artifacts ready run=/fssmall/home/h61084/codes/tsfm/outputs_selena/covariates/time-cphl_h_part02/504_168/ts_icl/identity/instance/keep/run_0 mse=0.000613875 nmse=0.00831143 inference_seconds=1.264
2026-08-27 14:45:05 | configuration dataset=time/coastal_t_s_h_part01 L=168 H=24 model=chronos2 covariates=none instance_norm=true remove_constant=false seed=1 batch_size=64
[2026-08-27 14:45:07,628][data.dataset][INFO] - dataset config path=/fssmall/home/h61084/codes/datasets/time/coastal_t_s_h_part01/config.json applied_keys=['date_col', 'drop_users', 'target_cols']
[2026-08-27 14:45:07,653][evaluation.evaluator][INFO] - evaluate dataset=time/coastal_t_s_h_part01 users=3 dates=8524 windows=51 removed_constant=0 L=168 H=24 stride=512
[2026-08-27 14:45:13,482][evaluation.evaluator][INFO] - artifacts ready run=/fssmall/home/h61084/codes/tsfm/outputs_selena/covariates/time-coastal_t_s_h_part01/168_24/chronos2/none/instance/keep/run_0 mse=76.0224 nmse=1.16071 inference_seconds=0.194
2026-08-27 14:45:14 | configuration dataset=time/coastal_t_s_h_part01 L=168 H=24 model=chronos2 covariates=identity instance_norm=true remove_constant=false seed=1 batch_size=64
[2026-08-27 14:45:17,075][data.dataset][INFO] - dataset config path=/fssmall/home/h61084/codes/datasets/time/coastal_t_s_h_part01/config.json applied_keys=['date_col', 'drop_users', 'target_cols']
[2026-08-27 14:45:17,097][evaluation.evaluator][INFO] - evaluate dataset=time/coastal_t_s_h_part01 users=3 dates=8524 windows=51 removed_constant=0 L=168 H=24 stride=512
[2026-08-27 14:45:22,700][evaluation.evaluator][INFO] - artifacts ready run=/fssmall/home/h61084/codes/tsfm/outputs_selena/covariates/time-coastal_t_s_h_part01/168_24/chronos2/identity/instance/keep/run_0 mse=0.379927 nmse=0.00651067 inference_seconds=0.197
2026-08-27 14:45:23 | configuration dataset=time/coastal_t_s_h_part01 L=168 H=24 model=ts_icl covariates=none instance_norm=true remove_constant=false seed=1 batch_size=32
[2026-08-27 14:45:26,305][data.dataset][INFO] - dataset config path=/fssmall/home/h61084/codes/datasets/time/coastal_t_s_h_part01/config.json applied_keys=['date_col', 'drop_users', 'target_cols']
[2026-08-27 14:45:26,328][evaluation.evaluator][INFO] - evaluate dataset=time/coastal_t_s_h_part01 users=3 dates=8524 windows=51 removed_constant=0 L=168 H=24 stride=512
[2026-08-27 14:45:28,490][evaluation.evaluator][INFO] - artifacts ready run=/fssmall/home/h61084/codes/tsfm/outputs_selena/covariates/time-coastal_t_s_h_part01/168_24/ts_icl/none/instance/keep/run_0 mse=74.9474 nmse=1.12931 inference_seconds=1.327
2026-08-27 14:45:29 | configuration dataset=time/coastal_t_s_h_part01 L=168 H=24 model=ts_icl covariates=identity instance_norm=true remove_constant=false seed=1 batch_size=32
[2026-08-27 14:45:31,916][data.dataset][INFO] - dataset config path=/fssmall/home/h61084/codes/datasets/time/coastal_t_s_h_part01/config.json applied_keys=['date_col', 'drop_users', 'target_cols']
[2026-08-27 14:45:31,938][evaluation.evaluator][INFO] - evaluate dataset=time/coastal_t_s_h_part01 users=3 dates=8524 windows=51 removed_constant=0 L=168 H=24 stride=512
[2026-08-27 14:45:34,106][evaluation.evaluator][INFO] - artifacts ready run=/fssmall/home/h61084/codes/tsfm/outputs_selena/covariates/time-coastal_t_s_h_part01/168_24/ts_icl/identity/instance/keep/run_0 mse=0.852823 nmse=0.00584597 inference_seconds=1.319
2026-08-27 14:45:34 | configuration dataset=time/coastal_t_s_h_part01 L=336 H=48 model=chronos2 covariates=none instance_norm=true remove_constant=false seed=1 batch_size=64
[2026-08-27 14:45:37,558][data.dataset][INFO] - dataset config path=/fssmall/home/h61084/codes/datasets/time/coastal_t_s_h_part01/config.json applied_keys=['date_col', 'drop_users', 'target_cols']
[2026-08-27 14:45:37,581][evaluation.evaluator][INFO] - evaluate dataset=time/coastal_t_s_h_part01 users=3 dates=8524 windows=48 removed_constant=0 L=336 H=48 stride=512
[2026-08-27 14:45:43,216][evaluation.evaluator][INFO] - artifacts ready run=/fssmall/home/h61084/codes/tsfm/outputs_selena/covariates/time-coastal_t_s_h_part01/336_48/chronos2/none/instance/keep/run_0 mse=59.7028 nmse=1.28071 inference_seconds=0.196
2026-08-27 14:45:44 | configuration dataset=time/coastal_t_s_h_part01 L=336 H=48 model=chronos2 covariates=identity instance_norm=true remove_constant=false seed=1 batch_size=64
[2026-08-27 14:45:46,826][data.dataset][INFO] - dataset config path=/fssmall/home/h61084/codes/datasets/time/coastal_t_s_h_part01/config.json applied_keys=['date_col', 'drop_users', 'target_cols']
[2026-08-27 14:45:46,848][evaluation.evaluator][INFO] - evaluate dataset=time/coastal_t_s_h_part01 users=3 dates=8524 windows=48 removed_constant=0 L=336 H=48 stride=512
[2026-08-27 14:45:52,483][evaluation.evaluator][INFO] - artifacts ready run=/fssmall/home/h61084/codes/tsfm/outputs_selena/covariates/time-coastal_t_s_h_part01/336_48/chronos2/identity/instance/keep/run_0 mse=0.256772 nmse=0.00652437 inference_seconds=0.206
2026-08-27 14:45:53 | configuration dataset=time/coastal_t_s_h_part01 L=336 H=48 model=ts_icl covariates=none instance_norm=true remove_constant=false seed=1 batch_size=32
[2026-08-27 14:45:56,081][data.dataset][INFO] - dataset config path=/fssmall/home/h61084/codes/datasets/time/coastal_t_s_h_part01/config.json applied_keys=['date_col', 'drop_users', 'target_cols']
[2026-08-27 14:45:56,104][evaluation.evaluator][INFO] - evaluate dataset=time/coastal_t_s_h_part01 users=3 dates=8524 windows=48 removed_constant=0 L=336 H=48 stride=512
[2026-08-27 14:45:58,254][evaluation.evaluator][INFO] - artifacts ready run=/fssmall/home/h61084/codes/tsfm/outputs_selena/covariates/time-coastal_t_s_h_part01/336_48/ts_icl/none/instance/keep/run_0 mse=55.9359 nmse=1.15673 inference_seconds=1.312
2026-08-27 14:45:59 | configuration dataset=time/coastal_t_s_h_part01 L=336 H=48 model=ts_icl covariates=identity instance_norm=true remove_constant=false seed=1 batch_size=32
[2026-08-27 14:46:01,686][data.dataset][INFO] - dataset config path=/fssmall/home/h61084/codes/datasets/time/coastal_t_s_h_part01/config.json applied_keys=['date_col', 'drop_users', 'target_cols']
[2026-08-27 14:46:01,709][evaluation.evaluator][INFO] - evaluate dataset=time/coastal_t_s_h_part01 users=3 dates=8524 windows=48 removed_constant=0 L=336 H=48 stride=512
[2026-08-27 14:46:03,888][evaluation.evaluator][INFO] - artifacts ready run=/fssmall/home/h61084/codes/tsfm/outputs_selena/covariates/time-coastal_t_s_h_part01/336_48/ts_icl/identity/instance/keep/run_0 mse=0.0181344 nmse=0.0258652 inference_seconds=1.345
2026-08-27 14:46:04 | configuration dataset=time/coastal_t_s_h_part01 L=504 H=168 model=chronos2 covariates=none instance_norm=true remove_constant=false seed=1 batch_size=64
[2026-08-27 14:46:07,387][data.dataset][INFO] - dataset config path=/fssmall/home/h61084/codes/datasets/time/coastal_t_s_h_part01/config.json applied_keys=['date_col', 'drop_users', 'target_cols']
[2026-08-27 14:46:07,411][evaluation.evaluator][INFO] - evaluate dataset=time/coastal_t_s_h_part01 users=3 dates=8524 windows=48 removed_constant=0 L=504 H=168 stride=512
[2026-08-27 14:46:13,107][evaluation.evaluator][INFO] - artifacts ready run=/fssmall/home/h61084/codes/tsfm/outputs_selena/covariates/time-coastal_t_s_h_part01/504_168/chronos2/none/instance/keep/run_0 mse=205.227 nmse=12.0411 inference_seconds=0.198
2026-08-27 14:46:14 | configuration dataset=time/coastal_t_s_h_part01 L=504 H=168 model=chronos2 covariates=identity instance_norm=true remove_constant=false seed=1 batch_size=64
[2026-08-27 14:46:16,714][data.dataset][INFO] - dataset config path=/fssmall/home/h61084/codes/datasets/time/coastal_t_s_h_part01/config.json applied_keys=['date_col', 'drop_users', 'target_cols']
[2026-08-27 14:46:16,737][evaluation.evaluator][INFO] - evaluate dataset=time/coastal_t_s_h_part01 users=3 dates=8524 windows=48 removed_constant=0 L=504 H=168 stride=512
[2026-08-27 14:46:22,373][evaluation.evaluator][INFO] - artifacts ready run=/fssmall/home/h61084/codes/tsfm/outputs_selena/covariates/time-coastal_t_s_h_part01/504_168/chronos2/identity/instance/keep/run_0 mse=10.4073 nmse=0.529969 inference_seconds=0.213
2026-08-27 14:46:23 | configuration dataset=time/coastal_t_s_h_part01 L=504 H=168 model=ts_icl covariates=none instance_norm=true remove_constant=false seed=1 batch_size=32
[2026-08-27 14:46:26,055][data.dataset][INFO] - dataset config path=/fssmall/home/h61084/codes/datasets/time/coastal_t_s_h_part01/config.json applied_keys=['date_col', 'drop_users', 'target_cols']
[2026-08-27 14:46:26,078][evaluation.evaluator][INFO] - evaluate dataset=time/coastal_t_s_h_part01 users=3 dates=8524 windows=48 removed_constant=0 L=504 H=168 stride=512
[2026-08-27 14:46:28,286][evaluation.evaluator][INFO] - artifacts ready run=/fssmall/home/h61084/codes/tsfm/outputs_selena/covariates/time-coastal_t_s_h_part01/504_168/ts_icl/none/instance/keep/run_0 mse=222.163 nmse=11.8453 inference_seconds=1.381
2026-08-27 14:46:29 | configuration dataset=time/coastal_t_s_h_part01 L=504 H=168 model=ts_icl covariates=identity instance_norm=true remove_constant=false seed=1 batch_size=32
[2026-08-27 14:46:31,759][data.dataset][INFO] - dataset config path=/fssmall/home/h61084/codes/datasets/time/coastal_t_s_h_part01/config.json applied_keys=['date_col', 'drop_users', 'target_cols']
[2026-08-27 14:46:31,781][evaluation.evaluator][INFO] - evaluate dataset=time/coastal_t_s_h_part01 users=3 dates=8524 windows=48 removed_constant=0 L=504 H=168 stride=512
[2026-08-27 14:46:33,991][evaluation.evaluator][INFO] - artifacts ready run=/fssmall/home/h61084/codes/tsfm/outputs_selena/covariates/time-coastal_t_s_h_part01/504_168/ts_icl/identity/instance/keep/run_0 mse=127.739 nmse=7.13209 inference_seconds=1.363
2026-08-27 14:46:34 | configuration dataset=time/coastal_t_s_h_part02 L=168 H=24 model=chronos2 covariates=none instance_norm=true remove_constant=false seed=1 batch_size=64
[2026-08-27 14:46:37,467][data.dataset][INFO] - dataset config path=/fssmall/home/h61084/codes/datasets/time/coastal_t_s_h_part02/config.json applied_keys=['date_col', 'drop_users', 'target_cols']
[2026-08-27 14:46:37,488][evaluation.evaluator][INFO] - evaluate dataset=time/coastal_t_s_h_part02 users=3 dates=3771 windows=21 removed_constant=0 L=168 H=24 stride=512
[2026-08-27 14:46:43,124][evaluation.evaluator][INFO] - artifacts ready run=/fssmall/home/h61084/codes/tsfm/outputs_selena/covariates/time-coastal_t_s_h_part02/168_24/chronos2/none/instance/keep/run_0 mse=6.59182 nmse=0.589421 inference_seconds=0.192
2026-08-27 14:46:44 | configuration dataset=time/coastal_t_s_h_part02 L=168 H=24 model=chronos2 covariates=identity instance_norm=true remove_constant=false seed=1 batch_size=64
[2026-08-27 14:46:46,740][data.dataset][INFO] - dataset config path=/fssmall/home/h61084/codes/datasets/time/coastal_t_s_h_part02/config.json applied_keys=['date_col', 'drop_users', 'target_cols']
[2026-08-27 14:46:46,760][evaluation.evaluator][INFO] - evaluate dataset=time/coastal_t_s_h_part02 users=3 dates=3771 windows=21 removed_constant=0 L=168 H=24 stride=512
[2026-08-27 14:46:52,359][evaluation.evaluator][INFO] - artifacts ready run=/fssmall/home/h61084/codes/tsfm/outputs_selena/covariates/time-coastal_t_s_h_part02/168_24/chronos2/identity/instance/keep/run_0 mse=0.0207478 nmse=0.0173797 inference_seconds=0.194
2026-08-27 14:46:53 | configuration dataset=time/coastal_t_s_h_part02 L=168 H=24 model=ts_icl covariates=none instance_norm=true remove_constant=false seed=1 batch_size=32
[2026-08-27 14:46:56,038][data.dataset][INFO] - dataset config path=/fssmall/home/h61084/codes/datasets/time/coastal_t_s_h_part02/config.json applied_keys=['date_col', 'drop_users', 'target_cols']
[2026-08-27 14:46:56,057][evaluation.evaluator][INFO] - evaluate dataset=time/coastal_t_s_h_part02 users=3 dates=3771 windows=21 removed_constant=0 L=168 H=24 stride=512
[2026-08-27 14:46:58,169][evaluation.evaluator][INFO] - artifacts ready run=/fssmall/home/h61084/codes/tsfm/outputs_selena/covariates/time-coastal_t_s_h_part02/168_24/ts_icl/none/instance/keep/run_0 mse=7.22267 nmse=1.17109 inference_seconds=1.254
2026-08-27 14:46:59 | configuration dataset=time/coastal_t_s_h_part02 L=168 H=24 model=ts_icl covariates=identity instance_norm=true remove_constant=false seed=1 batch_size=32
[2026-08-27 14:47:01,626][data.dataset][INFO] - dataset config path=/fssmall/home/h61084/codes/datasets/time/coastal_t_s_h_part02/config.json applied_keys=['date_col', 'drop_users', 'target_cols']
[2026-08-27 14:47:01,646][evaluation.evaluator][INFO] - evaluate dataset=time/coastal_t_s_h_part02 users=3 dates=3771 windows=21 removed_constant=0 L=168 H=24 stride=512
[2026-08-27 14:47:03,744][evaluation.evaluator][INFO] - artifacts ready run=/fssmall/home/h61084/codes/tsfm/outputs_selena/covariates/time-coastal_t_s_h_part02/168_24/ts_icl/identity/instance/keep/run_0 mse=0.0010675 nmse=0.0484892 inference_seconds=1.268
2026-08-27 14:47:04 | configuration dataset=time/coastal_t_s_h_part02 L=336 H=48 model=chronos2 covariates=none instance_norm=true remove_constant=false seed=1 batch_size=64
[2026-08-27 14:47:07,220][data.dataset][INFO] - dataset config path=/fssmall/home/h61084/codes/datasets/time/coastal_t_s_h_part02/config.json applied_keys=['date_col', 'drop_users', 'target_cols']
[2026-08-27 14:47:07,239][evaluation.evaluator][INFO] - evaluate dataset=time/coastal_t_s_h_part02 users=3 dates=3771 windows=21 removed_constant=0 L=336 H=48 stride=512
[2026-08-27 14:47:12,963][evaluation.evaluator][INFO] - artifacts ready run=/fssmall/home/h61084/codes/tsfm/outputs_selena/covariates/time-coastal_t_s_h_part02/336_48/chronos2/none/instance/keep/run_0 mse=7.01286 nmse=1.90847 inference_seconds=0.197
2026-08-27 14:47:14 | configuration dataset=time/coastal_t_s_h_part02 L=336 H=48 model=chronos2 covariates=identity instance_norm=true remove_constant=false seed=1 batch_size=64
[2026-08-27 14:47:16,615][data.dataset][INFO] - dataset config path=/fssmall/home/h61084/codes/datasets/time/coastal_t_s_h_part02/config.json applied_keys=['date_col', 'drop_users', 'target_cols']
[2026-08-27 14:47:16,634][evaluation.evaluator][INFO] - evaluate dataset=time/coastal_t_s_h_part02 users=3 dates=3771 windows=21 removed_constant=0 L=336 H=48 stride=512
[2026-08-27 14:47:22,361][evaluation.evaluator][INFO] - artifacts ready run=/fssmall/home/h61084/codes/tsfm/outputs_selena/covariates/time-coastal_t_s_h_part02/336_48/chronos2/identity/instance/keep/run_0 mse=0.0225158 nmse=0.0157172 inference_seconds=0.194
2026-08-27 14:47:23 | configuration dataset=time/coastal_t_s_h_part02 L=336 H=48 model=ts_icl covariates=none instance_norm=true remove_constant=false seed=1 batch_size=32
[2026-08-27 14:47:25,997][data.dataset][INFO] - dataset config path=/fssmall/home/h61084/codes/datasets/time/coastal_t_s_h_part02/config.json applied_keys=['date_col', 'drop_users', 'target_cols']
[2026-08-27 14:47:26,016][evaluation.evaluator][INFO] - evaluate dataset=time/coastal_t_s_h_part02 users=3 dates=3771 windows=21 removed_constant=0 L=336 H=48 stride=512
[2026-08-27 14:47:28,133][evaluation.evaluator][INFO] - artifacts ready run=/fssmall/home/h61084/codes/tsfm/outputs_selena/covariates/time-coastal_t_s_h_part02/336_48/ts_icl/none/instance/keep/run_0 mse=7.58945 nmse=1.89048 inference_seconds=1.265
2026-08-27 14:47:29 | configuration dataset=time/coastal_t_s_h_part02 L=336 H=48 model=ts_icl covariates=identity instance_norm=true remove_constant=false seed=1 batch_size=32
[2026-08-27 14:47:31,584][data.dataset][INFO] - dataset config path=/fssmall/home/h61084/codes/datasets/time/coastal_t_s_h_part02/config.json applied_keys=['date_col', 'drop_users', 'target_cols']
[2026-08-27 14:47:31,603][evaluation.evaluator][INFO] - evaluate dataset=time/coastal_t_s_h_part02 users=3 dates=3771 windows=21 removed_constant=0 L=336 H=48 stride=512
[2026-08-27 14:47:33,707][evaluation.evaluator][INFO] - artifacts ready run=/fssmall/home/h61084/codes/tsfm/outputs_selena/covariates/time-coastal_t_s_h_part02/336_48/ts_icl/identity/instance/keep/run_0 mse=0.00244778 nmse=0.0510157 inference_seconds=1.278
2026-08-27 14:47:34 | configuration dataset=time/coastal_t_s_h_part02 L=504 H=168 model=chronos2 covariates=none instance_norm=true remove_constant=false seed=1 batch_size=64
[2026-08-27 14:47:37,158][data.dataset][INFO] - dataset config path=/fssmall/home/h61084/codes/datasets/time/coastal_t_s_h_part02/config.json applied_keys=['date_col', 'drop_users', 'target_cols']
[2026-08-27 14:47:37,179][evaluation.evaluator][INFO] - evaluate dataset=time/coastal_t_s_h_part02 users=3 dates=3771 windows=21 removed_constant=0 L=504 H=168 stride=512
[2026-08-27 14:47:42,824][evaluation.evaluator][INFO] - artifacts ready run=/fssmall/home/h61084/codes/tsfm/outputs_selena/covariates/time-coastal_t_s_h_part02/504_168/chronos2/none/instance/keep/run_0 mse=14.5989 nmse=1.63994 inference_seconds=0.195
2026-08-27 14:47:43 | configuration dataset=time/coastal_t_s_h_part02 L=504 H=168 model=chronos2 covariates=identity instance_norm=true remove_constant=false seed=1 batch_size=64
[2026-08-27 14:47:46,464][data.dataset][INFO] - dataset config path=/fssmall/home/h61084/codes/datasets/time/coastal_t_s_h_part02/config.json applied_keys=['date_col', 'drop_users', 'target_cols']
[2026-08-27 14:47:46,484][evaluation.evaluator][INFO] - evaluate dataset=time/coastal_t_s_h_part02 users=3 dates=3771 windows=21 removed_constant=0 L=504 H=168 stride=512
[2026-08-27 14:47:52,087][evaluation.evaluator][INFO] - artifacts ready run=/fssmall/home/h61084/codes/tsfm/outputs_selena/covariates/time-coastal_t_s_h_part02/504_168/chronos2/identity/instance/keep/run_0 mse=0.03629 nmse=0.0171356 inference_seconds=0.197
2026-08-27 14:47:53 | configuration dataset=time/coastal_t_s_h_part02 L=504 H=168 model=ts_icl covariates=none instance_norm=true remove_constant=false seed=1 batch_size=32
[2026-08-27 14:47:55,700][data.dataset][INFO] - dataset config path=/fssmall/home/h61084/codes/datasets/time/coastal_t_s_h_part02/config.json applied_keys=['date_col', 'drop_users', 'target_cols']
[2026-08-27 14:47:55,720][evaluation.evaluator][INFO] - evaluate dataset=time/coastal_t_s_h_part02 users=3 dates=3771 windows=21 removed_constant=0 L=504 H=168 stride=512
[2026-08-27 14:47:57,836][evaluation.evaluator][INFO] - artifacts ready run=/fssmall/home/h61084/codes/tsfm/outputs_selena/covariates/time-coastal_t_s_h_part02/504_168/ts_icl/none/instance/keep/run_0 mse=20.9923 nmse=1.5481 inference_seconds=1.269
2026-08-27 14:47:58 | configuration dataset=time/coastal_t_s_h_part02 L=504 H=168 model=ts_icl covariates=identity instance_norm=true remove_constant=false seed=1 batch_size=32
[2026-08-27 14:48:01,312][data.dataset][INFO] - dataset config path=/fssmall/home/h61084/codes/datasets/time/coastal_t_s_h_part02/config.json applied_keys=['date_col', 'drop_users', 'target_cols']
[2026-08-27 14:48:01,331][evaluation.evaluator][INFO] - evaluate dataset=time/coastal_t_s_h_part02 users=3 dates=3771 windows=21 removed_constant=0 L=504 H=168 stride=512
[2026-08-27 14:48:03,458][evaluation.evaluator][INFO] - artifacts ready run=/fssmall/home/h61084/codes/tsfm/outputs_selena/covariates/time-coastal_t_s_h_part02/504_168/ts_icl/identity/instance/keep/run_0 mse=0.0238597 nmse=0.0617055 inference_seconds=1.285
2026-08-27 14:48:04 | configuration dataset=time/coastal_t_s_h_part03 L=168 H=24 model=chronos2 covariates=none instance_norm=true remove_constant=false seed=1 batch_size=64
[2026-08-27 14:48:06,954][data.dataset][INFO] - dataset config path=/fssmall/home/h61084/codes/datasets/time/coastal_t_s_h_part03/config.json applied_keys=['date_col', 'drop_users', 'target_cols']
[2026-08-27 14:48:06,974][evaluation.evaluator][INFO] - evaluate dataset=time/coastal_t_s_h_part03 users=3 dates=3733 windows=21 removed_constant=0 L=168 H=24 stride=512
[2026-08-27 14:48:12,567][evaluation.evaluator][INFO] - artifacts ready run=/fssmall/home/h61084/codes/tsfm/outputs_selena/covariates/time-coastal_t_s_h_part03/168_24/chronos2/none/instance/keep/run_0 mse=0.0053388 nmse=0.319853 inference_seconds=0.194
2026-08-27 14:48:13 | configuration dataset=time/coastal_t_s_h_part03 L=168 H=24 model=chronos2 covariates=identity instance_norm=true remove_constant=false seed=1 batch_size=64
[2026-08-27 14:48:16,215][data.dataset][INFO] - dataset config path=/fssmall/home/h61084/codes/datasets/time/coastal_t_s_h_part03/config.json applied_keys=['date_col', 'drop_users', 'target_cols']
[2026-08-27 14:48:16,235][evaluation.evaluator][INFO] - evaluate dataset=time/coastal_t_s_h_part03 users=3 dates=3733 windows=21 removed_constant=0 L=168 H=24 stride=512
[2026-08-27 14:48:21,827][evaluation.evaluator][INFO] - artifacts ready run=/fssmall/home/h61084/codes/tsfm/outputs_selena/covariates/time-coastal_t_s_h_part03/168_24/chronos2/identity/instance/keep/run_0 mse=0.0022388 nmse=0.0127393 inference_seconds=0.194
2026-08-27 14:48:22 | configuration dataset=time/coastal_t_s_h_part03 L=168 H=24 model=ts_icl covariates=none instance_norm=true remove_constant=false seed=1 batch_size=32
[2026-08-27 14:48:25,450][data.dataset][INFO] - dataset config path=/fssmall/home/h61084/codes/datasets/time/coastal_t_s_h_part03/config.json applied_keys=['date_col', 'drop_users', 'target_cols']
[2026-08-27 14:48:25,470][evaluation.evaluator][INFO] - evaluate dataset=time/coastal_t_s_h_part03 users=3 dates=3733 windows=21 removed_constant=0 L=168 H=24 stride=512
[2026-08-27 14:48:27,549][evaluation.evaluator][INFO] - artifacts ready run=/fssmall/home/h61084/codes/tsfm/outputs_selena/covariates/time-coastal_t_s_h_part03/168_24/ts_icl/none/instance/keep/run_0 mse=0.00832168 nmse=0.361788 inference_seconds=1.247
2026-08-27 14:48:28 | configuration dataset=time/coastal_t_s_h_part03 L=168 H=24 model=ts_icl covariates=identity instance_norm=true remove_constant=false seed=1 batch_size=32
[2026-08-27 14:48:31,029][data.dataset][INFO] - dataset config path=/fssmall/home/h61084/codes/datasets/time/coastal_t_s_h_part03/config.json applied_keys=['date_col', 'drop_users', 'target_cols']
[2026-08-27 14:48:31,047][evaluation.evaluator][INFO] - evaluate dataset=time/coastal_t_s_h_part03 users=3 dates=3733 windows=21 removed_constant=0 L=168 H=24 stride=512
[2026-08-27 14:48:33,181][evaluation.evaluator][INFO] - artifacts ready run=/fssmall/home/h61084/codes/tsfm/outputs_selena/covariates/time-coastal_t_s_h_part03/168_24/ts_icl/identity/instance/keep/run_0 mse=0.000396202 nmse=0.00765538 inference_seconds=1.282
2026-08-27 14:48:34 | configuration dataset=time/coastal_t_s_h_part03 L=336 H=48 model=chronos2 covariates=none instance_norm=true remove_constant=false seed=1 batch_size=64
[2026-08-27 14:48:36,670][data.dataset][INFO] - dataset config path=/fssmall/home/h61084/codes/datasets/time/coastal_t_s_h_part03/config.json applied_keys=['date_col', 'drop_users', 'target_cols']
[2026-08-27 14:48:36,690][evaluation.evaluator][INFO] - evaluate dataset=time/coastal_t_s_h_part03 users=3 dates=3733 windows=21 removed_constant=0 L=336 H=48 stride=512
[2026-08-27 14:48:42,363][evaluation.evaluator][INFO] - artifacts ready run=/fssmall/home/h61084/codes/tsfm/outputs_selena/covariates/time-coastal_t_s_h_part03/336_48/chronos2/none/instance/keep/run_0 mse=0.0198843 nmse=0.329395 inference_seconds=0.193
2026-08-27 14:48:43 | configuration dataset=time/coastal_t_s_h_part03 L=336 H=48 model=chronos2 covariates=identity instance_norm=true remove_constant=false seed=1 batch_size=64
[2026-08-27 14:48:46,037][data.dataset][INFO] - dataset config path=/fssmall/home/h61084/codes/datasets/time/coastal_t_s_h_part03/config.json applied_keys=['date_col', 'drop_users', 'target_cols']
[2026-08-27 14:48:46,056][evaluation.evaluator][INFO] - evaluate dataset=time/coastal_t_s_h_part03 users=3 dates=3733 windows=21 removed_constant=0 L=336 H=48 stride=512
[2026-08-27 14:48:51,649][evaluation.evaluator][INFO] - artifacts ready run=/fssmall/home/h61084/codes/tsfm/outputs_selena/covariates/time-coastal_t_s_h_part03/336_48/chronos2/identity/instance/keep/run_0 mse=0.00422409 nmse=0.0142952 inference_seconds=0.194
2026-08-27 14:48:52 | configuration dataset=time/coastal_t_s_h_part03 L=336 H=48 model=ts_icl covariates=none instance_norm=true remove_constant=false seed=1 batch_size=32
[2026-08-27 14:48:55,328][data.dataset][INFO] - dataset config path=/fssmall/home/h61084/codes/datasets/time/coastal_t_s_h_part03/config.json applied_keys=['date_col', 'drop_users', 'target_cols']
[2026-08-27 14:48:55,348][evaluation.evaluator][INFO] - evaluate dataset=time/coastal_t_s_h_part03 users=3 dates=3733 windows=21 removed_constant=0 L=336 H=48 stride=512
[2026-08-27 14:48:57,441][evaluation.evaluator][INFO] - artifacts ready run=/fssmall/home/h61084/codes/tsfm/outputs_selena/covariates/time-coastal_t_s_h_part03/336_48/ts_icl/none/instance/keep/run_0 mse=0.0215516 nmse=0.617761 inference_seconds=1.262
2026-08-27 14:48:58 | configuration dataset=time/coastal_t_s_h_part03 L=336 H=48 model=ts_icl covariates=identity instance_norm=true remove_constant=false seed=1 batch_size=32
[2026-08-27 14:49:00,927][data.dataset][INFO] - dataset config path=/fssmall/home/h61084/codes/datasets/time/coastal_t_s_h_part03/config.json applied_keys=['date_col', 'drop_users', 'target_cols']
[2026-08-27 14:49:00,946][evaluation.evaluator][INFO] - evaluate dataset=time/coastal_t_s_h_part03 users=3 dates=3733 windows=21 removed_constant=0 L=336 H=48 stride=512
[2026-08-27 14:49:03,060][evaluation.evaluator][INFO] - artifacts ready run=/fssmall/home/h61084/codes/tsfm/outputs_selena/covariates/time-coastal_t_s_h_part03/336_48/ts_icl/identity/instance/keep/run_0 mse=9.94157e-05 nmse=0.00692386 inference_seconds=1.282
2026-08-27 14:49:04 | configuration dataset=time/coastal_t_s_h_part03 L=504 H=168 model=chronos2 covariates=none instance_norm=true remove_constant=false seed=1 batch_size=64
[2026-08-27 14:49:06,565][data.dataset][INFO] - dataset config path=/fssmall/home/h61084/codes/datasets/time/coastal_t_s_h_part03/config.json applied_keys=['date_col', 'drop_users', 'target_cols']
[2026-08-27 14:49:06,585][evaluation.evaluator][INFO] - evaluate dataset=time/coastal_t_s_h_part03 users=3 dates=3733 windows=18 removed_constant=0 L=504 H=168 stride=512
[2026-08-27 14:49:12,198][evaluation.evaluator][INFO] - artifacts ready run=/fssmall/home/h61084/codes/tsfm/outputs_selena/covariates/time-coastal_t_s_h_part03/504_168/chronos2/none/instance/keep/run_0 mse=0.0677079 nmse=1.87924 inference_seconds=0.193
2026-08-27 14:49:13 | configuration dataset=time/coastal_t_s_h_part03 L=504 H=168 model=chronos2 covariates=identity instance_norm=true remove_constant=false seed=1 batch_size=64
[2026-08-27 14:49:15,856][data.dataset][INFO] - dataset config path=/fssmall/home/h61084/codes/datasets/time/coastal_t_s_h_part03/config.json applied_keys=['date_col', 'drop_users', 'target_cols']
[2026-08-27 14:49:15,875][evaluation.evaluator][INFO] - evaluate dataset=time/coastal_t_s_h_part03 users=3 dates=3733 windows=18 removed_constant=0 L=504 H=168 stride=512
[2026-08-27 14:49:21,461][evaluation.evaluator][INFO] - artifacts ready run=/fssmall/home/h61084/codes/tsfm/outputs_selena/covariates/time-coastal_t_s_h_part03/504_168/chronos2/identity/instance/keep/run_0 mse=0.00851704 nmse=0.0307548 inference_seconds=0.194
2026-08-27 14:49:22 | configuration dataset=time/coastal_t_s_h_part03 L=504 H=168 model=ts_icl covariates=none instance_norm=true remove_constant=false seed=1 batch_size=32
[2026-08-27 14:49:25,122][data.dataset][INFO] - dataset config path=/fssmall/home/h61084/codes/datasets/time/coastal_t_s_h_part03/config.json applied_keys=['date_col', 'drop_users', 'target_cols']
[2026-08-27 14:49:25,141][evaluation.evaluator][INFO] - evaluate dataset=time/coastal_t_s_h_part03 users=3 dates=3733 windows=18 removed_constant=0 L=504 H=168 stride=512
[2026-08-27 14:49:27,242][evaluation.evaluator][INFO] - artifacts ready run=/fssmall/home/h61084/codes/tsfm/outputs_selena/covariates/time-coastal_t_s_h_part03/504_168/ts_icl/none/instance/keep/run_0 mse=0.0790715 nmse=1.71339 inference_seconds=1.266
2026-08-27 14:49:28 | configuration dataset=time/coastal_t_s_h_part03 L=504 H=168 model=ts_icl covariates=identity instance_norm=true remove_constant=false seed=1 batch_size=32
[2026-08-27 14:49:30,734][data.dataset][INFO] - dataset config path=/fssmall/home/h61084/codes/datasets/time/coastal_t_s_h_part03/config.json applied_keys=['date_col', 'drop_users', 'target_cols']
[2026-08-27 14:49:30,753][evaluation.evaluator][INFO] - evaluate dataset=time/coastal_t_s_h_part03 users=3 dates=3733 windows=18 removed_constant=0 L=504 H=168 stride=512
[2026-08-27 14:49:32,873][evaluation.evaluator][INFO] - artifacts ready run=/fssmall/home/h61084/codes/tsfm/outputs_selena/covariates/time-coastal_t_s_h_part03/504_168/ts_icl/identity/instance/keep/run_0 mse=0.00133242 nmse=0.0443634 inference_seconds=1.288
2026-08-27 14:49:33 | configuration dataset=time/coastal_t_s_h_part04 L=168 H=24 model=chronos2 covariates=none instance_norm=true remove_constant=false seed=1 batch_size=64
[2026-08-27 14:49:36,390][data.dataset][INFO] - dataset config path=/fssmall/home/h61084/codes/datasets/time/coastal_t_s_h_part04/config.json applied_keys=['date_col', 'drop_users', 'target_cols']
[2026-08-27 14:49:36,414][evaluation.evaluator][INFO] - evaluate dataset=time/coastal_t_s_h_part04 users=3 dates=6673 windows=39 removed_constant=0 L=168 H=24 stride=512
[2026-08-27 14:49:42,025][evaluation.evaluator][INFO] - artifacts ready run=/fssmall/home/h61084/codes/tsfm/outputs_selena/covariates/time-coastal_t_s_h_part04/168_24/chronos2/none/instance/keep/run_0 mse=55.0165 nmse=0.693158 inference_seconds=0.193
2026-08-27 14:49:43 | configuration dataset=time/coastal_t_s_h_part04 L=168 H=24 model=chronos2 covariates=identity instance_norm=true remove_constant=false seed=1 batch_size=64
[2026-08-27 14:49:45,723][data.dataset][INFO] - dataset config path=/fssmall/home/h61084/codes/datasets/time/coastal_t_s_h_part04/config.json applied_keys=['date_col', 'drop_users', 'target_cols']
[2026-08-27 14:49:45,745][evaluation.evaluator][INFO] - evaluate dataset=time/coastal_t_s_h_part04 users=3 dates=6673 windows=39 removed_constant=0 L=168 H=24 stride=512
[2026-08-27 14:49:51,353][evaluation.evaluator][INFO] - artifacts ready run=/fssmall/home/h61084/codes/tsfm/outputs_selena/covariates/time-coastal_t_s_h_part04/168_24/chronos2/identity/instance/keep/run_0 mse=0.398476 nmse=0.00955341 inference_seconds=0.196
2026-08-27 14:49:52 | configuration dataset=time/coastal_t_s_h_part04 L=168 H=24 model=ts_icl covariates=none instance_norm=true remove_constant=false seed=1 batch_size=32
[2026-08-27 14:49:55,061][data.dataset][INFO] - dataset config path=/fssmall/home/h61084/codes/datasets/time/coastal_t_s_h_part04/config.json applied_keys=['date_col', 'drop_users', 'target_cols']
[2026-08-27 14:49:55,087][evaluation.evaluator][INFO] - evaluate dataset=time/coastal_t_s_h_part04 users=3 dates=6673 windows=39 removed_constant=0 L=168 H=24 stride=512
[2026-08-27 14:49:57,230][evaluation.evaluator][INFO] - artifacts ready run=/fssmall/home/h61084/codes/tsfm/outputs_selena/covariates/time-coastal_t_s_h_part04/168_24/ts_icl/none/instance/keep/run_0 mse=61.8708 nmse=0.745621 inference_seconds=1.292
2026-08-27 14:49:58 | configuration dataset=time/coastal_t_s_h_part04 L=168 H=24 model=ts_icl covariates=identity instance_norm=true remove_constant=false seed=1 batch_size=32
[2026-08-27 14:50:00,800][data.dataset][INFO] - dataset config path=/fssmall/home/h61084/codes/datasets/time/coastal_t_s_h_part04/config.json applied_keys=['date_col', 'drop_users', 'target_cols']
[2026-08-27 14:50:00,822][evaluation.evaluator][INFO] - evaluate dataset=time/coastal_t_s_h_part04 users=3 dates=6673 windows=39 removed_constant=0 L=168 H=24 stride=512
[2026-08-27 14:50:03,005][evaluation.evaluator][INFO] - artifacts ready run=/fssmall/home/h61084/codes/tsfm/outputs_selena/covariates/time-coastal_t_s_h_part04/168_24/ts_icl/identity/instance/keep/run_0 mse=0.795088 nmse=0.00244182 inference_seconds=1.338
2026-08-27 14:50:03 | configuration dataset=time/coastal_t_s_h_part04 L=336 H=48 model=chronos2 covariates=none instance_norm=true remove_constant=false seed=1 batch_size=64
[2026-08-27 14:50:06,567][data.dataset][INFO] - dataset config path=/fssmall/home/h61084/codes/datasets/time/coastal_t_s_h_part04/config.json applied_keys=['date_col', 'drop_users', 'target_cols']
[2026-08-27 14:50:06,589][evaluation.evaluator][INFO] - evaluate dataset=time/coastal_t_s_h_part04 users=3 dates=6673 windows=39 removed_constant=0 L=336 H=48 stride=512
[2026-08-27 14:50:12,283][evaluation.evaluator][INFO] - artifacts ready run=/fssmall/home/h61084/codes/tsfm/outputs_selena/covariates/time-coastal_t_s_h_part04/336_48/chronos2/none/instance/keep/run_0 mse=70.9465 nmse=0.701633 inference_seconds=0.193
2026-08-27 14:50:13 | configuration dataset=time/coastal_t_s_h_part04 L=336 H=48 model=chronos2 covariates=identity instance_norm=true remove_constant=false seed=1 batch_size=64
[2026-08-27 14:50:15,993][data.dataset][INFO] - dataset config path=/fssmall/home/h61084/codes/datasets/time/coastal_t_s_h_part04/config.json applied_keys=['date_col', 'drop_users', 'target_cols']
[2026-08-27 14:50:16,013][evaluation.evaluator][INFO] - evaluate dataset=time/coastal_t_s_h_part04 users=3 dates=6673 windows=39 removed_constant=0 L=336 H=48 stride=512
[2026-08-27 14:50:21,673][evaluation.evaluator][INFO] - artifacts ready run=/fssmall/home/h61084/codes/tsfm/outputs_selena/covariates/time-coastal_t_s_h_part04/336_48/chronos2/identity/instance/keep/run_0 mse=0.525964 nmse=0.00829102 inference_seconds=0.204
2026-08-27 14:50:22 | configuration dataset=time/coastal_t_s_h_part04 L=336 H=48 model=ts_icl covariates=none instance_norm=true remove_constant=false seed=1 batch_size=32
[2026-08-27 14:50:25,358][data.dataset][INFO] - dataset config path=/fssmall/home/h61084/codes/datasets/time/coastal_t_s_h_part04/config.json applied_keys=['date_col', 'drop_users', 'target_cols']
[2026-08-27 14:50:25,380][evaluation.evaluator][INFO] - evaluate dataset=time/coastal_t_s_h_part04 users=3 dates=6673 windows=39 removed_constant=0 L=336 H=48 stride=512
[2026-08-27 14:50:27,526][evaluation.evaluator][INFO] - artifacts ready run=/fssmall/home/h61084/codes/tsfm/outputs_selena/covariates/time-coastal_t_s_h_part04/336_48/ts_icl/none/instance/keep/run_0 mse=59.0489 nmse=0.725551 inference_seconds=1.305
2026-08-27 14:50:28 | configuration dataset=time/coastal_t_s_h_part04 L=336 H=48 model=ts_icl covariates=identity instance_norm=true remove_constant=false seed=1 batch_size=32
[2026-08-27 14:50:31,064][data.dataset][INFO] - dataset config path=/fssmall/home/h61084/codes/datasets/time/coastal_t_s_h_part04/config.json applied_keys=['date_col', 'drop_users', 'target_cols']
[2026-08-27 14:50:31,086][evaluation.evaluator][INFO] - evaluate dataset=time/coastal_t_s_h_part04 users=3 dates=6673 windows=39 removed_constant=0 L=336 H=48 stride=512
[2026-08-27 14:50:33,266][evaluation.evaluator][INFO] - artifacts ready run=/fssmall/home/h61084/codes/tsfm/outputs_selena/covariates/time-coastal_t_s_h_part04/336_48/ts_icl/identity/instance/keep/run_0 mse=0.346587 nmse=0.000431129 inference_seconds=1.340
2026-08-27 14:50:34 | configuration dataset=time/coastal_t_s_h_part04 L=504 H=168 model=chronos2 covariates=none instance_norm=true remove_constant=false seed=1 batch_size=64
[2026-08-27 14:50:36,816][data.dataset][INFO] - dataset config path=/fssmall/home/h61084/codes/datasets/time/coastal_t_s_h_part04/config.json applied_keys=['date_col', 'drop_users', 'target_cols']
[2026-08-27 14:50:36,839][evaluation.evaluator][INFO] - evaluate dataset=time/coastal_t_s_h_part04 users=3 dates=6673 windows=36 removed_constant=0 L=504 H=168 stride=512
[2026-08-27 14:50:42,505][evaluation.evaluator][INFO] - artifacts ready run=/fssmall/home/h61084/codes/tsfm/outputs_selena/covariates/time-coastal_t_s_h_part04/504_168/chronos2/none/instance/keep/run_0 mse=231.125 nmse=31.8791 inference_seconds=0.196
2026-08-27 14:50:43 | configuration dataset=time/coastal_t_s_h_part04 L=504 H=168 model=chronos2 covariates=identity instance_norm=true remove_constant=false seed=1 batch_size=64
[2026-08-27 14:50:46,227][data.dataset][INFO] - dataset config path=/fssmall/home/h61084/codes/datasets/time/coastal_t_s_h_part04/config.json applied_keys=['date_col', 'drop_users', 'target_cols']
[2026-08-27 14:50:46,248][evaluation.evaluator][INFO] - evaluate dataset=time/coastal_t_s_h_part04 users=3 dates=6673 windows=36 removed_constant=0 L=504 H=168 stride=512
[2026-08-27 14:50:51,861][evaluation.evaluator][INFO] - artifacts ready run=/fssmall/home/h61084/codes/tsfm/outputs_selena/covariates/time-coastal_t_s_h_part04/504_168/chronos2/identity/instance/keep/run_0 mse=26.924 nmse=10.937 inference_seconds=0.204
2026-08-27 14:50:53 | configuration dataset=time/coastal_t_s_h_part04 L=504 H=168 model=ts_icl covariates=none instance_norm=true remove_constant=false seed=1 batch_size=32
[2026-08-27 14:50:55,536][data.dataset][INFO] - dataset config path=/fssmall/home/h61084/codes/datasets/time/coastal_t_s_h_part04/config.json applied_keys=['date_col', 'drop_users', 'target_cols']
[2026-08-27 14:50:55,557][evaluation.evaluator][INFO] - evaluate dataset=time/coastal_t_s_h_part04 users=3 dates=6673 windows=36 removed_constant=0 L=504 H=168 stride=512
[2026-08-27 14:50:57,723][evaluation.evaluator][INFO] - artifacts ready run=/fssmall/home/h61084/codes/tsfm/outputs_selena/covariates/time-coastal_t_s_h_part04/504_168/ts_icl/none/instance/keep/run_0 mse=222.636 nmse=31.8099 inference_seconds=1.332
2026-08-27 14:50:58 | configuration dataset=time/coastal_t_s_h_part04 L=504 H=168 model=ts_icl covariates=identity instance_norm=true remove_constant=false seed=1 batch_size=32
[2026-08-27 14:51:01,306][data.dataset][INFO] - dataset config path=/fssmall/home/h61084/codes/datasets/time/coastal_t_s_h_part04/config.json applied_keys=['date_col', 'drop_users', 'target_cols']
[2026-08-27 14:51:01,327][evaluation.evaluator][INFO] - evaluate dataset=time/coastal_t_s_h_part04 users=3 dates=6673 windows=36 removed_constant=0 L=504 H=168 stride=512
[2026-08-27 14:51:03,525][evaluation.evaluator][INFO] - artifacts ready run=/fssmall/home/h61084/codes/tsfm/outputs_selena/covariates/time-coastal_t_s_h_part04/504_168/ts_icl/identity/instance/keep/run_0 mse=52.4671 nmse=20.8504 inference_seconds=1.351
2026-08-27 14:51:04 | configuration dataset=time/coastal_t_s_h_part05 L=168 H=24 model=chronos2 covariates=none instance_norm=true remove_constant=false seed=1 batch_size=64
[2026-08-27 14:51:07,078][data.dataset][INFO] - dataset config path=/fssmall/home/h61084/codes/datasets/time/coastal_t_s_h_part05/config.json applied_keys=['date_col', 'drop_users', 'target_cols']
[2026-08-27 14:51:07,102][evaluation.evaluator][INFO] - evaluate dataset=time/coastal_t_s_h_part05 users=3 dates=6788 windows=39 removed_constant=0 L=168 H=24 stride=512
[2026-08-27 14:51:12,768][evaluation.evaluator][INFO] - artifacts ready run=/fssmall/home/h61084/codes/tsfm/outputs_selena/covariates/time-coastal_t_s_h_part05/168_24/chronos2/none/instance/keep/run_0 mse=0.269656 nmse=0.783624 inference_seconds=0.195
2026-08-27 14:51:13 | configuration dataset=time/coastal_t_s_h_part05 L=168 H=24 model=chronos2 covariates=identity instance_norm=true remove_constant=false seed=1 batch_size=64
[2026-08-27 14:51:16,517][data.dataset][INFO] - dataset config path=/fssmall/home/h61084/codes/datasets/time/coastal_t_s_h_part05/config.json applied_keys=['date_col', 'drop_users', 'target_cols']
[2026-08-27 14:51:16,538][evaluation.evaluator][INFO] - evaluate dataset=time/coastal_t_s_h_part05 users=3 dates=6788 windows=39 removed_constant=0 L=168 H=24 stride=512
[2026-08-27 14:51:22,144][evaluation.evaluator][INFO] - artifacts ready run=/fssmall/home/h61084/codes/tsfm/outputs_selena/covariates/time-coastal_t_s_h_part05/168_24/chronos2/identity/instance/keep/run_0 mse=0.00565978 nmse=0.0103686 inference_seconds=0.195
2026-08-27 14:51:23 | configuration dataset=time/coastal_t_s_h_part05 L=168 H=24 model=ts_icl covariates=none instance_norm=true remove_constant=false seed=1 batch_size=32
[2026-08-27 14:51:25,864][data.dataset][INFO] - dataset config path=/fssmall/home/h61084/codes/datasets/time/coastal_t_s_h_part05/config.json applied_keys=['date_col', 'drop_users', 'target_cols']
[2026-08-27 14:51:25,885][evaluation.evaluator][INFO] - evaluate dataset=time/coastal_t_s_h_part05 users=3 dates=6788 windows=39 removed_constant=0 L=168 H=24 stride=512
[2026-08-27 14:51:28,014][evaluation.evaluator][INFO] - artifacts ready run=/fssmall/home/h61084/codes/tsfm/outputs_selena/covariates/time-coastal_t_s_h_part05/168_24/ts_icl/none/instance/keep/run_0 mse=0.254744 nmse=0.730447 inference_seconds=1.292
2026-08-27 14:51:29 | configuration dataset=time/coastal_t_s_h_part05 L=168 H=24 model=ts_icl covariates=identity instance_norm=true remove_constant=false seed=1 batch_size=32
[2026-08-27 14:51:31,598][data.dataset][INFO] - dataset config path=/fssmall/home/h61084/codes/datasets/time/coastal_t_s_h_part05/config.json applied_keys=['date_col', 'drop_users', 'target_cols']
[2026-08-27 14:51:31,620][evaluation.evaluator][INFO] - evaluate dataset=time/coastal_t_s_h_part05 users=3 dates=6788 windows=39 removed_constant=0 L=168 H=24 stride=512
[2026-08-27 14:51:33,763][evaluation.evaluator][INFO] - artifacts ready run=/fssmall/home/h61084/codes/tsfm/outputs_selena/covariates/time-coastal_t_s_h_part05/168_24/ts_icl/identity/instance/keep/run_0 mse=0.00179096 nmse=0.000603873 inference_seconds=1.311
2026-08-27 14:51:34 | configuration dataset=time/coastal_t_s_h_part05 L=336 H=48 model=chronos2 covariates=none instance_norm=true remove_constant=false seed=1 batch_size=64
[2026-08-27 14:51:37,313][data.dataset][INFO] - dataset config path=/fssmall/home/h61084/codes/datasets/time/coastal_t_s_h_part05/config.json applied_keys=['date_col', 'drop_users', 'target_cols']
[2026-08-27 14:51:37,336][evaluation.evaluator][INFO] - evaluate dataset=time/coastal_t_s_h_part05 users=3 dates=6788 windows=39 removed_constant=0 L=336 H=48 stride=512
[2026-08-27 14:51:42,970][evaluation.evaluator][INFO] - artifacts ready run=/fssmall/home/h61084/codes/tsfm/outputs_selena/covariates/time-coastal_t_s_h_part05/336_48/chronos2/none/instance/keep/run_0 mse=0.282153 nmse=0.553852 inference_seconds=0.194
2026-08-27 14:51:44 | configuration dataset=time/coastal_t_s_h_part05 L=336 H=48 model=chronos2 covariates=identity instance_norm=true remove_constant=false seed=1 batch_size=64
[2026-08-27 14:51:46,671][data.dataset][INFO] - dataset config path=/fssmall/home/h61084/codes/datasets/time/coastal_t_s_h_part05/config.json applied_keys=['date_col', 'drop_users', 'target_cols']
[2026-08-27 14:51:46,693][evaluation.evaluator][INFO] - evaluate dataset=time/coastal_t_s_h_part05 users=3 dates=6788 windows=39 removed_constant=0 L=336 H=48 stride=512
[2026-08-27 14:51:52,510][evaluation.evaluator][INFO] - artifacts ready run=/fssmall/home/h61084/codes/tsfm/outputs_selena/covariates/time-coastal_t_s_h_part05/336_48/chronos2/identity/instance/keep/run_0 mse=0.00845686 nmse=0.0146582 inference_seconds=0.207
2026-08-27 14:51:53 | configuration dataset=time/coastal_t_s_h_part05 L=336 H=48 model=ts_icl covariates=none instance_norm=true remove_constant=false seed=1 batch_size=32
[2026-08-27 14:51:56,261][data.dataset][INFO] - dataset config path=/fssmall/home/h61084/codes/datasets/time/coastal_t_s_h_part05/config.json applied_keys=['date_col', 'drop_users', 'target_cols']
[2026-08-27 14:51:56,283][evaluation.evaluator][INFO] - evaluate dataset=time/coastal_t_s_h_part05 users=3 dates=6788 windows=39 removed_constant=0 L=336 H=48 stride=512
[2026-08-27 14:51:58,425][evaluation.evaluator][INFO] - artifacts ready run=/fssmall/home/h61084/codes/tsfm/outputs_selena/covariates/time-coastal_t_s_h_part05/336_48/ts_icl/none/instance/keep/run_0 mse=0.34371 nmse=0.603395 inference_seconds=1.306
2026-08-27 14:51:59 | configuration dataset=time/coastal_t_s_h_part05 L=336 H=48 model=ts_icl covariates=identity instance_norm=true remove_constant=false seed=1 batch_size=32
[2026-08-27 14:52:02,056][data.dataset][INFO] - dataset config path=/fssmall/home/h61084/codes/datasets/time/coastal_t_s_h_part05/config.json applied_keys=['date_col', 'drop_users', 'target_cols']
[2026-08-27 14:52:02,079][evaluation.evaluator][INFO] - evaluate dataset=time/coastal_t_s_h_part05 users=3 dates=6788 windows=39 removed_constant=0 L=336 H=48 stride=512
[2026-08-27 14:52:04,256][evaluation.evaluator][INFO] - artifacts ready run=/fssmall/home/h61084/codes/tsfm/outputs_selena/covariates/time-coastal_t_s_h_part05/336_48/ts_icl/identity/instance/keep/run_0 mse=0.000264463 nmse=0.000134298 inference_seconds=1.334
2026-08-27 14:52:05 | configuration dataset=time/coastal_t_s_h_part05 L=504 H=168 model=chronos2 covariates=none instance_norm=true remove_constant=false seed=1 batch_size=64
[2026-08-27 14:52:07,874][data.dataset][INFO] - dataset config path=/fssmall/home/h61084/codes/datasets/time/coastal_t_s_h_part05/config.json applied_keys=['date_col', 'drop_users', 'target_cols']
[2026-08-27 14:52:07,896][evaluation.evaluator][INFO] - evaluate dataset=time/coastal_t_s_h_part05 users=3 dates=6788 windows=36 removed_constant=0 L=504 H=168 stride=512
[2026-08-27 14:52:13,525][evaluation.evaluator][INFO] - artifacts ready run=/fssmall/home/h61084/codes/tsfm/outputs_selena/covariates/time-coastal_t_s_h_part05/504_168/chronos2/none/instance/keep/run_0 mse=1.74957 nmse=3.99975 inference_seconds=0.195
2026-08-27 14:52:14 | configuration dataset=time/coastal_t_s_h_part05 L=504 H=168 model=chronos2 covariates=identity instance_norm=true remove_constant=false seed=1 batch_size=64
[2026-08-27 14:52:17,232][data.dataset][INFO] - dataset config path=/fssmall/home/h61084/codes/datasets/time/coastal_t_s_h_part05/config.json applied_keys=['date_col', 'drop_users', 'target_cols']
[2026-08-27 14:52:17,254][evaluation.evaluator][INFO] - evaluate dataset=time/coastal_t_s_h_part05 users=3 dates=6788 windows=36 removed_constant=0 L=504 H=168 stride=512
[2026-08-27 14:52:22,901][evaluation.evaluator][INFO] - artifacts ready run=/fssmall/home/h61084/codes/tsfm/outputs_selena/covariates/time-coastal_t_s_h_part05/504_168/chronos2/identity/instance/keep/run_0 mse=0.0906012 nmse=0.23027 inference_seconds=0.207
2026-08-27 14:52:24 | configuration dataset=time/coastal_t_s_h_part05 L=504 H=168 model=ts_icl covariates=none instance_norm=true remove_constant=false seed=1 batch_size=32
[2026-08-27 14:52:26,619][data.dataset][INFO] - dataset config path=/fssmall/home/h61084/codes/datasets/time/coastal_t_s_h_part05/config.json applied_keys=['date_col', 'drop_users', 'target_cols']
[2026-08-27 14:52:26,642][evaluation.evaluator][INFO] - evaluate dataset=time/coastal_t_s_h_part05 users=3 dates=6788 windows=36 removed_constant=0 L=504 H=168 stride=512
[2026-08-27 14:52:28,821][evaluation.evaluator][INFO] - artifacts ready run=/fssmall/home/h61084/codes/tsfm/outputs_selena/covariates/time-coastal_t_s_h_part05/504_168/ts_icl/none/instance/keep/run_0 mse=1.63704 nmse=3.7832 inference_seconds=1.340
2026-08-27 14:52:29 | configuration dataset=time/coastal_t_s_h_part05 L=504 H=168 model=ts_icl covariates=identity instance_norm=true remove_constant=false seed=1 batch_size=32
[2026-08-27 14:52:32,401][data.dataset][INFO] - dataset config path=/fssmall/home/h61084/codes/datasets/time/coastal_t_s_h_part05/config.json applied_keys=['date_col', 'drop_users', 'target_cols']
[2026-08-27 14:52:32,423][evaluation.evaluator][INFO] - evaluate dataset=time/coastal_t_s_h_part05 users=3 dates=6788 windows=36 removed_constant=0 L=504 H=168 stride=512
[2026-08-27 14:52:34,631][evaluation.evaluator][INFO] - artifacts ready run=/fssmall/home/h61084/codes/tsfm/outputs_selena/covariates/time-coastal_t_s_h_part05/504_168/ts_icl/identity/instance/keep/run_0 mse=0.058075 nmse=0.148244 inference_seconds=1.349
2026-08-27 14:52:35 | configuration dataset=time/coastal_t_s_h_part06 L=168 H=24 model=chronos2 covariates=none instance_norm=true remove_constant=false seed=1 batch_size=64
[2026-08-27 14:52:38,234][data.dataset][INFO] - dataset config path=/fssmall/home/h61084/codes/datasets/time/coastal_t_s_h_part06/config.json applied_keys=['date_col', 'drop_users', 'target_cols']
[2026-08-27 14:52:38,255][evaluation.evaluator][INFO] - evaluate dataset=time/coastal_t_s_h_part06 users=3 dates=3718 windows=21 removed_constant=0 L=168 H=24 stride=512
[2026-08-27 14:52:43,956][evaluation.evaluator][INFO] - artifacts ready run=/fssmall/home/h61084/codes/tsfm/outputs_selena/covariates/time-coastal_t_s_h_part06/168_24/chronos2/none/instance/keep/run_0 mse=0.0131675 nmse=0.398197 inference_seconds=0.193
2026-08-27 14:52:45 | configuration dataset=time/coastal_t_s_h_part06 L=168 H=24 model=chronos2 covariates=identity instance_norm=true remove_constant=false seed=1 batch_size=64
[2026-08-27 14:52:47,682][data.dataset][INFO] - dataset config path=/fssmall/home/h61084/codes/datasets/time/coastal_t_s_h_part06/config.json applied_keys=['date_col', 'drop_users', 'target_cols']
[2026-08-27 14:52:47,702][evaluation.evaluator][INFO] - evaluate dataset=time/coastal_t_s_h_part06 users=3 dates=3718 windows=21 removed_constant=0 L=168 H=24 stride=512
[2026-08-27 14:52:53,331][evaluation.evaluator][INFO] - artifacts ready run=/fssmall/home/h61084/codes/tsfm/outputs_selena/covariates/time-coastal_t_s_h_part06/168_24/chronos2/identity/instance/keep/run_0 mse=0.00205891 nmse=0.010946 inference_seconds=0.197
2026-08-27 14:52:54 | configuration dataset=time/coastal_t_s_h_part06 L=168 H=24 model=ts_icl covariates=none instance_norm=true remove_constant=false seed=1 batch_size=32
[2026-08-27 14:52:57,077][data.dataset][INFO] - dataset config path=/fssmall/home/h61084/codes/datasets/time/coastal_t_s_h_part06/config.json applied_keys=['date_col', 'drop_users', 'target_cols']
[2026-08-27 14:52:57,096][evaluation.evaluator][INFO] - evaluate dataset=time/coastal_t_s_h_part06 users=3 dates=3718 windows=21 removed_constant=0 L=168 H=24 stride=512
[2026-08-27 14:52:59,209][evaluation.evaluator][INFO] - artifacts ready run=/fssmall/home/h61084/codes/tsfm/outputs_selena/covariates/time-coastal_t_s_h_part06/168_24/ts_icl/none/instance/keep/run_0 mse=0.0186765 nmse=0.410811 inference_seconds=1.264
2026-08-27 14:53:00 | configuration dataset=time/coastal_t_s_h_part06 L=168 H=24 model=ts_icl covariates=identity instance_norm=true remove_constant=false seed=1 batch_size=32
[2026-08-27 14:53:02,862][data.dataset][INFO] - dataset config path=/fssmall/home/h61084/codes/datasets/time/coastal_t_s_h_part06/config.json applied_keys=['date_col', 'drop_users', 'target_cols']
[2026-08-27 14:53:02,882][evaluation.evaluator][INFO] - evaluate dataset=time/coastal_t_s_h_part06 users=3 dates=3718 windows=21 removed_constant=0 L=168 H=24 stride=512
[2026-08-27 14:53:05,003][evaluation.evaluator][INFO] - artifacts ready run=/fssmall/home/h61084/codes/tsfm/outputs_selena/covariates/time-coastal_t_s_h_part06/168_24/ts_icl/identity/instance/keep/run_0 mse=2.24946e-05 nmse=0.000482767 inference_seconds=1.280
2026-08-27 14:53:06 | configuration dataset=time/coastal_t_s_h_part06 L=336 H=48 model=chronos2 covariates=none instance_norm=true remove_constant=false seed=1 batch_size=64
[2026-08-27 14:53:08,607][data.dataset][INFO] - dataset config path=/fssmall/home/h61084/codes/datasets/time/coastal_t_s_h_part06/config.json applied_keys=['date_col', 'drop_users', 'target_cols']
[2026-08-27 14:53:08,626][evaluation.evaluator][INFO] - evaluate dataset=time/coastal_t_s_h_part06 users=3 dates=3718 windows=21 removed_constant=0 L=336 H=48 stride=512
[2026-08-27 14:53:14,270][evaluation.evaluator][INFO] - artifacts ready run=/fssmall/home/h61084/codes/tsfm/outputs_selena/covariates/time-coastal_t_s_h_part06/336_48/chronos2/none/instance/keep/run_0 mse=0.0398251 nmse=0.665924 inference_seconds=0.194
2026-08-27 14:53:15 | configuration dataset=time/coastal_t_s_h_part06 L=336 H=48 model=chronos2 covariates=identity instance_norm=true remove_constant=false seed=1 batch_size=64
[2026-08-27 14:53:17,996][data.dataset][INFO] - dataset config path=/fssmall/home/h61084/codes/datasets/time/coastal_t_s_h_part06/config.json applied_keys=['date_col', 'drop_users', 'target_cols']
[2026-08-27 14:53:18,015][evaluation.evaluator][INFO] - evaluate dataset=time/coastal_t_s_h_part06 users=3 dates=3718 windows=21 removed_constant=0 L=336 H=48 stride=512
[2026-08-27 14:53:23,715][evaluation.evaluator][INFO] - artifacts ready run=/fssmall/home/h61084/codes/tsfm/outputs_selena/covariates/time-coastal_t_s_h_part06/336_48/chronos2/identity/instance/keep/run_0 mse=0.0045216 nmse=0.0182071 inference_seconds=0.195
2026-08-27 14:53:24 | configuration dataset=time/coastal_t_s_h_part06 L=336 H=48 model=ts_icl covariates=none instance_norm=true remove_constant=false seed=1 batch_size=32
[2026-08-27 14:53:27,506][data.dataset][INFO] - dataset config path=/fssmall/home/h61084/codes/datasets/time/coastal_t_s_h_part06/config.json applied_keys=['date_col', 'drop_users', 'target_cols']
[2026-08-27 14:53:27,526][evaluation.evaluator][INFO] - evaluate dataset=time/coastal_t_s_h_part06 users=3 dates=3718 windows=21 removed_constant=0 L=336 H=48 stride=512
[2026-08-27 14:53:29,627][evaluation.evaluator][INFO] - artifacts ready run=/fssmall/home/h61084/codes/tsfm/outputs_selena/covariates/time-coastal_t_s_h_part06/336_48/ts_icl/none/instance/keep/run_0 mse=0.0473607 nmse=0.716309 inference_seconds=1.256
2026-08-27 14:53:30 | configuration dataset=time/coastal_t_s_h_part06 L=336 H=48 model=ts_icl covariates=identity instance_norm=true remove_constant=false seed=1 batch_size=32
[2026-08-27 14:53:33,220][data.dataset][INFO] - dataset config path=/fssmall/home/h61084/codes/datasets/time/coastal_t_s_h_part06/config.json applied_keys=['date_col', 'drop_users', 'target_cols']
[2026-08-27 14:53:33,240][evaluation.evaluator][INFO] - evaluate dataset=time/coastal_t_s_h_part06 users=3 dates=3718 windows=21 removed_constant=0 L=336 H=48 stride=512
[2026-08-27 14:53:35,364][evaluation.evaluator][INFO] - artifacts ready run=/fssmall/home/h61084/codes/tsfm/outputs_selena/covariates/time-coastal_t_s_h_part06/336_48/ts_icl/identity/instance/keep/run_0 mse=0.000111658 nmse=0.00368642 inference_seconds=1.286
2026-08-27 14:53:36 | configuration dataset=time/coastal_t_s_h_part06 L=504 H=168 model=chronos2 covariates=none instance_norm=true remove_constant=false seed=1 batch_size=64
[2026-08-27 14:53:38,984][data.dataset][INFO] - dataset config path=/fssmall/home/h61084/codes/datasets/time/coastal_t_s_h_part06/config.json applied_keys=['date_col', 'drop_users', 'target_cols']
[2026-08-27 14:53:39,005][evaluation.evaluator][INFO] - evaluate dataset=time/coastal_t_s_h_part06 users=3 dates=3718 windows=18 removed_constant=0 L=504 H=168 stride=512
[2026-08-27 14:53:44,605][evaluation.evaluator][INFO] - artifacts ready run=/fssmall/home/h61084/codes/tsfm/outputs_selena/covariates/time-coastal_t_s_h_part06/504_168/chronos2/none/instance/keep/run_0 mse=0.0753702 nmse=0.722876 inference_seconds=0.194
2026-08-27 14:53:45 | configuration dataset=time/coastal_t_s_h_part06 L=504 H=168 model=chronos2 covariates=identity instance_norm=true remove_constant=false seed=1 batch_size=64
[2026-08-27 14:53:48,383][data.dataset][INFO] - dataset config path=/fssmall/home/h61084/codes/datasets/time/coastal_t_s_h_part06/config.json applied_keys=['date_col', 'drop_users', 'target_cols']
[2026-08-27 14:53:48,401][evaluation.evaluator][INFO] - evaluate dataset=time/coastal_t_s_h_part06 users=3 dates=3718 windows=18 removed_constant=0 L=504 H=168 stride=512
[2026-08-27 14:53:53,973][evaluation.evaluator][INFO] - artifacts ready run=/fssmall/home/h61084/codes/tsfm/outputs_selena/covariates/time-coastal_t_s_h_part06/504_168/chronos2/identity/instance/keep/run_0 mse=0.00366218 nmse=0.0134087 inference_seconds=0.196
2026-08-27 14:53:55 | configuration dataset=time/coastal_t_s_h_part06 L=504 H=168 model=ts_icl covariates=none instance_norm=true remove_constant=false seed=1 batch_size=32
[2026-08-27 14:53:57,727][data.dataset][INFO] - dataset config path=/fssmall/home/h61084/codes/datasets/time/coastal_t_s_h_part06/config.json applied_keys=['date_col', 'drop_users', 'target_cols']
[2026-08-27 14:53:57,746][evaluation.evaluator][INFO] - evaluate dataset=time/coastal_t_s_h_part06 users=3 dates=3718 windows=18 removed_constant=0 L=504 H=168 stride=512
[2026-08-27 14:53:59,853][evaluation.evaluator][INFO] - artifacts ready run=/fssmall/home/h61084/codes/tsfm/outputs_selena/covariates/time-coastal_t_s_h_part06/504_168/ts_icl/none/instance/keep/run_0 mse=0.0917537 nmse=0.717611 inference_seconds=1.281
2026-08-27 14:54:00 | configuration dataset=time/coastal_t_s_h_part06 L=504 H=168 model=ts_icl covariates=identity instance_norm=true remove_constant=false seed=1 batch_size=32
[2026-08-27 14:54:03,473][data.dataset][INFO] - dataset config path=/fssmall/home/h61084/codes/datasets/time/coastal_t_s_h_part06/config.json applied_keys=['date_col', 'drop_users', 'target_cols']
[2026-08-27 14:54:03,492][evaluation.evaluator][INFO] - evaluate dataset=time/coastal_t_s_h_part06 users=3 dates=3718 windows=18 removed_constant=0 L=504 H=168 stride=512
[2026-08-27 14:54:05,630][evaluation.evaluator][INFO] - artifacts ready run=/fssmall/home/h61084/codes/tsfm/outputs_selena/covariates/time-coastal_t_s_h_part06/504_168/ts_icl/identity/instance/keep/run_0 mse=7.0199e-05 nmse=0.000461161 inference_seconds=1.294
2026-08-27 14:54:06 | configuration dataset=time/coastal_t_s_h_part07 L=168 H=24 model=chronos2 covariates=none instance_norm=true remove_constant=false seed=1 batch_size=64
[2026-08-27 14:54:09,267][data.dataset][INFO] - dataset config path=/fssmall/home/h61084/codes/datasets/time/coastal_t_s_h_part07/config.json applied_keys=['date_col', 'drop_users', 'target_cols']
[2026-08-27 14:54:09,289][evaluation.evaluator][INFO] - evaluate dataset=time/coastal_t_s_h_part07 users=3 dates=5321 windows=33 removed_constant=0 L=168 H=24 stride=512
[2026-08-27 14:54:14,918][evaluation.evaluator][INFO] - artifacts ready run=/fssmall/home/h61084/codes/tsfm/outputs_selena/covariates/time-coastal_t_s_h_part07/168_24/chronos2/none/instance/keep/run_0 mse=0.0508474 nmse=4.69851e+14 inference_seconds=0.194
2026-08-27 14:54:16 | configuration dataset=time/coastal_t_s_h_part07 L=168 H=24 model=chronos2 covariates=identity instance_norm=true remove_constant=false seed=1 batch_size=64
[2026-08-27 14:54:18,708][data.dataset][INFO] - dataset config path=/fssmall/home/h61084/codes/datasets/time/coastal_t_s_h_part07/config.json applied_keys=['date_col', 'drop_users', 'target_cols']
[2026-08-27 14:54:18,729][evaluation.evaluator][INFO] - evaluate dataset=time/coastal_t_s_h_part07 users=3 dates=5321 windows=33 removed_constant=0 L=168 H=24 stride=512
[2026-08-27 14:54:24,370][evaluation.evaluator][INFO] - artifacts ready run=/fssmall/home/h61084/codes/tsfm/outputs_selena/covariates/time-coastal_t_s_h_part07/168_24/chronos2/identity/instance/keep/run_0 mse=0.0470615 nmse=4.69851e+14 inference_seconds=0.201
2026-08-27 14:54:25 | configuration dataset=time/coastal_t_s_h_part07 L=168 H=24 model=ts_icl covariates=none instance_norm=true remove_constant=false seed=1 batch_size=32
[2026-08-27 14:54:28,122][data.dataset][INFO] - dataset config path=/fssmall/home/h61084/codes/datasets/time/coastal_t_s_h_part07/config.json applied_keys=['date_col', 'drop_users', 'target_cols']
[2026-08-27 14:54:28,142][evaluation.evaluator][INFO] - evaluate dataset=time/coastal_t_s_h_part07 users=3 dates=5321 windows=33 removed_constant=0 L=168 H=24 stride=512
[2026-08-27 14:54:30,280][evaluation.evaluator][INFO] - artifacts ready run=/fssmall/home/h61084/codes/tsfm/outputs_selena/covariates/time-coastal_t_s_h_part07/168_24/ts_icl/none/instance/keep/run_0 mse=0.0505526 nmse=4.69851e+14 inference_seconds=1.297
2026-08-27 14:54:31 | configuration dataset=time/coastal_t_s_h_part07 L=168 H=24 model=ts_icl covariates=identity instance_norm=true remove_constant=false seed=1 batch_size=32
[2026-08-27 14:54:33,880][data.dataset][INFO] - dataset config path=/fssmall/home/h61084/codes/datasets/time/coastal_t_s_h_part07/config.json applied_keys=['date_col', 'drop_users', 'target_cols']
[2026-08-27 14:54:33,901][evaluation.evaluator][INFO] - evaluate dataset=time/coastal_t_s_h_part07 users=3 dates=5321 windows=33 removed_constant=0 L=168 H=24 stride=512
[2026-08-27 14:54:36,056][evaluation.evaluator][INFO] - artifacts ready run=/fssmall/home/h61084/codes/tsfm/outputs_selena/covariates/time-coastal_t_s_h_part07/168_24/ts_icl/identity/instance/keep/run_0 mse=0.0469968 nmse=4.69851e+14 inference_seconds=1.325
2026-08-27 14:54:37 | configuration dataset=time/coastal_t_s_h_part07 L=336 H=48 model=chronos2 covariates=none instance_norm=true remove_constant=false seed=1 batch_size=64
[2026-08-27 14:54:39,687][data.dataset][INFO] - dataset config path=/fssmall/home/h61084/codes/datasets/time/coastal_t_s_h_part07/config.json applied_keys=['date_col', 'drop_users', 'target_cols']
[2026-08-27 14:54:39,708][evaluation.evaluator][INFO] - evaluate dataset=time/coastal_t_s_h_part07 users=3 dates=5321 windows=30 removed_constant=0 L=336 H=48 stride=512
[2026-08-27 14:54:45,326][evaluation.evaluator][INFO] - artifacts ready run=/fssmall/home/h61084/codes/tsfm/outputs_selena/covariates/time-coastal_t_s_h_part07/336_48/chronos2/none/instance/keep/run_0 mse=0.00609067 nmse=0.372316 inference_seconds=0.196
2026-08-27 14:54:46 | configuration dataset=time/coastal_t_s_h_part07 L=336 H=48 model=chronos2 covariates=identity instance_norm=true remove_constant=false seed=1 batch_size=64
[2026-08-27 14:54:49,116][data.dataset][INFO] - dataset config path=/fssmall/home/h61084/codes/datasets/time/coastal_t_s_h_part07/config.json applied_keys=['date_col', 'drop_users', 'target_cols']
[2026-08-27 14:54:49,137][evaluation.evaluator][INFO] - evaluate dataset=time/coastal_t_s_h_part07 users=3 dates=5321 windows=30 removed_constant=0 L=336 H=48 stride=512
[2026-08-27 14:54:54,769][evaluation.evaluator][INFO] - artifacts ready run=/fssmall/home/h61084/codes/tsfm/outputs_selena/covariates/time-coastal_t_s_h_part07/336_48/chronos2/identity/instance/keep/run_0 mse=0.000226572 nmse=0.00564189 inference_seconds=0.199
2026-08-27 14:54:56 | configuration dataset=time/coastal_t_s_h_part07 L=336 H=48 model=ts_icl covariates=none instance_norm=true remove_constant=false seed=1 batch_size=32
[2026-08-27 14:54:58,560][data.dataset][INFO] - dataset config path=/fssmall/home/h61084/codes/datasets/time/coastal_t_s_h_part07/config.json applied_keys=['date_col', 'drop_users', 'target_cols']
[2026-08-27 14:54:58,581][evaluation.evaluator][INFO] - evaluate dataset=time/coastal_t_s_h_part07 users=3 dates=5321 windows=30 removed_constant=0 L=336 H=48 stride=512
[2026-08-27 14:55:00,704][evaluation.evaluator][INFO] - artifacts ready run=/fssmall/home/h61084/codes/tsfm/outputs_selena/covariates/time-coastal_t_s_h_part07/336_48/ts_icl/none/instance/keep/run_0 mse=0.00563402 nmse=0.369953 inference_seconds=1.282
2026-08-27 14:55:01 | configuration dataset=time/coastal_t_s_h_part07 L=336 H=48 model=ts_icl covariates=identity instance_norm=true remove_constant=false seed=1 batch_size=32
[2026-08-27 14:55:04,331][data.dataset][INFO] - dataset config path=/fssmall/home/h61084/codes/datasets/time/coastal_t_s_h_part07/config.json applied_keys=['date_col', 'drop_users', 'target_cols']
[2026-08-27 14:55:04,352][evaluation.evaluator][INFO] - evaluate dataset=time/coastal_t_s_h_part07 users=3 dates=5321 windows=30 removed_constant=0 L=336 H=48 stride=512
[2026-08-27 14:55:06,489][evaluation.evaluator][INFO] - artifacts ready run=/fssmall/home/h61084/codes/tsfm/outputs_selena/covariates/time-coastal_t_s_h_part07/336_48/ts_icl/identity/instance/keep/run_0 mse=0.000116125 nmse=0.0054848 inference_seconds=1.306
2026-08-27 14:55:07 | configuration dataset=time/coastal_t_s_h_part07 L=504 H=168 model=chronos2 covariates=none instance_norm=true remove_constant=false seed=1 batch_size=64
[2026-08-27 14:55:10,173][data.dataset][INFO] - dataset config path=/fssmall/home/h61084/codes/datasets/time/coastal_t_s_h_part07/config.json applied_keys=['date_col', 'drop_users', 'target_cols']
[2026-08-27 14:55:10,195][evaluation.evaluator][INFO] - evaluate dataset=time/coastal_t_s_h_part07 users=3 dates=5321 windows=30 removed_constant=0 L=504 H=168 stride=512
[2026-08-27 14:55:15,792][evaluation.evaluator][INFO] - artifacts ready run=/fssmall/home/h61084/codes/tsfm/outputs_selena/covariates/time-coastal_t_s_h_part07/504_168/chronos2/none/instance/keep/run_0 mse=0.0415449 nmse=0.774545 inference_seconds=0.192
2026-08-27 14:55:17 | configuration dataset=time/coastal_t_s_h_part07 L=504 H=168 model=chronos2 covariates=identity instance_norm=true remove_constant=false seed=1 batch_size=64
[2026-08-27 14:55:19,612][data.dataset][INFO] - dataset config path=/fssmall/home/h61084/codes/datasets/time/coastal_t_s_h_part07/config.json applied_keys=['date_col', 'drop_users', 'target_cols']
[2026-08-27 14:55:19,633][evaluation.evaluator][INFO] - evaluate dataset=time/coastal_t_s_h_part07 users=3 dates=5321 windows=30 removed_constant=0 L=504 H=168 stride=512
[2026-08-27 14:55:25,266][evaluation.evaluator][INFO] - artifacts ready run=/fssmall/home/h61084/codes/tsfm/outputs_selena/covariates/time-coastal_t_s_h_part07/504_168/chronos2/identity/instance/keep/run_0 mse=0.000384711 nmse=0.00442848 inference_seconds=0.199
2026-08-27 14:55:26 | configuration dataset=time/coastal_t_s_h_part07 L=504 H=168 model=ts_icl covariates=none instance_norm=true remove_constant=false seed=1 batch_size=32
[2026-08-27 14:55:29,030][data.dataset][INFO] - dataset config path=/fssmall/home/h61084/codes/datasets/time/coastal_t_s_h_part07/config.json applied_keys=['date_col', 'drop_users', 'target_cols']
[2026-08-27 14:55:29,052][evaluation.evaluator][INFO] - evaluate dataset=time/coastal_t_s_h_part07 users=3 dates=5321 windows=30 removed_constant=0 L=504 H=168 stride=512
[2026-08-27 14:55:31,190][evaluation.evaluator][INFO] - artifacts ready run=/fssmall/home/h61084/codes/tsfm/outputs_selena/covariates/time-coastal_t_s_h_part07/504_168/ts_icl/none/instance/keep/run_0 mse=0.0298046 nmse=0.690268 inference_seconds=1.297
2026-08-27 14:55:32 | configuration dataset=time/coastal_t_s_h_part07 L=504 H=168 model=ts_icl covariates=identity instance_norm=true remove_constant=false seed=1 batch_size=32
[2026-08-27 14:55:34,824][data.dataset][INFO] - dataset config path=/fssmall/home/h61084/codes/datasets/time/coastal_t_s_h_part07/config.json applied_keys=['date_col', 'drop_users', 'target_cols']
[2026-08-27 14:55:34,845][evaluation.evaluator][INFO] - evaluate dataset=time/coastal_t_s_h_part07 users=3 dates=5321 windows=30 removed_constant=0 L=504 H=168 stride=512
[2026-08-27 14:55:37,000][evaluation.evaluator][INFO] - artifacts ready run=/fssmall/home/h61084/codes/tsfm/outputs_selena/covariates/time-coastal_t_s_h_part07/504_168/ts_icl/identity/instance/keep/run_0 mse=0.000161677 nmse=0.00224289 inference_seconds=1.309
2026-08-27 14:55:38 | configuration dataset=time/coastal_t_s_h_part08 L=168 H=24 model=chronos2 covariates=none instance_norm=true remove_constant=false seed=1 batch_size=64
[2026-08-27 14:55:40,664][data.dataset][INFO] - dataset config path=/fssmall/home/h61084/codes/datasets/time/coastal_t_s_h_part08/config.json applied_keys=['date_col', 'drop_users', 'target_cols']
[2026-08-27 14:55:40,687][evaluation.evaluator][INFO] - evaluate dataset=time/coastal_t_s_h_part08 users=3 dates=5493 windows=33 removed_constant=0 L=168 H=24 stride=512
[2026-08-27 14:55:46,293][evaluation.evaluator][INFO] - artifacts ready run=/fssmall/home/h61084/codes/tsfm/outputs_selena/covariates/time-coastal_t_s_h_part08/168_24/chronos2/none/instance/keep/run_0 mse=90.958 nmse=1.28229 inference_seconds=0.194
2026-08-27 14:55:47 | configuration dataset=time/coastal_t_s_h_part08 L=168 H=24 model=chronos2 covariates=identity instance_norm=true remove_constant=false seed=1 batch_size=64
[2026-08-27 14:55:50,063][data.dataset][INFO] - dataset config path=/fssmall/home/h61084/codes/datasets/time/coastal_t_s_h_part08/config.json applied_keys=['date_col', 'drop_users', 'target_cols']
[2026-08-27 14:55:50,084][evaluation.evaluator][INFO] - evaluate dataset=time/coastal_t_s_h_part08 users=3 dates=5493 windows=33 removed_constant=0 L=168 H=24 stride=512
[2026-08-27 14:55:55,666][evaluation.evaluator][INFO] - artifacts ready run=/fssmall/home/h61084/codes/tsfm/outputs_selena/covariates/time-coastal_t_s_h_part08/168_24/chronos2/identity/instance/keep/run_0 mse=0.466493 nmse=0.0065975 inference_seconds=0.197
2026-08-27 14:55:56 | configuration dataset=time/coastal_t_s_h_part08 L=168 H=24 model=ts_icl covariates=none instance_norm=true remove_constant=false seed=1 batch_size=32
[2026-08-27 14:55:59,474][data.dataset][INFO] - dataset config path=/fssmall/home/h61084/codes/datasets/time/coastal_t_s_h_part08/config.json applied_keys=['date_col', 'drop_users', 'target_cols']
[2026-08-27 14:55:59,495][evaluation.evaluator][INFO] - evaluate dataset=time/coastal_t_s_h_part08 users=3 dates=5493 windows=33 removed_constant=0 L=168 H=24 stride=512
[2026-08-27 14:56:01,627][evaluation.evaluator][INFO] - artifacts ready run=/fssmall/home/h61084/codes/tsfm/outputs_selena/covariates/time-coastal_t_s_h_part08/168_24/ts_icl/none/instance/keep/run_0 mse=89.3428 nmse=1.28832 inference_seconds=1.296
2026-08-27 14:56:02 | configuration dataset=time/coastal_t_s_h_part08 L=168 H=24 model=ts_icl covariates=identity instance_norm=true remove_constant=false seed=1 batch_size=32
[2026-08-27 14:56:05,271][data.dataset][INFO] - dataset config path=/fssmall/home/h61084/codes/datasets/time/coastal_t_s_h_part08/config.json applied_keys=['date_col', 'drop_users', 'target_cols']
[2026-08-27 14:56:05,292][evaluation.evaluator][INFO] - evaluate dataset=time/coastal_t_s_h_part08 users=3 dates=5493 windows=33 removed_constant=0 L=168 H=24 stride=512
[2026-08-27 14:56:07,447][evaluation.evaluator][INFO] - artifacts ready run=/fssmall/home/h61084/codes/tsfm/outputs_selena/covariates/time-coastal_t_s_h_part08/168_24/ts_icl/identity/instance/keep/run_0 mse=0.0250294 nmse=0.00333255 inference_seconds=1.318
2026-08-27 14:56:08 | configuration dataset=time/coastal_t_s_h_part08 L=336 H=48 model=chronos2 covariates=none instance_norm=true remove_constant=false seed=1 batch_size=64
[2026-08-27 14:56:11,090][data.dataset][INFO] - dataset config path=/fssmall/home/h61084/codes/datasets/time/coastal_t_s_h_part08/config.json applied_keys=['date_col', 'drop_users', 'target_cols']
[2026-08-27 14:56:11,112][evaluation.evaluator][INFO] - evaluate dataset=time/coastal_t_s_h_part08 users=3 dates=5493 windows=30 removed_constant=0 L=336 H=48 stride=512
[2026-08-27 14:56:16,721][evaluation.evaluator][INFO] - artifacts ready run=/fssmall/home/h61084/codes/tsfm/outputs_selena/covariates/time-coastal_t_s_h_part08/336_48/chronos2/none/instance/keep/run_0 mse=98.9288 nmse=1.98306 inference_seconds=0.194
2026-08-27 14:56:18 | configuration dataset=time/coastal_t_s_h_part08 L=336 H=48 model=chronos2 covariates=identity instance_norm=true remove_constant=false seed=1 batch_size=64
[2026-08-27 14:56:20,586][data.dataset][INFO] - dataset config path=/fssmall/home/h61084/codes/datasets/time/coastal_t_s_h_part08/config.json applied_keys=['date_col', 'drop_users', 'target_cols']
[2026-08-27 14:56:20,606][evaluation.evaluator][INFO] - evaluate dataset=time/coastal_t_s_h_part08 users=3 dates=5493 windows=30 removed_constant=0 L=336 H=48 stride=512
[2026-08-27 14:56:26,207][evaluation.evaluator][INFO] - artifacts ready run=/fssmall/home/h61084/codes/tsfm/outputs_selena/covariates/time-coastal_t_s_h_part08/336_48/chronos2/identity/instance/keep/run_0 mse=0.375617 nmse=0.0102918 inference_seconds=0.198
2026-08-27 14:56:27 | configuration dataset=time/coastal_t_s_h_part08 L=336 H=48 model=ts_icl covariates=none instance_norm=true remove_constant=false seed=1 batch_size=32
[2026-08-27 14:56:30,025][data.dataset][INFO] - dataset config path=/fssmall/home/h61084/codes/datasets/time/coastal_t_s_h_part08/config.json applied_keys=['date_col', 'drop_users', 'target_cols']
[2026-08-27 14:56:30,045][evaluation.evaluator][INFO] - evaluate dataset=time/coastal_t_s_h_part08 users=3 dates=5493 windows=30 removed_constant=0 L=336 H=48 stride=512
[2026-08-27 14:56:32,148][evaluation.evaluator][INFO] - artifacts ready run=/fssmall/home/h61084/codes/tsfm/outputs_selena/covariates/time-coastal_t_s_h_part08/336_48/ts_icl/none/instance/keep/run_0 mse=93.6685 nmse=1.89569 inference_seconds=1.275
2026-08-27 14:56:33 | configuration dataset=time/coastal_t_s_h_part08 L=336 H=48 model=ts_icl covariates=identity instance_norm=true remove_constant=false seed=1 batch_size=32
[2026-08-27 14:56:35,841][data.dataset][INFO] - dataset config path=/fssmall/home/h61084/codes/datasets/time/coastal_t_s_h_part08/config.json applied_keys=['date_col', 'drop_users', 'target_cols']
[2026-08-27 14:56:35,862][evaluation.evaluator][INFO] - evaluate dataset=time/coastal_t_s_h_part08 users=3 dates=5493 windows=30 removed_constant=0 L=336 H=48 stride=512
[2026-08-27 14:56:37,990][evaluation.evaluator][INFO] - artifacts ready run=/fssmall/home/h61084/codes/tsfm/outputs_selena/covariates/time-coastal_t_s_h_part08/336_48/ts_icl/identity/instance/keep/run_0 mse=0.00979485 nmse=0.00189799 inference_seconds=1.298
2026-08-27 14:56:39 | configuration dataset=time/coastal_t_s_h_part08 L=504 H=168 model=chronos2 covariates=none instance_norm=true remove_constant=false seed=1 batch_size=64
[2026-08-27 14:56:41,678][data.dataset][INFO] - dataset config path=/fssmall/home/h61084/codes/datasets/time/coastal_t_s_h_part08/config.json applied_keys=['date_col', 'drop_users', 'target_cols']
[2026-08-27 14:56:41,700][evaluation.evaluator][INFO] - evaluate dataset=time/coastal_t_s_h_part08 users=3 dates=5493 windows=30 removed_constant=0 L=504 H=168 stride=512
[2026-08-27 14:56:47,455][evaluation.evaluator][INFO] - artifacts ready run=/fssmall/home/h61084/codes/tsfm/outputs_selena/covariates/time-coastal_t_s_h_part08/504_168/chronos2/none/instance/keep/run_0 mse=96.5956 nmse=1.63775 inference_seconds=0.196
2026-08-27 14:56:48 | configuration dataset=time/coastal_t_s_h_part08 L=504 H=168 model=chronos2 covariates=identity instance_norm=true remove_constant=false seed=1 batch_size=64
[2026-08-27 14:56:51,284][data.dataset][INFO] - dataset config path=/fssmall/home/h61084/codes/datasets/time/coastal_t_s_h_part08/config.json applied_keys=['date_col', 'drop_users', 'target_cols']
[2026-08-27 14:56:51,305][evaluation.evaluator][INFO] - evaluate dataset=time/coastal_t_s_h_part08 users=3 dates=5493 windows=30 removed_constant=0 L=504 H=168 stride=512
[2026-08-27 14:56:56,982][evaluation.evaluator][INFO] - artifacts ready run=/fssmall/home/h61084/codes/tsfm/outputs_selena/covariates/time-coastal_t_s_h_part08/504_168/chronos2/identity/instance/keep/run_0 mse=0.316853 nmse=0.00809467 inference_seconds=0.196
2026-08-27 14:56:58 | configuration dataset=time/coastal_t_s_h_part08 L=504 H=168 model=ts_icl covariates=none instance_norm=true remove_constant=false seed=1 batch_size=32
[2026-08-27 14:57:00,794][data.dataset][INFO] - dataset config path=/fssmall/home/h61084/codes/datasets/time/coastal_t_s_h_part08/config.json applied_keys=['date_col', 'drop_users', 'target_cols']
[2026-08-27 14:57:00,816][evaluation.evaluator][INFO] - evaluate dataset=time/coastal_t_s_h_part08 users=3 dates=5493 windows=30 removed_constant=0 L=504 H=168 stride=512
[2026-08-27 14:57:02,951][evaluation.evaluator][INFO] - artifacts ready run=/fssmall/home/h61084/codes/tsfm/outputs_selena/covariates/time-coastal_t_s_h_part08/504_168/ts_icl/none/instance/keep/run_0 mse=95.731 nmse=1.55324 inference_seconds=1.302
2026-08-27 14:57:04 | configuration dataset=time/coastal_t_s_h_part08 L=504 H=168 model=ts_icl covariates=identity instance_norm=true remove_constant=false seed=1 batch_size=32
[2026-08-27 14:57:06,663][data.dataset][INFO] - dataset config path=/fssmall/home/h61084/codes/datasets/time/coastal_t_s_h_part08/config.json applied_keys=['date_col', 'drop_users', 'target_cols']
[2026-08-27 14:57:06,685][evaluation.evaluator][INFO] - evaluate dataset=time/coastal_t_s_h_part08 users=3 dates=5493 windows=30 removed_constant=0 L=504 H=168 stride=512
[2026-08-27 14:57:08,833][evaluation.evaluator][INFO] - artifacts ready run=/fssmall/home/h61084/codes/tsfm/outputs_selena/covariates/time-coastal_t_s_h_part08/504_168/ts_icl/identity/instance/keep/run_0 mse=0.011795 nmse=0.00256233 inference_seconds=1.319
2026-08-27 14:57:09 | configuration dataset=time/coastal_t_s_h_part09 L=168 H=24 model=chronos2 covariates=none instance_norm=true remove_constant=false seed=1 batch_size=64
[2026-08-27 14:57:12,521][data.dataset][INFO] - dataset config path=/fssmall/home/h61084/codes/datasets/time/coastal_t_s_h_part09/config.json applied_keys=['date_col', 'drop_users', 'target_cols']
[2026-08-27 14:57:12,544][evaluation.evaluator][INFO] - evaluate dataset=time/coastal_t_s_h_part09 users=3 dates=5784 windows=33 removed_constant=0 L=168 H=24 stride=512
[2026-08-27 14:57:18,182][evaluation.evaluator][INFO] - artifacts ready run=/fssmall/home/h61084/codes/tsfm/outputs_selena/covariates/time-coastal_t_s_h_part09/168_24/chronos2/none/instance/keep/run_0 mse=32.8944 nmse=1.27509 inference_seconds=0.193
2026-08-27 14:57:19 | configuration dataset=time/coastal_t_s_h_part09 L=168 H=24 model=chronos2 covariates=identity instance_norm=true remove_constant=false seed=1 batch_size=64
[2026-08-27 14:57:22,003][data.dataset][INFO] - dataset config path=/fssmall/home/h61084/codes/datasets/time/coastal_t_s_h_part09/config.json applied_keys=['date_col', 'drop_users', 'target_cols']
[2026-08-27 14:57:22,025][evaluation.evaluator][INFO] - evaluate dataset=time/coastal_t_s_h_part09 users=3 dates=5784 windows=33 removed_constant=0 L=168 H=24 stride=512
[2026-08-27 14:57:27,672][evaluation.evaluator][INFO] - artifacts ready run=/fssmall/home/h61084/codes/tsfm/outputs_selena/covariates/time-coastal_t_s_h_part09/168_24/chronos2/identity/instance/keep/run_0 mse=0.158722 nmse=0.0128655 inference_seconds=0.197
2026-08-27 14:57:28 | configuration dataset=time/coastal_t_s_h_part09 L=168 H=24 model=ts_icl covariates=none instance_norm=true remove_constant=false seed=1 batch_size=32
[2026-08-27 14:57:31,499][data.dataset][INFO] - dataset config path=/fssmall/home/h61084/codes/datasets/time/coastal_t_s_h_part09/config.json applied_keys=['date_col', 'drop_users', 'target_cols']
[2026-08-27 14:57:31,520][evaluation.evaluator][INFO] - evaluate dataset=time/coastal_t_s_h_part09 users=3 dates=5784 windows=33 removed_constant=0 L=168 H=24 stride=512
[2026-08-27 14:57:33,647][evaluation.evaluator][INFO] - artifacts ready run=/fssmall/home/h61084/codes/tsfm/outputs_selena/covariates/time-coastal_t_s_h_part09/168_24/ts_icl/none/instance/keep/run_0 mse=32.8917 nmse=1.32333 inference_seconds=1.294
2026-08-27 14:57:34 | configuration dataset=time/coastal_t_s_h_part09 L=168 H=24 model=ts_icl covariates=identity instance_norm=true remove_constant=false seed=1 batch_size=32
[2026-08-27 14:57:37,389][data.dataset][INFO] - dataset config path=/fssmall/home/h61084/codes/datasets/time/coastal_t_s_h_part09/config.json applied_keys=['date_col', 'drop_users', 'target_cols']
[2026-08-27 14:57:37,410][evaluation.evaluator][INFO] - evaluate dataset=time/coastal_t_s_h_part09 users=3 dates=5784 windows=33 removed_constant=0 L=168 H=24 stride=512
[2026-08-27 14:57:39,579][evaluation.evaluator][INFO] - artifacts ready run=/fssmall/home/h61084/codes/tsfm/outputs_selena/covariates/time-coastal_t_s_h_part09/168_24/ts_icl/identity/instance/keep/run_0 mse=0.00454143 nmse=0.00116768 inference_seconds=1.334
2026-08-27 14:57:40 | configuration dataset=time/coastal_t_s_h_part09 L=336 H=48 model=chronos2 covariates=none instance_norm=true remove_constant=false seed=1 batch_size=64
[2026-08-27 14:57:43,256][data.dataset][INFO] - dataset config path=/fssmall/home/h61084/codes/datasets/time/coastal_t_s_h_part09/config.json applied_keys=['date_col', 'drop_users', 'target_cols']
[2026-08-27 14:57:43,277][evaluation.evaluator][INFO] - evaluate dataset=time/coastal_t_s_h_part09 users=3 dates=5784 windows=33 removed_constant=0 L=336 H=48 stride=512
[2026-08-27 14:57:48,954][evaluation.evaluator][INFO] - artifacts ready run=/fssmall/home/h61084/codes/tsfm/outputs_selena/covariates/time-coastal_t_s_h_part09/336_48/chronos2/none/instance/keep/run_0 mse=34.6903 nmse=1.29266 inference_seconds=0.192
2026-08-27 14:57:50 | configuration dataset=time/coastal_t_s_h_part09 L=336 H=48 model=chronos2 covariates=identity instance_norm=true remove_constant=false seed=1 batch_size=64
[2026-08-27 14:57:52,821][data.dataset][INFO] - dataset config path=/fssmall/home/h61084/codes/datasets/time/coastal_t_s_h_part09/config.json applied_keys=['date_col', 'drop_users', 'target_cols']
[2026-08-27 14:57:52,841][evaluation.evaluator][INFO] - evaluate dataset=time/coastal_t_s_h_part09 users=3 dates=5784 windows=33 removed_constant=0 L=336 H=48 stride=512
[2026-08-27 14:57:58,472][evaluation.evaluator][INFO] - artifacts ready run=/fssmall/home/h61084/codes/tsfm/outputs_selena/covariates/time-coastal_t_s_h_part09/336_48/chronos2/identity/instance/keep/run_0 mse=0.163346 nmse=0.0089909 inference_seconds=0.200
2026-08-27 14:57:59 | configuration dataset=time/coastal_t_s_h_part09 L=336 H=48 model=ts_icl covariates=none instance_norm=true remove_constant=false seed=1 batch_size=32
[2026-08-27 14:58:02,288][data.dataset][INFO] - dataset config path=/fssmall/home/h61084/codes/datasets/time/coastal_t_s_h_part09/config.json applied_keys=['date_col', 'drop_users', 'target_cols']
[2026-08-27 14:58:02,310][evaluation.evaluator][INFO] - evaluate dataset=time/coastal_t_s_h_part09 users=3 dates=5784 windows=33 removed_constant=0 L=336 H=48 stride=512
[2026-08-27 14:58:04,442][evaluation.evaluator][INFO] - artifacts ready run=/fssmall/home/h61084/codes/tsfm/outputs_selena/covariates/time-coastal_t_s_h_part09/336_48/ts_icl/none/instance/keep/run_0 mse=35.1448 nmse=1.25587 inference_seconds=1.294
2026-08-27 14:58:05 | configuration dataset=time/coastal_t_s_h_part09 L=336 H=48 model=ts_icl covariates=identity instance_norm=true remove_constant=false seed=1 batch_size=32
[2026-08-27 14:58:08,125][data.dataset][INFO] - dataset config path=/fssmall/home/h61084/codes/datasets/time/coastal_t_s_h_part09/config.json applied_keys=['date_col', 'drop_users', 'target_cols']
[2026-08-27 14:58:08,146][evaluation.evaluator][INFO] - evaluate dataset=time/coastal_t_s_h_part09 users=3 dates=5784 windows=33 removed_constant=0 L=336 H=48 stride=512
[2026-08-27 14:58:10,319][evaluation.evaluator][INFO] - artifacts ready run=/fssmall/home/h61084/codes/tsfm/outputs_selena/covariates/time-coastal_t_s_h_part09/336_48/ts_icl/identity/instance/keep/run_0 mse=0.00615789 nmse=0.000339426 inference_seconds=1.325
2026-08-27 14:58:11 | configuration dataset=time/coastal_t_s_h_part09 L=504 H=168 model=chronos2 covariates=none instance_norm=true remove_constant=false seed=1 batch_size=64
[2026-08-27 14:58:14,016][data.dataset][INFO] - dataset config path=/fssmall/home/h61084/codes/datasets/time/coastal_t_s_h_part09/config.json applied_keys=['date_col', 'drop_users', 'target_cols']
[2026-08-27 14:58:14,038][evaluation.evaluator][INFO] - evaluate dataset=time/coastal_t_s_h_part09 users=3 dates=5784 windows=30 removed_constant=0 L=504 H=168 stride=512
[2026-08-27 14:58:19,708][evaluation.evaluator][INFO] - artifacts ready run=/fssmall/home/h61084/codes/tsfm/outputs_selena/covariates/time-coastal_t_s_h_part09/504_168/chronos2/none/instance/keep/run_0 mse=31.6479 nmse=1.38846 inference_seconds=0.195
2026-08-27 14:58:21 | configuration dataset=time/coastal_t_s_h_part09 L=504 H=168 model=chronos2 covariates=identity instance_norm=true remove_constant=false seed=1 batch_size=64
[2026-08-27 14:58:23,580][data.dataset][INFO] - dataset config path=/fssmall/home/h61084/codes/datasets/time/coastal_t_s_h_part09/config.json applied_keys=['date_col', 'drop_users', 'target_cols']
[2026-08-27 14:58:23,601][evaluation.evaluator][INFO] - evaluate dataset=time/coastal_t_s_h_part09 users=3 dates=5784 windows=30 removed_constant=0 L=504 H=168 stride=512
[2026-08-27 14:58:29,270][evaluation.evaluator][INFO] - artifacts ready run=/fssmall/home/h61084/codes/tsfm/outputs_selena/covariates/time-coastal_t_s_h_part09/504_168/chronos2/identity/instance/keep/run_0 mse=0.104775 nmse=0.00561226 inference_seconds=0.199
2026-08-27 14:58:30 | configuration dataset=time/coastal_t_s_h_part09 L=504 H=168 model=ts_icl covariates=none instance_norm=true remove_constant=false seed=1 batch_size=32
[2026-08-27 14:58:33,108][data.dataset][INFO] - dataset config path=/fssmall/home/h61084/codes/datasets/time/coastal_t_s_h_part09/config.json applied_keys=['date_col', 'drop_users', 'target_cols']
[2026-08-27 14:58:33,130][evaluation.evaluator][INFO] - evaluate dataset=time/coastal_t_s_h_part09 users=3 dates=5784 windows=30 removed_constant=0 L=504 H=168 stride=512
[2026-08-27 14:58:35,277][evaluation.evaluator][INFO] - artifacts ready run=/fssmall/home/h61084/codes/tsfm/outputs_selena/covariates/time-coastal_t_s_h_part09/504_168/ts_icl/none/instance/keep/run_0 mse=31.5325 nmse=1.20652 inference_seconds=1.303
2026-08-27 14:58:36 | configuration dataset=time/coastal_t_s_h_part09 L=504 H=168 model=ts_icl covariates=identity instance_norm=true remove_constant=false seed=1 batch_size=32
[2026-08-27 14:58:38,986][data.dataset][INFO] - dataset config path=/fssmall/home/h61084/codes/datasets/time/coastal_t_s_h_part09/config.json applied_keys=['date_col', 'drop_users', 'target_cols']
[2026-08-27 14:58:39,007][evaluation.evaluator][INFO] - evaluate dataset=time/coastal_t_s_h_part09 users=3 dates=5784 windows=30 removed_constant=0 L=504 H=168 stride=512
[2026-08-27 14:58:41,178][evaluation.evaluator][INFO] - artifacts ready run=/fssmall/home/h61084/codes/tsfm/outputs_selena/covariates/time-coastal_t_s_h_part09/504_168/ts_icl/identity/instance/keep/run_0 mse=0.004328 nmse=0.000317259 inference_seconds=1.325
2026-08-27 14:58:42 | configuration dataset=time/coastal_t_s_h_part10 L=168 H=24 model=chronos2 covariates=none instance_norm=true remove_constant=false seed=1 batch_size=64
[2026-08-27 14:58:44,883][data.dataset][INFO] - dataset config path=/fssmall/home/h61084/codes/datasets/time/coastal_t_s_h_part10/config.json applied_keys=['date_col', 'drop_users', 'target_cols']
[2026-08-27 14:58:44,906][evaluation.evaluator][INFO] - evaluate dataset=time/coastal_t_s_h_part10 users=3 dates=5512 windows=33 removed_constant=0 L=168 H=24 stride=512
[2026-08-27 14:58:50,502][evaluation.evaluator][INFO] - artifacts ready run=/fssmall/home/h61084/codes/tsfm/outputs_selena/covariates/time-coastal_t_s_h_part10/168_24/chronos2/none/instance/keep/run_0 mse=10.5698 nmse=1.18537 inference_seconds=0.193
2026-08-27 14:58:51 | configuration dataset=time/coastal_t_s_h_part10 L=168 H=24 model=chronos2 covariates=identity instance_norm=true remove_constant=false seed=1 batch_size=64
[2026-08-27 14:58:54,414][data.dataset][INFO] - dataset config path=/fssmall/home/h61084/codes/datasets/time/coastal_t_s_h_part10/config.json applied_keys=['date_col', 'drop_users', 'target_cols']
[2026-08-27 14:58:54,436][evaluation.evaluator][INFO] - evaluate dataset=time/coastal_t_s_h_part10 users=3 dates=5512 windows=33 removed_constant=0 L=168 H=24 stride=512
[2026-08-27 14:59:00,082][evaluation.evaluator][INFO] - artifacts ready run=/fssmall/home/h61084/codes/tsfm/outputs_selena/covariates/time-coastal_t_s_h_part10/168_24/chronos2/identity/instance/keep/run_0 mse=0.0727423 nmse=0.0105046 inference_seconds=0.195
2026-08-27 14:59:01 | configuration dataset=time/coastal_t_s_h_part10 L=168 H=24 model=ts_icl covariates=none instance_norm=true remove_constant=false seed=1 batch_size=32
[2026-08-27 14:59:03,979][data.dataset][INFO] - dataset config path=/fssmall/home/h61084/codes/datasets/time/coastal_t_s_h_part10/config.json applied_keys=['date_col', 'drop_users', 'target_cols']
[2026-08-27 14:59:04,001][evaluation.evaluator][INFO] - evaluate dataset=time/coastal_t_s_h_part10 users=3 dates=5512 windows=33 removed_constant=0 L=168 H=24 stride=512
[2026-08-27 14:59:06,266][evaluation.evaluator][INFO] - artifacts ready run=/fssmall/home/h61084/codes/tsfm/outputs_selena/covariates/time-coastal_t_s_h_part10/168_24/ts_icl/none/instance/keep/run_0 mse=10.5901 nmse=1.09039 inference_seconds=1.282
2026-08-27 14:59:07 | configuration dataset=time/coastal_t_s_h_part10 L=168 H=24 model=ts_icl covariates=identity instance_norm=true remove_constant=false seed=1 batch_size=32
[2026-08-27 14:59:09,985][data.dataset][INFO] - dataset config path=/fssmall/home/h61084/codes/datasets/time/coastal_t_s_h_part10/config.json applied_keys=['date_col', 'drop_users', 'target_cols']
[2026-08-27 14:59:10,006][evaluation.evaluator][INFO] - evaluate dataset=time/coastal_t_s_h_part10 users=3 dates=5512 windows=33 removed_constant=0 L=168 H=24 stride=512
[2026-08-27 14:59:12,162][evaluation.evaluator][INFO] - artifacts ready run=/fssmall/home/h61084/codes/tsfm/outputs_selena/covariates/time-coastal_t_s_h_part10/168_24/ts_icl/identity/instance/keep/run_0 mse=0.00519713 nmse=0.046276 inference_seconds=1.310
2026-08-27 14:59:13 | configuration dataset=time/coastal_t_s_h_part10 L=336 H=48 model=chronos2 covariates=none instance_norm=true remove_constant=false seed=1 batch_size=64
[2026-08-27 14:59:15,883][data.dataset][INFO] - dataset config path=/fssmall/home/h61084/codes/datasets/time/coastal_t_s_h_part10/config.json applied_keys=['date_col', 'drop_users', 'target_cols']
[2026-08-27 14:59:15,904][evaluation.evaluator][INFO] - evaluate dataset=time/coastal_t_s_h_part10 users=3 dates=5512 windows=33 removed_constant=0 L=336 H=48 stride=512
[2026-08-27 14:59:21,560][evaluation.evaluator][INFO] - artifacts ready run=/fssmall/home/h61084/codes/tsfm/outputs_selena/covariates/time-coastal_t_s_h_part10/336_48/chronos2/none/instance/keep/run_0 mse=9.46929 nmse=0.814786 inference_seconds=0.192
2026-08-27 14:59:22 | configuration dataset=time/coastal_t_s_h_part10 L=336 H=48 model=chronos2 covariates=identity instance_norm=true remove_constant=false seed=1 batch_size=64
[2026-08-27 14:59:25,474][data.dataset][INFO] - dataset config path=/fssmall/home/h61084/codes/datasets/time/coastal_t_s_h_part10/config.json applied_keys=['date_col', 'drop_users', 'target_cols']
[2026-08-27 14:59:25,494][evaluation.evaluator][INFO] - evaluate dataset=time/coastal_t_s_h_part10 users=3 dates=5512 windows=33 removed_constant=0 L=336 H=48 stride=512
[2026-08-27 14:59:31,242][evaluation.evaluator][INFO] - artifacts ready run=/fssmall/home/h61084/codes/tsfm/outputs_selena/covariates/time-coastal_t_s_h_part10/336_48/chronos2/identity/instance/keep/run_0 mse=0.0386938 nmse=0.0115326 inference_seconds=0.199
2026-08-27 14:59:32 | configuration dataset=time/coastal_t_s_h_part10 L=336 H=48 model=ts_icl covariates=none instance_norm=true remove_constant=false seed=1 batch_size=32
[2026-08-27 14:59:35,194][data.dataset][INFO] - dataset config path=/fssmall/home/h61084/codes/datasets/time/coastal_t_s_h_part10/config.json applied_keys=['date_col', 'drop_users', 'target_cols']
[2026-08-27 14:59:35,216][evaluation.evaluator][INFO] - evaluate dataset=time/coastal_t_s_h_part10 users=3 dates=5512 windows=33 removed_constant=0 L=336 H=48 stride=512
[2026-08-27 14:59:37,370][evaluation.evaluator][INFO] - artifacts ready run=/fssmall/home/h61084/codes/tsfm/outputs_selena/covariates/time-coastal_t_s_h_part10/336_48/ts_icl/none/instance/keep/run_0 mse=9.44438 nmse=0.79202 inference_seconds=1.299
2026-08-27 14:59:38 | configuration dataset=time/coastal_t_s_h_part10 L=336 H=48 model=ts_icl covariates=identity instance_norm=true remove_constant=false seed=1 batch_size=32
[2026-08-27 14:59:41,143][data.dataset][INFO] - dataset config path=/fssmall/home/h61084/codes/datasets/time/coastal_t_s_h_part10/config.json applied_keys=['date_col', 'drop_users', 'target_cols']
[2026-08-27 14:59:41,164][evaluation.evaluator][INFO] - evaluate dataset=time/coastal_t_s_h_part10 users=3 dates=5512 windows=33 removed_constant=0 L=336 H=48 stride=512
[2026-08-27 14:59:43,336][evaluation.evaluator][INFO] - artifacts ready run=/fssmall/home/h61084/codes/tsfm/outputs_selena/covariates/time-coastal_t_s_h_part10/336_48/ts_icl/identity/instance/keep/run_0 mse=0.00118908 nmse=0.000530665 inference_seconds=1.324
2026-08-27 14:59:44 | configuration dataset=time/coastal_t_s_h_part10 L=504 H=168 model=chronos2 covariates=none instance_norm=true remove_constant=false seed=1 batch_size=64
[2026-08-27 14:59:47,052][data.dataset][INFO] - dataset config path=/fssmall/home/h61084/codes/datasets/time/coastal_t_s_h_part10/config.json applied_keys=['date_col', 'drop_users', 'target_cols']
[2026-08-27 14:59:47,073][evaluation.evaluator][INFO] - evaluate dataset=time/coastal_t_s_h_part10 users=3 dates=5512 windows=30 removed_constant=0 L=504 H=168 stride=512
[2026-08-27 14:59:52,688][evaluation.evaluator][INFO] - artifacts ready run=/fssmall/home/h61084/codes/tsfm/outputs_selena/covariates/time-coastal_t_s_h_part10/504_168/chronos2/none/instance/keep/run_0 mse=11.6302 nmse=13.8037 inference_seconds=0.194
2026-08-27 14:59:54 | configuration dataset=time/coastal_t_s_h_part10 L=504 H=168 model=chronos2 covariates=identity instance_norm=true remove_constant=false seed=1 batch_size=64
[2026-08-27 14:59:56,592][data.dataset][INFO] - dataset config path=/fssmall/home/h61084/codes/datasets/time/coastal_t_s_h_part10/config.json applied_keys=['date_col', 'drop_users', 'target_cols']
[2026-08-27 14:59:56,613][evaluation.evaluator][INFO] - evaluate dataset=time/coastal_t_s_h_part10 users=3 dates=5512 windows=30 removed_constant=0 L=504 H=168 stride=512
[2026-08-27 15:00:02,267][evaluation.evaluator][INFO] - artifacts ready run=/fssmall/home/h61084/codes/tsfm/outputs_selena/covariates/time-coastal_t_s_h_part10/504_168/chronos2/identity/instance/keep/run_0 mse=0.557641 nmse=2.19464 inference_seconds=0.198
2026-08-27 15:00:03 | configuration dataset=time/coastal_t_s_h_part10 L=504 H=168 model=ts_icl covariates=none instance_norm=true remove_constant=false seed=1 batch_size=32
[2026-08-27 15:00:06,178][data.dataset][INFO] - dataset config path=/fssmall/home/h61084/codes/datasets/time/coastal_t_s_h_part10/config.json applied_keys=['date_col', 'drop_users', 'target_cols']
[2026-08-27 15:00:06,200][evaluation.evaluator][INFO] - evaluate dataset=time/coastal_t_s_h_part10 users=3 dates=5512 windows=30 removed_constant=0 L=504 H=168 stride=512
[2026-08-27 15:00:08,328][evaluation.evaluator][INFO] - artifacts ready run=/fssmall/home/h61084/codes/tsfm/outputs_selena/covariates/time-coastal_t_s_h_part10/504_168/ts_icl/none/instance/keep/run_0 mse=11.5586 nmse=13.5932 inference_seconds=1.298
2026-08-27 15:00:09 | configuration dataset=time/coastal_t_s_h_part10 L=504 H=168 model=ts_icl covariates=identity instance_norm=true remove_constant=false seed=1 batch_size=32
[2026-08-27 15:00:12,169][data.dataset][INFO] - dataset config path=/fssmall/home/h61084/codes/datasets/time/coastal_t_s_h_part10/config.json applied_keys=['date_col', 'drop_users', 'target_cols']
[2026-08-27 15:00:12,190][evaluation.evaluator][INFO] - evaluate dataset=time/coastal_t_s_h_part10 users=3 dates=5512 windows=30 removed_constant=0 L=504 H=168 stride=512
[2026-08-27 15:00:14,357][evaluation.evaluator][INFO] - artifacts ready run=/fssmall/home/h61084/codes/tsfm/outputs_selena/covariates/time-coastal_t_s_h_part10/504_168/ts_icl/identity/instance/keep/run_0 mse=0.407518 nmse=2.11749 inference_seconds=1.318
2026-08-27 15:00:15 | configuration dataset=time/coastal_t_s_h_part11 L=168 H=24 model=chronos2 covariates=none instance_norm=true remove_constant=false seed=1 batch_size=64
[2026-08-27 15:00:18,150][data.dataset][INFO] - dataset config path=/fssmall/home/h61084/codes/datasets/time/coastal_t_s_h_part11/config.json applied_keys=['date_col', 'drop_users', 'target_cols']
[2026-08-27 15:00:18,174][evaluation.evaluator][INFO] - evaluate dataset=time/coastal_t_s_h_part11 users=3 dates=8158 windows=48 removed_constant=0 L=168 H=24 stride=512
[2026-08-27 15:00:23,829][evaluation.evaluator][INFO] - artifacts ready run=/fssmall/home/h61084/codes/tsfm/outputs_selena/covariates/time-coastal_t_s_h_part11/168_24/chronos2/none/instance/keep/run_0 mse=0.0312919 nmse=0.799144 inference_seconds=0.195
2026-08-27 15:00:25 | configuration dataset=time/coastal_t_s_h_part11 L=168 H=24 model=chronos2 covariates=identity instance_norm=true remove_constant=false seed=1 batch_size=64
[2026-08-27 15:00:27,746][data.dataset][INFO] - dataset config path=/fssmall/home/h61084/codes/datasets/time/coastal_t_s_h_part11/config.json applied_keys=['date_col', 'drop_users', 'target_cols']
[2026-08-27 15:00:27,768][evaluation.evaluator][INFO] - evaluate dataset=time/coastal_t_s_h_part11 users=3 dates=8158 windows=48 removed_constant=0 L=168 H=24 stride=512
[2026-08-27 15:00:33,396][evaluation.evaluator][INFO] - artifacts ready run=/fssmall/home/h61084/codes/tsfm/outputs_selena/covariates/time-coastal_t_s_h_part11/168_24/chronos2/identity/instance/keep/run_0 mse=0.000585426 nmse=0.0145169 inference_seconds=0.198
2026-08-27 15:00:34 | configuration dataset=time/coastal_t_s_h_part11 L=168 H=24 model=ts_icl covariates=none instance_norm=true remove_constant=false seed=1 batch_size=32
[2026-08-27 15:00:37,365][data.dataset][INFO] - dataset config path=/fssmall/home/h61084/codes/datasets/time/coastal_t_s_h_part11/config.json applied_keys=['date_col', 'drop_users', 'target_cols']
[2026-08-27 15:00:37,387][evaluation.evaluator][INFO] - evaluate dataset=time/coastal_t_s_h_part11 users=3 dates=8158 windows=48 removed_constant=0 L=168 H=24 stride=512
[2026-08-27 15:00:39,515][evaluation.evaluator][INFO] - artifacts ready run=/fssmall/home/h61084/codes/tsfm/outputs_selena/covariates/time-coastal_t_s_h_part11/168_24/ts_icl/none/instance/keep/run_0 mse=0.0265793 nmse=0.842994 inference_seconds=1.301
2026-08-27 15:00:40 | configuration dataset=time/coastal_t_s_h_part11 L=168 H=24 model=ts_icl covariates=identity instance_norm=true remove_constant=false seed=1 batch_size=32
[2026-08-27 15:00:43,277][data.dataset][INFO] - dataset config path=/fssmall/home/h61084/codes/datasets/time/coastal_t_s_h_part11/config.json applied_keys=['date_col', 'drop_users', 'target_cols']
[2026-08-27 15:00:43,299][evaluation.evaluator][INFO] - evaluate dataset=time/coastal_t_s_h_part11 users=3 dates=8158 windows=48 removed_constant=0 L=168 H=24 stride=512
[2026-08-27 15:00:45,523][evaluation.evaluator][INFO] - artifacts ready run=/fssmall/home/h61084/codes/tsfm/outputs_selena/covariates/time-coastal_t_s_h_part11/168_24/ts_icl/identity/instance/keep/run_0 mse=0.000430823 nmse=0.0158067 inference_seconds=1.371
2026-08-27 15:00:46 | configuration dataset=time/coastal_t_s_h_part11 L=336 H=48 model=chronos2 covariates=none instance_norm=true remove_constant=false seed=1 batch_size=64
[2026-08-27 15:00:49,289][data.dataset][INFO] - dataset config path=/fssmall/home/h61084/codes/datasets/time/coastal_t_s_h_part11/config.json applied_keys=['date_col', 'drop_users', 'target_cols']
[2026-08-27 15:00:49,311][evaluation.evaluator][INFO] - evaluate dataset=time/coastal_t_s_h_part11 users=3 dates=8158 windows=48 removed_constant=0 L=336 H=48 stride=512
[2026-08-27 15:00:54,931][evaluation.evaluator][INFO] - artifacts ready run=/fssmall/home/h61084/codes/tsfm/outputs_selena/covariates/time-coastal_t_s_h_part11/336_48/chronos2/none/instance/keep/run_0 mse=0.0364667 nmse=1.06855 inference_seconds=0.194
2026-08-27 15:00:56 | configuration dataset=time/coastal_t_s_h_part11 L=336 H=48 model=chronos2 covariates=identity instance_norm=true remove_constant=false seed=1 batch_size=64
[2026-08-27 15:00:58,867][data.dataset][INFO] - dataset config path=/fssmall/home/h61084/codes/datasets/time/coastal_t_s_h_part11/config.json applied_keys=['date_col', 'drop_users', 'target_cols']
[2026-08-27 15:00:58,889][evaluation.evaluator][INFO] - evaluate dataset=time/coastal_t_s_h_part11 users=3 dates=8158 windows=48 removed_constant=0 L=336 H=48 stride=512
[2026-08-27 15:01:04,572][evaluation.evaluator][INFO] - artifacts ready run=/fssmall/home/h61084/codes/tsfm/outputs_selena/covariates/time-coastal_t_s_h_part11/336_48/chronos2/identity/instance/keep/run_0 mse=0.000989785 nmse=0.0294063 inference_seconds=0.206
2026-08-27 15:01:05 | configuration dataset=time/coastal_t_s_h_part11 L=336 H=48 model=ts_icl covariates=none instance_norm=true remove_constant=false seed=1 batch_size=32
[2026-08-27 15:01:08,446][data.dataset][INFO] - dataset config path=/fssmall/home/h61084/codes/datasets/time/coastal_t_s_h_part11/config.json applied_keys=['date_col', 'drop_users', 'target_cols']
[2026-08-27 15:01:08,469][evaluation.evaluator][INFO] - evaluate dataset=time/coastal_t_s_h_part11 users=3 dates=8158 windows=48 removed_constant=0 L=336 H=48 stride=512
[2026-08-27 15:01:10,678][evaluation.evaluator][INFO] - artifacts ready run=/fssmall/home/h61084/codes/tsfm/outputs_selena/covariates/time-coastal_t_s_h_part11/336_48/ts_icl/none/instance/keep/run_0 mse=0.0358029 nmse=0.955565 inference_seconds=1.364
2026-08-27 15:01:11 | configuration dataset=time/coastal_t_s_h_part11 L=336 H=48 model=ts_icl covariates=identity instance_norm=true remove_constant=false seed=1 batch_size=32
[2026-08-27 15:01:14,395][data.dataset][INFO] - dataset config path=/fssmall/home/h61084/codes/datasets/time/coastal_t_s_h_part11/config.json applied_keys=['date_col', 'drop_users', 'target_cols']
[2026-08-27 15:01:14,417][evaluation.evaluator][INFO] - evaluate dataset=time/coastal_t_s_h_part11 users=3 dates=8158 windows=48 removed_constant=0 L=336 H=48 stride=512
[2026-08-27 15:01:16,588][evaluation.evaluator][INFO] - artifacts ready run=/fssmall/home/h61084/codes/tsfm/outputs_selena/covariates/time-coastal_t_s_h_part11/336_48/ts_icl/identity/instance/keep/run_0 mse=0.00309147 nmse=0.0720719 inference_seconds=1.338
2026-08-27 15:01:17 | configuration dataset=time/coastal_t_s_h_part11 L=504 H=168 model=chronos2 covariates=none instance_norm=true remove_constant=false seed=1 batch_size=64
[2026-08-27 15:01:20,372][data.dataset][INFO] - dataset config path=/fssmall/home/h61084/codes/datasets/time/coastal_t_s_h_part11/config.json applied_keys=['date_col', 'drop_users', 'target_cols']
[2026-08-27 15:01:20,395][evaluation.evaluator][INFO] - evaluate dataset=time/coastal_t_s_h_part11 users=3 dates=8158 windows=45 removed_constant=0 L=504 H=168 stride=512
[2026-08-27 15:01:26,116][evaluation.evaluator][INFO] - artifacts ready run=/fssmall/home/h61084/codes/tsfm/outputs_selena/covariates/time-coastal_t_s_h_part11/504_168/chronos2/none/instance/keep/run_0 mse=0.121939 nmse=2.01907 inference_seconds=0.195
2026-08-27 15:01:27 | configuration dataset=time/coastal_t_s_h_part11 L=504 H=168 model=chronos2 covariates=identity instance_norm=true remove_constant=false seed=1 batch_size=64
[2026-08-27 15:01:30,012][data.dataset][INFO] - dataset config path=/fssmall/home/h61084/codes/datasets/time/coastal_t_s_h_part11/config.json applied_keys=['date_col', 'drop_users', 'target_cols']
[2026-08-27 15:01:30,035][evaluation.evaluator][INFO] - evaluate dataset=time/coastal_t_s_h_part11 users=3 dates=8158 windows=45 removed_constant=0 L=504 H=168 stride=512
[2026-08-27 15:01:35,727][evaluation.evaluator][INFO] - artifacts ready run=/fssmall/home/h61084/codes/tsfm/outputs_selena/covariates/time-coastal_t_s_h_part11/504_168/chronos2/identity/instance/keep/run_0 mse=0.00126522 nmse=0.0181167 inference_seconds=0.211
2026-08-27 15:01:37 | configuration dataset=time/coastal_t_s_h_part11 L=504 H=168 model=ts_icl covariates=none instance_norm=true remove_constant=false seed=1 batch_size=32
[2026-08-27 15:01:39,632][data.dataset][INFO] - dataset config path=/fssmall/home/h61084/codes/datasets/time/coastal_t_s_h_part11/config.json applied_keys=['date_col', 'drop_users', 'target_cols']
[2026-08-27 15:01:39,655][evaluation.evaluator][INFO] - evaluate dataset=time/coastal_t_s_h_part11 users=3 dates=8158 windows=45 removed_constant=0 L=504 H=168 stride=512
[2026-08-27 15:01:41,858][evaluation.evaluator][INFO] - artifacts ready run=/fssmall/home/h61084/codes/tsfm/outputs_selena/covariates/time-coastal_t_s_h_part11/504_168/ts_icl/none/instance/keep/run_0 mse=0.128429 nmse=1.91365 inference_seconds=1.359
2026-08-27 15:01:43 | configuration dataset=time/coastal_t_s_h_part11 L=504 H=168 model=ts_icl covariates=identity instance_norm=true remove_constant=false seed=1 batch_size=32
[2026-08-27 15:01:45,671][data.dataset][INFO] - dataset config path=/fssmall/home/h61084/codes/datasets/time/coastal_t_s_h_part11/config.json applied_keys=['date_col', 'drop_users', 'target_cols']
[2026-08-27 15:01:45,693][evaluation.evaluator][INFO] - evaluate dataset=time/coastal_t_s_h_part11 users=3 dates=8158 windows=45 removed_constant=0 L=504 H=168 stride=512
[2026-08-27 15:01:47,922][evaluation.evaluator][INFO] - artifacts ready run=/fssmall/home/h61084/codes/tsfm/outputs_selena/covariates/time-coastal_t_s_h_part11/504_168/ts_icl/identity/instance/keep/run_0 mse=0.00604437 nmse=0.123739 inference_seconds=1.370
2026-08-27 15:01:49 | configuration dataset=time/coastal_t_s_h_part12 L=168 H=24 model=chronos2 covariates=none instance_norm=true remove_constant=false seed=1 batch_size=64
[2026-08-27 15:01:51,707][data.dataset][INFO] - dataset config path=/fssmall/home/h61084/codes/datasets/time/coastal_t_s_h_part12/config.json applied_keys=['date_col', 'drop_users', 'target_cols']
[2026-08-27 15:01:51,729][evaluation.evaluator][INFO] - evaluate dataset=time/coastal_t_s_h_part12 users=3 dates=4871 windows=30 removed_constant=0 L=168 H=24 stride=512
[2026-08-27 15:01:57,425][evaluation.evaluator][INFO] - artifacts ready run=/fssmall/home/h61084/codes/tsfm/outputs_selena/covariates/time-coastal_t_s_h_part12/168_24/chronos2/none/instance/keep/run_0 mse=10.1183 nmse=0.457051 inference_seconds=0.193
2026-08-27 15:01:58 | configuration dataset=time/coastal_t_s_h_part12 L=168 H=24 model=chronos2 covariates=identity instance_norm=true remove_constant=false seed=1 batch_size=64
[2026-08-27 15:02:01,347][data.dataset][INFO] - dataset config path=/fssmall/home/h61084/codes/datasets/time/coastal_t_s_h_part12/config.json applied_keys=['date_col', 'drop_users', 'target_cols']
[2026-08-27 15:02:01,367][evaluation.evaluator][INFO] - evaluate dataset=time/coastal_t_s_h_part12 users=3 dates=4871 windows=30 removed_constant=0 L=168 H=24 stride=512
[2026-08-27 15:02:07,068][evaluation.evaluator][INFO] - artifacts ready run=/fssmall/home/h61084/codes/tsfm/outputs_selena/covariates/time-coastal_t_s_h_part12/168_24/chronos2/identity/instance/keep/run_0 mse=0.0842638 nmse=0.0147487 inference_seconds=0.194
2026-08-27 15:02:08 | configuration dataset=time/coastal_t_s_h_part12 L=168 H=24 model=ts_icl covariates=none instance_norm=true remove_constant=false seed=1 batch_size=32
[2026-08-27 15:02:11,075][data.dataset][INFO] - dataset config path=/fssmall/home/h61084/codes/datasets/time/coastal_t_s_h_part12/config.json applied_keys=['date_col', 'drop_users', 'target_cols']
[2026-08-27 15:02:11,097][evaluation.evaluator][INFO] - evaluate dataset=time/coastal_t_s_h_part12 users=3 dates=4871 windows=30 removed_constant=0 L=168 H=24 stride=512
[2026-08-27 15:02:13,195][evaluation.evaluator][INFO] - artifacts ready run=/fssmall/home/h61084/codes/tsfm/outputs_selena/covariates/time-coastal_t_s_h_part12/168_24/ts_icl/none/instance/keep/run_0 mse=10.1591 nmse=0.483554 inference_seconds=1.269
2026-08-27 15:02:14 | configuration dataset=time/coastal_t_s_h_part12 L=168 H=24 model=ts_icl covariates=identity instance_norm=true remove_constant=false seed=1 batch_size=32
[2026-08-27 15:02:17,029][data.dataset][INFO] - dataset config path=/fssmall/home/h61084/codes/datasets/time/coastal_t_s_h_part12/config.json applied_keys=['date_col', 'drop_users', 'target_cols']
[2026-08-27 15:02:17,050][evaluation.evaluator][INFO] - evaluate dataset=time/coastal_t_s_h_part12 users=3 dates=4871 windows=30 removed_constant=0 L=168 H=24 stride=512
[2026-08-27 15:02:19,187][evaluation.evaluator][INFO] - artifacts ready run=/fssmall/home/h61084/codes/tsfm/outputs_selena/covariates/time-coastal_t_s_h_part12/168_24/ts_icl/identity/instance/keep/run_0 mse=0.0397816 nmse=0.00951239 inference_seconds=1.280
2026-08-27 15:02:20 | configuration dataset=time/coastal_t_s_h_part12 L=336 H=48 model=chronos2 covariates=none instance_norm=true remove_constant=false seed=1 batch_size=64
[2026-08-27 15:02:22,947][data.dataset][INFO] - dataset config path=/fssmall/home/h61084/codes/datasets/time/coastal_t_s_h_part12/config.json applied_keys=['date_col', 'drop_users', 'target_cols']
[2026-08-27 15:02:22,970][evaluation.evaluator][INFO] - evaluate dataset=time/coastal_t_s_h_part12 users=3 dates=4871 windows=27 removed_constant=0 L=336 H=48 stride=512
[2026-08-27 15:02:28,709][evaluation.evaluator][INFO] - artifacts ready run=/fssmall/home/h61084/codes/tsfm/outputs_selena/covariates/time-coastal_t_s_h_part12/336_48/chronos2/none/instance/keep/run_0 mse=0.216347 nmse=0.348246 inference_seconds=0.195
2026-08-27 15:02:30 | configuration dataset=time/coastal_t_s_h_part12 L=336 H=48 model=chronos2 covariates=identity instance_norm=true remove_constant=false seed=1 batch_size=64
[2026-08-27 15:02:32,668][data.dataset][INFO] - dataset config path=/fssmall/home/h61084/codes/datasets/time/coastal_t_s_h_part12/config.json applied_keys=['date_col', 'drop_users', 'target_cols']
[2026-08-27 15:02:32,690][evaluation.evaluator][INFO] - evaluate dataset=time/coastal_t_s_h_part12 users=3 dates=4871 windows=27 removed_constant=0 L=336 H=48 stride=512
[2026-08-27 15:02:38,371][evaluation.evaluator][INFO] - artifacts ready run=/fssmall/home/h61084/codes/tsfm/outputs_selena/covariates/time-coastal_t_s_h_part12/336_48/chronos2/identity/instance/keep/run_0 mse=0.0183123 nmse=0.0102667 inference_seconds=0.196
2026-08-27 15:02:39 | configuration dataset=time/coastal_t_s_h_part12 L=336 H=48 model=ts_icl covariates=none instance_norm=true remove_constant=false seed=1 batch_size=32
[2026-08-27 15:02:42,364][data.dataset][INFO] - dataset config path=/fssmall/home/h61084/codes/datasets/time/coastal_t_s_h_part12/config.json applied_keys=['date_col', 'drop_users', 'target_cols']
[2026-08-27 15:02:42,385][evaluation.evaluator][INFO] - evaluate dataset=time/coastal_t_s_h_part12 users=3 dates=4871 windows=27 removed_constant=0 L=336 H=48 stride=512
[2026-08-27 15:02:44,492][evaluation.evaluator][INFO] - artifacts ready run=/fssmall/home/h61084/codes/tsfm/outputs_selena/covariates/time-coastal_t_s_h_part12/336_48/ts_icl/none/instance/keep/run_0 mse=0.310765 nmse=0.395011 inference_seconds=1.287
2026-08-27 15:02:45 | configuration dataset=time/coastal_t_s_h_part12 L=336 H=48 model=ts_icl covariates=identity instance_norm=true remove_constant=false seed=1 batch_size=32
[2026-08-27 15:02:48,267][data.dataset][INFO] - dataset config path=/fssmall/home/h61084/codes/datasets/time/coastal_t_s_h_part12/config.json applied_keys=['date_col', 'drop_users', 'target_cols']
[2026-08-27 15:02:48,288][evaluation.evaluator][INFO] - evaluate dataset=time/coastal_t_s_h_part12 users=3 dates=4871 windows=27 removed_constant=0 L=336 H=48 stride=512
[2026-08-27 15:02:50,430][evaluation.evaluator][INFO] - artifacts ready run=/fssmall/home/h61084/codes/tsfm/outputs_selena/covariates/time-coastal_t_s_h_part12/336_48/ts_icl/identity/instance/keep/run_0 mse=0.0541456 nmse=0.00078075 inference_seconds=1.302
2026-08-27 15:02:51 | configuration dataset=time/coastal_t_s_h_part12 L=504 H=168 model=chronos2 covariates=none instance_norm=true remove_constant=false seed=1 batch_size=64
[2026-08-27 15:02:54,207][data.dataset][INFO] - dataset config path=/fssmall/home/h61084/codes/datasets/time/coastal_t_s_h_part12/config.json applied_keys=['date_col', 'drop_users', 'target_cols']
[2026-08-27 15:02:54,230][evaluation.evaluator][INFO] - evaluate dataset=time/coastal_t_s_h_part12 users=3 dates=4871 windows=27 removed_constant=0 L=504 H=168 stride=512
[2026-08-27 15:02:59,872][evaluation.evaluator][INFO] - artifacts ready run=/fssmall/home/h61084/codes/tsfm/outputs_selena/covariates/time-coastal_t_s_h_part12/504_168/chronos2/none/instance/keep/run_0 mse=111.233 nmse=1.93668 inference_seconds=0.193
2026-08-27 15:03:01 | configuration dataset=time/coastal_t_s_h_part12 L=504 H=168 model=chronos2 covariates=identity instance_norm=true remove_constant=false seed=1 batch_size=64
[2026-08-27 15:03:03,876][data.dataset][INFO] - dataset config path=/fssmall/home/h61084/codes/datasets/time/coastal_t_s_h_part12/config.json applied_keys=['date_col', 'drop_users', 'target_cols']
[2026-08-27 15:03:03,897][evaluation.evaluator][INFO] - evaluate dataset=time/coastal_t_s_h_part12 users=3 dates=4871 windows=27 removed_constant=0 L=504 H=168 stride=512
[2026-08-27 15:03:09,581][evaluation.evaluator][INFO] - artifacts ready run=/fssmall/home/h61084/codes/tsfm/outputs_selena/covariates/time-coastal_t_s_h_part12/504_168/chronos2/identity/instance/keep/run_0 mse=2.47206 nmse=0.0291304 inference_seconds=0.199
2026-08-27 15:03:11 | configuration dataset=time/coastal_t_s_h_part12 L=504 H=168 model=ts_icl covariates=none instance_norm=true remove_constant=false seed=1 batch_size=32
[2026-08-27 15:03:13,557][data.dataset][INFO] - dataset config path=/fssmall/home/h61084/codes/datasets/time/coastal_t_s_h_part12/config.json applied_keys=['date_col', 'drop_users', 'target_cols']
[2026-08-27 15:03:13,578][evaluation.evaluator][INFO] - evaluate dataset=time/coastal_t_s_h_part12 users=3 dates=4871 windows=27 removed_constant=0 L=504 H=168 stride=512
[2026-08-27 15:03:15,699][evaluation.evaluator][INFO] - artifacts ready run=/fssmall/home/h61084/codes/tsfm/outputs_selena/covariates/time-coastal_t_s_h_part12/504_168/ts_icl/none/instance/keep/run_0 mse=110.993 nmse=2.08792 inference_seconds=1.291
2026-08-27 15:03:16 | configuration dataset=time/coastal_t_s_h_part12 L=504 H=168 model=ts_icl covariates=identity instance_norm=true remove_constant=false seed=1 batch_size=32
[2026-08-27 15:03:19,472][data.dataset][INFO] - dataset config path=/fssmall/home/h61084/codes/datasets/time/coastal_t_s_h_part12/config.json applied_keys=['date_col', 'drop_users', 'target_cols']
[2026-08-27 15:03:19,493][evaluation.evaluator][INFO] - evaluate dataset=time/coastal_t_s_h_part12 users=3 dates=4871 windows=27 removed_constant=0 L=504 H=168 stride=512
[2026-08-27 15:03:21,658][evaluation.evaluator][INFO] - artifacts ready run=/fssmall/home/h61084/codes/tsfm/outputs_selena/covariates/time-coastal_t_s_h_part12/504_168/ts_icl/identity/instance/keep/run_0 mse=8.7028 nmse=0.163626 inference_seconds=1.325
2026-08-27 15:03:22 | configuration dataset=time/coastal_t_s_h_part13 L=168 H=24 model=chronos2 covariates=none instance_norm=true remove_constant=false seed=1 batch_size=64
[2026-08-27 15:03:25,405][data.dataset][INFO] - dataset config path=/fssmall/home/h61084/codes/datasets/time/coastal_t_s_h_part13/config.json applied_keys=['date_col', 'drop_users', 'target_cols']
[2026-08-27 15:03:25,428][evaluation.evaluator][INFO] - evaluate dataset=time/coastal_t_s_h_part13 users=3 dates=4848 windows=30 removed_constant=0 L=168 H=24 stride=512
[2026-08-27 15:03:31,028][evaluation.evaluator][INFO] - artifacts ready run=/fssmall/home/h61084/codes/tsfm/outputs_selena/covariates/time-coastal_t_s_h_part13/168_24/chronos2/none/instance/keep/run_0 mse=16.5826 nmse=0.295273 inference_seconds=0.193
2026-08-27 15:03:32 | configuration dataset=time/coastal_t_s_h_part13 L=168 H=24 model=chronos2 covariates=identity instance_norm=true remove_constant=false seed=1 batch_size=64
[2026-08-27 15:03:34,985][data.dataset][INFO] - dataset config path=/fssmall/home/h61084/codes/datasets/time/coastal_t_s_h_part13/config.json applied_keys=['date_col', 'drop_users', 'target_cols']
[2026-08-27 15:03:35,005][evaluation.evaluator][INFO] - evaluate dataset=time/coastal_t_s_h_part13 users=3 dates=4848 windows=30 removed_constant=0 L=168 H=24 stride=512
[2026-08-27 15:03:40,753][evaluation.evaluator][INFO] - artifacts ready run=/fssmall/home/h61084/codes/tsfm/outputs_selena/covariates/time-coastal_t_s_h_part13/168_24/chronos2/identity/instance/keep/run_0 mse=0.194588 nmse=0.0187915 inference_seconds=0.195
2026-08-27 15:03:42 | configuration dataset=time/coastal_t_s_h_part13 L=168 H=24 model=ts_icl covariates=none instance_norm=true remove_constant=false seed=1 batch_size=32
[2026-08-27 15:03:44,681][data.dataset][INFO] - dataset config path=/fssmall/home/h61084/codes/datasets/time/coastal_t_s_h_part13/config.json applied_keys=['date_col', 'drop_users', 'target_cols']
[2026-08-27 15:03:44,702][evaluation.evaluator][INFO] - evaluate dataset=time/coastal_t_s_h_part13 users=3 dates=4848 windows=30 removed_constant=0 L=168 H=24 stride=512
[2026-08-27 15:03:46,792][evaluation.evaluator][INFO] - artifacts ready run=/fssmall/home/h61084/codes/tsfm/outputs_selena/covariates/time-coastal_t_s_h_part13/168_24/ts_icl/none/instance/keep/run_0 mse=17.3116 nmse=0.329625 inference_seconds=1.267
2026-08-27 15:03:48 | configuration dataset=time/coastal_t_s_h_part13 L=168 H=24 model=ts_icl covariates=identity instance_norm=true remove_constant=false seed=1 batch_size=32
[2026-08-27 15:03:50,575][data.dataset][INFO] - dataset config path=/fssmall/home/h61084/codes/datasets/time/coastal_t_s_h_part13/config.json applied_keys=['date_col', 'drop_users', 'target_cols']
[2026-08-27 15:03:50,597][evaluation.evaluator][INFO] - evaluate dataset=time/coastal_t_s_h_part13 users=3 dates=4848 windows=30 removed_constant=0 L=168 H=24 stride=512
[2026-08-27 15:03:52,730][evaluation.evaluator][INFO] - artifacts ready run=/fssmall/home/h61084/codes/tsfm/outputs_selena/covariates/time-coastal_t_s_h_part13/168_24/ts_icl/identity/instance/keep/run_0 mse=0.0023548 nmse=0.000194525 inference_seconds=1.280
2026-08-27 15:03:54 | configuration dataset=time/coastal_t_s_h_part13 L=336 H=48 model=chronos2 covariates=none instance_norm=true remove_constant=false seed=1 batch_size=64
[2026-08-27 15:03:56,588][data.dataset][INFO] - dataset config path=/fssmall/home/h61084/codes/datasets/time/coastal_t_s_h_part13/config.json applied_keys=['date_col', 'drop_users', 'target_cols']
[2026-08-27 15:03:56,609][evaluation.evaluator][INFO] - evaluate dataset=time/coastal_t_s_h_part13 users=3 dates=4848 windows=27 removed_constant=0 L=336 H=48 stride=512
[2026-08-27 15:04:02,320][evaluation.evaluator][INFO] - artifacts ready run=/fssmall/home/h61084/codes/tsfm/outputs_selena/covariates/time-coastal_t_s_h_part13/336_48/chronos2/none/instance/keep/run_0 mse=0.545136 nmse=0.309421 inference_seconds=0.195
2026-08-27 15:04:03 | configuration dataset=time/coastal_t_s_h_part13 L=336 H=48 model=chronos2 covariates=identity instance_norm=true remove_constant=false seed=1 batch_size=64
[2026-08-27 15:04:06,302][data.dataset][INFO] - dataset config path=/fssmall/home/h61084/codes/datasets/time/coastal_t_s_h_part13/config.json applied_keys=['date_col', 'drop_users', 'target_cols']
[2026-08-27 15:04:06,323][evaluation.evaluator][INFO] - evaluate dataset=time/coastal_t_s_h_part13 users=3 dates=4848 windows=27 removed_constant=0 L=336 H=48 stride=512
[2026-08-27 15:04:11,992][evaluation.evaluator][INFO] - artifacts ready run=/fssmall/home/h61084/codes/tsfm/outputs_selena/covariates/time-coastal_t_s_h_part13/336_48/chronos2/identity/instance/keep/run_0 mse=0.0990729 nmse=0.0162019 inference_seconds=0.195
2026-08-27 15:04:13 | configuration dataset=time/coastal_t_s_h_part13 L=336 H=48 model=ts_icl covariates=none instance_norm=true remove_constant=false seed=1 batch_size=32
[2026-08-27 15:04:15,993][data.dataset][INFO] - dataset config path=/fssmall/home/h61084/codes/datasets/time/coastal_t_s_h_part13/config.json applied_keys=['date_col', 'drop_users', 'target_cols']
[2026-08-27 15:04:16,014][evaluation.evaluator][INFO] - evaluate dataset=time/coastal_t_s_h_part13 users=3 dates=4848 windows=27 removed_constant=0 L=336 H=48 stride=512
[2026-08-27 15:04:18,122][evaluation.evaluator][INFO] - artifacts ready run=/fssmall/home/h61084/codes/tsfm/outputs_selena/covariates/time-coastal_t_s_h_part13/336_48/ts_icl/none/instance/keep/run_0 mse=1.68314 nmse=0.360716 inference_seconds=1.276
2026-08-27 15:04:19 | configuration dataset=time/coastal_t_s_h_part13 L=336 H=48 model=ts_icl covariates=identity instance_norm=true remove_constant=false seed=1 batch_size=32
[2026-08-27 15:04:21,940][data.dataset][INFO] - dataset config path=/fssmall/home/h61084/codes/datasets/time/coastal_t_s_h_part13/config.json applied_keys=['date_col', 'drop_users', 'target_cols']
[2026-08-27 15:04:21,961][evaluation.evaluator][INFO] - evaluate dataset=time/coastal_t_s_h_part13 users=3 dates=4848 windows=27 removed_constant=0 L=336 H=48 stride=512
[2026-08-27 15:04:24,100][evaluation.evaluator][INFO] - artifacts ready run=/fssmall/home/h61084/codes/tsfm/outputs_selena/covariates/time-coastal_t_s_h_part13/336_48/ts_icl/identity/instance/keep/run_0 mse=0.0160464 nmse=0.000183023 inference_seconds=1.293
2026-08-27 15:04:25 | configuration dataset=time/coastal_t_s_h_part13 L=504 H=168 model=chronos2 covariates=none instance_norm=true remove_constant=false seed=1 batch_size=64
[2026-08-27 15:04:27,923][data.dataset][INFO] - dataset config path=/fssmall/home/h61084/codes/datasets/time/coastal_t_s_h_part13/config.json applied_keys=['date_col', 'drop_users', 'target_cols']
[2026-08-27 15:04:27,945][evaluation.evaluator][INFO] - evaluate dataset=time/coastal_t_s_h_part13 users=3 dates=4848 windows=27 removed_constant=0 L=504 H=168 stride=512
[2026-08-27 15:04:33,600][evaluation.evaluator][INFO] - artifacts ready run=/fssmall/home/h61084/codes/tsfm/outputs_selena/covariates/time-coastal_t_s_h_part13/504_168/chronos2/none/instance/keep/run_0 mse=1.26186 nmse=0.681391 inference_seconds=0.194
2026-08-27 15:04:35 | configuration dataset=time/coastal_t_s_h_part13 L=504 H=168 model=chronos2 covariates=identity instance_norm=true remove_constant=false seed=1 batch_size=64
[2026-08-27 15:04:37,690][data.dataset][INFO] - dataset config path=/fssmall/home/h61084/codes/datasets/time/coastal_t_s_h_part13/config.json applied_keys=['date_col', 'drop_users', 'target_cols']
[2026-08-27 15:04:37,711][evaluation.evaluator][INFO] - evaluate dataset=time/coastal_t_s_h_part13 users=3 dates=4848 windows=27 removed_constant=0 L=504 H=168 stride=512
[2026-08-27 15:04:43,421][evaluation.evaluator][INFO] - artifacts ready run=/fssmall/home/h61084/codes/tsfm/outputs_selena/covariates/time-coastal_t_s_h_part13/504_168/chronos2/identity/instance/keep/run_0 mse=0.0858381 nmse=0.0357938 inference_seconds=0.197
2026-08-27 15:04:44 | configuration dataset=time/coastal_t_s_h_part13 L=504 H=168 model=ts_icl covariates=none instance_norm=true remove_constant=false seed=1 batch_size=32
[2026-08-27 15:04:47,401][data.dataset][INFO] - dataset config path=/fssmall/home/h61084/codes/datasets/time/coastal_t_s_h_part13/config.json applied_keys=['date_col', 'drop_users', 'target_cols']
[2026-08-27 15:04:47,422][evaluation.evaluator][INFO] - evaluate dataset=time/coastal_t_s_h_part13 users=3 dates=4848 windows=27 removed_constant=0 L=504 H=168 stride=512
[2026-08-27 15:04:49,544][evaluation.evaluator][INFO] - artifacts ready run=/fssmall/home/h61084/codes/tsfm/outputs_selena/covariates/time-coastal_t_s_h_part13/504_168/ts_icl/none/instance/keep/run_0 mse=1.43816 nmse=0.704648 inference_seconds=1.289
2026-08-27 15:04:50 | configuration dataset=time/coastal_t_s_h_part13 L=504 H=168 model=ts_icl covariates=identity instance_norm=true remove_constant=false seed=1 batch_size=32
[2026-08-27 15:04:53,406][data.dataset][INFO] - dataset config path=/fssmall/home/h61084/codes/datasets/time/coastal_t_s_h_part13/config.json applied_keys=['date_col', 'drop_users', 'target_cols']
[2026-08-27 15:04:53,427][evaluation.evaluator][INFO] - evaluate dataset=time/coastal_t_s_h_part13 users=3 dates=4848 windows=27 removed_constant=0 L=504 H=168 stride=512
[2026-08-27 15:04:55,581][evaluation.evaluator][INFO] - artifacts ready run=/fssmall/home/h61084/codes/tsfm/outputs_selena/covariates/time-coastal_t_s_h_part13/504_168/ts_icl/identity/instance/keep/run_0 mse=0.00455783 nmse=0.00916837 inference_seconds=1.324
2026-08-27 15:04:56 | configuration dataset=time/coastal_t_s_h_part14 L=168 H=24 model=chronos2 covariates=none instance_norm=true remove_constant=false seed=1 batch_size=64
[2026-08-27 15:04:59,419][data.dataset][INFO] - dataset config path=/fssmall/home/h61084/codes/datasets/time/coastal_t_s_h_part14/config.json applied_keys=['date_col', 'drop_users', 'target_cols']
[2026-08-27 15:04:59,440][evaluation.evaluator][INFO] - evaluate dataset=time/coastal_t_s_h_part14 users=3 dates=4829 windows=30 removed_constant=0 L=168 H=24 stride=512
[2026-08-27 15:05:05,142][evaluation.evaluator][INFO] - artifacts ready run=/fssmall/home/h61084/codes/tsfm/outputs_selena/covariates/time-coastal_t_s_h_part14/168_24/chronos2/none/instance/keep/run_0 mse=9.03122 nmse=0.995471 inference_seconds=0.194
2026-08-27 15:05:06 | configuration dataset=time/coastal_t_s_h_part14 L=168 H=24 model=chronos2 covariates=identity instance_norm=true remove_constant=false seed=1 batch_size=64
[2026-08-27 15:05:09,207][data.dataset][INFO] - dataset config path=/fssmall/home/h61084/codes/datasets/time/coastal_t_s_h_part14/config.json applied_keys=['date_col', 'drop_users', 'target_cols']
[2026-08-27 15:05:09,228][evaluation.evaluator][INFO] - evaluate dataset=time/coastal_t_s_h_part14 users=3 dates=4829 windows=30 removed_constant=0 L=168 H=24 stride=512
[2026-08-27 15:05:14,833][evaluation.evaluator][INFO] - artifacts ready run=/fssmall/home/h61084/codes/tsfm/outputs_selena/covariates/time-coastal_t_s_h_part14/168_24/chronos2/identity/instance/keep/run_0 mse=0.0324054 nmse=0.00983918 inference_seconds=0.195
2026-08-27 15:05:16 | configuration dataset=time/coastal_t_s_h_part14 L=168 H=24 model=ts_icl covariates=none instance_norm=true remove_constant=false seed=1 batch_size=32
[2026-08-27 15:05:18,868][data.dataset][INFO] - dataset config path=/fssmall/home/h61084/codes/datasets/time/coastal_t_s_h_part14/config.json applied_keys=['date_col', 'drop_users', 'target_cols']
[2026-08-27 15:05:18,889][evaluation.evaluator][INFO] - evaluate dataset=time/coastal_t_s_h_part14 users=3 dates=4829 windows=30 removed_constant=0 L=168 H=24 stride=512
[2026-08-27 15:05:21,038][evaluation.evaluator][INFO] - artifacts ready run=/fssmall/home/h61084/codes/tsfm/outputs_selena/covariates/time-coastal_t_s_h_part14/168_24/ts_icl/none/instance/keep/run_0 mse=9.2449 nmse=1.1292 inference_seconds=1.310
2026-08-27 15:05:22 | configuration dataset=time/coastal_t_s_h_part14 L=168 H=24 model=ts_icl covariates=identity instance_norm=true remove_constant=false seed=1 batch_size=32
[2026-08-27 15:05:24,879][data.dataset][INFO] - dataset config path=/fssmall/home/h61084/codes/datasets/time/coastal_t_s_h_part14/config.json applied_keys=['date_col', 'drop_users', 'target_cols']
[2026-08-27 15:05:24,900][evaluation.evaluator][INFO] - evaluate dataset=time/coastal_t_s_h_part14 users=3 dates=4829 windows=30 removed_constant=0 L=168 H=24 stride=512
[2026-08-27 15:05:27,009][evaluation.evaluator][INFO] - artifacts ready run=/fssmall/home/h61084/codes/tsfm/outputs_selena/covariates/time-coastal_t_s_h_part14/168_24/ts_icl/identity/instance/keep/run_0 mse=0.000936661 nmse=0.00385311 inference_seconds=1.280
2026-08-27 15:05:28 | configuration dataset=time/coastal_t_s_h_part14 L=336 H=48 model=chronos2 covariates=none instance_norm=true remove_constant=false seed=1 batch_size=64
[2026-08-27 15:05:30,827][data.dataset][INFO] - dataset config path=/fssmall/home/h61084/codes/datasets/time/coastal_t_s_h_part14/config.json applied_keys=['date_col', 'drop_users', 'target_cols']
[2026-08-27 15:05:30,848][evaluation.evaluator][INFO] - evaluate dataset=time/coastal_t_s_h_part14 users=3 dates=4829 windows=27 removed_constant=0 L=336 H=48 stride=512
[2026-08-27 15:05:36,581][evaluation.evaluator][INFO] - artifacts ready run=/fssmall/home/h61084/codes/tsfm/outputs_selena/covariates/time-coastal_t_s_h_part14/336_48/chronos2/none/instance/keep/run_0 mse=611.927 nmse=2412.19 inference_seconds=0.195
2026-08-27 15:05:38 | configuration dataset=time/coastal_t_s_h_part14 L=336 H=48 model=chronos2 covariates=identity instance_norm=true remove_constant=false seed=1 batch_size=64
[2026-08-27 15:05:40,630][data.dataset][INFO] - dataset config path=/fssmall/home/h61084/codes/datasets/time/coastal_t_s_h_part14/config.json applied_keys=['date_col', 'drop_users', 'target_cols']
[2026-08-27 15:05:40,650][evaluation.evaluator][INFO] - evaluate dataset=time/coastal_t_s_h_part14 users=3 dates=4829 windows=27 removed_constant=0 L=336 H=48 stride=512
[2026-08-27 15:05:46,365][evaluation.evaluator][INFO] - artifacts ready run=/fssmall/home/h61084/codes/tsfm/outputs_selena/covariates/time-coastal_t_s_h_part14/336_48/chronos2/identity/instance/keep/run_0 mse=505.041 nmse=1849.37 inference_seconds=0.191
2026-08-27 15:05:47 | configuration dataset=time/coastal_t_s_h_part14 L=336 H=48 model=ts_icl covariates=none instance_norm=true remove_constant=false seed=1 batch_size=32
[2026-08-27 15:05:50,354][data.dataset][INFO] - dataset config path=/fssmall/home/h61084/codes/datasets/time/coastal_t_s_h_part14/config.json applied_keys=['date_col', 'drop_users', 'target_cols']
[2026-08-27 15:05:50,375][evaluation.evaluator][INFO] - evaluate dataset=time/coastal_t_s_h_part14 users=3 dates=4829 windows=27 removed_constant=0 L=336 H=48 stride=512
[2026-08-27 15:05:52,483][evaluation.evaluator][INFO] - artifacts ready run=/fssmall/home/h61084/codes/tsfm/outputs_selena/covariates/time-coastal_t_s_h_part14/336_48/ts_icl/none/instance/keep/run_0 mse=611.59 nmse=2410.79 inference_seconds=1.285
2026-08-27 15:05:53 | configuration dataset=time/coastal_t_s_h_part14 L=336 H=48 model=ts_icl covariates=identity instance_norm=true remove_constant=false seed=1 batch_size=32
[2026-08-27 15:05:56,367][data.dataset][INFO] - dataset config path=/fssmall/home/h61084/codes/datasets/time/coastal_t_s_h_part14/config.json applied_keys=['date_col', 'drop_users', 'target_cols']
[2026-08-27 15:05:56,388][evaluation.evaluator][INFO] - evaluate dataset=time/coastal_t_s_h_part14 users=3 dates=4829 windows=27 removed_constant=0 L=336 H=48 stride=512
[2026-08-27 15:05:58,573][evaluation.evaluator][INFO] - artifacts ready run=/fssmall/home/h61084/codes/tsfm/outputs_selena/covariates/time-coastal_t_s_h_part14/336_48/ts_icl/identity/instance/keep/run_0 mse=611.502 nmse=2403.84 inference_seconds=1.347
2026-08-27 15:05:59 | configuration dataset=time/coastal_t_s_h_part14 L=504 H=168 model=chronos2 covariates=none instance_norm=true remove_constant=false seed=1 batch_size=64
[2026-08-27 15:06:02,406][data.dataset][INFO] - dataset config path=/fssmall/home/h61084/codes/datasets/time/coastal_t_s_h_part14/config.json applied_keys=['date_col', 'drop_users', 'target_cols']
[2026-08-27 15:06:02,427][evaluation.evaluator][INFO] - evaluate dataset=time/coastal_t_s_h_part14 users=3 dates=4829 windows=27 removed_constant=0 L=504 H=168 stride=512
[2026-08-27 15:06:08,064][evaluation.evaluator][INFO] - artifacts ready run=/fssmall/home/h61084/codes/tsfm/outputs_selena/covariates/time-coastal_t_s_h_part14/504_168/chronos2/none/instance/keep/run_0 mse=1.29184 nmse=1.76529 inference_seconds=0.196
2026-08-27 15:06:09 | configuration dataset=time/coastal_t_s_h_part14 L=504 H=168 model=chronos2 covariates=identity instance_norm=true remove_constant=false seed=1 batch_size=64
[2026-08-27 15:06:12,068][data.dataset][INFO] - dataset config path=/fssmall/home/h61084/codes/datasets/time/coastal_t_s_h_part14/config.json applied_keys=['date_col', 'drop_users', 'target_cols']
[2026-08-27 15:06:12,088][evaluation.evaluator][INFO] - evaluate dataset=time/coastal_t_s_h_part14 users=3 dates=4829 windows=27 removed_constant=0 L=504 H=168 stride=512
[2026-08-27 15:06:17,742][evaluation.evaluator][INFO] - artifacts ready run=/fssmall/home/h61084/codes/tsfm/outputs_selena/covariates/time-coastal_t_s_h_part14/504_168/chronos2/identity/instance/keep/run_0 mse=0.0841704 nmse=0.0268575 inference_seconds=0.201
2026-08-27 15:06:19 | configuration dataset=time/coastal_t_s_h_part14 L=504 H=168 model=ts_icl covariates=none instance_norm=true remove_constant=false seed=1 batch_size=32
[2026-08-27 15:06:21,762][data.dataset][INFO] - dataset config path=/fssmall/home/h61084/codes/datasets/time/coastal_t_s_h_part14/config.json applied_keys=['date_col', 'drop_users', 'target_cols']
[2026-08-27 15:06:21,783][evaluation.evaluator][INFO] - evaluate dataset=time/coastal_t_s_h_part14 users=3 dates=4829 windows=27 removed_constant=0 L=504 H=168 stride=512
[2026-08-27 15:06:23,919][evaluation.evaluator][INFO] - artifacts ready run=/fssmall/home/h61084/codes/tsfm/outputs_selena/covariates/time-coastal_t_s_h_part14/504_168/ts_icl/none/instance/keep/run_0 mse=1.10184 nmse=1.54117 inference_seconds=1.297
2026-08-27 15:06:25 | configuration dataset=time/coastal_t_s_h_part14 L=504 H=168 model=ts_icl covariates=identity instance_norm=true remove_constant=false seed=1 batch_size=32
[2026-08-27 15:06:27,967][data.dataset][INFO] - dataset config path=/fssmall/home/h61084/codes/datasets/time/coastal_t_s_h_part14/config.json applied_keys=['date_col', 'drop_users', 'target_cols']
[2026-08-27 15:06:27,988][evaluation.evaluator][INFO] - evaluate dataset=time/coastal_t_s_h_part14 users=3 dates=4829 windows=27 removed_constant=0 L=504 H=168 stride=512
[2026-08-27 15:06:30,152][evaluation.evaluator][INFO] - artifacts ready run=/fssmall/home/h61084/codes/tsfm/outputs_selena/covariates/time-coastal_t_s_h_part14/504_168/ts_icl/identity/instance/keep/run_0 mse=0.199137 nmse=0.0126945 inference_seconds=1.325
2026-08-27 15:06:31 | configuration dataset=time/coastal_t_s_h_part15 L=168 H=24 model=chronos2 covariates=none instance_norm=true remove_constant=false seed=1 batch_size=64
[2026-08-27 15:06:34,059][data.dataset][INFO] - dataset config path=/fssmall/home/h61084/codes/datasets/time/coastal_t_s_h_part15/config.json applied_keys=['date_col', 'drop_users', 'target_cols']
[2026-08-27 15:06:34,081][evaluation.evaluator][INFO] - evaluate dataset=time/coastal_t_s_h_part15 users=3 dates=4848 windows=30 removed_constant=0 L=168 H=24 stride=512
[2026-08-27 15:06:39,880][evaluation.evaluator][INFO] - artifacts ready run=/fssmall/home/h61084/codes/tsfm/outputs_selena/covariates/time-coastal_t_s_h_part15/168_24/chronos2/none/instance/keep/run_0 mse=47.0833 nmse=0.840937 inference_seconds=0.193
2026-08-27 15:06:41 | configuration dataset=time/coastal_t_s_h_part15 L=168 H=24 model=chronos2 covariates=identity instance_norm=true remove_constant=false seed=1 batch_size=64
[2026-08-27 15:06:43,921][data.dataset][INFO] - dataset config path=/fssmall/home/h61084/codes/datasets/time/coastal_t_s_h_part15/config.json applied_keys=['date_col', 'drop_users', 'target_cols']
[2026-08-27 15:06:43,942][evaluation.evaluator][INFO] - evaluate dataset=time/coastal_t_s_h_part15 users=3 dates=4848 windows=30 removed_constant=0 L=168 H=24 stride=512
[2026-08-27 15:06:49,628][evaluation.evaluator][INFO] - artifacts ready run=/fssmall/home/h61084/codes/tsfm/outputs_selena/covariates/time-coastal_t_s_h_part15/168_24/chronos2/identity/instance/keep/run_0 mse=0.175651 nmse=0.0121762 inference_seconds=0.197
2026-08-27 15:06:51 | configuration dataset=time/coastal_t_s_h_part15 L=168 H=24 model=ts_icl covariates=none instance_norm=true remove_constant=false seed=1 batch_size=32
[2026-08-27 15:06:53,698][data.dataset][INFO] - dataset config path=/fssmall/home/h61084/codes/datasets/time/coastal_t_s_h_part15/config.json applied_keys=['date_col', 'drop_users', 'target_cols']
[2026-08-27 15:06:53,719][evaluation.evaluator][INFO] - evaluate dataset=time/coastal_t_s_h_part15 users=3 dates=4848 windows=30 removed_constant=0 L=168 H=24 stride=512
[2026-08-27 15:06:55,834][evaluation.evaluator][INFO] - artifacts ready run=/fssmall/home/h61084/codes/tsfm/outputs_selena/covariates/time-coastal_t_s_h_part15/168_24/ts_icl/none/instance/keep/run_0 mse=46.5346 nmse=0.92576 inference_seconds=1.283
2026-08-27 15:06:57 | configuration dataset=time/coastal_t_s_h_part15 L=168 H=24 model=ts_icl covariates=identity instance_norm=true remove_constant=false seed=1 batch_size=32
[2026-08-27 15:06:59,722][data.dataset][INFO] - dataset config path=/fssmall/home/h61084/codes/datasets/time/coastal_t_s_h_part15/config.json applied_keys=['date_col', 'drop_users', 'target_cols']
[2026-08-27 15:06:59,742][evaluation.evaluator][INFO] - evaluate dataset=time/coastal_t_s_h_part15 users=3 dates=4848 windows=30 removed_constant=0 L=168 H=24 stride=512
[2026-08-27 15:07:01,859][evaluation.evaluator][INFO] - artifacts ready run=/fssmall/home/h61084/codes/tsfm/outputs_selena/covariates/time-coastal_t_s_h_part15/168_24/ts_icl/identity/instance/keep/run_0 mse=0.00371931 nmse=0.000458853 inference_seconds=1.283
2026-08-27 15:07:03 | configuration dataset=time/coastal_t_s_h_part15 L=336 H=48 model=chronos2 covariates=none instance_norm=true remove_constant=false seed=1 batch_size=64
[2026-08-27 15:07:05,747][data.dataset][INFO] - dataset config path=/fssmall/home/h61084/codes/datasets/time/coastal_t_s_h_part15/config.json applied_keys=['date_col', 'drop_users', 'target_cols']
[2026-08-27 15:07:05,771][evaluation.evaluator][INFO] - evaluate dataset=time/coastal_t_s_h_part15 users=3 dates=4848 windows=27 removed_constant=0 L=336 H=48 stride=512
[2026-08-27 15:07:11,430][evaluation.evaluator][INFO] - artifacts ready run=/fssmall/home/h61084/codes/tsfm/outputs_selena/covariates/time-coastal_t_s_h_part15/336_48/chronos2/none/instance/keep/run_0 mse=8.08147 nmse=0.860054 inference_seconds=0.192
2026-08-27 15:07:12 | configuration dataset=time/coastal_t_s_h_part15 L=336 H=48 model=chronos2 covariates=identity instance_norm=true remove_constant=false seed=1 batch_size=64
[2026-08-27 15:07:15,487][data.dataset][INFO] - dataset config path=/fssmall/home/h61084/codes/datasets/time/coastal_t_s_h_part15/config.json applied_keys=['date_col', 'drop_users', 'target_cols']
[2026-08-27 15:07:15,508][evaluation.evaluator][INFO] - evaluate dataset=time/coastal_t_s_h_part15 users=3 dates=4848 windows=27 removed_constant=0 L=336 H=48 stride=512
[2026-08-27 15:07:21,263][evaluation.evaluator][INFO] - artifacts ready run=/fssmall/home/h61084/codes/tsfm/outputs_selena/covariates/time-coastal_t_s_h_part15/336_48/chronos2/identity/instance/keep/run_0 mse=0.119056 nmse=0.0135478 inference_seconds=0.193
2026-08-27 15:07:22 | configuration dataset=time/coastal_t_s_h_part15 L=336 H=48 model=ts_icl covariates=none instance_norm=true remove_constant=false seed=1 batch_size=32
[2026-08-27 15:07:25,355][data.dataset][INFO] - dataset config path=/fssmall/home/h61084/codes/datasets/time/coastal_t_s_h_part15/config.json applied_keys=['date_col', 'drop_users', 'target_cols']
[2026-08-27 15:07:25,374][evaluation.evaluator][INFO] - evaluate dataset=time/coastal_t_s_h_part15 users=3 dates=4848 windows=27 removed_constant=0 L=336 H=48 stride=512
[2026-08-27 15:07:27,495][evaluation.evaluator][INFO] - artifacts ready run=/fssmall/home/h61084/codes/tsfm/outputs_selena/covariates/time-coastal_t_s_h_part15/336_48/ts_icl/none/instance/keep/run_0 mse=8.85892 nmse=0.808203 inference_seconds=1.287
2026-08-27 15:07:28 | configuration dataset=time/coastal_t_s_h_part15 L=336 H=48 model=ts_icl covariates=identity instance_norm=true remove_constant=false seed=1 batch_size=32
[2026-08-27 15:07:31,372][data.dataset][INFO] - dataset config path=/fssmall/home/h61084/codes/datasets/time/coastal_t_s_h_part15/config.json applied_keys=['date_col', 'drop_users', 'target_cols']
[2026-08-27 15:07:31,393][evaluation.evaluator][INFO] - evaluate dataset=time/coastal_t_s_h_part15 users=3 dates=4848 windows=27 removed_constant=0 L=336 H=48 stride=512
[2026-08-27 15:07:33,585][evaluation.evaluator][INFO] - artifacts ready run=/fssmall/home/h61084/codes/tsfm/outputs_selena/covariates/time-coastal_t_s_h_part15/336_48/ts_icl/identity/instance/keep/run_0 mse=0.0134688 nmse=0.000483811 inference_seconds=1.352
2026-08-27 15:07:34 | configuration dataset=time/coastal_t_s_h_part15 L=504 H=168 model=chronos2 covariates=none instance_norm=true remove_constant=false seed=1 batch_size=64
[2026-08-27 15:07:37,507][data.dataset][INFO] - dataset config path=/fssmall/home/h61084/codes/datasets/time/coastal_t_s_h_part15/config.json applied_keys=['date_col', 'drop_users', 'target_cols']
[2026-08-27 15:07:37,529][evaluation.evaluator][INFO] - evaluate dataset=time/coastal_t_s_h_part15 users=3 dates=4848 windows=27 removed_constant=0 L=504 H=168 stride=512
[2026-08-27 15:07:43,272][evaluation.evaluator][INFO] - artifacts ready run=/fssmall/home/h61084/codes/tsfm/outputs_selena/covariates/time-coastal_t_s_h_part15/504_168/chronos2/none/instance/keep/run_0 mse=48.4243 nmse=0.851176 inference_seconds=0.197
2026-08-27 15:07:44 | configuration dataset=time/coastal_t_s_h_part15 L=504 H=168 model=chronos2 covariates=identity instance_norm=true remove_constant=false seed=1 batch_size=64
[2026-08-27 15:07:47,350][data.dataset][INFO] - dataset config path=/fssmall/home/h61084/codes/datasets/time/coastal_t_s_h_part15/config.json applied_keys=['date_col', 'drop_users', 'target_cols']
[2026-08-27 15:07:47,373][evaluation.evaluator][INFO] - evaluate dataset=time/coastal_t_s_h_part15 users=3 dates=4848 windows=27 removed_constant=0 L=504 H=168 stride=512
[2026-08-27 15:07:53,143][evaluation.evaluator][INFO] - artifacts ready run=/fssmall/home/h61084/codes/tsfm/outputs_selena/covariates/time-coastal_t_s_h_part15/504_168/chronos2/identity/instance/keep/run_0 mse=0.597974 nmse=0.0173407 inference_seconds=0.201
2026-08-27 15:07:54 | configuration dataset=time/coastal_t_s_h_part15 L=504 H=168 model=ts_icl covariates=none instance_norm=true remove_constant=false seed=1 batch_size=32
[2026-08-27 15:07:57,213][data.dataset][INFO] - dataset config path=/fssmall/home/h61084/codes/datasets/time/coastal_t_s_h_part15/config.json applied_keys=['date_col', 'drop_users', 'target_cols']
[2026-08-27 15:07:57,234][evaluation.evaluator][INFO] - evaluate dataset=time/coastal_t_s_h_part15 users=3 dates=4848 windows=27 removed_constant=0 L=504 H=168 stride=512
[2026-08-27 15:07:59,379][evaluation.evaluator][INFO] - artifacts ready run=/fssmall/home/h61084/codes/tsfm/outputs_selena/covariates/time-coastal_t_s_h_part15/504_168/ts_icl/none/instance/keep/run_0 mse=14.2251 nmse=0.743825 inference_seconds=1.302
2026-08-27 15:08:00 | configuration dataset=time/coastal_t_s_h_part15 L=504 H=168 model=ts_icl covariates=identity instance_norm=true remove_constant=false seed=1 batch_size=32
[2026-08-27 15:08:03,313][data.dataset][INFO] - dataset config path=/fssmall/home/h61084/codes/datasets/time/coastal_t_s_h_part15/config.json applied_keys=['date_col', 'drop_users', 'target_cols']
[2026-08-27 15:08:03,334][evaluation.evaluator][INFO] - evaluate dataset=time/coastal_t_s_h_part15 users=3 dates=4848 windows=27 removed_constant=0 L=504 H=168 stride=512
[2026-08-27 15:08:05,495][evaluation.evaluator][INFO] - artifacts ready run=/fssmall/home/h61084/codes/tsfm/outputs_selena/covariates/time-coastal_t_s_h_part15/504_168/ts_icl/identity/instance/keep/run_0 mse=0.00691456 nmse=0.00124294 inference_seconds=1.316
2026-08-27 15:08:06 | configuration dataset=time/coastal_t_s_h_part16 L=168 H=24 model=chronos2 covariates=none instance_norm=true remove_constant=false seed=1 batch_size=64
[2026-08-27 15:08:09,377][data.dataset][INFO] - dataset config path=/fssmall/home/h61084/codes/datasets/time/coastal_t_s_h_part16/config.json applied_keys=['date_col', 'drop_users', 'target_cols']
[2026-08-27 15:08:09,404][evaluation.evaluator][INFO] - evaluate dataset=time/coastal_t_s_h_part16 users=6 dates=8784 windows=102 removed_constant=0 L=168 H=24 stride=512
[2026-08-27 15:08:15,054][evaluation.evaluator][INFO] - artifacts ready run=/fssmall/home/h61084/codes/tsfm/outputs_selena/covariates/time-coastal_t_s_h_part16/168_24/chronos2/none/instance/keep/run_0 mse=22.1973 nmse=0.888801 inference_seconds=0.213
2026-08-27 15:08:16 | configuration dataset=time/coastal_t_s_h_part16 L=168 H=24 model=chronos2 covariates=identity instance_norm=true remove_constant=false seed=1 batch_size=64
[2026-08-27 15:08:19,148][data.dataset][INFO] - dataset config path=/fssmall/home/h61084/codes/datasets/time/coastal_t_s_h_part16/config.json applied_keys=['date_col', 'drop_users', 'target_cols']
[2026-08-27 15:08:19,172][evaluation.evaluator][INFO] - evaluate dataset=time/coastal_t_s_h_part16 users=6 dates=8784 windows=102 removed_constant=0 L=168 H=24 stride=512
[2026-08-27 15:08:24,967][evaluation.evaluator][INFO] - artifacts ready run=/fssmall/home/h61084/codes/tsfm/outputs_selena/covariates/time-coastal_t_s_h_part16/168_24/chronos2/identity/instance/keep/run_0 mse=0.112673 nmse=0.00724284 inference_seconds=0.222
2026-08-27 15:08:26 | configuration dataset=time/coastal_t_s_h_part16 L=168 H=24 model=ts_icl covariates=none instance_norm=true remove_constant=false seed=1 batch_size=32
[2026-08-27 15:08:29,078][data.dataset][INFO] - dataset config path=/fssmall/home/h61084/codes/datasets/time/coastal_t_s_h_part16/config.json applied_keys=['date_col', 'drop_users', 'target_cols']
[2026-08-27 15:08:29,103][evaluation.evaluator][INFO] - evaluate dataset=time/coastal_t_s_h_part16 users=6 dates=8784 windows=102 removed_constant=0 L=168 H=24 stride=512
[2026-08-27 15:08:31,342][evaluation.evaluator][INFO] - artifacts ready run=/fssmall/home/h61084/codes/tsfm/outputs_selena/covariates/time-coastal_t_s_h_part16/168_24/ts_icl/none/instance/keep/run_0 mse=22.1776 nmse=0.885098 inference_seconds=1.399
2026-08-27 15:08:32 | configuration dataset=time/coastal_t_s_h_part16 L=168 H=24 model=ts_icl covariates=identity instance_norm=true remove_constant=false seed=1 batch_size=32
[2026-08-27 15:08:35,277][data.dataset][INFO] - dataset config path=/fssmall/home/h61084/codes/datasets/time/coastal_t_s_h_part16/config.json applied_keys=['date_col', 'drop_users', 'target_cols']
[2026-08-27 15:08:35,301][evaluation.evaluator][INFO] - evaluate dataset=time/coastal_t_s_h_part16 users=6 dates=8784 windows=102 removed_constant=0 L=168 H=24 stride=512
[2026-08-27 15:08:37,552][evaluation.evaluator][INFO] - artifacts ready run=/fssmall/home/h61084/codes/tsfm/outputs_selena/covariates/time-coastal_t_s_h_part16/168_24/ts_icl/identity/instance/keep/run_0 mse=0.0196123 nmse=0.011142 inference_seconds=1.410
2026-08-27 15:08:38 | configuration dataset=time/coastal_t_s_h_part16 L=336 H=48 model=chronos2 covariates=none instance_norm=true remove_constant=false seed=1 batch_size=64
[2026-08-27 15:08:41,432][data.dataset][INFO] - dataset config path=/fssmall/home/h61084/codes/datasets/time/coastal_t_s_h_part16/config.json applied_keys=['date_col', 'drop_users', 'target_cols']
[2026-08-27 15:08:41,457][evaluation.evaluator][INFO] - evaluate dataset=time/coastal_t_s_h_part16 users=6 dates=8784 windows=102 removed_constant=0 L=336 H=48 stride=512
[2026-08-27 15:08:47,125][evaluation.evaluator][INFO] - artifacts ready run=/fssmall/home/h61084/codes/tsfm/outputs_selena/covariates/time-coastal_t_s_h_part16/336_48/chronos2/none/instance/keep/run_0 mse=24.2095 nmse=1.43739 inference_seconds=0.217
2026-08-27 15:08:48 | configuration dataset=time/coastal_t_s_h_part16 L=336 H=48 model=chronos2 covariates=identity instance_norm=true remove_constant=false seed=1 batch_size=64
[2026-08-27 15:08:51,191][data.dataset][INFO] - dataset config path=/fssmall/home/h61084/codes/datasets/time/coastal_t_s_h_part16/config.json applied_keys=['date_col', 'drop_users', 'target_cols']
[2026-08-27 15:08:51,214][evaluation.evaluator][INFO] - evaluate dataset=time/coastal_t_s_h_part16 users=6 dates=8784 windows=102 removed_constant=0 L=336 H=48 stride=512
[2026-08-27 15:08:56,922][evaluation.evaluator][INFO] - artifacts ready run=/fssmall/home/h61084/codes/tsfm/outputs_selena/covariates/time-coastal_t_s_h_part16/336_48/chronos2/identity/instance/keep/run_0 mse=0.125076 nmse=0.0074107 inference_seconds=0.240
2026-08-27 15:08:58 | configuration dataset=time/coastal_t_s_h_part16 L=336 H=48 model=ts_icl covariates=none instance_norm=true remove_constant=false seed=1 batch_size=32
[2026-08-27 15:09:00,987][data.dataset][INFO] - dataset config path=/fssmall/home/h61084/codes/datasets/time/coastal_t_s_h_part16/config.json applied_keys=['date_col', 'drop_users', 'target_cols']
[2026-08-27 15:09:01,012][evaluation.evaluator][INFO] - evaluate dataset=time/coastal_t_s_h_part16 users=6 dates=8784 windows=102 removed_constant=0 L=336 H=48 stride=512
[2026-08-27 15:09:03,300][evaluation.evaluator][INFO] - artifacts ready run=/fssmall/home/h61084/codes/tsfm/outputs_selena/covariates/time-coastal_t_s_h_part16/336_48/ts_icl/none/instance/keep/run_0 mse=23.7558 nmse=1.13277 inference_seconds=1.417
2026-08-27 15:09:04 | configuration dataset=time/coastal_t_s_h_part16 L=336 H=48 model=ts_icl covariates=identity instance_norm=true remove_constant=false seed=1 batch_size=32
[2026-08-27 15:09:07,243][data.dataset][INFO] - dataset config path=/fssmall/home/h61084/codes/datasets/time/coastal_t_s_h_part16/config.json applied_keys=['date_col', 'drop_users', 'target_cols']
[2026-08-27 15:09:07,267][evaluation.evaluator][INFO] - evaluate dataset=time/coastal_t_s_h_part16 users=6 dates=8784 windows=102 removed_constant=0 L=336 H=48 stride=512
[2026-08-27 15:09:09,572][evaluation.evaluator][INFO] - artifacts ready run=/fssmall/home/h61084/codes/tsfm/outputs_selena/covariates/time-coastal_t_s_h_part16/336_48/ts_icl/identity/instance/keep/run_0 mse=0.0164204 nmse=0.0139352 inference_seconds=1.455
2026-08-27 15:09:10 | configuration dataset=time/coastal_t_s_h_part16 L=504 H=168 model=chronos2 covariates=none instance_norm=true remove_constant=false seed=1 batch_size=64
[2026-08-27 15:09:13,526][data.dataset][INFO] - dataset config path=/fssmall/home/h61084/codes/datasets/time/coastal_t_s_h_part16/config.json applied_keys=['date_col', 'drop_users', 'target_cols']
[2026-08-27 15:09:13,551][evaluation.evaluator][INFO] - evaluate dataset=time/coastal_t_s_h_part16 users=6 dates=8784 windows=96 removed_constant=0 L=504 H=168 stride=512
[2026-08-27 15:09:19,239][evaluation.evaluator][INFO] - artifacts ready run=/fssmall/home/h61084/codes/tsfm/outputs_selena/covariates/time-coastal_t_s_h_part16/504_168/chronos2/none/instance/keep/run_0 mse=73.9923 nmse=284.065 inference_seconds=0.221
2026-08-27 15:09:20 | configuration dataset=time/coastal_t_s_h_part16 L=504 H=168 model=chronos2 covariates=identity instance_norm=true remove_constant=false seed=1 batch_size=64
[2026-08-27 15:09:23,308][data.dataset][INFO] - dataset config path=/fssmall/home/h61084/codes/datasets/time/coastal_t_s_h_part16/config.json applied_keys=['date_col', 'drop_users', 'target_cols']
[2026-08-27 15:09:23,332][evaluation.evaluator][INFO] - evaluate dataset=time/coastal_t_s_h_part16 users=6 dates=8784 windows=96 removed_constant=0 L=504 H=168 stride=512
[2026-08-27 15:09:29,119][evaluation.evaluator][INFO] - artifacts ready run=/fssmall/home/h61084/codes/tsfm/outputs_selena/covariates/time-coastal_t_s_h_part16/504_168/chronos2/identity/instance/keep/run_0 mse=24.6742 nmse=142.781 inference_seconds=0.247
2026-08-27 15:09:30 | configuration dataset=time/coastal_t_s_h_part16 L=504 H=168 model=ts_icl covariates=none instance_norm=true remove_constant=false seed=1 batch_size=32
[2026-08-27 15:09:33,206][data.dataset][INFO] - dataset config path=/fssmall/home/h61084/codes/datasets/time/coastal_t_s_h_part16/config.json applied_keys=['date_col', 'drop_users', 'target_cols']
[2026-08-27 15:09:33,230][evaluation.evaluator][INFO] - evaluate dataset=time/coastal_t_s_h_part16 users=6 dates=8784 windows=96 removed_constant=0 L=504 H=168 stride=512
[2026-08-27 15:09:35,547][evaluation.evaluator][INFO] - artifacts ready run=/fssmall/home/h61084/codes/tsfm/outputs_selena/covariates/time-coastal_t_s_h_part16/504_168/ts_icl/none/instance/keep/run_0 mse=75.9017 nmse=283.735 inference_seconds=1.462
2026-08-27 15:09:36 | configuration dataset=time/coastal_t_s_h_part16 L=504 H=168 model=ts_icl covariates=identity instance_norm=true remove_constant=false seed=1 batch_size=32
[2026-08-27 15:09:39,520][data.dataset][INFO] - dataset config path=/fssmall/home/h61084/codes/datasets/time/coastal_t_s_h_part16/config.json applied_keys=['date_col', 'drop_users', 'target_cols']
[2026-08-27 15:09:39,544][evaluation.evaluator][INFO] - evaluate dataset=time/coastal_t_s_h_part16 users=6 dates=8784 windows=96 removed_constant=0 L=504 H=168 stride=512
[2026-08-27 15:09:41,869][evaluation.evaluator][INFO] - artifacts ready run=/fssmall/home/h61084/codes/tsfm/outputs_selena/covariates/time-coastal_t_s_h_part16/504_168/ts_icl/identity/instance/keep/run_0 mse=48.8467 nmse=281.624 inference_seconds=1.483
2026-08-27 15:09:43 | configuration dataset=time/coastal_t_s_h_part17 L=168 H=24 model=chronos2 covariates=none instance_norm=true remove_constant=false seed=1 batch_size=64
[2026-08-27 15:09:45,786][data.dataset][INFO] - dataset config path=/fssmall/home/h61084/codes/datasets/time/coastal_t_s_h_part17/config.json applied_keys=['date_col', 'drop_users', 'target_cols']
[2026-08-27 15:09:45,810][evaluation.evaluator][INFO] - evaluate dataset=time/coastal_t_s_h_part17 users=3 dates=5522 windows=33 removed_constant=0 L=168 H=24 stride=512
[2026-08-27 15:09:51,477][evaluation.evaluator][INFO] - artifacts ready run=/fssmall/home/h61084/codes/tsfm/outputs_selena/covariates/time-coastal_t_s_h_part17/168_24/chronos2/none/instance/keep/run_0 mse=0.0116331 nmse=0.461844 inference_seconds=0.194
2026-08-27 15:09:52 | configuration dataset=time/coastal_t_s_h_part17 L=168 H=24 model=chronos2 covariates=identity instance_norm=true remove_constant=false seed=1 batch_size=64
[2026-08-27 15:09:55,527][data.dataset][INFO] - dataset config path=/fssmall/home/h61084/codes/datasets/time/coastal_t_s_h_part17/config.json applied_keys=['date_col', 'drop_users', 'target_cols']
[2026-08-27 15:09:55,548][evaluation.evaluator][INFO] - evaluate dataset=time/coastal_t_s_h_part17 users=3 dates=5522 windows=33 removed_constant=0 L=168 H=24 stride=512
[2026-08-27 15:10:01,178][evaluation.evaluator][INFO] - artifacts ready run=/fssmall/home/h61084/codes/tsfm/outputs_selena/covariates/time-coastal_t_s_h_part17/168_24/chronos2/identity/instance/keep/run_0 mse=0.000512389 nmse=0.00894838 inference_seconds=0.195
2026-08-27 15:10:02 | configuration dataset=time/coastal_t_s_h_part17 L=168 H=24 model=ts_icl covariates=none instance_norm=true remove_constant=false seed=1 batch_size=32
[2026-08-27 15:10:05,239][data.dataset][INFO] - dataset config path=/fssmall/home/h61084/codes/datasets/time/coastal_t_s_h_part17/config.json applied_keys=['date_col', 'drop_users', 'target_cols']
[2026-08-27 15:10:05,261][evaluation.evaluator][INFO] - evaluate dataset=time/coastal_t_s_h_part17 users=3 dates=5522 windows=33 removed_constant=0 L=168 H=24 stride=512
[2026-08-27 15:10:07,366][evaluation.evaluator][INFO] - artifacts ready run=/fssmall/home/h61084/codes/tsfm/outputs_selena/covariates/time-coastal_t_s_h_part17/168_24/ts_icl/none/instance/keep/run_0 mse=0.0118369 nmse=0.44918 inference_seconds=1.272
2026-08-27 15:10:08 | configuration dataset=time/coastal_t_s_h_part17 L=168 H=24 model=ts_icl covariates=identity instance_norm=true remove_constant=false seed=1 batch_size=32
[2026-08-27 15:10:11,290][data.dataset][INFO] - dataset config path=/fssmall/home/h61084/codes/datasets/time/coastal_t_s_h_part17/config.json applied_keys=['date_col', 'drop_users', 'target_cols']
[2026-08-27 15:10:11,311][evaluation.evaluator][INFO] - evaluate dataset=time/coastal_t_s_h_part17 users=3 dates=5522 windows=33 removed_constant=0 L=168 H=24 stride=512
[2026-08-27 15:10:13,445][evaluation.evaluator][INFO] - artifacts ready run=/fssmall/home/h61084/codes/tsfm/outputs_selena/covariates/time-coastal_t_s_h_part17/168_24/ts_icl/identity/instance/keep/run_0 mse=0.000146328 nmse=0.00977052 inference_seconds=1.311
2026-08-27 15:10:14 | configuration dataset=time/coastal_t_s_h_part17 L=336 H=48 model=chronos2 covariates=none instance_norm=true remove_constant=false seed=1 batch_size=64
[2026-08-27 15:10:17,407][data.dataset][INFO] - dataset config path=/fssmall/home/h61084/codes/datasets/time/coastal_t_s_h_part17/config.json applied_keys=['date_col', 'drop_users', 'target_cols']
[2026-08-27 15:10:17,429][evaluation.evaluator][INFO] - evaluate dataset=time/coastal_t_s_h_part17 users=3 dates=5522 windows=33 removed_constant=0 L=336 H=48 stride=512
[2026-08-27 15:10:23,078][evaluation.evaluator][INFO] - artifacts ready run=/fssmall/home/h61084/codes/tsfm/outputs_selena/covariates/time-coastal_t_s_h_part17/336_48/chronos2/none/instance/keep/run_0 mse=0.0166224 nmse=0.866927 inference_seconds=0.194
2026-08-27 15:10:24 | configuration dataset=time/coastal_t_s_h_part17 L=336 H=48 model=chronos2 covariates=identity instance_norm=true remove_constant=false seed=1 batch_size=64
[2026-08-27 15:10:27,192][data.dataset][INFO] - dataset config path=/fssmall/home/h61084/codes/datasets/time/coastal_t_s_h_part17/config.json applied_keys=['date_col', 'drop_users', 'target_cols']
[2026-08-27 15:10:27,213][evaluation.evaluator][INFO] - evaluate dataset=time/coastal_t_s_h_part17 users=3 dates=5522 windows=33 removed_constant=0 L=336 H=48 stride=512
[2026-08-27 15:10:32,930][evaluation.evaluator][INFO] - artifacts ready run=/fssmall/home/h61084/codes/tsfm/outputs_selena/covariates/time-coastal_t_s_h_part17/336_48/chronos2/identity/instance/keep/run_0 mse=0.000403983 nmse=0.0120405 inference_seconds=0.199
2026-08-27 15:10:34 | configuration dataset=time/coastal_t_s_h_part17 L=336 H=48 model=ts_icl covariates=none instance_norm=true remove_constant=false seed=1 batch_size=32
[2026-08-27 15:10:37,032][data.dataset][INFO] - dataset config path=/fssmall/home/h61084/codes/datasets/time/coastal_t_s_h_part17/config.json applied_keys=['date_col', 'drop_users', 'target_cols']
[2026-08-27 15:10:37,053][evaluation.evaluator][INFO] - evaluate dataset=time/coastal_t_s_h_part17 users=3 dates=5522 windows=33 removed_constant=0 L=336 H=48 stride=512
[2026-08-27 15:10:39,216][evaluation.evaluator][INFO] - artifacts ready run=/fssmall/home/h61084/codes/tsfm/outputs_selena/covariates/time-coastal_t_s_h_part17/336_48/ts_icl/none/instance/keep/run_0 mse=0.0154977 nmse=0.720521 inference_seconds=1.324
2026-08-27 15:10:40 | configuration dataset=time/coastal_t_s_h_part17 L=336 H=48 model=ts_icl covariates=identity instance_norm=true remove_constant=false seed=1 batch_size=32
[2026-08-27 15:10:43,209][data.dataset][INFO] - dataset config path=/fssmall/home/h61084/codes/datasets/time/coastal_t_s_h_part17/config.json applied_keys=['date_col', 'drop_users', 'target_cols']
[2026-08-27 15:10:43,231][evaluation.evaluator][INFO] - evaluate dataset=time/coastal_t_s_h_part17 users=3 dates=5522 windows=33 removed_constant=0 L=336 H=48 stride=512
[2026-08-27 15:10:45,391][evaluation.evaluator][INFO] - artifacts ready run=/fssmall/home/h61084/codes/tsfm/outputs_selena/covariates/time-coastal_t_s_h_part17/336_48/ts_icl/identity/instance/keep/run_0 mse=5.24307e-05 nmse=0.00501236 inference_seconds=1.329
2026-08-27 15:10:46 | configuration dataset=time/coastal_t_s_h_part17 L=504 H=168 model=chronos2 covariates=none instance_norm=true remove_constant=false seed=1 batch_size=64
[2026-08-27 15:10:49,404][data.dataset][INFO] - dataset config path=/fssmall/home/h61084/codes/datasets/time/coastal_t_s_h_part17/config.json applied_keys=['date_col', 'drop_users', 'target_cols']
[2026-08-27 15:10:49,426][evaluation.evaluator][INFO] - evaluate dataset=time/coastal_t_s_h_part17 users=3 dates=5522 windows=30 removed_constant=0 L=504 H=168 stride=512
[2026-08-27 15:10:55,055][evaluation.evaluator][INFO] - artifacts ready run=/fssmall/home/h61084/codes/tsfm/outputs_selena/covariates/time-coastal_t_s_h_part17/504_168/chronos2/none/instance/keep/run_0 mse=0.0654909 nmse=3.11604 inference_seconds=0.194
2026-08-27 15:10:56 | configuration dataset=time/coastal_t_s_h_part17 L=504 H=168 model=chronos2 covariates=identity instance_norm=true remove_constant=false seed=1 batch_size=64
[2026-08-27 15:10:59,151][data.dataset][INFO] - dataset config path=/fssmall/home/h61084/codes/datasets/time/coastal_t_s_h_part17/config.json applied_keys=['date_col', 'drop_users', 'target_cols']
[2026-08-27 15:10:59,172][evaluation.evaluator][INFO] - evaluate dataset=time/coastal_t_s_h_part17 users=3 dates=5522 windows=30 removed_constant=0 L=504 H=168 stride=512
[2026-08-27 15:11:04,836][evaluation.evaluator][INFO] - artifacts ready run=/fssmall/home/h61084/codes/tsfm/outputs_selena/covariates/time-coastal_t_s_h_part17/504_168/chronos2/identity/instance/keep/run_0 mse=0.000810158 nmse=0.0300226 inference_seconds=0.196
2026-08-27 15:11:06 | configuration dataset=time/coastal_t_s_h_part17 L=504 H=168 model=ts_icl covariates=none instance_norm=true remove_constant=false seed=1 batch_size=32
[2026-08-27 15:11:08,953][data.dataset][INFO] - dataset config path=/fssmall/home/h61084/codes/datasets/time/coastal_t_s_h_part17/config.json applied_keys=['date_col', 'drop_users', 'target_cols']
[2026-08-27 15:11:08,975][evaluation.evaluator][INFO] - evaluate dataset=time/coastal_t_s_h_part17 users=3 dates=5522 windows=30 removed_constant=0 L=504 H=168 stride=512
[2026-08-27 15:11:11,121][evaluation.evaluator][INFO] - artifacts ready run=/fssmall/home/h61084/codes/tsfm/outputs_selena/covariates/time-coastal_t_s_h_part17/504_168/ts_icl/none/instance/keep/run_0 mse=0.0693441 nmse=2.59137 inference_seconds=1.300
2026-08-27 15:11:12 | configuration dataset=time/coastal_t_s_h_part17 L=504 H=168 model=ts_icl covariates=identity instance_norm=true remove_constant=false seed=1 batch_size=32
[2026-08-27 15:11:15,173][data.dataset][INFO] - dataset config path=/fssmall/home/h61084/codes/datasets/time/coastal_t_s_h_part17/config.json applied_keys=['date_col', 'drop_users', 'target_cols']
[2026-08-27 15:11:15,193][evaluation.evaluator][INFO] - evaluate dataset=time/coastal_t_s_h_part17 users=3 dates=5522 windows=30 removed_constant=0 L=504 H=168 stride=512
[2026-08-27 15:11:17,348][evaluation.evaluator][INFO] - artifacts ready run=/fssmall/home/h61084/codes/tsfm/outputs_selena/covariates/time-coastal_t_s_h_part17/504_168/ts_icl/identity/instance/keep/run_0 mse=0.00177795 nmse=0.0984716 inference_seconds=1.315
2026-08-27 15:11:18 | configuration dataset=time/coastal_t_s_h_part18 L=168 H=24 model=chronos2 covariates=none instance_norm=true remove_constant=false seed=1 batch_size=64
[2026-08-27 15:11:21,272][data.dataset][INFO] - dataset config path=/fssmall/home/h61084/codes/datasets/time/coastal_t_s_h_part18/config.json applied_keys=['date_col', 'drop_users', 'target_cols']
[2026-08-27 15:11:21,293][evaluation.evaluator][INFO] - evaluate dataset=time/coastal_t_s_h_part18 users=3 dates=3944 windows=24 removed_constant=0 L=168 H=24 stride=512
[2026-08-27 15:11:26,968][evaluation.evaluator][INFO] - artifacts ready run=/fssmall/home/h61084/codes/tsfm/outputs_selena/covariates/time-coastal_t_s_h_part18/168_24/chronos2/none/instance/keep/run_0 mse=0.0158815 nmse=0.533296 inference_seconds=0.194
2026-08-27 15:11:28 | configuration dataset=time/coastal_t_s_h_part18 L=168 H=24 model=chronos2 covariates=identity instance_norm=true remove_constant=false seed=1 batch_size=64
[2026-08-27 15:11:31,119][data.dataset][INFO] - dataset config path=/fssmall/home/h61084/codes/datasets/time/coastal_t_s_h_part18/config.json applied_keys=['date_col', 'drop_users', 'target_cols']
[2026-08-27 15:11:31,138][evaluation.evaluator][INFO] - evaluate dataset=time/coastal_t_s_h_part18 users=3 dates=3944 windows=24 removed_constant=0 L=168 H=24 stride=512
[2026-08-27 15:11:36,939][evaluation.evaluator][INFO] - artifacts ready run=/fssmall/home/h61084/codes/tsfm/outputs_selena/covariates/time-coastal_t_s_h_part18/168_24/chronos2/identity/instance/keep/run_0 mse=0.000543476 nmse=0.0117983 inference_seconds=0.195
2026-08-27 15:11:38 | configuration dataset=time/coastal_t_s_h_part18 L=168 H=24 model=ts_icl covariates=none instance_norm=true remove_constant=false seed=1 batch_size=32
[2026-08-27 15:11:41,151][data.dataset][INFO] - dataset config path=/fssmall/home/h61084/codes/datasets/time/coastal_t_s_h_part18/config.json applied_keys=['date_col', 'drop_users', 'target_cols']
[2026-08-27 15:11:41,171][evaluation.evaluator][INFO] - evaluate dataset=time/coastal_t_s_h_part18 users=3 dates=3944 windows=24 removed_constant=0 L=168 H=24 stride=512
[2026-08-27 15:11:43,325][evaluation.evaluator][INFO] - artifacts ready run=/fssmall/home/h61084/codes/tsfm/outputs_selena/covariates/time-coastal_t_s_h_part18/168_24/ts_icl/none/instance/keep/run_0 mse=0.0136212 nmse=0.575889 inference_seconds=1.306
2026-08-27 15:11:44 | configuration dataset=time/coastal_t_s_h_part18 L=168 H=24 model=ts_icl covariates=identity instance_norm=true remove_constant=false seed=1 batch_size=32
[2026-08-27 15:11:47,405][data.dataset][INFO] - dataset config path=/fssmall/home/h61084/codes/datasets/time/coastal_t_s_h_part18/config.json applied_keys=['date_col', 'drop_users', 'target_cols']
[2026-08-27 15:11:47,424][evaluation.evaluator][INFO] - evaluate dataset=time/coastal_t_s_h_part18 users=3 dates=3944 windows=24 removed_constant=0 L=168 H=24 stride=512
[2026-08-27 15:11:49,620][evaluation.evaluator][INFO] - artifacts ready run=/fssmall/home/h61084/codes/tsfm/outputs_selena/covariates/time-coastal_t_s_h_part18/168_24/ts_icl/identity/instance/keep/run_0 mse=0.000116638 nmse=0.0279012 inference_seconds=1.327
2026-08-27 15:11:51 | configuration dataset=time/coastal_t_s_h_part18 L=336 H=48 model=chronos2 covariates=none instance_norm=true remove_constant=false seed=1 batch_size=64
[2026-08-27 15:11:53,586][data.dataset][INFO] - dataset config path=/fssmall/home/h61084/codes/datasets/time/coastal_t_s_h_part18/config.json applied_keys=['date_col', 'drop_users', 'target_cols']
[2026-08-27 15:11:53,607][evaluation.evaluator][INFO] - evaluate dataset=time/coastal_t_s_h_part18 users=3 dates=3944 windows=21 removed_constant=0 L=336 H=48 stride=512
[2026-08-27 15:11:59,293][evaluation.evaluator][INFO] - artifacts ready run=/fssmall/home/h61084/codes/tsfm/outputs_selena/covariates/time-coastal_t_s_h_part18/336_48/chronos2/none/instance/keep/run_0 mse=0.01708 nmse=0.542933 inference_seconds=0.195
2026-08-27 15:12:00 | configuration dataset=time/coastal_t_s_h_part18 L=336 H=48 model=chronos2 covariates=identity instance_norm=true remove_constant=false seed=1 batch_size=64
[2026-08-27 15:12:03,403][data.dataset][INFO] - dataset config path=/fssmall/home/h61084/codes/datasets/time/coastal_t_s_h_part18/config.json applied_keys=['date_col', 'drop_users', 'target_cols']
[2026-08-27 15:12:03,421][evaluation.evaluator][INFO] - evaluate dataset=time/coastal_t_s_h_part18 users=3 dates=3944 windows=21 removed_constant=0 L=336 H=48 stride=512
[2026-08-27 15:12:09,082][evaluation.evaluator][INFO] - artifacts ready run=/fssmall/home/h61084/codes/tsfm/outputs_selena/covariates/time-coastal_t_s_h_part18/336_48/chronos2/identity/instance/keep/run_0 mse=0.000399768 nmse=0.00710316 inference_seconds=0.196
2026-08-27 15:12:10 | configuration dataset=time/coastal_t_s_h_part18 L=336 H=48 model=ts_icl covariates=none instance_norm=true remove_constant=false seed=1 batch_size=32
[2026-08-27 15:12:13,220][data.dataset][INFO] - dataset config path=/fssmall/home/h61084/codes/datasets/time/coastal_t_s_h_part18/config.json applied_keys=['date_col', 'drop_users', 'target_cols']
[2026-08-27 15:12:13,239][evaluation.evaluator][INFO] - evaluate dataset=time/coastal_t_s_h_part18 users=3 dates=3944 windows=21 removed_constant=0 L=336 H=48 stride=512
[2026-08-27 15:12:15,362][evaluation.evaluator][INFO] - artifacts ready run=/fssmall/home/h61084/codes/tsfm/outputs_selena/covariates/time-coastal_t_s_h_part18/336_48/ts_icl/none/instance/keep/run_0 mse=0.0136634 nmse=0.574009 inference_seconds=1.267
2026-08-27 15:12:16 | configuration dataset=time/coastal_t_s_h_part18 L=336 H=48 model=ts_icl covariates=identity instance_norm=true remove_constant=false seed=1 batch_size=32
[2026-08-27 15:12:19,386][data.dataset][INFO] - dataset config path=/fssmall/home/h61084/codes/datasets/time/coastal_t_s_h_part18/config.json applied_keys=['date_col', 'drop_users', 'target_cols']
[2026-08-27 15:12:19,405][evaluation.evaluator][INFO] - evaluate dataset=time/coastal_t_s_h_part18 users=3 dates=3944 windows=21 removed_constant=0 L=336 H=48 stride=512
[2026-08-27 15:12:21,524][evaluation.evaluator][INFO] - artifacts ready run=/fssmall/home/h61084/codes/tsfm/outputs_selena/covariates/time-coastal_t_s_h_part18/336_48/ts_icl/identity/instance/keep/run_0 mse=0.000257275 nmse=0.0137411 inference_seconds=1.291
2026-08-27 15:12:22 | configuration dataset=time/coastal_t_s_h_part18 L=504 H=168 model=chronos2 covariates=none instance_norm=true remove_constant=false seed=1 batch_size=64
[2026-08-27 15:12:25,495][data.dataset][INFO] - dataset config path=/fssmall/home/h61084/codes/datasets/time/coastal_t_s_h_part18/config.json applied_keys=['date_col', 'drop_users', 'target_cols']
[2026-08-27 15:12:25,514][evaluation.evaluator][INFO] - evaluate dataset=time/coastal_t_s_h_part18 users=3 dates=3944 windows=21 removed_constant=0 L=504 H=168 stride=512
[2026-08-27 15:12:31,181][evaluation.evaluator][INFO] - artifacts ready run=/fssmall/home/h61084/codes/tsfm/outputs_selena/covariates/time-coastal_t_s_h_part18/504_168/chronos2/none/instance/keep/run_0 mse=0.0423905 nmse=0.838948 inference_seconds=0.194
2026-08-27 15:12:32 | configuration dataset=time/coastal_t_s_h_part18 L=504 H=168 model=chronos2 covariates=identity instance_norm=true remove_constant=false seed=1 batch_size=64
[2026-08-27 15:12:35,302][data.dataset][INFO] - dataset config path=/fssmall/home/h61084/codes/datasets/time/coastal_t_s_h_part18/config.json applied_keys=['date_col', 'drop_users', 'target_cols']
[2026-08-27 15:12:35,322][evaluation.evaluator][INFO] - evaluate dataset=time/coastal_t_s_h_part18 users=3 dates=3944 windows=21 removed_constant=0 L=504 H=168 stride=512
[2026-08-27 15:12:41,003][evaluation.evaluator][INFO] - artifacts ready run=/fssmall/home/h61084/codes/tsfm/outputs_selena/covariates/time-coastal_t_s_h_part18/504_168/chronos2/identity/instance/keep/run_0 mse=0.000471637 nmse=0.00682531 inference_seconds=0.197
2026-08-27 15:12:42 | configuration dataset=time/coastal_t_s_h_part18 L=504 H=168 model=ts_icl covariates=none instance_norm=true remove_constant=false seed=1 batch_size=32
[2026-08-27 15:12:45,155][data.dataset][INFO] - dataset config path=/fssmall/home/h61084/codes/datasets/time/coastal_t_s_h_part18/config.json applied_keys=['date_col', 'drop_users', 'target_cols']
[2026-08-27 15:12:45,174][evaluation.evaluator][INFO] - evaluate dataset=time/coastal_t_s_h_part18 users=3 dates=3944 windows=21 removed_constant=0 L=504 H=168 stride=512
[2026-08-27 15:12:47,313][evaluation.evaluator][INFO] - artifacts ready run=/fssmall/home/h61084/codes/tsfm/outputs_selena/covariates/time-coastal_t_s_h_part18/504_168/ts_icl/none/instance/keep/run_0 mse=0.0422935 nmse=0.818164 inference_seconds=1.297
2026-08-27 15:12:48 | configuration dataset=time/coastal_t_s_h_part18 L=504 H=168 model=ts_icl covariates=identity instance_norm=true remove_constant=false seed=1 batch_size=32
[2026-08-27 15:12:51,291][data.dataset][INFO] - dataset config path=/fssmall/home/h61084/codes/datasets/time/coastal_t_s_h_part18/config.json applied_keys=['date_col', 'drop_users', 'target_cols']
[2026-08-27 15:12:51,311][evaluation.evaluator][INFO] - evaluate dataset=time/coastal_t_s_h_part18 users=3 dates=3944 windows=21 removed_constant=0 L=504 H=168 stride=512
[2026-08-27 15:12:53,450][evaluation.evaluator][INFO] - artifacts ready run=/fssmall/home/h61084/codes/tsfm/outputs_selena/covariates/time-coastal_t_s_h_part18/504_168/ts_icl/identity/instance/keep/run_0 mse=0.00193725 nmse=0.0277976 inference_seconds=1.310
2026-08-27 15:12:54 | configuration dataset=time/coastal_t_s_h_part19 L=168 H=24 model=chronos2 covariates=none instance_norm=true remove_constant=false seed=1 batch_size=64
[2026-08-27 15:12:57,411][data.dataset][INFO] - dataset config path=/fssmall/home/h61084/codes/datasets/time/coastal_t_s_h_part19/config.json applied_keys=['date_col', 'drop_users', 'target_cols']
[2026-08-27 15:12:57,431][evaluation.evaluator][INFO] - evaluate dataset=time/coastal_t_s_h_part19 users=3 dates=2733 windows=15 removed_constant=0 L=168 H=24 stride=512
[2026-08-27 15:13:03,086][evaluation.evaluator][INFO] - artifacts ready run=/fssmall/home/h61084/codes/tsfm/outputs_selena/covariates/time-coastal_t_s_h_part19/168_24/chronos2/none/instance/keep/run_0 mse=0.0453254 nmse=0.655729 inference_seconds=0.191
2026-08-27 15:13:04 | configuration dataset=time/coastal_t_s_h_part19 L=168 H=24 model=chronos2 covariates=identity instance_norm=true remove_constant=false seed=1 batch_size=64
[2026-08-27 15:13:07,190][data.dataset][INFO] - dataset config path=/fssmall/home/h61084/codes/datasets/time/coastal_t_s_h_part19/config.json applied_keys=['date_col', 'drop_users', 'target_cols']
[2026-08-27 15:13:07,208][evaluation.evaluator][INFO] - evaluate dataset=time/coastal_t_s_h_part19 users=3 dates=2733 windows=15 removed_constant=0 L=168 H=24 stride=512
[2026-08-27 15:13:12,851][evaluation.evaluator][INFO] - artifacts ready run=/fssmall/home/h61084/codes/tsfm/outputs_selena/covariates/time-coastal_t_s_h_part19/168_24/chronos2/identity/instance/keep/run_0 mse=0.00254206 nmse=0.0112309 inference_seconds=0.193
2026-08-27 15:13:14 | configuration dataset=time/coastal_t_s_h_part19 L=168 H=24 model=ts_icl covariates=none instance_norm=true remove_constant=false seed=1 batch_size=32
[2026-08-27 15:13:16,982][data.dataset][INFO] - dataset config path=/fssmall/home/h61084/codes/datasets/time/coastal_t_s_h_part19/config.json applied_keys=['date_col', 'drop_users', 'target_cols']
[2026-08-27 15:13:17,001][evaluation.evaluator][INFO] - evaluate dataset=time/coastal_t_s_h_part19 users=3 dates=2733 windows=15 removed_constant=0 L=168 H=24 stride=512
[2026-08-27 15:13:19,082][evaluation.evaluator][INFO] - artifacts ready run=/fssmall/home/h61084/codes/tsfm/outputs_selena/covariates/time-coastal_t_s_h_part19/168_24/ts_icl/none/instance/keep/run_0 mse=0.0671475 nmse=0.701578 inference_seconds=1.247
2026-08-27 15:13:20 | configuration dataset=time/coastal_t_s_h_part19 L=168 H=24 model=ts_icl covariates=identity instance_norm=true remove_constant=false seed=1 batch_size=32
[2026-08-27 15:13:23,096][data.dataset][INFO] - dataset config path=/fssmall/home/h61084/codes/datasets/time/coastal_t_s_h_part19/config.json applied_keys=['date_col', 'drop_users', 'target_cols']
[2026-08-27 15:13:23,115][evaluation.evaluator][INFO] - evaluate dataset=time/coastal_t_s_h_part19 users=3 dates=2733 windows=15 removed_constant=0 L=168 H=24 stride=512
[2026-08-27 15:13:25,243][evaluation.evaluator][INFO] - artifacts ready run=/fssmall/home/h61084/codes/tsfm/outputs_selena/covariates/time-coastal_t_s_h_part19/168_24/ts_icl/identity/instance/keep/run_0 mse=8.35244e-05 nmse=0.00197094 inference_seconds=1.291
2026-08-27 15:13:26 | configuration dataset=time/coastal_t_s_h_part19 L=336 H=48 model=chronos2 covariates=none instance_norm=true remove_constant=false seed=1 batch_size=64
[2026-08-27 15:13:29,274][data.dataset][INFO] - dataset config path=/fssmall/home/h61084/codes/datasets/time/coastal_t_s_h_part19/config.json applied_keys=['date_col', 'drop_users', 'target_cols']
[2026-08-27 15:13:29,294][evaluation.evaluator][INFO] - evaluate dataset=time/coastal_t_s_h_part19 users=3 dates=2733 windows=15 removed_constant=0 L=336 H=48 stride=512
[2026-08-27 15:13:34,937][evaluation.evaluator][INFO] - artifacts ready run=/fssmall/home/h61084/codes/tsfm/outputs_selena/covariates/time-coastal_t_s_h_part19/336_48/chronos2/none/instance/keep/run_0 mse=0.0752443 nmse=0.679843 inference_seconds=0.193
2026-08-27 15:13:36 | configuration dataset=time/coastal_t_s_h_part19 L=336 H=48 model=chronos2 covariates=identity instance_norm=true remove_constant=false seed=1 batch_size=64
[2026-08-27 15:13:39,075][data.dataset][INFO] - dataset config path=/fssmall/home/h61084/codes/datasets/time/coastal_t_s_h_part19/config.json applied_keys=['date_col', 'drop_users', 'target_cols']
[2026-08-27 15:13:39,094][evaluation.evaluator][INFO] - evaluate dataset=time/coastal_t_s_h_part19 users=3 dates=2733 windows=15 removed_constant=0 L=336 H=48 stride=512
[2026-08-27 15:13:44,758][evaluation.evaluator][INFO] - artifacts ready run=/fssmall/home/h61084/codes/tsfm/outputs_selena/covariates/time-coastal_t_s_h_part19/336_48/chronos2/identity/instance/keep/run_0 mse=0.00310996 nmse=0.0209831 inference_seconds=0.195
2026-08-27 15:13:46 | configuration dataset=time/coastal_t_s_h_part19 L=336 H=48 model=ts_icl covariates=none instance_norm=true remove_constant=false seed=1 batch_size=32
[2026-08-27 15:13:48,929][data.dataset][INFO] - dataset config path=/fssmall/home/h61084/codes/datasets/time/coastal_t_s_h_part19/config.json applied_keys=['date_col', 'drop_users', 'target_cols']
[2026-08-27 15:13:48,949][evaluation.evaluator][INFO] - evaluate dataset=time/coastal_t_s_h_part19 users=3 dates=2733 windows=15 removed_constant=0 L=336 H=48 stride=512
[2026-08-27 15:13:51,042][evaluation.evaluator][INFO] - artifacts ready run=/fssmall/home/h61084/codes/tsfm/outputs_selena/covariates/time-coastal_t_s_h_part19/336_48/ts_icl/none/instance/keep/run_0 mse=0.072842 nmse=0.646693 inference_seconds=1.261
2026-08-27 15:13:52 | configuration dataset=time/coastal_t_s_h_part19 L=336 H=48 model=ts_icl covariates=identity instance_norm=true remove_constant=false seed=1 batch_size=32
[2026-08-27 15:13:55,028][data.dataset][INFO] - dataset config path=/fssmall/home/h61084/codes/datasets/time/coastal_t_s_h_part19/config.json applied_keys=['date_col', 'drop_users', 'target_cols']
[2026-08-27 15:13:55,047][evaluation.evaluator][INFO] - evaluate dataset=time/coastal_t_s_h_part19 users=3 dates=2733 windows=15 removed_constant=0 L=336 H=48 stride=512
[2026-08-27 15:13:57,155][evaluation.evaluator][INFO] - artifacts ready run=/fssmall/home/h61084/codes/tsfm/outputs_selena/covariates/time-coastal_t_s_h_part19/336_48/ts_icl/identity/instance/keep/run_0 mse=0.00448201 nmse=0.0573467 inference_seconds=1.271
2026-08-27 15:13:58 | configuration dataset=time/coastal_t_s_h_part19 L=504 H=168 model=chronos2 covariates=none instance_norm=true remove_constant=false seed=1 batch_size=64
[2026-08-27 15:14:01,175][data.dataset][INFO] - dataset config path=/fssmall/home/h61084/codes/datasets/time/coastal_t_s_h_part19/config.json applied_keys=['date_col', 'drop_users', 'target_cols']
[2026-08-27 15:14:01,195][evaluation.evaluator][INFO] - evaluate dataset=time/coastal_t_s_h_part19 users=3 dates=2733 windows=15 removed_constant=0 L=504 H=168 stride=512
[2026-08-27 15:14:06,837][evaluation.evaluator][INFO] - artifacts ready run=/fssmall/home/h61084/codes/tsfm/outputs_selena/covariates/time-coastal_t_s_h_part19/504_168/chronos2/none/instance/keep/run_0 mse=0.0861582 nmse=0.850457 inference_seconds=0.191
2026-08-27 15:14:08 | configuration dataset=time/coastal_t_s_h_part19 L=504 H=168 model=chronos2 covariates=identity instance_norm=true remove_constant=false seed=1 batch_size=64
[2026-08-27 15:14:11,000][data.dataset][INFO] - dataset config path=/fssmall/home/h61084/codes/datasets/time/coastal_t_s_h_part19/config.json applied_keys=['date_col', 'drop_users', 'target_cols']
[2026-08-27 15:14:11,019][evaluation.evaluator][INFO] - evaluate dataset=time/coastal_t_s_h_part19 users=3 dates=2733 windows=15 removed_constant=0 L=504 H=168 stride=512
[2026-08-27 15:14:16,681][evaluation.evaluator][INFO] - artifacts ready run=/fssmall/home/h61084/codes/tsfm/outputs_selena/covariates/time-coastal_t_s_h_part19/504_168/chronos2/identity/instance/keep/run_0 mse=0.0017525 nmse=0.010326 inference_seconds=0.196
2026-08-27 15:14:18 | configuration dataset=time/coastal_t_s_h_part19 L=504 H=168 model=ts_icl covariates=none instance_norm=true remove_constant=false seed=1 batch_size=32
[2026-08-27 15:14:20,895][data.dataset][INFO] - dataset config path=/fssmall/home/h61084/codes/datasets/time/coastal_t_s_h_part19/config.json applied_keys=['date_col', 'drop_users', 'target_cols']
[2026-08-27 15:14:20,914][evaluation.evaluator][INFO] - evaluate dataset=time/coastal_t_s_h_part19 users=3 dates=2733 windows=15 removed_constant=0 L=504 H=168 stride=512
[2026-08-27 15:14:23,008][evaluation.evaluator][INFO] - artifacts ready run=/fssmall/home/h61084/codes/tsfm/outputs_selena/covariates/time-coastal_t_s_h_part19/504_168/ts_icl/none/instance/keep/run_0 mse=0.107592 nmse=1.02848 inference_seconds=1.266
2026-08-27 15:14:24 | configuration dataset=time/coastal_t_s_h_part19 L=504 H=168 model=ts_icl covariates=identity instance_norm=true remove_constant=false seed=1 batch_size=32
[2026-08-27 15:14:27,004][data.dataset][INFO] - dataset config path=/fssmall/home/h61084/codes/datasets/time/coastal_t_s_h_part19/config.json applied_keys=['date_col', 'drop_users', 'target_cols']
[2026-08-27 15:14:27,023][evaluation.evaluator][INFO] - evaluate dataset=time/coastal_t_s_h_part19 users=3 dates=2733 windows=15 removed_constant=0 L=504 H=168 stride=512
[2026-08-27 15:14:29,163][evaluation.evaluator][INFO] - artifacts ready run=/fssmall/home/h61084/codes/tsfm/outputs_selena/covariates/time-coastal_t_s_h_part19/504_168/ts_icl/identity/instance/keep/run_0 mse=0.0100614 nmse=0.08792 inference_seconds=1.303
2026-08-27 15:14:30 | configuration dataset=time/coastal_t_s_h_part20 L=168 H=24 model=chronos2 covariates=none instance_norm=true remove_constant=false seed=1 batch_size=64
[2026-08-27 15:14:33,190][data.dataset][INFO] - dataset config path=/fssmall/home/h61084/codes/datasets/time/coastal_t_s_h_part20/config.json applied_keys=['date_col', 'drop_users', 'target_cols']
[2026-08-27 15:14:33,233][evaluation.evaluator][INFO] - evaluate dataset=time/coastal_t_s_h_part20 users=3 dates=5807 windows=33 removed_constant=0 L=168 H=24 stride=512
[2026-08-27 15:14:38,882][evaluation.evaluator][INFO] - artifacts ready run=/fssmall/home/h61084/codes/tsfm/outputs_selena/covariates/time-coastal_t_s_h_part20/168_24/chronos2/none/instance/keep/run_0 mse=33.59 nmse=0.653988 inference_seconds=0.193
2026-08-27 15:14:40 | configuration dataset=time/coastal_t_s_h_part20 L=168 H=24 model=chronos2 covariates=identity instance_norm=true remove_constant=false seed=1 batch_size=64
[2026-08-27 15:14:43,032][data.dataset][INFO] - dataset config path=/fssmall/home/h61084/codes/datasets/time/coastal_t_s_h_part20/config.json applied_keys=['date_col', 'drop_users', 'target_cols']
[2026-08-27 15:14:43,052][evaluation.evaluator][INFO] - evaluate dataset=time/coastal_t_s_h_part20 users=3 dates=5807 windows=33 removed_constant=0 L=168 H=24 stride=512
[2026-08-27 15:14:48,609][evaluation.evaluator][INFO] - artifacts ready run=/fssmall/home/h61084/codes/tsfm/outputs_selena/covariates/time-coastal_t_s_h_part20/168_24/chronos2/identity/instance/keep/run_0 mse=0.200341 nmse=0.0134111 inference_seconds=0.207
2026-08-27 15:14:50 | configuration dataset=time/coastal_t_s_h_part20 L=168 H=24 model=ts_icl covariates=none instance_norm=true remove_constant=false seed=1 batch_size=32
[2026-08-27 15:14:52,787][data.dataset][INFO] - dataset config path=/fssmall/home/h61084/codes/datasets/time/coastal_t_s_h_part20/config.json applied_keys=['date_col', 'drop_users', 'target_cols']
[2026-08-27 15:14:52,808][evaluation.evaluator][INFO] - evaluate dataset=time/coastal_t_s_h_part20 users=3 dates=5807 windows=33 removed_constant=0 L=168 H=24 stride=512
[2026-08-27 15:14:54,975][evaluation.evaluator][INFO] - artifacts ready run=/fssmall/home/h61084/codes/tsfm/outputs_selena/covariates/time-coastal_t_s_h_part20/168_24/ts_icl/none/instance/keep/run_0 mse=32.8674 nmse=0.693187 inference_seconds=1.320
2026-08-27 15:14:56 | configuration dataset=time/coastal_t_s_h_part20 L=168 H=24 model=ts_icl covariates=identity instance_norm=true remove_constant=false seed=1 batch_size=32
[2026-08-27 15:14:59,015][data.dataset][INFO] - dataset config path=/fssmall/home/h61084/codes/datasets/time/coastal_t_s_h_part20/config.json applied_keys=['date_col', 'drop_users', 'target_cols']
[2026-08-27 15:14:59,038][evaluation.evaluator][INFO] - evaluate dataset=time/coastal_t_s_h_part20 users=3 dates=5807 windows=33 removed_constant=0 L=168 H=24 stride=512
[2026-08-27 15:15:01,215][evaluation.evaluator][INFO] - artifacts ready run=/fssmall/home/h61084/codes/tsfm/outputs_selena/covariates/time-coastal_t_s_h_part20/168_24/ts_icl/identity/instance/keep/run_0 mse=0.00448246 nmse=0.0022308 inference_seconds=1.309
2026-08-27 15:15:02 | configuration dataset=time/coastal_t_s_h_part20 L=336 H=48 model=chronos2 covariates=none instance_norm=true remove_constant=false seed=1 batch_size=64
[2026-08-27 15:15:05,271][data.dataset][INFO] - dataset config path=/fssmall/home/h61084/codes/datasets/time/coastal_t_s_h_part20/config.json applied_keys=['date_col', 'drop_users', 'target_cols']
[2026-08-27 15:15:05,293][evaluation.evaluator][INFO] - evaluate dataset=time/coastal_t_s_h_part20 users=3 dates=5807 windows=33 removed_constant=0 L=336 H=48 stride=512
[2026-08-27 15:15:11,045][evaluation.evaluator][INFO] - artifacts ready run=/fssmall/home/h61084/codes/tsfm/outputs_selena/covariates/time-coastal_t_s_h_part20/336_48/chronos2/none/instance/keep/run_0 mse=30.5092 nmse=1.45752 inference_seconds=0.194
2026-08-27 15:15:12 | configuration dataset=time/coastal_t_s_h_part20 L=336 H=48 model=chronos2 covariates=identity instance_norm=true remove_constant=false seed=1 batch_size=64
[2026-08-27 15:15:15,175][data.dataset][INFO] - dataset config path=/fssmall/home/h61084/codes/datasets/time/coastal_t_s_h_part20/config.json applied_keys=['date_col', 'drop_users', 'target_cols']
[2026-08-27 15:15:15,196][evaluation.evaluator][INFO] - evaluate dataset=time/coastal_t_s_h_part20 users=3 dates=5807 windows=33 removed_constant=0 L=336 H=48 stride=512
[2026-08-27 15:15:20,877][evaluation.evaluator][INFO] - artifacts ready run=/fssmall/home/h61084/codes/tsfm/outputs_selena/covariates/time-coastal_t_s_h_part20/336_48/chronos2/identity/instance/keep/run_0 mse=0.163181 nmse=0.0377097 inference_seconds=0.199
2026-08-27 15:15:22 | configuration dataset=time/coastal_t_s_h_part20 L=336 H=48 model=ts_icl covariates=none instance_norm=true remove_constant=false seed=1 batch_size=32
[2026-08-27 15:15:25,153][data.dataset][INFO] - dataset config path=/fssmall/home/h61084/codes/datasets/time/coastal_t_s_h_part20/config.json applied_keys=['date_col', 'drop_users', 'target_cols']
[2026-08-27 15:15:25,175][evaluation.evaluator][INFO] - evaluate dataset=time/coastal_t_s_h_part20 users=3 dates=5807 windows=33 removed_constant=0 L=336 H=48 stride=512
[2026-08-27 15:15:27,330][evaluation.evaluator][INFO] - artifacts ready run=/fssmall/home/h61084/codes/tsfm/outputs_selena/covariates/time-coastal_t_s_h_part20/336_48/ts_icl/none/instance/keep/run_0 mse=30.2514 nmse=1.49947 inference_seconds=1.307
2026-08-27 15:15:28 | configuration dataset=time/coastal_t_s_h_part20 L=336 H=48 model=ts_icl covariates=identity instance_norm=true remove_constant=false seed=1 batch_size=32
[2026-08-27 15:15:31,417][data.dataset][INFO] - dataset config path=/fssmall/home/h61084/codes/datasets/time/coastal_t_s_h_part20/config.json applied_keys=['date_col', 'drop_users', 'target_cols']
[2026-08-27 15:15:31,438][evaluation.evaluator][INFO] - evaluate dataset=time/coastal_t_s_h_part20 users=3 dates=5807 windows=33 removed_constant=0 L=336 H=48 stride=512
[2026-08-27 15:15:33,622][evaluation.evaluator][INFO] - artifacts ready run=/fssmall/home/h61084/codes/tsfm/outputs_selena/covariates/time-coastal_t_s_h_part20/336_48/ts_icl/identity/instance/keep/run_0 mse=0.00530968 nmse=0.0439302 inference_seconds=1.328
2026-08-27 15:15:35 | configuration dataset=time/coastal_t_s_h_part20 L=504 H=168 model=chronos2 covariates=none instance_norm=true remove_constant=false seed=1 batch_size=64
[2026-08-27 15:15:37,643][data.dataset][INFO] - dataset config path=/fssmall/home/h61084/codes/datasets/time/coastal_t_s_h_part20/config.json applied_keys=['date_col', 'drop_users', 'target_cols']
[2026-08-27 15:15:37,664][evaluation.evaluator][INFO] - evaluate dataset=time/coastal_t_s_h_part20 users=3 dates=5807 windows=33 removed_constant=0 L=504 H=168 stride=512
[2026-08-27 15:15:43,300][evaluation.evaluator][INFO] - artifacts ready run=/fssmall/home/h61084/codes/tsfm/outputs_selena/covariates/time-coastal_t_s_h_part20/504_168/chronos2/none/instance/keep/run_0 mse=43.5075 nmse=1.75258 inference_seconds=0.197
2026-08-27 15:15:44 | configuration dataset=time/coastal_t_s_h_part20 L=504 H=168 model=chronos2 covariates=identity instance_norm=true remove_constant=false seed=1 batch_size=64
[2026-08-27 15:15:47,430][data.dataset][INFO] - dataset config path=/fssmall/home/h61084/codes/datasets/time/coastal_t_s_h_part20/config.json applied_keys=['date_col', 'drop_users', 'target_cols']
[2026-08-27 15:15:47,451][evaluation.evaluator][INFO] - evaluate dataset=time/coastal_t_s_h_part20 users=3 dates=5807 windows=33 removed_constant=0 L=504 H=168 stride=512
[2026-08-27 15:15:53,090][evaluation.evaluator][INFO] - artifacts ready run=/fssmall/home/h61084/codes/tsfm/outputs_selena/covariates/time-coastal_t_s_h_part20/504_168/chronos2/identity/instance/keep/run_0 mse=0.358945 nmse=0.0116493 inference_seconds=0.206
2026-08-27 15:15:54 | configuration dataset=time/coastal_t_s_h_part20 L=504 H=168 model=ts_icl covariates=none instance_norm=true remove_constant=false seed=1 batch_size=32
[2026-08-27 15:15:57,234][data.dataset][INFO] - dataset config path=/fssmall/home/h61084/codes/datasets/time/coastal_t_s_h_part20/config.json applied_keys=['date_col', 'drop_users', 'target_cols']
[2026-08-27 15:15:57,255][evaluation.evaluator][INFO] - evaluate dataset=time/coastal_t_s_h_part20 users=3 dates=5807 windows=33 removed_constant=0 L=504 H=168 stride=512
[2026-08-27 15:15:59,418][evaluation.evaluator][INFO] - artifacts ready run=/fssmall/home/h61084/codes/tsfm/outputs_selena/covariates/time-coastal_t_s_h_part20/504_168/ts_icl/none/instance/keep/run_0 mse=73.8859 nmse=1.93552 inference_seconds=1.322
2026-08-27 15:16:00 | configuration dataset=time/coastal_t_s_h_part20 L=504 H=168 model=ts_icl covariates=identity instance_norm=true remove_constant=false seed=1 batch_size=32
[2026-08-27 15:16:03,519][data.dataset][INFO] - dataset config path=/fssmall/home/h61084/codes/datasets/time/coastal_t_s_h_part20/config.json applied_keys=['date_col', 'drop_users', 'target_cols']
[2026-08-27 15:16:03,546][evaluation.evaluator][INFO] - evaluate dataset=time/coastal_t_s_h_part20 users=3 dates=5807 windows=33 removed_constant=0 L=504 H=168 stride=512
[2026-08-27 15:16:05,752][evaluation.evaluator][INFO] - artifacts ready run=/fssmall/home/h61084/codes/tsfm/outputs_selena/covariates/time-coastal_t_s_h_part20/504_168/ts_icl/identity/instance/keep/run_0 mse=0.310757 nmse=0.00282851 inference_seconds=1.347
2026-08-27 15:16:07 | configuration dataset=time/coastal_t_s_h_part21 L=168 H=24 model=chronos2 covariates=none instance_norm=true remove_constant=false seed=1 batch_size=64
[2026-08-27 15:16:09,835][data.dataset][INFO] - dataset config path=/fssmall/home/h61084/codes/datasets/time/coastal_t_s_h_part21/config.json applied_keys=['date_col', 'drop_users', 'target_cols']
[2026-08-27 15:16:09,857][evaluation.evaluator][INFO] - evaluate dataset=time/coastal_t_s_h_part21 users=3 dates=3986 windows=24 removed_constant=0 L=168 H=24 stride=512
[2026-08-27 15:16:15,482][evaluation.evaluator][INFO] - artifacts ready run=/fssmall/home/h61084/codes/tsfm/outputs_selena/covariates/time-coastal_t_s_h_part21/168_24/chronos2/none/instance/keep/run_0 mse=0.0129028 nmse=0.526771 inference_seconds=0.193
2026-08-27 15:16:17 | configuration dataset=time/coastal_t_s_h_part21 L=168 H=24 model=chronos2 covariates=identity instance_norm=true remove_constant=false seed=1 batch_size=64
[2026-08-27 15:16:19,753][data.dataset][INFO] - dataset config path=/fssmall/home/h61084/codes/datasets/time/coastal_t_s_h_part21/config.json applied_keys=['date_col', 'drop_users', 'target_cols']
[2026-08-27 15:16:19,772][evaluation.evaluator][INFO] - evaluate dataset=time/coastal_t_s_h_part21 users=3 dates=3986 windows=24 removed_constant=0 L=168 H=24 stride=512
[2026-08-27 15:16:25,464][evaluation.evaluator][INFO] - artifacts ready run=/fssmall/home/h61084/codes/tsfm/outputs_selena/covariates/time-coastal_t_s_h_part21/168_24/chronos2/identity/instance/keep/run_0 mse=0.000418538 nmse=0.0116137 inference_seconds=0.195
2026-08-27 15:16:27 | configuration dataset=time/coastal_t_s_h_part21 L=168 H=24 model=ts_icl covariates=none instance_norm=true remove_constant=false seed=1 batch_size=32
[2026-08-27 15:16:29,710][data.dataset][INFO] - dataset config path=/fssmall/home/h61084/codes/datasets/time/coastal_t_s_h_part21/config.json applied_keys=['date_col', 'drop_users', 'target_cols']
[2026-08-27 15:16:29,730][evaluation.evaluator][INFO] - evaluate dataset=time/coastal_t_s_h_part21 users=3 dates=3986 windows=24 removed_constant=0 L=168 H=24 stride=512
[2026-08-27 15:16:31,823][evaluation.evaluator][INFO] - artifacts ready run=/fssmall/home/h61084/codes/tsfm/outputs_selena/covariates/time-coastal_t_s_h_part21/168_24/ts_icl/none/instance/keep/run_0 mse=0.0141333 nmse=0.533538 inference_seconds=1.258
2026-08-27 15:16:33 | configuration dataset=time/coastal_t_s_h_part21 L=168 H=24 model=ts_icl covariates=identity instance_norm=true remove_constant=false seed=1 batch_size=32
[2026-08-27 15:16:35,876][data.dataset][INFO] - dataset config path=/fssmall/home/h61084/codes/datasets/time/coastal_t_s_h_part21/config.json applied_keys=['date_col', 'drop_users', 'target_cols']
[2026-08-27 15:16:35,895][evaluation.evaluator][INFO] - evaluate dataset=time/coastal_t_s_h_part21 users=3 dates=3986 windows=24 removed_constant=0 L=168 H=24 stride=512
[2026-08-27 15:16:38,028][evaluation.evaluator][INFO] - artifacts ready run=/fssmall/home/h61084/codes/tsfm/outputs_selena/covariates/time-coastal_t_s_h_part21/168_24/ts_icl/identity/instance/keep/run_0 mse=0.00150899 nmse=0.0754702 inference_seconds=1.283
2026-08-27 15:16:39 | configuration dataset=time/coastal_t_s_h_part21 L=336 H=48 model=chronos2 covariates=none instance_norm=true remove_constant=false seed=1 batch_size=64
[2026-08-27 15:16:42,130][data.dataset][INFO] - dataset config path=/fssmall/home/h61084/codes/datasets/time/coastal_t_s_h_part21/config.json applied_keys=['date_col', 'drop_users', 'target_cols']
[2026-08-27 15:16:42,150][evaluation.evaluator][INFO] - evaluate dataset=time/coastal_t_s_h_part21 users=3 dates=3986 windows=24 removed_constant=0 L=336 H=48 stride=512
[2026-08-27 15:16:47,764][evaluation.evaluator][INFO] - artifacts ready run=/fssmall/home/h61084/codes/tsfm/outputs_selena/covariates/time-coastal_t_s_h_part21/336_48/chronos2/none/instance/keep/run_0 mse=0.0224969 nmse=1.16368 inference_seconds=0.192
2026-08-27 15:16:49 | configuration dataset=time/coastal_t_s_h_part21 L=336 H=48 model=chronos2 covariates=identity instance_norm=true remove_constant=false seed=1 batch_size=64
[2026-08-27 15:16:51,999][data.dataset][INFO] - dataset config path=/fssmall/home/h61084/codes/datasets/time/coastal_t_s_h_part21/config.json applied_keys=['date_col', 'drop_users', 'target_cols']
[2026-08-27 15:16:52,018][evaluation.evaluator][INFO] - evaluate dataset=time/coastal_t_s_h_part21 users=3 dates=3986 windows=24 removed_constant=0 L=336 H=48 stride=512
[2026-08-27 15:16:57,647][evaluation.evaluator][INFO] - artifacts ready run=/fssmall/home/h61084/codes/tsfm/outputs_selena/covariates/time-coastal_t_s_h_part21/336_48/chronos2/identity/instance/keep/run_0 mse=0.0059859 nmse=0.0241219 inference_seconds=0.196
2026-08-27 15:16:59 | configuration dataset=time/coastal_t_s_h_part21 L=336 H=48 model=ts_icl covariates=none instance_norm=true remove_constant=false seed=1 batch_size=32
[2026-08-27 15:17:01,887][data.dataset][INFO] - dataset config path=/fssmall/home/h61084/codes/datasets/time/coastal_t_s_h_part21/config.json applied_keys=['date_col', 'drop_users', 'target_cols']
[2026-08-27 15:17:01,908][evaluation.evaluator][INFO] - evaluate dataset=time/coastal_t_s_h_part21 users=3 dates=3986 windows=24 removed_constant=0 L=336 H=48 stride=512
[2026-08-27 15:17:04,033][evaluation.evaluator][INFO] - artifacts ready run=/fssmall/home/h61084/codes/tsfm/outputs_selena/covariates/time-coastal_t_s_h_part21/336_48/ts_icl/none/instance/keep/run_0 mse=0.0196954 nmse=1.15888 inference_seconds=1.273
2026-08-27 15:17:05 | configuration dataset=time/coastal_t_s_h_part21 L=336 H=48 model=ts_icl covariates=identity instance_norm=true remove_constant=false seed=1 batch_size=32
[2026-08-27 15:17:08,155][data.dataset][INFO] - dataset config path=/fssmall/home/h61084/codes/datasets/time/coastal_t_s_h_part21/config.json applied_keys=['date_col', 'drop_users', 'target_cols']
[2026-08-27 15:17:08,174][evaluation.evaluator][INFO] - evaluate dataset=time/coastal_t_s_h_part21 users=3 dates=3986 windows=24 removed_constant=0 L=336 H=48 stride=512
[2026-08-27 15:17:10,295][evaluation.evaluator][INFO] - artifacts ready run=/fssmall/home/h61084/codes/tsfm/outputs_selena/covariates/time-coastal_t_s_h_part21/336_48/ts_icl/identity/instance/keep/run_0 mse=0.00641831 nmse=0.121199 inference_seconds=1.293
2026-08-27 15:17:11 | configuration dataset=time/coastal_t_s_h_part21 L=504 H=168 model=chronos2 covariates=none instance_norm=true remove_constant=false seed=1 batch_size=64
[2026-08-27 15:17:14,392][data.dataset][INFO] - dataset config path=/fssmall/home/h61084/codes/datasets/time/coastal_t_s_h_part21/config.json applied_keys=['date_col', 'drop_users', 'target_cols']
[2026-08-27 15:17:14,413][evaluation.evaluator][INFO] - evaluate dataset=time/coastal_t_s_h_part21 users=3 dates=3986 windows=21 removed_constant=0 L=504 H=168 stride=512
[2026-08-27 15:17:20,167][evaluation.evaluator][INFO] - artifacts ready run=/fssmall/home/h61084/codes/tsfm/outputs_selena/covariates/time-coastal_t_s_h_part21/504_168/chronos2/none/instance/keep/run_0 mse=0.0400702 nmse=1.11991 inference_seconds=0.193
2026-08-27 15:17:21 | configuration dataset=time/coastal_t_s_h_part21 L=504 H=168 model=chronos2 covariates=identity instance_norm=true remove_constant=false seed=1 batch_size=64
[2026-08-27 15:17:24,414][data.dataset][INFO] - dataset config path=/fssmall/home/h61084/codes/datasets/time/coastal_t_s_h_part21/config.json applied_keys=['date_col', 'drop_users', 'target_cols']
[2026-08-27 15:17:24,434][evaluation.evaluator][INFO] - evaluate dataset=time/coastal_t_s_h_part21 users=3 dates=3986 windows=21 removed_constant=0 L=504 H=168 stride=512
[2026-08-27 15:17:30,132][evaluation.evaluator][INFO] - artifacts ready run=/fssmall/home/h61084/codes/tsfm/outputs_selena/covariates/time-coastal_t_s_h_part21/504_168/chronos2/identity/instance/keep/run_0 mse=0.00104612 nmse=0.0105096 inference_seconds=0.198
2026-08-27 15:17:31 | configuration dataset=time/coastal_t_s_h_part21 L=504 H=168 model=ts_icl covariates=none instance_norm=true remove_constant=false seed=1 batch_size=32
[2026-08-27 15:17:34,384][data.dataset][INFO] - dataset config path=/fssmall/home/h61084/codes/datasets/time/coastal_t_s_h_part21/config.json applied_keys=['date_col', 'drop_users', 'target_cols']
[2026-08-27 15:17:34,404][evaluation.evaluator][INFO] - evaluate dataset=time/coastal_t_s_h_part21 users=3 dates=3986 windows=21 removed_constant=0 L=504 H=168 stride=512
[2026-08-27 15:17:36,527][evaluation.evaluator][INFO] - artifacts ready run=/fssmall/home/h61084/codes/tsfm/outputs_selena/covariates/time-coastal_t_s_h_part21/504_168/ts_icl/none/instance/keep/run_0 mse=0.0645043 nmse=1.22341 inference_seconds=1.286
2026-08-27 15:17:38 | configuration dataset=time/coastal_t_s_h_part21 L=504 H=168 model=ts_icl covariates=identity instance_norm=true remove_constant=false seed=1 batch_size=32
[2026-08-27 15:17:40,654][data.dataset][INFO] - dataset config path=/fssmall/home/h61084/codes/datasets/time/coastal_t_s_h_part21/config.json applied_keys=['date_col', 'drop_users', 'target_cols']
[2026-08-27 15:17:40,673][evaluation.evaluator][INFO] - evaluate dataset=time/coastal_t_s_h_part21 users=3 dates=3986 windows=21 removed_constant=0 L=504 H=168 stride=512
[2026-08-27 15:17:42,809][evaluation.evaluator][INFO] - artifacts ready run=/fssmall/home/h61084/codes/tsfm/outputs_selena/covariates/time-coastal_t_s_h_part21/504_168/ts_icl/identity/instance/keep/run_0 mse=0.00445361 nmse=0.0199487 inference_seconds=1.295
2026-08-27 15:17:44 | configuration dataset=time/coastal_t_s_h_part22 L=168 H=24 model=chronos2 covariates=none instance_norm=true remove_constant=false seed=1 batch_size=64
[2026-08-27 15:17:46,960][data.dataset][INFO] - dataset config path=/fssmall/home/h61084/codes/datasets/time/coastal_t_s_h_part22/config.json applied_keys=['date_col', 'drop_users', 'target_cols']
[2026-08-27 15:17:46,983][evaluation.evaluator][INFO] - evaluate dataset=time/coastal_t_s_h_part22 users=3 dates=5128 windows=30 removed_constant=0 L=168 H=24 stride=512
[2026-08-27 15:17:52,768][evaluation.evaluator][INFO] - artifacts ready run=/fssmall/home/h61084/codes/tsfm/outputs_selena/covariates/time-coastal_t_s_h_part22/168_24/chronos2/none/instance/keep/run_0 mse=0.0495534 nmse=1.44159 inference_seconds=0.193
2026-08-27 15:17:54 | configuration dataset=time/coastal_t_s_h_part22 L=168 H=24 model=chronos2 covariates=identity instance_norm=true remove_constant=false seed=1 batch_size=64
[2026-08-27 15:17:57,089][data.dataset][INFO] - dataset config path=/fssmall/home/h61084/codes/datasets/time/coastal_t_s_h_part22/config.json applied_keys=['date_col', 'drop_users', 'target_cols']
[2026-08-27 15:17:57,111][evaluation.evaluator][INFO] - evaluate dataset=time/coastal_t_s_h_part22 users=3 dates=5128 windows=30 removed_constant=0 L=168 H=24 stride=512
[2026-08-27 15:18:02,845][evaluation.evaluator][INFO] - artifacts ready run=/fssmall/home/h61084/codes/tsfm/outputs_selena/covariates/time-coastal_t_s_h_part22/168_24/chronos2/identity/instance/keep/run_0 mse=0.00139911 nmse=0.0521862 inference_seconds=0.197
2026-08-27 15:18:04 | configuration dataset=time/coastal_t_s_h_part22 L=168 H=24 model=ts_icl covariates=none instance_norm=true remove_constant=false seed=1 batch_size=32
[2026-08-27 15:18:07,142][data.dataset][INFO] - dataset config path=/fssmall/home/h61084/codes/datasets/time/coastal_t_s_h_part22/config.json applied_keys=['date_col', 'drop_users', 'target_cols']
[2026-08-27 15:18:07,165][evaluation.evaluator][INFO] - evaluate dataset=time/coastal_t_s_h_part22 users=3 dates=5128 windows=30 removed_constant=0 L=168 H=24 stride=512
[2026-08-27 15:18:09,302][evaluation.evaluator][INFO] - artifacts ready run=/fssmall/home/h61084/codes/tsfm/outputs_selena/covariates/time-coastal_t_s_h_part22/168_24/ts_icl/none/instance/keep/run_0 mse=0.0445668 nmse=1.56314 inference_seconds=1.276
2026-08-27 15:18:10 | configuration dataset=time/coastal_t_s_h_part22 L=168 H=24 model=ts_icl covariates=identity instance_norm=true remove_constant=false seed=1 batch_size=32
[2026-08-27 15:18:13,438][data.dataset][INFO] - dataset config path=/fssmall/home/h61084/codes/datasets/time/coastal_t_s_h_part22/config.json applied_keys=['date_col', 'drop_users', 'target_cols']
[2026-08-27 15:18:13,459][evaluation.evaluator][INFO] - evaluate dataset=time/coastal_t_s_h_part22 users=3 dates=5128 windows=30 removed_constant=0 L=168 H=24 stride=512
[2026-08-27 15:18:15,596][evaluation.evaluator][INFO] - artifacts ready run=/fssmall/home/h61084/codes/tsfm/outputs_selena/covariates/time-coastal_t_s_h_part22/168_24/ts_icl/identity/instance/keep/run_0 mse=0.0046522 nmse=0.234806 inference_seconds=1.290
2026-08-27 15:18:17 | configuration dataset=time/coastal_t_s_h_part22 L=336 H=48 model=chronos2 covariates=none instance_norm=true remove_constant=false seed=1 batch_size=64
[2026-08-27 15:18:19,717][data.dataset][INFO] - dataset config path=/fssmall/home/h61084/codes/datasets/time/coastal_t_s_h_part22/config.json applied_keys=['date_col', 'drop_users', 'target_cols']
[2026-08-27 15:18:19,739][evaluation.evaluator][INFO] - evaluate dataset=time/coastal_t_s_h_part22 users=3 dates=5128 windows=30 removed_constant=0 L=336 H=48 stride=512
[2026-08-27 15:18:25,442][evaluation.evaluator][INFO] - artifacts ready run=/fssmall/home/h61084/codes/tsfm/outputs_selena/covariates/time-coastal_t_s_h_part22/336_48/chronos2/none/instance/keep/run_0 mse=0.0576638 nmse=0.689314 inference_seconds=0.195
2026-08-27 15:18:27 | configuration dataset=time/coastal_t_s_h_part22 L=336 H=48 model=chronos2 covariates=identity instance_norm=true remove_constant=false seed=1 batch_size=64
[2026-08-27 15:18:29,772][data.dataset][INFO] - dataset config path=/fssmall/home/h61084/codes/datasets/time/coastal_t_s_h_part22/config.json applied_keys=['date_col', 'drop_users', 'target_cols']
[2026-08-27 15:18:29,793][evaluation.evaluator][INFO] - evaluate dataset=time/coastal_t_s_h_part22 users=3 dates=5128 windows=30 removed_constant=0 L=336 H=48 stride=512
[2026-08-27 15:18:35,479][evaluation.evaluator][INFO] - artifacts ready run=/fssmall/home/h61084/codes/tsfm/outputs_selena/covariates/time-coastal_t_s_h_part22/336_48/chronos2/identity/instance/keep/run_0 mse=0.000499022 nmse=0.00599945 inference_seconds=0.199
2026-08-27 15:18:37 | configuration dataset=time/coastal_t_s_h_part22 L=336 H=48 model=ts_icl covariates=none instance_norm=true remove_constant=false seed=1 batch_size=32
[2026-08-27 15:18:39,831][data.dataset][INFO] - dataset config path=/fssmall/home/h61084/codes/datasets/time/coastal_t_s_h_part22/config.json applied_keys=['date_col', 'drop_users', 'target_cols']
[2026-08-27 15:18:39,859][evaluation.evaluator][INFO] - evaluate dataset=time/coastal_t_s_h_part22 users=3 dates=5128 windows=30 removed_constant=0 L=336 H=48 stride=512
[2026-08-27 15:18:41,991][evaluation.evaluator][INFO] - artifacts ready run=/fssmall/home/h61084/codes/tsfm/outputs_selena/covariates/time-coastal_t_s_h_part22/336_48/ts_icl/none/instance/keep/run_0 mse=0.0507834 nmse=0.657217 inference_seconds=1.283
2026-08-27 15:18:43 | configuration dataset=time/coastal_t_s_h_part22 L=336 H=48 model=ts_icl covariates=identity instance_norm=true remove_constant=false seed=1 batch_size=32
[2026-08-27 15:18:46,119][data.dataset][INFO] - dataset config path=/fssmall/home/h61084/codes/datasets/time/coastal_t_s_h_part22/config.json applied_keys=['date_col', 'drop_users', 'target_cols']
[2026-08-27 15:18:46,140][evaluation.evaluator][INFO] - evaluate dataset=time/coastal_t_s_h_part22 users=3 dates=5128 windows=30 removed_constant=0 L=336 H=48 stride=512
[2026-08-27 15:18:48,299][evaluation.evaluator][INFO] - artifacts ready run=/fssmall/home/h61084/codes/tsfm/outputs_selena/covariates/time-coastal_t_s_h_part22/336_48/ts_icl/identity/instance/keep/run_0 mse=0.00297976 nmse=0.0401038 inference_seconds=1.303
2026-08-27 15:18:49 | configuration dataset=time/coastal_t_s_h_part22 L=504 H=168 model=chronos2 covariates=none instance_norm=true remove_constant=false seed=1 batch_size=64
[2026-08-27 15:18:52,415][data.dataset][INFO] - dataset config path=/fssmall/home/h61084/codes/datasets/time/coastal_t_s_h_part22/config.json applied_keys=['date_col', 'drop_users', 'target_cols']
[2026-08-27 15:18:52,436][evaluation.evaluator][INFO] - evaluate dataset=time/coastal_t_s_h_part22 users=3 dates=5128 windows=27 removed_constant=0 L=504 H=168 stride=512
[2026-08-27 15:18:58,112][evaluation.evaluator][INFO] - artifacts ready run=/fssmall/home/h61084/codes/tsfm/outputs_selena/covariates/time-coastal_t_s_h_part22/504_168/chronos2/none/instance/keep/run_0 mse=0.14642 nmse=2.75943 inference_seconds=0.193
2026-08-27 15:18:59 | configuration dataset=time/coastal_t_s_h_part22 L=504 H=168 model=chronos2 covariates=identity instance_norm=true remove_constant=false seed=1 batch_size=64
[2026-08-27 15:19:02,387][data.dataset][INFO] - dataset config path=/fssmall/home/h61084/codes/datasets/time/coastal_t_s_h_part22/config.json applied_keys=['date_col', 'drop_users', 'target_cols']
[2026-08-27 15:19:02,409][evaluation.evaluator][INFO] - evaluate dataset=time/coastal_t_s_h_part22 users=3 dates=5128 windows=27 removed_constant=0 L=504 H=168 stride=512
[2026-08-27 15:19:08,090][evaluation.evaluator][INFO] - artifacts ready run=/fssmall/home/h61084/codes/tsfm/outputs_selena/covariates/time-coastal_t_s_h_part22/504_168/chronos2/identity/instance/keep/run_0 mse=0.0015203 nmse=0.0389306 inference_seconds=0.198
2026-08-27 15:19:09 | configuration dataset=time/coastal_t_s_h_part22 L=504 H=168 model=ts_icl covariates=none instance_norm=true remove_constant=false seed=1 batch_size=32
[2026-08-27 15:19:12,397][data.dataset][INFO] - dataset config path=/fssmall/home/h61084/codes/datasets/time/coastal_t_s_h_part22/config.json applied_keys=['date_col', 'drop_users', 'target_cols']
[2026-08-27 15:19:12,418][evaluation.evaluator][INFO] - evaluate dataset=time/coastal_t_s_h_part22 users=3 dates=5128 windows=27 removed_constant=0 L=504 H=168 stride=512
[2026-08-27 15:19:14,567][evaluation.evaluator][INFO] - artifacts ready run=/fssmall/home/h61084/codes/tsfm/outputs_selena/covariates/time-coastal_t_s_h_part22/504_168/ts_icl/none/instance/keep/run_0 mse=0.163283 nmse=2.83452 inference_seconds=1.317
2026-08-27 15:19:16 | configuration dataset=time/coastal_t_s_h_part22 L=504 H=168 model=ts_icl covariates=identity instance_norm=true remove_constant=false seed=1 batch_size=32
[2026-08-27 15:19:18,676][data.dataset][INFO] - dataset config path=/fssmall/home/h61084/codes/datasets/time/coastal_t_s_h_part22/config.json applied_keys=['date_col', 'drop_users', 'target_cols']
[2026-08-27 15:19:18,697][evaluation.evaluator][INFO] - evaluate dataset=time/coastal_t_s_h_part22 users=3 dates=5128 windows=27 removed_constant=0 L=504 H=168 stride=512
[2026-08-27 15:19:20,850][evaluation.evaluator][INFO] - artifacts ready run=/fssmall/home/h61084/codes/tsfm/outputs_selena/covariates/time-coastal_t_s_h_part22/504_168/ts_icl/identity/instance/keep/run_0 mse=0.00405631 nmse=0.0215283 inference_seconds=1.325
2026-08-27 15:19:22 | configuration dataset=time/coastal_t_s_h_part23 L=168 H=24 model=chronos2 covariates=none instance_norm=true remove_constant=false seed=1 batch_size=64
[2026-08-27 15:19:24,975][data.dataset][INFO] - dataset config path=/fssmall/home/h61084/codes/datasets/time/coastal_t_s_h_part23/config.json applied_keys=['date_col', 'drop_users', 'target_cols']
[2026-08-27 15:19:24,996][evaluation.evaluator][INFO] - evaluate dataset=time/coastal_t_s_h_part23 users=3 dates=4172 windows=24 removed_constant=0 L=168 H=24 stride=512
[2026-08-27 15:19:30,786][evaluation.evaluator][INFO] - artifacts ready run=/fssmall/home/h61084/codes/tsfm/outputs_selena/covariates/time-coastal_t_s_h_part23/168_24/chronos2/none/instance/keep/run_0 mse=1.64193 nmse=0.879102 inference_seconds=0.197
2026-08-27 15:19:32 | configuration dataset=time/coastal_t_s_h_part23 L=168 H=24 model=chronos2 covariates=identity instance_norm=true remove_constant=false seed=1 batch_size=64
[2026-08-27 15:19:35,057][data.dataset][INFO] - dataset config path=/fssmall/home/h61084/codes/datasets/time/coastal_t_s_h_part23/config.json applied_keys=['date_col', 'drop_users', 'target_cols']
[2026-08-27 15:19:35,076][evaluation.evaluator][INFO] - evaluate dataset=time/coastal_t_s_h_part23 users=3 dates=4172 windows=24 removed_constant=0 L=168 H=24 stride=512
[2026-08-27 15:19:40,786][evaluation.evaluator][INFO] - artifacts ready run=/fssmall/home/h61084/codes/tsfm/outputs_selena/covariates/time-coastal_t_s_h_part23/168_24/chronos2/identity/instance/keep/run_0 mse=0.0513901 nmse=0.0211655 inference_seconds=0.196
2026-08-27 15:19:42 | configuration dataset=time/coastal_t_s_h_part23 L=168 H=24 model=ts_icl covariates=none instance_norm=true remove_constant=false seed=1 batch_size=32
[2026-08-27 15:19:45,079][data.dataset][INFO] - dataset config path=/fssmall/home/h61084/codes/datasets/time/coastal_t_s_h_part23/config.json applied_keys=['date_col', 'drop_users', 'target_cols']
[2026-08-27 15:19:45,100][evaluation.evaluator][INFO] - evaluate dataset=time/coastal_t_s_h_part23 users=3 dates=4172 windows=24 removed_constant=0 L=168 H=24 stride=512
[2026-08-27 15:19:47,223][evaluation.evaluator][INFO] - artifacts ready run=/fssmall/home/h61084/codes/tsfm/outputs_selena/covariates/time-coastal_t_s_h_part23/168_24/ts_icl/none/instance/keep/run_0 mse=1.74059 nmse=0.893752 inference_seconds=1.287
2026-08-27 15:19:48 | configuration dataset=time/coastal_t_s_h_part23 L=168 H=24 model=ts_icl covariates=identity instance_norm=true remove_constant=false seed=1 batch_size=32
[2026-08-27 15:19:51,338][data.dataset][INFO] - dataset config path=/fssmall/home/h61084/codes/datasets/time/coastal_t_s_h_part23/config.json applied_keys=['date_col', 'drop_users', 'target_cols']
[2026-08-27 15:19:51,358][evaluation.evaluator][INFO] - evaluate dataset=time/coastal_t_s_h_part23 users=3 dates=4172 windows=24 removed_constant=0 L=168 H=24 stride=512
[2026-08-27 15:19:53,497][evaluation.evaluator][INFO] - artifacts ready run=/fssmall/home/h61084/codes/tsfm/outputs_selena/covariates/time-coastal_t_s_h_part23/168_24/ts_icl/identity/instance/keep/run_0 mse=0.466844 nmse=0.132289 inference_seconds=1.298
2026-08-27 15:19:55 | configuration dataset=time/coastal_t_s_h_part23 L=336 H=48 model=chronos2 covariates=none instance_norm=true remove_constant=false seed=1 batch_size=64
[2026-08-27 15:19:57,758][data.dataset][INFO] - dataset config path=/fssmall/home/h61084/codes/datasets/time/coastal_t_s_h_part23/config.json applied_keys=['date_col', 'drop_users', 'target_cols']
[2026-08-27 15:19:57,777][evaluation.evaluator][INFO] - evaluate dataset=time/coastal_t_s_h_part23 users=3 dates=4172 windows=24 removed_constant=0 L=336 H=48 stride=512
[2026-08-27 15:20:03,468][evaluation.evaluator][INFO] - artifacts ready run=/fssmall/home/h61084/codes/tsfm/outputs_selena/covariates/time-coastal_t_s_h_part23/336_48/chronos2/none/instance/keep/run_0 mse=0.439091 nmse=0.609015 inference_seconds=0.195
2026-08-27 15:20:05 | configuration dataset=time/coastal_t_s_h_part23 L=336 H=48 model=chronos2 covariates=identity instance_norm=true remove_constant=false seed=1 batch_size=64
[2026-08-27 15:20:07,769][data.dataset][INFO] - dataset config path=/fssmall/home/h61084/codes/datasets/time/coastal_t_s_h_part23/config.json applied_keys=['date_col', 'drop_users', 'target_cols']
[2026-08-27 15:20:07,789][evaluation.evaluator][INFO] - evaluate dataset=time/coastal_t_s_h_part23 users=3 dates=4172 windows=24 removed_constant=0 L=336 H=48 stride=512
[2026-08-27 15:20:13,388][evaluation.evaluator][INFO] - artifacts ready run=/fssmall/home/h61084/codes/tsfm/outputs_selena/covariates/time-coastal_t_s_h_part23/336_48/chronos2/identity/instance/keep/run_0 mse=0.00518361 nmse=0.00551078 inference_seconds=0.197
2026-08-27 15:20:15 | configuration dataset=time/coastal_t_s_h_part23 L=336 H=48 model=ts_icl covariates=none instance_norm=true remove_constant=false seed=1 batch_size=32
[2026-08-27 15:20:17,608][data.dataset][INFO] - dataset config path=/fssmall/home/h61084/codes/datasets/time/coastal_t_s_h_part23/config.json applied_keys=['date_col', 'drop_users', 'target_cols']
[2026-08-27 15:20:17,628][evaluation.evaluator][INFO] - evaluate dataset=time/coastal_t_s_h_part23 users=3 dates=4172 windows=24 removed_constant=0 L=336 H=48 stride=512
[2026-08-27 15:20:19,733][evaluation.evaluator][INFO] - artifacts ready run=/fssmall/home/h61084/codes/tsfm/outputs_selena/covariates/time-coastal_t_s_h_part23/336_48/ts_icl/none/instance/keep/run_0 mse=0.462328 nmse=0.654525 inference_seconds=1.271
2026-08-27 15:20:21 | configuration dataset=time/coastal_t_s_h_part23 L=336 H=48 model=ts_icl covariates=identity instance_norm=true remove_constant=false seed=1 batch_size=32
[2026-08-27 15:20:23,896][data.dataset][INFO] - dataset config path=/fssmall/home/h61084/codes/datasets/time/coastal_t_s_h_part23/config.json applied_keys=['date_col', 'drop_users', 'target_cols']
[2026-08-27 15:20:23,916][evaluation.evaluator][INFO] - evaluate dataset=time/coastal_t_s_h_part23 users=3 dates=4172 windows=24 removed_constant=0 L=336 H=48 stride=512
[2026-08-27 15:20:26,045][evaluation.evaluator][INFO] - artifacts ready run=/fssmall/home/h61084/codes/tsfm/outputs_selena/covariates/time-coastal_t_s_h_part23/336_48/ts_icl/identity/instance/keep/run_0 mse=0.000171015 nmse=0.000421705 inference_seconds=1.299
2026-08-27 15:20:27 | configuration dataset=time/coastal_t_s_h_part23 L=504 H=168 model=chronos2 covariates=none instance_norm=true remove_constant=false seed=1 batch_size=64
[2026-08-27 15:20:30,213][data.dataset][INFO] - dataset config path=/fssmall/home/h61084/codes/datasets/time/coastal_t_s_h_part23/config.json applied_keys=['date_col', 'drop_users', 'target_cols']
[2026-08-27 15:20:30,232][evaluation.evaluator][INFO] - evaluate dataset=time/coastal_t_s_h_part23 users=3 dates=4172 windows=21 removed_constant=0 L=504 H=168 stride=512
[2026-08-27 15:20:35,922][evaluation.evaluator][INFO] - artifacts ready run=/fssmall/home/h61084/codes/tsfm/outputs_selena/covariates/time-coastal_t_s_h_part23/504_168/chronos2/none/instance/keep/run_0 mse=1.40375 nmse=2.30332 inference_seconds=0.194
2026-08-27 15:20:37 | configuration dataset=time/coastal_t_s_h_part23 L=504 H=168 model=chronos2 covariates=identity instance_norm=true remove_constant=false seed=1 batch_size=64
[2026-08-27 15:20:40,244][data.dataset][INFO] - dataset config path=/fssmall/home/h61084/codes/datasets/time/coastal_t_s_h_part23/config.json applied_keys=['date_col', 'drop_users', 'target_cols']
[2026-08-27 15:20:40,264][evaluation.evaluator][INFO] - evaluate dataset=time/coastal_t_s_h_part23 users=3 dates=4172 windows=21 removed_constant=0 L=504 H=168 stride=512
[2026-08-27 15:20:45,884][evaluation.evaluator][INFO] - artifacts ready run=/fssmall/home/h61084/codes/tsfm/outputs_selena/covariates/time-coastal_t_s_h_part23/504_168/chronos2/identity/instance/keep/run_0 mse=0.00440105 nmse=0.0117644 inference_seconds=0.197
2026-08-27 15:20:47 | configuration dataset=time/coastal_t_s_h_part23 L=504 H=168 model=ts_icl covariates=none instance_norm=true remove_constant=false seed=1 batch_size=32
[2026-08-27 15:20:50,176][data.dataset][INFO] - dataset config path=/fssmall/home/h61084/codes/datasets/time/coastal_t_s_h_part23/config.json applied_keys=['date_col', 'drop_users', 'target_cols']
[2026-08-27 15:20:50,196][evaluation.evaluator][INFO] - evaluate dataset=time/coastal_t_s_h_part23 users=3 dates=4172 windows=21 removed_constant=0 L=504 H=168 stride=512
[2026-08-27 15:20:52,302][evaluation.evaluator][INFO] - artifacts ready run=/fssmall/home/h61084/codes/tsfm/outputs_selena/covariates/time-coastal_t_s_h_part23/504_168/ts_icl/none/instance/keep/run_0 mse=1.56396 nmse=2.20387 inference_seconds=1.274
2026-08-27 15:20:53 | configuration dataset=time/coastal_t_s_h_part23 L=504 H=168 model=ts_icl covariates=identity instance_norm=true remove_constant=false seed=1 batch_size=32
[2026-08-27 15:20:56,464][data.dataset][INFO] - dataset config path=/fssmall/home/h61084/codes/datasets/time/coastal_t_s_h_part23/config.json applied_keys=['date_col', 'drop_users', 'target_cols']
[2026-08-27 15:20:56,483][evaluation.evaluator][INFO] - evaluate dataset=time/coastal_t_s_h_part23 users=3 dates=4172 windows=21 removed_constant=0 L=504 H=168 stride=512
[2026-08-27 15:20:58,658][evaluation.evaluator][INFO] - artifacts ready run=/fssmall/home/h61084/codes/tsfm/outputs_selena/covariates/time-coastal_t_s_h_part23/504_168/ts_icl/identity/instance/keep/run_0 mse=0.00150736 nmse=0.00577241 inference_seconds=1.333
2026-08-27 15:21:00 | configuration dataset=time/crypto_d L=7 H=1 model=chronos2 covariates=none instance_norm=true remove_constant=false seed=1 batch_size=64
[2026-08-27 15:21:02,778][data.dataset][INFO] - dataset config path=/fssmall/home/h61084/codes/datasets/time/crypto_d/config.json applied_keys=['date_col', 'drop_users', 'target_cols']
[2026-08-27 15:21:02,800][evaluation.evaluator][INFO] - evaluate dataset=time/crypto_d users=4 dates=2842 windows=24 removed_constant=0 L=7 H=1 stride=512
[2026-08-27 15:21:08,479][evaluation.evaluator][INFO] - artifacts ready run=/fssmall/home/h61084/codes/tsfm/outputs_selena/covariates/time-crypto_d/7_1/chronos2/none/instance/keep/run_0 mse=82756.5 nmse=0.637077 inference_seconds=0.194
2026-08-27 15:21:10 | configuration dataset=time/crypto_d L=7 H=1 model=chronos2 covariates=identity instance_norm=true remove_constant=false seed=1 batch_size=64
[2026-08-27 15:21:12,913][data.dataset][INFO] - dataset config path=/fssmall/home/h61084/codes/datasets/time/crypto_d/config.json applied_keys=['date_col', 'drop_users', 'target_cols']
[2026-08-27 15:21:12,933][evaluation.evaluator][INFO] - evaluate dataset=time/crypto_d users=4 dates=2842 windows=24 removed_constant=0 L=7 H=1 stride=512
[2026-08-27 15:21:18,619][evaluation.evaluator][INFO] - artifacts ready run=/fssmall/home/h61084/codes/tsfm/outputs_selena/covariates/time-crypto_d/7_1/chronos2/identity/instance/keep/run_0 mse=81405.1 nmse=0.557194 inference_seconds=0.196
2026-08-27 15:21:20 | configuration dataset=time/crypto_d L=7 H=1 model=ts_icl covariates=none instance_norm=true remove_constant=false seed=1 batch_size=32
[2026-08-27 15:21:22,918][data.dataset][INFO] - dataset config path=/fssmall/home/h61084/codes/datasets/time/crypto_d/config.json applied_keys=['date_col', 'drop_users', 'target_cols']
[2026-08-27 15:21:22,937][evaluation.evaluator][INFO] - evaluate dataset=time/crypto_d users=4 dates=2842 windows=24 removed_constant=0 L=7 H=1 stride=512
[2026-08-27 15:21:25,053][evaluation.evaluator][INFO] - artifacts ready run=/fssmall/home/h61084/codes/tsfm/outputs_selena/covariates/time-crypto_d/7_1/ts_icl/none/instance/keep/run_0 mse=117524 nmse=0.649267 inference_seconds=1.284
2026-08-27 15:21:26 | configuration dataset=time/crypto_d L=7 H=1 model=ts_icl covariates=identity instance_norm=true remove_constant=false seed=1 batch_size=32
[2026-08-27 15:21:29,187][data.dataset][INFO] - dataset config path=/fssmall/home/h61084/codes/datasets/time/crypto_d/config.json applied_keys=['date_col', 'drop_users', 'target_cols']
[2026-08-27 15:21:29,205][evaluation.evaluator][INFO] - evaluate dataset=time/crypto_d users=4 dates=2842 windows=24 removed_constant=0 L=7 H=1 stride=512
[2026-08-27 15:21:31,325][evaluation.evaluator][INFO] - artifacts ready run=/fssmall/home/h61084/codes/tsfm/outputs_selena/covariates/time-crypto_d/7_1/ts_icl/identity/instance/keep/run_0 mse=119859 nmse=0.382634 inference_seconds=1.282
2026-08-27 15:21:32 | configuration dataset=time/crypto_d L=14 H=2 model=chronos2 covariates=none instance_norm=true remove_constant=false seed=1 batch_size=64
[2026-08-27 15:21:35,400][data.dataset][INFO] - dataset config path=/fssmall/home/h61084/codes/datasets/time/crypto_d/config.json applied_keys=['date_col', 'drop_users', 'target_cols']
[2026-08-27 15:21:35,420][evaluation.evaluator][INFO] - evaluate dataset=time/crypto_d users=4 dates=2842 windows=24 removed_constant=0 L=14 H=2 stride=512
[2026-08-27 15:21:41,085][evaluation.evaluator][INFO] - artifacts ready run=/fssmall/home/h61084/codes/tsfm/outputs_selena/covariates/time-crypto_d/14_2/chronos2/none/instance/keep/run_0 mse=331918 nmse=1.61087 inference_seconds=0.193
2026-08-27 15:21:42 | configuration dataset=time/crypto_d L=14 H=2 model=chronos2 covariates=identity instance_norm=true remove_constant=false seed=1 batch_size=64
[2026-08-27 15:21:45,388][data.dataset][INFO] - dataset config path=/fssmall/home/h61084/codes/datasets/time/crypto_d/config.json applied_keys=['date_col', 'drop_users', 'target_cols']
[2026-08-27 15:21:45,406][evaluation.evaluator][INFO] - evaluate dataset=time/crypto_d users=4 dates=2842 windows=24 removed_constant=0 L=14 H=2 stride=512
[2026-08-27 15:21:51,027][evaluation.evaluator][INFO] - artifacts ready run=/fssmall/home/h61084/codes/tsfm/outputs_selena/covariates/time-crypto_d/14_2/chronos2/identity/instance/keep/run_0 mse=263764 nmse=1.17845 inference_seconds=0.195
2026-08-27 15:21:52 | configuration dataset=time/crypto_d L=14 H=2 model=ts_icl covariates=none instance_norm=true remove_constant=false seed=1 batch_size=32
[2026-08-27 15:21:55,296][data.dataset][INFO] - dataset config path=/fssmall/home/h61084/codes/datasets/time/crypto_d/config.json applied_keys=['date_col', 'drop_users', 'target_cols']
[2026-08-27 15:21:55,316][evaluation.evaluator][INFO] - evaluate dataset=time/crypto_d users=4 dates=2842 windows=24 removed_constant=0 L=14 H=2 stride=512
[2026-08-27 15:21:57,416][evaluation.evaluator][INFO] - artifacts ready run=/fssmall/home/h61084/codes/tsfm/outputs_selena/covariates/time-crypto_d/14_2/ts_icl/none/instance/keep/run_0 mse=895818 nmse=3.67988 inference_seconds=1.259
2026-08-27 15:21:59 | configuration dataset=time/crypto_d L=14 H=2 model=ts_icl covariates=identity instance_norm=true remove_constant=false seed=1 batch_size=32
[2026-08-27 15:22:01,630][data.dataset][INFO] - dataset config path=/fssmall/home/h61084/codes/datasets/time/crypto_d/config.json applied_keys=['date_col', 'drop_users', 'target_cols']
[2026-08-27 15:22:01,648][evaluation.evaluator][INFO] - evaluate dataset=time/crypto_d users=4 dates=2842 windows=24 removed_constant=0 L=14 H=2 stride=512
[2026-08-27 15:22:03,769][evaluation.evaluator][INFO] - artifacts ready run=/fssmall/home/h61084/codes/tsfm/outputs_selena/covariates/time-crypto_d/14_2/ts_icl/identity/instance/keep/run_0 mse=768095 nmse=2.34117 inference_seconds=1.275
2026-08-27 15:22:05 | configuration dataset=time/crypto_d L=30 H=7 model=chronos2 covariates=none instance_norm=true remove_constant=false seed=1 batch_size=64
[2026-08-27 15:22:07,971][data.dataset][INFO] - dataset config path=/fssmall/home/h61084/codes/datasets/time/crypto_d/config.json applied_keys=['date_col', 'drop_users', 'target_cols']
[2026-08-27 15:22:07,990][evaluation.evaluator][INFO] - evaluate dataset=time/crypto_d users=4 dates=2842 windows=24 removed_constant=0 L=30 H=7 stride=512
[2026-08-27 15:22:13,749][evaluation.evaluator][INFO] - artifacts ready run=/fssmall/home/h61084/codes/tsfm/outputs_selena/covariates/time-crypto_d/30_7/chronos2/none/instance/keep/run_0 mse=534728 nmse=0.727467 inference_seconds=0.194
2026-08-27 15:22:15 | configuration dataset=time/crypto_d L=30 H=7 model=chronos2 covariates=identity instance_norm=true remove_constant=false seed=1 batch_size=64
[2026-08-27 15:22:18,104][data.dataset][INFO] - dataset config path=/fssmall/home/h61084/codes/datasets/time/crypto_d/config.json applied_keys=['date_col', 'drop_users', 'target_cols']
[2026-08-27 15:22:18,124][evaluation.evaluator][INFO] - evaluate dataset=time/crypto_d users=4 dates=2842 windows=24 removed_constant=0 L=30 H=7 stride=512
[2026-08-27 15:22:23,777][evaluation.evaluator][INFO] - artifacts ready run=/fssmall/home/h61084/codes/tsfm/outputs_selena/covariates/time-crypto_d/30_7/chronos2/identity/instance/keep/run_0 mse=281555 nmse=0.350636 inference_seconds=0.196
2026-08-27 15:22:25 | configuration dataset=time/crypto_d L=30 H=7 model=ts_icl covariates=none instance_norm=true remove_constant=false seed=1 batch_size=32
[2026-08-27 15:22:28,202][data.dataset][INFO] - dataset config path=/fssmall/home/h61084/codes/datasets/time/crypto_d/config.json applied_keys=['date_col', 'drop_users', 'target_cols']
[2026-08-27 15:22:28,221][evaluation.evaluator][INFO] - evaluate dataset=time/crypto_d users=4 dates=2842 windows=24 removed_constant=0 L=30 H=7 stride=512
[2026-08-27 15:22:30,332][evaluation.evaluator][INFO] - artifacts ready run=/fssmall/home/h61084/codes/tsfm/outputs_selena/covariates/time-crypto_d/30_7/ts_icl/none/instance/keep/run_0 mse=805616 nmse=1.06109 inference_seconds=1.246
2026-08-27 15:22:31 | configuration dataset=time/crypto_d L=30 H=7 model=ts_icl covariates=identity instance_norm=true remove_constant=false seed=1 batch_size=32
[2026-08-27 15:22:34,507][data.dataset][INFO] - dataset config path=/fssmall/home/h61084/codes/datasets/time/crypto_d/config.json applied_keys=['date_col', 'drop_users', 'target_cols']
[2026-08-27 15:22:34,525][evaluation.evaluator][INFO] - evaluate dataset=time/crypto_d users=4 dates=2842 windows=24 removed_constant=0 L=30 H=7 stride=512
[2026-08-27 15:22:36,650][evaluation.evaluator][INFO] - artifacts ready run=/fssmall/home/h61084/codes/tsfm/outputs_selena/covariates/time-crypto_d/30_7/ts_icl/identity/instance/keep/run_0 mse=601944 nmse=0.631711 inference_seconds=1.291
2026-08-27 15:22:38 | configuration dataset=time/ecdc_covid_d_part01 L=7 H=1 model=chronos2 covariates=none instance_norm=true remove_constant=false seed=1 batch_size=64
[2026-08-27 15:22:40,871][data.dataset][INFO] - dataset config path=/fssmall/home/h61084/codes/datasets/time/ecdc_covid_d_part01/config.json applied_keys=['date_col', 'drop_users', 'target_cols']
[2026-08-27 15:22:40,891][evaluation.evaluator][INFO] - evaluate dataset=time/ecdc_covid_d_part01 users=1 dates=1186 windows=3 removed_constant=0 L=7 H=1 stride=512
[2026-08-27 15:22:46,603][evaluation.evaluator][INFO] - artifacts ready run=/fssmall/home/h61084/codes/tsfm/outputs_selena/covariates/time-ecdc_covid_d_part01/7_1/chronos2/none/instance/keep/run_0 mse=216.746 nmse=0.12272 inference_seconds=0.193
2026-08-27 15:22:48 | configuration dataset=time/ecdc_covid_d_part01 L=7 H=1 model=chronos2 covariates=identity instance_norm=true remove_constant=false seed=1 batch_size=64
[2026-08-27 15:22:51,018][data.dataset][INFO] - dataset config path=/fssmall/home/h61084/codes/datasets/time/ecdc_covid_d_part01/config.json applied_keys=['date_col', 'drop_users', 'target_cols']
[2026-08-27 15:22:51,035][evaluation.evaluator][INFO] - evaluate dataset=time/ecdc_covid_d_part01 users=1 dates=1186 windows=3 removed_constant=0 L=7 H=1 stride=512
[2026-08-27 15:22:56,792][evaluation.evaluator][INFO] - artifacts ready run=/fssmall/home/h61084/codes/tsfm/outputs_selena/covariates/time-ecdc_covid_d_part01/7_1/chronos2/identity/instance/keep/run_0 mse=147.664 nmse=0.0811942 inference_seconds=0.200
2026-08-27 15:22:58 | configuration dataset=time/ecdc_covid_d_part01 L=7 H=1 model=ts_icl covariates=none instance_norm=true remove_constant=false seed=1 batch_size=32
[2026-08-27 15:23:01,181][data.dataset][INFO] - dataset config path=/fssmall/home/h61084/codes/datasets/time/ecdc_covid_d_part01/config.json applied_keys=['date_col', 'drop_users', 'target_cols']
[2026-08-27 15:23:01,199][evaluation.evaluator][INFO] - evaluate dataset=time/ecdc_covid_d_part01 users=1 dates=1186 windows=3 removed_constant=0 L=7 H=1 stride=512
[2026-08-27 15:23:03,277][evaluation.evaluator][INFO] - artifacts ready run=/fssmall/home/h61084/codes/tsfm/outputs_selena/covariates/time-ecdc_covid_d_part01/7_1/ts_icl/none/instance/keep/run_0 mse=1213.37 nmse=0.585873 inference_seconds=1.252
2026-08-27 15:23:04 | configuration dataset=time/ecdc_covid_d_part01 L=7 H=1 model=ts_icl covariates=identity instance_norm=true remove_constant=false seed=1 batch_size=32
[2026-08-27 15:23:07,552][data.dataset][INFO] - dataset config path=/fssmall/home/h61084/codes/datasets/time/ecdc_covid_d_part01/config.json applied_keys=['date_col', 'drop_users', 'target_cols']
[2026-08-27 15:23:07,570][evaluation.evaluator][INFO] - evaluate dataset=time/ecdc_covid_d_part01 users=1 dates=1186 windows=3 removed_constant=0 L=7 H=1 stride=512
[2026-08-27 15:23:09,703][evaluation.evaluator][INFO] - artifacts ready run=/fssmall/home/h61084/codes/tsfm/outputs_selena/covariates/time-ecdc_covid_d_part01/7_1/ts_icl/identity/instance/keep/run_0 mse=525.605 nmse=0.439129 inference_seconds=1.295
2026-08-27 15:23:11 | configuration dataset=time/ecdc_covid_d_part01 L=14 H=2 model=chronos2 covariates=none instance_norm=true remove_constant=false seed=1 batch_size=64
[2026-08-27 15:23:13,942][data.dataset][INFO] - dataset config path=/fssmall/home/h61084/codes/datasets/time/ecdc_covid_d_part01/config.json applied_keys=['date_col', 'drop_users', 'target_cols']
[2026-08-27 15:23:13,960][evaluation.evaluator][INFO] - evaluate dataset=time/ecdc_covid_d_part01 users=1 dates=1186 windows=3 removed_constant=0 L=14 H=2 stride=512
[2026-08-27 15:23:19,740][evaluation.evaluator][INFO] - artifacts ready run=/fssmall/home/h61084/codes/tsfm/outputs_selena/covariates/time-ecdc_covid_d_part01/14_2/chronos2/none/instance/keep/run_0 mse=914.275 nmse=0.335912 inference_seconds=0.193
2026-08-27 15:23:21 | configuration dataset=time/ecdc_covid_d_part01 L=14 H=2 model=chronos2 covariates=identity instance_norm=true remove_constant=false seed=1 batch_size=64
[2026-08-27 15:23:24,119][data.dataset][INFO] - dataset config path=/fssmall/home/h61084/codes/datasets/time/ecdc_covid_d_part01/config.json applied_keys=['date_col', 'drop_users', 'target_cols']
[2026-08-27 15:23:24,137][evaluation.evaluator][INFO] - evaluate dataset=time/ecdc_covid_d_part01 users=1 dates=1186 windows=3 removed_constant=0 L=14 H=2 stride=512
[2026-08-27 15:23:29,877][evaluation.evaluator][INFO] - artifacts ready run=/fssmall/home/h61084/codes/tsfm/outputs_selena/covariates/time-ecdc_covid_d_part01/14_2/chronos2/identity/instance/keep/run_0 mse=711.263 nmse=0.260268 inference_seconds=0.197
2026-08-27 15:23:31 | configuration dataset=time/ecdc_covid_d_part01 L=14 H=2 model=ts_icl covariates=none instance_norm=true remove_constant=false seed=1 batch_size=32
[2026-08-27 15:23:34,278][data.dataset][INFO] - dataset config path=/fssmall/home/h61084/codes/datasets/time/ecdc_covid_d_part01/config.json applied_keys=['date_col', 'drop_users', 'target_cols']
[2026-08-27 15:23:34,297][evaluation.evaluator][INFO] - evaluate dataset=time/ecdc_covid_d_part01 users=1 dates=1186 windows=3 removed_constant=0 L=14 H=2 stride=512
[2026-08-27 15:23:36,424][evaluation.evaluator][INFO] - artifacts ready run=/fssmall/home/h61084/codes/tsfm/outputs_selena/covariates/time-ecdc_covid_d_part01/14_2/ts_icl/none/instance/keep/run_0 mse=998.479 nmse=0.430315 inference_seconds=1.298
2026-08-27 15:23:38 | configuration dataset=time/ecdc_covid_d_part01 L=14 H=2 model=ts_icl covariates=identity instance_norm=true remove_constant=false seed=1 batch_size=32
[2026-08-27 15:23:40,666][data.dataset][INFO] - dataset config path=/fssmall/home/h61084/codes/datasets/time/ecdc_covid_d_part01/config.json applied_keys=['date_col', 'drop_users', 'target_cols']
[2026-08-27 15:23:40,684][evaluation.evaluator][INFO] - evaluate dataset=time/ecdc_covid_d_part01 users=1 dates=1186 windows=3 removed_constant=0 L=14 H=2 stride=512
[2026-08-27 15:23:42,784][evaluation.evaluator][INFO] - artifacts ready run=/fssmall/home/h61084/codes/tsfm/outputs_selena/covariates/time-ecdc_covid_d_part01/14_2/ts_icl/identity/instance/keep/run_0 mse=906.957 nmse=0.310627 inference_seconds=1.265
2026-08-27 15:23:44 | configuration dataset=time/ecdc_covid_d_part01 L=30 H=7 model=chronos2 covariates=none instance_norm=true remove_constant=false seed=1 batch_size=64
[2026-08-27 15:23:47,056][data.dataset][INFO] - dataset config path=/fssmall/home/h61084/codes/datasets/time/ecdc_covid_d_part01/config.json applied_keys=['date_col', 'drop_users', 'target_cols']
[2026-08-27 15:23:47,074][evaluation.evaluator][INFO] - evaluate dataset=time/ecdc_covid_d_part01 users=1 dates=1186 windows=3 removed_constant=0 L=30 H=7 stride=512
[2026-08-27 15:23:52,886][evaluation.evaluator][INFO] - artifacts ready run=/fssmall/home/h61084/codes/tsfm/outputs_selena/covariates/time-ecdc_covid_d_part01/30_7/chronos2/none/instance/keep/run_0 mse=22972.9 nmse=1.28522 inference_seconds=0.201
2026-08-27 15:23:54 | configuration dataset=time/ecdc_covid_d_part01 L=30 H=7 model=chronos2 covariates=identity instance_norm=true remove_constant=false seed=1 batch_size=64
[2026-08-27 15:23:57,266][data.dataset][INFO] - dataset config path=/fssmall/home/h61084/codes/datasets/time/ecdc_covid_d_part01/config.json applied_keys=['date_col', 'drop_users', 'target_cols']
[2026-08-27 15:23:57,284][evaluation.evaluator][INFO] - evaluate dataset=time/ecdc_covid_d_part01 users=1 dates=1186 windows=3 removed_constant=0 L=30 H=7 stride=512
[2026-08-27 15:24:02,987][evaluation.evaluator][INFO] - artifacts ready run=/fssmall/home/h61084/codes/tsfm/outputs_selena/covariates/time-ecdc_covid_d_part01/30_7/chronos2/identity/instance/keep/run_0 mse=15025.3 nmse=0.836683 inference_seconds=0.196
2026-08-27 15:24:04 | configuration dataset=time/ecdc_covid_d_part01 L=30 H=7 model=ts_icl covariates=none instance_norm=true remove_constant=false seed=1 batch_size=32
[2026-08-27 15:24:07,367][data.dataset][INFO] - dataset config path=/fssmall/home/h61084/codes/datasets/time/ecdc_covid_d_part01/config.json applied_keys=['date_col', 'drop_users', 'target_cols']
[2026-08-27 15:24:07,386][evaluation.evaluator][INFO] - evaluate dataset=time/ecdc_covid_d_part01 users=1 dates=1186 windows=3 removed_constant=0 L=30 H=7 stride=512
[2026-08-27 15:24:09,493][evaluation.evaluator][INFO] - artifacts ready run=/fssmall/home/h61084/codes/tsfm/outputs_selena/covariates/time-ecdc_covid_d_part01/30_7/ts_icl/none/instance/keep/run_0 mse=29703.9 nmse=1.67039 inference_seconds=1.270
2026-08-27 15:24:11 | configuration dataset=time/ecdc_covid_d_part01 L=30 H=7 model=ts_icl covariates=identity instance_norm=true remove_constant=false seed=1 batch_size=32
[2026-08-27 15:24:13,703][data.dataset][INFO] - dataset config path=/fssmall/home/h61084/codes/datasets/time/ecdc_covid_d_part01/config.json applied_keys=['date_col', 'drop_users', 'target_cols']
[2026-08-27 15:24:13,720][evaluation.evaluator][INFO] - evaluate dataset=time/ecdc_covid_d_part01 users=1 dates=1186 windows=3 removed_constant=0 L=30 H=7 stride=512
[2026-08-27 15:24:15,824][evaluation.evaluator][INFO] - artifacts ready run=/fssmall/home/h61084/codes/tsfm/outputs_selena/covariates/time-ecdc_covid_d_part01/30_7/ts_icl/identity/instance/keep/run_0 mse=32943.8 nmse=1.84486 inference_seconds=1.275
2026-08-27 15:24:17 | configuration dataset=time/ecdc_covid_d_part02 L=7 H=1 model=chronos2 covariates=none instance_norm=true remove_constant=false seed=1 batch_size=64
[2026-08-27 15:24:20,090][data.dataset][INFO] - dataset config path=/fssmall/home/h61084/codes/datasets/time/ecdc_covid_d_part02/config.json applied_keys=['date_col', 'drop_users', 'target_cols']
[2026-08-27 15:24:20,109][evaluation.evaluator][INFO] - evaluate dataset=time/ecdc_covid_d_part02 users=1 dates=1152 windows=3 removed_constant=0 L=7 H=1 stride=512
[2026-08-27 15:24:25,747][evaluation.evaluator][INFO] - artifacts ready run=/fssmall/home/h61084/codes/tsfm/outputs_selena/covariates/time-ecdc_covid_d_part02/7_1/chronos2/none/instance/keep/run_0 mse=8657.79 nmse=1.20364 inference_seconds=0.192
2026-08-27 15:24:27 | configuration dataset=time/ecdc_covid_d_part02 L=7 H=1 model=chronos2 covariates=identity instance_norm=true remove_constant=false seed=1 batch_size=64
[2026-08-27 15:24:30,092][data.dataset][INFO] - dataset config path=/fssmall/home/h61084/codes/datasets/time/ecdc_covid_d_part02/config.json applied_keys=['date_col', 'drop_users', 'target_cols']
[2026-08-27 15:24:30,110][evaluation.evaluator][INFO] - evaluate dataset=time/ecdc_covid_d_part02 users=1 dates=1152 windows=3 removed_constant=0 L=7 H=1 stride=512
[2026-08-27 15:24:35,851][evaluation.evaluator][INFO] - artifacts ready run=/fssmall/home/h61084/codes/tsfm/outputs_selena/covariates/time-ecdc_covid_d_part02/7_1/chronos2/identity/instance/keep/run_0 mse=5511.1 nmse=1.08947 inference_seconds=0.197
2026-08-27 15:24:37 | configuration dataset=time/ecdc_covid_d_part02 L=7 H=1 model=ts_icl covariates=none instance_norm=true remove_constant=false seed=1 batch_size=32
[2026-08-27 15:24:40,184][data.dataset][INFO] - dataset config path=/fssmall/home/h61084/codes/datasets/time/ecdc_covid_d_part02/config.json applied_keys=['date_col', 'drop_users', 'target_cols']
[2026-08-27 15:24:40,201][evaluation.evaluator][INFO] - evaluate dataset=time/ecdc_covid_d_part02 users=1 dates=1152 windows=3 removed_constant=0 L=7 H=1 stride=512
[2026-08-27 15:24:42,298][evaluation.evaluator][INFO] - artifacts ready run=/fssmall/home/h61084/codes/tsfm/outputs_selena/covariates/time-ecdc_covid_d_part02/7_1/ts_icl/none/instance/keep/run_0 mse=11397.2 nmse=2.36711 inference_seconds=1.268
2026-08-27 15:24:43 | configuration dataset=time/ecdc_covid_d_part02 L=7 H=1 model=ts_icl covariates=identity instance_norm=true remove_constant=false seed=1 batch_size=32
[2026-08-27 15:24:46,530][data.dataset][INFO] - dataset config path=/fssmall/home/h61084/codes/datasets/time/ecdc_covid_d_part02/config.json applied_keys=['date_col', 'drop_users', 'target_cols']
[2026-08-27 15:24:46,547][evaluation.evaluator][INFO] - evaluate dataset=time/ecdc_covid_d_part02 users=1 dates=1152 windows=3 removed_constant=0 L=7 H=1 stride=512
[2026-08-27 15:24:48,667][evaluation.evaluator][INFO] - artifacts ready run=/fssmall/home/h61084/codes/tsfm/outputs_selena/covariates/time-ecdc_covid_d_part02/7_1/ts_icl/identity/instance/keep/run_0 mse=253869 nmse=5.69158 inference_seconds=1.268
2026-08-27 15:24:50 | configuration dataset=time/ecdc_covid_d_part02 L=14 H=2 model=chronos2 covariates=none instance_norm=true remove_constant=false seed=1 batch_size=64
[2026-08-27 15:24:52,964][data.dataset][INFO] - dataset config path=/fssmall/home/h61084/codes/datasets/time/ecdc_covid_d_part02/config.json applied_keys=['date_col', 'drop_users', 'target_cols']
[2026-08-27 15:24:52,983][evaluation.evaluator][INFO] - evaluate dataset=time/ecdc_covid_d_part02 users=1 dates=1152 windows=3 removed_constant=0 L=14 H=2 stride=512
[2026-08-27 15:24:58,626][evaluation.evaluator][INFO] - artifacts ready run=/fssmall/home/h61084/codes/tsfm/outputs_selena/covariates/time-ecdc_covid_d_part02/14_2/chronos2/none/instance/keep/run_0 mse=5561.3 nmse=0.159967 inference_seconds=0.194
2026-08-27 15:25:00 | configuration dataset=time/ecdc_covid_d_part02 L=14 H=2 model=chronos2 covariates=identity instance_norm=true remove_constant=false seed=1 batch_size=64
[2026-08-27 15:25:03,014][data.dataset][INFO] - dataset config path=/fssmall/home/h61084/codes/datasets/time/ecdc_covid_d_part02/config.json applied_keys=['date_col', 'drop_users', 'target_cols']
[2026-08-27 15:25:03,031][evaluation.evaluator][INFO] - evaluate dataset=time/ecdc_covid_d_part02 users=1 dates=1152 windows=3 removed_constant=0 L=14 H=2 stride=512
[2026-08-27 15:25:08,736][evaluation.evaluator][INFO] - artifacts ready run=/fssmall/home/h61084/codes/tsfm/outputs_selena/covariates/time-ecdc_covid_d_part02/14_2/chronos2/identity/instance/keep/run_0 mse=13058.8 nmse=0.13663 inference_seconds=0.198
2026-08-27 15:25:10 | configuration dataset=time/ecdc_covid_d_part02 L=14 H=2 model=ts_icl covariates=none instance_norm=true remove_constant=false seed=1 batch_size=32
[2026-08-27 15:25:13,115][data.dataset][INFO] - dataset config path=/fssmall/home/h61084/codes/datasets/time/ecdc_covid_d_part02/config.json applied_keys=['date_col', 'drop_users', 'target_cols']
[2026-08-27 15:25:13,133][evaluation.evaluator][INFO] - evaluate dataset=time/ecdc_covid_d_part02 users=1 dates=1152 windows=3 removed_constant=0 L=14 H=2 stride=512
[2026-08-27 15:25:15,228][evaluation.evaluator][INFO] - artifacts ready run=/fssmall/home/h61084/codes/tsfm/outputs_selena/covariates/time-ecdc_covid_d_part02/14_2/ts_icl/none/instance/keep/run_0 mse=16088.7 nmse=0.273113 inference_seconds=1.235
2026-08-27 15:25:16 | configuration dataset=time/ecdc_covid_d_part02 L=14 H=2 model=ts_icl covariates=identity instance_norm=true remove_constant=false seed=1 batch_size=32
[2026-08-27 15:25:19,501][data.dataset][INFO] - dataset config path=/fssmall/home/h61084/codes/datasets/time/ecdc_covid_d_part02/config.json applied_keys=['date_col', 'drop_users', 'target_cols']
[2026-08-27 15:25:19,518][evaluation.evaluator][INFO] - evaluate dataset=time/ecdc_covid_d_part02 users=1 dates=1152 windows=3 removed_constant=0 L=14 H=2 stride=512
[2026-08-27 15:25:21,635][evaluation.evaluator][INFO] - artifacts ready run=/fssmall/home/h61084/codes/tsfm/outputs_selena/covariates/time-ecdc_covid_d_part02/14_2/ts_icl/identity/instance/keep/run_0 mse=320953 nmse=0.40804 inference_seconds=1.280
2026-08-27 15:25:23 | configuration dataset=time/ecdc_covid_d_part02 L=30 H=7 model=chronos2 covariates=none instance_norm=true remove_constant=false seed=1 batch_size=64
[2026-08-27 15:25:25,894][data.dataset][INFO] - dataset config path=/fssmall/home/h61084/codes/datasets/time/ecdc_covid_d_part02/config.json applied_keys=['date_col', 'drop_users', 'target_cols']
[2026-08-27 15:25:25,912][evaluation.evaluator][INFO] - evaluate dataset=time/ecdc_covid_d_part02 users=1 dates=1152 windows=3 removed_constant=0 L=30 H=7 stride=512
[2026-08-27 15:25:31,610][evaluation.evaluator][INFO] - artifacts ready run=/fssmall/home/h61084/codes/tsfm/outputs_selena/covariates/time-ecdc_covid_d_part02/30_7/chronos2/none/instance/keep/run_0 mse=53921.2 nmse=0.108415 inference_seconds=0.197
2026-08-27 15:25:33 | configuration dataset=time/ecdc_covid_d_part02 L=30 H=7 model=chronos2 covariates=identity instance_norm=true remove_constant=false seed=1 batch_size=64
[2026-08-27 15:25:36,037][data.dataset][INFO] - dataset config path=/fssmall/home/h61084/codes/datasets/time/ecdc_covid_d_part02/config.json applied_keys=['date_col', 'drop_users', 'target_cols']
[2026-08-27 15:25:36,054][evaluation.evaluator][INFO] - evaluate dataset=time/ecdc_covid_d_part02 users=1 dates=1152 windows=3 removed_constant=0 L=30 H=7 stride=512
[2026-08-27 15:25:41,774][evaluation.evaluator][INFO] - artifacts ready run=/fssmall/home/h61084/codes/tsfm/outputs_selena/covariates/time-ecdc_covid_d_part02/30_7/chronos2/identity/instance/keep/run_0 mse=11821.6 nmse=0.0718985 inference_seconds=0.200
2026-08-27 15:25:43 | configuration dataset=time/ecdc_covid_d_part02 L=30 H=7 model=ts_icl covariates=none instance_norm=true remove_constant=false seed=1 batch_size=32
[2026-08-27 15:25:46,205][data.dataset][INFO] - dataset config path=/fssmall/home/h61084/codes/datasets/time/ecdc_covid_d_part02/config.json applied_keys=['date_col', 'drop_users', 'target_cols']
[2026-08-27 15:25:46,224][evaluation.evaluator][INFO] - evaluate dataset=time/ecdc_covid_d_part02 users=1 dates=1152 windows=3 removed_constant=0 L=30 H=7 stride=512
[2026-08-27 15:25:48,307][evaluation.evaluator][INFO] - artifacts ready run=/fssmall/home/h61084/codes/tsfm/outputs_selena/covariates/time-ecdc_covid_d_part02/30_7/ts_icl/none/instance/keep/run_0 mse=71897.4 nmse=0.134585 inference_seconds=1.243
2026-08-27 15:25:49 | configuration dataset=time/ecdc_covid_d_part02 L=30 H=7 model=ts_icl covariates=identity instance_norm=true remove_constant=false seed=1 batch_size=32
[2026-08-27 15:25:52,542][data.dataset][INFO] - dataset config path=/fssmall/home/h61084/codes/datasets/time/ecdc_covid_d_part02/config.json applied_keys=['date_col', 'drop_users', 'target_cols']
[2026-08-27 15:25:52,559][evaluation.evaluator][INFO] - evaluate dataset=time/ecdc_covid_d_part02 users=1 dates=1152 windows=3 removed_constant=0 L=30 H=7 stride=512
[2026-08-27 15:25:54,680][evaluation.evaluator][INFO] - artifacts ready run=/fssmall/home/h61084/codes/tsfm/outputs_selena/covariates/time-ecdc_covid_d_part02/30_7/ts_icl/identity/instance/keep/run_0 mse=29428.2 nmse=0.0242375 inference_seconds=1.272
2026-08-27 15:25:56 | configuration dataset=time/ecdc_covid_d_part03 L=7 H=1 model=chronos2 covariates=none instance_norm=true remove_constant=false seed=1 batch_size=64
[2026-08-27 15:25:58,940][data.dataset][INFO] - dataset config path=/fssmall/home/h61084/codes/datasets/time/ecdc_covid_d_part03/config.json applied_keys=['date_col', 'drop_users', 'target_cols']
[2026-08-27 15:25:58,959][evaluation.evaluator][INFO] - evaluate dataset=time/ecdc_covid_d_part03 users=1 dates=1229 windows=3 removed_constant=0 L=7 H=1 stride=512
[2026-08-27 15:26:04,590][evaluation.evaluator][INFO] - artifacts ready run=/fssmall/home/h61084/codes/tsfm/outputs_selena/covariates/time-ecdc_covid_d_part03/7_1/chronos2/none/instance/keep/run_0 mse=5593.26 nmse=1.75944 inference_seconds=0.194
2026-08-27 15:26:06 | configuration dataset=time/ecdc_covid_d_part03 L=7 H=1 model=chronos2 covariates=identity instance_norm=true remove_constant=false seed=1 batch_size=64
[2026-08-27 15:26:09,075][data.dataset][INFO] - dataset config path=/fssmall/home/h61084/codes/datasets/time/ecdc_covid_d_part03/config.json applied_keys=['date_col', 'drop_users', 'target_cols']
[2026-08-27 15:26:09,093][evaluation.evaluator][INFO] - evaluate dataset=time/ecdc_covid_d_part03 users=1 dates=1229 windows=3 removed_constant=0 L=7 H=1 stride=512
[2026-08-27 15:26:14,794][evaluation.evaluator][INFO] - artifacts ready run=/fssmall/home/h61084/codes/tsfm/outputs_selena/covariates/time-ecdc_covid_d_part03/7_1/chronos2/identity/instance/keep/run_0 mse=5278.23 nmse=1.57329 inference_seconds=0.205
2026-08-27 15:26:16 | configuration dataset=time/ecdc_covid_d_part03 L=7 H=1 model=ts_icl covariates=none instance_norm=true remove_constant=false seed=1 batch_size=32
[2026-08-27 15:26:19,226][data.dataset][INFO] - dataset config path=/fssmall/home/h61084/codes/datasets/time/ecdc_covid_d_part03/config.json applied_keys=['date_col', 'drop_users', 'target_cols']
[2026-08-27 15:26:19,244][evaluation.evaluator][INFO] - evaluate dataset=time/ecdc_covid_d_part03 users=1 dates=1229 windows=3 removed_constant=0 L=7 H=1 stride=512
[2026-08-27 15:26:21,358][evaluation.evaluator][INFO] - artifacts ready run=/fssmall/home/h61084/codes/tsfm/outputs_selena/covariates/time-ecdc_covid_d_part03/7_1/ts_icl/none/instance/keep/run_0 mse=4936.41 nmse=0.754632 inference_seconds=1.265
2026-08-27 15:26:23 | configuration dataset=time/ecdc_covid_d_part03 L=7 H=1 model=ts_icl covariates=identity instance_norm=true remove_constant=false seed=1 batch_size=32
[2026-08-27 15:26:25,608][data.dataset][INFO] - dataset config path=/fssmall/home/h61084/codes/datasets/time/ecdc_covid_d_part03/config.json applied_keys=['date_col', 'drop_users', 'target_cols']
[2026-08-27 15:26:25,625][evaluation.evaluator][INFO] - evaluate dataset=time/ecdc_covid_d_part03 users=1 dates=1229 windows=3 removed_constant=0 L=7 H=1 stride=512
[2026-08-27 15:26:27,726][evaluation.evaluator][INFO] - artifacts ready run=/fssmall/home/h61084/codes/tsfm/outputs_selena/covariates/time-ecdc_covid_d_part03/7_1/ts_icl/identity/instance/keep/run_0 mse=4858.53 nmse=1.38947 inference_seconds=1.265
2026-08-27 15:26:29 | configuration dataset=time/ecdc_covid_d_part03 L=14 H=2 model=chronos2 covariates=none instance_norm=true remove_constant=false seed=1 batch_size=64
[2026-08-27 15:26:32,056][data.dataset][INFO] - dataset config path=/fssmall/home/h61084/codes/datasets/time/ecdc_covid_d_part03/config.json applied_keys=['date_col', 'drop_users', 'target_cols']
[2026-08-27 15:26:32,074][evaluation.evaluator][INFO] - evaluate dataset=time/ecdc_covid_d_part03 users=1 dates=1229 windows=3 removed_constant=0 L=14 H=2 stride=512
[2026-08-27 15:26:37,804][evaluation.evaluator][INFO] - artifacts ready run=/fssmall/home/h61084/codes/tsfm/outputs_selena/covariates/time-ecdc_covid_d_part03/14_2/chronos2/none/instance/keep/run_0 mse=383.961 nmse=18.4472 inference_seconds=0.193
2026-08-27 15:26:39 | configuration dataset=time/ecdc_covid_d_part03 L=14 H=2 model=chronos2 covariates=identity instance_norm=true remove_constant=false seed=1 batch_size=64
[2026-08-27 15:26:42,239][data.dataset][INFO] - dataset config path=/fssmall/home/h61084/codes/datasets/time/ecdc_covid_d_part03/config.json applied_keys=['date_col', 'drop_users', 'target_cols']
[2026-08-27 15:26:42,256][evaluation.evaluator][INFO] - evaluate dataset=time/ecdc_covid_d_part03 users=1 dates=1229 windows=3 removed_constant=0 L=14 H=2 stride=512
[2026-08-27 15:26:47,952][evaluation.evaluator][INFO] - artifacts ready run=/fssmall/home/h61084/codes/tsfm/outputs_selena/covariates/time-ecdc_covid_d_part03/14_2/chronos2/identity/instance/keep/run_0 mse=342.023 nmse=16.8808 inference_seconds=0.197
2026-08-27 15:26:49 | configuration dataset=time/ecdc_covid_d_part03 L=14 H=2 model=ts_icl covariates=none instance_norm=true remove_constant=false seed=1 batch_size=32
[2026-08-27 15:26:52,370][data.dataset][INFO] - dataset config path=/fssmall/home/h61084/codes/datasets/time/ecdc_covid_d_part03/config.json applied_keys=['date_col', 'drop_users', 'target_cols']
[2026-08-27 15:26:52,388][evaluation.evaluator][INFO] - evaluate dataset=time/ecdc_covid_d_part03 users=1 dates=1229 windows=3 removed_constant=0 L=14 H=2 stride=512
[2026-08-27 15:26:54,470][evaluation.evaluator][INFO] - artifacts ready run=/fssmall/home/h61084/codes/tsfm/outputs_selena/covariates/time-ecdc_covid_d_part03/14_2/ts_icl/none/instance/keep/run_0 mse=155.105 nmse=19.9961 inference_seconds=1.247
2026-08-27 15:26:56 | configuration dataset=time/ecdc_covid_d_part03 L=14 H=2 model=ts_icl covariates=identity instance_norm=true remove_constant=false seed=1 batch_size=32
[2026-08-27 15:26:58,747][data.dataset][INFO] - dataset config path=/fssmall/home/h61084/codes/datasets/time/ecdc_covid_d_part03/config.json applied_keys=['date_col', 'drop_users', 'target_cols']
[2026-08-27 15:26:58,765][evaluation.evaluator][INFO] - evaluate dataset=time/ecdc_covid_d_part03 users=1 dates=1229 windows=3 removed_constant=0 L=14 H=2 stride=512
[2026-08-27 15:27:00,893][evaluation.evaluator][INFO] - artifacts ready run=/fssmall/home/h61084/codes/tsfm/outputs_selena/covariates/time-ecdc_covid_d_part03/14_2/ts_icl/identity/instance/keep/run_0 mse=66.8128 nmse=18.3653 inference_seconds=1.283
2026-08-27 15:27:02 | configuration dataset=time/ecdc_covid_d_part03 L=30 H=7 model=chronos2 covariates=none instance_norm=true remove_constant=false seed=1 batch_size=64
[2026-08-27 15:27:05,122][data.dataset][INFO] - dataset config path=/fssmall/home/h61084/codes/datasets/time/ecdc_covid_d_part03/config.json applied_keys=['date_col', 'drop_users', 'target_cols']
[2026-08-27 15:27:05,144][evaluation.evaluator][INFO] - evaluate dataset=time/ecdc_covid_d_part03 users=1 dates=1229 windows=3 removed_constant=0 L=30 H=7 stride=512
[2026-08-27 15:27:10,830][evaluation.evaluator][INFO] - artifacts ready run=/fssmall/home/h61084/codes/tsfm/outputs_selena/covariates/time-ecdc_covid_d_part03/30_7/chronos2/none/instance/keep/run_0 mse=577.131 nmse=0.533655 inference_seconds=0.196
2026-08-27 15:27:12 | configuration dataset=time/ecdc_covid_d_part03 L=30 H=7 model=chronos2 covariates=identity instance_norm=true remove_constant=false seed=1 batch_size=64
[2026-08-27 15:27:15,247][data.dataset][INFO] - dataset config path=/fssmall/home/h61084/codes/datasets/time/ecdc_covid_d_part03/config.json applied_keys=['date_col', 'drop_users', 'target_cols']
[2026-08-27 15:27:15,264][evaluation.evaluator][INFO] - evaluate dataset=time/ecdc_covid_d_part03 users=1 dates=1229 windows=3 removed_constant=0 L=30 H=7 stride=512
[2026-08-27 15:27:20,870][evaluation.evaluator][INFO] - artifacts ready run=/fssmall/home/h61084/codes/tsfm/outputs_selena/covariates/time-ecdc_covid_d_part03/30_7/chronos2/identity/instance/keep/run_0 mse=645.429 nmse=0.0614299 inference_seconds=0.193
2026-08-27 15:27:22 | configuration dataset=time/ecdc_covid_d_part03 L=30 H=7 model=ts_icl covariates=none instance_norm=true remove_constant=false seed=1 batch_size=32
[2026-08-27 15:27:25,270][data.dataset][INFO] - dataset config path=/fssmall/home/h61084/codes/datasets/time/ecdc_covid_d_part03/config.json applied_keys=['date_col', 'drop_users', 'target_cols']
[2026-08-27 15:27:25,289][evaluation.evaluator][INFO] - evaluate dataset=time/ecdc_covid_d_part03 users=1 dates=1229 windows=3 removed_constant=0 L=30 H=7 stride=512
[2026-08-27 15:27:27,373][evaluation.evaluator][INFO] - artifacts ready run=/fssmall/home/h61084/codes/tsfm/outputs_selena/covariates/time-ecdc_covid_d_part03/30_7/ts_icl/none/instance/keep/run_0 mse=1315.94 nmse=0.721417 inference_seconds=1.244
2026-08-27 15:27:29 | configuration dataset=time/ecdc_covid_d_part03 L=30 H=7 model=ts_icl covariates=identity instance_norm=true remove_constant=false seed=1 batch_size=32
[2026-08-27 15:27:31,671][data.dataset][INFO] - dataset config path=/fssmall/home/h61084/codes/datasets/time/ecdc_covid_d_part03/config.json applied_keys=['date_col', 'drop_users', 'target_cols']
[2026-08-27 15:27:31,688][evaluation.evaluator][INFO] - evaluate dataset=time/ecdc_covid_d_part03 users=1 dates=1229 windows=3 removed_constant=0 L=30 H=7 stride=512
[2026-08-27 15:27:33,803][evaluation.evaluator][INFO] - artifacts ready run=/fssmall/home/h61084/codes/tsfm/outputs_selena/covariates/time-ecdc_covid_d_part03/30_7/ts_icl/identity/instance/keep/run_0 mse=5065.24 nmse=0.491613 inference_seconds=1.272
2026-08-27 15:27:35 | configuration dataset=time/ecdc_covid_d_part04 L=7 H=1 model=chronos2 covariates=none instance_norm=true remove_constant=false seed=1 batch_size=64
[2026-08-27 15:27:38,053][data.dataset][INFO] - dataset config path=/fssmall/home/h61084/codes/datasets/time/ecdc_covid_d_part04/config.json applied_keys=['date_col', 'drop_users', 'target_cols']
[2026-08-27 15:27:38,072][evaluation.evaluator][INFO] - evaluate dataset=time/ecdc_covid_d_part04 users=1 dates=1110 windows=3 removed_constant=0 L=7 H=1 stride=512
[2026-08-27 15:27:43,768][evaluation.evaluator][INFO] - artifacts ready run=/fssmall/home/h61084/codes/tsfm/outputs_selena/covariates/time-ecdc_covid_d_part04/7_1/chronos2/none/instance/keep/run_0 mse=8.25705 nmse=0.381307 inference_seconds=0.194
2026-08-27 15:27:45 | configuration dataset=time/ecdc_covid_d_part04 L=7 H=1 model=chronos2 covariates=identity instance_norm=true remove_constant=false seed=1 batch_size=64
[2026-08-27 15:27:48,223][data.dataset][INFO] - dataset config path=/fssmall/home/h61084/codes/datasets/time/ecdc_covid_d_part04/config.json applied_keys=['date_col', 'drop_users', 'target_cols']
[2026-08-27 15:27:48,242][evaluation.evaluator][INFO] - evaluate dataset=time/ecdc_covid_d_part04 users=1 dates=1110 windows=3 removed_constant=0 L=7 H=1 stride=512
[2026-08-27 15:27:53,908][evaluation.evaluator][INFO] - artifacts ready run=/fssmall/home/h61084/codes/tsfm/outputs_selena/covariates/time-ecdc_covid_d_part04/7_1/chronos2/identity/instance/keep/run_0 mse=12.1402 nmse=0.358836 inference_seconds=0.198
2026-08-27 15:27:55 | configuration dataset=time/ecdc_covid_d_part04 L=7 H=1 model=ts_icl covariates=none instance_norm=true remove_constant=false seed=1 batch_size=32
[2026-08-27 15:27:58,292][data.dataset][INFO] - dataset config path=/fssmall/home/h61084/codes/datasets/time/ecdc_covid_d_part04/config.json applied_keys=['date_col', 'drop_users', 'target_cols']
[2026-08-27 15:27:58,310][evaluation.evaluator][INFO] - evaluate dataset=time/ecdc_covid_d_part04 users=1 dates=1110 windows=3 removed_constant=0 L=7 H=1 stride=512
[2026-08-27 15:28:00,396][evaluation.evaluator][INFO] - artifacts ready run=/fssmall/home/h61084/codes/tsfm/outputs_selena/covariates/time-ecdc_covid_d_part04/7_1/ts_icl/none/instance/keep/run_0 mse=47.0211 nmse=0.479975 inference_seconds=1.254
2026-08-27 15:28:02 | configuration dataset=time/ecdc_covid_d_part04 L=7 H=1 model=ts_icl covariates=identity instance_norm=true remove_constant=false seed=1 batch_size=32
[2026-08-27 15:28:04,689][data.dataset][INFO] - dataset config path=/fssmall/home/h61084/codes/datasets/time/ecdc_covid_d_part04/config.json applied_keys=['date_col', 'drop_users', 'target_cols']
[2026-08-27 15:28:04,706][evaluation.evaluator][INFO] - evaluate dataset=time/ecdc_covid_d_part04 users=1 dates=1110 windows=3 removed_constant=0 L=7 H=1 stride=512
[2026-08-27 15:28:06,813][evaluation.evaluator][INFO] - artifacts ready run=/fssmall/home/h61084/codes/tsfm/outputs_selena/covariates/time-ecdc_covid_d_part04/7_1/ts_icl/identity/instance/keep/run_0 mse=808.768 nmse=1.08555 inference_seconds=1.271
2026-08-27 15:28:08 | configuration dataset=time/ecdc_covid_d_part04 L=14 H=2 model=chronos2 covariates=none instance_norm=true remove_constant=false seed=1 batch_size=64
[2026-08-27 15:28:11,086][data.dataset][INFO] - dataset config path=/fssmall/home/h61084/codes/datasets/time/ecdc_covid_d_part04/config.json applied_keys=['date_col', 'drop_users', 'target_cols']
[2026-08-27 15:28:11,109][evaluation.evaluator][INFO] - evaluate dataset=time/ecdc_covid_d_part04 users=1 dates=1110 windows=3 removed_constant=0 L=14 H=2 stride=512
[2026-08-27 15:28:16,719][evaluation.evaluator][INFO] - artifacts ready run=/fssmall/home/h61084/codes/tsfm/outputs_selena/covariates/time-ecdc_covid_d_part04/14_2/chronos2/none/instance/keep/run_0 mse=2.40249 nmse=0.180722 inference_seconds=0.193
2026-08-27 15:28:18 | configuration dataset=time/ecdc_covid_d_part04 L=14 H=2 model=chronos2 covariates=identity instance_norm=true remove_constant=false seed=1 batch_size=64
[2026-08-27 15:28:21,208][data.dataset][INFO] - dataset config path=/fssmall/home/h61084/codes/datasets/time/ecdc_covid_d_part04/config.json applied_keys=['date_col', 'drop_users', 'target_cols']
[2026-08-27 15:28:21,226][evaluation.evaluator][INFO] - evaluate dataset=time/ecdc_covid_d_part04 users=1 dates=1110 windows=3 removed_constant=0 L=14 H=2 stride=512
[2026-08-27 15:28:26,893][evaluation.evaluator][INFO] - artifacts ready run=/fssmall/home/h61084/codes/tsfm/outputs_selena/covariates/time-ecdc_covid_d_part04/14_2/chronos2/identity/instance/keep/run_0 mse=3.83166 nmse=0.156119 inference_seconds=0.197
2026-08-27 15:28:28 | configuration dataset=time/ecdc_covid_d_part04 L=14 H=2 model=ts_icl covariates=none instance_norm=true remove_constant=false seed=1 batch_size=32
[2026-08-27 15:28:31,398][data.dataset][INFO] - dataset config path=/fssmall/home/h61084/codes/datasets/time/ecdc_covid_d_part04/config.json applied_keys=['date_col', 'drop_users', 'target_cols']
[2026-08-27 15:28:31,417][evaluation.evaluator][INFO] - evaluate dataset=time/ecdc_covid_d_part04 users=1 dates=1110 windows=3 removed_constant=0 L=14 H=2 stride=512
[2026-08-27 15:28:33,509][evaluation.evaluator][INFO] - artifacts ready run=/fssmall/home/h61084/codes/tsfm/outputs_selena/covariates/time-ecdc_covid_d_part04/14_2/ts_icl/none/instance/keep/run_0 mse=31.4741 nmse=0.855548 inference_seconds=1.242
2026-08-27 15:28:35 | configuration dataset=time/ecdc_covid_d_part04 L=14 H=2 model=ts_icl covariates=identity instance_norm=true remove_constant=false seed=1 batch_size=32
[2026-08-27 15:28:37,881][data.dataset][INFO] - dataset config path=/fssmall/home/h61084/codes/datasets/time/ecdc_covid_d_part04/config.json applied_keys=['date_col', 'drop_users', 'target_cols']
[2026-08-27 15:28:37,898][evaluation.evaluator][INFO] - evaluate dataset=time/ecdc_covid_d_part04 users=1 dates=1110 windows=3 removed_constant=0 L=14 H=2 stride=512
[2026-08-27 15:28:40,003][evaluation.evaluator][INFO] - artifacts ready run=/fssmall/home/h61084/codes/tsfm/outputs_selena/covariates/time-ecdc_covid_d_part04/14_2/ts_icl/identity/instance/keep/run_0 mse=28.3042 nmse=0.145484 inference_seconds=1.274
2026-08-27 15:28:41 | configuration dataset=time/ecdc_covid_d_part04 L=30 H=7 model=chronos2 covariates=none instance_norm=true remove_constant=false seed=1 batch_size=64
[2026-08-27 15:28:44,301][data.dataset][INFO] - dataset config path=/fssmall/home/h61084/codes/datasets/time/ecdc_covid_d_part04/config.json applied_keys=['date_col', 'drop_users', 'target_cols']
[2026-08-27 15:28:44,318][evaluation.evaluator][INFO] - evaluate dataset=time/ecdc_covid_d_part04 users=1 dates=1110 windows=3 removed_constant=0 L=30 H=7 stride=512
[2026-08-27 15:28:49,999][evaluation.evaluator][INFO] - artifacts ready run=/fssmall/home/h61084/codes/tsfm/outputs_selena/covariates/time-ecdc_covid_d_part04/30_7/chronos2/none/instance/keep/run_0 mse=53.4128 nmse=0.426362 inference_seconds=0.196
2026-08-27 15:28:51 | configuration dataset=time/ecdc_covid_d_part04 L=30 H=7 model=chronos2 covariates=identity instance_norm=true remove_constant=false seed=1 batch_size=64
[2026-08-27 15:28:54,460][data.dataset][INFO] - dataset config path=/fssmall/home/h61084/codes/datasets/time/ecdc_covid_d_part04/config.json applied_keys=['date_col', 'drop_users', 'target_cols']
[2026-08-27 15:28:54,477][evaluation.evaluator][INFO] - evaluate dataset=time/ecdc_covid_d_part04 users=1 dates=1110 windows=3 removed_constant=0 L=30 H=7 stride=512
[2026-08-27 15:29:00,194][evaluation.evaluator][INFO] - artifacts ready run=/fssmall/home/h61084/codes/tsfm/outputs_selena/covariates/time-ecdc_covid_d_part04/30_7/chronos2/identity/instance/keep/run_0 mse=30.5352 nmse=0.225129 inference_seconds=0.197
2026-08-27 15:29:02 | configuration dataset=time/ecdc_covid_d_part04 L=30 H=7 model=ts_icl covariates=none instance_norm=true remove_constant=false seed=1 batch_size=32
[2026-08-27 15:29:04,582][data.dataset][INFO] - dataset config path=/fssmall/home/h61084/codes/datasets/time/ecdc_covid_d_part04/config.json applied_keys=['date_col', 'drop_users', 'target_cols']
[2026-08-27 15:29:04,599][evaluation.evaluator][INFO] - evaluate dataset=time/ecdc_covid_d_part04 users=1 dates=1110 windows=3 removed_constant=0 L=30 H=7 stride=512
[2026-08-27 15:29:06,730][evaluation.evaluator][INFO] - artifacts ready run=/fssmall/home/h61084/codes/tsfm/outputs_selena/covariates/time-ecdc_covid_d_part04/30_7/ts_icl/none/instance/keep/run_0 mse=51.2962 nmse=0.309651 inference_seconds=1.301
2026-08-27 15:29:08 | configuration dataset=time/ecdc_covid_d_part04 L=30 H=7 model=ts_icl covariates=identity instance_norm=true remove_constant=false seed=1 batch_size=32
[2026-08-27 15:29:11,063][data.dataset][INFO] - dataset config path=/fssmall/home/h61084/codes/datasets/time/ecdc_covid_d_part04/config.json applied_keys=['date_col', 'drop_users', 'target_cols']
[2026-08-27 15:29:11,080][evaluation.evaluator][INFO] - evaluate dataset=time/ecdc_covid_d_part04 users=1 dates=1110 windows=3 removed_constant=0 L=30 H=7 stride=512
[2026-08-27 15:29:13,197][evaluation.evaluator][INFO] - artifacts ready run=/fssmall/home/h61084/codes/tsfm/outputs_selena/covariates/time-ecdc_covid_d_part04/30_7/ts_icl/identity/instance/keep/run_0 mse=20.6773 nmse=0.0259578 inference_seconds=1.286
2026-08-27 15:29:14 | configuration dataset=time/ecdc_covid_d_part05 L=7 H=1 model=chronos2 covariates=none instance_norm=true remove_constant=false seed=1 batch_size=64
[2026-08-27 15:29:17,495][data.dataset][INFO] - dataset config path=/fssmall/home/h61084/codes/datasets/time/ecdc_covid_d_part05/config.json applied_keys=['date_col', 'drop_users', 'target_cols']
[2026-08-27 15:29:17,514][evaluation.evaluator][INFO] - evaluate dataset=time/ecdc_covid_d_part05 users=1 dates=794 windows=2 removed_constant=0 L=7 H=1 stride=512
[2026-08-27 15:29:23,225][evaluation.evaluator][INFO] - artifacts ready run=/fssmall/home/h61084/codes/tsfm/outputs_selena/covariates/time-ecdc_covid_d_part05/7_1/chronos2/none/instance/keep/run_0 mse=746083 nmse=0.104618 inference_seconds=0.193
2026-08-27 15:29:25 | configuration dataset=time/ecdc_covid_d_part05 L=7 H=1 model=chronos2 covariates=identity instance_norm=true remove_constant=false seed=1 batch_size=64
[2026-08-27 15:29:27,722][data.dataset][INFO] - dataset config path=/fssmall/home/h61084/codes/datasets/time/ecdc_covid_d_part05/config.json applied_keys=['date_col', 'drop_users', 'target_cols']
[2026-08-27 15:29:27,739][evaluation.evaluator][INFO] - evaluate dataset=time/ecdc_covid_d_part05 users=1 dates=794 windows=2 removed_constant=0 L=7 H=1 stride=512
[2026-08-27 15:29:33,395][evaluation.evaluator][INFO] - artifacts ready run=/fssmall/home/h61084/codes/tsfm/outputs_selena/covariates/time-ecdc_covid_d_part05/7_1/chronos2/identity/instance/keep/run_0 mse=814639 nmse=0.113359 inference_seconds=0.198
2026-08-27 15:29:35 | configuration dataset=time/ecdc_covid_d_part05 L=7 H=1 model=ts_icl covariates=none instance_norm=true remove_constant=false seed=1 batch_size=32
[2026-08-27 15:29:37,942][data.dataset][INFO] - dataset config path=/fssmall/home/h61084/codes/datasets/time/ecdc_covid_d_part05/config.json applied_keys=['date_col', 'drop_users', 'target_cols']
[2026-08-27 15:29:37,962][evaluation.evaluator][INFO] - evaluate dataset=time/ecdc_covid_d_part05 users=1 dates=794 windows=2 removed_constant=0 L=7 H=1 stride=512
[2026-08-27 15:29:40,091][evaluation.evaluator][INFO] - artifacts ready run=/fssmall/home/h61084/codes/tsfm/outputs_selena/covariates/time-ecdc_covid_d_part05/7_1/ts_icl/none/instance/keep/run_0 mse=2.55643e+06 nmse=0.379055 inference_seconds=1.288
2026-08-27 15:29:41 | configuration dataset=time/ecdc_covid_d_part05 L=7 H=1 model=ts_icl covariates=identity instance_norm=true remove_constant=false seed=1 batch_size=32
[2026-08-27 15:29:44,443][data.dataset][INFO] - dataset config path=/fssmall/home/h61084/codes/datasets/time/ecdc_covid_d_part05/config.json applied_keys=['date_col', 'drop_users', 'target_cols']
[2026-08-27 15:29:44,460][evaluation.evaluator][INFO] - evaluate dataset=time/ecdc_covid_d_part05 users=1 dates=794 windows=2 removed_constant=0 L=7 H=1 stride=512
[2026-08-27 15:29:46,583][evaluation.evaluator][INFO] - artifacts ready run=/fssmall/home/h61084/codes/tsfm/outputs_selena/covariates/time-ecdc_covid_d_part05/7_1/ts_icl/identity/instance/keep/run_0 mse=1.46661e+07 nmse=2.41253 inference_seconds=1.288
2026-08-27 15:29:48 | configuration dataset=time/ecdc_covid_d_part05 L=14 H=2 model=chronos2 covariates=none instance_norm=true remove_constant=false seed=1 batch_size=64
[2026-08-27 15:29:50,884][data.dataset][INFO] - dataset config path=/fssmall/home/h61084/codes/datasets/time/ecdc_covid_d_part05/config.json applied_keys=['date_col', 'drop_users', 'target_cols']
[2026-08-27 15:29:50,902][evaluation.evaluator][INFO] - evaluate dataset=time/ecdc_covid_d_part05 users=1 dates=794 windows=2 removed_constant=0 L=14 H=2 stride=512
[2026-08-27 15:29:56,646][evaluation.evaluator][INFO] - artifacts ready run=/fssmall/home/h61084/codes/tsfm/outputs_selena/covariates/time-ecdc_covid_d_part05/14_2/chronos2/none/instance/keep/run_0 mse=103137 nmse=0.0685644 inference_seconds=0.196
2026-08-27 15:29:58 | configuration dataset=time/ecdc_covid_d_part05 L=14 H=2 model=chronos2 covariates=identity instance_norm=true remove_constant=false seed=1 batch_size=64
[2026-08-27 15:30:01,214][data.dataset][INFO] - dataset config path=/fssmall/home/h61084/codes/datasets/time/ecdc_covid_d_part05/config.json applied_keys=['date_col', 'drop_users', 'target_cols']
[2026-08-27 15:30:01,231][evaluation.evaluator][INFO] - evaluate dataset=time/ecdc_covid_d_part05 users=1 dates=794 windows=2 removed_constant=0 L=14 H=2 stride=512
[2026-08-27 15:30:06,913][evaluation.evaluator][INFO] - artifacts ready run=/fssmall/home/h61084/codes/tsfm/outputs_selena/covariates/time-ecdc_covid_d_part05/14_2/chronos2/identity/instance/keep/run_0 mse=110985 nmse=0.0714153 inference_seconds=0.199
2026-08-27 15:30:08 | configuration dataset=time/ecdc_covid_d_part05 L=14 H=2 model=ts_icl covariates=none instance_norm=true remove_constant=false seed=1 batch_size=32
[2026-08-27 15:30:11,478][data.dataset][INFO] - dataset config path=/fssmall/home/h61084/codes/datasets/time/ecdc_covid_d_part05/config.json applied_keys=['date_col', 'drop_users', 'target_cols']
[2026-08-27 15:30:11,495][evaluation.evaluator][INFO] - evaluate dataset=time/ecdc_covid_d_part05 users=1 dates=794 windows=2 removed_constant=0 L=14 H=2 stride=512
[2026-08-27 15:30:13,605][evaluation.evaluator][INFO] - artifacts ready run=/fssmall/home/h61084/codes/tsfm/outputs_selena/covariates/time-ecdc_covid_d_part05/14_2/ts_icl/none/instance/keep/run_0 mse=2.25883e+06 nmse=0.215637 inference_seconds=1.274
2026-08-27 15:30:15 | configuration dataset=time/ecdc_covid_d_part05 L=14 H=2 model=ts_icl covariates=identity instance_norm=true remove_constant=false seed=1 batch_size=32
[2026-08-27 15:30:17,996][data.dataset][INFO] - dataset config path=/fssmall/home/h61084/codes/datasets/time/ecdc_covid_d_part05/config.json applied_keys=['date_col', 'drop_users', 'target_cols']
[2026-08-27 15:30:18,014][evaluation.evaluator][INFO] - evaluate dataset=time/ecdc_covid_d_part05 users=1 dates=794 windows=2 removed_constant=0 L=14 H=2 stride=512
[2026-08-27 15:30:20,115][evaluation.evaluator][INFO] - artifacts ready run=/fssmall/home/h61084/codes/tsfm/outputs_selena/covariates/time-ecdc_covid_d_part05/14_2/ts_icl/identity/instance/keep/run_0 mse=13597.7 nmse=0.0629402 inference_seconds=1.273
2026-08-27 15:30:21 | configuration dataset=time/ecdc_covid_d_part05 L=30 H=7 model=chronos2 covariates=none instance_norm=true remove_constant=false seed=1 batch_size=64
[2026-08-27 15:30:24,477][data.dataset][INFO] - dataset config path=/fssmall/home/h61084/codes/datasets/time/ecdc_covid_d_part05/config.json applied_keys=['date_col', 'drop_users', 'target_cols']
[2026-08-27 15:30:24,495][evaluation.evaluator][INFO] - evaluate dataset=time/ecdc_covid_d_part05 users=1 dates=794 windows=2 removed_constant=0 L=30 H=7 stride=512
[2026-08-27 15:30:30,143][evaluation.evaluator][INFO] - artifacts ready run=/fssmall/home/h61084/codes/tsfm/outputs_selena/covariates/time-ecdc_covid_d_part05/30_7/chronos2/none/instance/keep/run_0 mse=121012 nmse=0.667403 inference_seconds=0.190
2026-08-27 15:30:32 | configuration dataset=time/ecdc_covid_d_part05 L=30 H=7 model=chronos2 covariates=identity instance_norm=true remove_constant=false seed=1 batch_size=64
[2026-08-27 15:30:34,679][data.dataset][INFO] - dataset config path=/fssmall/home/h61084/codes/datasets/time/ecdc_covid_d_part05/config.json applied_keys=['date_col', 'drop_users', 'target_cols']
[2026-08-27 15:30:34,696][evaluation.evaluator][INFO] - evaluate dataset=time/ecdc_covid_d_part05 users=1 dates=794 windows=2 removed_constant=0 L=30 H=7 stride=512
[2026-08-27 15:30:40,342][evaluation.evaluator][INFO] - artifacts ready run=/fssmall/home/h61084/codes/tsfm/outputs_selena/covariates/time-ecdc_covid_d_part05/30_7/chronos2/identity/instance/keep/run_0 mse=46436.2 nmse=0.212281 inference_seconds=0.197
2026-08-27 15:30:42 | configuration dataset=time/ecdc_covid_d_part05 L=30 H=7 model=ts_icl covariates=none instance_norm=true remove_constant=false seed=1 batch_size=32
[2026-08-27 15:30:44,854][data.dataset][INFO] - dataset config path=/fssmall/home/h61084/codes/datasets/time/ecdc_covid_d_part05/config.json applied_keys=['date_col', 'drop_users', 'target_cols']
[2026-08-27 15:30:44,870][evaluation.evaluator][INFO] - evaluate dataset=time/ecdc_covid_d_part05 users=1 dates=794 windows=2 removed_constant=0 L=30 H=7 stride=512
[2026-08-27 15:30:46,960][evaluation.evaluator][INFO] - artifacts ready run=/fssmall/home/h61084/codes/tsfm/outputs_selena/covariates/time-ecdc_covid_d_part05/30_7/ts_icl/none/instance/keep/run_0 mse=187141 nmse=0.84804 inference_seconds=1.253
2026-08-27 15:30:48 | configuration dataset=time/ecdc_covid_d_part05 L=30 H=7 model=ts_icl covariates=identity instance_norm=true remove_constant=false seed=1 batch_size=32
[2026-08-27 15:30:51,369][data.dataset][INFO] - dataset config path=/fssmall/home/h61084/codes/datasets/time/ecdc_covid_d_part05/config.json applied_keys=['date_col', 'drop_users', 'target_cols']
[2026-08-27 15:30:51,387][evaluation.evaluator][INFO] - evaluate dataset=time/ecdc_covid_d_part05 users=1 dates=794 windows=2 removed_constant=0 L=30 H=7 stride=512
[2026-08-27 15:30:53,524][evaluation.evaluator][INFO] - artifacts ready run=/fssmall/home/h61084/codes/tsfm/outputs_selena/covariates/time-ecdc_covid_d_part05/30_7/ts_icl/identity/instance/keep/run_0 mse=285840 nmse=0.956021 inference_seconds=1.299
2026-08-27 15:30:55 | configuration dataset=time/ecdc_covid_d_part06 L=7 H=1 model=chronos2 covariates=none instance_norm=true remove_constant=false seed=1 batch_size=64
[2026-08-27 15:30:57,936][data.dataset][INFO] - dataset config path=/fssmall/home/h61084/codes/datasets/time/ecdc_covid_d_part06/config.json applied_keys=['date_col', 'drop_users', 'target_cols']
[2026-08-27 15:30:57,955][evaluation.evaluator][INFO] - evaluate dataset=time/ecdc_covid_d_part06 users=1 dates=1112 windows=3 removed_constant=0 L=7 H=1 stride=512
[2026-08-27 15:31:03,684][evaluation.evaluator][INFO] - artifacts ready run=/fssmall/home/h61084/codes/tsfm/outputs_selena/covariates/time-ecdc_covid_d_part06/7_1/chronos2/none/instance/keep/run_0 mse=70757 nmse=165.346 inference_seconds=0.195
2026-08-27 15:31:05 | configuration dataset=time/ecdc_covid_d_part06 L=7 H=1 model=chronos2 covariates=identity instance_norm=true remove_constant=false seed=1 batch_size=64
[2026-08-27 15:31:08,189][data.dataset][INFO] - dataset config path=/fssmall/home/h61084/codes/datasets/time/ecdc_covid_d_part06/config.json applied_keys=['date_col', 'drop_users', 'target_cols']
[2026-08-27 15:31:08,207][evaluation.evaluator][INFO] - evaluate dataset=time/ecdc_covid_d_part06 users=1 dates=1112 windows=3 removed_constant=0 L=7 H=1 stride=512
[2026-08-27 15:31:13,978][evaluation.evaluator][INFO] - artifacts ready run=/fssmall/home/h61084/codes/tsfm/outputs_selena/covariates/time-ecdc_covid_d_part06/7_1/chronos2/identity/instance/keep/run_0 mse=66337.5 nmse=154.868 inference_seconds=0.199
2026-08-27 15:31:15 | configuration dataset=time/ecdc_covid_d_part06 L=7 H=1 model=ts_icl covariates=none instance_norm=true remove_constant=false seed=1 batch_size=32
[2026-08-27 15:31:18,443][data.dataset][INFO] - dataset config path=/fssmall/home/h61084/codes/datasets/time/ecdc_covid_d_part06/config.json applied_keys=['date_col', 'drop_users', 'target_cols']
[2026-08-27 15:31:18,461][evaluation.evaluator][INFO] - evaluate dataset=time/ecdc_covid_d_part06 users=1 dates=1112 windows=3 removed_constant=0 L=7 H=1 stride=512
[2026-08-27 15:31:20,574][evaluation.evaluator][INFO] - artifacts ready run=/fssmall/home/h61084/codes/tsfm/outputs_selena/covariates/time-ecdc_covid_d_part06/7_1/ts_icl/none/instance/keep/run_0 mse=67405.5 nmse=159.556 inference_seconds=1.272
2026-08-27 15:31:22 | configuration dataset=time/ecdc_covid_d_part06 L=7 H=1 model=ts_icl covariates=identity instance_norm=true remove_constant=false seed=1 batch_size=32
[2026-08-27 15:31:24,940][data.dataset][INFO] - dataset config path=/fssmall/home/h61084/codes/datasets/time/ecdc_covid_d_part06/config.json applied_keys=['date_col', 'drop_users', 'target_cols']
