2026-08-28 13:08:26 | resources data_root=auto weights_root=auto output_root=/scratch/users/h61084/codes/tsfm/outputs_selena/foundation_models
2026-08-28 13:08:33 | profile mode=test datasets=electricity settings=504:168 tasks=1 seeds=1
2026-08-28 13:08:33 | foundation models=chronos2 chronos_bolt chronos_t5 ts_icl
2026-08-28 13:08:33 | configuration dataset=electricity L=504 H=168 model=chronos2 covariates=none instance_norm=false remove_constant=false seed=1 batch_size=64
[2026-08-28 13:08:36,294][data.dataset][INFO] - dataset config path=/fssmall/home/h61084/codes/datasets/electricity/config.json applied_keys=['date_col', 'drop_users']
[2026-08-28 13:08:37,083][evaluation.evaluator][INFO] - skip complete run=/fslarge/scratch/users/h61084/codes/tsfm/outputs_selena/foundation_models/electricity/504_168/chronos2/none/raw/keep/run_0
2026-08-28 13:08:37 | configuration dataset=electricity L=504 H=168 model=chronos_bolt covariates=none instance_norm=false remove_constant=false seed=1 batch_size=128
[2026-08-28 13:08:40,256][data.dataset][INFO] - dataset config path=/fssmall/home/h61084/codes/datasets/electricity/config.json applied_keys=['date_col', 'drop_users']
[2026-08-28 13:08:40,945][evaluation.evaluator][INFO] - skip complete run=/fslarge/scratch/users/h61084/codes/tsfm/outputs_selena/foundation_models/electricity/504_168/chronos_bolt/none/raw/keep/run_0
2026-08-28 13:08:41 | configuration dataset=electricity L=504 H=168 model=chronos_t5 covariates=none instance_norm=false remove_constant=false seed=1 batch_size=32
[2026-08-28 13:08:44,119][data.dataset][INFO] - dataset config path=/fssmall/home/h61084/codes/datasets/electricity/config.json applied_keys=['date_col', 'drop_users']
[2026-08-28 13:08:44,841][evaluation.evaluator][INFO] - evaluate dataset=electricity users=312 dates=26304 windows=15912 removed_constant=0 L=504 H=168 stride=512
[2026-08-28 13:09:15,103][/fssmall/home/h61084/codes/tsfm/.venv/lib/python3.12/site-packages/chronos/chronos.py][WARNING] - We recommend keeping prediction length <= 64. The quality of longer predictions may degrade since the model is not optimized for it. 
[2026-08-28 13:09:28,621][/fssmall/home/h61084/codes/tsfm/.venv/lib/python3.12/site-packages/chronos/chronos.py][WARNING] - We recommend keeping prediction length <= 64. The quality of longer predictions may degrade since the model is not optimized for it. 
[2026-08-28 13:09:32,161][/fssmall/home/h61084/codes/tsfm/.venv/lib/python3.12/site-packages/chronos/chronos.py][WARNING] - We recommend keeping prediction length <= 64. The quality of longer predictions may degrade since the model is not optimized for it. 
[2026-08-28 13:09:35,712][/fssmall/home/h61084/codes/tsfm/.venv/lib/python3.12/site-packages/chronos/chronos.py][WARNING] - We recommend keeping prediction length <= 64. The quality of longer predictions may degrade since the model is not optimized for it. 
[2026-08-28 13:09:39,255][/fssmall/home/h61084/codes/tsfm/.venv/lib/python3.12/site-packages/chronos/chronos.py][WARNING] - We recommend keeping prediction length <= 64. The quality of longer predictions may degrade since the model is not optimized for it. 
[2026-08-28 13:09:42,795][/fssmall/home/h61084/codes/tsfm/.venv/lib/python3.12/site-packages/chronos/chronos.py][WARNING] - We recommend keeping prediction length <= 64. The quality of longer predictions may degrade since the model is not optimized for it. 
[2026-08-28 13:09:46,336][/fssmall/home/h61084/codes/tsfm/.venv/lib/python3.12/site-packages/chronos/chronos.py][WARNING] - We recommend keeping prediction length <= 64. The quality of longer predictions may degrade since the model is not optimized for it. 
[2026-08-28 13:09:49,878][/fssmall/home/h61084/codes/tsfm/.venv/lib/python3.12/site-packages/chronos/chronos.py][WARNING] - We recommend keeping prediction length <= 64. The quality of longer predictions may degrade since the model is not optimized for it. 
[2026-08-28 13:09:53,421][/fssmall/home/h61084/codes/tsfm/.venv/lib/python3.12/site-packages/chronos/chronos.py][WARNING] - We recommend keeping prediction length <= 64. The quality of longer predictions may degrade since the model is not optimized for it. 
[2026-08-28 13:09:56,965][/fssmall/home/h61084/codes/tsfm/.venv/lib/python3.12/site-packages/chronos/chronos.py][WARNING] - We recommend keeping prediction length <= 64. The quality of longer predictions may degrade since the model is not optimized for it. 
[2026-08-28 13:10:00,509][/fssmall/home/h61084/codes/tsfm/.venv/lib/python3.12/site-packages/chronos/chronos.py][WARNING] - We recommend keeping prediction length <= 64. The quality of longer predictions may degrade since the model is not optimized for it. 
[2026-08-28 13:10:04,049][/fssmall/home/h61084/codes/tsfm/.venv/lib/python3.12/site-packages/chronos/chronos.py][WARNING] - We recommend keeping prediction length <= 64. The quality of longer predictions may degrade since the model is not optimized for it. 
[2026-08-28 13:10:07,595][/fssmall/home/h61084/codes/tsfm/.venv/lib/python3.12/site-packages/chronos/chronos.py][WARNING] - We recommend keeping prediction length <= 64. The quality of longer predictions may degrade since the model is not optimized for it. 
[2026-08-28 13:10:11,141][/fssmall/home/h61084/codes/tsfm/.venv/lib/python3.12/site-packages/chronos/chronos.py][WARNING] - We recommend keeping prediction length <= 64. The quality of longer predictions may degrade since the model is not optimized for it. 
[2026-08-28 13:10:14,684][/fssmall/home/h61084/codes/tsfm/.venv/lib/python3.12/site-packages/chronos/chronos.py][WARNING] - We recommend keeping prediction length <= 64. The quality of longer predictions may degrade since the model is not optimized for it. 
[2026-08-28 13:10:18,228][/fssmall/home/h61084/codes/tsfm/.venv/lib/python3.12/site-packages/chronos/chronos.py][WARNING] - We recommend keeping prediction length <= 64. The quality of longer predictions may degrade since the model is not optimized for it. 
[2026-08-28 13:10:21,773][/fssmall/home/h61084/codes/tsfm/.venv/lib/python3.12/site-packages/chronos/chronos.py][WARNING] - We recommend keeping prediction length <= 64. The quality of longer predictions may degrade since the model is not optimized for it. 
[2026-08-28 13:10:25,321][/fssmall/home/h61084/codes/tsfm/.venv/lib/python3.12/site-packages/chronos/chronos.py][WARNING] - We recommend keeping prediction length <= 64. The quality of longer predictions may degrade since the model is not optimized for it. 
[2026-08-28 13:10:28,866][/fssmall/home/h61084/codes/tsfm/.venv/lib/python3.12/site-packages/chronos/chronos.py][WARNING] - We recommend keeping prediction length <= 64. The quality of longer predictions may degrade since the model is not optimized for it. 
[2026-08-28 13:10:32,413][/fssmall/home/h61084/codes/tsfm/.venv/lib/python3.12/site-packages/chronos/chronos.py][WARNING] - We recommend keeping prediction length <= 64. The quality of longer predictions may degrade since the model is not optimized for it. 
[2026-08-28 13:10:35,960][/fssmall/home/h61084/codes/tsfm/.venv/lib/python3.12/site-packages/chronos/chronos.py][WARNING] - We recommend keeping prediction length <= 64. The quality of longer predictions may degrade since the model is not optimized for it. 
[2026-08-28 13:10:39,506][/fssmall/home/h61084/codes/tsfm/.venv/lib/python3.12/site-packages/chronos/chronos.py][WARNING] - We recommend keeping prediction length <= 64. The quality of longer predictions may degrade since the model is not optimized for it. 
[2026-08-28 13:10:43,050][/fssmall/home/h61084/codes/tsfm/.venv/lib/python3.12/site-packages/chronos/chronos.py][WARNING] - We recommend keeping prediction length <= 64. The quality of longer predictions may degrade since the model is not optimized for it. 
[2026-08-28 13:10:46,595][/fssmall/home/h61084/codes/tsfm/.venv/lib/python3.12/site-packages/chronos/chronos.py][WARNING] - We recommend keeping prediction length <= 64. The quality of longer predictions may degrade since the model is not optimized for it. 
[2026-08-28 13:10:50,142][/fssmall/home/h61084/codes/tsfm/.venv/lib/python3.12/site-packages/chronos/chronos.py][WARNING] - We recommend keeping prediction length <= 64. The quality of longer predictions may degrade since the model is not optimized for it. 
[2026-08-28 13:10:53,688][/fssmall/home/h61084/codes/tsfm/.venv/lib/python3.12/site-packages/chronos/chronos.py][WARNING] - We recommend keeping prediction length <= 64. The quality of longer predictions may degrade since the model is not optimized for it. 
[2026-08-28 13:10:57,235][/fssmall/home/h61084/codes/tsfm/.venv/lib/python3.12/site-packages/chronos/chronos.py][WARNING] - We recommend keeping prediction length <= 64. The quality of longer predictions may degrade since the model is not optimized for it. 
[2026-08-28 13:11:00,782][/fssmall/home/h61084/codes/tsfm/.venv/lib/python3.12/site-packages/chronos/chronos.py][WARNING] - We recommend keeping prediction length <= 64. The quality of longer predictions may degrade since the model is not optimized for it. 
[2026-08-28 13:11:04,329][/fssmall/home/h61084/codes/tsfm/.venv/lib/python3.12/site-packages/chronos/chronos.py][WARNING] - We recommend keeping prediction length <= 64. The quality of longer predictions may degrade since the model is not optimized for it. 
[2026-08-28 13:11:07,875][/fssmall/home/h61084/codes/tsfm/.venv/lib/python3.12/site-packages/chronos/chronos.py][WARNING] - We recommend keeping prediction length <= 64. The quality of longer predictions may degrade since the model is not optimized for it. 
[2026-08-28 13:11:11,423][/fssmall/home/h61084/codes/tsfm/.venv/lib/python3.12/site-packages/chronos/chronos.py][WARNING] - We recommend keeping prediction length <= 64. The quality of longer predictions may degrade since the model is not optimized for it. 
[2026-08-28 13:11:14,966][/fssmall/home/h61084/codes/tsfm/.venv/lib/python3.12/site-packages/chronos/chronos.py][WARNING] - We recommend keeping prediction length <= 64. The quality of longer predictions may degrade since the model is not optimized for it. 
[2026-08-28 13:11:18,510][/fssmall/home/h61084/codes/tsfm/.venv/lib/python3.12/site-packages/chronos/chronos.py][WARNING] - We recommend keeping prediction length <= 64. The quality of longer predictions may degrade since the model is not optimized for it. 
[2026-08-28 13:11:22,054][/fssmall/home/h61084/codes/tsfm/.venv/lib/python3.12/site-packages/chronos/chronos.py][WARNING] - We recommend keeping prediction length <= 64. The quality of longer predictions may degrade since the model is not optimized for it. 
[2026-08-28 13:11:25,602][/fssmall/home/h61084/codes/tsfm/.venv/lib/python3.12/site-packages/chronos/chronos.py][WARNING] - We recommend keeping prediction length <= 64. The quality of longer predictions may degrade since the model is not optimized for it. 
[2026-08-28 13:11:29,145][/fssmall/home/h61084/codes/tsfm/.venv/lib/python3.12/site-packages/chronos/chronos.py][WARNING] - We recommend keeping prediction length <= 64. The quality of longer predictions may degrade since the model is not optimized for it. 
[2026-08-28 13:11:32,691][/fssmall/home/h61084/codes/tsfm/.venv/lib/python3.12/site-packages/chronos/chronos.py][WARNING] - We recommend keeping prediction length <= 64. The quality of longer predictions may degrade since the model is not optimized for it. 
[2026-08-28 13:11:36,239][/fssmall/home/h61084/codes/tsfm/.venv/lib/python3.12/site-packages/chronos/chronos.py][WARNING] - We recommend keeping prediction length <= 64. The quality of longer predictions may degrade since the model is not optimized for it. 
[2026-08-28 13:11:39,783][/fssmall/home/h61084/codes/tsfm/.venv/lib/python3.12/site-packages/chronos/chronos.py][WARNING] - We recommend keeping prediction length <= 64. The quality of longer predictions may degrade since the model is not optimized for it. 
[2026-08-28 13:11:43,328][/fssmall/home/h61084/codes/tsfm/.venv/lib/python3.12/site-packages/chronos/chronos.py][WARNING] - We recommend keeping prediction length <= 64. The quality of longer predictions may degrade since the model is not optimized for it. 
[2026-08-28 13:11:46,876][/fssmall/home/h61084/codes/tsfm/.venv/lib/python3.12/site-packages/chronos/chronos.py][WARNING] - We recommend keeping prediction length <= 64. The quality of longer predictions may degrade since the model is not optimized for it. 
[2026-08-28 13:11:50,423][/fssmall/home/h61084/codes/tsfm/.venv/lib/python3.12/site-packages/chronos/chronos.py][WARNING] - We recommend keeping prediction length <= 64. The quality of longer predictions may degrade since the model is not optimized for it. 
[2026-08-28 13:11:53,968][/fssmall/home/h61084/codes/tsfm/.venv/lib/python3.12/site-packages/chronos/chronos.py][WARNING] - We recommend keeping prediction length <= 64. The quality of longer predictions may degrade since the model is not optimized for it. 
[2026-08-28 13:11:57,516][/fssmall/home/h61084/codes/tsfm/.venv/lib/python3.12/site-packages/chronos/chronos.py][WARNING] - We recommend keeping prediction length <= 64. The quality of longer predictions may degrade since the model is not optimized for it. 
[2026-08-28 13:12:01,062][/fssmall/home/h61084/codes/tsfm/.venv/lib/python3.12/site-packages/chronos/chronos.py][WARNING] - We recommend keeping prediction length <= 64. The quality of longer predictions may degrade since the model is not optimized for it. 
[2026-08-28 13:12:04,609][/fssmall/home/h61084/codes/tsfm/.venv/lib/python3.12/site-packages/chronos/chronos.py][WARNING] - We recommend keeping prediction length <= 64. The quality of longer predictions may degrade since the model is not optimized for it. 
[2026-08-28 13:12:08,158][/fssmall/home/h61084/codes/tsfm/.venv/lib/python3.12/site-packages/chronos/chronos.py][WARNING] - We recommend keeping prediction length <= 64. The quality of longer predictions may degrade since the model is not optimized for it. 
[2026-08-28 13:12:11,703][/fssmall/home/h61084/codes/tsfm/.venv/lib/python3.12/site-packages/chronos/chronos.py][WARNING] - We recommend keeping prediction length <= 64. The quality of longer predictions may degrade since the model is not optimized for it. 
[2026-08-28 13:12:15,249][/fssmall/home/h61084/codes/tsfm/.venv/lib/python3.12/site-packages/chronos/chronos.py][WARNING] - We recommend keeping prediction length <= 64. The quality of longer predictions may degrade since the model is not optimized for it. 
[2026-08-28 13:12:18,796][/fssmall/home/h61084/codes/tsfm/.venv/lib/python3.12/site-packages/chronos/chronos.py][WARNING] - We recommend keeping prediction length <= 64. The quality of longer predictions may degrade since the model is not optimized for it. 
[2026-08-28 13:12:22,343][/fssmall/home/h61084/codes/tsfm/.venv/lib/python3.12/site-packages/chronos/chronos.py][WARNING] - We recommend keeping prediction length <= 64. The quality of longer predictions may degrade since the model is not optimized for it. 
[2026-08-28 13:12:25,889][/fssmall/home/h61084/codes/tsfm/.venv/lib/python3.12/site-packages/chronos/chronos.py][WARNING] - We recommend keeping prediction length <= 64. The quality of longer predictions may degrade since the model is not optimized for it. 
[2026-08-28 13:12:29,432][/fssmall/home/h61084/codes/tsfm/.venv/lib/python3.12/site-packages/chronos/chronos.py][WARNING] - We recommend keeping prediction length <= 64. The quality of longer predictions may degrade since the model is not optimized for it. 
[2026-08-28 13:12:32,978][/fssmall/home/h61084/codes/tsfm/.venv/lib/python3.12/site-packages/chronos/chronos.py][WARNING] - We recommend keeping prediction length <= 64. The quality of longer predictions may degrade since the model is not optimized for it. 
[2026-08-28 13:12:36,524][/fssmall/home/h61084/codes/tsfm/.venv/lib/python3.12/site-packages/chronos/chronos.py][WARNING] - We recommend keeping prediction length <= 64. The quality of longer predictions may degrade since the model is not optimized for it. 
[2026-08-28 13:12:40,066][/fssmall/home/h61084/codes/tsfm/.venv/lib/python3.12/site-packages/chronos/chronos.py][WARNING] - We recommend keeping prediction length <= 64. The quality of longer predictions may degrade since the model is not optimized for it. 
[2026-08-28 13:12:43,611][/fssmall/home/h61084/codes/tsfm/.venv/lib/python3.12/site-packages/chronos/chronos.py][WARNING] - We recommend keeping prediction length <= 64. The quality of longer predictions may degrade since the model is not optimized for it. 
[2026-08-28 13:12:47,157][/fssmall/home/h61084/codes/tsfm/.venv/lib/python3.12/site-packages/chronos/chronos.py][WARNING] - We recommend keeping prediction length <= 64. The quality of longer predictions may degrade since the model is not optimized for it. 
[2026-08-28 13:12:50,704][/fssmall/home/h61084/codes/tsfm/.venv/lib/python3.12/site-packages/chronos/chronos.py][WARNING] - We recommend keeping prediction length <= 64. The quality of longer predictions may degrade since the model is not optimized for it. 
[2026-08-28 13:12:54,248][/fssmall/home/h61084/codes/tsfm/.venv/lib/python3.12/site-packages/chronos/chronos.py][WARNING] - We recommend keeping prediction length <= 64. The quality of longer predictions may degrade since the model is not optimized for it. 
[2026-08-28 13:12:57,792][/fssmall/home/h61084/codes/tsfm/.venv/lib/python3.12/site-packages/chronos/chronos.py][WARNING] - We recommend keeping prediction length <= 64. The quality of longer predictions may degrade since the model is not optimized for it. 
[2026-08-28 13:13:01,338][/fssmall/home/h61084/codes/tsfm/.venv/lib/python3.12/site-packages/chronos/chronos.py][WARNING] - We recommend keeping prediction length <= 64. The quality of longer predictions may degrade since the model is not optimized for it. 
[2026-08-28 13:13:04,881][/fssmall/home/h61084/codes/tsfm/.venv/lib/python3.12/site-packages/chronos/chronos.py][WARNING] - We recommend keeping prediction length <= 64. The quality of longer predictions may degrade since the model is not optimized for it. 
[2026-08-28 13:13:08,426][/fssmall/home/h61084/codes/tsfm/.venv/lib/python3.12/site-packages/chronos/chronos.py][WARNING] - We recommend keeping prediction length <= 64. The quality of longer predictions may degrade since the model is not optimized for it. 
[2026-08-28 13:13:11,970][/fssmall/home/h61084/codes/tsfm/.venv/lib/python3.12/site-packages/chronos/chronos.py][WARNING] - We recommend keeping prediction length <= 64. The quality of longer predictions may degrade since the model is not optimized for it. 
[2026-08-28 13:13:15,518][/fssmall/home/h61084/codes/tsfm/.venv/lib/python3.12/site-packages/chronos/chronos.py][WARNING] - We recommend keeping prediction length <= 64. The quality of longer predictions may degrade since the model is not optimized for it. 
[2026-08-28 13:13:19,064][/fssmall/home/h61084/codes/tsfm/.venv/lib/python3.12/site-packages/chronos/chronos.py][WARNING] - We recommend keeping prediction length <= 64. The quality of longer predictions may degrade since the model is not optimized for it. 
[2026-08-28 13:13:22,610][/fssmall/home/h61084/codes/tsfm/.venv/lib/python3.12/site-packages/chronos/chronos.py][WARNING] - We recommend keeping prediction length <= 64. The quality of longer predictions may degrade since the model is not optimized for it. 
[2026-08-28 13:13:26,158][/fssmall/home/h61084/codes/tsfm/.venv/lib/python3.12/site-packages/chronos/chronos.py][WARNING] - We recommend keeping prediction length <= 64. The quality of longer predictions may degrade since the model is not optimized for it. 
[2026-08-28 13:13:29,705][/fssmall/home/h61084/codes/tsfm/.venv/lib/python3.12/site-packages/chronos/chronos.py][WARNING] - We recommend keeping prediction length <= 64. The quality of longer predictions may degrade since the model is not optimized for it. 
[2026-08-28 13:13:33,252][/fssmall/home/h61084/codes/tsfm/.venv/lib/python3.12/site-packages/chronos/chronos.py][WARNING] - We recommend keeping prediction length <= 64. The quality of longer predictions may degrade since the model is not optimized for it. 
[2026-08-28 13:13:36,798][/fssmall/home/h61084/codes/tsfm/.venv/lib/python3.12/site-packages/chronos/chronos.py][WARNING] - We recommend keeping prediction length <= 64. The quality of longer predictions may degrade since the model is not optimized for it. 
[2026-08-28 13:13:40,343][/fssmall/home/h61084/codes/tsfm/.venv/lib/python3.12/site-packages/chronos/chronos.py][WARNING] - We recommend keeping prediction length <= 64. The quality of longer predictions may degrade since the model is not optimized for it. 
[2026-08-28 13:13:43,887][/fssmall/home/h61084/codes/tsfm/.venv/lib/python3.12/site-packages/chronos/chronos.py][WARNING] - We recommend keeping prediction length <= 64. The quality of longer predictions may degrade since the model is not optimized for it. 
[2026-08-28 13:13:47,431][/fssmall/home/h61084/codes/tsfm/.venv/lib/python3.12/site-packages/chronos/chronos.py][WARNING] - We recommend keeping prediction length <= 64. The quality of longer predictions may degrade since the model is not optimized for it. 
[2026-08-28 13:13:50,977][/fssmall/home/h61084/codes/tsfm/.venv/lib/python3.12/site-packages/chronos/chronos.py][WARNING] - We recommend keeping prediction length <= 64. The quality of longer predictions may degrade since the model is not optimized for it. 
[2026-08-28 13:13:54,523][/fssmall/home/h61084/codes/tsfm/.venv/lib/python3.12/site-packages/chronos/chronos.py][WARNING] - We recommend keeping prediction length <= 64. The quality of longer predictions may degrade since the model is not optimized for it. 
[2026-08-28 13:13:58,069][/fssmall/home/h61084/codes/tsfm/.venv/lib/python3.12/site-packages/chronos/chronos.py][WARNING] - We recommend keeping prediction length <= 64. The quality of longer predictions may degrade since the model is not optimized for it. 
[2026-08-28 13:14:01,618][/fssmall/home/h61084/codes/tsfm/.venv/lib/python3.12/site-packages/chronos/chronos.py][WARNING] - We recommend keeping prediction length <= 64. The quality of longer predictions may degrade since the model is not optimized for it. 
[2026-08-28 13:14:05,163][/fssmall/home/h61084/codes/tsfm/.venv/lib/python3.12/site-packages/chronos/chronos.py][WARNING] - We recommend keeping prediction length <= 64. The quality of longer predictions may degrade since the model is not optimized for it. 
[2026-08-28 13:14:08,711][/fssmall/home/h61084/codes/tsfm/.venv/lib/python3.12/site-packages/chronos/chronos.py][WARNING] - We recommend keeping prediction length <= 64. The quality of longer predictions may degrade since the model is not optimized for it. 
[2026-08-28 13:14:12,257][/fssmall/home/h61084/codes/tsfm/.venv/lib/python3.12/site-packages/chronos/chronos.py][WARNING] - We recommend keeping prediction length <= 64. The quality of longer predictions may degrade since the model is not optimized for it. 
[2026-08-28 13:14:15,803][/fssmall/home/h61084/codes/tsfm/.venv/lib/python3.12/site-packages/chronos/chronos.py][WARNING] - We recommend keeping prediction length <= 64. The quality of longer predictions may degrade since the model is not optimized for it. 
[2026-08-28 13:14:19,348][/fssmall/home/h61084/codes/tsfm/.venv/lib/python3.12/site-packages/chronos/chronos.py][WARNING] - We recommend keeping prediction length <= 64. The quality of longer predictions may degrade since the model is not optimized for it. 
[2026-08-28 13:14:22,892][/fssmall/home/h61084/codes/tsfm/.venv/lib/python3.12/site-packages/chronos/chronos.py][WARNING] - We recommend keeping prediction length <= 64. The quality of longer predictions may degrade since the model is not optimized for it. 
[2026-08-28 13:14:26,752][/fssmall/home/h61084/codes/tsfm/.venv/lib/python3.12/site-packages/chronos/chronos.py][WARNING] - We recommend keeping prediction length <= 64. The quality of longer predictions may degrade since the model is not optimized for it. 
[2026-08-28 13:14:30,798][/fssmall/home/h61084/codes/tsfm/.venv/lib/python3.12/site-packages/chronos/chronos.py][WARNING] - We recommend keeping prediction length <= 64. The quality of longer predictions may degrade since the model is not optimized for it. 
[2026-08-28 13:14:34,352][/fssmall/home/h61084/codes/tsfm/.venv/lib/python3.12/site-packages/chronos/chronos.py][WARNING] - We recommend keeping prediction length <= 64. The quality of longer predictions may degrade since the model is not optimized for it. 
[2026-08-28 13:14:37,897][/fssmall/home/h61084/codes/tsfm/.venv/lib/python3.12/site-packages/chronos/chronos.py][WARNING] - We recommend keeping prediction length <= 64. The quality of longer predictions may degrade since the model is not optimized for it. 
[2026-08-28 13:14:41,443][/fssmall/home/h61084/codes/tsfm/.venv/lib/python3.12/site-packages/chronos/chronos.py][WARNING] - We recommend keeping prediction length <= 64. The quality of longer predictions may degrade since the model is not optimized for it. 
[2026-08-28 13:14:44,996][/fssmall/home/h61084/codes/tsfm/.venv/lib/python3.12/site-packages/chronos/chronos.py][WARNING] - We recommend keeping prediction length <= 64. The quality of longer predictions may degrade since the model is not optimized for it. 
[2026-08-28 13:14:48,550][/fssmall/home/h61084/codes/tsfm/.venv/lib/python3.12/site-packages/chronos/chronos.py][WARNING] - We recommend keeping prediction length <= 64. The quality of longer predictions may degrade since the model is not optimized for it. 
[2026-08-28 13:14:52,093][/fssmall/home/h61084/codes/tsfm/.venv/lib/python3.12/site-packages/chronos/chronos.py][WARNING] - We recommend keeping prediction length <= 64. The quality of longer predictions may degrade since the model is not optimized for it. 
[2026-08-28 13:14:55,739][/fssmall/home/h61084/codes/tsfm/.venv/lib/python3.12/site-packages/chronos/chronos.py][WARNING] - We recommend keeping prediction length <= 64. The quality of longer predictions may degrade since the model is not optimized for it. 
[2026-08-28 13:14:59,963][/fssmall/home/h61084/codes/tsfm/.venv/lib/python3.12/site-packages/chronos/chronos.py][WARNING] - We recommend keeping prediction length <= 64. The quality of longer predictions may degrade since the model is not optimized for it. 
[2026-08-28 13:15:03,503][/fssmall/home/h61084/codes/tsfm/.venv/lib/python3.12/site-packages/chronos/chronos.py][WARNING] - We recommend keeping prediction length <= 64. The quality of longer predictions may degrade since the model is not optimized for it. 
[2026-08-28 13:15:07,043][/fssmall/home/h61084/codes/tsfm/.venv/lib/python3.12/site-packages/chronos/chronos.py][WARNING] - We recommend keeping prediction length <= 64. The quality of longer predictions may degrade since the model is not optimized for it. 
[2026-08-28 13:15:10,587][/fssmall/home/h61084/codes/tsfm/.venv/lib/python3.12/site-packages/chronos/chronos.py][WARNING] - We recommend keeping prediction length <= 64. The quality of longer predictions may degrade since the model is not optimized for it. 
[2026-08-28 13:15:14,128][/fssmall/home/h61084/codes/tsfm/.venv/lib/python3.12/site-packages/chronos/chronos.py][WARNING] - We recommend keeping prediction length <= 64. The quality of longer predictions may degrade since the model is not optimized for it. 
[2026-08-28 13:15:17,687][/fssmall/home/h61084/codes/tsfm/.venv/lib/python3.12/site-packages/chronos/chronos.py][WARNING] - We recommend keeping prediction length <= 64. The quality of longer predictions may degrade since the model is not optimized for it. 
[2026-08-28 13:15:21,227][/fssmall/home/h61084/codes/tsfm/.venv/lib/python3.12/site-packages/chronos/chronos.py][WARNING] - We recommend keeping prediction length <= 64. The quality of longer predictions may degrade since the model is not optimized for it. 
[2026-08-28 13:15:24,764][/fssmall/home/h61084/codes/tsfm/.venv/lib/python3.12/site-packages/chronos/chronos.py][WARNING] - We recommend keeping prediction length <= 64. The quality of longer predictions may degrade since the model is not optimized for it. 
[2026-08-28 13:15:28,307][/fssmall/home/h61084/codes/tsfm/.venv/lib/python3.12/site-packages/chronos/chronos.py][WARNING] - We recommend keeping prediction length <= 64. The quality of longer predictions may degrade since the model is not optimized for it. 
[2026-08-28 13:15:31,844][/fssmall/home/h61084/codes/tsfm/.venv/lib/python3.12/site-packages/chronos/chronos.py][WARNING] - We recommend keeping prediction length <= 64. The quality of longer predictions may degrade since the model is not optimized for it. 
[2026-08-28 13:15:35,384][/fssmall/home/h61084/codes/tsfm/.venv/lib/python3.12/site-packages/chronos/chronos.py][WARNING] - We recommend keeping prediction length <= 64. The quality of longer predictions may degrade since the model is not optimized for it. 
[2026-08-28 13:15:38,924][/fssmall/home/h61084/codes/tsfm/.venv/lib/python3.12/site-packages/chronos/chronos.py][WARNING] - We recommend keeping prediction length <= 64. The quality of longer predictions may degrade since the model is not optimized for it. 
[2026-08-28 13:15:42,464][/fssmall/home/h61084/codes/tsfm/.venv/lib/python3.12/site-packages/chronos/chronos.py][WARNING] - We recommend keeping prediction length <= 64. The quality of longer predictions may degrade since the model is not optimized for it. 
[2026-08-28 13:15:46,003][/fssmall/home/h61084/codes/tsfm/.venv/lib/python3.12/site-packages/chronos/chronos.py][WARNING] - We recommend keeping prediction length <= 64. The quality of longer predictions may degrade since the model is not optimized for it. 
[2026-08-28 13:15:49,544][/fssmall/home/h61084/codes/tsfm/.venv/lib/python3.12/site-packages/chronos/chronos.py][WARNING] - We recommend keeping prediction length <= 64. The quality of longer predictions may degrade since the model is not optimized for it. 
[2026-08-28 13:15:53,083][/fssmall/home/h61084/codes/tsfm/.venv/lib/python3.12/site-packages/chronos/chronos.py][WARNING] - We recommend keeping prediction length <= 64. The quality of longer predictions may degrade since the model is not optimized for it. 
[2026-08-28 13:15:56,624][/fssmall/home/h61084/codes/tsfm/.venv/lib/python3.12/site-packages/chronos/chronos.py][WARNING] - We recommend keeping prediction length <= 64. The quality of longer predictions may degrade since the model is not optimized for it. 
[2026-08-28 13:16:00,163][/fssmall/home/h61084/codes/tsfm/.venv/lib/python3.12/site-packages/chronos/chronos.py][WARNING] - We recommend keeping prediction length <= 64. The quality of longer predictions may degrade since the model is not optimized for it. 
[2026-08-28 13:16:03,704][/fssmall/home/h61084/codes/tsfm/.venv/lib/python3.12/site-packages/chronos/chronos.py][WARNING] - We recommend keeping prediction length <= 64. The quality of longer predictions may degrade since the model is not optimized for it. 
[2026-08-28 13:16:07,244][/fssmall/home/h61084/codes/tsfm/.venv/lib/python3.12/site-packages/chronos/chronos.py][WARNING] - We recommend keeping prediction length <= 64. The quality of longer predictions may degrade since the model is not optimized for it. 
[2026-08-28 13:16:10,784][/fssmall/home/h61084/codes/tsfm/.venv/lib/python3.12/site-packages/chronos/chronos.py][WARNING] - We recommend keeping prediction length <= 64. The quality of longer predictions may degrade since the model is not optimized for it. 
[2026-08-28 13:16:14,324][/fssmall/home/h61084/codes/tsfm/.venv/lib/python3.12/site-packages/chronos/chronos.py][WARNING] - We recommend keeping prediction length <= 64. The quality of longer predictions may degrade since the model is not optimized for it. 
[2026-08-28 13:16:17,864][/fssmall/home/h61084/codes/tsfm/.venv/lib/python3.12/site-packages/chronos/chronos.py][WARNING] - We recommend keeping prediction length <= 64. The quality of longer predictions may degrade since the model is not optimized for it. 
[2026-08-28 13:16:21,404][/fssmall/home/h61084/codes/tsfm/.venv/lib/python3.12/site-packages/chronos/chronos.py][WARNING] - We recommend keeping prediction length <= 64. The quality of longer predictions may degrade since the model is not optimized for it. 
[2026-08-28 13:16:24,946][/fssmall/home/h61084/codes/tsfm/.venv/lib/python3.12/site-packages/chronos/chronos.py][WARNING] - We recommend keeping prediction length <= 64. The quality of longer predictions may degrade since the model is not optimized for it. 
[2026-08-28 13:16:28,484][/fssmall/home/h61084/codes/tsfm/.venv/lib/python3.12/site-packages/chronos/chronos.py][WARNING] - We recommend keeping prediction length <= 64. The quality of longer predictions may degrade since the model is not optimized for it. 
[2026-08-28 13:16:32,025][/fssmall/home/h61084/codes/tsfm/.venv/lib/python3.12/site-packages/chronos/chronos.py][WARNING] - We recommend keeping prediction length <= 64. The quality of longer predictions may degrade since the model is not optimized for it. 
[2026-08-28 13:16:35,564][/fssmall/home/h61084/codes/tsfm/.venv/lib/python3.12/site-packages/chronos/chronos.py][WARNING] - We recommend keeping prediction length <= 64. The quality of longer predictions may degrade since the model is not optimized for it. 
[2026-08-28 13:16:39,105][/fssmall/home/h61084/codes/tsfm/.venv/lib/python3.12/site-packages/chronos/chronos.py][WARNING] - We recommend keeping prediction length <= 64. The quality of longer predictions may degrade since the model is not optimized for it. 
[2026-08-28 13:16:42,644][/fssmall/home/h61084/codes/tsfm/.venv/lib/python3.12/site-packages/chronos/chronos.py][WARNING] - We recommend keeping prediction length <= 64. The quality of longer predictions may degrade since the model is not optimized for it. 
[2026-08-28 13:16:46,184][/fssmall/home/h61084/codes/tsfm/.venv/lib/python3.12/site-packages/chronos/chronos.py][WARNING] - We recommend keeping prediction length <= 64. The quality of longer predictions may degrade since the model is not optimized for it. 
[2026-08-28 13:16:49,725][/fssmall/home/h61084/codes/tsfm/.venv/lib/python3.12/site-packages/chronos/chronos.py][WARNING] - We recommend keeping prediction length <= 64. The quality of longer predictions may degrade since the model is not optimized for it. 
[2026-08-28 13:16:53,264][/fssmall/home/h61084/codes/tsfm/.venv/lib/python3.12/site-packages/chronos/chronos.py][WARNING] - We recommend keeping prediction length <= 64. The quality of longer predictions may degrade since the model is not optimized for it. 
[2026-08-28 13:16:56,805][/fssmall/home/h61084/codes/tsfm/.venv/lib/python3.12/site-packages/chronos/chronos.py][WARNING] - We recommend keeping prediction length <= 64. The quality of longer predictions may degrade since the model is not optimized for it. 
[2026-08-28 13:17:00,346][/fssmall/home/h61084/codes/tsfm/.venv/lib/python3.12/site-packages/chronos/chronos.py][WARNING] - We recommend keeping prediction length <= 64. The quality of longer predictions may degrade since the model is not optimized for it. 
[2026-08-28 13:17:03,884][/fssmall/home/h61084/codes/tsfm/.venv/lib/python3.12/site-packages/chronos/chronos.py][WARNING] - We recommend keeping prediction length <= 64. The quality of longer predictions may degrade since the model is not optimized for it. 
[2026-08-28 13:17:07,424][/fssmall/home/h61084/codes/tsfm/.venv/lib/python3.12/site-packages/chronos/chronos.py][WARNING] - We recommend keeping prediction length <= 64. The quality of longer predictions may degrade since the model is not optimized for it. 
[2026-08-28 13:17:10,964][/fssmall/home/h61084/codes/tsfm/.venv/lib/python3.12/site-packages/chronos/chronos.py][WARNING] - We recommend keeping prediction length <= 64. The quality of longer predictions may degrade since the model is not optimized for it. 
[2026-08-28 13:17:14,506][/fssmall/home/h61084/codes/tsfm/.venv/lib/python3.12/site-packages/chronos/chronos.py][WARNING] - We recommend keeping prediction length <= 64. The quality of longer predictions may degrade since the model is not optimized for it. 
[2026-08-28 13:17:18,045][/fssmall/home/h61084/codes/tsfm/.venv/lib/python3.12/site-packages/chronos/chronos.py][WARNING] - We recommend keeping prediction length <= 64. The quality of longer predictions may degrade since the model is not optimized for it. 
[2026-08-28 13:17:21,584][/fssmall/home/h61084/codes/tsfm/.venv/lib/python3.12/site-packages/chronos/chronos.py][WARNING] - We recommend keeping prediction length <= 64. The quality of longer predictions may degrade since the model is not optimized for it. 
[2026-08-28 13:17:25,124][/fssmall/home/h61084/codes/tsfm/.venv/lib/python3.12/site-packages/chronos/chronos.py][WARNING] - We recommend keeping prediction length <= 64. The quality of longer predictions may degrade since the model is not optimized for it. 
[2026-08-28 13:17:28,664][/fssmall/home/h61084/codes/tsfm/.venv/lib/python3.12/site-packages/chronos/chronos.py][WARNING] - We recommend keeping prediction length <= 64. The quality of longer predictions may degrade since the model is not optimized for it. 
[2026-08-28 13:17:32,205][/fssmall/home/h61084/codes/tsfm/.venv/lib/python3.12/site-packages/chronos/chronos.py][WARNING] - We recommend keeping prediction length <= 64. The quality of longer predictions may degrade since the model is not optimized for it. 
[2026-08-28 13:17:35,745][/fssmall/home/h61084/codes/tsfm/.venv/lib/python3.12/site-packages/chronos/chronos.py][WARNING] - We recommend keeping prediction length <= 64. The quality of longer predictions may degrade since the model is not optimized for it. 
[2026-08-28 13:17:39,284][/fssmall/home/h61084/codes/tsfm/.venv/lib/python3.12/site-packages/chronos/chronos.py][WARNING] - We recommend keeping prediction length <= 64. The quality of longer predictions may degrade since the model is not optimized for it. 
[2026-08-28 13:17:42,825][/fssmall/home/h61084/codes/tsfm/.venv/lib/python3.12/site-packages/chronos/chronos.py][WARNING] - We recommend keeping prediction length <= 64. The quality of longer predictions may degrade since the model is not optimized for it. 
[2026-08-28 13:17:46,364][/fssmall/home/h61084/codes/tsfm/.venv/lib/python3.12/site-packages/chronos/chronos.py][WARNING] - We recommend keeping prediction length <= 64. The quality of longer predictions may degrade since the model is not optimized for it. 
[2026-08-28 13:17:49,905][/fssmall/home/h61084/codes/tsfm/.venv/lib/python3.12/site-packages/chronos/chronos.py][WARNING] - We recommend keeping prediction length <= 64. The quality of longer predictions may degrade since the model is not optimized for it. 
[2026-08-28 13:17:53,444][/fssmall/home/h61084/codes/tsfm/.venv/lib/python3.12/site-packages/chronos/chronos.py][WARNING] - We recommend keeping prediction length <= 64. The quality of longer predictions may degrade since the model is not optimized for it. 
[2026-08-28 13:17:56,984][/fssmall/home/h61084/codes/tsfm/.venv/lib/python3.12/site-packages/chronos/chronos.py][WARNING] - We recommend keeping prediction length <= 64. The quality of longer predictions may degrade since the model is not optimized for it. 
[2026-08-28 13:18:00,526][/fssmall/home/h61084/codes/tsfm/.venv/lib/python3.12/site-packages/chronos/chronos.py][WARNING] - We recommend keeping prediction length <= 64. The quality of longer predictions may degrade since the model is not optimized for it. 
[2026-08-28 13:18:04,064][/fssmall/home/h61084/codes/tsfm/.venv/lib/python3.12/site-packages/chronos/chronos.py][WARNING] - We recommend keeping prediction length <= 64. The quality of longer predictions may degrade since the model is not optimized for it. 
[2026-08-28 13:18:07,605][/fssmall/home/h61084/codes/tsfm/.venv/lib/python3.12/site-packages/chronos/chronos.py][WARNING] - We recommend keeping prediction length <= 64. The quality of longer predictions may degrade since the model is not optimized for it. 
[2026-08-28 13:18:11,145][/fssmall/home/h61084/codes/tsfm/.venv/lib/python3.12/site-packages/chronos/chronos.py][WARNING] - We recommend keeping prediction length <= 64. The quality of longer predictions may degrade since the model is not optimized for it. 
[2026-08-28 13:18:14,684][/fssmall/home/h61084/codes/tsfm/.venv/lib/python3.12/site-packages/chronos/chronos.py][WARNING] - We recommend keeping prediction length <= 64. The quality of longer predictions may degrade since the model is not optimized for it. 
[2026-08-28 13:18:18,225][/fssmall/home/h61084/codes/tsfm/.venv/lib/python3.12/site-packages/chronos/chronos.py][WARNING] - We recommend keeping prediction length <= 64. The quality of longer predictions may degrade since the model is not optimized for it. 
[2026-08-28 13:18:21,765][/fssmall/home/h61084/codes/tsfm/.venv/lib/python3.12/site-packages/chronos/chronos.py][WARNING] - We recommend keeping prediction length <= 64. The quality of longer predictions may degrade since the model is not optimized for it. 
[2026-08-28 13:18:25,306][/fssmall/home/h61084/codes/tsfm/.venv/lib/python3.12/site-packages/chronos/chronos.py][WARNING] - We recommend keeping prediction length <= 64. The quality of longer predictions may degrade since the model is not optimized for it. 
[2026-08-28 13:18:28,841][/fssmall/home/h61084/codes/tsfm/.venv/lib/python3.12/site-packages/chronos/chronos.py][WARNING] - We recommend keeping prediction length <= 64. The quality of longer predictions may degrade since the model is not optimized for it. 
[2026-08-28 13:18:32,380][/fssmall/home/h61084/codes/tsfm/.venv/lib/python3.12/site-packages/chronos/chronos.py][WARNING] - We recommend keeping prediction length <= 64. The quality of longer predictions may degrade since the model is not optimized for it. 
[2026-08-28 13:18:35,920][/fssmall/home/h61084/codes/tsfm/.venv/lib/python3.12/site-packages/chronos/chronos.py][WARNING] - We recommend keeping prediction length <= 64. The quality of longer predictions may degrade since the model is not optimized for it. 
[2026-08-28 13:18:39,459][/fssmall/home/h61084/codes/tsfm/.venv/lib/python3.12/site-packages/chronos/chronos.py][WARNING] - We recommend keeping prediction length <= 64. The quality of longer predictions may degrade since the model is not optimized for it. 
[2026-08-28 13:18:42,999][/fssmall/home/h61084/codes/tsfm/.venv/lib/python3.12/site-packages/chronos/chronos.py][WARNING] - We recommend keeping prediction length <= 64. The quality of longer predictions may degrade since the model is not optimized for it. 
[2026-08-28 13:18:46,539][/fssmall/home/h61084/codes/tsfm/.venv/lib/python3.12/site-packages/chronos/chronos.py][WARNING] - We recommend keeping prediction length <= 64. The quality of longer predictions may degrade since the model is not optimized for it. 
[2026-08-28 13:18:50,079][/fssmall/home/h61084/codes/tsfm/.venv/lib/python3.12/site-packages/chronos/chronos.py][WARNING] - We recommend keeping prediction length <= 64. The quality of longer predictions may degrade since the model is not optimized for it. 
[2026-08-28 13:18:53,620][/fssmall/home/h61084/codes/tsfm/.venv/lib/python3.12/site-packages/chronos/chronos.py][WARNING] - We recommend keeping prediction length <= 64. The quality of longer predictions may degrade since the model is not optimized for it. 
[2026-08-28 13:18:57,160][/fssmall/home/h61084/codes/tsfm/.venv/lib/python3.12/site-packages/chronos/chronos.py][WARNING] - We recommend keeping prediction length <= 64. The quality of longer predictions may degrade since the model is not optimized for it. 
[2026-08-28 13:19:00,699][/fssmall/home/h61084/codes/tsfm/.venv/lib/python3.12/site-packages/chronos/chronos.py][WARNING] - We recommend keeping prediction length <= 64. The quality of longer predictions may degrade since the model is not optimized for it. 
[2026-08-28 13:19:04,239][/fssmall/home/h61084/codes/tsfm/.venv/lib/python3.12/site-packages/chronos/chronos.py][WARNING] - We recommend keeping prediction length <= 64. The quality of longer predictions may degrade since the model is not optimized for it. 
[2026-08-28 13:19:07,779][/fssmall/home/h61084/codes/tsfm/.venv/lib/python3.12/site-packages/chronos/chronos.py][WARNING] - We recommend keeping prediction length <= 64. The quality of longer predictions may degrade since the model is not optimized for it. 
[2026-08-28 13:19:11,320][/fssmall/home/h61084/codes/tsfm/.venv/lib/python3.12/site-packages/chronos/chronos.py][WARNING] - We recommend keeping prediction length <= 64. The quality of longer predictions may degrade since the model is not optimized for it. 
[2026-08-28 13:19:14,860][/fssmall/home/h61084/codes/tsfm/.venv/lib/python3.12/site-packages/chronos/chronos.py][WARNING] - We recommend keeping prediction length <= 64. The quality of longer predictions may degrade since the model is not optimized for it. 
[2026-08-28 13:19:18,399][/fssmall/home/h61084/codes/tsfm/.venv/lib/python3.12/site-packages/chronos/chronos.py][WARNING] - We recommend keeping prediction length <= 64. The quality of longer predictions may degrade since the model is not optimized for it. 
[2026-08-28 13:19:21,939][/fssmall/home/h61084/codes/tsfm/.venv/lib/python3.12/site-packages/chronos/chronos.py][WARNING] - We recommend keeping prediction length <= 64. The quality of longer predictions may degrade since the model is not optimized for it. 
[2026-08-28 13:19:25,480][/fssmall/home/h61084/codes/tsfm/.venv/lib/python3.12/site-packages/chronos/chronos.py][WARNING] - We recommend keeping prediction length <= 64. The quality of longer predictions may degrade since the model is not optimized for it. 
[2026-08-28 13:19:29,020][/fssmall/home/h61084/codes/tsfm/.venv/lib/python3.12/site-packages/chronos/chronos.py][WARNING] - We recommend keeping prediction length <= 64. The quality of longer predictions may degrade since the model is not optimized for it. 
[2026-08-28 13:19:32,560][/fssmall/home/h61084/codes/tsfm/.venv/lib/python3.12/site-packages/chronos/chronos.py][WARNING] - We recommend keeping prediction length <= 64. The quality of longer predictions may degrade since the model is not optimized for it. 
[2026-08-28 13:19:36,100][/fssmall/home/h61084/codes/tsfm/.venv/lib/python3.12/site-packages/chronos/chronos.py][WARNING] - We recommend keeping prediction length <= 64. The quality of longer predictions may degrade since the model is not optimized for it. 
[2026-08-28 13:19:39,640][/fssmall/home/h61084/codes/tsfm/.venv/lib/python3.12/site-packages/chronos/chronos.py][WARNING] - We recommend keeping prediction length <= 64. The quality of longer predictions may degrade since the model is not optimized for it. 
[2026-08-28 13:19:43,180][/fssmall/home/h61084/codes/tsfm/.venv/lib/python3.12/site-packages/chronos/chronos.py][WARNING] - We recommend keeping prediction length <= 64. The quality of longer predictions may degrade since the model is not optimized for it. 
[2026-08-28 13:19:46,721][/fssmall/home/h61084/codes/tsfm/.venv/lib/python3.12/site-packages/chronos/chronos.py][WARNING] - We recommend keeping prediction length <= 64. The quality of longer predictions may degrade since the model is not optimized for it. 
[2026-08-28 13:19:50,260][/fssmall/home/h61084/codes/tsfm/.venv/lib/python3.12/site-packages/chronos/chronos.py][WARNING] - We recommend keeping prediction length <= 64. The quality of longer predictions may degrade since the model is not optimized for it. 
[2026-08-28 13:19:53,800][/fssmall/home/h61084/codes/tsfm/.venv/lib/python3.12/site-packages/chronos/chronos.py][WARNING] - We recommend keeping prediction length <= 64. The quality of longer predictions may degrade since the model is not optimized for it. 
[2026-08-28 13:19:57,340][/fssmall/home/h61084/codes/tsfm/.venv/lib/python3.12/site-packages/chronos/chronos.py][WARNING] - We recommend keeping prediction length <= 64. The quality of longer predictions may degrade since the model is not optimized for it. 
[2026-08-28 13:20:00,879][/fssmall/home/h61084/codes/tsfm/.venv/lib/python3.12/site-packages/chronos/chronos.py][WARNING] - We recommend keeping prediction length <= 64. The quality of longer predictions may degrade since the model is not optimized for it. 
[2026-08-28 13:20:04,421][/fssmall/home/h61084/codes/tsfm/.venv/lib/python3.12/site-packages/chronos/chronos.py][WARNING] - We recommend keeping prediction length <= 64. The quality of longer predictions may degrade since the model is not optimized for it. 
[2026-08-28 13:20:07,960][/fssmall/home/h61084/codes/tsfm/.venv/lib/python3.12/site-packages/chronos/chronos.py][WARNING] - We recommend keeping prediction length <= 64. The quality of longer predictions may degrade since the model is not optimized for it. 
[2026-08-28 13:20:11,500][/fssmall/home/h61084/codes/tsfm/.venv/lib/python3.12/site-packages/chronos/chronos.py][WARNING] - We recommend keeping prediction length <= 64. The quality of longer predictions may degrade since the model is not optimized for it. 
[2026-08-28 13:20:15,040][/fssmall/home/h61084/codes/tsfm/.venv/lib/python3.12/site-packages/chronos/chronos.py][WARNING] - We recommend keeping prediction length <= 64. The quality of longer predictions may degrade since the model is not optimized for it. 
[2026-08-28 13:20:18,580][/fssmall/home/h61084/codes/tsfm/.venv/lib/python3.12/site-packages/chronos/chronos.py][WARNING] - We recommend keeping prediction length <= 64. The quality of longer predictions may degrade since the model is not optimized for it. 
[2026-08-28 13:20:22,121][/fssmall/home/h61084/codes/tsfm/.venv/lib/python3.12/site-packages/chronos/chronos.py][WARNING] - We recommend keeping prediction length <= 64. The quality of longer predictions may degrade since the model is not optimized for it. 
[2026-08-28 13:20:25,661][/fssmall/home/h61084/codes/tsfm/.venv/lib/python3.12/site-packages/chronos/chronos.py][WARNING] - We recommend keeping prediction length <= 64. The quality of longer predictions may degrade since the model is not optimized for it. 
[2026-08-28 13:20:29,349][/fssmall/home/h61084/codes/tsfm/.venv/lib/python3.12/site-packages/chronos/chronos.py][WARNING] - We recommend keeping prediction length <= 64. The quality of longer predictions may degrade since the model is not optimized for it. 
[2026-08-28 13:20:32,937][/fssmall/home/h61084/codes/tsfm/.venv/lib/python3.12/site-packages/chronos/chronos.py][WARNING] - We recommend keeping prediction length <= 64. The quality of longer predictions may degrade since the model is not optimized for it. 
[2026-08-28 13:20:36,662][/fssmall/home/h61084/codes/tsfm/.venv/lib/python3.12/site-packages/chronos/chronos.py][WARNING] - We recommend keeping prediction length <= 64. The quality of longer predictions may degrade since the model is not optimized for it. 
[2026-08-28 13:20:40,213][/fssmall/home/h61084/codes/tsfm/.venv/lib/python3.12/site-packages/chronos/chronos.py][WARNING] - We recommend keeping prediction length <= 64. The quality of longer predictions may degrade since the model is not optimized for it. 
[2026-08-28 13:20:43,753][/fssmall/home/h61084/codes/tsfm/.venv/lib/python3.12/site-packages/chronos/chronos.py][WARNING] - We recommend keeping prediction length <= 64. The quality of longer predictions may degrade since the model is not optimized for it. 
[2026-08-28 13:20:47,296][/fssmall/home/h61084/codes/tsfm/.venv/lib/python3.12/site-packages/chronos/chronos.py][WARNING] - We recommend keeping prediction length <= 64. The quality of longer predictions may degrade since the model is not optimized for it. 
[2026-08-28 13:20:50,834][/fssmall/home/h61084/codes/tsfm/.venv/lib/python3.12/site-packages/chronos/chronos.py][WARNING] - We recommend keeping prediction length <= 64. The quality of longer predictions may degrade since the model is not optimized for it. 
[2026-08-28 13:20:54,370][/fssmall/home/h61084/codes/tsfm/.venv/lib/python3.12/site-packages/chronos/chronos.py][WARNING] - We recommend keeping prediction length <= 64. The quality of longer predictions may degrade since the model is not optimized for it. 
[2026-08-28 13:20:57,989][/fssmall/home/h61084/codes/tsfm/.venv/lib/python3.12/site-packages/chronos/chronos.py][WARNING] - We recommend keeping prediction length <= 64. The quality of longer predictions may degrade since the model is not optimized for it. 
[2026-08-28 13:21:01,540][/fssmall/home/h61084/codes/tsfm/.venv/lib/python3.12/site-packages/chronos/chronos.py][WARNING] - We recommend keeping prediction length <= 64. The quality of longer predictions may degrade since the model is not optimized for it. 
[2026-08-28 13:21:05,081][/fssmall/home/h61084/codes/tsfm/.venv/lib/python3.12/site-packages/chronos/chronos.py][WARNING] - We recommend keeping prediction length <= 64. The quality of longer predictions may degrade since the model is not optimized for it. 
[2026-08-28 13:21:08,622][/fssmall/home/h61084/codes/tsfm/.venv/lib/python3.12/site-packages/chronos/chronos.py][WARNING] - We recommend keeping prediction length <= 64. The quality of longer predictions may degrade since the model is not optimized for it. 
[2026-08-28 13:21:12,160][/fssmall/home/h61084/codes/tsfm/.venv/lib/python3.12/site-packages/chronos/chronos.py][WARNING] - We recommend keeping prediction length <= 64. The quality of longer predictions may degrade since the model is not optimized for it. 
[2026-08-28 13:21:15,701][/fssmall/home/h61084/codes/tsfm/.venv/lib/python3.12/site-packages/chronos/chronos.py][WARNING] - We recommend keeping prediction length <= 64. The quality of longer predictions may degrade since the model is not optimized for it. 
[2026-08-28 13:21:19,242][/fssmall/home/h61084/codes/tsfm/.venv/lib/python3.12/site-packages/chronos/chronos.py][WARNING] - We recommend keeping prediction length <= 64. The quality of longer predictions may degrade since the model is not optimized for it. 
[2026-08-28 13:21:22,782][/fssmall/home/h61084/codes/tsfm/.venv/lib/python3.12/site-packages/chronos/chronos.py][WARNING] - We recommend keeping prediction length <= 64. The quality of longer predictions may degrade since the model is not optimized for it. 
[2026-08-28 13:21:26,321][/fssmall/home/h61084/codes/tsfm/.venv/lib/python3.12/site-packages/chronos/chronos.py][WARNING] - We recommend keeping prediction length <= 64. The quality of longer predictions may degrade since the model is not optimized for it. 
[2026-08-28 13:21:29,861][/fssmall/home/h61084/codes/tsfm/.venv/lib/python3.12/site-packages/chronos/chronos.py][WARNING] - We recommend keeping prediction length <= 64. The quality of longer predictions may degrade since the model is not optimized for it. 
[2026-08-28 13:21:33,401][/fssmall/home/h61084/codes/tsfm/.venv/lib/python3.12/site-packages/chronos/chronos.py][WARNING] - We recommend keeping prediction length <= 64. The quality of longer predictions may degrade since the model is not optimized for it. 
[2026-08-28 13:21:36,942][/fssmall/home/h61084/codes/tsfm/.venv/lib/python3.12/site-packages/chronos/chronos.py][WARNING] - We recommend keeping prediction length <= 64. The quality of longer predictions may degrade since the model is not optimized for it. 
[2026-08-28 13:21:40,481][/fssmall/home/h61084/codes/tsfm/.venv/lib/python3.12/site-packages/chronos/chronos.py][WARNING] - We recommend keeping prediction length <= 64. The quality of longer predictions may degrade since the model is not optimized for it. 
[2026-08-28 13:21:44,022][/fssmall/home/h61084/codes/tsfm/.venv/lib/python3.12/site-packages/chronos/chronos.py][WARNING] - We recommend keeping prediction length <= 64. The quality of longer predictions may degrade since the model is not optimized for it. 
[2026-08-28 13:21:47,562][/fssmall/home/h61084/codes/tsfm/.venv/lib/python3.12/site-packages/chronos/chronos.py][WARNING] - We recommend keeping prediction length <= 64. The quality of longer predictions may degrade since the model is not optimized for it. 
[2026-08-28 13:21:51,101][/fssmall/home/h61084/codes/tsfm/.venv/lib/python3.12/site-packages/chronos/chronos.py][WARNING] - We recommend keeping prediction length <= 64. The quality of longer predictions may degrade since the model is not optimized for it. 
[2026-08-28 13:21:54,641][/fssmall/home/h61084/codes/tsfm/.venv/lib/python3.12/site-packages/chronos/chronos.py][WARNING] - We recommend keeping prediction length <= 64. The quality of longer predictions may degrade since the model is not optimized for it. 
[2026-08-28 13:21:58,181][/fssmall/home/h61084/codes/tsfm/.venv/lib/python3.12/site-packages/chronos/chronos.py][WARNING] - We recommend keeping prediction length <= 64. The quality of longer predictions may degrade since the model is not optimized for it. 
[2026-08-28 13:22:01,722][/fssmall/home/h61084/codes/tsfm/.venv/lib/python3.12/site-packages/chronos/chronos.py][WARNING] - We recommend keeping prediction length <= 64. The quality of longer predictions may degrade since the model is not optimized for it. 
[2026-08-28 13:22:05,261][/fssmall/home/h61084/codes/tsfm/.venv/lib/python3.12/site-packages/chronos/chronos.py][WARNING] - We recommend keeping prediction length <= 64. The quality of longer predictions may degrade since the model is not optimized for it. 
[2026-08-28 13:22:08,802][/fssmall/home/h61084/codes/tsfm/.venv/lib/python3.12/site-packages/chronos/chronos.py][WARNING] - We recommend keeping prediction length <= 64. The quality of longer predictions may degrade since the model is not optimized for it. 
[2026-08-28 13:22:12,343][/fssmall/home/h61084/codes/tsfm/.venv/lib/python3.12/site-packages/chronos/chronos.py][WARNING] - We recommend keeping prediction length <= 64. The quality of longer predictions may degrade since the model is not optimized for it. 
[2026-08-28 13:22:15,882][/fssmall/home/h61084/codes/tsfm/.venv/lib/python3.12/site-packages/chronos/chronos.py][WARNING] - We recommend keeping prediction length <= 64. The quality of longer predictions may degrade since the model is not optimized for it. 
[2026-08-28 13:22:19,422][/fssmall/home/h61084/codes/tsfm/.venv/lib/python3.12/site-packages/chronos/chronos.py][WARNING] - We recommend keeping prediction length <= 64. The quality of longer predictions may degrade since the model is not optimized for it. 
[2026-08-28 13:22:22,962][/fssmall/home/h61084/codes/tsfm/.venv/lib/python3.12/site-packages/chronos/chronos.py][WARNING] - We recommend keeping prediction length <= 64. The quality of longer predictions may degrade since the model is not optimized for it. 
[2026-08-28 13:22:26,502][/fssmall/home/h61084/codes/tsfm/.venv/lib/python3.12/site-packages/chronos/chronos.py][WARNING] - We recommend keeping prediction length <= 64. The quality of longer predictions may degrade since the model is not optimized for it. 
[2026-08-28 13:22:30,041][/fssmall/home/h61084/codes/tsfm/.venv/lib/python3.12/site-packages/chronos/chronos.py][WARNING] - We recommend keeping prediction length <= 64. The quality of longer predictions may degrade since the model is not optimized for it. 
[2026-08-28 13:22:33,582][/fssmall/home/h61084/codes/tsfm/.venv/lib/python3.12/site-packages/chronos/chronos.py][WARNING] - We recommend keeping prediction length <= 64. The quality of longer predictions may degrade since the model is not optimized for it. 
[2026-08-28 13:22:37,122][/fssmall/home/h61084/codes/tsfm/.venv/lib/python3.12/site-packages/chronos/chronos.py][WARNING] - We recommend keeping prediction length <= 64. The quality of longer predictions may degrade since the model is not optimized for it. 
[2026-08-28 13:22:40,661][/fssmall/home/h61084/codes/tsfm/.venv/lib/python3.12/site-packages/chronos/chronos.py][WARNING] - We recommend keeping prediction length <= 64. The quality of longer predictions may degrade since the model is not optimized for it. 
[2026-08-28 13:22:44,202][/fssmall/home/h61084/codes/tsfm/.venv/lib/python3.12/site-packages/chronos/chronos.py][WARNING] - We recommend keeping prediction length <= 64. The quality of longer predictions may degrade since the model is not optimized for it. 
[2026-08-28 13:22:47,742][/fssmall/home/h61084/codes/tsfm/.venv/lib/python3.12/site-packages/chronos/chronos.py][WARNING] - We recommend keeping prediction length <= 64. The quality of longer predictions may degrade since the model is not optimized for it. 
[2026-08-28 13:22:51,282][/fssmall/home/h61084/codes/tsfm/.venv/lib/python3.12/site-packages/chronos/chronos.py][WARNING] - We recommend keeping prediction length <= 64. The quality of longer predictions may degrade since the model is not optimized for it. 
[2026-08-28 13:22:54,822][/fssmall/home/h61084/codes/tsfm/.venv/lib/python3.12/site-packages/chronos/chronos.py][WARNING] - We recommend keeping prediction length <= 64. The quality of longer predictions may degrade since the model is not optimized for it. 
[2026-08-28 13:22:58,362][/fssmall/home/h61084/codes/tsfm/.venv/lib/python3.12/site-packages/chronos/chronos.py][WARNING] - We recommend keeping prediction length <= 64. The quality of longer predictions may degrade since the model is not optimized for it. 
[2026-08-28 13:23:01,902][/fssmall/home/h61084/codes/tsfm/.venv/lib/python3.12/site-packages/chronos/chronos.py][WARNING] - We recommend keeping prediction length <= 64. The quality of longer predictions may degrade since the model is not optimized for it. 
[2026-08-28 13:23:05,442][/fssmall/home/h61084/codes/tsfm/.venv/lib/python3.12/site-packages/chronos/chronos.py][WARNING] - We recommend keeping prediction length <= 64. The quality of longer predictions may degrade since the model is not optimized for it. 
[2026-08-28 13:23:08,983][/fssmall/home/h61084/codes/tsfm/.venv/lib/python3.12/site-packages/chronos/chronos.py][WARNING] - We recommend keeping prediction length <= 64. The quality of longer predictions may degrade since the model is not optimized for it. 
[2026-08-28 13:23:12,522][/fssmall/home/h61084/codes/tsfm/.venv/lib/python3.12/site-packages/chronos/chronos.py][WARNING] - We recommend keeping prediction length <= 64. The quality of longer predictions may degrade since the model is not optimized for it. 
[2026-08-28 13:23:16,061][/fssmall/home/h61084/codes/tsfm/.venv/lib/python3.12/site-packages/chronos/chronos.py][WARNING] - We recommend keeping prediction length <= 64. The quality of longer predictions may degrade since the model is not optimized for it. 
[2026-08-28 13:23:19,601][/fssmall/home/h61084/codes/tsfm/.venv/lib/python3.12/site-packages/chronos/chronos.py][WARNING] - We recommend keeping prediction length <= 64. The quality of longer predictions may degrade since the model is not optimized for it. 
[2026-08-28 13:23:23,143][/fssmall/home/h61084/codes/tsfm/.venv/lib/python3.12/site-packages/chronos/chronos.py][WARNING] - We recommend keeping prediction length <= 64. The quality of longer predictions may degrade since the model is not optimized for it. 
[2026-08-28 13:23:26,682][/fssmall/home/h61084/codes/tsfm/.venv/lib/python3.12/site-packages/chronos/chronos.py][WARNING] - We recommend keeping prediction length <= 64. The quality of longer predictions may degrade since the model is not optimized for it. 
[2026-08-28 13:23:30,223][/fssmall/home/h61084/codes/tsfm/.venv/lib/python3.12/site-packages/chronos/chronos.py][WARNING] - We recommend keeping prediction length <= 64. The quality of longer predictions may degrade since the model is not optimized for it. 
[2026-08-28 13:23:33,762][/fssmall/home/h61084/codes/tsfm/.venv/lib/python3.12/site-packages/chronos/chronos.py][WARNING] - We recommend keeping prediction length <= 64. The quality of longer predictions may degrade since the model is not optimized for it. 
[2026-08-28 13:23:37,302][/fssmall/home/h61084/codes/tsfm/.venv/lib/python3.12/site-packages/chronos/chronos.py][WARNING] - We recommend keeping prediction length <= 64. The quality of longer predictions may degrade since the model is not optimized for it. 
[2026-08-28 13:23:40,842][/fssmall/home/h61084/codes/tsfm/.venv/lib/python3.12/site-packages/chronos/chronos.py][WARNING] - We recommend keeping prediction length <= 64. The quality of longer predictions may degrade since the model is not optimized for it. 
[2026-08-28 13:23:44,382][/fssmall/home/h61084/codes/tsfm/.venv/lib/python3.12/site-packages/chronos/chronos.py][WARNING] - We recommend keeping prediction length <= 64. The quality of longer predictions may degrade since the model is not optimized for it. 
[2026-08-28 13:23:47,924][/fssmall/home/h61084/codes/tsfm/.venv/lib/python3.12/site-packages/chronos/chronos.py][WARNING] - We recommend keeping prediction length <= 64. The quality of longer predictions may degrade since the model is not optimized for it. 
[2026-08-28 13:23:51,463][/fssmall/home/h61084/codes/tsfm/.venv/lib/python3.12/site-packages/chronos/chronos.py][WARNING] - We recommend keeping prediction length <= 64. The quality of longer predictions may degrade since the model is not optimized for it. 
[2026-08-28 13:23:55,003][/fssmall/home/h61084/codes/tsfm/.venv/lib/python3.12/site-packages/chronos/chronos.py][WARNING] - We recommend keeping prediction length <= 64. The quality of longer predictions may degrade since the model is not optimized for it. 
[2026-08-28 13:23:58,542][/fssmall/home/h61084/codes/tsfm/.venv/lib/python3.12/site-packages/chronos/chronos.py][WARNING] - We recommend keeping prediction length <= 64. The quality of longer predictions may degrade since the model is not optimized for it. 
[2026-08-28 13:24:02,082][/fssmall/home/h61084/codes/tsfm/.venv/lib/python3.12/site-packages/chronos/chronos.py][WARNING] - We recommend keeping prediction length <= 64. The quality of longer predictions may degrade since the model is not optimized for it. 
[2026-08-28 13:24:05,623][/fssmall/home/h61084/codes/tsfm/.venv/lib/python3.12/site-packages/chronos/chronos.py][WARNING] - We recommend keeping prediction length <= 64. The quality of longer predictions may degrade since the model is not optimized for it. 
[2026-08-28 13:24:09,163][/fssmall/home/h61084/codes/tsfm/.venv/lib/python3.12/site-packages/chronos/chronos.py][WARNING] - We recommend keeping prediction length <= 64. The quality of longer predictions may degrade since the model is not optimized for it. 
[2026-08-28 13:24:12,703][/fssmall/home/h61084/codes/tsfm/.venv/lib/python3.12/site-packages/chronos/chronos.py][WARNING] - We recommend keeping prediction length <= 64. The quality of longer predictions may degrade since the model is not optimized for it. 
[2026-08-28 13:24:16,243][/fssmall/home/h61084/codes/tsfm/.venv/lib/python3.12/site-packages/chronos/chronos.py][WARNING] - We recommend keeping prediction length <= 64. The quality of longer predictions may degrade since the model is not optimized for it. 
[2026-08-28 13:24:19,784][/fssmall/home/h61084/codes/tsfm/.venv/lib/python3.12/site-packages/chronos/chronos.py][WARNING] - We recommend keeping prediction length <= 64. The quality of longer predictions may degrade since the model is not optimized for it. 
[2026-08-28 13:24:23,324][/fssmall/home/h61084/codes/tsfm/.venv/lib/python3.12/site-packages/chronos/chronos.py][WARNING] - We recommend keeping prediction length <= 64. The quality of longer predictions may degrade since the model is not optimized for it. 
[2026-08-28 13:24:26,863][/fssmall/home/h61084/codes/tsfm/.venv/lib/python3.12/site-packages/chronos/chronos.py][WARNING] - We recommend keeping prediction length <= 64. The quality of longer predictions may degrade since the model is not optimized for it. 
[2026-08-28 13:24:30,403][/fssmall/home/h61084/codes/tsfm/.venv/lib/python3.12/site-packages/chronos/chronos.py][WARNING] - We recommend keeping prediction length <= 64. The quality of longer predictions may degrade since the model is not optimized for it. 
[2026-08-28 13:24:33,942][/fssmall/home/h61084/codes/tsfm/.venv/lib/python3.12/site-packages/chronos/chronos.py][WARNING] - We recommend keeping prediction length <= 64. The quality of longer predictions may degrade since the model is not optimized for it. 
[2026-08-28 13:24:37,479][/fssmall/home/h61084/codes/tsfm/.venv/lib/python3.12/site-packages/chronos/chronos.py][WARNING] - We recommend keeping prediction length <= 64. The quality of longer predictions may degrade since the model is not optimized for it. 
[2026-08-28 13:24:41,017][/fssmall/home/h61084/codes/tsfm/.venv/lib/python3.12/site-packages/chronos/chronos.py][WARNING] - We recommend keeping prediction length <= 64. The quality of longer predictions may degrade since the model is not optimized for it. 
[2026-08-28 13:24:44,555][/fssmall/home/h61084/codes/tsfm/.venv/lib/python3.12/site-packages/chronos/chronos.py][WARNING] - We recommend keeping prediction length <= 64. The quality of longer predictions may degrade since the model is not optimized for it. 
[2026-08-28 13:24:48,093][/fssmall/home/h61084/codes/tsfm/.venv/lib/python3.12/site-packages/chronos/chronos.py][WARNING] - We recommend keeping prediction length <= 64. The quality of longer predictions may degrade since the model is not optimized for it. 
[2026-08-28 13:24:51,630][/fssmall/home/h61084/codes/tsfm/.venv/lib/python3.12/site-packages/chronos/chronos.py][WARNING] - We recommend keeping prediction length <= 64. The quality of longer predictions may degrade since the model is not optimized for it. 
[2026-08-28 13:24:55,168][/fssmall/home/h61084/codes/tsfm/.venv/lib/python3.12/site-packages/chronos/chronos.py][WARNING] - We recommend keeping prediction length <= 64. The quality of longer predictions may degrade since the model is not optimized for it. 
[2026-08-28 13:24:58,703][/fssmall/home/h61084/codes/tsfm/.venv/lib/python3.12/site-packages/chronos/chronos.py][WARNING] - We recommend keeping prediction length <= 64. The quality of longer predictions may degrade since the model is not optimized for it. 
[2026-08-28 13:25:02,243][/fssmall/home/h61084/codes/tsfm/.venv/lib/python3.12/site-packages/chronos/chronos.py][WARNING] - We recommend keeping prediction length <= 64. The quality of longer predictions may degrade since the model is not optimized for it. 
[2026-08-28 13:25:05,784][/fssmall/home/h61084/codes/tsfm/.venv/lib/python3.12/site-packages/chronos/chronos.py][WARNING] - We recommend keeping prediction length <= 64. The quality of longer predictions may degrade since the model is not optimized for it. 
[2026-08-28 13:25:09,324][/fssmall/home/h61084/codes/tsfm/.venv/lib/python3.12/site-packages/chronos/chronos.py][WARNING] - We recommend keeping prediction length <= 64. The quality of longer predictions may degrade since the model is not optimized for it. 
[2026-08-28 13:25:12,864][/fssmall/home/h61084/codes/tsfm/.venv/lib/python3.12/site-packages/chronos/chronos.py][WARNING] - We recommend keeping prediction length <= 64. The quality of longer predictions may degrade since the model is not optimized for it. 
[2026-08-28 13:25:16,403][/fssmall/home/h61084/codes/tsfm/.venv/lib/python3.12/site-packages/chronos/chronos.py][WARNING] - We recommend keeping prediction length <= 64. The quality of longer predictions may degrade since the model is not optimized for it. 
[2026-08-28 13:25:19,944][/fssmall/home/h61084/codes/tsfm/.venv/lib/python3.12/site-packages/chronos/chronos.py][WARNING] - We recommend keeping prediction length <= 64. The quality of longer predictions may degrade since the model is not optimized for it. 
[2026-08-28 13:25:23,483][/fssmall/home/h61084/codes/tsfm/.venv/lib/python3.12/site-packages/chronos/chronos.py][WARNING] - We recommend keeping prediction length <= 64. The quality of longer predictions may degrade since the model is not optimized for it. 
[2026-08-28 13:25:27,024][/fssmall/home/h61084/codes/tsfm/.venv/lib/python3.12/site-packages/chronos/chronos.py][WARNING] - We recommend keeping prediction length <= 64. The quality of longer predictions may degrade since the model is not optimized for it. 
[2026-08-28 13:25:30,563][/fssmall/home/h61084/codes/tsfm/.venv/lib/python3.12/site-packages/chronos/chronos.py][WARNING] - We recommend keeping prediction length <= 64. The quality of longer predictions may degrade since the model is not optimized for it. 
[2026-08-28 13:25:34,104][/fssmall/home/h61084/codes/tsfm/.venv/lib/python3.12/site-packages/chronos/chronos.py][WARNING] - We recommend keeping prediction length <= 64. The quality of longer predictions may degrade since the model is not optimized for it. 
[2026-08-28 13:25:37,643][/fssmall/home/h61084/codes/tsfm/.venv/lib/python3.12/site-packages/chronos/chronos.py][WARNING] - We recommend keeping prediction length <= 64. The quality of longer predictions may degrade since the model is not optimized for it. 
[2026-08-28 13:25:41,183][/fssmall/home/h61084/codes/tsfm/.venv/lib/python3.12/site-packages/chronos/chronos.py][WARNING] - We recommend keeping prediction length <= 64. The quality of longer predictions may degrade since the model is not optimized for it. 
[2026-08-28 13:25:44,725][/fssmall/home/h61084/codes/tsfm/.venv/lib/python3.12/site-packages/chronos/chronos.py][WARNING] - We recommend keeping prediction length <= 64. The quality of longer predictions may degrade since the model is not optimized for it. 
[2026-08-28 13:25:48,264][/fssmall/home/h61084/codes/tsfm/.venv/lib/python3.12/site-packages/chronos/chronos.py][WARNING] - We recommend keeping prediction length <= 64. The quality of longer predictions may degrade since the model is not optimized for it. 
[2026-08-28 13:25:51,804][/fssmall/home/h61084/codes/tsfm/.venv/lib/python3.12/site-packages/chronos/chronos.py][WARNING] - We recommend keeping prediction length <= 64. The quality of longer predictions may degrade since the model is not optimized for it. 
[2026-08-28 13:25:55,345][/fssmall/home/h61084/codes/tsfm/.venv/lib/python3.12/site-packages/chronos/chronos.py][WARNING] - We recommend keeping prediction length <= 64. The quality of longer predictions may degrade since the model is not optimized for it. 
[2026-08-28 13:25:58,885][/fssmall/home/h61084/codes/tsfm/.venv/lib/python3.12/site-packages/chronos/chronos.py][WARNING] - We recommend keeping prediction length <= 64. The quality of longer predictions may degrade since the model is not optimized for it. 
[2026-08-28 13:26:02,425][/fssmall/home/h61084/codes/tsfm/.venv/lib/python3.12/site-packages/chronos/chronos.py][WARNING] - We recommend keeping prediction length <= 64. The quality of longer predictions may degrade since the model is not optimized for it. 
[2026-08-28 13:26:05,965][/fssmall/home/h61084/codes/tsfm/.venv/lib/python3.12/site-packages/chronos/chronos.py][WARNING] - We recommend keeping prediction length <= 64. The quality of longer predictions may degrade since the model is not optimized for it. 
[2026-08-28 13:26:09,505][/fssmall/home/h61084/codes/tsfm/.venv/lib/python3.12/site-packages/chronos/chronos.py][WARNING] - We recommend keeping prediction length <= 64. The quality of longer predictions may degrade since the model is not optimized for it. 
[2026-08-28 13:26:13,045][/fssmall/home/h61084/codes/tsfm/.venv/lib/python3.12/site-packages/chronos/chronos.py][WARNING] - We recommend keeping prediction length <= 64. The quality of longer predictions may degrade since the model is not optimized for it. 
[2026-08-28 13:26:16,585][/fssmall/home/h61084/codes/tsfm/.venv/lib/python3.12/site-packages/chronos/chronos.py][WARNING] - We recommend keeping prediction length <= 64. The quality of longer predictions may degrade since the model is not optimized for it. 
[2026-08-28 13:26:20,125][/fssmall/home/h61084/codes/tsfm/.venv/lib/python3.12/site-packages/chronos/chronos.py][WARNING] - We recommend keeping prediction length <= 64. The quality of longer predictions may degrade since the model is not optimized for it. 
[2026-08-28 13:26:23,665][/fssmall/home/h61084/codes/tsfm/.venv/lib/python3.12/site-packages/chronos/chronos.py][WARNING] - We recommend keeping prediction length <= 64. The quality of longer predictions may degrade since the model is not optimized for it. 
[2026-08-28 13:26:27,204][/fssmall/home/h61084/codes/tsfm/.venv/lib/python3.12/site-packages/chronos/chronos.py][WARNING] - We recommend keeping prediction length <= 64. The quality of longer predictions may degrade since the model is not optimized for it. 
[2026-08-28 13:26:30,779][/fssmall/home/h61084/codes/tsfm/.venv/lib/python3.12/site-packages/chronos/chronos.py][WARNING] - We recommend keeping prediction length <= 64. The quality of longer predictions may degrade since the model is not optimized for it. 
[2026-08-28 13:26:34,483][/fssmall/home/h61084/codes/tsfm/.venv/lib/python3.12/site-packages/chronos/chronos.py][WARNING] - We recommend keeping prediction length <= 64. The quality of longer predictions may degrade since the model is not optimized for it. 
[2026-08-28 13:26:38,032][/fssmall/home/h61084/codes/tsfm/.venv/lib/python3.12/site-packages/chronos/chronos.py][WARNING] - We recommend keeping prediction length <= 64. The quality of longer predictions may degrade since the model is not optimized for it. 
[2026-08-28 13:26:41,608][/fssmall/home/h61084/codes/tsfm/.venv/lib/python3.12/site-packages/chronos/chronos.py][WARNING] - We recommend keeping prediction length <= 64. The quality of longer predictions may degrade since the model is not optimized for it. 
[2026-08-28 13:26:45,152][/fssmall/home/h61084/codes/tsfm/.venv/lib/python3.12/site-packages/chronos/chronos.py][WARNING] - We recommend keeping prediction length <= 64. The quality of longer predictions may degrade since the model is not optimized for it. 
[2026-08-28 13:26:48,709][/fssmall/home/h61084/codes/tsfm/.venv/lib/python3.12/site-packages/chronos/chronos.py][WARNING] - We recommend keeping prediction length <= 64. The quality of longer predictions may degrade since the model is not optimized for it. 
[2026-08-28 13:26:52,251][/fssmall/home/h61084/codes/tsfm/.venv/lib/python3.12/site-packages/chronos/chronos.py][WARNING] - We recommend keeping prediction length <= 64. The quality of longer predictions may degrade since the model is not optimized for it. 
[2026-08-28 13:26:55,790][/fssmall/home/h61084/codes/tsfm/.venv/lib/python3.12/site-packages/chronos/chronos.py][WARNING] - We recommend keeping prediction length <= 64. The quality of longer predictions may degrade since the model is not optimized for it. 
[2026-08-28 13:26:59,359][/fssmall/home/h61084/codes/tsfm/.venv/lib/python3.12/site-packages/chronos/chronos.py][WARNING] - We recommend keeping prediction length <= 64. The quality of longer predictions may degrade since the model is not optimized for it. 
[2026-08-28 13:27:02,892][/fssmall/home/h61084/codes/tsfm/.venv/lib/python3.12/site-packages/chronos/chronos.py][WARNING] - We recommend keeping prediction length <= 64. The quality of longer predictions may degrade since the model is not optimized for it. 
[2026-08-28 13:27:06,444][/fssmall/home/h61084/codes/tsfm/.venv/lib/python3.12/site-packages/chronos/chronos.py][WARNING] - We recommend keeping prediction length <= 64. The quality of longer predictions may degrade since the model is not optimized for it. 
[2026-08-28 13:27:09,984][/fssmall/home/h61084/codes/tsfm/.venv/lib/python3.12/site-packages/chronos/chronos.py][WARNING] - We recommend keeping prediction length <= 64. The quality of longer predictions may degrade since the model is not optimized for it. 
[2026-08-28 13:27:13,526][/fssmall/home/h61084/codes/tsfm/.venv/lib/python3.12/site-packages/chronos/chronos.py][WARNING] - We recommend keeping prediction length <= 64. The quality of longer predictions may degrade since the model is not optimized for it. 
[2026-08-28 13:27:17,060][/fssmall/home/h61084/codes/tsfm/.venv/lib/python3.12/site-packages/chronos/chronos.py][WARNING] - We recommend keeping prediction length <= 64. The quality of longer predictions may degrade since the model is not optimized for it. 
[2026-08-28 13:27:20,604][/fssmall/home/h61084/codes/tsfm/.venv/lib/python3.12/site-packages/chronos/chronos.py][WARNING] - We recommend keeping prediction length <= 64. The quality of longer predictions may degrade since the model is not optimized for it. 
[2026-08-28 13:27:24,145][/fssmall/home/h61084/codes/tsfm/.venv/lib/python3.12/site-packages/chronos/chronos.py][WARNING] - We recommend keeping prediction length <= 64. The quality of longer predictions may degrade since the model is not optimized for it. 
[2026-08-28 13:27:27,682][/fssmall/home/h61084/codes/tsfm/.venv/lib/python3.12/site-packages/chronos/chronos.py][WARNING] - We recommend keeping prediction length <= 64. The quality of longer predictions may degrade since the model is not optimized for it. 
[2026-08-28 13:27:31,219][/fssmall/home/h61084/codes/tsfm/.venv/lib/python3.12/site-packages/chronos/chronos.py][WARNING] - We recommend keeping prediction length <= 64. The quality of longer predictions may degrade since the model is not optimized for it. 
[2026-08-28 13:27:34,757][/fssmall/home/h61084/codes/tsfm/.venv/lib/python3.12/site-packages/chronos/chronos.py][WARNING] - We recommend keeping prediction length <= 64. The quality of longer predictions may degrade since the model is not optimized for it. 
[2026-08-28 13:27:38,292][/fssmall/home/h61084/codes/tsfm/.venv/lib/python3.12/site-packages/chronos/chronos.py][WARNING] - We recommend keeping prediction length <= 64. The quality of longer predictions may degrade since the model is not optimized for it. 
[2026-08-28 13:27:41,830][/fssmall/home/h61084/codes/tsfm/.venv/lib/python3.12/site-packages/chronos/chronos.py][WARNING] - We recommend keeping prediction length <= 64. The quality of longer predictions may degrade since the model is not optimized for it. 
[2026-08-28 13:27:45,365][/fssmall/home/h61084/codes/tsfm/.venv/lib/python3.12/site-packages/chronos/chronos.py][WARNING] - We recommend keeping prediction length <= 64. The quality of longer predictions may degrade since the model is not optimized for it. 
[2026-08-28 13:27:48,906][/fssmall/home/h61084/codes/tsfm/.venv/lib/python3.12/site-packages/chronos/chronos.py][WARNING] - We recommend keeping prediction length <= 64. The quality of longer predictions may degrade since the model is not optimized for it. 
[2026-08-28 13:27:52,446][/fssmall/home/h61084/codes/tsfm/.venv/lib/python3.12/site-packages/chronos/chronos.py][WARNING] - We recommend keeping prediction length <= 64. The quality of longer predictions may degrade since the model is not optimized for it. 
[2026-08-28 13:27:55,985][/fssmall/home/h61084/codes/tsfm/.venv/lib/python3.12/site-packages/chronos/chronos.py][WARNING] - We recommend keeping prediction length <= 64. The quality of longer predictions may degrade since the model is not optimized for it. 
[2026-08-28 13:27:59,525][/fssmall/home/h61084/codes/tsfm/.venv/lib/python3.12/site-packages/chronos/chronos.py][WARNING] - We recommend keeping prediction length <= 64. The quality of longer predictions may degrade since the model is not optimized for it. 
[2026-08-28 13:28:03,064][/fssmall/home/h61084/codes/tsfm/.venv/lib/python3.12/site-packages/chronos/chronos.py][WARNING] - We recommend keeping prediction length <= 64. The quality of longer predictions may degrade since the model is not optimized for it. 
[2026-08-28 13:28:06,602][/fssmall/home/h61084/codes/tsfm/.venv/lib/python3.12/site-packages/chronos/chronos.py][WARNING] - We recommend keeping prediction length <= 64. The quality of longer predictions may degrade since the model is not optimized for it. 
[2026-08-28 13:28:10,138][/fssmall/home/h61084/codes/tsfm/.venv/lib/python3.12/site-packages/chronos/chronos.py][WARNING] - We recommend keeping prediction length <= 64. The quality of longer predictions may degrade since the model is not optimized for it. 
[2026-08-28 13:28:13,673][/fssmall/home/h61084/codes/tsfm/.venv/lib/python3.12/site-packages/chronos/chronos.py][WARNING] - We recommend keeping prediction length <= 64. The quality of longer predictions may degrade since the model is not optimized for it. 
[2026-08-28 13:28:17,212][/fssmall/home/h61084/codes/tsfm/.venv/lib/python3.12/site-packages/chronos/chronos.py][WARNING] - We recommend keeping prediction length <= 64. The quality of longer predictions may degrade since the model is not optimized for it. 
[2026-08-28 13:28:20,751][/fssmall/home/h61084/codes/tsfm/.venv/lib/python3.12/site-packages/chronos/chronos.py][WARNING] - We recommend keeping prediction length <= 64. The quality of longer predictions may degrade since the model is not optimized for it. 
[2026-08-28 13:28:24,286][/fssmall/home/h61084/codes/tsfm/.venv/lib/python3.12/site-packages/chronos/chronos.py][WARNING] - We recommend keeping prediction length <= 64. The quality of longer predictions may degrade since the model is not optimized for it. 
[2026-08-28 13:28:27,826][/fssmall/home/h61084/codes/tsfm/.venv/lib/python3.12/site-packages/chronos/chronos.py][WARNING] - We recommend keeping prediction length <= 64. The quality of longer predictions may degrade since the model is not optimized for it. 
[2026-08-28 13:28:31,366][/fssmall/home/h61084/codes/tsfm/.venv/lib/python3.12/site-packages/chronos/chronos.py][WARNING] - We recommend keeping prediction length <= 64. The quality of longer predictions may degrade since the model is not optimized for it. 
[2026-08-28 13:28:34,906][/fssmall/home/h61084/codes/tsfm/.venv/lib/python3.12/site-packages/chronos/chronos.py][WARNING] - We recommend keeping prediction length <= 64. The quality of longer predictions may degrade since the model is not optimized for it. 
[2026-08-28 13:28:38,447][/fssmall/home/h61084/codes/tsfm/.venv/lib/python3.12/site-packages/chronos/chronos.py][WARNING] - We recommend keeping prediction length <= 64. The quality of longer predictions may degrade since the model is not optimized for it. 
[2026-08-28 13:28:41,984][/fssmall/home/h61084/codes/tsfm/.venv/lib/python3.12/site-packages/chronos/chronos.py][WARNING] - We recommend keeping prediction length <= 64. The quality of longer predictions may degrade since the model is not optimized for it. 
[2026-08-28 13:28:45,524][/fssmall/home/h61084/codes/tsfm/.venv/lib/python3.12/site-packages/chronos/chronos.py][WARNING] - We recommend keeping prediction length <= 64. The quality of longer predictions may degrade since the model is not optimized for it. 
[2026-08-28 13:28:49,060][/fssmall/home/h61084/codes/tsfm/.venv/lib/python3.12/site-packages/chronos/chronos.py][WARNING] - We recommend keeping prediction length <= 64. The quality of longer predictions may degrade since the model is not optimized for it. 
[2026-08-28 13:28:52,598][/fssmall/home/h61084/codes/tsfm/.venv/lib/python3.12/site-packages/chronos/chronos.py][WARNING] - We recommend keeping prediction length <= 64. The quality of longer predictions may degrade since the model is not optimized for it. 
[2026-08-28 13:28:56,134][/fssmall/home/h61084/codes/tsfm/.venv/lib/python3.12/site-packages/chronos/chronos.py][WARNING] - We recommend keeping prediction length <= 64. The quality of longer predictions may degrade since the model is not optimized for it. 
[2026-08-28 13:28:59,672][/fssmall/home/h61084/codes/tsfm/.venv/lib/python3.12/site-packages/chronos/chronos.py][WARNING] - We recommend keeping prediction length <= 64. The quality of longer predictions may degrade since the model is not optimized for it. 
[2026-08-28 13:29:03,208][/fssmall/home/h61084/codes/tsfm/.venv/lib/python3.12/site-packages/chronos/chronos.py][WARNING] - We recommend keeping prediction length <= 64. The quality of longer predictions may degrade since the model is not optimized for it. 
[2026-08-28 13:29:06,746][/fssmall/home/h61084/codes/tsfm/.venv/lib/python3.12/site-packages/chronos/chronos.py][WARNING] - We recommend keeping prediction length <= 64. The quality of longer predictions may degrade since the model is not optimized for it. 
[2026-08-28 13:29:10,287][/fssmall/home/h61084/codes/tsfm/.venv/lib/python3.12/site-packages/chronos/chronos.py][WARNING] - We recommend keeping prediction length <= 64. The quality of longer predictions may degrade since the model is not optimized for it. 
[2026-08-28 13:29:13,827][/fssmall/home/h61084/codes/tsfm/.venv/lib/python3.12/site-packages/chronos/chronos.py][WARNING] - We recommend keeping prediction length <= 64. The quality of longer predictions may degrade since the model is not optimized for it. 
[2026-08-28 13:29:17,366][/fssmall/home/h61084/codes/tsfm/.venv/lib/python3.12/site-packages/chronos/chronos.py][WARNING] - We recommend keeping prediction length <= 64. The quality of longer predictions may degrade since the model is not optimized for it. 
[2026-08-28 13:29:20,907][/fssmall/home/h61084/codes/tsfm/.venv/lib/python3.12/site-packages/chronos/chronos.py][WARNING] - We recommend keeping prediction length <= 64. The quality of longer predictions may degrade since the model is not optimized for it. 
[2026-08-28 13:29:24,446][/fssmall/home/h61084/codes/tsfm/.venv/lib/python3.12/site-packages/chronos/chronos.py][WARNING] - We recommend keeping prediction length <= 64. The quality of longer predictions may degrade since the model is not optimized for it. 
[2026-08-28 13:29:27,987][/fssmall/home/h61084/codes/tsfm/.venv/lib/python3.12/site-packages/chronos/chronos.py][WARNING] - We recommend keeping prediction length <= 64. The quality of longer predictions may degrade since the model is not optimized for it. 
[2026-08-28 13:29:31,522][/fssmall/home/h61084/codes/tsfm/.venv/lib/python3.12/site-packages/chronos/chronos.py][WARNING] - We recommend keeping prediction length <= 64. The quality of longer predictions may degrade since the model is not optimized for it. 
[2026-08-28 13:29:35,060][/fssmall/home/h61084/codes/tsfm/.venv/lib/python3.12/site-packages/chronos/chronos.py][WARNING] - We recommend keeping prediction length <= 64. The quality of longer predictions may degrade since the model is not optimized for it. 
[2026-08-28 13:29:38,597][/fssmall/home/h61084/codes/tsfm/.venv/lib/python3.12/site-packages/chronos/chronos.py][WARNING] - We recommend keeping prediction length <= 64. The quality of longer predictions may degrade since the model is not optimized for it. 
[2026-08-28 13:29:42,134][/fssmall/home/h61084/codes/tsfm/.venv/lib/python3.12/site-packages/chronos/chronos.py][WARNING] - We recommend keeping prediction length <= 64. The quality of longer predictions may degrade since the model is not optimized for it. 
[2026-08-28 13:29:45,672][/fssmall/home/h61084/codes/tsfm/.venv/lib/python3.12/site-packages/chronos/chronos.py][WARNING] - We recommend keeping prediction length <= 64. The quality of longer predictions may degrade since the model is not optimized for it. 
[2026-08-28 13:29:49,207][/fssmall/home/h61084/codes/tsfm/.venv/lib/python3.12/site-packages/chronos/chronos.py][WARNING] - We recommend keeping prediction length <= 64. The quality of longer predictions may degrade since the model is not optimized for it. 
[2026-08-28 13:29:52,747][/fssmall/home/h61084/codes/tsfm/.venv/lib/python3.12/site-packages/chronos/chronos.py][WARNING] - We recommend keeping prediction length <= 64. The quality of longer predictions may degrade since the model is not optimized for it. 
[2026-08-28 13:29:56,286][/fssmall/home/h61084/codes/tsfm/.venv/lib/python3.12/site-packages/chronos/chronos.py][WARNING] - We recommend keeping prediction length <= 64. The quality of longer predictions may degrade since the model is not optimized for it. 
[2026-08-28 13:29:59,828][/fssmall/home/h61084/codes/tsfm/.venv/lib/python3.12/site-packages/chronos/chronos.py][WARNING] - We recommend keeping prediction length <= 64. The quality of longer predictions may degrade since the model is not optimized for it. 
[2026-08-28 13:30:03,367][/fssmall/home/h61084/codes/tsfm/.venv/lib/python3.12/site-packages/chronos/chronos.py][WARNING] - We recommend keeping prediction length <= 64. The quality of longer predictions may degrade since the model is not optimized for it. 
[2026-08-28 13:30:06,907][/fssmall/home/h61084/codes/tsfm/.venv/lib/python3.12/site-packages/chronos/chronos.py][WARNING] - We recommend keeping prediction length <= 64. The quality of longer predictions may degrade since the model is not optimized for it. 
[2026-08-28 13:30:10,447][/fssmall/home/h61084/codes/tsfm/.venv/lib/python3.12/site-packages/chronos/chronos.py][WARNING] - We recommend keeping prediction length <= 64. The quality of longer predictions may degrade since the model is not optimized for it. 
[2026-08-28 13:30:13,988][/fssmall/home/h61084/codes/tsfm/.venv/lib/python3.12/site-packages/chronos/chronos.py][WARNING] - We recommend keeping prediction length <= 64. The quality of longer predictions may degrade since the model is not optimized for it. 
[2026-08-28 13:30:17,528][/fssmall/home/h61084/codes/tsfm/.venv/lib/python3.12/site-packages/chronos/chronos.py][WARNING] - We recommend keeping prediction length <= 64. The quality of longer predictions may degrade since the model is not optimized for it. 
[2026-08-28 13:30:21,068][/fssmall/home/h61084/codes/tsfm/.venv/lib/python3.12/site-packages/chronos/chronos.py][WARNING] - We recommend keeping prediction length <= 64. The quality of longer predictions may degrade since the model is not optimized for it. 
[2026-08-28 13:30:24,607][/fssmall/home/h61084/codes/tsfm/.venv/lib/python3.12/site-packages/chronos/chronos.py][WARNING] - We recommend keeping prediction length <= 64. The quality of longer predictions may degrade since the model is not optimized for it. 
[2026-08-28 13:30:28,147][/fssmall/home/h61084/codes/tsfm/.venv/lib/python3.12/site-packages/chronos/chronos.py][WARNING] - We recommend keeping prediction length <= 64. The quality of longer predictions may degrade since the model is not optimized for it. 
[2026-08-28 13:30:31,688][/fssmall/home/h61084/codes/tsfm/.venv/lib/python3.12/site-packages/chronos/chronos.py][WARNING] - We recommend keeping prediction length <= 64. The quality of longer predictions may degrade since the model is not optimized for it. 
[2026-08-28 13:30:35,228][/fssmall/home/h61084/codes/tsfm/.venv/lib/python3.12/site-packages/chronos/chronos.py][WARNING] - We recommend keeping prediction length <= 64. The quality of longer predictions may degrade since the model is not optimized for it. 
[2026-08-28 13:30:38,766][/fssmall/home/h61084/codes/tsfm/.venv/lib/python3.12/site-packages/chronos/chronos.py][WARNING] - We recommend keeping prediction length <= 64. The quality of longer predictions may degrade since the model is not optimized for it. 
[2026-08-28 13:30:42,308][/fssmall/home/h61084/codes/tsfm/.venv/lib/python3.12/site-packages/chronos/chronos.py][WARNING] - We recommend keeping prediction length <= 64. The quality of longer predictions may degrade since the model is not optimized for it. 
[2026-08-28 13:30:45,847][/fssmall/home/h61084/codes/tsfm/.venv/lib/python3.12/site-packages/chronos/chronos.py][WARNING] - We recommend keeping prediction length <= 64. The quality of longer predictions may degrade since the model is not optimized for it. 
[2026-08-28 13:30:49,382][/fssmall/home/h61084/codes/tsfm/.venv/lib/python3.12/site-packages/chronos/chronos.py][WARNING] - We recommend keeping prediction length <= 64. The quality of longer predictions may degrade since the model is not optimized for it. 
[2026-08-28 13:30:52,921][/fssmall/home/h61084/codes/tsfm/.venv/lib/python3.12/site-packages/chronos/chronos.py][WARNING] - We recommend keeping prediction length <= 64. The quality of longer predictions may degrade since the model is not optimized for it. 
[2026-08-28 13:30:56,456][/fssmall/home/h61084/codes/tsfm/.venv/lib/python3.12/site-packages/chronos/chronos.py][WARNING] - We recommend keeping prediction length <= 64. The quality of longer predictions may degrade since the model is not optimized for it. 
[2026-08-28 13:30:59,994][/fssmall/home/h61084/codes/tsfm/.venv/lib/python3.12/site-packages/chronos/chronos.py][WARNING] - We recommend keeping prediction length <= 64. The quality of longer predictions may degrade since the model is not optimized for it. 
[2026-08-28 13:31:03,534][/fssmall/home/h61084/codes/tsfm/.venv/lib/python3.12/site-packages/chronos/chronos.py][WARNING] - We recommend keeping prediction length <= 64. The quality of longer predictions may degrade since the model is not optimized for it. 
[2026-08-28 13:31:07,070][/fssmall/home/h61084/codes/tsfm/.venv/lib/python3.12/site-packages/chronos/chronos.py][WARNING] - We recommend keeping prediction length <= 64. The quality of longer predictions may degrade since the model is not optimized for it. 
[2026-08-28 13:31:10,608][/fssmall/home/h61084/codes/tsfm/.venv/lib/python3.12/site-packages/chronos/chronos.py][WARNING] - We recommend keeping prediction length <= 64. The quality of longer predictions may degrade since the model is not optimized for it. 
[2026-08-28 13:31:14,148][/fssmall/home/h61084/codes/tsfm/.venv/lib/python3.12/site-packages/chronos/chronos.py][WARNING] - We recommend keeping prediction length <= 64. The quality of longer predictions may degrade since the model is not optimized for it. 
[2026-08-28 13:31:17,688][/fssmall/home/h61084/codes/tsfm/.venv/lib/python3.12/site-packages/chronos/chronos.py][WARNING] - We recommend keeping prediction length <= 64. The quality of longer predictions may degrade since the model is not optimized for it. 
[2026-08-28 13:31:21,228][/fssmall/home/h61084/codes/tsfm/.venv/lib/python3.12/site-packages/chronos/chronos.py][WARNING] - We recommend keeping prediction length <= 64. The quality of longer predictions may degrade since the model is not optimized for it. 
[2026-08-28 13:31:24,766][/fssmall/home/h61084/codes/tsfm/.venv/lib/python3.12/site-packages/chronos/chronos.py][WARNING] - We recommend keeping prediction length <= 64. The quality of longer predictions may degrade since the model is not optimized for it. 
[2026-08-28 13:31:28,300][/fssmall/home/h61084/codes/tsfm/.venv/lib/python3.12/site-packages/chronos/chronos.py][WARNING] - We recommend keeping prediction length <= 64. The quality of longer predictions may degrade since the model is not optimized for it. 
[2026-08-28 13:31:31,835][/fssmall/home/h61084/codes/tsfm/.venv/lib/python3.12/site-packages/chronos/chronos.py][WARNING] - We recommend keeping prediction length <= 64. The quality of longer predictions may degrade since the model is not optimized for it. 
[2026-08-28 13:31:35,371][/fssmall/home/h61084/codes/tsfm/.venv/lib/python3.12/site-packages/chronos/chronos.py][WARNING] - We recommend keeping prediction length <= 64. The quality of longer predictions may degrade since the model is not optimized for it. 
[2026-08-28 13:31:38,908][/fssmall/home/h61084/codes/tsfm/.venv/lib/python3.12/site-packages/chronos/chronos.py][WARNING] - We recommend keeping prediction length <= 64. The quality of longer predictions may degrade since the model is not optimized for it. 
[2026-08-28 13:31:42,447][/fssmall/home/h61084/codes/tsfm/.venv/lib/python3.12/site-packages/chronos/chronos.py][WARNING] - We recommend keeping prediction length <= 64. The quality of longer predictions may degrade since the model is not optimized for it. 
[2026-08-28 13:31:45,981][/fssmall/home/h61084/codes/tsfm/.venv/lib/python3.12/site-packages/chronos/chronos.py][WARNING] - We recommend keeping prediction length <= 64. The quality of longer predictions may degrade since the model is not optimized for it. 
[2026-08-28 13:31:49,518][/fssmall/home/h61084/codes/tsfm/.venv/lib/python3.12/site-packages/chronos/chronos.py][WARNING] - We recommend keeping prediction length <= 64. The quality of longer predictions may degrade since the model is not optimized for it. 
[2026-08-28 13:31:53,055][/fssmall/home/h61084/codes/tsfm/.venv/lib/python3.12/site-packages/chronos/chronos.py][WARNING] - We recommend keeping prediction length <= 64. The quality of longer predictions may degrade since the model is not optimized for it. 
[2026-08-28 13:31:56,591][/fssmall/home/h61084/codes/tsfm/.venv/lib/python3.12/site-packages/chronos/chronos.py][WARNING] - We recommend keeping prediction length <= 64. The quality of longer predictions may degrade since the model is not optimized for it. 
[2026-08-28 13:32:00,129][/fssmall/home/h61084/codes/tsfm/.venv/lib/python3.12/site-packages/chronos/chronos.py][WARNING] - We recommend keeping prediction length <= 64. The quality of longer predictions may degrade since the model is not optimized for it. 
[2026-08-28 13:32:03,669][/fssmall/home/h61084/codes/tsfm/.venv/lib/python3.12/site-packages/chronos/chronos.py][WARNING] - We recommend keeping prediction length <= 64. The quality of longer predictions may degrade since the model is not optimized for it. 
[2026-08-28 13:32:07,208][/fssmall/home/h61084/codes/tsfm/.venv/lib/python3.12/site-packages/chronos/chronos.py][WARNING] - We recommend keeping prediction length <= 64. The quality of longer predictions may degrade since the model is not optimized for it. 
[2026-08-28 13:32:10,748][/fssmall/home/h61084/codes/tsfm/.venv/lib/python3.12/site-packages/chronos/chronos.py][WARNING] - We recommend keeping prediction length <= 64. The quality of longer predictions may degrade since the model is not optimized for it. 
[2026-08-28 13:32:14,287][/fssmall/home/h61084/codes/tsfm/.venv/lib/python3.12/site-packages/chronos/chronos.py][WARNING] - We recommend keeping prediction length <= 64. The quality of longer predictions may degrade since the model is not optimized for it. 
[2026-08-28 13:32:17,828][/fssmall/home/h61084/codes/tsfm/.venv/lib/python3.12/site-packages/chronos/chronos.py][WARNING] - We recommend keeping prediction length <= 64. The quality of longer predictions may degrade since the model is not optimized for it. 
[2026-08-28 13:32:21,368][/fssmall/home/h61084/codes/tsfm/.venv/lib/python3.12/site-packages/chronos/chronos.py][WARNING] - We recommend keeping prediction length <= 64. The quality of longer predictions may degrade since the model is not optimized for it. 
[2026-08-28 13:32:24,904][/fssmall/home/h61084/codes/tsfm/.venv/lib/python3.12/site-packages/chronos/chronos.py][WARNING] - We recommend keeping prediction length <= 64. The quality of longer predictions may degrade since the model is not optimized for it. 
[2026-08-28 13:32:28,444][/fssmall/home/h61084/codes/tsfm/.venv/lib/python3.12/site-packages/chronos/chronos.py][WARNING] - We recommend keeping prediction length <= 64. The quality of longer predictions may degrade since the model is not optimized for it. 
[2026-08-28 13:32:32,001][/fssmall/home/h61084/codes/tsfm/.venv/lib/python3.12/site-packages/chronos/chronos.py][WARNING] - We recommend keeping prediction length <= 64. The quality of longer predictions may degrade since the model is not optimized for it. 
[2026-08-28 13:32:35,584][/fssmall/home/h61084/codes/tsfm/.venv/lib/python3.12/site-packages/chronos/chronos.py][WARNING] - We recommend keeping prediction length <= 64. The quality of longer predictions may degrade since the model is not optimized for it. 
[2026-08-28 13:32:39,123][/fssmall/home/h61084/codes/tsfm/.venv/lib/python3.12/site-packages/chronos/chronos.py][WARNING] - We recommend keeping prediction length <= 64. The quality of longer predictions may degrade since the model is not optimized for it. 
[2026-08-28 13:32:42,672][/fssmall/home/h61084/codes/tsfm/.venv/lib/python3.12/site-packages/chronos/chronos.py][WARNING] - We recommend keeping prediction length <= 64. The quality of longer predictions may degrade since the model is not optimized for it. 
[2026-08-28 13:32:46,245][/fssmall/home/h61084/codes/tsfm/.venv/lib/python3.12/site-packages/chronos/chronos.py][WARNING] - We recommend keeping prediction length <= 64. The quality of longer predictions may degrade since the model is not optimized for it. 
[2026-08-28 13:32:49,808][/fssmall/home/h61084/codes/tsfm/.venv/lib/python3.12/site-packages/chronos/chronos.py][WARNING] - We recommend keeping prediction length <= 64. The quality of longer predictions may degrade since the model is not optimized for it. 
[2026-08-28 13:32:53,346][/fssmall/home/h61084/codes/tsfm/.venv/lib/python3.12/site-packages/chronos/chronos.py][WARNING] - We recommend keeping prediction length <= 64. The quality of longer predictions may degrade since the model is not optimized for it. 
[2026-08-28 13:32:56,884][/fssmall/home/h61084/codes/tsfm/.venv/lib/python3.12/site-packages/chronos/chronos.py][WARNING] - We recommend keeping prediction length <= 64. The quality of longer predictions may degrade since the model is not optimized for it. 
[2026-08-28 13:33:00,485][/fssmall/home/h61084/codes/tsfm/.venv/lib/python3.12/site-packages/chronos/chronos.py][WARNING] - We recommend keeping prediction length <= 64. The quality of longer predictions may degrade since the model is not optimized for it. 
[2026-08-28 13:33:04,023][/fssmall/home/h61084/codes/tsfm/.venv/lib/python3.12/site-packages/chronos/chronos.py][WARNING] - We recommend keeping prediction length <= 64. The quality of longer predictions may degrade since the model is not optimized for it. 
[2026-08-28 13:33:07,558][/fssmall/home/h61084/codes/tsfm/.venv/lib/python3.12/site-packages/chronos/chronos.py][WARNING] - We recommend keeping prediction length <= 64. The quality of longer predictions may degrade since the model is not optimized for it. 
[2026-08-28 13:33:11,109][/fssmall/home/h61084/codes/tsfm/.venv/lib/python3.12/site-packages/chronos/chronos.py][WARNING] - We recommend keeping prediction length <= 64. The quality of longer predictions may degrade since the model is not optimized for it. 
[2026-08-28 13:33:14,650][/fssmall/home/h61084/codes/tsfm/.venv/lib/python3.12/site-packages/chronos/chronos.py][WARNING] - We recommend keeping prediction length <= 64. The quality of longer predictions may degrade since the model is not optimized for it. 
[2026-08-28 13:33:18,189][/fssmall/home/h61084/codes/tsfm/.venv/lib/python3.12/site-packages/chronos/chronos.py][WARNING] - We recommend keeping prediction length <= 64. The quality of longer predictions may degrade since the model is not optimized for it. 
[2026-08-28 13:33:21,744][/fssmall/home/h61084/codes/tsfm/.venv/lib/python3.12/site-packages/chronos/chronos.py][WARNING] - We recommend keeping prediction length <= 64. The quality of longer predictions may degrade since the model is not optimized for it. 
[2026-08-28 13:33:25,283][/fssmall/home/h61084/codes/tsfm/.venv/lib/python3.12/site-packages/chronos/chronos.py][WARNING] - We recommend keeping prediction length <= 64. The quality of longer predictions may degrade since the model is not optimized for it. 
[2026-08-28 13:33:28,823][/fssmall/home/h61084/codes/tsfm/.venv/lib/python3.12/site-packages/chronos/chronos.py][WARNING] - We recommend keeping prediction length <= 64. The quality of longer predictions may degrade since the model is not optimized for it. 
[2026-08-28 13:33:32,359][/fssmall/home/h61084/codes/tsfm/.venv/lib/python3.12/site-packages/chronos/chronos.py][WARNING] - We recommend keeping prediction length <= 64. The quality of longer predictions may degrade since the model is not optimized for it. 
[2026-08-28 13:33:35,895][/fssmall/home/h61084/codes/tsfm/.venv/lib/python3.12/site-packages/chronos/chronos.py][WARNING] - We recommend keeping prediction length <= 64. The quality of longer predictions may degrade since the model is not optimized for it. 
[2026-08-28 13:33:39,436][/fssmall/home/h61084/codes/tsfm/.venv/lib/python3.12/site-packages/chronos/chronos.py][WARNING] - We recommend keeping prediction length <= 64. The quality of longer predictions may degrade since the model is not optimized for it. 
[2026-08-28 13:33:42,971][/fssmall/home/h61084/codes/tsfm/.venv/lib/python3.12/site-packages/chronos/chronos.py][WARNING] - We recommend keeping prediction length <= 64. The quality of longer predictions may degrade since the model is not optimized for it. 
[2026-08-28 13:33:46,510][/fssmall/home/h61084/codes/tsfm/.venv/lib/python3.12/site-packages/chronos/chronos.py][WARNING] - We recommend keeping prediction length <= 64. The quality of longer predictions may degrade since the model is not optimized for it. 
[2026-08-28 13:33:50,049][/fssmall/home/h61084/codes/tsfm/.venv/lib/python3.12/site-packages/chronos/chronos.py][WARNING] - We recommend keeping prediction length <= 64. The quality of longer predictions may degrade since the model is not optimized for it. 
[2026-08-28 13:33:53,590][/fssmall/home/h61084/codes/tsfm/.venv/lib/python3.12/site-packages/chronos/chronos.py][WARNING] - We recommend keeping prediction length <= 64. The quality of longer predictions may degrade since the model is not optimized for it. 
[2026-08-28 13:33:57,129][/fssmall/home/h61084/codes/tsfm/.venv/lib/python3.12/site-packages/chronos/chronos.py][WARNING] - We recommend keeping prediction length <= 64. The quality of longer predictions may degrade since the model is not optimized for it. 
[2026-08-28 13:34:00,670][/fssmall/home/h61084/codes/tsfm/.venv/lib/python3.12/site-packages/chronos/chronos.py][WARNING] - We recommend keeping prediction length <= 64. The quality of longer predictions may degrade since the model is not optimized for it. 
[2026-08-28 13:34:04,210][/fssmall/home/h61084/codes/tsfm/.venv/lib/python3.12/site-packages/chronos/chronos.py][WARNING] - We recommend keeping prediction length <= 64. The quality of longer predictions may degrade since the model is not optimized for it. 
[2026-08-28 13:34:07,751][/fssmall/home/h61084/codes/tsfm/.venv/lib/python3.12/site-packages/chronos/chronos.py][WARNING] - We recommend keeping prediction length <= 64. The quality of longer predictions may degrade since the model is not optimized for it. 
[2026-08-28 13:34:11,291][/fssmall/home/h61084/codes/tsfm/.venv/lib/python3.12/site-packages/chronos/chronos.py][WARNING] - We recommend keeping prediction length <= 64. The quality of longer predictions may degrade since the model is not optimized for it. 
[2026-08-28 13:34:14,831][/fssmall/home/h61084/codes/tsfm/.venv/lib/python3.12/site-packages/chronos/chronos.py][WARNING] - We recommend keeping prediction length <= 64. The quality of longer predictions may degrade since the model is not optimized for it. 
[2026-08-28 13:34:18,370][/fssmall/home/h61084/codes/tsfm/.venv/lib/python3.12/site-packages/chronos/chronos.py][WARNING] - We recommend keeping prediction length <= 64. The quality of longer predictions may degrade since the model is not optimized for it. 
[2026-08-28 13:34:21,910][/fssmall/home/h61084/codes/tsfm/.venv/lib/python3.12/site-packages/chronos/chronos.py][WARNING] - We recommend keeping prediction length <= 64. The quality of longer predictions may degrade since the model is not optimized for it. 
[2026-08-28 13:34:25,450][/fssmall/home/h61084/codes/tsfm/.venv/lib/python3.12/site-packages/chronos/chronos.py][WARNING] - We recommend keeping prediction length <= 64. The quality of longer predictions may degrade since the model is not optimized for it. 
[2026-08-28 13:34:28,989][/fssmall/home/h61084/codes/tsfm/.venv/lib/python3.12/site-packages/chronos/chronos.py][WARNING] - We recommend keeping prediction length <= 64. The quality of longer predictions may degrade since the model is not optimized for it. 
[2026-08-28 13:34:32,531][/fssmall/home/h61084/codes/tsfm/.venv/lib/python3.12/site-packages/chronos/chronos.py][WARNING] - We recommend keeping prediction length <= 64. The quality of longer predictions may degrade since the model is not optimized for it. 
[2026-08-28 13:34:36,071][/fssmall/home/h61084/codes/tsfm/.venv/lib/python3.12/site-packages/chronos/chronos.py][WARNING] - We recommend keeping prediction length <= 64. The quality of longer predictions may degrade since the model is not optimized for it. 
[2026-08-28 13:34:39,610][/fssmall/home/h61084/codes/tsfm/.venv/lib/python3.12/site-packages/chronos/chronos.py][WARNING] - We recommend keeping prediction length <= 64. The quality of longer predictions may degrade since the model is not optimized for it. 
[2026-08-28 13:34:43,151][/fssmall/home/h61084/codes/tsfm/.venv/lib/python3.12/site-packages/chronos/chronos.py][WARNING] - We recommend keeping prediction length <= 64. The quality of longer predictions may degrade since the model is not optimized for it. 
[2026-08-28 13:34:46,690][/fssmall/home/h61084/codes/tsfm/.venv/lib/python3.12/site-packages/chronos/chronos.py][WARNING] - We recommend keeping prediction length <= 64. The quality of longer predictions may degrade since the model is not optimized for it. 
[2026-08-28 13:34:50,231][/fssmall/home/h61084/codes/tsfm/.venv/lib/python3.12/site-packages/chronos/chronos.py][WARNING] - We recommend keeping prediction length <= 64. The quality of longer predictions may degrade since the model is not optimized for it. 
[2026-08-28 13:34:53,770][/fssmall/home/h61084/codes/tsfm/.venv/lib/python3.12/site-packages/chronos/chronos.py][WARNING] - We recommend keeping prediction length <= 64. The quality of longer predictions may degrade since the model is not optimized for it. 
[2026-08-28 13:34:57,311][/fssmall/home/h61084/codes/tsfm/.venv/lib/python3.12/site-packages/chronos/chronos.py][WARNING] - We recommend keeping prediction length <= 64. The quality of longer predictions may degrade since the model is not optimized for it. 
[2026-08-28 13:35:00,851][/fssmall/home/h61084/codes/tsfm/.venv/lib/python3.12/site-packages/chronos/chronos.py][WARNING] - We recommend keeping prediction length <= 64. The quality of longer predictions may degrade since the model is not optimized for it. 
[2026-08-28 13:35:04,390][/fssmall/home/h61084/codes/tsfm/.venv/lib/python3.12/site-packages/chronos/chronos.py][WARNING] - We recommend keeping prediction length <= 64. The quality of longer predictions may degrade since the model is not optimized for it. 
[2026-08-28 13:35:07,931][/fssmall/home/h61084/codes/tsfm/.venv/lib/python3.12/site-packages/chronos/chronos.py][WARNING] - We recommend keeping prediction length <= 64. The quality of longer predictions may degrade since the model is not optimized for it. 
[2026-08-28 13:35:11,471][/fssmall/home/h61084/codes/tsfm/.venv/lib/python3.12/site-packages/chronos/chronos.py][WARNING] - We recommend keeping prediction length <= 64. The quality of longer predictions may degrade since the model is not optimized for it. 
[2026-08-28 13:35:15,011][/fssmall/home/h61084/codes/tsfm/.venv/lib/python3.12/site-packages/chronos/chronos.py][WARNING] - We recommend keeping prediction length <= 64. The quality of longer predictions may degrade since the model is not optimized for it. 
[2026-08-28 13:35:18,551][/fssmall/home/h61084/codes/tsfm/.venv/lib/python3.12/site-packages/chronos/chronos.py][WARNING] - We recommend keeping prediction length <= 64. The quality of longer predictions may degrade since the model is not optimized for it. 
[2026-08-28 13:35:22,090][/fssmall/home/h61084/codes/tsfm/.venv/lib/python3.12/site-packages/chronos/chronos.py][WARNING] - We recommend keeping prediction length <= 64. The quality of longer predictions may degrade since the model is not optimized for it. 
[2026-08-28 13:35:25,628][/fssmall/home/h61084/codes/tsfm/.venv/lib/python3.12/site-packages/chronos/chronos.py][WARNING] - We recommend keeping prediction length <= 64. The quality of longer predictions may degrade since the model is not optimized for it. 
[2026-08-28 13:35:29,165][/fssmall/home/h61084/codes/tsfm/.venv/lib/python3.12/site-packages/chronos/chronos.py][WARNING] - We recommend keeping prediction length <= 64. The quality of longer predictions may degrade since the model is not optimized for it. 
[2026-08-28 13:35:32,703][/fssmall/home/h61084/codes/tsfm/.venv/lib/python3.12/site-packages/chronos/chronos.py][WARNING] - We recommend keeping prediction length <= 64. The quality of longer predictions may degrade since the model is not optimized for it. 
[2026-08-28 13:35:36,241][/fssmall/home/h61084/codes/tsfm/.venv/lib/python3.12/site-packages/chronos/chronos.py][WARNING] - We recommend keeping prediction length <= 64. The quality of longer predictions may degrade since the model is not optimized for it. 
[2026-08-28 13:35:39,777][/fssmall/home/h61084/codes/tsfm/.venv/lib/python3.12/site-packages/chronos/chronos.py][WARNING] - We recommend keeping prediction length <= 64. The quality of longer predictions may degrade since the model is not optimized for it. 
[2026-08-28 13:35:43,317][/fssmall/home/h61084/codes/tsfm/.venv/lib/python3.12/site-packages/chronos/chronos.py][WARNING] - We recommend keeping prediction length <= 64. The quality of longer predictions may degrade since the model is not optimized for it. 
[2026-08-28 13:35:46,857][/fssmall/home/h61084/codes/tsfm/.venv/lib/python3.12/site-packages/chronos/chronos.py][WARNING] - We recommend keeping prediction length <= 64. The quality of longer predictions may degrade since the model is not optimized for it. 
[2026-08-28 13:35:50,394][/fssmall/home/h61084/codes/tsfm/.venv/lib/python3.12/site-packages/chronos/chronos.py][WARNING] - We recommend keeping prediction length <= 64. The quality of longer predictions may degrade since the model is not optimized for it. 
[2026-08-28 13:35:53,933][/fssmall/home/h61084/codes/tsfm/.venv/lib/python3.12/site-packages/chronos/chronos.py][WARNING] - We recommend keeping prediction length <= 64. The quality of longer predictions may degrade since the model is not optimized for it. 
[2026-08-28 13:35:57,473][/fssmall/home/h61084/codes/tsfm/.venv/lib/python3.12/site-packages/chronos/chronos.py][WARNING] - We recommend keeping prediction length <= 64. The quality of longer predictions may degrade since the model is not optimized for it. 
[2026-08-28 13:36:01,011][/fssmall/home/h61084/codes/tsfm/.venv/lib/python3.12/site-packages/chronos/chronos.py][WARNING] - We recommend keeping prediction length <= 64. The quality of longer predictions may degrade since the model is not optimized for it. 
[2026-08-28 13:36:04,551][/fssmall/home/h61084/codes/tsfm/.venv/lib/python3.12/site-packages/chronos/chronos.py][WARNING] - We recommend keeping prediction length <= 64. The quality of longer predictions may degrade since the model is not optimized for it. 
[2026-08-28 13:36:08,092][/fssmall/home/h61084/codes/tsfm/.venv/lib/python3.12/site-packages/chronos/chronos.py][WARNING] - We recommend keeping prediction length <= 64. The quality of longer predictions may degrade since the model is not optimized for it. 
[2026-08-28 13:36:11,632][/fssmall/home/h61084/codes/tsfm/.venv/lib/python3.12/site-packages/chronos/chronos.py][WARNING] - We recommend keeping prediction length <= 64. The quality of longer predictions may degrade since the model is not optimized for it. 
[2026-08-28 13:36:15,171][/fssmall/home/h61084/codes/tsfm/.venv/lib/python3.12/site-packages/chronos/chronos.py][WARNING] - We recommend keeping prediction length <= 64. The quality of longer predictions may degrade since the model is not optimized for it. 
[2026-08-28 13:36:18,711][/fssmall/home/h61084/codes/tsfm/.venv/lib/python3.12/site-packages/chronos/chronos.py][WARNING] - We recommend keeping prediction length <= 64. The quality of longer predictions may degrade since the model is not optimized for it. 
[2026-08-28 13:36:22,251][/fssmall/home/h61084/codes/tsfm/.venv/lib/python3.12/site-packages/chronos/chronos.py][WARNING] - We recommend keeping prediction length <= 64. The quality of longer predictions may degrade since the model is not optimized for it. 
[2026-08-28 13:36:25,792][/fssmall/home/h61084/codes/tsfm/.venv/lib/python3.12/site-packages/chronos/chronos.py][WARNING] - We recommend keeping prediction length <= 64. The quality of longer predictions may degrade since the model is not optimized for it. 
[2026-08-28 13:36:29,332][/fssmall/home/h61084/codes/tsfm/.venv/lib/python3.12/site-packages/chronos/chronos.py][WARNING] - We recommend keeping prediction length <= 64. The quality of longer predictions may degrade since the model is not optimized for it. 
[2026-08-28 13:36:32,872][/fssmall/home/h61084/codes/tsfm/.venv/lib/python3.12/site-packages/chronos/chronos.py][WARNING] - We recommend keeping prediction length <= 64. The quality of longer predictions may degrade since the model is not optimized for it. 
[2026-08-28 13:36:36,412][/fssmall/home/h61084/codes/tsfm/.venv/lib/python3.12/site-packages/chronos/chronos.py][WARNING] - We recommend keeping prediction length <= 64. The quality of longer predictions may degrade since the model is not optimized for it. 
[2026-08-28 13:36:39,951][/fssmall/home/h61084/codes/tsfm/.venv/lib/python3.12/site-packages/chronos/chronos.py][WARNING] - We recommend keeping prediction length <= 64. The quality of longer predictions may degrade since the model is not optimized for it. 
[2026-08-28 13:36:43,491][/fssmall/home/h61084/codes/tsfm/.venv/lib/python3.12/site-packages/chronos/chronos.py][WARNING] - We recommend keeping prediction length <= 64. The quality of longer predictions may degrade since the model is not optimized for it. 
[2026-08-28 13:36:47,029][/fssmall/home/h61084/codes/tsfm/.venv/lib/python3.12/site-packages/chronos/chronos.py][WARNING] - We recommend keeping prediction length <= 64. The quality of longer predictions may degrade since the model is not optimized for it. 
[2026-08-28 13:36:50,565][/fssmall/home/h61084/codes/tsfm/.venv/lib/python3.12/site-packages/chronos/chronos.py][WARNING] - We recommend keeping prediction length <= 64. The quality of longer predictions may degrade since the model is not optimized for it. 
[2026-08-28 13:36:54,099][/fssmall/home/h61084/codes/tsfm/.venv/lib/python3.12/site-packages/chronos/chronos.py][WARNING] - We recommend keeping prediction length <= 64. The quality of longer predictions may degrade since the model is not optimized for it. 
[2026-08-28 13:36:57,639][/fssmall/home/h61084/codes/tsfm/.venv/lib/python3.12/site-packages/chronos/chronos.py][WARNING] - We recommend keeping prediction length <= 64. The quality of longer predictions may degrade since the model is not optimized for it. 
[2026-08-28 13:37:01,178][/fssmall/home/h61084/codes/tsfm/.venv/lib/python3.12/site-packages/chronos/chronos.py][WARNING] - We recommend keeping prediction length <= 64. The quality of longer predictions may degrade since the model is not optimized for it. 
[2026-08-28 13:37:04,715][/fssmall/home/h61084/codes/tsfm/.venv/lib/python3.12/site-packages/chronos/chronos.py][WARNING] - We recommend keeping prediction length <= 64. The quality of longer predictions may degrade since the model is not optimized for it. 
[2026-08-28 13:37:08,253][/fssmall/home/h61084/codes/tsfm/.venv/lib/python3.12/site-packages/chronos/chronos.py][WARNING] - We recommend keeping prediction length <= 64. The quality of longer predictions may degrade since the model is not optimized for it. 
[2026-08-28 13:37:11,792][/fssmall/home/h61084/codes/tsfm/.venv/lib/python3.12/site-packages/chronos/chronos.py][WARNING] - We recommend keeping prediction length <= 64. The quality of longer predictions may degrade since the model is not optimized for it. 
[2026-08-28 13:37:15,333][/fssmall/home/h61084/codes/tsfm/.venv/lib/python3.12/site-packages/chronos/chronos.py][WARNING] - We recommend keeping prediction length <= 64. The quality of longer predictions may degrade since the model is not optimized for it. 
[2026-08-28 13:37:18,872][/fssmall/home/h61084/codes/tsfm/.venv/lib/python3.12/site-packages/chronos/chronos.py][WARNING] - We recommend keeping prediction length <= 64. The quality of longer predictions may degrade since the model is not optimized for it. 
[2026-08-28 13:37:22,413][/fssmall/home/h61084/codes/tsfm/.venv/lib/python3.12/site-packages/chronos/chronos.py][WARNING] - We recommend keeping prediction length <= 64. The quality of longer predictions may degrade since the model is not optimized for it. 
[2026-08-28 13:37:25,952][/fssmall/home/h61084/codes/tsfm/.venv/lib/python3.12/site-packages/chronos/chronos.py][WARNING] - We recommend keeping prediction length <= 64. The quality of longer predictions may degrade since the model is not optimized for it. 
[2026-08-28 13:37:29,493][/fssmall/home/h61084/codes/tsfm/.venv/lib/python3.12/site-packages/chronos/chronos.py][WARNING] - We recommend keeping prediction length <= 64. The quality of longer predictions may degrade since the model is not optimized for it. 
[2026-08-28 13:37:33,033][/fssmall/home/h61084/codes/tsfm/.venv/lib/python3.12/site-packages/chronos/chronos.py][WARNING] - We recommend keeping prediction length <= 64. The quality of longer predictions may degrade since the model is not optimized for it. 
[2026-08-28 13:37:36,573][/fssmall/home/h61084/codes/tsfm/.venv/lib/python3.12/site-packages/chronos/chronos.py][WARNING] - We recommend keeping prediction length <= 64. The quality of longer predictions may degrade since the model is not optimized for it. 
[2026-08-28 13:37:40,113][/fssmall/home/h61084/codes/tsfm/.venv/lib/python3.12/site-packages/chronos/chronos.py][WARNING] - We recommend keeping prediction length <= 64. The quality of longer predictions may degrade since the model is not optimized for it. 
[2026-08-28 13:37:43,652][/fssmall/home/h61084/codes/tsfm/.venv/lib/python3.12/site-packages/chronos/chronos.py][WARNING] - We recommend keeping prediction length <= 64. The quality of longer predictions may degrade since the model is not optimized for it. 
[2026-08-28 13:37:47,192][/fssmall/home/h61084/codes/tsfm/.venv/lib/python3.12/site-packages/chronos/chronos.py][WARNING] - We recommend keeping prediction length <= 64. The quality of longer predictions may degrade since the model is not optimized for it. 
[2026-08-28 13:37:50,734][/fssmall/home/h61084/codes/tsfm/.venv/lib/python3.12/site-packages/chronos/chronos.py][WARNING] - We recommend keeping prediction length <= 64. The quality of longer predictions may degrade since the model is not optimized for it. 
[2026-08-28 13:37:54,272][/fssmall/home/h61084/codes/tsfm/.venv/lib/python3.12/site-packages/chronos/chronos.py][WARNING] - We recommend keeping prediction length <= 64. The quality of longer predictions may degrade since the model is not optimized for it. 
[2026-08-28 13:37:57,813][/fssmall/home/h61084/codes/tsfm/.venv/lib/python3.12/site-packages/chronos/chronos.py][WARNING] - We recommend keeping prediction length <= 64. The quality of longer predictions may degrade since the model is not optimized for it. 
[2026-08-28 13:38:01,354][/fssmall/home/h61084/codes/tsfm/.venv/lib/python3.12/site-packages/chronos/chronos.py][WARNING] - We recommend keeping prediction length <= 64. The quality of longer predictions may degrade since the model is not optimized for it. 
[2026-08-28 13:38:04,893][/fssmall/home/h61084/codes/tsfm/.venv/lib/python3.12/site-packages/chronos/chronos.py][WARNING] - We recommend keeping prediction length <= 64. The quality of longer predictions may degrade since the model is not optimized for it. 
[2026-08-28 13:38:08,433][/fssmall/home/h61084/codes/tsfm/.venv/lib/python3.12/site-packages/chronos/chronos.py][WARNING] - We recommend keeping prediction length <= 64. The quality of longer predictions may degrade since the model is not optimized for it. 
[2026-08-28 13:38:11,973][/fssmall/home/h61084/codes/tsfm/.venv/lib/python3.12/site-packages/chronos/chronos.py][WARNING] - We recommend keeping prediction length <= 64. The quality of longer predictions may degrade since the model is not optimized for it. 
[2026-08-28 13:38:15,513][/fssmall/home/h61084/codes/tsfm/.venv/lib/python3.12/site-packages/chronos/chronos.py][WARNING] - We recommend keeping prediction length <= 64. The quality of longer predictions may degrade since the model is not optimized for it. 
[2026-08-28 13:38:19,054][/fssmall/home/h61084/codes/tsfm/.venv/lib/python3.12/site-packages/chronos/chronos.py][WARNING] - We recommend keeping prediction length <= 64. The quality of longer predictions may degrade since the model is not optimized for it. 
[2026-08-28 13:38:22,593][/fssmall/home/h61084/codes/tsfm/.venv/lib/python3.12/site-packages/chronos/chronos.py][WARNING] - We recommend keeping prediction length <= 64. The quality of longer predictions may degrade since the model is not optimized for it. 
[2026-08-28 13:38:26,134][/fssmall/home/h61084/codes/tsfm/.venv/lib/python3.12/site-packages/chronos/chronos.py][WARNING] - We recommend keeping prediction length <= 64. The quality of longer predictions may degrade since the model is not optimized for it. 
[2026-08-28 13:38:29,674][/fssmall/home/h61084/codes/tsfm/.venv/lib/python3.12/site-packages/chronos/chronos.py][WARNING] - We recommend keeping prediction length <= 64. The quality of longer predictions may degrade since the model is not optimized for it. 
[2026-08-28 13:38:33,220][/fssmall/home/h61084/codes/tsfm/.venv/lib/python3.12/site-packages/chronos/chronos.py][WARNING] - We recommend keeping prediction length <= 64. The quality of longer predictions may degrade since the model is not optimized for it. 
[2026-08-28 13:38:36,881][/fssmall/home/h61084/codes/tsfm/.venv/lib/python3.12/site-packages/chronos/chronos.py][WARNING] - We recommend keeping prediction length <= 64. The quality of longer predictions may degrade since the model is not optimized for it. 
[2026-08-28 13:38:40,434][/fssmall/home/h61084/codes/tsfm/.venv/lib/python3.12/site-packages/chronos/chronos.py][WARNING] - We recommend keeping prediction length <= 64. The quality of longer predictions may degrade since the model is not optimized for it. 
[2026-08-28 13:38:43,973][/fssmall/home/h61084/codes/tsfm/.venv/lib/python3.12/site-packages/chronos/chronos.py][WARNING] - We recommend keeping prediction length <= 64. The quality of longer predictions may degrade since the model is not optimized for it. 
[2026-08-28 13:38:47,523][/fssmall/home/h61084/codes/tsfm/.venv/lib/python3.12/site-packages/chronos/chronos.py][WARNING] - We recommend keeping prediction length <= 64. The quality of longer predictions may degrade since the model is not optimized for it. 
[2026-08-28 13:38:50,368][evaluation.evaluator][INFO] - artifacts ready run=/fslarge/scratch/users/h61084/codes/tsfm/outputs_selena/foundation_models/electricity/504_168/chronos_t5/none/raw/keep/run_0 mse=5.87414e+06 nmse=0.266807 inference_seconds=1772.690
2026-08-28 13:38:54 | configuration dataset=electricity L=504 H=168 model=ts_icl covariates=none instance_norm=false remove_constant=false seed=1 batch_size=32
[2026-08-28 13:39:01,124][data.dataset][INFO] - dataset config path=/fssmall/home/h61084/codes/datasets/electricity/config.json applied_keys=['date_col', 'drop_users']
[2026-08-28 13:39:01,922][evaluation.evaluator][INFO] - evaluate dataset=electricity users=312 dates=26304 windows=15912 removed_constant=0 L=504 H=168 stride=512
[2026-08-28 13:39:46,477][evaluation.evaluator][INFO] - artifacts ready run=/fslarge/scratch/users/h61084/codes/tsfm/outputs_selena/foundation_models/electricity/504_168/ts_icl/none/raw/keep/run_0 mse=4.93527e+06 nmse=0.264513 inference_seconds=42.295
2026-08-28 13:39:47 | report family=foundation_models
/fslarge/scratch/users/h61084/codes/tsfm/outputs_selena/reports/foundation_models/test/results.csv
