2026-08-28 23:27:12 | resources data_root=auto weights_root=auto output_root=/scratch/users/h61084/codes/tsfm/outputs_selena/foundation_models
2026-08-28 23:27:20 | profile mode=full datasets=electricity traffic solar weather exchange_rate time/cphl_h_part01 time/cphl_h_part02 time/coastal_t_s_h_part01 time/coastal_t_s_h_part02 time/coastal_t_s_h_part03 time/coastal_t_s_h_part04 time/coastal_t_s_h_part05 time/coastal_t_s_h_part06 time/coastal_t_s_h_part07 time/coastal_t_s_h_part08 time/coastal_t_s_h_part09 time/coastal_t_s_h_part10 time/coastal_t_s_h_part11 time/coastal_t_s_h_part12 time/coastal_t_s_h_part13 time/coastal_t_s_h_part14 time/coastal_t_s_h_part15 time/coastal_t_s_h_part16 time/coastal_t_s_h_part17 time/coastal_t_s_h_part18 time/coastal_t_s_h_part19 time/coastal_t_s_h_part20 time/coastal_t_s_h_part21 time/coastal_t_s_h_part22 time/coastal_t_s_h_part23 time/crypto_d time/ecdc_covid_d_part01 time/ecdc_covid_d_part02 time/ecdc_covid_d_part03 time/ecdc_covid_d_part04 time/ecdc_covid_d_part05 time/ecdc_covid_d_part06 time/ecdc_covid_d_part07 time/ne_china_wind_h time/online_retail_2_uci_d time/port_activity_d time/supply_chain_customer_d time/supply_chain_location_d time/current_velocity_h_part01 time/current_velocity_h_part02 time/current_velocity_h_part03 time/current_velocity_h_part04 time/current_velocity_h_part05 time/current_velocity_h_part06 time/current_velocity_h_part07 time/current_velocity_h_part08 time/current_velocity_h_part09 time/current_velocity_h_part10 time/current_velocity_h_part11 time/current_velocity_h_part12 time/current_velocity_h_part13 time/current_velocity_h_part14 time/current_velocity_h_part15 time/current_velocity_h_part16 time/current_velocity_h_part17 time/current_velocity_h_part18 time/current_velocity_h_part19 time/current_velocity_h_part20 time/current_velocity_h_part21 settings=336:48 504:168 14:2 30:7 tasks=128 seeds=1
2026-08-28 23:27:20 | foundation models=chronos2 chronos_bolt chronos_t5 ts_icl
2026-08-28 23:27:20 | configuration dataset=electricity L=336 H=48 model=chronos2 covariates=none instance_norm=false remove_constant=false seed=1 batch_size=64
[2026-08-28 23:27:22,947][data.dataset][INFO] - dataset config path=/fssmall/home/h61084/codes/datasets/electricity/config.json applied_keys=['date_col', 'drop_users']
[2026-08-28 23:27:23,763][evaluation.evaluator][INFO] - skip complete run=/fslarge/scratch/users/h61084/codes/tsfm/outputs_selena/foundation_models/electricity/336_48/chronos2/none/raw/keep/run_0
2026-08-28 23:27:24 | configuration dataset=electricity L=336 H=48 model=chronos_bolt covariates=none instance_norm=false remove_constant=false seed=1 batch_size=128
[2026-08-28 23:27:26,829][data.dataset][INFO] - dataset config path=/fssmall/home/h61084/codes/datasets/electricity/config.json applied_keys=['date_col', 'drop_users']
[2026-08-28 23:27:27,511][evaluation.evaluator][INFO] - skip complete run=/fslarge/scratch/users/h61084/codes/tsfm/outputs_selena/foundation_models/electricity/336_48/chronos_bolt/none/raw/keep/run_0
2026-08-28 23:27:28 | configuration dataset=electricity L=336 H=48 model=chronos_t5 covariates=none instance_norm=false remove_constant=false seed=1 batch_size=32
[2026-08-28 23:27:30,525][data.dataset][INFO] - dataset config path=/fssmall/home/h61084/codes/datasets/electricity/config.json applied_keys=['date_col', 'drop_users']
[2026-08-28 23:27:31,206][evaluation.evaluator][INFO] - skip complete run=/fslarge/scratch/users/h61084/codes/tsfm/outputs_selena/foundation_models/electricity/336_48/chronos_t5/none/raw/keep/run_0
2026-08-28 23:27:31 | configuration dataset=electricity L=336 H=48 model=ts_icl covariates=none instance_norm=false remove_constant=false seed=1 batch_size=32
[2026-08-28 23:27:34,183][data.dataset][INFO] - dataset config path=/fssmall/home/h61084/codes/datasets/electricity/config.json applied_keys=['date_col', 'drop_users']
[2026-08-28 23:27:34,879][evaluation.evaluator][INFO] - skip complete run=/fslarge/scratch/users/h61084/codes/tsfm/outputs_selena/foundation_models/electricity/336_48/ts_icl/none/raw/keep/run_0
2026-08-28 23:27:35 | configuration dataset=electricity L=504 H=168 model=chronos2 covariates=none instance_norm=false remove_constant=false seed=1 batch_size=64
[2026-08-28 23:27:37,874][data.dataset][INFO] - dataset config path=/fssmall/home/h61084/codes/datasets/electricity/config.json applied_keys=['date_col', 'drop_users']
[2026-08-28 23:27:38,597][evaluation.evaluator][INFO] - skip complete run=/fslarge/scratch/users/h61084/codes/tsfm/outputs_selena/foundation_models/electricity/504_168/chronos2/none/raw/keep/run_0
2026-08-28 23:27:39 | configuration dataset=electricity L=504 H=168 model=chronos_bolt covariates=none instance_norm=false remove_constant=false seed=1 batch_size=128
[2026-08-28 23:27:41,550][data.dataset][INFO] - dataset config path=/fssmall/home/h61084/codes/datasets/electricity/config.json applied_keys=['date_col', 'drop_users']
[2026-08-28 23:27:42,259][evaluation.evaluator][INFO] - skip complete run=/fslarge/scratch/users/h61084/codes/tsfm/outputs_selena/foundation_models/electricity/504_168/chronos_bolt/none/raw/keep/run_0
2026-08-28 23:27:42 | configuration dataset=electricity L=504 H=168 model=chronos_t5 covariates=none instance_norm=false remove_constant=false seed=1 batch_size=32
[2026-08-28 23:27:45,265][data.dataset][INFO] - dataset config path=/fssmall/home/h61084/codes/datasets/electricity/config.json applied_keys=['date_col', 'drop_users']
[2026-08-28 23:27:45,971][evaluation.evaluator][INFO] - skip complete run=/fslarge/scratch/users/h61084/codes/tsfm/outputs_selena/foundation_models/electricity/504_168/chronos_t5/none/raw/keep/run_0
2026-08-28 23:27:46 | configuration dataset=electricity L=504 H=168 model=ts_icl covariates=none instance_norm=false remove_constant=false seed=1 batch_size=32
[2026-08-28 23:27:48,958][data.dataset][INFO] - dataset config path=/fssmall/home/h61084/codes/datasets/electricity/config.json applied_keys=['date_col', 'drop_users']
[2026-08-28 23:27:49,665][evaluation.evaluator][INFO] - skip complete run=/fslarge/scratch/users/h61084/codes/tsfm/outputs_selena/foundation_models/electricity/504_168/ts_icl/none/raw/keep/run_0
2026-08-28 23:27:50 | configuration dataset=traffic L=336 H=48 model=chronos2 covariates=none instance_norm=false remove_constant=false seed=1 batch_size=64
[2026-08-28 23:27:52,660][data.dataset][INFO] - dataset config path=/fssmall/home/h61084/codes/datasets/traffic/config.json applied_keys=['date_col', 'drop_users']
[2026-08-28 23:27:53,744][evaluation.evaluator][INFO] - skip complete run=/fslarge/scratch/users/h61084/codes/tsfm/outputs_selena/foundation_models/traffic/336_48/chronos2/none/raw/keep/run_0
2026-08-28 23:27:54 | configuration dataset=traffic L=336 H=48 model=chronos_bolt covariates=none instance_norm=false remove_constant=false seed=1 batch_size=128
[2026-08-28 23:27:56,766][data.dataset][INFO] - dataset config path=/fssmall/home/h61084/codes/datasets/traffic/config.json applied_keys=['date_col', 'drop_users']
[2026-08-28 23:27:57,803][evaluation.evaluator][INFO] - skip complete run=/fslarge/scratch/users/h61084/codes/tsfm/outputs_selena/foundation_models/traffic/336_48/chronos_bolt/none/raw/keep/run_0
2026-08-28 23:27:58 | configuration dataset=traffic L=336 H=48 model=chronos_t5 covariates=none instance_norm=false remove_constant=false seed=1 batch_size=32
[2026-08-28 23:28:00,797][data.dataset][INFO] - dataset config path=/fssmall/home/h61084/codes/datasets/traffic/config.json applied_keys=['date_col', 'drop_users']
[2026-08-28 23:28:01,829][evaluation.evaluator][INFO] - skip complete run=/fslarge/scratch/users/h61084/codes/tsfm/outputs_selena/foundation_models/traffic/336_48/chronos_t5/none/raw/keep/run_0
2026-08-28 23:28:02 | configuration dataset=traffic L=336 H=48 model=ts_icl covariates=none instance_norm=false remove_constant=false seed=1 batch_size=32
[2026-08-28 23:28:04,826][data.dataset][INFO] - dataset config path=/fssmall/home/h61084/codes/datasets/traffic/config.json applied_keys=['date_col', 'drop_users']
[2026-08-28 23:28:05,858][evaluation.evaluator][INFO] - skip complete run=/fslarge/scratch/users/h61084/codes/tsfm/outputs_selena/foundation_models/traffic/336_48/ts_icl/none/raw/keep/run_0
2026-08-28 23:28:06 | configuration dataset=traffic L=504 H=168 model=chronos2 covariates=none instance_norm=false remove_constant=false seed=1 batch_size=64
[2026-08-28 23:28:08,886][data.dataset][INFO] - dataset config path=/fssmall/home/h61084/codes/datasets/traffic/config.json applied_keys=['date_col', 'drop_users']
[2026-08-28 23:28:09,952][evaluation.evaluator][INFO] - skip complete run=/fslarge/scratch/users/h61084/codes/tsfm/outputs_selena/foundation_models/traffic/504_168/chronos2/none/raw/keep/run_0
2026-08-28 23:28:10 | configuration dataset=traffic L=504 H=168 model=chronos_bolt covariates=none instance_norm=false remove_constant=false seed=1 batch_size=128
[2026-08-28 23:28:12,979][data.dataset][INFO] - dataset config path=/fssmall/home/h61084/codes/datasets/traffic/config.json applied_keys=['date_col', 'drop_users']
[2026-08-28 23:28:14,056][evaluation.evaluator][INFO] - skip complete run=/fslarge/scratch/users/h61084/codes/tsfm/outputs_selena/foundation_models/traffic/504_168/chronos_bolt/none/raw/keep/run_0
2026-08-28 23:28:14 | configuration dataset=traffic L=504 H=168 model=chronos_t5 covariates=none instance_norm=false remove_constant=false seed=1 batch_size=32
[2026-08-28 23:28:17,043][data.dataset][INFO] - dataset config path=/fssmall/home/h61084/codes/datasets/traffic/config.json applied_keys=['date_col', 'drop_users']
[2026-08-28 23:28:18,105][evaluation.evaluator][INFO] - skip complete run=/fslarge/scratch/users/h61084/codes/tsfm/outputs_selena/foundation_models/traffic/504_168/chronos_t5/none/raw/keep/run_0
2026-08-28 23:28:18 | configuration dataset=traffic L=504 H=168 model=ts_icl covariates=none instance_norm=false remove_constant=false seed=1 batch_size=32
[2026-08-28 23:28:21,125][data.dataset][INFO] - dataset config path=/fssmall/home/h61084/codes/datasets/traffic/config.json applied_keys=['date_col', 'drop_users']
[2026-08-28 23:28:22,197][evaluation.evaluator][INFO] - skip complete run=/fslarge/scratch/users/h61084/codes/tsfm/outputs_selena/foundation_models/traffic/504_168/ts_icl/none/raw/keep/run_0
2026-08-28 23:28:22 | configuration dataset=solar L=336 H=48 model=chronos2 covariates=none instance_norm=false remove_constant=false seed=1 batch_size=64
[2026-08-28 23:28:25,182][data.dataset][INFO] - dataset config path=/fssmall/home/h61084/codes/datasets/solar/config.json applied_keys=['aggr', 'date_col', 'drop_users']
[2026-08-28 23:28:25,560][evaluation.evaluator][INFO] - skip complete run=/fslarge/scratch/users/h61084/codes/tsfm/outputs_selena/foundation_models/solar/336_48/chronos2/none/raw/keep/run_0
2026-08-28 23:28:26 | configuration dataset=solar L=336 H=48 model=chronos_bolt covariates=none instance_norm=false remove_constant=false seed=1 batch_size=128
[2026-08-28 23:28:28,557][data.dataset][INFO] - dataset config path=/fssmall/home/h61084/codes/datasets/solar/config.json applied_keys=['aggr', 'date_col', 'drop_users']
[2026-08-28 23:28:28,907][evaluation.evaluator][INFO] - skip complete run=/fslarge/scratch/users/h61084/codes/tsfm/outputs_selena/foundation_models/solar/336_48/chronos_bolt/none/raw/keep/run_0
2026-08-28 23:28:29 | configuration dataset=solar L=336 H=48 model=chronos_t5 covariates=none instance_norm=false remove_constant=false seed=1 batch_size=32
[2026-08-28 23:28:31,920][data.dataset][INFO] - dataset config path=/fssmall/home/h61084/codes/datasets/solar/config.json applied_keys=['aggr', 'date_col', 'drop_users']
[2026-08-28 23:28:32,266][evaluation.evaluator][INFO] - skip complete run=/fslarge/scratch/users/h61084/codes/tsfm/outputs_selena/foundation_models/solar/336_48/chronos_t5/none/raw/keep/run_0
2026-08-28 23:28:32 | configuration dataset=solar L=336 H=48 model=ts_icl covariates=none instance_norm=false remove_constant=false seed=1 batch_size=32
[2026-08-28 23:28:35,291][data.dataset][INFO] - dataset config path=/fssmall/home/h61084/codes/datasets/solar/config.json applied_keys=['aggr', 'date_col', 'drop_users']
[2026-08-28 23:28:35,636][evaluation.evaluator][INFO] - skip complete run=/fslarge/scratch/users/h61084/codes/tsfm/outputs_selena/foundation_models/solar/336_48/ts_icl/none/raw/keep/run_0
2026-08-28 23:28:36 | configuration dataset=solar L=504 H=168 model=chronos2 covariates=none instance_norm=false remove_constant=false seed=1 batch_size=64
[2026-08-28 23:28:38,635][data.dataset][INFO] - dataset config path=/fssmall/home/h61084/codes/datasets/solar/config.json applied_keys=['aggr', 'date_col', 'drop_users']
[2026-08-28 23:28:38,980][evaluation.evaluator][INFO] - skip complete run=/fslarge/scratch/users/h61084/codes/tsfm/outputs_selena/foundation_models/solar/504_168/chronos2/none/raw/keep/run_0
2026-08-28 23:28:39 | configuration dataset=solar L=504 H=168 model=chronos_bolt covariates=none instance_norm=false remove_constant=false seed=1 batch_size=128
[2026-08-28 23:28:42,000][data.dataset][INFO] - dataset config path=/fssmall/home/h61084/codes/datasets/solar/config.json applied_keys=['aggr', 'date_col', 'drop_users']
[2026-08-28 23:28:42,348][evaluation.evaluator][INFO] - skip complete run=/fslarge/scratch/users/h61084/codes/tsfm/outputs_selena/foundation_models/solar/504_168/chronos_bolt/none/raw/keep/run_0
2026-08-28 23:28:42 | configuration dataset=solar L=504 H=168 model=chronos_t5 covariates=none instance_norm=false remove_constant=false seed=1 batch_size=32
[2026-08-28 23:28:45,356][data.dataset][INFO] - dataset config path=/fssmall/home/h61084/codes/datasets/solar/config.json applied_keys=['aggr', 'date_col', 'drop_users']
[2026-08-28 23:28:45,707][evaluation.evaluator][INFO] - skip complete run=/fslarge/scratch/users/h61084/codes/tsfm/outputs_selena/foundation_models/solar/504_168/chronos_t5/none/raw/keep/run_0
2026-08-28 23:28:46 | configuration dataset=solar L=504 H=168 model=ts_icl covariates=none instance_norm=false remove_constant=false seed=1 batch_size=32
[2026-08-28 23:28:48,691][data.dataset][INFO] - dataset config path=/fssmall/home/h61084/codes/datasets/solar/config.json applied_keys=['aggr', 'date_col', 'drop_users']
[2026-08-28 23:28:49,037][evaluation.evaluator][INFO] - skip complete run=/fslarge/scratch/users/h61084/codes/tsfm/outputs_selena/foundation_models/solar/504_168/ts_icl/none/raw/keep/run_0
2026-08-28 23:28:49 | configuration dataset=weather L=336 H=48 model=chronos2 covariates=none instance_norm=false remove_constant=false seed=1 batch_size=64
[2026-08-28 23:28:52,023][data.dataset][INFO] - dataset config path=/fssmall/home/h61084/codes/datasets/weather/config.json applied_keys=['aggr', 'aggr_period', 'date_col', 'drop_users']
[2026-08-28 23:28:52,117][evaluation.evaluator][INFO] - evaluate dataset=weather users=17 dates=8785 windows=289 removed_constant=0 L=336 H=48 stride=512
[2026-08-28 23:29:04,220][evaluation.evaluator][INFO] - artifacts ready run=/fslarge/scratch/users/h61084/codes/tsfm/outputs_selena/foundation_models/weather/336_48/chronos2/none/raw/keep/run_0 mse=11772.4 nmse=1.13489 inference_seconds=0.704
2026-08-28 23:29:05 | configuration dataset=weather L=336 H=48 model=chronos_bolt covariates=none instance_norm=false remove_constant=false seed=1 batch_size=128
[2026-08-28 23:29:07,676][data.dataset][INFO] - dataset config path=/fssmall/home/h61084/codes/datasets/weather/config.json applied_keys=['aggr', 'aggr_period', 'date_col', 'drop_users']
[2026-08-28 23:29:07,760][evaluation.evaluator][INFO] - evaluate dataset=weather users=17 dates=8785 windows=289 removed_constant=0 L=336 H=48 stride=512
[2026-08-28 23:29:14,502][evaluation.evaluator][INFO] - artifacts ready run=/fslarge/scratch/users/h61084/codes/tsfm/outputs_selena/foundation_models/weather/336_48/chronos_bolt/none/raw/keep/run_0 mse=11115.5 nmse=1.18362 inference_seconds=0.294
2026-08-28 23:29:15 | configuration dataset=weather L=336 H=48 model=chronos_t5 covariates=none instance_norm=false remove_constant=false seed=1 batch_size=32
[2026-08-28 23:29:17,923][data.dataset][INFO] - dataset config path=/fssmall/home/h61084/codes/datasets/weather/config.json applied_keys=['aggr', 'aggr_period', 'date_col', 'drop_users']
[2026-08-28 23:29:18,009][evaluation.evaluator][INFO] - evaluate dataset=weather users=17 dates=8785 windows=289 removed_constant=0 L=336 H=48 stride=512
[2026-08-28 23:29:41,891][evaluation.evaluator][INFO] - artifacts ready run=/fslarge/scratch/users/h61084/codes/tsfm/outputs_selena/foundation_models/weather/336_48/chronos_t5/none/raw/keep/run_0 mse=14876.9 nmse=1.28498 inference_seconds=8.277
2026-08-28 23:29:42 | configuration dataset=weather L=336 H=48 model=ts_icl covariates=none instance_norm=false remove_constant=false seed=1 batch_size=32
[2026-08-28 23:29:45,362][data.dataset][INFO] - dataset config path=/fssmall/home/h61084/codes/datasets/weather/config.json applied_keys=['aggr', 'aggr_period', 'date_col', 'drop_users']
[2026-08-28 23:29:45,449][evaluation.evaluator][INFO] - evaluate dataset=weather users=17 dates=8785 windows=289 removed_constant=0 L=336 H=48 stride=512
[2026-08-28 23:29:48,168][evaluation.evaluator][INFO] - artifacts ready run=/fslarge/scratch/users/h61084/codes/tsfm/outputs_selena/foundation_models/weather/336_48/ts_icl/none/raw/keep/run_0 mse=12556.7 nmse=1.12361 inference_seconds=1.741
2026-08-28 23:29:48 | configuration dataset=weather L=504 H=168 model=chronos2 covariates=none instance_norm=false remove_constant=false seed=1 batch_size=64
[2026-08-28 23:29:51,476][data.dataset][INFO] - dataset config path=/fssmall/home/h61084/codes/datasets/weather/config.json applied_keys=['aggr', 'aggr_period', 'date_col', 'drop_users']
[2026-08-28 23:29:51,563][evaluation.evaluator][INFO] - evaluate dataset=weather users=17 dates=8785 windows=272 removed_constant=0 L=504 H=168 stride=512
[2026-08-28 23:29:57,188][evaluation.evaluator][INFO] - artifacts ready run=/fslarge/scratch/users/h61084/codes/tsfm/outputs_selena/foundation_models/weather/504_168/chronos2/none/raw/keep/run_0 mse=8040.71 nmse=1.45514 inference_seconds=0.301
2026-08-28 23:29:58 | configuration dataset=weather L=504 H=168 model=chronos_bolt covariates=none instance_norm=false remove_constant=false seed=1 batch_size=128
[2026-08-28 23:30:00,590][data.dataset][INFO] - dataset config path=/fssmall/home/h61084/codes/datasets/weather/config.json applied_keys=['aggr', 'aggr_period', 'date_col', 'drop_users']
[2026-08-28 23:30:00,677][evaluation.evaluator][INFO] - evaluate dataset=weather users=17 dates=8785 windows=272 removed_constant=0 L=504 H=168 stride=512
[2026-08-28 23:30:07,857][evaluation.evaluator][INFO] - artifacts ready run=/fslarge/scratch/users/h61084/codes/tsfm/outputs_selena/foundation_models/weather/504_168/chronos_bolt/none/raw/keep/run_0 mse=6469.41 nmse=1.48727 inference_seconds=1.611
2026-08-28 23:30:08 | configuration dataset=weather L=504 H=168 model=chronos_t5 covariates=none instance_norm=false remove_constant=false seed=1 batch_size=32
[2026-08-28 23:30:11,323][data.dataset][INFO] - dataset config path=/fssmall/home/h61084/codes/datasets/weather/config.json applied_keys=['aggr', 'aggr_period', 'date_col', 'drop_users']
[2026-08-28 23:30:11,408][evaluation.evaluator][INFO] - evaluate dataset=weather users=17 dates=8785 windows=272 removed_constant=0 L=504 H=168 stride=512
[2026-08-28 23:30:16,918][/fssmall/home/h61084/codes/tsfm/.venv/lib/python3.12/site-packages/chronos/chronos.py][WARNING] - We recommend keeping prediction length <= 64. The quality of longer predictions may degrade since the model is not optimized for it. 
[2026-08-28 23:30:20,735][/fssmall/home/h61084/codes/tsfm/.venv/lib/python3.12/site-packages/chronos/chronos.py][WARNING] - We recommend keeping prediction length <= 64. The quality of longer predictions may degrade since the model is not optimized for it. 
[2026-08-28 23:30:24,283][/fssmall/home/h61084/codes/tsfm/.venv/lib/python3.12/site-packages/chronos/chronos.py][WARNING] - We recommend keeping prediction length <= 64. The quality of longer predictions may degrade since the model is not optimized for it. 
[2026-08-28 23:30:27,834][/fssmall/home/h61084/codes/tsfm/.venv/lib/python3.12/site-packages/chronos/chronos.py][WARNING] - We recommend keeping prediction length <= 64. The quality of longer predictions may degrade since the model is not optimized for it. 
[2026-08-28 23:30:31,387][/fssmall/home/h61084/codes/tsfm/.venv/lib/python3.12/site-packages/chronos/chronos.py][WARNING] - We recommend keeping prediction length <= 64. The quality of longer predictions may degrade since the model is not optimized for it. 
[2026-08-28 23:30:34,941][/fssmall/home/h61084/codes/tsfm/.venv/lib/python3.12/site-packages/chronos/chronos.py][WARNING] - We recommend keeping prediction length <= 64. The quality of longer predictions may degrade since the model is not optimized for it. 
[2026-08-28 23:30:38,490][/fssmall/home/h61084/codes/tsfm/.venv/lib/python3.12/site-packages/chronos/chronos.py][WARNING] - We recommend keeping prediction length <= 64. The quality of longer predictions may degrade since the model is not optimized for it. 
[2026-08-28 23:30:42,041][/fssmall/home/h61084/codes/tsfm/.venv/lib/python3.12/site-packages/chronos/chronos.py][WARNING] - We recommend keeping prediction length <= 64. The quality of longer predictions may degrade since the model is not optimized for it. 
[2026-08-28 23:30:45,593][/fssmall/home/h61084/codes/tsfm/.venv/lib/python3.12/site-packages/chronos/chronos.py][WARNING] - We recommend keeping prediction length <= 64. The quality of longer predictions may degrade since the model is not optimized for it. 
[2026-08-28 23:30:47,805][evaluation.evaluator][INFO] - artifacts ready run=/fslarge/scratch/users/h61084/codes/tsfm/outputs_selena/foundation_models/weather/504_168/chronos_t5/none/raw/keep/run_0 mse=7423.41 nmse=1.57716 inference_seconds=30.851
2026-08-28 23:30:48 | configuration dataset=weather L=504 H=168 model=ts_icl covariates=none instance_norm=false remove_constant=false seed=1 batch_size=32
[2026-08-28 23:30:51,274][data.dataset][INFO] - dataset config path=/fssmall/home/h61084/codes/datasets/weather/config.json applied_keys=['aggr', 'aggr_period', 'date_col', 'drop_users']
[2026-08-28 23:30:51,360][evaluation.evaluator][INFO] - evaluate dataset=weather users=17 dates=8785 windows=272 removed_constant=0 L=504 H=168 stride=512
[2026-08-28 23:30:54,092][evaluation.evaluator][INFO] - artifacts ready run=/fslarge/scratch/users/h61084/codes/tsfm/outputs_selena/foundation_models/weather/504_168/ts_icl/none/raw/keep/run_0 mse=7449.11 nmse=1.4368 inference_seconds=1.888
2026-08-28 23:30:54 | configuration dataset=exchange_rate L=14 H=2 model=chronos2 covariates=none instance_norm=false remove_constant=false seed=1 batch_size=64
[2026-08-28 23:30:57,380][data.dataset][INFO] - dataset config path=/fssmall/home/h61084/codes/datasets/exchange_rate/config.json applied_keys=['date_col', 'drop_users']
[2026-08-28 23:30:57,406][evaluation.evaluator][INFO] - evaluate dataset=exchange_rate users=8 dates=7588 windows=120 removed_constant=0 L=14 H=2 stride=512
[2026-08-28 23:31:02,994][evaluation.evaluator][INFO] - artifacts ready run=/fslarge/scratch/users/h61084/codes/tsfm/outputs_selena/foundation_models/exchange_rate/14_2/chronos2/none/raw/keep/run_0 mse=4.45247e-05 nmse=2.60643 inference_seconds=0.211
2026-08-28 23:31:03 | configuration dataset=exchange_rate L=14 H=2 model=chronos_bolt covariates=none instance_norm=false remove_constant=false seed=1 batch_size=128
[2026-08-28 23:31:06,475][data.dataset][INFO] - dataset config path=/fssmall/home/h61084/codes/datasets/exchange_rate/config.json applied_keys=['date_col', 'drop_users']
[2026-08-28 23:31:06,498][evaluation.evaluator][INFO] - evaluate dataset=exchange_rate users=8 dates=7588 windows=120 removed_constant=0 L=14 H=2 stride=512
[2026-08-28 23:31:12,222][evaluation.evaluator][INFO] - artifacts ready run=/fslarge/scratch/users/h61084/codes/tsfm/outputs_selena/foundation_models/exchange_rate/14_2/chronos_bolt/none/raw/keep/run_0 mse=4.35327e-05 nmse=2.70074 inference_seconds=0.203
2026-08-28 23:31:13 | configuration dataset=exchange_rate L=14 H=2 model=chronos_t5 covariates=none instance_norm=false remove_constant=false seed=1 batch_size=32
[2026-08-28 23:31:15,637][data.dataset][INFO] - dataset config path=/fssmall/home/h61084/codes/datasets/exchange_rate/config.json applied_keys=['date_col', 'drop_users']
[2026-08-28 23:31:15,660][evaluation.evaluator][INFO] - evaluate dataset=exchange_rate users=8 dates=7588 windows=120 removed_constant=0 L=14 H=2 stride=512
[2026-08-28 23:31:21,564][evaluation.evaluator][INFO] - artifacts ready run=/fslarge/scratch/users/h61084/codes/tsfm/outputs_selena/foundation_models/exchange_rate/14_2/chronos_t5/none/raw/keep/run_0 mse=5.25371e-05 nmse=4.23598e+07 inference_seconds=0.418
2026-08-28 23:31:22 | configuration dataset=exchange_rate L=14 H=2 model=ts_icl covariates=none instance_norm=false remove_constant=false seed=1 batch_size=32
[2026-08-28 23:31:25,001][data.dataset][INFO] - dataset config path=/fssmall/home/h61084/codes/datasets/exchange_rate/config.json applied_keys=['date_col', 'drop_users']
[2026-08-28 23:31:25,025][evaluation.evaluator][INFO] - evaluate dataset=exchange_rate users=8 dates=7588 windows=120 removed_constant=0 L=14 H=2 stride=512
[2026-08-28 23:31:27,207][evaluation.evaluator][INFO] - artifacts ready run=/fslarge/scratch/users/h61084/codes/tsfm/outputs_selena/foundation_models/exchange_rate/14_2/ts_icl/none/raw/keep/run_0 mse=5.71139e-05 nmse=3.41768 inference_seconds=1.341
2026-08-28 23:31:27 | configuration dataset=exchange_rate L=30 H=7 model=chronos2 covariates=none instance_norm=false remove_constant=false seed=1 batch_size=64
[2026-08-28 23:31:30,572][data.dataset][INFO] - dataset config path=/fssmall/home/h61084/codes/datasets/exchange_rate/config.json applied_keys=['date_col', 'drop_users']
[2026-08-28 23:31:30,596][evaluation.evaluator][INFO] - evaluate dataset=exchange_rate users=8 dates=7588 windows=120 removed_constant=0 L=30 H=7 stride=512
[2026-08-28 23:31:36,141][evaluation.evaluator][INFO] - artifacts ready run=/fslarge/scratch/users/h61084/codes/tsfm/outputs_selena/foundation_models/exchange_rate/30_7/chronos2/none/raw/keep/run_0 mse=9.06601e-05 nmse=51.7314 inference_seconds=0.213
2026-08-28 23:31:37 | configuration dataset=exchange_rate L=30 H=7 model=chronos_bolt covariates=none instance_norm=false remove_constant=false seed=1 batch_size=128
[2026-08-28 23:31:39,584][data.dataset][INFO] - dataset config path=/fssmall/home/h61084/codes/datasets/exchange_rate/config.json applied_keys=['date_col', 'drop_users']
[2026-08-28 23:31:39,607][evaluation.evaluator][INFO] - evaluate dataset=exchange_rate users=8 dates=7588 windows=120 removed_constant=0 L=30 H=7 stride=512
[2026-08-28 23:31:45,352][evaluation.evaluator][INFO] - artifacts ready run=/fslarge/scratch/users/h61084/codes/tsfm/outputs_selena/foundation_models/exchange_rate/30_7/chronos_bolt/none/raw/keep/run_0 mse=8.93844e-05 nmse=52.3456 inference_seconds=0.201
2026-08-28 23:31:46 | configuration dataset=exchange_rate L=30 H=7 model=chronos_t5 covariates=none instance_norm=false remove_constant=false seed=1 batch_size=32
[2026-08-28 23:31:48,821][data.dataset][INFO] - dataset config path=/fssmall/home/h61084/codes/datasets/exchange_rate/config.json applied_keys=['date_col', 'drop_users']
[2026-08-28 23:31:48,844][evaluation.evaluator][INFO] - evaluate dataset=exchange_rate users=8 dates=7588 windows=120 removed_constant=0 L=30 H=7 stride=512
[2026-08-28 23:31:54,964][evaluation.evaluator][INFO] - artifacts ready run=/fslarge/scratch/users/h61084/codes/tsfm/outputs_selena/foundation_models/exchange_rate/30_7/chronos_t5/none/raw/keep/run_0 mse=8.79774e-05 nmse=4.23553e+07 inference_seconds=0.638
2026-08-28 23:31:55 | configuration dataset=exchange_rate L=30 H=7 model=ts_icl covariates=none instance_norm=false remove_constant=false seed=1 batch_size=32
[2026-08-28 23:31:58,439][data.dataset][INFO] - dataset config path=/fssmall/home/h61084/codes/datasets/exchange_rate/config.json applied_keys=['date_col', 'drop_users']
[2026-08-28 23:31:58,463][evaluation.evaluator][INFO] - evaluate dataset=exchange_rate users=8 dates=7588 windows=120 removed_constant=0 L=30 H=7 stride=512
[2026-08-28 23:32:00,663][evaluation.evaluator][INFO] - artifacts ready run=/fslarge/scratch/users/h61084/codes/tsfm/outputs_selena/foundation_models/exchange_rate/30_7/ts_icl/none/raw/keep/run_0 mse=9.65043e-05 nmse=51.883 inference_seconds=1.341
2026-08-28 23:32:01 | configuration dataset=time/cphl_h_part01 L=336 H=48 model=chronos2 covariates=none instance_norm=false remove_constant=false seed=1 batch_size=64
[2026-08-28 23:32:03,959][data.dataset][INFO] - dataset config path=/fssmall/home/h61084/codes/datasets/time/cphl_h_part01/config.json applied_keys=['date_col', 'drop_users', 'target_cols']
[2026-08-28 23:32:03,981][evaluation.evaluator][INFO] - evaluate dataset=time/cphl_h_part01 users=1 dates=2708 windows=5 removed_constant=0 L=336 H=48 stride=512
[2026-08-28 23:32:09,492][evaluation.evaluator][INFO] - artifacts ready run=/fslarge/scratch/users/h61084/codes/tsfm/outputs_selena/foundation_models/time-cphl_h_part01/336_48/chronos2/none/raw/keep/run_0 mse=0.0207934 nmse=0.564626 inference_seconds=0.202
2026-08-28 23:32:10 | configuration dataset=time/cphl_h_part01 L=336 H=48 model=chronos_bolt covariates=none instance_norm=false remove_constant=false seed=1 batch_size=128
[2026-08-28 23:32:12,988][data.dataset][INFO] - dataset config path=/fssmall/home/h61084/codes/datasets/time/cphl_h_part01/config.json applied_keys=['date_col', 'drop_users', 'target_cols']
[2026-08-28 23:32:13,007][evaluation.evaluator][INFO] - evaluate dataset=time/cphl_h_part01 users=1 dates=2708 windows=5 removed_constant=0 L=336 H=48 stride=512
[2026-08-28 23:32:18,709][evaluation.evaluator][INFO] - artifacts ready run=/fslarge/scratch/users/h61084/codes/tsfm/outputs_selena/foundation_models/time-cphl_h_part01/336_48/chronos_bolt/none/raw/keep/run_0 mse=0.0208735 nmse=0.615532 inference_seconds=0.203
2026-08-28 23:32:19 | configuration dataset=time/cphl_h_part01 L=336 H=48 model=chronos_t5 covariates=none instance_norm=false remove_constant=false seed=1 batch_size=32
[2026-08-28 23:32:22,191][data.dataset][INFO] - dataset config path=/fssmall/home/h61084/codes/datasets/time/cphl_h_part01/config.json applied_keys=['date_col', 'drop_users', 'target_cols']
[2026-08-28 23:32:22,210][evaluation.evaluator][INFO] - evaluate dataset=time/cphl_h_part01 users=1 dates=2708 windows=5 removed_constant=0 L=336 H=48 stride=512
[2026-08-28 23:32:28,466][evaluation.evaluator][INFO] - artifacts ready run=/fslarge/scratch/users/h61084/codes/tsfm/outputs_selena/foundation_models/time-cphl_h_part01/336_48/chronos_t5/none/raw/keep/run_0 mse=0.0182288 nmse=0.523047 inference_seconds=0.793
2026-08-28 23:32:29 | configuration dataset=time/cphl_h_part01 L=336 H=48 model=ts_icl covariates=none instance_norm=false remove_constant=false seed=1 batch_size=32
[2026-08-28 23:32:31,926][data.dataset][INFO] - dataset config path=/fssmall/home/h61084/codes/datasets/time/cphl_h_part01/config.json applied_keys=['date_col', 'drop_users', 'target_cols']
[2026-08-28 23:32:31,944][evaluation.evaluator][INFO] - evaluate dataset=time/cphl_h_part01 users=1 dates=2708 windows=5 removed_constant=0 L=336 H=48 stride=512
[2026-08-28 23:32:34,004][evaluation.evaluator][INFO] - artifacts ready run=/fslarge/scratch/users/h61084/codes/tsfm/outputs_selena/foundation_models/time-cphl_h_part01/336_48/ts_icl/none/raw/keep/run_0 mse=0.0185096 nmse=0.608098 inference_seconds=1.215
2026-08-28 23:32:34 | configuration dataset=time/cphl_h_part01 L=504 H=168 model=chronos2 covariates=none instance_norm=false remove_constant=false seed=1 batch_size=64
[2026-08-28 23:32:37,310][data.dataset][INFO] - dataset config path=/fssmall/home/h61084/codes/datasets/time/cphl_h_part01/config.json applied_keys=['date_col', 'drop_users', 'target_cols']
[2026-08-28 23:32:37,328][evaluation.evaluator][INFO] - evaluate dataset=time/cphl_h_part01 users=1 dates=2708 windows=4 removed_constant=0 L=504 H=168 stride=512
[2026-08-28 23:32:42,884][evaluation.evaluator][INFO] - artifacts ready run=/fslarge/scratch/users/h61084/codes/tsfm/outputs_selena/foundation_models/time-cphl_h_part01/504_168/chronos2/none/raw/keep/run_0 mse=0.0493165 nmse=2.23909 inference_seconds=0.193
2026-08-28 23:32:43 | configuration dataset=time/cphl_h_part01 L=504 H=168 model=chronos_bolt covariates=none instance_norm=false remove_constant=false seed=1 batch_size=128
[2026-08-28 23:32:46,352][data.dataset][INFO] - dataset config path=/fssmall/home/h61084/codes/datasets/time/cphl_h_part01/config.json applied_keys=['date_col', 'drop_users', 'target_cols']
[2026-08-28 23:32:46,370][evaluation.evaluator][INFO] - evaluate dataset=time/cphl_h_part01 users=1 dates=2708 windows=4 removed_constant=0 L=504 H=168 stride=512
[2026-08-28 23:32:52,122][evaluation.evaluator][INFO] - artifacts ready run=/fslarge/scratch/users/h61084/codes/tsfm/outputs_selena/foundation_models/time-cphl_h_part01/504_168/chronos_bolt/none/raw/keep/run_0 mse=0.0503473 nmse=2.14025 inference_seconds=0.264
2026-08-28 23:32:53 | configuration dataset=time/cphl_h_part01 L=504 H=168 model=chronos_t5 covariates=none instance_norm=false remove_constant=false seed=1 batch_size=32
[2026-08-28 23:32:55,606][data.dataset][INFO] - dataset config path=/fssmall/home/h61084/codes/datasets/time/cphl_h_part01/config.json applied_keys=['date_col', 'drop_users', 'target_cols']
[2026-08-28 23:32:55,625][evaluation.evaluator][INFO] - evaluate dataset=time/cphl_h_part01 users=1 dates=2708 windows=4 removed_constant=0 L=504 H=168 stride=512
[2026-08-28 23:33:01,111][/fssmall/home/h61084/codes/tsfm/.venv/lib/python3.12/site-packages/chronos/chronos.py][WARNING] - We recommend keeping prediction length <= 64. The quality of longer predictions may degrade since the model is not optimized for it. 
[2026-08-28 23:33:03,190][evaluation.evaluator][INFO] - artifacts ready run=/fslarge/scratch/users/h61084/codes/tsfm/outputs_selena/foundation_models/time-cphl_h_part01/504_168/chronos_t5/none/raw/keep/run_0 mse=0.0479512 nmse=2.24247 inference_seconds=2.059
2026-08-28 23:33:04 | configuration dataset=time/cphl_h_part01 L=504 H=168 model=ts_icl covariates=none instance_norm=false remove_constant=false seed=1 batch_size=32
[2026-08-28 23:33:06,713][data.dataset][INFO] - dataset config path=/fssmall/home/h61084/codes/datasets/time/cphl_h_part01/config.json applied_keys=['date_col', 'drop_users', 'target_cols']
[2026-08-28 23:33:06,733][evaluation.evaluator][INFO] - evaluate dataset=time/cphl_h_part01 users=1 dates=2708 windows=4 removed_constant=0 L=504 H=168 stride=512
[2026-08-28 23:33:08,814][evaluation.evaluator][INFO] - artifacts ready run=/fslarge/scratch/users/h61084/codes/tsfm/outputs_selena/foundation_models/time-cphl_h_part01/504_168/ts_icl/none/raw/keep/run_0 mse=0.0433733 nmse=1.92889 inference_seconds=1.240
2026-08-28 23:33:09 | configuration dataset=time/cphl_h_part02 L=336 H=48 model=chronos2 covariates=none instance_norm=false remove_constant=false seed=1 batch_size=64
[2026-08-28 23:33:12,145][data.dataset][INFO] - dataset config path=/fssmall/home/h61084/codes/datasets/time/cphl_h_part02/config.json applied_keys=['date_col', 'drop_users', 'target_cols']
[2026-08-28 23:33:12,165][evaluation.evaluator][INFO] - evaluate dataset=time/cphl_h_part02 users=1 dates=2490 windows=5 removed_constant=0 L=336 H=48 stride=512
[2026-08-28 23:33:18,250][evaluation.evaluator][INFO] - artifacts ready run=/fslarge/scratch/users/h61084/codes/tsfm/outputs_selena/foundation_models/time-cphl_h_part02/336_48/chronos2/none/raw/keep/run_0 mse=0.116966 nmse=1.00613 inference_seconds=0.195
2026-08-28 23:33:19 | configuration dataset=time/cphl_h_part02 L=336 H=48 model=chronos_bolt covariates=none instance_norm=false remove_constant=false seed=1 batch_size=128
[2026-08-28 23:33:21,780][data.dataset][INFO] - dataset config path=/fssmall/home/h61084/codes/datasets/time/cphl_h_part02/config.json applied_keys=['date_col', 'drop_users', 'target_cols']
[2026-08-28 23:33:21,799][evaluation.evaluator][INFO] - evaluate dataset=time/cphl_h_part02 users=1 dates=2490 windows=5 removed_constant=0 L=336 H=48 stride=512
[2026-08-28 23:33:28,370][evaluation.evaluator][INFO] - artifacts ready run=/fslarge/scratch/users/h61084/codes/tsfm/outputs_selena/foundation_models/time-cphl_h_part02/336_48/chronos_bolt/none/raw/keep/run_0 mse=0.1267 nmse=0.98861 inference_seconds=0.192
2026-08-28 23:33:29 | configuration dataset=time/cphl_h_part02 L=336 H=48 model=chronos_t5 covariates=none instance_norm=false remove_constant=false seed=1 batch_size=32
[2026-08-28 23:33:31,876][data.dataset][INFO] - dataset config path=/fssmall/home/h61084/codes/datasets/time/cphl_h_part02/config.json applied_keys=['date_col', 'drop_users', 'target_cols']
[2026-08-28 23:33:31,895][evaluation.evaluator][INFO] - evaluate dataset=time/cphl_h_part02 users=1 dates=2490 windows=5 removed_constant=0 L=336 H=48 stride=512
[2026-08-28 23:33:38,163][evaluation.evaluator][INFO] - artifacts ready run=/fslarge/scratch/users/h61084/codes/tsfm/outputs_selena/foundation_models/time-cphl_h_part02/336_48/chronos_t5/none/raw/keep/run_0 mse=0.125337 nmse=0.909021 inference_seconds=0.792
2026-08-28 23:33:39 | configuration dataset=time/cphl_h_part02 L=336 H=48 model=ts_icl covariates=none instance_norm=false remove_constant=false seed=1 batch_size=32
[2026-08-28 23:33:41,659][data.dataset][INFO] - dataset config path=/fssmall/home/h61084/codes/datasets/time/cphl_h_part02/config.json applied_keys=['date_col', 'drop_users', 'target_cols']
[2026-08-28 23:33:41,677][evaluation.evaluator][INFO] - evaluate dataset=time/cphl_h_part02 users=1 dates=2490 windows=5 removed_constant=0 L=336 H=48 stride=512
[2026-08-28 23:33:43,767][evaluation.evaluator][INFO] - artifacts ready run=/fslarge/scratch/users/h61084/codes/tsfm/outputs_selena/foundation_models/time-cphl_h_part02/336_48/ts_icl/none/raw/keep/run_0 mse=0.138856 nmse=1.05703 inference_seconds=1.241
2026-08-28 23:33:44 | configuration dataset=time/cphl_h_part02 L=504 H=168 model=chronos2 covariates=none instance_norm=false remove_constant=false seed=1 batch_size=64
[2026-08-28 23:33:47,089][data.dataset][INFO] - dataset config path=/fssmall/home/h61084/codes/datasets/time/cphl_h_part02/config.json applied_keys=['date_col', 'drop_users', 'target_cols']
[2026-08-28 23:33:47,108][evaluation.evaluator][INFO] - evaluate dataset=time/cphl_h_part02 users=1 dates=2490 windows=4 removed_constant=0 L=504 H=168 stride=512
[2026-08-28 23:33:52,638][evaluation.evaluator][INFO] - artifacts ready run=/fslarge/scratch/users/h61084/codes/tsfm/outputs_selena/foundation_models/time-cphl_h_part02/504_168/chronos2/none/raw/keep/run_0 mse=0.207028 nmse=3.17131 inference_seconds=0.191
2026-08-28 23:33:53 | configuration dataset=time/cphl_h_part02 L=504 H=168 model=chronos_bolt covariates=none instance_norm=false remove_constant=false seed=1 batch_size=128
[2026-08-28 23:33:56,155][data.dataset][INFO] - dataset config path=/fssmall/home/h61084/codes/datasets/time/cphl_h_part02/config.json applied_keys=['date_col', 'drop_users', 'target_cols']
[2026-08-28 23:33:56,173][evaluation.evaluator][INFO] - evaluate dataset=time/cphl_h_part02 users=1 dates=2490 windows=4 removed_constant=0 L=504 H=168 stride=512
[2026-08-28 23:34:01,911][evaluation.evaluator][INFO] - artifacts ready run=/fslarge/scratch/users/h61084/codes/tsfm/outputs_selena/foundation_models/time-cphl_h_part02/504_168/chronos_bolt/none/raw/keep/run_0 mse=0.238606 nmse=3.63622 inference_seconds=0.269
2026-08-28 23:34:02 | configuration dataset=time/cphl_h_part02 L=504 H=168 model=chronos_t5 covariates=none instance_norm=false remove_constant=false seed=1 batch_size=32
[2026-08-28 23:34:05,439][data.dataset][INFO] - dataset config path=/fssmall/home/h61084/codes/datasets/time/cphl_h_part02/config.json applied_keys=['date_col', 'drop_users', 'target_cols']
[2026-08-28 23:34:05,457][evaluation.evaluator][INFO] - evaluate dataset=time/cphl_h_part02 users=1 dates=2490 windows=4 removed_constant=0 L=504 H=168 stride=512
[2026-08-28 23:34:10,934][/fssmall/home/h61084/codes/tsfm/.venv/lib/python3.12/site-packages/chronos/chronos.py][WARNING] - We recommend keeping prediction length <= 64. The quality of longer predictions may degrade since the model is not optimized for it. 
[2026-08-28 23:34:13,008][evaluation.evaluator][INFO] - artifacts ready run=/fslarge/scratch/users/h61084/codes/tsfm/outputs_selena/foundation_models/time-cphl_h_part02/504_168/chronos_t5/none/raw/keep/run_0 mse=0.270362 nmse=4.02742 inference_seconds=2.054
2026-08-28 23:34:14 | configuration dataset=time/cphl_h_part02 L=504 H=168 model=ts_icl covariates=none instance_norm=false remove_constant=false seed=1 batch_size=32
[2026-08-28 23:34:16,545][data.dataset][INFO] - dataset config path=/fssmall/home/h61084/codes/datasets/time/cphl_h_part02/config.json applied_keys=['date_col', 'drop_users', 'target_cols']
[2026-08-28 23:34:16,564][evaluation.evaluator][INFO] - evaluate dataset=time/cphl_h_part02 users=1 dates=2490 windows=4 removed_constant=0 L=504 H=168 stride=512
[2026-08-28 23:34:18,642][evaluation.evaluator][INFO] - artifacts ready run=/fslarge/scratch/users/h61084/codes/tsfm/outputs_selena/foundation_models/time-cphl_h_part02/504_168/ts_icl/none/raw/keep/run_0 mse=0.216028 nmse=3.28061 inference_seconds=1.239
2026-08-28 23:34:19 | configuration dataset=time/coastal_t_s_h_part01 L=336 H=48 model=chronos2 covariates=none instance_norm=false remove_constant=false seed=1 batch_size=64
[2026-08-28 23:34:22,001][data.dataset][INFO] - dataset config path=/fssmall/home/h61084/codes/datasets/time/coastal_t_s_h_part01/config.json applied_keys=['date_col', 'drop_users', 'target_cols']
[2026-08-28 23:34:22,026][evaluation.evaluator][INFO] - evaluate dataset=time/coastal_t_s_h_part01 users=3 dates=8524 windows=48 removed_constant=0 L=336 H=48 stride=512
[2026-08-28 23:34:27,594][evaluation.evaluator][INFO] - artifacts ready run=/fslarge/scratch/users/h61084/codes/tsfm/outputs_selena/foundation_models/time-coastal_t_s_h_part01/336_48/chronos2/none/raw/keep/run_0 mse=59.7028 nmse=1.28071 inference_seconds=0.198
2026-08-28 23:34:28 | configuration dataset=time/coastal_t_s_h_part01 L=336 H=48 model=chronos_bolt covariates=none instance_norm=false remove_constant=false seed=1 batch_size=128
[2026-08-28 23:34:31,090][data.dataset][INFO] - dataset config path=/fssmall/home/h61084/codes/datasets/time/coastal_t_s_h_part01/config.json applied_keys=['date_col', 'drop_users', 'target_cols']
[2026-08-28 23:34:31,112][evaluation.evaluator][INFO] - evaluate dataset=time/coastal_t_s_h_part01 users=3 dates=8524 windows=48 removed_constant=0 L=336 H=48 stride=512
[2026-08-28 23:34:36,818][evaluation.evaluator][INFO] - artifacts ready run=/fslarge/scratch/users/h61084/codes/tsfm/outputs_selena/foundation_models/time-coastal_t_s_h_part01/336_48/chronos_bolt/none/raw/keep/run_0 mse=65.1471 nmse=1.59532 inference_seconds=0.205
2026-08-28 23:34:37 | configuration dataset=time/coastal_t_s_h_part01 L=336 H=48 model=chronos_t5 covariates=none instance_norm=false remove_constant=false seed=1 batch_size=32
[2026-08-28 23:34:40,342][data.dataset][INFO] - dataset config path=/fssmall/home/h61084/codes/datasets/time/coastal_t_s_h_part01/config.json applied_keys=['date_col', 'drop_users', 'target_cols']
[2026-08-28 23:34:40,364][evaluation.evaluator][INFO] - evaluate dataset=time/coastal_t_s_h_part01 users=3 dates=8524 windows=48 removed_constant=0 L=336 H=48 stride=512
[2026-08-28 23:34:47,469][evaluation.evaluator][INFO] - artifacts ready run=/fslarge/scratch/users/h61084/codes/tsfm/outputs_selena/foundation_models/time-coastal_t_s_h_part01/336_48/chronos_t5/none/raw/keep/run_0 mse=65.5558 nmse=4.98836 inference_seconds=1.625
2026-08-28 23:34:48 | configuration dataset=time/coastal_t_s_h_part01 L=336 H=48 model=ts_icl covariates=none instance_norm=false remove_constant=false seed=1 batch_size=32
[2026-08-28 23:34:51,012][data.dataset][INFO] - dataset config path=/fssmall/home/h61084/codes/datasets/time/coastal_t_s_h_part01/config.json applied_keys=['date_col', 'drop_users', 'target_cols']
[2026-08-28 23:34:51,036][evaluation.evaluator][INFO] - evaluate dataset=time/coastal_t_s_h_part01 users=3 dates=8524 windows=48 removed_constant=0 L=336 H=48 stride=512
[2026-08-28 23:34:53,191][evaluation.evaluator][INFO] - artifacts ready run=/fslarge/scratch/users/h61084/codes/tsfm/outputs_selena/foundation_models/time-coastal_t_s_h_part01/336_48/ts_icl/none/raw/keep/run_0 mse=55.9359 nmse=1.15673 inference_seconds=1.324
2026-08-28 23:34:54 | configuration dataset=time/coastal_t_s_h_part01 L=504 H=168 model=chronos2 covariates=none instance_norm=false remove_constant=false seed=1 batch_size=64
[2026-08-28 23:34:56,565][data.dataset][INFO] - dataset config path=/fssmall/home/h61084/codes/datasets/time/coastal_t_s_h_part01/config.json applied_keys=['date_col', 'drop_users', 'target_cols']
[2026-08-28 23:34:56,588][evaluation.evaluator][INFO] - evaluate dataset=time/coastal_t_s_h_part01 users=3 dates=8524 windows=48 removed_constant=0 L=504 H=168 stride=512
[2026-08-28 23:35:02,191][evaluation.evaluator][INFO] - artifacts ready run=/fslarge/scratch/users/h61084/codes/tsfm/outputs_selena/foundation_models/time-coastal_t_s_h_part01/504_168/chronos2/none/raw/keep/run_0 mse=205.227 nmse=12.0411 inference_seconds=0.200
2026-08-28 23:35:03 | configuration dataset=time/coastal_t_s_h_part01 L=504 H=168 model=chronos_bolt covariates=none instance_norm=false remove_constant=false seed=1 batch_size=128
[2026-08-28 23:35:05,716][data.dataset][INFO] - dataset config path=/fssmall/home/h61084/codes/datasets/time/coastal_t_s_h_part01/config.json applied_keys=['date_col', 'drop_users', 'target_cols']
[2026-08-28 23:35:05,739][evaluation.evaluator][INFO] - evaluate dataset=time/coastal_t_s_h_part01 users=3 dates=8524 windows=48 removed_constant=0 L=504 H=168 stride=512
[2026-08-28 23:35:11,712][evaluation.evaluator][INFO] - artifacts ready run=/fslarge/scratch/users/h61084/codes/tsfm/outputs_selena/foundation_models/time-coastal_t_s_h_part01/504_168/chronos_bolt/none/raw/keep/run_0 mse=201.745 nmse=11.5344 inference_seconds=0.450
2026-08-28 23:35:12 | configuration dataset=time/coastal_t_s_h_part01 L=504 H=168 model=chronos_t5 covariates=none instance_norm=false remove_constant=false seed=1 batch_size=32
[2026-08-28 23:35:15,261][data.dataset][INFO] - dataset config path=/fssmall/home/h61084/codes/datasets/time/coastal_t_s_h_part01/config.json applied_keys=['date_col', 'drop_users', 'target_cols']
[2026-08-28 23:35:15,283][evaluation.evaluator][INFO] - evaluate dataset=time/coastal_t_s_h_part01 users=3 dates=8524 windows=48 removed_constant=0 L=504 H=168 stride=512
[2026-08-28 23:35:20,854][/fssmall/home/h61084/codes/tsfm/.venv/lib/python3.12/site-packages/chronos/chronos.py][WARNING] - We recommend keeping prediction length <= 64. The quality of longer predictions may degrade since the model is not optimized for it. 
[2026-08-28 23:35:24,666][/fssmall/home/h61084/codes/tsfm/.venv/lib/python3.12/site-packages/chronos/chronos.py][WARNING] - We recommend keeping prediction length <= 64. The quality of longer predictions may degrade since the model is not optimized for it. 
[2026-08-28 23:35:26,863][evaluation.evaluator][INFO] - artifacts ready run=/fslarge/scratch/users/h61084/codes/tsfm/outputs_selena/foundation_models/time-coastal_t_s_h_part01/504_168/chronos_t5/none/raw/keep/run_0 mse=209.114 nmse=13.6382 inference_seconds=5.986
2026-08-28 23:35:27 | configuration dataset=time/coastal_t_s_h_part01 L=504 H=168 model=ts_icl covariates=none instance_norm=false remove_constant=false seed=1 batch_size=32
[2026-08-28 23:35:30,426][data.dataset][INFO] - dataset config path=/fssmall/home/h61084/codes/datasets/time/coastal_t_s_h_part01/config.json applied_keys=['date_col', 'drop_users', 'target_cols']
[2026-08-28 23:35:30,449][evaluation.evaluator][INFO] - evaluate dataset=time/coastal_t_s_h_part01 users=3 dates=8524 windows=48 removed_constant=0 L=504 H=168 stride=512
[2026-08-28 23:35:32,660][evaluation.evaluator][INFO] - artifacts ready run=/fslarge/scratch/users/h61084/codes/tsfm/outputs_selena/foundation_models/time-coastal_t_s_h_part01/504_168/ts_icl/none/raw/keep/run_0 mse=222.163 nmse=11.8453 inference_seconds=1.369
2026-08-28 23:35:33 | configuration dataset=time/coastal_t_s_h_part02 L=336 H=48 model=chronos2 covariates=none instance_norm=false remove_constant=false seed=1 batch_size=64
[2026-08-28 23:35:36,034][data.dataset][INFO] - dataset config path=/fssmall/home/h61084/codes/datasets/time/coastal_t_s_h_part02/config.json applied_keys=['date_col', 'drop_users', 'target_cols']
[2026-08-28 23:35:36,054][evaluation.evaluator][INFO] - evaluate dataset=time/coastal_t_s_h_part02 users=3 dates=3771 windows=21 removed_constant=0 L=336 H=48 stride=512
[2026-08-28 23:35:41,591][evaluation.evaluator][INFO] - artifacts ready run=/fslarge/scratch/users/h61084/codes/tsfm/outputs_selena/foundation_models/time-coastal_t_s_h_part02/336_48/chronos2/none/raw/keep/run_0 mse=7.01286 nmse=1.90848 inference_seconds=0.196
2026-08-28 23:35:42 | configuration dataset=time/coastal_t_s_h_part02 L=336 H=48 model=chronos_bolt covariates=none instance_norm=false remove_constant=false seed=1 batch_size=128
[2026-08-28 23:35:45,131][data.dataset][INFO] - dataset config path=/fssmall/home/h61084/codes/datasets/time/coastal_t_s_h_part02/config.json applied_keys=['date_col', 'drop_users', 'target_cols']
[2026-08-28 23:35:45,151][evaluation.evaluator][INFO] - evaluate dataset=time/coastal_t_s_h_part02 users=3 dates=3771 windows=21 removed_constant=0 L=336 H=48 stride=512
[2026-08-28 23:35:50,856][evaluation.evaluator][INFO] - artifacts ready run=/fslarge/scratch/users/h61084/codes/tsfm/outputs_selena/foundation_models/time-coastal_t_s_h_part02/336_48/chronos_bolt/none/raw/keep/run_0 mse=7.30073 nmse=2.22602 inference_seconds=0.202
2026-08-28 23:35:51 | configuration dataset=time/coastal_t_s_h_part02 L=336 H=48 model=chronos_t5 covariates=none instance_norm=false remove_constant=false seed=1 batch_size=32
[2026-08-28 23:35:54,404][data.dataset][INFO] - dataset config path=/fssmall/home/h61084/codes/datasets/time/coastal_t_s_h_part02/config.json applied_keys=['date_col', 'drop_users', 'target_cols']
[2026-08-28 23:35:54,423][evaluation.evaluator][INFO] - evaluate dataset=time/coastal_t_s_h_part02 users=3 dates=3771 windows=21 removed_constant=0 L=336 H=48 stride=512
[2026-08-28 23:36:00,759][evaluation.evaluator][INFO] - artifacts ready run=/fslarge/scratch/users/h61084/codes/tsfm/outputs_selena/foundation_models/time-coastal_t_s_h_part02/336_48/chronos_t5/none/raw/keep/run_0 mse=6.58847 nmse=10.9746 inference_seconds=0.890
2026-08-28 23:36:01 | configuration dataset=time/coastal_t_s_h_part02 L=336 H=48 model=ts_icl covariates=none instance_norm=false remove_constant=false seed=1 batch_size=32
[2026-08-28 23:36:04,291][data.dataset][INFO] - dataset config path=/fssmall/home/h61084/codes/datasets/time/coastal_t_s_h_part02/config.json applied_keys=['date_col', 'drop_users', 'target_cols']
[2026-08-28 23:36:04,310][evaluation.evaluator][INFO] - evaluate dataset=time/coastal_t_s_h_part02 users=3 dates=3771 windows=21 removed_constant=0 L=336 H=48 stride=512
[2026-08-28 23:36:06,402][evaluation.evaluator][INFO] - artifacts ready run=/fslarge/scratch/users/h61084/codes/tsfm/outputs_selena/foundation_models/time-coastal_t_s_h_part02/336_48/ts_icl/none/raw/keep/run_0 mse=7.58945 nmse=1.89048 inference_seconds=1.243
2026-08-28 23:36:07 | configuration dataset=time/coastal_t_s_h_part02 L=504 H=168 model=chronos2 covariates=none instance_norm=false remove_constant=false seed=1 batch_size=64
[2026-08-28 23:36:09,826][data.dataset][INFO] - dataset config path=/fssmall/home/h61084/codes/datasets/time/coastal_t_s_h_part02/config.json applied_keys=['date_col', 'drop_users', 'target_cols']
[2026-08-28 23:36:09,847][evaluation.evaluator][INFO] - evaluate dataset=time/coastal_t_s_h_part02 users=3 dates=3771 windows=21 removed_constant=0 L=504 H=168 stride=512
[2026-08-28 23:36:15,351][evaluation.evaluator][INFO] - artifacts ready run=/fslarge/scratch/users/h61084/codes/tsfm/outputs_selena/foundation_models/time-coastal_t_s_h_part02/504_168/chronos2/none/raw/keep/run_0 mse=14.5989 nmse=1.63995 inference_seconds=0.194
2026-08-28 23:36:16 | configuration dataset=time/coastal_t_s_h_part02 L=504 H=168 model=chronos_bolt covariates=none instance_norm=false remove_constant=false seed=1 batch_size=128
[2026-08-28 23:36:18,865][data.dataset][INFO] - dataset config path=/fssmall/home/h61084/codes/datasets/time/coastal_t_s_h_part02/config.json applied_keys=['date_col', 'drop_users', 'target_cols']
[2026-08-28 23:36:18,884][evaluation.evaluator][INFO] - evaluate dataset=time/coastal_t_s_h_part02 users=3 dates=3771 windows=21 removed_constant=0 L=504 H=168 stride=512
[2026-08-28 23:36:24,692][evaluation.evaluator][INFO] - artifacts ready run=/fslarge/scratch/users/h61084/codes/tsfm/outputs_selena/foundation_models/time-coastal_t_s_h_part02/504_168/chronos_bolt/none/raw/keep/run_0 mse=6.43522 nmse=1.70313 inference_seconds=0.335
2026-08-28 23:36:25 | configuration dataset=time/coastal_t_s_h_part02 L=504 H=168 model=chronos_t5 covariates=none instance_norm=false remove_constant=false seed=1 batch_size=32
[2026-08-28 23:36:28,247][data.dataset][INFO] - dataset config path=/fssmall/home/h61084/codes/datasets/time/coastal_t_s_h_part02/config.json applied_keys=['date_col', 'drop_users', 'target_cols']
[2026-08-28 23:36:28,267][evaluation.evaluator][INFO] - evaluate dataset=time/coastal_t_s_h_part02 users=3 dates=3771 windows=21 removed_constant=0 L=504 H=168 stride=512
[2026-08-28 23:36:33,761][/fssmall/home/h61084/codes/tsfm/.venv/lib/python3.12/site-packages/chronos/chronos.py][WARNING] - We recommend keeping prediction length <= 64. The quality of longer predictions may degrade since the model is not optimized for it. 
[2026-08-28 23:36:36,638][evaluation.evaluator][INFO] - artifacts ready run=/fslarge/scratch/users/h61084/codes/tsfm/outputs_selena/foundation_models/time-coastal_t_s_h_part02/504_168/chronos_t5/none/raw/keep/run_0 mse=10.8857 nmse=7.45051 inference_seconds=2.837
2026-08-28 23:36:37 | configuration dataset=time/coastal_t_s_h_part02 L=504 H=168 model=ts_icl covariates=none instance_norm=false remove_constant=false seed=1 batch_size=32
[2026-08-28 23:36:40,221][data.dataset][INFO] - dataset config path=/fssmall/home/h61084/codes/datasets/time/coastal_t_s_h_part02/config.json applied_keys=['date_col', 'drop_users', 'target_cols']
[2026-08-28 23:36:40,241][evaluation.evaluator][INFO] - evaluate dataset=time/coastal_t_s_h_part02 users=3 dates=3771 windows=21 removed_constant=0 L=504 H=168 stride=512
[2026-08-28 23:36:42,351][evaluation.evaluator][INFO] - artifacts ready run=/fslarge/scratch/users/h61084/codes/tsfm/outputs_selena/foundation_models/time-coastal_t_s_h_part02/504_168/ts_icl/none/raw/keep/run_0 mse=20.9923 nmse=1.54811 inference_seconds=1.251
2026-08-28 23:36:43 | configuration dataset=time/coastal_t_s_h_part03 L=336 H=48 model=chronos2 covariates=none instance_norm=false remove_constant=false seed=1 batch_size=64
[2026-08-28 23:36:45,713][data.dataset][INFO] - dataset config path=/fssmall/home/h61084/codes/datasets/time/coastal_t_s_h_part03/config.json applied_keys=['date_col', 'drop_users', 'target_cols']
[2026-08-28 23:36:45,735][evaluation.evaluator][INFO] - evaluate dataset=time/coastal_t_s_h_part03 users=3 dates=3733 windows=21 removed_constant=0 L=336 H=48 stride=512
[2026-08-28 23:36:51,305][evaluation.evaluator][INFO] - artifacts ready run=/fslarge/scratch/users/h61084/codes/tsfm/outputs_selena/foundation_models/time-coastal_t_s_h_part03/336_48/chronos2/none/raw/keep/run_0 mse=0.0198843 nmse=0.329397 inference_seconds=0.194
2026-08-28 23:36:52 | configuration dataset=time/coastal_t_s_h_part03 L=336 H=48 model=chronos_bolt covariates=none instance_norm=false remove_constant=false seed=1 batch_size=128
[2026-08-28 23:36:54,828][data.dataset][INFO] - dataset config path=/fssmall/home/h61084/codes/datasets/time/coastal_t_s_h_part03/config.json applied_keys=['date_col', 'drop_users', 'target_cols']
[2026-08-28 23:36:54,848][evaluation.evaluator][INFO] - evaluate dataset=time/coastal_t_s_h_part03 users=3 dates=3733 windows=21 removed_constant=0 L=336 H=48 stride=512
[2026-08-28 23:37:00,533][evaluation.evaluator][INFO] - artifacts ready run=/fslarge/scratch/users/h61084/codes/tsfm/outputs_selena/foundation_models/time-coastal_t_s_h_part03/336_48/chronos_bolt/none/raw/keep/run_0 mse=0.0709323 nmse=0.50572 inference_seconds=0.201
2026-08-28 23:37:01 | configuration dataset=time/coastal_t_s_h_part03 L=336 H=48 model=chronos_t5 covariates=none instance_norm=false remove_constant=false seed=1 batch_size=32
[2026-08-28 23:37:04,098][data.dataset][INFO] - dataset config path=/fssmall/home/h61084/codes/datasets/time/coastal_t_s_h_part03/config.json applied_keys=['date_col', 'drop_users', 'target_cols']
[2026-08-28 23:37:04,117][evaluation.evaluator][INFO] - evaluate dataset=time/coastal_t_s_h_part03 users=3 dates=3733 windows=21 removed_constant=0 L=336 H=48 stride=512
[2026-08-28 23:37:10,501][evaluation.evaluator][INFO] - artifacts ready run=/fslarge/scratch/users/h61084/codes/tsfm/outputs_selena/foundation_models/time-coastal_t_s_h_part03/336_48/chronos_t5/none/raw/keep/run_0 mse=0.039002 nmse=6.6188 inference_seconds=0.881
2026-08-28 23:37:11 | configuration dataset=time/coastal_t_s_h_part03 L=336 H=48 model=ts_icl covariates=none instance_norm=false remove_constant=false seed=1 batch_size=32
[2026-08-28 23:37:14,066][data.dataset][INFO] - dataset config path=/fssmall/home/h61084/codes/datasets/time/coastal_t_s_h_part03/config.json applied_keys=['date_col', 'drop_users', 'target_cols']
[2026-08-28 23:37:14,086][evaluation.evaluator][INFO] - evaluate dataset=time/coastal_t_s_h_part03 users=3 dates=3733 windows=21 removed_constant=0 L=336 H=48 stride=512
[2026-08-28 23:37:16,160][evaluation.evaluator][INFO] - artifacts ready run=/fslarge/scratch/users/h61084/codes/tsfm/outputs_selena/foundation_models/time-coastal_t_s_h_part03/336_48/ts_icl/none/raw/keep/run_0 mse=0.0215516 nmse=0.61776 inference_seconds=1.245
2026-08-28 23:37:17 | configuration dataset=time/coastal_t_s_h_part03 L=504 H=168 model=chronos2 covariates=none instance_norm=false remove_constant=false seed=1 batch_size=64
[2026-08-28 23:37:19,541][data.dataset][INFO] - dataset config path=/fssmall/home/h61084/codes/datasets/time/coastal_t_s_h_part03/config.json applied_keys=['date_col', 'drop_users', 'target_cols']
[2026-08-28 23:37:19,560][evaluation.evaluator][INFO] - evaluate dataset=time/coastal_t_s_h_part03 users=3 dates=3733 windows=18 removed_constant=0 L=504 H=168 stride=512
[2026-08-28 23:37:25,086][evaluation.evaluator][INFO] - artifacts ready run=/fslarge/scratch/users/h61084/codes/tsfm/outputs_selena/foundation_models/time-coastal_t_s_h_part03/504_168/chronos2/none/raw/keep/run_0 mse=0.0677079 nmse=1.87925 inference_seconds=0.193
2026-08-28 23:37:26 | configuration dataset=time/coastal_t_s_h_part03 L=504 H=168 model=chronos_bolt covariates=none instance_norm=false remove_constant=false seed=1 batch_size=128
[2026-08-28 23:37:28,660][data.dataset][INFO] - dataset config path=/fssmall/home/h61084/codes/datasets/time/coastal_t_s_h_part03/config.json applied_keys=['date_col', 'drop_users', 'target_cols']
[2026-08-28 23:37:28,680][evaluation.evaluator][INFO] - evaluate dataset=time/coastal_t_s_h_part03 users=3 dates=3733 windows=18 removed_constant=0 L=504 H=168 stride=512
[2026-08-28 23:37:34,477][evaluation.evaluator][INFO] - artifacts ready run=/fslarge/scratch/users/h61084/codes/tsfm/outputs_selena/foundation_models/time-coastal_t_s_h_part03/504_168/chronos_bolt/none/raw/keep/run_0 mse=0.22562 nmse=2.10558 inference_seconds=0.325
2026-08-28 23:37:35 | configuration dataset=time/coastal_t_s_h_part03 L=504 H=168 model=chronos_t5 covariates=none instance_norm=false remove_constant=false seed=1 batch_size=32
[2026-08-28 23:37:38,054][data.dataset][INFO] - dataset config path=/fssmall/home/h61084/codes/datasets/time/coastal_t_s_h_part03/config.json applied_keys=['date_col', 'drop_users', 'target_cols']
[2026-08-28 23:37:38,074][evaluation.evaluator][INFO] - evaluate dataset=time/coastal_t_s_h_part03 users=3 dates=3733 windows=18 removed_constant=0 L=504 H=168 stride=512
[2026-08-28 23:37:43,513][/fssmall/home/h61084/codes/tsfm/.venv/lib/python3.12/site-packages/chronos/chronos.py][WARNING] - We recommend keeping prediction length <= 64. The quality of longer predictions may degrade since the model is not optimized for it. 
[2026-08-28 23:37:46,104][evaluation.evaluator][INFO] - artifacts ready run=/fslarge/scratch/users/h61084/codes/tsfm/outputs_selena/foundation_models/time-coastal_t_s_h_part03/504_168/chronos_t5/none/raw/keep/run_0 mse=0.168697 nmse=8.76689 inference_seconds=2.570
2026-08-28 23:37:47 | configuration dataset=time/coastal_t_s_h_part03 L=504 H=168 model=ts_icl covariates=none instance_norm=false remove_constant=false seed=1 batch_size=32
[2026-08-28 23:37:49,784][data.dataset][INFO] - dataset config path=/fssmall/home/h61084/codes/datasets/time/coastal_t_s_h_part03/config.json applied_keys=['date_col', 'drop_users', 'target_cols']
[2026-08-28 23:37:49,804][evaluation.evaluator][INFO] - evaluate dataset=time/coastal_t_s_h_part03 users=3 dates=3733 windows=18 removed_constant=0 L=504 H=168 stride=512
[2026-08-28 23:37:51,906][evaluation.evaluator][INFO] - artifacts ready run=/fslarge/scratch/users/h61084/codes/tsfm/outputs_selena/foundation_models/time-coastal_t_s_h_part03/504_168/ts_icl/none/raw/keep/run_0 mse=0.0790715 nmse=1.71339 inference_seconds=1.243
2026-08-28 23:37:52 | configuration dataset=time/coastal_t_s_h_part04 L=336 H=48 model=chronos2 covariates=none instance_norm=false remove_constant=false seed=1 batch_size=64
[2026-08-28 23:37:55,310][data.dataset][INFO] - dataset config path=/fssmall/home/h61084/codes/datasets/time/coastal_t_s_h_part04/config.json applied_keys=['date_col', 'drop_users', 'target_cols']
[2026-08-28 23:37:55,334][evaluation.evaluator][INFO] - evaluate dataset=time/coastal_t_s_h_part04 users=3 dates=6673 windows=39 removed_constant=0 L=336 H=48 stride=512
[2026-08-28 23:38:00,869][evaluation.evaluator][INFO] - artifacts ready run=/fslarge/scratch/users/h61084/codes/tsfm/outputs_selena/foundation_models/time-coastal_t_s_h_part04/336_48/chronos2/none/raw/keep/run_0 mse=70.9465 nmse=0.701633 inference_seconds=0.195
2026-08-28 23:38:01 | configuration dataset=time/coastal_t_s_h_part04 L=336 H=48 model=chronos_bolt covariates=none instance_norm=false remove_constant=false seed=1 batch_size=128
[2026-08-28 23:38:04,459][data.dataset][INFO] - dataset config path=/fssmall/home/h61084/codes/datasets/time/coastal_t_s_h_part04/config.json applied_keys=['date_col', 'drop_users', 'target_cols']
[2026-08-28 23:38:04,481][evaluation.evaluator][INFO] - evaluate dataset=time/coastal_t_s_h_part04 users=3 dates=6673 windows=39 removed_constant=0 L=336 H=48 stride=512
[2026-08-28 23:38:10,221][evaluation.evaluator][INFO] - artifacts ready run=/fslarge/scratch/users/h61084/codes/tsfm/outputs_selena/foundation_models/time-coastal_t_s_h_part04/336_48/chronos_bolt/none/raw/keep/run_0 mse=31.6472 nmse=0.777088 inference_seconds=0.201
2026-08-28 23:38:11 | configuration dataset=time/coastal_t_s_h_part04 L=336 H=48 model=chronos_t5 covariates=none instance_norm=false remove_constant=false seed=1 batch_size=32
[2026-08-28 23:38:13,795][data.dataset][INFO] - dataset config path=/fssmall/home/h61084/codes/datasets/time/coastal_t_s_h_part04/config.json applied_keys=['date_col', 'drop_users', 'target_cols']
[2026-08-28 23:38:13,816][evaluation.evaluator][INFO] - evaluate dataset=time/coastal_t_s_h_part04 users=3 dates=6673 windows=39 removed_constant=0 L=336 H=48 stride=512
[2026-08-28 23:38:20,870][evaluation.evaluator][INFO] - artifacts ready run=/fslarge/scratch/users/h61084/codes/tsfm/outputs_selena/foundation_models/time-coastal_t_s_h_part04/336_48/chronos_t5/none/raw/keep/run_0 mse=38.4017 nmse=2.26241 inference_seconds=1.596
2026-08-28 23:38:21 | configuration dataset=time/coastal_t_s_h_part04 L=336 H=48 model=ts_icl covariates=none instance_norm=false remove_constant=false seed=1 batch_size=32
[2026-08-28 23:38:24,459][data.dataset][INFO] - dataset config path=/fssmall/home/h61084/codes/datasets/time/coastal_t_s_h_part04/config.json applied_keys=['date_col', 'drop_users', 'target_cols']
[2026-08-28 23:38:24,480][evaluation.evaluator][INFO] - evaluate dataset=time/coastal_t_s_h_part04 users=3 dates=6673 windows=39 removed_constant=0 L=336 H=48 stride=512
[2026-08-28 23:38:26,573][evaluation.evaluator][INFO] - artifacts ready run=/fslarge/scratch/users/h61084/codes/tsfm/outputs_selena/foundation_models/time-coastal_t_s_h_part04/336_48/ts_icl/none/raw/keep/run_0 mse=59.0489 nmse=0.725551 inference_seconds=1.266
2026-08-28 23:38:27 | configuration dataset=time/coastal_t_s_h_part04 L=504 H=168 model=chronos2 covariates=none instance_norm=false remove_constant=false seed=1 batch_size=64
[2026-08-28 23:38:29,984][data.dataset][INFO] - dataset config path=/fssmall/home/h61084/codes/datasets/time/coastal_t_s_h_part04/config.json applied_keys=['date_col', 'drop_users', 'target_cols']
[2026-08-28 23:38:30,006][evaluation.evaluator][INFO] - evaluate dataset=time/coastal_t_s_h_part04 users=3 dates=6673 windows=36 removed_constant=0 L=504 H=168 stride=512
[2026-08-28 23:38:35,522][evaluation.evaluator][INFO] - artifacts ready run=/fslarge/scratch/users/h61084/codes/tsfm/outputs_selena/foundation_models/time-coastal_t_s_h_part04/504_168/chronos2/none/raw/keep/run_0 mse=231.125 nmse=31.8791 inference_seconds=0.195
2026-08-28 23:38:36 | configuration dataset=time/coastal_t_s_h_part04 L=504 H=168 model=chronos_bolt covariates=none instance_norm=false remove_constant=false seed=1 batch_size=128
[2026-08-28 23:38:39,141][data.dataset][INFO] - dataset config path=/fssmall/home/h61084/codes/datasets/time/coastal_t_s_h_part04/config.json applied_keys=['date_col', 'drop_users', 'target_cols']
[2026-08-28 23:38:39,163][evaluation.evaluator][INFO] - evaluate dataset=time/coastal_t_s_h_part04 users=3 dates=6673 windows=36 removed_constant=0 L=504 H=168 stride=512
[2026-08-28 23:38:45,044][evaluation.evaluator][INFO] - artifacts ready run=/fslarge/scratch/users/h61084/codes/tsfm/outputs_selena/foundation_models/time-coastal_t_s_h_part04/504_168/chronos_bolt/none/raw/keep/run_0 mse=194.612 nmse=31.6502 inference_seconds=0.415
2026-08-28 23:38:46 | configuration dataset=time/coastal_t_s_h_part04 L=504 H=168 model=chronos_t5 covariates=none instance_norm=false remove_constant=false seed=1 batch_size=32
[2026-08-28 23:38:48,663][data.dataset][INFO] - dataset config path=/fssmall/home/h61084/codes/datasets/time/coastal_t_s_h_part04/config.json applied_keys=['date_col', 'drop_users', 'target_cols']
[2026-08-28 23:38:48,685][evaluation.evaluator][INFO] - evaluate dataset=time/coastal_t_s_h_part04 users=3 dates=6673 windows=36 removed_constant=0 L=504 H=168 stride=512
[2026-08-28 23:38:54,159][/fssmall/home/h61084/codes/tsfm/.venv/lib/python3.12/site-packages/chronos/chronos.py][WARNING] - We recommend keeping prediction length <= 64. The quality of longer predictions may degrade since the model is not optimized for it. 
[2026-08-28 23:38:57,969][/fssmall/home/h61084/codes/tsfm/.venv/lib/python3.12/site-packages/chronos/chronos.py][WARNING] - We recommend keeping prediction length <= 64. The quality of longer predictions may degrade since the model is not optimized for it. 
[2026-08-28 23:38:59,772][evaluation.evaluator][INFO] - artifacts ready run=/fslarge/scratch/users/h61084/codes/tsfm/outputs_selena/foundation_models/time-coastal_t_s_h_part04/504_168/chronos_t5/none/raw/keep/run_0 mse=206.321 nmse=30.2168 inference_seconds=5.591
2026-08-28 23:39:00 | configuration dataset=time/coastal_t_s_h_part04 L=504 H=168 model=ts_icl covariates=none instance_norm=false remove_constant=false seed=1 batch_size=32
[2026-08-28 23:39:03,410][data.dataset][INFO] - dataset config path=/fssmall/home/h61084/codes/datasets/time/coastal_t_s_h_part04/config.json applied_keys=['date_col', 'drop_users', 'target_cols']
[2026-08-28 23:39:03,432][evaluation.evaluator][INFO] - evaluate dataset=time/coastal_t_s_h_part04 users=3 dates=6673 windows=36 removed_constant=0 L=504 H=168 stride=512
[2026-08-28 23:39:05,582][evaluation.evaluator][INFO] - artifacts ready run=/fslarge/scratch/users/h61084/codes/tsfm/outputs_selena/foundation_models/time-coastal_t_s_h_part04/504_168/ts_icl/none/raw/keep/run_0 mse=222.636 nmse=31.8099 inference_seconds=1.316
2026-08-28 23:39:06 | configuration dataset=time/coastal_t_s_h_part05 L=336 H=48 model=chronos2 covariates=none instance_norm=false remove_constant=false seed=1 batch_size=64
[2026-08-28 23:39:09,021][data.dataset][INFO] - dataset config path=/fssmall/home/h61084/codes/datasets/time/coastal_t_s_h_part05/config.json applied_keys=['date_col', 'drop_users', 'target_cols']
[2026-08-28 23:39:09,045][evaluation.evaluator][INFO] - evaluate dataset=time/coastal_t_s_h_part05 users=3 dates=6788 windows=39 removed_constant=0 L=336 H=48 stride=512
[2026-08-28 23:39:15,134][evaluation.evaluator][INFO] - artifacts ready run=/fslarge/scratch/users/h61084/codes/tsfm/outputs_selena/foundation_models/time-coastal_t_s_h_part05/336_48/chronos2/none/raw/keep/run_0 mse=0.282153 nmse=0.553851 inference_seconds=0.196
2026-08-28 23:39:16 | configuration dataset=time/coastal_t_s_h_part05 L=336 H=48 model=chronos_bolt covariates=none instance_norm=false remove_constant=false seed=1 batch_size=128
[2026-08-28 23:39:18,743][data.dataset][INFO] - dataset config path=/fssmall/home/h61084/codes/datasets/time/coastal_t_s_h_part05/config.json applied_keys=['date_col', 'drop_users', 'target_cols']
[2026-08-28 23:39:18,765][evaluation.evaluator][INFO] - evaluate dataset=time/coastal_t_s_h_part05 users=3 dates=6788 windows=39 removed_constant=0 L=336 H=48 stride=512
[2026-08-28 23:39:24,485][evaluation.evaluator][INFO] - artifacts ready run=/fslarge/scratch/users/h61084/codes/tsfm/outputs_selena/foundation_models/time-coastal_t_s_h_part05/336_48/chronos_bolt/none/raw/keep/run_0 mse=0.410478 nmse=0.752408 inference_seconds=0.199
2026-08-28 23:39:25 | configuration dataset=time/coastal_t_s_h_part05 L=336 H=48 model=chronos_t5 covariates=none instance_norm=false remove_constant=false seed=1 batch_size=32
[2026-08-28 23:39:28,137][data.dataset][INFO] - dataset config path=/fssmall/home/h61084/codes/datasets/time/coastal_t_s_h_part05/config.json applied_keys=['date_col', 'drop_users', 'target_cols']
[2026-08-28 23:39:28,159][evaluation.evaluator][INFO] - evaluate dataset=time/coastal_t_s_h_part05 users=3 dates=6788 windows=39 removed_constant=0 L=336 H=48 stride=512
[2026-08-28 23:39:35,248][evaluation.evaluator][INFO] - artifacts ready run=/fslarge/scratch/users/h61084/codes/tsfm/outputs_selena/foundation_models/time-coastal_t_s_h_part05/336_48/chronos_t5/none/raw/keep/run_0 mse=0.464968 nmse=1.86374 inference_seconds=1.607
2026-08-28 23:39:36 | configuration dataset=time/coastal_t_s_h_part05 L=336 H=48 model=ts_icl covariates=none instance_norm=false remove_constant=false seed=1 batch_size=32
[2026-08-28 23:39:38,888][data.dataset][INFO] - dataset config path=/fssmall/home/h61084/codes/datasets/time/coastal_t_s_h_part05/config.json applied_keys=['date_col', 'drop_users', 'target_cols']
[2026-08-28 23:39:38,910][evaluation.evaluator][INFO] - evaluate dataset=time/coastal_t_s_h_part05 users=3 dates=6788 windows=39 removed_constant=0 L=336 H=48 stride=512
[2026-08-28 23:39:41,018][evaluation.evaluator][INFO] - artifacts ready run=/fslarge/scratch/users/h61084/codes/tsfm/outputs_selena/foundation_models/time-coastal_t_s_h_part05/336_48/ts_icl/none/raw/keep/run_0 mse=0.34371 nmse=0.603395 inference_seconds=1.264
2026-08-28 23:39:41 | configuration dataset=time/coastal_t_s_h_part05 L=504 H=168 model=chronos2 covariates=none instance_norm=false remove_constant=false seed=1 batch_size=64
[2026-08-28 23:39:44,460][data.dataset][INFO] - dataset config path=/fssmall/home/h61084/codes/datasets/time/coastal_t_s_h_part05/config.json applied_keys=['date_col', 'drop_users', 'target_cols']
[2026-08-28 23:39:44,483][evaluation.evaluator][INFO] - evaluate dataset=time/coastal_t_s_h_part05 users=3 dates=6788 windows=36 removed_constant=0 L=504 H=168 stride=512
[2026-08-28 23:39:50,065][evaluation.evaluator][INFO] - artifacts ready run=/fslarge/scratch/users/h61084/codes/tsfm/outputs_selena/foundation_models/time-coastal_t_s_h_part05/504_168/chronos2/none/raw/keep/run_0 mse=1.74957 nmse=3.99975 inference_seconds=0.196
2026-08-28 23:39:51 | configuration dataset=time/coastal_t_s_h_part05 L=504 H=168 model=chronos_bolt covariates=none instance_norm=false remove_constant=false seed=1 batch_size=128
[2026-08-28 23:39:53,685][data.dataset][INFO] - dataset config path=/fssmall/home/h61084/codes/datasets/time/coastal_t_s_h_part05/config.json applied_keys=['date_col', 'drop_users', 'target_cols']
[2026-08-28 23:39:53,708][evaluation.evaluator][INFO] - evaluate dataset=time/coastal_t_s_h_part05 users=3 dates=6788 windows=36 removed_constant=0 L=504 H=168 stride=512
[2026-08-28 23:39:59,606][evaluation.evaluator][INFO] - artifacts ready run=/fslarge/scratch/users/h61084/codes/tsfm/outputs_selena/foundation_models/time-coastal_t_s_h_part05/504_168/chronos_bolt/none/raw/keep/run_0 mse=1.9193 nmse=4.43965 inference_seconds=0.413
2026-08-28 23:40:00 | configuration dataset=time/coastal_t_s_h_part05 L=504 H=168 model=chronos_t5 covariates=none instance_norm=false remove_constant=false seed=1 batch_size=32
[2026-08-28 23:40:03,234][data.dataset][INFO] - dataset config path=/fssmall/home/h61084/codes/datasets/time/coastal_t_s_h_part05/config.json applied_keys=['date_col', 'drop_users', 'target_cols']
[2026-08-28 23:40:03,256][evaluation.evaluator][INFO] - evaluate dataset=time/coastal_t_s_h_part05 users=3 dates=6788 windows=36 removed_constant=0 L=504 H=168 stride=512
[2026-08-28 23:40:08,724][/fssmall/home/h61084/codes/tsfm/.venv/lib/python3.12/site-packages/chronos/chronos.py][WARNING] - We recommend keeping prediction length <= 64. The quality of longer predictions may degrade since the model is not optimized for it. 
[2026-08-28 23:40:12,507][/fssmall/home/h61084/codes/tsfm/.venv/lib/python3.12/site-packages/chronos/chronos.py][WARNING] - We recommend keeping prediction length <= 64. The quality of longer predictions may degrade since the model is not optimized for it. 
[2026-08-28 23:40:14,308][evaluation.evaluator][INFO] - artifacts ready run=/fslarge/scratch/users/h61084/codes/tsfm/outputs_selena/foundation_models/time-coastal_t_s_h_part05/504_168/chronos_t5/none/raw/keep/run_0 mse=2.14162 nmse=6.02823 inference_seconds=5.562
2026-08-28 23:40:15 | configuration dataset=time/coastal_t_s_h_part05 L=504 H=168 model=ts_icl covariates=none instance_norm=false remove_constant=false seed=1 batch_size=32
[2026-08-28 23:40:17,961][data.dataset][INFO] - dataset config path=/fssmall/home/h61084/codes/datasets/time/coastal_t_s_h_part05/config.json applied_keys=['date_col', 'drop_users', 'target_cols']
[2026-08-28 23:40:17,983][evaluation.evaluator][INFO] - evaluate dataset=time/coastal_t_s_h_part05 users=3 dates=6788 windows=36 removed_constant=0 L=504 H=168 stride=512
[2026-08-28 23:40:20,133][evaluation.evaluator][INFO] - artifacts ready run=/fslarge/scratch/users/h61084/codes/tsfm/outputs_selena/foundation_models/time-coastal_t_s_h_part05/504_168/ts_icl/none/raw/keep/run_0 mse=1.63704 nmse=3.7832 inference_seconds=1.300
2026-08-28 23:40:21 | configuration dataset=time/coastal_t_s_h_part06 L=336 H=48 model=chronos2 covariates=none instance_norm=false remove_constant=false seed=1 batch_size=64
[2026-08-28 23:40:23,586][data.dataset][INFO] - dataset config path=/fssmall/home/h61084/codes/datasets/time/coastal_t_s_h_part06/config.json applied_keys=['date_col', 'drop_users', 'target_cols']
[2026-08-28 23:40:23,608][evaluation.evaluator][INFO] - evaluate dataset=time/coastal_t_s_h_part06 users=3 dates=3718 windows=21 removed_constant=0 L=336 H=48 stride=512
[2026-08-28 23:40:29,153][evaluation.evaluator][INFO] - artifacts ready run=/fslarge/scratch/users/h61084/codes/tsfm/outputs_selena/foundation_models/time-coastal_t_s_h_part06/336_48/chronos2/none/raw/keep/run_0 mse=0.0398251 nmse=0.66592 inference_seconds=0.193
2026-08-28 23:40:30 | configuration dataset=time/coastal_t_s_h_part06 L=336 H=48 model=chronos_bolt covariates=none instance_norm=false remove_constant=false seed=1 batch_size=128
[2026-08-28 23:40:32,780][data.dataset][INFO] - dataset config path=/fssmall/home/h61084/codes/datasets/time/coastal_t_s_h_part06/config.json applied_keys=['date_col', 'drop_users', 'target_cols']
[2026-08-28 23:40:32,800][evaluation.evaluator][INFO] - evaluate dataset=time/coastal_t_s_h_part06 users=3 dates=3718 windows=21 removed_constant=0 L=336 H=48 stride=512
[2026-08-28 23:40:39,375][evaluation.evaluator][INFO] - artifacts ready run=/fslarge/scratch/users/h61084/codes/tsfm/outputs_selena/foundation_models/time-coastal_t_s_h_part06/336_48/chronos_bolt/none/raw/keep/run_0 mse=0.0774686 nmse=0.892201 inference_seconds=0.204
2026-08-28 23:40:40 | configuration dataset=time/coastal_t_s_h_part06 L=336 H=48 model=chronos_t5 covariates=none instance_norm=false remove_constant=false seed=1 batch_size=32
[2026-08-28 23:40:42,989][data.dataset][INFO] - dataset config path=/fssmall/home/h61084/codes/datasets/time/coastal_t_s_h_part06/config.json applied_keys=['date_col', 'drop_users', 'target_cols']
[2026-08-28 23:40:43,009][evaluation.evaluator][INFO] - evaluate dataset=time/coastal_t_s_h_part06 users=3 dates=3718 windows=21 removed_constant=0 L=336 H=48 stride=512
[2026-08-28 23:40:49,425][evaluation.evaluator][INFO] - artifacts ready run=/fslarge/scratch/users/h61084/codes/tsfm/outputs_selena/foundation_models/time-coastal_t_s_h_part06/336_48/chronos_t5/none/raw/keep/run_0 mse=0.0560276 nmse=4.23135 inference_seconds=0.886
2026-08-28 23:40:50 | configuration dataset=time/coastal_t_s_h_part06 L=336 H=48 model=ts_icl covariates=none instance_norm=false remove_constant=false seed=1 batch_size=32
[2026-08-28 23:40:53,052][data.dataset][INFO] - dataset config path=/fssmall/home/h61084/codes/datasets/time/coastal_t_s_h_part06/config.json applied_keys=['date_col', 'drop_users', 'target_cols']
[2026-08-28 23:40:53,071][evaluation.evaluator][INFO] - evaluate dataset=time/coastal_t_s_h_part06 users=3 dates=3718 windows=21 removed_constant=0 L=336 H=48 stride=512
[2026-08-28 23:40:55,130][evaluation.evaluator][INFO] - artifacts ready run=/fslarge/scratch/users/h61084/codes/tsfm/outputs_selena/foundation_models/time-coastal_t_s_h_part06/336_48/ts_icl/none/raw/keep/run_0 mse=0.0473606 nmse=0.716294 inference_seconds=1.230
2026-08-28 23:40:56 | configuration dataset=time/coastal_t_s_h_part06 L=504 H=168 model=chronos2 covariates=none instance_norm=false remove_constant=false seed=1 batch_size=64
[2026-08-28 23:40:58,589][data.dataset][INFO] - dataset config path=/fssmall/home/h61084/codes/datasets/time/coastal_t_s_h_part06/config.json applied_keys=['date_col', 'drop_users', 'target_cols']
[2026-08-28 23:40:58,609][evaluation.evaluator][INFO] - evaluate dataset=time/coastal_t_s_h_part06 users=3 dates=3718 windows=18 removed_constant=0 L=504 H=168 stride=512
[2026-08-28 23:41:04,287][evaluation.evaluator][INFO] - artifacts ready run=/fslarge/scratch/users/h61084/codes/tsfm/outputs_selena/foundation_models/time-coastal_t_s_h_part06/504_168/chronos2/none/raw/keep/run_0 mse=0.0753703 nmse=0.722875 inference_seconds=0.194
2026-08-28 23:41:05 | configuration dataset=time/coastal_t_s_h_part06 L=504 H=168 model=chronos_bolt covariates=none instance_norm=false remove_constant=false seed=1 batch_size=128
[2026-08-28 23:41:07,919][data.dataset][INFO] - dataset config path=/fssmall/home/h61084/codes/datasets/time/coastal_t_s_h_part06/config.json applied_keys=['date_col', 'drop_users', 'target_cols']
[2026-08-28 23:41:07,939][evaluation.evaluator][INFO] - evaluate dataset=time/coastal_t_s_h_part06 users=3 dates=3718 windows=18 removed_constant=0 L=504 H=168 stride=512
[2026-08-28 23:41:13,777][evaluation.evaluator][INFO] - artifacts ready run=/fslarge/scratch/users/h61084/codes/tsfm/outputs_selena/foundation_models/time-coastal_t_s_h_part06/504_168/chronos_bolt/none/raw/keep/run_0 mse=0.241948 nmse=1.17036 inference_seconds=0.325
2026-08-28 23:41:14 | configuration dataset=time/coastal_t_s_h_part06 L=504 H=168 model=chronos_t5 covariates=none instance_norm=false remove_constant=false seed=1 batch_size=32
[2026-08-28 23:41:17,402][data.dataset][INFO] - dataset config path=/fssmall/home/h61084/codes/datasets/time/coastal_t_s_h_part06/config.json applied_keys=['date_col', 'drop_users', 'target_cols']
[2026-08-28 23:41:17,421][evaluation.evaluator][INFO] - evaluate dataset=time/coastal_t_s_h_part06 users=3 dates=3718 windows=18 removed_constant=0 L=504 H=168 stride=512
[2026-08-28 23:41:22,945][/fssmall/home/h61084/codes/tsfm/.venv/lib/python3.12/site-packages/chronos/chronos.py][WARNING] - We recommend keeping prediction length <= 64. The quality of longer predictions may degrade since the model is not optimized for it. 
[2026-08-28 23:41:25,533][evaluation.evaluator][INFO] - artifacts ready run=/fslarge/scratch/users/h61084/codes/tsfm/outputs_selena/foundation_models/time-coastal_t_s_h_part06/504_168/chronos_t5/none/raw/keep/run_0 mse=0.186039 nmse=3.3828 inference_seconds=2.567
2026-08-28 23:41:26 | configuration dataset=time/coastal_t_s_h_part06 L=504 H=168 model=ts_icl covariates=none instance_norm=false remove_constant=false seed=1 batch_size=32
[2026-08-28 23:41:29,204][data.dataset][INFO] - dataset config path=/fssmall/home/h61084/codes/datasets/time/coastal_t_s_h_part06/config.json applied_keys=['date_col', 'drop_users', 'target_cols']
[2026-08-28 23:41:29,224][evaluation.evaluator][INFO] - evaluate dataset=time/coastal_t_s_h_part06 users=3 dates=3718 windows=18 removed_constant=0 L=504 H=168 stride=512
[2026-08-28 23:41:31,329][evaluation.evaluator][INFO] - artifacts ready run=/fslarge/scratch/users/h61084/codes/tsfm/outputs_selena/foundation_models/time-coastal_t_s_h_part06/504_168/ts_icl/none/raw/keep/run_0 mse=0.0917537 nmse=0.717609 inference_seconds=1.241
2026-08-28 23:41:32 | configuration dataset=time/coastal_t_s_h_part07 L=336 H=48 model=chronos2 covariates=none instance_norm=false remove_constant=false seed=1 batch_size=64
[2026-08-28 23:41:34,836][data.dataset][INFO] - dataset config path=/fssmall/home/h61084/codes/datasets/time/coastal_t_s_h_part07/config.json applied_keys=['date_col', 'drop_users', 'target_cols']
[2026-08-28 23:41:34,859][evaluation.evaluator][INFO] - evaluate dataset=time/coastal_t_s_h_part07 users=3 dates=5321 windows=30 removed_constant=0 L=336 H=48 stride=512
[2026-08-28 23:41:40,385][evaluation.evaluator][INFO] - artifacts ready run=/fslarge/scratch/users/h61084/codes/tsfm/outputs_selena/foundation_models/time-coastal_t_s_h_part07/336_48/chronos2/none/raw/keep/run_0 mse=0.00609067 nmse=0.372313 inference_seconds=0.191
2026-08-28 23:41:41 | configuration dataset=time/coastal_t_s_h_part07 L=336 H=48 model=chronos_bolt covariates=none instance_norm=false remove_constant=false seed=1 batch_size=128
[2026-08-28 23:41:44,000][data.dataset][INFO] - dataset config path=/fssmall/home/h61084/codes/datasets/time/coastal_t_s_h_part07/config.json applied_keys=['date_col', 'drop_users', 'target_cols']
[2026-08-28 23:41:44,022][evaluation.evaluator][INFO] - evaluate dataset=time/coastal_t_s_h_part07 users=3 dates=5321 windows=30 removed_constant=0 L=336 H=48 stride=512
[2026-08-28 23:41:49,740][evaluation.evaluator][INFO] - artifacts ready run=/fslarge/scratch/users/h61084/codes/tsfm/outputs_selena/foundation_models/time-coastal_t_s_h_part07/336_48/chronos_bolt/none/raw/keep/run_0 mse=0.00612169 nmse=0.847642 inference_seconds=0.202
2026-08-28 23:41:50 | configuration dataset=time/coastal_t_s_h_part07 L=336 H=48 model=chronos_t5 covariates=none instance_norm=false remove_constant=false seed=1 batch_size=32
[2026-08-28 23:41:53,422][data.dataset][INFO] - dataset config path=/fssmall/home/h61084/codes/datasets/time/coastal_t_s_h_part07/config.json applied_keys=['date_col', 'drop_users', 'target_cols']
[2026-08-28 23:41:53,443][evaluation.evaluator][INFO] - evaluate dataset=time/coastal_t_s_h_part07 users=3 dates=5321 windows=30 removed_constant=0 L=336 H=48 stride=512
[2026-08-28 23:42:00,017][evaluation.evaluator][INFO] - artifacts ready run=/fslarge/scratch/users/h61084/codes/tsfm/outputs_selena/foundation_models/time-coastal_t_s_h_part07/336_48/chronos_t5/none/raw/keep/run_0 mse=0.0125746 nmse=1.18504e+13 inference_seconds=1.040
2026-08-28 23:42:01 | configuration dataset=time/coastal_t_s_h_part07 L=336 H=48 model=ts_icl covariates=none instance_norm=false remove_constant=false seed=1 batch_size=32
[2026-08-28 23:42:03,686][data.dataset][INFO] - dataset config path=/fssmall/home/h61084/codes/datasets/time/coastal_t_s_h_part07/config.json applied_keys=['date_col', 'drop_users', 'target_cols']
[2026-08-28 23:42:03,708][evaluation.evaluator][INFO] - evaluate dataset=time/coastal_t_s_h_part07 users=3 dates=5321 windows=30 removed_constant=0 L=336 H=48 stride=512
[2026-08-28 23:42:05,822][evaluation.evaluator][INFO] - artifacts ready run=/fslarge/scratch/users/h61084/codes/tsfm/outputs_selena/foundation_models/time-coastal_t_s_h_part07/336_48/ts_icl/none/raw/keep/run_0 mse=0.00563403 nmse=0.369955 inference_seconds=1.269
2026-08-28 23:42:06 | configuration dataset=time/coastal_t_s_h_part07 L=504 H=168 model=chronos2 covariates=none instance_norm=false remove_constant=false seed=1 batch_size=64
[2026-08-28 23:42:09,365][data.dataset][INFO] - dataset config path=/fssmall/home/h61084/codes/datasets/time/coastal_t_s_h_part07/config.json applied_keys=['date_col', 'drop_users', 'target_cols']
[2026-08-28 23:42:09,387][evaluation.evaluator][INFO] - evaluate dataset=time/coastal_t_s_h_part07 users=3 dates=5321 windows=30 removed_constant=0 L=504 H=168 stride=512
[2026-08-28 23:42:14,956][evaluation.evaluator][INFO] - artifacts ready run=/fslarge/scratch/users/h61084/codes/tsfm/outputs_selena/foundation_models/time-coastal_t_s_h_part07/504_168/chronos2/none/raw/keep/run_0 mse=0.0415449 nmse=0.774538 inference_seconds=0.196
2026-08-28 23:42:16 | configuration dataset=time/coastal_t_s_h_part07 L=504 H=168 model=chronos_bolt covariates=none instance_norm=false remove_constant=false seed=1 batch_size=128
[2026-08-28 23:42:18,588][data.dataset][INFO] - dataset config path=/fssmall/home/h61084/codes/datasets/time/coastal_t_s_h_part07/config.json applied_keys=['date_col', 'drop_users', 'target_cols']
[2026-08-28 23:42:18,609][evaluation.evaluator][INFO] - evaluate dataset=time/coastal_t_s_h_part07 users=3 dates=5321 windows=30 removed_constant=0 L=504 H=168 stride=512
[2026-08-28 23:42:24,492][evaluation.evaluator][INFO] - artifacts ready run=/fslarge/scratch/users/h61084/codes/tsfm/outputs_selena/foundation_models/time-coastal_t_s_h_part07/504_168/chronos_bolt/none/raw/keep/run_0 mse=0.0442765 nmse=9.78356 inference_seconds=0.366
2026-08-28 23:42:25 | configuration dataset=time/coastal_t_s_h_part07 L=504 H=168 model=chronos_t5 covariates=none instance_norm=false remove_constant=false seed=1 batch_size=32
[2026-08-28 23:42:28,175][data.dataset][INFO] - dataset config path=/fssmall/home/h61084/codes/datasets/time/coastal_t_s_h_part07/config.json applied_keys=['date_col', 'drop_users', 'target_cols']
[2026-08-28 23:42:28,196][evaluation.evaluator][INFO] - evaluate dataset=time/coastal_t_s_h_part07 users=3 dates=5321 windows=30 removed_constant=0 L=504 H=168 stride=512
[2026-08-28 23:42:33,707][/fssmall/home/h61084/codes/tsfm/.venv/lib/python3.12/site-packages/chronos/chronos.py][WARNING] - We recommend keeping prediction length <= 64. The quality of longer predictions may degrade since the model is not optimized for it. 
[2026-08-28 23:42:37,376][evaluation.evaluator][INFO] - artifacts ready run=/fslarge/scratch/users/h61084/codes/tsfm/outputs_selena/foundation_models/time-coastal_t_s_h_part07/504_168/chronos_t5/none/raw/keep/run_0 mse=0.0509992 nmse=1.47365e+13 inference_seconds=3.648
2026-08-28 23:42:38 | configuration dataset=time/coastal_t_s_h_part07 L=504 H=168 model=ts_icl covariates=none instance_norm=false remove_constant=false seed=1 batch_size=32
[2026-08-28 23:42:41,110][data.dataset][INFO] - dataset config path=/fssmall/home/h61084/codes/datasets/time/coastal_t_s_h_part07/config.json applied_keys=['date_col', 'drop_users', 'target_cols']
[2026-08-28 23:42:41,131][evaluation.evaluator][INFO] - evaluate dataset=time/coastal_t_s_h_part07 users=3 dates=5321 windows=30 removed_constant=0 L=504 H=168 stride=512
[2026-08-28 23:42:43,263][evaluation.evaluator][INFO] - artifacts ready run=/fslarge/scratch/users/h61084/codes/tsfm/outputs_selena/foundation_models/time-coastal_t_s_h_part07/504_168/ts_icl/none/raw/keep/run_0 mse=0.0298046 nmse=0.690262 inference_seconds=1.287
2026-08-28 23:42:44 | configuration dataset=time/coastal_t_s_h_part08 L=336 H=48 model=chronos2 covariates=none instance_norm=false remove_constant=false seed=1 batch_size=64
[2026-08-28 23:42:46,755][data.dataset][INFO] - dataset config path=/fssmall/home/h61084/codes/datasets/time/coastal_t_s_h_part08/config.json applied_keys=['date_col', 'drop_users', 'target_cols']
[2026-08-28 23:42:46,778][evaluation.evaluator][INFO] - evaluate dataset=time/coastal_t_s_h_part08 users=3 dates=5493 windows=30 removed_constant=0 L=336 H=48 stride=512
[2026-08-28 23:42:52,311][evaluation.evaluator][INFO] - artifacts ready run=/fslarge/scratch/users/h61084/codes/tsfm/outputs_selena/foundation_models/time-coastal_t_s_h_part08/336_48/chronos2/none/raw/keep/run_0 mse=98.9288 nmse=1.98306 inference_seconds=0.193
2026-08-28 23:42:53 | configuration dataset=time/coastal_t_s_h_part08 L=336 H=48 model=chronos_bolt covariates=none instance_norm=false remove_constant=false seed=1 batch_size=128
[2026-08-28 23:42:55,968][data.dataset][INFO] - dataset config path=/fssmall/home/h61084/codes/datasets/time/coastal_t_s_h_part08/config.json applied_keys=['date_col', 'drop_users', 'target_cols']
[2026-08-28 23:42:55,989][evaluation.evaluator][INFO] - evaluate dataset=time/coastal_t_s_h_part08 users=3 dates=5493 windows=30 removed_constant=0 L=336 H=48 stride=512
[2026-08-28 23:43:01,740][evaluation.evaluator][INFO] - artifacts ready run=/fslarge/scratch/users/h61084/codes/tsfm/outputs_selena/foundation_models/time-coastal_t_s_h_part08/336_48/chronos_bolt/none/raw/keep/run_0 mse=99.2538 nmse=2.13547 inference_seconds=0.202
2026-08-28 23:43:02 | configuration dataset=time/coastal_t_s_h_part08 L=336 H=48 model=chronos_t5 covariates=none instance_norm=false remove_constant=false seed=1 batch_size=32
[2026-08-28 23:43:05,411][data.dataset][INFO] - dataset config path=/fssmall/home/h61084/codes/datasets/time/coastal_t_s_h_part08/config.json applied_keys=['date_col', 'drop_users', 'target_cols']
[2026-08-28 23:43:05,433][evaluation.evaluator][INFO] - evaluate dataset=time/coastal_t_s_h_part08 users=3 dates=5493 windows=30 removed_constant=0 L=336 H=48 stride=512
[2026-08-28 23:43:11,972][evaluation.evaluator][INFO] - artifacts ready run=/fslarge/scratch/users/h61084/codes/tsfm/outputs_selena/foundation_models/time-coastal_t_s_h_part08/336_48/chronos_t5/none/raw/keep/run_0 mse=111.855 nmse=5.26521 inference_seconds=1.046
2026-08-28 23:43:13 | configuration dataset=time/coastal_t_s_h_part08 L=336 H=48 model=ts_icl covariates=none instance_norm=false remove_constant=false seed=1 batch_size=32
[2026-08-28 23:43:15,640][data.dataset][INFO] - dataset config path=/fssmall/home/h61084/codes/datasets/time/coastal_t_s_h_part08/config.json applied_keys=['date_col', 'drop_users', 'target_cols']
[2026-08-28 23:43:15,661][evaluation.evaluator][INFO] - evaluate dataset=time/coastal_t_s_h_part08 users=3 dates=5493 windows=30 removed_constant=0 L=336 H=48 stride=512
[2026-08-28 23:43:17,792][evaluation.evaluator][INFO] - artifacts ready run=/fslarge/scratch/users/h61084/codes/tsfm/outputs_selena/foundation_models/time-coastal_t_s_h_part08/336_48/ts_icl/none/raw/keep/run_0 mse=93.6685 nmse=1.89569 inference_seconds=1.278
2026-08-28 23:43:18 | configuration dataset=time/coastal_t_s_h_part08 L=504 H=168 model=chronos2 covariates=none instance_norm=false remove_constant=false seed=1 batch_size=64
[2026-08-28 23:43:21,285][data.dataset][INFO] - dataset config path=/fssmall/home/h61084/codes/datasets/time/coastal_t_s_h_part08/config.json applied_keys=['date_col', 'drop_users', 'target_cols']
[2026-08-28 23:43:21,306][evaluation.evaluator][INFO] - evaluate dataset=time/coastal_t_s_h_part08 users=3 dates=5493 windows=30 removed_constant=0 L=504 H=168 stride=512
[2026-08-28 23:43:26,776][evaluation.evaluator][INFO] - artifacts ready run=/fslarge/scratch/users/h61084/codes/tsfm/outputs_selena/foundation_models/time-coastal_t_s_h_part08/504_168/chronos2/none/raw/keep/run_0 mse=96.5956 nmse=1.63775 inference_seconds=0.195
2026-08-28 23:43:27 | configuration dataset=time/coastal_t_s_h_part08 L=504 H=168 model=chronos_bolt covariates=none instance_norm=false remove_constant=false seed=1 batch_size=128
[2026-08-28 23:43:30,426][data.dataset][INFO] - dataset config path=/fssmall/home/h61084/codes/datasets/time/coastal_t_s_h_part08/config.json applied_keys=['date_col', 'drop_users', 'target_cols']
[2026-08-28 23:43:30,447][evaluation.evaluator][INFO] - evaluate dataset=time/coastal_t_s_h_part08 users=3 dates=5493 windows=30 removed_constant=0 L=504 H=168 stride=512
[2026-08-28 23:43:36,289][evaluation.evaluator][INFO] - artifacts ready run=/fslarge/scratch/users/h61084/codes/tsfm/outputs_selena/foundation_models/time-coastal_t_s_h_part08/504_168/chronos_bolt/none/raw/keep/run_0 mse=97.1833 nmse=1.74082 inference_seconds=0.363
2026-08-28 23:43:37 | configuration dataset=time/coastal_t_s_h_part08 L=504 H=168 model=chronos_t5 covariates=none instance_norm=false remove_constant=false seed=1 batch_size=32
[2026-08-28 23:43:40,016][data.dataset][INFO] - dataset config path=/fssmall/home/h61084/codes/datasets/time/coastal_t_s_h_part08/config.json applied_keys=['date_col', 'drop_users', 'target_cols']
[2026-08-28 23:43:40,037][evaluation.evaluator][INFO] - evaluate dataset=time/coastal_t_s_h_part08 users=3 dates=5493 windows=30 removed_constant=0 L=504 H=168 stride=512
[2026-08-28 23:43:45,517][/fssmall/home/h61084/codes/tsfm/.venv/lib/python3.12/site-packages/chronos/chronos.py][WARNING] - We recommend keeping prediction length <= 64. The quality of longer predictions may degrade since the model is not optimized for it. 
[2026-08-28 23:43:49,181][evaluation.evaluator][INFO] - artifacts ready run=/fslarge/scratch/users/h61084/codes/tsfm/outputs_selena/foundation_models/time-coastal_t_s_h_part08/504_168/chronos_t5/none/raw/keep/run_0 mse=127.627 nmse=5.30483 inference_seconds=3.644
2026-08-28 23:43:50 | configuration dataset=time/coastal_t_s_h_part08 L=504 H=168 model=ts_icl covariates=none instance_norm=false remove_constant=false seed=1 batch_size=32
[2026-08-28 23:43:52,888][data.dataset][INFO] - dataset config path=/fssmall/home/h61084/codes/datasets/time/coastal_t_s_h_part08/config.json applied_keys=['date_col', 'drop_users', 'target_cols']
[2026-08-28 23:43:52,909][evaluation.evaluator][INFO] - evaluate dataset=time/coastal_t_s_h_part08 users=3 dates=5493 windows=30 removed_constant=0 L=504 H=168 stride=512
[2026-08-28 23:43:55,000][evaluation.evaluator][INFO] - artifacts ready run=/fslarge/scratch/users/h61084/codes/tsfm/outputs_selena/foundation_models/time-coastal_t_s_h_part08/504_168/ts_icl/none/raw/keep/run_0 mse=95.731 nmse=1.55324 inference_seconds=1.259
2026-08-28 23:43:56 | configuration dataset=time/coastal_t_s_h_part09 L=336 H=48 model=chronos2 covariates=none instance_norm=false remove_constant=false seed=1 batch_size=64
[2026-08-28 23:43:58,518][data.dataset][INFO] - dataset config path=/fssmall/home/h61084/codes/datasets/time/coastal_t_s_h_part09/config.json applied_keys=['date_col', 'drop_users', 'target_cols']
[2026-08-28 23:43:58,540][evaluation.evaluator][INFO] - evaluate dataset=time/coastal_t_s_h_part09 users=3 dates=5784 windows=33 removed_constant=0 L=336 H=48 stride=512
[2026-08-28 23:44:04,073][evaluation.evaluator][INFO] - artifacts ready run=/fslarge/scratch/users/h61084/codes/tsfm/outputs_selena/foundation_models/time-coastal_t_s_h_part09/336_48/chronos2/none/raw/keep/run_0 mse=34.6903 nmse=1.29266 inference_seconds=0.193
2026-08-28 23:44:05 | configuration dataset=time/coastal_t_s_h_part09 L=336 H=48 model=chronos_bolt covariates=none instance_norm=false remove_constant=false seed=1 batch_size=128
[2026-08-28 23:44:07,781][data.dataset][INFO] - dataset config path=/fssmall/home/h61084/codes/datasets/time/coastal_t_s_h_part09/config.json applied_keys=['date_col', 'drop_users', 'target_cols']
[2026-08-28 23:44:07,803][evaluation.evaluator][INFO] - evaluate dataset=time/coastal_t_s_h_part09 users=3 dates=5784 windows=33 removed_constant=0 L=336 H=48 stride=512
[2026-08-28 23:44:13,488][evaluation.evaluator][INFO] - artifacts ready run=/fslarge/scratch/users/h61084/codes/tsfm/outputs_selena/foundation_models/time-coastal_t_s_h_part09/336_48/chronos_bolt/none/raw/keep/run_0 mse=35.3797 nmse=1.21405 inference_seconds=0.200
2026-08-28 23:44:14 | configuration dataset=time/coastal_t_s_h_part09 L=336 H=48 model=chronos_t5 covariates=none instance_norm=false remove_constant=false seed=1 batch_size=32
[2026-08-28 23:44:17,229][data.dataset][INFO] - dataset config path=/fssmall/home/h61084/codes/datasets/time/coastal_t_s_h_part09/config.json applied_keys=['date_col', 'drop_users', 'target_cols']
[2026-08-28 23:44:17,251][evaluation.evaluator][INFO] - evaluate dataset=time/coastal_t_s_h_part09 users=3 dates=5784 windows=33 removed_constant=0 L=336 H=48 stride=512
[2026-08-28 23:44:24,328][evaluation.evaluator][INFO] - artifacts ready run=/fslarge/scratch/users/h61084/codes/tsfm/outputs_selena/foundation_models/time-coastal_t_s_h_part09/336_48/chronos_t5/none/raw/keep/run_0 mse=40.9018 nmse=3.27971 inference_seconds=1.601
2026-08-28 23:44:25 | configuration dataset=time/coastal_t_s_h_part09 L=336 H=48 model=ts_icl covariates=none instance_norm=false remove_constant=false seed=1 batch_size=32
[2026-08-28 23:44:28,045][data.dataset][INFO] - dataset config path=/fssmall/home/h61084/codes/datasets/time/coastal_t_s_h_part09/config.json applied_keys=['date_col', 'drop_users', 'target_cols']
[2026-08-28 23:44:28,067][evaluation.evaluator][INFO] - evaluate dataset=time/coastal_t_s_h_part09 users=3 dates=5784 windows=33 removed_constant=0 L=336 H=48 stride=512
[2026-08-28 23:44:30,213][evaluation.evaluator][INFO] - artifacts ready run=/fslarge/scratch/users/h61084/codes/tsfm/outputs_selena/foundation_models/time-coastal_t_s_h_part09/336_48/ts_icl/none/raw/keep/run_0 mse=35.1448 nmse=1.25586 inference_seconds=1.314
2026-08-28 23:44:31 | configuration dataset=time/coastal_t_s_h_part09 L=504 H=168 model=chronos2 covariates=none instance_norm=false remove_constant=false seed=1 batch_size=64
[2026-08-28 23:44:33,735][data.dataset][INFO] - dataset config path=/fssmall/home/h61084/codes/datasets/time/coastal_t_s_h_part09/config.json applied_keys=['date_col', 'drop_users', 'target_cols']
[2026-08-28 23:44:33,757][evaluation.evaluator][INFO] - evaluate dataset=time/coastal_t_s_h_part09 users=3 dates=5784 windows=30 removed_constant=0 L=504 H=168 stride=512
[2026-08-28 23:44:39,254][evaluation.evaluator][INFO] - artifacts ready run=/fslarge/scratch/users/h61084/codes/tsfm/outputs_selena/foundation_models/time-coastal_t_s_h_part09/504_168/chronos2/none/raw/keep/run_0 mse=31.6479 nmse=1.38846 inference_seconds=0.194
2026-08-28 23:44:40 | configuration dataset=time/coastal_t_s_h_part09 L=504 H=168 model=chronos_bolt covariates=none instance_norm=false remove_constant=false seed=1 batch_size=128
[2026-08-28 23:44:42,926][data.dataset][INFO] - dataset config path=/fssmall/home/h61084/codes/datasets/time/coastal_t_s_h_part09/config.json applied_keys=['date_col', 'drop_users', 'target_cols']
[2026-08-28 23:44:42,947][evaluation.evaluator][INFO] - evaluate dataset=time/coastal_t_s_h_part09 users=3 dates=5784 windows=30 removed_constant=0 L=504 H=168 stride=512
[2026-08-28 23:44:48,766][evaluation.evaluator][INFO] - artifacts ready run=/fslarge/scratch/users/h61084/codes/tsfm/outputs_selena/foundation_models/time-coastal_t_s_h_part09/504_168/chronos_bolt/none/raw/keep/run_0 mse=31.5838 nmse=1.3647 inference_seconds=0.364
2026-08-28 23:44:49 | configuration dataset=time/coastal_t_s_h_part09 L=504 H=168 model=chronos_t5 covariates=none instance_norm=false remove_constant=false seed=1 batch_size=32
[2026-08-28 23:44:52,473][data.dataset][INFO] - dataset config path=/fssmall/home/h61084/codes/datasets/time/coastal_t_s_h_part09/config.json applied_keys=['date_col', 'drop_users', 'target_cols']
[2026-08-28 23:44:52,495][evaluation.evaluator][INFO] - evaluate dataset=time/coastal_t_s_h_part09 users=3 dates=5784 windows=30 removed_constant=0 L=504 H=168 stride=512
[2026-08-28 23:44:57,912][/fssmall/home/h61084/codes/tsfm/.venv/lib/python3.12/site-packages/chronos/chronos.py][WARNING] - We recommend keeping prediction length <= 64. The quality of longer predictions may degrade since the model is not optimized for it. 
[2026-08-28 23:45:01,578][evaluation.evaluator][INFO] - artifacts ready run=/fslarge/scratch/users/h61084/codes/tsfm/outputs_selena/foundation_models/time-coastal_t_s_h_part09/504_168/chronos_t5/none/raw/keep/run_0 mse=37.8223 nmse=4.521 inference_seconds=3.645
2026-08-28 23:45:02 | configuration dataset=time/coastal_t_s_h_part09 L=504 H=168 model=ts_icl covariates=none instance_norm=false remove_constant=false seed=1 batch_size=32
[2026-08-28 23:45:05,327][data.dataset][INFO] - dataset config path=/fssmall/home/h61084/codes/datasets/time/coastal_t_s_h_part09/config.json applied_keys=['date_col', 'drop_users', 'target_cols']
[2026-08-28 23:45:05,349][evaluation.evaluator][INFO] - evaluate dataset=time/coastal_t_s_h_part09 users=3 dates=5784 windows=30 removed_constant=0 L=504 H=168 stride=512
[2026-08-28 23:45:07,438][evaluation.evaluator][INFO] - artifacts ready run=/fslarge/scratch/users/h61084/codes/tsfm/outputs_selena/foundation_models/time-coastal_t_s_h_part09/504_168/ts_icl/none/raw/keep/run_0 mse=31.5325 nmse=1.20653 inference_seconds=1.264
2026-08-28 23:45:08 | configuration dataset=time/coastal_t_s_h_part10 L=336 H=48 model=chronos2 covariates=none instance_norm=false remove_constant=false seed=1 batch_size=64
[2026-08-28 23:45:10,992][data.dataset][INFO] - dataset config path=/fssmall/home/h61084/codes/datasets/time/coastal_t_s_h_part10/config.json applied_keys=['date_col', 'drop_users', 'target_cols']
[2026-08-28 23:45:11,015][evaluation.evaluator][INFO] - evaluate dataset=time/coastal_t_s_h_part10 users=3 dates=5512 windows=33 removed_constant=0 L=336 H=48 stride=512
[2026-08-28 23:45:16,501][evaluation.evaluator][INFO] - artifacts ready run=/fslarge/scratch/users/h61084/codes/tsfm/outputs_selena/foundation_models/time-coastal_t_s_h_part10/336_48/chronos2/none/raw/keep/run_0 mse=9.46929 nmse=0.814787 inference_seconds=0.194
2026-08-28 23:45:17 | configuration dataset=time/coastal_t_s_h_part10 L=336 H=48 model=chronos_bolt covariates=none instance_norm=false remove_constant=false seed=1 batch_size=128
[2026-08-28 23:45:20,197][data.dataset][INFO] - dataset config path=/fssmall/home/h61084/codes/datasets/time/coastal_t_s_h_part10/config.json applied_keys=['date_col', 'drop_users', 'target_cols']
[2026-08-28 23:45:20,218][evaluation.evaluator][INFO] - evaluate dataset=time/coastal_t_s_h_part10 users=3 dates=5512 windows=33 removed_constant=0 L=336 H=48 stride=512
[2026-08-28 23:45:25,872][evaluation.evaluator][INFO] - artifacts ready run=/fslarge/scratch/users/h61084/codes/tsfm/outputs_selena/foundation_models/time-coastal_t_s_h_part10/336_48/chronos_bolt/none/raw/keep/run_0 mse=9.47445 nmse=0.942542 inference_seconds=0.202
2026-08-28 23:45:27 | configuration dataset=time/coastal_t_s_h_part10 L=336 H=48 model=chronos_t5 covariates=none instance_norm=false remove_constant=false seed=1 batch_size=32
[2026-08-28 23:45:29,614][data.dataset][INFO] - dataset config path=/fssmall/home/h61084/codes/datasets/time/coastal_t_s_h_part10/config.json applied_keys=['date_col', 'drop_users', 'target_cols']
[2026-08-28 23:45:29,636][evaluation.evaluator][INFO] - evaluate dataset=time/coastal_t_s_h_part10 users=3 dates=5512 windows=33 removed_constant=0 L=336 H=48 stride=512
[2026-08-28 23:45:36,681][evaluation.evaluator][INFO] - artifacts ready run=/fslarge/scratch/users/h61084/codes/tsfm/outputs_selena/foundation_models/time-coastal_t_s_h_part10/336_48/chronos_t5/none/raw/keep/run_0 mse=10.7929 nmse=8.39434 inference_seconds=1.596
2026-08-28 23:45:37 | configuration dataset=time/coastal_t_s_h_part10 L=336 H=48 model=ts_icl covariates=none instance_norm=false remove_constant=false seed=1 batch_size=32
[2026-08-28 23:45:40,458][data.dataset][INFO] - dataset config path=/fssmall/home/h61084/codes/datasets/time/coastal_t_s_h_part10/config.json applied_keys=['date_col', 'drop_users', 'target_cols']
[2026-08-28 23:45:40,480][evaluation.evaluator][INFO] - evaluate dataset=time/coastal_t_s_h_part10 users=3 dates=5512 windows=33 removed_constant=0 L=336 H=48 stride=512
[2026-08-28 23:45:42,594][evaluation.evaluator][INFO] - artifacts ready run=/fslarge/scratch/users/h61084/codes/tsfm/outputs_selena/foundation_models/time-coastal_t_s_h_part10/336_48/ts_icl/none/raw/keep/run_0 mse=9.44438 nmse=0.79202 inference_seconds=1.276
2026-08-28 23:45:43 | configuration dataset=time/coastal_t_s_h_part10 L=504 H=168 model=chronos2 covariates=none instance_norm=false remove_constant=false seed=1 batch_size=64
[2026-08-28 23:45:46,160][data.dataset][INFO] - dataset config path=/fssmall/home/h61084/codes/datasets/time/coastal_t_s_h_part10/config.json applied_keys=['date_col', 'drop_users', 'target_cols']
[2026-08-28 23:45:46,181][evaluation.evaluator][INFO] - evaluate dataset=time/coastal_t_s_h_part10 users=3 dates=5512 windows=30 removed_constant=0 L=504 H=168 stride=512
[2026-08-28 23:45:51,661][evaluation.evaluator][INFO] - artifacts ready run=/fslarge/scratch/users/h61084/codes/tsfm/outputs_selena/foundation_models/time-coastal_t_s_h_part10/504_168/chronos2/none/raw/keep/run_0 mse=11.6302 nmse=13.8037 inference_seconds=0.194
2026-08-28 23:45:52 | configuration dataset=time/coastal_t_s_h_part10 L=504 H=168 model=chronos_bolt covariates=none instance_norm=false remove_constant=false seed=1 batch_size=128
[2026-08-28 23:45:55,371][data.dataset][INFO] - dataset config path=/fssmall/home/h61084/codes/datasets/time/coastal_t_s_h_part10/config.json applied_keys=['date_col', 'drop_users', 'target_cols']
[2026-08-28 23:45:55,392][evaluation.evaluator][INFO] - evaluate dataset=time/coastal_t_s_h_part10 users=3 dates=5512 windows=30 removed_constant=0 L=504 H=168 stride=512
[2026-08-28 23:46:01,235][evaluation.evaluator][INFO] - artifacts ready run=/fslarge/scratch/users/h61084/codes/tsfm/outputs_selena/foundation_models/time-coastal_t_s_h_part10/504_168/chronos_bolt/none/raw/keep/run_0 mse=11.5304 nmse=13.9557 inference_seconds=0.364
2026-08-28 23:46:02 | configuration dataset=time/coastal_t_s_h_part10 L=504 H=168 model=chronos_t5 covariates=none instance_norm=false remove_constant=false seed=1 batch_size=32
[2026-08-28 23:46:04,951][data.dataset][INFO] - dataset config path=/fssmall/home/h61084/codes/datasets/time/coastal_t_s_h_part10/config.json applied_keys=['date_col', 'drop_users', 'target_cols']
[2026-08-28 23:46:04,972][evaluation.evaluator][INFO] - evaluate dataset=time/coastal_t_s_h_part10 users=3 dates=5512 windows=30 removed_constant=0 L=504 H=168 stride=512
[2026-08-28 23:46:10,438][/fssmall/home/h61084/codes/tsfm/.venv/lib/python3.12/site-packages/chronos/chronos.py][WARNING] - We recommend keeping prediction length <= 64. The quality of longer predictions may degrade since the model is not optimized for it. 
[2026-08-28 23:46:14,094][evaluation.evaluator][INFO] - artifacts ready run=/fslarge/scratch/users/h61084/codes/tsfm/outputs_selena/foundation_models/time-coastal_t_s_h_part10/504_168/chronos_t5/none/raw/keep/run_0 mse=11.7537 nmse=20.1484 inference_seconds=3.635
2026-08-28 23:46:15 | configuration dataset=time/coastal_t_s_h_part10 L=504 H=168 model=ts_icl covariates=none instance_norm=false remove_constant=false seed=1 batch_size=32
[2026-08-28 23:46:17,845][data.dataset][INFO] - dataset config path=/fssmall/home/h61084/codes/datasets/time/coastal_t_s_h_part10/config.json applied_keys=['date_col', 'drop_users', 'target_cols']
[2026-08-28 23:46:17,866][evaluation.evaluator][INFO] - evaluate dataset=time/coastal_t_s_h_part10 users=3 dates=5512 windows=30 removed_constant=0 L=504 H=168 stride=512
[2026-08-28 23:46:19,969][evaluation.evaluator][INFO] - artifacts ready run=/fslarge/scratch/users/h61084/codes/tsfm/outputs_selena/foundation_models/time-coastal_t_s_h_part10/504_168/ts_icl/none/raw/keep/run_0 mse=11.5586 nmse=13.5932 inference_seconds=1.264
2026-08-28 23:46:21 | configuration dataset=time/coastal_t_s_h_part11 L=336 H=48 model=chronos2 covariates=none instance_norm=false remove_constant=false seed=1 batch_size=64
[2026-08-28 23:46:23,511][data.dataset][INFO] - dataset config path=/fssmall/home/h61084/codes/datasets/time/coastal_t_s_h_part11/config.json applied_keys=['date_col', 'drop_users', 'target_cols']
[2026-08-28 23:46:23,536][evaluation.evaluator][INFO] - evaluate dataset=time/coastal_t_s_h_part11 users=3 dates=8158 windows=48 removed_constant=0 L=336 H=48 stride=512
[2026-08-28 23:46:29,564][evaluation.evaluator][INFO] - artifacts ready run=/fslarge/scratch/users/h61084/codes/tsfm/outputs_selena/foundation_models/time-coastal_t_s_h_part11/336_48/chronos2/none/raw/keep/run_0 mse=0.0364668 nmse=1.06855 inference_seconds=0.194
2026-08-28 23:46:30 | configuration dataset=time/coastal_t_s_h_part11 L=336 H=48 model=chronos_bolt covariates=none instance_norm=false remove_constant=false seed=1 batch_size=128
[2026-08-28 23:46:33,282][data.dataset][INFO] - dataset config path=/fssmall/home/h61084/codes/datasets/time/coastal_t_s_h_part11/config.json applied_keys=['date_col', 'drop_users', 'target_cols']
[2026-08-28 23:46:33,304][evaluation.evaluator][INFO] - evaluate dataset=time/coastal_t_s_h_part11 users=3 dates=8158 windows=48 removed_constant=0 L=336 H=48 stride=512
[2026-08-28 23:46:38,954][evaluation.evaluator][INFO] - artifacts ready run=/fslarge/scratch/users/h61084/codes/tsfm/outputs_selena/foundation_models/time-coastal_t_s_h_part11/336_48/chronos_bolt/none/raw/keep/run_0 mse=0.0346933 nmse=0.907015 inference_seconds=0.201
2026-08-28 23:46:40 | configuration dataset=time/coastal_t_s_h_part11 L=336 H=48 model=chronos_t5 covariates=none instance_norm=false remove_constant=false seed=1 batch_size=32
[2026-08-28 23:46:42,669][data.dataset][INFO] - dataset config path=/fssmall/home/h61084/codes/datasets/time/coastal_t_s_h_part11/config.json applied_keys=['date_col', 'drop_users', 'target_cols']
[2026-08-28 23:46:42,691][evaluation.evaluator][INFO] - evaluate dataset=time/coastal_t_s_h_part11 users=3 dates=8158 windows=48 removed_constant=0 L=336 H=48 stride=512
[2026-08-28 23:46:49,840][evaluation.evaluator][INFO] - artifacts ready run=/fslarge/scratch/users/h61084/codes/tsfm/outputs_selena/foundation_models/time-coastal_t_s_h_part11/336_48/chronos_t5/none/raw/keep/run_0 mse=0.0456846 nmse=2.30706 inference_seconds=1.638
2026-08-28 23:46:51 | configuration dataset=time/coastal_t_s_h_part11 L=336 H=48 model=ts_icl covariates=none instance_norm=false remove_constant=false seed=1 batch_size=32
[2026-08-28 23:46:53,594][data.dataset][INFO] - dataset config path=/fssmall/home/h61084/codes/datasets/time/coastal_t_s_h_part11/config.json applied_keys=['date_col', 'drop_users', 'target_cols']
[2026-08-28 23:46:53,618][evaluation.evaluator][INFO] - evaluate dataset=time/coastal_t_s_h_part11 users=3 dates=8158 windows=48 removed_constant=0 L=336 H=48 stride=512
[2026-08-28 23:46:55,753][evaluation.evaluator][INFO] - artifacts ready run=/fslarge/scratch/users/h61084/codes/tsfm/outputs_selena/foundation_models/time-coastal_t_s_h_part11/336_48/ts_icl/none/raw/keep/run_0 mse=0.035803 nmse=0.955566 inference_seconds=1.292
2026-08-28 23:46:56 | configuration dataset=time/coastal_t_s_h_part11 L=504 H=168 model=chronos2 covariates=none instance_norm=false remove_constant=false seed=1 batch_size=64
[2026-08-28 23:46:59,314][data.dataset][INFO] - dataset config path=/fssmall/home/h61084/codes/datasets/time/coastal_t_s_h_part11/config.json applied_keys=['date_col', 'drop_users', 'target_cols']
[2026-08-28 23:46:59,337][evaluation.evaluator][INFO] - evaluate dataset=time/coastal_t_s_h_part11 users=3 dates=8158 windows=45 removed_constant=0 L=504 H=168 stride=512
[2026-08-28 23:47:04,931][evaluation.evaluator][INFO] - artifacts ready run=/fslarge/scratch/users/h61084/codes/tsfm/outputs_selena/foundation_models/time-coastal_t_s_h_part11/504_168/chronos2/none/raw/keep/run_0 mse=0.121939 nmse=2.01907 inference_seconds=0.197
2026-08-28 23:47:06 | configuration dataset=time/coastal_t_s_h_part11 L=504 H=168 model=chronos_bolt covariates=none instance_norm=false remove_constant=false seed=1 batch_size=128
[2026-08-28 23:47:08,677][data.dataset][INFO] - dataset config path=/fssmall/home/h61084/codes/datasets/time/coastal_t_s_h_part11/config.json applied_keys=['date_col', 'drop_users', 'target_cols']
[2026-08-28 23:47:08,700][evaluation.evaluator][INFO] - evaluate dataset=time/coastal_t_s_h_part11 users=3 dates=8158 windows=45 removed_constant=0 L=504 H=168 stride=512
[2026-08-28 23:47:14,527][evaluation.evaluator][INFO] - artifacts ready run=/fslarge/scratch/users/h61084/codes/tsfm/outputs_selena/foundation_models/time-coastal_t_s_h_part11/504_168/chronos_bolt/none/raw/keep/run_0 mse=0.123352 nmse=1.96949 inference_seconds=0.425
2026-08-28 23:47:15 | configuration dataset=time/coastal_t_s_h_part11 L=504 H=168 model=chronos_t5 covariates=none instance_norm=false remove_constant=false seed=1 batch_size=32
[2026-08-28 23:47:18,250][data.dataset][INFO] - dataset config path=/fssmall/home/h61084/codes/datasets/time/coastal_t_s_h_part11/config.json applied_keys=['date_col', 'drop_users', 'target_cols']
[2026-08-28 23:47:18,273][evaluation.evaluator][INFO] - evaluate dataset=time/coastal_t_s_h_part11 users=3 dates=8158 windows=45 removed_constant=0 L=504 H=168 stride=512
[2026-08-28 23:47:23,706][/fssmall/home/h61084/codes/tsfm/.venv/lib/python3.12/site-packages/chronos/chronos.py][WARNING] - We recommend keeping prediction length <= 64. The quality of longer predictions may degrade since the model is not optimized for it. 
[2026-08-28 23:47:27,511][/fssmall/home/h61084/codes/tsfm/.venv/lib/python3.12/site-packages/chronos/chronos.py][WARNING] - We recommend keeping prediction length <= 64. The quality of longer predictions may degrade since the model is not optimized for it. 
[2026-08-28 23:47:29,512][evaluation.evaluator][INFO] - artifacts ready run=/fslarge/scratch/users/h61084/codes/tsfm/outputs_selena/foundation_models/time-coastal_t_s_h_part11/504_168/chronos_t5/none/raw/keep/run_0 mse=0.153691 nmse=2.88174 inference_seconds=5.783
2026-08-28 23:47:31 | configuration dataset=time/coastal_t_s_h_part11 L=504 H=168 model=ts_icl covariates=none instance_norm=false remove_constant=false seed=1 batch_size=32
[2026-08-28 23:47:33,530][data.dataset][INFO] - dataset config path=/fssmall/home/h61084/codes/datasets/time/coastal_t_s_h_part11/config.json applied_keys=['date_col', 'drop_users', 'target_cols']
[2026-08-28 23:47:33,552][evaluation.evaluator][INFO] - evaluate dataset=time/coastal_t_s_h_part11 users=3 dates=8158 windows=45 removed_constant=0 L=504 H=168 stride=512
[2026-08-28 23:47:35,852][evaluation.evaluator][INFO] - artifacts ready run=/fslarge/scratch/users/h61084/codes/tsfm/outputs_selena/foundation_models/time-coastal_t_s_h_part11/504_168/ts_icl/none/raw/keep/run_0 mse=0.128429 nmse=1.91364 inference_seconds=1.349
2026-08-28 23:47:36 | configuration dataset=time/coastal_t_s_h_part12 L=336 H=48 model=chronos2 covariates=none instance_norm=false remove_constant=false seed=1 batch_size=64
[2026-08-28 23:47:39,480][data.dataset][INFO] - dataset config path=/fssmall/home/h61084/codes/datasets/time/coastal_t_s_h_part12/config.json applied_keys=['date_col', 'drop_users', 'target_cols']
[2026-08-28 23:47:39,503][evaluation.evaluator][INFO] - evaluate dataset=time/coastal_t_s_h_part12 users=3 dates=4871 windows=27 removed_constant=0 L=336 H=48 stride=512
[2026-08-28 23:47:44,995][evaluation.evaluator][INFO] - artifacts ready run=/fslarge/scratch/users/h61084/codes/tsfm/outputs_selena/foundation_models/time-coastal_t_s_h_part12/336_48/chronos2/none/raw/keep/run_0 mse=0.216347 nmse=0.348246 inference_seconds=0.195
2026-08-28 23:47:46 | configuration dataset=time/coastal_t_s_h_part12 L=336 H=48 model=chronos_bolt covariates=none instance_norm=false remove_constant=false seed=1 batch_size=128
[2026-08-28 23:47:48,748][data.dataset][INFO] - dataset config path=/fssmall/home/h61084/codes/datasets/time/coastal_t_s_h_part12/config.json applied_keys=['date_col', 'drop_users', 'target_cols']
[2026-08-28 23:47:48,769][evaluation.evaluator][INFO] - evaluate dataset=time/coastal_t_s_h_part12 users=3 dates=4871 windows=27 removed_constant=0 L=336 H=48 stride=512
[2026-08-28 23:47:55,298][evaluation.evaluator][INFO] - artifacts ready run=/fslarge/scratch/users/h61084/codes/tsfm/outputs_selena/foundation_models/time-coastal_t_s_h_part12/336_48/chronos_bolt/none/raw/keep/run_0 mse=0.520841 nmse=0.60497 inference_seconds=0.204
2026-08-28 23:47:56 | configuration dataset=time/coastal_t_s_h_part12 L=336 H=48 model=chronos_t5 covariates=none instance_norm=false remove_constant=false seed=1 batch_size=32
[2026-08-28 23:47:59,082][data.dataset][INFO] - dataset config path=/fssmall/home/h61084/codes/datasets/time/coastal_t_s_h_part12/config.json applied_keys=['date_col', 'drop_users', 'target_cols']
[2026-08-28 23:47:59,104][evaluation.evaluator][INFO] - evaluate dataset=time/coastal_t_s_h_part12 users=3 dates=4871 windows=27 removed_constant=0 L=336 H=48 stride=512
[2026-08-28 23:48:05,551][evaluation.evaluator][INFO] - artifacts ready run=/fslarge/scratch/users/h61084/codes/tsfm/outputs_selena/foundation_models/time-coastal_t_s_h_part12/336_48/chronos_t5/none/raw/keep/run_0 mse=0.393835 nmse=1.2372 inference_seconds=0.984
2026-08-28 23:48:06 | configuration dataset=time/coastal_t_s_h_part12 L=336 H=48 model=ts_icl covariates=none instance_norm=false remove_constant=false seed=1 batch_size=32
[2026-08-28 23:48:09,301][data.dataset][INFO] - dataset config path=/fssmall/home/h61084/codes/datasets/time/coastal_t_s_h_part12/config.json applied_keys=['date_col', 'drop_users', 'target_cols']
[2026-08-28 23:48:09,322][evaluation.evaluator][INFO] - evaluate dataset=time/coastal_t_s_h_part12 users=3 dates=4871 windows=27 removed_constant=0 L=336 H=48 stride=512
[2026-08-28 23:48:11,407][evaluation.evaluator][INFO] - artifacts ready run=/fslarge/scratch/users/h61084/codes/tsfm/outputs_selena/foundation_models/time-coastal_t_s_h_part12/336_48/ts_icl/none/raw/keep/run_0 mse=0.310765 nmse=0.395012 inference_seconds=1.246
2026-08-28 23:48:12 | configuration dataset=time/coastal_t_s_h_part12 L=504 H=168 model=chronos2 covariates=none instance_norm=false remove_constant=false seed=1 batch_size=64
[2026-08-28 23:48:14,990][data.dataset][INFO] - dataset config path=/fssmall/home/h61084/codes/datasets/time/coastal_t_s_h_part12/config.json applied_keys=['date_col', 'drop_users', 'target_cols']
[2026-08-28 23:48:15,030][evaluation.evaluator][INFO] - evaluate dataset=time/coastal_t_s_h_part12 users=3 dates=4871 windows=27 removed_constant=0 L=504 H=168 stride=512
[2026-08-28 23:48:20,490][evaluation.evaluator][INFO] - artifacts ready run=/fslarge/scratch/users/h61084/codes/tsfm/outputs_selena/foundation_models/time-coastal_t_s_h_part12/504_168/chronos2/none/raw/keep/run_0 mse=111.233 nmse=1.93668 inference_seconds=0.192
2026-08-28 23:48:21 | configuration dataset=time/coastal_t_s_h_part12 L=504 H=168 model=chronos_bolt covariates=none instance_norm=false remove_constant=false seed=1 batch_size=128
[2026-08-28 23:48:24,230][data.dataset][INFO] - dataset config path=/fssmall/home/h61084/codes/datasets/time/coastal_t_s_h_part12/config.json applied_keys=['date_col', 'drop_users', 'target_cols']
[2026-08-28 23:48:24,251][evaluation.evaluator][INFO] - evaluate dataset=time/coastal_t_s_h_part12 users=3 dates=4871 windows=27 removed_constant=0 L=504 H=168 stride=512
[2026-08-28 23:48:30,083][evaluation.evaluator][INFO] - artifacts ready run=/fslarge/scratch/users/h61084/codes/tsfm/outputs_selena/foundation_models/time-coastal_t_s_h_part12/504_168/chronos_bolt/none/raw/keep/run_0 mse=113.923 nmse=2.32005 inference_seconds=0.359
2026-08-28 23:48:31 | configuration dataset=time/coastal_t_s_h_part12 L=504 H=168 model=chronos_t5 covariates=none instance_norm=false remove_constant=false seed=1 batch_size=32
[2026-08-28 23:48:33,849][data.dataset][INFO] - dataset config path=/fssmall/home/h61084/codes/datasets/time/coastal_t_s_h_part12/config.json applied_keys=['date_col', 'drop_users', 'target_cols']
[2026-08-28 23:48:33,871][evaluation.evaluator][INFO] - evaluate dataset=time/coastal_t_s_h_part12 users=3 dates=4871 windows=27 removed_constant=0 L=504 H=168 stride=512
[2026-08-28 23:48:39,316][/fssmall/home/h61084/codes/tsfm/.venv/lib/python3.12/site-packages/chronos/chronos.py][WARNING] - We recommend keeping prediction length <= 64. The quality of longer predictions may degrade since the model is not optimized for it. 
[2026-08-28 23:48:42,692][evaluation.evaluator][INFO] - artifacts ready run=/fslarge/scratch/users/h61084/codes/tsfm/outputs_selena/foundation_models/time-coastal_t_s_h_part12/504_168/chronos_t5/none/raw/keep/run_0 mse=113.218 nmse=3.45663 inference_seconds=3.356
2026-08-28 23:48:43 | configuration dataset=time/coastal_t_s_h_part12 L=504 H=168 model=ts_icl covariates=none instance_norm=false remove_constant=false seed=1 batch_size=32
[2026-08-28 23:48:46,458][data.dataset][INFO] - dataset config path=/fssmall/home/h61084/codes/datasets/time/coastal_t_s_h_part12/config.json applied_keys=['date_col', 'drop_users', 'target_cols']
[2026-08-28 23:48:46,479][evaluation.evaluator][INFO] - evaluate dataset=time/coastal_t_s_h_part12 users=3 dates=4871 windows=27 removed_constant=0 L=504 H=168 stride=512
[2026-08-28 23:48:48,591][evaluation.evaluator][INFO] - artifacts ready run=/fslarge/scratch/users/h61084/codes/tsfm/outputs_selena/foundation_models/time-coastal_t_s_h_part12/504_168/ts_icl/none/raw/keep/run_0 mse=110.993 nmse=2.08792 inference_seconds=1.259
2026-08-28 23:48:49 | configuration dataset=time/coastal_t_s_h_part13 L=336 H=48 model=chronos2 covariates=none instance_norm=false remove_constant=false seed=1 batch_size=64
[2026-08-28 23:48:52,198][data.dataset][INFO] - dataset config path=/fssmall/home/h61084/codes/datasets/time/coastal_t_s_h_part13/config.json applied_keys=['date_col', 'drop_users', 'target_cols']
[2026-08-28 23:48:52,220][evaluation.evaluator][INFO] - evaluate dataset=time/coastal_t_s_h_part13 users=3 dates=4848 windows=27 removed_constant=0 L=336 H=48 stride=512
[2026-08-28 23:48:57,737][evaluation.evaluator][INFO] - artifacts ready run=/fslarge/scratch/users/h61084/codes/tsfm/outputs_selena/foundation_models/time-coastal_t_s_h_part13/336_48/chronos2/none/raw/keep/run_0 mse=0.545136 nmse=0.30942 inference_seconds=0.192
2026-08-28 23:48:59 | configuration dataset=time/coastal_t_s_h_part13 L=336 H=48 model=chronos_bolt covariates=none instance_norm=false remove_constant=false seed=1 batch_size=128
[2026-08-28 23:49:01,493][data.dataset][INFO] - dataset config path=/fssmall/home/h61084/codes/datasets/time/coastal_t_s_h_part13/config.json applied_keys=['date_col', 'drop_users', 'target_cols']
[2026-08-28 23:49:01,514][evaluation.evaluator][INFO] - evaluate dataset=time/coastal_t_s_h_part13 users=3 dates=4848 windows=27 removed_constant=0 L=336 H=48 stride=512
[2026-08-28 23:49:07,181][evaluation.evaluator][INFO] - artifacts ready run=/fslarge/scratch/users/h61084/codes/tsfm/outputs_selena/foundation_models/time-coastal_t_s_h_part13/336_48/chronos_bolt/none/raw/keep/run_0 mse=2.09198 nmse=0.759921 inference_seconds=0.203
2026-08-28 23:49:08 | configuration dataset=time/coastal_t_s_h_part13 L=336 H=48 model=chronos_t5 covariates=none instance_norm=false remove_constant=false seed=1 batch_size=32
[2026-08-28 23:49:10,968][data.dataset][INFO] - dataset config path=/fssmall/home/h61084/codes/datasets/time/coastal_t_s_h_part13/config.json applied_keys=['date_col', 'drop_users', 'target_cols']
[2026-08-28 23:49:10,989][evaluation.evaluator][INFO] - evaluate dataset=time/coastal_t_s_h_part13 users=3 dates=4848 windows=27 removed_constant=0 L=336 H=48 stride=512
[2026-08-28 23:49:17,436][evaluation.evaluator][INFO] - artifacts ready run=/fslarge/scratch/users/h61084/codes/tsfm/outputs_selena/foundation_models/time-coastal_t_s_h_part13/336_48/chronos_t5/none/raw/keep/run_0 mse=0.943805 nmse=2.37199 inference_seconds=0.991
2026-08-28 23:49:18 | configuration dataset=time/coastal_t_s_h_part13 L=336 H=48 model=ts_icl covariates=none instance_norm=false remove_constant=false seed=1 batch_size=32
[2026-08-28 23:49:21,228][data.dataset][INFO] - dataset config path=/fssmall/home/h61084/codes/datasets/time/coastal_t_s_h_part13/config.json applied_keys=['date_col', 'drop_users', 'target_cols']
[2026-08-28 23:49:21,248][evaluation.evaluator][INFO] - evaluate dataset=time/coastal_t_s_h_part13 users=3 dates=4848 windows=27 removed_constant=0 L=336 H=48 stride=512
[2026-08-28 23:49:23,333][evaluation.evaluator][INFO] - artifacts ready run=/fslarge/scratch/users/h61084/codes/tsfm/outputs_selena/foundation_models/time-coastal_t_s_h_part13/336_48/ts_icl/none/raw/keep/run_0 mse=1.68314 nmse=0.360714 inference_seconds=1.251
2026-08-28 23:49:24 | configuration dataset=time/coastal_t_s_h_part13 L=504 H=168 model=chronos2 covariates=none instance_norm=false remove_constant=false seed=1 batch_size=64
[2026-08-28 23:49:26,922][data.dataset][INFO] - dataset config path=/fssmall/home/h61084/codes/datasets/time/coastal_t_s_h_part13/config.json applied_keys=['date_col', 'drop_users', 'target_cols']
[2026-08-28 23:49:26,944][evaluation.evaluator][INFO] - evaluate dataset=time/coastal_t_s_h_part13 users=3 dates=4848 windows=27 removed_constant=0 L=504 H=168 stride=512
[2026-08-28 23:49:32,483][evaluation.evaluator][INFO] - artifacts ready run=/fslarge/scratch/users/h61084/codes/tsfm/outputs_selena/foundation_models/time-coastal_t_s_h_part13/504_168/chronos2/none/raw/keep/run_0 mse=1.26186 nmse=0.681392 inference_seconds=0.194
2026-08-28 23:49:33 | configuration dataset=time/coastal_t_s_h_part13 L=504 H=168 model=chronos_bolt covariates=none instance_norm=false remove_constant=false seed=1 batch_size=128
[2026-08-28 23:49:36,298][data.dataset][INFO] - dataset config path=/fssmall/home/h61084/codes/datasets/time/coastal_t_s_h_part13/config.json applied_keys=['date_col', 'drop_users', 'target_cols']
[2026-08-28 23:49:36,319][evaluation.evaluator][INFO] - evaluate dataset=time/coastal_t_s_h_part13 users=3 dates=4848 windows=27 removed_constant=0 L=504 H=168 stride=512
[2026-08-28 23:49:42,211][evaluation.evaluator][INFO] - artifacts ready run=/fslarge/scratch/users/h61084/codes/tsfm/outputs_selena/foundation_models/time-coastal_t_s_h_part13/504_168/chronos_bolt/none/raw/keep/run_0 mse=4.23209 nmse=1.49622 inference_seconds=0.368
2026-08-28 23:49:43 | configuration dataset=time/coastal_t_s_h_part13 L=504 H=168 model=chronos_t5 covariates=none instance_norm=false remove_constant=false seed=1 batch_size=32
[2026-08-28 23:49:46,008][data.dataset][INFO] - dataset config path=/fssmall/home/h61084/codes/datasets/time/coastal_t_s_h_part13/config.json applied_keys=['date_col', 'drop_users', 'target_cols']
[2026-08-28 23:49:46,030][evaluation.evaluator][INFO] - evaluate dataset=time/coastal_t_s_h_part13 users=3 dates=4848 windows=27 removed_constant=0 L=504 H=168 stride=512
[2026-08-28 23:49:51,566][/fssmall/home/h61084/codes/tsfm/.venv/lib/python3.12/site-packages/chronos/chronos.py][WARNING] - We recommend keeping prediction length <= 64. The quality of longer predictions may degrade since the model is not optimized for it. 
[2026-08-28 23:49:54,907][evaluation.evaluator][INFO] - artifacts ready run=/fslarge/scratch/users/h61084/codes/tsfm/outputs_selena/foundation_models/time-coastal_t_s_h_part13/504_168/chronos_t5/none/raw/keep/run_0 mse=3.68033 nmse=2.9753 inference_seconds=3.320
2026-08-28 23:49:56 | configuration dataset=time/coastal_t_s_h_part13 L=504 H=168 model=ts_icl covariates=none instance_norm=false remove_constant=false seed=1 batch_size=32
[2026-08-28 23:49:58,703][data.dataset][INFO] - dataset config path=/fssmall/home/h61084/codes/datasets/time/coastal_t_s_h_part13/config.json applied_keys=['date_col', 'drop_users', 'target_cols']
[2026-08-28 23:49:58,724][evaluation.evaluator][INFO] - evaluate dataset=time/coastal_t_s_h_part13 users=3 dates=4848 windows=27 removed_constant=0 L=504 H=168 stride=512
[2026-08-28 23:50:00,833][evaluation.evaluator][INFO] - artifacts ready run=/fslarge/scratch/users/h61084/codes/tsfm/outputs_selena/foundation_models/time-coastal_t_s_h_part13/504_168/ts_icl/none/raw/keep/run_0 mse=1.43816 nmse=0.704644 inference_seconds=1.274
2026-08-28 23:50:01 | configuration dataset=time/coastal_t_s_h_part14 L=336 H=48 model=chronos2 covariates=none instance_norm=false remove_constant=false seed=1 batch_size=64
[2026-08-28 23:50:04,470][data.dataset][INFO] - dataset config path=/fssmall/home/h61084/codes/datasets/time/coastal_t_s_h_part14/config.json applied_keys=['date_col', 'drop_users', 'target_cols']
[2026-08-28 23:50:04,493][evaluation.evaluator][INFO] - evaluate dataset=time/coastal_t_s_h_part14 users=3 dates=4829 windows=27 removed_constant=0 L=336 H=48 stride=512
[2026-08-28 23:50:09,994][evaluation.evaluator][INFO] - artifacts ready run=/fslarge/scratch/users/h61084/codes/tsfm/outputs_selena/foundation_models/time-coastal_t_s_h_part14/336_48/chronos2/none/raw/keep/run_0 mse=611.927 nmse=2412.19 inference_seconds=0.192
2026-08-28 23:50:11 | configuration dataset=time/coastal_t_s_h_part14 L=336 H=48 model=chronos_bolt covariates=none instance_norm=false remove_constant=false seed=1 batch_size=128
[2026-08-28 23:50:13,777][data.dataset][INFO] - dataset config path=/fssmall/home/h61084/codes/datasets/time/coastal_t_s_h_part14/config.json applied_keys=['date_col', 'drop_users', 'target_cols']
[2026-08-28 23:50:13,798][evaluation.evaluator][INFO] - evaluate dataset=time/coastal_t_s_h_part14 users=3 dates=4829 windows=27 removed_constant=0 L=336 H=48 stride=512
[2026-08-28 23:50:19,557][evaluation.evaluator][INFO] - artifacts ready run=/fslarge/scratch/users/h61084/codes/tsfm/outputs_selena/foundation_models/time-coastal_t_s_h_part14/336_48/chronos_bolt/none/raw/keep/run_0 mse=616.293 nmse=2413.3 inference_seconds=0.204
2026-08-28 23:50:20 | configuration dataset=time/coastal_t_s_h_part14 L=336 H=48 model=chronos_t5 covariates=none instance_norm=false remove_constant=false seed=1 batch_size=32
[2026-08-28 23:50:23,354][data.dataset][INFO] - dataset config path=/fssmall/home/h61084/codes/datasets/time/coastal_t_s_h_part14/config.json applied_keys=['date_col', 'drop_users', 'target_cols']
[2026-08-28 23:50:23,375][evaluation.evaluator][INFO] - evaluate dataset=time/coastal_t_s_h_part14 users=3 dates=4829 windows=27 removed_constant=0 L=336 H=48 stride=512
[2026-08-28 23:50:29,857][evaluation.evaluator][INFO] - artifacts ready run=/fslarge/scratch/users/h61084/codes/tsfm/outputs_selena/foundation_models/time-coastal_t_s_h_part14/336_48/chronos_t5/none/raw/keep/run_0 mse=613.099 nmse=2379.6 inference_seconds=0.989
2026-08-28 23:50:31 | configuration dataset=time/coastal_t_s_h_part14 L=336 H=48 model=ts_icl covariates=none instance_norm=false remove_constant=false seed=1 batch_size=32
[2026-08-28 23:50:33,713][data.dataset][INFO] - dataset config path=/fssmall/home/h61084/codes/datasets/time/coastal_t_s_h_part14/config.json applied_keys=['date_col', 'drop_users', 'target_cols']
[2026-08-28 23:50:33,734][evaluation.evaluator][INFO] - evaluate dataset=time/coastal_t_s_h_part14 users=3 dates=4829 windows=27 removed_constant=0 L=336 H=48 stride=512
[2026-08-28 23:50:35,825][evaluation.evaluator][INFO] - artifacts ready run=/fslarge/scratch/users/h61084/codes/tsfm/outputs_selena/foundation_models/time-coastal_t_s_h_part14/336_48/ts_icl/none/raw/keep/run_0 mse=611.59 nmse=2410.79 inference_seconds=1.252
2026-08-28 23:50:36 | configuration dataset=time/coastal_t_s_h_part14 L=504 H=168 model=chronos2 covariates=none instance_norm=false remove_constant=false seed=1 batch_size=64
[2026-08-28 23:50:39,469][data.dataset][INFO] - dataset config path=/fssmall/home/h61084/codes/datasets/time/coastal_t_s_h_part14/config.json applied_keys=['date_col', 'drop_users', 'target_cols']
[2026-08-28 23:50:39,491][evaluation.evaluator][INFO] - evaluate dataset=time/coastal_t_s_h_part14 users=3 dates=4829 windows=27 removed_constant=0 L=504 H=168 stride=512
[2026-08-28 23:50:45,056][evaluation.evaluator][INFO] - artifacts ready run=/fslarge/scratch/users/h61084/codes/tsfm/outputs_selena/foundation_models/time-coastal_t_s_h_part14/504_168/chronos2/none/raw/keep/run_0 mse=1.29184 nmse=1.76529 inference_seconds=0.198
2026-08-28 23:50:46 | configuration dataset=time/coastal_t_s_h_part14 L=504 H=168 model=chronos_bolt covariates=none instance_norm=false remove_constant=false seed=1 batch_size=128
[2026-08-28 23:50:48,856][data.dataset][INFO] - dataset config path=/fssmall/home/h61084/codes/datasets/time/coastal_t_s_h_part14/config.json applied_keys=['date_col', 'drop_users', 'target_cols']
[2026-08-28 23:50:48,877][evaluation.evaluator][INFO] - evaluate dataset=time/coastal_t_s_h_part14 users=3 dates=4829 windows=27 removed_constant=0 L=504 H=168 stride=512
[2026-08-28 23:50:54,807][evaluation.evaluator][INFO] - artifacts ready run=/fslarge/scratch/users/h61084/codes/tsfm/outputs_selena/foundation_models/time-coastal_t_s_h_part14/504_168/chronos_bolt/none/raw/keep/run_0 mse=2.64389 nmse=1.95151 inference_seconds=0.346
2026-08-28 23:50:56 | configuration dataset=time/coastal_t_s_h_part14 L=504 H=168 model=chronos_t5 covariates=none instance_norm=false remove_constant=false seed=1 batch_size=32
[2026-08-28 23:50:58,628][data.dataset][INFO] - dataset config path=/fssmall/home/h61084/codes/datasets/time/coastal_t_s_h_part14/config.json applied_keys=['date_col', 'drop_users', 'target_cols']
[2026-08-28 23:50:58,649][evaluation.evaluator][INFO] - evaluate dataset=time/coastal_t_s_h_part14 users=3 dates=4829 windows=27 removed_constant=0 L=504 H=168 stride=512
[2026-08-28 23:51:04,081][/fssmall/home/h61084/codes/tsfm/.venv/lib/python3.12/site-packages/chronos/chronos.py][WARNING] - We recommend keeping prediction length <= 64. The quality of longer predictions may degrade since the model is not optimized for it. 
[2026-08-28 23:51:07,428][evaluation.evaluator][INFO] - artifacts ready run=/fslarge/scratch/users/h61084/codes/tsfm/outputs_selena/foundation_models/time-coastal_t_s_h_part14/504_168/chronos_t5/none/raw/keep/run_0 mse=1.22366 nmse=26.7588 inference_seconds=3.325
2026-08-28 23:51:08 | configuration dataset=time/coastal_t_s_h_part14 L=504 H=168 model=ts_icl covariates=none instance_norm=false remove_constant=false seed=1 batch_size=32
[2026-08-28 23:51:11,272][data.dataset][INFO] - dataset config path=/fssmall/home/h61084/codes/datasets/time/coastal_t_s_h_part14/config.json applied_keys=['date_col', 'drop_users', 'target_cols']
[2026-08-28 23:51:11,293][evaluation.evaluator][INFO] - evaluate dataset=time/coastal_t_s_h_part14 users=3 dates=4829 windows=27 removed_constant=0 L=504 H=168 stride=512
[2026-08-28 23:51:13,405][evaluation.evaluator][INFO] - artifacts ready run=/fslarge/scratch/users/h61084/codes/tsfm/outputs_selena/foundation_models/time-coastal_t_s_h_part14/504_168/ts_icl/none/raw/keep/run_0 mse=1.10184 nmse=1.54116 inference_seconds=1.269
2026-08-28 23:51:14 | configuration dataset=time/coastal_t_s_h_part15 L=336 H=48 model=chronos2 covariates=none instance_norm=false remove_constant=false seed=1 batch_size=64
[2026-08-28 23:51:17,051][data.dataset][INFO] - dataset config path=/fssmall/home/h61084/codes/datasets/time/coastal_t_s_h_part15/config.json applied_keys=['date_col', 'drop_users', 'target_cols']
[2026-08-28 23:51:17,074][evaluation.evaluator][INFO] - evaluate dataset=time/coastal_t_s_h_part15 users=3 dates=4848 windows=27 removed_constant=0 L=336 H=48 stride=512
[2026-08-28 23:51:22,510][evaluation.evaluator][INFO] - artifacts ready run=/fslarge/scratch/users/h61084/codes/tsfm/outputs_selena/foundation_models/time-coastal_t_s_h_part15/336_48/chronos2/none/raw/keep/run_0 mse=8.08146 nmse=0.860053 inference_seconds=0.196
2026-08-28 23:51:23 | configuration dataset=time/coastal_t_s_h_part15 L=336 H=48 model=chronos_bolt covariates=none instance_norm=false remove_constant=false seed=1 batch_size=128
[2026-08-28 23:51:26,315][data.dataset][INFO] - dataset config path=/fssmall/home/h61084/codes/datasets/time/coastal_t_s_h_part15/config.json applied_keys=['date_col', 'drop_users', 'target_cols']
[2026-08-28 23:51:26,336][evaluation.evaluator][INFO] - evaluate dataset=time/coastal_t_s_h_part15 users=3 dates=4848 windows=27 removed_constant=0 L=336 H=48 stride=512
[2026-08-28 23:51:31,996][evaluation.evaluator][INFO] - artifacts ready run=/fslarge/scratch/users/h61084/codes/tsfm/outputs_selena/foundation_models/time-coastal_t_s_h_part15/336_48/chronos_bolt/none/raw/keep/run_0 mse=6.60269 nmse=1.02683 inference_seconds=0.205
2026-08-28 23:51:33 | configuration dataset=time/coastal_t_s_h_part15 L=336 H=48 model=chronos_t5 covariates=none instance_norm=false remove_constant=false seed=1 batch_size=32
[2026-08-28 23:51:35,852][data.dataset][INFO] - dataset config path=/fssmall/home/h61084/codes/datasets/time/coastal_t_s_h_part15/config.json applied_keys=['date_col', 'drop_users', 'target_cols']
[2026-08-28 23:51:35,874][evaluation.evaluator][INFO] - evaluate dataset=time/coastal_t_s_h_part15 users=3 dates=4848 windows=27 removed_constant=0 L=336 H=48 stride=512
[2026-08-28 23:51:42,339][evaluation.evaluator][INFO] - artifacts ready run=/fslarge/scratch/users/h61084/codes/tsfm/outputs_selena/foundation_models/time-coastal_t_s_h_part15/336_48/chronos_t5/none/raw/keep/run_0 mse=7.30217 nmse=3.20701 inference_seconds=0.992
2026-08-28 23:51:43 | configuration dataset=time/coastal_t_s_h_part15 L=336 H=48 model=ts_icl covariates=none instance_norm=false remove_constant=false seed=1 batch_size=32
[2026-08-28 23:51:46,204][data.dataset][INFO] - dataset config path=/fssmall/home/h61084/codes/datasets/time/coastal_t_s_h_part15/config.json applied_keys=['date_col', 'drop_users', 'target_cols']
[2026-08-28 23:51:46,225][evaluation.evaluator][INFO] - evaluate dataset=time/coastal_t_s_h_part15 users=3 dates=4848 windows=27 removed_constant=0 L=336 H=48 stride=512
[2026-08-28 23:51:48,305][evaluation.evaluator][INFO] - artifacts ready run=/fslarge/scratch/users/h61084/codes/tsfm/outputs_selena/foundation_models/time-coastal_t_s_h_part15/336_48/ts_icl/none/raw/keep/run_0 mse=8.85892 nmse=0.808202 inference_seconds=1.241
2026-08-28 23:51:49 | configuration dataset=time/coastal_t_s_h_part15 L=504 H=168 model=chronos2 covariates=none instance_norm=false remove_constant=false seed=1 batch_size=64
[2026-08-28 23:51:51,947][data.dataset][INFO] - dataset config path=/fssmall/home/h61084/codes/datasets/time/coastal_t_s_h_part15/config.json applied_keys=['date_col', 'drop_users', 'target_cols']
[2026-08-28 23:51:51,968][evaluation.evaluator][INFO] - evaluate dataset=time/coastal_t_s_h_part15 users=3 dates=4848 windows=27 removed_constant=0 L=504 H=168 stride=512
[2026-08-28 23:51:57,491][evaluation.evaluator][INFO] - artifacts ready run=/fslarge/scratch/users/h61084/codes/tsfm/outputs_selena/foundation_models/time-coastal_t_s_h_part15/504_168/chronos2/none/raw/keep/run_0 mse=48.4243 nmse=0.851172 inference_seconds=0.195
2026-08-28 23:51:58 | configuration dataset=time/coastal_t_s_h_part15 L=504 H=168 model=chronos_bolt covariates=none instance_norm=false remove_constant=false seed=1 batch_size=128
[2026-08-28 23:52:01,312][data.dataset][INFO] - dataset config path=/fssmall/home/h61084/codes/datasets/time/coastal_t_s_h_part15/config.json applied_keys=['date_col', 'drop_users', 'target_cols']
[2026-08-28 23:52:01,333][evaluation.evaluator][INFO] - evaluate dataset=time/coastal_t_s_h_part15 users=3 dates=4848 windows=27 removed_constant=0 L=504 H=168 stride=512
[2026-08-28 23:52:07,257][evaluation.evaluator][INFO] - artifacts ready run=/fslarge/scratch/users/h61084/codes/tsfm/outputs_selena/foundation_models/time-coastal_t_s_h_part15/504_168/chronos_bolt/none/raw/keep/run_0 mse=14.0287 nmse=0.956491 inference_seconds=0.359
2026-08-28 23:52:08 | configuration dataset=time/coastal_t_s_h_part15 L=504 H=168 model=chronos_t5 covariates=none instance_norm=false remove_constant=false seed=1 batch_size=32
[2026-08-28 23:52:11,108][data.dataset][INFO] - dataset config path=/fssmall/home/h61084/codes/datasets/time/coastal_t_s_h_part15/config.json applied_keys=['date_col', 'drop_users', 'target_cols']
[2026-08-28 23:52:11,129][evaluation.evaluator][INFO] - evaluate dataset=time/coastal_t_s_h_part15 users=3 dates=4848 windows=27 removed_constant=0 L=504 H=168 stride=512
[2026-08-28 23:52:16,618][/fssmall/home/h61084/codes/tsfm/.venv/lib/python3.12/site-packages/chronos/chronos.py][WARNING] - We recommend keeping prediction length <= 64. The quality of longer predictions may degrade since the model is not optimized for it. 
[2026-08-28 23:52:19,996][evaluation.evaluator][INFO] - artifacts ready run=/fslarge/scratch/users/h61084/codes/tsfm/outputs_selena/foundation_models/time-coastal_t_s_h_part15/504_168/chronos_t5/none/raw/keep/run_0 mse=13.0883 nmse=2.88463 inference_seconds=3.357
2026-08-28 23:52:21 | configuration dataset=time/coastal_t_s_h_part15 L=504 H=168 model=ts_icl covariates=none instance_norm=false remove_constant=false seed=1 batch_size=32
[2026-08-28 23:52:23,850][data.dataset][INFO] - dataset config path=/fssmall/home/h61084/codes/datasets/time/coastal_t_s_h_part15/config.json applied_keys=['date_col', 'drop_users', 'target_cols']
[2026-08-28 23:52:23,870][evaluation.evaluator][INFO] - evaluate dataset=time/coastal_t_s_h_part15 users=3 dates=4848 windows=27 removed_constant=0 L=504 H=168 stride=512
[2026-08-28 23:52:25,980][evaluation.evaluator][INFO] - artifacts ready run=/fslarge/scratch/users/h61084/codes/tsfm/outputs_selena/foundation_models/time-coastal_t_s_h_part15/504_168/ts_icl/none/raw/keep/run_0 mse=14.2251 nmse=0.743824 inference_seconds=1.262
2026-08-28 23:52:27 | configuration dataset=time/coastal_t_s_h_part16 L=336 H=48 model=chronos2 covariates=none instance_norm=false remove_constant=false seed=1 batch_size=64
[2026-08-28 23:52:29,641][data.dataset][INFO] - dataset config path=/fssmall/home/h61084/codes/datasets/time/coastal_t_s_h_part16/config.json applied_keys=['date_col', 'drop_users', 'target_cols']
[2026-08-28 23:52:29,667][evaluation.evaluator][INFO] - evaluate dataset=time/coastal_t_s_h_part16 users=6 dates=8784 windows=102 removed_constant=0 L=336 H=48 stride=512
[2026-08-28 23:52:35,236][evaluation.evaluator][INFO] - artifacts ready run=/fslarge/scratch/users/h61084/codes/tsfm/outputs_selena/foundation_models/time-coastal_t_s_h_part16/336_48/chronos2/none/raw/keep/run_0 mse=24.2095 nmse=1.43739 inference_seconds=0.215
2026-08-28 23:52:36 | configuration dataset=time/coastal_t_s_h_part16 L=336 H=48 model=chronos_bolt covariates=none instance_norm=false remove_constant=false seed=1 batch_size=128
[2026-08-28 23:52:39,100][data.dataset][INFO] - dataset config path=/fssmall/home/h61084/codes/datasets/time/coastal_t_s_h_part16/config.json applied_keys=['date_col', 'drop_users', 'target_cols']
[2026-08-28 23:52:39,124][evaluation.evaluator][INFO] - evaluate dataset=time/coastal_t_s_h_part16 users=6 dates=8784 windows=102 removed_constant=0 L=336 H=48 stride=512
[2026-08-28 23:52:44,838][evaluation.evaluator][INFO] - artifacts ready run=/fslarge/scratch/users/h61084/codes/tsfm/outputs_selena/foundation_models/time-coastal_t_s_h_part16/336_48/chronos_bolt/none/raw/keep/run_0 mse=23.8043 nmse=1.09599 inference_seconds=0.209
2026-08-28 23:52:46 | configuration dataset=time/coastal_t_s_h_part16 L=336 H=48 model=chronos_t5 covariates=none instance_norm=false remove_constant=false seed=1 batch_size=32
[2026-08-28 23:52:48,665][data.dataset][INFO] - dataset config path=/fssmall/home/h61084/codes/datasets/time/coastal_t_s_h_part16/config.json applied_keys=['date_col', 'drop_users', 'target_cols']
[2026-08-28 23:52:48,690][evaluation.evaluator][INFO] - evaluate dataset=time/coastal_t_s_h_part16 users=6 dates=8784 windows=102 removed_constant=0 L=336 H=48 stride=512
[2026-08-28 23:52:57,440][evaluation.evaluator][INFO] - artifacts ready run=/fslarge/scratch/users/h61084/codes/tsfm/outputs_selena/foundation_models/time-coastal_t_s_h_part16/336_48/chronos_t5/none/raw/keep/run_0 mse=28.6002 nmse=7.00451 inference_seconds=3.195
2026-08-28 23:52:58 | configuration dataset=time/coastal_t_s_h_part16 L=336 H=48 model=ts_icl covariates=none instance_norm=false remove_constant=false seed=1 batch_size=32
[2026-08-28 23:53:01,272][data.dataset][INFO] - dataset config path=/fssmall/home/h61084/codes/datasets/time/coastal_t_s_h_part16/config.json applied_keys=['date_col', 'drop_users', 'target_cols']
[2026-08-28 23:53:01,296][evaluation.evaluator][INFO] - evaluate dataset=time/coastal_t_s_h_part16 users=6 dates=8784 windows=102 removed_constant=0 L=336 H=48 stride=512
[2026-08-28 23:53:03,528][evaluation.evaluator][INFO] - artifacts ready run=/fslarge/scratch/users/h61084/codes/tsfm/outputs_selena/foundation_models/time-coastal_t_s_h_part16/336_48/ts_icl/none/raw/keep/run_0 mse=23.7558 nmse=1.13277 inference_seconds=1.384
2026-08-28 23:53:04 | configuration dataset=time/coastal_t_s_h_part16 L=504 H=168 model=chronos2 covariates=none instance_norm=false remove_constant=false seed=1 batch_size=64
[2026-08-28 23:53:07,193][data.dataset][INFO] - dataset config path=/fssmall/home/h61084/codes/datasets/time/coastal_t_s_h_part16/config.json applied_keys=['date_col', 'drop_users', 'target_cols']
[2026-08-28 23:53:07,219][evaluation.evaluator][INFO] - evaluate dataset=time/coastal_t_s_h_part16 users=6 dates=8784 windows=96 removed_constant=0 L=504 H=168 stride=512
[2026-08-28 23:53:12,888][evaluation.evaluator][INFO] - artifacts ready run=/fslarge/scratch/users/h61084/codes/tsfm/outputs_selena/foundation_models/time-coastal_t_s_h_part16/504_168/chronos2/none/raw/keep/run_0 mse=73.9923 nmse=284.065 inference_seconds=0.222
2026-08-28 23:53:14 | configuration dataset=time/coastal_t_s_h_part16 L=504 H=168 model=chronos_bolt covariates=none instance_norm=false remove_constant=false seed=1 batch_size=128
[2026-08-28 23:53:16,760][data.dataset][INFO] - dataset config path=/fssmall/home/h61084/codes/datasets/time/coastal_t_s_h_part16/config.json applied_keys=['date_col', 'drop_users', 'target_cols']
[2026-08-28 23:53:16,785][evaluation.evaluator][INFO] - evaluate dataset=time/coastal_t_s_h_part16 users=6 dates=8784 windows=96 removed_constant=0 L=504 H=168 stride=512
[2026-08-28 23:53:22,993][evaluation.evaluator][INFO] - artifacts ready run=/fslarge/scratch/users/h61084/codes/tsfm/outputs_selena/foundation_models/time-coastal_t_s_h_part16/504_168/chronos_bolt/none/raw/keep/run_0 mse=73.507 nmse=283.858 inference_seconds=0.671
2026-08-28 23:53:24 | configuration dataset=time/coastal_t_s_h_part16 L=504 H=168 model=chronos_t5 covariates=none instance_norm=false remove_constant=false seed=1 batch_size=32
[2026-08-28 23:53:26,838][data.dataset][INFO] - dataset config path=/fssmall/home/h61084/codes/datasets/time/coastal_t_s_h_part16/config.json applied_keys=['date_col', 'drop_users', 'target_cols']
[2026-08-28 23:53:26,863][evaluation.evaluator][INFO] - evaluate dataset=time/coastal_t_s_h_part16 users=6 dates=8784 windows=96 removed_constant=0 L=504 H=168 stride=512
[2026-08-28 23:53:32,360][/fssmall/home/h61084/codes/tsfm/.venv/lib/python3.12/site-packages/chronos/chronos.py][WARNING] - We recommend keeping prediction length <= 64. The quality of longer predictions may degrade since the model is not optimized for it. 
[2026-08-28 23:53:36,161][/fssmall/home/h61084/codes/tsfm/.venv/lib/python3.12/site-packages/chronos/chronos.py][WARNING] - We recommend keeping prediction length <= 64. The quality of longer predictions may degrade since the model is not optimized for it. 
[2026-08-28 23:53:39,668][/fssmall/home/h61084/codes/tsfm/.venv/lib/python3.12/site-packages/chronos/chronos.py][WARNING] - We recommend keeping prediction length <= 64. The quality of longer predictions may degrade since the model is not optimized for it. 
[2026-08-28 23:53:43,192][evaluation.evaluator][INFO] - artifacts ready run=/fslarge/scratch/users/h61084/codes/tsfm/outputs_selena/foundation_models/time-coastal_t_s_h_part16/504_168/chronos_t5/none/raw/keep/run_0 mse=76.653 nmse=290.863 inference_seconds=10.808
2026-08-28 23:53:44 | configuration dataset=time/coastal_t_s_h_part16 L=504 H=168 model=ts_icl covariates=none instance_norm=false remove_constant=false seed=1 batch_size=32
[2026-08-28 23:53:47,109][data.dataset][INFO] - dataset config path=/fssmall/home/h61084/codes/datasets/time/coastal_t_s_h_part16/config.json applied_keys=['date_col', 'drop_users', 'target_cols']
[2026-08-28 23:53:47,134][evaluation.evaluator][INFO] - evaluate dataset=time/coastal_t_s_h_part16 users=6 dates=8784 windows=96 removed_constant=0 L=504 H=168 stride=512
[2026-08-28 23:53:49,418][evaluation.evaluator][INFO] - artifacts ready run=/fslarge/scratch/users/h61084/codes/tsfm/outputs_selena/foundation_models/time-coastal_t_s_h_part16/504_168/ts_icl/none/raw/keep/run_0 mse=75.9017 nmse=283.735 inference_seconds=1.433
2026-08-28 23:53:50 | configuration dataset=time/coastal_t_s_h_part17 L=336 H=48 model=chronos2 covariates=none instance_norm=false remove_constant=false seed=1 batch_size=64
[2026-08-28 23:53:53,135][data.dataset][INFO] - dataset config path=/fssmall/home/h61084/codes/datasets/time/coastal_t_s_h_part17/config.json applied_keys=['date_col', 'drop_users', 'target_cols']
[2026-08-28 23:53:53,158][evaluation.evaluator][INFO] - evaluate dataset=time/coastal_t_s_h_part17 users=3 dates=5522 windows=33 removed_constant=0 L=336 H=48 stride=512
[2026-08-28 23:53:59,184][evaluation.evaluator][INFO] - artifacts ready run=/fslarge/scratch/users/h61084/codes/tsfm/outputs_selena/foundation_models/time-coastal_t_s_h_part17/336_48/chronos2/none/raw/keep/run_0 mse=0.0166224 nmse=0.866927 inference_seconds=0.194
2026-08-28 23:54:00 | configuration dataset=time/coastal_t_s_h_part17 L=336 H=48 model=chronos_bolt covariates=none instance_norm=false remove_constant=false seed=1 batch_size=128
[2026-08-28 23:54:03,026][data.dataset][INFO] - dataset config path=/fssmall/home/h61084/codes/datasets/time/coastal_t_s_h_part17/config.json applied_keys=['date_col', 'drop_users', 'target_cols']
[2026-08-28 23:54:03,047][evaluation.evaluator][INFO] - evaluate dataset=time/coastal_t_s_h_part17 users=3 dates=5522 windows=33 removed_constant=0 L=336 H=48 stride=512
[2026-08-28 23:54:08,847][evaluation.evaluator][INFO] - artifacts ready run=/fslarge/scratch/users/h61084/codes/tsfm/outputs_selena/foundation_models/time-coastal_t_s_h_part17/336_48/chronos_bolt/none/raw/keep/run_0 mse=0.0183362 nmse=0.830128 inference_seconds=0.202
2026-08-28 23:54:10 | configuration dataset=time/coastal_t_s_h_part17 L=336 H=48 model=chronos_t5 covariates=none instance_norm=false remove_constant=false seed=1 batch_size=32
[2026-08-28 23:54:12,688][data.dataset][INFO] - dataset config path=/fssmall/home/h61084/codes/datasets/time/coastal_t_s_h_part17/config.json applied_keys=['date_col', 'drop_users', 'target_cols']
[2026-08-28 23:54:12,710][evaluation.evaluator][INFO] - evaluate dataset=time/coastal_t_s_h_part17 users=3 dates=5522 windows=33 removed_constant=0 L=336 H=48 stride=512
[2026-08-28 23:54:19,764][evaluation.evaluator][INFO] - artifacts ready run=/fslarge/scratch/users/h61084/codes/tsfm/outputs_selena/foundation_models/time-coastal_t_s_h_part17/336_48/chronos_t5/none/raw/keep/run_0 mse=0.0378654 nmse=2.03883 inference_seconds=1.580
2026-08-28 23:54:21 | configuration dataset=time/coastal_t_s_h_part17 L=336 H=48 model=ts_icl covariates=none instance_norm=false remove_constant=false seed=1 batch_size=32
[2026-08-28 23:54:23,654][data.dataset][INFO] - dataset config path=/fssmall/home/h61084/codes/datasets/time/coastal_t_s_h_part17/config.json applied_keys=['date_col', 'drop_users', 'target_cols']
[2026-08-28 23:54:23,677][evaluation.evaluator][INFO] - evaluate dataset=time/coastal_t_s_h_part17 users=3 dates=5522 windows=33 removed_constant=0 L=336 H=48 stride=512
[2026-08-28 23:54:25,876][evaluation.evaluator][INFO] - artifacts ready run=/fslarge/scratch/users/h61084/codes/tsfm/outputs_selena/foundation_models/time-coastal_t_s_h_part17/336_48/ts_icl/none/raw/keep/run_0 mse=0.0154977 nmse=0.720522 inference_seconds=1.361
2026-08-28 23:54:27 | configuration dataset=time/coastal_t_s_h_part17 L=504 H=168 model=chronos2 covariates=none instance_norm=false remove_constant=false seed=1 batch_size=64
[2026-08-28 23:54:29,575][data.dataset][INFO] - dataset config path=/fssmall/home/h61084/codes/datasets/time/coastal_t_s_h_part17/config.json applied_keys=['date_col', 'drop_users', 'target_cols']
[2026-08-28 23:54:29,597][evaluation.evaluator][INFO] - evaluate dataset=time/coastal_t_s_h_part17 users=3 dates=5522 windows=30 removed_constant=0 L=504 H=168 stride=512
[2026-08-28 23:54:35,139][evaluation.evaluator][INFO] - artifacts ready run=/fslarge/scratch/users/h61084/codes/tsfm/outputs_selena/foundation_models/time-coastal_t_s_h_part17/504_168/chronos2/none/raw/keep/run_0 mse=0.0654908 nmse=3.11603 inference_seconds=0.195
2026-08-28 23:54:36 | configuration dataset=time/coastal_t_s_h_part17 L=504 H=168 model=chronos_bolt covariates=none instance_norm=false remove_constant=false seed=1 batch_size=128
[2026-08-28 23:54:39,016][data.dataset][INFO] - dataset config path=/fssmall/home/h61084/codes/datasets/time/coastal_t_s_h_part17/config.json applied_keys=['date_col', 'drop_users', 'target_cols']
[2026-08-28 23:54:39,037][evaluation.evaluator][INFO] - evaluate dataset=time/coastal_t_s_h_part17 users=3 dates=5522 windows=30 removed_constant=0 L=504 H=168 stride=512
[2026-08-28 23:54:44,943][evaluation.evaluator][INFO] - artifacts ready run=/fslarge/scratch/users/h61084/codes/tsfm/outputs_selena/foundation_models/time-coastal_t_s_h_part17/504_168/chronos_bolt/none/raw/keep/run_0 mse=0.0853998 nmse=3.0803 inference_seconds=0.363
2026-08-28 23:54:46 | configuration dataset=time/coastal_t_s_h_part17 L=504 H=168 model=chronos_t5 covariates=none instance_norm=false remove_constant=false seed=1 batch_size=32
[2026-08-28 23:54:48,838][data.dataset][INFO] - dataset config path=/fssmall/home/h61084/codes/datasets/time/coastal_t_s_h_part17/config.json applied_keys=['date_col', 'drop_users', 'target_cols']
[2026-08-28 23:54:48,859][evaluation.evaluator][INFO] - evaluate dataset=time/coastal_t_s_h_part17 users=3 dates=5522 windows=30 removed_constant=0 L=504 H=168 stride=512
[2026-08-28 23:54:54,367][/fssmall/home/h61084/codes/tsfm/.venv/lib/python3.12/site-packages/chronos/chronos.py][WARNING] - We recommend keeping prediction length <= 64. The quality of longer predictions may degrade since the model is not optimized for it. 
[2026-08-28 23:54:58,026][evaluation.evaluator][INFO] - artifacts ready run=/fslarge/scratch/users/h61084/codes/tsfm/outputs_selena/foundation_models/time-coastal_t_s_h_part17/504_168/chronos_t5/none/raw/keep/run_0 mse=0.087276 nmse=3.73098 inference_seconds=3.637
2026-08-28 23:54:59 | configuration dataset=time/coastal_t_s_h_part17 L=504 H=168 model=ts_icl covariates=none instance_norm=false remove_constant=false seed=1 batch_size=32
[2026-08-28 23:55:01,915][data.dataset][INFO] - dataset config path=/fssmall/home/h61084/codes/datasets/time/coastal_t_s_h_part17/config.json applied_keys=['date_col', 'drop_users', 'target_cols']
[2026-08-28 23:55:01,936][evaluation.evaluator][INFO] - evaluate dataset=time/coastal_t_s_h_part17 users=3 dates=5522 windows=30 removed_constant=0 L=504 H=168 stride=512
[2026-08-28 23:55:04,168][evaluation.evaluator][INFO] - artifacts ready run=/fslarge/scratch/users/h61084/codes/tsfm/outputs_selena/foundation_models/time-coastal_t_s_h_part17/504_168/ts_icl/none/raw/keep/run_0 mse=0.0693441 nmse=2.59137 inference_seconds=1.266
2026-08-28 23:55:05 | configuration dataset=time/coastal_t_s_h_part18 L=336 H=48 model=chronos2 covariates=none instance_norm=false remove_constant=false seed=1 batch_size=64
[2026-08-28 23:55:07,897][data.dataset][INFO] - dataset config path=/fssmall/home/h61084/codes/datasets/time/coastal_t_s_h_part18/config.json applied_keys=['date_col', 'drop_users', 'target_cols']
[2026-08-28 23:55:07,918][evaluation.evaluator][INFO] - evaluate dataset=time/coastal_t_s_h_part18 users=3 dates=3944 windows=21 removed_constant=0 L=336 H=48 stride=512
[2026-08-28 23:55:13,482][evaluation.evaluator][INFO] - artifacts ready run=/fslarge/scratch/users/h61084/codes/tsfm/outputs_selena/foundation_models/time-coastal_t_s_h_part18/336_48/chronos2/none/raw/keep/run_0 mse=0.01708 nmse=0.542933 inference_seconds=0.193
2026-08-28 23:55:14 | configuration dataset=time/coastal_t_s_h_part18 L=336 H=48 model=chronos_bolt covariates=none instance_norm=false remove_constant=false seed=1 batch_size=128
[2026-08-28 23:55:17,353][data.dataset][INFO] - dataset config path=/fssmall/home/h61084/codes/datasets/time/coastal_t_s_h_part18/config.json applied_keys=['date_col', 'drop_users', 'target_cols']
[2026-08-28 23:55:17,372][evaluation.evaluator][INFO] - evaluate dataset=time/coastal_t_s_h_part18 users=3 dates=3944 windows=21 removed_constant=0 L=336 H=48 stride=512
[2026-08-28 23:55:23,076][evaluation.evaluator][INFO] - artifacts ready run=/fslarge/scratch/users/h61084/codes/tsfm/outputs_selena/foundation_models/time-coastal_t_s_h_part18/336_48/chronos_bolt/none/raw/keep/run_0 mse=0.0150284 nmse=0.537039 inference_seconds=0.203
2026-08-28 23:55:24 | configuration dataset=time/coastal_t_s_h_part18 L=336 H=48 model=chronos_t5 covariates=none instance_norm=false remove_constant=false seed=1 batch_size=32
[2026-08-28 23:55:26,954][data.dataset][INFO] - dataset config path=/fssmall/home/h61084/codes/datasets/time/coastal_t_s_h_part18/config.json applied_keys=['date_col', 'drop_users', 'target_cols']
[2026-08-28 23:55:26,973][evaluation.evaluator][INFO] - evaluate dataset=time/coastal_t_s_h_part18 users=3 dates=3944 windows=21 removed_constant=0 L=336 H=48 stride=512
[2026-08-28 23:55:33,359][evaluation.evaluator][INFO] - artifacts ready run=/fslarge/scratch/users/h61084/codes/tsfm/outputs_selena/foundation_models/time-coastal_t_s_h_part18/336_48/chronos_t5/none/raw/keep/run_0 mse=0.0243365 nmse=0.755125 inference_seconds=0.879
2026-08-28 23:55:34 | configuration dataset=time/coastal_t_s_h_part18 L=336 H=48 model=ts_icl covariates=none instance_norm=false remove_constant=false seed=1 batch_size=32
[2026-08-28 23:55:37,260][data.dataset][INFO] - dataset config path=/fssmall/home/h61084/codes/datasets/time/coastal_t_s_h_part18/config.json applied_keys=['date_col', 'drop_users', 'target_cols']
[2026-08-28 23:55:37,279][evaluation.evaluator][INFO] - evaluate dataset=time/coastal_t_s_h_part18 users=3 dates=3944 windows=21 removed_constant=0 L=336 H=48 stride=512
[2026-08-28 23:55:39,348][evaluation.evaluator][INFO] - artifacts ready run=/fslarge/scratch/users/h61084/codes/tsfm/outputs_selena/foundation_models/time-coastal_t_s_h_part18/336_48/ts_icl/none/raw/keep/run_0 mse=0.0136633 nmse=0.574008 inference_seconds=1.236
2026-08-28 23:55:40 | configuration dataset=time/coastal_t_s_h_part18 L=504 H=168 model=chronos2 covariates=none instance_norm=false remove_constant=false seed=1 batch_size=64
[2026-08-28 23:55:43,068][data.dataset][INFO] - dataset config path=/fssmall/home/h61084/codes/datasets/time/coastal_t_s_h_part18/config.json applied_keys=['date_col', 'drop_users', 'target_cols']
[2026-08-28 23:55:43,088][evaluation.evaluator][INFO] - evaluate dataset=time/coastal_t_s_h_part18 users=3 dates=3944 windows=21 removed_constant=0 L=504 H=168 stride=512
[2026-08-28 23:55:48,609][evaluation.evaluator][INFO] - artifacts ready run=/fslarge/scratch/users/h61084/codes/tsfm/outputs_selena/foundation_models/time-coastal_t_s_h_part18/504_168/chronos2/none/raw/keep/run_0 mse=0.0423905 nmse=0.838947 inference_seconds=0.193
2026-08-28 23:55:49 | configuration dataset=time/coastal_t_s_h_part18 L=504 H=168 model=chronos_bolt covariates=none instance_norm=false remove_constant=false seed=1 batch_size=128
[2026-08-28 23:55:52,498][data.dataset][INFO] - dataset config path=/fssmall/home/h61084/codes/datasets/time/coastal_t_s_h_part18/config.json applied_keys=['date_col', 'drop_users', 'target_cols']
[2026-08-28 23:55:52,518][evaluation.evaluator][INFO] - evaluate dataset=time/coastal_t_s_h_part18 users=3 dates=3944 windows=21 removed_constant=0 L=504 H=168 stride=512
[2026-08-28 23:55:58,355][evaluation.evaluator][INFO] - artifacts ready run=/fslarge/scratch/users/h61084/codes/tsfm/outputs_selena/foundation_models/time-coastal_t_s_h_part18/504_168/chronos_bolt/none/raw/keep/run_0 mse=0.058739 nmse=1.20364 inference_seconds=0.334
2026-08-28 23:55:59 | configuration dataset=time/coastal_t_s_h_part18 L=504 H=168 model=chronos_t5 covariates=none instance_norm=false remove_constant=false seed=1 batch_size=32
[2026-08-28 23:56:02,290][data.dataset][INFO] - dataset config path=/fssmall/home/h61084/codes/datasets/time/coastal_t_s_h_part18/config.json applied_keys=['date_col', 'drop_users', 'target_cols']
[2026-08-28 23:56:02,310][evaluation.evaluator][INFO] - evaluate dataset=time/coastal_t_s_h_part18 users=3 dates=3944 windows=21 removed_constant=0 L=504 H=168 stride=512
[2026-08-28 23:56:07,829][/fssmall/home/h61084/codes/tsfm/.venv/lib/python3.12/site-packages/chronos/chronos.py][WARNING] - We recommend keeping prediction length <= 64. The quality of longer predictions may degrade since the model is not optimized for it. 
[2026-08-28 23:56:10,667][evaluation.evaluator][INFO] - artifacts ready run=/fslarge/scratch/users/h61084/codes/tsfm/outputs_selena/foundation_models/time-coastal_t_s_h_part18/504_168/chronos_t5/none/raw/keep/run_0 mse=0.0759826 nmse=1.42738 inference_seconds=2.818
2026-08-28 23:56:12 | configuration dataset=time/coastal_t_s_h_part18 L=504 H=168 model=ts_icl covariates=none instance_norm=false remove_constant=false seed=1 batch_size=32
[2026-08-28 23:56:14,602][data.dataset][INFO] - dataset config path=/fssmall/home/h61084/codes/datasets/time/coastal_t_s_h_part18/config.json applied_keys=['date_col', 'drop_users', 'target_cols']
[2026-08-28 23:56:14,622][evaluation.evaluator][INFO] - evaluate dataset=time/coastal_t_s_h_part18 users=3 dates=3944 windows=21 removed_constant=0 L=504 H=168 stride=512
[2026-08-28 23:56:16,723][evaluation.evaluator][INFO] - artifacts ready run=/fslarge/scratch/users/h61084/codes/tsfm/outputs_selena/foundation_models/time-coastal_t_s_h_part18/504_168/ts_icl/none/raw/keep/run_0 mse=0.0422935 nmse=0.818163 inference_seconds=1.256
2026-08-28 23:56:17 | configuration dataset=time/coastal_t_s_h_part19 L=336 H=48 model=chronos2 covariates=none instance_norm=false remove_constant=false seed=1 batch_size=64
[2026-08-28 23:56:20,472][data.dataset][INFO] - dataset config path=/fssmall/home/h61084/codes/datasets/time/coastal_t_s_h_part19/config.json applied_keys=['date_col', 'drop_users', 'target_cols']
[2026-08-28 23:56:20,492][evaluation.evaluator][INFO] - evaluate dataset=time/coastal_t_s_h_part19 users=3 dates=2733 windows=15 removed_constant=0 L=336 H=48 stride=512
[2026-08-28 23:56:26,062][evaluation.evaluator][INFO] - artifacts ready run=/fslarge/scratch/users/h61084/codes/tsfm/outputs_selena/foundation_models/time-coastal_t_s_h_part19/336_48/chronos2/none/raw/keep/run_0 mse=0.0752443 nmse=0.679843 inference_seconds=0.192
2026-08-28 23:56:27 | configuration dataset=time/coastal_t_s_h_part19 L=336 H=48 model=chronos_bolt covariates=none instance_norm=false remove_constant=false seed=1 batch_size=128
[2026-08-28 23:56:29,972][data.dataset][INFO] - dataset config path=/fssmall/home/h61084/codes/datasets/time/coastal_t_s_h_part19/config.json applied_keys=['date_col', 'drop_users', 'target_cols']
[2026-08-28 23:56:29,991][evaluation.evaluator][INFO] - evaluate dataset=time/coastal_t_s_h_part19 users=3 dates=2733 windows=15 removed_constant=0 L=336 H=48 stride=512
[2026-08-28 23:56:35,741][evaluation.evaluator][INFO] - artifacts ready run=/fslarge/scratch/users/h61084/codes/tsfm/outputs_selena/foundation_models/time-coastal_t_s_h_part19/336_48/chronos_bolt/none/raw/keep/run_0 mse=0.0902988 nmse=0.785504 inference_seconds=0.201
2026-08-28 23:56:37 | configuration dataset=time/coastal_t_s_h_part19 L=336 H=48 model=chronos_t5 covariates=none instance_norm=false remove_constant=false seed=1 batch_size=32
[2026-08-28 23:56:39,686][data.dataset][INFO] - dataset config path=/fssmall/home/h61084/codes/datasets/time/coastal_t_s_h_part19/config.json applied_keys=['date_col', 'drop_users', 'target_cols']
[2026-08-28 23:56:39,704][evaluation.evaluator][INFO] - evaluate dataset=time/coastal_t_s_h_part19 users=3 dates=2733 windows=15 removed_constant=0 L=336 H=48 stride=512
[2026-08-28 23:56:46,111][evaluation.evaluator][INFO] - artifacts ready run=/fslarge/scratch/users/h61084/codes/tsfm/outputs_selena/foundation_models/time-coastal_t_s_h_part19/336_48/chronos_t5/none/raw/keep/run_0 mse=0.0833643 nmse=0.93714 inference_seconds=0.823
2026-08-28 23:56:47 | configuration dataset=time/coastal_t_s_h_part19 L=336 H=48 model=ts_icl covariates=none instance_norm=false remove_constant=false seed=1 batch_size=32
[2026-08-28 23:56:50,066][data.dataset][INFO] - dataset config path=/fssmall/home/h61084/codes/datasets/time/coastal_t_s_h_part19/config.json applied_keys=['date_col', 'drop_users', 'target_cols']
[2026-08-28 23:56:50,085][evaluation.evaluator][INFO] - evaluate dataset=time/coastal_t_s_h_part19 users=3 dates=2733 windows=15 removed_constant=0 L=336 H=48 stride=512
[2026-08-28 23:56:52,164][evaluation.evaluator][INFO] - artifacts ready run=/fslarge/scratch/users/h61084/codes/tsfm/outputs_selena/foundation_models/time-coastal_t_s_h_part19/336_48/ts_icl/none/raw/keep/run_0 mse=0.072842 nmse=0.646693 inference_seconds=1.227
2026-08-28 23:56:53 | configuration dataset=time/coastal_t_s_h_part19 L=504 H=168 model=chronos2 covariates=none instance_norm=false remove_constant=false seed=1 batch_size=64
[2026-08-28 23:56:55,897][data.dataset][INFO] - dataset config path=/fssmall/home/h61084/codes/datasets/time/coastal_t_s_h_part19/config.json applied_keys=['date_col', 'drop_users', 'target_cols']
[2026-08-28 23:56:55,917][evaluation.evaluator][INFO] - evaluate dataset=time/coastal_t_s_h_part19 users=3 dates=2733 windows=15 removed_constant=0 L=504 H=168 stride=512
[2026-08-28 23:57:01,459][evaluation.evaluator][INFO] - artifacts ready run=/fslarge/scratch/users/h61084/codes/tsfm/outputs_selena/foundation_models/time-coastal_t_s_h_part19/504_168/chronos2/none/raw/keep/run_0 mse=0.086158 nmse=0.850455 inference_seconds=0.194
2026-08-28 23:57:02 | configuration dataset=time/coastal_t_s_h_part19 L=504 H=168 model=chronos_bolt covariates=none instance_norm=false remove_constant=false seed=1 batch_size=128
[2026-08-28 23:57:05,380][data.dataset][INFO] - dataset config path=/fssmall/home/h61084/codes/datasets/time/coastal_t_s_h_part19/config.json applied_keys=['date_col', 'drop_users', 'target_cols']
[2026-08-28 23:57:05,399][evaluation.evaluator][INFO] - evaluate dataset=time/coastal_t_s_h_part19 users=3 dates=2733 windows=15 removed_constant=0 L=504 H=168 stride=512
[2026-08-28 23:57:11,247][evaluation.evaluator][INFO] - artifacts ready run=/fslarge/scratch/users/h61084/codes/tsfm/outputs_selena/foundation_models/time-coastal_t_s_h_part19/504_168/chronos_bolt/none/raw/keep/run_0 mse=0.114772 nmse=1.0015 inference_seconds=0.306
2026-08-28 23:57:12 | configuration dataset=time/coastal_t_s_h_part19 L=504 H=168 model=chronos_t5 covariates=none instance_norm=false remove_constant=false seed=1 batch_size=32
[2026-08-28 23:57:15,169][data.dataset][INFO] - dataset config path=/fssmall/home/h61084/codes/datasets/time/coastal_t_s_h_part19/config.json applied_keys=['date_col', 'drop_users', 'target_cols']
[2026-08-28 23:57:15,188][evaluation.evaluator][INFO] - evaluate dataset=time/coastal_t_s_h_part19 users=3 dates=2733 windows=15 removed_constant=0 L=504 H=168 stride=512
[2026-08-28 23:57:20,692][/fssmall/home/h61084/codes/tsfm/.venv/lib/python3.12/site-packages/chronos/chronos.py][WARNING] - We recommend keeping prediction length <= 64. The quality of longer predictions may degrade since the model is not optimized for it. 
[2026-08-28 23:57:23,076][evaluation.evaluator][INFO] - artifacts ready run=/fslarge/scratch/users/h61084/codes/tsfm/outputs_selena/foundation_models/time-coastal_t_s_h_part19/504_168/chronos_t5/none/raw/keep/run_0 mse=0.173489 nmse=1.38342 inference_seconds=2.364
2026-08-28 23:57:24 | configuration dataset=time/coastal_t_s_h_part19 L=504 H=168 model=ts_icl covariates=none instance_norm=false remove_constant=false seed=1 batch_size=32
[2026-08-28 23:57:27,012][data.dataset][INFO] - dataset config path=/fssmall/home/h61084/codes/datasets/time/coastal_t_s_h_part19/config.json applied_keys=['date_col', 'drop_users', 'target_cols']
[2026-08-28 23:57:27,031][evaluation.evaluator][INFO] - evaluate dataset=time/coastal_t_s_h_part19 users=3 dates=2733 windows=15 removed_constant=0 L=504 H=168 stride=512
[2026-08-28 23:57:29,169][evaluation.evaluator][INFO] - artifacts ready run=/fslarge/scratch/users/h61084/codes/tsfm/outputs_selena/foundation_models/time-coastal_t_s_h_part19/504_168/ts_icl/none/raw/keep/run_0 mse=0.107592 nmse=1.02848 inference_seconds=1.292
2026-08-28 23:57:30 | configuration dataset=time/coastal_t_s_h_part20 L=336 H=48 model=chronos2 covariates=none instance_norm=false remove_constant=false seed=1 batch_size=64
[2026-08-28 23:57:32,953][data.dataset][INFO] - dataset config path=/fssmall/home/h61084/codes/datasets/time/coastal_t_s_h_part20/config.json applied_keys=['date_col', 'drop_users', 'target_cols']
[2026-08-28 23:57:32,977][evaluation.evaluator][INFO] - evaluate dataset=time/coastal_t_s_h_part20 users=3 dates=5807 windows=33 removed_constant=0 L=336 H=48 stride=512
[2026-08-28 23:57:38,498][evaluation.evaluator][INFO] - artifacts ready run=/fslarge/scratch/users/h61084/codes/tsfm/outputs_selena/foundation_models/time-coastal_t_s_h_part20/336_48/chronos2/none/raw/keep/run_0 mse=30.5092 nmse=1.45752 inference_seconds=0.193
2026-08-28 23:57:39 | configuration dataset=time/coastal_t_s_h_part20 L=336 H=48 model=chronos_bolt covariates=none instance_norm=false remove_constant=false seed=1 batch_size=128
[2026-08-28 23:57:42,506][data.dataset][INFO] - dataset config path=/fssmall/home/h61084/codes/datasets/time/coastal_t_s_h_part20/config.json applied_keys=['date_col', 'drop_users', 'target_cols']
[2026-08-28 23:57:42,529][evaluation.evaluator][INFO] - evaluate dataset=time/coastal_t_s_h_part20 users=3 dates=5807 windows=33 removed_constant=0 L=336 H=48 stride=512
[2026-08-28 23:57:48,196][evaluation.evaluator][INFO] - artifacts ready run=/fslarge/scratch/users/h61084/codes/tsfm/outputs_selena/foundation_models/time-coastal_t_s_h_part20/336_48/chronos_bolt/none/raw/keep/run_0 mse=30.8018 nmse=1.66192 inference_seconds=0.201
2026-08-28 23:57:49 | configuration dataset=time/coastal_t_s_h_part20 L=336 H=48 model=chronos_t5 covariates=none instance_norm=false remove_constant=false seed=1 batch_size=32
[2026-08-28 23:57:52,160][data.dataset][INFO] - dataset config path=/fssmall/home/h61084/codes/datasets/time/coastal_t_s_h_part20/config.json applied_keys=['date_col', 'drop_users', 'target_cols']
[2026-08-28 23:57:52,181][evaluation.evaluator][INFO] - evaluate dataset=time/coastal_t_s_h_part20 users=3 dates=5807 windows=33 removed_constant=0 L=336 H=48 stride=512
[2026-08-28 23:57:59,247][evaluation.evaluator][INFO] - artifacts ready run=/fslarge/scratch/users/h61084/codes/tsfm/outputs_selena/foundation_models/time-coastal_t_s_h_part20/336_48/chronos_t5/none/raw/keep/run_0 mse=39.2742 nmse=6.76184 inference_seconds=1.597
2026-08-28 23:58:00 | configuration dataset=time/coastal_t_s_h_part20 L=336 H=48 model=ts_icl covariates=none instance_norm=false remove_constant=false seed=1 batch_size=32
[2026-08-28 23:58:03,181][data.dataset][INFO] - dataset config path=/fssmall/home/h61084/codes/datasets/time/coastal_t_s_h_part20/config.json applied_keys=['date_col', 'drop_users', 'target_cols']
[2026-08-28 23:58:03,202][evaluation.evaluator][INFO] - evaluate dataset=time/coastal_t_s_h_part20 users=3 dates=5807 windows=33 removed_constant=0 L=336 H=48 stride=512
[2026-08-28 23:58:05,312][evaluation.evaluator][INFO] - artifacts ready run=/fslarge/scratch/users/h61084/codes/tsfm/outputs_selena/foundation_models/time-coastal_t_s_h_part20/336_48/ts_icl/none/raw/keep/run_0 mse=30.2515 nmse=1.49947 inference_seconds=1.281
2026-08-28 23:58:06 | configuration dataset=time/coastal_t_s_h_part20 L=504 H=168 model=chronos2 covariates=none instance_norm=false remove_constant=false seed=1 batch_size=64
[2026-08-28 23:58:09,115][data.dataset][INFO] - dataset config path=/fssmall/home/h61084/codes/datasets/time/coastal_t_s_h_part20/config.json applied_keys=['date_col', 'drop_users', 'target_cols']
[2026-08-28 23:58:09,137][evaluation.evaluator][INFO] - evaluate dataset=time/coastal_t_s_h_part20 users=3 dates=5807 windows=33 removed_constant=0 L=504 H=168 stride=512
[2026-08-28 23:58:14,656][evaluation.evaluator][INFO] - artifacts ready run=/fslarge/scratch/users/h61084/codes/tsfm/outputs_selena/foundation_models/time-coastal_t_s_h_part20/504_168/chronos2/none/raw/keep/run_0 mse=43.5075 nmse=1.75259 inference_seconds=0.196
2026-08-28 23:58:16 | configuration dataset=time/coastal_t_s_h_part20 L=504 H=168 model=chronos_bolt covariates=none instance_norm=false remove_constant=false seed=1 batch_size=128
[2026-08-28 23:58:18,612][data.dataset][INFO] - dataset config path=/fssmall/home/h61084/codes/datasets/time/coastal_t_s_h_part20/config.json applied_keys=['date_col', 'drop_users', 'target_cols']
[2026-08-28 23:58:18,633][evaluation.evaluator][INFO] - evaluate dataset=time/coastal_t_s_h_part20 users=3 dates=5807 windows=33 removed_constant=0 L=504 H=168 stride=512
[2026-08-28 23:58:24,541][evaluation.evaluator][INFO] - artifacts ready run=/fslarge/scratch/users/h61084/codes/tsfm/outputs_selena/foundation_models/time-coastal_t_s_h_part20/504_168/chronos_bolt/none/raw/keep/run_0 mse=34.4203 nmse=2.09927 inference_seconds=0.388
2026-08-28 23:58:25 | configuration dataset=time/coastal_t_s_h_part20 L=504 H=168 model=chronos_t5 covariates=none instance_norm=false remove_constant=false seed=1 batch_size=32
[2026-08-28 23:58:28,449][data.dataset][INFO] - dataset config path=/fssmall/home/h61084/codes/datasets/time/coastal_t_s_h_part20/config.json applied_keys=['date_col', 'drop_users', 'target_cols']
[2026-08-28 23:58:28,471][evaluation.evaluator][INFO] - evaluate dataset=time/coastal_t_s_h_part20 users=3 dates=5807 windows=33 removed_constant=0 L=504 H=168 stride=512
[2026-08-28 23:58:33,919][/fssmall/home/h61084/codes/tsfm/.venv/lib/python3.12/site-packages/chronos/chronos.py][WARNING] - We recommend keeping prediction length <= 64. The quality of longer predictions may degrade since the model is not optimized for it. 
[2026-08-28 23:58:37,737][/fssmall/home/h61084/codes/tsfm/.venv/lib/python3.12/site-packages/chronos/chronos.py][WARNING] - We recommend keeping prediction length <= 64. The quality of longer predictions may degrade since the model is not optimized for it. 
[2026-08-28 23:58:39,532][evaluation.evaluator][INFO] - artifacts ready run=/fslarge/scratch/users/h61084/codes/tsfm/outputs_selena/foundation_models/time-coastal_t_s_h_part20/504_168/chronos_t5/none/raw/keep/run_0 mse=39.7034 nmse=6.91746 inference_seconds=5.592
2026-08-28 23:58:40 | configuration dataset=time/coastal_t_s_h_part20 L=504 H=168 model=ts_icl covariates=none instance_norm=false remove_constant=false seed=1 batch_size=32
[2026-08-28 23:58:43,502][data.dataset][INFO] - dataset config path=/fssmall/home/h61084/codes/datasets/time/coastal_t_s_h_part20/config.json applied_keys=['date_col', 'drop_users', 'target_cols']
[2026-08-28 23:58:43,523][evaluation.evaluator][INFO] - evaluate dataset=time/coastal_t_s_h_part20 users=3 dates=5807 windows=33 removed_constant=0 L=504 H=168 stride=512
[2026-08-28 23:58:45,674][evaluation.evaluator][INFO] - artifacts ready run=/fslarge/scratch/users/h61084/codes/tsfm/outputs_selena/foundation_models/time-coastal_t_s_h_part20/504_168/ts_icl/none/raw/keep/run_0 mse=73.8858 nmse=1.93552 inference_seconds=1.303
2026-08-28 23:58:46 | configuration dataset=time/coastal_t_s_h_part21 L=336 H=48 model=chronos2 covariates=none instance_norm=false remove_constant=false seed=1 batch_size=64
[2026-08-28 23:58:49,490][data.dataset][INFO] - dataset config path=/fssmall/home/h61084/codes/datasets/time/coastal_t_s_h_part21/config.json applied_keys=['date_col', 'drop_users', 'target_cols']
[2026-08-28 23:58:49,511][evaluation.evaluator][INFO] - evaluate dataset=time/coastal_t_s_h_part21 users=3 dates=3986 windows=24 removed_constant=0 L=336 H=48 stride=512
[2026-08-28 23:58:55,071][evaluation.evaluator][INFO] - artifacts ready run=/fslarge/scratch/users/h61084/codes/tsfm/outputs_selena/foundation_models/time-coastal_t_s_h_part21/336_48/chronos2/none/raw/keep/run_0 mse=0.0224969 nmse=1.16367 inference_seconds=0.198
2026-08-28 23:58:56 | configuration dataset=time/coastal_t_s_h_part21 L=336 H=48 model=chronos_bolt covariates=none instance_norm=false remove_constant=false seed=1 batch_size=128
[2026-08-28 23:58:59,030][data.dataset][INFO] - dataset config path=/fssmall/home/h61084/codes/datasets/time/coastal_t_s_h_part21/config.json applied_keys=['date_col', 'drop_users', 'target_cols']
[2026-08-28 23:58:59,050][evaluation.evaluator][INFO] - evaluate dataset=time/coastal_t_s_h_part21 users=3 dates=3986 windows=24 removed_constant=0 L=336 H=48 stride=512
[2026-08-28 23:59:04,753][evaluation.evaluator][INFO] - artifacts ready run=/fslarge/scratch/users/h61084/codes/tsfm/outputs_selena/foundation_models/time-coastal_t_s_h_part21/336_48/chronos_bolt/none/raw/keep/run_0 mse=0.0251543 nmse=1.13737 inference_seconds=0.203
2026-08-28 23:59:06 | configuration dataset=time/coastal_t_s_h_part21 L=336 H=48 model=chronos_t5 covariates=none instance_norm=false remove_constant=false seed=1 batch_size=32
[2026-08-28 23:59:08,704][data.dataset][INFO] - dataset config path=/fssmall/home/h61084/codes/datasets/time/coastal_t_s_h_part21/config.json applied_keys=['date_col', 'drop_users', 'target_cols']
[2026-08-28 23:59:08,724][evaluation.evaluator][INFO] - evaluate dataset=time/coastal_t_s_h_part21 users=3 dates=3986 windows=24 removed_constant=0 L=336 H=48 stride=512
[2026-08-28 23:59:15,217][evaluation.evaluator][INFO] - artifacts ready run=/fslarge/scratch/users/h61084/codes/tsfm/outputs_selena/foundation_models/time-coastal_t_s_h_part21/336_48/chronos_t5/none/raw/keep/run_0 mse=0.0523872 nmse=12.9862 inference_seconds=0.929
2026-08-28 23:59:16 | configuration dataset=time/coastal_t_s_h_part21 L=336 H=48 model=ts_icl covariates=none instance_norm=false remove_constant=false seed=1 batch_size=32
[2026-08-28 23:59:19,193][data.dataset][INFO] - dataset config path=/fssmall/home/h61084/codes/datasets/time/coastal_t_s_h_part21/config.json applied_keys=['date_col', 'drop_users', 'target_cols']
[2026-08-28 23:59:19,212][evaluation.evaluator][INFO] - evaluate dataset=time/coastal_t_s_h_part21 users=3 dates=3986 windows=24 removed_constant=0 L=336 H=48 stride=512
[2026-08-28 23:59:21,278][evaluation.evaluator][INFO] - artifacts ready run=/fslarge/scratch/users/h61084/codes/tsfm/outputs_selena/foundation_models/time-coastal_t_s_h_part21/336_48/ts_icl/none/raw/keep/run_0 mse=0.0196954 nmse=1.15888 inference_seconds=1.237
2026-08-28 23:59:22 | configuration dataset=time/coastal_t_s_h_part21 L=504 H=168 model=chronos2 covariates=none instance_norm=false remove_constant=false seed=1 batch_size=64
[2026-08-28 23:59:25,127][data.dataset][INFO] - dataset config path=/fssmall/home/h61084/codes/datasets/time/coastal_t_s_h_part21/config.json applied_keys=['date_col', 'drop_users', 'target_cols']
[2026-08-28 23:59:25,147][evaluation.evaluator][INFO] - evaluate dataset=time/coastal_t_s_h_part21 users=3 dates=3986 windows=21 removed_constant=0 L=504 H=168 stride=512
[2026-08-28 23:59:30,618][evaluation.evaluator][INFO] - artifacts ready run=/fslarge/scratch/users/h61084/codes/tsfm/outputs_selena/foundation_models/time-coastal_t_s_h_part21/504_168/chronos2/none/raw/keep/run_0 mse=0.0400703 nmse=1.11991 inference_seconds=0.194
2026-08-28 23:59:32 | configuration dataset=time/coastal_t_s_h_part21 L=504 H=168 model=chronos_bolt covariates=none instance_norm=false remove_constant=false seed=1 batch_size=128
[2026-08-28 23:59:34,610][data.dataset][INFO] - dataset config path=/fssmall/home/h61084/codes/datasets/time/coastal_t_s_h_part21/config.json applied_keys=['date_col', 'drop_users', 'target_cols']
[2026-08-28 23:59:34,630][evaluation.evaluator][INFO] - evaluate dataset=time/coastal_t_s_h_part21 users=3 dates=3986 windows=21 removed_constant=0 L=504 H=168 stride=512
[2026-08-28 23:59:40,574][evaluation.evaluator][INFO] - artifacts ready run=/fslarge/scratch/users/h61084/codes/tsfm/outputs_selena/foundation_models/time-coastal_t_s_h_part21/504_168/chronos_bolt/none/raw/keep/run_0 mse=0.0606093 nmse=1.21532 inference_seconds=0.333
2026-08-28 23:59:42 | configuration dataset=time/coastal_t_s_h_part21 L=504 H=168 model=chronos_t5 covariates=none instance_norm=false remove_constant=false seed=1 batch_size=32
[2026-08-28 23:59:44,568][data.dataset][INFO] - dataset config path=/fssmall/home/h61084/codes/datasets/time/coastal_t_s_h_part21/config.json applied_keys=['date_col', 'drop_users', 'target_cols']
[2026-08-28 23:59:44,588][evaluation.evaluator][INFO] - evaluate dataset=time/coastal_t_s_h_part21 users=3 dates=3986 windows=21 removed_constant=0 L=504 H=168 stride=512
[2026-08-28 23:59:50,090][/fssmall/home/h61084/codes/tsfm/.venv/lib/python3.12/site-packages/chronos/chronos.py][WARNING] - We recommend keeping prediction length <= 64. The quality of longer predictions may degrade since the model is not optimized for it. 
[2026-08-28 23:59:52,960][evaluation.evaluator][INFO] - artifacts ready run=/fslarge/scratch/users/h61084/codes/tsfm/outputs_selena/foundation_models/time-coastal_t_s_h_part21/504_168/chronos_t5/none/raw/keep/run_0 mse=0.0780556 nmse=8.87119 inference_seconds=2.849
2026-08-28 23:59:54 | configuration dataset=time/coastal_t_s_h_part21 L=504 H=168 model=ts_icl covariates=none instance_norm=false remove_constant=false seed=1 batch_size=32
[2026-08-28 23:59:56,954][data.dataset][INFO] - dataset config path=/fssmall/home/h61084/codes/datasets/time/coastal_t_s_h_part21/config.json applied_keys=['date_col', 'drop_users', 'target_cols']
[2026-08-28 23:59:56,974][evaluation.evaluator][INFO] - evaluate dataset=time/coastal_t_s_h_part21 users=3 dates=3986 windows=21 removed_constant=0 L=504 H=168 stride=512
[2026-08-28 23:59:59,054][evaluation.evaluator][INFO] - artifacts ready run=/fslarge/scratch/users/h61084/codes/tsfm/outputs_selena/foundation_models/time-coastal_t_s_h_part21/504_168/ts_icl/none/raw/keep/run_0 mse=0.0645043 nmse=1.22341 inference_seconds=1.238
2026-08-29 00:00:00 | configuration dataset=time/coastal_t_s_h_part22 L=336 H=48 model=chronos2 covariates=none instance_norm=false remove_constant=false seed=1 batch_size=64
[2026-08-29 00:00:02,875][data.dataset][INFO] - dataset config path=/fssmall/home/h61084/codes/datasets/time/coastal_t_s_h_part22/config.json applied_keys=['date_col', 'drop_users', 'target_cols']
[2026-08-29 00:00:02,898][evaluation.evaluator][INFO] - evaluate dataset=time/coastal_t_s_h_part22 users=3 dates=5128 windows=30 removed_constant=0 L=336 H=48 stride=512
[2026-08-29 00:00:08,418][evaluation.evaluator][INFO] - artifacts ready run=/fslarge/scratch/users/h61084/codes/tsfm/outputs_selena/foundation_models/time-coastal_t_s_h_part22/336_48/chronos2/none/raw/keep/run_0 mse=0.0576638 nmse=0.689318 inference_seconds=0.195
2026-08-29 00:00:09 | configuration dataset=time/coastal_t_s_h_part22 L=336 H=48 model=chronos_bolt covariates=none instance_norm=false remove_constant=false seed=1 batch_size=128
[2026-08-29 00:00:12,439][data.dataset][INFO] - dataset config path=/fssmall/home/h61084/codes/datasets/time/coastal_t_s_h_part22/config.json applied_keys=['date_col', 'drop_users', 'target_cols']
[2026-08-29 00:00:12,461][evaluation.evaluator][INFO] - evaluate dataset=time/coastal_t_s_h_part22 users=3 dates=5128 windows=30 removed_constant=0 L=336 H=48 stride=512
[2026-08-29 00:00:18,177][evaluation.evaluator][INFO] - artifacts ready run=/fslarge/scratch/users/h61084/codes/tsfm/outputs_selena/foundation_models/time-coastal_t_s_h_part22/336_48/chronos_bolt/none/raw/keep/run_0 mse=0.0501042 nmse=0.571131 inference_seconds=0.203
2026-08-29 00:00:19 | configuration dataset=time/coastal_t_s_h_part22 L=336 H=48 model=chronos_t5 covariates=none instance_norm=false remove_constant=false seed=1 batch_size=32
[2026-08-29 00:00:22,190][data.dataset][INFO] - dataset config path=/fssmall/home/h61084/codes/datasets/time/coastal_t_s_h_part22/config.json applied_keys=['date_col', 'drop_users', 'target_cols']
[2026-08-29 00:00:22,211][evaluation.evaluator][INFO] - evaluate dataset=time/coastal_t_s_h_part22 users=3 dates=5128 windows=30 removed_constant=0 L=336 H=48 stride=512
[2026-08-29 00:00:28,728][evaluation.evaluator][INFO] - artifacts ready run=/fslarge/scratch/users/h61084/codes/tsfm/outputs_selena/foundation_models/time-coastal_t_s_h_part22/336_48/chronos_t5/none/raw/keep/run_0 mse=0.0587682 nmse=5.8295 inference_seconds=1.040
2026-08-29 00:00:30 | configuration dataset=time/coastal_t_s_h_part22 L=336 H=48 model=ts_icl covariates=none instance_norm=false remove_constant=false seed=1 batch_size=32
[2026-08-29 00:00:32,717][data.dataset][INFO] - dataset config path=/fssmall/home/h61084/codes/datasets/time/coastal_t_s_h_part22/config.json applied_keys=['date_col', 'drop_users', 'target_cols']
[2026-08-29 00:00:32,737][evaluation.evaluator][INFO] - evaluate dataset=time/coastal_t_s_h_part22 users=3 dates=5128 windows=30 removed_constant=0 L=336 H=48 stride=512
[2026-08-29 00:00:34,839][evaluation.evaluator][INFO] - artifacts ready run=/fslarge/scratch/users/h61084/codes/tsfm/outputs_selena/foundation_models/time-coastal_t_s_h_part22/336_48/ts_icl/none/raw/keep/run_0 mse=0.0507834 nmse=0.65722 inference_seconds=1.270
2026-08-29 00:00:36 | configuration dataset=time/coastal_t_s_h_part22 L=504 H=168 model=chronos2 covariates=none instance_norm=false remove_constant=false seed=1 batch_size=64
[2026-08-29 00:00:38,651][data.dataset][INFO] - dataset config path=/fssmall/home/h61084/codes/datasets/time/coastal_t_s_h_part22/config.json applied_keys=['date_col', 'drop_users', 'target_cols']
[2026-08-29 00:00:38,673][evaluation.evaluator][INFO] - evaluate dataset=time/coastal_t_s_h_part22 users=3 dates=5128 windows=27 removed_constant=0 L=504 H=168 stride=512
[2026-08-29 00:00:44,176][evaluation.evaluator][INFO] - artifacts ready run=/fslarge/scratch/users/h61084/codes/tsfm/outputs_selena/foundation_models/time-coastal_t_s_h_part22/504_168/chronos2/none/raw/keep/run_0 mse=0.14642 nmse=2.75944 inference_seconds=0.196
2026-08-29 00:00:45 | configuration dataset=time/coastal_t_s_h_part22 L=504 H=168 model=chronos_bolt covariates=none instance_norm=false remove_constant=false seed=1 batch_size=128
[2026-08-29 00:00:48,168][data.dataset][INFO] - dataset config path=/fssmall/home/h61084/codes/datasets/time/coastal_t_s_h_part22/config.json applied_keys=['date_col', 'drop_users', 'target_cols']
[2026-08-29 00:00:48,189][evaluation.evaluator][INFO] - evaluate dataset=time/coastal_t_s_h_part22 users=3 dates=5128 windows=27 removed_constant=0 L=504 H=168 stride=512
[2026-08-29 00:00:54,050][evaluation.evaluator][INFO] - artifacts ready run=/fslarge/scratch/users/h61084/codes/tsfm/outputs_selena/foundation_models/time-coastal_t_s_h_part22/504_168/chronos_bolt/none/raw/keep/run_0 mse=0.171633 nmse=2.95264 inference_seconds=0.357
2026-08-29 00:00:55 | configuration dataset=time/coastal_t_s_h_part22 L=504 H=168 model=chronos_t5 covariates=none instance_norm=false remove_constant=false seed=1 batch_size=32
[2026-08-29 00:00:58,031][data.dataset][INFO] - dataset config path=/fssmall/home/h61084/codes/datasets/time/coastal_t_s_h_part22/config.json applied_keys=['date_col', 'drop_users', 'target_cols']
[2026-08-29 00:00:58,052][evaluation.evaluator][INFO] - evaluate dataset=time/coastal_t_s_h_part22 users=3 dates=5128 windows=27 removed_constant=0 L=504 H=168 stride=512
[2026-08-29 00:01:13,297][/fssmall/home/h61084/codes/tsfm/.venv/lib/python3.12/site-packages/chronos/chronos.py][WARNING] - We recommend keeping prediction length <= 64. The quality of longer predictions may degrade since the model is not optimized for it. 
[2026-08-29 00:01:16,677][evaluation.evaluator][INFO] - artifacts ready run=/fslarge/scratch/users/h61084/codes/tsfm/outputs_selena/foundation_models/time-coastal_t_s_h_part22/504_168/chronos_t5/none/raw/keep/run_0 mse=0.165065 nmse=9.7081 inference_seconds=3.359
2026-08-29 00:01:18 | configuration dataset=time/coastal_t_s_h_part22 L=504 H=168 model=ts_icl covariates=none instance_norm=false remove_constant=false seed=1 batch_size=32
[2026-08-29 00:01:20,690][data.dataset][INFO] - dataset config path=/fssmall/home/h61084/codes/datasets/time/coastal_t_s_h_part22/config.json applied_keys=['date_col', 'drop_users', 'target_cols']
[2026-08-29 00:01:20,711][evaluation.evaluator][INFO] - evaluate dataset=time/coastal_t_s_h_part22 users=3 dates=5128 windows=27 removed_constant=0 L=504 H=168 stride=512
[2026-08-29 00:01:22,841][evaluation.evaluator][INFO] - artifacts ready run=/fslarge/scratch/users/h61084/codes/tsfm/outputs_selena/foundation_models/time-coastal_t_s_h_part22/504_168/ts_icl/none/raw/keep/run_0 mse=0.163283 nmse=2.83452 inference_seconds=1.277
2026-08-29 00:01:24 | configuration dataset=time/coastal_t_s_h_part23 L=336 H=48 model=chronos2 covariates=none instance_norm=false remove_constant=false seed=1 batch_size=64
[2026-08-29 00:01:26,715][data.dataset][INFO] - dataset config path=/fssmall/home/h61084/codes/datasets/time/coastal_t_s_h_part23/config.json applied_keys=['date_col', 'drop_users', 'target_cols']
[2026-08-29 00:01:26,737][evaluation.evaluator][INFO] - evaluate dataset=time/coastal_t_s_h_part23 users=3 dates=4172 windows=24 removed_constant=0 L=336 H=48 stride=512
[2026-08-29 00:01:32,805][evaluation.evaluator][INFO] - artifacts ready run=/fslarge/scratch/users/h61084/codes/tsfm/outputs_selena/foundation_models/time-coastal_t_s_h_part23/336_48/chronos2/none/raw/keep/run_0 mse=0.439091 nmse=0.609012 inference_seconds=0.193
2026-08-29 00:01:34 | configuration dataset=time/coastal_t_s_h_part23 L=336 H=48 model=chronos_bolt covariates=none instance_norm=false remove_constant=false seed=1 batch_size=128
[2026-08-29 00:01:36,815][data.dataset][INFO] - dataset config path=/fssmall/home/h61084/codes/datasets/time/coastal_t_s_h_part23/config.json applied_keys=['date_col', 'drop_users', 'target_cols']
[2026-08-29 00:01:36,835][evaluation.evaluator][INFO] - evaluate dataset=time/coastal_t_s_h_part23 users=3 dates=4172 windows=24 removed_constant=0 L=336 H=48 stride=512
[2026-08-29 00:01:42,551][evaluation.evaluator][INFO] - artifacts ready run=/fslarge/scratch/users/h61084/codes/tsfm/outputs_selena/foundation_models/time-coastal_t_s_h_part23/336_48/chronos_bolt/none/raw/keep/run_0 mse=0.545751 nmse=0.984222 inference_seconds=0.206
2026-08-29 00:01:44 | configuration dataset=time/coastal_t_s_h_part23 L=336 H=48 model=chronos_t5 covariates=none instance_norm=false remove_constant=false seed=1 batch_size=32
[2026-08-29 00:01:46,410][data.dataset][INFO] - dataset config path=/fssmall/home/h61084/codes/datasets/time/coastal_t_s_h_part23/config.json applied_keys=['date_col', 'drop_users', 'target_cols']
[2026-08-29 00:01:46,430][evaluation.evaluator][INFO] - evaluate dataset=time/coastal_t_s_h_part23 users=3 dates=4172 windows=24 removed_constant=0 L=336 H=48 stride=512
[2026-08-29 00:01:52,830][evaluation.evaluator][INFO] - artifacts ready run=/fslarge/scratch/users/h61084/codes/tsfm/outputs_selena/foundation_models/time-coastal_t_s_h_part23/336_48/chronos_t5/none/raw/keep/run_0 mse=0.526012 nmse=2.67522 inference_seconds=0.924
2026-08-29 00:01:54 | configuration dataset=time/coastal_t_s_h_part23 L=336 H=48 model=ts_icl covariates=none instance_norm=false remove_constant=false seed=1 batch_size=32
[2026-08-29 00:01:56,867][data.dataset][INFO] - dataset config path=/fssmall/home/h61084/codes/datasets/time/coastal_t_s_h_part23/config.json applied_keys=['date_col', 'drop_users', 'target_cols']
[2026-08-29 00:01:56,887][evaluation.evaluator][INFO] - evaluate dataset=time/coastal_t_s_h_part23 users=3 dates=4172 windows=24 removed_constant=0 L=336 H=48 stride=512
[2026-08-29 00:01:58,975][evaluation.evaluator][INFO] - artifacts ready run=/fslarge/scratch/users/h61084/codes/tsfm/outputs_selena/foundation_models/time-coastal_t_s_h_part23/336_48/ts_icl/none/raw/keep/run_0 mse=0.462329 nmse=0.654521 inference_seconds=1.260
2026-08-29 00:02:00 | configuration dataset=time/coastal_t_s_h_part23 L=504 H=168 model=chronos2 covariates=none instance_norm=false remove_constant=false seed=1 batch_size=64
[2026-08-29 00:02:02,855][data.dataset][INFO] - dataset config path=/fssmall/home/h61084/codes/datasets/time/coastal_t_s_h_part23/config.json applied_keys=['date_col', 'drop_users', 'target_cols']
[2026-08-29 00:02:02,876][evaluation.evaluator][INFO] - evaluate dataset=time/coastal_t_s_h_part23 users=3 dates=4172 windows=21 removed_constant=0 L=504 H=168 stride=512
[2026-08-29 00:02:08,369][evaluation.evaluator][INFO] - artifacts ready run=/fslarge/scratch/users/h61084/codes/tsfm/outputs_selena/foundation_models/time-coastal_t_s_h_part23/504_168/chronos2/none/raw/keep/run_0 mse=1.40375 nmse=2.30332 inference_seconds=0.193
2026-08-29 00:02:09 | configuration dataset=time/coastal_t_s_h_part23 L=504 H=168 model=chronos_bolt covariates=none instance_norm=false remove_constant=false seed=1 batch_size=128
[2026-08-29 00:02:12,379][data.dataset][INFO] - dataset config path=/fssmall/home/h61084/codes/datasets/time/coastal_t_s_h_part23/config.json applied_keys=['date_col', 'drop_users', 'target_cols']
[2026-08-29 00:02:12,399][evaluation.evaluator][INFO] - evaluate dataset=time/coastal_t_s_h_part23 users=3 dates=4172 windows=21 removed_constant=0 L=504 H=168 stride=512
[2026-08-29 00:02:19,077][evaluation.evaluator][INFO] - artifacts ready run=/fslarge/scratch/users/h61084/codes/tsfm/outputs_selena/foundation_models/time-coastal_t_s_h_part23/504_168/chronos_bolt/none/raw/keep/run_0 mse=2.67358 nmse=2.7119 inference_seconds=0.335
2026-08-29 00:02:20 | configuration dataset=time/coastal_t_s_h_part23 L=504 H=168 model=chronos_t5 covariates=none instance_norm=false remove_constant=false seed=1 batch_size=32
[2026-08-29 00:02:23,063][data.dataset][INFO] - dataset config path=/fssmall/home/h61084/codes/datasets/time/coastal_t_s_h_part23/config.json applied_keys=['date_col', 'drop_users', 'target_cols']
[2026-08-29 00:02:23,083][evaluation.evaluator][INFO] - evaluate dataset=time/coastal_t_s_h_part23 users=3 dates=4172 windows=21 removed_constant=0 L=504 H=168 stride=512
[2026-08-29 00:02:28,571][/fssmall/home/h61084/codes/tsfm/.venv/lib/python3.12/site-packages/chronos/chronos.py][WARNING] - We recommend keeping prediction length <= 64. The quality of longer predictions may degrade since the model is not optimized for it. 
[2026-08-29 00:02:31,436][evaluation.evaluator][INFO] - artifacts ready run=/fslarge/scratch/users/h61084/codes/tsfm/outputs_selena/foundation_models/time-coastal_t_s_h_part23/504_168/chronos_t5/none/raw/keep/run_0 mse=1.56119 nmse=4.84231 inference_seconds=2.844
2026-08-29 00:02:32 | configuration dataset=time/coastal_t_s_h_part23 L=504 H=168 model=ts_icl covariates=none instance_norm=false remove_constant=false seed=1 batch_size=32
[2026-08-29 00:02:35,518][data.dataset][INFO] - dataset config path=/fssmall/home/h61084/codes/datasets/time/coastal_t_s_h_part23/config.json applied_keys=['date_col', 'drop_users', 'target_cols']
[2026-08-29 00:02:35,537][evaluation.evaluator][INFO] - evaluate dataset=time/coastal_t_s_h_part23 users=3 dates=4172 windows=21 removed_constant=0 L=504 H=168 stride=512
[2026-08-29 00:02:37,726][evaluation.evaluator][INFO] - artifacts ready run=/fslarge/scratch/users/h61084/codes/tsfm/outputs_selena/foundation_models/time-coastal_t_s_h_part23/504_168/ts_icl/none/raw/keep/run_0 mse=1.56396 nmse=2.20387 inference_seconds=1.241
2026-08-29 00:02:39 | configuration dataset=time/crypto_d L=14 H=2 model=chronos2 covariates=none instance_norm=false remove_constant=false seed=1 batch_size=64
[2026-08-29 00:02:41,566][data.dataset][INFO] - dataset config path=/fssmall/home/h61084/codes/datasets/time/crypto_d/config.json applied_keys=['date_col', 'drop_users', 'target_cols']
[2026-08-29 00:02:41,586][evaluation.evaluator][INFO] - evaluate dataset=time/crypto_d users=4 dates=2842 windows=24 removed_constant=0 L=14 H=2 stride=512
[2026-08-29 00:02:47,158][evaluation.evaluator][INFO] - artifacts ready run=/fslarge/scratch/users/h61084/codes/tsfm/outputs_selena/foundation_models/time-crypto_d/14_2/chronos2/none/raw/keep/run_0 mse=331918 nmse=1.61087 inference_seconds=0.195
2026-08-29 00:02:48 | configuration dataset=time/crypto_d L=14 H=2 model=chronos_bolt covariates=none instance_norm=false remove_constant=false seed=1 batch_size=128
[2026-08-29 00:02:51,171][data.dataset][INFO] - dataset config path=/fssmall/home/h61084/codes/datasets/time/crypto_d/config.json applied_keys=['date_col', 'drop_users', 'target_cols']
[2026-08-29 00:02:51,190][evaluation.evaluator][INFO] - evaluate dataset=time/crypto_d users=4 dates=2842 windows=24 removed_constant=0 L=14 H=2 stride=512
[2026-08-29 00:02:56,904][evaluation.evaluator][INFO] - artifacts ready run=/fslarge/scratch/users/h61084/codes/tsfm/outputs_selena/foundation_models/time-crypto_d/14_2/chronos_bolt/none/raw/keep/run_0 mse=343939 nmse=1.60092 inference_seconds=0.203
2026-08-29 00:02:58 | configuration dataset=time/crypto_d L=14 H=2 model=chronos_t5 covariates=none instance_norm=false remove_constant=false seed=1 batch_size=32
[2026-08-29 00:03:00,908][data.dataset][INFO] - dataset config path=/fssmall/home/h61084/codes/datasets/time/crypto_d/config.json applied_keys=['date_col', 'drop_users', 'target_cols']
[2026-08-29 00:03:00,927][evaluation.evaluator][INFO] - evaluate dataset=time/crypto_d users=4 dates=2842 windows=24 removed_constant=0 L=14 H=2 stride=512
[2026-08-29 00:03:06,763][evaluation.evaluator][INFO] - artifacts ready run=/fslarge/scratch/users/h61084/codes/tsfm/outputs_selena/foundation_models/time-crypto_d/14_2/chronos_t5/none/raw/keep/run_0 mse=434759 nmse=1.55936 inference_seconds=0.313
2026-08-29 00:03:08 | configuration dataset=time/crypto_d L=14 H=2 model=ts_icl covariates=none instance_norm=false remove_constant=false seed=1 batch_size=32
[2026-08-29 00:03:10,815][data.dataset][INFO] - dataset config path=/fssmall/home/h61084/codes/datasets/time/crypto_d/config.json applied_keys=['date_col', 'drop_users', 'target_cols']
[2026-08-29 00:03:10,834][evaluation.evaluator][INFO] - evaluate dataset=time/crypto_d users=4 dates=2842 windows=24 removed_constant=0 L=14 H=2 stride=512
[2026-08-29 00:03:12,895][evaluation.evaluator][INFO] - artifacts ready run=/fslarge/scratch/users/h61084/codes/tsfm/outputs_selena/foundation_models/time-crypto_d/14_2/ts_icl/none/raw/keep/run_0 mse=895818 nmse=3.67988 inference_seconds=1.225
2026-08-29 00:03:14 | configuration dataset=time/crypto_d L=30 H=7 model=chronos2 covariates=none instance_norm=false remove_constant=false seed=1 batch_size=64
[2026-08-29 00:03:16,775][data.dataset][INFO] - dataset config path=/fssmall/home/h61084/codes/datasets/time/crypto_d/config.json applied_keys=['date_col', 'drop_users', 'target_cols']
[2026-08-29 00:03:16,795][evaluation.evaluator][INFO] - evaluate dataset=time/crypto_d users=4 dates=2842 windows=24 removed_constant=0 L=30 H=7 stride=512
[2026-08-29 00:03:22,307][evaluation.evaluator][INFO] - artifacts ready run=/fslarge/scratch/users/h61084/codes/tsfm/outputs_selena/foundation_models/time-crypto_d/30_7/chronos2/none/raw/keep/run_0 mse=534728 nmse=0.727467 inference_seconds=0.192
2026-08-29 00:03:23 | configuration dataset=time/crypto_d L=30 H=7 model=chronos_bolt covariates=none instance_norm=false remove_constant=false seed=1 batch_size=128
[2026-08-29 00:03:26,334][data.dataset][INFO] - dataset config path=/fssmall/home/h61084/codes/datasets/time/crypto_d/config.json applied_keys=['date_col', 'drop_users', 'target_cols']
[2026-08-29 00:03:26,353][evaluation.evaluator][INFO] - evaluate dataset=time/crypto_d users=4 dates=2842 windows=24 removed_constant=0 L=30 H=7 stride=512
[2026-08-29 00:03:32,075][evaluation.evaluator][INFO] - artifacts ready run=/fslarge/scratch/users/h61084/codes/tsfm/outputs_selena/foundation_models/time-crypto_d/30_7/chronos_bolt/none/raw/keep/run_0 mse=708357 nmse=0.949963 inference_seconds=0.204
2026-08-29 00:03:33 | configuration dataset=time/crypto_d L=30 H=7 model=chronos_t5 covariates=none instance_norm=false remove_constant=false seed=1 batch_size=32
[2026-08-29 00:03:36,079][data.dataset][INFO] - dataset config path=/fssmall/home/h61084/codes/datasets/time/crypto_d/config.json applied_keys=['date_col', 'drop_users', 'target_cols']
[2026-08-29 00:03:36,097][evaluation.evaluator][INFO] - evaluate dataset=time/crypto_d users=4 dates=2842 windows=24 removed_constant=0 L=30 H=7 stride=512
[2026-08-29 00:03:41,902][evaluation.evaluator][INFO] - artifacts ready run=/fslarge/scratch/users/h61084/codes/tsfm/outputs_selena/foundation_models/time-crypto_d/30_7/chronos_t5/none/raw/keep/run_0 mse=745862 nmse=1.10584 inference_seconds=0.371
2026-08-29 00:03:43 | configuration dataset=time/crypto_d L=30 H=7 model=ts_icl covariates=none instance_norm=false remove_constant=false seed=1 batch_size=32
[2026-08-29 00:03:45,966][data.dataset][INFO] - dataset config path=/fssmall/home/h61084/codes/datasets/time/crypto_d/config.json applied_keys=['date_col', 'drop_users', 'target_cols']
[2026-08-29 00:03:45,985][evaluation.evaluator][INFO] - evaluate dataset=time/crypto_d users=4 dates=2842 windows=24 removed_constant=0 L=30 H=7 stride=512
[2026-08-29 00:03:48,040][evaluation.evaluator][INFO] - artifacts ready run=/fslarge/scratch/users/h61084/codes/tsfm/outputs_selena/foundation_models/time-crypto_d/30_7/ts_icl/none/raw/keep/run_0 mse=805617 nmse=1.06109 inference_seconds=1.222
2026-08-29 00:03:49 | configuration dataset=time/ecdc_covid_d_part01 L=14 H=2 model=chronos2 covariates=none instance_norm=false remove_constant=false seed=1 batch_size=64
[2026-08-29 00:03:51,909][data.dataset][INFO] - dataset config path=/fssmall/home/h61084/codes/datasets/time/ecdc_covid_d_part01/config.json applied_keys=['date_col', 'drop_users', 'target_cols']
[2026-08-29 00:03:51,927][evaluation.evaluator][INFO] - evaluate dataset=time/ecdc_covid_d_part01 users=1 dates=1186 windows=3 removed_constant=0 L=14 H=2 stride=512
[2026-08-29 00:03:57,478][evaluation.evaluator][INFO] - artifacts ready run=/fslarge/scratch/users/h61084/codes/tsfm/outputs_selena/foundation_models/time-ecdc_covid_d_part01/14_2/chronos2/none/raw/keep/run_0 mse=914.276 nmse=0.335912 inference_seconds=0.193
2026-08-29 00:03:59 | configuration dataset=time/ecdc_covid_d_part01 L=14 H=2 model=chronos_bolt covariates=none instance_norm=false remove_constant=false seed=1 batch_size=128
[2026-08-29 00:04:01,501][data.dataset][INFO] - dataset config path=/fssmall/home/h61084/codes/datasets/time/ecdc_covid_d_part01/config.json applied_keys=['date_col', 'drop_users', 'target_cols']
[2026-08-29 00:04:01,519][evaluation.evaluator][INFO] - evaluate dataset=time/ecdc_covid_d_part01 users=1 dates=1186 windows=3 removed_constant=0 L=14 H=2 stride=512
[2026-08-29 00:04:07,236][evaluation.evaluator][INFO] - artifacts ready run=/fslarge/scratch/users/h61084/codes/tsfm/outputs_selena/foundation_models/time-ecdc_covid_d_part01/14_2/chronos_bolt/none/raw/keep/run_0 mse=1342.34 nmse=0.460964 inference_seconds=0.201
2026-08-29 00:04:08 | configuration dataset=time/ecdc_covid_d_part01 L=14 H=2 model=chronos_t5 covariates=none instance_norm=false remove_constant=false seed=1 batch_size=32
[2026-08-29 00:04:11,283][data.dataset][INFO] - dataset config path=/fssmall/home/h61084/codes/datasets/time/ecdc_covid_d_part01/config.json applied_keys=['date_col', 'drop_users', 'target_cols']
[2026-08-29 00:04:11,301][evaluation.evaluator][INFO] - evaluate dataset=time/ecdc_covid_d_part01 users=1 dates=1186 windows=3 removed_constant=0 L=14 H=2 stride=512
[2026-08-29 00:04:17,104][evaluation.evaluator][INFO] - artifacts ready run=/fslarge/scratch/users/h61084/codes/tsfm/outputs_selena/foundation_models/time-ecdc_covid_d_part01/14_2/chronos_t5/none/raw/keep/run_0 mse=901.966 nmse=0.334341 inference_seconds=0.290
2026-08-29 00:04:18 | configuration dataset=time/ecdc_covid_d_part01 L=14 H=2 model=ts_icl covariates=none instance_norm=false remove_constant=false seed=1 batch_size=32
[2026-08-29 00:04:21,163][data.dataset][INFO] - dataset config path=/fssmall/home/h61084/codes/datasets/time/ecdc_covid_d_part01/config.json applied_keys=['date_col', 'drop_users', 'target_cols']
[2026-08-29 00:04:21,181][evaluation.evaluator][INFO] - evaluate dataset=time/ecdc_covid_d_part01 users=1 dates=1186 windows=3 removed_constant=0 L=14 H=2 stride=512
[2026-08-29 00:04:23,254][evaluation.evaluator][INFO] - artifacts ready run=/fslarge/scratch/users/h61084/codes/tsfm/outputs_selena/foundation_models/time-ecdc_covid_d_part01/14_2/ts_icl/none/raw/keep/run_0 mse=998.48 nmse=0.430315 inference_seconds=1.238
2026-08-29 00:04:24 | configuration dataset=time/ecdc_covid_d_part01 L=30 H=7 model=chronos2 covariates=none instance_norm=false remove_constant=false seed=1 batch_size=64
[2026-08-29 00:04:27,127][data.dataset][INFO] - dataset config path=/fssmall/home/h61084/codes/datasets/time/ecdc_covid_d_part01/config.json applied_keys=['date_col', 'drop_users', 'target_cols']
[2026-08-29 00:04:27,145][evaluation.evaluator][INFO] - evaluate dataset=time/ecdc_covid_d_part01 users=1 dates=1186 windows=3 removed_constant=0 L=30 H=7 stride=512
[2026-08-29 00:04:32,681][evaluation.evaluator][INFO] - artifacts ready run=/fslarge/scratch/users/h61084/codes/tsfm/outputs_selena/foundation_models/time-ecdc_covid_d_part01/30_7/chronos2/none/raw/keep/run_0 mse=22972.9 nmse=1.28522 inference_seconds=0.199
2026-08-29 00:04:34 | configuration dataset=time/ecdc_covid_d_part01 L=30 H=7 model=chronos_bolt covariates=none instance_norm=false remove_constant=false seed=1 batch_size=128
[2026-08-29 00:04:36,743][data.dataset][INFO] - dataset config path=/fssmall/home/h61084/codes/datasets/time/ecdc_covid_d_part01/config.json applied_keys=['date_col', 'drop_users', 'target_cols']
[2026-08-29 00:04:36,760][evaluation.evaluator][INFO] - evaluate dataset=time/ecdc_covid_d_part01 users=1 dates=1186 windows=3 removed_constant=0 L=30 H=7 stride=512
[2026-08-29 00:04:42,436][evaluation.evaluator][INFO] - artifacts ready run=/fslarge/scratch/users/h61084/codes/tsfm/outputs_selena/foundation_models/time-ecdc_covid_d_part01/30_7/chronos_bolt/none/raw/keep/run_0 mse=23204.1 nmse=1.27932 inference_seconds=0.195
2026-08-29 00:04:44 | configuration dataset=time/ecdc_covid_d_part01 L=30 H=7 model=chronos_t5 covariates=none instance_norm=false remove_constant=false seed=1 batch_size=32
[2026-08-29 00:04:46,569][data.dataset][INFO] - dataset config path=/fssmall/home/h61084/codes/datasets/time/ecdc_covid_d_part01/config.json applied_keys=['date_col', 'drop_users', 'target_cols']
[2026-08-29 00:04:46,587][evaluation.evaluator][INFO] - evaluate dataset=time/ecdc_covid_d_part01 users=1 dates=1186 windows=3 removed_constant=0 L=30 H=7 stride=512
[2026-08-29 00:04:52,462][evaluation.evaluator][INFO] - artifacts ready run=/fslarge/scratch/users/h61084/codes/tsfm/outputs_selena/foundation_models/time-ecdc_covid_d_part01/30_7/chronos_t5/none/raw/keep/run_0 mse=30940.8 nmse=1.73868 inference_seconds=0.370
2026-08-29 00:04:54 | configuration dataset=time/ecdc_covid_d_part01 L=30 H=7 model=ts_icl covariates=none instance_norm=false remove_constant=false seed=1 batch_size=32
[2026-08-29 00:04:56,551][data.dataset][INFO] - dataset config path=/fssmall/home/h61084/codes/datasets/time/ecdc_covid_d_part01/config.json applied_keys=['date_col', 'drop_users', 'target_cols']
[2026-08-29 00:04:56,568][evaluation.evaluator][INFO] - evaluate dataset=time/ecdc_covid_d_part01 users=1 dates=1186 windows=3 removed_constant=0 L=30 H=7 stride=512
[2026-08-29 00:04:58,611][evaluation.evaluator][INFO] - artifacts ready run=/fslarge/scratch/users/h61084/codes/tsfm/outputs_selena/foundation_models/time-ecdc_covid_d_part01/30_7/ts_icl/none/raw/keep/run_0 mse=29703.9 nmse=1.67039 inference_seconds=1.211
2026-08-29 00:04:59 | configuration dataset=time/ecdc_covid_d_part02 L=14 H=2 model=chronos2 covariates=none instance_norm=false remove_constant=false seed=1 batch_size=64
[2026-08-29 00:05:02,497][data.dataset][INFO] - dataset config path=/fssmall/home/h61084/codes/datasets/time/ecdc_covid_d_part02/config.json applied_keys=['date_col', 'drop_users', 'target_cols']
[2026-08-29 00:05:02,516][evaluation.evaluator][INFO] - evaluate dataset=time/ecdc_covid_d_part02 users=1 dates=1152 windows=3 removed_constant=0 L=14 H=2 stride=512
[2026-08-29 00:05:08,076][evaluation.evaluator][INFO] - artifacts ready run=/fslarge/scratch/users/h61084/codes/tsfm/outputs_selena/foundation_models/time-ecdc_covid_d_part02/14_2/chronos2/none/raw/keep/run_0 mse=5561.29 nmse=0.159966 inference_seconds=0.196
2026-08-29 00:05:09 | configuration dataset=time/ecdc_covid_d_part02 L=14 H=2 model=chronos_bolt covariates=none instance_norm=false remove_constant=false seed=1 batch_size=128
[2026-08-29 00:05:12,134][data.dataset][INFO] - dataset config path=/fssmall/home/h61084/codes/datasets/time/ecdc_covid_d_part02/config.json applied_keys=['date_col', 'drop_users', 'target_cols']
[2026-08-29 00:05:12,151][evaluation.evaluator][INFO] - evaluate dataset=time/ecdc_covid_d_part02 users=1 dates=1152 windows=3 removed_constant=0 L=14 H=2 stride=512
[2026-08-29 00:05:17,917][evaluation.evaluator][INFO] - artifacts ready run=/fslarge/scratch/users/h61084/codes/tsfm/outputs_selena/foundation_models/time-ecdc_covid_d_part02/14_2/chronos_bolt/none/raw/keep/run_0 mse=41108.8 nmse=0.106805 inference_seconds=0.200
2026-08-29 00:05:19 | configuration dataset=time/ecdc_covid_d_part02 L=14 H=2 model=chronos_t5 covariates=none instance_norm=false remove_constant=false seed=1 batch_size=32
[2026-08-29 00:05:21,996][data.dataset][INFO] - dataset config path=/fssmall/home/h61084/codes/datasets/time/ecdc_covid_d_part02/config.json applied_keys=['date_col', 'drop_users', 'target_cols']
[2026-08-29 00:05:22,014][evaluation.evaluator][INFO] - evaluate dataset=time/ecdc_covid_d_part02 users=1 dates=1152 windows=3 removed_constant=0 L=14 H=2 stride=512
[2026-08-29 00:05:27,800][evaluation.evaluator][INFO] - artifacts ready run=/fslarge/scratch/users/h61084/codes/tsfm/outputs_selena/foundation_models/time-ecdc_covid_d_part02/14_2/chronos_t5/none/raw/keep/run_0 mse=7253.99 nmse=0.130064 inference_seconds=0.291
2026-08-29 00:05:29 | configuration dataset=time/ecdc_covid_d_part02 L=14 H=2 model=ts_icl covariates=none instance_norm=false remove_constant=false seed=1 batch_size=32
[2026-08-29 00:05:31,890][data.dataset][INFO] - dataset config path=/fssmall/home/h61084/codes/datasets/time/ecdc_covid_d_part02/config.json applied_keys=['date_col', 'drop_users', 'target_cols']
[2026-08-29 00:05:31,907][evaluation.evaluator][INFO] - evaluate dataset=time/ecdc_covid_d_part02 users=1 dates=1152 windows=3 removed_constant=0 L=14 H=2 stride=512
[2026-08-29 00:05:33,986][evaluation.evaluator][INFO] - artifacts ready run=/fslarge/scratch/users/h61084/codes/tsfm/outputs_selena/foundation_models/time-ecdc_covid_d_part02/14_2/ts_icl/none/raw/keep/run_0 mse=16088.8 nmse=0.273113 inference_seconds=1.218
2026-08-29 00:05:35 | configuration dataset=time/ecdc_covid_d_part02 L=30 H=7 model=chronos2 covariates=none instance_norm=false remove_constant=false seed=1 batch_size=64
[2026-08-29 00:05:37,843][data.dataset][INFO] - dataset config path=/fssmall/home/h61084/codes/datasets/time/ecdc_covid_d_part02/config.json applied_keys=['date_col', 'drop_users', 'target_cols']
[2026-08-29 00:05:37,861][evaluation.evaluator][INFO] - evaluate dataset=time/ecdc_covid_d_part02 users=1 dates=1152 windows=3 removed_constant=0 L=30 H=7 stride=512
[2026-08-29 00:05:43,338][evaluation.evaluator][INFO] - artifacts ready run=/fslarge/scratch/users/h61084/codes/tsfm/outputs_selena/foundation_models/time-ecdc_covid_d_part02/30_7/chronos2/none/raw/keep/run_0 mse=53921.3 nmse=0.108415 inference_seconds=0.196
2026-08-29 00:05:44 | configuration dataset=time/ecdc_covid_d_part02 L=30 H=7 model=chronos_bolt covariates=none instance_norm=false remove_constant=false seed=1 batch_size=128
[2026-08-29 00:05:47,378][data.dataset][INFO] - dataset config path=/fssmall/home/h61084/codes/datasets/time/ecdc_covid_d_part02/config.json applied_keys=['date_col', 'drop_users', 'target_cols']
[2026-08-29 00:05:47,396][evaluation.evaluator][INFO] - evaluate dataset=time/ecdc_covid_d_part02 users=1 dates=1152 windows=3 removed_constant=0 L=30 H=7 stride=512
[2026-08-29 00:05:53,099][evaluation.evaluator][INFO] - artifacts ready run=/fslarge/scratch/users/h61084/codes/tsfm/outputs_selena/foundation_models/time-ecdc_covid_d_part02/30_7/chronos_bolt/none/raw/keep/run_0 mse=3441.51 nmse=0.0315242 inference_seconds=0.201
2026-08-29 00:05:54 | configuration dataset=time/ecdc_covid_d_part02 L=30 H=7 model=chronos_t5 covariates=none instance_norm=false remove_constant=false seed=1 batch_size=32
[2026-08-29 00:05:57,151][data.dataset][INFO] - dataset config path=/fssmall/home/h61084/codes/datasets/time/ecdc_covid_d_part02/config.json applied_keys=['date_col', 'drop_users', 'target_cols']
[2026-08-29 00:05:57,169][evaluation.evaluator][INFO] - evaluate dataset=time/ecdc_covid_d_part02 users=1 dates=1152 windows=3 removed_constant=0 L=30 H=7 stride=512
[2026-08-29 00:06:03,044][evaluation.evaluator][INFO] - artifacts ready run=/fslarge/scratch/users/h61084/codes/tsfm/outputs_selena/foundation_models/time-ecdc_covid_d_part02/30_7/chronos_t5/none/raw/keep/run_0 mse=74519.9 nmse=0.0990454 inference_seconds=0.372
2026-08-29 00:06:04 | configuration dataset=time/ecdc_covid_d_part02 L=30 H=7 model=ts_icl covariates=none instance_norm=false remove_constant=false seed=1 batch_size=32
[2026-08-29 00:06:07,124][data.dataset][INFO] - dataset config path=/fssmall/home/h61084/codes/datasets/time/ecdc_covid_d_part02/config.json applied_keys=['date_col', 'drop_users', 'target_cols']
[2026-08-29 00:06:07,141][evaluation.evaluator][INFO] - evaluate dataset=time/ecdc_covid_d_part02 users=1 dates=1152 windows=3 removed_constant=0 L=30 H=7 stride=512
[2026-08-29 00:06:09,212][evaluation.evaluator][INFO] - artifacts ready run=/fslarge/scratch/users/h61084/codes/tsfm/outputs_selena/foundation_models/time-ecdc_covid_d_part02/30_7/ts_icl/none/raw/keep/run_0 mse=71897.5 nmse=0.134584 inference_seconds=1.236
2026-08-29 00:06:10 | configuration dataset=time/ecdc_covid_d_part03 L=14 H=2 model=chronos2 covariates=none instance_norm=false remove_constant=false seed=1 batch_size=64
[2026-08-29 00:06:13,120][data.dataset][INFO] - dataset config path=/fssmall/home/h61084/codes/datasets/time/ecdc_covid_d_part03/config.json applied_keys=['date_col', 'drop_users', 'target_cols']
[2026-08-29 00:06:13,139][evaluation.evaluator][INFO] - evaluate dataset=time/ecdc_covid_d_part03 users=1 dates=1229 windows=3 removed_constant=0 L=14 H=2 stride=512
[2026-08-29 00:06:18,642][evaluation.evaluator][INFO] - artifacts ready run=/fslarge/scratch/users/h61084/codes/tsfm/outputs_selena/foundation_models/time-ecdc_covid_d_part03/14_2/chronos2/none/raw/keep/run_0 mse=383.961 nmse=18.4472 inference_seconds=0.194
2026-08-29 00:06:20 | configuration dataset=time/ecdc_covid_d_part03 L=14 H=2 model=chronos_bolt covariates=none instance_norm=false remove_constant=false seed=1 batch_size=128
[2026-08-29 00:06:22,715][data.dataset][INFO] - dataset config path=/fssmall/home/h61084/codes/datasets/time/ecdc_covid_d_part03/config.json applied_keys=['date_col', 'drop_users', 'target_cols']
[2026-08-29 00:06:22,732][evaluation.evaluator][INFO] - evaluate dataset=time/ecdc_covid_d_part03 users=1 dates=1229 windows=3 removed_constant=0 L=14 H=2 stride=512
[2026-08-29 00:06:28,395][evaluation.evaluator][INFO] - artifacts ready run=/fslarge/scratch/users/h61084/codes/tsfm/outputs_selena/foundation_models/time-ecdc_covid_d_part03/14_2/chronos_bolt/none/raw/keep/run_0 mse=89.262 nmse=18.6206 inference_seconds=0.201
2026-08-29 00:06:29 | configuration dataset=time/ecdc_covid_d_part03 L=14 H=2 model=chronos_t5 covariates=none instance_norm=false remove_constant=false seed=1 batch_size=32
[2026-08-29 00:06:32,460][data.dataset][INFO] - dataset config path=/fssmall/home/h61084/codes/datasets/time/ecdc_covid_d_part03/config.json applied_keys=['date_col', 'drop_users', 'target_cols']
[2026-08-29 00:06:32,478][evaluation.evaluator][INFO] - evaluate dataset=time/ecdc_covid_d_part03 users=1 dates=1229 windows=3 removed_constant=0 L=14 H=2 stride=512
[2026-08-29 00:06:38,295][evaluation.evaluator][INFO] - artifacts ready run=/fslarge/scratch/users/h61084/codes/tsfm/outputs_selena/foundation_models/time-ecdc_covid_d_part03/14_2/chronos_t5/none/raw/keep/run_0 mse=74.5668 nmse=18.078 inference_seconds=0.290
2026-08-29 00:06:39 | configuration dataset=time/ecdc_covid_d_part03 L=14 H=2 model=ts_icl covariates=none instance_norm=false remove_constant=false seed=1 batch_size=32
[2026-08-29 00:06:42,371][data.dataset][INFO] - dataset config path=/fssmall/home/h61084/codes/datasets/time/ecdc_covid_d_part03/config.json applied_keys=['date_col', 'drop_users', 'target_cols']
[2026-08-29 00:06:42,389][evaluation.evaluator][INFO] - evaluate dataset=time/ecdc_covid_d_part03 users=1 dates=1229 windows=3 removed_constant=0 L=14 H=2 stride=512
[2026-08-29 00:06:44,431][evaluation.evaluator][INFO] - artifacts ready run=/fslarge/scratch/users/h61084/codes/tsfm/outputs_selena/foundation_models/time-ecdc_covid_d_part03/14_2/ts_icl/none/raw/keep/run_0 mse=155.105 nmse=19.9961 inference_seconds=1.211
2026-08-29 00:06:45 | configuration dataset=time/ecdc_covid_d_part03 L=30 H=7 model=chronos2 covariates=none instance_norm=false remove_constant=false seed=1 batch_size=64
[2026-08-29 00:06:48,411][data.dataset][INFO] - dataset config path=/fssmall/home/h61084/codes/datasets/time/ecdc_covid_d_part03/config.json applied_keys=['date_col', 'drop_users', 'target_cols']
[2026-08-29 00:06:48,428][evaluation.evaluator][INFO] - evaluate dataset=time/ecdc_covid_d_part03 users=1 dates=1229 windows=3 removed_constant=0 L=30 H=7 stride=512
[2026-08-29 00:06:53,950][evaluation.evaluator][INFO] - artifacts ready run=/fslarge/scratch/users/h61084/codes/tsfm/outputs_selena/foundation_models/time-ecdc_covid_d_part03/30_7/chronos2/none/raw/keep/run_0 mse=577.132 nmse=0.533655 inference_seconds=0.195
2026-08-29 00:06:55 | configuration dataset=time/ecdc_covid_d_part03 L=30 H=7 model=chronos_bolt covariates=none instance_norm=false remove_constant=false seed=1 batch_size=128
[2026-08-29 00:06:58,036][data.dataset][INFO] - dataset config path=/fssmall/home/h61084/codes/datasets/time/ecdc_covid_d_part03/config.json applied_keys=['date_col', 'drop_users', 'target_cols']
[2026-08-29 00:06:58,054][evaluation.evaluator][INFO] - evaluate dataset=time/ecdc_covid_d_part03 users=1 dates=1229 windows=3 removed_constant=0 L=30 H=7 stride=512
[2026-08-29 00:07:03,796][evaluation.evaluator][INFO] - artifacts ready run=/fslarge/scratch/users/h61084/codes/tsfm/outputs_selena/foundation_models/time-ecdc_covid_d_part03/30_7/chronos_bolt/none/raw/keep/run_0 mse=497.517 nmse=0.589283 inference_seconds=0.201
2026-08-29 00:07:05 | configuration dataset=time/ecdc_covid_d_part03 L=30 H=7 model=chronos_t5 covariates=none instance_norm=false remove_constant=false seed=1 batch_size=32
[2026-08-29 00:07:07,880][data.dataset][INFO] - dataset config path=/fssmall/home/h61084/codes/datasets/time/ecdc_covid_d_part03/config.json applied_keys=['date_col', 'drop_users', 'target_cols']
[2026-08-29 00:07:07,897][evaluation.evaluator][INFO] - evaluate dataset=time/ecdc_covid_d_part03 users=1 dates=1229 windows=3 removed_constant=0 L=30 H=7 stride=512
[2026-08-29 00:07:13,732][evaluation.evaluator][INFO] - artifacts ready run=/fslarge/scratch/users/h61084/codes/tsfm/outputs_selena/foundation_models/time-ecdc_covid_d_part03/30_7/chronos_t5/none/raw/keep/run_0 mse=323.058 nmse=0.615486 inference_seconds=0.365
2026-08-29 00:07:15 | configuration dataset=time/ecdc_covid_d_part03 L=30 H=7 model=ts_icl covariates=none instance_norm=false remove_constant=false seed=1 batch_size=32
[2026-08-29 00:07:17,821][data.dataset][INFO] - dataset config path=/fssmall/home/h61084/codes/datasets/time/ecdc_covid_d_part03/config.json applied_keys=['date_col', 'drop_users', 'target_cols']
[2026-08-29 00:07:17,839][evaluation.evaluator][INFO] - evaluate dataset=time/ecdc_covid_d_part03 users=1 dates=1229 windows=3 removed_constant=0 L=30 H=7 stride=512
[2026-08-29 00:07:19,902][evaluation.evaluator][INFO] - artifacts ready run=/fslarge/scratch/users/h61084/codes/tsfm/outputs_selena/foundation_models/time-ecdc_covid_d_part03/30_7/ts_icl/none/raw/keep/run_0 mse=1315.94 nmse=0.721416 inference_seconds=1.236
2026-08-29 00:07:21 | configuration dataset=time/ecdc_covid_d_part04 L=14 H=2 model=chronos2 covariates=none instance_norm=false remove_constant=false seed=1 batch_size=64
[2026-08-29 00:07:23,850][data.dataset][INFO] - dataset config path=/fssmall/home/h61084/codes/datasets/time/ecdc_covid_d_part04/config.json applied_keys=['date_col', 'drop_users', 'target_cols']
[2026-08-29 00:07:23,868][evaluation.evaluator][INFO] - evaluate dataset=time/ecdc_covid_d_part04 users=1 dates=1110 windows=3 removed_constant=0 L=14 H=2 stride=512
[2026-08-29 00:07:29,371][evaluation.evaluator][INFO] - artifacts ready run=/fslarge/scratch/users/h61084/codes/tsfm/outputs_selena/foundation_models/time-ecdc_covid_d_part04/14_2/chronos2/none/raw/keep/run_0 mse=2.40248 nmse=0.180722 inference_seconds=0.189
2026-08-29 00:07:30 | configuration dataset=time/ecdc_covid_d_part04 L=14 H=2 model=chronos_bolt covariates=none instance_norm=false remove_constant=false seed=1 batch_size=128
[2026-08-29 00:07:33,471][data.dataset][INFO] - dataset config path=/fssmall/home/h61084/codes/datasets/time/ecdc_covid_d_part04/config.json applied_keys=['date_col', 'drop_users', 'target_cols']
[2026-08-29 00:07:33,489][evaluation.evaluator][INFO] - evaluate dataset=time/ecdc_covid_d_part04 users=1 dates=1110 windows=3 removed_constant=0 L=14 H=2 stride=512
[2026-08-29 00:07:39,196][evaluation.evaluator][INFO] - artifacts ready run=/fslarge/scratch/users/h61084/codes/tsfm/outputs_selena/foundation_models/time-ecdc_covid_d_part04/14_2/chronos_bolt/none/raw/keep/run_0 mse=105.049 nmse=0.188186 inference_seconds=0.201
2026-08-29 00:07:40 | configuration dataset=time/ecdc_covid_d_part04 L=14 H=2 model=chronos_t5 covariates=none instance_norm=false remove_constant=false seed=1 batch_size=32
[2026-08-29 00:07:43,283][data.dataset][INFO] - dataset config path=/fssmall/home/h61084/codes/datasets/time/ecdc_covid_d_part04/config.json applied_keys=['date_col', 'drop_users', 'target_cols']
[2026-08-29 00:07:43,301][evaluation.evaluator][INFO] - evaluate dataset=time/ecdc_covid_d_part04 users=1 dates=1110 windows=3 removed_constant=0 L=14 H=2 stride=512
[2026-08-29 00:07:49,060][evaluation.evaluator][INFO] - artifacts ready run=/fslarge/scratch/users/h61084/codes/tsfm/outputs_selena/foundation_models/time-ecdc_covid_d_part04/14_2/chronos_t5/none/raw/keep/run_0 mse=24.354 nmse=0.378702 inference_seconds=0.293
2026-08-29 00:07:50 | configuration dataset=time/ecdc_covid_d_part04 L=14 H=2 model=ts_icl covariates=none instance_norm=false remove_constant=false seed=1 batch_size=32
[2026-08-29 00:07:53,200][data.dataset][INFO] - dataset config path=/fssmall/home/h61084/codes/datasets/time/ecdc_covid_d_part04/config.json applied_keys=['date_col', 'drop_users', 'target_cols']
[2026-08-29 00:07:53,217][evaluation.evaluator][INFO] - evaluate dataset=time/ecdc_covid_d_part04 users=1 dates=1110 windows=3 removed_constant=0 L=14 H=2 stride=512
[2026-08-29 00:07:55,268][evaluation.evaluator][INFO] - artifacts ready run=/fslarge/scratch/users/h61084/codes/tsfm/outputs_selena/foundation_models/time-ecdc_covid_d_part04/14_2/ts_icl/none/raw/keep/run_0 mse=31.4741 nmse=0.85555 inference_seconds=1.224
2026-08-29 00:07:56 | configuration dataset=time/ecdc_covid_d_part04 L=30 H=7 model=chronos2 covariates=none instance_norm=false remove_constant=false seed=1 batch_size=64
[2026-08-29 00:07:59,195][data.dataset][INFO] - dataset config path=/fssmall/home/h61084/codes/datasets/time/ecdc_covid_d_part04/config.json applied_keys=['date_col', 'drop_users', 'target_cols']
[2026-08-29 00:07:59,213][evaluation.evaluator][INFO] - evaluate dataset=time/ecdc_covid_d_part04 users=1 dates=1110 windows=3 removed_constant=0 L=30 H=7 stride=512
[2026-08-29 00:08:04,769][evaluation.evaluator][INFO] - artifacts ready run=/fslarge/scratch/users/h61084/codes/tsfm/outputs_selena/foundation_models/time-ecdc_covid_d_part04/30_7/chronos2/none/raw/keep/run_0 mse=53.4128 nmse=0.426362 inference_seconds=0.197
2026-08-29 00:08:06 | configuration dataset=time/ecdc_covid_d_part04 L=30 H=7 model=chronos_bolt covariates=none instance_norm=false remove_constant=false seed=1 batch_size=128
[2026-08-29 00:08:08,896][data.dataset][INFO] - dataset config path=/fssmall/home/h61084/codes/datasets/time/ecdc_covid_d_part04/config.json applied_keys=['date_col', 'drop_users', 'target_cols']
[2026-08-29 00:08:08,914][evaluation.evaluator][INFO] - evaluate dataset=time/ecdc_covid_d_part04 users=1 dates=1110 windows=3 removed_constant=0 L=30 H=7 stride=512
[2026-08-29 00:08:14,627][evaluation.evaluator][INFO] - artifacts ready run=/fslarge/scratch/users/h61084/codes/tsfm/outputs_selena/foundation_models/time-ecdc_covid_d_part04/30_7/chronos_bolt/none/raw/keep/run_0 mse=121.122 nmse=0.334185 inference_seconds=0.187
2026-08-29 00:08:16 | configuration dataset=time/ecdc_covid_d_part04 L=30 H=7 model=chronos_t5 covariates=none instance_norm=false remove_constant=false seed=1 batch_size=32
[2026-08-29 00:08:18,723][data.dataset][INFO] - dataset config path=/fssmall/home/h61084/codes/datasets/time/ecdc_covid_d_part04/config.json applied_keys=['date_col', 'drop_users', 'target_cols']
[2026-08-29 00:08:18,740][evaluation.evaluator][INFO] - evaluate dataset=time/ecdc_covid_d_part04 users=1 dates=1110 windows=3 removed_constant=0 L=30 H=7 stride=512
[2026-08-29 00:08:24,658][evaluation.evaluator][INFO] - artifacts ready run=/fslarge/scratch/users/h61084/codes/tsfm/outputs_selena/foundation_models/time-ecdc_covid_d_part04/30_7/chronos_t5/none/raw/keep/run_0 mse=75.3878 nmse=0.35908 inference_seconds=0.369
2026-08-29 00:08:26 | configuration dataset=time/ecdc_covid_d_part04 L=30 H=7 model=ts_icl covariates=none instance_norm=false remove_constant=false seed=1 batch_size=32
[2026-08-29 00:08:28,764][data.dataset][INFO] - dataset config path=/fssmall/home/h61084/codes/datasets/time/ecdc_covid_d_part04/config.json applied_keys=['date_col', 'drop_users', 'target_cols']
[2026-08-29 00:08:28,782][evaluation.evaluator][INFO] - evaluate dataset=time/ecdc_covid_d_part04 users=1 dates=1110 windows=3 removed_constant=0 L=30 H=7 stride=512
[2026-08-29 00:08:30,845][evaluation.evaluator][INFO] - artifacts ready run=/fslarge/scratch/users/h61084/codes/tsfm/outputs_selena/foundation_models/time-ecdc_covid_d_part04/30_7/ts_icl/none/raw/keep/run_0 mse=51.2961 nmse=0.309651 inference_seconds=1.224
2026-08-29 00:08:32 | configuration dataset=time/ecdc_covid_d_part05 L=14 H=2 model=chronos2 covariates=none instance_norm=false remove_constant=false seed=1 batch_size=64
[2026-08-29 00:08:34,794][data.dataset][INFO] - dataset config path=/fssmall/home/h61084/codes/datasets/time/ecdc_covid_d_part05/config.json applied_keys=['date_col', 'drop_users', 'target_cols']
[2026-08-29 00:08:34,812][evaluation.evaluator][INFO] - evaluate dataset=time/ecdc_covid_d_part05 users=1 dates=794 windows=2 removed_constant=0 L=14 H=2 stride=512
[2026-08-29 00:08:40,932][evaluation.evaluator][INFO] - artifacts ready run=/fslarge/scratch/users/h61084/codes/tsfm/outputs_selena/foundation_models/time-ecdc_covid_d_part05/14_2/chronos2/none/raw/keep/run_0 mse=103136 nmse=0.0685644 inference_seconds=0.190
2026-08-29 00:08:42 | configuration dataset=time/ecdc_covid_d_part05 L=14 H=2 model=chronos_bolt covariates=none instance_norm=false remove_constant=false seed=1 batch_size=128
[2026-08-29 00:08:45,077][data.dataset][INFO] - dataset config path=/fssmall/home/h61084/codes/datasets/time/ecdc_covid_d_part05/config.json applied_keys=['date_col', 'drop_users', 'target_cols']
[2026-08-29 00:08:45,094][evaluation.evaluator][INFO] - evaluate dataset=time/ecdc_covid_d_part05 users=1 dates=794 windows=2 removed_constant=0 L=14 H=2 stride=512
[2026-08-29 00:08:50,827][evaluation.evaluator][INFO] - artifacts ready run=/fslarge/scratch/users/h61084/codes/tsfm/outputs_selena/foundation_models/time-ecdc_covid_d_part05/14_2/chronos_bolt/none/raw/keep/run_0 mse=235657 nmse=0.117977 inference_seconds=0.192
2026-08-29 00:08:52 | configuration dataset=time/ecdc_covid_d_part05 L=14 H=2 model=chronos_t5 covariates=none instance_norm=false remove_constant=false seed=1 batch_size=32
[2026-08-29 00:08:54,957][data.dataset][INFO] - dataset config path=/fssmall/home/h61084/codes/datasets/time/ecdc_covid_d_part05/config.json applied_keys=['date_col', 'drop_users', 'target_cols']
[2026-08-29 00:08:54,975][evaluation.evaluator][INFO] - evaluate dataset=time/ecdc_covid_d_part05 users=1 dates=794 windows=2 removed_constant=0 L=14 H=2 stride=512
[2026-08-29 00:09:00,802][evaluation.evaluator][INFO] - artifacts ready run=/fslarge/scratch/users/h61084/codes/tsfm/outputs_selena/foundation_models/time-ecdc_covid_d_part05/14_2/chronos_t5/none/raw/keep/run_0 mse=78957.9 nmse=0.172679 inference_seconds=0.293
2026-08-29 00:09:02 | configuration dataset=time/ecdc_covid_d_part05 L=14 H=2 model=ts_icl covariates=none instance_norm=false remove_constant=false seed=1 batch_size=32
[2026-08-29 00:09:04,921][data.dataset][INFO] - dataset config path=/fssmall/home/h61084/codes/datasets/time/ecdc_covid_d_part05/config.json applied_keys=['date_col', 'drop_users', 'target_cols']
[2026-08-29 00:09:04,939][evaluation.evaluator][INFO] - evaluate dataset=time/ecdc_covid_d_part05 users=1 dates=794 windows=2 removed_constant=0 L=14 H=2 stride=512
[2026-08-29 00:09:06,994][evaluation.evaluator][INFO] - artifacts ready run=/fslarge/scratch/users/h61084/codes/tsfm/outputs_selena/foundation_models/time-ecdc_covid_d_part05/14_2/ts_icl/none/raw/keep/run_0 mse=2.25883e+06 nmse=0.215637 inference_seconds=1.219
2026-08-29 00:09:08 | configuration dataset=time/ecdc_covid_d_part05 L=30 H=7 model=chronos2 covariates=none instance_norm=false remove_constant=false seed=1 batch_size=64
[2026-08-29 00:09:10,994][data.dataset][INFO] - dataset config path=/fssmall/home/h61084/codes/datasets/time/ecdc_covid_d_part05/config.json applied_keys=['date_col', 'drop_users', 'target_cols']
[2026-08-29 00:09:11,012][evaluation.evaluator][INFO] - evaluate dataset=time/ecdc_covid_d_part05 users=1 dates=794 windows=2 removed_constant=0 L=30 H=7 stride=512
[2026-08-29 00:09:16,516][evaluation.evaluator][INFO] - artifacts ready run=/fslarge/scratch/users/h61084/codes/tsfm/outputs_selena/foundation_models/time-ecdc_covid_d_part05/30_7/chronos2/none/raw/keep/run_0 mse=121013 nmse=0.667404 inference_seconds=0.193
2026-08-29 00:09:18 | configuration dataset=time/ecdc_covid_d_part05 L=30 H=7 model=chronos_bolt covariates=none instance_norm=false remove_constant=false seed=1 batch_size=128
[2026-08-29 00:09:20,653][data.dataset][INFO] - dataset config path=/fssmall/home/h61084/codes/datasets/time/ecdc_covid_d_part05/config.json applied_keys=['date_col', 'drop_users', 'target_cols']
[2026-08-29 00:09:20,671][evaluation.evaluator][INFO] - evaluate dataset=time/ecdc_covid_d_part05 users=1 dates=794 windows=2 removed_constant=0 L=30 H=7 stride=512
[2026-08-29 00:09:26,358][evaluation.evaluator][INFO] - artifacts ready run=/fslarge/scratch/users/h61084/codes/tsfm/outputs_selena/foundation_models/time-ecdc_covid_d_part05/30_7/chronos_bolt/none/raw/keep/run_0 mse=356854 nmse=0.89102 inference_seconds=0.202
2026-08-29 00:09:27 | configuration dataset=time/ecdc_covid_d_part05 L=30 H=7 model=chronos_t5 covariates=none instance_norm=false remove_constant=false seed=1 batch_size=32
[2026-08-29 00:09:30,481][data.dataset][INFO] - dataset config path=/fssmall/home/h61084/codes/datasets/time/ecdc_covid_d_part05/config.json applied_keys=['date_col', 'drop_users', 'target_cols']
[2026-08-29 00:09:30,499][evaluation.evaluator][INFO] - evaluate dataset=time/ecdc_covid_d_part05 users=1 dates=794 windows=2 removed_constant=0 L=30 H=7 stride=512
[2026-08-29 00:09:36,463][evaluation.evaluator][INFO] - artifacts ready run=/fslarge/scratch/users/h61084/codes/tsfm/outputs_selena/foundation_models/time-ecdc_covid_d_part05/30_7/chronos_t5/none/raw/keep/run_0 mse=348790 nmse=0.351857 inference_seconds=0.349
2026-08-29 00:09:38 | configuration dataset=time/ecdc_covid_d_part05 L=30 H=7 model=ts_icl covariates=none instance_norm=false remove_constant=false seed=1 batch_size=32
[2026-08-29 00:09:40,657][data.dataset][INFO] - dataset config path=/fssmall/home/h61084/codes/datasets/time/ecdc_covid_d_part05/config.json applied_keys=['date_col', 'drop_users', 'target_cols']
[2026-08-29 00:09:40,674][evaluation.evaluator][INFO] - evaluate dataset=time/ecdc_covid_d_part05 users=1 dates=794 windows=2 removed_constant=0 L=30 H=7 stride=512
[2026-08-29 00:09:42,788][evaluation.evaluator][INFO] - artifacts ready run=/fslarge/scratch/users/h61084/codes/tsfm/outputs_selena/foundation_models/time-ecdc_covid_d_part05/30_7/ts_icl/none/raw/keep/run_0 mse=187140 nmse=0.848041 inference_seconds=1.272
2026-08-29 00:09:44 | configuration dataset=time/ecdc_covid_d_part06 L=14 H=2 model=chronos2 covariates=none instance_norm=false remove_constant=false seed=1 batch_size=64
[2026-08-29 00:09:46,800][data.dataset][INFO] - dataset config path=/fssmall/home/h61084/codes/datasets/time/ecdc_covid_d_part06/config.json applied_keys=['date_col', 'drop_users', 'target_cols']
[2026-08-29 00:09:46,819][evaluation.evaluator][INFO] - evaluate dataset=time/ecdc_covid_d_part06 users=1 dates=1112 windows=3 removed_constant=0 L=14 H=2 stride=512
[2026-08-29 00:09:52,342][evaluation.evaluator][INFO] - artifacts ready run=/fslarge/scratch/users/h61084/codes/tsfm/outputs_selena/foundation_models/time-ecdc_covid_d_part06/14_2/chronos2/none/raw/keep/run_0 mse=175.796 nmse=4.56586 inference_seconds=0.194
2026-08-29 00:09:53 | configuration dataset=time/ecdc_covid_d_part06 L=14 H=2 model=chronos_bolt covariates=none instance_norm=false remove_constant=false seed=1 batch_size=128
[2026-08-29 00:09:56,480][data.dataset][INFO] - dataset config path=/fssmall/home/h61084/codes/datasets/time/ecdc_covid_d_part06/config.json applied_keys=['date_col', 'drop_users', 'target_cols']
[2026-08-29 00:09:56,498][evaluation.evaluator][INFO] - evaluate dataset=time/ecdc_covid_d_part06 users=1 dates=1112 windows=3 removed_constant=0 L=14 H=2 stride=512
[2026-08-29 00:10:02,209][evaluation.evaluator][INFO] - artifacts ready run=/fslarge/scratch/users/h61084/codes/tsfm/outputs_selena/foundation_models/time-ecdc_covid_d_part06/14_2/chronos_bolt/none/raw/keep/run_0 mse=170.276 nmse=5.39479 inference_seconds=0.202
2026-08-29 00:10:03 | configuration dataset=time/ecdc_covid_d_part06 L=14 H=2 model=chronos_t5 covariates=none instance_norm=false remove_constant=false seed=1 batch_size=32
[2026-08-29 00:10:06,378][data.dataset][INFO] - dataset config path=/fssmall/home/h61084/codes/datasets/time/ecdc_covid_d_part06/config.json applied_keys=['date_col', 'drop_users', 'target_cols']
[2026-08-29 00:10:06,396][evaluation.evaluator][INFO] - evaluate dataset=time/ecdc_covid_d_part06 users=1 dates=1112 windows=3 removed_constant=0 L=14 H=2 stride=512
[2026-08-29 00:10:12,168][evaluation.evaluator][INFO] - artifacts ready run=/fslarge/scratch/users/h61084/codes/tsfm/outputs_selena/foundation_models/time-ecdc_covid_d_part06/14_2/chronos_t5/none/raw/keep/run_0 mse=146.623 nmse=4.76967 inference_seconds=0.292
2026-08-29 00:10:13 | configuration dataset=time/ecdc_covid_d_part06 L=14 H=2 model=ts_icl covariates=none instance_norm=false remove_constant=false seed=1 batch_size=32
[2026-08-29 00:10:16,368][data.dataset][INFO] - dataset config path=/fssmall/home/h61084/codes/datasets/time/ecdc_covid_d_part06/config.json applied_keys=['date_col', 'drop_users', 'target_cols']
[2026-08-29 00:10:16,386][evaluation.evaluator][INFO] - evaluate dataset=time/ecdc_covid_d_part06 users=1 dates=1112 windows=3 removed_constant=0 L=14 H=2 stride=512
[2026-08-29 00:10:18,453][evaluation.evaluator][INFO] - artifacts ready run=/fslarge/scratch/users/h61084/codes/tsfm/outputs_selena/foundation_models/time-ecdc_covid_d_part06/14_2/ts_icl/none/raw/keep/run_0 mse=175.735 nmse=6.30899 inference_seconds=1.233
2026-08-29 00:10:19 | configuration dataset=time/ecdc_covid_d_part06 L=30 H=7 model=chronos2 covariates=none instance_norm=false remove_constant=false seed=1 batch_size=64
[2026-08-29 00:10:22,435][data.dataset][INFO] - dataset config path=/fssmall/home/h61084/codes/datasets/time/ecdc_covid_d_part06/config.json applied_keys=['date_col', 'drop_users', 'target_cols']
[2026-08-29 00:10:22,452][evaluation.evaluator][INFO] - evaluate dataset=time/ecdc_covid_d_part06 users=1 dates=1112 windows=3 removed_constant=0 L=30 H=7 stride=512
[2026-08-29 00:10:27,854][evaluation.evaluator][INFO] - artifacts ready run=/fslarge/scratch/users/h61084/codes/tsfm/outputs_selena/foundation_models/time-ecdc_covid_d_part06/30_7/chronos2/none/raw/keep/run_0 mse=902.842 nmse=6.5054 inference_seconds=0.194
2026-08-29 00:10:29 | configuration dataset=time/ecdc_covid_d_part06 L=30 H=7 model=chronos_bolt covariates=none instance_norm=false remove_constant=false seed=1 batch_size=128
[2026-08-29 00:10:32,022][data.dataset][INFO] - dataset config path=/fssmall/home/h61084/codes/datasets/time/ecdc_covid_d_part06/config.json applied_keys=['date_col', 'drop_users', 'target_cols']
[2026-08-29 00:10:32,039][evaluation.evaluator][INFO] - evaluate dataset=time/ecdc_covid_d_part06 users=1 dates=1112 windows=3 removed_constant=0 L=30 H=7 stride=512
[2026-08-29 00:10:37,723][evaluation.evaluator][INFO] - artifacts ready run=/fslarge/scratch/users/h61084/codes/tsfm/outputs_selena/foundation_models/time-ecdc_covid_d_part06/30_7/chronos_bolt/none/raw/keep/run_0 mse=1343.02 nmse=7.21487 inference_seconds=0.200
2026-08-29 00:10:39 | configuration dataset=time/ecdc_covid_d_part06 L=30 H=7 model=chronos_t5 covariates=none instance_norm=false remove_constant=false seed=1 batch_size=32
[2026-08-29 00:10:41,867][data.dataset][INFO] - dataset config path=/fssmall/home/h61084/codes/datasets/time/ecdc_covid_d_part06/config.json applied_keys=['date_col', 'drop_users', 'target_cols']
[2026-08-29 00:10:41,885][evaluation.evaluator][INFO] - evaluate dataset=time/ecdc_covid_d_part06 users=1 dates=1112 windows=3 removed_constant=0 L=30 H=7 stride=512
[2026-08-29 00:10:47,792][evaluation.evaluator][INFO] - artifacts ready run=/fslarge/scratch/users/h61084/codes/tsfm/outputs_selena/foundation_models/time-ecdc_covid_d_part06/30_7/chronos_t5/none/raw/keep/run_0 mse=965.229 nmse=6.63405 inference_seconds=0.370
2026-08-29 00:10:49 | configuration dataset=time/ecdc_covid_d_part06 L=30 H=7 model=ts_icl covariates=none instance_norm=false remove_constant=false seed=1 batch_size=32
[2026-08-29 00:10:52,002][data.dataset][INFO] - dataset config path=/fssmall/home/h61084/codes/datasets/time/ecdc_covid_d_part06/config.json applied_keys=['date_col', 'drop_users', 'target_cols']
[2026-08-29 00:10:52,020][evaluation.evaluator][INFO] - evaluate dataset=time/ecdc_covid_d_part06 users=1 dates=1112 windows=3 removed_constant=0 L=30 H=7 stride=512
[2026-08-29 00:10:54,074][evaluation.evaluator][INFO] - artifacts ready run=/fslarge/scratch/users/h61084/codes/tsfm/outputs_selena/foundation_models/time-ecdc_covid_d_part06/30_7/ts_icl/none/raw/keep/run_0 mse=1101.53 nmse=8.2066 inference_seconds=1.207
2026-08-29 00:10:55 | configuration dataset=time/ecdc_covid_d_part07 L=14 H=2 model=chronos2 covariates=none instance_norm=false remove_constant=false seed=1 batch_size=64
[2026-08-29 00:10:58,113][data.dataset][INFO] - dataset config path=/fssmall/home/h61084/codes/datasets/time/ecdc_covid_d_part07/config.json applied_keys=['date_col', 'drop_users', 'target_cols']
[2026-08-29 00:10:58,131][evaluation.evaluator][INFO] - evaluate dataset=time/ecdc_covid_d_part07 users=1 dates=1117 windows=3 removed_constant=0 L=14 H=2 stride=512
[2026-08-29 00:11:03,701][evaluation.evaluator][INFO] - artifacts ready run=/fslarge/scratch/users/h61084/codes/tsfm/outputs_selena/foundation_models/time-ecdc_covid_d_part07/14_2/chronos2/none/raw/keep/run_0 mse=134.925 nmse=5.53293 inference_seconds=0.192
2026-08-29 00:11:05 | configuration dataset=time/ecdc_covid_d_part07 L=14 H=2 model=chronos_bolt covariates=none instance_norm=false remove_constant=false seed=1 batch_size=128
[2026-08-29 00:11:07,882][data.dataset][INFO] - dataset config path=/fssmall/home/h61084/codes/datasets/time/ecdc_covid_d_part07/config.json applied_keys=['date_col', 'drop_users', 'target_cols']
[2026-08-29 00:11:07,899][evaluation.evaluator][INFO] - evaluate dataset=time/ecdc_covid_d_part07 users=1 dates=1117 windows=3 removed_constant=0 L=14 H=2 stride=512
[2026-08-29 00:11:13,626][evaluation.evaluator][INFO] - artifacts ready run=/fslarge/scratch/users/h61084/codes/tsfm/outputs_selena/foundation_models/time-ecdc_covid_d_part07/14_2/chronos_bolt/none/raw/keep/run_0 mse=99.9265 nmse=4.78203 inference_seconds=0.203
2026-08-29 00:11:15 | configuration dataset=time/ecdc_covid_d_part07 L=14 H=2 model=chronos_t5 covariates=none instance_norm=false remove_constant=false seed=1 batch_size=32
[2026-08-29 00:11:17,776][data.dataset][INFO] - dataset config path=/fssmall/home/h61084/codes/datasets/time/ecdc_covid_d_part07/config.json applied_keys=['date_col', 'drop_users', 'target_cols']
[2026-08-29 00:11:17,794][evaluation.evaluator][INFO] - evaluate dataset=time/ecdc_covid_d_part07 users=1 dates=1117 windows=3 removed_constant=0 L=14 H=2 stride=512
[2026-08-29 00:11:23,686][evaluation.evaluator][INFO] - artifacts ready run=/fslarge/scratch/users/h61084/codes/tsfm/outputs_selena/foundation_models/time-ecdc_covid_d_part07/14_2/chronos_t5/none/raw/keep/run_0 mse=126.111 nmse=4.96719 inference_seconds=0.291
2026-08-29 00:11:25 | configuration dataset=time/ecdc_covid_d_part07 L=14 H=2 model=ts_icl covariates=none instance_norm=false remove_constant=false seed=1 batch_size=32
[2026-08-29 00:11:27,862][data.dataset][INFO] - dataset config path=/fssmall/home/h61084/codes/datasets/time/ecdc_covid_d_part07/config.json applied_keys=['date_col', 'drop_users', 'target_cols']
[2026-08-29 00:11:27,879][evaluation.evaluator][INFO] - evaluate dataset=time/ecdc_covid_d_part07 users=1 dates=1117 windows=3 removed_constant=0 L=14 H=2 stride=512
[2026-08-29 00:11:29,938][evaluation.evaluator][INFO] - artifacts ready run=/fslarge/scratch/users/h61084/codes/tsfm/outputs_selena/foundation_models/time-ecdc_covid_d_part07/14_2/ts_icl/none/raw/keep/run_0 mse=200.464 nmse=6.67666 inference_seconds=1.215
2026-08-29 00:11:31 | configuration dataset=time/ecdc_covid_d_part07 L=30 H=7 model=chronos2 covariates=none instance_norm=false remove_constant=false seed=1 batch_size=64
[2026-08-29 00:11:33,968][data.dataset][INFO] - dataset config path=/fssmall/home/h61084/codes/datasets/time/ecdc_covid_d_part07/config.json applied_keys=['date_col', 'drop_users', 'target_cols']
[2026-08-29 00:11:33,989][evaluation.evaluator][INFO] - evaluate dataset=time/ecdc_covid_d_part07 users=1 dates=1117 windows=3 removed_constant=0 L=30 H=7 stride=512
[2026-08-29 00:11:39,507][evaluation.evaluator][INFO] - artifacts ready run=/fslarge/scratch/users/h61084/codes/tsfm/outputs_selena/foundation_models/time-ecdc_covid_d_part07/30_7/chronos2/none/raw/keep/run_0 mse=510.201 nmse=0.381175 inference_seconds=0.197
2026-08-29 00:11:41 | configuration dataset=time/ecdc_covid_d_part07 L=30 H=7 model=chronos_bolt covariates=none instance_norm=false remove_constant=false seed=1 batch_size=128
[2026-08-29 00:11:43,695][data.dataset][INFO] - dataset config path=/fssmall/home/h61084/codes/datasets/time/ecdc_covid_d_part07/config.json applied_keys=['date_col', 'drop_users', 'target_cols']
[2026-08-29 00:11:43,713][evaluation.evaluator][INFO] - evaluate dataset=time/ecdc_covid_d_part07 users=1 dates=1117 windows=3 removed_constant=0 L=30 H=7 stride=512
[2026-08-29 00:11:49,383][evaluation.evaluator][INFO] - artifacts ready run=/fslarge/scratch/users/h61084/codes/tsfm/outputs_selena/foundation_models/time-ecdc_covid_d_part07/30_7/chronos_bolt/none/raw/keep/run_0 mse=535.263 nmse=0.418309 inference_seconds=0.200
2026-08-29 00:11:51 | configuration dataset=time/ecdc_covid_d_part07 L=30 H=7 model=chronos_t5 covariates=none instance_norm=false remove_constant=false seed=1 batch_size=32
[2026-08-29 00:11:53,555][data.dataset][INFO] - dataset config path=/fssmall/home/h61084/codes/datasets/time/ecdc_covid_d_part07/config.json applied_keys=['date_col', 'drop_users', 'target_cols']
[2026-08-29 00:11:53,572][evaluation.evaluator][INFO] - evaluate dataset=time/ecdc_covid_d_part07 users=1 dates=1117 windows=3 removed_constant=0 L=30 H=7 stride=512
[2026-08-29 00:11:59,419][evaluation.evaluator][INFO] - artifacts ready run=/fslarge/scratch/users/h61084/codes/tsfm/outputs_selena/foundation_models/time-ecdc_covid_d_part07/30_7/chronos_t5/none/raw/keep/run_0 mse=859.346 nmse=0.562406 inference_seconds=0.371
2026-08-29 00:12:01 | configuration dataset=time/ecdc_covid_d_part07 L=30 H=7 model=ts_icl covariates=none instance_norm=false remove_constant=false seed=1 batch_size=32
[2026-08-29 00:12:03,603][data.dataset][INFO] - dataset config path=/fssmall/home/h61084/codes/datasets/time/ecdc_covid_d_part07/config.json applied_keys=['date_col', 'drop_users', 'target_cols']
[2026-08-29 00:12:03,621][evaluation.evaluator][INFO] - evaluate dataset=time/ecdc_covid_d_part07 users=1 dates=1117 windows=3 removed_constant=0 L=30 H=7 stride=512
[2026-08-29 00:12:05,700][evaluation.evaluator][INFO] - artifacts ready run=/fslarge/scratch/users/h61084/codes/tsfm/outputs_selena/foundation_models/time-ecdc_covid_d_part07/30_7/ts_icl/none/raw/keep/run_0 mse=741.498 nmse=0.552591 inference_seconds=1.231
2026-08-29 00:12:07 | configuration dataset=time/ne_china_wind_h L=336 H=48 model=chronos2 covariates=none instance_norm=false remove_constant=false seed=1 batch_size=64
[2026-08-29 00:12:09,775][data.dataset][INFO] - dataset config path=/fssmall/home/h61084/codes/datasets/time/ne_china_wind_h/config.json applied_keys=['date_col', 'drop_users', 'target_cols']
[2026-08-29 00:12:09,801][evaluation.evaluator][INFO] - evaluate dataset=time/ne_china_wind_h users=4 dates=8764 windows=68 removed_constant=0 L=336 H=48 stride=512
[2026-08-29 00:12:15,403][evaluation.evaluator][INFO] - artifacts ready run=/fslarge/scratch/users/h61084/codes/tsfm/outputs_selena/foundation_models/time-ne_china_wind_h/336_48/chronos2/none/raw/keep/run_0 mse=0.236643 nmse=1.13872 inference_seconds=0.217
2026-08-29 00:12:17 | configuration dataset=time/ne_china_wind_h L=336 H=48 model=chronos_bolt covariates=none instance_norm=false remove_constant=false seed=1 batch_size=128
[2026-08-29 00:12:19,627][data.dataset][INFO] - dataset config path=/fssmall/home/h61084/codes/datasets/time/ne_china_wind_h/config.json applied_keys=['date_col', 'drop_users', 'target_cols']
[2026-08-29 00:12:19,652][evaluation.evaluator][INFO] - evaluate dataset=time/ne_china_wind_h users=4 dates=8764 windows=68 removed_constant=0 L=336 H=48 stride=512
[2026-08-29 00:12:25,446][evaluation.evaluator][INFO] - artifacts ready run=/fslarge/scratch/users/h61084/codes/tsfm/outputs_selena/foundation_models/time-ne_china_wind_h/336_48/chronos_bolt/none/raw/keep/run_0 mse=0.268347 nmse=1.23846 inference_seconds=0.204
2026-08-29 00:12:27 | configuration dataset=time/ne_china_wind_h L=336 H=48 model=chronos_t5 covariates=none instance_norm=false remove_constant=false seed=1 batch_size=32
[2026-08-29 00:12:29,632][data.dataset][INFO] - dataset config path=/fssmall/home/h61084/codes/datasets/time/ne_china_wind_h/config.json applied_keys=['date_col', 'drop_users', 'target_cols']
[2026-08-29 00:12:29,656][evaluation.evaluator][INFO] - evaluate dataset=time/ne_china_wind_h users=4 dates=8764 windows=68 removed_constant=0 L=336 H=48 stride=512
[2026-08-29 00:12:37,639][evaluation.evaluator][INFO] - artifacts ready run=/fslarge/scratch/users/h61084/codes/tsfm/outputs_selena/foundation_models/time-ne_china_wind_h/336_48/chronos_t5/none/raw/keep/run_0 mse=0.247981 nmse=1.12765 inference_seconds=2.416
2026-08-29 00:12:39 | configuration dataset=time/ne_china_wind_h L=336 H=48 model=ts_icl covariates=none instance_norm=false remove_constant=false seed=1 batch_size=32
[2026-08-29 00:12:41,880][data.dataset][INFO] - dataset config path=/fssmall/home/h61084/codes/datasets/time/ne_china_wind_h/config.json applied_keys=['date_col', 'drop_users', 'target_cols']
[2026-08-29 00:12:41,905][evaluation.evaluator][INFO] - evaluate dataset=time/ne_china_wind_h users=4 dates=8764 windows=68 removed_constant=0 L=336 H=48 stride=512
[2026-08-29 00:12:44,076][evaluation.evaluator][INFO] - artifacts ready run=/fslarge/scratch/users/h61084/codes/tsfm/outputs_selena/foundation_models/time-ne_china_wind_h/336_48/ts_icl/none/raw/keep/run_0 mse=0.243967 nmse=1.19855 inference_seconds=1.329
2026-08-29 00:12:45 | configuration dataset=time/ne_china_wind_h L=504 H=168 model=chronos2 covariates=none instance_norm=false remove_constant=false seed=1 batch_size=64
[2026-08-29 00:12:48,139][data.dataset][INFO] - dataset config path=/fssmall/home/h61084/codes/datasets/time/ne_china_wind_h/config.json applied_keys=['date_col', 'drop_users', 'target_cols']
[2026-08-29 00:12:48,164][evaluation.evaluator][INFO] - evaluate dataset=time/ne_china_wind_h users=4 dates=8764 windows=64 removed_constant=0 L=504 H=168 stride=512
[2026-08-29 00:12:53,706][evaluation.evaluator][INFO] - artifacts ready run=/fslarge/scratch/users/h61084/codes/tsfm/outputs_selena/foundation_models/time-ne_china_wind_h/504_168/chronos2/none/raw/keep/run_0 mse=0.439599 nmse=1.34587 inference_seconds=0.199
2026-08-29 00:12:55 | configuration dataset=time/ne_china_wind_h L=504 H=168 model=chronos_bolt covariates=none instance_norm=false remove_constant=false seed=1 batch_size=128
[2026-08-29 00:12:57,922][data.dataset][INFO] - dataset config path=/fssmall/home/h61084/codes/datasets/time/ne_china_wind_h/config.json applied_keys=['date_col', 'drop_users', 'target_cols']
[2026-08-29 00:12:57,946][evaluation.evaluator][INFO] - evaluate dataset=time/ne_china_wind_h users=4 dates=8764 windows=64 removed_constant=0 L=504 H=168 stride=512
[2026-08-29 00:13:03,974][evaluation.evaluator][INFO] - artifacts ready run=/fslarge/scratch/users/h61084/codes/tsfm/outputs_selena/foundation_models/time-ne_china_wind_h/504_168/chronos_bolt/none/raw/keep/run_0 mse=0.469943 nmse=1.39849 inference_seconds=0.522
2026-08-29 00:13:05 | configuration dataset=time/ne_china_wind_h L=504 H=168 model=chronos_t5 covariates=none instance_norm=false remove_constant=false seed=1 batch_size=32
[2026-08-29 00:13:08,193][data.dataset][INFO] - dataset config path=/fssmall/home/h61084/codes/datasets/time/ne_china_wind_h/config.json applied_keys=['date_col', 'drop_users', 'target_cols']
[2026-08-29 00:13:08,216][evaluation.evaluator][INFO] - evaluate dataset=time/ne_china_wind_h users=4 dates=8764 windows=64 removed_constant=0 L=504 H=168 stride=512
[2026-08-29 00:13:13,718][/fssmall/home/h61084/codes/tsfm/.venv/lib/python3.12/site-packages/chronos/chronos.py][WARNING] - We recommend keeping prediction length <= 64. The quality of longer predictions may degrade since the model is not optimized for it. 
[2026-08-29 00:13:17,524][/fssmall/home/h61084/codes/tsfm/.venv/lib/python3.12/site-packages/chronos/chronos.py][WARNING] - We recommend keeping prediction length <= 64. The quality of longer predictions may degrade since the model is not optimized for it. 
[2026-08-29 00:13:21,088][evaluation.evaluator][INFO] - artifacts ready run=/fslarge/scratch/users/h61084/codes/tsfm/outputs_selena/foundation_models/time-ne_china_wind_h/504_168/chronos_t5/none/raw/keep/run_0 mse=0.473385 nmse=1.37438 inference_seconds=7.347
2026-08-29 00:13:22 | configuration dataset=time/ne_china_wind_h L=504 H=168 model=ts_icl covariates=none instance_norm=false remove_constant=false seed=1 batch_size=32
[2026-08-29 00:13:25,359][data.dataset][INFO] - dataset config path=/fssmall/home/h61084/codes/datasets/time/ne_china_wind_h/config.json applied_keys=['date_col', 'drop_users', 'target_cols']
[2026-08-29 00:13:25,383][evaluation.evaluator][INFO] - evaluate dataset=time/ne_china_wind_h users=4 dates=8764 windows=64 removed_constant=0 L=504 H=168 stride=512
[2026-08-29 00:13:27,608][evaluation.evaluator][INFO] - artifacts ready run=/fslarge/scratch/users/h61084/codes/tsfm/outputs_selena/foundation_models/time-ne_china_wind_h/504_168/ts_icl/none/raw/keep/run_0 mse=0.445328 nmse=1.38261 inference_seconds=1.375
2026-08-29 00:13:29 | configuration dataset=time/online_retail_2_uci_d L=14 H=2 model=chronos2 covariates=none instance_norm=false remove_constant=false seed=1 batch_size=64
[2026-08-29 00:13:31,661][data.dataset][INFO] - dataset config path=/fssmall/home/h61084/codes/datasets/time/online_retail_2_uci_d/config.json applied_keys=['date_col', 'drop_users', 'target_cols']
[2026-08-29 00:13:31,680][evaluation.evaluator][INFO] - evaluate dataset=time/online_retail_2_uci_d users=1 dates=739 windows=2 removed_constant=0 L=14 H=2 stride=512
[2026-08-29 00:13:37,218][evaluation.evaluator][INFO] - artifacts ready run=/fslarge/scratch/users/h61084/codes/tsfm/outputs_selena/foundation_models/time-online_retail_2_uci_d/14_2/chronos2/none/raw/keep/run_0 mse=4.08339e+08 nmse=1.39018 inference_seconds=0.191
2026-08-29 00:13:38 | configuration dataset=time/online_retail_2_uci_d L=14 H=2 model=chronos_bolt covariates=none instance_norm=false remove_constant=false seed=1 batch_size=128
[2026-08-29 00:13:41,454][data.dataset][INFO] - dataset config path=/fssmall/home/h61084/codes/datasets/time/online_retail_2_uci_d/config.json applied_keys=['date_col', 'drop_users', 'target_cols']
[2026-08-29 00:13:41,471][evaluation.evaluator][INFO] - evaluate dataset=time/online_retail_2_uci_d users=1 dates=739 windows=2 removed_constant=0 L=14 H=2 stride=512
[2026-08-29 00:13:47,186][evaluation.evaluator][INFO] - artifacts ready run=/fslarge/scratch/users/h61084/codes/tsfm/outputs_selena/foundation_models/time-online_retail_2_uci_d/14_2/chronos_bolt/none/raw/keep/run_0 mse=2.97639e+08 nmse=1.05206 inference_seconds=0.197
2026-08-29 00:13:48 | configuration dataset=time/online_retail_2_uci_d L=14 H=2 model=chronos_t5 covariates=none instance_norm=false remove_constant=false seed=1 batch_size=32
[2026-08-29 00:13:51,385][data.dataset][INFO] - dataset config path=/fssmall/home/h61084/codes/datasets/time/online_retail_2_uci_d/config.json applied_keys=['date_col', 'drop_users', 'target_cols']
[2026-08-29 00:13:51,403][evaluation.evaluator][INFO] - evaluate dataset=time/online_retail_2_uci_d users=1 dates=739 windows=2 removed_constant=0 L=14 H=2 stride=512
[2026-08-29 00:13:57,181][evaluation.evaluator][INFO] - artifacts ready run=/fslarge/scratch/users/h61084/codes/tsfm/outputs_selena/foundation_models/time-online_retail_2_uci_d/14_2/chronos_t5/none/raw/keep/run_0 mse=5.35656e+08 nmse=1.89959 inference_seconds=0.298
2026-08-29 00:13:58 | configuration dataset=time/online_retail_2_uci_d L=14 H=2 model=ts_icl covariates=none instance_norm=false remove_constant=false seed=1 batch_size=32
[2026-08-29 00:14:01,411][data.dataset][INFO] - dataset config path=/fssmall/home/h61084/codes/datasets/time/online_retail_2_uci_d/config.json applied_keys=['date_col', 'drop_users', 'target_cols']
[2026-08-29 00:14:01,429][evaluation.evaluator][INFO] - evaluate dataset=time/online_retail_2_uci_d users=1 dates=739 windows=2 removed_constant=0 L=14 H=2 stride=512
[2026-08-29 00:14:03,489][evaluation.evaluator][INFO] - artifacts ready run=/fslarge/scratch/users/h61084/codes/tsfm/outputs_selena/foundation_models/time-online_retail_2_uci_d/14_2/ts_icl/none/raw/keep/run_0 mse=7.327e+08 nmse=2.65026 inference_seconds=1.217
2026-08-29 00:14:05 | configuration dataset=time/online_retail_2_uci_d L=30 H=7 model=chronos2 covariates=none instance_norm=false remove_constant=false seed=1 batch_size=64
[2026-08-29 00:14:07,552][data.dataset][INFO] - dataset config path=/fssmall/home/h61084/codes/datasets/time/online_retail_2_uci_d/config.json applied_keys=['date_col', 'drop_users', 'target_cols']
[2026-08-29 00:14:07,570][evaluation.evaluator][INFO] - evaluate dataset=time/online_retail_2_uci_d users=1 dates=739 windows=2 removed_constant=0 L=30 H=7 stride=512
[2026-08-29 00:14:13,071][evaluation.evaluator][INFO] - artifacts ready run=/fslarge/scratch/users/h61084/codes/tsfm/outputs_selena/foundation_models/time-online_retail_2_uci_d/30_7/chronos2/none/raw/keep/run_0 mse=1.44986e+08 nmse=0.451214 inference_seconds=0.192
2026-08-29 00:14:14 | configuration dataset=time/online_retail_2_uci_d L=30 H=7 model=chronos_bolt covariates=none instance_norm=false remove_constant=false seed=1 batch_size=128
[2026-08-29 00:14:17,270][data.dataset][INFO] - dataset config path=/fssmall/home/h61084/codes/datasets/time/online_retail_2_uci_d/config.json applied_keys=['date_col', 'drop_users', 'target_cols']
[2026-08-29 00:14:17,287][evaluation.evaluator][INFO] - evaluate dataset=time/online_retail_2_uci_d users=1 dates=739 windows=2 removed_constant=0 L=30 H=7 stride=512
[2026-08-29 00:14:23,000][evaluation.evaluator][INFO] - artifacts ready run=/fslarge/scratch/users/h61084/codes/tsfm/outputs_selena/foundation_models/time-online_retail_2_uci_d/30_7/chronos_bolt/none/raw/keep/run_0 mse=1.73333e+08 nmse=0.570976 inference_seconds=0.203
2026-08-29 00:14:24 | configuration dataset=time/online_retail_2_uci_d L=30 H=7 model=chronos_t5 covariates=none instance_norm=false remove_constant=false seed=1 batch_size=32
[2026-08-29 00:14:27,245][data.dataset][INFO] - dataset config path=/fssmall/home/h61084/codes/datasets/time/online_retail_2_uci_d/config.json applied_keys=['date_col', 'drop_users', 'target_cols']
[2026-08-29 00:14:27,263][evaluation.evaluator][INFO] - evaluate dataset=time/online_retail_2_uci_d users=1 dates=739 windows=2 removed_constant=0 L=30 H=7 stride=512
[2026-08-29 00:14:43,826][evaluation.evaluator][INFO] - artifacts ready run=/fslarge/scratch/users/h61084/codes/tsfm/outputs_selena/foundation_models/time-online_retail_2_uci_d/30_7/chronos_t5/none/raw/keep/run_0 mse=1.09407e+08 nmse=0.313662 inference_seconds=0.348
2026-08-29 00:14:45 | configuration dataset=time/online_retail_2_uci_d L=30 H=7 model=ts_icl covariates=none instance_norm=false remove_constant=false seed=1 batch_size=32
[2026-08-29 00:14:48,110][data.dataset][INFO] - dataset config path=/fssmall/home/h61084/codes/datasets/time/online_retail_2_uci_d/config.json applied_keys=['date_col', 'drop_users', 'target_cols']
[2026-08-29 00:14:48,127][evaluation.evaluator][INFO] - evaluate dataset=time/online_retail_2_uci_d users=1 dates=739 windows=2 removed_constant=0 L=30 H=7 stride=512
[2026-08-29 00:14:50,197][evaluation.evaluator][INFO] - artifacts ready run=/fslarge/scratch/users/h61084/codes/tsfm/outputs_selena/foundation_models/time-online_retail_2_uci_d/30_7/ts_icl/none/raw/keep/run_0 mse=1.55569e+08 nmse=0.527348 inference_seconds=1.225
2026-08-29 00:14:51 | configuration dataset=time/port_activity_d L=14 H=2 model=chronos2 covariates=none instance_norm=false remove_constant=false seed=1 batch_size=64
[2026-08-29 00:14:54,295][data.dataset][INFO] - dataset config path=/fssmall/home/h61084/codes/datasets/time/port_activity_d/config.json applied_keys=['date_col', 'drop_users', 'target_cols']
[2026-08-29 00:14:54,356][evaluation.evaluator][INFO] - evaluate dataset=time/port_activity_d users=198 dates=2127 windows=990 removed_constant=0 L=14 H=2 stride=512
[2026-08-29 00:15:00,727][evaluation.evaluator][INFO] - artifacts ready run=/fslarge/scratch/users/h61084/codes/tsfm/outputs_selena/foundation_models/time-port_activity_d/14_2/chronos2/none/raw/keep/run_0 mse=1.18523e+09 nmse=1.88526 inference_seconds=0.466
2026-08-29 00:15:02 | configuration dataset=time/port_activity_d L=14 H=2 model=chronos_bolt covariates=none instance_norm=false remove_constant=false seed=1 batch_size=128
[2026-08-29 00:15:04,986][data.dataset][INFO] - dataset config path=/fssmall/home/h61084/codes/datasets/time/port_activity_d/config.json applied_keys=['date_col', 'drop_users', 'target_cols']
[2026-08-29 00:15:05,041][evaluation.evaluator][INFO] - evaluate dataset=time/port_activity_d users=198 dates=2127 windows=990 removed_constant=0 L=14 H=2 stride=512
[2026-08-29 00:15:10,935][evaluation.evaluator][INFO] - artifacts ready run=/fslarge/scratch/users/h61084/codes/tsfm/outputs_selena/foundation_models/time-port_activity_d/14_2/chronos_bolt/none/raw/keep/run_0 mse=1.1368e+09 nmse=1.88384 inference_seconds=0.341
2026-08-29 00:15:12 | configuration dataset=time/port_activity_d L=14 H=2 model=chronos_t5 covariates=none instance_norm=false remove_constant=false seed=1 batch_size=32
[2026-08-29 00:15:15,186][data.dataset][INFO] - dataset config path=/fssmall/home/h61084/codes/datasets/time/port_activity_d/config.json applied_keys=['date_col', 'drop_users', 'target_cols']
[2026-08-29 00:15:15,240][evaluation.evaluator][INFO] - evaluate dataset=time/port_activity_d users=198 dates=2127 windows=990 removed_constant=0 L=14 H=2 stride=512
[2026-08-29 00:15:22,148][evaluation.evaluator][INFO] - artifacts ready run=/fslarge/scratch/users/h61084/codes/tsfm/outputs_selena/foundation_models/time-port_activity_d/14_2/chronos_t5/none/raw/keep/run_0 mse=1.51394e+09 nmse=2.35207 inference_seconds=1.303
2026-08-29 00:15:23 | configuration dataset=time/port_activity_d L=14 H=2 model=ts_icl covariates=none instance_norm=false remove_constant=false seed=1 batch_size=32
[2026-08-29 00:15:26,414][data.dataset][INFO] - dataset config path=/fssmall/home/h61084/codes/datasets/time/port_activity_d/config.json applied_keys=['date_col', 'drop_users', 'target_cols']
[2026-08-29 00:15:26,469][evaluation.evaluator][INFO] - evaluate dataset=time/port_activity_d users=198 dates=2127 windows=990 removed_constant=0 L=14 H=2 stride=512
[2026-08-29 00:15:29,527][evaluation.evaluator][INFO] - artifacts ready run=/fslarge/scratch/users/h61084/codes/tsfm/outputs_selena/foundation_models/time-port_activity_d/14_2/ts_icl/none/raw/keep/run_0 mse=1.14426e+09 nmse=1.87317 inference_seconds=2.175
2026-08-29 00:15:31 | configuration dataset=time/port_activity_d L=30 H=7 model=chronos2 covariates=none instance_norm=false remove_constant=false seed=1 batch_size=64
[2026-08-29 00:15:33,626][data.dataset][INFO] - dataset config path=/fssmall/home/h61084/codes/datasets/time/port_activity_d/config.json applied_keys=['date_col', 'drop_users', 'target_cols']
[2026-08-29 00:15:33,683][evaluation.evaluator][INFO] - evaluate dataset=time/port_activity_d users=198 dates=2127 windows=990 removed_constant=0 L=30 H=7 stride=512
[2026-08-29 00:15:39,537][evaluation.evaluator][INFO] - artifacts ready run=/fslarge/scratch/users/h61084/codes/tsfm/outputs_selena/foundation_models/time-port_activity_d/30_7/chronos2/none/raw/keep/run_0 mse=1.06174e+09 nmse=1.29915 inference_seconds=0.468
2026-08-29 00:15:41 | configuration dataset=time/port_activity_d L=30 H=7 model=chronos_bolt covariates=none instance_norm=false remove_constant=false seed=1 batch_size=128
[2026-08-29 00:15:43,808][data.dataset][INFO] - dataset config path=/fssmall/home/h61084/codes/datasets/time/port_activity_d/config.json applied_keys=['date_col', 'drop_users', 'target_cols']
[2026-08-29 00:15:43,865][evaluation.evaluator][INFO] - evaluate dataset=time/port_activity_d users=198 dates=2127 windows=990 removed_constant=0 L=30 H=7 stride=512
[2026-08-29 00:15:50,608][evaluation.evaluator][INFO] - artifacts ready run=/fslarge/scratch/users/h61084/codes/tsfm/outputs_selena/foundation_models/time-port_activity_d/30_7/chronos_bolt/none/raw/keep/run_0 mse=1.0674e+09 nmse=1.30405 inference_seconds=0.332
2026-08-29 00:15:52 | configuration dataset=time/port_activity_d L=30 H=7 model=chronos_t5 covariates=none instance_norm=false remove_constant=false seed=1 batch_size=32
[2026-08-29 00:15:54,935][data.dataset][INFO] - dataset config path=/fssmall/home/h61084/codes/datasets/time/port_activity_d/config.json applied_keys=['date_col', 'drop_users', 'target_cols']
[2026-08-29 00:15:54,991][evaluation.evaluator][INFO] - evaluate dataset=time/port_activity_d users=198 dates=2127 windows=990 removed_constant=0 L=30 H=7 stride=512
[2026-08-29 00:16:03,634][evaluation.evaluator][INFO] - artifacts ready run=/fslarge/scratch/users/h61084/codes/tsfm/outputs_selena/foundation_models/time-port_activity_d/30_7/chronos_t5/none/raw/keep/run_0 mse=1.55889e+09 nmse=1.86443 inference_seconds=2.977
2026-08-29 00:16:05 | configuration dataset=time/port_activity_d L=30 H=7 model=ts_icl covariates=none instance_norm=false remove_constant=false seed=1 batch_size=32
[2026-08-29 00:16:07,940][data.dataset][INFO] - dataset config path=/fssmall/home/h61084/codes/datasets/time/port_activity_d/config.json applied_keys=['date_col', 'drop_users', 'target_cols']
[2026-08-29 00:16:07,995][evaluation.evaluator][INFO] - evaluate dataset=time/port_activity_d users=198 dates=2127 windows=990 removed_constant=0 L=30 H=7 stride=512
[2026-08-29 00:16:11,074][evaluation.evaluator][INFO] - artifacts ready run=/fslarge/scratch/users/h61084/codes/tsfm/outputs_selena/foundation_models/time-port_activity_d/30_7/ts_icl/none/raw/keep/run_0 mse=1.05845e+09 nmse=1.27799 inference_seconds=2.175
2026-08-29 00:16:12 | configuration dataset=time/supply_chain_customer_d L=14 H=2 model=chronos2 covariates=none instance_norm=false remove_constant=false seed=1 batch_size=64
[2026-08-29 00:16:15,177][data.dataset][INFO] - dataset config path=/fssmall/home/h61084/codes/datasets/time/supply_chain_customer_d/config.json applied_keys=['date_col', 'drop_users', 'target_cols']
[2026-08-29 00:16:15,203][evaluation.evaluator][INFO] - evaluate dataset=time/supply_chain_customer_d users=36 dates=2007 windows=144 removed_constant=0 L=14 H=2 stride=512
[2026-08-29 00:16:20,750][evaluation.evaluator][INFO] - artifacts ready run=/fslarge/scratch/users/h61084/codes/tsfm/outputs_selena/foundation_models/time-supply_chain_customer_d/14_2/chronos2/none/raw/keep/run_0 mse=5.78657e+07 nmse=0.499578 inference_seconds=0.238
2026-08-29 00:16:22 | configuration dataset=time/supply_chain_customer_d L=14 H=2 model=chronos_bolt covariates=none instance_norm=false remove_constant=false seed=1 batch_size=128
[2026-08-29 00:16:25,045][data.dataset][INFO] - dataset config path=/fssmall/home/h61084/codes/datasets/time/supply_chain_customer_d/config.json applied_keys=['date_col', 'drop_users', 'target_cols']
[2026-08-29 00:16:25,069][evaluation.evaluator][INFO] - evaluate dataset=time/supply_chain_customer_d users=36 dates=2007 windows=144 removed_constant=0 L=14 H=2 stride=512
[2026-08-29 00:16:30,777][evaluation.evaluator][INFO] - artifacts ready run=/fslarge/scratch/users/h61084/codes/tsfm/outputs_selena/foundation_models/time-supply_chain_customer_d/14_2/chronos_bolt/none/raw/keep/run_0 mse=7.51462e+07 nmse=0.6434 inference_seconds=0.227
2026-08-29 00:16:32 | configuration dataset=time/supply_chain_customer_d L=14 H=2 model=chronos_t5 covariates=none instance_norm=false remove_constant=false seed=1 batch_size=32
[2026-08-29 00:16:35,082][data.dataset][INFO] - dataset config path=/fssmall/home/h61084/codes/datasets/time/supply_chain_customer_d/config.json applied_keys=['date_col', 'drop_users', 'target_cols']
[2026-08-29 00:16:35,105][evaluation.evaluator][INFO] - evaluate dataset=time/supply_chain_customer_d users=36 dates=2007 windows=144 removed_constant=0 L=14 H=2 stride=512
[2026-08-29 00:16:41,107][evaluation.evaluator][INFO] - artifacts ready run=/fslarge/scratch/users/h61084/codes/tsfm/outputs_selena/foundation_models/time-supply_chain_customer_d/14_2/chronos_t5/none/raw/keep/run_0 mse=9.43763e+07 nmse=0.718956 inference_seconds=0.460
2026-08-29 00:16:42 | configuration dataset=time/supply_chain_customer_d L=14 H=2 model=ts_icl covariates=none instance_norm=false remove_constant=false seed=1 batch_size=32
[2026-08-29 00:16:45,369][data.dataset][INFO] - dataset config path=/fssmall/home/h61084/codes/datasets/time/supply_chain_customer_d/config.json applied_keys=['date_col', 'drop_users', 'target_cols']
[2026-08-29 00:16:45,393][evaluation.evaluator][INFO] - evaluate dataset=time/supply_chain_customer_d users=36 dates=2007 windows=144 removed_constant=0 L=14 H=2 stride=512
[2026-08-29 00:16:47,608][evaluation.evaluator][INFO] - artifacts ready run=/fslarge/scratch/users/h61084/codes/tsfm/outputs_selena/foundation_models/time-supply_chain_customer_d/14_2/ts_icl/none/raw/keep/run_0 mse=7.03518e+07 nmse=0.551211 inference_seconds=1.365
2026-08-29 00:16:49 | configuration dataset=time/supply_chain_customer_d L=30 H=7 model=chronos2 covariates=none instance_norm=false remove_constant=false seed=1 batch_size=64
[2026-08-29 00:16:51,685][data.dataset][INFO] - dataset config path=/fssmall/home/h61084/codes/datasets/time/supply_chain_customer_d/config.json applied_keys=['date_col', 'drop_users', 'target_cols']
[2026-08-29 00:16:51,708][evaluation.evaluator][INFO] - evaluate dataset=time/supply_chain_customer_d users=36 dates=2007 windows=144 removed_constant=0 L=30 H=7 stride=512
[2026-08-29 00:16:57,300][evaluation.evaluator][INFO] - artifacts ready run=/fslarge/scratch/users/h61084/codes/tsfm/outputs_selena/foundation_models/time-supply_chain_customer_d/30_7/chronos2/none/raw/keep/run_0 mse=2.14694e+07 nmse=0.714343 inference_seconds=0.234
2026-08-29 00:16:59 | configuration dataset=time/supply_chain_customer_d L=30 H=7 model=chronos_bolt covariates=none instance_norm=false remove_constant=false seed=1 batch_size=128
[2026-08-29 00:17:01,572][data.dataset][INFO] - dataset config path=/fssmall/home/h61084/codes/datasets/time/supply_chain_customer_d/config.json applied_keys=['date_col', 'drop_users', 'target_cols']
[2026-08-29 00:17:01,596][evaluation.evaluator][INFO] - evaluate dataset=time/supply_chain_customer_d users=36 dates=2007 windows=144 removed_constant=0 L=30 H=7 stride=512
[2026-08-29 00:17:07,379][evaluation.evaluator][INFO] - artifacts ready run=/fslarge/scratch/users/h61084/codes/tsfm/outputs_selena/foundation_models/time-supply_chain_customer_d/30_7/chronos_bolt/none/raw/keep/run_0 mse=3.5681e+07 nmse=0.959886 inference_seconds=0.225
2026-08-29 00:17:09 | configuration dataset=time/supply_chain_customer_d L=30 H=7 model=chronos_t5 covariates=none instance_norm=false remove_constant=false seed=1 batch_size=32
[2026-08-29 00:17:11,625][data.dataset][INFO] - dataset config path=/fssmall/home/h61084/codes/datasets/time/supply_chain_customer_d/config.json applied_keys=['date_col', 'drop_users', 'target_cols']
[2026-08-29 00:17:11,648][evaluation.evaluator][INFO] - evaluate dataset=time/supply_chain_customer_d users=36 dates=2007 windows=144 removed_constant=0 L=30 H=7 stride=512
[2026-08-29 00:17:17,893][evaluation.evaluator][INFO] - artifacts ready run=/fslarge/scratch/users/h61084/codes/tsfm/outputs_selena/foundation_models/time-supply_chain_customer_d/30_7/chronos_t5/none/raw/keep/run_0 mse=2.76058e+07 nmse=1.13092 inference_seconds=0.716
2026-08-29 00:17:19 | configuration dataset=time/supply_chain_customer_d L=30 H=7 model=ts_icl covariates=none instance_norm=false remove_constant=false seed=1 batch_size=32
[2026-08-29 00:17:22,171][data.dataset][INFO] - dataset config path=/fssmall/home/h61084/codes/datasets/time/supply_chain_customer_d/config.json applied_keys=['date_col', 'drop_users', 'target_cols']
[2026-08-29 00:17:22,194][evaluation.evaluator][INFO] - evaluate dataset=time/supply_chain_customer_d users=36 dates=2007 windows=144 removed_constant=0 L=30 H=7 stride=512
[2026-08-29 00:17:24,389][evaluation.evaluator][INFO] - artifacts ready run=/fslarge/scratch/users/h61084/codes/tsfm/outputs_selena/foundation_models/time-supply_chain_customer_d/30_7/ts_icl/none/raw/keep/run_0 mse=5.83876e+07 nmse=1.18856 inference_seconds=1.358
2026-08-29 00:17:26 | configuration dataset=time/supply_chain_location_d L=14 H=2 model=chronos2 covariates=none instance_norm=false remove_constant=false seed=1 batch_size=64
[2026-08-29 00:17:28,497][data.dataset][INFO] - dataset config path=/fssmall/home/h61084/codes/datasets/time/supply_chain_location_d/config.json applied_keys=['date_col', 'drop_users', 'target_cols']
[2026-08-29 00:17:28,525][evaluation.evaluator][INFO] - evaluate dataset=time/supply_chain_location_d users=51 dates=2007 windows=204 removed_constant=0 L=14 H=2 stride=512
[2026-08-29 00:17:34,213][evaluation.evaluator][INFO] - artifacts ready run=/fslarge/scratch/users/h61084/codes/tsfm/outputs_selena/foundation_models/time-supply_chain_location_d/14_2/chronos2/none/raw/keep/run_0 mse=1.78627e+07 nmse=0.757789 inference_seconds=0.254
2026-08-29 00:17:35 | configuration dataset=time/supply_chain_location_d L=14 H=2 model=chronos_bolt covariates=none instance_norm=false remove_constant=false seed=1 batch_size=128
[2026-08-29 00:17:38,461][data.dataset][INFO] - dataset config path=/fssmall/home/h61084/codes/datasets/time/supply_chain_location_d/config.json applied_keys=['date_col', 'drop_users', 'target_cols']
[2026-08-29 00:17:38,487][evaluation.evaluator][INFO] - evaluate dataset=time/supply_chain_location_d users=51 dates=2007 windows=204 removed_constant=0 L=14 H=2 stride=512
[2026-08-29 00:17:44,277][evaluation.evaluator][INFO] - artifacts ready run=/fslarge/scratch/users/h61084/codes/tsfm/outputs_selena/foundation_models/time-supply_chain_location_d/14_2/chronos_bolt/none/raw/keep/run_0 mse=1.98711e+07 nmse=0.858451 inference_seconds=0.220
2026-08-29 00:17:46 | configuration dataset=time/supply_chain_location_d L=14 H=2 model=chronos_t5 covariates=none instance_norm=false remove_constant=false seed=1 batch_size=32
[2026-08-29 00:17:48,572][data.dataset][INFO] - dataset config path=/fssmall/home/h61084/codes/datasets/time/supply_chain_location_d/config.json applied_keys=['date_col', 'drop_users', 'target_cols']
[2026-08-29 00:17:48,598][evaluation.evaluator][INFO] - evaluate dataset=time/supply_chain_location_d users=51 dates=2007 windows=204 removed_constant=0 L=14 H=2 stride=512
[2026-08-29 00:17:54,615][evaluation.evaluator][INFO] - artifacts ready run=/fslarge/scratch/users/h61084/codes/tsfm/outputs_selena/foundation_models/time-supply_chain_location_d/14_2/chronos_t5/none/raw/keep/run_0 mse=2.46102e+07 nmse=0.988537 inference_seconds=0.524
2026-08-29 00:17:56 | configuration dataset=time/supply_chain_location_d L=14 H=2 model=ts_icl covariates=none instance_norm=false remove_constant=false seed=1 batch_size=32
[2026-08-29 00:17:58,944][data.dataset][INFO] - dataset config path=/fssmall/home/h61084/codes/datasets/time/supply_chain_location_d/config.json applied_keys=['date_col', 'drop_users', 'target_cols']
[2026-08-29 00:17:58,970][evaluation.evaluator][INFO] - evaluate dataset=time/supply_chain_location_d users=51 dates=2007 windows=204 removed_constant=0 L=14 H=2 stride=512
[2026-08-29 00:18:01,239][evaluation.evaluator][INFO] - artifacts ready run=/fslarge/scratch/users/h61084/codes/tsfm/outputs_selena/foundation_models/time-supply_chain_location_d/14_2/ts_icl/none/raw/keep/run_0 mse=1.80495e+07 nmse=0.818942 inference_seconds=1.417
2026-08-29 00:18:02 | configuration dataset=time/supply_chain_location_d L=30 H=7 model=chronos2 covariates=none instance_norm=false remove_constant=false seed=1 batch_size=64
[2026-08-29 00:18:05,383][data.dataset][INFO] - dataset config path=/fssmall/home/h61084/codes/datasets/time/supply_chain_location_d/config.json applied_keys=['date_col', 'drop_users', 'target_cols']
[2026-08-29 00:18:05,409][evaluation.evaluator][INFO] - evaluate dataset=time/supply_chain_location_d users=51 dates=2007 windows=204 removed_constant=0 L=30 H=7 stride=512
[2026-08-29 00:18:11,064][evaluation.evaluator][INFO] - artifacts ready run=/fslarge/scratch/users/h61084/codes/tsfm/outputs_selena/foundation_models/time-supply_chain_location_d/30_7/chronos2/none/raw/keep/run_0 mse=1.68854e+07 nmse=0.706141 inference_seconds=0.256
2026-08-29 00:18:12 | configuration dataset=time/supply_chain_location_d L=30 H=7 model=chronos_bolt covariates=none instance_norm=false remove_constant=false seed=1 batch_size=128
[2026-08-29 00:18:15,337][data.dataset][INFO] - dataset config path=/fssmall/home/h61084/codes/datasets/time/supply_chain_location_d/config.json applied_keys=['date_col', 'drop_users', 'target_cols']
[2026-08-29 00:18:15,362][evaluation.evaluator][INFO] - evaluate dataset=time/supply_chain_location_d users=51 dates=2007 windows=204 removed_constant=0 L=30 H=7 stride=512
[2026-08-29 00:18:21,097][evaluation.evaluator][INFO] - artifacts ready run=/fslarge/scratch/users/h61084/codes/tsfm/outputs_selena/foundation_models/time-supply_chain_location_d/30_7/chronos_bolt/none/raw/keep/run_0 mse=2.07e+07 nmse=0.938959 inference_seconds=0.222
2026-08-29 00:18:22 | configuration dataset=time/supply_chain_location_d L=30 H=7 model=chronos_t5 covariates=none instance_norm=false remove_constant=false seed=1 batch_size=32
[2026-08-29 00:18:25,426][data.dataset][INFO] - dataset config path=/fssmall/home/h61084/codes/datasets/time/supply_chain_location_d/config.json applied_keys=['date_col', 'drop_users', 'target_cols']
[2026-08-29 00:18:25,452][evaluation.evaluator][INFO] - evaluate dataset=time/supply_chain_location_d users=51 dates=2007 windows=204 removed_constant=0 L=30 H=7 stride=512
[2026-08-29 00:18:31,875][evaluation.evaluator][INFO] - artifacts ready run=/fslarge/scratch/users/h61084/codes/tsfm/outputs_selena/foundation_models/time-supply_chain_location_d/30_7/chronos_t5/none/raw/keep/run_0 mse=3.11463e+07 nmse=1.25805 inference_seconds=0.906
2026-08-29 00:18:33 | configuration dataset=time/supply_chain_location_d L=30 H=7 model=ts_icl covariates=none instance_norm=false remove_constant=false seed=1 batch_size=32
[2026-08-29 00:18:36,178][data.dataset][INFO] - dataset config path=/fssmall/home/h61084/codes/datasets/time/supply_chain_location_d/config.json applied_keys=['date_col', 'drop_users', 'target_cols']
[2026-08-29 00:18:36,203][evaluation.evaluator][INFO] - evaluate dataset=time/supply_chain_location_d users=51 dates=2007 windows=204 removed_constant=0 L=30 H=7 stride=512
[2026-08-29 00:18:38,460][evaluation.evaluator][INFO] - artifacts ready run=/fslarge/scratch/users/h61084/codes/tsfm/outputs_selena/foundation_models/time-supply_chain_location_d/30_7/ts_icl/none/raw/keep/run_0 mse=2.3733e+07 nmse=1.16065 inference_seconds=1.405
2026-08-29 00:18:40 | configuration dataset=time/current_velocity_h_part01 L=336 H=48 model=chronos2 covariates=none instance_norm=false remove_constant=false seed=1 batch_size=64
[2026-08-29 00:18:42,627][data.dataset][INFO] - dataset config path=/fssmall/home/h61084/codes/datasets/time/current_velocity_h_part01/config.json applied_keys=['date_col', 'drop_users', 'target_cols']
[2026-08-29 00:18:42,651][evaluation.evaluator][INFO] - evaluate dataset=time/current_velocity_h_part01 users=6 dates=4818 windows=54 removed_constant=0 L=336 H=48 stride=512
[2026-08-29 00:18:48,164][evaluation.evaluator][INFO] - artifacts ready run=/fslarge/scratch/users/h61084/codes/tsfm/outputs_selena/foundation_models/time-current_velocity_h_part01/336_48/chronos2/none/raw/keep/run_0 mse=7.26168 nmse=0.355122 inference_seconds=0.196
2026-08-29 00:18:49 | configuration dataset=time/current_velocity_h_part01 L=336 H=48 model=chronos_bolt covariates=none instance_norm=false remove_constant=false seed=1 batch_size=128
[2026-08-29 00:18:52,474][data.dataset][INFO] - dataset config path=/fssmall/home/h61084/codes/datasets/time/current_velocity_h_part01/config.json applied_keys=['date_col', 'drop_users', 'target_cols']
[2026-08-29 00:18:52,497][evaluation.evaluator][INFO] - evaluate dataset=time/current_velocity_h_part01 users=6 dates=4818 windows=54 removed_constant=0 L=336 H=48 stride=512
[2026-08-29 00:18:58,149][evaluation.evaluator][INFO] - artifacts ready run=/fslarge/scratch/users/h61084/codes/tsfm/outputs_selena/foundation_models/time-current_velocity_h_part01/336_48/chronos_bolt/none/raw/keep/run_0 mse=9.29715 nmse=0.608251 inference_seconds=0.205
2026-08-29 00:18:59 | configuration dataset=time/current_velocity_h_part01 L=336 H=48 model=chronos_t5 covariates=none instance_norm=false remove_constant=false seed=1 batch_size=32
[2026-08-29 00:19:02,504][data.dataset][INFO] - dataset config path=/fssmall/home/h61084/codes/datasets/time/current_velocity_h_part01/config.json applied_keys=['date_col', 'drop_users', 'target_cols']
[2026-08-29 00:19:02,525][evaluation.evaluator][INFO] - evaluate dataset=time/current_velocity_h_part01 users=6 dates=4818 windows=54 removed_constant=0 L=336 H=48 stride=512
[2026-08-29 00:19:09,755][evaluation.evaluator][INFO] - artifacts ready run=/fslarge/scratch/users/h61084/codes/tsfm/outputs_selena/foundation_models/time-current_velocity_h_part01/336_48/chronos_t5/none/raw/keep/run_0 mse=8.48949 nmse=0.499592 inference_seconds=1.713
2026-08-29 00:19:11 | configuration dataset=time/current_velocity_h_part01 L=336 H=48 model=ts_icl covariates=none instance_norm=false remove_constant=false seed=1 batch_size=32
[2026-08-29 00:19:14,092][data.dataset][INFO] - dataset config path=/fssmall/home/h61084/codes/datasets/time/current_velocity_h_part01/config.json applied_keys=['date_col', 'drop_users', 'target_cols']
[2026-08-29 00:19:14,114][evaluation.evaluator][INFO] - evaluate dataset=time/current_velocity_h_part01 users=6 dates=4818 windows=54 removed_constant=0 L=336 H=48 stride=512
[2026-08-29 00:19:16,239][evaluation.evaluator][INFO] - artifacts ready run=/fslarge/scratch/users/h61084/codes/tsfm/outputs_selena/foundation_models/time-current_velocity_h_part01/336_48/ts_icl/none/raw/keep/run_0 mse=7.2914 nmse=0.446428 inference_seconds=1.288
2026-08-29 00:19:17 | configuration dataset=time/current_velocity_h_part01 L=504 H=168 model=chronos2 covariates=none instance_norm=false remove_constant=false seed=1 batch_size=64
[2026-08-29 00:19:20,373][data.dataset][INFO] - dataset config path=/fssmall/home/h61084/codes/datasets/time/current_velocity_h_part01/config.json applied_keys=['date_col', 'drop_users', 'target_cols']
[2026-08-29 00:19:20,395][evaluation.evaluator][INFO] - evaluate dataset=time/current_velocity_h_part01 users=6 dates=4818 windows=54 removed_constant=0 L=504 H=168 stride=512
[2026-08-29 00:19:25,993][evaluation.evaluator][INFO] - artifacts ready run=/fslarge/scratch/users/h61084/codes/tsfm/outputs_selena/foundation_models/time-current_velocity_h_part01/504_168/chronos2/none/raw/keep/run_0 mse=8.29911 nmse=1.00391 inference_seconds=0.198
2026-08-29 00:19:27 | configuration dataset=time/current_velocity_h_part01 L=504 H=168 model=chronos_bolt covariates=none instance_norm=false remove_constant=false seed=1 batch_size=128
[2026-08-29 00:19:30,357][data.dataset][INFO] - dataset config path=/fssmall/home/h61084/codes/datasets/time/current_velocity_h_part01/config.json applied_keys=['date_col', 'drop_users', 'target_cols']
[2026-08-29 00:19:30,379][evaluation.evaluator][INFO] - evaluate dataset=time/current_velocity_h_part01 users=6 dates=4818 windows=54 removed_constant=0 L=504 H=168 stride=512
[2026-08-29 00:19:36,362][evaluation.evaluator][INFO] - artifacts ready run=/fslarge/scratch/users/h61084/codes/tsfm/outputs_selena/foundation_models/time-current_velocity_h_part01/504_168/chronos_bolt/none/raw/keep/run_0 mse=9.19699 nmse=1.6015 inference_seconds=0.480
2026-08-29 00:19:38 | configuration dataset=time/current_velocity_h_part01 L=504 H=168 model=chronos_t5 covariates=none instance_norm=false remove_constant=false seed=1 batch_size=32
[2026-08-29 00:19:40,663][data.dataset][INFO] - dataset config path=/fssmall/home/h61084/codes/datasets/time/current_velocity_h_part01/config.json applied_keys=['date_col', 'drop_users', 'target_cols']
[2026-08-29 00:19:40,685][evaluation.evaluator][INFO] - evaluate dataset=time/current_velocity_h_part01 users=6 dates=4818 windows=54 removed_constant=0 L=504 H=168 stride=512
[2026-08-29 00:19:46,130][/fssmall/home/h61084/codes/tsfm/.venv/lib/python3.12/site-packages/chronos/chronos.py][WARNING] - We recommend keeping prediction length <= 64. The quality of longer predictions may degrade since the model is not optimized for it. 
[2026-08-29 00:19:49,918][/fssmall/home/h61084/codes/tsfm/.venv/lib/python3.12/site-packages/chronos/chronos.py][WARNING] - We recommend keeping prediction length <= 64. The quality of longer predictions may degrade since the model is not optimized for it. 
[2026-08-29 00:19:52,560][evaluation.evaluator][INFO] - artifacts ready run=/fslarge/scratch/users/h61084/codes/tsfm/outputs_selena/foundation_models/time-current_velocity_h_part01/504_168/chronos_t5/none/raw/keep/run_0 mse=8.86044 nmse=1.10926 inference_seconds=6.407
2026-08-29 00:19:54 | configuration dataset=time/current_velocity_h_part01 L=504 H=168 model=ts_icl covariates=none instance_norm=false remove_constant=false seed=1 batch_size=32
[2026-08-29 00:19:56,915][data.dataset][INFO] - dataset config path=/fssmall/home/h61084/codes/datasets/time/current_velocity_h_part01/config.json applied_keys=['date_col', 'drop_users', 'target_cols']
[2026-08-29 00:19:56,937][evaluation.evaluator][INFO] - evaluate dataset=time/current_velocity_h_part01 users=6 dates=4818 windows=54 removed_constant=0 L=504 H=168 stride=512
[2026-08-29 00:19:59,110][evaluation.evaluator][INFO] - artifacts ready run=/fslarge/scratch/users/h61084/codes/tsfm/outputs_selena/foundation_models/time-current_velocity_h_part01/504_168/ts_icl/none/raw/keep/run_0 mse=7.44851 nmse=0.848709 inference_seconds=1.333
2026-08-29 00:20:00 | configuration dataset=time/current_velocity_h_part02 L=336 H=48 model=chronos2 covariates=none instance_norm=false remove_constant=false seed=1 batch_size=64
[2026-08-29 00:20:03,263][data.dataset][INFO] - dataset config path=/fssmall/home/h61084/codes/datasets/time/current_velocity_h_part02/config.json applied_keys=['date_col', 'drop_users', 'target_cols']
[2026-08-29 00:20:03,287][evaluation.evaluator][INFO] - evaluate dataset=time/current_velocity_h_part02 users=6 dates=4489 windows=54 removed_constant=0 L=336 H=48 stride=512
[2026-08-29 00:20:08,828][evaluation.evaluator][INFO] - artifacts ready run=/fslarge/scratch/users/h61084/codes/tsfm/outputs_selena/foundation_models/time-current_velocity_h_part02/336_48/chronos2/none/raw/keep/run_0 mse=4.44645 nmse=0.154682 inference_seconds=0.194
2026-08-29 00:20:10 | configuration dataset=time/current_velocity_h_part02 L=336 H=48 model=chronos_bolt covariates=none instance_norm=false remove_constant=false seed=1 batch_size=128
[2026-08-29 00:20:13,160][data.dataset][INFO] - dataset config path=/fssmall/home/h61084/codes/datasets/time/current_velocity_h_part02/config.json applied_keys=['date_col', 'drop_users', 'target_cols']
[2026-08-29 00:20:13,185][evaluation.evaluator][INFO] - evaluate dataset=time/current_velocity_h_part02 users=6 dates=4489 windows=54 removed_constant=0 L=336 H=48 stride=512
[2026-08-29 00:20:18,889][evaluation.evaluator][INFO] - artifacts ready run=/fslarge/scratch/users/h61084/codes/tsfm/outputs_selena/foundation_models/time-current_velocity_h_part02/336_48/chronos_bolt/none/raw/keep/run_0 mse=5.29051 nmse=0.365112 inference_seconds=0.205
2026-08-29 00:20:20 | configuration dataset=time/current_velocity_h_part02 L=336 H=48 model=chronos_t5 covariates=none instance_norm=false remove_constant=false seed=1 batch_size=32
[2026-08-29 00:20:23,194][data.dataset][INFO] - dataset config path=/fssmall/home/h61084/codes/datasets/time/current_velocity_h_part02/config.json applied_keys=['date_col', 'drop_users', 'target_cols']
[2026-08-29 00:20:23,216][evaluation.evaluator][INFO] - evaluate dataset=time/current_velocity_h_part02 users=6 dates=4489 windows=54 removed_constant=0 L=336 H=48 stride=512
[2026-08-29 00:20:30,486][evaluation.evaluator][INFO] - artifacts ready run=/fslarge/scratch/users/h61084/codes/tsfm/outputs_selena/foundation_models/time-current_velocity_h_part02/336_48/chronos_t5/none/raw/keep/run_0 mse=5.50721 nmse=0.229034 inference_seconds=1.693
2026-08-29 00:20:32 | configuration dataset=time/current_velocity_h_part02 L=336 H=48 model=ts_icl covariates=none instance_norm=false remove_constant=false seed=1 batch_size=32
[2026-08-29 00:20:34,844][data.dataset][INFO] - dataset config path=/fssmall/home/h61084/codes/datasets/time/current_velocity_h_part02/config.json applied_keys=['date_col', 'drop_users', 'target_cols']
[2026-08-29 00:20:34,866][evaluation.evaluator][INFO] - evaluate dataset=time/current_velocity_h_part02 users=6 dates=4489 windows=54 removed_constant=0 L=336 H=48 stride=512
[2026-08-29 00:20:36,995][evaluation.evaluator][INFO] - artifacts ready run=/fslarge/scratch/users/h61084/codes/tsfm/outputs_selena/foundation_models/time-current_velocity_h_part02/336_48/ts_icl/none/raw/keep/run_0 mse=4.66866 nmse=0.180031 inference_seconds=1.284
2026-08-29 00:20:38 | configuration dataset=time/current_velocity_h_part02 L=504 H=168 model=chronos2 covariates=none instance_norm=false remove_constant=false seed=1 batch_size=64
[2026-08-29 00:20:41,147][data.dataset][INFO] - dataset config path=/fssmall/home/h61084/codes/datasets/time/current_velocity_h_part02/config.json applied_keys=['date_col', 'drop_users', 'target_cols']
[2026-08-29 00:20:41,169][evaluation.evaluator][INFO] - evaluate dataset=time/current_velocity_h_part02 users=6 dates=4489 windows=48 removed_constant=0 L=504 H=168 stride=512
[2026-08-29 00:20:46,719][evaluation.evaluator][INFO] - artifacts ready run=/fslarge/scratch/users/h61084/codes/tsfm/outputs_selena/foundation_models/time-current_velocity_h_part02/504_168/chronos2/none/raw/keep/run_0 mse=11.3133 nmse=0.980107 inference_seconds=0.196
2026-08-29 00:20:48 | configuration dataset=time/current_velocity_h_part02 L=504 H=168 model=chronos_bolt covariates=none instance_norm=false remove_constant=false seed=1 batch_size=128
[2026-08-29 00:20:51,063][data.dataset][INFO] - dataset config path=/fssmall/home/h61084/codes/datasets/time/current_velocity_h_part02/config.json applied_keys=['date_col', 'drop_users', 'target_cols']
[2026-08-29 00:20:51,085][evaluation.evaluator][INFO] - evaluate dataset=time/current_velocity_h_part02 users=6 dates=4489 windows=48 removed_constant=0 L=504 H=168 stride=512
[2026-08-29 00:20:57,003][evaluation.evaluator][INFO] - artifacts ready run=/fslarge/scratch/users/h61084/codes/tsfm/outputs_selena/foundation_models/time-current_velocity_h_part02/504_168/chronos_bolt/none/raw/keep/run_0 mse=12.074 nmse=2.15818 inference_seconds=0.452
2026-08-29 00:20:58 | configuration dataset=time/current_velocity_h_part02 L=504 H=168 model=chronos_t5 covariates=none instance_norm=false remove_constant=false seed=1 batch_size=32
[2026-08-29 00:21:01,357][data.dataset][INFO] - dataset config path=/fssmall/home/h61084/codes/datasets/time/current_velocity_h_part02/config.json applied_keys=['date_col', 'drop_users', 'target_cols']
[2026-08-29 00:21:01,379][evaluation.evaluator][INFO] - evaluate dataset=time/current_velocity_h_part02 users=6 dates=4489 windows=48 removed_constant=0 L=504 H=168 stride=512
[2026-08-29 00:21:06,951][/fssmall/home/h61084/codes/tsfm/.venv/lib/python3.12/site-packages/chronos/chronos.py][WARNING] - We recommend keeping prediction length <= 64. The quality of longer predictions may degrade since the model is not optimized for it. 
[2026-08-29 00:21:10,762][/fssmall/home/h61084/codes/tsfm/.venv/lib/python3.12/site-packages/chronos/chronos.py][WARNING] - We recommend keeping prediction length <= 64. The quality of longer predictions may degrade since the model is not optimized for it. 
[2026-08-29 00:21:12,963][evaluation.evaluator][INFO] - artifacts ready run=/fslarge/scratch/users/h61084/codes/tsfm/outputs_selena/foundation_models/time-current_velocity_h_part02/504_168/chronos_t5/none/raw/keep/run_0 mse=12.7492 nmse=2.1687 inference_seconds=5.990
2026-08-29 00:21:14 | configuration dataset=time/current_velocity_h_part02 L=504 H=168 model=ts_icl covariates=none instance_norm=false remove_constant=false seed=1 batch_size=32
[2026-08-29 00:21:17,287][data.dataset][INFO] - dataset config path=/fssmall/home/h61084/codes/datasets/time/current_velocity_h_part02/config.json applied_keys=['date_col', 'drop_users', 'target_cols']
[2026-08-29 00:21:17,308][evaluation.evaluator][INFO] - evaluate dataset=time/current_velocity_h_part02 users=6 dates=4489 windows=48 removed_constant=0 L=504 H=168 stride=512
[2026-08-29 00:21:19,502][evaluation.evaluator][INFO] - artifacts ready run=/fslarge/scratch/users/h61084/codes/tsfm/outputs_selena/foundation_models/time-current_velocity_h_part02/504_168/ts_icl/none/raw/keep/run_0 mse=9.2365 nmse=1.37558 inference_seconds=1.352
2026-08-29 00:21:21 | configuration dataset=time/current_velocity_h_part03 L=336 H=48 model=chronos2 covariates=none instance_norm=false remove_constant=false seed=1 batch_size=64
[2026-08-29 00:21:23,710][data.dataset][INFO] - dataset config path=/fssmall/home/h61084/codes/datasets/time/current_velocity_h_part03/config.json applied_keys=['date_col', 'drop_users', 'target_cols']
[2026-08-29 00:21:23,733][evaluation.evaluator][INFO] - evaluate dataset=time/current_velocity_h_part03 users=6 dates=3264 windows=36 removed_constant=0 L=336 H=48 stride=512
[2026-08-29 00:21:29,308][evaluation.evaluator][INFO] - artifacts ready run=/fslarge/scratch/users/h61084/codes/tsfm/outputs_selena/foundation_models/time-current_velocity_h_part03/336_48/chronos2/none/raw/keep/run_0 mse=3.14796 nmse=0.668782 inference_seconds=0.193
2026-08-29 00:21:31 | configuration dataset=time/current_velocity_h_part03 L=336 H=48 model=chronos_bolt covariates=none instance_norm=false remove_constant=false seed=1 batch_size=128
[2026-08-29 00:21:33,654][data.dataset][INFO] - dataset config path=/fssmall/home/h61084/codes/datasets/time/current_velocity_h_part03/config.json applied_keys=['date_col', 'drop_users', 'target_cols']
[2026-08-29 00:21:33,674][evaluation.evaluator][INFO] - evaluate dataset=time/current_velocity_h_part03 users=6 dates=3264 windows=36 removed_constant=0 L=336 H=48 stride=512
[2026-08-29 00:21:39,364][evaluation.evaluator][INFO] - artifacts ready run=/fslarge/scratch/users/h61084/codes/tsfm/outputs_selena/foundation_models/time-current_velocity_h_part03/336_48/chronos_bolt/none/raw/keep/run_0 mse=4.32868 nmse=0.785049 inference_seconds=0.202
2026-08-29 00:21:41 | configuration dataset=time/current_velocity_h_part03 L=336 H=48 model=chronos_t5 covariates=none instance_norm=false remove_constant=false seed=1 batch_size=32
[2026-08-29 00:21:43,704][data.dataset][INFO] - dataset config path=/fssmall/home/h61084/codes/datasets/time/current_velocity_h_part03/config.json applied_keys=['date_col', 'drop_users', 'target_cols']
[2026-08-29 00:21:43,725][evaluation.evaluator][INFO] - evaluate dataset=time/current_velocity_h_part03 users=6 dates=3264 windows=36 removed_constant=0 L=336 H=48 stride=512
[2026-08-29 00:21:50,819][evaluation.evaluator][INFO] - artifacts ready run=/fslarge/scratch/users/h61084/codes/tsfm/outputs_selena/foundation_models/time-current_velocity_h_part03/336_48/chronos_t5/none/raw/keep/run_0 mse=3.70056 nmse=0.967469 inference_seconds=1.596
2026-08-29 00:21:52 | configuration dataset=time/current_velocity_h_part03 L=336 H=48 model=ts_icl covariates=none instance_norm=false remove_constant=false seed=1 batch_size=32
[2026-08-29 00:21:55,254][data.dataset][INFO] - dataset config path=/fssmall/home/h61084/codes/datasets/time/current_velocity_h_part03/config.json applied_keys=['date_col', 'drop_users', 'target_cols']
[2026-08-29 00:21:55,276][evaluation.evaluator][INFO] - evaluate dataset=time/current_velocity_h_part03 users=6 dates=3264 windows=36 removed_constant=0 L=336 H=48 stride=512
[2026-08-29 00:21:57,388][evaluation.evaluator][INFO] - artifacts ready run=/fslarge/scratch/users/h61084/codes/tsfm/outputs_selena/foundation_models/time-current_velocity_h_part03/336_48/ts_icl/none/raw/keep/run_0 mse=3.176 nmse=0.659035 inference_seconds=1.265
2026-08-29 00:21:59 | configuration dataset=time/current_velocity_h_part03 L=504 H=168 model=chronos2 covariates=none instance_norm=false remove_constant=false seed=1 batch_size=64
[2026-08-29 00:22:01,603][data.dataset][INFO] - dataset config path=/fssmall/home/h61084/codes/datasets/time/current_velocity_h_part03/config.json applied_keys=['date_col', 'drop_users', 'target_cols']
[2026-08-29 00:22:01,624][evaluation.evaluator][INFO] - evaluate dataset=time/current_velocity_h_part03 users=6 dates=3264 windows=36 removed_constant=0 L=504 H=168 stride=512
[2026-08-29 00:22:07,203][evaluation.evaluator][INFO] - artifacts ready run=/fslarge/scratch/users/h61084/codes/tsfm/outputs_selena/foundation_models/time-current_velocity_h_part03/504_168/chronos2/none/raw/keep/run_0 mse=12.1573 nmse=1.00105 inference_seconds=0.194
2026-08-29 00:22:09 | configuration dataset=time/current_velocity_h_part03 L=504 H=168 model=chronos_bolt covariates=none instance_norm=false remove_constant=false seed=1 batch_size=128
[2026-08-29 00:22:11,623][data.dataset][INFO] - dataset config path=/fssmall/home/h61084/codes/datasets/time/current_velocity_h_part03/config.json applied_keys=['date_col', 'drop_users', 'target_cols']
[2026-08-29 00:22:11,644][evaluation.evaluator][INFO] - evaluate dataset=time/current_velocity_h_part03 users=6 dates=3264 windows=36 removed_constant=0 L=504 H=168 stride=512
[2026-08-29 00:22:17,535][evaluation.evaluator][INFO] - artifacts ready run=/fslarge/scratch/users/h61084/codes/tsfm/outputs_selena/foundation_models/time-current_velocity_h_part03/504_168/chronos_bolt/none/raw/keep/run_0 mse=5.77465 nmse=1.02706 inference_seconds=0.416
2026-08-29 00:22:19 | configuration dataset=time/current_velocity_h_part03 L=504 H=168 model=chronos_t5 covariates=none instance_norm=false remove_constant=false seed=1 batch_size=32
[2026-08-29 00:22:21,932][data.dataset][INFO] - dataset config path=/fssmall/home/h61084/codes/datasets/time/current_velocity_h_part03/config.json applied_keys=['date_col', 'drop_users', 'target_cols']
[2026-08-29 00:22:21,953][evaluation.evaluator][INFO] - evaluate dataset=time/current_velocity_h_part03 users=6 dates=3264 windows=36 removed_constant=0 L=504 H=168 stride=512
[2026-08-29 00:22:36,911][/fssmall/home/h61084/codes/tsfm/.venv/lib/python3.12/site-packages/chronos/chronos.py][WARNING] - We recommend keeping prediction length <= 64. The quality of longer predictions may degrade since the model is not optimized for it. 
[2026-08-29 00:22:40,691][/fssmall/home/h61084/codes/tsfm/.venv/lib/python3.12/site-packages/chronos/chronos.py][WARNING] - We recommend keeping prediction length <= 64. The quality of longer predictions may degrade since the model is not optimized for it. 
[2026-08-29 00:22:42,486][evaluation.evaluator][INFO] - artifacts ready run=/fslarge/scratch/users/h61084/codes/tsfm/outputs_selena/foundation_models/time-current_velocity_h_part03/504_168/chronos_t5/none/raw/keep/run_0 mse=5.43358 nmse=1.11583 inference_seconds=5.553
2026-08-29 00:22:44 | configuration dataset=time/current_velocity_h_part03 L=504 H=168 model=ts_icl covariates=none instance_norm=false remove_constant=false seed=1 batch_size=32
[2026-08-29 00:22:46,908][data.dataset][INFO] - dataset config path=/fssmall/home/h61084/codes/datasets/time/current_velocity_h_part03/config.json applied_keys=['date_col', 'drop_users', 'target_cols']
[2026-08-29 00:22:46,929][evaluation.evaluator][INFO] - evaluate dataset=time/current_velocity_h_part03 users=6 dates=3264 windows=36 removed_constant=0 L=504 H=168 stride=512
[2026-08-29 00:22:49,076][evaluation.evaluator][INFO] - artifacts ready run=/fslarge/scratch/users/h61084/codes/tsfm/outputs_selena/foundation_models/time-current_velocity_h_part03/504_168/ts_icl/none/raw/keep/run_0 mse=6.84768 nmse=0.852441 inference_seconds=1.293
2026-08-29 00:22:50 | configuration dataset=time/current_velocity_h_part04 L=336 H=48 model=chronos2 covariates=none instance_norm=false remove_constant=false seed=1 batch_size=64
[2026-08-29 00:22:53,271][data.dataset][INFO] - dataset config path=/fssmall/home/h61084/codes/datasets/time/current_velocity_h_part04/config.json applied_keys=['date_col', 'drop_users', 'target_cols']
[2026-08-29 00:22:53,295][evaluation.evaluator][INFO] - evaluate dataset=time/current_velocity_h_part04 users=6 dates=4489 windows=54 removed_constant=0 L=336 H=48 stride=512
[2026-08-29 00:22:58,804][evaluation.evaluator][INFO] - artifacts ready run=/fslarge/scratch/users/h61084/codes/tsfm/outputs_selena/foundation_models/time-current_velocity_h_part04/336_48/chronos2/none/raw/keep/run_0 mse=12.5698 nmse=1.17245 inference_seconds=0.192
2026-08-29 00:23:00 | configuration dataset=time/current_velocity_h_part04 L=336 H=48 model=chronos_bolt covariates=none instance_norm=false remove_constant=false seed=1 batch_size=128
[2026-08-29 00:23:03,184][data.dataset][INFO] - dataset config path=/fssmall/home/h61084/codes/datasets/time/current_velocity_h_part04/config.json applied_keys=['date_col', 'drop_users', 'target_cols']
[2026-08-29 00:23:03,205][evaluation.evaluator][INFO] - evaluate dataset=time/current_velocity_h_part04 users=6 dates=4489 windows=54 removed_constant=0 L=336 H=48 stride=512
[2026-08-29 00:23:08,953][evaluation.evaluator][INFO] - artifacts ready run=/fslarge/scratch/users/h61084/codes/tsfm/outputs_selena/foundation_models/time-current_velocity_h_part04/336_48/chronos_bolt/none/raw/keep/run_0 mse=9.28958 nmse=1.37814 inference_seconds=0.204
2026-08-29 00:23:10 | configuration dataset=time/current_velocity_h_part04 L=336 H=48 model=chronos_t5 covariates=none instance_norm=false remove_constant=false seed=1 batch_size=32
[2026-08-29 00:23:13,370][data.dataset][INFO] - dataset config path=/fssmall/home/h61084/codes/datasets/time/current_velocity_h_part04/config.json applied_keys=['date_col', 'drop_users', 'target_cols']
[2026-08-29 00:23:13,391][evaluation.evaluator][INFO] - evaluate dataset=time/current_velocity_h_part04 users=6 dates=4489 windows=54 removed_constant=0 L=336 H=48 stride=512
[2026-08-29 00:23:20,618][evaluation.evaluator][INFO] - artifacts ready run=/fslarge/scratch/users/h61084/codes/tsfm/outputs_selena/foundation_models/time-current_velocity_h_part04/336_48/chronos_t5/none/raw/keep/run_0 mse=12.7052 nmse=1.47643 inference_seconds=1.706
2026-08-29 00:23:22 | configuration dataset=time/current_velocity_h_part04 L=336 H=48 model=ts_icl covariates=none instance_norm=false remove_constant=false seed=1 batch_size=32
[2026-08-29 00:23:25,006][data.dataset][INFO] - dataset config path=/fssmall/home/h61084/codes/datasets/time/current_velocity_h_part04/config.json applied_keys=['date_col', 'drop_users', 'target_cols']
[2026-08-29 00:23:25,028][evaluation.evaluator][INFO] - evaluate dataset=time/current_velocity_h_part04 users=6 dates=4489 windows=54 removed_constant=0 L=336 H=48 stride=512
[2026-08-29 00:23:27,192][evaluation.evaluator][INFO] - artifacts ready run=/fslarge/scratch/users/h61084/codes/tsfm/outputs_selena/foundation_models/time-current_velocity_h_part04/336_48/ts_icl/none/raw/keep/run_0 mse=8.84304 nmse=1.17884 inference_seconds=1.299
2026-08-29 00:23:28 | configuration dataset=time/current_velocity_h_part04 L=504 H=168 model=chronos2 covariates=none instance_norm=false remove_constant=false seed=1 batch_size=64
[2026-08-29 00:23:31,400][data.dataset][INFO] - dataset config path=/fssmall/home/h61084/codes/datasets/time/current_velocity_h_part04/config.json applied_keys=['date_col', 'drop_users', 'target_cols']
[2026-08-29 00:23:31,422][evaluation.evaluator][INFO] - evaluate dataset=time/current_velocity_h_part04 users=6 dates=4489 windows=48 removed_constant=0 L=504 H=168 stride=512
[2026-08-29 00:23:37,020][evaluation.evaluator][INFO] - artifacts ready run=/fslarge/scratch/users/h61084/codes/tsfm/outputs_selena/foundation_models/time-current_velocity_h_part04/504_168/chronos2/none/raw/keep/run_0 mse=17.5595 nmse=1.22135 inference_seconds=0.199
2026-08-29 00:23:38 | configuration dataset=time/current_velocity_h_part04 L=504 H=168 model=chronos_bolt covariates=none instance_norm=false remove_constant=false seed=1 batch_size=128
[2026-08-29 00:23:41,434][data.dataset][INFO] - dataset config path=/fssmall/home/h61084/codes/datasets/time/current_velocity_h_part04/config.json applied_keys=['date_col', 'drop_users', 'target_cols']
[2026-08-29 00:23:41,456][evaluation.evaluator][INFO] - evaluate dataset=time/current_velocity_h_part04 users=6 dates=4489 windows=48 removed_constant=0 L=504 H=168 stride=512
[2026-08-29 00:23:48,329][evaluation.evaluator][INFO] - artifacts ready run=/fslarge/scratch/users/h61084/codes/tsfm/outputs_selena/foundation_models/time-current_velocity_h_part04/504_168/chronos_bolt/none/raw/keep/run_0 mse=17.2373 nmse=1.40966 inference_seconds=0.450
2026-08-29 00:23:50 | configuration dataset=time/current_velocity_h_part04 L=504 H=168 model=chronos_t5 covariates=none instance_norm=false remove_constant=false seed=1 batch_size=32
[2026-08-29 00:23:52,765][data.dataset][INFO] - dataset config path=/fssmall/home/h61084/codes/datasets/time/current_velocity_h_part04/config.json applied_keys=['date_col', 'drop_users', 'target_cols']
[2026-08-29 00:23:52,787][evaluation.evaluator][INFO] - evaluate dataset=time/current_velocity_h_part04 users=6 dates=4489 windows=48 removed_constant=0 L=504 H=168 stride=512
[2026-08-29 00:23:58,272][/fssmall/home/h61084/codes/tsfm/.venv/lib/python3.12/site-packages/chronos/chronos.py][WARNING] - We recommend keeping prediction length <= 64. The quality of longer predictions may degrade since the model is not optimized for it. 
[2026-08-29 00:24:02,078][/fssmall/home/h61084/codes/tsfm/.venv/lib/python3.12/site-packages/chronos/chronos.py][WARNING] - We recommend keeping prediction length <= 64. The quality of longer predictions may degrade since the model is not optimized for it. 
[2026-08-29 00:24:04,276][evaluation.evaluator][INFO] - artifacts ready run=/fslarge/scratch/users/h61084/codes/tsfm/outputs_selena/foundation_models/time-current_velocity_h_part04/504_168/chronos_t5/none/raw/keep/run_0 mse=17.7298 nmse=1.59693 inference_seconds=5.982
2026-08-29 00:24:06 | configuration dataset=time/current_velocity_h_part04 L=504 H=168 model=ts_icl covariates=none instance_norm=false remove_constant=false seed=1 batch_size=32
[2026-08-29 00:24:08,698][data.dataset][INFO] - dataset config path=/fssmall/home/h61084/codes/datasets/time/current_velocity_h_part04/config.json applied_keys=['date_col', 'drop_users', 'target_cols']
[2026-08-29 00:24:08,720][evaluation.evaluator][INFO] - evaluate dataset=time/current_velocity_h_part04 users=6 dates=4489 windows=48 removed_constant=0 L=504 H=168 stride=512
[2026-08-29 00:24:10,882][evaluation.evaluator][INFO] - artifacts ready run=/fslarge/scratch/users/h61084/codes/tsfm/outputs_selena/foundation_models/time-current_velocity_h_part04/504_168/ts_icl/none/raw/keep/run_0 mse=16.7032 nmse=1.21229 inference_seconds=1.331
2026-08-29 00:24:12 | configuration dataset=time/current_velocity_h_part05 L=336 H=48 model=chronos2 covariates=none instance_norm=false remove_constant=false seed=1 batch_size=64
[2026-08-29 00:24:15,104][data.dataset][INFO] - dataset config path=/fssmall/home/h61084/codes/datasets/time/current_velocity_h_part05/config.json applied_keys=['date_col', 'drop_users', 'target_cols']
[2026-08-29 00:24:15,129][evaluation.evaluator][INFO] - evaluate dataset=time/current_velocity_h_part05 users=6 dates=5086 windows=60 removed_constant=0 L=336 H=48 stride=512
[2026-08-29 00:24:20,732][evaluation.evaluator][INFO] - artifacts ready run=/fslarge/scratch/users/h61084/codes/tsfm/outputs_selena/foundation_models/time-current_velocity_h_part05/336_48/chronos2/none/raw/keep/run_0 mse=6.14823 nmse=0.49227 inference_seconds=0.198
2026-08-29 00:24:22 | configuration dataset=time/current_velocity_h_part05 L=336 H=48 model=chronos_bolt covariates=none instance_norm=false remove_constant=false seed=1 batch_size=128
[2026-08-29 00:24:25,157][data.dataset][INFO] - dataset config path=/fssmall/home/h61084/codes/datasets/time/current_velocity_h_part05/config.json applied_keys=['date_col', 'drop_users', 'target_cols']
[2026-08-29 00:24:25,178][evaluation.evaluator][INFO] - evaluate dataset=time/current_velocity_h_part05 users=6 dates=5086 windows=60 removed_constant=0 L=336 H=48 stride=512
[2026-08-29 00:24:30,955][evaluation.evaluator][INFO] - artifacts ready run=/fslarge/scratch/users/h61084/codes/tsfm/outputs_selena/foundation_models/time-current_velocity_h_part05/336_48/chronos_bolt/none/raw/keep/run_0 mse=6.67676 nmse=0.619914 inference_seconds=0.205
2026-08-29 00:24:32 | configuration dataset=time/current_velocity_h_part05 L=336 H=48 model=chronos_t5 covariates=none instance_norm=false remove_constant=false seed=1 batch_size=32
[2026-08-29 00:24:35,345][data.dataset][INFO] - dataset config path=/fssmall/home/h61084/codes/datasets/time/current_velocity_h_part05/config.json applied_keys=['date_col', 'drop_users', 'target_cols']
[2026-08-29 00:24:35,367][evaluation.evaluator][INFO] - evaluate dataset=time/current_velocity_h_part05 users=6 dates=5086 windows=60 removed_constant=0 L=336 H=48 stride=512
[2026-08-29 00:24:42,748][evaluation.evaluator][INFO] - artifacts ready run=/fslarge/scratch/users/h61084/codes/tsfm/outputs_selena/foundation_models/time-current_velocity_h_part05/336_48/chronos_t5/none/raw/keep/run_0 mse=11.2425 nmse=0.690551 inference_seconds=1.827
2026-08-29 00:24:44 | configuration dataset=time/current_velocity_h_part05 L=336 H=48 model=ts_icl covariates=none instance_norm=false remove_constant=false seed=1 batch_size=32
[2026-08-29 00:24:47,142][data.dataset][INFO] - dataset config path=/fssmall/home/h61084/codes/datasets/time/current_velocity_h_part05/config.json applied_keys=['date_col', 'drop_users', 'target_cols']
[2026-08-29 00:24:47,165][evaluation.evaluator][INFO] - evaluate dataset=time/current_velocity_h_part05 users=6 dates=5086 windows=60 removed_constant=0 L=336 H=48 stride=512
[2026-08-29 00:24:49,310][evaluation.evaluator][INFO] - artifacts ready run=/fslarge/scratch/users/h61084/codes/tsfm/outputs_selena/foundation_models/time-current_velocity_h_part05/336_48/ts_icl/none/raw/keep/run_0 mse=6.04787 nmse=0.515006 inference_seconds=1.293
2026-08-29 00:24:51 | configuration dataset=time/current_velocity_h_part05 L=504 H=168 model=chronos2 covariates=none instance_norm=false remove_constant=false seed=1 batch_size=64
[2026-08-29 00:24:53,564][data.dataset][INFO] - dataset config path=/fssmall/home/h61084/codes/datasets/time/current_velocity_h_part05/config.json applied_keys=['date_col', 'drop_users', 'target_cols']
[2026-08-29 00:24:53,587][evaluation.evaluator][INFO] - evaluate dataset=time/current_velocity_h_part05 users=6 dates=5086 windows=54 removed_constant=0 L=504 H=168 stride=512
[2026-08-29 00:24:59,095][evaluation.evaluator][INFO] - artifacts ready run=/fslarge/scratch/users/h61084/codes/tsfm/outputs_selena/foundation_models/time-current_velocity_h_part05/504_168/chronos2/none/raw/keep/run_0 mse=15.4182 nmse=1.13159 inference_seconds=0.196
2026-08-29 00:25:01 | configuration dataset=time/current_velocity_h_part05 L=504 H=168 model=chronos_bolt covariates=none instance_norm=false remove_constant=false seed=1 batch_size=128
[2026-08-29 00:25:03,485][data.dataset][INFO] - dataset config path=/fssmall/home/h61084/codes/datasets/time/current_velocity_h_part05/config.json applied_keys=['date_col', 'drop_users', 'target_cols']
[2026-08-29 00:25:03,507][evaluation.evaluator][INFO] - evaluate dataset=time/current_velocity_h_part05 users=6 dates=5086 windows=54 removed_constant=0 L=504 H=168 stride=512
[2026-08-29 00:25:09,537][evaluation.evaluator][INFO] - artifacts ready run=/fslarge/scratch/users/h61084/codes/tsfm/outputs_selena/foundation_models/time-current_velocity_h_part05/504_168/chronos_bolt/none/raw/keep/run_0 mse=15.3327 nmse=1.44814 inference_seconds=0.481
2026-08-29 00:25:11 | configuration dataset=time/current_velocity_h_part05 L=504 H=168 model=chronos_t5 covariates=none instance_norm=false remove_constant=false seed=1 batch_size=32
[2026-08-29 00:25:13,946][data.dataset][INFO] - dataset config path=/fssmall/home/h61084/codes/datasets/time/current_velocity_h_part05/config.json applied_keys=['date_col', 'drop_users', 'target_cols']
[2026-08-29 00:25:13,968][evaluation.evaluator][INFO] - evaluate dataset=time/current_velocity_h_part05 users=6 dates=5086 windows=54 removed_constant=0 L=504 H=168 stride=512
[2026-08-29 00:25:19,570][/fssmall/home/h61084/codes/tsfm/.venv/lib/python3.12/site-packages/chronos/chronos.py][WARNING] - We recommend keeping prediction length <= 64. The quality of longer predictions may degrade since the model is not optimized for it. 
[2026-08-29 00:25:23,350][/fssmall/home/h61084/codes/tsfm/.venv/lib/python3.12/site-packages/chronos/chronos.py][WARNING] - We recommend keeping prediction length <= 64. The quality of longer predictions may degrade since the model is not optimized for it. 
[2026-08-29 00:25:25,985][evaluation.evaluator][INFO] - artifacts ready run=/fslarge/scratch/users/h61084/codes/tsfm/outputs_selena/foundation_models/time-current_velocity_h_part05/504_168/chronos_t5/none/raw/keep/run_0 mse=14.7888 nmse=1.36611 inference_seconds=6.392
2026-08-29 00:25:27 | configuration dataset=time/current_velocity_h_part05 L=504 H=168 model=ts_icl covariates=none instance_norm=false remove_constant=false seed=1 batch_size=32
[2026-08-29 00:25:30,436][data.dataset][INFO] - dataset config path=/fssmall/home/h61084/codes/datasets/time/current_velocity_h_part05/config.json applied_keys=['date_col', 'drop_users', 'target_cols']
[2026-08-29 00:25:30,458][evaluation.evaluator][INFO] - evaluate dataset=time/current_velocity_h_part05 users=6 dates=5086 windows=54 removed_constant=0 L=504 H=168 stride=512
[2026-08-29 00:25:32,664][evaluation.evaluator][INFO] - artifacts ready run=/fslarge/scratch/users/h61084/codes/tsfm/outputs_selena/foundation_models/time-current_velocity_h_part05/504_168/ts_icl/none/raw/keep/run_0 mse=15.2367 nmse=1.10821 inference_seconds=1.364
2026-08-29 00:25:34 | configuration dataset=time/current_velocity_h_part06 L=336 H=48 model=chronos2 covariates=none instance_norm=false remove_constant=false seed=1 batch_size=64
[2026-08-29 00:25:36,985][data.dataset][INFO] - dataset config path=/fssmall/home/h61084/codes/datasets/time/current_velocity_h_part06/config.json applied_keys=['date_col', 'drop_users', 'target_cols']
[2026-08-29 00:25:37,010][evaluation.evaluator][INFO] - evaluate dataset=time/current_velocity_h_part06 users=6 dates=5327 windows=60 removed_constant=0 L=336 H=48 stride=512
[2026-08-29 00:25:42,592][evaluation.evaluator][INFO] - artifacts ready run=/fslarge/scratch/users/h61084/codes/tsfm/outputs_selena/foundation_models/time-current_velocity_h_part06/336_48/chronos2/none/raw/keep/run_0 mse=9.24235 nmse=0.539401 inference_seconds=0.197
2026-08-29 00:25:44 | configuration dataset=time/current_velocity_h_part06 L=336 H=48 model=chronos_bolt covariates=none instance_norm=false remove_constant=false seed=1 batch_size=128
[2026-08-29 00:25:47,038][data.dataset][INFO] - dataset config path=/fssmall/home/h61084/codes/datasets/time/current_velocity_h_part06/config.json applied_keys=['date_col', 'drop_users', 'target_cols']
[2026-08-29 00:25:47,060][evaluation.evaluator][INFO] - evaluate dataset=time/current_velocity_h_part06 users=6 dates=5327 windows=60 removed_constant=0 L=336 H=48 stride=512
[2026-08-29 00:25:52,766][evaluation.evaluator][INFO] - artifacts ready run=/fslarge/scratch/users/h61084/codes/tsfm/outputs_selena/foundation_models/time-current_velocity_h_part06/336_48/chronos_bolt/none/raw/keep/run_0 mse=6.99834 nmse=0.6199 inference_seconds=0.203
2026-08-29 00:25:54 | configuration dataset=time/current_velocity_h_part06 L=336 H=48 model=chronos_t5 covariates=none instance_norm=false remove_constant=false seed=1 batch_size=32
[2026-08-29 00:25:57,202][data.dataset][INFO] - dataset config path=/fssmall/home/h61084/codes/datasets/time/current_velocity_h_part06/config.json applied_keys=['date_col', 'drop_users', 'target_cols']
[2026-08-29 00:25:57,225][evaluation.evaluator][INFO] - evaluate dataset=time/current_velocity_h_part06 users=6 dates=5327 windows=60 removed_constant=0 L=336 H=48 stride=512
[2026-08-29 00:26:04,552][evaluation.evaluator][INFO] - artifacts ready run=/fslarge/scratch/users/h61084/codes/tsfm/outputs_selena/foundation_models/time-current_velocity_h_part06/336_48/chronos_t5/none/raw/keep/run_0 mse=9.92661 nmse=0.609771 inference_seconds=1.802
2026-08-29 00:26:06 | configuration dataset=time/current_velocity_h_part06 L=336 H=48 model=ts_icl covariates=none instance_norm=false remove_constant=false seed=1 batch_size=32
[2026-08-29 00:26:09,049][data.dataset][INFO] - dataset config path=/fssmall/home/h61084/codes/datasets/time/current_velocity_h_part06/config.json applied_keys=['date_col', 'drop_users', 'target_cols']
[2026-08-29 00:26:09,072][evaluation.evaluator][INFO] - evaluate dataset=time/current_velocity_h_part06 users=6 dates=5327 windows=60 removed_constant=0 L=336 H=48 stride=512
[2026-08-29 00:26:11,215][evaluation.evaluator][INFO] - artifacts ready run=/fslarge/scratch/users/h61084/codes/tsfm/outputs_selena/foundation_models/time-current_velocity_h_part06/336_48/ts_icl/none/raw/keep/run_0 mse=9.67084 nmse=0.574222 inference_seconds=1.305
2026-08-29 00:26:12 | configuration dataset=time/current_velocity_h_part06 L=504 H=168 model=chronos2 covariates=none instance_norm=false remove_constant=false seed=1 batch_size=64
[2026-08-29 00:26:15,505][data.dataset][INFO] - dataset config path=/fssmall/home/h61084/codes/datasets/time/current_velocity_h_part06/config.json applied_keys=['date_col', 'drop_users', 'target_cols']
[2026-08-29 00:26:15,528][evaluation.evaluator][INFO] - evaluate dataset=time/current_velocity_h_part06 users=6 dates=5327 windows=60 removed_constant=0 L=504 H=168 stride=512
[2026-08-29 00:26:21,098][evaluation.evaluator][INFO] - artifacts ready run=/fslarge/scratch/users/h61084/codes/tsfm/outputs_selena/foundation_models/time-current_velocity_h_part06/504_168/chronos2/none/raw/keep/run_0 mse=15.9194 nmse=1.08066 inference_seconds=0.197
2026-08-29 00:26:23 | configuration dataset=time/current_velocity_h_part06 L=504 H=168 model=chronos_bolt covariates=none instance_norm=false remove_constant=false seed=1 batch_size=128
[2026-08-29 00:26:25,520][data.dataset][INFO] - dataset config path=/fssmall/home/h61084/codes/datasets/time/current_velocity_h_part06/config.json applied_keys=['date_col', 'drop_users', 'target_cols']
[2026-08-29 00:26:25,542][evaluation.evaluator][INFO] - evaluate dataset=time/current_velocity_h_part06 users=6 dates=5327 windows=60 removed_constant=0 L=504 H=168 stride=512
[2026-08-29 00:26:31,485][evaluation.evaluator][INFO] - artifacts ready run=/fslarge/scratch/users/h61084/codes/tsfm/outputs_selena/foundation_models/time-current_velocity_h_part06/504_168/chronos_bolt/none/raw/keep/run_0 mse=15.0755 nmse=1.38378 inference_seconds=0.497
2026-08-29 00:26:33 | configuration dataset=time/current_velocity_h_part06 L=504 H=168 model=chronos_t5 covariates=none instance_norm=false remove_constant=false seed=1 batch_size=32
[2026-08-29 00:26:35,983][data.dataset][INFO] - dataset config path=/fssmall/home/h61084/codes/datasets/time/current_velocity_h_part06/config.json applied_keys=['date_col', 'drop_users', 'target_cols']
[2026-08-29 00:26:36,005][evaluation.evaluator][INFO] - evaluate dataset=time/current_velocity_h_part06 users=6 dates=5327 windows=60 removed_constant=0 L=504 H=168 stride=512
[2026-08-29 00:26:41,524][/fssmall/home/h61084/codes/tsfm/.venv/lib/python3.12/site-packages/chronos/chronos.py][WARNING] - We recommend keeping prediction length <= 64. The quality of longer predictions may degrade since the model is not optimized for it. 
[2026-08-29 00:26:45,332][/fssmall/home/h61084/codes/tsfm/.venv/lib/python3.12/site-packages/chronos/chronos.py][WARNING] - We recommend keeping prediction length <= 64. The quality of longer predictions may degrade since the model is not optimized for it. 
[2026-08-29 00:26:48,561][evaluation.evaluator][INFO] - artifacts ready run=/fslarge/scratch/users/h61084/codes/tsfm/outputs_selena/foundation_models/time-current_velocity_h_part06/504_168/chronos_t5/none/raw/keep/run_0 mse=15.5066 nmse=1.39399 inference_seconds=7.013
2026-08-29 00:26:50 | configuration dataset=time/current_velocity_h_part06 L=504 H=168 model=ts_icl covariates=none instance_norm=false remove_constant=false seed=1 batch_size=32
[2026-08-29 00:26:53,024][data.dataset][INFO] - dataset config path=/fssmall/home/h61084/codes/datasets/time/current_velocity_h_part06/config.json applied_keys=['date_col', 'drop_users', 'target_cols']
[2026-08-29 00:26:53,046][evaluation.evaluator][INFO] - evaluate dataset=time/current_velocity_h_part06 users=6 dates=5327 windows=60 removed_constant=0 L=504 H=168 stride=512
[2026-08-29 00:26:55,239][evaluation.evaluator][INFO] - artifacts ready run=/fslarge/scratch/users/h61084/codes/tsfm/outputs_selena/foundation_models/time-current_velocity_h_part06/504_168/ts_icl/none/raw/keep/run_0 mse=14.2375 nmse=1.02254 inference_seconds=1.341
2026-08-29 00:26:57 | configuration dataset=time/current_velocity_h_part07 L=336 H=48 model=chronos2 covariates=none instance_norm=false remove_constant=false seed=1 batch_size=64
[2026-08-29 00:26:59,544][data.dataset][INFO] - dataset config path=/fssmall/home/h61084/codes/datasets/time/current_velocity_h_part07/config.json applied_keys=['date_col', 'drop_users', 'target_cols']
[2026-08-29 00:26:59,566][evaluation.evaluator][INFO] - evaluate dataset=time/current_velocity_h_part07 users=6 dates=2354 windows=24 removed_constant=0 L=336 H=48 stride=512
[2026-08-29 00:27:05,098][evaluation.evaluator][INFO] - artifacts ready run=/fslarge/scratch/users/h61084/codes/tsfm/outputs_selena/foundation_models/time-current_velocity_h_part07/336_48/chronos2/none/raw/keep/run_0 mse=3.53434 nmse=0.530586 inference_seconds=0.193
2026-08-29 00:27:07 | configuration dataset=time/current_velocity_h_part07 L=336 H=48 model=chronos_bolt covariates=none instance_norm=false remove_constant=false seed=1 batch_size=128
[2026-08-29 00:27:09,540][data.dataset][INFO] - dataset config path=/fssmall/home/h61084/codes/datasets/time/current_velocity_h_part07/config.json applied_keys=['date_col', 'drop_users', 'target_cols']
[2026-08-29 00:27:09,559][evaluation.evaluator][INFO] - evaluate dataset=time/current_velocity_h_part07 users=6 dates=2354 windows=24 removed_constant=0 L=336 H=48 stride=512
[2026-08-29 00:27:15,316][evaluation.evaluator][INFO] - artifacts ready run=/fslarge/scratch/users/h61084/codes/tsfm/outputs_selena/foundation_models/time-current_velocity_h_part07/336_48/chronos_bolt/none/raw/keep/run_0 mse=4.44073 nmse=0.743941 inference_seconds=0.204
2026-08-29 00:27:17 | configuration dataset=time/current_velocity_h_part07 L=336 H=48 model=chronos_t5 covariates=none instance_norm=false remove_constant=false seed=1 batch_size=32
[2026-08-29 00:27:19,768][data.dataset][INFO] - dataset config path=/fssmall/home/h61084/codes/datasets/time/current_velocity_h_part07/config.json applied_keys=['date_col', 'drop_users', 'target_cols']
[2026-08-29 00:27:19,787][evaluation.evaluator][INFO] - evaluate dataset=time/current_velocity_h_part07 users=6 dates=2354 windows=24 removed_constant=0 L=336 H=48 stride=512
[2026-08-29 00:27:26,229][evaluation.evaluator][INFO] - artifacts ready run=/fslarge/scratch/users/h61084/codes/tsfm/outputs_selena/foundation_models/time-current_velocity_h_part07/336_48/chronos_t5/none/raw/keep/run_0 mse=4.61777 nmse=0.745391 inference_seconds=0.928
2026-08-29 00:27:28 | configuration dataset=time/current_velocity_h_part07 L=336 H=48 model=ts_icl covariates=none instance_norm=false remove_constant=false seed=1 batch_size=32
[2026-08-29 00:27:30,683][data.dataset][INFO] - dataset config path=/fssmall/home/h61084/codes/datasets/time/current_velocity_h_part07/config.json applied_keys=['date_col', 'drop_users', 'target_cols']
[2026-08-29 00:27:30,721][evaluation.evaluator][INFO] - evaluate dataset=time/current_velocity_h_part07 users=6 dates=2354 windows=24 removed_constant=0 L=336 H=48 stride=512
[2026-08-29 00:27:32,811][evaluation.evaluator][INFO] - artifacts ready run=/fslarge/scratch/users/h61084/codes/tsfm/outputs_selena/foundation_models/time-current_velocity_h_part07/336_48/ts_icl/none/raw/keep/run_0 mse=3.89808 nmse=0.621799 inference_seconds=1.232
2026-08-29 00:27:34 | configuration dataset=time/current_velocity_h_part07 L=504 H=168 model=chronos2 covariates=none instance_norm=false remove_constant=false seed=1 batch_size=64
[2026-08-29 00:27:37,103][data.dataset][INFO] - dataset config path=/fssmall/home/h61084/codes/datasets/time/current_velocity_h_part07/config.json applied_keys=['date_col', 'drop_users', 'target_cols']
[2026-08-29 00:27:37,123][evaluation.evaluator][INFO] - evaluate dataset=time/current_velocity_h_part07 users=6 dates=2354 windows=24 removed_constant=0 L=504 H=168 stride=512
[2026-08-29 00:27:42,675][evaluation.evaluator][INFO] - artifacts ready run=/fslarge/scratch/users/h61084/codes/tsfm/outputs_selena/foundation_models/time-current_velocity_h_part07/504_168/chronos2/none/raw/keep/run_0 mse=11.45 nmse=1.58087 inference_seconds=0.194
2026-08-29 00:27:44 | configuration dataset=time/current_velocity_h_part07 L=504 H=168 model=chronos_bolt covariates=none instance_norm=false remove_constant=false seed=1 batch_size=128
[2026-08-29 00:27:47,126][data.dataset][INFO] - dataset config path=/fssmall/home/h61084/codes/datasets/time/current_velocity_h_part07/config.json applied_keys=['date_col', 'drop_users', 'target_cols']
[2026-08-29 00:27:47,145][evaluation.evaluator][INFO] - evaluate dataset=time/current_velocity_h_part07 users=6 dates=2354 windows=24 removed_constant=0 L=504 H=168 stride=512
[2026-08-29 00:27:52,959][evaluation.evaluator][INFO] - artifacts ready run=/fslarge/scratch/users/h61084/codes/tsfm/outputs_selena/foundation_models/time-current_velocity_h_part07/504_168/chronos_bolt/none/raw/keep/run_0 mse=9.53827 nmse=2.12779 inference_seconds=0.345
2026-08-29 00:27:54 | configuration dataset=time/current_velocity_h_part07 L=504 H=168 model=chronos_t5 covariates=none instance_norm=false remove_constant=false seed=1 batch_size=32
[2026-08-29 00:27:57,438][data.dataset][INFO] - dataset config path=/fssmall/home/h61084/codes/datasets/time/current_velocity_h_part07/config.json applied_keys=['date_col', 'drop_users', 'target_cols']
[2026-08-29 00:27:57,458][evaluation.evaluator][INFO] - evaluate dataset=time/current_velocity_h_part07 users=6 dates=2354 windows=24 removed_constant=0 L=504 H=168 stride=512
[2026-08-29 00:28:02,930][/fssmall/home/h61084/codes/tsfm/.venv/lib/python3.12/site-packages/chronos/chronos.py][WARNING] - We recommend keeping prediction length <= 64. The quality of longer predictions may degrade since the model is not optimized for it. 
[2026-08-29 00:28:05,999][evaluation.evaluator][INFO] - artifacts ready run=/fslarge/scratch/users/h61084/codes/tsfm/outputs_selena/foundation_models/time-current_velocity_h_part07/504_168/chronos_t5/none/raw/keep/run_0 mse=8.34398 nmse=1.80731 inference_seconds=3.048
2026-08-29 00:28:07 | configuration dataset=time/current_velocity_h_part07 L=504 H=168 model=ts_icl covariates=none instance_norm=false remove_constant=false seed=1 batch_size=32
[2026-08-29 00:28:10,473][data.dataset][INFO] - dataset config path=/fssmall/home/h61084/codes/datasets/time/current_velocity_h_part07/config.json applied_keys=['date_col', 'drop_users', 'target_cols']
[2026-08-29 00:28:10,495][evaluation.evaluator][INFO] - evaluate dataset=time/current_velocity_h_part07 users=6 dates=2354 windows=24 removed_constant=0 L=504 H=168 stride=512
[2026-08-29 00:28:12,612][evaluation.evaluator][INFO] - artifacts ready run=/fslarge/scratch/users/h61084/codes/tsfm/outputs_selena/foundation_models/time-current_velocity_h_part07/504_168/ts_icl/none/raw/keep/run_0 mse=8.01222 nmse=1.65961 inference_seconds=1.270
2026-08-29 00:28:14 | configuration dataset=time/current_velocity_h_part08 L=336 H=48 model=chronos2 covariates=none instance_norm=false remove_constant=false seed=1 batch_size=64
[2026-08-29 00:28:16,927][data.dataset][INFO] - dataset config path=/fssmall/home/h61084/codes/datasets/time/current_velocity_h_part08/config.json applied_keys=['date_col', 'drop_users', 'target_cols']
[2026-08-29 00:28:16,948][evaluation.evaluator][INFO] - evaluate dataset=time/current_velocity_h_part08 users=6 dates=2208 windows=24 removed_constant=0 L=336 H=48 stride=512
[2026-08-29 00:28:22,463][evaluation.evaluator][INFO] - artifacts ready run=/fslarge/scratch/users/h61084/codes/tsfm/outputs_selena/foundation_models/time-current_velocity_h_part08/336_48/chronos2/none/raw/keep/run_0 mse=8.28163 nmse=0.848012 inference_seconds=0.194
2026-08-29 00:28:24 | configuration dataset=time/current_velocity_h_part08 L=336 H=48 model=chronos_bolt covariates=none instance_norm=false remove_constant=false seed=1 batch_size=128
[2026-08-29 00:28:26,961][data.dataset][INFO] - dataset config path=/fssmall/home/h61084/codes/datasets/time/current_velocity_h_part08/config.json applied_keys=['date_col', 'drop_users', 'target_cols']
[2026-08-29 00:28:26,980][evaluation.evaluator][INFO] - evaluate dataset=time/current_velocity_h_part08 users=6 dates=2208 windows=24 removed_constant=0 L=336 H=48 stride=512
[2026-08-29 00:28:32,756][evaluation.evaluator][INFO] - artifacts ready run=/fslarge/scratch/users/h61084/codes/tsfm/outputs_selena/foundation_models/time-current_velocity_h_part08/336_48/chronos_bolt/none/raw/keep/run_0 mse=7.99333 nmse=0.949029 inference_seconds=0.218
2026-08-29 00:28:34 | configuration dataset=time/current_velocity_h_part08 L=336 H=48 model=chronos_t5 covariates=none instance_norm=false remove_constant=false seed=1 batch_size=32
[2026-08-29 00:28:37,272][data.dataset][INFO] - dataset config path=/fssmall/home/h61084/codes/datasets/time/current_velocity_h_part08/config.json applied_keys=['date_col', 'drop_users', 'target_cols']
[2026-08-29 00:28:37,291][evaluation.evaluator][INFO] - evaluate dataset=time/current_velocity_h_part08 users=6 dates=2208 windows=24 removed_constant=0 L=336 H=48 stride=512
[2026-08-29 00:28:43,706][evaluation.evaluator][INFO] - artifacts ready run=/fslarge/scratch/users/h61084/codes/tsfm/outputs_selena/foundation_models/time-current_velocity_h_part08/336_48/chronos_t5/none/raw/keep/run_0 mse=9.45748 nmse=0.875639 inference_seconds=0.926
2026-08-29 00:28:45 | configuration dataset=time/current_velocity_h_part08 L=336 H=48 model=ts_icl covariates=none instance_norm=false remove_constant=false seed=1 batch_size=32
[2026-08-29 00:28:48,225][data.dataset][INFO] - dataset config path=/fssmall/home/h61084/codes/datasets/time/current_velocity_h_part08/config.json applied_keys=['date_col', 'drop_users', 'target_cols']
[2026-08-29 00:28:48,244][evaluation.evaluator][INFO] - evaluate dataset=time/current_velocity_h_part08 users=6 dates=2208 windows=24 removed_constant=0 L=336 H=48 stride=512
[2026-08-29 00:28:50,355][evaluation.evaluator][INFO] - artifacts ready run=/fslarge/scratch/users/h61084/codes/tsfm/outputs_selena/foundation_models/time-current_velocity_h_part08/336_48/ts_icl/none/raw/keep/run_0 mse=8.85708 nmse=0.770937 inference_seconds=1.259
2026-08-29 00:28:52 | configuration dataset=time/current_velocity_h_part08 L=504 H=168 model=chronos2 covariates=none instance_norm=false remove_constant=false seed=1 batch_size=64
[2026-08-29 00:28:54,657][data.dataset][INFO] - dataset config path=/fssmall/home/h61084/codes/datasets/time/current_velocity_h_part08/config.json applied_keys=['date_col', 'drop_users', 'target_cols']
[2026-08-29 00:28:54,677][evaluation.evaluator][INFO] - evaluate dataset=time/current_velocity_h_part08 users=6 dates=2208 windows=24 removed_constant=0 L=504 H=168 stride=512
[2026-08-29 00:29:00,257][evaluation.evaluator][INFO] - artifacts ready run=/fslarge/scratch/users/h61084/codes/tsfm/outputs_selena/foundation_models/time-current_velocity_h_part08/504_168/chronos2/none/raw/keep/run_0 mse=9.7379 nmse=1.05794 inference_seconds=0.196
2026-08-29 00:29:02 | configuration dataset=time/current_velocity_h_part08 L=504 H=168 model=chronos_bolt covariates=none instance_norm=false remove_constant=false seed=1 batch_size=128
[2026-08-29 00:29:04,765][data.dataset][INFO] - dataset config path=/fssmall/home/h61084/codes/datasets/time/current_velocity_h_part08/config.json applied_keys=['date_col', 'drop_users', 'target_cols']
[2026-08-29 00:29:04,784][evaluation.evaluator][INFO] - evaluate dataset=time/current_velocity_h_part08 users=6 dates=2208 windows=24 removed_constant=0 L=504 H=168 stride=512
[2026-08-29 00:29:10,690][evaluation.evaluator][INFO] - artifacts ready run=/fslarge/scratch/users/h61084/codes/tsfm/outputs_selena/foundation_models/time-current_velocity_h_part08/504_168/chronos_bolt/none/raw/keep/run_0 mse=8.15025 nmse=1.17109 inference_seconds=0.347
2026-08-29 00:29:12 | configuration dataset=time/current_velocity_h_part08 L=504 H=168 model=chronos_t5 covariates=none instance_norm=false remove_constant=false seed=1 batch_size=32
[2026-08-29 00:29:15,237][data.dataset][INFO] - dataset config path=/fssmall/home/h61084/codes/datasets/time/current_velocity_h_part08/config.json applied_keys=['date_col', 'drop_users', 'target_cols']
[2026-08-29 00:29:15,257][evaluation.evaluator][INFO] - evaluate dataset=time/current_velocity_h_part08 users=6 dates=2208 windows=24 removed_constant=0 L=504 H=168 stride=512
[2026-08-29 00:29:20,729][/fssmall/home/h61084/codes/tsfm/.venv/lib/python3.12/site-packages/chronos/chronos.py][WARNING] - We recommend keeping prediction length <= 64. The quality of longer predictions may degrade since the model is not optimized for it. 
[2026-08-29 00:29:23,807][evaluation.evaluator][INFO] - artifacts ready run=/fslarge/scratch/users/h61084/codes/tsfm/outputs_selena/foundation_models/time-current_velocity_h_part08/504_168/chronos_t5/none/raw/keep/run_0 mse=8.994 nmse=1.32326 inference_seconds=3.056
2026-08-29 00:29:25 | configuration dataset=time/current_velocity_h_part08 L=504 H=168 model=ts_icl covariates=none instance_norm=false remove_constant=false seed=1 batch_size=32
[2026-08-29 00:29:28,319][data.dataset][INFO] - dataset config path=/fssmall/home/h61084/codes/datasets/time/current_velocity_h_part08/config.json applied_keys=['date_col', 'drop_users', 'target_cols']
[2026-08-29 00:29:28,338][evaluation.evaluator][INFO] - evaluate dataset=time/current_velocity_h_part08 users=6 dates=2208 windows=24 removed_constant=0 L=504 H=168 stride=512
[2026-08-29 00:29:30,441][evaluation.evaluator][INFO] - artifacts ready run=/fslarge/scratch/users/h61084/codes/tsfm/outputs_selena/foundation_models/time-current_velocity_h_part08/504_168/ts_icl/none/raw/keep/run_0 mse=8.79366 nmse=0.955433 inference_seconds=1.257
2026-08-29 00:29:32 | configuration dataset=time/current_velocity_h_part09 L=336 H=48 model=chronos2 covariates=none instance_norm=false remove_constant=false seed=1 batch_size=64
[2026-08-29 00:29:34,795][data.dataset][INFO] - dataset config path=/fssmall/home/h61084/codes/datasets/time/current_velocity_h_part09/config.json applied_keys=['date_col', 'drop_users', 'target_cols']
[2026-08-29 00:29:34,818][evaluation.evaluator][INFO] - evaluate dataset=time/current_velocity_h_part09 users=6 dates=3737 windows=42 removed_constant=0 L=336 H=48 stride=512
[2026-08-29 00:29:40,553][evaluation.evaluator][INFO] - artifacts ready run=/fslarge/scratch/users/h61084/codes/tsfm/outputs_selena/foundation_models/time-current_velocity_h_part09/336_48/chronos2/none/raw/keep/run_0 mse=11.5113 nmse=0.871767 inference_seconds=0.196
2026-08-29 00:29:42 | configuration dataset=time/current_velocity_h_part09 L=336 H=48 model=chronos_bolt covariates=none instance_norm=false remove_constant=false seed=1 batch_size=128
[2026-08-29 00:29:45,049][data.dataset][INFO] - dataset config path=/fssmall/home/h61084/codes/datasets/time/current_velocity_h_part09/config.json applied_keys=['date_col', 'drop_users', 'target_cols']
[2026-08-29 00:29:45,071][evaluation.evaluator][INFO] - evaluate dataset=time/current_velocity_h_part09 users=6 dates=3737 windows=42 removed_constant=0 L=336 H=48 stride=512
[2026-08-29 00:29:50,753][evaluation.evaluator][INFO] - artifacts ready run=/fslarge/scratch/users/h61084/codes/tsfm/outputs_selena/foundation_models/time-current_velocity_h_part09/336_48/chronos_bolt/none/raw/keep/run_0 mse=12.9596 nmse=1.09538 inference_seconds=0.201
2026-08-29 00:29:52 | configuration dataset=time/current_velocity_h_part09 L=336 H=48 model=chronos_t5 covariates=none instance_norm=false remove_constant=false seed=1 batch_size=32
[2026-08-29 00:29:55,291][data.dataset][INFO] - dataset config path=/fssmall/home/h61084/codes/datasets/time/current_velocity_h_part09/config.json applied_keys=['date_col', 'drop_users', 'target_cols']
[2026-08-29 00:29:55,313][evaluation.evaluator][INFO] - evaluate dataset=time/current_velocity_h_part09 users=6 dates=3737 windows=42 removed_constant=0 L=336 H=48 stride=512
[2026-08-29 00:30:02,475][evaluation.evaluator][INFO] - artifacts ready run=/fslarge/scratch/users/h61084/codes/tsfm/outputs_selena/foundation_models/time-current_velocity_h_part09/336_48/chronos_t5/none/raw/keep/run_0 mse=14.9546 nmse=1.18404 inference_seconds=1.612
2026-08-29 00:30:04 | configuration dataset=time/current_velocity_h_part09 L=336 H=48 model=ts_icl covariates=none instance_norm=false remove_constant=false seed=1 batch_size=32
[2026-08-29 00:30:07,017][data.dataset][INFO] - dataset config path=/fssmall/home/h61084/codes/datasets/time/current_velocity_h_part09/config.json applied_keys=['date_col', 'drop_users', 'target_cols']
[2026-08-29 00:30:07,038][evaluation.evaluator][INFO] - evaluate dataset=time/current_velocity_h_part09 users=6 dates=3737 windows=42 removed_constant=0 L=336 H=48 stride=512
[2026-08-29 00:30:09,178][evaluation.evaluator][INFO] - artifacts ready run=/fslarge/scratch/users/h61084/codes/tsfm/outputs_selena/foundation_models/time-current_velocity_h_part09/336_48/ts_icl/none/raw/keep/run_0 mse=11.7606 nmse=0.89864 inference_seconds=1.298
2026-08-29 00:30:11 | configuration dataset=time/current_velocity_h_part09 L=504 H=168 model=chronos2 covariates=none instance_norm=false remove_constant=false seed=1 batch_size=64
[2026-08-29 00:30:13,541][data.dataset][INFO] - dataset config path=/fssmall/home/h61084/codes/datasets/time/current_velocity_h_part09/config.json applied_keys=['date_col', 'drop_users', 'target_cols']
[2026-08-29 00:30:13,580][evaluation.evaluator][INFO] - evaluate dataset=time/current_velocity_h_part09 users=6 dates=3737 windows=36 removed_constant=0 L=504 H=168 stride=512
[2026-08-29 00:30:19,613][evaluation.evaluator][INFO] - artifacts ready run=/fslarge/scratch/users/h61084/codes/tsfm/outputs_selena/foundation_models/time-current_velocity_h_part09/504_168/chronos2/none/raw/keep/run_0 mse=13.948 nmse=0.870372 inference_seconds=0.195
2026-08-29 00:30:21 | configuration dataset=time/current_velocity_h_part09 L=504 H=168 model=chronos_bolt covariates=none instance_norm=false remove_constant=false seed=1 batch_size=128
[2026-08-29 00:30:24,136][data.dataset][INFO] - dataset config path=/fssmall/home/h61084/codes/datasets/time/current_velocity_h_part09/config.json applied_keys=['date_col', 'drop_users', 'target_cols']
[2026-08-29 00:30:24,158][evaluation.evaluator][INFO] - evaluate dataset=time/current_velocity_h_part09 users=6 dates=3737 windows=36 removed_constant=0 L=504 H=168 stride=512
[2026-08-29 00:30:30,091][evaluation.evaluator][INFO] - artifacts ready run=/fslarge/scratch/users/h61084/codes/tsfm/outputs_selena/foundation_models/time-current_velocity_h_part09/504_168/chronos_bolt/none/raw/keep/run_0 mse=12.5864 nmse=1.05489 inference_seconds=0.416
2026-08-29 00:30:32 | configuration dataset=time/current_velocity_h_part09 L=504 H=168 model=chronos_t5 covariates=none instance_norm=false remove_constant=false seed=1 batch_size=32
[2026-08-29 00:30:34,623][data.dataset][INFO] - dataset config path=/fssmall/home/h61084/codes/datasets/time/current_velocity_h_part09/config.json applied_keys=['date_col', 'drop_users', 'target_cols']
[2026-08-29 00:30:34,644][evaluation.evaluator][INFO] - evaluate dataset=time/current_velocity_h_part09 users=6 dates=3737 windows=36 removed_constant=0 L=504 H=168 stride=512
[2026-08-29 00:30:40,123][/fssmall/home/h61084/codes/tsfm/.venv/lib/python3.12/site-packages/chronos/chronos.py][WARNING] - We recommend keeping prediction length <= 64. The quality of longer predictions may degrade since the model is not optimized for it. 
[2026-08-29 00:30:43,898][/fssmall/home/h61084/codes/tsfm/.venv/lib/python3.12/site-packages/chronos/chronos.py][WARNING] - We recommend keeping prediction length <= 64. The quality of longer predictions may degrade since the model is not optimized for it. 
[2026-08-29 00:30:45,716][evaluation.evaluator][INFO] - artifacts ready run=/fslarge/scratch/users/h61084/codes/tsfm/outputs_selena/foundation_models/time-current_velocity_h_part09/504_168/chronos_t5/none/raw/keep/run_0 mse=14.7159 nmse=1.33277 inference_seconds=5.572
2026-08-29 00:30:47 | configuration dataset=time/current_velocity_h_part09 L=504 H=168 model=ts_icl covariates=none instance_norm=false remove_constant=false seed=1 batch_size=32
[2026-08-29 00:30:50,252][data.dataset][INFO] - dataset config path=/fssmall/home/h61084/codes/datasets/time/current_velocity_h_part09/config.json applied_keys=['date_col', 'drop_users', 'target_cols']
[2026-08-29 00:30:50,272][evaluation.evaluator][INFO] - evaluate dataset=time/current_velocity_h_part09 users=6 dates=3737 windows=36 removed_constant=0 L=504 H=168 stride=512
[2026-08-29 00:30:52,402][evaluation.evaluator][INFO] - artifacts ready run=/fslarge/scratch/users/h61084/codes/tsfm/outputs_selena/foundation_models/time-current_velocity_h_part09/504_168/ts_icl/none/raw/keep/run_0 mse=10.8873 nmse=0.822032 inference_seconds=1.294
2026-08-29 00:30:54 | configuration dataset=time/current_velocity_h_part10 L=336 H=48 model=chronos2 covariates=none instance_norm=false remove_constant=false seed=1 batch_size=64
[2026-08-29 00:30:56,772][data.dataset][INFO] - dataset config path=/fssmall/home/h61084/codes/datasets/time/current_velocity_h_part10/config.json applied_keys=['date_col', 'drop_users', 'target_cols']
[2026-08-29 00:30:56,796][evaluation.evaluator][INFO] - evaluate dataset=time/current_velocity_h_part10 users=6 dates=3635 windows=42 removed_constant=0 L=336 H=48 stride=512
[2026-08-29 00:31:02,367][evaluation.evaluator][INFO] - artifacts ready run=/fslarge/scratch/users/h61084/codes/tsfm/outputs_selena/foundation_models/time-current_velocity_h_part10/336_48/chronos2/none/raw/keep/run_0 mse=10.4745 nmse=0.581249 inference_seconds=0.194
2026-08-29 00:31:04 | configuration dataset=time/current_velocity_h_part10 L=336 H=48 model=chronos_bolt covariates=none instance_norm=false remove_constant=false seed=1 batch_size=128
[2026-08-29 00:31:06,899][data.dataset][INFO] - dataset config path=/fssmall/home/h61084/codes/datasets/time/current_velocity_h_part10/config.json applied_keys=['date_col', 'drop_users', 'target_cols']
[2026-08-29 00:31:06,920][evaluation.evaluator][INFO] - evaluate dataset=time/current_velocity_h_part10 users=6 dates=3635 windows=42 removed_constant=0 L=336 H=48 stride=512
[2026-08-29 00:31:12,635][evaluation.evaluator][INFO] - artifacts ready run=/fslarge/scratch/users/h61084/codes/tsfm/outputs_selena/foundation_models/time-current_velocity_h_part10/336_48/chronos_bolt/none/raw/keep/run_0 mse=11.824 nmse=0.733069 inference_seconds=0.195
2026-08-29 00:31:14 | configuration dataset=time/current_velocity_h_part10 L=336 H=48 model=chronos_t5 covariates=none instance_norm=false remove_constant=false seed=1 batch_size=32
[2026-08-29 00:31:17,165][data.dataset][INFO] - dataset config path=/fssmall/home/h61084/codes/datasets/time/current_velocity_h_part10/config.json applied_keys=['date_col', 'drop_users', 'target_cols']
[2026-08-29 00:31:17,186][evaluation.evaluator][INFO] - evaluate dataset=time/current_velocity_h_part10 users=6 dates=3635 windows=42 removed_constant=0 L=336 H=48 stride=512
[2026-08-29 00:31:24,308][evaluation.evaluator][INFO] - artifacts ready run=/fslarge/scratch/users/h61084/codes/tsfm/outputs_selena/foundation_models/time-current_velocity_h_part10/336_48/chronos_t5/none/raw/keep/run_0 mse=12.2628 nmse=0.902523 inference_seconds=1.598
2026-08-29 00:31:26 | configuration dataset=time/current_velocity_h_part10 L=336 H=48 model=ts_icl covariates=none instance_norm=false remove_constant=false seed=1 batch_size=32
[2026-08-29 00:31:28,882][data.dataset][INFO] - dataset config path=/fssmall/home/h61084/codes/datasets/time/current_velocity_h_part10/config.json applied_keys=['date_col', 'drop_users', 'target_cols']
[2026-08-29 00:31:28,904][evaluation.evaluator][INFO] - evaluate dataset=time/current_velocity_h_part10 users=6 dates=3635 windows=42 removed_constant=0 L=336 H=48 stride=512
[2026-08-29 00:31:31,060][evaluation.evaluator][INFO] - artifacts ready run=/fslarge/scratch/users/h61084/codes/tsfm/outputs_selena/foundation_models/time-current_velocity_h_part10/336_48/ts_icl/none/raw/keep/run_0 mse=10.9531 nmse=0.62818 inference_seconds=1.309
2026-08-29 00:31:32 | configuration dataset=time/current_velocity_h_part10 L=504 H=168 model=chronos2 covariates=none instance_norm=false remove_constant=false seed=1 batch_size=64
[2026-08-29 00:31:35,434][data.dataset][INFO] - dataset config path=/fssmall/home/h61084/codes/datasets/time/current_velocity_h_part10/config.json applied_keys=['date_col', 'drop_users', 'target_cols']
[2026-08-29 00:31:35,456][evaluation.evaluator][INFO] - evaluate dataset=time/current_velocity_h_part10 users=6 dates=3635 windows=36 removed_constant=0 L=504 H=168 stride=512
[2026-08-29 00:31:41,014][evaluation.evaluator][INFO] - artifacts ready run=/fslarge/scratch/users/h61084/codes/tsfm/outputs_selena/foundation_models/time-current_velocity_h_part10/504_168/chronos2/none/raw/keep/run_0 mse=13.9814 nmse=1.37478 inference_seconds=0.195
2026-08-29 00:31:43 | configuration dataset=time/current_velocity_h_part10 L=504 H=168 model=chronos_bolt covariates=none instance_norm=false remove_constant=false seed=1 batch_size=128
[2026-08-29 00:31:45,535][data.dataset][INFO] - dataset config path=/fssmall/home/h61084/codes/datasets/time/current_velocity_h_part10/config.json applied_keys=['date_col', 'drop_users', 'target_cols']
[2026-08-29 00:31:45,556][evaluation.evaluator][INFO] - evaluate dataset=time/current_velocity_h_part10 users=6 dates=3635 windows=36 removed_constant=0 L=504 H=168 stride=512
[2026-08-29 00:31:52,472][evaluation.evaluator][INFO] - artifacts ready run=/fslarge/scratch/users/h61084/codes/tsfm/outputs_selena/foundation_models/time-current_velocity_h_part10/504_168/chronos_bolt/none/raw/keep/run_0 mse=12.699 nmse=1.57406 inference_seconds=0.415
2026-08-29 00:31:54 | configuration dataset=time/current_velocity_h_part10 L=504 H=168 model=chronos_t5 covariates=none instance_norm=false remove_constant=false seed=1 batch_size=32
[2026-08-29 00:31:57,026][data.dataset][INFO] - dataset config path=/fssmall/home/h61084/codes/datasets/time/current_velocity_h_part10/config.json applied_keys=['date_col', 'drop_users', 'target_cols']
[2026-08-29 00:31:57,047][evaluation.evaluator][INFO] - evaluate dataset=time/current_velocity_h_part10 users=6 dates=3635 windows=36 removed_constant=0 L=504 H=168 stride=512
[2026-08-29 00:32:02,537][/fssmall/home/h61084/codes/tsfm/.venv/lib/python3.12/site-packages/chronos/chronos.py][WARNING] - We recommend keeping prediction length <= 64. The quality of longer predictions may degrade since the model is not optimized for it. 
[2026-08-29 00:32:06,323][/fssmall/home/h61084/codes/tsfm/.venv/lib/python3.12/site-packages/chronos/chronos.py][WARNING] - We recommend keeping prediction length <= 64. The quality of longer predictions may degrade since the model is not optimized for it. 
[2026-08-29 00:32:08,135][evaluation.evaluator][INFO] - artifacts ready run=/fslarge/scratch/users/h61084/codes/tsfm/outputs_selena/foundation_models/time-current_velocity_h_part10/504_168/chronos_t5/none/raw/keep/run_0 mse=16.6827 nmse=1.50324 inference_seconds=5.576
2026-08-29 00:32:10 | configuration dataset=time/current_velocity_h_part10 L=504 H=168 model=ts_icl covariates=none instance_norm=false remove_constant=false seed=1 batch_size=32
[2026-08-29 00:32:12,681][data.dataset][INFO] - dataset config path=/fssmall/home/h61084/codes/datasets/time/current_velocity_h_part10/config.json applied_keys=['date_col', 'drop_users', 'target_cols']
[2026-08-29 00:32:12,702][evaluation.evaluator][INFO] - evaluate dataset=time/current_velocity_h_part10 users=6 dates=3635 windows=36 removed_constant=0 L=504 H=168 stride=512
[2026-08-29 00:32:14,937][evaluation.evaluator][INFO] - artifacts ready run=/fslarge/scratch/users/h61084/codes/tsfm/outputs_selena/foundation_models/time-current_velocity_h_part10/504_168/ts_icl/none/raw/keep/run_0 mse=13.8588 nmse=1.26465 inference_seconds=1.370
2026-08-29 00:32:16 | configuration dataset=time/current_velocity_h_part11 L=336 H=48 model=chronos2 covariates=none instance_norm=false remove_constant=false seed=1 batch_size=64
[2026-08-29 00:32:19,295][data.dataset][INFO] - dataset config path=/fssmall/home/h61084/codes/datasets/time/current_velocity_h_part11/config.json applied_keys=['date_col', 'drop_users', 'target_cols']
[2026-08-29 00:32:19,319][evaluation.evaluator][INFO] - evaluate dataset=time/current_velocity_h_part11 users=6 dates=3607 windows=42 removed_constant=0 L=336 H=48 stride=512
[2026-08-29 00:32:24,855][evaluation.evaluator][INFO] - artifacts ready run=/fslarge/scratch/users/h61084/codes/tsfm/outputs_selena/foundation_models/time-current_velocity_h_part11/336_48/chronos2/none/raw/keep/run_0 mse=10.5378 nmse=0.506749 inference_seconds=0.195
2026-08-29 00:32:26 | configuration dataset=time/current_velocity_h_part11 L=336 H=48 model=chronos_bolt covariates=none instance_norm=false remove_constant=false seed=1 batch_size=128
[2026-08-29 00:32:29,393][data.dataset][INFO] - dataset config path=/fssmall/home/h61084/codes/datasets/time/current_velocity_h_part11/config.json applied_keys=['date_col', 'drop_users', 'target_cols']
[2026-08-29 00:32:29,415][evaluation.evaluator][INFO] - evaluate dataset=time/current_velocity_h_part11 users=6 dates=3607 windows=42 removed_constant=0 L=336 H=48 stride=512
[2026-08-29 00:32:35,123][evaluation.evaluator][INFO] - artifacts ready run=/fslarge/scratch/users/h61084/codes/tsfm/outputs_selena/foundation_models/time-current_velocity_h_part11/336_48/chronos_bolt/none/raw/keep/run_0 mse=10.5452 nmse=0.692359 inference_seconds=0.192
2026-08-29 00:32:37 | configuration dataset=time/current_velocity_h_part11 L=336 H=48 model=chronos_t5 covariates=none instance_norm=false remove_constant=false seed=1 batch_size=32
[2026-08-29 00:32:39,642][data.dataset][INFO] - dataset config path=/fssmall/home/h61084/codes/datasets/time/current_velocity_h_part11/config.json applied_keys=['date_col', 'drop_users', 'target_cols']
[2026-08-29 00:32:39,663][evaluation.evaluator][INFO] - evaluate dataset=time/current_velocity_h_part11 users=6 dates=3607 windows=42 removed_constant=0 L=336 H=48 stride=512
[2026-08-29 00:32:46,800][evaluation.evaluator][INFO] - artifacts ready run=/fslarge/scratch/users/h61084/codes/tsfm/outputs_selena/foundation_models/time-current_velocity_h_part11/336_48/chronos_t5/none/raw/keep/run_0 mse=11.9557 nmse=0.615461 inference_seconds=1.598
2026-08-29 00:32:48 | configuration dataset=time/current_velocity_h_part11 L=336 H=48 model=ts_icl covariates=none instance_norm=false remove_constant=false seed=1 batch_size=32
[2026-08-29 00:32:51,406][data.dataset][INFO] - dataset config path=/fssmall/home/h61084/codes/datasets/time/current_velocity_h_part11/config.json applied_keys=['date_col', 'drop_users', 'target_cols']
[2026-08-29 00:32:51,427][evaluation.evaluator][INFO] - evaluate dataset=time/current_velocity_h_part11 users=6 dates=3607 windows=42 removed_constant=0 L=336 H=48 stride=512
[2026-08-29 00:32:53,543][evaluation.evaluator][INFO] - artifacts ready run=/fslarge/scratch/users/h61084/codes/tsfm/outputs_selena/foundation_models/time-current_velocity_h_part11/336_48/ts_icl/none/raw/keep/run_0 mse=10.1145 nmse=0.509657 inference_seconds=1.277
2026-08-29 00:32:55 | configuration dataset=time/current_velocity_h_part11 L=504 H=168 model=chronos2 covariates=none instance_norm=false remove_constant=false seed=1 batch_size=64
[2026-08-29 00:32:57,962][data.dataset][INFO] - dataset config path=/fssmall/home/h61084/codes/datasets/time/current_velocity_h_part11/config.json applied_keys=['date_col', 'drop_users', 'target_cols']
[2026-08-29 00:32:57,984][evaluation.evaluator][INFO] - evaluate dataset=time/current_velocity_h_part11 users=6 dates=3607 windows=36 removed_constant=0 L=504 H=168 stride=512
[2026-08-29 00:33:03,486][evaluation.evaluator][INFO] - artifacts ready run=/fslarge/scratch/users/h61084/codes/tsfm/outputs_selena/foundation_models/time-current_velocity_h_part11/504_168/chronos2/none/raw/keep/run_0 mse=16.427 nmse=0.660787 inference_seconds=0.194
2026-08-29 00:33:05 | configuration dataset=time/current_velocity_h_part11 L=504 H=168 model=chronos_bolt covariates=none instance_norm=false remove_constant=false seed=1 batch_size=128
[2026-08-29 00:33:08,051][data.dataset][INFO] - dataset config path=/fssmall/home/h61084/codes/datasets/time/current_velocity_h_part11/config.json applied_keys=['date_col', 'drop_users', 'target_cols']
[2026-08-29 00:33:08,073][evaluation.evaluator][INFO] - evaluate dataset=time/current_velocity_h_part11 users=6 dates=3607 windows=36 removed_constant=0 L=504 H=168 stride=512
[2026-08-29 00:33:14,002][evaluation.evaluator][INFO] - artifacts ready run=/fslarge/scratch/users/h61084/codes/tsfm/outputs_selena/foundation_models/time-current_velocity_h_part11/504_168/chronos_bolt/none/raw/keep/run_0 mse=18.5078 nmse=1.19549 inference_seconds=0.412
2026-08-29 00:33:16 | configuration dataset=time/current_velocity_h_part11 L=504 H=168 model=chronos_t5 covariates=none instance_norm=false remove_constant=false seed=1 batch_size=32
[2026-08-29 00:33:18,508][data.dataset][INFO] - dataset config path=/fssmall/home/h61084/codes/datasets/time/current_velocity_h_part11/config.json applied_keys=['date_col', 'drop_users', 'target_cols']
[2026-08-29 00:33:18,529][evaluation.evaluator][INFO] - evaluate dataset=time/current_velocity_h_part11 users=6 dates=3607 windows=36 removed_constant=0 L=504 H=168 stride=512
[2026-08-29 00:33:24,000][/fssmall/home/h61084/codes/tsfm/.venv/lib/python3.12/site-packages/chronos/chronos.py][WARNING] - We recommend keeping prediction length <= 64. The quality of longer predictions may degrade since the model is not optimized for it. 
[2026-08-29 00:33:27,809][/fssmall/home/h61084/codes/tsfm/.venv/lib/python3.12/site-packages/chronos/chronos.py][WARNING] - We recommend keeping prediction length <= 64. The quality of longer predictions may degrade since the model is not optimized for it. 
[2026-08-29 00:33:29,599][evaluation.evaluator][INFO] - artifacts ready run=/fslarge/scratch/users/h61084/codes/tsfm/outputs_selena/foundation_models/time-current_velocity_h_part11/504_168/chronos_t5/none/raw/keep/run_0 mse=19.312 nmse=1.02585 inference_seconds=5.577
2026-08-29 00:33:31 | configuration dataset=time/current_velocity_h_part11 L=504 H=168 model=ts_icl covariates=none instance_norm=false remove_constant=false seed=1 batch_size=32
[2026-08-29 00:33:34,212][data.dataset][INFO] - dataset config path=/fssmall/home/h61084/codes/datasets/time/current_velocity_h_part11/config.json applied_keys=['date_col', 'drop_users', 'target_cols']
[2026-08-29 00:33:34,234][evaluation.evaluator][INFO] - evaluate dataset=time/current_velocity_h_part11 users=6 dates=3607 windows=36 removed_constant=0 L=504 H=168 stride=512
[2026-08-29 00:33:36,435][evaluation.evaluator][INFO] - artifacts ready run=/fslarge/scratch/users/h61084/codes/tsfm/outputs_selena/foundation_models/time-current_velocity_h_part11/504_168/ts_icl/none/raw/keep/run_0 mse=16.6185 nmse=0.697114 inference_seconds=1.346
2026-08-29 00:33:38 | configuration dataset=time/current_velocity_h_part12 L=336 H=48 model=chronos2 covariates=none instance_norm=false remove_constant=false seed=1 batch_size=64
[2026-08-29 00:33:40,864][data.dataset][INFO] - dataset config path=/fssmall/home/h61084/codes/datasets/time/current_velocity_h_part12/config.json applied_keys=['date_col', 'drop_users', 'target_cols']
[2026-08-29 00:33:40,886][evaluation.evaluator][INFO] - evaluate dataset=time/current_velocity_h_part12 users=6 dates=2447 windows=30 removed_constant=0 L=336 H=48 stride=512
[2026-08-29 00:33:46,429][evaluation.evaluator][INFO] - artifacts ready run=/fslarge/scratch/users/h61084/codes/tsfm/outputs_selena/foundation_models/time-current_velocity_h_part12/336_48/chronos2/none/raw/keep/run_0 mse=9.40824 nmse=0.63459 inference_seconds=0.191
2026-08-29 00:33:48 | configuration dataset=time/current_velocity_h_part12 L=336 H=48 model=chronos_bolt covariates=none instance_norm=false remove_constant=false seed=1 batch_size=128
[2026-08-29 00:33:50,990][data.dataset][INFO] - dataset config path=/fssmall/home/h61084/codes/datasets/time/current_velocity_h_part12/config.json applied_keys=['date_col', 'drop_users', 'target_cols']
[2026-08-29 00:33:51,010][evaluation.evaluator][INFO] - evaluate dataset=time/current_velocity_h_part12 users=6 dates=2447 windows=30 removed_constant=0 L=336 H=48 stride=512
[2026-08-29 00:33:56,685][evaluation.evaluator][INFO] - artifacts ready run=/fslarge/scratch/users/h61084/codes/tsfm/outputs_selena/foundation_models/time-current_velocity_h_part12/336_48/chronos_bolt/none/raw/keep/run_0 mse=8.65164 nmse=0.935153 inference_seconds=0.202
2026-08-29 00:33:58 | configuration dataset=time/current_velocity_h_part12 L=336 H=48 model=chronos_t5 covariates=none instance_norm=false remove_constant=false seed=1 batch_size=32
[2026-08-29 00:34:01,271][data.dataset][INFO] - dataset config path=/fssmall/home/h61084/codes/datasets/time/current_velocity_h_part12/config.json applied_keys=['date_col', 'drop_users', 'target_cols']
[2026-08-29 00:34:01,292][evaluation.evaluator][INFO] - evaluate dataset=time/current_velocity_h_part12 users=6 dates=2447 windows=30 removed_constant=0 L=336 H=48 stride=512
[2026-08-29 00:34:07,833][evaluation.evaluator][INFO] - artifacts ready run=/fslarge/scratch/users/h61084/codes/tsfm/outputs_selena/foundation_models/time-current_velocity_h_part12/336_48/chronos_t5/none/raw/keep/run_0 mse=11.0487 nmse=0.75496 inference_seconds=1.049
2026-08-29 00:34:09 | configuration dataset=time/current_velocity_h_part12 L=336 H=48 model=ts_icl covariates=none instance_norm=false remove_constant=false seed=1 batch_size=32
[2026-08-29 00:34:12,438][data.dataset][INFO] - dataset config path=/fssmall/home/h61084/codes/datasets/time/current_velocity_h_part12/config.json applied_keys=['date_col', 'drop_users', 'target_cols']
[2026-08-29 00:34:12,459][evaluation.evaluator][INFO] - evaluate dataset=time/current_velocity_h_part12 users=6 dates=2447 windows=30 removed_constant=0 L=336 H=48 stride=512
[2026-08-29 00:34:14,557][evaluation.evaluator][INFO] - artifacts ready run=/fslarge/scratch/users/h61084/codes/tsfm/outputs_selena/foundation_models/time-current_velocity_h_part12/336_48/ts_icl/none/raw/keep/run_0 mse=9.58211 nmse=0.673556 inference_seconds=1.253
2026-08-29 00:34:16 | configuration dataset=time/current_velocity_h_part12 L=504 H=168 model=chronos2 covariates=none instance_norm=false remove_constant=false seed=1 batch_size=64
[2026-08-29 00:34:18,972][data.dataset][INFO] - dataset config path=/fssmall/home/h61084/codes/datasets/time/current_velocity_h_part12/config.json applied_keys=['date_col', 'drop_users', 'target_cols']
[2026-08-29 00:34:18,993][evaluation.evaluator][INFO] - evaluate dataset=time/current_velocity_h_part12 users=6 dates=2447 windows=24 removed_constant=0 L=504 H=168 stride=512
[2026-08-29 00:34:24,506][evaluation.evaluator][INFO] - artifacts ready run=/fslarge/scratch/users/h61084/codes/tsfm/outputs_selena/foundation_models/time-current_velocity_h_part12/504_168/chronos2/none/raw/keep/run_0 mse=11.9283 nmse=0.694545 inference_seconds=0.192
2026-08-29 00:34:26 | configuration dataset=time/current_velocity_h_part12 L=504 H=168 model=chronos_bolt covariates=none instance_norm=false remove_constant=false seed=1 batch_size=128
[2026-08-29 00:34:29,077][data.dataset][INFO] - dataset config path=/fssmall/home/h61084/codes/datasets/time/current_velocity_h_part12/config.json applied_keys=['date_col', 'drop_users', 'target_cols']
[2026-08-29 00:34:29,096][evaluation.evaluator][INFO] - evaluate dataset=time/current_velocity_h_part12 users=6 dates=2447 windows=24 removed_constant=0 L=504 H=168 stride=512
[2026-08-29 00:34:35,010][evaluation.evaluator][INFO] - artifacts ready run=/fslarge/scratch/users/h61084/codes/tsfm/outputs_selena/foundation_models/time-current_velocity_h_part12/504_168/chronos_bolt/none/raw/keep/run_0 mse=11.5288 nmse=1.16423 inference_seconds=0.346
2026-08-29 00:34:37 | configuration dataset=time/current_velocity_h_part12 L=504 H=168 model=chronos_t5 covariates=none instance_norm=false remove_constant=false seed=1 batch_size=32
[2026-08-29 00:34:39,586][data.dataset][INFO] - dataset config path=/fssmall/home/h61084/codes/datasets/time/current_velocity_h_part12/config.json applied_keys=['date_col', 'drop_users', 'target_cols']
[2026-08-29 00:34:39,606][evaluation.evaluator][INFO] - evaluate dataset=time/current_velocity_h_part12 users=6 dates=2447 windows=24 removed_constant=0 L=504 H=168 stride=512
[2026-08-29 00:34:45,097][/fssmall/home/h61084/codes/tsfm/.venv/lib/python3.12/site-packages/chronos/chronos.py][WARNING] - We recommend keeping prediction length <= 64. The quality of longer predictions may degrade since the model is not optimized for it. 
[2026-08-29 00:34:48,188][evaluation.evaluator][INFO] - artifacts ready run=/fslarge/scratch/users/h61084/codes/tsfm/outputs_selena/foundation_models/time-current_velocity_h_part12/504_168/chronos_t5/none/raw/keep/run_0 mse=8.63829 nmse=0.9759 inference_seconds=3.071
2026-08-29 00:34:50 | configuration dataset=time/current_velocity_h_part12 L=504 H=168 model=ts_icl covariates=none instance_norm=false remove_constant=false seed=1 batch_size=32
[2026-08-29 00:34:52,769][data.dataset][INFO] - dataset config path=/fssmall/home/h61084/codes/datasets/time/current_velocity_h_part12/config.json applied_keys=['date_col', 'drop_users', 'target_cols']
[2026-08-29 00:34:52,790][evaluation.evaluator][INFO] - evaluate dataset=time/current_velocity_h_part12 users=6 dates=2447 windows=24 removed_constant=0 L=504 H=168 stride=512
[2026-08-29 00:34:54,933][evaluation.evaluator][INFO] - artifacts ready run=/fslarge/scratch/users/h61084/codes/tsfm/outputs_selena/foundation_models/time-current_velocity_h_part12/504_168/ts_icl/none/raw/keep/run_0 mse=9.21466 nmse=0.679967 inference_seconds=1.301
2026-08-29 00:34:56 | configuration dataset=time/current_velocity_h_part13 L=336 H=48 model=chronos2 covariates=none instance_norm=false remove_constant=false seed=1 batch_size=64
[2026-08-29 00:34:59,358][data.dataset][INFO] - dataset config path=/fssmall/home/h61084/codes/datasets/time/current_velocity_h_part13/config.json applied_keys=['date_col', 'drop_users', 'target_cols']
[2026-08-29 00:34:59,381][evaluation.evaluator][INFO] - evaluate dataset=time/current_velocity_h_part13 users=6 dates=3263 windows=36 removed_constant=0 L=336 H=48 stride=512
[2026-08-29 00:35:04,957][evaluation.evaluator][INFO] - artifacts ready run=/fslarge/scratch/users/h61084/codes/tsfm/outputs_selena/foundation_models/time-current_velocity_h_part13/336_48/chronos2/none/raw/keep/run_0 mse=6.3559 nmse=0.783867 inference_seconds=0.196
2026-08-29 00:35:07 | configuration dataset=time/current_velocity_h_part13 L=336 H=48 model=chronos_bolt covariates=none instance_norm=false remove_constant=false seed=1 batch_size=128
[2026-08-29 00:35:09,550][data.dataset][INFO] - dataset config path=/fssmall/home/h61084/codes/datasets/time/current_velocity_h_part13/config.json applied_keys=['date_col', 'drop_users', 'target_cols']
[2026-08-29 00:35:09,571][evaluation.evaluator][INFO] - evaluate dataset=time/current_velocity_h_part13 users=6 dates=3263 windows=36 removed_constant=0 L=336 H=48 stride=512
[2026-08-29 00:35:15,279][evaluation.evaluator][INFO] - artifacts ready run=/fslarge/scratch/users/h61084/codes/tsfm/outputs_selena/foundation_models/time-current_velocity_h_part13/336_48/chronos_bolt/none/raw/keep/run_0 mse=6.69595 nmse=1.02974 inference_seconds=0.202
2026-08-29 00:35:17 | configuration dataset=time/current_velocity_h_part13 L=336 H=48 model=chronos_t5 covariates=none instance_norm=false remove_constant=false seed=1 batch_size=32
[2026-08-29 00:35:19,853][data.dataset][INFO] - dataset config path=/fssmall/home/h61084/codes/datasets/time/current_velocity_h_part13/config.json applied_keys=['date_col', 'drop_users', 'target_cols']
[2026-08-29 00:35:19,874][evaluation.evaluator][INFO] - evaluate dataset=time/current_velocity_h_part13 users=6 dates=3263 windows=36 removed_constant=0 L=336 H=48 stride=512
[2026-08-29 00:35:26,985][evaluation.evaluator][INFO] - artifacts ready run=/fslarge/scratch/users/h61084/codes/tsfm/outputs_selena/foundation_models/time-current_velocity_h_part13/336_48/chronos_t5/none/raw/keep/run_0 mse=8.08872 nmse=1.14851 inference_seconds=1.607
2026-08-29 00:35:29 | configuration dataset=time/current_velocity_h_part13 L=336 H=48 model=ts_icl covariates=none instance_norm=false remove_constant=false seed=1 batch_size=32
[2026-08-29 00:35:31,589][data.dataset][INFO] - dataset config path=/fssmall/home/h61084/codes/datasets/time/current_velocity_h_part13/config.json applied_keys=['date_col', 'drop_users', 'target_cols']
[2026-08-29 00:35:31,610][evaluation.evaluator][INFO] - evaluate dataset=time/current_velocity_h_part13 users=6 dates=3263 windows=36 removed_constant=0 L=336 H=48 stride=512
[2026-08-29 00:35:33,737][evaluation.evaluator][INFO] - artifacts ready run=/fslarge/scratch/users/h61084/codes/tsfm/outputs_selena/foundation_models/time-current_velocity_h_part13/336_48/ts_icl/none/raw/keep/run_0 mse=7.23749 nmse=0.915487 inference_seconds=1.286
2026-08-29 00:35:35 | configuration dataset=time/current_velocity_h_part13 L=504 H=168 model=chronos2 covariates=none instance_norm=false remove_constant=false seed=1 batch_size=64
[2026-08-29 00:35:38,149][data.dataset][INFO] - dataset config path=/fssmall/home/h61084/codes/datasets/time/current_velocity_h_part13/config.json applied_keys=['date_col', 'drop_users', 'target_cols']
[2026-08-29 00:35:38,170][evaluation.evaluator][INFO] - evaluate dataset=time/current_velocity_h_part13 users=6 dates=3263 windows=36 removed_constant=0 L=504 H=168 stride=512
[2026-08-29 00:35:43,806][evaluation.evaluator][INFO] - artifacts ready run=/fslarge/scratch/users/h61084/codes/tsfm/outputs_selena/foundation_models/time-current_velocity_h_part13/504_168/chronos2/none/raw/keep/run_0 mse=5.3717 nmse=1.06086 inference_seconds=0.197
2026-08-29 00:35:45 | configuration dataset=time/current_velocity_h_part13 L=504 H=168 model=chronos_bolt covariates=none instance_norm=false remove_constant=false seed=1 batch_size=128
[2026-08-29 00:35:48,415][data.dataset][INFO] - dataset config path=/fssmall/home/h61084/codes/datasets/time/current_velocity_h_part13/config.json applied_keys=['date_col', 'drop_users', 'target_cols']
[2026-08-29 00:35:48,436][evaluation.evaluator][INFO] - evaluate dataset=time/current_velocity_h_part13 users=6 dates=3263 windows=36 removed_constant=0 L=504 H=168 stride=512
[2026-08-29 00:35:54,424][evaluation.evaluator][INFO] - artifacts ready run=/fslarge/scratch/users/h61084/codes/tsfm/outputs_selena/foundation_models/time-current_velocity_h_part13/504_168/chronos_bolt/none/raw/keep/run_0 mse=6.06176 nmse=1.28833 inference_seconds=0.415
2026-08-29 00:35:56 | configuration dataset=time/current_velocity_h_part13 L=504 H=168 model=chronos_t5 covariates=none instance_norm=false remove_constant=false seed=1 batch_size=32
[2026-08-29 00:35:59,010][data.dataset][INFO] - dataset config path=/fssmall/home/h61084/codes/datasets/time/current_velocity_h_part13/config.json applied_keys=['date_col', 'drop_users', 'target_cols']
[2026-08-29 00:35:59,031][evaluation.evaluator][INFO] - evaluate dataset=time/current_velocity_h_part13 users=6 dates=3263 windows=36 removed_constant=0 L=504 H=168 stride=512
[2026-08-29 00:36:04,540][/fssmall/home/h61084/codes/tsfm/.venv/lib/python3.12/site-packages/chronos/chronos.py][WARNING] - We recommend keeping prediction length <= 64. The quality of longer predictions may degrade since the model is not optimized for it. 
[2026-08-29 00:36:08,316][/fssmall/home/h61084/codes/tsfm/.venv/lib/python3.12/site-packages/chronos/chronos.py][WARNING] - We recommend keeping prediction length <= 64. The quality of longer predictions may degrade since the model is not optimized for it. 
[2026-08-29 00:36:10,098][evaluation.evaluator][INFO] - artifacts ready run=/fslarge/scratch/users/h61084/codes/tsfm/outputs_selena/foundation_models/time-current_velocity_h_part13/504_168/chronos_t5/none/raw/keep/run_0 mse=4.81151 nmse=1.22733 inference_seconds=5.537
2026-08-29 00:36:12 | configuration dataset=time/current_velocity_h_part13 L=504 H=168 model=ts_icl covariates=none instance_norm=false remove_constant=false seed=1 batch_size=32
[2026-08-29 00:36:14,786][data.dataset][INFO] - dataset config path=/fssmall/home/h61084/codes/datasets/time/current_velocity_h_part13/config.json applied_keys=['date_col', 'drop_users', 'target_cols']
[2026-08-29 00:36:14,808][evaluation.evaluator][INFO] - evaluate dataset=time/current_velocity_h_part13 users=6 dates=3263 windows=36 removed_constant=0 L=504 H=168 stride=512
[2026-08-29 00:36:16,951][evaluation.evaluator][INFO] - artifacts ready run=/fslarge/scratch/users/h61084/codes/tsfm/outputs_selena/foundation_models/time-current_velocity_h_part13/504_168/ts_icl/none/raw/keep/run_0 mse=6.76853 nmse=0.987849 inference_seconds=1.293
2026-08-29 00:36:18 | configuration dataset=time/current_velocity_h_part14 L=336 H=48 model=chronos2 covariates=none instance_norm=false remove_constant=false seed=1 batch_size=64
[2026-08-29 00:36:21,426][data.dataset][INFO] - dataset config path=/fssmall/home/h61084/codes/datasets/time/current_velocity_h_part14/config.json applied_keys=['date_col', 'drop_users', 'target_cols']
[2026-08-29 00:36:21,447][evaluation.evaluator][INFO] - evaluate dataset=time/current_velocity_h_part14 users=6 dates=2455 windows=30 removed_constant=0 L=336 H=48 stride=512
[2026-08-29 00:36:26,971][evaluation.evaluator][INFO] - artifacts ready run=/fslarge/scratch/users/h61084/codes/tsfm/outputs_selena/foundation_models/time-current_velocity_h_part14/336_48/chronos2/none/raw/keep/run_0 mse=16.9299 nmse=0.973111 inference_seconds=0.194
2026-08-29 00:36:29 | configuration dataset=time/current_velocity_h_part14 L=336 H=48 model=chronos_bolt covariates=none instance_norm=false remove_constant=false seed=1 batch_size=128
[2026-08-29 00:36:31,578][data.dataset][INFO] - dataset config path=/fssmall/home/h61084/codes/datasets/time/current_velocity_h_part14/config.json applied_keys=['date_col', 'drop_users', 'target_cols']
[2026-08-29 00:36:31,598][evaluation.evaluator][INFO] - evaluate dataset=time/current_velocity_h_part14 users=6 dates=2455 windows=30 removed_constant=0 L=336 H=48 stride=512
[2026-08-29 00:36:37,314][evaluation.evaluator][INFO] - artifacts ready run=/fslarge/scratch/users/h61084/codes/tsfm/outputs_selena/foundation_models/time-current_velocity_h_part14/336_48/chronos_bolt/none/raw/keep/run_0 mse=18.9114 nmse=1.05399 inference_seconds=0.205
2026-08-29 00:36:39 | configuration dataset=time/current_velocity_h_part14 L=336 H=48 model=chronos_t5 covariates=none instance_norm=false remove_constant=false seed=1 batch_size=32
[2026-08-29 00:36:41,966][data.dataset][INFO] - dataset config path=/fssmall/home/h61084/codes/datasets/time/current_velocity_h_part14/config.json applied_keys=['date_col', 'drop_users', 'target_cols']
[2026-08-29 00:36:41,986][evaluation.evaluator][INFO] - evaluate dataset=time/current_velocity_h_part14 users=6 dates=2455 windows=30 removed_constant=0 L=336 H=48 stride=512
[2026-08-29 00:36:48,587][evaluation.evaluator][INFO] - artifacts ready run=/fslarge/scratch/users/h61084/codes/tsfm/outputs_selena/foundation_models/time-current_velocity_h_part14/336_48/chronos_t5/none/raw/keep/run_0 mse=18.3758 nmse=1.25569 inference_seconds=1.039
2026-08-29 00:36:50 | configuration dataset=time/current_velocity_h_part14 L=336 H=48 model=ts_icl covariates=none instance_norm=false remove_constant=false seed=1 batch_size=32
[2026-08-29 00:36:53,279][data.dataset][INFO] - dataset config path=/fssmall/home/h61084/codes/datasets/time/current_velocity_h_part14/config.json applied_keys=['date_col', 'drop_users', 'target_cols']
[2026-08-29 00:36:53,299][evaluation.evaluator][INFO] - evaluate dataset=time/current_velocity_h_part14 users=6 dates=2455 windows=30 removed_constant=0 L=336 H=48 stride=512
[2026-08-29 00:36:55,450][evaluation.evaluator][INFO] - artifacts ready run=/fslarge/scratch/users/h61084/codes/tsfm/outputs_selena/foundation_models/time-current_velocity_h_part14/336_48/ts_icl/none/raw/keep/run_0 mse=17.4821 nmse=0.966646 inference_seconds=1.315
2026-08-29 00:36:57 | configuration dataset=time/current_velocity_h_part14 L=504 H=168 model=chronos2 covariates=none instance_norm=false remove_constant=false seed=1 batch_size=64
[2026-08-29 00:36:59,905][data.dataset][INFO] - dataset config path=/fssmall/home/h61084/codes/datasets/time/current_velocity_h_part14/config.json applied_keys=['date_col', 'drop_users', 'target_cols']
[2026-08-29 00:36:59,925][evaluation.evaluator][INFO] - evaluate dataset=time/current_velocity_h_part14 users=6 dates=2455 windows=24 removed_constant=0 L=504 H=168 stride=512
[2026-08-29 00:37:05,389][evaluation.evaluator][INFO] - artifacts ready run=/fslarge/scratch/users/h61084/codes/tsfm/outputs_selena/foundation_models/time-current_velocity_h_part14/504_168/chronos2/none/raw/keep/run_0 mse=12.6008 nmse=1.34646 inference_seconds=0.192
2026-08-29 00:37:07 | configuration dataset=time/current_velocity_h_part14 L=504 H=168 model=chronos_bolt covariates=none instance_norm=false remove_constant=false seed=1 batch_size=128
[2026-08-29 00:37:10,048][data.dataset][INFO] - dataset config path=/fssmall/home/h61084/codes/datasets/time/current_velocity_h_part14/config.json applied_keys=['date_col', 'drop_users', 'target_cols']
[2026-08-29 00:37:10,067][evaluation.evaluator][INFO] - evaluate dataset=time/current_velocity_h_part14 users=6 dates=2455 windows=24 removed_constant=0 L=504 H=168 stride=512
[2026-08-29 00:37:15,956][evaluation.evaluator][INFO] - artifacts ready run=/fslarge/scratch/users/h61084/codes/tsfm/outputs_selena/foundation_models/time-current_velocity_h_part14/504_168/chronos_bolt/none/raw/keep/run_0 mse=12.1593 nmse=1.52975 inference_seconds=0.345
2026-08-29 00:37:18 | configuration dataset=time/current_velocity_h_part14 L=504 H=168 model=chronos_t5 covariates=none instance_norm=false remove_constant=false seed=1 batch_size=32
[2026-08-29 00:37:20,556][data.dataset][INFO] - dataset config path=/fssmall/home/h61084/codes/datasets/time/current_velocity_h_part14/config.json applied_keys=['date_col', 'drop_users', 'target_cols']
[2026-08-29 00:37:20,576][evaluation.evaluator][INFO] - evaluate dataset=time/current_velocity_h_part14 users=6 dates=2455 windows=24 removed_constant=0 L=504 H=168 stride=512
[2026-08-29 00:37:26,102][/fssmall/home/h61084/codes/tsfm/.venv/lib/python3.12/site-packages/chronos/chronos.py][WARNING] - We recommend keeping prediction length <= 64. The quality of longer predictions may degrade since the model is not optimized for it. 
[2026-08-29 00:37:29,174][evaluation.evaluator][INFO] - artifacts ready run=/fslarge/scratch/users/h61084/codes/tsfm/outputs_selena/foundation_models/time-current_velocity_h_part14/504_168/chronos_t5/none/raw/keep/run_0 mse=11.4242 nmse=1.67792 inference_seconds=3.051
2026-08-29 00:37:31 | configuration dataset=time/current_velocity_h_part14 L=504 H=168 model=ts_icl covariates=none instance_norm=false remove_constant=false seed=1 batch_size=32
[2026-08-29 00:37:33,848][data.dataset][INFO] - dataset config path=/fssmall/home/h61084/codes/datasets/time/current_velocity_h_part14/config.json applied_keys=['date_col', 'drop_users', 'target_cols']
[2026-08-29 00:37:33,868][evaluation.evaluator][INFO] - evaluate dataset=time/current_velocity_h_part14 users=6 dates=2455 windows=24 removed_constant=0 L=504 H=168 stride=512
[2026-08-29 00:37:35,983][evaluation.evaluator][INFO] - artifacts ready run=/fslarge/scratch/users/h61084/codes/tsfm/outputs_selena/foundation_models/time-current_velocity_h_part14/504_168/ts_icl/none/raw/keep/run_0 mse=12.4126 nmse=1.30236 inference_seconds=1.270
2026-08-29 00:37:37 | configuration dataset=time/current_velocity_h_part15 L=336 H=48 model=chronos2 covariates=none instance_norm=false remove_constant=false seed=1 batch_size=64
[2026-08-29 00:37:40,442][data.dataset][INFO] - dataset config path=/fssmall/home/h61084/codes/datasets/time/current_velocity_h_part15/config.json applied_keys=['date_col', 'drop_users', 'target_cols']
[2026-08-29 00:37:40,465][evaluation.evaluator][INFO] - evaluate dataset=time/current_velocity_h_part15 users=6 dates=3868 windows=42 removed_constant=0 L=336 H=48 stride=512
[2026-08-29 00:37:46,052][evaluation.evaluator][INFO] - artifacts ready run=/fslarge/scratch/users/h61084/codes/tsfm/outputs_selena/foundation_models/time-current_velocity_h_part15/336_48/chronos2/none/raw/keep/run_0 mse=4.23115 nmse=0.670466 inference_seconds=0.203
2026-08-29 00:37:48 | configuration dataset=time/current_velocity_h_part15 L=336 H=48 model=chronos_bolt covariates=none instance_norm=false remove_constant=false seed=1 batch_size=128
[2026-08-29 00:37:50,748][data.dataset][INFO] - dataset config path=/fssmall/home/h61084/codes/datasets/time/current_velocity_h_part15/config.json applied_keys=['date_col', 'drop_users', 'target_cols']
[2026-08-29 00:37:50,769][evaluation.evaluator][INFO] - evaluate dataset=time/current_velocity_h_part15 users=6 dates=3868 windows=42 removed_constant=0 L=336 H=48 stride=512
[2026-08-29 00:37:56,508][evaluation.evaluator][INFO] - artifacts ready run=/fslarge/scratch/users/h61084/codes/tsfm/outputs_selena/foundation_models/time-current_velocity_h_part15/336_48/chronos_bolt/none/raw/keep/run_0 mse=4.57567 nmse=0.812233 inference_seconds=0.203
2026-08-29 00:37:58 | configuration dataset=time/current_velocity_h_part15 L=336 H=48 model=chronos_t5 covariates=none instance_norm=false remove_constant=false seed=1 batch_size=32
[2026-08-29 00:38:01,177][data.dataset][INFO] - dataset config path=/fssmall/home/h61084/codes/datasets/time/current_velocity_h_part15/config.json applied_keys=['date_col', 'drop_users', 'target_cols']
[2026-08-29 00:38:01,198][evaluation.evaluator][INFO] - evaluate dataset=time/current_velocity_h_part15 users=6 dates=3868 windows=42 removed_constant=0 L=336 H=48 stride=512
[2026-08-29 00:38:08,372][evaluation.evaluator][INFO] - artifacts ready run=/fslarge/scratch/users/h61084/codes/tsfm/outputs_selena/foundation_models/time-current_velocity_h_part15/336_48/chronos_t5/none/raw/keep/run_0 mse=4.88421 nmse=0.827721 inference_seconds=1.604
2026-08-29 00:38:10 | configuration dataset=time/current_velocity_h_part15 L=336 H=48 model=ts_icl covariates=none instance_norm=false remove_constant=false seed=1 batch_size=32
[2026-08-29 00:38:13,054][data.dataset][INFO] - dataset config path=/fssmall/home/h61084/codes/datasets/time/current_velocity_h_part15/config.json applied_keys=['date_col', 'drop_users', 'target_cols']
[2026-08-29 00:38:13,075][evaluation.evaluator][INFO] - evaluate dataset=time/current_velocity_h_part15 users=6 dates=3868 windows=42 removed_constant=0 L=336 H=48 stride=512
[2026-08-29 00:38:15,184][evaluation.evaluator][INFO] - artifacts ready run=/fslarge/scratch/users/h61084/codes/tsfm/outputs_selena/foundation_models/time-current_velocity_h_part15/336_48/ts_icl/none/raw/keep/run_0 mse=4.2126 nmse=0.686712 inference_seconds=1.263
2026-08-29 00:38:17 | configuration dataset=time/current_velocity_h_part15 L=504 H=168 model=chronos2 covariates=none instance_norm=false remove_constant=false seed=1 batch_size=64
[2026-08-29 00:38:19,675][data.dataset][INFO] - dataset config path=/fssmall/home/h61084/codes/datasets/time/current_velocity_h_part15/config.json applied_keys=['date_col', 'drop_users', 'target_cols']
[2026-08-29 00:38:19,697][evaluation.evaluator][INFO] - evaluate dataset=time/current_velocity_h_part15 users=6 dates=3868 windows=42 removed_constant=0 L=504 H=168 stride=512
[2026-08-29 00:38:25,705][evaluation.evaluator][INFO] - artifacts ready run=/fslarge/scratch/users/h61084/codes/tsfm/outputs_selena/foundation_models/time-current_velocity_h_part15/504_168/chronos2/none/raw/keep/run_0 mse=11.7558 nmse=1.0679 inference_seconds=0.197
2026-08-29 00:38:27 | configuration dataset=time/current_velocity_h_part15 L=504 H=168 model=chronos_bolt covariates=none instance_norm=false remove_constant=false seed=1 batch_size=128
[2026-08-29 00:38:30,370][data.dataset][INFO] - dataset config path=/fssmall/home/h61084/codes/datasets/time/current_velocity_h_part15/config.json applied_keys=['date_col', 'drop_users', 'target_cols']
[2026-08-29 00:38:30,391][evaluation.evaluator][INFO] - evaluate dataset=time/current_velocity_h_part15 users=6 dates=3868 windows=42 removed_constant=0 L=504 H=168 stride=512
[2026-08-29 00:38:36,299][evaluation.evaluator][INFO] - artifacts ready run=/fslarge/scratch/users/h61084/codes/tsfm/outputs_selena/foundation_models/time-current_velocity_h_part15/504_168/chronos_bolt/none/raw/keep/run_0 mse=9.09776 nmse=1.15505 inference_seconds=0.417
2026-08-29 00:38:38 | configuration dataset=time/current_velocity_h_part15 L=504 H=168 model=chronos_t5 covariates=none instance_norm=false remove_constant=false seed=1 batch_size=32
[2026-08-29 00:38:40,974][data.dataset][INFO] - dataset config path=/fssmall/home/h61084/codes/datasets/time/current_velocity_h_part15/config.json applied_keys=['date_col', 'drop_users', 'target_cols']
[2026-08-29 00:38:40,996][evaluation.evaluator][INFO] - evaluate dataset=time/current_velocity_h_part15 users=6 dates=3868 windows=42 removed_constant=0 L=504 H=168 stride=512
[2026-08-29 00:38:46,478][/fssmall/home/h61084/codes/tsfm/.venv/lib/python3.12/site-packages/chronos/chronos.py][WARNING] - We recommend keeping prediction length <= 64. The quality of longer predictions may degrade since the model is not optimized for it. 
[2026-08-29 00:38:50,280][/fssmall/home/h61084/codes/tsfm/.venv/lib/python3.12/site-packages/chronos/chronos.py][WARNING] - We recommend keeping prediction length <= 64. The quality of longer predictions may degrade since the model is not optimized for it. 
[2026-08-29 00:38:52,175][evaluation.evaluator][INFO] - artifacts ready run=/fslarge/scratch/users/h61084/codes/tsfm/outputs_selena/foundation_models/time-current_velocity_h_part15/504_168/chronos_t5/none/raw/keep/run_0 mse=8.90426 nmse=1.00198 inference_seconds=5.674
2026-08-29 00:38:54 | configuration dataset=time/current_velocity_h_part15 L=504 H=168 model=ts_icl covariates=none instance_norm=false remove_constant=false seed=1 batch_size=32
[2026-08-29 00:38:56,864][data.dataset][INFO] - dataset config path=/fssmall/home/h61084/codes/datasets/time/current_velocity_h_part15/config.json applied_keys=['date_col', 'drop_users', 'target_cols']
[2026-08-29 00:38:56,886][evaluation.evaluator][INFO] - evaluate dataset=time/current_velocity_h_part15 users=6 dates=3868 windows=42 removed_constant=0 L=504 H=168 stride=512
[2026-08-29 00:38:59,057][evaluation.evaluator][INFO] - artifacts ready run=/fslarge/scratch/users/h61084/codes/tsfm/outputs_selena/foundation_models/time-current_velocity_h_part15/504_168/ts_icl/none/raw/keep/run_0 mse=8.21927 nmse=0.864019 inference_seconds=1.301
2026-08-29 00:39:01 | configuration dataset=time/current_velocity_h_part16 L=336 H=48 model=chronos2 covariates=none instance_norm=false remove_constant=false seed=1 batch_size=64
[2026-08-29 00:39:03,568][data.dataset][INFO] - dataset config path=/fssmall/home/h61084/codes/datasets/time/current_velocity_h_part16/config.json applied_keys=['date_col', 'drop_users', 'target_cols']
[2026-08-29 00:39:03,591][evaluation.evaluator][INFO] - evaluate dataset=time/current_velocity_h_part16 users=6 dates=3212 windows=36 removed_constant=0 L=336 H=48 stride=512
[2026-08-29 00:39:09,160][evaluation.evaluator][INFO] - artifacts ready run=/fslarge/scratch/users/h61084/codes/tsfm/outputs_selena/foundation_models/time-current_velocity_h_part16/336_48/chronos2/none/raw/keep/run_0 mse=6.02298 nmse=0.64115 inference_seconds=0.193
2026-08-29 00:39:11 | configuration dataset=time/current_velocity_h_part16 L=336 H=48 model=chronos_bolt covariates=none instance_norm=false remove_constant=false seed=1 batch_size=128
[2026-08-29 00:39:13,770][data.dataset][INFO] - dataset config path=/fssmall/home/h61084/codes/datasets/time/current_velocity_h_part16/config.json applied_keys=['date_col', 'drop_users', 'target_cols']
[2026-08-29 00:39:13,791][evaluation.evaluator][INFO] - evaluate dataset=time/current_velocity_h_part16 users=6 dates=3212 windows=36 removed_constant=0 L=336 H=48 stride=512
[2026-08-29 00:39:19,460][evaluation.evaluator][INFO] - artifacts ready run=/fslarge/scratch/users/h61084/codes/tsfm/outputs_selena/foundation_models/time-current_velocity_h_part16/336_48/chronos_bolt/none/raw/keep/run_0 mse=5.79994 nmse=0.602989 inference_seconds=0.202
2026-08-29 00:39:21 | configuration dataset=time/current_velocity_h_part16 L=336 H=48 model=chronos_t5 covariates=none instance_norm=false remove_constant=false seed=1 batch_size=32
[2026-08-29 00:39:24,144][data.dataset][INFO] - dataset config path=/fssmall/home/h61084/codes/datasets/time/current_velocity_h_part16/config.json applied_keys=['date_col', 'drop_users', 'target_cols']
[2026-08-29 00:39:24,165][evaluation.evaluator][INFO] - evaluate dataset=time/current_velocity_h_part16 users=6 dates=3212 windows=36 removed_constant=0 L=336 H=48 stride=512
[2026-08-29 00:39:31,240][evaluation.evaluator][INFO] - artifacts ready run=/fslarge/scratch/users/h61084/codes/tsfm/outputs_selena/foundation_models/time-current_velocity_h_part16/336_48/chronos_t5/none/raw/keep/run_0 mse=5.28951 nmse=0.662555 inference_seconds=1.596
2026-08-29 00:39:33 | configuration dataset=time/current_velocity_h_part16 L=336 H=48 model=ts_icl covariates=none instance_norm=false remove_constant=false seed=1 batch_size=32
[2026-08-29 00:39:35,956][data.dataset][INFO] - dataset config path=/fssmall/home/h61084/codes/datasets/time/current_velocity_h_part16/config.json applied_keys=['date_col', 'drop_users', 'target_cols']
[2026-08-29 00:39:35,977][evaluation.evaluator][INFO] - evaluate dataset=time/current_velocity_h_part16 users=6 dates=3212 windows=36 removed_constant=0 L=336 H=48 stride=512
[2026-08-29 00:39:38,112][evaluation.evaluator][INFO] - artifacts ready run=/fslarge/scratch/users/h61084/codes/tsfm/outputs_selena/foundation_models/time-current_velocity_h_part16/336_48/ts_icl/none/raw/keep/run_0 mse=5.95137 nmse=0.7737 inference_seconds=1.289
2026-08-29 00:39:40 | configuration dataset=time/current_velocity_h_part16 L=504 H=168 model=chronos2 covariates=none instance_norm=false remove_constant=false seed=1 batch_size=64
[2026-08-29 00:39:42,633][data.dataset][INFO] - dataset config path=/fssmall/home/h61084/codes/datasets/time/current_velocity_h_part16/config.json applied_keys=['date_col', 'drop_users', 'target_cols']
[2026-08-29 00:39:42,654][evaluation.evaluator][INFO] - evaluate dataset=time/current_velocity_h_part16 users=6 dates=3212 windows=30 removed_constant=0 L=504 H=168 stride=512
[2026-08-29 00:39:48,208][evaluation.evaluator][INFO] - artifacts ready run=/fslarge/scratch/users/h61084/codes/tsfm/outputs_selena/foundation_models/time-current_velocity_h_part16/504_168/chronos2/none/raw/keep/run_0 mse=7.15569 nmse=0.603427 inference_seconds=0.197
2026-08-29 00:39:50 | configuration dataset=time/current_velocity_h_part16 L=504 H=168 model=chronos_bolt covariates=none instance_norm=false remove_constant=false seed=1 batch_size=128
[2026-08-29 00:39:52,936][data.dataset][INFO] - dataset config path=/fssmall/home/h61084/codes/datasets/time/current_velocity_h_part16/config.json applied_keys=['date_col', 'drop_users', 'target_cols']
[2026-08-29 00:39:52,958][evaluation.evaluator][INFO] - evaluate dataset=time/current_velocity_h_part16 users=6 dates=3212 windows=30 removed_constant=0 L=504 H=168 stride=512
[2026-08-29 00:39:59,743][evaluation.evaluator][INFO] - artifacts ready run=/fslarge/scratch/users/h61084/codes/tsfm/outputs_selena/foundation_models/time-current_velocity_h_part16/504_168/chronos_bolt/none/raw/keep/run_0 mse=6.89048 nmse=0.785753 inference_seconds=0.359
2026-08-29 00:40:01 | configuration dataset=time/current_velocity_h_part16 L=504 H=168 model=chronos_t5 covariates=none instance_norm=false remove_constant=false seed=1 batch_size=32
[2026-08-29 00:40:04,486][data.dataset][INFO] - dataset config path=/fssmall/home/h61084/codes/datasets/time/current_velocity_h_part16/config.json applied_keys=['date_col', 'drop_users', 'target_cols']
[2026-08-29 00:40:04,508][evaluation.evaluator][INFO] - evaluate dataset=time/current_velocity_h_part16 users=6 dates=3212 windows=30 removed_constant=0 L=504 H=168 stride=512
[2026-08-29 00:40:09,992][/fssmall/home/h61084/codes/tsfm/.venv/lib/python3.12/site-packages/chronos/chronos.py][WARNING] - We recommend keeping prediction length <= 64. The quality of longer predictions may degrade since the model is not optimized for it. 
[2026-08-29 00:40:13,656][evaluation.evaluator][INFO] - artifacts ready run=/fslarge/scratch/users/h61084/codes/tsfm/outputs_selena/foundation_models/time-current_velocity_h_part16/504_168/chronos_t5/none/raw/keep/run_0 mse=7.17993 nmse=0.86986 inference_seconds=3.642
2026-08-29 00:40:15 | configuration dataset=time/current_velocity_h_part16 L=504 H=168 model=ts_icl covariates=none instance_norm=false remove_constant=false seed=1 batch_size=32
[2026-08-29 00:40:18,364][data.dataset][INFO] - dataset config path=/fssmall/home/h61084/codes/datasets/time/current_velocity_h_part16/config.json applied_keys=['date_col', 'drop_users', 'target_cols']
[2026-08-29 00:40:18,386][evaluation.evaluator][INFO] - evaluate dataset=time/current_velocity_h_part16 users=6 dates=3212 windows=30 removed_constant=0 L=504 H=168 stride=512
[2026-08-29 00:40:20,496][evaluation.evaluator][INFO] - artifacts ready run=/fslarge/scratch/users/h61084/codes/tsfm/outputs_selena/foundation_models/time-current_velocity_h_part16/504_168/ts_icl/none/raw/keep/run_0 mse=7.1171 nmse=0.659448 inference_seconds=1.265
2026-08-29 00:40:22 | configuration dataset=time/current_velocity_h_part17 L=336 H=48 model=chronos2 covariates=none instance_norm=false remove_constant=false seed=1 batch_size=64
[2026-08-29 00:40:25,035][data.dataset][INFO] - dataset config path=/fssmall/home/h61084/codes/datasets/time/current_velocity_h_part17/config.json applied_keys=['date_col', 'drop_users', 'target_cols']
[2026-08-29 00:40:25,056][evaluation.evaluator][INFO] - evaluate dataset=time/current_velocity_h_part17 users=6 dates=2232 windows=24 removed_constant=0 L=336 H=48 stride=512
[2026-08-29 00:40:30,596][evaluation.evaluator][INFO] - artifacts ready run=/fslarge/scratch/users/h61084/codes/tsfm/outputs_selena/foundation_models/time-current_velocity_h_part17/336_48/chronos2/none/raw/keep/run_0 mse=6.17134 nmse=0.341067 inference_seconds=0.192
2026-08-29 00:40:32 | configuration dataset=time/current_velocity_h_part17 L=336 H=48 model=chronos_bolt covariates=none instance_norm=false remove_constant=false seed=1 batch_size=128
[2026-08-29 00:40:35,296][data.dataset][INFO] - dataset config path=/fssmall/home/h61084/codes/datasets/time/current_velocity_h_part17/config.json applied_keys=['date_col', 'drop_users', 'target_cols']
[2026-08-29 00:40:35,315][evaluation.evaluator][INFO] - evaluate dataset=time/current_velocity_h_part17 users=6 dates=2232 windows=24 removed_constant=0 L=336 H=48 stride=512
[2026-08-29 00:40:41,037][evaluation.evaluator][INFO] - artifacts ready run=/fslarge/scratch/users/h61084/codes/tsfm/outputs_selena/foundation_models/time-current_velocity_h_part17/336_48/chronos_bolt/none/raw/keep/run_0 mse=6.25419 nmse=0.399345 inference_seconds=0.204
2026-08-29 00:40:43 | configuration dataset=time/current_velocity_h_part17 L=336 H=48 model=chronos_t5 covariates=none instance_norm=false remove_constant=false seed=1 batch_size=32
[2026-08-29 00:40:45,767][data.dataset][INFO] - dataset config path=/fssmall/home/h61084/codes/datasets/time/current_velocity_h_part17/config.json applied_keys=['date_col', 'drop_users', 'target_cols']
[2026-08-29 00:40:45,786][evaluation.evaluator][INFO] - evaluate dataset=time/current_velocity_h_part17 users=6 dates=2232 windows=24 removed_constant=0 L=336 H=48 stride=512
[2026-08-29 00:40:52,299][evaluation.evaluator][INFO] - artifacts ready run=/fslarge/scratch/users/h61084/codes/tsfm/outputs_selena/foundation_models/time-current_velocity_h_part17/336_48/chronos_t5/none/raw/keep/run_0 mse=7.32744 nmse=0.490938 inference_seconds=0.929
2026-08-29 00:40:54 | configuration dataset=time/current_velocity_h_part17 L=336 H=48 model=ts_icl covariates=none instance_norm=false remove_constant=false seed=1 batch_size=32
[2026-08-29 00:40:56,981][data.dataset][INFO] - dataset config path=/fssmall/home/h61084/codes/datasets/time/current_velocity_h_part17/config.json applied_keys=['date_col', 'drop_users', 'target_cols']
[2026-08-29 00:40:57,001][evaluation.evaluator][INFO] - evaluate dataset=time/current_velocity_h_part17 users=6 dates=2232 windows=24 removed_constant=0 L=336 H=48 stride=512
[2026-08-29 00:40:59,065][evaluation.evaluator][INFO] - artifacts ready run=/fslarge/scratch/users/h61084/codes/tsfm/outputs_selena/foundation_models/time-current_velocity_h_part17/336_48/ts_icl/none/raw/keep/run_0 mse=6.76246 nmse=0.352111 inference_seconds=1.234
2026-08-29 00:41:01 | configuration dataset=time/current_velocity_h_part17 L=504 H=168 model=chronos2 covariates=none instance_norm=false remove_constant=false seed=1 batch_size=64
[2026-08-29 00:41:03,615][data.dataset][INFO] - dataset config path=/fssmall/home/h61084/codes/datasets/time/current_velocity_h_part17/config.json applied_keys=['date_col', 'drop_users', 'target_cols']
[2026-08-29 00:41:03,635][evaluation.evaluator][INFO] - evaluate dataset=time/current_velocity_h_part17 users=6 dates=2232 windows=24 removed_constant=0 L=504 H=168 stride=512
[2026-08-29 00:41:09,135][evaluation.evaluator][INFO] - artifacts ready run=/fslarge/scratch/users/h61084/codes/tsfm/outputs_selena/foundation_models/time-current_velocity_h_part17/504_168/chronos2/none/raw/keep/run_0 mse=11.5768 nmse=0.673702 inference_seconds=0.194
2026-08-29 00:41:11 | configuration dataset=time/current_velocity_h_part17 L=504 H=168 model=chronos_bolt covariates=none instance_norm=false remove_constant=false seed=1 batch_size=128
[2026-08-29 00:41:13,853][data.dataset][INFO] - dataset config path=/fssmall/home/h61084/codes/datasets/time/current_velocity_h_part17/config.json applied_keys=['date_col', 'drop_users', 'target_cols']
[2026-08-29 00:41:13,873][evaluation.evaluator][INFO] - evaluate dataset=time/current_velocity_h_part17 users=6 dates=2232 windows=24 removed_constant=0 L=504 H=168 stride=512
[2026-08-29 00:41:19,715][evaluation.evaluator][INFO] - artifacts ready run=/fslarge/scratch/users/h61084/codes/tsfm/outputs_selena/foundation_models/time-current_velocity_h_part17/504_168/chronos_bolt/none/raw/keep/run_0 mse=11.7067 nmse=0.889362 inference_seconds=0.346
2026-08-29 00:41:21 | configuration dataset=time/current_velocity_h_part17 L=504 H=168 model=chronos_t5 covariates=none instance_norm=false remove_constant=false seed=1 batch_size=32
[2026-08-29 00:41:24,425][data.dataset][INFO] - dataset config path=/fssmall/home/h61084/codes/datasets/time/current_velocity_h_part17/config.json applied_keys=['date_col', 'drop_users', 'target_cols']
[2026-08-29 00:41:24,445][evaluation.evaluator][INFO] - evaluate dataset=time/current_velocity_h_part17 users=6 dates=2232 windows=24 removed_constant=0 L=504 H=168 stride=512
[2026-08-29 00:41:29,942][/fssmall/home/h61084/codes/tsfm/.venv/lib/python3.12/site-packages/chronos/chronos.py][WARNING] - We recommend keeping prediction length <= 64. The quality of longer predictions may degrade since the model is not optimized for it. 
[2026-08-29 00:41:33,010][evaluation.evaluator][INFO] - artifacts ready run=/fslarge/scratch/users/h61084/codes/tsfm/outputs_selena/foundation_models/time-current_velocity_h_part17/504_168/chronos_t5/none/raw/keep/run_0 mse=10.86 nmse=0.79188 inference_seconds=3.046
2026-08-29 00:41:35 | configuration dataset=time/current_velocity_h_part17 L=504 H=168 model=ts_icl covariates=none instance_norm=false remove_constant=false seed=1 batch_size=32
[2026-08-29 00:41:37,720][data.dataset][INFO] - dataset config path=/fssmall/home/h61084/codes/datasets/time/current_velocity_h_part17/config.json applied_keys=['date_col', 'drop_users', 'target_cols']
[2026-08-29 00:41:37,740][evaluation.evaluator][INFO] - evaluate dataset=time/current_velocity_h_part17 users=6 dates=2232 windows=24 removed_constant=0 L=504 H=168 stride=512
[2026-08-29 00:41:39,840][evaluation.evaluator][INFO] - artifacts ready run=/fslarge/scratch/users/h61084/codes/tsfm/outputs_selena/foundation_models/time-current_velocity_h_part17/504_168/ts_icl/none/raw/keep/run_0 mse=11.4129 nmse=0.689081 inference_seconds=1.258
2026-08-29 00:41:41 | configuration dataset=time/current_velocity_h_part18 L=336 H=48 model=chronos2 covariates=none instance_norm=false remove_constant=false seed=1 batch_size=64
[2026-08-29 00:41:44,381][data.dataset][INFO] - dataset config path=/fssmall/home/h61084/codes/datasets/time/current_velocity_h_part18/config.json applied_keys=['date_col', 'drop_users', 'target_cols']
[2026-08-29 00:41:44,402][evaluation.evaluator][INFO] - evaluate dataset=time/current_velocity_h_part18 users=6 dates=2496 windows=30 removed_constant=0 L=336 H=48 stride=512
[2026-08-29 00:41:49,971][evaluation.evaluator][INFO] - artifacts ready run=/fslarge/scratch/users/h61084/codes/tsfm/outputs_selena/foundation_models/time-current_velocity_h_part18/336_48/chronos2/none/raw/keep/run_0 mse=4.72016 nmse=0.757023 inference_seconds=0.193
2026-08-29 00:41:52 | configuration dataset=time/current_velocity_h_part18 L=336 H=48 model=chronos_bolt covariates=none instance_norm=false remove_constant=false seed=1 batch_size=128
[2026-08-29 00:41:54,663][data.dataset][INFO] - dataset config path=/fssmall/home/h61084/codes/datasets/time/current_velocity_h_part18/config.json applied_keys=['date_col', 'drop_users', 'target_cols']
[2026-08-29 00:41:54,683][evaluation.evaluator][INFO] - evaluate dataset=time/current_velocity_h_part18 users=6 dates=2496 windows=30 removed_constant=0 L=336 H=48 stride=512
[2026-08-29 00:42:00,361][evaluation.evaluator][INFO] - artifacts ready run=/fslarge/scratch/users/h61084/codes/tsfm/outputs_selena/foundation_models/time-current_velocity_h_part18/336_48/chronos_bolt/none/raw/keep/run_0 mse=6.84506 nmse=0.813069 inference_seconds=0.203
2026-08-29 00:42:02 | configuration dataset=time/current_velocity_h_part18 L=336 H=48 model=chronos_t5 covariates=none instance_norm=false remove_constant=false seed=1 batch_size=32
[2026-08-29 00:42:05,063][data.dataset][INFO] - dataset config path=/fssmall/home/h61084/codes/datasets/time/current_velocity_h_part18/config.json applied_keys=['date_col', 'drop_users', 'target_cols']
[2026-08-29 00:42:05,083][evaluation.evaluator][INFO] - evaluate dataset=time/current_velocity_h_part18 users=6 dates=2496 windows=30 removed_constant=0 L=336 H=48 stride=512
[2026-08-29 00:42:11,617][evaluation.evaluator][INFO] - artifacts ready run=/fslarge/scratch/users/h61084/codes/tsfm/outputs_selena/foundation_models/time-current_velocity_h_part18/336_48/chronos_t5/none/raw/keep/run_0 mse=4.71286 nmse=1.19143 inference_seconds=1.050
2026-08-29 00:42:13 | configuration dataset=time/current_velocity_h_part18 L=336 H=48 model=ts_icl covariates=none instance_norm=false remove_constant=false seed=1 batch_size=32
[2026-08-29 00:42:16,369][data.dataset][INFO] - dataset config path=/fssmall/home/h61084/codes/datasets/time/current_velocity_h_part18/config.json applied_keys=['date_col', 'drop_users', 'target_cols']
[2026-08-29 00:42:16,390][evaluation.evaluator][INFO] - evaluate dataset=time/current_velocity_h_part18 users=6 dates=2496 windows=30 removed_constant=0 L=336 H=48 stride=512
[2026-08-29 00:42:18,467][evaluation.evaluator][INFO] - artifacts ready run=/fslarge/scratch/users/h61084/codes/tsfm/outputs_selena/foundation_models/time-current_velocity_h_part18/336_48/ts_icl/none/raw/keep/run_0 mse=4.73606 nmse=0.784197 inference_seconds=1.238
2026-08-29 00:42:20 | configuration dataset=time/current_velocity_h_part18 L=504 H=168 model=chronos2 covariates=none instance_norm=false remove_constant=false seed=1 batch_size=64
[2026-08-29 00:42:22,932][data.dataset][INFO] - dataset config path=/fssmall/home/h61084/codes/datasets/time/current_velocity_h_part18/config.json applied_keys=['date_col', 'drop_users', 'target_cols']
[2026-08-29 00:42:22,952][evaluation.evaluator][INFO] - evaluate dataset=time/current_velocity_h_part18 users=6 dates=2496 windows=24 removed_constant=0 L=504 H=168 stride=512
[2026-08-29 00:42:28,434][evaluation.evaluator][INFO] - artifacts ready run=/fslarge/scratch/users/h61084/codes/tsfm/outputs_selena/foundation_models/time-current_velocity_h_part18/504_168/chronos2/none/raw/keep/run_0 mse=20.23 nmse=2.24827 inference_seconds=0.197
2026-08-29 00:42:30 | configuration dataset=time/current_velocity_h_part18 L=504 H=168 model=chronos_bolt covariates=none instance_norm=false remove_constant=false seed=1 batch_size=128
[2026-08-29 00:42:33,110][data.dataset][INFO] - dataset config path=/fssmall/home/h61084/codes/datasets/time/current_velocity_h_part18/config.json applied_keys=['date_col', 'drop_users', 'target_cols']
[2026-08-29 00:42:33,130][evaluation.evaluator][INFO] - evaluate dataset=time/current_velocity_h_part18 users=6 dates=2496 windows=24 removed_constant=0 L=504 H=168 stride=512
[2026-08-29 00:42:38,962][evaluation.evaluator][INFO] - artifacts ready run=/fslarge/scratch/users/h61084/codes/tsfm/outputs_selena/foundation_models/time-current_velocity_h_part18/504_168/chronos_bolt/none/raw/keep/run_0 mse=19.9076 nmse=3.23509 inference_seconds=0.346
2026-08-29 00:42:41 | configuration dataset=time/current_velocity_h_part18 L=504 H=168 model=chronos_t5 covariates=none instance_norm=false remove_constant=false seed=1 batch_size=32
[2026-08-29 00:42:43,640][data.dataset][INFO] - dataset config path=/fssmall/home/h61084/codes/datasets/time/current_velocity_h_part18/config.json applied_keys=['date_col', 'drop_users', 'target_cols']
[2026-08-29 00:42:43,659][evaluation.evaluator][INFO] - evaluate dataset=time/current_velocity_h_part18 users=6 dates=2496 windows=24 removed_constant=0 L=504 H=168 stride=512
[2026-08-29 00:42:49,107][/fssmall/home/h61084/codes/tsfm/.venv/lib/python3.12/site-packages/chronos/chronos.py][WARNING] - We recommend keeping prediction length <= 64. The quality of longer predictions may degrade since the model is not optimized for it. 
[2026-08-29 00:42:52,208][evaluation.evaluator][INFO] - artifacts ready run=/fslarge/scratch/users/h61084/codes/tsfm/outputs_selena/foundation_models/time-current_velocity_h_part18/504_168/chronos_t5/none/raw/keep/run_0 mse=22.7967 nmse=2.85757 inference_seconds=3.079
2026-08-29 00:42:54 | configuration dataset=time/current_velocity_h_part18 L=504 H=168 model=ts_icl covariates=none instance_norm=false remove_constant=false seed=1 batch_size=32
[2026-08-29 00:42:56,951][data.dataset][INFO] - dataset config path=/fssmall/home/h61084/codes/datasets/time/current_velocity_h_part18/config.json applied_keys=['date_col', 'drop_users', 'target_cols']
[2026-08-29 00:42:56,970][evaluation.evaluator][INFO] - evaluate dataset=time/current_velocity_h_part18 users=6 dates=2496 windows=24 removed_constant=0 L=504 H=168 stride=512
[2026-08-29 00:42:59,069][evaluation.evaluator][INFO] - artifacts ready run=/fslarge/scratch/users/h61084/codes/tsfm/outputs_selena/foundation_models/time-current_velocity_h_part18/504_168/ts_icl/none/raw/keep/run_0 mse=18.9557 nmse=2.17436 inference_seconds=1.239
2026-08-29 00:43:01 | configuration dataset=time/current_velocity_h_part19 L=336 H=48 model=chronos2 covariates=none instance_norm=false remove_constant=false seed=1 batch_size=64
[2026-08-29 00:43:03,566][data.dataset][INFO] - dataset config path=/fssmall/home/h61084/codes/datasets/time/current_velocity_h_part19/config.json applied_keys=['date_col', 'drop_users', 'target_cols']
[2026-08-29 00:43:03,586][evaluation.evaluator][INFO] - evaluate dataset=time/current_velocity_h_part19 users=6 dates=2379 windows=24 removed_constant=0 L=336 H=48 stride=512
[2026-08-29 00:43:09,176][evaluation.evaluator][INFO] - artifacts ready run=/fslarge/scratch/users/h61084/codes/tsfm/outputs_selena/foundation_models/time-current_velocity_h_part19/336_48/chronos2/none/raw/keep/run_0 mse=13.4613 nmse=0.967078 inference_seconds=0.196
2026-08-29 00:43:11 | configuration dataset=time/current_velocity_h_part19 L=336 H=48 model=chronos_bolt covariates=none instance_norm=false remove_constant=false seed=1 batch_size=128
[2026-08-29 00:43:13,863][data.dataset][INFO] - dataset config path=/fssmall/home/h61084/codes/datasets/time/current_velocity_h_part19/config.json applied_keys=['date_col', 'drop_users', 'target_cols']
[2026-08-29 00:43:13,882][evaluation.evaluator][INFO] - evaluate dataset=time/current_velocity_h_part19 users=6 dates=2379 windows=24 removed_constant=0 L=336 H=48 stride=512
[2026-08-29 00:43:19,600][evaluation.evaluator][INFO] - artifacts ready run=/fslarge/scratch/users/h61084/codes/tsfm/outputs_selena/foundation_models/time-current_velocity_h_part19/336_48/chronos_bolt/none/raw/keep/run_0 mse=14.0793 nmse=1.05015 inference_seconds=0.202
2026-08-29 00:43:21 | configuration dataset=time/current_velocity_h_part19 L=336 H=48 model=chronos_t5 covariates=none instance_norm=false remove_constant=false seed=1 batch_size=32
[2026-08-29 00:43:24,289][data.dataset][INFO] - dataset config path=/fssmall/home/h61084/codes/datasets/time/current_velocity_h_part19/config.json applied_keys=['date_col', 'drop_users', 'target_cols']
[2026-08-29 00:43:24,309][evaluation.evaluator][INFO] - evaluate dataset=time/current_velocity_h_part19 users=6 dates=2379 windows=24 removed_constant=0 L=336 H=48 stride=512
[2026-08-29 00:43:30,714][evaluation.evaluator][INFO] - artifacts ready run=/fslarge/scratch/users/h61084/codes/tsfm/outputs_selena/foundation_models/time-current_velocity_h_part19/336_48/chronos_t5/none/raw/keep/run_0 mse=7.12509 nmse=0.902309 inference_seconds=0.927
2026-08-29 00:43:32 | configuration dataset=time/current_velocity_h_part19 L=336 H=48 model=ts_icl covariates=none instance_norm=false remove_constant=false seed=1 batch_size=32
[2026-08-29 00:43:35,448][data.dataset][INFO] - dataset config path=/fssmall/home/h61084/codes/datasets/time/current_velocity_h_part19/config.json applied_keys=['date_col', 'drop_users', 'target_cols']
[2026-08-29 00:43:35,467][evaluation.evaluator][INFO] - evaluate dataset=time/current_velocity_h_part19 users=6 dates=2379 windows=24 removed_constant=0 L=336 H=48 stride=512
[2026-08-29 00:43:37,556][evaluation.evaluator][INFO] - artifacts ready run=/fslarge/scratch/users/h61084/codes/tsfm/outputs_selena/foundation_models/time-current_velocity_h_part19/336_48/ts_icl/none/raw/keep/run_0 mse=6.76005 nmse=0.79901 inference_seconds=1.249
2026-08-29 00:43:39 | configuration dataset=time/current_velocity_h_part19 L=504 H=168 model=chronos2 covariates=none instance_norm=false remove_constant=false seed=1 batch_size=64
[2026-08-29 00:43:42,129][data.dataset][INFO] - dataset config path=/fssmall/home/h61084/codes/datasets/time/current_velocity_h_part19/config.json applied_keys=['date_col', 'drop_users', 'target_cols']
[2026-08-29 00:43:42,152][evaluation.evaluator][INFO] - evaluate dataset=time/current_velocity_h_part19 users=6 dates=2379 windows=24 removed_constant=0 L=504 H=168 stride=512
[2026-08-29 00:43:47,686][evaluation.evaluator][INFO] - artifacts ready run=/fslarge/scratch/users/h61084/codes/tsfm/outputs_selena/foundation_models/time-current_velocity_h_part19/504_168/chronos2/none/raw/keep/run_0 mse=14.4198 nmse=1.33744 inference_seconds=0.196
2026-08-29 00:43:49 | configuration dataset=time/current_velocity_h_part19 L=504 H=168 model=chronos_bolt covariates=none instance_norm=false remove_constant=false seed=1 batch_size=128
[2026-08-29 00:43:52,414][data.dataset][INFO] - dataset config path=/fssmall/home/h61084/codes/datasets/time/current_velocity_h_part19/config.json applied_keys=['date_col', 'drop_users', 'target_cols']
[2026-08-29 00:43:52,433][evaluation.evaluator][INFO] - evaluate dataset=time/current_velocity_h_part19 users=6 dates=2379 windows=24 removed_constant=0 L=504 H=168 stride=512
[2026-08-29 00:43:58,307][evaluation.evaluator][INFO] - artifacts ready run=/fslarge/scratch/users/h61084/codes/tsfm/outputs_selena/foundation_models/time-current_velocity_h_part19/504_168/chronos_bolt/none/raw/keep/run_0 mse=19.6441 nmse=1.52562 inference_seconds=0.348
2026-08-29 00:44:00 | configuration dataset=time/current_velocity_h_part19 L=504 H=168 model=chronos_t5 covariates=none instance_norm=false remove_constant=false seed=1 batch_size=32
[2026-08-29 00:44:03,062][data.dataset][INFO] - dataset config path=/fssmall/home/h61084/codes/datasets/time/current_velocity_h_part19/config.json applied_keys=['date_col', 'drop_users', 'target_cols']
[2026-08-29 00:44:03,081][evaluation.evaluator][INFO] - evaluate dataset=time/current_velocity_h_part19 users=6 dates=2379 windows=24 removed_constant=0 L=504 H=168 stride=512
[2026-08-29 00:44:08,561][/fssmall/home/h61084/codes/tsfm/.venv/lib/python3.12/site-packages/chronos/chronos.py][WARNING] - We recommend keeping prediction length <= 64. The quality of longer predictions may degrade since the model is not optimized for it. 
[2026-08-29 00:44:11,644][evaluation.evaluator][INFO] - artifacts ready run=/fslarge/scratch/users/h61084/codes/tsfm/outputs_selena/foundation_models/time-current_velocity_h_part19/504_168/chronos_t5/none/raw/keep/run_0 mse=23.4955 nmse=1.57532 inference_seconds=3.061
2026-08-29 00:44:13 | configuration dataset=time/current_velocity_h_part19 L=504 H=168 model=ts_icl covariates=none instance_norm=false remove_constant=false seed=1 batch_size=32
[2026-08-29 00:44:16,396][data.dataset][INFO] - dataset config path=/fssmall/home/h61084/codes/datasets/time/current_velocity_h_part19/config.json applied_keys=['date_col', 'drop_users', 'target_cols']
[2026-08-29 00:44:16,415][evaluation.evaluator][INFO] - evaluate dataset=time/current_velocity_h_part19 users=6 dates=2379 windows=24 removed_constant=0 L=504 H=168 stride=512
[2026-08-29 00:44:18,485][evaluation.evaluator][INFO] - artifacts ready run=/fslarge/scratch/users/h61084/codes/tsfm/outputs_selena/foundation_models/time-current_velocity_h_part19/504_168/ts_icl/none/raw/keep/run_0 mse=12.5182 nmse=1.11359 inference_seconds=1.239
2026-08-29 00:44:20 | configuration dataset=time/current_velocity_h_part20 L=336 H=48 model=chronos2 covariates=none instance_norm=false remove_constant=false seed=1 batch_size=64
[2026-08-29 00:44:23,040][data.dataset][INFO] - dataset config path=/fssmall/home/h61084/codes/datasets/time/current_velocity_h_part20/config.json applied_keys=['date_col', 'drop_users', 'target_cols']
[2026-08-29 00:44:23,066][evaluation.evaluator][INFO] - evaluate dataset=time/current_velocity_h_part20 users=6 dates=5587 windows=66 removed_constant=0 L=336 H=48 stride=512
[2026-08-29 00:44:28,634][evaluation.evaluator][INFO] - artifacts ready run=/fslarge/scratch/users/h61084/codes/tsfm/outputs_selena/foundation_models/time-current_velocity_h_part20/336_48/chronos2/none/raw/keep/run_0 mse=12.7127 nmse=1.419 inference_seconds=0.217
2026-08-29 00:44:30 | configuration dataset=time/current_velocity_h_part20 L=336 H=48 model=chronos_bolt covariates=none instance_norm=false remove_constant=false seed=1 batch_size=128
[2026-08-29 00:44:33,368][data.dataset][INFO] - dataset config path=/fssmall/home/h61084/codes/datasets/time/current_velocity_h_part20/config.json applied_keys=['date_col', 'drop_users', 'target_cols']
[2026-08-29 00:44:33,390][evaluation.evaluator][INFO] - evaluate dataset=time/current_velocity_h_part20 users=6 dates=5587 windows=66 removed_constant=0 L=336 H=48 stride=512
[2026-08-29 00:44:39,067][evaluation.evaluator][INFO] - artifacts ready run=/fslarge/scratch/users/h61084/codes/tsfm/outputs_selena/foundation_models/time-current_velocity_h_part20/336_48/chronos_bolt/none/raw/keep/run_0 mse=13.3917 nmse=1.48762 inference_seconds=0.203
2026-08-29 00:44:41 | configuration dataset=time/current_velocity_h_part20 L=336 H=48 model=chronos_t5 covariates=none instance_norm=false remove_constant=false seed=1 batch_size=32
[2026-08-29 00:44:43,784][data.dataset][INFO] - dataset config path=/fssmall/home/h61084/codes/datasets/time/current_velocity_h_part20/config.json applied_keys=['date_col', 'drop_users', 'target_cols']
[2026-08-29 00:44:43,806][evaluation.evaluator][INFO] - evaluate dataset=time/current_velocity_h_part20 users=6 dates=5587 windows=66 removed_constant=0 L=336 H=48 stride=512
[2026-08-29 00:44:51,721][evaluation.evaluator][INFO] - artifacts ready run=/fslarge/scratch/users/h61084/codes/tsfm/outputs_selena/foundation_models/time-current_velocity_h_part20/336_48/chronos_t5/none/raw/keep/run_0 mse=12.9602 nmse=6.50755 inference_seconds=2.416
2026-08-29 00:44:53 | configuration dataset=time/current_velocity_h_part20 L=336 H=48 model=ts_icl covariates=none instance_norm=false remove_constant=false seed=1 batch_size=32
[2026-08-29 00:44:56,475][data.dataset][INFO] - dataset config path=/fssmall/home/h61084/codes/datasets/time/current_velocity_h_part20/config.json applied_keys=['date_col', 'drop_users', 'target_cols']
[2026-08-29 00:44:56,497][evaluation.evaluator][INFO] - evaluate dataset=time/current_velocity_h_part20 users=6 dates=5587 windows=66 removed_constant=0 L=336 H=48 stride=512
[2026-08-29 00:44:58,647][evaluation.evaluator][INFO] - artifacts ready run=/fslarge/scratch/users/h61084/codes/tsfm/outputs_selena/foundation_models/time-current_velocity_h_part20/336_48/ts_icl/none/raw/keep/run_0 mse=13.1461 nmse=1.39077 inference_seconds=1.317
2026-08-29 00:45:00 | configuration dataset=time/current_velocity_h_part20 L=504 H=168 model=chronos2 covariates=none instance_norm=false remove_constant=false seed=1 batch_size=64
[2026-08-29 00:45:03,202][data.dataset][INFO] - dataset config path=/fssmall/home/h61084/codes/datasets/time/current_velocity_h_part20/config.json applied_keys=['date_col', 'drop_users', 'target_cols']
[2026-08-29 00:45:03,225][evaluation.evaluator][INFO] - evaluate dataset=time/current_velocity_h_part20 users=6 dates=5587 windows=60 removed_constant=0 L=504 H=168 stride=512
[2026-08-29 00:45:08,761][evaluation.evaluator][INFO] - artifacts ready run=/fslarge/scratch/users/h61084/codes/tsfm/outputs_selena/foundation_models/time-current_velocity_h_part20/504_168/chronos2/none/raw/keep/run_0 mse=9.92492 nmse=1.30789 inference_seconds=0.198
2026-08-29 00:45:10 | configuration dataset=time/current_velocity_h_part20 L=504 H=168 model=chronos_bolt covariates=none instance_norm=false remove_constant=false seed=1 batch_size=128
[2026-08-29 00:45:13,504][data.dataset][INFO] - dataset config path=/fssmall/home/h61084/codes/datasets/time/current_velocity_h_part20/config.json applied_keys=['date_col', 'drop_users', 'target_cols']
[2026-08-29 00:45:13,526][evaluation.evaluator][INFO] - evaluate dataset=time/current_velocity_h_part20 users=6 dates=5587 windows=60 removed_constant=0 L=504 H=168 stride=512
[2026-08-29 00:45:19,543][evaluation.evaluator][INFO] - artifacts ready run=/fslarge/scratch/users/h61084/codes/tsfm/outputs_selena/foundation_models/time-current_velocity_h_part20/504_168/chronos_bolt/none/raw/keep/run_0 mse=10.0758 nmse=1.25735 inference_seconds=0.495
2026-08-29 00:45:21 | configuration dataset=time/current_velocity_h_part20 L=504 H=168 model=chronos_t5 covariates=none instance_norm=false remove_constant=false seed=1 batch_size=32
[2026-08-29 00:45:24,306][data.dataset][INFO] - dataset config path=/fssmall/home/h61084/codes/datasets/time/current_velocity_h_part20/config.json applied_keys=['date_col', 'drop_users', 'target_cols']
[2026-08-29 00:45:24,328][evaluation.evaluator][INFO] - evaluate dataset=time/current_velocity_h_part20 users=6 dates=5587 windows=60 removed_constant=0 L=504 H=168 stride=512
[2026-08-29 00:45:29,829][/fssmall/home/h61084/codes/tsfm/.venv/lib/python3.12/site-packages/chronos/chronos.py][WARNING] - We recommend keeping prediction length <= 64. The quality of longer predictions may degrade since the model is not optimized for it. 
[2026-08-29 00:45:33,619][/fssmall/home/h61084/codes/tsfm/.venv/lib/python3.12/site-packages/chronos/chronos.py][WARNING] - We recommend keeping prediction length <= 64. The quality of longer predictions may degrade since the model is not optimized for it. 
[2026-08-29 00:45:36,829][evaluation.evaluator][INFO] - artifacts ready run=/fslarge/scratch/users/h61084/codes/tsfm/outputs_selena/foundation_models/time-current_velocity_h_part20/504_168/chronos_t5/none/raw/keep/run_0 mse=10.5465 nmse=7.30053 inference_seconds=6.976
2026-08-29 00:45:39 | configuration dataset=time/current_velocity_h_part20 L=504 H=168 model=ts_icl covariates=none instance_norm=false remove_constant=false seed=1 batch_size=32
[2026-08-29 00:45:41,599][data.dataset][INFO] - dataset config path=/fssmall/home/h61084/codes/datasets/time/current_velocity_h_part20/config.json applied_keys=['date_col', 'drop_users', 'target_cols']
[2026-08-29 00:45:41,622][evaluation.evaluator][INFO] - evaluate dataset=time/current_velocity_h_part20 users=6 dates=5587 windows=60 removed_constant=0 L=504 H=168 stride=512
[2026-08-29 00:45:43,834][evaluation.evaluator][INFO] - artifacts ready run=/fslarge/scratch/users/h61084/codes/tsfm/outputs_selena/foundation_models/time-current_velocity_h_part20/504_168/ts_icl/none/raw/keep/run_0 mse=10.2944 nmse=1.19004 inference_seconds=1.346
2026-08-29 00:45:45 | configuration dataset=time/current_velocity_h_part21 L=336 H=48 model=chronos2 covariates=none instance_norm=false remove_constant=false seed=1 batch_size=64
[2026-08-29 00:45:48,383][data.dataset][INFO] - dataset config path=/fssmall/home/h61084/codes/datasets/time/current_velocity_h_part21/config.json applied_keys=['date_col', 'drop_users', 'target_cols']
[2026-08-29 00:45:48,405][evaluation.evaluator][INFO] - evaluate dataset=time/current_velocity_h_part21 users=6 dates=2595 windows=30 removed_constant=0 L=336 H=48 stride=512
[2026-08-29 00:45:53,891][evaluation.evaluator][INFO] - artifacts ready run=/fslarge/scratch/users/h61084/codes/tsfm/outputs_selena/foundation_models/time-current_velocity_h_part21/336_48/chronos2/none/raw/keep/run_0 mse=0.438785 nmse=0.80409 inference_seconds=0.192
2026-08-29 00:45:56 | configuration dataset=time/current_velocity_h_part21 L=336 H=48 model=chronos_bolt covariates=none instance_norm=false remove_constant=false seed=1 batch_size=128
[2026-08-29 00:45:58,620][data.dataset][INFO] - dataset config path=/fssmall/home/h61084/codes/datasets/time/current_velocity_h_part21/config.json applied_keys=['date_col', 'drop_users', 'target_cols']
[2026-08-29 00:45:58,640][evaluation.evaluator][INFO] - evaluate dataset=time/current_velocity_h_part21 users=6 dates=2595 windows=30 removed_constant=0 L=336 H=48 stride=512
[2026-08-29 00:46:04,311][evaluation.evaluator][INFO] - artifacts ready run=/fslarge/scratch/users/h61084/codes/tsfm/outputs_selena/foundation_models/time-current_velocity_h_part21/336_48/chronos_bolt/none/raw/keep/run_0 mse=0.329636 nmse=0.886393 inference_seconds=0.194
2026-08-29 00:46:06 | configuration dataset=time/current_velocity_h_part21 L=336 H=48 model=chronos_t5 covariates=none instance_norm=false remove_constant=false seed=1 batch_size=32
[2026-08-29 00:46:09,031][data.dataset][INFO] - dataset config path=/fssmall/home/h61084/codes/datasets/time/current_velocity_h_part21/config.json applied_keys=['date_col', 'drop_users', 'target_cols']
[2026-08-29 00:46:09,051][evaluation.evaluator][INFO] - evaluate dataset=time/current_velocity_h_part21 users=6 dates=2595 windows=30 removed_constant=0 L=336 H=48 stride=512
[2026-08-29 00:46:15,603][evaluation.evaluator][INFO] - artifacts ready run=/fslarge/scratch/users/h61084/codes/tsfm/outputs_selena/foundation_models/time-current_velocity_h_part21/336_48/chronos_t5/none/raw/keep/run_0 mse=0.708231 nmse=13.6419 inference_seconds=1.036
2026-08-29 00:46:17 | configuration dataset=time/current_velocity_h_part21 L=336 H=48 model=ts_icl covariates=none instance_norm=false remove_constant=false seed=1 batch_size=32
[2026-08-29 00:46:20,369][data.dataset][INFO] - dataset config path=/fssmall/home/h61084/codes/datasets/time/current_velocity_h_part21/config.json applied_keys=['date_col', 'drop_users', 'target_cols']
[2026-08-29 00:46:20,389][evaluation.evaluator][INFO] - evaluate dataset=time/current_velocity_h_part21 users=6 dates=2595 windows=30 removed_constant=0 L=336 H=48 stride=512
[2026-08-29 00:46:22,475][evaluation.evaluator][INFO] - artifacts ready run=/fslarge/scratch/users/h61084/codes/tsfm/outputs_selena/foundation_models/time-current_velocity_h_part21/336_48/ts_icl/none/raw/keep/run_0 mse=0.353055 nmse=0.78334 inference_seconds=1.243
2026-08-29 00:46:24 | configuration dataset=time/current_velocity_h_part21 L=504 H=168 model=chronos2 covariates=none instance_norm=false remove_constant=false seed=1 batch_size=64
[2026-08-29 00:46:27,086][data.dataset][INFO] - dataset config path=/fssmall/home/h61084/codes/datasets/time/current_velocity_h_part21/config.json applied_keys=['date_col', 'drop_users', 'target_cols']
[2026-08-29 00:46:27,107][evaluation.evaluator][INFO] - evaluate dataset=time/current_velocity_h_part21 users=6 dates=2595 windows=24 removed_constant=0 L=504 H=168 stride=512
[2026-08-29 00:46:33,188][evaluation.evaluator][INFO] - artifacts ready run=/fslarge/scratch/users/h61084/codes/tsfm/outputs_selena/foundation_models/time-current_velocity_h_part21/504_168/chronos2/none/raw/keep/run_0 mse=0.706597 nmse=1.10725 inference_seconds=0.197
2026-08-29 00:46:35 | configuration dataset=time/current_velocity_h_part21 L=504 H=168 model=chronos_bolt covariates=none instance_norm=false remove_constant=false seed=1 batch_size=128
[2026-08-29 00:46:37,947][data.dataset][INFO] - dataset config path=/fssmall/home/h61084/codes/datasets/time/current_velocity_h_part21/config.json applied_keys=['date_col', 'drop_users', 'target_cols']
[2026-08-29 00:46:37,967][evaluation.evaluator][INFO] - evaluate dataset=time/current_velocity_h_part21 users=6 dates=2595 windows=24 removed_constant=0 L=504 H=168 stride=512
[2026-08-29 00:46:43,891][evaluation.evaluator][INFO] - artifacts ready run=/fslarge/scratch/users/h61084/codes/tsfm/outputs_selena/foundation_models/time-current_velocity_h_part21/504_168/chronos_bolt/none/raw/keep/run_0 mse=0.534327 nmse=1.16245 inference_seconds=0.348
2026-08-29 00:46:46 | configuration dataset=time/current_velocity_h_part21 L=504 H=168 model=chronos_t5 covariates=none instance_norm=false remove_constant=false seed=1 batch_size=32
[2026-08-29 00:46:48,701][data.dataset][INFO] - dataset config path=/fssmall/home/h61084/codes/datasets/time/current_velocity_h_part21/config.json applied_keys=['date_col', 'drop_users', 'target_cols']
[2026-08-29 00:46:48,722][evaluation.evaluator][INFO] - evaluate dataset=time/current_velocity_h_part21 users=6 dates=2595 windows=24 removed_constant=0 L=504 H=168 stride=512
[2026-08-29 00:46:54,202][/fssmall/home/h61084/codes/tsfm/.venv/lib/python3.12/site-packages/chronos/chronos.py][WARNING] - We recommend keeping prediction length <= 64. The quality of longer predictions may degrade since the model is not optimized for it. 
[2026-08-29 00:46:57,268][evaluation.evaluator][INFO] - artifacts ready run=/fslarge/scratch/users/h61084/codes/tsfm/outputs_selena/foundation_models/time-current_velocity_h_part21/504_168/chronos_t5/none/raw/keep/run_0 mse=1.13597 nmse=16.4687 inference_seconds=3.046
2026-08-29 00:46:59 | configuration dataset=time/current_velocity_h_part21 L=504 H=168 model=ts_icl covariates=none instance_norm=false remove_constant=false seed=1 batch_size=32
[2026-08-29 00:47:02,055][data.dataset][INFO] - dataset config path=/fssmall/home/h61084/codes/datasets/time/current_velocity_h_part21/config.json applied_keys=['date_col', 'drop_users', 'target_cols']
[2026-08-29 00:47:02,075][evaluation.evaluator][INFO] - evaluate dataset=time/current_velocity_h_part21 users=6 dates=2595 windows=24 removed_constant=0 L=504 H=168 stride=512
[2026-08-29 00:47:04,175][evaluation.evaluator][INFO] - artifacts ready run=/fslarge/scratch/users/h61084/codes/tsfm/outputs_selena/foundation_models/time-current_velocity_h_part21/504_168/ts_icl/none/raw/keep/run_0 mse=0.625688 nmse=1.09039 inference_seconds=1.271
2026-08-29 00:47:06 | report family=foundation_models
/fslarge/scratch/users/h61084/codes/tsfm/outputs_selena/reports/foundation_models/full/results.csv
