2026-08-28 21:33:20 | resources data_root=auto weights_root=auto output_root=/scratch/users/h61084/codes/tsfm/outputs_selena/foundation_models
2026-08-28 21:33:31 | profile mode=full datasets=electricity traffic solar weather exchange_rate time/cphl_h_part01 time/cphl_h_part02 time/coastal_t_s_h_part01 time/coastal_t_s_h_part02 time/coastal_t_s_h_part03 time/coastal_t_s_h_part04 time/coastal_t_s_h_part05 time/coastal_t_s_h_part06 time/coastal_t_s_h_part07 time/coastal_t_s_h_part08 time/coastal_t_s_h_part09 time/coastal_t_s_h_part10 time/coastal_t_s_h_part11 time/coastal_t_s_h_part12 time/coastal_t_s_h_part13 time/coastal_t_s_h_part14 time/coastal_t_s_h_part15 time/coastal_t_s_h_part16 time/coastal_t_s_h_part17 time/coastal_t_s_h_part18 time/coastal_t_s_h_part19 time/coastal_t_s_h_part20 time/coastal_t_s_h_part21 time/coastal_t_s_h_part22 time/coastal_t_s_h_part23 time/crypto_d time/ecdc_covid_d_part01 time/ecdc_covid_d_part02 time/ecdc_covid_d_part03 time/ecdc_covid_d_part04 time/ecdc_covid_d_part05 time/ecdc_covid_d_part06 time/ecdc_covid_d_part07 time/ne_china_wind_h time/online_retail_2_uci_d time/port_activity_d time/supply_chain_customer_d time/supply_chain_location_d time/current_velocity_h_part01 time/current_velocity_h_part02 time/current_velocity_h_part03 time/current_velocity_h_part04 time/current_velocity_h_part05 time/current_velocity_h_part06 time/current_velocity_h_part07 time/current_velocity_h_part08 time/current_velocity_h_part09 time/current_velocity_h_part10 time/current_velocity_h_part11 time/current_velocity_h_part12 time/current_velocity_h_part13 time/current_velocity_h_part14 time/current_velocity_h_part15 time/current_velocity_h_part16 time/current_velocity_h_part17 time/current_velocity_h_part18 time/current_velocity_h_part19 time/current_velocity_h_part20 time/current_velocity_h_part21 settings=336:48 504:168 14:2 30:7 tasks=128 seeds=1
2026-08-28 21:33:31 | foundation models=chronos2 chronos_bolt chronos_t5 ts_icl
2026-08-28 21:33:31 | configuration dataset=electricity L=336 H=48 model=chronos2 covariates=none instance_norm=false remove_constant=false seed=1 batch_size=64
[2026-08-28 21:33:34,361][data.dataset][INFO] - dataset config path=/fssmall/home/h61084/codes/datasets/electricity/config.json applied_keys=['date_col', 'drop_users']
[2026-08-28 21:33:35,156][evaluation.evaluator][INFO] - skip complete run=/fslarge/scratch/users/h61084/codes/tsfm/outputs_selena/foundation_models/electricity/336_48/chronos2/none/raw/keep/run_0
2026-08-28 21:33:35 | configuration dataset=electricity L=336 H=48 model=chronos_bolt covariates=none instance_norm=false remove_constant=false seed=1 batch_size=128
[2026-08-28 21:33:38,209][data.dataset][INFO] - dataset config path=/fssmall/home/h61084/codes/datasets/electricity/config.json applied_keys=['date_col', 'drop_users']
[2026-08-28 21:33:38,885][evaluation.evaluator][INFO] - skip complete run=/fslarge/scratch/users/h61084/codes/tsfm/outputs_selena/foundation_models/electricity/336_48/chronos_bolt/none/raw/keep/run_0
2026-08-28 21:33:39 | configuration dataset=electricity L=336 H=48 model=chronos_t5 covariates=none instance_norm=false remove_constant=false seed=1 batch_size=32
[2026-08-28 21:33:41,895][data.dataset][INFO] - dataset config path=/fssmall/home/h61084/codes/datasets/electricity/config.json applied_keys=['date_col', 'drop_users']
[2026-08-28 21:33:42,591][evaluation.evaluator][INFO] - evaluate dataset=electricity users=312 dates=26304 windows=15912 removed_constant=0 L=336 H=48 stride=512
[2026-08-28 21:40:56,171][evaluation.evaluator][INFO] - artifacts ready run=/fslarge/scratch/users/h61084/codes/tsfm/outputs_selena/foundation_models/electricity/336_48/chronos_t5/none/raw/keep/run_0 mse=1.98823e+06 nmse=0.186763 inference_seconds=405.219
2026-08-28 21:40:58 | configuration dataset=electricity L=336 H=48 model=ts_icl covariates=none instance_norm=false remove_constant=false seed=1 batch_size=32
[2026-08-28 21:41:04,993][data.dataset][INFO] - dataset config path=/fssmall/home/h61084/codes/datasets/electricity/config.json applied_keys=['date_col', 'drop_users']
[2026-08-28 21:41:05,739][evaluation.evaluator][INFO] - evaluate dataset=electricity users=312 dates=26304 windows=15912 removed_constant=0 L=336 H=48 stride=512
[2026-08-28 21:41:37,591][evaluation.evaluator][INFO] - artifacts ready run=/fslarge/scratch/users/h61084/codes/tsfm/outputs_selena/foundation_models/electricity/336_48/ts_icl/none/raw/keep/run_0 mse=2.01431e+06 nmse=0.185368 inference_seconds=29.699
2026-08-28 21:41:38 | configuration dataset=electricity L=504 H=168 model=chronos2 covariates=none instance_norm=false remove_constant=false seed=1 batch_size=64
[2026-08-28 21:41:40,832][data.dataset][INFO] - dataset config path=/fssmall/home/h61084/codes/datasets/electricity/config.json applied_keys=['date_col', 'drop_users']
[2026-08-28 21:41:41,521][evaluation.evaluator][INFO] - skip complete run=/fslarge/scratch/users/h61084/codes/tsfm/outputs_selena/foundation_models/electricity/504_168/chronos2/none/raw/keep/run_0
2026-08-28 21:41:41 | configuration dataset=electricity L=504 H=168 model=chronos_bolt covariates=none instance_norm=false remove_constant=false seed=1 batch_size=128
[2026-08-28 21:41:44,509][data.dataset][INFO] - dataset config path=/fssmall/home/h61084/codes/datasets/electricity/config.json applied_keys=['date_col', 'drop_users']
[2026-08-28 21:41:45,203][evaluation.evaluator][INFO] - skip complete run=/fslarge/scratch/users/h61084/codes/tsfm/outputs_selena/foundation_models/electricity/504_168/chronos_bolt/none/raw/keep/run_0
2026-08-28 21:41:45 | configuration dataset=electricity L=504 H=168 model=chronos_t5 covariates=none instance_norm=false remove_constant=false seed=1 batch_size=32
[2026-08-28 21:41:48,175][data.dataset][INFO] - dataset config path=/fssmall/home/h61084/codes/datasets/electricity/config.json applied_keys=['date_col', 'drop_users']
[2026-08-28 21:41:48,877][evaluation.evaluator][INFO] - skip complete run=/fslarge/scratch/users/h61084/codes/tsfm/outputs_selena/foundation_models/electricity/504_168/chronos_t5/none/raw/keep/run_0
2026-08-28 21:41:49 | configuration dataset=electricity L=504 H=168 model=ts_icl covariates=none instance_norm=false remove_constant=false seed=1 batch_size=32
[2026-08-28 21:41:51,831][data.dataset][INFO] - dataset config path=/fssmall/home/h61084/codes/datasets/electricity/config.json applied_keys=['date_col', 'drop_users']
[2026-08-28 21:41:52,522][evaluation.evaluator][INFO] - skip complete run=/fslarge/scratch/users/h61084/codes/tsfm/outputs_selena/foundation_models/electricity/504_168/ts_icl/none/raw/keep/run_0
2026-08-28 21:41:52 | configuration dataset=traffic L=336 H=48 model=chronos2 covariates=none instance_norm=false remove_constant=false seed=1 batch_size=64
[2026-08-28 21:41:55,459][data.dataset][INFO] - dataset config path=/fssmall/home/h61084/codes/datasets/traffic/config.json applied_keys=['date_col', 'drop_users']
[2026-08-28 21:41:56,549][evaluation.evaluator][INFO] - evaluate dataset=traffic users=860 dates=17544 windows=29240 removed_constant=0 L=336 H=48 stride=512
[2026-08-28 21:42:17,669][evaluation.evaluator][INFO] - artifacts ready run=/fslarge/scratch/users/h61084/codes/tsfm/outputs_selena/foundation_models/traffic/336_48/chronos2/none/raw/keep/run_0 mse=0.000678069 nmse=0.29182 inference_seconds=10.206
2026-08-28 21:42:18 | configuration dataset=traffic L=336 H=48 model=chronos_bolt covariates=none instance_norm=false remove_constant=false seed=1 batch_size=128
[2026-08-28 21:42:21,042][data.dataset][INFO] - dataset config path=/fssmall/home/h61084/codes/datasets/traffic/config.json applied_keys=['date_col', 'drop_users']
[2026-08-28 21:42:22,053][evaluation.evaluator][INFO] - evaluate dataset=traffic users=860 dates=17544 windows=29240 removed_constant=0 L=336 H=48 stride=512
[2026-08-28 21:42:38,092][evaluation.evaluator][INFO] - artifacts ready run=/fslarge/scratch/users/h61084/codes/tsfm/outputs_selena/foundation_models/traffic/336_48/chronos_bolt/none/raw/keep/run_0 mse=0.000724391 nmse=0.312413 inference_seconds=6.196
2026-08-28 21:42:38 | configuration dataset=traffic L=336 H=48 model=chronos_t5 covariates=none instance_norm=false remove_constant=false seed=1 batch_size=32
[2026-08-28 21:42:41,465][data.dataset][INFO] - dataset config path=/fssmall/home/h61084/codes/datasets/traffic/config.json applied_keys=['date_col', 'drop_users']
[2026-08-28 21:42:42,518][evaluation.evaluator][INFO] - evaluate dataset=traffic users=860 dates=17544 windows=29240 removed_constant=0 L=336 H=48 stride=512
[2026-08-28 21:55:15,956][evaluation.evaluator][INFO] - artifacts ready run=/fslarge/scratch/users/h61084/codes/tsfm/outputs_selena/foundation_models/traffic/336_48/chronos_t5/none/raw/keep/run_0 mse=0.000882397 nmse=0.348746 inference_seconds=735.773
2026-08-28 21:55:18 | configuration dataset=traffic L=336 H=48 model=ts_icl covariates=none instance_norm=false remove_constant=false seed=1 batch_size=32
[2026-08-28 21:55:25,661][data.dataset][INFO] - dataset config path=/fssmall/home/h61084/codes/datasets/traffic/config.json applied_keys=['date_col', 'drop_users']
[2026-08-28 21:55:26,761][evaluation.evaluator][INFO] - evaluate dataset=traffic users=860 dates=17544 windows=29240 removed_constant=0 L=336 H=48 stride=512
[2026-08-28 21:56:22,245][evaluation.evaluator][INFO] - artifacts ready run=/fslarge/scratch/users/h61084/codes/tsfm/outputs_selena/foundation_models/traffic/336_48/ts_icl/none/raw/keep/run_0 mse=0.000703842 nmse=0.301755 inference_seconds=52.520
2026-08-28 21:56:22 | configuration dataset=traffic L=504 H=168 model=chronos2 covariates=none instance_norm=false remove_constant=false seed=1 batch_size=64
[2026-08-28 21:56:25,510][data.dataset][INFO] - dataset config path=/fssmall/home/h61084/codes/datasets/traffic/config.json applied_keys=['date_col', 'drop_users']
[2026-08-28 21:56:26,562][evaluation.evaluator][INFO] - evaluate dataset=traffic users=860 dates=17544 windows=28380 removed_constant=0 L=504 H=168 stride=512
[2026-08-28 21:56:49,929][evaluation.evaluator][INFO] - artifacts ready run=/fslarge/scratch/users/h61084/codes/tsfm/outputs_selena/foundation_models/traffic/504_168/chronos2/none/raw/keep/run_0 mse=0.000560491 nmse=0.243296 inference_seconds=12.307
2026-08-28 21:56:50 | configuration dataset=traffic L=504 H=168 model=chronos_bolt covariates=none instance_norm=false remove_constant=false seed=1 batch_size=128
[2026-08-28 21:56:53,294][data.dataset][INFO] - dataset config path=/fssmall/home/h61084/codes/datasets/traffic/config.json applied_keys=['date_col', 'drop_users']
[2026-08-28 21:56:54,375][evaluation.evaluator][INFO] - evaluate dataset=traffic users=860 dates=17544 windows=28380 removed_constant=0 L=504 H=168 stride=512
[2026-08-28 21:59:30,305][evaluation.evaluator][INFO] - artifacts ready run=/fslarge/scratch/users/h61084/codes/tsfm/outputs_selena/foundation_models/traffic/504_168/chronos_bolt/none/raw/keep/run_0 mse=0.000630893 nmse=0.268337 inference_seconds=148.215
2026-08-28 21:59:31 | configuration dataset=traffic L=504 H=168 model=chronos_t5 covariates=none instance_norm=false remove_constant=false seed=1 batch_size=32
[2026-08-28 21:59:33,701][data.dataset][INFO] - dataset config path=/fssmall/home/h61084/codes/datasets/traffic/config.json applied_keys=['date_col', 'drop_users']
[2026-08-28 21:59:34,772][evaluation.evaluator][INFO] - evaluate dataset=traffic users=860 dates=17544 windows=28380 removed_constant=0 L=504 H=168 stride=512
[2026-08-28 21:59:50,179][/fssmall/home/h61084/codes/tsfm/.venv/lib/python3.12/site-packages/chronos/chronos.py][WARNING] - We recommend keeping prediction length <= 64. The quality of longer predictions may degrade since the model is not optimized for it. 
[2026-08-28 21:59:54,054][/fssmall/home/h61084/codes/tsfm/.venv/lib/python3.12/site-packages/chronos/chronos.py][WARNING] - We recommend keeping prediction length <= 64. The quality of longer predictions may degrade since the model is not optimized for it. 
[2026-08-28 21:59:57,555][/fssmall/home/h61084/codes/tsfm/.venv/lib/python3.12/site-packages/chronos/chronos.py][WARNING] - We recommend keeping prediction length <= 64. The quality of longer predictions may degrade since the model is not optimized for it. 
[2026-08-28 22:00:01,055][/fssmall/home/h61084/codes/tsfm/.venv/lib/python3.12/site-packages/chronos/chronos.py][WARNING] - We recommend keeping prediction length <= 64. The quality of longer predictions may degrade since the model is not optimized for it. 
[2026-08-28 22:00:04,554][/fssmall/home/h61084/codes/tsfm/.venv/lib/python3.12/site-packages/chronos/chronos.py][WARNING] - We recommend keeping prediction length <= 64. The quality of longer predictions may degrade since the model is not optimized for it. 
[2026-08-28 22:00:08,055][/fssmall/home/h61084/codes/tsfm/.venv/lib/python3.12/site-packages/chronos/chronos.py][WARNING] - We recommend keeping prediction length <= 64. The quality of longer predictions may degrade since the model is not optimized for it. 
[2026-08-28 22:00:11,555][/fssmall/home/h61084/codes/tsfm/.venv/lib/python3.12/site-packages/chronos/chronos.py][WARNING] - We recommend keeping prediction length <= 64. The quality of longer predictions may degrade since the model is not optimized for it. 
[2026-08-28 22:00:15,054][/fssmall/home/h61084/codes/tsfm/.venv/lib/python3.12/site-packages/chronos/chronos.py][WARNING] - We recommend keeping prediction length <= 64. The quality of longer predictions may degrade since the model is not optimized for it. 
[2026-08-28 22:00:18,555][/fssmall/home/h61084/codes/tsfm/.venv/lib/python3.12/site-packages/chronos/chronos.py][WARNING] - We recommend keeping prediction length <= 64. The quality of longer predictions may degrade since the model is not optimized for it. 
[2026-08-28 22:00:22,054][/fssmall/home/h61084/codes/tsfm/.venv/lib/python3.12/site-packages/chronos/chronos.py][WARNING] - We recommend keeping prediction length <= 64. The quality of longer predictions may degrade since the model is not optimized for it. 
[2026-08-28 22:00:25,556][/fssmall/home/h61084/codes/tsfm/.venv/lib/python3.12/site-packages/chronos/chronos.py][WARNING] - We recommend keeping prediction length <= 64. The quality of longer predictions may degrade since the model is not optimized for it. 
[2026-08-28 22:00:29,062][/fssmall/home/h61084/codes/tsfm/.venv/lib/python3.12/site-packages/chronos/chronos.py][WARNING] - We recommend keeping prediction length <= 64. The quality of longer predictions may degrade since the model is not optimized for it. 
[2026-08-28 22:00:32,567][/fssmall/home/h61084/codes/tsfm/.venv/lib/python3.12/site-packages/chronos/chronos.py][WARNING] - We recommend keeping prediction length <= 64. The quality of longer predictions may degrade since the model is not optimized for it. 
[2026-08-28 22:00:36,072][/fssmall/home/h61084/codes/tsfm/.venv/lib/python3.12/site-packages/chronos/chronos.py][WARNING] - We recommend keeping prediction length <= 64. The quality of longer predictions may degrade since the model is not optimized for it. 
[2026-08-28 22:00:39,576][/fssmall/home/h61084/codes/tsfm/.venv/lib/python3.12/site-packages/chronos/chronos.py][WARNING] - We recommend keeping prediction length <= 64. The quality of longer predictions may degrade since the model is not optimized for it. 
[2026-08-28 22:00:43,081][/fssmall/home/h61084/codes/tsfm/.venv/lib/python3.12/site-packages/chronos/chronos.py][WARNING] - We recommend keeping prediction length <= 64. The quality of longer predictions may degrade since the model is not optimized for it. 
[2026-08-28 22:00:46,585][/fssmall/home/h61084/codes/tsfm/.venv/lib/python3.12/site-packages/chronos/chronos.py][WARNING] - We recommend keeping prediction length <= 64. The quality of longer predictions may degrade since the model is not optimized for it. 
[2026-08-28 22:00:50,088][/fssmall/home/h61084/codes/tsfm/.venv/lib/python3.12/site-packages/chronos/chronos.py][WARNING] - We recommend keeping prediction length <= 64. The quality of longer predictions may degrade since the model is not optimized for it. 
[2026-08-28 22:00:53,591][/fssmall/home/h61084/codes/tsfm/.venv/lib/python3.12/site-packages/chronos/chronos.py][WARNING] - We recommend keeping prediction length <= 64. The quality of longer predictions may degrade since the model is not optimized for it. 
[2026-08-28 22:00:57,096][/fssmall/home/h61084/codes/tsfm/.venv/lib/python3.12/site-packages/chronos/chronos.py][WARNING] - We recommend keeping prediction length <= 64. The quality of longer predictions may degrade since the model is not optimized for it. 
[2026-08-28 22:01:00,602][/fssmall/home/h61084/codes/tsfm/.venv/lib/python3.12/site-packages/chronos/chronos.py][WARNING] - We recommend keeping prediction length <= 64. The quality of longer predictions may degrade since the model is not optimized for it. 
[2026-08-28 22:01:04,105][/fssmall/home/h61084/codes/tsfm/.venv/lib/python3.12/site-packages/chronos/chronos.py][WARNING] - We recommend keeping prediction length <= 64. The quality of longer predictions may degrade since the model is not optimized for it. 
[2026-08-28 22:01:07,610][/fssmall/home/h61084/codes/tsfm/.venv/lib/python3.12/site-packages/chronos/chronos.py][WARNING] - We recommend keeping prediction length <= 64. The quality of longer predictions may degrade since the model is not optimized for it. 
[2026-08-28 22:01:11,117][/fssmall/home/h61084/codes/tsfm/.venv/lib/python3.12/site-packages/chronos/chronos.py][WARNING] - We recommend keeping prediction length <= 64. The quality of longer predictions may degrade since the model is not optimized for it. 
[2026-08-28 22:01:14,622][/fssmall/home/h61084/codes/tsfm/.venv/lib/python3.12/site-packages/chronos/chronos.py][WARNING] - We recommend keeping prediction length <= 64. The quality of longer predictions may degrade since the model is not optimized for it. 
[2026-08-28 22:01:18,127][/fssmall/home/h61084/codes/tsfm/.venv/lib/python3.12/site-packages/chronos/chronos.py][WARNING] - We recommend keeping prediction length <= 64. The quality of longer predictions may degrade since the model is not optimized for it. 
[2026-08-28 22:01:21,632][/fssmall/home/h61084/codes/tsfm/.venv/lib/python3.12/site-packages/chronos/chronos.py][WARNING] - We recommend keeping prediction length <= 64. The quality of longer predictions may degrade since the model is not optimized for it. 
[2026-08-28 22:01:25,137][/fssmall/home/h61084/codes/tsfm/.venv/lib/python3.12/site-packages/chronos/chronos.py][WARNING] - We recommend keeping prediction length <= 64. The quality of longer predictions may degrade since the model is not optimized for it. 
[2026-08-28 22:01:28,643][/fssmall/home/h61084/codes/tsfm/.venv/lib/python3.12/site-packages/chronos/chronos.py][WARNING] - We recommend keeping prediction length <= 64. The quality of longer predictions may degrade since the model is not optimized for it. 
[2026-08-28 22:01:32,149][/fssmall/home/h61084/codes/tsfm/.venv/lib/python3.12/site-packages/chronos/chronos.py][WARNING] - We recommend keeping prediction length <= 64. The quality of longer predictions may degrade since the model is not optimized for it. 
[2026-08-28 22:01:35,657][/fssmall/home/h61084/codes/tsfm/.venv/lib/python3.12/site-packages/chronos/chronos.py][WARNING] - We recommend keeping prediction length <= 64. The quality of longer predictions may degrade since the model is not optimized for it. 
[2026-08-28 22:01:39,162][/fssmall/home/h61084/codes/tsfm/.venv/lib/python3.12/site-packages/chronos/chronos.py][WARNING] - We recommend keeping prediction length <= 64. The quality of longer predictions may degrade since the model is not optimized for it. 
[2026-08-28 22:01:42,670][/fssmall/home/h61084/codes/tsfm/.venv/lib/python3.12/site-packages/chronos/chronos.py][WARNING] - We recommend keeping prediction length <= 64. The quality of longer predictions may degrade since the model is not optimized for it. 
[2026-08-28 22:01:46,177][/fssmall/home/h61084/codes/tsfm/.venv/lib/python3.12/site-packages/chronos/chronos.py][WARNING] - We recommend keeping prediction length <= 64. The quality of longer predictions may degrade since the model is not optimized for it. 
[2026-08-28 22:01:49,682][/fssmall/home/h61084/codes/tsfm/.venv/lib/python3.12/site-packages/chronos/chronos.py][WARNING] - We recommend keeping prediction length <= 64. The quality of longer predictions may degrade since the model is not optimized for it. 
[2026-08-28 22:01:53,186][/fssmall/home/h61084/codes/tsfm/.venv/lib/python3.12/site-packages/chronos/chronos.py][WARNING] - We recommend keeping prediction length <= 64. The quality of longer predictions may degrade since the model is not optimized for it. 
[2026-08-28 22:01:56,692][/fssmall/home/h61084/codes/tsfm/.venv/lib/python3.12/site-packages/chronos/chronos.py][WARNING] - We recommend keeping prediction length <= 64. The quality of longer predictions may degrade since the model is not optimized for it. 
[2026-08-28 22:02:00,198][/fssmall/home/h61084/codes/tsfm/.venv/lib/python3.12/site-packages/chronos/chronos.py][WARNING] - We recommend keeping prediction length <= 64. The quality of longer predictions may degrade since the model is not optimized for it. 
[2026-08-28 22:02:03,704][/fssmall/home/h61084/codes/tsfm/.venv/lib/python3.12/site-packages/chronos/chronos.py][WARNING] - We recommend keeping prediction length <= 64. The quality of longer predictions may degrade since the model is not optimized for it. 
[2026-08-28 22:02:07,210][/fssmall/home/h61084/codes/tsfm/.venv/lib/python3.12/site-packages/chronos/chronos.py][WARNING] - We recommend keeping prediction length <= 64. The quality of longer predictions may degrade since the model is not optimized for it. 
[2026-08-28 22:02:10,717][/fssmall/home/h61084/codes/tsfm/.venv/lib/python3.12/site-packages/chronos/chronos.py][WARNING] - We recommend keeping prediction length <= 64. The quality of longer predictions may degrade since the model is not optimized for it. 
[2026-08-28 22:02:14,222][/fssmall/home/h61084/codes/tsfm/.venv/lib/python3.12/site-packages/chronos/chronos.py][WARNING] - We recommend keeping prediction length <= 64. The quality of longer predictions may degrade since the model is not optimized for it. 
[2026-08-28 22:02:17,728][/fssmall/home/h61084/codes/tsfm/.venv/lib/python3.12/site-packages/chronos/chronos.py][WARNING] - We recommend keeping prediction length <= 64. The quality of longer predictions may degrade since the model is not optimized for it. 
[2026-08-28 22:02:21,236][/fssmall/home/h61084/codes/tsfm/.venv/lib/python3.12/site-packages/chronos/chronos.py][WARNING] - We recommend keeping prediction length <= 64. The quality of longer predictions may degrade since the model is not optimized for it. 
[2026-08-28 22:02:24,742][/fssmall/home/h61084/codes/tsfm/.venv/lib/python3.12/site-packages/chronos/chronos.py][WARNING] - We recommend keeping prediction length <= 64. The quality of longer predictions may degrade since the model is not optimized for it. 
[2026-08-28 22:02:28,248][/fssmall/home/h61084/codes/tsfm/.venv/lib/python3.12/site-packages/chronos/chronos.py][WARNING] - We recommend keeping prediction length <= 64. The quality of longer predictions may degrade since the model is not optimized for it. 
[2026-08-28 22:02:31,752][/fssmall/home/h61084/codes/tsfm/.venv/lib/python3.12/site-packages/chronos/chronos.py][WARNING] - We recommend keeping prediction length <= 64. The quality of longer predictions may degrade since the model is not optimized for it. 
[2026-08-28 22:02:35,258][/fssmall/home/h61084/codes/tsfm/.venv/lib/python3.12/site-packages/chronos/chronos.py][WARNING] - We recommend keeping prediction length <= 64. The quality of longer predictions may degrade since the model is not optimized for it. 
[2026-08-28 22:02:38,765][/fssmall/home/h61084/codes/tsfm/.venv/lib/python3.12/site-packages/chronos/chronos.py][WARNING] - We recommend keeping prediction length <= 64. The quality of longer predictions may degrade since the model is not optimized for it. 
[2026-08-28 22:02:42,270][/fssmall/home/h61084/codes/tsfm/.venv/lib/python3.12/site-packages/chronos/chronos.py][WARNING] - We recommend keeping prediction length <= 64. The quality of longer predictions may degrade since the model is not optimized for it. 
[2026-08-28 22:02:45,778][/fssmall/home/h61084/codes/tsfm/.venv/lib/python3.12/site-packages/chronos/chronos.py][WARNING] - We recommend keeping prediction length <= 64. The quality of longer predictions may degrade since the model is not optimized for it. 
[2026-08-28 22:02:49,286][/fssmall/home/h61084/codes/tsfm/.venv/lib/python3.12/site-packages/chronos/chronos.py][WARNING] - We recommend keeping prediction length <= 64. The quality of longer predictions may degrade since the model is not optimized for it. 
[2026-08-28 22:02:52,790][/fssmall/home/h61084/codes/tsfm/.venv/lib/python3.12/site-packages/chronos/chronos.py][WARNING] - We recommend keeping prediction length <= 64. The quality of longer predictions may degrade since the model is not optimized for it. 
[2026-08-28 22:02:56,296][/fssmall/home/h61084/codes/tsfm/.venv/lib/python3.12/site-packages/chronos/chronos.py][WARNING] - We recommend keeping prediction length <= 64. The quality of longer predictions may degrade since the model is not optimized for it. 
[2026-08-28 22:02:59,800][/fssmall/home/h61084/codes/tsfm/.venv/lib/python3.12/site-packages/chronos/chronos.py][WARNING] - We recommend keeping prediction length <= 64. The quality of longer predictions may degrade since the model is not optimized for it. 
[2026-08-28 22:03:03,306][/fssmall/home/h61084/codes/tsfm/.venv/lib/python3.12/site-packages/chronos/chronos.py][WARNING] - We recommend keeping prediction length <= 64. The quality of longer predictions may degrade since the model is not optimized for it. 
[2026-08-28 22:03:06,810][/fssmall/home/h61084/codes/tsfm/.venv/lib/python3.12/site-packages/chronos/chronos.py][WARNING] - We recommend keeping prediction length <= 64. The quality of longer predictions may degrade since the model is not optimized for it. 
[2026-08-28 22:03:10,318][/fssmall/home/h61084/codes/tsfm/.venv/lib/python3.12/site-packages/chronos/chronos.py][WARNING] - We recommend keeping prediction length <= 64. The quality of longer predictions may degrade since the model is not optimized for it. 
[2026-08-28 22:03:13,823][/fssmall/home/h61084/codes/tsfm/.venv/lib/python3.12/site-packages/chronos/chronos.py][WARNING] - We recommend keeping prediction length <= 64. The quality of longer predictions may degrade since the model is not optimized for it. 
[2026-08-28 22:03:17,329][/fssmall/home/h61084/codes/tsfm/.venv/lib/python3.12/site-packages/chronos/chronos.py][WARNING] - We recommend keeping prediction length <= 64. The quality of longer predictions may degrade since the model is not optimized for it. 
[2026-08-28 22:03:20,837][/fssmall/home/h61084/codes/tsfm/.venv/lib/python3.12/site-packages/chronos/chronos.py][WARNING] - We recommend keeping prediction length <= 64. The quality of longer predictions may degrade since the model is not optimized for it. 
[2026-08-28 22:03:24,340][/fssmall/home/h61084/codes/tsfm/.venv/lib/python3.12/site-packages/chronos/chronos.py][WARNING] - We recommend keeping prediction length <= 64. The quality of longer predictions may degrade since the model is not optimized for it. 
[2026-08-28 22:03:27,844][/fssmall/home/h61084/codes/tsfm/.venv/lib/python3.12/site-packages/chronos/chronos.py][WARNING] - We recommend keeping prediction length <= 64. The quality of longer predictions may degrade since the model is not optimized for it. 
[2026-08-28 22:03:31,350][/fssmall/home/h61084/codes/tsfm/.venv/lib/python3.12/site-packages/chronos/chronos.py][WARNING] - We recommend keeping prediction length <= 64. The quality of longer predictions may degrade since the model is not optimized for it. 
[2026-08-28 22:03:34,856][/fssmall/home/h61084/codes/tsfm/.venv/lib/python3.12/site-packages/chronos/chronos.py][WARNING] - We recommend keeping prediction length <= 64. The quality of longer predictions may degrade since the model is not optimized for it. 
[2026-08-28 22:03:38,363][/fssmall/home/h61084/codes/tsfm/.venv/lib/python3.12/site-packages/chronos/chronos.py][WARNING] - We recommend keeping prediction length <= 64. The quality of longer predictions may degrade since the model is not optimized for it. 
[2026-08-28 22:03:41,869][/fssmall/home/h61084/codes/tsfm/.venv/lib/python3.12/site-packages/chronos/chronos.py][WARNING] - We recommend keeping prediction length <= 64. The quality of longer predictions may degrade since the model is not optimized for it. 
[2026-08-28 22:03:45,374][/fssmall/home/h61084/codes/tsfm/.venv/lib/python3.12/site-packages/chronos/chronos.py][WARNING] - We recommend keeping prediction length <= 64. The quality of longer predictions may degrade since the model is not optimized for it. 
[2026-08-28 22:03:48,880][/fssmall/home/h61084/codes/tsfm/.venv/lib/python3.12/site-packages/chronos/chronos.py][WARNING] - We recommend keeping prediction length <= 64. The quality of longer predictions may degrade since the model is not optimized for it. 
[2026-08-28 22:03:52,386][/fssmall/home/h61084/codes/tsfm/.venv/lib/python3.12/site-packages/chronos/chronos.py][WARNING] - We recommend keeping prediction length <= 64. The quality of longer predictions may degrade since the model is not optimized for it. 
[2026-08-28 22:03:55,890][/fssmall/home/h61084/codes/tsfm/.venv/lib/python3.12/site-packages/chronos/chronos.py][WARNING] - We recommend keeping prediction length <= 64. The quality of longer predictions may degrade since the model is not optimized for it. 
[2026-08-28 22:03:59,393][/fssmall/home/h61084/codes/tsfm/.venv/lib/python3.12/site-packages/chronos/chronos.py][WARNING] - We recommend keeping prediction length <= 64. The quality of longer predictions may degrade since the model is not optimized for it. 
[2026-08-28 22:04:02,898][/fssmall/home/h61084/codes/tsfm/.venv/lib/python3.12/site-packages/chronos/chronos.py][WARNING] - We recommend keeping prediction length <= 64. The quality of longer predictions may degrade since the model is not optimized for it. 
[2026-08-28 22:04:06,404][/fssmall/home/h61084/codes/tsfm/.venv/lib/python3.12/site-packages/chronos/chronos.py][WARNING] - We recommend keeping prediction length <= 64. The quality of longer predictions may degrade since the model is not optimized for it. 
[2026-08-28 22:04:09,911][/fssmall/home/h61084/codes/tsfm/.venv/lib/python3.12/site-packages/chronos/chronos.py][WARNING] - We recommend keeping prediction length <= 64. The quality of longer predictions may degrade since the model is not optimized for it. 
[2026-08-28 22:04:13,416][/fssmall/home/h61084/codes/tsfm/.venv/lib/python3.12/site-packages/chronos/chronos.py][WARNING] - We recommend keeping prediction length <= 64. The quality of longer predictions may degrade since the model is not optimized for it. 
[2026-08-28 22:04:16,917][/fssmall/home/h61084/codes/tsfm/.venv/lib/python3.12/site-packages/chronos/chronos.py][WARNING] - We recommend keeping prediction length <= 64. The quality of longer predictions may degrade since the model is not optimized for it. 
[2026-08-28 22:04:20,422][/fssmall/home/h61084/codes/tsfm/.venv/lib/python3.12/site-packages/chronos/chronos.py][WARNING] - We recommend keeping prediction length <= 64. The quality of longer predictions may degrade since the model is not optimized for it. 
[2026-08-28 22:04:23,923][/fssmall/home/h61084/codes/tsfm/.venv/lib/python3.12/site-packages/chronos/chronos.py][WARNING] - We recommend keeping prediction length <= 64. The quality of longer predictions may degrade since the model is not optimized for it. 
[2026-08-28 22:04:27,424][/fssmall/home/h61084/codes/tsfm/.venv/lib/python3.12/site-packages/chronos/chronos.py][WARNING] - We recommend keeping prediction length <= 64. The quality of longer predictions may degrade since the model is not optimized for it. 
[2026-08-28 22:04:30,930][/fssmall/home/h61084/codes/tsfm/.venv/lib/python3.12/site-packages/chronos/chronos.py][WARNING] - We recommend keeping prediction length <= 64. The quality of longer predictions may degrade since the model is not optimized for it. 
[2026-08-28 22:04:34,436][/fssmall/home/h61084/codes/tsfm/.venv/lib/python3.12/site-packages/chronos/chronos.py][WARNING] - We recommend keeping prediction length <= 64. The quality of longer predictions may degrade since the model is not optimized for it. 
[2026-08-28 22:04:37,941][/fssmall/home/h61084/codes/tsfm/.venv/lib/python3.12/site-packages/chronos/chronos.py][WARNING] - We recommend keeping prediction length <= 64. The quality of longer predictions may degrade since the model is not optimized for it. 
[2026-08-28 22:04:41,449][/fssmall/home/h61084/codes/tsfm/.venv/lib/python3.12/site-packages/chronos/chronos.py][WARNING] - We recommend keeping prediction length <= 64. The quality of longer predictions may degrade since the model is not optimized for it. 
[2026-08-28 22:04:44,951][/fssmall/home/h61084/codes/tsfm/.venv/lib/python3.12/site-packages/chronos/chronos.py][WARNING] - We recommend keeping prediction length <= 64. The quality of longer predictions may degrade since the model is not optimized for it. 
[2026-08-28 22:04:48,458][/fssmall/home/h61084/codes/tsfm/.venv/lib/python3.12/site-packages/chronos/chronos.py][WARNING] - We recommend keeping prediction length <= 64. The quality of longer predictions may degrade since the model is not optimized for it. 
[2026-08-28 22:04:51,964][/fssmall/home/h61084/codes/tsfm/.venv/lib/python3.12/site-packages/chronos/chronos.py][WARNING] - We recommend keeping prediction length <= 64. The quality of longer predictions may degrade since the model is not optimized for it. 
[2026-08-28 22:04:55,470][/fssmall/home/h61084/codes/tsfm/.venv/lib/python3.12/site-packages/chronos/chronos.py][WARNING] - We recommend keeping prediction length <= 64. The quality of longer predictions may degrade since the model is not optimized for it. 
[2026-08-28 22:04:58,977][/fssmall/home/h61084/codes/tsfm/.venv/lib/python3.12/site-packages/chronos/chronos.py][WARNING] - We recommend keeping prediction length <= 64. The quality of longer predictions may degrade since the model is not optimized for it. 
[2026-08-28 22:05:02,483][/fssmall/home/h61084/codes/tsfm/.venv/lib/python3.12/site-packages/chronos/chronos.py][WARNING] - We recommend keeping prediction length <= 64. The quality of longer predictions may degrade since the model is not optimized for it. 
[2026-08-28 22:05:05,986][/fssmall/home/h61084/codes/tsfm/.venv/lib/python3.12/site-packages/chronos/chronos.py][WARNING] - We recommend keeping prediction length <= 64. The quality of longer predictions may degrade since the model is not optimized for it. 
[2026-08-28 22:05:09,491][/fssmall/home/h61084/codes/tsfm/.venv/lib/python3.12/site-packages/chronos/chronos.py][WARNING] - We recommend keeping prediction length <= 64. The quality of longer predictions may degrade since the model is not optimized for it. 
[2026-08-28 22:05:12,995][/fssmall/home/h61084/codes/tsfm/.venv/lib/python3.12/site-packages/chronos/chronos.py][WARNING] - We recommend keeping prediction length <= 64. The quality of longer predictions may degrade since the model is not optimized for it. 
[2026-08-28 22:05:16,497][/fssmall/home/h61084/codes/tsfm/.venv/lib/python3.12/site-packages/chronos/chronos.py][WARNING] - We recommend keeping prediction length <= 64. The quality of longer predictions may degrade since the model is not optimized for it. 
[2026-08-28 22:05:20,001][/fssmall/home/h61084/codes/tsfm/.venv/lib/python3.12/site-packages/chronos/chronos.py][WARNING] - We recommend keeping prediction length <= 64. The quality of longer predictions may degrade since the model is not optimized for it. 
[2026-08-28 22:05:23,506][/fssmall/home/h61084/codes/tsfm/.venv/lib/python3.12/site-packages/chronos/chronos.py][WARNING] - We recommend keeping prediction length <= 64. The quality of longer predictions may degrade since the model is not optimized for it. 
[2026-08-28 22:05:27,012][/fssmall/home/h61084/codes/tsfm/.venv/lib/python3.12/site-packages/chronos/chronos.py][WARNING] - We recommend keeping prediction length <= 64. The quality of longer predictions may degrade since the model is not optimized for it. 
[2026-08-28 22:05:30,517][/fssmall/home/h61084/codes/tsfm/.venv/lib/python3.12/site-packages/chronos/chronos.py][WARNING] - We recommend keeping prediction length <= 64. The quality of longer predictions may degrade since the model is not optimized for it. 
[2026-08-28 22:05:34,180][/fssmall/home/h61084/codes/tsfm/.venv/lib/python3.12/site-packages/chronos/chronos.py][WARNING] - We recommend keeping prediction length <= 64. The quality of longer predictions may degrade since the model is not optimized for it. 
[2026-08-28 22:05:37,751][/fssmall/home/h61084/codes/tsfm/.venv/lib/python3.12/site-packages/chronos/chronos.py][WARNING] - We recommend keeping prediction length <= 64. The quality of longer predictions may degrade since the model is not optimized for it. 
[2026-08-28 22:05:41,258][/fssmall/home/h61084/codes/tsfm/.venv/lib/python3.12/site-packages/chronos/chronos.py][WARNING] - We recommend keeping prediction length <= 64. The quality of longer predictions may degrade since the model is not optimized for it. 
[2026-08-28 22:05:44,782][/fssmall/home/h61084/codes/tsfm/.venv/lib/python3.12/site-packages/chronos/chronos.py][WARNING] - We recommend keeping prediction length <= 64. The quality of longer predictions may degrade since the model is not optimized for it. 
[2026-08-28 22:05:48,284][/fssmall/home/h61084/codes/tsfm/.venv/lib/python3.12/site-packages/chronos/chronos.py][WARNING] - We recommend keeping prediction length <= 64. The quality of longer predictions may degrade since the model is not optimized for it. 
[2026-08-28 22:05:51,924][/fssmall/home/h61084/codes/tsfm/.venv/lib/python3.12/site-packages/chronos/chronos.py][WARNING] - We recommend keeping prediction length <= 64. The quality of longer predictions may degrade since the model is not optimized for it. 
[2026-08-28 22:05:55,711][/fssmall/home/h61084/codes/tsfm/.venv/lib/python3.12/site-packages/chronos/chronos.py][WARNING] - We recommend keeping prediction length <= 64. The quality of longer predictions may degrade since the model is not optimized for it. 
[2026-08-28 22:05:59,215][/fssmall/home/h61084/codes/tsfm/.venv/lib/python3.12/site-packages/chronos/chronos.py][WARNING] - We recommend keeping prediction length <= 64. The quality of longer predictions may degrade since the model is not optimized for it. 
[2026-08-28 22:06:02,731][/fssmall/home/h61084/codes/tsfm/.venv/lib/python3.12/site-packages/chronos/chronos.py][WARNING] - We recommend keeping prediction length <= 64. The quality of longer predictions may degrade since the model is not optimized for it. 
[2026-08-28 22:06:06,238][/fssmall/home/h61084/codes/tsfm/.venv/lib/python3.12/site-packages/chronos/chronos.py][WARNING] - We recommend keeping prediction length <= 64. The quality of longer predictions may degrade since the model is not optimized for it. 
[2026-08-28 22:06:09,745][/fssmall/home/h61084/codes/tsfm/.venv/lib/python3.12/site-packages/chronos/chronos.py][WARNING] - We recommend keeping prediction length <= 64. The quality of longer predictions may degrade since the model is not optimized for it. 
[2026-08-28 22:06:13,252][/fssmall/home/h61084/codes/tsfm/.venv/lib/python3.12/site-packages/chronos/chronos.py][WARNING] - We recommend keeping prediction length <= 64. The quality of longer predictions may degrade since the model is not optimized for it. 
[2026-08-28 22:06:16,758][/fssmall/home/h61084/codes/tsfm/.venv/lib/python3.12/site-packages/chronos/chronos.py][WARNING] - We recommend keeping prediction length <= 64. The quality of longer predictions may degrade since the model is not optimized for it. 
[2026-08-28 22:06:20,261][/fssmall/home/h61084/codes/tsfm/.venv/lib/python3.12/site-packages/chronos/chronos.py][WARNING] - We recommend keeping prediction length <= 64. The quality of longer predictions may degrade since the model is not optimized for it. 
[2026-08-28 22:06:23,766][/fssmall/home/h61084/codes/tsfm/.venv/lib/python3.12/site-packages/chronos/chronos.py][WARNING] - We recommend keeping prediction length <= 64. The quality of longer predictions may degrade since the model is not optimized for it. 
[2026-08-28 22:06:27,271][/fssmall/home/h61084/codes/tsfm/.venv/lib/python3.12/site-packages/chronos/chronos.py][WARNING] - We recommend keeping prediction length <= 64. The quality of longer predictions may degrade since the model is not optimized for it. 
[2026-08-28 22:06:30,778][/fssmall/home/h61084/codes/tsfm/.venv/lib/python3.12/site-packages/chronos/chronos.py][WARNING] - We recommend keeping prediction length <= 64. The quality of longer predictions may degrade since the model is not optimized for it. 
[2026-08-28 22:06:34,280][/fssmall/home/h61084/codes/tsfm/.venv/lib/python3.12/site-packages/chronos/chronos.py][WARNING] - We recommend keeping prediction length <= 64. The quality of longer predictions may degrade since the model is not optimized for it. 
[2026-08-28 22:06:37,784][/fssmall/home/h61084/codes/tsfm/.venv/lib/python3.12/site-packages/chronos/chronos.py][WARNING] - We recommend keeping prediction length <= 64. The quality of longer predictions may degrade since the model is not optimized for it. 
[2026-08-28 22:06:41,287][/fssmall/home/h61084/codes/tsfm/.venv/lib/python3.12/site-packages/chronos/chronos.py][WARNING] - We recommend keeping prediction length <= 64. The quality of longer predictions may degrade since the model is not optimized for it. 
[2026-08-28 22:06:44,791][/fssmall/home/h61084/codes/tsfm/.venv/lib/python3.12/site-packages/chronos/chronos.py][WARNING] - We recommend keeping prediction length <= 64. The quality of longer predictions may degrade since the model is not optimized for it. 
[2026-08-28 22:06:48,295][/fssmall/home/h61084/codes/tsfm/.venv/lib/python3.12/site-packages/chronos/chronos.py][WARNING] - We recommend keeping prediction length <= 64. The quality of longer predictions may degrade since the model is not optimized for it. 
[2026-08-28 22:06:51,799][/fssmall/home/h61084/codes/tsfm/.venv/lib/python3.12/site-packages/chronos/chronos.py][WARNING] - We recommend keeping prediction length <= 64. The quality of longer predictions may degrade since the model is not optimized for it. 
[2026-08-28 22:06:55,300][/fssmall/home/h61084/codes/tsfm/.venv/lib/python3.12/site-packages/chronos/chronos.py][WARNING] - We recommend keeping prediction length <= 64. The quality of longer predictions may degrade since the model is not optimized for it. 
[2026-08-28 22:06:58,805][/fssmall/home/h61084/codes/tsfm/.venv/lib/python3.12/site-packages/chronos/chronos.py][WARNING] - We recommend keeping prediction length <= 64. The quality of longer predictions may degrade since the model is not optimized for it. 
[2026-08-28 22:07:02,311][/fssmall/home/h61084/codes/tsfm/.venv/lib/python3.12/site-packages/chronos/chronos.py][WARNING] - We recommend keeping prediction length <= 64. The quality of longer predictions may degrade since the model is not optimized for it. 
[2026-08-28 22:07:05,814][/fssmall/home/h61084/codes/tsfm/.venv/lib/python3.12/site-packages/chronos/chronos.py][WARNING] - We recommend keeping prediction length <= 64. The quality of longer predictions may degrade since the model is not optimized for it. 
[2026-08-28 22:07:09,319][/fssmall/home/h61084/codes/tsfm/.venv/lib/python3.12/site-packages/chronos/chronos.py][WARNING] - We recommend keeping prediction length <= 64. The quality of longer predictions may degrade since the model is not optimized for it. 
[2026-08-28 22:07:12,826][/fssmall/home/h61084/codes/tsfm/.venv/lib/python3.12/site-packages/chronos/chronos.py][WARNING] - We recommend keeping prediction length <= 64. The quality of longer predictions may degrade since the model is not optimized for it. 
[2026-08-28 22:07:16,331][/fssmall/home/h61084/codes/tsfm/.venv/lib/python3.12/site-packages/chronos/chronos.py][WARNING] - We recommend keeping prediction length <= 64. The quality of longer predictions may degrade since the model is not optimized for it. 
[2026-08-28 22:07:19,832][/fssmall/home/h61084/codes/tsfm/.venv/lib/python3.12/site-packages/chronos/chronos.py][WARNING] - We recommend keeping prediction length <= 64. The quality of longer predictions may degrade since the model is not optimized for it. 
[2026-08-28 22:07:23,334][/fssmall/home/h61084/codes/tsfm/.venv/lib/python3.12/site-packages/chronos/chronos.py][WARNING] - We recommend keeping prediction length <= 64. The quality of longer predictions may degrade since the model is not optimized for it. 
[2026-08-28 22:07:26,840][/fssmall/home/h61084/codes/tsfm/.venv/lib/python3.12/site-packages/chronos/chronos.py][WARNING] - We recommend keeping prediction length <= 64. The quality of longer predictions may degrade since the model is not optimized for it. 
[2026-08-28 22:07:30,344][/fssmall/home/h61084/codes/tsfm/.venv/lib/python3.12/site-packages/chronos/chronos.py][WARNING] - We recommend keeping prediction length <= 64. The quality of longer predictions may degrade since the model is not optimized for it. 
[2026-08-28 22:07:33,846][/fssmall/home/h61084/codes/tsfm/.venv/lib/python3.12/site-packages/chronos/chronos.py][WARNING] - We recommend keeping prediction length <= 64. The quality of longer predictions may degrade since the model is not optimized for it. 
[2026-08-28 22:07:37,347][/fssmall/home/h61084/codes/tsfm/.venv/lib/python3.12/site-packages/chronos/chronos.py][WARNING] - We recommend keeping prediction length <= 64. The quality of longer predictions may degrade since the model is not optimized for it. 
[2026-08-28 22:07:40,851][/fssmall/home/h61084/codes/tsfm/.venv/lib/python3.12/site-packages/chronos/chronos.py][WARNING] - We recommend keeping prediction length <= 64. The quality of longer predictions may degrade since the model is not optimized for it. 
[2026-08-28 22:07:44,355][/fssmall/home/h61084/codes/tsfm/.venv/lib/python3.12/site-packages/chronos/chronos.py][WARNING] - We recommend keeping prediction length <= 64. The quality of longer predictions may degrade since the model is not optimized for it. 
[2026-08-28 22:07:47,859][/fssmall/home/h61084/codes/tsfm/.venv/lib/python3.12/site-packages/chronos/chronos.py][WARNING] - We recommend keeping prediction length <= 64. The quality of longer predictions may degrade since the model is not optimized for it. 
[2026-08-28 22:07:51,361][/fssmall/home/h61084/codes/tsfm/.venv/lib/python3.12/site-packages/chronos/chronos.py][WARNING] - We recommend keeping prediction length <= 64. The quality of longer predictions may degrade since the model is not optimized for it. 
[2026-08-28 22:07:54,865][/fssmall/home/h61084/codes/tsfm/.venv/lib/python3.12/site-packages/chronos/chronos.py][WARNING] - We recommend keeping prediction length <= 64. The quality of longer predictions may degrade since the model is not optimized for it. 
[2026-08-28 22:07:58,371][/fssmall/home/h61084/codes/tsfm/.venv/lib/python3.12/site-packages/chronos/chronos.py][WARNING] - We recommend keeping prediction length <= 64. The quality of longer predictions may degrade since the model is not optimized for it. 
[2026-08-28 22:08:01,876][/fssmall/home/h61084/codes/tsfm/.venv/lib/python3.12/site-packages/chronos/chronos.py][WARNING] - We recommend keeping prediction length <= 64. The quality of longer predictions may degrade since the model is not optimized for it. 
[2026-08-28 22:08:05,379][/fssmall/home/h61084/codes/tsfm/.venv/lib/python3.12/site-packages/chronos/chronos.py][WARNING] - We recommend keeping prediction length <= 64. The quality of longer predictions may degrade since the model is not optimized for it. 
[2026-08-28 22:08:08,883][/fssmall/home/h61084/codes/tsfm/.venv/lib/python3.12/site-packages/chronos/chronos.py][WARNING] - We recommend keeping prediction length <= 64. The quality of longer predictions may degrade since the model is not optimized for it. 
[2026-08-28 22:08:12,385][/fssmall/home/h61084/codes/tsfm/.venv/lib/python3.12/site-packages/chronos/chronos.py][WARNING] - We recommend keeping prediction length <= 64. The quality of longer predictions may degrade since the model is not optimized for it. 
[2026-08-28 22:08:15,887][/fssmall/home/h61084/codes/tsfm/.venv/lib/python3.12/site-packages/chronos/chronos.py][WARNING] - We recommend keeping prediction length <= 64. The quality of longer predictions may degrade since the model is not optimized for it. 
[2026-08-28 22:08:19,388][/fssmall/home/h61084/codes/tsfm/.venv/lib/python3.12/site-packages/chronos/chronos.py][WARNING] - We recommend keeping prediction length <= 64. The quality of longer predictions may degrade since the model is not optimized for it. 
[2026-08-28 22:08:22,889][/fssmall/home/h61084/codes/tsfm/.venv/lib/python3.12/site-packages/chronos/chronos.py][WARNING] - We recommend keeping prediction length <= 64. The quality of longer predictions may degrade since the model is not optimized for it. 
[2026-08-28 22:08:26,391][/fssmall/home/h61084/codes/tsfm/.venv/lib/python3.12/site-packages/chronos/chronos.py][WARNING] - We recommend keeping prediction length <= 64. The quality of longer predictions may degrade since the model is not optimized for it. 
[2026-08-28 22:08:29,892][/fssmall/home/h61084/codes/tsfm/.venv/lib/python3.12/site-packages/chronos/chronos.py][WARNING] - We recommend keeping prediction length <= 64. The quality of longer predictions may degrade since the model is not optimized for it. 
[2026-08-28 22:08:33,393][/fssmall/home/h61084/codes/tsfm/.venv/lib/python3.12/site-packages/chronos/chronos.py][WARNING] - We recommend keeping prediction length <= 64. The quality of longer predictions may degrade since the model is not optimized for it. 
[2026-08-28 22:08:36,895][/fssmall/home/h61084/codes/tsfm/.venv/lib/python3.12/site-packages/chronos/chronos.py][WARNING] - We recommend keeping prediction length <= 64. The quality of longer predictions may degrade since the model is not optimized for it. 
[2026-08-28 22:08:40,399][/fssmall/home/h61084/codes/tsfm/.venv/lib/python3.12/site-packages/chronos/chronos.py][WARNING] - We recommend keeping prediction length <= 64. The quality of longer predictions may degrade since the model is not optimized for it. 
[2026-08-28 22:08:43,901][/fssmall/home/h61084/codes/tsfm/.venv/lib/python3.12/site-packages/chronos/chronos.py][WARNING] - We recommend keeping prediction length <= 64. The quality of longer predictions may degrade since the model is not optimized for it. 
[2026-08-28 22:08:47,406][/fssmall/home/h61084/codes/tsfm/.venv/lib/python3.12/site-packages/chronos/chronos.py][WARNING] - We recommend keeping prediction length <= 64. The quality of longer predictions may degrade since the model is not optimized for it. 
[2026-08-28 22:08:50,908][/fssmall/home/h61084/codes/tsfm/.venv/lib/python3.12/site-packages/chronos/chronos.py][WARNING] - We recommend keeping prediction length <= 64. The quality of longer predictions may degrade since the model is not optimized for it. 
[2026-08-28 22:08:54,413][/fssmall/home/h61084/codes/tsfm/.venv/lib/python3.12/site-packages/chronos/chronos.py][WARNING] - We recommend keeping prediction length <= 64. The quality of longer predictions may degrade since the model is not optimized for it. 
[2026-08-28 22:08:57,915][/fssmall/home/h61084/codes/tsfm/.venv/lib/python3.12/site-packages/chronos/chronos.py][WARNING] - We recommend keeping prediction length <= 64. The quality of longer predictions may degrade since the model is not optimized for it. 
[2026-08-28 22:09:01,417][/fssmall/home/h61084/codes/tsfm/.venv/lib/python3.12/site-packages/chronos/chronos.py][WARNING] - We recommend keeping prediction length <= 64. The quality of longer predictions may degrade since the model is not optimized for it. 
[2026-08-28 22:09:04,920][/fssmall/home/h61084/codes/tsfm/.venv/lib/python3.12/site-packages/chronos/chronos.py][WARNING] - We recommend keeping prediction length <= 64. The quality of longer predictions may degrade since the model is not optimized for it. 
[2026-08-28 22:09:08,419][/fssmall/home/h61084/codes/tsfm/.venv/lib/python3.12/site-packages/chronos/chronos.py][WARNING] - We recommend keeping prediction length <= 64. The quality of longer predictions may degrade since the model is not optimized for it. 
[2026-08-28 22:09:11,920][/fssmall/home/h61084/codes/tsfm/.venv/lib/python3.12/site-packages/chronos/chronos.py][WARNING] - We recommend keeping prediction length <= 64. The quality of longer predictions may degrade since the model is not optimized for it. 
[2026-08-28 22:09:15,420][/fssmall/home/h61084/codes/tsfm/.venv/lib/python3.12/site-packages/chronos/chronos.py][WARNING] - We recommend keeping prediction length <= 64. The quality of longer predictions may degrade since the model is not optimized for it. 
[2026-08-28 22:09:18,926][/fssmall/home/h61084/codes/tsfm/.venv/lib/python3.12/site-packages/chronos/chronos.py][WARNING] - We recommend keeping prediction length <= 64. The quality of longer predictions may degrade since the model is not optimized for it. 
[2026-08-28 22:09:22,431][/fssmall/home/h61084/codes/tsfm/.venv/lib/python3.12/site-packages/chronos/chronos.py][WARNING] - We recommend keeping prediction length <= 64. The quality of longer predictions may degrade since the model is not optimized for it. 
[2026-08-28 22:09:25,933][/fssmall/home/h61084/codes/tsfm/.venv/lib/python3.12/site-packages/chronos/chronos.py][WARNING] - We recommend keeping prediction length <= 64. The quality of longer predictions may degrade since the model is not optimized for it. 
[2026-08-28 22:09:29,440][/fssmall/home/h61084/codes/tsfm/.venv/lib/python3.12/site-packages/chronos/chronos.py][WARNING] - We recommend keeping prediction length <= 64. The quality of longer predictions may degrade since the model is not optimized for it. 
[2026-08-28 22:09:32,942][/fssmall/home/h61084/codes/tsfm/.venv/lib/python3.12/site-packages/chronos/chronos.py][WARNING] - We recommend keeping prediction length <= 64. The quality of longer predictions may degrade since the model is not optimized for it. 
[2026-08-28 22:09:36,445][/fssmall/home/h61084/codes/tsfm/.venv/lib/python3.12/site-packages/chronos/chronos.py][WARNING] - We recommend keeping prediction length <= 64. The quality of longer predictions may degrade since the model is not optimized for it. 
[2026-08-28 22:09:39,946][/fssmall/home/h61084/codes/tsfm/.venv/lib/python3.12/site-packages/chronos/chronos.py][WARNING] - We recommend keeping prediction length <= 64. The quality of longer predictions may degrade since the model is not optimized for it. 
[2026-08-28 22:09:43,447][/fssmall/home/h61084/codes/tsfm/.venv/lib/python3.12/site-packages/chronos/chronos.py][WARNING] - We recommend keeping prediction length <= 64. The quality of longer predictions may degrade since the model is not optimized for it. 
[2026-08-28 22:09:46,952][/fssmall/home/h61084/codes/tsfm/.venv/lib/python3.12/site-packages/chronos/chronos.py][WARNING] - We recommend keeping prediction length <= 64. The quality of longer predictions may degrade since the model is not optimized for it. 
[2026-08-28 22:09:50,454][/fssmall/home/h61084/codes/tsfm/.venv/lib/python3.12/site-packages/chronos/chronos.py][WARNING] - We recommend keeping prediction length <= 64. The quality of longer predictions may degrade since the model is not optimized for it. 
[2026-08-28 22:09:53,958][/fssmall/home/h61084/codes/tsfm/.venv/lib/python3.12/site-packages/chronos/chronos.py][WARNING] - We recommend keeping prediction length <= 64. The quality of longer predictions may degrade since the model is not optimized for it. 
[2026-08-28 22:09:57,461][/fssmall/home/h61084/codes/tsfm/.venv/lib/python3.12/site-packages/chronos/chronos.py][WARNING] - We recommend keeping prediction length <= 64. The quality of longer predictions may degrade since the model is not optimized for it. 
[2026-08-28 22:10:00,964][/fssmall/home/h61084/codes/tsfm/.venv/lib/python3.12/site-packages/chronos/chronos.py][WARNING] - We recommend keeping prediction length <= 64. The quality of longer predictions may degrade since the model is not optimized for it. 
[2026-08-28 22:10:04,466][/fssmall/home/h61084/codes/tsfm/.venv/lib/python3.12/site-packages/chronos/chronos.py][WARNING] - We recommend keeping prediction length <= 64. The quality of longer predictions may degrade since the model is not optimized for it. 
[2026-08-28 22:10:07,968][/fssmall/home/h61084/codes/tsfm/.venv/lib/python3.12/site-packages/chronos/chronos.py][WARNING] - We recommend keeping prediction length <= 64. The quality of longer predictions may degrade since the model is not optimized for it. 
[2026-08-28 22:10:11,472][/fssmall/home/h61084/codes/tsfm/.venv/lib/python3.12/site-packages/chronos/chronos.py][WARNING] - We recommend keeping prediction length <= 64. The quality of longer predictions may degrade since the model is not optimized for it. 
[2026-08-28 22:10:14,974][/fssmall/home/h61084/codes/tsfm/.venv/lib/python3.12/site-packages/chronos/chronos.py][WARNING] - We recommend keeping prediction length <= 64. The quality of longer predictions may degrade since the model is not optimized for it. 
[2026-08-28 22:10:18,478][/fssmall/home/h61084/codes/tsfm/.venv/lib/python3.12/site-packages/chronos/chronos.py][WARNING] - We recommend keeping prediction length <= 64. The quality of longer predictions may degrade since the model is not optimized for it. 
[2026-08-28 22:10:21,980][/fssmall/home/h61084/codes/tsfm/.venv/lib/python3.12/site-packages/chronos/chronos.py][WARNING] - We recommend keeping prediction length <= 64. The quality of longer predictions may degrade since the model is not optimized for it. 
[2026-08-28 22:10:25,486][/fssmall/home/h61084/codes/tsfm/.venv/lib/python3.12/site-packages/chronos/chronos.py][WARNING] - We recommend keeping prediction length <= 64. The quality of longer predictions may degrade since the model is not optimized for it. 
[2026-08-28 22:10:28,986][/fssmall/home/h61084/codes/tsfm/.venv/lib/python3.12/site-packages/chronos/chronos.py][WARNING] - We recommend keeping prediction length <= 64. The quality of longer predictions may degrade since the model is not optimized for it. 
[2026-08-28 22:10:32,489][/fssmall/home/h61084/codes/tsfm/.venv/lib/python3.12/site-packages/chronos/chronos.py][WARNING] - We recommend keeping prediction length <= 64. The quality of longer predictions may degrade since the model is not optimized for it. 
[2026-08-28 22:10:35,992][/fssmall/home/h61084/codes/tsfm/.venv/lib/python3.12/site-packages/chronos/chronos.py][WARNING] - We recommend keeping prediction length <= 64. The quality of longer predictions may degrade since the model is not optimized for it. 
[2026-08-28 22:10:39,494][/fssmall/home/h61084/codes/tsfm/.venv/lib/python3.12/site-packages/chronos/chronos.py][WARNING] - We recommend keeping prediction length <= 64. The quality of longer predictions may degrade since the model is not optimized for it. 
[2026-08-28 22:10:42,996][/fssmall/home/h61084/codes/tsfm/.venv/lib/python3.12/site-packages/chronos/chronos.py][WARNING] - We recommend keeping prediction length <= 64. The quality of longer predictions may degrade since the model is not optimized for it. 
[2026-08-28 22:10:46,496][/fssmall/home/h61084/codes/tsfm/.venv/lib/python3.12/site-packages/chronos/chronos.py][WARNING] - We recommend keeping prediction length <= 64. The quality of longer predictions may degrade since the model is not optimized for it. 
[2026-08-28 22:10:49,998][/fssmall/home/h61084/codes/tsfm/.venv/lib/python3.12/site-packages/chronos/chronos.py][WARNING] - We recommend keeping prediction length <= 64. The quality of longer predictions may degrade since the model is not optimized for it. 
[2026-08-28 22:10:53,500][/fssmall/home/h61084/codes/tsfm/.venv/lib/python3.12/site-packages/chronos/chronos.py][WARNING] - We recommend keeping prediction length <= 64. The quality of longer predictions may degrade since the model is not optimized for it. 
[2026-08-28 22:10:57,004][/fssmall/home/h61084/codes/tsfm/.venv/lib/python3.12/site-packages/chronos/chronos.py][WARNING] - We recommend keeping prediction length <= 64. The quality of longer predictions may degrade since the model is not optimized for it. 
[2026-08-28 22:11:00,508][/fssmall/home/h61084/codes/tsfm/.venv/lib/python3.12/site-packages/chronos/chronos.py][WARNING] - We recommend keeping prediction length <= 64. The quality of longer predictions may degrade since the model is not optimized for it. 
[2026-08-28 22:11:04,010][/fssmall/home/h61084/codes/tsfm/.venv/lib/python3.12/site-packages/chronos/chronos.py][WARNING] - We recommend keeping prediction length <= 64. The quality of longer predictions may degrade since the model is not optimized for it. 
[2026-08-28 22:11:07,514][/fssmall/home/h61084/codes/tsfm/.venv/lib/python3.12/site-packages/chronos/chronos.py][WARNING] - We recommend keeping prediction length <= 64. The quality of longer predictions may degrade since the model is not optimized for it. 
[2026-08-28 22:11:11,016][/fssmall/home/h61084/codes/tsfm/.venv/lib/python3.12/site-packages/chronos/chronos.py][WARNING] - We recommend keeping prediction length <= 64. The quality of longer predictions may degrade since the model is not optimized for it. 
[2026-08-28 22:11:14,521][/fssmall/home/h61084/codes/tsfm/.venv/lib/python3.12/site-packages/chronos/chronos.py][WARNING] - We recommend keeping prediction length <= 64. The quality of longer predictions may degrade since the model is not optimized for it. 
[2026-08-28 22:11:18,020][/fssmall/home/h61084/codes/tsfm/.venv/lib/python3.12/site-packages/chronos/chronos.py][WARNING] - We recommend keeping prediction length <= 64. The quality of longer predictions may degrade since the model is not optimized for it. 
[2026-08-28 22:11:21,521][/fssmall/home/h61084/codes/tsfm/.venv/lib/python3.12/site-packages/chronos/chronos.py][WARNING] - We recommend keeping prediction length <= 64. The quality of longer predictions may degrade since the model is not optimized for it. 
[2026-08-28 22:11:25,023][/fssmall/home/h61084/codes/tsfm/.venv/lib/python3.12/site-packages/chronos/chronos.py][WARNING] - We recommend keeping prediction length <= 64. The quality of longer predictions may degrade since the model is not optimized for it. 
[2026-08-28 22:11:28,527][/fssmall/home/h61084/codes/tsfm/.venv/lib/python3.12/site-packages/chronos/chronos.py][WARNING] - We recommend keeping prediction length <= 64. The quality of longer predictions may degrade since the model is not optimized for it. 
[2026-08-28 22:11:32,030][/fssmall/home/h61084/codes/tsfm/.venv/lib/python3.12/site-packages/chronos/chronos.py][WARNING] - We recommend keeping prediction length <= 64. The quality of longer predictions may degrade since the model is not optimized for it. 
[2026-08-28 22:11:35,533][/fssmall/home/h61084/codes/tsfm/.venv/lib/python3.12/site-packages/chronos/chronos.py][WARNING] - We recommend keeping prediction length <= 64. The quality of longer predictions may degrade since the model is not optimized for it. 
[2026-08-28 22:11:39,033][/fssmall/home/h61084/codes/tsfm/.venv/lib/python3.12/site-packages/chronos/chronos.py][WARNING] - We recommend keeping prediction length <= 64. The quality of longer predictions may degrade since the model is not optimized for it. 
[2026-08-28 22:11:42,533][/fssmall/home/h61084/codes/tsfm/.venv/lib/python3.12/site-packages/chronos/chronos.py][WARNING] - We recommend keeping prediction length <= 64. The quality of longer predictions may degrade since the model is not optimized for it. 
[2026-08-28 22:11:46,035][/fssmall/home/h61084/codes/tsfm/.venv/lib/python3.12/site-packages/chronos/chronos.py][WARNING] - We recommend keeping prediction length <= 64. The quality of longer predictions may degrade since the model is not optimized for it. 
[2026-08-28 22:11:49,537][/fssmall/home/h61084/codes/tsfm/.venv/lib/python3.12/site-packages/chronos/chronos.py][WARNING] - We recommend keeping prediction length <= 64. The quality of longer predictions may degrade since the model is not optimized for it. 
[2026-08-28 22:11:53,190][/fssmall/home/h61084/codes/tsfm/.venv/lib/python3.12/site-packages/chronos/chronos.py][WARNING] - We recommend keeping prediction length <= 64. The quality of longer predictions may degrade since the model is not optimized for it. 
[2026-08-28 22:11:56,947][/fssmall/home/h61084/codes/tsfm/.venv/lib/python3.12/site-packages/chronos/chronos.py][WARNING] - We recommend keeping prediction length <= 64. The quality of longer predictions may degrade since the model is not optimized for it. 
[2026-08-28 22:12:00,449][/fssmall/home/h61084/codes/tsfm/.venv/lib/python3.12/site-packages/chronos/chronos.py][WARNING] - We recommend keeping prediction length <= 64. The quality of longer predictions may degrade since the model is not optimized for it. 
[2026-08-28 22:12:03,991][/fssmall/home/h61084/codes/tsfm/.venv/lib/python3.12/site-packages/chronos/chronos.py][WARNING] - We recommend keeping prediction length <= 64. The quality of longer predictions may degrade since the model is not optimized for it. 
[2026-08-28 22:12:07,494][/fssmall/home/h61084/codes/tsfm/.venv/lib/python3.12/site-packages/chronos/chronos.py][WARNING] - We recommend keeping prediction length <= 64. The quality of longer predictions may degrade since the model is not optimized for it. 
[2026-08-28 22:12:10,995][/fssmall/home/h61084/codes/tsfm/.venv/lib/python3.12/site-packages/chronos/chronos.py][WARNING] - We recommend keeping prediction length <= 64. The quality of longer predictions may degrade since the model is not optimized for it. 
[2026-08-28 22:12:14,496][/fssmall/home/h61084/codes/tsfm/.venv/lib/python3.12/site-packages/chronos/chronos.py][WARNING] - We recommend keeping prediction length <= 64. The quality of longer predictions may degrade since the model is not optimized for it. 
[2026-08-28 22:12:17,996][/fssmall/home/h61084/codes/tsfm/.venv/lib/python3.12/site-packages/chronos/chronos.py][WARNING] - We recommend keeping prediction length <= 64. The quality of longer predictions may degrade since the model is not optimized for it. 
[2026-08-28 22:12:21,497][/fssmall/home/h61084/codes/tsfm/.venv/lib/python3.12/site-packages/chronos/chronos.py][WARNING] - We recommend keeping prediction length <= 64. The quality of longer predictions may degrade since the model is not optimized for it. 
[2026-08-28 22:12:25,001][/fssmall/home/h61084/codes/tsfm/.venv/lib/python3.12/site-packages/chronos/chronos.py][WARNING] - We recommend keeping prediction length <= 64. The quality of longer predictions may degrade since the model is not optimized for it. 
[2026-08-28 22:12:28,504][/fssmall/home/h61084/codes/tsfm/.venv/lib/python3.12/site-packages/chronos/chronos.py][WARNING] - We recommend keeping prediction length <= 64. The quality of longer predictions may degrade since the model is not optimized for it. 
[2026-08-28 22:12:32,008][/fssmall/home/h61084/codes/tsfm/.venv/lib/python3.12/site-packages/chronos/chronos.py][WARNING] - We recommend keeping prediction length <= 64. The quality of longer predictions may degrade since the model is not optimized for it. 
[2026-08-28 22:12:35,508][/fssmall/home/h61084/codes/tsfm/.venv/lib/python3.12/site-packages/chronos/chronos.py][WARNING] - We recommend keeping prediction length <= 64. The quality of longer predictions may degrade since the model is not optimized for it. 
[2026-08-28 22:12:39,011][/fssmall/home/h61084/codes/tsfm/.venv/lib/python3.12/site-packages/chronos/chronos.py][WARNING] - We recommend keeping prediction length <= 64. The quality of longer predictions may degrade since the model is not optimized for it. 
[2026-08-28 22:12:42,514][/fssmall/home/h61084/codes/tsfm/.venv/lib/python3.12/site-packages/chronos/chronos.py][WARNING] - We recommend keeping prediction length <= 64. The quality of longer predictions may degrade since the model is not optimized for it. 
[2026-08-28 22:12:46,014][/fssmall/home/h61084/codes/tsfm/.venv/lib/python3.12/site-packages/chronos/chronos.py][WARNING] - We recommend keeping prediction length <= 64. The quality of longer predictions may degrade since the model is not optimized for it. 
[2026-08-28 22:12:49,516][/fssmall/home/h61084/codes/tsfm/.venv/lib/python3.12/site-packages/chronos/chronos.py][WARNING] - We recommend keeping prediction length <= 64. The quality of longer predictions may degrade since the model is not optimized for it. 
[2026-08-28 22:12:53,017][/fssmall/home/h61084/codes/tsfm/.venv/lib/python3.12/site-packages/chronos/chronos.py][WARNING] - We recommend keeping prediction length <= 64. The quality of longer predictions may degrade since the model is not optimized for it. 
[2026-08-28 22:12:56,521][/fssmall/home/h61084/codes/tsfm/.venv/lib/python3.12/site-packages/chronos/chronos.py][WARNING] - We recommend keeping prediction length <= 64. The quality of longer predictions may degrade since the model is not optimized for it. 
[2026-08-28 22:13:00,026][/fssmall/home/h61084/codes/tsfm/.venv/lib/python3.12/site-packages/chronos/chronos.py][WARNING] - We recommend keeping prediction length <= 64. The quality of longer predictions may degrade since the model is not optimized for it. 
[2026-08-28 22:13:03,528][/fssmall/home/h61084/codes/tsfm/.venv/lib/python3.12/site-packages/chronos/chronos.py][WARNING] - We recommend keeping prediction length <= 64. The quality of longer predictions may degrade since the model is not optimized for it. 
[2026-08-28 22:13:07,028][/fssmall/home/h61084/codes/tsfm/.venv/lib/python3.12/site-packages/chronos/chronos.py][WARNING] - We recommend keeping prediction length <= 64. The quality of longer predictions may degrade since the model is not optimized for it. 
[2026-08-28 22:13:10,529][/fssmall/home/h61084/codes/tsfm/.venv/lib/python3.12/site-packages/chronos/chronos.py][WARNING] - We recommend keeping prediction length <= 64. The quality of longer predictions may degrade since the model is not optimized for it. 
[2026-08-28 22:13:14,029][/fssmall/home/h61084/codes/tsfm/.venv/lib/python3.12/site-packages/chronos/chronos.py][WARNING] - We recommend keeping prediction length <= 64. The quality of longer predictions may degrade since the model is not optimized for it. 
[2026-08-28 22:13:17,532][/fssmall/home/h61084/codes/tsfm/.venv/lib/python3.12/site-packages/chronos/chronos.py][WARNING] - We recommend keeping prediction length <= 64. The quality of longer predictions may degrade since the model is not optimized for it. 
[2026-08-28 22:13:21,035][/fssmall/home/h61084/codes/tsfm/.venv/lib/python3.12/site-packages/chronos/chronos.py][WARNING] - We recommend keeping prediction length <= 64. The quality of longer predictions may degrade since the model is not optimized for it. 
[2026-08-28 22:13:24,536][/fssmall/home/h61084/codes/tsfm/.venv/lib/python3.12/site-packages/chronos/chronos.py][WARNING] - We recommend keeping prediction length <= 64. The quality of longer predictions may degrade since the model is not optimized for it. 
[2026-08-28 22:13:28,036][/fssmall/home/h61084/codes/tsfm/.venv/lib/python3.12/site-packages/chronos/chronos.py][WARNING] - We recommend keeping prediction length <= 64. The quality of longer predictions may degrade since the model is not optimized for it. 
[2026-08-28 22:13:31,542][/fssmall/home/h61084/codes/tsfm/.venv/lib/python3.12/site-packages/chronos/chronos.py][WARNING] - We recommend keeping prediction length <= 64. The quality of longer predictions may degrade since the model is not optimized for it. 
[2026-08-28 22:13:35,043][/fssmall/home/h61084/codes/tsfm/.venv/lib/python3.12/site-packages/chronos/chronos.py][WARNING] - We recommend keeping prediction length <= 64. The quality of longer predictions may degrade since the model is not optimized for it. 
[2026-08-28 22:13:38,549][/fssmall/home/h61084/codes/tsfm/.venv/lib/python3.12/site-packages/chronos/chronos.py][WARNING] - We recommend keeping prediction length <= 64. The quality of longer predictions may degrade since the model is not optimized for it. 
[2026-08-28 22:13:42,055][/fssmall/home/h61084/codes/tsfm/.venv/lib/python3.12/site-packages/chronos/chronos.py][WARNING] - We recommend keeping prediction length <= 64. The quality of longer predictions may degrade since the model is not optimized for it. 
[2026-08-28 22:13:45,558][/fssmall/home/h61084/codes/tsfm/.venv/lib/python3.12/site-packages/chronos/chronos.py][WARNING] - We recommend keeping prediction length <= 64. The quality of longer predictions may degrade since the model is not optimized for it. 
[2026-08-28 22:13:49,061][/fssmall/home/h61084/codes/tsfm/.venv/lib/python3.12/site-packages/chronos/chronos.py][WARNING] - We recommend keeping prediction length <= 64. The quality of longer predictions may degrade since the model is not optimized for it. 
[2026-08-28 22:13:52,564][/fssmall/home/h61084/codes/tsfm/.venv/lib/python3.12/site-packages/chronos/chronos.py][WARNING] - We recommend keeping prediction length <= 64. The quality of longer predictions may degrade since the model is not optimized for it. 
[2026-08-28 22:13:56,069][/fssmall/home/h61084/codes/tsfm/.venv/lib/python3.12/site-packages/chronos/chronos.py][WARNING] - We recommend keeping prediction length <= 64. The quality of longer predictions may degrade since the model is not optimized for it. 
[2026-08-28 22:13:59,574][/fssmall/home/h61084/codes/tsfm/.venv/lib/python3.12/site-packages/chronos/chronos.py][WARNING] - We recommend keeping prediction length <= 64. The quality of longer predictions may degrade since the model is not optimized for it. 
[2026-08-28 22:14:03,079][/fssmall/home/h61084/codes/tsfm/.venv/lib/python3.12/site-packages/chronos/chronos.py][WARNING] - We recommend keeping prediction length <= 64. The quality of longer predictions may degrade since the model is not optimized for it. 
[2026-08-28 22:14:06,581][/fssmall/home/h61084/codes/tsfm/.venv/lib/python3.12/site-packages/chronos/chronos.py][WARNING] - We recommend keeping prediction length <= 64. The quality of longer predictions may degrade since the model is not optimized for it. 
[2026-08-28 22:14:10,085][/fssmall/home/h61084/codes/tsfm/.venv/lib/python3.12/site-packages/chronos/chronos.py][WARNING] - We recommend keeping prediction length <= 64. The quality of longer predictions may degrade since the model is not optimized for it. 
[2026-08-28 22:14:13,587][/fssmall/home/h61084/codes/tsfm/.venv/lib/python3.12/site-packages/chronos/chronos.py][WARNING] - We recommend keeping prediction length <= 64. The quality of longer predictions may degrade since the model is not optimized for it. 
[2026-08-28 22:14:17,089][/fssmall/home/h61084/codes/tsfm/.venv/lib/python3.12/site-packages/chronos/chronos.py][WARNING] - We recommend keeping prediction length <= 64. The quality of longer predictions may degrade since the model is not optimized for it. 
[2026-08-28 22:14:20,590][/fssmall/home/h61084/codes/tsfm/.venv/lib/python3.12/site-packages/chronos/chronos.py][WARNING] - We recommend keeping prediction length <= 64. The quality of longer predictions may degrade since the model is not optimized for it. 
[2026-08-28 22:14:24,090][/fssmall/home/h61084/codes/tsfm/.venv/lib/python3.12/site-packages/chronos/chronos.py][WARNING] - We recommend keeping prediction length <= 64. The quality of longer predictions may degrade since the model is not optimized for it. 
[2026-08-28 22:14:27,590][/fssmall/home/h61084/codes/tsfm/.venv/lib/python3.12/site-packages/chronos/chronos.py][WARNING] - We recommend keeping prediction length <= 64. The quality of longer predictions may degrade since the model is not optimized for it. 
[2026-08-28 22:14:31,095][/fssmall/home/h61084/codes/tsfm/.venv/lib/python3.12/site-packages/chronos/chronos.py][WARNING] - We recommend keeping prediction length <= 64. The quality of longer predictions may degrade since the model is not optimized for it. 
[2026-08-28 22:14:34,595][/fssmall/home/h61084/codes/tsfm/.venv/lib/python3.12/site-packages/chronos/chronos.py][WARNING] - We recommend keeping prediction length <= 64. The quality of longer predictions may degrade since the model is not optimized for it. 
[2026-08-28 22:14:38,096][/fssmall/home/h61084/codes/tsfm/.venv/lib/python3.12/site-packages/chronos/chronos.py][WARNING] - We recommend keeping prediction length <= 64. The quality of longer predictions may degrade since the model is not optimized for it. 
[2026-08-28 22:14:41,597][/fssmall/home/h61084/codes/tsfm/.venv/lib/python3.12/site-packages/chronos/chronos.py][WARNING] - We recommend keeping prediction length <= 64. The quality of longer predictions may degrade since the model is not optimized for it. 
[2026-08-28 22:14:45,098][/fssmall/home/h61084/codes/tsfm/.venv/lib/python3.12/site-packages/chronos/chronos.py][WARNING] - We recommend keeping prediction length <= 64. The quality of longer predictions may degrade since the model is not optimized for it. 
[2026-08-28 22:14:48,598][/fssmall/home/h61084/codes/tsfm/.venv/lib/python3.12/site-packages/chronos/chronos.py][WARNING] - We recommend keeping prediction length <= 64. The quality of longer predictions may degrade since the model is not optimized for it. 
[2026-08-28 22:14:52,103][/fssmall/home/h61084/codes/tsfm/.venv/lib/python3.12/site-packages/chronos/chronos.py][WARNING] - We recommend keeping prediction length <= 64. The quality of longer predictions may degrade since the model is not optimized for it. 
[2026-08-28 22:14:55,608][/fssmall/home/h61084/codes/tsfm/.venv/lib/python3.12/site-packages/chronos/chronos.py][WARNING] - We recommend keeping prediction length <= 64. The quality of longer predictions may degrade since the model is not optimized for it. 
[2026-08-28 22:14:59,113][/fssmall/home/h61084/codes/tsfm/.venv/lib/python3.12/site-packages/chronos/chronos.py][WARNING] - We recommend keeping prediction length <= 64. The quality of longer predictions may degrade since the model is not optimized for it. 
[2026-08-28 22:15:02,617][/fssmall/home/h61084/codes/tsfm/.venv/lib/python3.12/site-packages/chronos/chronos.py][WARNING] - We recommend keeping prediction length <= 64. The quality of longer predictions may degrade since the model is not optimized for it. 
[2026-08-28 22:15:06,118][/fssmall/home/h61084/codes/tsfm/.venv/lib/python3.12/site-packages/chronos/chronos.py][WARNING] - We recommend keeping prediction length <= 64. The quality of longer predictions may degrade since the model is not optimized for it. 
[2026-08-28 22:15:09,622][/fssmall/home/h61084/codes/tsfm/.venv/lib/python3.12/site-packages/chronos/chronos.py][WARNING] - We recommend keeping prediction length <= 64. The quality of longer predictions may degrade since the model is not optimized for it. 
[2026-08-28 22:15:13,124][/fssmall/home/h61084/codes/tsfm/.venv/lib/python3.12/site-packages/chronos/chronos.py][WARNING] - We recommend keeping prediction length <= 64. The quality of longer predictions may degrade since the model is not optimized for it. 
[2026-08-28 22:15:16,627][/fssmall/home/h61084/codes/tsfm/.venv/lib/python3.12/site-packages/chronos/chronos.py][WARNING] - We recommend keeping prediction length <= 64. The quality of longer predictions may degrade since the model is not optimized for it. 
[2026-08-28 22:15:20,129][/fssmall/home/h61084/codes/tsfm/.venv/lib/python3.12/site-packages/chronos/chronos.py][WARNING] - We recommend keeping prediction length <= 64. The quality of longer predictions may degrade since the model is not optimized for it. 
[2026-08-28 22:15:23,628][/fssmall/home/h61084/codes/tsfm/.venv/lib/python3.12/site-packages/chronos/chronos.py][WARNING] - We recommend keeping prediction length <= 64. The quality of longer predictions may degrade since the model is not optimized for it. 
[2026-08-28 22:15:27,130][/fssmall/home/h61084/codes/tsfm/.venv/lib/python3.12/site-packages/chronos/chronos.py][WARNING] - We recommend keeping prediction length <= 64. The quality of longer predictions may degrade since the model is not optimized for it. 
[2026-08-28 22:15:30,636][/fssmall/home/h61084/codes/tsfm/.venv/lib/python3.12/site-packages/chronos/chronos.py][WARNING] - We recommend keeping prediction length <= 64. The quality of longer predictions may degrade since the model is not optimized for it. 
[2026-08-28 22:15:34,136][/fssmall/home/h61084/codes/tsfm/.venv/lib/python3.12/site-packages/chronos/chronos.py][WARNING] - We recommend keeping prediction length <= 64. The quality of longer predictions may degrade since the model is not optimized for it. 
[2026-08-28 22:15:37,639][/fssmall/home/h61084/codes/tsfm/.venv/lib/python3.12/site-packages/chronos/chronos.py][WARNING] - We recommend keeping prediction length <= 64. The quality of longer predictions may degrade since the model is not optimized for it. 
[2026-08-28 22:15:41,143][/fssmall/home/h61084/codes/tsfm/.venv/lib/python3.12/site-packages/chronos/chronos.py][WARNING] - We recommend keeping prediction length <= 64. The quality of longer predictions may degrade since the model is not optimized for it. 
[2026-08-28 22:15:44,643][/fssmall/home/h61084/codes/tsfm/.venv/lib/python3.12/site-packages/chronos/chronos.py][WARNING] - We recommend keeping prediction length <= 64. The quality of longer predictions may degrade since the model is not optimized for it. 
[2026-08-28 22:15:48,145][/fssmall/home/h61084/codes/tsfm/.venv/lib/python3.12/site-packages/chronos/chronos.py][WARNING] - We recommend keeping prediction length <= 64. The quality of longer predictions may degrade since the model is not optimized for it. 
[2026-08-28 22:15:51,645][/fssmall/home/h61084/codes/tsfm/.venv/lib/python3.12/site-packages/chronos/chronos.py][WARNING] - We recommend keeping prediction length <= 64. The quality of longer predictions may degrade since the model is not optimized for it. 
[2026-08-28 22:15:55,149][/fssmall/home/h61084/codes/tsfm/.venv/lib/python3.12/site-packages/chronos/chronos.py][WARNING] - We recommend keeping prediction length <= 64. The quality of longer predictions may degrade since the model is not optimized for it. 
[2026-08-28 22:15:58,650][/fssmall/home/h61084/codes/tsfm/.venv/lib/python3.12/site-packages/chronos/chronos.py][WARNING] - We recommend keeping prediction length <= 64. The quality of longer predictions may degrade since the model is not optimized for it. 
[2026-08-28 22:16:02,155][/fssmall/home/h61084/codes/tsfm/.venv/lib/python3.12/site-packages/chronos/chronos.py][WARNING] - We recommend keeping prediction length <= 64. The quality of longer predictions may degrade since the model is not optimized for it. 
[2026-08-28 22:16:05,657][/fssmall/home/h61084/codes/tsfm/.venv/lib/python3.12/site-packages/chronos/chronos.py][WARNING] - We recommend keeping prediction length <= 64. The quality of longer predictions may degrade since the model is not optimized for it. 
[2026-08-28 22:16:09,160][/fssmall/home/h61084/codes/tsfm/.venv/lib/python3.12/site-packages/chronos/chronos.py][WARNING] - We recommend keeping prediction length <= 64. The quality of longer predictions may degrade since the model is not optimized for it. 
[2026-08-28 22:16:12,663][/fssmall/home/h61084/codes/tsfm/.venv/lib/python3.12/site-packages/chronos/chronos.py][WARNING] - We recommend keeping prediction length <= 64. The quality of longer predictions may degrade since the model is not optimized for it. 
[2026-08-28 22:16:16,164][/fssmall/home/h61084/codes/tsfm/.venv/lib/python3.12/site-packages/chronos/chronos.py][WARNING] - We recommend keeping prediction length <= 64. The quality of longer predictions may degrade since the model is not optimized for it. 
[2026-08-28 22:16:19,669][/fssmall/home/h61084/codes/tsfm/.venv/lib/python3.12/site-packages/chronos/chronos.py][WARNING] - We recommend keeping prediction length <= 64. The quality of longer predictions may degrade since the model is not optimized for it. 
[2026-08-28 22:16:23,171][/fssmall/home/h61084/codes/tsfm/.venv/lib/python3.12/site-packages/chronos/chronos.py][WARNING] - We recommend keeping prediction length <= 64. The quality of longer predictions may degrade since the model is not optimized for it. 
[2026-08-28 22:16:26,674][/fssmall/home/h61084/codes/tsfm/.venv/lib/python3.12/site-packages/chronos/chronos.py][WARNING] - We recommend keeping prediction length <= 64. The quality of longer predictions may degrade since the model is not optimized for it. 
[2026-08-28 22:16:30,177][/fssmall/home/h61084/codes/tsfm/.venv/lib/python3.12/site-packages/chronos/chronos.py][WARNING] - We recommend keeping prediction length <= 64. The quality of longer predictions may degrade since the model is not optimized for it. 
[2026-08-28 22:16:33,679][/fssmall/home/h61084/codes/tsfm/.venv/lib/python3.12/site-packages/chronos/chronos.py][WARNING] - We recommend keeping prediction length <= 64. The quality of longer predictions may degrade since the model is not optimized for it. 
[2026-08-28 22:16:37,180][/fssmall/home/h61084/codes/tsfm/.venv/lib/python3.12/site-packages/chronos/chronos.py][WARNING] - We recommend keeping prediction length <= 64. The quality of longer predictions may degrade since the model is not optimized for it. 
[2026-08-28 22:16:40,683][/fssmall/home/h61084/codes/tsfm/.venv/lib/python3.12/site-packages/chronos/chronos.py][WARNING] - We recommend keeping prediction length <= 64. The quality of longer predictions may degrade since the model is not optimized for it. 
[2026-08-28 22:16:44,189][/fssmall/home/h61084/codes/tsfm/.venv/lib/python3.12/site-packages/chronos/chronos.py][WARNING] - We recommend keeping prediction length <= 64. The quality of longer predictions may degrade since the model is not optimized for it. 
[2026-08-28 22:16:47,689][/fssmall/home/h61084/codes/tsfm/.venv/lib/python3.12/site-packages/chronos/chronos.py][WARNING] - We recommend keeping prediction length <= 64. The quality of longer predictions may degrade since the model is not optimized for it. 
[2026-08-28 22:16:51,190][/fssmall/home/h61084/codes/tsfm/.venv/lib/python3.12/site-packages/chronos/chronos.py][WARNING] - We recommend keeping prediction length <= 64. The quality of longer predictions may degrade since the model is not optimized for it. 
[2026-08-28 22:16:54,693][/fssmall/home/h61084/codes/tsfm/.venv/lib/python3.12/site-packages/chronos/chronos.py][WARNING] - We recommend keeping prediction length <= 64. The quality of longer predictions may degrade since the model is not optimized for it. 
[2026-08-28 22:16:58,196][/fssmall/home/h61084/codes/tsfm/.venv/lib/python3.12/site-packages/chronos/chronos.py][WARNING] - We recommend keeping prediction length <= 64. The quality of longer predictions may degrade since the model is not optimized for it. 
[2026-08-28 22:17:01,697][/fssmall/home/h61084/codes/tsfm/.venv/lib/python3.12/site-packages/chronos/chronos.py][WARNING] - We recommend keeping prediction length <= 64. The quality of longer predictions may degrade since the model is not optimized for it. 
[2026-08-28 22:17:05,197][/fssmall/home/h61084/codes/tsfm/.venv/lib/python3.12/site-packages/chronos/chronos.py][WARNING] - We recommend keeping prediction length <= 64. The quality of longer predictions may degrade since the model is not optimized for it. 
[2026-08-28 22:17:08,698][/fssmall/home/h61084/codes/tsfm/.venv/lib/python3.12/site-packages/chronos/chronos.py][WARNING] - We recommend keeping prediction length <= 64. The quality of longer predictions may degrade since the model is not optimized for it. 
[2026-08-28 22:17:12,198][/fssmall/home/h61084/codes/tsfm/.venv/lib/python3.12/site-packages/chronos/chronos.py][WARNING] - We recommend keeping prediction length <= 64. The quality of longer predictions may degrade since the model is not optimized for it. 
[2026-08-28 22:17:15,697][/fssmall/home/h61084/codes/tsfm/.venv/lib/python3.12/site-packages/chronos/chronos.py][WARNING] - We recommend keeping prediction length <= 64. The quality of longer predictions may degrade since the model is not optimized for it. 
[2026-08-28 22:17:19,198][/fssmall/home/h61084/codes/tsfm/.venv/lib/python3.12/site-packages/chronos/chronos.py][WARNING] - We recommend keeping prediction length <= 64. The quality of longer predictions may degrade since the model is not optimized for it. 
[2026-08-28 22:17:22,698][/fssmall/home/h61084/codes/tsfm/.venv/lib/python3.12/site-packages/chronos/chronos.py][WARNING] - We recommend keeping prediction length <= 64. The quality of longer predictions may degrade since the model is not optimized for it. 
[2026-08-28 22:17:26,197][/fssmall/home/h61084/codes/tsfm/.venv/lib/python3.12/site-packages/chronos/chronos.py][WARNING] - We recommend keeping prediction length <= 64. The quality of longer predictions may degrade since the model is not optimized for it. 
[2026-08-28 22:17:29,700][/fssmall/home/h61084/codes/tsfm/.venv/lib/python3.12/site-packages/chronos/chronos.py][WARNING] - We recommend keeping prediction length <= 64. The quality of longer predictions may degrade since the model is not optimized for it. 
[2026-08-28 22:17:33,202][/fssmall/home/h61084/codes/tsfm/.venv/lib/python3.12/site-packages/chronos/chronos.py][WARNING] - We recommend keeping prediction length <= 64. The quality of longer predictions may degrade since the model is not optimized for it. 
[2026-08-28 22:17:36,704][/fssmall/home/h61084/codes/tsfm/.venv/lib/python3.12/site-packages/chronos/chronos.py][WARNING] - We recommend keeping prediction length <= 64. The quality of longer predictions may degrade since the model is not optimized for it. 
[2026-08-28 22:17:40,204][/fssmall/home/h61084/codes/tsfm/.venv/lib/python3.12/site-packages/chronos/chronos.py][WARNING] - We recommend keeping prediction length <= 64. The quality of longer predictions may degrade since the model is not optimized for it. 
[2026-08-28 22:17:43,705][/fssmall/home/h61084/codes/tsfm/.venv/lib/python3.12/site-packages/chronos/chronos.py][WARNING] - We recommend keeping prediction length <= 64. The quality of longer predictions may degrade since the model is not optimized for it. 
[2026-08-28 22:17:47,211][/fssmall/home/h61084/codes/tsfm/.venv/lib/python3.12/site-packages/chronos/chronos.py][WARNING] - We recommend keeping prediction length <= 64. The quality of longer predictions may degrade since the model is not optimized for it. 
[2026-08-28 22:17:50,713][/fssmall/home/h61084/codes/tsfm/.venv/lib/python3.12/site-packages/chronos/chronos.py][WARNING] - We recommend keeping prediction length <= 64. The quality of longer predictions may degrade since the model is not optimized for it. 
[2026-08-28 22:17:54,217][/fssmall/home/h61084/codes/tsfm/.venv/lib/python3.12/site-packages/chronos/chronos.py][WARNING] - We recommend keeping prediction length <= 64. The quality of longer predictions may degrade since the model is not optimized for it. 
[2026-08-28 22:17:58,125][/fssmall/home/h61084/codes/tsfm/.venv/lib/python3.12/site-packages/chronos/chronos.py][WARNING] - We recommend keeping prediction length <= 64. The quality of longer predictions may degrade since the model is not optimized for it. 
[2026-08-28 22:18:01,623][/fssmall/home/h61084/codes/tsfm/.venv/lib/python3.12/site-packages/chronos/chronos.py][WARNING] - We recommend keeping prediction length <= 64. The quality of longer predictions may degrade since the model is not optimized for it. 
[2026-08-28 22:18:05,124][/fssmall/home/h61084/codes/tsfm/.venv/lib/python3.12/site-packages/chronos/chronos.py][WARNING] - We recommend keeping prediction length <= 64. The quality of longer predictions may degrade since the model is not optimized for it. 
[2026-08-28 22:18:08,664][/fssmall/home/h61084/codes/tsfm/.venv/lib/python3.12/site-packages/chronos/chronos.py][WARNING] - We recommend keeping prediction length <= 64. The quality of longer predictions may degrade since the model is not optimized for it. 
[2026-08-28 22:18:12,165][/fssmall/home/h61084/codes/tsfm/.venv/lib/python3.12/site-packages/chronos/chronos.py][WARNING] - We recommend keeping prediction length <= 64. The quality of longer predictions may degrade since the model is not optimized for it. 
[2026-08-28 22:18:15,669][/fssmall/home/h61084/codes/tsfm/.venv/lib/python3.12/site-packages/chronos/chronos.py][WARNING] - We recommend keeping prediction length <= 64. The quality of longer predictions may degrade since the model is not optimized for it. 
[2026-08-28 22:18:19,170][/fssmall/home/h61084/codes/tsfm/.venv/lib/python3.12/site-packages/chronos/chronos.py][WARNING] - We recommend keeping prediction length <= 64. The quality of longer predictions may degrade since the model is not optimized for it. 
[2026-08-28 22:18:22,671][/fssmall/home/h61084/codes/tsfm/.venv/lib/python3.12/site-packages/chronos/chronos.py][WARNING] - We recommend keeping prediction length <= 64. The quality of longer predictions may degrade since the model is not optimized for it. 
[2026-08-28 22:18:26,171][/fssmall/home/h61084/codes/tsfm/.venv/lib/python3.12/site-packages/chronos/chronos.py][WARNING] - We recommend keeping prediction length <= 64. The quality of longer predictions may degrade since the model is not optimized for it. 
[2026-08-28 22:18:29,673][/fssmall/home/h61084/codes/tsfm/.venv/lib/python3.12/site-packages/chronos/chronos.py][WARNING] - We recommend keeping prediction length <= 64. The quality of longer predictions may degrade since the model is not optimized for it. 
[2026-08-28 22:18:33,177][/fssmall/home/h61084/codes/tsfm/.venv/lib/python3.12/site-packages/chronos/chronos.py][WARNING] - We recommend keeping prediction length <= 64. The quality of longer predictions may degrade since the model is not optimized for it. 
[2026-08-28 22:18:36,677][/fssmall/home/h61084/codes/tsfm/.venv/lib/python3.12/site-packages/chronos/chronos.py][WARNING] - We recommend keeping prediction length <= 64. The quality of longer predictions may degrade since the model is not optimized for it. 
[2026-08-28 22:18:40,178][/fssmall/home/h61084/codes/tsfm/.venv/lib/python3.12/site-packages/chronos/chronos.py][WARNING] - We recommend keeping prediction length <= 64. The quality of longer predictions may degrade since the model is not optimized for it. 
[2026-08-28 22:18:43,679][/fssmall/home/h61084/codes/tsfm/.venv/lib/python3.12/site-packages/chronos/chronos.py][WARNING] - We recommend keeping prediction length <= 64. The quality of longer predictions may degrade since the model is not optimized for it. 
[2026-08-28 22:18:47,184][/fssmall/home/h61084/codes/tsfm/.venv/lib/python3.12/site-packages/chronos/chronos.py][WARNING] - We recommend keeping prediction length <= 64. The quality of longer predictions may degrade since the model is not optimized for it. 
[2026-08-28 22:18:50,684][/fssmall/home/h61084/codes/tsfm/.venv/lib/python3.12/site-packages/chronos/chronos.py][WARNING] - We recommend keeping prediction length <= 64. The quality of longer predictions may degrade since the model is not optimized for it. 
[2026-08-28 22:18:54,185][/fssmall/home/h61084/codes/tsfm/.venv/lib/python3.12/site-packages/chronos/chronos.py][WARNING] - We recommend keeping prediction length <= 64. The quality of longer predictions may degrade since the model is not optimized for it. 
[2026-08-28 22:18:57,691][/fssmall/home/h61084/codes/tsfm/.venv/lib/python3.12/site-packages/chronos/chronos.py][WARNING] - We recommend keeping prediction length <= 64. The quality of longer predictions may degrade since the model is not optimized for it. 
[2026-08-28 22:19:01,191][/fssmall/home/h61084/codes/tsfm/.venv/lib/python3.12/site-packages/chronos/chronos.py][WARNING] - We recommend keeping prediction length <= 64. The quality of longer predictions may degrade since the model is not optimized for it. 
[2026-08-28 22:19:04,691][/fssmall/home/h61084/codes/tsfm/.venv/lib/python3.12/site-packages/chronos/chronos.py][WARNING] - We recommend keeping prediction length <= 64. The quality of longer predictions may degrade since the model is not optimized for it. 
[2026-08-28 22:19:08,191][/fssmall/home/h61084/codes/tsfm/.venv/lib/python3.12/site-packages/chronos/chronos.py][WARNING] - We recommend keeping prediction length <= 64. The quality of longer predictions may degrade since the model is not optimized for it. 
[2026-08-28 22:19:11,691][/fssmall/home/h61084/codes/tsfm/.venv/lib/python3.12/site-packages/chronos/chronos.py][WARNING] - We recommend keeping prediction length <= 64. The quality of longer predictions may degrade since the model is not optimized for it. 
[2026-08-28 22:19:15,191][/fssmall/home/h61084/codes/tsfm/.venv/lib/python3.12/site-packages/chronos/chronos.py][WARNING] - We recommend keeping prediction length <= 64. The quality of longer predictions may degrade since the model is not optimized for it. 
[2026-08-28 22:19:18,691][/fssmall/home/h61084/codes/tsfm/.venv/lib/python3.12/site-packages/chronos/chronos.py][WARNING] - We recommend keeping prediction length <= 64. The quality of longer predictions may degrade since the model is not optimized for it. 
[2026-08-28 22:19:22,193][/fssmall/home/h61084/codes/tsfm/.venv/lib/python3.12/site-packages/chronos/chronos.py][WARNING] - We recommend keeping prediction length <= 64. The quality of longer predictions may degrade since the model is not optimized for it. 
[2026-08-28 22:19:25,697][/fssmall/home/h61084/codes/tsfm/.venv/lib/python3.12/site-packages/chronos/chronos.py][WARNING] - We recommend keeping prediction length <= 64. The quality of longer predictions may degrade since the model is not optimized for it. 
[2026-08-28 22:19:29,198][/fssmall/home/h61084/codes/tsfm/.venv/lib/python3.12/site-packages/chronos/chronos.py][WARNING] - We recommend keeping prediction length <= 64. The quality of longer predictions may degrade since the model is not optimized for it. 
[2026-08-28 22:19:32,699][/fssmall/home/h61084/codes/tsfm/.venv/lib/python3.12/site-packages/chronos/chronos.py][WARNING] - We recommend keeping prediction length <= 64. The quality of longer predictions may degrade since the model is not optimized for it. 
[2026-08-28 22:19:36,204][/fssmall/home/h61084/codes/tsfm/.venv/lib/python3.12/site-packages/chronos/chronos.py][WARNING] - We recommend keeping prediction length <= 64. The quality of longer predictions may degrade since the model is not optimized for it. 
[2026-08-28 22:19:39,705][/fssmall/home/h61084/codes/tsfm/.venv/lib/python3.12/site-packages/chronos/chronos.py][WARNING] - We recommend keeping prediction length <= 64. The quality of longer predictions may degrade since the model is not optimized for it. 
[2026-08-28 22:19:43,208][/fssmall/home/h61084/codes/tsfm/.venv/lib/python3.12/site-packages/chronos/chronos.py][WARNING] - We recommend keeping prediction length <= 64. The quality of longer predictions may degrade since the model is not optimized for it. 
[2026-08-28 22:19:46,712][/fssmall/home/h61084/codes/tsfm/.venv/lib/python3.12/site-packages/chronos/chronos.py][WARNING] - We recommend keeping prediction length <= 64. The quality of longer predictions may degrade since the model is not optimized for it. 
[2026-08-28 22:19:50,214][/fssmall/home/h61084/codes/tsfm/.venv/lib/python3.12/site-packages/chronos/chronos.py][WARNING] - We recommend keeping prediction length <= 64. The quality of longer predictions may degrade since the model is not optimized for it. 
[2026-08-28 22:19:53,718][/fssmall/home/h61084/codes/tsfm/.venv/lib/python3.12/site-packages/chronos/chronos.py][WARNING] - We recommend keeping prediction length <= 64. The quality of longer predictions may degrade since the model is not optimized for it. 
[2026-08-28 22:19:57,219][/fssmall/home/h61084/codes/tsfm/.venv/lib/python3.12/site-packages/chronos/chronos.py][WARNING] - We recommend keeping prediction length <= 64. The quality of longer predictions may degrade since the model is not optimized for it. 
[2026-08-28 22:20:00,722][/fssmall/home/h61084/codes/tsfm/.venv/lib/python3.12/site-packages/chronos/chronos.py][WARNING] - We recommend keeping prediction length <= 64. The quality of longer predictions may degrade since the model is not optimized for it. 
[2026-08-28 22:20:04,225][/fssmall/home/h61084/codes/tsfm/.venv/lib/python3.12/site-packages/chronos/chronos.py][WARNING] - We recommend keeping prediction length <= 64. The quality of longer predictions may degrade since the model is not optimized for it. 
[2026-08-28 22:20:07,728][/fssmall/home/h61084/codes/tsfm/.venv/lib/python3.12/site-packages/chronos/chronos.py][WARNING] - We recommend keeping prediction length <= 64. The quality of longer predictions may degrade since the model is not optimized for it. 
[2026-08-28 22:20:11,231][/fssmall/home/h61084/codes/tsfm/.venv/lib/python3.12/site-packages/chronos/chronos.py][WARNING] - We recommend keeping prediction length <= 64. The quality of longer predictions may degrade since the model is not optimized for it. 
[2026-08-28 22:20:14,731][/fssmall/home/h61084/codes/tsfm/.venv/lib/python3.12/site-packages/chronos/chronos.py][WARNING] - We recommend keeping prediction length <= 64. The quality of longer predictions may degrade since the model is not optimized for it. 
[2026-08-28 22:20:18,231][/fssmall/home/h61084/codes/tsfm/.venv/lib/python3.12/site-packages/chronos/chronos.py][WARNING] - We recommend keeping prediction length <= 64. The quality of longer predictions may degrade since the model is not optimized for it. 
[2026-08-28 22:20:21,731][/fssmall/home/h61084/codes/tsfm/.venv/lib/python3.12/site-packages/chronos/chronos.py][WARNING] - We recommend keeping prediction length <= 64. The quality of longer predictions may degrade since the model is not optimized for it. 
[2026-08-28 22:20:25,232][/fssmall/home/h61084/codes/tsfm/.venv/lib/python3.12/site-packages/chronos/chronos.py][WARNING] - We recommend keeping prediction length <= 64. The quality of longer predictions may degrade since the model is not optimized for it. 
[2026-08-28 22:20:28,731][/fssmall/home/h61084/codes/tsfm/.venv/lib/python3.12/site-packages/chronos/chronos.py][WARNING] - We recommend keeping prediction length <= 64. The quality of longer predictions may degrade since the model is not optimized for it. 
[2026-08-28 22:20:32,234][/fssmall/home/h61084/codes/tsfm/.venv/lib/python3.12/site-packages/chronos/chronos.py][WARNING] - We recommend keeping prediction length <= 64. The quality of longer predictions may degrade since the model is not optimized for it. 
[2026-08-28 22:20:35,739][/fssmall/home/h61084/codes/tsfm/.venv/lib/python3.12/site-packages/chronos/chronos.py][WARNING] - We recommend keeping prediction length <= 64. The quality of longer predictions may degrade since the model is not optimized for it. 
[2026-08-28 22:20:39,239][/fssmall/home/h61084/codes/tsfm/.venv/lib/python3.12/site-packages/chronos/chronos.py][WARNING] - We recommend keeping prediction length <= 64. The quality of longer predictions may degrade since the model is not optimized for it. 
[2026-08-28 22:20:42,740][/fssmall/home/h61084/codes/tsfm/.venv/lib/python3.12/site-packages/chronos/chronos.py][WARNING] - We recommend keeping prediction length <= 64. The quality of longer predictions may degrade since the model is not optimized for it. 
[2026-08-28 22:20:46,241][/fssmall/home/h61084/codes/tsfm/.venv/lib/python3.12/site-packages/chronos/chronos.py][WARNING] - We recommend keeping prediction length <= 64. The quality of longer predictions may degrade since the model is not optimized for it. 
[2026-08-28 22:20:49,745][/fssmall/home/h61084/codes/tsfm/.venv/lib/python3.12/site-packages/chronos/chronos.py][WARNING] - We recommend keeping prediction length <= 64. The quality of longer predictions may degrade since the model is not optimized for it. 
[2026-08-28 22:20:53,247][/fssmall/home/h61084/codes/tsfm/.venv/lib/python3.12/site-packages/chronos/chronos.py][WARNING] - We recommend keeping prediction length <= 64. The quality of longer predictions may degrade since the model is not optimized for it. 
[2026-08-28 22:20:56,748][/fssmall/home/h61084/codes/tsfm/.venv/lib/python3.12/site-packages/chronos/chronos.py][WARNING] - We recommend keeping prediction length <= 64. The quality of longer predictions may degrade since the model is not optimized for it. 
[2026-08-28 22:21:00,248][/fssmall/home/h61084/codes/tsfm/.venv/lib/python3.12/site-packages/chronos/chronos.py][WARNING] - We recommend keeping prediction length <= 64. The quality of longer predictions may degrade since the model is not optimized for it. 
[2026-08-28 22:21:03,751][/fssmall/home/h61084/codes/tsfm/.venv/lib/python3.12/site-packages/chronos/chronos.py][WARNING] - We recommend keeping prediction length <= 64. The quality of longer predictions may degrade since the model is not optimized for it. 
[2026-08-28 22:21:07,254][/fssmall/home/h61084/codes/tsfm/.venv/lib/python3.12/site-packages/chronos/chronos.py][WARNING] - We recommend keeping prediction length <= 64. The quality of longer predictions may degrade since the model is not optimized for it. 
[2026-08-28 22:21:10,758][/fssmall/home/h61084/codes/tsfm/.venv/lib/python3.12/site-packages/chronos/chronos.py][WARNING] - We recommend keeping prediction length <= 64. The quality of longer predictions may degrade since the model is not optimized for it. 
[2026-08-28 22:21:14,258][/fssmall/home/h61084/codes/tsfm/.venv/lib/python3.12/site-packages/chronos/chronos.py][WARNING] - We recommend keeping prediction length <= 64. The quality of longer predictions may degrade since the model is not optimized for it. 
[2026-08-28 22:21:17,759][/fssmall/home/h61084/codes/tsfm/.venv/lib/python3.12/site-packages/chronos/chronos.py][WARNING] - We recommend keeping prediction length <= 64. The quality of longer predictions may degrade since the model is not optimized for it. 
[2026-08-28 22:21:21,266][/fssmall/home/h61084/codes/tsfm/.venv/lib/python3.12/site-packages/chronos/chronos.py][WARNING] - We recommend keeping prediction length <= 64. The quality of longer predictions may degrade since the model is not optimized for it. 
[2026-08-28 22:21:24,767][/fssmall/home/h61084/codes/tsfm/.venv/lib/python3.12/site-packages/chronos/chronos.py][WARNING] - We recommend keeping prediction length <= 64. The quality of longer predictions may degrade since the model is not optimized for it. 
[2026-08-28 22:21:28,266][/fssmall/home/h61084/codes/tsfm/.venv/lib/python3.12/site-packages/chronos/chronos.py][WARNING] - We recommend keeping prediction length <= 64. The quality of longer predictions may degrade since the model is not optimized for it. 
[2026-08-28 22:21:31,769][/fssmall/home/h61084/codes/tsfm/.venv/lib/python3.12/site-packages/chronos/chronos.py][WARNING] - We recommend keeping prediction length <= 64. The quality of longer predictions may degrade since the model is not optimized for it. 
[2026-08-28 22:21:35,272][/fssmall/home/h61084/codes/tsfm/.venv/lib/python3.12/site-packages/chronos/chronos.py][WARNING] - We recommend keeping prediction length <= 64. The quality of longer predictions may degrade since the model is not optimized for it. 
[2026-08-28 22:21:38,773][/fssmall/home/h61084/codes/tsfm/.venv/lib/python3.12/site-packages/chronos/chronos.py][WARNING] - We recommend keeping prediction length <= 64. The quality of longer predictions may degrade since the model is not optimized for it. 
[2026-08-28 22:21:42,274][/fssmall/home/h61084/codes/tsfm/.venv/lib/python3.12/site-packages/chronos/chronos.py][WARNING] - We recommend keeping prediction length <= 64. The quality of longer predictions may degrade since the model is not optimized for it. 
[2026-08-28 22:21:45,775][/fssmall/home/h61084/codes/tsfm/.venv/lib/python3.12/site-packages/chronos/chronos.py][WARNING] - We recommend keeping prediction length <= 64. The quality of longer predictions may degrade since the model is not optimized for it. 
[2026-08-28 22:21:49,279][/fssmall/home/h61084/codes/tsfm/.venv/lib/python3.12/site-packages/chronos/chronos.py][WARNING] - We recommend keeping prediction length <= 64. The quality of longer predictions may degrade since the model is not optimized for it. 
[2026-08-28 22:21:52,780][/fssmall/home/h61084/codes/tsfm/.venv/lib/python3.12/site-packages/chronos/chronos.py][WARNING] - We recommend keeping prediction length <= 64. The quality of longer predictions may degrade since the model is not optimized for it. 
[2026-08-28 22:21:56,283][/fssmall/home/h61084/codes/tsfm/.venv/lib/python3.12/site-packages/chronos/chronos.py][WARNING] - We recommend keeping prediction length <= 64. The quality of longer predictions may degrade since the model is not optimized for it. 
[2026-08-28 22:21:59,786][/fssmall/home/h61084/codes/tsfm/.venv/lib/python3.12/site-packages/chronos/chronos.py][WARNING] - We recommend keeping prediction length <= 64. The quality of longer predictions may degrade since the model is not optimized for it. 
[2026-08-28 22:22:03,287][/fssmall/home/h61084/codes/tsfm/.venv/lib/python3.12/site-packages/chronos/chronos.py][WARNING] - We recommend keeping prediction length <= 64. The quality of longer predictions may degrade since the model is not optimized for it. 
[2026-08-28 22:22:06,787][/fssmall/home/h61084/codes/tsfm/.venv/lib/python3.12/site-packages/chronos/chronos.py][WARNING] - We recommend keeping prediction length <= 64. The quality of longer predictions may degrade since the model is not optimized for it. 
[2026-08-28 22:22:10,290][/fssmall/home/h61084/codes/tsfm/.venv/lib/python3.12/site-packages/chronos/chronos.py][WARNING] - We recommend keeping prediction length <= 64. The quality of longer predictions may degrade since the model is not optimized for it. 
[2026-08-28 22:22:13,792][/fssmall/home/h61084/codes/tsfm/.venv/lib/python3.12/site-packages/chronos/chronos.py][WARNING] - We recommend keeping prediction length <= 64. The quality of longer predictions may degrade since the model is not optimized for it. 
[2026-08-28 22:22:17,292][/fssmall/home/h61084/codes/tsfm/.venv/lib/python3.12/site-packages/chronos/chronos.py][WARNING] - We recommend keeping prediction length <= 64. The quality of longer predictions may degrade since the model is not optimized for it. 
[2026-08-28 22:22:20,792][/fssmall/home/h61084/codes/tsfm/.venv/lib/python3.12/site-packages/chronos/chronos.py][WARNING] - We recommend keeping prediction length <= 64. The quality of longer predictions may degrade since the model is not optimized for it. 
[2026-08-28 22:22:24,293][/fssmall/home/h61084/codes/tsfm/.venv/lib/python3.12/site-packages/chronos/chronos.py][WARNING] - We recommend keeping prediction length <= 64. The quality of longer predictions may degrade since the model is not optimized for it. 
[2026-08-28 22:22:27,793][/fssmall/home/h61084/codes/tsfm/.venv/lib/python3.12/site-packages/chronos/chronos.py][WARNING] - We recommend keeping prediction length <= 64. The quality of longer predictions may degrade since the model is not optimized for it. 
[2026-08-28 22:22:31,293][/fssmall/home/h61084/codes/tsfm/.venv/lib/python3.12/site-packages/chronos/chronos.py][WARNING] - We recommend keeping prediction length <= 64. The quality of longer predictions may degrade since the model is not optimized for it. 
[2026-08-28 22:22:34,794][/fssmall/home/h61084/codes/tsfm/.venv/lib/python3.12/site-packages/chronos/chronos.py][WARNING] - We recommend keeping prediction length <= 64. The quality of longer predictions may degrade since the model is not optimized for it. 
[2026-08-28 22:22:38,295][/fssmall/home/h61084/codes/tsfm/.venv/lib/python3.12/site-packages/chronos/chronos.py][WARNING] - We recommend keeping prediction length <= 64. The quality of longer predictions may degrade since the model is not optimized for it. 
[2026-08-28 22:22:41,799][/fssmall/home/h61084/codes/tsfm/.venv/lib/python3.12/site-packages/chronos/chronos.py][WARNING] - We recommend keeping prediction length <= 64. The quality of longer predictions may degrade since the model is not optimized for it. 
[2026-08-28 22:22:45,300][/fssmall/home/h61084/codes/tsfm/.venv/lib/python3.12/site-packages/chronos/chronos.py][WARNING] - We recommend keeping prediction length <= 64. The quality of longer predictions may degrade since the model is not optimized for it. 
[2026-08-28 22:22:48,801][/fssmall/home/h61084/codes/tsfm/.venv/lib/python3.12/site-packages/chronos/chronos.py][WARNING] - We recommend keeping prediction length <= 64. The quality of longer predictions may degrade since the model is not optimized for it. 
[2026-08-28 22:22:52,307][/fssmall/home/h61084/codes/tsfm/.venv/lib/python3.12/site-packages/chronos/chronos.py][WARNING] - We recommend keeping prediction length <= 64. The quality of longer predictions may degrade since the model is not optimized for it. 
[2026-08-28 22:22:55,807][/fssmall/home/h61084/codes/tsfm/.venv/lib/python3.12/site-packages/chronos/chronos.py][WARNING] - We recommend keeping prediction length <= 64. The quality of longer predictions may degrade since the model is not optimized for it. 
[2026-08-28 22:22:59,309][/fssmall/home/h61084/codes/tsfm/.venv/lib/python3.12/site-packages/chronos/chronos.py][WARNING] - We recommend keeping prediction length <= 64. The quality of longer predictions may degrade since the model is not optimized for it. 
[2026-08-28 22:23:02,813][/fssmall/home/h61084/codes/tsfm/.venv/lib/python3.12/site-packages/chronos/chronos.py][WARNING] - We recommend keeping prediction length <= 64. The quality of longer predictions may degrade since the model is not optimized for it. 
[2026-08-28 22:23:06,314][/fssmall/home/h61084/codes/tsfm/.venv/lib/python3.12/site-packages/chronos/chronos.py][WARNING] - We recommend keeping prediction length <= 64. The quality of longer predictions may degrade since the model is not optimized for it. 
[2026-08-28 22:23:09,814][/fssmall/home/h61084/codes/tsfm/.venv/lib/python3.12/site-packages/chronos/chronos.py][WARNING] - We recommend keeping prediction length <= 64. The quality of longer predictions may degrade since the model is not optimized for it. 
[2026-08-28 22:23:13,317][/fssmall/home/h61084/codes/tsfm/.venv/lib/python3.12/site-packages/chronos/chronos.py][WARNING] - We recommend keeping prediction length <= 64. The quality of longer predictions may degrade since the model is not optimized for it. 
[2026-08-28 22:23:16,821][/fssmall/home/h61084/codes/tsfm/.venv/lib/python3.12/site-packages/chronos/chronos.py][WARNING] - We recommend keeping prediction length <= 64. The quality of longer predictions may degrade since the model is not optimized for it. 
[2026-08-28 22:23:20,320][/fssmall/home/h61084/codes/tsfm/.venv/lib/python3.12/site-packages/chronos/chronos.py][WARNING] - We recommend keeping prediction length <= 64. The quality of longer predictions may degrade since the model is not optimized for it. 
[2026-08-28 22:23:23,820][/fssmall/home/h61084/codes/tsfm/.venv/lib/python3.12/site-packages/chronos/chronos.py][WARNING] - We recommend keeping prediction length <= 64. The quality of longer predictions may degrade since the model is not optimized for it. 
[2026-08-28 22:23:27,322][/fssmall/home/h61084/codes/tsfm/.venv/lib/python3.12/site-packages/chronos/chronos.py][WARNING] - We recommend keeping prediction length <= 64. The quality of longer predictions may degrade since the model is not optimized for it. 
[2026-08-28 22:23:30,826][/fssmall/home/h61084/codes/tsfm/.venv/lib/python3.12/site-packages/chronos/chronos.py][WARNING] - We recommend keeping prediction length <= 64. The quality of longer predictions may degrade since the model is not optimized for it. 
[2026-08-28 22:23:34,327][/fssmall/home/h61084/codes/tsfm/.venv/lib/python3.12/site-packages/chronos/chronos.py][WARNING] - We recommend keeping prediction length <= 64. The quality of longer predictions may degrade since the model is not optimized for it. 
[2026-08-28 22:23:37,826][/fssmall/home/h61084/codes/tsfm/.venv/lib/python3.12/site-packages/chronos/chronos.py][WARNING] - We recommend keeping prediction length <= 64. The quality of longer predictions may degrade since the model is not optimized for it. 
[2026-08-28 22:23:41,327][/fssmall/home/h61084/codes/tsfm/.venv/lib/python3.12/site-packages/chronos/chronos.py][WARNING] - We recommend keeping prediction length <= 64. The quality of longer predictions may degrade since the model is not optimized for it. 
[2026-08-28 22:23:44,833][/fssmall/home/h61084/codes/tsfm/.venv/lib/python3.12/site-packages/chronos/chronos.py][WARNING] - We recommend keeping prediction length <= 64. The quality of longer predictions may degrade since the model is not optimized for it. 
[2026-08-28 22:23:48,332][/fssmall/home/h61084/codes/tsfm/.venv/lib/python3.12/site-packages/chronos/chronos.py][WARNING] - We recommend keeping prediction length <= 64. The quality of longer predictions may degrade since the model is not optimized for it. 
[2026-08-28 22:23:51,834][/fssmall/home/h61084/codes/tsfm/.venv/lib/python3.12/site-packages/chronos/chronos.py][WARNING] - We recommend keeping prediction length <= 64. The quality of longer predictions may degrade since the model is not optimized for it. 
[2026-08-28 22:23:55,332][/fssmall/home/h61084/codes/tsfm/.venv/lib/python3.12/site-packages/chronos/chronos.py][WARNING] - We recommend keeping prediction length <= 64. The quality of longer predictions may degrade since the model is not optimized for it. 
[2026-08-28 22:23:59,096][/fssmall/home/h61084/codes/tsfm/.venv/lib/python3.12/site-packages/chronos/chronos.py][WARNING] - We recommend keeping prediction length <= 64. The quality of longer predictions may degrade since the model is not optimized for it. 
[2026-08-28 22:24:02,756][/fssmall/home/h61084/codes/tsfm/.venv/lib/python3.12/site-packages/chronos/chronos.py][WARNING] - We recommend keeping prediction length <= 64. The quality of longer predictions may degrade since the model is not optimized for it. 
[2026-08-28 22:24:06,260][/fssmall/home/h61084/codes/tsfm/.venv/lib/python3.12/site-packages/chronos/chronos.py][WARNING] - We recommend keeping prediction length <= 64. The quality of longer predictions may degrade since the model is not optimized for it. 
[2026-08-28 22:24:09,761][/fssmall/home/h61084/codes/tsfm/.venv/lib/python3.12/site-packages/chronos/chronos.py][WARNING] - We recommend keeping prediction length <= 64. The quality of longer predictions may degrade since the model is not optimized for it. 
[2026-08-28 22:24:13,301][/fssmall/home/h61084/codes/tsfm/.venv/lib/python3.12/site-packages/chronos/chronos.py][WARNING] - We recommend keeping prediction length <= 64. The quality of longer predictions may degrade since the model is not optimized for it. 
[2026-08-28 22:24:16,802][/fssmall/home/h61084/codes/tsfm/.venv/lib/python3.12/site-packages/chronos/chronos.py][WARNING] - We recommend keeping prediction length <= 64. The quality of longer predictions may degrade since the model is not optimized for it. 
[2026-08-28 22:24:20,302][/fssmall/home/h61084/codes/tsfm/.venv/lib/python3.12/site-packages/chronos/chronos.py][WARNING] - We recommend keeping prediction length <= 64. The quality of longer predictions may degrade since the model is not optimized for it. 
[2026-08-28 22:24:23,804][/fssmall/home/h61084/codes/tsfm/.venv/lib/python3.12/site-packages/chronos/chronos.py][WARNING] - We recommend keeping prediction length <= 64. The quality of longer predictions may degrade since the model is not optimized for it. 
[2026-08-28 22:24:27,303][/fssmall/home/h61084/codes/tsfm/.venv/lib/python3.12/site-packages/chronos/chronos.py][WARNING] - We recommend keeping prediction length <= 64. The quality of longer predictions may degrade since the model is not optimized for it. 
[2026-08-28 22:24:30,802][/fssmall/home/h61084/codes/tsfm/.venv/lib/python3.12/site-packages/chronos/chronos.py][WARNING] - We recommend keeping prediction length <= 64. The quality of longer predictions may degrade since the model is not optimized for it. 
[2026-08-28 22:24:34,303][/fssmall/home/h61084/codes/tsfm/.venv/lib/python3.12/site-packages/chronos/chronos.py][WARNING] - We recommend keeping prediction length <= 64. The quality of longer predictions may degrade since the model is not optimized for it. 
[2026-08-28 22:24:37,804][/fssmall/home/h61084/codes/tsfm/.venv/lib/python3.12/site-packages/chronos/chronos.py][WARNING] - We recommend keeping prediction length <= 64. The quality of longer predictions may degrade since the model is not optimized for it. 
[2026-08-28 22:24:41,307][/fssmall/home/h61084/codes/tsfm/.venv/lib/python3.12/site-packages/chronos/chronos.py][WARNING] - We recommend keeping prediction length <= 64. The quality of longer predictions may degrade since the model is not optimized for it. 
[2026-08-28 22:24:44,808][/fssmall/home/h61084/codes/tsfm/.venv/lib/python3.12/site-packages/chronos/chronos.py][WARNING] - We recommend keeping prediction length <= 64. The quality of longer predictions may degrade since the model is not optimized for it. 
[2026-08-28 22:24:48,308][/fssmall/home/h61084/codes/tsfm/.venv/lib/python3.12/site-packages/chronos/chronos.py][WARNING] - We recommend keeping prediction length <= 64. The quality of longer predictions may degrade since the model is not optimized for it. 
[2026-08-28 22:24:51,808][/fssmall/home/h61084/codes/tsfm/.venv/lib/python3.12/site-packages/chronos/chronos.py][WARNING] - We recommend keeping prediction length <= 64. The quality of longer predictions may degrade since the model is not optimized for it. 
[2026-08-28 22:24:55,308][/fssmall/home/h61084/codes/tsfm/.venv/lib/python3.12/site-packages/chronos/chronos.py][WARNING] - We recommend keeping prediction length <= 64. The quality of longer predictions may degrade since the model is not optimized for it. 
[2026-08-28 22:24:58,810][/fssmall/home/h61084/codes/tsfm/.venv/lib/python3.12/site-packages/chronos/chronos.py][WARNING] - We recommend keeping prediction length <= 64. The quality of longer predictions may degrade since the model is not optimized for it. 
[2026-08-28 22:25:02,315][/fssmall/home/h61084/codes/tsfm/.venv/lib/python3.12/site-packages/chronos/chronos.py][WARNING] - We recommend keeping prediction length <= 64. The quality of longer predictions may degrade since the model is not optimized for it. 
[2026-08-28 22:25:05,814][/fssmall/home/h61084/codes/tsfm/.venv/lib/python3.12/site-packages/chronos/chronos.py][WARNING] - We recommend keeping prediction length <= 64. The quality of longer predictions may degrade since the model is not optimized for it. 
[2026-08-28 22:25:09,314][/fssmall/home/h61084/codes/tsfm/.venv/lib/python3.12/site-packages/chronos/chronos.py][WARNING] - We recommend keeping prediction length <= 64. The quality of longer predictions may degrade since the model is not optimized for it. 
[2026-08-28 22:25:12,815][/fssmall/home/h61084/codes/tsfm/.venv/lib/python3.12/site-packages/chronos/chronos.py][WARNING] - We recommend keeping prediction length <= 64. The quality of longer predictions may degrade since the model is not optimized for it. 
[2026-08-28 22:25:16,317][/fssmall/home/h61084/codes/tsfm/.venv/lib/python3.12/site-packages/chronos/chronos.py][WARNING] - We recommend keeping prediction length <= 64. The quality of longer predictions may degrade since the model is not optimized for it. 
[2026-08-28 22:25:19,822][/fssmall/home/h61084/codes/tsfm/.venv/lib/python3.12/site-packages/chronos/chronos.py][WARNING] - We recommend keeping prediction length <= 64. The quality of longer predictions may degrade since the model is not optimized for it. 
[2026-08-28 22:25:23,323][/fssmall/home/h61084/codes/tsfm/.venv/lib/python3.12/site-packages/chronos/chronos.py][WARNING] - We recommend keeping prediction length <= 64. The quality of longer predictions may degrade since the model is not optimized for it. 
[2026-08-28 22:25:26,826][/fssmall/home/h61084/codes/tsfm/.venv/lib/python3.12/site-packages/chronos/chronos.py][WARNING] - We recommend keeping prediction length <= 64. The quality of longer predictions may degrade since the model is not optimized for it. 
[2026-08-28 22:25:30,328][/fssmall/home/h61084/codes/tsfm/.venv/lib/python3.12/site-packages/chronos/chronos.py][WARNING] - We recommend keeping prediction length <= 64. The quality of longer predictions may degrade since the model is not optimized for it. 
[2026-08-28 22:25:33,833][/fssmall/home/h61084/codes/tsfm/.venv/lib/python3.12/site-packages/chronos/chronos.py][WARNING] - We recommend keeping prediction length <= 64. The quality of longer predictions may degrade since the model is not optimized for it. 
[2026-08-28 22:25:37,334][/fssmall/home/h61084/codes/tsfm/.venv/lib/python3.12/site-packages/chronos/chronos.py][WARNING] - We recommend keeping prediction length <= 64. The quality of longer predictions may degrade since the model is not optimized for it. 
[2026-08-28 22:25:40,834][/fssmall/home/h61084/codes/tsfm/.venv/lib/python3.12/site-packages/chronos/chronos.py][WARNING] - We recommend keeping prediction length <= 64. The quality of longer predictions may degrade since the model is not optimized for it. 
[2026-08-28 22:25:44,334][/fssmall/home/h61084/codes/tsfm/.venv/lib/python3.12/site-packages/chronos/chronos.py][WARNING] - We recommend keeping prediction length <= 64. The quality of longer predictions may degrade since the model is not optimized for it. 
[2026-08-28 22:25:47,838][/fssmall/home/h61084/codes/tsfm/.venv/lib/python3.12/site-packages/chronos/chronos.py][WARNING] - We recommend keeping prediction length <= 64. The quality of longer predictions may degrade since the model is not optimized for it. 
[2026-08-28 22:25:51,341][/fssmall/home/h61084/codes/tsfm/.venv/lib/python3.12/site-packages/chronos/chronos.py][WARNING] - We recommend keeping prediction length <= 64. The quality of longer predictions may degrade since the model is not optimized for it. 
[2026-08-28 22:25:54,840][/fssmall/home/h61084/codes/tsfm/.venv/lib/python3.12/site-packages/chronos/chronos.py][WARNING] - We recommend keeping prediction length <= 64. The quality of longer predictions may degrade since the model is not optimized for it. 
[2026-08-28 22:25:58,344][/fssmall/home/h61084/codes/tsfm/.venv/lib/python3.12/site-packages/chronos/chronos.py][WARNING] - We recommend keeping prediction length <= 64. The quality of longer predictions may degrade since the model is not optimized for it. 
[2026-08-28 22:26:01,848][/fssmall/home/h61084/codes/tsfm/.venv/lib/python3.12/site-packages/chronos/chronos.py][WARNING] - We recommend keeping prediction length <= 64. The quality of longer predictions may degrade since the model is not optimized for it. 
[2026-08-28 22:26:05,349][/fssmall/home/h61084/codes/tsfm/.venv/lib/python3.12/site-packages/chronos/chronos.py][WARNING] - We recommend keeping prediction length <= 64. The quality of longer predictions may degrade since the model is not optimized for it. 
[2026-08-28 22:26:08,849][/fssmall/home/h61084/codes/tsfm/.venv/lib/python3.12/site-packages/chronos/chronos.py][WARNING] - We recommend keeping prediction length <= 64. The quality of longer predictions may degrade since the model is not optimized for it. 
[2026-08-28 22:26:12,350][/fssmall/home/h61084/codes/tsfm/.venv/lib/python3.12/site-packages/chronos/chronos.py][WARNING] - We recommend keeping prediction length <= 64. The quality of longer predictions may degrade since the model is not optimized for it. 
[2026-08-28 22:26:15,851][/fssmall/home/h61084/codes/tsfm/.venv/lib/python3.12/site-packages/chronos/chronos.py][WARNING] - We recommend keeping prediction length <= 64. The quality of longer predictions may degrade since the model is not optimized for it. 
[2026-08-28 22:26:19,355][/fssmall/home/h61084/codes/tsfm/.venv/lib/python3.12/site-packages/chronos/chronos.py][WARNING] - We recommend keeping prediction length <= 64. The quality of longer predictions may degrade since the model is not optimized for it. 
[2026-08-28 22:26:22,856][/fssmall/home/h61084/codes/tsfm/.venv/lib/python3.12/site-packages/chronos/chronos.py][WARNING] - We recommend keeping prediction length <= 64. The quality of longer predictions may degrade since the model is not optimized for it. 
[2026-08-28 22:26:26,358][/fssmall/home/h61084/codes/tsfm/.venv/lib/python3.12/site-packages/chronos/chronos.py][WARNING] - We recommend keeping prediction length <= 64. The quality of longer predictions may degrade since the model is not optimized for it. 
[2026-08-28 22:26:29,861][/fssmall/home/h61084/codes/tsfm/.venv/lib/python3.12/site-packages/chronos/chronos.py][WARNING] - We recommend keeping prediction length <= 64. The quality of longer predictions may degrade since the model is not optimized for it. 
[2026-08-28 22:26:33,362][/fssmall/home/h61084/codes/tsfm/.venv/lib/python3.12/site-packages/chronos/chronos.py][WARNING] - We recommend keeping prediction length <= 64. The quality of longer predictions may degrade since the model is not optimized for it. 
[2026-08-28 22:26:36,865][/fssmall/home/h61084/codes/tsfm/.venv/lib/python3.12/site-packages/chronos/chronos.py][WARNING] - We recommend keeping prediction length <= 64. The quality of longer predictions may degrade since the model is not optimized for it. 
[2026-08-28 22:26:40,368][/fssmall/home/h61084/codes/tsfm/.venv/lib/python3.12/site-packages/chronos/chronos.py][WARNING] - We recommend keeping prediction length <= 64. The quality of longer predictions may degrade since the model is not optimized for it. 
[2026-08-28 22:26:43,869][/fssmall/home/h61084/codes/tsfm/.venv/lib/python3.12/site-packages/chronos/chronos.py][WARNING] - We recommend keeping prediction length <= 64. The quality of longer predictions may degrade since the model is not optimized for it. 
[2026-08-28 22:26:47,370][/fssmall/home/h61084/codes/tsfm/.venv/lib/python3.12/site-packages/chronos/chronos.py][WARNING] - We recommend keeping prediction length <= 64. The quality of longer predictions may degrade since the model is not optimized for it. 
[2026-08-28 22:26:50,870][/fssmall/home/h61084/codes/tsfm/.venv/lib/python3.12/site-packages/chronos/chronos.py][WARNING] - We recommend keeping prediction length <= 64. The quality of longer predictions may degrade since the model is not optimized for it. 
[2026-08-28 22:26:54,372][/fssmall/home/h61084/codes/tsfm/.venv/lib/python3.12/site-packages/chronos/chronos.py][WARNING] - We recommend keeping prediction length <= 64. The quality of longer predictions may degrade since the model is not optimized for it. 
[2026-08-28 22:26:57,876][/fssmall/home/h61084/codes/tsfm/.venv/lib/python3.12/site-packages/chronos/chronos.py][WARNING] - We recommend keeping prediction length <= 64. The quality of longer predictions may degrade since the model is not optimized for it. 
[2026-08-28 22:27:01,378][/fssmall/home/h61084/codes/tsfm/.venv/lib/python3.12/site-packages/chronos/chronos.py][WARNING] - We recommend keeping prediction length <= 64. The quality of longer predictions may degrade since the model is not optimized for it. 
[2026-08-28 22:27:04,883][/fssmall/home/h61084/codes/tsfm/.venv/lib/python3.12/site-packages/chronos/chronos.py][WARNING] - We recommend keeping prediction length <= 64. The quality of longer predictions may degrade since the model is not optimized for it. 
[2026-08-28 22:27:08,387][/fssmall/home/h61084/codes/tsfm/.venv/lib/python3.12/site-packages/chronos/chronos.py][WARNING] - We recommend keeping prediction length <= 64. The quality of longer predictions may degrade since the model is not optimized for it. 
[2026-08-28 22:27:11,888][/fssmall/home/h61084/codes/tsfm/.venv/lib/python3.12/site-packages/chronos/chronos.py][WARNING] - We recommend keeping prediction length <= 64. The quality of longer predictions may degrade since the model is not optimized for it. 
[2026-08-28 22:27:15,390][/fssmall/home/h61084/codes/tsfm/.venv/lib/python3.12/site-packages/chronos/chronos.py][WARNING] - We recommend keeping prediction length <= 64. The quality of longer predictions may degrade since the model is not optimized for it. 
[2026-08-28 22:27:18,893][/fssmall/home/h61084/codes/tsfm/.venv/lib/python3.12/site-packages/chronos/chronos.py][WARNING] - We recommend keeping prediction length <= 64. The quality of longer predictions may degrade since the model is not optimized for it. 
[2026-08-28 22:27:22,395][/fssmall/home/h61084/codes/tsfm/.venv/lib/python3.12/site-packages/chronos/chronos.py][WARNING] - We recommend keeping prediction length <= 64. The quality of longer predictions may degrade since the model is not optimized for it. 
[2026-08-28 22:27:25,895][/fssmall/home/h61084/codes/tsfm/.venv/lib/python3.12/site-packages/chronos/chronos.py][WARNING] - We recommend keeping prediction length <= 64. The quality of longer predictions may degrade since the model is not optimized for it. 
[2026-08-28 22:27:29,396][/fssmall/home/h61084/codes/tsfm/.venv/lib/python3.12/site-packages/chronos/chronos.py][WARNING] - We recommend keeping prediction length <= 64. The quality of longer predictions may degrade since the model is not optimized for it. 
[2026-08-28 22:27:32,896][/fssmall/home/h61084/codes/tsfm/.venv/lib/python3.12/site-packages/chronos/chronos.py][WARNING] - We recommend keeping prediction length <= 64. The quality of longer predictions may degrade since the model is not optimized for it. 
[2026-08-28 22:27:36,396][/fssmall/home/h61084/codes/tsfm/.venv/lib/python3.12/site-packages/chronos/chronos.py][WARNING] - We recommend keeping prediction length <= 64. The quality of longer predictions may degrade since the model is not optimized for it. 
[2026-08-28 22:27:39,896][/fssmall/home/h61084/codes/tsfm/.venv/lib/python3.12/site-packages/chronos/chronos.py][WARNING] - We recommend keeping prediction length <= 64. The quality of longer predictions may degrade since the model is not optimized for it. 
[2026-08-28 22:27:43,396][/fssmall/home/h61084/codes/tsfm/.venv/lib/python3.12/site-packages/chronos/chronos.py][WARNING] - We recommend keeping prediction length <= 64. The quality of longer predictions may degrade since the model is not optimized for it. 
[2026-08-28 22:27:46,898][/fssmall/home/h61084/codes/tsfm/.venv/lib/python3.12/site-packages/chronos/chronos.py][WARNING] - We recommend keeping prediction length <= 64. The quality of longer predictions may degrade since the model is not optimized for it. 
[2026-08-28 22:27:50,398][/fssmall/home/h61084/codes/tsfm/.venv/lib/python3.12/site-packages/chronos/chronos.py][WARNING] - We recommend keeping prediction length <= 64. The quality of longer predictions may degrade since the model is not optimized for it. 
[2026-08-28 22:27:53,897][/fssmall/home/h61084/codes/tsfm/.venv/lib/python3.12/site-packages/chronos/chronos.py][WARNING] - We recommend keeping prediction length <= 64. The quality of longer predictions may degrade since the model is not optimized for it. 
[2026-08-28 22:27:57,398][/fssmall/home/h61084/codes/tsfm/.venv/lib/python3.12/site-packages/chronos/chronos.py][WARNING] - We recommend keeping prediction length <= 64. The quality of longer predictions may degrade since the model is not optimized for it. 
[2026-08-28 22:28:00,902][/fssmall/home/h61084/codes/tsfm/.venv/lib/python3.12/site-packages/chronos/chronos.py][WARNING] - We recommend keeping prediction length <= 64. The quality of longer predictions may degrade since the model is not optimized for it. 
[2026-08-28 22:28:04,403][/fssmall/home/h61084/codes/tsfm/.venv/lib/python3.12/site-packages/chronos/chronos.py][WARNING] - We recommend keeping prediction length <= 64. The quality of longer predictions may degrade since the model is not optimized for it. 
[2026-08-28 22:28:07,902][/fssmall/home/h61084/codes/tsfm/.venv/lib/python3.12/site-packages/chronos/chronos.py][WARNING] - We recommend keeping prediction length <= 64. The quality of longer predictions may degrade since the model is not optimized for it. 
[2026-08-28 22:28:11,403][/fssmall/home/h61084/codes/tsfm/.venv/lib/python3.12/site-packages/chronos/chronos.py][WARNING] - We recommend keeping prediction length <= 64. The quality of longer predictions may degrade since the model is not optimized for it. 
[2026-08-28 22:28:14,903][/fssmall/home/h61084/codes/tsfm/.venv/lib/python3.12/site-packages/chronos/chronos.py][WARNING] - We recommend keeping prediction length <= 64. The quality of longer predictions may degrade since the model is not optimized for it. 
[2026-08-28 22:28:18,403][/fssmall/home/h61084/codes/tsfm/.venv/lib/python3.12/site-packages/chronos/chronos.py][WARNING] - We recommend keeping prediction length <= 64. The quality of longer predictions may degrade since the model is not optimized for it. 
[2026-08-28 22:28:21,902][/fssmall/home/h61084/codes/tsfm/.venv/lib/python3.12/site-packages/chronos/chronos.py][WARNING] - We recommend keeping prediction length <= 64. The quality of longer predictions may degrade since the model is not optimized for it. 
[2026-08-28 22:28:25,403][/fssmall/home/h61084/codes/tsfm/.venv/lib/python3.12/site-packages/chronos/chronos.py][WARNING] - We recommend keeping prediction length <= 64. The quality of longer predictions may degrade since the model is not optimized for it. 
[2026-08-28 22:28:28,903][/fssmall/home/h61084/codes/tsfm/.venv/lib/python3.12/site-packages/chronos/chronos.py][WARNING] - We recommend keeping prediction length <= 64. The quality of longer predictions may degrade since the model is not optimized for it. 
[2026-08-28 22:28:32,405][/fssmall/home/h61084/codes/tsfm/.venv/lib/python3.12/site-packages/chronos/chronos.py][WARNING] - We recommend keeping prediction length <= 64. The quality of longer predictions may degrade since the model is not optimized for it. 
[2026-08-28 22:28:35,906][/fssmall/home/h61084/codes/tsfm/.venv/lib/python3.12/site-packages/chronos/chronos.py][WARNING] - We recommend keeping prediction length <= 64. The quality of longer predictions may degrade since the model is not optimized for it. 
[2026-08-28 22:28:39,410][/fssmall/home/h61084/codes/tsfm/.venv/lib/python3.12/site-packages/chronos/chronos.py][WARNING] - We recommend keeping prediction length <= 64. The quality of longer predictions may degrade since the model is not optimized for it. 
[2026-08-28 22:28:42,913][/fssmall/home/h61084/codes/tsfm/.venv/lib/python3.12/site-packages/chronos/chronos.py][WARNING] - We recommend keeping prediction length <= 64. The quality of longer predictions may degrade since the model is not optimized for it. 
[2026-08-28 22:28:46,416][/fssmall/home/h61084/codes/tsfm/.venv/lib/python3.12/site-packages/chronos/chronos.py][WARNING] - We recommend keeping prediction length <= 64. The quality of longer predictions may degrade since the model is not optimized for it. 
[2026-08-28 22:28:49,916][/fssmall/home/h61084/codes/tsfm/.venv/lib/python3.12/site-packages/chronos/chronos.py][WARNING] - We recommend keeping prediction length <= 64. The quality of longer predictions may degrade since the model is not optimized for it. 
[2026-08-28 22:28:53,417][/fssmall/home/h61084/codes/tsfm/.venv/lib/python3.12/site-packages/chronos/chronos.py][WARNING] - We recommend keeping prediction length <= 64. The quality of longer predictions may degrade since the model is not optimized for it. 
[2026-08-28 22:28:56,919][/fssmall/home/h61084/codes/tsfm/.venv/lib/python3.12/site-packages/chronos/chronos.py][WARNING] - We recommend keeping prediction length <= 64. The quality of longer predictions may degrade since the model is not optimized for it. 
[2026-08-28 22:29:00,422][/fssmall/home/h61084/codes/tsfm/.venv/lib/python3.12/site-packages/chronos/chronos.py][WARNING] - We recommend keeping prediction length <= 64. The quality of longer predictions may degrade since the model is not optimized for it. 
[2026-08-28 22:29:03,924][/fssmall/home/h61084/codes/tsfm/.venv/lib/python3.12/site-packages/chronos/chronos.py][WARNING] - We recommend keeping prediction length <= 64. The quality of longer predictions may degrade since the model is not optimized for it. 
[2026-08-28 22:29:07,423][/fssmall/home/h61084/codes/tsfm/.venv/lib/python3.12/site-packages/chronos/chronos.py][WARNING] - We recommend keeping prediction length <= 64. The quality of longer predictions may degrade since the model is not optimized for it. 
[2026-08-28 22:29:10,923][/fssmall/home/h61084/codes/tsfm/.venv/lib/python3.12/site-packages/chronos/chronos.py][WARNING] - We recommend keeping prediction length <= 64. The quality of longer predictions may degrade since the model is not optimized for it. 
[2026-08-28 22:29:14,423][/fssmall/home/h61084/codes/tsfm/.venv/lib/python3.12/site-packages/chronos/chronos.py][WARNING] - We recommend keeping prediction length <= 64. The quality of longer predictions may degrade since the model is not optimized for it. 
[2026-08-28 22:29:17,926][/fssmall/home/h61084/codes/tsfm/.venv/lib/python3.12/site-packages/chronos/chronos.py][WARNING] - We recommend keeping prediction length <= 64. The quality of longer predictions may degrade since the model is not optimized for it. 
[2026-08-28 22:29:21,430][/fssmall/home/h61084/codes/tsfm/.venv/lib/python3.12/site-packages/chronos/chronos.py][WARNING] - We recommend keeping prediction length <= 64. The quality of longer predictions may degrade since the model is not optimized for it. 
[2026-08-28 22:29:24,929][/fssmall/home/h61084/codes/tsfm/.venv/lib/python3.12/site-packages/chronos/chronos.py][WARNING] - We recommend keeping prediction length <= 64. The quality of longer predictions may degrade since the model is not optimized for it. 
[2026-08-28 22:29:28,429][/fssmall/home/h61084/codes/tsfm/.venv/lib/python3.12/site-packages/chronos/chronos.py][WARNING] - We recommend keeping prediction length <= 64. The quality of longer predictions may degrade since the model is not optimized for it. 
[2026-08-28 22:29:31,930][/fssmall/home/h61084/codes/tsfm/.venv/lib/python3.12/site-packages/chronos/chronos.py][WARNING] - We recommend keeping prediction length <= 64. The quality of longer predictions may degrade since the model is not optimized for it. 
[2026-08-28 22:29:35,437][/fssmall/home/h61084/codes/tsfm/.venv/lib/python3.12/site-packages/chronos/chronos.py][WARNING] - We recommend keeping prediction length <= 64. The quality of longer predictions may degrade since the model is not optimized for it. 
[2026-08-28 22:29:38,936][/fssmall/home/h61084/codes/tsfm/.venv/lib/python3.12/site-packages/chronos/chronos.py][WARNING] - We recommend keeping prediction length <= 64. The quality of longer predictions may degrade since the model is not optimized for it. 
[2026-08-28 22:29:42,437][/fssmall/home/h61084/codes/tsfm/.venv/lib/python3.12/site-packages/chronos/chronos.py][WARNING] - We recommend keeping prediction length <= 64. The quality of longer predictions may degrade since the model is not optimized for it. 
[2026-08-28 22:29:45,935][/fssmall/home/h61084/codes/tsfm/.venv/lib/python3.12/site-packages/chronos/chronos.py][WARNING] - We recommend keeping prediction length <= 64. The quality of longer predictions may degrade since the model is not optimized for it. 
[2026-08-28 22:29:49,437][/fssmall/home/h61084/codes/tsfm/.venv/lib/python3.12/site-packages/chronos/chronos.py][WARNING] - We recommend keeping prediction length <= 64. The quality of longer predictions may degrade since the model is not optimized for it. 
[2026-08-28 22:29:52,938][/fssmall/home/h61084/codes/tsfm/.venv/lib/python3.12/site-packages/chronos/chronos.py][WARNING] - We recommend keeping prediction length <= 64. The quality of longer predictions may degrade since the model is not optimized for it. 
[2026-08-28 22:29:56,436][/fssmall/home/h61084/codes/tsfm/.venv/lib/python3.12/site-packages/chronos/chronos.py][WARNING] - We recommend keeping prediction length <= 64. The quality of longer predictions may degrade since the model is not optimized for it. 
[2026-08-28 22:30:00,199][/fssmall/home/h61084/codes/tsfm/.venv/lib/python3.12/site-packages/chronos/chronos.py][WARNING] - We recommend keeping prediction length <= 64. The quality of longer predictions may degrade since the model is not optimized for it. 
[2026-08-28 22:30:03,836][/fssmall/home/h61084/codes/tsfm/.venv/lib/python3.12/site-packages/chronos/chronos.py][WARNING] - We recommend keeping prediction length <= 64. The quality of longer predictions may degrade since the model is not optimized for it. 
[2026-08-28 22:30:07,338][/fssmall/home/h61084/codes/tsfm/.venv/lib/python3.12/site-packages/chronos/chronos.py][WARNING] - We recommend keeping prediction length <= 64. The quality of longer predictions may degrade since the model is not optimized for it. 
[2026-08-28 22:30:10,838][/fssmall/home/h61084/codes/tsfm/.venv/lib/python3.12/site-packages/chronos/chronos.py][WARNING] - We recommend keeping prediction length <= 64. The quality of longer predictions may degrade since the model is not optimized for it. 
[2026-08-28 22:30:14,337][/fssmall/home/h61084/codes/tsfm/.venv/lib/python3.12/site-packages/chronos/chronos.py][WARNING] - We recommend keeping prediction length <= 64. The quality of longer predictions may degrade since the model is not optimized for it. 
[2026-08-28 22:30:17,862][/fssmall/home/h61084/codes/tsfm/.venv/lib/python3.12/site-packages/chronos/chronos.py][WARNING] - We recommend keeping prediction length <= 64. The quality of longer predictions may degrade since the model is not optimized for it. 
[2026-08-28 22:30:21,380][/fssmall/home/h61084/codes/tsfm/.venv/lib/python3.12/site-packages/chronos/chronos.py][WARNING] - We recommend keeping prediction length <= 64. The quality of longer predictions may degrade since the model is not optimized for it. 
[2026-08-28 22:30:24,884][/fssmall/home/h61084/codes/tsfm/.venv/lib/python3.12/site-packages/chronos/chronos.py][WARNING] - We recommend keeping prediction length <= 64. The quality of longer predictions may degrade since the model is not optimized for it. 
[2026-08-28 22:30:28,384][/fssmall/home/h61084/codes/tsfm/.venv/lib/python3.12/site-packages/chronos/chronos.py][WARNING] - We recommend keeping prediction length <= 64. The quality of longer predictions may degrade since the model is not optimized for it. 
[2026-08-28 22:30:31,887][/fssmall/home/h61084/codes/tsfm/.venv/lib/python3.12/site-packages/chronos/chronos.py][WARNING] - We recommend keeping prediction length <= 64. The quality of longer predictions may degrade since the model is not optimized for it. 
[2026-08-28 22:30:35,390][/fssmall/home/h61084/codes/tsfm/.venv/lib/python3.12/site-packages/chronos/chronos.py][WARNING] - We recommend keeping prediction length <= 64. The quality of longer predictions may degrade since the model is not optimized for it. 
[2026-08-28 22:30:38,891][/fssmall/home/h61084/codes/tsfm/.venv/lib/python3.12/site-packages/chronos/chronos.py][WARNING] - We recommend keeping prediction length <= 64. The quality of longer predictions may degrade since the model is not optimized for it. 
[2026-08-28 22:30:42,393][/fssmall/home/h61084/codes/tsfm/.venv/lib/python3.12/site-packages/chronos/chronos.py][WARNING] - We recommend keeping prediction length <= 64. The quality of longer predictions may degrade since the model is not optimized for it. 
[2026-08-28 22:30:45,897][/fssmall/home/h61084/codes/tsfm/.venv/lib/python3.12/site-packages/chronos/chronos.py][WARNING] - We recommend keeping prediction length <= 64. The quality of longer predictions may degrade since the model is not optimized for it. 
[2026-08-28 22:30:49,398][/fssmall/home/h61084/codes/tsfm/.venv/lib/python3.12/site-packages/chronos/chronos.py][WARNING] - We recommend keeping prediction length <= 64. The quality of longer predictions may degrade since the model is not optimized for it. 
[2026-08-28 22:30:52,898][/fssmall/home/h61084/codes/tsfm/.venv/lib/python3.12/site-packages/chronos/chronos.py][WARNING] - We recommend keeping prediction length <= 64. The quality of longer predictions may degrade since the model is not optimized for it. 
[2026-08-28 22:30:56,398][/fssmall/home/h61084/codes/tsfm/.venv/lib/python3.12/site-packages/chronos/chronos.py][WARNING] - We recommend keeping prediction length <= 64. The quality of longer predictions may degrade since the model is not optimized for it. 
[2026-08-28 22:30:59,899][/fssmall/home/h61084/codes/tsfm/.venv/lib/python3.12/site-packages/chronos/chronos.py][WARNING] - We recommend keeping prediction length <= 64. The quality of longer predictions may degrade since the model is not optimized for it. 
[2026-08-28 22:31:03,398][/fssmall/home/h61084/codes/tsfm/.venv/lib/python3.12/site-packages/chronos/chronos.py][WARNING] - We recommend keeping prediction length <= 64. The quality of longer predictions may degrade since the model is not optimized for it. 
[2026-08-28 22:31:06,897][/fssmall/home/h61084/codes/tsfm/.venv/lib/python3.12/site-packages/chronos/chronos.py][WARNING] - We recommend keeping prediction length <= 64. The quality of longer predictions may degrade since the model is not optimized for it. 
[2026-08-28 22:31:10,397][/fssmall/home/h61084/codes/tsfm/.venv/lib/python3.12/site-packages/chronos/chronos.py][WARNING] - We recommend keeping prediction length <= 64. The quality of longer predictions may degrade since the model is not optimized for it. 
[2026-08-28 22:31:13,898][/fssmall/home/h61084/codes/tsfm/.venv/lib/python3.12/site-packages/chronos/chronos.py][WARNING] - We recommend keeping prediction length <= 64. The quality of longer predictions may degrade since the model is not optimized for it. 
[2026-08-28 22:31:17,398][/fssmall/home/h61084/codes/tsfm/.venv/lib/python3.12/site-packages/chronos/chronos.py][WARNING] - We recommend keeping prediction length <= 64. The quality of longer predictions may degrade since the model is not optimized for it. 
[2026-08-28 22:31:20,899][/fssmall/home/h61084/codes/tsfm/.venv/lib/python3.12/site-packages/chronos/chronos.py][WARNING] - We recommend keeping prediction length <= 64. The quality of longer predictions may degrade since the model is not optimized for it. 
[2026-08-28 22:31:24,399][/fssmall/home/h61084/codes/tsfm/.venv/lib/python3.12/site-packages/chronos/chronos.py][WARNING] - We recommend keeping prediction length <= 64. The quality of longer predictions may degrade since the model is not optimized for it. 
[2026-08-28 22:31:27,898][/fssmall/home/h61084/codes/tsfm/.venv/lib/python3.12/site-packages/chronos/chronos.py][WARNING] - We recommend keeping prediction length <= 64. The quality of longer predictions may degrade since the model is not optimized for it. 
[2026-08-28 22:31:31,401][/fssmall/home/h61084/codes/tsfm/.venv/lib/python3.12/site-packages/chronos/chronos.py][WARNING] - We recommend keeping prediction length <= 64. The quality of longer predictions may degrade since the model is not optimized for it. 
[2026-08-28 22:31:34,904][/fssmall/home/h61084/codes/tsfm/.venv/lib/python3.12/site-packages/chronos/chronos.py][WARNING] - We recommend keeping prediction length <= 64. The quality of longer predictions may degrade since the model is not optimized for it. 
[2026-08-28 22:31:38,404][/fssmall/home/h61084/codes/tsfm/.venv/lib/python3.12/site-packages/chronos/chronos.py][WARNING] - We recommend keeping prediction length <= 64. The quality of longer predictions may degrade since the model is not optimized for it. 
[2026-08-28 22:31:41,905][/fssmall/home/h61084/codes/tsfm/.venv/lib/python3.12/site-packages/chronos/chronos.py][WARNING] - We recommend keeping prediction length <= 64. The quality of longer predictions may degrade since the model is not optimized for it. 
[2026-08-28 22:31:45,405][/fssmall/home/h61084/codes/tsfm/.venv/lib/python3.12/site-packages/chronos/chronos.py][WARNING] - We recommend keeping prediction length <= 64. The quality of longer predictions may degrade since the model is not optimized for it. 
[2026-08-28 22:31:48,908][/fssmall/home/h61084/codes/tsfm/.venv/lib/python3.12/site-packages/chronos/chronos.py][WARNING] - We recommend keeping prediction length <= 64. The quality of longer predictions may degrade since the model is not optimized for it. 
[2026-08-28 22:31:52,412][/fssmall/home/h61084/codes/tsfm/.venv/lib/python3.12/site-packages/chronos/chronos.py][WARNING] - We recommend keeping prediction length <= 64. The quality of longer predictions may degrade since the model is not optimized for it. 
[2026-08-28 22:31:55,912][/fssmall/home/h61084/codes/tsfm/.venv/lib/python3.12/site-packages/chronos/chronos.py][WARNING] - We recommend keeping prediction length <= 64. The quality of longer predictions may degrade since the model is not optimized for it. 
[2026-08-28 22:31:59,413][/fssmall/home/h61084/codes/tsfm/.venv/lib/python3.12/site-packages/chronos/chronos.py][WARNING] - We recommend keeping prediction length <= 64. The quality of longer predictions may degrade since the model is not optimized for it. 
[2026-08-28 22:32:02,917][/fssmall/home/h61084/codes/tsfm/.venv/lib/python3.12/site-packages/chronos/chronos.py][WARNING] - We recommend keeping prediction length <= 64. The quality of longer predictions may degrade since the model is not optimized for it. 
[2026-08-28 22:32:06,418][/fssmall/home/h61084/codes/tsfm/.venv/lib/python3.12/site-packages/chronos/chronos.py][WARNING] - We recommend keeping prediction length <= 64. The quality of longer predictions may degrade since the model is not optimized for it. 
[2026-08-28 22:32:09,918][/fssmall/home/h61084/codes/tsfm/.venv/lib/python3.12/site-packages/chronos/chronos.py][WARNING] - We recommend keeping prediction length <= 64. The quality of longer predictions may degrade since the model is not optimized for it. 
[2026-08-28 22:32:13,418][/fssmall/home/h61084/codes/tsfm/.venv/lib/python3.12/site-packages/chronos/chronos.py][WARNING] - We recommend keeping prediction length <= 64. The quality of longer predictions may degrade since the model is not optimized for it. 
[2026-08-28 22:32:16,919][/fssmall/home/h61084/codes/tsfm/.venv/lib/python3.12/site-packages/chronos/chronos.py][WARNING] - We recommend keeping prediction length <= 64. The quality of longer predictions may degrade since the model is not optimized for it. 
[2026-08-28 22:32:20,420][/fssmall/home/h61084/codes/tsfm/.venv/lib/python3.12/site-packages/chronos/chronos.py][WARNING] - We recommend keeping prediction length <= 64. The quality of longer predictions may degrade since the model is not optimized for it. 
[2026-08-28 22:32:23,921][/fssmall/home/h61084/codes/tsfm/.venv/lib/python3.12/site-packages/chronos/chronos.py][WARNING] - We recommend keeping prediction length <= 64. The quality of longer predictions may degrade since the model is not optimized for it. 
[2026-08-28 22:32:27,425][/fssmall/home/h61084/codes/tsfm/.venv/lib/python3.12/site-packages/chronos/chronos.py][WARNING] - We recommend keeping prediction length <= 64. The quality of longer predictions may degrade since the model is not optimized for it. 
[2026-08-28 22:32:30,927][/fssmall/home/h61084/codes/tsfm/.venv/lib/python3.12/site-packages/chronos/chronos.py][WARNING] - We recommend keeping prediction length <= 64. The quality of longer predictions may degrade since the model is not optimized for it. 
[2026-08-28 22:32:34,429][/fssmall/home/h61084/codes/tsfm/.venv/lib/python3.12/site-packages/chronos/chronos.py][WARNING] - We recommend keeping prediction length <= 64. The quality of longer predictions may degrade since the model is not optimized for it. 
[2026-08-28 22:32:37,929][/fssmall/home/h61084/codes/tsfm/.venv/lib/python3.12/site-packages/chronos/chronos.py][WARNING] - We recommend keeping prediction length <= 64. The quality of longer predictions may degrade since the model is not optimized for it. 
[2026-08-28 22:32:41,431][/fssmall/home/h61084/codes/tsfm/.venv/lib/python3.12/site-packages/chronos/chronos.py][WARNING] - We recommend keeping prediction length <= 64. The quality of longer predictions may degrade since the model is not optimized for it. 
[2026-08-28 22:32:44,932][/fssmall/home/h61084/codes/tsfm/.venv/lib/python3.12/site-packages/chronos/chronos.py][WARNING] - We recommend keeping prediction length <= 64. The quality of longer predictions may degrade since the model is not optimized for it. 
[2026-08-28 22:32:48,434][/fssmall/home/h61084/codes/tsfm/.venv/lib/python3.12/site-packages/chronos/chronos.py][WARNING] - We recommend keeping prediction length <= 64. The quality of longer predictions may degrade since the model is not optimized for it. 
[2026-08-28 22:32:51,937][/fssmall/home/h61084/codes/tsfm/.venv/lib/python3.12/site-packages/chronos/chronos.py][WARNING] - We recommend keeping prediction length <= 64. The quality of longer predictions may degrade since the model is not optimized for it. 
[2026-08-28 22:32:55,438][/fssmall/home/h61084/codes/tsfm/.venv/lib/python3.12/site-packages/chronos/chronos.py][WARNING] - We recommend keeping prediction length <= 64. The quality of longer predictions may degrade since the model is not optimized for it. 
[2026-08-28 22:32:58,938][/fssmall/home/h61084/codes/tsfm/.venv/lib/python3.12/site-packages/chronos/chronos.py][WARNING] - We recommend keeping prediction length <= 64. The quality of longer predictions may degrade since the model is not optimized for it. 
[2026-08-28 22:33:02,437][/fssmall/home/h61084/codes/tsfm/.venv/lib/python3.12/site-packages/chronos/chronos.py][WARNING] - We recommend keeping prediction length <= 64. The quality of longer predictions may degrade since the model is not optimized for it. 
[2026-08-28 22:33:05,938][/fssmall/home/h61084/codes/tsfm/.venv/lib/python3.12/site-packages/chronos/chronos.py][WARNING] - We recommend keeping prediction length <= 64. The quality of longer predictions may degrade since the model is not optimized for it. 
[2026-08-28 22:33:09,438][/fssmall/home/h61084/codes/tsfm/.venv/lib/python3.12/site-packages/chronos/chronos.py][WARNING] - We recommend keeping prediction length <= 64. The quality of longer predictions may degrade since the model is not optimized for it. 
[2026-08-28 22:33:12,938][/fssmall/home/h61084/codes/tsfm/.venv/lib/python3.12/site-packages/chronos/chronos.py][WARNING] - We recommend keeping prediction length <= 64. The quality of longer predictions may degrade since the model is not optimized for it. 
[2026-08-28 22:33:16,439][/fssmall/home/h61084/codes/tsfm/.venv/lib/python3.12/site-packages/chronos/chronos.py][WARNING] - We recommend keeping prediction length <= 64. The quality of longer predictions may degrade since the model is not optimized for it. 
[2026-08-28 22:33:19,940][/fssmall/home/h61084/codes/tsfm/.venv/lib/python3.12/site-packages/chronos/chronos.py][WARNING] - We recommend keeping prediction length <= 64. The quality of longer predictions may degrade since the model is not optimized for it. 
[2026-08-28 22:33:23,437][/fssmall/home/h61084/codes/tsfm/.venv/lib/python3.12/site-packages/chronos/chronos.py][WARNING] - We recommend keeping prediction length <= 64. The quality of longer predictions may degrade since the model is not optimized for it. 
[2026-08-28 22:33:26,940][/fssmall/home/h61084/codes/tsfm/.venv/lib/python3.12/site-packages/chronos/chronos.py][WARNING] - We recommend keeping prediction length <= 64. The quality of longer predictions may degrade since the model is not optimized for it. 
[2026-08-28 22:33:30,438][/fssmall/home/h61084/codes/tsfm/.venv/lib/python3.12/site-packages/chronos/chronos.py][WARNING] - We recommend keeping prediction length <= 64. The quality of longer predictions may degrade since the model is not optimized for it. 
[2026-08-28 22:33:33,939][/fssmall/home/h61084/codes/tsfm/.venv/lib/python3.12/site-packages/chronos/chronos.py][WARNING] - We recommend keeping prediction length <= 64. The quality of longer predictions may degrade since the model is not optimized for it. 
[2026-08-28 22:33:37,442][/fssmall/home/h61084/codes/tsfm/.venv/lib/python3.12/site-packages/chronos/chronos.py][WARNING] - We recommend keeping prediction length <= 64. The quality of longer predictions may degrade since the model is not optimized for it. 
[2026-08-28 22:33:40,945][/fssmall/home/h61084/codes/tsfm/.venv/lib/python3.12/site-packages/chronos/chronos.py][WARNING] - We recommend keeping prediction length <= 64. The quality of longer predictions may degrade since the model is not optimized for it. 
[2026-08-28 22:33:44,446][/fssmall/home/h61084/codes/tsfm/.venv/lib/python3.12/site-packages/chronos/chronos.py][WARNING] - We recommend keeping prediction length <= 64. The quality of longer predictions may degrade since the model is not optimized for it. 
[2026-08-28 22:33:47,946][/fssmall/home/h61084/codes/tsfm/.venv/lib/python3.12/site-packages/chronos/chronos.py][WARNING] - We recommend keeping prediction length <= 64. The quality of longer predictions may degrade since the model is not optimized for it. 
[2026-08-28 22:33:51,450][/fssmall/home/h61084/codes/tsfm/.venv/lib/python3.12/site-packages/chronos/chronos.py][WARNING] - We recommend keeping prediction length <= 64. The quality of longer predictions may degrade since the model is not optimized for it. 
[2026-08-28 22:33:54,952][/fssmall/home/h61084/codes/tsfm/.venv/lib/python3.12/site-packages/chronos/chronos.py][WARNING] - We recommend keeping prediction length <= 64. The quality of longer predictions may degrade since the model is not optimized for it. 
[2026-08-28 22:33:58,453][/fssmall/home/h61084/codes/tsfm/.venv/lib/python3.12/site-packages/chronos/chronos.py][WARNING] - We recommend keeping prediction length <= 64. The quality of longer predictions may degrade since the model is not optimized for it. 
[2026-08-28 22:34:01,952][/fssmall/home/h61084/codes/tsfm/.venv/lib/python3.12/site-packages/chronos/chronos.py][WARNING] - We recommend keeping prediction length <= 64. The quality of longer predictions may degrade since the model is not optimized for it. 
[2026-08-28 22:34:05,453][/fssmall/home/h61084/codes/tsfm/.venv/lib/python3.12/site-packages/chronos/chronos.py][WARNING] - We recommend keeping prediction length <= 64. The quality of longer predictions may degrade since the model is not optimized for it. 
[2026-08-28 22:34:08,954][/fssmall/home/h61084/codes/tsfm/.venv/lib/python3.12/site-packages/chronos/chronos.py][WARNING] - We recommend keeping prediction length <= 64. The quality of longer predictions may degrade since the model is not optimized for it. 
[2026-08-28 22:34:12,455][/fssmall/home/h61084/codes/tsfm/.venv/lib/python3.12/site-packages/chronos/chronos.py][WARNING] - We recommend keeping prediction length <= 64. The quality of longer predictions may degrade since the model is not optimized for it. 
[2026-08-28 22:34:15,959][/fssmall/home/h61084/codes/tsfm/.venv/lib/python3.12/site-packages/chronos/chronos.py][WARNING] - We recommend keeping prediction length <= 64. The quality of longer predictions may degrade since the model is not optimized for it. 
[2026-08-28 22:34:19,459][/fssmall/home/h61084/codes/tsfm/.venv/lib/python3.12/site-packages/chronos/chronos.py][WARNING] - We recommend keeping prediction length <= 64. The quality of longer predictions may degrade since the model is not optimized for it. 
[2026-08-28 22:34:22,959][/fssmall/home/h61084/codes/tsfm/.venv/lib/python3.12/site-packages/chronos/chronos.py][WARNING] - We recommend keeping prediction length <= 64. The quality of longer predictions may degrade since the model is not optimized for it. 
[2026-08-28 22:34:26,463][/fssmall/home/h61084/codes/tsfm/.venv/lib/python3.12/site-packages/chronos/chronos.py][WARNING] - We recommend keeping prediction length <= 64. The quality of longer predictions may degrade since the model is not optimized for it. 
[2026-08-28 22:34:29,966][/fssmall/home/h61084/codes/tsfm/.venv/lib/python3.12/site-packages/chronos/chronos.py][WARNING] - We recommend keeping prediction length <= 64. The quality of longer predictions may degrade since the model is not optimized for it. 
[2026-08-28 22:34:33,467][/fssmall/home/h61084/codes/tsfm/.venv/lib/python3.12/site-packages/chronos/chronos.py][WARNING] - We recommend keeping prediction length <= 64. The quality of longer predictions may degrade since the model is not optimized for it. 
[2026-08-28 22:34:36,970][/fssmall/home/h61084/codes/tsfm/.venv/lib/python3.12/site-packages/chronos/chronos.py][WARNING] - We recommend keeping prediction length <= 64. The quality of longer predictions may degrade since the model is not optimized for it. 
[2026-08-28 22:34:40,472][/fssmall/home/h61084/codes/tsfm/.venv/lib/python3.12/site-packages/chronos/chronos.py][WARNING] - We recommend keeping prediction length <= 64. The quality of longer predictions may degrade since the model is not optimized for it. 
[2026-08-28 22:34:43,976][/fssmall/home/h61084/codes/tsfm/.venv/lib/python3.12/site-packages/chronos/chronos.py][WARNING] - We recommend keeping prediction length <= 64. The quality of longer predictions may degrade since the model is not optimized for it. 
[2026-08-28 22:34:47,479][/fssmall/home/h61084/codes/tsfm/.venv/lib/python3.12/site-packages/chronos/chronos.py][WARNING] - We recommend keeping prediction length <= 64. The quality of longer predictions may degrade since the model is not optimized for it. 
[2026-08-28 22:34:50,981][/fssmall/home/h61084/codes/tsfm/.venv/lib/python3.12/site-packages/chronos/chronos.py][WARNING] - We recommend keeping prediction length <= 64. The quality of longer predictions may degrade since the model is not optimized for it. 
[2026-08-28 22:34:54,486][/fssmall/home/h61084/codes/tsfm/.venv/lib/python3.12/site-packages/chronos/chronos.py][WARNING] - We recommend keeping prediction length <= 64. The quality of longer predictions may degrade since the model is not optimized for it. 
[2026-08-28 22:34:57,989][/fssmall/home/h61084/codes/tsfm/.venv/lib/python3.12/site-packages/chronos/chronos.py][WARNING] - We recommend keeping prediction length <= 64. The quality of longer predictions may degrade since the model is not optimized for it. 
[2026-08-28 22:35:01,493][/fssmall/home/h61084/codes/tsfm/.venv/lib/python3.12/site-packages/chronos/chronos.py][WARNING] - We recommend keeping prediction length <= 64. The quality of longer predictions may degrade since the model is not optimized for it. 
[2026-08-28 22:35:04,993][/fssmall/home/h61084/codes/tsfm/.venv/lib/python3.12/site-packages/chronos/chronos.py][WARNING] - We recommend keeping prediction length <= 64. The quality of longer predictions may degrade since the model is not optimized for it. 
[2026-08-28 22:35:08,496][/fssmall/home/h61084/codes/tsfm/.venv/lib/python3.12/site-packages/chronos/chronos.py][WARNING] - We recommend keeping prediction length <= 64. The quality of longer predictions may degrade since the model is not optimized for it. 
[2026-08-28 22:35:12,000][/fssmall/home/h61084/codes/tsfm/.venv/lib/python3.12/site-packages/chronos/chronos.py][WARNING] - We recommend keeping prediction length <= 64. The quality of longer predictions may degrade since the model is not optimized for it. 
[2026-08-28 22:35:15,500][/fssmall/home/h61084/codes/tsfm/.venv/lib/python3.12/site-packages/chronos/chronos.py][WARNING] - We recommend keeping prediction length <= 64. The quality of longer predictions may degrade since the model is not optimized for it. 
[2026-08-28 22:35:19,003][/fssmall/home/h61084/codes/tsfm/.venv/lib/python3.12/site-packages/chronos/chronos.py][WARNING] - We recommend keeping prediction length <= 64. The quality of longer predictions may degrade since the model is not optimized for it. 
[2026-08-28 22:35:22,507][/fssmall/home/h61084/codes/tsfm/.venv/lib/python3.12/site-packages/chronos/chronos.py][WARNING] - We recommend keeping prediction length <= 64. The quality of longer predictions may degrade since the model is not optimized for it. 
[2026-08-28 22:35:26,007][/fssmall/home/h61084/codes/tsfm/.venv/lib/python3.12/site-packages/chronos/chronos.py][WARNING] - We recommend keeping prediction length <= 64. The quality of longer predictions may degrade since the model is not optimized for it. 
[2026-08-28 22:35:29,509][/fssmall/home/h61084/codes/tsfm/.venv/lib/python3.12/site-packages/chronos/chronos.py][WARNING] - We recommend keeping prediction length <= 64. The quality of longer predictions may degrade since the model is not optimized for it. 
[2026-08-28 22:35:33,013][/fssmall/home/h61084/codes/tsfm/.venv/lib/python3.12/site-packages/chronos/chronos.py][WARNING] - We recommend keeping prediction length <= 64. The quality of longer predictions may degrade since the model is not optimized for it. 
[2026-08-28 22:35:36,514][/fssmall/home/h61084/codes/tsfm/.venv/lib/python3.12/site-packages/chronos/chronos.py][WARNING] - We recommend keeping prediction length <= 64. The quality of longer predictions may degrade since the model is not optimized for it. 
[2026-08-28 22:35:40,013][/fssmall/home/h61084/codes/tsfm/.venv/lib/python3.12/site-packages/chronos/chronos.py][WARNING] - We recommend keeping prediction length <= 64. The quality of longer predictions may degrade since the model is not optimized for it. 
[2026-08-28 22:35:43,516][/fssmall/home/h61084/codes/tsfm/.venv/lib/python3.12/site-packages/chronos/chronos.py][WARNING] - We recommend keeping prediction length <= 64. The quality of longer predictions may degrade since the model is not optimized for it. 
[2026-08-28 22:35:47,019][/fssmall/home/h61084/codes/tsfm/.venv/lib/python3.12/site-packages/chronos/chronos.py][WARNING] - We recommend keeping prediction length <= 64. The quality of longer predictions may degrade since the model is not optimized for it. 
[2026-08-28 22:35:50,520][/fssmall/home/h61084/codes/tsfm/.venv/lib/python3.12/site-packages/chronos/chronos.py][WARNING] - We recommend keeping prediction length <= 64. The quality of longer predictions may degrade since the model is not optimized for it. 
[2026-08-28 22:35:54,021][/fssmall/home/h61084/codes/tsfm/.venv/lib/python3.12/site-packages/chronos/chronos.py][WARNING] - We recommend keeping prediction length <= 64. The quality of longer predictions may degrade since the model is not optimized for it. 
[2026-08-28 22:35:57,523][/fssmall/home/h61084/codes/tsfm/.venv/lib/python3.12/site-packages/chronos/chronos.py][WARNING] - We recommend keeping prediction length <= 64. The quality of longer predictions may degrade since the model is not optimized for it. 
[2026-08-28 22:36:01,281][/fssmall/home/h61084/codes/tsfm/.venv/lib/python3.12/site-packages/chronos/chronos.py][WARNING] - We recommend keeping prediction length <= 64. The quality of longer predictions may degrade since the model is not optimized for it. 
[2026-08-28 22:36:04,785][/fssmall/home/h61084/codes/tsfm/.venv/lib/python3.12/site-packages/chronos/chronos.py][WARNING] - We recommend keeping prediction length <= 64. The quality of longer predictions may degrade since the model is not optimized for it. 
[2026-08-28 22:36:08,292][/fssmall/home/h61084/codes/tsfm/.venv/lib/python3.12/site-packages/chronos/chronos.py][WARNING] - We recommend keeping prediction length <= 64. The quality of longer predictions may degrade since the model is not optimized for it. 
[2026-08-28 22:36:11,922][/fssmall/home/h61084/codes/tsfm/.venv/lib/python3.12/site-packages/chronos/chronos.py][WARNING] - We recommend keeping prediction length <= 64. The quality of longer predictions may degrade since the model is not optimized for it. 
[2026-08-28 22:36:15,427][/fssmall/home/h61084/codes/tsfm/.venv/lib/python3.12/site-packages/chronos/chronos.py][WARNING] - We recommend keeping prediction length <= 64. The quality of longer predictions may degrade since the model is not optimized for it. 
[2026-08-28 22:36:18,952][/fssmall/home/h61084/codes/tsfm/.venv/lib/python3.12/site-packages/chronos/chronos.py][WARNING] - We recommend keeping prediction length <= 64. The quality of longer predictions may degrade since the model is not optimized for it. 
[2026-08-28 22:36:22,466][/fssmall/home/h61084/codes/tsfm/.venv/lib/python3.12/site-packages/chronos/chronos.py][WARNING] - We recommend keeping prediction length <= 64. The quality of longer predictions may degrade since the model is not optimized for it. 
[2026-08-28 22:36:25,968][/fssmall/home/h61084/codes/tsfm/.venv/lib/python3.12/site-packages/chronos/chronos.py][WARNING] - We recommend keeping prediction length <= 64. The quality of longer predictions may degrade since the model is not optimized for it. 
[2026-08-28 22:36:29,470][/fssmall/home/h61084/codes/tsfm/.venv/lib/python3.12/site-packages/chronos/chronos.py][WARNING] - We recommend keeping prediction length <= 64. The quality of longer predictions may degrade since the model is not optimized for it. 
[2026-08-28 22:36:32,974][/fssmall/home/h61084/codes/tsfm/.venv/lib/python3.12/site-packages/chronos/chronos.py][WARNING] - We recommend keeping prediction length <= 64. The quality of longer predictions may degrade since the model is not optimized for it. 
[2026-08-28 22:36:36,477][/fssmall/home/h61084/codes/tsfm/.venv/lib/python3.12/site-packages/chronos/chronos.py][WARNING] - We recommend keeping prediction length <= 64. The quality of longer predictions may degrade since the model is not optimized for it. 
[2026-08-28 22:36:39,979][/fssmall/home/h61084/codes/tsfm/.venv/lib/python3.12/site-packages/chronos/chronos.py][WARNING] - We recommend keeping prediction length <= 64. The quality of longer predictions may degrade since the model is not optimized for it. 
[2026-08-28 22:36:43,481][/fssmall/home/h61084/codes/tsfm/.venv/lib/python3.12/site-packages/chronos/chronos.py][WARNING] - We recommend keeping prediction length <= 64. The quality of longer predictions may degrade since the model is not optimized for it. 
[2026-08-28 22:36:46,980][/fssmall/home/h61084/codes/tsfm/.venv/lib/python3.12/site-packages/chronos/chronos.py][WARNING] - We recommend keeping prediction length <= 64. The quality of longer predictions may degrade since the model is not optimized for it. 
[2026-08-28 22:36:50,481][/fssmall/home/h61084/codes/tsfm/.venv/lib/python3.12/site-packages/chronos/chronos.py][WARNING] - We recommend keeping prediction length <= 64. The quality of longer predictions may degrade since the model is not optimized for it. 
[2026-08-28 22:36:53,983][/fssmall/home/h61084/codes/tsfm/.venv/lib/python3.12/site-packages/chronos/chronos.py][WARNING] - We recommend keeping prediction length <= 64. The quality of longer predictions may degrade since the model is not optimized for it. 
[2026-08-28 22:36:57,486][/fssmall/home/h61084/codes/tsfm/.venv/lib/python3.12/site-packages/chronos/chronos.py][WARNING] - We recommend keeping prediction length <= 64. The quality of longer predictions may degrade since the model is not optimized for it. 
[2026-08-28 22:37:00,988][/fssmall/home/h61084/codes/tsfm/.venv/lib/python3.12/site-packages/chronos/chronos.py][WARNING] - We recommend keeping prediction length <= 64. The quality of longer predictions may degrade since the model is not optimized for it. 
[2026-08-28 22:37:04,490][/fssmall/home/h61084/codes/tsfm/.venv/lib/python3.12/site-packages/chronos/chronos.py][WARNING] - We recommend keeping prediction length <= 64. The quality of longer predictions may degrade since the model is not optimized for it. 
[2026-08-28 22:37:07,995][/fssmall/home/h61084/codes/tsfm/.venv/lib/python3.12/site-packages/chronos/chronos.py][WARNING] - We recommend keeping prediction length <= 64. The quality of longer predictions may degrade since the model is not optimized for it. 
[2026-08-28 22:37:11,496][/fssmall/home/h61084/codes/tsfm/.venv/lib/python3.12/site-packages/chronos/chronos.py][WARNING] - We recommend keeping prediction length <= 64. The quality of longer predictions may degrade since the model is not optimized for it. 
[2026-08-28 22:37:14,998][/fssmall/home/h61084/codes/tsfm/.venv/lib/python3.12/site-packages/chronos/chronos.py][WARNING] - We recommend keeping prediction length <= 64. The quality of longer predictions may degrade since the model is not optimized for it. 
[2026-08-28 22:37:18,500][/fssmall/home/h61084/codes/tsfm/.venv/lib/python3.12/site-packages/chronos/chronos.py][WARNING] - We recommend keeping prediction length <= 64. The quality of longer predictions may degrade since the model is not optimized for it. 
[2026-08-28 22:37:22,002][/fssmall/home/h61084/codes/tsfm/.venv/lib/python3.12/site-packages/chronos/chronos.py][WARNING] - We recommend keeping prediction length <= 64. The quality of longer predictions may degrade since the model is not optimized for it. 
[2026-08-28 22:37:25,504][/fssmall/home/h61084/codes/tsfm/.venv/lib/python3.12/site-packages/chronos/chronos.py][WARNING] - We recommend keeping prediction length <= 64. The quality of longer predictions may degrade since the model is not optimized for it. 
[2026-08-28 22:37:29,006][/fssmall/home/h61084/codes/tsfm/.venv/lib/python3.12/site-packages/chronos/chronos.py][WARNING] - We recommend keeping prediction length <= 64. The quality of longer predictions may degrade since the model is not optimized for it. 
[2026-08-28 22:37:32,508][/fssmall/home/h61084/codes/tsfm/.venv/lib/python3.12/site-packages/chronos/chronos.py][WARNING] - We recommend keeping prediction length <= 64. The quality of longer predictions may degrade since the model is not optimized for it. 
[2026-08-28 22:37:36,011][/fssmall/home/h61084/codes/tsfm/.venv/lib/python3.12/site-packages/chronos/chronos.py][WARNING] - We recommend keeping prediction length <= 64. The quality of longer predictions may degrade since the model is not optimized for it. 
[2026-08-28 22:37:39,513][/fssmall/home/h61084/codes/tsfm/.venv/lib/python3.12/site-packages/chronos/chronos.py][WARNING] - We recommend keeping prediction length <= 64. The quality of longer predictions may degrade since the model is not optimized for it. 
[2026-08-28 22:37:43,015][/fssmall/home/h61084/codes/tsfm/.venv/lib/python3.12/site-packages/chronos/chronos.py][WARNING] - We recommend keeping prediction length <= 64. The quality of longer predictions may degrade since the model is not optimized for it. 
[2026-08-28 22:37:46,514][/fssmall/home/h61084/codes/tsfm/.venv/lib/python3.12/site-packages/chronos/chronos.py][WARNING] - We recommend keeping prediction length <= 64. The quality of longer predictions may degrade since the model is not optimized for it. 
[2026-08-28 22:37:50,014][/fssmall/home/h61084/codes/tsfm/.venv/lib/python3.12/site-packages/chronos/chronos.py][WARNING] - We recommend keeping prediction length <= 64. The quality of longer predictions may degrade since the model is not optimized for it. 
[2026-08-28 22:37:53,515][/fssmall/home/h61084/codes/tsfm/.venv/lib/python3.12/site-packages/chronos/chronos.py][WARNING] - We recommend keeping prediction length <= 64. The quality of longer predictions may degrade since the model is not optimized for it. 
[2026-08-28 22:37:57,020][/fssmall/home/h61084/codes/tsfm/.venv/lib/python3.12/site-packages/chronos/chronos.py][WARNING] - We recommend keeping prediction length <= 64. The quality of longer predictions may degrade since the model is not optimized for it. 
[2026-08-28 22:38:00,522][/fssmall/home/h61084/codes/tsfm/.venv/lib/python3.12/site-packages/chronos/chronos.py][WARNING] - We recommend keeping prediction length <= 64. The quality of longer predictions may degrade since the model is not optimized for it. 
[2026-08-28 22:38:04,023][/fssmall/home/h61084/codes/tsfm/.venv/lib/python3.12/site-packages/chronos/chronos.py][WARNING] - We recommend keeping prediction length <= 64. The quality of longer predictions may degrade since the model is not optimized for it. 
[2026-08-28 22:38:07,526][/fssmall/home/h61084/codes/tsfm/.venv/lib/python3.12/site-packages/chronos/chronos.py][WARNING] - We recommend keeping prediction length <= 64. The quality of longer predictions may degrade since the model is not optimized for it. 
[2026-08-28 22:38:11,034][/fssmall/home/h61084/codes/tsfm/.venv/lib/python3.12/site-packages/chronos/chronos.py][WARNING] - We recommend keeping prediction length <= 64. The quality of longer predictions may degrade since the model is not optimized for it. 
[2026-08-28 22:38:14,534][/fssmall/home/h61084/codes/tsfm/.venv/lib/python3.12/site-packages/chronos/chronos.py][WARNING] - We recommend keeping prediction length <= 64. The quality of longer predictions may degrade since the model is not optimized for it. 
[2026-08-28 22:38:18,037][/fssmall/home/h61084/codes/tsfm/.venv/lib/python3.12/site-packages/chronos/chronos.py][WARNING] - We recommend keeping prediction length <= 64. The quality of longer predictions may degrade since the model is not optimized for it. 
[2026-08-28 22:38:21,537][/fssmall/home/h61084/codes/tsfm/.venv/lib/python3.12/site-packages/chronos/chronos.py][WARNING] - We recommend keeping prediction length <= 64. The quality of longer predictions may degrade since the model is not optimized for it. 
[2026-08-28 22:38:25,040][/fssmall/home/h61084/codes/tsfm/.venv/lib/python3.12/site-packages/chronos/chronos.py][WARNING] - We recommend keeping prediction length <= 64. The quality of longer predictions may degrade since the model is not optimized for it. 
[2026-08-28 22:38:28,540][/fssmall/home/h61084/codes/tsfm/.venv/lib/python3.12/site-packages/chronos/chronos.py][WARNING] - We recommend keeping prediction length <= 64. The quality of longer predictions may degrade since the model is not optimized for it. 
[2026-08-28 22:38:32,042][/fssmall/home/h61084/codes/tsfm/.venv/lib/python3.12/site-packages/chronos/chronos.py][WARNING] - We recommend keeping prediction length <= 64. The quality of longer predictions may degrade since the model is not optimized for it. 
[2026-08-28 22:38:35,543][/fssmall/home/h61084/codes/tsfm/.venv/lib/python3.12/site-packages/chronos/chronos.py][WARNING] - We recommend keeping prediction length <= 64. The quality of longer predictions may degrade since the model is not optimized for it. 
[2026-08-28 22:38:39,042][/fssmall/home/h61084/codes/tsfm/.venv/lib/python3.12/site-packages/chronos/chronos.py][WARNING] - We recommend keeping prediction length <= 64. The quality of longer predictions may degrade since the model is not optimized for it. 
[2026-08-28 22:38:42,542][/fssmall/home/h61084/codes/tsfm/.venv/lib/python3.12/site-packages/chronos/chronos.py][WARNING] - We recommend keeping prediction length <= 64. The quality of longer predictions may degrade since the model is not optimized for it. 
[2026-08-28 22:38:46,042][/fssmall/home/h61084/codes/tsfm/.venv/lib/python3.12/site-packages/chronos/chronos.py][WARNING] - We recommend keeping prediction length <= 64. The quality of longer predictions may degrade since the model is not optimized for it. 
[2026-08-28 22:38:49,544][/fssmall/home/h61084/codes/tsfm/.venv/lib/python3.12/site-packages/chronos/chronos.py][WARNING] - We recommend keeping prediction length <= 64. The quality of longer predictions may degrade since the model is not optimized for it. 
[2026-08-28 22:38:53,047][/fssmall/home/h61084/codes/tsfm/.venv/lib/python3.12/site-packages/chronos/chronos.py][WARNING] - We recommend keeping prediction length <= 64. The quality of longer predictions may degrade since the model is not optimized for it. 
[2026-08-28 22:38:56,548][/fssmall/home/h61084/codes/tsfm/.venv/lib/python3.12/site-packages/chronos/chronos.py][WARNING] - We recommend keeping prediction length <= 64. The quality of longer predictions may degrade since the model is not optimized for it. 
[2026-08-28 22:39:00,053][/fssmall/home/h61084/codes/tsfm/.venv/lib/python3.12/site-packages/chronos/chronos.py][WARNING] - We recommend keeping prediction length <= 64. The quality of longer predictions may degrade since the model is not optimized for it. 
[2026-08-28 22:39:03,555][/fssmall/home/h61084/codes/tsfm/.venv/lib/python3.12/site-packages/chronos/chronos.py][WARNING] - We recommend keeping prediction length <= 64. The quality of longer predictions may degrade since the model is not optimized for it. 
[2026-08-28 22:39:07,058][/fssmall/home/h61084/codes/tsfm/.venv/lib/python3.12/site-packages/chronos/chronos.py][WARNING] - We recommend keeping prediction length <= 64. The quality of longer predictions may degrade since the model is not optimized for it. 
[2026-08-28 22:39:10,561][/fssmall/home/h61084/codes/tsfm/.venv/lib/python3.12/site-packages/chronos/chronos.py][WARNING] - We recommend keeping prediction length <= 64. The quality of longer predictions may degrade since the model is not optimized for it. 
[2026-08-28 22:39:14,063][/fssmall/home/h61084/codes/tsfm/.venv/lib/python3.12/site-packages/chronos/chronos.py][WARNING] - We recommend keeping prediction length <= 64. The quality of longer predictions may degrade since the model is not optimized for it. 
[2026-08-28 22:39:17,563][/fssmall/home/h61084/codes/tsfm/.venv/lib/python3.12/site-packages/chronos/chronos.py][WARNING] - We recommend keeping prediction length <= 64. The quality of longer predictions may degrade since the model is not optimized for it. 
[2026-08-28 22:39:21,068][/fssmall/home/h61084/codes/tsfm/.venv/lib/python3.12/site-packages/chronos/chronos.py][WARNING] - We recommend keeping prediction length <= 64. The quality of longer predictions may degrade since the model is not optimized for it. 
[2026-08-28 22:39:24,569][/fssmall/home/h61084/codes/tsfm/.venv/lib/python3.12/site-packages/chronos/chronos.py][WARNING] - We recommend keeping prediction length <= 64. The quality of longer predictions may degrade since the model is not optimized for it. 
[2026-08-28 22:39:28,068][/fssmall/home/h61084/codes/tsfm/.venv/lib/python3.12/site-packages/chronos/chronos.py][WARNING] - We recommend keeping prediction length <= 64. The quality of longer predictions may degrade since the model is not optimized for it. 
[2026-08-28 22:39:31,572][/fssmall/home/h61084/codes/tsfm/.venv/lib/python3.12/site-packages/chronos/chronos.py][WARNING] - We recommend keeping prediction length <= 64. The quality of longer predictions may degrade since the model is not optimized for it. 
[2026-08-28 22:39:35,075][/fssmall/home/h61084/codes/tsfm/.venv/lib/python3.12/site-packages/chronos/chronos.py][WARNING] - We recommend keeping prediction length <= 64. The quality of longer predictions may degrade since the model is not optimized for it. 
[2026-08-28 22:39:38,579][/fssmall/home/h61084/codes/tsfm/.venv/lib/python3.12/site-packages/chronos/chronos.py][WARNING] - We recommend keeping prediction length <= 64. The quality of longer predictions may degrade since the model is not optimized for it. 
[2026-08-28 22:39:42,082][/fssmall/home/h61084/codes/tsfm/.venv/lib/python3.12/site-packages/chronos/chronos.py][WARNING] - We recommend keeping prediction length <= 64. The quality of longer predictions may degrade since the model is not optimized for it. 
[2026-08-28 22:39:45,583][/fssmall/home/h61084/codes/tsfm/.venv/lib/python3.12/site-packages/chronos/chronos.py][WARNING] - We recommend keeping prediction length <= 64. The quality of longer predictions may degrade since the model is not optimized for it. 
[2026-08-28 22:39:49,082][/fssmall/home/h61084/codes/tsfm/.venv/lib/python3.12/site-packages/chronos/chronos.py][WARNING] - We recommend keeping prediction length <= 64. The quality of longer predictions may degrade since the model is not optimized for it. 
[2026-08-28 22:39:52,583][/fssmall/home/h61084/codes/tsfm/.venv/lib/python3.12/site-packages/chronos/chronos.py][WARNING] - We recommend keeping prediction length <= 64. The quality of longer predictions may degrade since the model is not optimized for it. 
[2026-08-28 22:39:56,084][/fssmall/home/h61084/codes/tsfm/.venv/lib/python3.12/site-packages/chronos/chronos.py][WARNING] - We recommend keeping prediction length <= 64. The quality of longer predictions may degrade since the model is not optimized for it. 
[2026-08-28 22:39:59,589][/fssmall/home/h61084/codes/tsfm/.venv/lib/python3.12/site-packages/chronos/chronos.py][WARNING] - We recommend keeping prediction length <= 64. The quality of longer predictions may degrade since the model is not optimized for it. 
[2026-08-28 22:40:03,092][/fssmall/home/h61084/codes/tsfm/.venv/lib/python3.12/site-packages/chronos/chronos.py][WARNING] - We recommend keeping prediction length <= 64. The quality of longer predictions may degrade since the model is not optimized for it. 
[2026-08-28 22:40:06,595][/fssmall/home/h61084/codes/tsfm/.venv/lib/python3.12/site-packages/chronos/chronos.py][WARNING] - We recommend keeping prediction length <= 64. The quality of longer predictions may degrade since the model is not optimized for it. 
[2026-08-28 22:40:10,099][/fssmall/home/h61084/codes/tsfm/.venv/lib/python3.12/site-packages/chronos/chronos.py][WARNING] - We recommend keeping prediction length <= 64. The quality of longer predictions may degrade since the model is not optimized for it. 
[2026-08-28 22:40:13,602][/fssmall/home/h61084/codes/tsfm/.venv/lib/python3.12/site-packages/chronos/chronos.py][WARNING] - We recommend keeping prediction length <= 64. The quality of longer predictions may degrade since the model is not optimized for it. 
[2026-08-28 22:40:17,102][/fssmall/home/h61084/codes/tsfm/.venv/lib/python3.12/site-packages/chronos/chronos.py][WARNING] - We recommend keeping prediction length <= 64. The quality of longer predictions may degrade since the model is not optimized for it. 
[2026-08-28 22:40:20,605][/fssmall/home/h61084/codes/tsfm/.venv/lib/python3.12/site-packages/chronos/chronos.py][WARNING] - We recommend keeping prediction length <= 64. The quality of longer predictions may degrade since the model is not optimized for it. 
[2026-08-28 22:40:24,106][/fssmall/home/h61084/codes/tsfm/.venv/lib/python3.12/site-packages/chronos/chronos.py][WARNING] - We recommend keeping prediction length <= 64. The quality of longer predictions may degrade since the model is not optimized for it. 
[2026-08-28 22:40:27,609][/fssmall/home/h61084/codes/tsfm/.venv/lib/python3.12/site-packages/chronos/chronos.py][WARNING] - We recommend keeping prediction length <= 64. The quality of longer predictions may degrade since the model is not optimized for it. 
[2026-08-28 22:40:31,112][/fssmall/home/h61084/codes/tsfm/.venv/lib/python3.12/site-packages/chronos/chronos.py][WARNING] - We recommend keeping prediction length <= 64. The quality of longer predictions may degrade since the model is not optimized for it. 
[2026-08-28 22:40:34,610][/fssmall/home/h61084/codes/tsfm/.venv/lib/python3.12/site-packages/chronos/chronos.py][WARNING] - We recommend keeping prediction length <= 64. The quality of longer predictions may degrade since the model is not optimized for it. 
[2026-08-28 22:40:38,109][/fssmall/home/h61084/codes/tsfm/.venv/lib/python3.12/site-packages/chronos/chronos.py][WARNING] - We recommend keeping prediction length <= 64. The quality of longer predictions may degrade since the model is not optimized for it. 
[2026-08-28 22:40:41,610][/fssmall/home/h61084/codes/tsfm/.venv/lib/python3.12/site-packages/chronos/chronos.py][WARNING] - We recommend keeping prediction length <= 64. The quality of longer predictions may degrade since the model is not optimized for it. 
[2026-08-28 22:40:45,111][/fssmall/home/h61084/codes/tsfm/.venv/lib/python3.12/site-packages/chronos/chronos.py][WARNING] - We recommend keeping prediction length <= 64. The quality of longer predictions may degrade since the model is not optimized for it. 
[2026-08-28 22:40:48,616][/fssmall/home/h61084/codes/tsfm/.venv/lib/python3.12/site-packages/chronos/chronos.py][WARNING] - We recommend keeping prediction length <= 64. The quality of longer predictions may degrade since the model is not optimized for it. 
[2026-08-28 22:40:52,116][/fssmall/home/h61084/codes/tsfm/.venv/lib/python3.12/site-packages/chronos/chronos.py][WARNING] - We recommend keeping prediction length <= 64. The quality of longer predictions may degrade since the model is not optimized for it. 
[2026-08-28 22:40:55,617][/fssmall/home/h61084/codes/tsfm/.venv/lib/python3.12/site-packages/chronos/chronos.py][WARNING] - We recommend keeping prediction length <= 64. The quality of longer predictions may degrade since the model is not optimized for it. 
[2026-08-28 22:40:59,118][/fssmall/home/h61084/codes/tsfm/.venv/lib/python3.12/site-packages/chronos/chronos.py][WARNING] - We recommend keeping prediction length <= 64. The quality of longer predictions may degrade since the model is not optimized for it. 
[2026-08-28 22:41:02,621][/fssmall/home/h61084/codes/tsfm/.venv/lib/python3.12/site-packages/chronos/chronos.py][WARNING] - We recommend keeping prediction length <= 64. The quality of longer predictions may degrade since the model is not optimized for it. 
[2026-08-28 22:41:06,123][/fssmall/home/h61084/codes/tsfm/.venv/lib/python3.12/site-packages/chronos/chronos.py][WARNING] - We recommend keeping prediction length <= 64. The quality of longer predictions may degrade since the model is not optimized for it. 
[2026-08-28 22:41:09,623][/fssmall/home/h61084/codes/tsfm/.venv/lib/python3.12/site-packages/chronos/chronos.py][WARNING] - We recommend keeping prediction length <= 64. The quality of longer predictions may degrade since the model is not optimized for it. 
[2026-08-28 22:41:13,123][/fssmall/home/h61084/codes/tsfm/.venv/lib/python3.12/site-packages/chronos/chronos.py][WARNING] - We recommend keeping prediction length <= 64. The quality of longer predictions may degrade since the model is not optimized for it. 
[2026-08-28 22:41:16,628][/fssmall/home/h61084/codes/tsfm/.venv/lib/python3.12/site-packages/chronos/chronos.py][WARNING] - We recommend keeping prediction length <= 64. The quality of longer predictions may degrade since the model is not optimized for it. 
[2026-08-28 22:41:20,130][/fssmall/home/h61084/codes/tsfm/.venv/lib/python3.12/site-packages/chronos/chronos.py][WARNING] - We recommend keeping prediction length <= 64. The quality of longer predictions may degrade since the model is not optimized for it. 
[2026-08-28 22:41:23,632][/fssmall/home/h61084/codes/tsfm/.venv/lib/python3.12/site-packages/chronos/chronos.py][WARNING] - We recommend keeping prediction length <= 64. The quality of longer predictions may degrade since the model is not optimized for it. 
[2026-08-28 22:41:27,133][/fssmall/home/h61084/codes/tsfm/.venv/lib/python3.12/site-packages/chronos/chronos.py][WARNING] - We recommend keeping prediction length <= 64. The quality of longer predictions may degrade since the model is not optimized for it. 
[2026-08-28 22:41:30,637][/fssmall/home/h61084/codes/tsfm/.venv/lib/python3.12/site-packages/chronos/chronos.py][WARNING] - We recommend keeping prediction length <= 64. The quality of longer predictions may degrade since the model is not optimized for it. 
[2026-08-28 22:41:34,143][/fssmall/home/h61084/codes/tsfm/.venv/lib/python3.12/site-packages/chronos/chronos.py][WARNING] - We recommend keeping prediction length <= 64. The quality of longer predictions may degrade since the model is not optimized for it. 
[2026-08-28 22:41:37,644][/fssmall/home/h61084/codes/tsfm/.venv/lib/python3.12/site-packages/chronos/chronos.py][WARNING] - We recommend keeping prediction length <= 64. The quality of longer predictions may degrade since the model is not optimized for it. 
[2026-08-28 22:41:41,142][/fssmall/home/h61084/codes/tsfm/.venv/lib/python3.12/site-packages/chronos/chronos.py][WARNING] - We recommend keeping prediction length <= 64. The quality of longer predictions may degrade since the model is not optimized for it. 
[2026-08-28 22:41:44,642][/fssmall/home/h61084/codes/tsfm/.venv/lib/python3.12/site-packages/chronos/chronos.py][WARNING] - We recommend keeping prediction length <= 64. The quality of longer predictions may degrade since the model is not optimized for it. 
[2026-08-28 22:41:48,144][/fssmall/home/h61084/codes/tsfm/.venv/lib/python3.12/site-packages/chronos/chronos.py][WARNING] - We recommend keeping prediction length <= 64. The quality of longer predictions may degrade since the model is not optimized for it. 
[2026-08-28 22:41:51,643][/fssmall/home/h61084/codes/tsfm/.venv/lib/python3.12/site-packages/chronos/chronos.py][WARNING] - We recommend keeping prediction length <= 64. The quality of longer predictions may degrade since the model is not optimized for it. 
[2026-08-28 22:41:55,143][/fssmall/home/h61084/codes/tsfm/.venv/lib/python3.12/site-packages/chronos/chronos.py][WARNING] - We recommend keeping prediction length <= 64. The quality of longer predictions may degrade since the model is not optimized for it. 
[2026-08-28 22:41:58,643][/fssmall/home/h61084/codes/tsfm/.venv/lib/python3.12/site-packages/chronos/chronos.py][WARNING] - We recommend keeping prediction length <= 64. The quality of longer predictions may degrade since the model is not optimized for it. 
[2026-08-28 22:42:02,399][/fssmall/home/h61084/codes/tsfm/.venv/lib/python3.12/site-packages/chronos/chronos.py][WARNING] - We recommend keeping prediction length <= 64. The quality of longer predictions may degrade since the model is not optimized for it. 
[2026-08-28 22:42:05,902][/fssmall/home/h61084/codes/tsfm/.venv/lib/python3.12/site-packages/chronos/chronos.py][WARNING] - We recommend keeping prediction length <= 64. The quality of longer predictions may degrade since the model is not optimized for it. 
[2026-08-28 22:42:09,406][/fssmall/home/h61084/codes/tsfm/.venv/lib/python3.12/site-packages/chronos/chronos.py][WARNING] - We recommend keeping prediction length <= 64. The quality of longer predictions may degrade since the model is not optimized for it. 
[2026-08-28 22:42:13,054][/fssmall/home/h61084/codes/tsfm/.venv/lib/python3.12/site-packages/chronos/chronos.py][WARNING] - We recommend keeping prediction length <= 64. The quality of longer predictions may degrade since the model is not optimized for it. 
[2026-08-28 22:42:16,556][/fssmall/home/h61084/codes/tsfm/.venv/lib/python3.12/site-packages/chronos/chronos.py][WARNING] - We recommend keeping prediction length <= 64. The quality of longer predictions may degrade since the model is not optimized for it. 
[2026-08-28 22:42:20,085][/fssmall/home/h61084/codes/tsfm/.venv/lib/python3.12/site-packages/chronos/chronos.py][WARNING] - We recommend keeping prediction length <= 64. The quality of longer predictions may degrade since the model is not optimized for it. 
[2026-08-28 22:42:23,603][/fssmall/home/h61084/codes/tsfm/.venv/lib/python3.12/site-packages/chronos/chronos.py][WARNING] - We recommend keeping prediction length <= 64. The quality of longer predictions may degrade since the model is not optimized for it. 
[2026-08-28 22:42:27,108][/fssmall/home/h61084/codes/tsfm/.venv/lib/python3.12/site-packages/chronos/chronos.py][WARNING] - We recommend keeping prediction length <= 64. The quality of longer predictions may degrade since the model is not optimized for it. 
[2026-08-28 22:42:30,611][/fssmall/home/h61084/codes/tsfm/.venv/lib/python3.12/site-packages/chronos/chronos.py][WARNING] - We recommend keeping prediction length <= 64. The quality of longer predictions may degrade since the model is not optimized for it. 
[2026-08-28 22:42:34,111][/fssmall/home/h61084/codes/tsfm/.venv/lib/python3.12/site-packages/chronos/chronos.py][WARNING] - We recommend keeping prediction length <= 64. The quality of longer predictions may degrade since the model is not optimized for it. 
[2026-08-28 22:42:37,611][/fssmall/home/h61084/codes/tsfm/.venv/lib/python3.12/site-packages/chronos/chronos.py][WARNING] - We recommend keeping prediction length <= 64. The quality of longer predictions may degrade since the model is not optimized for it. 
[2026-08-28 22:42:41,114][/fssmall/home/h61084/codes/tsfm/.venv/lib/python3.12/site-packages/chronos/chronos.py][WARNING] - We recommend keeping prediction length <= 64. The quality of longer predictions may degrade since the model is not optimized for it. 
[2026-08-28 22:42:44,618][/fssmall/home/h61084/codes/tsfm/.venv/lib/python3.12/site-packages/chronos/chronos.py][WARNING] - We recommend keeping prediction length <= 64. The quality of longer predictions may degrade since the model is not optimized for it. 
[2026-08-28 22:42:48,120][/fssmall/home/h61084/codes/tsfm/.venv/lib/python3.12/site-packages/chronos/chronos.py][WARNING] - We recommend keeping prediction length <= 64. The quality of longer predictions may degrade since the model is not optimized for it. 
[2026-08-28 22:42:51,624][/fssmall/home/h61084/codes/tsfm/.venv/lib/python3.12/site-packages/chronos/chronos.py][WARNING] - We recommend keeping prediction length <= 64. The quality of longer predictions may degrade since the model is not optimized for it. 
[2026-08-28 22:42:55,125][/fssmall/home/h61084/codes/tsfm/.venv/lib/python3.12/site-packages/chronos/chronos.py][WARNING] - We recommend keeping prediction length <= 64. The quality of longer predictions may degrade since the model is not optimized for it. 
[2026-08-28 22:42:58,625][/fssmall/home/h61084/codes/tsfm/.venv/lib/python3.12/site-packages/chronos/chronos.py][WARNING] - We recommend keeping prediction length <= 64. The quality of longer predictions may degrade since the model is not optimized for it. 
[2026-08-28 22:43:02,130][/fssmall/home/h61084/codes/tsfm/.venv/lib/python3.12/site-packages/chronos/chronos.py][WARNING] - We recommend keeping prediction length <= 64. The quality of longer predictions may degrade since the model is not optimized for it. 
[2026-08-28 22:43:05,632][/fssmall/home/h61084/codes/tsfm/.venv/lib/python3.12/site-packages/chronos/chronos.py][WARNING] - We recommend keeping prediction length <= 64. The quality of longer predictions may degrade since the model is not optimized for it. 
[2026-08-28 22:43:09,138][/fssmall/home/h61084/codes/tsfm/.venv/lib/python3.12/site-packages/chronos/chronos.py][WARNING] - We recommend keeping prediction length <= 64. The quality of longer predictions may degrade since the model is not optimized for it. 
[2026-08-28 22:43:12,638][/fssmall/home/h61084/codes/tsfm/.venv/lib/python3.12/site-packages/chronos/chronos.py][WARNING] - We recommend keeping prediction length <= 64. The quality of longer predictions may degrade since the model is not optimized for it. 
[2026-08-28 22:43:16,138][/fssmall/home/h61084/codes/tsfm/.venv/lib/python3.12/site-packages/chronos/chronos.py][WARNING] - We recommend keeping prediction length <= 64. The quality of longer predictions may degrade since the model is not optimized for it. 
[2026-08-28 22:43:19,641][/fssmall/home/h61084/codes/tsfm/.venv/lib/python3.12/site-packages/chronos/chronos.py][WARNING] - We recommend keeping prediction length <= 64. The quality of longer predictions may degrade since the model is not optimized for it. 
[2026-08-28 22:43:23,145][/fssmall/home/h61084/codes/tsfm/.venv/lib/python3.12/site-packages/chronos/chronos.py][WARNING] - We recommend keeping prediction length <= 64. The quality of longer predictions may degrade since the model is not optimized for it. 
[2026-08-28 22:43:26,647][/fssmall/home/h61084/codes/tsfm/.venv/lib/python3.12/site-packages/chronos/chronos.py][WARNING] - We recommend keeping prediction length <= 64. The quality of longer predictions may degrade since the model is not optimized for it. 
[2026-08-28 22:43:30,150][/fssmall/home/h61084/codes/tsfm/.venv/lib/python3.12/site-packages/chronos/chronos.py][WARNING] - We recommend keeping prediction length <= 64. The quality of longer predictions may degrade since the model is not optimized for it. 
[2026-08-28 22:43:33,653][/fssmall/home/h61084/codes/tsfm/.venv/lib/python3.12/site-packages/chronos/chronos.py][WARNING] - We recommend keeping prediction length <= 64. The quality of longer predictions may degrade since the model is not optimized for it. 
[2026-08-28 22:43:37,154][/fssmall/home/h61084/codes/tsfm/.venv/lib/python3.12/site-packages/chronos/chronos.py][WARNING] - We recommend keeping prediction length <= 64. The quality of longer predictions may degrade since the model is not optimized for it. 
[2026-08-28 22:43:40,656][/fssmall/home/h61084/codes/tsfm/.venv/lib/python3.12/site-packages/chronos/chronos.py][WARNING] - We recommend keeping prediction length <= 64. The quality of longer predictions may degrade since the model is not optimized for it. 
[2026-08-28 22:43:44,158][/fssmall/home/h61084/codes/tsfm/.venv/lib/python3.12/site-packages/chronos/chronos.py][WARNING] - We recommend keeping prediction length <= 64. The quality of longer predictions may degrade since the model is not optimized for it. 
[2026-08-28 22:43:47,660][/fssmall/home/h61084/codes/tsfm/.venv/lib/python3.12/site-packages/chronos/chronos.py][WARNING] - We recommend keeping prediction length <= 64. The quality of longer predictions may degrade since the model is not optimized for it. 
[2026-08-28 22:43:51,164][/fssmall/home/h61084/codes/tsfm/.venv/lib/python3.12/site-packages/chronos/chronos.py][WARNING] - We recommend keeping prediction length <= 64. The quality of longer predictions may degrade since the model is not optimized for it. 
[2026-08-28 22:43:54,666][/fssmall/home/h61084/codes/tsfm/.venv/lib/python3.12/site-packages/chronos/chronos.py][WARNING] - We recommend keeping prediction length <= 64. The quality of longer predictions may degrade since the model is not optimized for it. 
[2026-08-28 22:43:58,171][/fssmall/home/h61084/codes/tsfm/.venv/lib/python3.12/site-packages/chronos/chronos.py][WARNING] - We recommend keeping prediction length <= 64. The quality of longer predictions may degrade since the model is not optimized for it. 
[2026-08-28 22:44:01,677][/fssmall/home/h61084/codes/tsfm/.venv/lib/python3.12/site-packages/chronos/chronos.py][WARNING] - We recommend keeping prediction length <= 64. The quality of longer predictions may degrade since the model is not optimized for it. 
[2026-08-28 22:44:05,179][/fssmall/home/h61084/codes/tsfm/.venv/lib/python3.12/site-packages/chronos/chronos.py][WARNING] - We recommend keeping prediction length <= 64. The quality of longer predictions may degrade since the model is not optimized for it. 
[2026-08-28 22:44:08,682][/fssmall/home/h61084/codes/tsfm/.venv/lib/python3.12/site-packages/chronos/chronos.py][WARNING] - We recommend keeping prediction length <= 64. The quality of longer predictions may degrade since the model is not optimized for it. 
[2026-08-28 22:44:12,184][/fssmall/home/h61084/codes/tsfm/.venv/lib/python3.12/site-packages/chronos/chronos.py][WARNING] - We recommend keeping prediction length <= 64. The quality of longer predictions may degrade since the model is not optimized for it. 
[2026-08-28 22:44:15,686][/fssmall/home/h61084/codes/tsfm/.venv/lib/python3.12/site-packages/chronos/chronos.py][WARNING] - We recommend keeping prediction length <= 64. The quality of longer predictions may degrade since the model is not optimized for it. 
[2026-08-28 22:44:19,190][/fssmall/home/h61084/codes/tsfm/.venv/lib/python3.12/site-packages/chronos/chronos.py][WARNING] - We recommend keeping prediction length <= 64. The quality of longer predictions may degrade since the model is not optimized for it. 
[2026-08-28 22:44:22,692][/fssmall/home/h61084/codes/tsfm/.venv/lib/python3.12/site-packages/chronos/chronos.py][WARNING] - We recommend keeping prediction length <= 64. The quality of longer predictions may degrade since the model is not optimized for it. 
[2026-08-28 22:44:26,198][/fssmall/home/h61084/codes/tsfm/.venv/lib/python3.12/site-packages/chronos/chronos.py][WARNING] - We recommend keeping prediction length <= 64. The quality of longer predictions may degrade since the model is not optimized for it. 
[2026-08-28 22:44:29,703][/fssmall/home/h61084/codes/tsfm/.venv/lib/python3.12/site-packages/chronos/chronos.py][WARNING] - We recommend keeping prediction length <= 64. The quality of longer predictions may degrade since the model is not optimized for it. 
[2026-08-28 22:44:33,205][/fssmall/home/h61084/codes/tsfm/.venv/lib/python3.12/site-packages/chronos/chronos.py][WARNING] - We recommend keeping prediction length <= 64. The quality of longer predictions may degrade since the model is not optimized for it. 
[2026-08-28 22:44:36,706][/fssmall/home/h61084/codes/tsfm/.venv/lib/python3.12/site-packages/chronos/chronos.py][WARNING] - We recommend keeping prediction length <= 64. The quality of longer predictions may degrade since the model is not optimized for it. 
[2026-08-28 22:44:40,209][/fssmall/home/h61084/codes/tsfm/.venv/lib/python3.12/site-packages/chronos/chronos.py][WARNING] - We recommend keeping prediction length <= 64. The quality of longer predictions may degrade since the model is not optimized for it. 
[2026-08-28 22:44:43,711][/fssmall/home/h61084/codes/tsfm/.venv/lib/python3.12/site-packages/chronos/chronos.py][WARNING] - We recommend keeping prediction length <= 64. The quality of longer predictions may degrade since the model is not optimized for it. 
[2026-08-28 22:44:47,213][/fssmall/home/h61084/codes/tsfm/.venv/lib/python3.12/site-packages/chronos/chronos.py][WARNING] - We recommend keeping prediction length <= 64. The quality of longer predictions may degrade since the model is not optimized for it. 
[2026-08-28 22:44:50,714][/fssmall/home/h61084/codes/tsfm/.venv/lib/python3.12/site-packages/chronos/chronos.py][WARNING] - We recommend keeping prediction length <= 64. The quality of longer predictions may degrade since the model is not optimized for it. 
[2026-08-28 22:44:54,220][/fssmall/home/h61084/codes/tsfm/.venv/lib/python3.12/site-packages/chronos/chronos.py][WARNING] - We recommend keeping prediction length <= 64. The quality of longer predictions may degrade since the model is not optimized for it. 
[2026-08-28 22:44:57,725][/fssmall/home/h61084/codes/tsfm/.venv/lib/python3.12/site-packages/chronos/chronos.py][WARNING] - We recommend keeping prediction length <= 64. The quality of longer predictions may degrade since the model is not optimized for it. 
[2026-08-28 22:45:01,227][/fssmall/home/h61084/codes/tsfm/.venv/lib/python3.12/site-packages/chronos/chronos.py][WARNING] - We recommend keeping prediction length <= 64. The quality of longer predictions may degrade since the model is not optimized for it. 
[2026-08-28 22:45:04,732][/fssmall/home/h61084/codes/tsfm/.venv/lib/python3.12/site-packages/chronos/chronos.py][WARNING] - We recommend keeping prediction length <= 64. The quality of longer predictions may degrade since the model is not optimized for it. 
[2026-08-28 22:45:08,231][/fssmall/home/h61084/codes/tsfm/.venv/lib/python3.12/site-packages/chronos/chronos.py][WARNING] - We recommend keeping prediction length <= 64. The quality of longer predictions may degrade since the model is not optimized for it. 
[2026-08-28 22:45:11,731][/fssmall/home/h61084/codes/tsfm/.venv/lib/python3.12/site-packages/chronos/chronos.py][WARNING] - We recommend keeping prediction length <= 64. The quality of longer predictions may degrade since the model is not optimized for it. 
[2026-08-28 22:45:15,233][/fssmall/home/h61084/codes/tsfm/.venv/lib/python3.12/site-packages/chronos/chronos.py][WARNING] - We recommend keeping prediction length <= 64. The quality of longer predictions may degrade since the model is not optimized for it. 
[2026-08-28 22:45:18,738][/fssmall/home/h61084/codes/tsfm/.venv/lib/python3.12/site-packages/chronos/chronos.py][WARNING] - We recommend keeping prediction length <= 64. The quality of longer predictions may degrade since the model is not optimized for it. 
[2026-08-28 22:45:22,239][/fssmall/home/h61084/codes/tsfm/.venv/lib/python3.12/site-packages/chronos/chronos.py][WARNING] - We recommend keeping prediction length <= 64. The quality of longer predictions may degrade since the model is not optimized for it. 
[2026-08-28 22:45:25,739][/fssmall/home/h61084/codes/tsfm/.venv/lib/python3.12/site-packages/chronos/chronos.py][WARNING] - We recommend keeping prediction length <= 64. The quality of longer predictions may degrade since the model is not optimized for it. 
[2026-08-28 22:45:29,240][/fssmall/home/h61084/codes/tsfm/.venv/lib/python3.12/site-packages/chronos/chronos.py][WARNING] - We recommend keeping prediction length <= 64. The quality of longer predictions may degrade since the model is not optimized for it. 
[2026-08-28 22:45:32,745][/fssmall/home/h61084/codes/tsfm/.venv/lib/python3.12/site-packages/chronos/chronos.py][WARNING] - We recommend keeping prediction length <= 64. The quality of longer predictions may degrade since the model is not optimized for it. 
[2026-08-28 22:45:36,244][/fssmall/home/h61084/codes/tsfm/.venv/lib/python3.12/site-packages/chronos/chronos.py][WARNING] - We recommend keeping prediction length <= 64. The quality of longer predictions may degrade since the model is not optimized for it. 
[2026-08-28 22:45:39,745][/fssmall/home/h61084/codes/tsfm/.venv/lib/python3.12/site-packages/chronos/chronos.py][WARNING] - We recommend keeping prediction length <= 64. The quality of longer predictions may degrade since the model is not optimized for it. 
[2026-08-28 22:45:43,247][/fssmall/home/h61084/codes/tsfm/.venv/lib/python3.12/site-packages/chronos/chronos.py][WARNING] - We recommend keeping prediction length <= 64. The quality of longer predictions may degrade since the model is not optimized for it. 
[2026-08-28 22:45:46,748][/fssmall/home/h61084/codes/tsfm/.venv/lib/python3.12/site-packages/chronos/chronos.py][WARNING] - We recommend keeping prediction length <= 64. The quality of longer predictions may degrade since the model is not optimized for it. 
[2026-08-28 22:45:50,252][/fssmall/home/h61084/codes/tsfm/.venv/lib/python3.12/site-packages/chronos/chronos.py][WARNING] - We recommend keeping prediction length <= 64. The quality of longer predictions may degrade since the model is not optimized for it. 
[2026-08-28 22:45:53,753][/fssmall/home/h61084/codes/tsfm/.venv/lib/python3.12/site-packages/chronos/chronos.py][WARNING] - We recommend keeping prediction length <= 64. The quality of longer predictions may degrade since the model is not optimized for it. 
[2026-08-28 22:45:57,256][/fssmall/home/h61084/codes/tsfm/.venv/lib/python3.12/site-packages/chronos/chronos.py][WARNING] - We recommend keeping prediction length <= 64. The quality of longer predictions may degrade since the model is not optimized for it. 
[2026-08-28 22:46:00,759][/fssmall/home/h61084/codes/tsfm/.venv/lib/python3.12/site-packages/chronos/chronos.py][WARNING] - We recommend keeping prediction length <= 64. The quality of longer predictions may degrade since the model is not optimized for it. 
[2026-08-28 22:46:04,261][/fssmall/home/h61084/codes/tsfm/.venv/lib/python3.12/site-packages/chronos/chronos.py][WARNING] - We recommend keeping prediction length <= 64. The quality of longer predictions may degrade since the model is not optimized for it. 
[2026-08-28 22:46:07,765][/fssmall/home/h61084/codes/tsfm/.venv/lib/python3.12/site-packages/chronos/chronos.py][WARNING] - We recommend keeping prediction length <= 64. The quality of longer predictions may degrade since the model is not optimized for it. 
[2026-08-28 22:46:11,267][/fssmall/home/h61084/codes/tsfm/.venv/lib/python3.12/site-packages/chronos/chronos.py][WARNING] - We recommend keeping prediction length <= 64. The quality of longer predictions may degrade since the model is not optimized for it. 
[2026-08-28 22:46:14,772][/fssmall/home/h61084/codes/tsfm/.venv/lib/python3.12/site-packages/chronos/chronos.py][WARNING] - We recommend keeping prediction length <= 64. The quality of longer predictions may degrade since the model is not optimized for it. 
[2026-08-28 22:46:18,275][/fssmall/home/h61084/codes/tsfm/.venv/lib/python3.12/site-packages/chronos/chronos.py][WARNING] - We recommend keeping prediction length <= 64. The quality of longer predictions may degrade since the model is not optimized for it. 
[2026-08-28 22:46:21,779][/fssmall/home/h61084/codes/tsfm/.venv/lib/python3.12/site-packages/chronos/chronos.py][WARNING] - We recommend keeping prediction length <= 64. The quality of longer predictions may degrade since the model is not optimized for it. 
[2026-08-28 22:46:25,283][/fssmall/home/h61084/codes/tsfm/.venv/lib/python3.12/site-packages/chronos/chronos.py][WARNING] - We recommend keeping prediction length <= 64. The quality of longer predictions may degrade since the model is not optimized for it. 
[2026-08-28 22:46:28,786][/fssmall/home/h61084/codes/tsfm/.venv/lib/python3.12/site-packages/chronos/chronos.py][WARNING] - We recommend keeping prediction length <= 64. The quality of longer predictions may degrade since the model is not optimized for it. 
[2026-08-28 22:46:32,289][/fssmall/home/h61084/codes/tsfm/.venv/lib/python3.12/site-packages/chronos/chronos.py][WARNING] - We recommend keeping prediction length <= 64. The quality of longer predictions may degrade since the model is not optimized for it. 
[2026-08-28 22:46:35,792][/fssmall/home/h61084/codes/tsfm/.venv/lib/python3.12/site-packages/chronos/chronos.py][WARNING] - We recommend keeping prediction length <= 64. The quality of longer predictions may degrade since the model is not optimized for it. 
[2026-08-28 22:46:39,295][/fssmall/home/h61084/codes/tsfm/.venv/lib/python3.12/site-packages/chronos/chronos.py][WARNING] - We recommend keeping prediction length <= 64. The quality of longer predictions may degrade since the model is not optimized for it. 
[2026-08-28 22:46:42,799][/fssmall/home/h61084/codes/tsfm/.venv/lib/python3.12/site-packages/chronos/chronos.py][WARNING] - We recommend keeping prediction length <= 64. The quality of longer predictions may degrade since the model is not optimized for it. 
[2026-08-28 22:46:46,302][/fssmall/home/h61084/codes/tsfm/.venv/lib/python3.12/site-packages/chronos/chronos.py][WARNING] - We recommend keeping prediction length <= 64. The quality of longer predictions may degrade since the model is not optimized for it. 
[2026-08-28 22:46:49,805][/fssmall/home/h61084/codes/tsfm/.venv/lib/python3.12/site-packages/chronos/chronos.py][WARNING] - We recommend keeping prediction length <= 64. The quality of longer predictions may degrade since the model is not optimized for it. 
[2026-08-28 22:46:53,306][/fssmall/home/h61084/codes/tsfm/.venv/lib/python3.12/site-packages/chronos/chronos.py][WARNING] - We recommend keeping prediction length <= 64. The quality of longer predictions may degrade since the model is not optimized for it. 
[2026-08-28 22:46:56,809][/fssmall/home/h61084/codes/tsfm/.venv/lib/python3.12/site-packages/chronos/chronos.py][WARNING] - We recommend keeping prediction length <= 64. The quality of longer predictions may degrade since the model is not optimized for it. 
[2026-08-28 22:47:00,313][/fssmall/home/h61084/codes/tsfm/.venv/lib/python3.12/site-packages/chronos/chronos.py][WARNING] - We recommend keeping prediction length <= 64. The quality of longer predictions may degrade since the model is not optimized for it. 
[2026-08-28 22:47:03,814][/fssmall/home/h61084/codes/tsfm/.venv/lib/python3.12/site-packages/chronos/chronos.py][WARNING] - We recommend keeping prediction length <= 64. The quality of longer predictions may degrade since the model is not optimized for it. 
[2026-08-28 22:47:07,313][/fssmall/home/h61084/codes/tsfm/.venv/lib/python3.12/site-packages/chronos/chronos.py][WARNING] - We recommend keeping prediction length <= 64. The quality of longer predictions may degrade since the model is not optimized for it. 
[2026-08-28 22:47:10,813][/fssmall/home/h61084/codes/tsfm/.venv/lib/python3.12/site-packages/chronos/chronos.py][WARNING] - We recommend keeping prediction length <= 64. The quality of longer predictions may degrade since the model is not optimized for it. 
[2026-08-28 22:47:14,316][/fssmall/home/h61084/codes/tsfm/.venv/lib/python3.12/site-packages/chronos/chronos.py][WARNING] - We recommend keeping prediction length <= 64. The quality of longer predictions may degrade since the model is not optimized for it. 
[2026-08-28 22:47:17,820][/fssmall/home/h61084/codes/tsfm/.venv/lib/python3.12/site-packages/chronos/chronos.py][WARNING] - We recommend keeping prediction length <= 64. The quality of longer predictions may degrade since the model is not optimized for it. 
[2026-08-28 22:47:21,323][/fssmall/home/h61084/codes/tsfm/.venv/lib/python3.12/site-packages/chronos/chronos.py][WARNING] - We recommend keeping prediction length <= 64. The quality of longer predictions may degrade since the model is not optimized for it. 
[2026-08-28 22:47:24,829][/fssmall/home/h61084/codes/tsfm/.venv/lib/python3.12/site-packages/chronos/chronos.py][WARNING] - We recommend keeping prediction length <= 64. The quality of longer predictions may degrade since the model is not optimized for it. 
[2026-08-28 22:47:28,332][/fssmall/home/h61084/codes/tsfm/.venv/lib/python3.12/site-packages/chronos/chronos.py][WARNING] - We recommend keeping prediction length <= 64. The quality of longer predictions may degrade since the model is not optimized for it. 
[2026-08-28 22:47:31,833][/fssmall/home/h61084/codes/tsfm/.venv/lib/python3.12/site-packages/chronos/chronos.py][WARNING] - We recommend keeping prediction length <= 64. The quality of longer predictions may degrade since the model is not optimized for it. 
[2026-08-28 22:47:35,336][/fssmall/home/h61084/codes/tsfm/.venv/lib/python3.12/site-packages/chronos/chronos.py][WARNING] - We recommend keeping prediction length <= 64. The quality of longer predictions may degrade since the model is not optimized for it. 
[2026-08-28 22:47:38,840][/fssmall/home/h61084/codes/tsfm/.venv/lib/python3.12/site-packages/chronos/chronos.py][WARNING] - We recommend keeping prediction length <= 64. The quality of longer predictions may degrade since the model is not optimized for it. 
[2026-08-28 22:47:42,343][/fssmall/home/h61084/codes/tsfm/.venv/lib/python3.12/site-packages/chronos/chronos.py][WARNING] - We recommend keeping prediction length <= 64. The quality of longer predictions may degrade since the model is not optimized for it. 
[2026-08-28 22:47:45,846][/fssmall/home/h61084/codes/tsfm/.venv/lib/python3.12/site-packages/chronos/chronos.py][WARNING] - We recommend keeping prediction length <= 64. The quality of longer predictions may degrade since the model is not optimized for it. 
[2026-08-28 22:47:49,346][/fssmall/home/h61084/codes/tsfm/.venv/lib/python3.12/site-packages/chronos/chronos.py][WARNING] - We recommend keeping prediction length <= 64. The quality of longer predictions may degrade since the model is not optimized for it. 
[2026-08-28 22:47:52,848][/fssmall/home/h61084/codes/tsfm/.venv/lib/python3.12/site-packages/chronos/chronos.py][WARNING] - We recommend keeping prediction length <= 64. The quality of longer predictions may degrade since the model is not optimized for it. 
[2026-08-28 22:47:56,353][/fssmall/home/h61084/codes/tsfm/.venv/lib/python3.12/site-packages/chronos/chronos.py][WARNING] - We recommend keeping prediction length <= 64. The quality of longer predictions may degrade since the model is not optimized for it. 
[2026-08-28 22:47:59,860][/fssmall/home/h61084/codes/tsfm/.venv/lib/python3.12/site-packages/chronos/chronos.py][WARNING] - We recommend keeping prediction length <= 64. The quality of longer predictions may degrade since the model is not optimized for it. 
[2026-08-28 22:48:03,621][/fssmall/home/h61084/codes/tsfm/.venv/lib/python3.12/site-packages/chronos/chronos.py][WARNING] - We recommend keeping prediction length <= 64. The quality of longer predictions may degrade since the model is not optimized for it. 
[2026-08-28 22:48:07,121][/fssmall/home/h61084/codes/tsfm/.venv/lib/python3.12/site-packages/chronos/chronos.py][WARNING] - We recommend keeping prediction length <= 64. The quality of longer predictions may degrade since the model is not optimized for it. 
[2026-08-28 22:48:10,627][/fssmall/home/h61084/codes/tsfm/.venv/lib/python3.12/site-packages/chronos/chronos.py][WARNING] - We recommend keeping prediction length <= 64. The quality of longer predictions may degrade since the model is not optimized for it. 
[2026-08-28 22:48:14,128][/fssmall/home/h61084/codes/tsfm/.venv/lib/python3.12/site-packages/chronos/chronos.py][WARNING] - We recommend keeping prediction length <= 64. The quality of longer predictions may degrade since the model is not optimized for it. 
[2026-08-28 22:48:17,628][/fssmall/home/h61084/codes/tsfm/.venv/lib/python3.12/site-packages/chronos/chronos.py][WARNING] - We recommend keeping prediction length <= 64. The quality of longer predictions may degrade since the model is not optimized for it. 
[2026-08-28 22:48:21,156][/fssmall/home/h61084/codes/tsfm/.venv/lib/python3.12/site-packages/chronos/chronos.py][WARNING] - We recommend keeping prediction length <= 64. The quality of longer predictions may degrade since the model is not optimized for it. 
[2026-08-28 22:48:24,781][/fssmall/home/h61084/codes/tsfm/.venv/lib/python3.12/site-packages/chronos/chronos.py][WARNING] - We recommend keeping prediction length <= 64. The quality of longer predictions may degrade since the model is not optimized for it. 
[2026-08-28 22:48:28,281][/fssmall/home/h61084/codes/tsfm/.venv/lib/python3.12/site-packages/chronos/chronos.py][WARNING] - We recommend keeping prediction length <= 64. The quality of longer predictions may degrade since the model is not optimized for it. 
[2026-08-28 22:48:31,797][/fssmall/home/h61084/codes/tsfm/.venv/lib/python3.12/site-packages/chronos/chronos.py][WARNING] - We recommend keeping prediction length <= 64. The quality of longer predictions may degrade since the model is not optimized for it. 
[2026-08-28 22:48:35,300][/fssmall/home/h61084/codes/tsfm/.venv/lib/python3.12/site-packages/chronos/chronos.py][WARNING] - We recommend keeping prediction length <= 64. The quality of longer predictions may degrade since the model is not optimized for it. 
[2026-08-28 22:48:38,802][/fssmall/home/h61084/codes/tsfm/.venv/lib/python3.12/site-packages/chronos/chronos.py][WARNING] - We recommend keeping prediction length <= 64. The quality of longer predictions may degrade since the model is not optimized for it. 
[2026-08-28 22:48:42,306][/fssmall/home/h61084/codes/tsfm/.venv/lib/python3.12/site-packages/chronos/chronos.py][WARNING] - We recommend keeping prediction length <= 64. The quality of longer predictions may degrade since the model is not optimized for it. 
[2026-08-28 22:48:45,807][/fssmall/home/h61084/codes/tsfm/.venv/lib/python3.12/site-packages/chronos/chronos.py][WARNING] - We recommend keeping prediction length <= 64. The quality of longer predictions may degrade since the model is not optimized for it. 
[2026-08-28 22:48:49,308][/fssmall/home/h61084/codes/tsfm/.venv/lib/python3.12/site-packages/chronos/chronos.py][WARNING] - We recommend keeping prediction length <= 64. The quality of longer predictions may degrade since the model is not optimized for it. 
[2026-08-28 22:48:52,808][/fssmall/home/h61084/codes/tsfm/.venv/lib/python3.12/site-packages/chronos/chronos.py][WARNING] - We recommend keeping prediction length <= 64. The quality of longer predictions may degrade since the model is not optimized for it. 
[2026-08-28 22:48:56,307][/fssmall/home/h61084/codes/tsfm/.venv/lib/python3.12/site-packages/chronos/chronos.py][WARNING] - We recommend keeping prediction length <= 64. The quality of longer predictions may degrade since the model is not optimized for it. 
[2026-08-28 22:48:59,807][/fssmall/home/h61084/codes/tsfm/.venv/lib/python3.12/site-packages/chronos/chronos.py][WARNING] - We recommend keeping prediction length <= 64. The quality of longer predictions may degrade since the model is not optimized for it. 
[2026-08-28 22:49:03,308][/fssmall/home/h61084/codes/tsfm/.venv/lib/python3.12/site-packages/chronos/chronos.py][WARNING] - We recommend keeping prediction length <= 64. The quality of longer predictions may degrade since the model is not optimized for it. 
[2026-08-28 22:49:06,806][/fssmall/home/h61084/codes/tsfm/.venv/lib/python3.12/site-packages/chronos/chronos.py][WARNING] - We recommend keeping prediction length <= 64. The quality of longer predictions may degrade since the model is not optimized for it. 
[2026-08-28 22:49:10,307][/fssmall/home/h61084/codes/tsfm/.venv/lib/python3.12/site-packages/chronos/chronos.py][WARNING] - We recommend keeping prediction length <= 64. The quality of longer predictions may degrade since the model is not optimized for it. 
[2026-08-28 22:49:13,807][/fssmall/home/h61084/codes/tsfm/.venv/lib/python3.12/site-packages/chronos/chronos.py][WARNING] - We recommend keeping prediction length <= 64. The quality of longer predictions may degrade since the model is not optimized for it. 
[2026-08-28 22:49:17,307][/fssmall/home/h61084/codes/tsfm/.venv/lib/python3.12/site-packages/chronos/chronos.py][WARNING] - We recommend keeping prediction length <= 64. The quality of longer predictions may degrade since the model is not optimized for it. 
[2026-08-28 22:49:20,808][/fssmall/home/h61084/codes/tsfm/.venv/lib/python3.12/site-packages/chronos/chronos.py][WARNING] - We recommend keeping prediction length <= 64. The quality of longer predictions may degrade since the model is not optimized for it. 
[2026-08-28 22:49:24,309][/fssmall/home/h61084/codes/tsfm/.venv/lib/python3.12/site-packages/chronos/chronos.py][WARNING] - We recommend keeping prediction length <= 64. The quality of longer predictions may degrade since the model is not optimized for it. 
[2026-08-28 22:49:27,807][/fssmall/home/h61084/codes/tsfm/.venv/lib/python3.12/site-packages/chronos/chronos.py][WARNING] - We recommend keeping prediction length <= 64. The quality of longer predictions may degrade since the model is not optimized for it. 
[2026-08-28 22:49:31,309][/fssmall/home/h61084/codes/tsfm/.venv/lib/python3.12/site-packages/chronos/chronos.py][WARNING] - We recommend keeping prediction length <= 64. The quality of longer predictions may degrade since the model is not optimized for it. 
[2026-08-28 22:49:34,811][/fssmall/home/h61084/codes/tsfm/.venv/lib/python3.12/site-packages/chronos/chronos.py][WARNING] - We recommend keeping prediction length <= 64. The quality of longer predictions may degrade since the model is not optimized for it. 
[2026-08-28 22:49:38,314][/fssmall/home/h61084/codes/tsfm/.venv/lib/python3.12/site-packages/chronos/chronos.py][WARNING] - We recommend keeping prediction length <= 64. The quality of longer predictions may degrade since the model is not optimized for it. 
[2026-08-28 22:49:41,821][/fssmall/home/h61084/codes/tsfm/.venv/lib/python3.12/site-packages/chronos/chronos.py][WARNING] - We recommend keeping prediction length <= 64. The quality of longer predictions may degrade since the model is not optimized for it. 
[2026-08-28 22:49:45,321][/fssmall/home/h61084/codes/tsfm/.venv/lib/python3.12/site-packages/chronos/chronos.py][WARNING] - We recommend keeping prediction length <= 64. The quality of longer predictions may degrade since the model is not optimized for it. 
[2026-08-28 22:49:48,821][/fssmall/home/h61084/codes/tsfm/.venv/lib/python3.12/site-packages/chronos/chronos.py][WARNING] - We recommend keeping prediction length <= 64. The quality of longer predictions may degrade since the model is not optimized for it. 
[2026-08-28 22:49:52,324][/fssmall/home/h61084/codes/tsfm/.venv/lib/python3.12/site-packages/chronos/chronos.py][WARNING] - We recommend keeping prediction length <= 64. The quality of longer predictions may degrade since the model is not optimized for it. 
[2026-08-28 22:49:55,828][/fssmall/home/h61084/codes/tsfm/.venv/lib/python3.12/site-packages/chronos/chronos.py][WARNING] - We recommend keeping prediction length <= 64. The quality of longer predictions may degrade since the model is not optimized for it. 
[2026-08-28 22:49:59,329][/fssmall/home/h61084/codes/tsfm/.venv/lib/python3.12/site-packages/chronos/chronos.py][WARNING] - We recommend keeping prediction length <= 64. The quality of longer predictions may degrade since the model is not optimized for it. 
[2026-08-28 22:50:02,834][/fssmall/home/h61084/codes/tsfm/.venv/lib/python3.12/site-packages/chronos/chronos.py][WARNING] - We recommend keeping prediction length <= 64. The quality of longer predictions may degrade since the model is not optimized for it. 
[2026-08-28 22:50:06,334][/fssmall/home/h61084/codes/tsfm/.venv/lib/python3.12/site-packages/chronos/chronos.py][WARNING] - We recommend keeping prediction length <= 64. The quality of longer predictions may degrade since the model is not optimized for it. 
[2026-08-28 22:50:09,835][/fssmall/home/h61084/codes/tsfm/.venv/lib/python3.12/site-packages/chronos/chronos.py][WARNING] - We recommend keeping prediction length <= 64. The quality of longer predictions may degrade since the model is not optimized for it. 
[2026-08-28 22:50:13,335][/fssmall/home/h61084/codes/tsfm/.venv/lib/python3.12/site-packages/chronos/chronos.py][WARNING] - We recommend keeping prediction length <= 64. The quality of longer predictions may degrade since the model is not optimized for it. 
[2026-08-28 22:50:16,836][/fssmall/home/h61084/codes/tsfm/.venv/lib/python3.12/site-packages/chronos/chronos.py][WARNING] - We recommend keeping prediction length <= 64. The quality of longer predictions may degrade since the model is not optimized for it. 
[2026-08-28 22:50:20,336][/fssmall/home/h61084/codes/tsfm/.venv/lib/python3.12/site-packages/chronos/chronos.py][WARNING] - We recommend keeping prediction length <= 64. The quality of longer predictions may degrade since the model is not optimized for it. 
[2026-08-28 22:50:23,836][/fssmall/home/h61084/codes/tsfm/.venv/lib/python3.12/site-packages/chronos/chronos.py][WARNING] - We recommend keeping prediction length <= 64. The quality of longer predictions may degrade since the model is not optimized for it. 
[2026-08-28 22:50:27,340][/fssmall/home/h61084/codes/tsfm/.venv/lib/python3.12/site-packages/chronos/chronos.py][WARNING] - We recommend keeping prediction length <= 64. The quality of longer predictions may degrade since the model is not optimized for it. 
[2026-08-28 22:50:30,844][/fssmall/home/h61084/codes/tsfm/.venv/lib/python3.12/site-packages/chronos/chronos.py][WARNING] - We recommend keeping prediction length <= 64. The quality of longer predictions may degrade since the model is not optimized for it. 
[2026-08-28 22:50:34,344][/fssmall/home/h61084/codes/tsfm/.venv/lib/python3.12/site-packages/chronos/chronos.py][WARNING] - We recommend keeping prediction length <= 64. The quality of longer predictions may degrade since the model is not optimized for it. 
[2026-08-28 22:50:37,846][/fssmall/home/h61084/codes/tsfm/.venv/lib/python3.12/site-packages/chronos/chronos.py][WARNING] - We recommend keeping prediction length <= 64. The quality of longer predictions may degrade since the model is not optimized for it. 
[2026-08-28 22:50:41,348][/fssmall/home/h61084/codes/tsfm/.venv/lib/python3.12/site-packages/chronos/chronos.py][WARNING] - We recommend keeping prediction length <= 64. The quality of longer predictions may degrade since the model is not optimized for it. 
[2026-08-28 22:50:44,848][/fssmall/home/h61084/codes/tsfm/.venv/lib/python3.12/site-packages/chronos/chronos.py][WARNING] - We recommend keeping prediction length <= 64. The quality of longer predictions may degrade since the model is not optimized for it. 
[2026-08-28 22:50:48,348][/fssmall/home/h61084/codes/tsfm/.venv/lib/python3.12/site-packages/chronos/chronos.py][WARNING] - We recommend keeping prediction length <= 64. The quality of longer predictions may degrade since the model is not optimized for it. 
[2026-08-28 22:50:51,848][/fssmall/home/h61084/codes/tsfm/.venv/lib/python3.12/site-packages/chronos/chronos.py][WARNING] - We recommend keeping prediction length <= 64. The quality of longer predictions may degrade since the model is not optimized for it. 
[2026-08-28 22:50:55,348][/fssmall/home/h61084/codes/tsfm/.venv/lib/python3.12/site-packages/chronos/chronos.py][WARNING] - We recommend keeping prediction length <= 64. The quality of longer predictions may degrade since the model is not optimized for it. 
[2026-08-28 22:50:58,847][/fssmall/home/h61084/codes/tsfm/.venv/lib/python3.12/site-packages/chronos/chronos.py][WARNING] - We recommend keeping prediction length <= 64. The quality of longer predictions may degrade since the model is not optimized for it. 
[2026-08-28 22:51:02,347][/fssmall/home/h61084/codes/tsfm/.venv/lib/python3.12/site-packages/chronos/chronos.py][WARNING] - We recommend keeping prediction length <= 64. The quality of longer predictions may degrade since the model is not optimized for it. 
[2026-08-28 22:51:05,849][/fssmall/home/h61084/codes/tsfm/.venv/lib/python3.12/site-packages/chronos/chronos.py][WARNING] - We recommend keeping prediction length <= 64. The quality of longer predictions may degrade since the model is not optimized for it. 
[2026-08-28 22:51:09,350][/fssmall/home/h61084/codes/tsfm/.venv/lib/python3.12/site-packages/chronos/chronos.py][WARNING] - We recommend keeping prediction length <= 64. The quality of longer predictions may degrade since the model is not optimized for it. 
[2026-08-28 22:51:12,851][/fssmall/home/h61084/codes/tsfm/.venv/lib/python3.12/site-packages/chronos/chronos.py][WARNING] - We recommend keeping prediction length <= 64. The quality of longer predictions may degrade since the model is not optimized for it. 
[2026-08-28 22:51:16,351][/fssmall/home/h61084/codes/tsfm/.venv/lib/python3.12/site-packages/chronos/chronos.py][WARNING] - We recommend keeping prediction length <= 64. The quality of longer predictions may degrade since the model is not optimized for it. 
[2026-08-28 22:51:19,855][/fssmall/home/h61084/codes/tsfm/.venv/lib/python3.12/site-packages/chronos/chronos.py][WARNING] - We recommend keeping prediction length <= 64. The quality of longer predictions may degrade since the model is not optimized for it. 
[2026-08-28 22:51:23,356][/fssmall/home/h61084/codes/tsfm/.venv/lib/python3.12/site-packages/chronos/chronos.py][WARNING] - We recommend keeping prediction length <= 64. The quality of longer predictions may degrade since the model is not optimized for it. 
[2026-08-28 22:51:26,862][/fssmall/home/h61084/codes/tsfm/.venv/lib/python3.12/site-packages/chronos/chronos.py][WARNING] - We recommend keeping prediction length <= 64. The quality of longer predictions may degrade since the model is not optimized for it. 
[2026-08-28 22:51:30,364][/fssmall/home/h61084/codes/tsfm/.venv/lib/python3.12/site-packages/chronos/chronos.py][WARNING] - We recommend keeping prediction length <= 64. The quality of longer predictions may degrade since the model is not optimized for it. 
[2026-08-28 22:51:33,868][/fssmall/home/h61084/codes/tsfm/.venv/lib/python3.12/site-packages/chronos/chronos.py][WARNING] - We recommend keeping prediction length <= 64. The quality of longer predictions may degrade since the model is not optimized for it. 
[2026-08-28 22:51:37,370][/fssmall/home/h61084/codes/tsfm/.venv/lib/python3.12/site-packages/chronos/chronos.py][WARNING] - We recommend keeping prediction length <= 64. The quality of longer predictions may degrade since the model is not optimized for it. 
[2026-08-28 22:51:40,860][evaluation.evaluator][INFO] - artifacts ready run=/fslarge/scratch/users/h61084/codes/tsfm/outputs_selena/foundation_models/traffic/504_168/chronos_t5/none/raw/keep/run_0 mse=0.000775458 nmse=0.298039 inference_seconds=3108.509
2026-08-28 22:51:43 | configuration dataset=traffic L=504 H=168 model=ts_icl covariates=none instance_norm=false remove_constant=false seed=1 batch_size=32
[2026-08-28 22:51:50,763][data.dataset][INFO] - dataset config path=/fssmall/home/h61084/codes/datasets/traffic/config.json applied_keys=['date_col', 'drop_users']
[2026-08-28 22:51:51,898][evaluation.evaluator][INFO] - evaluate dataset=traffic users=860 dates=17544 windows=28380 removed_constant=0 L=504 H=168 stride=512
[2026-08-28 22:53:08,056][evaluation.evaluator][INFO] - artifacts ready run=/fslarge/scratch/users/h61084/codes/tsfm/outputs_selena/foundation_models/traffic/504_168/ts_icl/none/raw/keep/run_0 mse=0.000660876 nmse=0.281955 inference_seconds=73.115
2026-08-28 22:53:08 | configuration dataset=solar L=336 H=48 model=chronos2 covariates=none instance_norm=false remove_constant=false seed=1 batch_size=64
[2026-08-28 22:53:11,342][data.dataset][INFO] - dataset config path=/fssmall/home/h61084/codes/datasets/solar/config.json applied_keys=['aggr', 'date_col', 'drop_users']
[2026-08-28 22:53:11,718][evaluation.evaluator][INFO] - evaluate dataset=solar users=137 dates=8760 windows=2329 removed_constant=0 L=336 H=48 stride=512
[2026-08-28 22:53:22,518][evaluation.evaluator][INFO] - artifacts ready run=/fslarge/scratch/users/h61084/codes/tsfm/outputs_selena/foundation_models/solar/336_48/chronos2/none/raw/keep/run_0 mse=621.869 nmse=0.210395 inference_seconds=1.023
2026-08-28 22:53:23 | configuration dataset=solar L=336 H=48 model=chronos_bolt covariates=none instance_norm=false remove_constant=false seed=1 batch_size=128
[2026-08-28 22:53:25,935][data.dataset][INFO] - dataset config path=/fssmall/home/h61084/codes/datasets/solar/config.json applied_keys=['aggr', 'date_col', 'drop_users']
[2026-08-28 22:53:26,281][evaluation.evaluator][INFO] - evaluate dataset=solar users=137 dates=8760 windows=2329 removed_constant=0 L=336 H=48 stride=512
[2026-08-28 22:53:33,492][evaluation.evaluator][INFO] - artifacts ready run=/fslarge/scratch/users/h61084/codes/tsfm/outputs_selena/foundation_models/solar/336_48/chronos_bolt/none/raw/keep/run_0 mse=547.334 nmse=0.185074 inference_seconds=0.705
2026-08-28 22:53:34 | configuration dataset=solar L=336 H=48 model=chronos_t5 covariates=none instance_norm=false remove_constant=false seed=1 batch_size=32
[2026-08-28 22:53:36,893][data.dataset][INFO] - dataset config path=/fssmall/home/h61084/codes/datasets/solar/config.json applied_keys=['aggr', 'date_col', 'drop_users']
[2026-08-28 22:53:37,241][evaluation.evaluator][INFO] - evaluate dataset=solar users=137 dates=8760 windows=2329 removed_constant=0 L=336 H=48 stride=512
[2026-08-28 22:54:52,473][evaluation.evaluator][INFO] - artifacts ready run=/fslarge/scratch/users/h61084/codes/tsfm/outputs_selena/foundation_models/solar/336_48/chronos_t5/none/raw/keep/run_0 mse=832.399 nmse=0.280594 inference_seconds=59.550
2026-08-28 22:54:53 | configuration dataset=solar L=336 H=48 model=ts_icl covariates=none instance_norm=false remove_constant=false seed=1 batch_size=32
[2026-08-28 22:54:55,893][data.dataset][INFO] - dataset config path=/fssmall/home/h61084/codes/datasets/solar/config.json applied_keys=['aggr', 'date_col', 'drop_users']
[2026-08-28 22:54:56,237][evaluation.evaluator][INFO] - evaluate dataset=solar users=137 dates=8760 windows=2329 removed_constant=0 L=336 H=48 stride=512
[2026-08-28 22:55:02,373][evaluation.evaluator][INFO] - artifacts ready run=/fslarge/scratch/users/h61084/codes/tsfm/outputs_selena/foundation_models/solar/336_48/ts_icl/none/raw/keep/run_0 mse=686.689 nmse=0.231137 inference_seconds=5.172
2026-08-28 22:55:03 | configuration dataset=solar L=504 H=168 model=chronos2 covariates=none instance_norm=false remove_constant=false seed=1 batch_size=64
[2026-08-28 22:55:05,655][data.dataset][INFO] - dataset config path=/fssmall/home/h61084/codes/datasets/solar/config.json applied_keys=['aggr', 'date_col', 'drop_users']
[2026-08-28 22:55:06,008][evaluation.evaluator][INFO] - evaluate dataset=solar users=137 dates=8760 windows=2192 removed_constant=0 L=504 H=168 stride=512
[2026-08-28 22:55:12,546][evaluation.evaluator][INFO] - artifacts ready run=/fslarge/scratch/users/h61084/codes/tsfm/outputs_selena/foundation_models/solar/504_168/chronos2/none/raw/keep/run_0 mse=536.797 nmse=0.165388 inference_seconds=1.102
2026-08-28 22:55:13 | configuration dataset=solar L=504 H=168 model=chronos_bolt covariates=none instance_norm=false remove_constant=false seed=1 batch_size=128
[2026-08-28 22:55:15,937][data.dataset][INFO] - dataset config path=/fssmall/home/h61084/codes/datasets/solar/config.json applied_keys=['aggr', 'date_col', 'drop_users']
[2026-08-28 22:55:16,307][evaluation.evaluator][INFO] - evaluate dataset=solar users=137 dates=8760 windows=2192 removed_constant=0 L=504 H=168 stride=512
[2026-08-28 22:55:33,523][evaluation.evaluator][INFO] - artifacts ready run=/fslarge/scratch/users/h61084/codes/tsfm/outputs_selena/foundation_models/solar/504_168/chronos_bolt/none/raw/keep/run_0 mse=504.702 nmse=0.158075 inference_seconds=11.560
2026-08-28 22:55:34 | configuration dataset=solar L=504 H=168 model=chronos_t5 covariates=none instance_norm=false remove_constant=false seed=1 batch_size=32
[2026-08-28 22:55:36,918][data.dataset][INFO] - dataset config path=/fssmall/home/h61084/codes/datasets/solar/config.json applied_keys=['aggr', 'date_col', 'drop_users']
[2026-08-28 22:55:37,272][evaluation.evaluator][INFO] - evaluate dataset=solar users=137 dates=8760 windows=2192 removed_constant=0 L=504 H=168 stride=512
[2026-08-28 22:55:42,813][/fssmall/home/h61084/codes/tsfm/.venv/lib/python3.12/site-packages/chronos/chronos.py][WARNING] - We recommend keeping prediction length <= 64. The quality of longer predictions may degrade since the model is not optimized for it. 
[2026-08-28 22:55:46,577][/fssmall/home/h61084/codes/tsfm/.venv/lib/python3.12/site-packages/chronos/chronos.py][WARNING] - We recommend keeping prediction length <= 64. The quality of longer predictions may degrade since the model is not optimized for it. 
[2026-08-28 22:55:50,079][/fssmall/home/h61084/codes/tsfm/.venv/lib/python3.12/site-packages/chronos/chronos.py][WARNING] - We recommend keeping prediction length <= 64. The quality of longer predictions may degrade since the model is not optimized for it. 
[2026-08-28 22:55:53,584][/fssmall/home/h61084/codes/tsfm/.venv/lib/python3.12/site-packages/chronos/chronos.py][WARNING] - We recommend keeping prediction length <= 64. The quality of longer predictions may degrade since the model is not optimized for it. 
[2026-08-28 22:55:57,088][/fssmall/home/h61084/codes/tsfm/.venv/lib/python3.12/site-packages/chronos/chronos.py][WARNING] - We recommend keeping prediction length <= 64. The quality of longer predictions may degrade since the model is not optimized for it. 
[2026-08-28 22:56:00,592][/fssmall/home/h61084/codes/tsfm/.venv/lib/python3.12/site-packages/chronos/chronos.py][WARNING] - We recommend keeping prediction length <= 64. The quality of longer predictions may degrade since the model is not optimized for it. 
[2026-08-28 22:56:04,097][/fssmall/home/h61084/codes/tsfm/.venv/lib/python3.12/site-packages/chronos/chronos.py][WARNING] - We recommend keeping prediction length <= 64. The quality of longer predictions may degrade since the model is not optimized for it. 
[2026-08-28 22:56:07,604][/fssmall/home/h61084/codes/tsfm/.venv/lib/python3.12/site-packages/chronos/chronos.py][WARNING] - We recommend keeping prediction length <= 64. The quality of longer predictions may degrade since the model is not optimized for it. 
[2026-08-28 22:56:11,105][/fssmall/home/h61084/codes/tsfm/.venv/lib/python3.12/site-packages/chronos/chronos.py][WARNING] - We recommend keeping prediction length <= 64. The quality of longer predictions may degrade since the model is not optimized for it. 
[2026-08-28 22:56:14,612][/fssmall/home/h61084/codes/tsfm/.venv/lib/python3.12/site-packages/chronos/chronos.py][WARNING] - We recommend keeping prediction length <= 64. The quality of longer predictions may degrade since the model is not optimized for it. 
[2026-08-28 22:56:18,117][/fssmall/home/h61084/codes/tsfm/.venv/lib/python3.12/site-packages/chronos/chronos.py][WARNING] - We recommend keeping prediction length <= 64. The quality of longer predictions may degrade since the model is not optimized for it. 
[2026-08-28 22:56:21,624][/fssmall/home/h61084/codes/tsfm/.venv/lib/python3.12/site-packages/chronos/chronos.py][WARNING] - We recommend keeping prediction length <= 64. The quality of longer predictions may degrade since the model is not optimized for it. 
[2026-08-28 22:56:25,128][/fssmall/home/h61084/codes/tsfm/.venv/lib/python3.12/site-packages/chronos/chronos.py][WARNING] - We recommend keeping prediction length <= 64. The quality of longer predictions may degrade since the model is not optimized for it. 
[2026-08-28 22:56:28,639][/fssmall/home/h61084/codes/tsfm/.venv/lib/python3.12/site-packages/chronos/chronos.py][WARNING] - We recommend keeping prediction length <= 64. The quality of longer predictions may degrade since the model is not optimized for it. 
[2026-08-28 22:56:32,146][/fssmall/home/h61084/codes/tsfm/.venv/lib/python3.12/site-packages/chronos/chronos.py][WARNING] - We recommend keeping prediction length <= 64. The quality of longer predictions may degrade since the model is not optimized for it. 
[2026-08-28 22:56:35,655][/fssmall/home/h61084/codes/tsfm/.venv/lib/python3.12/site-packages/chronos/chronos.py][WARNING] - We recommend keeping prediction length <= 64. The quality of longer predictions may degrade since the model is not optimized for it. 
[2026-08-28 22:56:39,165][/fssmall/home/h61084/codes/tsfm/.venv/lib/python3.12/site-packages/chronos/chronos.py][WARNING] - We recommend keeping prediction length <= 64. The quality of longer predictions may degrade since the model is not optimized for it. 
[2026-08-28 22:56:42,675][/fssmall/home/h61084/codes/tsfm/.venv/lib/python3.12/site-packages/chronos/chronos.py][WARNING] - We recommend keeping prediction length <= 64. The quality of longer predictions may degrade since the model is not optimized for it. 
[2026-08-28 22:56:46,186][/fssmall/home/h61084/codes/tsfm/.venv/lib/python3.12/site-packages/chronos/chronos.py][WARNING] - We recommend keeping prediction length <= 64. The quality of longer predictions may degrade since the model is not optimized for it. 
[2026-08-28 22:56:49,697][/fssmall/home/h61084/codes/tsfm/.venv/lib/python3.12/site-packages/chronos/chronos.py][WARNING] - We recommend keeping prediction length <= 64. The quality of longer predictions may degrade since the model is not optimized for it. 
[2026-08-28 22:56:53,209][/fssmall/home/h61084/codes/tsfm/.venv/lib/python3.12/site-packages/chronos/chronos.py][WARNING] - We recommend keeping prediction length <= 64. The quality of longer predictions may degrade since the model is not optimized for it. 
[2026-08-28 22:56:56,719][/fssmall/home/h61084/codes/tsfm/.venv/lib/python3.12/site-packages/chronos/chronos.py][WARNING] - We recommend keeping prediction length <= 64. The quality of longer predictions may degrade since the model is not optimized for it. 
[2026-08-28 22:57:00,230][/fssmall/home/h61084/codes/tsfm/.venv/lib/python3.12/site-packages/chronos/chronos.py][WARNING] - We recommend keeping prediction length <= 64. The quality of longer predictions may degrade since the model is not optimized for it. 
[2026-08-28 22:57:03,741][/fssmall/home/h61084/codes/tsfm/.venv/lib/python3.12/site-packages/chronos/chronos.py][WARNING] - We recommend keeping prediction length <= 64. The quality of longer predictions may degrade since the model is not optimized for it. 
[2026-08-28 22:57:07,249][/fssmall/home/h61084/codes/tsfm/.venv/lib/python3.12/site-packages/chronos/chronos.py][WARNING] - We recommend keeping prediction length <= 64. The quality of longer predictions may degrade since the model is not optimized for it. 
[2026-08-28 22:57:10,758][/fssmall/home/h61084/codes/tsfm/.venv/lib/python3.12/site-packages/chronos/chronos.py][WARNING] - We recommend keeping prediction length <= 64. The quality of longer predictions may degrade since the model is not optimized for it. 
[2026-08-28 22:57:14,268][/fssmall/home/h61084/codes/tsfm/.venv/lib/python3.12/site-packages/chronos/chronos.py][WARNING] - We recommend keeping prediction length <= 64. The quality of longer predictions may degrade since the model is not optimized for it. 
[2026-08-28 22:57:17,779][/fssmall/home/h61084/codes/tsfm/.venv/lib/python3.12/site-packages/chronos/chronos.py][WARNING] - We recommend keeping prediction length <= 64. The quality of longer predictions may degrade since the model is not optimized for it. 
[2026-08-28 22:57:21,292][/fssmall/home/h61084/codes/tsfm/.venv/lib/python3.12/site-packages/chronos/chronos.py][WARNING] - We recommend keeping prediction length <= 64. The quality of longer predictions may degrade since the model is not optimized for it. 
[2026-08-28 22:57:24,801][/fssmall/home/h61084/codes/tsfm/.venv/lib/python3.12/site-packages/chronos/chronos.py][WARNING] - We recommend keeping prediction length <= 64. The quality of longer predictions may degrade since the model is not optimized for it. 
[2026-08-28 22:57:28,312][/fssmall/home/h61084/codes/tsfm/.venv/lib/python3.12/site-packages/chronos/chronos.py][WARNING] - We recommend keeping prediction length <= 64. The quality of longer predictions may degrade since the model is not optimized for it. 
[2026-08-28 22:57:31,823][/fssmall/home/h61084/codes/tsfm/.venv/lib/python3.12/site-packages/chronos/chronos.py][WARNING] - We recommend keeping prediction length <= 64. The quality of longer predictions may degrade since the model is not optimized for it. 
[2026-08-28 22:57:35,337][/fssmall/home/h61084/codes/tsfm/.venv/lib/python3.12/site-packages/chronos/chronos.py][WARNING] - We recommend keeping prediction length <= 64. The quality of longer predictions may degrade since the model is not optimized for it. 
[2026-08-28 22:57:38,848][/fssmall/home/h61084/codes/tsfm/.venv/lib/python3.12/site-packages/chronos/chronos.py][WARNING] - We recommend keeping prediction length <= 64. The quality of longer predictions may degrade since the model is not optimized for it. 
[2026-08-28 22:57:42,356][/fssmall/home/h61084/codes/tsfm/.venv/lib/python3.12/site-packages/chronos/chronos.py][WARNING] - We recommend keeping prediction length <= 64. The quality of longer predictions may degrade since the model is not optimized for it. 
[2026-08-28 22:57:45,868][/fssmall/home/h61084/codes/tsfm/.venv/lib/python3.12/site-packages/chronos/chronos.py][WARNING] - We recommend keeping prediction length <= 64. The quality of longer predictions may degrade since the model is not optimized for it. 
[2026-08-28 22:57:49,377][/fssmall/home/h61084/codes/tsfm/.venv/lib/python3.12/site-packages/chronos/chronos.py][WARNING] - We recommend keeping prediction length <= 64. The quality of longer predictions may degrade since the model is not optimized for it. 
[2026-08-28 22:57:52,889][/fssmall/home/h61084/codes/tsfm/.venv/lib/python3.12/site-packages/chronos/chronos.py][WARNING] - We recommend keeping prediction length <= 64. The quality of longer predictions may degrade since the model is not optimized for it. 
[2026-08-28 22:57:56,400][/fssmall/home/h61084/codes/tsfm/.venv/lib/python3.12/site-packages/chronos/chronos.py][WARNING] - We recommend keeping prediction length <= 64. The quality of longer predictions may degrade since the model is not optimized for it. 
[2026-08-28 22:57:59,908][/fssmall/home/h61084/codes/tsfm/.venv/lib/python3.12/site-packages/chronos/chronos.py][WARNING] - We recommend keeping prediction length <= 64. The quality of longer predictions may degrade since the model is not optimized for it. 
[2026-08-28 22:58:03,418][/fssmall/home/h61084/codes/tsfm/.venv/lib/python3.12/site-packages/chronos/chronos.py][WARNING] - We recommend keeping prediction length <= 64. The quality of longer predictions may degrade since the model is not optimized for it. 
[2026-08-28 22:58:06,927][/fssmall/home/h61084/codes/tsfm/.venv/lib/python3.12/site-packages/chronos/chronos.py][WARNING] - We recommend keeping prediction length <= 64. The quality of longer predictions may degrade since the model is not optimized for it. 
[2026-08-28 22:58:10,438][/fssmall/home/h61084/codes/tsfm/.venv/lib/python3.12/site-packages/chronos/chronos.py][WARNING] - We recommend keeping prediction length <= 64. The quality of longer predictions may degrade since the model is not optimized for it. 
[2026-08-28 22:58:13,949][/fssmall/home/h61084/codes/tsfm/.venv/lib/python3.12/site-packages/chronos/chronos.py][WARNING] - We recommend keeping prediction length <= 64. The quality of longer predictions may degrade since the model is not optimized for it. 
[2026-08-28 22:58:17,457][/fssmall/home/h61084/codes/tsfm/.venv/lib/python3.12/site-packages/chronos/chronos.py][WARNING] - We recommend keeping prediction length <= 64. The quality of longer predictions may degrade since the model is not optimized for it. 
[2026-08-28 22:58:20,970][/fssmall/home/h61084/codes/tsfm/.venv/lib/python3.12/site-packages/chronos/chronos.py][WARNING] - We recommend keeping prediction length <= 64. The quality of longer predictions may degrade since the model is not optimized for it. 
[2026-08-28 22:58:24,485][/fssmall/home/h61084/codes/tsfm/.venv/lib/python3.12/site-packages/chronos/chronos.py][WARNING] - We recommend keeping prediction length <= 64. The quality of longer predictions may degrade since the model is not optimized for it. 
[2026-08-28 22:58:27,996][/fssmall/home/h61084/codes/tsfm/.venv/lib/python3.12/site-packages/chronos/chronos.py][WARNING] - We recommend keeping prediction length <= 64. The quality of longer predictions may degrade since the model is not optimized for it. 
[2026-08-28 22:58:31,507][/fssmall/home/h61084/codes/tsfm/.venv/lib/python3.12/site-packages/chronos/chronos.py][WARNING] - We recommend keeping prediction length <= 64. The quality of longer predictions may degrade since the model is not optimized for it. 
[2026-08-28 22:58:35,020][/fssmall/home/h61084/codes/tsfm/.venv/lib/python3.12/site-packages/chronos/chronos.py][WARNING] - We recommend keeping prediction length <= 64. The quality of longer predictions may degrade since the model is not optimized for it. 
[2026-08-28 22:58:38,530][/fssmall/home/h61084/codes/tsfm/.venv/lib/python3.12/site-packages/chronos/chronos.py][WARNING] - We recommend keeping prediction length <= 64. The quality of longer predictions may degrade since the model is not optimized for it. 
[2026-08-28 22:58:42,042][/fssmall/home/h61084/codes/tsfm/.venv/lib/python3.12/site-packages/chronos/chronos.py][WARNING] - We recommend keeping prediction length <= 64. The quality of longer predictions may degrade since the model is not optimized for it. 
