2026-08-27 14:24:36 | resources data_root=auto weights_root=auto output_root=/fssmall/home/h61084/codes/tsfm/outputs_selena/univariate
2026-08-27 14:24:38 | profile mode=full datasets=electricity traffic solar exchange_rate time/cphl_h_part01 time/cphl_h_part02 time/coastal_t_s_h_part01 time/coastal_t_s_h_part02 time/coastal_t_s_h_part03 time/coastal_t_s_h_part04 time/coastal_t_s_h_part05 time/coastal_t_s_h_part06 time/coastal_t_s_h_part07 time/coastal_t_s_h_part08 time/coastal_t_s_h_part09 time/coastal_t_s_h_part10 time/coastal_t_s_h_part11 time/coastal_t_s_h_part12 time/coastal_t_s_h_part13 time/coastal_t_s_h_part14 time/coastal_t_s_h_part15 time/coastal_t_s_h_part16 time/coastal_t_s_h_part17 time/coastal_t_s_h_part18 time/coastal_t_s_h_part19 time/coastal_t_s_h_part20 time/coastal_t_s_h_part21 time/coastal_t_s_h_part22 time/coastal_t_s_h_part23 time/crypto_d time/ecdc_covid_d_part01 time/ecdc_covid_d_part02 time/ecdc_covid_d_part03 time/ecdc_covid_d_part04 time/ecdc_covid_d_part05 time/ecdc_covid_d_part06 time/ecdc_covid_d_part07 time/ne_china_wind_h time/online_retail_2_uci_d time/port_activity_d time/supply_chain_customer_d time/supply_chain_location_d time/current_velocity_h_part01 time/current_velocity_h_part02 time/current_velocity_h_part03 time/current_velocity_h_part04 time/current_velocity_h_part05 time/current_velocity_h_part06 time/current_velocity_h_part07 time/current_velocity_h_part08 time/current_velocity_h_part09 time/current_velocity_h_part10 time/current_velocity_h_part11 time/current_velocity_h_part12 time/current_velocity_h_part13 time/current_velocity_h_part14 time/current_velocity_h_part15 time/current_velocity_h_part16 time/current_velocity_h_part17 time/current_velocity_h_part18 time/current_velocity_h_part19 time/current_velocity_h_part20 time/current_velocity_h_part21 settings=168:24 336:48 504:168 7:1 14:2 30:7 tasks=189 seeds=1
2026-08-27 14:24:38 | configuration dataset=electricity L=168 H=24 model=persistence covariates=none instance_norm=true remove_constant=false seed=1 batch_size=512
[2026-08-27 14:24:41,141][data.dataset][INFO] - dataset config path=/fssmall/home/h61084/codes/datasets/electricity/config.json applied_keys=['date_col', 'drop_users']
[2026-08-27 14:24:41,800][evaluation.evaluator][INFO] - evaluate dataset=electricity users=312 dates=26304 windows=16224 removed_constant=0 L=168 H=24 stride=512
[2026-08-27 14:24:42,588][evaluation.evaluator][INFO] - artifacts ready run=/fssmall/home/h61084/codes/tsfm/outputs_selena/univariate/electricity/168_24/persistence/none/instance/keep/run_0 mse=1.10555e+08 nmse=2.1177 inference_seconds=0.020
2026-08-27 14:24:43 | configuration dataset=electricity L=168 H=24 model=expected covariates=none instance_norm=true remove_constant=false seed=1 batch_size=512
[2026-08-27 14:24:45,702][data.dataset][INFO] - dataset config path=/fssmall/home/h61084/codes/datasets/electricity/config.json applied_keys=['date_col', 'drop_users']
[2026-08-27 14:24:46,355][evaluation.evaluator][INFO] - evaluate dataset=electricity users=312 dates=26304 windows=16224 removed_constant=0 L=168 H=24 stride=512
[2026-08-27 14:24:47,145][evaluation.evaluator][INFO] - artifacts ready run=/fssmall/home/h61084/codes/tsfm/outputs_selena/univariate/electricity/168_24/expected/none/instance/keep/run_0 mse=5.84938e+07 nmse=1.52409 inference_seconds=0.019
2026-08-27 14:24:47 | configuration dataset=electricity L=168 H=24 model=repeat covariates=none instance_norm=true remove_constant=false seed=1 batch_size=512
[2026-08-27 14:24:50,269][data.dataset][INFO] - dataset config path=/fssmall/home/h61084/codes/datasets/electricity/config.json applied_keys=['date_col', 'drop_users']
[2026-08-27 14:24:50,925][evaluation.evaluator][INFO] - evaluate dataset=electricity users=312 dates=26304 windows=16224 removed_constant=0 L=168 H=24 stride=512
[2026-08-27 14:24:51,707][evaluation.evaluator][INFO] - artifacts ready run=/fssmall/home/h61084/codes/tsfm/outputs_selena/univariate/electricity/168_24/repeat/none/instance/keep/run_0 mse=2.76696e+06 nmse=0.814782 inference_seconds=0.016
2026-08-27 14:24:52 | configuration dataset=electricity L=168 H=24 model=lookback covariates=none instance_norm=true remove_constant=false seed=1 batch_size=512
[2026-08-27 14:24:54,804][data.dataset][INFO] - dataset config path=/fssmall/home/h61084/codes/datasets/electricity/config.json applied_keys=['date_col', 'drop_users']
[2026-08-27 14:24:55,413][evaluation.evaluator][INFO] - lookback weekly period=168 observations
[2026-08-27 14:24:55,458][evaluation.evaluator][INFO] - evaluate dataset=electricity users=312 dates=26304 windows=16224 removed_constant=0 L=168 H=24 stride=512
[2026-08-27 14:24:56,245][evaluation.evaluator][INFO] - artifacts ready run=/fssmall/home/h61084/codes/tsfm/outputs_selena/univariate/electricity/168_24/lookback/none/instance/keep/run_0 mse=1.18899e+07 nmse=0.79555 inference_seconds=0.016
2026-08-27 14:24:56 | configuration dataset=electricity L=168 H=24 model=chronos2 covariates=none instance_norm=true remove_constant=false seed=1 batch_size=64
[2026-08-27 14:24:59,399][data.dataset][INFO] - dataset config path=/fssmall/home/h61084/codes/datasets/electricity/config.json applied_keys=['date_col', 'drop_users']
[2026-08-27 14:25:00,046][evaluation.evaluator][INFO] - evaluate dataset=electricity users=312 dates=26304 windows=16224 removed_constant=0 L=168 H=24 stride=512
[2026-08-27 14:25:11,370][evaluation.evaluator][INFO] - artifacts ready run=/fssmall/home/h61084/codes/tsfm/outputs_selena/univariate/electricity/168_24/chronos2/none/instance/keep/run_0 mse=2.21538e+06 nmse=0.629411 inference_seconds=4.938
2026-08-27 14:25:12 | configuration dataset=electricity L=336 H=48 model=persistence covariates=none instance_norm=true remove_constant=false seed=1 batch_size=512
[2026-08-27 14:25:14,847][data.dataset][INFO] - dataset config path=/fssmall/home/h61084/codes/datasets/electricity/config.json applied_keys=['date_col', 'drop_users']
[2026-08-27 14:25:15,525][evaluation.evaluator][INFO] - evaluate dataset=electricity users=312 dates=26304 windows=15912 removed_constant=0 L=336 H=48 stride=512
[2026-08-27 14:25:16,304][evaluation.evaluator][INFO] - artifacts ready run=/fssmall/home/h61084/codes/tsfm/outputs_selena/univariate/electricity/336_48/persistence/none/instance/keep/run_0 mse=9.33402e+07 nmse=1.65156 inference_seconds=0.019
2026-08-27 14:25:16 | configuration dataset=electricity L=336 H=48 model=expected covariates=none instance_norm=true remove_constant=false seed=1 batch_size=512
[2026-08-27 14:25:19,461][data.dataset][INFO] - dataset config path=/fssmall/home/h61084/codes/datasets/electricity/config.json applied_keys=['date_col', 'drop_users']
[2026-08-27 14:25:20,134][evaluation.evaluator][INFO] - evaluate dataset=electricity users=312 dates=26304 windows=15912 removed_constant=0 L=336 H=48 stride=512
[2026-08-27 14:25:20,908][evaluation.evaluator][INFO] - artifacts ready run=/fssmall/home/h61084/codes/tsfm/outputs_selena/univariate/electricity/336_48/expected/none/instance/keep/run_0 mse=5.06461e+07 nmse=1.06607 inference_seconds=0.019
2026-08-27 14:25:21 | configuration dataset=electricity L=336 H=48 model=repeat covariates=none instance_norm=true remove_constant=false seed=1 batch_size=512
[2026-08-27 14:25:24,069][data.dataset][INFO] - dataset config path=/fssmall/home/h61084/codes/datasets/electricity/config.json applied_keys=['date_col', 'drop_users']
[2026-08-27 14:25:24,740][evaluation.evaluator][INFO] - evaluate dataset=electricity users=312 dates=26304 windows=15912 removed_constant=0 L=336 H=48 stride=512
[2026-08-27 14:25:25,504][evaluation.evaluator][INFO] - artifacts ready run=/fssmall/home/h61084/codes/tsfm/outputs_selena/univariate/electricity/336_48/repeat/none/instance/keep/run_0 mse=3.30519e+06 nmse=0.453883 inference_seconds=0.016
2026-08-27 14:25:26 | configuration dataset=electricity L=336 H=48 model=lookback covariates=none instance_norm=true remove_constant=false seed=1 batch_size=512
[2026-08-27 14:25:28,666][data.dataset][INFO] - dataset config path=/fssmall/home/h61084/codes/datasets/electricity/config.json applied_keys=['date_col', 'drop_users']
[2026-08-27 14:25:29,274][evaluation.evaluator][INFO] - lookback weekly period=168 observations
[2026-08-27 14:25:29,343][evaluation.evaluator][INFO] - evaluate dataset=electricity users=312 dates=26304 windows=15912 removed_constant=0 L=336 H=48 stride=512
[2026-08-27 14:25:30,111][evaluation.evaluator][INFO] - artifacts ready run=/fssmall/home/h61084/codes/tsfm/outputs_selena/univariate/electricity/336_48/lookback/none/instance/keep/run_0 mse=7.85525e+06 nmse=0.336237 inference_seconds=0.016
2026-08-27 14:25:30 | configuration dataset=electricity L=336 H=48 model=chronos2 covariates=none instance_norm=true remove_constant=false seed=1 batch_size=64
[2026-08-27 14:25:33,374][data.dataset][INFO] - dataset config path=/fssmall/home/h61084/codes/datasets/electricity/config.json applied_keys=['date_col', 'drop_users']
[2026-08-27 14:25:34,058][evaluation.evaluator][INFO] - evaluate dataset=electricity users=312 dates=26304 windows=15912 removed_constant=0 L=336 H=48 stride=512
[2026-08-27 14:25:46,044][evaluation.evaluator][INFO] - artifacts ready run=/fssmall/home/h61084/codes/tsfm/outputs_selena/univariate/electricity/336_48/chronos2/none/instance/keep/run_0 mse=1.83507e+06 nmse=0.175698 inference_seconds=5.682
2026-08-27 14:25:46 | configuration dataset=electricity L=504 H=168 model=persistence covariates=none instance_norm=true remove_constant=false seed=1 batch_size=512
[2026-08-27 14:25:49,542][data.dataset][INFO] - dataset config path=/fssmall/home/h61084/codes/datasets/electricity/config.json applied_keys=['date_col', 'drop_users']
[2026-08-27 14:25:50,237][evaluation.evaluator][INFO] - skip complete run=/fssmall/home/h61084/codes/tsfm/outputs_selena/univariate/electricity/504_168/persistence/none/instance/keep/run_0
2026-08-27 14:25:50 | configuration dataset=electricity L=504 H=168 model=expected covariates=none instance_norm=true remove_constant=false seed=1 batch_size=512
[2026-08-27 14:25:53,303][data.dataset][INFO] - dataset config path=/fssmall/home/h61084/codes/datasets/electricity/config.json applied_keys=['date_col', 'drop_users']
[2026-08-27 14:25:54,004][evaluation.evaluator][INFO] - skip complete run=/fssmall/home/h61084/codes/tsfm/outputs_selena/univariate/electricity/504_168/expected/none/instance/keep/run_0
2026-08-27 14:25:54 | configuration dataset=electricity L=504 H=168 model=repeat covariates=none instance_norm=true remove_constant=false seed=1 batch_size=512
[2026-08-27 14:25:57,047][data.dataset][INFO] - dataset config path=/fssmall/home/h61084/codes/datasets/electricity/config.json applied_keys=['date_col', 'drop_users']
[2026-08-27 14:25:57,743][evaluation.evaluator][INFO] - skip complete run=/fssmall/home/h61084/codes/tsfm/outputs_selena/univariate/electricity/504_168/repeat/none/instance/keep/run_0
2026-08-27 14:25:58 | configuration dataset=electricity L=504 H=168 model=lookback covariates=none instance_norm=true remove_constant=false seed=1 batch_size=512
[2026-08-27 14:26:00,783][data.dataset][INFO] - dataset config path=/fssmall/home/h61084/codes/datasets/electricity/config.json applied_keys=['date_col', 'drop_users']
[2026-08-27 14:26:01,412][evaluation.evaluator][INFO] - lookback weekly period=168 observations
[2026-08-27 14:26:01,504][evaluation.evaluator][INFO] - skip complete run=/fssmall/home/h61084/codes/tsfm/outputs_selena/univariate/electricity/504_168/lookback/none/instance/keep/run_0
2026-08-27 14:26:01 | configuration dataset=electricity L=504 H=168 model=chronos2 covariates=none instance_norm=true remove_constant=false seed=1 batch_size=64
[2026-08-27 14:26:04,540][data.dataset][INFO] - dataset config path=/fssmall/home/h61084/codes/datasets/electricity/config.json applied_keys=['date_col', 'drop_users']
[2026-08-27 14:26:05,246][evaluation.evaluator][INFO] - skip complete run=/fssmall/home/h61084/codes/tsfm/outputs_selena/univariate/electricity/504_168/chronos2/none/instance/keep/run_0
2026-08-27 14:26:05 | configuration dataset=traffic L=168 H=24 model=persistence covariates=none instance_norm=true remove_constant=false seed=1 batch_size=512
[2026-08-27 14:26:08,283][data.dataset][INFO] - dataset config path=/fssmall/home/h61084/codes/datasets/traffic/config.json applied_keys=['date_col', 'drop_users']
[2026-08-27 14:26:09,318][evaluation.evaluator][INFO] - evaluate dataset=traffic users=860 dates=17544 windows=29240 removed_constant=0 L=168 H=24 stride=512
[2026-08-27 14:26:10,567][evaluation.evaluator][INFO] - artifacts ready run=/fssmall/home/h61084/codes/tsfm/outputs_selena/univariate/traffic/168_24/persistence/none/instance/keep/run_0 mse=0.00531972 nmse=2.25445 inference_seconds=0.022
2026-08-27 14:26:11 | configuration dataset=traffic L=168 H=24 model=expected covariates=none instance_norm=true remove_constant=false seed=1 batch_size=512
[2026-08-27 14:26:13,702][data.dataset][INFO] - dataset config path=/fssmall/home/h61084/codes/datasets/traffic/config.json applied_keys=['date_col', 'drop_users']
[2026-08-27 14:26:14,658][evaluation.evaluator][INFO] - evaluate dataset=traffic users=860 dates=17544 windows=29240 removed_constant=0 L=168 H=24 stride=512
[2026-08-27 14:26:15,911][evaluation.evaluator][INFO] - artifacts ready run=/fssmall/home/h61084/codes/tsfm/outputs_selena/univariate/traffic/168_24/expected/none/instance/keep/run_0 mse=0.00231445 nmse=1.02653 inference_seconds=0.022
2026-08-27 14:26:16 | configuration dataset=traffic L=168 H=24 model=repeat covariates=none instance_norm=true remove_constant=false seed=1 batch_size=512
[2026-08-27 14:26:19,058][data.dataset][INFO] - dataset config path=/fssmall/home/h61084/codes/datasets/traffic/config.json applied_keys=['date_col', 'drop_users']
[2026-08-27 14:26:20,027][evaluation.evaluator][INFO] - evaluate dataset=traffic users=860 dates=17544 windows=29240 removed_constant=0 L=168 H=24 stride=512
[2026-08-27 14:26:21,291][evaluation.evaluator][INFO] - artifacts ready run=/fssmall/home/h61084/codes/tsfm/outputs_selena/univariate/traffic/168_24/repeat/none/instance/keep/run_0 mse=0.00138423 nmse=0.534727 inference_seconds=0.019
2026-08-27 14:26:21 | configuration dataset=traffic L=168 H=24 model=lookback covariates=none instance_norm=true remove_constant=false seed=1 batch_size=512
[2026-08-27 14:26:24,450][data.dataset][INFO] - dataset config path=/fssmall/home/h61084/codes/datasets/traffic/config.json applied_keys=['date_col', 'drop_users']
[2026-08-27 14:26:25,365][evaluation.evaluator][INFO] - lookback weekly period=168 observations
[2026-08-27 14:26:25,434][evaluation.evaluator][INFO] - evaluate dataset=traffic users=860 dates=17544 windows=29240 removed_constant=0 L=168 H=24 stride=512
[2026-08-27 14:26:26,706][evaluation.evaluator][INFO] - artifacts ready run=/fssmall/home/h61084/codes/tsfm/outputs_selena/univariate/traffic/168_24/lookback/none/instance/keep/run_0 mse=0.00100693 nmse=0.406265 inference_seconds=0.019
2026-08-27 14:26:27 | configuration dataset=traffic L=168 H=24 model=chronos2 covariates=none instance_norm=true remove_constant=false seed=1 batch_size=64
[2026-08-27 14:26:29,882][data.dataset][INFO] - dataset config path=/fssmall/home/h61084/codes/datasets/traffic/config.json applied_keys=['date_col', 'drop_users']
[2026-08-27 14:26:30,852][evaluation.evaluator][INFO] - evaluate dataset=traffic users=860 dates=17544 windows=29240 removed_constant=0 L=168 H=24 stride=512
[2026-08-27 14:26:46,367][evaluation.evaluator][INFO] - artifacts ready run=/fssmall/home/h61084/codes/tsfm/outputs_selena/univariate/traffic/168_24/chronos2/none/instance/keep/run_0 mse=0.000532708 nmse=0.228433 inference_seconds=8.823
2026-08-27 14:26:47 | configuration dataset=traffic L=336 H=48 model=persistence covariates=none instance_norm=true remove_constant=false seed=1 batch_size=512
[2026-08-27 14:26:49,872][data.dataset][INFO] - dataset config path=/fssmall/home/h61084/codes/datasets/traffic/config.json applied_keys=['date_col', 'drop_users']
[2026-08-27 14:26:50,897][evaluation.evaluator][INFO] - evaluate dataset=traffic users=860 dates=17544 windows=29240 removed_constant=0 L=336 H=48 stride=512
[2026-08-27 14:26:52,178][evaluation.evaluator][INFO] - artifacts ready run=/fssmall/home/h61084/codes/tsfm/outputs_selena/univariate/traffic/336_48/persistence/none/instance/keep/run_0 mse=0.00573449 nmse=2.38432 inference_seconds=0.022
2026-08-27 14:26:52 | configuration dataset=traffic L=336 H=48 model=expected covariates=none instance_norm=true remove_constant=false seed=1 batch_size=512
[2026-08-27 14:26:55,343][data.dataset][INFO] - dataset config path=/fssmall/home/h61084/codes/datasets/traffic/config.json applied_keys=['date_col', 'drop_users']
[2026-08-27 14:26:56,358][evaluation.evaluator][INFO] - evaluate dataset=traffic users=860 dates=17544 windows=29240 removed_constant=0 L=336 H=48 stride=512
[2026-08-27 14:26:57,635][evaluation.evaluator][INFO] - artifacts ready run=/fssmall/home/h61084/codes/tsfm/outputs_selena/univariate/traffic/336_48/expected/none/instance/keep/run_0 mse=0.00237112 nmse=1.04062 inference_seconds=0.022
2026-08-27 14:26:58 | configuration dataset=traffic L=336 H=48 model=repeat covariates=none instance_norm=true remove_constant=false seed=1 batch_size=512
[2026-08-27 14:27:00,787][data.dataset][INFO] - dataset config path=/fssmall/home/h61084/codes/datasets/traffic/config.json applied_keys=['date_col', 'drop_users']
[2026-08-27 14:27:01,850][evaluation.evaluator][INFO] - evaluate dataset=traffic users=860 dates=17544 windows=29240 removed_constant=0 L=336 H=48 stride=512
[2026-08-27 14:27:03,120][evaluation.evaluator][INFO] - artifacts ready run=/fssmall/home/h61084/codes/tsfm/outputs_selena/univariate/traffic/336_48/repeat/none/instance/keep/run_0 mse=0.00224834 nmse=0.858709 inference_seconds=0.019
2026-08-27 14:27:03 | configuration dataset=traffic L=336 H=48 model=lookback covariates=none instance_norm=true remove_constant=false seed=1 batch_size=512
[2026-08-27 14:27:06,258][data.dataset][INFO] - dataset config path=/fssmall/home/h61084/codes/datasets/traffic/config.json applied_keys=['date_col', 'drop_users']
[2026-08-27 14:27:07,200][evaluation.evaluator][INFO] - lookback weekly period=168 observations
[2026-08-27 14:27:07,316][evaluation.evaluator][INFO] - evaluate dataset=traffic users=860 dates=17544 windows=29240 removed_constant=0 L=336 H=48 stride=512
[2026-08-27 14:27:08,585][evaluation.evaluator][INFO] - artifacts ready run=/fssmall/home/h61084/codes/tsfm/outputs_selena/univariate/traffic/336_48/lookback/none/instance/keep/run_0 mse=0.00103955 nmse=0.424575 inference_seconds=0.019
2026-08-27 14:27:09 | configuration dataset=traffic L=336 H=48 model=chronos2 covariates=none instance_norm=true remove_constant=false seed=1 batch_size=64
[2026-08-27 14:27:11,758][data.dataset][INFO] - dataset config path=/fssmall/home/h61084/codes/datasets/traffic/config.json applied_keys=['date_col', 'drop_users']
[2026-08-27 14:27:12,773][evaluation.evaluator][INFO] - evaluate dataset=traffic users=860 dates=17544 windows=29240 removed_constant=0 L=336 H=48 stride=512
[2026-08-27 14:27:29,953][evaluation.evaluator][INFO] - artifacts ready run=/fssmall/home/h61084/codes/tsfm/outputs_selena/univariate/traffic/336_48/chronos2/none/instance/keep/run_0 mse=0.000678069 nmse=0.29182 inference_seconds=10.416
2026-08-27 14:27:30 | configuration dataset=traffic L=504 H=168 model=persistence covariates=none instance_norm=true remove_constant=false seed=1 batch_size=512
[2026-08-27 14:27:33,530][data.dataset][INFO] - dataset config path=/fssmall/home/h61084/codes/datasets/traffic/config.json applied_keys=['date_col', 'drop_users']
[2026-08-27 14:27:34,604][evaluation.evaluator][INFO] - evaluate dataset=traffic users=860 dates=17544 windows=28380 removed_constant=0 L=504 H=168 stride=512
[2026-08-27 14:27:35,925][evaluation.evaluator][INFO] - artifacts ready run=/fssmall/home/h61084/codes/tsfm/outputs_selena/univariate/traffic/504_168/persistence/none/instance/keep/run_0 mse=0.00610921 nmse=2.4774 inference_seconds=0.022
2026-08-27 14:27:36 | configuration dataset=traffic L=504 H=168 model=expected covariates=none instance_norm=true remove_constant=false seed=1 batch_size=512
[2026-08-27 14:27:39,102][data.dataset][INFO] - dataset config path=/fssmall/home/h61084/codes/datasets/traffic/config.json applied_keys=['date_col', 'drop_users']
[2026-08-27 14:27:40,159][evaluation.evaluator][INFO] - evaluate dataset=traffic users=860 dates=17544 windows=28380 removed_constant=0 L=504 H=168 stride=512
[2026-08-27 14:27:41,482][evaluation.evaluator][INFO] - artifacts ready run=/fssmall/home/h61084/codes/tsfm/outputs_selena/univariate/traffic/504_168/expected/none/instance/keep/run_0 mse=0.00253354 nmse=1.0835 inference_seconds=0.022
2026-08-27 14:27:42 | configuration dataset=traffic L=504 H=168 model=repeat covariates=none instance_norm=true remove_constant=false seed=1 batch_size=512
[2026-08-27 14:27:44,677][data.dataset][INFO] - dataset config path=/fssmall/home/h61084/codes/datasets/traffic/config.json applied_keys=['date_col', 'drop_users']
[2026-08-27 14:27:45,748][evaluation.evaluator][INFO] - evaluate dataset=traffic users=860 dates=17544 windows=28380 removed_constant=0 L=504 H=168 stride=512
[2026-08-27 14:27:47,078][evaluation.evaluator][INFO] - artifacts ready run=/fssmall/home/h61084/codes/tsfm/outputs_selena/univariate/traffic/504_168/repeat/none/instance/keep/run_0 mse=0.000921326 nmse=0.386802 inference_seconds=0.019
2026-08-27 14:27:47 | configuration dataset=traffic L=504 H=168 model=lookback covariates=none instance_norm=true remove_constant=false seed=1 batch_size=512
[2026-08-27 14:27:50,244][data.dataset][INFO] - dataset config path=/fssmall/home/h61084/codes/datasets/traffic/config.json applied_keys=['date_col', 'drop_users']
[2026-08-27 14:27:51,150][evaluation.evaluator][INFO] - lookback weekly period=168 observations
[2026-08-27 14:27:51,307][evaluation.evaluator][INFO] - evaluate dataset=traffic users=860 dates=17544 windows=28380 removed_constant=0 L=504 H=168 stride=512
[2026-08-27 14:27:52,632][evaluation.evaluator][INFO] - artifacts ready run=/fssmall/home/h61084/codes/tsfm/outputs_selena/univariate/traffic/504_168/lookback/none/instance/keep/run_0 mse=0.000921326 nmse=0.386802 inference_seconds=0.019
2026-08-27 14:27:53 | configuration dataset=traffic L=504 H=168 model=chronos2 covariates=none instance_norm=true remove_constant=false seed=1 batch_size=64
[2026-08-27 14:27:55,887][data.dataset][INFO] - dataset config path=/fssmall/home/h61084/codes/datasets/traffic/config.json applied_keys=['date_col', 'drop_users']
[2026-08-27 14:27:56,950][evaluation.evaluator][INFO] - evaluate dataset=traffic users=860 dates=17544 windows=28380 removed_constant=0 L=504 H=168 stride=512
[2026-08-27 14:28:16,175][evaluation.evaluator][INFO] - artifacts ready run=/fssmall/home/h61084/codes/tsfm/outputs_selena/univariate/traffic/504_168/chronos2/none/instance/keep/run_0 mse=0.000560491 nmse=0.243296 inference_seconds=12.397
2026-08-27 14:28:17 | configuration dataset=solar L=168 H=24 model=persistence covariates=none instance_norm=true remove_constant=false seed=1 batch_size=512
[2026-08-27 14:28:19,743][data.dataset][INFO] - dataset config path=/fssmall/home/h61084/codes/datasets/solar/config.json applied_keys=['aggr', 'date_col', 'drop_users']
[2026-08-27 14:28:20,119][evaluation.evaluator][INFO] - evaluate dataset=solar users=137 dates=8760 windows=2329 removed_constant=0 L=168 H=24 stride=512
[2026-08-27 14:28:20,420][evaluation.evaluator][INFO] - artifacts ready run=/fssmall/home/h61084/codes/tsfm/outputs_selena/univariate/solar/168_24/persistence/none/instance/keep/run_0 mse=4813.24 nmse=1.38495 inference_seconds=0.022
2026-08-27 14:28:21 | configuration dataset=solar L=168 H=24 model=expected covariates=none instance_norm=true remove_constant=false seed=1 batch_size=512
[2026-08-27 14:28:23,557][data.dataset][INFO] - dataset config path=/fssmall/home/h61084/codes/datasets/solar/config.json applied_keys=['aggr', 'date_col', 'drop_users']
[2026-08-27 14:28:23,902][evaluation.evaluator][INFO] - evaluate dataset=solar users=137 dates=8760 windows=2329 removed_constant=0 L=168 H=24 stride=512
[2026-08-27 14:28:24,201][evaluation.evaluator][INFO] - artifacts ready run=/fssmall/home/h61084/codes/tsfm/outputs_selena/univariate/solar/168_24/expected/none/instance/keep/run_0 mse=3350.15 nmse=1.00608 inference_seconds=0.024
2026-08-27 14:28:24 | configuration dataset=solar L=168 H=24 model=repeat covariates=none instance_norm=true remove_constant=false seed=1 batch_size=512
[2026-08-27 14:28:27,358][data.dataset][INFO] - dataset config path=/fssmall/home/h61084/codes/datasets/solar/config.json applied_keys=['aggr', 'date_col', 'drop_users']
[2026-08-27 14:28:27,714][evaluation.evaluator][INFO] - evaluate dataset=solar users=137 dates=8760 windows=2329 removed_constant=0 L=168 H=24 stride=512
[2026-08-27 14:28:28,007][evaluation.evaluator][INFO] - artifacts ready run=/fssmall/home/h61084/codes/tsfm/outputs_selena/univariate/solar/168_24/repeat/none/instance/keep/run_0 mse=656.779 nmse=0.18874 inference_seconds=0.018
2026-08-27 14:28:28 | configuration dataset=solar L=168 H=24 model=lookback covariates=none instance_norm=true remove_constant=false seed=1 batch_size=512
[2026-08-27 14:28:31,184][data.dataset][INFO] - dataset config path=/fssmall/home/h61084/codes/datasets/solar/config.json applied_keys=['aggr', 'date_col', 'drop_users']
[2026-08-27 14:28:31,515][evaluation.evaluator][INFO] - lookback weekly period=168 observations
[2026-08-27 14:28:31,534][evaluation.evaluator][INFO] - evaluate dataset=solar users=137 dates=8760 windows=2329 removed_constant=0 L=168 H=24 stride=512
[2026-08-27 14:28:31,837][evaluation.evaluator][INFO] - artifacts ready run=/fssmall/home/h61084/codes/tsfm/outputs_selena/univariate/solar/168_24/lookback/none/instance/keep/run_0 mse=1425.29 nmse=0.467859 inference_seconds=0.019
2026-08-27 14:28:32 | configuration dataset=solar L=168 H=24 model=chronos2 covariates=none instance_norm=true remove_constant=false seed=1 batch_size=64
[2026-08-27 14:28:35,040][data.dataset][INFO] - dataset config path=/fssmall/home/h61084/codes/datasets/solar/config.json applied_keys=['aggr', 'date_col', 'drop_users']
[2026-08-27 14:28:35,386][evaluation.evaluator][INFO] - evaluate dataset=solar users=137 dates=8760 windows=2329 removed_constant=0 L=168 H=24 stride=512
[2026-08-27 14:28:41,967][evaluation.evaluator][INFO] - artifacts ready run=/fssmall/home/h61084/codes/tsfm/outputs_selena/univariate/solar/168_24/chronos2/none/instance/keep/run_0 mse=465.766 nmse=0.136841 inference_seconds=0.868
2026-08-27 14:28:42 | configuration dataset=solar L=336 H=48 model=persistence covariates=none instance_norm=true remove_constant=false seed=1 batch_size=512
[2026-08-27 14:28:45,483][data.dataset][INFO] - dataset config path=/fssmall/home/h61084/codes/datasets/solar/config.json applied_keys=['aggr', 'date_col', 'drop_users']
[2026-08-27 14:28:45,834][evaluation.evaluator][INFO] - evaluate dataset=solar users=137 dates=8760 windows=2329 removed_constant=0 L=336 H=48 stride=512
[2026-08-27 14:28:46,135][evaluation.evaluator][INFO] - artifacts ready run=/fssmall/home/h61084/codes/tsfm/outputs_selena/univariate/solar/336_48/persistence/none/instance/keep/run_0 mse=4698.11 nmse=1.36802 inference_seconds=0.025
2026-08-27 14:28:46 | configuration dataset=solar L=336 H=48 model=expected covariates=none instance_norm=true remove_constant=false seed=1 batch_size=512
[2026-08-27 14:28:49,344][data.dataset][INFO] - dataset config path=/fssmall/home/h61084/codes/datasets/solar/config.json applied_keys=['aggr', 'date_col', 'drop_users']
[2026-08-27 14:28:49,692][evaluation.evaluator][INFO] - evaluate dataset=solar users=137 dates=8760 windows=2329 removed_constant=0 L=336 H=48 stride=512
[2026-08-27 14:28:49,998][evaluation.evaluator][INFO] - artifacts ready run=/fssmall/home/h61084/codes/tsfm/outputs_selena/univariate/solar/336_48/expected/none/instance/keep/run_0 mse=3265.69 nmse=0.980237 inference_seconds=0.023
2026-08-27 14:28:50 | configuration dataset=solar L=336 H=48 model=repeat covariates=none instance_norm=true remove_constant=false seed=1 batch_size=512
[2026-08-27 14:28:53,223][data.dataset][INFO] - dataset config path=/fssmall/home/h61084/codes/datasets/solar/config.json applied_keys=['aggr', 'date_col', 'drop_users']
[2026-08-27 14:28:53,568][evaluation.evaluator][INFO] - evaluate dataset=solar users=137 dates=8760 windows=2329 removed_constant=0 L=336 H=48 stride=512
[2026-08-27 14:28:53,878][evaluation.evaluator][INFO] - artifacts ready run=/fssmall/home/h61084/codes/tsfm/outputs_selena/univariate/solar/336_48/repeat/none/instance/keep/run_0 mse=1527.98 nmse=0.510769 inference_seconds=0.020
2026-08-27 14:28:54 | configuration dataset=solar L=336 H=48 model=lookback covariates=none instance_norm=true remove_constant=false seed=1 batch_size=512
[2026-08-27 14:28:57,107][data.dataset][INFO] - dataset config path=/fssmall/home/h61084/codes/datasets/solar/config.json applied_keys=['aggr', 'date_col', 'drop_users']
[2026-08-27 14:28:57,433][evaluation.evaluator][INFO] - lookback weekly period=168 observations
[2026-08-27 14:28:57,454][evaluation.evaluator][INFO] - evaluate dataset=solar users=137 dates=8760 windows=2329 removed_constant=0 L=336 H=48 stride=512
[2026-08-27 14:28:57,774][evaluation.evaluator][INFO] - artifacts ready run=/fssmall/home/h61084/codes/tsfm/outputs_selena/univariate/solar/336_48/lookback/none/instance/keep/run_0 mse=1337.11 nmse=0.425381 inference_seconds=0.019
2026-08-27 14:28:58 | configuration dataset=solar L=336 H=48 model=chronos2 covariates=none instance_norm=true remove_constant=false seed=1 batch_size=64
[2026-08-27 14:29:00,951][data.dataset][INFO] - dataset config path=/fssmall/home/h61084/codes/datasets/solar/config.json applied_keys=['aggr', 'date_col', 'drop_users']
[2026-08-27 14:29:01,308][evaluation.evaluator][INFO] - evaluate dataset=solar users=137 dates=8760 windows=2329 removed_constant=0 L=336 H=48 stride=512
[2026-08-27 14:29:07,906][evaluation.evaluator][INFO] - artifacts ready run=/fssmall/home/h61084/codes/tsfm/outputs_selena/univariate/solar/336_48/chronos2/none/instance/keep/run_0 mse=621.869 nmse=0.210395 inference_seconds=0.989
2026-08-27 14:29:08 | configuration dataset=solar L=504 H=168 model=persistence covariates=none instance_norm=true remove_constant=false seed=1 batch_size=512
[2026-08-27 14:29:11,439][data.dataset][INFO] - dataset config path=/fssmall/home/h61084/codes/datasets/solar/config.json applied_keys=['aggr', 'date_col', 'drop_users']
[2026-08-27 14:29:11,790][evaluation.evaluator][INFO] - evaluate dataset=solar users=137 dates=8760 windows=2192 removed_constant=0 L=504 H=168 stride=512
[2026-08-27 14:29:12,102][evaluation.evaluator][INFO] - artifacts ready run=/fssmall/home/h61084/codes/tsfm/outputs_selena/univariate/solar/504_168/persistence/none/instance/keep/run_0 mse=4929.32 nmse=1.4312 inference_seconds=0.023
2026-08-27 14:29:12 | configuration dataset=solar L=504 H=168 model=expected covariates=none instance_norm=true remove_constant=false seed=1 batch_size=512
[2026-08-27 14:29:15,293][data.dataset][INFO] - dataset config path=/fssmall/home/h61084/codes/datasets/solar/config.json applied_keys=['aggr', 'date_col', 'drop_users']
[2026-08-27 14:29:15,650][evaluation.evaluator][INFO] - evaluate dataset=solar users=137 dates=8760 windows=2192 removed_constant=0 L=504 H=168 stride=512
[2026-08-27 14:29:15,973][evaluation.evaluator][INFO] - artifacts ready run=/fssmall/home/h61084/codes/tsfm/outputs_selena/univariate/solar/504_168/expected/none/instance/keep/run_0 mse=3446.46 nmse=1.03301 inference_seconds=0.023
2026-08-27 14:29:16 | configuration dataset=solar L=504 H=168 model=repeat covariates=none instance_norm=true remove_constant=false seed=1 batch_size=512
[2026-08-27 14:29:19,162][data.dataset][INFO] - dataset config path=/fssmall/home/h61084/codes/datasets/solar/config.json applied_keys=['aggr', 'date_col', 'drop_users']
[2026-08-27 14:29:19,512][evaluation.evaluator][INFO] - evaluate dataset=solar users=137 dates=8760 windows=2192 removed_constant=0 L=504 H=168 stride=512
[2026-08-27 14:29:19,808][evaluation.evaluator][INFO] - artifacts ready run=/fssmall/home/h61084/codes/tsfm/outputs_selena/univariate/solar/504_168/repeat/none/instance/keep/run_0 mse=1090.16 nmse=0.339322 inference_seconds=0.016
2026-08-27 14:29:20 | configuration dataset=solar L=504 H=168 model=lookback covariates=none instance_norm=true remove_constant=false seed=1 batch_size=512
[2026-08-27 14:29:23,044][data.dataset][INFO] - dataset config path=/fssmall/home/h61084/codes/datasets/solar/config.json applied_keys=['aggr', 'date_col', 'drop_users']
[2026-08-27 14:29:23,376][evaluation.evaluator][INFO] - lookback weekly period=168 observations
[2026-08-27 14:29:23,400][evaluation.evaluator][INFO] - evaluate dataset=solar users=137 dates=8760 windows=2192 removed_constant=0 L=504 H=168 stride=512
[2026-08-27 14:29:23,699][evaluation.evaluator][INFO] - artifacts ready run=/fssmall/home/h61084/codes/tsfm/outputs_selena/univariate/solar/504_168/lookback/none/instance/keep/run_0 mse=1090.16 nmse=0.339322 inference_seconds=0.021
2026-08-27 14:29:24 | configuration dataset=solar L=504 H=168 model=chronos2 covariates=none instance_norm=true remove_constant=false seed=1 batch_size=64
[2026-08-27 14:29:26,940][data.dataset][INFO] - dataset config path=/fssmall/home/h61084/codes/datasets/solar/config.json applied_keys=['aggr', 'date_col', 'drop_users']
[2026-08-27 14:29:27,296][evaluation.evaluator][INFO] - evaluate dataset=solar users=137 dates=8760 windows=2192 removed_constant=0 L=504 H=168 stride=512
[2026-08-27 14:29:34,030][evaluation.evaluator][INFO] - artifacts ready run=/fssmall/home/h61084/codes/tsfm/outputs_selena/univariate/solar/504_168/chronos2/none/instance/keep/run_0 mse=536.797 nmse=0.165388 inference_seconds=1.120
2026-08-27 14:29:35 | configuration dataset=exchange_rate L=7 H=1 model=persistence covariates=none instance_norm=true remove_constant=false seed=1 batch_size=512
[2026-08-27 14:29:37,629][data.dataset][INFO] - dataset config path=/fssmall/home/h61084/codes/datasets/exchange_rate/config.json applied_keys=['date_col', 'drop_users']
[2026-08-27 14:29:37,656][evaluation.evaluator][INFO] - evaluate dataset=exchange_rate users=8 dates=7588 windows=120 removed_constant=0 L=7 H=1 stride=512
[2026-08-27 14:29:37,902][evaluation.evaluator][INFO] - artifacts ready run=/fssmall/home/h61084/codes/tsfm/outputs_selena/univariate/exchange_rate/7_1/persistence/none/instance/keep/run_0 mse=1.04955e-05 nmse=2.928 inference_seconds=0.025
2026-08-27 14:29:38 | configuration dataset=exchange_rate L=7 H=1 model=expected covariates=none instance_norm=true remove_constant=false seed=1 batch_size=512
[2026-08-27 14:29:41,103][data.dataset][INFO] - dataset config path=/fssmall/home/h61084/codes/datasets/exchange_rate/config.json applied_keys=['date_col', 'drop_users']
[2026-08-27 14:29:41,127][evaluation.evaluator][INFO] - evaluate dataset=exchange_rate users=8 dates=7588 windows=120 removed_constant=0 L=7 H=1 stride=512
[2026-08-27 14:29:41,354][evaluation.evaluator][INFO] - artifacts ready run=/fssmall/home/h61084/codes/tsfm/outputs_selena/univariate/exchange_rate/7_1/expected/none/instance/keep/run_0 mse=4.01505e-05 nmse=3.95462 inference_seconds=0.021
2026-08-27 14:29:41 | configuration dataset=exchange_rate L=7 H=1 model=repeat covariates=none instance_norm=true remove_constant=false seed=1 batch_size=512
[2026-08-27 14:29:44,604][data.dataset][INFO] - dataset config path=/fssmall/home/h61084/codes/datasets/exchange_rate/config.json applied_keys=['date_col', 'drop_users']
[2026-08-27 14:29:44,627][evaluation.evaluator][INFO] - evaluate dataset=exchange_rate users=8 dates=7588 windows=120 removed_constant=0 L=7 H=1 stride=512
[2026-08-27 14:29:44,856][evaluation.evaluator][INFO] - artifacts ready run=/fssmall/home/h61084/codes/tsfm/outputs_selena/univariate/exchange_rate/7_1/repeat/none/instance/keep/run_0 mse=1.04955e-05 nmse=2.928 inference_seconds=0.020
2026-08-27 14:29:45 | configuration dataset=exchange_rate L=7 H=1 model=lookback covariates=none instance_norm=true remove_constant=false seed=1 batch_size=512
[2026-08-27 14:29:48,078][data.dataset][INFO] - dataset config path=/fssmall/home/h61084/codes/datasets/exchange_rate/config.json applied_keys=['date_col', 'drop_users']
[2026-08-27 14:29:48,090][evaluation.evaluator][INFO] - lookback weekly period=7 observations
[2026-08-27 14:29:48,103][evaluation.evaluator][INFO] - evaluate dataset=exchange_rate users=8 dates=7588 windows=120 removed_constant=0 L=7 H=1 stride=512
[2026-08-27 14:29:48,370][evaluation.evaluator][INFO] - artifacts ready run=/fssmall/home/h61084/codes/tsfm/outputs_selena/univariate/exchange_rate/7_1/lookback/none/instance/keep/run_0 mse=0.000118752 nmse=5.90845 inference_seconds=0.022
2026-08-27 14:29:49 | configuration dataset=exchange_rate L=7 H=1 model=chronos2 covariates=none instance_norm=true remove_constant=false seed=1 batch_size=64
[2026-08-27 14:29:51,625][data.dataset][INFO] - dataset config path=/fssmall/home/h61084/codes/datasets/exchange_rate/config.json applied_keys=['date_col', 'drop_users']
[2026-08-27 14:29:51,649][evaluation.evaluator][INFO] - evaluate dataset=exchange_rate users=8 dates=7588 windows=120 removed_constant=0 L=7 H=1 stride=512
[2026-08-27 14:29:57,323][evaluation.evaluator][INFO] - artifacts ready run=/fssmall/home/h61084/codes/tsfm/outputs_selena/univariate/exchange_rate/7_1/chronos2/none/instance/keep/run_0 mse=1.10843e-05 nmse=3.07086 inference_seconds=0.227
2026-08-27 14:29:58 | configuration dataset=exchange_rate L=14 H=2 model=persistence covariates=none instance_norm=true remove_constant=false seed=1 batch_size=512
[2026-08-27 14:30:00,889][data.dataset][INFO] - dataset config path=/fssmall/home/h61084/codes/datasets/exchange_rate/config.json applied_keys=['date_col', 'drop_users']
[2026-08-27 14:30:00,923][evaluation.evaluator][INFO] - evaluate dataset=exchange_rate users=8 dates=7588 windows=120 removed_constant=0 L=14 H=2 stride=512
[2026-08-27 14:30:01,149][evaluation.evaluator][INFO] - artifacts ready run=/fssmall/home/h61084/codes/tsfm/outputs_selena/univariate/exchange_rate/14_2/persistence/none/instance/keep/run_0 mse=4.00939e-05 nmse=2.47266 inference_seconds=0.024
2026-08-27 14:30:01 | configuration dataset=exchange_rate L=14 H=2 model=expected covariates=none instance_norm=true remove_constant=false seed=1 batch_size=512
[2026-08-27 14:30:04,360][data.dataset][INFO] - dataset config path=/fssmall/home/h61084/codes/datasets/exchange_rate/config.json applied_keys=['date_col', 'drop_users']
[2026-08-27 14:30:04,382][evaluation.evaluator][INFO] - evaluate dataset=exchange_rate users=8 dates=7588 windows=120 removed_constant=0 L=14 H=2 stride=512
[2026-08-27 14:30:04,620][evaluation.evaluator][INFO] - artifacts ready run=/fssmall/home/h61084/codes/tsfm/outputs_selena/univariate/exchange_rate/14_2/expected/none/instance/keep/run_0 mse=0.00010982 nmse=4.09813 inference_seconds=0.024
2026-08-27 14:30:05 | configuration dataset=exchange_rate L=14 H=2 model=repeat covariates=none instance_norm=true remove_constant=false seed=1 batch_size=512
[2026-08-27 14:30:07,850][data.dataset][INFO] - dataset config path=/fssmall/home/h61084/codes/datasets/exchange_rate/config.json applied_keys=['date_col', 'drop_users']
[2026-08-27 14:30:07,873][evaluation.evaluator][INFO] - evaluate dataset=exchange_rate users=8 dates=7588 windows=120 removed_constant=0 L=14 H=2 stride=512
[2026-08-27 14:30:08,095][evaluation.evaluator][INFO] - artifacts ready run=/fssmall/home/h61084/codes/tsfm/outputs_selena/univariate/exchange_rate/14_2/repeat/none/instance/keep/run_0 mse=4.92473e-05 nmse=2.79419 inference_seconds=0.020
2026-08-27 14:30:08 | configuration dataset=exchange_rate L=14 H=2 model=lookback covariates=none instance_norm=true remove_constant=false seed=1 batch_size=512
[2026-08-27 14:30:11,314][data.dataset][INFO] - dataset config path=/fssmall/home/h61084/codes/datasets/exchange_rate/config.json applied_keys=['date_col', 'drop_users']
[2026-08-27 14:30:11,327][evaluation.evaluator][INFO] - lookback weekly period=7 observations
[2026-08-27 14:30:11,342][evaluation.evaluator][INFO] - evaluate dataset=exchange_rate users=8 dates=7588 windows=120 removed_constant=0 L=14 H=2 stride=512
[2026-08-27 14:30:11,568][evaluation.evaluator][INFO] - artifacts ready run=/fssmall/home/h61084/codes/tsfm/outputs_selena/univariate/exchange_rate/14_2/lookback/none/instance/keep/run_0 mse=0.000116651 nmse=4.92091 inference_seconds=0.020
2026-08-27 14:30:12 | configuration dataset=exchange_rate L=14 H=2 model=chronos2 covariates=none instance_norm=true remove_constant=false seed=1 batch_size=64
[2026-08-27 14:30:14,752][data.dataset][INFO] - dataset config path=/fssmall/home/h61084/codes/datasets/exchange_rate/config.json applied_keys=['date_col', 'drop_users']
[2026-08-27 14:30:14,776][evaluation.evaluator][INFO] - evaluate dataset=exchange_rate users=8 dates=7588 windows=120 removed_constant=0 L=14 H=2 stride=512
[2026-08-27 14:30:20,477][evaluation.evaluator][INFO] - artifacts ready run=/fssmall/home/h61084/codes/tsfm/outputs_selena/univariate/exchange_rate/14_2/chronos2/none/instance/keep/run_0 mse=4.45246e-05 nmse=2.57636 inference_seconds=0.215
2026-08-27 14:30:21 | configuration dataset=exchange_rate L=30 H=7 model=persistence covariates=none instance_norm=true remove_constant=false seed=1 batch_size=512
[2026-08-27 14:30:24,007][data.dataset][INFO] - dataset config path=/fssmall/home/h61084/codes/datasets/exchange_rate/config.json applied_keys=['date_col', 'drop_users']
[2026-08-27 14:30:24,031][evaluation.evaluator][INFO] - evaluate dataset=exchange_rate users=8 dates=7588 windows=120 removed_constant=0 L=30 H=7 stride=512
[2026-08-27 14:30:24,257][evaluation.evaluator][INFO] - artifacts ready run=/fssmall/home/h61084/codes/tsfm/outputs_selena/univariate/exchange_rate/30_7/persistence/none/instance/keep/run_0 mse=6.84153e-05 nmse=51.4219 inference_seconds=0.025
2026-08-27 14:30:24 | configuration dataset=exchange_rate L=30 H=7 model=expected covariates=none instance_norm=true remove_constant=false seed=1 batch_size=512
[2026-08-27 14:30:27,460][data.dataset][INFO] - dataset config path=/fssmall/home/h61084/codes/datasets/exchange_rate/config.json applied_keys=['date_col', 'drop_users']
[2026-08-27 14:30:27,483][evaluation.evaluator][INFO] - evaluate dataset=exchange_rate users=8 dates=7588 windows=120 removed_constant=0 L=30 H=7 stride=512
[2026-08-27 14:30:27,721][evaluation.evaluator][INFO] - artifacts ready run=/fssmall/home/h61084/codes/tsfm/outputs_selena/univariate/exchange_rate/30_7/expected/none/instance/keep/run_0 mse=0.000228788 nmse=53.5226 inference_seconds=0.025
2026-08-27 14:30:28 | configuration dataset=exchange_rate L=30 H=7 model=repeat covariates=none instance_norm=true remove_constant=false seed=1 batch_size=512
[2026-08-27 14:30:31,027][data.dataset][INFO] - dataset config path=/fssmall/home/h61084/codes/datasets/exchange_rate/config.json applied_keys=['date_col', 'drop_users']
[2026-08-27 14:30:31,049][evaluation.evaluator][INFO] - evaluate dataset=exchange_rate users=8 dates=7588 windows=120 removed_constant=0 L=30 H=7 stride=512
[2026-08-27 14:30:31,296][evaluation.evaluator][INFO] - artifacts ready run=/fssmall/home/h61084/codes/tsfm/outputs_selena/univariate/exchange_rate/30_7/repeat/none/instance/keep/run_0 mse=0.000116533 nmse=52.2015 inference_seconds=0.020
2026-08-27 14:30:31 | configuration dataset=exchange_rate L=30 H=7 model=lookback covariates=none instance_norm=true remove_constant=false seed=1 batch_size=512
[2026-08-27 14:30:34,507][data.dataset][INFO] - dataset config path=/fssmall/home/h61084/codes/datasets/exchange_rate/config.json applied_keys=['date_col', 'drop_users']
[2026-08-27 14:30:34,520][evaluation.evaluator][INFO] - lookback weekly period=7 observations
[2026-08-27 14:30:34,533][evaluation.evaluator][INFO] - evaluate dataset=exchange_rate users=8 dates=7588 windows=120 removed_constant=0 L=30 H=7 stride=512
[2026-08-27 14:30:34,773][evaluation.evaluator][INFO] - artifacts ready run=/fssmall/home/h61084/codes/tsfm/outputs_selena/univariate/exchange_rate/30_7/lookback/none/instance/keep/run_0 mse=0.000116533 nmse=52.2015 inference_seconds=0.020
2026-08-27 14:30:35 | configuration dataset=exchange_rate L=30 H=7 model=chronos2 covariates=none instance_norm=true remove_constant=false seed=1 batch_size=64
[2026-08-27 14:30:38,045][data.dataset][INFO] - dataset config path=/fssmall/home/h61084/codes/datasets/exchange_rate/config.json applied_keys=['date_col', 'drop_users']
[2026-08-27 14:30:38,069][evaluation.evaluator][INFO] - evaluate dataset=exchange_rate users=8 dates=7588 windows=120 removed_constant=0 L=30 H=7 stride=512
[2026-08-27 14:30:43,752][evaluation.evaluator][INFO] - artifacts ready run=/fssmall/home/h61084/codes/tsfm/outputs_selena/univariate/exchange_rate/30_7/chronos2/none/instance/keep/run_0 mse=9.06601e-05 nmse=51.7295 inference_seconds=0.213
2026-08-27 14:30:44 | configuration dataset=time/cphl_h_part01 L=168 H=24 model=persistence covariates=none instance_norm=true remove_constant=false seed=1 batch_size=512
[2026-08-27 14:30:47,342][data.dataset][INFO] - dataset config path=/fssmall/home/h61084/codes/datasets/time/cphl_h_part01/config.json applied_keys=['date_col', 'drop_users', 'target_cols']
[2026-08-27 14:30:47,366][evaluation.evaluator][INFO] - evaluate dataset=time/cphl_h_part01 users=1 dates=2708 windows=5 removed_constant=0 L=168 H=24 stride=512
[2026-08-27 14:30:47,602][evaluation.evaluator][INFO] - artifacts ready run=/fssmall/home/h61084/codes/tsfm/outputs_selena/univariate/time-cphl_h_part01/168_24/persistence/none/instance/keep/run_0 mse=0.0309271 nmse=1.43983 inference_seconds=0.025
2026-08-27 14:30:48 | configuration dataset=time/cphl_h_part01 L=168 H=24 model=expected covariates=none instance_norm=true remove_constant=false seed=1 batch_size=512
[2026-08-27 14:30:50,861][data.dataset][INFO] - dataset config path=/fssmall/home/h61084/codes/datasets/time/cphl_h_part01/config.json applied_keys=['date_col', 'drop_users', 'target_cols']
[2026-08-27 14:30:50,879][evaluation.evaluator][INFO] - evaluate dataset=time/cphl_h_part01 users=1 dates=2708 windows=5 removed_constant=0 L=168 H=24 stride=512
[2026-08-27 14:30:51,108][evaluation.evaluator][INFO] - artifacts ready run=/fssmall/home/h61084/codes/tsfm/outputs_selena/univariate/time-cphl_h_part01/168_24/expected/none/instance/keep/run_0 mse=0.0260011 nmse=0.911928 inference_seconds=0.026
2026-08-27 14:30:51 | configuration dataset=time/cphl_h_part01 L=168 H=24 model=repeat covariates=none instance_norm=true remove_constant=false seed=1 batch_size=512
[2026-08-27 14:30:54,346][data.dataset][INFO] - dataset config path=/fssmall/home/h61084/codes/datasets/time/cphl_h_part01/config.json applied_keys=['date_col', 'drop_users', 'target_cols']
[2026-08-27 14:30:54,368][evaluation.evaluator][INFO] - evaluate dataset=time/cphl_h_part01 users=1 dates=2708 windows=5 removed_constant=0 L=168 H=24 stride=512
[2026-08-27 14:30:54,594][evaluation.evaluator][INFO] - artifacts ready run=/fssmall/home/h61084/codes/tsfm/outputs_selena/univariate/time-cphl_h_part01/168_24/repeat/none/instance/keep/run_0 mse=0.0216303 nmse=0.704693 inference_seconds=0.020
2026-08-27 14:30:55 | configuration dataset=time/cphl_h_part01 L=168 H=24 model=lookback covariates=none instance_norm=true remove_constant=false seed=1 batch_size=512
[2026-08-27 14:30:57,816][data.dataset][INFO] - dataset config path=/fssmall/home/h61084/codes/datasets/time/cphl_h_part01/config.json applied_keys=['date_col', 'drop_users', 'target_cols']
[2026-08-27 14:30:57,828][evaluation.evaluator][INFO] - lookback weekly period=168 observations
[2026-08-27 14:30:57,840][evaluation.evaluator][INFO] - evaluate dataset=time/cphl_h_part01 users=1 dates=2708 windows=5 removed_constant=0 L=168 H=24 stride=512
[2026-08-27 14:30:58,065][evaluation.evaluator][INFO] - artifacts ready run=/fssmall/home/h61084/codes/tsfm/outputs_selena/univariate/time-cphl_h_part01/168_24/lookback/none/instance/keep/run_0 mse=0.0663572 nmse=1.84357 inference_seconds=0.020
2026-08-27 14:30:58 | configuration dataset=time/cphl_h_part01 L=168 H=24 model=chronos2 covariates=none instance_norm=true remove_constant=false seed=1 batch_size=64
[2026-08-27 14:31:01,322][data.dataset][INFO] - dataset config path=/fssmall/home/h61084/codes/datasets/time/cphl_h_part01/config.json applied_keys=['date_col', 'drop_users', 'target_cols']
[2026-08-27 14:31:01,339][evaluation.evaluator][INFO] - evaluate dataset=time/cphl_h_part01 users=1 dates=2708 windows=5 removed_constant=0 L=168 H=24 stride=512
[2026-08-27 14:31:06,986][evaluation.evaluator][INFO] - artifacts ready run=/fssmall/home/h61084/codes/tsfm/outputs_selena/univariate/time-cphl_h_part01/168_24/chronos2/none/instance/keep/run_0 mse=0.022773 nmse=0.602296 inference_seconds=0.211
2026-08-27 14:31:08 | configuration dataset=time/cphl_h_part01 L=336 H=48 model=persistence covariates=none instance_norm=true remove_constant=false seed=1 batch_size=512
[2026-08-27 14:31:10,558][data.dataset][INFO] - dataset config path=/fssmall/home/h61084/codes/datasets/time/cphl_h_part01/config.json applied_keys=['date_col', 'drop_users', 'target_cols']
[2026-08-27 14:31:10,577][evaluation.evaluator][INFO] - evaluate dataset=time/cphl_h_part01 users=1 dates=2708 windows=5 removed_constant=0 L=336 H=48 stride=512
[2026-08-27 14:31:10,801][evaluation.evaluator][INFO] - artifacts ready run=/fssmall/home/h61084/codes/tsfm/outputs_selena/univariate/time-cphl_h_part01/336_48/persistence/none/instance/keep/run_0 mse=0.0419503 nmse=0.967002 inference_seconds=0.025
2026-08-27 14:31:11 | configuration dataset=time/cphl_h_part01 L=336 H=48 model=expected covariates=none instance_norm=true remove_constant=false seed=1 batch_size=512
[2026-08-27 14:31:14,024][data.dataset][INFO] - dataset config path=/fssmall/home/h61084/codes/datasets/time/cphl_h_part01/config.json applied_keys=['date_col', 'drop_users', 'target_cols']
[2026-08-27 14:31:14,043][evaluation.evaluator][INFO] - evaluate dataset=time/cphl_h_part01 users=1 dates=2708 windows=5 removed_constant=0 L=336 H=48 stride=512
[2026-08-27 14:31:14,274][evaluation.evaluator][INFO] - artifacts ready run=/fssmall/home/h61084/codes/tsfm/outputs_selena/univariate/time-cphl_h_part01/336_48/expected/none/instance/keep/run_0 mse=0.0464637 nmse=1.54015 inference_seconds=0.025
2026-08-27 14:31:14 | configuration dataset=time/cphl_h_part01 L=336 H=48 model=repeat covariates=none instance_norm=true remove_constant=false seed=1 batch_size=512
[2026-08-27 14:31:17,574][data.dataset][INFO] - dataset config path=/fssmall/home/h61084/codes/datasets/time/cphl_h_part01/config.json applied_keys=['date_col', 'drop_users', 'target_cols']
[2026-08-27 14:31:17,592][evaluation.evaluator][INFO] - evaluate dataset=time/cphl_h_part01 users=1 dates=2708 windows=5 removed_constant=0 L=336 H=48 stride=512
[2026-08-27 14:31:17,810][evaluation.evaluator][INFO] - artifacts ready run=/fssmall/home/h61084/codes/tsfm/outputs_selena/univariate/time-cphl_h_part01/336_48/repeat/none/instance/keep/run_0 mse=0.0446768 nmse=1.37897 inference_seconds=0.020
2026-08-27 14:31:18 | configuration dataset=time/cphl_h_part01 L=336 H=48 model=lookback covariates=none instance_norm=true remove_constant=false seed=1 batch_size=512
[2026-08-27 14:31:21,066][data.dataset][INFO] - dataset config path=/fssmall/home/h61084/codes/datasets/time/cphl_h_part01/config.json applied_keys=['date_col', 'drop_users', 'target_cols']
[2026-08-27 14:31:21,073][evaluation.evaluator][INFO] - lookback weekly period=168 observations
[2026-08-27 14:31:21,085][evaluation.evaluator][INFO] - evaluate dataset=time/cphl_h_part01 users=1 dates=2708 windows=5 removed_constant=0 L=336 H=48 stride=512
[2026-08-27 14:31:21,307][evaluation.evaluator][INFO] - artifacts ready run=/fssmall/home/h61084/codes/tsfm/outputs_selena/univariate/time-cphl_h_part01/336_48/lookback/none/instance/keep/run_0 mse=0.0661561 nmse=2.48037 inference_seconds=0.021
2026-08-27 14:31:22 | configuration dataset=time/cphl_h_part01 L=336 H=48 model=chronos2 covariates=none instance_norm=true remove_constant=false seed=1 batch_size=64
[2026-08-27 14:31:24,568][data.dataset][INFO] - dataset config path=/fssmall/home/h61084/codes/datasets/time/cphl_h_part01/config.json applied_keys=['date_col', 'drop_users', 'target_cols']
[2026-08-27 14:31:24,587][evaluation.evaluator][INFO] - evaluate dataset=time/cphl_h_part01 users=1 dates=2708 windows=5 removed_constant=0 L=336 H=48 stride=512
[2026-08-27 14:31:30,237][evaluation.evaluator][INFO] - artifacts ready run=/fssmall/home/h61084/codes/tsfm/outputs_selena/univariate/time-cphl_h_part01/336_48/chronos2/none/instance/keep/run_0 mse=0.0207934 nmse=0.564626 inference_seconds=0.195
2026-08-27 14:31:31 | configuration dataset=time/cphl_h_part01 L=504 H=168 model=persistence covariates=none instance_norm=true remove_constant=false seed=1 batch_size=512
[2026-08-27 14:31:33,800][data.dataset][INFO] - dataset config path=/fssmall/home/h61084/codes/datasets/time/cphl_h_part01/config.json applied_keys=['date_col', 'drop_users', 'target_cols']
[2026-08-27 14:31:33,819][evaluation.evaluator][INFO] - evaluate dataset=time/cphl_h_part01 users=1 dates=2708 windows=4 removed_constant=0 L=504 H=168 stride=512
[2026-08-27 14:31:34,055][evaluation.evaluator][INFO] - artifacts ready run=/fssmall/home/h61084/codes/tsfm/outputs_selena/univariate/time-cphl_h_part01/504_168/persistence/none/instance/keep/run_0 mse=0.08465 nmse=4.07513 inference_seconds=0.025
2026-08-27 14:31:34 | configuration dataset=time/cphl_h_part01 L=504 H=168 model=expected covariates=none instance_norm=true remove_constant=false seed=1 batch_size=512
[2026-08-27 14:31:37,338][data.dataset][INFO] - dataset config path=/fssmall/home/h61084/codes/datasets/time/cphl_h_part01/config.json applied_keys=['date_col', 'drop_users', 'target_cols']
[2026-08-27 14:31:37,356][evaluation.evaluator][INFO] - evaluate dataset=time/cphl_h_part01 users=1 dates=2708 windows=4 removed_constant=0 L=504 H=168 stride=512
[2026-08-27 14:31:37,586][evaluation.evaluator][INFO] - artifacts ready run=/fssmall/home/h61084/codes/tsfm/outputs_selena/univariate/time-cphl_h_part01/504_168/expected/none/instance/keep/run_0 mse=0.0529574 nmse=2.12689 inference_seconds=0.025
2026-08-27 14:31:38 | configuration dataset=time/cphl_h_part01 L=504 H=168 model=repeat covariates=none instance_norm=true remove_constant=false seed=1 batch_size=512
[2026-08-27 14:31:40,972][data.dataset][INFO] - dataset config path=/fssmall/home/h61084/codes/datasets/time/cphl_h_part01/config.json applied_keys=['date_col', 'drop_users', 'target_cols']
[2026-08-27 14:31:40,991][evaluation.evaluator][INFO] - evaluate dataset=time/cphl_h_part01 users=1 dates=2708 windows=4 removed_constant=0 L=504 H=168 stride=512
[2026-08-27 14:31:41,213][evaluation.evaluator][INFO] - artifacts ready run=/fssmall/home/h61084/codes/tsfm/outputs_selena/univariate/time-cphl_h_part01/504_168/repeat/none/instance/keep/run_0 mse=0.0602656 nmse=2.56108 inference_seconds=0.020
2026-08-27 14:31:41 | configuration dataset=time/cphl_h_part01 L=504 H=168 model=lookback covariates=none instance_norm=true remove_constant=false seed=1 batch_size=512
[2026-08-27 14:31:44,477][data.dataset][INFO] - dataset config path=/fssmall/home/h61084/codes/datasets/time/cphl_h_part01/config.json applied_keys=['date_col', 'drop_users', 'target_cols']
[2026-08-27 14:31:44,483][evaluation.evaluator][INFO] - lookback weekly period=168 observations
[2026-08-27 14:31:44,495][evaluation.evaluator][INFO] - evaluate dataset=time/cphl_h_part01 users=1 dates=2708 windows=4 removed_constant=0 L=504 H=168 stride=512
[2026-08-27 14:31:44,718][evaluation.evaluator][INFO] - artifacts ready run=/fssmall/home/h61084/codes/tsfm/outputs_selena/univariate/time-cphl_h_part01/504_168/lookback/none/instance/keep/run_0 mse=0.0602656 nmse=2.56108 inference_seconds=0.020
2026-08-27 14:31:45 | configuration dataset=time/cphl_h_part01 L=504 H=168 model=chronos2 covariates=none instance_norm=true remove_constant=false seed=1 batch_size=64
[2026-08-27 14:31:48,024][data.dataset][INFO] - dataset config path=/fssmall/home/h61084/codes/datasets/time/cphl_h_part01/config.json applied_keys=['date_col', 'drop_users', 'target_cols']
[2026-08-27 14:31:48,041][evaluation.evaluator][INFO] - evaluate dataset=time/cphl_h_part01 users=1 dates=2708 windows=4 removed_constant=0 L=504 H=168 stride=512
[2026-08-27 14:31:53,635][evaluation.evaluator][INFO] - artifacts ready run=/fssmall/home/h61084/codes/tsfm/outputs_selena/univariate/time-cphl_h_part01/504_168/chronos2/none/instance/keep/run_0 mse=0.0493165 nmse=2.23909 inference_seconds=0.194
2026-08-27 14:31:54 | configuration dataset=time/cphl_h_part02 L=168 H=24 model=persistence covariates=none instance_norm=true remove_constant=false seed=1 batch_size=512
[2026-08-27 14:31:57,257][data.dataset][INFO] - dataset config path=/fssmall/home/h61084/codes/datasets/time/cphl_h_part02/config.json applied_keys=['date_col', 'drop_users', 'target_cols']
[2026-08-27 14:31:57,277][evaluation.evaluator][INFO] - evaluate dataset=time/cphl_h_part02 users=1 dates=2490 windows=5 removed_constant=0 L=168 H=24 stride=512
[2026-08-27 14:31:57,501][evaluation.evaluator][INFO] - artifacts ready run=/fssmall/home/h61084/codes/tsfm/outputs_selena/univariate/time-cphl_h_part02/168_24/persistence/none/instance/keep/run_0 mse=0.0611389 nmse=1.46548 inference_seconds=0.025
2026-08-27 14:31:58 | configuration dataset=time/cphl_h_part02 L=168 H=24 model=expected covariates=none instance_norm=true remove_constant=false seed=1 batch_size=512
[2026-08-27 14:32:00,782][data.dataset][INFO] - dataset config path=/fssmall/home/h61084/codes/datasets/time/cphl_h_part02/config.json applied_keys=['date_col', 'drop_users', 'target_cols']
[2026-08-27 14:32:00,801][evaluation.evaluator][INFO] - evaluate dataset=time/cphl_h_part02 users=1 dates=2490 windows=5 removed_constant=0 L=168 H=24 stride=512
[2026-08-27 14:32:01,026][evaluation.evaluator][INFO] - artifacts ready run=/fssmall/home/h61084/codes/tsfm/outputs_selena/univariate/time-cphl_h_part02/168_24/expected/none/instance/keep/run_0 mse=0.127336 nmse=2.94968 inference_seconds=0.024
2026-08-27 14:32:01 | configuration dataset=time/cphl_h_part02 L=168 H=24 model=repeat covariates=none instance_norm=true remove_constant=false seed=1 batch_size=512
[2026-08-27 14:32:04,307][data.dataset][INFO] - dataset config path=/fssmall/home/h61084/codes/datasets/time/cphl_h_part02/config.json applied_keys=['date_col', 'drop_users', 'target_cols']
[2026-08-27 14:32:04,324][evaluation.evaluator][INFO] - evaluate dataset=time/cphl_h_part02 users=1 dates=2490 windows=5 removed_constant=0 L=168 H=24 stride=512
[2026-08-27 14:32:04,546][evaluation.evaluator][INFO] - artifacts ready run=/fssmall/home/h61084/codes/tsfm/outputs_selena/univariate/time-cphl_h_part02/168_24/repeat/none/instance/keep/run_0 mse=0.0506515 nmse=2.65786 inference_seconds=0.020
2026-08-27 14:32:05 | configuration dataset=time/cphl_h_part02 L=168 H=24 model=lookback covariates=none instance_norm=true remove_constant=false seed=1 batch_size=512
[2026-08-27 14:32:07,826][data.dataset][INFO] - dataset config path=/fssmall/home/h61084/codes/datasets/time/cphl_h_part02/config.json applied_keys=['date_col', 'drop_users', 'target_cols']
[2026-08-27 14:32:07,833][evaluation.evaluator][INFO] - lookback weekly period=168 observations
[2026-08-27 14:32:07,846][evaluation.evaluator][INFO] - evaluate dataset=time/cphl_h_part02 users=1 dates=2490 windows=5 removed_constant=0 L=168 H=24 stride=512
[2026-08-27 14:32:08,068][evaluation.evaluator][INFO] - artifacts ready run=/fssmall/home/h61084/codes/tsfm/outputs_selena/univariate/time-cphl_h_part02/168_24/lookback/none/instance/keep/run_0 mse=0.308737 nmse=4.91283 inference_seconds=0.020
2026-08-27 14:32:08 | configuration dataset=time/cphl_h_part02 L=168 H=24 model=chronos2 covariates=none instance_norm=true remove_constant=false seed=1 batch_size=64
[2026-08-27 14:32:11,358][data.dataset][INFO] - dataset config path=/fssmall/home/h61084/codes/datasets/time/cphl_h_part02/config.json applied_keys=['date_col', 'drop_users', 'target_cols']
[2026-08-27 14:32:11,376][evaluation.evaluator][INFO] - evaluate dataset=time/cphl_h_part02 users=1 dates=2490 windows=5 removed_constant=0 L=168 H=24 stride=512
[2026-08-27 14:32:16,980][evaluation.evaluator][INFO] - artifacts ready run=/fssmall/home/h61084/codes/tsfm/outputs_selena/univariate/time-cphl_h_part02/168_24/chronos2/none/instance/keep/run_0 mse=0.0713239 nmse=1.73438 inference_seconds=0.196
2026-08-27 14:32:18 | configuration dataset=time/cphl_h_part02 L=336 H=48 model=persistence covariates=none instance_norm=true remove_constant=false seed=1 batch_size=512
[2026-08-27 14:32:20,588][data.dataset][INFO] - dataset config path=/fssmall/home/h61084/codes/datasets/time/cphl_h_part02/config.json applied_keys=['date_col', 'drop_users', 'target_cols']
[2026-08-27 14:32:20,607][evaluation.evaluator][INFO] - evaluate dataset=time/cphl_h_part02 users=1 dates=2490 windows=5 removed_constant=0 L=336 H=48 stride=512
[2026-08-27 14:32:20,836][evaluation.evaluator][INFO] - artifacts ready run=/fssmall/home/h61084/codes/tsfm/outputs_selena/univariate/time-cphl_h_part02/336_48/persistence/none/instance/keep/run_0 mse=0.0846255 nmse=0.717448 inference_seconds=0.025
2026-08-27 14:32:21 | configuration dataset=time/cphl_h_part02 L=336 H=48 model=expected covariates=none instance_norm=true remove_constant=false seed=1 batch_size=512
[2026-08-27 14:32:24,094][data.dataset][INFO] - dataset config path=/fssmall/home/h61084/codes/datasets/time/cphl_h_part02/config.json applied_keys=['date_col', 'drop_users', 'target_cols']
[2026-08-27 14:32:24,113][evaluation.evaluator][INFO] - evaluate dataset=time/cphl_h_part02 users=1 dates=2490 windows=5 removed_constant=0 L=336 H=48 stride=512
[2026-08-27 14:32:24,337][evaluation.evaluator][INFO] - artifacts ready run=/fssmall/home/h61084/codes/tsfm/outputs_selena/univariate/time-cphl_h_part02/336_48/expected/none/instance/keep/run_0 mse=0.111163 nmse=1.19176 inference_seconds=0.024
2026-08-27 14:32:25 | configuration dataset=time/cphl_h_part02 L=336 H=48 model=repeat covariates=none instance_norm=true remove_constant=false seed=1 batch_size=512
[2026-08-27 14:32:27,623][data.dataset][INFO] - dataset config path=/fssmall/home/h61084/codes/datasets/time/cphl_h_part02/config.json applied_keys=['date_col', 'drop_users', 'target_cols']
[2026-08-27 14:32:27,641][evaluation.evaluator][INFO] - evaluate dataset=time/cphl_h_part02 users=1 dates=2490 windows=5 removed_constant=0 L=336 H=48 stride=512
[2026-08-27 14:32:27,871][evaluation.evaluator][INFO] - artifacts ready run=/fssmall/home/h61084/codes/tsfm/outputs_selena/univariate/time-cphl_h_part02/336_48/repeat/none/instance/keep/run_0 mse=0.27986 nmse=2.84641 inference_seconds=0.020
2026-08-27 14:32:28 | configuration dataset=time/cphl_h_part02 L=336 H=48 model=lookback covariates=none instance_norm=true remove_constant=false seed=1 batch_size=512
[2026-08-27 14:32:31,146][data.dataset][INFO] - dataset config path=/fssmall/home/h61084/codes/datasets/time/cphl_h_part02/config.json applied_keys=['date_col', 'drop_users', 'target_cols']
[2026-08-27 14:32:31,153][evaluation.evaluator][INFO] - lookback weekly period=168 observations
[2026-08-27 14:32:31,165][evaluation.evaluator][INFO] - evaluate dataset=time/cphl_h_part02 users=1 dates=2490 windows=5 removed_constant=0 L=336 H=48 stride=512
[2026-08-27 14:32:31,396][evaluation.evaluator][INFO] - artifacts ready run=/fssmall/home/h61084/codes/tsfm/outputs_selena/univariate/time-cphl_h_part02/336_48/lookback/none/instance/keep/run_0 mse=0.182174 nmse=1.69225 inference_seconds=0.021
2026-08-27 14:32:32 | configuration dataset=time/cphl_h_part02 L=336 H=48 model=chronos2 covariates=none instance_norm=true remove_constant=false seed=1 batch_size=64
[2026-08-27 14:32:34,661][data.dataset][INFO] - dataset config path=/fssmall/home/h61084/codes/datasets/time/cphl_h_part02/config.json applied_keys=['date_col', 'drop_users', 'target_cols']
[2026-08-27 14:32:34,680][evaluation.evaluator][INFO] - evaluate dataset=time/cphl_h_part02 users=1 dates=2490 windows=5 removed_constant=0 L=336 H=48 stride=512
[2026-08-27 14:32:40,292][evaluation.evaluator][INFO] - artifacts ready run=/fssmall/home/h61084/codes/tsfm/outputs_selena/univariate/time-cphl_h_part02/336_48/chronos2/none/instance/keep/run_0 mse=0.116966 nmse=1.00613 inference_seconds=0.197
2026-08-27 14:32:41 | configuration dataset=time/cphl_h_part02 L=504 H=168 model=persistence covariates=none instance_norm=true remove_constant=false seed=1 batch_size=512
[2026-08-27 14:32:43,929][data.dataset][INFO] - dataset config path=/fssmall/home/h61084/codes/datasets/time/cphl_h_part02/config.json applied_keys=['date_col', 'drop_users', 'target_cols']
[2026-08-27 14:32:43,948][evaluation.evaluator][INFO] - evaluate dataset=time/cphl_h_part02 users=1 dates=2490 windows=4 removed_constant=0 L=504 H=168 stride=512
[2026-08-27 14:32:44,174][evaluation.evaluator][INFO] - artifacts ready run=/fssmall/home/h61084/codes/tsfm/outputs_selena/univariate/time-cphl_h_part02/504_168/persistence/none/instance/keep/run_0 mse=0.263326 nmse=4.18616 inference_seconds=0.025
2026-08-27 14:32:44 | configuration dataset=time/cphl_h_part02 L=504 H=168 model=expected covariates=none instance_norm=true remove_constant=false seed=1 batch_size=512
[2026-08-27 14:32:47,482][data.dataset][INFO] - dataset config path=/fssmall/home/h61084/codes/datasets/time/cphl_h_part02/config.json applied_keys=['date_col', 'drop_users', 'target_cols']
[2026-08-27 14:32:47,499][evaluation.evaluator][INFO] - evaluate dataset=time/cphl_h_part02 users=1 dates=2490 windows=4 removed_constant=0 L=504 H=168 stride=512
[2026-08-27 14:32:47,727][evaluation.evaluator][INFO] - artifacts ready run=/fssmall/home/h61084/codes/tsfm/outputs_selena/univariate/time-cphl_h_part02/504_168/expected/none/instance/keep/run_0 mse=0.24436 nmse=3.67736 inference_seconds=0.025
2026-08-27 14:32:48 | configuration dataset=time/cphl_h_part02 L=504 H=168 model=repeat covariates=none instance_norm=true remove_constant=false seed=1 batch_size=512
[2026-08-27 14:32:51,059][data.dataset][INFO] - dataset config path=/fssmall/home/h61084/codes/datasets/time/cphl_h_part02/config.json applied_keys=['date_col', 'drop_users', 'target_cols']
[2026-08-27 14:32:51,077][evaluation.evaluator][INFO] - evaluate dataset=time/cphl_h_part02 users=1 dates=2490 windows=4 removed_constant=0 L=504 H=168 stride=512
[2026-08-27 14:32:51,300][evaluation.evaluator][INFO] - artifacts ready run=/fssmall/home/h61084/codes/tsfm/outputs_selena/univariate/time-cphl_h_part02/504_168/repeat/none/instance/keep/run_0 mse=0.197333 nmse=3.07276 inference_seconds=0.021
2026-08-27 14:32:52 | configuration dataset=time/cphl_h_part02 L=504 H=168 model=lookback covariates=none instance_norm=true remove_constant=false seed=1 batch_size=512
[2026-08-27 14:32:54,635][data.dataset][INFO] - dataset config path=/fssmall/home/h61084/codes/datasets/time/cphl_h_part02/config.json applied_keys=['date_col', 'drop_users', 'target_cols']
[2026-08-27 14:32:54,641][evaluation.evaluator][INFO] - lookback weekly period=168 observations
[2026-08-27 14:32:54,653][evaluation.evaluator][INFO] - evaluate dataset=time/cphl_h_part02 users=1 dates=2490 windows=4 removed_constant=0 L=504 H=168 stride=512
[2026-08-27 14:32:54,876][evaluation.evaluator][INFO] - artifacts ready run=/fssmall/home/h61084/codes/tsfm/outputs_selena/univariate/time-cphl_h_part02/504_168/lookback/none/instance/keep/run_0 mse=0.197333 nmse=3.07276 inference_seconds=0.021
2026-08-27 14:32:55 | configuration dataset=time/cphl_h_part02 L=504 H=168 model=chronos2 covariates=none instance_norm=true remove_constant=false seed=1 batch_size=64
[2026-08-27 14:32:58,198][data.dataset][INFO] - dataset config path=/fssmall/home/h61084/codes/datasets/time/cphl_h_part02/config.json applied_keys=['date_col', 'drop_users', 'target_cols']
[2026-08-27 14:32:58,216][evaluation.evaluator][INFO] - evaluate dataset=time/cphl_h_part02 users=1 dates=2490 windows=4 removed_constant=0 L=504 H=168 stride=512
[2026-08-27 14:33:03,833][evaluation.evaluator][INFO] - artifacts ready run=/fssmall/home/h61084/codes/tsfm/outputs_selena/univariate/time-cphl_h_part02/504_168/chronos2/none/instance/keep/run_0 mse=0.207028 nmse=3.17131 inference_seconds=0.194
2026-08-27 14:33:04 | configuration dataset=time/coastal_t_s_h_part01 L=168 H=24 model=persistence covariates=none instance_norm=true remove_constant=false seed=1 batch_size=512
[2026-08-27 14:33:07,482][data.dataset][INFO] - dataset config path=/fssmall/home/h61084/codes/datasets/time/coastal_t_s_h_part01/config.json applied_keys=['date_col', 'drop_users', 'target_cols']
[2026-08-27 14:33:07,507][evaluation.evaluator][INFO] - evaluate dataset=time/coastal_t_s_h_part01 users=3 dates=8524 windows=51 removed_constant=0 L=168 H=24 stride=512
[2026-08-27 14:33:07,733][evaluation.evaluator][INFO] - artifacts ready run=/fssmall/home/h61084/codes/tsfm/outputs_selena/univariate/time-coastal_t_s_h_part01/168_24/persistence/none/instance/keep/run_0 mse=145.253 nmse=1.85057 inference_seconds=0.025
2026-08-27 14:33:08 | configuration dataset=time/coastal_t_s_h_part01 L=168 H=24 model=expected covariates=none instance_norm=true remove_constant=false seed=1 batch_size=512
[2026-08-27 14:33:11,064][data.dataset][INFO] - dataset config path=/fssmall/home/h61084/codes/datasets/time/coastal_t_s_h_part01/config.json applied_keys=['date_col', 'drop_users', 'target_cols']
[2026-08-27 14:33:11,087][evaluation.evaluator][INFO] - evaluate dataset=time/coastal_t_s_h_part01 users=3 dates=8524 windows=51 removed_constant=0 L=168 H=24 stride=512
[2026-08-27 14:33:11,311][evaluation.evaluator][INFO] - artifacts ready run=/fssmall/home/h61084/codes/tsfm/outputs_selena/univariate/time-coastal_t_s_h_part01/168_24/expected/none/instance/keep/run_0 mse=111.434 nmse=1.64546 inference_seconds=0.025
2026-08-27 14:33:12 | configuration dataset=time/coastal_t_s_h_part01 L=168 H=24 model=repeat covariates=none instance_norm=true remove_constant=false seed=1 batch_size=512
[2026-08-27 14:33:14,697][data.dataset][INFO] - dataset config path=/fssmall/home/h61084/codes/datasets/time/coastal_t_s_h_part01/config.json applied_keys=['date_col', 'drop_users', 'target_cols']
[2026-08-27 14:33:14,720][evaluation.evaluator][INFO] - evaluate dataset=time/coastal_t_s_h_part01 users=3 dates=8524 windows=51 removed_constant=0 L=168 H=24 stride=512
[2026-08-27 14:33:14,953][evaluation.evaluator][INFO] - artifacts ready run=/fssmall/home/h61084/codes/tsfm/outputs_selena/univariate/time-coastal_t_s_h_part01/168_24/repeat/none/instance/keep/run_0 mse=129.529 nmse=2.01495 inference_seconds=0.020
2026-08-27 14:33:15 | configuration dataset=time/coastal_t_s_h_part01 L=168 H=24 model=lookback covariates=none instance_norm=true remove_constant=false seed=1 batch_size=512
[2026-08-27 14:33:18,322][data.dataset][INFO] - dataset config path=/fssmall/home/h61084/codes/datasets/time/coastal_t_s_h_part01/config.json applied_keys=['date_col', 'drop_users', 'target_cols']
[2026-08-27 14:33:18,333][evaluation.evaluator][INFO] - lookback weekly period=168 observations
[2026-08-27 14:33:18,345][evaluation.evaluator][INFO] - evaluate dataset=time/coastal_t_s_h_part01 users=3 dates=8524 windows=51 removed_constant=0 L=168 H=24 stride=512
[2026-08-27 14:33:18,569][evaluation.evaluator][INFO] - artifacts ready run=/fssmall/home/h61084/codes/tsfm/outputs_selena/univariate/time-coastal_t_s_h_part01/168_24/lookback/none/instance/keep/run_0 mse=299.21 nmse=4.07133 inference_seconds=0.021
2026-08-27 14:33:19 | configuration dataset=time/coastal_t_s_h_part01 L=168 H=24 model=chronos2 covariates=none instance_norm=true remove_constant=false seed=1 batch_size=64
[2026-08-27 14:33:21,878][data.dataset][INFO] - dataset config path=/fssmall/home/h61084/codes/datasets/time/coastal_t_s_h_part01/config.json applied_keys=['date_col', 'drop_users', 'target_cols']
[2026-08-27 14:33:21,901][evaluation.evaluator][INFO] - evaluate dataset=time/coastal_t_s_h_part01 users=3 dates=8524 windows=51 removed_constant=0 L=168 H=24 stride=512
[2026-08-27 14:33:27,498][evaluation.evaluator][INFO] - artifacts ready run=/fssmall/home/h61084/codes/tsfm/outputs_selena/univariate/time-coastal_t_s_h_part01/168_24/chronos2/none/instance/keep/run_0 mse=76.0224 nmse=1.16071 inference_seconds=0.195
2026-08-27 14:33:28 | configuration dataset=time/coastal_t_s_h_part01 L=336 H=48 model=persistence covariates=none instance_norm=true remove_constant=false seed=1 batch_size=512
[2026-08-27 14:33:31,142][data.dataset][INFO] - dataset config path=/fssmall/home/h61084/codes/datasets/time/coastal_t_s_h_part01/config.json applied_keys=['date_col', 'drop_users', 'target_cols']
[2026-08-27 14:33:31,164][evaluation.evaluator][INFO] - evaluate dataset=time/coastal_t_s_h_part01 users=3 dates=8524 windows=48 removed_constant=0 L=336 H=48 stride=512
[2026-08-27 14:33:31,408][evaluation.evaluator][INFO] - artifacts ready run=/fssmall/home/h61084/codes/tsfm/outputs_selena/univariate/time-coastal_t_s_h_part01/336_48/persistence/none/instance/keep/run_0 mse=98.1045 nmse=1.72682 inference_seconds=0.025
2026-08-27 14:33:32 | configuration dataset=time/coastal_t_s_h_part01 L=336 H=48 model=expected covariates=none instance_norm=true remove_constant=false seed=1 batch_size=512
[2026-08-27 14:33:34,760][data.dataset][INFO] - dataset config path=/fssmall/home/h61084/codes/datasets/time/coastal_t_s_h_part01/config.json applied_keys=['date_col', 'drop_users', 'target_cols']
[2026-08-27 14:33:34,781][evaluation.evaluator][INFO] - evaluate dataset=time/coastal_t_s_h_part01 users=3 dates=8524 windows=48 removed_constant=0 L=336 H=48 stride=512
[2026-08-27 14:33:35,027][evaluation.evaluator][INFO] - artifacts ready run=/fssmall/home/h61084/codes/tsfm/outputs_selena/univariate/time-coastal_t_s_h_part01/336_48/expected/none/instance/keep/run_0 mse=65.4486 nmse=1.33862 inference_seconds=0.025
2026-08-27 14:33:35 | configuration dataset=time/coastal_t_s_h_part01 L=336 H=48 model=repeat covariates=none instance_norm=true remove_constant=false seed=1 batch_size=512
[2026-08-27 14:33:38,376][data.dataset][INFO] - dataset config path=/fssmall/home/h61084/codes/datasets/time/coastal_t_s_h_part01/config.json applied_keys=['date_col', 'drop_users', 'target_cols']
[2026-08-27 14:33:38,397][evaluation.evaluator][INFO] - evaluate dataset=time/coastal_t_s_h_part01 users=3 dates=8524 windows=48 removed_constant=0 L=336 H=48 stride=512
[2026-08-27 14:33:38,619][evaluation.evaluator][INFO] - artifacts ready run=/fssmall/home/h61084/codes/tsfm/outputs_selena/univariate/time-coastal_t_s_h_part01/336_48/repeat/none/instance/keep/run_0 mse=109.469 nmse=1.94669 inference_seconds=0.020
2026-08-27 14:33:39 | configuration dataset=time/coastal_t_s_h_part01 L=336 H=48 model=lookback covariates=none instance_norm=true remove_constant=false seed=1 batch_size=512
[2026-08-27 14:33:41,978][data.dataset][INFO] - dataset config path=/fssmall/home/h61084/codes/datasets/time/coastal_t_s_h_part01/config.json applied_keys=['date_col', 'drop_users', 'target_cols']
[2026-08-27 14:33:41,988][evaluation.evaluator][INFO] - lookback weekly period=168 observations
[2026-08-27 14:33:42,000][evaluation.evaluator][INFO] - evaluate dataset=time/coastal_t_s_h_part01 users=3 dates=8524 windows=48 removed_constant=0 L=336 H=48 stride=512
[2026-08-27 14:33:42,239][evaluation.evaluator][INFO] - artifacts ready run=/fssmall/home/h61084/codes/tsfm/outputs_selena/univariate/time-coastal_t_s_h_part01/336_48/lookback/none/instance/keep/run_0 mse=103.973 nmse=2.15386 inference_seconds=0.020
2026-08-27 14:33:43 | configuration dataset=time/coastal_t_s_h_part01 L=336 H=48 model=chronos2 covariates=none instance_norm=true remove_constant=false seed=1 batch_size=64
[2026-08-27 14:33:45,613][data.dataset][INFO] - dataset config path=/fssmall/home/h61084/codes/datasets/time/coastal_t_s_h_part01/config.json applied_keys=['date_col', 'drop_users', 'target_cols']
[2026-08-27 14:33:45,634][evaluation.evaluator][INFO] - evaluate dataset=time/coastal_t_s_h_part01 users=3 dates=8524 windows=48 removed_constant=0 L=336 H=48 stride=512
[2026-08-27 14:33:51,296][evaluation.evaluator][INFO] - artifacts ready run=/fssmall/home/h61084/codes/tsfm/outputs_selena/univariate/time-coastal_t_s_h_part01/336_48/chronos2/none/instance/keep/run_0 mse=59.7028 nmse=1.28071 inference_seconds=0.197
2026-08-27 14:33:52 | configuration dataset=time/coastal_t_s_h_part01 L=504 H=168 model=persistence covariates=none instance_norm=true remove_constant=false seed=1 batch_size=512
[2026-08-27 14:33:55,093][data.dataset][INFO] - dataset config path=/fssmall/home/h61084/codes/datasets/time/coastal_t_s_h_part01/config.json applied_keys=['date_col', 'drop_users', 'target_cols']
[2026-08-27 14:33:55,117][evaluation.evaluator][INFO] - evaluate dataset=time/coastal_t_s_h_part01 users=3 dates=8524 windows=48 removed_constant=0 L=504 H=168 stride=512
[2026-08-27 14:33:55,349][evaluation.evaluator][INFO] - artifacts ready run=/fssmall/home/h61084/codes/tsfm/outputs_selena/univariate/time-coastal_t_s_h_part01/504_168/persistence/none/instance/keep/run_0 mse=270.577 nmse=12.4283 inference_seconds=0.025
2026-08-27 14:33:56 | configuration dataset=time/coastal_t_s_h_part01 L=504 H=168 model=expected covariates=none instance_norm=true remove_constant=false seed=1 batch_size=512
[2026-08-27 14:33:58,741][data.dataset][INFO] - dataset config path=/fssmall/home/h61084/codes/datasets/time/coastal_t_s_h_part01/config.json applied_keys=['date_col', 'drop_users', 'target_cols']
[2026-08-27 14:33:58,764][evaluation.evaluator][INFO] - evaluate dataset=time/coastal_t_s_h_part01 users=3 dates=8524 windows=48 removed_constant=0 L=504 H=168 stride=512
[2026-08-27 14:33:59,008][evaluation.evaluator][INFO] - artifacts ready run=/fssmall/home/h61084/codes/tsfm/outputs_selena/univariate/time-coastal_t_s_h_part01/504_168/expected/none/instance/keep/run_0 mse=240.72 nmse=12.1666 inference_seconds=0.025
2026-08-27 14:33:59 | configuration dataset=time/coastal_t_s_h_part01 L=504 H=168 model=repeat covariates=none instance_norm=true remove_constant=false seed=1 batch_size=512
[2026-08-27 14:34:02,386][data.dataset][INFO] - dataset config path=/fssmall/home/h61084/codes/datasets/time/coastal_t_s_h_part01/config.json applied_keys=['date_col', 'drop_users', 'target_cols']
[2026-08-27 14:34:02,408][evaluation.evaluator][INFO] - evaluate dataset=time/coastal_t_s_h_part01 users=3 dates=8524 windows=48 removed_constant=0 L=504 H=168 stride=512
[2026-08-27 14:34:02,639][evaluation.evaluator][INFO] - artifacts ready run=/fssmall/home/h61084/codes/tsfm/outputs_selena/univariate/time-coastal_t_s_h_part01/504_168/repeat/none/instance/keep/run_0 mse=272.089 nmse=12.8308 inference_seconds=0.021
2026-08-27 14:34:03 | configuration dataset=time/coastal_t_s_h_part01 L=504 H=168 model=lookback covariates=none instance_norm=true remove_constant=false seed=1 batch_size=512
[2026-08-27 14:34:05,976][data.dataset][INFO] - dataset config path=/fssmall/home/h61084/codes/datasets/time/coastal_t_s_h_part01/config.json applied_keys=['date_col', 'drop_users', 'target_cols']
[2026-08-27 14:34:05,985][evaluation.evaluator][INFO] - lookback weekly period=168 observations
[2026-08-27 14:34:05,997][evaluation.evaluator][INFO] - evaluate dataset=time/coastal_t_s_h_part01 users=3 dates=8524 windows=48 removed_constant=0 L=504 H=168 stride=512
[2026-08-27 14:34:06,225][evaluation.evaluator][INFO] - artifacts ready run=/fssmall/home/h61084/codes/tsfm/outputs_selena/univariate/time-coastal_t_s_h_part01/504_168/lookback/none/instance/keep/run_0 mse=272.089 nmse=12.8308 inference_seconds=0.020
2026-08-27 14:34:07 | configuration dataset=time/coastal_t_s_h_part01 L=504 H=168 model=chronos2 covariates=none instance_norm=true remove_constant=false seed=1 batch_size=64
[2026-08-27 14:34:09,585][data.dataset][INFO] - dataset config path=/fssmall/home/h61084/codes/datasets/time/coastal_t_s_h_part01/config.json applied_keys=['date_col', 'drop_users', 'target_cols']
[2026-08-27 14:34:09,608][evaluation.evaluator][INFO] - evaluate dataset=time/coastal_t_s_h_part01 users=3 dates=8524 windows=48 removed_constant=0 L=504 H=168 stride=512
[2026-08-27 14:34:15,305][evaluation.evaluator][INFO] - artifacts ready run=/fssmall/home/h61084/codes/tsfm/outputs_selena/univariate/time-coastal_t_s_h_part01/504_168/chronos2/none/instance/keep/run_0 mse=205.227 nmse=12.0411 inference_seconds=0.199
2026-08-27 14:34:16 | configuration dataset=time/coastal_t_s_h_part02 L=168 H=24 model=persistence covariates=none instance_norm=true remove_constant=false seed=1 batch_size=512
[2026-08-27 14:34:19,066][data.dataset][INFO] - dataset config path=/fssmall/home/h61084/codes/datasets/time/coastal_t_s_h_part02/config.json applied_keys=['date_col', 'drop_users', 'target_cols']
[2026-08-27 14:34:19,086][evaluation.evaluator][INFO] - evaluate dataset=time/coastal_t_s_h_part02 users=3 dates=3771 windows=21 removed_constant=0 L=168 H=24 stride=512
[2026-08-27 14:34:19,311][evaluation.evaluator][INFO] - artifacts ready run=/fssmall/home/h61084/codes/tsfm/outputs_selena/univariate/time-coastal_t_s_h_part02/168_24/persistence/none/instance/keep/run_0 mse=6.52901 nmse=1.39312 inference_seconds=0.024
2026-08-27 14:34:20 | configuration dataset=time/coastal_t_s_h_part02 L=168 H=24 model=expected covariates=none instance_norm=true remove_constant=false seed=1 batch_size=512
[2026-08-27 14:34:22,793][data.dataset][INFO] - dataset config path=/fssmall/home/h61084/codes/datasets/time/coastal_t_s_h_part02/config.json applied_keys=['date_col', 'drop_users', 'target_cols']
[2026-08-27 14:34:22,812][evaluation.evaluator][INFO] - evaluate dataset=time/coastal_t_s_h_part02 users=3 dates=3771 windows=21 removed_constant=0 L=168 H=24 stride=512
[2026-08-27 14:34:23,047][evaluation.evaluator][INFO] - artifacts ready run=/fssmall/home/h61084/codes/tsfm/outputs_selena/univariate/time-coastal_t_s_h_part02/168_24/expected/none/instance/keep/run_0 mse=7.29082 nmse=3.14091 inference_seconds=0.025
2026-08-27 14:34:23 | configuration dataset=time/coastal_t_s_h_part02 L=168 H=24 model=repeat covariates=none instance_norm=true remove_constant=false seed=1 batch_size=512
[2026-08-27 14:34:26,411][data.dataset][INFO] - dataset config path=/fssmall/home/h61084/codes/datasets/time/coastal_t_s_h_part02/config.json applied_keys=['date_col', 'drop_users', 'target_cols']
[2026-08-27 14:34:26,430][evaluation.evaluator][INFO] - evaluate dataset=time/coastal_t_s_h_part02 users=3 dates=3771 windows=21 removed_constant=0 L=168 H=24 stride=512
[2026-08-27 14:34:26,651][evaluation.evaluator][INFO] - artifacts ready run=/fssmall/home/h61084/codes/tsfm/outputs_selena/univariate/time-coastal_t_s_h_part02/168_24/repeat/none/instance/keep/run_0 mse=13.0845 nmse=1.78408 inference_seconds=0.020
2026-08-27 14:34:27 | configuration dataset=time/coastal_t_s_h_part02 L=168 H=24 model=lookback covariates=none instance_norm=true remove_constant=false seed=1 batch_size=512
[2026-08-27 14:34:30,018][data.dataset][INFO] - dataset config path=/fssmall/home/h61084/codes/datasets/time/coastal_t_s_h_part02/config.json applied_keys=['date_col', 'drop_users', 'target_cols']
[2026-08-27 14:34:30,025][evaluation.evaluator][INFO] - lookback weekly period=168 observations
[2026-08-27 14:34:30,037][evaluation.evaluator][INFO] - evaluate dataset=time/coastal_t_s_h_part02 users=3 dates=3771 windows=21 removed_constant=0 L=168 H=24 stride=512
[2026-08-27 14:34:30,269][evaluation.evaluator][INFO] - artifacts ready run=/fssmall/home/h61084/codes/tsfm/outputs_selena/univariate/time-coastal_t_s_h_part02/168_24/lookback/none/instance/keep/run_0 mse=11.6348 nmse=5.71196 inference_seconds=0.021
2026-08-27 14:34:31 | configuration dataset=time/coastal_t_s_h_part02 L=168 H=24 model=chronos2 covariates=none instance_norm=true remove_constant=false seed=1 batch_size=64
[2026-08-27 14:34:33,634][data.dataset][INFO] - dataset config path=/fssmall/home/h61084/codes/datasets/time/coastal_t_s_h_part02/config.json applied_keys=['date_col', 'drop_users', 'target_cols']
[2026-08-27 14:34:33,655][evaluation.evaluator][INFO] - evaluate dataset=time/coastal_t_s_h_part02 users=3 dates=3771 windows=21 removed_constant=0 L=168 H=24 stride=512
[2026-08-27 14:34:39,302][evaluation.evaluator][INFO] - artifacts ready run=/fssmall/home/h61084/codes/tsfm/outputs_selena/univariate/time-coastal_t_s_h_part02/168_24/chronos2/none/instance/keep/run_0 mse=6.59182 nmse=0.589421 inference_seconds=0.194
2026-08-27 14:34:40 | configuration dataset=time/coastal_t_s_h_part02 L=336 H=48 model=persistence covariates=none instance_norm=true remove_constant=false seed=1 batch_size=512
[2026-08-27 14:34:43,049][data.dataset][INFO] - dataset config path=/fssmall/home/h61084/codes/datasets/time/coastal_t_s_h_part02/config.json applied_keys=['date_col', 'drop_users', 'target_cols']
[2026-08-27 14:34:43,068][evaluation.evaluator][INFO] - evaluate dataset=time/coastal_t_s_h_part02 users=3 dates=3771 windows=21 removed_constant=0 L=336 H=48 stride=512
[2026-08-27 14:34:43,307][evaluation.evaluator][INFO] - artifacts ready run=/fssmall/home/h61084/codes/tsfm/outputs_selena/univariate/time-coastal_t_s_h_part02/336_48/persistence/none/instance/keep/run_0 mse=13.6308 nmse=2.89685 inference_seconds=0.025
2026-08-27 14:34:44 | configuration dataset=time/coastal_t_s_h_part02 L=336 H=48 model=expected covariates=none instance_norm=true remove_constant=false seed=1 batch_size=512
[2026-08-27 14:34:46,671][data.dataset][INFO] - dataset config path=/fssmall/home/h61084/codes/datasets/time/coastal_t_s_h_part02/config.json applied_keys=['date_col', 'drop_users', 'target_cols']
[2026-08-27 14:34:46,690][evaluation.evaluator][INFO] - evaluate dataset=time/coastal_t_s_h_part02 users=3 dates=3771 windows=21 removed_constant=0 L=336 H=48 stride=512
[2026-08-27 14:34:46,913][evaluation.evaluator][INFO] - artifacts ready run=/fssmall/home/h61084/codes/tsfm/outputs_selena/univariate/time-coastal_t_s_h_part02/336_48/expected/none/instance/keep/run_0 mse=7.12631 nmse=2.65557 inference_seconds=0.025
2026-08-27 14:34:47 | configuration dataset=time/coastal_t_s_h_part02 L=336 H=48 model=repeat covariates=none instance_norm=true remove_constant=false seed=1 batch_size=512
[2026-08-27 14:34:50,246][data.dataset][INFO] - dataset config path=/fssmall/home/h61084/codes/datasets/time/coastal_t_s_h_part02/config.json applied_keys=['date_col', 'drop_users', 'target_cols']
[2026-08-27 14:34:50,264][evaluation.evaluator][INFO] - evaluate dataset=time/coastal_t_s_h_part02 users=3 dates=3771 windows=21 removed_constant=0 L=336 H=48 stride=512
[2026-08-27 14:34:50,510][evaluation.evaluator][INFO] - artifacts ready run=/fssmall/home/h61084/codes/tsfm/outputs_selena/univariate/time-coastal_t_s_h_part02/336_48/repeat/none/instance/keep/run_0 mse=11.7255 nmse=2.45093 inference_seconds=0.021
2026-08-27 14:34:51 | configuration dataset=time/coastal_t_s_h_part02 L=336 H=48 model=lookback covariates=none instance_norm=true remove_constant=false seed=1 batch_size=512
[2026-08-27 14:34:53,895][data.dataset][INFO] - dataset config path=/fssmall/home/h61084/codes/datasets/time/coastal_t_s_h_part02/config.json applied_keys=['date_col', 'drop_users', 'target_cols']
[2026-08-27 14:34:53,902][evaluation.evaluator][INFO] - lookback weekly period=168 observations
[2026-08-27 14:34:53,913][evaluation.evaluator][INFO] - evaluate dataset=time/coastal_t_s_h_part02 users=3 dates=3771 windows=21 removed_constant=0 L=336 H=48 stride=512
[2026-08-27 14:34:54,142][evaluation.evaluator][INFO] - artifacts ready run=/fssmall/home/h61084/codes/tsfm/outputs_selena/univariate/time-coastal_t_s_h_part02/336_48/lookback/none/instance/keep/run_0 mse=11.4425 nmse=3.29776 inference_seconds=0.021
2026-08-27 14:34:55 | configuration dataset=time/coastal_t_s_h_part02 L=336 H=48 model=chronos2 covariates=none instance_norm=true remove_constant=false seed=1 batch_size=64
[2026-08-27 14:34:57,554][data.dataset][INFO] - dataset config path=/fssmall/home/h61084/codes/datasets/time/coastal_t_s_h_part02/config.json applied_keys=['date_col', 'drop_users', 'target_cols']
[2026-08-27 14:34:57,575][evaluation.evaluator][INFO] - evaluate dataset=time/coastal_t_s_h_part02 users=3 dates=3771 windows=21 removed_constant=0 L=336 H=48 stride=512
[2026-08-27 14:35:03,435][evaluation.evaluator][INFO] - artifacts ready run=/fssmall/home/h61084/codes/tsfm/outputs_selena/univariate/time-coastal_t_s_h_part02/336_48/chronos2/none/instance/keep/run_0 mse=7.01286 nmse=1.90847 inference_seconds=0.194
2026-08-27 14:35:04 | configuration dataset=time/coastal_t_s_h_part02 L=504 H=168 model=persistence covariates=none instance_norm=true remove_constant=false seed=1 batch_size=512
[2026-08-27 14:35:07,167][data.dataset][INFO] - dataset config path=/fssmall/home/h61084/codes/datasets/time/coastal_t_s_h_part02/config.json applied_keys=['date_col', 'drop_users', 'target_cols']
[2026-08-27 14:35:07,190][evaluation.evaluator][INFO] - evaluate dataset=time/coastal_t_s_h_part02 users=3 dates=3771 windows=21 removed_constant=0 L=504 H=168 stride=512
[2026-08-27 14:35:07,415][evaluation.evaluator][INFO] - artifacts ready run=/fssmall/home/h61084/codes/tsfm/outputs_selena/univariate/time-coastal_t_s_h_part02/504_168/persistence/none/instance/keep/run_0 mse=3.20843 nmse=1.85222 inference_seconds=0.025
2026-08-27 14:35:08 | configuration dataset=time/coastal_t_s_h_part02 L=504 H=168 model=expected covariates=none instance_norm=true remove_constant=false seed=1 batch_size=512
[2026-08-27 14:35:10,881][data.dataset][INFO] - dataset config path=/fssmall/home/h61084/codes/datasets/time/coastal_t_s_h_part02/config.json applied_keys=['date_col', 'drop_users', 'target_cols']
[2026-08-27 14:35:10,901][evaluation.evaluator][INFO] - evaluate dataset=time/coastal_t_s_h_part02 users=3 dates=3771 windows=21 removed_constant=0 L=504 H=168 stride=512
[2026-08-27 14:35:11,140][evaluation.evaluator][INFO] - artifacts ready run=/fssmall/home/h61084/codes/tsfm/outputs_selena/univariate/time-coastal_t_s_h_part02/504_168/expected/none/instance/keep/run_0 mse=28.0313 nmse=3.93704 inference_seconds=0.025
2026-08-27 14:35:11 | configuration dataset=time/coastal_t_s_h_part02 L=504 H=168 model=repeat covariates=none instance_norm=true remove_constant=false seed=1 batch_size=512
[2026-08-27 14:35:14,530][data.dataset][INFO] - dataset config path=/fssmall/home/h61084/codes/datasets/time/coastal_t_s_h_part02/config.json applied_keys=['date_col', 'drop_users', 'target_cols']
[2026-08-27 14:35:14,550][evaluation.evaluator][INFO] - evaluate dataset=time/coastal_t_s_h_part02 users=3 dates=3771 windows=21 removed_constant=0 L=504 H=168 stride=512
[2026-08-27 14:35:14,772][evaluation.evaluator][INFO] - artifacts ready run=/fssmall/home/h61084/codes/tsfm/outputs_selena/univariate/time-coastal_t_s_h_part02/504_168/repeat/none/instance/keep/run_0 mse=30.6239 nmse=3.47766 inference_seconds=0.021
2026-08-27 14:35:15 | configuration dataset=time/coastal_t_s_h_part02 L=504 H=168 model=lookback covariates=none instance_norm=true remove_constant=false seed=1 batch_size=512
[2026-08-27 14:35:18,166][data.dataset][INFO] - dataset config path=/fssmall/home/h61084/codes/datasets/time/coastal_t_s_h_part02/config.json applied_keys=['date_col', 'drop_users', 'target_cols']
[2026-08-27 14:35:18,174][evaluation.evaluator][INFO] - lookback weekly period=168 observations
[2026-08-27 14:35:18,186][evaluation.evaluator][INFO] - evaluate dataset=time/coastal_t_s_h_part02 users=3 dates=3771 windows=21 removed_constant=0 L=504 H=168 stride=512
[2026-08-27 14:35:18,409][evaluation.evaluator][INFO] - artifacts ready run=/fssmall/home/h61084/codes/tsfm/outputs_selena/univariate/time-coastal_t_s_h_part02/504_168/lookback/none/instance/keep/run_0 mse=30.6239 nmse=3.47766 inference_seconds=0.020
2026-08-27 14:35:19 | configuration dataset=time/coastal_t_s_h_part02 L=504 H=168 model=chronos2 covariates=none instance_norm=true remove_constant=false seed=1 batch_size=64
[2026-08-27 14:35:21,826][data.dataset][INFO] - dataset config path=/fssmall/home/h61084/codes/datasets/time/coastal_t_s_h_part02/config.json applied_keys=['date_col', 'drop_users', 'target_cols']
[2026-08-27 14:35:21,844][evaluation.evaluator][INFO] - evaluate dataset=time/coastal_t_s_h_part02 users=3 dates=3771 windows=21 removed_constant=0 L=504 H=168 stride=512
[2026-08-27 14:35:27,552][evaluation.evaluator][INFO] - artifacts ready run=/fssmall/home/h61084/codes/tsfm/outputs_selena/univariate/time-coastal_t_s_h_part02/504_168/chronos2/none/instance/keep/run_0 mse=14.5989 nmse=1.63994 inference_seconds=0.194
2026-08-27 14:35:28 | configuration dataset=time/coastal_t_s_h_part03 L=168 H=24 model=persistence covariates=none instance_norm=true remove_constant=false seed=1 batch_size=512
[2026-08-27 14:35:31,326][data.dataset][INFO] - dataset config path=/fssmall/home/h61084/codes/datasets/time/coastal_t_s_h_part03/config.json applied_keys=['date_col', 'drop_users', 'target_cols']
[2026-08-27 14:35:31,346][evaluation.evaluator][INFO] - evaluate dataset=time/coastal_t_s_h_part03 users=3 dates=3733 windows=21 removed_constant=0 L=168 H=24 stride=512
[2026-08-27 14:35:31,574][evaluation.evaluator][INFO] - artifacts ready run=/fssmall/home/h61084/codes/tsfm/outputs_selena/univariate/time-coastal_t_s_h_part03/168_24/persistence/none/instance/keep/run_0 mse=0.240493 nmse=1.05293 inference_seconds=0.024
2026-08-27 14:35:32 | configuration dataset=time/coastal_t_s_h_part03 L=168 H=24 model=expected covariates=none instance_norm=true remove_constant=false seed=1 batch_size=512
[2026-08-27 14:35:34,942][data.dataset][INFO] - dataset config path=/fssmall/home/h61084/codes/datasets/time/coastal_t_s_h_part03/config.json applied_keys=['date_col', 'drop_users', 'target_cols']
[2026-08-27 14:35:34,962][evaluation.evaluator][INFO] - evaluate dataset=time/coastal_t_s_h_part03 users=3 dates=3733 windows=21 removed_constant=0 L=168 H=24 stride=512
[2026-08-27 14:35:35,203][evaluation.evaluator][INFO] - artifacts ready run=/fssmall/home/h61084/codes/tsfm/outputs_selena/univariate/time-coastal_t_s_h_part03/168_24/expected/none/instance/keep/run_0 mse=0.181614 nmse=2.30889 inference_seconds=0.025
2026-08-27 14:35:36 | configuration dataset=time/coastal_t_s_h_part03 L=168 H=24 model=repeat covariates=none instance_norm=true remove_constant=false seed=1 batch_size=512
[2026-08-27 14:35:38,602][data.dataset][INFO] - dataset config path=/fssmall/home/h61084/codes/datasets/time/coastal_t_s_h_part03/config.json applied_keys=['date_col', 'drop_users', 'target_cols']
[2026-08-27 14:35:38,622][evaluation.evaluator][INFO] - evaluate dataset=time/coastal_t_s_h_part03 users=3 dates=3733 windows=21 removed_constant=0 L=168 H=24 stride=512
[2026-08-27 14:35:38,848][evaluation.evaluator][INFO] - artifacts ready run=/fssmall/home/h61084/codes/tsfm/outputs_selena/univariate/time-coastal_t_s_h_part03/168_24/repeat/none/instance/keep/run_0 mse=0.0295908 nmse=0.534696 inference_seconds=0.021
2026-08-27 14:35:39 | configuration dataset=time/coastal_t_s_h_part03 L=168 H=24 model=lookback covariates=none instance_norm=true remove_constant=false seed=1 batch_size=512
[2026-08-27 14:35:42,254][data.dataset][INFO] - dataset config path=/fssmall/home/h61084/codes/datasets/time/coastal_t_s_h_part03/config.json applied_keys=['date_col', 'drop_users', 'target_cols']
[2026-08-27 14:35:42,261][evaluation.evaluator][INFO] - lookback weekly period=168 observations
[2026-08-27 14:35:42,273][evaluation.evaluator][INFO] - evaluate dataset=time/coastal_t_s_h_part03 users=3 dates=3733 windows=21 removed_constant=0 L=168 H=24 stride=512
[2026-08-27 14:35:42,502][evaluation.evaluator][INFO] - artifacts ready run=/fssmall/home/h61084/codes/tsfm/outputs_selena/univariate/time-coastal_t_s_h_part03/168_24/lookback/none/instance/keep/run_0 mse=0.529939 nmse=4.99077 inference_seconds=0.021
2026-08-27 14:35:43 | configuration dataset=time/coastal_t_s_h_part03 L=168 H=24 model=chronos2 covariates=none instance_norm=true remove_constant=false seed=1 batch_size=64
[2026-08-27 14:35:45,913][data.dataset][INFO] - dataset config path=/fssmall/home/h61084/codes/datasets/time/coastal_t_s_h_part03/config.json applied_keys=['date_col', 'drop_users', 'target_cols']
[2026-08-27 14:35:45,933][evaluation.evaluator][INFO] - evaluate dataset=time/coastal_t_s_h_part03 users=3 dates=3733 windows=21 removed_constant=0 L=168 H=24 stride=512
[2026-08-27 14:35:51,523][evaluation.evaluator][INFO] - artifacts ready run=/fssmall/home/h61084/codes/tsfm/outputs_selena/univariate/time-coastal_t_s_h_part03/168_24/chronos2/none/instance/keep/run_0 mse=0.0053388 nmse=0.319853 inference_seconds=0.195
2026-08-27 14:35:52 | configuration dataset=time/coastal_t_s_h_part03 L=336 H=48 model=persistence covariates=none instance_norm=true remove_constant=false seed=1 batch_size=512
[2026-08-27 14:35:55,283][data.dataset][INFO] - dataset config path=/fssmall/home/h61084/codes/datasets/time/coastal_t_s_h_part03/config.json applied_keys=['date_col', 'drop_users', 'target_cols']
[2026-08-27 14:35:55,302][evaluation.evaluator][INFO] - evaluate dataset=time/coastal_t_s_h_part03 users=3 dates=3733 windows=21 removed_constant=0 L=336 H=48 stride=512
[2026-08-27 14:35:55,535][evaluation.evaluator][INFO] - artifacts ready run=/fssmall/home/h61084/codes/tsfm/outputs_selena/univariate/time-coastal_t_s_h_part03/336_48/persistence/none/instance/keep/run_0 mse=0.341923 nmse=1.30999 inference_seconds=0.026
2026-08-27 14:35:56 | configuration dataset=time/coastal_t_s_h_part03 L=336 H=48 model=expected covariates=none instance_norm=true remove_constant=false seed=1 batch_size=512
[2026-08-27 14:35:58,894][data.dataset][INFO] - dataset config path=/fssmall/home/h61084/codes/datasets/time/coastal_t_s_h_part03/config.json applied_keys=['date_col', 'drop_users', 'target_cols']
[2026-08-27 14:35:58,913][evaluation.evaluator][INFO] - evaluate dataset=time/coastal_t_s_h_part03 users=3 dates=3733 windows=21 removed_constant=0 L=336 H=48 stride=512
[2026-08-27 14:35:59,141][evaluation.evaluator][INFO] - artifacts ready run=/fssmall/home/h61084/codes/tsfm/outputs_selena/univariate/time-coastal_t_s_h_part03/336_48/expected/none/instance/keep/run_0 mse=0.163108 nmse=2.02108 inference_seconds=0.024
2026-08-27 14:36:00 | configuration dataset=time/coastal_t_s_h_part03 L=336 H=48 model=repeat covariates=none instance_norm=true remove_constant=false seed=1 batch_size=512
[2026-08-27 14:36:02,606][data.dataset][INFO] - dataset config path=/fssmall/home/h61084/codes/datasets/time/coastal_t_s_h_part03/config.json applied_keys=['date_col', 'drop_users', 'target_cols']
[2026-08-27 14:36:02,626][evaluation.evaluator][INFO] - evaluate dataset=time/coastal_t_s_h_part03 users=3 dates=3733 windows=21 removed_constant=0 L=336 H=48 stride=512
[2026-08-27 14:36:02,846][evaluation.evaluator][INFO] - artifacts ready run=/fssmall/home/h61084/codes/tsfm/outputs_selena/univariate/time-coastal_t_s_h_part03/336_48/repeat/none/instance/keep/run_0 mse=0.10919 nmse=1.26254 inference_seconds=0.020
2026-08-27 14:36:03 | configuration dataset=time/coastal_t_s_h_part03 L=336 H=48 model=lookback covariates=none instance_norm=true remove_constant=false seed=1 batch_size=512
[2026-08-27 14:36:06,245][data.dataset][INFO] - dataset config path=/fssmall/home/h61084/codes/datasets/time/coastal_t_s_h_part03/config.json applied_keys=['date_col', 'drop_users', 'target_cols']
[2026-08-27 14:36:06,253][evaluation.evaluator][INFO] - lookback weekly period=168 observations
[2026-08-27 14:36:06,265][evaluation.evaluator][INFO] - evaluate dataset=time/coastal_t_s_h_part03 users=3 dates=3733 windows=21 removed_constant=0 L=336 H=48 stride=512
[2026-08-27 14:36:06,501][evaluation.evaluator][INFO] - artifacts ready run=/fssmall/home/h61084/codes/tsfm/outputs_selena/univariate/time-coastal_t_s_h_part03/336_48/lookback/none/instance/keep/run_0 mse=0.502244 nmse=3.63318 inference_seconds=0.021
2026-08-27 14:36:07 | configuration dataset=time/coastal_t_s_h_part03 L=336 H=48 model=chronos2 covariates=none instance_norm=true remove_constant=false seed=1 batch_size=64
[2026-08-27 14:36:09,929][data.dataset][INFO] - dataset config path=/fssmall/home/h61084/codes/datasets/time/coastal_t_s_h_part03/config.json applied_keys=['date_col', 'drop_users', 'target_cols']
[2026-08-27 14:36:09,950][evaluation.evaluator][INFO] - evaluate dataset=time/coastal_t_s_h_part03 users=3 dates=3733 windows=21 removed_constant=0 L=336 H=48 stride=512
[2026-08-27 14:36:15,577][evaluation.evaluator][INFO] - artifacts ready run=/fssmall/home/h61084/codes/tsfm/outputs_selena/univariate/time-coastal_t_s_h_part03/336_48/chronos2/none/instance/keep/run_0 mse=0.0198843 nmse=0.329395 inference_seconds=0.195
2026-08-27 14:36:16 | configuration dataset=time/coastal_t_s_h_part03 L=504 H=168 model=persistence covariates=none instance_norm=true remove_constant=false seed=1 batch_size=512
[2026-08-27 14:36:19,327][data.dataset][INFO] - dataset config path=/fssmall/home/h61084/codes/datasets/time/coastal_t_s_h_part03/config.json applied_keys=['date_col', 'drop_users', 'target_cols']
[2026-08-27 14:36:19,348][evaluation.evaluator][INFO] - evaluate dataset=time/coastal_t_s_h_part03 users=3 dates=3733 windows=18 removed_constant=0 L=504 H=168 stride=512
[2026-08-27 14:36:19,576][evaluation.evaluator][INFO] - artifacts ready run=/fssmall/home/h61084/codes/tsfm/outputs_selena/univariate/time-coastal_t_s_h_part03/504_168/persistence/none/instance/keep/run_0 mse=0.236897 nmse=1.6757 inference_seconds=0.026
2026-08-27 14:36:20 | configuration dataset=time/coastal_t_s_h_part03 L=504 H=168 model=expected covariates=none instance_norm=true remove_constant=false seed=1 batch_size=512
[2026-08-27 14:36:23,022][data.dataset][INFO] - dataset config path=/fssmall/home/h61084/codes/datasets/time/coastal_t_s_h_part03/config.json applied_keys=['date_col', 'drop_users', 'target_cols']
[2026-08-27 14:36:23,042][evaluation.evaluator][INFO] - evaluate dataset=time/coastal_t_s_h_part03 users=3 dates=3733 windows=18 removed_constant=0 L=504 H=168 stride=512
[2026-08-27 14:36:23,275][evaluation.evaluator][INFO] - artifacts ready run=/fssmall/home/h61084/codes/tsfm/outputs_selena/univariate/time-coastal_t_s_h_part03/504_168/expected/none/instance/keep/run_0 mse=0.251175 nmse=3.96374 inference_seconds=0.025
2026-08-27 14:36:24 | configuration dataset=time/coastal_t_s_h_part03 L=504 H=168 model=repeat covariates=none instance_norm=true remove_constant=false seed=1 batch_size=512
[2026-08-27 14:36:26,782][data.dataset][INFO] - dataset config path=/fssmall/home/h61084/codes/datasets/time/coastal_t_s_h_part03/config.json applied_keys=['date_col', 'drop_users', 'target_cols']
[2026-08-27 14:36:26,800][evaluation.evaluator][INFO] - evaluate dataset=time/coastal_t_s_h_part03 users=3 dates=3733 windows=18 removed_constant=0 L=504 H=168 stride=512
[2026-08-27 14:36:27,029][evaluation.evaluator][INFO] - artifacts ready run=/fssmall/home/h61084/codes/tsfm/outputs_selena/univariate/time-coastal_t_s_h_part03/504_168/repeat/none/instance/keep/run_0 mse=0.47096 nmse=3.29694 inference_seconds=0.020
2026-08-27 14:36:27 | configuration dataset=time/coastal_t_s_h_part03 L=504 H=168 model=lookback covariates=none instance_norm=true remove_constant=false seed=1 batch_size=512
[2026-08-27 14:36:30,447][data.dataset][INFO] - dataset config path=/fssmall/home/h61084/codes/datasets/time/coastal_t_s_h_part03/config.json applied_keys=['date_col', 'drop_users', 'target_cols']
[2026-08-27 14:36:30,456][evaluation.evaluator][INFO] - lookback weekly period=168 observations
[2026-08-27 14:36:30,468][evaluation.evaluator][INFO] - evaluate dataset=time/coastal_t_s_h_part03 users=3 dates=3733 windows=18 removed_constant=0 L=504 H=168 stride=512
[2026-08-27 14:36:30,710][evaluation.evaluator][INFO] - artifacts ready run=/fssmall/home/h61084/codes/tsfm/outputs_selena/univariate/time-coastal_t_s_h_part03/504_168/lookback/none/instance/keep/run_0 mse=0.47096 nmse=3.29694 inference_seconds=0.021
2026-08-27 14:36:31 | configuration dataset=time/coastal_t_s_h_part03 L=504 H=168 model=chronos2 covariates=none instance_norm=true remove_constant=false seed=1 batch_size=64
[2026-08-27 14:36:34,170][data.dataset][INFO] - dataset config path=/fssmall/home/h61084/codes/datasets/time/coastal_t_s_h_part03/config.json applied_keys=['date_col', 'drop_users', 'target_cols']
[2026-08-27 14:36:34,190][evaluation.evaluator][INFO] - evaluate dataset=time/coastal_t_s_h_part03 users=3 dates=3733 windows=18 removed_constant=0 L=504 H=168 stride=512
[2026-08-27 14:36:39,937][evaluation.evaluator][INFO] - artifacts ready run=/fssmall/home/h61084/codes/tsfm/outputs_selena/univariate/time-coastal_t_s_h_part03/504_168/chronos2/none/instance/keep/run_0 mse=0.0677079 nmse=1.87924 inference_seconds=0.196
2026-08-27 14:36:41 | configuration dataset=time/coastal_t_s_h_part04 L=168 H=24 model=persistence covariates=none instance_norm=true remove_constant=false seed=1 batch_size=512
[2026-08-27 14:36:43,675][data.dataset][INFO] - dataset config path=/fssmall/home/h61084/codes/datasets/time/coastal_t_s_h_part04/config.json applied_keys=['date_col', 'drop_users', 'target_cols']
[2026-08-27 14:36:43,699][evaluation.evaluator][INFO] - evaluate dataset=time/coastal_t_s_h_part04 users=3 dates=6673 windows=39 removed_constant=0 L=168 H=24 stride=512
[2026-08-27 14:36:43,924][evaluation.evaluator][INFO] - artifacts ready run=/fssmall/home/h61084/codes/tsfm/outputs_selena/univariate/time-coastal_t_s_h_part04/168_24/persistence/none/instance/keep/run_0 mse=56.294 nmse=1.39422 inference_seconds=0.026
2026-08-27 14:36:44 | configuration dataset=time/coastal_t_s_h_part04 L=168 H=24 model=expected covariates=none instance_norm=true remove_constant=false seed=1 batch_size=512
[2026-08-27 14:36:47,361][data.dataset][INFO] - dataset config path=/fssmall/home/h61084/codes/datasets/time/coastal_t_s_h_part04/config.json applied_keys=['date_col', 'drop_users', 'target_cols']
[2026-08-27 14:36:47,382][evaluation.evaluator][INFO] - evaluate dataset=time/coastal_t_s_h_part04 users=3 dates=6673 windows=39 removed_constant=0 L=168 H=24 stride=512
[2026-08-27 14:36:47,615][evaluation.evaluator][INFO] - artifacts ready run=/fssmall/home/h61084/codes/tsfm/outputs_selena/univariate/time-coastal_t_s_h_part04/168_24/expected/none/instance/keep/run_0 mse=407.018 nmse=1.61755 inference_seconds=0.025
2026-08-27 14:36:48 | configuration dataset=time/coastal_t_s_h_part04 L=168 H=24 model=repeat covariates=none instance_norm=true remove_constant=false seed=1 batch_size=512
[2026-08-27 14:36:51,035][data.dataset][INFO] - dataset config path=/fssmall/home/h61084/codes/datasets/time/coastal_t_s_h_part04/config.json applied_keys=['date_col', 'drop_users', 'target_cols']
[2026-08-27 14:36:51,057][evaluation.evaluator][INFO] - evaluate dataset=time/coastal_t_s_h_part04 users=3 dates=6673 windows=39 removed_constant=0 L=168 H=24 stride=512
[2026-08-27 14:36:51,281][evaluation.evaluator][INFO] - artifacts ready run=/fssmall/home/h61084/codes/tsfm/outputs_selena/univariate/time-coastal_t_s_h_part04/168_24/repeat/none/instance/keep/run_0 mse=139.952 nmse=1.51663 inference_seconds=0.020
2026-08-27 14:36:52 | configuration dataset=time/coastal_t_s_h_part04 L=168 H=24 model=lookback covariates=none instance_norm=true remove_constant=false seed=1 batch_size=512
[2026-08-27 14:36:54,719][data.dataset][INFO] - dataset config path=/fssmall/home/h61084/codes/datasets/time/coastal_t_s_h_part04/config.json applied_keys=['date_col', 'drop_users', 'target_cols']
[2026-08-27 14:36:54,730][evaluation.evaluator][INFO] - lookback weekly period=168 observations
[2026-08-27 14:36:54,742][evaluation.evaluator][INFO] - evaluate dataset=time/coastal_t_s_h_part04 users=3 dates=6673 windows=39 removed_constant=0 L=168 H=24 stride=512
[2026-08-27 14:36:54,971][evaluation.evaluator][INFO] - artifacts ready run=/fssmall/home/h61084/codes/tsfm/outputs_selena/univariate/time-coastal_t_s_h_part04/168_24/lookback/none/instance/keep/run_0 mse=964.479 nmse=2.72633 inference_seconds=0.020
2026-08-27 14:36:55 | configuration dataset=time/coastal_t_s_h_part04 L=168 H=24 model=chronos2 covariates=none instance_norm=true remove_constant=false seed=1 batch_size=64
[2026-08-27 14:36:58,411][data.dataset][INFO] - dataset config path=/fssmall/home/h61084/codes/datasets/time/coastal_t_s_h_part04/config.json applied_keys=['date_col', 'drop_users', 'target_cols']
[2026-08-27 14:36:58,432][evaluation.evaluator][INFO] - evaluate dataset=time/coastal_t_s_h_part04 users=3 dates=6673 windows=39 removed_constant=0 L=168 H=24 stride=512
[2026-08-27 14:37:04,078][evaluation.evaluator][INFO] - artifacts ready run=/fssmall/home/h61084/codes/tsfm/outputs_selena/univariate/time-coastal_t_s_h_part04/168_24/chronos2/none/instance/keep/run_0 mse=55.0165 nmse=0.693158 inference_seconds=0.194
2026-08-27 14:37:05 | configuration dataset=time/coastal_t_s_h_part04 L=336 H=48 model=persistence covariates=none instance_norm=true remove_constant=false seed=1 batch_size=512
[2026-08-27 14:37:07,832][data.dataset][INFO] - dataset config path=/fssmall/home/h61084/codes/datasets/time/coastal_t_s_h_part04/config.json applied_keys=['date_col', 'drop_users', 'target_cols']
[2026-08-27 14:37:07,855][evaluation.evaluator][INFO] - evaluate dataset=time/coastal_t_s_h_part04 users=3 dates=6673 windows=39 removed_constant=0 L=336 H=48 stride=512
[2026-08-27 14:37:08,085][evaluation.evaluator][INFO] - artifacts ready run=/fssmall/home/h61084/codes/tsfm/outputs_selena/univariate/time-coastal_t_s_h_part04/336_48/persistence/none/instance/keep/run_0 mse=29.4609 nmse=1.25862 inference_seconds=0.025
2026-08-27 14:37:08 | configuration dataset=time/coastal_t_s_h_part04 L=336 H=48 model=expected covariates=none instance_norm=true remove_constant=false seed=1 batch_size=512
[2026-08-27 14:37:11,510][data.dataset][INFO] - dataset config path=/fssmall/home/h61084/codes/datasets/time/coastal_t_s_h_part04/config.json applied_keys=['date_col', 'drop_users', 'target_cols']
[2026-08-27 14:37:11,532][evaluation.evaluator][INFO] - evaluate dataset=time/coastal_t_s_h_part04 users=3 dates=6673 windows=39 removed_constant=0 L=336 H=48 stride=512
[2026-08-27 14:37:11,753][evaluation.evaluator][INFO] - artifacts ready run=/fssmall/home/h61084/codes/tsfm/outputs_selena/univariate/time-coastal_t_s_h_part04/336_48/expected/none/instance/keep/run_0 mse=546.008 nmse=1.14236 inference_seconds=0.024
2026-08-27 14:37:12 | configuration dataset=time/coastal_t_s_h_part04 L=336 H=48 model=repeat covariates=none instance_norm=true remove_constant=false seed=1 batch_size=512
[2026-08-27 14:37:15,319][data.dataset][INFO] - dataset config path=/fssmall/home/h61084/codes/datasets/time/coastal_t_s_h_part04/config.json applied_keys=['date_col', 'drop_users', 'target_cols']
[2026-08-27 14:37:15,340][evaluation.evaluator][INFO] - evaluate dataset=time/coastal_t_s_h_part04 users=3 dates=6673 windows=39 removed_constant=0 L=336 H=48 stride=512
[2026-08-27 14:37:15,574][evaluation.evaluator][INFO] - artifacts ready run=/fssmall/home/h61084/codes/tsfm/outputs_selena/univariate/time-coastal_t_s_h_part04/336_48/repeat/none/instance/keep/run_0 mse=84.2047 nmse=1.18699 inference_seconds=0.021
2026-08-27 14:37:16 | configuration dataset=time/coastal_t_s_h_part04 L=336 H=48 model=lookback covariates=none instance_norm=true remove_constant=false seed=1 batch_size=512
[2026-08-27 14:37:19,087][data.dataset][INFO] - dataset config path=/fssmall/home/h61084/codes/datasets/time/coastal_t_s_h_part04/config.json applied_keys=['date_col', 'drop_users', 'target_cols']
[2026-08-27 14:37:19,097][evaluation.evaluator][INFO] - lookback weekly period=168 observations
[2026-08-27 14:37:19,109][evaluation.evaluator][INFO] - evaluate dataset=time/coastal_t_s_h_part04 users=3 dates=6673 windows=39 removed_constant=0 L=336 H=48 stride=512
[2026-08-27 14:37:19,336][evaluation.evaluator][INFO] - artifacts ready run=/fssmall/home/h61084/codes/tsfm/outputs_selena/univariate/time-coastal_t_s_h_part04/336_48/lookback/none/instance/keep/run_0 mse=1251.61 nmse=2.31958 inference_seconds=0.020
2026-08-27 14:37:20 | configuration dataset=time/coastal_t_s_h_part04 L=336 H=48 model=chronos2 covariates=none instance_norm=true remove_constant=false seed=1 batch_size=64
[2026-08-27 14:37:22,802][data.dataset][INFO] - dataset config path=/fssmall/home/h61084/codes/datasets/time/coastal_t_s_h_part04/config.json applied_keys=['date_col', 'drop_users', 'target_cols']
[2026-08-27 14:37:22,823][evaluation.evaluator][INFO] - evaluate dataset=time/coastal_t_s_h_part04 users=3 dates=6673 windows=39 removed_constant=0 L=336 H=48 stride=512
[2026-08-27 14:37:28,451][evaluation.evaluator][INFO] - artifacts ready run=/fssmall/home/h61084/codes/tsfm/outputs_selena/univariate/time-coastal_t_s_h_part04/336_48/chronos2/none/instance/keep/run_0 mse=70.9465 nmse=0.701633 inference_seconds=0.199
2026-08-27 14:37:29 | configuration dataset=time/coastal_t_s_h_part04 L=504 H=168 model=persistence covariates=none instance_norm=true remove_constant=false seed=1 batch_size=512
[2026-08-27 14:37:32,231][data.dataset][INFO] - dataset config path=/fssmall/home/h61084/codes/datasets/time/coastal_t_s_h_part04/config.json applied_keys=['date_col', 'drop_users', 'target_cols']
[2026-08-27 14:37:32,253][evaluation.evaluator][INFO] - evaluate dataset=time/coastal_t_s_h_part04 users=3 dates=6673 windows=36 removed_constant=0 L=504 H=168 stride=512
[2026-08-27 14:37:32,479][evaluation.evaluator][INFO] - artifacts ready run=/fssmall/home/h61084/codes/tsfm/outputs_selena/univariate/time-coastal_t_s_h_part04/504_168/persistence/none/instance/keep/run_0 mse=208.832 nmse=31.9112 inference_seconds=0.024
2026-08-27 14:37:33 | configuration dataset=time/coastal_t_s_h_part04 L=504 H=168 model=expected covariates=none instance_norm=true remove_constant=false seed=1 batch_size=512
[2026-08-27 14:37:35,995][data.dataset][INFO] - dataset config path=/fssmall/home/h61084/codes/datasets/time/coastal_t_s_h_part04/config.json applied_keys=['date_col', 'drop_users', 'target_cols']
[2026-08-27 14:37:36,016][evaluation.evaluator][INFO] - evaluate dataset=time/coastal_t_s_h_part04 users=3 dates=6673 windows=36 removed_constant=0 L=504 H=168 stride=512
[2026-08-27 14:37:36,248][evaluation.evaluator][INFO] - artifacts ready run=/fssmall/home/h61084/codes/tsfm/outputs_selena/univariate/time-coastal_t_s_h_part04/504_168/expected/none/instance/keep/run_0 mse=342.246 nmse=32.312 inference_seconds=0.026
2026-08-27 14:37:37 | configuration dataset=time/coastal_t_s_h_part04 L=504 H=168 model=repeat covariates=none instance_norm=true remove_constant=false seed=1 batch_size=512
[2026-08-27 14:37:39,713][data.dataset][INFO] - dataset config path=/fssmall/home/h61084/codes/datasets/time/coastal_t_s_h_part04/config.json applied_keys=['date_col', 'drop_users', 'target_cols']
[2026-08-27 14:37:39,735][evaluation.evaluator][INFO] - evaluate dataset=time/coastal_t_s_h_part04 users=3 dates=6673 windows=36 removed_constant=0 L=504 H=168 stride=512
[2026-08-27 14:37:39,955][evaluation.evaluator][INFO] - artifacts ready run=/fssmall/home/h61084/codes/tsfm/outputs_selena/univariate/time-coastal_t_s_h_part04/504_168/repeat/none/instance/keep/run_0 mse=202.78 nmse=32.6919 inference_seconds=0.021
2026-08-27 14:37:40 | configuration dataset=time/coastal_t_s_h_part04 L=504 H=168 model=lookback covariates=none instance_norm=true remove_constant=false seed=1 batch_size=512
[2026-08-27 14:37:43,434][data.dataset][INFO] - dataset config path=/fssmall/home/h61084/codes/datasets/time/coastal_t_s_h_part04/config.json applied_keys=['date_col', 'drop_users', 'target_cols']
[2026-08-27 14:37:43,445][evaluation.evaluator][INFO] - lookback weekly period=168 observations
[2026-08-27 14:37:43,457][evaluation.evaluator][INFO] - evaluate dataset=time/coastal_t_s_h_part04 users=3 dates=6673 windows=36 removed_constant=0 L=504 H=168 stride=512
[2026-08-27 14:37:43,699][evaluation.evaluator][INFO] - artifacts ready run=/fssmall/home/h61084/codes/tsfm/outputs_selena/univariate/time-coastal_t_s_h_part04/504_168/lookback/none/instance/keep/run_0 mse=202.78 nmse=32.6919 inference_seconds=0.020
2026-08-27 14:37:44 | configuration dataset=time/coastal_t_s_h_part04 L=504 H=168 model=chronos2 covariates=none instance_norm=true remove_constant=false seed=1 batch_size=64
[2026-08-27 14:37:47,178][data.dataset][INFO] - dataset config path=/fssmall/home/h61084/codes/datasets/time/coastal_t_s_h_part04/config.json applied_keys=['date_col', 'drop_users', 'target_cols']
[2026-08-27 14:37:47,198][evaluation.evaluator][INFO] - evaluate dataset=time/coastal_t_s_h_part04 users=3 dates=6673 windows=36 removed_constant=0 L=504 H=168 stride=512
[2026-08-27 14:37:52,838][evaluation.evaluator][INFO] - artifacts ready run=/fssmall/home/h61084/codes/tsfm/outputs_selena/univariate/time-coastal_t_s_h_part04/504_168/chronos2/none/instance/keep/run_0 mse=231.125 nmse=31.8791 inference_seconds=0.194
2026-08-27 14:37:54 | configuration dataset=time/coastal_t_s_h_part05 L=168 H=24 model=persistence covariates=none instance_norm=true remove_constant=false seed=1 batch_size=512
[2026-08-27 14:37:56,677][data.dataset][INFO] - dataset config path=/fssmall/home/h61084/codes/datasets/time/coastal_t_s_h_part05/config.json applied_keys=['date_col', 'drop_users', 'target_cols']
[2026-08-27 14:37:56,701][evaluation.evaluator][INFO] - evaluate dataset=time/coastal_t_s_h_part05 users=3 dates=6788 windows=39 removed_constant=0 L=168 H=24 stride=512
[2026-08-27 14:37:56,935][evaluation.evaluator][INFO] - artifacts ready run=/fssmall/home/h61084/codes/tsfm/outputs_selena/univariate/time-coastal_t_s_h_part05/168_24/persistence/none/instance/keep/run_0 mse=1.20754 nmse=3.0381 inference_seconds=0.025
2026-08-27 14:37:57 | configuration dataset=time/coastal_t_s_h_part05 L=168 H=24 model=expected covariates=none instance_norm=true remove_constant=false seed=1 batch_size=512
[2026-08-27 14:38:00,395][data.dataset][INFO] - dataset config path=/fssmall/home/h61084/codes/datasets/time/coastal_t_s_h_part05/config.json applied_keys=['date_col', 'drop_users', 'target_cols']
[2026-08-27 14:38:00,418][evaluation.evaluator][INFO] - evaluate dataset=time/coastal_t_s_h_part05 users=3 dates=6788 windows=39 removed_constant=0 L=168 H=24 stride=512
[2026-08-27 14:38:00,642][evaluation.evaluator][INFO] - artifacts ready run=/fssmall/home/h61084/codes/tsfm/outputs_selena/univariate/time-coastal_t_s_h_part05/168_24/expected/none/instance/keep/run_0 mse=3.65607 nmse=1.6512 inference_seconds=0.025
2026-08-27 14:38:01 | configuration dataset=time/coastal_t_s_h_part05 L=168 H=24 model=repeat covariates=none instance_norm=true remove_constant=false seed=1 batch_size=512
[2026-08-27 14:38:04,153][data.dataset][INFO] - dataset config path=/fssmall/home/h61084/codes/datasets/time/coastal_t_s_h_part05/config.json applied_keys=['date_col', 'drop_users', 'target_cols']
[2026-08-27 14:38:04,175][evaluation.evaluator][INFO] - evaluate dataset=time/coastal_t_s_h_part05 users=3 dates=6788 windows=39 removed_constant=0 L=168 H=24 stride=512
[2026-08-27 14:38:04,400][evaluation.evaluator][INFO] - artifacts ready run=/fssmall/home/h61084/codes/tsfm/outputs_selena/univariate/time-coastal_t_s_h_part05/168_24/repeat/none/instance/keep/run_0 mse=0.392222 nmse=0.976184 inference_seconds=0.020
2026-08-27 14:38:05 | configuration dataset=time/coastal_t_s_h_part05 L=168 H=24 model=lookback covariates=none instance_norm=true remove_constant=false seed=1 batch_size=512
[2026-08-27 14:38:07,890][data.dataset][INFO] - dataset config path=/fssmall/home/h61084/codes/datasets/time/coastal_t_s_h_part05/config.json applied_keys=['date_col', 'drop_users', 'target_cols']
[2026-08-27 14:38:07,900][evaluation.evaluator][INFO] - lookback weekly period=168 observations
[2026-08-27 14:38:07,913][evaluation.evaluator][INFO] - evaluate dataset=time/coastal_t_s_h_part05 users=3 dates=6788 windows=39 removed_constant=0 L=168 H=24 stride=512
[2026-08-27 14:38:08,135][evaluation.evaluator][INFO] - artifacts ready run=/fssmall/home/h61084/codes/tsfm/outputs_selena/univariate/time-coastal_t_s_h_part05/168_24/lookback/none/instance/keep/run_0 mse=6.43438 nmse=2.95871 inference_seconds=0.021
2026-08-27 14:38:09 | configuration dataset=time/coastal_t_s_h_part05 L=168 H=24 model=chronos2 covariates=none instance_norm=true remove_constant=false seed=1 batch_size=64
[2026-08-27 14:38:11,681][data.dataset][INFO] - dataset config path=/fssmall/home/h61084/codes/datasets/time/coastal_t_s_h_part05/config.json applied_keys=['date_col', 'drop_users', 'target_cols']
[2026-08-27 14:38:11,703][evaluation.evaluator][INFO] - evaluate dataset=time/coastal_t_s_h_part05 users=3 dates=6788 windows=39 removed_constant=0 L=168 H=24 stride=512
[2026-08-27 14:38:17,339][evaluation.evaluator][INFO] - artifacts ready run=/fssmall/home/h61084/codes/tsfm/outputs_selena/univariate/time-coastal_t_s_h_part05/168_24/chronos2/none/instance/keep/run_0 mse=0.269656 nmse=0.783624 inference_seconds=0.194
2026-08-27 14:38:18 | configuration dataset=time/coastal_t_s_h_part05 L=336 H=48 model=persistence covariates=none instance_norm=true remove_constant=false seed=1 batch_size=512
[2026-08-27 14:38:21,148][data.dataset][INFO] - dataset config path=/fssmall/home/h61084/codes/datasets/time/coastal_t_s_h_part05/config.json applied_keys=['date_col', 'drop_users', 'target_cols']
[2026-08-27 14:38:21,170][evaluation.evaluator][INFO] - evaluate dataset=time/coastal_t_s_h_part05 users=3 dates=6788 windows=39 removed_constant=0 L=336 H=48 stride=512
[2026-08-27 14:38:21,402][evaluation.evaluator][INFO] - artifacts ready run=/fssmall/home/h61084/codes/tsfm/outputs_selena/univariate/time-coastal_t_s_h_part05/336_48/persistence/none/instance/keep/run_0 mse=0.622549 nmse=1.55115 inference_seconds=0.025
2026-08-27 14:38:22 | configuration dataset=time/coastal_t_s_h_part05 L=336 H=48 model=expected covariates=none instance_norm=true remove_constant=false seed=1 batch_size=512
[2026-08-27 14:38:24,961][data.dataset][INFO] - dataset config path=/fssmall/home/h61084/codes/datasets/time/coastal_t_s_h_part05/config.json applied_keys=['date_col', 'drop_users', 'target_cols']
[2026-08-27 14:38:24,982][evaluation.evaluator][INFO] - evaluate dataset=time/coastal_t_s_h_part05 users=3 dates=6788 windows=39 removed_constant=0 L=336 H=48 stride=512
[2026-08-27 14:38:25,216][evaluation.evaluator][INFO] - artifacts ready run=/fssmall/home/h61084/codes/tsfm/outputs_selena/univariate/time-coastal_t_s_h_part05/336_48/expected/none/instance/keep/run_0 mse=1.22766 nmse=1.0084 inference_seconds=0.025
2026-08-27 14:38:26 | configuration dataset=time/coastal_t_s_h_part05 L=336 H=48 model=repeat covariates=none instance_norm=true remove_constant=false seed=1 batch_size=512
[2026-08-27 14:38:28,675][data.dataset][INFO] - dataset config path=/fssmall/home/h61084/codes/datasets/time/coastal_t_s_h_part05/config.json applied_keys=['date_col', 'drop_users', 'target_cols']
[2026-08-27 14:38:28,695][evaluation.evaluator][INFO] - evaluate dataset=time/coastal_t_s_h_part05 users=3 dates=6788 windows=39 removed_constant=0 L=336 H=48 stride=512
[2026-08-27 14:38:28,915][evaluation.evaluator][INFO] - artifacts ready run=/fssmall/home/h61084/codes/tsfm/outputs_selena/univariate/time-coastal_t_s_h_part05/336_48/repeat/none/instance/keep/run_0 mse=0.797713 nmse=1.2708 inference_seconds=0.020
2026-08-27 14:38:29 | configuration dataset=time/coastal_t_s_h_part05 L=336 H=48 model=lookback covariates=none instance_norm=true remove_constant=false seed=1 batch_size=512
[2026-08-27 14:38:32,447][data.dataset][INFO] - dataset config path=/fssmall/home/h61084/codes/datasets/time/coastal_t_s_h_part05/config.json applied_keys=['date_col', 'drop_users', 'target_cols']
[2026-08-27 14:38:32,458][evaluation.evaluator][INFO] - lookback weekly period=168 observations
[2026-08-27 14:38:32,471][evaluation.evaluator][INFO] - evaluate dataset=time/coastal_t_s_h_part05 users=3 dates=6788 windows=39 removed_constant=0 L=336 H=48 stride=512
[2026-08-27 14:38:32,701][evaluation.evaluator][INFO] - artifacts ready run=/fssmall/home/h61084/codes/tsfm/outputs_selena/univariate/time-coastal_t_s_h_part05/336_48/lookback/none/instance/keep/run_0 mse=1.09939 nmse=2.05293 inference_seconds=0.020
2026-08-27 14:38:33 | configuration dataset=time/coastal_t_s_h_part05 L=336 H=48 model=chronos2 covariates=none instance_norm=true remove_constant=false seed=1 batch_size=64
[2026-08-27 14:38:36,178][data.dataset][INFO] - dataset config path=/fssmall/home/h61084/codes/datasets/time/coastal_t_s_h_part05/config.json applied_keys=['date_col', 'drop_users', 'target_cols']
[2026-08-27 14:38:36,200][evaluation.evaluator][INFO] - evaluate dataset=time/coastal_t_s_h_part05 users=3 dates=6788 windows=39 removed_constant=0 L=336 H=48 stride=512
[2026-08-27 14:38:41,921][evaluation.evaluator][INFO] - artifacts ready run=/fssmall/home/h61084/codes/tsfm/outputs_selena/univariate/time-coastal_t_s_h_part05/336_48/chronos2/none/instance/keep/run_0 mse=0.282153 nmse=0.553852 inference_seconds=0.194
2026-08-27 14:38:43 | configuration dataset=time/coastal_t_s_h_part05 L=504 H=168 model=persistence covariates=none instance_norm=true remove_constant=false seed=1 batch_size=512
[2026-08-27 14:38:45,728][data.dataset][INFO] - dataset config path=/fssmall/home/h61084/codes/datasets/time/coastal_t_s_h_part05/config.json applied_keys=['date_col', 'drop_users', 'target_cols']
[2026-08-27 14:38:45,751][evaluation.evaluator][INFO] - evaluate dataset=time/coastal_t_s_h_part05 users=3 dates=6788 windows=36 removed_constant=0 L=504 H=168 stride=512
[2026-08-27 14:38:45,979][evaluation.evaluator][INFO] - artifacts ready run=/fssmall/home/h61084/codes/tsfm/outputs_selena/univariate/time-coastal_t_s_h_part05/504_168/persistence/none/instance/keep/run_0 mse=2.18545 nmse=5.4532 inference_seconds=0.024
2026-08-27 14:38:46 | configuration dataset=time/coastal_t_s_h_part05 L=504 H=168 model=expected covariates=none instance_norm=true remove_constant=false seed=1 batch_size=512
[2026-08-27 14:38:49,509][data.dataset][INFO] - dataset config path=/fssmall/home/h61084/codes/datasets/time/coastal_t_s_h_part05/config.json applied_keys=['date_col', 'drop_users', 'target_cols']
[2026-08-27 14:38:49,531][evaluation.evaluator][INFO] - evaluate dataset=time/coastal_t_s_h_part05 users=3 dates=6788 windows=36 removed_constant=0 L=504 H=168 stride=512
[2026-08-27 14:38:49,755][evaluation.evaluator][INFO] - artifacts ready run=/fssmall/home/h61084/codes/tsfm/outputs_selena/univariate/time-coastal_t_s_h_part05/504_168/expected/none/instance/keep/run_0 mse=2.09027 nmse=4.17204 inference_seconds=0.026
2026-08-27 14:38:50 | configuration dataset=time/coastal_t_s_h_part05 L=504 H=168 model=repeat covariates=none instance_norm=true remove_constant=false seed=1 batch_size=512
[2026-08-27 14:38:53,299][data.dataset][INFO] - dataset config path=/fssmall/home/h61084/codes/datasets/time/coastal_t_s_h_part05/config.json applied_keys=['date_col', 'drop_users', 'target_cols']
[2026-08-27 14:38:53,322][evaluation.evaluator][INFO] - evaluate dataset=time/coastal_t_s_h_part05 users=3 dates=6788 windows=36 removed_constant=0 L=504 H=168 stride=512
[2026-08-27 14:38:53,556][evaluation.evaluator][INFO] - artifacts ready run=/fssmall/home/h61084/codes/tsfm/outputs_selena/univariate/time-coastal_t_s_h_part05/504_168/repeat/none/instance/keep/run_0 mse=2.27828 nmse=5.2167 inference_seconds=0.020
2026-08-27 14:38:54 | configuration dataset=time/coastal_t_s_h_part05 L=504 H=168 model=lookback covariates=none instance_norm=true remove_constant=false seed=1 batch_size=512
[2026-08-27 14:38:57,072][data.dataset][INFO] - dataset config path=/fssmall/home/h61084/codes/datasets/time/coastal_t_s_h_part05/config.json applied_keys=['date_col', 'drop_users', 'target_cols']
[2026-08-27 14:38:57,083][evaluation.evaluator][INFO] - lookback weekly period=168 observations
[2026-08-27 14:38:57,095][evaluation.evaluator][INFO] - evaluate dataset=time/coastal_t_s_h_part05 users=3 dates=6788 windows=36 removed_constant=0 L=504 H=168 stride=512
[2026-08-27 14:38:57,322][evaluation.evaluator][INFO] - artifacts ready run=/fssmall/home/h61084/codes/tsfm/outputs_selena/univariate/time-coastal_t_s_h_part05/504_168/lookback/none/instance/keep/run_0 mse=2.27828 nmse=5.2167 inference_seconds=0.021
2026-08-27 14:38:58 | configuration dataset=time/coastal_t_s_h_part05 L=504 H=168 model=chronos2 covariates=none instance_norm=true remove_constant=false seed=1 batch_size=64
[2026-08-27 14:39:00,831][data.dataset][INFO] - dataset config path=/fssmall/home/h61084/codes/datasets/time/coastal_t_s_h_part05/config.json applied_keys=['date_col', 'drop_users', 'target_cols']
[2026-08-27 14:39:00,851][evaluation.evaluator][INFO] - evaluate dataset=time/coastal_t_s_h_part05 users=3 dates=6788 windows=36 removed_constant=0 L=504 H=168 stride=512
[2026-08-27 14:39:06,514][evaluation.evaluator][INFO] - artifacts ready run=/fssmall/home/h61084/codes/tsfm/outputs_selena/univariate/time-coastal_t_s_h_part05/504_168/chronos2/none/instance/keep/run_0 mse=1.74957 nmse=3.99975 inference_seconds=0.194
2026-08-27 14:39:07 | configuration dataset=time/coastal_t_s_h_part06 L=168 H=24 model=persistence covariates=none instance_norm=true remove_constant=false seed=1 batch_size=512
[2026-08-27 14:39:10,404][data.dataset][INFO] - dataset config path=/fssmall/home/h61084/codes/datasets/time/coastal_t_s_h_part06/config.json applied_keys=['date_col', 'drop_users', 'target_cols']
[2026-08-27 14:39:10,424][evaluation.evaluator][INFO] - evaluate dataset=time/coastal_t_s_h_part06 users=3 dates=3718 windows=21 removed_constant=0 L=168 H=24 stride=512
[2026-08-27 14:39:10,657][evaluation.evaluator][INFO] - artifacts ready run=/fssmall/home/h61084/codes/tsfm/outputs_selena/univariate/time-coastal_t_s_h_part06/168_24/persistence/none/instance/keep/run_0 mse=0.281131 nmse=1.69134 inference_seconds=0.024
2026-08-27 14:39:11 | configuration dataset=time/coastal_t_s_h_part06 L=168 H=24 model=expected covariates=none instance_norm=true remove_constant=false seed=1 batch_size=512
[2026-08-27 14:39:14,256][data.dataset][INFO] - dataset config path=/fssmall/home/h61084/codes/datasets/time/coastal_t_s_h_part06/config.json applied_keys=['date_col', 'drop_users', 'target_cols']
[2026-08-27 14:39:14,276][evaluation.evaluator][INFO] - evaluate dataset=time/coastal_t_s_h_part06 users=3 dates=3718 windows=21 removed_constant=0 L=168 H=24 stride=512
[2026-08-27 14:39:14,507][evaluation.evaluator][INFO] - artifacts ready run=/fssmall/home/h61084/codes/tsfm/outputs_selena/univariate/time-coastal_t_s_h_part06/168_24/expected/none/instance/keep/run_0 mse=0.150553 nmse=1.2787 inference_seconds=0.025
2026-08-27 14:39:15 | configuration dataset=time/coastal_t_s_h_part06 L=168 H=24 model=repeat covariates=none instance_norm=true remove_constant=false seed=1 batch_size=512
[2026-08-27 14:39:18,031][data.dataset][INFO] - dataset config path=/fssmall/home/h61084/codes/datasets/time/coastal_t_s_h_part06/config.json applied_keys=['date_col', 'drop_users', 'target_cols']
[2026-08-27 14:39:18,051][evaluation.evaluator][INFO] - evaluate dataset=time/coastal_t_s_h_part06 users=3 dates=3718 windows=21 removed_constant=0 L=168 H=24 stride=512
[2026-08-27 14:39:18,274][evaluation.evaluator][INFO] - artifacts ready run=/fssmall/home/h61084/codes/tsfm/outputs_selena/univariate/time-coastal_t_s_h_part06/168_24/repeat/none/instance/keep/run_0 mse=0.0318329 nmse=0.378962 inference_seconds=0.020
2026-08-27 14:39:19 | configuration dataset=time/coastal_t_s_h_part06 L=168 H=24 model=lookback covariates=none instance_norm=true remove_constant=false seed=1 batch_size=512
[2026-08-27 14:39:21,792][data.dataset][INFO] - dataset config path=/fssmall/home/h61084/codes/datasets/time/coastal_t_s_h_part06/config.json applied_keys=['date_col', 'drop_users', 'target_cols']
[2026-08-27 14:39:21,800][evaluation.evaluator][INFO] - lookback weekly period=168 observations
[2026-08-27 14:39:21,812][evaluation.evaluator][INFO] - evaluate dataset=time/coastal_t_s_h_part06 users=3 dates=3718 windows=21 removed_constant=0 L=168 H=24 stride=512
[2026-08-27 14:39:22,031][evaluation.evaluator][INFO] - artifacts ready run=/fssmall/home/h61084/codes/tsfm/outputs_selena/univariate/time-coastal_t_s_h_part06/168_24/lookback/none/instance/keep/run_0 mse=0.426335 nmse=3.24124 inference_seconds=0.020
2026-08-27 14:39:22 | configuration dataset=time/coastal_t_s_h_part06 L=168 H=24 model=chronos2 covariates=none instance_norm=true remove_constant=false seed=1 batch_size=64
[2026-08-27 14:39:25,568][data.dataset][INFO] - dataset config path=/fssmall/home/h61084/codes/datasets/time/coastal_t_s_h_part06/config.json applied_keys=['date_col', 'drop_users', 'target_cols']
[2026-08-27 14:39:25,587][evaluation.evaluator][INFO] - evaluate dataset=time/coastal_t_s_h_part06 users=3 dates=3718 windows=21 removed_constant=0 L=168 H=24 stride=512
[2026-08-27 14:39:31,237][evaluation.evaluator][INFO] - artifacts ready run=/fssmall/home/h61084/codes/tsfm/outputs_selena/univariate/time-coastal_t_s_h_part06/168_24/chronos2/none/instance/keep/run_0 mse=0.0131675 nmse=0.398197 inference_seconds=0.194
2026-08-27 14:39:32 | configuration dataset=time/coastal_t_s_h_part06 L=336 H=48 model=persistence covariates=none instance_norm=true remove_constant=false seed=1 batch_size=512
[2026-08-27 14:39:35,095][data.dataset][INFO] - dataset config path=/fssmall/home/h61084/codes/datasets/time/coastal_t_s_h_part06/config.json applied_keys=['date_col', 'drop_users', 'target_cols']
[2026-08-27 14:39:35,116][evaluation.evaluator][INFO] - evaluate dataset=time/coastal_t_s_h_part06 users=3 dates=3718 windows=21 removed_constant=0 L=336 H=48 stride=512
[2026-08-27 14:39:35,348][evaluation.evaluator][INFO] - artifacts ready run=/fssmall/home/h61084/codes/tsfm/outputs_selena/univariate/time-coastal_t_s_h_part06/336_48/persistence/none/instance/keep/run_0 mse=0.247919 nmse=1.30881 inference_seconds=0.025
2026-08-27 14:39:36 | configuration dataset=time/coastal_t_s_h_part06 L=336 H=48 model=expected covariates=none instance_norm=true remove_constant=false seed=1 batch_size=512
[2026-08-27 14:39:38,879][data.dataset][INFO] - dataset config path=/fssmall/home/h61084/codes/datasets/time/coastal_t_s_h_part06/config.json applied_keys=['date_col', 'drop_users', 'target_cols']
[2026-08-27 14:39:38,899][evaluation.evaluator][INFO] - evaluate dataset=time/coastal_t_s_h_part06 users=3 dates=3718 windows=21 removed_constant=0 L=336 H=48 stride=512
[2026-08-27 14:39:39,120][evaluation.evaluator][INFO] - artifacts ready run=/fssmall/home/h61084/codes/tsfm/outputs_selena/univariate/time-coastal_t_s_h_part06/336_48/expected/none/instance/keep/run_0 mse=0.186577 nmse=1.99472 inference_seconds=0.025
2026-08-27 14:39:40 | configuration dataset=time/coastal_t_s_h_part06 L=336 H=48 model=repeat covariates=none instance_norm=true remove_constant=false seed=1 batch_size=512
[2026-08-27 14:39:42,662][data.dataset][INFO] - dataset config path=/fssmall/home/h61084/codes/datasets/time/coastal_t_s_h_part06/config.json applied_keys=['date_col', 'drop_users', 'target_cols']
[2026-08-27 14:39:42,682][evaluation.evaluator][INFO] - evaluate dataset=time/coastal_t_s_h_part06 users=3 dates=3718 windows=21 removed_constant=0 L=336 H=48 stride=512
[2026-08-27 14:39:42,911][evaluation.evaluator][INFO] - artifacts ready run=/fssmall/home/h61084/codes/tsfm/outputs_selena/univariate/time-coastal_t_s_h_part06/336_48/repeat/none/instance/keep/run_0 mse=0.114527 nmse=1.14287 inference_seconds=0.020
2026-08-27 14:39:43 | configuration dataset=time/coastal_t_s_h_part06 L=336 H=48 model=lookback covariates=none instance_norm=true remove_constant=false seed=1 batch_size=512
[2026-08-27 14:39:46,477][data.dataset][INFO] - dataset config path=/fssmall/home/h61084/codes/datasets/time/coastal_t_s_h_part06/config.json applied_keys=['date_col', 'drop_users', 'target_cols']
[2026-08-27 14:39:46,485][evaluation.evaluator][INFO] - lookback weekly period=168 observations
[2026-08-27 14:39:46,498][evaluation.evaluator][INFO] - evaluate dataset=time/coastal_t_s_h_part06 users=3 dates=3718 windows=21 removed_constant=0 L=336 H=48 stride=512
[2026-08-27 14:39:46,719][evaluation.evaluator][INFO] - artifacts ready run=/fssmall/home/h61084/codes/tsfm/outputs_selena/univariate/time-coastal_t_s_h_part06/336_48/lookback/none/instance/keep/run_0 mse=0.452808 nmse=3.21332 inference_seconds=0.021
2026-08-27 14:39:47 | configuration dataset=time/coastal_t_s_h_part06 L=336 H=48 model=chronos2 covariates=none instance_norm=true remove_constant=false seed=1 batch_size=64
[2026-08-27 14:39:50,247][data.dataset][INFO] - dataset config path=/fssmall/home/h61084/codes/datasets/time/coastal_t_s_h_part06/config.json applied_keys=['date_col', 'drop_users', 'target_cols']
[2026-08-27 14:39:50,267][evaluation.evaluator][INFO] - evaluate dataset=time/coastal_t_s_h_part06 users=3 dates=3718 windows=21 removed_constant=0 L=336 H=48 stride=512
[2026-08-27 14:39:55,941][evaluation.evaluator][INFO] - artifacts ready run=/fssmall/home/h61084/codes/tsfm/outputs_selena/univariate/time-coastal_t_s_h_part06/336_48/chronos2/none/instance/keep/run_0 mse=0.0398251 nmse=0.665924 inference_seconds=0.201
2026-08-27 14:39:57 | configuration dataset=time/coastal_t_s_h_part06 L=504 H=168 model=persistence covariates=none instance_norm=true remove_constant=false seed=1 batch_size=512
[2026-08-27 14:39:59,954][data.dataset][INFO] - dataset config path=/fssmall/home/h61084/codes/datasets/time/coastal_t_s_h_part06/config.json applied_keys=['date_col', 'drop_users', 'target_cols']
[2026-08-27 14:39:59,975][evaluation.evaluator][INFO] - evaluate dataset=time/coastal_t_s_h_part06 users=3 dates=3718 windows=18 removed_constant=0 L=504 H=168 stride=512
[2026-08-27 14:40:00,206][evaluation.evaluator][INFO] - artifacts ready run=/fssmall/home/h61084/codes/tsfm/outputs_selena/univariate/time-coastal_t_s_h_part06/504_168/persistence/none/instance/keep/run_0 mse=0.307072 nmse=1.27801 inference_seconds=0.025
2026-08-27 14:40:01 | configuration dataset=time/coastal_t_s_h_part06 L=504 H=168 model=expected covariates=none instance_norm=true remove_constant=false seed=1 batch_size=512
[2026-08-27 14:40:03,740][data.dataset][INFO] - dataset config path=/fssmall/home/h61084/codes/datasets/time/coastal_t_s_h_part06/config.json applied_keys=['date_col', 'drop_users', 'target_cols']
[2026-08-27 14:40:03,760][evaluation.evaluator][INFO] - evaluate dataset=time/coastal_t_s_h_part06 users=3 dates=3718 windows=18 removed_constant=0 L=504 H=168 stride=512
[2026-08-27 14:40:03,985][evaluation.evaluator][INFO] - artifacts ready run=/fssmall/home/h61084/codes/tsfm/outputs_selena/univariate/time-coastal_t_s_h_part06/504_168/expected/none/instance/keep/run_0 mse=0.223509 nmse=1.42348 inference_seconds=0.024
2026-08-27 14:40:04 | configuration dataset=time/coastal_t_s_h_part06 L=504 H=168 model=repeat covariates=none instance_norm=true remove_constant=false seed=1 batch_size=512
[2026-08-27 14:40:07,523][data.dataset][INFO] - dataset config path=/fssmall/home/h61084/codes/datasets/time/coastal_t_s_h_part06/config.json applied_keys=['date_col', 'drop_users', 'target_cols']
[2026-08-27 14:40:07,543][evaluation.evaluator][INFO] - evaluate dataset=time/coastal_t_s_h_part06 users=3 dates=3718 windows=18 removed_constant=0 L=504 H=168 stride=512
[2026-08-27 14:40:07,777][evaluation.evaluator][INFO] - artifacts ready run=/fssmall/home/h61084/codes/tsfm/outputs_selena/univariate/time-coastal_t_s_h_part06/504_168/repeat/none/instance/keep/run_0 mse=0.493707 nmse=2.73064 inference_seconds=0.021
2026-08-27 14:40:08 | configuration dataset=time/coastal_t_s_h_part06 L=504 H=168 model=lookback covariates=none instance_norm=true remove_constant=false seed=1 batch_size=512
[2026-08-27 14:40:11,462][data.dataset][INFO] - dataset config path=/fssmall/home/h61084/codes/datasets/time/coastal_t_s_h_part06/config.json applied_keys=['date_col', 'drop_users', 'target_cols']
[2026-08-27 14:40:11,469][evaluation.evaluator][INFO] - lookback weekly period=168 observations
[2026-08-27 14:40:11,481][evaluation.evaluator][INFO] - evaluate dataset=time/coastal_t_s_h_part06 users=3 dates=3718 windows=18 removed_constant=0 L=504 H=168 stride=512
[2026-08-27 14:40:11,703][evaluation.evaluator][INFO] - artifacts ready run=/fssmall/home/h61084/codes/tsfm/outputs_selena/univariate/time-coastal_t_s_h_part06/504_168/lookback/none/instance/keep/run_0 mse=0.493707 nmse=2.73064 inference_seconds=0.020
2026-08-27 14:40:12 | configuration dataset=time/coastal_t_s_h_part06 L=504 H=168 model=chronos2 covariates=none instance_norm=true remove_constant=false seed=1 batch_size=64
[2026-08-27 14:40:15,228][data.dataset][INFO] - dataset config path=/fssmall/home/h61084/codes/datasets/time/coastal_t_s_h_part06/config.json applied_keys=['date_col', 'drop_users', 'target_cols']
[2026-08-27 14:40:15,248][evaluation.evaluator][INFO] - evaluate dataset=time/coastal_t_s_h_part06 users=3 dates=3718 windows=18 removed_constant=0 L=504 H=168 stride=512
[2026-08-27 14:40:20,857][evaluation.evaluator][INFO] - artifacts ready run=/fssmall/home/h61084/codes/tsfm/outputs_selena/univariate/time-coastal_t_s_h_part06/504_168/chronos2/none/instance/keep/run_0 mse=0.0753702 nmse=0.722876 inference_seconds=0.193
2026-08-27 14:40:22 | configuration dataset=time/coastal_t_s_h_part07 L=168 H=24 model=persistence covariates=none instance_norm=true remove_constant=false seed=1 batch_size=512
[2026-08-27 14:40:24,792][data.dataset][INFO] - dataset config path=/fssmall/home/h61084/codes/datasets/time/coastal_t_s_h_part07/config.json applied_keys=['date_col', 'drop_users', 'target_cols']
[2026-08-27 14:40:24,815][evaluation.evaluator][INFO] - evaluate dataset=time/coastal_t_s_h_part07 users=3 dates=5321 windows=33 removed_constant=0 L=168 H=24 stride=512
[2026-08-27 14:40:25,041][evaluation.evaluator][INFO] - artifacts ready run=/fssmall/home/h61084/codes/tsfm/outputs_selena/univariate/time-coastal_t_s_h_part07/168_24/persistence/none/instance/keep/run_0 mse=0.0596893 nmse=4.69851e+14 inference_seconds=0.025
2026-08-27 14:40:26 | configuration dataset=time/coastal_t_s_h_part07 L=168 H=24 model=expected covariates=none instance_norm=true remove_constant=false seed=1 batch_size=512
[2026-08-27 14:40:28,625][data.dataset][INFO] - dataset config path=/fssmall/home/h61084/codes/datasets/time/coastal_t_s_h_part07/config.json applied_keys=['date_col', 'drop_users', 'target_cols']
[2026-08-27 14:40:28,647][evaluation.evaluator][INFO] - evaluate dataset=time/coastal_t_s_h_part07 users=3 dates=5321 windows=33 removed_constant=0 L=168 H=24 stride=512
[2026-08-27 14:40:28,878][evaluation.evaluator][INFO] - artifacts ready run=/fssmall/home/h61084/codes/tsfm/outputs_selena/univariate/time-coastal_t_s_h_part07/168_24/expected/none/instance/keep/run_0 mse=0.0686667 nmse=4.69851e+14 inference_seconds=0.026
2026-08-27 14:40:29 | configuration dataset=time/coastal_t_s_h_part07 L=168 H=24 model=repeat covariates=none instance_norm=true remove_constant=false seed=1 batch_size=512
[2026-08-27 14:40:32,470][data.dataset][INFO] - dataset config path=/fssmall/home/h61084/codes/datasets/time/coastal_t_s_h_part07/config.json applied_keys=['date_col', 'drop_users', 'target_cols']
[2026-08-27 14:40:32,491][evaluation.evaluator][INFO] - evaluate dataset=time/coastal_t_s_h_part07 users=3 dates=5321 windows=33 removed_constant=0 L=168 H=24 stride=512
[2026-08-27 14:40:32,718][evaluation.evaluator][INFO] - artifacts ready run=/fssmall/home/h61084/codes/tsfm/outputs_selena/univariate/time-coastal_t_s_h_part07/168_24/repeat/none/instance/keep/run_0 mse=0.0505336 nmse=4.69851e+14 inference_seconds=0.020
2026-08-27 14:40:33 | configuration dataset=time/coastal_t_s_h_part07 L=168 H=24 model=lookback covariates=none instance_norm=true remove_constant=false seed=1 batch_size=512
[2026-08-27 14:40:36,298][data.dataset][INFO] - dataset config path=/fssmall/home/h61084/codes/datasets/time/coastal_t_s_h_part07/config.json applied_keys=['date_col', 'drop_users', 'target_cols']
[2026-08-27 14:40:36,308][evaluation.evaluator][INFO] - lookback weekly period=168 observations
[2026-08-27 14:40:36,320][evaluation.evaluator][INFO] - evaluate dataset=time/coastal_t_s_h_part07 users=3 dates=5321 windows=33 removed_constant=0 L=168 H=24 stride=512
[2026-08-27 14:40:36,551][evaluation.evaluator][INFO] - artifacts ready run=/fssmall/home/h61084/codes/tsfm/outputs_selena/univariate/time-coastal_t_s_h_part07/168_24/lookback/none/instance/keep/run_0 mse=0.0996892 nmse=4.69851e+14 inference_seconds=0.020
2026-08-27 14:40:37 | configuration dataset=time/coastal_t_s_h_part07 L=168 H=24 model=chronos2 covariates=none instance_norm=true remove_constant=false seed=1 batch_size=64
[2026-08-27 14:40:40,144][data.dataset][INFO] - dataset config path=/fssmall/home/h61084/codes/datasets/time/coastal_t_s_h_part07/config.json applied_keys=['date_col', 'drop_users', 'target_cols']
[2026-08-27 14:40:40,165][evaluation.evaluator][INFO] - evaluate dataset=time/coastal_t_s_h_part07 users=3 dates=5321 windows=33 removed_constant=0 L=168 H=24 stride=512
[2026-08-27 14:40:45,899][evaluation.evaluator][INFO] - artifacts ready run=/fssmall/home/h61084/codes/tsfm/outputs_selena/univariate/time-coastal_t_s_h_part07/168_24/chronos2/none/instance/keep/run_0 mse=0.0508474 nmse=4.69851e+14 inference_seconds=0.197
2026-08-27 14:40:47 | configuration dataset=time/coastal_t_s_h_part07 L=336 H=48 model=persistence covariates=none instance_norm=true remove_constant=false seed=1 batch_size=512
[2026-08-27 14:40:49,831][data.dataset][INFO] - dataset config path=/fssmall/home/h61084/codes/datasets/time/coastal_t_s_h_part07/config.json applied_keys=['date_col', 'drop_users', 'target_cols']
[2026-08-27 14:40:49,854][evaluation.evaluator][INFO] - evaluate dataset=time/coastal_t_s_h_part07 users=3 dates=5321 windows=30 removed_constant=0 L=336 H=48 stride=512
[2026-08-27 14:40:50,079][evaluation.evaluator][INFO] - artifacts ready run=/fssmall/home/h61084/codes/tsfm/outputs_selena/univariate/time-coastal_t_s_h_part07/336_48/persistence/none/instance/keep/run_0 mse=0.0138004 nmse=0.487014 inference_seconds=0.025
2026-08-27 14:40:51 | configuration dataset=time/coastal_t_s_h_part07 L=336 H=48 model=expected covariates=none instance_norm=true remove_constant=false seed=1 batch_size=512
[2026-08-27 14:40:53,683][data.dataset][INFO] - dataset config path=/fssmall/home/h61084/codes/datasets/time/coastal_t_s_h_part07/config.json applied_keys=['date_col', 'drop_users', 'target_cols']
[2026-08-27 14:40:53,704][evaluation.evaluator][INFO] - evaluate dataset=time/coastal_t_s_h_part07 users=3 dates=5321 windows=30 removed_constant=0 L=336 H=48 stride=512
[2026-08-27 14:40:53,946][evaluation.evaluator][INFO] - artifacts ready run=/fssmall/home/h61084/codes/tsfm/outputs_selena/univariate/time-coastal_t_s_h_part07/336_48/expected/none/instance/keep/run_0 mse=0.0969118 nmse=1.64746 inference_seconds=0.025
2026-08-27 14:40:54 | configuration dataset=time/coastal_t_s_h_part07 L=336 H=48 model=repeat covariates=none instance_norm=true remove_constant=false seed=1 batch_size=512
[2026-08-27 14:40:57,534][data.dataset][INFO] - dataset config path=/fssmall/home/h61084/codes/datasets/time/coastal_t_s_h_part07/config.json applied_keys=['date_col', 'drop_users', 'target_cols']
[2026-08-27 14:40:57,555][evaluation.evaluator][INFO] - evaluate dataset=time/coastal_t_s_h_part07 users=3 dates=5321 windows=30 removed_constant=0 L=336 H=48 stride=512
[2026-08-27 14:40:57,798][evaluation.evaluator][INFO] - artifacts ready run=/fssmall/home/h61084/codes/tsfm/outputs_selena/univariate/time-coastal_t_s_h_part07/336_48/repeat/none/instance/keep/run_0 mse=0.0109976 nmse=0.805583 inference_seconds=0.020
2026-08-27 14:40:58 | configuration dataset=time/coastal_t_s_h_part07 L=336 H=48 model=lookback covariates=none instance_norm=true remove_constant=false seed=1 batch_size=512
[2026-08-27 14:41:01,480][data.dataset][INFO] - dataset config path=/fssmall/home/h61084/codes/datasets/time/coastal_t_s_h_part07/config.json applied_keys=['date_col', 'drop_users', 'target_cols']
[2026-08-27 14:41:01,491][evaluation.evaluator][INFO] - lookback weekly period=168 observations
[2026-08-27 14:41:01,502][evaluation.evaluator][INFO] - evaluate dataset=time/coastal_t_s_h_part07 users=3 dates=5321 windows=30 removed_constant=0 L=336 H=48 stride=512
[2026-08-27 14:41:01,725][evaluation.evaluator][INFO] - artifacts ready run=/fssmall/home/h61084/codes/tsfm/outputs_selena/univariate/time-coastal_t_s_h_part07/336_48/lookback/none/instance/keep/run_0 mse=0.163025 nmse=2.40157 inference_seconds=0.020
2026-08-27 14:41:02 | configuration dataset=time/coastal_t_s_h_part07 L=336 H=48 model=chronos2 covariates=none instance_norm=true remove_constant=false seed=1 batch_size=64
[2026-08-27 14:41:05,348][data.dataset][INFO] - dataset config path=/fssmall/home/h61084/codes/datasets/time/coastal_t_s_h_part07/config.json applied_keys=['date_col', 'drop_users', 'target_cols']
[2026-08-27 14:41:05,370][evaluation.evaluator][INFO] - evaluate dataset=time/coastal_t_s_h_part07 users=3 dates=5321 windows=30 removed_constant=0 L=336 H=48 stride=512
[2026-08-27 14:41:11,173][evaluation.evaluator][INFO] - artifacts ready run=/fssmall/home/h61084/codes/tsfm/outputs_selena/univariate/time-coastal_t_s_h_part07/336_48/chronos2/none/instance/keep/run_0 mse=0.00609067 nmse=0.372316 inference_seconds=0.197
2026-08-27 14:41:12 | configuration dataset=time/coastal_t_s_h_part07 L=504 H=168 model=persistence covariates=none instance_norm=true remove_constant=false seed=1 batch_size=512
[2026-08-27 14:41:15,080][data.dataset][INFO] - dataset config path=/fssmall/home/h61084/codes/datasets/time/coastal_t_s_h_part07/config.json applied_keys=['date_col', 'drop_users', 'target_cols']
[2026-08-27 14:41:15,103][evaluation.evaluator][INFO] - evaluate dataset=time/coastal_t_s_h_part07 users=3 dates=5321 windows=30 removed_constant=0 L=504 H=168 stride=512
[2026-08-27 14:41:15,339][evaluation.evaluator][INFO] - artifacts ready run=/fssmall/home/h61084/codes/tsfm/outputs_selena/univariate/time-coastal_t_s_h_part07/504_168/persistence/none/instance/keep/run_0 mse=0.0628688 nmse=0.876891 inference_seconds=0.026
2026-08-27 14:41:16 | configuration dataset=time/coastal_t_s_h_part07 L=504 H=168 model=expected covariates=none instance_norm=true remove_constant=false seed=1 batch_size=512
[2026-08-27 14:41:18,910][data.dataset][INFO] - dataset config path=/fssmall/home/h61084/codes/datasets/time/coastal_t_s_h_part07/config.json applied_keys=['date_col', 'drop_users', 'target_cols']
[2026-08-27 14:41:18,931][evaluation.evaluator][INFO] - evaluate dataset=time/coastal_t_s_h_part07 users=3 dates=5321 windows=30 removed_constant=0 L=504 H=168 stride=512
[2026-08-27 14:41:19,153][evaluation.evaluator][INFO] - artifacts ready run=/fssmall/home/h61084/codes/tsfm/outputs_selena/univariate/time-coastal_t_s_h_part07/504_168/expected/none/instance/keep/run_0 mse=0.145531 nmse=1.57184 inference_seconds=0.024
2026-08-27 14:41:20 | configuration dataset=time/coastal_t_s_h_part07 L=504 H=168 model=repeat covariates=none instance_norm=true remove_constant=false seed=1 batch_size=512
[2026-08-27 14:41:22,777][data.dataset][INFO] - dataset config path=/fssmall/home/h61084/codes/datasets/time/coastal_t_s_h_part07/config.json applied_keys=['date_col', 'drop_users', 'target_cols']
[2026-08-27 14:41:22,799][evaluation.evaluator][INFO] - evaluate dataset=time/coastal_t_s_h_part07 users=3 dates=5321 windows=30 removed_constant=0 L=504 H=168 stride=512
[2026-08-27 14:41:23,019][evaluation.evaluator][INFO] - artifacts ready run=/fssmall/home/h61084/codes/tsfm/outputs_selena/univariate/time-coastal_t_s_h_part07/504_168/repeat/none/instance/keep/run_0 mse=0.0676317 nmse=1.14754 inference_seconds=0.021
2026-08-27 14:41:24 | configuration dataset=time/coastal_t_s_h_part07 L=504 H=168 model=lookback covariates=none instance_norm=true remove_constant=false seed=1 batch_size=512
[2026-08-27 14:41:26,610][data.dataset][INFO] - dataset config path=/fssmall/home/h61084/codes/datasets/time/coastal_t_s_h_part07/config.json applied_keys=['date_col', 'drop_users', 'target_cols']
[2026-08-27 14:41:26,620][evaluation.evaluator][INFO] - lookback weekly period=168 observations
[2026-08-27 14:41:26,632][evaluation.evaluator][INFO] - evaluate dataset=time/coastal_t_s_h_part07 users=3 dates=5321 windows=30 removed_constant=0 L=504 H=168 stride=512
[2026-08-27 14:41:26,851][evaluation.evaluator][INFO] - artifacts ready run=/fssmall/home/h61084/codes/tsfm/outputs_selena/univariate/time-coastal_t_s_h_part07/504_168/lookback/none/instance/keep/run_0 mse=0.0676317 nmse=1.14754 inference_seconds=0.021
2026-08-27 14:41:27 | configuration dataset=time/coastal_t_s_h_part07 L=504 H=168 model=chronos2 covariates=none instance_norm=true remove_constant=false seed=1 batch_size=64
[2026-08-27 14:41:30,524][data.dataset][INFO] - dataset config path=/fssmall/home/h61084/codes/datasets/time/coastal_t_s_h_part07/config.json applied_keys=['date_col', 'drop_users', 'target_cols']
[2026-08-27 14:41:30,545][evaluation.evaluator][INFO] - evaluate dataset=time/coastal_t_s_h_part07 users=3 dates=5321 windows=30 removed_constant=0 L=504 H=168 stride=512
[2026-08-27 14:41:36,258][evaluation.evaluator][INFO] - artifacts ready run=/fssmall/home/h61084/codes/tsfm/outputs_selena/univariate/time-coastal_t_s_h_part07/504_168/chronos2/none/instance/keep/run_0 mse=0.0415449 nmse=0.774545 inference_seconds=0.197
2026-08-27 14:41:37 | configuration dataset=time/coastal_t_s_h_part08 L=168 H=24 model=persistence covariates=none instance_norm=true remove_constant=false seed=1 batch_size=512
[2026-08-27 14:41:40,262][data.dataset][INFO] - dataset config path=/fssmall/home/h61084/codes/datasets/time/coastal_t_s_h_part08/config.json applied_keys=['date_col', 'drop_users', 'target_cols']
[2026-08-27 14:41:40,285][evaluation.evaluator][INFO] - evaluate dataset=time/coastal_t_s_h_part08 users=3 dates=5493 windows=33 removed_constant=0 L=168 H=24 stride=512
[2026-08-27 14:41:40,515][evaluation.evaluator][INFO] - artifacts ready run=/fssmall/home/h61084/codes/tsfm/outputs_selena/univariate/time-coastal_t_s_h_part08/168_24/persistence/none/instance/keep/run_0 mse=153.124 nmse=1.64941 inference_seconds=0.025
2026-08-27 14:41:41 | configuration dataset=time/coastal_t_s_h_part08 L=168 H=24 model=expected covariates=none instance_norm=true remove_constant=false seed=1 batch_size=512
[2026-08-27 14:41:44,139][data.dataset][INFO] - dataset config path=/fssmall/home/h61084/codes/datasets/time/coastal_t_s_h_part08/config.json applied_keys=['date_col', 'drop_users', 'target_cols']
[2026-08-27 14:41:44,159][evaluation.evaluator][INFO] - evaluate dataset=time/coastal_t_s_h_part08 users=3 dates=5493 windows=33 removed_constant=0 L=168 H=24 stride=512
[2026-08-27 14:41:44,385][evaluation.evaluator][INFO] - artifacts ready run=/fssmall/home/h61084/codes/tsfm/outputs_selena/univariate/time-coastal_t_s_h_part08/168_24/expected/none/instance/keep/run_0 mse=92.2268 nmse=1.66649 inference_seconds=0.025
2026-08-27 14:41:45 | configuration dataset=time/coastal_t_s_h_part08 L=168 H=24 model=repeat covariates=none instance_norm=true remove_constant=false seed=1 batch_size=512
[2026-08-27 14:41:48,046][data.dataset][INFO] - dataset config path=/fssmall/home/h61084/codes/datasets/time/coastal_t_s_h_part08/config.json applied_keys=['date_col', 'drop_users', 'target_cols']
[2026-08-27 14:41:48,071][evaluation.evaluator][INFO] - evaluate dataset=time/coastal_t_s_h_part08 users=3 dates=5493 windows=33 removed_constant=0 L=168 H=24 stride=512
[2026-08-27 14:41:48,308][evaluation.evaluator][INFO] - artifacts ready run=/fssmall/home/h61084/codes/tsfm/outputs_selena/univariate/time-coastal_t_s_h_part08/168_24/repeat/none/instance/keep/run_0 mse=185.909 nmse=2.29333 inference_seconds=0.021
2026-08-27 14:41:49 | configuration dataset=time/coastal_t_s_h_part08 L=168 H=24 model=lookback covariates=none instance_norm=true remove_constant=false seed=1 batch_size=512
[2026-08-27 14:41:51,951][data.dataset][INFO] - dataset config path=/fssmall/home/h61084/codes/datasets/time/coastal_t_s_h_part08/config.json applied_keys=['date_col', 'drop_users', 'target_cols']
[2026-08-27 14:41:51,960][evaluation.evaluator][INFO] - lookback weekly period=168 observations
[2026-08-27 14:41:51,972][evaluation.evaluator][INFO] - evaluate dataset=time/coastal_t_s_h_part08 users=3 dates=5493 windows=33 removed_constant=0 L=168 H=24 stride=512
[2026-08-27 14:41:52,210][evaluation.evaluator][INFO] - artifacts ready run=/fssmall/home/h61084/codes/tsfm/outputs_selena/univariate/time-coastal_t_s_h_part08/168_24/lookback/none/instance/keep/run_0 mse=198.773 nmse=3.15785 inference_seconds=0.021
2026-08-27 14:41:53 | configuration dataset=time/coastal_t_s_h_part08 L=168 H=24 model=chronos2 covariates=none instance_norm=true remove_constant=false seed=1 batch_size=64
[2026-08-27 14:41:55,839][data.dataset][INFO] - dataset config path=/fssmall/home/h61084/codes/datasets/time/coastal_t_s_h_part08/config.json applied_keys=['date_col', 'drop_users', 'target_cols']
[2026-08-27 14:41:55,861][evaluation.evaluator][INFO] - evaluate dataset=time/coastal_t_s_h_part08 users=3 dates=5493 windows=33 removed_constant=0 L=168 H=24 stride=512
[2026-08-27 14:42:01,590][evaluation.evaluator][INFO] - artifacts ready run=/fssmall/home/h61084/codes/tsfm/outputs_selena/univariate/time-coastal_t_s_h_part08/168_24/chronos2/none/instance/keep/run_0 mse=90.958 nmse=1.28229 inference_seconds=0.196
2026-08-27 14:42:02 | configuration dataset=time/coastal_t_s_h_part08 L=336 H=48 model=persistence covariates=none instance_norm=true remove_constant=false seed=1 batch_size=512
[2026-08-27 14:42:05,567][data.dataset][INFO] - dataset config path=/fssmall/home/h61084/codes/datasets/time/coastal_t_s_h_part08/config.json applied_keys=['date_col', 'drop_users', 'target_cols']
[2026-08-27 14:42:05,589][evaluation.evaluator][INFO] - evaluate dataset=time/coastal_t_s_h_part08 users=3 dates=5493 windows=30 removed_constant=0 L=336 H=48 stride=512
[2026-08-27 14:42:05,827][evaluation.evaluator][INFO] - artifacts ready run=/fssmall/home/h61084/codes/tsfm/outputs_selena/univariate/time-coastal_t_s_h_part08/336_48/persistence/none/instance/keep/run_0 mse=201.823 nmse=2.89327 inference_seconds=0.026
2026-08-27 14:42:07 | configuration dataset=time/coastal_t_s_h_part08 L=336 H=48 model=expected covariates=none instance_norm=true remove_constant=false seed=1 batch_size=512
[2026-08-27 14:42:10,494][data.dataset][INFO] - dataset config path=/fssmall/home/h61084/codes/datasets/time/coastal_t_s_h_part08/config.json applied_keys=['date_col', 'drop_users', 'target_cols']
[2026-08-27 14:42:10,515][evaluation.evaluator][INFO] - evaluate dataset=time/coastal_t_s_h_part08 users=3 dates=5493 windows=30 removed_constant=0 L=336 H=48 stride=512
[2026-08-27 14:42:10,741][evaluation.evaluator][INFO] - artifacts ready run=/fssmall/home/h61084/codes/tsfm/outputs_selena/univariate/time-coastal_t_s_h_part08/336_48/expected/none/instance/keep/run_0 mse=86.4485 nmse=2.07043 inference_seconds=0.025
2026-08-27 14:42:11 | configuration dataset=time/coastal_t_s_h_part08 L=336 H=48 model=repeat covariates=none instance_norm=true remove_constant=false seed=1 batch_size=512
[2026-08-27 14:42:14,357][data.dataset][INFO] - dataset config path=/fssmall/home/h61084/codes/datasets/time/coastal_t_s_h_part08/config.json applied_keys=['date_col', 'drop_users', 'target_cols']
[2026-08-27 14:42:14,379][evaluation.evaluator][INFO] - evaluate dataset=time/coastal_t_s_h_part08 users=3 dates=5493 windows=30 removed_constant=0 L=336 H=48 stride=512
[2026-08-27 14:42:14,600][evaluation.evaluator][INFO] - artifacts ready run=/fssmall/home/h61084/codes/tsfm/outputs_selena/univariate/time-coastal_t_s_h_part08/336_48/repeat/none/instance/keep/run_0 mse=174.011 nmse=2.6606 inference_seconds=0.021
2026-08-27 14:42:15 | configuration dataset=time/coastal_t_s_h_part08 L=336 H=48 model=lookback covariates=none instance_norm=true remove_constant=false seed=1 batch_size=512
[2026-08-27 14:42:18,255][data.dataset][INFO] - dataset config path=/fssmall/home/h61084/codes/datasets/time/coastal_t_s_h_part08/config.json applied_keys=['date_col', 'drop_users', 'target_cols']
[2026-08-27 14:42:18,265][evaluation.evaluator][INFO] - lookback weekly period=168 observations
[2026-08-27 14:42:18,277][evaluation.evaluator][INFO] - evaluate dataset=time/coastal_t_s_h_part08 users=3 dates=5493 windows=30 removed_constant=0 L=336 H=48 stride=512
[2026-08-27 14:42:18,499][evaluation.evaluator][INFO] - artifacts ready run=/fssmall/home/h61084/codes/tsfm/outputs_selena/univariate/time-coastal_t_s_h_part08/336_48/lookback/none/instance/keep/run_0 mse=186.449 nmse=2.95373 inference_seconds=0.021
2026-08-27 14:42:21 | configuration dataset=time/coastal_t_s_h_part08 L=336 H=48 model=chronos2 covariates=none instance_norm=true remove_constant=false seed=1 batch_size=64
[2026-08-27 14:42:23,980][data.dataset][INFO] - dataset config path=/fssmall/home/h61084/codes/datasets/time/coastal_t_s_h_part08/config.json applied_keys=['date_col', 'drop_users', 'target_cols']
[2026-08-27 14:42:24,001][evaluation.evaluator][INFO] - evaluate dataset=time/coastal_t_s_h_part08 users=3 dates=5493 windows=30 removed_constant=0 L=336 H=48 stride=512
[2026-08-27 14:42:29,643][evaluation.evaluator][INFO] - artifacts ready run=/fssmall/home/h61084/codes/tsfm/outputs_selena/univariate/time-coastal_t_s_h_part08/336_48/chronos2/none/instance/keep/run_0 mse=98.9288 nmse=1.98306 inference_seconds=0.193
2026-08-27 14:42:31 | configuration dataset=time/coastal_t_s_h_part08 L=504 H=168 model=persistence covariates=none instance_norm=true remove_constant=false seed=1 batch_size=512
[2026-08-27 14:42:33,962][data.dataset][INFO] - dataset config path=/fssmall/home/h61084/codes/datasets/time/coastal_t_s_h_part08/config.json applied_keys=['date_col', 'drop_users', 'target_cols']
[2026-08-27 14:42:33,983][evaluation.evaluator][INFO] - evaluate dataset=time/coastal_t_s_h_part08 users=3 dates=5493 windows=30 removed_constant=0 L=504 H=168 stride=512
[2026-08-27 14:42:34,214][evaluation.evaluator][INFO] - artifacts ready run=/fssmall/home/h61084/codes/tsfm/outputs_selena/univariate/time-coastal_t_s_h_part08/504_168/persistence/none/instance/keep/run_0 mse=164.39 nmse=2.11928 inference_seconds=0.025
2026-08-27 14:42:35 | configuration dataset=time/coastal_t_s_h_part08 L=504 H=168 model=expected covariates=none instance_norm=true remove_constant=false seed=1 batch_size=512
[2026-08-27 14:42:38,264][data.dataset][INFO] - dataset config path=/fssmall/home/h61084/codes/datasets/time/coastal_t_s_h_part08/config.json applied_keys=['date_col', 'drop_users', 'target_cols']
[2026-08-27 14:42:38,286][evaluation.evaluator][INFO] - evaluate dataset=time/coastal_t_s_h_part08 users=3 dates=5493 windows=30 removed_constant=0 L=504 H=168 stride=512
[2026-08-27 14:42:38,526][evaluation.evaluator][INFO] - artifacts ready run=/fssmall/home/h61084/codes/tsfm/outputs_selena/univariate/time-coastal_t_s_h_part08/504_168/expected/none/instance/keep/run_0 mse=95.7214 nmse=1.89115 inference_seconds=0.025
2026-08-27 14:42:39 | configuration dataset=time/coastal_t_s_h_part08 L=504 H=168 model=repeat covariates=none instance_norm=true remove_constant=false seed=1 batch_size=512
[2026-08-27 14:42:42,182][data.dataset][INFO] - dataset config path=/fssmall/home/h61084/codes/datasets/time/coastal_t_s_h_part08/config.json applied_keys=['date_col', 'drop_users', 'target_cols']
[2026-08-27 14:42:42,204][evaluation.evaluator][INFO] - evaluate dataset=time/coastal_t_s_h_part08 users=3 dates=5493 windows=30 removed_constant=0 L=504 H=168 stride=512
[2026-08-27 14:42:42,440][evaluation.evaluator][INFO] - artifacts ready run=/fssmall/home/h61084/codes/tsfm/outputs_selena/univariate/time-coastal_t_s_h_part08/504_168/repeat/none/instance/keep/run_0 mse=189.97 nmse=2.62468 inference_seconds=0.020
2026-08-27 14:42:43 | configuration dataset=time/coastal_t_s_h_part08 L=504 H=168 model=lookback covariates=none instance_norm=true remove_constant=false seed=1 batch_size=512
[2026-08-27 14:42:46,099][data.dataset][INFO] - dataset config path=/fssmall/home/h61084/codes/datasets/time/coastal_t_s_h_part08/config.json applied_keys=['date_col', 'drop_users', 'target_cols']
[2026-08-27 14:42:46,109][evaluation.evaluator][INFO] - lookback weekly period=168 observations
[2026-08-27 14:42:46,122][evaluation.evaluator][INFO] - evaluate dataset=time/coastal_t_s_h_part08 users=3 dates=5493 windows=30 removed_constant=0 L=504 H=168 stride=512
[2026-08-27 14:42:46,354][evaluation.evaluator][INFO] - artifacts ready run=/fssmall/home/h61084/codes/tsfm/outputs_selena/univariate/time-coastal_t_s_h_part08/504_168/lookback/none/instance/keep/run_0 mse=189.97 nmse=2.62468 inference_seconds=0.021
2026-08-27 14:42:47 | configuration dataset=time/coastal_t_s_h_part08 L=504 H=168 model=chronos2 covariates=none instance_norm=true remove_constant=false seed=1 batch_size=64
[2026-08-27 14:42:49,983][data.dataset][INFO] - dataset config path=/fssmall/home/h61084/codes/datasets/time/coastal_t_s_h_part08/config.json applied_keys=['date_col', 'drop_users', 'target_cols']
[2026-08-27 14:42:50,005][evaluation.evaluator][INFO] - evaluate dataset=time/coastal_t_s_h_part08 users=3 dates=5493 windows=30 removed_constant=0 L=504 H=168 stride=512
[2026-08-27 14:42:55,676][evaluation.evaluator][INFO] - artifacts ready run=/fssmall/home/h61084/codes/tsfm/outputs_selena/univariate/time-coastal_t_s_h_part08/504_168/chronos2/none/instance/keep/run_0 mse=96.5956 nmse=1.63775 inference_seconds=0.195
2026-08-27 14:42:57 | configuration dataset=time/coastal_t_s_h_part09 L=168 H=24 model=persistence covariates=none instance_norm=true remove_constant=false seed=1 batch_size=512
[2026-08-27 14:42:59,710][data.dataset][INFO] - dataset config path=/fssmall/home/h61084/codes/datasets/time/coastal_t_s_h_part09/config.json applied_keys=['date_col', 'drop_users', 'target_cols']
[2026-08-27 14:42:59,733][evaluation.evaluator][INFO] - evaluate dataset=time/coastal_t_s_h_part09 users=3 dates=5784 windows=33 removed_constant=0 L=168 H=24 stride=512
[2026-08-27 14:42:59,954][evaluation.evaluator][INFO] - artifacts ready run=/fssmall/home/h61084/codes/tsfm/outputs_selena/univariate/time-coastal_t_s_h_part09/168_24/persistence/none/instance/keep/run_0 mse=61.6139 nmse=1.79668 inference_seconds=0.025
2026-08-27 14:43:01 | configuration dataset=time/coastal_t_s_h_part09 L=168 H=24 model=expected covariates=none instance_norm=true remove_constant=false seed=1 batch_size=512
[2026-08-27 14:43:03,653][data.dataset][INFO] - dataset config path=/fssmall/home/h61084/codes/datasets/time/coastal_t_s_h_part09/config.json applied_keys=['date_col', 'drop_users', 'target_cols']
[2026-08-27 14:43:03,675][evaluation.evaluator][INFO] - evaluate dataset=time/coastal_t_s_h_part09 users=3 dates=5784 windows=33 removed_constant=0 L=168 H=24 stride=512
[2026-08-27 14:43:03,903][evaluation.evaluator][INFO] - artifacts ready run=/fssmall/home/h61084/codes/tsfm/outputs_selena/univariate/time-coastal_t_s_h_part09/168_24/expected/none/instance/keep/run_0 mse=33.6908 nmse=2.08062 inference_seconds=0.026
2026-08-27 14:43:04 | configuration dataset=time/coastal_t_s_h_part09 L=168 H=24 model=repeat covariates=none instance_norm=true remove_constant=false seed=1 batch_size=512
[2026-08-27 14:43:07,590][data.dataset][INFO] - dataset config path=/fssmall/home/h61084/codes/datasets/time/coastal_t_s_h_part09/config.json applied_keys=['date_col', 'drop_users', 'target_cols']
[2026-08-27 14:43:07,611][evaluation.evaluator][INFO] - evaluate dataset=time/coastal_t_s_h_part09 users=3 dates=5784 windows=33 removed_constant=0 L=168 H=24 stride=512
[2026-08-27 14:43:07,827][evaluation.evaluator][INFO] - artifacts ready run=/fssmall/home/h61084/codes/tsfm/outputs_selena/univariate/time-coastal_t_s_h_part09/168_24/repeat/none/instance/keep/run_0 mse=52.5693 nmse=1.90718 inference_seconds=0.020
2026-08-27 14:43:08 | configuration dataset=time/coastal_t_s_h_part09 L=168 H=24 model=lookback covariates=none instance_norm=true remove_constant=false seed=1 batch_size=512
[2026-08-27 14:43:11,512][data.dataset][INFO] - dataset config path=/fssmall/home/h61084/codes/datasets/time/coastal_t_s_h_part09/config.json applied_keys=['date_col', 'drop_users', 'target_cols']
[2026-08-27 14:43:11,522][evaluation.evaluator][INFO] - lookback weekly period=168 observations
[2026-08-27 14:43:11,534][evaluation.evaluator][INFO] - evaluate dataset=time/coastal_t_s_h_part09 users=3 dates=5784 windows=33 removed_constant=0 L=168 H=24 stride=512
[2026-08-27 14:43:11,751][evaluation.evaluator][INFO] - artifacts ready run=/fssmall/home/h61084/codes/tsfm/outputs_selena/univariate/time-coastal_t_s_h_part09/168_24/lookback/none/instance/keep/run_0 mse=63.2448 nmse=3.37609 inference_seconds=0.020
2026-08-27 14:43:12 | configuration dataset=time/coastal_t_s_h_part09 L=168 H=24 model=chronos2 covariates=none instance_norm=true remove_constant=false seed=1 batch_size=64
[2026-08-27 14:43:15,390][data.dataset][INFO] - dataset config path=/fssmall/home/h61084/codes/datasets/time/coastal_t_s_h_part09/config.json applied_keys=['date_col', 'drop_users', 'target_cols']
[2026-08-27 14:43:15,413][evaluation.evaluator][INFO] - evaluate dataset=time/coastal_t_s_h_part09 users=3 dates=5784 windows=33 removed_constant=0 L=168 H=24 stride=512
[2026-08-27 14:43:21,098][evaluation.evaluator][INFO] - artifacts ready run=/fssmall/home/h61084/codes/tsfm/outputs_selena/univariate/time-coastal_t_s_h_part09/168_24/chronos2/none/instance/keep/run_0 mse=32.8944 nmse=1.27509 inference_seconds=0.193
2026-08-27 14:43:22 | configuration dataset=time/coastal_t_s_h_part09 L=336 H=48 model=persistence covariates=none instance_norm=true remove_constant=false seed=1 batch_size=512
[2026-08-27 14:43:25,082][data.dataset][INFO] - dataset config path=/fssmall/home/h61084/codes/datasets/time/coastal_t_s_h_part09/config.json applied_keys=['date_col', 'drop_users', 'target_cols']
[2026-08-27 14:43:25,103][evaluation.evaluator][INFO] - evaluate dataset=time/coastal_t_s_h_part09 users=3 dates=5784 windows=33 removed_constant=0 L=336 H=48 stride=512
[2026-08-27 14:43:25,330][evaluation.evaluator][INFO] - artifacts ready run=/fssmall/home/h61084/codes/tsfm/outputs_selena/univariate/time-coastal_t_s_h_part09/336_48/persistence/none/instance/keep/run_0 mse=79.4081 nmse=1.64442 inference_seconds=0.025
2026-08-27 14:43:26 | configuration dataset=time/coastal_t_s_h_part09 L=336 H=48 model=expected covariates=none instance_norm=true remove_constant=false seed=1 batch_size=512
[2026-08-27 14:43:28,973][data.dataset][INFO] - dataset config path=/fssmall/home/h61084/codes/datasets/time/coastal_t_s_h_part09/config.json applied_keys=['date_col', 'drop_users', 'target_cols']
[2026-08-27 14:43:28,994][evaluation.evaluator][INFO] - evaluate dataset=time/coastal_t_s_h_part09 users=3 dates=5784 windows=33 removed_constant=0 L=336 H=48 stride=512
[2026-08-27 14:43:29,224][evaluation.evaluator][INFO] - artifacts ready run=/fssmall/home/h61084/codes/tsfm/outputs_selena/univariate/time-coastal_t_s_h_part09/336_48/expected/none/instance/keep/run_0 mse=35.322 nmse=1.49292 inference_seconds=0.024
2026-08-27 14:43:30 | configuration dataset=time/coastal_t_s_h_part09 L=336 H=48 model=repeat covariates=none instance_norm=true remove_constant=false seed=1 batch_size=512
[2026-08-27 14:43:32,920][data.dataset][INFO] - dataset config path=/fssmall/home/h61084/codes/datasets/time/coastal_t_s_h_part09/config.json applied_keys=['date_col', 'drop_users', 'target_cols']
[2026-08-27 14:43:32,941][evaluation.evaluator][INFO] - evaluate dataset=time/coastal_t_s_h_part09 users=3 dates=5784 windows=33 removed_constant=0 L=336 H=48 stride=512
[2026-08-27 14:43:33,171][evaluation.evaluator][INFO] - artifacts ready run=/fssmall/home/h61084/codes/tsfm/outputs_selena/univariate/time-coastal_t_s_h_part09/336_48/repeat/none/instance/keep/run_0 mse=67.028 nmse=2.02145 inference_seconds=0.020
2026-08-27 14:43:34 | configuration dataset=time/coastal_t_s_h_part09 L=336 H=48 model=lookback covariates=none instance_norm=true remove_constant=false seed=1 batch_size=512
[2026-08-27 14:43:36,879][data.dataset][INFO] - dataset config path=/fssmall/home/h61084/codes/datasets/time/coastal_t_s_h_part09/config.json applied_keys=['date_col', 'drop_users', 'target_cols']
[2026-08-27 14:43:36,890][evaluation.evaluator][INFO] - lookback weekly period=168 observations
[2026-08-27 14:43:36,903][evaluation.evaluator][INFO] - evaluate dataset=time/coastal_t_s_h_part09 users=3 dates=5784 windows=33 removed_constant=0 L=336 H=48 stride=512
[2026-08-27 14:43:37,133][evaluation.evaluator][INFO] - artifacts ready run=/fssmall/home/h61084/codes/tsfm/outputs_selena/univariate/time-coastal_t_s_h_part09/336_48/lookback/none/instance/keep/run_0 mse=72.1959 nmse=3.02279 inference_seconds=0.020
2026-08-27 14:43:38 | configuration dataset=time/coastal_t_s_h_part09 L=336 H=48 model=chronos2 covariates=none instance_norm=true remove_constant=false seed=1 batch_size=64
[2026-08-27 14:43:40,874][data.dataset][INFO] - dataset config path=/fssmall/home/h61084/codes/datasets/time/coastal_t_s_h_part09/config.json applied_keys=['date_col', 'drop_users', 'target_cols']
[2026-08-27 14:43:40,896][evaluation.evaluator][INFO] - evaluate dataset=time/coastal_t_s_h_part09 users=3 dates=5784 windows=33 removed_constant=0 L=336 H=48 stride=512
[2026-08-27 14:43:46,521][evaluation.evaluator][INFO] - artifacts ready run=/fssmall/home/h61084/codes/tsfm/outputs_selena/univariate/time-coastal_t_s_h_part09/336_48/chronos2/none/instance/keep/run_0 mse=34.6903 nmse=1.29266 inference_seconds=0.195
2026-08-27 14:43:48 | configuration dataset=time/coastal_t_s_h_part09 L=504 H=168 model=persistence covariates=none instance_norm=true remove_constant=false seed=1 batch_size=512
[2026-08-27 14:43:50,556][data.dataset][INFO] - dataset config path=/fssmall/home/h61084/codes/datasets/time/coastal_t_s_h_part09/config.json applied_keys=['date_col', 'drop_users', 'target_cols']
[2026-08-27 14:43:50,578][evaluation.evaluator][INFO] - evaluate dataset=time/coastal_t_s_h_part09 users=3 dates=5784 windows=30 removed_constant=0 L=504 H=168 stride=512
[2026-08-27 14:43:50,826][evaluation.evaluator][INFO] - artifacts ready run=/fssmall/home/h61084/codes/tsfm/outputs_selena/univariate/time-coastal_t_s_h_part09/504_168/persistence/none/instance/keep/run_0 mse=59.6477 nmse=1.7542 inference_seconds=0.025
2026-08-27 14:43:51 | configuration dataset=time/coastal_t_s_h_part09 L=504 H=168 model=expected covariates=none instance_norm=true remove_constant=false seed=1 batch_size=512
[2026-08-27 14:43:54,517][data.dataset][INFO] - dataset config path=/fssmall/home/h61084/codes/datasets/time/coastal_t_s_h_part09/config.json applied_keys=['date_col', 'drop_users', 'target_cols']
[2026-08-27 14:43:54,539][evaluation.evaluator][INFO] - evaluate dataset=time/coastal_t_s_h_part09 users=3 dates=5784 windows=30 removed_constant=0 L=504 H=168 stride=512
[2026-08-27 14:43:54,767][evaluation.evaluator][INFO] - artifacts ready run=/fssmall/home/h61084/codes/tsfm/outputs_selena/univariate/time-coastal_t_s_h_part09/504_168/expected/none/instance/keep/run_0 mse=31.7645 nmse=1.44357 inference_seconds=0.025
2026-08-27 14:43:55 | configuration dataset=time/coastal_t_s_h_part09 L=504 H=168 model=repeat covariates=none instance_norm=true remove_constant=false seed=1 batch_size=512
[2026-08-27 14:43:58,499][data.dataset][INFO] - dataset config path=/fssmall/home/h61084/codes/datasets/time/coastal_t_s_h_part09/config.json applied_keys=['date_col', 'drop_users', 'target_cols']
[2026-08-27 14:43:58,521][evaluation.evaluator][INFO] - evaluate dataset=time/coastal_t_s_h_part09 users=3 dates=5784 windows=30 removed_constant=0 L=504 H=168 stride=512
[2026-08-27 14:43:58,742][evaluation.evaluator][INFO] - artifacts ready run=/fssmall/home/h61084/codes/tsfm/outputs_selena/univariate/time-coastal_t_s_h_part09/504_168/repeat/none/instance/keep/run_0 mse=62.4539 nmse=2.49417 inference_seconds=0.021
2026-08-27 14:43:59 | configuration dataset=time/coastal_t_s_h_part09 L=504 H=168 model=lookback covariates=none instance_norm=true remove_constant=false seed=1 batch_size=512
[2026-08-27 14:44:02,489][data.dataset][INFO] - dataset config path=/fssmall/home/h61084/codes/datasets/time/coastal_t_s_h_part09/config.json applied_keys=['date_col', 'drop_users', 'target_cols']
[2026-08-27 14:44:02,499][evaluation.evaluator][INFO] - lookback weekly period=168 observations
[2026-08-27 14:44:02,512][evaluation.evaluator][INFO] - evaluate dataset=time/coastal_t_s_h_part09 users=3 dates=5784 windows=30 removed_constant=0 L=504 H=168 stride=512
[2026-08-27 14:44:02,738][evaluation.evaluator][INFO] - artifacts ready run=/fssmall/home/h61084/codes/tsfm/outputs_selena/univariate/time-coastal_t_s_h_part09/504_168/lookback/none/instance/keep/run_0 mse=62.4539 nmse=2.49417 inference_seconds=0.020
2026-08-27 14:44:03 | configuration dataset=time/coastal_t_s_h_part09 L=504 H=168 model=chronos2 covariates=none instance_norm=true remove_constant=false seed=1 batch_size=64
[2026-08-27 14:44:06,496][data.dataset][INFO] - dataset config path=/fssmall/home/h61084/codes/datasets/time/coastal_t_s_h_part09/config.json applied_keys=['date_col', 'drop_users', 'target_cols']
[2026-08-27 14:44:06,519][evaluation.evaluator][INFO] - evaluate dataset=time/coastal_t_s_h_part09 users=3 dates=5784 windows=30 removed_constant=0 L=504 H=168 stride=512
[2026-08-27 14:44:12,357][evaluation.evaluator][INFO] - artifacts ready run=/fssmall/home/h61084/codes/tsfm/outputs_selena/univariate/time-coastal_t_s_h_part09/504_168/chronos2/none/instance/keep/run_0 mse=31.6479 nmse=1.38846 inference_seconds=0.197
2026-08-27 14:44:13 | configuration dataset=time/coastal_t_s_h_part10 L=168 H=24 model=persistence covariates=none instance_norm=true remove_constant=false seed=1 batch_size=512
[2026-08-27 14:44:16,472][data.dataset][INFO] - dataset config path=/fssmall/home/h61084/codes/datasets/time/coastal_t_s_h_part10/config.json applied_keys=['date_col', 'drop_users', 'target_cols']
[2026-08-27 14:44:16,496][evaluation.evaluator][INFO] - evaluate dataset=time/coastal_t_s_h_part10 users=3 dates=5512 windows=33 removed_constant=0 L=168 H=24 stride=512
[2026-08-27 14:44:16,719][evaluation.evaluator][INFO] - artifacts ready run=/fssmall/home/h61084/codes/tsfm/outputs_selena/univariate/time-coastal_t_s_h_part10/168_24/persistence/none/instance/keep/run_0 mse=10.8654 nmse=1.02856 inference_seconds=0.025
2026-08-27 14:44:17 | configuration dataset=time/coastal_t_s_h_part10 L=168 H=24 model=expected covariates=none instance_norm=true remove_constant=false seed=1 batch_size=512
[2026-08-27 14:44:20,521][data.dataset][INFO] - dataset config path=/fssmall/home/h61084/codes/datasets/time/coastal_t_s_h_part10/config.json applied_keys=['date_col', 'drop_users', 'target_cols']
[2026-08-27 14:44:20,544][evaluation.evaluator][INFO] - evaluate dataset=time/coastal_t_s_h_part10 users=3 dates=5512 windows=33 removed_constant=0 L=168 H=24 stride=512
[2026-08-27 14:44:20,774][evaluation.evaluator][INFO] - artifacts ready run=/fssmall/home/h61084/codes/tsfm/outputs_selena/univariate/time-coastal_t_s_h_part10/168_24/expected/none/instance/keep/run_0 mse=15.9807 nmse=1.96145 inference_seconds=0.025
2026-08-27 14:44:21 | configuration dataset=time/coastal_t_s_h_part10 L=168 H=24 model=repeat covariates=none instance_norm=true remove_constant=false seed=1 batch_size=512
[2026-08-27 14:44:24,521][data.dataset][INFO] - dataset config path=/fssmall/home/h61084/codes/datasets/time/coastal_t_s_h_part10/config.json applied_keys=['date_col', 'drop_users', 'target_cols']
[2026-08-27 14:44:24,543][evaluation.evaluator][INFO] - evaluate dataset=time/coastal_t_s_h_part10 users=3 dates=5512 windows=33 removed_constant=0 L=168 H=24 stride=512
[2026-08-27 14:44:24,771][evaluation.evaluator][INFO] - artifacts ready run=/fssmall/home/h61084/codes/tsfm/outputs_selena/univariate/time-coastal_t_s_h_part10/168_24/repeat/none/instance/keep/run_0 mse=21.6751 nmse=1.98752 inference_seconds=0.020
2026-08-27 14:44:25 | configuration dataset=time/coastal_t_s_h_part10 L=168 H=24 model=lookback covariates=none instance_norm=true remove_constant=false seed=1 batch_size=512
[2026-08-27 14:44:28,526][data.dataset][INFO] - dataset config path=/fssmall/home/h61084/codes/datasets/time/coastal_t_s_h_part10/config.json applied_keys=['date_col', 'drop_users', 'target_cols']
[2026-08-27 14:44:28,536][evaluation.evaluator][INFO] - lookback weekly period=168 observations
[2026-08-27 14:44:28,549][evaluation.evaluator][INFO] - evaluate dataset=time/coastal_t_s_h_part10 users=3 dates=5512 windows=33 removed_constant=0 L=168 H=24 stride=512
[2026-08-27 14:44:28,772][evaluation.evaluator][INFO] - artifacts ready run=/fssmall/home/h61084/codes/tsfm/outputs_selena/univariate/time-coastal_t_s_h_part10/168_24/lookback/none/instance/keep/run_0 mse=30.3126 nmse=3.31621 inference_seconds=0.020
2026-08-27 14:44:29 | configuration dataset=time/coastal_t_s_h_part10 L=168 H=24 model=chronos2 covariates=none instance_norm=true remove_constant=false seed=1 batch_size=64
[2026-08-27 14:44:32,530][data.dataset][INFO] - dataset config path=/fssmall/home/h61084/codes/datasets/time/coastal_t_s_h_part10/config.json applied_keys=['date_col', 'drop_users', 'target_cols']
[2026-08-27 14:44:32,552][evaluation.evaluator][INFO] - evaluate dataset=time/coastal_t_s_h_part10 users=3 dates=5512 windows=33 removed_constant=0 L=168 H=24 stride=512
[2026-08-27 14:44:38,245][evaluation.evaluator][INFO] - artifacts ready run=/fssmall/home/h61084/codes/tsfm/outputs_selena/univariate/time-coastal_t_s_h_part10/168_24/chronos2/none/instance/keep/run_0 mse=10.5698 nmse=1.18537 inference_seconds=0.195
2026-08-27 14:44:39 | configuration dataset=time/coastal_t_s_h_part10 L=336 H=48 model=persistence covariates=none instance_norm=true remove_constant=false seed=1 batch_size=512
[2026-08-27 14:44:42,351][data.dataset][INFO] - dataset config path=/fssmall/home/h61084/codes/datasets/time/coastal_t_s_h_part10/config.json applied_keys=['date_col', 'drop_users', 'target_cols']
[2026-08-27 14:44:42,374][evaluation.evaluator][INFO] - evaluate dataset=time/coastal_t_s_h_part10 users=3 dates=5512 windows=33 removed_constant=0 L=336 H=48 stride=512
[2026-08-27 14:44:42,604][evaluation.evaluator][INFO] - artifacts ready run=/fssmall/home/h61084/codes/tsfm/outputs_selena/univariate/time-coastal_t_s_h_part10/336_48/persistence/none/instance/keep/run_0 mse=14.587 nmse=1.02306 inference_seconds=0.026
2026-08-27 14:44:43 | configuration dataset=time/coastal_t_s_h_part10 L=336 H=48 model=expected covariates=none instance_norm=true remove_constant=false seed=1 batch_size=512
[2026-08-27 14:44:46,333][data.dataset][INFO] - dataset config path=/fssmall/home/h61084/codes/datasets/time/coastal_t_s_h_part10/config.json applied_keys=['date_col', 'drop_users', 'target_cols']
[2026-08-27 14:44:46,355][evaluation.evaluator][INFO] - evaluate dataset=time/coastal_t_s_h_part10 users=3 dates=5512 windows=33 removed_constant=0 L=336 H=48 stride=512
[2026-08-27 14:44:46,578][evaluation.evaluator][INFO] - artifacts ready run=/fssmall/home/h61084/codes/tsfm/outputs_selena/univariate/time-coastal_t_s_h_part10/336_48/expected/none/instance/keep/run_0 mse=10.6124 nmse=1.58484 inference_seconds=0.024
2026-08-27 14:44:47 | configuration dataset=time/coastal_t_s_h_part10 L=336 H=48 model=repeat covariates=none instance_norm=true remove_constant=false seed=1 batch_size=512
[2026-08-27 14:44:50,278][data.dataset][INFO] - dataset config path=/fssmall/home/h61084/codes/datasets/time/coastal_t_s_h_part10/config.json applied_keys=['date_col', 'drop_users', 'target_cols']
[2026-08-27 14:44:50,300][evaluation.evaluator][INFO] - evaluate dataset=time/coastal_t_s_h_part10 users=3 dates=5512 windows=33 removed_constant=0 L=336 H=48 stride=512
[2026-08-27 14:44:50,519][evaluation.evaluator][INFO] - artifacts ready run=/fssmall/home/h61084/codes/tsfm/outputs_selena/univariate/time-coastal_t_s_h_part10/336_48/repeat/none/instance/keep/run_0 mse=16.8835 nmse=1.71104 inference_seconds=0.021
2026-08-27 14:44:51 | configuration dataset=time/coastal_t_s_h_part10 L=336 H=48 model=lookback covariates=none instance_norm=true remove_constant=false seed=1 batch_size=512
[2026-08-27 14:44:54,253][data.dataset][INFO] - dataset config path=/fssmall/home/h61084/codes/datasets/time/coastal_t_s_h_part10/config.json applied_keys=['date_col', 'drop_users', 'target_cols']
[2026-08-27 14:44:54,262][evaluation.evaluator][INFO] - lookback weekly period=168 observations
[2026-08-27 14:44:54,275][evaluation.evaluator][INFO] - evaluate dataset=time/coastal_t_s_h_part10 users=3 dates=5512 windows=33 removed_constant=0 L=336 H=48 stride=512
[2026-08-27 14:44:54,528][evaluation.evaluator][INFO] - artifacts ready run=/fssmall/home/h61084/codes/tsfm/outputs_selena/univariate/time-coastal_t_s_h_part10/336_48/lookback/none/instance/keep/run_0 mse=19.5539 nmse=2.67816 inference_seconds=0.021
2026-08-27 14:44:55 | configuration dataset=time/coastal_t_s_h_part10 L=336 H=48 model=chronos2 covariates=none instance_norm=true remove_constant=false seed=1 batch_size=64
[2026-08-27 14:44:58,271][data.dataset][INFO] - dataset config path=/fssmall/home/h61084/codes/datasets/time/coastal_t_s_h_part10/config.json applied_keys=['date_col', 'drop_users', 'target_cols']
[2026-08-27 14:44:58,293][evaluation.evaluator][INFO] - evaluate dataset=time/coastal_t_s_h_part10 users=3 dates=5512 windows=33 removed_constant=0 L=336 H=48 stride=512
[2026-08-27 14:45:04,108][evaluation.evaluator][INFO] - artifacts ready run=/fssmall/home/h61084/codes/tsfm/outputs_selena/univariate/time-coastal_t_s_h_part10/336_48/chronos2/none/instance/keep/run_0 mse=9.46929 nmse=0.814786 inference_seconds=0.197
2026-08-27 14:45:05 | configuration dataset=time/coastal_t_s_h_part10 L=504 H=168 model=persistence covariates=none instance_norm=true remove_constant=false seed=1 batch_size=512
[2026-08-27 14:45:08,230][data.dataset][INFO] - dataset config path=/fssmall/home/h61084/codes/datasets/time/coastal_t_s_h_part10/config.json applied_keys=['date_col', 'drop_users', 'target_cols']
[2026-08-27 14:45:08,252][evaluation.evaluator][INFO] - evaluate dataset=time/coastal_t_s_h_part10 users=3 dates=5512 windows=30 removed_constant=0 L=504 H=168 stride=512
[2026-08-27 14:45:08,481][evaluation.evaluator][INFO] - artifacts ready run=/fssmall/home/h61084/codes/tsfm/outputs_selena/univariate/time-coastal_t_s_h_part10/504_168/persistence/none/instance/keep/run_0 mse=19.9367 nmse=14.2229 inference_seconds=0.025
2026-08-27 14:45:09 | configuration dataset=time/coastal_t_s_h_part10 L=504 H=168 model=expected covariates=none instance_norm=true remove_constant=false seed=1 batch_size=512
[2026-08-27 14:45:12,292][data.dataset][INFO] - dataset config path=/fssmall/home/h61084/codes/datasets/time/coastal_t_s_h_part10/config.json applied_keys=['date_col', 'drop_users', 'target_cols']
[2026-08-27 14:45:12,313][evaluation.evaluator][INFO] - evaluate dataset=time/coastal_t_s_h_part10 users=3 dates=5512 windows=30 removed_constant=0 L=504 H=168 stride=512
[2026-08-27 14:45:12,540][evaluation.evaluator][INFO] - artifacts ready run=/fssmall/home/h61084/codes/tsfm/outputs_selena/univariate/time-coastal_t_s_h_part10/504_168/expected/none/instance/keep/run_0 mse=12.0473 nmse=14.5006 inference_seconds=0.025
2026-08-27 14:45:13 | configuration dataset=time/coastal_t_s_h_part10 L=504 H=168 model=repeat covariates=none instance_norm=true remove_constant=false seed=1 batch_size=512
[2026-08-27 14:45:16,275][data.dataset][INFO] - dataset config path=/fssmall/home/h61084/codes/datasets/time/coastal_t_s_h_part10/config.json applied_keys=['date_col', 'drop_users', 'target_cols']
[2026-08-27 14:45:16,297][evaluation.evaluator][INFO] - evaluate dataset=time/coastal_t_s_h_part10 users=3 dates=5512 windows=30 removed_constant=0 L=504 H=168 stride=512
[2026-08-27 14:45:16,523][evaluation.evaluator][INFO] - artifacts ready run=/fssmall/home/h61084/codes/tsfm/outputs_selena/univariate/time-coastal_t_s_h_part10/504_168/repeat/none/instance/keep/run_0 mse=20.781 nmse=14.5872 inference_seconds=0.020
2026-08-27 14:45:17 | configuration dataset=time/coastal_t_s_h_part10 L=504 H=168 model=lookback covariates=none instance_norm=true remove_constant=false seed=1 batch_size=512
[2026-08-27 14:45:20,219][data.dataset][INFO] - dataset config path=/fssmall/home/h61084/codes/datasets/time/coastal_t_s_h_part10/config.json applied_keys=['date_col', 'drop_users', 'target_cols']
[2026-08-27 14:45:20,228][evaluation.evaluator][INFO] - lookback weekly period=168 observations
[2026-08-27 14:45:20,241][evaluation.evaluator][INFO] - evaluate dataset=time/coastal_t_s_h_part10 users=3 dates=5512 windows=30 removed_constant=0 L=504 H=168 stride=512
[2026-08-27 14:45:20,460][evaluation.evaluator][INFO] - artifacts ready run=/fssmall/home/h61084/codes/tsfm/outputs_selena/univariate/time-coastal_t_s_h_part10/504_168/lookback/none/instance/keep/run_0 mse=20.781 nmse=14.5872 inference_seconds=0.021
2026-08-27 14:45:21 | configuration dataset=time/coastal_t_s_h_part10 L=504 H=168 model=chronos2 covariates=none instance_norm=true remove_constant=false seed=1 batch_size=64
[2026-08-27 14:45:24,153][data.dataset][INFO] - dataset config path=/fssmall/home/h61084/codes/datasets/time/coastal_t_s_h_part10/config.json applied_keys=['date_col', 'drop_users', 'target_cols']
[2026-08-27 14:45:24,175][evaluation.evaluator][INFO] - evaluate dataset=time/coastal_t_s_h_part10 users=3 dates=5512 windows=30 removed_constant=0 L=504 H=168 stride=512
[2026-08-27 14:45:29,856][evaluation.evaluator][INFO] - artifacts ready run=/fssmall/home/h61084/codes/tsfm/outputs_selena/univariate/time-coastal_t_s_h_part10/504_168/chronos2/none/instance/keep/run_0 mse=11.6302 nmse=13.8037 inference_seconds=0.196
2026-08-27 14:45:31 | configuration dataset=time/coastal_t_s_h_part11 L=168 H=24 model=persistence covariates=none instance_norm=true remove_constant=false seed=1 batch_size=512
[2026-08-27 14:45:33,919][data.dataset][INFO] - dataset config path=/fssmall/home/h61084/codes/datasets/time/coastal_t_s_h_part11/config.json applied_keys=['date_col', 'drop_users', 'target_cols']
[2026-08-27 14:45:33,943][evaluation.evaluator][INFO] - evaluate dataset=time/coastal_t_s_h_part11 users=3 dates=8158 windows=48 removed_constant=0 L=168 H=24 stride=512
[2026-08-27 14:45:34,174][evaluation.evaluator][INFO] - artifacts ready run=/fssmall/home/h61084/codes/tsfm/outputs_selena/univariate/time-coastal_t_s_h_part11/168_24/persistence/none/instance/keep/run_0 mse=0.0326764 nmse=1.14823 inference_seconds=0.024
2026-08-27 14:45:35 | configuration dataset=time/coastal_t_s_h_part11 L=168 H=24 model=expected covariates=none instance_norm=true remove_constant=false seed=1 batch_size=512
[2026-08-27 14:45:37,893][data.dataset][INFO] - dataset config path=/fssmall/home/h61084/codes/datasets/time/coastal_t_s_h_part11/config.json applied_keys=['date_col', 'drop_users', 'target_cols']
[2026-08-27 14:45:37,916][evaluation.evaluator][INFO] - evaluate dataset=time/coastal_t_s_h_part11 users=3 dates=8158 windows=48 removed_constant=0 L=168 H=24 stride=512
[2026-08-27 14:45:38,142][evaluation.evaluator][INFO] - artifacts ready run=/fssmall/home/h61084/codes/tsfm/outputs_selena/univariate/time-coastal_t_s_h_part11/168_24/expected/none/instance/keep/run_0 mse=0.0703617 nmse=2.16499 inference_seconds=0.025
2026-08-27 14:45:39 | configuration dataset=time/coastal_t_s_h_part11 L=168 H=24 model=repeat covariates=none instance_norm=true remove_constant=false seed=1 batch_size=512
[2026-08-27 14:45:41,897][data.dataset][INFO] - dataset config path=/fssmall/home/h61084/codes/datasets/time/coastal_t_s_h_part11/config.json applied_keys=['date_col', 'drop_users', 'target_cols']
[2026-08-27 14:45:41,920][evaluation.evaluator][INFO] - evaluate dataset=time/coastal_t_s_h_part11 users=3 dates=8158 windows=48 removed_constant=0 L=168 H=24 stride=512
[2026-08-27 14:45:42,149][evaluation.evaluator][INFO] - artifacts ready run=/fssmall/home/h61084/codes/tsfm/outputs_selena/univariate/time-coastal_t_s_h_part11/168_24/repeat/none/instance/keep/run_0 mse=0.0470663 nmse=1.36106 inference_seconds=0.021
2026-08-27 14:45:43 | configuration dataset=time/coastal_t_s_h_part11 L=168 H=24 model=lookback covariates=none instance_norm=true remove_constant=false seed=1 batch_size=512
[2026-08-27 14:45:45,867][data.dataset][INFO] - dataset config path=/fssmall/home/h61084/codes/datasets/time/coastal_t_s_h_part11/config.json applied_keys=['date_col', 'drop_users', 'target_cols']
[2026-08-27 14:45:45,878][evaluation.evaluator][INFO] - lookback weekly period=168 observations
[2026-08-27 14:45:45,890][evaluation.evaluator][INFO] - evaluate dataset=time/coastal_t_s_h_part11 users=3 dates=8158 windows=48 removed_constant=0 L=168 H=24 stride=512
[2026-08-27 14:45:46,111][evaluation.evaluator][INFO] - artifacts ready run=/fssmall/home/h61084/codes/tsfm/outputs_selena/univariate/time-coastal_t_s_h_part11/168_24/lookback/none/instance/keep/run_0 mse=0.163403 nmse=4.19014 inference_seconds=0.020
2026-08-27 14:45:47 | configuration dataset=time/coastal_t_s_h_part11 L=168 H=24 model=chronos2 covariates=none instance_norm=true remove_constant=false seed=1 batch_size=64
[2026-08-27 14:45:49,820][data.dataset][INFO] - dataset config path=/fssmall/home/h61084/codes/datasets/time/coastal_t_s_h_part11/config.json applied_keys=['date_col', 'drop_users', 'target_cols']
[2026-08-27 14:45:49,845][evaluation.evaluator][INFO] - evaluate dataset=time/coastal_t_s_h_part11 users=3 dates=8158 windows=48 removed_constant=0 L=168 H=24 stride=512
[2026-08-27 14:45:55,563][evaluation.evaluator][INFO] - artifacts ready run=/fssmall/home/h61084/codes/tsfm/outputs_selena/univariate/time-coastal_t_s_h_part11/168_24/chronos2/none/instance/keep/run_0 mse=0.0312919 nmse=0.799144 inference_seconds=0.196
2026-08-27 14:45:57 | configuration dataset=time/coastal_t_s_h_part11 L=336 H=48 model=persistence covariates=none instance_norm=true remove_constant=false seed=1 batch_size=512
[2026-08-27 14:45:59,711][data.dataset][INFO] - dataset config path=/fssmall/home/h61084/codes/datasets/time/coastal_t_s_h_part11/config.json applied_keys=['date_col', 'drop_users', 'target_cols']
[2026-08-27 14:45:59,735][evaluation.evaluator][INFO] - evaluate dataset=time/coastal_t_s_h_part11 users=3 dates=8158 windows=48 removed_constant=0 L=336 H=48 stride=512
[2026-08-27 14:45:59,959][evaluation.evaluator][INFO] - artifacts ready run=/fssmall/home/h61084/codes/tsfm/outputs_selena/univariate/time-coastal_t_s_h_part11/336_48/persistence/none/instance/keep/run_0 mse=0.0364944 nmse=1.11835 inference_seconds=0.025
2026-08-27 14:46:01 | configuration dataset=time/coastal_t_s_h_part11 L=336 H=48 model=expected covariates=none instance_norm=true remove_constant=false seed=1 batch_size=512
[2026-08-27 14:46:03,809][data.dataset][INFO] - dataset config path=/fssmall/home/h61084/codes/datasets/time/coastal_t_s_h_part11/config.json applied_keys=['date_col', 'drop_users', 'target_cols']
[2026-08-27 14:46:03,834][evaluation.evaluator][INFO] - evaluate dataset=time/coastal_t_s_h_part11 users=3 dates=8158 windows=48 removed_constant=0 L=336 H=48 stride=512
[2026-08-27 14:46:04,060][evaluation.evaluator][INFO] - artifacts ready run=/fssmall/home/h61084/codes/tsfm/outputs_selena/univariate/time-coastal_t_s_h_part11/336_48/expected/none/instance/keep/run_0 mse=0.134821 nmse=2.86676 inference_seconds=0.026
2026-08-27 14:46:05 | configuration dataset=time/coastal_t_s_h_part11 L=336 H=48 model=repeat covariates=none instance_norm=true remove_constant=false seed=1 batch_size=512
[2026-08-27 14:46:07,809][data.dataset][INFO] - dataset config path=/fssmall/home/h61084/codes/datasets/time/coastal_t_s_h_part11/config.json applied_keys=['date_col', 'drop_users', 'target_cols']
[2026-08-27 14:46:07,833][evaluation.evaluator][INFO] - evaluate dataset=time/coastal_t_s_h_part11 users=3 dates=8158 windows=48 removed_constant=0 L=336 H=48 stride=512
[2026-08-27 14:46:08,062][evaluation.evaluator][INFO] - artifacts ready run=/fssmall/home/h61084/codes/tsfm/outputs_selena/univariate/time-coastal_t_s_h_part11/336_48/repeat/none/instance/keep/run_0 mse=0.0852187 nmse=1.9354 inference_seconds=0.020
2026-08-27 14:46:09 | configuration dataset=time/coastal_t_s_h_part11 L=336 H=48 model=lookback covariates=none instance_norm=true remove_constant=false seed=1 batch_size=512
[2026-08-27 14:46:11,896][data.dataset][INFO] - dataset config path=/fssmall/home/h61084/codes/datasets/time/coastal_t_s_h_part11/config.json applied_keys=['date_col', 'drop_users', 'target_cols']
[2026-08-27 14:46:11,907][evaluation.evaluator][INFO] - lookback weekly period=168 observations
[2026-08-27 14:46:11,919][evaluation.evaluator][INFO] - evaluate dataset=time/coastal_t_s_h_part11 users=3 dates=8158 windows=48 removed_constant=0 L=336 H=48 stride=512
[2026-08-27 14:46:12,143][evaluation.evaluator][INFO] - artifacts ready run=/fssmall/home/h61084/codes/tsfm/outputs_selena/univariate/time-coastal_t_s_h_part11/336_48/lookback/none/instance/keep/run_0 mse=0.142407 nmse=3.35345 inference_seconds=0.020
2026-08-27 14:46:13 | configuration dataset=time/coastal_t_s_h_part11 L=336 H=48 model=chronos2 covariates=none instance_norm=true remove_constant=false seed=1 batch_size=64
[2026-08-27 14:46:15,864][data.dataset][INFO] - dataset config path=/fssmall/home/h61084/codes/datasets/time/coastal_t_s_h_part11/config.json applied_keys=['date_col', 'drop_users', 'target_cols']
[2026-08-27 14:46:15,887][evaluation.evaluator][INFO] - evaluate dataset=time/coastal_t_s_h_part11 users=3 dates=8158 windows=48 removed_constant=0 L=336 H=48 stride=512
[2026-08-27 14:46:21,509][evaluation.evaluator][INFO] - artifacts ready run=/fssmall/home/h61084/codes/tsfm/outputs_selena/univariate/time-coastal_t_s_h_part11/336_48/chronos2/none/instance/keep/run_0 mse=0.0364667 nmse=1.06855 inference_seconds=0.197
2026-08-27 14:46:23 | configuration dataset=time/coastal_t_s_h_part11 L=504 H=168 model=persistence covariates=none instance_norm=true remove_constant=false seed=1 batch_size=512
[2026-08-27 14:46:25,583][data.dataset][INFO] - dataset config path=/fssmall/home/h61084/codes/datasets/time/coastal_t_s_h_part11/config.json applied_keys=['date_col', 'drop_users', 'target_cols']
[2026-08-27 14:46:25,611][evaluation.evaluator][INFO] - evaluate dataset=time/coastal_t_s_h_part11 users=3 dates=8158 windows=45 removed_constant=0 L=504 H=168 stride=512
[2026-08-27 14:46:25,839][evaluation.evaluator][INFO] - artifacts ready run=/fssmall/home/h61084/codes/tsfm/outputs_selena/univariate/time-coastal_t_s_h_part11/504_168/persistence/none/instance/keep/run_0 mse=0.123723 nmse=1.94525 inference_seconds=0.024
2026-08-27 14:46:27 | configuration dataset=time/coastal_t_s_h_part11 L=504 H=168 model=expected covariates=none instance_norm=true remove_constant=false seed=1 batch_size=512
[2026-08-27 14:46:29,598][data.dataset][INFO] - dataset config path=/fssmall/home/h61084/codes/datasets/time/coastal_t_s_h_part11/config.json applied_keys=['date_col', 'drop_users', 'target_cols']
[2026-08-27 14:46:29,621][evaluation.evaluator][INFO] - evaluate dataset=time/coastal_t_s_h_part11 users=3 dates=8158 windows=45 removed_constant=0 L=504 H=168 stride=512
[2026-08-27 14:46:29,857][evaluation.evaluator][INFO] - artifacts ready run=/fssmall/home/h61084/codes/tsfm/outputs_selena/univariate/time-coastal_t_s_h_part11/504_168/expected/none/instance/keep/run_0 mse=0.290933 nmse=3.17665 inference_seconds=0.026
2026-08-27 14:46:31 | configuration dataset=time/coastal_t_s_h_part11 L=504 H=168 model=repeat covariates=none instance_norm=true remove_constant=false seed=1 batch_size=512
[2026-08-27 14:46:33,596][data.dataset][INFO] - dataset config path=/fssmall/home/h61084/codes/datasets/time/coastal_t_s_h_part11/config.json applied_keys=['date_col', 'drop_users', 'target_cols']
[2026-08-27 14:46:33,620][evaluation.evaluator][INFO] - evaluate dataset=time/coastal_t_s_h_part11 users=3 dates=8158 windows=45 removed_constant=0 L=504 H=168 stride=512
[2026-08-27 14:46:33,844][evaluation.evaluator][INFO] - artifacts ready run=/fssmall/home/h61084/codes/tsfm/outputs_selena/univariate/time-coastal_t_s_h_part11/504_168/repeat/none/instance/keep/run_0 mse=0.258642 nmse=3.09159 inference_seconds=0.021
2026-08-27 14:46:35 | configuration dataset=time/coastal_t_s_h_part11 L=504 H=168 model=lookback covariates=none instance_norm=true remove_constant=false seed=1 batch_size=512
[2026-08-27 14:46:37,617][data.dataset][INFO] - dataset config path=/fssmall/home/h61084/codes/datasets/time/coastal_t_s_h_part11/config.json applied_keys=['date_col', 'drop_users', 'target_cols']
[2026-08-27 14:46:37,627][evaluation.evaluator][INFO] - lookback weekly period=168 observations
[2026-08-27 14:46:37,640][evaluation.evaluator][INFO] - evaluate dataset=time/coastal_t_s_h_part11 users=3 dates=8158 windows=45 removed_constant=0 L=504 H=168 stride=512
[2026-08-27 14:46:37,866][evaluation.evaluator][INFO] - artifacts ready run=/fssmall/home/h61084/codes/tsfm/outputs_selena/univariate/time-coastal_t_s_h_part11/504_168/lookback/none/instance/keep/run_0 mse=0.258642 nmse=3.09159 inference_seconds=0.021
2026-08-27 14:46:39 | configuration dataset=time/coastal_t_s_h_part11 L=504 H=168 model=chronos2 covariates=none instance_norm=true remove_constant=false seed=1 batch_size=64
[2026-08-27 14:46:41,691][data.dataset][INFO] - dataset config path=/fssmall/home/h61084/codes/datasets/time/coastal_t_s_h_part11/config.json applied_keys=['date_col', 'drop_users', 'target_cols']
[2026-08-27 14:46:41,715][evaluation.evaluator][INFO] - evaluate dataset=time/coastal_t_s_h_part11 users=3 dates=8158 windows=45 removed_constant=0 L=504 H=168 stride=512
[2026-08-27 14:46:47,331][evaluation.evaluator][INFO] - artifacts ready run=/fssmall/home/h61084/codes/tsfm/outputs_selena/univariate/time-coastal_t_s_h_part11/504_168/chronos2/none/instance/keep/run_0 mse=0.121939 nmse=2.01907 inference_seconds=0.198
2026-08-27 14:46:48 | configuration dataset=time/coastal_t_s_h_part12 L=168 H=24 model=persistence covariates=none instance_norm=true remove_constant=false seed=1 batch_size=512
[2026-08-27 14:46:51,423][data.dataset][INFO] - dataset config path=/fssmall/home/h61084/codes/datasets/time/coastal_t_s_h_part12/config.json applied_keys=['date_col', 'drop_users', 'target_cols']
[2026-08-27 14:46:51,446][evaluation.evaluator][INFO] - evaluate dataset=time/coastal_t_s_h_part12 users=3 dates=4871 windows=30 removed_constant=0 L=168 H=24 stride=512
[2026-08-27 14:46:51,679][evaluation.evaluator][INFO] - artifacts ready run=/fssmall/home/h61084/codes/tsfm/outputs_selena/univariate/time-coastal_t_s_h_part12/168_24/persistence/none/instance/keep/run_0 mse=10.067 nmse=1.40098 inference_seconds=0.025
2026-08-27 14:46:52 | configuration dataset=time/coastal_t_s_h_part12 L=168 H=24 model=expected covariates=none instance_norm=true remove_constant=false seed=1 batch_size=512
[2026-08-27 14:46:55,428][data.dataset][INFO] - dataset config path=/fssmall/home/h61084/codes/datasets/time/coastal_t_s_h_part12/config.json applied_keys=['date_col', 'drop_users', 'target_cols']
[2026-08-27 14:46:55,449][evaluation.evaluator][INFO] - evaluate dataset=time/coastal_t_s_h_part12 users=3 dates=4871 windows=30 removed_constant=0 L=168 H=24 stride=512
[2026-08-27 14:46:55,681][evaluation.evaluator][INFO] - artifacts ready run=/fssmall/home/h61084/codes/tsfm/outputs_selena/univariate/time-coastal_t_s_h_part12/168_24/expected/none/instance/keep/run_0 mse=129.88 nmse=1.27818 inference_seconds=0.025
2026-08-27 14:46:56 | configuration dataset=time/coastal_t_s_h_part12 L=168 H=24 model=repeat covariates=none instance_norm=true remove_constant=false seed=1 batch_size=512
[2026-08-27 14:46:59,462][data.dataset][INFO] - dataset config path=/fssmall/home/h61084/codes/datasets/time/coastal_t_s_h_part12/config.json applied_keys=['date_col', 'drop_users', 'target_cols']
[2026-08-27 14:46:59,483][evaluation.evaluator][INFO] - evaluate dataset=time/coastal_t_s_h_part12 users=3 dates=4871 windows=30 removed_constant=0 L=168 H=24 stride=512
[2026-08-27 14:46:59,708][evaluation.evaluator][INFO] - artifacts ready run=/fssmall/home/h61084/codes/tsfm/outputs_selena/univariate/time-coastal_t_s_h_part12/168_24/repeat/none/instance/keep/run_0 mse=20.8677 nmse=0.618437 inference_seconds=0.020
2026-08-27 14:47:00 | configuration dataset=time/coastal_t_s_h_part12 L=168 H=24 model=lookback covariates=none instance_norm=true remove_constant=false seed=1 batch_size=512
[2026-08-27 14:47:03,445][data.dataset][INFO] - dataset config path=/fssmall/home/h61084/codes/datasets/time/coastal_t_s_h_part12/config.json applied_keys=['date_col', 'drop_users', 'target_cols']
[2026-08-27 14:47:03,455][evaluation.evaluator][INFO] - lookback weekly period=168 observations
[2026-08-27 14:47:03,467][evaluation.evaluator][INFO] - evaluate dataset=time/coastal_t_s_h_part12 users=3 dates=4871 windows=30 removed_constant=0 L=168 H=24 stride=512
[2026-08-27 14:47:03,705][evaluation.evaluator][INFO] - artifacts ready run=/fssmall/home/h61084/codes/tsfm/outputs_selena/univariate/time-coastal_t_s_h_part12/168_24/lookback/none/instance/keep/run_0 mse=375.72 nmse=3.45046 inference_seconds=0.020
2026-08-27 14:47:04 | configuration dataset=time/coastal_t_s_h_part12 L=168 H=24 model=chronos2 covariates=none instance_norm=true remove_constant=false seed=1 batch_size=64
[2026-08-27 14:47:07,509][data.dataset][INFO] - dataset config path=/fssmall/home/h61084/codes/datasets/time/coastal_t_s_h_part12/config.json applied_keys=['date_col', 'drop_users', 'target_cols']
[2026-08-27 14:47:07,530][evaluation.evaluator][INFO] - evaluate dataset=time/coastal_t_s_h_part12 users=3 dates=4871 windows=30 removed_constant=0 L=168 H=24 stride=512
[2026-08-27 14:47:13,454][evaluation.evaluator][INFO] - artifacts ready run=/fssmall/home/h61084/codes/tsfm/outputs_selena/univariate/time-coastal_t_s_h_part12/168_24/chronos2/none/instance/keep/run_0 mse=10.1183 nmse=0.457051 inference_seconds=0.194
2026-08-27 14:47:15 | configuration dataset=time/coastal_t_s_h_part12 L=336 H=48 model=persistence covariates=none instance_norm=true remove_constant=false seed=1 batch_size=512
[2026-08-27 14:47:17,630][data.dataset][INFO] - dataset config path=/fssmall/home/h61084/codes/datasets/time/coastal_t_s_h_part12/config.json applied_keys=['date_col', 'drop_users', 'target_cols']
[2026-08-27 14:47:17,651][evaluation.evaluator][INFO] - evaluate dataset=time/coastal_t_s_h_part12 users=3 dates=4871 windows=27 removed_constant=0 L=336 H=48 stride=512
[2026-08-27 14:47:17,882][evaluation.evaluator][INFO] - artifacts ready run=/fssmall/home/h61084/codes/tsfm/outputs_selena/univariate/time-coastal_t_s_h_part12/336_48/persistence/none/instance/keep/run_0 mse=0.535495 nmse=1.20069 inference_seconds=0.025
2026-08-27 14:47:19 | configuration dataset=time/coastal_t_s_h_part12 L=336 H=48 model=expected covariates=none instance_norm=true remove_constant=false seed=1 batch_size=512
[2026-08-27 14:47:21,711][data.dataset][INFO] - dataset config path=/fssmall/home/h61084/codes/datasets/time/coastal_t_s_h_part12/config.json applied_keys=['date_col', 'drop_users', 'target_cols']
[2026-08-27 14:47:21,732][evaluation.evaluator][INFO] - evaluate dataset=time/coastal_t_s_h_part12 users=3 dates=4871 windows=27 removed_constant=0 L=336 H=48 stride=512
[2026-08-27 14:47:21,957][evaluation.evaluator][INFO] - artifacts ready run=/fssmall/home/h61084/codes/tsfm/outputs_selena/univariate/time-coastal_t_s_h_part12/336_48/expected/none/instance/keep/run_0 mse=228.451 nmse=1.07238 inference_seconds=0.025
2026-08-27 14:47:23 | configuration dataset=time/coastal_t_s_h_part12 L=336 H=48 model=repeat covariates=none instance_norm=true remove_constant=false seed=1 batch_size=512
[2026-08-27 14:47:25,721][data.dataset][INFO] - dataset config path=/fssmall/home/h61084/codes/datasets/time/coastal_t_s_h_part12/config.json applied_keys=['date_col', 'drop_users', 'target_cols']
[2026-08-27 14:47:25,743][evaluation.evaluator][INFO] - evaluate dataset=time/coastal_t_s_h_part12 users=3 dates=4871 windows=27 removed_constant=0 L=336 H=48 stride=512
[2026-08-27 14:47:25,960][evaluation.evaluator][INFO] - artifacts ready run=/fssmall/home/h61084/codes/tsfm/outputs_selena/univariate/time-coastal_t_s_h_part12/336_48/repeat/none/instance/keep/run_0 mse=0.42335 nmse=0.858219 inference_seconds=0.021
2026-08-27 14:47:27 | configuration dataset=time/coastal_t_s_h_part12 L=336 H=48 model=lookback covariates=none instance_norm=true remove_constant=false seed=1 batch_size=512
[2026-08-27 14:47:29,740][data.dataset][INFO] - dataset config path=/fssmall/home/h61084/codes/datasets/time/coastal_t_s_h_part12/config.json applied_keys=['date_col', 'drop_users', 'target_cols']
[2026-08-27 14:47:29,750][evaluation.evaluator][INFO] - lookback weekly period=168 observations
[2026-08-27 14:47:29,762][evaluation.evaluator][INFO] - evaluate dataset=time/coastal_t_s_h_part12 users=3 dates=4871 windows=27 removed_constant=0 L=336 H=48 stride=512
[2026-08-27 14:47:29,983][evaluation.evaluator][INFO] - artifacts ready run=/fssmall/home/h61084/codes/tsfm/outputs_selena/univariate/time-coastal_t_s_h_part12/336_48/lookback/none/instance/keep/run_0 mse=705.89 nmse=2.60666 inference_seconds=0.020
2026-08-27 14:47:31 | configuration dataset=time/coastal_t_s_h_part12 L=336 H=48 model=chronos2 covariates=none instance_norm=true remove_constant=false seed=1 batch_size=64
[2026-08-27 14:47:33,786][data.dataset][INFO] - dataset config path=/fssmall/home/h61084/codes/datasets/time/coastal_t_s_h_part12/config.json applied_keys=['date_col', 'drop_users', 'target_cols']
[2026-08-27 14:47:33,807][evaluation.evaluator][INFO] - evaluate dataset=time/coastal_t_s_h_part12 users=3 dates=4871 windows=27 removed_constant=0 L=336 H=48 stride=512
[2026-08-27 14:47:39,426][evaluation.evaluator][INFO] - artifacts ready run=/fssmall/home/h61084/codes/tsfm/outputs_selena/univariate/time-coastal_t_s_h_part12/336_48/chronos2/none/instance/keep/run_0 mse=0.216347 nmse=0.348246 inference_seconds=0.198
2026-08-27 14:47:41 | configuration dataset=time/coastal_t_s_h_part12 L=504 H=168 model=persistence covariates=none instance_norm=true remove_constant=false seed=1 batch_size=512
[2026-08-27 14:47:43,584][data.dataset][INFO] - dataset config path=/fssmall/home/h61084/codes/datasets/time/coastal_t_s_h_part12/config.json applied_keys=['date_col', 'drop_users', 'target_cols']
[2026-08-27 14:47:43,606][evaluation.evaluator][INFO] - evaluate dataset=time/coastal_t_s_h_part12 users=3 dates=4871 windows=27 removed_constant=0 L=504 H=168 stride=512
[2026-08-27 14:47:43,848][evaluation.evaluator][INFO] - artifacts ready run=/fssmall/home/h61084/codes/tsfm/outputs_selena/univariate/time-coastal_t_s_h_part12/504_168/persistence/none/instance/keep/run_0 mse=114.539 nmse=2.54429 inference_seconds=0.025
2026-08-27 14:47:45 | configuration dataset=time/coastal_t_s_h_part12 L=504 H=168 model=expected covariates=none instance_norm=true remove_constant=false seed=1 batch_size=512
[2026-08-27 14:47:47,686][data.dataset][INFO] - dataset config path=/fssmall/home/h61084/codes/datasets/time/coastal_t_s_h_part12/config.json applied_keys=['date_col', 'drop_users', 'target_cols']
[2026-08-27 14:47:47,709][evaluation.evaluator][INFO] - evaluate dataset=time/coastal_t_s_h_part12 users=3 dates=4871 windows=27 removed_constant=0 L=504 H=168 stride=512
[2026-08-27 14:47:47,947][evaluation.evaluator][INFO] - artifacts ready run=/fssmall/home/h61084/codes/tsfm/outputs_selena/univariate/time-coastal_t_s_h_part12/504_168/expected/none/instance/keep/run_0 mse=120.092 nmse=2.38865 inference_seconds=0.026
2026-08-27 14:47:49 | configuration dataset=time/coastal_t_s_h_part12 L=504 H=168 model=repeat covariates=none instance_norm=true remove_constant=false seed=1 batch_size=512
[2026-08-27 14:47:51,752][data.dataset][INFO] - dataset config path=/fssmall/home/h61084/codes/datasets/time/coastal_t_s_h_part12/config.json applied_keys=['date_col', 'drop_users', 'target_cols']
[2026-08-27 14:47:51,774][evaluation.evaluator][INFO] - evaluate dataset=time/coastal_t_s_h_part12 users=3 dates=4871 windows=27 removed_constant=0 L=504 H=168 stride=512
[2026-08-27 14:47:52,001][evaluation.evaluator][INFO] - artifacts ready run=/fssmall/home/h61084/codes/tsfm/outputs_selena/univariate/time-coastal_t_s_h_part12/504_168/repeat/none/instance/keep/run_0 mse=112.678 nmse=3.38936 inference_seconds=0.020
2026-08-27 14:47:53 | configuration dataset=time/coastal_t_s_h_part12 L=504 H=168 model=lookback covariates=none instance_norm=true remove_constant=false seed=1 batch_size=512
[2026-08-27 14:47:55,788][data.dataset][INFO] - dataset config path=/fssmall/home/h61084/codes/datasets/time/coastal_t_s_h_part12/config.json applied_keys=['date_col', 'drop_users', 'target_cols']
[2026-08-27 14:47:55,798][evaluation.evaluator][INFO] - lookback weekly period=168 observations
[2026-08-27 14:47:55,810][evaluation.evaluator][INFO] - evaluate dataset=time/coastal_t_s_h_part12 users=3 dates=4871 windows=27 removed_constant=0 L=504 H=168 stride=512
[2026-08-27 14:47:56,044][evaluation.evaluator][INFO] - artifacts ready run=/fssmall/home/h61084/codes/tsfm/outputs_selena/univariate/time-coastal_t_s_h_part12/504_168/lookback/none/instance/keep/run_0 mse=112.678 nmse=3.38936 inference_seconds=0.020
2026-08-27 14:47:57 | configuration dataset=time/coastal_t_s_h_part12 L=504 H=168 model=chronos2 covariates=none instance_norm=true remove_constant=false seed=1 batch_size=64
[2026-08-27 14:47:59,824][data.dataset][INFO] - dataset config path=/fssmall/home/h61084/codes/datasets/time/coastal_t_s_h_part12/config.json applied_keys=['date_col', 'drop_users', 'target_cols']
[2026-08-27 14:47:59,846][evaluation.evaluator][INFO] - evaluate dataset=time/coastal_t_s_h_part12 users=3 dates=4871 windows=27 removed_constant=0 L=504 H=168 stride=512
[2026-08-27 14:48:05,482][evaluation.evaluator][INFO] - artifacts ready run=/fssmall/home/h61084/codes/tsfm/outputs_selena/univariate/time-coastal_t_s_h_part12/504_168/chronos2/none/instance/keep/run_0 mse=111.233 nmse=1.93668 inference_seconds=0.195
2026-08-27 14:48:07 | configuration dataset=time/coastal_t_s_h_part13 L=168 H=24 model=persistence covariates=none instance_norm=true remove_constant=false seed=1 batch_size=512
[2026-08-27 14:48:09,641][data.dataset][INFO] - dataset config path=/fssmall/home/h61084/codes/datasets/time/coastal_t_s_h_part13/config.json applied_keys=['date_col', 'drop_users', 'target_cols']
[2026-08-27 14:48:09,664][evaluation.evaluator][INFO] - evaluate dataset=time/coastal_t_s_h_part13 users=3 dates=4848 windows=30 removed_constant=0 L=168 H=24 stride=512
[2026-08-27 14:48:09,906][evaluation.evaluator][INFO] - artifacts ready run=/fssmall/home/h61084/codes/tsfm/outputs_selena/univariate/time-coastal_t_s_h_part13/168_24/persistence/none/instance/keep/run_0 mse=26.8455 nmse=2.08556 inference_seconds=0.025
2026-08-27 14:48:11 | configuration dataset=time/coastal_t_s_h_part13 L=168 H=24 model=expected covariates=none instance_norm=true remove_constant=false seed=1 batch_size=512
[2026-08-27 14:48:13,709][data.dataset][INFO] - dataset config path=/fssmall/home/h61084/codes/datasets/time/coastal_t_s_h_part13/config.json applied_keys=['date_col', 'drop_users', 'target_cols']
[2026-08-27 14:48:13,730][evaluation.evaluator][INFO] - evaluate dataset=time/coastal_t_s_h_part13 users=3 dates=4848 windows=30 removed_constant=0 L=168 H=24 stride=512
[2026-08-27 14:48:13,958][evaluation.evaluator][INFO] - artifacts ready run=/fssmall/home/h61084/codes/tsfm/outputs_selena/univariate/time-coastal_t_s_h_part13/168_24/expected/none/instance/keep/run_0 mse=20.438 nmse=1.05512 inference_seconds=0.025
2026-08-27 14:48:15 | configuration dataset=time/coastal_t_s_h_part13 L=168 H=24 model=repeat covariates=none instance_norm=true remove_constant=false seed=1 batch_size=512
[2026-08-27 14:48:17,766][data.dataset][INFO] - dataset config path=/fssmall/home/h61084/codes/datasets/time/coastal_t_s_h_part13/config.json applied_keys=['date_col', 'drop_users', 'target_cols']
[2026-08-27 14:48:17,787][evaluation.evaluator][INFO] - evaluate dataset=time/coastal_t_s_h_part13 users=3 dates=4848 windows=30 removed_constant=0 L=168 H=24 stride=512
[2026-08-27 14:48:18,014][evaluation.evaluator][INFO] - artifacts ready run=/fssmall/home/h61084/codes/tsfm/outputs_selena/univariate/time-coastal_t_s_h_part13/168_24/repeat/none/instance/keep/run_0 mse=34.5731 nmse=0.555187 inference_seconds=0.020
2026-08-27 14:48:19 | configuration dataset=time/coastal_t_s_h_part13 L=168 H=24 model=lookback covariates=none instance_norm=true remove_constant=false seed=1 batch_size=512
[2026-08-27 14:48:21,854][data.dataset][INFO] - dataset config path=/fssmall/home/h61084/codes/datasets/time/coastal_t_s_h_part13/config.json applied_keys=['date_col', 'drop_users', 'target_cols']
[2026-08-27 14:48:21,864][evaluation.evaluator][INFO] - lookback weekly period=168 observations
[2026-08-27 14:48:21,876][evaluation.evaluator][INFO] - evaluate dataset=time/coastal_t_s_h_part13 users=3 dates=4848 windows=30 removed_constant=0 L=168 H=24 stride=512
[2026-08-27 14:48:22,099][evaluation.evaluator][INFO] - artifacts ready run=/fssmall/home/h61084/codes/tsfm/outputs_selena/univariate/time-coastal_t_s_h_part13/168_24/lookback/none/instance/keep/run_0 mse=40.8071 nmse=2.94831 inference_seconds=0.021
2026-08-27 14:48:23 | configuration dataset=time/coastal_t_s_h_part13 L=168 H=24 model=chronos2 covariates=none instance_norm=true remove_constant=false seed=1 batch_size=64
[2026-08-27 14:48:25,943][data.dataset][INFO] - dataset config path=/fssmall/home/h61084/codes/datasets/time/coastal_t_s_h_part13/config.json applied_keys=['date_col', 'drop_users', 'target_cols']
[2026-08-27 14:48:25,966][evaluation.evaluator][INFO] - evaluate dataset=time/coastal_t_s_h_part13 users=3 dates=4848 windows=30 removed_constant=0 L=168 H=24 stride=512
[2026-08-27 14:48:31,596][evaluation.evaluator][INFO] - artifacts ready run=/fssmall/home/h61084/codes/tsfm/outputs_selena/univariate/time-coastal_t_s_h_part13/168_24/chronos2/none/instance/keep/run_0 mse=16.5826 nmse=0.295273 inference_seconds=0.195
2026-08-27 14:48:33 | configuration dataset=time/coastal_t_s_h_part13 L=336 H=48 model=persistence covariates=none instance_norm=true remove_constant=false seed=1 batch_size=512
[2026-08-27 14:48:35,843][data.dataset][INFO] - dataset config path=/fssmall/home/h61084/codes/datasets/time/coastal_t_s_h_part13/config.json applied_keys=['date_col', 'drop_users', 'target_cols']
[2026-08-27 14:48:35,865][evaluation.evaluator][INFO] - evaluate dataset=time/coastal_t_s_h_part13 users=3 dates=4848 windows=27 removed_constant=0 L=336 H=48 stride=512
[2026-08-27 14:48:36,111][evaluation.evaluator][INFO] - artifacts ready run=/fssmall/home/h61084/codes/tsfm/outputs_selena/univariate/time-coastal_t_s_h_part13/336_48/persistence/none/instance/keep/run_0 mse=5.56157 nmse=1.85851 inference_seconds=0.025
2026-08-27 14:48:37 | configuration dataset=time/coastal_t_s_h_part13 L=336 H=48 model=expected covariates=none instance_norm=true remove_constant=false seed=1 batch_size=512
[2026-08-27 14:48:39,950][data.dataset][INFO] - dataset config path=/fssmall/home/h61084/codes/datasets/time/coastal_t_s_h_part13/config.json applied_keys=['date_col', 'drop_users', 'target_cols']
[2026-08-27 14:48:39,973][evaluation.evaluator][INFO] - evaluate dataset=time/coastal_t_s_h_part13 users=3 dates=4848 windows=27 removed_constant=0 L=336 H=48 stride=512
[2026-08-27 14:48:40,226][evaluation.evaluator][INFO] - artifacts ready run=/fssmall/home/h61084/codes/tsfm/outputs_selena/univariate/time-coastal_t_s_h_part13/336_48/expected/none/instance/keep/run_0 mse=71.9937 nmse=1.22824 inference_seconds=0.025
2026-08-27 14:48:41 | configuration dataset=time/coastal_t_s_h_part13 L=336 H=48 model=repeat covariates=none instance_norm=true remove_constant=false seed=1 batch_size=512
[2026-08-27 14:48:44,012][data.dataset][INFO] - dataset config path=/fssmall/home/h61084/codes/datasets/time/coastal_t_s_h_part13/config.json applied_keys=['date_col', 'drop_users', 'target_cols']
[2026-08-27 14:48:44,033][evaluation.evaluator][INFO] - evaluate dataset=time/coastal_t_s_h_part13 users=3 dates=4848 windows=27 removed_constant=0 L=336 H=48 stride=512
[2026-08-27 14:48:44,252][evaluation.evaluator][INFO] - artifacts ready run=/fssmall/home/h61084/codes/tsfm/outputs_selena/univariate/time-coastal_t_s_h_part13/336_48/repeat/none/instance/keep/run_0 mse=2.09497 nmse=0.905624 inference_seconds=0.020
2026-08-27 14:48:45 | configuration dataset=time/coastal_t_s_h_part13 L=336 H=48 model=lookback covariates=none instance_norm=true remove_constant=false seed=1 batch_size=512
[2026-08-27 14:48:48,034][data.dataset][INFO] - dataset config path=/fssmall/home/h61084/codes/datasets/time/coastal_t_s_h_part13/config.json applied_keys=['date_col', 'drop_users', 'target_cols']
[2026-08-27 14:48:48,044][evaluation.evaluator][INFO] - lookback weekly period=168 observations
[2026-08-27 14:48:48,056][evaluation.evaluator][INFO] - evaluate dataset=time/coastal_t_s_h_part13 users=3 dates=4848 windows=27 removed_constant=0 L=336 H=48 stride=512
[2026-08-27 14:48:48,279][evaluation.evaluator][INFO] - artifacts ready run=/fssmall/home/h61084/codes/tsfm/outputs_selena/univariate/time-coastal_t_s_h_part13/336_48/lookback/none/instance/keep/run_0 mse=81.4363 nmse=2.73435 inference_seconds=0.020
2026-08-27 14:48:49 | configuration dataset=time/coastal_t_s_h_part13 L=336 H=48 model=chronos2 covariates=none instance_norm=true remove_constant=false seed=1 batch_size=64
[2026-08-27 14:48:52,101][data.dataset][INFO] - dataset config path=/fssmall/home/h61084/codes/datasets/time/coastal_t_s_h_part13/config.json applied_keys=['date_col', 'drop_users', 'target_cols']
[2026-08-27 14:48:52,123][evaluation.evaluator][INFO] - evaluate dataset=time/coastal_t_s_h_part13 users=3 dates=4848 windows=27 removed_constant=0 L=336 H=48 stride=512
[2026-08-27 14:48:57,733][evaluation.evaluator][INFO] - artifacts ready run=/fssmall/home/h61084/codes/tsfm/outputs_selena/univariate/time-coastal_t_s_h_part13/336_48/chronos2/none/instance/keep/run_0 mse=0.545136 nmse=0.309421 inference_seconds=0.197
2026-08-27 14:48:59 | configuration dataset=time/coastal_t_s_h_part13 L=504 H=168 model=persistence covariates=none instance_norm=true remove_constant=false seed=1 batch_size=512
[2026-08-27 14:49:01,845][data.dataset][INFO] - dataset config path=/fssmall/home/h61084/codes/datasets/time/coastal_t_s_h_part13/config.json applied_keys=['date_col', 'drop_users', 'target_cols']
[2026-08-27 14:49:01,867][evaluation.evaluator][INFO] - evaluate dataset=time/coastal_t_s_h_part13 users=3 dates=4848 windows=27 removed_constant=0 L=504 H=168 stride=512
[2026-08-27 14:49:02,104][evaluation.evaluator][INFO] - artifacts ready run=/fssmall/home/h61084/codes/tsfm/outputs_selena/univariate/time-coastal_t_s_h_part13/504_168/persistence/none/instance/keep/run_0 mse=5.4831 nmse=2.06877 inference_seconds=0.024
2026-08-27 14:49:03 | configuration dataset=time/coastal_t_s_h_part13 L=504 H=168 model=expected covariates=none instance_norm=true remove_constant=false seed=1 batch_size=512
[2026-08-27 14:49:05,923][data.dataset][INFO] - dataset config path=/fssmall/home/h61084/codes/datasets/time/coastal_t_s_h_part13/config.json applied_keys=['date_col', 'drop_users', 'target_cols']
[2026-08-27 14:49:05,944][evaluation.evaluator][INFO] - evaluate dataset=time/coastal_t_s_h_part13 users=3 dates=4848 windows=27 removed_constant=0 L=504 H=168 stride=512
[2026-08-27 14:49:06,178][evaluation.evaluator][INFO] - artifacts ready run=/fssmall/home/h61084/codes/tsfm/outputs_selena/univariate/time-coastal_t_s_h_part13/504_168/expected/none/instance/keep/run_0 mse=33.243 nmse=1.28974 inference_seconds=0.025
2026-08-27 14:49:07 | configuration dataset=time/coastal_t_s_h_part13 L=504 H=168 model=repeat covariates=none instance_norm=true remove_constant=false seed=1 batch_size=512
[2026-08-27 14:49:10,026][data.dataset][INFO] - dataset config path=/fssmall/home/h61084/codes/datasets/time/coastal_t_s_h_part13/config.json applied_keys=['date_col', 'drop_users', 'target_cols']
[2026-08-27 14:49:10,048][evaluation.evaluator][INFO] - evaluate dataset=time/coastal_t_s_h_part13 users=3 dates=4848 windows=27 removed_constant=0 L=504 H=168 stride=512
[2026-08-27 14:49:10,276][evaluation.evaluator][INFO] - artifacts ready run=/fssmall/home/h61084/codes/tsfm/outputs_selena/univariate/time-coastal_t_s_h_part13/504_168/repeat/none/instance/keep/run_0 mse=8.59946 nmse=2.75041 inference_seconds=0.021
2026-08-27 14:49:11 | configuration dataset=time/coastal_t_s_h_part13 L=504 H=168 model=lookback covariates=none instance_norm=true remove_constant=false seed=1 batch_size=512
[2026-08-27 14:49:14,142][data.dataset][INFO] - dataset config path=/fssmall/home/h61084/codes/datasets/time/coastal_t_s_h_part13/config.json applied_keys=['date_col', 'drop_users', 'target_cols']
[2026-08-27 14:49:14,152][evaluation.evaluator][INFO] - lookback weekly period=168 observations
[2026-08-27 14:49:14,164][evaluation.evaluator][INFO] - evaluate dataset=time/coastal_t_s_h_part13 users=3 dates=4848 windows=27 removed_constant=0 L=504 H=168 stride=512
[2026-08-27 14:49:14,405][evaluation.evaluator][INFO] - artifacts ready run=/fssmall/home/h61084/codes/tsfm/outputs_selena/univariate/time-coastal_t_s_h_part13/504_168/lookback/none/instance/keep/run_0 mse=8.59946 nmse=2.75041 inference_seconds=0.021
2026-08-27 14:49:15 | configuration dataset=time/coastal_t_s_h_part13 L=504 H=168 model=chronos2 covariates=none instance_norm=true remove_constant=false seed=1 batch_size=64
[2026-08-27 14:49:18,254][data.dataset][INFO] - dataset config path=/fssmall/home/h61084/codes/datasets/time/coastal_t_s_h_part13/config.json applied_keys=['date_col', 'drop_users', 'target_cols']
[2026-08-27 14:49:18,275][evaluation.evaluator][INFO] - evaluate dataset=time/coastal_t_s_h_part13 users=3 dates=4848 windows=27 removed_constant=0 L=504 H=168 stride=512
[2026-08-27 14:49:23,866][evaluation.evaluator][INFO] - artifacts ready run=/fssmall/home/h61084/codes/tsfm/outputs_selena/univariate/time-coastal_t_s_h_part13/504_168/chronos2/none/instance/keep/run_0 mse=1.26186 nmse=0.681391 inference_seconds=0.194
2026-08-27 14:49:25 | configuration dataset=time/coastal_t_s_h_part14 L=168 H=24 model=persistence covariates=none instance_norm=true remove_constant=false seed=1 batch_size=512
[2026-08-27 14:49:28,021][data.dataset][INFO] - dataset config path=/fssmall/home/h61084/codes/datasets/time/coastal_t_s_h_part14/config.json applied_keys=['date_col', 'drop_users', 'target_cols']
[2026-08-27 14:49:28,044][evaluation.evaluator][INFO] - evaluate dataset=time/coastal_t_s_h_part14 users=3 dates=4829 windows=30 removed_constant=0 L=168 H=24 stride=512
[2026-08-27 14:49:28,269][evaluation.evaluator][INFO] - artifacts ready run=/fssmall/home/h61084/codes/tsfm/outputs_selena/univariate/time-coastal_t_s_h_part14/168_24/persistence/none/instance/keep/run_0 mse=13.8723 nmse=1.79798 inference_seconds=0.025
2026-08-27 14:49:29 | configuration dataset=time/coastal_t_s_h_part14 L=168 H=24 model=expected covariates=none instance_norm=true remove_constant=false seed=1 batch_size=512
[2026-08-27 14:49:32,096][data.dataset][INFO] - dataset config path=/fssmall/home/h61084/codes/datasets/time/coastal_t_s_h_part14/config.json applied_keys=['date_col', 'drop_users', 'target_cols']
[2026-08-27 14:49:32,117][evaluation.evaluator][INFO] - evaluate dataset=time/coastal_t_s_h_part14 users=3 dates=4829 windows=30 removed_constant=0 L=168 H=24 stride=512
[2026-08-27 14:49:32,343][evaluation.evaluator][INFO] - artifacts ready run=/fssmall/home/h61084/codes/tsfm/outputs_selena/univariate/time-coastal_t_s_h_part14/168_24/expected/none/instance/keep/run_0 mse=9.98159 nmse=1.60582 inference_seconds=0.025
2026-08-27 14:49:33 | configuration dataset=time/coastal_t_s_h_part14 L=168 H=24 model=repeat covariates=none instance_norm=true remove_constant=false seed=1 batch_size=512
[2026-08-27 14:49:36,187][data.dataset][INFO] - dataset config path=/fssmall/home/h61084/codes/datasets/time/coastal_t_s_h_part14/config.json applied_keys=['date_col', 'drop_users', 'target_cols']
[2026-08-27 14:49:36,211][evaluation.evaluator][INFO] - evaluate dataset=time/coastal_t_s_h_part14 users=3 dates=4829 windows=30 removed_constant=0 L=168 H=24 stride=512
[2026-08-27 14:49:36,430][evaluation.evaluator][INFO] - artifacts ready run=/fssmall/home/h61084/codes/tsfm/outputs_selena/univariate/time-coastal_t_s_h_part14/168_24/repeat/none/instance/keep/run_0 mse=19.8327 nmse=1.53667 inference_seconds=0.020
2026-08-27 14:49:37 | configuration dataset=time/coastal_t_s_h_part14 L=168 H=24 model=lookback covariates=none instance_norm=true remove_constant=false seed=1 batch_size=512
[2026-08-27 14:49:40,263][data.dataset][INFO] - dataset config path=/fssmall/home/h61084/codes/datasets/time/coastal_t_s_h_part14/config.json applied_keys=['date_col', 'drop_users', 'target_cols']
[2026-08-27 14:49:40,272][evaluation.evaluator][INFO] - lookback weekly period=168 observations
[2026-08-27 14:49:40,284][evaluation.evaluator][INFO] - evaluate dataset=time/coastal_t_s_h_part14 users=3 dates=4829 windows=30 removed_constant=0 L=168 H=24 stride=512
[2026-08-27 14:49:40,504][evaluation.evaluator][INFO] - artifacts ready run=/fssmall/home/h61084/codes/tsfm/outputs_selena/univariate/time-coastal_t_s_h_part14/168_24/lookback/none/instance/keep/run_0 mse=12.7549 nmse=2.99959 inference_seconds=0.021
2026-08-27 14:49:41 | configuration dataset=time/coastal_t_s_h_part14 L=168 H=24 model=chronos2 covariates=none instance_norm=true remove_constant=false seed=1 batch_size=64
[2026-08-27 14:49:44,351][data.dataset][INFO] - dataset config path=/fssmall/home/h61084/codes/datasets/time/coastal_t_s_h_part14/config.json applied_keys=['date_col', 'drop_users', 'target_cols']
[2026-08-27 14:49:44,372][evaluation.evaluator][INFO] - evaluate dataset=time/coastal_t_s_h_part14 users=3 dates=4829 windows=30 removed_constant=0 L=168 H=24 stride=512
[2026-08-27 14:49:49,984][evaluation.evaluator][INFO] - artifacts ready run=/fssmall/home/h61084/codes/tsfm/outputs_selena/univariate/time-coastal_t_s_h_part14/168_24/chronos2/none/instance/keep/run_0 mse=9.03122 nmse=0.995471 inference_seconds=0.195
2026-08-27 14:49:51 | configuration dataset=time/coastal_t_s_h_part14 L=336 H=48 model=persistence covariates=none instance_norm=true remove_constant=false seed=1 batch_size=512
[2026-08-27 14:49:54,176][data.dataset][INFO] - dataset config path=/fssmall/home/h61084/codes/datasets/time/coastal_t_s_h_part14/config.json applied_keys=['date_col', 'drop_users', 'target_cols']
[2026-08-27 14:49:54,197][evaluation.evaluator][INFO] - evaluate dataset=time/coastal_t_s_h_part14 users=3 dates=4829 windows=27 removed_constant=0 L=336 H=48 stride=512
[2026-08-27 14:49:54,423][evaluation.evaluator][INFO] - artifacts ready run=/fssmall/home/h61084/codes/tsfm/outputs_selena/univariate/time-coastal_t_s_h_part14/336_48/persistence/none/instance/keep/run_0 mse=618.712 nmse=2421.71 inference_seconds=0.024
2026-08-27 14:49:55 | configuration dataset=time/coastal_t_s_h_part14 L=336 H=48 model=expected covariates=none instance_norm=true remove_constant=false seed=1 batch_size=512
[2026-08-27 14:49:58,282][data.dataset][INFO] - dataset config path=/fssmall/home/h61084/codes/datasets/time/coastal_t_s_h_part14/config.json applied_keys=['date_col', 'drop_users', 'target_cols']
[2026-08-27 14:49:58,303][evaluation.evaluator][INFO] - evaluate dataset=time/coastal_t_s_h_part14 users=3 dates=4829 windows=27 removed_constant=0 L=336 H=48 stride=512
[2026-08-27 14:49:58,523][evaluation.evaluator][INFO] - artifacts ready run=/fssmall/home/h61084/codes/tsfm/outputs_selena/univariate/time-coastal_t_s_h_part14/336_48/expected/none/instance/keep/run_0 mse=968.08 nmse=2407.08 inference_seconds=0.024
2026-08-27 14:49:59 | configuration dataset=time/coastal_t_s_h_part14 L=336 H=48 model=repeat covariates=none instance_norm=true remove_constant=false seed=1 batch_size=512
[2026-08-27 14:50:02,421][data.dataset][INFO] - dataset config path=/fssmall/home/h61084/codes/datasets/time/coastal_t_s_h_part14/config.json applied_keys=['date_col', 'drop_users', 'target_cols']
[2026-08-27 14:50:02,443][evaluation.evaluator][INFO] - evaluate dataset=time/coastal_t_s_h_part14 users=3 dates=4829 windows=27 removed_constant=0 L=336 H=48 stride=512
[2026-08-27 14:50:02,660][evaluation.evaluator][INFO] - artifacts ready run=/fssmall/home/h61084/codes/tsfm/outputs_selena/univariate/time-coastal_t_s_h_part14/336_48/repeat/none/instance/keep/run_0 mse=686.987 nmse=2412.38 inference_seconds=0.021
2026-08-27 14:50:03 | configuration dataset=time/coastal_t_s_h_part14 L=336 H=48 model=lookback covariates=none instance_norm=true remove_constant=false seed=1 batch_size=512
[2026-08-27 14:50:06,547][data.dataset][INFO] - dataset config path=/fssmall/home/h61084/codes/datasets/time/coastal_t_s_h_part14/config.json applied_keys=['date_col', 'drop_users', 'target_cols']
[2026-08-27 14:50:06,557][evaluation.evaluator][INFO] - lookback weekly period=168 observations
[2026-08-27 14:50:06,569][evaluation.evaluator][INFO] - evaluate dataset=time/coastal_t_s_h_part14 users=3 dates=4829 windows=27 removed_constant=0 L=336 H=48 stride=512
[2026-08-27 14:50:06,807][evaluation.evaluator][INFO] - artifacts ready run=/fssmall/home/h61084/codes/tsfm/outputs_selena/univariate/time-coastal_t_s_h_part14/336_48/lookback/none/instance/keep/run_0 mse=1099.32 nmse=2408.42 inference_seconds=0.021
2026-08-27 14:50:08 | configuration dataset=time/coastal_t_s_h_part14 L=336 H=48 model=chronos2 covariates=none instance_norm=true remove_constant=false seed=1 batch_size=64
[2026-08-27 14:50:10,747][data.dataset][INFO] - dataset config path=/fssmall/home/h61084/codes/datasets/time/coastal_t_s_h_part14/config.json applied_keys=['date_col', 'drop_users', 'target_cols']
[2026-08-27 14:50:10,769][evaluation.evaluator][INFO] - evaluate dataset=time/coastal_t_s_h_part14 users=3 dates=4829 windows=27 removed_constant=0 L=336 H=48 stride=512
[2026-08-27 14:50:16,358][evaluation.evaluator][INFO] - artifacts ready run=/fssmall/home/h61084/codes/tsfm/outputs_selena/univariate/time-coastal_t_s_h_part14/336_48/chronos2/none/instance/keep/run_0 mse=611.927 nmse=2412.19 inference_seconds=0.194
2026-08-27 14:50:18 | configuration dataset=time/coastal_t_s_h_part14 L=504 H=168 model=persistence covariates=none instance_norm=true remove_constant=false seed=1 batch_size=512
[2026-08-27 14:50:20,549][data.dataset][INFO] - dataset config path=/fssmall/home/h61084/codes/datasets/time/coastal_t_s_h_part14/config.json applied_keys=['date_col', 'drop_users', 'target_cols']
[2026-08-27 14:50:20,571][evaluation.evaluator][INFO] - evaluate dataset=time/coastal_t_s_h_part14 users=3 dates=4829 windows=27 removed_constant=0 L=504 H=168 stride=512
[2026-08-27 14:50:20,814][evaluation.evaluator][INFO] - artifacts ready run=/fssmall/home/h61084/codes/tsfm/outputs_selena/univariate/time-coastal_t_s_h_part14/504_168/persistence/none/instance/keep/run_0 mse=1.92624 nmse=2.41063 inference_seconds=0.025
2026-08-27 14:50:22 | configuration dataset=time/coastal_t_s_h_part14 L=504 H=168 model=expected covariates=none instance_norm=true remove_constant=false seed=1 batch_size=512
[2026-08-27 14:50:24,665][data.dataset][INFO] - dataset config path=/fssmall/home/h61084/codes/datasets/time/coastal_t_s_h_part14/config.json applied_keys=['date_col', 'drop_users', 'target_cols']
[2026-08-27 14:50:24,687][evaluation.evaluator][INFO] - evaluate dataset=time/coastal_t_s_h_part14 users=3 dates=4829 windows=27 removed_constant=0 L=504 H=168 stride=512
[2026-08-27 14:50:24,918][evaluation.evaluator][INFO] - artifacts ready run=/fssmall/home/h61084/codes/tsfm/outputs_selena/univariate/time-coastal_t_s_h_part14/504_168/expected/none/instance/keep/run_0 mse=700.366 nmse=2.46577 inference_seconds=0.025
2026-08-27 14:50:26 | configuration dataset=time/coastal_t_s_h_part14 L=504 H=168 model=repeat covariates=none instance_norm=true remove_constant=false seed=1 batch_size=512
[2026-08-27 14:50:28,762][data.dataset][INFO] - dataset config path=/fssmall/home/h61084/codes/datasets/time/coastal_t_s_h_part14/config.json applied_keys=['date_col', 'drop_users', 'target_cols']
[2026-08-27 14:50:28,784][evaluation.evaluator][INFO] - evaluate dataset=time/coastal_t_s_h_part14 users=3 dates=4829 windows=27 removed_constant=0 L=504 H=168 stride=512
[2026-08-27 14:50:29,014][evaluation.evaluator][INFO] - artifacts ready run=/fssmall/home/h61084/codes/tsfm/outputs_selena/univariate/time-coastal_t_s_h_part14/504_168/repeat/none/instance/keep/run_0 mse=130.41 nmse=2.50331 inference_seconds=0.021
2026-08-27 14:50:30 | configuration dataset=time/coastal_t_s_h_part14 L=504 H=168 model=lookback covariates=none instance_norm=true remove_constant=false seed=1 batch_size=512
[2026-08-27 14:50:32,951][data.dataset][INFO] - dataset config path=/fssmall/home/h61084/codes/datasets/time/coastal_t_s_h_part14/config.json applied_keys=['date_col', 'drop_users', 'target_cols']
[2026-08-27 14:50:32,960][evaluation.evaluator][INFO] - lookback weekly period=168 observations
[2026-08-27 14:50:32,974][evaluation.evaluator][INFO] - evaluate dataset=time/coastal_t_s_h_part14 users=3 dates=4829 windows=27 removed_constant=0 L=504 H=168 stride=512
[2026-08-27 14:50:33,207][evaluation.evaluator][INFO] - artifacts ready run=/fssmall/home/h61084/codes/tsfm/outputs_selena/univariate/time-coastal_t_s_h_part14/504_168/lookback/none/instance/keep/run_0 mse=130.41 nmse=2.50331 inference_seconds=0.021
2026-08-27 14:50:34 | configuration dataset=time/coastal_t_s_h_part14 L=504 H=168 model=chronos2 covariates=none instance_norm=true remove_constant=false seed=1 batch_size=64
[2026-08-27 14:50:37,115][data.dataset][INFO] - dataset config path=/fssmall/home/h61084/codes/datasets/time/coastal_t_s_h_part14/config.json applied_keys=['date_col', 'drop_users', 'target_cols']
[2026-08-27 14:50:37,136][evaluation.evaluator][INFO] - evaluate dataset=time/coastal_t_s_h_part14 users=3 dates=4829 windows=27 removed_constant=0 L=504 H=168 stride=512
[2026-08-27 14:50:42,796][evaluation.evaluator][INFO] - artifacts ready run=/fssmall/home/h61084/codes/tsfm/outputs_selena/univariate/time-coastal_t_s_h_part14/504_168/chronos2/none/instance/keep/run_0 mse=1.29184 nmse=1.76529 inference_seconds=0.196
2026-08-27 14:50:44 | configuration dataset=time/coastal_t_s_h_part15 L=168 H=24 model=persistence covariates=none instance_norm=true remove_constant=false seed=1 batch_size=512
[2026-08-27 14:50:46,997][data.dataset][INFO] - dataset config path=/fssmall/home/h61084/codes/datasets/time/coastal_t_s_h_part15/config.json applied_keys=['date_col', 'drop_users', 'target_cols']
[2026-08-27 14:50:47,019][evaluation.evaluator][INFO] - evaluate dataset=time/coastal_t_s_h_part15 users=3 dates=4848 windows=30 removed_constant=0 L=168 H=24 stride=512
[2026-08-27 14:50:47,244][evaluation.evaluator][INFO] - artifacts ready run=/fssmall/home/h61084/codes/tsfm/outputs_selena/univariate/time-coastal_t_s_h_part15/168_24/persistence/none/instance/keep/run_0 mse=55.563 nmse=2.09487 inference_seconds=0.024
2026-08-27 14:50:48 | configuration dataset=time/coastal_t_s_h_part15 L=168 H=24 model=expected covariates=none instance_norm=true remove_constant=false seed=1 batch_size=512
[2026-08-27 14:50:51,153][data.dataset][INFO] - dataset config path=/fssmall/home/h61084/codes/datasets/time/coastal_t_s_h_part15/config.json applied_keys=['date_col', 'drop_users', 'target_cols']
[2026-08-27 14:50:51,174][evaluation.evaluator][INFO] - evaluate dataset=time/coastal_t_s_h_part15 users=3 dates=4848 windows=30 removed_constant=0 L=168 H=24 stride=512
[2026-08-27 14:50:51,409][evaluation.evaluator][INFO] - artifacts ready run=/fssmall/home/h61084/codes/tsfm/outputs_selena/univariate/time-coastal_t_s_h_part15/168_24/expected/none/instance/keep/run_0 mse=33.8999 nmse=1.32066 inference_seconds=0.024
2026-08-27 14:50:52 | configuration dataset=time/coastal_t_s_h_part15 L=168 H=24 model=repeat covariates=none instance_norm=true remove_constant=false seed=1 batch_size=512
[2026-08-27 14:50:55,293][data.dataset][INFO] - dataset config path=/fssmall/home/h61084/codes/datasets/time/coastal_t_s_h_part15/config.json applied_keys=['date_col', 'drop_users', 'target_cols']
[2026-08-27 14:50:55,314][evaluation.evaluator][INFO] - evaluate dataset=time/coastal_t_s_h_part15 users=3 dates=4848 windows=30 removed_constant=0 L=168 H=24 stride=512
[2026-08-27 14:50:55,532][evaluation.evaluator][INFO] - artifacts ready run=/fssmall/home/h61084/codes/tsfm/outputs_selena/univariate/time-coastal_t_s_h_part15/168_24/repeat/none/instance/keep/run_0 mse=78.2472 nmse=1.20814 inference_seconds=0.020
2026-08-27 14:50:56 | configuration dataset=time/coastal_t_s_h_part15 L=168 H=24 model=lookback covariates=none instance_norm=true remove_constant=false seed=1 batch_size=512
[2026-08-27 14:50:59,422][data.dataset][INFO] - dataset config path=/fssmall/home/h61084/codes/datasets/time/coastal_t_s_h_part15/config.json applied_keys=['date_col', 'drop_users', 'target_cols']
[2026-08-27 14:50:59,432][evaluation.evaluator][INFO] - lookback weekly period=168 observations
[2026-08-27 14:50:59,446][evaluation.evaluator][INFO] - evaluate dataset=time/coastal_t_s_h_part15 users=3 dates=4848 windows=30 removed_constant=0 L=168 H=24 stride=512
[2026-08-27 14:50:59,668][evaluation.evaluator][INFO] - artifacts ready run=/fssmall/home/h61084/codes/tsfm/outputs_selena/univariate/time-coastal_t_s_h_part15/168_24/lookback/none/instance/keep/run_0 mse=64.5566 nmse=2.74694 inference_seconds=0.020
2026-08-27 14:51:01 | configuration dataset=time/coastal_t_s_h_part15 L=168 H=24 model=chronos2 covariates=none instance_norm=true remove_constant=false seed=1 batch_size=64
[2026-08-27 14:51:03,568][data.dataset][INFO] - dataset config path=/fssmall/home/h61084/codes/datasets/time/coastal_t_s_h_part15/config.json applied_keys=['date_col', 'drop_users', 'target_cols']
[2026-08-27 14:51:03,588][evaluation.evaluator][INFO] - evaluate dataset=time/coastal_t_s_h_part15 users=3 dates=4848 windows=30 removed_constant=0 L=168 H=24 stride=512
[2026-08-27 14:51:09,203][evaluation.evaluator][INFO] - artifacts ready run=/fssmall/home/h61084/codes/tsfm/outputs_selena/univariate/time-coastal_t_s_h_part15/168_24/chronos2/none/instance/keep/run_0 mse=47.0833 nmse=0.840937 inference_seconds=0.194
2026-08-27 14:51:10 | configuration dataset=time/coastal_t_s_h_part15 L=336 H=48 model=persistence covariates=none instance_norm=true remove_constant=false seed=1 batch_size=512
[2026-08-27 14:51:13,433][data.dataset][INFO] - dataset config path=/fssmall/home/h61084/codes/datasets/time/coastal_t_s_h_part15/config.json applied_keys=['date_col', 'drop_users', 'target_cols']
[2026-08-27 14:51:13,455][evaluation.evaluator][INFO] - evaluate dataset=time/coastal_t_s_h_part15 users=3 dates=4848 windows=27 removed_constant=0 L=336 H=48 stride=512
[2026-08-27 14:51:13,683][evaluation.evaluator][INFO] - artifacts ready run=/fssmall/home/h61084/codes/tsfm/outputs_selena/univariate/time-coastal_t_s_h_part15/336_48/persistence/none/instance/keep/run_0 mse=17.6828 nmse=1.58363 inference_seconds=0.025
2026-08-27 14:51:15 | configuration dataset=time/coastal_t_s_h_part15 L=336 H=48 model=expected covariates=none instance_norm=true remove_constant=false seed=1 batch_size=512
[2026-08-27 14:51:17,624][data.dataset][INFO] - dataset config path=/fssmall/home/h61084/codes/datasets/time/coastal_t_s_h_part15/config.json applied_keys=['date_col', 'drop_users', 'target_cols']
[2026-08-27 14:51:17,646][evaluation.evaluator][INFO] - evaluate dataset=time/coastal_t_s_h_part15 users=3 dates=4848 windows=27 removed_constant=0 L=336 H=48 stride=512
[2026-08-27 14:51:17,874][evaluation.evaluator][INFO] - artifacts ready run=/fssmall/home/h61084/codes/tsfm/outputs_selena/univariate/time-coastal_t_s_h_part15/336_48/expected/none/instance/keep/run_0 mse=49.6394 nmse=1.54637 inference_seconds=0.025
2026-08-27 14:51:19 | configuration dataset=time/coastal_t_s_h_part15 L=336 H=48 model=repeat covariates=none instance_norm=true remove_constant=false seed=1 batch_size=512
[2026-08-27 14:51:21,810][data.dataset][INFO] - dataset config path=/fssmall/home/h61084/codes/datasets/time/coastal_t_s_h_part15/config.json applied_keys=['date_col', 'drop_users', 'target_cols']
[2026-08-27 14:51:21,831][evaluation.evaluator][INFO] - evaluate dataset=time/coastal_t_s_h_part15 users=3 dates=4848 windows=27 removed_constant=0 L=336 H=48 stride=512
[2026-08-27 14:51:22,064][evaluation.evaluator][INFO] - artifacts ready run=/fssmall/home/h61084/codes/tsfm/outputs_selena/univariate/time-coastal_t_s_h_part15/336_48/repeat/none/instance/keep/run_0 mse=37.7157 nmse=1.70067 inference_seconds=0.021
2026-08-27 14:51:23 | configuration dataset=time/coastal_t_s_h_part15 L=336 H=48 model=lookback covariates=none instance_norm=true remove_constant=false seed=1 batch_size=512
[2026-08-27 14:51:25,987][data.dataset][INFO] - dataset config path=/fssmall/home/h61084/codes/datasets/time/coastal_t_s_h_part15/config.json applied_keys=['date_col', 'drop_users', 'target_cols']
[2026-08-27 14:51:25,996][evaluation.evaluator][INFO] - lookback weekly period=168 observations
[2026-08-27 14:51:26,008][evaluation.evaluator][INFO] - evaluate dataset=time/coastal_t_s_h_part15 users=3 dates=4848 windows=27 removed_constant=0 L=336 H=48 stride=512
[2026-08-27 14:51:26,244][evaluation.evaluator][INFO] - artifacts ready run=/fssmall/home/h61084/codes/tsfm/outputs_selena/univariate/time-coastal_t_s_h_part15/336_48/lookback/none/instance/keep/run_0 mse=179.834 nmse=2.57544 inference_seconds=0.020
2026-08-27 14:51:27 | configuration dataset=time/coastal_t_s_h_part15 L=336 H=48 model=chronos2 covariates=none instance_norm=true remove_constant=false seed=1 batch_size=64
[2026-08-27 14:51:30,150][data.dataset][INFO] - dataset config path=/fssmall/home/h61084/codes/datasets/time/coastal_t_s_h_part15/config.json applied_keys=['date_col', 'drop_users', 'target_cols']
[2026-08-27 14:51:30,172][evaluation.evaluator][INFO] - evaluate dataset=time/coastal_t_s_h_part15 users=3 dates=4848 windows=27 removed_constant=0 L=336 H=48 stride=512
[2026-08-27 14:51:35,810][evaluation.evaluator][INFO] - artifacts ready run=/fssmall/home/h61084/codes/tsfm/outputs_selena/univariate/time-coastal_t_s_h_part15/336_48/chronos2/none/instance/keep/run_0 mse=8.08147 nmse=0.860054 inference_seconds=0.195
2026-08-27 14:51:37 | configuration dataset=time/coastal_t_s_h_part15 L=504 H=168 model=persistence covariates=none instance_norm=true remove_constant=false seed=1 batch_size=512
[2026-08-27 14:51:40,091][data.dataset][INFO] - dataset config path=/fssmall/home/h61084/codes/datasets/time/coastal_t_s_h_part15/config.json applied_keys=['date_col', 'drop_users', 'target_cols']
[2026-08-27 14:51:40,113][evaluation.evaluator][INFO] - evaluate dataset=time/coastal_t_s_h_part15 users=3 dates=4848 windows=27 removed_constant=0 L=504 H=168 stride=512
[2026-08-27 14:51:40,339][evaluation.evaluator][INFO] - artifacts ready run=/fssmall/home/h61084/codes/tsfm/outputs_selena/univariate/time-coastal_t_s_h_part15/504_168/persistence/none/instance/keep/run_0 mse=16.092 nmse=1.41339 inference_seconds=0.026
2026-08-27 14:51:41 | configuration dataset=time/coastal_t_s_h_part15 L=504 H=168 model=expected covariates=none instance_norm=true remove_constant=false seed=1 batch_size=512
[2026-08-27 14:51:44,218][data.dataset][INFO] - dataset config path=/fssmall/home/h61084/codes/datasets/time/coastal_t_s_h_part15/config.json applied_keys=['date_col', 'drop_users', 'target_cols']
[2026-08-27 14:51:44,240][evaluation.evaluator][INFO] - evaluate dataset=time/coastal_t_s_h_part15 users=3 dates=4848 windows=27 removed_constant=0 L=504 H=168 stride=512
[2026-08-27 14:51:44,462][evaluation.evaluator][INFO] - artifacts ready run=/fssmall/home/h61084/codes/tsfm/outputs_selena/univariate/time-coastal_t_s_h_part15/504_168/expected/none/instance/keep/run_0 mse=32.1481 nmse=1.34536 inference_seconds=0.025
2026-08-27 14:51:45 | configuration dataset=time/coastal_t_s_h_part15 L=504 H=168 model=repeat covariates=none instance_norm=true remove_constant=false seed=1 batch_size=512
[2026-08-27 14:51:48,385][data.dataset][INFO] - dataset config path=/fssmall/home/h61084/codes/datasets/time/coastal_t_s_h_part15/config.json applied_keys=['date_col', 'drop_users', 'target_cols']
[2026-08-27 14:51:48,407][evaluation.evaluator][INFO] - evaluate dataset=time/coastal_t_s_h_part15 users=3 dates=4848 windows=27 removed_constant=0 L=504 H=168 stride=512
[2026-08-27 14:51:48,635][evaluation.evaluator][INFO] - artifacts ready run=/fssmall/home/h61084/codes/tsfm/outputs_selena/univariate/time-coastal_t_s_h_part15/504_168/repeat/none/instance/keep/run_0 mse=21.0468 nmse=1.93201 inference_seconds=0.020
2026-08-27 14:51:50 | configuration dataset=time/coastal_t_s_h_part15 L=504 H=168 model=lookback covariates=none instance_norm=true remove_constant=false seed=1 batch_size=512
[2026-08-27 14:51:52,646][data.dataset][INFO] - dataset config path=/fssmall/home/h61084/codes/datasets/time/coastal_t_s_h_part15/config.json applied_keys=['date_col', 'drop_users', 'target_cols']
[2026-08-27 14:51:52,656][evaluation.evaluator][INFO] - lookback weekly period=168 observations
[2026-08-27 14:51:52,669][evaluation.evaluator][INFO] - evaluate dataset=time/coastal_t_s_h_part15 users=3 dates=4848 windows=27 removed_constant=0 L=504 H=168 stride=512
[2026-08-27 14:51:52,910][evaluation.evaluator][INFO] - artifacts ready run=/fssmall/home/h61084/codes/tsfm/outputs_selena/univariate/time-coastal_t_s_h_part15/504_168/lookback/none/instance/keep/run_0 mse=21.0468 nmse=1.93201 inference_seconds=0.021
2026-08-27 14:51:54 | configuration dataset=time/coastal_t_s_h_part15 L=504 H=168 model=chronos2 covariates=none instance_norm=true remove_constant=false seed=1 batch_size=64
[2026-08-27 14:51:56,868][data.dataset][INFO] - dataset config path=/fssmall/home/h61084/codes/datasets/time/coastal_t_s_h_part15/config.json applied_keys=['date_col', 'drop_users', 'target_cols']
[2026-08-27 14:51:56,889][evaluation.evaluator][INFO] - evaluate dataset=time/coastal_t_s_h_part15 users=3 dates=4848 windows=27 removed_constant=0 L=504 H=168 stride=512
[2026-08-27 14:52:02,563][evaluation.evaluator][INFO] - artifacts ready run=/fssmall/home/h61084/codes/tsfm/outputs_selena/univariate/time-coastal_t_s_h_part15/504_168/chronos2/none/instance/keep/run_0 mse=48.4243 nmse=0.851176 inference_seconds=0.196
2026-08-27 14:52:04 | configuration dataset=time/coastal_t_s_h_part16 L=168 H=24 model=persistence covariates=none instance_norm=true remove_constant=false seed=1 batch_size=512
[2026-08-27 14:52:06,982][data.dataset][INFO] - dataset config path=/fssmall/home/h61084/codes/datasets/time/coastal_t_s_h_part16/config.json applied_keys=['date_col', 'drop_users', 'target_cols']
[2026-08-27 14:52:07,010][evaluation.evaluator][INFO] - evaluate dataset=time/coastal_t_s_h_part16 users=6 dates=8784 windows=102 removed_constant=0 L=168 H=24 stride=512
[2026-08-27 14:52:07,239][evaluation.evaluator][INFO] - artifacts ready run=/fssmall/home/h61084/codes/tsfm/outputs_selena/univariate/time-coastal_t_s_h_part16/168_24/persistence/none/instance/keep/run_0 mse=40.9946 nmse=1.24828 inference_seconds=0.025
2026-08-27 14:52:08 | configuration dataset=time/coastal_t_s_h_part16 L=168 H=24 model=expected covariates=none instance_norm=true remove_constant=false seed=1 batch_size=512
[2026-08-27 14:52:11,224][data.dataset][INFO] - dataset config path=/fssmall/home/h61084/codes/datasets/time/coastal_t_s_h_part16/config.json applied_keys=['date_col', 'drop_users', 'target_cols']
[2026-08-27 14:52:11,249][evaluation.evaluator][INFO] - evaluate dataset=time/coastal_t_s_h_part16 users=6 dates=8784 windows=102 removed_constant=0 L=168 H=24 stride=512
[2026-08-27 14:52:11,484][evaluation.evaluator][INFO] - artifacts ready run=/fssmall/home/h61084/codes/tsfm/outputs_selena/univariate/time-coastal_t_s_h_part16/168_24/expected/none/instance/keep/run_0 mse=35.4021 nmse=1.58371 inference_seconds=0.026
2026-08-27 14:52:12 | configuration dataset=time/coastal_t_s_h_part16 L=168 H=24 model=repeat covariates=none instance_norm=true remove_constant=false seed=1 batch_size=512
[2026-08-27 14:52:15,441][data.dataset][INFO] - dataset config path=/fssmall/home/h61084/codes/datasets/time/coastal_t_s_h_part16/config.json applied_keys=['date_col', 'drop_users', 'target_cols']
[2026-08-27 14:52:15,466][evaluation.evaluator][INFO] - evaluate dataset=time/coastal_t_s_h_part16 users=6 dates=8784 windows=102 removed_constant=0 L=168 H=24 stride=512
[2026-08-27 14:52:15,710][evaluation.evaluator][INFO] - artifacts ready run=/fssmall/home/h61084/codes/tsfm/outputs_selena/univariate/time-coastal_t_s_h_part16/168_24/repeat/none/instance/keep/run_0 mse=45.7011 nmse=1.62023 inference_seconds=0.021
2026-08-27 14:52:17 | configuration dataset=time/coastal_t_s_h_part16 L=168 H=24 model=lookback covariates=none instance_norm=true remove_constant=false seed=1 batch_size=512
[2026-08-27 14:52:19,629][data.dataset][INFO] - dataset config path=/fssmall/home/h61084/codes/datasets/time/coastal_t_s_h_part16/config.json applied_keys=['date_col', 'drop_users', 'target_cols']
[2026-08-27 14:52:19,642][evaluation.evaluator][INFO] - lookback weekly period=168 observations
[2026-08-27 14:52:19,655][evaluation.evaluator][INFO] - evaluate dataset=time/coastal_t_s_h_part16 users=6 dates=8784 windows=102 removed_constant=0 L=168 H=24 stride=512
[2026-08-27 14:52:19,876][evaluation.evaluator][INFO] - artifacts ready run=/fssmall/home/h61084/codes/tsfm/outputs_selena/univariate/time-coastal_t_s_h_part16/168_24/lookback/none/instance/keep/run_0 mse=128.06 nmse=3.58114 inference_seconds=0.020
2026-08-27 14:52:21 | configuration dataset=time/coastal_t_s_h_part16 L=168 H=24 model=chronos2 covariates=none instance_norm=true remove_constant=false seed=1 batch_size=64
[2026-08-27 14:52:23,818][data.dataset][INFO] - dataset config path=/fssmall/home/h61084/codes/datasets/time/coastal_t_s_h_part16/config.json applied_keys=['date_col', 'drop_users', 'target_cols']
[2026-08-27 14:52:23,842][evaluation.evaluator][INFO] - evaluate dataset=time/coastal_t_s_h_part16 users=6 dates=8784 windows=102 removed_constant=0 L=168 H=24 stride=512
[2026-08-27 14:52:29,504][evaluation.evaluator][INFO] - artifacts ready run=/fssmall/home/h61084/codes/tsfm/outputs_selena/univariate/time-coastal_t_s_h_part16/168_24/chronos2/none/instance/keep/run_0 mse=22.1973 nmse=0.888801 inference_seconds=0.215
2026-08-27 14:52:31 | configuration dataset=time/coastal_t_s_h_part16 L=336 H=48 model=persistence covariates=none instance_norm=true remove_constant=false seed=1 batch_size=512
[2026-08-27 14:52:33,823][data.dataset][INFO] - dataset config path=/fssmall/home/h61084/codes/datasets/time/coastal_t_s_h_part16/config.json applied_keys=['date_col', 'drop_users', 'target_cols']
[2026-08-27 14:52:33,848][evaluation.evaluator][INFO] - evaluate dataset=time/coastal_t_s_h_part16 users=6 dates=8784 windows=102 removed_constant=0 L=336 H=48 stride=512
[2026-08-27 14:52:34,087][evaluation.evaluator][INFO] - artifacts ready run=/fssmall/home/h61084/codes/tsfm/outputs_selena/univariate/time-coastal_t_s_h_part16/336_48/persistence/none/instance/keep/run_0 mse=50.1287 nmse=1.51935 inference_seconds=0.025
2026-08-27 14:52:35 | configuration dataset=time/coastal_t_s_h_part16 L=336 H=48 model=expected covariates=none instance_norm=true remove_constant=false seed=1 batch_size=512
[2026-08-27 14:52:38,056][data.dataset][INFO] - dataset config path=/fssmall/home/h61084/codes/datasets/time/coastal_t_s_h_part16/config.json applied_keys=['date_col', 'drop_users', 'target_cols']
[2026-08-27 14:52:38,080][evaluation.evaluator][INFO] - evaluate dataset=time/coastal_t_s_h_part16 users=6 dates=8784 windows=102 removed_constant=0 L=336 H=48 stride=512
[2026-08-27 14:52:38,306][evaluation.evaluator][INFO] - artifacts ready run=/fssmall/home/h61084/codes/tsfm/outputs_selena/univariate/time-coastal_t_s_h_part16/336_48/expected/none/instance/keep/run_0 mse=37.4561 nmse=1.9556 inference_seconds=0.025
2026-08-27 14:52:39 | configuration dataset=time/coastal_t_s_h_part16 L=336 H=48 model=repeat covariates=none instance_norm=true remove_constant=false seed=1 batch_size=512
[2026-08-27 14:52:42,369][data.dataset][INFO] - dataset config path=/fssmall/home/h61084/codes/datasets/time/coastal_t_s_h_part16/config.json applied_keys=['date_col', 'drop_users', 'target_cols']
[2026-08-27 14:52:42,394][evaluation.evaluator][INFO] - evaluate dataset=time/coastal_t_s_h_part16 users=6 dates=8784 windows=102 removed_constant=0 L=336 H=48 stride=512
[2026-08-27 14:52:42,617][evaluation.evaluator][INFO] - artifacts ready run=/fssmall/home/h61084/codes/tsfm/outputs_selena/univariate/time-coastal_t_s_h_part16/336_48/repeat/none/instance/keep/run_0 mse=46.5893 nmse=2.31598 inference_seconds=0.021
2026-08-27 14:52:44 | configuration dataset=time/coastal_t_s_h_part16 L=336 H=48 model=lookback covariates=none instance_norm=true remove_constant=false seed=1 batch_size=512
[2026-08-27 14:52:46,579][data.dataset][INFO] - dataset config path=/fssmall/home/h61084/codes/datasets/time/coastal_t_s_h_part16/config.json applied_keys=['date_col', 'drop_users', 'target_cols']
[2026-08-27 14:52:46,591][evaluation.evaluator][INFO] - lookback weekly period=168 observations
[2026-08-27 14:52:46,604][evaluation.evaluator][INFO] - evaluate dataset=time/coastal_t_s_h_part16 users=6 dates=8784 windows=102 removed_constant=0 L=336 H=48 stride=512
[2026-08-27 14:52:46,833][evaluation.evaluator][INFO] - artifacts ready run=/fssmall/home/h61084/codes/tsfm/outputs_selena/univariate/time-coastal_t_s_h_part16/336_48/lookback/none/instance/keep/run_0 mse=74.0767 nmse=2.87161 inference_seconds=0.021
2026-08-27 14:52:48 | configuration dataset=time/coastal_t_s_h_part16 L=336 H=48 model=chronos2 covariates=none instance_norm=true remove_constant=false seed=1 batch_size=64
[2026-08-27 14:52:50,778][data.dataset][INFO] - dataset config path=/fssmall/home/h61084/codes/datasets/time/coastal_t_s_h_part16/config.json applied_keys=['date_col', 'drop_users', 'target_cols']
[2026-08-27 14:52:50,802][evaluation.evaluator][INFO] - evaluate dataset=time/coastal_t_s_h_part16 users=6 dates=8784 windows=102 removed_constant=0 L=336 H=48 stride=512
[2026-08-27 14:52:56,462][evaluation.evaluator][INFO] - artifacts ready run=/fssmall/home/h61084/codes/tsfm/outputs_selena/univariate/time-coastal_t_s_h_part16/336_48/chronos2/none/instance/keep/run_0 mse=24.2095 nmse=1.43739 inference_seconds=0.218
2026-08-27 14:52:58 | configuration dataset=time/coastal_t_s_h_part16 L=504 H=168 model=persistence covariates=none instance_norm=true remove_constant=false seed=1 batch_size=512
[2026-08-27 14:53:00,774][data.dataset][INFO] - dataset config path=/fssmall/home/h61084/codes/datasets/time/coastal_t_s_h_part16/config.json applied_keys=['date_col', 'drop_users', 'target_cols']
[2026-08-27 14:53:00,799][evaluation.evaluator][INFO] - evaluate dataset=time/coastal_t_s_h_part16 users=6 dates=8784 windows=96 removed_constant=0 L=504 H=168 stride=512
[2026-08-27 14:53:01,028][evaluation.evaluator][INFO] - artifacts ready run=/fssmall/home/h61084/codes/tsfm/outputs_selena/univariate/time-coastal_t_s_h_part16/504_168/persistence/none/instance/keep/run_0 mse=93.11 nmse=285.708 inference_seconds=0.025
2026-08-27 14:53:02 | configuration dataset=time/coastal_t_s_h_part16 L=504 H=168 model=expected covariates=none instance_norm=true remove_constant=false seed=1 batch_size=512
[2026-08-27 14:53:04,984][data.dataset][INFO] - dataset config path=/fssmall/home/h61084/codes/datasets/time/coastal_t_s_h_part16/config.json applied_keys=['date_col', 'drop_users', 'target_cols']
[2026-08-27 14:53:05,009][evaluation.evaluator][INFO] - evaluate dataset=time/coastal_t_s_h_part16 users=6 dates=8784 windows=96 removed_constant=0 L=504 H=168 stride=512
[2026-08-27 14:53:05,245][evaluation.evaluator][INFO] - artifacts ready run=/fssmall/home/h61084/codes/tsfm/outputs_selena/univariate/time-coastal_t_s_h_part16/504_168/expected/none/instance/keep/run_0 mse=90.0078 nmse=284.394 inference_seconds=0.025
2026-08-27 14:53:06 | configuration dataset=time/coastal_t_s_h_part16 L=504 H=168 model=repeat covariates=none instance_norm=true remove_constant=false seed=1 batch_size=512
[2026-08-27 14:53:09,197][data.dataset][INFO] - dataset config path=/fssmall/home/h61084/codes/datasets/time/coastal_t_s_h_part16/config.json applied_keys=['date_col', 'drop_users', 'target_cols']
[2026-08-27 14:53:09,222][evaluation.evaluator][INFO] - evaluate dataset=time/coastal_t_s_h_part16 users=6 dates=8784 windows=96 removed_constant=0 L=504 H=168 stride=512
[2026-08-27 14:53:09,448][evaluation.evaluator][INFO] - artifacts ready run=/fssmall/home/h61084/codes/tsfm/outputs_selena/univariate/time-coastal_t_s_h_part16/504_168/repeat/none/instance/keep/run_0 mse=109.204 nmse=285.296 inference_seconds=0.020
2026-08-27 14:53:10 | configuration dataset=time/coastal_t_s_h_part16 L=504 H=168 model=lookback covariates=none instance_norm=true remove_constant=false seed=1 batch_size=512
[2026-08-27 14:53:13,409][data.dataset][INFO] - dataset config path=/fssmall/home/h61084/codes/datasets/time/coastal_t_s_h_part16/config.json applied_keys=['date_col', 'drop_users', 'target_cols']
[2026-08-27 14:53:13,422][evaluation.evaluator][INFO] - lookback weekly period=168 observations
[2026-08-27 14:53:13,435][evaluation.evaluator][INFO] - evaluate dataset=time/coastal_t_s_h_part16 users=6 dates=8784 windows=96 removed_constant=0 L=504 H=168 stride=512
[2026-08-27 14:53:13,661][evaluation.evaluator][INFO] - artifacts ready run=/fssmall/home/h61084/codes/tsfm/outputs_selena/univariate/time-coastal_t_s_h_part16/504_168/lookback/none/instance/keep/run_0 mse=109.204 nmse=285.296 inference_seconds=0.020
2026-08-27 14:53:15 | configuration dataset=time/coastal_t_s_h_part16 L=504 H=168 model=chronos2 covariates=none instance_norm=true remove_constant=false seed=1 batch_size=64
[2026-08-27 14:53:17,656][data.dataset][INFO] - dataset config path=/fssmall/home/h61084/codes/datasets/time/coastal_t_s_h_part16/config.json applied_keys=['date_col', 'drop_users', 'target_cols']
[2026-08-27 14:53:17,681][evaluation.evaluator][INFO] - evaluate dataset=time/coastal_t_s_h_part16 users=6 dates=8784 windows=96 removed_constant=0 L=504 H=168 stride=512
[2026-08-27 14:53:23,450][evaluation.evaluator][INFO] - artifacts ready run=/fssmall/home/h61084/codes/tsfm/outputs_selena/univariate/time-coastal_t_s_h_part16/504_168/chronos2/none/instance/keep/run_0 mse=73.9923 nmse=284.065 inference_seconds=0.225
2026-08-27 14:53:25 | configuration dataset=time/coastal_t_s_h_part17 L=168 H=24 model=persistence covariates=none instance_norm=true remove_constant=false seed=1 batch_size=512
[2026-08-27 14:53:27,760][data.dataset][INFO] - dataset config path=/fssmall/home/h61084/codes/datasets/time/coastal_t_s_h_part17/config.json applied_keys=['date_col', 'drop_users', 'target_cols']
[2026-08-27 14:53:27,783][evaluation.evaluator][INFO] - evaluate dataset=time/coastal_t_s_h_part17 users=3 dates=5522 windows=33 removed_constant=0 L=168 H=24 stride=512
[2026-08-27 14:53:28,030][evaluation.evaluator][INFO] - artifacts ready run=/fssmall/home/h61084/codes/tsfm/outputs_selena/univariate/time-coastal_t_s_h_part17/168_24/persistence/none/instance/keep/run_0 mse=0.0635931 nmse=1.36633 inference_seconds=0.025
2026-08-27 14:53:29 | configuration dataset=time/coastal_t_s_h_part17 L=168 H=24 model=expected covariates=none instance_norm=true remove_constant=false seed=1 batch_size=512
[2026-08-27 14:53:32,002][data.dataset][INFO] - dataset config path=/fssmall/home/h61084/codes/datasets/time/coastal_t_s_h_part17/config.json applied_keys=['date_col', 'drop_users', 'target_cols']
[2026-08-27 14:53:32,024][evaluation.evaluator][INFO] - evaluate dataset=time/coastal_t_s_h_part17 users=3 dates=5522 windows=33 removed_constant=0 L=168 H=24 stride=512
[2026-08-27 14:53:32,249][evaluation.evaluator][INFO] - artifacts ready run=/fssmall/home/h61084/codes/tsfm/outputs_selena/univariate/time-coastal_t_s_h_part17/168_24/expected/none/instance/keep/run_0 mse=0.0648471 nmse=1.47674 inference_seconds=0.025
2026-08-27 14:53:33 | configuration dataset=time/coastal_t_s_h_part17 L=168 H=24 model=repeat covariates=none instance_norm=true remove_constant=false seed=1 batch_size=512
[2026-08-27 14:53:36,215][data.dataset][INFO] - dataset config path=/fssmall/home/h61084/codes/datasets/time/coastal_t_s_h_part17/config.json applied_keys=['date_col', 'drop_users', 'target_cols']
[2026-08-27 14:53:36,236][evaluation.evaluator][INFO] - evaluate dataset=time/coastal_t_s_h_part17 users=3 dates=5522 windows=33 removed_constant=0 L=168 H=24 stride=512
[2026-08-27 14:53:36,463][evaluation.evaluator][INFO] - artifacts ready run=/fssmall/home/h61084/codes/tsfm/outputs_selena/univariate/time-coastal_t_s_h_part17/168_24/repeat/none/instance/keep/run_0 mse=0.0161766 nmse=0.825998 inference_seconds=0.020
2026-08-27 14:53:37 | configuration dataset=time/coastal_t_s_h_part17 L=168 H=24 model=lookback covariates=none instance_norm=true remove_constant=false seed=1 batch_size=512
[2026-08-27 14:53:40,452][data.dataset][INFO] - dataset config path=/fssmall/home/h61084/codes/datasets/time/coastal_t_s_h_part17/config.json applied_keys=['date_col', 'drop_users', 'target_cols']
[2026-08-27 14:53:40,463][evaluation.evaluator][INFO] - lookback weekly period=168 observations
[2026-08-27 14:53:40,475][evaluation.evaluator][INFO] - evaluate dataset=time/coastal_t_s_h_part17 users=3 dates=5522 windows=33 removed_constant=0 L=168 H=24 stride=512
[2026-08-27 14:53:40,712][evaluation.evaluator][INFO] - artifacts ready run=/fssmall/home/h61084/codes/tsfm/outputs_selena/univariate/time-coastal_t_s_h_part17/168_24/lookback/none/instance/keep/run_0 mse=0.146206 nmse=2.51624 inference_seconds=0.021
2026-08-27 14:53:42 | configuration dataset=time/coastal_t_s_h_part17 L=168 H=24 model=chronos2 covariates=none instance_norm=true remove_constant=false seed=1 batch_size=64
[2026-08-27 14:53:44,700][data.dataset][INFO] - dataset config path=/fssmall/home/h61084/codes/datasets/time/coastal_t_s_h_part17/config.json applied_keys=['date_col', 'drop_users', 'target_cols']
[2026-08-27 14:53:44,721][evaluation.evaluator][INFO] - evaluate dataset=time/coastal_t_s_h_part17 users=3 dates=5522 windows=33 removed_constant=0 L=168 H=24 stride=512
[2026-08-27 14:53:50,344][evaluation.evaluator][INFO] - artifacts ready run=/fssmall/home/h61084/codes/tsfm/outputs_selena/univariate/time-coastal_t_s_h_part17/168_24/chronos2/none/instance/keep/run_0 mse=0.0116331 nmse=0.461844 inference_seconds=0.195
2026-08-27 14:53:52 | configuration dataset=time/coastal_t_s_h_part17 L=336 H=48 model=persistence covariates=none instance_norm=true remove_constant=false seed=1 batch_size=512
[2026-08-27 14:53:54,673][data.dataset][INFO] - dataset config path=/fssmall/home/h61084/codes/datasets/time/coastal_t_s_h_part17/config.json applied_keys=['date_col', 'drop_users', 'target_cols']
[2026-08-27 14:53:54,696][evaluation.evaluator][INFO] - evaluate dataset=time/coastal_t_s_h_part17 users=3 dates=5522 windows=33 removed_constant=0 L=336 H=48 stride=512
[2026-08-27 14:53:54,921][evaluation.evaluator][INFO] - artifacts ready run=/fssmall/home/h61084/codes/tsfm/outputs_selena/univariate/time-coastal_t_s_h_part17/336_48/persistence/none/instance/keep/run_0 mse=0.0520146 nmse=1.3417 inference_seconds=0.025
2026-08-27 14:53:56 | configuration dataset=time/coastal_t_s_h_part17 L=336 H=48 model=expected covariates=none instance_norm=true remove_constant=false seed=1 batch_size=512
[2026-08-27 14:53:58,978][data.dataset][INFO] - dataset config path=/fssmall/home/h61084/codes/datasets/time/coastal_t_s_h_part17/config.json applied_keys=['date_col', 'drop_users', 'target_cols']
[2026-08-27 14:53:59,000][evaluation.evaluator][INFO] - evaluate dataset=time/coastal_t_s_h_part17 users=3 dates=5522 windows=33 removed_constant=0 L=336 H=48 stride=512
[2026-08-27 14:53:59,227][evaluation.evaluator][INFO] - artifacts ready run=/fssmall/home/h61084/codes/tsfm/outputs_selena/univariate/time-coastal_t_s_h_part17/336_48/expected/none/instance/keep/run_0 mse=0.0641583 nmse=1.69787 inference_seconds=0.025
2026-08-27 14:54:00 | configuration dataset=time/coastal_t_s_h_part17 L=336 H=48 model=repeat covariates=none instance_norm=true remove_constant=false seed=1 batch_size=512
[2026-08-27 14:54:03,251][data.dataset][INFO] - dataset config path=/fssmall/home/h61084/codes/datasets/time/coastal_t_s_h_part17/config.json applied_keys=['date_col', 'drop_users', 'target_cols']
[2026-08-27 14:54:03,274][evaluation.evaluator][INFO] - evaluate dataset=time/coastal_t_s_h_part17 users=3 dates=5522 windows=33 removed_constant=0 L=336 H=48 stride=512
[2026-08-27 14:54:03,514][evaluation.evaluator][INFO] - artifacts ready run=/fssmall/home/h61084/codes/tsfm/outputs_selena/univariate/time-coastal_t_s_h_part17/336_48/repeat/none/instance/keep/run_0 mse=0.0234103 nmse=1.20494 inference_seconds=0.020
2026-08-27 14:54:04 | configuration dataset=time/coastal_t_s_h_part17 L=336 H=48 model=lookback covariates=none instance_norm=true remove_constant=false seed=1 batch_size=512
[2026-08-27 14:54:07,519][data.dataset][INFO] - dataset config path=/fssmall/home/h61084/codes/datasets/time/coastal_t_s_h_part17/config.json applied_keys=['date_col', 'drop_users', 'target_cols']
[2026-08-27 14:54:07,529][evaluation.evaluator][INFO] - lookback weekly period=168 observations
[2026-08-27 14:54:07,541][evaluation.evaluator][INFO] - evaluate dataset=time/coastal_t_s_h_part17 users=3 dates=5522 windows=33 removed_constant=0 L=336 H=48 stride=512
[2026-08-27 14:54:07,763][evaluation.evaluator][INFO] - artifacts ready run=/fssmall/home/h61084/codes/tsfm/outputs_selena/univariate/time-coastal_t_s_h_part17/336_48/lookback/none/instance/keep/run_0 mse=0.0956365 nmse=2.76496 inference_seconds=0.021
2026-08-27 14:54:09 | configuration dataset=time/coastal_t_s_h_part17 L=336 H=48 model=chronos2 covariates=none instance_norm=true remove_constant=false seed=1 batch_size=64
[2026-08-27 14:54:11,775][data.dataset][INFO] - dataset config path=/fssmall/home/h61084/codes/datasets/time/coastal_t_s_h_part17/config.json applied_keys=['date_col', 'drop_users', 'target_cols']
[2026-08-27 14:54:11,797][evaluation.evaluator][INFO] - evaluate dataset=time/coastal_t_s_h_part17 users=3 dates=5522 windows=33 removed_constant=0 L=336 H=48 stride=512
[2026-08-27 14:54:17,411][evaluation.evaluator][INFO] - artifacts ready run=/fssmall/home/h61084/codes/tsfm/outputs_selena/univariate/time-coastal_t_s_h_part17/336_48/chronos2/none/instance/keep/run_0 mse=0.0166224 nmse=0.866927 inference_seconds=0.196
2026-08-27 14:54:19 | configuration dataset=time/coastal_t_s_h_part17 L=504 H=168 model=persistence covariates=none instance_norm=true remove_constant=false seed=1 batch_size=512
[2026-08-27 14:54:21,749][data.dataset][INFO] - dataset config path=/fssmall/home/h61084/codes/datasets/time/coastal_t_s_h_part17/config.json applied_keys=['date_col', 'drop_users', 'target_cols']
[2026-08-27 14:54:21,772][evaluation.evaluator][INFO] - evaluate dataset=time/coastal_t_s_h_part17 users=3 dates=5522 windows=30 removed_constant=0 L=504 H=168 stride=512
[2026-08-27 14:54:22,010][evaluation.evaluator][INFO] - artifacts ready run=/fssmall/home/h61084/codes/tsfm/outputs_selena/univariate/time-coastal_t_s_h_part17/504_168/persistence/none/instance/keep/run_0 mse=0.0953074 nmse=2.17541 inference_seconds=0.025
2026-08-27 14:54:23 | configuration dataset=time/coastal_t_s_h_part17 L=504 H=168 model=expected covariates=none instance_norm=true remove_constant=false seed=1 batch_size=512
[2026-08-27 14:54:26,006][data.dataset][INFO] - dataset config path=/fssmall/home/h61084/codes/datasets/time/coastal_t_s_h_part17/config.json applied_keys=['date_col', 'drop_users', 'target_cols']
[2026-08-27 14:54:26,028][evaluation.evaluator][INFO] - evaluate dataset=time/coastal_t_s_h_part17 users=3 dates=5522 windows=30 removed_constant=0 L=504 H=168 stride=512
[2026-08-27 14:54:26,263][evaluation.evaluator][INFO] - artifacts ready run=/fssmall/home/h61084/codes/tsfm/outputs_selena/univariate/time-coastal_t_s_h_part17/504_168/expected/none/instance/keep/run_0 mse=0.134071 nmse=4.03028 inference_seconds=0.025
2026-08-27 14:54:27 | configuration dataset=time/coastal_t_s_h_part17 L=504 H=168 model=repeat covariates=none instance_norm=true remove_constant=false seed=1 batch_size=512
[2026-08-27 14:54:30,248][data.dataset][INFO] - dataset config path=/fssmall/home/h61084/codes/datasets/time/coastal_t_s_h_part17/config.json applied_keys=['date_col', 'drop_users', 'target_cols']
[2026-08-27 14:54:30,270][evaluation.evaluator][INFO] - evaluate dataset=time/coastal_t_s_h_part17 users=3 dates=5522 windows=30 removed_constant=0 L=504 H=168 stride=512
[2026-08-27 14:54:30,506][evaluation.evaluator][INFO] - artifacts ready run=/fssmall/home/h61084/codes/tsfm/outputs_selena/univariate/time-coastal_t_s_h_part17/504_168/repeat/none/instance/keep/run_0 mse=0.109409 nmse=3.97863 inference_seconds=0.021
2026-08-27 14:54:31 | configuration dataset=time/coastal_t_s_h_part17 L=504 H=168 model=lookback covariates=none instance_norm=true remove_constant=false seed=1 batch_size=512
[2026-08-27 14:54:34,479][data.dataset][INFO] - dataset config path=/fssmall/home/h61084/codes/datasets/time/coastal_t_s_h_part17/config.json applied_keys=['date_col', 'drop_users', 'target_cols']
[2026-08-27 14:54:34,489][evaluation.evaluator][INFO] - lookback weekly period=168 observations
[2026-08-27 14:54:34,501][evaluation.evaluator][INFO] - evaluate dataset=time/coastal_t_s_h_part17 users=3 dates=5522 windows=30 removed_constant=0 L=504 H=168 stride=512
[2026-08-27 14:54:34,727][evaluation.evaluator][INFO] - artifacts ready run=/fssmall/home/h61084/codes/tsfm/outputs_selena/univariate/time-coastal_t_s_h_part17/504_168/lookback/none/instance/keep/run_0 mse=0.109409 nmse=3.97863 inference_seconds=0.021
2026-08-27 14:54:36 | configuration dataset=time/coastal_t_s_h_part17 L=504 H=168 model=chronos2 covariates=none instance_norm=true remove_constant=false seed=1 batch_size=64
[2026-08-27 14:54:38,753][data.dataset][INFO] - dataset config path=/fssmall/home/h61084/codes/datasets/time/coastal_t_s_h_part17/config.json applied_keys=['date_col', 'drop_users', 'target_cols']
[2026-08-27 14:54:38,775][evaluation.evaluator][INFO] - evaluate dataset=time/coastal_t_s_h_part17 users=3 dates=5522 windows=30 removed_constant=0 L=504 H=168 stride=512
[2026-08-27 14:54:44,427][evaluation.evaluator][INFO] - artifacts ready run=/fssmall/home/h61084/codes/tsfm/outputs_selena/univariate/time-coastal_t_s_h_part17/504_168/chronos2/none/instance/keep/run_0 mse=0.0654909 nmse=3.11604 inference_seconds=0.197
2026-08-27 14:54:46 | configuration dataset=time/coastal_t_s_h_part18 L=168 H=24 model=persistence covariates=none instance_norm=true remove_constant=false seed=1 batch_size=512
[2026-08-27 14:54:48,769][data.dataset][INFO] - dataset config path=/fssmall/home/h61084/codes/datasets/time/coastal_t_s_h_part18/config.json applied_keys=['date_col', 'drop_users', 'target_cols']
[2026-08-27 14:54:48,790][evaluation.evaluator][INFO] - evaluate dataset=time/coastal_t_s_h_part18 users=3 dates=3944 windows=24 removed_constant=0 L=168 H=24 stride=512
[2026-08-27 14:54:49,021][evaluation.evaluator][INFO] - artifacts ready run=/fssmall/home/h61084/codes/tsfm/outputs_selena/univariate/time-coastal_t_s_h_part18/168_24/persistence/none/instance/keep/run_0 mse=0.0747389 nmse=1.36216 inference_seconds=0.025
2026-08-27 14:54:50 | configuration dataset=time/coastal_t_s_h_part18 L=168 H=24 model=expected covariates=none instance_norm=true remove_constant=false seed=1 batch_size=512
[2026-08-27 14:54:53,054][data.dataset][INFO] - dataset config path=/fssmall/home/h61084/codes/datasets/time/coastal_t_s_h_part18/config.json applied_keys=['date_col', 'drop_users', 'target_cols']
[2026-08-27 14:54:53,074][evaluation.evaluator][INFO] - evaluate dataset=time/coastal_t_s_h_part18 users=3 dates=3944 windows=24 removed_constant=0 L=168 H=24 stride=512
[2026-08-27 14:54:53,312][evaluation.evaluator][INFO] - artifacts ready run=/fssmall/home/h61084/codes/tsfm/outputs_selena/univariate/time-coastal_t_s_h_part18/168_24/expected/none/instance/keep/run_0 mse=0.0518721 nmse=2.23555 inference_seconds=0.025
2026-08-27 14:54:54 | configuration dataset=time/coastal_t_s_h_part18 L=168 H=24 model=repeat covariates=none instance_norm=true remove_constant=false seed=1 batch_size=512
[2026-08-27 14:54:57,308][data.dataset][INFO] - dataset config path=/fssmall/home/h61084/codes/datasets/time/coastal_t_s_h_part18/config.json applied_keys=['date_col', 'drop_users', 'target_cols']
[2026-08-27 14:54:57,328][evaluation.evaluator][INFO] - evaluate dataset=time/coastal_t_s_h_part18 users=3 dates=3944 windows=24 removed_constant=0 L=168 H=24 stride=512
[2026-08-27 14:54:57,560][evaluation.evaluator][INFO] - artifacts ready run=/fssmall/home/h61084/codes/tsfm/outputs_selena/univariate/time-coastal_t_s_h_part18/168_24/repeat/none/instance/keep/run_0 mse=0.0164424 nmse=0.845049 inference_seconds=0.021
2026-08-27 14:54:59 | configuration dataset=time/coastal_t_s_h_part18 L=168 H=24 model=lookback covariates=none instance_norm=true remove_constant=false seed=1 batch_size=512
[2026-08-27 14:55:01,591][data.dataset][INFO] - dataset config path=/fssmall/home/h61084/codes/datasets/time/coastal_t_s_h_part18/config.json applied_keys=['date_col', 'drop_users', 'target_cols']
[2026-08-27 14:55:01,599][evaluation.evaluator][INFO] - lookback weekly period=168 observations
[2026-08-27 14:55:01,611][evaluation.evaluator][INFO] - evaluate dataset=time/coastal_t_s_h_part18 users=3 dates=3944 windows=24 removed_constant=0 L=168 H=24 stride=512
[2026-08-27 14:55:01,847][evaluation.evaluator][INFO] - artifacts ready run=/fssmall/home/h61084/codes/tsfm/outputs_selena/univariate/time-coastal_t_s_h_part18/168_24/lookback/none/instance/keep/run_0 mse=0.0908811 nmse=4.27817 inference_seconds=0.020
2026-08-27 14:55:03 | configuration dataset=time/coastal_t_s_h_part18 L=168 H=24 model=chronos2 covariates=none instance_norm=true remove_constant=false seed=1 batch_size=64
[2026-08-27 14:55:05,868][data.dataset][INFO] - dataset config path=/fssmall/home/h61084/codes/datasets/time/coastal_t_s_h_part18/config.json applied_keys=['date_col', 'drop_users', 'target_cols']
[2026-08-27 14:55:05,888][evaluation.evaluator][INFO] - evaluate dataset=time/coastal_t_s_h_part18 users=3 dates=3944 windows=24 removed_constant=0 L=168 H=24 stride=512
[2026-08-27 14:55:11,517][evaluation.evaluator][INFO] - artifacts ready run=/fssmall/home/h61084/codes/tsfm/outputs_selena/univariate/time-coastal_t_s_h_part18/168_24/chronos2/none/instance/keep/run_0 mse=0.0158815 nmse=0.533296 inference_seconds=0.196
2026-08-27 14:55:13 | configuration dataset=time/coastal_t_s_h_part18 L=336 H=48 model=persistence covariates=none instance_norm=true remove_constant=false seed=1 batch_size=512
[2026-08-27 14:55:15,909][data.dataset][INFO] - dataset config path=/fssmall/home/h61084/codes/datasets/time/coastal_t_s_h_part18/config.json applied_keys=['date_col', 'drop_users', 'target_cols']
[2026-08-27 14:55:15,929][evaluation.evaluator][INFO] - evaluate dataset=time/coastal_t_s_h_part18 users=3 dates=3944 windows=21 removed_constant=0 L=336 H=48 stride=512
[2026-08-27 14:55:16,164][evaluation.evaluator][INFO] - artifacts ready run=/fssmall/home/h61084/codes/tsfm/outputs_selena/univariate/time-coastal_t_s_h_part18/336_48/persistence/none/instance/keep/run_0 mse=0.0568116 nmse=1.02679 inference_seconds=0.025
2026-08-27 14:55:17 | configuration dataset=time/coastal_t_s_h_part18 L=336 H=48 model=expected covariates=none instance_norm=true remove_constant=false seed=1 batch_size=512
[2026-08-27 14:55:20,220][data.dataset][INFO] - dataset config path=/fssmall/home/h61084/codes/datasets/time/coastal_t_s_h_part18/config.json applied_keys=['date_col', 'drop_users', 'target_cols']
[2026-08-27 14:55:20,240][evaluation.evaluator][INFO] - evaluate dataset=time/coastal_t_s_h_part18 users=3 dates=3944 windows=21 removed_constant=0 L=336 H=48 stride=512
[2026-08-27 14:55:20,463][evaluation.evaluator][INFO] - artifacts ready run=/fssmall/home/h61084/codes/tsfm/outputs_selena/univariate/time-coastal_t_s_h_part18/336_48/expected/none/instance/keep/run_0 mse=0.0578025 nmse=2.10919 inference_seconds=0.024
2026-08-27 14:55:21 | configuration dataset=time/coastal_t_s_h_part18 L=336 H=48 model=repeat covariates=none instance_norm=true remove_constant=false seed=1 batch_size=512
[2026-08-27 14:55:24,484][data.dataset][INFO] - dataset config path=/fssmall/home/h61084/codes/datasets/time/coastal_t_s_h_part18/config.json applied_keys=['date_col', 'drop_users', 'target_cols']
[2026-08-27 14:55:24,505][evaluation.evaluator][INFO] - evaluate dataset=time/coastal_t_s_h_part18 users=3 dates=3944 windows=21 removed_constant=0 L=336 H=48 stride=512
[2026-08-27 14:55:24,738][evaluation.evaluator][INFO] - artifacts ready run=/fssmall/home/h61084/codes/tsfm/outputs_selena/univariate/time-coastal_t_s_h_part18/336_48/repeat/none/instance/keep/run_0 mse=0.025388 nmse=0.712602 inference_seconds=0.021
2026-08-27 14:55:26 | configuration dataset=time/coastal_t_s_h_part18 L=336 H=48 model=lookback covariates=none instance_norm=true remove_constant=false seed=1 batch_size=512
[2026-08-27 14:55:28,790][data.dataset][INFO] - dataset config path=/fssmall/home/h61084/codes/datasets/time/coastal_t_s_h_part18/config.json applied_keys=['date_col', 'drop_users', 'target_cols']
[2026-08-27 14:55:28,798][evaluation.evaluator][INFO] - lookback weekly period=168 observations
[2026-08-27 14:55:28,812][evaluation.evaluator][INFO] - evaluate dataset=time/coastal_t_s_h_part18 users=3 dates=3944 windows=21 removed_constant=0 L=336 H=48 stride=512
[2026-08-27 14:55:29,038][evaluation.evaluator][INFO] - artifacts ready run=/fssmall/home/h61084/codes/tsfm/outputs_selena/univariate/time-coastal_t_s_h_part18/336_48/lookback/none/instance/keep/run_0 mse=0.0765188 nmse=2.6209 inference_seconds=0.020
2026-08-27 14:55:30 | configuration dataset=time/coastal_t_s_h_part18 L=336 H=48 model=chronos2 covariates=none instance_norm=true remove_constant=false seed=1 batch_size=64
[2026-08-27 14:55:33,133][data.dataset][INFO] - dataset config path=/fssmall/home/h61084/codes/datasets/time/coastal_t_s_h_part18/config.json applied_keys=['date_col', 'drop_users', 'target_cols']
[2026-08-27 14:55:33,153][evaluation.evaluator][INFO] - evaluate dataset=time/coastal_t_s_h_part18 users=3 dates=3944 windows=21 removed_constant=0 L=336 H=48 stride=512
[2026-08-27 14:55:38,852][evaluation.evaluator][INFO] - artifacts ready run=/fssmall/home/h61084/codes/tsfm/outputs_selena/univariate/time-coastal_t_s_h_part18/336_48/chronos2/none/instance/keep/run_0 mse=0.01708 nmse=0.542933 inference_seconds=0.195
2026-08-27 14:55:40 | configuration dataset=time/coastal_t_s_h_part18 L=504 H=168 model=persistence covariates=none instance_norm=true remove_constant=false seed=1 batch_size=512
[2026-08-27 14:55:43,256][data.dataset][INFO] - dataset config path=/fssmall/home/h61084/codes/datasets/time/coastal_t_s_h_part18/config.json applied_keys=['date_col', 'drop_users', 'target_cols']
[2026-08-27 14:55:43,276][evaluation.evaluator][INFO] - evaluate dataset=time/coastal_t_s_h_part18 users=3 dates=3944 windows=21 removed_constant=0 L=504 H=168 stride=512
[2026-08-27 14:55:43,512][evaluation.evaluator][INFO] - artifacts ready run=/fssmall/home/h61084/codes/tsfm/outputs_selena/univariate/time-coastal_t_s_h_part18/504_168/persistence/none/instance/keep/run_0 mse=0.0867537 nmse=1.35605 inference_seconds=0.025
2026-08-27 14:55:44 | configuration dataset=time/coastal_t_s_h_part18 L=504 H=168 model=expected covariates=none instance_norm=true remove_constant=false seed=1 batch_size=512
[2026-08-27 14:55:47,538][data.dataset][INFO] - dataset config path=/fssmall/home/h61084/codes/datasets/time/coastal_t_s_h_part18/config.json applied_keys=['date_col', 'drop_users', 'target_cols']
[2026-08-27 14:55:47,557][evaluation.evaluator][INFO] - evaluate dataset=time/coastal_t_s_h_part18 users=3 dates=3944 windows=21 removed_constant=0 L=504 H=168 stride=512
[2026-08-27 14:55:47,783][evaluation.evaluator][INFO] - artifacts ready run=/fssmall/home/h61084/codes/tsfm/outputs_selena/univariate/time-coastal_t_s_h_part18/504_168/expected/none/instance/keep/run_0 mse=0.171244 nmse=2.24061 inference_seconds=0.025
2026-08-27 14:55:49 | configuration dataset=time/coastal_t_s_h_part18 L=504 H=168 model=repeat covariates=none instance_norm=true remove_constant=false seed=1 batch_size=512
[2026-08-27 14:55:51,802][data.dataset][INFO] - dataset config path=/fssmall/home/h61084/codes/datasets/time/coastal_t_s_h_part18/config.json applied_keys=['date_col', 'drop_users', 'target_cols']
[2026-08-27 14:55:51,822][evaluation.evaluator][INFO] - evaluate dataset=time/coastal_t_s_h_part18 users=3 dates=3944 windows=21 removed_constant=0 L=504 H=168 stride=512
[2026-08-27 14:55:52,047][evaluation.evaluator][INFO] - artifacts ready run=/fssmall/home/h61084/codes/tsfm/outputs_selena/univariate/time-coastal_t_s_h_part18/504_168/repeat/none/instance/keep/run_0 mse=0.105307 nmse=1.55544 inference_seconds=0.021
2026-08-27 14:55:53 | configuration dataset=time/coastal_t_s_h_part18 L=504 H=168 model=lookback covariates=none instance_norm=true remove_constant=false seed=1 batch_size=512
[2026-08-27 14:55:56,103][data.dataset][INFO] - dataset config path=/fssmall/home/h61084/codes/datasets/time/coastal_t_s_h_part18/config.json applied_keys=['date_col', 'drop_users', 'target_cols']
[2026-08-27 14:55:56,114][evaluation.evaluator][INFO] - lookback weekly period=168 observations
[2026-08-27 14:55:56,125][evaluation.evaluator][INFO] - evaluate dataset=time/coastal_t_s_h_part18 users=3 dates=3944 windows=21 removed_constant=0 L=504 H=168 stride=512
[2026-08-27 14:55:56,348][evaluation.evaluator][INFO] - artifacts ready run=/fssmall/home/h61084/codes/tsfm/outputs_selena/univariate/time-coastal_t_s_h_part18/504_168/lookback/none/instance/keep/run_0 mse=0.105307 nmse=1.55544 inference_seconds=0.020
2026-08-27 14:55:57 | configuration dataset=time/coastal_t_s_h_part18 L=504 H=168 model=chronos2 covariates=none instance_norm=true remove_constant=false seed=1 batch_size=64
[2026-08-27 14:56:00,390][data.dataset][INFO] - dataset config path=/fssmall/home/h61084/codes/datasets/time/coastal_t_s_h_part18/config.json applied_keys=['date_col', 'drop_users', 'target_cols']
[2026-08-27 14:56:00,410][evaluation.evaluator][INFO] - evaluate dataset=time/coastal_t_s_h_part18 users=3 dates=3944 windows=21 removed_constant=0 L=504 H=168 stride=512
[2026-08-27 14:56:06,020][evaluation.evaluator][INFO] - artifacts ready run=/fssmall/home/h61084/codes/tsfm/outputs_selena/univariate/time-coastal_t_s_h_part18/504_168/chronos2/none/instance/keep/run_0 mse=0.0423905 nmse=0.838948 inference_seconds=0.194
2026-08-27 14:56:07 | configuration dataset=time/coastal_t_s_h_part19 L=168 H=24 model=persistence covariates=none instance_norm=true remove_constant=false seed=1 batch_size=512
[2026-08-27 14:56:10,426][data.dataset][INFO] - dataset config path=/fssmall/home/h61084/codes/datasets/time/coastal_t_s_h_part19/config.json applied_keys=['date_col', 'drop_users', 'target_cols']
[2026-08-27 14:56:10,447][evaluation.evaluator][INFO] - evaluate dataset=time/coastal_t_s_h_part19 users=3 dates=2733 windows=15 removed_constant=0 L=168 H=24 stride=512
[2026-08-27 14:56:10,684][evaluation.evaluator][INFO] - artifacts ready run=/fssmall/home/h61084/codes/tsfm/outputs_selena/univariate/time-coastal_t_s_h_part19/168_24/persistence/none/instance/keep/run_0 mse=0.319435 nmse=1.57696 inference_seconds=0.026
2026-08-27 14:56:12 | configuration dataset=time/coastal_t_s_h_part19 L=168 H=24 model=expected covariates=none instance_norm=true remove_constant=false seed=1 batch_size=512
[2026-08-27 14:56:14,723][data.dataset][INFO] - dataset config path=/fssmall/home/h61084/codes/datasets/time/coastal_t_s_h_part19/config.json applied_keys=['date_col', 'drop_users', 'target_cols']
[2026-08-27 14:56:14,743][evaluation.evaluator][INFO] - evaluate dataset=time/coastal_t_s_h_part19 users=3 dates=2733 windows=15 removed_constant=0 L=168 H=24 stride=512
[2026-08-27 14:56:14,963][evaluation.evaluator][INFO] - artifacts ready run=/fssmall/home/h61084/codes/tsfm/outputs_selena/univariate/time-coastal_t_s_h_part19/168_24/expected/none/instance/keep/run_0 mse=0.175401 nmse=1.76228 inference_seconds=0.025
2026-08-27 14:56:16 | configuration dataset=time/coastal_t_s_h_part19 L=168 H=24 model=repeat covariates=none instance_norm=true remove_constant=false seed=1 batch_size=512
[2026-08-27 14:56:18,953][data.dataset][INFO] - dataset config path=/fssmall/home/h61084/codes/datasets/time/coastal_t_s_h_part19/config.json applied_keys=['date_col', 'drop_users', 'target_cols']
[2026-08-27 14:56:18,972][evaluation.evaluator][INFO] - evaluate dataset=time/coastal_t_s_h_part19 users=3 dates=2733 windows=15 removed_constant=0 L=168 H=24 stride=512
[2026-08-27 14:56:19,207][evaluation.evaluator][INFO] - artifacts ready run=/fssmall/home/h61084/codes/tsfm/outputs_selena/univariate/time-coastal_t_s_h_part19/168_24/repeat/none/instance/keep/run_0 mse=0.0459395 nmse=0.863962 inference_seconds=0.019
2026-08-27 14:56:20 | configuration dataset=time/coastal_t_s_h_part19 L=168 H=24 model=lookback covariates=none instance_norm=true remove_constant=false seed=1 batch_size=512
[2026-08-27 14:56:23,233][data.dataset][INFO] - dataset config path=/fssmall/home/h61084/codes/datasets/time/coastal_t_s_h_part19/config.json applied_keys=['date_col', 'drop_users', 'target_cols']
[2026-08-27 14:56:23,241][evaluation.evaluator][INFO] - lookback weekly period=168 observations
[2026-08-27 14:56:23,253][evaluation.evaluator][INFO] - evaluate dataset=time/coastal_t_s_h_part19 users=3 dates=2733 windows=15 removed_constant=0 L=168 H=24 stride=512
[2026-08-27 14:56:23,477][evaluation.evaluator][INFO] - artifacts ready run=/fssmall/home/h61084/codes/tsfm/outputs_selena/univariate/time-coastal_t_s_h_part19/168_24/lookback/none/instance/keep/run_0 mse=0.303335 nmse=3.53662 inference_seconds=0.021
2026-08-27 14:56:24 | configuration dataset=time/coastal_t_s_h_part19 L=168 H=24 model=chronos2 covariates=none instance_norm=true remove_constant=false seed=1 batch_size=64
[2026-08-27 14:56:27,534][data.dataset][INFO] - dataset config path=/fssmall/home/h61084/codes/datasets/time/coastal_t_s_h_part19/config.json applied_keys=['date_col', 'drop_users', 'target_cols']
[2026-08-27 14:56:27,553][evaluation.evaluator][INFO] - evaluate dataset=time/coastal_t_s_h_part19 users=3 dates=2733 windows=15 removed_constant=0 L=168 H=24 stride=512
[2026-08-27 14:56:33,167][evaluation.evaluator][INFO] - artifacts ready run=/fssmall/home/h61084/codes/tsfm/outputs_selena/univariate/time-coastal_t_s_h_part19/168_24/chronos2/none/instance/keep/run_0 mse=0.0453254 nmse=0.655729 inference_seconds=0.196
2026-08-27 14:56:35 | configuration dataset=time/coastal_t_s_h_part19 L=336 H=48 model=persistence covariates=none instance_norm=true remove_constant=false seed=1 batch_size=512
[2026-08-27 14:56:37,619][data.dataset][INFO] - dataset config path=/fssmall/home/h61084/codes/datasets/time/coastal_t_s_h_part19/config.json applied_keys=['date_col', 'drop_users', 'target_cols']
[2026-08-27 14:56:37,638][evaluation.evaluator][INFO] - evaluate dataset=time/coastal_t_s_h_part19 users=3 dates=2733 windows=15 removed_constant=0 L=336 H=48 stride=512
[2026-08-27 14:56:37,863][evaluation.evaluator][INFO] - artifacts ready run=/fssmall/home/h61084/codes/tsfm/outputs_selena/univariate/time-coastal_t_s_h_part19/336_48/persistence/none/instance/keep/run_0 mse=0.364675 nmse=1.90581 inference_seconds=0.025
2026-08-27 14:56:39 | configuration dataset=time/coastal_t_s_h_part19 L=336 H=48 model=expected covariates=none instance_norm=true remove_constant=false seed=1 batch_size=512
[2026-08-27 14:56:42,018][data.dataset][INFO] - dataset config path=/fssmall/home/h61084/codes/datasets/time/coastal_t_s_h_part19/config.json applied_keys=['date_col', 'drop_users', 'target_cols']
[2026-08-27 14:56:42,038][evaluation.evaluator][INFO] - evaluate dataset=time/coastal_t_s_h_part19 users=3 dates=2733 windows=15 removed_constant=0 L=336 H=48 stride=512
[2026-08-27 14:56:42,263][evaluation.evaluator][INFO] - artifacts ready run=/fssmall/home/h61084/codes/tsfm/outputs_selena/univariate/time-coastal_t_s_h_part19/336_48/expected/none/instance/keep/run_0 mse=0.320252 nmse=2.85969 inference_seconds=0.025
2026-08-27 14:56:43 | configuration dataset=time/coastal_t_s_h_part19 L=336 H=48 model=repeat covariates=none instance_norm=true remove_constant=false seed=1 batch_size=512
[2026-08-27 14:56:46,413][data.dataset][INFO] - dataset config path=/fssmall/home/h61084/codes/datasets/time/coastal_t_s_h_part19/config.json applied_keys=['date_col', 'drop_users', 'target_cols']
[2026-08-27 14:56:46,433][evaluation.evaluator][INFO] - evaluate dataset=time/coastal_t_s_h_part19 users=3 dates=2733 windows=15 removed_constant=0 L=336 H=48 stride=512
[2026-08-27 14:56:46,656][evaluation.evaluator][INFO] - artifacts ready run=/fssmall/home/h61084/codes/tsfm/outputs_selena/univariate/time-coastal_t_s_h_part19/336_48/repeat/none/instance/keep/run_0 mse=0.123369 nmse=1.26663 inference_seconds=0.020
2026-08-27 14:56:48 | configuration dataset=time/coastal_t_s_h_part19 L=336 H=48 model=lookback covariates=none instance_norm=true remove_constant=false seed=1 batch_size=512
[2026-08-27 14:56:50,794][data.dataset][INFO] - dataset config path=/fssmall/home/h61084/codes/datasets/time/coastal_t_s_h_part19/config.json applied_keys=['date_col', 'drop_users', 'target_cols']
[2026-08-27 14:56:50,802][evaluation.evaluator][INFO] - lookback weekly period=168 observations
[2026-08-27 14:56:50,814][evaluation.evaluator][INFO] - evaluate dataset=time/coastal_t_s_h_part19 users=3 dates=2733 windows=15 removed_constant=0 L=336 H=48 stride=512
[2026-08-27 14:56:51,038][evaluation.evaluator][INFO] - artifacts ready run=/fssmall/home/h61084/codes/tsfm/outputs_selena/univariate/time-coastal_t_s_h_part19/336_48/lookback/none/instance/keep/run_0 mse=0.373279 nmse=3.03608 inference_seconds=0.021
2026-08-27 14:56:52 | configuration dataset=time/coastal_t_s_h_part19 L=336 H=48 model=chronos2 covariates=none instance_norm=true remove_constant=false seed=1 batch_size=64
[2026-08-27 14:56:55,132][data.dataset][INFO] - dataset config path=/fssmall/home/h61084/codes/datasets/time/coastal_t_s_h_part19/config.json applied_keys=['date_col', 'drop_users', 'target_cols']
[2026-08-27 14:56:55,151][evaluation.evaluator][INFO] - evaluate dataset=time/coastal_t_s_h_part19 users=3 dates=2733 windows=15 removed_constant=0 L=336 H=48 stride=512
[2026-08-27 14:57:00,820][evaluation.evaluator][INFO] - artifacts ready run=/fssmall/home/h61084/codes/tsfm/outputs_selena/univariate/time-coastal_t_s_h_part19/336_48/chronos2/none/instance/keep/run_0 mse=0.0752443 nmse=0.679843 inference_seconds=0.193
2026-08-27 14:57:02 | configuration dataset=time/coastal_t_s_h_part19 L=504 H=168 model=persistence covariates=none instance_norm=true remove_constant=false seed=1 batch_size=512
[2026-08-27 14:57:05,226][data.dataset][INFO] - dataset config path=/fssmall/home/h61084/codes/datasets/time/coastal_t_s_h_part19/config.json applied_keys=['date_col', 'drop_users', 'target_cols']
[2026-08-27 14:57:05,246][evaluation.evaluator][INFO] - evaluate dataset=time/coastal_t_s_h_part19 users=3 dates=2733 windows=15 removed_constant=0 L=504 H=168 stride=512
[2026-08-27 14:57:05,480][evaluation.evaluator][INFO] - artifacts ready run=/fssmall/home/h61084/codes/tsfm/outputs_selena/univariate/time-coastal_t_s_h_part19/504_168/persistence/none/instance/keep/run_0 mse=0.337088 nmse=1.58045 inference_seconds=0.025
2026-08-27 14:57:07 | configuration dataset=time/coastal_t_s_h_part19 L=504 H=168 model=expected covariates=none instance_norm=true remove_constant=false seed=1 batch_size=512
[2026-08-27 14:57:09,538][data.dataset][INFO] - dataset config path=/fssmall/home/h61084/codes/datasets/time/coastal_t_s_h_part19/config.json applied_keys=['date_col', 'drop_users', 'target_cols']
[2026-08-27 14:57:09,557][evaluation.evaluator][INFO] - evaluate dataset=time/coastal_t_s_h_part19 users=3 dates=2733 windows=15 removed_constant=0 L=504 H=168 stride=512
[2026-08-27 14:57:09,790][evaluation.evaluator][INFO] - artifacts ready run=/fssmall/home/h61084/codes/tsfm/outputs_selena/univariate/time-coastal_t_s_h_part19/504_168/expected/none/instance/keep/run_0 mse=0.438091 nmse=2.7247 inference_seconds=0.025
2026-08-27 14:57:11 | configuration dataset=time/coastal_t_s_h_part19 L=504 H=168 model=repeat covariates=none instance_norm=true remove_constant=false seed=1 batch_size=512
[2026-08-27 14:57:13,917][data.dataset][INFO] - dataset config path=/fssmall/home/h61084/codes/datasets/time/coastal_t_s_h_part19/config.json applied_keys=['date_col', 'drop_users', 'target_cols']
[2026-08-27 14:57:13,937][evaluation.evaluator][INFO] - evaluate dataset=time/coastal_t_s_h_part19 users=3 dates=2733 windows=15 removed_constant=0 L=504 H=168 stride=512
[2026-08-27 14:57:14,159][evaluation.evaluator][INFO] - artifacts ready run=/fssmall/home/h61084/codes/tsfm/outputs_selena/univariate/time-coastal_t_s_h_part19/504_168/repeat/none/instance/keep/run_0 mse=0.350614 nmse=2.37399 inference_seconds=0.021
2026-08-27 14:57:15 | configuration dataset=time/coastal_t_s_h_part19 L=504 H=168 model=lookback covariates=none instance_norm=true remove_constant=false seed=1 batch_size=512
[2026-08-27 14:57:18,346][data.dataset][INFO] - dataset config path=/fssmall/home/h61084/codes/datasets/time/coastal_t_s_h_part19/config.json applied_keys=['date_col', 'drop_users', 'target_cols']
[2026-08-27 14:57:18,354][evaluation.evaluator][INFO] - lookback weekly period=168 observations
[2026-08-27 14:57:18,367][evaluation.evaluator][INFO] - evaluate dataset=time/coastal_t_s_h_part19 users=3 dates=2733 windows=15 removed_constant=0 L=504 H=168 stride=512
[2026-08-27 14:57:18,602][evaluation.evaluator][INFO] - artifacts ready run=/fssmall/home/h61084/codes/tsfm/outputs_selena/univariate/time-coastal_t_s_h_part19/504_168/lookback/none/instance/keep/run_0 mse=0.350614 nmse=2.37399 inference_seconds=0.020
2026-08-27 14:57:20 | configuration dataset=time/coastal_t_s_h_part19 L=504 H=168 model=chronos2 covariates=none instance_norm=true remove_constant=false seed=1 batch_size=64
[2026-08-27 14:57:22,692][data.dataset][INFO] - dataset config path=/fssmall/home/h61084/codes/datasets/time/coastal_t_s_h_part19/config.json applied_keys=['date_col', 'drop_users', 'target_cols']
[2026-08-27 14:57:22,712][evaluation.evaluator][INFO] - evaluate dataset=time/coastal_t_s_h_part19 users=3 dates=2733 windows=15 removed_constant=0 L=504 H=168 stride=512
[2026-08-27 14:57:28,351][evaluation.evaluator][INFO] - artifacts ready run=/fssmall/home/h61084/codes/tsfm/outputs_selena/univariate/time-coastal_t_s_h_part19/504_168/chronos2/none/instance/keep/run_0 mse=0.0861582 nmse=0.850457 inference_seconds=0.194
2026-08-27 14:57:30 | configuration dataset=time/coastal_t_s_h_part20 L=168 H=24 model=persistence covariates=none instance_norm=true remove_constant=false seed=1 batch_size=512
[2026-08-27 14:57:32,817][data.dataset][INFO] - dataset config path=/fssmall/home/h61084/codes/datasets/time/coastal_t_s_h_part20/config.json applied_keys=['date_col', 'drop_users', 'target_cols']
[2026-08-27 14:57:32,840][evaluation.evaluator][INFO] - evaluate dataset=time/coastal_t_s_h_part20 users=3 dates=5807 windows=33 removed_constant=0 L=168 H=24 stride=512
[2026-08-27 14:57:33,063][evaluation.evaluator][INFO] - artifacts ready run=/fssmall/home/h61084/codes/tsfm/outputs_selena/univariate/time-coastal_t_s_h_part20/168_24/persistence/none/instance/keep/run_0 mse=65.6606 nmse=1.41428 inference_seconds=0.025
2026-08-27 14:57:34 | configuration dataset=time/coastal_t_s_h_part20 L=168 H=24 model=expected covariates=none instance_norm=true remove_constant=false seed=1 batch_size=512
[2026-08-27 14:57:37,211][data.dataset][INFO] - dataset config path=/fssmall/home/h61084/codes/datasets/time/coastal_t_s_h_part20/config.json applied_keys=['date_col', 'drop_users', 'target_cols']
[2026-08-27 14:57:37,234][evaluation.evaluator][INFO] - evaluate dataset=time/coastal_t_s_h_part20 users=3 dates=5807 windows=33 removed_constant=0 L=168 H=24 stride=512
[2026-08-27 14:57:37,463][evaluation.evaluator][INFO] - artifacts ready run=/fssmall/home/h61084/codes/tsfm/outputs_selena/univariate/time-coastal_t_s_h_part20/168_24/expected/none/instance/keep/run_0 mse=33.6455 nmse=1.09287 inference_seconds=0.026
2026-08-27 14:57:39 | configuration dataset=time/coastal_t_s_h_part20 L=168 H=24 model=repeat covariates=none instance_norm=true remove_constant=false seed=1 batch_size=512
[2026-08-27 14:57:41,560][data.dataset][INFO] - dataset config path=/fssmall/home/h61084/codes/datasets/time/coastal_t_s_h_part20/config.json applied_keys=['date_col', 'drop_users', 'target_cols']
[2026-08-27 14:57:41,582][evaluation.evaluator][INFO] - evaluate dataset=time/coastal_t_s_h_part20 users=3 dates=5807 windows=33 removed_constant=0 L=168 H=24 stride=512
[2026-08-27 14:57:41,806][evaluation.evaluator][INFO] - artifacts ready run=/fssmall/home/h61084/codes/tsfm/outputs_selena/univariate/time-coastal_t_s_h_part20/168_24/repeat/none/instance/keep/run_0 mse=58.7236 nmse=1.17017 inference_seconds=0.021
2026-08-27 14:57:43 | configuration dataset=time/coastal_t_s_h_part20 L=168 H=24 model=lookback covariates=none instance_norm=true remove_constant=false seed=1 batch_size=512
[2026-08-27 14:57:45,878][data.dataset][INFO] - dataset config path=/fssmall/home/h61084/codes/datasets/time/coastal_t_s_h_part20/config.json applied_keys=['date_col', 'drop_users', 'target_cols']
[2026-08-27 14:57:45,888][evaluation.evaluator][INFO] - lookback weekly period=168 observations
[2026-08-27 14:57:45,900][evaluation.evaluator][INFO] - evaluate dataset=time/coastal_t_s_h_part20 users=3 dates=5807 windows=33 removed_constant=0 L=168 H=24 stride=512
[2026-08-27 14:57:46,124][evaluation.evaluator][INFO] - artifacts ready run=/fssmall/home/h61084/codes/tsfm/outputs_selena/univariate/time-coastal_t_s_h_part20/168_24/lookback/none/instance/keep/run_0 mse=65.4617 nmse=2.74024 inference_seconds=0.020
2026-08-27 14:57:47 | configuration dataset=time/coastal_t_s_h_part20 L=168 H=24 model=chronos2 covariates=none instance_norm=true remove_constant=false seed=1 batch_size=64
[2026-08-27 14:57:50,283][data.dataset][INFO] - dataset config path=/fssmall/home/h61084/codes/datasets/time/coastal_t_s_h_part20/config.json applied_keys=['date_col', 'drop_users', 'target_cols']
[2026-08-27 14:57:50,305][evaluation.evaluator][INFO] - evaluate dataset=time/coastal_t_s_h_part20 users=3 dates=5807 windows=33 removed_constant=0 L=168 H=24 stride=512
[2026-08-27 14:57:55,986][evaluation.evaluator][INFO] - artifacts ready run=/fssmall/home/h61084/codes/tsfm/outputs_selena/univariate/time-coastal_t_s_h_part20/168_24/chronos2/none/instance/keep/run_0 mse=33.59 nmse=0.653988 inference_seconds=0.196
2026-08-27 14:57:57 | configuration dataset=time/coastal_t_s_h_part20 L=336 H=48 model=persistence covariates=none instance_norm=true remove_constant=false seed=1 batch_size=512
[2026-08-27 14:58:00,482][data.dataset][INFO] - dataset config path=/fssmall/home/h61084/codes/datasets/time/coastal_t_s_h_part20/config.json applied_keys=['date_col', 'drop_users', 'target_cols']
[2026-08-27 14:58:00,504][evaluation.evaluator][INFO] - evaluate dataset=time/coastal_t_s_h_part20 users=3 dates=5807 windows=33 removed_constant=0 L=336 H=48 stride=512
[2026-08-27 14:58:00,730][evaluation.evaluator][INFO] - artifacts ready run=/fssmall/home/h61084/codes/tsfm/outputs_selena/univariate/time-coastal_t_s_h_part20/336_48/persistence/none/instance/keep/run_0 mse=85.1588 nmse=1.68275 inference_seconds=0.026
2026-08-27 14:58:02 | configuration dataset=time/coastal_t_s_h_part20 L=336 H=48 model=expected covariates=none instance_norm=true remove_constant=false seed=1 batch_size=512
[2026-08-27 14:58:04,846][data.dataset][INFO] - dataset config path=/fssmall/home/h61084/codes/datasets/time/coastal_t_s_h_part20/config.json applied_keys=['date_col', 'drop_users', 'target_cols']
[2026-08-27 14:58:04,867][evaluation.evaluator][INFO] - evaluate dataset=time/coastal_t_s_h_part20 users=3 dates=5807 windows=33 removed_constant=0 L=336 H=48 stride=512
[2026-08-27 14:58:05,103][evaluation.evaluator][INFO] - artifacts ready run=/fssmall/home/h61084/codes/tsfm/outputs_selena/univariate/time-coastal_t_s_h_part20/336_48/expected/none/instance/keep/run_0 mse=29.7885 nmse=2.65697 inference_seconds=0.024
2026-08-27 14:58:06 | configuration dataset=time/coastal_t_s_h_part20 L=336 H=48 model=repeat covariates=none instance_norm=true remove_constant=false seed=1 batch_size=512
[2026-08-27 14:58:09,317][data.dataset][INFO] - dataset config path=/fssmall/home/h61084/codes/datasets/time/coastal_t_s_h_part20/config.json applied_keys=['date_col', 'drop_users', 'target_cols']
[2026-08-27 14:58:09,339][evaluation.evaluator][INFO] - evaluate dataset=time/coastal_t_s_h_part20 users=3 dates=5807 windows=33 removed_constant=0 L=336 H=48 stride=512
[2026-08-27 14:58:09,559][evaluation.evaluator][INFO] - artifacts ready run=/fssmall/home/h61084/codes/tsfm/outputs_selena/univariate/time-coastal_t_s_h_part20/336_48/repeat/none/instance/keep/run_0 mse=66.3062 nmse=2.6984 inference_seconds=0.020
2026-08-27 14:58:11 | configuration dataset=time/coastal_t_s_h_part20 L=336 H=48 model=lookback covariates=none instance_norm=true remove_constant=false seed=1 batch_size=512
[2026-08-27 14:58:13,699][data.dataset][INFO] - dataset config path=/fssmall/home/h61084/codes/datasets/time/coastal_t_s_h_part20/config.json applied_keys=['date_col', 'drop_users', 'target_cols']
[2026-08-27 14:58:13,709][evaluation.evaluator][INFO] - lookback weekly period=168 observations
[2026-08-27 14:58:13,722][evaluation.evaluator][INFO] - evaluate dataset=time/coastal_t_s_h_part20 users=3 dates=5807 windows=33 removed_constant=0 L=336 H=48 stride=512
[2026-08-27 14:58:13,946][evaluation.evaluator][INFO] - artifacts ready run=/fssmall/home/h61084/codes/tsfm/outputs_selena/univariate/time-coastal_t_s_h_part20/336_48/lookback/none/instance/keep/run_0 mse=61.6028 nmse=3.32738 inference_seconds=0.020
2026-08-27 14:58:15 | configuration dataset=time/coastal_t_s_h_part20 L=336 H=48 model=chronos2 covariates=none instance_norm=true remove_constant=false seed=1 batch_size=64
[2026-08-27 14:58:18,086][data.dataset][INFO] - dataset config path=/fssmall/home/h61084/codes/datasets/time/coastal_t_s_h_part20/config.json applied_keys=['date_col', 'drop_users', 'target_cols']
[2026-08-27 14:58:18,107][evaluation.evaluator][INFO] - evaluate dataset=time/coastal_t_s_h_part20 users=3 dates=5807 windows=33 removed_constant=0 L=336 H=48 stride=512
[2026-08-27 14:58:23,692][evaluation.evaluator][INFO] - artifacts ready run=/fssmall/home/h61084/codes/tsfm/outputs_selena/univariate/time-coastal_t_s_h_part20/336_48/chronos2/none/instance/keep/run_0 mse=30.5092 nmse=1.45752 inference_seconds=0.199
2026-08-27 14:58:25 | configuration dataset=time/coastal_t_s_h_part20 L=504 H=168 model=persistence covariates=none instance_norm=true remove_constant=false seed=1 batch_size=512
[2026-08-27 14:58:28,148][data.dataset][INFO] - dataset config path=/fssmall/home/h61084/codes/datasets/time/coastal_t_s_h_part20/config.json applied_keys=['date_col', 'drop_users', 'target_cols']
[2026-08-27 14:58:28,170][evaluation.evaluator][INFO] - evaluate dataset=time/coastal_t_s_h_part20 users=3 dates=5807 windows=33 removed_constant=0 L=504 H=168 stride=512
[2026-08-27 14:58:28,411][evaluation.evaluator][INFO] - artifacts ready run=/fssmall/home/h61084/codes/tsfm/outputs_selena/univariate/time-coastal_t_s_h_part20/504_168/persistence/none/instance/keep/run_0 mse=52.1376 nmse=2.2112 inference_seconds=0.025
2026-08-27 14:58:30 | configuration dataset=time/coastal_t_s_h_part20 L=504 H=168 model=expected covariates=none instance_norm=true remove_constant=false seed=1 batch_size=512
[2026-08-27 14:58:32,569][data.dataset][INFO] - dataset config path=/fssmall/home/h61084/codes/datasets/time/coastal_t_s_h_part20/config.json applied_keys=['date_col', 'drop_users', 'target_cols']
[2026-08-27 14:58:32,591][evaluation.evaluator][INFO] - evaluate dataset=time/coastal_t_s_h_part20 users=3 dates=5807 windows=33 removed_constant=0 L=504 H=168 stride=512
[2026-08-27 14:58:32,833][evaluation.evaluator][INFO] - artifacts ready run=/fssmall/home/h61084/codes/tsfm/outputs_selena/univariate/time-coastal_t_s_h_part20/504_168/expected/none/instance/keep/run_0 mse=170.238 nmse=2.66977 inference_seconds=0.025
2026-08-27 14:58:34 | configuration dataset=time/coastal_t_s_h_part20 L=504 H=168 model=repeat covariates=none instance_norm=true remove_constant=false seed=1 batch_size=512
[2026-08-27 14:58:36,941][data.dataset][INFO] - dataset config path=/fssmall/home/h61084/codes/datasets/time/coastal_t_s_h_part20/config.json applied_keys=['date_col', 'drop_users', 'target_cols']
[2026-08-27 14:58:36,962][evaluation.evaluator][INFO] - evaluate dataset=time/coastal_t_s_h_part20 users=3 dates=5807 windows=33 removed_constant=0 L=504 H=168 stride=512
[2026-08-27 14:58:37,187][evaluation.evaluator][INFO] - artifacts ready run=/fssmall/home/h61084/codes/tsfm/outputs_selena/univariate/time-coastal_t_s_h_part20/504_168/repeat/none/instance/keep/run_0 mse=188.801 nmse=3.4946 inference_seconds=0.021
2026-08-27 14:58:38 | configuration dataset=time/coastal_t_s_h_part20 L=504 H=168 model=lookback covariates=none instance_norm=true remove_constant=false seed=1 batch_size=512
[2026-08-27 14:58:41,335][data.dataset][INFO] - dataset config path=/fssmall/home/h61084/codes/datasets/time/coastal_t_s_h_part20/config.json applied_keys=['date_col', 'drop_users', 'target_cols']
[2026-08-27 14:58:41,345][evaluation.evaluator][INFO] - lookback weekly period=168 observations
[2026-08-27 14:58:41,358][evaluation.evaluator][INFO] - evaluate dataset=time/coastal_t_s_h_part20 users=3 dates=5807 windows=33 removed_constant=0 L=504 H=168 stride=512
[2026-08-27 14:58:41,582][evaluation.evaluator][INFO] - artifacts ready run=/fssmall/home/h61084/codes/tsfm/outputs_selena/univariate/time-coastal_t_s_h_part20/504_168/lookback/none/instance/keep/run_0 mse=188.801 nmse=3.4946 inference_seconds=0.021
2026-08-27 14:58:43 | configuration dataset=time/coastal_t_s_h_part20 L=504 H=168 model=chronos2 covariates=none instance_norm=true remove_constant=false seed=1 batch_size=64
[2026-08-27 14:58:45,766][data.dataset][INFO] - dataset config path=/fssmall/home/h61084/codes/datasets/time/coastal_t_s_h_part20/config.json applied_keys=['date_col', 'drop_users', 'target_cols']
[2026-08-27 14:58:45,787][evaluation.evaluator][INFO] - evaluate dataset=time/coastal_t_s_h_part20 users=3 dates=5807 windows=33 removed_constant=0 L=504 H=168 stride=512
[2026-08-27 14:58:51,455][evaluation.evaluator][INFO] - artifacts ready run=/fssmall/home/h61084/codes/tsfm/outputs_selena/univariate/time-coastal_t_s_h_part20/504_168/chronos2/none/instance/keep/run_0 mse=43.5075 nmse=1.75258 inference_seconds=0.197
2026-08-27 14:58:53 | configuration dataset=time/coastal_t_s_h_part21 L=168 H=24 model=persistence covariates=none instance_norm=true remove_constant=false seed=1 batch_size=512
[2026-08-27 14:58:55,950][data.dataset][INFO] - dataset config path=/fssmall/home/h61084/codes/datasets/time/coastal_t_s_h_part21/config.json applied_keys=['date_col', 'drop_users', 'target_cols']
[2026-08-27 14:58:55,973][evaluation.evaluator][INFO] - evaluate dataset=time/coastal_t_s_h_part21 users=3 dates=3986 windows=24 removed_constant=0 L=168 H=24 stride=512
[2026-08-27 14:58:56,223][evaluation.evaluator][INFO] - artifacts ready run=/fssmall/home/h61084/codes/tsfm/outputs_selena/univariate/time-coastal_t_s_h_part21/168_24/persistence/none/instance/keep/run_0 mse=0.0387708 nmse=1.2049 inference_seconds=0.025
2026-08-27 14:58:57 | configuration dataset=time/coastal_t_s_h_part21 L=168 H=24 model=expected covariates=none instance_norm=true remove_constant=false seed=1 batch_size=512
[2026-08-27 14:59:00,360][data.dataset][INFO] - dataset config path=/fssmall/home/h61084/codes/datasets/time/coastal_t_s_h_part21/config.json applied_keys=['date_col', 'drop_users', 'target_cols']
[2026-08-27 14:59:00,380][evaluation.evaluator][INFO] - evaluate dataset=time/coastal_t_s_h_part21 users=3 dates=3986 windows=24 removed_constant=0 L=168 H=24 stride=512
[2026-08-27 14:59:00,609][evaluation.evaluator][INFO] - artifacts ready run=/fssmall/home/h61084/codes/tsfm/outputs_selena/univariate/time-coastal_t_s_h_part21/168_24/expected/none/instance/keep/run_0 mse=0.0615168 nmse=2.02185 inference_seconds=0.025
2026-08-27 14:59:02 | configuration dataset=time/coastal_t_s_h_part21 L=168 H=24 model=repeat covariates=none instance_norm=true remove_constant=false seed=1 batch_size=512
[2026-08-27 14:59:04,777][data.dataset][INFO] - dataset config path=/fssmall/home/h61084/codes/datasets/time/coastal_t_s_h_part21/config.json applied_keys=['date_col', 'drop_users', 'target_cols']
[2026-08-27 14:59:04,797][evaluation.evaluator][INFO] - evaluate dataset=time/coastal_t_s_h_part21 users=3 dates=3986 windows=24 removed_constant=0 L=168 H=24 stride=512
[2026-08-27 14:59:05,015][evaluation.evaluator][INFO] - artifacts ready run=/fssmall/home/h61084/codes/tsfm/outputs_selena/univariate/time-coastal_t_s_h_part21/168_24/repeat/none/instance/keep/run_0 mse=0.0149502 nmse=0.760318 inference_seconds=0.020
2026-08-27 14:59:06 | configuration dataset=time/coastal_t_s_h_part21 L=168 H=24 model=lookback covariates=none instance_norm=true remove_constant=false seed=1 batch_size=512
[2026-08-27 14:59:09,229][data.dataset][INFO] - dataset config path=/fssmall/home/h61084/codes/datasets/time/coastal_t_s_h_part21/config.json applied_keys=['date_col', 'drop_users', 'target_cols']
[2026-08-27 14:59:09,238][evaluation.evaluator][INFO] - lookback weekly period=168 observations
[2026-08-27 14:59:09,250][evaluation.evaluator][INFO] - evaluate dataset=time/coastal_t_s_h_part21 users=3 dates=3986 windows=24 removed_constant=0 L=168 H=24 stride=512
[2026-08-27 14:59:09,479][evaluation.evaluator][INFO] - artifacts ready run=/fssmall/home/h61084/codes/tsfm/outputs_selena/univariate/time-coastal_t_s_h_part21/168_24/lookback/none/instance/keep/run_0 mse=0.139196 nmse=4.95919 inference_seconds=0.021
2026-08-27 14:59:11 | configuration dataset=time/coastal_t_s_h_part21 L=168 H=24 model=chronos2 covariates=none instance_norm=true remove_constant=false seed=1 batch_size=64
[2026-08-27 14:59:13,630][data.dataset][INFO] - dataset config path=/fssmall/home/h61084/codes/datasets/time/coastal_t_s_h_part21/config.json applied_keys=['date_col', 'drop_users', 'target_cols']
[2026-08-27 14:59:13,651][evaluation.evaluator][INFO] - evaluate dataset=time/coastal_t_s_h_part21 users=3 dates=3986 windows=24 removed_constant=0 L=168 H=24 stride=512
[2026-08-27 14:59:19,388][evaluation.evaluator][INFO] - artifacts ready run=/fssmall/home/h61084/codes/tsfm/outputs_selena/univariate/time-coastal_t_s_h_part21/168_24/chronos2/none/instance/keep/run_0 mse=0.0129028 nmse=0.526771 inference_seconds=0.196
2026-08-27 14:59:21 | configuration dataset=time/coastal_t_s_h_part21 L=336 H=48 model=persistence covariates=none instance_norm=true remove_constant=false seed=1 batch_size=512
[2026-08-27 14:59:23,876][data.dataset][INFO] - dataset config path=/fssmall/home/h61084/codes/datasets/time/coastal_t_s_h_part21/config.json applied_keys=['date_col', 'drop_users', 'target_cols']
[2026-08-27 14:59:23,897][evaluation.evaluator][INFO] - evaluate dataset=time/coastal_t_s_h_part21 users=3 dates=3986 windows=24 removed_constant=0 L=336 H=48 stride=512
[2026-08-27 14:59:24,132][evaluation.evaluator][INFO] - artifacts ready run=/fssmall/home/h61084/codes/tsfm/outputs_selena/univariate/time-coastal_t_s_h_part21/336_48/persistence/none/instance/keep/run_0 mse=0.0543365 nmse=1.67462 inference_seconds=0.025
2026-08-27 14:59:25 | configuration dataset=time/coastal_t_s_h_part21 L=336 H=48 model=expected covariates=none instance_norm=true remove_constant=false seed=1 batch_size=512
[2026-08-27 14:59:28,446][data.dataset][INFO] - dataset config path=/fssmall/home/h61084/codes/datasets/time/coastal_t_s_h_part21/config.json applied_keys=['date_col', 'drop_users', 'target_cols']
[2026-08-27 14:59:28,466][evaluation.evaluator][INFO] - evaluate dataset=time/coastal_t_s_h_part21 users=3 dates=3986 windows=24 removed_constant=0 L=336 H=48 stride=512
[2026-08-27 14:59:28,695][evaluation.evaluator][INFO] - artifacts ready run=/fssmall/home/h61084/codes/tsfm/outputs_selena/univariate/time-coastal_t_s_h_part21/336_48/expected/none/instance/keep/run_0 mse=0.167728 nmse=2.34683 inference_seconds=0.025
2026-08-27 14:59:30 | configuration dataset=time/coastal_t_s_h_part21 L=336 H=48 model=repeat covariates=none instance_norm=true remove_constant=false seed=1 batch_size=512
[2026-08-27 14:59:32,829][data.dataset][INFO] - dataset config path=/fssmall/home/h61084/codes/datasets/time/coastal_t_s_h_part21/config.json applied_keys=['date_col', 'drop_users', 'target_cols']
[2026-08-27 14:59:32,849][evaluation.evaluator][INFO] - evaluate dataset=time/coastal_t_s_h_part21 users=3 dates=3986 windows=24 removed_constant=0 L=336 H=48 stride=512
[2026-08-27 14:59:33,080][evaluation.evaluator][INFO] - artifacts ready run=/fssmall/home/h61084/codes/tsfm/outputs_selena/univariate/time-coastal_t_s_h_part21/336_48/repeat/none/instance/keep/run_0 mse=0.0355081 nmse=1.72901 inference_seconds=0.020
2026-08-27 14:59:34 | configuration dataset=time/coastal_t_s_h_part21 L=336 H=48 model=lookback covariates=none instance_norm=true remove_constant=false seed=1 batch_size=512
[2026-08-27 14:59:37,231][data.dataset][INFO] - dataset config path=/fssmall/home/h61084/codes/datasets/time/coastal_t_s_h_part21/config.json applied_keys=['date_col', 'drop_users', 'target_cols']
[2026-08-27 14:59:37,240][evaluation.evaluator][INFO] - lookback weekly period=168 observations
[2026-08-27 14:59:37,252][evaluation.evaluator][INFO] - evaluate dataset=time/coastal_t_s_h_part21 users=3 dates=3986 windows=24 removed_constant=0 L=336 H=48 stride=512
[2026-08-27 14:59:37,480][evaluation.evaluator][INFO] - artifacts ready run=/fssmall/home/h61084/codes/tsfm/outputs_selena/univariate/time-coastal_t_s_h_part21/336_48/lookback/none/instance/keep/run_0 mse=0.187831 nmse=2.58635 inference_seconds=0.020
2026-08-27 14:59:39 | configuration dataset=time/coastal_t_s_h_part21 L=336 H=48 model=chronos2 covariates=none instance_norm=true remove_constant=false seed=1 batch_size=64
[2026-08-27 14:59:41,735][data.dataset][INFO] - dataset config path=/fssmall/home/h61084/codes/datasets/time/coastal_t_s_h_part21/config.json applied_keys=['date_col', 'drop_users', 'target_cols']
[2026-08-27 14:59:41,755][evaluation.evaluator][INFO] - evaluate dataset=time/coastal_t_s_h_part21 users=3 dates=3986 windows=24 removed_constant=0 L=336 H=48 stride=512
[2026-08-27 14:59:47,555][evaluation.evaluator][INFO] - artifacts ready run=/fssmall/home/h61084/codes/tsfm/outputs_selena/univariate/time-coastal_t_s_h_part21/336_48/chronos2/none/instance/keep/run_0 mse=0.0224969 nmse=1.16368 inference_seconds=0.194
2026-08-27 14:59:49 | configuration dataset=time/coastal_t_s_h_part21 L=504 H=168 model=persistence covariates=none instance_norm=true remove_constant=false seed=1 batch_size=512
[2026-08-27 14:59:52,142][data.dataset][INFO] - dataset config path=/fssmall/home/h61084/codes/datasets/time/coastal_t_s_h_part21/config.json applied_keys=['date_col', 'drop_users', 'target_cols']
[2026-08-27 14:59:52,162][evaluation.evaluator][INFO] - evaluate dataset=time/coastal_t_s_h_part21 users=3 dates=3986 windows=21 removed_constant=0 L=504 H=168 stride=512
[2026-08-27 14:59:52,390][evaluation.evaluator][INFO] - artifacts ready run=/fssmall/home/h61084/codes/tsfm/outputs_selena/univariate/time-coastal_t_s_h_part21/504_168/persistence/none/instance/keep/run_0 mse=0.0854693 nmse=1.79659 inference_seconds=0.025
2026-08-27 14:59:54 | configuration dataset=time/coastal_t_s_h_part21 L=504 H=168 model=expected covariates=none instance_norm=true remove_constant=false seed=1 batch_size=512
[2026-08-27 14:59:56,639][data.dataset][INFO] - dataset config path=/fssmall/home/h61084/codes/datasets/time/coastal_t_s_h_part21/config.json applied_keys=['date_col', 'drop_users', 'target_cols']
[2026-08-27 14:59:56,659][evaluation.evaluator][INFO] - evaluate dataset=time/coastal_t_s_h_part21 users=3 dates=3986 windows=21 removed_constant=0 L=504 H=168 stride=512
[2026-08-27 14:59:56,890][evaluation.evaluator][INFO] - artifacts ready run=/fssmall/home/h61084/codes/tsfm/outputs_selena/univariate/time-coastal_t_s_h_part21/504_168/expected/none/instance/keep/run_0 mse=0.141967 nmse=2.06581 inference_seconds=0.025
2026-08-27 14:59:58 | configuration dataset=time/coastal_t_s_h_part21 L=504 H=168 model=repeat covariates=none instance_norm=true remove_constant=false seed=1 batch_size=512
[2026-08-27 15:00:01,218][data.dataset][INFO] - dataset config path=/fssmall/home/h61084/codes/datasets/time/coastal_t_s_h_part21/config.json applied_keys=['date_col', 'drop_users', 'target_cols']
[2026-08-27 15:00:01,238][evaluation.evaluator][INFO] - evaluate dataset=time/coastal_t_s_h_part21 users=3 dates=3986 windows=21 removed_constant=0 L=504 H=168 stride=512
[2026-08-27 15:00:01,458][evaluation.evaluator][INFO] - artifacts ready run=/fssmall/home/h61084/codes/tsfm/outputs_selena/univariate/time-coastal_t_s_h_part21/504_168/repeat/none/instance/keep/run_0 mse=0.0950433 nmse=2.23656 inference_seconds=0.021
2026-08-27 15:00:03 | configuration dataset=time/coastal_t_s_h_part21 L=504 H=168 model=lookback covariates=none instance_norm=true remove_constant=false seed=1 batch_size=512
[2026-08-27 15:00:05,662][data.dataset][INFO] - dataset config path=/fssmall/home/h61084/codes/datasets/time/coastal_t_s_h_part21/config.json applied_keys=['date_col', 'drop_users', 'target_cols']
[2026-08-27 15:00:05,671][evaluation.evaluator][INFO] - lookback weekly period=168 observations
[2026-08-27 15:00:05,683][evaluation.evaluator][INFO] - evaluate dataset=time/coastal_t_s_h_part21 users=3 dates=3986 windows=21 removed_constant=0 L=504 H=168 stride=512
[2026-08-27 15:00:05,917][evaluation.evaluator][INFO] - artifacts ready run=/fssmall/home/h61084/codes/tsfm/outputs_selena/univariate/time-coastal_t_s_h_part21/504_168/lookback/none/instance/keep/run_0 mse=0.0950433 nmse=2.23656 inference_seconds=0.020
2026-08-27 15:00:07 | configuration dataset=time/coastal_t_s_h_part21 L=504 H=168 model=chronos2 covariates=none instance_norm=true remove_constant=false seed=1 batch_size=64
[2026-08-27 15:00:10,156][data.dataset][INFO] - dataset config path=/fssmall/home/h61084/codes/datasets/time/coastal_t_s_h_part21/config.json applied_keys=['date_col', 'drop_users', 'target_cols']
[2026-08-27 15:00:10,176][evaluation.evaluator][INFO] - evaluate dataset=time/coastal_t_s_h_part21 users=3 dates=3986 windows=21 removed_constant=0 L=504 H=168 stride=512
[2026-08-27 15:00:15,833][evaluation.evaluator][INFO] - artifacts ready run=/fssmall/home/h61084/codes/tsfm/outputs_selena/univariate/time-coastal_t_s_h_part21/504_168/chronos2/none/instance/keep/run_0 mse=0.0400702 nmse=1.11991 inference_seconds=0.197
2026-08-27 15:00:17 | configuration dataset=time/coastal_t_s_h_part22 L=168 H=24 model=persistence covariates=none instance_norm=true remove_constant=false seed=1 batch_size=512
[2026-08-27 15:00:20,325][data.dataset][INFO] - dataset config path=/fssmall/home/h61084/codes/datasets/time/coastal_t_s_h_part22/config.json applied_keys=['date_col', 'drop_users', 'target_cols']
[2026-08-27 15:00:20,349][evaluation.evaluator][INFO] - evaluate dataset=time/coastal_t_s_h_part22 users=3 dates=5128 windows=30 removed_constant=0 L=168 H=24 stride=512
[2026-08-27 15:00:20,577][evaluation.evaluator][INFO] - artifacts ready run=/fssmall/home/h61084/codes/tsfm/outputs_selena/univariate/time-coastal_t_s_h_part22/168_24/persistence/none/instance/keep/run_0 mse=0.0583626 nmse=1.82334 inference_seconds=0.025
2026-08-27 15:00:22 | configuration dataset=time/coastal_t_s_h_part22 L=168 H=24 model=expected covariates=none instance_norm=true remove_constant=false seed=1 batch_size=512
[2026-08-27 15:00:24,779][data.dataset][INFO] - dataset config path=/fssmall/home/h61084/codes/datasets/time/coastal_t_s_h_part22/config.json applied_keys=['date_col', 'drop_users', 'target_cols']
[2026-08-27 15:00:24,801][evaluation.evaluator][INFO] - evaluate dataset=time/coastal_t_s_h_part22 users=3 dates=5128 windows=30 removed_constant=0 L=168 H=24 stride=512
[2026-08-27 15:00:25,033][evaluation.evaluator][INFO] - artifacts ready run=/fssmall/home/h61084/codes/tsfm/outputs_selena/univariate/time-coastal_t_s_h_part22/168_24/expected/none/instance/keep/run_0 mse=0.117124 nmse=3.21808 inference_seconds=0.025
2026-08-27 15:00:26 | configuration dataset=time/coastal_t_s_h_part22 L=168 H=24 model=repeat covariates=none instance_norm=true remove_constant=false seed=1 batch_size=512
[2026-08-27 15:00:29,223][data.dataset][INFO] - dataset config path=/fssmall/home/h61084/codes/datasets/time/coastal_t_s_h_part22/config.json applied_keys=['date_col', 'drop_users', 'target_cols']
[2026-08-27 15:00:29,245][evaluation.evaluator][INFO] - evaluate dataset=time/coastal_t_s_h_part22 users=3 dates=5128 windows=30 removed_constant=0 L=168 H=24 stride=512
[2026-08-27 15:00:29,482][evaluation.evaluator][INFO] - artifacts ready run=/fssmall/home/h61084/codes/tsfm/outputs_selena/univariate/time-coastal_t_s_h_part22/168_24/repeat/none/instance/keep/run_0 mse=0.166956 nmse=2.4573 inference_seconds=0.021
2026-08-27 15:00:31 | configuration dataset=time/coastal_t_s_h_part22 L=168 H=24 model=lookback covariates=none instance_norm=true remove_constant=false seed=1 batch_size=512
[2026-08-27 15:00:33,705][data.dataset][INFO] - dataset config path=/fssmall/home/h61084/codes/datasets/time/coastal_t_s_h_part22/config.json applied_keys=['date_col', 'drop_users', 'target_cols']
[2026-08-27 15:00:33,715][evaluation.evaluator][INFO] - lookback weekly period=168 observations
[2026-08-27 15:00:33,727][evaluation.evaluator][INFO] - evaluate dataset=time/coastal_t_s_h_part22 users=3 dates=5128 windows=30 removed_constant=0 L=168 H=24 stride=512
[2026-08-27 15:00:33,946][evaluation.evaluator][INFO] - artifacts ready run=/fssmall/home/h61084/codes/tsfm/outputs_selena/univariate/time-coastal_t_s_h_part22/168_24/lookback/none/instance/keep/run_0 mse=0.239947 nmse=5.15879 inference_seconds=0.021
2026-08-27 15:00:35 | configuration dataset=time/coastal_t_s_h_part22 L=168 H=24 model=chronos2 covariates=none instance_norm=true remove_constant=false seed=1 batch_size=64
[2026-08-27 15:00:38,138][data.dataset][INFO] - dataset config path=/fssmall/home/h61084/codes/datasets/time/coastal_t_s_h_part22/config.json applied_keys=['date_col', 'drop_users', 'target_cols']
[2026-08-27 15:00:38,160][evaluation.evaluator][INFO] - evaluate dataset=time/coastal_t_s_h_part22 users=3 dates=5128 windows=30 removed_constant=0 L=168 H=24 stride=512
[2026-08-27 15:00:43,825][evaluation.evaluator][INFO] - artifacts ready run=/fssmall/home/h61084/codes/tsfm/outputs_selena/univariate/time-coastal_t_s_h_part22/168_24/chronos2/none/instance/keep/run_0 mse=0.0495534 nmse=1.44159 inference_seconds=0.194
2026-08-27 15:00:45 | configuration dataset=time/coastal_t_s_h_part22 L=336 H=48 model=persistence covariates=none instance_norm=true remove_constant=false seed=1 batch_size=512
[2026-08-27 15:00:48,430][data.dataset][INFO] - dataset config path=/fssmall/home/h61084/codes/datasets/time/coastal_t_s_h_part22/config.json applied_keys=['date_col', 'drop_users', 'target_cols']
[2026-08-27 15:00:48,453][evaluation.evaluator][INFO] - evaluate dataset=time/coastal_t_s_h_part22 users=3 dates=5128 windows=30 removed_constant=0 L=336 H=48 stride=512
[2026-08-27 15:00:48,682][evaluation.evaluator][INFO] - artifacts ready run=/fssmall/home/h61084/codes/tsfm/outputs_selena/univariate/time-coastal_t_s_h_part22/336_48/persistence/none/instance/keep/run_0 mse=0.0701497 nmse=0.802188 inference_seconds=0.026
2026-08-27 15:00:50 | configuration dataset=time/coastal_t_s_h_part22 L=336 H=48 model=expected covariates=none instance_norm=true remove_constant=false seed=1 batch_size=512
[2026-08-27 15:00:52,875][data.dataset][INFO] - dataset config path=/fssmall/home/h61084/codes/datasets/time/coastal_t_s_h_part22/config.json applied_keys=['date_col', 'drop_users', 'target_cols']
[2026-08-27 15:00:52,896][evaluation.evaluator][INFO] - evaluate dataset=time/coastal_t_s_h_part22 users=3 dates=5128 windows=30 removed_constant=0 L=336 H=48 stride=512
[2026-08-27 15:00:53,123][evaluation.evaluator][INFO] - artifacts ready run=/fssmall/home/h61084/codes/tsfm/outputs_selena/univariate/time-coastal_t_s_h_part22/336_48/expected/none/instance/keep/run_0 mse=0.11623 nmse=1.45368 inference_seconds=0.024
2026-08-27 15:00:54 | configuration dataset=time/coastal_t_s_h_part22 L=336 H=48 model=repeat covariates=none instance_norm=true remove_constant=false seed=1 batch_size=512
[2026-08-27 15:00:57,305][data.dataset][INFO] - dataset config path=/fssmall/home/h61084/codes/datasets/time/coastal_t_s_h_part22/config.json applied_keys=['date_col', 'drop_users', 'target_cols']
[2026-08-27 15:00:57,326][evaluation.evaluator][INFO] - evaluate dataset=time/coastal_t_s_h_part22 users=3 dates=5128 windows=30 removed_constant=0 L=336 H=48 stride=512
[2026-08-27 15:00:57,552][evaluation.evaluator][INFO] - artifacts ready run=/fssmall/home/h61084/codes/tsfm/outputs_selena/univariate/time-coastal_t_s_h_part22/336_48/repeat/none/instance/keep/run_0 mse=0.0558092 nmse=0.977669 inference_seconds=0.021
2026-08-27 15:00:59 | configuration dataset=time/coastal_t_s_h_part22 L=336 H=48 model=lookback covariates=none instance_norm=true remove_constant=false seed=1 batch_size=512
[2026-08-27 15:01:01,771][data.dataset][INFO] - dataset config path=/fssmall/home/h61084/codes/datasets/time/coastal_t_s_h_part22/config.json applied_keys=['date_col', 'drop_users', 'target_cols']
[2026-08-27 15:01:01,781][evaluation.evaluator][INFO] - lookback weekly period=168 observations
[2026-08-27 15:01:01,793][evaluation.evaluator][INFO] - evaluate dataset=time/coastal_t_s_h_part22 users=3 dates=5128 windows=30 removed_constant=0 L=336 H=48 stride=512
[2026-08-27 15:01:02,029][evaluation.evaluator][INFO] - artifacts ready run=/fssmall/home/h61084/codes/tsfm/outputs_selena/univariate/time-coastal_t_s_h_part22/336_48/lookback/none/instance/keep/run_0 mse=0.258384 nmse=2.19755 inference_seconds=0.020
2026-08-27 15:01:03 | configuration dataset=time/coastal_t_s_h_part22 L=336 H=48 model=chronos2 covariates=none instance_norm=true remove_constant=false seed=1 batch_size=64
[2026-08-27 15:01:06,272][data.dataset][INFO] - dataset config path=/fssmall/home/h61084/codes/datasets/time/coastal_t_s_h_part22/config.json applied_keys=['date_col', 'drop_users', 'target_cols']
[2026-08-27 15:01:06,293][evaluation.evaluator][INFO] - evaluate dataset=time/coastal_t_s_h_part22 users=3 dates=5128 windows=30 removed_constant=0 L=336 H=48 stride=512
[2026-08-27 15:01:11,966][evaluation.evaluator][INFO] - artifacts ready run=/fssmall/home/h61084/codes/tsfm/outputs_selena/univariate/time-coastal_t_s_h_part22/336_48/chronos2/none/instance/keep/run_0 mse=0.0576638 nmse=0.689314 inference_seconds=0.196
2026-08-27 15:01:13 | configuration dataset=time/coastal_t_s_h_part22 L=504 H=168 model=persistence covariates=none instance_norm=true remove_constant=false seed=1 batch_size=512
[2026-08-27 15:01:16,519][data.dataset][INFO] - dataset config path=/fssmall/home/h61084/codes/datasets/time/coastal_t_s_h_part22/config.json applied_keys=['date_col', 'drop_users', 'target_cols']
[2026-08-27 15:01:16,541][evaluation.evaluator][INFO] - evaluate dataset=time/coastal_t_s_h_part22 users=3 dates=5128 windows=27 removed_constant=0 L=504 H=168 stride=512
[2026-08-27 15:01:16,763][evaluation.evaluator][INFO] - artifacts ready run=/fssmall/home/h61084/codes/tsfm/outputs_selena/univariate/time-coastal_t_s_h_part22/504_168/persistence/none/instance/keep/run_0 mse=0.159529 nmse=2.99025 inference_seconds=0.025
2026-08-27 15:01:18 | configuration dataset=time/coastal_t_s_h_part22 L=504 H=168 model=expected covariates=none instance_norm=true remove_constant=false seed=1 batch_size=512
[2026-08-27 15:01:20,986][data.dataset][INFO] - dataset config path=/fssmall/home/h61084/codes/datasets/time/coastal_t_s_h_part22/config.json applied_keys=['date_col', 'drop_users', 'target_cols']
[2026-08-27 15:01:21,007][evaluation.evaluator][INFO] - evaluate dataset=time/coastal_t_s_h_part22 users=3 dates=5128 windows=27 removed_constant=0 L=504 H=168 stride=512
[2026-08-27 15:01:21,235][evaluation.evaluator][INFO] - artifacts ready run=/fssmall/home/h61084/codes/tsfm/outputs_selena/univariate/time-coastal_t_s_h_part22/504_168/expected/none/instance/keep/run_0 mse=0.196341 nmse=3.21907 inference_seconds=0.026
2026-08-27 15:01:22 | configuration dataset=time/coastal_t_s_h_part22 L=504 H=168 model=repeat covariates=none instance_norm=true remove_constant=false seed=1 batch_size=512
[2026-08-27 15:01:25,468][data.dataset][INFO] - dataset config path=/fssmall/home/h61084/codes/datasets/time/coastal_t_s_h_part22/config.json applied_keys=['date_col', 'drop_users', 'target_cols']
[2026-08-27 15:01:25,489][evaluation.evaluator][INFO] - evaluate dataset=time/coastal_t_s_h_part22 users=3 dates=5128 windows=27 removed_constant=0 L=504 H=168 stride=512
[2026-08-27 15:01:25,716][evaluation.evaluator][INFO] - artifacts ready run=/fssmall/home/h61084/codes/tsfm/outputs_selena/univariate/time-coastal_t_s_h_part22/504_168/repeat/none/instance/keep/run_0 mse=0.271614 nmse=3.4855 inference_seconds=0.021
2026-08-27 15:01:27 | configuration dataset=time/coastal_t_s_h_part22 L=504 H=168 model=lookback covariates=none instance_norm=true remove_constant=false seed=1 batch_size=512
[2026-08-27 15:01:29,912][data.dataset][INFO] - dataset config path=/fssmall/home/h61084/codes/datasets/time/coastal_t_s_h_part22/config.json applied_keys=['date_col', 'drop_users', 'target_cols']
[2026-08-27 15:01:29,922][evaluation.evaluator][INFO] - lookback weekly period=168 observations
[2026-08-27 15:01:29,934][evaluation.evaluator][INFO] - evaluate dataset=time/coastal_t_s_h_part22 users=3 dates=5128 windows=27 removed_constant=0 L=504 H=168 stride=512
[2026-08-27 15:01:30,161][evaluation.evaluator][INFO] - artifacts ready run=/fssmall/home/h61084/codes/tsfm/outputs_selena/univariate/time-coastal_t_s_h_part22/504_168/lookback/none/instance/keep/run_0 mse=0.271614 nmse=3.4855 inference_seconds=0.021
2026-08-27 15:01:31 | configuration dataset=time/coastal_t_s_h_part22 L=504 H=168 model=chronos2 covariates=none instance_norm=true remove_constant=false seed=1 batch_size=64
[2026-08-27 15:01:34,402][data.dataset][INFO] - dataset config path=/fssmall/home/h61084/codes/datasets/time/coastal_t_s_h_part22/config.json applied_keys=['date_col', 'drop_users', 'target_cols']
[2026-08-27 15:01:34,423][evaluation.evaluator][INFO] - evaluate dataset=time/coastal_t_s_h_part22 users=3 dates=5128 windows=27 removed_constant=0 L=504 H=168 stride=512
[2026-08-27 15:01:40,174][evaluation.evaluator][INFO] - artifacts ready run=/fssmall/home/h61084/codes/tsfm/outputs_selena/univariate/time-coastal_t_s_h_part22/504_168/chronos2/none/instance/keep/run_0 mse=0.14642 nmse=2.75943 inference_seconds=0.195
2026-08-27 15:01:42 | configuration dataset=time/coastal_t_s_h_part23 L=168 H=24 model=persistence covariates=none instance_norm=true remove_constant=false seed=1 batch_size=512
[2026-08-27 15:01:44,728][data.dataset][INFO] - dataset config path=/fssmall/home/h61084/codes/datasets/time/coastal_t_s_h_part23/config.json applied_keys=['date_col', 'drop_users', 'target_cols']
[2026-08-27 15:01:44,749][evaluation.evaluator][INFO] - evaluate dataset=time/coastal_t_s_h_part23 users=3 dates=4172 windows=24 removed_constant=0 L=168 H=24 stride=512
[2026-08-27 15:01:44,988][evaluation.evaluator][INFO] - artifacts ready run=/fssmall/home/h61084/codes/tsfm/outputs_selena/univariate/time-coastal_t_s_h_part23/168_24/persistence/none/instance/keep/run_0 mse=1.55269 nmse=0.861366 inference_seconds=0.026
2026-08-27 15:01:46 | configuration dataset=time/coastal_t_s_h_part23 L=168 H=24 model=expected covariates=none instance_norm=true remove_constant=false seed=1 batch_size=512
[2026-08-27 15:01:49,217][data.dataset][INFO] - dataset config path=/fssmall/home/h61084/codes/datasets/time/coastal_t_s_h_part23/config.json applied_keys=['date_col', 'drop_users', 'target_cols']
[2026-08-27 15:01:49,236][evaluation.evaluator][INFO] - evaluate dataset=time/coastal_t_s_h_part23 users=3 dates=4172 windows=24 removed_constant=0 L=168 H=24 stride=512
[2026-08-27 15:01:49,464][evaluation.evaluator][INFO] - artifacts ready run=/fssmall/home/h61084/codes/tsfm/outputs_selena/univariate/time-coastal_t_s_h_part23/168_24/expected/none/instance/keep/run_0 mse=5.80662 nmse=1.82262 inference_seconds=0.025
2026-08-27 15:01:51 | configuration dataset=time/coastal_t_s_h_part23 L=168 H=24 model=repeat covariates=none instance_norm=true remove_constant=false seed=1 batch_size=512
[2026-08-27 15:01:53,702][data.dataset][INFO] - dataset config path=/fssmall/home/h61084/codes/datasets/time/coastal_t_s_h_part23/config.json applied_keys=['date_col', 'drop_users', 'target_cols']
[2026-08-27 15:01:53,722][evaluation.evaluator][INFO] - evaluate dataset=time/coastal_t_s_h_part23 users=3 dates=4172 windows=24 removed_constant=0 L=168 H=24 stride=512
[2026-08-27 15:01:53,949][evaluation.evaluator][INFO] - artifacts ready run=/fssmall/home/h61084/codes/tsfm/outputs_selena/univariate/time-coastal_t_s_h_part23/168_24/repeat/none/instance/keep/run_0 mse=4.501 nmse=1.70061 inference_seconds=0.020
2026-08-27 15:01:55 | configuration dataset=time/coastal_t_s_h_part23 L=168 H=24 model=lookback covariates=none instance_norm=true remove_constant=false seed=1 batch_size=512
[2026-08-27 15:01:58,175][data.dataset][INFO] - dataset config path=/fssmall/home/h61084/codes/datasets/time/coastal_t_s_h_part23/config.json applied_keys=['date_col', 'drop_users', 'target_cols']
[2026-08-27 15:01:58,184][evaluation.evaluator][INFO] - lookback weekly period=168 observations
[2026-08-27 15:01:58,196][evaluation.evaluator][INFO] - evaluate dataset=time/coastal_t_s_h_part23 users=3 dates=4172 windows=24 removed_constant=0 L=168 H=24 stride=512
[2026-08-27 15:01:58,429][evaluation.evaluator][INFO] - artifacts ready run=/fssmall/home/h61084/codes/tsfm/outputs_selena/univariate/time-coastal_t_s_h_part23/168_24/lookback/none/instance/keep/run_0 mse=7.868 nmse=3.27318 inference_seconds=0.021
2026-08-27 15:02:00 | configuration dataset=time/coastal_t_s_h_part23 L=168 H=24 model=chronos2 covariates=none instance_norm=true remove_constant=false seed=1 batch_size=64
[2026-08-27 15:02:02,758][data.dataset][INFO] - dataset config path=/fssmall/home/h61084/codes/datasets/time/coastal_t_s_h_part23/config.json applied_keys=['date_col', 'drop_users', 'target_cols']
[2026-08-27 15:02:02,777][evaluation.evaluator][INFO] - evaluate dataset=time/coastal_t_s_h_part23 users=3 dates=4172 windows=24 removed_constant=0 L=168 H=24 stride=512
[2026-08-27 15:02:08,453][evaluation.evaluator][INFO] - artifacts ready run=/fssmall/home/h61084/codes/tsfm/outputs_selena/univariate/time-coastal_t_s_h_part23/168_24/chronos2/none/instance/keep/run_0 mse=1.64193 nmse=0.879102 inference_seconds=0.196
2026-08-27 15:02:10 | configuration dataset=time/coastal_t_s_h_part23 L=336 H=48 model=persistence covariates=none instance_norm=true remove_constant=false seed=1 batch_size=512
[2026-08-27 15:02:13,053][data.dataset][INFO] - dataset config path=/fssmall/home/h61084/codes/datasets/time/coastal_t_s_h_part23/config.json applied_keys=['date_col', 'drop_users', 'target_cols']
[2026-08-27 15:02:13,074][evaluation.evaluator][INFO] - evaluate dataset=time/coastal_t_s_h_part23 users=3 dates=4172 windows=24 removed_constant=0 L=336 H=48 stride=512
[2026-08-27 15:02:13,313][evaluation.evaluator][INFO] - artifacts ready run=/fssmall/home/h61084/codes/tsfm/outputs_selena/univariate/time-coastal_t_s_h_part23/336_48/persistence/none/instance/keep/run_0 mse=0.610435 nmse=0.956035 inference_seconds=0.026
2026-08-27 15:02:15 | configuration dataset=time/coastal_t_s_h_part23 L=336 H=48 model=expected covariates=none instance_norm=true remove_constant=false seed=1 batch_size=512
[2026-08-27 15:02:17,625][data.dataset][INFO] - dataset config path=/fssmall/home/h61084/codes/datasets/time/coastal_t_s_h_part23/config.json applied_keys=['date_col', 'drop_users', 'target_cols']
[2026-08-27 15:02:17,646][evaluation.evaluator][INFO] - evaluate dataset=time/coastal_t_s_h_part23 users=3 dates=4172 windows=24 removed_constant=0 L=336 H=48 stride=512
[2026-08-27 15:02:17,875][evaluation.evaluator][INFO] - artifacts ready run=/fssmall/home/h61084/codes/tsfm/outputs_selena/univariate/time-coastal_t_s_h_part23/336_48/expected/none/instance/keep/run_0 mse=1.00284 nmse=0.901145 inference_seconds=0.025
2026-08-27 15:02:19 | configuration dataset=time/coastal_t_s_h_part23 L=336 H=48 model=repeat covariates=none instance_norm=true remove_constant=false seed=1 batch_size=512
[2026-08-27 15:02:22,082][data.dataset][INFO] - dataset config path=/fssmall/home/h61084/codes/datasets/time/coastal_t_s_h_part23/config.json applied_keys=['date_col', 'drop_users', 'target_cols']
[2026-08-27 15:02:22,102][evaluation.evaluator][INFO] - evaluate dataset=time/coastal_t_s_h_part23 users=3 dates=4172 windows=24 removed_constant=0 L=336 H=48 stride=512
[2026-08-27 15:02:22,329][evaluation.evaluator][INFO] - artifacts ready run=/fssmall/home/h61084/codes/tsfm/outputs_selena/univariate/time-coastal_t_s_h_part23/336_48/repeat/none/instance/keep/run_0 mse=0.434005 nmse=0.960169 inference_seconds=0.020
2026-08-27 15:02:23 | configuration dataset=time/coastal_t_s_h_part23 L=336 H=48 model=lookback covariates=none instance_norm=true remove_constant=false seed=1 batch_size=512
[2026-08-27 15:02:26,571][data.dataset][INFO] - dataset config path=/fssmall/home/h61084/codes/datasets/time/coastal_t_s_h_part23/config.json applied_keys=['date_col', 'drop_users', 'target_cols']
[2026-08-27 15:02:26,579][evaluation.evaluator][INFO] - lookback weekly period=168 observations
[2026-08-27 15:02:26,592][evaluation.evaluator][INFO] - evaluate dataset=time/coastal_t_s_h_part23 users=3 dates=4172 windows=24 removed_constant=0 L=336 H=48 stride=512
[2026-08-27 15:02:26,829][evaluation.evaluator][INFO] - artifacts ready run=/fssmall/home/h61084/codes/tsfm/outputs_selena/univariate/time-coastal_t_s_h_part23/336_48/lookback/none/instance/keep/run_0 mse=3.99072 nmse=2.15451 inference_seconds=0.021
2026-08-27 15:02:28 | configuration dataset=time/coastal_t_s_h_part23 L=336 H=48 model=chronos2 covariates=none instance_norm=true remove_constant=false seed=1 batch_size=64
[2026-08-27 15:02:31,159][data.dataset][INFO] - dataset config path=/fssmall/home/h61084/codes/datasets/time/coastal_t_s_h_part23/config.json applied_keys=['date_col', 'drop_users', 'target_cols']
[2026-08-27 15:02:31,179][evaluation.evaluator][INFO] - evaluate dataset=time/coastal_t_s_h_part23 users=3 dates=4172 windows=24 removed_constant=0 L=336 H=48 stride=512
[2026-08-27 15:02:36,915][evaluation.evaluator][INFO] - artifacts ready run=/fssmall/home/h61084/codes/tsfm/outputs_selena/univariate/time-coastal_t_s_h_part23/336_48/chronos2/none/instance/keep/run_0 mse=0.439091 nmse=0.609015 inference_seconds=0.195
2026-08-27 15:02:39 | configuration dataset=time/coastal_t_s_h_part23 L=504 H=168 model=persistence covariates=none instance_norm=true remove_constant=false seed=1 batch_size=512
[2026-08-27 15:02:41,548][data.dataset][INFO] - dataset config path=/fssmall/home/h61084/codes/datasets/time/coastal_t_s_h_part23/config.json applied_keys=['date_col', 'drop_users', 'target_cols']
[2026-08-27 15:02:41,569][evaluation.evaluator][INFO] - evaluate dataset=time/coastal_t_s_h_part23 users=3 dates=4172 windows=21 removed_constant=0 L=504 H=168 stride=512
[2026-08-27 15:02:41,797][evaluation.evaluator][INFO] - artifacts ready run=/fssmall/home/h61084/codes/tsfm/outputs_selena/univariate/time-coastal_t_s_h_part23/504_168/persistence/none/instance/keep/run_0 mse=2.82384 nmse=2.54341 inference_seconds=0.025
2026-08-27 15:02:43 | configuration dataset=time/coastal_t_s_h_part23 L=504 H=168 model=expected covariates=none instance_norm=true remove_constant=false seed=1 batch_size=512
[2026-08-27 15:02:46,038][data.dataset][INFO] - dataset config path=/fssmall/home/h61084/codes/datasets/time/coastal_t_s_h_part23/config.json applied_keys=['date_col', 'drop_users', 'target_cols']
[2026-08-27 15:02:46,057][evaluation.evaluator][INFO] - evaluate dataset=time/coastal_t_s_h_part23 users=3 dates=4172 windows=21 removed_constant=0 L=504 H=168 stride=512
[2026-08-27 15:02:46,287][evaluation.evaluator][INFO] - artifacts ready run=/fssmall/home/h61084/codes/tsfm/outputs_selena/univariate/time-coastal_t_s_h_part23/504_168/expected/none/instance/keep/run_0 mse=1.72671 nmse=2.2488 inference_seconds=0.025
2026-08-27 15:02:47 | configuration dataset=time/coastal_t_s_h_part23 L=504 H=168 model=repeat covariates=none instance_norm=true remove_constant=false seed=1 batch_size=512
[2026-08-27 15:02:50,521][data.dataset][INFO] - dataset config path=/fssmall/home/h61084/codes/datasets/time/coastal_t_s_h_part23/config.json applied_keys=['date_col', 'drop_users', 'target_cols']
[2026-08-27 15:02:50,541][evaluation.evaluator][INFO] - evaluate dataset=time/coastal_t_s_h_part23 users=3 dates=4172 windows=21 removed_constant=0 L=504 H=168 stride=512
[2026-08-27 15:02:50,766][evaluation.evaluator][INFO] - artifacts ready run=/fssmall/home/h61084/codes/tsfm/outputs_selena/univariate/time-coastal_t_s_h_part23/504_168/repeat/none/instance/keep/run_0 mse=2.89386 nmse=2.64743 inference_seconds=0.020
2026-08-27 15:02:52 | configuration dataset=time/coastal_t_s_h_part23 L=504 H=168 model=lookback covariates=none instance_norm=true remove_constant=false seed=1 batch_size=512
[2026-08-27 15:02:55,003][data.dataset][INFO] - dataset config path=/fssmall/home/h61084/codes/datasets/time/coastal_t_s_h_part23/config.json applied_keys=['date_col', 'drop_users', 'target_cols']
[2026-08-27 15:02:55,012][evaluation.evaluator][INFO] - lookback weekly period=168 observations
[2026-08-27 15:02:55,024][evaluation.evaluator][INFO] - evaluate dataset=time/coastal_t_s_h_part23 users=3 dates=4172 windows=21 removed_constant=0 L=504 H=168 stride=512
[2026-08-27 15:02:55,246][evaluation.evaluator][INFO] - artifacts ready run=/fssmall/home/h61084/codes/tsfm/outputs_selena/univariate/time-coastal_t_s_h_part23/504_168/lookback/none/instance/keep/run_0 mse=2.89386 nmse=2.64743 inference_seconds=0.021
2026-08-27 15:02:57 | configuration dataset=time/coastal_t_s_h_part23 L=504 H=168 model=chronos2 covariates=none instance_norm=true remove_constant=false seed=1 batch_size=64
[2026-08-27 15:02:59,614][data.dataset][INFO] - dataset config path=/fssmall/home/h61084/codes/datasets/time/coastal_t_s_h_part23/config.json applied_keys=['date_col', 'drop_users', 'target_cols']
[2026-08-27 15:02:59,637][evaluation.evaluator][INFO] - evaluate dataset=time/coastal_t_s_h_part23 users=3 dates=4172 windows=21 removed_constant=0 L=504 H=168 stride=512
[2026-08-27 15:03:05,288][evaluation.evaluator][INFO] - artifacts ready run=/fssmall/home/h61084/codes/tsfm/outputs_selena/univariate/time-coastal_t_s_h_part23/504_168/chronos2/none/instance/keep/run_0 mse=1.40375 nmse=2.30332 inference_seconds=0.196
2026-08-27 15:03:07 | configuration dataset=time/crypto_d L=7 H=1 model=persistence covariates=none instance_norm=true remove_constant=false seed=1 batch_size=512
[2026-08-27 15:03:09,907][data.dataset][INFO] - dataset config path=/fssmall/home/h61084/codes/datasets/time/crypto_d/config.json applied_keys=['date_col', 'drop_users', 'target_cols']
[2026-08-27 15:03:09,928][evaluation.evaluator][INFO] - evaluate dataset=time/crypto_d users=4 dates=2842 windows=24 removed_constant=0 L=7 H=1 stride=512
[2026-08-27 15:03:10,166][evaluation.evaluator][INFO] - artifacts ready run=/fssmall/home/h61084/codes/tsfm/outputs_selena/univariate/time-crypto_d/7_1/persistence/none/instance/keep/run_0 mse=66761.3 nmse=0.593481 inference_seconds=0.025
2026-08-27 15:03:11 | configuration dataset=time/crypto_d L=7 H=1 model=expected covariates=none instance_norm=true remove_constant=false seed=1 batch_size=512
[2026-08-27 15:03:14,544][data.dataset][INFO] - dataset config path=/fssmall/home/h61084/codes/datasets/time/crypto_d/config.json applied_keys=['date_col', 'drop_users', 'target_cols']
[2026-08-27 15:03:14,563][evaluation.evaluator][INFO] - evaluate dataset=time/crypto_d users=4 dates=2842 windows=24 removed_constant=0 L=7 H=1 stride=512
[2026-08-27 15:03:14,783][evaluation.evaluator][INFO] - artifacts ready run=/fssmall/home/h61084/codes/tsfm/outputs_selena/univariate/time-crypto_d/7_1/expected/none/instance/keep/run_0 mse=257258 nmse=0.94387 inference_seconds=0.021
2026-08-27 15:03:16 | configuration dataset=time/crypto_d L=7 H=1 model=repeat covariates=none instance_norm=true remove_constant=false seed=1 batch_size=512
[2026-08-27 15:03:19,024][data.dataset][INFO] - dataset config path=/fssmall/home/h61084/codes/datasets/time/crypto_d/config.json applied_keys=['date_col', 'drop_users', 'target_cols']
[2026-08-27 15:03:19,043][evaluation.evaluator][INFO] - evaluate dataset=time/crypto_d users=4 dates=2842 windows=24 removed_constant=0 L=7 H=1 stride=512
[2026-08-27 15:03:19,260][evaluation.evaluator][INFO] - artifacts ready run=/fssmall/home/h61084/codes/tsfm/outputs_selena/univariate/time-crypto_d/7_1/repeat/none/instance/keep/run_0 mse=66761.3 nmse=0.593481 inference_seconds=0.020
2026-08-27 15:03:20 | configuration dataset=time/crypto_d L=7 H=1 model=lookback covariates=none instance_norm=true remove_constant=false seed=1 batch_size=512
[2026-08-27 15:03:23,508][data.dataset][INFO] - dataset config path=/fssmall/home/h61084/codes/datasets/time/crypto_d/config.json applied_keys=['date_col', 'drop_users', 'target_cols']
[2026-08-27 15:03:23,516][evaluation.evaluator][INFO] - lookback weekly period=7 observations
[2026-08-27 15:03:23,528][evaluation.evaluator][INFO] - evaluate dataset=time/crypto_d users=4 dates=2842 windows=24 removed_constant=0 L=7 H=1 stride=512
[2026-08-27 15:03:23,748][evaluation.evaluator][INFO] - artifacts ready run=/fssmall/home/h61084/codes/tsfm/outputs_selena/univariate/time-crypto_d/7_1/lookback/none/instance/keep/run_0 mse=163615 nmse=3.0859 inference_seconds=0.020
2026-08-27 15:03:25 | configuration dataset=time/crypto_d L=7 H=1 model=chronos2 covariates=none instance_norm=true remove_constant=false seed=1 batch_size=64
[2026-08-27 15:03:28,063][data.dataset][INFO] - dataset config path=/fssmall/home/h61084/codes/datasets/time/crypto_d/config.json applied_keys=['date_col', 'drop_users', 'target_cols']
[2026-08-27 15:03:28,082][evaluation.evaluator][INFO] - evaluate dataset=time/crypto_d users=4 dates=2842 windows=24 removed_constant=0 L=7 H=1 stride=512
[2026-08-27 15:03:33,785][evaluation.evaluator][INFO] - artifacts ready run=/fssmall/home/h61084/codes/tsfm/outputs_selena/univariate/time-crypto_d/7_1/chronos2/none/instance/keep/run_0 mse=82756.5 nmse=0.637077 inference_seconds=0.194
2026-08-27 15:03:35 | configuration dataset=time/crypto_d L=14 H=2 model=persistence covariates=none instance_norm=true remove_constant=false seed=1 batch_size=512
[2026-08-27 15:03:38,411][data.dataset][INFO] - dataset config path=/fssmall/home/h61084/codes/datasets/time/crypto_d/config.json applied_keys=['date_col', 'drop_users', 'target_cols']
[2026-08-27 15:03:38,431][evaluation.evaluator][INFO] - evaluate dataset=time/crypto_d users=4 dates=2842 windows=24 removed_constant=0 L=14 H=2 stride=512
[2026-08-27 15:03:38,661][evaluation.evaluator][INFO] - artifacts ready run=/fssmall/home/h61084/codes/tsfm/outputs_selena/univariate/time-crypto_d/14_2/persistence/none/instance/keep/run_0 mse=235869 nmse=1.01285 inference_seconds=0.025
2026-08-27 15:03:40 | configuration dataset=time/crypto_d L=14 H=2 model=expected covariates=none instance_norm=true remove_constant=false seed=1 batch_size=512
[2026-08-27 15:03:42,979][data.dataset][INFO] - dataset config path=/fssmall/home/h61084/codes/datasets/time/crypto_d/config.json applied_keys=['date_col', 'drop_users', 'target_cols']
[2026-08-27 15:03:42,998][evaluation.evaluator][INFO] - evaluate dataset=time/crypto_d users=4 dates=2842 windows=24 removed_constant=0 L=14 H=2 stride=512
[2026-08-27 15:03:43,231][evaluation.evaluator][INFO] - artifacts ready run=/fssmall/home/h61084/codes/tsfm/outputs_selena/univariate/time-crypto_d/14_2/expected/none/instance/keep/run_0 mse=1.03215e+06 nmse=5.38807 inference_seconds=0.024
2026-08-27 15:03:44 | configuration dataset=time/crypto_d L=14 H=2 model=repeat covariates=none instance_norm=true remove_constant=false seed=1 batch_size=512
[2026-08-27 15:03:47,493][data.dataset][INFO] - dataset config path=/fssmall/home/h61084/codes/datasets/time/crypto_d/config.json applied_keys=['date_col', 'drop_users', 'target_cols']
[2026-08-27 15:03:47,513][evaluation.evaluator][INFO] - evaluate dataset=time/crypto_d users=4 dates=2842 windows=24 removed_constant=0 L=14 H=2 stride=512
[2026-08-27 15:03:47,739][evaluation.evaluator][INFO] - artifacts ready run=/fssmall/home/h61084/codes/tsfm/outputs_selena/univariate/time-crypto_d/14_2/repeat/none/instance/keep/run_0 mse=267098 nmse=1.64751 inference_seconds=0.021
2026-08-27 15:03:49 | configuration dataset=time/crypto_d L=14 H=2 model=lookback covariates=none instance_norm=true remove_constant=false seed=1 batch_size=512
[2026-08-27 15:03:51,992][data.dataset][INFO] - dataset config path=/fssmall/home/h61084/codes/datasets/time/crypto_d/config.json applied_keys=['date_col', 'drop_users', 'target_cols']
[2026-08-27 15:03:52,001][evaluation.evaluator][INFO] - lookback weekly period=7 observations
[2026-08-27 15:03:52,013][evaluation.evaluator][INFO] - evaluate dataset=time/crypto_d users=4 dates=2842 windows=24 removed_constant=0 L=14 H=2 stride=512
[2026-08-27 15:03:52,243][evaluation.evaluator][INFO] - artifacts ready run=/fssmall/home/h61084/codes/tsfm/outputs_selena/univariate/time-crypto_d/14_2/lookback/none/instance/keep/run_0 mse=2.1692e+06 nmse=7.70082 inference_seconds=0.020
2026-08-27 15:03:54 | configuration dataset=time/crypto_d L=14 H=2 model=chronos2 covariates=none instance_norm=true remove_constant=false seed=1 batch_size=64
[2026-08-27 15:03:56,578][data.dataset][INFO] - dataset config path=/fssmall/home/h61084/codes/datasets/time/crypto_d/config.json applied_keys=['date_col', 'drop_users', 'target_cols']
[2026-08-27 15:03:56,597][evaluation.evaluator][INFO] - evaluate dataset=time/crypto_d users=4 dates=2842 windows=24 removed_constant=0 L=14 H=2 stride=512
[2026-08-27 15:04:02,355][evaluation.evaluator][INFO] - artifacts ready run=/fssmall/home/h61084/codes/tsfm/outputs_selena/univariate/time-crypto_d/14_2/chronos2/none/instance/keep/run_0 mse=331918 nmse=1.61087 inference_seconds=0.192
2026-08-27 15:04:04 | configuration dataset=time/crypto_d L=30 H=7 model=persistence covariates=none instance_norm=true remove_constant=false seed=1 batch_size=512
[2026-08-27 15:04:06,990][data.dataset][INFO] - dataset config path=/fssmall/home/h61084/codes/datasets/time/crypto_d/config.json applied_keys=['date_col', 'drop_users', 'target_cols']
[2026-08-27 15:04:07,010][evaluation.evaluator][INFO] - evaluate dataset=time/crypto_d users=4 dates=2842 windows=24 removed_constant=0 L=30 H=7 stride=512
[2026-08-27 15:04:07,240][evaluation.evaluator][INFO] - artifacts ready run=/fssmall/home/h61084/codes/tsfm/outputs_selena/univariate/time-crypto_d/30_7/persistence/none/instance/keep/run_0 mse=475995 nmse=0.642675 inference_seconds=0.025
2026-08-27 15:04:09 | configuration dataset=time/crypto_d L=30 H=7 model=expected covariates=none instance_norm=true remove_constant=false seed=1 batch_size=512
[2026-08-27 15:04:11,693][data.dataset][INFO] - dataset config path=/fssmall/home/h61084/codes/datasets/time/crypto_d/config.json applied_keys=['date_col', 'drop_users', 'target_cols']
[2026-08-27 15:04:11,713][evaluation.evaluator][INFO] - evaluate dataset=time/crypto_d users=4 dates=2842 windows=24 removed_constant=0 L=30 H=7 stride=512
[2026-08-27 15:04:11,946][evaluation.evaluator][INFO] - artifacts ready run=/fssmall/home/h61084/codes/tsfm/outputs_selena/univariate/time-crypto_d/30_7/expected/none/instance/keep/run_0 mse=2.98802e+06 nmse=2.78849 inference_seconds=0.025
2026-08-27 15:04:13 | configuration dataset=time/crypto_d L=30 H=7 model=repeat covariates=none instance_norm=true remove_constant=false seed=1 batch_size=512
[2026-08-27 15:04:16,295][data.dataset][INFO] - dataset config path=/fssmall/home/h61084/codes/datasets/time/crypto_d/config.json applied_keys=['date_col', 'drop_users', 'target_cols']
[2026-08-27 15:04:16,315][evaluation.evaluator][INFO] - evaluate dataset=time/crypto_d users=4 dates=2842 windows=24 removed_constant=0 L=30 H=7 stride=512
[2026-08-27 15:04:16,542][evaluation.evaluator][INFO] - artifacts ready run=/fssmall/home/h61084/codes/tsfm/outputs_selena/univariate/time-crypto_d/30_7/repeat/none/instance/keep/run_0 mse=1.15261e+06 nmse=1.88691 inference_seconds=0.021
2026-08-27 15:04:18 | configuration dataset=time/crypto_d L=30 H=7 model=lookback covariates=none instance_norm=true remove_constant=false seed=1 batch_size=512
[2026-08-27 15:04:20,808][data.dataset][INFO] - dataset config path=/fssmall/home/h61084/codes/datasets/time/crypto_d/config.json applied_keys=['date_col', 'drop_users', 'target_cols']
[2026-08-27 15:04:20,816][evaluation.evaluator][INFO] - lookback weekly period=7 observations
[2026-08-27 15:04:20,829][evaluation.evaluator][INFO] - evaluate dataset=time/crypto_d users=4 dates=2842 windows=24 removed_constant=0 L=30 H=7 stride=512
[2026-08-27 15:04:21,048][evaluation.evaluator][INFO] - artifacts ready run=/fssmall/home/h61084/codes/tsfm/outputs_selena/univariate/time-crypto_d/30_7/lookback/none/instance/keep/run_0 mse=1.15261e+06 nmse=1.88691 inference_seconds=0.021
2026-08-27 15:04:22 | configuration dataset=time/crypto_d L=30 H=7 model=chronos2 covariates=none instance_norm=true remove_constant=false seed=1 batch_size=64
[2026-08-27 15:04:25,384][data.dataset][INFO] - dataset config path=/fssmall/home/h61084/codes/datasets/time/crypto_d/config.json applied_keys=['date_col', 'drop_users', 'target_cols']
[2026-08-27 15:04:25,403][evaluation.evaluator][INFO] - evaluate dataset=time/crypto_d users=4 dates=2842 windows=24 removed_constant=0 L=30 H=7 stride=512
[2026-08-27 15:04:31,094][evaluation.evaluator][INFO] - artifacts ready run=/fssmall/home/h61084/codes/tsfm/outputs_selena/univariate/time-crypto_d/30_7/chronos2/none/instance/keep/run_0 mse=534728 nmse=0.727467 inference_seconds=0.191
2026-08-27 15:04:33 | configuration dataset=time/ecdc_covid_d_part01 L=7 H=1 model=persistence covariates=none instance_norm=true remove_constant=false seed=1 batch_size=512
[2026-08-27 15:04:35,768][data.dataset][INFO] - dataset config path=/fssmall/home/h61084/codes/datasets/time/ecdc_covid_d_part01/config.json applied_keys=['date_col', 'drop_users', 'target_cols']
[2026-08-27 15:04:35,789][evaluation.evaluator][INFO] - evaluate dataset=time/ecdc_covid_d_part01 users=1 dates=1186 windows=3 removed_constant=0 L=7 H=1 stride=512
[2026-08-27 15:04:36,027][evaluation.evaluator][INFO] - artifacts ready run=/fssmall/home/h61084/codes/tsfm/outputs_selena/univariate/time-ecdc_covid_d_part01/7_1/persistence/none/instance/keep/run_0 mse=271 nmse=0.134128 inference_seconds=0.026
2026-08-27 15:04:37 | configuration dataset=time/ecdc_covid_d_part01 L=7 H=1 model=expected covariates=none instance_norm=true remove_constant=false seed=1 batch_size=512
[2026-08-27 15:04:40,391][data.dataset][INFO] - dataset config path=/fssmall/home/h61084/codes/datasets/time/ecdc_covid_d_part01/config.json applied_keys=['date_col', 'drop_users', 'target_cols']
[2026-08-27 15:04:40,409][evaluation.evaluator][INFO] - evaluate dataset=time/ecdc_covid_d_part01 users=1 dates=1186 windows=3 removed_constant=0 L=7 H=1 stride=512
[2026-08-27 15:04:40,626][evaluation.evaluator][INFO] - artifacts ready run=/fssmall/home/h61084/codes/tsfm/outputs_selena/univariate/time-ecdc_covid_d_part01/7_1/expected/none/instance/keep/run_0 mse=2803.95 nmse=1.14004 inference_seconds=0.021
2026-08-27 15:04:42 | configuration dataset=time/ecdc_covid_d_part01 L=7 H=1 model=repeat covariates=none instance_norm=true remove_constant=false seed=1 batch_size=512
[2026-08-27 15:04:44,958][data.dataset][INFO] - dataset config path=/fssmall/home/h61084/codes/datasets/time/ecdc_covid_d_part01/config.json applied_keys=['date_col', 'drop_users', 'target_cols']
[2026-08-27 15:04:44,976][evaluation.evaluator][INFO] - evaluate dataset=time/ecdc_covid_d_part01 users=1 dates=1186 windows=3 removed_constant=0 L=7 H=1 stride=512
[2026-08-27 15:04:45,215][evaluation.evaluator][INFO] - artifacts ready run=/fssmall/home/h61084/codes/tsfm/outputs_selena/univariate/time-ecdc_covid_d_part01/7_1/repeat/none/instance/keep/run_0 mse=271 nmse=0.134128 inference_seconds=0.021
2026-08-27 15:04:47 | configuration dataset=time/ecdc_covid_d_part01 L=7 H=1 model=lookback covariates=none instance_norm=true remove_constant=false seed=1 batch_size=512
[2026-08-27 15:04:49,619][data.dataset][INFO] - dataset config path=/fssmall/home/h61084/codes/datasets/time/ecdc_covid_d_part01/config.json applied_keys=['date_col', 'drop_users', 'target_cols']
[2026-08-27 15:04:49,626][evaluation.evaluator][INFO] - lookback weekly period=7 observations
[2026-08-27 15:04:49,638][evaluation.evaluator][INFO] - evaluate dataset=time/ecdc_covid_d_part01 users=1 dates=1186 windows=3 removed_constant=0 L=7 H=1 stride=512
[2026-08-27 15:04:49,861][evaluation.evaluator][INFO] - artifacts ready run=/fssmall/home/h61084/codes/tsfm/outputs_selena/univariate/time-ecdc_covid_d_part01/7_1/lookback/none/instance/keep/run_0 mse=10646.3 nmse=3.91418 inference_seconds=0.020
2026-08-27 15:04:51 | configuration dataset=time/ecdc_covid_d_part01 L=7 H=1 model=chronos2 covariates=none instance_norm=true remove_constant=false seed=1 batch_size=64
[2026-08-27 15:04:54,262][data.dataset][INFO] - dataset config path=/fssmall/home/h61084/codes/datasets/time/ecdc_covid_d_part01/config.json applied_keys=['date_col', 'drop_users', 'target_cols']
[2026-08-27 15:04:54,280][evaluation.evaluator][INFO] - evaluate dataset=time/ecdc_covid_d_part01 users=1 dates=1186 windows=3 removed_constant=0 L=7 H=1 stride=512
[2026-08-27 15:04:59,938][evaluation.evaluator][INFO] - artifacts ready run=/fssmall/home/h61084/codes/tsfm/outputs_selena/univariate/time-ecdc_covid_d_part01/7_1/chronos2/none/instance/keep/run_0 mse=216.746 nmse=0.12272 inference_seconds=0.207
2026-08-27 15:05:02 | configuration dataset=time/ecdc_covid_d_part01 L=14 H=2 model=persistence covariates=none instance_norm=true remove_constant=false seed=1 batch_size=512
[2026-08-27 15:05:04,678][data.dataset][INFO] - dataset config path=/fssmall/home/h61084/codes/datasets/time/ecdc_covid_d_part01/config.json applied_keys=['date_col', 'drop_users', 'target_cols']
[2026-08-27 15:05:04,697][evaluation.evaluator][INFO] - evaluate dataset=time/ecdc_covid_d_part01 users=1 dates=1186 windows=3 removed_constant=0 L=14 H=2 stride=512
[2026-08-27 15:05:04,924][evaluation.evaluator][INFO] - artifacts ready run=/fssmall/home/h61084/codes/tsfm/outputs_selena/univariate/time-ecdc_covid_d_part01/14_2/persistence/none/instance/keep/run_0 mse=343 nmse=0.171629 inference_seconds=0.026
2026-08-27 15:05:06 | configuration dataset=time/ecdc_covid_d_part01 L=14 H=2 model=expected covariates=none instance_norm=true remove_constant=false seed=1 batch_size=512
[2026-08-27 15:05:09,289][data.dataset][INFO] - dataset config path=/fssmall/home/h61084/codes/datasets/time/ecdc_covid_d_part01/config.json applied_keys=['date_col', 'drop_users', 'target_cols']
[2026-08-27 15:05:09,312][evaluation.evaluator][INFO] - evaluate dataset=time/ecdc_covid_d_part01 users=1 dates=1186 windows=3 removed_constant=0 L=14 H=2 stride=512
[2026-08-27 15:05:09,554][evaluation.evaluator][INFO] - artifacts ready run=/fssmall/home/h61084/codes/tsfm/outputs_selena/univariate/time-ecdc_covid_d_part01/14_2/expected/none/instance/keep/run_0 mse=5257.77 nmse=2.41228 inference_seconds=0.025
2026-08-27 15:05:11 | configuration dataset=time/ecdc_covid_d_part01 L=14 H=2 model=repeat covariates=none instance_norm=true remove_constant=false seed=1 batch_size=512
[2026-08-27 15:05:13,945][data.dataset][INFO] - dataset config path=/fssmall/home/h61084/codes/datasets/time/ecdc_covid_d_part01/config.json applied_keys=['date_col', 'drop_users', 'target_cols']
[2026-08-27 15:05:13,963][evaluation.evaluator][INFO] - evaluate dataset=time/ecdc_covid_d_part01 users=1 dates=1186 windows=3 removed_constant=0 L=14 H=2 stride=512
[2026-08-27 15:05:14,185][evaluation.evaluator][INFO] - artifacts ready run=/fssmall/home/h61084/codes/tsfm/outputs_selena/univariate/time-ecdc_covid_d_part01/14_2/repeat/none/instance/keep/run_0 mse=959.167 nmse=0.380254 inference_seconds=0.020
2026-08-27 15:05:15 | configuration dataset=time/ecdc_covid_d_part01 L=14 H=2 model=lookback covariates=none instance_norm=true remove_constant=false seed=1 batch_size=512
[2026-08-27 15:05:18,536][data.dataset][INFO] - dataset config path=/fssmall/home/h61084/codes/datasets/time/ecdc_covid_d_part01/config.json applied_keys=['date_col', 'drop_users', 'target_cols']
[2026-08-27 15:05:18,542][evaluation.evaluator][INFO] - lookback weekly period=7 observations
[2026-08-27 15:05:18,554][evaluation.evaluator][INFO] - evaluate dataset=time/ecdc_covid_d_part01 users=1 dates=1186 windows=3 removed_constant=0 L=14 H=2 stride=512
[2026-08-27 15:05:18,779][evaluation.evaluator][INFO] - artifacts ready run=/fssmall/home/h61084/codes/tsfm/outputs_selena/univariate/time-ecdc_covid_d_part01/14_2/lookback/none/instance/keep/run_0 mse=7701.83 nmse=3.21169 inference_seconds=0.021
2026-08-27 15:05:20 | configuration dataset=time/ecdc_covid_d_part01 L=14 H=2 model=chronos2 covariates=none instance_norm=true remove_constant=false seed=1 batch_size=64
[2026-08-27 15:05:23,186][data.dataset][INFO] - dataset config path=/fssmall/home/h61084/codes/datasets/time/ecdc_covid_d_part01/config.json applied_keys=['date_col', 'drop_users', 'target_cols']
[2026-08-27 15:05:23,204][evaluation.evaluator][INFO] - evaluate dataset=time/ecdc_covid_d_part01 users=1 dates=1186 windows=3 removed_constant=0 L=14 H=2 stride=512
[2026-08-27 15:05:28,896][evaluation.evaluator][INFO] - artifacts ready run=/fssmall/home/h61084/codes/tsfm/outputs_selena/univariate/time-ecdc_covid_d_part01/14_2/chronos2/none/instance/keep/run_0 mse=914.275 nmse=0.335912 inference_seconds=0.196
2026-08-27 15:05:31 | configuration dataset=time/ecdc_covid_d_part01 L=30 H=7 model=persistence covariates=none instance_norm=true remove_constant=false seed=1 batch_size=512
[2026-08-27 15:05:33,597][data.dataset][INFO] - dataset config path=/fssmall/home/h61084/codes/datasets/time/ecdc_covid_d_part01/config.json applied_keys=['date_col', 'drop_users', 'target_cols']
[2026-08-27 15:05:33,615][evaluation.evaluator][INFO] - evaluate dataset=time/ecdc_covid_d_part01 users=1 dates=1186 windows=3 removed_constant=0 L=30 H=7 stride=512
[2026-08-27 15:05:33,852][evaluation.evaluator][INFO] - artifacts ready run=/fssmall/home/h61084/codes/tsfm/outputs_selena/univariate/time-ecdc_covid_d_part01/30_7/persistence/none/instance/keep/run_0 mse=26210.1 nmse=1.45226 inference_seconds=0.025
2026-08-27 15:05:35 | configuration dataset=time/ecdc_covid_d_part01 L=30 H=7 model=expected covariates=none instance_norm=true remove_constant=false seed=1 batch_size=512
[2026-08-27 15:05:38,243][data.dataset][INFO] - dataset config path=/fssmall/home/h61084/codes/datasets/time/ecdc_covid_d_part01/config.json applied_keys=['date_col', 'drop_users', 'target_cols']
[2026-08-27 15:05:38,260][evaluation.evaluator][INFO] - evaluate dataset=time/ecdc_covid_d_part01 users=1 dates=1186 windows=3 removed_constant=0 L=30 H=7 stride=512
[2026-08-27 15:05:38,487][evaluation.evaluator][INFO] - artifacts ready run=/fssmall/home/h61084/codes/tsfm/outputs_selena/univariate/time-ecdc_covid_d_part01/30_7/expected/none/instance/keep/run_0 mse=150553 nmse=7.85803 inference_seconds=0.024
2026-08-27 15:05:40 | configuration dataset=time/ecdc_covid_d_part01 L=30 H=7 model=repeat covariates=none instance_norm=true remove_constant=false seed=1 batch_size=512
[2026-08-27 15:05:42,902][data.dataset][INFO] - dataset config path=/fssmall/home/h61084/codes/datasets/time/ecdc_covid_d_part01/config.json applied_keys=['date_col', 'drop_users', 'target_cols']
[2026-08-27 15:05:42,920][evaluation.evaluator][INFO] - evaluate dataset=time/ecdc_covid_d_part01 users=1 dates=1186 windows=3 removed_constant=0 L=30 H=7 stride=512
[2026-08-27 15:05:43,148][evaluation.evaluator][INFO] - artifacts ready run=/fssmall/home/h61084/codes/tsfm/outputs_selena/univariate/time-ecdc_covid_d_part01/30_7/repeat/none/instance/keep/run_0 mse=44592.4 nmse=2.42539 inference_seconds=0.021
2026-08-27 15:05:44 | configuration dataset=time/ecdc_covid_d_part01 L=30 H=7 model=lookback covariates=none instance_norm=true remove_constant=false seed=1 batch_size=512
[2026-08-27 15:05:47,539][data.dataset][INFO] - dataset config path=/fssmall/home/h61084/codes/datasets/time/ecdc_covid_d_part01/config.json applied_keys=['date_col', 'drop_users', 'target_cols']
[2026-08-27 15:05:47,546][evaluation.evaluator][INFO] - lookback weekly period=7 observations
[2026-08-27 15:05:47,558][evaluation.evaluator][INFO] - evaluate dataset=time/ecdc_covid_d_part01 users=1 dates=1186 windows=3 removed_constant=0 L=30 H=7 stride=512
[2026-08-27 15:05:47,791][evaluation.evaluator][INFO] - artifacts ready run=/fssmall/home/h61084/codes/tsfm/outputs_selena/univariate/time-ecdc_covid_d_part01/30_7/lookback/none/instance/keep/run_0 mse=44592.4 nmse=2.42539 inference_seconds=0.020
2026-08-27 15:05:49 | configuration dataset=time/ecdc_covid_d_part01 L=30 H=7 model=chronos2 covariates=none instance_norm=true remove_constant=false seed=1 batch_size=64
[2026-08-27 15:05:52,203][data.dataset][INFO] - dataset config path=/fssmall/home/h61084/codes/datasets/time/ecdc_covid_d_part01/config.json applied_keys=['date_col', 'drop_users', 'target_cols']
[2026-08-27 15:05:52,221][evaluation.evaluator][INFO] - evaluate dataset=time/ecdc_covid_d_part01 users=1 dates=1186 windows=3 removed_constant=0 L=30 H=7 stride=512
[2026-08-27 15:05:57,995][evaluation.evaluator][INFO] - artifacts ready run=/fssmall/home/h61084/codes/tsfm/outputs_selena/univariate/time-ecdc_covid_d_part01/30_7/chronos2/none/instance/keep/run_0 mse=22972.9 nmse=1.28522 inference_seconds=0.202
2026-08-27 15:06:00 | configuration dataset=time/ecdc_covid_d_part02 L=7 H=1 model=persistence covariates=none instance_norm=true remove_constant=false seed=1 batch_size=512
[2026-08-27 15:06:02,686][data.dataset][INFO] - dataset config path=/fssmall/home/h61084/codes/datasets/time/ecdc_covid_d_part02/config.json applied_keys=['date_col', 'drop_users', 'target_cols']
[2026-08-27 15:06:02,705][evaluation.evaluator][INFO] - evaluate dataset=time/ecdc_covid_d_part02 users=1 dates=1152 windows=3 removed_constant=0 L=7 H=1 stride=512
[2026-08-27 15:06:02,926][evaluation.evaluator][INFO] - artifacts ready run=/fssmall/home/h61084/codes/tsfm/outputs_selena/univariate/time-ecdc_covid_d_part02/7_1/persistence/none/instance/keep/run_0 mse=30674 nmse=1.55486 inference_seconds=0.025
2026-08-27 15:06:04 | configuration dataset=time/ecdc_covid_d_part02 L=7 H=1 model=expected covariates=none instance_norm=true remove_constant=false seed=1 batch_size=512
[2026-08-27 15:06:07,275][data.dataset][INFO] - dataset config path=/fssmall/home/h61084/codes/datasets/time/ecdc_covid_d_part02/config.json applied_keys=['date_col', 'drop_users', 'target_cols']
[2026-08-27 15:06:07,294][evaluation.evaluator][INFO] - evaluate dataset=time/ecdc_covid_d_part02 users=1 dates=1152 windows=3 removed_constant=0 L=7 H=1 stride=512
[2026-08-27 15:06:07,522][evaluation.evaluator][INFO] - artifacts ready run=/fssmall/home/h61084/codes/tsfm/outputs_selena/univariate/time-ecdc_covid_d_part02/7_1/expected/none/instance/keep/run_0 mse=314343 nmse=7.30587 inference_seconds=0.021
2026-08-27 15:06:09 | configuration dataset=time/ecdc_covid_d_part02 L=7 H=1 model=repeat covariates=none instance_norm=true remove_constant=false seed=1 batch_size=512
[2026-08-27 15:06:11,958][data.dataset][INFO] - dataset config path=/fssmall/home/h61084/codes/datasets/time/ecdc_covid_d_part02/config.json applied_keys=['date_col', 'drop_users', 'target_cols']
[2026-08-27 15:06:11,976][evaluation.evaluator][INFO] - evaluate dataset=time/ecdc_covid_d_part02 users=1 dates=1152 windows=3 removed_constant=0 L=7 H=1 stride=512
[2026-08-27 15:06:12,216][evaluation.evaluator][INFO] - artifacts ready run=/fssmall/home/h61084/codes/tsfm/outputs_selena/univariate/time-ecdc_covid_d_part02/7_1/repeat/none/instance/keep/run_0 mse=30674 nmse=1.55486 inference_seconds=0.020
2026-08-27 15:06:14 | configuration dataset=time/ecdc_covid_d_part02 L=7 H=1 model=lookback covariates=none instance_norm=true remove_constant=false seed=1 batch_size=512
[2026-08-27 15:06:16,620][data.dataset][INFO] - dataset config path=/fssmall/home/h61084/codes/datasets/time/ecdc_covid_d_part02/config.json applied_keys=['date_col', 'drop_users', 'target_cols']
[2026-08-27 15:06:16,627][evaluation.evaluator][INFO] - lookback weekly period=7 observations
[2026-08-27 15:06:16,639][evaluation.evaluator][INFO] - evaluate dataset=time/ecdc_covid_d_part02 users=1 dates=1152 windows=3 removed_constant=0 L=7 H=1 stride=512
[2026-08-27 15:06:16,862][evaluation.evaluator][INFO] - artifacts ready run=/fssmall/home/h61084/codes/tsfm/outputs_selena/univariate/time-ecdc_covid_d_part02/7_1/lookback/none/instance/keep/run_0 mse=740071 nmse=15.4811 inference_seconds=0.021
2026-08-27 15:06:18 | configuration dataset=time/ecdc_covid_d_part02 L=7 H=1 model=chronos2 covariates=none instance_norm=true remove_constant=false seed=1 batch_size=64
[2026-08-27 15:06:21,250][data.dataset][INFO] - dataset config path=/fssmall/home/h61084/codes/datasets/time/ecdc_covid_d_part02/config.json applied_keys=['date_col', 'drop_users', 'target_cols']
[2026-08-27 15:06:21,268][evaluation.evaluator][INFO] - evaluate dataset=time/ecdc_covid_d_part02 users=1 dates=1152 windows=3 removed_constant=0 L=7 H=1 stride=512
[2026-08-27 15:06:26,981][evaluation.evaluator][INFO] - artifacts ready run=/fssmall/home/h61084/codes/tsfm/outputs_selena/univariate/time-ecdc_covid_d_part02/7_1/chronos2/none/instance/keep/run_0 mse=8657.79 nmse=1.20364 inference_seconds=0.193
2026-08-27 15:06:29 | configuration dataset=time/ecdc_covid_d_part02 L=14 H=2 model=persistence covariates=none instance_norm=true remove_constant=false seed=1 batch_size=512
[2026-08-27 15:06:31,724][data.dataset][INFO] - dataset config path=/fssmall/home/h61084/codes/datasets/time/ecdc_covid_d_part02/config.json applied_keys=['date_col', 'drop_users', 'target_cols']
[2026-08-27 15:06:31,742][evaluation.evaluator][INFO] - evaluate dataset=time/ecdc_covid_d_part02 users=1 dates=1152 windows=3 removed_constant=0 L=14 H=2 stride=512
[2026-08-27 15:06:31,990][evaluation.evaluator][INFO] - artifacts ready run=/fssmall/home/h61084/codes/tsfm/outputs_selena/univariate/time-ecdc_covid_d_part02/14_2/persistence/none/instance/keep/run_0 mse=144382 nmse=0.195352 inference_seconds=0.025
2026-08-27 15:06:33 | configuration dataset=time/ecdc_covid_d_part02 L=14 H=2 model=expected covariates=none instance_norm=true remove_constant=false seed=1 batch_size=512
[2026-08-27 15:06:36,424][data.dataset][INFO] - dataset config path=/fssmall/home/h61084/codes/datasets/time/ecdc_covid_d_part02/config.json applied_keys=['date_col', 'drop_users', 'target_cols']
[2026-08-27 15:06:36,442][evaluation.evaluator][INFO] - evaluate dataset=time/ecdc_covid_d_part02 users=1 dates=1152 windows=3 removed_constant=0 L=14 H=2 stride=512
[2026-08-27 15:06:36,666][evaluation.evaluator][INFO] - artifacts ready run=/fssmall/home/h61084/codes/tsfm/outputs_selena/univariate/time-ecdc_covid_d_part02/14_2/expected/none/instance/keep/run_0 mse=2.99365e+06 nmse=3.87254 inference_seconds=0.024
2026-08-27 15:06:38 | configuration dataset=time/ecdc_covid_d_part02 L=14 H=2 model=repeat covariates=none instance_norm=true remove_constant=false seed=1 batch_size=512
[2026-08-27 15:06:41,079][data.dataset][INFO] - dataset config path=/fssmall/home/h61084/codes/datasets/time/ecdc_covid_d_part02/config.json applied_keys=['date_col', 'drop_users', 'target_cols']
[2026-08-27 15:06:41,097][evaluation.evaluator][INFO] - evaluate dataset=time/ecdc_covid_d_part02 users=1 dates=1152 windows=3 removed_constant=0 L=14 H=2 stride=512
[2026-08-27 15:06:41,319][evaluation.evaluator][INFO] - artifacts ready run=/fssmall/home/h61084/codes/tsfm/outputs_selena/univariate/time-ecdc_covid_d_part02/14_2/repeat/none/instance/keep/run_0 mse=242236 nmse=0.371936 inference_seconds=0.021
2026-08-27 15:06:43 | configuration dataset=time/ecdc_covid_d_part02 L=14 H=2 model=lookback covariates=none instance_norm=true remove_constant=false seed=1 batch_size=512
[2026-08-27 15:06:45,820][data.dataset][INFO] - dataset config path=/fssmall/home/h61084/codes/datasets/time/ecdc_covid_d_part02/config.json applied_keys=['date_col', 'drop_users', 'target_cols']
[2026-08-27 15:06:45,826][evaluation.evaluator][INFO] - lookback weekly period=7 observations
[2026-08-27 15:06:45,839][evaluation.evaluator][INFO] - evaluate dataset=time/ecdc_covid_d_part02 users=1 dates=1152 windows=3 removed_constant=0 L=14 H=2 stride=512
[2026-08-27 15:06:46,060][evaluation.evaluator][INFO] - artifacts ready run=/fssmall/home/h61084/codes/tsfm/outputs_selena/univariate/time-ecdc_covid_d_part02/14_2/lookback/none/instance/keep/run_0 mse=2.91163e+06 nmse=3.04334 inference_seconds=0.020
2026-08-27 15:06:47 | configuration dataset=time/ecdc_covid_d_part02 L=14 H=2 model=chronos2 covariates=none instance_norm=true remove_constant=false seed=1 batch_size=64
[2026-08-27 15:06:50,471][data.dataset][INFO] - dataset config path=/fssmall/home/h61084/codes/datasets/time/ecdc_covid_d_part02/config.json applied_keys=['date_col', 'drop_users', 'target_cols']
[2026-08-27 15:06:50,489][evaluation.evaluator][INFO] - evaluate dataset=time/ecdc_covid_d_part02 users=1 dates=1152 windows=3 removed_constant=0 L=14 H=2 stride=512
[2026-08-27 15:06:56,208][evaluation.evaluator][INFO] - artifacts ready run=/fssmall/home/h61084/codes/tsfm/outputs_selena/univariate/time-ecdc_covid_d_part02/14_2/chronos2/none/instance/keep/run_0 mse=5561.3 nmse=0.159967 inference_seconds=0.197
2026-08-27 15:06:58 | configuration dataset=time/ecdc_covid_d_part02 L=30 H=7 model=persistence covariates=none instance_norm=true remove_constant=false seed=1 batch_size=512
[2026-08-27 15:07:00,890][data.dataset][INFO] - dataset config path=/fssmall/home/h61084/codes/datasets/time/ecdc_covid_d_part02/config.json applied_keys=['date_col', 'drop_users', 'target_cols']
[2026-08-27 15:07:00,908][evaluation.evaluator][INFO] - evaluate dataset=time/ecdc_covid_d_part02 users=1 dates=1152 windows=3 removed_constant=0 L=30 H=7 stride=512
[2026-08-27 15:07:01,132][evaluation.evaluator][INFO] - artifacts ready run=/fssmall/home/h61084/codes/tsfm/outputs_selena/univariate/time-ecdc_covid_d_part02/30_7/persistence/none/instance/keep/run_0 mse=76297.3 nmse=0.0709412 inference_seconds=0.025
2026-08-27 15:07:03 | configuration dataset=time/ecdc_covid_d_part02 L=30 H=7 model=expected covariates=none instance_norm=true remove_constant=false seed=1 batch_size=512
[2026-08-27 15:07:05,566][data.dataset][INFO] - dataset config path=/fssmall/home/h61084/codes/datasets/time/ecdc_covid_d_part02/config.json applied_keys=['date_col', 'drop_users', 'target_cols']
[2026-08-27 15:07:05,585][evaluation.evaluator][INFO] - evaluate dataset=time/ecdc_covid_d_part02 users=1 dates=1152 windows=3 removed_constant=0 L=30 H=7 stride=512
[2026-08-27 15:07:05,815][evaluation.evaluator][INFO] - artifacts ready run=/fssmall/home/h61084/codes/tsfm/outputs_selena/univariate/time-ecdc_covid_d_part02/30_7/expected/none/instance/keep/run_0 mse=700703 nmse=0.730109 inference_seconds=0.026
2026-08-27 15:07:07 | configuration dataset=time/ecdc_covid_d_part02 L=30 H=7 model=repeat covariates=none instance_norm=true remove_constant=false seed=1 batch_size=512
[2026-08-27 15:07:10,231][data.dataset][INFO] - dataset config path=/fssmall/home/h61084/codes/datasets/time/ecdc_covid_d_part02/config.json applied_keys=['date_col', 'drop_users', 'target_cols']
[2026-08-27 15:07:10,249][evaluation.evaluator][INFO] - evaluate dataset=time/ecdc_covid_d_part02 users=1 dates=1152 windows=3 removed_constant=0 L=30 H=7 stride=512
[2026-08-27 15:07:10,464][evaluation.evaluator][INFO] - artifacts ready run=/fssmall/home/h61084/codes/tsfm/outputs_selena/univariate/time-ecdc_covid_d_part02/30_7/repeat/none/instance/keep/run_0 mse=93073.7 nmse=0.198671 inference_seconds=0.020
2026-08-27 15:07:12 | configuration dataset=time/ecdc_covid_d_part02 L=30 H=7 model=lookback covariates=none instance_norm=true remove_constant=false seed=1 batch_size=512
[2026-08-27 15:07:14,906][data.dataset][INFO] - dataset config path=/fssmall/home/h61084/codes/datasets/time/ecdc_covid_d_part02/config.json applied_keys=['date_col', 'drop_users', 'target_cols']
[2026-08-27 15:07:14,913][evaluation.evaluator][INFO] - lookback weekly period=7 observations
[2026-08-27 15:07:14,924][evaluation.evaluator][INFO] - evaluate dataset=time/ecdc_covid_d_part02 users=1 dates=1152 windows=3 removed_constant=0 L=30 H=7 stride=512
[2026-08-27 15:07:15,149][evaluation.evaluator][INFO] - artifacts ready run=/fssmall/home/h61084/codes/tsfm/outputs_selena/univariate/time-ecdc_covid_d_part02/30_7/lookback/none/instance/keep/run_0 mse=93073.7 nmse=0.198671 inference_seconds=0.021
2026-08-27 15:07:17 | configuration dataset=time/ecdc_covid_d_part02 L=30 H=7 model=chronos2 covariates=none instance_norm=true remove_constant=false seed=1 batch_size=64
[2026-08-27 15:07:19,657][data.dataset][INFO] - dataset config path=/fssmall/home/h61084/codes/datasets/time/ecdc_covid_d_part02/config.json applied_keys=['date_col', 'drop_users', 'target_cols']
[2026-08-27 15:07:19,676][evaluation.evaluator][INFO] - evaluate dataset=time/ecdc_covid_d_part02 users=1 dates=1152 windows=3 removed_constant=0 L=30 H=7 stride=512
[2026-08-27 15:07:25,373][evaluation.evaluator][INFO] - artifacts ready run=/fssmall/home/h61084/codes/tsfm/outputs_selena/univariate/time-ecdc_covid_d_part02/30_7/chronos2/none/instance/keep/run_0 mse=53921.2 nmse=0.108415 inference_seconds=0.202
2026-08-27 15:07:27 | configuration dataset=time/ecdc_covid_d_part03 L=7 H=1 model=persistence covariates=none instance_norm=true remove_constant=false seed=1 batch_size=512
[2026-08-27 15:07:30,131][data.dataset][INFO] - dataset config path=/fssmall/home/h61084/codes/datasets/time/ecdc_covid_d_part03/config.json applied_keys=['date_col', 'drop_users', 'target_cols']
[2026-08-27 15:07:30,150][evaluation.evaluator][INFO] - evaluate dataset=time/ecdc_covid_d_part03 users=1 dates=1229 windows=3 removed_constant=0 L=7 H=1 stride=512
[2026-08-27 15:07:30,373][evaluation.evaluator][INFO] - artifacts ready run=/fssmall/home/h61084/codes/tsfm/outputs_selena/univariate/time-ecdc_covid_d_part03/7_1/persistence/none/instance/keep/run_0 mse=6102 nmse=2.13378 inference_seconds=0.024
2026-08-27 15:07:32 | configuration dataset=time/ecdc_covid_d_part03 L=7 H=1 model=expected covariates=none instance_norm=true remove_constant=false seed=1 batch_size=512
[2026-08-27 15:07:34,795][data.dataset][INFO] - dataset config path=/fssmall/home/h61084/codes/datasets/time/ecdc_covid_d_part03/config.json applied_keys=['date_col', 'drop_users', 'target_cols']
[2026-08-27 15:07:34,812][evaluation.evaluator][INFO] - evaluate dataset=time/ecdc_covid_d_part03 users=1 dates=1229 windows=3 removed_constant=0 L=7 H=1 stride=512
[2026-08-27 15:07:35,049][evaluation.evaluator][INFO] - artifacts ready run=/fssmall/home/h61084/codes/tsfm/outputs_selena/univariate/time-ecdc_covid_d_part03/7_1/expected/none/instance/keep/run_0 mse=201.64 nmse=0.185864 inference_seconds=0.021
2026-08-27 15:07:36 | configuration dataset=time/ecdc_covid_d_part03 L=7 H=1 model=repeat covariates=none instance_norm=true remove_constant=false seed=1 batch_size=512
[2026-08-27 15:07:39,530][data.dataset][INFO] - dataset config path=/fssmall/home/h61084/codes/datasets/time/ecdc_covid_d_part03/config.json applied_keys=['date_col', 'drop_users', 'target_cols']
[2026-08-27 15:07:39,550][evaluation.evaluator][INFO] - evaluate dataset=time/ecdc_covid_d_part03 users=1 dates=1229 windows=3 removed_constant=0 L=7 H=1 stride=512
[2026-08-27 15:07:39,767][evaluation.evaluator][INFO] - artifacts ready run=/fssmall/home/h61084/codes/tsfm/outputs_selena/univariate/time-ecdc_covid_d_part03/7_1/repeat/none/instance/keep/run_0 mse=6102 nmse=2.13378 inference_seconds=0.020
2026-08-27 15:07:41 | configuration dataset=time/ecdc_covid_d_part03 L=7 H=1 model=lookback covariates=none instance_norm=true remove_constant=false seed=1 batch_size=512
[2026-08-27 15:07:44,116][data.dataset][INFO] - dataset config path=/fssmall/home/h61084/codes/datasets/time/ecdc_covid_d_part03/config.json applied_keys=['date_col', 'drop_users', 'target_cols']
[2026-08-27 15:07:44,123][evaluation.evaluator][INFO] - lookback weekly period=7 observations
[2026-08-27 15:07:44,135][evaluation.evaluator][INFO] - evaluate dataset=time/ecdc_covid_d_part03 users=1 dates=1229 windows=3 removed_constant=0 L=7 H=1 stride=512
[2026-08-27 15:07:44,361][evaluation.evaluator][INFO] - artifacts ready run=/fssmall/home/h61084/codes/tsfm/outputs_selena/univariate/time-ecdc_covid_d_part03/7_1/lookback/none/instance/keep/run_0 mse=6349.33 nmse=0.532345 inference_seconds=0.021
2026-08-27 15:07:46 | configuration dataset=time/ecdc_covid_d_part03 L=7 H=1 model=chronos2 covariates=none instance_norm=true remove_constant=false seed=1 batch_size=64
[2026-08-27 15:07:48,907][data.dataset][INFO] - dataset config path=/fssmall/home/h61084/codes/datasets/time/ecdc_covid_d_part03/config.json applied_keys=['date_col', 'drop_users', 'target_cols']
[2026-08-27 15:07:48,924][evaluation.evaluator][INFO] - evaluate dataset=time/ecdc_covid_d_part03 users=1 dates=1229 windows=3 removed_constant=0 L=7 H=1 stride=512
[2026-08-27 15:07:54,662][evaluation.evaluator][INFO] - artifacts ready run=/fssmall/home/h61084/codes/tsfm/outputs_selena/univariate/time-ecdc_covid_d_part03/7_1/chronos2/none/instance/keep/run_0 mse=5593.26 nmse=1.75944 inference_seconds=0.194
2026-08-27 15:07:56 | configuration dataset=time/ecdc_covid_d_part03 L=14 H=2 model=persistence covariates=none instance_norm=true remove_constant=false seed=1 batch_size=512
[2026-08-27 15:07:59,461][data.dataset][INFO] - dataset config path=/fssmall/home/h61084/codes/datasets/time/ecdc_covid_d_part03/config.json applied_keys=['date_col', 'drop_users', 'target_cols']
[2026-08-27 15:07:59,479][evaluation.evaluator][INFO] - evaluate dataset=time/ecdc_covid_d_part03 users=1 dates=1229 windows=3 removed_constant=0 L=14 H=2 stride=512
[2026-08-27 15:07:59,723][evaluation.evaluator][INFO] - artifacts ready run=/fssmall/home/h61084/codes/tsfm/outputs_selena/univariate/time-ecdc_covid_d_part03/14_2/persistence/none/instance/keep/run_0 mse=67.3333 nmse=18.5573 inference_seconds=0.025
2026-08-27 15:08:01 | configuration dataset=time/ecdc_covid_d_part03 L=14 H=2 model=expected covariates=none instance_norm=true remove_constant=false seed=1 batch_size=512
[2026-08-27 15:08:04,140][data.dataset][INFO] - dataset config path=/fssmall/home/h61084/codes/datasets/time/ecdc_covid_d_part03/config.json applied_keys=['date_col', 'drop_users', 'target_cols']
[2026-08-27 15:08:04,159][evaluation.evaluator][INFO] - evaluate dataset=time/ecdc_covid_d_part03 users=1 dates=1229 windows=3 removed_constant=0 L=14 H=2 stride=512
[2026-08-27 15:08:04,382][evaluation.evaluator][INFO] - artifacts ready run=/fssmall/home/h61084/codes/tsfm/outputs_selena/univariate/time-ecdc_covid_d_part03/14_2/expected/none/instance/keep/run_0 mse=267.772 nmse=26.9692 inference_seconds=0.025
2026-08-27 15:08:06 | configuration dataset=time/ecdc_covid_d_part03 L=14 H=2 model=repeat covariates=none instance_norm=true remove_constant=false seed=1 batch_size=512
[2026-08-27 15:08:08,830][data.dataset][INFO] - dataset config path=/fssmall/home/h61084/codes/datasets/time/ecdc_covid_d_part03/config.json applied_keys=['date_col', 'drop_users', 'target_cols']
[2026-08-27 15:08:08,848][evaluation.evaluator][INFO] - evaluate dataset=time/ecdc_covid_d_part03 users=1 dates=1229 windows=3 removed_constant=0 L=14 H=2 stride=512
[2026-08-27 15:08:09,084][evaluation.evaluator][INFO] - artifacts ready run=/fssmall/home/h61084/codes/tsfm/outputs_selena/univariate/time-ecdc_covid_d_part03/14_2/repeat/none/instance/keep/run_0 mse=1236 nmse=18.3259 inference_seconds=0.020
2026-08-27 15:08:10 | configuration dataset=time/ecdc_covid_d_part03 L=14 H=2 model=lookback covariates=none instance_norm=true remove_constant=false seed=1 batch_size=512
[2026-08-27 15:08:13,543][data.dataset][INFO] - dataset config path=/fssmall/home/h61084/codes/datasets/time/ecdc_covid_d_part03/config.json applied_keys=['date_col', 'drop_users', 'target_cols']
[2026-08-27 15:08:13,550][evaluation.evaluator][INFO] - lookback weekly period=7 observations
[2026-08-27 15:08:13,563][evaluation.evaluator][INFO] - evaluate dataset=time/ecdc_covid_d_part03 users=1 dates=1229 windows=3 removed_constant=0 L=14 H=2 stride=512
[2026-08-27 15:08:13,783][evaluation.evaluator][INFO] - artifacts ready run=/fssmall/home/h61084/codes/tsfm/outputs_selena/univariate/time-ecdc_covid_d_part03/14_2/lookback/none/instance/keep/run_0 mse=1235.67 nmse=29.8365 inference_seconds=0.020
2026-08-27 15:08:15 | configuration dataset=time/ecdc_covid_d_part03 L=14 H=2 model=chronos2 covariates=none instance_norm=true remove_constant=false seed=1 batch_size=64
[2026-08-27 15:08:18,138][data.dataset][INFO] - dataset config path=/fssmall/home/h61084/codes/datasets/time/ecdc_covid_d_part03/config.json applied_keys=['date_col', 'drop_users', 'target_cols']
[2026-08-27 15:08:18,156][evaluation.evaluator][INFO] - evaluate dataset=time/ecdc_covid_d_part03 users=1 dates=1229 windows=3 removed_constant=0 L=14 H=2 stride=512
[2026-08-27 15:08:23,854][evaluation.evaluator][INFO] - artifacts ready run=/fssmall/home/h61084/codes/tsfm/outputs_selena/univariate/time-ecdc_covid_d_part03/14_2/chronos2/none/instance/keep/run_0 mse=383.961 nmse=18.4472 inference_seconds=0.199
2026-08-27 15:08:26 | configuration dataset=time/ecdc_covid_d_part03 L=30 H=7 model=persistence covariates=none instance_norm=true remove_constant=false seed=1 batch_size=512
[2026-08-27 15:08:28,633][data.dataset][INFO] - dataset config path=/fssmall/home/h61084/codes/datasets/time/ecdc_covid_d_part03/config.json applied_keys=['date_col', 'drop_users', 'target_cols']
[2026-08-27 15:08:28,658][evaluation.evaluator][INFO] - evaluate dataset=time/ecdc_covid_d_part03 users=1 dates=1229 windows=3 removed_constant=0 L=30 H=7 stride=512
[2026-08-27 15:08:28,886][evaluation.evaluator][INFO] - artifacts ready run=/fssmall/home/h61084/codes/tsfm/outputs_selena/univariate/time-ecdc_covid_d_part03/30_7/persistence/none/instance/keep/run_0 mse=2050.67 nmse=0.944344 inference_seconds=0.024
2026-08-27 15:08:30 | configuration dataset=time/ecdc_covid_d_part03 L=30 H=7 model=expected covariates=none instance_norm=true remove_constant=false seed=1 batch_size=512
[2026-08-27 15:08:33,359][data.dataset][INFO] - dataset config path=/fssmall/home/h61084/codes/datasets/time/ecdc_covid_d_part03/config.json applied_keys=['date_col', 'drop_users', 'target_cols']
[2026-08-27 15:08:33,376][evaluation.evaluator][INFO] - evaluate dataset=time/ecdc_covid_d_part03 users=1 dates=1229 windows=3 removed_constant=0 L=30 H=7 stride=512
[2026-08-27 15:08:33,620][evaluation.evaluator][INFO] - artifacts ready run=/fssmall/home/h61084/codes/tsfm/outputs_selena/univariate/time-ecdc_covid_d_part03/30_7/expected/none/instance/keep/run_0 mse=54020.3 nmse=4.44191 inference_seconds=0.025
2026-08-27 15:08:35 | configuration dataset=time/ecdc_covid_d_part03 L=30 H=7 model=repeat covariates=none instance_norm=true remove_constant=false seed=1 batch_size=512
[2026-08-27 15:08:38,039][data.dataset][INFO] - dataset config path=/fssmall/home/h61084/codes/datasets/time/ecdc_covid_d_part03/config.json applied_keys=['date_col', 'drop_users', 'target_cols']
[2026-08-27 15:08:38,058][evaluation.evaluator][INFO] - evaluate dataset=time/ecdc_covid_d_part03 users=1 dates=1229 windows=3 removed_constant=0 L=30 H=7 stride=512
[2026-08-27 15:08:38,283][evaluation.evaluator][INFO] - artifacts ready run=/fssmall/home/h61084/codes/tsfm/outputs_selena/univariate/time-ecdc_covid_d_part03/30_7/repeat/none/instance/keep/run_0 mse=7501.29 nmse=1.36625 inference_seconds=0.021
2026-08-27 15:08:40 | configuration dataset=time/ecdc_covid_d_part03 L=30 H=7 model=lookback covariates=none instance_norm=true remove_constant=false seed=1 batch_size=512
[2026-08-27 15:08:42,775][data.dataset][INFO] - dataset config path=/fssmall/home/h61084/codes/datasets/time/ecdc_covid_d_part03/config.json applied_keys=['date_col', 'drop_users', 'target_cols']
[2026-08-27 15:08:42,781][evaluation.evaluator][INFO] - lookback weekly period=7 observations
[2026-08-27 15:08:42,793][evaluation.evaluator][INFO] - evaluate dataset=time/ecdc_covid_d_part03 users=1 dates=1229 windows=3 removed_constant=0 L=30 H=7 stride=512
[2026-08-27 15:08:43,020][evaluation.evaluator][INFO] - artifacts ready run=/fssmall/home/h61084/codes/tsfm/outputs_selena/univariate/time-ecdc_covid_d_part03/30_7/lookback/none/instance/keep/run_0 mse=7501.29 nmse=1.36625 inference_seconds=0.020
2026-08-27 15:08:44 | configuration dataset=time/ecdc_covid_d_part03 L=30 H=7 model=chronos2 covariates=none instance_norm=true remove_constant=false seed=1 batch_size=64
[2026-08-27 15:08:47,452][data.dataset][INFO] - dataset config path=/fssmall/home/h61084/codes/datasets/time/ecdc_covid_d_part03/config.json applied_keys=['date_col', 'drop_users', 'target_cols']
[2026-08-27 15:08:47,470][evaluation.evaluator][INFO] - evaluate dataset=time/ecdc_covid_d_part03 users=1 dates=1229 windows=3 removed_constant=0 L=30 H=7 stride=512
[2026-08-27 15:08:53,135][evaluation.evaluator][INFO] - artifacts ready run=/fssmall/home/h61084/codes/tsfm/outputs_selena/univariate/time-ecdc_covid_d_part03/30_7/chronos2/none/instance/keep/run_0 mse=577.131 nmse=0.533655 inference_seconds=0.195
2026-08-27 15:08:55 | configuration dataset=time/ecdc_covid_d_part04 L=7 H=1 model=persistence covariates=none instance_norm=true remove_constant=false seed=1 batch_size=512
[2026-08-27 15:08:57,971][data.dataset][INFO] - dataset config path=/fssmall/home/h61084/codes/datasets/time/ecdc_covid_d_part04/config.json applied_keys=['date_col', 'drop_users', 'target_cols']
[2026-08-27 15:08:57,990][evaluation.evaluator][INFO] - evaluate dataset=time/ecdc_covid_d_part04 users=1 dates=1110 windows=3 removed_constant=0 L=7 H=1 stride=512
[2026-08-27 15:08:58,233][evaluation.evaluator][INFO] - artifacts ready run=/fssmall/home/h61084/codes/tsfm/outputs_selena/univariate/time-ecdc_covid_d_part04/7_1/persistence/none/instance/keep/run_0 mse=26.6667 nmse=0.50836 inference_seconds=0.025
2026-08-27 15:09:00 | configuration dataset=time/ecdc_covid_d_part04 L=7 H=1 model=expected covariates=none instance_norm=true remove_constant=false seed=1 batch_size=512
[2026-08-27 15:09:02,654][data.dataset][INFO] - dataset config path=/fssmall/home/h61084/codes/datasets/time/ecdc_covid_d_part04/config.json applied_keys=['date_col', 'drop_users', 'target_cols']
[2026-08-27 15:09:02,671][evaluation.evaluator][INFO] - evaluate dataset=time/ecdc_covid_d_part04 users=1 dates=1110 windows=3 removed_constant=0 L=7 H=1 stride=512
[2026-08-27 15:09:02,909][evaluation.evaluator][INFO] - artifacts ready run=/fssmall/home/h61084/codes/tsfm/outputs_selena/univariate/time-ecdc_covid_d_part04/7_1/expected/none/instance/keep/run_0 mse=902.401 nmse=2.21183 inference_seconds=0.021
2026-08-27 15:09:04 | configuration dataset=time/ecdc_covid_d_part04 L=7 H=1 model=repeat covariates=none instance_norm=true remove_constant=false seed=1 batch_size=512
[2026-08-27 15:09:07,460][data.dataset][INFO] - dataset config path=/fssmall/home/h61084/codes/datasets/time/ecdc_covid_d_part04/config.json applied_keys=['date_col', 'drop_users', 'target_cols']
[2026-08-27 15:09:07,480][evaluation.evaluator][INFO] - evaluate dataset=time/ecdc_covid_d_part04 users=1 dates=1110 windows=3 removed_constant=0 L=7 H=1 stride=512
[2026-08-27 15:09:07,722][evaluation.evaluator][INFO] - artifacts ready run=/fssmall/home/h61084/codes/tsfm/outputs_selena/univariate/time-ecdc_covid_d_part04/7_1/repeat/none/instance/keep/run_0 mse=26.6667 nmse=0.50836 inference_seconds=0.020
2026-08-27 15:09:09 | configuration dataset=time/ecdc_covid_d_part04 L=7 H=1 model=lookback covariates=none instance_norm=true remove_constant=false seed=1 batch_size=512
[2026-08-27 15:09:12,228][data.dataset][INFO] - dataset config path=/fssmall/home/h61084/codes/datasets/time/ecdc_covid_d_part04/config.json applied_keys=['date_col', 'drop_users', 'target_cols']
[2026-08-27 15:09:12,235][evaluation.evaluator][INFO] - lookback weekly period=7 observations
[2026-08-27 15:09:12,247][evaluation.evaluator][INFO] - evaluate dataset=time/ecdc_covid_d_part04 users=1 dates=1110 windows=3 removed_constant=0 L=7 H=1 stride=512
[2026-08-27 15:09:12,468][evaluation.evaluator][INFO] - artifacts ready run=/fssmall/home/h61084/codes/tsfm/outputs_selena/univariate/time-ecdc_covid_d_part04/7_1/lookback/none/instance/keep/run_0 mse=1812.67 nmse=5.77669 inference_seconds=0.021
2026-08-27 15:09:14 | configuration dataset=time/ecdc_covid_d_part04 L=7 H=1 model=chronos2 covariates=none instance_norm=true remove_constant=false seed=1 batch_size=64
[2026-08-27 15:09:16,970][data.dataset][INFO] - dataset config path=/fssmall/home/h61084/codes/datasets/time/ecdc_covid_d_part04/config.json applied_keys=['date_col', 'drop_users', 'target_cols']
[2026-08-27 15:09:16,988][evaluation.evaluator][INFO] - evaluate dataset=time/ecdc_covid_d_part04 users=1 dates=1110 windows=3 removed_constant=0 L=7 H=1 stride=512
[2026-08-27 15:09:22,668][evaluation.evaluator][INFO] - artifacts ready run=/fssmall/home/h61084/codes/tsfm/outputs_selena/univariate/time-ecdc_covid_d_part04/7_1/chronos2/none/instance/keep/run_0 mse=8.25705 nmse=0.381307 inference_seconds=0.195
2026-08-27 15:09:24 | configuration dataset=time/ecdc_covid_d_part04 L=14 H=2 model=persistence covariates=none instance_norm=true remove_constant=false seed=1 batch_size=512
[2026-08-27 15:09:27,544][data.dataset][INFO] - dataset config path=/fssmall/home/h61084/codes/datasets/time/ecdc_covid_d_part04/config.json applied_keys=['date_col', 'drop_users', 'target_cols']
[2026-08-27 15:09:27,563][evaluation.evaluator][INFO] - evaluate dataset=time/ecdc_covid_d_part04 users=1 dates=1110 windows=3 removed_constant=0 L=14 H=2 stride=512
[2026-08-27 15:09:27,786][evaluation.evaluator][INFO] - artifacts ready run=/fssmall/home/h61084/codes/tsfm/outputs_selena/univariate/time-ecdc_covid_d_part04/14_2/persistence/none/instance/keep/run_0 mse=10.8333 nmse=0.150388 inference_seconds=0.025
2026-08-27 15:09:29 | configuration dataset=time/ecdc_covid_d_part04 L=14 H=2 model=expected covariates=none instance_norm=true remove_constant=false seed=1 batch_size=512
[2026-08-27 15:09:32,259][data.dataset][INFO] - dataset config path=/fssmall/home/h61084/codes/datasets/time/ecdc_covid_d_part04/config.json applied_keys=['date_col', 'drop_users', 'target_cols']
[2026-08-27 15:09:32,277][evaluation.evaluator][INFO] - evaluate dataset=time/ecdc_covid_d_part04 users=1 dates=1110 windows=3 removed_constant=0 L=14 H=2 stride=512
[2026-08-27 15:09:32,516][evaluation.evaluator][INFO] - artifacts ready run=/fssmall/home/h61084/codes/tsfm/outputs_selena/univariate/time-ecdc_covid_d_part04/14_2/expected/none/instance/keep/run_0 mse=3204.36 nmse=1.78425 inference_seconds=0.024
2026-08-27 15:09:34 | configuration dataset=time/ecdc_covid_d_part04 L=14 H=2 model=repeat covariates=none instance_norm=true remove_constant=false seed=1 batch_size=512
[2026-08-27 15:09:36,959][data.dataset][INFO] - dataset config path=/fssmall/home/h61084/codes/datasets/time/ecdc_covid_d_part04/config.json applied_keys=['date_col', 'drop_users', 'target_cols']
[2026-08-27 15:09:36,977][evaluation.evaluator][INFO] - evaluate dataset=time/ecdc_covid_d_part04 users=1 dates=1110 windows=3 removed_constant=0 L=14 H=2 stride=512
[2026-08-27 15:09:37,215][evaluation.evaluator][INFO] - artifacts ready run=/fssmall/home/h61084/codes/tsfm/outputs_selena/univariate/time-ecdc_covid_d_part04/14_2/repeat/none/instance/keep/run_0 mse=4.66667 nmse=0.220142 inference_seconds=0.020
2026-08-27 15:09:39 | configuration dataset=time/ecdc_covid_d_part04 L=14 H=2 model=lookback covariates=none instance_norm=true remove_constant=false seed=1 batch_size=512
[2026-08-27 15:09:41,685][data.dataset][INFO] - dataset config path=/fssmall/home/h61084/codes/datasets/time/ecdc_covid_d_part04/config.json applied_keys=['date_col', 'drop_users', 'target_cols']
[2026-08-27 15:09:41,691][evaluation.evaluator][INFO] - lookback weekly period=7 observations
[2026-08-27 15:09:41,703][evaluation.evaluator][INFO] - evaluate dataset=time/ecdc_covid_d_part04 users=1 dates=1110 windows=3 removed_constant=0 L=14 H=2 stride=512
[2026-08-27 15:09:41,931][evaluation.evaluator][INFO] - artifacts ready run=/fssmall/home/h61084/codes/tsfm/outputs_selena/univariate/time-ecdc_covid_d_part04/14_2/lookback/none/instance/keep/run_0 mse=2818 nmse=2.02819 inference_seconds=0.021
2026-08-27 15:09:43 | configuration dataset=time/ecdc_covid_d_part04 L=14 H=2 model=chronos2 covariates=none instance_norm=true remove_constant=false seed=1 batch_size=64
[2026-08-27 15:09:46,452][data.dataset][INFO] - dataset config path=/fssmall/home/h61084/codes/datasets/time/ecdc_covid_d_part04/config.json applied_keys=['date_col', 'drop_users', 'target_cols']
[2026-08-27 15:09:46,469][evaluation.evaluator][INFO] - evaluate dataset=time/ecdc_covid_d_part04 users=1 dates=1110 windows=3 removed_constant=0 L=14 H=2 stride=512
[2026-08-27 15:09:52,079][evaluation.evaluator][INFO] - artifacts ready run=/fssmall/home/h61084/codes/tsfm/outputs_selena/univariate/time-ecdc_covid_d_part04/14_2/chronos2/none/instance/keep/run_0 mse=2.40249 nmse=0.180722 inference_seconds=0.197
2026-08-27 15:09:54 | configuration dataset=time/ecdc_covid_d_part04 L=30 H=7 model=persistence covariates=none instance_norm=true remove_constant=false seed=1 batch_size=512
[2026-08-27 15:09:56,886][data.dataset][INFO] - dataset config path=/fssmall/home/h61084/codes/datasets/time/ecdc_covid_d_part04/config.json applied_keys=['date_col', 'drop_users', 'target_cols']
[2026-08-27 15:09:56,904][evaluation.evaluator][INFO] - evaluate dataset=time/ecdc_covid_d_part04 users=1 dates=1110 windows=3 removed_constant=0 L=30 H=7 stride=512
[2026-08-27 15:09:57,143][evaluation.evaluator][INFO] - artifacts ready run=/fssmall/home/h61084/codes/tsfm/outputs_selena/univariate/time-ecdc_covid_d_part04/30_7/persistence/none/instance/keep/run_0 mse=86.8571 nmse=0.375932 inference_seconds=0.025
2026-08-27 15:09:59 | configuration dataset=time/ecdc_covid_d_part04 L=30 H=7 model=expected covariates=none instance_norm=true remove_constant=false seed=1 batch_size=512
[2026-08-27 15:10:01,632][data.dataset][INFO] - dataset config path=/fssmall/home/h61084/codes/datasets/time/ecdc_covid_d_part04/config.json applied_keys=['date_col', 'drop_users', 'target_cols']
[2026-08-27 15:10:01,650][evaluation.evaluator][INFO] - evaluate dataset=time/ecdc_covid_d_part04 users=1 dates=1110 windows=3 removed_constant=0 L=30 H=7 stride=512
[2026-08-27 15:10:01,871][evaluation.evaluator][INFO] - artifacts ready run=/fssmall/home/h61084/codes/tsfm/outputs_selena/univariate/time-ecdc_covid_d_part04/30_7/expected/none/instance/keep/run_0 mse=247.83 nmse=1.0412 inference_seconds=0.024
2026-08-27 15:10:03 | configuration dataset=time/ecdc_covid_d_part04 L=30 H=7 model=repeat covariates=none instance_norm=true remove_constant=false seed=1 batch_size=512
[2026-08-27 15:10:06,339][data.dataset][INFO] - dataset config path=/fssmall/home/h61084/codes/datasets/time/ecdc_covid_d_part04/config.json applied_keys=['date_col', 'drop_users', 'target_cols']
[2026-08-27 15:10:06,357][evaluation.evaluator][INFO] - evaluate dataset=time/ecdc_covid_d_part04 users=1 dates=1110 windows=3 removed_constant=0 L=30 H=7 stride=512
[2026-08-27 15:10:06,581][evaluation.evaluator][INFO] - artifacts ready run=/fssmall/home/h61084/codes/tsfm/outputs_selena/univariate/time-ecdc_covid_d_part04/30_7/repeat/none/instance/keep/run_0 mse=285.143 nmse=0.635604 inference_seconds=0.020
2026-08-27 15:10:08 | configuration dataset=time/ecdc_covid_d_part04 L=30 H=7 model=lookback covariates=none instance_norm=true remove_constant=false seed=1 batch_size=512
[2026-08-27 15:10:11,092][data.dataset][INFO] - dataset config path=/fssmall/home/h61084/codes/datasets/time/ecdc_covid_d_part04/config.json applied_keys=['date_col', 'drop_users', 'target_cols']
[2026-08-27 15:10:11,098][evaluation.evaluator][INFO] - lookback weekly period=7 observations
[2026-08-27 15:10:11,111][evaluation.evaluator][INFO] - evaluate dataset=time/ecdc_covid_d_part04 users=1 dates=1110 windows=3 removed_constant=0 L=30 H=7 stride=512
[2026-08-27 15:10:11,330][evaluation.evaluator][INFO] - artifacts ready run=/fssmall/home/h61084/codes/tsfm/outputs_selena/univariate/time-ecdc_covid_d_part04/30_7/lookback/none/instance/keep/run_0 mse=285.143 nmse=0.635604 inference_seconds=0.021
2026-08-27 15:10:13 | configuration dataset=time/ecdc_covid_d_part04 L=30 H=7 model=chronos2 covariates=none instance_norm=true remove_constant=false seed=1 batch_size=64
[2026-08-27 15:10:15,917][data.dataset][INFO] - dataset config path=/fssmall/home/h61084/codes/datasets/time/ecdc_covid_d_part04/config.json applied_keys=['date_col', 'drop_users', 'target_cols']
[2026-08-27 15:10:15,935][evaluation.evaluator][INFO] - evaluate dataset=time/ecdc_covid_d_part04 users=1 dates=1110 windows=3 removed_constant=0 L=30 H=7 stride=512
[2026-08-27 15:10:21,608][evaluation.evaluator][INFO] - artifacts ready run=/fssmall/home/h61084/codes/tsfm/outputs_selena/univariate/time-ecdc_covid_d_part04/30_7/chronos2/none/instance/keep/run_0 mse=53.4128 nmse=0.426362 inference_seconds=0.196
2026-08-27 15:10:23 | configuration dataset=time/ecdc_covid_d_part05 L=7 H=1 model=persistence covariates=none instance_norm=true remove_constant=false seed=1 batch_size=512
[2026-08-27 15:10:26,432][data.dataset][INFO] - dataset config path=/fssmall/home/h61084/codes/datasets/time/ecdc_covid_d_part05/config.json applied_keys=['date_col', 'drop_users', 'target_cols']
[2026-08-27 15:10:26,450][evaluation.evaluator][INFO] - evaluate dataset=time/ecdc_covid_d_part05 users=1 dates=794 windows=2 removed_constant=0 L=7 H=1 stride=512
[2026-08-27 15:10:26,689][evaluation.evaluator][INFO] - artifacts ready run=/fssmall/home/h61084/codes/tsfm/outputs_selena/univariate/time-ecdc_covid_d_part05/7_1/persistence/none/instance/keep/run_0 mse=963284 nmse=0.131914 inference_seconds=0.025
2026-08-27 15:10:28 | configuration dataset=time/ecdc_covid_d_part05 L=7 H=1 model=expected covariates=none instance_norm=true remove_constant=false seed=1 batch_size=512
[2026-08-27 15:10:31,196][data.dataset][INFO] - dataset config path=/fssmall/home/h61084/codes/datasets/time/ecdc_covid_d_part05/config.json applied_keys=['date_col', 'drop_users', 'target_cols']
[2026-08-27 15:10:31,215][evaluation.evaluator][INFO] - evaluate dataset=time/ecdc_covid_d_part05 users=1 dates=794 windows=2 removed_constant=0 L=7 H=1 stride=512
[2026-08-27 15:10:31,451][evaluation.evaluator][INFO] - artifacts ready run=/fssmall/home/h61084/codes/tsfm/outputs_selena/univariate/time-ecdc_covid_d_part05/7_1/expected/none/instance/keep/run_0 mse=1.06609e+07 nmse=1.98682 inference_seconds=0.021
2026-08-27 15:10:33 | configuration dataset=time/ecdc_covid_d_part05 L=7 H=1 model=repeat covariates=none instance_norm=true remove_constant=false seed=1 batch_size=512
[2026-08-27 15:10:35,985][data.dataset][INFO] - dataset config path=/fssmall/home/h61084/codes/datasets/time/ecdc_covid_d_part05/config.json applied_keys=['date_col', 'drop_users', 'target_cols']
[2026-08-27 15:10:36,002][evaluation.evaluator][INFO] - evaluate dataset=time/ecdc_covid_d_part05 users=1 dates=794 windows=2 removed_constant=0 L=7 H=1 stride=512
[2026-08-27 15:10:36,232][evaluation.evaluator][INFO] - artifacts ready run=/fssmall/home/h61084/codes/tsfm/outputs_selena/univariate/time-ecdc_covid_d_part05/7_1/repeat/none/instance/keep/run_0 mse=963284 nmse=0.131914 inference_seconds=0.021
2026-08-27 15:10:38 | configuration dataset=time/ecdc_covid_d_part05 L=7 H=1 model=lookback covariates=none instance_norm=true remove_constant=false seed=1 batch_size=512
[2026-08-27 15:10:40,723][data.dataset][INFO] - dataset config path=/fssmall/home/h61084/codes/datasets/time/ecdc_covid_d_part05/config.json applied_keys=['date_col', 'drop_users', 'target_cols']
[2026-08-27 15:10:40,729][evaluation.evaluator][INFO] - lookback weekly period=7 observations
[2026-08-27 15:10:40,741][evaluation.evaluator][INFO] - evaluate dataset=time/ecdc_covid_d_part05 users=1 dates=794 windows=2 removed_constant=0 L=7 H=1 stride=512
[2026-08-27 15:10:40,959][evaluation.evaluator][INFO] - artifacts ready run=/fssmall/home/h61084/codes/tsfm/outputs_selena/univariate/time-ecdc_covid_d_part05/7_1/lookback/none/instance/keep/run_0 mse=3.25731e+07 nmse=7.67012 inference_seconds=0.021
2026-08-27 15:10:42 | configuration dataset=time/ecdc_covid_d_part05 L=7 H=1 model=chronos2 covariates=none instance_norm=true remove_constant=false seed=1 batch_size=64
[2026-08-27 15:10:45,440][data.dataset][INFO] - dataset config path=/fssmall/home/h61084/codes/datasets/time/ecdc_covid_d_part05/config.json applied_keys=['date_col', 'drop_users', 'target_cols']
[2026-08-27 15:10:45,458][evaluation.evaluator][INFO] - evaluate dataset=time/ecdc_covid_d_part05 users=1 dates=794 windows=2 removed_constant=0 L=7 H=1 stride=512
[2026-08-27 15:10:51,176][evaluation.evaluator][INFO] - artifacts ready run=/fssmall/home/h61084/codes/tsfm/outputs_selena/univariate/time-ecdc_covid_d_part05/7_1/chronos2/none/instance/keep/run_0 mse=746083 nmse=0.104618 inference_seconds=0.195
2026-08-27 15:10:53 | configuration dataset=time/ecdc_covid_d_part05 L=14 H=2 model=persistence covariates=none instance_norm=true remove_constant=false seed=1 batch_size=512
[2026-08-27 15:10:56,109][data.dataset][INFO] - dataset config path=/fssmall/home/h61084/codes/datasets/time/ecdc_covid_d_part05/config.json applied_keys=['date_col', 'drop_users', 'target_cols']
[2026-08-27 15:10:56,127][evaluation.evaluator][INFO] - evaluate dataset=time/ecdc_covid_d_part05 users=1 dates=794 windows=2 removed_constant=0 L=14 H=2 stride=512
[2026-08-27 15:10:56,352][evaluation.evaluator][INFO] - artifacts ready run=/fssmall/home/h61084/codes/tsfm/outputs_selena/univariate/time-ecdc_covid_d_part05/14_2/persistence/none/instance/keep/run_0 mse=23166.2 nmse=0.191927 inference_seconds=0.025
2026-08-27 15:10:58 | configuration dataset=time/ecdc_covid_d_part05 L=14 H=2 model=expected covariates=none instance_norm=true remove_constant=false seed=1 batch_size=512
[2026-08-27 15:11:00,839][data.dataset][INFO] - dataset config path=/fssmall/home/h61084/codes/datasets/time/ecdc_covid_d_part05/config.json applied_keys=['date_col', 'drop_users', 'target_cols']
[2026-08-27 15:11:00,857][evaluation.evaluator][INFO] - evaluate dataset=time/ecdc_covid_d_part05 users=1 dates=794 windows=2 removed_constant=0 L=14 H=2 stride=512
[2026-08-27 15:11:01,090][evaluation.evaluator][INFO] - artifacts ready run=/fssmall/home/h61084/codes/tsfm/outputs_selena/univariate/time-ecdc_covid_d_part05/14_2/expected/none/instance/keep/run_0 mse=9.04395e+06 nmse=0.741637 inference_seconds=0.025
2026-08-27 15:11:03 | configuration dataset=time/ecdc_covid_d_part05 L=14 H=2 model=repeat covariates=none instance_norm=true remove_constant=false seed=1 batch_size=512
[2026-08-27 15:11:05,640][data.dataset][INFO] - dataset config path=/fssmall/home/h61084/codes/datasets/time/ecdc_covid_d_part05/config.json applied_keys=['date_col', 'drop_users', 'target_cols']
[2026-08-27 15:11:05,658][evaluation.evaluator][INFO] - evaluate dataset=time/ecdc_covid_d_part05 users=1 dates=794 windows=2 removed_constant=0 L=14 H=2 stride=512
[2026-08-27 15:11:05,887][evaluation.evaluator][INFO] - artifacts ready run=/fssmall/home/h61084/codes/tsfm/outputs_selena/univariate/time-ecdc_covid_d_part05/14_2/repeat/none/instance/keep/run_0 mse=81339.2 nmse=0.50818 inference_seconds=0.021
2026-08-27 15:11:07 | configuration dataset=time/ecdc_covid_d_part05 L=14 H=2 model=lookback covariates=none instance_norm=true remove_constant=false seed=1 batch_size=512
[2026-08-27 15:11:10,409][data.dataset][INFO] - dataset config path=/fssmall/home/h61084/codes/datasets/time/ecdc_covid_d_part05/config.json applied_keys=['date_col', 'drop_users', 'target_cols']
[2026-08-27 15:11:10,416][evaluation.evaluator][INFO] - lookback weekly period=7 observations
[2026-08-27 15:11:10,428][evaluation.evaluator][INFO] - evaluate dataset=time/ecdc_covid_d_part05 users=1 dates=794 windows=2 removed_constant=0 L=14 H=2 stride=512
[2026-08-27 15:11:10,650][evaluation.evaluator][INFO] - artifacts ready run=/fssmall/home/h61084/codes/tsfm/outputs_selena/univariate/time-ecdc_covid_d_part05/14_2/lookback/none/instance/keep/run_0 mse=2.27418e+06 nmse=0.17691 inference_seconds=0.020
2026-08-27 15:11:12 | configuration dataset=time/ecdc_covid_d_part05 L=14 H=2 model=chronos2 covariates=none instance_norm=true remove_constant=false seed=1 batch_size=64
[2026-08-27 15:11:15,262][data.dataset][INFO] - dataset config path=/fssmall/home/h61084/codes/datasets/time/ecdc_covid_d_part05/config.json applied_keys=['date_col', 'drop_users', 'target_cols']
[2026-08-27 15:11:15,279][evaluation.evaluator][INFO] - evaluate dataset=time/ecdc_covid_d_part05 users=1 dates=794 windows=2 removed_constant=0 L=14 H=2 stride=512
[2026-08-27 15:11:20,957][evaluation.evaluator][INFO] - artifacts ready run=/fssmall/home/h61084/codes/tsfm/outputs_selena/univariate/time-ecdc_covid_d_part05/14_2/chronos2/none/instance/keep/run_0 mse=103137 nmse=0.0685644 inference_seconds=0.194
2026-08-27 15:11:23 | configuration dataset=time/ecdc_covid_d_part05 L=30 H=7 model=persistence covariates=none instance_norm=true remove_constant=false seed=1 batch_size=512
[2026-08-27 15:11:25,893][data.dataset][INFO] - dataset config path=/fssmall/home/h61084/codes/datasets/time/ecdc_covid_d_part05/config.json applied_keys=['date_col', 'drop_users', 'target_cols']
[2026-08-27 15:11:25,913][evaluation.evaluator][INFO] - evaluate dataset=time/ecdc_covid_d_part05 users=1 dates=794 windows=2 removed_constant=0 L=30 H=7 stride=512
[2026-08-27 15:11:26,139][evaluation.evaluator][INFO] - artifacts ready run=/fssmall/home/h61084/codes/tsfm/outputs_selena/univariate/time-ecdc_covid_d_part05/30_7/persistence/none/instance/keep/run_0 mse=236091 nmse=0.79079 inference_seconds=0.025
2026-08-27 15:11:28 | configuration dataset=time/ecdc_covid_d_part05 L=30 H=7 model=expected covariates=none instance_norm=true remove_constant=false seed=1 batch_size=512
[2026-08-27 15:11:30,661][data.dataset][INFO] - dataset config path=/fssmall/home/h61084/codes/datasets/time/ecdc_covid_d_part05/config.json applied_keys=['date_col', 'drop_users', 'target_cols']
[2026-08-27 15:11:30,679][evaluation.evaluator][INFO] - evaluate dataset=time/ecdc_covid_d_part05 users=1 dates=794 windows=2 removed_constant=0 L=30 H=7 stride=512
[2026-08-27 15:11:30,924][evaluation.evaluator][INFO] - artifacts ready run=/fssmall/home/h61084/codes/tsfm/outputs_selena/univariate/time-ecdc_covid_d_part05/30_7/expected/none/instance/keep/run_0 mse=8.52618e+06 nmse=6.49102 inference_seconds=0.025
2026-08-27 15:11:32 | configuration dataset=time/ecdc_covid_d_part05 L=30 H=7 model=repeat covariates=none instance_norm=true remove_constant=false seed=1 batch_size=512
[2026-08-27 15:11:35,491][data.dataset][INFO] - dataset config path=/fssmall/home/h61084/codes/datasets/time/ecdc_covid_d_part05/config.json applied_keys=['date_col', 'drop_users', 'target_cols']
[2026-08-27 15:11:35,510][evaluation.evaluator][INFO] - evaluate dataset=time/ecdc_covid_d_part05 users=1 dates=794 windows=2 removed_constant=0 L=30 H=7 stride=512
[2026-08-27 15:11:35,735][evaluation.evaluator][INFO] - artifacts ready run=/fssmall/home/h61084/codes/tsfm/outputs_selena/univariate/time-ecdc_covid_d_part05/30_7/repeat/none/instance/keep/run_0 mse=634351 nmse=1.9401 inference_seconds=0.021
2026-08-27 15:11:37 | configuration dataset=time/ecdc_covid_d_part05 L=30 H=7 model=lookback covariates=none instance_norm=true remove_constant=false seed=1 batch_size=512
[2026-08-27 15:11:40,262][data.dataset][INFO] - dataset config path=/fssmall/home/h61084/codes/datasets/time/ecdc_covid_d_part05/config.json applied_keys=['date_col', 'drop_users', 'target_cols']
[2026-08-27 15:11:40,268][evaluation.evaluator][INFO] - lookback weekly period=7 observations
[2026-08-27 15:11:40,280][evaluation.evaluator][INFO] - evaluate dataset=time/ecdc_covid_d_part05 users=1 dates=794 windows=2 removed_constant=0 L=30 H=7 stride=512
[2026-08-27 15:11:40,519][evaluation.evaluator][INFO] - artifacts ready run=/fssmall/home/h61084/codes/tsfm/outputs_selena/univariate/time-ecdc_covid_d_part05/30_7/lookback/none/instance/keep/run_0 mse=634351 nmse=1.9401 inference_seconds=0.020
2026-08-27 15:11:42 | configuration dataset=time/ecdc_covid_d_part05 L=30 H=7 model=chronos2 covariates=none instance_norm=true remove_constant=false seed=1 batch_size=64
[2026-08-27 15:11:45,092][data.dataset][INFO] - dataset config path=/fssmall/home/h61084/codes/datasets/time/ecdc_covid_d_part05/config.json applied_keys=['date_col', 'drop_users', 'target_cols']
[2026-08-27 15:11:45,110][evaluation.evaluator][INFO] - evaluate dataset=time/ecdc_covid_d_part05 users=1 dates=794 windows=2 removed_constant=0 L=30 H=7 stride=512
[2026-08-27 15:11:50,874][evaluation.evaluator][INFO] - artifacts ready run=/fssmall/home/h61084/codes/tsfm/outputs_selena/univariate/time-ecdc_covid_d_part05/30_7/chronos2/none/instance/keep/run_0 mse=121012 nmse=0.667403 inference_seconds=0.194
2026-08-27 15:11:53 | configuration dataset=time/ecdc_covid_d_part06 L=7 H=1 model=persistence covariates=none instance_norm=true remove_constant=false seed=1 batch_size=512
[2026-08-27 15:11:55,838][data.dataset][INFO] - dataset config path=/fssmall/home/h61084/codes/datasets/time/ecdc_covid_d_part06/config.json applied_keys=['date_col', 'drop_users', 'target_cols']
[2026-08-27 15:11:55,858][evaluation.evaluator][INFO] - evaluate dataset=time/ecdc_covid_d_part06 users=1 dates=1112 windows=3 removed_constant=0 L=7 H=1 stride=512
[2026-08-27 15:11:56,090][evaluation.evaluator][INFO] - artifacts ready run=/fssmall/home/h61084/codes/tsfm/outputs_selena/univariate/time-ecdc_covid_d_part06/7_1/persistence/none/instance/keep/run_0 mse=70846.3 nmse=165.158 inference_seconds=0.025
2026-08-27 15:11:58 | configuration dataset=time/ecdc_covid_d_part06 L=7 H=1 model=expected covariates=none instance_norm=true remove_constant=false seed=1 batch_size=512
[2026-08-27 15:12:00,607][data.dataset][INFO] - dataset config path=/fssmall/home/h61084/codes/datasets/time/ecdc_covid_d_part06/config.json applied_keys=['date_col', 'drop_users', 'target_cols']
[2026-08-27 15:12:00,625][evaluation.evaluator][INFO] - evaluate dataset=time/ecdc_covid_d_part06 users=1 dates=1112 windows=3 removed_constant=0 L=7 H=1 stride=512
[2026-08-27 15:12:00,845][evaluation.evaluator][INFO] - artifacts ready run=/fssmall/home/h61084/codes/tsfm/outputs_selena/univariate/time-ecdc_covid_d_part06/7_1/expected/none/instance/keep/run_0 mse=65019.7 nmse=154.166 inference_seconds=0.021
2026-08-27 15:12:02 | configuration dataset=time/ecdc_covid_d_part06 L=7 H=1 model=repeat covariates=none instance_norm=true remove_constant=false seed=1 batch_size=512
[2026-08-27 15:12:05,441][data.dataset][INFO] - dataset config path=/fssmall/home/h61084/codes/datasets/time/ecdc_covid_d_part06/config.json applied_keys=['date_col', 'drop_users', 'target_cols']
[2026-08-27 15:12:05,459][evaluation.evaluator][INFO] - evaluate dataset=time/ecdc_covid_d_part06 users=1 dates=1112 windows=3 removed_constant=0 L=7 H=1 stride=512
[2026-08-27 15:12:05,684][evaluation.evaluator][INFO] - artifacts ready run=/fssmall/home/h61084/codes/tsfm/outputs_selena/univariate/time-ecdc_covid_d_part06/7_1/repeat/none/instance/keep/run_0 mse=70846.3 nmse=165.158 inference_seconds=0.021
2026-08-27 15:12:07 | configuration dataset=time/ecdc_covid_d_part06 L=7 H=1 model=lookback covariates=none instance_norm=true remove_constant=false seed=1 batch_size=512
[2026-08-27 15:12:10,214][data.dataset][INFO] - dataset config path=/fssmall/home/h61084/codes/datasets/time/ecdc_covid_d_part06/config.json applied_keys=['date_col', 'drop_users', 'target_cols']
[2026-08-27 15:12:10,220][evaluation.evaluator][INFO] - lookback weekly period=7 observations
[2026-08-27 15:12:10,233][evaluation.evaluator][INFO] - evaluate dataset=time/ecdc_covid_d_part06 users=1 dates=1112 windows=3 removed_constant=0 L=7 H=1 stride=512
[2026-08-27 15:12:10,459][evaluation.evaluator][INFO] - artifacts ready run=/fssmall/home/h61084/codes/tsfm/outputs_selena/univariate/time-ecdc_covid_d_part06/7_1/lookback/none/instance/keep/run_0 mse=53372 nmse=129.863 inference_seconds=0.021
2026-08-27 15:12:12 | configuration dataset=time/ecdc_covid_d_part06 L=7 H=1 model=chronos2 covariates=none instance_norm=true remove_constant=false seed=1 batch_size=64
[2026-08-27 15:12:15,050][data.dataset][INFO] - dataset config path=/fssmall/home/h61084/codes/datasets/time/ecdc_covid_d_part06/config.json applied_keys=['date_col', 'drop_users', 'target_cols']
[2026-08-27 15:12:15,067][evaluation.evaluator][INFO] - evaluate dataset=time/ecdc_covid_d_part06 users=1 dates=1112 windows=3 removed_constant=0 L=7 H=1 stride=512
[2026-08-27 15:12:20,876][evaluation.evaluator][INFO] - artifacts ready run=/fssmall/home/h61084/codes/tsfm/outputs_selena/univariate/time-ecdc_covid_d_part06/7_1/chronos2/none/instance/keep/run_0 mse=70757 nmse=165.346 inference_seconds=0.194
2026-08-27 15:12:23 | configuration dataset=time/ecdc_covid_d_part06 L=14 H=2 model=persistence covariates=none instance_norm=true remove_constant=false seed=1 batch_size=512
[2026-08-27 15:12:25,751][data.dataset][INFO] - dataset config path=/fssmall/home/h61084/codes/datasets/time/ecdc_covid_d_part06/config.json applied_keys=['date_col', 'drop_users', 'target_cols']
[2026-08-27 15:12:25,770][evaluation.evaluator][INFO] - evaluate dataset=time/ecdc_covid_d_part06 users=1 dates=1112 windows=3 removed_constant=0 L=14 H=2 stride=512
[2026-08-27 15:12:25,992][evaluation.evaluator][INFO] - artifacts ready run=/fssmall/home/h61084/codes/tsfm/outputs_selena/univariate/time-ecdc_covid_d_part06/14_2/persistence/none/instance/keep/run_0 mse=154 nmse=5.07735 inference_seconds=0.024
2026-08-27 15:12:27 | configuration dataset=time/ecdc_covid_d_part06 L=14 H=2 model=expected covariates=none instance_norm=true remove_constant=false seed=1 batch_size=512
[2026-08-27 15:12:30,563][data.dataset][INFO] - dataset config path=/fssmall/home/h61084/codes/datasets/time/ecdc_covid_d_part06/config.json applied_keys=['date_col', 'drop_users', 'target_cols']
[2026-08-27 15:12:30,582][evaluation.evaluator][INFO] - evaluate dataset=time/ecdc_covid_d_part06 users=1 dates=1112 windows=3 removed_constant=0 L=14 H=2 stride=512
[2026-08-27 15:12:30,828][evaluation.evaluator][INFO] - artifacts ready run=/fssmall/home/h61084/codes/tsfm/outputs_selena/univariate/time-ecdc_covid_d_part06/14_2/expected/none/instance/keep/run_0 mse=230.908 nmse=5.8633 inference_seconds=0.025
2026-08-27 15:12:32 | configuration dataset=time/ecdc_covid_d_part06 L=14 H=2 model=repeat covariates=none instance_norm=true remove_constant=false seed=1 batch_size=512
[2026-08-27 15:12:35,368][data.dataset][INFO] - dataset config path=/fssmall/home/h61084/codes/datasets/time/ecdc_covid_d_part06/config.json applied_keys=['date_col', 'drop_users', 'target_cols']
[2026-08-27 15:12:35,385][evaluation.evaluator][INFO] - evaluate dataset=time/ecdc_covid_d_part06 users=1 dates=1112 windows=3 removed_constant=0 L=14 H=2 stride=512
[2026-08-27 15:12:35,611][evaluation.evaluator][INFO] - artifacts ready run=/fssmall/home/h61084/codes/tsfm/outputs_selena/univariate/time-ecdc_covid_d_part06/14_2/repeat/none/instance/keep/run_0 mse=153.333 nmse=5.62281 inference_seconds=0.020
2026-08-27 15:12:37 | configuration dataset=time/ecdc_covid_d_part06 L=14 H=2 model=lookback covariates=none instance_norm=true remove_constant=false seed=1 batch_size=512
[2026-08-27 15:12:40,201][data.dataset][INFO] - dataset config path=/fssmall/home/h61084/codes/datasets/time/ecdc_covid_d_part06/config.json applied_keys=['date_col', 'drop_users', 'target_cols']
[2026-08-27 15:12:40,208][evaluation.evaluator][INFO] - lookback weekly period=7 observations
[2026-08-27 15:12:40,220][evaluation.evaluator][INFO] - evaluate dataset=time/ecdc_covid_d_part06 users=1 dates=1112 windows=3 removed_constant=0 L=14 H=2 stride=512
[2026-08-27 15:12:40,441][evaluation.evaluator][INFO] - artifacts ready run=/fssmall/home/h61084/codes/tsfm/outputs_selena/univariate/time-ecdc_covid_d_part06/14_2/lookback/none/instance/keep/run_0 mse=27806.3 nmse=4.7183 inference_seconds=0.021
2026-08-27 15:12:42 | configuration dataset=time/ecdc_covid_d_part06 L=14 H=2 model=chronos2 covariates=none instance_norm=true remove_constant=false seed=1 batch_size=64
[2026-08-27 15:12:44,915][data.dataset][INFO] - dataset config path=/fssmall/home/h61084/codes/datasets/time/ecdc_covid_d_part06/config.json applied_keys=['date_col', 'drop_users', 'target_cols']
[2026-08-27 15:12:44,933][evaluation.evaluator][INFO] - evaluate dataset=time/ecdc_covid_d_part06 users=1 dates=1112 windows=3 removed_constant=0 L=14 H=2 stride=512
[2026-08-27 15:12:50,669][evaluation.evaluator][INFO] - artifacts ready run=/fssmall/home/h61084/codes/tsfm/outputs_selena/univariate/time-ecdc_covid_d_part06/14_2/chronos2/none/instance/keep/run_0 mse=175.796 nmse=4.56586 inference_seconds=0.197
2026-08-27 15:12:53 | configuration dataset=time/ecdc_covid_d_part06 L=30 H=7 model=persistence covariates=none instance_norm=true remove_constant=false seed=1 batch_size=512
[2026-08-27 15:12:55,607][data.dataset][INFO] - dataset config path=/fssmall/home/h61084/codes/datasets/time/ecdc_covid_d_part06/config.json applied_keys=['date_col', 'drop_users', 'target_cols']
[2026-08-27 15:12:55,626][evaluation.evaluator][INFO] - evaluate dataset=time/ecdc_covid_d_part06 users=1 dates=1112 windows=3 removed_constant=0 L=30 H=7 stride=512
[2026-08-27 15:12:55,869][evaluation.evaluator][INFO] - artifacts ready run=/fssmall/home/h61084/codes/tsfm/outputs_selena/univariate/time-ecdc_covid_d_part06/30_7/persistence/none/instance/keep/run_0 mse=891.714 nmse=5.88748 inference_seconds=0.025
2026-08-27 15:12:57 | configuration dataset=time/ecdc_covid_d_part06 L=30 H=7 model=expected covariates=none instance_norm=true remove_constant=false seed=1 batch_size=512
[2026-08-27 15:13:00,473][data.dataset][INFO] - dataset config path=/fssmall/home/h61084/codes/datasets/time/ecdc_covid_d_part06/config.json applied_keys=['date_col', 'drop_users', 'target_cols']
[2026-08-27 15:13:00,491][evaluation.evaluator][INFO] - evaluate dataset=time/ecdc_covid_d_part06 users=1 dates=1112 windows=3 removed_constant=0 L=30 H=7 stride=512
[2026-08-27 15:13:00,715][evaluation.evaluator][INFO] - artifacts ready run=/fssmall/home/h61084/codes/tsfm/outputs_selena/univariate/time-ecdc_covid_d_part06/30_7/expected/none/instance/keep/run_0 mse=3470.13 nmse=9.67172 inference_seconds=0.025
2026-08-27 15:13:02 | configuration dataset=time/ecdc_covid_d_part06 L=30 H=7 model=repeat covariates=none instance_norm=true remove_constant=false seed=1 batch_size=512
[2026-08-27 15:13:05,273][data.dataset][INFO] - dataset config path=/fssmall/home/h61084/codes/datasets/time/ecdc_covid_d_part06/config.json applied_keys=['date_col', 'drop_users', 'target_cols']
[2026-08-27 15:13:05,291][evaluation.evaluator][INFO] - evaluate dataset=time/ecdc_covid_d_part06 users=1 dates=1112 windows=3 removed_constant=0 L=30 H=7 stride=512
[2026-08-27 15:13:05,509][evaluation.evaluator][INFO] - artifacts ready run=/fssmall/home/h61084/codes/tsfm/outputs_selena/univariate/time-ecdc_covid_d_part06/30_7/repeat/none/instance/keep/run_0 mse=1275.76 nmse=9.56732 inference_seconds=0.021
2026-08-27 15:13:07 | configuration dataset=time/ecdc_covid_d_part06 L=30 H=7 model=lookback covariates=none instance_norm=true remove_constant=false seed=1 batch_size=512
[2026-08-27 15:13:10,114][data.dataset][INFO] - dataset config path=/fssmall/home/h61084/codes/datasets/time/ecdc_covid_d_part06/config.json applied_keys=['date_col', 'drop_users', 'target_cols']
[2026-08-27 15:13:10,120][evaluation.evaluator][INFO] - lookback weekly period=7 observations
[2026-08-27 15:13:10,132][evaluation.evaluator][INFO] - evaluate dataset=time/ecdc_covid_d_part06 users=1 dates=1112 windows=3 removed_constant=0 L=30 H=7 stride=512
[2026-08-27 15:13:10,352][evaluation.evaluator][INFO] - artifacts ready run=/fssmall/home/h61084/codes/tsfm/outputs_selena/univariate/time-ecdc_covid_d_part06/30_7/lookback/none/instance/keep/run_0 mse=1275.76 nmse=9.56732 inference_seconds=0.020
2026-08-27 15:13:12 | configuration dataset=time/ecdc_covid_d_part06 L=30 H=7 model=chronos2 covariates=none instance_norm=true remove_constant=false seed=1 batch_size=64
[2026-08-27 15:13:14,922][data.dataset][INFO] - dataset config path=/fssmall/home/h61084/codes/datasets/time/ecdc_covid_d_part06/config.json applied_keys=['date_col', 'drop_users', 'target_cols']
[2026-08-27 15:13:14,939][evaluation.evaluator][INFO] - evaluate dataset=time/ecdc_covid_d_part06 users=1 dates=1112 windows=3 removed_constant=0 L=30 H=7 stride=512
[2026-08-27 15:13:20,570][evaluation.evaluator][INFO] - artifacts ready run=/fssmall/home/h61084/codes/tsfm/outputs_selena/univariate/time-ecdc_covid_d_part06/30_7/chronos2/none/instance/keep/run_0 mse=902.842 nmse=6.5054 inference_seconds=0.198
2026-08-27 15:13:22 | configuration dataset=time/ecdc_covid_d_part07 L=7 H=1 model=persistence covariates=none instance_norm=true remove_constant=false seed=1 batch_size=512
[2026-08-27 15:13:25,509][data.dataset][INFO] - dataset config path=/fssmall/home/h61084/codes/datasets/time/ecdc_covid_d_part07/config.json applied_keys=['date_col', 'drop_users', 'target_cols']
[2026-08-27 15:13:25,529][evaluation.evaluator][INFO] - evaluate dataset=time/ecdc_covid_d_part07 users=1 dates=1117 windows=3 removed_constant=0 L=7 H=1 stride=512
[2026-08-27 15:13:25,752][evaluation.evaluator][INFO] - artifacts ready run=/fssmall/home/h61084/codes/tsfm/outputs_selena/univariate/time-ecdc_covid_d_part07/7_1/persistence/none/instance/keep/run_0 mse=20.3333 nmse=1.62809 inference_seconds=0.025
2026-08-27 15:13:27 | configuration dataset=time/ecdc_covid_d_part07 L=7 H=1 model=expected covariates=none instance_norm=true remove_constant=false seed=1 batch_size=512
[2026-08-27 15:13:30,297][data.dataset][INFO] - dataset config path=/fssmall/home/h61084/codes/datasets/time/ecdc_covid_d_part07/config.json applied_keys=['date_col', 'drop_users', 'target_cols']
[2026-08-27 15:13:30,315][evaluation.evaluator][INFO] - evaluate dataset=time/ecdc_covid_d_part07 users=1 dates=1117 windows=3 removed_constant=0 L=7 H=1 stride=512
[2026-08-27 15:13:30,547][evaluation.evaluator][INFO] - artifacts ready run=/fssmall/home/h61084/codes/tsfm/outputs_selena/univariate/time-ecdc_covid_d_part07/7_1/expected/none/instance/keep/run_0 mse=74.3265 nmse=3.2627 inference_seconds=0.021
2026-08-27 15:13:32 | configuration dataset=time/ecdc_covid_d_part07 L=7 H=1 model=repeat covariates=none instance_norm=true remove_constant=false seed=1 batch_size=512
[2026-08-27 15:13:35,144][data.dataset][INFO] - dataset config path=/fssmall/home/h61084/codes/datasets/time/ecdc_covid_d_part07/config.json applied_keys=['date_col', 'drop_users', 'target_cols']
[2026-08-27 15:13:35,162][evaluation.evaluator][INFO] - evaluate dataset=time/ecdc_covid_d_part07 users=1 dates=1117 windows=3 removed_constant=0 L=7 H=1 stride=512
[2026-08-27 15:13:35,385][evaluation.evaluator][INFO] - artifacts ready run=/fssmall/home/h61084/codes/tsfm/outputs_selena/univariate/time-ecdc_covid_d_part07/7_1/repeat/none/instance/keep/run_0 mse=20.3333 nmse=1.62809 inference_seconds=0.021
2026-08-27 15:13:37 | configuration dataset=time/ecdc_covid_d_part07 L=7 H=1 model=lookback covariates=none instance_norm=true remove_constant=false seed=1 batch_size=512
[2026-08-27 15:13:39,922][data.dataset][INFO] - dataset config path=/fssmall/home/h61084/codes/datasets/time/ecdc_covid_d_part07/config.json applied_keys=['date_col', 'drop_users', 'target_cols']
[2026-08-27 15:13:39,928][evaluation.evaluator][INFO] - lookback weekly period=7 observations
[2026-08-27 15:13:39,940][evaluation.evaluator][INFO] - evaluate dataset=time/ecdc_covid_d_part07 users=1 dates=1117 windows=3 removed_constant=0 L=7 H=1 stride=512
[2026-08-27 15:13:40,162][evaluation.evaluator][INFO] - artifacts ready run=/fssmall/home/h61084/codes/tsfm/outputs_selena/univariate/time-ecdc_covid_d_part07/7_1/lookback/none/instance/keep/run_0 mse=150.667 nmse=6.08097 inference_seconds=0.021
2026-08-27 15:13:42 | configuration dataset=time/ecdc_covid_d_part07 L=7 H=1 model=chronos2 covariates=none instance_norm=true remove_constant=false seed=1 batch_size=64
[2026-08-27 15:13:44,819][data.dataset][INFO] - dataset config path=/fssmall/home/h61084/codes/datasets/time/ecdc_covid_d_part07/config.json applied_keys=['date_col', 'drop_users', 'target_cols']
[2026-08-27 15:13:44,838][evaluation.evaluator][INFO] - evaluate dataset=time/ecdc_covid_d_part07 users=1 dates=1117 windows=3 removed_constant=0 L=7 H=1 stride=512
[2026-08-27 15:13:50,497][evaluation.evaluator][INFO] - artifacts ready run=/fssmall/home/h61084/codes/tsfm/outputs_selena/univariate/time-ecdc_covid_d_part07/7_1/chronos2/none/instance/keep/run_0 mse=25.4656 nmse=1.69912 inference_seconds=0.195
2026-08-27 15:13:52 | configuration dataset=time/ecdc_covid_d_part07 L=14 H=2 model=persistence covariates=none instance_norm=true remove_constant=false seed=1 batch_size=512
[2026-08-27 15:13:55,423][data.dataset][INFO] - dataset config path=/fssmall/home/h61084/codes/datasets/time/ecdc_covid_d_part07/config.json applied_keys=['date_col', 'drop_users', 'target_cols']
[2026-08-27 15:13:55,442][evaluation.evaluator][INFO] - evaluate dataset=time/ecdc_covid_d_part07 users=1 dates=1117 windows=3 removed_constant=0 L=14 H=2 stride=512
[2026-08-27 15:13:55,669][evaluation.evaluator][INFO] - artifacts ready run=/fssmall/home/h61084/codes/tsfm/outputs_selena/univariate/time-ecdc_covid_d_part07/14_2/persistence/none/instance/keep/run_0 mse=151.667 nmse=4.4934 inference_seconds=0.026
2026-08-27 15:13:57 | configuration dataset=time/ecdc_covid_d_part07 L=14 H=2 model=expected covariates=none instance_norm=true remove_constant=false seed=1 batch_size=512
[2026-08-27 15:14:00,237][data.dataset][INFO] - dataset config path=/fssmall/home/h61084/codes/datasets/time/ecdc_covid_d_part07/config.json applied_keys=['date_col', 'drop_users', 'target_cols']
[2026-08-27 15:14:00,256][evaluation.evaluator][INFO] - evaluate dataset=time/ecdc_covid_d_part07 users=1 dates=1117 windows=3 removed_constant=0 L=14 H=2 stride=512
[2026-08-27 15:14:00,491][evaluation.evaluator][INFO] - artifacts ready run=/fssmall/home/h61084/codes/tsfm/outputs_selena/univariate/time-ecdc_covid_d_part07/14_2/expected/none/instance/keep/run_0 mse=655.49 nmse=12.5199 inference_seconds=0.025
2026-08-27 15:14:02 | configuration dataset=time/ecdc_covid_d_part07 L=14 H=2 model=repeat covariates=none instance_norm=true remove_constant=false seed=1 batch_size=512
[2026-08-27 15:14:05,096][data.dataset][INFO] - dataset config path=/fssmall/home/h61084/codes/datasets/time/ecdc_covid_d_part07/config.json applied_keys=['date_col', 'drop_users', 'target_cols']
[2026-08-27 15:14:05,113][evaluation.evaluator][INFO] - evaluate dataset=time/ecdc_covid_d_part07 users=1 dates=1117 windows=3 removed_constant=0 L=14 H=2 stride=512
[2026-08-27 15:14:05,333][evaluation.evaluator][INFO] - artifacts ready run=/fssmall/home/h61084/codes/tsfm/outputs_selena/univariate/time-ecdc_covid_d_part07/14_2/repeat/none/instance/keep/run_0 mse=185.667 nmse=5.02278 inference_seconds=0.020
2026-08-27 15:14:07 | configuration dataset=time/ecdc_covid_d_part07 L=14 H=2 model=lookback covariates=none instance_norm=true remove_constant=false seed=1 batch_size=512
[2026-08-27 15:14:09,944][data.dataset][INFO] - dataset config path=/fssmall/home/h61084/codes/datasets/time/ecdc_covid_d_part07/config.json applied_keys=['date_col', 'drop_users', 'target_cols']
[2026-08-27 15:14:09,950][evaluation.evaluator][INFO] - lookback weekly period=7 observations
[2026-08-27 15:14:09,962][evaluation.evaluator][INFO] - evaluate dataset=time/ecdc_covid_d_part07 users=1 dates=1117 windows=3 removed_constant=0 L=14 H=2 stride=512
[2026-08-27 15:14:10,187][evaluation.evaluator][INFO] - artifacts ready run=/fssmall/home/h61084/codes/tsfm/outputs_selena/univariate/time-ecdc_covid_d_part07/14_2/lookback/none/instance/keep/run_0 mse=519.5 nmse=10.4301 inference_seconds=0.021
2026-08-27 15:14:12 | configuration dataset=time/ecdc_covid_d_part07 L=14 H=2 model=chronos2 covariates=none instance_norm=true remove_constant=false seed=1 batch_size=64
[2026-08-27 15:14:14,789][data.dataset][INFO] - dataset config path=/fssmall/home/h61084/codes/datasets/time/ecdc_covid_d_part07/config.json applied_keys=['date_col', 'drop_users', 'target_cols']
[2026-08-27 15:14:14,807][evaluation.evaluator][INFO] - evaluate dataset=time/ecdc_covid_d_part07 users=1 dates=1117 windows=3 removed_constant=0 L=14 H=2 stride=512
[2026-08-27 15:14:20,464][evaluation.evaluator][INFO] - artifacts ready run=/fssmall/home/h61084/codes/tsfm/outputs_selena/univariate/time-ecdc_covid_d_part07/14_2/chronos2/none/instance/keep/run_0 mse=134.925 nmse=5.53293 inference_seconds=0.195
2026-08-27 15:14:22 | configuration dataset=time/ecdc_covid_d_part07 L=30 H=7 model=persistence covariates=none instance_norm=true remove_constant=false seed=1 batch_size=512
[2026-08-27 15:14:25,358][data.dataset][INFO] - dataset config path=/fssmall/home/h61084/codes/datasets/time/ecdc_covid_d_part07/config.json applied_keys=['date_col', 'drop_users', 'target_cols']
[2026-08-27 15:14:25,376][evaluation.evaluator][INFO] - evaluate dataset=time/ecdc_covid_d_part07 users=1 dates=1117 windows=3 removed_constant=0 L=30 H=7 stride=512
[2026-08-27 15:14:25,612][evaluation.evaluator][INFO] - artifacts ready run=/fssmall/home/h61084/codes/tsfm/outputs_selena/univariate/time-ecdc_covid_d_part07/30_7/persistence/none/instance/keep/run_0 mse=1449.86 nmse=0.905332 inference_seconds=0.024
2026-08-27 15:14:27 | configuration dataset=time/ecdc_covid_d_part07 L=30 H=7 model=expected covariates=none instance_norm=true remove_constant=false seed=1 batch_size=512
[2026-08-27 15:14:30,210][data.dataset][INFO] - dataset config path=/fssmall/home/h61084/codes/datasets/time/ecdc_covid_d_part07/config.json applied_keys=['date_col', 'drop_users', 'target_cols']
[2026-08-27 15:14:30,228][evaluation.evaluator][INFO] - evaluate dataset=time/ecdc_covid_d_part07 users=1 dates=1117 windows=3 removed_constant=0 L=30 H=7 stride=512
[2026-08-27 15:14:30,454][evaluation.evaluator][INFO] - artifacts ready run=/fssmall/home/h61084/codes/tsfm/outputs_selena/univariate/time-ecdc_covid_d_part07/30_7/expected/none/instance/keep/run_0 mse=8479.81 nmse=6.41707 inference_seconds=0.025
2026-08-27 15:14:32 | configuration dataset=time/ecdc_covid_d_part07 L=30 H=7 model=repeat covariates=none instance_norm=true remove_constant=false seed=1 batch_size=512
[2026-08-27 15:14:35,044][data.dataset][INFO] - dataset config path=/fssmall/home/h61084/codes/datasets/time/ecdc_covid_d_part07/config.json applied_keys=['date_col', 'drop_users', 'target_cols']
[2026-08-27 15:14:35,063][evaluation.evaluator][INFO] - evaluate dataset=time/ecdc_covid_d_part07 users=1 dates=1117 windows=3 removed_constant=0 L=30 H=7 stride=512
[2026-08-27 15:14:35,286][evaluation.evaluator][INFO] - artifacts ready run=/fssmall/home/h61084/codes/tsfm/outputs_selena/univariate/time-ecdc_covid_d_part07/30_7/repeat/none/instance/keep/run_0 mse=2344.14 nmse=1.58306 inference_seconds=0.020
2026-08-27 15:14:37 | configuration dataset=time/ecdc_covid_d_part07 L=30 H=7 model=lookback covariates=none instance_norm=true remove_constant=false seed=1 batch_size=512
[2026-08-27 15:14:39,894][data.dataset][INFO] - dataset config path=/fssmall/home/h61084/codes/datasets/time/ecdc_covid_d_part07/config.json applied_keys=['date_col', 'drop_users', 'target_cols']
[2026-08-27 15:14:39,901][evaluation.evaluator][INFO] - lookback weekly period=7 observations
[2026-08-27 15:14:39,914][evaluation.evaluator][INFO] - evaluate dataset=time/ecdc_covid_d_part07 users=1 dates=1117 windows=3 removed_constant=0 L=30 H=7 stride=512
[2026-08-27 15:14:40,132][evaluation.evaluator][INFO] - artifacts ready run=/fssmall/home/h61084/codes/tsfm/outputs_selena/univariate/time-ecdc_covid_d_part07/30_7/lookback/none/instance/keep/run_0 mse=2344.14 nmse=1.58306 inference_seconds=0.021
2026-08-27 15:14:42 | configuration dataset=time/ecdc_covid_d_part07 L=30 H=7 model=chronos2 covariates=none instance_norm=true remove_constant=false seed=1 batch_size=64
[2026-08-27 15:14:44,693][data.dataset][INFO] - dataset config path=/fssmall/home/h61084/codes/datasets/time/ecdc_covid_d_part07/config.json applied_keys=['date_col', 'drop_users', 'target_cols']
[2026-08-27 15:14:44,711][evaluation.evaluator][INFO] - evaluate dataset=time/ecdc_covid_d_part07 users=1 dates=1117 windows=3 removed_constant=0 L=30 H=7 stride=512
[2026-08-27 15:14:50,371][evaluation.evaluator][INFO] - artifacts ready run=/fssmall/home/h61084/codes/tsfm/outputs_selena/univariate/time-ecdc_covid_d_part07/30_7/chronos2/none/instance/keep/run_0 mse=510.201 nmse=0.381175 inference_seconds=0.198
2026-08-27 15:14:52 | configuration dataset=time/ne_china_wind_h L=168 H=24 model=persistence covariates=none instance_norm=true remove_constant=false seed=1 batch_size=512
[2026-08-27 15:14:55,277][data.dataset][INFO] - dataset config path=/fssmall/home/h61084/codes/datasets/time/ne_china_wind_h/config.json applied_keys=['date_col', 'drop_users', 'target_cols']
[2026-08-27 15:14:55,303][evaluation.evaluator][INFO] - evaluate dataset=time/ne_china_wind_h users=4 dates=8764 windows=68 removed_constant=0 L=168 H=24 stride=512
[2026-08-27 15:14:55,532][evaluation.evaluator][INFO] - artifacts ready run=/fssmall/home/h61084/codes/tsfm/outputs_selena/univariate/time-ne_china_wind_h/168_24/persistence/none/instance/keep/run_0 mse=0.302114 nmse=1.45378 inference_seconds=0.025
2026-08-27 15:14:57 | configuration dataset=time/ne_china_wind_h L=168 H=24 model=expected covariates=none instance_norm=true remove_constant=false seed=1 batch_size=512
[2026-08-27 15:15:00,159][data.dataset][INFO] - dataset config path=/fssmall/home/h61084/codes/datasets/time/ne_china_wind_h/config.json applied_keys=['date_col', 'drop_users', 'target_cols']
[2026-08-27 15:15:00,183][evaluation.evaluator][INFO] - evaluate dataset=time/ne_china_wind_h users=4 dates=8764 windows=68 removed_constant=0 L=168 H=24 stride=512
[2026-08-27 15:15:00,416][evaluation.evaluator][INFO] - artifacts ready run=/fssmall/home/h61084/codes/tsfm/outputs_selena/univariate/time-ne_china_wind_h/168_24/expected/none/instance/keep/run_0 mse=0.386964 nmse=2.04457 inference_seconds=0.025
2026-08-27 15:15:02 | configuration dataset=time/ne_china_wind_h L=168 H=24 model=repeat covariates=none instance_norm=true remove_constant=false seed=1 batch_size=512
[2026-08-27 15:15:05,080][data.dataset][INFO] - dataset config path=/fssmall/home/h61084/codes/datasets/time/ne_china_wind_h/config.json applied_keys=['date_col', 'drop_users', 'target_cols']
[2026-08-27 15:15:05,104][evaluation.evaluator][INFO] - evaluate dataset=time/ne_china_wind_h users=4 dates=8764 windows=68 removed_constant=0 L=168 H=24 stride=512
[2026-08-27 15:15:05,328][evaluation.evaluator][INFO] - artifacts ready run=/fssmall/home/h61084/codes/tsfm/outputs_selena/univariate/time-ne_china_wind_h/168_24/repeat/none/instance/keep/run_0 mse=0.391562 nmse=1.58482 inference_seconds=0.021
2026-08-27 15:15:07 | configuration dataset=time/ne_china_wind_h L=168 H=24 model=lookback covariates=none instance_norm=true remove_constant=false seed=1 batch_size=512
[2026-08-27 15:15:09,974][data.dataset][INFO] - dataset config path=/fssmall/home/h61084/codes/datasets/time/ne_china_wind_h/config.json applied_keys=['date_col', 'drop_users', 'target_cols']
[2026-08-27 15:15:09,986][evaluation.evaluator][INFO] - lookback weekly period=168 observations
[2026-08-27 15:15:09,999][evaluation.evaluator][INFO] - evaluate dataset=time/ne_china_wind_h users=4 dates=8764 windows=68 removed_constant=0 L=168 H=24 stride=512
[2026-08-27 15:15:10,228][evaluation.evaluator][INFO] - artifacts ready run=/fssmall/home/h61084/codes/tsfm/outputs_selena/univariate/time-ne_china_wind_h/168_24/lookback/none/instance/keep/run_0 mse=0.792417 nmse=3.68725 inference_seconds=0.021
2026-08-27 15:15:12 | configuration dataset=time/ne_china_wind_h L=168 H=24 model=chronos2 covariates=none instance_norm=true remove_constant=false seed=1 batch_size=64
[2026-08-27 15:15:14,868][data.dataset][INFO] - dataset config path=/fssmall/home/h61084/codes/datasets/time/ne_china_wind_h/config.json applied_keys=['date_col', 'drop_users', 'target_cols']
[2026-08-27 15:15:14,892][evaluation.evaluator][INFO] - evaluate dataset=time/ne_china_wind_h users=4 dates=8764 windows=68 removed_constant=0 L=168 H=24 stride=512
[2026-08-27 15:15:20,554][evaluation.evaluator][INFO] - artifacts ready run=/fssmall/home/h61084/codes/tsfm/outputs_selena/univariate/time-ne_china_wind_h/168_24/chronos2/none/instance/keep/run_0 mse=0.25802 nmse=1.12783 inference_seconds=0.216
2026-08-27 15:15:22 | configuration dataset=time/ne_china_wind_h L=336 H=48 model=persistence covariates=none instance_norm=true remove_constant=false seed=1 batch_size=512
[2026-08-27 15:15:25,488][data.dataset][INFO] - dataset config path=/fssmall/home/h61084/codes/datasets/time/ne_china_wind_h/config.json applied_keys=['date_col', 'drop_users', 'target_cols']
[2026-08-27 15:15:25,514][evaluation.evaluator][INFO] - evaluate dataset=time/ne_china_wind_h users=4 dates=8764 windows=68 removed_constant=0 L=336 H=48 stride=512
[2026-08-27 15:15:25,747][evaluation.evaluator][INFO] - artifacts ready run=/fssmall/home/h61084/codes/tsfm/outputs_selena/univariate/time-ne_china_wind_h/336_48/persistence/none/instance/keep/run_0 mse=0.339381 nmse=1.51345 inference_seconds=0.025
2026-08-27 15:15:27 | configuration dataset=time/ne_china_wind_h L=336 H=48 model=expected covariates=none instance_norm=true remove_constant=false seed=1 batch_size=512
[2026-08-27 15:15:30,343][data.dataset][INFO] - dataset config path=/fssmall/home/h61084/codes/datasets/time/ne_china_wind_h/config.json applied_keys=['date_col', 'drop_users', 'target_cols']
[2026-08-27 15:15:30,368][evaluation.evaluator][INFO] - evaluate dataset=time/ne_china_wind_h users=4 dates=8764 windows=68 removed_constant=0 L=336 H=48 stride=512
[2026-08-27 15:15:30,596][evaluation.evaluator][INFO] - artifacts ready run=/fssmall/home/h61084/codes/tsfm/outputs_selena/univariate/time-ne_china_wind_h/336_48/expected/none/instance/keep/run_0 mse=0.33657 nmse=1.6296 inference_seconds=0.025
2026-08-27 15:15:32 | configuration dataset=time/ne_china_wind_h L=336 H=48 model=repeat covariates=none instance_norm=true remove_constant=false seed=1 batch_size=512
[2026-08-27 15:15:35,212][data.dataset][INFO] - dataset config path=/fssmall/home/h61084/codes/datasets/time/ne_china_wind_h/config.json applied_keys=['date_col', 'drop_users', 'target_cols']
[2026-08-27 15:15:35,235][evaluation.evaluator][INFO] - evaluate dataset=time/ne_china_wind_h users=4 dates=8764 windows=68 removed_constant=0 L=336 H=48 stride=512
[2026-08-27 15:15:35,467][evaluation.evaluator][INFO] - artifacts ready run=/fssmall/home/h61084/codes/tsfm/outputs_selena/univariate/time-ne_china_wind_h/336_48/repeat/none/instance/keep/run_0 mse=0.555924 nmse=2.0354 inference_seconds=0.021
2026-08-27 15:15:37 | configuration dataset=time/ne_china_wind_h L=336 H=48 model=lookback covariates=none instance_norm=true remove_constant=false seed=1 batch_size=512
[2026-08-27 15:15:40,095][data.dataset][INFO] - dataset config path=/fssmall/home/h61084/codes/datasets/time/ne_china_wind_h/config.json applied_keys=['date_col', 'drop_users', 'target_cols']
[2026-08-27 15:15:40,108][evaluation.evaluator][INFO] - lookback weekly period=168 observations
[2026-08-27 15:15:40,120][evaluation.evaluator][INFO] - evaluate dataset=time/ne_china_wind_h users=4 dates=8764 windows=68 removed_constant=0 L=336 H=48 stride=512
[2026-08-27 15:15:40,344][evaluation.evaluator][INFO] - artifacts ready run=/fssmall/home/h61084/codes/tsfm/outputs_selena/univariate/time-ne_china_wind_h/336_48/lookback/none/instance/keep/run_0 mse=0.553378 nmse=2.32912 inference_seconds=0.020
2026-08-27 15:15:42 | configuration dataset=time/ne_china_wind_h L=336 H=48 model=chronos2 covariates=none instance_norm=true remove_constant=false seed=1 batch_size=64
[2026-08-27 15:15:44,944][data.dataset][INFO] - dataset config path=/fssmall/home/h61084/codes/datasets/time/ne_china_wind_h/config.json applied_keys=['date_col', 'drop_users', 'target_cols']
[2026-08-27 15:15:44,968][evaluation.evaluator][INFO] - evaluate dataset=time/ne_china_wind_h users=4 dates=8764 windows=68 removed_constant=0 L=336 H=48 stride=512
[2026-08-27 15:15:50,686][evaluation.evaluator][INFO] - artifacts ready run=/fssmall/home/h61084/codes/tsfm/outputs_selena/univariate/time-ne_china_wind_h/336_48/chronos2/none/instance/keep/run_0 mse=0.236643 nmse=1.13872 inference_seconds=0.221
2026-08-27 15:15:53 | configuration dataset=time/ne_china_wind_h L=504 H=168 model=persistence covariates=none instance_norm=true remove_constant=false seed=1 batch_size=512
[2026-08-27 15:15:55,665][data.dataset][INFO] - dataset config path=/fssmall/home/h61084/codes/datasets/time/ne_china_wind_h/config.json applied_keys=['date_col', 'drop_users', 'target_cols']
[2026-08-27 15:15:55,690][evaluation.evaluator][INFO] - evaluate dataset=time/ne_china_wind_h users=4 dates=8764 windows=64 removed_constant=0 L=504 H=168 stride=512
[2026-08-27 15:15:55,920][evaluation.evaluator][INFO] - artifacts ready run=/fssmall/home/h61084/codes/tsfm/outputs_selena/univariate/time-ne_china_wind_h/504_168/persistence/none/instance/keep/run_0 mse=0.747524 nmse=2.14608 inference_seconds=0.026
2026-08-27 15:15:58 | configuration dataset=time/ne_china_wind_h L=504 H=168 model=expected covariates=none instance_norm=true remove_constant=false seed=1 batch_size=512
[2026-08-27 15:16:00,532][data.dataset][INFO] - dataset config path=/fssmall/home/h61084/codes/datasets/time/ne_china_wind_h/config.json applied_keys=['date_col', 'drop_users', 'target_cols']
[2026-08-27 15:16:00,556][evaluation.evaluator][INFO] - evaluate dataset=time/ne_china_wind_h users=4 dates=8764 windows=64 removed_constant=0 L=504 H=168 stride=512
[2026-08-27 15:16:00,794][evaluation.evaluator][INFO] - artifacts ready run=/fssmall/home/h61084/codes/tsfm/outputs_selena/univariate/time-ne_china_wind_h/504_168/expected/none/instance/keep/run_0 mse=0.496527 nmse=1.60925 inference_seconds=0.025
2026-08-27 15:16:02 | configuration dataset=time/ne_china_wind_h L=504 H=168 model=repeat covariates=none instance_norm=true remove_constant=false seed=1 batch_size=512
[2026-08-27 15:16:05,481][data.dataset][INFO] - dataset config path=/fssmall/home/h61084/codes/datasets/time/ne_china_wind_h/config.json applied_keys=['date_col', 'drop_users', 'target_cols']
[2026-08-27 15:16:05,506][evaluation.evaluator][INFO] - evaluate dataset=time/ne_china_wind_h users=4 dates=8764 windows=64 removed_constant=0 L=504 H=168 stride=512
[2026-08-27 15:16:05,731][evaluation.evaluator][INFO] - artifacts ready run=/fssmall/home/h61084/codes/tsfm/outputs_selena/univariate/time-ne_china_wind_h/504_168/repeat/none/instance/keep/run_0 mse=0.835796 nmse=2.49405 inference_seconds=0.021
2026-08-27 15:16:07 | configuration dataset=time/ne_china_wind_h L=504 H=168 model=lookback covariates=none instance_norm=true remove_constant=false seed=1 batch_size=512
[2026-08-27 15:16:10,376][data.dataset][INFO] - dataset config path=/fssmall/home/h61084/codes/datasets/time/ne_china_wind_h/config.json applied_keys=['date_col', 'drop_users', 'target_cols']
[2026-08-27 15:16:10,388][evaluation.evaluator][INFO] - lookback weekly period=168 observations
[2026-08-27 15:16:10,401][evaluation.evaluator][INFO] - evaluate dataset=time/ne_china_wind_h users=4 dates=8764 windows=64 removed_constant=0 L=504 H=168 stride=512
[2026-08-27 15:16:10,636][evaluation.evaluator][INFO] - artifacts ready run=/fssmall/home/h61084/codes/tsfm/outputs_selena/univariate/time-ne_china_wind_h/504_168/lookback/none/instance/keep/run_0 mse=0.835796 nmse=2.49405 inference_seconds=0.020
2026-08-27 15:16:12 | configuration dataset=time/ne_china_wind_h L=504 H=168 model=chronos2 covariates=none instance_norm=true remove_constant=false seed=1 batch_size=64
[2026-08-27 15:16:15,235][data.dataset][INFO] - dataset config path=/fssmall/home/h61084/codes/datasets/time/ne_china_wind_h/config.json applied_keys=['date_col', 'drop_users', 'target_cols']
[2026-08-27 15:16:15,259][evaluation.evaluator][INFO] - evaluate dataset=time/ne_china_wind_h users=4 dates=8764 windows=64 removed_constant=0 L=504 H=168 stride=512
[2026-08-27 15:16:20,994][evaluation.evaluator][INFO] - artifacts ready run=/fssmall/home/h61084/codes/tsfm/outputs_selena/univariate/time-ne_china_wind_h/504_168/chronos2/none/instance/keep/run_0 mse=0.439599 nmse=1.34587 inference_seconds=0.199
2026-08-27 15:16:23 | configuration dataset=time/online_retail_2_uci_d L=7 H=1 model=persistence covariates=none instance_norm=true remove_constant=false seed=1 batch_size=512
[2026-08-27 15:16:26,026][data.dataset][INFO] - dataset config path=/fssmall/home/h61084/codes/datasets/time/online_retail_2_uci_d/config.json applied_keys=['date_col', 'drop_users', 'target_cols']
[2026-08-27 15:16:26,045][evaluation.evaluator][INFO] - evaluate dataset=time/online_retail_2_uci_d users=1 dates=739 windows=2 removed_constant=0 L=7 H=1 stride=512
[2026-08-27 15:16:26,267][evaluation.evaluator][INFO] - artifacts ready run=/fssmall/home/h61084/codes/tsfm/outputs_selena/univariate/time-online_retail_2_uci_d/7_1/persistence/none/instance/keep/run_0 mse=3.93612e+07 nmse=0.18299 inference_seconds=0.025
2026-08-27 15:16:28 | configuration dataset=time/online_retail_2_uci_d L=7 H=1 model=expected covariates=none instance_norm=true remove_constant=false seed=1 batch_size=512
[2026-08-27 15:16:30,956][data.dataset][INFO] - dataset config path=/fssmall/home/h61084/codes/datasets/time/online_retail_2_uci_d/config.json applied_keys=['date_col', 'drop_users', 'target_cols']
[2026-08-27 15:16:30,973][evaluation.evaluator][INFO] - evaluate dataset=time/online_retail_2_uci_d users=1 dates=739 windows=2 removed_constant=0 L=7 H=1 stride=512
[2026-08-27 15:16:31,196][evaluation.evaluator][INFO] - artifacts ready run=/fssmall/home/h61084/codes/tsfm/outputs_selena/univariate/time-online_retail_2_uci_d/7_1/expected/none/instance/keep/run_0 mse=1.18635e+08 nmse=0.604447 inference_seconds=0.020
2026-08-27 15:16:33 | configuration dataset=time/online_retail_2_uci_d L=7 H=1 model=repeat covariates=none instance_norm=true remove_constant=false seed=1 batch_size=512
[2026-08-27 15:16:35,836][data.dataset][INFO] - dataset config path=/fssmall/home/h61084/codes/datasets/time/online_retail_2_uci_d/config.json applied_keys=['date_col', 'drop_users', 'target_cols']
[2026-08-27 15:16:35,856][evaluation.evaluator][INFO] - evaluate dataset=time/online_retail_2_uci_d users=1 dates=739 windows=2 removed_constant=0 L=7 H=1 stride=512
[2026-08-27 15:16:36,090][evaluation.evaluator][INFO] - artifacts ready run=/fssmall/home/h61084/codes/tsfm/outputs_selena/univariate/time-online_retail_2_uci_d/7_1/repeat/none/instance/keep/run_0 mse=3.93612e+07 nmse=0.18299 inference_seconds=0.021
2026-08-27 15:16:38 | configuration dataset=time/online_retail_2_uci_d L=7 H=1 model=lookback covariates=none instance_norm=true remove_constant=false seed=1 batch_size=512
[2026-08-27 15:16:40,827][data.dataset][INFO] - dataset config path=/fssmall/home/h61084/codes/datasets/time/online_retail_2_uci_d/config.json applied_keys=['date_col', 'drop_users', 'target_cols']
[2026-08-27 15:16:40,833][evaluation.evaluator][INFO] - lookback weekly period=7 observations
[2026-08-27 15:16:40,845][evaluation.evaluator][INFO] - evaluate dataset=time/online_retail_2_uci_d users=1 dates=739 windows=2 removed_constant=0 L=7 H=1 stride=512
[2026-08-27 15:16:41,063][evaluation.evaluator][INFO] - artifacts ready run=/fssmall/home/h61084/codes/tsfm/outputs_selena/univariate/time-online_retail_2_uci_d/7_1/lookback/none/instance/keep/run_0 mse=1.37641e+07 nmse=0.0366298 inference_seconds=0.020
2026-08-27 15:16:43 | configuration dataset=time/online_retail_2_uci_d L=7 H=1 model=chronos2 covariates=none instance_norm=true remove_constant=false seed=1 batch_size=64
[2026-08-27 15:16:45,700][data.dataset][INFO] - dataset config path=/fssmall/home/h61084/codes/datasets/time/online_retail_2_uci_d/config.json applied_keys=['date_col', 'drop_users', 'target_cols']
[2026-08-27 15:16:45,718][evaluation.evaluator][INFO] - evaluate dataset=time/online_retail_2_uci_d users=1 dates=739 windows=2 removed_constant=0 L=7 H=1 stride=512
[2026-08-27 15:16:51,387][evaluation.evaluator][INFO] - artifacts ready run=/fssmall/home/h61084/codes/tsfm/outputs_selena/univariate/time-online_retail_2_uci_d/7_1/chronos2/none/instance/keep/run_0 mse=273513 nmse=0.000659573 inference_seconds=0.194
2026-08-27 15:16:53 | configuration dataset=time/online_retail_2_uci_d L=14 H=2 model=persistence covariates=none instance_norm=true remove_constant=false seed=1 batch_size=512
[2026-08-27 15:16:56,371][data.dataset][INFO] - dataset config path=/fssmall/home/h61084/codes/datasets/time/online_retail_2_uci_d/config.json applied_keys=['date_col', 'drop_users', 'target_cols']
[2026-08-27 15:16:56,389][evaluation.evaluator][INFO] - evaluate dataset=time/online_retail_2_uci_d users=1 dates=739 windows=2 removed_constant=0 L=14 H=2 stride=512
[2026-08-27 15:16:56,628][evaluation.evaluator][INFO] - artifacts ready run=/fssmall/home/h61084/codes/tsfm/outputs_selena/univariate/time-online_retail_2_uci_d/14_2/persistence/none/instance/keep/run_0 mse=3.37048e+08 nmse=0.961836 inference_seconds=0.025
2026-08-27 15:16:58 | configuration dataset=time/online_retail_2_uci_d L=14 H=2 model=expected covariates=none instance_norm=true remove_constant=false seed=1 batch_size=512
[2026-08-27 15:17:01,296][data.dataset][INFO] - dataset config path=/fssmall/home/h61084/codes/datasets/time/online_retail_2_uci_d/config.json applied_keys=['date_col', 'drop_users', 'target_cols']
[2026-08-27 15:17:01,314][evaluation.evaluator][INFO] - evaluate dataset=time/online_retail_2_uci_d users=1 dates=739 windows=2 removed_constant=0 L=14 H=2 stride=512
[2026-08-27 15:17:01,535][evaluation.evaluator][INFO] - artifacts ready run=/fssmall/home/h61084/codes/tsfm/outputs_selena/univariate/time-online_retail_2_uci_d/14_2/expected/none/instance/keep/run_0 mse=5.40317e+08 nmse=2.20344 inference_seconds=0.025
2026-08-27 15:17:03 | configuration dataset=time/online_retail_2_uci_d L=14 H=2 model=repeat covariates=none instance_norm=true remove_constant=false seed=1 batch_size=512
[2026-08-27 15:17:06,264][data.dataset][INFO] - dataset config path=/fssmall/home/h61084/codes/datasets/time/online_retail_2_uci_d/config.json applied_keys=['date_col', 'drop_users', 'target_cols']
[2026-08-27 15:17:06,284][evaluation.evaluator][INFO] - evaluate dataset=time/online_retail_2_uci_d users=1 dates=739 windows=2 removed_constant=0 L=14 H=2 stride=512
[2026-08-27 15:17:06,520][evaluation.evaluator][INFO] - artifacts ready run=/fssmall/home/h61084/codes/tsfm/outputs_selena/univariate/time-online_retail_2_uci_d/14_2/repeat/none/instance/keep/run_0 mse=3.59763e+08 nmse=0.929927 inference_seconds=0.021
2026-08-27 15:17:08 | configuration dataset=time/online_retail_2_uci_d L=14 H=2 model=lookback covariates=none instance_norm=true remove_constant=false seed=1 batch_size=512
[2026-08-27 15:17:11,330][data.dataset][INFO] - dataset config path=/fssmall/home/h61084/codes/datasets/time/online_retail_2_uci_d/config.json applied_keys=['date_col', 'drop_users', 'target_cols']
[2026-08-27 15:17:11,336][evaluation.evaluator][INFO] - lookback weekly period=7 observations
[2026-08-27 15:17:11,348][evaluation.evaluator][INFO] - evaluate dataset=time/online_retail_2_uci_d users=1 dates=739 windows=2 removed_constant=0 L=14 H=2 stride=512
[2026-08-27 15:17:11,567][evaluation.evaluator][INFO] - artifacts ready run=/fssmall/home/h61084/codes/tsfm/outputs_selena/univariate/time-online_retail_2_uci_d/14_2/lookback/none/instance/keep/run_0 mse=3.14462e+08 nmse=1.2669 inference_seconds=0.020
2026-08-27 15:17:13 | configuration dataset=time/online_retail_2_uci_d L=14 H=2 model=chronos2 covariates=none instance_norm=true remove_constant=false seed=1 batch_size=64
[2026-08-27 15:17:16,306][data.dataset][INFO] - dataset config path=/fssmall/home/h61084/codes/datasets/time/online_retail_2_uci_d/config.json applied_keys=['date_col', 'drop_users', 'target_cols']
[2026-08-27 15:17:16,324][evaluation.evaluator][INFO] - evaluate dataset=time/online_retail_2_uci_d users=1 dates=739 windows=2 removed_constant=0 L=14 H=2 stride=512
[2026-08-27 15:17:22,095][evaluation.evaluator][INFO] - artifacts ready run=/fssmall/home/h61084/codes/tsfm/outputs_selena/univariate/time-online_retail_2_uci_d/14_2/chronos2/none/instance/keep/run_0 mse=4.08339e+08 nmse=1.39018 inference_seconds=0.195
2026-08-27 15:17:24 | configuration dataset=time/online_retail_2_uci_d L=30 H=7 model=persistence covariates=none instance_norm=true remove_constant=false seed=1 batch_size=512
[2026-08-27 15:17:27,186][data.dataset][INFO] - dataset config path=/fssmall/home/h61084/codes/datasets/time/online_retail_2_uci_d/config.json applied_keys=['date_col', 'drop_users', 'target_cols']
[2026-08-27 15:17:27,204][evaluation.evaluator][INFO] - evaluate dataset=time/online_retail_2_uci_d users=1 dates=739 windows=2 removed_constant=0 L=30 H=7 stride=512
[2026-08-27 15:17:27,448][evaluation.evaluator][INFO] - artifacts ready run=/fssmall/home/h61084/codes/tsfm/outputs_selena/univariate/time-online_retail_2_uci_d/30_7/persistence/none/instance/keep/run_0 mse=2.75788e+08 nmse=0.918573 inference_seconds=0.026
2026-08-27 15:17:29 | configuration dataset=time/online_retail_2_uci_d L=30 H=7 model=expected covariates=none instance_norm=true remove_constant=false seed=1 batch_size=512
[2026-08-27 15:17:32,229][data.dataset][INFO] - dataset config path=/fssmall/home/h61084/codes/datasets/time/online_retail_2_uci_d/config.json applied_keys=['date_col', 'drop_users', 'target_cols']
[2026-08-27 15:17:32,247][evaluation.evaluator][INFO] - evaluate dataset=time/online_retail_2_uci_d users=1 dates=739 windows=2 removed_constant=0 L=30 H=7 stride=512
[2026-08-27 15:17:32,470][evaluation.evaluator][INFO] - artifacts ready run=/fssmall/home/h61084/codes/tsfm/outputs_selena/univariate/time-online_retail_2_uci_d/30_7/expected/none/instance/keep/run_0 mse=3.82242e+08 nmse=0.900087 inference_seconds=0.024
2026-08-27 15:17:34 | configuration dataset=time/online_retail_2_uci_d L=30 H=7 model=repeat covariates=none instance_norm=true remove_constant=false seed=1 batch_size=512
[2026-08-27 15:17:37,226][data.dataset][INFO] - dataset config path=/fssmall/home/h61084/codes/datasets/time/online_retail_2_uci_d/config.json applied_keys=['date_col', 'drop_users', 'target_cols']
[2026-08-27 15:17:37,245][evaluation.evaluator][INFO] - evaluate dataset=time/online_retail_2_uci_d users=1 dates=739 windows=2 removed_constant=0 L=30 H=7 stride=512
[2026-08-27 15:17:37,464][evaluation.evaluator][INFO] - artifacts ready run=/fssmall/home/h61084/codes/tsfm/outputs_selena/univariate/time-online_retail_2_uci_d/30_7/repeat/none/instance/keep/run_0 mse=1.68197e+08 nmse=0.527405 inference_seconds=0.020
2026-08-27 15:17:39 | configuration dataset=time/online_retail_2_uci_d L=30 H=7 model=lookback covariates=none instance_norm=true remove_constant=false seed=1 batch_size=512
[2026-08-27 15:17:42,178][data.dataset][INFO] - dataset config path=/fssmall/home/h61084/codes/datasets/time/online_retail_2_uci_d/config.json applied_keys=['date_col', 'drop_users', 'target_cols']
[2026-08-27 15:17:42,184][evaluation.evaluator][INFO] - lookback weekly period=7 observations
[2026-08-27 15:17:42,197][evaluation.evaluator][INFO] - evaluate dataset=time/online_retail_2_uci_d users=1 dates=739 windows=2 removed_constant=0 L=30 H=7 stride=512
[2026-08-27 15:17:42,419][evaluation.evaluator][INFO] - artifacts ready run=/fssmall/home/h61084/codes/tsfm/outputs_selena/univariate/time-online_retail_2_uci_d/30_7/lookback/none/instance/keep/run_0 mse=1.68197e+08 nmse=0.527405 inference_seconds=0.020
2026-08-27 15:17:44 | configuration dataset=time/online_retail_2_uci_d L=30 H=7 model=chronos2 covariates=none instance_norm=true remove_constant=false seed=1 batch_size=64
[2026-08-27 15:17:47,188][data.dataset][INFO] - dataset config path=/fssmall/home/h61084/codes/datasets/time/online_retail_2_uci_d/config.json applied_keys=['date_col', 'drop_users', 'target_cols']
[2026-08-27 15:17:47,206][evaluation.evaluator][INFO] - evaluate dataset=time/online_retail_2_uci_d users=1 dates=739 windows=2 removed_constant=0 L=30 H=7 stride=512
[2026-08-27 15:17:52,930][evaluation.evaluator][INFO] - artifacts ready run=/fssmall/home/h61084/codes/tsfm/outputs_selena/univariate/time-online_retail_2_uci_d/30_7/chronos2/none/instance/keep/run_0 mse=1.44986e+08 nmse=0.451214 inference_seconds=0.194
2026-08-27 15:17:55 | configuration dataset=time/port_activity_d L=7 H=1 model=persistence covariates=none instance_norm=true remove_constant=false seed=1 batch_size=512
[2026-08-27 15:17:58,068][data.dataset][INFO] - dataset config path=/fssmall/home/h61084/codes/datasets/time/port_activity_d/config.json applied_keys=['date_col', 'drop_users', 'target_cols']
[2026-08-27 15:17:58,128][evaluation.evaluator][INFO] - evaluate dataset=time/port_activity_d users=198 dates=2127 windows=990 removed_constant=0 L=7 H=1 stride=512
[2026-08-27 15:17:58,387][evaluation.evaluator][INFO] - artifacts ready run=/fssmall/home/h61084/codes/tsfm/outputs_selena/univariate/time-port_activity_d/7_1/persistence/none/instance/keep/run_0 mse=1.49964e+09 nmse=1.74794e+18 inference_seconds=0.025
2026-08-27 15:18:00 | configuration dataset=time/port_activity_d L=7 H=1 model=expected covariates=none instance_norm=true remove_constant=false seed=1 batch_size=512
[2026-08-27 15:18:03,141][data.dataset][INFO] - dataset config path=/fssmall/home/h61084/codes/datasets/time/port_activity_d/config.json applied_keys=['date_col', 'drop_users', 'target_cols']
[2026-08-27 15:18:03,198][evaluation.evaluator][INFO] - evaluate dataset=time/port_activity_d users=198 dates=2127 windows=990 removed_constant=0 L=7 H=1 stride=512
[2026-08-27 15:18:03,455][evaluation.evaluator][INFO] - artifacts ready run=/fssmall/home/h61084/codes/tsfm/outputs_selena/univariate/time-port_activity_d/7_1/expected/none/instance/keep/run_0 mse=9.0582e+08 nmse=1.74794e+18 inference_seconds=0.021
2026-08-27 15:18:05 | configuration dataset=time/port_activity_d L=7 H=1 model=repeat covariates=none instance_norm=true remove_constant=false seed=1 batch_size=512
[2026-08-27 15:18:08,284][data.dataset][INFO] - dataset config path=/fssmall/home/h61084/codes/datasets/time/port_activity_d/config.json applied_keys=['date_col', 'drop_users', 'target_cols']
[2026-08-27 15:18:08,340][evaluation.evaluator][INFO] - evaluate dataset=time/port_activity_d users=198 dates=2127 windows=990 removed_constant=0 L=7 H=1 stride=512
[2026-08-27 15:18:08,592][evaluation.evaluator][INFO] - artifacts ready run=/fssmall/home/h61084/codes/tsfm/outputs_selena/univariate/time-port_activity_d/7_1/repeat/none/instance/keep/run_0 mse=1.49964e+09 nmse=1.74794e+18 inference_seconds=0.021
2026-08-27 15:18:10 | configuration dataset=time/port_activity_d L=7 H=1 model=lookback covariates=none instance_norm=true remove_constant=false seed=1 batch_size=512
[2026-08-27 15:18:13,426][data.dataset][INFO] - dataset config path=/fssmall/home/h61084/codes/datasets/time/port_activity_d/config.json applied_keys=['date_col', 'drop_users', 'target_cols']
[2026-08-27 15:18:13,469][evaluation.evaluator][INFO] - lookback weekly period=7 observations
[2026-08-27 15:18:13,482][evaluation.evaluator][INFO] - evaluate dataset=time/port_activity_d users=198 dates=2127 windows=990 removed_constant=0 L=7 H=1 stride=512
[2026-08-27 15:18:13,756][evaluation.evaluator][INFO] - artifacts ready run=/fssmall/home/h61084/codes/tsfm/outputs_selena/univariate/time-port_activity_d/7_1/lookback/none/instance/keep/run_0 mse=2.93162e+09 nmse=1.74794e+18 inference_seconds=0.021
2026-08-27 15:18:15 | configuration dataset=time/port_activity_d L=7 H=1 model=chronos2 covariates=none instance_norm=true remove_constant=false seed=1 batch_size=64
[2026-08-27 15:18:18,462][data.dataset][INFO] - dataset config path=/fssmall/home/h61084/codes/datasets/time/port_activity_d/config.json applied_keys=['date_col', 'drop_users', 'target_cols']
[2026-08-27 15:18:18,517][evaluation.evaluator][INFO] - evaluate dataset=time/port_activity_d users=198 dates=2127 windows=990 removed_constant=0 L=7 H=1 stride=512
[2026-08-27 15:18:24,725][evaluation.evaluator][INFO] - artifacts ready run=/fssmall/home/h61084/codes/tsfm/outputs_selena/univariate/time-port_activity_d/7_1/chronos2/none/instance/keep/run_0 mse=1.12775e+09 nmse=1.74794e+18 inference_seconds=0.469
2026-08-27 15:18:27 | configuration dataset=time/port_activity_d L=14 H=2 model=persistence covariates=none instance_norm=true remove_constant=false seed=1 batch_size=512
[2026-08-27 15:18:29,857][data.dataset][INFO] - dataset config path=/fssmall/home/h61084/codes/datasets/time/port_activity_d/config.json applied_keys=['date_col', 'drop_users', 'target_cols']
[2026-08-27 15:18:29,913][evaluation.evaluator][INFO] - evaluate dataset=time/port_activity_d users=198 dates=2127 windows=990 removed_constant=0 L=14 H=2 stride=512
[2026-08-27 15:18:30,180][evaluation.evaluator][INFO] - artifacts ready run=/fssmall/home/h61084/codes/tsfm/outputs_selena/univariate/time-port_activity_d/14_2/persistence/none/instance/keep/run_0 mse=1.90178e+09 nmse=2.59906 inference_seconds=0.025
2026-08-27 15:18:32 | configuration dataset=time/port_activity_d L=14 H=2 model=expected covariates=none instance_norm=true remove_constant=false seed=1 batch_size=512
[2026-08-27 15:18:34,960][data.dataset][INFO] - dataset config path=/fssmall/home/h61084/codes/datasets/time/port_activity_d/config.json applied_keys=['date_col', 'drop_users', 'target_cols']
[2026-08-27 15:18:35,015][evaluation.evaluator][INFO] - evaluate dataset=time/port_activity_d users=198 dates=2127 windows=990 removed_constant=0 L=14 H=2 stride=512
[2026-08-27 15:18:35,278][evaluation.evaluator][INFO] - artifacts ready run=/fssmall/home/h61084/codes/tsfm/outputs_selena/univariate/time-port_activity_d/14_2/expected/none/instance/keep/run_0 mse=1.01714e+09 nmse=1.6452 inference_seconds=0.025
2026-08-27 15:18:37 | configuration dataset=time/port_activity_d L=14 H=2 model=repeat covariates=none instance_norm=true remove_constant=false seed=1 batch_size=512
[2026-08-27 15:18:40,132][data.dataset][INFO] - dataset config path=/fssmall/home/h61084/codes/datasets/time/port_activity_d/config.json applied_keys=['date_col', 'drop_users', 'target_cols']
[2026-08-27 15:18:40,193][evaluation.evaluator][INFO] - evaluate dataset=time/port_activity_d users=198 dates=2127 windows=990 removed_constant=0 L=14 H=2 stride=512
[2026-08-27 15:18:40,455][evaluation.evaluator][INFO] - artifacts ready run=/fssmall/home/h61084/codes/tsfm/outputs_selena/univariate/time-port_activity_d/14_2/repeat/none/instance/keep/run_0 mse=1.92153e+09 nmse=2.61411 inference_seconds=0.021
2026-08-27 15:18:42 | configuration dataset=time/port_activity_d L=14 H=2 model=lookback covariates=none instance_norm=true remove_constant=false seed=1 batch_size=512
[2026-08-27 15:18:45,208][data.dataset][INFO] - dataset config path=/fssmall/home/h61084/codes/datasets/time/port_activity_d/config.json applied_keys=['date_col', 'drop_users', 'target_cols']
[2026-08-27 15:18:45,252][evaluation.evaluator][INFO] - lookback weekly period=7 observations
[2026-08-27 15:18:45,265][evaluation.evaluator][INFO] - evaluate dataset=time/port_activity_d users=198 dates=2127 windows=990 removed_constant=0 L=14 H=2 stride=512
[2026-08-27 15:18:45,534][evaluation.evaluator][INFO] - artifacts ready run=/fssmall/home/h61084/codes/tsfm/outputs_selena/univariate/time-port_activity_d/14_2/lookback/none/instance/keep/run_0 mse=1.5374e+09 nmse=2.54827 inference_seconds=0.021
2026-08-27 15:18:47 | configuration dataset=time/port_activity_d L=14 H=2 model=chronos2 covariates=none instance_norm=true remove_constant=false seed=1 batch_size=64
[2026-08-27 15:18:50,324][data.dataset][INFO] - dataset config path=/fssmall/home/h61084/codes/datasets/time/port_activity_d/config.json applied_keys=['date_col', 'drop_users', 'target_cols']
[2026-08-27 15:18:50,380][evaluation.evaluator][INFO] - evaluate dataset=time/port_activity_d users=198 dates=2127 windows=990 removed_constant=0 L=14 H=2 stride=512
[2026-08-27 15:18:56,411][evaluation.evaluator][INFO] - artifacts ready run=/fssmall/home/h61084/codes/tsfm/outputs_selena/univariate/time-port_activity_d/14_2/chronos2/none/instance/keep/run_0 mse=1.18523e+09 nmse=1.88526 inference_seconds=0.469
2026-08-27 15:18:58 | configuration dataset=time/port_activity_d L=30 H=7 model=persistence covariates=none instance_norm=true remove_constant=false seed=1 batch_size=512
[2026-08-27 15:19:01,507][data.dataset][INFO] - dataset config path=/fssmall/home/h61084/codes/datasets/time/port_activity_d/config.json applied_keys=['date_col', 'drop_users', 'target_cols']
[2026-08-27 15:19:01,562][evaluation.evaluator][INFO] - evaluate dataset=time/port_activity_d users=198 dates=2127 windows=990 removed_constant=0 L=30 H=7 stride=512
[2026-08-27 15:19:01,820][evaluation.evaluator][INFO] - artifacts ready run=/fssmall/home/h61084/codes/tsfm/outputs_selena/univariate/time-port_activity_d/30_7/persistence/none/instance/keep/run_0 mse=2.0573e+09 nmse=2.12905 inference_seconds=0.025
2026-08-27 15:19:03 | configuration dataset=time/port_activity_d L=30 H=7 model=expected covariates=none instance_norm=true remove_constant=false seed=1 batch_size=512
[2026-08-27 15:19:06,501][data.dataset][INFO] - dataset config path=/fssmall/home/h61084/codes/datasets/time/port_activity_d/config.json applied_keys=['date_col', 'drop_users', 'target_cols']
[2026-08-27 15:19:06,557][evaluation.evaluator][INFO] - evaluate dataset=time/port_activity_d users=198 dates=2127 windows=990 removed_constant=0 L=30 H=7 stride=512
[2026-08-27 15:19:06,817][evaluation.evaluator][INFO] - artifacts ready run=/fssmall/home/h61084/codes/tsfm/outputs_selena/univariate/time-port_activity_d/30_7/expected/none/instance/keep/run_0 mse=1.00581e+09 nmse=1.17655 inference_seconds=0.025
2026-08-27 15:19:09 | configuration dataset=time/port_activity_d L=30 H=7 model=repeat covariates=none instance_norm=true remove_constant=false seed=1 batch_size=512
[2026-08-27 15:19:11,646][data.dataset][INFO] - dataset config path=/fssmall/home/h61084/codes/datasets/time/port_activity_d/config.json applied_keys=['date_col', 'drop_users', 'target_cols']
[2026-08-27 15:19:11,702][evaluation.evaluator][INFO] - evaluate dataset=time/port_activity_d users=198 dates=2127 windows=990 removed_constant=0 L=30 H=7 stride=512
[2026-08-27 15:19:11,957][evaluation.evaluator][INFO] - artifacts ready run=/fssmall/home/h61084/codes/tsfm/outputs_selena/univariate/time-port_activity_d/30_7/repeat/none/instance/keep/run_0 mse=1.74332e+09 nmse=2.07176 inference_seconds=0.020
2026-08-27 15:19:14 | configuration dataset=time/port_activity_d L=30 H=7 model=lookback covariates=none instance_norm=true remove_constant=false seed=1 batch_size=512
[2026-08-27 15:19:16,776][data.dataset][INFO] - dataset config path=/fssmall/home/h61084/codes/datasets/time/port_activity_d/config.json applied_keys=['date_col', 'drop_users', 'target_cols']
[2026-08-27 15:19:16,819][evaluation.evaluator][INFO] - lookback weekly period=7 observations
[2026-08-27 15:19:16,839][evaluation.evaluator][INFO] - evaluate dataset=time/port_activity_d users=198 dates=2127 windows=990 removed_constant=0 L=30 H=7 stride=512
[2026-08-27 15:19:17,095][evaluation.evaluator][INFO] - artifacts ready run=/fssmall/home/h61084/codes/tsfm/outputs_selena/univariate/time-port_activity_d/30_7/lookback/none/instance/keep/run_0 mse=1.74332e+09 nmse=2.07176 inference_seconds=0.021
2026-08-27 15:19:19 | configuration dataset=time/port_activity_d L=30 H=7 model=chronos2 covariates=none instance_norm=true remove_constant=false seed=1 batch_size=64
[2026-08-27 15:19:21,844][data.dataset][INFO] - dataset config path=/fssmall/home/h61084/codes/datasets/time/port_activity_d/config.json applied_keys=['date_col', 'drop_users', 'target_cols']
[2026-08-27 15:19:21,900][evaluation.evaluator][INFO] - evaluate dataset=time/port_activity_d users=198 dates=2127 windows=990 removed_constant=0 L=30 H=7 stride=512
[2026-08-27 15:19:27,931][evaluation.evaluator][INFO] - artifacts ready run=/fssmall/home/h61084/codes/tsfm/outputs_selena/univariate/time-port_activity_d/30_7/chronos2/none/instance/keep/run_0 mse=1.06174e+09 nmse=1.29915 inference_seconds=0.469
2026-08-27 15:19:30 | configuration dataset=time/supply_chain_customer_d L=7 H=1 model=persistence covariates=none instance_norm=true remove_constant=false seed=1 batch_size=512
[2026-08-27 15:19:33,149][data.dataset][INFO] - dataset config path=/fssmall/home/h61084/codes/datasets/time/supply_chain_customer_d/config.json applied_keys=['date_col', 'drop_users', 'target_cols']
[2026-08-27 15:19:33,175][evaluation.evaluator][INFO] - evaluate dataset=time/supply_chain_customer_d users=36 dates=2007 windows=144 removed_constant=0 L=7 H=1 stride=512
[2026-08-27 15:19:33,420][evaluation.evaluator][INFO] - artifacts ready run=/fssmall/home/h61084/codes/tsfm/outputs_selena/univariate/time-supply_chain_customer_d/7_1/persistence/none/instance/keep/run_0 mse=2.21846e+07 nmse=0.612747 inference_seconds=0.025
2026-08-27 15:19:35 | configuration dataset=time/supply_chain_customer_d L=7 H=1 model=expected covariates=none instance_norm=true remove_constant=false seed=1 batch_size=512
[2026-08-27 15:19:38,186][data.dataset][INFO] - dataset config path=/fssmall/home/h61084/codes/datasets/time/supply_chain_customer_d/config.json applied_keys=['date_col', 'drop_users', 'target_cols']
[2026-08-27 15:19:38,209][evaluation.evaluator][INFO] - evaluate dataset=time/supply_chain_customer_d users=36 dates=2007 windows=144 removed_constant=0 L=7 H=1 stride=512
[2026-08-27 15:19:38,433][evaluation.evaluator][INFO] - artifacts ready run=/fssmall/home/h61084/codes/tsfm/outputs_selena/univariate/time-supply_chain_customer_d/7_1/expected/none/instance/keep/run_0 mse=4.9082e+07 nmse=0.702879 inference_seconds=0.020
2026-08-27 15:19:40 | configuration dataset=time/supply_chain_customer_d L=7 H=1 model=repeat covariates=none instance_norm=true remove_constant=false seed=1 batch_size=512
[2026-08-27 15:19:43,255][data.dataset][INFO] - dataset config path=/fssmall/home/h61084/codes/datasets/time/supply_chain_customer_d/config.json applied_keys=['date_col', 'drop_users', 'target_cols']
[2026-08-27 15:19:43,279][evaluation.evaluator][INFO] - evaluate dataset=time/supply_chain_customer_d users=36 dates=2007 windows=144 removed_constant=0 L=7 H=1 stride=512
[2026-08-27 15:19:43,518][evaluation.evaluator][INFO] - artifacts ready run=/fssmall/home/h61084/codes/tsfm/outputs_selena/univariate/time-supply_chain_customer_d/7_1/repeat/none/instance/keep/run_0 mse=2.21846e+07 nmse=0.612747 inference_seconds=0.021
2026-08-27 15:19:45 | configuration dataset=time/supply_chain_customer_d L=7 H=1 model=lookback covariates=none instance_norm=true remove_constant=false seed=1 batch_size=512
[2026-08-27 15:19:48,344][data.dataset][INFO] - dataset config path=/fssmall/home/h61084/codes/datasets/time/supply_chain_customer_d/config.json applied_keys=['date_col', 'drop_users', 'target_cols']
[2026-08-27 15:19:48,359][evaluation.evaluator][INFO] - lookback weekly period=7 observations
[2026-08-27 15:19:48,371][evaluation.evaluator][INFO] - evaluate dataset=time/supply_chain_customer_d users=36 dates=2007 windows=144 removed_constant=0 L=7 H=1 stride=512
[2026-08-27 15:19:48,606][evaluation.evaluator][INFO] - artifacts ready run=/fssmall/home/h61084/codes/tsfm/outputs_selena/univariate/time-supply_chain_customer_d/7_1/lookback/none/instance/keep/run_0 mse=7.69052e+06 nmse=0.485713 inference_seconds=0.020
2026-08-27 15:19:50 | configuration dataset=time/supply_chain_customer_d L=7 H=1 model=chronos2 covariates=none instance_norm=true remove_constant=false seed=1 batch_size=64
[2026-08-27 15:19:53,362][data.dataset][INFO] - dataset config path=/fssmall/home/h61084/codes/datasets/time/supply_chain_customer_d/config.json applied_keys=['date_col', 'drop_users', 'target_cols']
[2026-08-27 15:19:53,386][evaluation.evaluator][INFO] - evaluate dataset=time/supply_chain_customer_d users=36 dates=2007 windows=144 removed_constant=0 L=7 H=1 stride=512
[2026-08-27 15:19:59,256][evaluation.evaluator][INFO] - artifacts ready run=/fssmall/home/h61084/codes/tsfm/outputs_selena/univariate/time-supply_chain_customer_d/7_1/chronos2/none/instance/keep/run_0 mse=2.22684e+07 nmse=0.525762 inference_seconds=0.236
2026-08-27 15:20:01 | configuration dataset=time/supply_chain_customer_d L=14 H=2 model=persistence covariates=none instance_norm=true remove_constant=false seed=1 batch_size=512
[2026-08-27 15:20:04,349][data.dataset][INFO] - dataset config path=/fssmall/home/h61084/codes/datasets/time/supply_chain_customer_d/config.json applied_keys=['date_col', 'drop_users', 'target_cols']
[2026-08-27 15:20:04,373][evaluation.evaluator][INFO] - evaluate dataset=time/supply_chain_customer_d users=36 dates=2007 windows=144 removed_constant=0 L=14 H=2 stride=512
[2026-08-27 15:20:04,614][evaluation.evaluator][INFO] - artifacts ready run=/fssmall/home/h61084/codes/tsfm/outputs_selena/univariate/time-supply_chain_customer_d/14_2/persistence/none/instance/keep/run_0 mse=1.01845e+08 nmse=1.00155 inference_seconds=0.025
2026-08-27 15:20:06 | configuration dataset=time/supply_chain_customer_d L=14 H=2 model=expected covariates=none instance_norm=true remove_constant=false seed=1 batch_size=512
[2026-08-27 15:20:09,371][data.dataset][INFO] - dataset config path=/fssmall/home/h61084/codes/datasets/time/supply_chain_customer_d/config.json applied_keys=['date_col', 'drop_users', 'target_cols']
[2026-08-27 15:20:09,394][evaluation.evaluator][INFO] - evaluate dataset=time/supply_chain_customer_d users=36 dates=2007 windows=144 removed_constant=0 L=14 H=2 stride=512
[2026-08-27 15:20:09,627][evaluation.evaluator][INFO] - artifacts ready run=/fssmall/home/h61084/codes/tsfm/outputs_selena/univariate/time-supply_chain_customer_d/14_2/expected/none/instance/keep/run_0 mse=6.5819e+07 nmse=0.706154 inference_seconds=0.024
2026-08-27 15:20:11 | configuration dataset=time/supply_chain_customer_d L=14 H=2 model=repeat covariates=none instance_norm=true remove_constant=false seed=1 batch_size=512
[2026-08-27 15:20:14,407][data.dataset][INFO] - dataset config path=/fssmall/home/h61084/codes/datasets/time/supply_chain_customer_d/config.json applied_keys=['date_col', 'drop_users', 'target_cols']
[2026-08-27 15:20:14,430][evaluation.evaluator][INFO] - evaluate dataset=time/supply_chain_customer_d users=36 dates=2007 windows=144 removed_constant=0 L=14 H=2 stride=512
[2026-08-27 15:20:14,651][evaluation.evaluator][INFO] - artifacts ready run=/fssmall/home/h61084/codes/tsfm/outputs_selena/univariate/time-supply_chain_customer_d/14_2/repeat/none/instance/keep/run_0 mse=1.24339e+08 nmse=1.49509 inference_seconds=0.020
2026-08-27 15:20:16 | configuration dataset=time/supply_chain_customer_d L=14 H=2 model=lookback covariates=none instance_norm=true remove_constant=false seed=1 batch_size=512
[2026-08-27 15:20:19,412][data.dataset][INFO] - dataset config path=/fssmall/home/h61084/codes/datasets/time/supply_chain_customer_d/config.json applied_keys=['date_col', 'drop_users', 'target_cols']
[2026-08-27 15:20:19,423][evaluation.evaluator][INFO] - lookback weekly period=7 observations
[2026-08-27 15:20:19,435][evaluation.evaluator][INFO] - evaluate dataset=time/supply_chain_customer_d users=36 dates=2007 windows=144 removed_constant=0 L=14 H=2 stride=512
[2026-08-27 15:20:19,664][evaluation.evaluator][INFO] - artifacts ready run=/fssmall/home/h61084/codes/tsfm/outputs_selena/univariate/time-supply_chain_customer_d/14_2/lookback/none/instance/keep/run_0 mse=2.72052e+07 nmse=0.383217 inference_seconds=0.020
2026-08-27 15:20:21 | configuration dataset=time/supply_chain_customer_d L=14 H=2 model=chronos2 covariates=none instance_norm=true remove_constant=false seed=1 batch_size=64
[2026-08-27 15:20:24,424][data.dataset][INFO] - dataset config path=/fssmall/home/h61084/codes/datasets/time/supply_chain_customer_d/config.json applied_keys=['date_col', 'drop_users', 'target_cols']
[2026-08-27 15:20:24,449][evaluation.evaluator][INFO] - evaluate dataset=time/supply_chain_customer_d users=36 dates=2007 windows=144 removed_constant=0 L=14 H=2 stride=512
[2026-08-27 15:20:30,223][evaluation.evaluator][INFO] - artifacts ready run=/fssmall/home/h61084/codes/tsfm/outputs_selena/univariate/time-supply_chain_customer_d/14_2/chronos2/none/instance/keep/run_0 mse=5.78657e+07 nmse=0.499578 inference_seconds=0.237
2026-08-27 15:20:32 | configuration dataset=time/supply_chain_customer_d L=30 H=7 model=persistence covariates=none instance_norm=true remove_constant=false seed=1 batch_size=512
[2026-08-27 15:20:35,380][data.dataset][INFO] - dataset config path=/fssmall/home/h61084/codes/datasets/time/supply_chain_customer_d/config.json applied_keys=['date_col', 'drop_users', 'target_cols']
[2026-08-27 15:20:35,405][evaluation.evaluator][INFO] - evaluate dataset=time/supply_chain_customer_d users=36 dates=2007 windows=144 removed_constant=0 L=30 H=7 stride=512
[2026-08-27 15:20:35,634][evaluation.evaluator][INFO] - artifacts ready run=/fssmall/home/h61084/codes/tsfm/outputs_selena/univariate/time-supply_chain_customer_d/30_7/persistence/none/instance/keep/run_0 mse=1.05539e+08 nmse=2.14803 inference_seconds=0.026
2026-08-27 15:20:37 | configuration dataset=time/supply_chain_customer_d L=30 H=7 model=expected covariates=none instance_norm=true remove_constant=false seed=1 batch_size=512
[2026-08-27 15:20:40,455][data.dataset][INFO] - dataset config path=/fssmall/home/h61084/codes/datasets/time/supply_chain_customer_d/config.json applied_keys=['date_col', 'drop_users', 'target_cols']
[2026-08-27 15:20:40,478][evaluation.evaluator][INFO] - evaluate dataset=time/supply_chain_customer_d users=36 dates=2007 windows=144 removed_constant=0 L=30 H=7 stride=512
[2026-08-27 15:20:40,721][evaluation.evaluator][INFO] - artifacts ready run=/fssmall/home/h61084/codes/tsfm/outputs_selena/univariate/time-supply_chain_customer_d/30_7/expected/none/instance/keep/run_0 mse=5.71438e+07 nmse=1.13872 inference_seconds=0.025
2026-08-27 15:20:42 | configuration dataset=time/supply_chain_customer_d L=30 H=7 model=repeat covariates=none instance_norm=true remove_constant=false seed=1 batch_size=512
[2026-08-27 15:20:45,523][data.dataset][INFO] - dataset config path=/fssmall/home/h61084/codes/datasets/time/supply_chain_customer_d/config.json applied_keys=['date_col', 'drop_users', 'target_cols']
[2026-08-27 15:20:45,545][evaluation.evaluator][INFO] - evaluate dataset=time/supply_chain_customer_d users=36 dates=2007 windows=144 removed_constant=0 L=30 H=7 stride=512
[2026-08-27 15:20:45,770][evaluation.evaluator][INFO] - artifacts ready run=/fssmall/home/h61084/codes/tsfm/outputs_selena/univariate/time-supply_chain_customer_d/30_7/repeat/none/instance/keep/run_0 mse=2.14172e+07 nmse=0.820884 inference_seconds=0.020
2026-08-27 15:20:48 | configuration dataset=time/supply_chain_customer_d L=30 H=7 model=lookback covariates=none instance_norm=true remove_constant=false seed=1 batch_size=512
[2026-08-27 15:20:50,596][data.dataset][INFO] - dataset config path=/fssmall/home/h61084/codes/datasets/time/supply_chain_customer_d/config.json applied_keys=['date_col', 'drop_users', 'target_cols']
[2026-08-27 15:20:50,608][evaluation.evaluator][INFO] - lookback weekly period=7 observations
[2026-08-27 15:20:50,620][evaluation.evaluator][INFO] - evaluate dataset=time/supply_chain_customer_d users=36 dates=2007 windows=144 removed_constant=0 L=30 H=7 stride=512
[2026-08-27 15:20:50,854][evaluation.evaluator][INFO] - artifacts ready run=/fssmall/home/h61084/codes/tsfm/outputs_selena/univariate/time-supply_chain_customer_d/30_7/lookback/none/instance/keep/run_0 mse=2.14172e+07 nmse=0.820884 inference_seconds=0.021
2026-08-27 15:20:53 | configuration dataset=time/supply_chain_customer_d L=30 H=7 model=chronos2 covariates=none instance_norm=true remove_constant=false seed=1 batch_size=64
[2026-08-27 15:20:55,586][data.dataset][INFO] - dataset config path=/fssmall/home/h61084/codes/datasets/time/supply_chain_customer_d/config.json applied_keys=['date_col', 'drop_users', 'target_cols']
[2026-08-27 15:20:55,610][evaluation.evaluator][INFO] - evaluate dataset=time/supply_chain_customer_d users=36 dates=2007 windows=144 removed_constant=0 L=30 H=7 stride=512
[2026-08-27 15:21:01,350][evaluation.evaluator][INFO] - artifacts ready run=/fssmall/home/h61084/codes/tsfm/outputs_selena/univariate/time-supply_chain_customer_d/30_7/chronos2/none/instance/keep/run_0 mse=2.14694e+07 nmse=0.714343 inference_seconds=0.237
2026-08-27 15:21:03 | configuration dataset=time/supply_chain_location_d L=7 H=1 model=persistence covariates=none instance_norm=true remove_constant=false seed=1 batch_size=512
[2026-08-27 15:21:06,526][data.dataset][INFO] - dataset config path=/fssmall/home/h61084/codes/datasets/time/supply_chain_location_d/config.json applied_keys=['date_col', 'drop_users', 'target_cols']
[2026-08-27 15:21:06,554][evaluation.evaluator][INFO] - evaluate dataset=time/supply_chain_location_d users=51 dates=2007 windows=204 removed_constant=0 L=7 H=1 stride=512
[2026-08-27 15:21:06,796][evaluation.evaluator][INFO] - artifacts ready run=/fssmall/home/h61084/codes/tsfm/outputs_selena/univariate/time-supply_chain_location_d/7_1/persistence/none/instance/keep/run_0 mse=1.06802e+07 nmse=0.692031 inference_seconds=0.025
2026-08-27 15:21:09 | configuration dataset=time/supply_chain_location_d L=7 H=1 model=expected covariates=none instance_norm=true remove_constant=false seed=1 batch_size=512
[2026-08-27 15:21:11,645][data.dataset][INFO] - dataset config path=/fssmall/home/h61084/codes/datasets/time/supply_chain_location_d/config.json applied_keys=['date_col', 'drop_users', 'target_cols']
[2026-08-27 15:21:11,671][evaluation.evaluator][INFO] - evaluate dataset=time/supply_chain_location_d users=51 dates=2007 windows=204 removed_constant=0 L=7 H=1 stride=512
[2026-08-27 15:21:11,899][evaluation.evaluator][INFO] - artifacts ready run=/fssmall/home/h61084/codes/tsfm/outputs_selena/univariate/time-supply_chain_location_d/7_1/expected/none/instance/keep/run_0 mse=1.53129e+07 nmse=0.668928 inference_seconds=0.020
2026-08-27 15:21:14 | configuration dataset=time/supply_chain_location_d L=7 H=1 model=repeat covariates=none instance_norm=true remove_constant=false seed=1 batch_size=512
[2026-08-27 15:21:16,633][data.dataset][INFO] - dataset config path=/fssmall/home/h61084/codes/datasets/time/supply_chain_location_d/config.json applied_keys=['date_col', 'drop_users', 'target_cols']
[2026-08-27 15:21:16,658][evaluation.evaluator][INFO] - evaluate dataset=time/supply_chain_location_d users=51 dates=2007 windows=204 removed_constant=0 L=7 H=1 stride=512
[2026-08-27 15:21:16,893][evaluation.evaluator][INFO] - artifacts ready run=/fssmall/home/h61084/codes/tsfm/outputs_selena/univariate/time-supply_chain_location_d/7_1/repeat/none/instance/keep/run_0 mse=1.06802e+07 nmse=0.692031 inference_seconds=0.020
2026-08-27 15:21:19 | configuration dataset=time/supply_chain_location_d L=7 H=1 model=lookback covariates=none instance_norm=true remove_constant=false seed=1 batch_size=512
[2026-08-27 15:21:21,723][data.dataset][INFO] - dataset config path=/fssmall/home/h61084/codes/datasets/time/supply_chain_location_d/config.json applied_keys=['date_col', 'drop_users', 'target_cols']
[2026-08-27 15:21:21,737][evaluation.evaluator][INFO] - lookback weekly period=7 observations
[2026-08-27 15:21:21,750][evaluation.evaluator][INFO] - evaluate dataset=time/supply_chain_location_d users=51 dates=2007 windows=204 removed_constant=0 L=7 H=1 stride=512
[2026-08-27 15:21:21,975][evaluation.evaluator][INFO] - artifacts ready run=/fssmall/home/h61084/codes/tsfm/outputs_selena/univariate/time-supply_chain_location_d/7_1/lookback/none/instance/keep/run_0 mse=5.72433e+06 nmse=0.40509 inference_seconds=0.020
2026-08-27 15:21:24 | configuration dataset=time/supply_chain_location_d L=7 H=1 model=chronos2 covariates=none instance_norm=true remove_constant=false seed=1 batch_size=64
[2026-08-27 15:21:26,756][data.dataset][INFO] - dataset config path=/fssmall/home/h61084/codes/datasets/time/supply_chain_location_d/config.json applied_keys=['date_col', 'drop_users', 'target_cols']
[2026-08-27 15:21:26,781][evaluation.evaluator][INFO] - evaluate dataset=time/supply_chain_location_d users=51 dates=2007 windows=204 removed_constant=0 L=7 H=1 stride=512
[2026-08-27 15:21:32,554][evaluation.evaluator][INFO] - artifacts ready run=/fssmall/home/h61084/codes/tsfm/outputs_selena/univariate/time-supply_chain_location_d/7_1/chronos2/none/instance/keep/run_0 mse=1.0126e+07 nmse=0.623387 inference_seconds=0.256
2026-08-27 15:21:35 | configuration dataset=time/supply_chain_location_d L=14 H=2 model=persistence covariates=none instance_norm=true remove_constant=false seed=1 batch_size=512
[2026-08-27 15:21:37,670][data.dataset][INFO] - dataset config path=/fssmall/home/h61084/codes/datasets/time/supply_chain_location_d/config.json applied_keys=['date_col', 'drop_users', 'target_cols']
[2026-08-27 15:21:37,696][evaluation.evaluator][INFO] - evaluate dataset=time/supply_chain_location_d users=51 dates=2007 windows=204 removed_constant=0 L=14 H=2 stride=512
[2026-08-27 15:21:37,940][evaluation.evaluator][INFO] - artifacts ready run=/fssmall/home/h61084/codes/tsfm/outputs_selena/univariate/time-supply_chain_location_d/14_2/persistence/none/instance/keep/run_0 mse=2.75562e+07 nmse=1.28363 inference_seconds=0.025
2026-08-27 15:21:40 | configuration dataset=time/supply_chain_location_d L=14 H=2 model=expected covariates=none instance_norm=true remove_constant=false seed=1 batch_size=512
[2026-08-27 15:21:42,749][data.dataset][INFO] - dataset config path=/fssmall/home/h61084/codes/datasets/time/supply_chain_location_d/config.json applied_keys=['date_col', 'drop_users', 'target_cols']
[2026-08-27 15:21:42,775][evaluation.evaluator][INFO] - evaluate dataset=time/supply_chain_location_d users=51 dates=2007 windows=204 removed_constant=0 L=14 H=2 stride=512
[2026-08-27 15:21:43,021][evaluation.evaluator][INFO] - artifacts ready run=/fssmall/home/h61084/codes/tsfm/outputs_selena/univariate/time-supply_chain_location_d/14_2/expected/none/instance/keep/run_0 mse=1.86584e+07 nmse=0.882457 inference_seconds=0.025
2026-08-27 15:21:45 | configuration dataset=time/supply_chain_location_d L=14 H=2 model=repeat covariates=none instance_norm=true remove_constant=false seed=1 batch_size=512
[2026-08-27 15:21:47,828][data.dataset][INFO] - dataset config path=/fssmall/home/h61084/codes/datasets/time/supply_chain_location_d/config.json applied_keys=['date_col', 'drop_users', 'target_cols']
[2026-08-27 15:21:47,854][evaluation.evaluator][INFO] - evaluate dataset=time/supply_chain_location_d users=51 dates=2007 windows=204 removed_constant=0 L=14 H=2 stride=512
[2026-08-27 15:21:48,093][evaluation.evaluator][INFO] - artifacts ready run=/fssmall/home/h61084/codes/tsfm/outputs_selena/univariate/time-supply_chain_location_d/14_2/repeat/none/instance/keep/run_0 mse=4.06055e+07 nmse=1.6947 inference_seconds=0.021
2026-08-27 15:21:50 | configuration dataset=time/supply_chain_location_d L=14 H=2 model=lookback covariates=none instance_norm=true remove_constant=false seed=1 batch_size=512
[2026-08-27 15:21:52,875][data.dataset][INFO] - dataset config path=/fssmall/home/h61084/codes/datasets/time/supply_chain_location_d/config.json applied_keys=['date_col', 'drop_users', 'target_cols']
[2026-08-27 15:21:52,890][evaluation.evaluator][INFO] - lookback weekly period=7 observations
[2026-08-27 15:21:52,902][evaluation.evaluator][INFO] - evaluate dataset=time/supply_chain_location_d users=51 dates=2007 windows=204 removed_constant=0 L=14 H=2 stride=512
[2026-08-27 15:21:53,139][evaluation.evaluator][INFO] - artifacts ready run=/fssmall/home/h61084/codes/tsfm/outputs_selena/univariate/time-supply_chain_location_d/14_2/lookback/none/instance/keep/run_0 mse=1.25934e+07 nmse=0.543816 inference_seconds=0.021
2026-08-27 15:21:55 | configuration dataset=time/supply_chain_location_d L=14 H=2 model=chronos2 covariates=none instance_norm=true remove_constant=false seed=1 batch_size=64
[2026-08-27 15:21:57,944][data.dataset][INFO] - dataset config path=/fssmall/home/h61084/codes/datasets/time/supply_chain_location_d/config.json applied_keys=['date_col', 'drop_users', 'target_cols']
[2026-08-27 15:21:57,969][evaluation.evaluator][INFO] - evaluate dataset=time/supply_chain_location_d users=51 dates=2007 windows=204 removed_constant=0 L=14 H=2 stride=512
[2026-08-27 15:22:03,696][evaluation.evaluator][INFO] - artifacts ready run=/fssmall/home/h61084/codes/tsfm/outputs_selena/univariate/time-supply_chain_location_d/14_2/chronos2/none/instance/keep/run_0 mse=1.78627e+07 nmse=0.757789 inference_seconds=0.253
2026-08-27 15:22:06 | configuration dataset=time/supply_chain_location_d L=30 H=7 model=persistence covariates=none instance_norm=true remove_constant=false seed=1 batch_size=512
[2026-08-27 15:22:08,855][data.dataset][INFO] - dataset config path=/fssmall/home/h61084/codes/datasets/time/supply_chain_location_d/config.json applied_keys=['date_col', 'drop_users', 'target_cols']
[2026-08-27 15:22:08,883][evaluation.evaluator][INFO] - evaluate dataset=time/supply_chain_location_d users=51 dates=2007 windows=204 removed_constant=0 L=30 H=7 stride=512
[2026-08-27 15:22:09,119][evaluation.evaluator][INFO] - artifacts ready run=/fssmall/home/h61084/codes/tsfm/outputs_selena/univariate/time-supply_chain_location_d/30_7/persistence/none/instance/keep/run_0 mse=4.21939e+07 nmse=1.93497 inference_seconds=0.025
2026-08-27 15:22:11 | configuration dataset=time/supply_chain_location_d L=30 H=7 model=expected covariates=none instance_norm=true remove_constant=false seed=1 batch_size=512
[2026-08-27 15:22:13,971][data.dataset][INFO] - dataset config path=/fssmall/home/h61084/codes/datasets/time/supply_chain_location_d/config.json applied_keys=['date_col', 'drop_users', 'target_cols']
[2026-08-27 15:22:13,997][evaluation.evaluator][INFO] - evaluate dataset=time/supply_chain_location_d users=51 dates=2007 windows=204 removed_constant=0 L=30 H=7 stride=512
[2026-08-27 15:22:14,237][evaluation.evaluator][INFO] - artifacts ready run=/fssmall/home/h61084/codes/tsfm/outputs_selena/univariate/time-supply_chain_location_d/30_7/expected/none/instance/keep/run_0 mse=2.2638e+07 nmse=1.11663 inference_seconds=0.025
2026-08-27 15:22:16 | configuration dataset=time/supply_chain_location_d L=30 H=7 model=repeat covariates=none instance_norm=true remove_constant=false seed=1 batch_size=512
[2026-08-27 15:22:19,068][data.dataset][INFO] - dataset config path=/fssmall/home/h61084/codes/datasets/time/supply_chain_location_d/config.json applied_keys=['date_col', 'drop_users', 'target_cols']
[2026-08-27 15:22:19,094][evaluation.evaluator][INFO] - evaluate dataset=time/supply_chain_location_d users=51 dates=2007 windows=204 removed_constant=0 L=30 H=7 stride=512
[2026-08-27 15:22:19,323][evaluation.evaluator][INFO] - artifacts ready run=/fssmall/home/h61084/codes/tsfm/outputs_selena/univariate/time-supply_chain_location_d/30_7/repeat/none/instance/keep/run_0 mse=2.1742e+07 nmse=0.850421 inference_seconds=0.020
2026-08-27 15:22:21 | configuration dataset=time/supply_chain_location_d L=30 H=7 model=lookback covariates=none instance_norm=true remove_constant=false seed=1 batch_size=512
[2026-08-27 15:22:24,140][data.dataset][INFO] - dataset config path=/fssmall/home/h61084/codes/datasets/time/supply_chain_location_d/config.json applied_keys=['date_col', 'drop_users', 'target_cols']
[2026-08-27 15:22:24,154][evaluation.evaluator][INFO] - lookback weekly period=7 observations
[2026-08-27 15:22:24,167][evaluation.evaluator][INFO] - evaluate dataset=time/supply_chain_location_d users=51 dates=2007 windows=204 removed_constant=0 L=30 H=7 stride=512
[2026-08-27 15:22:24,393][evaluation.evaluator][INFO] - artifacts ready run=/fssmall/home/h61084/codes/tsfm/outputs_selena/univariate/time-supply_chain_location_d/30_7/lookback/none/instance/keep/run_0 mse=2.1742e+07 nmse=0.850421 inference_seconds=0.020
2026-08-27 15:22:26 | configuration dataset=time/supply_chain_location_d L=30 H=7 model=chronos2 covariates=none instance_norm=true remove_constant=false seed=1 batch_size=64
[2026-08-27 15:22:29,308][data.dataset][INFO] - dataset config path=/fssmall/home/h61084/codes/datasets/time/supply_chain_location_d/config.json applied_keys=['date_col', 'drop_users', 'target_cols']
[2026-08-27 15:22:29,334][evaluation.evaluator][INFO] - evaluate dataset=time/supply_chain_location_d users=51 dates=2007 windows=204 removed_constant=0 L=30 H=7 stride=512
[2026-08-27 15:22:35,067][evaluation.evaluator][INFO] - artifacts ready run=/fssmall/home/h61084/codes/tsfm/outputs_selena/univariate/time-supply_chain_location_d/30_7/chronos2/none/instance/keep/run_0 mse=1.68854e+07 nmse=0.706141 inference_seconds=0.256
2026-08-27 15:22:37 | configuration dataset=time/current_velocity_h_part01 L=168 H=24 model=persistence covariates=none instance_norm=true remove_constant=false seed=1 batch_size=512
[2026-08-27 15:22:40,298][data.dataset][INFO] - dataset config path=/fssmall/home/h61084/codes/datasets/time/current_velocity_h_part01/config.json applied_keys=['date_col', 'drop_users', 'target_cols']
[2026-08-27 15:22:40,322][evaluation.evaluator][INFO] - evaluate dataset=time/current_velocity_h_part01 users=6 dates=4818 windows=60 removed_constant=0 L=168 H=24 stride=512
[2026-08-27 15:22:40,555][evaluation.evaluator][INFO] - artifacts ready run=/fssmall/home/h61084/codes/tsfm/outputs_selena/univariate/time-current_velocity_h_part01/168_24/persistence/none/instance/keep/run_0 mse=11.5523 nmse=2.04578 inference_seconds=0.025
2026-08-27 15:22:42 | configuration dataset=time/current_velocity_h_part01 L=168 H=24 model=expected covariates=none instance_norm=true remove_constant=false seed=1 batch_size=512
[2026-08-27 15:22:45,479][data.dataset][INFO] - dataset config path=/fssmall/home/h61084/codes/datasets/time/current_velocity_h_part01/config.json applied_keys=['date_col', 'drop_users', 'target_cols']
[2026-08-27 15:22:45,504][evaluation.evaluator][INFO] - evaluate dataset=time/current_velocity_h_part01 users=6 dates=4818 windows=60 removed_constant=0 L=168 H=24 stride=512
[2026-08-27 15:22:45,730][evaluation.evaluator][INFO] - artifacts ready run=/fssmall/home/h61084/codes/tsfm/outputs_selena/univariate/time-current_velocity_h_part01/168_24/expected/none/instance/keep/run_0 mse=12.6741 nmse=1.81021 inference_seconds=0.024
2026-08-27 15:22:48 | configuration dataset=time/current_velocity_h_part01 L=168 H=24 model=repeat covariates=none instance_norm=true remove_constant=false seed=1 batch_size=512
[2026-08-27 15:22:50,581][data.dataset][INFO] - dataset config path=/fssmall/home/h61084/codes/datasets/time/current_velocity_h_part01/config.json applied_keys=['date_col', 'drop_users', 'target_cols']
[2026-08-27 15:22:50,605][evaluation.evaluator][INFO] - evaluate dataset=time/current_velocity_h_part01 users=6 dates=4818 windows=60 removed_constant=0 L=168 H=24 stride=512
[2026-08-27 15:22:50,829][evaluation.evaluator][INFO] - artifacts ready run=/fssmall/home/h61084/codes/tsfm/outputs_selena/univariate/time-current_velocity_h_part01/168_24/repeat/none/instance/keep/run_0 mse=6.07783 nmse=0.59783 inference_seconds=0.021
2026-08-27 15:22:53 | configuration dataset=time/current_velocity_h_part01 L=168 H=24 model=lookback covariates=none instance_norm=true remove_constant=false seed=1 batch_size=512
[2026-08-27 15:22:55,704][data.dataset][INFO] - dataset config path=/fssmall/home/h61084/codes/datasets/time/current_velocity_h_part01/config.json applied_keys=['date_col', 'drop_users', 'target_cols']
[2026-08-27 15:22:55,714][evaluation.evaluator][INFO] - lookback weekly period=168 observations
[2026-08-27 15:22:55,727][evaluation.evaluator][INFO] - evaluate dataset=time/current_velocity_h_part01 users=6 dates=4818 windows=60 removed_constant=0 L=168 H=24 stride=512
[2026-08-27 15:22:55,954][evaluation.evaluator][INFO] - artifacts ready run=/fssmall/home/h61084/codes/tsfm/outputs_selena/univariate/time-current_velocity_h_part01/168_24/lookback/none/instance/keep/run_0 mse=24.9107 nmse=4.20136 inference_seconds=0.020
2026-08-27 15:22:58 | configuration dataset=time/current_velocity_h_part01 L=168 H=24 model=chronos2 covariates=none instance_norm=true remove_constant=false seed=1 batch_size=64
[2026-08-27 15:23:00,875][data.dataset][INFO] - dataset config path=/fssmall/home/h61084/codes/datasets/time/current_velocity_h_part01/config.json applied_keys=['date_col', 'drop_users', 'target_cols']
[2026-08-27 15:23:00,899][evaluation.evaluator][INFO] - evaluate dataset=time/current_velocity_h_part01 users=6 dates=4818 windows=60 removed_constant=0 L=168 H=24 stride=512
[2026-08-27 15:23:06,602][evaluation.evaluator][INFO] - artifacts ready run=/fssmall/home/h61084/codes/tsfm/outputs_selena/univariate/time-current_velocity_h_part01/168_24/chronos2/none/instance/keep/run_0 mse=6.17513 nmse=0.453651 inference_seconds=0.197
2026-08-27 15:23:09 | configuration dataset=time/current_velocity_h_part01 L=336 H=48 model=persistence covariates=none instance_norm=true remove_constant=false seed=1 batch_size=512
[2026-08-27 15:23:11,827][data.dataset][INFO] - dataset config path=/fssmall/home/h61084/codes/datasets/time/current_velocity_h_part01/config.json applied_keys=['date_col', 'drop_users', 'target_cols']
[2026-08-27 15:23:11,851][evaluation.evaluator][INFO] - evaluate dataset=time/current_velocity_h_part01 users=6 dates=4818 windows=54 removed_constant=0 L=336 H=48 stride=512
[2026-08-27 15:23:12,086][evaluation.evaluator][INFO] - artifacts ready run=/fssmall/home/h61084/codes/tsfm/outputs_selena/univariate/time-current_velocity_h_part01/336_48/persistence/none/instance/keep/run_0 mse=12.7046 nmse=1.66102 inference_seconds=0.025
2026-08-27 15:23:14 | configuration dataset=time/current_velocity_h_part01 L=336 H=48 model=expected covariates=none instance_norm=true remove_constant=false seed=1 batch_size=512
[2026-08-27 15:23:16,953][data.dataset][INFO] - dataset config path=/fssmall/home/h61084/codes/datasets/time/current_velocity_h_part01/config.json applied_keys=['date_col', 'drop_users', 'target_cols']
[2026-08-27 15:23:16,975][evaluation.evaluator][INFO] - evaluate dataset=time/current_velocity_h_part01 users=6 dates=4818 windows=54 removed_constant=0 L=336 H=48 stride=512
[2026-08-27 15:23:17,200][evaluation.evaluator][INFO] - artifacts ready run=/fssmall/home/h61084/codes/tsfm/outputs_selena/univariate/time-current_velocity_h_part01/336_48/expected/none/instance/keep/run_0 mse=17.3526 nmse=2.00711 inference_seconds=0.025
2026-08-27 15:23:19 | configuration dataset=time/current_velocity_h_part01 L=336 H=48 model=repeat covariates=none instance_norm=true remove_constant=false seed=1 batch_size=512
[2026-08-27 15:23:22,144][data.dataset][INFO] - dataset config path=/fssmall/home/h61084/codes/datasets/time/current_velocity_h_part01/config.json applied_keys=['date_col', 'drop_users', 'target_cols']
[2026-08-27 15:23:22,168][evaluation.evaluator][INFO] - evaluate dataset=time/current_velocity_h_part01 users=6 dates=4818 windows=54 removed_constant=0 L=336 H=48 stride=512
[2026-08-27 15:23:22,389][evaluation.evaluator][INFO] - artifacts ready run=/fssmall/home/h61084/codes/tsfm/outputs_selena/univariate/time-current_velocity_h_part01/336_48/repeat/none/instance/keep/run_0 mse=17.5132 nmse=1.13025 inference_seconds=0.020
2026-08-27 15:23:24 | configuration dataset=time/current_velocity_h_part01 L=336 H=48 model=lookback covariates=none instance_norm=true remove_constant=false seed=1 batch_size=512
[2026-08-27 15:23:27,200][data.dataset][INFO] - dataset config path=/fssmall/home/h61084/codes/datasets/time/current_velocity_h_part01/config.json applied_keys=['date_col', 'drop_users', 'target_cols']
[2026-08-27 15:23:27,211][evaluation.evaluator][INFO] - lookback weekly period=168 observations
[2026-08-27 15:23:27,223][evaluation.evaluator][INFO] - evaluate dataset=time/current_velocity_h_part01 users=6 dates=4818 windows=54 removed_constant=0 L=336 H=48 stride=512
[2026-08-27 15:23:27,449][evaluation.evaluator][INFO] - artifacts ready run=/fssmall/home/h61084/codes/tsfm/outputs_selena/univariate/time-current_velocity_h_part01/336_48/lookback/none/instance/keep/run_0 mse=37.225 nmse=3.48786 inference_seconds=0.021
2026-08-27 15:23:29 | configuration dataset=time/current_velocity_h_part01 L=336 H=48 model=chronos2 covariates=none instance_norm=true remove_constant=false seed=1 batch_size=64
[2026-08-27 15:23:32,316][data.dataset][INFO] - dataset config path=/fssmall/home/h61084/codes/datasets/time/current_velocity_h_part01/config.json applied_keys=['date_col', 'drop_users', 'target_cols']
[2026-08-27 15:23:32,340][evaluation.evaluator][INFO] - evaluate dataset=time/current_velocity_h_part01 users=6 dates=4818 windows=54 removed_constant=0 L=336 H=48 stride=512
[2026-08-27 15:23:38,023][evaluation.evaluator][INFO] - artifacts ready run=/fssmall/home/h61084/codes/tsfm/outputs_selena/univariate/time-current_velocity_h_part01/336_48/chronos2/none/instance/keep/run_0 mse=7.26168 nmse=0.355123 inference_seconds=0.200
2026-08-27 15:23:40 | configuration dataset=time/current_velocity_h_part01 L=504 H=168 model=persistence covariates=none instance_norm=true remove_constant=false seed=1 batch_size=512
[2026-08-27 15:23:43,323][data.dataset][INFO] - dataset config path=/fssmall/home/h61084/codes/datasets/time/current_velocity_h_part01/config.json applied_keys=['date_col', 'drop_users', 'target_cols']
[2026-08-27 15:23:43,345][evaluation.evaluator][INFO] - evaluate dataset=time/current_velocity_h_part01 users=6 dates=4818 windows=54 removed_constant=0 L=504 H=168 stride=512
[2026-08-27 15:23:43,574][evaluation.evaluator][INFO] - artifacts ready run=/fssmall/home/h61084/codes/tsfm/outputs_selena/univariate/time-current_velocity_h_part01/504_168/persistence/none/instance/keep/run_0 mse=15.5293 nmse=2.14592 inference_seconds=0.025
2026-08-27 15:23:45 | configuration dataset=time/current_velocity_h_part01 L=504 H=168 model=expected covariates=none instance_norm=true remove_constant=false seed=1 batch_size=512
[2026-08-27 15:23:48,402][data.dataset][INFO] - dataset config path=/fssmall/home/h61084/codes/datasets/time/current_velocity_h_part01/config.json applied_keys=['date_col', 'drop_users', 'target_cols']
[2026-08-27 15:23:48,424][evaluation.evaluator][INFO] - evaluate dataset=time/current_velocity_h_part01 users=6 dates=4818 windows=54 removed_constant=0 L=504 H=168 stride=512
[2026-08-27 15:23:48,662][evaluation.evaluator][INFO] - artifacts ready run=/fssmall/home/h61084/codes/tsfm/outputs_selena/univariate/time-current_velocity_h_part01/504_168/expected/none/instance/keep/run_0 mse=17.0919 nmse=1.57482 inference_seconds=0.024
2026-08-27 15:23:50 | configuration dataset=time/current_velocity_h_part01 L=504 H=168 model=repeat covariates=none instance_norm=true remove_constant=false seed=1 batch_size=512
[2026-08-27 15:23:53,578][data.dataset][INFO] - dataset config path=/fssmall/home/h61084/codes/datasets/time/current_velocity_h_part01/config.json applied_keys=['date_col', 'drop_users', 'target_cols']
[2026-08-27 15:23:53,601][evaluation.evaluator][INFO] - evaluate dataset=time/current_velocity_h_part01 users=6 dates=4818 windows=54 removed_constant=0 L=504 H=168 stride=512
[2026-08-27 15:23:53,838][evaluation.evaluator][INFO] - artifacts ready run=/fssmall/home/h61084/codes/tsfm/outputs_selena/univariate/time-current_velocity_h_part01/504_168/repeat/none/instance/keep/run_0 mse=41.611 nmse=3.14663 inference_seconds=0.021
2026-08-27 15:23:56 | configuration dataset=time/current_velocity_h_part01 L=504 H=168 model=lookback covariates=none instance_norm=true remove_constant=false seed=1 batch_size=512
[2026-08-27 15:23:58,744][data.dataset][INFO] - dataset config path=/fssmall/home/h61084/codes/datasets/time/current_velocity_h_part01/config.json applied_keys=['date_col', 'drop_users', 'target_cols']
[2026-08-27 15:23:58,755][evaluation.evaluator][INFO] - lookback weekly period=168 observations
[2026-08-27 15:23:58,768][evaluation.evaluator][INFO] - evaluate dataset=time/current_velocity_h_part01 users=6 dates=4818 windows=54 removed_constant=0 L=504 H=168 stride=512
[2026-08-27 15:23:59,005][evaluation.evaluator][INFO] - artifacts ready run=/fssmall/home/h61084/codes/tsfm/outputs_selena/univariate/time-current_velocity_h_part01/504_168/lookback/none/instance/keep/run_0 mse=41.611 nmse=3.14663 inference_seconds=0.020
2026-08-27 15:24:01 | configuration dataset=time/current_velocity_h_part01 L=504 H=168 model=chronos2 covariates=none instance_norm=true remove_constant=false seed=1 batch_size=64
[2026-08-27 15:24:03,892][data.dataset][INFO] - dataset config path=/fssmall/home/h61084/codes/datasets/time/current_velocity_h_part01/config.json applied_keys=['date_col', 'drop_users', 'target_cols']
[2026-08-27 15:24:03,914][evaluation.evaluator][INFO] - evaluate dataset=time/current_velocity_h_part01 users=6 dates=4818 windows=54 removed_constant=0 L=504 H=168 stride=512
[2026-08-27 15:24:09,646][evaluation.evaluator][INFO] - artifacts ready run=/fssmall/home/h61084/codes/tsfm/outputs_selena/univariate/time-current_velocity_h_part01/504_168/chronos2/none/instance/keep/run_0 mse=8.29911 nmse=1.00391 inference_seconds=0.197
2026-08-27 15:24:12 | configuration dataset=time/current_velocity_h_part02 L=168 H=24 model=persistence covariates=none instance_norm=true remove_constant=false seed=1 batch_size=512
[2026-08-27 15:24:14,864][data.dataset][INFO] - dataset config path=/fssmall/home/h61084/codes/datasets/time/current_velocity_h_part02/config.json applied_keys=['date_col', 'drop_users', 'target_cols']
[2026-08-27 15:24:14,889][evaluation.evaluator][INFO] - evaluate dataset=time/current_velocity_h_part02 users=6 dates=4489 windows=54 removed_constant=0 L=168 H=24 stride=512
[2026-08-27 15:24:15,123][evaluation.evaluator][INFO] - artifacts ready run=/fssmall/home/h61084/codes/tsfm/outputs_selena/univariate/time-current_velocity_h_part02/168_24/persistence/none/instance/keep/run_0 mse=6.66576 nmse=2.01988 inference_seconds=0.025
2026-08-27 15:24:17 | configuration dataset=time/current_velocity_h_part02 L=168 H=24 model=expected covariates=none instance_norm=true remove_constant=false seed=1 batch_size=512
[2026-08-27 15:24:20,028][data.dataset][INFO] - dataset config path=/fssmall/home/h61084/codes/datasets/time/current_velocity_h_part02/config.json applied_keys=['date_col', 'drop_users', 'target_cols']
[2026-08-27 15:24:20,050][evaluation.evaluator][INFO] - evaluate dataset=time/current_velocity_h_part02 users=6 dates=4489 windows=54 removed_constant=0 L=168 H=24 stride=512
[2026-08-27 15:24:20,274][evaluation.evaluator][INFO] - artifacts ready run=/fssmall/home/h61084/codes/tsfm/outputs_selena/univariate/time-current_velocity_h_part02/168_24/expected/none/instance/keep/run_0 mse=38.2804 nmse=2.19399 inference_seconds=0.025
2026-08-27 15:24:22 | configuration dataset=time/current_velocity_h_part02 L=168 H=24 model=repeat covariates=none instance_norm=true remove_constant=false seed=1 batch_size=512
[2026-08-27 15:24:25,184][data.dataset][INFO] - dataset config path=/fssmall/home/h61084/codes/datasets/time/current_velocity_h_part02/config.json applied_keys=['date_col', 'drop_users', 'target_cols']
[2026-08-27 15:24:25,206][evaluation.evaluator][INFO] - evaluate dataset=time/current_velocity_h_part02 users=6 dates=4489 windows=54 removed_constant=0 L=168 H=24 stride=512
[2026-08-27 15:24:25,428][evaluation.evaluator][INFO] - artifacts ready run=/fssmall/home/h61084/codes/tsfm/outputs_selena/univariate/time-current_velocity_h_part02/168_24/repeat/none/instance/keep/run_0 mse=7.25057 nmse=0.558248 inference_seconds=0.020
2026-08-27 15:24:27 | configuration dataset=time/current_velocity_h_part02 L=168 H=24 model=lookback covariates=none instance_norm=true remove_constant=false seed=1 batch_size=512
[2026-08-27 15:24:30,222][data.dataset][INFO] - dataset config path=/fssmall/home/h61084/codes/datasets/time/current_velocity_h_part02/config.json applied_keys=['date_col', 'drop_users', 'target_cols']
[2026-08-27 15:24:30,232][evaluation.evaluator][INFO] - lookback weekly period=168 observations
[2026-08-27 15:24:30,244][evaluation.evaluator][INFO] - evaluate dataset=time/current_velocity_h_part02 users=6 dates=4489 windows=54 removed_constant=0 L=168 H=24 stride=512
[2026-08-27 15:24:30,470][evaluation.evaluator][INFO] - artifacts ready run=/fssmall/home/h61084/codes/tsfm/outputs_selena/univariate/time-current_velocity_h_part02/168_24/lookback/none/instance/keep/run_0 mse=71.0266 nmse=5.02069 inference_seconds=0.020
2026-08-27 15:24:32 | configuration dataset=time/current_velocity_h_part02 L=168 H=24 model=chronos2 covariates=none instance_norm=true remove_constant=false seed=1 batch_size=64
[2026-08-27 15:24:35,435][data.dataset][INFO] - dataset config path=/fssmall/home/h61084/codes/datasets/time/current_velocity_h_part02/config.json applied_keys=['date_col', 'drop_users', 'target_cols']
[2026-08-27 15:24:35,457][evaluation.evaluator][INFO] - evaluate dataset=time/current_velocity_h_part02 users=6 dates=4489 windows=54 removed_constant=0 L=168 H=24 stride=512
[2026-08-27 15:24:41,269][evaluation.evaluator][INFO] - artifacts ready run=/fssmall/home/h61084/codes/tsfm/outputs_selena/univariate/time-current_velocity_h_part02/168_24/chronos2/none/instance/keep/run_0 mse=5.07089 nmse=0.335033 inference_seconds=0.195
2026-08-27 15:24:43 | configuration dataset=time/current_velocity_h_part02 L=336 H=48 model=persistence covariates=none instance_norm=true remove_constant=false seed=1 batch_size=512
[2026-08-27 15:24:46,489][data.dataset][INFO] - dataset config path=/fssmall/home/h61084/codes/datasets/time/current_velocity_h_part02/config.json applied_keys=['date_col', 'drop_users', 'target_cols']
[2026-08-27 15:24:46,511][evaluation.evaluator][INFO] - evaluate dataset=time/current_velocity_h_part02 users=6 dates=4489 windows=54 removed_constant=0 L=336 H=48 stride=512
[2026-08-27 15:24:46,739][evaluation.evaluator][INFO] - artifacts ready run=/fssmall/home/h61084/codes/tsfm/outputs_selena/univariate/time-current_velocity_h_part02/336_48/persistence/none/instance/keep/run_0 mse=9.7527 nmse=1.3432 inference_seconds=0.025
2026-08-27 15:24:49 | configuration dataset=time/current_velocity_h_part02 L=336 H=48 model=expected covariates=none instance_norm=true remove_constant=false seed=1 batch_size=512
[2026-08-27 15:24:51,592][data.dataset][INFO] - dataset config path=/fssmall/home/h61084/codes/datasets/time/current_velocity_h_part02/config.json applied_keys=['date_col', 'drop_users', 'target_cols']
[2026-08-27 15:24:51,614][evaluation.evaluator][INFO] - evaluate dataset=time/current_velocity_h_part02 users=6 dates=4489 windows=54 removed_constant=0 L=336 H=48 stride=512
[2026-08-27 15:24:51,844][evaluation.evaluator][INFO] - artifacts ready run=/fssmall/home/h61084/codes/tsfm/outputs_selena/univariate/time-current_velocity_h_part02/336_48/expected/none/instance/keep/run_0 mse=20.8616 nmse=1.27571 inference_seconds=0.025
2026-08-27 15:24:54 | configuration dataset=time/current_velocity_h_part02 L=336 H=48 model=repeat covariates=none instance_norm=true remove_constant=false seed=1 batch_size=512
[2026-08-27 15:24:56,760][data.dataset][INFO] - dataset config path=/fssmall/home/h61084/codes/datasets/time/current_velocity_h_part02/config.json applied_keys=['date_col', 'drop_users', 'target_cols']
[2026-08-27 15:24:56,782][evaluation.evaluator][INFO] - evaluate dataset=time/current_velocity_h_part02 users=6 dates=4489 windows=54 removed_constant=0 L=336 H=48 stride=512
[2026-08-27 15:24:57,021][evaluation.evaluator][INFO] - artifacts ready run=/fssmall/home/h61084/codes/tsfm/outputs_selena/univariate/time-current_velocity_h_part02/336_48/repeat/none/instance/keep/run_0 mse=13.9161 nmse=0.663028 inference_seconds=0.020
2026-08-27 15:24:59 | configuration dataset=time/current_velocity_h_part02 L=336 H=48 model=lookback covariates=none instance_norm=true remove_constant=false seed=1 batch_size=512
[2026-08-27 15:25:01,835][data.dataset][INFO] - dataset config path=/fssmall/home/h61084/codes/datasets/time/current_velocity_h_part02/config.json applied_keys=['date_col', 'drop_users', 'target_cols']
[2026-08-27 15:25:01,846][evaluation.evaluator][INFO] - lookback weekly period=168 observations
[2026-08-27 15:25:01,858][evaluation.evaluator][INFO] - evaluate dataset=time/current_velocity_h_part02 users=6 dates=4489 windows=54 removed_constant=0 L=336 H=48 stride=512
[2026-08-27 15:25:02,095][evaluation.evaluator][INFO] - artifacts ready run=/fssmall/home/h61084/codes/tsfm/outputs_selena/univariate/time-current_velocity_h_part02/336_48/lookback/none/instance/keep/run_0 mse=62.7852 nmse=2.87769 inference_seconds=0.021
2026-08-27 15:25:04 | configuration dataset=time/current_velocity_h_part02 L=336 H=48 model=chronos2 covariates=none instance_norm=true remove_constant=false seed=1 batch_size=64
[2026-08-27 15:25:06,989][data.dataset][INFO] - dataset config path=/fssmall/home/h61084/codes/datasets/time/current_velocity_h_part02/config.json applied_keys=['date_col', 'drop_users', 'target_cols']
[2026-08-27 15:25:07,011][evaluation.evaluator][INFO] - evaluate dataset=time/current_velocity_h_part02 users=6 dates=4489 windows=54 removed_constant=0 L=336 H=48 stride=512
[2026-08-27 15:25:12,768][evaluation.evaluator][INFO] - artifacts ready run=/fssmall/home/h61084/codes/tsfm/outputs_selena/univariate/time-current_velocity_h_part02/336_48/chronos2/none/instance/keep/run_0 mse=4.44645 nmse=0.154682 inference_seconds=0.195
2026-08-27 15:25:15 | configuration dataset=time/current_velocity_h_part02 L=504 H=168 model=persistence covariates=none instance_norm=true remove_constant=false seed=1 batch_size=512
[2026-08-27 15:25:17,976][data.dataset][INFO] - dataset config path=/fssmall/home/h61084/codes/datasets/time/current_velocity_h_part02/config.json applied_keys=['date_col', 'drop_users', 'target_cols']
[2026-08-27 15:25:17,998][evaluation.evaluator][INFO] - evaluate dataset=time/current_velocity_h_part02 users=6 dates=4489 windows=48 removed_constant=0 L=504 H=168 stride=512
[2026-08-27 15:25:18,231][evaluation.evaluator][INFO] - artifacts ready run=/fssmall/home/h61084/codes/tsfm/outputs_selena/univariate/time-current_velocity_h_part02/504_168/persistence/none/instance/keep/run_0 mse=24.1388 nmse=2.34439 inference_seconds=0.024
2026-08-27 15:25:20 | configuration dataset=time/current_velocity_h_part02 L=504 H=168 model=expected covariates=none instance_norm=true remove_constant=false seed=1 batch_size=512
[2026-08-27 15:25:23,160][data.dataset][INFO] - dataset config path=/fssmall/home/h61084/codes/datasets/time/current_velocity_h_part02/config.json applied_keys=['date_col', 'drop_users', 'target_cols']
[2026-08-27 15:25:23,182][evaluation.evaluator][INFO] - evaluate dataset=time/current_velocity_h_part02 users=6 dates=4489 windows=48 removed_constant=0 L=504 H=168 stride=512
[2026-08-27 15:25:23,425][evaluation.evaluator][INFO] - artifacts ready run=/fssmall/home/h61084/codes/tsfm/outputs_selena/univariate/time-current_velocity_h_part02/504_168/expected/none/instance/keep/run_0 mse=24.3535 nmse=3.73536 inference_seconds=0.025
2026-08-27 15:25:25 | configuration dataset=time/current_velocity_h_part02 L=504 H=168 model=repeat covariates=none instance_norm=true remove_constant=false seed=1 batch_size=512
[2026-08-27 15:25:28,334][data.dataset][INFO] - dataset config path=/fssmall/home/h61084/codes/datasets/time/current_velocity_h_part02/config.json applied_keys=['date_col', 'drop_users', 'target_cols']
[2026-08-27 15:25:28,356][evaluation.evaluator][INFO] - evaluate dataset=time/current_velocity_h_part02 users=6 dates=4489 windows=48 removed_constant=0 L=504 H=168 stride=512
[2026-08-27 15:25:28,579][evaluation.evaluator][INFO] - artifacts ready run=/fssmall/home/h61084/codes/tsfm/outputs_selena/univariate/time-current_velocity_h_part02/504_168/repeat/none/instance/keep/run_0 mse=58.0192 nmse=4.64136 inference_seconds=0.020
2026-08-27 15:25:30 | configuration dataset=time/current_velocity_h_part02 L=504 H=168 model=lookback covariates=none instance_norm=true remove_constant=false seed=1 batch_size=512
[2026-08-27 15:25:33,444][data.dataset][INFO] - dataset config path=/fssmall/home/h61084/codes/datasets/time/current_velocity_h_part02/config.json applied_keys=['date_col', 'drop_users', 'target_cols']
[2026-08-27 15:25:33,455][evaluation.evaluator][INFO] - lookback weekly period=168 observations
[2026-08-27 15:25:33,467][evaluation.evaluator][INFO] - evaluate dataset=time/current_velocity_h_part02 users=6 dates=4489 windows=48 removed_constant=0 L=504 H=168 stride=512
[2026-08-27 15:25:33,697][evaluation.evaluator][INFO] - artifacts ready run=/fssmall/home/h61084/codes/tsfm/outputs_selena/univariate/time-current_velocity_h_part02/504_168/lookback/none/instance/keep/run_0 mse=58.0192 nmse=4.64136 inference_seconds=0.020
2026-08-27 15:25:36 | configuration dataset=time/current_velocity_h_part02 L=504 H=168 model=chronos2 covariates=none instance_norm=true remove_constant=false seed=1 batch_size=64
[2026-08-27 15:25:38,589][data.dataset][INFO] - dataset config path=/fssmall/home/h61084/codes/datasets/time/current_velocity_h_part02/config.json applied_keys=['date_col', 'drop_users', 'target_cols']
[2026-08-27 15:25:38,611][evaluation.evaluator][INFO] - evaluate dataset=time/current_velocity_h_part02 users=6 dates=4489 windows=48 removed_constant=0 L=504 H=168 stride=512
[2026-08-27 15:25:44,364][evaluation.evaluator][INFO] - artifacts ready run=/fssmall/home/h61084/codes/tsfm/outputs_selena/univariate/time-current_velocity_h_part02/504_168/chronos2/none/instance/keep/run_0 mse=11.3133 nmse=0.980107 inference_seconds=0.200
2026-08-27 15:25:47 | configuration dataset=time/current_velocity_h_part03 L=168 H=24 model=persistence covariates=none instance_norm=true remove_constant=false seed=1 batch_size=512
[2026-08-27 15:25:49,581][data.dataset][INFO] - dataset config path=/fssmall/home/h61084/codes/datasets/time/current_velocity_h_part03/config.json applied_keys=['date_col', 'drop_users', 'target_cols']
[2026-08-27 15:25:49,604][evaluation.evaluator][INFO] - evaluate dataset=time/current_velocity_h_part03 users=6 dates=3264 windows=42 removed_constant=0 L=168 H=24 stride=512
[2026-08-27 15:25:49,833][evaluation.evaluator][INFO] - artifacts ready run=/fssmall/home/h61084/codes/tsfm/outputs_selena/univariate/time-current_velocity_h_part03/168_24/persistence/none/instance/keep/run_0 mse=3.88651 nmse=2.39739 inference_seconds=0.025
2026-08-27 15:25:52 | configuration dataset=time/current_velocity_h_part03 L=168 H=24 model=expected covariates=none instance_norm=true remove_constant=false seed=1 batch_size=512
[2026-08-27 15:25:54,734][data.dataset][INFO] - dataset config path=/fssmall/home/h61084/codes/datasets/time/current_velocity_h_part03/config.json applied_keys=['date_col', 'drop_users', 'target_cols']
[2026-08-27 15:25:54,755][evaluation.evaluator][INFO] - evaluate dataset=time/current_velocity_h_part03 users=6 dates=3264 windows=42 removed_constant=0 L=168 H=24 stride=512
[2026-08-27 15:25:54,977][evaluation.evaluator][INFO] - artifacts ready run=/fssmall/home/h61084/codes/tsfm/outputs_selena/univariate/time-current_velocity_h_part03/168_24/expected/none/instance/keep/run_0 mse=3.11154 nmse=2.40614 inference_seconds=0.025
2026-08-27 15:25:57 | configuration dataset=time/current_velocity_h_part03 L=168 H=24 model=repeat covariates=none instance_norm=true remove_constant=false seed=1 batch_size=512
[2026-08-27 15:25:59,862][data.dataset][INFO] - dataset config path=/fssmall/home/h61084/codes/datasets/time/current_velocity_h_part03/config.json applied_keys=['date_col', 'drop_users', 'target_cols']
[2026-08-27 15:25:59,884][evaluation.evaluator][INFO] - evaluate dataset=time/current_velocity_h_part03 users=6 dates=3264 windows=42 removed_constant=0 L=168 H=24 stride=512
[2026-08-27 15:26:00,122][evaluation.evaluator][INFO] - artifacts ready run=/fssmall/home/h61084/codes/tsfm/outputs_selena/univariate/time-current_velocity_h_part03/168_24/repeat/none/instance/keep/run_0 mse=5.59577 nmse=2.05033 inference_seconds=0.020
2026-08-27 15:26:02 | configuration dataset=time/current_velocity_h_part03 L=168 H=24 model=lookback covariates=none instance_norm=true remove_constant=false seed=1 batch_size=512
[2026-08-27 15:26:05,005][data.dataset][INFO] - dataset config path=/fssmall/home/h61084/codes/datasets/time/current_velocity_h_part03/config.json applied_keys=['date_col', 'drop_users', 'target_cols']
[2026-08-27 15:26:05,015][evaluation.evaluator][INFO] - lookback weekly period=168 observations
[2026-08-27 15:26:05,027][evaluation.evaluator][INFO] - evaluate dataset=time/current_velocity_h_part03 users=6 dates=3264 windows=42 removed_constant=0 L=168 H=24 stride=512
[2026-08-27 15:26:05,248][evaluation.evaluator][INFO] - artifacts ready run=/fssmall/home/h61084/codes/tsfm/outputs_selena/univariate/time-current_velocity_h_part03/168_24/lookback/none/instance/keep/run_0 mse=5.68646 nmse=3.39887 inference_seconds=0.020
2026-08-27 15:26:07 | configuration dataset=time/current_velocity_h_part03 L=168 H=24 model=chronos2 covariates=none instance_norm=true remove_constant=false seed=1 batch_size=64
[2026-08-27 15:26:10,235][data.dataset][INFO] - dataset config path=/fssmall/home/h61084/codes/datasets/time/current_velocity_h_part03/config.json applied_keys=['date_col', 'drop_users', 'target_cols']
[2026-08-27 15:26:10,257][evaluation.evaluator][INFO] - evaluate dataset=time/current_velocity_h_part03 users=6 dates=3264 windows=42 removed_constant=0 L=168 H=24 stride=512
[2026-08-27 15:26:16,003][evaluation.evaluator][INFO] - artifacts ready run=/fssmall/home/h61084/codes/tsfm/outputs_selena/univariate/time-current_velocity_h_part03/168_24/chronos2/none/instance/keep/run_0 mse=2.28939 nmse=1.69447 inference_seconds=0.194
2026-08-27 15:26:18 | configuration dataset=time/current_velocity_h_part03 L=336 H=48 model=persistence covariates=none instance_norm=true remove_constant=false seed=1 batch_size=512
[2026-08-27 15:26:21,219][data.dataset][INFO] - dataset config path=/fssmall/home/h61084/codes/datasets/time/current_velocity_h_part03/config.json applied_keys=['date_col', 'drop_users', 'target_cols']
[2026-08-27 15:26:21,242][evaluation.evaluator][INFO] - evaluate dataset=time/current_velocity_h_part03 users=6 dates=3264 windows=36 removed_constant=0 L=336 H=48 stride=512
[2026-08-27 15:26:21,472][evaluation.evaluator][INFO] - artifacts ready run=/fssmall/home/h61084/codes/tsfm/outputs_selena/univariate/time-current_velocity_h_part03/336_48/persistence/none/instance/keep/run_0 mse=4.40031 nmse=1.28043 inference_seconds=0.025
2026-08-27 15:26:23 | configuration dataset=time/current_velocity_h_part03 L=336 H=48 model=expected covariates=none instance_norm=true remove_constant=false seed=1 batch_size=512
[2026-08-27 15:26:26,417][data.dataset][INFO] - dataset config path=/fssmall/home/h61084/codes/datasets/time/current_velocity_h_part03/config.json applied_keys=['date_col', 'drop_users', 'target_cols']
[2026-08-27 15:26:26,439][evaluation.evaluator][INFO] - evaluate dataset=time/current_velocity_h_part03 users=6 dates=3264 windows=36 removed_constant=0 L=336 H=48 stride=512
[2026-08-27 15:26:26,666][evaluation.evaluator][INFO] - artifacts ready run=/fssmall/home/h61084/codes/tsfm/outputs_selena/univariate/time-current_velocity_h_part03/336_48/expected/none/instance/keep/run_0 mse=9.05355 nmse=1.50116 inference_seconds=0.024
2026-08-27 15:26:29 | configuration dataset=time/current_velocity_h_part03 L=336 H=48 model=repeat covariates=none instance_norm=true remove_constant=false seed=1 batch_size=512
[2026-08-27 15:26:31,685][data.dataset][INFO] - dataset config path=/fssmall/home/h61084/codes/datasets/time/current_velocity_h_part03/config.json applied_keys=['date_col', 'drop_users', 'target_cols']
[2026-08-27 15:26:31,707][evaluation.evaluator][INFO] - evaluate dataset=time/current_velocity_h_part03 users=6 dates=3264 windows=36 removed_constant=0 L=336 H=48 stride=512
[2026-08-27 15:26:31,937][evaluation.evaluator][INFO] - artifacts ready run=/fssmall/home/h61084/codes/tsfm/outputs_selena/univariate/time-current_velocity_h_part03/336_48/repeat/none/instance/keep/run_0 mse=3.38318 nmse=1.18942 inference_seconds=0.020
2026-08-27 15:26:34 | configuration dataset=time/current_velocity_h_part03 L=336 H=48 model=lookback covariates=none instance_norm=true remove_constant=false seed=1 batch_size=512
[2026-08-27 15:26:36,931][data.dataset][INFO] - dataset config path=/fssmall/home/h61084/codes/datasets/time/current_velocity_h_part03/config.json applied_keys=['date_col', 'drop_users', 'target_cols']
[2026-08-27 15:26:36,941][evaluation.evaluator][INFO] - lookback weekly period=168 observations
[2026-08-27 15:26:36,954][evaluation.evaluator][INFO] - evaluate dataset=time/current_velocity_h_part03 users=6 dates=3264 windows=36 removed_constant=0 L=336 H=48 stride=512
[2026-08-27 15:26:37,194][evaluation.evaluator][INFO] - artifacts ready run=/fssmall/home/h61084/codes/tsfm/outputs_selena/univariate/time-current_velocity_h_part03/336_48/lookback/none/instance/keep/run_0 mse=12.4214 nmse=2.25623 inference_seconds=0.020
2026-08-27 15:26:39 | configuration dataset=time/current_velocity_h_part03 L=336 H=48 model=chronos2 covariates=none instance_norm=true remove_constant=false seed=1 batch_size=64
[2026-08-27 15:26:42,084][data.dataset][INFO] - dataset config path=/fssmall/home/h61084/codes/datasets/time/current_velocity_h_part03/config.json applied_keys=['date_col', 'drop_users', 'target_cols']
[2026-08-27 15:26:42,104][evaluation.evaluator][INFO] - evaluate dataset=time/current_velocity_h_part03 users=6 dates=3264 windows=36 removed_constant=0 L=336 H=48 stride=512
[2026-08-27 15:26:47,839][evaluation.evaluator][INFO] - artifacts ready run=/fssmall/home/h61084/codes/tsfm/outputs_selena/univariate/time-current_velocity_h_part03/336_48/chronos2/none/instance/keep/run_0 mse=3.14796 nmse=0.668783 inference_seconds=0.196
2026-08-27 15:26:50 | configuration dataset=time/current_velocity_h_part03 L=504 H=168 model=persistence covariates=none instance_norm=true remove_constant=false seed=1 batch_size=512
[2026-08-27 15:26:53,149][data.dataset][INFO] - dataset config path=/fssmall/home/h61084/codes/datasets/time/current_velocity_h_part03/config.json applied_keys=['date_col', 'drop_users', 'target_cols']
[2026-08-27 15:26:53,171][evaluation.evaluator][INFO] - evaluate dataset=time/current_velocity_h_part03 users=6 dates=3264 windows=36 removed_constant=0 L=504 H=168 stride=512
[2026-08-27 15:26:53,401][evaluation.evaluator][INFO] - artifacts ready run=/fssmall/home/h61084/codes/tsfm/outputs_selena/univariate/time-current_velocity_h_part03/504_168/persistence/none/instance/keep/run_0 mse=9.1736 nmse=1.59173 inference_seconds=0.024
2026-08-27 15:26:55 | configuration dataset=time/current_velocity_h_part03 L=504 H=168 model=expected covariates=none instance_norm=true remove_constant=false seed=1 batch_size=512
[2026-08-27 15:26:58,349][data.dataset][INFO] - dataset config path=/fssmall/home/h61084/codes/datasets/time/current_velocity_h_part03/config.json applied_keys=['date_col', 'drop_users', 'target_cols']
[2026-08-27 15:26:58,371][evaluation.evaluator][INFO] - evaluate dataset=time/current_velocity_h_part03 users=6 dates=3264 windows=36 removed_constant=0 L=504 H=168 stride=512
[2026-08-27 15:26:58,597][evaluation.evaluator][INFO] - artifacts ready run=/fssmall/home/h61084/codes/tsfm/outputs_selena/univariate/time-current_velocity_h_part03/504_168/expected/none/instance/keep/run_0 mse=5.79624 nmse=1.08109 inference_seconds=0.025
2026-08-27 15:27:00 | configuration dataset=time/current_velocity_h_part03 L=504 H=168 model=repeat covariates=none instance_norm=true remove_constant=false seed=1 batch_size=512
[2026-08-27 15:27:03,537][data.dataset][INFO] - dataset config path=/fssmall/home/h61084/codes/datasets/time/current_velocity_h_part03/config.json applied_keys=['date_col', 'drop_users', 'target_cols']
[2026-08-27 15:27:03,558][evaluation.evaluator][INFO] - evaluate dataset=time/current_velocity_h_part03 users=6 dates=3264 windows=36 removed_constant=0 L=504 H=168 stride=512
[2026-08-27 15:27:03,779][evaluation.evaluator][INFO] - artifacts ready run=/fssmall/home/h61084/codes/tsfm/outputs_selena/univariate/time-current_velocity_h_part03/504_168/repeat/none/instance/keep/run_0 mse=11.2586 nmse=1.84663 inference_seconds=0.021
2026-08-27 15:27:06 | configuration dataset=time/current_velocity_h_part03 L=504 H=168 model=lookback covariates=none instance_norm=true remove_constant=false seed=1 batch_size=512
[2026-08-27 15:27:08,752][data.dataset][INFO] - dataset config path=/fssmall/home/h61084/codes/datasets/time/current_velocity_h_part03/config.json applied_keys=['date_col', 'drop_users', 'target_cols']
[2026-08-27 15:27:08,762][evaluation.evaluator][INFO] - lookback weekly period=168 observations
[2026-08-27 15:27:08,776][evaluation.evaluator][INFO] - evaluate dataset=time/current_velocity_h_part03 users=6 dates=3264 windows=36 removed_constant=0 L=504 H=168 stride=512
[2026-08-27 15:27:08,997][evaluation.evaluator][INFO] - artifacts ready run=/fssmall/home/h61084/codes/tsfm/outputs_selena/univariate/time-current_velocity_h_part03/504_168/lookback/none/instance/keep/run_0 mse=11.2586 nmse=1.84663 inference_seconds=0.020
2026-08-27 15:27:11 | configuration dataset=time/current_velocity_h_part03 L=504 H=168 model=chronos2 covariates=none instance_norm=true remove_constant=false seed=1 batch_size=64
[2026-08-27 15:27:14,128][data.dataset][INFO] - dataset config path=/fssmall/home/h61084/codes/datasets/time/current_velocity_h_part03/config.json applied_keys=['date_col', 'drop_users', 'target_cols']
[2026-08-27 15:27:14,149][evaluation.evaluator][INFO] - evaluate dataset=time/current_velocity_h_part03 users=6 dates=3264 windows=36 removed_constant=0 L=504 H=168 stride=512
[2026-08-27 15:27:19,837][evaluation.evaluator][INFO] - artifacts ready run=/fssmall/home/h61084/codes/tsfm/outputs_selena/univariate/time-current_velocity_h_part03/504_168/chronos2/none/instance/keep/run_0 mse=12.1573 nmse=1.00105 inference_seconds=0.197
2026-08-27 15:27:22 | configuration dataset=time/current_velocity_h_part04 L=168 H=24 model=persistence covariates=none instance_norm=true remove_constant=false seed=1 batch_size=512
[2026-08-27 15:27:25,125][data.dataset][INFO] - dataset config path=/fssmall/home/h61084/codes/datasets/time/current_velocity_h_part04/config.json applied_keys=['date_col', 'drop_users', 'target_cols']
[2026-08-27 15:27:25,150][evaluation.evaluator][INFO] - evaluate dataset=time/current_velocity_h_part04 users=6 dates=4489 windows=54 removed_constant=0 L=168 H=24 stride=512
[2026-08-27 15:27:25,374][evaluation.evaluator][INFO] - artifacts ready run=/fssmall/home/h61084/codes/tsfm/outputs_selena/univariate/time-current_velocity_h_part04/168_24/persistence/none/instance/keep/run_0 mse=23.1224 nmse=1.3272 inference_seconds=0.025
2026-08-27 15:27:27 | configuration dataset=time/current_velocity_h_part04 L=168 H=24 model=expected covariates=none instance_norm=true remove_constant=false seed=1 batch_size=512
[2026-08-27 15:27:30,292][data.dataset][INFO] - dataset config path=/fssmall/home/h61084/codes/datasets/time/current_velocity_h_part04/config.json applied_keys=['date_col', 'drop_users', 'target_cols']
[2026-08-27 15:27:30,314][evaluation.evaluator][INFO] - evaluate dataset=time/current_velocity_h_part04 users=6 dates=4489 windows=54 removed_constant=0 L=168 H=24 stride=512
[2026-08-27 15:27:30,540][evaluation.evaluator][INFO] - artifacts ready run=/fssmall/home/h61084/codes/tsfm/outputs_selena/univariate/time-current_velocity_h_part04/168_24/expected/none/instance/keep/run_0 mse=21.1129 nmse=1.26504 inference_seconds=0.025
2026-08-27 15:27:32 | configuration dataset=time/current_velocity_h_part04 L=168 H=24 model=repeat covariates=none instance_norm=true remove_constant=false seed=1 batch_size=512
[2026-08-27 15:27:35,452][data.dataset][INFO] - dataset config path=/fssmall/home/h61084/codes/datasets/time/current_velocity_h_part04/config.json applied_keys=['date_col', 'drop_users', 'target_cols']
[2026-08-27 15:27:35,474][evaluation.evaluator][INFO] - evaluate dataset=time/current_velocity_h_part04 users=6 dates=4489 windows=54 removed_constant=0 L=168 H=24 stride=512
[2026-08-27 15:27:35,720][evaluation.evaluator][INFO] - artifacts ready run=/fssmall/home/h61084/codes/tsfm/outputs_selena/univariate/time-current_velocity_h_part04/168_24/repeat/none/instance/keep/run_0 mse=17.9816 nmse=1.05501 inference_seconds=0.021
2026-08-27 15:27:38 | configuration dataset=time/current_velocity_h_part04 L=168 H=24 model=lookback covariates=none instance_norm=true remove_constant=false seed=1 batch_size=512
[2026-08-27 15:27:40,657][data.dataset][INFO] - dataset config path=/fssmall/home/h61084/codes/datasets/time/current_velocity_h_part04/config.json applied_keys=['date_col', 'drop_users', 'target_cols']
[2026-08-27 15:27:40,667][evaluation.evaluator][INFO] - lookback weekly period=168 observations
[2026-08-27 15:27:40,680][evaluation.evaluator][INFO] - evaluate dataset=time/current_velocity_h_part04 users=6 dates=4489 windows=54 removed_constant=0 L=168 H=24 stride=512
[2026-08-27 15:27:40,914][evaluation.evaluator][INFO] - artifacts ready run=/fssmall/home/h61084/codes/tsfm/outputs_selena/univariate/time-current_velocity_h_part04/168_24/lookback/none/instance/keep/run_0 mse=25.7902 nmse=2.51022 inference_seconds=0.020
2026-08-27 15:27:43 | configuration dataset=time/current_velocity_h_part04 L=168 H=24 model=chronos2 covariates=none instance_norm=true remove_constant=false seed=1 batch_size=64
[2026-08-27 15:27:45,925][data.dataset][INFO] - dataset config path=/fssmall/home/h61084/codes/datasets/time/current_velocity_h_part04/config.json applied_keys=['date_col', 'drop_users', 'target_cols']
[2026-08-27 15:27:45,947][evaluation.evaluator][INFO] - evaluate dataset=time/current_velocity_h_part04 users=6 dates=4489 windows=54 removed_constant=0 L=168 H=24 stride=512
[2026-08-27 15:27:51,672][evaluation.evaluator][INFO] - artifacts ready run=/fssmall/home/h61084/codes/tsfm/outputs_selena/univariate/time-current_velocity_h_part04/168_24/chronos2/none/instance/keep/run_0 mse=11.8252 nmse=0.658786 inference_seconds=0.197
2026-08-27 15:27:54 | configuration dataset=time/current_velocity_h_part04 L=336 H=48 model=persistence covariates=none instance_norm=true remove_constant=false seed=1 batch_size=512
[2026-08-27 15:27:56,999][data.dataset][INFO] - dataset config path=/fssmall/home/h61084/codes/datasets/time/current_velocity_h_part04/config.json applied_keys=['date_col', 'drop_users', 'target_cols']
[2026-08-27 15:27:57,022][evaluation.evaluator][INFO] - evaluate dataset=time/current_velocity_h_part04 users=6 dates=4489 windows=54 removed_constant=0 L=336 H=48 stride=512
[2026-08-27 15:27:57,267][evaluation.evaluator][INFO] - artifacts ready run=/fssmall/home/h61084/codes/tsfm/outputs_selena/univariate/time-current_velocity_h_part04/336_48/persistence/none/instance/keep/run_0 mse=42.2233 nmse=2.3016 inference_seconds=0.025
2026-08-27 15:27:59 | configuration dataset=time/current_velocity_h_part04 L=336 H=48 model=expected covariates=none instance_norm=true remove_constant=false seed=1 batch_size=512
[2026-08-27 15:28:02,229][data.dataset][INFO] - dataset config path=/fssmall/home/h61084/codes/datasets/time/current_velocity_h_part04/config.json applied_keys=['date_col', 'drop_users', 'target_cols']
[2026-08-27 15:28:02,251][evaluation.evaluator][INFO] - evaluate dataset=time/current_velocity_h_part04 users=6 dates=4489 windows=54 removed_constant=0 L=336 H=48 stride=512
[2026-08-27 15:28:02,498][evaluation.evaluator][INFO] - artifacts ready run=/fssmall/home/h61084/codes/tsfm/outputs_selena/univariate/time-current_velocity_h_part04/336_48/expected/none/instance/keep/run_0 mse=22.5015 nmse=1.81071 inference_seconds=0.025
2026-08-27 15:28:04 | configuration dataset=time/current_velocity_h_part04 L=336 H=48 model=repeat covariates=none instance_norm=true remove_constant=false seed=1 batch_size=512
[2026-08-27 15:28:07,509][data.dataset][INFO] - dataset config path=/fssmall/home/h61084/codes/datasets/time/current_velocity_h_part04/config.json applied_keys=['date_col', 'drop_users', 'target_cols']
[2026-08-27 15:28:07,533][evaluation.evaluator][INFO] - evaluate dataset=time/current_velocity_h_part04 users=6 dates=4489 windows=54 removed_constant=0 L=336 H=48 stride=512
[2026-08-27 15:28:07,759][evaluation.evaluator][INFO] - artifacts ready run=/fssmall/home/h61084/codes/tsfm/outputs_selena/univariate/time-current_velocity_h_part04/336_48/repeat/none/instance/keep/run_0 mse=15.4098 nmse=1.77008 inference_seconds=0.020
2026-08-27 15:28:10 | configuration dataset=time/current_velocity_h_part04 L=336 H=48 model=lookback covariates=none instance_norm=true remove_constant=false seed=1 batch_size=512
[2026-08-27 15:28:12,771][data.dataset][INFO] - dataset config path=/fssmall/home/h61084/codes/datasets/time/current_velocity_h_part04/config.json applied_keys=['date_col', 'drop_users', 'target_cols']
[2026-08-27 15:28:12,781][evaluation.evaluator][INFO] - lookback weekly period=168 observations
[2026-08-27 15:28:12,794][evaluation.evaluator][INFO] - evaluate dataset=time/current_velocity_h_part04 users=6 dates=4489 windows=54 removed_constant=0 L=336 H=48 stride=512
[2026-08-27 15:28:13,021][evaluation.evaluator][INFO] - artifacts ready run=/fssmall/home/h61084/codes/tsfm/outputs_selena/univariate/time-current_velocity_h_part04/336_48/lookback/none/instance/keep/run_0 mse=28.141 nmse=2.9439 inference_seconds=0.020
2026-08-27 15:28:15 | configuration dataset=time/current_velocity_h_part04 L=336 H=48 model=chronos2 covariates=none instance_norm=true remove_constant=false seed=1 batch_size=64
[2026-08-27 15:28:18,002][data.dataset][INFO] - dataset config path=/fssmall/home/h61084/codes/datasets/time/current_velocity_h_part04/config.json applied_keys=['date_col', 'drop_users', 'target_cols']
[2026-08-27 15:28:18,024][evaluation.evaluator][INFO] - evaluate dataset=time/current_velocity_h_part04 users=6 dates=4489 windows=54 removed_constant=0 L=336 H=48 stride=512
[2026-08-27 15:28:23,662][evaluation.evaluator][INFO] - artifacts ready run=/fssmall/home/h61084/codes/tsfm/outputs_selena/univariate/time-current_velocity_h_part04/336_48/chronos2/none/instance/keep/run_0 mse=12.5698 nmse=1.17245 inference_seconds=0.197
2026-08-27 15:28:26 | configuration dataset=time/current_velocity_h_part04 L=504 H=168 model=persistence covariates=none instance_norm=true remove_constant=false seed=1 batch_size=512
[2026-08-27 15:28:29,046][data.dataset][INFO] - dataset config path=/fssmall/home/h61084/codes/datasets/time/current_velocity_h_part04/config.json applied_keys=['date_col', 'drop_users', 'target_cols']
[2026-08-27 15:28:29,068][evaluation.evaluator][INFO] - evaluate dataset=time/current_velocity_h_part04 users=6 dates=4489 windows=48 removed_constant=0 L=504 H=168 stride=512
[2026-08-27 15:28:29,299][evaluation.evaluator][INFO] - artifacts ready run=/fssmall/home/h61084/codes/tsfm/outputs_selena/univariate/time-current_velocity_h_part04/504_168/persistence/none/instance/keep/run_0 mse=25.7076 nmse=1.95689 inference_seconds=0.025
2026-08-27 15:28:31 | configuration dataset=time/current_velocity_h_part04 L=504 H=168 model=expected covariates=none instance_norm=true remove_constant=false seed=1 batch_size=512
[2026-08-27 15:28:34,333][data.dataset][INFO] - dataset config path=/fssmall/home/h61084/codes/datasets/time/current_velocity_h_part04/config.json applied_keys=['date_col', 'drop_users', 'target_cols']
[2026-08-27 15:28:34,355][evaluation.evaluator][INFO] - evaluate dataset=time/current_velocity_h_part04 users=6 dates=4489 windows=48 removed_constant=0 L=504 H=168 stride=512
[2026-08-27 15:28:34,591][evaluation.evaluator][INFO] - artifacts ready run=/fssmall/home/h61084/codes/tsfm/outputs_selena/univariate/time-current_velocity_h_part04/504_168/expected/none/instance/keep/run_0 mse=22.3175 nmse=1.7197 inference_seconds=0.026
2026-08-27 15:28:37 | configuration dataset=time/current_velocity_h_part04 L=504 H=168 model=repeat covariates=none instance_norm=true remove_constant=false seed=1 batch_size=512
[2026-08-27 15:28:39,635][data.dataset][INFO] - dataset config path=/fssmall/home/h61084/codes/datasets/time/current_velocity_h_part04/config.json applied_keys=['date_col', 'drop_users', 'target_cols']
[2026-08-27 15:28:39,657][evaluation.evaluator][INFO] - evaluate dataset=time/current_velocity_h_part04 users=6 dates=4489 windows=48 removed_constant=0 L=504 H=168 stride=512
[2026-08-27 15:28:39,891][evaluation.evaluator][INFO] - artifacts ready run=/fssmall/home/h61084/codes/tsfm/outputs_selena/univariate/time-current_velocity_h_part04/504_168/repeat/none/instance/keep/run_0 mse=24.0873 nmse=2.58002 inference_seconds=0.020
2026-08-27 15:28:42 | configuration dataset=time/current_velocity_h_part04 L=504 H=168 model=lookback covariates=none instance_norm=true remove_constant=false seed=1 batch_size=512
[2026-08-27 15:28:44,913][data.dataset][INFO] - dataset config path=/fssmall/home/h61084/codes/datasets/time/current_velocity_h_part04/config.json applied_keys=['date_col', 'drop_users', 'target_cols']
[2026-08-27 15:28:44,923][evaluation.evaluator][INFO] - lookback weekly period=168 observations
[2026-08-27 15:28:44,935][evaluation.evaluator][INFO] - evaluate dataset=time/current_velocity_h_part04 users=6 dates=4489 windows=48 removed_constant=0 L=504 H=168 stride=512
[2026-08-27 15:28:45,161][evaluation.evaluator][INFO] - artifacts ready run=/fssmall/home/h61084/codes/tsfm/outputs_selena/univariate/time-current_velocity_h_part04/504_168/lookback/none/instance/keep/run_0 mse=24.0873 nmse=2.58002 inference_seconds=0.021
2026-08-27 15:28:47 | configuration dataset=time/current_velocity_h_part04 L=504 H=168 model=chronos2 covariates=none instance_norm=true remove_constant=false seed=1 batch_size=64
[2026-08-27 15:28:50,171][data.dataset][INFO] - dataset config path=/fssmall/home/h61084/codes/datasets/time/current_velocity_h_part04/config.json applied_keys=['date_col', 'drop_users', 'target_cols']
[2026-08-27 15:28:50,193][evaluation.evaluator][INFO] - evaluate dataset=time/current_velocity_h_part04 users=6 dates=4489 windows=48 removed_constant=0 L=504 H=168 stride=512
[2026-08-27 15:28:55,938][evaluation.evaluator][INFO] - artifacts ready run=/fssmall/home/h61084/codes/tsfm/outputs_selena/univariate/time-current_velocity_h_part04/504_168/chronos2/none/instance/keep/run_0 mse=17.5595 nmse=1.22135 inference_seconds=0.199
2026-08-27 15:28:58 | configuration dataset=time/current_velocity_h_part05 L=168 H=24 model=persistence covariates=none instance_norm=true remove_constant=false seed=1 batch_size=512
[2026-08-27 15:29:01,251][data.dataset][INFO] - dataset config path=/fssmall/home/h61084/codes/datasets/time/current_velocity_h_part05/config.json applied_keys=['date_col', 'drop_users', 'target_cols']
[2026-08-27 15:29:01,276][evaluation.evaluator][INFO] - evaluate dataset=time/current_velocity_h_part05 users=6 dates=5086 windows=60 removed_constant=0 L=168 H=24 stride=512
[2026-08-27 15:29:01,500][evaluation.evaluator][INFO] - artifacts ready run=/fssmall/home/h61084/codes/tsfm/outputs_selena/univariate/time-current_velocity_h_part05/168_24/persistence/none/instance/keep/run_0 mse=12.3581 nmse=1.61707 inference_seconds=0.025
2026-08-27 15:29:03 | configuration dataset=time/current_velocity_h_part05 L=168 H=24 model=expected covariates=none instance_norm=true remove_constant=false seed=1 batch_size=512
[2026-08-27 15:29:06,554][data.dataset][INFO] - dataset config path=/fssmall/home/h61084/codes/datasets/time/current_velocity_h_part05/config.json applied_keys=['date_col', 'drop_users', 'target_cols']
[2026-08-27 15:29:06,577][evaluation.evaluator][INFO] - evaluate dataset=time/current_velocity_h_part05 users=6 dates=5086 windows=60 removed_constant=0 L=168 H=24 stride=512
[2026-08-27 15:29:06,805][evaluation.evaluator][INFO] - artifacts ready run=/fssmall/home/h61084/codes/tsfm/outputs_selena/univariate/time-current_velocity_h_part05/168_24/expected/none/instance/keep/run_0 mse=12.6907 nmse=1.88799 inference_seconds=0.025
2026-08-27 15:29:09 | configuration dataset=time/current_velocity_h_part05 L=168 H=24 model=repeat covariates=none instance_norm=true remove_constant=false seed=1 batch_size=512
[2026-08-27 15:29:11,808][data.dataset][INFO] - dataset config path=/fssmall/home/h61084/codes/datasets/time/current_velocity_h_part05/config.json applied_keys=['date_col', 'drop_users', 'target_cols']
[2026-08-27 15:29:11,831][evaluation.evaluator][INFO] - evaluate dataset=time/current_velocity_h_part05 users=6 dates=5086 windows=60 removed_constant=0 L=168 H=24 stride=512
[2026-08-27 15:29:12,058][evaluation.evaluator][INFO] - artifacts ready run=/fssmall/home/h61084/codes/tsfm/outputs_selena/univariate/time-current_velocity_h_part05/168_24/repeat/none/instance/keep/run_0 mse=11.9068 nmse=1.06289 inference_seconds=0.021
2026-08-27 15:29:14 | configuration dataset=time/current_velocity_h_part05 L=168 H=24 model=lookback covariates=none instance_norm=true remove_constant=false seed=1 batch_size=512
[2026-08-27 15:29:17,065][data.dataset][INFO] - dataset config path=/fssmall/home/h61084/codes/datasets/time/current_velocity_h_part05/config.json applied_keys=['date_col', 'drop_users', 'target_cols']
[2026-08-27 15:29:17,076][evaluation.evaluator][INFO] - lookback weekly period=168 observations
[2026-08-27 15:29:17,088][evaluation.evaluator][INFO] - evaluate dataset=time/current_velocity_h_part05 users=6 dates=5086 windows=60 removed_constant=0 L=168 H=24 stride=512
[2026-08-27 15:29:17,323][evaluation.evaluator][INFO] - artifacts ready run=/fssmall/home/h61084/codes/tsfm/outputs_selena/univariate/time-current_velocity_h_part05/168_24/lookback/none/instance/keep/run_0 mse=22.8937 nmse=4.0955 inference_seconds=0.021
2026-08-27 15:29:19 | configuration dataset=time/current_velocity_h_part05 L=168 H=24 model=chronos2 covariates=none instance_norm=true remove_constant=false seed=1 batch_size=64
[2026-08-27 15:29:22,368][data.dataset][INFO] - dataset config path=/fssmall/home/h61084/codes/datasets/time/current_velocity_h_part05/config.json applied_keys=['date_col', 'drop_users', 'target_cols']
[2026-08-27 15:29:22,390][evaluation.evaluator][INFO] - evaluate dataset=time/current_velocity_h_part05 users=6 dates=5086 windows=60 removed_constant=0 L=168 H=24 stride=512
[2026-08-27 15:29:28,111][evaluation.evaluator][INFO] - artifacts ready run=/fssmall/home/h61084/codes/tsfm/outputs_selena/univariate/time-current_velocity_h_part05/168_24/chronos2/none/instance/keep/run_0 mse=12.6851 nmse=0.663454 inference_seconds=0.197
2026-08-27 15:29:30 | configuration dataset=time/current_velocity_h_part05 L=336 H=48 model=persistence covariates=none instance_norm=true remove_constant=false seed=1 batch_size=512
[2026-08-27 15:29:33,542][data.dataset][INFO] - dataset config path=/fssmall/home/h61084/codes/datasets/time/current_velocity_h_part05/config.json applied_keys=['date_col', 'drop_users', 'target_cols']
[2026-08-27 15:29:33,564][evaluation.evaluator][INFO] - evaluate dataset=time/current_velocity_h_part05 users=6 dates=5086 windows=60 removed_constant=0 L=336 H=48 stride=512
[2026-08-27 15:29:33,797][evaluation.evaluator][INFO] - artifacts ready run=/fssmall/home/h61084/codes/tsfm/outputs_selena/univariate/time-current_velocity_h_part05/336_48/persistence/none/instance/keep/run_0 mse=22.2682 nmse=1.94959 inference_seconds=0.025
2026-08-27 15:29:36 | configuration dataset=time/current_velocity_h_part05 L=336 H=48 model=expected covariates=none instance_norm=true remove_constant=false seed=1 batch_size=512
[2026-08-27 15:29:38,936][data.dataset][INFO] - dataset config path=/fssmall/home/h61084/codes/datasets/time/current_velocity_h_part05/config.json applied_keys=['date_col', 'drop_users', 'target_cols']
[2026-08-27 15:29:38,959][evaluation.evaluator][INFO] - evaluate dataset=time/current_velocity_h_part05 users=6 dates=5086 windows=60 removed_constant=0 L=336 H=48 stride=512
[2026-08-27 15:29:39,196][evaluation.evaluator][INFO] - artifacts ready run=/fssmall/home/h61084/codes/tsfm/outputs_selena/univariate/time-current_velocity_h_part05/336_48/expected/none/instance/keep/run_0 mse=7.58839 nmse=1.24379 inference_seconds=0.025
2026-08-27 15:29:41 | configuration dataset=time/current_velocity_h_part05 L=336 H=48 model=repeat covariates=none instance_norm=true remove_constant=false seed=1 batch_size=512
[2026-08-27 15:29:44,270][data.dataset][INFO] - dataset config path=/fssmall/home/h61084/codes/datasets/time/current_velocity_h_part05/config.json applied_keys=['date_col', 'drop_users', 'target_cols']
[2026-08-27 15:29:44,292][evaluation.evaluator][INFO] - evaluate dataset=time/current_velocity_h_part05 users=6 dates=5086 windows=60 removed_constant=0 L=336 H=48 stride=512
[2026-08-27 15:29:44,523][evaluation.evaluator][INFO] - artifacts ready run=/fssmall/home/h61084/codes/tsfm/outputs_selena/univariate/time-current_velocity_h_part05/336_48/repeat/none/instance/keep/run_0 mse=12.7779 nmse=1.03626 inference_seconds=0.020
2026-08-27 15:29:47 | configuration dataset=time/current_velocity_h_part05 L=336 H=48 model=lookback covariates=none instance_norm=true remove_constant=false seed=1 batch_size=512
[2026-08-27 15:29:49,594][data.dataset][INFO] - dataset config path=/fssmall/home/h61084/codes/datasets/time/current_velocity_h_part05/config.json applied_keys=['date_col', 'drop_users', 'target_cols']
[2026-08-27 15:29:49,604][evaluation.evaluator][INFO] - lookback weekly period=168 observations
[2026-08-27 15:29:49,617][evaluation.evaluator][INFO] - evaluate dataset=time/current_velocity_h_part05 users=6 dates=5086 windows=60 removed_constant=0 L=336 H=48 stride=512
[2026-08-27 15:29:49,839][evaluation.evaluator][INFO] - artifacts ready run=/fssmall/home/h61084/codes/tsfm/outputs_selena/univariate/time-current_velocity_h_part05/336_48/lookback/none/instance/keep/run_0 mse=18.5669 nmse=2.54454 inference_seconds=0.021
2026-08-27 15:29:52 | configuration dataset=time/current_velocity_h_part05 L=336 H=48 model=chronos2 covariates=none instance_norm=true remove_constant=false seed=1 batch_size=64
[2026-08-27 15:29:54,870][data.dataset][INFO] - dataset config path=/fssmall/home/h61084/codes/datasets/time/current_velocity_h_part05/config.json applied_keys=['date_col', 'drop_users', 'target_cols']
[2026-08-27 15:29:54,892][evaluation.evaluator][INFO] - evaluate dataset=time/current_velocity_h_part05 users=6 dates=5086 windows=60 removed_constant=0 L=336 H=48 stride=512
[2026-08-27 15:30:00,719][evaluation.evaluator][INFO] - artifacts ready run=/fssmall/home/h61084/codes/tsfm/outputs_selena/univariate/time-current_velocity_h_part05/336_48/chronos2/none/instance/keep/run_0 mse=6.14823 nmse=0.492271 inference_seconds=0.201
2026-08-27 15:30:03 | configuration dataset=time/current_velocity_h_part05 L=504 H=168 model=persistence covariates=none instance_norm=true remove_constant=false seed=1 batch_size=512
[2026-08-27 15:30:06,231][data.dataset][INFO] - dataset config path=/fssmall/home/h61084/codes/datasets/time/current_velocity_h_part05/config.json applied_keys=['date_col', 'drop_users', 'target_cols']
[2026-08-27 15:30:06,255][evaluation.evaluator][INFO] - evaluate dataset=time/current_velocity_h_part05 users=6 dates=5086 windows=54 removed_constant=0 L=504 H=168 stride=512
[2026-08-27 15:30:06,487][evaluation.evaluator][INFO] - artifacts ready run=/fssmall/home/h61084/codes/tsfm/outputs_selena/univariate/time-current_velocity_h_part05/504_168/persistence/none/instance/keep/run_0 mse=21.315 nmse=2.48427 inference_seconds=0.025
2026-08-27 15:30:09 | configuration dataset=time/current_velocity_h_part05 L=504 H=168 model=expected covariates=none instance_norm=true remove_constant=false seed=1 batch_size=512
[2026-08-27 15:30:11,709][data.dataset][INFO] - dataset config path=/fssmall/home/h61084/codes/datasets/time/current_velocity_h_part05/config.json applied_keys=['date_col', 'drop_users', 'target_cols']
[2026-08-27 15:30:11,732][evaluation.evaluator][INFO] - evaluate dataset=time/current_velocity_h_part05 users=6 dates=5086 windows=54 removed_constant=0 L=504 H=168 stride=512
[2026-08-27 15:30:11,962][evaluation.evaluator][INFO] - artifacts ready run=/fssmall/home/h61084/codes/tsfm/outputs_selena/univariate/time-current_velocity_h_part05/504_168/expected/none/instance/keep/run_0 mse=15.6924 nmse=1.72021 inference_seconds=0.025
2026-08-27 15:30:14 | configuration dataset=time/current_velocity_h_part05 L=504 H=168 model=repeat covariates=none instance_norm=true remove_constant=false seed=1 batch_size=512
[2026-08-27 15:30:17,063][data.dataset][INFO] - dataset config path=/fssmall/home/h61084/codes/datasets/time/current_velocity_h_part05/config.json applied_keys=['date_col', 'drop_users', 'target_cols']
[2026-08-27 15:30:17,086][evaluation.evaluator][INFO] - evaluate dataset=time/current_velocity_h_part05 users=6 dates=5086 windows=54 removed_constant=0 L=504 H=168 stride=512
[2026-08-27 15:30:17,329][evaluation.evaluator][INFO] - artifacts ready run=/fssmall/home/h61084/codes/tsfm/outputs_selena/univariate/time-current_velocity_h_part05/504_168/repeat/none/instance/keep/run_0 mse=21.0005 nmse=2.66206 inference_seconds=0.021
2026-08-27 15:30:19 | configuration dataset=time/current_velocity_h_part05 L=504 H=168 model=lookback covariates=none instance_norm=true remove_constant=false seed=1 batch_size=512
[2026-08-27 15:30:22,510][data.dataset][INFO] - dataset config path=/fssmall/home/h61084/codes/datasets/time/current_velocity_h_part05/config.json applied_keys=['date_col', 'drop_users', 'target_cols']
[2026-08-27 15:30:22,520][evaluation.evaluator][INFO] - lookback weekly period=168 observations
[2026-08-27 15:30:22,533][evaluation.evaluator][INFO] - evaluate dataset=time/current_velocity_h_part05 users=6 dates=5086 windows=54 removed_constant=0 L=504 H=168 stride=512
[2026-08-27 15:30:22,757][evaluation.evaluator][INFO] - artifacts ready run=/fssmall/home/h61084/codes/tsfm/outputs_selena/univariate/time-current_velocity_h_part05/504_168/lookback/none/instance/keep/run_0 mse=21.0005 nmse=2.66206 inference_seconds=0.020
2026-08-27 15:30:25 | configuration dataset=time/current_velocity_h_part05 L=504 H=168 model=chronos2 covariates=none instance_norm=true remove_constant=false seed=1 batch_size=64
[2026-08-27 15:30:27,999][data.dataset][INFO] - dataset config path=/fssmall/home/h61084/codes/datasets/time/current_velocity_h_part05/config.json applied_keys=['date_col', 'drop_users', 'target_cols']
[2026-08-27 15:30:28,022][evaluation.evaluator][INFO] - evaluate dataset=time/current_velocity_h_part05 users=6 dates=5086 windows=54 removed_constant=0 L=504 H=168 stride=512
[2026-08-27 15:30:33,842][evaluation.evaluator][INFO] - artifacts ready run=/fssmall/home/h61084/codes/tsfm/outputs_selena/univariate/time-current_velocity_h_part05/504_168/chronos2/none/instance/keep/run_0 mse=15.4182 nmse=1.13159 inference_seconds=0.201
2026-08-27 15:30:36 | configuration dataset=time/current_velocity_h_part06 L=168 H=24 model=persistence covariates=none instance_norm=true remove_constant=false seed=1 batch_size=512
[2026-08-27 15:30:39,401][data.dataset][INFO] - dataset config path=/fssmall/home/h61084/codes/datasets/time/current_velocity_h_part06/config.json applied_keys=['date_col', 'drop_users', 'target_cols']
[2026-08-27 15:30:39,427][evaluation.evaluator][INFO] - evaluate dataset=time/current_velocity_h_part06 users=6 dates=5327 windows=66 removed_constant=0 L=168 H=24 stride=512
[2026-08-27 15:30:39,652][evaluation.evaluator][INFO] - artifacts ready run=/fssmall/home/h61084/codes/tsfm/outputs_selena/univariate/time-current_velocity_h_part06/168_24/persistence/none/instance/keep/run_0 mse=4.69274 nmse=1.73603 inference_seconds=0.025
2026-08-27 15:30:42 | configuration dataset=time/current_velocity_h_part06 L=168 H=24 model=expected covariates=none instance_norm=true remove_constant=false seed=1 batch_size=512
[2026-08-27 15:30:44,926][data.dataset][INFO] - dataset config path=/fssmall/home/h61084/codes/datasets/time/current_velocity_h_part06/config.json applied_keys=['date_col', 'drop_users', 'target_cols']
[2026-08-27 15:30:44,948][evaluation.evaluator][INFO] - evaluate dataset=time/current_velocity_h_part06 users=6 dates=5327 windows=66 removed_constant=0 L=168 H=24 stride=512
[2026-08-27 15:30:45,175][evaluation.evaluator][INFO] - artifacts ready run=/fssmall/home/h61084/codes/tsfm/outputs_selena/univariate/time-current_velocity_h_part06/168_24/expected/none/instance/keep/run_0 mse=6.97548 nmse=1.63522 inference_seconds=0.025
2026-08-27 15:30:47 | configuration dataset=time/current_velocity_h_part06 L=168 H=24 model=repeat covariates=none instance_norm=true remove_constant=false seed=1 batch_size=512
[2026-08-27 15:30:50,395][data.dataset][INFO] - dataset config path=/fssmall/home/h61084/codes/datasets/time/current_velocity_h_part06/config.json applied_keys=['date_col', 'drop_users', 'target_cols']
[2026-08-27 15:30:50,418][evaluation.evaluator][INFO] - evaluate dataset=time/current_velocity_h_part06 users=6 dates=5327 windows=66 removed_constant=0 L=168 H=24 stride=512
[2026-08-27 15:30:50,651][evaluation.evaluator][INFO] - artifacts ready run=/fssmall/home/h61084/codes/tsfm/outputs_selena/univariate/time-current_velocity_h_part06/168_24/repeat/none/instance/keep/run_0 mse=5.52858 nmse=0.734932 inference_seconds=0.020
2026-08-27 15:30:53 | configuration dataset=time/current_velocity_h_part06 L=168 H=24 model=lookback covariates=none instance_norm=true remove_constant=false seed=1 batch_size=512
[2026-08-27 15:30:55,835][data.dataset][INFO] - dataset config path=/fssmall/home/h61084/codes/datasets/time/current_velocity_h_part06/config.json applied_keys=['date_col', 'drop_users', 'target_cols']
[2026-08-27 15:30:55,846][evaluation.evaluator][INFO] - lookback weekly period=168 observations
[2026-08-27 15:30:55,859][evaluation.evaluator][INFO] - evaluate dataset=time/current_velocity_h_part06 users=6 dates=5327 windows=66 removed_constant=0 L=168 H=24 stride=512
[2026-08-27 15:30:56,087][evaluation.evaluator][INFO] - artifacts ready run=/fssmall/home/h61084/codes/tsfm/outputs_selena/univariate/time-current_velocity_h_part06/168_24/lookback/none/instance/keep/run_0 mse=14.7469 nmse=3.42521 inference_seconds=0.021
2026-08-27 15:30:58 | configuration dataset=time/current_velocity_h_part06 L=168 H=24 model=chronos2 covariates=none instance_norm=true remove_constant=false seed=1 batch_size=64
[2026-08-27 15:31:01,526][data.dataset][INFO] - dataset config path=/fssmall/home/h61084/codes/datasets/time/current_velocity_h_part06/config.json applied_keys=['date_col', 'drop_users', 'target_cols']
[2026-08-27 15:31:01,549][evaluation.evaluator][INFO] - evaluate dataset=time/current_velocity_h_part06 users=6 dates=5327 windows=66 removed_constant=0 L=168 H=24 stride=512
[2026-08-27 15:31:07,593][evaluation.evaluator][INFO] - artifacts ready run=/fssmall/home/h61084/codes/tsfm/outputs_selena/univariate/time-current_velocity_h_part06/168_24/chronos2/none/instance/keep/run_0 mse=3.35952 nmse=0.496024 inference_seconds=0.212
2026-08-27 15:31:10 | configuration dataset=time/current_velocity_h_part06 L=336 H=48 model=persistence covariates=none instance_norm=true remove_constant=false seed=1 batch_size=512
[2026-08-27 15:31:13,181][data.dataset][INFO] - dataset config path=/fssmall/home/h61084/codes/datasets/time/current_velocity_h_part06/config.json applied_keys=['date_col', 'drop_users', 'target_cols']
[2026-08-27 15:31:13,204][evaluation.evaluator][INFO] - evaluate dataset=time/current_velocity_h_part06 users=6 dates=5327 windows=60 removed_constant=0 L=336 H=48 stride=512
[2026-08-27 15:31:13,444][evaluation.evaluator][INFO] - artifacts ready run=/fssmall/home/h61084/codes/tsfm/outputs_selena/univariate/time-current_velocity_h_part06/336_48/persistence/none/instance/keep/run_0 mse=25.3755 nmse=1.83597 inference_seconds=0.025
2026-08-27 15:31:16 | configuration dataset=time/current_velocity_h_part06 L=336 H=48 model=expected covariates=none instance_norm=true remove_constant=false seed=1 batch_size=512
[2026-08-27 15:31:18,613][data.dataset][INFO] - dataset config path=/fssmall/home/h61084/codes/datasets/time/current_velocity_h_part06/config.json applied_keys=['date_col', 'drop_users', 'target_cols']
[2026-08-27 15:31:18,636][evaluation.evaluator][INFO] - evaluate dataset=time/current_velocity_h_part06 users=6 dates=5327 windows=60 removed_constant=0 L=336 H=48 stride=512
[2026-08-27 15:31:18,862][evaluation.evaluator][INFO] - artifacts ready run=/fssmall/home/h61084/codes/tsfm/outputs_selena/univariate/time-current_velocity_h_part06/336_48/expected/none/instance/keep/run_0 mse=14.9878 nmse=2.03106 inference_seconds=0.024
2026-08-27 15:31:21 | configuration dataset=time/current_velocity_h_part06 L=336 H=48 model=repeat covariates=none instance_norm=true remove_constant=false seed=1 batch_size=512
[2026-08-27 15:31:24,051][data.dataset][INFO] - dataset config path=/fssmall/home/h61084/codes/datasets/time/current_velocity_h_part06/config.json applied_keys=['date_col', 'drop_users', 'target_cols']
[2026-08-27 15:31:24,075][evaluation.evaluator][INFO] - evaluate dataset=time/current_velocity_h_part06 users=6 dates=5327 windows=60 removed_constant=0 L=336 H=48 stride=512
[2026-08-27 15:31:24,297][evaluation.evaluator][INFO] - artifacts ready run=/fssmall/home/h61084/codes/tsfm/outputs_selena/univariate/time-current_velocity_h_part06/336_48/repeat/none/instance/keep/run_0 mse=16.1488 nmse=1.56398 inference_seconds=0.020
