2026-08-28 13:34:04 | resources data_root=auto weights_root=auto output_root=/scratch/users/h61084/codes/tsfm/outputs_selena/univariate
2026-08-28 13:34:11 | profile mode=full datasets=electricity traffic solar exchange_rate time/cphl_h_part01 time/cphl_h_part02 time/coastal_t_s_h_part01 time/coastal_t_s_h_part02 time/coastal_t_s_h_part03 time/coastal_t_s_h_part04 time/coastal_t_s_h_part05 time/coastal_t_s_h_part06 time/coastal_t_s_h_part07 time/coastal_t_s_h_part08 time/coastal_t_s_h_part09 time/coastal_t_s_h_part10 time/coastal_t_s_h_part11 time/coastal_t_s_h_part12 time/coastal_t_s_h_part13 time/coastal_t_s_h_part14 time/coastal_t_s_h_part15 time/coastal_t_s_h_part16 time/coastal_t_s_h_part17 time/coastal_t_s_h_part18 time/coastal_t_s_h_part19 time/coastal_t_s_h_part20 time/coastal_t_s_h_part21 time/coastal_t_s_h_part22 time/coastal_t_s_h_part23 time/crypto_d time/ecdc_covid_d_part01 time/ecdc_covid_d_part02 time/ecdc_covid_d_part03 time/ecdc_covid_d_part04 time/ecdc_covid_d_part05 time/ecdc_covid_d_part06 time/ecdc_covid_d_part07 time/ne_china_wind_h time/online_retail_2_uci_d time/port_activity_d time/supply_chain_customer_d time/supply_chain_location_d time/current_velocity_h_part01 time/current_velocity_h_part02 time/current_velocity_h_part03 time/current_velocity_h_part04 time/current_velocity_h_part05 time/current_velocity_h_part06 time/current_velocity_h_part07 time/current_velocity_h_part08 time/current_velocity_h_part09 time/current_velocity_h_part10 time/current_velocity_h_part11 time/current_velocity_h_part12 time/current_velocity_h_part13 time/current_velocity_h_part14 time/current_velocity_h_part15 time/current_velocity_h_part16 time/current_velocity_h_part17 time/current_velocity_h_part18 time/current_velocity_h_part19 time/current_velocity_h_part20 time/current_velocity_h_part21 settings=168:24 336:48 504:168 7:1 14:2 30:7 tasks=189 seeds=1
2026-08-28 13:34:11 | configuration dataset=electricity L=168 H=24 model=persistence covariates=none instance_norm=true remove_constant=false seed=1 batch_size=512
[2026-08-28 13:34:14,022][data.dataset][INFO] - dataset config path=/fssmall/home/h61084/codes/datasets/electricity/config.json applied_keys=['date_col', 'drop_users']
[2026-08-28 13:34:14,771][evaluation.evaluator][INFO] - skip complete run=/fslarge/scratch/users/h61084/codes/tsfm/outputs_selena/univariate/electricity/168_24/persistence/none/instance/keep/run_0
2026-08-28 13:34:19 | configuration dataset=electricity L=168 H=24 model=expected covariates=none instance_norm=true remove_constant=false seed=1 batch_size=512
[2026-08-28 13:34:21,758][data.dataset][INFO] - dataset config path=/fssmall/home/h61084/codes/datasets/electricity/config.json applied_keys=['date_col', 'drop_users']
[2026-08-28 13:34:22,399][evaluation.evaluator][INFO] - skip complete run=/fslarge/scratch/users/h61084/codes/tsfm/outputs_selena/univariate/electricity/168_24/expected/none/instance/keep/run_0
2026-08-28 13:34:24 | configuration dataset=electricity L=168 H=24 model=repeat covariates=none instance_norm=true remove_constant=false seed=1 batch_size=512
[2026-08-28 13:34:27,424][data.dataset][INFO] - dataset config path=/fssmall/home/h61084/codes/datasets/electricity/config.json applied_keys=['date_col', 'drop_users']
[2026-08-28 13:34:28,077][evaluation.evaluator][INFO] - skip complete run=/fslarge/scratch/users/h61084/codes/tsfm/outputs_selena/univariate/electricity/168_24/repeat/none/instance/keep/run_0
2026-08-28 13:34:30 | configuration dataset=electricity L=168 H=24 model=lookback covariates=none instance_norm=true remove_constant=false seed=1 batch_size=512
[2026-08-28 13:34:33,127][data.dataset][INFO] - dataset config path=/fssmall/home/h61084/codes/datasets/electricity/config.json applied_keys=['date_col', 'drop_users']
[2026-08-28 13:34:33,741][evaluation.evaluator][INFO] - lookback weekly period=168 observations
[2026-08-28 13:34:33,780][evaluation.evaluator][INFO] - skip complete run=/fslarge/scratch/users/h61084/codes/tsfm/outputs_selena/univariate/electricity/168_24/lookback/none/instance/keep/run_0
2026-08-28 13:34:36 | configuration dataset=electricity L=168 H=24 model=chronos2 covariates=none instance_norm=true remove_constant=false seed=1 batch_size=64
[2026-08-28 13:34:38,806][data.dataset][INFO] - dataset config path=/fssmall/home/h61084/codes/datasets/electricity/config.json applied_keys=['date_col', 'drop_users']
[2026-08-28 13:34:39,457][evaluation.evaluator][INFO] - skip complete run=/fslarge/scratch/users/h61084/codes/tsfm/outputs_selena/univariate/electricity/168_24/chronos2/none/instance/keep/run_0
2026-08-28 13:34:41 | configuration dataset=electricity L=336 H=48 model=persistence covariates=none instance_norm=true remove_constant=false seed=1 batch_size=512
[2026-08-28 13:34:44,475][data.dataset][INFO] - dataset config path=/fssmall/home/h61084/codes/datasets/electricity/config.json applied_keys=['date_col', 'drop_users']
[2026-08-28 13:34:45,185][evaluation.evaluator][INFO] - skip complete run=/fslarge/scratch/users/h61084/codes/tsfm/outputs_selena/univariate/electricity/336_48/persistence/none/instance/keep/run_0
2026-08-28 13:34:47 | configuration dataset=electricity L=336 H=48 model=expected covariates=none instance_norm=true remove_constant=false seed=1 batch_size=512
[2026-08-28 13:34:50,288][data.dataset][INFO] - dataset config path=/fssmall/home/h61084/codes/datasets/electricity/config.json applied_keys=['date_col', 'drop_users']
[2026-08-28 13:34:50,966][evaluation.evaluator][INFO] - skip complete run=/fslarge/scratch/users/h61084/codes/tsfm/outputs_selena/univariate/electricity/336_48/expected/none/instance/keep/run_0
2026-08-28 13:34:53 | configuration dataset=electricity L=336 H=48 model=repeat covariates=none instance_norm=true remove_constant=false seed=1 batch_size=512
[2026-08-28 13:34:55,976][data.dataset][INFO] - dataset config path=/fssmall/home/h61084/codes/datasets/electricity/config.json applied_keys=['date_col', 'drop_users']
[2026-08-28 13:34:56,650][evaluation.evaluator][INFO] - skip complete run=/fslarge/scratch/users/h61084/codes/tsfm/outputs_selena/univariate/electricity/336_48/repeat/none/instance/keep/run_0
2026-08-28 13:34:58 | configuration dataset=electricity L=336 H=48 model=lookback covariates=none instance_norm=true remove_constant=false seed=1 batch_size=512
[2026-08-28 13:35:01,691][data.dataset][INFO] - dataset config path=/fssmall/home/h61084/codes/datasets/electricity/config.json applied_keys=['date_col', 'drop_users']
[2026-08-28 13:35:02,310][evaluation.evaluator][INFO] - lookback weekly period=168 observations
[2026-08-28 13:35:02,374][evaluation.evaluator][INFO] - skip complete run=/fslarge/scratch/users/h61084/codes/tsfm/outputs_selena/univariate/electricity/336_48/lookback/none/instance/keep/run_0
2026-08-28 13:35:04 | configuration dataset=electricity L=336 H=48 model=chronos2 covariates=none instance_norm=true remove_constant=false seed=1 batch_size=64
[2026-08-28 13:35:07,440][data.dataset][INFO] - dataset config path=/fssmall/home/h61084/codes/datasets/electricity/config.json applied_keys=['date_col', 'drop_users']
[2026-08-28 13:35:08,152][evaluation.evaluator][INFO] - skip complete run=/fslarge/scratch/users/h61084/codes/tsfm/outputs_selena/univariate/electricity/336_48/chronos2/none/instance/keep/run_0
2026-08-28 13:35:10 | configuration dataset=electricity L=504 H=168 model=persistence covariates=none instance_norm=true remove_constant=false seed=1 batch_size=512
[2026-08-28 13:35:13,231][data.dataset][INFO] - dataset config path=/fssmall/home/h61084/codes/datasets/electricity/config.json applied_keys=['date_col', 'drop_users']
[2026-08-28 13:35:13,940][evaluation.evaluator][INFO] - skip complete run=/fslarge/scratch/users/h61084/codes/tsfm/outputs_selena/univariate/electricity/504_168/persistence/none/instance/keep/run_0
2026-08-28 13:35:16 | configuration dataset=electricity L=504 H=168 model=expected covariates=none instance_norm=true remove_constant=false seed=1 batch_size=512
[2026-08-28 13:35:19,036][data.dataset][INFO] - dataset config path=/fssmall/home/h61084/codes/datasets/electricity/config.json applied_keys=['date_col', 'drop_users']
[2026-08-28 13:35:19,739][evaluation.evaluator][INFO] - skip complete run=/fslarge/scratch/users/h61084/codes/tsfm/outputs_selena/univariate/electricity/504_168/expected/none/instance/keep/run_0
2026-08-28 13:35:22 | configuration dataset=electricity L=504 H=168 model=repeat covariates=none instance_norm=true remove_constant=false seed=1 batch_size=512
[2026-08-28 13:35:24,861][data.dataset][INFO] - dataset config path=/fssmall/home/h61084/codes/datasets/electricity/config.json applied_keys=['date_col', 'drop_users']
[2026-08-28 13:35:25,563][evaluation.evaluator][INFO] - skip complete run=/fslarge/scratch/users/h61084/codes/tsfm/outputs_selena/univariate/electricity/504_168/repeat/none/instance/keep/run_0
2026-08-28 13:35:27 | configuration dataset=electricity L=504 H=168 model=lookback covariates=none instance_norm=true remove_constant=false seed=1 batch_size=512
[2026-08-28 13:35:30,655][data.dataset][INFO] - dataset config path=/fssmall/home/h61084/codes/datasets/electricity/config.json applied_keys=['date_col', 'drop_users']
[2026-08-28 13:35:31,266][evaluation.evaluator][INFO] - lookback weekly period=168 observations
[2026-08-28 13:35:31,355][evaluation.evaluator][INFO] - skip complete run=/fslarge/scratch/users/h61084/codes/tsfm/outputs_selena/univariate/electricity/504_168/lookback/none/instance/keep/run_0
2026-08-28 13:35:33 | configuration dataset=electricity L=504 H=168 model=chronos2 covariates=none instance_norm=true remove_constant=false seed=1 batch_size=64
[2026-08-28 13:35:36,449][data.dataset][INFO] - dataset config path=/fssmall/home/h61084/codes/datasets/electricity/config.json applied_keys=['date_col', 'drop_users']
[2026-08-28 13:35:37,156][evaluation.evaluator][INFO] - skip complete run=/fslarge/scratch/users/h61084/codes/tsfm/outputs_selena/univariate/electricity/504_168/chronos2/none/instance/keep/run_0
2026-08-28 13:35:39 | configuration dataset=traffic L=168 H=24 model=persistence covariates=none instance_norm=true remove_constant=false seed=1 batch_size=512
[2026-08-28 13:35:42,209][data.dataset][INFO] - dataset config path=/fssmall/home/h61084/codes/datasets/traffic/config.json applied_keys=['date_col', 'drop_users']
[2026-08-28 13:35:43,247][evaluation.evaluator][INFO] - skip complete run=/fslarge/scratch/users/h61084/codes/tsfm/outputs_selena/univariate/traffic/168_24/persistence/none/instance/keep/run_0
2026-08-28 13:35:45 | configuration dataset=traffic L=168 H=24 model=expected covariates=none instance_norm=true remove_constant=false seed=1 batch_size=512
[2026-08-28 13:35:48,354][data.dataset][INFO] - dataset config path=/fssmall/home/h61084/codes/datasets/traffic/config.json applied_keys=['date_col', 'drop_users']
[2026-08-28 13:35:49,342][evaluation.evaluator][INFO] - skip complete run=/fslarge/scratch/users/h61084/codes/tsfm/outputs_selena/univariate/traffic/168_24/expected/none/instance/keep/run_0
2026-08-28 13:35:51 | configuration dataset=traffic L=168 H=24 model=repeat covariates=none instance_norm=true remove_constant=false seed=1 batch_size=512
[2026-08-28 13:35:54,474][data.dataset][INFO] - dataset config path=/fssmall/home/h61084/codes/datasets/traffic/config.json applied_keys=['date_col', 'drop_users']
[2026-08-28 13:35:55,440][evaluation.evaluator][INFO] - skip complete run=/fslarge/scratch/users/h61084/codes/tsfm/outputs_selena/univariate/traffic/168_24/repeat/none/instance/keep/run_0
2026-08-28 13:35:57 | configuration dataset=traffic L=168 H=24 model=lookback covariates=none instance_norm=true remove_constant=false seed=1 batch_size=512
[2026-08-28 13:36:00,482][data.dataset][INFO] - dataset config path=/fssmall/home/h61084/codes/datasets/traffic/config.json applied_keys=['date_col', 'drop_users']
[2026-08-28 13:36:01,398][evaluation.evaluator][INFO] - lookback weekly period=168 observations
[2026-08-28 13:36:01,462][evaluation.evaluator][INFO] - skip complete run=/fslarge/scratch/users/h61084/codes/tsfm/outputs_selena/univariate/traffic/168_24/lookback/none/instance/keep/run_0
2026-08-28 13:36:03 | configuration dataset=traffic L=168 H=24 model=chronos2 covariates=none instance_norm=true remove_constant=false seed=1 batch_size=64
[2026-08-28 13:36:06,521][data.dataset][INFO] - dataset config path=/fssmall/home/h61084/codes/datasets/traffic/config.json applied_keys=['date_col', 'drop_users']
[2026-08-28 13:36:07,489][evaluation.evaluator][INFO] - skip complete run=/fslarge/scratch/users/h61084/codes/tsfm/outputs_selena/univariate/traffic/168_24/chronos2/none/instance/keep/run_0
2026-08-28 13:36:09 | configuration dataset=traffic L=336 H=48 model=persistence covariates=none instance_norm=true remove_constant=false seed=1 batch_size=512
[2026-08-28 13:36:12,530][data.dataset][INFO] - dataset config path=/fssmall/home/h61084/codes/datasets/traffic/config.json applied_keys=['date_col', 'drop_users']
[2026-08-28 13:36:13,545][evaluation.evaluator][INFO] - skip complete run=/fslarge/scratch/users/h61084/codes/tsfm/outputs_selena/univariate/traffic/336_48/persistence/none/instance/keep/run_0
2026-08-28 13:36:15 | configuration dataset=traffic L=336 H=48 model=expected covariates=none instance_norm=true remove_constant=false seed=1 batch_size=512
[2026-08-28 13:36:18,627][data.dataset][INFO] - dataset config path=/fssmall/home/h61084/codes/datasets/traffic/config.json applied_keys=['date_col', 'drop_users']
[2026-08-28 13:36:19,649][evaluation.evaluator][INFO] - skip complete run=/fslarge/scratch/users/h61084/codes/tsfm/outputs_selena/univariate/traffic/336_48/expected/none/instance/keep/run_0
2026-08-28 13:36:21 | configuration dataset=traffic L=336 H=48 model=repeat covariates=none instance_norm=true remove_constant=false seed=1 batch_size=512
[2026-08-28 13:36:24,694][data.dataset][INFO] - dataset config path=/fssmall/home/h61084/codes/datasets/traffic/config.json applied_keys=['date_col', 'drop_users']
[2026-08-28 13:36:25,704][evaluation.evaluator][INFO] - skip complete run=/fslarge/scratch/users/h61084/codes/tsfm/outputs_selena/univariate/traffic/336_48/repeat/none/instance/keep/run_0
2026-08-28 13:36:28 | configuration dataset=traffic L=336 H=48 model=lookback covariates=none instance_norm=true remove_constant=false seed=1 batch_size=512
[2026-08-28 13:36:30,775][data.dataset][INFO] - dataset config path=/fssmall/home/h61084/codes/datasets/traffic/config.json applied_keys=['date_col', 'drop_users']
[2026-08-28 13:36:31,705][evaluation.evaluator][INFO] - lookback weekly period=168 observations
[2026-08-28 13:36:31,813][evaluation.evaluator][INFO] - skip complete run=/fslarge/scratch/users/h61084/codes/tsfm/outputs_selena/univariate/traffic/336_48/lookback/none/instance/keep/run_0
2026-08-28 13:36:34 | configuration dataset=traffic L=336 H=48 model=chronos2 covariates=none instance_norm=true remove_constant=false seed=1 batch_size=64
[2026-08-28 13:36:36,883][data.dataset][INFO] - dataset config path=/fssmall/home/h61084/codes/datasets/traffic/config.json applied_keys=['date_col', 'drop_users']
[2026-08-28 13:36:37,919][evaluation.evaluator][INFO] - skip complete run=/fslarge/scratch/users/h61084/codes/tsfm/outputs_selena/univariate/traffic/336_48/chronos2/none/instance/keep/run_0
2026-08-28 13:36:40 | configuration dataset=traffic L=504 H=168 model=persistence covariates=none instance_norm=true remove_constant=false seed=1 batch_size=512
[2026-08-28 13:36:42,979][data.dataset][INFO] - dataset config path=/fssmall/home/h61084/codes/datasets/traffic/config.json applied_keys=['date_col', 'drop_users']
[2026-08-28 13:36:44,041][evaluation.evaluator][INFO] - skip complete run=/fslarge/scratch/users/h61084/codes/tsfm/outputs_selena/univariate/traffic/504_168/persistence/none/instance/keep/run_0
2026-08-28 13:36:46 | configuration dataset=traffic L=504 H=168 model=expected covariates=none instance_norm=true remove_constant=false seed=1 batch_size=512
[2026-08-28 13:36:49,067][data.dataset][INFO] - dataset config path=/fssmall/home/h61084/codes/datasets/traffic/config.json applied_keys=['date_col', 'drop_users']
[2026-08-28 13:36:50,131][evaluation.evaluator][INFO] - skip complete run=/fslarge/scratch/users/h61084/codes/tsfm/outputs_selena/univariate/traffic/504_168/expected/none/instance/keep/run_0
2026-08-28 13:36:52 | configuration dataset=traffic L=504 H=168 model=repeat covariates=none instance_norm=true remove_constant=false seed=1 batch_size=512
[2026-08-28 13:36:55,171][data.dataset][INFO] - dataset config path=/fssmall/home/h61084/codes/datasets/traffic/config.json applied_keys=['date_col', 'drop_users']
[2026-08-28 13:36:56,228][evaluation.evaluator][INFO] - skip complete run=/fslarge/scratch/users/h61084/codes/tsfm/outputs_selena/univariate/traffic/504_168/repeat/none/instance/keep/run_0
2026-08-28 13:36:58 | configuration dataset=traffic L=504 H=168 model=lookback covariates=none instance_norm=true remove_constant=false seed=1 batch_size=512
[2026-08-28 13:37:01,319][data.dataset][INFO] - dataset config path=/fssmall/home/h61084/codes/datasets/traffic/config.json applied_keys=['date_col', 'drop_users']
[2026-08-28 13:37:02,223][evaluation.evaluator][INFO] - lookback weekly period=168 observations
[2026-08-28 13:37:02,375][evaluation.evaluator][INFO] - skip complete run=/fslarge/scratch/users/h61084/codes/tsfm/outputs_selena/univariate/traffic/504_168/lookback/none/instance/keep/run_0
2026-08-28 13:37:04 | configuration dataset=traffic L=504 H=168 model=chronos2 covariates=none instance_norm=true remove_constant=false seed=1 batch_size=64
[2026-08-28 13:37:07,448][data.dataset][INFO] - dataset config path=/fssmall/home/h61084/codes/datasets/traffic/config.json applied_keys=['date_col', 'drop_users']
[2026-08-28 13:37:08,520][evaluation.evaluator][INFO] - skip complete run=/fslarge/scratch/users/h61084/codes/tsfm/outputs_selena/univariate/traffic/504_168/chronos2/none/instance/keep/run_0
2026-08-28 13:37:10 | configuration dataset=solar L=168 H=24 model=persistence covariates=none instance_norm=true remove_constant=false seed=1 batch_size=512
[2026-08-28 13:37:13,588][data.dataset][INFO] - dataset config path=/fssmall/home/h61084/codes/datasets/solar/config.json applied_keys=['aggr', 'date_col', 'drop_users']
[2026-08-28 13:37:13,968][evaluation.evaluator][INFO] - skip complete run=/fslarge/scratch/users/h61084/codes/tsfm/outputs_selena/univariate/solar/168_24/persistence/none/instance/keep/run_0
2026-08-28 13:37:16 | configuration dataset=solar L=168 H=24 model=expected covariates=none instance_norm=true remove_constant=false seed=1 batch_size=512
[2026-08-28 13:37:18,986][data.dataset][INFO] - dataset config path=/fssmall/home/h61084/codes/datasets/solar/config.json applied_keys=['aggr', 'date_col', 'drop_users']
[2026-08-28 13:37:19,332][evaluation.evaluator][INFO] - skip complete run=/fslarge/scratch/users/h61084/codes/tsfm/outputs_selena/univariate/solar/168_24/expected/none/instance/keep/run_0
2026-08-28 13:37:21 | configuration dataset=solar L=168 H=24 model=repeat covariates=none instance_norm=true remove_constant=false seed=1 batch_size=512
[2026-08-28 13:37:24,371][data.dataset][INFO] - dataset config path=/fssmall/home/h61084/codes/datasets/solar/config.json applied_keys=['aggr', 'date_col', 'drop_users']
[2026-08-28 13:37:24,711][evaluation.evaluator][INFO] - skip complete run=/fslarge/scratch/users/h61084/codes/tsfm/outputs_selena/univariate/solar/168_24/repeat/none/instance/keep/run_0
2026-08-28 13:37:27 | configuration dataset=solar L=168 H=24 model=lookback covariates=none instance_norm=true remove_constant=false seed=1 batch_size=512
[2026-08-28 13:37:29,762][data.dataset][INFO] - dataset config path=/fssmall/home/h61084/codes/datasets/solar/config.json applied_keys=['aggr', 'date_col', 'drop_users']
[2026-08-28 13:37:30,091][evaluation.evaluator][INFO] - lookback weekly period=168 observations
[2026-08-28 13:37:30,103][evaluation.evaluator][INFO] - skip complete run=/fslarge/scratch/users/h61084/codes/tsfm/outputs_selena/univariate/solar/168_24/lookback/none/instance/keep/run_0
2026-08-28 13:37:32 | configuration dataset=solar L=168 H=24 model=chronos2 covariates=none instance_norm=true remove_constant=false seed=1 batch_size=64
[2026-08-28 13:37:35,197][data.dataset][INFO] - dataset config path=/fssmall/home/h61084/codes/datasets/solar/config.json applied_keys=['aggr', 'date_col', 'drop_users']
[2026-08-28 13:37:35,534][evaluation.evaluator][INFO] - skip complete run=/fslarge/scratch/users/h61084/codes/tsfm/outputs_selena/univariate/solar/168_24/chronos2/none/instance/keep/run_0
2026-08-28 13:37:37 | configuration dataset=solar L=336 H=48 model=persistence covariates=none instance_norm=true remove_constant=false seed=1 batch_size=512
[2026-08-28 13:37:40,537][data.dataset][INFO] - dataset config path=/fssmall/home/h61084/codes/datasets/solar/config.json applied_keys=['aggr', 'date_col', 'drop_users']
[2026-08-28 13:37:40,881][evaluation.evaluator][INFO] - skip complete run=/fslarge/scratch/users/h61084/codes/tsfm/outputs_selena/univariate/solar/336_48/persistence/none/instance/keep/run_0
2026-08-28 13:37:43 | configuration dataset=solar L=336 H=48 model=expected covariates=none instance_norm=true remove_constant=false seed=1 batch_size=512
[2026-08-28 13:37:45,948][data.dataset][INFO] - dataset config path=/fssmall/home/h61084/codes/datasets/solar/config.json applied_keys=['aggr', 'date_col', 'drop_users']
[2026-08-28 13:37:46,290][evaluation.evaluator][INFO] - skip complete run=/fslarge/scratch/users/h61084/codes/tsfm/outputs_selena/univariate/solar/336_48/expected/none/instance/keep/run_0
2026-08-28 13:37:48 | configuration dataset=solar L=336 H=48 model=repeat covariates=none instance_norm=true remove_constant=false seed=1 batch_size=512
[2026-08-28 13:37:51,316][data.dataset][INFO] - dataset config path=/fssmall/home/h61084/codes/datasets/solar/config.json applied_keys=['aggr', 'date_col', 'drop_users']
[2026-08-28 13:37:51,661][evaluation.evaluator][INFO] - skip complete run=/fslarge/scratch/users/h61084/codes/tsfm/outputs_selena/univariate/solar/336_48/repeat/none/instance/keep/run_0
2026-08-28 13:37:53 | configuration dataset=solar L=336 H=48 model=lookback covariates=none instance_norm=true remove_constant=false seed=1 batch_size=512
[2026-08-28 13:37:56,699][data.dataset][INFO] - dataset config path=/fssmall/home/h61084/codes/datasets/solar/config.json applied_keys=['aggr', 'date_col', 'drop_users']
[2026-08-28 13:37:57,031][evaluation.evaluator][INFO] - lookback weekly period=168 observations
[2026-08-28 13:37:57,047][evaluation.evaluator][INFO] - skip complete run=/fslarge/scratch/users/h61084/codes/tsfm/outputs_selena/univariate/solar/336_48/lookback/none/instance/keep/run_0
2026-08-28 13:37:59 | configuration dataset=solar L=336 H=48 model=chronos2 covariates=none instance_norm=true remove_constant=false seed=1 batch_size=64
[2026-08-28 13:38:02,149][data.dataset][INFO] - dataset config path=/fssmall/home/h61084/codes/datasets/solar/config.json applied_keys=['aggr', 'date_col', 'drop_users']
[2026-08-28 13:38:02,492][evaluation.evaluator][INFO] - skip complete run=/fslarge/scratch/users/h61084/codes/tsfm/outputs_selena/univariate/solar/336_48/chronos2/none/instance/keep/run_0
2026-08-28 13:38:04 | configuration dataset=solar L=504 H=168 model=persistence covariates=none instance_norm=true remove_constant=false seed=1 batch_size=512
[2026-08-28 13:38:07,585][data.dataset][INFO] - dataset config path=/fssmall/home/h61084/codes/datasets/solar/config.json applied_keys=['aggr', 'date_col', 'drop_users']
[2026-08-28 13:38:07,935][evaluation.evaluator][INFO] - skip complete run=/fslarge/scratch/users/h61084/codes/tsfm/outputs_selena/univariate/solar/504_168/persistence/none/instance/keep/run_0
2026-08-28 13:38:10 | configuration dataset=solar L=504 H=168 model=expected covariates=none instance_norm=true remove_constant=false seed=1 batch_size=512
[2026-08-28 13:38:12,949][data.dataset][INFO] - dataset config path=/fssmall/home/h61084/codes/datasets/solar/config.json applied_keys=['aggr', 'date_col', 'drop_users']
[2026-08-28 13:38:13,297][evaluation.evaluator][INFO] - skip complete run=/fslarge/scratch/users/h61084/codes/tsfm/outputs_selena/univariate/solar/504_168/expected/none/instance/keep/run_0
2026-08-28 13:38:15 | configuration dataset=solar L=504 H=168 model=repeat covariates=none instance_norm=true remove_constant=false seed=1 batch_size=512
[2026-08-28 13:38:18,377][data.dataset][INFO] - dataset config path=/fssmall/home/h61084/codes/datasets/solar/config.json applied_keys=['aggr', 'date_col', 'drop_users']
[2026-08-28 13:38:18,723][evaluation.evaluator][INFO] - skip complete run=/fslarge/scratch/users/h61084/codes/tsfm/outputs_selena/univariate/solar/504_168/repeat/none/instance/keep/run_0
2026-08-28 13:38:21 | configuration dataset=solar L=504 H=168 model=lookback covariates=none instance_norm=true remove_constant=false seed=1 batch_size=512
[2026-08-28 13:38:23,739][data.dataset][INFO] - dataset config path=/fssmall/home/h61084/codes/datasets/solar/config.json applied_keys=['aggr', 'date_col', 'drop_users']
[2026-08-28 13:38:24,074][evaluation.evaluator][INFO] - lookback weekly period=168 observations
[2026-08-28 13:38:24,092][evaluation.evaluator][INFO] - skip complete run=/fslarge/scratch/users/h61084/codes/tsfm/outputs_selena/univariate/solar/504_168/lookback/none/instance/keep/run_0
2026-08-28 13:38:26 | configuration dataset=solar L=504 H=168 model=chronos2 covariates=none instance_norm=true remove_constant=false seed=1 batch_size=64
[2026-08-28 13:38:29,163][data.dataset][INFO] - dataset config path=/fssmall/home/h61084/codes/datasets/solar/config.json applied_keys=['aggr', 'date_col', 'drop_users']
[2026-08-28 13:38:29,509][evaluation.evaluator][INFO] - skip complete run=/fslarge/scratch/users/h61084/codes/tsfm/outputs_selena/univariate/solar/504_168/chronos2/none/instance/keep/run_0
2026-08-28 13:38:31 | configuration dataset=exchange_rate L=7 H=1 model=persistence covariates=none instance_norm=true remove_constant=false seed=1 batch_size=512
[2026-08-28 13:38:34,601][data.dataset][INFO] - dataset config path=/fssmall/home/h61084/codes/datasets/exchange_rate/config.json applied_keys=['date_col', 'drop_users']
[2026-08-28 13:38:34,623][evaluation.evaluator][INFO] - skip complete run=/fslarge/scratch/users/h61084/codes/tsfm/outputs_selena/univariate/exchange_rate/7_1/persistence/none/instance/keep/run_0
2026-08-28 13:38:36 | configuration dataset=exchange_rate L=7 H=1 model=expected covariates=none instance_norm=true remove_constant=false seed=1 batch_size=512
[2026-08-28 13:38:39,699][data.dataset][INFO] - dataset config path=/fssmall/home/h61084/codes/datasets/exchange_rate/config.json applied_keys=['date_col', 'drop_users']
[2026-08-28 13:38:39,718][evaluation.evaluator][INFO] - skip complete run=/fslarge/scratch/users/h61084/codes/tsfm/outputs_selena/univariate/exchange_rate/7_1/expected/none/instance/keep/run_0
2026-08-28 13:38:42 | configuration dataset=exchange_rate L=7 H=1 model=repeat covariates=none instance_norm=true remove_constant=false seed=1 batch_size=512
[2026-08-28 13:38:44,751][data.dataset][INFO] - dataset config path=/fssmall/home/h61084/codes/datasets/exchange_rate/config.json applied_keys=['date_col', 'drop_users']
[2026-08-28 13:38:44,770][evaluation.evaluator][INFO] - skip complete run=/fslarge/scratch/users/h61084/codes/tsfm/outputs_selena/univariate/exchange_rate/7_1/repeat/none/instance/keep/run_0
2026-08-28 13:38:47 | configuration dataset=exchange_rate L=7 H=1 model=lookback covariates=none instance_norm=true remove_constant=false seed=1 batch_size=512
[2026-08-28 13:38:49,829][data.dataset][INFO] - dataset config path=/fssmall/home/h61084/codes/datasets/exchange_rate/config.json applied_keys=['date_col', 'drop_users']
[2026-08-28 13:38:49,842][evaluation.evaluator][INFO] - lookback weekly period=7 observations
[2026-08-28 13:38:49,849][evaluation.evaluator][INFO] - skip complete run=/fslarge/scratch/users/h61084/codes/tsfm/outputs_selena/univariate/exchange_rate/7_1/lookback/none/instance/keep/run_0
2026-08-28 13:38:52 | configuration dataset=exchange_rate L=7 H=1 model=chronos2 covariates=none instance_norm=true remove_constant=false seed=1 batch_size=64
[2026-08-28 13:38:54,917][data.dataset][INFO] - dataset config path=/fssmall/home/h61084/codes/datasets/exchange_rate/config.json applied_keys=['date_col', 'drop_users']
[2026-08-28 13:38:54,936][evaluation.evaluator][INFO] - skip complete run=/fslarge/scratch/users/h61084/codes/tsfm/outputs_selena/univariate/exchange_rate/7_1/chronos2/none/instance/keep/run_0
2026-08-28 13:38:57 | configuration dataset=exchange_rate L=14 H=2 model=persistence covariates=none instance_norm=true remove_constant=false seed=1 batch_size=512
[2026-08-28 13:39:00,015][data.dataset][INFO] - dataset config path=/fssmall/home/h61084/codes/datasets/exchange_rate/config.json applied_keys=['date_col', 'drop_users']
[2026-08-28 13:39:00,034][evaluation.evaluator][INFO] - skip complete run=/fslarge/scratch/users/h61084/codes/tsfm/outputs_selena/univariate/exchange_rate/14_2/persistence/none/instance/keep/run_0
2026-08-28 13:39:02 | configuration dataset=exchange_rate L=14 H=2 model=expected covariates=none instance_norm=true remove_constant=false seed=1 batch_size=512
[2026-08-28 13:39:05,131][data.dataset][INFO] - dataset config path=/fssmall/home/h61084/codes/datasets/exchange_rate/config.json applied_keys=['date_col', 'drop_users']
[2026-08-28 13:39:05,150][evaluation.evaluator][INFO] - skip complete run=/fslarge/scratch/users/h61084/codes/tsfm/outputs_selena/univariate/exchange_rate/14_2/expected/none/instance/keep/run_0
2026-08-28 13:39:07 | configuration dataset=exchange_rate L=14 H=2 model=repeat covariates=none instance_norm=true remove_constant=false seed=1 batch_size=512
[2026-08-28 13:39:10,186][data.dataset][INFO] - dataset config path=/fssmall/home/h61084/codes/datasets/exchange_rate/config.json applied_keys=['date_col', 'drop_users']
[2026-08-28 13:39:10,205][evaluation.evaluator][INFO] - skip complete run=/fslarge/scratch/users/h61084/codes/tsfm/outputs_selena/univariate/exchange_rate/14_2/repeat/none/instance/keep/run_0
2026-08-28 13:39:12 | configuration dataset=exchange_rate L=14 H=2 model=lookback covariates=none instance_norm=true remove_constant=false seed=1 batch_size=512
[2026-08-28 13:39:15,282][data.dataset][INFO] - dataset config path=/fssmall/home/h61084/codes/datasets/exchange_rate/config.json applied_keys=['date_col', 'drop_users']
[2026-08-28 13:39:15,294][evaluation.evaluator][INFO] - lookback weekly period=7 observations
[2026-08-28 13:39:15,301][evaluation.evaluator][INFO] - skip complete run=/fslarge/scratch/users/h61084/codes/tsfm/outputs_selena/univariate/exchange_rate/14_2/lookback/none/instance/keep/run_0
2026-08-28 13:39:17 | configuration dataset=exchange_rate L=14 H=2 model=chronos2 covariates=none instance_norm=true remove_constant=false seed=1 batch_size=64
[2026-08-28 13:39:20,350][data.dataset][INFO] - dataset config path=/fssmall/home/h61084/codes/datasets/exchange_rate/config.json applied_keys=['date_col', 'drop_users']
[2026-08-28 13:39:20,369][evaluation.evaluator][INFO] - skip complete run=/fslarge/scratch/users/h61084/codes/tsfm/outputs_selena/univariate/exchange_rate/14_2/chronos2/none/instance/keep/run_0
2026-08-28 13:39:22 | configuration dataset=exchange_rate L=30 H=7 model=persistence covariates=none instance_norm=true remove_constant=false seed=1 batch_size=512
[2026-08-28 13:39:25,420][data.dataset][INFO] - dataset config path=/fssmall/home/h61084/codes/datasets/exchange_rate/config.json applied_keys=['date_col', 'drop_users']
[2026-08-28 13:39:25,438][evaluation.evaluator][INFO] - skip complete run=/fslarge/scratch/users/h61084/codes/tsfm/outputs_selena/univariate/exchange_rate/30_7/persistence/none/instance/keep/run_0
2026-08-28 13:39:27 | configuration dataset=exchange_rate L=30 H=7 model=expected covariates=none instance_norm=true remove_constant=false seed=1 batch_size=512
[2026-08-28 13:39:30,447][data.dataset][INFO] - dataset config path=/fssmall/home/h61084/codes/datasets/exchange_rate/config.json applied_keys=['date_col', 'drop_users']
[2026-08-28 13:39:30,466][evaluation.evaluator][INFO] - skip complete run=/fslarge/scratch/users/h61084/codes/tsfm/outputs_selena/univariate/exchange_rate/30_7/expected/none/instance/keep/run_0
2026-08-28 13:39:32 | configuration dataset=exchange_rate L=30 H=7 model=repeat covariates=none instance_norm=true remove_constant=false seed=1 batch_size=512
[2026-08-28 13:39:35,510][data.dataset][INFO] - dataset config path=/fssmall/home/h61084/codes/datasets/exchange_rate/config.json applied_keys=['date_col', 'drop_users']
[2026-08-28 13:39:35,529][evaluation.evaluator][INFO] - skip complete run=/fslarge/scratch/users/h61084/codes/tsfm/outputs_selena/univariate/exchange_rate/30_7/repeat/none/instance/keep/run_0
2026-08-28 13:39:37 | configuration dataset=exchange_rate L=30 H=7 model=lookback covariates=none instance_norm=true remove_constant=false seed=1 batch_size=512
[2026-08-28 13:39:40,608][data.dataset][INFO] - dataset config path=/fssmall/home/h61084/codes/datasets/exchange_rate/config.json applied_keys=['date_col', 'drop_users']
[2026-08-28 13:39:40,621][evaluation.evaluator][INFO] - lookback weekly period=7 observations
[2026-08-28 13:39:40,628][evaluation.evaluator][INFO] - skip complete run=/fslarge/scratch/users/h61084/codes/tsfm/outputs_selena/univariate/exchange_rate/30_7/lookback/none/instance/keep/run_0
2026-08-28 13:39:42 | configuration dataset=exchange_rate L=30 H=7 model=chronos2 covariates=none instance_norm=true remove_constant=false seed=1 batch_size=64
[2026-08-28 13:39:45,711][data.dataset][INFO] - dataset config path=/fssmall/home/h61084/codes/datasets/exchange_rate/config.json applied_keys=['date_col', 'drop_users']
[2026-08-28 13:39:45,730][evaluation.evaluator][INFO] - skip complete run=/fslarge/scratch/users/h61084/codes/tsfm/outputs_selena/univariate/exchange_rate/30_7/chronos2/none/instance/keep/run_0
2026-08-28 13:39:48 | configuration dataset=time/cphl_h_part01 L=168 H=24 model=persistence covariates=none instance_norm=true remove_constant=false seed=1 batch_size=512
[2026-08-28 13:39:50,792][data.dataset][INFO] - dataset config path=/fssmall/home/h61084/codes/datasets/time/cphl_h_part01/config.json applied_keys=['date_col', 'drop_users', 'target_cols']
[2026-08-28 13:39:50,811][evaluation.evaluator][INFO] - skip complete run=/fslarge/scratch/users/h61084/codes/tsfm/outputs_selena/univariate/time-cphl_h_part01/168_24/persistence/none/instance/keep/run_0
2026-08-28 13:39:53 | configuration dataset=time/cphl_h_part01 L=168 H=24 model=expected covariates=none instance_norm=true remove_constant=false seed=1 batch_size=512
[2026-08-28 13:39:55,832][data.dataset][INFO] - dataset config path=/fssmall/home/h61084/codes/datasets/time/cphl_h_part01/config.json applied_keys=['date_col', 'drop_users', 'target_cols']
[2026-08-28 13:39:55,846][evaluation.evaluator][INFO] - skip complete run=/fslarge/scratch/users/h61084/codes/tsfm/outputs_selena/univariate/time-cphl_h_part01/168_24/expected/none/instance/keep/run_0
2026-08-28 13:39:58 | configuration dataset=time/cphl_h_part01 L=168 H=24 model=repeat covariates=none instance_norm=true remove_constant=false seed=1 batch_size=512
[2026-08-28 13:40:00,927][data.dataset][INFO] - dataset config path=/fssmall/home/h61084/codes/datasets/time/cphl_h_part01/config.json applied_keys=['date_col', 'drop_users', 'target_cols']
[2026-08-28 13:40:00,940][evaluation.evaluator][INFO] - skip complete run=/fslarge/scratch/users/h61084/codes/tsfm/outputs_selena/univariate/time-cphl_h_part01/168_24/repeat/none/instance/keep/run_0
2026-08-28 13:40:03 | configuration dataset=time/cphl_h_part01 L=168 H=24 model=lookback covariates=none instance_norm=true remove_constant=false seed=1 batch_size=512
[2026-08-28 13:40:06,003][data.dataset][INFO] - dataset config path=/fssmall/home/h61084/codes/datasets/time/cphl_h_part01/config.json applied_keys=['date_col', 'drop_users', 'target_cols']
[2026-08-28 13:40:06,011][evaluation.evaluator][INFO] - lookback weekly period=168 observations
[2026-08-28 13:40:06,017][evaluation.evaluator][INFO] - skip complete run=/fslarge/scratch/users/h61084/codes/tsfm/outputs_selena/univariate/time-cphl_h_part01/168_24/lookback/none/instance/keep/run_0
2026-08-28 13:40:08 | configuration dataset=time/cphl_h_part01 L=168 H=24 model=chronos2 covariates=none instance_norm=true remove_constant=false seed=1 batch_size=64
[2026-08-28 13:40:11,117][data.dataset][INFO] - dataset config path=/fssmall/home/h61084/codes/datasets/time/cphl_h_part01/config.json applied_keys=['date_col', 'drop_users', 'target_cols']
[2026-08-28 13:40:11,132][evaluation.evaluator][INFO] - skip complete run=/fslarge/scratch/users/h61084/codes/tsfm/outputs_selena/univariate/time-cphl_h_part01/168_24/chronos2/none/instance/keep/run_0
2026-08-28 13:40:13 | configuration dataset=time/cphl_h_part01 L=336 H=48 model=persistence covariates=none instance_norm=true remove_constant=false seed=1 batch_size=512
[2026-08-28 13:40:16,187][data.dataset][INFO] - dataset config path=/fssmall/home/h61084/codes/datasets/time/cphl_h_part01/config.json applied_keys=['date_col', 'drop_users', 'target_cols']
[2026-08-28 13:40:16,200][evaluation.evaluator][INFO] - skip complete run=/fslarge/scratch/users/h61084/codes/tsfm/outputs_selena/univariate/time-cphl_h_part01/336_48/persistence/none/instance/keep/run_0
2026-08-28 13:40:18 | configuration dataset=time/cphl_h_part01 L=336 H=48 model=expected covariates=none instance_norm=true remove_constant=false seed=1 batch_size=512
[2026-08-28 13:40:21,230][data.dataset][INFO] - dataset config path=/fssmall/home/h61084/codes/datasets/time/cphl_h_part01/config.json applied_keys=['date_col', 'drop_users', 'target_cols']
[2026-08-28 13:40:21,244][evaluation.evaluator][INFO] - skip complete run=/fslarge/scratch/users/h61084/codes/tsfm/outputs_selena/univariate/time-cphl_h_part01/336_48/expected/none/instance/keep/run_0
2026-08-28 13:40:23 | configuration dataset=time/cphl_h_part01 L=336 H=48 model=repeat covariates=none instance_norm=true remove_constant=false seed=1 batch_size=512
[2026-08-28 13:40:26,297][data.dataset][INFO] - dataset config path=/fssmall/home/h61084/codes/datasets/time/cphl_h_part01/config.json applied_keys=['date_col', 'drop_users', 'target_cols']
[2026-08-28 13:40:26,311][evaluation.evaluator][INFO] - skip complete run=/fslarge/scratch/users/h61084/codes/tsfm/outputs_selena/univariate/time-cphl_h_part01/336_48/repeat/none/instance/keep/run_0
2026-08-28 13:40:28 | configuration dataset=time/cphl_h_part01 L=336 H=48 model=lookback covariates=none instance_norm=true remove_constant=false seed=1 batch_size=512
[2026-08-28 13:40:31,365][data.dataset][INFO] - dataset config path=/fssmall/home/h61084/codes/datasets/time/cphl_h_part01/config.json applied_keys=['date_col', 'drop_users', 'target_cols']
[2026-08-28 13:40:31,372][evaluation.evaluator][INFO] - lookback weekly period=168 observations
[2026-08-28 13:40:31,379][evaluation.evaluator][INFO] - skip complete run=/fslarge/scratch/users/h61084/codes/tsfm/outputs_selena/univariate/time-cphl_h_part01/336_48/lookback/none/instance/keep/run_0
2026-08-28 13:40:33 | configuration dataset=time/cphl_h_part01 L=336 H=48 model=chronos2 covariates=none instance_norm=true remove_constant=false seed=1 batch_size=64
[2026-08-28 13:40:36,392][data.dataset][INFO] - dataset config path=/fssmall/home/h61084/codes/datasets/time/cphl_h_part01/config.json applied_keys=['date_col', 'drop_users', 'target_cols']
[2026-08-28 13:40:36,405][evaluation.evaluator][INFO] - skip complete run=/fslarge/scratch/users/h61084/codes/tsfm/outputs_selena/univariate/time-cphl_h_part01/336_48/chronos2/none/instance/keep/run_0
2026-08-28 13:40:38 | configuration dataset=time/cphl_h_part01 L=504 H=168 model=persistence covariates=none instance_norm=true remove_constant=false seed=1 batch_size=512
[2026-08-28 13:40:41,508][data.dataset][INFO] - dataset config path=/fssmall/home/h61084/codes/datasets/time/cphl_h_part01/config.json applied_keys=['date_col', 'drop_users', 'target_cols']
[2026-08-28 13:40:41,522][evaluation.evaluator][INFO] - skip complete run=/fslarge/scratch/users/h61084/codes/tsfm/outputs_selena/univariate/time-cphl_h_part01/504_168/persistence/none/instance/keep/run_0
2026-08-28 13:40:43 | configuration dataset=time/cphl_h_part01 L=504 H=168 model=expected covariates=none instance_norm=true remove_constant=false seed=1 batch_size=512
[2026-08-28 13:40:46,591][data.dataset][INFO] - dataset config path=/fssmall/home/h61084/codes/datasets/time/cphl_h_part01/config.json applied_keys=['date_col', 'drop_users', 'target_cols']
[2026-08-28 13:40:46,605][evaluation.evaluator][INFO] - skip complete run=/fslarge/scratch/users/h61084/codes/tsfm/outputs_selena/univariate/time-cphl_h_part01/504_168/expected/none/instance/keep/run_0
2026-08-28 13:40:48 | configuration dataset=time/cphl_h_part01 L=504 H=168 model=repeat covariates=none instance_norm=true remove_constant=false seed=1 batch_size=512
[2026-08-28 13:40:51,693][data.dataset][INFO] - dataset config path=/fssmall/home/h61084/codes/datasets/time/cphl_h_part01/config.json applied_keys=['date_col', 'drop_users', 'target_cols']
[2026-08-28 13:40:51,708][evaluation.evaluator][INFO] - skip complete run=/fslarge/scratch/users/h61084/codes/tsfm/outputs_selena/univariate/time-cphl_h_part01/504_168/repeat/none/instance/keep/run_0
2026-08-28 13:40:54 | configuration dataset=time/cphl_h_part01 L=504 H=168 model=lookback covariates=none instance_norm=true remove_constant=false seed=1 batch_size=512
[2026-08-28 13:40:56,805][data.dataset][INFO] - dataset config path=/fssmall/home/h61084/codes/datasets/time/cphl_h_part01/config.json applied_keys=['date_col', 'drop_users', 'target_cols']
[2026-08-28 13:40:56,813][evaluation.evaluator][INFO] - lookback weekly period=168 observations
[2026-08-28 13:40:56,820][evaluation.evaluator][INFO] - skip complete run=/fslarge/scratch/users/h61084/codes/tsfm/outputs_selena/univariate/time-cphl_h_part01/504_168/lookback/none/instance/keep/run_0
2026-08-28 13:40:59 | configuration dataset=time/cphl_h_part01 L=504 H=168 model=chronos2 covariates=none instance_norm=true remove_constant=false seed=1 batch_size=64
[2026-08-28 13:41:01,881][data.dataset][INFO] - dataset config path=/fssmall/home/h61084/codes/datasets/time/cphl_h_part01/config.json applied_keys=['date_col', 'drop_users', 'target_cols']
[2026-08-28 13:41:01,894][evaluation.evaluator][INFO] - skip complete run=/fslarge/scratch/users/h61084/codes/tsfm/outputs_selena/univariate/time-cphl_h_part01/504_168/chronos2/none/instance/keep/run_0
2026-08-28 13:41:04 | configuration dataset=time/cphl_h_part02 L=168 H=24 model=persistence covariates=none instance_norm=true remove_constant=false seed=1 batch_size=512
[2026-08-28 13:41:06,971][data.dataset][INFO] - dataset config path=/fssmall/home/h61084/codes/datasets/time/cphl_h_part02/config.json applied_keys=['date_col', 'drop_users', 'target_cols']
[2026-08-28 13:41:06,985][evaluation.evaluator][INFO] - skip complete run=/fslarge/scratch/users/h61084/codes/tsfm/outputs_selena/univariate/time-cphl_h_part02/168_24/persistence/none/instance/keep/run_0
2026-08-28 13:41:09 | configuration dataset=time/cphl_h_part02 L=168 H=24 model=expected covariates=none instance_norm=true remove_constant=false seed=1 batch_size=512
[2026-08-28 13:41:12,060][data.dataset][INFO] - dataset config path=/fssmall/home/h61084/codes/datasets/time/cphl_h_part02/config.json applied_keys=['date_col', 'drop_users', 'target_cols']
[2026-08-28 13:41:12,073][evaluation.evaluator][INFO] - skip complete run=/fslarge/scratch/users/h61084/codes/tsfm/outputs_selena/univariate/time-cphl_h_part02/168_24/expected/none/instance/keep/run_0
2026-08-28 13:41:14 | configuration dataset=time/cphl_h_part02 L=168 H=24 model=repeat covariates=none instance_norm=true remove_constant=false seed=1 batch_size=512
[2026-08-28 13:41:17,173][data.dataset][INFO] - dataset config path=/fssmall/home/h61084/codes/datasets/time/cphl_h_part02/config.json applied_keys=['date_col', 'drop_users', 'target_cols']
[2026-08-28 13:41:17,186][evaluation.evaluator][INFO] - skip complete run=/fslarge/scratch/users/h61084/codes/tsfm/outputs_selena/univariate/time-cphl_h_part02/168_24/repeat/none/instance/keep/run_0
2026-08-28 13:41:19 | configuration dataset=time/cphl_h_part02 L=168 H=24 model=lookback covariates=none instance_norm=true remove_constant=false seed=1 batch_size=512
[2026-08-28 13:41:22,247][data.dataset][INFO] - dataset config path=/fssmall/home/h61084/codes/datasets/time/cphl_h_part02/config.json applied_keys=['date_col', 'drop_users', 'target_cols']
[2026-08-28 13:41:22,255][evaluation.evaluator][INFO] - lookback weekly period=168 observations
[2026-08-28 13:41:22,262][evaluation.evaluator][INFO] - skip complete run=/fslarge/scratch/users/h61084/codes/tsfm/outputs_selena/univariate/time-cphl_h_part02/168_24/lookback/none/instance/keep/run_0
2026-08-28 13:41:24 | configuration dataset=time/cphl_h_part02 L=168 H=24 model=chronos2 covariates=none instance_norm=true remove_constant=false seed=1 batch_size=64
[2026-08-28 13:41:27,307][data.dataset][INFO] - dataset config path=/fssmall/home/h61084/codes/datasets/time/cphl_h_part02/config.json applied_keys=['date_col', 'drop_users', 'target_cols']
[2026-08-28 13:41:27,321][evaluation.evaluator][INFO] - skip complete run=/fslarge/scratch/users/h61084/codes/tsfm/outputs_selena/univariate/time-cphl_h_part02/168_24/chronos2/none/instance/keep/run_0
2026-08-28 13:41:29 | configuration dataset=time/cphl_h_part02 L=336 H=48 model=persistence covariates=none instance_norm=true remove_constant=false seed=1 batch_size=512
[2026-08-28 13:41:32,409][data.dataset][INFO] - dataset config path=/fssmall/home/h61084/codes/datasets/time/cphl_h_part02/config.json applied_keys=['date_col', 'drop_users', 'target_cols']
[2026-08-28 13:41:32,424][evaluation.evaluator][INFO] - skip complete run=/fslarge/scratch/users/h61084/codes/tsfm/outputs_selena/univariate/time-cphl_h_part02/336_48/persistence/none/instance/keep/run_0
2026-08-28 13:41:34 | configuration dataset=time/cphl_h_part02 L=336 H=48 model=expected covariates=none instance_norm=true remove_constant=false seed=1 batch_size=512
[2026-08-28 13:41:37,540][data.dataset][INFO] - dataset config path=/fssmall/home/h61084/codes/datasets/time/cphl_h_part02/config.json applied_keys=['date_col', 'drop_users', 'target_cols']
[2026-08-28 13:41:37,553][evaluation.evaluator][INFO] - skip complete run=/fslarge/scratch/users/h61084/codes/tsfm/outputs_selena/univariate/time-cphl_h_part02/336_48/expected/none/instance/keep/run_0
2026-08-28 13:41:39 | configuration dataset=time/cphl_h_part02 L=336 H=48 model=repeat covariates=none instance_norm=true remove_constant=false seed=1 batch_size=512
[2026-08-28 13:41:42,653][data.dataset][INFO] - dataset config path=/fssmall/home/h61084/codes/datasets/time/cphl_h_part02/config.json applied_keys=['date_col', 'drop_users', 'target_cols']
[2026-08-28 13:41:42,667][evaluation.evaluator][INFO] - skip complete run=/fslarge/scratch/users/h61084/codes/tsfm/outputs_selena/univariate/time-cphl_h_part02/336_48/repeat/none/instance/keep/run_0
2026-08-28 13:41:45 | configuration dataset=time/cphl_h_part02 L=336 H=48 model=lookback covariates=none instance_norm=true remove_constant=false seed=1 batch_size=512
[2026-08-28 13:41:47,739][data.dataset][INFO] - dataset config path=/fssmall/home/h61084/codes/datasets/time/cphl_h_part02/config.json applied_keys=['date_col', 'drop_users', 'target_cols']
[2026-08-28 13:41:47,746][evaluation.evaluator][INFO] - lookback weekly period=168 observations
[2026-08-28 13:41:47,753][evaluation.evaluator][INFO] - skip complete run=/fslarge/scratch/users/h61084/codes/tsfm/outputs_selena/univariate/time-cphl_h_part02/336_48/lookback/none/instance/keep/run_0
2026-08-28 13:41:50 | configuration dataset=time/cphl_h_part02 L=336 H=48 model=chronos2 covariates=none instance_norm=true remove_constant=false seed=1 batch_size=64
[2026-08-28 13:41:52,848][data.dataset][INFO] - dataset config path=/fssmall/home/h61084/codes/datasets/time/cphl_h_part02/config.json applied_keys=['date_col', 'drop_users', 'target_cols']
[2026-08-28 13:41:52,861][evaluation.evaluator][INFO] - skip complete run=/fslarge/scratch/users/h61084/codes/tsfm/outputs_selena/univariate/time-cphl_h_part02/336_48/chronos2/none/instance/keep/run_0
2026-08-28 13:41:55 | configuration dataset=time/cphl_h_part02 L=504 H=168 model=persistence covariates=none instance_norm=true remove_constant=false seed=1 batch_size=512
[2026-08-28 13:41:57,900][data.dataset][INFO] - dataset config path=/fssmall/home/h61084/codes/datasets/time/cphl_h_part02/config.json applied_keys=['date_col', 'drop_users', 'target_cols']
[2026-08-28 13:41:57,914][evaluation.evaluator][INFO] - skip complete run=/fslarge/scratch/users/h61084/codes/tsfm/outputs_selena/univariate/time-cphl_h_part02/504_168/persistence/none/instance/keep/run_0
2026-08-28 13:42:00 | configuration dataset=time/cphl_h_part02 L=504 H=168 model=expected covariates=none instance_norm=true remove_constant=false seed=1 batch_size=512
[2026-08-28 13:42:02,962][data.dataset][INFO] - dataset config path=/fssmall/home/h61084/codes/datasets/time/cphl_h_part02/config.json applied_keys=['date_col', 'drop_users', 'target_cols']
[2026-08-28 13:42:02,976][evaluation.evaluator][INFO] - skip complete run=/fslarge/scratch/users/h61084/codes/tsfm/outputs_selena/univariate/time-cphl_h_part02/504_168/expected/none/instance/keep/run_0
2026-08-28 13:42:05 | configuration dataset=time/cphl_h_part02 L=504 H=168 model=repeat covariates=none instance_norm=true remove_constant=false seed=1 batch_size=512
[2026-08-28 13:42:08,008][data.dataset][INFO] - dataset config path=/fssmall/home/h61084/codes/datasets/time/cphl_h_part02/config.json applied_keys=['date_col', 'drop_users', 'target_cols']
[2026-08-28 13:42:08,022][evaluation.evaluator][INFO] - skip complete run=/fslarge/scratch/users/h61084/codes/tsfm/outputs_selena/univariate/time-cphl_h_part02/504_168/repeat/none/instance/keep/run_0
2026-08-28 13:42:10 | configuration dataset=time/cphl_h_part02 L=504 H=168 model=lookback covariates=none instance_norm=true remove_constant=false seed=1 batch_size=512
[2026-08-28 13:42:13,037][data.dataset][INFO] - dataset config path=/fssmall/home/h61084/codes/datasets/time/cphl_h_part02/config.json applied_keys=['date_col', 'drop_users', 'target_cols']
[2026-08-28 13:42:13,045][evaluation.evaluator][INFO] - lookback weekly period=168 observations
[2026-08-28 13:42:13,052][evaluation.evaluator][INFO] - skip complete run=/fslarge/scratch/users/h61084/codes/tsfm/outputs_selena/univariate/time-cphl_h_part02/504_168/lookback/none/instance/keep/run_0
2026-08-28 13:42:15 | configuration dataset=time/cphl_h_part02 L=504 H=168 model=chronos2 covariates=none instance_norm=true remove_constant=false seed=1 batch_size=64
[2026-08-28 13:42:18,103][data.dataset][INFO] - dataset config path=/fssmall/home/h61084/codes/datasets/time/cphl_h_part02/config.json applied_keys=['date_col', 'drop_users', 'target_cols']
[2026-08-28 13:42:18,116][evaluation.evaluator][INFO] - skip complete run=/fslarge/scratch/users/h61084/codes/tsfm/outputs_selena/univariate/time-cphl_h_part02/504_168/chronos2/none/instance/keep/run_0
2026-08-28 13:42:20 | configuration dataset=time/coastal_t_s_h_part01 L=168 H=24 model=persistence covariates=none instance_norm=true remove_constant=false seed=1 batch_size=512
[2026-08-28 13:42:23,155][data.dataset][INFO] - dataset config path=/fssmall/home/h61084/codes/datasets/time/coastal_t_s_h_part01/config.json applied_keys=['date_col', 'drop_users', 'target_cols']
[2026-08-28 13:42:23,175][evaluation.evaluator][INFO] - skip complete run=/fslarge/scratch/users/h61084/codes/tsfm/outputs_selena/univariate/time-coastal_t_s_h_part01/168_24/persistence/none/instance/keep/run_0
2026-08-28 13:42:25 | configuration dataset=time/coastal_t_s_h_part01 L=168 H=24 model=expected covariates=none instance_norm=true remove_constant=false seed=1 batch_size=512
[2026-08-28 13:42:28,214][data.dataset][INFO] - dataset config path=/fssmall/home/h61084/codes/datasets/time/coastal_t_s_h_part01/config.json applied_keys=['date_col', 'drop_users', 'target_cols']
[2026-08-28 13:42:28,231][evaluation.evaluator][INFO] - skip complete run=/fslarge/scratch/users/h61084/codes/tsfm/outputs_selena/univariate/time-coastal_t_s_h_part01/168_24/expected/none/instance/keep/run_0
2026-08-28 13:42:30 | configuration dataset=time/coastal_t_s_h_part01 L=168 H=24 model=repeat covariates=none instance_norm=true remove_constant=false seed=1 batch_size=512
[2026-08-28 13:42:33,267][data.dataset][INFO] - dataset config path=/fssmall/home/h61084/codes/datasets/time/coastal_t_s_h_part01/config.json applied_keys=['date_col', 'drop_users', 'target_cols']
[2026-08-28 13:42:33,285][evaluation.evaluator][INFO] - skip complete run=/fslarge/scratch/users/h61084/codes/tsfm/outputs_selena/univariate/time-coastal_t_s_h_part01/168_24/repeat/none/instance/keep/run_0
2026-08-28 13:42:35 | configuration dataset=time/coastal_t_s_h_part01 L=168 H=24 model=lookback covariates=none instance_norm=true remove_constant=false seed=1 batch_size=512
[2026-08-28 13:42:38,340][data.dataset][INFO] - dataset config path=/fssmall/home/h61084/codes/datasets/time/coastal_t_s_h_part01/config.json applied_keys=['date_col', 'drop_users', 'target_cols']
[2026-08-28 13:42:38,351][evaluation.evaluator][INFO] - lookback weekly period=168 observations
[2026-08-28 13:42:38,358][evaluation.evaluator][INFO] - skip complete run=/fslarge/scratch/users/h61084/codes/tsfm/outputs_selena/univariate/time-coastal_t_s_h_part01/168_24/lookback/none/instance/keep/run_0
2026-08-28 13:42:40 | configuration dataset=time/coastal_t_s_h_part01 L=168 H=24 model=chronos2 covariates=none instance_norm=true remove_constant=false seed=1 batch_size=64
[2026-08-28 13:42:43,443][data.dataset][INFO] - dataset config path=/fssmall/home/h61084/codes/datasets/time/coastal_t_s_h_part01/config.json applied_keys=['date_col', 'drop_users', 'target_cols']
[2026-08-28 13:42:43,460][evaluation.evaluator][INFO] - skip complete run=/fslarge/scratch/users/h61084/codes/tsfm/outputs_selena/univariate/time-coastal_t_s_h_part01/168_24/chronos2/none/instance/keep/run_0
2026-08-28 13:42:45 | configuration dataset=time/coastal_t_s_h_part01 L=336 H=48 model=persistence covariates=none instance_norm=true remove_constant=false seed=1 batch_size=512
[2026-08-28 13:42:48,518][data.dataset][INFO] - dataset config path=/fssmall/home/h61084/codes/datasets/time/coastal_t_s_h_part01/config.json applied_keys=['date_col', 'drop_users', 'target_cols']
[2026-08-28 13:42:48,536][evaluation.evaluator][INFO] - skip complete run=/fslarge/scratch/users/h61084/codes/tsfm/outputs_selena/univariate/time-coastal_t_s_h_part01/336_48/persistence/none/instance/keep/run_0
2026-08-28 13:42:50 | configuration dataset=time/coastal_t_s_h_part01 L=336 H=48 model=expected covariates=none instance_norm=true remove_constant=false seed=1 batch_size=512
[2026-08-28 13:42:53,573][data.dataset][INFO] - dataset config path=/fssmall/home/h61084/codes/datasets/time/coastal_t_s_h_part01/config.json applied_keys=['date_col', 'drop_users', 'target_cols']
[2026-08-28 13:42:53,591][evaluation.evaluator][INFO] - skip complete run=/fslarge/scratch/users/h61084/codes/tsfm/outputs_selena/univariate/time-coastal_t_s_h_part01/336_48/expected/none/instance/keep/run_0
2026-08-28 13:42:55 | configuration dataset=time/coastal_t_s_h_part01 L=336 H=48 model=repeat covariates=none instance_norm=true remove_constant=false seed=1 batch_size=512
[2026-08-28 13:42:58,661][data.dataset][INFO] - dataset config path=/fssmall/home/h61084/codes/datasets/time/coastal_t_s_h_part01/config.json applied_keys=['date_col', 'drop_users', 'target_cols']
[2026-08-28 13:42:58,679][evaluation.evaluator][INFO] - skip complete run=/fslarge/scratch/users/h61084/codes/tsfm/outputs_selena/univariate/time-coastal_t_s_h_part01/336_48/repeat/none/instance/keep/run_0
2026-08-28 13:43:01 | configuration dataset=time/coastal_t_s_h_part01 L=336 H=48 model=lookback covariates=none instance_norm=true remove_constant=false seed=1 batch_size=512
[2026-08-28 13:43:03,786][data.dataset][INFO] - dataset config path=/fssmall/home/h61084/codes/datasets/time/coastal_t_s_h_part01/config.json applied_keys=['date_col', 'drop_users', 'target_cols']
[2026-08-28 13:43:03,799][evaluation.evaluator][INFO] - lookback weekly period=168 observations
[2026-08-28 13:43:03,806][evaluation.evaluator][INFO] - skip complete run=/fslarge/scratch/users/h61084/codes/tsfm/outputs_selena/univariate/time-coastal_t_s_h_part01/336_48/lookback/none/instance/keep/run_0
2026-08-28 13:43:06 | configuration dataset=time/coastal_t_s_h_part01 L=336 H=48 model=chronos2 covariates=none instance_norm=true remove_constant=false seed=1 batch_size=64
[2026-08-28 13:43:08,898][data.dataset][INFO] - dataset config path=/fssmall/home/h61084/codes/datasets/time/coastal_t_s_h_part01/config.json applied_keys=['date_col', 'drop_users', 'target_cols']
[2026-08-28 13:43:08,915][evaluation.evaluator][INFO] - skip complete run=/fslarge/scratch/users/h61084/codes/tsfm/outputs_selena/univariate/time-coastal_t_s_h_part01/336_48/chronos2/none/instance/keep/run_0
2026-08-28 13:43:11 | configuration dataset=time/coastal_t_s_h_part01 L=504 H=168 model=persistence covariates=none instance_norm=true remove_constant=false seed=1 batch_size=512
[2026-08-28 13:43:13,940][data.dataset][INFO] - dataset config path=/fssmall/home/h61084/codes/datasets/time/coastal_t_s_h_part01/config.json applied_keys=['date_col', 'drop_users', 'target_cols']
[2026-08-28 13:43:13,958][evaluation.evaluator][INFO] - skip complete run=/fslarge/scratch/users/h61084/codes/tsfm/outputs_selena/univariate/time-coastal_t_s_h_part01/504_168/persistence/none/instance/keep/run_0
2026-08-28 13:43:16 | configuration dataset=time/coastal_t_s_h_part01 L=504 H=168 model=expected covariates=none instance_norm=true remove_constant=false seed=1 batch_size=512
[2026-08-28 13:43:18,969][data.dataset][INFO] - dataset config path=/fssmall/home/h61084/codes/datasets/time/coastal_t_s_h_part01/config.json applied_keys=['date_col', 'drop_users', 'target_cols']
[2026-08-28 13:43:18,987][evaluation.evaluator][INFO] - skip complete run=/fslarge/scratch/users/h61084/codes/tsfm/outputs_selena/univariate/time-coastal_t_s_h_part01/504_168/expected/none/instance/keep/run_0
2026-08-28 13:43:21 | configuration dataset=time/coastal_t_s_h_part01 L=504 H=168 model=repeat covariates=none instance_norm=true remove_constant=false seed=1 batch_size=512
[2026-08-28 13:43:24,011][data.dataset][INFO] - dataset config path=/fssmall/home/h61084/codes/datasets/time/coastal_t_s_h_part01/config.json applied_keys=['date_col', 'drop_users', 'target_cols']
[2026-08-28 13:43:24,029][evaluation.evaluator][INFO] - skip complete run=/fslarge/scratch/users/h61084/codes/tsfm/outputs_selena/univariate/time-coastal_t_s_h_part01/504_168/repeat/none/instance/keep/run_0
2026-08-28 13:43:26 | configuration dataset=time/coastal_t_s_h_part01 L=504 H=168 model=lookback covariates=none instance_norm=true remove_constant=false seed=1 batch_size=512
[2026-08-28 13:43:29,066][data.dataset][INFO] - dataset config path=/fssmall/home/h61084/codes/datasets/time/coastal_t_s_h_part01/config.json applied_keys=['date_col', 'drop_users', 'target_cols']
[2026-08-28 13:43:29,076][evaluation.evaluator][INFO] - lookback weekly period=168 observations
[2026-08-28 13:43:29,084][evaluation.evaluator][INFO] - skip complete run=/fslarge/scratch/users/h61084/codes/tsfm/outputs_selena/univariate/time-coastal_t_s_h_part01/504_168/lookback/none/instance/keep/run_0
2026-08-28 13:43:31 | configuration dataset=time/coastal_t_s_h_part01 L=504 H=168 model=chronos2 covariates=none instance_norm=true remove_constant=false seed=1 batch_size=64
[2026-08-28 13:43:34,126][data.dataset][INFO] - dataset config path=/fssmall/home/h61084/codes/datasets/time/coastal_t_s_h_part01/config.json applied_keys=['date_col', 'drop_users', 'target_cols']
[2026-08-28 13:43:34,144][evaluation.evaluator][INFO] - skip complete run=/fslarge/scratch/users/h61084/codes/tsfm/outputs_selena/univariate/time-coastal_t_s_h_part01/504_168/chronos2/none/instance/keep/run_0
2026-08-28 13:43:36 | configuration dataset=time/coastal_t_s_h_part02 L=168 H=24 model=persistence covariates=none instance_norm=true remove_constant=false seed=1 batch_size=512
[2026-08-28 13:43:39,247][data.dataset][INFO] - dataset config path=/fssmall/home/h61084/codes/datasets/time/coastal_t_s_h_part02/config.json applied_keys=['date_col', 'drop_users', 'target_cols']
[2026-08-28 13:43:39,262][evaluation.evaluator][INFO] - skip complete run=/fslarge/scratch/users/h61084/codes/tsfm/outputs_selena/univariate/time-coastal_t_s_h_part02/168_24/persistence/none/instance/keep/run_0
2026-08-28 13:43:41 | configuration dataset=time/coastal_t_s_h_part02 L=168 H=24 model=expected covariates=none instance_norm=true remove_constant=false seed=1 batch_size=512
[2026-08-28 13:43:44,352][data.dataset][INFO] - dataset config path=/fssmall/home/h61084/codes/datasets/time/coastal_t_s_h_part02/config.json applied_keys=['date_col', 'drop_users', 'target_cols']
[2026-08-28 13:43:44,366][evaluation.evaluator][INFO] - skip complete run=/fslarge/scratch/users/h61084/codes/tsfm/outputs_selena/univariate/time-coastal_t_s_h_part02/168_24/expected/none/instance/keep/run_0
2026-08-28 13:43:46 | configuration dataset=time/coastal_t_s_h_part02 L=168 H=24 model=repeat covariates=none instance_norm=true remove_constant=false seed=1 batch_size=512
[2026-08-28 13:43:49,395][data.dataset][INFO] - dataset config path=/fssmall/home/h61084/codes/datasets/time/coastal_t_s_h_part02/config.json applied_keys=['date_col', 'drop_users', 'target_cols']
[2026-08-28 13:43:49,410][evaluation.evaluator][INFO] - skip complete run=/fslarge/scratch/users/h61084/codes/tsfm/outputs_selena/univariate/time-coastal_t_s_h_part02/168_24/repeat/none/instance/keep/run_0
2026-08-28 13:43:51 | configuration dataset=time/coastal_t_s_h_part02 L=168 H=24 model=lookback covariates=none instance_norm=true remove_constant=false seed=1 batch_size=512
[2026-08-28 13:43:54,485][data.dataset][INFO] - dataset config path=/fssmall/home/h61084/codes/datasets/time/coastal_t_s_h_part02/config.json applied_keys=['date_col', 'drop_users', 'target_cols']
[2026-08-28 13:43:54,494][evaluation.evaluator][INFO] - lookback weekly period=168 observations
[2026-08-28 13:43:54,500][evaluation.evaluator][INFO] - skip complete run=/fslarge/scratch/users/h61084/codes/tsfm/outputs_selena/univariate/time-coastal_t_s_h_part02/168_24/lookback/none/instance/keep/run_0
2026-08-28 13:43:56 | configuration dataset=time/coastal_t_s_h_part02 L=168 H=24 model=chronos2 covariates=none instance_norm=true remove_constant=false seed=1 batch_size=64
[2026-08-28 13:43:59,570][data.dataset][INFO] - dataset config path=/fssmall/home/h61084/codes/datasets/time/coastal_t_s_h_part02/config.json applied_keys=['date_col', 'drop_users', 'target_cols']
[2026-08-28 13:43:59,584][evaluation.evaluator][INFO] - skip complete run=/fslarge/scratch/users/h61084/codes/tsfm/outputs_selena/univariate/time-coastal_t_s_h_part02/168_24/chronos2/none/instance/keep/run_0
2026-08-28 13:44:01 | configuration dataset=time/coastal_t_s_h_part02 L=336 H=48 model=persistence covariates=none instance_norm=true remove_constant=false seed=1 batch_size=512
[2026-08-28 13:44:04,704][data.dataset][INFO] - dataset config path=/fssmall/home/h61084/codes/datasets/time/coastal_t_s_h_part02/config.json applied_keys=['date_col', 'drop_users', 'target_cols']
[2026-08-28 13:44:04,719][evaluation.evaluator][INFO] - skip complete run=/fslarge/scratch/users/h61084/codes/tsfm/outputs_selena/univariate/time-coastal_t_s_h_part02/336_48/persistence/none/instance/keep/run_0
2026-08-28 13:44:07 | configuration dataset=time/coastal_t_s_h_part02 L=336 H=48 model=expected covariates=none instance_norm=true remove_constant=false seed=1 batch_size=512
[2026-08-28 13:44:09,739][data.dataset][INFO] - dataset config path=/fssmall/home/h61084/codes/datasets/time/coastal_t_s_h_part02/config.json applied_keys=['date_col', 'drop_users', 'target_cols']
[2026-08-28 13:44:09,754][evaluation.evaluator][INFO] - skip complete run=/fslarge/scratch/users/h61084/codes/tsfm/outputs_selena/univariate/time-coastal_t_s_h_part02/336_48/expected/none/instance/keep/run_0
2026-08-28 13:44:12 | configuration dataset=time/coastal_t_s_h_part02 L=336 H=48 model=repeat covariates=none instance_norm=true remove_constant=false seed=1 batch_size=512
[2026-08-28 13:44:14,795][data.dataset][INFO] - dataset config path=/fssmall/home/h61084/codes/datasets/time/coastal_t_s_h_part02/config.json applied_keys=['date_col', 'drop_users', 'target_cols']
[2026-08-28 13:44:14,810][evaluation.evaluator][INFO] - skip complete run=/fslarge/scratch/users/h61084/codes/tsfm/outputs_selena/univariate/time-coastal_t_s_h_part02/336_48/repeat/none/instance/keep/run_0
2026-08-28 13:44:17 | configuration dataset=time/coastal_t_s_h_part02 L=336 H=48 model=lookback covariates=none instance_norm=true remove_constant=false seed=1 batch_size=512
[2026-08-28 13:44:19,836][data.dataset][INFO] - dataset config path=/fssmall/home/h61084/codes/datasets/time/coastal_t_s_h_part02/config.json applied_keys=['date_col', 'drop_users', 'target_cols']
[2026-08-28 13:44:19,844][evaluation.evaluator][INFO] - lookback weekly period=168 observations
[2026-08-28 13:44:19,851][evaluation.evaluator][INFO] - skip complete run=/fslarge/scratch/users/h61084/codes/tsfm/outputs_selena/univariate/time-coastal_t_s_h_part02/336_48/lookback/none/instance/keep/run_0
2026-08-28 13:44:22 | configuration dataset=time/coastal_t_s_h_part02 L=336 H=48 model=chronos2 covariates=none instance_norm=true remove_constant=false seed=1 batch_size=64
[2026-08-28 13:44:24,954][data.dataset][INFO] - dataset config path=/fssmall/home/h61084/codes/datasets/time/coastal_t_s_h_part02/config.json applied_keys=['date_col', 'drop_users', 'target_cols']
[2026-08-28 13:44:24,968][evaluation.evaluator][INFO] - skip complete run=/fslarge/scratch/users/h61084/codes/tsfm/outputs_selena/univariate/time-coastal_t_s_h_part02/336_48/chronos2/none/instance/keep/run_0
2026-08-28 13:44:27 | configuration dataset=time/coastal_t_s_h_part02 L=504 H=168 model=persistence covariates=none instance_norm=true remove_constant=false seed=1 batch_size=512
[2026-08-28 13:44:30,025][data.dataset][INFO] - dataset config path=/fssmall/home/h61084/codes/datasets/time/coastal_t_s_h_part02/config.json applied_keys=['date_col', 'drop_users', 'target_cols']
[2026-08-28 13:44:30,039][evaluation.evaluator][INFO] - skip complete run=/fslarge/scratch/users/h61084/codes/tsfm/outputs_selena/univariate/time-coastal_t_s_h_part02/504_168/persistence/none/instance/keep/run_0
2026-08-28 13:44:32 | configuration dataset=time/coastal_t_s_h_part02 L=504 H=168 model=expected covariates=none instance_norm=true remove_constant=false seed=1 batch_size=512
[2026-08-28 13:44:35,163][data.dataset][INFO] - dataset config path=/fssmall/home/h61084/codes/datasets/time/coastal_t_s_h_part02/config.json applied_keys=['date_col', 'drop_users', 'target_cols']
[2026-08-28 13:44:35,178][evaluation.evaluator][INFO] - skip complete run=/fslarge/scratch/users/h61084/codes/tsfm/outputs_selena/univariate/time-coastal_t_s_h_part02/504_168/expected/none/instance/keep/run_0
2026-08-28 13:44:37 | configuration dataset=time/coastal_t_s_h_part02 L=504 H=168 model=repeat covariates=none instance_norm=true remove_constant=false seed=1 batch_size=512
[2026-08-28 13:44:40,261][data.dataset][INFO] - dataset config path=/fssmall/home/h61084/codes/datasets/time/coastal_t_s_h_part02/config.json applied_keys=['date_col', 'drop_users', 'target_cols']
[2026-08-28 13:44:40,276][evaluation.evaluator][INFO] - skip complete run=/fslarge/scratch/users/h61084/codes/tsfm/outputs_selena/univariate/time-coastal_t_s_h_part02/504_168/repeat/none/instance/keep/run_0
2026-08-28 13:44:42 | configuration dataset=time/coastal_t_s_h_part02 L=504 H=168 model=lookback covariates=none instance_norm=true remove_constant=false seed=1 batch_size=512
[2026-08-28 13:44:45,368][data.dataset][INFO] - dataset config path=/fssmall/home/h61084/codes/datasets/time/coastal_t_s_h_part02/config.json applied_keys=['date_col', 'drop_users', 'target_cols']
[2026-08-28 13:44:45,377][evaluation.evaluator][INFO] - lookback weekly period=168 observations
[2026-08-28 13:44:45,383][evaluation.evaluator][INFO] - skip complete run=/fslarge/scratch/users/h61084/codes/tsfm/outputs_selena/univariate/time-coastal_t_s_h_part02/504_168/lookback/none/instance/keep/run_0
2026-08-28 13:44:47 | configuration dataset=time/coastal_t_s_h_part02 L=504 H=168 model=chronos2 covariates=none instance_norm=true remove_constant=false seed=1 batch_size=64
[2026-08-28 13:44:50,437][data.dataset][INFO] - dataset config path=/fssmall/home/h61084/codes/datasets/time/coastal_t_s_h_part02/config.json applied_keys=['date_col', 'drop_users', 'target_cols']
[2026-08-28 13:44:50,451][evaluation.evaluator][INFO] - skip complete run=/fslarge/scratch/users/h61084/codes/tsfm/outputs_selena/univariate/time-coastal_t_s_h_part02/504_168/chronos2/none/instance/keep/run_0
2026-08-28 13:44:52 | configuration dataset=time/coastal_t_s_h_part03 L=168 H=24 model=persistence covariates=none instance_norm=true remove_constant=false seed=1 batch_size=512
[2026-08-28 13:44:55,467][data.dataset][INFO] - dataset config path=/fssmall/home/h61084/codes/datasets/time/coastal_t_s_h_part03/config.json applied_keys=['date_col', 'drop_users', 'target_cols']
[2026-08-28 13:44:55,482][evaluation.evaluator][INFO] - skip complete run=/fslarge/scratch/users/h61084/codes/tsfm/outputs_selena/univariate/time-coastal_t_s_h_part03/168_24/persistence/none/instance/keep/run_0
2026-08-28 13:44:57 | configuration dataset=time/coastal_t_s_h_part03 L=168 H=24 model=expected covariates=none instance_norm=true remove_constant=false seed=1 batch_size=512
[2026-08-28 13:45:00,556][data.dataset][INFO] - dataset config path=/fssmall/home/h61084/codes/datasets/time/coastal_t_s_h_part03/config.json applied_keys=['date_col', 'drop_users', 'target_cols']
[2026-08-28 13:45:00,572][evaluation.evaluator][INFO] - skip complete run=/fslarge/scratch/users/h61084/codes/tsfm/outputs_selena/univariate/time-coastal_t_s_h_part03/168_24/expected/none/instance/keep/run_0
2026-08-28 13:45:02 | configuration dataset=time/coastal_t_s_h_part03 L=168 H=24 model=repeat covariates=none instance_norm=true remove_constant=false seed=1 batch_size=512
[2026-08-28 13:45:05,653][data.dataset][INFO] - dataset config path=/fssmall/home/h61084/codes/datasets/time/coastal_t_s_h_part03/config.json applied_keys=['date_col', 'drop_users', 'target_cols']
[2026-08-28 13:45:05,668][evaluation.evaluator][INFO] - skip complete run=/fslarge/scratch/users/h61084/codes/tsfm/outputs_selena/univariate/time-coastal_t_s_h_part03/168_24/repeat/none/instance/keep/run_0
2026-08-28 13:45:08 | configuration dataset=time/coastal_t_s_h_part03 L=168 H=24 model=lookback covariates=none instance_norm=true remove_constant=false seed=1 batch_size=512
[2026-08-28 13:45:10,740][data.dataset][INFO] - dataset config path=/fssmall/home/h61084/codes/datasets/time/coastal_t_s_h_part03/config.json applied_keys=['date_col', 'drop_users', 'target_cols']
[2026-08-28 13:45:10,748][evaluation.evaluator][INFO] - lookback weekly period=168 observations
[2026-08-28 13:45:10,755][evaluation.evaluator][INFO] - skip complete run=/fslarge/scratch/users/h61084/codes/tsfm/outputs_selena/univariate/time-coastal_t_s_h_part03/168_24/lookback/none/instance/keep/run_0
2026-08-28 13:45:13 | configuration dataset=time/coastal_t_s_h_part03 L=168 H=24 model=chronos2 covariates=none instance_norm=true remove_constant=false seed=1 batch_size=64
[2026-08-28 13:45:15,819][data.dataset][INFO] - dataset config path=/fssmall/home/h61084/codes/datasets/time/coastal_t_s_h_part03/config.json applied_keys=['date_col', 'drop_users', 'target_cols']
[2026-08-28 13:45:15,834][evaluation.evaluator][INFO] - skip complete run=/fslarge/scratch/users/h61084/codes/tsfm/outputs_selena/univariate/time-coastal_t_s_h_part03/168_24/chronos2/none/instance/keep/run_0
2026-08-28 13:45:18 | configuration dataset=time/coastal_t_s_h_part03 L=336 H=48 model=persistence covariates=none instance_norm=true remove_constant=false seed=1 batch_size=512
[2026-08-28 13:45:20,892][data.dataset][INFO] - dataset config path=/fssmall/home/h61084/codes/datasets/time/coastal_t_s_h_part03/config.json applied_keys=['date_col', 'drop_users', 'target_cols']
[2026-08-28 13:45:20,907][evaluation.evaluator][INFO] - skip complete run=/fslarge/scratch/users/h61084/codes/tsfm/outputs_selena/univariate/time-coastal_t_s_h_part03/336_48/persistence/none/instance/keep/run_0
2026-08-28 13:45:23 | configuration dataset=time/coastal_t_s_h_part03 L=336 H=48 model=expected covariates=none instance_norm=true remove_constant=false seed=1 batch_size=512
[2026-08-28 13:45:25,928][data.dataset][INFO] - dataset config path=/fssmall/home/h61084/codes/datasets/time/coastal_t_s_h_part03/config.json applied_keys=['date_col', 'drop_users', 'target_cols']
[2026-08-28 13:45:25,943][evaluation.evaluator][INFO] - skip complete run=/fslarge/scratch/users/h61084/codes/tsfm/outputs_selena/univariate/time-coastal_t_s_h_part03/336_48/expected/none/instance/keep/run_0
2026-08-28 13:45:28 | configuration dataset=time/coastal_t_s_h_part03 L=336 H=48 model=repeat covariates=none instance_norm=true remove_constant=false seed=1 batch_size=512
[2026-08-28 13:45:30,984][data.dataset][INFO] - dataset config path=/fssmall/home/h61084/codes/datasets/time/coastal_t_s_h_part03/config.json applied_keys=['date_col', 'drop_users', 'target_cols']
[2026-08-28 13:45:30,999][evaluation.evaluator][INFO] - skip complete run=/fslarge/scratch/users/h61084/codes/tsfm/outputs_selena/univariate/time-coastal_t_s_h_part03/336_48/repeat/none/instance/keep/run_0
2026-08-28 13:45:33 | configuration dataset=time/coastal_t_s_h_part03 L=336 H=48 model=lookback covariates=none instance_norm=true remove_constant=false seed=1 batch_size=512
[2026-08-28 13:45:36,029][data.dataset][INFO] - dataset config path=/fssmall/home/h61084/codes/datasets/time/coastal_t_s_h_part03/config.json applied_keys=['date_col', 'drop_users', 'target_cols']
[2026-08-28 13:45:36,037][evaluation.evaluator][INFO] - lookback weekly period=168 observations
[2026-08-28 13:45:36,044][evaluation.evaluator][INFO] - skip complete run=/fslarge/scratch/users/h61084/codes/tsfm/outputs_selena/univariate/time-coastal_t_s_h_part03/336_48/lookback/none/instance/keep/run_0
2026-08-28 13:45:38 | configuration dataset=time/coastal_t_s_h_part03 L=336 H=48 model=chronos2 covariates=none instance_norm=true remove_constant=false seed=1 batch_size=64
[2026-08-28 13:45:41,091][data.dataset][INFO] - dataset config path=/fssmall/home/h61084/codes/datasets/time/coastal_t_s_h_part03/config.json applied_keys=['date_col', 'drop_users', 'target_cols']
[2026-08-28 13:45:41,105][evaluation.evaluator][INFO] - skip complete run=/fslarge/scratch/users/h61084/codes/tsfm/outputs_selena/univariate/time-coastal_t_s_h_part03/336_48/chronos2/none/instance/keep/run_0
2026-08-28 13:45:43 | configuration dataset=time/coastal_t_s_h_part03 L=504 H=168 model=persistence covariates=none instance_norm=true remove_constant=false seed=1 batch_size=512
[2026-08-28 13:45:46,170][data.dataset][INFO] - dataset config path=/fssmall/home/h61084/codes/datasets/time/coastal_t_s_h_part03/config.json applied_keys=['date_col', 'drop_users', 'target_cols']
[2026-08-28 13:45:46,185][evaluation.evaluator][INFO] - skip complete run=/fslarge/scratch/users/h61084/codes/tsfm/outputs_selena/univariate/time-coastal_t_s_h_part03/504_168/persistence/none/instance/keep/run_0
2026-08-28 13:45:48 | configuration dataset=time/coastal_t_s_h_part03 L=504 H=168 model=expected covariates=none instance_norm=true remove_constant=false seed=1 batch_size=512
[2026-08-28 13:45:51,217][data.dataset][INFO] - dataset config path=/fssmall/home/h61084/codes/datasets/time/coastal_t_s_h_part03/config.json applied_keys=['date_col', 'drop_users', 'target_cols']
[2026-08-28 13:45:51,232][evaluation.evaluator][INFO] - skip complete run=/fslarge/scratch/users/h61084/codes/tsfm/outputs_selena/univariate/time-coastal_t_s_h_part03/504_168/expected/none/instance/keep/run_0
2026-08-28 13:45:53 | configuration dataset=time/coastal_t_s_h_part03 L=504 H=168 model=repeat covariates=none instance_norm=true remove_constant=false seed=1 batch_size=512
[2026-08-28 13:45:56,270][data.dataset][INFO] - dataset config path=/fssmall/home/h61084/codes/datasets/time/coastal_t_s_h_part03/config.json applied_keys=['date_col', 'drop_users', 'target_cols']
[2026-08-28 13:45:56,285][evaluation.evaluator][INFO] - skip complete run=/fslarge/scratch/users/h61084/codes/tsfm/outputs_selena/univariate/time-coastal_t_s_h_part03/504_168/repeat/none/instance/keep/run_0
2026-08-28 13:45:58 | configuration dataset=time/coastal_t_s_h_part03 L=504 H=168 model=lookback covariates=none instance_norm=true remove_constant=false seed=1 batch_size=512
[2026-08-28 13:46:01,306][data.dataset][INFO] - dataset config path=/fssmall/home/h61084/codes/datasets/time/coastal_t_s_h_part03/config.json applied_keys=['date_col', 'drop_users', 'target_cols']
[2026-08-28 13:46:01,314][evaluation.evaluator][INFO] - lookback weekly period=168 observations
[2026-08-28 13:46:01,321][evaluation.evaluator][INFO] - skip complete run=/fslarge/scratch/users/h61084/codes/tsfm/outputs_selena/univariate/time-coastal_t_s_h_part03/504_168/lookback/none/instance/keep/run_0
2026-08-28 13:46:03 | configuration dataset=time/coastal_t_s_h_part03 L=504 H=168 model=chronos2 covariates=none instance_norm=true remove_constant=false seed=1 batch_size=64
[2026-08-28 13:46:06,351][data.dataset][INFO] - dataset config path=/fssmall/home/h61084/codes/datasets/time/coastal_t_s_h_part03/config.json applied_keys=['date_col', 'drop_users', 'target_cols']
[2026-08-28 13:46:06,365][evaluation.evaluator][INFO] - skip complete run=/fslarge/scratch/users/h61084/codes/tsfm/outputs_selena/univariate/time-coastal_t_s_h_part03/504_168/chronos2/none/instance/keep/run_0
2026-08-28 13:46:08 | configuration dataset=time/coastal_t_s_h_part04 L=168 H=24 model=persistence covariates=none instance_norm=true remove_constant=false seed=1 batch_size=512
[2026-08-28 13:46:11,448][data.dataset][INFO] - dataset config path=/fssmall/home/h61084/codes/datasets/time/coastal_t_s_h_part04/config.json applied_keys=['date_col', 'drop_users', 'target_cols']
[2026-08-28 13:46:11,466][evaluation.evaluator][INFO] - skip complete run=/fslarge/scratch/users/h61084/codes/tsfm/outputs_selena/univariate/time-coastal_t_s_h_part04/168_24/persistence/none/instance/keep/run_0
2026-08-28 13:46:13 | configuration dataset=time/coastal_t_s_h_part04 L=168 H=24 model=expected covariates=none instance_norm=true remove_constant=false seed=1 batch_size=512
[2026-08-28 13:46:16,563][data.dataset][INFO] - dataset config path=/fssmall/home/h61084/codes/datasets/time/coastal_t_s_h_part04/config.json applied_keys=['date_col', 'drop_users', 'target_cols']
[2026-08-28 13:46:16,580][evaluation.evaluator][INFO] - skip complete run=/fslarge/scratch/users/h61084/codes/tsfm/outputs_selena/univariate/time-coastal_t_s_h_part04/168_24/expected/none/instance/keep/run_0
2026-08-28 13:46:18 | configuration dataset=time/coastal_t_s_h_part04 L=168 H=24 model=repeat covariates=none instance_norm=true remove_constant=false seed=1 batch_size=512
[2026-08-28 13:46:21,647][data.dataset][INFO] - dataset config path=/fssmall/home/h61084/codes/datasets/time/coastal_t_s_h_part04/config.json applied_keys=['date_col', 'drop_users', 'target_cols']
[2026-08-28 13:46:21,663][evaluation.evaluator][INFO] - skip complete run=/fslarge/scratch/users/h61084/codes/tsfm/outputs_selena/univariate/time-coastal_t_s_h_part04/168_24/repeat/none/instance/keep/run_0
2026-08-28 13:46:24 | configuration dataset=time/coastal_t_s_h_part04 L=168 H=24 model=lookback covariates=none instance_norm=true remove_constant=false seed=1 batch_size=512
[2026-08-28 13:46:26,724][data.dataset][INFO] - dataset config path=/fssmall/home/h61084/codes/datasets/time/coastal_t_s_h_part04/config.json applied_keys=['date_col', 'drop_users', 'target_cols']
[2026-08-28 13:46:26,736][evaluation.evaluator][INFO] - lookback weekly period=168 observations
[2026-08-28 13:46:26,743][evaluation.evaluator][INFO] - skip complete run=/fslarge/scratch/users/h61084/codes/tsfm/outputs_selena/univariate/time-coastal_t_s_h_part04/168_24/lookback/none/instance/keep/run_0
2026-08-28 13:46:29 | configuration dataset=time/coastal_t_s_h_part04 L=168 H=24 model=chronos2 covariates=none instance_norm=true remove_constant=false seed=1 batch_size=64
[2026-08-28 13:46:31,788][data.dataset][INFO] - dataset config path=/fssmall/home/h61084/codes/datasets/time/coastal_t_s_h_part04/config.json applied_keys=['date_col', 'drop_users', 'target_cols']
[2026-08-28 13:46:31,805][evaluation.evaluator][INFO] - skip complete run=/fslarge/scratch/users/h61084/codes/tsfm/outputs_selena/univariate/time-coastal_t_s_h_part04/168_24/chronos2/none/instance/keep/run_0
2026-08-28 13:46:34 | configuration dataset=time/coastal_t_s_h_part04 L=336 H=48 model=persistence covariates=none instance_norm=true remove_constant=false seed=1 batch_size=512
[2026-08-28 13:46:36,847][data.dataset][INFO] - dataset config path=/fssmall/home/h61084/codes/datasets/time/coastal_t_s_h_part04/config.json applied_keys=['date_col', 'drop_users', 'target_cols']
[2026-08-28 13:46:36,872][evaluation.evaluator][INFO] - skip complete run=/fslarge/scratch/users/h61084/codes/tsfm/outputs_selena/univariate/time-coastal_t_s_h_part04/336_48/persistence/none/instance/keep/run_0
2026-08-28 13:46:39 | configuration dataset=time/coastal_t_s_h_part04 L=336 H=48 model=expected covariates=none instance_norm=true remove_constant=false seed=1 batch_size=512
[2026-08-28 13:46:41,916][data.dataset][INFO] - dataset config path=/fssmall/home/h61084/codes/datasets/time/coastal_t_s_h_part04/config.json applied_keys=['date_col', 'drop_users', 'target_cols']
[2026-08-28 13:46:41,939][evaluation.evaluator][INFO] - skip complete run=/fslarge/scratch/users/h61084/codes/tsfm/outputs_selena/univariate/time-coastal_t_s_h_part04/336_48/expected/none/instance/keep/run_0
2026-08-28 13:46:44 | configuration dataset=time/coastal_t_s_h_part04 L=336 H=48 model=repeat covariates=none instance_norm=true remove_constant=false seed=1 batch_size=512
[2026-08-28 13:46:47,077][data.dataset][INFO] - dataset config path=/fssmall/home/h61084/codes/datasets/time/coastal_t_s_h_part04/config.json applied_keys=['date_col', 'drop_users', 'target_cols']
[2026-08-28 13:46:47,102][evaluation.evaluator][INFO] - skip complete run=/fslarge/scratch/users/h61084/codes/tsfm/outputs_selena/univariate/time-coastal_t_s_h_part04/336_48/repeat/none/instance/keep/run_0
2026-08-28 13:46:49 | configuration dataset=time/coastal_t_s_h_part04 L=336 H=48 model=lookback covariates=none instance_norm=true remove_constant=false seed=1 batch_size=512
[2026-08-28 13:46:52,214][data.dataset][INFO] - dataset config path=/fssmall/home/h61084/codes/datasets/time/coastal_t_s_h_part04/config.json applied_keys=['date_col', 'drop_users', 'target_cols']
[2026-08-28 13:46:52,225][evaluation.evaluator][INFO] - lookback weekly period=168 observations
[2026-08-28 13:46:52,232][evaluation.evaluator][INFO] - skip complete run=/fslarge/scratch/users/h61084/codes/tsfm/outputs_selena/univariate/time-coastal_t_s_h_part04/336_48/lookback/none/instance/keep/run_0
2026-08-28 13:46:54 | configuration dataset=time/coastal_t_s_h_part04 L=336 H=48 model=chronos2 covariates=none instance_norm=true remove_constant=false seed=1 batch_size=64
[2026-08-28 13:46:57,288][data.dataset][INFO] - dataset config path=/fssmall/home/h61084/codes/datasets/time/coastal_t_s_h_part04/config.json applied_keys=['date_col', 'drop_users', 'target_cols']
[2026-08-28 13:46:57,304][evaluation.evaluator][INFO] - skip complete run=/fslarge/scratch/users/h61084/codes/tsfm/outputs_selena/univariate/time-coastal_t_s_h_part04/336_48/chronos2/none/instance/keep/run_0
2026-08-28 13:46:59 | configuration dataset=time/coastal_t_s_h_part04 L=504 H=168 model=persistence covariates=none instance_norm=true remove_constant=false seed=1 batch_size=512
[2026-08-28 13:47:02,432][data.dataset][INFO] - dataset config path=/fssmall/home/h61084/codes/datasets/time/coastal_t_s_h_part04/config.json applied_keys=['date_col', 'drop_users', 'target_cols']
[2026-08-28 13:47:02,449][evaluation.evaluator][INFO] - skip complete run=/fslarge/scratch/users/h61084/codes/tsfm/outputs_selena/univariate/time-coastal_t_s_h_part04/504_168/persistence/none/instance/keep/run_0
2026-08-28 13:47:04 | configuration dataset=time/coastal_t_s_h_part04 L=504 H=168 model=expected covariates=none instance_norm=true remove_constant=false seed=1 batch_size=512
[2026-08-28 13:47:07,517][data.dataset][INFO] - dataset config path=/fssmall/home/h61084/codes/datasets/time/coastal_t_s_h_part04/config.json applied_keys=['date_col', 'drop_users', 'target_cols']
[2026-08-28 13:47:07,534][evaluation.evaluator][INFO] - skip complete run=/fslarge/scratch/users/h61084/codes/tsfm/outputs_selena/univariate/time-coastal_t_s_h_part04/504_168/expected/none/instance/keep/run_0
2026-08-28 13:47:09 | configuration dataset=time/coastal_t_s_h_part04 L=504 H=168 model=repeat covariates=none instance_norm=true remove_constant=false seed=1 batch_size=512
[2026-08-28 13:47:12,615][data.dataset][INFO] - dataset config path=/fssmall/home/h61084/codes/datasets/time/coastal_t_s_h_part04/config.json applied_keys=['date_col', 'drop_users', 'target_cols']
[2026-08-28 13:47:12,632][evaluation.evaluator][INFO] - skip complete run=/fslarge/scratch/users/h61084/codes/tsfm/outputs_selena/univariate/time-coastal_t_s_h_part04/504_168/repeat/none/instance/keep/run_0
2026-08-28 13:47:14 | configuration dataset=time/coastal_t_s_h_part04 L=504 H=168 model=lookback covariates=none instance_norm=true remove_constant=false seed=1 batch_size=512
[2026-08-28 13:47:17,676][data.dataset][INFO] - dataset config path=/fssmall/home/h61084/codes/datasets/time/coastal_t_s_h_part04/config.json applied_keys=['date_col', 'drop_users', 'target_cols']
[2026-08-28 13:47:17,687][evaluation.evaluator][INFO] - lookback weekly period=168 observations
[2026-08-28 13:47:17,694][evaluation.evaluator][INFO] - skip complete run=/fslarge/scratch/users/h61084/codes/tsfm/outputs_selena/univariate/time-coastal_t_s_h_part04/504_168/lookback/none/instance/keep/run_0
2026-08-28 13:47:20 | configuration dataset=time/coastal_t_s_h_part04 L=504 H=168 model=chronos2 covariates=none instance_norm=true remove_constant=false seed=1 batch_size=64
[2026-08-28 13:47:22,809][data.dataset][INFO] - dataset config path=/fssmall/home/h61084/codes/datasets/time/coastal_t_s_h_part04/config.json applied_keys=['date_col', 'drop_users', 'target_cols']
[2026-08-28 13:47:22,826][evaluation.evaluator][INFO] - skip complete run=/fslarge/scratch/users/h61084/codes/tsfm/outputs_selena/univariate/time-coastal_t_s_h_part04/504_168/chronos2/none/instance/keep/run_0
2026-08-28 13:47:25 | configuration dataset=time/coastal_t_s_h_part05 L=168 H=24 model=persistence covariates=none instance_norm=true remove_constant=false seed=1 batch_size=512
[2026-08-28 13:47:27,895][data.dataset][INFO] - dataset config path=/fssmall/home/h61084/codes/datasets/time/coastal_t_s_h_part05/config.json applied_keys=['date_col', 'drop_users', 'target_cols']
[2026-08-28 13:47:27,913][evaluation.evaluator][INFO] - skip complete run=/fslarge/scratch/users/h61084/codes/tsfm/outputs_selena/univariate/time-coastal_t_s_h_part05/168_24/persistence/none/instance/keep/run_0
2026-08-28 13:47:30 | configuration dataset=time/coastal_t_s_h_part05 L=168 H=24 model=expected covariates=none instance_norm=true remove_constant=false seed=1 batch_size=512
[2026-08-28 13:47:32,972][data.dataset][INFO] - dataset config path=/fssmall/home/h61084/codes/datasets/time/coastal_t_s_h_part05/config.json applied_keys=['date_col', 'drop_users', 'target_cols']
[2026-08-28 13:47:32,989][evaluation.evaluator][INFO] - skip complete run=/fslarge/scratch/users/h61084/codes/tsfm/outputs_selena/univariate/time-coastal_t_s_h_part05/168_24/expected/none/instance/keep/run_0
2026-08-28 13:47:35 | configuration dataset=time/coastal_t_s_h_part05 L=168 H=24 model=repeat covariates=none instance_norm=true remove_constant=false seed=1 batch_size=512
[2026-08-28 13:47:38,135][data.dataset][INFO] - dataset config path=/fssmall/home/h61084/codes/datasets/time/coastal_t_s_h_part05/config.json applied_keys=['date_col', 'drop_users', 'target_cols']
[2026-08-28 13:47:38,152][evaluation.evaluator][INFO] - skip complete run=/fslarge/scratch/users/h61084/codes/tsfm/outputs_selena/univariate/time-coastal_t_s_h_part05/168_24/repeat/none/instance/keep/run_0
2026-08-28 13:47:40 | configuration dataset=time/coastal_t_s_h_part05 L=168 H=24 model=lookback covariates=none instance_norm=true remove_constant=false seed=1 batch_size=512
[2026-08-28 13:47:43,184][data.dataset][INFO] - dataset config path=/fssmall/home/h61084/codes/datasets/time/coastal_t_s_h_part05/config.json applied_keys=['date_col', 'drop_users', 'target_cols']
[2026-08-28 13:47:43,195][evaluation.evaluator][INFO] - lookback weekly period=168 observations
[2026-08-28 13:47:43,202][evaluation.evaluator][INFO] - skip complete run=/fslarge/scratch/users/h61084/codes/tsfm/outputs_selena/univariate/time-coastal_t_s_h_part05/168_24/lookback/none/instance/keep/run_0
2026-08-28 13:47:45 | configuration dataset=time/coastal_t_s_h_part05 L=168 H=24 model=chronos2 covariates=none instance_norm=true remove_constant=false seed=1 batch_size=64
[2026-08-28 13:47:48,282][data.dataset][INFO] - dataset config path=/fssmall/home/h61084/codes/datasets/time/coastal_t_s_h_part05/config.json applied_keys=['date_col', 'drop_users', 'target_cols']
[2026-08-28 13:47:48,298][evaluation.evaluator][INFO] - skip complete run=/fslarge/scratch/users/h61084/codes/tsfm/outputs_selena/univariate/time-coastal_t_s_h_part05/168_24/chronos2/none/instance/keep/run_0
2026-08-28 13:47:50 | configuration dataset=time/coastal_t_s_h_part05 L=336 H=48 model=persistence covariates=none instance_norm=true remove_constant=false seed=1 batch_size=512
[2026-08-28 13:47:53,344][data.dataset][INFO] - dataset config path=/fssmall/home/h61084/codes/datasets/time/coastal_t_s_h_part05/config.json applied_keys=['date_col', 'drop_users', 'target_cols']
[2026-08-28 13:47:53,361][evaluation.evaluator][INFO] - skip complete run=/fslarge/scratch/users/h61084/codes/tsfm/outputs_selena/univariate/time-coastal_t_s_h_part05/336_48/persistence/none/instance/keep/run_0
2026-08-28 13:47:55 | configuration dataset=time/coastal_t_s_h_part05 L=336 H=48 model=expected covariates=none instance_norm=true remove_constant=false seed=1 batch_size=512
[2026-08-28 13:47:58,412][data.dataset][INFO] - dataset config path=/fssmall/home/h61084/codes/datasets/time/coastal_t_s_h_part05/config.json applied_keys=['date_col', 'drop_users', 'target_cols']
[2026-08-28 13:47:58,429][evaluation.evaluator][INFO] - skip complete run=/fslarge/scratch/users/h61084/codes/tsfm/outputs_selena/univariate/time-coastal_t_s_h_part05/336_48/expected/none/instance/keep/run_0
2026-08-28 13:48:00 | configuration dataset=time/coastal_t_s_h_part05 L=336 H=48 model=repeat covariates=none instance_norm=true remove_constant=false seed=1 batch_size=512
[2026-08-28 13:48:03,498][data.dataset][INFO] - dataset config path=/fssmall/home/h61084/codes/datasets/time/coastal_t_s_h_part05/config.json applied_keys=['date_col', 'drop_users', 'target_cols']
[2026-08-28 13:48:03,515][evaluation.evaluator][INFO] - skip complete run=/fslarge/scratch/users/h61084/codes/tsfm/outputs_selena/univariate/time-coastal_t_s_h_part05/336_48/repeat/none/instance/keep/run_0
2026-08-28 13:48:05 | configuration dataset=time/coastal_t_s_h_part05 L=336 H=48 model=lookback covariates=none instance_norm=true remove_constant=false seed=1 batch_size=512
[2026-08-28 13:48:08,552][data.dataset][INFO] - dataset config path=/fssmall/home/h61084/codes/datasets/time/coastal_t_s_h_part05/config.json applied_keys=['date_col', 'drop_users', 'target_cols']
[2026-08-28 13:48:08,562][evaluation.evaluator][INFO] - lookback weekly period=168 observations
[2026-08-28 13:48:08,569][evaluation.evaluator][INFO] - skip complete run=/fslarge/scratch/users/h61084/codes/tsfm/outputs_selena/univariate/time-coastal_t_s_h_part05/336_48/lookback/none/instance/keep/run_0
2026-08-28 13:48:10 | configuration dataset=time/coastal_t_s_h_part05 L=336 H=48 model=chronos2 covariates=none instance_norm=true remove_constant=false seed=1 batch_size=64
[2026-08-28 13:48:13,609][data.dataset][INFO] - dataset config path=/fssmall/home/h61084/codes/datasets/time/coastal_t_s_h_part05/config.json applied_keys=['date_col', 'drop_users', 'target_cols']
[2026-08-28 13:48:13,626][evaluation.evaluator][INFO] - skip complete run=/fslarge/scratch/users/h61084/codes/tsfm/outputs_selena/univariate/time-coastal_t_s_h_part05/336_48/chronos2/none/instance/keep/run_0
2026-08-28 13:48:15 | configuration dataset=time/coastal_t_s_h_part05 L=504 H=168 model=persistence covariates=none instance_norm=true remove_constant=false seed=1 batch_size=512
[2026-08-28 13:48:18,690][data.dataset][INFO] - dataset config path=/fssmall/home/h61084/codes/datasets/time/coastal_t_s_h_part05/config.json applied_keys=['date_col', 'drop_users', 'target_cols']
[2026-08-28 13:48:18,708][evaluation.evaluator][INFO] - skip complete run=/fslarge/scratch/users/h61084/codes/tsfm/outputs_selena/univariate/time-coastal_t_s_h_part05/504_168/persistence/none/instance/keep/run_0
2026-08-28 13:48:21 | configuration dataset=time/coastal_t_s_h_part05 L=504 H=168 model=expected covariates=none instance_norm=true remove_constant=false seed=1 batch_size=512
[2026-08-28 13:48:23,974][data.dataset][INFO] - dataset config path=/fssmall/home/h61084/codes/datasets/time/coastal_t_s_h_part05/config.json applied_keys=['date_col', 'drop_users', 'target_cols']
[2026-08-28 13:48:23,991][evaluation.evaluator][INFO] - skip complete run=/fslarge/scratch/users/h61084/codes/tsfm/outputs_selena/univariate/time-coastal_t_s_h_part05/504_168/expected/none/instance/keep/run_0
2026-08-28 13:48:26 | configuration dataset=time/coastal_t_s_h_part05 L=504 H=168 model=repeat covariates=none instance_norm=true remove_constant=false seed=1 batch_size=512
[2026-08-28 13:48:29,068][data.dataset][INFO] - dataset config path=/fssmall/home/h61084/codes/datasets/time/coastal_t_s_h_part05/config.json applied_keys=['date_col', 'drop_users', 'target_cols']
[2026-08-28 13:48:29,085][evaluation.evaluator][INFO] - skip complete run=/fslarge/scratch/users/h61084/codes/tsfm/outputs_selena/univariate/time-coastal_t_s_h_part05/504_168/repeat/none/instance/keep/run_0
2026-08-28 13:48:31 | configuration dataset=time/coastal_t_s_h_part05 L=504 H=168 model=lookback covariates=none instance_norm=true remove_constant=false seed=1 batch_size=512
[2026-08-28 13:48:34,144][data.dataset][INFO] - dataset config path=/fssmall/home/h61084/codes/datasets/time/coastal_t_s_h_part05/config.json applied_keys=['date_col', 'drop_users', 'target_cols']
[2026-08-28 13:48:34,154][evaluation.evaluator][INFO] - lookback weekly period=168 observations
[2026-08-28 13:48:34,161][evaluation.evaluator][INFO] - skip complete run=/fslarge/scratch/users/h61084/codes/tsfm/outputs_selena/univariate/time-coastal_t_s_h_part05/504_168/lookback/none/instance/keep/run_0
2026-08-28 13:48:36 | configuration dataset=time/coastal_t_s_h_part05 L=504 H=168 model=chronos2 covariates=none instance_norm=true remove_constant=false seed=1 batch_size=64
[2026-08-28 13:48:39,208][data.dataset][INFO] - dataset config path=/fssmall/home/h61084/codes/datasets/time/coastal_t_s_h_part05/config.json applied_keys=['date_col', 'drop_users', 'target_cols']
[2026-08-28 13:48:39,224][evaluation.evaluator][INFO] - skip complete run=/fslarge/scratch/users/h61084/codes/tsfm/outputs_selena/univariate/time-coastal_t_s_h_part05/504_168/chronos2/none/instance/keep/run_0
2026-08-28 13:48:41 | configuration dataset=time/coastal_t_s_h_part06 L=168 H=24 model=persistence covariates=none instance_norm=true remove_constant=false seed=1 batch_size=512
[2026-08-28 13:48:44,311][data.dataset][INFO] - dataset config path=/fssmall/home/h61084/codes/datasets/time/coastal_t_s_h_part06/config.json applied_keys=['date_col', 'drop_users', 'target_cols']
[2026-08-28 13:48:44,326][evaluation.evaluator][INFO] - skip complete run=/fslarge/scratch/users/h61084/codes/tsfm/outputs_selena/univariate/time-coastal_t_s_h_part06/168_24/persistence/none/instance/keep/run_0
2026-08-28 13:48:46 | configuration dataset=time/coastal_t_s_h_part06 L=168 H=24 model=expected covariates=none instance_norm=true remove_constant=false seed=1 batch_size=512
[2026-08-28 13:48:49,403][data.dataset][INFO] - dataset config path=/fssmall/home/h61084/codes/datasets/time/coastal_t_s_h_part06/config.json applied_keys=['date_col', 'drop_users', 'target_cols']
[2026-08-28 13:48:49,417][evaluation.evaluator][INFO] - skip complete run=/fslarge/scratch/users/h61084/codes/tsfm/outputs_selena/univariate/time-coastal_t_s_h_part06/168_24/expected/none/instance/keep/run_0
2026-08-28 13:48:51 | configuration dataset=time/coastal_t_s_h_part06 L=168 H=24 model=repeat covariates=none instance_norm=true remove_constant=false seed=1 batch_size=512
[2026-08-28 13:48:54,470][data.dataset][INFO] - dataset config path=/fssmall/home/h61084/codes/datasets/time/coastal_t_s_h_part06/config.json applied_keys=['date_col', 'drop_users', 'target_cols']
[2026-08-28 13:48:54,484][evaluation.evaluator][INFO] - skip complete run=/fslarge/scratch/users/h61084/codes/tsfm/outputs_selena/univariate/time-coastal_t_s_h_part06/168_24/repeat/none/instance/keep/run_0
2026-08-28 13:48:56 | configuration dataset=time/coastal_t_s_h_part06 L=168 H=24 model=lookback covariates=none instance_norm=true remove_constant=false seed=1 batch_size=512
[2026-08-28 13:48:59,550][data.dataset][INFO] - dataset config path=/fssmall/home/h61084/codes/datasets/time/coastal_t_s_h_part06/config.json applied_keys=['date_col', 'drop_users', 'target_cols']
[2026-08-28 13:48:59,559][evaluation.evaluator][INFO] - lookback weekly period=168 observations
[2026-08-28 13:48:59,565][evaluation.evaluator][INFO] - skip complete run=/fslarge/scratch/users/h61084/codes/tsfm/outputs_selena/univariate/time-coastal_t_s_h_part06/168_24/lookback/none/instance/keep/run_0
2026-08-28 13:49:01 | configuration dataset=time/coastal_t_s_h_part06 L=168 H=24 model=chronos2 covariates=none instance_norm=true remove_constant=false seed=1 batch_size=64
[2026-08-28 13:49:04,607][data.dataset][INFO] - dataset config path=/fssmall/home/h61084/codes/datasets/time/coastal_t_s_h_part06/config.json applied_keys=['date_col', 'drop_users', 'target_cols']
[2026-08-28 13:49:04,623][evaluation.evaluator][INFO] - skip complete run=/fslarge/scratch/users/h61084/codes/tsfm/outputs_selena/univariate/time-coastal_t_s_h_part06/168_24/chronos2/none/instance/keep/run_0
2026-08-28 13:49:06 | configuration dataset=time/coastal_t_s_h_part06 L=336 H=48 model=persistence covariates=none instance_norm=true remove_constant=false seed=1 batch_size=512
[2026-08-28 13:49:09,704][data.dataset][INFO] - dataset config path=/fssmall/home/h61084/codes/datasets/time/coastal_t_s_h_part06/config.json applied_keys=['date_col', 'drop_users', 'target_cols']
[2026-08-28 13:49:09,719][evaluation.evaluator][INFO] - skip complete run=/fslarge/scratch/users/h61084/codes/tsfm/outputs_selena/univariate/time-coastal_t_s_h_part06/336_48/persistence/none/instance/keep/run_0
2026-08-28 13:49:12 | configuration dataset=time/coastal_t_s_h_part06 L=336 H=48 model=expected covariates=none instance_norm=true remove_constant=false seed=1 batch_size=512
[2026-08-28 13:49:14,782][data.dataset][INFO] - dataset config path=/fssmall/home/h61084/codes/datasets/time/coastal_t_s_h_part06/config.json applied_keys=['date_col', 'drop_users', 'target_cols']
[2026-08-28 13:49:14,796][evaluation.evaluator][INFO] - skip complete run=/fslarge/scratch/users/h61084/codes/tsfm/outputs_selena/univariate/time-coastal_t_s_h_part06/336_48/expected/none/instance/keep/run_0
2026-08-28 13:49:17 | configuration dataset=time/coastal_t_s_h_part06 L=336 H=48 model=repeat covariates=none instance_norm=true remove_constant=false seed=1 batch_size=512
[2026-08-28 13:49:19,828][data.dataset][INFO] - dataset config path=/fssmall/home/h61084/codes/datasets/time/coastal_t_s_h_part06/config.json applied_keys=['date_col', 'drop_users', 'target_cols']
[2026-08-28 13:49:19,842][evaluation.evaluator][INFO] - skip complete run=/fslarge/scratch/users/h61084/codes/tsfm/outputs_selena/univariate/time-coastal_t_s_h_part06/336_48/repeat/none/instance/keep/run_0
2026-08-28 13:49:22 | configuration dataset=time/coastal_t_s_h_part06 L=336 H=48 model=lookback covariates=none instance_norm=true remove_constant=false seed=1 batch_size=512
[2026-08-28 13:49:24,864][data.dataset][INFO] - dataset config path=/fssmall/home/h61084/codes/datasets/time/coastal_t_s_h_part06/config.json applied_keys=['date_col', 'drop_users', 'target_cols']
[2026-08-28 13:49:24,874][evaluation.evaluator][INFO] - lookback weekly period=168 observations
[2026-08-28 13:49:24,881][evaluation.evaluator][INFO] - skip complete run=/fslarge/scratch/users/h61084/codes/tsfm/outputs_selena/univariate/time-coastal_t_s_h_part06/336_48/lookback/none/instance/keep/run_0
2026-08-28 13:49:27 | configuration dataset=time/coastal_t_s_h_part06 L=336 H=48 model=chronos2 covariates=none instance_norm=true remove_constant=false seed=1 batch_size=64
[2026-08-28 13:49:29,958][data.dataset][INFO] - dataset config path=/fssmall/home/h61084/codes/datasets/time/coastal_t_s_h_part06/config.json applied_keys=['date_col', 'drop_users', 'target_cols']
[2026-08-28 13:49:29,972][evaluation.evaluator][INFO] - skip complete run=/fslarge/scratch/users/h61084/codes/tsfm/outputs_selena/univariate/time-coastal_t_s_h_part06/336_48/chronos2/none/instance/keep/run_0
2026-08-28 13:49:32 | configuration dataset=time/coastal_t_s_h_part06 L=504 H=168 model=persistence covariates=none instance_norm=true remove_constant=false seed=1 batch_size=512
[2026-08-28 13:49:35,062][data.dataset][INFO] - dataset config path=/fssmall/home/h61084/codes/datasets/time/coastal_t_s_h_part06/config.json applied_keys=['date_col', 'drop_users', 'target_cols']
[2026-08-28 13:49:35,076][evaluation.evaluator][INFO] - skip complete run=/fslarge/scratch/users/h61084/codes/tsfm/outputs_selena/univariate/time-coastal_t_s_h_part06/504_168/persistence/none/instance/keep/run_0
2026-08-28 13:49:37 | configuration dataset=time/coastal_t_s_h_part06 L=504 H=168 model=expected covariates=none instance_norm=true remove_constant=false seed=1 batch_size=512
[2026-08-28 13:49:40,127][data.dataset][INFO] - dataset config path=/fssmall/home/h61084/codes/datasets/time/coastal_t_s_h_part06/config.json applied_keys=['date_col', 'drop_users', 'target_cols']
[2026-08-28 13:49:40,142][evaluation.evaluator][INFO] - skip complete run=/fslarge/scratch/users/h61084/codes/tsfm/outputs_selena/univariate/time-coastal_t_s_h_part06/504_168/expected/none/instance/keep/run_0
2026-08-28 13:49:42 | configuration dataset=time/coastal_t_s_h_part06 L=504 H=168 model=repeat covariates=none instance_norm=true remove_constant=false seed=1 batch_size=512
[2026-08-28 13:49:45,196][data.dataset][INFO] - dataset config path=/fssmall/home/h61084/codes/datasets/time/coastal_t_s_h_part06/config.json applied_keys=['date_col', 'drop_users', 'target_cols']
[2026-08-28 13:49:45,211][evaluation.evaluator][INFO] - skip complete run=/fslarge/scratch/users/h61084/codes/tsfm/outputs_selena/univariate/time-coastal_t_s_h_part06/504_168/repeat/none/instance/keep/run_0
2026-08-28 13:49:47 | configuration dataset=time/coastal_t_s_h_part06 L=504 H=168 model=lookback covariates=none instance_norm=true remove_constant=false seed=1 batch_size=512
[2026-08-28 13:49:50,287][data.dataset][INFO] - dataset config path=/fssmall/home/h61084/codes/datasets/time/coastal_t_s_h_part06/config.json applied_keys=['date_col', 'drop_users', 'target_cols']
[2026-08-28 13:49:50,298][evaluation.evaluator][INFO] - lookback weekly period=168 observations
[2026-08-28 13:49:50,305][evaluation.evaluator][INFO] - skip complete run=/fslarge/scratch/users/h61084/codes/tsfm/outputs_selena/univariate/time-coastal_t_s_h_part06/504_168/lookback/none/instance/keep/run_0
2026-08-28 13:49:52 | configuration dataset=time/coastal_t_s_h_part06 L=504 H=168 model=chronos2 covariates=none instance_norm=true remove_constant=false seed=1 batch_size=64
[2026-08-28 13:49:55,453][data.dataset][INFO] - dataset config path=/fssmall/home/h61084/codes/datasets/time/coastal_t_s_h_part06/config.json applied_keys=['date_col', 'drop_users', 'target_cols']
[2026-08-28 13:49:55,468][evaluation.evaluator][INFO] - skip complete run=/fslarge/scratch/users/h61084/codes/tsfm/outputs_selena/univariate/time-coastal_t_s_h_part06/504_168/chronos2/none/instance/keep/run_0
2026-08-28 13:49:57 | configuration dataset=time/coastal_t_s_h_part07 L=168 H=24 model=persistence covariates=none instance_norm=true remove_constant=false seed=1 batch_size=512
[2026-08-28 13:50:00,554][data.dataset][INFO] - dataset config path=/fssmall/home/h61084/codes/datasets/time/coastal_t_s_h_part07/config.json applied_keys=['date_col', 'drop_users', 'target_cols']
[2026-08-28 13:50:00,571][evaluation.evaluator][INFO] - skip complete run=/fslarge/scratch/users/h61084/codes/tsfm/outputs_selena/univariate/time-coastal_t_s_h_part07/168_24/persistence/none/instance/keep/run_0
2026-08-28 13:50:02 | configuration dataset=time/coastal_t_s_h_part07 L=168 H=24 model=expected covariates=none instance_norm=true remove_constant=false seed=1 batch_size=512
[2026-08-28 13:50:05,667][data.dataset][INFO] - dataset config path=/fssmall/home/h61084/codes/datasets/time/coastal_t_s_h_part07/config.json applied_keys=['date_col', 'drop_users', 'target_cols']
[2026-08-28 13:50:05,683][evaluation.evaluator][INFO] - skip complete run=/fslarge/scratch/users/h61084/codes/tsfm/outputs_selena/univariate/time-coastal_t_s_h_part07/168_24/expected/none/instance/keep/run_0
2026-08-28 13:50:08 | configuration dataset=time/coastal_t_s_h_part07 L=168 H=24 model=repeat covariates=none instance_norm=true remove_constant=false seed=1 batch_size=512
[2026-08-28 13:50:10,762][data.dataset][INFO] - dataset config path=/fssmall/home/h61084/codes/datasets/time/coastal_t_s_h_part07/config.json applied_keys=['date_col', 'drop_users', 'target_cols']
[2026-08-28 13:50:10,778][evaluation.evaluator][INFO] - skip complete run=/fslarge/scratch/users/h61084/codes/tsfm/outputs_selena/univariate/time-coastal_t_s_h_part07/168_24/repeat/none/instance/keep/run_0
2026-08-28 13:50:13 | configuration dataset=time/coastal_t_s_h_part07 L=168 H=24 model=lookback covariates=none instance_norm=true remove_constant=false seed=1 batch_size=512
[2026-08-28 13:50:15,865][data.dataset][INFO] - dataset config path=/fssmall/home/h61084/codes/datasets/time/coastal_t_s_h_part07/config.json applied_keys=['date_col', 'drop_users', 'target_cols']
[2026-08-28 13:50:15,875][evaluation.evaluator][INFO] - lookback weekly period=168 observations
[2026-08-28 13:50:15,882][evaluation.evaluator][INFO] - skip complete run=/fslarge/scratch/users/h61084/codes/tsfm/outputs_selena/univariate/time-coastal_t_s_h_part07/168_24/lookback/none/instance/keep/run_0
2026-08-28 13:50:18 | configuration dataset=time/coastal_t_s_h_part07 L=168 H=24 model=chronos2 covariates=none instance_norm=true remove_constant=false seed=1 batch_size=64
[2026-08-28 13:50:21,009][data.dataset][INFO] - dataset config path=/fssmall/home/h61084/codes/datasets/time/coastal_t_s_h_part07/config.json applied_keys=['date_col', 'drop_users', 'target_cols']
[2026-08-28 13:50:21,025][evaluation.evaluator][INFO] - skip complete run=/fslarge/scratch/users/h61084/codes/tsfm/outputs_selena/univariate/time-coastal_t_s_h_part07/168_24/chronos2/none/instance/keep/run_0
2026-08-28 13:50:23 | configuration dataset=time/coastal_t_s_h_part07 L=336 H=48 model=persistence covariates=none instance_norm=true remove_constant=false seed=1 batch_size=512
[2026-08-28 13:50:26,090][data.dataset][INFO] - dataset config path=/fssmall/home/h61084/codes/datasets/time/coastal_t_s_h_part07/config.json applied_keys=['date_col', 'drop_users', 'target_cols']
[2026-08-28 13:50:26,107][evaluation.evaluator][INFO] - skip complete run=/fslarge/scratch/users/h61084/codes/tsfm/outputs_selena/univariate/time-coastal_t_s_h_part07/336_48/persistence/none/instance/keep/run_0
2026-08-28 13:50:28 | configuration dataset=time/coastal_t_s_h_part07 L=336 H=48 model=expected covariates=none instance_norm=true remove_constant=false seed=1 batch_size=512
[2026-08-28 13:50:31,189][data.dataset][INFO] - dataset config path=/fssmall/home/h61084/codes/datasets/time/coastal_t_s_h_part07/config.json applied_keys=['date_col', 'drop_users', 'target_cols']
[2026-08-28 13:50:31,205][evaluation.evaluator][INFO] - skip complete run=/fslarge/scratch/users/h61084/codes/tsfm/outputs_selena/univariate/time-coastal_t_s_h_part07/336_48/expected/none/instance/keep/run_0
2026-08-28 13:50:33 | configuration dataset=time/coastal_t_s_h_part07 L=336 H=48 model=repeat covariates=none instance_norm=true remove_constant=false seed=1 batch_size=512
[2026-08-28 13:50:36,287][data.dataset][INFO] - dataset config path=/fssmall/home/h61084/codes/datasets/time/coastal_t_s_h_part07/config.json applied_keys=['date_col', 'drop_users', 'target_cols']
[2026-08-28 13:50:36,303][evaluation.evaluator][INFO] - skip complete run=/fslarge/scratch/users/h61084/codes/tsfm/outputs_selena/univariate/time-coastal_t_s_h_part07/336_48/repeat/none/instance/keep/run_0
2026-08-28 13:50:38 | configuration dataset=time/coastal_t_s_h_part07 L=336 H=48 model=lookback covariates=none instance_norm=true remove_constant=false seed=1 batch_size=512
[2026-08-28 13:50:41,363][data.dataset][INFO] - dataset config path=/fssmall/home/h61084/codes/datasets/time/coastal_t_s_h_part07/config.json applied_keys=['date_col', 'drop_users', 'target_cols']
[2026-08-28 13:50:41,372][evaluation.evaluator][INFO] - lookback weekly period=168 observations
[2026-08-28 13:50:41,379][evaluation.evaluator][INFO] - skip complete run=/fslarge/scratch/users/h61084/codes/tsfm/outputs_selena/univariate/time-coastal_t_s_h_part07/336_48/lookback/none/instance/keep/run_0
2026-08-28 13:50:43 | configuration dataset=time/coastal_t_s_h_part07 L=336 H=48 model=chronos2 covariates=none instance_norm=true remove_constant=false seed=1 batch_size=64
[2026-08-28 13:50:46,392][data.dataset][INFO] - dataset config path=/fssmall/home/h61084/codes/datasets/time/coastal_t_s_h_part07/config.json applied_keys=['date_col', 'drop_users', 'target_cols']
[2026-08-28 13:50:46,408][evaluation.evaluator][INFO] - skip complete run=/fslarge/scratch/users/h61084/codes/tsfm/outputs_selena/univariate/time-coastal_t_s_h_part07/336_48/chronos2/none/instance/keep/run_0
2026-08-28 13:50:48 | configuration dataset=time/coastal_t_s_h_part07 L=504 H=168 model=persistence covariates=none instance_norm=true remove_constant=false seed=1 batch_size=512
[2026-08-28 13:50:51,465][data.dataset][INFO] - dataset config path=/fssmall/home/h61084/codes/datasets/time/coastal_t_s_h_part07/config.json applied_keys=['date_col', 'drop_users', 'target_cols']
[2026-08-28 13:50:51,482][evaluation.evaluator][INFO] - skip complete run=/fslarge/scratch/users/h61084/codes/tsfm/outputs_selena/univariate/time-coastal_t_s_h_part07/504_168/persistence/none/instance/keep/run_0
2026-08-28 13:50:53 | configuration dataset=time/coastal_t_s_h_part07 L=504 H=168 model=expected covariates=none instance_norm=true remove_constant=false seed=1 batch_size=512
[2026-08-28 13:50:56,516][data.dataset][INFO] - dataset config path=/fssmall/home/h61084/codes/datasets/time/coastal_t_s_h_part07/config.json applied_keys=['date_col', 'drop_users', 'target_cols']
[2026-08-28 13:50:56,532][evaluation.evaluator][INFO] - skip complete run=/fslarge/scratch/users/h61084/codes/tsfm/outputs_selena/univariate/time-coastal_t_s_h_part07/504_168/expected/none/instance/keep/run_0
2026-08-28 13:50:58 | configuration dataset=time/coastal_t_s_h_part07 L=504 H=168 model=repeat covariates=none instance_norm=true remove_constant=false seed=1 batch_size=512
[2026-08-28 13:51:01,592][data.dataset][INFO] - dataset config path=/fssmall/home/h61084/codes/datasets/time/coastal_t_s_h_part07/config.json applied_keys=['date_col', 'drop_users', 'target_cols']
[2026-08-28 13:51:01,609][evaluation.evaluator][INFO] - skip complete run=/fslarge/scratch/users/h61084/codes/tsfm/outputs_selena/univariate/time-coastal_t_s_h_part07/504_168/repeat/none/instance/keep/run_0
2026-08-28 13:51:03 | configuration dataset=time/coastal_t_s_h_part07 L=504 H=168 model=lookback covariates=none instance_norm=true remove_constant=false seed=1 batch_size=512
[2026-08-28 13:51:06,645][data.dataset][INFO] - dataset config path=/fssmall/home/h61084/codes/datasets/time/coastal_t_s_h_part07/config.json applied_keys=['date_col', 'drop_users', 'target_cols']
[2026-08-28 13:51:06,655][evaluation.evaluator][INFO] - lookback weekly period=168 observations
[2026-08-28 13:51:06,662][evaluation.evaluator][INFO] - skip complete run=/fslarge/scratch/users/h61084/codes/tsfm/outputs_selena/univariate/time-coastal_t_s_h_part07/504_168/lookback/none/instance/keep/run_0
2026-08-28 13:51:09 | configuration dataset=time/coastal_t_s_h_part07 L=504 H=168 model=chronos2 covariates=none instance_norm=true remove_constant=false seed=1 batch_size=64
[2026-08-28 13:51:11,734][data.dataset][INFO] - dataset config path=/fssmall/home/h61084/codes/datasets/time/coastal_t_s_h_part07/config.json applied_keys=['date_col', 'drop_users', 'target_cols']
[2026-08-28 13:51:11,751][evaluation.evaluator][INFO] - skip complete run=/fslarge/scratch/users/h61084/codes/tsfm/outputs_selena/univariate/time-coastal_t_s_h_part07/504_168/chronos2/none/instance/keep/run_0
2026-08-28 13:51:14 | configuration dataset=time/coastal_t_s_h_part08 L=168 H=24 model=persistence covariates=none instance_norm=true remove_constant=false seed=1 batch_size=512
[2026-08-28 13:51:16,799][data.dataset][INFO] - dataset config path=/fssmall/home/h61084/codes/datasets/time/coastal_t_s_h_part08/config.json applied_keys=['date_col', 'drop_users', 'target_cols']
[2026-08-28 13:51:16,816][evaluation.evaluator][INFO] - skip complete run=/fslarge/scratch/users/h61084/codes/tsfm/outputs_selena/univariate/time-coastal_t_s_h_part08/168_24/persistence/none/instance/keep/run_0
2026-08-28 13:51:19 | configuration dataset=time/coastal_t_s_h_part08 L=168 H=24 model=expected covariates=none instance_norm=true remove_constant=false seed=1 batch_size=512
[2026-08-28 13:51:21,887][data.dataset][INFO] - dataset config path=/fssmall/home/h61084/codes/datasets/time/coastal_t_s_h_part08/config.json applied_keys=['date_col', 'drop_users', 'target_cols']
[2026-08-28 13:51:21,911][evaluation.evaluator][INFO] - skip complete run=/fslarge/scratch/users/h61084/codes/tsfm/outputs_selena/univariate/time-coastal_t_s_h_part08/168_24/expected/none/instance/keep/run_0
2026-08-28 13:51:24 | configuration dataset=time/coastal_t_s_h_part08 L=168 H=24 model=repeat covariates=none instance_norm=true remove_constant=false seed=1 batch_size=512
[2026-08-28 13:51:26,987][data.dataset][INFO] - dataset config path=/fssmall/home/h61084/codes/datasets/time/coastal_t_s_h_part08/config.json applied_keys=['date_col', 'drop_users', 'target_cols']
[2026-08-28 13:51:27,003][evaluation.evaluator][INFO] - skip complete run=/fslarge/scratch/users/h61084/codes/tsfm/outputs_selena/univariate/time-coastal_t_s_h_part08/168_24/repeat/none/instance/keep/run_0
2026-08-28 13:51:29 | configuration dataset=time/coastal_t_s_h_part08 L=168 H=24 model=lookback covariates=none instance_norm=true remove_constant=false seed=1 batch_size=512
[2026-08-28 13:51:32,052][data.dataset][INFO] - dataset config path=/fssmall/home/h61084/codes/datasets/time/coastal_t_s_h_part08/config.json applied_keys=['date_col', 'drop_users', 'target_cols']
[2026-08-28 13:51:32,062][evaluation.evaluator][INFO] - lookback weekly period=168 observations
[2026-08-28 13:51:32,069][evaluation.evaluator][INFO] - skip complete run=/fslarge/scratch/users/h61084/codes/tsfm/outputs_selena/univariate/time-coastal_t_s_h_part08/168_24/lookback/none/instance/keep/run_0
2026-08-28 13:51:34 | configuration dataset=time/coastal_t_s_h_part08 L=168 H=24 model=chronos2 covariates=none instance_norm=true remove_constant=false seed=1 batch_size=64
[2026-08-28 13:51:37,133][data.dataset][INFO] - dataset config path=/fssmall/home/h61084/codes/datasets/time/coastal_t_s_h_part08/config.json applied_keys=['date_col', 'drop_users', 'target_cols']
[2026-08-28 13:51:37,150][evaluation.evaluator][INFO] - skip complete run=/fslarge/scratch/users/h61084/codes/tsfm/outputs_selena/univariate/time-coastal_t_s_h_part08/168_24/chronos2/none/instance/keep/run_0
2026-08-28 13:51:39 | configuration dataset=time/coastal_t_s_h_part08 L=336 H=48 model=persistence covariates=none instance_norm=true remove_constant=false seed=1 batch_size=512
[2026-08-28 13:51:42,188][data.dataset][INFO] - dataset config path=/fssmall/home/h61084/codes/datasets/time/coastal_t_s_h_part08/config.json applied_keys=['date_col', 'drop_users', 'target_cols']
[2026-08-28 13:51:42,204][evaluation.evaluator][INFO] - skip complete run=/fslarge/scratch/users/h61084/codes/tsfm/outputs_selena/univariate/time-coastal_t_s_h_part08/336_48/persistence/none/instance/keep/run_0
2026-08-28 13:51:44 | configuration dataset=time/coastal_t_s_h_part08 L=336 H=48 model=expected covariates=none instance_norm=true remove_constant=false seed=1 batch_size=512
[2026-08-28 13:51:47,272][data.dataset][INFO] - dataset config path=/fssmall/home/h61084/codes/datasets/time/coastal_t_s_h_part08/config.json applied_keys=['date_col', 'drop_users', 'target_cols']
[2026-08-28 13:51:47,288][evaluation.evaluator][INFO] - skip complete run=/fslarge/scratch/users/h61084/codes/tsfm/outputs_selena/univariate/time-coastal_t_s_h_part08/336_48/expected/none/instance/keep/run_0
2026-08-28 13:51:49 | configuration dataset=time/coastal_t_s_h_part08 L=336 H=48 model=repeat covariates=none instance_norm=true remove_constant=false seed=1 batch_size=512
[2026-08-28 13:51:52,334][data.dataset][INFO] - dataset config path=/fssmall/home/h61084/codes/datasets/time/coastal_t_s_h_part08/config.json applied_keys=['date_col', 'drop_users', 'target_cols']
[2026-08-28 13:51:52,350][evaluation.evaluator][INFO] - skip complete run=/fslarge/scratch/users/h61084/codes/tsfm/outputs_selena/univariate/time-coastal_t_s_h_part08/336_48/repeat/none/instance/keep/run_0
2026-08-28 13:51:54 | configuration dataset=time/coastal_t_s_h_part08 L=336 H=48 model=lookback covariates=none instance_norm=true remove_constant=false seed=1 batch_size=512
[2026-08-28 13:51:57,416][data.dataset][INFO] - dataset config path=/fssmall/home/h61084/codes/datasets/time/coastal_t_s_h_part08/config.json applied_keys=['date_col', 'drop_users', 'target_cols']
[2026-08-28 13:51:57,427][evaluation.evaluator][INFO] - lookback weekly period=168 observations
[2026-08-28 13:51:57,434][evaluation.evaluator][INFO] - skip complete run=/fslarge/scratch/users/h61084/codes/tsfm/outputs_selena/univariate/time-coastal_t_s_h_part08/336_48/lookback/none/instance/keep/run_0
2026-08-28 13:51:59 | configuration dataset=time/coastal_t_s_h_part08 L=336 H=48 model=chronos2 covariates=none instance_norm=true remove_constant=false seed=1 batch_size=64
[2026-08-28 13:52:02,523][data.dataset][INFO] - dataset config path=/fssmall/home/h61084/codes/datasets/time/coastal_t_s_h_part08/config.json applied_keys=['date_col', 'drop_users', 'target_cols']
[2026-08-28 13:52:02,539][evaluation.evaluator][INFO] - skip complete run=/fslarge/scratch/users/h61084/codes/tsfm/outputs_selena/univariate/time-coastal_t_s_h_part08/336_48/chronos2/none/instance/keep/run_0
2026-08-28 13:52:04 | configuration dataset=time/coastal_t_s_h_part08 L=504 H=168 model=persistence covariates=none instance_norm=true remove_constant=false seed=1 batch_size=512
[2026-08-28 13:52:07,645][data.dataset][INFO] - dataset config path=/fssmall/home/h61084/codes/datasets/time/coastal_t_s_h_part08/config.json applied_keys=['date_col', 'drop_users', 'target_cols']
[2026-08-28 13:52:07,662][evaluation.evaluator][INFO] - skip complete run=/fslarge/scratch/users/h61084/codes/tsfm/outputs_selena/univariate/time-coastal_t_s_h_part08/504_168/persistence/none/instance/keep/run_0
2026-08-28 13:52:10 | configuration dataset=time/coastal_t_s_h_part08 L=504 H=168 model=expected covariates=none instance_norm=true remove_constant=false seed=1 batch_size=512
[2026-08-28 13:52:12,729][data.dataset][INFO] - dataset config path=/fssmall/home/h61084/codes/datasets/time/coastal_t_s_h_part08/config.json applied_keys=['date_col', 'drop_users', 'target_cols']
[2026-08-28 13:52:12,745][evaluation.evaluator][INFO] - skip complete run=/fslarge/scratch/users/h61084/codes/tsfm/outputs_selena/univariate/time-coastal_t_s_h_part08/504_168/expected/none/instance/keep/run_0
2026-08-28 13:52:15 | configuration dataset=time/coastal_t_s_h_part08 L=504 H=168 model=repeat covariates=none instance_norm=true remove_constant=false seed=1 batch_size=512
[2026-08-28 13:52:17,844][data.dataset][INFO] - dataset config path=/fssmall/home/h61084/codes/datasets/time/coastal_t_s_h_part08/config.json applied_keys=['date_col', 'drop_users', 'target_cols']
[2026-08-28 13:52:17,863][evaluation.evaluator][INFO] - skip complete run=/fslarge/scratch/users/h61084/codes/tsfm/outputs_selena/univariate/time-coastal_t_s_h_part08/504_168/repeat/none/instance/keep/run_0
2026-08-28 13:52:20 | configuration dataset=time/coastal_t_s_h_part08 L=504 H=168 model=lookback covariates=none instance_norm=true remove_constant=false seed=1 batch_size=512
[2026-08-28 13:52:22,975][data.dataset][INFO] - dataset config path=/fssmall/home/h61084/codes/datasets/time/coastal_t_s_h_part08/config.json applied_keys=['date_col', 'drop_users', 'target_cols']
[2026-08-28 13:52:22,985][evaluation.evaluator][INFO] - lookback weekly period=168 observations
[2026-08-28 13:52:22,992][evaluation.evaluator][INFO] - skip complete run=/fslarge/scratch/users/h61084/codes/tsfm/outputs_selena/univariate/time-coastal_t_s_h_part08/504_168/lookback/none/instance/keep/run_0
2026-08-28 13:52:25 | configuration dataset=time/coastal_t_s_h_part08 L=504 H=168 model=chronos2 covariates=none instance_norm=true remove_constant=false seed=1 batch_size=64
[2026-08-28 13:52:28,083][data.dataset][INFO] - dataset config path=/fssmall/home/h61084/codes/datasets/time/coastal_t_s_h_part08/config.json applied_keys=['date_col', 'drop_users', 'target_cols']
[2026-08-28 13:52:28,099][evaluation.evaluator][INFO] - skip complete run=/fslarge/scratch/users/h61084/codes/tsfm/outputs_selena/univariate/time-coastal_t_s_h_part08/504_168/chronos2/none/instance/keep/run_0
2026-08-28 13:52:30 | configuration dataset=time/coastal_t_s_h_part09 L=168 H=24 model=persistence covariates=none instance_norm=true remove_constant=false seed=1 batch_size=512
[2026-08-28 13:52:33,167][data.dataset][INFO] - dataset config path=/fssmall/home/h61084/codes/datasets/time/coastal_t_s_h_part09/config.json applied_keys=['date_col', 'drop_users', 'target_cols']
[2026-08-28 13:52:33,184][evaluation.evaluator][INFO] - skip complete run=/fslarge/scratch/users/h61084/codes/tsfm/outputs_selena/univariate/time-coastal_t_s_h_part09/168_24/persistence/none/instance/keep/run_0
2026-08-28 13:52:35 | configuration dataset=time/coastal_t_s_h_part09 L=168 H=24 model=expected covariates=none instance_norm=true remove_constant=false seed=1 batch_size=512
[2026-08-28 13:52:38,219][data.dataset][INFO] - dataset config path=/fssmall/home/h61084/codes/datasets/time/coastal_t_s_h_part09/config.json applied_keys=['date_col', 'drop_users', 'target_cols']
[2026-08-28 13:52:38,235][evaluation.evaluator][INFO] - skip complete run=/fslarge/scratch/users/h61084/codes/tsfm/outputs_selena/univariate/time-coastal_t_s_h_part09/168_24/expected/none/instance/keep/run_0
2026-08-28 13:52:40 | configuration dataset=time/coastal_t_s_h_part09 L=168 H=24 model=repeat covariates=none instance_norm=true remove_constant=false seed=1 batch_size=512
[2026-08-28 13:52:43,279][data.dataset][INFO] - dataset config path=/fssmall/home/h61084/codes/datasets/time/coastal_t_s_h_part09/config.json applied_keys=['date_col', 'drop_users', 'target_cols']
[2026-08-28 13:52:43,295][evaluation.evaluator][INFO] - skip complete run=/fslarge/scratch/users/h61084/codes/tsfm/outputs_selena/univariate/time-coastal_t_s_h_part09/168_24/repeat/none/instance/keep/run_0
2026-08-28 13:52:45 | configuration dataset=time/coastal_t_s_h_part09 L=168 H=24 model=lookback covariates=none instance_norm=true remove_constant=false seed=1 batch_size=512
[2026-08-28 13:52:48,381][data.dataset][INFO] - dataset config path=/fssmall/home/h61084/codes/datasets/time/coastal_t_s_h_part09/config.json applied_keys=['date_col', 'drop_users', 'target_cols']
[2026-08-28 13:52:48,391][evaluation.evaluator][INFO] - lookback weekly period=168 observations
[2026-08-28 13:52:48,398][evaluation.evaluator][INFO] - skip complete run=/fslarge/scratch/users/h61084/codes/tsfm/outputs_selena/univariate/time-coastal_t_s_h_part09/168_24/lookback/none/instance/keep/run_0
2026-08-28 13:52:50 | configuration dataset=time/coastal_t_s_h_part09 L=168 H=24 model=chronos2 covariates=none instance_norm=true remove_constant=false seed=1 batch_size=64
[2026-08-28 13:52:53,457][data.dataset][INFO] - dataset config path=/fssmall/home/h61084/codes/datasets/time/coastal_t_s_h_part09/config.json applied_keys=['date_col', 'drop_users', 'target_cols']
[2026-08-28 13:52:53,474][evaluation.evaluator][INFO] - skip complete run=/fslarge/scratch/users/h61084/codes/tsfm/outputs_selena/univariate/time-coastal_t_s_h_part09/168_24/chronos2/none/instance/keep/run_0
2026-08-28 13:52:55 | configuration dataset=time/coastal_t_s_h_part09 L=336 H=48 model=persistence covariates=none instance_norm=true remove_constant=false seed=1 batch_size=512
[2026-08-28 13:52:58,521][data.dataset][INFO] - dataset config path=/fssmall/home/h61084/codes/datasets/time/coastal_t_s_h_part09/config.json applied_keys=['date_col', 'drop_users', 'target_cols']
[2026-08-28 13:52:58,537][evaluation.evaluator][INFO] - skip complete run=/fslarge/scratch/users/h61084/codes/tsfm/outputs_selena/univariate/time-coastal_t_s_h_part09/336_48/persistence/none/instance/keep/run_0
2026-08-28 13:53:00 | configuration dataset=time/coastal_t_s_h_part09 L=336 H=48 model=expected covariates=none instance_norm=true remove_constant=false seed=1 batch_size=512
[2026-08-28 13:53:03,593][data.dataset][INFO] - dataset config path=/fssmall/home/h61084/codes/datasets/time/coastal_t_s_h_part09/config.json applied_keys=['date_col', 'drop_users', 'target_cols']
[2026-08-28 13:53:03,610][evaluation.evaluator][INFO] - skip complete run=/fslarge/scratch/users/h61084/codes/tsfm/outputs_selena/univariate/time-coastal_t_s_h_part09/336_48/expected/none/instance/keep/run_0
2026-08-28 13:53:05 | configuration dataset=time/coastal_t_s_h_part09 L=336 H=48 model=repeat covariates=none instance_norm=true remove_constant=false seed=1 batch_size=512
[2026-08-28 13:53:08,659][data.dataset][INFO] - dataset config path=/fssmall/home/h61084/codes/datasets/time/coastal_t_s_h_part09/config.json applied_keys=['date_col', 'drop_users', 'target_cols']
[2026-08-28 13:53:08,676][evaluation.evaluator][INFO] - skip complete run=/fslarge/scratch/users/h61084/codes/tsfm/outputs_selena/univariate/time-coastal_t_s_h_part09/336_48/repeat/none/instance/keep/run_0
2026-08-28 13:53:10 | configuration dataset=time/coastal_t_s_h_part09 L=336 H=48 model=lookback covariates=none instance_norm=true remove_constant=false seed=1 batch_size=512
[2026-08-28 13:53:13,676][data.dataset][INFO] - dataset config path=/fssmall/home/h61084/codes/datasets/time/coastal_t_s_h_part09/config.json applied_keys=['date_col', 'drop_users', 'target_cols']
[2026-08-28 13:53:13,685][evaluation.evaluator][INFO] - lookback weekly period=168 observations
[2026-08-28 13:53:13,692][evaluation.evaluator][INFO] - skip complete run=/fslarge/scratch/users/h61084/codes/tsfm/outputs_selena/univariate/time-coastal_t_s_h_part09/336_48/lookback/none/instance/keep/run_0
2026-08-28 13:53:16 | configuration dataset=time/coastal_t_s_h_part09 L=336 H=48 model=chronos2 covariates=none instance_norm=true remove_constant=false seed=1 batch_size=64
[2026-08-28 13:53:18,751][data.dataset][INFO] - dataset config path=/fssmall/home/h61084/codes/datasets/time/coastal_t_s_h_part09/config.json applied_keys=['date_col', 'drop_users', 'target_cols']
[2026-08-28 13:53:18,768][evaluation.evaluator][INFO] - skip complete run=/fslarge/scratch/users/h61084/codes/tsfm/outputs_selena/univariate/time-coastal_t_s_h_part09/336_48/chronos2/none/instance/keep/run_0
2026-08-28 13:53:21 | configuration dataset=time/coastal_t_s_h_part09 L=504 H=168 model=persistence covariates=none instance_norm=true remove_constant=false seed=1 batch_size=512
[2026-08-28 13:53:23,824][data.dataset][INFO] - dataset config path=/fssmall/home/h61084/codes/datasets/time/coastal_t_s_h_part09/config.json applied_keys=['date_col', 'drop_users', 'target_cols']
[2026-08-28 13:53:23,840][evaluation.evaluator][INFO] - skip complete run=/fslarge/scratch/users/h61084/codes/tsfm/outputs_selena/univariate/time-coastal_t_s_h_part09/504_168/persistence/none/instance/keep/run_0
2026-08-28 13:53:26 | configuration dataset=time/coastal_t_s_h_part09 L=504 H=168 model=expected covariates=none instance_norm=true remove_constant=false seed=1 batch_size=512
[2026-08-28 13:53:28,946][data.dataset][INFO] - dataset config path=/fssmall/home/h61084/codes/datasets/time/coastal_t_s_h_part09/config.json applied_keys=['date_col', 'drop_users', 'target_cols']
[2026-08-28 13:53:28,962][evaluation.evaluator][INFO] - skip complete run=/fslarge/scratch/users/h61084/codes/tsfm/outputs_selena/univariate/time-coastal_t_s_h_part09/504_168/expected/none/instance/keep/run_0
2026-08-28 13:53:31 | configuration dataset=time/coastal_t_s_h_part09 L=504 H=168 model=repeat covariates=none instance_norm=true remove_constant=false seed=1 batch_size=512
[2026-08-28 13:53:34,021][data.dataset][INFO] - dataset config path=/fssmall/home/h61084/codes/datasets/time/coastal_t_s_h_part09/config.json applied_keys=['date_col', 'drop_users', 'target_cols']
[2026-08-28 13:53:34,038][evaluation.evaluator][INFO] - skip complete run=/fslarge/scratch/users/h61084/codes/tsfm/outputs_selena/univariate/time-coastal_t_s_h_part09/504_168/repeat/none/instance/keep/run_0
2026-08-28 13:53:36 | configuration dataset=time/coastal_t_s_h_part09 L=504 H=168 model=lookback covariates=none instance_norm=true remove_constant=false seed=1 batch_size=512
[2026-08-28 13:53:39,101][data.dataset][INFO] - dataset config path=/fssmall/home/h61084/codes/datasets/time/coastal_t_s_h_part09/config.json applied_keys=['date_col', 'drop_users', 'target_cols']
[2026-08-28 13:53:39,111][evaluation.evaluator][INFO] - lookback weekly period=168 observations
[2026-08-28 13:53:39,118][evaluation.evaluator][INFO] - skip complete run=/fslarge/scratch/users/h61084/codes/tsfm/outputs_selena/univariate/time-coastal_t_s_h_part09/504_168/lookback/none/instance/keep/run_0
2026-08-28 13:53:41 | configuration dataset=time/coastal_t_s_h_part09 L=504 H=168 model=chronos2 covariates=none instance_norm=true remove_constant=false seed=1 batch_size=64
[2026-08-28 13:53:44,211][data.dataset][INFO] - dataset config path=/fssmall/home/h61084/codes/datasets/time/coastal_t_s_h_part09/config.json applied_keys=['date_col', 'drop_users', 'target_cols']
[2026-08-28 13:53:44,227][evaluation.evaluator][INFO] - skip complete run=/fslarge/scratch/users/h61084/codes/tsfm/outputs_selena/univariate/time-coastal_t_s_h_part09/504_168/chronos2/none/instance/keep/run_0
2026-08-28 13:53:46 | configuration dataset=time/coastal_t_s_h_part10 L=168 H=24 model=persistence covariates=none instance_norm=true remove_constant=false seed=1 batch_size=512
[2026-08-28 13:53:49,257][data.dataset][INFO] - dataset config path=/fssmall/home/h61084/codes/datasets/time/coastal_t_s_h_part10/config.json applied_keys=['date_col', 'drop_users', 'target_cols']
[2026-08-28 13:53:49,275][evaluation.evaluator][INFO] - skip complete run=/fslarge/scratch/users/h61084/codes/tsfm/outputs_selena/univariate/time-coastal_t_s_h_part10/168_24/persistence/none/instance/keep/run_0
2026-08-28 13:53:51 | configuration dataset=time/coastal_t_s_h_part10 L=168 H=24 model=expected covariates=none instance_norm=true remove_constant=false seed=1 batch_size=512
[2026-08-28 13:53:54,285][data.dataset][INFO] - dataset config path=/fssmall/home/h61084/codes/datasets/time/coastal_t_s_h_part10/config.json applied_keys=['date_col', 'drop_users', 'target_cols']
[2026-08-28 13:53:54,302][evaluation.evaluator][INFO] - skip complete run=/fslarge/scratch/users/h61084/codes/tsfm/outputs_selena/univariate/time-coastal_t_s_h_part10/168_24/expected/none/instance/keep/run_0
2026-08-28 13:53:56 | configuration dataset=time/coastal_t_s_h_part10 L=168 H=24 model=repeat covariates=none instance_norm=true remove_constant=false seed=1 batch_size=512
[2026-08-28 13:53:59,354][data.dataset][INFO] - dataset config path=/fssmall/home/h61084/codes/datasets/time/coastal_t_s_h_part10/config.json applied_keys=['date_col', 'drop_users', 'target_cols']
[2026-08-28 13:53:59,370][evaluation.evaluator][INFO] - skip complete run=/fslarge/scratch/users/h61084/codes/tsfm/outputs_selena/univariate/time-coastal_t_s_h_part10/168_24/repeat/none/instance/keep/run_0
2026-08-28 13:54:01 | configuration dataset=time/coastal_t_s_h_part10 L=168 H=24 model=lookback covariates=none instance_norm=true remove_constant=false seed=1 batch_size=512
[2026-08-28 13:54:04,437][data.dataset][INFO] - dataset config path=/fssmall/home/h61084/codes/datasets/time/coastal_t_s_h_part10/config.json applied_keys=['date_col', 'drop_users', 'target_cols']
[2026-08-28 13:54:04,447][evaluation.evaluator][INFO] - lookback weekly period=168 observations
[2026-08-28 13:54:04,454][evaluation.evaluator][INFO] - skip complete run=/fslarge/scratch/users/h61084/codes/tsfm/outputs_selena/univariate/time-coastal_t_s_h_part10/168_24/lookback/none/instance/keep/run_0
2026-08-28 13:54:06 | configuration dataset=time/coastal_t_s_h_part10 L=168 H=24 model=chronos2 covariates=none instance_norm=true remove_constant=false seed=1 batch_size=64
[2026-08-28 13:54:09,524][data.dataset][INFO] - dataset config path=/fssmall/home/h61084/codes/datasets/time/coastal_t_s_h_part10/config.json applied_keys=['date_col', 'drop_users', 'target_cols']
[2026-08-28 13:54:09,541][evaluation.evaluator][INFO] - skip complete run=/fslarge/scratch/users/h61084/codes/tsfm/outputs_selena/univariate/time-coastal_t_s_h_part10/168_24/chronos2/none/instance/keep/run_0
2026-08-28 13:54:11 | configuration dataset=time/coastal_t_s_h_part10 L=336 H=48 model=persistence covariates=none instance_norm=true remove_constant=false seed=1 batch_size=512
[2026-08-28 13:54:14,607][data.dataset][INFO] - dataset config path=/fssmall/home/h61084/codes/datasets/time/coastal_t_s_h_part10/config.json applied_keys=['date_col', 'drop_users', 'target_cols']
[2026-08-28 13:54:14,623][evaluation.evaluator][INFO] - skip complete run=/fslarge/scratch/users/h61084/codes/tsfm/outputs_selena/univariate/time-coastal_t_s_h_part10/336_48/persistence/none/instance/keep/run_0
2026-08-28 13:54:16 | configuration dataset=time/coastal_t_s_h_part10 L=336 H=48 model=expected covariates=none instance_norm=true remove_constant=false seed=1 batch_size=512
[2026-08-28 13:54:19,689][data.dataset][INFO] - dataset config path=/fssmall/home/h61084/codes/datasets/time/coastal_t_s_h_part10/config.json applied_keys=['date_col', 'drop_users', 'target_cols']
[2026-08-28 13:54:19,706][evaluation.evaluator][INFO] - skip complete run=/fslarge/scratch/users/h61084/codes/tsfm/outputs_selena/univariate/time-coastal_t_s_h_part10/336_48/expected/none/instance/keep/run_0
2026-08-28 13:54:22 | configuration dataset=time/coastal_t_s_h_part10 L=336 H=48 model=repeat covariates=none instance_norm=true remove_constant=false seed=1 batch_size=512
[2026-08-28 13:54:24,791][data.dataset][INFO] - dataset config path=/fssmall/home/h61084/codes/datasets/time/coastal_t_s_h_part10/config.json applied_keys=['date_col', 'drop_users', 'target_cols']
[2026-08-28 13:54:24,807][evaluation.evaluator][INFO] - skip complete run=/fslarge/scratch/users/h61084/codes/tsfm/outputs_selena/univariate/time-coastal_t_s_h_part10/336_48/repeat/none/instance/keep/run_0
2026-08-28 13:54:27 | configuration dataset=time/coastal_t_s_h_part10 L=336 H=48 model=lookback covariates=none instance_norm=true remove_constant=false seed=1 batch_size=512
[2026-08-28 13:54:29,893][data.dataset][INFO] - dataset config path=/fssmall/home/h61084/codes/datasets/time/coastal_t_s_h_part10/config.json applied_keys=['date_col', 'drop_users', 'target_cols']
[2026-08-28 13:54:29,904][evaluation.evaluator][INFO] - lookback weekly period=168 observations
[2026-08-28 13:54:29,910][evaluation.evaluator][INFO] - skip complete run=/fslarge/scratch/users/h61084/codes/tsfm/outputs_selena/univariate/time-coastal_t_s_h_part10/336_48/lookback/none/instance/keep/run_0
2026-08-28 13:54:32 | configuration dataset=time/coastal_t_s_h_part10 L=336 H=48 model=chronos2 covariates=none instance_norm=true remove_constant=false seed=1 batch_size=64
[2026-08-28 13:54:35,006][data.dataset][INFO] - dataset config path=/fssmall/home/h61084/codes/datasets/time/coastal_t_s_h_part10/config.json applied_keys=['date_col', 'drop_users', 'target_cols']
[2026-08-28 13:54:35,023][evaluation.evaluator][INFO] - skip complete run=/fslarge/scratch/users/h61084/codes/tsfm/outputs_selena/univariate/time-coastal_t_s_h_part10/336_48/chronos2/none/instance/keep/run_0
2026-08-28 13:54:37 | configuration dataset=time/coastal_t_s_h_part10 L=504 H=168 model=persistence covariates=none instance_norm=true remove_constant=false seed=1 batch_size=512
[2026-08-28 13:54:40,105][data.dataset][INFO] - dataset config path=/fssmall/home/h61084/codes/datasets/time/coastal_t_s_h_part10/config.json applied_keys=['date_col', 'drop_users', 'target_cols']
[2026-08-28 13:54:40,121][evaluation.evaluator][INFO] - skip complete run=/fslarge/scratch/users/h61084/codes/tsfm/outputs_selena/univariate/time-coastal_t_s_h_part10/504_168/persistence/none/instance/keep/run_0
2026-08-28 13:54:42 | configuration dataset=time/coastal_t_s_h_part10 L=504 H=168 model=expected covariates=none instance_norm=true remove_constant=false seed=1 batch_size=512
[2026-08-28 13:54:45,205][data.dataset][INFO] - dataset config path=/fssmall/home/h61084/codes/datasets/time/coastal_t_s_h_part10/config.json applied_keys=['date_col', 'drop_users', 'target_cols']
[2026-08-28 13:54:45,221][evaluation.evaluator][INFO] - skip complete run=/fslarge/scratch/users/h61084/codes/tsfm/outputs_selena/univariate/time-coastal_t_s_h_part10/504_168/expected/none/instance/keep/run_0
2026-08-28 13:54:47 | configuration dataset=time/coastal_t_s_h_part10 L=504 H=168 model=repeat covariates=none instance_norm=true remove_constant=false seed=1 batch_size=512
[2026-08-28 13:54:50,260][data.dataset][INFO] - dataset config path=/fssmall/home/h61084/codes/datasets/time/coastal_t_s_h_part10/config.json applied_keys=['date_col', 'drop_users', 'target_cols']
[2026-08-28 13:54:50,277][evaluation.evaluator][INFO] - skip complete run=/fslarge/scratch/users/h61084/codes/tsfm/outputs_selena/univariate/time-coastal_t_s_h_part10/504_168/repeat/none/instance/keep/run_0
2026-08-28 13:54:52 | configuration dataset=time/coastal_t_s_h_part10 L=504 H=168 model=lookback covariates=none instance_norm=true remove_constant=false seed=1 batch_size=512
[2026-08-28 13:54:55,315][data.dataset][INFO] - dataset config path=/fssmall/home/h61084/codes/datasets/time/coastal_t_s_h_part10/config.json applied_keys=['date_col', 'drop_users', 'target_cols']
[2026-08-28 13:54:55,325][evaluation.evaluator][INFO] - lookback weekly period=168 observations
[2026-08-28 13:54:55,332][evaluation.evaluator][INFO] - skip complete run=/fslarge/scratch/users/h61084/codes/tsfm/outputs_selena/univariate/time-coastal_t_s_h_part10/504_168/lookback/none/instance/keep/run_0
2026-08-28 13:54:57 | configuration dataset=time/coastal_t_s_h_part10 L=504 H=168 model=chronos2 covariates=none instance_norm=true remove_constant=false seed=1 batch_size=64
[2026-08-28 13:55:00,388][data.dataset][INFO] - dataset config path=/fssmall/home/h61084/codes/datasets/time/coastal_t_s_h_part10/config.json applied_keys=['date_col', 'drop_users', 'target_cols']
[2026-08-28 13:55:00,405][evaluation.evaluator][INFO] - skip complete run=/fslarge/scratch/users/h61084/codes/tsfm/outputs_selena/univariate/time-coastal_t_s_h_part10/504_168/chronos2/none/instance/keep/run_0
2026-08-28 13:55:02 | configuration dataset=time/coastal_t_s_h_part11 L=168 H=24 model=persistence covariates=none instance_norm=true remove_constant=false seed=1 batch_size=512
[2026-08-28 13:55:05,482][data.dataset][INFO] - dataset config path=/fssmall/home/h61084/codes/datasets/time/coastal_t_s_h_part11/config.json applied_keys=['date_col', 'drop_users', 'target_cols']
[2026-08-28 13:55:05,503][evaluation.evaluator][INFO] - skip complete run=/fslarge/scratch/users/h61084/codes/tsfm/outputs_selena/univariate/time-coastal_t_s_h_part11/168_24/persistence/none/instance/keep/run_0
2026-08-28 13:55:07 | configuration dataset=time/coastal_t_s_h_part11 L=168 H=24 model=expected covariates=none instance_norm=true remove_constant=false seed=1 batch_size=512
[2026-08-28 13:55:10,590][data.dataset][INFO] - dataset config path=/fssmall/home/h61084/codes/datasets/time/coastal_t_s_h_part11/config.json applied_keys=['date_col', 'drop_users', 'target_cols']
[2026-08-28 13:55:10,607][evaluation.evaluator][INFO] - skip complete run=/fslarge/scratch/users/h61084/codes/tsfm/outputs_selena/univariate/time-coastal_t_s_h_part11/168_24/expected/none/instance/keep/run_0
2026-08-28 13:55:12 | configuration dataset=time/coastal_t_s_h_part11 L=168 H=24 model=repeat covariates=none instance_norm=true remove_constant=false seed=1 batch_size=512
[2026-08-28 13:55:15,675][data.dataset][INFO] - dataset config path=/fssmall/home/h61084/codes/datasets/time/coastal_t_s_h_part11/config.json applied_keys=['date_col', 'drop_users', 'target_cols']
[2026-08-28 13:55:15,692][evaluation.evaluator][INFO] - skip complete run=/fslarge/scratch/users/h61084/codes/tsfm/outputs_selena/univariate/time-coastal_t_s_h_part11/168_24/repeat/none/instance/keep/run_0
2026-08-28 13:55:18 | configuration dataset=time/coastal_t_s_h_part11 L=168 H=24 model=lookback covariates=none instance_norm=true remove_constant=false seed=1 batch_size=512
[2026-08-28 13:55:20,762][data.dataset][INFO] - dataset config path=/fssmall/home/h61084/codes/datasets/time/coastal_t_s_h_part11/config.json applied_keys=['date_col', 'drop_users', 'target_cols']
[2026-08-28 13:55:20,773][evaluation.evaluator][INFO] - lookback weekly period=168 observations
[2026-08-28 13:55:20,780][evaluation.evaluator][INFO] - skip complete run=/fslarge/scratch/users/h61084/codes/tsfm/outputs_selena/univariate/time-coastal_t_s_h_part11/168_24/lookback/none/instance/keep/run_0
2026-08-28 13:55:23 | configuration dataset=time/coastal_t_s_h_part11 L=168 H=24 model=chronos2 covariates=none instance_norm=true remove_constant=false seed=1 batch_size=64
[2026-08-28 13:55:25,846][data.dataset][INFO] - dataset config path=/fssmall/home/h61084/codes/datasets/time/coastal_t_s_h_part11/config.json applied_keys=['date_col', 'drop_users', 'target_cols']
[2026-08-28 13:55:25,863][evaluation.evaluator][INFO] - skip complete run=/fslarge/scratch/users/h61084/codes/tsfm/outputs_selena/univariate/time-coastal_t_s_h_part11/168_24/chronos2/none/instance/keep/run_0
2026-08-28 13:55:28 | configuration dataset=time/coastal_t_s_h_part11 L=336 H=48 model=persistence covariates=none instance_norm=true remove_constant=false seed=1 batch_size=512
[2026-08-28 13:55:30,957][data.dataset][INFO] - dataset config path=/fssmall/home/h61084/codes/datasets/time/coastal_t_s_h_part11/config.json applied_keys=['date_col', 'drop_users', 'target_cols']
[2026-08-28 13:55:30,975][evaluation.evaluator][INFO] - skip complete run=/fslarge/scratch/users/h61084/codes/tsfm/outputs_selena/univariate/time-coastal_t_s_h_part11/336_48/persistence/none/instance/keep/run_0
2026-08-28 13:55:33 | configuration dataset=time/coastal_t_s_h_part11 L=336 H=48 model=expected covariates=none instance_norm=true remove_constant=false seed=1 batch_size=512
[2026-08-28 13:55:36,055][data.dataset][INFO] - dataset config path=/fssmall/home/h61084/codes/datasets/time/coastal_t_s_h_part11/config.json applied_keys=['date_col', 'drop_users', 'target_cols']
[2026-08-28 13:55:36,073][evaluation.evaluator][INFO] - skip complete run=/fslarge/scratch/users/h61084/codes/tsfm/outputs_selena/univariate/time-coastal_t_s_h_part11/336_48/expected/none/instance/keep/run_0
2026-08-28 13:55:38 | configuration dataset=time/coastal_t_s_h_part11 L=336 H=48 model=repeat covariates=none instance_norm=true remove_constant=false seed=1 batch_size=512
[2026-08-28 13:55:41,173][data.dataset][INFO] - dataset config path=/fssmall/home/h61084/codes/datasets/time/coastal_t_s_h_part11/config.json applied_keys=['date_col', 'drop_users', 'target_cols']
[2026-08-28 13:55:41,190][evaluation.evaluator][INFO] - skip complete run=/fslarge/scratch/users/h61084/codes/tsfm/outputs_selena/univariate/time-coastal_t_s_h_part11/336_48/repeat/none/instance/keep/run_0
2026-08-28 13:55:43 | configuration dataset=time/coastal_t_s_h_part11 L=336 H=48 model=lookback covariates=none instance_norm=true remove_constant=false seed=1 batch_size=512
[2026-08-28 13:55:46,262][data.dataset][INFO] - dataset config path=/fssmall/home/h61084/codes/datasets/time/coastal_t_s_h_part11/config.json applied_keys=['date_col', 'drop_users', 'target_cols']
[2026-08-28 13:55:46,273][evaluation.evaluator][INFO] - lookback weekly period=168 observations
[2026-08-28 13:55:46,280][evaluation.evaluator][INFO] - skip complete run=/fslarge/scratch/users/h61084/codes/tsfm/outputs_selena/univariate/time-coastal_t_s_h_part11/336_48/lookback/none/instance/keep/run_0
2026-08-28 13:55:48 | configuration dataset=time/coastal_t_s_h_part11 L=336 H=48 model=chronos2 covariates=none instance_norm=true remove_constant=false seed=1 batch_size=64
[2026-08-28 13:55:51,321][data.dataset][INFO] - dataset config path=/fssmall/home/h61084/codes/datasets/time/coastal_t_s_h_part11/config.json applied_keys=['date_col', 'drop_users', 'target_cols']
[2026-08-28 13:55:51,339][evaluation.evaluator][INFO] - skip complete run=/fslarge/scratch/users/h61084/codes/tsfm/outputs_selena/univariate/time-coastal_t_s_h_part11/336_48/chronos2/none/instance/keep/run_0
2026-08-28 13:55:53 | configuration dataset=time/coastal_t_s_h_part11 L=504 H=168 model=persistence covariates=none instance_norm=true remove_constant=false seed=1 batch_size=512
[2026-08-28 13:55:56,422][data.dataset][INFO] - dataset config path=/fssmall/home/h61084/codes/datasets/time/coastal_t_s_h_part11/config.json applied_keys=['date_col', 'drop_users', 'target_cols']
[2026-08-28 13:55:56,440][evaluation.evaluator][INFO] - skip complete run=/fslarge/scratch/users/h61084/codes/tsfm/outputs_selena/univariate/time-coastal_t_s_h_part11/504_168/persistence/none/instance/keep/run_0
2026-08-28 13:55:58 | configuration dataset=time/coastal_t_s_h_part11 L=504 H=168 model=expected covariates=none instance_norm=true remove_constant=false seed=1 batch_size=512
[2026-08-28 13:56:01,490][data.dataset][INFO] - dataset config path=/fssmall/home/h61084/codes/datasets/time/coastal_t_s_h_part11/config.json applied_keys=['date_col', 'drop_users', 'target_cols']
[2026-08-28 13:56:01,508][evaluation.evaluator][INFO] - skip complete run=/fslarge/scratch/users/h61084/codes/tsfm/outputs_selena/univariate/time-coastal_t_s_h_part11/504_168/expected/none/instance/keep/run_0
2026-08-28 13:56:03 | configuration dataset=time/coastal_t_s_h_part11 L=504 H=168 model=repeat covariates=none instance_norm=true remove_constant=false seed=1 batch_size=512
[2026-08-28 13:56:06,570][data.dataset][INFO] - dataset config path=/fssmall/home/h61084/codes/datasets/time/coastal_t_s_h_part11/config.json applied_keys=['date_col', 'drop_users', 'target_cols']
[2026-08-28 13:56:06,587][evaluation.evaluator][INFO] - skip complete run=/fslarge/scratch/users/h61084/codes/tsfm/outputs_selena/univariate/time-coastal_t_s_h_part11/504_168/repeat/none/instance/keep/run_0
2026-08-28 13:56:08 | configuration dataset=time/coastal_t_s_h_part11 L=504 H=168 model=lookback covariates=none instance_norm=true remove_constant=false seed=1 batch_size=512
[2026-08-28 13:56:11,646][data.dataset][INFO] - dataset config path=/fssmall/home/h61084/codes/datasets/time/coastal_t_s_h_part11/config.json applied_keys=['date_col', 'drop_users', 'target_cols']
[2026-08-28 13:56:11,657][evaluation.evaluator][INFO] - lookback weekly period=168 observations
[2026-08-28 13:56:11,665][evaluation.evaluator][INFO] - skip complete run=/fslarge/scratch/users/h61084/codes/tsfm/outputs_selena/univariate/time-coastal_t_s_h_part11/504_168/lookback/none/instance/keep/run_0
2026-08-28 13:56:14 | configuration dataset=time/coastal_t_s_h_part11 L=504 H=168 model=chronos2 covariates=none instance_norm=true remove_constant=false seed=1 batch_size=64
[2026-08-28 13:56:16,715][data.dataset][INFO] - dataset config path=/fssmall/home/h61084/codes/datasets/time/coastal_t_s_h_part11/config.json applied_keys=['date_col', 'drop_users', 'target_cols']
[2026-08-28 13:56:16,732][evaluation.evaluator][INFO] - skip complete run=/fslarge/scratch/users/h61084/codes/tsfm/outputs_selena/univariate/time-coastal_t_s_h_part11/504_168/chronos2/none/instance/keep/run_0
2026-08-28 13:56:19 | configuration dataset=time/coastal_t_s_h_part12 L=168 H=24 model=persistence covariates=none instance_norm=true remove_constant=false seed=1 batch_size=512
[2026-08-28 13:56:21,802][data.dataset][INFO] - dataset config path=/fssmall/home/h61084/codes/datasets/time/coastal_t_s_h_part12/config.json applied_keys=['date_col', 'drop_users', 'target_cols']
[2026-08-28 13:56:21,819][evaluation.evaluator][INFO] - skip complete run=/fslarge/scratch/users/h61084/codes/tsfm/outputs_selena/univariate/time-coastal_t_s_h_part12/168_24/persistence/none/instance/keep/run_0
2026-08-28 13:56:24 | configuration dataset=time/coastal_t_s_h_part12 L=168 H=24 model=expected covariates=none instance_norm=true remove_constant=false seed=1 batch_size=512
[2026-08-28 13:56:26,876][data.dataset][INFO] - dataset config path=/fssmall/home/h61084/codes/datasets/time/coastal_t_s_h_part12/config.json applied_keys=['date_col', 'drop_users', 'target_cols']
[2026-08-28 13:56:26,892][evaluation.evaluator][INFO] - skip complete run=/fslarge/scratch/users/h61084/codes/tsfm/outputs_selena/univariate/time-coastal_t_s_h_part12/168_24/expected/none/instance/keep/run_0
2026-08-28 13:56:29 | configuration dataset=time/coastal_t_s_h_part12 L=168 H=24 model=repeat covariates=none instance_norm=true remove_constant=false seed=1 batch_size=512
[2026-08-28 13:56:31,976][data.dataset][INFO] - dataset config path=/fssmall/home/h61084/codes/datasets/time/coastal_t_s_h_part12/config.json applied_keys=['date_col', 'drop_users', 'target_cols']
[2026-08-28 13:56:31,992][evaluation.evaluator][INFO] - skip complete run=/fslarge/scratch/users/h61084/codes/tsfm/outputs_selena/univariate/time-coastal_t_s_h_part12/168_24/repeat/none/instance/keep/run_0
2026-08-28 13:56:34 | configuration dataset=time/coastal_t_s_h_part12 L=168 H=24 model=lookback covariates=none instance_norm=true remove_constant=false seed=1 batch_size=512
[2026-08-28 13:56:37,036][data.dataset][INFO] - dataset config path=/fssmall/home/h61084/codes/datasets/time/coastal_t_s_h_part12/config.json applied_keys=['date_col', 'drop_users', 'target_cols']
[2026-08-28 13:56:37,046][evaluation.evaluator][INFO] - lookback weekly period=168 observations
[2026-08-28 13:56:37,053][evaluation.evaluator][INFO] - skip complete run=/fslarge/scratch/users/h61084/codes/tsfm/outputs_selena/univariate/time-coastal_t_s_h_part12/168_24/lookback/none/instance/keep/run_0
2026-08-28 13:56:39 | configuration dataset=time/coastal_t_s_h_part12 L=168 H=24 model=chronos2 covariates=none instance_norm=true remove_constant=false seed=1 batch_size=64
[2026-08-28 13:56:42,135][data.dataset][INFO] - dataset config path=/fssmall/home/h61084/codes/datasets/time/coastal_t_s_h_part12/config.json applied_keys=['date_col', 'drop_users', 'target_cols']
[2026-08-28 13:56:42,150][evaluation.evaluator][INFO] - skip complete run=/fslarge/scratch/users/h61084/codes/tsfm/outputs_selena/univariate/time-coastal_t_s_h_part12/168_24/chronos2/none/instance/keep/run_0
2026-08-28 13:56:44 | configuration dataset=time/coastal_t_s_h_part12 L=336 H=48 model=persistence covariates=none instance_norm=true remove_constant=false seed=1 batch_size=512
[2026-08-28 13:56:47,196][data.dataset][INFO] - dataset config path=/fssmall/home/h61084/codes/datasets/time/coastal_t_s_h_part12/config.json applied_keys=['date_col', 'drop_users', 'target_cols']
[2026-08-28 13:56:47,212][evaluation.evaluator][INFO] - skip complete run=/fslarge/scratch/users/h61084/codes/tsfm/outputs_selena/univariate/time-coastal_t_s_h_part12/336_48/persistence/none/instance/keep/run_0
2026-08-28 13:56:49 | configuration dataset=time/coastal_t_s_h_part12 L=336 H=48 model=expected covariates=none instance_norm=true remove_constant=false seed=1 batch_size=512
[2026-08-28 13:56:52,346][data.dataset][INFO] - dataset config path=/fssmall/home/h61084/codes/datasets/time/coastal_t_s_h_part12/config.json applied_keys=['date_col', 'drop_users', 'target_cols']
[2026-08-28 13:56:52,362][evaluation.evaluator][INFO] - skip complete run=/fslarge/scratch/users/h61084/codes/tsfm/outputs_selena/univariate/time-coastal_t_s_h_part12/336_48/expected/none/instance/keep/run_0
2026-08-28 13:56:54 | configuration dataset=time/coastal_t_s_h_part12 L=336 H=48 model=repeat covariates=none instance_norm=true remove_constant=false seed=1 batch_size=512
[2026-08-28 13:56:57,445][data.dataset][INFO] - dataset config path=/fssmall/home/h61084/codes/datasets/time/coastal_t_s_h_part12/config.json applied_keys=['date_col', 'drop_users', 'target_cols']
[2026-08-28 13:56:57,469][evaluation.evaluator][INFO] - skip complete run=/fslarge/scratch/users/h61084/codes/tsfm/outputs_selena/univariate/time-coastal_t_s_h_part12/336_48/repeat/none/instance/keep/run_0
2026-08-28 13:56:59 | configuration dataset=time/coastal_t_s_h_part12 L=336 H=48 model=lookback covariates=none instance_norm=true remove_constant=false seed=1 batch_size=512
[2026-08-28 13:57:02,602][data.dataset][INFO] - dataset config path=/fssmall/home/h61084/codes/datasets/time/coastal_t_s_h_part12/config.json applied_keys=['date_col', 'drop_users', 'target_cols']
[2026-08-28 13:57:02,612][evaluation.evaluator][INFO] - lookback weekly period=168 observations
[2026-08-28 13:57:02,619][evaluation.evaluator][INFO] - skip complete run=/fslarge/scratch/users/h61084/codes/tsfm/outputs_selena/univariate/time-coastal_t_s_h_part12/336_48/lookback/none/instance/keep/run_0
2026-08-28 13:57:05 | configuration dataset=time/coastal_t_s_h_part12 L=336 H=48 model=chronos2 covariates=none instance_norm=true remove_constant=false seed=1 batch_size=64
[2026-08-28 13:57:07,702][data.dataset][INFO] - dataset config path=/fssmall/home/h61084/codes/datasets/time/coastal_t_s_h_part12/config.json applied_keys=['date_col', 'drop_users', 'target_cols']
[2026-08-28 13:57:07,719][evaluation.evaluator][INFO] - skip complete run=/fslarge/scratch/users/h61084/codes/tsfm/outputs_selena/univariate/time-coastal_t_s_h_part12/336_48/chronos2/none/instance/keep/run_0
2026-08-28 13:57:10 | configuration dataset=time/coastal_t_s_h_part12 L=504 H=168 model=persistence covariates=none instance_norm=true remove_constant=false seed=1 batch_size=512
[2026-08-28 13:57:12,776][data.dataset][INFO] - dataset config path=/fssmall/home/h61084/codes/datasets/time/coastal_t_s_h_part12/config.json applied_keys=['date_col', 'drop_users', 'target_cols']
[2026-08-28 13:57:12,792][evaluation.evaluator][INFO] - skip complete run=/fslarge/scratch/users/h61084/codes/tsfm/outputs_selena/univariate/time-coastal_t_s_h_part12/504_168/persistence/none/instance/keep/run_0
2026-08-28 13:57:15 | configuration dataset=time/coastal_t_s_h_part12 L=504 H=168 model=expected covariates=none instance_norm=true remove_constant=false seed=1 batch_size=512
[2026-08-28 13:57:17,888][data.dataset][INFO] - dataset config path=/fssmall/home/h61084/codes/datasets/time/coastal_t_s_h_part12/config.json applied_keys=['date_col', 'drop_users', 'target_cols']
[2026-08-28 13:57:17,905][evaluation.evaluator][INFO] - skip complete run=/fslarge/scratch/users/h61084/codes/tsfm/outputs_selena/univariate/time-coastal_t_s_h_part12/504_168/expected/none/instance/keep/run_0
2026-08-28 13:57:20 | configuration dataset=time/coastal_t_s_h_part12 L=504 H=168 model=repeat covariates=none instance_norm=true remove_constant=false seed=1 batch_size=512
[2026-08-28 13:57:22,946][data.dataset][INFO] - dataset config path=/fssmall/home/h61084/codes/datasets/time/coastal_t_s_h_part12/config.json applied_keys=['date_col', 'drop_users', 'target_cols']
[2026-08-28 13:57:22,962][evaluation.evaluator][INFO] - skip complete run=/fslarge/scratch/users/h61084/codes/tsfm/outputs_selena/univariate/time-coastal_t_s_h_part12/504_168/repeat/none/instance/keep/run_0
2026-08-28 13:57:25 | configuration dataset=time/coastal_t_s_h_part12 L=504 H=168 model=lookback covariates=none instance_norm=true remove_constant=false seed=1 batch_size=512
[2026-08-28 13:57:28,012][data.dataset][INFO] - dataset config path=/fssmall/home/h61084/codes/datasets/time/coastal_t_s_h_part12/config.json applied_keys=['date_col', 'drop_users', 'target_cols']
[2026-08-28 13:57:28,020][evaluation.evaluator][INFO] - lookback weekly period=168 observations
[2026-08-28 13:57:28,027][evaluation.evaluator][INFO] - skip complete run=/fslarge/scratch/users/h61084/codes/tsfm/outputs_selena/univariate/time-coastal_t_s_h_part12/504_168/lookback/none/instance/keep/run_0
2026-08-28 13:57:30 | configuration dataset=time/coastal_t_s_h_part12 L=504 H=168 model=chronos2 covariates=none instance_norm=true remove_constant=false seed=1 batch_size=64
[2026-08-28 13:57:33,054][data.dataset][INFO] - dataset config path=/fssmall/home/h61084/codes/datasets/time/coastal_t_s_h_part12/config.json applied_keys=['date_col', 'drop_users', 'target_cols']
[2026-08-28 13:57:33,070][evaluation.evaluator][INFO] - skip complete run=/fslarge/scratch/users/h61084/codes/tsfm/outputs_selena/univariate/time-coastal_t_s_h_part12/504_168/chronos2/none/instance/keep/run_0
2026-08-28 13:57:35 | configuration dataset=time/coastal_t_s_h_part13 L=168 H=24 model=persistence covariates=none instance_norm=true remove_constant=false seed=1 batch_size=512
[2026-08-28 13:57:38,136][data.dataset][INFO] - dataset config path=/fssmall/home/h61084/codes/datasets/time/coastal_t_s_h_part13/config.json applied_keys=['date_col', 'drop_users', 'target_cols']
[2026-08-28 13:57:38,153][evaluation.evaluator][INFO] - skip complete run=/fslarge/scratch/users/h61084/codes/tsfm/outputs_selena/univariate/time-coastal_t_s_h_part13/168_24/persistence/none/instance/keep/run_0
2026-08-28 13:57:40 | configuration dataset=time/coastal_t_s_h_part13 L=168 H=24 model=expected covariates=none instance_norm=true remove_constant=false seed=1 batch_size=512
[2026-08-28 13:57:43,202][data.dataset][INFO] - dataset config path=/fssmall/home/h61084/codes/datasets/time/coastal_t_s_h_part13/config.json applied_keys=['date_col', 'drop_users', 'target_cols']
[2026-08-28 13:57:43,217][evaluation.evaluator][INFO] - skip complete run=/fslarge/scratch/users/h61084/codes/tsfm/outputs_selena/univariate/time-coastal_t_s_h_part13/168_24/expected/none/instance/keep/run_0
2026-08-28 13:57:45 | configuration dataset=time/coastal_t_s_h_part13 L=168 H=24 model=repeat covariates=none instance_norm=true remove_constant=false seed=1 batch_size=512
[2026-08-28 13:57:48,228][data.dataset][INFO] - dataset config path=/fssmall/home/h61084/codes/datasets/time/coastal_t_s_h_part13/config.json applied_keys=['date_col', 'drop_users', 'target_cols']
[2026-08-28 13:57:48,244][evaluation.evaluator][INFO] - skip complete run=/fslarge/scratch/users/h61084/codes/tsfm/outputs_selena/univariate/time-coastal_t_s_h_part13/168_24/repeat/none/instance/keep/run_0
2026-08-28 13:57:50 | configuration dataset=time/coastal_t_s_h_part13 L=168 H=24 model=lookback covariates=none instance_norm=true remove_constant=false seed=1 batch_size=512
[2026-08-28 13:57:53,287][data.dataset][INFO] - dataset config path=/fssmall/home/h61084/codes/datasets/time/coastal_t_s_h_part13/config.json applied_keys=['date_col', 'drop_users', 'target_cols']
[2026-08-28 13:57:53,297][evaluation.evaluator][INFO] - lookback weekly period=168 observations
[2026-08-28 13:57:53,303][evaluation.evaluator][INFO] - skip complete run=/fslarge/scratch/users/h61084/codes/tsfm/outputs_selena/univariate/time-coastal_t_s_h_part13/168_24/lookback/none/instance/keep/run_0
2026-08-28 13:57:55 | configuration dataset=time/coastal_t_s_h_part13 L=168 H=24 model=chronos2 covariates=none instance_norm=true remove_constant=false seed=1 batch_size=64
[2026-08-28 13:57:58,390][data.dataset][INFO] - dataset config path=/fssmall/home/h61084/codes/datasets/time/coastal_t_s_h_part13/config.json applied_keys=['date_col', 'drop_users', 'target_cols']
[2026-08-28 13:57:58,405][evaluation.evaluator][INFO] - skip complete run=/fslarge/scratch/users/h61084/codes/tsfm/outputs_selena/univariate/time-coastal_t_s_h_part13/168_24/chronos2/none/instance/keep/run_0
2026-08-28 13:58:00 | configuration dataset=time/coastal_t_s_h_part13 L=336 H=48 model=persistence covariates=none instance_norm=true remove_constant=false seed=1 batch_size=512
[2026-08-28 13:58:03,464][data.dataset][INFO] - dataset config path=/fssmall/home/h61084/codes/datasets/time/coastal_t_s_h_part13/config.json applied_keys=['date_col', 'drop_users', 'target_cols']
[2026-08-28 13:58:03,480][evaluation.evaluator][INFO] - skip complete run=/fslarge/scratch/users/h61084/codes/tsfm/outputs_selena/univariate/time-coastal_t_s_h_part13/336_48/persistence/none/instance/keep/run_0
2026-08-28 13:58:05 | configuration dataset=time/coastal_t_s_h_part13 L=336 H=48 model=expected covariates=none instance_norm=true remove_constant=false seed=1 batch_size=512
[2026-08-28 13:58:08,527][data.dataset][INFO] - dataset config path=/fssmall/home/h61084/codes/datasets/time/coastal_t_s_h_part13/config.json applied_keys=['date_col', 'drop_users', 'target_cols']
[2026-08-28 13:58:08,542][evaluation.evaluator][INFO] - skip complete run=/fslarge/scratch/users/h61084/codes/tsfm/outputs_selena/univariate/time-coastal_t_s_h_part13/336_48/expected/none/instance/keep/run_0
2026-08-28 13:58:10 | configuration dataset=time/coastal_t_s_h_part13 L=336 H=48 model=repeat covariates=none instance_norm=true remove_constant=false seed=1 batch_size=512
[2026-08-28 13:58:13,612][data.dataset][INFO] - dataset config path=/fssmall/home/h61084/codes/datasets/time/coastal_t_s_h_part13/config.json applied_keys=['date_col', 'drop_users', 'target_cols']
[2026-08-28 13:58:13,627][evaluation.evaluator][INFO] - skip complete run=/fslarge/scratch/users/h61084/codes/tsfm/outputs_selena/univariate/time-coastal_t_s_h_part13/336_48/repeat/none/instance/keep/run_0
2026-08-28 13:58:15 | configuration dataset=time/coastal_t_s_h_part13 L=336 H=48 model=lookback covariates=none instance_norm=true remove_constant=false seed=1 batch_size=512
[2026-08-28 13:58:18,699][data.dataset][INFO] - dataset config path=/fssmall/home/h61084/codes/datasets/time/coastal_t_s_h_part13/config.json applied_keys=['date_col', 'drop_users', 'target_cols']
[2026-08-28 13:58:18,709][evaluation.evaluator][INFO] - lookback weekly period=168 observations
[2026-08-28 13:58:18,716][evaluation.evaluator][INFO] - skip complete run=/fslarge/scratch/users/h61084/codes/tsfm/outputs_selena/univariate/time-coastal_t_s_h_part13/336_48/lookback/none/instance/keep/run_0
2026-08-28 13:58:21 | configuration dataset=time/coastal_t_s_h_part13 L=336 H=48 model=chronos2 covariates=none instance_norm=true remove_constant=false seed=1 batch_size=64
[2026-08-28 13:58:23,795][data.dataset][INFO] - dataset config path=/fssmall/home/h61084/codes/datasets/time/coastal_t_s_h_part13/config.json applied_keys=['date_col', 'drop_users', 'target_cols']
[2026-08-28 13:58:23,810][evaluation.evaluator][INFO] - skip complete run=/fslarge/scratch/users/h61084/codes/tsfm/outputs_selena/univariate/time-coastal_t_s_h_part13/336_48/chronos2/none/instance/keep/run_0
2026-08-28 13:58:26 | configuration dataset=time/coastal_t_s_h_part13 L=504 H=168 model=persistence covariates=none instance_norm=true remove_constant=false seed=1 batch_size=512
[2026-08-28 13:58:28,906][data.dataset][INFO] - dataset config path=/fssmall/home/h61084/codes/datasets/time/coastal_t_s_h_part13/config.json applied_keys=['date_col', 'drop_users', 'target_cols']
[2026-08-28 13:58:28,922][evaluation.evaluator][INFO] - skip complete run=/fslarge/scratch/users/h61084/codes/tsfm/outputs_selena/univariate/time-coastal_t_s_h_part13/504_168/persistence/none/instance/keep/run_0
2026-08-28 13:58:31 | configuration dataset=time/coastal_t_s_h_part13 L=504 H=168 model=expected covariates=none instance_norm=true remove_constant=false seed=1 batch_size=512
[2026-08-28 13:58:33,957][data.dataset][INFO] - dataset config path=/fssmall/home/h61084/codes/datasets/time/coastal_t_s_h_part13/config.json applied_keys=['date_col', 'drop_users', 'target_cols']
[2026-08-28 13:58:33,974][evaluation.evaluator][INFO] - skip complete run=/fslarge/scratch/users/h61084/codes/tsfm/outputs_selena/univariate/time-coastal_t_s_h_part13/504_168/expected/none/instance/keep/run_0
2026-08-28 13:58:36 | configuration dataset=time/coastal_t_s_h_part13 L=504 H=168 model=repeat covariates=none instance_norm=true remove_constant=false seed=1 batch_size=512
[2026-08-28 13:58:39,039][data.dataset][INFO] - dataset config path=/fssmall/home/h61084/codes/datasets/time/coastal_t_s_h_part13/config.json applied_keys=['date_col', 'drop_users', 'target_cols']
[2026-08-28 13:58:39,055][evaluation.evaluator][INFO] - skip complete run=/fslarge/scratch/users/h61084/codes/tsfm/outputs_selena/univariate/time-coastal_t_s_h_part13/504_168/repeat/none/instance/keep/run_0
2026-08-28 13:58:41 | configuration dataset=time/coastal_t_s_h_part13 L=504 H=168 model=lookback covariates=none instance_norm=true remove_constant=false seed=1 batch_size=512
[2026-08-28 13:58:44,105][data.dataset][INFO] - dataset config path=/fssmall/home/h61084/codes/datasets/time/coastal_t_s_h_part13/config.json applied_keys=['date_col', 'drop_users', 'target_cols']
[2026-08-28 13:58:44,118][evaluation.evaluator][INFO] - lookback weekly period=168 observations
[2026-08-28 13:58:44,124][evaluation.evaluator][INFO] - skip complete run=/fslarge/scratch/users/h61084/codes/tsfm/outputs_selena/univariate/time-coastal_t_s_h_part13/504_168/lookback/none/instance/keep/run_0
2026-08-28 13:58:46 | configuration dataset=time/coastal_t_s_h_part13 L=504 H=168 model=chronos2 covariates=none instance_norm=true remove_constant=false seed=1 batch_size=64
[2026-08-28 13:58:49,153][data.dataset][INFO] - dataset config path=/fssmall/home/h61084/codes/datasets/time/coastal_t_s_h_part13/config.json applied_keys=['date_col', 'drop_users', 'target_cols']
[2026-08-28 13:58:49,171][evaluation.evaluator][INFO] - skip complete run=/fslarge/scratch/users/h61084/codes/tsfm/outputs_selena/univariate/time-coastal_t_s_h_part13/504_168/chronos2/none/instance/keep/run_0
2026-08-28 13:58:51 | configuration dataset=time/coastal_t_s_h_part14 L=168 H=24 model=persistence covariates=none instance_norm=true remove_constant=false seed=1 batch_size=512
[2026-08-28 13:58:54,279][data.dataset][INFO] - dataset config path=/fssmall/home/h61084/codes/datasets/time/coastal_t_s_h_part14/config.json applied_keys=['date_col', 'drop_users', 'target_cols']
[2026-08-28 13:58:54,296][evaluation.evaluator][INFO] - skip complete run=/fslarge/scratch/users/h61084/codes/tsfm/outputs_selena/univariate/time-coastal_t_s_h_part14/168_24/persistence/none/instance/keep/run_0
2026-08-28 13:58:56 | configuration dataset=time/coastal_t_s_h_part14 L=168 H=24 model=expected covariates=none instance_norm=true remove_constant=false seed=1 batch_size=512
[2026-08-28 13:58:59,349][data.dataset][INFO] - dataset config path=/fssmall/home/h61084/codes/datasets/time/coastal_t_s_h_part14/config.json applied_keys=['date_col', 'drop_users', 'target_cols']
[2026-08-28 13:58:59,365][evaluation.evaluator][INFO] - skip complete run=/fslarge/scratch/users/h61084/codes/tsfm/outputs_selena/univariate/time-coastal_t_s_h_part14/168_24/expected/none/instance/keep/run_0
2026-08-28 13:59:01 | configuration dataset=time/coastal_t_s_h_part14 L=168 H=24 model=repeat covariates=none instance_norm=true remove_constant=false seed=1 batch_size=512
[2026-08-28 13:59:04,434][data.dataset][INFO] - dataset config path=/fssmall/home/h61084/codes/datasets/time/coastal_t_s_h_part14/config.json applied_keys=['date_col', 'drop_users', 'target_cols']
[2026-08-28 13:59:04,453][evaluation.evaluator][INFO] - skip complete run=/fslarge/scratch/users/h61084/codes/tsfm/outputs_selena/univariate/time-coastal_t_s_h_part14/168_24/repeat/none/instance/keep/run_0
2026-08-28 13:59:06 | configuration dataset=time/coastal_t_s_h_part14 L=168 H=24 model=lookback covariates=none instance_norm=true remove_constant=false seed=1 batch_size=512
[2026-08-28 13:59:09,548][data.dataset][INFO] - dataset config path=/fssmall/home/h61084/codes/datasets/time/coastal_t_s_h_part14/config.json applied_keys=['date_col', 'drop_users', 'target_cols']
[2026-08-28 13:59:09,558][evaluation.evaluator][INFO] - lookback weekly period=168 observations
[2026-08-28 13:59:09,565][evaluation.evaluator][INFO] - skip complete run=/fslarge/scratch/users/h61084/codes/tsfm/outputs_selena/univariate/time-coastal_t_s_h_part14/168_24/lookback/none/instance/keep/run_0
2026-08-28 13:59:11 | configuration dataset=time/coastal_t_s_h_part14 L=168 H=24 model=chronos2 covariates=none instance_norm=true remove_constant=false seed=1 batch_size=64
[2026-08-28 13:59:14,784][data.dataset][INFO] - dataset config path=/fssmall/home/h61084/codes/datasets/time/coastal_t_s_h_part14/config.json applied_keys=['date_col', 'drop_users', 'target_cols']
[2026-08-28 13:59:14,800][evaluation.evaluator][INFO] - skip complete run=/fslarge/scratch/users/h61084/codes/tsfm/outputs_selena/univariate/time-coastal_t_s_h_part14/168_24/chronos2/none/instance/keep/run_0
2026-08-28 13:59:17 | configuration dataset=time/coastal_t_s_h_part14 L=336 H=48 model=persistence covariates=none instance_norm=true remove_constant=false seed=1 batch_size=512
[2026-08-28 13:59:19,884][data.dataset][INFO] - dataset config path=/fssmall/home/h61084/codes/datasets/time/coastal_t_s_h_part14/config.json applied_keys=['date_col', 'drop_users', 'target_cols']
[2026-08-28 13:59:19,900][evaluation.evaluator][INFO] - skip complete run=/fslarge/scratch/users/h61084/codes/tsfm/outputs_selena/univariate/time-coastal_t_s_h_part14/336_48/persistence/none/instance/keep/run_0
2026-08-28 13:59:22 | configuration dataset=time/coastal_t_s_h_part14 L=336 H=48 model=expected covariates=none instance_norm=true remove_constant=false seed=1 batch_size=512
[2026-08-28 13:59:25,023][data.dataset][INFO] - dataset config path=/fssmall/home/h61084/codes/datasets/time/coastal_t_s_h_part14/config.json applied_keys=['date_col', 'drop_users', 'target_cols']
[2026-08-28 13:59:25,039][evaluation.evaluator][INFO] - skip complete run=/fslarge/scratch/users/h61084/codes/tsfm/outputs_selena/univariate/time-coastal_t_s_h_part14/336_48/expected/none/instance/keep/run_0
2026-08-28 13:59:27 | configuration dataset=time/coastal_t_s_h_part14 L=336 H=48 model=repeat covariates=none instance_norm=true remove_constant=false seed=1 batch_size=512
[2026-08-28 13:59:30,089][data.dataset][INFO] - dataset config path=/fssmall/home/h61084/codes/datasets/time/coastal_t_s_h_part14/config.json applied_keys=['date_col', 'drop_users', 'target_cols']
[2026-08-28 13:59:30,105][evaluation.evaluator][INFO] - skip complete run=/fslarge/scratch/users/h61084/codes/tsfm/outputs_selena/univariate/time-coastal_t_s_h_part14/336_48/repeat/none/instance/keep/run_0
2026-08-28 13:59:32 | configuration dataset=time/coastal_t_s_h_part14 L=336 H=48 model=lookback covariates=none instance_norm=true remove_constant=false seed=1 batch_size=512
[2026-08-28 13:59:35,217][data.dataset][INFO] - dataset config path=/fssmall/home/h61084/codes/datasets/time/coastal_t_s_h_part14/config.json applied_keys=['date_col', 'drop_users', 'target_cols']
[2026-08-28 13:59:35,226][evaluation.evaluator][INFO] - lookback weekly period=168 observations
[2026-08-28 13:59:35,233][evaluation.evaluator][INFO] - skip complete run=/fslarge/scratch/users/h61084/codes/tsfm/outputs_selena/univariate/time-coastal_t_s_h_part14/336_48/lookback/none/instance/keep/run_0
2026-08-28 13:59:37 | configuration dataset=time/coastal_t_s_h_part14 L=336 H=48 model=chronos2 covariates=none instance_norm=true remove_constant=false seed=1 batch_size=64
[2026-08-28 13:59:40,297][data.dataset][INFO] - dataset config path=/fssmall/home/h61084/codes/datasets/time/coastal_t_s_h_part14/config.json applied_keys=['date_col', 'drop_users', 'target_cols']
[2026-08-28 13:59:40,313][evaluation.evaluator][INFO] - skip complete run=/fslarge/scratch/users/h61084/codes/tsfm/outputs_selena/univariate/time-coastal_t_s_h_part14/336_48/chronos2/none/instance/keep/run_0
2026-08-28 13:59:42 | configuration dataset=time/coastal_t_s_h_part14 L=504 H=168 model=persistence covariates=none instance_norm=true remove_constant=false seed=1 batch_size=512
[2026-08-28 13:59:45,383][data.dataset][INFO] - dataset config path=/fssmall/home/h61084/codes/datasets/time/coastal_t_s_h_part14/config.json applied_keys=['date_col', 'drop_users', 'target_cols']
[2026-08-28 13:59:45,400][evaluation.evaluator][INFO] - skip complete run=/fslarge/scratch/users/h61084/codes/tsfm/outputs_selena/univariate/time-coastal_t_s_h_part14/504_168/persistence/none/instance/keep/run_0
2026-08-28 13:59:47 | configuration dataset=time/coastal_t_s_h_part14 L=504 H=168 model=expected covariates=none instance_norm=true remove_constant=false seed=1 batch_size=512
[2026-08-28 13:59:50,456][data.dataset][INFO] - dataset config path=/fssmall/home/h61084/codes/datasets/time/coastal_t_s_h_part14/config.json applied_keys=['date_col', 'drop_users', 'target_cols']
[2026-08-28 13:59:50,471][evaluation.evaluator][INFO] - skip complete run=/fslarge/scratch/users/h61084/codes/tsfm/outputs_selena/univariate/time-coastal_t_s_h_part14/504_168/expected/none/instance/keep/run_0
2026-08-28 13:59:52 | configuration dataset=time/coastal_t_s_h_part14 L=504 H=168 model=repeat covariates=none instance_norm=true remove_constant=false seed=1 batch_size=512
[2026-08-28 13:59:55,611][data.dataset][INFO] - dataset config path=/fssmall/home/h61084/codes/datasets/time/coastal_t_s_h_part14/config.json applied_keys=['date_col', 'drop_users', 'target_cols']
[2026-08-28 13:59:55,627][evaluation.evaluator][INFO] - skip complete run=/fslarge/scratch/users/h61084/codes/tsfm/outputs_selena/univariate/time-coastal_t_s_h_part14/504_168/repeat/none/instance/keep/run_0
2026-08-28 13:59:57 | configuration dataset=time/coastal_t_s_h_part14 L=504 H=168 model=lookback covariates=none instance_norm=true remove_constant=false seed=1 batch_size=512
[2026-08-28 14:00:00,719][data.dataset][INFO] - dataset config path=/fssmall/home/h61084/codes/datasets/time/coastal_t_s_h_part14/config.json applied_keys=['date_col', 'drop_users', 'target_cols']
[2026-08-28 14:00:00,729][evaluation.evaluator][INFO] - lookback weekly period=168 observations
[2026-08-28 14:00:00,736][evaluation.evaluator][INFO] - skip complete run=/fslarge/scratch/users/h61084/codes/tsfm/outputs_selena/univariate/time-coastal_t_s_h_part14/504_168/lookback/none/instance/keep/run_0
2026-08-28 14:00:03 | configuration dataset=time/coastal_t_s_h_part14 L=504 H=168 model=chronos2 covariates=none instance_norm=true remove_constant=false seed=1 batch_size=64
[2026-08-28 14:00:05,812][data.dataset][INFO] - dataset config path=/fssmall/home/h61084/codes/datasets/time/coastal_t_s_h_part14/config.json applied_keys=['date_col', 'drop_users', 'target_cols']
[2026-08-28 14:00:05,828][evaluation.evaluator][INFO] - skip complete run=/fslarge/scratch/users/h61084/codes/tsfm/outputs_selena/univariate/time-coastal_t_s_h_part14/504_168/chronos2/none/instance/keep/run_0
2026-08-28 14:00:08 | configuration dataset=time/coastal_t_s_h_part15 L=168 H=24 model=persistence covariates=none instance_norm=true remove_constant=false seed=1 batch_size=512
[2026-08-28 14:00:10,922][data.dataset][INFO] - dataset config path=/fssmall/home/h61084/codes/datasets/time/coastal_t_s_h_part15/config.json applied_keys=['date_col', 'drop_users', 'target_cols']
[2026-08-28 14:00:10,939][evaluation.evaluator][INFO] - skip complete run=/fslarge/scratch/users/h61084/codes/tsfm/outputs_selena/univariate/time-coastal_t_s_h_part15/168_24/persistence/none/instance/keep/run_0
2026-08-28 14:00:13 | configuration dataset=time/coastal_t_s_h_part15 L=168 H=24 model=expected covariates=none instance_norm=true remove_constant=false seed=1 batch_size=512
[2026-08-28 14:00:15,965][data.dataset][INFO] - dataset config path=/fssmall/home/h61084/codes/datasets/time/coastal_t_s_h_part15/config.json applied_keys=['date_col', 'drop_users', 'target_cols']
[2026-08-28 14:00:15,981][evaluation.evaluator][INFO] - skip complete run=/fslarge/scratch/users/h61084/codes/tsfm/outputs_selena/univariate/time-coastal_t_s_h_part15/168_24/expected/none/instance/keep/run_0
2026-08-28 14:00:18 | configuration dataset=time/coastal_t_s_h_part15 L=168 H=24 model=repeat covariates=none instance_norm=true remove_constant=false seed=1 batch_size=512
[2026-08-28 14:00:21,076][data.dataset][INFO] - dataset config path=/fssmall/home/h61084/codes/datasets/time/coastal_t_s_h_part15/config.json applied_keys=['date_col', 'drop_users', 'target_cols']
[2026-08-28 14:00:21,092][evaluation.evaluator][INFO] - skip complete run=/fslarge/scratch/users/h61084/codes/tsfm/outputs_selena/univariate/time-coastal_t_s_h_part15/168_24/repeat/none/instance/keep/run_0
2026-08-28 14:00:23 | configuration dataset=time/coastal_t_s_h_part15 L=168 H=24 model=lookback covariates=none instance_norm=true remove_constant=false seed=1 batch_size=512
[2026-08-28 14:00:26,150][data.dataset][INFO] - dataset config path=/fssmall/home/h61084/codes/datasets/time/coastal_t_s_h_part15/config.json applied_keys=['date_col', 'drop_users', 'target_cols']
[2026-08-28 14:00:26,159][evaluation.evaluator][INFO] - lookback weekly period=168 observations
[2026-08-28 14:00:26,166][evaluation.evaluator][INFO] - skip complete run=/fslarge/scratch/users/h61084/codes/tsfm/outputs_selena/univariate/time-coastal_t_s_h_part15/168_24/lookback/none/instance/keep/run_0
2026-08-28 14:00:28 | configuration dataset=time/coastal_t_s_h_part15 L=168 H=24 model=chronos2 covariates=none instance_norm=true remove_constant=false seed=1 batch_size=64
[2026-08-28 14:00:31,304][data.dataset][INFO] - dataset config path=/fssmall/home/h61084/codes/datasets/time/coastal_t_s_h_part15/config.json applied_keys=['date_col', 'drop_users', 'target_cols']
[2026-08-28 14:00:31,319][evaluation.evaluator][INFO] - skip complete run=/fslarge/scratch/users/h61084/codes/tsfm/outputs_selena/univariate/time-coastal_t_s_h_part15/168_24/chronos2/none/instance/keep/run_0
2026-08-28 14:00:33 | configuration dataset=time/coastal_t_s_h_part15 L=336 H=48 model=persistence covariates=none instance_norm=true remove_constant=false seed=1 batch_size=512
[2026-08-28 14:00:36,371][data.dataset][INFO] - dataset config path=/fssmall/home/h61084/codes/datasets/time/coastal_t_s_h_part15/config.json applied_keys=['date_col', 'drop_users', 'target_cols']
[2026-08-28 14:00:36,387][evaluation.evaluator][INFO] - skip complete run=/fslarge/scratch/users/h61084/codes/tsfm/outputs_selena/univariate/time-coastal_t_s_h_part15/336_48/persistence/none/instance/keep/run_0
2026-08-28 14:00:38 | configuration dataset=time/coastal_t_s_h_part15 L=336 H=48 model=expected covariates=none instance_norm=true remove_constant=false seed=1 batch_size=512
[2026-08-28 14:00:41,473][data.dataset][INFO] - dataset config path=/fssmall/home/h61084/codes/datasets/time/coastal_t_s_h_part15/config.json applied_keys=['date_col', 'drop_users', 'target_cols']
[2026-08-28 14:00:41,490][evaluation.evaluator][INFO] - skip complete run=/fslarge/scratch/users/h61084/codes/tsfm/outputs_selena/univariate/time-coastal_t_s_h_part15/336_48/expected/none/instance/keep/run_0
2026-08-28 14:00:43 | configuration dataset=time/coastal_t_s_h_part15 L=336 H=48 model=repeat covariates=none instance_norm=true remove_constant=false seed=1 batch_size=512
[2026-08-28 14:00:46,560][data.dataset][INFO] - dataset config path=/fssmall/home/h61084/codes/datasets/time/coastal_t_s_h_part15/config.json applied_keys=['date_col', 'drop_users', 'target_cols']
[2026-08-28 14:00:46,576][evaluation.evaluator][INFO] - skip complete run=/fslarge/scratch/users/h61084/codes/tsfm/outputs_selena/univariate/time-coastal_t_s_h_part15/336_48/repeat/none/instance/keep/run_0
2026-08-28 14:00:48 | configuration dataset=time/coastal_t_s_h_part15 L=336 H=48 model=lookback covariates=none instance_norm=true remove_constant=false seed=1 batch_size=512
[2026-08-28 14:00:51,632][data.dataset][INFO] - dataset config path=/fssmall/home/h61084/codes/datasets/time/coastal_t_s_h_part15/config.json applied_keys=['date_col', 'drop_users', 'target_cols']
[2026-08-28 14:00:51,642][evaluation.evaluator][INFO] - lookback weekly period=168 observations
[2026-08-28 14:00:51,649][evaluation.evaluator][INFO] - skip complete run=/fslarge/scratch/users/h61084/codes/tsfm/outputs_selena/univariate/time-coastal_t_s_h_part15/336_48/lookback/none/instance/keep/run_0
2026-08-28 14:00:54 | configuration dataset=time/coastal_t_s_h_part15 L=336 H=48 model=chronos2 covariates=none instance_norm=true remove_constant=false seed=1 batch_size=64
[2026-08-28 14:00:56,739][data.dataset][INFO] - dataset config path=/fssmall/home/h61084/codes/datasets/time/coastal_t_s_h_part15/config.json applied_keys=['date_col', 'drop_users', 'target_cols']
[2026-08-28 14:00:56,755][evaluation.evaluator][INFO] - skip complete run=/fslarge/scratch/users/h61084/codes/tsfm/outputs_selena/univariate/time-coastal_t_s_h_part15/336_48/chronos2/none/instance/keep/run_0
2026-08-28 14:00:59 | configuration dataset=time/coastal_t_s_h_part15 L=504 H=168 model=persistence covariates=none instance_norm=true remove_constant=false seed=1 batch_size=512
[2026-08-28 14:01:01,913][data.dataset][INFO] - dataset config path=/fssmall/home/h61084/codes/datasets/time/coastal_t_s_h_part15/config.json applied_keys=['date_col', 'drop_users', 'target_cols']
[2026-08-28 14:01:01,928][evaluation.evaluator][INFO] - skip complete run=/fslarge/scratch/users/h61084/codes/tsfm/outputs_selena/univariate/time-coastal_t_s_h_part15/504_168/persistence/none/instance/keep/run_0
2026-08-28 14:01:04 | configuration dataset=time/coastal_t_s_h_part15 L=504 H=168 model=expected covariates=none instance_norm=true remove_constant=false seed=1 batch_size=512
[2026-08-28 14:01:07,035][data.dataset][INFO] - dataset config path=/fssmall/home/h61084/codes/datasets/time/coastal_t_s_h_part15/config.json applied_keys=['date_col', 'drop_users', 'target_cols']
[2026-08-28 14:01:07,051][evaluation.evaluator][INFO] - skip complete run=/fslarge/scratch/users/h61084/codes/tsfm/outputs_selena/univariate/time-coastal_t_s_h_part15/504_168/expected/none/instance/keep/run_0
2026-08-28 14:01:09 | configuration dataset=time/coastal_t_s_h_part15 L=504 H=168 model=repeat covariates=none instance_norm=true remove_constant=false seed=1 batch_size=512
[2026-08-28 14:01:12,115][data.dataset][INFO] - dataset config path=/fssmall/home/h61084/codes/datasets/time/coastal_t_s_h_part15/config.json applied_keys=['date_col', 'drop_users', 'target_cols']
[2026-08-28 14:01:12,132][evaluation.evaluator][INFO] - skip complete run=/fslarge/scratch/users/h61084/codes/tsfm/outputs_selena/univariate/time-coastal_t_s_h_part15/504_168/repeat/none/instance/keep/run_0
2026-08-28 14:01:14 | configuration dataset=time/coastal_t_s_h_part15 L=504 H=168 model=lookback covariates=none instance_norm=true remove_constant=false seed=1 batch_size=512
[2026-08-28 14:01:17,197][data.dataset][INFO] - dataset config path=/fssmall/home/h61084/codes/datasets/time/coastal_t_s_h_part15/config.json applied_keys=['date_col', 'drop_users', 'target_cols']
[2026-08-28 14:01:17,207][evaluation.evaluator][INFO] - lookback weekly period=168 observations
[2026-08-28 14:01:17,214][evaluation.evaluator][INFO] - skip complete run=/fslarge/scratch/users/h61084/codes/tsfm/outputs_selena/univariate/time-coastal_t_s_h_part15/504_168/lookback/none/instance/keep/run_0
2026-08-28 14:01:19 | configuration dataset=time/coastal_t_s_h_part15 L=504 H=168 model=chronos2 covariates=none instance_norm=true remove_constant=false seed=1 batch_size=64
[2026-08-28 14:01:22,307][data.dataset][INFO] - dataset config path=/fssmall/home/h61084/codes/datasets/time/coastal_t_s_h_part15/config.json applied_keys=['date_col', 'drop_users', 'target_cols']
[2026-08-28 14:01:22,323][evaluation.evaluator][INFO] - skip complete run=/fslarge/scratch/users/h61084/codes/tsfm/outputs_selena/univariate/time-coastal_t_s_h_part15/504_168/chronos2/none/instance/keep/run_0
2026-08-28 14:01:24 | configuration dataset=time/coastal_t_s_h_part16 L=168 H=24 model=persistence covariates=none instance_norm=true remove_constant=false seed=1 batch_size=512
[2026-08-28 14:01:27,363][data.dataset][INFO] - dataset config path=/fssmall/home/h61084/codes/datasets/time/coastal_t_s_h_part16/config.json applied_keys=['date_col', 'drop_users', 'target_cols']
[2026-08-28 14:01:27,384][evaluation.evaluator][INFO] - skip complete run=/fslarge/scratch/users/h61084/codes/tsfm/outputs_selena/univariate/time-coastal_t_s_h_part16/168_24/persistence/none/instance/keep/run_0
2026-08-28 14:01:29 | configuration dataset=time/coastal_t_s_h_part16 L=168 H=24 model=expected covariates=none instance_norm=true remove_constant=false seed=1 batch_size=512
[2026-08-28 14:01:32,412][data.dataset][INFO] - dataset config path=/fssmall/home/h61084/codes/datasets/time/coastal_t_s_h_part16/config.json applied_keys=['date_col', 'drop_users', 'target_cols']
[2026-08-28 14:01:32,431][evaluation.evaluator][INFO] - skip complete run=/fslarge/scratch/users/h61084/codes/tsfm/outputs_selena/univariate/time-coastal_t_s_h_part16/168_24/expected/none/instance/keep/run_0
2026-08-28 14:01:34 | configuration dataset=time/coastal_t_s_h_part16 L=168 H=24 model=repeat covariates=none instance_norm=true remove_constant=false seed=1 batch_size=512
[2026-08-28 14:01:37,419][data.dataset][INFO] - dataset config path=/fssmall/home/h61084/codes/datasets/time/coastal_t_s_h_part16/config.json applied_keys=['date_col', 'drop_users', 'target_cols']
[2026-08-28 14:01:37,438][evaluation.evaluator][INFO] - skip complete run=/fslarge/scratch/users/h61084/codes/tsfm/outputs_selena/univariate/time-coastal_t_s_h_part16/168_24/repeat/none/instance/keep/run_0
2026-08-28 14:01:39 | configuration dataset=time/coastal_t_s_h_part16 L=168 H=24 model=lookback covariates=none instance_norm=true remove_constant=false seed=1 batch_size=512
[2026-08-28 14:01:42,499][data.dataset][INFO] - dataset config path=/fssmall/home/h61084/codes/datasets/time/coastal_t_s_h_part16/config.json applied_keys=['date_col', 'drop_users', 'target_cols']
[2026-08-28 14:01:42,513][evaluation.evaluator][INFO] - lookback weekly period=168 observations
[2026-08-28 14:01:42,520][evaluation.evaluator][INFO] - skip complete run=/fslarge/scratch/users/h61084/codes/tsfm/outputs_selena/univariate/time-coastal_t_s_h_part16/168_24/lookback/none/instance/keep/run_0
2026-08-28 14:01:44 | configuration dataset=time/coastal_t_s_h_part16 L=168 H=24 model=chronos2 covariates=none instance_norm=true remove_constant=false seed=1 batch_size=64
[2026-08-28 14:01:47,541][data.dataset][INFO] - dataset config path=/fssmall/home/h61084/codes/datasets/time/coastal_t_s_h_part16/config.json applied_keys=['date_col', 'drop_users', 'target_cols']
[2026-08-28 14:01:47,560][evaluation.evaluator][INFO] - skip complete run=/fslarge/scratch/users/h61084/codes/tsfm/outputs_selena/univariate/time-coastal_t_s_h_part16/168_24/chronos2/none/instance/keep/run_0
2026-08-28 14:01:49 | configuration dataset=time/coastal_t_s_h_part16 L=336 H=48 model=persistence covariates=none instance_norm=true remove_constant=false seed=1 batch_size=512
[2026-08-28 14:01:52,650][data.dataset][INFO] - dataset config path=/fssmall/home/h61084/codes/datasets/time/coastal_t_s_h_part16/config.json applied_keys=['date_col', 'drop_users', 'target_cols']
[2026-08-28 14:01:52,669][evaluation.evaluator][INFO] - skip complete run=/fslarge/scratch/users/h61084/codes/tsfm/outputs_selena/univariate/time-coastal_t_s_h_part16/336_48/persistence/none/instance/keep/run_0
2026-08-28 14:01:54 | configuration dataset=time/coastal_t_s_h_part16 L=336 H=48 model=expected covariates=none instance_norm=true remove_constant=false seed=1 batch_size=512
[2026-08-28 14:01:57,680][data.dataset][INFO] - dataset config path=/fssmall/home/h61084/codes/datasets/time/coastal_t_s_h_part16/config.json applied_keys=['date_col', 'drop_users', 'target_cols']
[2026-08-28 14:01:57,699][evaluation.evaluator][INFO] - skip complete run=/fslarge/scratch/users/h61084/codes/tsfm/outputs_selena/univariate/time-coastal_t_s_h_part16/336_48/expected/none/instance/keep/run_0
2026-08-28 14:02:00 | configuration dataset=time/coastal_t_s_h_part16 L=336 H=48 model=repeat covariates=none instance_norm=true remove_constant=false seed=1 batch_size=512
[2026-08-28 14:02:02,762][data.dataset][INFO] - dataset config path=/fssmall/home/h61084/codes/datasets/time/coastal_t_s_h_part16/config.json applied_keys=['date_col', 'drop_users', 'target_cols']
[2026-08-28 14:02:02,782][evaluation.evaluator][INFO] - skip complete run=/fslarge/scratch/users/h61084/codes/tsfm/outputs_selena/univariate/time-coastal_t_s_h_part16/336_48/repeat/none/instance/keep/run_0
2026-08-28 14:02:05 | configuration dataset=time/coastal_t_s_h_part16 L=336 H=48 model=lookback covariates=none instance_norm=true remove_constant=false seed=1 batch_size=512
[2026-08-28 14:02:07,862][data.dataset][INFO] - dataset config path=/fssmall/home/h61084/codes/datasets/time/coastal_t_s_h_part16/config.json applied_keys=['date_col', 'drop_users', 'target_cols']
[2026-08-28 14:02:07,874][evaluation.evaluator][INFO] - lookback weekly period=168 observations
[2026-08-28 14:02:07,882][evaluation.evaluator][INFO] - skip complete run=/fslarge/scratch/users/h61084/codes/tsfm/outputs_selena/univariate/time-coastal_t_s_h_part16/336_48/lookback/none/instance/keep/run_0
2026-08-28 14:02:10 | configuration dataset=time/coastal_t_s_h_part16 L=336 H=48 model=chronos2 covariates=none instance_norm=true remove_constant=false seed=1 batch_size=64
[2026-08-28 14:02:13,035][data.dataset][INFO] - dataset config path=/fssmall/home/h61084/codes/datasets/time/coastal_t_s_h_part16/config.json applied_keys=['date_col', 'drop_users', 'target_cols']
[2026-08-28 14:02:13,054][evaluation.evaluator][INFO] - skip complete run=/fslarge/scratch/users/h61084/codes/tsfm/outputs_selena/univariate/time-coastal_t_s_h_part16/336_48/chronos2/none/instance/keep/run_0
2026-08-28 14:02:15 | configuration dataset=time/coastal_t_s_h_part16 L=504 H=168 model=persistence covariates=none instance_norm=true remove_constant=false seed=1 batch_size=512
[2026-08-28 14:02:18,119][data.dataset][INFO] - dataset config path=/fssmall/home/h61084/codes/datasets/time/coastal_t_s_h_part16/config.json applied_keys=['date_col', 'drop_users', 'target_cols']
[2026-08-28 14:02:18,138][evaluation.evaluator][INFO] - skip complete run=/fslarge/scratch/users/h61084/codes/tsfm/outputs_selena/univariate/time-coastal_t_s_h_part16/504_168/persistence/none/instance/keep/run_0
2026-08-28 14:02:20 | configuration dataset=time/coastal_t_s_h_part16 L=504 H=168 model=expected covariates=none instance_norm=true remove_constant=false seed=1 batch_size=512
[2026-08-28 14:02:23,188][data.dataset][INFO] - dataset config path=/fssmall/home/h61084/codes/datasets/time/coastal_t_s_h_part16/config.json applied_keys=['date_col', 'drop_users', 'target_cols']
[2026-08-28 14:02:23,208][evaluation.evaluator][INFO] - skip complete run=/fslarge/scratch/users/h61084/codes/tsfm/outputs_selena/univariate/time-coastal_t_s_h_part16/504_168/expected/none/instance/keep/run_0
2026-08-28 14:02:25 | configuration dataset=time/coastal_t_s_h_part16 L=504 H=168 model=repeat covariates=none instance_norm=true remove_constant=false seed=1 batch_size=512
[2026-08-28 14:02:28,229][data.dataset][INFO] - dataset config path=/fssmall/home/h61084/codes/datasets/time/coastal_t_s_h_part16/config.json applied_keys=['date_col', 'drop_users', 'target_cols']
[2026-08-28 14:02:28,248][evaluation.evaluator][INFO] - skip complete run=/fslarge/scratch/users/h61084/codes/tsfm/outputs_selena/univariate/time-coastal_t_s_h_part16/504_168/repeat/none/instance/keep/run_0
2026-08-28 14:02:30 | configuration dataset=time/coastal_t_s_h_part16 L=504 H=168 model=lookback covariates=none instance_norm=true remove_constant=false seed=1 batch_size=512
[2026-08-28 14:02:33,338][data.dataset][INFO] - dataset config path=/fssmall/home/h61084/codes/datasets/time/coastal_t_s_h_part16/config.json applied_keys=['date_col', 'drop_users', 'target_cols']
[2026-08-28 14:02:33,351][evaluation.evaluator][INFO] - lookback weekly period=168 observations
[2026-08-28 14:02:33,359][evaluation.evaluator][INFO] - skip complete run=/fslarge/scratch/users/h61084/codes/tsfm/outputs_selena/univariate/time-coastal_t_s_h_part16/504_168/lookback/none/instance/keep/run_0
2026-08-28 14:02:35 | configuration dataset=time/coastal_t_s_h_part16 L=504 H=168 model=chronos2 covariates=none instance_norm=true remove_constant=false seed=1 batch_size=64
[2026-08-28 14:02:38,451][data.dataset][INFO] - dataset config path=/fssmall/home/h61084/codes/datasets/time/coastal_t_s_h_part16/config.json applied_keys=['date_col', 'drop_users', 'target_cols']
[2026-08-28 14:02:38,471][evaluation.evaluator][INFO] - skip complete run=/fslarge/scratch/users/h61084/codes/tsfm/outputs_selena/univariate/time-coastal_t_s_h_part16/504_168/chronos2/none/instance/keep/run_0
2026-08-28 14:02:40 | configuration dataset=time/coastal_t_s_h_part17 L=168 H=24 model=persistence covariates=none instance_norm=true remove_constant=false seed=1 batch_size=512
[2026-08-28 14:02:43,560][data.dataset][INFO] - dataset config path=/fssmall/home/h61084/codes/datasets/time/coastal_t_s_h_part17/config.json applied_keys=['date_col', 'drop_users', 'target_cols']
[2026-08-28 14:02:43,577][evaluation.evaluator][INFO] - skip complete run=/fslarge/scratch/users/h61084/codes/tsfm/outputs_selena/univariate/time-coastal_t_s_h_part17/168_24/persistence/none/instance/keep/run_0
2026-08-28 14:02:45 | configuration dataset=time/coastal_t_s_h_part17 L=168 H=24 model=expected covariates=none instance_norm=true remove_constant=false seed=1 batch_size=512
[2026-08-28 14:02:48,617][data.dataset][INFO] - dataset config path=/fssmall/home/h61084/codes/datasets/time/coastal_t_s_h_part17/config.json applied_keys=['date_col', 'drop_users', 'target_cols']
[2026-08-28 14:02:48,634][evaluation.evaluator][INFO] - skip complete run=/fslarge/scratch/users/h61084/codes/tsfm/outputs_selena/univariate/time-coastal_t_s_h_part17/168_24/expected/none/instance/keep/run_0
2026-08-28 14:02:50 | configuration dataset=time/coastal_t_s_h_part17 L=168 H=24 model=repeat covariates=none instance_norm=true remove_constant=false seed=1 batch_size=512
[2026-08-28 14:02:53,698][data.dataset][INFO] - dataset config path=/fssmall/home/h61084/codes/datasets/time/coastal_t_s_h_part17/config.json applied_keys=['date_col', 'drop_users', 'target_cols']
[2026-08-28 14:02:53,715][evaluation.evaluator][INFO] - skip complete run=/fslarge/scratch/users/h61084/codes/tsfm/outputs_selena/univariate/time-coastal_t_s_h_part17/168_24/repeat/none/instance/keep/run_0
2026-08-28 14:02:56 | configuration dataset=time/coastal_t_s_h_part17 L=168 H=24 model=lookback covariates=none instance_norm=true remove_constant=false seed=1 batch_size=512
[2026-08-28 14:02:58,781][data.dataset][INFO] - dataset config path=/fssmall/home/h61084/codes/datasets/time/coastal_t_s_h_part17/config.json applied_keys=['date_col', 'drop_users', 'target_cols']
[2026-08-28 14:02:58,791][evaluation.evaluator][INFO] - lookback weekly period=168 observations
[2026-08-28 14:02:58,798][evaluation.evaluator][INFO] - skip complete run=/fslarge/scratch/users/h61084/codes/tsfm/outputs_selena/univariate/time-coastal_t_s_h_part17/168_24/lookback/none/instance/keep/run_0
2026-08-28 14:03:01 | configuration dataset=time/coastal_t_s_h_part17 L=168 H=24 model=chronos2 covariates=none instance_norm=true remove_constant=false seed=1 batch_size=64
[2026-08-28 14:03:03,856][data.dataset][INFO] - dataset config path=/fssmall/home/h61084/codes/datasets/time/coastal_t_s_h_part17/config.json applied_keys=['date_col', 'drop_users', 'target_cols']
[2026-08-28 14:03:03,873][evaluation.evaluator][INFO] - skip complete run=/fslarge/scratch/users/h61084/codes/tsfm/outputs_selena/univariate/time-coastal_t_s_h_part17/168_24/chronos2/none/instance/keep/run_0
2026-08-28 14:03:06 | configuration dataset=time/coastal_t_s_h_part17 L=336 H=48 model=persistence covariates=none instance_norm=true remove_constant=false seed=1 batch_size=512
[2026-08-28 14:03:09,004][data.dataset][INFO] - dataset config path=/fssmall/home/h61084/codes/datasets/time/coastal_t_s_h_part17/config.json applied_keys=['date_col', 'drop_users', 'target_cols']
[2026-08-28 14:03:09,020][evaluation.evaluator][INFO] - skip complete run=/fslarge/scratch/users/h61084/codes/tsfm/outputs_selena/univariate/time-coastal_t_s_h_part17/336_48/persistence/none/instance/keep/run_0
2026-08-28 14:03:11 | configuration dataset=time/coastal_t_s_h_part17 L=336 H=48 model=expected covariates=none instance_norm=true remove_constant=false seed=1 batch_size=512
[2026-08-28 14:03:14,153][data.dataset][INFO] - dataset config path=/fssmall/home/h61084/codes/datasets/time/coastal_t_s_h_part17/config.json applied_keys=['date_col', 'drop_users', 'target_cols']
[2026-08-28 14:03:14,170][evaluation.evaluator][INFO] - skip complete run=/fslarge/scratch/users/h61084/codes/tsfm/outputs_selena/univariate/time-coastal_t_s_h_part17/336_48/expected/none/instance/keep/run_0
2026-08-28 14:03:16 | configuration dataset=time/coastal_t_s_h_part17 L=336 H=48 model=repeat covariates=none instance_norm=true remove_constant=false seed=1 batch_size=512
[2026-08-28 14:03:19,281][data.dataset][INFO] - dataset config path=/fssmall/home/h61084/codes/datasets/time/coastal_t_s_h_part17/config.json applied_keys=['date_col', 'drop_users', 'target_cols']
[2026-08-28 14:03:19,298][evaluation.evaluator][INFO] - skip complete run=/fslarge/scratch/users/h61084/codes/tsfm/outputs_selena/univariate/time-coastal_t_s_h_part17/336_48/repeat/none/instance/keep/run_0
2026-08-28 14:03:21 | configuration dataset=time/coastal_t_s_h_part17 L=336 H=48 model=lookback covariates=none instance_norm=true remove_constant=false seed=1 batch_size=512
[2026-08-28 14:03:24,362][data.dataset][INFO] - dataset config path=/fssmall/home/h61084/codes/datasets/time/coastal_t_s_h_part17/config.json applied_keys=['date_col', 'drop_users', 'target_cols']
[2026-08-28 14:03:24,373][evaluation.evaluator][INFO] - lookback weekly period=168 observations
[2026-08-28 14:03:24,379][evaluation.evaluator][INFO] - skip complete run=/fslarge/scratch/users/h61084/codes/tsfm/outputs_selena/univariate/time-coastal_t_s_h_part17/336_48/lookback/none/instance/keep/run_0
2026-08-28 14:03:26 | configuration dataset=time/coastal_t_s_h_part17 L=336 H=48 model=chronos2 covariates=none instance_norm=true remove_constant=false seed=1 batch_size=64
[2026-08-28 14:03:29,504][data.dataset][INFO] - dataset config path=/fssmall/home/h61084/codes/datasets/time/coastal_t_s_h_part17/config.json applied_keys=['date_col', 'drop_users', 'target_cols']
[2026-08-28 14:03:29,520][evaluation.evaluator][INFO] - skip complete run=/fslarge/scratch/users/h61084/codes/tsfm/outputs_selena/univariate/time-coastal_t_s_h_part17/336_48/chronos2/none/instance/keep/run_0
2026-08-28 14:03:31 | configuration dataset=time/coastal_t_s_h_part17 L=504 H=168 model=persistence covariates=none instance_norm=true remove_constant=false seed=1 batch_size=512
[2026-08-28 14:03:34,615][data.dataset][INFO] - dataset config path=/fssmall/home/h61084/codes/datasets/time/coastal_t_s_h_part17/config.json applied_keys=['date_col', 'drop_users', 'target_cols']
[2026-08-28 14:03:34,632][evaluation.evaluator][INFO] - skip complete run=/fslarge/scratch/users/h61084/codes/tsfm/outputs_selena/univariate/time-coastal_t_s_h_part17/504_168/persistence/none/instance/keep/run_0
2026-08-28 14:03:37 | configuration dataset=time/coastal_t_s_h_part17 L=504 H=168 model=expected covariates=none instance_norm=true remove_constant=false seed=1 batch_size=512
[2026-08-28 14:03:39,712][data.dataset][INFO] - dataset config path=/fssmall/home/h61084/codes/datasets/time/coastal_t_s_h_part17/config.json applied_keys=['date_col', 'drop_users', 'target_cols']
[2026-08-28 14:03:39,729][evaluation.evaluator][INFO] - skip complete run=/fslarge/scratch/users/h61084/codes/tsfm/outputs_selena/univariate/time-coastal_t_s_h_part17/504_168/expected/none/instance/keep/run_0
2026-08-28 14:03:42 | configuration dataset=time/coastal_t_s_h_part17 L=504 H=168 model=repeat covariates=none instance_norm=true remove_constant=false seed=1 batch_size=512
[2026-08-28 14:03:44,807][data.dataset][INFO] - dataset config path=/fssmall/home/h61084/codes/datasets/time/coastal_t_s_h_part17/config.json applied_keys=['date_col', 'drop_users', 'target_cols']
[2026-08-28 14:03:44,823][evaluation.evaluator][INFO] - skip complete run=/fslarge/scratch/users/h61084/codes/tsfm/outputs_selena/univariate/time-coastal_t_s_h_part17/504_168/repeat/none/instance/keep/run_0
2026-08-28 14:03:47 | configuration dataset=time/coastal_t_s_h_part17 L=504 H=168 model=lookback covariates=none instance_norm=true remove_constant=false seed=1 batch_size=512
[2026-08-28 14:03:49,877][data.dataset][INFO] - dataset config path=/fssmall/home/h61084/codes/datasets/time/coastal_t_s_h_part17/config.json applied_keys=['date_col', 'drop_users', 'target_cols']
[2026-08-28 14:03:49,887][evaluation.evaluator][INFO] - lookback weekly period=168 observations
[2026-08-28 14:03:49,894][evaluation.evaluator][INFO] - skip complete run=/fslarge/scratch/users/h61084/codes/tsfm/outputs_selena/univariate/time-coastal_t_s_h_part17/504_168/lookback/none/instance/keep/run_0
2026-08-28 14:03:52 | configuration dataset=time/coastal_t_s_h_part17 L=504 H=168 model=chronos2 covariates=none instance_norm=true remove_constant=false seed=1 batch_size=64
[2026-08-28 14:03:54,959][data.dataset][INFO] - dataset config path=/fssmall/home/h61084/codes/datasets/time/coastal_t_s_h_part17/config.json applied_keys=['date_col', 'drop_users', 'target_cols']
[2026-08-28 14:03:54,976][evaluation.evaluator][INFO] - skip complete run=/fslarge/scratch/users/h61084/codes/tsfm/outputs_selena/univariate/time-coastal_t_s_h_part17/504_168/chronos2/none/instance/keep/run_0
2026-08-28 14:03:57 | configuration dataset=time/coastal_t_s_h_part18 L=168 H=24 model=persistence covariates=none instance_norm=true remove_constant=false seed=1 batch_size=512
[2026-08-28 14:04:00,058][data.dataset][INFO] - dataset config path=/fssmall/home/h61084/codes/datasets/time/coastal_t_s_h_part18/config.json applied_keys=['date_col', 'drop_users', 'target_cols']
[2026-08-28 14:04:00,073][evaluation.evaluator][INFO] - skip complete run=/fslarge/scratch/users/h61084/codes/tsfm/outputs_selena/univariate/time-coastal_t_s_h_part18/168_24/persistence/none/instance/keep/run_0
2026-08-28 14:04:02 | configuration dataset=time/coastal_t_s_h_part18 L=168 H=24 model=expected covariates=none instance_norm=true remove_constant=false seed=1 batch_size=512
[2026-08-28 14:04:05,197][data.dataset][INFO] - dataset config path=/fssmall/home/h61084/codes/datasets/time/coastal_t_s_h_part18/config.json applied_keys=['date_col', 'drop_users', 'target_cols']
[2026-08-28 14:04:05,211][evaluation.evaluator][INFO] - skip complete run=/fslarge/scratch/users/h61084/codes/tsfm/outputs_selena/univariate/time-coastal_t_s_h_part18/168_24/expected/none/instance/keep/run_0
2026-08-28 14:04:07 | configuration dataset=time/coastal_t_s_h_part18 L=168 H=24 model=repeat covariates=none instance_norm=true remove_constant=false seed=1 batch_size=512
[2026-08-28 14:04:10,287][data.dataset][INFO] - dataset config path=/fssmall/home/h61084/codes/datasets/time/coastal_t_s_h_part18/config.json applied_keys=['date_col', 'drop_users', 'target_cols']
[2026-08-28 14:04:10,302][evaluation.evaluator][INFO] - skip complete run=/fslarge/scratch/users/h61084/codes/tsfm/outputs_selena/univariate/time-coastal_t_s_h_part18/168_24/repeat/none/instance/keep/run_0
2026-08-28 14:04:12 | configuration dataset=time/coastal_t_s_h_part18 L=168 H=24 model=lookback covariates=none instance_norm=true remove_constant=false seed=1 batch_size=512
[2026-08-28 14:04:15,428][data.dataset][INFO] - dataset config path=/fssmall/home/h61084/codes/datasets/time/coastal_t_s_h_part18/config.json applied_keys=['date_col', 'drop_users', 'target_cols']
[2026-08-28 14:04:15,437][evaluation.evaluator][INFO] - lookback weekly period=168 observations
[2026-08-28 14:04:15,444][evaluation.evaluator][INFO] - skip complete run=/fslarge/scratch/users/h61084/codes/tsfm/outputs_selena/univariate/time-coastal_t_s_h_part18/168_24/lookback/none/instance/keep/run_0
2026-08-28 14:04:17 | configuration dataset=time/coastal_t_s_h_part18 L=168 H=24 model=chronos2 covariates=none instance_norm=true remove_constant=false seed=1 batch_size=64
[2026-08-28 14:04:20,571][data.dataset][INFO] - dataset config path=/fssmall/home/h61084/codes/datasets/time/coastal_t_s_h_part18/config.json applied_keys=['date_col', 'drop_users', 'target_cols']
[2026-08-28 14:04:20,586][evaluation.evaluator][INFO] - skip complete run=/fslarge/scratch/users/h61084/codes/tsfm/outputs_selena/univariate/time-coastal_t_s_h_part18/168_24/chronos2/none/instance/keep/run_0
2026-08-28 14:04:22 | configuration dataset=time/coastal_t_s_h_part18 L=336 H=48 model=persistence covariates=none instance_norm=true remove_constant=false seed=1 batch_size=512
[2026-08-28 14:04:25,696][data.dataset][INFO] - dataset config path=/fssmall/home/h61084/codes/datasets/time/coastal_t_s_h_part18/config.json applied_keys=['date_col', 'drop_users', 'target_cols']
[2026-08-28 14:04:25,711][evaluation.evaluator][INFO] - skip complete run=/fslarge/scratch/users/h61084/codes/tsfm/outputs_selena/univariate/time-coastal_t_s_h_part18/336_48/persistence/none/instance/keep/run_0
2026-08-28 14:04:28 | configuration dataset=time/coastal_t_s_h_part18 L=336 H=48 model=expected covariates=none instance_norm=true remove_constant=false seed=1 batch_size=512
[2026-08-28 14:04:30,859][data.dataset][INFO] - dataset config path=/fssmall/home/h61084/codes/datasets/time/coastal_t_s_h_part18/config.json applied_keys=['date_col', 'drop_users', 'target_cols']
[2026-08-28 14:04:30,875][evaluation.evaluator][INFO] - skip complete run=/fslarge/scratch/users/h61084/codes/tsfm/outputs_selena/univariate/time-coastal_t_s_h_part18/336_48/expected/none/instance/keep/run_0
2026-08-28 14:04:33 | configuration dataset=time/coastal_t_s_h_part18 L=336 H=48 model=repeat covariates=none instance_norm=true remove_constant=false seed=1 batch_size=512
[2026-08-28 14:04:35,944][data.dataset][INFO] - dataset config path=/fssmall/home/h61084/codes/datasets/time/coastal_t_s_h_part18/config.json applied_keys=['date_col', 'drop_users', 'target_cols']
[2026-08-28 14:04:35,959][evaluation.evaluator][INFO] - skip complete run=/fslarge/scratch/users/h61084/codes/tsfm/outputs_selena/univariate/time-coastal_t_s_h_part18/336_48/repeat/none/instance/keep/run_0
2026-08-28 14:04:38 | configuration dataset=time/coastal_t_s_h_part18 L=336 H=48 model=lookback covariates=none instance_norm=true remove_constant=false seed=1 batch_size=512
[2026-08-28 14:04:41,021][data.dataset][INFO] - dataset config path=/fssmall/home/h61084/codes/datasets/time/coastal_t_s_h_part18/config.json applied_keys=['date_col', 'drop_users', 'target_cols']
[2026-08-28 14:04:41,029][evaluation.evaluator][INFO] - lookback weekly period=168 observations
[2026-08-28 14:04:41,036][evaluation.evaluator][INFO] - skip complete run=/fslarge/scratch/users/h61084/codes/tsfm/outputs_selena/univariate/time-coastal_t_s_h_part18/336_48/lookback/none/instance/keep/run_0
2026-08-28 14:04:43 | configuration dataset=time/coastal_t_s_h_part18 L=336 H=48 model=chronos2 covariates=none instance_norm=true remove_constant=false seed=1 batch_size=64
[2026-08-28 14:04:46,137][data.dataset][INFO] - dataset config path=/fssmall/home/h61084/codes/datasets/time/coastal_t_s_h_part18/config.json applied_keys=['date_col', 'drop_users', 'target_cols']
[2026-08-28 14:04:46,152][evaluation.evaluator][INFO] - skip complete run=/fslarge/scratch/users/h61084/codes/tsfm/outputs_selena/univariate/time-coastal_t_s_h_part18/336_48/chronos2/none/instance/keep/run_0
2026-08-28 14:04:48 | configuration dataset=time/coastal_t_s_h_part18 L=504 H=168 model=persistence covariates=none instance_norm=true remove_constant=false seed=1 batch_size=512
[2026-08-28 14:04:51,227][data.dataset][INFO] - dataset config path=/fssmall/home/h61084/codes/datasets/time/coastal_t_s_h_part18/config.json applied_keys=['date_col', 'drop_users', 'target_cols']
[2026-08-28 14:04:51,242][evaluation.evaluator][INFO] - skip complete run=/fslarge/scratch/users/h61084/codes/tsfm/outputs_selena/univariate/time-coastal_t_s_h_part18/504_168/persistence/none/instance/keep/run_0
2026-08-28 14:04:53 | configuration dataset=time/coastal_t_s_h_part18 L=504 H=168 model=expected covariates=none instance_norm=true remove_constant=false seed=1 batch_size=512
[2026-08-28 14:04:56,286][data.dataset][INFO] - dataset config path=/fssmall/home/h61084/codes/datasets/time/coastal_t_s_h_part18/config.json applied_keys=['date_col', 'drop_users', 'target_cols']
[2026-08-28 14:04:56,303][evaluation.evaluator][INFO] - skip complete run=/fslarge/scratch/users/h61084/codes/tsfm/outputs_selena/univariate/time-coastal_t_s_h_part18/504_168/expected/none/instance/keep/run_0
2026-08-28 14:04:58 | configuration dataset=time/coastal_t_s_h_part18 L=504 H=168 model=repeat covariates=none instance_norm=true remove_constant=false seed=1 batch_size=512
[2026-08-28 14:05:01,388][data.dataset][INFO] - dataset config path=/fssmall/home/h61084/codes/datasets/time/coastal_t_s_h_part18/config.json applied_keys=['date_col', 'drop_users', 'target_cols']
[2026-08-28 14:05:01,402][evaluation.evaluator][INFO] - skip complete run=/fslarge/scratch/users/h61084/codes/tsfm/outputs_selena/univariate/time-coastal_t_s_h_part18/504_168/repeat/none/instance/keep/run_0
2026-08-28 14:05:03 | configuration dataset=time/coastal_t_s_h_part18 L=504 H=168 model=lookback covariates=none instance_norm=true remove_constant=false seed=1 batch_size=512
[2026-08-28 14:05:06,469][data.dataset][INFO] - dataset config path=/fssmall/home/h61084/codes/datasets/time/coastal_t_s_h_part18/config.json applied_keys=['date_col', 'drop_users', 'target_cols']
[2026-08-28 14:05:06,478][evaluation.evaluator][INFO] - lookback weekly period=168 observations
[2026-08-28 14:05:06,484][evaluation.evaluator][INFO] - skip complete run=/fslarge/scratch/users/h61084/codes/tsfm/outputs_selena/univariate/time-coastal_t_s_h_part18/504_168/lookback/none/instance/keep/run_0
2026-08-28 14:05:08 | configuration dataset=time/coastal_t_s_h_part18 L=504 H=168 model=chronos2 covariates=none instance_norm=true remove_constant=false seed=1 batch_size=64
[2026-08-28 14:05:11,580][data.dataset][INFO] - dataset config path=/fssmall/home/h61084/codes/datasets/time/coastal_t_s_h_part18/config.json applied_keys=['date_col', 'drop_users', 'target_cols']
[2026-08-28 14:05:11,595][evaluation.evaluator][INFO] - skip complete run=/fslarge/scratch/users/h61084/codes/tsfm/outputs_selena/univariate/time-coastal_t_s_h_part18/504_168/chronos2/none/instance/keep/run_0
2026-08-28 14:05:13 | configuration dataset=time/coastal_t_s_h_part19 L=168 H=24 model=persistence covariates=none instance_norm=true remove_constant=false seed=1 batch_size=512
[2026-08-28 14:05:16,661][data.dataset][INFO] - dataset config path=/fssmall/home/h61084/codes/datasets/time/coastal_t_s_h_part19/config.json applied_keys=['date_col', 'drop_users', 'target_cols']
[2026-08-28 14:05:16,679][evaluation.evaluator][INFO] - skip complete run=/fslarge/scratch/users/h61084/codes/tsfm/outputs_selena/univariate/time-coastal_t_s_h_part19/168_24/persistence/none/instance/keep/run_0
2026-08-28 14:05:19 | configuration dataset=time/coastal_t_s_h_part19 L=168 H=24 model=expected covariates=none instance_norm=true remove_constant=false seed=1 batch_size=512
[2026-08-28 14:05:21,749][data.dataset][INFO] - dataset config path=/fssmall/home/h61084/codes/datasets/time/coastal_t_s_h_part19/config.json applied_keys=['date_col', 'drop_users', 'target_cols']
[2026-08-28 14:05:21,764][evaluation.evaluator][INFO] - skip complete run=/fslarge/scratch/users/h61084/codes/tsfm/outputs_selena/univariate/time-coastal_t_s_h_part19/168_24/expected/none/instance/keep/run_0
2026-08-28 14:05:24 | configuration dataset=time/coastal_t_s_h_part19 L=168 H=24 model=repeat covariates=none instance_norm=true remove_constant=false seed=1 batch_size=512
[2026-08-28 14:05:26,864][data.dataset][INFO] - dataset config path=/fssmall/home/h61084/codes/datasets/time/coastal_t_s_h_part19/config.json applied_keys=['date_col', 'drop_users', 'target_cols']
[2026-08-28 14:05:26,878][evaluation.evaluator][INFO] - skip complete run=/fslarge/scratch/users/h61084/codes/tsfm/outputs_selena/univariate/time-coastal_t_s_h_part19/168_24/repeat/none/instance/keep/run_0
2026-08-28 14:05:29 | configuration dataset=time/coastal_t_s_h_part19 L=168 H=24 model=lookback covariates=none instance_norm=true remove_constant=false seed=1 batch_size=512
[2026-08-28 14:05:31,944][data.dataset][INFO] - dataset config path=/fssmall/home/h61084/codes/datasets/time/coastal_t_s_h_part19/config.json applied_keys=['date_col', 'drop_users', 'target_cols']
[2026-08-28 14:05:31,952][evaluation.evaluator][INFO] - lookback weekly period=168 observations
[2026-08-28 14:05:31,959][evaluation.evaluator][INFO] - skip complete run=/fslarge/scratch/users/h61084/codes/tsfm/outputs_selena/univariate/time-coastal_t_s_h_part19/168_24/lookback/none/instance/keep/run_0
2026-08-28 14:05:34 | configuration dataset=time/coastal_t_s_h_part19 L=168 H=24 model=chronos2 covariates=none instance_norm=true remove_constant=false seed=1 batch_size=64
[2026-08-28 14:05:37,048][data.dataset][INFO] - dataset config path=/fssmall/home/h61084/codes/datasets/time/coastal_t_s_h_part19/config.json applied_keys=['date_col', 'drop_users', 'target_cols']
[2026-08-28 14:05:37,062][evaluation.evaluator][INFO] - skip complete run=/fslarge/scratch/users/h61084/codes/tsfm/outputs_selena/univariate/time-coastal_t_s_h_part19/168_24/chronos2/none/instance/keep/run_0
2026-08-28 14:05:39 | configuration dataset=time/coastal_t_s_h_part19 L=336 H=48 model=persistence covariates=none instance_norm=true remove_constant=false seed=1 batch_size=512
[2026-08-28 14:05:42,147][data.dataset][INFO] - dataset config path=/fssmall/home/h61084/codes/datasets/time/coastal_t_s_h_part19/config.json applied_keys=['date_col', 'drop_users', 'target_cols']
[2026-08-28 14:05:42,161][evaluation.evaluator][INFO] - skip complete run=/fslarge/scratch/users/h61084/codes/tsfm/outputs_selena/univariate/time-coastal_t_s_h_part19/336_48/persistence/none/instance/keep/run_0
2026-08-28 14:05:44 | configuration dataset=time/coastal_t_s_h_part19 L=336 H=48 model=expected covariates=none instance_norm=true remove_constant=false seed=1 batch_size=512
[2026-08-28 14:05:47,263][data.dataset][INFO] - dataset config path=/fssmall/home/h61084/codes/datasets/time/coastal_t_s_h_part19/config.json applied_keys=['date_col', 'drop_users', 'target_cols']
[2026-08-28 14:05:47,277][evaluation.evaluator][INFO] - skip complete run=/fslarge/scratch/users/h61084/codes/tsfm/outputs_selena/univariate/time-coastal_t_s_h_part19/336_48/expected/none/instance/keep/run_0
2026-08-28 14:05:49 | configuration dataset=time/coastal_t_s_h_part19 L=336 H=48 model=repeat covariates=none instance_norm=true remove_constant=false seed=1 batch_size=512
[2026-08-28 14:05:52,353][data.dataset][INFO] - dataset config path=/fssmall/home/h61084/codes/datasets/time/coastal_t_s_h_part19/config.json applied_keys=['date_col', 'drop_users', 'target_cols']
[2026-08-28 14:05:52,367][evaluation.evaluator][INFO] - skip complete run=/fslarge/scratch/users/h61084/codes/tsfm/outputs_selena/univariate/time-coastal_t_s_h_part19/336_48/repeat/none/instance/keep/run_0
2026-08-28 14:05:54 | configuration dataset=time/coastal_t_s_h_part19 L=336 H=48 model=lookback covariates=none instance_norm=true remove_constant=false seed=1 batch_size=512
[2026-08-28 14:05:57,444][data.dataset][INFO] - dataset config path=/fssmall/home/h61084/codes/datasets/time/coastal_t_s_h_part19/config.json applied_keys=['date_col', 'drop_users', 'target_cols']
[2026-08-28 14:05:57,452][evaluation.evaluator][INFO] - lookback weekly period=168 observations
[2026-08-28 14:05:57,459][evaluation.evaluator][INFO] - skip complete run=/fslarge/scratch/users/h61084/codes/tsfm/outputs_selena/univariate/time-coastal_t_s_h_part19/336_48/lookback/none/instance/keep/run_0
2026-08-28 14:05:59 | configuration dataset=time/coastal_t_s_h_part19 L=336 H=48 model=chronos2 covariates=none instance_norm=true remove_constant=false seed=1 batch_size=64
[2026-08-28 14:06:02,559][data.dataset][INFO] - dataset config path=/fssmall/home/h61084/codes/datasets/time/coastal_t_s_h_part19/config.json applied_keys=['date_col', 'drop_users', 'target_cols']
[2026-08-28 14:06:02,573][evaluation.evaluator][INFO] - skip complete run=/fslarge/scratch/users/h61084/codes/tsfm/outputs_selena/univariate/time-coastal_t_s_h_part19/336_48/chronos2/none/instance/keep/run_0
2026-08-28 14:06:04 | configuration dataset=time/coastal_t_s_h_part19 L=504 H=168 model=persistence covariates=none instance_norm=true remove_constant=false seed=1 batch_size=512
[2026-08-28 14:06:07,691][data.dataset][INFO] - dataset config path=/fssmall/home/h61084/codes/datasets/time/coastal_t_s_h_part19/config.json applied_keys=['date_col', 'drop_users', 'target_cols']
[2026-08-28 14:06:07,706][evaluation.evaluator][INFO] - skip complete run=/fslarge/scratch/users/h61084/codes/tsfm/outputs_selena/univariate/time-coastal_t_s_h_part19/504_168/persistence/none/instance/keep/run_0
2026-08-28 14:06:10 | configuration dataset=time/coastal_t_s_h_part19 L=504 H=168 model=expected covariates=none instance_norm=true remove_constant=false seed=1 batch_size=512
[2026-08-28 14:06:12,748][data.dataset][INFO] - dataset config path=/fssmall/home/h61084/codes/datasets/time/coastal_t_s_h_part19/config.json applied_keys=['date_col', 'drop_users', 'target_cols']
[2026-08-28 14:06:12,762][evaluation.evaluator][INFO] - skip complete run=/fslarge/scratch/users/h61084/codes/tsfm/outputs_selena/univariate/time-coastal_t_s_h_part19/504_168/expected/none/instance/keep/run_0
2026-08-28 14:06:15 | configuration dataset=time/coastal_t_s_h_part19 L=504 H=168 model=repeat covariates=none instance_norm=true remove_constant=false seed=1 batch_size=512
[2026-08-28 14:06:17,852][data.dataset][INFO] - dataset config path=/fssmall/home/h61084/codes/datasets/time/coastal_t_s_h_part19/config.json applied_keys=['date_col', 'drop_users', 'target_cols']
[2026-08-28 14:06:17,867][evaluation.evaluator][INFO] - skip complete run=/fslarge/scratch/users/h61084/codes/tsfm/outputs_selena/univariate/time-coastal_t_s_h_part19/504_168/repeat/none/instance/keep/run_0
2026-08-28 14:06:20 | configuration dataset=time/coastal_t_s_h_part19 L=504 H=168 model=lookback covariates=none instance_norm=true remove_constant=false seed=1 batch_size=512
[2026-08-28 14:06:22,966][data.dataset][INFO] - dataset config path=/fssmall/home/h61084/codes/datasets/time/coastal_t_s_h_part19/config.json applied_keys=['date_col', 'drop_users', 'target_cols']
[2026-08-28 14:06:22,974][evaluation.evaluator][INFO] - lookback weekly period=168 observations
[2026-08-28 14:06:22,981][evaluation.evaluator][INFO] - skip complete run=/fslarge/scratch/users/h61084/codes/tsfm/outputs_selena/univariate/time-coastal_t_s_h_part19/504_168/lookback/none/instance/keep/run_0
2026-08-28 14:06:25 | configuration dataset=time/coastal_t_s_h_part19 L=504 H=168 model=chronos2 covariates=none instance_norm=true remove_constant=false seed=1 batch_size=64
[2026-08-28 14:06:28,062][data.dataset][INFO] - dataset config path=/fssmall/home/h61084/codes/datasets/time/coastal_t_s_h_part19/config.json applied_keys=['date_col', 'drop_users', 'target_cols']
[2026-08-28 14:06:28,076][evaluation.evaluator][INFO] - skip complete run=/fslarge/scratch/users/h61084/codes/tsfm/outputs_selena/univariate/time-coastal_t_s_h_part19/504_168/chronos2/none/instance/keep/run_0
2026-08-28 14:06:30 | configuration dataset=time/coastal_t_s_h_part20 L=168 H=24 model=persistence covariates=none instance_norm=true remove_constant=false seed=1 batch_size=512
[2026-08-28 14:06:33,198][data.dataset][INFO] - dataset config path=/fssmall/home/h61084/codes/datasets/time/coastal_t_s_h_part20/config.json applied_keys=['date_col', 'drop_users', 'target_cols']
[2026-08-28 14:06:33,216][evaluation.evaluator][INFO] - skip complete run=/fslarge/scratch/users/h61084/codes/tsfm/outputs_selena/univariate/time-coastal_t_s_h_part20/168_24/persistence/none/instance/keep/run_0
2026-08-28 14:06:35 | configuration dataset=time/coastal_t_s_h_part20 L=168 H=24 model=expected covariates=none instance_norm=true remove_constant=false seed=1 batch_size=512
[2026-08-28 14:06:38,309][data.dataset][INFO] - dataset config path=/fssmall/home/h61084/codes/datasets/time/coastal_t_s_h_part20/config.json applied_keys=['date_col', 'drop_users', 'target_cols']
[2026-08-28 14:06:38,325][evaluation.evaluator][INFO] - skip complete run=/fslarge/scratch/users/h61084/codes/tsfm/outputs_selena/univariate/time-coastal_t_s_h_part20/168_24/expected/none/instance/keep/run_0
2026-08-28 14:06:40 | configuration dataset=time/coastal_t_s_h_part20 L=168 H=24 model=repeat covariates=none instance_norm=true remove_constant=false seed=1 batch_size=512
[2026-08-28 14:06:43,398][data.dataset][INFO] - dataset config path=/fssmall/home/h61084/codes/datasets/time/coastal_t_s_h_part20/config.json applied_keys=['date_col', 'drop_users', 'target_cols']
[2026-08-28 14:06:43,415][evaluation.evaluator][INFO] - skip complete run=/fslarge/scratch/users/h61084/codes/tsfm/outputs_selena/univariate/time-coastal_t_s_h_part20/168_24/repeat/none/instance/keep/run_0
2026-08-28 14:06:45 | configuration dataset=time/coastal_t_s_h_part20 L=168 H=24 model=lookback covariates=none instance_norm=true remove_constant=false seed=1 batch_size=512
[2026-08-28 14:06:48,494][data.dataset][INFO] - dataset config path=/fssmall/home/h61084/codes/datasets/time/coastal_t_s_h_part20/config.json applied_keys=['date_col', 'drop_users', 'target_cols']
[2026-08-28 14:06:48,504][evaluation.evaluator][INFO] - lookback weekly period=168 observations
[2026-08-28 14:06:48,511][evaluation.evaluator][INFO] - skip complete run=/fslarge/scratch/users/h61084/codes/tsfm/outputs_selena/univariate/time-coastal_t_s_h_part20/168_24/lookback/none/instance/keep/run_0
2026-08-28 14:06:50 | configuration dataset=time/coastal_t_s_h_part20 L=168 H=24 model=chronos2 covariates=none instance_norm=true remove_constant=false seed=1 batch_size=64
[2026-08-28 14:06:53,594][data.dataset][INFO] - dataset config path=/fssmall/home/h61084/codes/datasets/time/coastal_t_s_h_part20/config.json applied_keys=['date_col', 'drop_users', 'target_cols']
[2026-08-28 14:06:53,611][evaluation.evaluator][INFO] - skip complete run=/fslarge/scratch/users/h61084/codes/tsfm/outputs_selena/univariate/time-coastal_t_s_h_part20/168_24/chronos2/none/instance/keep/run_0
2026-08-28 14:06:55 | configuration dataset=time/coastal_t_s_h_part20 L=336 H=48 model=persistence covariates=none instance_norm=true remove_constant=false seed=1 batch_size=512
[2026-08-28 14:06:58,696][data.dataset][INFO] - dataset config path=/fssmall/home/h61084/codes/datasets/time/coastal_t_s_h_part20/config.json applied_keys=['date_col', 'drop_users', 'target_cols']
[2026-08-28 14:06:58,712][evaluation.evaluator][INFO] - skip complete run=/fslarge/scratch/users/h61084/codes/tsfm/outputs_selena/univariate/time-coastal_t_s_h_part20/336_48/persistence/none/instance/keep/run_0
2026-08-28 14:07:01 | configuration dataset=time/coastal_t_s_h_part20 L=336 H=48 model=expected covariates=none instance_norm=true remove_constant=false seed=1 batch_size=512
[2026-08-28 14:07:03,840][data.dataset][INFO] - dataset config path=/fssmall/home/h61084/codes/datasets/time/coastal_t_s_h_part20/config.json applied_keys=['date_col', 'drop_users', 'target_cols']
[2026-08-28 14:07:03,858][evaluation.evaluator][INFO] - skip complete run=/fslarge/scratch/users/h61084/codes/tsfm/outputs_selena/univariate/time-coastal_t_s_h_part20/336_48/expected/none/instance/keep/run_0
2026-08-28 14:07:06 | configuration dataset=time/coastal_t_s_h_part20 L=336 H=48 model=repeat covariates=none instance_norm=true remove_constant=false seed=1 batch_size=512
[2026-08-28 14:07:08,963][data.dataset][INFO] - dataset config path=/fssmall/home/h61084/codes/datasets/time/coastal_t_s_h_part20/config.json applied_keys=['date_col', 'drop_users', 'target_cols']
[2026-08-28 14:07:08,980][evaluation.evaluator][INFO] - skip complete run=/fslarge/scratch/users/h61084/codes/tsfm/outputs_selena/univariate/time-coastal_t_s_h_part20/336_48/repeat/none/instance/keep/run_0
2026-08-28 14:07:11 | configuration dataset=time/coastal_t_s_h_part20 L=336 H=48 model=lookback covariates=none instance_norm=true remove_constant=false seed=1 batch_size=512
[2026-08-28 14:07:14,107][data.dataset][INFO] - dataset config path=/fssmall/home/h61084/codes/datasets/time/coastal_t_s_h_part20/config.json applied_keys=['date_col', 'drop_users', 'target_cols']
[2026-08-28 14:07:14,122][evaluation.evaluator][INFO] - lookback weekly period=168 observations
[2026-08-28 14:07:14,129][evaluation.evaluator][INFO] - skip complete run=/fslarge/scratch/users/h61084/codes/tsfm/outputs_selena/univariate/time-coastal_t_s_h_part20/336_48/lookback/none/instance/keep/run_0
2026-08-28 14:07:16 | configuration dataset=time/coastal_t_s_h_part20 L=336 H=48 model=chronos2 covariates=none instance_norm=true remove_constant=false seed=1 batch_size=64
[2026-08-28 14:07:19,211][data.dataset][INFO] - dataset config path=/fssmall/home/h61084/codes/datasets/time/coastal_t_s_h_part20/config.json applied_keys=['date_col', 'drop_users', 'target_cols']
[2026-08-28 14:07:19,228][evaluation.evaluator][INFO] - skip complete run=/fslarge/scratch/users/h61084/codes/tsfm/outputs_selena/univariate/time-coastal_t_s_h_part20/336_48/chronos2/none/instance/keep/run_0
2026-08-28 14:07:21 | configuration dataset=time/coastal_t_s_h_part20 L=504 H=168 model=persistence covariates=none instance_norm=true remove_constant=false seed=1 batch_size=512
[2026-08-28 14:07:24,319][data.dataset][INFO] - dataset config path=/fssmall/home/h61084/codes/datasets/time/coastal_t_s_h_part20/config.json applied_keys=['date_col', 'drop_users', 'target_cols']
[2026-08-28 14:07:24,336][evaluation.evaluator][INFO] - skip complete run=/fslarge/scratch/users/h61084/codes/tsfm/outputs_selena/univariate/time-coastal_t_s_h_part20/504_168/persistence/none/instance/keep/run_0
2026-08-28 14:07:26 | configuration dataset=time/coastal_t_s_h_part20 L=504 H=168 model=expected covariates=none instance_norm=true remove_constant=false seed=1 batch_size=512
[2026-08-28 14:07:29,442][data.dataset][INFO] - dataset config path=/fssmall/home/h61084/codes/datasets/time/coastal_t_s_h_part20/config.json applied_keys=['date_col', 'drop_users', 'target_cols']
[2026-08-28 14:07:29,458][evaluation.evaluator][INFO] - skip complete run=/fslarge/scratch/users/h61084/codes/tsfm/outputs_selena/univariate/time-coastal_t_s_h_part20/504_168/expected/none/instance/keep/run_0
2026-08-28 14:07:31 | configuration dataset=time/coastal_t_s_h_part20 L=504 H=168 model=repeat covariates=none instance_norm=true remove_constant=false seed=1 batch_size=512
[2026-08-28 14:07:34,604][data.dataset][INFO] - dataset config path=/fssmall/home/h61084/codes/datasets/time/coastal_t_s_h_part20/config.json applied_keys=['date_col', 'drop_users', 'target_cols']
[2026-08-28 14:07:34,621][evaluation.evaluator][INFO] - skip complete run=/fslarge/scratch/users/h61084/codes/tsfm/outputs_selena/univariate/time-coastal_t_s_h_part20/504_168/repeat/none/instance/keep/run_0
2026-08-28 14:07:36 | configuration dataset=time/coastal_t_s_h_part20 L=504 H=168 model=lookback covariates=none instance_norm=true remove_constant=false seed=1 batch_size=512
[2026-08-28 14:07:39,691][data.dataset][INFO] - dataset config path=/fssmall/home/h61084/codes/datasets/time/coastal_t_s_h_part20/config.json applied_keys=['date_col', 'drop_users', 'target_cols']
[2026-08-28 14:07:39,701][evaluation.evaluator][INFO] - lookback weekly period=168 observations
[2026-08-28 14:07:39,708][evaluation.evaluator][INFO] - skip complete run=/fslarge/scratch/users/h61084/codes/tsfm/outputs_selena/univariate/time-coastal_t_s_h_part20/504_168/lookback/none/instance/keep/run_0
2026-08-28 14:07:42 | configuration dataset=time/coastal_t_s_h_part20 L=504 H=168 model=chronos2 covariates=none instance_norm=true remove_constant=false seed=1 batch_size=64
[2026-08-28 14:07:44,814][data.dataset][INFO] - dataset config path=/fssmall/home/h61084/codes/datasets/time/coastal_t_s_h_part20/config.json applied_keys=['date_col', 'drop_users', 'target_cols']
[2026-08-28 14:07:44,831][evaluation.evaluator][INFO] - skip complete run=/fslarge/scratch/users/h61084/codes/tsfm/outputs_selena/univariate/time-coastal_t_s_h_part20/504_168/chronos2/none/instance/keep/run_0
2026-08-28 14:07:47 | configuration dataset=time/coastal_t_s_h_part21 L=168 H=24 model=persistence covariates=none instance_norm=true remove_constant=false seed=1 batch_size=512
[2026-08-28 14:07:49,875][data.dataset][INFO] - dataset config path=/fssmall/home/h61084/codes/datasets/time/coastal_t_s_h_part21/config.json applied_keys=['date_col', 'drop_users', 'target_cols']
[2026-08-28 14:07:49,891][evaluation.evaluator][INFO] - skip complete run=/fslarge/scratch/users/h61084/codes/tsfm/outputs_selena/univariate/time-coastal_t_s_h_part21/168_24/persistence/none/instance/keep/run_0
2026-08-28 14:07:52 | configuration dataset=time/coastal_t_s_h_part21 L=168 H=24 model=expected covariates=none instance_norm=true remove_constant=false seed=1 batch_size=512
[2026-08-28 14:07:54,953][data.dataset][INFO] - dataset config path=/fssmall/home/h61084/codes/datasets/time/coastal_t_s_h_part21/config.json applied_keys=['date_col', 'drop_users', 'target_cols']
[2026-08-28 14:07:54,968][evaluation.evaluator][INFO] - skip complete run=/fslarge/scratch/users/h61084/codes/tsfm/outputs_selena/univariate/time-coastal_t_s_h_part21/168_24/expected/none/instance/keep/run_0
2026-08-28 14:07:57 | configuration dataset=time/coastal_t_s_h_part21 L=168 H=24 model=repeat covariates=none instance_norm=true remove_constant=false seed=1 batch_size=512
[2026-08-28 14:08:00,061][data.dataset][INFO] - dataset config path=/fssmall/home/h61084/codes/datasets/time/coastal_t_s_h_part21/config.json applied_keys=['date_col', 'drop_users', 'target_cols']
[2026-08-28 14:08:00,076][evaluation.evaluator][INFO] - skip complete run=/fslarge/scratch/users/h61084/codes/tsfm/outputs_selena/univariate/time-coastal_t_s_h_part21/168_24/repeat/none/instance/keep/run_0
2026-08-28 14:08:02 | configuration dataset=time/coastal_t_s_h_part21 L=168 H=24 model=lookback covariates=none instance_norm=true remove_constant=false seed=1 batch_size=512
[2026-08-28 14:08:05,172][data.dataset][INFO] - dataset config path=/fssmall/home/h61084/codes/datasets/time/coastal_t_s_h_part21/config.json applied_keys=['date_col', 'drop_users', 'target_cols']
[2026-08-28 14:08:05,181][evaluation.evaluator][INFO] - lookback weekly period=168 observations
[2026-08-28 14:08:05,188][evaluation.evaluator][INFO] - skip complete run=/fslarge/scratch/users/h61084/codes/tsfm/outputs_selena/univariate/time-coastal_t_s_h_part21/168_24/lookback/none/instance/keep/run_0
2026-08-28 14:08:07 | configuration dataset=time/coastal_t_s_h_part21 L=168 H=24 model=chronos2 covariates=none instance_norm=true remove_constant=false seed=1 batch_size=64
[2026-08-28 14:08:10,271][data.dataset][INFO] - dataset config path=/fssmall/home/h61084/codes/datasets/time/coastal_t_s_h_part21/config.json applied_keys=['date_col', 'drop_users', 'target_cols']
[2026-08-28 14:08:10,286][evaluation.evaluator][INFO] - skip complete run=/fslarge/scratch/users/h61084/codes/tsfm/outputs_selena/univariate/time-coastal_t_s_h_part21/168_24/chronos2/none/instance/keep/run_0
2026-08-28 14:08:12 | configuration dataset=time/coastal_t_s_h_part21 L=336 H=48 model=persistence covariates=none instance_norm=true remove_constant=false seed=1 batch_size=512
[2026-08-28 14:08:15,341][data.dataset][INFO] - dataset config path=/fssmall/home/h61084/codes/datasets/time/coastal_t_s_h_part21/config.json applied_keys=['date_col', 'drop_users', 'target_cols']
[2026-08-28 14:08:15,356][evaluation.evaluator][INFO] - skip complete run=/fslarge/scratch/users/h61084/codes/tsfm/outputs_selena/univariate/time-coastal_t_s_h_part21/336_48/persistence/none/instance/keep/run_0
2026-08-28 14:08:17 | configuration dataset=time/coastal_t_s_h_part21 L=336 H=48 model=expected covariates=none instance_norm=true remove_constant=false seed=1 batch_size=512
[2026-08-28 14:08:20,423][data.dataset][INFO] - dataset config path=/fssmall/home/h61084/codes/datasets/time/coastal_t_s_h_part21/config.json applied_keys=['date_col', 'drop_users', 'target_cols']
[2026-08-28 14:08:20,438][evaluation.evaluator][INFO] - skip complete run=/fslarge/scratch/users/h61084/codes/tsfm/outputs_selena/univariate/time-coastal_t_s_h_part21/336_48/expected/none/instance/keep/run_0
2026-08-28 14:08:22 | configuration dataset=time/coastal_t_s_h_part21 L=336 H=48 model=repeat covariates=none instance_norm=true remove_constant=false seed=1 batch_size=512
[2026-08-28 14:08:25,484][data.dataset][INFO] - dataset config path=/fssmall/home/h61084/codes/datasets/time/coastal_t_s_h_part21/config.json applied_keys=['date_col', 'drop_users', 'target_cols']
[2026-08-28 14:08:25,499][evaluation.evaluator][INFO] - skip complete run=/fslarge/scratch/users/h61084/codes/tsfm/outputs_selena/univariate/time-coastal_t_s_h_part21/336_48/repeat/none/instance/keep/run_0
2026-08-28 14:08:27 | configuration dataset=time/coastal_t_s_h_part21 L=336 H=48 model=lookback covariates=none instance_norm=true remove_constant=false seed=1 batch_size=512
[2026-08-28 14:08:30,515][data.dataset][INFO] - dataset config path=/fssmall/home/h61084/codes/datasets/time/coastal_t_s_h_part21/config.json applied_keys=['date_col', 'drop_users', 'target_cols']
[2026-08-28 14:08:30,523][evaluation.evaluator][INFO] - lookback weekly period=168 observations
[2026-08-28 14:08:30,530][evaluation.evaluator][INFO] - skip complete run=/fslarge/scratch/users/h61084/codes/tsfm/outputs_selena/univariate/time-coastal_t_s_h_part21/336_48/lookback/none/instance/keep/run_0
2026-08-28 14:08:32 | configuration dataset=time/coastal_t_s_h_part21 L=336 H=48 model=chronos2 covariates=none instance_norm=true remove_constant=false seed=1 batch_size=64
[2026-08-28 14:08:35,614][data.dataset][INFO] - dataset config path=/fssmall/home/h61084/codes/datasets/time/coastal_t_s_h_part21/config.json applied_keys=['date_col', 'drop_users', 'target_cols']
[2026-08-28 14:08:35,629][evaluation.evaluator][INFO] - skip complete run=/fslarge/scratch/users/h61084/codes/tsfm/outputs_selena/univariate/time-coastal_t_s_h_part21/336_48/chronos2/none/instance/keep/run_0
2026-08-28 14:08:38 | configuration dataset=time/coastal_t_s_h_part21 L=504 H=168 model=persistence covariates=none instance_norm=true remove_constant=false seed=1 batch_size=512
[2026-08-28 14:08:40,734][data.dataset][INFO] - dataset config path=/fssmall/home/h61084/codes/datasets/time/coastal_t_s_h_part21/config.json applied_keys=['date_col', 'drop_users', 'target_cols']
[2026-08-28 14:08:40,749][evaluation.evaluator][INFO] - skip complete run=/fslarge/scratch/users/h61084/codes/tsfm/outputs_selena/univariate/time-coastal_t_s_h_part21/504_168/persistence/none/instance/keep/run_0
2026-08-28 14:08:43 | configuration dataset=time/coastal_t_s_h_part21 L=504 H=168 model=expected covariates=none instance_norm=true remove_constant=false seed=1 batch_size=512
[2026-08-28 14:08:45,906][data.dataset][INFO] - dataset config path=/fssmall/home/h61084/codes/datasets/time/coastal_t_s_h_part21/config.json applied_keys=['date_col', 'drop_users', 'target_cols']
[2026-08-28 14:08:45,920][evaluation.evaluator][INFO] - skip complete run=/fslarge/scratch/users/h61084/codes/tsfm/outputs_selena/univariate/time-coastal_t_s_h_part21/504_168/expected/none/instance/keep/run_0
2026-08-28 14:08:48 | configuration dataset=time/coastal_t_s_h_part21 L=504 H=168 model=repeat covariates=none instance_norm=true remove_constant=false seed=1 batch_size=512
[2026-08-28 14:08:50,973][data.dataset][INFO] - dataset config path=/fssmall/home/h61084/codes/datasets/time/coastal_t_s_h_part21/config.json applied_keys=['date_col', 'drop_users', 'target_cols']
[2026-08-28 14:08:50,990][evaluation.evaluator][INFO] - skip complete run=/fslarge/scratch/users/h61084/codes/tsfm/outputs_selena/univariate/time-coastal_t_s_h_part21/504_168/repeat/none/instance/keep/run_0
2026-08-28 14:08:53 | configuration dataset=time/coastal_t_s_h_part21 L=504 H=168 model=lookback covariates=none instance_norm=true remove_constant=false seed=1 batch_size=512
[2026-08-28 14:08:56,032][data.dataset][INFO] - dataset config path=/fssmall/home/h61084/codes/datasets/time/coastal_t_s_h_part21/config.json applied_keys=['date_col', 'drop_users', 'target_cols']
[2026-08-28 14:08:56,040][evaluation.evaluator][INFO] - lookback weekly period=168 observations
[2026-08-28 14:08:56,047][evaluation.evaluator][INFO] - skip complete run=/fslarge/scratch/users/h61084/codes/tsfm/outputs_selena/univariate/time-coastal_t_s_h_part21/504_168/lookback/none/instance/keep/run_0
2026-08-28 14:08:58 | configuration dataset=time/coastal_t_s_h_part21 L=504 H=168 model=chronos2 covariates=none instance_norm=true remove_constant=false seed=1 batch_size=64
[2026-08-28 14:09:01,090][data.dataset][INFO] - dataset config path=/fssmall/home/h61084/codes/datasets/time/coastal_t_s_h_part21/config.json applied_keys=['date_col', 'drop_users', 'target_cols']
[2026-08-28 14:09:01,105][evaluation.evaluator][INFO] - skip complete run=/fslarge/scratch/users/h61084/codes/tsfm/outputs_selena/univariate/time-coastal_t_s_h_part21/504_168/chronos2/none/instance/keep/run_0
2026-08-28 14:09:03 | configuration dataset=time/coastal_t_s_h_part22 L=168 H=24 model=persistence covariates=none instance_norm=true remove_constant=false seed=1 batch_size=512
[2026-08-28 14:09:06,186][data.dataset][INFO] - dataset config path=/fssmall/home/h61084/codes/datasets/time/coastal_t_s_h_part22/config.json applied_keys=['date_col', 'drop_users', 'target_cols']
[2026-08-28 14:09:06,202][evaluation.evaluator][INFO] - skip complete run=/fslarge/scratch/users/h61084/codes/tsfm/outputs_selena/univariate/time-coastal_t_s_h_part22/168_24/persistence/none/instance/keep/run_0
2026-08-28 14:09:08 | configuration dataset=time/coastal_t_s_h_part22 L=168 H=24 model=expected covariates=none instance_norm=true remove_constant=false seed=1 batch_size=512
[2026-08-28 14:09:11,279][data.dataset][INFO] - dataset config path=/fssmall/home/h61084/codes/datasets/time/coastal_t_s_h_part22/config.json applied_keys=['date_col', 'drop_users', 'target_cols']
[2026-08-28 14:09:11,296][evaluation.evaluator][INFO] - skip complete run=/fslarge/scratch/users/h61084/codes/tsfm/outputs_selena/univariate/time-coastal_t_s_h_part22/168_24/expected/none/instance/keep/run_0
2026-08-28 14:09:13 | configuration dataset=time/coastal_t_s_h_part22 L=168 H=24 model=repeat covariates=none instance_norm=true remove_constant=false seed=1 batch_size=512
[2026-08-28 14:09:16,374][data.dataset][INFO] - dataset config path=/fssmall/home/h61084/codes/datasets/time/coastal_t_s_h_part22/config.json applied_keys=['date_col', 'drop_users', 'target_cols']
[2026-08-28 14:09:16,390][evaluation.evaluator][INFO] - skip complete run=/fslarge/scratch/users/h61084/codes/tsfm/outputs_selena/univariate/time-coastal_t_s_h_part22/168_24/repeat/none/instance/keep/run_0
2026-08-28 14:09:18 | configuration dataset=time/coastal_t_s_h_part22 L=168 H=24 model=lookback covariates=none instance_norm=true remove_constant=false seed=1 batch_size=512
[2026-08-28 14:09:21,439][data.dataset][INFO] - dataset config path=/fssmall/home/h61084/codes/datasets/time/coastal_t_s_h_part22/config.json applied_keys=['date_col', 'drop_users', 'target_cols']
[2026-08-28 14:09:21,449][evaluation.evaluator][INFO] - lookback weekly period=168 observations
[2026-08-28 14:09:21,455][evaluation.evaluator][INFO] - skip complete run=/fslarge/scratch/users/h61084/codes/tsfm/outputs_selena/univariate/time-coastal_t_s_h_part22/168_24/lookback/none/instance/keep/run_0
2026-08-28 14:09:23 | configuration dataset=time/coastal_t_s_h_part22 L=168 H=24 model=chronos2 covariates=none instance_norm=true remove_constant=false seed=1 batch_size=64
[2026-08-28 14:09:26,540][data.dataset][INFO] - dataset config path=/fssmall/home/h61084/codes/datasets/time/coastal_t_s_h_part22/config.json applied_keys=['date_col', 'drop_users', 'target_cols']
[2026-08-28 14:09:26,555][evaluation.evaluator][INFO] - skip complete run=/fslarge/scratch/users/h61084/codes/tsfm/outputs_selena/univariate/time-coastal_t_s_h_part22/168_24/chronos2/none/instance/keep/run_0
2026-08-28 14:09:28 | configuration dataset=time/coastal_t_s_h_part22 L=336 H=48 model=persistence covariates=none instance_norm=true remove_constant=false seed=1 batch_size=512
[2026-08-28 14:09:31,649][data.dataset][INFO] - dataset config path=/fssmall/home/h61084/codes/datasets/time/coastal_t_s_h_part22/config.json applied_keys=['date_col', 'drop_users', 'target_cols']
[2026-08-28 14:09:31,665][evaluation.evaluator][INFO] - skip complete run=/fslarge/scratch/users/h61084/codes/tsfm/outputs_selena/univariate/time-coastal_t_s_h_part22/336_48/persistence/none/instance/keep/run_0
2026-08-28 14:09:34 | configuration dataset=time/coastal_t_s_h_part22 L=336 H=48 model=expected covariates=none instance_norm=true remove_constant=false seed=1 batch_size=512
[2026-08-28 14:09:36,755][data.dataset][INFO] - dataset config path=/fssmall/home/h61084/codes/datasets/time/coastal_t_s_h_part22/config.json applied_keys=['date_col', 'drop_users', 'target_cols']
[2026-08-28 14:09:36,772][evaluation.evaluator][INFO] - skip complete run=/fslarge/scratch/users/h61084/codes/tsfm/outputs_selena/univariate/time-coastal_t_s_h_part22/336_48/expected/none/instance/keep/run_0
2026-08-28 14:09:39 | configuration dataset=time/coastal_t_s_h_part22 L=336 H=48 model=repeat covariates=none instance_norm=true remove_constant=false seed=1 batch_size=512
[2026-08-28 14:09:41,843][data.dataset][INFO] - dataset config path=/fssmall/home/h61084/codes/datasets/time/coastal_t_s_h_part22/config.json applied_keys=['date_col', 'drop_users', 'target_cols']
[2026-08-28 14:09:41,859][evaluation.evaluator][INFO] - skip complete run=/fslarge/scratch/users/h61084/codes/tsfm/outputs_selena/univariate/time-coastal_t_s_h_part22/336_48/repeat/none/instance/keep/run_0
2026-08-28 14:09:44 | configuration dataset=time/coastal_t_s_h_part22 L=336 H=48 model=lookback covariates=none instance_norm=true remove_constant=false seed=1 batch_size=512
[2026-08-28 14:09:46,916][data.dataset][INFO] - dataset config path=/fssmall/home/h61084/codes/datasets/time/coastal_t_s_h_part22/config.json applied_keys=['date_col', 'drop_users', 'target_cols']
[2026-08-28 14:09:46,926][evaluation.evaluator][INFO] - lookback weekly period=168 observations
[2026-08-28 14:09:46,933][evaluation.evaluator][INFO] - skip complete run=/fslarge/scratch/users/h61084/codes/tsfm/outputs_selena/univariate/time-coastal_t_s_h_part22/336_48/lookback/none/instance/keep/run_0
2026-08-28 14:09:49 | configuration dataset=time/coastal_t_s_h_part22 L=336 H=48 model=chronos2 covariates=none instance_norm=true remove_constant=false seed=1 batch_size=64
[2026-08-28 14:09:52,021][data.dataset][INFO] - dataset config path=/fssmall/home/h61084/codes/datasets/time/coastal_t_s_h_part22/config.json applied_keys=['date_col', 'drop_users', 'target_cols']
[2026-08-28 14:09:52,037][evaluation.evaluator][INFO] - skip complete run=/fslarge/scratch/users/h61084/codes/tsfm/outputs_selena/univariate/time-coastal_t_s_h_part22/336_48/chronos2/none/instance/keep/run_0
2026-08-28 14:09:54 | configuration dataset=time/coastal_t_s_h_part22 L=504 H=168 model=persistence covariates=none instance_norm=true remove_constant=false seed=1 batch_size=512
[2026-08-28 14:09:57,123][data.dataset][INFO] - dataset config path=/fssmall/home/h61084/codes/datasets/time/coastal_t_s_h_part22/config.json applied_keys=['date_col', 'drop_users', 'target_cols']
[2026-08-28 14:09:57,139][evaluation.evaluator][INFO] - skip complete run=/fslarge/scratch/users/h61084/codes/tsfm/outputs_selena/univariate/time-coastal_t_s_h_part22/504_168/persistence/none/instance/keep/run_0
2026-08-28 14:09:59 | configuration dataset=time/coastal_t_s_h_part22 L=504 H=168 model=expected covariates=none instance_norm=true remove_constant=false seed=1 batch_size=512
[2026-08-28 14:10:02,224][data.dataset][INFO] - dataset config path=/fssmall/home/h61084/codes/datasets/time/coastal_t_s_h_part22/config.json applied_keys=['date_col', 'drop_users', 'target_cols']
[2026-08-28 14:10:02,241][evaluation.evaluator][INFO] - skip complete run=/fslarge/scratch/users/h61084/codes/tsfm/outputs_selena/univariate/time-coastal_t_s_h_part22/504_168/expected/none/instance/keep/run_0
2026-08-28 14:10:04 | configuration dataset=time/coastal_t_s_h_part22 L=504 H=168 model=repeat covariates=none instance_norm=true remove_constant=false seed=1 batch_size=512
[2026-08-28 14:10:07,335][data.dataset][INFO] - dataset config path=/fssmall/home/h61084/codes/datasets/time/coastal_t_s_h_part22/config.json applied_keys=['date_col', 'drop_users', 'target_cols']
[2026-08-28 14:10:07,351][evaluation.evaluator][INFO] - skip complete run=/fslarge/scratch/users/h61084/codes/tsfm/outputs_selena/univariate/time-coastal_t_s_h_part22/504_168/repeat/none/instance/keep/run_0
2026-08-28 14:10:09 | configuration dataset=time/coastal_t_s_h_part22 L=504 H=168 model=lookback covariates=none instance_norm=true remove_constant=false seed=1 batch_size=512
[2026-08-28 14:10:12,397][data.dataset][INFO] - dataset config path=/fssmall/home/h61084/codes/datasets/time/coastal_t_s_h_part22/config.json applied_keys=['date_col', 'drop_users', 'target_cols']
[2026-08-28 14:10:12,406][evaluation.evaluator][INFO] - lookback weekly period=168 observations
[2026-08-28 14:10:12,413][evaluation.evaluator][INFO] - skip complete run=/fslarge/scratch/users/h61084/codes/tsfm/outputs_selena/univariate/time-coastal_t_s_h_part22/504_168/lookback/none/instance/keep/run_0
2026-08-28 14:10:14 | configuration dataset=time/coastal_t_s_h_part22 L=504 H=168 model=chronos2 covariates=none instance_norm=true remove_constant=false seed=1 batch_size=64
[2026-08-28 14:10:17,527][data.dataset][INFO] - dataset config path=/fssmall/home/h61084/codes/datasets/time/coastal_t_s_h_part22/config.json applied_keys=['date_col', 'drop_users', 'target_cols']
[2026-08-28 14:10:17,543][evaluation.evaluator][INFO] - skip complete run=/fslarge/scratch/users/h61084/codes/tsfm/outputs_selena/univariate/time-coastal_t_s_h_part22/504_168/chronos2/none/instance/keep/run_0
2026-08-28 14:10:19 | configuration dataset=time/coastal_t_s_h_part23 L=168 H=24 model=persistence covariates=none instance_norm=true remove_constant=false seed=1 batch_size=512
[2026-08-28 14:10:22,648][data.dataset][INFO] - dataset config path=/fssmall/home/h61084/codes/datasets/time/coastal_t_s_h_part23/config.json applied_keys=['date_col', 'drop_users', 'target_cols']
[2026-08-28 14:10:22,664][evaluation.evaluator][INFO] - skip complete run=/fslarge/scratch/users/h61084/codes/tsfm/outputs_selena/univariate/time-coastal_t_s_h_part23/168_24/persistence/none/instance/keep/run_0
2026-08-28 14:10:25 | configuration dataset=time/coastal_t_s_h_part23 L=168 H=24 model=expected covariates=none instance_norm=true remove_constant=false seed=1 batch_size=512
[2026-08-28 14:10:27,751][data.dataset][INFO] - dataset config path=/fssmall/home/h61084/codes/datasets/time/coastal_t_s_h_part23/config.json applied_keys=['date_col', 'drop_users', 'target_cols']
[2026-08-28 14:10:27,766][evaluation.evaluator][INFO] - skip complete run=/fslarge/scratch/users/h61084/codes/tsfm/outputs_selena/univariate/time-coastal_t_s_h_part23/168_24/expected/none/instance/keep/run_0
2026-08-28 14:10:30 | configuration dataset=time/coastal_t_s_h_part23 L=168 H=24 model=repeat covariates=none instance_norm=true remove_constant=false seed=1 batch_size=512
[2026-08-28 14:10:32,807][data.dataset][INFO] - dataset config path=/fssmall/home/h61084/codes/datasets/time/coastal_t_s_h_part23/config.json applied_keys=['date_col', 'drop_users', 'target_cols']
[2026-08-28 14:10:32,822][evaluation.evaluator][INFO] - skip complete run=/fslarge/scratch/users/h61084/codes/tsfm/outputs_selena/univariate/time-coastal_t_s_h_part23/168_24/repeat/none/instance/keep/run_0
2026-08-28 14:10:35 | configuration dataset=time/coastal_t_s_h_part23 L=168 H=24 model=lookback covariates=none instance_norm=true remove_constant=false seed=1 batch_size=512
[2026-08-28 14:10:37,877][data.dataset][INFO] - dataset config path=/fssmall/home/h61084/codes/datasets/time/coastal_t_s_h_part23/config.json applied_keys=['date_col', 'drop_users', 'target_cols']
[2026-08-28 14:10:37,886][evaluation.evaluator][INFO] - lookback weekly period=168 observations
[2026-08-28 14:10:37,892][evaluation.evaluator][INFO] - skip complete run=/fslarge/scratch/users/h61084/codes/tsfm/outputs_selena/univariate/time-coastal_t_s_h_part23/168_24/lookback/none/instance/keep/run_0
2026-08-28 14:10:40 | configuration dataset=time/coastal_t_s_h_part23 L=168 H=24 model=chronos2 covariates=none instance_norm=true remove_constant=false seed=1 batch_size=64
[2026-08-28 14:10:42,962][data.dataset][INFO] - dataset config path=/fssmall/home/h61084/codes/datasets/time/coastal_t_s_h_part23/config.json applied_keys=['date_col', 'drop_users', 'target_cols']
[2026-08-28 14:10:42,977][evaluation.evaluator][INFO] - skip complete run=/fslarge/scratch/users/h61084/codes/tsfm/outputs_selena/univariate/time-coastal_t_s_h_part23/168_24/chronos2/none/instance/keep/run_0
2026-08-28 14:10:45 | configuration dataset=time/coastal_t_s_h_part23 L=336 H=48 model=persistence covariates=none instance_norm=true remove_constant=false seed=1 batch_size=512
[2026-08-28 14:10:47,981][data.dataset][INFO] - dataset config path=/fssmall/home/h61084/codes/datasets/time/coastal_t_s_h_part23/config.json applied_keys=['date_col', 'drop_users', 'target_cols']
[2026-08-28 14:10:47,996][evaluation.evaluator][INFO] - skip complete run=/fslarge/scratch/users/h61084/codes/tsfm/outputs_selena/univariate/time-coastal_t_s_h_part23/336_48/persistence/none/instance/keep/run_0
2026-08-28 14:10:50 | configuration dataset=time/coastal_t_s_h_part23 L=336 H=48 model=expected covariates=none instance_norm=true remove_constant=false seed=1 batch_size=512
[2026-08-28 14:10:53,066][data.dataset][INFO] - dataset config path=/fssmall/home/h61084/codes/datasets/time/coastal_t_s_h_part23/config.json applied_keys=['date_col', 'drop_users', 'target_cols']
[2026-08-28 14:10:53,081][evaluation.evaluator][INFO] - skip complete run=/fslarge/scratch/users/h61084/codes/tsfm/outputs_selena/univariate/time-coastal_t_s_h_part23/336_48/expected/none/instance/keep/run_0
2026-08-28 14:10:55 | configuration dataset=time/coastal_t_s_h_part23 L=336 H=48 model=repeat covariates=none instance_norm=true remove_constant=false seed=1 batch_size=512
[2026-08-28 14:10:58,168][data.dataset][INFO] - dataset config path=/fssmall/home/h61084/codes/datasets/time/coastal_t_s_h_part23/config.json applied_keys=['date_col', 'drop_users', 'target_cols']
[2026-08-28 14:10:58,183][evaluation.evaluator][INFO] - skip complete run=/fslarge/scratch/users/h61084/codes/tsfm/outputs_selena/univariate/time-coastal_t_s_h_part23/336_48/repeat/none/instance/keep/run_0
2026-08-28 14:11:00 | configuration dataset=time/coastal_t_s_h_part23 L=336 H=48 model=lookback covariates=none instance_norm=true remove_constant=false seed=1 batch_size=512
[2026-08-28 14:11:03,245][data.dataset][INFO] - dataset config path=/fssmall/home/h61084/codes/datasets/time/coastal_t_s_h_part23/config.json applied_keys=['date_col', 'drop_users', 'target_cols']
[2026-08-28 14:11:03,254][evaluation.evaluator][INFO] - lookback weekly period=168 observations
[2026-08-28 14:11:03,260][evaluation.evaluator][INFO] - skip complete run=/fslarge/scratch/users/h61084/codes/tsfm/outputs_selena/univariate/time-coastal_t_s_h_part23/336_48/lookback/none/instance/keep/run_0
2026-08-28 14:11:05 | configuration dataset=time/coastal_t_s_h_part23 L=336 H=48 model=chronos2 covariates=none instance_norm=true remove_constant=false seed=1 batch_size=64
[2026-08-28 14:11:08,349][data.dataset][INFO] - dataset config path=/fssmall/home/h61084/codes/datasets/time/coastal_t_s_h_part23/config.json applied_keys=['date_col', 'drop_users', 'target_cols']
[2026-08-28 14:11:08,364][evaluation.evaluator][INFO] - skip complete run=/fslarge/scratch/users/h61084/codes/tsfm/outputs_selena/univariate/time-coastal_t_s_h_part23/336_48/chronos2/none/instance/keep/run_0
2026-08-28 14:11:10 | configuration dataset=time/coastal_t_s_h_part23 L=504 H=168 model=persistence covariates=none instance_norm=true remove_constant=false seed=1 batch_size=512
[2026-08-28 14:11:13,435][data.dataset][INFO] - dataset config path=/fssmall/home/h61084/codes/datasets/time/coastal_t_s_h_part23/config.json applied_keys=['date_col', 'drop_users', 'target_cols']
[2026-08-28 14:11:13,450][evaluation.evaluator][INFO] - skip complete run=/fslarge/scratch/users/h61084/codes/tsfm/outputs_selena/univariate/time-coastal_t_s_h_part23/504_168/persistence/none/instance/keep/run_0
2026-08-28 14:11:15 | configuration dataset=time/coastal_t_s_h_part23 L=504 H=168 model=expected covariates=none instance_norm=true remove_constant=false seed=1 batch_size=512
[2026-08-28 14:11:18,502][data.dataset][INFO] - dataset config path=/fssmall/home/h61084/codes/datasets/time/coastal_t_s_h_part23/config.json applied_keys=['date_col', 'drop_users', 'target_cols']
[2026-08-28 14:11:18,517][evaluation.evaluator][INFO] - skip complete run=/fslarge/scratch/users/h61084/codes/tsfm/outputs_selena/univariate/time-coastal_t_s_h_part23/504_168/expected/none/instance/keep/run_0
2026-08-28 14:11:20 | configuration dataset=time/coastal_t_s_h_part23 L=504 H=168 model=repeat covariates=none instance_norm=true remove_constant=false seed=1 batch_size=512
[2026-08-28 14:11:23,596][data.dataset][INFO] - dataset config path=/fssmall/home/h61084/codes/datasets/time/coastal_t_s_h_part23/config.json applied_keys=['date_col', 'drop_users', 'target_cols']
[2026-08-28 14:11:23,611][evaluation.evaluator][INFO] - skip complete run=/fslarge/scratch/users/h61084/codes/tsfm/outputs_selena/univariate/time-coastal_t_s_h_part23/504_168/repeat/none/instance/keep/run_0
2026-08-28 14:11:25 | configuration dataset=time/coastal_t_s_h_part23 L=504 H=168 model=lookback covariates=none instance_norm=true remove_constant=false seed=1 batch_size=512
[2026-08-28 14:11:28,743][data.dataset][INFO] - dataset config path=/fssmall/home/h61084/codes/datasets/time/coastal_t_s_h_part23/config.json applied_keys=['date_col', 'drop_users', 'target_cols']
[2026-08-28 14:11:28,751][evaluation.evaluator][INFO] - lookback weekly period=168 observations
[2026-08-28 14:11:28,758][evaluation.evaluator][INFO] - skip complete run=/fslarge/scratch/users/h61084/codes/tsfm/outputs_selena/univariate/time-coastal_t_s_h_part23/504_168/lookback/none/instance/keep/run_0
2026-08-28 14:11:31 | configuration dataset=time/coastal_t_s_h_part23 L=504 H=168 model=chronos2 covariates=none instance_norm=true remove_constant=false seed=1 batch_size=64
[2026-08-28 14:11:33,877][data.dataset][INFO] - dataset config path=/fssmall/home/h61084/codes/datasets/time/coastal_t_s_h_part23/config.json applied_keys=['date_col', 'drop_users', 'target_cols']
[2026-08-28 14:11:33,892][evaluation.evaluator][INFO] - skip complete run=/fslarge/scratch/users/h61084/codes/tsfm/outputs_selena/univariate/time-coastal_t_s_h_part23/504_168/chronos2/none/instance/keep/run_0
2026-08-28 14:11:36 | configuration dataset=time/crypto_d L=7 H=1 model=persistence covariates=none instance_norm=true remove_constant=false seed=1 batch_size=512
[2026-08-28 14:11:38,944][data.dataset][INFO] - dataset config path=/fssmall/home/h61084/codes/datasets/time/crypto_d/config.json applied_keys=['date_col', 'drop_users', 'target_cols']
[2026-08-28 14:11:38,957][evaluation.evaluator][INFO] - skip complete run=/fslarge/scratch/users/h61084/codes/tsfm/outputs_selena/univariate/time-crypto_d/7_1/persistence/none/instance/keep/run_0
2026-08-28 14:11:41 | configuration dataset=time/crypto_d L=7 H=1 model=expected covariates=none instance_norm=true remove_constant=false seed=1 batch_size=512
[2026-08-28 14:11:44,002][data.dataset][INFO] - dataset config path=/fssmall/home/h61084/codes/datasets/time/crypto_d/config.json applied_keys=['date_col', 'drop_users', 'target_cols']
[2026-08-28 14:11:44,017][evaluation.evaluator][INFO] - skip complete run=/fslarge/scratch/users/h61084/codes/tsfm/outputs_selena/univariate/time-crypto_d/7_1/expected/none/instance/keep/run_0
2026-08-28 14:11:46 | configuration dataset=time/crypto_d L=7 H=1 model=repeat covariates=none instance_norm=true remove_constant=false seed=1 batch_size=512
[2026-08-28 14:11:49,106][data.dataset][INFO] - dataset config path=/fssmall/home/h61084/codes/datasets/time/crypto_d/config.json applied_keys=['date_col', 'drop_users', 'target_cols']
[2026-08-28 14:11:49,120][evaluation.evaluator][INFO] - skip complete run=/fslarge/scratch/users/h61084/codes/tsfm/outputs_selena/univariate/time-crypto_d/7_1/repeat/none/instance/keep/run_0
2026-08-28 14:11:51 | configuration dataset=time/crypto_d L=7 H=1 model=lookback covariates=none instance_norm=true remove_constant=false seed=1 batch_size=512
[2026-08-28 14:11:54,170][data.dataset][INFO] - dataset config path=/fssmall/home/h61084/codes/datasets/time/crypto_d/config.json applied_keys=['date_col', 'drop_users', 'target_cols']
[2026-08-28 14:11:54,178][evaluation.evaluator][INFO] - lookback weekly period=7 observations
[2026-08-28 14:11:54,184][evaluation.evaluator][INFO] - skip complete run=/fslarge/scratch/users/h61084/codes/tsfm/outputs_selena/univariate/time-crypto_d/7_1/lookback/none/instance/keep/run_0
2026-08-28 14:11:56 | configuration dataset=time/crypto_d L=7 H=1 model=chronos2 covariates=none instance_norm=true remove_constant=false seed=1 batch_size=64
[2026-08-28 14:11:59,246][data.dataset][INFO] - dataset config path=/fssmall/home/h61084/codes/datasets/time/crypto_d/config.json applied_keys=['date_col', 'drop_users', 'target_cols']
[2026-08-28 14:11:59,260][evaluation.evaluator][INFO] - skip complete run=/fslarge/scratch/users/h61084/codes/tsfm/outputs_selena/univariate/time-crypto_d/7_1/chronos2/none/instance/keep/run_0
2026-08-28 14:12:01 | configuration dataset=time/crypto_d L=14 H=2 model=persistence covariates=none instance_norm=true remove_constant=false seed=1 batch_size=512
[2026-08-28 14:12:04,368][data.dataset][INFO] - dataset config path=/fssmall/home/h61084/codes/datasets/time/crypto_d/config.json applied_keys=['date_col', 'drop_users', 'target_cols']
[2026-08-28 14:12:04,382][evaluation.evaluator][INFO] - skip complete run=/fslarge/scratch/users/h61084/codes/tsfm/outputs_selena/univariate/time-crypto_d/14_2/persistence/none/instance/keep/run_0
2026-08-28 14:12:06 | configuration dataset=time/crypto_d L=14 H=2 model=expected covariates=none instance_norm=true remove_constant=false seed=1 batch_size=512
[2026-08-28 14:12:09,429][data.dataset][INFO] - dataset config path=/fssmall/home/h61084/codes/datasets/time/crypto_d/config.json applied_keys=['date_col', 'drop_users', 'target_cols']
[2026-08-28 14:12:09,443][evaluation.evaluator][INFO] - skip complete run=/fslarge/scratch/users/h61084/codes/tsfm/outputs_selena/univariate/time-crypto_d/14_2/expected/none/instance/keep/run_0
2026-08-28 14:12:11 | configuration dataset=time/crypto_d L=14 H=2 model=repeat covariates=none instance_norm=true remove_constant=false seed=1 batch_size=512
[2026-08-28 14:12:14,535][data.dataset][INFO] - dataset config path=/fssmall/home/h61084/codes/datasets/time/crypto_d/config.json applied_keys=['date_col', 'drop_users', 'target_cols']
[2026-08-28 14:12:14,550][evaluation.evaluator][INFO] - skip complete run=/fslarge/scratch/users/h61084/codes/tsfm/outputs_selena/univariate/time-crypto_d/14_2/repeat/none/instance/keep/run_0
2026-08-28 14:12:16 | configuration dataset=time/crypto_d L=14 H=2 model=lookback covariates=none instance_norm=true remove_constant=false seed=1 batch_size=512
[2026-08-28 14:12:19,623][data.dataset][INFO] - dataset config path=/fssmall/home/h61084/codes/datasets/time/crypto_d/config.json applied_keys=['date_col', 'drop_users', 'target_cols']
[2026-08-28 14:12:19,631][evaluation.evaluator][INFO] - lookback weekly period=7 observations
[2026-08-28 14:12:19,637][evaluation.evaluator][INFO] - skip complete run=/fslarge/scratch/users/h61084/codes/tsfm/outputs_selena/univariate/time-crypto_d/14_2/lookback/none/instance/keep/run_0
2026-08-28 14:12:22 | configuration dataset=time/crypto_d L=14 H=2 model=chronos2 covariates=none instance_norm=true remove_constant=false seed=1 batch_size=64
[2026-08-28 14:12:24,766][data.dataset][INFO] - dataset config path=/fssmall/home/h61084/codes/datasets/time/crypto_d/config.json applied_keys=['date_col', 'drop_users', 'target_cols']
[2026-08-28 14:12:24,780][evaluation.evaluator][INFO] - skip complete run=/fslarge/scratch/users/h61084/codes/tsfm/outputs_selena/univariate/time-crypto_d/14_2/chronos2/none/instance/keep/run_0
2026-08-28 14:12:27 | configuration dataset=time/crypto_d L=30 H=7 model=persistence covariates=none instance_norm=true remove_constant=false seed=1 batch_size=512
[2026-08-28 14:12:29,851][data.dataset][INFO] - dataset config path=/fssmall/home/h61084/codes/datasets/time/crypto_d/config.json applied_keys=['date_col', 'drop_users', 'target_cols']
[2026-08-28 14:12:29,865][evaluation.evaluator][INFO] - skip complete run=/fslarge/scratch/users/h61084/codes/tsfm/outputs_selena/univariate/time-crypto_d/30_7/persistence/none/instance/keep/run_0
2026-08-28 14:12:32 | configuration dataset=time/crypto_d L=30 H=7 model=expected covariates=none instance_norm=true remove_constant=false seed=1 batch_size=512
[2026-08-28 14:12:34,999][data.dataset][INFO] - dataset config path=/fssmall/home/h61084/codes/datasets/time/crypto_d/config.json applied_keys=['date_col', 'drop_users', 'target_cols']
[2026-08-28 14:12:35,013][evaluation.evaluator][INFO] - skip complete run=/fslarge/scratch/users/h61084/codes/tsfm/outputs_selena/univariate/time-crypto_d/30_7/expected/none/instance/keep/run_0
2026-08-28 14:12:37 | configuration dataset=time/crypto_d L=30 H=7 model=repeat covariates=none instance_norm=true remove_constant=false seed=1 batch_size=512
[2026-08-28 14:12:40,038][data.dataset][INFO] - dataset config path=/fssmall/home/h61084/codes/datasets/time/crypto_d/config.json applied_keys=['date_col', 'drop_users', 'target_cols']
[2026-08-28 14:12:40,052][evaluation.evaluator][INFO] - skip complete run=/fslarge/scratch/users/h61084/codes/tsfm/outputs_selena/univariate/time-crypto_d/30_7/repeat/none/instance/keep/run_0
2026-08-28 14:12:42 | configuration dataset=time/crypto_d L=30 H=7 model=lookback covariates=none instance_norm=true remove_constant=false seed=1 batch_size=512
[2026-08-28 14:12:45,110][data.dataset][INFO] - dataset config path=/fssmall/home/h61084/codes/datasets/time/crypto_d/config.json applied_keys=['date_col', 'drop_users', 'target_cols']
[2026-08-28 14:12:45,118][evaluation.evaluator][INFO] - lookback weekly period=7 observations
[2026-08-28 14:12:45,125][evaluation.evaluator][INFO] - skip complete run=/fslarge/scratch/users/h61084/codes/tsfm/outputs_selena/univariate/time-crypto_d/30_7/lookback/none/instance/keep/run_0
2026-08-28 14:12:47 | configuration dataset=time/crypto_d L=30 H=7 model=chronos2 covariates=none instance_norm=true remove_constant=false seed=1 batch_size=64
[2026-08-28 14:12:50,173][data.dataset][INFO] - dataset config path=/fssmall/home/h61084/codes/datasets/time/crypto_d/config.json applied_keys=['date_col', 'drop_users', 'target_cols']
[2026-08-28 14:12:50,186][evaluation.evaluator][INFO] - skip complete run=/fslarge/scratch/users/h61084/codes/tsfm/outputs_selena/univariate/time-crypto_d/30_7/chronos2/none/instance/keep/run_0
2026-08-28 14:12:52 | configuration dataset=time/ecdc_covid_d_part01 L=7 H=1 model=persistence covariates=none instance_norm=true remove_constant=false seed=1 batch_size=512
[2026-08-28 14:12:55,211][data.dataset][INFO] - dataset config path=/fssmall/home/h61084/codes/datasets/time/ecdc_covid_d_part01/config.json applied_keys=['date_col', 'drop_users', 'target_cols']
[2026-08-28 14:12:55,224][evaluation.evaluator][INFO] - skip complete run=/fslarge/scratch/users/h61084/codes/tsfm/outputs_selena/univariate/time-ecdc_covid_d_part01/7_1/persistence/none/instance/keep/run_0
2026-08-28 14:12:57 | configuration dataset=time/ecdc_covid_d_part01 L=7 H=1 model=expected covariates=none instance_norm=true remove_constant=false seed=1 batch_size=512
[2026-08-28 14:13:00,302][data.dataset][INFO] - dataset config path=/fssmall/home/h61084/codes/datasets/time/ecdc_covid_d_part01/config.json applied_keys=['date_col', 'drop_users', 'target_cols']
[2026-08-28 14:13:00,314][evaluation.evaluator][INFO] - skip complete run=/fslarge/scratch/users/h61084/codes/tsfm/outputs_selena/univariate/time-ecdc_covid_d_part01/7_1/expected/none/instance/keep/run_0
2026-08-28 14:13:02 | configuration dataset=time/ecdc_covid_d_part01 L=7 H=1 model=repeat covariates=none instance_norm=true remove_constant=false seed=1 batch_size=512
[2026-08-28 14:13:05,408][data.dataset][INFO] - dataset config path=/fssmall/home/h61084/codes/datasets/time/ecdc_covid_d_part01/config.json applied_keys=['date_col', 'drop_users', 'target_cols']
[2026-08-28 14:13:05,421][evaluation.evaluator][INFO] - skip complete run=/fslarge/scratch/users/h61084/codes/tsfm/outputs_selena/univariate/time-ecdc_covid_d_part01/7_1/repeat/none/instance/keep/run_0
2026-08-28 14:13:07 | configuration dataset=time/ecdc_covid_d_part01 L=7 H=1 model=lookback covariates=none instance_norm=true remove_constant=false seed=1 batch_size=512
[2026-08-28 14:13:10,457][data.dataset][INFO] - dataset config path=/fssmall/home/h61084/codes/datasets/time/ecdc_covid_d_part01/config.json applied_keys=['date_col', 'drop_users', 'target_cols']
[2026-08-28 14:13:10,463][evaluation.evaluator][INFO] - lookback weekly period=7 observations
[2026-08-28 14:13:10,470][evaluation.evaluator][INFO] - skip complete run=/fslarge/scratch/users/h61084/codes/tsfm/outputs_selena/univariate/time-ecdc_covid_d_part01/7_1/lookback/none/instance/keep/run_0
2026-08-28 14:13:12 | configuration dataset=time/ecdc_covid_d_part01 L=7 H=1 model=chronos2 covariates=none instance_norm=true remove_constant=false seed=1 batch_size=64
[2026-08-28 14:13:15,540][data.dataset][INFO] - dataset config path=/fssmall/home/h61084/codes/datasets/time/ecdc_covid_d_part01/config.json applied_keys=['date_col', 'drop_users', 'target_cols']
[2026-08-28 14:13:15,551][evaluation.evaluator][INFO] - skip complete run=/fslarge/scratch/users/h61084/codes/tsfm/outputs_selena/univariate/time-ecdc_covid_d_part01/7_1/chronos2/none/instance/keep/run_0
2026-08-28 14:13:17 | configuration dataset=time/ecdc_covid_d_part01 L=14 H=2 model=persistence covariates=none instance_norm=true remove_constant=false seed=1 batch_size=512
[2026-08-28 14:13:20,603][data.dataset][INFO] - dataset config path=/fssmall/home/h61084/codes/datasets/time/ecdc_covid_d_part01/config.json applied_keys=['date_col', 'drop_users', 'target_cols']
[2026-08-28 14:13:20,616][evaluation.evaluator][INFO] - skip complete run=/fslarge/scratch/users/h61084/codes/tsfm/outputs_selena/univariate/time-ecdc_covid_d_part01/14_2/persistence/none/instance/keep/run_0
2026-08-28 14:13:22 | configuration dataset=time/ecdc_covid_d_part01 L=14 H=2 model=expected covariates=none instance_norm=true remove_constant=false seed=1 batch_size=512
[2026-08-28 14:13:25,687][data.dataset][INFO] - dataset config path=/fssmall/home/h61084/codes/datasets/time/ecdc_covid_d_part01/config.json applied_keys=['date_col', 'drop_users', 'target_cols']
[2026-08-28 14:13:25,700][evaluation.evaluator][INFO] - skip complete run=/fslarge/scratch/users/h61084/codes/tsfm/outputs_selena/univariate/time-ecdc_covid_d_part01/14_2/expected/none/instance/keep/run_0
2026-08-28 14:13:28 | configuration dataset=time/ecdc_covid_d_part01 L=14 H=2 model=repeat covariates=none instance_norm=true remove_constant=false seed=1 batch_size=512
[2026-08-28 14:13:30,766][data.dataset][INFO] - dataset config path=/fssmall/home/h61084/codes/datasets/time/ecdc_covid_d_part01/config.json applied_keys=['date_col', 'drop_users', 'target_cols']
[2026-08-28 14:13:30,779][evaluation.evaluator][INFO] - skip complete run=/fslarge/scratch/users/h61084/codes/tsfm/outputs_selena/univariate/time-ecdc_covid_d_part01/14_2/repeat/none/instance/keep/run_0
2026-08-28 14:13:33 | configuration dataset=time/ecdc_covid_d_part01 L=14 H=2 model=lookback covariates=none instance_norm=true remove_constant=false seed=1 batch_size=512
[2026-08-28 14:13:35,873][data.dataset][INFO] - dataset config path=/fssmall/home/h61084/codes/datasets/time/ecdc_covid_d_part01/config.json applied_keys=['date_col', 'drop_users', 'target_cols']
[2026-08-28 14:13:35,880][evaluation.evaluator][INFO] - lookback weekly period=7 observations
[2026-08-28 14:13:35,887][evaluation.evaluator][INFO] - skip complete run=/fslarge/scratch/users/h61084/codes/tsfm/outputs_selena/univariate/time-ecdc_covid_d_part01/14_2/lookback/none/instance/keep/run_0
2026-08-28 14:13:38 | configuration dataset=time/ecdc_covid_d_part01 L=14 H=2 model=chronos2 covariates=none instance_norm=true remove_constant=false seed=1 batch_size=64
[2026-08-28 14:13:40,899][data.dataset][INFO] - dataset config path=/fssmall/home/h61084/codes/datasets/time/ecdc_covid_d_part01/config.json applied_keys=['date_col', 'drop_users', 'target_cols']
[2026-08-28 14:13:40,912][evaluation.evaluator][INFO] - skip complete run=/fslarge/scratch/users/h61084/codes/tsfm/outputs_selena/univariate/time-ecdc_covid_d_part01/14_2/chronos2/none/instance/keep/run_0
2026-08-28 14:13:43 | configuration dataset=time/ecdc_covid_d_part01 L=30 H=7 model=persistence covariates=none instance_norm=true remove_constant=false seed=1 batch_size=512
[2026-08-28 14:13:45,917][data.dataset][INFO] - dataset config path=/fssmall/home/h61084/codes/datasets/time/ecdc_covid_d_part01/config.json applied_keys=['date_col', 'drop_users', 'target_cols']
[2026-08-28 14:13:45,930][evaluation.evaluator][INFO] - skip complete run=/fslarge/scratch/users/h61084/codes/tsfm/outputs_selena/univariate/time-ecdc_covid_d_part01/30_7/persistence/none/instance/keep/run_0
2026-08-28 14:13:48 | configuration dataset=time/ecdc_covid_d_part01 L=30 H=7 model=expected covariates=none instance_norm=true remove_constant=false seed=1 batch_size=512
[2026-08-28 14:13:50,967][data.dataset][INFO] - dataset config path=/fssmall/home/h61084/codes/datasets/time/ecdc_covid_d_part01/config.json applied_keys=['date_col', 'drop_users', 'target_cols']
[2026-08-28 14:13:50,980][evaluation.evaluator][INFO] - skip complete run=/fslarge/scratch/users/h61084/codes/tsfm/outputs_selena/univariate/time-ecdc_covid_d_part01/30_7/expected/none/instance/keep/run_0
2026-08-28 14:13:53 | configuration dataset=time/ecdc_covid_d_part01 L=30 H=7 model=repeat covariates=none instance_norm=true remove_constant=false seed=1 batch_size=512
[2026-08-28 14:13:56,067][data.dataset][INFO] - dataset config path=/fssmall/home/h61084/codes/datasets/time/ecdc_covid_d_part01/config.json applied_keys=['date_col', 'drop_users', 'target_cols']
[2026-08-28 14:13:56,080][evaluation.evaluator][INFO] - skip complete run=/fslarge/scratch/users/h61084/codes/tsfm/outputs_selena/univariate/time-ecdc_covid_d_part01/30_7/repeat/none/instance/keep/run_0
2026-08-28 14:13:58 | configuration dataset=time/ecdc_covid_d_part01 L=30 H=7 model=lookback covariates=none instance_norm=true remove_constant=false seed=1 batch_size=512
[2026-08-28 14:14:01,158][data.dataset][INFO] - dataset config path=/fssmall/home/h61084/codes/datasets/time/ecdc_covid_d_part01/config.json applied_keys=['date_col', 'drop_users', 'target_cols']
[2026-08-28 14:14:01,165][evaluation.evaluator][INFO] - lookback weekly period=7 observations
[2026-08-28 14:14:01,172][evaluation.evaluator][INFO] - skip complete run=/fslarge/scratch/users/h61084/codes/tsfm/outputs_selena/univariate/time-ecdc_covid_d_part01/30_7/lookback/none/instance/keep/run_0
2026-08-28 14:14:03 | configuration dataset=time/ecdc_covid_d_part01 L=30 H=7 model=chronos2 covariates=none instance_norm=true remove_constant=false seed=1 batch_size=64
[2026-08-28 14:14:06,228][data.dataset][INFO] - dataset config path=/fssmall/home/h61084/codes/datasets/time/ecdc_covid_d_part01/config.json applied_keys=['date_col', 'drop_users', 'target_cols']
[2026-08-28 14:14:06,241][evaluation.evaluator][INFO] - skip complete run=/fslarge/scratch/users/h61084/codes/tsfm/outputs_selena/univariate/time-ecdc_covid_d_part01/30_7/chronos2/none/instance/keep/run_0
2026-08-28 14:14:08 | configuration dataset=time/ecdc_covid_d_part02 L=7 H=1 model=persistence covariates=none instance_norm=true remove_constant=false seed=1 batch_size=512
[2026-08-28 14:14:11,330][data.dataset][INFO] - dataset config path=/fssmall/home/h61084/codes/datasets/time/ecdc_covid_d_part02/config.json applied_keys=['date_col', 'drop_users', 'target_cols']
[2026-08-28 14:14:11,343][evaluation.evaluator][INFO] - skip complete run=/fslarge/scratch/users/h61084/codes/tsfm/outputs_selena/univariate/time-ecdc_covid_d_part02/7_1/persistence/none/instance/keep/run_0
2026-08-28 14:14:13 | configuration dataset=time/ecdc_covid_d_part02 L=7 H=1 model=expected covariates=none instance_norm=true remove_constant=false seed=1 batch_size=512
[2026-08-28 14:14:16,394][data.dataset][INFO] - dataset config path=/fssmall/home/h61084/codes/datasets/time/ecdc_covid_d_part02/config.json applied_keys=['date_col', 'drop_users', 'target_cols']
[2026-08-28 14:14:16,406][evaluation.evaluator][INFO] - skip complete run=/fslarge/scratch/users/h61084/codes/tsfm/outputs_selena/univariate/time-ecdc_covid_d_part02/7_1/expected/none/instance/keep/run_0
2026-08-28 14:14:18 | configuration dataset=time/ecdc_covid_d_part02 L=7 H=1 model=repeat covariates=none instance_norm=true remove_constant=false seed=1 batch_size=512
[2026-08-28 14:14:21,479][data.dataset][INFO] - dataset config path=/fssmall/home/h61084/codes/datasets/time/ecdc_covid_d_part02/config.json applied_keys=['date_col', 'drop_users', 'target_cols']
[2026-08-28 14:14:21,492][evaluation.evaluator][INFO] - skip complete run=/fslarge/scratch/users/h61084/codes/tsfm/outputs_selena/univariate/time-ecdc_covid_d_part02/7_1/repeat/none/instance/keep/run_0
2026-08-28 14:14:23 | configuration dataset=time/ecdc_covid_d_part02 L=7 H=1 model=lookback covariates=none instance_norm=true remove_constant=false seed=1 batch_size=512
[2026-08-28 14:14:26,569][data.dataset][INFO] - dataset config path=/fssmall/home/h61084/codes/datasets/time/ecdc_covid_d_part02/config.json applied_keys=['date_col', 'drop_users', 'target_cols']
[2026-08-28 14:14:26,576][evaluation.evaluator][INFO] - lookback weekly period=7 observations
[2026-08-28 14:14:26,582][evaluation.evaluator][INFO] - skip complete run=/fslarge/scratch/users/h61084/codes/tsfm/outputs_selena/univariate/time-ecdc_covid_d_part02/7_1/lookback/none/instance/keep/run_0
2026-08-28 14:14:28 | configuration dataset=time/ecdc_covid_d_part02 L=7 H=1 model=chronos2 covariates=none instance_norm=true remove_constant=false seed=1 batch_size=64
[2026-08-28 14:14:31,686][data.dataset][INFO] - dataset config path=/fssmall/home/h61084/codes/datasets/time/ecdc_covid_d_part02/config.json applied_keys=['date_col', 'drop_users', 'target_cols']
[2026-08-28 14:14:31,699][evaluation.evaluator][INFO] - skip complete run=/fslarge/scratch/users/h61084/codes/tsfm/outputs_selena/univariate/time-ecdc_covid_d_part02/7_1/chronos2/none/instance/keep/run_0
2026-08-28 14:14:34 | configuration dataset=time/ecdc_covid_d_part02 L=14 H=2 model=persistence covariates=none instance_norm=true remove_constant=false seed=1 batch_size=512
[2026-08-28 14:14:36,790][data.dataset][INFO] - dataset config path=/fssmall/home/h61084/codes/datasets/time/ecdc_covid_d_part02/config.json applied_keys=['date_col', 'drop_users', 'target_cols']
[2026-08-28 14:14:36,802][evaluation.evaluator][INFO] - skip complete run=/fslarge/scratch/users/h61084/codes/tsfm/outputs_selena/univariate/time-ecdc_covid_d_part02/14_2/persistence/none/instance/keep/run_0
2026-08-28 14:14:39 | configuration dataset=time/ecdc_covid_d_part02 L=14 H=2 model=expected covariates=none instance_norm=true remove_constant=false seed=1 batch_size=512
[2026-08-28 14:14:41,888][data.dataset][INFO] - dataset config path=/fssmall/home/h61084/codes/datasets/time/ecdc_covid_d_part02/config.json applied_keys=['date_col', 'drop_users', 'target_cols']
[2026-08-28 14:14:41,899][evaluation.evaluator][INFO] - skip complete run=/fslarge/scratch/users/h61084/codes/tsfm/outputs_selena/univariate/time-ecdc_covid_d_part02/14_2/expected/none/instance/keep/run_0
2026-08-28 14:14:44 | configuration dataset=time/ecdc_covid_d_part02 L=14 H=2 model=repeat covariates=none instance_norm=true remove_constant=false seed=1 batch_size=512
[2026-08-28 14:14:46,989][data.dataset][INFO] - dataset config path=/fssmall/home/h61084/codes/datasets/time/ecdc_covid_d_part02/config.json applied_keys=['date_col', 'drop_users', 'target_cols']
[2026-08-28 14:14:47,002][evaluation.evaluator][INFO] - skip complete run=/fslarge/scratch/users/h61084/codes/tsfm/outputs_selena/univariate/time-ecdc_covid_d_part02/14_2/repeat/none/instance/keep/run_0
2026-08-28 14:14:49 | configuration dataset=time/ecdc_covid_d_part02 L=14 H=2 model=lookback covariates=none instance_norm=true remove_constant=false seed=1 batch_size=512
[2026-08-28 14:14:52,090][data.dataset][INFO] - dataset config path=/fssmall/home/h61084/codes/datasets/time/ecdc_covid_d_part02/config.json applied_keys=['date_col', 'drop_users', 'target_cols']
[2026-08-28 14:14:52,096][evaluation.evaluator][INFO] - lookback weekly period=7 observations
[2026-08-28 14:14:52,103][evaluation.evaluator][INFO] - skip complete run=/fslarge/scratch/users/h61084/codes/tsfm/outputs_selena/univariate/time-ecdc_covid_d_part02/14_2/lookback/none/instance/keep/run_0
2026-08-28 14:14:54 | configuration dataset=time/ecdc_covid_d_part02 L=14 H=2 model=chronos2 covariates=none instance_norm=true remove_constant=false seed=1 batch_size=64
[2026-08-28 14:14:57,188][data.dataset][INFO] - dataset config path=/fssmall/home/h61084/codes/datasets/time/ecdc_covid_d_part02/config.json applied_keys=['date_col', 'drop_users', 'target_cols']
[2026-08-28 14:14:57,201][evaluation.evaluator][INFO] - skip complete run=/fslarge/scratch/users/h61084/codes/tsfm/outputs_selena/univariate/time-ecdc_covid_d_part02/14_2/chronos2/none/instance/keep/run_0
2026-08-28 14:14:59 | configuration dataset=time/ecdc_covid_d_part02 L=30 H=7 model=persistence covariates=none instance_norm=true remove_constant=false seed=1 batch_size=512
[2026-08-28 14:15:02,302][data.dataset][INFO] - dataset config path=/fssmall/home/h61084/codes/datasets/time/ecdc_covid_d_part02/config.json applied_keys=['date_col', 'drop_users', 'target_cols']
[2026-08-28 14:15:02,315][evaluation.evaluator][INFO] - skip complete run=/fslarge/scratch/users/h61084/codes/tsfm/outputs_selena/univariate/time-ecdc_covid_d_part02/30_7/persistence/none/instance/keep/run_0
2026-08-28 14:15:04 | configuration dataset=time/ecdc_covid_d_part02 L=30 H=7 model=expected covariates=none instance_norm=true remove_constant=false seed=1 batch_size=512
[2026-08-28 14:15:07,407][data.dataset][INFO] - dataset config path=/fssmall/home/h61084/codes/datasets/time/ecdc_covid_d_part02/config.json applied_keys=['date_col', 'drop_users', 'target_cols']
[2026-08-28 14:15:07,420][evaluation.evaluator][INFO] - skip complete run=/fslarge/scratch/users/h61084/codes/tsfm/outputs_selena/univariate/time-ecdc_covid_d_part02/30_7/expected/none/instance/keep/run_0
2026-08-28 14:15:09 | configuration dataset=time/ecdc_covid_d_part02 L=30 H=7 model=repeat covariates=none instance_norm=true remove_constant=false seed=1 batch_size=512
[2026-08-28 14:15:12,532][data.dataset][INFO] - dataset config path=/fssmall/home/h61084/codes/datasets/time/ecdc_covid_d_part02/config.json applied_keys=['date_col', 'drop_users', 'target_cols']
[2026-08-28 14:15:12,545][evaluation.evaluator][INFO] - skip complete run=/fslarge/scratch/users/h61084/codes/tsfm/outputs_selena/univariate/time-ecdc_covid_d_part02/30_7/repeat/none/instance/keep/run_0
2026-08-28 14:15:14 | configuration dataset=time/ecdc_covid_d_part02 L=30 H=7 model=lookback covariates=none instance_norm=true remove_constant=false seed=1 batch_size=512
[2026-08-28 14:15:17,633][data.dataset][INFO] - dataset config path=/fssmall/home/h61084/codes/datasets/time/ecdc_covid_d_part02/config.json applied_keys=['date_col', 'drop_users', 'target_cols']
[2026-08-28 14:15:17,640][evaluation.evaluator][INFO] - lookback weekly period=7 observations
[2026-08-28 14:15:17,646][evaluation.evaluator][INFO] - skip complete run=/fslarge/scratch/users/h61084/codes/tsfm/outputs_selena/univariate/time-ecdc_covid_d_part02/30_7/lookback/none/instance/keep/run_0
2026-08-28 14:15:20 | configuration dataset=time/ecdc_covid_d_part02 L=30 H=7 model=chronos2 covariates=none instance_norm=true remove_constant=false seed=1 batch_size=64
[2026-08-28 14:15:22,758][data.dataset][INFO] - dataset config path=/fssmall/home/h61084/codes/datasets/time/ecdc_covid_d_part02/config.json applied_keys=['date_col', 'drop_users', 'target_cols']
[2026-08-28 14:15:22,771][evaluation.evaluator][INFO] - skip complete run=/fslarge/scratch/users/h61084/codes/tsfm/outputs_selena/univariate/time-ecdc_covid_d_part02/30_7/chronos2/none/instance/keep/run_0
2026-08-28 14:15:25 | configuration dataset=time/ecdc_covid_d_part03 L=7 H=1 model=persistence covariates=none instance_norm=true remove_constant=false seed=1 batch_size=512
[2026-08-28 14:15:27,878][data.dataset][INFO] - dataset config path=/fssmall/home/h61084/codes/datasets/time/ecdc_covid_d_part03/config.json applied_keys=['date_col', 'drop_users', 'target_cols']
[2026-08-28 14:15:27,891][evaluation.evaluator][INFO] - skip complete run=/fslarge/scratch/users/h61084/codes/tsfm/outputs_selena/univariate/time-ecdc_covid_d_part03/7_1/persistence/none/instance/keep/run_0
2026-08-28 14:15:30 | configuration dataset=time/ecdc_covid_d_part03 L=7 H=1 model=expected covariates=none instance_norm=true remove_constant=false seed=1 batch_size=512
[2026-08-28 14:15:32,984][data.dataset][INFO] - dataset config path=/fssmall/home/h61084/codes/datasets/time/ecdc_covid_d_part03/config.json applied_keys=['date_col', 'drop_users', 'target_cols']
[2026-08-28 14:15:32,996][evaluation.evaluator][INFO] - skip complete run=/fslarge/scratch/users/h61084/codes/tsfm/outputs_selena/univariate/time-ecdc_covid_d_part03/7_1/expected/none/instance/keep/run_0
2026-08-28 14:15:35 | configuration dataset=time/ecdc_covid_d_part03 L=7 H=1 model=repeat covariates=none instance_norm=true remove_constant=false seed=1 batch_size=512
[2026-08-28 14:15:38,068][data.dataset][INFO] - dataset config path=/fssmall/home/h61084/codes/datasets/time/ecdc_covid_d_part03/config.json applied_keys=['date_col', 'drop_users', 'target_cols']
[2026-08-28 14:15:38,082][evaluation.evaluator][INFO] - skip complete run=/fslarge/scratch/users/h61084/codes/tsfm/outputs_selena/univariate/time-ecdc_covid_d_part03/7_1/repeat/none/instance/keep/run_0
2026-08-28 14:15:40 | configuration dataset=time/ecdc_covid_d_part03 L=7 H=1 model=lookback covariates=none instance_norm=true remove_constant=false seed=1 batch_size=512
[2026-08-28 14:15:43,125][data.dataset][INFO] - dataset config path=/fssmall/home/h61084/codes/datasets/time/ecdc_covid_d_part03/config.json applied_keys=['date_col', 'drop_users', 'target_cols']
[2026-08-28 14:15:43,131][evaluation.evaluator][INFO] - lookback weekly period=7 observations
[2026-08-28 14:15:43,138][evaluation.evaluator][INFO] - skip complete run=/fslarge/scratch/users/h61084/codes/tsfm/outputs_selena/univariate/time-ecdc_covid_d_part03/7_1/lookback/none/instance/keep/run_0
2026-08-28 14:15:45 | configuration dataset=time/ecdc_covid_d_part03 L=7 H=1 model=chronos2 covariates=none instance_norm=true remove_constant=false seed=1 batch_size=64
[2026-08-28 14:15:48,239][data.dataset][INFO] - dataset config path=/fssmall/home/h61084/codes/datasets/time/ecdc_covid_d_part03/config.json applied_keys=['date_col', 'drop_users', 'target_cols']
[2026-08-28 14:15:48,252][evaluation.evaluator][INFO] - skip complete run=/fslarge/scratch/users/h61084/codes/tsfm/outputs_selena/univariate/time-ecdc_covid_d_part03/7_1/chronos2/none/instance/keep/run_0
2026-08-28 14:15:50 | configuration dataset=time/ecdc_covid_d_part03 L=14 H=2 model=persistence covariates=none instance_norm=true remove_constant=false seed=1 batch_size=512
[2026-08-28 14:15:53,362][data.dataset][INFO] - dataset config path=/fssmall/home/h61084/codes/datasets/time/ecdc_covid_d_part03/config.json applied_keys=['date_col', 'drop_users', 'target_cols']
[2026-08-28 14:15:53,374][evaluation.evaluator][INFO] - skip complete run=/fslarge/scratch/users/h61084/codes/tsfm/outputs_selena/univariate/time-ecdc_covid_d_part03/14_2/persistence/none/instance/keep/run_0
2026-08-28 14:15:55 | configuration dataset=time/ecdc_covid_d_part03 L=14 H=2 model=expected covariates=none instance_norm=true remove_constant=false seed=1 batch_size=512
[2026-08-28 14:15:58,416][data.dataset][INFO] - dataset config path=/fssmall/home/h61084/codes/datasets/time/ecdc_covid_d_part03/config.json applied_keys=['date_col', 'drop_users', 'target_cols']
[2026-08-28 14:15:58,429][evaluation.evaluator][INFO] - skip complete run=/fslarge/scratch/users/h61084/codes/tsfm/outputs_selena/univariate/time-ecdc_covid_d_part03/14_2/expected/none/instance/keep/run_0
2026-08-28 14:16:00 | configuration dataset=time/ecdc_covid_d_part03 L=14 H=2 model=repeat covariates=none instance_norm=true remove_constant=false seed=1 batch_size=512
[2026-08-28 14:16:03,503][data.dataset][INFO] - dataset config path=/fssmall/home/h61084/codes/datasets/time/ecdc_covid_d_part03/config.json applied_keys=['date_col', 'drop_users', 'target_cols']
[2026-08-28 14:16:03,515][evaluation.evaluator][INFO] - skip complete run=/fslarge/scratch/users/h61084/codes/tsfm/outputs_selena/univariate/time-ecdc_covid_d_part03/14_2/repeat/none/instance/keep/run_0
2026-08-28 14:16:05 | configuration dataset=time/ecdc_covid_d_part03 L=14 H=2 model=lookback covariates=none instance_norm=true remove_constant=false seed=1 batch_size=512
[2026-08-28 14:16:08,569][data.dataset][INFO] - dataset config path=/fssmall/home/h61084/codes/datasets/time/ecdc_covid_d_part03/config.json applied_keys=['date_col', 'drop_users', 'target_cols']
[2026-08-28 14:16:08,575][evaluation.evaluator][INFO] - lookback weekly period=7 observations
[2026-08-28 14:16:08,583][evaluation.evaluator][INFO] - skip complete run=/fslarge/scratch/users/h61084/codes/tsfm/outputs_selena/univariate/time-ecdc_covid_d_part03/14_2/lookback/none/instance/keep/run_0
2026-08-28 14:16:10 | configuration dataset=time/ecdc_covid_d_part03 L=14 H=2 model=chronos2 covariates=none instance_norm=true remove_constant=false seed=1 batch_size=64
[2026-08-28 14:16:13,664][data.dataset][INFO] - dataset config path=/fssmall/home/h61084/codes/datasets/time/ecdc_covid_d_part03/config.json applied_keys=['date_col', 'drop_users', 'target_cols']
[2026-08-28 14:16:13,677][evaluation.evaluator][INFO] - skip complete run=/fslarge/scratch/users/h61084/codes/tsfm/outputs_selena/univariate/time-ecdc_covid_d_part03/14_2/chronos2/none/instance/keep/run_0
2026-08-28 14:16:16 | configuration dataset=time/ecdc_covid_d_part03 L=30 H=7 model=persistence covariates=none instance_norm=true remove_constant=false seed=1 batch_size=512
[2026-08-28 14:16:18,792][data.dataset][INFO] - dataset config path=/fssmall/home/h61084/codes/datasets/time/ecdc_covid_d_part03/config.json applied_keys=['date_col', 'drop_users', 'target_cols']
[2026-08-28 14:16:18,805][evaluation.evaluator][INFO] - skip complete run=/fslarge/scratch/users/h61084/codes/tsfm/outputs_selena/univariate/time-ecdc_covid_d_part03/30_7/persistence/none/instance/keep/run_0
2026-08-28 14:16:21 | configuration dataset=time/ecdc_covid_d_part03 L=30 H=7 model=expected covariates=none instance_norm=true remove_constant=false seed=1 batch_size=512
[2026-08-28 14:16:23,915][data.dataset][INFO] - dataset config path=/fssmall/home/h61084/codes/datasets/time/ecdc_covid_d_part03/config.json applied_keys=['date_col', 'drop_users', 'target_cols']
[2026-08-28 14:16:23,928][evaluation.evaluator][INFO] - skip complete run=/fslarge/scratch/users/h61084/codes/tsfm/outputs_selena/univariate/time-ecdc_covid_d_part03/30_7/expected/none/instance/keep/run_0
2026-08-28 14:16:26 | configuration dataset=time/ecdc_covid_d_part03 L=30 H=7 model=repeat covariates=none instance_norm=true remove_constant=false seed=1 batch_size=512
[2026-08-28 14:16:29,002][data.dataset][INFO] - dataset config path=/fssmall/home/h61084/codes/datasets/time/ecdc_covid_d_part03/config.json applied_keys=['date_col', 'drop_users', 'target_cols']
[2026-08-28 14:16:29,013][evaluation.evaluator][INFO] - skip complete run=/fslarge/scratch/users/h61084/codes/tsfm/outputs_selena/univariate/time-ecdc_covid_d_part03/30_7/repeat/none/instance/keep/run_0
2026-08-28 14:16:31 | configuration dataset=time/ecdc_covid_d_part03 L=30 H=7 model=lookback covariates=none instance_norm=true remove_constant=false seed=1 batch_size=512
[2026-08-28 14:16:34,113][data.dataset][INFO] - dataset config path=/fssmall/home/h61084/codes/datasets/time/ecdc_covid_d_part03/config.json applied_keys=['date_col', 'drop_users', 'target_cols']
[2026-08-28 14:16:34,120][evaluation.evaluator][INFO] - lookback weekly period=7 observations
[2026-08-28 14:16:34,127][evaluation.evaluator][INFO] - skip complete run=/fslarge/scratch/users/h61084/codes/tsfm/outputs_selena/univariate/time-ecdc_covid_d_part03/30_7/lookback/none/instance/keep/run_0
2026-08-28 14:16:36 | configuration dataset=time/ecdc_covid_d_part03 L=30 H=7 model=chronos2 covariates=none instance_norm=true remove_constant=false seed=1 batch_size=64
[2026-08-28 14:16:39,215][data.dataset][INFO] - dataset config path=/fssmall/home/h61084/codes/datasets/time/ecdc_covid_d_part03/config.json applied_keys=['date_col', 'drop_users', 'target_cols']
[2026-08-28 14:16:39,227][evaluation.evaluator][INFO] - skip complete run=/fslarge/scratch/users/h61084/codes/tsfm/outputs_selena/univariate/time-ecdc_covid_d_part03/30_7/chronos2/none/instance/keep/run_0
2026-08-28 14:16:41 | configuration dataset=time/ecdc_covid_d_part04 L=7 H=1 model=persistence covariates=none instance_norm=true remove_constant=false seed=1 batch_size=512
[2026-08-28 14:16:44,271][data.dataset][INFO] - dataset config path=/fssmall/home/h61084/codes/datasets/time/ecdc_covid_d_part04/config.json applied_keys=['date_col', 'drop_users', 'target_cols']
[2026-08-28 14:16:44,284][evaluation.evaluator][INFO] - skip complete run=/fslarge/scratch/users/h61084/codes/tsfm/outputs_selena/univariate/time-ecdc_covid_d_part04/7_1/persistence/none/instance/keep/run_0
2026-08-28 14:16:46 | configuration dataset=time/ecdc_covid_d_part04 L=7 H=1 model=expected covariates=none instance_norm=true remove_constant=false seed=1 batch_size=512
[2026-08-28 14:16:49,381][data.dataset][INFO] - dataset config path=/fssmall/home/h61084/codes/datasets/time/ecdc_covid_d_part04/config.json applied_keys=['date_col', 'drop_users', 'target_cols']
[2026-08-28 14:16:49,393][evaluation.evaluator][INFO] - skip complete run=/fslarge/scratch/users/h61084/codes/tsfm/outputs_selena/univariate/time-ecdc_covid_d_part04/7_1/expected/none/instance/keep/run_0
2026-08-28 14:16:51 | configuration dataset=time/ecdc_covid_d_part04 L=7 H=1 model=repeat covariates=none instance_norm=true remove_constant=false seed=1 batch_size=512
[2026-08-28 14:16:54,436][data.dataset][INFO] - dataset config path=/fssmall/home/h61084/codes/datasets/time/ecdc_covid_d_part04/config.json applied_keys=['date_col', 'drop_users', 'target_cols']
[2026-08-28 14:16:54,449][evaluation.evaluator][INFO] - skip complete run=/fslarge/scratch/users/h61084/codes/tsfm/outputs_selena/univariate/time-ecdc_covid_d_part04/7_1/repeat/none/instance/keep/run_0
2026-08-28 14:16:56 | configuration dataset=time/ecdc_covid_d_part04 L=7 H=1 model=lookback covariates=none instance_norm=true remove_constant=false seed=1 batch_size=512
[2026-08-28 14:16:59,476][data.dataset][INFO] - dataset config path=/fssmall/home/h61084/codes/datasets/time/ecdc_covid_d_part04/config.json applied_keys=['date_col', 'drop_users', 'target_cols']
[2026-08-28 14:16:59,482][evaluation.evaluator][INFO] - lookback weekly period=7 observations
[2026-08-28 14:16:59,489][evaluation.evaluator][INFO] - skip complete run=/fslarge/scratch/users/h61084/codes/tsfm/outputs_selena/univariate/time-ecdc_covid_d_part04/7_1/lookback/none/instance/keep/run_0
2026-08-28 14:17:01 | configuration dataset=time/ecdc_covid_d_part04 L=7 H=1 model=chronos2 covariates=none instance_norm=true remove_constant=false seed=1 batch_size=64
[2026-08-28 14:17:04,558][data.dataset][INFO] - dataset config path=/fssmall/home/h61084/codes/datasets/time/ecdc_covid_d_part04/config.json applied_keys=['date_col', 'drop_users', 'target_cols']
[2026-08-28 14:17:04,571][evaluation.evaluator][INFO] - skip complete run=/fslarge/scratch/users/h61084/codes/tsfm/outputs_selena/univariate/time-ecdc_covid_d_part04/7_1/chronos2/none/instance/keep/run_0
2026-08-28 14:17:06 | configuration dataset=time/ecdc_covid_d_part04 L=14 H=2 model=persistence covariates=none instance_norm=true remove_constant=false seed=1 batch_size=512
[2026-08-28 14:17:09,647][data.dataset][INFO] - dataset config path=/fssmall/home/h61084/codes/datasets/time/ecdc_covid_d_part04/config.json applied_keys=['date_col', 'drop_users', 'target_cols']
[2026-08-28 14:17:09,659][evaluation.evaluator][INFO] - skip complete run=/fslarge/scratch/users/h61084/codes/tsfm/outputs_selena/univariate/time-ecdc_covid_d_part04/14_2/persistence/none/instance/keep/run_0
2026-08-28 14:17:11 | configuration dataset=time/ecdc_covid_d_part04 L=14 H=2 model=expected covariates=none instance_norm=true remove_constant=false seed=1 batch_size=512
[2026-08-28 14:17:14,705][data.dataset][INFO] - dataset config path=/fssmall/home/h61084/codes/datasets/time/ecdc_covid_d_part04/config.json applied_keys=['date_col', 'drop_users', 'target_cols']
[2026-08-28 14:17:14,719][evaluation.evaluator][INFO] - skip complete run=/fslarge/scratch/users/h61084/codes/tsfm/outputs_selena/univariate/time-ecdc_covid_d_part04/14_2/expected/none/instance/keep/run_0
2026-08-28 14:17:17 | configuration dataset=time/ecdc_covid_d_part04 L=14 H=2 model=repeat covariates=none instance_norm=true remove_constant=false seed=1 batch_size=512
[2026-08-28 14:17:19,819][data.dataset][INFO] - dataset config path=/fssmall/home/h61084/codes/datasets/time/ecdc_covid_d_part04/config.json applied_keys=['date_col', 'drop_users', 'target_cols']
[2026-08-28 14:17:19,832][evaluation.evaluator][INFO] - skip complete run=/fslarge/scratch/users/h61084/codes/tsfm/outputs_selena/univariate/time-ecdc_covid_d_part04/14_2/repeat/none/instance/keep/run_0
2026-08-28 14:17:22 | configuration dataset=time/ecdc_covid_d_part04 L=14 H=2 model=lookback covariates=none instance_norm=true remove_constant=false seed=1 batch_size=512
[2026-08-28 14:17:24,908][data.dataset][INFO] - dataset config path=/fssmall/home/h61084/codes/datasets/time/ecdc_covid_d_part04/config.json applied_keys=['date_col', 'drop_users', 'target_cols']
[2026-08-28 14:17:24,915][evaluation.evaluator][INFO] - lookback weekly period=7 observations
[2026-08-28 14:17:24,921][evaluation.evaluator][INFO] - skip complete run=/fslarge/scratch/users/h61084/codes/tsfm/outputs_selena/univariate/time-ecdc_covid_d_part04/14_2/lookback/none/instance/keep/run_0
2026-08-28 14:17:27 | configuration dataset=time/ecdc_covid_d_part04 L=14 H=2 model=chronos2 covariates=none instance_norm=true remove_constant=false seed=1 batch_size=64
[2026-08-28 14:17:29,999][data.dataset][INFO] - dataset config path=/fssmall/home/h61084/codes/datasets/time/ecdc_covid_d_part04/config.json applied_keys=['date_col', 'drop_users', 'target_cols']
[2026-08-28 14:17:30,011][evaluation.evaluator][INFO] - skip complete run=/fslarge/scratch/users/h61084/codes/tsfm/outputs_selena/univariate/time-ecdc_covid_d_part04/14_2/chronos2/none/instance/keep/run_0
2026-08-28 14:17:32 | configuration dataset=time/ecdc_covid_d_part04 L=30 H=7 model=persistence covariates=none instance_norm=true remove_constant=false seed=1 batch_size=512
[2026-08-28 14:17:35,113][data.dataset][INFO] - dataset config path=/fssmall/home/h61084/codes/datasets/time/ecdc_covid_d_part04/config.json applied_keys=['date_col', 'drop_users', 'target_cols']
[2026-08-28 14:17:35,126][evaluation.evaluator][INFO] - skip complete run=/fslarge/scratch/users/h61084/codes/tsfm/outputs_selena/univariate/time-ecdc_covid_d_part04/30_7/persistence/none/instance/keep/run_0
2026-08-28 14:17:37 | configuration dataset=time/ecdc_covid_d_part04 L=30 H=7 model=expected covariates=none instance_norm=true remove_constant=false seed=1 batch_size=512
[2026-08-28 14:17:40,240][data.dataset][INFO] - dataset config path=/fssmall/home/h61084/codes/datasets/time/ecdc_covid_d_part04/config.json applied_keys=['date_col', 'drop_users', 'target_cols']
[2026-08-28 14:17:40,252][evaluation.evaluator][INFO] - skip complete run=/fslarge/scratch/users/h61084/codes/tsfm/outputs_selena/univariate/time-ecdc_covid_d_part04/30_7/expected/none/instance/keep/run_0
2026-08-28 14:17:42 | configuration dataset=time/ecdc_covid_d_part04 L=30 H=7 model=repeat covariates=none instance_norm=true remove_constant=false seed=1 batch_size=512
[2026-08-28 14:17:45,310][data.dataset][INFO] - dataset config path=/fssmall/home/h61084/codes/datasets/time/ecdc_covid_d_part04/config.json applied_keys=['date_col', 'drop_users', 'target_cols']
[2026-08-28 14:17:45,324][evaluation.evaluator][INFO] - skip complete run=/fslarge/scratch/users/h61084/codes/tsfm/outputs_selena/univariate/time-ecdc_covid_d_part04/30_7/repeat/none/instance/keep/run_0
2026-08-28 14:17:47 | configuration dataset=time/ecdc_covid_d_part04 L=30 H=7 model=lookback covariates=none instance_norm=true remove_constant=false seed=1 batch_size=512
[2026-08-28 14:17:50,364][data.dataset][INFO] - dataset config path=/fssmall/home/h61084/codes/datasets/time/ecdc_covid_d_part04/config.json applied_keys=['date_col', 'drop_users', 'target_cols']
[2026-08-28 14:17:50,370][evaluation.evaluator][INFO] - lookback weekly period=7 observations
[2026-08-28 14:17:50,377][evaluation.evaluator][INFO] - skip complete run=/fslarge/scratch/users/h61084/codes/tsfm/outputs_selena/univariate/time-ecdc_covid_d_part04/30_7/lookback/none/instance/keep/run_0
2026-08-28 14:17:52 | configuration dataset=time/ecdc_covid_d_part04 L=30 H=7 model=chronos2 covariates=none instance_norm=true remove_constant=false seed=1 batch_size=64
[2026-08-28 14:17:55,422][data.dataset][INFO] - dataset config path=/fssmall/home/h61084/codes/datasets/time/ecdc_covid_d_part04/config.json applied_keys=['date_col', 'drop_users', 'target_cols']
[2026-08-28 14:17:55,434][evaluation.evaluator][INFO] - skip complete run=/fslarge/scratch/users/h61084/codes/tsfm/outputs_selena/univariate/time-ecdc_covid_d_part04/30_7/chronos2/none/instance/keep/run_0
2026-08-28 14:17:57 | configuration dataset=time/ecdc_covid_d_part05 L=7 H=1 model=persistence covariates=none instance_norm=true remove_constant=false seed=1 batch_size=512
[2026-08-28 14:18:00,450][data.dataset][INFO] - dataset config path=/fssmall/home/h61084/codes/datasets/time/ecdc_covid_d_part05/config.json applied_keys=['date_col', 'drop_users', 'target_cols']
[2026-08-28 14:18:00,463][evaluation.evaluator][INFO] - skip complete run=/fslarge/scratch/users/h61084/codes/tsfm/outputs_selena/univariate/time-ecdc_covid_d_part05/7_1/persistence/none/instance/keep/run_0
2026-08-28 14:18:02 | configuration dataset=time/ecdc_covid_d_part05 L=7 H=1 model=expected covariates=none instance_norm=true remove_constant=false seed=1 batch_size=512
[2026-08-28 14:18:05,533][data.dataset][INFO] - dataset config path=/fssmall/home/h61084/codes/datasets/time/ecdc_covid_d_part05/config.json applied_keys=['date_col', 'drop_users', 'target_cols']
[2026-08-28 14:18:05,545][evaluation.evaluator][INFO] - skip complete run=/fslarge/scratch/users/h61084/codes/tsfm/outputs_selena/univariate/time-ecdc_covid_d_part05/7_1/expected/none/instance/keep/run_0
2026-08-28 14:18:07 | configuration dataset=time/ecdc_covid_d_part05 L=7 H=1 model=repeat covariates=none instance_norm=true remove_constant=false seed=1 batch_size=512
[2026-08-28 14:18:10,604][data.dataset][INFO] - dataset config path=/fssmall/home/h61084/codes/datasets/time/ecdc_covid_d_part05/config.json applied_keys=['date_col', 'drop_users', 'target_cols']
[2026-08-28 14:18:10,616][evaluation.evaluator][INFO] - skip complete run=/fslarge/scratch/users/h61084/codes/tsfm/outputs_selena/univariate/time-ecdc_covid_d_part05/7_1/repeat/none/instance/keep/run_0
2026-08-28 14:18:12 | configuration dataset=time/ecdc_covid_d_part05 L=7 H=1 model=lookback covariates=none instance_norm=true remove_constant=false seed=1 batch_size=512
[2026-08-28 14:18:15,655][data.dataset][INFO] - dataset config path=/fssmall/home/h61084/codes/datasets/time/ecdc_covid_d_part05/config.json applied_keys=['date_col', 'drop_users', 'target_cols']
[2026-08-28 14:18:15,661][evaluation.evaluator][INFO] - lookback weekly period=7 observations
[2026-08-28 14:18:15,668][evaluation.evaluator][INFO] - skip complete run=/fslarge/scratch/users/h61084/codes/tsfm/outputs_selena/univariate/time-ecdc_covid_d_part05/7_1/lookback/none/instance/keep/run_0
2026-08-28 14:18:18 | configuration dataset=time/ecdc_covid_d_part05 L=7 H=1 model=chronos2 covariates=none instance_norm=true remove_constant=false seed=1 batch_size=64
[2026-08-28 14:18:20,752][data.dataset][INFO] - dataset config path=/fssmall/home/h61084/codes/datasets/time/ecdc_covid_d_part05/config.json applied_keys=['date_col', 'drop_users', 'target_cols']
[2026-08-28 14:18:20,764][evaluation.evaluator][INFO] - skip complete run=/fslarge/scratch/users/h61084/codes/tsfm/outputs_selena/univariate/time-ecdc_covid_d_part05/7_1/chronos2/none/instance/keep/run_0
2026-08-28 14:18:23 | configuration dataset=time/ecdc_covid_d_part05 L=14 H=2 model=persistence covariates=none instance_norm=true remove_constant=false seed=1 batch_size=512
[2026-08-28 14:18:25,829][data.dataset][INFO] - dataset config path=/fssmall/home/h61084/codes/datasets/time/ecdc_covid_d_part05/config.json applied_keys=['date_col', 'drop_users', 'target_cols']
[2026-08-28 14:18:25,841][evaluation.evaluator][INFO] - skip complete run=/fslarge/scratch/users/h61084/codes/tsfm/outputs_selena/univariate/time-ecdc_covid_d_part05/14_2/persistence/none/instance/keep/run_0
2026-08-28 14:18:28 | configuration dataset=time/ecdc_covid_d_part05 L=14 H=2 model=expected covariates=none instance_norm=true remove_constant=false seed=1 batch_size=512
[2026-08-28 14:18:30,906][data.dataset][INFO] - dataset config path=/fssmall/home/h61084/codes/datasets/time/ecdc_covid_d_part05/config.json applied_keys=['date_col', 'drop_users', 'target_cols']
[2026-08-28 14:18:30,919][evaluation.evaluator][INFO] - skip complete run=/fslarge/scratch/users/h61084/codes/tsfm/outputs_selena/univariate/time-ecdc_covid_d_part05/14_2/expected/none/instance/keep/run_0
2026-08-28 14:18:33 | configuration dataset=time/ecdc_covid_d_part05 L=14 H=2 model=repeat covariates=none instance_norm=true remove_constant=false seed=1 batch_size=512
[2026-08-28 14:18:35,970][data.dataset][INFO] - dataset config path=/fssmall/home/h61084/codes/datasets/time/ecdc_covid_d_part05/config.json applied_keys=['date_col', 'drop_users', 'target_cols']
[2026-08-28 14:18:35,983][evaluation.evaluator][INFO] - skip complete run=/fslarge/scratch/users/h61084/codes/tsfm/outputs_selena/univariate/time-ecdc_covid_d_part05/14_2/repeat/none/instance/keep/run_0
2026-08-28 14:18:38 | configuration dataset=time/ecdc_covid_d_part05 L=14 H=2 model=lookback covariates=none instance_norm=true remove_constant=false seed=1 batch_size=512
[2026-08-28 14:18:41,027][data.dataset][INFO] - dataset config path=/fssmall/home/h61084/codes/datasets/time/ecdc_covid_d_part05/config.json applied_keys=['date_col', 'drop_users', 'target_cols']
[2026-08-28 14:18:41,034][evaluation.evaluator][INFO] - lookback weekly period=7 observations
[2026-08-28 14:18:41,041][evaluation.evaluator][INFO] - skip complete run=/fslarge/scratch/users/h61084/codes/tsfm/outputs_selena/univariate/time-ecdc_covid_d_part05/14_2/lookback/none/instance/keep/run_0
2026-08-28 14:18:43 | configuration dataset=time/ecdc_covid_d_part05 L=14 H=2 model=chronos2 covariates=none instance_norm=true remove_constant=false seed=1 batch_size=64
[2026-08-28 14:18:46,075][data.dataset][INFO] - dataset config path=/fssmall/home/h61084/codes/datasets/time/ecdc_covid_d_part05/config.json applied_keys=['date_col', 'drop_users', 'target_cols']
[2026-08-28 14:18:46,088][evaluation.evaluator][INFO] - skip complete run=/fslarge/scratch/users/h61084/codes/tsfm/outputs_selena/univariate/time-ecdc_covid_d_part05/14_2/chronos2/none/instance/keep/run_0
2026-08-28 14:18:48 | configuration dataset=time/ecdc_covid_d_part05 L=30 H=7 model=persistence covariates=none instance_norm=true remove_constant=false seed=1 batch_size=512
[2026-08-28 14:18:51,162][data.dataset][INFO] - dataset config path=/fssmall/home/h61084/codes/datasets/time/ecdc_covid_d_part05/config.json applied_keys=['date_col', 'drop_users', 'target_cols']
[2026-08-28 14:18:51,173][evaluation.evaluator][INFO] - skip complete run=/fslarge/scratch/users/h61084/codes/tsfm/outputs_selena/univariate/time-ecdc_covid_d_part05/30_7/persistence/none/instance/keep/run_0
2026-08-28 14:18:53 | configuration dataset=time/ecdc_covid_d_part05 L=30 H=7 model=expected covariates=none instance_norm=true remove_constant=false seed=1 batch_size=512
[2026-08-28 14:18:56,221][data.dataset][INFO] - dataset config path=/fssmall/home/h61084/codes/datasets/time/ecdc_covid_d_part05/config.json applied_keys=['date_col', 'drop_users', 'target_cols']
[2026-08-28 14:18:56,234][evaluation.evaluator][INFO] - skip complete run=/fslarge/scratch/users/h61084/codes/tsfm/outputs_selena/univariate/time-ecdc_covid_d_part05/30_7/expected/none/instance/keep/run_0
2026-08-28 14:18:58 | configuration dataset=time/ecdc_covid_d_part05 L=30 H=7 model=repeat covariates=none instance_norm=true remove_constant=false seed=1 batch_size=512
[2026-08-28 14:19:01,314][data.dataset][INFO] - dataset config path=/fssmall/home/h61084/codes/datasets/time/ecdc_covid_d_part05/config.json applied_keys=['date_col', 'drop_users', 'target_cols']
[2026-08-28 14:19:01,326][evaluation.evaluator][INFO] - skip complete run=/fslarge/scratch/users/h61084/codes/tsfm/outputs_selena/univariate/time-ecdc_covid_d_part05/30_7/repeat/none/instance/keep/run_0
2026-08-28 14:19:03 | configuration dataset=time/ecdc_covid_d_part05 L=30 H=7 model=lookback covariates=none instance_norm=true remove_constant=false seed=1 batch_size=512
[2026-08-28 14:19:06,365][data.dataset][INFO] - dataset config path=/fssmall/home/h61084/codes/datasets/time/ecdc_covid_d_part05/config.json applied_keys=['date_col', 'drop_users', 'target_cols']
[2026-08-28 14:19:06,372][evaluation.evaluator][INFO] - lookback weekly period=7 observations
[2026-08-28 14:19:06,379][evaluation.evaluator][INFO] - skip complete run=/fslarge/scratch/users/h61084/codes/tsfm/outputs_selena/univariate/time-ecdc_covid_d_part05/30_7/lookback/none/instance/keep/run_0
2026-08-28 14:19:08 | configuration dataset=time/ecdc_covid_d_part05 L=30 H=7 model=chronos2 covariates=none instance_norm=true remove_constant=false seed=1 batch_size=64
[2026-08-28 14:19:11,525][data.dataset][INFO] - dataset config path=/fssmall/home/h61084/codes/datasets/time/ecdc_covid_d_part05/config.json applied_keys=['date_col', 'drop_users', 'target_cols']
[2026-08-28 14:19:11,537][evaluation.evaluator][INFO] - skip complete run=/fslarge/scratch/users/h61084/codes/tsfm/outputs_selena/univariate/time-ecdc_covid_d_part05/30_7/chronos2/none/instance/keep/run_0
2026-08-28 14:19:13 | configuration dataset=time/ecdc_covid_d_part06 L=7 H=1 model=persistence covariates=none instance_norm=true remove_constant=false seed=1 batch_size=512
[2026-08-28 14:19:16,561][data.dataset][INFO] - dataset config path=/fssmall/home/h61084/codes/datasets/time/ecdc_covid_d_part06/config.json applied_keys=['date_col', 'drop_users', 'target_cols']
[2026-08-28 14:19:16,574][evaluation.evaluator][INFO] - skip complete run=/fslarge/scratch/users/h61084/codes/tsfm/outputs_selena/univariate/time-ecdc_covid_d_part06/7_1/persistence/none/instance/keep/run_0
2026-08-28 14:19:18 | configuration dataset=time/ecdc_covid_d_part06 L=7 H=1 model=expected covariates=none instance_norm=true remove_constant=false seed=1 batch_size=512
[2026-08-28 14:19:21,643][data.dataset][INFO] - dataset config path=/fssmall/home/h61084/codes/datasets/time/ecdc_covid_d_part06/config.json applied_keys=['date_col', 'drop_users', 'target_cols']
[2026-08-28 14:19:21,656][evaluation.evaluator][INFO] - skip complete run=/fslarge/scratch/users/h61084/codes/tsfm/outputs_selena/univariate/time-ecdc_covid_d_part06/7_1/expected/none/instance/keep/run_0
2026-08-28 14:19:24 | configuration dataset=time/ecdc_covid_d_part06 L=7 H=1 model=repeat covariates=none instance_norm=true remove_constant=false seed=1 batch_size=512
[2026-08-28 14:19:26,708][data.dataset][INFO] - dataset config path=/fssmall/home/h61084/codes/datasets/time/ecdc_covid_d_part06/config.json applied_keys=['date_col', 'drop_users', 'target_cols']
[2026-08-28 14:19:26,721][evaluation.evaluator][INFO] - skip complete run=/fslarge/scratch/users/h61084/codes/tsfm/outputs_selena/univariate/time-ecdc_covid_d_part06/7_1/repeat/none/instance/keep/run_0
2026-08-28 14:19:29 | configuration dataset=time/ecdc_covid_d_part06 L=7 H=1 model=lookback covariates=none instance_norm=true remove_constant=false seed=1 batch_size=512
[2026-08-28 14:19:31,726][data.dataset][INFO] - dataset config path=/fssmall/home/h61084/codes/datasets/time/ecdc_covid_d_part06/config.json applied_keys=['date_col', 'drop_users', 'target_cols']
[2026-08-28 14:19:31,732][evaluation.evaluator][INFO] - lookback weekly period=7 observations
[2026-08-28 14:19:31,739][evaluation.evaluator][INFO] - skip complete run=/fslarge/scratch/users/h61084/codes/tsfm/outputs_selena/univariate/time-ecdc_covid_d_part06/7_1/lookback/none/instance/keep/run_0
2026-08-28 14:19:34 | configuration dataset=time/ecdc_covid_d_part06 L=7 H=1 model=chronos2 covariates=none instance_norm=true remove_constant=false seed=1 batch_size=64
[2026-08-28 14:19:36,840][data.dataset][INFO] - dataset config path=/fssmall/home/h61084/codes/datasets/time/ecdc_covid_d_part06/config.json applied_keys=['date_col', 'drop_users', 'target_cols']
[2026-08-28 14:19:36,853][evaluation.evaluator][INFO] - skip complete run=/fslarge/scratch/users/h61084/codes/tsfm/outputs_selena/univariate/time-ecdc_covid_d_part06/7_1/chronos2/none/instance/keep/run_0
2026-08-28 14:19:39 | configuration dataset=time/ecdc_covid_d_part06 L=14 H=2 model=persistence covariates=none instance_norm=true remove_constant=false seed=1 batch_size=512
[2026-08-28 14:19:41,961][data.dataset][INFO] - dataset config path=/fssmall/home/h61084/codes/datasets/time/ecdc_covid_d_part06/config.json applied_keys=['date_col', 'drop_users', 'target_cols']
[2026-08-28 14:19:41,974][evaluation.evaluator][INFO] - skip complete run=/fslarge/scratch/users/h61084/codes/tsfm/outputs_selena/univariate/time-ecdc_covid_d_part06/14_2/persistence/none/instance/keep/run_0
2026-08-28 14:19:44 | configuration dataset=time/ecdc_covid_d_part06 L=14 H=2 model=expected covariates=none instance_norm=true remove_constant=false seed=1 batch_size=512
[2026-08-28 14:19:47,092][data.dataset][INFO] - dataset config path=/fssmall/home/h61084/codes/datasets/time/ecdc_covid_d_part06/config.json applied_keys=['date_col', 'drop_users', 'target_cols']
[2026-08-28 14:19:47,104][evaluation.evaluator][INFO] - skip complete run=/fslarge/scratch/users/h61084/codes/tsfm/outputs_selena/univariate/time-ecdc_covid_d_part06/14_2/expected/none/instance/keep/run_0
2026-08-28 14:19:49 | configuration dataset=time/ecdc_covid_d_part06 L=14 H=2 model=repeat covariates=none instance_norm=true remove_constant=false seed=1 batch_size=512
[2026-08-28 14:19:52,185][data.dataset][INFO] - dataset config path=/fssmall/home/h61084/codes/datasets/time/ecdc_covid_d_part06/config.json applied_keys=['date_col', 'drop_users', 'target_cols']
[2026-08-28 14:19:52,199][evaluation.evaluator][INFO] - skip complete run=/fslarge/scratch/users/h61084/codes/tsfm/outputs_selena/univariate/time-ecdc_covid_d_part06/14_2/repeat/none/instance/keep/run_0
2026-08-28 14:19:54 | configuration dataset=time/ecdc_covid_d_part06 L=14 H=2 model=lookback covariates=none instance_norm=true remove_constant=false seed=1 batch_size=512
[2026-08-28 14:19:57,270][data.dataset][INFO] - dataset config path=/fssmall/home/h61084/codes/datasets/time/ecdc_covid_d_part06/config.json applied_keys=['date_col', 'drop_users', 'target_cols']
[2026-08-28 14:19:57,276][evaluation.evaluator][INFO] - lookback weekly period=7 observations
[2026-08-28 14:19:57,283][evaluation.evaluator][INFO] - skip complete run=/fslarge/scratch/users/h61084/codes/tsfm/outputs_selena/univariate/time-ecdc_covid_d_part06/14_2/lookback/none/instance/keep/run_0
2026-08-28 14:19:59 | configuration dataset=time/ecdc_covid_d_part06 L=14 H=2 model=chronos2 covariates=none instance_norm=true remove_constant=false seed=1 batch_size=64
[2026-08-28 14:20:02,332][data.dataset][INFO] - dataset config path=/fssmall/home/h61084/codes/datasets/time/ecdc_covid_d_part06/config.json applied_keys=['date_col', 'drop_users', 'target_cols']
[2026-08-28 14:20:02,344][evaluation.evaluator][INFO] - skip complete run=/fslarge/scratch/users/h61084/codes/tsfm/outputs_selena/univariate/time-ecdc_covid_d_part06/14_2/chronos2/none/instance/keep/run_0
2026-08-28 14:20:04 | configuration dataset=time/ecdc_covid_d_part06 L=30 H=7 model=persistence covariates=none instance_norm=true remove_constant=false seed=1 batch_size=512
[2026-08-28 14:20:07,451][data.dataset][INFO] - dataset config path=/fssmall/home/h61084/codes/datasets/time/ecdc_covid_d_part06/config.json applied_keys=['date_col', 'drop_users', 'target_cols']
[2026-08-28 14:20:07,464][evaluation.evaluator][INFO] - skip complete run=/fslarge/scratch/users/h61084/codes/tsfm/outputs_selena/univariate/time-ecdc_covid_d_part06/30_7/persistence/none/instance/keep/run_0
2026-08-28 14:20:09 | configuration dataset=time/ecdc_covid_d_part06 L=30 H=7 model=expected covariates=none instance_norm=true remove_constant=false seed=1 batch_size=512
[2026-08-28 14:20:12,536][data.dataset][INFO] - dataset config path=/fssmall/home/h61084/codes/datasets/time/ecdc_covid_d_part06/config.json applied_keys=['date_col', 'drop_users', 'target_cols']
[2026-08-28 14:20:12,549][evaluation.evaluator][INFO] - skip complete run=/fslarge/scratch/users/h61084/codes/tsfm/outputs_selena/univariate/time-ecdc_covid_d_part06/30_7/expected/none/instance/keep/run_0
2026-08-28 14:20:14 | configuration dataset=time/ecdc_covid_d_part06 L=30 H=7 model=repeat covariates=none instance_norm=true remove_constant=false seed=1 batch_size=512
[2026-08-28 14:20:17,646][data.dataset][INFO] - dataset config path=/fssmall/home/h61084/codes/datasets/time/ecdc_covid_d_part06/config.json applied_keys=['date_col', 'drop_users', 'target_cols']
[2026-08-28 14:20:17,658][evaluation.evaluator][INFO] - skip complete run=/fslarge/scratch/users/h61084/codes/tsfm/outputs_selena/univariate/time-ecdc_covid_d_part06/30_7/repeat/none/instance/keep/run_0
2026-08-28 14:20:20 | configuration dataset=time/ecdc_covid_d_part06 L=30 H=7 model=lookback covariates=none instance_norm=true remove_constant=false seed=1 batch_size=512
[2026-08-28 14:20:22,704][data.dataset][INFO] - dataset config path=/fssmall/home/h61084/codes/datasets/time/ecdc_covid_d_part06/config.json applied_keys=['date_col', 'drop_users', 'target_cols']
[2026-08-28 14:20:22,711][evaluation.evaluator][INFO] - lookback weekly period=7 observations
[2026-08-28 14:20:22,718][evaluation.evaluator][INFO] - skip complete run=/fslarge/scratch/users/h61084/codes/tsfm/outputs_selena/univariate/time-ecdc_covid_d_part06/30_7/lookback/none/instance/keep/run_0
2026-08-28 14:20:25 | configuration dataset=time/ecdc_covid_d_part06 L=30 H=7 model=chronos2 covariates=none instance_norm=true remove_constant=false seed=1 batch_size=64
[2026-08-28 14:20:27,811][data.dataset][INFO] - dataset config path=/fssmall/home/h61084/codes/datasets/time/ecdc_covid_d_part06/config.json applied_keys=['date_col', 'drop_users', 'target_cols']
[2026-08-28 14:20:27,823][evaluation.evaluator][INFO] - skip complete run=/fslarge/scratch/users/h61084/codes/tsfm/outputs_selena/univariate/time-ecdc_covid_d_part06/30_7/chronos2/none/instance/keep/run_0
2026-08-28 14:20:30 | configuration dataset=time/ecdc_covid_d_part07 L=7 H=1 model=persistence covariates=none instance_norm=true remove_constant=false seed=1 batch_size=512
[2026-08-28 14:20:32,905][data.dataset][INFO] - dataset config path=/fssmall/home/h61084/codes/datasets/time/ecdc_covid_d_part07/config.json applied_keys=['date_col', 'drop_users', 'target_cols']
[2026-08-28 14:20:32,918][evaluation.evaluator][INFO] - skip complete run=/fslarge/scratch/users/h61084/codes/tsfm/outputs_selena/univariate/time-ecdc_covid_d_part07/7_1/persistence/none/instance/keep/run_0
2026-08-28 14:20:35 | configuration dataset=time/ecdc_covid_d_part07 L=7 H=1 model=expected covariates=none instance_norm=true remove_constant=false seed=1 batch_size=512
[2026-08-28 14:20:37,994][data.dataset][INFO] - dataset config path=/fssmall/home/h61084/codes/datasets/time/ecdc_covid_d_part07/config.json applied_keys=['date_col', 'drop_users', 'target_cols']
[2026-08-28 14:20:38,007][evaluation.evaluator][INFO] - skip complete run=/fslarge/scratch/users/h61084/codes/tsfm/outputs_selena/univariate/time-ecdc_covid_d_part07/7_1/expected/none/instance/keep/run_0
2026-08-28 14:20:40 | configuration dataset=time/ecdc_covid_d_part07 L=7 H=1 model=repeat covariates=none instance_norm=true remove_constant=false seed=1 batch_size=512
[2026-08-28 14:20:43,073][data.dataset][INFO] - dataset config path=/fssmall/home/h61084/codes/datasets/time/ecdc_covid_d_part07/config.json applied_keys=['date_col', 'drop_users', 'target_cols']
[2026-08-28 14:20:43,086][evaluation.evaluator][INFO] - skip complete run=/fslarge/scratch/users/h61084/codes/tsfm/outputs_selena/univariate/time-ecdc_covid_d_part07/7_1/repeat/none/instance/keep/run_0
2026-08-28 14:20:45 | configuration dataset=time/ecdc_covid_d_part07 L=7 H=1 model=lookback covariates=none instance_norm=true remove_constant=false seed=1 batch_size=512
[2026-08-28 14:20:48,127][data.dataset][INFO] - dataset config path=/fssmall/home/h61084/codes/datasets/time/ecdc_covid_d_part07/config.json applied_keys=['date_col', 'drop_users', 'target_cols']
[2026-08-28 14:20:48,134][evaluation.evaluator][INFO] - lookback weekly period=7 observations
[2026-08-28 14:20:48,140][evaluation.evaluator][INFO] - skip complete run=/fslarge/scratch/users/h61084/codes/tsfm/outputs_selena/univariate/time-ecdc_covid_d_part07/7_1/lookback/none/instance/keep/run_0
2026-08-28 14:20:50 | configuration dataset=time/ecdc_covid_d_part07 L=7 H=1 model=chronos2 covariates=none instance_norm=true remove_constant=false seed=1 batch_size=64
[2026-08-28 14:20:53,196][data.dataset][INFO] - dataset config path=/fssmall/home/h61084/codes/datasets/time/ecdc_covid_d_part07/config.json applied_keys=['date_col', 'drop_users', 'target_cols']
[2026-08-28 14:20:53,208][evaluation.evaluator][INFO] - skip complete run=/fslarge/scratch/users/h61084/codes/tsfm/outputs_selena/univariate/time-ecdc_covid_d_part07/7_1/chronos2/none/instance/keep/run_0
2026-08-28 14:20:55 | configuration dataset=time/ecdc_covid_d_part07 L=14 H=2 model=persistence covariates=none instance_norm=true remove_constant=false seed=1 batch_size=512
[2026-08-28 14:20:58,257][data.dataset][INFO] - dataset config path=/fssmall/home/h61084/codes/datasets/time/ecdc_covid_d_part07/config.json applied_keys=['date_col', 'drop_users', 'target_cols']
[2026-08-28 14:20:58,270][evaluation.evaluator][INFO] - skip complete run=/fslarge/scratch/users/h61084/codes/tsfm/outputs_selena/univariate/time-ecdc_covid_d_part07/14_2/persistence/none/instance/keep/run_0
2026-08-28 14:21:00 | configuration dataset=time/ecdc_covid_d_part07 L=14 H=2 model=expected covariates=none instance_norm=true remove_constant=false seed=1 batch_size=512
[2026-08-28 14:21:03,333][data.dataset][INFO] - dataset config path=/fssmall/home/h61084/codes/datasets/time/ecdc_covid_d_part07/config.json applied_keys=['date_col', 'drop_users', 'target_cols']
[2026-08-28 14:21:03,345][evaluation.evaluator][INFO] - skip complete run=/fslarge/scratch/users/h61084/codes/tsfm/outputs_selena/univariate/time-ecdc_covid_d_part07/14_2/expected/none/instance/keep/run_0
2026-08-28 14:21:05 | configuration dataset=time/ecdc_covid_d_part07 L=14 H=2 model=repeat covariates=none instance_norm=true remove_constant=false seed=1 batch_size=512
[2026-08-28 14:21:08,421][data.dataset][INFO] - dataset config path=/fssmall/home/h61084/codes/datasets/time/ecdc_covid_d_part07/config.json applied_keys=['date_col', 'drop_users', 'target_cols']
[2026-08-28 14:21:08,433][evaluation.evaluator][INFO] - skip complete run=/fslarge/scratch/users/h61084/codes/tsfm/outputs_selena/univariate/time-ecdc_covid_d_part07/14_2/repeat/none/instance/keep/run_0
2026-08-28 14:21:10 | configuration dataset=time/ecdc_covid_d_part07 L=14 H=2 model=lookback covariates=none instance_norm=true remove_constant=false seed=1 batch_size=512
[2026-08-28 14:21:13,502][data.dataset][INFO] - dataset config path=/fssmall/home/h61084/codes/datasets/time/ecdc_covid_d_part07/config.json applied_keys=['date_col', 'drop_users', 'target_cols']
[2026-08-28 14:21:13,509][evaluation.evaluator][INFO] - lookback weekly period=7 observations
[2026-08-28 14:21:13,515][evaluation.evaluator][INFO] - skip complete run=/fslarge/scratch/users/h61084/codes/tsfm/outputs_selena/univariate/time-ecdc_covid_d_part07/14_2/lookback/none/instance/keep/run_0
2026-08-28 14:21:15 | configuration dataset=time/ecdc_covid_d_part07 L=14 H=2 model=chronos2 covariates=none instance_norm=true remove_constant=false seed=1 batch_size=64
[2026-08-28 14:21:18,592][data.dataset][INFO] - dataset config path=/fssmall/home/h61084/codes/datasets/time/ecdc_covid_d_part07/config.json applied_keys=['date_col', 'drop_users', 'target_cols']
[2026-08-28 14:21:18,604][evaluation.evaluator][INFO] - skip complete run=/fslarge/scratch/users/h61084/codes/tsfm/outputs_selena/univariate/time-ecdc_covid_d_part07/14_2/chronos2/none/instance/keep/run_0
2026-08-28 14:21:20 | configuration dataset=time/ecdc_covid_d_part07 L=30 H=7 model=persistence covariates=none instance_norm=true remove_constant=false seed=1 batch_size=512
[2026-08-28 14:21:23,672][data.dataset][INFO] - dataset config path=/fssmall/home/h61084/codes/datasets/time/ecdc_covid_d_part07/config.json applied_keys=['date_col', 'drop_users', 'target_cols']
[2026-08-28 14:21:23,685][evaluation.evaluator][INFO] - skip complete run=/fslarge/scratch/users/h61084/codes/tsfm/outputs_selena/univariate/time-ecdc_covid_d_part07/30_7/persistence/none/instance/keep/run_0
2026-08-28 14:21:26 | configuration dataset=time/ecdc_covid_d_part07 L=30 H=7 model=expected covariates=none instance_norm=true remove_constant=false seed=1 batch_size=512
[2026-08-28 14:21:28,802][data.dataset][INFO] - dataset config path=/fssmall/home/h61084/codes/datasets/time/ecdc_covid_d_part07/config.json applied_keys=['date_col', 'drop_users', 'target_cols']
[2026-08-28 14:21:28,813][evaluation.evaluator][INFO] - skip complete run=/fslarge/scratch/users/h61084/codes/tsfm/outputs_selena/univariate/time-ecdc_covid_d_part07/30_7/expected/none/instance/keep/run_0
2026-08-28 14:21:31 | configuration dataset=time/ecdc_covid_d_part07 L=30 H=7 model=repeat covariates=none instance_norm=true remove_constant=false seed=1 batch_size=512
[2026-08-28 14:21:33,908][data.dataset][INFO] - dataset config path=/fssmall/home/h61084/codes/datasets/time/ecdc_covid_d_part07/config.json applied_keys=['date_col', 'drop_users', 'target_cols']
[2026-08-28 14:21:33,920][evaluation.evaluator][INFO] - skip complete run=/fslarge/scratch/users/h61084/codes/tsfm/outputs_selena/univariate/time-ecdc_covid_d_part07/30_7/repeat/none/instance/keep/run_0
2026-08-28 14:21:36 | configuration dataset=time/ecdc_covid_d_part07 L=30 H=7 model=lookback covariates=none instance_norm=true remove_constant=false seed=1 batch_size=512
[2026-08-28 14:21:38,983][data.dataset][INFO] - dataset config path=/fssmall/home/h61084/codes/datasets/time/ecdc_covid_d_part07/config.json applied_keys=['date_col', 'drop_users', 'target_cols']
[2026-08-28 14:21:38,990][evaluation.evaluator][INFO] - lookback weekly period=7 observations
[2026-08-28 14:21:38,996][evaluation.evaluator][INFO] - skip complete run=/fslarge/scratch/users/h61084/codes/tsfm/outputs_selena/univariate/time-ecdc_covid_d_part07/30_7/lookback/none/instance/keep/run_0
2026-08-28 14:21:41 | configuration dataset=time/ecdc_covid_d_part07 L=30 H=7 model=chronos2 covariates=none instance_norm=true remove_constant=false seed=1 batch_size=64
[2026-08-28 14:21:44,027][data.dataset][INFO] - dataset config path=/fssmall/home/h61084/codes/datasets/time/ecdc_covid_d_part07/config.json applied_keys=['date_col', 'drop_users', 'target_cols']
[2026-08-28 14:21:44,040][evaluation.evaluator][INFO] - skip complete run=/fslarge/scratch/users/h61084/codes/tsfm/outputs_selena/univariate/time-ecdc_covid_d_part07/30_7/chronos2/none/instance/keep/run_0
2026-08-28 14:21:46 | configuration dataset=time/ne_china_wind_h L=168 H=24 model=persistence covariates=none instance_norm=true remove_constant=false seed=1 batch_size=512
[2026-08-28 14:21:49,107][data.dataset][INFO] - dataset config path=/fssmall/home/h61084/codes/datasets/time/ne_china_wind_h/config.json applied_keys=['date_col', 'drop_users', 'target_cols']
[2026-08-28 14:21:49,127][evaluation.evaluator][INFO] - skip complete run=/fslarge/scratch/users/h61084/codes/tsfm/outputs_selena/univariate/time-ne_china_wind_h/168_24/persistence/none/instance/keep/run_0
2026-08-28 14:21:51 | configuration dataset=time/ne_china_wind_h L=168 H=24 model=expected covariates=none instance_norm=true remove_constant=false seed=1 batch_size=512
[2026-08-28 14:21:54,169][data.dataset][INFO] - dataset config path=/fssmall/home/h61084/codes/datasets/time/ne_china_wind_h/config.json applied_keys=['date_col', 'drop_users', 'target_cols']
[2026-08-28 14:21:54,187][evaluation.evaluator][INFO] - skip complete run=/fslarge/scratch/users/h61084/codes/tsfm/outputs_selena/univariate/time-ne_china_wind_h/168_24/expected/none/instance/keep/run_0
2026-08-28 14:21:56 | configuration dataset=time/ne_china_wind_h L=168 H=24 model=repeat covariates=none instance_norm=true remove_constant=false seed=1 batch_size=512
[2026-08-28 14:21:59,214][data.dataset][INFO] - dataset config path=/fssmall/home/h61084/codes/datasets/time/ne_china_wind_h/config.json applied_keys=['date_col', 'drop_users', 'target_cols']
[2026-08-28 14:21:59,233][evaluation.evaluator][INFO] - skip complete run=/fslarge/scratch/users/h61084/codes/tsfm/outputs_selena/univariate/time-ne_china_wind_h/168_24/repeat/none/instance/keep/run_0
2026-08-28 14:22:01 | configuration dataset=time/ne_china_wind_h L=168 H=24 model=lookback covariates=none instance_norm=true remove_constant=false seed=1 batch_size=512
[2026-08-28 14:22:04,298][data.dataset][INFO] - dataset config path=/fssmall/home/h61084/codes/datasets/time/ne_china_wind_h/config.json applied_keys=['date_col', 'drop_users', 'target_cols']
[2026-08-28 14:22:04,310][evaluation.evaluator][INFO] - lookback weekly period=168 observations
[2026-08-28 14:22:04,317][evaluation.evaluator][INFO] - skip complete run=/fslarge/scratch/users/h61084/codes/tsfm/outputs_selena/univariate/time-ne_china_wind_h/168_24/lookback/none/instance/keep/run_0
2026-08-28 14:22:06 | configuration dataset=time/ne_china_wind_h L=168 H=24 model=chronos2 covariates=none instance_norm=true remove_constant=false seed=1 batch_size=64
[2026-08-28 14:22:09,401][data.dataset][INFO] - dataset config path=/fssmall/home/h61084/codes/datasets/time/ne_china_wind_h/config.json applied_keys=['date_col', 'drop_users', 'target_cols']
[2026-08-28 14:22:09,420][evaluation.evaluator][INFO] - skip complete run=/fslarge/scratch/users/h61084/codes/tsfm/outputs_selena/univariate/time-ne_china_wind_h/168_24/chronos2/none/instance/keep/run_0
2026-08-28 14:22:11 | configuration dataset=time/ne_china_wind_h L=336 H=48 model=persistence covariates=none instance_norm=true remove_constant=false seed=1 batch_size=512
[2026-08-28 14:22:14,471][data.dataset][INFO] - dataset config path=/fssmall/home/h61084/codes/datasets/time/ne_china_wind_h/config.json applied_keys=['date_col', 'drop_users', 'target_cols']
[2026-08-28 14:22:14,490][evaluation.evaluator][INFO] - skip complete run=/fslarge/scratch/users/h61084/codes/tsfm/outputs_selena/univariate/time-ne_china_wind_h/336_48/persistence/none/instance/keep/run_0
2026-08-28 14:22:16 | configuration dataset=time/ne_china_wind_h L=336 H=48 model=expected covariates=none instance_norm=true remove_constant=false seed=1 batch_size=512
[2026-08-28 14:22:19,592][data.dataset][INFO] - dataset config path=/fssmall/home/h61084/codes/datasets/time/ne_china_wind_h/config.json applied_keys=['date_col', 'drop_users', 'target_cols']
[2026-08-28 14:22:19,611][evaluation.evaluator][INFO] - skip complete run=/fslarge/scratch/users/h61084/codes/tsfm/outputs_selena/univariate/time-ne_china_wind_h/336_48/expected/none/instance/keep/run_0
2026-08-28 14:22:21 | configuration dataset=time/ne_china_wind_h L=336 H=48 model=repeat covariates=none instance_norm=true remove_constant=false seed=1 batch_size=512
[2026-08-28 14:22:24,705][data.dataset][INFO] - dataset config path=/fssmall/home/h61084/codes/datasets/time/ne_china_wind_h/config.json applied_keys=['date_col', 'drop_users', 'target_cols']
[2026-08-28 14:22:24,724][evaluation.evaluator][INFO] - skip complete run=/fslarge/scratch/users/h61084/codes/tsfm/outputs_selena/univariate/time-ne_china_wind_h/336_48/repeat/none/instance/keep/run_0
2026-08-28 14:22:27 | configuration dataset=time/ne_china_wind_h L=336 H=48 model=lookback covariates=none instance_norm=true remove_constant=false seed=1 batch_size=512
[2026-08-28 14:22:29,790][data.dataset][INFO] - dataset config path=/fssmall/home/h61084/codes/datasets/time/ne_china_wind_h/config.json applied_keys=['date_col', 'drop_users', 'target_cols']
[2026-08-28 14:22:29,802][evaluation.evaluator][INFO] - lookback weekly period=168 observations
[2026-08-28 14:22:29,810][evaluation.evaluator][INFO] - skip complete run=/fslarge/scratch/users/h61084/codes/tsfm/outputs_selena/univariate/time-ne_china_wind_h/336_48/lookback/none/instance/keep/run_0
2026-08-28 14:22:32 | configuration dataset=time/ne_china_wind_h L=336 H=48 model=chronos2 covariates=none instance_norm=true remove_constant=false seed=1 batch_size=64
[2026-08-28 14:22:34,904][data.dataset][INFO] - dataset config path=/fssmall/home/h61084/codes/datasets/time/ne_china_wind_h/config.json applied_keys=['date_col', 'drop_users', 'target_cols']
[2026-08-28 14:22:34,921][evaluation.evaluator][INFO] - skip complete run=/fslarge/scratch/users/h61084/codes/tsfm/outputs_selena/univariate/time-ne_china_wind_h/336_48/chronos2/none/instance/keep/run_0
2026-08-28 14:22:37 | configuration dataset=time/ne_china_wind_h L=504 H=168 model=persistence covariates=none instance_norm=true remove_constant=false seed=1 batch_size=512
[2026-08-28 14:22:39,975][data.dataset][INFO] - dataset config path=/fssmall/home/h61084/codes/datasets/time/ne_china_wind_h/config.json applied_keys=['date_col', 'drop_users', 'target_cols']
[2026-08-28 14:22:39,994][evaluation.evaluator][INFO] - skip complete run=/fslarge/scratch/users/h61084/codes/tsfm/outputs_selena/univariate/time-ne_china_wind_h/504_168/persistence/none/instance/keep/run_0
2026-08-28 14:22:42 | configuration dataset=time/ne_china_wind_h L=504 H=168 model=expected covariates=none instance_norm=true remove_constant=false seed=1 batch_size=512
[2026-08-28 14:22:45,114][data.dataset][INFO] - dataset config path=/fssmall/home/h61084/codes/datasets/time/ne_china_wind_h/config.json applied_keys=['date_col', 'drop_users', 'target_cols']
[2026-08-28 14:22:45,133][evaluation.evaluator][INFO] - skip complete run=/fslarge/scratch/users/h61084/codes/tsfm/outputs_selena/univariate/time-ne_china_wind_h/504_168/expected/none/instance/keep/run_0
2026-08-28 14:22:47 | configuration dataset=time/ne_china_wind_h L=504 H=168 model=repeat covariates=none instance_norm=true remove_constant=false seed=1 batch_size=512
[2026-08-28 14:22:50,196][data.dataset][INFO] - dataset config path=/fssmall/home/h61084/codes/datasets/time/ne_china_wind_h/config.json applied_keys=['date_col', 'drop_users', 'target_cols']
[2026-08-28 14:22:50,215][evaluation.evaluator][INFO] - skip complete run=/fslarge/scratch/users/h61084/codes/tsfm/outputs_selena/univariate/time-ne_china_wind_h/504_168/repeat/none/instance/keep/run_0
2026-08-28 14:22:52 | configuration dataset=time/ne_china_wind_h L=504 H=168 model=lookback covariates=none instance_norm=true remove_constant=false seed=1 batch_size=512
[2026-08-28 14:22:55,297][data.dataset][INFO] - dataset config path=/fssmall/home/h61084/codes/datasets/time/ne_china_wind_h/config.json applied_keys=['date_col', 'drop_users', 'target_cols']
[2026-08-28 14:22:55,310][evaluation.evaluator][INFO] - lookback weekly period=168 observations
[2026-08-28 14:22:55,317][evaluation.evaluator][INFO] - skip complete run=/fslarge/scratch/users/h61084/codes/tsfm/outputs_selena/univariate/time-ne_china_wind_h/504_168/lookback/none/instance/keep/run_0
2026-08-28 14:22:57 | configuration dataset=time/ne_china_wind_h L=504 H=168 model=chronos2 covariates=none instance_norm=true remove_constant=false seed=1 batch_size=64
[2026-08-28 14:23:00,372][data.dataset][INFO] - dataset config path=/fssmall/home/h61084/codes/datasets/time/ne_china_wind_h/config.json applied_keys=['date_col', 'drop_users', 'target_cols']
[2026-08-28 14:23:00,392][evaluation.evaluator][INFO] - skip complete run=/fslarge/scratch/users/h61084/codes/tsfm/outputs_selena/univariate/time-ne_china_wind_h/504_168/chronos2/none/instance/keep/run_0
2026-08-28 14:23:02 | configuration dataset=time/online_retail_2_uci_d L=7 H=1 model=persistence covariates=none instance_norm=true remove_constant=false seed=1 batch_size=512
[2026-08-28 14:23:05,505][data.dataset][INFO] - dataset config path=/fssmall/home/h61084/codes/datasets/time/online_retail_2_uci_d/config.json applied_keys=['date_col', 'drop_users', 'target_cols']
[2026-08-28 14:23:05,518][evaluation.evaluator][INFO] - skip complete run=/fslarge/scratch/users/h61084/codes/tsfm/outputs_selena/univariate/time-online_retail_2_uci_d/7_1/persistence/none/instance/keep/run_0
2026-08-28 14:23:07 | configuration dataset=time/online_retail_2_uci_d L=7 H=1 model=expected covariates=none instance_norm=true remove_constant=false seed=1 batch_size=512
[2026-08-28 14:23:10,564][data.dataset][INFO] - dataset config path=/fssmall/home/h61084/codes/datasets/time/online_retail_2_uci_d/config.json applied_keys=['date_col', 'drop_users', 'target_cols']
[2026-08-28 14:23:10,576][evaluation.evaluator][INFO] - skip complete run=/fslarge/scratch/users/h61084/codes/tsfm/outputs_selena/univariate/time-online_retail_2_uci_d/7_1/expected/none/instance/keep/run_0
2026-08-28 14:23:12 | configuration dataset=time/online_retail_2_uci_d L=7 H=1 model=repeat covariates=none instance_norm=true remove_constant=false seed=1 batch_size=512
[2026-08-28 14:23:15,629][data.dataset][INFO] - dataset config path=/fssmall/home/h61084/codes/datasets/time/online_retail_2_uci_d/config.json applied_keys=['date_col', 'drop_users', 'target_cols']
[2026-08-28 14:23:15,642][evaluation.evaluator][INFO] - skip complete run=/fslarge/scratch/users/h61084/codes/tsfm/outputs_selena/univariate/time-online_retail_2_uci_d/7_1/repeat/none/instance/keep/run_0
2026-08-28 14:23:17 | configuration dataset=time/online_retail_2_uci_d L=7 H=1 model=lookback covariates=none instance_norm=true remove_constant=false seed=1 batch_size=512
[2026-08-28 14:23:20,672][data.dataset][INFO] - dataset config path=/fssmall/home/h61084/codes/datasets/time/online_retail_2_uci_d/config.json applied_keys=['date_col', 'drop_users', 'target_cols']
[2026-08-28 14:23:20,678][evaluation.evaluator][INFO] - lookback weekly period=7 observations
[2026-08-28 14:23:20,685][evaluation.evaluator][INFO] - skip complete run=/fslarge/scratch/users/h61084/codes/tsfm/outputs_selena/univariate/time-online_retail_2_uci_d/7_1/lookback/none/instance/keep/run_0
2026-08-28 14:23:23 | configuration dataset=time/online_retail_2_uci_d L=7 H=1 model=chronos2 covariates=none instance_norm=true remove_constant=false seed=1 batch_size=64
[2026-08-28 14:23:25,756][data.dataset][INFO] - dataset config path=/fssmall/home/h61084/codes/datasets/time/online_retail_2_uci_d/config.json applied_keys=['date_col', 'drop_users', 'target_cols']
[2026-08-28 14:23:25,768][evaluation.evaluator][INFO] - skip complete run=/fslarge/scratch/users/h61084/codes/tsfm/outputs_selena/univariate/time-online_retail_2_uci_d/7_1/chronos2/none/instance/keep/run_0
2026-08-28 14:23:28 | configuration dataset=time/online_retail_2_uci_d L=14 H=2 model=persistence covariates=none instance_norm=true remove_constant=false seed=1 batch_size=512
[2026-08-28 14:23:30,856][data.dataset][INFO] - dataset config path=/fssmall/home/h61084/codes/datasets/time/online_retail_2_uci_d/config.json applied_keys=['date_col', 'drop_users', 'target_cols']
[2026-08-28 14:23:30,869][evaluation.evaluator][INFO] - skip complete run=/fslarge/scratch/users/h61084/codes/tsfm/outputs_selena/univariate/time-online_retail_2_uci_d/14_2/persistence/none/instance/keep/run_0
2026-08-28 14:23:33 | configuration dataset=time/online_retail_2_uci_d L=14 H=2 model=expected covariates=none instance_norm=true remove_constant=false seed=1 batch_size=512
[2026-08-28 14:23:35,912][data.dataset][INFO] - dataset config path=/fssmall/home/h61084/codes/datasets/time/online_retail_2_uci_d/config.json applied_keys=['date_col', 'drop_users', 'target_cols']
[2026-08-28 14:23:35,924][evaluation.evaluator][INFO] - skip complete run=/fslarge/scratch/users/h61084/codes/tsfm/outputs_selena/univariate/time-online_retail_2_uci_d/14_2/expected/none/instance/keep/run_0
2026-08-28 14:23:38 | configuration dataset=time/online_retail_2_uci_d L=14 H=2 model=repeat covariates=none instance_norm=true remove_constant=false seed=1 batch_size=512
[2026-08-28 14:23:41,014][data.dataset][INFO] - dataset config path=/fssmall/home/h61084/codes/datasets/time/online_retail_2_uci_d/config.json applied_keys=['date_col', 'drop_users', 'target_cols']
[2026-08-28 14:23:41,025][evaluation.evaluator][INFO] - skip complete run=/fslarge/scratch/users/h61084/codes/tsfm/outputs_selena/univariate/time-online_retail_2_uci_d/14_2/repeat/none/instance/keep/run_0
2026-08-28 14:23:43 | configuration dataset=time/online_retail_2_uci_d L=14 H=2 model=lookback covariates=none instance_norm=true remove_constant=false seed=1 batch_size=512
[2026-08-28 14:23:46,052][data.dataset][INFO] - dataset config path=/fssmall/home/h61084/codes/datasets/time/online_retail_2_uci_d/config.json applied_keys=['date_col', 'drop_users', 'target_cols']
[2026-08-28 14:23:46,057][evaluation.evaluator][INFO] - lookback weekly period=7 observations
[2026-08-28 14:23:46,064][evaluation.evaluator][INFO] - skip complete run=/fslarge/scratch/users/h61084/codes/tsfm/outputs_selena/univariate/time-online_retail_2_uci_d/14_2/lookback/none/instance/keep/run_0
2026-08-28 14:23:48 | configuration dataset=time/online_retail_2_uci_d L=14 H=2 model=chronos2 covariates=none instance_norm=true remove_constant=false seed=1 batch_size=64
[2026-08-28 14:23:51,092][data.dataset][INFO] - dataset config path=/fssmall/home/h61084/codes/datasets/time/online_retail_2_uci_d/config.json applied_keys=['date_col', 'drop_users', 'target_cols']
[2026-08-28 14:23:51,105][evaluation.evaluator][INFO] - skip complete run=/fslarge/scratch/users/h61084/codes/tsfm/outputs_selena/univariate/time-online_retail_2_uci_d/14_2/chronos2/none/instance/keep/run_0
2026-08-28 14:23:53 | configuration dataset=time/online_retail_2_uci_d L=30 H=7 model=persistence covariates=none instance_norm=true remove_constant=false seed=1 batch_size=512
[2026-08-28 14:23:56,152][data.dataset][INFO] - dataset config path=/fssmall/home/h61084/codes/datasets/time/online_retail_2_uci_d/config.json applied_keys=['date_col', 'drop_users', 'target_cols']
[2026-08-28 14:23:56,165][evaluation.evaluator][INFO] - skip complete run=/fslarge/scratch/users/h61084/codes/tsfm/outputs_selena/univariate/time-online_retail_2_uci_d/30_7/persistence/none/instance/keep/run_0
2026-08-28 14:23:58 | configuration dataset=time/online_retail_2_uci_d L=30 H=7 model=expected covariates=none instance_norm=true remove_constant=false seed=1 batch_size=512
[2026-08-28 14:24:01,217][data.dataset][INFO] - dataset config path=/fssmall/home/h61084/codes/datasets/time/online_retail_2_uci_d/config.json applied_keys=['date_col', 'drop_users', 'target_cols']
[2026-08-28 14:24:01,230][evaluation.evaluator][INFO] - skip complete run=/fslarge/scratch/users/h61084/codes/tsfm/outputs_selena/univariate/time-online_retail_2_uci_d/30_7/expected/none/instance/keep/run_0
2026-08-28 14:24:03 | configuration dataset=time/online_retail_2_uci_d L=30 H=7 model=repeat covariates=none instance_norm=true remove_constant=false seed=1 batch_size=512
[2026-08-28 14:24:06,299][data.dataset][INFO] - dataset config path=/fssmall/home/h61084/codes/datasets/time/online_retail_2_uci_d/config.json applied_keys=['date_col', 'drop_users', 'target_cols']
[2026-08-28 14:24:06,311][evaluation.evaluator][INFO] - skip complete run=/fslarge/scratch/users/h61084/codes/tsfm/outputs_selena/univariate/time-online_retail_2_uci_d/30_7/repeat/none/instance/keep/run_0
2026-08-28 14:24:08 | configuration dataset=time/online_retail_2_uci_d L=30 H=7 model=lookback covariates=none instance_norm=true remove_constant=false seed=1 batch_size=512
[2026-08-28 14:24:11,361][data.dataset][INFO] - dataset config path=/fssmall/home/h61084/codes/datasets/time/online_retail_2_uci_d/config.json applied_keys=['date_col', 'drop_users', 'target_cols']
[2026-08-28 14:24:11,368][evaluation.evaluator][INFO] - lookback weekly period=7 observations
[2026-08-28 14:24:11,374][evaluation.evaluator][INFO] - skip complete run=/fslarge/scratch/users/h61084/codes/tsfm/outputs_selena/univariate/time-online_retail_2_uci_d/30_7/lookback/none/instance/keep/run_0
2026-08-28 14:24:13 | configuration dataset=time/online_retail_2_uci_d L=30 H=7 model=chronos2 covariates=none instance_norm=true remove_constant=false seed=1 batch_size=64
[2026-08-28 14:24:16,417][data.dataset][INFO] - dataset config path=/fssmall/home/h61084/codes/datasets/time/online_retail_2_uci_d/config.json applied_keys=['date_col', 'drop_users', 'target_cols']
[2026-08-28 14:24:16,429][evaluation.evaluator][INFO] - skip complete run=/fslarge/scratch/users/h61084/codes/tsfm/outputs_selena/univariate/time-online_retail_2_uci_d/30_7/chronos2/none/instance/keep/run_0
2026-08-28 14:24:18 | configuration dataset=time/port_activity_d L=7 H=1 model=persistence covariates=none instance_norm=true remove_constant=false seed=1 batch_size=512
[2026-08-28 14:24:21,445][data.dataset][INFO] - dataset config path=/fssmall/home/h61084/codes/datasets/time/port_activity_d/config.json applied_keys=['date_col', 'drop_users', 'target_cols']
[2026-08-28 14:24:21,499][evaluation.evaluator][INFO] - skip complete run=/fslarge/scratch/users/h61084/codes/tsfm/outputs_selena/univariate/time-port_activity_d/7_1/persistence/none/instance/keep/run_0
2026-08-28 14:24:23 | configuration dataset=time/port_activity_d L=7 H=1 model=expected covariates=none instance_norm=true remove_constant=false seed=1 batch_size=512
[2026-08-28 14:24:26,576][data.dataset][INFO] - dataset config path=/fssmall/home/h61084/codes/datasets/time/port_activity_d/config.json applied_keys=['date_col', 'drop_users', 'target_cols']
[2026-08-28 14:24:26,626][evaluation.evaluator][INFO] - skip complete run=/fslarge/scratch/users/h61084/codes/tsfm/outputs_selena/univariate/time-port_activity_d/7_1/expected/none/instance/keep/run_0
2026-08-28 14:24:28 | configuration dataset=time/port_activity_d L=7 H=1 model=repeat covariates=none instance_norm=true remove_constant=false seed=1 batch_size=512
[2026-08-28 14:24:31,631][data.dataset][INFO] - dataset config path=/fssmall/home/h61084/codes/datasets/time/port_activity_d/config.json applied_keys=['date_col', 'drop_users', 'target_cols']
[2026-08-28 14:24:31,680][evaluation.evaluator][INFO] - skip complete run=/fslarge/scratch/users/h61084/codes/tsfm/outputs_selena/univariate/time-port_activity_d/7_1/repeat/none/instance/keep/run_0
2026-08-28 14:24:34 | configuration dataset=time/port_activity_d L=7 H=1 model=lookback covariates=none instance_norm=true remove_constant=false seed=1 batch_size=512
[2026-08-28 14:24:36,744][data.dataset][INFO] - dataset config path=/fssmall/home/h61084/codes/datasets/time/port_activity_d/config.json applied_keys=['date_col', 'drop_users', 'target_cols']
[2026-08-28 14:24:36,787][evaluation.evaluator][INFO] - lookback weekly period=7 observations
[2026-08-28 14:24:36,794][evaluation.evaluator][INFO] - skip complete run=/fslarge/scratch/users/h61084/codes/tsfm/outputs_selena/univariate/time-port_activity_d/7_1/lookback/none/instance/keep/run_0
2026-08-28 14:24:39 | configuration dataset=time/port_activity_d L=7 H=1 model=chronos2 covariates=none instance_norm=true remove_constant=false seed=1 batch_size=64
[2026-08-28 14:24:41,875][data.dataset][INFO] - dataset config path=/fssmall/home/h61084/codes/datasets/time/port_activity_d/config.json applied_keys=['date_col', 'drop_users', 'target_cols']
[2026-08-28 14:24:41,923][evaluation.evaluator][INFO] - skip complete run=/fslarge/scratch/users/h61084/codes/tsfm/outputs_selena/univariate/time-port_activity_d/7_1/chronos2/none/instance/keep/run_0
2026-08-28 14:24:44 | configuration dataset=time/port_activity_d L=14 H=2 model=persistence covariates=none instance_norm=true remove_constant=false seed=1 batch_size=512
[2026-08-28 14:24:47,036][data.dataset][INFO] - dataset config path=/fssmall/home/h61084/codes/datasets/time/port_activity_d/config.json applied_keys=['date_col', 'drop_users', 'target_cols']
[2026-08-28 14:24:47,085][evaluation.evaluator][INFO] - skip complete run=/fslarge/scratch/users/h61084/codes/tsfm/outputs_selena/univariate/time-port_activity_d/14_2/persistence/none/instance/keep/run_0
2026-08-28 14:24:49 | configuration dataset=time/port_activity_d L=14 H=2 model=expected covariates=none instance_norm=true remove_constant=false seed=1 batch_size=512
[2026-08-28 14:24:52,152][data.dataset][INFO] - dataset config path=/fssmall/home/h61084/codes/datasets/time/port_activity_d/config.json applied_keys=['date_col', 'drop_users', 'target_cols']
[2026-08-28 14:24:52,201][evaluation.evaluator][INFO] - skip complete run=/fslarge/scratch/users/h61084/codes/tsfm/outputs_selena/univariate/time-port_activity_d/14_2/expected/none/instance/keep/run_0
2026-08-28 14:24:54 | configuration dataset=time/port_activity_d L=14 H=2 model=repeat covariates=none instance_norm=true remove_constant=false seed=1 batch_size=512
[2026-08-28 14:24:57,268][data.dataset][INFO] - dataset config path=/fssmall/home/h61084/codes/datasets/time/port_activity_d/config.json applied_keys=['date_col', 'drop_users', 'target_cols']
[2026-08-28 14:24:57,317][evaluation.evaluator][INFO] - skip complete run=/fslarge/scratch/users/h61084/codes/tsfm/outputs_selena/univariate/time-port_activity_d/14_2/repeat/none/instance/keep/run_0
2026-08-28 14:24:59 | configuration dataset=time/port_activity_d L=14 H=2 model=lookback covariates=none instance_norm=true remove_constant=false seed=1 batch_size=512
[2026-08-28 14:25:02,377][data.dataset][INFO] - dataset config path=/fssmall/home/h61084/codes/datasets/time/port_activity_d/config.json applied_keys=['date_col', 'drop_users', 'target_cols']
[2026-08-28 14:25:02,420][evaluation.evaluator][INFO] - lookback weekly period=7 observations
[2026-08-28 14:25:02,427][evaluation.evaluator][INFO] - skip complete run=/fslarge/scratch/users/h61084/codes/tsfm/outputs_selena/univariate/time-port_activity_d/14_2/lookback/none/instance/keep/run_0
2026-08-28 14:25:04 | configuration dataset=time/port_activity_d L=14 H=2 model=chronos2 covariates=none instance_norm=true remove_constant=false seed=1 batch_size=64
[2026-08-28 14:25:07,487][data.dataset][INFO] - dataset config path=/fssmall/home/h61084/codes/datasets/time/port_activity_d/config.json applied_keys=['date_col', 'drop_users', 'target_cols']
[2026-08-28 14:25:07,535][evaluation.evaluator][INFO] - skip complete run=/fslarge/scratch/users/h61084/codes/tsfm/outputs_selena/univariate/time-port_activity_d/14_2/chronos2/none/instance/keep/run_0
2026-08-28 14:25:09 | configuration dataset=time/port_activity_d L=30 H=7 model=persistence covariates=none instance_norm=true remove_constant=false seed=1 batch_size=512
[2026-08-28 14:25:12,591][data.dataset][INFO] - dataset config path=/fssmall/home/h61084/codes/datasets/time/port_activity_d/config.json applied_keys=['date_col', 'drop_users', 'target_cols']
[2026-08-28 14:25:12,641][evaluation.evaluator][INFO] - skip complete run=/fslarge/scratch/users/h61084/codes/tsfm/outputs_selena/univariate/time-port_activity_d/30_7/persistence/none/instance/keep/run_0
2026-08-28 14:25:15 | configuration dataset=time/port_activity_d L=30 H=7 model=expected covariates=none instance_norm=true remove_constant=false seed=1 batch_size=512
[2026-08-28 14:25:17,760][data.dataset][INFO] - dataset config path=/fssmall/home/h61084/codes/datasets/time/port_activity_d/config.json applied_keys=['date_col', 'drop_users', 'target_cols']
[2026-08-28 14:25:17,809][evaluation.evaluator][INFO] - skip complete run=/fslarge/scratch/users/h61084/codes/tsfm/outputs_selena/univariate/time-port_activity_d/30_7/expected/none/instance/keep/run_0
2026-08-28 14:25:20 | configuration dataset=time/port_activity_d L=30 H=7 model=repeat covariates=none instance_norm=true remove_constant=false seed=1 batch_size=512
[2026-08-28 14:25:22,855][data.dataset][INFO] - dataset config path=/fssmall/home/h61084/codes/datasets/time/port_activity_d/config.json applied_keys=['date_col', 'drop_users', 'target_cols']
[2026-08-28 14:25:22,903][evaluation.evaluator][INFO] - skip complete run=/fslarge/scratch/users/h61084/codes/tsfm/outputs_selena/univariate/time-port_activity_d/30_7/repeat/none/instance/keep/run_0
2026-08-28 14:25:25 | configuration dataset=time/port_activity_d L=30 H=7 model=lookback covariates=none instance_norm=true remove_constant=false seed=1 batch_size=512
[2026-08-28 14:25:27,977][data.dataset][INFO] - dataset config path=/fssmall/home/h61084/codes/datasets/time/port_activity_d/config.json applied_keys=['date_col', 'drop_users', 'target_cols']
[2026-08-28 14:25:28,032][evaluation.evaluator][INFO] - lookback weekly period=7 observations
[2026-08-28 14:25:28,039][evaluation.evaluator][INFO] - skip complete run=/fslarge/scratch/users/h61084/codes/tsfm/outputs_selena/univariate/time-port_activity_d/30_7/lookback/none/instance/keep/run_0
2026-08-28 14:25:30 | configuration dataset=time/port_activity_d L=30 H=7 model=chronos2 covariates=none instance_norm=true remove_constant=false seed=1 batch_size=64
[2026-08-28 14:25:33,084][data.dataset][INFO] - dataset config path=/fssmall/home/h61084/codes/datasets/time/port_activity_d/config.json applied_keys=['date_col', 'drop_users', 'target_cols']
[2026-08-28 14:25:33,134][evaluation.evaluator][INFO] - skip complete run=/fslarge/scratch/users/h61084/codes/tsfm/outputs_selena/univariate/time-port_activity_d/30_7/chronos2/none/instance/keep/run_0
2026-08-28 14:25:35 | configuration dataset=time/supply_chain_customer_d L=7 H=1 model=persistence covariates=none instance_norm=true remove_constant=false seed=1 batch_size=512
[2026-08-28 14:25:38,160][data.dataset][INFO] - dataset config path=/fssmall/home/h61084/codes/datasets/time/supply_chain_customer_d/config.json applied_keys=['date_col', 'drop_users', 'target_cols']
[2026-08-28 14:25:38,180][evaluation.evaluator][INFO] - skip complete run=/fslarge/scratch/users/h61084/codes/tsfm/outputs_selena/univariate/time-supply_chain_customer_d/7_1/persistence/none/instance/keep/run_0
2026-08-28 14:25:40 | configuration dataset=time/supply_chain_customer_d L=7 H=1 model=expected covariates=none instance_norm=true remove_constant=false seed=1 batch_size=512
[2026-08-28 14:25:43,236][data.dataset][INFO] - dataset config path=/fssmall/home/h61084/codes/datasets/time/supply_chain_customer_d/config.json applied_keys=['date_col', 'drop_users', 'target_cols']
[2026-08-28 14:25:43,254][evaluation.evaluator][INFO] - skip complete run=/fslarge/scratch/users/h61084/codes/tsfm/outputs_selena/univariate/time-supply_chain_customer_d/7_1/expected/none/instance/keep/run_0
2026-08-28 14:25:45 | configuration dataset=time/supply_chain_customer_d L=7 H=1 model=repeat covariates=none instance_norm=true remove_constant=false seed=1 batch_size=512
[2026-08-28 14:25:48,334][data.dataset][INFO] - dataset config path=/fssmall/home/h61084/codes/datasets/time/supply_chain_customer_d/config.json applied_keys=['date_col', 'drop_users', 'target_cols']
[2026-08-28 14:25:48,352][evaluation.evaluator][INFO] - skip complete run=/fslarge/scratch/users/h61084/codes/tsfm/outputs_selena/univariate/time-supply_chain_customer_d/7_1/repeat/none/instance/keep/run_0
2026-08-28 14:25:50 | configuration dataset=time/supply_chain_customer_d L=7 H=1 model=lookback covariates=none instance_norm=true remove_constant=false seed=1 batch_size=512
[2026-08-28 14:25:53,371][data.dataset][INFO] - dataset config path=/fssmall/home/h61084/codes/datasets/time/supply_chain_customer_d/config.json applied_keys=['date_col', 'drop_users', 'target_cols']
[2026-08-28 14:25:53,383][evaluation.evaluator][INFO] - lookback weekly period=7 observations
[2026-08-28 14:25:53,389][evaluation.evaluator][INFO] - skip complete run=/fslarge/scratch/users/h61084/codes/tsfm/outputs_selena/univariate/time-supply_chain_customer_d/7_1/lookback/none/instance/keep/run_0
2026-08-28 14:25:55 | configuration dataset=time/supply_chain_customer_d L=7 H=1 model=chronos2 covariates=none instance_norm=true remove_constant=false seed=1 batch_size=64
[2026-08-28 14:25:58,484][data.dataset][INFO] - dataset config path=/fssmall/home/h61084/codes/datasets/time/supply_chain_customer_d/config.json applied_keys=['date_col', 'drop_users', 'target_cols']
[2026-08-28 14:25:58,503][evaluation.evaluator][INFO] - skip complete run=/fslarge/scratch/users/h61084/codes/tsfm/outputs_selena/univariate/time-supply_chain_customer_d/7_1/chronos2/none/instance/keep/run_0
2026-08-28 14:26:00 | configuration dataset=time/supply_chain_customer_d L=14 H=2 model=persistence covariates=none instance_norm=true remove_constant=false seed=1 batch_size=512
[2026-08-28 14:26:03,646][data.dataset][INFO] - dataset config path=/fssmall/home/h61084/codes/datasets/time/supply_chain_customer_d/config.json applied_keys=['date_col', 'drop_users', 'target_cols']
[2026-08-28 14:26:03,668][evaluation.evaluator][INFO] - skip complete run=/fslarge/scratch/users/h61084/codes/tsfm/outputs_selena/univariate/time-supply_chain_customer_d/14_2/persistence/none/instance/keep/run_0
2026-08-28 14:26:06 | configuration dataset=time/supply_chain_customer_d L=14 H=2 model=expected covariates=none instance_norm=true remove_constant=false seed=1 batch_size=512
[2026-08-28 14:26:08,713][data.dataset][INFO] - dataset config path=/fssmall/home/h61084/codes/datasets/time/supply_chain_customer_d/config.json applied_keys=['date_col', 'drop_users', 'target_cols']
[2026-08-28 14:26:08,731][evaluation.evaluator][INFO] - skip complete run=/fslarge/scratch/users/h61084/codes/tsfm/outputs_selena/univariate/time-supply_chain_customer_d/14_2/expected/none/instance/keep/run_0
2026-08-28 14:26:11 | configuration dataset=time/supply_chain_customer_d L=14 H=2 model=repeat covariates=none instance_norm=true remove_constant=false seed=1 batch_size=512
[2026-08-28 14:26:13,774][data.dataset][INFO] - dataset config path=/fssmall/home/h61084/codes/datasets/time/supply_chain_customer_d/config.json applied_keys=['date_col', 'drop_users', 'target_cols']
[2026-08-28 14:26:13,792][evaluation.evaluator][INFO] - skip complete run=/fslarge/scratch/users/h61084/codes/tsfm/outputs_selena/univariate/time-supply_chain_customer_d/14_2/repeat/none/instance/keep/run_0
2026-08-28 14:26:16 | configuration dataset=time/supply_chain_customer_d L=14 H=2 model=lookback covariates=none instance_norm=true remove_constant=false seed=1 batch_size=512
[2026-08-28 14:26:18,894][data.dataset][INFO] - dataset config path=/fssmall/home/h61084/codes/datasets/time/supply_chain_customer_d/config.json applied_keys=['date_col', 'drop_users', 'target_cols']
[2026-08-28 14:26:18,906][evaluation.evaluator][INFO] - lookback weekly period=7 observations
[2026-08-28 14:26:18,913][evaluation.evaluator][INFO] - skip complete run=/fslarge/scratch/users/h61084/codes/tsfm/outputs_selena/univariate/time-supply_chain_customer_d/14_2/lookback/none/instance/keep/run_0
2026-08-28 14:26:21 | configuration dataset=time/supply_chain_customer_d L=14 H=2 model=chronos2 covariates=none instance_norm=true remove_constant=false seed=1 batch_size=64
[2026-08-28 14:26:23,978][data.dataset][INFO] - dataset config path=/fssmall/home/h61084/codes/datasets/time/supply_chain_customer_d/config.json applied_keys=['date_col', 'drop_users', 'target_cols']
[2026-08-28 14:26:23,997][evaluation.evaluator][INFO] - skip complete run=/fslarge/scratch/users/h61084/codes/tsfm/outputs_selena/univariate/time-supply_chain_customer_d/14_2/chronos2/none/instance/keep/run_0
2026-08-28 14:26:26 | configuration dataset=time/supply_chain_customer_d L=30 H=7 model=persistence covariates=none instance_norm=true remove_constant=false seed=1 batch_size=512
[2026-08-28 14:26:29,091][data.dataset][INFO] - dataset config path=/fssmall/home/h61084/codes/datasets/time/supply_chain_customer_d/config.json applied_keys=['date_col', 'drop_users', 'target_cols']
[2026-08-28 14:26:29,108][evaluation.evaluator][INFO] - skip complete run=/fslarge/scratch/users/h61084/codes/tsfm/outputs_selena/univariate/time-supply_chain_customer_d/30_7/persistence/none/instance/keep/run_0
2026-08-28 14:26:31 | configuration dataset=time/supply_chain_customer_d L=30 H=7 model=expected covariates=none instance_norm=true remove_constant=false seed=1 batch_size=512
[2026-08-28 14:26:34,196][data.dataset][INFO] - dataset config path=/fssmall/home/h61084/codes/datasets/time/supply_chain_customer_d/config.json applied_keys=['date_col', 'drop_users', 'target_cols']
[2026-08-28 14:26:34,214][evaluation.evaluator][INFO] - skip complete run=/fslarge/scratch/users/h61084/codes/tsfm/outputs_selena/univariate/time-supply_chain_customer_d/30_7/expected/none/instance/keep/run_0
2026-08-28 14:26:36 | configuration dataset=time/supply_chain_customer_d L=30 H=7 model=repeat covariates=none instance_norm=true remove_constant=false seed=1 batch_size=512
[2026-08-28 14:26:39,315][data.dataset][INFO] - dataset config path=/fssmall/home/h61084/codes/datasets/time/supply_chain_customer_d/config.json applied_keys=['date_col', 'drop_users', 'target_cols']
[2026-08-28 14:26:39,333][evaluation.evaluator][INFO] - skip complete run=/fslarge/scratch/users/h61084/codes/tsfm/outputs_selena/univariate/time-supply_chain_customer_d/30_7/repeat/none/instance/keep/run_0
2026-08-28 14:26:41 | configuration dataset=time/supply_chain_customer_d L=30 H=7 model=lookback covariates=none instance_norm=true remove_constant=false seed=1 batch_size=512
[2026-08-28 14:26:44,447][data.dataset][INFO] - dataset config path=/fssmall/home/h61084/codes/datasets/time/supply_chain_customer_d/config.json applied_keys=['date_col', 'drop_users', 'target_cols']
[2026-08-28 14:26:44,458][evaluation.evaluator][INFO] - lookback weekly period=7 observations
[2026-08-28 14:26:44,465][evaluation.evaluator][INFO] - skip complete run=/fslarge/scratch/users/h61084/codes/tsfm/outputs_selena/univariate/time-supply_chain_customer_d/30_7/lookback/none/instance/keep/run_0
2026-08-28 14:26:46 | configuration dataset=time/supply_chain_customer_d L=30 H=7 model=chronos2 covariates=none instance_norm=true remove_constant=false seed=1 batch_size=64
[2026-08-28 14:26:49,562][data.dataset][INFO] - dataset config path=/fssmall/home/h61084/codes/datasets/time/supply_chain_customer_d/config.json applied_keys=['date_col', 'drop_users', 'target_cols']
[2026-08-28 14:26:49,581][evaluation.evaluator][INFO] - skip complete run=/fslarge/scratch/users/h61084/codes/tsfm/outputs_selena/univariate/time-supply_chain_customer_d/30_7/chronos2/none/instance/keep/run_0
2026-08-28 14:26:51 | configuration dataset=time/supply_chain_location_d L=7 H=1 model=persistence covariates=none instance_norm=true remove_constant=false seed=1 batch_size=512
[2026-08-28 14:26:54,641][data.dataset][INFO] - dataset config path=/fssmall/home/h61084/codes/datasets/time/supply_chain_location_d/config.json applied_keys=['date_col', 'drop_users', 'target_cols']
[2026-08-28 14:26:54,663][evaluation.evaluator][INFO] - skip complete run=/fslarge/scratch/users/h61084/codes/tsfm/outputs_selena/univariate/time-supply_chain_location_d/7_1/persistence/none/instance/keep/run_0
2026-08-28 14:26:57 | configuration dataset=time/supply_chain_location_d L=7 H=1 model=expected covariates=none instance_norm=true remove_constant=false seed=1 batch_size=512
[2026-08-28 14:26:59,766][data.dataset][INFO] - dataset config path=/fssmall/home/h61084/codes/datasets/time/supply_chain_location_d/config.json applied_keys=['date_col', 'drop_users', 'target_cols']
[2026-08-28 14:26:59,789][evaluation.evaluator][INFO] - skip complete run=/fslarge/scratch/users/h61084/codes/tsfm/outputs_selena/univariate/time-supply_chain_location_d/7_1/expected/none/instance/keep/run_0
2026-08-28 14:27:02 | configuration dataset=time/supply_chain_location_d L=7 H=1 model=repeat covariates=none instance_norm=true remove_constant=false seed=1 batch_size=512
[2026-08-28 14:27:04,862][data.dataset][INFO] - dataset config path=/fssmall/home/h61084/codes/datasets/time/supply_chain_location_d/config.json applied_keys=['date_col', 'drop_users', 'target_cols']
[2026-08-28 14:27:04,883][evaluation.evaluator][INFO] - skip complete run=/fslarge/scratch/users/h61084/codes/tsfm/outputs_selena/univariate/time-supply_chain_location_d/7_1/repeat/none/instance/keep/run_0
2026-08-28 14:27:07 | configuration dataset=time/supply_chain_location_d L=7 H=1 model=lookback covariates=none instance_norm=true remove_constant=false seed=1 batch_size=512
[2026-08-28 14:27:10,004][data.dataset][INFO] - dataset config path=/fssmall/home/h61084/codes/datasets/time/supply_chain_location_d/config.json applied_keys=['date_col', 'drop_users', 'target_cols']
[2026-08-28 14:27:10,018][evaluation.evaluator][INFO] - lookback weekly period=7 observations
[2026-08-28 14:27:10,025][evaluation.evaluator][INFO] - skip complete run=/fslarge/scratch/users/h61084/codes/tsfm/outputs_selena/univariate/time-supply_chain_location_d/7_1/lookback/none/instance/keep/run_0
2026-08-28 14:27:12 | configuration dataset=time/supply_chain_location_d L=7 H=1 model=chronos2 covariates=none instance_norm=true remove_constant=false seed=1 batch_size=64
[2026-08-28 14:27:15,093][data.dataset][INFO] - dataset config path=/fssmall/home/h61084/codes/datasets/time/supply_chain_location_d/config.json applied_keys=['date_col', 'drop_users', 'target_cols']
[2026-08-28 14:27:15,113][evaluation.evaluator][INFO] - skip complete run=/fslarge/scratch/users/h61084/codes/tsfm/outputs_selena/univariate/time-supply_chain_location_d/7_1/chronos2/none/instance/keep/run_0
2026-08-28 14:27:17 | configuration dataset=time/supply_chain_location_d L=14 H=2 model=persistence covariates=none instance_norm=true remove_constant=false seed=1 batch_size=512
[2026-08-28 14:27:20,171][data.dataset][INFO] - dataset config path=/fssmall/home/h61084/codes/datasets/time/supply_chain_location_d/config.json applied_keys=['date_col', 'drop_users', 'target_cols']
[2026-08-28 14:27:20,192][evaluation.evaluator][INFO] - skip complete run=/fslarge/scratch/users/h61084/codes/tsfm/outputs_selena/univariate/time-supply_chain_location_d/14_2/persistence/none/instance/keep/run_0
2026-08-28 14:27:22 | configuration dataset=time/supply_chain_location_d L=14 H=2 model=expected covariates=none instance_norm=true remove_constant=false seed=1 batch_size=512
[2026-08-28 14:27:25,242][data.dataset][INFO] - dataset config path=/fssmall/home/h61084/codes/datasets/time/supply_chain_location_d/config.json applied_keys=['date_col', 'drop_users', 'target_cols']
[2026-08-28 14:27:25,262][evaluation.evaluator][INFO] - skip complete run=/fslarge/scratch/users/h61084/codes/tsfm/outputs_selena/univariate/time-supply_chain_location_d/14_2/expected/none/instance/keep/run_0
2026-08-28 14:27:27 | configuration dataset=time/supply_chain_location_d L=14 H=2 model=repeat covariates=none instance_norm=true remove_constant=false seed=1 batch_size=512
[2026-08-28 14:27:30,335][data.dataset][INFO] - dataset config path=/fssmall/home/h61084/codes/datasets/time/supply_chain_location_d/config.json applied_keys=['date_col', 'drop_users', 'target_cols']
[2026-08-28 14:27:30,356][evaluation.evaluator][INFO] - skip complete run=/fslarge/scratch/users/h61084/codes/tsfm/outputs_selena/univariate/time-supply_chain_location_d/14_2/repeat/none/instance/keep/run_0
2026-08-28 14:27:32 | configuration dataset=time/supply_chain_location_d L=14 H=2 model=lookback covariates=none instance_norm=true remove_constant=false seed=1 batch_size=512
[2026-08-28 14:27:35,454][data.dataset][INFO] - dataset config path=/fssmall/home/h61084/codes/datasets/time/supply_chain_location_d/config.json applied_keys=['date_col', 'drop_users', 'target_cols']
[2026-08-28 14:27:35,467][evaluation.evaluator][INFO] - lookback weekly period=7 observations
[2026-08-28 14:27:35,474][evaluation.evaluator][INFO] - skip complete run=/fslarge/scratch/users/h61084/codes/tsfm/outputs_selena/univariate/time-supply_chain_location_d/14_2/lookback/none/instance/keep/run_0
2026-08-28 14:27:37 | configuration dataset=time/supply_chain_location_d L=14 H=2 model=chronos2 covariates=none instance_norm=true remove_constant=false seed=1 batch_size=64
[2026-08-28 14:27:40,599][data.dataset][INFO] - dataset config path=/fssmall/home/h61084/codes/datasets/time/supply_chain_location_d/config.json applied_keys=['date_col', 'drop_users', 'target_cols']
[2026-08-28 14:27:40,620][evaluation.evaluator][INFO] - skip complete run=/fslarge/scratch/users/h61084/codes/tsfm/outputs_selena/univariate/time-supply_chain_location_d/14_2/chronos2/none/instance/keep/run_0
2026-08-28 14:27:42 | configuration dataset=time/supply_chain_location_d L=30 H=7 model=persistence covariates=none instance_norm=true remove_constant=false seed=1 batch_size=512
[2026-08-28 14:27:45,630][data.dataset][INFO] - dataset config path=/fssmall/home/h61084/codes/datasets/time/supply_chain_location_d/config.json applied_keys=['date_col', 'drop_users', 'target_cols']
[2026-08-28 14:27:45,650][evaluation.evaluator][INFO] - skip complete run=/fslarge/scratch/users/h61084/codes/tsfm/outputs_selena/univariate/time-supply_chain_location_d/30_7/persistence/none/instance/keep/run_0
2026-08-28 14:27:48 | configuration dataset=time/supply_chain_location_d L=30 H=7 model=expected covariates=none instance_norm=true remove_constant=false seed=1 batch_size=512
[2026-08-28 14:27:50,738][data.dataset][INFO] - dataset config path=/fssmall/home/h61084/codes/datasets/time/supply_chain_location_d/config.json applied_keys=['date_col', 'drop_users', 'target_cols']
[2026-08-28 14:27:50,759][evaluation.evaluator][INFO] - skip complete run=/fslarge/scratch/users/h61084/codes/tsfm/outputs_selena/univariate/time-supply_chain_location_d/30_7/expected/none/instance/keep/run_0
2026-08-28 14:27:53 | configuration dataset=time/supply_chain_location_d L=30 H=7 model=repeat covariates=none instance_norm=true remove_constant=false seed=1 batch_size=512
[2026-08-28 14:27:55,841][data.dataset][INFO] - dataset config path=/fssmall/home/h61084/codes/datasets/time/supply_chain_location_d/config.json applied_keys=['date_col', 'drop_users', 'target_cols']
[2026-08-28 14:27:55,862][evaluation.evaluator][INFO] - skip complete run=/fslarge/scratch/users/h61084/codes/tsfm/outputs_selena/univariate/time-supply_chain_location_d/30_7/repeat/none/instance/keep/run_0
2026-08-28 14:27:58 | configuration dataset=time/supply_chain_location_d L=30 H=7 model=lookback covariates=none instance_norm=true remove_constant=false seed=1 batch_size=512
[2026-08-28 14:28:00,932][data.dataset][INFO] - dataset config path=/fssmall/home/h61084/codes/datasets/time/supply_chain_location_d/config.json applied_keys=['date_col', 'drop_users', 'target_cols']
[2026-08-28 14:28:00,946][evaluation.evaluator][INFO] - lookback weekly period=7 observations
[2026-08-28 14:28:00,953][evaluation.evaluator][INFO] - skip complete run=/fslarge/scratch/users/h61084/codes/tsfm/outputs_selena/univariate/time-supply_chain_location_d/30_7/lookback/none/instance/keep/run_0
2026-08-28 14:28:03 | configuration dataset=time/supply_chain_location_d L=30 H=7 model=chronos2 covariates=none instance_norm=true remove_constant=false seed=1 batch_size=64
[2026-08-28 14:28:06,076][data.dataset][INFO] - dataset config path=/fssmall/home/h61084/codes/datasets/time/supply_chain_location_d/config.json applied_keys=['date_col', 'drop_users', 'target_cols']
[2026-08-28 14:28:06,095][evaluation.evaluator][INFO] - skip complete run=/fslarge/scratch/users/h61084/codes/tsfm/outputs_selena/univariate/time-supply_chain_location_d/30_7/chronos2/none/instance/keep/run_0
2026-08-28 14:28:08 | configuration dataset=time/current_velocity_h_part01 L=168 H=24 model=persistence covariates=none instance_norm=true remove_constant=false seed=1 batch_size=512
[2026-08-28 14:28:11,175][data.dataset][INFO] - dataset config path=/fssmall/home/h61084/codes/datasets/time/current_velocity_h_part01/config.json applied_keys=['date_col', 'drop_users', 'target_cols']
[2026-08-28 14:28:11,194][evaluation.evaluator][INFO] - skip complete run=/fslarge/scratch/users/h61084/codes/tsfm/outputs_selena/univariate/time-current_velocity_h_part01/168_24/persistence/none/instance/keep/run_0
2026-08-28 14:28:13 | configuration dataset=time/current_velocity_h_part01 L=168 H=24 model=expected covariates=none instance_norm=true remove_constant=false seed=1 batch_size=512
[2026-08-28 14:28:16,365][data.dataset][INFO] - dataset config path=/fssmall/home/h61084/codes/datasets/time/current_velocity_h_part01/config.json applied_keys=['date_col', 'drop_users', 'target_cols']
[2026-08-28 14:28:16,383][evaluation.evaluator][INFO] - skip complete run=/fslarge/scratch/users/h61084/codes/tsfm/outputs_selena/univariate/time-current_velocity_h_part01/168_24/expected/none/instance/keep/run_0
2026-08-28 14:28:18 | configuration dataset=time/current_velocity_h_part01 L=168 H=24 model=repeat covariates=none instance_norm=true remove_constant=false seed=1 batch_size=512
[2026-08-28 14:28:21,449][data.dataset][INFO] - dataset config path=/fssmall/home/h61084/codes/datasets/time/current_velocity_h_part01/config.json applied_keys=['date_col', 'drop_users', 'target_cols']
[2026-08-28 14:28:21,466][evaluation.evaluator][INFO] - skip complete run=/fslarge/scratch/users/h61084/codes/tsfm/outputs_selena/univariate/time-current_velocity_h_part01/168_24/repeat/none/instance/keep/run_0
2026-08-28 14:28:23 | configuration dataset=time/current_velocity_h_part01 L=168 H=24 model=lookback covariates=none instance_norm=true remove_constant=false seed=1 batch_size=512
[2026-08-28 14:28:26,604][data.dataset][INFO] - dataset config path=/fssmall/home/h61084/codes/datasets/time/current_velocity_h_part01/config.json applied_keys=['date_col', 'drop_users', 'target_cols']
[2026-08-28 14:28:26,614][evaluation.evaluator][INFO] - lookback weekly period=168 observations
[2026-08-28 14:28:26,621][evaluation.evaluator][INFO] - skip complete run=/fslarge/scratch/users/h61084/codes/tsfm/outputs_selena/univariate/time-current_velocity_h_part01/168_24/lookback/none/instance/keep/run_0
2026-08-28 14:28:29 | configuration dataset=time/current_velocity_h_part01 L=168 H=24 model=chronos2 covariates=none instance_norm=true remove_constant=false seed=1 batch_size=64
[2026-08-28 14:28:31,747][data.dataset][INFO] - dataset config path=/fssmall/home/h61084/codes/datasets/time/current_velocity_h_part01/config.json applied_keys=['date_col', 'drop_users', 'target_cols']
[2026-08-28 14:28:31,764][evaluation.evaluator][INFO] - skip complete run=/fslarge/scratch/users/h61084/codes/tsfm/outputs_selena/univariate/time-current_velocity_h_part01/168_24/chronos2/none/instance/keep/run_0
2026-08-28 14:28:34 | configuration dataset=time/current_velocity_h_part01 L=336 H=48 model=persistence covariates=none instance_norm=true remove_constant=false seed=1 batch_size=512
[2026-08-28 14:28:36,879][data.dataset][INFO] - dataset config path=/fssmall/home/h61084/codes/datasets/time/current_velocity_h_part01/config.json applied_keys=['date_col', 'drop_users', 'target_cols']
[2026-08-28 14:28:36,896][evaluation.evaluator][INFO] - skip complete run=/fslarge/scratch/users/h61084/codes/tsfm/outputs_selena/univariate/time-current_velocity_h_part01/336_48/persistence/none/instance/keep/run_0
2026-08-28 14:28:39 | configuration dataset=time/current_velocity_h_part01 L=336 H=48 model=expected covariates=none instance_norm=true remove_constant=false seed=1 batch_size=512
[2026-08-28 14:28:41,976][data.dataset][INFO] - dataset config path=/fssmall/home/h61084/codes/datasets/time/current_velocity_h_part01/config.json applied_keys=['date_col', 'drop_users', 'target_cols']
[2026-08-28 14:28:41,993][evaluation.evaluator][INFO] - skip complete run=/fslarge/scratch/users/h61084/codes/tsfm/outputs_selena/univariate/time-current_velocity_h_part01/336_48/expected/none/instance/keep/run_0
2026-08-28 14:28:44 | configuration dataset=time/current_velocity_h_part01 L=336 H=48 model=repeat covariates=none instance_norm=true remove_constant=false seed=1 batch_size=512
[2026-08-28 14:28:47,108][data.dataset][INFO] - dataset config path=/fssmall/home/h61084/codes/datasets/time/current_velocity_h_part01/config.json applied_keys=['date_col', 'drop_users', 'target_cols']
[2026-08-28 14:28:47,125][evaluation.evaluator][INFO] - skip complete run=/fslarge/scratch/users/h61084/codes/tsfm/outputs_selena/univariate/time-current_velocity_h_part01/336_48/repeat/none/instance/keep/run_0
2026-08-28 14:28:49 | configuration dataset=time/current_velocity_h_part01 L=336 H=48 model=lookback covariates=none instance_norm=true remove_constant=false seed=1 batch_size=512
[2026-08-28 14:28:52,211][data.dataset][INFO] - dataset config path=/fssmall/home/h61084/codes/datasets/time/current_velocity_h_part01/config.json applied_keys=['date_col', 'drop_users', 'target_cols']
[2026-08-28 14:28:52,222][evaluation.evaluator][INFO] - lookback weekly period=168 observations
[2026-08-28 14:28:52,229][evaluation.evaluator][INFO] - skip complete run=/fslarge/scratch/users/h61084/codes/tsfm/outputs_selena/univariate/time-current_velocity_h_part01/336_48/lookback/none/instance/keep/run_0
2026-08-28 14:28:54 | configuration dataset=time/current_velocity_h_part01 L=336 H=48 model=chronos2 covariates=none instance_norm=true remove_constant=false seed=1 batch_size=64
[2026-08-28 14:28:57,306][data.dataset][INFO] - dataset config path=/fssmall/home/h61084/codes/datasets/time/current_velocity_h_part01/config.json applied_keys=['date_col', 'drop_users', 'target_cols']
[2026-08-28 14:28:57,322][evaluation.evaluator][INFO] - skip complete run=/fslarge/scratch/users/h61084/codes/tsfm/outputs_selena/univariate/time-current_velocity_h_part01/336_48/chronos2/none/instance/keep/run_0
2026-08-28 14:28:59 | configuration dataset=time/current_velocity_h_part01 L=504 H=168 model=persistence covariates=none instance_norm=true remove_constant=false seed=1 batch_size=512
[2026-08-28 14:29:02,418][data.dataset][INFO] - dataset config path=/fssmall/home/h61084/codes/datasets/time/current_velocity_h_part01/config.json applied_keys=['date_col', 'drop_users', 'target_cols']
[2026-08-28 14:29:02,435][evaluation.evaluator][INFO] - skip complete run=/fslarge/scratch/users/h61084/codes/tsfm/outputs_selena/univariate/time-current_velocity_h_part01/504_168/persistence/none/instance/keep/run_0
2026-08-28 14:29:04 | configuration dataset=time/current_velocity_h_part01 L=504 H=168 model=expected covariates=none instance_norm=true remove_constant=false seed=1 batch_size=512
[2026-08-28 14:29:07,535][data.dataset][INFO] - dataset config path=/fssmall/home/h61084/codes/datasets/time/current_velocity_h_part01/config.json applied_keys=['date_col', 'drop_users', 'target_cols']
[2026-08-28 14:29:07,552][evaluation.evaluator][INFO] - skip complete run=/fslarge/scratch/users/h61084/codes/tsfm/outputs_selena/univariate/time-current_velocity_h_part01/504_168/expected/none/instance/keep/run_0
2026-08-28 14:29:09 | configuration dataset=time/current_velocity_h_part01 L=504 H=168 model=repeat covariates=none instance_norm=true remove_constant=false seed=1 batch_size=512
[2026-08-28 14:29:12,667][data.dataset][INFO] - dataset config path=/fssmall/home/h61084/codes/datasets/time/current_velocity_h_part01/config.json applied_keys=['date_col', 'drop_users', 'target_cols']
[2026-08-28 14:29:12,683][evaluation.evaluator][INFO] - skip complete run=/fslarge/scratch/users/h61084/codes/tsfm/outputs_selena/univariate/time-current_velocity_h_part01/504_168/repeat/none/instance/keep/run_0
2026-08-28 14:29:15 | configuration dataset=time/current_velocity_h_part01 L=504 H=168 model=lookback covariates=none instance_norm=true remove_constant=false seed=1 batch_size=512
[2026-08-28 14:29:17,743][data.dataset][INFO] - dataset config path=/fssmall/home/h61084/codes/datasets/time/current_velocity_h_part01/config.json applied_keys=['date_col', 'drop_users', 'target_cols']
[2026-08-28 14:29:17,753][evaluation.evaluator][INFO] - lookback weekly period=168 observations
[2026-08-28 14:29:17,760][evaluation.evaluator][INFO] - skip complete run=/fslarge/scratch/users/h61084/codes/tsfm/outputs_selena/univariate/time-current_velocity_h_part01/504_168/lookback/none/instance/keep/run_0
2026-08-28 14:29:20 | configuration dataset=time/current_velocity_h_part01 L=504 H=168 model=chronos2 covariates=none instance_norm=true remove_constant=false seed=1 batch_size=64
[2026-08-28 14:29:22,900][data.dataset][INFO] - dataset config path=/fssmall/home/h61084/codes/datasets/time/current_velocity_h_part01/config.json applied_keys=['date_col', 'drop_users', 'target_cols']
[2026-08-28 14:29:22,917][evaluation.evaluator][INFO] - skip complete run=/fslarge/scratch/users/h61084/codes/tsfm/outputs_selena/univariate/time-current_velocity_h_part01/504_168/chronos2/none/instance/keep/run_0
2026-08-28 14:29:25 | configuration dataset=time/current_velocity_h_part02 L=168 H=24 model=persistence covariates=none instance_norm=true remove_constant=false seed=1 batch_size=512
[2026-08-28 14:29:28,024][data.dataset][INFO] - dataset config path=/fssmall/home/h61084/codes/datasets/time/current_velocity_h_part02/config.json applied_keys=['date_col', 'drop_users', 'target_cols']
[2026-08-28 14:29:28,042][evaluation.evaluator][INFO] - skip complete run=/fslarge/scratch/users/h61084/codes/tsfm/outputs_selena/univariate/time-current_velocity_h_part02/168_24/persistence/none/instance/keep/run_0
2026-08-28 14:29:30 | configuration dataset=time/current_velocity_h_part02 L=168 H=24 model=expected covariates=none instance_norm=true remove_constant=false seed=1 batch_size=512
[2026-08-28 14:29:33,165][data.dataset][INFO] - dataset config path=/fssmall/home/h61084/codes/datasets/time/current_velocity_h_part02/config.json applied_keys=['date_col', 'drop_users', 'target_cols']
[2026-08-28 14:29:33,185][evaluation.evaluator][INFO] - skip complete run=/fslarge/scratch/users/h61084/codes/tsfm/outputs_selena/univariate/time-current_velocity_h_part02/168_24/expected/none/instance/keep/run_0
2026-08-28 14:29:35 | configuration dataset=time/current_velocity_h_part02 L=168 H=24 model=repeat covariates=none instance_norm=true remove_constant=false seed=1 batch_size=512
[2026-08-28 14:29:38,292][data.dataset][INFO] - dataset config path=/fssmall/home/h61084/codes/datasets/time/current_velocity_h_part02/config.json applied_keys=['date_col', 'drop_users', 'target_cols']
[2026-08-28 14:29:38,308][evaluation.evaluator][INFO] - skip complete run=/fslarge/scratch/users/h61084/codes/tsfm/outputs_selena/univariate/time-current_velocity_h_part02/168_24/repeat/none/instance/keep/run_0
2026-08-28 14:29:40 | configuration dataset=time/current_velocity_h_part02 L=168 H=24 model=lookback covariates=none instance_norm=true remove_constant=false seed=1 batch_size=512
[2026-08-28 14:29:43,406][data.dataset][INFO] - dataset config path=/fssmall/home/h61084/codes/datasets/time/current_velocity_h_part02/config.json applied_keys=['date_col', 'drop_users', 'target_cols']
[2026-08-28 14:29:43,417][evaluation.evaluator][INFO] - lookback weekly period=168 observations
[2026-08-28 14:29:43,424][evaluation.evaluator][INFO] - skip complete run=/fslarge/scratch/users/h61084/codes/tsfm/outputs_selena/univariate/time-current_velocity_h_part02/168_24/lookback/none/instance/keep/run_0
2026-08-28 14:29:45 | configuration dataset=time/current_velocity_h_part02 L=168 H=24 model=chronos2 covariates=none instance_norm=true remove_constant=false seed=1 batch_size=64
[2026-08-28 14:29:48,536][data.dataset][INFO] - dataset config path=/fssmall/home/h61084/codes/datasets/time/current_velocity_h_part02/config.json applied_keys=['date_col', 'drop_users', 'target_cols']
[2026-08-28 14:29:48,552][evaluation.evaluator][INFO] - skip complete run=/fslarge/scratch/users/h61084/codes/tsfm/outputs_selena/univariate/time-current_velocity_h_part02/168_24/chronos2/none/instance/keep/run_0
2026-08-28 14:29:50 | configuration dataset=time/current_velocity_h_part02 L=336 H=48 model=persistence covariates=none instance_norm=true remove_constant=false seed=1 batch_size=512
[2026-08-28 14:29:53,570][data.dataset][INFO] - dataset config path=/fssmall/home/h61084/codes/datasets/time/current_velocity_h_part02/config.json applied_keys=['date_col', 'drop_users', 'target_cols']
[2026-08-28 14:29:53,587][evaluation.evaluator][INFO] - skip complete run=/fslarge/scratch/users/h61084/codes/tsfm/outputs_selena/univariate/time-current_velocity_h_part02/336_48/persistence/none/instance/keep/run_0
2026-08-28 14:29:55 | configuration dataset=time/current_velocity_h_part02 L=336 H=48 model=expected covariates=none instance_norm=true remove_constant=false seed=1 batch_size=512
[2026-08-28 14:29:58,691][data.dataset][INFO] - dataset config path=/fssmall/home/h61084/codes/datasets/time/current_velocity_h_part02/config.json applied_keys=['date_col', 'drop_users', 'target_cols']
[2026-08-28 14:29:58,708][evaluation.evaluator][INFO] - skip complete run=/fslarge/scratch/users/h61084/codes/tsfm/outputs_selena/univariate/time-current_velocity_h_part02/336_48/expected/none/instance/keep/run_0
2026-08-28 14:30:01 | configuration dataset=time/current_velocity_h_part02 L=336 H=48 model=repeat covariates=none instance_norm=true remove_constant=false seed=1 batch_size=512
[2026-08-28 14:30:03,782][data.dataset][INFO] - dataset config path=/fssmall/home/h61084/codes/datasets/time/current_velocity_h_part02/config.json applied_keys=['date_col', 'drop_users', 'target_cols']
[2026-08-28 14:30:03,799][evaluation.evaluator][INFO] - skip complete run=/fslarge/scratch/users/h61084/codes/tsfm/outputs_selena/univariate/time-current_velocity_h_part02/336_48/repeat/none/instance/keep/run_0
2026-08-28 14:30:06 | configuration dataset=time/current_velocity_h_part02 L=336 H=48 model=lookback covariates=none instance_norm=true remove_constant=false seed=1 batch_size=512
[2026-08-28 14:30:08,826][data.dataset][INFO] - dataset config path=/fssmall/home/h61084/codes/datasets/time/current_velocity_h_part02/config.json applied_keys=['date_col', 'drop_users', 'target_cols']
[2026-08-28 14:30:08,836][evaluation.evaluator][INFO] - lookback weekly period=168 observations
[2026-08-28 14:30:08,843][evaluation.evaluator][INFO] - skip complete run=/fslarge/scratch/users/h61084/codes/tsfm/outputs_selena/univariate/time-current_velocity_h_part02/336_48/lookback/none/instance/keep/run_0
2026-08-28 14:30:11 | configuration dataset=time/current_velocity_h_part02 L=336 H=48 model=chronos2 covariates=none instance_norm=true remove_constant=false seed=1 batch_size=64
[2026-08-28 14:30:13,964][data.dataset][INFO] - dataset config path=/fssmall/home/h61084/codes/datasets/time/current_velocity_h_part02/config.json applied_keys=['date_col', 'drop_users', 'target_cols']
[2026-08-28 14:30:13,980][evaluation.evaluator][INFO] - skip complete run=/fslarge/scratch/users/h61084/codes/tsfm/outputs_selena/univariate/time-current_velocity_h_part02/336_48/chronos2/none/instance/keep/run_0
2026-08-28 14:30:16 | configuration dataset=time/current_velocity_h_part02 L=504 H=168 model=persistence covariates=none instance_norm=true remove_constant=false seed=1 batch_size=512
[2026-08-28 14:30:19,074][data.dataset][INFO] - dataset config path=/fssmall/home/h61084/codes/datasets/time/current_velocity_h_part02/config.json applied_keys=['date_col', 'drop_users', 'target_cols']
[2026-08-28 14:30:19,089][evaluation.evaluator][INFO] - skip complete run=/fslarge/scratch/users/h61084/codes/tsfm/outputs_selena/univariate/time-current_velocity_h_part02/504_168/persistence/none/instance/keep/run_0
2026-08-28 14:30:21 | configuration dataset=time/current_velocity_h_part02 L=504 H=168 model=expected covariates=none instance_norm=true remove_constant=false seed=1 batch_size=512
[2026-08-28 14:30:24,231][data.dataset][INFO] - dataset config path=/fssmall/home/h61084/codes/datasets/time/current_velocity_h_part02/config.json applied_keys=['date_col', 'drop_users', 'target_cols']
[2026-08-28 14:30:24,248][evaluation.evaluator][INFO] - skip complete run=/fslarge/scratch/users/h61084/codes/tsfm/outputs_selena/univariate/time-current_velocity_h_part02/504_168/expected/none/instance/keep/run_0
2026-08-28 14:30:26 | configuration dataset=time/current_velocity_h_part02 L=504 H=168 model=repeat covariates=none instance_norm=true remove_constant=false seed=1 batch_size=512
[2026-08-28 14:30:29,355][data.dataset][INFO] - dataset config path=/fssmall/home/h61084/codes/datasets/time/current_velocity_h_part02/config.json applied_keys=['date_col', 'drop_users', 'target_cols']
[2026-08-28 14:30:29,372][evaluation.evaluator][INFO] - skip complete run=/fslarge/scratch/users/h61084/codes/tsfm/outputs_selena/univariate/time-current_velocity_h_part02/504_168/repeat/none/instance/keep/run_0
2026-08-28 14:30:31 | configuration dataset=time/current_velocity_h_part02 L=504 H=168 model=lookback covariates=none instance_norm=true remove_constant=false seed=1 batch_size=512
[2026-08-28 14:30:34,505][data.dataset][INFO] - dataset config path=/fssmall/home/h61084/codes/datasets/time/current_velocity_h_part02/config.json applied_keys=['date_col', 'drop_users', 'target_cols']
[2026-08-28 14:30:34,516][evaluation.evaluator][INFO] - lookback weekly period=168 observations
[2026-08-28 14:30:34,523][evaluation.evaluator][INFO] - skip complete run=/fslarge/scratch/users/h61084/codes/tsfm/outputs_selena/univariate/time-current_velocity_h_part02/504_168/lookback/none/instance/keep/run_0
2026-08-28 14:30:36 | configuration dataset=time/current_velocity_h_part02 L=504 H=168 model=chronos2 covariates=none instance_norm=true remove_constant=false seed=1 batch_size=64
[2026-08-28 14:30:39,633][data.dataset][INFO] - dataset config path=/fssmall/home/h61084/codes/datasets/time/current_velocity_h_part02/config.json applied_keys=['date_col', 'drop_users', 'target_cols']
[2026-08-28 14:30:39,650][evaluation.evaluator][INFO] - skip complete run=/fslarge/scratch/users/h61084/codes/tsfm/outputs_selena/univariate/time-current_velocity_h_part02/504_168/chronos2/none/instance/keep/run_0
2026-08-28 14:30:42 | configuration dataset=time/current_velocity_h_part03 L=168 H=24 model=persistence covariates=none instance_norm=true remove_constant=false seed=1 batch_size=512
[2026-08-28 14:30:44,759][data.dataset][INFO] - dataset config path=/fssmall/home/h61084/codes/datasets/time/current_velocity_h_part03/config.json applied_keys=['date_col', 'drop_users', 'target_cols']
[2026-08-28 14:30:44,776][evaluation.evaluator][INFO] - skip complete run=/fslarge/scratch/users/h61084/codes/tsfm/outputs_selena/univariate/time-current_velocity_h_part03/168_24/persistence/none/instance/keep/run_0
2026-08-28 14:30:47 | configuration dataset=time/current_velocity_h_part03 L=168 H=24 model=expected covariates=none instance_norm=true remove_constant=false seed=1 batch_size=512
[2026-08-28 14:30:49,836][data.dataset][INFO] - dataset config path=/fssmall/home/h61084/codes/datasets/time/current_velocity_h_part03/config.json applied_keys=['date_col', 'drop_users', 'target_cols']
[2026-08-28 14:30:49,853][evaluation.evaluator][INFO] - skip complete run=/fslarge/scratch/users/h61084/codes/tsfm/outputs_selena/univariate/time-current_velocity_h_part03/168_24/expected/none/instance/keep/run_0
2026-08-28 14:30:52 | configuration dataset=time/current_velocity_h_part03 L=168 H=24 model=repeat covariates=none instance_norm=true remove_constant=false seed=1 batch_size=512
[2026-08-28 14:30:54,947][data.dataset][INFO] - dataset config path=/fssmall/home/h61084/codes/datasets/time/current_velocity_h_part03/config.json applied_keys=['date_col', 'drop_users', 'target_cols']
[2026-08-28 14:30:54,963][evaluation.evaluator][INFO] - skip complete run=/fslarge/scratch/users/h61084/codes/tsfm/outputs_selena/univariate/time-current_velocity_h_part03/168_24/repeat/none/instance/keep/run_0
2026-08-28 14:30:57 | configuration dataset=time/current_velocity_h_part03 L=168 H=24 model=lookback covariates=none instance_norm=true remove_constant=false seed=1 batch_size=512
[2026-08-28 14:31:00,082][data.dataset][INFO] - dataset config path=/fssmall/home/h61084/codes/datasets/time/current_velocity_h_part03/config.json applied_keys=['date_col', 'drop_users', 'target_cols']
[2026-08-28 14:31:00,092][evaluation.evaluator][INFO] - lookback weekly period=168 observations
[2026-08-28 14:31:00,099][evaluation.evaluator][INFO] - skip complete run=/fslarge/scratch/users/h61084/codes/tsfm/outputs_selena/univariate/time-current_velocity_h_part03/168_24/lookback/none/instance/keep/run_0
2026-08-28 14:31:02 | configuration dataset=time/current_velocity_h_part03 L=168 H=24 model=chronos2 covariates=none instance_norm=true remove_constant=false seed=1 batch_size=64
[2026-08-28 14:31:05,242][data.dataset][INFO] - dataset config path=/fssmall/home/h61084/codes/datasets/time/current_velocity_h_part03/config.json applied_keys=['date_col', 'drop_users', 'target_cols']
[2026-08-28 14:31:05,258][evaluation.evaluator][INFO] - skip complete run=/fslarge/scratch/users/h61084/codes/tsfm/outputs_selena/univariate/time-current_velocity_h_part03/168_24/chronos2/none/instance/keep/run_0
2026-08-28 14:31:07 | configuration dataset=time/current_velocity_h_part03 L=336 H=48 model=persistence covariates=none instance_norm=true remove_constant=false seed=1 batch_size=512
[2026-08-28 14:31:10,341][data.dataset][INFO] - dataset config path=/fssmall/home/h61084/codes/datasets/time/current_velocity_h_part03/config.json applied_keys=['date_col', 'drop_users', 'target_cols']
[2026-08-28 14:31:10,358][evaluation.evaluator][INFO] - skip complete run=/fslarge/scratch/users/h61084/codes/tsfm/outputs_selena/univariate/time-current_velocity_h_part03/336_48/persistence/none/instance/keep/run_0
2026-08-28 14:31:12 | configuration dataset=time/current_velocity_h_part03 L=336 H=48 model=expected covariates=none instance_norm=true remove_constant=false seed=1 batch_size=512
[2026-08-28 14:31:15,441][data.dataset][INFO] - dataset config path=/fssmall/home/h61084/codes/datasets/time/current_velocity_h_part03/config.json applied_keys=['date_col', 'drop_users', 'target_cols']
[2026-08-28 14:31:15,461][evaluation.evaluator][INFO] - skip complete run=/fslarge/scratch/users/h61084/codes/tsfm/outputs_selena/univariate/time-current_velocity_h_part03/336_48/expected/none/instance/keep/run_0
2026-08-28 14:31:17 | configuration dataset=time/current_velocity_h_part03 L=336 H=48 model=repeat covariates=none instance_norm=true remove_constant=false seed=1 batch_size=512
[2026-08-28 14:31:20,532][data.dataset][INFO] - dataset config path=/fssmall/home/h61084/codes/datasets/time/current_velocity_h_part03/config.json applied_keys=['date_col', 'drop_users', 'target_cols']
[2026-08-28 14:31:20,549][evaluation.evaluator][INFO] - skip complete run=/fslarge/scratch/users/h61084/codes/tsfm/outputs_selena/univariate/time-current_velocity_h_part03/336_48/repeat/none/instance/keep/run_0
2026-08-28 14:31:22 | configuration dataset=time/current_velocity_h_part03 L=336 H=48 model=lookback covariates=none instance_norm=true remove_constant=false seed=1 batch_size=512
[2026-08-28 14:31:25,648][data.dataset][INFO] - dataset config path=/fssmall/home/h61084/codes/datasets/time/current_velocity_h_part03/config.json applied_keys=['date_col', 'drop_users', 'target_cols']
[2026-08-28 14:31:25,657][evaluation.evaluator][INFO] - lookback weekly period=168 observations
[2026-08-28 14:31:25,663][evaluation.evaluator][INFO] - skip complete run=/fslarge/scratch/users/h61084/codes/tsfm/outputs_selena/univariate/time-current_velocity_h_part03/336_48/lookback/none/instance/keep/run_0
2026-08-28 14:31:28 | configuration dataset=time/current_velocity_h_part03 L=336 H=48 model=chronos2 covariates=none instance_norm=true remove_constant=false seed=1 batch_size=64
[2026-08-28 14:31:30,802][data.dataset][INFO] - dataset config path=/fssmall/home/h61084/codes/datasets/time/current_velocity_h_part03/config.json applied_keys=['date_col', 'drop_users', 'target_cols']
[2026-08-28 14:31:30,818][evaluation.evaluator][INFO] - skip complete run=/fslarge/scratch/users/h61084/codes/tsfm/outputs_selena/univariate/time-current_velocity_h_part03/336_48/chronos2/none/instance/keep/run_0
2026-08-28 14:31:33 | configuration dataset=time/current_velocity_h_part03 L=504 H=168 model=persistence covariates=none instance_norm=true remove_constant=false seed=1 batch_size=512
[2026-08-28 14:31:35,898][data.dataset][INFO] - dataset config path=/fssmall/home/h61084/codes/datasets/time/current_velocity_h_part03/config.json applied_keys=['date_col', 'drop_users', 'target_cols']
[2026-08-28 14:31:35,915][evaluation.evaluator][INFO] - skip complete run=/fslarge/scratch/users/h61084/codes/tsfm/outputs_selena/univariate/time-current_velocity_h_part03/504_168/persistence/none/instance/keep/run_0
2026-08-28 14:31:38 | configuration dataset=time/current_velocity_h_part03 L=504 H=168 model=expected covariates=none instance_norm=true remove_constant=false seed=1 batch_size=512
[2026-08-28 14:31:41,012][data.dataset][INFO] - dataset config path=/fssmall/home/h61084/codes/datasets/time/current_velocity_h_part03/config.json applied_keys=['date_col', 'drop_users', 'target_cols']
[2026-08-28 14:31:41,028][evaluation.evaluator][INFO] - skip complete run=/fslarge/scratch/users/h61084/codes/tsfm/outputs_selena/univariate/time-current_velocity_h_part03/504_168/expected/none/instance/keep/run_0
2026-08-28 14:31:43 | configuration dataset=time/current_velocity_h_part03 L=504 H=168 model=repeat covariates=none instance_norm=true remove_constant=false seed=1 batch_size=512
[2026-08-28 14:31:46,102][data.dataset][INFO] - dataset config path=/fssmall/home/h61084/codes/datasets/time/current_velocity_h_part03/config.json applied_keys=['date_col', 'drop_users', 'target_cols']
[2026-08-28 14:31:46,118][evaluation.evaluator][INFO] - skip complete run=/fslarge/scratch/users/h61084/codes/tsfm/outputs_selena/univariate/time-current_velocity_h_part03/504_168/repeat/none/instance/keep/run_0
2026-08-28 14:31:48 | configuration dataset=time/current_velocity_h_part03 L=504 H=168 model=lookback covariates=none instance_norm=true remove_constant=false seed=1 batch_size=512
[2026-08-28 14:31:51,181][data.dataset][INFO] - dataset config path=/fssmall/home/h61084/codes/datasets/time/current_velocity_h_part03/config.json applied_keys=['date_col', 'drop_users', 'target_cols']
[2026-08-28 14:31:51,191][evaluation.evaluator][INFO] - lookback weekly period=168 observations
[2026-08-28 14:31:51,198][evaluation.evaluator][INFO] - skip complete run=/fslarge/scratch/users/h61084/codes/tsfm/outputs_selena/univariate/time-current_velocity_h_part03/504_168/lookback/none/instance/keep/run_0
2026-08-28 14:31:53 | configuration dataset=time/current_velocity_h_part03 L=504 H=168 model=chronos2 covariates=none instance_norm=true remove_constant=false seed=1 batch_size=64
[2026-08-28 14:31:56,296][data.dataset][INFO] - dataset config path=/fssmall/home/h61084/codes/datasets/time/current_velocity_h_part03/config.json applied_keys=['date_col', 'drop_users', 'target_cols']
[2026-08-28 14:31:56,312][evaluation.evaluator][INFO] - skip complete run=/fslarge/scratch/users/h61084/codes/tsfm/outputs_selena/univariate/time-current_velocity_h_part03/504_168/chronos2/none/instance/keep/run_0
2026-08-28 14:31:58 | configuration dataset=time/current_velocity_h_part04 L=168 H=24 model=persistence covariates=none instance_norm=true remove_constant=false seed=1 batch_size=512
[2026-08-28 14:32:01,392][data.dataset][INFO] - dataset config path=/fssmall/home/h61084/codes/datasets/time/current_velocity_h_part04/config.json applied_keys=['date_col', 'drop_users', 'target_cols']
[2026-08-28 14:32:01,409][evaluation.evaluator][INFO] - skip complete run=/fslarge/scratch/users/h61084/codes/tsfm/outputs_selena/univariate/time-current_velocity_h_part04/168_24/persistence/none/instance/keep/run_0
2026-08-28 14:32:03 | configuration dataset=time/current_velocity_h_part04 L=168 H=24 model=expected covariates=none instance_norm=true remove_constant=false seed=1 batch_size=512
[2026-08-28 14:32:06,444][data.dataset][INFO] - dataset config path=/fssmall/home/h61084/codes/datasets/time/current_velocity_h_part04/config.json applied_keys=['date_col', 'drop_users', 'target_cols']
[2026-08-28 14:32:06,461][evaluation.evaluator][INFO] - skip complete run=/fslarge/scratch/users/h61084/codes/tsfm/outputs_selena/univariate/time-current_velocity_h_part04/168_24/expected/none/instance/keep/run_0
2026-08-28 14:32:08 | configuration dataset=time/current_velocity_h_part04 L=168 H=24 model=repeat covariates=none instance_norm=true remove_constant=false seed=1 batch_size=512
[2026-08-28 14:32:11,509][data.dataset][INFO] - dataset config path=/fssmall/home/h61084/codes/datasets/time/current_velocity_h_part04/config.json applied_keys=['date_col', 'drop_users', 'target_cols']
[2026-08-28 14:32:11,525][evaluation.evaluator][INFO] - skip complete run=/fslarge/scratch/users/h61084/codes/tsfm/outputs_selena/univariate/time-current_velocity_h_part04/168_24/repeat/none/instance/keep/run_0
2026-08-28 14:32:13 | configuration dataset=time/current_velocity_h_part04 L=168 H=24 model=lookback covariates=none instance_norm=true remove_constant=false seed=1 batch_size=512
[2026-08-28 14:32:16,630][data.dataset][INFO] - dataset config path=/fssmall/home/h61084/codes/datasets/time/current_velocity_h_part04/config.json applied_keys=['date_col', 'drop_users', 'target_cols']
[2026-08-28 14:32:16,640][evaluation.evaluator][INFO] - lookback weekly period=168 observations
[2026-08-28 14:32:16,647][evaluation.evaluator][INFO] - skip complete run=/fslarge/scratch/users/h61084/codes/tsfm/outputs_selena/univariate/time-current_velocity_h_part04/168_24/lookback/none/instance/keep/run_0
2026-08-28 14:32:19 | configuration dataset=time/current_velocity_h_part04 L=168 H=24 model=chronos2 covariates=none instance_norm=true remove_constant=false seed=1 batch_size=64
[2026-08-28 14:32:21,715][data.dataset][INFO] - dataset config path=/fssmall/home/h61084/codes/datasets/time/current_velocity_h_part04/config.json applied_keys=['date_col', 'drop_users', 'target_cols']
[2026-08-28 14:32:21,732][evaluation.evaluator][INFO] - skip complete run=/fslarge/scratch/users/h61084/codes/tsfm/outputs_selena/univariate/time-current_velocity_h_part04/168_24/chronos2/none/instance/keep/run_0
2026-08-28 14:32:24 | configuration dataset=time/current_velocity_h_part04 L=336 H=48 model=persistence covariates=none instance_norm=true remove_constant=false seed=1 batch_size=512
[2026-08-28 14:32:26,823][data.dataset][INFO] - dataset config path=/fssmall/home/h61084/codes/datasets/time/current_velocity_h_part04/config.json applied_keys=['date_col', 'drop_users', 'target_cols']
[2026-08-28 14:32:26,840][evaluation.evaluator][INFO] - skip complete run=/fslarge/scratch/users/h61084/codes/tsfm/outputs_selena/univariate/time-current_velocity_h_part04/336_48/persistence/none/instance/keep/run_0
2026-08-28 14:32:29 | configuration dataset=time/current_velocity_h_part04 L=336 H=48 model=expected covariates=none instance_norm=true remove_constant=false seed=1 batch_size=512
[2026-08-28 14:32:31,930][data.dataset][INFO] - dataset config path=/fssmall/home/h61084/codes/datasets/time/current_velocity_h_part04/config.json applied_keys=['date_col', 'drop_users', 'target_cols']
[2026-08-28 14:32:31,946][evaluation.evaluator][INFO] - skip complete run=/fslarge/scratch/users/h61084/codes/tsfm/outputs_selena/univariate/time-current_velocity_h_part04/336_48/expected/none/instance/keep/run_0
2026-08-28 14:32:37 | configuration dataset=time/current_velocity_h_part04 L=336 H=48 model=repeat covariates=none instance_norm=true remove_constant=false seed=1 batch_size=512
[2026-08-28 14:32:40,303][data.dataset][INFO] - dataset config path=/fssmall/home/h61084/codes/datasets/time/current_velocity_h_part04/config.json applied_keys=['date_col', 'drop_users', 'target_cols']
[2026-08-28 14:32:40,319][evaluation.evaluator][INFO] - skip complete run=/fslarge/scratch/users/h61084/codes/tsfm/outputs_selena/univariate/time-current_velocity_h_part04/336_48/repeat/none/instance/keep/run_0
2026-08-28 14:32:42 | configuration dataset=time/current_velocity_h_part04 L=336 H=48 model=lookback covariates=none instance_norm=true remove_constant=false seed=1 batch_size=512
[2026-08-28 14:32:45,678][data.dataset][INFO] - dataset config path=/fssmall/home/h61084/codes/datasets/time/current_velocity_h_part04/config.json applied_keys=['date_col', 'drop_users', 'target_cols']
[2026-08-28 14:32:45,688][evaluation.evaluator][INFO] - lookback weekly period=168 observations
[2026-08-28 14:32:45,695][evaluation.evaluator][INFO] - skip complete run=/fslarge/scratch/users/h61084/codes/tsfm/outputs_selena/univariate/time-current_velocity_h_part04/336_48/lookback/none/instance/keep/run_0
2026-08-28 14:32:48 | configuration dataset=time/current_velocity_h_part04 L=336 H=48 model=chronos2 covariates=none instance_norm=true remove_constant=false seed=1 batch_size=64
[2026-08-28 14:32:50,868][data.dataset][INFO] - dataset config path=/fssmall/home/h61084/codes/datasets/time/current_velocity_h_part04/config.json applied_keys=['date_col', 'drop_users', 'target_cols']
[2026-08-28 14:32:50,885][evaluation.evaluator][INFO] - skip complete run=/fslarge/scratch/users/h61084/codes/tsfm/outputs_selena/univariate/time-current_velocity_h_part04/336_48/chronos2/none/instance/keep/run_0
2026-08-28 14:32:53 | configuration dataset=time/current_velocity_h_part04 L=504 H=168 model=persistence covariates=none instance_norm=true remove_constant=false seed=1 batch_size=512
[2026-08-28 14:32:55,977][data.dataset][INFO] - dataset config path=/fssmall/home/h61084/codes/datasets/time/current_velocity_h_part04/config.json applied_keys=['date_col', 'drop_users', 'target_cols']
[2026-08-28 14:32:55,994][evaluation.evaluator][INFO] - skip complete run=/fslarge/scratch/users/h61084/codes/tsfm/outputs_selena/univariate/time-current_velocity_h_part04/504_168/persistence/none/instance/keep/run_0
2026-08-28 14:32:58 | configuration dataset=time/current_velocity_h_part04 L=504 H=168 model=expected covariates=none instance_norm=true remove_constant=false seed=1 batch_size=512
[2026-08-28 14:33:01,070][data.dataset][INFO] - dataset config path=/fssmall/home/h61084/codes/datasets/time/current_velocity_h_part04/config.json applied_keys=['date_col', 'drop_users', 'target_cols']
[2026-08-28 14:33:01,087][evaluation.evaluator][INFO] - skip complete run=/fslarge/scratch/users/h61084/codes/tsfm/outputs_selena/univariate/time-current_velocity_h_part04/504_168/expected/none/instance/keep/run_0
2026-08-28 14:33:03 | configuration dataset=time/current_velocity_h_part04 L=504 H=168 model=repeat covariates=none instance_norm=true remove_constant=false seed=1 batch_size=512
[2026-08-28 14:33:06,161][data.dataset][INFO] - dataset config path=/fssmall/home/h61084/codes/datasets/time/current_velocity_h_part04/config.json applied_keys=['date_col', 'drop_users', 'target_cols']
[2026-08-28 14:33:06,176][evaluation.evaluator][INFO] - skip complete run=/fslarge/scratch/users/h61084/codes/tsfm/outputs_selena/univariate/time-current_velocity_h_part04/504_168/repeat/none/instance/keep/run_0
2026-08-28 14:33:08 | configuration dataset=time/current_velocity_h_part04 L=504 H=168 model=lookback covariates=none instance_norm=true remove_constant=false seed=1 batch_size=512
[2026-08-28 14:33:11,233][data.dataset][INFO] - dataset config path=/fssmall/home/h61084/codes/datasets/time/current_velocity_h_part04/config.json applied_keys=['date_col', 'drop_users', 'target_cols']
[2026-08-28 14:33:11,243][evaluation.evaluator][INFO] - lookback weekly period=168 observations
[2026-08-28 14:33:11,250][evaluation.evaluator][INFO] - skip complete run=/fslarge/scratch/users/h61084/codes/tsfm/outputs_selena/univariate/time-current_velocity_h_part04/504_168/lookback/none/instance/keep/run_0
2026-08-28 14:33:13 | configuration dataset=time/current_velocity_h_part04 L=504 H=168 model=chronos2 covariates=none instance_norm=true remove_constant=false seed=1 batch_size=64
[2026-08-28 14:33:16,338][data.dataset][INFO] - dataset config path=/fssmall/home/h61084/codes/datasets/time/current_velocity_h_part04/config.json applied_keys=['date_col', 'drop_users', 'target_cols']
[2026-08-28 14:33:16,354][evaluation.evaluator][INFO] - skip complete run=/fslarge/scratch/users/h61084/codes/tsfm/outputs_selena/univariate/time-current_velocity_h_part04/504_168/chronos2/none/instance/keep/run_0
2026-08-28 14:33:18 | configuration dataset=time/current_velocity_h_part05 L=168 H=24 model=persistence covariates=none instance_norm=true remove_constant=false seed=1 batch_size=512
[2026-08-28 14:33:21,441][data.dataset][INFO] - dataset config path=/fssmall/home/h61084/codes/datasets/time/current_velocity_h_part05/config.json applied_keys=['date_col', 'drop_users', 'target_cols']
[2026-08-28 14:33:21,459][evaluation.evaluator][INFO] - skip complete run=/fslarge/scratch/users/h61084/codes/tsfm/outputs_selena/univariate/time-current_velocity_h_part05/168_24/persistence/none/instance/keep/run_0
2026-08-28 14:33:23 | configuration dataset=time/current_velocity_h_part05 L=168 H=24 model=expected covariates=none instance_norm=true remove_constant=false seed=1 batch_size=512
[2026-08-28 14:33:26,522][data.dataset][INFO] - dataset config path=/fssmall/home/h61084/codes/datasets/time/current_velocity_h_part05/config.json applied_keys=['date_col', 'drop_users', 'target_cols']
[2026-08-28 14:33:26,539][evaluation.evaluator][INFO] - skip complete run=/fslarge/scratch/users/h61084/codes/tsfm/outputs_selena/univariate/time-current_velocity_h_part05/168_24/expected/none/instance/keep/run_0
2026-08-28 14:33:28 | configuration dataset=time/current_velocity_h_part05 L=168 H=24 model=repeat covariates=none instance_norm=true remove_constant=false seed=1 batch_size=512
[2026-08-28 14:33:31,628][data.dataset][INFO] - dataset config path=/fssmall/home/h61084/codes/datasets/time/current_velocity_h_part05/config.json applied_keys=['date_col', 'drop_users', 'target_cols']
[2026-08-28 14:33:31,646][evaluation.evaluator][INFO] - skip complete run=/fslarge/scratch/users/h61084/codes/tsfm/outputs_selena/univariate/time-current_velocity_h_part05/168_24/repeat/none/instance/keep/run_0
2026-08-28 14:33:34 | configuration dataset=time/current_velocity_h_part05 L=168 H=24 model=lookback covariates=none instance_norm=true remove_constant=false seed=1 batch_size=512
[2026-08-28 14:33:36,776][data.dataset][INFO] - dataset config path=/fssmall/home/h61084/codes/datasets/time/current_velocity_h_part05/config.json applied_keys=['date_col', 'drop_users', 'target_cols']
[2026-08-28 14:33:36,787][evaluation.evaluator][INFO] - lookback weekly period=168 observations
[2026-08-28 14:33:36,794][evaluation.evaluator][INFO] - skip complete run=/fslarge/scratch/users/h61084/codes/tsfm/outputs_selena/univariate/time-current_velocity_h_part05/168_24/lookback/none/instance/keep/run_0
2026-08-28 14:33:39 | configuration dataset=time/current_velocity_h_part05 L=168 H=24 model=chronos2 covariates=none instance_norm=true remove_constant=false seed=1 batch_size=64
[2026-08-28 14:33:41,919][data.dataset][INFO] - dataset config path=/fssmall/home/h61084/codes/datasets/time/current_velocity_h_part05/config.json applied_keys=['date_col', 'drop_users', 'target_cols']
[2026-08-28 14:33:41,936][evaluation.evaluator][INFO] - skip complete run=/fslarge/scratch/users/h61084/codes/tsfm/outputs_selena/univariate/time-current_velocity_h_part05/168_24/chronos2/none/instance/keep/run_0
2026-08-28 14:33:44 | configuration dataset=time/current_velocity_h_part05 L=336 H=48 model=persistence covariates=none instance_norm=true remove_constant=false seed=1 batch_size=512
[2026-08-28 14:33:47,055][data.dataset][INFO] - dataset config path=/fssmall/home/h61084/codes/datasets/time/current_velocity_h_part05/config.json applied_keys=['date_col', 'drop_users', 'target_cols']
[2026-08-28 14:33:47,072][evaluation.evaluator][INFO] - skip complete run=/fslarge/scratch/users/h61084/codes/tsfm/outputs_selena/univariate/time-current_velocity_h_part05/336_48/persistence/none/instance/keep/run_0
2026-08-28 14:33:49 | configuration dataset=time/current_velocity_h_part05 L=336 H=48 model=expected covariates=none instance_norm=true remove_constant=false seed=1 batch_size=512
[2026-08-28 14:33:52,226][data.dataset][INFO] - dataset config path=/fssmall/home/h61084/codes/datasets/time/current_velocity_h_part05/config.json applied_keys=['date_col', 'drop_users', 'target_cols']
[2026-08-28 14:33:52,243][evaluation.evaluator][INFO] - skip complete run=/fslarge/scratch/users/h61084/codes/tsfm/outputs_selena/univariate/time-current_velocity_h_part05/336_48/expected/none/instance/keep/run_0
2026-08-28 14:33:54 | configuration dataset=time/current_velocity_h_part05 L=336 H=48 model=repeat covariates=none instance_norm=true remove_constant=false seed=1 batch_size=512
[2026-08-28 14:33:57,399][data.dataset][INFO] - dataset config path=/fssmall/home/h61084/codes/datasets/time/current_velocity_h_part05/config.json applied_keys=['date_col', 'drop_users', 'target_cols']
[2026-08-28 14:33:57,417][evaluation.evaluator][INFO] - skip complete run=/fslarge/scratch/users/h61084/codes/tsfm/outputs_selena/univariate/time-current_velocity_h_part05/336_48/repeat/none/instance/keep/run_0
2026-08-28 14:33:59 | configuration dataset=time/current_velocity_h_part05 L=336 H=48 model=lookback covariates=none instance_norm=true remove_constant=false seed=1 batch_size=512
[2026-08-28 14:34:02,560][data.dataset][INFO] - dataset config path=/fssmall/home/h61084/codes/datasets/time/current_velocity_h_part05/config.json applied_keys=['date_col', 'drop_users', 'target_cols']
[2026-08-28 14:34:02,571][evaluation.evaluator][INFO] - lookback weekly period=168 observations
[2026-08-28 14:34:02,578][evaluation.evaluator][INFO] - skip complete run=/fslarge/scratch/users/h61084/codes/tsfm/outputs_selena/univariate/time-current_velocity_h_part05/336_48/lookback/none/instance/keep/run_0
2026-08-28 14:34:04 | configuration dataset=time/current_velocity_h_part05 L=336 H=48 model=chronos2 covariates=none instance_norm=true remove_constant=false seed=1 batch_size=64
[2026-08-28 14:34:07,765][data.dataset][INFO] - dataset config path=/fssmall/home/h61084/codes/datasets/time/current_velocity_h_part05/config.json applied_keys=['date_col', 'drop_users', 'target_cols']
[2026-08-28 14:34:07,782][evaluation.evaluator][INFO] - skip complete run=/fslarge/scratch/users/h61084/codes/tsfm/outputs_selena/univariate/time-current_velocity_h_part05/336_48/chronos2/none/instance/keep/run_0
2026-08-28 14:34:10 | configuration dataset=time/current_velocity_h_part05 L=504 H=168 model=persistence covariates=none instance_norm=true remove_constant=false seed=1 batch_size=512
[2026-08-28 14:34:12,877][data.dataset][INFO] - dataset config path=/fssmall/home/h61084/codes/datasets/time/current_velocity_h_part05/config.json applied_keys=['date_col', 'drop_users', 'target_cols']
[2026-08-28 14:34:12,895][evaluation.evaluator][INFO] - skip complete run=/fslarge/scratch/users/h61084/codes/tsfm/outputs_selena/univariate/time-current_velocity_h_part05/504_168/persistence/none/instance/keep/run_0
2026-08-28 14:34:15 | configuration dataset=time/current_velocity_h_part05 L=504 H=168 model=expected covariates=none instance_norm=true remove_constant=false seed=1 batch_size=512
[2026-08-28 14:34:17,976][data.dataset][INFO] - dataset config path=/fssmall/home/h61084/codes/datasets/time/current_velocity_h_part05/config.json applied_keys=['date_col', 'drop_users', 'target_cols']
[2026-08-28 14:34:17,994][evaluation.evaluator][INFO] - skip complete run=/fslarge/scratch/users/h61084/codes/tsfm/outputs_selena/univariate/time-current_velocity_h_part05/504_168/expected/none/instance/keep/run_0
2026-08-28 14:34:20 | configuration dataset=time/current_velocity_h_part05 L=504 H=168 model=repeat covariates=none instance_norm=true remove_constant=false seed=1 batch_size=512
[2026-08-28 14:34:23,117][data.dataset][INFO] - dataset config path=/fssmall/home/h61084/codes/datasets/time/current_velocity_h_part05/config.json applied_keys=['date_col', 'drop_users', 'target_cols']
[2026-08-28 14:34:23,134][evaluation.evaluator][INFO] - skip complete run=/fslarge/scratch/users/h61084/codes/tsfm/outputs_selena/univariate/time-current_velocity_h_part05/504_168/repeat/none/instance/keep/run_0
2026-08-28 14:34:25 | configuration dataset=time/current_velocity_h_part05 L=504 H=168 model=lookback covariates=none instance_norm=true remove_constant=false seed=1 batch_size=512
[2026-08-28 14:34:28,246][data.dataset][INFO] - dataset config path=/fssmall/home/h61084/codes/datasets/time/current_velocity_h_part05/config.json applied_keys=['date_col', 'drop_users', 'target_cols']
[2026-08-28 14:34:28,257][evaluation.evaluator][INFO] - lookback weekly period=168 observations
[2026-08-28 14:34:28,264][evaluation.evaluator][INFO] - skip complete run=/fslarge/scratch/users/h61084/codes/tsfm/outputs_selena/univariate/time-current_velocity_h_part05/504_168/lookback/none/instance/keep/run_0
2026-08-28 14:34:30 | configuration dataset=time/current_velocity_h_part05 L=504 H=168 model=chronos2 covariates=none instance_norm=true remove_constant=false seed=1 batch_size=64
[2026-08-28 14:34:33,438][data.dataset][INFO] - dataset config path=/fssmall/home/h61084/codes/datasets/time/current_velocity_h_part05/config.json applied_keys=['date_col', 'drop_users', 'target_cols']
[2026-08-28 14:34:33,455][evaluation.evaluator][INFO] - skip complete run=/fslarge/scratch/users/h61084/codes/tsfm/outputs_selena/univariate/time-current_velocity_h_part05/504_168/chronos2/none/instance/keep/run_0
2026-08-28 14:34:35 | configuration dataset=time/current_velocity_h_part06 L=168 H=24 model=persistence covariates=none instance_norm=true remove_constant=false seed=1 batch_size=512
[2026-08-28 14:34:38,559][data.dataset][INFO] - dataset config path=/fssmall/home/h61084/codes/datasets/time/current_velocity_h_part06/config.json applied_keys=['date_col', 'drop_users', 'target_cols']
[2026-08-28 14:34:38,578][evaluation.evaluator][INFO] - skip complete run=/fslarge/scratch/users/h61084/codes/tsfm/outputs_selena/univariate/time-current_velocity_h_part06/168_24/persistence/none/instance/keep/run_0
2026-08-28 14:34:40 | configuration dataset=time/current_velocity_h_part06 L=168 H=24 model=expected covariates=none instance_norm=true remove_constant=false seed=1 batch_size=512
[2026-08-28 14:34:43,670][data.dataset][INFO] - dataset config path=/fssmall/home/h61084/codes/datasets/time/current_velocity_h_part06/config.json applied_keys=['date_col', 'drop_users', 'target_cols']
[2026-08-28 14:34:43,688][evaluation.evaluator][INFO] - skip complete run=/fslarge/scratch/users/h61084/codes/tsfm/outputs_selena/univariate/time-current_velocity_h_part06/168_24/expected/none/instance/keep/run_0
2026-08-28 14:34:46 | configuration dataset=time/current_velocity_h_part06 L=168 H=24 model=repeat covariates=none instance_norm=true remove_constant=false seed=1 batch_size=512
[2026-08-28 14:34:48,822][data.dataset][INFO] - dataset config path=/fssmall/home/h61084/codes/datasets/time/current_velocity_h_part06/config.json applied_keys=['date_col', 'drop_users', 'target_cols']
[2026-08-28 14:34:48,839][evaluation.evaluator][INFO] - skip complete run=/fslarge/scratch/users/h61084/codes/tsfm/outputs_selena/univariate/time-current_velocity_h_part06/168_24/repeat/none/instance/keep/run_0
2026-08-28 14:34:51 | configuration dataset=time/current_velocity_h_part06 L=168 H=24 model=lookback covariates=none instance_norm=true remove_constant=false seed=1 batch_size=512
[2026-08-28 14:34:53,968][data.dataset][INFO] - dataset config path=/fssmall/home/h61084/codes/datasets/time/current_velocity_h_part06/config.json applied_keys=['date_col', 'drop_users', 'target_cols']
[2026-08-28 14:34:53,978][evaluation.evaluator][INFO] - lookback weekly period=168 observations
[2026-08-28 14:34:53,985][evaluation.evaluator][INFO] - skip complete run=/fslarge/scratch/users/h61084/codes/tsfm/outputs_selena/univariate/time-current_velocity_h_part06/168_24/lookback/none/instance/keep/run_0
2026-08-28 14:34:56 | configuration dataset=time/current_velocity_h_part06 L=168 H=24 model=chronos2 covariates=none instance_norm=true remove_constant=false seed=1 batch_size=64
[2026-08-28 14:34:59,078][data.dataset][INFO] - dataset config path=/fssmall/home/h61084/codes/datasets/time/current_velocity_h_part06/config.json applied_keys=['date_col', 'drop_users', 'target_cols']
[2026-08-28 14:34:59,095][evaluation.evaluator][INFO] - skip complete run=/fslarge/scratch/users/h61084/codes/tsfm/outputs_selena/univariate/time-current_velocity_h_part06/168_24/chronos2/none/instance/keep/run_0
2026-08-28 14:35:01 | configuration dataset=time/current_velocity_h_part06 L=336 H=48 model=persistence covariates=none instance_norm=true remove_constant=false seed=1 batch_size=512
[2026-08-28 14:35:04,216][data.dataset][INFO] - dataset config path=/fssmall/home/h61084/codes/datasets/time/current_velocity_h_part06/config.json applied_keys=['date_col', 'drop_users', 'target_cols']
[2026-08-28 14:35:04,234][evaluation.evaluator][INFO] - skip complete run=/fslarge/scratch/users/h61084/codes/tsfm/outputs_selena/univariate/time-current_velocity_h_part06/336_48/persistence/none/instance/keep/run_0
2026-08-28 14:35:06 | configuration dataset=time/current_velocity_h_part06 L=336 H=48 model=expected covariates=none instance_norm=true remove_constant=false seed=1 batch_size=512
[2026-08-28 14:35:09,290][data.dataset][INFO] - dataset config path=/fssmall/home/h61084/codes/datasets/time/current_velocity_h_part06/config.json applied_keys=['date_col', 'drop_users', 'target_cols']
[2026-08-28 14:35:09,308][evaluation.evaluator][INFO] - skip complete run=/fslarge/scratch/users/h61084/codes/tsfm/outputs_selena/univariate/time-current_velocity_h_part06/336_48/expected/none/instance/keep/run_0
2026-08-28 14:35:11 | configuration dataset=time/current_velocity_h_part06 L=336 H=48 model=repeat covariates=none instance_norm=true remove_constant=false seed=1 batch_size=512
[2026-08-28 14:35:14,410][data.dataset][INFO] - dataset config path=/fssmall/home/h61084/codes/datasets/time/current_velocity_h_part06/config.json applied_keys=['date_col', 'drop_users', 'target_cols']
[2026-08-28 14:35:14,428][evaluation.evaluator][INFO] - skip complete run=/fslarge/scratch/users/h61084/codes/tsfm/outputs_selena/univariate/time-current_velocity_h_part06/336_48/repeat/none/instance/keep/run_0
2026-08-28 14:35:16 | configuration dataset=time/current_velocity_h_part06 L=336 H=48 model=lookback covariates=none instance_norm=true remove_constant=false seed=1 batch_size=512
[2026-08-28 14:35:19,495][data.dataset][INFO] - dataset config path=/fssmall/home/h61084/codes/datasets/time/current_velocity_h_part06/config.json applied_keys=['date_col', 'drop_users', 'target_cols']
[2026-08-28 14:35:19,506][evaluation.evaluator][INFO] - lookback weekly period=168 observations
[2026-08-28 14:35:19,518][evaluation.evaluator][INFO] - evaluate dataset=time/current_velocity_h_part06 users=6 dates=5327 windows=60 removed_constant=0 L=336 H=48 stride=512
[2026-08-28 14:35:19,921][evaluation.evaluator][INFO] - artifacts ready run=/fslarge/scratch/users/h61084/codes/tsfm/outputs_selena/univariate/time-current_velocity_h_part06/336_48/lookback/none/instance/keep/run_0 mse=27.9039 nmse=3.37714 inference_seconds=0.062
2026-08-28 14:35:22 | configuration dataset=time/current_velocity_h_part06 L=336 H=48 model=chronos2 covariates=none instance_norm=true remove_constant=false seed=1 batch_size=64
[2026-08-28 14:35:25,081][data.dataset][INFO] - dataset config path=/fssmall/home/h61084/codes/datasets/time/current_velocity_h_part06/config.json applied_keys=['date_col', 'drop_users', 'target_cols']
[2026-08-28 14:35:25,103][evaluation.evaluator][INFO] - evaluate dataset=time/current_velocity_h_part06 users=6 dates=5327 windows=60 removed_constant=0 L=336 H=48 stride=512
[2026-08-28 14:35:37,491][evaluation.evaluator][INFO] - artifacts ready run=/fslarge/scratch/users/h61084/codes/tsfm/outputs_selena/univariate/time-current_velocity_h_part06/336_48/chronos2/none/instance/keep/run_0 mse=9.24235 nmse=0.539401 inference_seconds=0.648
2026-08-28 14:35:40 | configuration dataset=time/current_velocity_h_part06 L=504 H=168 model=persistence covariates=none instance_norm=true remove_constant=false seed=1 batch_size=512
[2026-08-28 14:35:42,988][data.dataset][INFO] - dataset config path=/fssmall/home/h61084/codes/datasets/time/current_velocity_h_part06/config.json applied_keys=['date_col', 'drop_users', 'target_cols']
[2026-08-28 14:35:43,012][evaluation.evaluator][INFO] - evaluate dataset=time/current_velocity_h_part06 users=6 dates=5327 windows=60 removed_constant=0 L=504 H=168 stride=512
[2026-08-28 14:35:43,258][evaluation.evaluator][INFO] - artifacts ready run=/fslarge/scratch/users/h61084/codes/tsfm/outputs_selena/univariate/time-current_velocity_h_part06/504_168/persistence/none/instance/keep/run_0 mse=19.9106 nmse=1.90285 inference_seconds=0.027
2026-08-28 14:35:45 | configuration dataset=time/current_velocity_h_part06 L=504 H=168 model=expected covariates=none instance_norm=true remove_constant=false seed=1 batch_size=512
[2026-08-28 14:35:48,453][data.dataset][INFO] - dataset config path=/fssmall/home/h61084/codes/datasets/time/current_velocity_h_part06/config.json applied_keys=['date_col', 'drop_users', 'target_cols']
[2026-08-28 14:35:48,476][evaluation.evaluator][INFO] - evaluate dataset=time/current_velocity_h_part06 users=6 dates=5327 windows=60 removed_constant=0 L=504 H=168 stride=512
[2026-08-28 14:35:48,708][evaluation.evaluator][INFO] - artifacts ready run=/fslarge/scratch/users/h61084/codes/tsfm/outputs_selena/univariate/time-current_velocity_h_part06/504_168/expected/none/instance/keep/run_0 mse=15.0438 nmse=1.5746 inference_seconds=0.025
2026-08-28 14:35:51 | configuration dataset=time/current_velocity_h_part06 L=504 H=168 model=repeat covariates=none instance_norm=true remove_constant=false seed=1 batch_size=512
[2026-08-28 14:35:53,903][data.dataset][INFO] - dataset config path=/fssmall/home/h61084/codes/datasets/time/current_velocity_h_part06/config.json applied_keys=['date_col', 'drop_users', 'target_cols']
[2026-08-28 14:35:53,925][evaluation.evaluator][INFO] - evaluate dataset=time/current_velocity_h_part06 users=6 dates=5327 windows=60 removed_constant=0 L=504 H=168 stride=512
[2026-08-28 14:35:54,153][evaluation.evaluator][INFO] - artifacts ready run=/fslarge/scratch/users/h61084/codes/tsfm/outputs_selena/univariate/time-current_velocity_h_part06/504_168/repeat/none/instance/keep/run_0 mse=22.981 nmse=2.64211 inference_seconds=0.020
2026-08-28 14:35:56 | configuration dataset=time/current_velocity_h_part06 L=504 H=168 model=lookback covariates=none instance_norm=true remove_constant=false seed=1 batch_size=512
[2026-08-28 14:35:59,345][data.dataset][INFO] - dataset config path=/fssmall/home/h61084/codes/datasets/time/current_velocity_h_part06/config.json applied_keys=['date_col', 'drop_users', 'target_cols']
[2026-08-28 14:35:59,356][evaluation.evaluator][INFO] - lookback weekly period=168 observations
[2026-08-28 14:35:59,368][evaluation.evaluator][INFO] - evaluate dataset=time/current_velocity_h_part06 users=6 dates=5327 windows=60 removed_constant=0 L=504 H=168 stride=512
[2026-08-28 14:35:59,607][evaluation.evaluator][INFO] - artifacts ready run=/fslarge/scratch/users/h61084/codes/tsfm/outputs_selena/univariate/time-current_velocity_h_part06/504_168/lookback/none/instance/keep/run_0 mse=22.981 nmse=2.64211 inference_seconds=0.021
2026-08-28 14:36:02 | configuration dataset=time/current_velocity_h_part06 L=504 H=168 model=chronos2 covariates=none instance_norm=true remove_constant=false seed=1 batch_size=64
[2026-08-28 14:36:04,828][data.dataset][INFO] - dataset config path=/fssmall/home/h61084/codes/datasets/time/current_velocity_h_part06/config.json applied_keys=['date_col', 'drop_users', 'target_cols']
[2026-08-28 14:36:04,850][evaluation.evaluator][INFO] - evaluate dataset=time/current_velocity_h_part06 users=6 dates=5327 windows=60 removed_constant=0 L=504 H=168 stride=512
[2026-08-28 14:36:10,756][evaluation.evaluator][INFO] - artifacts ready run=/fslarge/scratch/users/h61084/codes/tsfm/outputs_selena/univariate/time-current_velocity_h_part06/504_168/chronos2/none/instance/keep/run_0 mse=15.9194 nmse=1.08066 inference_seconds=0.200
2026-08-28 14:36:13 | configuration dataset=time/current_velocity_h_part07 L=168 H=24 model=persistence covariates=none instance_norm=true remove_constant=false seed=1 batch_size=512
[2026-08-28 14:36:16,275][data.dataset][INFO] - dataset config path=/fssmall/home/h61084/codes/datasets/time/current_velocity_h_part07/config.json applied_keys=['date_col', 'drop_users', 'target_cols']
[2026-08-28 14:36:16,296][evaluation.evaluator][INFO] - evaluate dataset=time/current_velocity_h_part07 users=6 dates=2354 windows=30 removed_constant=0 L=168 H=24 stride=512
[2026-08-28 14:36:16,528][evaluation.evaluator][INFO] - artifacts ready run=/fslarge/scratch/users/h61084/codes/tsfm/outputs_selena/univariate/time-current_velocity_h_part07/168_24/persistence/none/instance/keep/run_0 mse=3.80898 nmse=1.33524 inference_seconds=0.025
2026-08-28 14:36:19 | configuration dataset=time/current_velocity_h_part07 L=168 H=24 model=expected covariates=none instance_norm=true remove_constant=false seed=1 batch_size=512
[2026-08-28 14:36:21,759][data.dataset][INFO] - dataset config path=/fssmall/home/h61084/codes/datasets/time/current_velocity_h_part07/config.json applied_keys=['date_col', 'drop_users', 'target_cols']
[2026-08-28 14:36:21,778][evaluation.evaluator][INFO] - evaluate dataset=time/current_velocity_h_part07 users=6 dates=2354 windows=30 removed_constant=0 L=168 H=24 stride=512
[2026-08-28 14:36:22,013][evaluation.evaluator][INFO] - artifacts ready run=/fslarge/scratch/users/h61084/codes/tsfm/outputs_selena/univariate/time-current_velocity_h_part07/168_24/expected/none/instance/keep/run_0 mse=4.84334 nmse=1.48445 inference_seconds=0.025
2026-08-28 14:36:24 | configuration dataset=time/current_velocity_h_part07 L=168 H=24 model=repeat covariates=none instance_norm=true remove_constant=false seed=1 batch_size=512
[2026-08-28 14:36:27,180][data.dataset][INFO] - dataset config path=/fssmall/home/h61084/codes/datasets/time/current_velocity_h_part07/config.json applied_keys=['date_col', 'drop_users', 'target_cols']
[2026-08-28 14:36:27,199][evaluation.evaluator][INFO] - evaluate dataset=time/current_velocity_h_part07 users=6 dates=2354 windows=30 removed_constant=0 L=168 H=24 stride=512
[2026-08-28 14:36:27,427][evaluation.evaluator][INFO] - artifacts ready run=/fslarge/scratch/users/h61084/codes/tsfm/outputs_selena/univariate/time-current_velocity_h_part07/168_24/repeat/none/instance/keep/run_0 mse=4.09943 nmse=0.899283 inference_seconds=0.020
2026-08-28 14:36:29 | configuration dataset=time/current_velocity_h_part07 L=168 H=24 model=lookback covariates=none instance_norm=true remove_constant=false seed=1 batch_size=512
[2026-08-28 14:36:32,602][data.dataset][INFO] - dataset config path=/fssmall/home/h61084/codes/datasets/time/current_velocity_h_part07/config.json applied_keys=['date_col', 'drop_users', 'target_cols']
[2026-08-28 14:36:32,611][evaluation.evaluator][INFO] - lookback weekly period=168 observations
[2026-08-28 14:36:32,622][evaluation.evaluator][INFO] - evaluate dataset=time/current_velocity_h_part07 users=6 dates=2354 windows=30 removed_constant=0 L=168 H=24 stride=512
[2026-08-28 14:36:32,858][evaluation.evaluator][INFO] - artifacts ready run=/fslarge/scratch/users/h61084/codes/tsfm/outputs_selena/univariate/time-current_velocity_h_part07/168_24/lookback/none/instance/keep/run_0 mse=5.16231 nmse=4.00004 inference_seconds=0.020
2026-08-28 14:36:35 | configuration dataset=time/current_velocity_h_part07 L=168 H=24 model=chronos2 covariates=none instance_norm=true remove_constant=false seed=1 batch_size=64
[2026-08-28 14:36:38,080][data.dataset][INFO] - dataset config path=/fssmall/home/h61084/codes/datasets/time/current_velocity_h_part07/config.json applied_keys=['date_col', 'drop_users', 'target_cols']
[2026-08-28 14:36:38,099][evaluation.evaluator][INFO] - evaluate dataset=time/current_velocity_h_part07 users=6 dates=2354 windows=30 removed_constant=0 L=168 H=24 stride=512
[2026-08-28 14:36:44,026][evaluation.evaluator][INFO] - artifacts ready run=/fslarge/scratch/users/h61084/codes/tsfm/outputs_selena/univariate/time-current_velocity_h_part07/168_24/chronos2/none/instance/keep/run_0 mse=3.28971 nmse=0.463716 inference_seconds=0.197
2026-08-28 14:36:46 | configuration dataset=time/current_velocity_h_part07 L=336 H=48 model=persistence covariates=none instance_norm=true remove_constant=false seed=1 batch_size=512
[2026-08-28 14:36:49,586][data.dataset][INFO] - dataset config path=/fssmall/home/h61084/codes/datasets/time/current_velocity_h_part07/config.json applied_keys=['date_col', 'drop_users', 'target_cols']
[2026-08-28 14:36:49,605][evaluation.evaluator][INFO] - evaluate dataset=time/current_velocity_h_part07 users=6 dates=2354 windows=24 removed_constant=0 L=336 H=48 stride=512
[2026-08-28 14:36:49,830][evaluation.evaluator][INFO] - artifacts ready run=/fslarge/scratch/users/h61084/codes/tsfm/outputs_selena/univariate/time-current_velocity_h_part07/336_48/persistence/none/instance/keep/run_0 mse=2.83103 nmse=1.75374 inference_seconds=0.025
2026-08-28 14:36:52 | configuration dataset=time/current_velocity_h_part07 L=336 H=48 model=expected covariates=none instance_norm=true remove_constant=false seed=1 batch_size=512
[2026-08-28 14:36:55,052][data.dataset][INFO] - dataset config path=/fssmall/home/h61084/codes/datasets/time/current_velocity_h_part07/config.json applied_keys=['date_col', 'drop_users', 'target_cols']
[2026-08-28 14:36:55,096][evaluation.evaluator][INFO] - evaluate dataset=time/current_velocity_h_part07 users=6 dates=2354 windows=24 removed_constant=0 L=336 H=48 stride=512
[2026-08-28 14:36:55,356][evaluation.evaluator][INFO] - artifacts ready run=/fslarge/scratch/users/h61084/codes/tsfm/outputs_selena/univariate/time-current_velocity_h_part07/336_48/expected/none/instance/keep/run_0 mse=6.87507 nmse=1.80488 inference_seconds=0.025
2026-08-28 14:36:57 | configuration dataset=time/current_velocity_h_part07 L=336 H=48 model=repeat covariates=none instance_norm=true remove_constant=false seed=1 batch_size=512
[2026-08-28 14:37:00,542][data.dataset][INFO] - dataset config path=/fssmall/home/h61084/codes/datasets/time/current_velocity_h_part07/config.json applied_keys=['date_col', 'drop_users', 'target_cols']
[2026-08-28 14:37:00,561][evaluation.evaluator][INFO] - evaluate dataset=time/current_velocity_h_part07 users=6 dates=2354 windows=24 removed_constant=0 L=336 H=48 stride=512
[2026-08-28 14:37:00,782][evaluation.evaluator][INFO] - artifacts ready run=/fslarge/scratch/users/h61084/codes/tsfm/outputs_selena/univariate/time-current_velocity_h_part07/336_48/repeat/none/instance/keep/run_0 mse=6.13104 nmse=1.20492 inference_seconds=0.021
2026-08-28 14:37:03 | configuration dataset=time/current_velocity_h_part07 L=336 H=48 model=lookback covariates=none instance_norm=true remove_constant=false seed=1 batch_size=512
[2026-08-28 14:37:05,951][data.dataset][INFO] - dataset config path=/fssmall/home/h61084/codes/datasets/time/current_velocity_h_part07/config.json applied_keys=['date_col', 'drop_users', 'target_cols']
[2026-08-28 14:37:05,959][evaluation.evaluator][INFO] - lookback weekly period=168 observations
[2026-08-28 14:37:05,971][evaluation.evaluator][INFO] - evaluate dataset=time/current_velocity_h_part07 users=6 dates=2354 windows=24 removed_constant=0 L=336 H=48 stride=512
[2026-08-28 14:37:06,195][evaluation.evaluator][INFO] - artifacts ready run=/fslarge/scratch/users/h61084/codes/tsfm/outputs_selena/univariate/time-current_velocity_h_part07/336_48/lookback/none/instance/keep/run_0 mse=7.03213 nmse=3.11468 inference_seconds=0.020
2026-08-28 14:37:08 | configuration dataset=time/current_velocity_h_part07 L=336 H=48 model=chronos2 covariates=none instance_norm=true remove_constant=false seed=1 batch_size=64
[2026-08-28 14:37:11,408][data.dataset][INFO] - dataset config path=/fssmall/home/h61084/codes/datasets/time/current_velocity_h_part07/config.json applied_keys=['date_col', 'drop_users', 'target_cols']
[2026-08-28 14:37:11,427][evaluation.evaluator][INFO] - evaluate dataset=time/current_velocity_h_part07 users=6 dates=2354 windows=24 removed_constant=0 L=336 H=48 stride=512
[2026-08-28 14:37:17,314][evaluation.evaluator][INFO] - artifacts ready run=/fslarge/scratch/users/h61084/codes/tsfm/outputs_selena/univariate/time-current_velocity_h_part07/336_48/chronos2/none/instance/keep/run_0 mse=3.53434 nmse=0.530586 inference_seconds=0.196
2026-08-28 14:37:20 | configuration dataset=time/current_velocity_h_part07 L=504 H=168 model=persistence covariates=none instance_norm=true remove_constant=false seed=1 batch_size=512
[2026-08-28 14:37:22,875][data.dataset][INFO] - dataset config path=/fssmall/home/h61084/codes/datasets/time/current_velocity_h_part07/config.json applied_keys=['date_col', 'drop_users', 'target_cols']
[2026-08-28 14:37:22,895][evaluation.evaluator][INFO] - evaluate dataset=time/current_velocity_h_part07 users=6 dates=2354 windows=24 removed_constant=0 L=504 H=168 stride=512
[2026-08-28 14:37:23,130][evaluation.evaluator][INFO] - artifacts ready run=/fslarge/scratch/users/h61084/codes/tsfm/outputs_selena/univariate/time-current_velocity_h_part07/504_168/persistence/none/instance/keep/run_0 mse=15.4336 nmse=2.53721 inference_seconds=0.025
2026-08-28 14:37:25 | configuration dataset=time/current_velocity_h_part07 L=504 H=168 model=expected covariates=none instance_norm=true remove_constant=false seed=1 batch_size=512
[2026-08-28 14:37:28,325][data.dataset][INFO] - dataset config path=/fssmall/home/h61084/codes/datasets/time/current_velocity_h_part07/config.json applied_keys=['date_col', 'drop_users', 'target_cols']
[2026-08-28 14:37:28,345][evaluation.evaluator][INFO] - evaluate dataset=time/current_velocity_h_part07 users=6 dates=2354 windows=24 removed_constant=0 L=504 H=168 stride=512
[2026-08-28 14:37:28,570][evaluation.evaluator][INFO] - artifacts ready run=/fslarge/scratch/users/h61084/codes/tsfm/outputs_selena/univariate/time-current_velocity_h_part07/504_168/expected/none/instance/keep/run_0 mse=8.90696 nmse=3.74647 inference_seconds=0.025
2026-08-28 14:37:31 | configuration dataset=time/current_velocity_h_part07 L=504 H=168 model=repeat covariates=none instance_norm=true remove_constant=false seed=1 batch_size=512
[2026-08-28 14:37:33,815][data.dataset][INFO] - dataset config path=/fssmall/home/h61084/codes/datasets/time/current_velocity_h_part07/config.json applied_keys=['date_col', 'drop_users', 'target_cols']
[2026-08-28 14:37:33,834][evaluation.evaluator][INFO] - evaluate dataset=time/current_velocity_h_part07 users=6 dates=2354 windows=24 removed_constant=0 L=504 H=168 stride=512
[2026-08-28 14:37:34,070][evaluation.evaluator][INFO] - artifacts ready run=/fslarge/scratch/users/h61084/codes/tsfm/outputs_selena/univariate/time-current_velocity_h_part07/504_168/repeat/none/instance/keep/run_0 mse=14.9266 nmse=4.15752 inference_seconds=0.020
2026-08-28 14:37:36 | configuration dataset=time/current_velocity_h_part07 L=504 H=168 model=lookback covariates=none instance_norm=true remove_constant=false seed=1 batch_size=512
[2026-08-28 14:37:39,250][data.dataset][INFO] - dataset config path=/fssmall/home/h61084/codes/datasets/time/current_velocity_h_part07/config.json applied_keys=['date_col', 'drop_users', 'target_cols']
[2026-08-28 14:37:39,259][evaluation.evaluator][INFO] - lookback weekly period=168 observations
[2026-08-28 14:37:39,270][evaluation.evaluator][INFO] - evaluate dataset=time/current_velocity_h_part07 users=6 dates=2354 windows=24 removed_constant=0 L=504 H=168 stride=512
[2026-08-28 14:37:39,491][evaluation.evaluator][INFO] - artifacts ready run=/fslarge/scratch/users/h61084/codes/tsfm/outputs_selena/univariate/time-current_velocity_h_part07/504_168/lookback/none/instance/keep/run_0 mse=14.9266 nmse=4.15752 inference_seconds=0.020
2026-08-28 14:37:42 | configuration dataset=time/current_velocity_h_part07 L=504 H=168 model=chronos2 covariates=none instance_norm=true remove_constant=false seed=1 batch_size=64
[2026-08-28 14:37:44,724][data.dataset][INFO] - dataset config path=/fssmall/home/h61084/codes/datasets/time/current_velocity_h_part07/config.json applied_keys=['date_col', 'drop_users', 'target_cols']
[2026-08-28 14:37:44,743][evaluation.evaluator][INFO] - evaluate dataset=time/current_velocity_h_part07 users=6 dates=2354 windows=24 removed_constant=0 L=504 H=168 stride=512
[2026-08-28 14:37:50,651][evaluation.evaluator][INFO] - artifacts ready run=/fslarge/scratch/users/h61084/codes/tsfm/outputs_selena/univariate/time-current_velocity_h_part07/504_168/chronos2/none/instance/keep/run_0 mse=11.45 nmse=1.58087 inference_seconds=0.196
2026-08-28 14:37:53 | configuration dataset=time/current_velocity_h_part08 L=168 H=24 model=persistence covariates=none instance_norm=true remove_constant=false seed=1 batch_size=512
[2026-08-28 14:37:56,179][data.dataset][INFO] - dataset config path=/fssmall/home/h61084/codes/datasets/time/current_velocity_h_part08/config.json applied_keys=['date_col', 'drop_users', 'target_cols']
[2026-08-28 14:37:56,200][evaluation.evaluator][INFO] - evaluate dataset=time/current_velocity_h_part08 users=6 dates=2208 windows=24 removed_constant=0 L=168 H=24 stride=512
[2026-08-28 14:37:56,429][evaluation.evaluator][INFO] - artifacts ready run=/fslarge/scratch/users/h61084/codes/tsfm/outputs_selena/univariate/time-current_velocity_h_part08/168_24/persistence/none/instance/keep/run_0 mse=21.6913 nmse=2.43377 inference_seconds=0.025
2026-08-28 14:37:58 | configuration dataset=time/current_velocity_h_part08 L=168 H=24 model=expected covariates=none instance_norm=true remove_constant=false seed=1 batch_size=512
[2026-08-28 14:38:01,654][data.dataset][INFO] - dataset config path=/fssmall/home/h61084/codes/datasets/time/current_velocity_h_part08/config.json applied_keys=['date_col', 'drop_users', 'target_cols']
[2026-08-28 14:38:01,674][evaluation.evaluator][INFO] - evaluate dataset=time/current_velocity_h_part08 users=6 dates=2208 windows=24 removed_constant=0 L=168 H=24 stride=512
[2026-08-28 14:38:01,908][evaluation.evaluator][INFO] - artifacts ready run=/fslarge/scratch/users/h61084/codes/tsfm/outputs_selena/univariate/time-current_velocity_h_part08/168_24/expected/none/instance/keep/run_0 mse=11.285 nmse=1.36451 inference_seconds=0.024
2026-08-28 14:38:04 | configuration dataset=time/current_velocity_h_part08 L=168 H=24 model=repeat covariates=none instance_norm=true remove_constant=false seed=1 batch_size=512
[2026-08-28 14:38:07,124][data.dataset][INFO] - dataset config path=/fssmall/home/h61084/codes/datasets/time/current_velocity_h_part08/config.json applied_keys=['date_col', 'drop_users', 'target_cols']
[2026-08-28 14:38:07,144][evaluation.evaluator][INFO] - evaluate dataset=time/current_velocity_h_part08 users=6 dates=2208 windows=24 removed_constant=0 L=168 H=24 stride=512
[2026-08-28 14:38:07,371][evaluation.evaluator][INFO] - artifacts ready run=/fslarge/scratch/users/h61084/codes/tsfm/outputs_selena/univariate/time-current_velocity_h_part08/168_24/repeat/none/instance/keep/run_0 mse=12.0651 nmse=1.54665 inference_seconds=0.021
2026-08-28 14:38:09 | configuration dataset=time/current_velocity_h_part08 L=168 H=24 model=lookback covariates=none instance_norm=true remove_constant=false seed=1 batch_size=512
[2026-08-28 14:38:12,596][data.dataset][INFO] - dataset config path=/fssmall/home/h61084/codes/datasets/time/current_velocity_h_part08/config.json applied_keys=['date_col', 'drop_users', 'target_cols']
[2026-08-28 14:38:12,604][evaluation.evaluator][INFO] - lookback weekly period=168 observations
[2026-08-28 14:38:12,616][evaluation.evaluator][INFO] - evaluate dataset=time/current_velocity_h_part08 users=6 dates=2208 windows=24 removed_constant=0 L=168 H=24 stride=512
[2026-08-28 14:38:12,855][evaluation.evaluator][INFO] - artifacts ready run=/fslarge/scratch/users/h61084/codes/tsfm/outputs_selena/univariate/time-current_velocity_h_part08/168_24/lookback/none/instance/keep/run_0 mse=12.4397 nmse=3.13382 inference_seconds=0.020
2026-08-28 14:38:15 | configuration dataset=time/current_velocity_h_part08 L=168 H=24 model=chronos2 covariates=none instance_norm=true remove_constant=false seed=1 batch_size=64
[2026-08-28 14:38:18,122][data.dataset][INFO] - dataset config path=/fssmall/home/h61084/codes/datasets/time/current_velocity_h_part08/config.json applied_keys=['date_col', 'drop_users', 'target_cols']
[2026-08-28 14:38:18,141][evaluation.evaluator][INFO] - evaluate dataset=time/current_velocity_h_part08 users=6 dates=2208 windows=24 removed_constant=0 L=168 H=24 stride=512
[2026-08-28 14:38:24,047][evaluation.evaluator][INFO] - artifacts ready run=/fslarge/scratch/users/h61084/codes/tsfm/outputs_selena/univariate/time-current_velocity_h_part08/168_24/chronos2/none/instance/keep/run_0 mse=8.25626 nmse=0.983901 inference_seconds=0.199
2026-08-28 14:38:26 | configuration dataset=time/current_velocity_h_part08 L=336 H=48 model=persistence covariates=none instance_norm=true remove_constant=false seed=1 batch_size=512
[2026-08-28 14:38:29,631][data.dataset][INFO] - dataset config path=/fssmall/home/h61084/codes/datasets/time/current_velocity_h_part08/config.json applied_keys=['date_col', 'drop_users', 'target_cols']
[2026-08-28 14:38:29,650][evaluation.evaluator][INFO] - evaluate dataset=time/current_velocity_h_part08 users=6 dates=2208 windows=24 removed_constant=0 L=336 H=48 stride=512
[2026-08-28 14:38:29,872][evaluation.evaluator][INFO] - artifacts ready run=/fslarge/scratch/users/h61084/codes/tsfm/outputs_selena/univariate/time-current_velocity_h_part08/336_48/persistence/none/instance/keep/run_0 mse=7.84455 nmse=1.40202 inference_seconds=0.024
2026-08-28 14:38:32 | configuration dataset=time/current_velocity_h_part08 L=336 H=48 model=expected covariates=none instance_norm=true remove_constant=false seed=1 batch_size=512
[2026-08-28 14:38:35,120][data.dataset][INFO] - dataset config path=/fssmall/home/h61084/codes/datasets/time/current_velocity_h_part08/config.json applied_keys=['date_col', 'drop_users', 'target_cols']
[2026-08-28 14:38:35,139][evaluation.evaluator][INFO] - evaluate dataset=time/current_velocity_h_part08 users=6 dates=2208 windows=24 removed_constant=0 L=336 H=48 stride=512
[2026-08-28 14:38:35,376][evaluation.evaluator][INFO] - artifacts ready run=/fslarge/scratch/users/h61084/codes/tsfm/outputs_selena/univariate/time-current_velocity_h_part08/336_48/expected/none/instance/keep/run_0 mse=9.86351 nmse=1.24885 inference_seconds=0.024
2026-08-28 14:38:37 | configuration dataset=time/current_velocity_h_part08 L=336 H=48 model=repeat covariates=none instance_norm=true remove_constant=false seed=1 batch_size=512
[2026-08-28 14:38:40,708][data.dataset][INFO] - dataset config path=/fssmall/home/h61084/codes/datasets/time/current_velocity_h_part08/config.json applied_keys=['date_col', 'drop_users', 'target_cols']
[2026-08-28 14:38:40,727][evaluation.evaluator][INFO] - evaluate dataset=time/current_velocity_h_part08 users=6 dates=2208 windows=24 removed_constant=0 L=336 H=48 stride=512
[2026-08-28 14:38:40,955][evaluation.evaluator][INFO] - artifacts ready run=/fslarge/scratch/users/h61084/codes/tsfm/outputs_selena/univariate/time-current_velocity_h_part08/336_48/repeat/none/instance/keep/run_0 mse=12.2386 nmse=1.44887 inference_seconds=0.020
2026-08-28 14:38:43 | configuration dataset=time/current_velocity_h_part08 L=336 H=48 model=lookback covariates=none instance_norm=true remove_constant=false seed=1 batch_size=512
[2026-08-28 14:38:46,221][data.dataset][INFO] - dataset config path=/fssmall/home/h61084/codes/datasets/time/current_velocity_h_part08/config.json applied_keys=['date_col', 'drop_users', 'target_cols']
[2026-08-28 14:38:46,229][evaluation.evaluator][INFO] - lookback weekly period=168 observations
[2026-08-28 14:38:46,241][evaluation.evaluator][INFO] - evaluate dataset=time/current_velocity_h_part08 users=6 dates=2208 windows=24 removed_constant=0 L=336 H=48 stride=512
[2026-08-28 14:38:46,473][evaluation.evaluator][INFO] - artifacts ready run=/fslarge/scratch/users/h61084/codes/tsfm/outputs_selena/univariate/time-current_velocity_h_part08/336_48/lookback/none/instance/keep/run_0 mse=16.543 nmse=2.22848 inference_seconds=0.020
2026-08-28 14:38:49 | configuration dataset=time/current_velocity_h_part08 L=336 H=48 model=chronos2 covariates=none instance_norm=true remove_constant=false seed=1 batch_size=64
[2026-08-28 14:38:51,739][data.dataset][INFO] - dataset config path=/fssmall/home/h61084/codes/datasets/time/current_velocity_h_part08/config.json applied_keys=['date_col', 'drop_users', 'target_cols']
[2026-08-28 14:38:51,758][evaluation.evaluator][INFO] - evaluate dataset=time/current_velocity_h_part08 users=6 dates=2208 windows=24 removed_constant=0 L=336 H=48 stride=512
[2026-08-28 14:38:57,659][evaluation.evaluator][INFO] - artifacts ready run=/fslarge/scratch/users/h61084/codes/tsfm/outputs_selena/univariate/time-current_velocity_h_part08/336_48/chronos2/none/instance/keep/run_0 mse=8.28163 nmse=0.848012 inference_seconds=0.198
2026-08-28 14:39:00 | configuration dataset=time/current_velocity_h_part08 L=504 H=168 model=persistence covariates=none instance_norm=true remove_constant=false seed=1 batch_size=512
[2026-08-28 14:39:03,352][data.dataset][INFO] - dataset config path=/fssmall/home/h61084/codes/datasets/time/current_velocity_h_part08/config.json applied_keys=['date_col', 'drop_users', 'target_cols']
[2026-08-28 14:39:03,372][evaluation.evaluator][INFO] - evaluate dataset=time/current_velocity_h_part08 users=6 dates=2208 windows=24 removed_constant=0 L=504 H=168 stride=512
[2026-08-28 14:39:03,599][evaluation.evaluator][INFO] - artifacts ready run=/fslarge/scratch/users/h61084/codes/tsfm/outputs_selena/univariate/time-current_velocity_h_part08/504_168/persistence/none/instance/keep/run_0 mse=31.6996 nmse=2.39014 inference_seconds=0.024
2026-08-28 14:39:06 | configuration dataset=time/current_velocity_h_part08 L=504 H=168 model=expected covariates=none instance_norm=true remove_constant=false seed=1 batch_size=512
[2026-08-28 14:39:08,883][data.dataset][INFO] - dataset config path=/fssmall/home/h61084/codes/datasets/time/current_velocity_h_part08/config.json applied_keys=['date_col', 'drop_users', 'target_cols']
[2026-08-28 14:39:08,903][evaluation.evaluator][INFO] - evaluate dataset=time/current_velocity_h_part08 users=6 dates=2208 windows=24 removed_constant=0 L=504 H=168 stride=512
[2026-08-28 14:39:09,132][evaluation.evaluator][INFO] - artifacts ready run=/fslarge/scratch/users/h61084/codes/tsfm/outputs_selena/univariate/time-current_velocity_h_part08/504_168/expected/none/instance/keep/run_0 mse=10.301 nmse=1.28279 inference_seconds=0.025
2026-08-28 14:39:11 | configuration dataset=time/current_velocity_h_part08 L=504 H=168 model=repeat covariates=none instance_norm=true remove_constant=false seed=1 batch_size=512
[2026-08-28 14:39:14,313][data.dataset][INFO] - dataset config path=/fssmall/home/h61084/codes/datasets/time/current_velocity_h_part08/config.json applied_keys=['date_col', 'drop_users', 'target_cols']
[2026-08-28 14:39:14,333][evaluation.evaluator][INFO] - evaluate dataset=time/current_velocity_h_part08 users=6 dates=2208 windows=24 removed_constant=0 L=504 H=168 stride=512
[2026-08-28 14:39:14,573][evaluation.evaluator][INFO] - artifacts ready run=/fslarge/scratch/users/h61084/codes/tsfm/outputs_selena/univariate/time-current_velocity_h_part08/504_168/repeat/none/instance/keep/run_0 mse=16.4041 nmse=2.24619 inference_seconds=0.020
2026-08-28 14:39:17 | configuration dataset=time/current_velocity_h_part08 L=504 H=168 model=lookback covariates=none instance_norm=true remove_constant=false seed=1 batch_size=512
[2026-08-28 14:39:19,816][data.dataset][INFO] - dataset config path=/fssmall/home/h61084/codes/datasets/time/current_velocity_h_part08/config.json applied_keys=['date_col', 'drop_users', 'target_cols']
[2026-08-28 14:39:19,824][evaluation.evaluator][INFO] - lookback weekly period=168 observations
[2026-08-28 14:39:19,836][evaluation.evaluator][INFO] - evaluate dataset=time/current_velocity_h_part08 users=6 dates=2208 windows=24 removed_constant=0 L=504 H=168 stride=512
[2026-08-28 14:39:20,078][evaluation.evaluator][INFO] - artifacts ready run=/fslarge/scratch/users/h61084/codes/tsfm/outputs_selena/univariate/time-current_velocity_h_part08/504_168/lookback/none/instance/keep/run_0 mse=16.4041 nmse=2.24619 inference_seconds=0.021
2026-08-28 14:39:22 | configuration dataset=time/current_velocity_h_part08 L=504 H=168 model=chronos2 covariates=none instance_norm=true remove_constant=false seed=1 batch_size=64
[2026-08-28 14:39:25,345][data.dataset][INFO] - dataset config path=/fssmall/home/h61084/codes/datasets/time/current_velocity_h_part08/config.json applied_keys=['date_col', 'drop_users', 'target_cols']
[2026-08-28 14:39:25,364][evaluation.evaluator][INFO] - evaluate dataset=time/current_velocity_h_part08 users=6 dates=2208 windows=24 removed_constant=0 L=504 H=168 stride=512
[2026-08-28 14:39:31,810][evaluation.evaluator][INFO] - artifacts ready run=/fslarge/scratch/users/h61084/codes/tsfm/outputs_selena/univariate/time-current_velocity_h_part08/504_168/chronos2/none/instance/keep/run_0 mse=9.7379 nmse=1.05794 inference_seconds=0.196
2026-08-28 14:39:34 | configuration dataset=time/current_velocity_h_part09 L=168 H=24 model=persistence covariates=none instance_norm=true remove_constant=false seed=1 batch_size=512
[2026-08-28 14:39:37,411][data.dataset][INFO] - dataset config path=/fssmall/home/h61084/codes/datasets/time/current_velocity_h_part09/config.json applied_keys=['date_col', 'drop_users', 'target_cols']
[2026-08-28 14:39:37,434][evaluation.evaluator][INFO] - evaluate dataset=time/current_velocity_h_part09 users=6 dates=3737 windows=42 removed_constant=0 L=168 H=24 stride=512
[2026-08-28 14:39:37,665][evaluation.evaluator][INFO] - artifacts ready run=/fslarge/scratch/users/h61084/codes/tsfm/outputs_selena/univariate/time-current_velocity_h_part09/168_24/persistence/none/instance/keep/run_0 mse=8.11493 nmse=1.74176 inference_seconds=0.024
2026-08-28 14:39:40 | configuration dataset=time/current_velocity_h_part09 L=168 H=24 model=expected covariates=none instance_norm=true remove_constant=false seed=1 batch_size=512
[2026-08-28 14:39:42,957][data.dataset][INFO] - dataset config path=/fssmall/home/h61084/codes/datasets/time/current_velocity_h_part09/config.json applied_keys=['date_col', 'drop_users', 'target_cols']
[2026-08-28 14:39:42,978][evaluation.evaluator][INFO] - evaluate dataset=time/current_velocity_h_part09 users=6 dates=3737 windows=42 removed_constant=0 L=168 H=24 stride=512
[2026-08-28 14:39:43,212][evaluation.evaluator][INFO] - artifacts ready run=/fslarge/scratch/users/h61084/codes/tsfm/outputs_selena/univariate/time-current_velocity_h_part09/168_24/expected/none/instance/keep/run_0 mse=7.3774 nmse=1.7914 inference_seconds=0.025
2026-08-28 14:39:45 | configuration dataset=time/current_velocity_h_part09 L=168 H=24 model=repeat covariates=none instance_norm=true remove_constant=false seed=1 batch_size=512
[2026-08-28 14:39:48,494][data.dataset][INFO] - dataset config path=/fssmall/home/h61084/codes/datasets/time/current_velocity_h_part09/config.json applied_keys=['date_col', 'drop_users', 'target_cols']
[2026-08-28 14:39:48,515][evaluation.evaluator][INFO] - evaluate dataset=time/current_velocity_h_part09 users=6 dates=3737 windows=42 removed_constant=0 L=168 H=24 stride=512
[2026-08-28 14:39:48,749][evaluation.evaluator][INFO] - artifacts ready run=/fslarge/scratch/users/h61084/codes/tsfm/outputs_selena/univariate/time-current_velocity_h_part09/168_24/repeat/none/instance/keep/run_0 mse=6.33706 nmse=1.19067 inference_seconds=0.020
2026-08-28 14:39:51 | configuration dataset=time/current_velocity_h_part09 L=168 H=24 model=lookback covariates=none instance_norm=true remove_constant=false seed=1 batch_size=512
[2026-08-28 14:39:54,085][data.dataset][INFO] - dataset config path=/fssmall/home/h61084/codes/datasets/time/current_velocity_h_part09/config.json applied_keys=['date_col', 'drop_users', 'target_cols']
[2026-08-28 14:39:54,095][evaluation.evaluator][INFO] - lookback weekly period=168 observations
[2026-08-28 14:39:54,106][evaluation.evaluator][INFO] - evaluate dataset=time/current_velocity_h_part09 users=6 dates=3737 windows=42 removed_constant=0 L=168 H=24 stride=512
[2026-08-28 14:39:54,332][evaluation.evaluator][INFO] - artifacts ready run=/fslarge/scratch/users/h61084/codes/tsfm/outputs_selena/univariate/time-current_velocity_h_part09/168_24/lookback/none/instance/keep/run_0 mse=16.185 nmse=3.79809 inference_seconds=0.020
2026-08-28 14:39:56 | configuration dataset=time/current_velocity_h_part09 L=168 H=24 model=chronos2 covariates=none instance_norm=true remove_constant=false seed=1 batch_size=64
[2026-08-28 14:39:59,570][data.dataset][INFO] - dataset config path=/fssmall/home/h61084/codes/datasets/time/current_velocity_h_part09/config.json applied_keys=['date_col', 'drop_users', 'target_cols']
[2026-08-28 14:39:59,590][evaluation.evaluator][INFO] - evaluate dataset=time/current_velocity_h_part09 users=6 dates=3737 windows=42 removed_constant=0 L=168 H=24 stride=512
[2026-08-28 14:40:05,500][evaluation.evaluator][INFO] - artifacts ready run=/fslarge/scratch/users/h61084/codes/tsfm/outputs_selena/univariate/time-current_velocity_h_part09/168_24/chronos2/none/instance/keep/run_0 mse=3.92861 nmse=1.0121 inference_seconds=0.196
2026-08-28 14:40:08 | configuration dataset=time/current_velocity_h_part09 L=336 H=48 model=persistence covariates=none instance_norm=true remove_constant=false seed=1 batch_size=512
[2026-08-28 14:40:11,159][data.dataset][INFO] - dataset config path=/fssmall/home/h61084/codes/datasets/time/current_velocity_h_part09/config.json applied_keys=['date_col', 'drop_users', 'target_cols']
[2026-08-28 14:40:11,181][evaluation.evaluator][INFO] - evaluate dataset=time/current_velocity_h_part09 users=6 dates=3737 windows=42 removed_constant=0 L=336 H=48 stride=512
[2026-08-28 14:40:11,406][evaluation.evaluator][INFO] - artifacts ready run=/fslarge/scratch/users/h61084/codes/tsfm/outputs_selena/univariate/time-current_velocity_h_part09/336_48/persistence/none/instance/keep/run_0 mse=25.89 nmse=2.17079 inference_seconds=0.025
2026-08-28 14:40:13 | configuration dataset=time/current_velocity_h_part09 L=336 H=48 model=expected covariates=none instance_norm=true remove_constant=false seed=1 batch_size=512
[2026-08-28 14:40:16,631][data.dataset][INFO] - dataset config path=/fssmall/home/h61084/codes/datasets/time/current_velocity_h_part09/config.json applied_keys=['date_col', 'drop_users', 'target_cols']
[2026-08-28 14:40:16,652][evaluation.evaluator][INFO] - evaluate dataset=time/current_velocity_h_part09 users=6 dates=3737 windows=42 removed_constant=0 L=336 H=48 stride=512
[2026-08-28 14:40:16,878][evaluation.evaluator][INFO] - artifacts ready run=/fslarge/scratch/users/h61084/codes/tsfm/outputs_selena/univariate/time-current_velocity_h_part09/336_48/expected/none/instance/keep/run_0 mse=14.0717 nmse=1.72499 inference_seconds=0.024
2026-08-28 14:40:19 | configuration dataset=time/current_velocity_h_part09 L=336 H=48 model=repeat covariates=none instance_norm=true remove_constant=false seed=1 batch_size=512
[2026-08-28 14:40:22,168][data.dataset][INFO] - dataset config path=/fssmall/home/h61084/codes/datasets/time/current_velocity_h_part09/config.json applied_keys=['date_col', 'drop_users', 'target_cols']
[2026-08-28 14:40:22,190][evaluation.evaluator][INFO] - evaluate dataset=time/current_velocity_h_part09 users=6 dates=3737 windows=42 removed_constant=0 L=336 H=48 stride=512
[2026-08-28 14:40:22,411][evaluation.evaluator][INFO] - artifacts ready run=/fslarge/scratch/users/h61084/codes/tsfm/outputs_selena/univariate/time-current_velocity_h_part09/336_48/repeat/none/instance/keep/run_0 mse=12.5639 nmse=1.38432 inference_seconds=0.020
2026-08-28 14:40:25 | configuration dataset=time/current_velocity_h_part09 L=336 H=48 model=lookback covariates=none instance_norm=true remove_constant=false seed=1 batch_size=512
[2026-08-28 14:40:27,761][data.dataset][INFO] - dataset config path=/fssmall/home/h61084/codes/datasets/time/current_velocity_h_part09/config.json applied_keys=['date_col', 'drop_users', 'target_cols']
[2026-08-28 14:40:27,771][evaluation.evaluator][INFO] - lookback weekly period=168 observations
[2026-08-28 14:40:27,783][evaluation.evaluator][INFO] - evaluate dataset=time/current_velocity_h_part09 users=6 dates=3737 windows=42 removed_constant=0 L=336 H=48 stride=512
[2026-08-28 14:40:28,014][evaluation.evaluator][INFO] - artifacts ready run=/fslarge/scratch/users/h61084/codes/tsfm/outputs_selena/univariate/time-current_velocity_h_part09/336_48/lookback/none/instance/keep/run_0 mse=18.76 nmse=3.19995 inference_seconds=0.020
2026-08-28 14:40:30 | configuration dataset=time/current_velocity_h_part09 L=336 H=48 model=chronos2 covariates=none instance_norm=true remove_constant=false seed=1 batch_size=64
[2026-08-28 14:40:33,302][data.dataset][INFO] - dataset config path=/fssmall/home/h61084/codes/datasets/time/current_velocity_h_part09/config.json applied_keys=['date_col', 'drop_users', 'target_cols']
[2026-08-28 14:40:33,323][evaluation.evaluator][INFO] - evaluate dataset=time/current_velocity_h_part09 users=6 dates=3737 windows=42 removed_constant=0 L=336 H=48 stride=512
[2026-08-28 14:40:39,299][evaluation.evaluator][INFO] - artifacts ready run=/fslarge/scratch/users/h61084/codes/tsfm/outputs_selena/univariate/time-current_velocity_h_part09/336_48/chronos2/none/instance/keep/run_0 mse=11.5113 nmse=0.871767 inference_seconds=0.195
2026-08-28 14:40:42 | configuration dataset=time/current_velocity_h_part09 L=504 H=168 model=persistence covariates=none instance_norm=true remove_constant=false seed=1 batch_size=512
[2026-08-28 14:40:44,949][data.dataset][INFO] - dataset config path=/fssmall/home/h61084/codes/datasets/time/current_velocity_h_part09/config.json applied_keys=['date_col', 'drop_users', 'target_cols']
[2026-08-28 14:40:44,971][evaluation.evaluator][INFO] - evaluate dataset=time/current_velocity_h_part09 users=6 dates=3737 windows=36 removed_constant=0 L=504 H=168 stride=512
[2026-08-28 14:40:45,204][evaluation.evaluator][INFO] - artifacts ready run=/fslarge/scratch/users/h61084/codes/tsfm/outputs_selena/univariate/time-current_velocity_h_part09/504_168/persistence/none/instance/keep/run_0 mse=14.7635 nmse=1.30636 inference_seconds=0.025
2026-08-28 14:40:47 | configuration dataset=time/current_velocity_h_part09 L=504 H=168 model=expected covariates=none instance_norm=true remove_constant=false seed=1 batch_size=512
[2026-08-28 14:40:50,485][data.dataset][INFO] - dataset config path=/fssmall/home/h61084/codes/datasets/time/current_velocity_h_part09/config.json applied_keys=['date_col', 'drop_users', 'target_cols']
[2026-08-28 14:40:50,506][evaluation.evaluator][INFO] - evaluate dataset=time/current_velocity_h_part09 users=6 dates=3737 windows=36 removed_constant=0 L=504 H=168 stride=512
[2026-08-28 14:40:50,732][evaluation.evaluator][INFO] - artifacts ready run=/fslarge/scratch/users/h61084/codes/tsfm/outputs_selena/univariate/time-current_velocity_h_part09/504_168/expected/none/instance/keep/run_0 mse=11.2935 nmse=1.08603 inference_seconds=0.024
2026-08-28 14:40:53 | configuration dataset=time/current_velocity_h_part09 L=504 H=168 model=repeat covariates=none instance_norm=true remove_constant=false seed=1 batch_size=512
[2026-08-28 14:40:56,005][data.dataset][INFO] - dataset config path=/fssmall/home/h61084/codes/datasets/time/current_velocity_h_part09/config.json applied_keys=['date_col', 'drop_users', 'target_cols']
[2026-08-28 14:40:56,026][evaluation.evaluator][INFO] - evaluate dataset=time/current_velocity_h_part09 users=6 dates=3737 windows=36 removed_constant=0 L=504 H=168 stride=512
[2026-08-28 14:40:56,266][evaluation.evaluator][INFO] - artifacts ready run=/fslarge/scratch/users/h61084/codes/tsfm/outputs_selena/univariate/time-current_velocity_h_part09/504_168/repeat/none/instance/keep/run_0 mse=20.473 nmse=2.43624 inference_seconds=0.020
2026-08-28 14:40:58 | configuration dataset=time/current_velocity_h_part09 L=504 H=168 model=lookback covariates=none instance_norm=true remove_constant=false seed=1 batch_size=512
[2026-08-28 14:41:01,484][data.dataset][INFO] - dataset config path=/fssmall/home/h61084/codes/datasets/time/current_velocity_h_part09/config.json applied_keys=['date_col', 'drop_users', 'target_cols']
[2026-08-28 14:41:01,494][evaluation.evaluator][INFO] - lookback weekly period=168 observations
[2026-08-28 14:41:01,506][evaluation.evaluator][INFO] - evaluate dataset=time/current_velocity_h_part09 users=6 dates=3737 windows=36 removed_constant=0 L=504 H=168 stride=512
[2026-08-28 14:41:01,731][evaluation.evaluator][INFO] - artifacts ready run=/fslarge/scratch/users/h61084/codes/tsfm/outputs_selena/univariate/time-current_velocity_h_part09/504_168/lookback/none/instance/keep/run_0 mse=20.473 nmse=2.43624 inference_seconds=0.020
2026-08-28 14:41:04 | configuration dataset=time/current_velocity_h_part09 L=504 H=168 model=chronos2 covariates=none instance_norm=true remove_constant=false seed=1 batch_size=64
[2026-08-28 14:41:07,096][data.dataset][INFO] - dataset config path=/fssmall/home/h61084/codes/datasets/time/current_velocity_h_part09/config.json applied_keys=['date_col', 'drop_users', 'target_cols']
[2026-08-28 14:41:07,117][evaluation.evaluator][INFO] - evaluate dataset=time/current_velocity_h_part09 users=6 dates=3737 windows=36 removed_constant=0 L=504 H=168 stride=512
[2026-08-28 14:41:13,016][evaluation.evaluator][INFO] - artifacts ready run=/fslarge/scratch/users/h61084/codes/tsfm/outputs_selena/univariate/time-current_velocity_h_part09/504_168/chronos2/none/instance/keep/run_0 mse=13.948 nmse=0.870372 inference_seconds=0.198
2026-08-28 14:41:15 | configuration dataset=time/current_velocity_h_part10 L=168 H=24 model=persistence covariates=none instance_norm=true remove_constant=false seed=1 batch_size=512
[2026-08-28 14:41:18,646][data.dataset][INFO] - dataset config path=/fssmall/home/h61084/codes/datasets/time/current_velocity_h_part10/config.json applied_keys=['date_col', 'drop_users', 'target_cols']
[2026-08-28 14:41:18,674][evaluation.evaluator][INFO] - evaluate dataset=time/current_velocity_h_part10 users=6 dates=3635 windows=42 removed_constant=0 L=168 H=24 stride=512
[2026-08-28 14:41:18,905][evaluation.evaluator][INFO] - artifacts ready run=/fslarge/scratch/users/h61084/codes/tsfm/outputs_selena/univariate/time-current_velocity_h_part10/168_24/persistence/none/instance/keep/run_0 mse=19.3407 nmse=2.05112 inference_seconds=0.024
2026-08-28 14:41:21 | configuration dataset=time/current_velocity_h_part10 L=168 H=24 model=expected covariates=none instance_norm=true remove_constant=false seed=1 batch_size=512
[2026-08-28 14:41:24,163][data.dataset][INFO] - dataset config path=/fssmall/home/h61084/codes/datasets/time/current_velocity_h_part10/config.json applied_keys=['date_col', 'drop_users', 'target_cols']
[2026-08-28 14:41:24,184][evaluation.evaluator][INFO] - evaluate dataset=time/current_velocity_h_part10 users=6 dates=3635 windows=42 removed_constant=0 L=168 H=24 stride=512
[2026-08-28 14:41:24,410][evaluation.evaluator][INFO] - artifacts ready run=/fslarge/scratch/users/h61084/codes/tsfm/outputs_selena/univariate/time-current_velocity_h_part10/168_24/expected/none/instance/keep/run_0 mse=13.1651 nmse=1.32102 inference_seconds=0.024
2026-08-28 14:41:27 | configuration dataset=time/current_velocity_h_part10 L=168 H=24 model=repeat covariates=none instance_norm=true remove_constant=false seed=1 batch_size=512
[2026-08-28 14:41:29,740][data.dataset][INFO] - dataset config path=/fssmall/home/h61084/codes/datasets/time/current_velocity_h_part10/config.json applied_keys=['date_col', 'drop_users', 'target_cols']
[2026-08-28 14:41:29,761][evaluation.evaluator][INFO] - evaluate dataset=time/current_velocity_h_part10 users=6 dates=3635 windows=42 removed_constant=0 L=168 H=24 stride=512
[2026-08-28 14:41:29,984][evaluation.evaluator][INFO] - artifacts ready run=/fslarge/scratch/users/h61084/codes/tsfm/outputs_selena/univariate/time-current_velocity_h_part10/168_24/repeat/none/instance/keep/run_0 mse=12.7903 nmse=1.09549 inference_seconds=0.020
2026-08-28 14:41:32 | configuration dataset=time/current_velocity_h_part10 L=168 H=24 model=lookback covariates=none instance_norm=true remove_constant=false seed=1 batch_size=512
[2026-08-28 14:41:35,325][data.dataset][INFO] - dataset config path=/fssmall/home/h61084/codes/datasets/time/current_velocity_h_part10/config.json applied_keys=['date_col', 'drop_users', 'target_cols']
[2026-08-28 14:41:35,336][evaluation.evaluator][INFO] - lookback weekly period=168 observations
[2026-08-28 14:41:35,348][evaluation.evaluator][INFO] - evaluate dataset=time/current_velocity_h_part10 users=6 dates=3635 windows=42 removed_constant=0 L=168 H=24 stride=512
[2026-08-28 14:41:35,574][evaluation.evaluator][INFO] - artifacts ready run=/fslarge/scratch/users/h61084/codes/tsfm/outputs_selena/univariate/time-current_velocity_h_part10/168_24/lookback/none/instance/keep/run_0 mse=33.6628 nmse=2.98898 inference_seconds=0.021
2026-08-28 14:41:38 | configuration dataset=time/current_velocity_h_part10 L=168 H=24 model=chronos2 covariates=none instance_norm=true remove_constant=false seed=1 batch_size=64
[2026-08-28 14:41:40,932][data.dataset][INFO] - dataset config path=/fssmall/home/h61084/codes/datasets/time/current_velocity_h_part10/config.json applied_keys=['date_col', 'drop_users', 'target_cols']
[2026-08-28 14:41:40,953][evaluation.evaluator][INFO] - evaluate dataset=time/current_velocity_h_part10 users=6 dates=3635 windows=42 removed_constant=0 L=168 H=24 stride=512
[2026-08-28 14:41:46,956][evaluation.evaluator][INFO] - artifacts ready run=/fslarge/scratch/users/h61084/codes/tsfm/outputs_selena/univariate/time-current_velocity_h_part10/168_24/chronos2/none/instance/keep/run_0 mse=12.7348 nmse=1.00549 inference_seconds=0.196
2026-08-28 14:41:49 | configuration dataset=time/current_velocity_h_part10 L=336 H=48 model=persistence covariates=none instance_norm=true remove_constant=false seed=1 batch_size=512
[2026-08-28 14:41:52,601][data.dataset][INFO] - dataset config path=/fssmall/home/h61084/codes/datasets/time/current_velocity_h_part10/config.json applied_keys=['date_col', 'drop_users', 'target_cols']
[2026-08-28 14:41:52,623][evaluation.evaluator][INFO] - evaluate dataset=time/current_velocity_h_part10 users=6 dates=3635 windows=42 removed_constant=0 L=336 H=48 stride=512
[2026-08-28 14:41:52,870][evaluation.evaluator][INFO] - artifacts ready run=/fslarge/scratch/users/h61084/codes/tsfm/outputs_selena/univariate/time-current_velocity_h_part10/336_48/persistence/none/instance/keep/run_0 mse=41.5994 nmse=1.82056 inference_seconds=0.025
2026-08-28 14:41:55 | configuration dataset=time/current_velocity_h_part10 L=336 H=48 model=expected covariates=none instance_norm=true remove_constant=false seed=1 batch_size=512
[2026-08-28 14:41:58,149][data.dataset][INFO] - dataset config path=/fssmall/home/h61084/codes/datasets/time/current_velocity_h_part10/config.json applied_keys=['date_col', 'drop_users', 'target_cols']
[2026-08-28 14:41:58,170][evaluation.evaluator][INFO] - evaluate dataset=time/current_velocity_h_part10 users=6 dates=3635 windows=42 removed_constant=0 L=336 H=48 stride=512
[2026-08-28 14:41:58,398][evaluation.evaluator][INFO] - artifacts ready run=/fslarge/scratch/users/h61084/codes/tsfm/outputs_selena/univariate/time-current_velocity_h_part10/336_48/expected/none/instance/keep/run_0 mse=16.6408 nmse=1.03522 inference_seconds=0.025
2026-08-28 14:42:00 | configuration dataset=time/current_velocity_h_part10 L=336 H=48 model=repeat covariates=none instance_norm=true remove_constant=false seed=1 batch_size=512
[2026-08-28 14:42:03,647][data.dataset][INFO] - dataset config path=/fssmall/home/h61084/codes/datasets/time/current_velocity_h_part10/config.json applied_keys=['date_col', 'drop_users', 'target_cols']
[2026-08-28 14:42:03,668][evaluation.evaluator][INFO] - evaluate dataset=time/current_velocity_h_part10 users=6 dates=3635 windows=42 removed_constant=0 L=336 H=48 stride=512
[2026-08-28 14:42:03,893][evaluation.evaluator][INFO] - artifacts ready run=/fslarge/scratch/users/h61084/codes/tsfm/outputs_selena/univariate/time-current_velocity_h_part10/336_48/repeat/none/instance/keep/run_0 mse=17.6878 nmse=1.19345 inference_seconds=0.020
2026-08-28 14:42:06 | configuration dataset=time/current_velocity_h_part10 L=336 H=48 model=lookback covariates=none instance_norm=true remove_constant=false seed=1 batch_size=512
[2026-08-28 14:42:09,213][data.dataset][INFO] - dataset config path=/fssmall/home/h61084/codes/datasets/time/current_velocity_h_part10/config.json applied_keys=['date_col', 'drop_users', 'target_cols']
[2026-08-28 14:42:09,223][evaluation.evaluator][INFO] - lookback weekly period=168 observations
[2026-08-28 14:42:09,235][evaluation.evaluator][INFO] - evaluate dataset=time/current_velocity_h_part10 users=6 dates=3635 windows=42 removed_constant=0 L=336 H=48 stride=512
[2026-08-28 14:42:09,456][evaluation.evaluator][INFO] - artifacts ready run=/fslarge/scratch/users/h61084/codes/tsfm/outputs_selena/univariate/time-current_velocity_h_part10/336_48/lookback/none/instance/keep/run_0 mse=24.7782 nmse=2.14643 inference_seconds=0.020
2026-08-28 14:42:12 | configuration dataset=time/current_velocity_h_part10 L=336 H=48 model=chronos2 covariates=none instance_norm=true remove_constant=false seed=1 batch_size=64
[2026-08-28 14:42:14,776][data.dataset][INFO] - dataset config path=/fssmall/home/h61084/codes/datasets/time/current_velocity_h_part10/config.json applied_keys=['date_col', 'drop_users', 'target_cols']
[2026-08-28 14:42:14,797][evaluation.evaluator][INFO] - evaluate dataset=time/current_velocity_h_part10 users=6 dates=3635 windows=42 removed_constant=0 L=336 H=48 stride=512
[2026-08-28 14:42:20,716][evaluation.evaluator][INFO] - artifacts ready run=/fslarge/scratch/users/h61084/codes/tsfm/outputs_selena/univariate/time-current_velocity_h_part10/336_48/chronos2/none/instance/keep/run_0 mse=10.4745 nmse=0.581249 inference_seconds=0.196
2026-08-28 14:42:23 | configuration dataset=time/current_velocity_h_part10 L=504 H=168 model=persistence covariates=none instance_norm=true remove_constant=false seed=1 batch_size=512
[2026-08-28 14:42:26,474][data.dataset][INFO] - dataset config path=/fssmall/home/h61084/codes/datasets/time/current_velocity_h_part10/config.json applied_keys=['date_col', 'drop_users', 'target_cols']
[2026-08-28 14:42:26,495][evaluation.evaluator][INFO] - evaluate dataset=time/current_velocity_h_part10 users=6 dates=3635 windows=36 removed_constant=0 L=504 H=168 stride=512
[2026-08-28 14:42:26,729][evaluation.evaluator][INFO] - artifacts ready run=/fslarge/scratch/users/h61084/codes/tsfm/outputs_selena/univariate/time-current_velocity_h_part10/504_168/persistence/none/instance/keep/run_0 mse=25.2723 nmse=2.03449 inference_seconds=0.026
2026-08-28 14:42:29 | configuration dataset=time/current_velocity_h_part10 L=504 H=168 model=expected covariates=none instance_norm=true remove_constant=false seed=1 batch_size=512
[2026-08-28 14:42:32,003][data.dataset][INFO] - dataset config path=/fssmall/home/h61084/codes/datasets/time/current_velocity_h_part10/config.json applied_keys=['date_col', 'drop_users', 'target_cols']
[2026-08-28 14:42:32,024][evaluation.evaluator][INFO] - evaluate dataset=time/current_velocity_h_part10 users=6 dates=3635 windows=36 removed_constant=0 L=504 H=168 stride=512
[2026-08-28 14:42:32,267][evaluation.evaluator][INFO] - artifacts ready run=/fslarge/scratch/users/h61084/codes/tsfm/outputs_selena/univariate/time-current_velocity_h_part10/504_168/expected/none/instance/keep/run_0 mse=16.3541 nmse=1.4375 inference_seconds=0.025
2026-08-28 14:42:34 | configuration dataset=time/current_velocity_h_part10 L=504 H=168 model=repeat covariates=none instance_norm=true remove_constant=false seed=1 batch_size=512
[2026-08-28 14:42:37,605][data.dataset][INFO] - dataset config path=/fssmall/home/h61084/codes/datasets/time/current_velocity_h_part10/config.json applied_keys=['date_col', 'drop_users', 'target_cols']
[2026-08-28 14:42:37,626][evaluation.evaluator][INFO] - evaluate dataset=time/current_velocity_h_part10 users=6 dates=3635 windows=36 removed_constant=0 L=504 H=168 stride=512
[2026-08-28 14:42:37,858][evaluation.evaluator][INFO] - artifacts ready run=/fslarge/scratch/users/h61084/codes/tsfm/outputs_selena/univariate/time-current_velocity_h_part10/504_168/repeat/none/instance/keep/run_0 mse=29.234 nmse=2.54297 inference_seconds=0.021
2026-08-28 14:42:40 | configuration dataset=time/current_velocity_h_part10 L=504 H=168 model=lookback covariates=none instance_norm=true remove_constant=false seed=1 batch_size=512
[2026-08-28 14:42:43,190][data.dataset][INFO] - dataset config path=/fssmall/home/h61084/codes/datasets/time/current_velocity_h_part10/config.json applied_keys=['date_col', 'drop_users', 'target_cols']
[2026-08-28 14:42:43,200][evaluation.evaluator][INFO] - lookback weekly period=168 observations
[2026-08-28 14:42:43,212][evaluation.evaluator][INFO] - evaluate dataset=time/current_velocity_h_part10 users=6 dates=3635 windows=36 removed_constant=0 L=504 H=168 stride=512
[2026-08-28 14:42:43,437][evaluation.evaluator][INFO] - artifacts ready run=/fslarge/scratch/users/h61084/codes/tsfm/outputs_selena/univariate/time-current_velocity_h_part10/504_168/lookback/none/instance/keep/run_0 mse=29.234 nmse=2.54297 inference_seconds=0.020
2026-08-28 14:42:46 | configuration dataset=time/current_velocity_h_part10 L=504 H=168 model=chronos2 covariates=none instance_norm=true remove_constant=false seed=1 batch_size=64
[2026-08-28 14:42:48,781][data.dataset][INFO] - dataset config path=/fssmall/home/h61084/codes/datasets/time/current_velocity_h_part10/config.json applied_keys=['date_col', 'drop_users', 'target_cols']
[2026-08-28 14:42:48,802][evaluation.evaluator][INFO] - evaluate dataset=time/current_velocity_h_part10 users=6 dates=3635 windows=36 removed_constant=0 L=504 H=168 stride=512
[2026-08-28 14:42:54,703][evaluation.evaluator][INFO] - artifacts ready run=/fslarge/scratch/users/h61084/codes/tsfm/outputs_selena/univariate/time-current_velocity_h_part10/504_168/chronos2/none/instance/keep/run_0 mse=13.9814 nmse=1.37478 inference_seconds=0.196
2026-08-28 14:42:57 | configuration dataset=time/current_velocity_h_part11 L=168 H=24 model=persistence covariates=none instance_norm=true remove_constant=false seed=1 batch_size=512
[2026-08-28 14:43:00,374][data.dataset][INFO] - dataset config path=/fssmall/home/h61084/codes/datasets/time/current_velocity_h_part11/config.json applied_keys=['date_col', 'drop_users', 'target_cols']
[2026-08-28 14:43:00,397][evaluation.evaluator][INFO] - evaluate dataset=time/current_velocity_h_part11 users=6 dates=3607 windows=42 removed_constant=0 L=168 H=24 stride=512
[2026-08-28 14:43:00,630][evaluation.evaluator][INFO] - artifacts ready run=/fslarge/scratch/users/h61084/codes/tsfm/outputs_selena/univariate/time-current_velocity_h_part11/168_24/persistence/none/instance/keep/run_0 mse=15.3332 nmse=1.94662 inference_seconds=0.025
2026-08-28 14:43:03 | configuration dataset=time/current_velocity_h_part11 L=168 H=24 model=expected covariates=none instance_norm=true remove_constant=false seed=1 batch_size=512
[2026-08-28 14:43:06,002][data.dataset][INFO] - dataset config path=/fssmall/home/h61084/codes/datasets/time/current_velocity_h_part11/config.json applied_keys=['date_col', 'drop_users', 'target_cols']
[2026-08-28 14:43:06,023][evaluation.evaluator][INFO] - evaluate dataset=time/current_velocity_h_part11 users=6 dates=3607 windows=42 removed_constant=0 L=168 H=24 stride=512
[2026-08-28 14:43:06,268][evaluation.evaluator][INFO] - artifacts ready run=/fslarge/scratch/users/h61084/codes/tsfm/outputs_selena/univariate/time-current_velocity_h_part11/168_24/expected/none/instance/keep/run_0 mse=15.9842 nmse=1.13497 inference_seconds=0.025
2026-08-28 14:43:08 | configuration dataset=time/current_velocity_h_part11 L=168 H=24 model=repeat covariates=none instance_norm=true remove_constant=false seed=1 batch_size=512
[2026-08-28 14:43:11,533][data.dataset][INFO] - dataset config path=/fssmall/home/h61084/codes/datasets/time/current_velocity_h_part11/config.json applied_keys=['date_col', 'drop_users', 'target_cols']
[2026-08-28 14:43:11,554][evaluation.evaluator][INFO] - evaluate dataset=time/current_velocity_h_part11 users=6 dates=3607 windows=42 removed_constant=0 L=168 H=24 stride=512
[2026-08-28 14:43:11,771][evaluation.evaluator][INFO] - artifacts ready run=/fslarge/scratch/users/h61084/codes/tsfm/outputs_selena/univariate/time-current_velocity_h_part11/168_24/repeat/none/instance/keep/run_0 mse=15.9545 nmse=0.70725 inference_seconds=0.020
2026-08-28 14:43:14 | configuration dataset=time/current_velocity_h_part11 L=168 H=24 model=lookback covariates=none instance_norm=true remove_constant=false seed=1 batch_size=512
[2026-08-28 14:43:17,161][data.dataset][INFO] - dataset config path=/fssmall/home/h61084/codes/datasets/time/current_velocity_h_part11/config.json applied_keys=['date_col', 'drop_users', 'target_cols']
[2026-08-28 14:43:17,171][evaluation.evaluator][INFO] - lookback weekly period=168 observations
[2026-08-28 14:43:17,183][evaluation.evaluator][INFO] - evaluate dataset=time/current_velocity_h_part11 users=6 dates=3607 windows=42 removed_constant=0 L=168 H=24 stride=512
[2026-08-28 14:43:17,407][evaluation.evaluator][INFO] - artifacts ready run=/fslarge/scratch/users/h61084/codes/tsfm/outputs_selena/univariate/time-current_velocity_h_part11/168_24/lookback/none/instance/keep/run_0 mse=40.5969 nmse=2.92336 inference_seconds=0.020
2026-08-28 14:43:20 | configuration dataset=time/current_velocity_h_part11 L=168 H=24 model=chronos2 covariates=none instance_norm=true remove_constant=false seed=1 batch_size=64
[2026-08-28 14:43:22,744][data.dataset][INFO] - dataset config path=/fssmall/home/h61084/codes/datasets/time/current_velocity_h_part11/config.json applied_keys=['date_col', 'drop_users', 'target_cols']
[2026-08-28 14:43:22,765][evaluation.evaluator][INFO] - evaluate dataset=time/current_velocity_h_part11 users=6 dates=3607 windows=42 removed_constant=0 L=168 H=24 stride=512
[2026-08-28 14:43:28,655][evaluation.evaluator][INFO] - artifacts ready run=/fslarge/scratch/users/h61084/codes/tsfm/outputs_selena/univariate/time-current_velocity_h_part11/168_24/chronos2/none/instance/keep/run_0 mse=13.4389 nmse=0.524865 inference_seconds=0.196
2026-08-28 14:43:31 | configuration dataset=time/current_velocity_h_part11 L=336 H=48 model=persistence covariates=none instance_norm=true remove_constant=false seed=1 batch_size=512
[2026-08-28 14:43:34,375][data.dataset][INFO] - dataset config path=/fssmall/home/h61084/codes/datasets/time/current_velocity_h_part11/config.json applied_keys=['date_col', 'drop_users', 'target_cols']
[2026-08-28 14:43:34,398][evaluation.evaluator][INFO] - evaluate dataset=time/current_velocity_h_part11 users=6 dates=3607 windows=42 removed_constant=0 L=336 H=48 stride=512
[2026-08-28 14:43:34,629][evaluation.evaluator][INFO] - artifacts ready run=/fslarge/scratch/users/h61084/codes/tsfm/outputs_selena/univariate/time-current_velocity_h_part11/336_48/persistence/none/instance/keep/run_0 mse=22.7953 nmse=2.13864 inference_seconds=0.025
2026-08-28 14:43:37 | configuration dataset=time/current_velocity_h_part11 L=336 H=48 model=expected covariates=none instance_norm=true remove_constant=false seed=1 batch_size=512
[2026-08-28 14:43:40,036][data.dataset][INFO] - dataset config path=/fssmall/home/h61084/codes/datasets/time/current_velocity_h_part11/config.json applied_keys=['date_col', 'drop_users', 'target_cols']
[2026-08-28 14:43:40,057][evaluation.evaluator][INFO] - evaluate dataset=time/current_velocity_h_part11 users=6 dates=3607 windows=42 removed_constant=0 L=336 H=48 stride=512
[2026-08-28 14:43:40,290][evaluation.evaluator][INFO] - artifacts ready run=/fslarge/scratch/users/h61084/codes/tsfm/outputs_selena/univariate/time-current_velocity_h_part11/336_48/expected/none/instance/keep/run_0 mse=13.6904 nmse=1.1331 inference_seconds=0.025
2026-08-28 14:43:42 | configuration dataset=time/current_velocity_h_part11 L=336 H=48 model=repeat covariates=none instance_norm=true remove_constant=false seed=1 batch_size=512
[2026-08-28 14:43:45,621][data.dataset][INFO] - dataset config path=/fssmall/home/h61084/codes/datasets/time/current_velocity_h_part11/config.json applied_keys=['date_col', 'drop_users', 'target_cols']
[2026-08-28 14:43:45,642][evaluation.evaluator][INFO] - evaluate dataset=time/current_velocity_h_part11 users=6 dates=3607 windows=42 removed_constant=0 L=336 H=48 stride=512
[2026-08-28 14:43:45,872][evaluation.evaluator][INFO] - artifacts ready run=/fslarge/scratch/users/h61084/codes/tsfm/outputs_selena/univariate/time-current_velocity_h_part11/336_48/repeat/none/instance/keep/run_0 mse=17.7719 nmse=1.07917 inference_seconds=0.020
2026-08-28 14:43:48 | configuration dataset=time/current_velocity_h_part11 L=336 H=48 model=lookback covariates=none instance_norm=true remove_constant=false seed=1 batch_size=512
[2026-08-28 14:43:51,219][data.dataset][INFO] - dataset config path=/fssmall/home/h61084/codes/datasets/time/current_velocity_h_part11/config.json applied_keys=['date_col', 'drop_users', 'target_cols']
[2026-08-28 14:43:51,229][evaluation.evaluator][INFO] - lookback weekly period=168 observations
[2026-08-28 14:43:51,241][evaluation.evaluator][INFO] - evaluate dataset=time/current_velocity_h_part11 users=6 dates=3607 windows=42 removed_constant=0 L=336 H=48 stride=512
[2026-08-28 14:43:51,472][evaluation.evaluator][INFO] - artifacts ready run=/fslarge/scratch/users/h61084/codes/tsfm/outputs_selena/univariate/time-current_velocity_h_part11/336_48/lookback/none/instance/keep/run_0 mse=24.2374 nmse=2.36477 inference_seconds=0.020
2026-08-28 14:43:54 | configuration dataset=time/current_velocity_h_part11 L=336 H=48 model=chronos2 covariates=none instance_norm=true remove_constant=false seed=1 batch_size=64
[2026-08-28 14:43:56,850][data.dataset][INFO] - dataset config path=/fssmall/home/h61084/codes/datasets/time/current_velocity_h_part11/config.json applied_keys=['date_col', 'drop_users', 'target_cols']
[2026-08-28 14:43:56,871][evaluation.evaluator][INFO] - evaluate dataset=time/current_velocity_h_part11 users=6 dates=3607 windows=42 removed_constant=0 L=336 H=48 stride=512
[2026-08-28 14:44:02,810][evaluation.evaluator][INFO] - artifacts ready run=/fslarge/scratch/users/h61084/codes/tsfm/outputs_selena/univariate/time-current_velocity_h_part11/336_48/chronos2/none/instance/keep/run_0 mse=10.5378 nmse=0.506749 inference_seconds=0.198
2026-08-28 14:44:05 | configuration dataset=time/current_velocity_h_part11 L=504 H=168 model=persistence covariates=none instance_norm=true remove_constant=false seed=1 batch_size=512
[2026-08-28 14:44:08,563][data.dataset][INFO] - dataset config path=/fssmall/home/h61084/codes/datasets/time/current_velocity_h_part11/config.json applied_keys=['date_col', 'drop_users', 'target_cols']
[2026-08-28 14:44:08,584][evaluation.evaluator][INFO] - evaluate dataset=time/current_velocity_h_part11 users=6 dates=3607 windows=36 removed_constant=0 L=504 H=168 stride=512
[2026-08-28 14:44:08,814][evaluation.evaluator][INFO] - artifacts ready run=/fslarge/scratch/users/h61084/codes/tsfm/outputs_selena/univariate/time-current_velocity_h_part11/504_168/persistence/none/instance/keep/run_0 mse=32.8302 nmse=2.14123 inference_seconds=0.025
2026-08-28 14:44:11 | configuration dataset=time/current_velocity_h_part11 L=504 H=168 model=expected covariates=none instance_norm=true remove_constant=false seed=1 batch_size=512
[2026-08-28 14:44:14,181][data.dataset][INFO] - dataset config path=/fssmall/home/h61084/codes/datasets/time/current_velocity_h_part11/config.json applied_keys=['date_col', 'drop_users', 'target_cols']
[2026-08-28 14:44:14,202][evaluation.evaluator][INFO] - evaluate dataset=time/current_velocity_h_part11 users=6 dates=3607 windows=36 removed_constant=0 L=504 H=168 stride=512
[2026-08-28 14:44:14,434][evaluation.evaluator][INFO] - artifacts ready run=/fslarge/scratch/users/h61084/codes/tsfm/outputs_selena/univariate/time-current_velocity_h_part11/504_168/expected/none/instance/keep/run_0 mse=18.6377 nmse=1.14128 inference_seconds=0.024
2026-08-28 14:44:17 | configuration dataset=time/current_velocity_h_part11 L=504 H=168 model=repeat covariates=none instance_norm=true remove_constant=false seed=1 batch_size=512
[2026-08-28 14:44:19,742][data.dataset][INFO] - dataset config path=/fssmall/home/h61084/codes/datasets/time/current_velocity_h_part11/config.json applied_keys=['date_col', 'drop_users', 'target_cols']
[2026-08-28 14:44:19,763][evaluation.evaluator][INFO] - evaluate dataset=time/current_velocity_h_part11 users=6 dates=3607 windows=36 removed_constant=0 L=504 H=168 stride=512
[2026-08-28 14:44:19,989][evaluation.evaluator][INFO] - artifacts ready run=/fslarge/scratch/users/h61084/codes/tsfm/outputs_selena/univariate/time-current_velocity_h_part11/504_168/repeat/none/instance/keep/run_0 mse=30.7304 nmse=2.49165 inference_seconds=0.020
2026-08-28 14:44:22 | configuration dataset=time/current_velocity_h_part11 L=504 H=168 model=lookback covariates=none instance_norm=true remove_constant=false seed=1 batch_size=512
[2026-08-28 14:44:25,339][data.dataset][INFO] - dataset config path=/fssmall/home/h61084/codes/datasets/time/current_velocity_h_part11/config.json applied_keys=['date_col', 'drop_users', 'target_cols']
[2026-08-28 14:44:25,349][evaluation.evaluator][INFO] - lookback weekly period=168 observations
[2026-08-28 14:44:25,360][evaluation.evaluator][INFO] - evaluate dataset=time/current_velocity_h_part11 users=6 dates=3607 windows=36 removed_constant=0 L=504 H=168 stride=512
[2026-08-28 14:44:25,589][evaluation.evaluator][INFO] - artifacts ready run=/fslarge/scratch/users/h61084/codes/tsfm/outputs_selena/univariate/time-current_velocity_h_part11/504_168/lookback/none/instance/keep/run_0 mse=30.7304 nmse=2.49165 inference_seconds=0.020
2026-08-28 14:44:28 | configuration dataset=time/current_velocity_h_part11 L=504 H=168 model=chronos2 covariates=none instance_norm=true remove_constant=false seed=1 batch_size=64
[2026-08-28 14:44:30,969][data.dataset][INFO] - dataset config path=/fssmall/home/h61084/codes/datasets/time/current_velocity_h_part11/config.json applied_keys=['date_col', 'drop_users', 'target_cols']
[2026-08-28 14:44:30,990][evaluation.evaluator][INFO] - evaluate dataset=time/current_velocity_h_part11 users=6 dates=3607 windows=36 removed_constant=0 L=504 H=168 stride=512
[2026-08-28 14:44:36,882][evaluation.evaluator][INFO] - artifacts ready run=/fslarge/scratch/users/h61084/codes/tsfm/outputs_selena/univariate/time-current_velocity_h_part11/504_168/chronos2/none/instance/keep/run_0 mse=16.427 nmse=0.660787 inference_seconds=0.196
2026-08-28 14:44:39 | configuration dataset=time/current_velocity_h_part12 L=168 H=24 model=persistence covariates=none instance_norm=true remove_constant=false seed=1 batch_size=512
[2026-08-28 14:44:42,682][data.dataset][INFO] - dataset config path=/fssmall/home/h61084/codes/datasets/time/current_velocity_h_part12/config.json applied_keys=['date_col', 'drop_users', 'target_cols']
[2026-08-28 14:44:42,704][evaluation.evaluator][INFO] - evaluate dataset=time/current_velocity_h_part12 users=6 dates=2447 windows=30 removed_constant=0 L=168 H=24 stride=512
[2026-08-28 14:44:42,935][evaluation.evaluator][INFO] - artifacts ready run=/fslarge/scratch/users/h61084/codes/tsfm/outputs_selena/univariate/time-current_velocity_h_part12/168_24/persistence/none/instance/keep/run_0 mse=13.482 nmse=1.86689 inference_seconds=0.024
2026-08-28 14:44:45 | configuration dataset=time/current_velocity_h_part12 L=168 H=24 model=expected covariates=none instance_norm=true remove_constant=false seed=1 batch_size=512
[2026-08-28 14:44:48,322][data.dataset][INFO] - dataset config path=/fssmall/home/h61084/codes/datasets/time/current_velocity_h_part12/config.json applied_keys=['date_col', 'drop_users', 'target_cols']
[2026-08-28 14:44:48,343][evaluation.evaluator][INFO] - evaluate dataset=time/current_velocity_h_part12 users=6 dates=2447 windows=30 removed_constant=0 L=168 H=24 stride=512
[2026-08-28 14:44:48,578][evaluation.evaluator][INFO] - artifacts ready run=/fslarge/scratch/users/h61084/codes/tsfm/outputs_selena/univariate/time-current_velocity_h_part12/168_24/expected/none/instance/keep/run_0 mse=12.528 nmse=1.25001 inference_seconds=0.026
2026-08-28 14:44:51 | configuration dataset=time/current_velocity_h_part12 L=168 H=24 model=repeat covariates=none instance_norm=true remove_constant=false seed=1 batch_size=512
[2026-08-28 14:44:53,906][data.dataset][INFO] - dataset config path=/fssmall/home/h61084/codes/datasets/time/current_velocity_h_part12/config.json applied_keys=['date_col', 'drop_users', 'target_cols']
[2026-08-28 14:44:53,926][evaluation.evaluator][INFO] - evaluate dataset=time/current_velocity_h_part12 users=6 dates=2447 windows=30 removed_constant=0 L=168 H=24 stride=512
[2026-08-28 14:44:54,174][evaluation.evaluator][INFO] - artifacts ready run=/fslarge/scratch/users/h61084/codes/tsfm/outputs_selena/univariate/time-current_velocity_h_part12/168_24/repeat/none/instance/keep/run_0 mse=9.00813 nmse=0.795172 inference_seconds=0.020
2026-08-28 14:44:56 | configuration dataset=time/current_velocity_h_part12 L=168 H=24 model=lookback covariates=none instance_norm=true remove_constant=false seed=1 batch_size=512
[2026-08-28 14:44:59,537][data.dataset][INFO] - dataset config path=/fssmall/home/h61084/codes/datasets/time/current_velocity_h_part12/config.json applied_keys=['date_col', 'drop_users', 'target_cols']
[2026-08-28 14:44:59,547][evaluation.evaluator][INFO] - lookback weekly period=168 observations
[2026-08-28 14:44:59,558][evaluation.evaluator][INFO] - evaluate dataset=time/current_velocity_h_part12 users=6 dates=2447 windows=30 removed_constant=0 L=168 H=24 stride=512
[2026-08-28 14:44:59,791][evaluation.evaluator][INFO] - artifacts ready run=/fslarge/scratch/users/h61084/codes/tsfm/outputs_selena/univariate/time-current_velocity_h_part12/168_24/lookback/none/instance/keep/run_0 mse=27.1077 nmse=3.25961 inference_seconds=0.021
2026-08-28 14:45:02 | configuration dataset=time/current_velocity_h_part12 L=168 H=24 model=chronos2 covariates=none instance_norm=true remove_constant=false seed=1 batch_size=64
[2026-08-28 14:45:05,218][data.dataset][INFO] - dataset config path=/fssmall/home/h61084/codes/datasets/time/current_velocity_h_part12/config.json applied_keys=['date_col', 'drop_users', 'target_cols']
[2026-08-28 14:45:05,239][evaluation.evaluator][INFO] - evaluate dataset=time/current_velocity_h_part12 users=6 dates=2447 windows=30 removed_constant=0 L=168 H=24 stride=512
[2026-08-28 14:45:11,168][evaluation.evaluator][INFO] - artifacts ready run=/fslarge/scratch/users/h61084/codes/tsfm/outputs_selena/univariate/time-current_velocity_h_part12/168_24/chronos2/none/instance/keep/run_0 mse=8.54371 nmse=0.593685 inference_seconds=0.196
2026-08-28 14:45:14 | configuration dataset=time/current_velocity_h_part12 L=336 H=48 model=persistence covariates=none instance_norm=true remove_constant=false seed=1 batch_size=512
[2026-08-28 14:45:16,935][data.dataset][INFO] - dataset config path=/fssmall/home/h61084/codes/datasets/time/current_velocity_h_part12/config.json applied_keys=['date_col', 'drop_users', 'target_cols']
[2026-08-28 14:45:16,956][evaluation.evaluator][INFO] - evaluate dataset=time/current_velocity_h_part12 users=6 dates=2447 windows=30 removed_constant=0 L=336 H=48 stride=512
[2026-08-28 14:45:17,185][evaluation.evaluator][INFO] - artifacts ready run=/fslarge/scratch/users/h61084/codes/tsfm/outputs_selena/univariate/time-current_velocity_h_part12/336_48/persistence/none/instance/keep/run_0 mse=14.4831 nmse=2.25768 inference_seconds=0.024
2026-08-28 14:45:19 | configuration dataset=time/current_velocity_h_part12 L=336 H=48 model=expected covariates=none instance_norm=true remove_constant=false seed=1 batch_size=512
[2026-08-28 14:45:22,589][data.dataset][INFO] - dataset config path=/fssmall/home/h61084/codes/datasets/time/current_velocity_h_part12/config.json applied_keys=['date_col', 'drop_users', 'target_cols']
[2026-08-28 14:45:22,609][evaluation.evaluator][INFO] - evaluate dataset=time/current_velocity_h_part12 users=6 dates=2447 windows=30 removed_constant=0 L=336 H=48 stride=512
[2026-08-28 14:45:22,833][evaluation.evaluator][INFO] - artifacts ready run=/fslarge/scratch/users/h61084/codes/tsfm/outputs_selena/univariate/time-current_velocity_h_part12/336_48/expected/none/instance/keep/run_0 mse=11.7063 nmse=1.39676 inference_seconds=0.024
2026-08-28 14:45:25 | configuration dataset=time/current_velocity_h_part12 L=336 H=48 model=repeat covariates=none instance_norm=true remove_constant=false seed=1 batch_size=512
[2026-08-28 14:45:28,248][data.dataset][INFO] - dataset config path=/fssmall/home/h61084/codes/datasets/time/current_velocity_h_part12/config.json applied_keys=['date_col', 'drop_users', 'target_cols']
[2026-08-28 14:45:28,269][evaluation.evaluator][INFO] - evaluate dataset=time/current_velocity_h_part12 users=6 dates=2447 windows=30 removed_constant=0 L=336 H=48 stride=512
[2026-08-28 14:45:28,490][evaluation.evaluator][INFO] - artifacts ready run=/fslarge/scratch/users/h61084/codes/tsfm/outputs_selena/univariate/time-current_velocity_h_part12/336_48/repeat/none/instance/keep/run_0 mse=13.3272 nmse=1.2512 inference_seconds=0.020
2026-08-28 14:45:31 | configuration dataset=time/current_velocity_h_part12 L=336 H=48 model=lookback covariates=none instance_norm=true remove_constant=false seed=1 batch_size=512
[2026-08-28 14:45:33,896][data.dataset][INFO] - dataset config path=/fssmall/home/h61084/codes/datasets/time/current_velocity_h_part12/config.json applied_keys=['date_col', 'drop_users', 'target_cols']
[2026-08-28 14:45:33,905][evaluation.evaluator][INFO] - lookback weekly period=168 observations
[2026-08-28 14:45:33,917][evaluation.evaluator][INFO] - evaluate dataset=time/current_velocity_h_part12 users=6 dates=2447 windows=30 removed_constant=0 L=336 H=48 stride=512
[2026-08-28 14:45:34,155][evaluation.evaluator][INFO] - artifacts ready run=/fslarge/scratch/users/h61084/codes/tsfm/outputs_selena/univariate/time-current_velocity_h_part12/336_48/lookback/none/instance/keep/run_0 mse=27.8589 nmse=3.10966 inference_seconds=0.020
2026-08-28 14:45:36 | configuration dataset=time/current_velocity_h_part12 L=336 H=48 model=chronos2 covariates=none instance_norm=true remove_constant=false seed=1 batch_size=64
[2026-08-28 14:45:39,502][data.dataset][INFO] - dataset config path=/fssmall/home/h61084/codes/datasets/time/current_velocity_h_part12/config.json applied_keys=['date_col', 'drop_users', 'target_cols']
[2026-08-28 14:45:39,522][evaluation.evaluator][INFO] - evaluate dataset=time/current_velocity_h_part12 users=6 dates=2447 windows=30 removed_constant=0 L=336 H=48 stride=512
[2026-08-28 14:45:45,935][evaluation.evaluator][INFO] - artifacts ready run=/fslarge/scratch/users/h61084/codes/tsfm/outputs_selena/univariate/time-current_velocity_h_part12/336_48/chronos2/none/instance/keep/run_0 mse=9.40824 nmse=0.63459 inference_seconds=0.197
2026-08-28 14:45:48 | configuration dataset=time/current_velocity_h_part12 L=504 H=168 model=persistence covariates=none instance_norm=true remove_constant=false seed=1 batch_size=512
[2026-08-28 14:45:51,676][data.dataset][INFO] - dataset config path=/fssmall/home/h61084/codes/datasets/time/current_velocity_h_part12/config.json applied_keys=['date_col', 'drop_users', 'target_cols']
[2026-08-28 14:45:51,697][evaluation.evaluator][INFO] - evaluate dataset=time/current_velocity_h_part12 users=6 dates=2447 windows=24 removed_constant=0 L=504 H=168 stride=512
[2026-08-28 14:45:51,920][evaluation.evaluator][INFO] - artifacts ready run=/fslarge/scratch/users/h61084/codes/tsfm/outputs_selena/univariate/time-current_velocity_h_part12/504_168/persistence/none/instance/keep/run_0 mse=19.6951 nmse=2.02824 inference_seconds=0.024
2026-08-28 14:45:54 | configuration dataset=time/current_velocity_h_part12 L=504 H=168 model=expected covariates=none instance_norm=true remove_constant=false seed=1 batch_size=512
[2026-08-28 14:45:57,336][data.dataset][INFO] - dataset config path=/fssmall/home/h61084/codes/datasets/time/current_velocity_h_part12/config.json applied_keys=['date_col', 'drop_users', 'target_cols']
[2026-08-28 14:45:57,356][evaluation.evaluator][INFO] - evaluate dataset=time/current_velocity_h_part12 users=6 dates=2447 windows=24 removed_constant=0 L=504 H=168 stride=512
[2026-08-28 14:45:57,589][evaluation.evaluator][INFO] - artifacts ready run=/fslarge/scratch/users/h61084/codes/tsfm/outputs_selena/univariate/time-current_velocity_h_part12/504_168/expected/none/instance/keep/run_0 mse=9.17793 nmse=1.10572 inference_seconds=0.025
2026-08-28 14:46:00 | configuration dataset=time/current_velocity_h_part12 L=504 H=168 model=repeat covariates=none instance_norm=true remove_constant=false seed=1 batch_size=512
[2026-08-28 14:46:02,993][data.dataset][INFO] - dataset config path=/fssmall/home/h61084/codes/datasets/time/current_velocity_h_part12/config.json applied_keys=['date_col', 'drop_users', 'target_cols']
[2026-08-28 14:46:03,013][evaluation.evaluator][INFO] - evaluate dataset=time/current_velocity_h_part12 users=6 dates=2447 windows=24 removed_constant=0 L=504 H=168 stride=512
[2026-08-28 14:46:03,235][evaluation.evaluator][INFO] - artifacts ready run=/fslarge/scratch/users/h61084/codes/tsfm/outputs_selena/univariate/time-current_velocity_h_part12/504_168/repeat/none/instance/keep/run_0 mse=22.1899 nmse=2.75406 inference_seconds=0.020
2026-08-28 14:46:05 | configuration dataset=time/current_velocity_h_part12 L=504 H=168 model=lookback covariates=none instance_norm=true remove_constant=false seed=1 batch_size=512
[2026-08-28 14:46:08,663][data.dataset][INFO] - dataset config path=/fssmall/home/h61084/codes/datasets/time/current_velocity_h_part12/config.json applied_keys=['date_col', 'drop_users', 'target_cols']
[2026-08-28 14:46:08,672][evaluation.evaluator][INFO] - lookback weekly period=168 observations
[2026-08-28 14:46:08,684][evaluation.evaluator][INFO] - evaluate dataset=time/current_velocity_h_part12 users=6 dates=2447 windows=24 removed_constant=0 L=504 H=168 stride=512
[2026-08-28 14:46:08,906][evaluation.evaluator][INFO] - artifacts ready run=/fslarge/scratch/users/h61084/codes/tsfm/outputs_selena/univariate/time-current_velocity_h_part12/504_168/lookback/none/instance/keep/run_0 mse=22.1899 nmse=2.75406 inference_seconds=0.020
2026-08-28 14:46:11 | configuration dataset=time/current_velocity_h_part12 L=504 H=168 model=chronos2 covariates=none instance_norm=true remove_constant=false seed=1 batch_size=64
[2026-08-28 14:46:14,289][data.dataset][INFO] - dataset config path=/fssmall/home/h61084/codes/datasets/time/current_velocity_h_part12/config.json applied_keys=['date_col', 'drop_users', 'target_cols']
[2026-08-28 14:46:14,309][evaluation.evaluator][INFO] - evaluate dataset=time/current_velocity_h_part12 users=6 dates=2447 windows=24 removed_constant=0 L=504 H=168 stride=512
[2026-08-28 14:46:20,213][evaluation.evaluator][INFO] - artifacts ready run=/fslarge/scratch/users/h61084/codes/tsfm/outputs_selena/univariate/time-current_velocity_h_part12/504_168/chronos2/none/instance/keep/run_0 mse=11.9283 nmse=0.694545 inference_seconds=0.195
2026-08-28 14:46:23 | configuration dataset=time/current_velocity_h_part13 L=168 H=24 model=persistence covariates=none instance_norm=true remove_constant=false seed=1 batch_size=512
[2026-08-28 14:46:25,911][data.dataset][INFO] - dataset config path=/fssmall/home/h61084/codes/datasets/time/current_velocity_h_part13/config.json applied_keys=['date_col', 'drop_users', 'target_cols']
[2026-08-28 14:46:25,933][evaluation.evaluator][INFO] - evaluate dataset=time/current_velocity_h_part13 users=6 dates=3263 windows=36 removed_constant=0 L=168 H=24 stride=512
[2026-08-28 14:46:26,169][evaluation.evaluator][INFO] - artifacts ready run=/fslarge/scratch/users/h61084/codes/tsfm/outputs_selena/univariate/time-current_velocity_h_part13/168_24/persistence/none/instance/keep/run_0 mse=8.26261 nmse=1.46347 inference_seconds=0.024
2026-08-28 14:46:28 | configuration dataset=time/current_velocity_h_part13 L=168 H=24 model=expected covariates=none instance_norm=true remove_constant=false seed=1 batch_size=512
[2026-08-28 14:46:31,573][data.dataset][INFO] - dataset config path=/fssmall/home/h61084/codes/datasets/time/current_velocity_h_part13/config.json applied_keys=['date_col', 'drop_users', 'target_cols']
[2026-08-28 14:46:31,594][evaluation.evaluator][INFO] - evaluate dataset=time/current_velocity_h_part13 users=6 dates=3263 windows=36 removed_constant=0 L=168 H=24 stride=512
[2026-08-28 14:46:31,829][evaluation.evaluator][INFO] - artifacts ready run=/fslarge/scratch/users/h61084/codes/tsfm/outputs_selena/univariate/time-current_velocity_h_part13/168_24/expected/none/instance/keep/run_0 mse=14.9334 nmse=2.02948 inference_seconds=0.025
2026-08-28 14:46:34 | configuration dataset=time/current_velocity_h_part13 L=168 H=24 model=repeat covariates=none instance_norm=true remove_constant=false seed=1 batch_size=512
[2026-08-28 14:46:37,323][data.dataset][INFO] - dataset config path=/fssmall/home/h61084/codes/datasets/time/current_velocity_h_part13/config.json applied_keys=['date_col', 'drop_users', 'target_cols']
[2026-08-28 14:46:37,344][evaluation.evaluator][INFO] - evaluate dataset=time/current_velocity_h_part13 users=6 dates=3263 windows=36 removed_constant=0 L=168 H=24 stride=512
[2026-08-28 14:46:37,568][evaluation.evaluator][INFO] - artifacts ready run=/fslarge/scratch/users/h61084/codes/tsfm/outputs_selena/univariate/time-current_velocity_h_part13/168_24/repeat/none/instance/keep/run_0 mse=12.6976 nmse=1.28012 inference_seconds=0.020
2026-08-28 14:46:40 | configuration dataset=time/current_velocity_h_part13 L=168 H=24 model=lookback covariates=none instance_norm=true remove_constant=false seed=1 batch_size=512
[2026-08-28 14:46:42,996][data.dataset][INFO] - dataset config path=/fssmall/home/h61084/codes/datasets/time/current_velocity_h_part13/config.json applied_keys=['date_col', 'drop_users', 'target_cols']
[2026-08-28 14:46:43,006][evaluation.evaluator][INFO] - lookback weekly period=168 observations
[2026-08-28 14:46:43,018][evaluation.evaluator][INFO] - evaluate dataset=time/current_velocity_h_part13 users=6 dates=3263 windows=36 removed_constant=0 L=168 H=24 stride=512
[2026-08-28 14:46:43,255][evaluation.evaluator][INFO] - artifacts ready run=/fslarge/scratch/users/h61084/codes/tsfm/outputs_selena/univariate/time-current_velocity_h_part13/168_24/lookback/none/instance/keep/run_0 mse=14.1674 nmse=2.93915 inference_seconds=0.020
2026-08-28 14:46:45 | configuration dataset=time/current_velocity_h_part13 L=168 H=24 model=chronos2 covariates=none instance_norm=true remove_constant=false seed=1 batch_size=64
[2026-08-28 14:46:48,679][data.dataset][INFO] - dataset config path=/fssmall/home/h61084/codes/datasets/time/current_velocity_h_part13/config.json applied_keys=['date_col', 'drop_users', 'target_cols']
[2026-08-28 14:46:48,700][evaluation.evaluator][INFO] - evaluate dataset=time/current_velocity_h_part13 users=6 dates=3263 windows=36 removed_constant=0 L=168 H=24 stride=512
[2026-08-28 14:46:54,603][evaluation.evaluator][INFO] - artifacts ready run=/fslarge/scratch/users/h61084/codes/tsfm/outputs_selena/univariate/time-current_velocity_h_part13/168_24/chronos2/none/instance/keep/run_0 mse=5.68572 nmse=0.570205 inference_seconds=0.194
2026-08-28 14:46:57 | configuration dataset=time/current_velocity_h_part13 L=336 H=48 model=persistence covariates=none instance_norm=true remove_constant=false seed=1 batch_size=512
[2026-08-28 14:47:00,405][data.dataset][INFO] - dataset config path=/fssmall/home/h61084/codes/datasets/time/current_velocity_h_part13/config.json applied_keys=['date_col', 'drop_users', 'target_cols']
[2026-08-28 14:47:00,428][evaluation.evaluator][INFO] - evaluate dataset=time/current_velocity_h_part13 users=6 dates=3263 windows=36 removed_constant=0 L=336 H=48 stride=512
[2026-08-28 14:47:00,663][evaluation.evaluator][INFO] - artifacts ready run=/fslarge/scratch/users/h61084/codes/tsfm/outputs_selena/univariate/time-current_velocity_h_part13/336_48/persistence/none/instance/keep/run_0 mse=17.2925 nmse=1.74216 inference_seconds=0.025
2026-08-28 14:47:03 | configuration dataset=time/current_velocity_h_part13 L=336 H=48 model=expected covariates=none instance_norm=true remove_constant=false seed=1 batch_size=512
[2026-08-28 14:47:06,132][data.dataset][INFO] - dataset config path=/fssmall/home/h61084/codes/datasets/time/current_velocity_h_part13/config.json applied_keys=['date_col', 'drop_users', 'target_cols']
[2026-08-28 14:47:06,153][evaluation.evaluator][INFO] - evaluate dataset=time/current_velocity_h_part13 users=6 dates=3263 windows=36 removed_constant=0 L=336 H=48 stride=512
[2026-08-28 14:47:06,378][evaluation.evaluator][INFO] - artifacts ready run=/fslarge/scratch/users/h61084/codes/tsfm/outputs_selena/univariate/time-current_velocity_h_part13/336_48/expected/none/instance/keep/run_0 mse=7.66197 nmse=1.22285 inference_seconds=0.024
2026-08-28 14:47:09 | configuration dataset=time/current_velocity_h_part13 L=336 H=48 model=repeat covariates=none instance_norm=true remove_constant=false seed=1 batch_size=512
[2026-08-28 14:47:11,785][data.dataset][INFO] - dataset config path=/fssmall/home/h61084/codes/datasets/time/current_velocity_h_part13/config.json applied_keys=['date_col', 'drop_users', 'target_cols']
[2026-08-28 14:47:11,807][evaluation.evaluator][INFO] - evaluate dataset=time/current_velocity_h_part13 users=6 dates=3263 windows=36 removed_constant=0 L=336 H=48 stride=512
[2026-08-28 14:47:12,032][evaluation.evaluator][INFO] - artifacts ready run=/fslarge/scratch/users/h61084/codes/tsfm/outputs_selena/univariate/time-current_velocity_h_part13/336_48/repeat/none/instance/keep/run_0 mse=7.07012 nmse=1.70448 inference_seconds=0.020
2026-08-28 14:47:14 | configuration dataset=time/current_velocity_h_part13 L=336 H=48 model=lookback covariates=none instance_norm=true remove_constant=false seed=1 batch_size=512
[2026-08-28 14:47:17,466][data.dataset][INFO] - dataset config path=/fssmall/home/h61084/codes/datasets/time/current_velocity_h_part13/config.json applied_keys=['date_col', 'drop_users', 'target_cols']
[2026-08-28 14:47:17,476][evaluation.evaluator][INFO] - lookback weekly period=168 observations
[2026-08-28 14:47:17,487][evaluation.evaluator][INFO] - evaluate dataset=time/current_velocity_h_part13 users=6 dates=3263 windows=36 removed_constant=0 L=336 H=48 stride=512
[2026-08-28 14:47:17,707][evaluation.evaluator][INFO] - artifacts ready run=/fslarge/scratch/users/h61084/codes/tsfm/outputs_selena/univariate/time-current_velocity_h_part13/336_48/lookback/none/instance/keep/run_0 mse=17.6002 nmse=2.13511 inference_seconds=0.020
2026-08-28 14:47:20 | configuration dataset=time/current_velocity_h_part13 L=336 H=48 model=chronos2 covariates=none instance_norm=true remove_constant=false seed=1 batch_size=64
[2026-08-28 14:47:23,132][data.dataset][INFO] - dataset config path=/fssmall/home/h61084/codes/datasets/time/current_velocity_h_part13/config.json applied_keys=['date_col', 'drop_users', 'target_cols']
[2026-08-28 14:47:23,154][evaluation.evaluator][INFO] - evaluate dataset=time/current_velocity_h_part13 users=6 dates=3263 windows=36 removed_constant=0 L=336 H=48 stride=512
[2026-08-28 14:47:29,049][evaluation.evaluator][INFO] - artifacts ready run=/fslarge/scratch/users/h61084/codes/tsfm/outputs_selena/univariate/time-current_velocity_h_part13/336_48/chronos2/none/instance/keep/run_0 mse=6.3559 nmse=0.783867 inference_seconds=0.196
2026-08-28 14:47:32 | configuration dataset=time/current_velocity_h_part13 L=504 H=168 model=persistence covariates=none instance_norm=true remove_constant=false seed=1 batch_size=512
[2026-08-28 14:47:34,832][data.dataset][INFO] - dataset config path=/fssmall/home/h61084/codes/datasets/time/current_velocity_h_part13/config.json applied_keys=['date_col', 'drop_users', 'target_cols']
[2026-08-28 14:47:34,853][evaluation.evaluator][INFO] - evaluate dataset=time/current_velocity_h_part13 users=6 dates=3263 windows=36 removed_constant=0 L=504 H=168 stride=512
[2026-08-28 14:47:35,077][evaluation.evaluator][INFO] - artifacts ready run=/fslarge/scratch/users/h61084/codes/tsfm/outputs_selena/univariate/time-current_velocity_h_part13/504_168/persistence/none/instance/keep/run_0 mse=6.93852 nmse=1.83072 inference_seconds=0.024
2026-08-28 14:47:37 | configuration dataset=time/current_velocity_h_part13 L=504 H=168 model=expected covariates=none instance_norm=true remove_constant=false seed=1 batch_size=512
[2026-08-28 14:47:40,577][data.dataset][INFO] - dataset config path=/fssmall/home/h61084/codes/datasets/time/current_velocity_h_part13/config.json applied_keys=['date_col', 'drop_users', 'target_cols']
[2026-08-28 14:47:40,598][evaluation.evaluator][INFO] - evaluate dataset=time/current_velocity_h_part13 users=6 dates=3263 windows=36 removed_constant=0 L=504 H=168 stride=512
[2026-08-28 14:47:40,833][evaluation.evaluator][INFO] - artifacts ready run=/fslarge/scratch/users/h61084/codes/tsfm/outputs_selena/univariate/time-current_velocity_h_part13/504_168/expected/none/instance/keep/run_0 mse=7.24813 nmse=1.39224 inference_seconds=0.026
2026-08-28 14:47:43 | configuration dataset=time/current_velocity_h_part13 L=504 H=168 model=repeat covariates=none instance_norm=true remove_constant=false seed=1 batch_size=512
[2026-08-28 14:47:46,342][data.dataset][INFO] - dataset config path=/fssmall/home/h61084/codes/datasets/time/current_velocity_h_part13/config.json applied_keys=['date_col', 'drop_users', 'target_cols']
[2026-08-28 14:47:46,362][evaluation.evaluator][INFO] - evaluate dataset=time/current_velocity_h_part13 users=6 dates=3263 windows=36 removed_constant=0 L=504 H=168 stride=512
[2026-08-28 14:47:46,593][evaluation.evaluator][INFO] - artifacts ready run=/fslarge/scratch/users/h61084/codes/tsfm/outputs_selena/univariate/time-current_velocity_h_part13/504_168/repeat/none/instance/keep/run_0 mse=12.4904 nmse=2.3963 inference_seconds=0.020
2026-08-28 14:47:49 | configuration dataset=time/current_velocity_h_part13 L=504 H=168 model=lookback covariates=none instance_norm=true remove_constant=false seed=1 batch_size=512
[2026-08-28 14:47:52,044][data.dataset][INFO] - dataset config path=/fssmall/home/h61084/codes/datasets/time/current_velocity_h_part13/config.json applied_keys=['date_col', 'drop_users', 'target_cols']
[2026-08-28 14:47:52,054][evaluation.evaluator][INFO] - lookback weekly period=168 observations
[2026-08-28 14:47:52,066][evaluation.evaluator][INFO] - evaluate dataset=time/current_velocity_h_part13 users=6 dates=3263 windows=36 removed_constant=0 L=504 H=168 stride=512
[2026-08-28 14:47:52,290][evaluation.evaluator][INFO] - artifacts ready run=/fslarge/scratch/users/h61084/codes/tsfm/outputs_selena/univariate/time-current_velocity_h_part13/504_168/lookback/none/instance/keep/run_0 mse=12.4904 nmse=2.3963 inference_seconds=0.020
2026-08-28 14:47:55 | configuration dataset=time/current_velocity_h_part13 L=504 H=168 model=chronos2 covariates=none instance_norm=true remove_constant=false seed=1 batch_size=64
[2026-08-28 14:47:57,742][data.dataset][INFO] - dataset config path=/fssmall/home/h61084/codes/datasets/time/current_velocity_h_part13/config.json applied_keys=['date_col', 'drop_users', 'target_cols']
[2026-08-28 14:47:57,764][evaluation.evaluator][INFO] - evaluate dataset=time/current_velocity_h_part13 users=6 dates=3263 windows=36 removed_constant=0 L=504 H=168 stride=512
[2026-08-28 14:48:03,777][evaluation.evaluator][INFO] - artifacts ready run=/fslarge/scratch/users/h61084/codes/tsfm/outputs_selena/univariate/time-current_velocity_h_part13/504_168/chronos2/none/instance/keep/run_0 mse=5.3717 nmse=1.06086 inference_seconds=0.198
2026-08-28 14:48:06 | configuration dataset=time/current_velocity_h_part14 L=168 H=24 model=persistence covariates=none instance_norm=true remove_constant=false seed=1 batch_size=512
[2026-08-28 14:48:09,622][data.dataset][INFO] - dataset config path=/fssmall/home/h61084/codes/datasets/time/current_velocity_h_part14/config.json applied_keys=['date_col', 'drop_users', 'target_cols']
[2026-08-28 14:48:09,642][evaluation.evaluator][INFO] - evaluate dataset=time/current_velocity_h_part14 users=6 dates=2455 windows=30 removed_constant=0 L=168 H=24 stride=512
[2026-08-28 14:48:09,880][evaluation.evaluator][INFO] - artifacts ready run=/fslarge/scratch/users/h61084/codes/tsfm/outputs_selena/univariate/time-current_velocity_h_part14/168_24/persistence/none/instance/keep/run_0 mse=4.55895 nmse=0.857867 inference_seconds=0.025
2026-08-28 14:48:12 | configuration dataset=time/current_velocity_h_part14 L=168 H=24 model=expected covariates=none instance_norm=true remove_constant=false seed=1 batch_size=512
[2026-08-28 14:48:15,344][data.dataset][INFO] - dataset config path=/fssmall/home/h61084/codes/datasets/time/current_velocity_h_part14/config.json applied_keys=['date_col', 'drop_users', 'target_cols']
[2026-08-28 14:48:15,363][evaluation.evaluator][INFO] - evaluate dataset=time/current_velocity_h_part14 users=6 dates=2455 windows=30 removed_constant=0 L=168 H=24 stride=512
[2026-08-28 14:48:15,601][evaluation.evaluator][INFO] - artifacts ready run=/fslarge/scratch/users/h61084/codes/tsfm/outputs_selena/univariate/time-current_velocity_h_part14/168_24/expected/none/instance/keep/run_0 mse=8.11453 nmse=1.96871 inference_seconds=0.025
2026-08-28 14:48:18 | configuration dataset=time/current_velocity_h_part14 L=168 H=24 model=repeat covariates=none instance_norm=true remove_constant=false seed=1 batch_size=512
[2026-08-28 14:48:21,087][data.dataset][INFO] - dataset config path=/fssmall/home/h61084/codes/datasets/time/current_velocity_h_part14/config.json applied_keys=['date_col', 'drop_users', 'target_cols']
[2026-08-28 14:48:21,106][evaluation.evaluator][INFO] - evaluate dataset=time/current_velocity_h_part14 users=6 dates=2455 windows=30 removed_constant=0 L=168 H=24 stride=512
[2026-08-28 14:48:21,334][evaluation.evaluator][INFO] - artifacts ready run=/fslarge/scratch/users/h61084/codes/tsfm/outputs_selena/univariate/time-current_velocity_h_part14/168_24/repeat/none/instance/keep/run_0 mse=9.34467 nmse=1.12147 inference_seconds=0.021
2026-08-28 14:48:24 | configuration dataset=time/current_velocity_h_part14 L=168 H=24 model=lookback covariates=none instance_norm=true remove_constant=false seed=1 batch_size=512
[2026-08-28 14:48:26,835][data.dataset][INFO] - dataset config path=/fssmall/home/h61084/codes/datasets/time/current_velocity_h_part14/config.json applied_keys=['date_col', 'drop_users', 'target_cols']
[2026-08-28 14:48:26,843][evaluation.evaluator][INFO] - lookback weekly period=168 observations
[2026-08-28 14:48:26,854][evaluation.evaluator][INFO] - evaluate dataset=time/current_velocity_h_part14 users=6 dates=2455 windows=30 removed_constant=0 L=168 H=24 stride=512
[2026-08-28 14:48:27,078][evaluation.evaluator][INFO] - artifacts ready run=/fslarge/scratch/users/h61084/codes/tsfm/outputs_selena/univariate/time-current_velocity_h_part14/168_24/lookback/none/instance/keep/run_0 mse=10.7128 nmse=2.38657 inference_seconds=0.020
2026-08-28 14:48:29 | configuration dataset=time/current_velocity_h_part14 L=168 H=24 model=chronos2 covariates=none instance_norm=true remove_constant=false seed=1 batch_size=64
[2026-08-28 14:48:32,536][data.dataset][INFO] - dataset config path=/fssmall/home/h61084/codes/datasets/time/current_velocity_h_part14/config.json applied_keys=['date_col', 'drop_users', 'target_cols']
[2026-08-28 14:48:32,556][evaluation.evaluator][INFO] - evaluate dataset=time/current_velocity_h_part14 users=6 dates=2455 windows=30 removed_constant=0 L=168 H=24 stride=512
[2026-08-28 14:48:38,413][evaluation.evaluator][INFO] - artifacts ready run=/fslarge/scratch/users/h61084/codes/tsfm/outputs_selena/univariate/time-current_velocity_h_part14/168_24/chronos2/none/instance/keep/run_0 mse=3.80181 nmse=0.484278 inference_seconds=0.196
2026-08-28 14:48:41 | configuration dataset=time/current_velocity_h_part14 L=336 H=48 model=persistence covariates=none instance_norm=true remove_constant=false seed=1 batch_size=512
[2026-08-28 14:48:44,255][data.dataset][INFO] - dataset config path=/fssmall/home/h61084/codes/datasets/time/current_velocity_h_part14/config.json applied_keys=['date_col', 'drop_users', 'target_cols']
[2026-08-28 14:48:44,275][evaluation.evaluator][INFO] - evaluate dataset=time/current_velocity_h_part14 users=6 dates=2455 windows=30 removed_constant=0 L=336 H=48 stride=512
[2026-08-28 14:48:44,500][evaluation.evaluator][INFO] - artifacts ready run=/fslarge/scratch/users/h61084/codes/tsfm/outputs_selena/univariate/time-current_velocity_h_part14/336_48/persistence/none/instance/keep/run_0 mse=28.0251 nmse=1.85673 inference_seconds=0.025
2026-08-28 14:48:47 | configuration dataset=time/current_velocity_h_part14 L=336 H=48 model=expected covariates=none instance_norm=true remove_constant=false seed=1 batch_size=512
[2026-08-28 14:48:49,982][data.dataset][INFO] - dataset config path=/fssmall/home/h61084/codes/datasets/time/current_velocity_h_part14/config.json applied_keys=['date_col', 'drop_users', 'target_cols']
[2026-08-28 14:48:50,001][evaluation.evaluator][INFO] - evaluate dataset=time/current_velocity_h_part14 users=6 dates=2455 windows=30 removed_constant=0 L=336 H=48 stride=512
[2026-08-28 14:48:50,233][evaluation.evaluator][INFO] - artifacts ready run=/fslarge/scratch/users/h61084/codes/tsfm/outputs_selena/univariate/time-current_velocity_h_part14/336_48/expected/none/instance/keep/run_0 mse=19.8331 nmse=1.4799 inference_seconds=0.024
2026-08-28 14:48:52 | configuration dataset=time/current_velocity_h_part14 L=336 H=48 model=repeat covariates=none instance_norm=true remove_constant=false seed=1 batch_size=512
[2026-08-28 14:48:55,645][data.dataset][INFO] - dataset config path=/fssmall/home/h61084/codes/datasets/time/current_velocity_h_part14/config.json applied_keys=['date_col', 'drop_users', 'target_cols']
[2026-08-28 14:48:55,665][evaluation.evaluator][INFO] - evaluate dataset=time/current_velocity_h_part14 users=6 dates=2455 windows=30 removed_constant=0 L=336 H=48 stride=512
[2026-08-28 14:48:55,898][evaluation.evaluator][INFO] - artifacts ready run=/fslarge/scratch/users/h61084/codes/tsfm/outputs_selena/univariate/time-current_velocity_h_part14/336_48/repeat/none/instance/keep/run_0 mse=20.5413 nmse=1.20563 inference_seconds=0.021
2026-08-28 14:48:58 | configuration dataset=time/current_velocity_h_part14 L=336 H=48 model=lookback covariates=none instance_norm=true remove_constant=false seed=1 batch_size=512
[2026-08-28 14:49:01,342][data.dataset][INFO] - dataset config path=/fssmall/home/h61084/codes/datasets/time/current_velocity_h_part14/config.json applied_keys=['date_col', 'drop_users', 'target_cols']
[2026-08-28 14:49:01,351][evaluation.evaluator][INFO] - lookback weekly period=168 observations
[2026-08-28 14:49:01,362][evaluation.evaluator][INFO] - evaluate dataset=time/current_velocity_h_part14 users=6 dates=2455 windows=30 removed_constant=0 L=336 H=48 stride=512
[2026-08-28 14:49:01,593][evaluation.evaluator][INFO] - artifacts ready run=/fslarge/scratch/users/h61084/codes/tsfm/outputs_selena/univariate/time-current_velocity_h_part14/336_48/lookback/none/instance/keep/run_0 mse=26.0165 nmse=2.05396 inference_seconds=0.020
2026-08-28 14:49:04 | configuration dataset=time/current_velocity_h_part14 L=336 H=48 model=chronos2 covariates=none instance_norm=true remove_constant=false seed=1 batch_size=64
[2026-08-28 14:49:07,064][data.dataset][INFO] - dataset config path=/fssmall/home/h61084/codes/datasets/time/current_velocity_h_part14/config.json applied_keys=['date_col', 'drop_users', 'target_cols']
[2026-08-28 14:49:07,083][evaluation.evaluator][INFO] - evaluate dataset=time/current_velocity_h_part14 users=6 dates=2455 windows=30 removed_constant=0 L=336 H=48 stride=512
[2026-08-28 14:49:12,975][evaluation.evaluator][INFO] - artifacts ready run=/fslarge/scratch/users/h61084/codes/tsfm/outputs_selena/univariate/time-current_velocity_h_part14/336_48/chronos2/none/instance/keep/run_0 mse=16.9299 nmse=0.97311 inference_seconds=0.197
2026-08-28 14:49:16 | configuration dataset=time/current_velocity_h_part14 L=504 H=168 model=persistence covariates=none instance_norm=true remove_constant=false seed=1 batch_size=512
[2026-08-28 14:49:18,795][data.dataset][INFO] - dataset config path=/fssmall/home/h61084/codes/datasets/time/current_velocity_h_part14/config.json applied_keys=['date_col', 'drop_users', 'target_cols']
[2026-08-28 14:49:18,816][evaluation.evaluator][INFO] - evaluate dataset=time/current_velocity_h_part14 users=6 dates=2455 windows=24 removed_constant=0 L=504 H=168 stride=512
[2026-08-28 14:49:19,048][evaluation.evaluator][INFO] - artifacts ready run=/fslarge/scratch/users/h61084/codes/tsfm/outputs_selena/univariate/time-current_velocity_h_part14/504_168/persistence/none/instance/keep/run_0 mse=18.768 nmse=1.8791 inference_seconds=0.024
2026-08-28 14:49:21 | configuration dataset=time/current_velocity_h_part14 L=504 H=168 model=expected covariates=none instance_norm=true remove_constant=false seed=1 batch_size=512
[2026-08-28 14:49:24,525][data.dataset][INFO] - dataset config path=/fssmall/home/h61084/codes/datasets/time/current_velocity_h_part14/config.json applied_keys=['date_col', 'drop_users', 'target_cols']
[2026-08-28 14:49:24,543][evaluation.evaluator][INFO] - evaluate dataset=time/current_velocity_h_part14 users=6 dates=2455 windows=24 removed_constant=0 L=504 H=168 stride=512
[2026-08-28 14:49:24,777][evaluation.evaluator][INFO] - artifacts ready run=/fslarge/scratch/users/h61084/codes/tsfm/outputs_selena/univariate/time-current_velocity_h_part14/504_168/expected/none/instance/keep/run_0 mse=13.8324 nmse=1.86245 inference_seconds=0.024
2026-08-28 14:49:27 | configuration dataset=time/current_velocity_h_part14 L=504 H=168 model=repeat covariates=none instance_norm=true remove_constant=false seed=1 batch_size=512
[2026-08-28 14:49:30,222][data.dataset][INFO] - dataset config path=/fssmall/home/h61084/codes/datasets/time/current_velocity_h_part14/config.json applied_keys=['date_col', 'drop_users', 'target_cols']
[2026-08-28 14:49:30,241][evaluation.evaluator][INFO] - evaluate dataset=time/current_velocity_h_part14 users=6 dates=2455 windows=24 removed_constant=0 L=504 H=168 stride=512
[2026-08-28 14:49:30,467][evaluation.evaluator][INFO] - artifacts ready run=/fslarge/scratch/users/h61084/codes/tsfm/outputs_selena/univariate/time-current_velocity_h_part14/504_168/repeat/none/instance/keep/run_0 mse=28.835 nmse=2.31039 inference_seconds=0.021
2026-08-28 14:49:33 | configuration dataset=time/current_velocity_h_part14 L=504 H=168 model=lookback covariates=none instance_norm=true remove_constant=false seed=1 batch_size=512
[2026-08-28 14:49:35,906][data.dataset][INFO] - dataset config path=/fssmall/home/h61084/codes/datasets/time/current_velocity_h_part14/config.json applied_keys=['date_col', 'drop_users', 'target_cols']
[2026-08-28 14:49:35,915][evaluation.evaluator][INFO] - lookback weekly period=168 observations
[2026-08-28 14:49:35,926][evaluation.evaluator][INFO] - evaluate dataset=time/current_velocity_h_part14 users=6 dates=2455 windows=24 removed_constant=0 L=504 H=168 stride=512
[2026-08-28 14:49:36,166][evaluation.evaluator][INFO] - artifacts ready run=/fslarge/scratch/users/h61084/codes/tsfm/outputs_selena/univariate/time-current_velocity_h_part14/504_168/lookback/none/instance/keep/run_0 mse=28.835 nmse=2.31039 inference_seconds=0.020
2026-08-28 14:49:38 | configuration dataset=time/current_velocity_h_part14 L=504 H=168 model=chronos2 covariates=none instance_norm=true remove_constant=false seed=1 batch_size=64
[2026-08-28 14:49:41,707][data.dataset][INFO] - dataset config path=/fssmall/home/h61084/codes/datasets/time/current_velocity_h_part14/config.json applied_keys=['date_col', 'drop_users', 'target_cols']
[2026-08-28 14:49:41,727][evaluation.evaluator][INFO] - evaluate dataset=time/current_velocity_h_part14 users=6 dates=2455 windows=24 removed_constant=0 L=504 H=168 stride=512
[2026-08-28 14:49:47,651][evaluation.evaluator][INFO] - artifacts ready run=/fslarge/scratch/users/h61084/codes/tsfm/outputs_selena/univariate/time-current_velocity_h_part14/504_168/chronos2/none/instance/keep/run_0 mse=12.6008 nmse=1.34646 inference_seconds=0.197
2026-08-28 14:49:50 | configuration dataset=time/current_velocity_h_part15 L=168 H=24 model=persistence covariates=none instance_norm=true remove_constant=false seed=1 batch_size=512
[2026-08-28 14:49:53,452][data.dataset][INFO] - dataset config path=/fssmall/home/h61084/codes/datasets/time/current_velocity_h_part15/config.json applied_keys=['date_col', 'drop_users', 'target_cols']
[2026-08-28 14:49:53,476][evaluation.evaluator][INFO] - evaluate dataset=time/current_velocity_h_part15 users=6 dates=3868 windows=48 removed_constant=0 L=168 H=24 stride=512
[2026-08-28 14:49:53,704][evaluation.evaluator][INFO] - artifacts ready run=/fslarge/scratch/users/h61084/codes/tsfm/outputs_selena/univariate/time-current_velocity_h_part15/168_24/persistence/none/instance/keep/run_0 mse=14.1299 nmse=1.61604 inference_seconds=0.025
2026-08-28 14:49:56 | configuration dataset=time/current_velocity_h_part15 L=168 H=24 model=expected covariates=none instance_norm=true remove_constant=false seed=1 batch_size=512
[2026-08-28 14:49:59,164][data.dataset][INFO] - dataset config path=/fssmall/home/h61084/codes/datasets/time/current_velocity_h_part15/config.json applied_keys=['date_col', 'drop_users', 'target_cols']
[2026-08-28 14:49:59,185][evaluation.evaluator][INFO] - evaluate dataset=time/current_velocity_h_part15 users=6 dates=3868 windows=48 removed_constant=0 L=168 H=24 stride=512
[2026-08-28 14:49:59,415][evaluation.evaluator][INFO] - artifacts ready run=/fslarge/scratch/users/h61084/codes/tsfm/outputs_selena/univariate/time-current_velocity_h_part15/168_24/expected/none/instance/keep/run_0 mse=7.11805 nmse=2.27064 inference_seconds=0.024
2026-08-28 14:50:02 | configuration dataset=time/current_velocity_h_part15 L=168 H=24 model=repeat covariates=none instance_norm=true remove_constant=false seed=1 batch_size=512
[2026-08-28 14:50:04,916][data.dataset][INFO] - dataset config path=/fssmall/home/h61084/codes/datasets/time/current_velocity_h_part15/config.json applied_keys=['date_col', 'drop_users', 'target_cols']
[2026-08-28 14:50:04,937][evaluation.evaluator][INFO] - evaluate dataset=time/current_velocity_h_part15 users=6 dates=3868 windows=48 removed_constant=0 L=168 H=24 stride=512
[2026-08-28 14:50:05,160][evaluation.evaluator][INFO] - artifacts ready run=/fslarge/scratch/users/h61084/codes/tsfm/outputs_selena/univariate/time-current_velocity_h_part15/168_24/repeat/none/instance/keep/run_0 mse=5.936 nmse=1.53876 inference_seconds=0.020
2026-08-28 14:50:07 | configuration dataset=time/current_velocity_h_part15 L=168 H=24 model=lookback covariates=none instance_norm=true remove_constant=false seed=1 batch_size=512
[2026-08-28 14:50:10,602][data.dataset][INFO] - dataset config path=/fssmall/home/h61084/codes/datasets/time/current_velocity_h_part15/config.json applied_keys=['date_col', 'drop_users', 'target_cols']
[2026-08-28 14:50:10,612][evaluation.evaluator][INFO] - lookback weekly period=168 observations
[2026-08-28 14:50:10,624][evaluation.evaluator][INFO] - evaluate dataset=time/current_velocity_h_part15 users=6 dates=3868 windows=48 removed_constant=0 L=168 H=24 stride=512
[2026-08-28 14:50:10,860][evaluation.evaluator][INFO] - artifacts ready run=/fslarge/scratch/users/h61084/codes/tsfm/outputs_selena/univariate/time-current_velocity_h_part15/168_24/lookback/none/instance/keep/run_0 mse=11.6167 nmse=3.47577 inference_seconds=0.020
2026-08-28 14:50:13 | configuration dataset=time/current_velocity_h_part15 L=168 H=24 model=chronos2 covariates=none instance_norm=true remove_constant=false seed=1 batch_size=64
[2026-08-28 14:50:16,346][data.dataset][INFO] - dataset config path=/fssmall/home/h61084/codes/datasets/time/current_velocity_h_part15/config.json applied_keys=['date_col', 'drop_users', 'target_cols']
[2026-08-28 14:50:16,367][evaluation.evaluator][INFO] - evaluate dataset=time/current_velocity_h_part15 users=6 dates=3868 windows=48 removed_constant=0 L=168 H=24 stride=512
[2026-08-28 14:50:22,264][evaluation.evaluator][INFO] - artifacts ready run=/fslarge/scratch/users/h61084/codes/tsfm/outputs_selena/univariate/time-current_velocity_h_part15/168_24/chronos2/none/instance/keep/run_0 mse=4.44188 nmse=1.04793 inference_seconds=0.199
2026-08-28 14:50:25 | configuration dataset=time/current_velocity_h_part15 L=336 H=48 model=persistence covariates=none instance_norm=true remove_constant=false seed=1 batch_size=512
[2026-08-28 14:50:28,156][data.dataset][INFO] - dataset config path=/fssmall/home/h61084/codes/datasets/time/current_velocity_h_part15/config.json applied_keys=['date_col', 'drop_users', 'target_cols']
[2026-08-28 14:50:28,178][evaluation.evaluator][INFO] - evaluate dataset=time/current_velocity_h_part15 users=6 dates=3868 windows=42 removed_constant=0 L=336 H=48 stride=512
[2026-08-28 14:50:28,411][evaluation.evaluator][INFO] - artifacts ready run=/fslarge/scratch/users/h61084/codes/tsfm/outputs_selena/univariate/time-current_velocity_h_part15/336_48/persistence/none/instance/keep/run_0 mse=9.19443 nmse=1.28503 inference_seconds=0.025
2026-08-28 14:50:31 | configuration dataset=time/current_velocity_h_part15 L=336 H=48 model=expected covariates=none instance_norm=true remove_constant=false seed=1 batch_size=512
[2026-08-28 14:50:33,933][data.dataset][INFO] - dataset config path=/fssmall/home/h61084/codes/datasets/time/current_velocity_h_part15/config.json applied_keys=['date_col', 'drop_users', 'target_cols']
[2026-08-28 14:50:33,954][evaluation.evaluator][INFO] - evaluate dataset=time/current_velocity_h_part15 users=6 dates=3868 windows=42 removed_constant=0 L=336 H=48 stride=512
[2026-08-28 14:50:34,180][evaluation.evaluator][INFO] - artifacts ready run=/fslarge/scratch/users/h61084/codes/tsfm/outputs_selena/univariate/time-current_velocity_h_part15/336_48/expected/none/instance/keep/run_0 mse=5.82257 nmse=1.41256 inference_seconds=0.025
2026-08-28 14:50:36 | configuration dataset=time/current_velocity_h_part15 L=336 H=48 model=repeat covariates=none instance_norm=true remove_constant=false seed=1 batch_size=512
[2026-08-28 14:50:39,709][data.dataset][INFO] - dataset config path=/fssmall/home/h61084/codes/datasets/time/current_velocity_h_part15/config.json applied_keys=['date_col', 'drop_users', 'target_cols']
[2026-08-28 14:50:39,731][evaluation.evaluator][INFO] - evaluate dataset=time/current_velocity_h_part15 users=6 dates=3868 windows=42 removed_constant=0 L=336 H=48 stride=512
[2026-08-28 14:50:39,970][evaluation.evaluator][INFO] - artifacts ready run=/fslarge/scratch/users/h61084/codes/tsfm/outputs_selena/univariate/time-current_velocity_h_part15/336_48/repeat/none/instance/keep/run_0 mse=7.56483 nmse=1.62422 inference_seconds=0.020
2026-08-28 14:50:42 | configuration dataset=time/current_velocity_h_part15 L=336 H=48 model=lookback covariates=none instance_norm=true remove_constant=false seed=1 batch_size=512
[2026-08-28 14:50:45,515][data.dataset][INFO] - dataset config path=/fssmall/home/h61084/codes/datasets/time/current_velocity_h_part15/config.json applied_keys=['date_col', 'drop_users', 'target_cols']
[2026-08-28 14:50:45,525][evaluation.evaluator][INFO] - lookback weekly period=168 observations
[2026-08-28 14:50:45,537][evaluation.evaluator][INFO] - evaluate dataset=time/current_velocity_h_part15 users=6 dates=3868 windows=42 removed_constant=0 L=336 H=48 stride=512
[2026-08-28 14:50:45,763][evaluation.evaluator][INFO] - artifacts ready run=/fslarge/scratch/users/h61084/codes/tsfm/outputs_selena/univariate/time-current_velocity_h_part15/336_48/lookback/none/instance/keep/run_0 mse=11.3393 nmse=1.92354 inference_seconds=0.021
2026-08-28 14:50:48 | configuration dataset=time/current_velocity_h_part15 L=336 H=48 model=chronos2 covariates=none instance_norm=true remove_constant=false seed=1 batch_size=64
[2026-08-28 14:50:51,276][data.dataset][INFO] - dataset config path=/fssmall/home/h61084/codes/datasets/time/current_velocity_h_part15/config.json applied_keys=['date_col', 'drop_users', 'target_cols']
[2026-08-28 14:50:51,297][evaluation.evaluator][INFO] - evaluate dataset=time/current_velocity_h_part15 users=6 dates=3868 windows=42 removed_constant=0 L=336 H=48 stride=512
[2026-08-28 14:50:57,177][evaluation.evaluator][INFO] - artifacts ready run=/fslarge/scratch/users/h61084/codes/tsfm/outputs_selena/univariate/time-current_velocity_h_part15/336_48/chronos2/none/instance/keep/run_0 mse=4.23115 nmse=0.670466 inference_seconds=0.199
2026-08-28 14:51:00 | configuration dataset=time/current_velocity_h_part15 L=504 H=168 model=persistence covariates=none instance_norm=true remove_constant=false seed=1 batch_size=512
[2026-08-28 14:51:03,019][data.dataset][INFO] - dataset config path=/fssmall/home/h61084/codes/datasets/time/current_velocity_h_part15/config.json applied_keys=['date_col', 'drop_users', 'target_cols']
[2026-08-28 14:51:03,041][evaluation.evaluator][INFO] - evaluate dataset=time/current_velocity_h_part15 users=6 dates=3868 windows=42 removed_constant=0 L=504 H=168 stride=512
[2026-08-28 14:51:03,280][evaluation.evaluator][INFO] - artifacts ready run=/fslarge/scratch/users/h61084/codes/tsfm/outputs_selena/univariate/time-current_velocity_h_part15/504_168/persistence/none/instance/keep/run_0 mse=12.1359 nmse=1.80568 inference_seconds=0.025
2026-08-28 14:51:06 | configuration dataset=time/current_velocity_h_part15 L=504 H=168 model=expected covariates=none instance_norm=true remove_constant=false seed=1 batch_size=512
[2026-08-28 14:51:08,751][data.dataset][INFO] - dataset config path=/fssmall/home/h61084/codes/datasets/time/current_velocity_h_part15/config.json applied_keys=['date_col', 'drop_users', 'target_cols']
[2026-08-28 14:51:08,771][evaluation.evaluator][INFO] - evaluate dataset=time/current_velocity_h_part15 users=6 dates=3868 windows=42 removed_constant=0 L=504 H=168 stride=512
[2026-08-28 14:51:08,998][evaluation.evaluator][INFO] - artifacts ready run=/fslarge/scratch/users/h61084/codes/tsfm/outputs_selena/univariate/time-current_velocity_h_part15/504_168/expected/none/instance/keep/run_0 mse=9.50684 nmse=1.28928 inference_seconds=0.024
2026-08-28 14:51:11 | configuration dataset=time/current_velocity_h_part15 L=504 H=168 model=repeat covariates=none instance_norm=true remove_constant=false seed=1 batch_size=512
[2026-08-28 14:51:14,540][data.dataset][INFO] - dataset config path=/fssmall/home/h61084/codes/datasets/time/current_velocity_h_part15/config.json applied_keys=['date_col', 'drop_users', 'target_cols']
[2026-08-28 14:51:14,561][evaluation.evaluator][INFO] - evaluate dataset=time/current_velocity_h_part15 users=6 dates=3868 windows=42 removed_constant=0 L=504 H=168 stride=512
[2026-08-28 14:51:14,791][evaluation.evaluator][INFO] - artifacts ready run=/fslarge/scratch/users/h61084/codes/tsfm/outputs_selena/univariate/time-current_velocity_h_part15/504_168/repeat/none/instance/keep/run_0 mse=12.4559 nmse=1.7036 inference_seconds=0.021
2026-08-28 14:51:17 | configuration dataset=time/current_velocity_h_part15 L=504 H=168 model=lookback covariates=none instance_norm=true remove_constant=false seed=1 batch_size=512
[2026-08-28 14:51:20,255][data.dataset][INFO] - dataset config path=/fssmall/home/h61084/codes/datasets/time/current_velocity_h_part15/config.json applied_keys=['date_col', 'drop_users', 'target_cols']
[2026-08-28 14:51:20,265][evaluation.evaluator][INFO] - lookback weekly period=168 observations
[2026-08-28 14:51:20,277][evaluation.evaluator][INFO] - evaluate dataset=time/current_velocity_h_part15 users=6 dates=3868 windows=42 removed_constant=0 L=504 H=168 stride=512
[2026-08-28 14:51:20,504][evaluation.evaluator][INFO] - artifacts ready run=/fslarge/scratch/users/h61084/codes/tsfm/outputs_selena/univariate/time-current_velocity_h_part15/504_168/lookback/none/instance/keep/run_0 mse=12.4559 nmse=1.7036 inference_seconds=0.021
2026-08-28 14:51:23 | configuration dataset=time/current_velocity_h_part15 L=504 H=168 model=chronos2 covariates=none instance_norm=true remove_constant=false seed=1 batch_size=64
[2026-08-28 14:51:26,014][data.dataset][INFO] - dataset config path=/fssmall/home/h61084/codes/datasets/time/current_velocity_h_part15/config.json applied_keys=['date_col', 'drop_users', 'target_cols']
[2026-08-28 14:51:26,035][evaluation.evaluator][INFO] - evaluate dataset=time/current_velocity_h_part15 users=6 dates=3868 windows=42 removed_constant=0 L=504 H=168 stride=512
[2026-08-28 14:51:31,938][evaluation.evaluator][INFO] - artifacts ready run=/fslarge/scratch/users/h61084/codes/tsfm/outputs_selena/univariate/time-current_velocity_h_part15/504_168/chronos2/none/instance/keep/run_0 mse=11.7558 nmse=1.0679 inference_seconds=0.199
2026-08-28 14:51:35 | configuration dataset=time/current_velocity_h_part16 L=168 H=24 model=persistence covariates=none instance_norm=true remove_constant=false seed=1 batch_size=512
[2026-08-28 14:51:37,843][data.dataset][INFO] - dataset config path=/fssmall/home/h61084/codes/datasets/time/current_velocity_h_part16/config.json applied_keys=['date_col', 'drop_users', 'target_cols']
[2026-08-28 14:51:37,864][evaluation.evaluator][INFO] - evaluate dataset=time/current_velocity_h_part16 users=6 dates=3212 windows=36 removed_constant=0 L=168 H=24 stride=512
[2026-08-28 14:51:38,097][evaluation.evaluator][INFO] - artifacts ready run=/fslarge/scratch/users/h61084/codes/tsfm/outputs_selena/univariate/time-current_velocity_h_part16/168_24/persistence/none/instance/keep/run_0 mse=8.73164 nmse=1.56973 inference_seconds=0.025
2026-08-28 14:51:40 | configuration dataset=time/current_velocity_h_part16 L=168 H=24 model=expected covariates=none instance_norm=true remove_constant=false seed=1 batch_size=512
[2026-08-28 14:51:43,589][data.dataset][INFO] - dataset config path=/fssmall/home/h61084/codes/datasets/time/current_velocity_h_part16/config.json applied_keys=['date_col', 'drop_users', 'target_cols']
[2026-08-28 14:51:43,610][evaluation.evaluator][INFO] - evaluate dataset=time/current_velocity_h_part16 users=6 dates=3212 windows=36 removed_constant=0 L=168 H=24 stride=512
[2026-08-28 14:51:43,836][evaluation.evaluator][INFO] - artifacts ready run=/fslarge/scratch/users/h61084/codes/tsfm/outputs_selena/univariate/time-current_velocity_h_part16/168_24/expected/none/instance/keep/run_0 mse=6.2563 nmse=1.52873 inference_seconds=0.025
2026-08-28 14:51:46 | configuration dataset=time/current_velocity_h_part16 L=168 H=24 model=repeat covariates=none instance_norm=true remove_constant=false seed=1 batch_size=512
[2026-08-28 14:51:49,390][data.dataset][INFO] - dataset config path=/fssmall/home/h61084/codes/datasets/time/current_velocity_h_part16/config.json applied_keys=['date_col', 'drop_users', 'target_cols']
[2026-08-28 14:51:49,411][evaluation.evaluator][INFO] - evaluate dataset=time/current_velocity_h_part16 users=6 dates=3212 windows=36 removed_constant=0 L=168 H=24 stride=512
[2026-08-28 14:51:49,630][evaluation.evaluator][INFO] - artifacts ready run=/fslarge/scratch/users/h61084/codes/tsfm/outputs_selena/univariate/time-current_velocity_h_part16/168_24/repeat/none/instance/keep/run_0 mse=6.5883 nmse=0.832538 inference_seconds=0.021
2026-08-28 14:51:52 | configuration dataset=time/current_velocity_h_part16 L=168 H=24 model=lookback covariates=none instance_norm=true remove_constant=false seed=1 batch_size=512
[2026-08-28 14:51:55,180][data.dataset][INFO] - dataset config path=/fssmall/home/h61084/codes/datasets/time/current_velocity_h_part16/config.json applied_keys=['date_col', 'drop_users', 'target_cols']
[2026-08-28 14:51:55,190][evaluation.evaluator][INFO] - lookback weekly period=168 observations
[2026-08-28 14:51:55,202][evaluation.evaluator][INFO] - evaluate dataset=time/current_velocity_h_part16 users=6 dates=3212 windows=36 removed_constant=0 L=168 H=24 stride=512
[2026-08-28 14:51:55,430][evaluation.evaluator][INFO] - artifacts ready run=/fslarge/scratch/users/h61084/codes/tsfm/outputs_selena/univariate/time-current_velocity_h_part16/168_24/lookback/none/instance/keep/run_0 mse=9.32163 nmse=2.74046 inference_seconds=0.020
2026-08-28 14:51:58 | configuration dataset=time/current_velocity_h_part16 L=168 H=24 model=chronos2 covariates=none instance_norm=true remove_constant=false seed=1 batch_size=64
[2026-08-28 14:52:00,948][data.dataset][INFO] - dataset config path=/fssmall/home/h61084/codes/datasets/time/current_velocity_h_part16/config.json applied_keys=['date_col', 'drop_users', 'target_cols']
[2026-08-28 14:52:00,969][evaluation.evaluator][INFO] - evaluate dataset=time/current_velocity_h_part16 users=6 dates=3212 windows=36 removed_constant=0 L=168 H=24 stride=512
[2026-08-28 14:52:06,858][evaluation.evaluator][INFO] - artifacts ready run=/fslarge/scratch/users/h61084/codes/tsfm/outputs_selena/univariate/time-current_velocity_h_part16/168_24/chronos2/none/instance/keep/run_0 mse=4.66892 nmse=0.688057 inference_seconds=0.196
2026-08-28 14:52:10 | configuration dataset=time/current_velocity_h_part16 L=336 H=48 model=persistence covariates=none instance_norm=true remove_constant=false seed=1 batch_size=512
[2026-08-28 14:52:12,710][data.dataset][INFO] - dataset config path=/fssmall/home/h61084/codes/datasets/time/current_velocity_h_part16/config.json applied_keys=['date_col', 'drop_users', 'target_cols']
[2026-08-28 14:52:12,731][evaluation.evaluator][INFO] - evaluate dataset=time/current_velocity_h_part16 users=6 dates=3212 windows=36 removed_constant=0 L=336 H=48 stride=512
[2026-08-28 14:52:12,967][evaluation.evaluator][INFO] - artifacts ready run=/fslarge/scratch/users/h61084/codes/tsfm/outputs_selena/univariate/time-current_velocity_h_part16/336_48/persistence/none/instance/keep/run_0 mse=9.94671 nmse=1.65961 inference_seconds=0.026
2026-08-28 14:52:15 | configuration dataset=time/current_velocity_h_part16 L=336 H=48 model=expected covariates=none instance_norm=true remove_constant=false seed=1 batch_size=512
[2026-08-28 14:52:18,522][data.dataset][INFO] - dataset config path=/fssmall/home/h61084/codes/datasets/time/current_velocity_h_part16/config.json applied_keys=['date_col', 'drop_users', 'target_cols']
[2026-08-28 14:52:18,544][evaluation.evaluator][INFO] - evaluate dataset=time/current_velocity_h_part16 users=6 dates=3212 windows=36 removed_constant=0 L=336 H=48 stride=512
[2026-08-28 14:52:18,780][evaluation.evaluator][INFO] - artifacts ready run=/fslarge/scratch/users/h61084/codes/tsfm/outputs_selena/univariate/time-current_velocity_h_part16/336_48/expected/none/instance/keep/run_0 mse=10.1519 nmse=1.76364 inference_seconds=0.025
2026-08-28 14:52:21 | configuration dataset=time/current_velocity_h_part16 L=336 H=48 model=repeat covariates=none instance_norm=true remove_constant=false seed=1 batch_size=512
[2026-08-28 14:52:24,344][data.dataset][INFO] - dataset config path=/fssmall/home/h61084/codes/datasets/time/current_velocity_h_part16/config.json applied_keys=['date_col', 'drop_users', 'target_cols']
[2026-08-28 14:52:24,365][evaluation.evaluator][INFO] - evaluate dataset=time/current_velocity_h_part16 users=6 dates=3212 windows=36 removed_constant=0 L=336 H=48 stride=512
[2026-08-28 14:52:24,592][evaluation.evaluator][INFO] - artifacts ready run=/fslarge/scratch/users/h61084/codes/tsfm/outputs_selena/univariate/time-current_velocity_h_part16/336_48/repeat/none/instance/keep/run_0 mse=8.495 nmse=1.11199 inference_seconds=0.020
2026-08-28 14:52:27 | configuration dataset=time/current_velocity_h_part16 L=336 H=48 model=lookback covariates=none instance_norm=true remove_constant=false seed=1 batch_size=512
[2026-08-28 14:52:30,132][data.dataset][INFO] - dataset config path=/fssmall/home/h61084/codes/datasets/time/current_velocity_h_part16/config.json applied_keys=['date_col', 'drop_users', 'target_cols']
[2026-08-28 14:52:30,142][evaluation.evaluator][INFO] - lookback weekly period=168 observations
[2026-08-28 14:52:30,154][evaluation.evaluator][INFO] - evaluate dataset=time/current_velocity_h_part16 users=6 dates=3212 windows=36 removed_constant=0 L=336 H=48 stride=512
[2026-08-28 14:52:30,375][evaluation.evaluator][INFO] - artifacts ready run=/fslarge/scratch/users/h61084/codes/tsfm/outputs_selena/univariate/time-current_velocity_h_part16/336_48/lookback/none/instance/keep/run_0 mse=11.9588 nmse=2.47349 inference_seconds=0.020
2026-08-28 14:52:33 | configuration dataset=time/current_velocity_h_part16 L=336 H=48 model=chronos2 covariates=none instance_norm=true remove_constant=false seed=1 batch_size=64
[2026-08-28 14:52:35,942][data.dataset][INFO] - dataset config path=/fssmall/home/h61084/codes/datasets/time/current_velocity_h_part16/config.json applied_keys=['date_col', 'drop_users', 'target_cols']
[2026-08-28 14:52:35,963][evaluation.evaluator][INFO] - evaluate dataset=time/current_velocity_h_part16 users=6 dates=3212 windows=36 removed_constant=0 L=336 H=48 stride=512
[2026-08-28 14:52:42,388][evaluation.evaluator][INFO] - artifacts ready run=/fslarge/scratch/users/h61084/codes/tsfm/outputs_selena/univariate/time-current_velocity_h_part16/336_48/chronos2/none/instance/keep/run_0 mse=6.02298 nmse=0.64115 inference_seconds=0.196
2026-08-28 14:52:45 | configuration dataset=time/current_velocity_h_part16 L=504 H=168 model=persistence covariates=none instance_norm=true remove_constant=false seed=1 batch_size=512
[2026-08-28 14:52:48,344][data.dataset][INFO] - dataset config path=/fssmall/home/h61084/codes/datasets/time/current_velocity_h_part16/config.json applied_keys=['date_col', 'drop_users', 'target_cols']
[2026-08-28 14:52:48,365][evaluation.evaluator][INFO] - evaluate dataset=time/current_velocity_h_part16 users=6 dates=3212 windows=30 removed_constant=0 L=504 H=168 stride=512
[2026-08-28 14:52:48,594][evaluation.evaluator][INFO] - artifacts ready run=/fslarge/scratch/users/h61084/codes/tsfm/outputs_selena/univariate/time-current_velocity_h_part16/504_168/persistence/none/instance/keep/run_0 mse=22.092 nmse=1.62977 inference_seconds=0.025
2026-08-28 14:52:51 | configuration dataset=time/current_velocity_h_part16 L=504 H=168 model=expected covariates=none instance_norm=true remove_constant=false seed=1 batch_size=512
[2026-08-28 14:52:54,090][data.dataset][INFO] - dataset config path=/fssmall/home/h61084/codes/datasets/time/current_velocity_h_part16/config.json applied_keys=['date_col', 'drop_users', 'target_cols']
[2026-08-28 14:52:54,111][evaluation.evaluator][INFO] - evaluate dataset=time/current_velocity_h_part16 users=6 dates=3212 windows=30 removed_constant=0 L=504 H=168 stride=512
[2026-08-28 14:52:54,341][evaluation.evaluator][INFO] - artifacts ready run=/fslarge/scratch/users/h61084/codes/tsfm/outputs_selena/univariate/time-current_velocity_h_part16/504_168/expected/none/instance/keep/run_0 mse=8.78717 nmse=1.52651 inference_seconds=0.025
2026-08-28 14:52:57 | configuration dataset=time/current_velocity_h_part16 L=504 H=168 model=repeat covariates=none instance_norm=true remove_constant=false seed=1 batch_size=512
[2026-08-28 14:52:59,928][data.dataset][INFO] - dataset config path=/fssmall/home/h61084/codes/datasets/time/current_velocity_h_part16/config.json applied_keys=['date_col', 'drop_users', 'target_cols']
[2026-08-28 14:52:59,949][evaluation.evaluator][INFO] - evaluate dataset=time/current_velocity_h_part16 users=6 dates=3212 windows=30 removed_constant=0 L=504 H=168 stride=512
[2026-08-28 14:53:00,173][evaluation.evaluator][INFO] - artifacts ready run=/fslarge/scratch/users/h61084/codes/tsfm/outputs_selena/univariate/time-current_velocity_h_part16/504_168/repeat/none/instance/keep/run_0 mse=11.4274 nmse=1.83677 inference_seconds=0.020
2026-08-28 14:53:03 | configuration dataset=time/current_velocity_h_part16 L=504 H=168 model=lookback covariates=none instance_norm=true remove_constant=false seed=1 batch_size=512
[2026-08-28 14:53:05,759][data.dataset][INFO] - dataset config path=/fssmall/home/h61084/codes/datasets/time/current_velocity_h_part16/config.json applied_keys=['date_col', 'drop_users', 'target_cols']
[2026-08-28 14:53:05,769][evaluation.evaluator][INFO] - lookback weekly period=168 observations
[2026-08-28 14:53:05,781][evaluation.evaluator][INFO] - evaluate dataset=time/current_velocity_h_part16 users=6 dates=3212 windows=30 removed_constant=0 L=504 H=168 stride=512
[2026-08-28 14:53:06,007][evaluation.evaluator][INFO] - artifacts ready run=/fslarge/scratch/users/h61084/codes/tsfm/outputs_selena/univariate/time-current_velocity_h_part16/504_168/lookback/none/instance/keep/run_0 mse=11.4274 nmse=1.83677 inference_seconds=0.020
2026-08-28 14:53:08 | configuration dataset=time/current_velocity_h_part16 L=504 H=168 model=chronos2 covariates=none instance_norm=true remove_constant=false seed=1 batch_size=64
[2026-08-28 14:53:11,640][data.dataset][INFO] - dataset config path=/fssmall/home/h61084/codes/datasets/time/current_velocity_h_part16/config.json applied_keys=['date_col', 'drop_users', 'target_cols']
[2026-08-28 14:53:11,661][evaluation.evaluator][INFO] - evaluate dataset=time/current_velocity_h_part16 users=6 dates=3212 windows=30 removed_constant=0 L=504 H=168 stride=512
[2026-08-28 14:53:17,586][evaluation.evaluator][INFO] - artifacts ready run=/fslarge/scratch/users/h61084/codes/tsfm/outputs_selena/univariate/time-current_velocity_h_part16/504_168/chronos2/none/instance/keep/run_0 mse=7.15569 nmse=0.603427 inference_seconds=0.196
2026-08-28 14:53:20 | configuration dataset=time/current_velocity_h_part17 L=168 H=24 model=persistence covariates=none instance_norm=true remove_constant=false seed=1 batch_size=512
[2026-08-28 14:53:23,553][data.dataset][INFO] - dataset config path=/fssmall/home/h61084/codes/datasets/time/current_velocity_h_part17/config.json applied_keys=['date_col', 'drop_users', 'target_cols']
[2026-08-28 14:53:23,575][evaluation.evaluator][INFO] - evaluate dataset=time/current_velocity_h_part17 users=6 dates=2232 windows=24 removed_constant=0 L=168 H=24 stride=512
[2026-08-28 14:53:23,803][evaluation.evaluator][INFO] - artifacts ready run=/fslarge/scratch/users/h61084/codes/tsfm/outputs_selena/univariate/time-current_velocity_h_part17/168_24/persistence/none/instance/keep/run_0 mse=24.8756 nmse=2.11649 inference_seconds=0.025
2026-08-28 14:53:26 | configuration dataset=time/current_velocity_h_part17 L=168 H=24 model=expected covariates=none instance_norm=true remove_constant=false seed=1 batch_size=512
[2026-08-28 14:53:29,418][data.dataset][INFO] - dataset config path=/fssmall/home/h61084/codes/datasets/time/current_velocity_h_part17/config.json applied_keys=['date_col', 'drop_users', 'target_cols']
[2026-08-28 14:53:29,438][evaluation.evaluator][INFO] - evaluate dataset=time/current_velocity_h_part17 users=6 dates=2232 windows=24 removed_constant=0 L=168 H=24 stride=512
[2026-08-28 14:53:29,662][evaluation.evaluator][INFO] - artifacts ready run=/fslarge/scratch/users/h61084/codes/tsfm/outputs_selena/univariate/time-current_velocity_h_part17/168_24/expected/none/instance/keep/run_0 mse=13.8737 nmse=2.10686 inference_seconds=0.024
2026-08-28 14:53:32 | configuration dataset=time/current_velocity_h_part17 L=168 H=24 model=repeat covariates=none instance_norm=true remove_constant=false seed=1 batch_size=512
[2026-08-28 14:53:35,272][data.dataset][INFO] - dataset config path=/fssmall/home/h61084/codes/datasets/time/current_velocity_h_part17/config.json applied_keys=['date_col', 'drop_users', 'target_cols']
[2026-08-28 14:53:35,291][evaluation.evaluator][INFO] - evaluate dataset=time/current_velocity_h_part17 users=6 dates=2232 windows=24 removed_constant=0 L=168 H=24 stride=512
[2026-08-28 14:53:35,521][evaluation.evaluator][INFO] - artifacts ready run=/fslarge/scratch/users/h61084/codes/tsfm/outputs_selena/univariate/time-current_velocity_h_part17/168_24/repeat/none/instance/keep/run_0 mse=8.84591 nmse=1.24443 inference_seconds=0.020
2026-08-28 14:53:38 | configuration dataset=time/current_velocity_h_part17 L=168 H=24 model=lookback covariates=none instance_norm=true remove_constant=false seed=1 batch_size=512
[2026-08-28 14:53:41,127][data.dataset][INFO] - dataset config path=/fssmall/home/h61084/codes/datasets/time/current_velocity_h_part17/config.json applied_keys=['date_col', 'drop_users', 'target_cols']
[2026-08-28 14:53:41,135][evaluation.evaluator][INFO] - lookback weekly period=168 observations
[2026-08-28 14:53:41,147][evaluation.evaluator][INFO] - evaluate dataset=time/current_velocity_h_part17 users=6 dates=2232 windows=24 removed_constant=0 L=168 H=24 stride=512
[2026-08-28 14:53:41,377][evaluation.evaluator][INFO] - artifacts ready run=/fslarge/scratch/users/h61084/codes/tsfm/outputs_selena/univariate/time-current_velocity_h_part17/168_24/lookback/none/instance/keep/run_0 mse=14.6546 nmse=3.15059 inference_seconds=0.021
2026-08-28 14:53:44 | configuration dataset=time/current_velocity_h_part17 L=168 H=24 model=chronos2 covariates=none instance_norm=true remove_constant=false seed=1 batch_size=64
[2026-08-28 14:53:47,014][data.dataset][INFO] - dataset config path=/fssmall/home/h61084/codes/datasets/time/current_velocity_h_part17/config.json applied_keys=['date_col', 'drop_users', 'target_cols']
[2026-08-28 14:53:47,034][evaluation.evaluator][INFO] - evaluate dataset=time/current_velocity_h_part17 users=6 dates=2232 windows=24 removed_constant=0 L=168 H=24 stride=512
[2026-08-28 14:53:52,940][evaluation.evaluator][INFO] - artifacts ready run=/fslarge/scratch/users/h61084/codes/tsfm/outputs_selena/univariate/time-current_velocity_h_part17/168_24/chronos2/none/instance/keep/run_0 mse=6.52115 nmse=0.983536 inference_seconds=0.196
2026-08-28 14:53:56 | configuration dataset=time/current_velocity_h_part17 L=336 H=48 model=persistence covariates=none instance_norm=true remove_constant=false seed=1 batch_size=512
[2026-08-28 14:53:58,909][data.dataset][INFO] - dataset config path=/fssmall/home/h61084/codes/datasets/time/current_velocity_h_part17/config.json applied_keys=['date_col', 'drop_users', 'target_cols']
[2026-08-28 14:53:58,930][evaluation.evaluator][INFO] - evaluate dataset=time/current_velocity_h_part17 users=6 dates=2232 windows=24 removed_constant=0 L=336 H=48 stride=512
[2026-08-28 14:53:59,176][evaluation.evaluator][INFO] - artifacts ready run=/fslarge/scratch/users/h61084/codes/tsfm/outputs_selena/univariate/time-current_velocity_h_part17/336_48/persistence/none/instance/keep/run_0 mse=39.2151 nmse=1.72926 inference_seconds=0.024
2026-08-28 14:54:02 | configuration dataset=time/current_velocity_h_part17 L=336 H=48 model=expected covariates=none instance_norm=true remove_constant=false seed=1 batch_size=512
[2026-08-28 14:54:04,755][data.dataset][INFO] - dataset config path=/fssmall/home/h61084/codes/datasets/time/current_velocity_h_part17/config.json applied_keys=['date_col', 'drop_users', 'target_cols']
[2026-08-28 14:54:04,775][evaluation.evaluator][INFO] - evaluate dataset=time/current_velocity_h_part17 users=6 dates=2232 windows=24 removed_constant=0 L=336 H=48 stride=512
[2026-08-28 14:54:05,007][evaluation.evaluator][INFO] - artifacts ready run=/fslarge/scratch/users/h61084/codes/tsfm/outputs_selena/univariate/time-current_velocity_h_part17/336_48/expected/none/instance/keep/run_0 mse=12.5064 nmse=0.860491 inference_seconds=0.025
2026-08-28 14:54:07 | configuration dataset=time/current_velocity_h_part17 L=336 H=48 model=repeat covariates=none instance_norm=true remove_constant=false seed=1 batch_size=512
[2026-08-28 14:54:10,589][data.dataset][INFO] - dataset config path=/fssmall/home/h61084/codes/datasets/time/current_velocity_h_part17/config.json applied_keys=['date_col', 'drop_users', 'target_cols']
[2026-08-28 14:54:10,609][evaluation.evaluator][INFO] - evaluate dataset=time/current_velocity_h_part17 users=6 dates=2232 windows=24 removed_constant=0 L=336 H=48 stride=512
[2026-08-28 14:54:10,835][evaluation.evaluator][INFO] - artifacts ready run=/fslarge/scratch/users/h61084/codes/tsfm/outputs_selena/univariate/time-current_velocity_h_part17/336_48/repeat/none/instance/keep/run_0 mse=12.5213 nmse=0.661211 inference_seconds=0.020
2026-08-28 14:54:13 | configuration dataset=time/current_velocity_h_part17 L=336 H=48 model=lookback covariates=none instance_norm=true remove_constant=false seed=1 batch_size=512
[2026-08-28 14:54:16,470][data.dataset][INFO] - dataset config path=/fssmall/home/h61084/codes/datasets/time/current_velocity_h_part17/config.json applied_keys=['date_col', 'drop_users', 'target_cols']
[2026-08-28 14:54:16,479][evaluation.evaluator][INFO] - lookback weekly period=168 observations
[2026-08-28 14:54:16,490][evaluation.evaluator][INFO] - evaluate dataset=time/current_velocity_h_part17 users=6 dates=2232 windows=24 removed_constant=0 L=336 H=48 stride=512
[2026-08-28 14:54:16,717][evaluation.evaluator][INFO] - artifacts ready run=/fslarge/scratch/users/h61084/codes/tsfm/outputs_selena/univariate/time-current_velocity_h_part17/336_48/lookback/none/instance/keep/run_0 mse=13.8636 nmse=1.52802 inference_seconds=0.020
2026-08-28 14:54:19 | configuration dataset=time/current_velocity_h_part17 L=336 H=48 model=chronos2 covariates=none instance_norm=true remove_constant=false seed=1 batch_size=64
[2026-08-28 14:54:22,315][data.dataset][INFO] - dataset config path=/fssmall/home/h61084/codes/datasets/time/current_velocity_h_part17/config.json applied_keys=['date_col', 'drop_users', 'target_cols']
[2026-08-28 14:54:22,334][evaluation.evaluator][INFO] - evaluate dataset=time/current_velocity_h_part17 users=6 dates=2232 windows=24 removed_constant=0 L=336 H=48 stride=512
[2026-08-28 14:54:28,336][evaluation.evaluator][INFO] - artifacts ready run=/fslarge/scratch/users/h61084/codes/tsfm/outputs_selena/univariate/time-current_velocity_h_part17/336_48/chronos2/none/instance/keep/run_0 mse=6.17134 nmse=0.341067 inference_seconds=0.196
2026-08-28 14:54:31 | configuration dataset=time/current_velocity_h_part17 L=504 H=168 model=persistence covariates=none instance_norm=true remove_constant=false seed=1 batch_size=512
[2026-08-28 14:54:34,264][data.dataset][INFO] - dataset config path=/fssmall/home/h61084/codes/datasets/time/current_velocity_h_part17/config.json applied_keys=['date_col', 'drop_users', 'target_cols']
[2026-08-28 14:54:34,284][evaluation.evaluator][INFO] - evaluate dataset=time/current_velocity_h_part17 users=6 dates=2232 windows=24 removed_constant=0 L=504 H=168 stride=512
[2026-08-28 14:54:34,514][evaluation.evaluator][INFO] - artifacts ready run=/fslarge/scratch/users/h61084/codes/tsfm/outputs_selena/univariate/time-current_velocity_h_part17/504_168/persistence/none/instance/keep/run_0 mse=23.6008 nmse=2.30714 inference_seconds=0.025
2026-08-28 14:54:37 | configuration dataset=time/current_velocity_h_part17 L=504 H=168 model=expected covariates=none instance_norm=true remove_constant=false seed=1 batch_size=512
[2026-08-28 14:54:40,091][data.dataset][INFO] - dataset config path=/fssmall/home/h61084/codes/datasets/time/current_velocity_h_part17/config.json applied_keys=['date_col', 'drop_users', 'target_cols']
[2026-08-28 14:54:40,111][evaluation.evaluator][INFO] - evaluate dataset=time/current_velocity_h_part17 users=6 dates=2232 windows=24 removed_constant=0 L=504 H=168 stride=512
[2026-08-28 14:54:40,345][evaluation.evaluator][INFO] - artifacts ready run=/fslarge/scratch/users/h61084/codes/tsfm/outputs_selena/univariate/time-current_velocity_h_part17/504_168/expected/none/instance/keep/run_0 mse=18.7228 nmse=1.20511 inference_seconds=0.024
2026-08-28 14:54:43 | configuration dataset=time/current_velocity_h_part17 L=504 H=168 model=repeat covariates=none instance_norm=true remove_constant=false seed=1 batch_size=512
[2026-08-28 14:54:45,892][data.dataset][INFO] - dataset config path=/fssmall/home/h61084/codes/datasets/time/current_velocity_h_part17/config.json applied_keys=['date_col', 'drop_users', 'target_cols']
[2026-08-28 14:54:45,911][evaluation.evaluator][INFO] - evaluate dataset=time/current_velocity_h_part17 users=6 dates=2232 windows=24 removed_constant=0 L=504 H=168 stride=512
[2026-08-28 14:54:46,139][evaluation.evaluator][INFO] - artifacts ready run=/fslarge/scratch/users/h61084/codes/tsfm/outputs_selena/univariate/time-current_velocity_h_part17/504_168/repeat/none/instance/keep/run_0 mse=17.4564 nmse=1.57508 inference_seconds=0.020
2026-08-28 14:54:49 | configuration dataset=time/current_velocity_h_part17 L=504 H=168 model=lookback covariates=none instance_norm=true remove_constant=false seed=1 batch_size=512
[2026-08-28 14:54:51,721][data.dataset][INFO] - dataset config path=/fssmall/home/h61084/codes/datasets/time/current_velocity_h_part17/config.json applied_keys=['date_col', 'drop_users', 'target_cols']
[2026-08-28 14:54:51,730][evaluation.evaluator][INFO] - lookback weekly period=168 observations
[2026-08-28 14:54:51,741][evaluation.evaluator][INFO] - evaluate dataset=time/current_velocity_h_part17 users=6 dates=2232 windows=24 removed_constant=0 L=504 H=168 stride=512
[2026-08-28 14:54:51,975][evaluation.evaluator][INFO] - artifacts ready run=/fslarge/scratch/users/h61084/codes/tsfm/outputs_selena/univariate/time-current_velocity_h_part17/504_168/lookback/none/instance/keep/run_0 mse=17.4564 nmse=1.57508 inference_seconds=0.021
2026-08-28 14:54:54 | configuration dataset=time/current_velocity_h_part17 L=504 H=168 model=chronos2 covariates=none instance_norm=true remove_constant=false seed=1 batch_size=64
[2026-08-28 14:54:57,595][data.dataset][INFO] - dataset config path=/fssmall/home/h61084/codes/datasets/time/current_velocity_h_part17/config.json applied_keys=['date_col', 'drop_users', 'target_cols']
[2026-08-28 14:54:57,615][evaluation.evaluator][INFO] - evaluate dataset=time/current_velocity_h_part17 users=6 dates=2232 windows=24 removed_constant=0 L=504 H=168 stride=512
[2026-08-28 14:55:03,509][evaluation.evaluator][INFO] - artifacts ready run=/fslarge/scratch/users/h61084/codes/tsfm/outputs_selena/univariate/time-current_velocity_h_part17/504_168/chronos2/none/instance/keep/run_0 mse=11.5768 nmse=0.673702 inference_seconds=0.199
2026-08-28 14:55:06 | configuration dataset=time/current_velocity_h_part18 L=168 H=24 model=persistence covariates=none instance_norm=true remove_constant=false seed=1 batch_size=512
[2026-08-28 14:55:09,470][data.dataset][INFO] - dataset config path=/fssmall/home/h61084/codes/datasets/time/current_velocity_h_part18/config.json applied_keys=['date_col', 'drop_users', 'target_cols']
[2026-08-28 14:55:09,491][evaluation.evaluator][INFO] - evaluate dataset=time/current_velocity_h_part18 users=6 dates=2496 windows=30 removed_constant=0 L=168 H=24 stride=512
[2026-08-28 14:55:09,720][evaluation.evaluator][INFO] - artifacts ready run=/fslarge/scratch/users/h61084/codes/tsfm/outputs_selena/univariate/time-current_velocity_h_part18/168_24/persistence/none/instance/keep/run_0 mse=21.0372 nmse=1.53984 inference_seconds=0.025
2026-08-28 14:55:12 | configuration dataset=time/current_velocity_h_part18 L=168 H=24 model=expected covariates=none instance_norm=true remove_constant=false seed=1 batch_size=512
[2026-08-28 14:55:15,343][data.dataset][INFO] - dataset config path=/fssmall/home/h61084/codes/datasets/time/current_velocity_h_part18/config.json applied_keys=['date_col', 'drop_users', 'target_cols']
[2026-08-28 14:55:15,362][evaluation.evaluator][INFO] - evaluate dataset=time/current_velocity_h_part18 users=6 dates=2496 windows=30 removed_constant=0 L=168 H=24 stride=512
[2026-08-28 14:55:15,590][evaluation.evaluator][INFO] - artifacts ready run=/fslarge/scratch/users/h61084/codes/tsfm/outputs_selena/univariate/time-current_velocity_h_part18/168_24/expected/none/instance/keep/run_0 mse=18.2211 nmse=0.995946 inference_seconds=0.026
2026-08-28 14:55:18 | configuration dataset=time/current_velocity_h_part18 L=168 H=24 model=repeat covariates=none instance_norm=true remove_constant=false seed=1 batch_size=512
[2026-08-28 14:55:21,211][data.dataset][INFO] - dataset config path=/fssmall/home/h61084/codes/datasets/time/current_velocity_h_part18/config.json applied_keys=['date_col', 'drop_users', 'target_cols']
[2026-08-28 14:55:21,231][evaluation.evaluator][INFO] - evaluate dataset=time/current_velocity_h_part18 users=6 dates=2496 windows=30 removed_constant=0 L=168 H=24 stride=512
[2026-08-28 14:55:21,477][evaluation.evaluator][INFO] - artifacts ready run=/fslarge/scratch/users/h61084/codes/tsfm/outputs_selena/univariate/time-current_velocity_h_part18/168_24/repeat/none/instance/keep/run_0 mse=13.6665 nmse=1.14262 inference_seconds=0.020
2026-08-28 14:55:24 | configuration dataset=time/current_velocity_h_part18 L=168 H=24 model=lookback covariates=none instance_norm=true remove_constant=false seed=1 batch_size=512
[2026-08-28 14:55:27,128][data.dataset][INFO] - dataset config path=/fssmall/home/h61084/codes/datasets/time/current_velocity_h_part18/config.json applied_keys=['date_col', 'drop_users', 'target_cols']
[2026-08-28 14:55:27,137][evaluation.evaluator][INFO] - lookback weekly period=168 observations
[2026-08-28 14:55:27,148][evaluation.evaluator][INFO] - evaluate dataset=time/current_velocity_h_part18 users=6 dates=2496 windows=30 removed_constant=0 L=168 H=24 stride=512
[2026-08-28 14:55:27,381][evaluation.evaluator][INFO] - artifacts ready run=/fslarge/scratch/users/h61084/codes/tsfm/outputs_selena/univariate/time-current_velocity_h_part18/168_24/lookback/none/instance/keep/run_0 mse=18.7308 nmse=2.34506 inference_seconds=0.020
2026-08-28 14:55:30 | configuration dataset=time/current_velocity_h_part18 L=168 H=24 model=chronos2 covariates=none instance_norm=true remove_constant=false seed=1 batch_size=64
[2026-08-28 14:55:33,011][data.dataset][INFO] - dataset config path=/fssmall/home/h61084/codes/datasets/time/current_velocity_h_part18/config.json applied_keys=['date_col', 'drop_users', 'target_cols']
[2026-08-28 14:55:33,030][evaluation.evaluator][INFO] - evaluate dataset=time/current_velocity_h_part18 users=6 dates=2496 windows=30 removed_constant=0 L=168 H=24 stride=512
[2026-08-28 14:55:38,936][evaluation.evaluator][INFO] - artifacts ready run=/fslarge/scratch/users/h61084/codes/tsfm/outputs_selena/univariate/time-current_velocity_h_part18/168_24/chronos2/none/instance/keep/run_0 mse=6.86921 nmse=0.677123 inference_seconds=0.195
2026-08-28 14:55:42 | configuration dataset=time/current_velocity_h_part18 L=336 H=48 model=persistence covariates=none instance_norm=true remove_constant=false seed=1 batch_size=512
[2026-08-28 14:55:44,894][data.dataset][INFO] - dataset config path=/fssmall/home/h61084/codes/datasets/time/current_velocity_h_part18/config.json applied_keys=['date_col', 'drop_users', 'target_cols']
[2026-08-28 14:55:44,914][evaluation.evaluator][INFO] - evaluate dataset=time/current_velocity_h_part18 users=6 dates=2496 windows=30 removed_constant=0 L=336 H=48 stride=512
[2026-08-28 14:55:45,145][evaluation.evaluator][INFO] - artifacts ready run=/fslarge/scratch/users/h61084/codes/tsfm/outputs_selena/univariate/time-current_velocity_h_part18/336_48/persistence/none/instance/keep/run_0 mse=27.2187 nmse=1.56524 inference_seconds=0.025
2026-08-28 14:55:48 | configuration dataset=time/current_velocity_h_part18 L=336 H=48 model=expected covariates=none instance_norm=true remove_constant=false seed=1 batch_size=512
[2026-08-28 14:55:50,741][data.dataset][INFO] - dataset config path=/fssmall/home/h61084/codes/datasets/time/current_velocity_h_part18/config.json applied_keys=['date_col', 'drop_users', 'target_cols']
[2026-08-28 14:55:50,761][evaluation.evaluator][INFO] - evaluate dataset=time/current_velocity_h_part18 users=6 dates=2496 windows=30 removed_constant=0 L=336 H=48 stride=512
[2026-08-28 14:55:50,986][evaluation.evaluator][INFO] - artifacts ready run=/fslarge/scratch/users/h61084/codes/tsfm/outputs_selena/univariate/time-current_velocity_h_part18/336_48/expected/none/instance/keep/run_0 mse=15.4217 nmse=1.43348 inference_seconds=0.024
2026-08-28 14:55:53 | configuration dataset=time/current_velocity_h_part18 L=336 H=48 model=repeat covariates=none instance_norm=true remove_constant=false seed=1 batch_size=512
[2026-08-28 14:55:56,685][data.dataset][INFO] - dataset config path=/fssmall/home/h61084/codes/datasets/time/current_velocity_h_part18/config.json applied_keys=['date_col', 'drop_users', 'target_cols']
[2026-08-28 14:55:56,704][evaluation.evaluator][INFO] - evaluate dataset=time/current_velocity_h_part18 users=6 dates=2496 windows=30 removed_constant=0 L=336 H=48 stride=512
[2026-08-28 14:55:56,933][evaluation.evaluator][INFO] - artifacts ready run=/fslarge/scratch/users/h61084/codes/tsfm/outputs_selena/univariate/time-current_velocity_h_part18/336_48/repeat/none/instance/keep/run_0 mse=8.17845 nmse=1.79001 inference_seconds=0.021
2026-08-28 14:55:59 | configuration dataset=time/current_velocity_h_part18 L=336 H=48 model=lookback covariates=none instance_norm=true remove_constant=false seed=1 batch_size=512
[2026-08-28 14:56:02,624][data.dataset][INFO] - dataset config path=/fssmall/home/h61084/codes/datasets/time/current_velocity_h_part18/config.json applied_keys=['date_col', 'drop_users', 'target_cols']
[2026-08-28 14:56:02,632][evaluation.evaluator][INFO] - lookback weekly period=168 observations
[2026-08-28 14:56:02,644][evaluation.evaluator][INFO] - evaluate dataset=time/current_velocity_h_part18 users=6 dates=2496 windows=30 removed_constant=0 L=336 H=48 stride=512
[2026-08-28 14:56:02,873][evaluation.evaluator][INFO] - artifacts ready run=/fslarge/scratch/users/h61084/codes/tsfm/outputs_selena/univariate/time-current_velocity_h_part18/336_48/lookback/none/instance/keep/run_0 mse=11.5094 nmse=2.00922 inference_seconds=0.020
2026-08-28 14:56:05 | configuration dataset=time/current_velocity_h_part18 L=336 H=48 model=chronos2 covariates=none instance_norm=true remove_constant=false seed=1 batch_size=64
[2026-08-28 14:56:08,509][data.dataset][INFO] - dataset config path=/fssmall/home/h61084/codes/datasets/time/current_velocity_h_part18/config.json applied_keys=['date_col', 'drop_users', 'target_cols']
[2026-08-28 14:56:08,528][evaluation.evaluator][INFO] - evaluate dataset=time/current_velocity_h_part18 users=6 dates=2496 windows=30 removed_constant=0 L=336 H=48 stride=512
[2026-08-28 14:56:14,423][evaluation.evaluator][INFO] - artifacts ready run=/fslarge/scratch/users/h61084/codes/tsfm/outputs_selena/univariate/time-current_velocity_h_part18/336_48/chronos2/none/instance/keep/run_0 mse=4.72017 nmse=0.757023 inference_seconds=0.196
2026-08-28 14:56:17 | configuration dataset=time/current_velocity_h_part18 L=504 H=168 model=persistence covariates=none instance_norm=true remove_constant=false seed=1 batch_size=512
[2026-08-28 14:56:20,445][data.dataset][INFO] - dataset config path=/fssmall/home/h61084/codes/datasets/time/current_velocity_h_part18/config.json applied_keys=['date_col', 'drop_users', 'target_cols']
[2026-08-28 14:56:20,465][evaluation.evaluator][INFO] - evaluate dataset=time/current_velocity_h_part18 users=6 dates=2496 windows=24 removed_constant=0 L=504 H=168 stride=512
[2026-08-28 14:56:20,701][evaluation.evaluator][INFO] - artifacts ready run=/fslarge/scratch/users/h61084/codes/tsfm/outputs_selena/univariate/time-current_velocity_h_part18/504_168/persistence/none/instance/keep/run_0 mse=33.3443 nmse=4.19408 inference_seconds=0.026
2026-08-28 14:56:23 | configuration dataset=time/current_velocity_h_part18 L=504 H=168 model=expected covariates=none instance_norm=true remove_constant=false seed=1 batch_size=512
[2026-08-28 14:56:26,382][data.dataset][INFO] - dataset config path=/fssmall/home/h61084/codes/datasets/time/current_velocity_h_part18/config.json applied_keys=['date_col', 'drop_users', 'target_cols']
[2026-08-28 14:56:26,401][evaluation.evaluator][INFO] - evaluate dataset=time/current_velocity_h_part18 users=6 dates=2496 windows=24 removed_constant=0 L=504 H=168 stride=512
[2026-08-28 14:56:26,628][evaluation.evaluator][INFO] - artifacts ready run=/fslarge/scratch/users/h61084/codes/tsfm/outputs_selena/univariate/time-current_velocity_h_part18/504_168/expected/none/instance/keep/run_0 mse=23.3134 nmse=2.2968 inference_seconds=0.025
2026-08-28 14:56:29 | configuration dataset=time/current_velocity_h_part18 L=504 H=168 model=repeat covariates=none instance_norm=true remove_constant=false seed=1 batch_size=512
[2026-08-28 14:56:32,226][data.dataset][INFO] - dataset config path=/fssmall/home/h61084/codes/datasets/time/current_velocity_h_part18/config.json applied_keys=['date_col', 'drop_users', 'target_cols']
[2026-08-28 14:56:32,245][evaluation.evaluator][INFO] - evaluate dataset=time/current_velocity_h_part18 users=6 dates=2496 windows=24 removed_constant=0 L=504 H=168 stride=512
[2026-08-28 14:56:32,474][evaluation.evaluator][INFO] - artifacts ready run=/fslarge/scratch/users/h61084/codes/tsfm/outputs_selena/univariate/time-current_velocity_h_part18/504_168/repeat/none/instance/keep/run_0 mse=23.0724 nmse=2.68365 inference_seconds=0.020
2026-08-28 14:56:35 | configuration dataset=time/current_velocity_h_part18 L=504 H=168 model=lookback covariates=none instance_norm=true remove_constant=false seed=1 batch_size=512
[2026-08-28 14:56:38,142][data.dataset][INFO] - dataset config path=/fssmall/home/h61084/codes/datasets/time/current_velocity_h_part18/config.json applied_keys=['date_col', 'drop_users', 'target_cols']
[2026-08-28 14:56:38,151][evaluation.evaluator][INFO] - lookback weekly period=168 observations
[2026-08-28 14:56:38,162][evaluation.evaluator][INFO] - evaluate dataset=time/current_velocity_h_part18 users=6 dates=2496 windows=24 removed_constant=0 L=504 H=168 stride=512
[2026-08-28 14:56:38,387][evaluation.evaluator][INFO] - artifacts ready run=/fslarge/scratch/users/h61084/codes/tsfm/outputs_selena/univariate/time-current_velocity_h_part18/504_168/lookback/none/instance/keep/run_0 mse=23.0724 nmse=2.68365 inference_seconds=0.020
2026-08-28 14:56:41 | configuration dataset=time/current_velocity_h_part18 L=504 H=168 model=chronos2 covariates=none instance_norm=true remove_constant=false seed=1 batch_size=64
[2026-08-28 14:56:44,032][data.dataset][INFO] - dataset config path=/fssmall/home/h61084/codes/datasets/time/current_velocity_h_part18/config.json applied_keys=['date_col', 'drop_users', 'target_cols']
[2026-08-28 14:56:44,052][evaluation.evaluator][INFO] - evaluate dataset=time/current_velocity_h_part18 users=6 dates=2496 windows=24 removed_constant=0 L=504 H=168 stride=512
[2026-08-28 14:56:49,970][evaluation.evaluator][INFO] - artifacts ready run=/fslarge/scratch/users/h61084/codes/tsfm/outputs_selena/univariate/time-current_velocity_h_part18/504_168/chronos2/none/instance/keep/run_0 mse=20.23 nmse=2.24827 inference_seconds=0.196
2026-08-28 14:56:53 | configuration dataset=time/current_velocity_h_part19 L=168 H=24 model=persistence covariates=none instance_norm=true remove_constant=false seed=1 batch_size=512
[2026-08-28 14:56:55,964][data.dataset][INFO] - dataset config path=/fssmall/home/h61084/codes/datasets/time/current_velocity_h_part19/config.json applied_keys=['date_col', 'drop_users', 'target_cols']
[2026-08-28 14:56:55,984][evaluation.evaluator][INFO] - evaluate dataset=time/current_velocity_h_part19 users=6 dates=2379 windows=30 removed_constant=0 L=168 H=24 stride=512
[2026-08-28 14:56:56,221][evaluation.evaluator][INFO] - artifacts ready run=/fslarge/scratch/users/h61084/codes/tsfm/outputs_selena/univariate/time-current_velocity_h_part19/168_24/persistence/none/instance/keep/run_0 mse=6.10017 nmse=1.25643 inference_seconds=0.025
2026-08-28 14:56:59 | configuration dataset=time/current_velocity_h_part19 L=168 H=24 model=expected covariates=none instance_norm=true remove_constant=false seed=1 batch_size=512
[2026-08-28 14:57:01,927][data.dataset][INFO] - dataset config path=/fssmall/home/h61084/codes/datasets/time/current_velocity_h_part19/config.json applied_keys=['date_col', 'drop_users', 'target_cols']
[2026-08-28 14:57:01,947][evaluation.evaluator][INFO] - evaluate dataset=time/current_velocity_h_part19 users=6 dates=2379 windows=30 removed_constant=0 L=168 H=24 stride=512
[2026-08-28 14:57:02,180][evaluation.evaluator][INFO] - artifacts ready run=/fslarge/scratch/users/h61084/codes/tsfm/outputs_selena/univariate/time-current_velocity_h_part19/168_24/expected/none/instance/keep/run_0 mse=6.28261 nmse=1.13402 inference_seconds=0.025
2026-08-28 14:57:05 | configuration dataset=time/current_velocity_h_part19 L=168 H=24 model=repeat covariates=none instance_norm=true remove_constant=false seed=1 batch_size=512
[2026-08-28 14:57:07,832][data.dataset][INFO] - dataset config path=/fssmall/home/h61084/codes/datasets/time/current_velocity_h_part19/config.json applied_keys=['date_col', 'drop_users', 'target_cols']
[2026-08-28 14:57:07,852][evaluation.evaluator][INFO] - evaluate dataset=time/current_velocity_h_part19 users=6 dates=2379 windows=30 removed_constant=0 L=168 H=24 stride=512
[2026-08-28 14:57:08,084][evaluation.evaluator][INFO] - artifacts ready run=/fslarge/scratch/users/h61084/codes/tsfm/outputs_selena/univariate/time-current_velocity_h_part19/168_24/repeat/none/instance/keep/run_0 mse=14.423 nmse=1.12433 inference_seconds=0.020
2026-08-28 14:57:11 | configuration dataset=time/current_velocity_h_part19 L=168 H=24 model=lookback covariates=none instance_norm=true remove_constant=false seed=1 batch_size=512
[2026-08-28 14:57:13,741][data.dataset][INFO] - dataset config path=/fssmall/home/h61084/codes/datasets/time/current_velocity_h_part19/config.json applied_keys=['date_col', 'drop_users', 'target_cols']
[2026-08-28 14:57:13,750][evaluation.evaluator][INFO] - lookback weekly period=168 observations
[2026-08-28 14:57:13,761][evaluation.evaluator][INFO] - evaluate dataset=time/current_velocity_h_part19 users=6 dates=2379 windows=30 removed_constant=0 L=168 H=24 stride=512
[2026-08-28 14:57:13,982][evaluation.evaluator][INFO] - artifacts ready run=/fslarge/scratch/users/h61084/codes/tsfm/outputs_selena/univariate/time-current_velocity_h_part19/168_24/lookback/none/instance/keep/run_0 mse=32.9534 nmse=2.15814 inference_seconds=0.021
2026-08-28 14:57:16 | configuration dataset=time/current_velocity_h_part19 L=168 H=24 model=chronos2 covariates=none instance_norm=true remove_constant=false seed=1 batch_size=64
[2026-08-28 14:57:19,684][data.dataset][INFO] - dataset config path=/fssmall/home/h61084/codes/datasets/time/current_velocity_h_part19/config.json applied_keys=['date_col', 'drop_users', 'target_cols']
[2026-08-28 14:57:19,704][evaluation.evaluator][INFO] - evaluate dataset=time/current_velocity_h_part19 users=6 dates=2379 windows=30 removed_constant=0 L=168 H=24 stride=512
[2026-08-28 14:57:25,602][evaluation.evaluator][INFO] - artifacts ready run=/fslarge/scratch/users/h61084/codes/tsfm/outputs_selena/univariate/time-current_velocity_h_part19/168_24/chronos2/none/instance/keep/run_0 mse=4.5505 nmse=0.58861 inference_seconds=0.204
2026-08-28 14:57:28 | configuration dataset=time/current_velocity_h_part19 L=336 H=48 model=persistence covariates=none instance_norm=true remove_constant=false seed=1 batch_size=512
[2026-08-28 14:57:31,671][data.dataset][INFO] - dataset config path=/fssmall/home/h61084/codes/datasets/time/current_velocity_h_part19/config.json applied_keys=['date_col', 'drop_users', 'target_cols']
[2026-08-28 14:57:31,691][evaluation.evaluator][INFO] - evaluate dataset=time/current_velocity_h_part19 users=6 dates=2379 windows=24 removed_constant=0 L=336 H=48 stride=512
[2026-08-28 14:57:31,921][evaluation.evaluator][INFO] - artifacts ready run=/fslarge/scratch/users/h61084/codes/tsfm/outputs_selena/univariate/time-current_velocity_h_part19/336_48/persistence/none/instance/keep/run_0 mse=32.3593 nmse=1.86911 inference_seconds=0.025
2026-08-28 14:57:34 | configuration dataset=time/current_velocity_h_part19 L=336 H=48 model=expected covariates=none instance_norm=true remove_constant=false seed=1 batch_size=512
[2026-08-28 14:57:37,612][data.dataset][INFO] - dataset config path=/fssmall/home/h61084/codes/datasets/time/current_velocity_h_part19/config.json applied_keys=['date_col', 'drop_users', 'target_cols']
[2026-08-28 14:57:37,632][evaluation.evaluator][INFO] - evaluate dataset=time/current_velocity_h_part19 users=6 dates=2379 windows=24 removed_constant=0 L=336 H=48 stride=512
[2026-08-28 14:57:37,882][evaluation.evaluator][INFO] - artifacts ready run=/fslarge/scratch/users/h61084/codes/tsfm/outputs_selena/univariate/time-current_velocity_h_part19/336_48/expected/none/instance/keep/run_0 mse=29.9129 nmse=2.05417 inference_seconds=0.025
2026-08-28 14:57:40 | configuration dataset=time/current_velocity_h_part19 L=336 H=48 model=repeat covariates=none instance_norm=true remove_constant=false seed=1 batch_size=512
[2026-08-28 14:57:43,558][data.dataset][INFO] - dataset config path=/fssmall/home/h61084/codes/datasets/time/current_velocity_h_part19/config.json applied_keys=['date_col', 'drop_users', 'target_cols']
[2026-08-28 14:57:43,577][evaluation.evaluator][INFO] - evaluate dataset=time/current_velocity_h_part19 users=6 dates=2379 windows=24 removed_constant=0 L=336 H=48 stride=512
[2026-08-28 14:57:43,800][evaluation.evaluator][INFO] - artifacts ready run=/fslarge/scratch/users/h61084/codes/tsfm/outputs_selena/univariate/time-current_velocity_h_part19/336_48/repeat/none/instance/keep/run_0 mse=11.8641 nmse=1.2772 inference_seconds=0.020
2026-08-28 14:57:46 | configuration dataset=time/current_velocity_h_part19 L=336 H=48 model=lookback covariates=none instance_norm=true remove_constant=false seed=1 batch_size=512
[2026-08-28 14:57:49,445][data.dataset][INFO] - dataset config path=/fssmall/home/h61084/codes/datasets/time/current_velocity_h_part19/config.json applied_keys=['date_col', 'drop_users', 'target_cols']
[2026-08-28 14:57:49,454][evaluation.evaluator][INFO] - lookback weekly period=168 observations
[2026-08-28 14:57:49,465][evaluation.evaluator][INFO] - evaluate dataset=time/current_velocity_h_part19 users=6 dates=2379 windows=24 removed_constant=0 L=336 H=48 stride=512
[2026-08-28 14:57:49,694][evaluation.evaluator][INFO] - artifacts ready run=/fslarge/scratch/users/h61084/codes/tsfm/outputs_selena/univariate/time-current_velocity_h_part19/336_48/lookback/none/instance/keep/run_0 mse=50.22 nmse=3.50443 inference_seconds=0.020
2026-08-28 14:57:52 | configuration dataset=time/current_velocity_h_part19 L=336 H=48 model=chronos2 covariates=none instance_norm=true remove_constant=false seed=1 batch_size=64
[2026-08-28 14:57:55,398][data.dataset][INFO] - dataset config path=/fssmall/home/h61084/codes/datasets/time/current_velocity_h_part19/config.json applied_keys=['date_col', 'drop_users', 'target_cols']
[2026-08-28 14:57:55,418][evaluation.evaluator][INFO] - evaluate dataset=time/current_velocity_h_part19 users=6 dates=2379 windows=24 removed_constant=0 L=336 H=48 stride=512
[2026-08-28 14:58:01,339][evaluation.evaluator][INFO] - artifacts ready run=/fslarge/scratch/users/h61084/codes/tsfm/outputs_selena/univariate/time-current_velocity_h_part19/336_48/chronos2/none/instance/keep/run_0 mse=13.4613 nmse=0.967078 inference_seconds=0.196
2026-08-28 14:58:04 | configuration dataset=time/current_velocity_h_part19 L=504 H=168 model=persistence covariates=none instance_norm=true remove_constant=false seed=1 batch_size=512
[2026-08-28 14:58:07,375][data.dataset][INFO] - dataset config path=/fssmall/home/h61084/codes/datasets/time/current_velocity_h_part19/config.json applied_keys=['date_col', 'drop_users', 'target_cols']
[2026-08-28 14:58:07,395][evaluation.evaluator][INFO] - evaluate dataset=time/current_velocity_h_part19 users=6 dates=2379 windows=24 removed_constant=0 L=504 H=168 stride=512
[2026-08-28 14:58:07,631][evaluation.evaluator][INFO] - artifacts ready run=/fslarge/scratch/users/h61084/codes/tsfm/outputs_selena/univariate/time-current_velocity_h_part19/504_168/persistence/none/instance/keep/run_0 mse=19.9891 nmse=1.91886 inference_seconds=0.025
2026-08-28 14:58:10 | configuration dataset=time/current_velocity_h_part19 L=504 H=168 model=expected covariates=none instance_norm=true remove_constant=false seed=1 batch_size=512
[2026-08-28 14:58:13,343][data.dataset][INFO] - dataset config path=/fssmall/home/h61084/codes/datasets/time/current_velocity_h_part19/config.json applied_keys=['date_col', 'drop_users', 'target_cols']
[2026-08-28 14:58:13,362][evaluation.evaluator][INFO] - evaluate dataset=time/current_velocity_h_part19 users=6 dates=2379 windows=24 removed_constant=0 L=504 H=168 stride=512
[2026-08-28 14:58:13,596][evaluation.evaluator][INFO] - artifacts ready run=/fslarge/scratch/users/h61084/codes/tsfm/outputs_selena/univariate/time-current_velocity_h_part19/504_168/expected/none/instance/keep/run_0 mse=29.8806 nmse=1.6401 inference_seconds=0.025
2026-08-28 14:58:16 | configuration dataset=time/current_velocity_h_part19 L=504 H=168 model=repeat covariates=none instance_norm=true remove_constant=false seed=1 batch_size=512
[2026-08-28 14:58:19,251][data.dataset][INFO] - dataset config path=/fssmall/home/h61084/codes/datasets/time/current_velocity_h_part19/config.json applied_keys=['date_col', 'drop_users', 'target_cols']
[2026-08-28 14:58:19,270][evaluation.evaluator][INFO] - evaluate dataset=time/current_velocity_h_part19 users=6 dates=2379 windows=24 removed_constant=0 L=504 H=168 stride=512
[2026-08-28 14:58:19,500][evaluation.evaluator][INFO] - artifacts ready run=/fslarge/scratch/users/h61084/codes/tsfm/outputs_selena/univariate/time-current_velocity_h_part19/504_168/repeat/none/instance/keep/run_0 mse=46.86 nmse=2.91234 inference_seconds=0.020
2026-08-28 14:58:22 | configuration dataset=time/current_velocity_h_part19 L=504 H=168 model=lookback covariates=none instance_norm=true remove_constant=false seed=1 batch_size=512
[2026-08-28 14:58:25,166][data.dataset][INFO] - dataset config path=/fssmall/home/h61084/codes/datasets/time/current_velocity_h_part19/config.json applied_keys=['date_col', 'drop_users', 'target_cols']
[2026-08-28 14:58:25,174][evaluation.evaluator][INFO] - lookback weekly period=168 observations
[2026-08-28 14:58:25,186][evaluation.evaluator][INFO] - evaluate dataset=time/current_velocity_h_part19 users=6 dates=2379 windows=24 removed_constant=0 L=504 H=168 stride=512
[2026-08-28 14:58:25,420][evaluation.evaluator][INFO] - artifacts ready run=/fslarge/scratch/users/h61084/codes/tsfm/outputs_selena/univariate/time-current_velocity_h_part19/504_168/lookback/none/instance/keep/run_0 mse=46.86 nmse=2.91234 inference_seconds=0.020
2026-08-28 14:58:28 | configuration dataset=time/current_velocity_h_part19 L=504 H=168 model=chronos2 covariates=none instance_norm=true remove_constant=false seed=1 batch_size=64
[2026-08-28 14:58:31,104][data.dataset][INFO] - dataset config path=/fssmall/home/h61084/codes/datasets/time/current_velocity_h_part19/config.json applied_keys=['date_col', 'drop_users', 'target_cols']
[2026-08-28 14:58:31,123][evaluation.evaluator][INFO] - evaluate dataset=time/current_velocity_h_part19 users=6 dates=2379 windows=24 removed_constant=0 L=504 H=168 stride=512
[2026-08-28 14:58:37,027][evaluation.evaluator][INFO] - artifacts ready run=/fslarge/scratch/users/h61084/codes/tsfm/outputs_selena/univariate/time-current_velocity_h_part19/504_168/chronos2/none/instance/keep/run_0 mse=14.4198 nmse=1.33744 inference_seconds=0.197
2026-08-28 14:58:40 | configuration dataset=time/current_velocity_h_part20 L=168 H=24 model=persistence covariates=none instance_norm=true remove_constant=false seed=1 batch_size=512
[2026-08-28 14:58:43,091][data.dataset][INFO] - dataset config path=/fssmall/home/h61084/codes/datasets/time/current_velocity_h_part20/config.json applied_keys=['date_col', 'drop_users', 'target_cols']
[2026-08-28 14:58:43,116][evaluation.evaluator][INFO] - evaluate dataset=time/current_velocity_h_part20 users=6 dates=5587 windows=66 removed_constant=0 L=168 H=24 stride=512
[2026-08-28 14:58:43,342][evaluation.evaluator][INFO] - artifacts ready run=/fslarge/scratch/users/h61084/codes/tsfm/outputs_selena/univariate/time-current_velocity_h_part20/168_24/persistence/none/instance/keep/run_0 mse=19.1895 nmse=1.5942 inference_seconds=0.024
2026-08-28 14:58:46 | configuration dataset=time/current_velocity_h_part20 L=168 H=24 model=expected covariates=none instance_norm=true remove_constant=false seed=1 batch_size=512
[2026-08-28 14:58:49,045][data.dataset][INFO] - dataset config path=/fssmall/home/h61084/codes/datasets/time/current_velocity_h_part20/config.json applied_keys=['date_col', 'drop_users', 'target_cols']
[2026-08-28 14:58:49,068][evaluation.evaluator][INFO] - evaluate dataset=time/current_velocity_h_part20 users=6 dates=5587 windows=66 removed_constant=0 L=168 H=24 stride=512
[2026-08-28 14:58:49,299][evaluation.evaluator][INFO] - artifacts ready run=/fslarge/scratch/users/h61084/codes/tsfm/outputs_selena/univariate/time-current_velocity_h_part20/168_24/expected/none/instance/keep/run_0 mse=11.1037 nmse=1.11338 inference_seconds=0.024
2026-08-28 14:58:52 | configuration dataset=time/current_velocity_h_part20 L=168 H=24 model=repeat covariates=none instance_norm=true remove_constant=false seed=1 batch_size=512
[2026-08-28 14:58:55,013][data.dataset][INFO] - dataset config path=/fssmall/home/h61084/codes/datasets/time/current_velocity_h_part20/config.json applied_keys=['date_col', 'drop_users', 'target_cols']
[2026-08-28 14:58:55,036][evaluation.evaluator][INFO] - evaluate dataset=time/current_velocity_h_part20 users=6 dates=5587 windows=66 removed_constant=0 L=168 H=24 stride=512
[2026-08-28 14:58:55,263][evaluation.evaluator][INFO] - artifacts ready run=/fslarge/scratch/users/h61084/codes/tsfm/outputs_selena/univariate/time-current_velocity_h_part20/168_24/repeat/none/instance/keep/run_0 mse=6.88953 nmse=1.17005 inference_seconds=0.020
2026-08-28 14:58:58 | configuration dataset=time/current_velocity_h_part20 L=168 H=24 model=lookback covariates=none instance_norm=true remove_constant=false seed=1 batch_size=512
[2026-08-28 14:59:00,925][data.dataset][INFO] - dataset config path=/fssmall/home/h61084/codes/datasets/time/current_velocity_h_part20/config.json applied_keys=['date_col', 'drop_users', 'target_cols']
[2026-08-28 14:59:00,935][evaluation.evaluator][INFO] - lookback weekly period=168 observations
[2026-08-28 14:59:00,947][evaluation.evaluator][INFO] - evaluate dataset=time/current_velocity_h_part20 users=6 dates=5587 windows=66 removed_constant=0 L=168 H=24 stride=512
[2026-08-28 14:59:01,179][evaluation.evaluator][INFO] - artifacts ready run=/fslarge/scratch/users/h61084/codes/tsfm/outputs_selena/univariate/time-current_velocity_h_part20/168_24/lookback/none/instance/keep/run_0 mse=15.2528 nmse=1.94572 inference_seconds=0.020
2026-08-28 14:59:04 | configuration dataset=time/current_velocity_h_part20 L=168 H=24 model=chronos2 covariates=none instance_norm=true remove_constant=false seed=1 batch_size=64
[2026-08-28 14:59:06,913][data.dataset][INFO] - dataset config path=/fssmall/home/h61084/codes/datasets/time/current_velocity_h_part20/config.json applied_keys=['date_col', 'drop_users', 'target_cols']
[2026-08-28 14:59:06,936][evaluation.evaluator][INFO] - evaluate dataset=time/current_velocity_h_part20 users=6 dates=5587 windows=66 removed_constant=0 L=168 H=24 stride=512
[2026-08-28 14:59:12,872][evaluation.evaluator][INFO] - artifacts ready run=/fslarge/scratch/users/h61084/codes/tsfm/outputs_selena/univariate/time-current_velocity_h_part20/168_24/chronos2/none/instance/keep/run_0 mse=5.79077 nmse=0.829215 inference_seconds=0.223
2026-08-28 14:59:16 | configuration dataset=time/current_velocity_h_part20 L=336 H=48 model=persistence covariates=none instance_norm=true remove_constant=false seed=1 batch_size=512
[2026-08-28 14:59:18,937][data.dataset][INFO] - dataset config path=/fssmall/home/h61084/codes/datasets/time/current_velocity_h_part20/config.json applied_keys=['date_col', 'drop_users', 'target_cols']
[2026-08-28 14:59:18,960][evaluation.evaluator][INFO] - evaluate dataset=time/current_velocity_h_part20 users=6 dates=5587 windows=66 removed_constant=0 L=336 H=48 stride=512
[2026-08-28 14:59:19,188][evaluation.evaluator][INFO] - artifacts ready run=/fslarge/scratch/users/h61084/codes/tsfm/outputs_selena/univariate/time-current_velocity_h_part20/336_48/persistence/none/instance/keep/run_0 mse=29.1841 nmse=2.44121 inference_seconds=0.024
2026-08-28 14:59:22 | configuration dataset=time/current_velocity_h_part20 L=336 H=48 model=expected covariates=none instance_norm=true remove_constant=false seed=1 batch_size=512
[2026-08-28 14:59:24,913][data.dataset][INFO] - dataset config path=/fssmall/home/h61084/codes/datasets/time/current_velocity_h_part20/config.json applied_keys=['date_col', 'drop_users', 'target_cols']
[2026-08-28 14:59:24,935][evaluation.evaluator][INFO] - evaluate dataset=time/current_velocity_h_part20 users=6 dates=5587 windows=66 removed_constant=0 L=336 H=48 stride=512
[2026-08-28 14:59:25,177][evaluation.evaluator][INFO] - artifacts ready run=/fslarge/scratch/users/h61084/codes/tsfm/outputs_selena/univariate/time-current_velocity_h_part20/336_48/expected/none/instance/keep/run_0 mse=19.5458 nmse=1.6775 inference_seconds=0.025
2026-08-28 14:59:28 | configuration dataset=time/current_velocity_h_part20 L=336 H=48 model=repeat covariates=none instance_norm=true remove_constant=false seed=1 batch_size=512
[2026-08-28 14:59:31,026][data.dataset][INFO] - dataset config path=/fssmall/home/h61084/codes/datasets/time/current_velocity_h_part20/config.json applied_keys=['date_col', 'drop_users', 'target_cols']
[2026-08-28 14:59:31,049][evaluation.evaluator][INFO] - evaluate dataset=time/current_velocity_h_part20 users=6 dates=5587 windows=66 removed_constant=0 L=336 H=48 stride=512
[2026-08-28 14:59:31,276][evaluation.evaluator][INFO] - artifacts ready run=/fslarge/scratch/users/h61084/codes/tsfm/outputs_selena/univariate/time-current_velocity_h_part20/336_48/repeat/none/instance/keep/run_0 mse=17.3763 nmse=1.88291 inference_seconds=0.020
2026-08-28 14:59:34 | configuration dataset=time/current_velocity_h_part20 L=336 H=48 model=lookback covariates=none instance_norm=true remove_constant=false seed=1 batch_size=512
[2026-08-28 14:59:37,005][data.dataset][INFO] - dataset config path=/fssmall/home/h61084/codes/datasets/time/current_velocity_h_part20/config.json applied_keys=['date_col', 'drop_users', 'target_cols']
[2026-08-28 14:59:37,016][evaluation.evaluator][INFO] - lookback weekly period=168 observations
[2026-08-28 14:59:37,029][evaluation.evaluator][INFO] - evaluate dataset=time/current_velocity_h_part20 users=6 dates=5587 windows=66 removed_constant=0 L=336 H=48 stride=512
[2026-08-28 14:59:37,267][evaluation.evaluator][INFO] - artifacts ready run=/fslarge/scratch/users/h61084/codes/tsfm/outputs_selena/univariate/time-current_velocity_h_part20/336_48/lookback/none/instance/keep/run_0 mse=26.2591 nmse=2.50539 inference_seconds=0.021
2026-08-28 14:59:40 | configuration dataset=time/current_velocity_h_part20 L=336 H=48 model=chronos2 covariates=none instance_norm=true remove_constant=false seed=1 batch_size=64
[2026-08-28 14:59:43,030][data.dataset][INFO] - dataset config path=/fssmall/home/h61084/codes/datasets/time/current_velocity_h_part20/config.json applied_keys=['date_col', 'drop_users', 'target_cols']
[2026-08-28 14:59:43,053][evaluation.evaluator][INFO] - evaluate dataset=time/current_velocity_h_part20 users=6 dates=5587 windows=66 removed_constant=0 L=336 H=48 stride=512
[2026-08-28 14:59:48,992][evaluation.evaluator][INFO] - artifacts ready run=/fslarge/scratch/users/h61084/codes/tsfm/outputs_selena/univariate/time-current_velocity_h_part20/336_48/chronos2/none/instance/keep/run_0 mse=12.7127 nmse=1.419 inference_seconds=0.229
2026-08-28 14:59:52 | configuration dataset=time/current_velocity_h_part20 L=504 H=168 model=persistence covariates=none instance_norm=true remove_constant=false seed=1 batch_size=512
[2026-08-28 14:59:55,081][data.dataset][INFO] - dataset config path=/fssmall/home/h61084/codes/datasets/time/current_velocity_h_part20/config.json applied_keys=['date_col', 'drop_users', 'target_cols']
[2026-08-28 14:59:55,103][evaluation.evaluator][INFO] - evaluate dataset=time/current_velocity_h_part20 users=6 dates=5587 windows=60 removed_constant=0 L=504 H=168 stride=512
[2026-08-28 14:59:55,331][evaluation.evaluator][INFO] - artifacts ready run=/fslarge/scratch/users/h61084/codes/tsfm/outputs_selena/univariate/time-current_velocity_h_part20/504_168/persistence/none/instance/keep/run_0 mse=29.8573 nmse=2.11167 inference_seconds=0.025
2026-08-28 14:59:58 | configuration dataset=time/current_velocity_h_part20 L=504 H=168 model=expected covariates=none instance_norm=true remove_constant=false seed=1 batch_size=512
[2026-08-28 15:00:01,037][data.dataset][INFO] - dataset config path=/fssmall/home/h61084/codes/datasets/time/current_velocity_h_part20/config.json applied_keys=['date_col', 'drop_users', 'target_cols']
[2026-08-28 15:00:01,060][evaluation.evaluator][INFO] - evaluate dataset=time/current_velocity_h_part20 users=6 dates=5587 windows=60 removed_constant=0 L=504 H=168 stride=512
[2026-08-28 15:00:01,292][evaluation.evaluator][INFO] - artifacts ready run=/fslarge/scratch/users/h61084/codes/tsfm/outputs_selena/univariate/time-current_velocity_h_part20/504_168/expected/none/instance/keep/run_0 mse=16.0999 nmse=1.39884 inference_seconds=0.025
2026-08-28 15:00:04 | configuration dataset=time/current_velocity_h_part20 L=504 H=168 model=repeat covariates=none instance_norm=true remove_constant=false seed=1 batch_size=512
[2026-08-28 15:00:06,927][data.dataset][INFO] - dataset config path=/fssmall/home/h61084/codes/datasets/time/current_velocity_h_part20/config.json applied_keys=['date_col', 'drop_users', 'target_cols']
[2026-08-28 15:00:06,950][evaluation.evaluator][INFO] - evaluate dataset=time/current_velocity_h_part20 users=6 dates=5587 windows=60 removed_constant=0 L=504 H=168 stride=512
[2026-08-28 15:00:07,186][evaluation.evaluator][INFO] - artifacts ready run=/fslarge/scratch/users/h61084/codes/tsfm/outputs_selena/univariate/time-current_velocity_h_part20/504_168/repeat/none/instance/keep/run_0 mse=17.5798 nmse=2.14611 inference_seconds=0.020
2026-08-28 15:00:10 | configuration dataset=time/current_velocity_h_part20 L=504 H=168 model=lookback covariates=none instance_norm=true remove_constant=false seed=1 batch_size=512
[2026-08-28 15:00:12,936][data.dataset][INFO] - dataset config path=/fssmall/home/h61084/codes/datasets/time/current_velocity_h_part20/config.json applied_keys=['date_col', 'drop_users', 'target_cols']
[2026-08-28 15:00:12,947][evaluation.evaluator][INFO] - lookback weekly period=168 observations
[2026-08-28 15:00:12,959][evaluation.evaluator][INFO] - evaluate dataset=time/current_velocity_h_part20 users=6 dates=5587 windows=60 removed_constant=0 L=504 H=168 stride=512
[2026-08-28 15:00:13,182][evaluation.evaluator][INFO] - artifacts ready run=/fslarge/scratch/users/h61084/codes/tsfm/outputs_selena/univariate/time-current_velocity_h_part20/504_168/lookback/none/instance/keep/run_0 mse=17.5798 nmse=2.14611 inference_seconds=0.020
2026-08-28 15:00:16 | configuration dataset=time/current_velocity_h_part20 L=504 H=168 model=chronos2 covariates=none instance_norm=true remove_constant=false seed=1 batch_size=64
[2026-08-28 15:00:18,864][data.dataset][INFO] - dataset config path=/fssmall/home/h61084/codes/datasets/time/current_velocity_h_part20/config.json applied_keys=['date_col', 'drop_users', 'target_cols']
[2026-08-28 15:00:18,906][evaluation.evaluator][INFO] - evaluate dataset=time/current_velocity_h_part20 users=6 dates=5587 windows=60 removed_constant=0 L=504 H=168 stride=512
[2026-08-28 15:00:24,787][evaluation.evaluator][INFO] - artifacts ready run=/fslarge/scratch/users/h61084/codes/tsfm/outputs_selena/univariate/time-current_velocity_h_part20/504_168/chronos2/none/instance/keep/run_0 mse=9.92492 nmse=1.30789 inference_seconds=0.199
2026-08-28 15:00:28 | configuration dataset=time/current_velocity_h_part21 L=168 H=24 model=persistence covariates=none instance_norm=true remove_constant=false seed=1 batch_size=512
[2026-08-28 15:00:30,898][data.dataset][INFO] - dataset config path=/fssmall/home/h61084/codes/datasets/time/current_velocity_h_part21/config.json applied_keys=['date_col', 'drop_users', 'target_cols']
[2026-08-28 15:00:30,919][evaluation.evaluator][INFO] - evaluate dataset=time/current_velocity_h_part21 users=6 dates=2595 windows=30 removed_constant=0 L=168 H=24 stride=512
[2026-08-28 15:00:31,142][evaluation.evaluator][INFO] - artifacts ready run=/fslarge/scratch/users/h61084/codes/tsfm/outputs_selena/univariate/time-current_velocity_h_part21/168_24/persistence/none/instance/keep/run_0 mse=1.51561 nmse=1.82826 inference_seconds=0.024
2026-08-28 15:00:34 | configuration dataset=time/current_velocity_h_part21 L=168 H=24 model=expected covariates=none instance_norm=true remove_constant=false seed=1 batch_size=512
[2026-08-28 15:00:36,899][data.dataset][INFO] - dataset config path=/fssmall/home/h61084/codes/datasets/time/current_velocity_h_part21/config.json applied_keys=['date_col', 'drop_users', 'target_cols']
[2026-08-28 15:00:36,920][evaluation.evaluator][INFO] - evaluate dataset=time/current_velocity_h_part21 users=6 dates=2595 windows=30 removed_constant=0 L=168 H=24 stride=512
[2026-08-28 15:00:37,145][evaluation.evaluator][INFO] - artifacts ready run=/fslarge/scratch/users/h61084/codes/tsfm/outputs_selena/univariate/time-current_velocity_h_part21/168_24/expected/none/instance/keep/run_0 mse=0.569228 nmse=1.33084 inference_seconds=0.025
2026-08-28 15:00:40 | configuration dataset=time/current_velocity_h_part21 L=168 H=24 model=repeat covariates=none instance_norm=true remove_constant=false seed=1 batch_size=512
[2026-08-28 15:00:42,895][data.dataset][INFO] - dataset config path=/fssmall/home/h61084/codes/datasets/time/current_velocity_h_part21/config.json applied_keys=['date_col', 'drop_users', 'target_cols']
[2026-08-28 15:00:42,916][evaluation.evaluator][INFO] - evaluate dataset=time/current_velocity_h_part21 users=6 dates=2595 windows=30 removed_constant=0 L=168 H=24 stride=512
[2026-08-28 15:00:43,137][evaluation.evaluator][INFO] - artifacts ready run=/fslarge/scratch/users/h61084/codes/tsfm/outputs_selena/univariate/time-current_velocity_h_part21/168_24/repeat/none/instance/keep/run_0 mse=0.54822 nmse=1.46591 inference_seconds=0.020
2026-08-28 15:00:46 | configuration dataset=time/current_velocity_h_part21 L=168 H=24 model=lookback covariates=none instance_norm=true remove_constant=false seed=1 batch_size=512
[2026-08-28 15:00:48,874][data.dataset][INFO] - dataset config path=/fssmall/home/h61084/codes/datasets/time/current_velocity_h_part21/config.json applied_keys=['date_col', 'drop_users', 'target_cols']
[2026-08-28 15:00:48,884][evaluation.evaluator][INFO] - lookback weekly period=168 observations
[2026-08-28 15:00:48,895][evaluation.evaluator][INFO] - evaluate dataset=time/current_velocity_h_part21 users=6 dates=2595 windows=30 removed_constant=0 L=168 H=24 stride=512
[2026-08-28 15:00:49,111][evaluation.evaluator][INFO] - artifacts ready run=/fslarge/scratch/users/h61084/codes/tsfm/outputs_selena/univariate/time-current_velocity_h_part21/168_24/lookback/none/instance/keep/run_0 mse=0.547473 nmse=1.96968 inference_seconds=0.020
2026-08-28 15:00:52 | configuration dataset=time/current_velocity_h_part21 L=168 H=24 model=chronos2 covariates=none instance_norm=true remove_constant=false seed=1 batch_size=64
[2026-08-28 15:00:54,784][data.dataset][INFO] - dataset config path=/fssmall/home/h61084/codes/datasets/time/current_velocity_h_part21/config.json applied_keys=['date_col', 'drop_users', 'target_cols']
[2026-08-28 15:00:54,805][evaluation.evaluator][INFO] - evaluate dataset=time/current_velocity_h_part21 users=6 dates=2595 windows=30 removed_constant=0 L=168 H=24 stride=512
[2026-08-28 15:01:00,794][evaluation.evaluator][INFO] - artifacts ready run=/fslarge/scratch/users/h61084/codes/tsfm/outputs_selena/univariate/time-current_velocity_h_part21/168_24/chronos2/none/instance/keep/run_0 mse=0.443943 nmse=0.876986 inference_seconds=0.196
2026-08-28 15:01:04 | configuration dataset=time/current_velocity_h_part21 L=336 H=48 model=persistence covariates=none instance_norm=true remove_constant=false seed=1 batch_size=512
[2026-08-28 15:01:07,197][data.dataset][INFO] - dataset config path=/fssmall/home/h61084/codes/datasets/time/current_velocity_h_part21/config.json applied_keys=['date_col', 'drop_users', 'target_cols']
[2026-08-28 15:01:07,217][evaluation.evaluator][INFO] - evaluate dataset=time/current_velocity_h_part21 users=6 dates=2595 windows=30 removed_constant=0 L=336 H=48 stride=512
[2026-08-28 15:01:07,444][evaluation.evaluator][INFO] - artifacts ready run=/fslarge/scratch/users/h61084/codes/tsfm/outputs_selena/univariate/time-current_velocity_h_part21/336_48/persistence/none/instance/keep/run_0 mse=1.6974 nmse=1.7583 inference_seconds=0.025
2026-08-28 15:01:10 | configuration dataset=time/current_velocity_h_part21 L=336 H=48 model=expected covariates=none instance_norm=true remove_constant=false seed=1 batch_size=512
[2026-08-28 15:01:13,212][data.dataset][INFO] - dataset config path=/fssmall/home/h61084/codes/datasets/time/current_velocity_h_part21/config.json applied_keys=['date_col', 'drop_users', 'target_cols']
[2026-08-28 15:01:13,232][evaluation.evaluator][INFO] - evaluate dataset=time/current_velocity_h_part21 users=6 dates=2595 windows=30 removed_constant=0 L=336 H=48 stride=512
[2026-08-28 15:01:13,471][evaluation.evaluator][INFO] - artifacts ready run=/fslarge/scratch/users/h61084/codes/tsfm/outputs_selena/univariate/time-current_velocity_h_part21/336_48/expected/none/instance/keep/run_0 mse=0.595153 nmse=1.20868 inference_seconds=0.025
2026-08-28 15:01:16 | configuration dataset=time/current_velocity_h_part21 L=336 H=48 model=repeat covariates=none instance_norm=true remove_constant=false seed=1 batch_size=512
[2026-08-28 15:01:19,226][data.dataset][INFO] - dataset config path=/fssmall/home/h61084/codes/datasets/time/current_velocity_h_part21/config.json applied_keys=['date_col', 'drop_users', 'target_cols']
[2026-08-28 15:01:19,247][evaluation.evaluator][INFO] - evaluate dataset=time/current_velocity_h_part21 users=6 dates=2595 windows=30 removed_constant=0 L=336 H=48 stride=512
[2026-08-28 15:01:19,474][evaluation.evaluator][INFO] - artifacts ready run=/fslarge/scratch/users/h61084/codes/tsfm/outputs_selena/univariate/time-current_velocity_h_part21/336_48/repeat/none/instance/keep/run_0 mse=0.775612 nmse=1.41436 inference_seconds=0.020
2026-08-28 15:01:22 | configuration dataset=time/current_velocity_h_part21 L=336 H=48 model=lookback covariates=none instance_norm=true remove_constant=false seed=1 batch_size=512
[2026-08-28 15:01:25,236][data.dataset][INFO] - dataset config path=/fssmall/home/h61084/codes/datasets/time/current_velocity_h_part21/config.json applied_keys=['date_col', 'drop_users', 'target_cols']
[2026-08-28 15:01:25,246][evaluation.evaluator][INFO] - lookback weekly period=168 observations
[2026-08-28 15:01:25,258][evaluation.evaluator][INFO] - evaluate dataset=time/current_velocity_h_part21 users=6 dates=2595 windows=30 removed_constant=0 L=336 H=48 stride=512
[2026-08-28 15:01:25,480][evaluation.evaluator][INFO] - artifacts ready run=/fslarge/scratch/users/h61084/codes/tsfm/outputs_selena/univariate/time-current_velocity_h_part21/336_48/lookback/none/instance/keep/run_0 mse=0.865158 nmse=1.92422 inference_seconds=0.021
2026-08-28 15:01:28 | configuration dataset=time/current_velocity_h_part21 L=336 H=48 model=chronos2 covariates=none instance_norm=true remove_constant=false seed=1 batch_size=64
[2026-08-28 15:01:31,223][data.dataset][INFO] - dataset config path=/fssmall/home/h61084/codes/datasets/time/current_velocity_h_part21/config.json applied_keys=['date_col', 'drop_users', 'target_cols']
[2026-08-28 15:01:31,243][evaluation.evaluator][INFO] - evaluate dataset=time/current_velocity_h_part21 users=6 dates=2595 windows=30 removed_constant=0 L=336 H=48 stride=512
[2026-08-28 15:01:37,117][evaluation.evaluator][INFO] - artifacts ready run=/fslarge/scratch/users/h61084/codes/tsfm/outputs_selena/univariate/time-current_velocity_h_part21/336_48/chronos2/none/instance/keep/run_0 mse=0.438785 nmse=0.80409 inference_seconds=0.195
2026-08-28 15:01:40 | configuration dataset=time/current_velocity_h_part21 L=504 H=168 model=persistence covariates=none instance_norm=true remove_constant=false seed=1 batch_size=512
[2026-08-28 15:01:43,127][data.dataset][INFO] - dataset config path=/fssmall/home/h61084/codes/datasets/time/current_velocity_h_part21/config.json applied_keys=['date_col', 'drop_users', 'target_cols']
[2026-08-28 15:01:43,147][evaluation.evaluator][INFO] - evaluate dataset=time/current_velocity_h_part21 users=6 dates=2595 windows=24 removed_constant=0 L=504 H=168 stride=512
[2026-08-28 15:01:43,385][evaluation.evaluator][INFO] - artifacts ready run=/fslarge/scratch/users/h61084/codes/tsfm/outputs_selena/univariate/time-current_velocity_h_part21/504_168/persistence/none/instance/keep/run_0 mse=1.14531 nmse=1.72355 inference_seconds=0.024
2026-08-28 15:01:46 | configuration dataset=time/current_velocity_h_part21 L=504 H=168 model=expected covariates=none instance_norm=true remove_constant=false seed=1 batch_size=512
[2026-08-28 15:01:49,115][data.dataset][INFO] - dataset config path=/fssmall/home/h61084/codes/datasets/time/current_velocity_h_part21/config.json applied_keys=['date_col', 'drop_users', 'target_cols']
[2026-08-28 15:01:49,136][evaluation.evaluator][INFO] - evaluate dataset=time/current_velocity_h_part21 users=6 dates=2595 windows=24 removed_constant=0 L=504 H=168 stride=512
[2026-08-28 15:01:49,373][evaluation.evaluator][INFO] - artifacts ready run=/fslarge/scratch/users/h61084/codes/tsfm/outputs_selena/univariate/time-current_velocity_h_part21/504_168/expected/none/instance/keep/run_0 mse=0.72952 nmse=1.25157 inference_seconds=0.025
2026-08-28 15:01:52 | configuration dataset=time/current_velocity_h_part21 L=504 H=168 model=repeat covariates=none instance_norm=true remove_constant=false seed=1 batch_size=512
[2026-08-28 15:01:55,134][data.dataset][INFO] - dataset config path=/fssmall/home/h61084/codes/datasets/time/current_velocity_h_part21/config.json applied_keys=['date_col', 'drop_users', 'target_cols']
[2026-08-28 15:01:55,154][evaluation.evaluator][INFO] - evaluate dataset=time/current_velocity_h_part21 users=6 dates=2595 windows=24 removed_constant=0 L=504 H=168 stride=512
[2026-08-28 15:01:55,377][evaluation.evaluator][INFO] - artifacts ready run=/fslarge/scratch/users/h61084/codes/tsfm/outputs_selena/univariate/time-current_velocity_h_part21/504_168/repeat/none/instance/keep/run_0 mse=0.982614 nmse=1.92033 inference_seconds=0.020
2026-08-28 15:01:58 | configuration dataset=time/current_velocity_h_part21 L=504 H=168 model=lookback covariates=none instance_norm=true remove_constant=false seed=1 batch_size=512
[2026-08-28 15:02:01,140][data.dataset][INFO] - dataset config path=/fssmall/home/h61084/codes/datasets/time/current_velocity_h_part21/config.json applied_keys=['date_col', 'drop_users', 'target_cols']
[2026-08-28 15:02:01,149][evaluation.evaluator][INFO] - lookback weekly period=168 observations
[2026-08-28 15:02:01,161][evaluation.evaluator][INFO] - evaluate dataset=time/current_velocity_h_part21 users=6 dates=2595 windows=24 removed_constant=0 L=504 H=168 stride=512
[2026-08-28 15:02:01,384][evaluation.evaluator][INFO] - artifacts ready run=/fslarge/scratch/users/h61084/codes/tsfm/outputs_selena/univariate/time-current_velocity_h_part21/504_168/lookback/none/instance/keep/run_0 mse=0.982614 nmse=1.92033 inference_seconds=0.020
2026-08-28 15:02:04 | configuration dataset=time/current_velocity_h_part21 L=504 H=168 model=chronos2 covariates=none instance_norm=true remove_constant=false seed=1 batch_size=64
[2026-08-28 15:02:07,196][data.dataset][INFO] - dataset config path=/fssmall/home/h61084/codes/datasets/time/current_velocity_h_part21/config.json applied_keys=['date_col', 'drop_users', 'target_cols']
[2026-08-28 15:02:07,216][evaluation.evaluator][INFO] - evaluate dataset=time/current_velocity_h_part21 users=6 dates=2595 windows=24 removed_constant=0 L=504 H=168 stride=512
[2026-08-28 15:02:13,087][evaluation.evaluator][INFO] - artifacts ready run=/fslarge/scratch/users/h61084/codes/tsfm/outputs_selena/univariate/time-current_velocity_h_part21/504_168/chronos2/none/instance/keep/run_0 mse=0.706597 nmse=1.10725 inference_seconds=0.199
2026-08-28 15:02:16 | report family=univariate
