user_id,user_name,query_index,query_datetime,mse,mae,nmse,nmae,mase
0,port1016_raw__import,29,2019-01-30T00:00:00.000000,6321050.0,2062.16455078125,0.3796546757221222,0.5053858160972595,0.5131802558898926
1,port1016_raw__export,29,2019-01-30T00:00:00.000000,8808094.0,2525.53564453125,0.6196550130844116,0.6698653697967529,0.6312938928604126
2,port1035_raw__import,29,2019-01-30T00:00:00.000000,62059188.0,7383.09521484375,0.985826849937439,0.9305415153503418,0.8302683234214783
3,port1035_raw__export,29,2019-01-30T00:00:00.000000,16783850.0,3550.77490234375,0.31763988733291626,0.4884778559207916,0.4507448077201843
4,port1057_raw__import,29,2019-01-30T00:00:00.000000,343083456.0,16111.8330078125,2.650346517562866,1.416108250617981,1.1912059783935547
5,port1057_raw__export,29,2019-01-30T00:00:00.000000,6051031.5,2094.29296875,0.1427972912788391,0.32172343134880066,0.2954343259334564
6,port1065_raw__import,29,2019-01-30T00:00:00.000000,1422228864.0,32127.43359375,0.7936614155769348,0.7589425444602966,0.6861202120780945
7,port1065_raw__export,29,2019-01-30T00:00:00.000000,562127104.0,18928.662109375,0.6090575456619263,0.623062789440155,0.5271899700164795
8,port1070_raw__import,29,2019-01-30T00:00:00.000000,28613588992.0,124192.109375,3.5410122871398926,1.3815656900405884,1.116242527961731
9,port1070_raw__export,29,2019-01-30T00:00:00.000000,226463184.0,13397.931640625,0.3515402674674988,0.5278694033622742,0.46609941124916077
10,port1071_raw__import,29,2019-01-30T00:00:00.000000,1891040512.0,31820.68359375,1.3976260423660278,0.8650766611099243,0.7690848112106323
11,port1071_raw__export,29,2019-01-30T00:00:00.000000,76692576.0,6255.69580078125,0.4869104027748108,0.4984520971775055,0.5219627618789673
12,port1073_raw__import,29,2019-01-30T00:00:00.000000,520338944.0,20683.98046875,0.5635263323783875,0.6806879639625549,0.6220293045043945
13,port1073_raw__export,29,2019-01-30T00:00:00.000000,79281664.0,7322.31884765625,0.5788432359695435,0.6256662607192993,0.5770902037620544
14,port1086_raw__import,29,2019-01-30T00:00:00.000000,78997664.0,6363.208984375,2.286633253097534,1.0825982093811035,0.8054987192153931
15,port1086_raw__export,29,2019-01-30T00:00:00.000000,800096.875,559.9452514648438,0.09411303699016571,0.19204331934452057,0.4622677266597748
16,port1112_raw__import,29,2019-01-30T00:00:00.000000,8595.16796875,58.33787155151367,0.05110372602939606,0.14224915206432343,0.1788332611322403
17,port1112_raw__export,29,2019-01-30T00:00:00.000000,21891190.0,3285.537841796875,0.46986716985702515,0.4813481867313385,0.4134330153465271
18,port1128_raw__import,29,2019-01-30T00:00:00.000000,1969378560.0,39707.9453125,2.9065873622894287,1.5254727602005005,1.4007699489593506
19,port1128_raw__export,29,2019-01-30T00:00:00.000000,11851507.0,2582.896240234375,0.21164101362228394,0.34515973925590515,0.34808671474456787
20,port1135_raw__import,29,2019-01-30T00:00:00.000000,242227.796875,186.9307403564453,1.4707744121551514,0.46061891317367554,0.9415213465690613
21,port1135_raw__export,29,2019-01-30T00:00:00.000000,7.799724578857422,2.7828927040100098,0.0001860201300587505,0.01359054259955883,0.02298508957028389
22,port1160_raw__import,29,2019-01-30T00:00:00.000000,439721344.0,17964.037109375,0.41289371252059937,0.5504709482192993,0.5738170146942139
23,port1160_raw__export,29,2019-01-30T00:00:00.000000,1190684800.0,27703.669921875,0.5320778489112854,0.5856342315673828,0.6125747561454773
24,port1189_raw__import,29,2019-01-30T00:00:00.000000,148999328.0,8985.7060546875,0.3935824930667877,0.46182551980018616,0.5148352384567261
25,port1189_raw__export,29,2019-01-30T00:00:00.000000,564704576.0,21836.23828125,1.125178337097168,0.9747153520584106,0.6915635466575623
26,port1197_raw__import,29,2019-01-30T00:00:00.000000,507312800.0,16015.0634765625,1.8038198947906494,0.9549646973609924,1.0783101320266724
27,port1197_raw__export,29,2019-01-30T00:00:00.000000,265590816.0,13418.31640625,0.6277214288711548,0.6523414850234985,0.6542569994926453
28,port1201_raw__import,29,2019-01-30T00:00:00.000000,33149569024.0,145434.375,1.474900722503662,0.9700844883918762,0.8791224360466003
29,port1201_raw__export,29,2019-01-30T00:00:00.000000,21564747776.0,114095.3984375,0.709074079990387,0.654246985912323,0.7958381175994873
30,port1248_raw__import,29,2019-01-30T00:00:00.000000,38839760.0,4058.024169921875,0.4956558346748352,0.45842307806015015,0.6642388105392456
31,port1248_raw__export,29,2019-01-30T00:00:00.000000,686276864.0,19585.4453125,2.1574339866638184,1.0981268882751465,0.9847540855407715
32,port1266_raw__import,29,2019-01-30T00:00:00.000000,37643472896.0,174130.71875,1.8596735000610352,1.2239083051681519,1.1073271036148071
33,port1266_raw__export,29,2019-01-30T00:00:00.000000,1936636928.0,37532.4921875,0.9580209255218506,0.8347776532173157,0.7593247890472412
34,port1269_raw__import,29,2019-01-30T00:00:00.000000,946467392.0,25965.80859375,0.3691238462924957,0.5127847790718079,0.3751028776168823
35,port1269_raw__export,29,2019-01-30T00:00:00.000000,323202048.0,13186.0634765625,0.6035536527633667,0.5698177814483643,0.544846773147583
36,port1284_raw__import,29,2019-01-30T00:00:00.000000,152602528.0,9554.53125,0.5927945375442505,0.5954983830451965,0.4750286340713501
37,port1284_raw__export,29,2019-01-30T00:00:00.000000,358048800.0,15807.181640625,1.099130630493164,0.8758060932159424,0.8318952322006226
38,port1304_raw__import,29,2019-01-30T00:00:00.000000,471064608.0,12584.7841796875,1.358420968055725,0.6758070588111877,0.6456570029258728
39,port1304_raw__export,29,2019-01-30T00:00:00.000000,6554422.5,2023.6807861328125,0.0990363210439682,0.24875514209270477,0.25434622168540955
40,port1309_raw__import,29,2019-01-30T00:00:00.000000,788343.1875,356.5386047363281,0.06328394263982773,0.10101727396249771,0.24343329668045044
41,port1309_raw__export,29,2019-01-30T00:00:00.000000,4683588.0,1231.18603515625,0.11245881021022797,0.1907791942358017,0.24848152697086334
42,port1318_raw__import,29,2019-01-30T00:00:00.000000,4063933440.0,46207.66015625,1.4819704294204712,0.8823897242546082,0.7975104451179504
43,port1318_raw__export,29,2019-01-30T00:00:00.000000,222107664.0,6693.64306640625,2.399260997772217,0.6956960558891296,0.7168975472450256
44,port132_raw__import,29,2019-01-30T00:00:00.000000,101033288.0,9874.3662109375,0.4044242203235626,0.62473464012146,0.4996384382247925
45,port132_raw__export,29,2019-01-30T00:00:00.000000,134216736.0,8400.5078125,2.5322253704071045,1.1538605690002441,1.7015604972839355
46,port1330_raw__import,29,2019-01-30T00:00:00.000000,81239.734375,211.88131713867188,0.5470229983329773,0.5498082041740417,0.47743457555770874
47,port1330_raw__export,29,2019-01-30T00:00:00.000000,3626885.25,1378.193115234375,3.0210471153259277,1.257830023765564,1.3504663705825806
48,port1358_raw__import,29,2019-01-30T00:00:00.000000,833714752.0,19735.68359375,1.530022382736206,0.8454586267471313,0.8491889238357544
49,port1358_raw__export,29,2019-01-30T00:00:00.000000,116615504.0,7511.51318359375,3.4492366313934326,1.2918461561203003,1.1988677978515625
50,port139_raw__import,29,2019-01-30T00:00:00.000000,26900108.0,2373.952880859375,2.001328945159912,0.6475217938423157,0.7420333623886108
51,port139_raw__export,29,2019-01-30T00:00:00.000000,15854325.0,2950.204345703125,1.041552186012268,0.7561687231063843,0.9224532246589661
52,port1410_raw__import,29,2019-01-30T00:00:00.000000,1473158656.0,24812.658203125,0.5846250653266907,0.4942961633205414,0.47065839171409607
53,port1410_raw__export,29,2019-01-30T00:00:00.000000,182783056.0,8264.802734375,2.1147027015686035,0.8889742493629456,0.9973776936531067
54,port1414_raw__import,29,2019-01-30T00:00:00.000000,143548032.0,9903.1357421875,0.3766741156578064,0.5072908401489258,0.5332990884780884
55,port1414_raw__export,29,2019-01-30T00:00:00.000000,691405120.0,18664.064453125,0.4934707581996918,0.4986210763454437,0.4051872193813324
56,port1425_raw__import,29,2019-01-30T00:00:00.000000,829817216.0,25855.751953125,1.4328243732452393,1.0743911266326904,0.8105038404464722
57,port1425_raw__export,29,2019-01-30T00:00:00.000000,34274976.0,5535.8349609375,0.3273451030254364,0.5410003066062927,0.5124921202659607
58,port1426_raw__import,29,2019-01-30T00:00:00.000000,10374244352.0,88638.8046875,0.6055602431297302,0.677211582660675,0.6505614519119263
59,port1426_raw__export,29,2019-01-30T00:00:00.000000,171711024.0,9884.228515625,1.0218698978424072,0.7625028491020203,0.7473596930503845
60,port168_raw__import,29,2019-01-30T00:00:00.000000,162203760.0,11204.0224609375,1.026214361190796,0.8911740779876709,0.7044156193733215
61,port168_raw__export,29,2019-01-30T00:00:00.000000,427256672.0,16126.1728515625,1.0086863040924072,0.7835467457771301,0.5844241976737976
62,port193_raw__import,29,2019-01-30T00:00:00.000000,509136704.0,14128.6025390625,2.0050437450408936,0.8866330981254578,0.67447429895401
63,port193_raw__export,29,2019-01-30T00:00:00.000000,68055568.0,7659.755859375,0.17392919957637787,0.3872303366661072,0.4724237024784088
64,port2017_raw__import,29,2019-01-30T00:00:00.000000,4094471.5,1637.9051513671875,0.6579383015632629,0.6565721035003662,0.6590073108673096
65,port2017_raw__export,29,2019-01-30T00:00:00.000000,4750423.0,2012.6796875,0.8937733769416809,0.8730159997940063,0.8329233527183533
66,port2025_raw__import,29,2019-01-30T00:00:00.000000,215091824.0,12085.728515625,0.8834844827651978,0.7745693922042847,0.6775672435760498
67,port2025_raw__export,29,2019-01-30T00:00:00.000000,199300640.0,9032.41015625,1.1537712812423706,0.6872411966323853,0.7393147349357605
68,port2027_raw__import,29,2019-01-30T00:00:00.000000,563765632.0,20662.3203125,0.6600837707519531,0.7070161700248718,0.7105209827423096
69,port2027_raw__export,29,2019-01-30T00:00:00.000000,1559026304.0,36055.63671875,1.0502610206604004,0.9358259439468384,0.7841119170188904
70,port2031_raw__import,29,2019-01-30T00:00:00.000000,112452048.0,7367.2509765625,0.7226178050041199,0.5905764102935791,0.5979321599006653
71,port2031_raw__export,29,2019-01-30T00:00:00.000000,74466096.0,8363.4716796875,0.49513089656829834,0.6819732189178467,0.716729462146759
72,port2039_raw__import,29,2019-01-30T00:00:00.000000,742110848.0,26695.408203125,0.563706636428833,0.7357473969459534,0.7089873552322388
73,port2039_raw__export,29,2019-01-30T00:00:00.000000,214837568.0,10253.015625,1.0925343036651611,0.7311627864837646,0.8797674179077148
74,port2044_raw__import,29,2019-01-30T00:00:00.000000,1914384128.0,29651.95703125,0.7033116221427917,0.5683459043502808,0.4746793806552887
75,port2044_raw__export,29,2019-01-30T00:00:00.000000,266640448.0,11163.2509765625,4.046623706817627,1.3752259016036987,1.313625693321228
76,port2189_raw__import,29,2019-01-30T00:00:00.000000,220407568.0,12458.935546875,2.3220036029815674,1.2787898778915405,1.492347240447998
77,port2189_raw__export,29,2019-01-30T00:00:00.000000,178773936.0,8026.458984375,0.8838615417480469,0.5643700957298279,0.698118269443512
78,port22_raw__import,29,2019-01-30T00:00:00.000000,1666575.5,1079.421142578125,0.02107357420027256,0.12138011306524277,0.12816160917282104
79,port22_raw__export,29,2019-01-30T00:00:00.000000,1083557.875,658.8468627929688,0.03385894373059273,0.11646491289138794,0.15075905621051788
80,port254_raw__import,29,2019-01-30T00:00:00.000000,345819392.0,14328.763671875,0.4674704968929291,0.5268186926841736,0.4830976724624634
81,port254_raw__export,29,2019-01-30T00:00:00.000000,426483936.0,18145.787109375,0.9138606190681458,0.8399713039398193,0.841873049736023
82,port270_raw__import,29,2019-01-30T00:00:00.000000,228339.0625,349.9344482421875,0.01527419500052929,0.0905056744813919,0.16869516670703888
83,port270_raw__export,29,2019-01-30T00:00:00.000000,31770320.0,4349.7060546875,0.5617234706878662,0.5783761143684387,0.6587120294570923
84,port281_raw__import,29,2019-01-30T00:00:00.000000,88704432.0,6280.240234375,1.259966254234314,0.7484849691390991,0.6920955181121826
85,port281_raw__export,29,2019-01-30T00:00:00.000000,17177662.0,3151.861083984375,0.6271791458129883,0.602255642414093,0.68800288438797
86,port307_raw__import,29,2019-01-30T00:00:00.000000,22642214.0,4015.37451171875,0.6404806971549988,0.6753355860710144,0.5988361239433289
87,port307_raw__export,29,2019-01-30T00:00:00.000000,9018608.0,2246.1669921875,3.342513084411621,1.3674417734146118,1.4240031242370605
88,port310_raw__import,29,2019-01-30T00:00:00.000000,545257280.0,18651.888671875,0.384243369102478,0.49513688683509827,0.4688529372215271
89,port310_raw__export,29,2019-01-30T00:00:00.000000,110107464.0,7812.47412109375,1.1137878894805908,0.7857447266578674,0.9324007630348206
90,port317_raw__import,29,2019-01-30T00:00:00.000000,747024.875,693.5106201171875,0.005616795737296343,0.060135357081890106,0.05606932193040848
91,port317_raw__export,29,2019-01-30T00:00:00.000000,3051291.5,1339.0054931640625,0.35887691378593445,0.4592120945453644,0.4447803795337677
92,port342_raw__import,29,2019-01-30T00:00:00.000000,408696128.0,15862.6728515625,0.9773684144020081,0.775720477104187,0.6751036047935486
93,port342_raw__export,29,2019-01-30T00:00:00.000000,17110348.0,3173.1376953125,0.19706812500953674,0.3405396640300751,0.3333481550216675
94,port358_raw__import,29,2019-01-30T00:00:00.000000,9425787.0,1193.81494140625,2.819096088409424,0.6528797149658203,0.9653030037879944
95,port358_raw__export,29,2019-01-30T00:00:00.000000,88569496.0,7265.1787109375,0.23231986165046692,0.3720894753932953,0.40972262620925903
96,port361_raw__import,29,2019-01-30T00:00:00.000000,184235744.0,12840.9423828125,0.48550504446029663,0.6591842174530029,0.6434826254844666
97,port361_raw__export,29,2019-01-30T00:00:00.000000,927451136.0,28355.2578125,0.4351651966571808,0.6142076253890991,0.8705436587333679
98,port362_raw__import,29,2019-01-30T00:00:00.000000,1350855040.0,28614.61328125,1.8314822912216187,1.0536220073699951,0.8732504844665527
99,port362_raw__export,29,2019-01-30T00:00:00.000000,1617027712.0,36791.3984375,0.7009499073028564,0.7660040259361267,0.714935839176178
100,port364_raw__import,29,2019-01-30T00:00:00.000000,616212352.0,22771.11328125,0.13210205733776093,0.33340632915496826,0.363273561000824
101,port364_raw__export,29,2019-01-30T00:00:00.000000,97053336.0,7536.95068359375,0.9578068852424622,0.7487372159957886,0.5865151882171631
102,port380_raw__import,29,2019-01-30T00:00:00.000000,1199760128.0,27085.9453125,1.4040312767028809,0.9265848398208618,0.8187054395675659
103,port380_raw__export,29,2019-01-30T00:00:00.000000,42309376.0,5638.77490234375,0.17067378759384155,0.3581375479698181,0.29013746976852417
104,port425_raw__import,29,2019-01-30T00:00:00.000000,2359664384.0,42084.0390625,1.2750225067138672,0.9782530069351196,0.8120256662368774
105,port425_raw__export,29,2019-01-30T00:00:00.000000,173852128.0,12069.904296875,0.2515694499015808,0.45913755893707275,0.5352302193641663
106,port426_raw__import,29,2019-01-30T00:00:00.000000,47267124.0,5974.14599609375,0.5487654209136963,0.6437090635299683,0.5388321280479431
107,port426_raw__export,29,2019-01-30T00:00:00.000000,25316216.0,4162.904296875,0.751473069190979,0.717222273349762,0.5576127767562866
108,port434_raw__import,29,2019-01-30T00:00:00.000000,136953824.0,9091.1904296875,1.2738364934921265,0.8767798542976379,0.866600751876831
109,port434_raw__export,29,2019-01-30T00:00:00.000000,32097878.0,5008.3818359375,0.641181230545044,0.7078637480735779,0.6979806423187256
110,port435_raw__import,29,2019-01-30T00:00:00.000000,83140856.0,7452.701171875,0.28480064868927,0.43619123101234436,0.41237226128578186
111,port435_raw__export,29,2019-01-30T00:00:00.000000,33010968.0,5224.146484375,1.377679467201233,1.0672357082366943,0.9463445544242859
112,port439_raw__import,29,2019-01-30T00:00:00.000000,21311640.0,3786.871337890625,1.0808533430099487,0.8528163433074951,0.7445949912071228
113,port439_raw__export,29,2019-01-30T00:00:00.000000,4989468.0,1914.010009765625,0.5960143208503723,0.661523699760437,0.5851914286613464
114,port443_raw__import,29,2019-01-30T00:00:00.000000,169331888.0,9314.2177734375,5.3401899337768555,1.6540757417678833,1.4981352090835571
115,port443_raw__export,29,2019-01-30T00:00:00.000000,15487780.0,3370.87353515625,0.3610313832759857,0.5146600008010864,0.48680830001831055
116,port446_raw__import,29,2019-01-30T00:00:00.000000,607869760.0,20151.259765625,0.2288820892572403,0.3910234868526459,0.3462710678577423
117,port446_raw__export,29,2019-01-30T00:00:00.000000,242120832.0,14068.9716796875,0.9732235670089722,0.891974687576294,1.0051051378250122
118,port484_raw__import,29,2019-01-30T00:00:00.000000,1403994.125,846.1262817382812,0.47785210609436035,0.4936274290084839,0.534309983253479
119,port484_raw__export,29,2019-01-30T00:00:00.000000,13429169.0,2848.39404296875,1.744996428489685,1.0267690420150757,0.9697285294532776
120,port503_raw__import,29,2019-01-30T00:00:00.000000,34557204.0,5268.60693359375,0.30761194229125977,0.49708208441734314,0.46253785490989685
121,port503_raw__export,29,2019-01-30T00:00:00.000000,3487857.25,1565.1312255859375,0.16282396018505096,0.3381665050983429,0.357535183429718
122,port514_raw__import,29,2019-01-30T00:00:00.000000,1448067328.0,33513.9609375,1.3987834453582764,1.0416134595870972,0.9660730361938477
123,port514_raw__export,29,2019-01-30T00:00:00.000000,71302448.0,6955.04150390625,0.48414790630340576,0.5731080770492554,0.5336683392524719
124,port540_raw__import,29,2019-01-30T00:00:00.000000,2479903744.0,33295.90625,1.9587304592132568,0.9357521533966064,0.8461681604385376
125,port540_raw__export,29,2019-01-30T00:00:00.000000,212872464.0,13361.0439453125,0.4094976484775543,0.5860118269920349,0.5347753763198853
126,port541_raw__import,29,2019-01-30T00:00:00.000000,6341289472.0,71544.0859375,1.494026780128479,1.0981563329696655,0.9108801484107971
127,port541_raw__export,29,2019-01-30T00:00:00.000000,3134652160.0,47344.515625,3.5728759765625,1.598394513130188,1.1769853830337524
128,port543_raw__import,29,2019-01-30T00:00:00.000000,277850240.0,14074.3779296875,0.4293901026248932,0.5532862544059753,0.48462003469467163
129,port543_raw__export,29,2019-01-30T00:00:00.000000,20973486.0,4068.62060546875,0.07562696933746338,0.24431507289409637,0.2515227794647217
130,port555_raw__import,29,2019-01-30T00:00:00.000000,721369472.0,20652.068359375,0.948533833026886,0.7488780617713928,0.7396292090415955
131,port555_raw__export,29,2019-01-30T00:00:00.000000,38897912.0,4761.64599609375,1.3061339855194092,0.8725448846817017,0.7106841802597046
132,port570_raw__import,29,2019-01-30T00:00:00.000000,109670520.0,8324.1962890625,0.4736182689666748,0.5470305681228638,0.6302229166030884
133,port570_raw__export,29,2019-01-30T00:00:00.000000,11194097664.0,60434.76953125,4.106949329376221,1.1575827598571777,1.0066760778427124
134,port592_raw__import,29,2019-01-30T00:00:00.000000,1162647296.0,18519.8125,1.0250530242919922,0.549902617931366,0.500070333480835
135,port592_raw__export,29,2019-01-30T00:00:00.000000,218473680.0,8716.4296875,2.3055481910705566,0.8954187631607056,0.8996717929840088
136,port601_raw__import,29,2019-01-30T00:00:00.000000,1572714.375,868.3128051757812,3.1263768672943115,1.2242552042007446,1.080625295639038
137,port601_raw__export,29,2019-01-30T00:00:00.000000,129190.0390625,316.5596618652344,0.1956431120634079,0.3895590901374817,0.36760032176971436
138,port62_raw__import,29,2019-01-30T00:00:00.000000,43587128.0,5771.50048828125,0.3921199142932892,0.5474179983139038,0.4495425820350647
139,port62_raw__export,29,2019-01-30T00:00:00.000000,231665664.0,9288.2763671875,2.3169801235198975,0.9288924336433411,0.9807493686676025
140,port644_raw__import,29,2019-01-30T00:00:00.000000,24006782976.0,125125.2578125,2.7500016689300537,1.3391969203948975,1.3477795124053955
141,port644_raw__export,29,2019-01-30T00:00:00.000000,188404752.0,12424.1591796875,0.27031347155570984,0.4706032872200012,0.489252507686615
142,port649_raw__import,29,2019-01-30T00:00:00.000000,132150664.0,8338.294921875,1.4021879434585571,0.858906090259552,1.1774768829345703
143,port649_raw__export,29,2019-01-30T00:00:00.000000,11780223.0,2240.5556640625,0.1521690934896469,0.2546491324901581,0.29896649718284607
144,port657_raw__import,29,2019-01-30T00:00:00.000000,295733952.0,13603.3818359375,0.8014039397239685,0.7081447839736938,0.5961975455284119
145,port657_raw__export,29,2019-01-30T00:00:00.000000,91845256.0,7166.53125,3.633646011352539,1.4254497289657593,1.2593711614608765
146,port667_raw__import,29,2019-01-30T00:00:00.000000,4563419.0,1586.1263427734375,0.35861560702323914,0.44463860988616943,0.40092533826828003
147,port667_raw__export,29,2019-01-30T00:00:00.000000,5167059.5,1691.2337646484375,0.24072487652301788,0.3650416135787964,0.37501582503318787
148,port672_raw__import,29,2019-01-30T00:00:00.000000,9427245056.0,67202.90625,1.5524204969406128,0.8623834252357483,0.7255017161369324
149,port672_raw__export,29,2019-01-30T00:00:00.000000,3117345792.0,38974.015625,1.8917337656021118,0.9600916504859924,0.7707043886184692
150,port67_raw__import,29,2019-01-30T00:00:00.000000,4430318.5,1817.9849853515625,0.12416155636310577,0.30434513092041016,0.30973443388938904
151,port67_raw__export,29,2019-01-30T00:00:00.000000,1884971.5,921.4454956054688,0.3343717157840729,0.3880895972251892,0.3798566162586212
152,port681_raw__import,29,2019-01-30T00:00:00.000000,134994656.0,4599.5576171875,0.14967183768749237,0.15315383672714233,0.15789823234081268
153,port681_raw__export,29,2019-01-30T00:00:00.000000,201546592.0,10619.54296875,1.5960019826889038,0.9450065493583679,1.1296801567077637
154,port738_raw__import,29,2019-01-30T00:00:00.000000,28831192.0,3718.59326171875,1.599554419517517,0.8758845329284668,1.1987946033477783
155,port738_raw__export,29,2019-01-30T00:00:00.000000,20668422.0,4324.24560546875,0.5167373418807983,0.6837409138679504,0.6687304377555847
156,port73_raw__import,29,2019-01-30T00:00:00.000000,159060160.0,10937.1279296875,0.21136407554149628,0.3986925482749939,0.4437800347805023
157,port73_raw__export,29,2019-01-30T00:00:00.000000,99243144.0,6881.0263671875,1.3859410285949707,0.8131587505340576,0.8211061358451843
158,port744_raw__import,29,2019-01-30T00:00:00.000000,1249706880.0,28362.458984375,0.36459100246429443,0.4844430685043335,0.42349278926849365
159,port744_raw__export,29,2019-01-30T00:00:00.000000,377478944.0,17290.80078125,1.2082582712173462,0.9782472252845764,0.9442809224128723
160,port766_raw__import,29,2019-01-30T00:00:00.000000,22767018.0,4527.07763671875,0.27644816040992737,0.4988519251346588,0.6758471131324768
161,port766_raw__export,29,2019-01-30T00:00:00.000000,18000566.0,3398.35205078125,0.21758444607257843,0.37362781167030334,0.3344237506389618
162,port775_raw__import,29,2019-01-30T00:00:00.000000,471190304.0,19215.365234375,0.37006810307502747,0.5385068655014038,0.5280493497848511
163,port775_raw__export,29,2019-01-30T00:00:00.000000,34297388.0,4607.017578125,0.8051340579986572,0.7058679461479187,0.8360555768013
164,port776_raw__import,29,2019-01-30T00:00:00.000000,1006303104.0,29614.296875,0.6587441563606262,0.7576965689659119,0.6006718873977661
165,port776_raw__export,29,2019-01-30T00:00:00.000000,134117896.0,10604.736328125,0.4066113233566284,0.5839104056358337,0.6192417144775391
166,port781_raw__import,29,2019-01-30T00:00:00.000000,21912278.0,3518.939453125,1.5049751996994019,0.9222160577774048,1.0206629037857056
167,port781_raw__export,29,2019-01-30T00:00:00.000000,2839626.5,1205.820068359375,0.013993784785270691,0.08464855700731277,0.09111616015434265
168,port787_raw__import,29,2019-01-30T00:00:00.000000,2209712.5,930.3805541992188,4.23192834854126,1.287543535232544,1.3852249383926392
169,port787_raw__export,29,2019-01-30T00:00:00.000000,386515776.0,17031.23828125,0.805736243724823,0.7776049971580505,0.6659499406814575
170,port795_raw__import,29,2019-01-30T00:00:00.000000,80719824.0,7025.4658203125,1.4474817514419556,0.9407876133918762,0.8121272325515747
171,port795_raw__export,29,2019-01-30T00:00:00.000000,27077108.0,4274.86962890625,0.6458063125610352,0.6601960062980652,0.5611391067504883
172,port805_raw__import,29,2019-01-30T00:00:00.000000,170824832.0,11256.0166015625,0.24755826592445374,0.4284971356391907,0.4572485089302063
173,port805_raw__export,29,2019-01-30T00:00:00.000000,266444096.0,14641.6455078125,0.7679611444473267,0.7860614061355591,0.8738584518432617
174,port811_raw__import,29,2019-01-30T00:00:00.000000,52892572.0,6270.732421875,0.12718670070171356,0.30749762058258057,0.3090537190437317
175,port811_raw__export,29,2019-01-30T00:00:00.000000,385665504.0,11946.7333984375,2.1613800525665283,0.8943537473678589,0.8637429475784302
176,port815_raw__import,29,2019-01-30T00:00:00.000000,2517672448.0,41716.0390625,0.9287496209144592,0.8012217283248901,0.6788789629936218
177,port815_raw__export,29,2019-01-30T00:00:00.000000,228826576.0,13061.376953125,0.9272438883781433,0.8314433693885803,0.6788473725318909
178,port826_raw__import,29,2019-01-30T00:00:00.000000,33736128.0,4527.2744140625,0.5744078755378723,0.5907440185546875,0.4647614359855652
179,port826_raw__export,29,2019-01-30T00:00:00.000000,323355648.0,15519.5029296875,0.32679128646850586,0.49337008595466614,0.44871196150779724
180,port839_raw__import,29,2019-01-30T00:00:00.000000,48440980.0,6667.9970703125,1.2470070123672485,1.069851279258728,0.9623600244522095
181,port839_raw__export,29,2019-01-30T00:00:00.000000,193466688.0,9599.1484375,1.659218192100525,0.888958215713501,0.7025430798530579
182,port845_raw__import,29,2019-01-30T00:00:00.000000,466404000.0,12964.52734375,0.43688035011291504,0.3967863917350769,0.37518298625946045
183,port845_raw__export,29,2019-01-30T00:00:00.000000,102725856.0,9178.6220703125,0.7417408227920532,0.7799444794654846,0.6770107746124268
184,port862_raw__import,29,2019-01-30T00:00:00.000000,43392220.0,5478.50927734375,0.32147446274757385,0.47155216336250305,0.4582670331001282
185,port862_raw__export,29,2019-01-30T00:00:00.000000,25090918.0,4366.48486328125,1.109171986579895,0.9180643558502197,0.9669590592384338
186,port908_raw__import,29,2019-01-30T00:00:00.000000,882629696.0,19521.91796875,1.538253664970398,0.8149803876876831,0.6364765167236328
187,port908_raw__export,29,2019-01-30T00:00:00.000000,230397632.0,11904.552734375,0.47810596227645874,0.5422956347465515,0.43291959166526794
188,port915_raw__import,29,2019-01-30T00:00:00.000000,225318624.0,9941.7314453125,23.11609649658203,3.184349775314331,4.625161170959473
189,port915_raw__export,29,2019-01-30T00:00:00.000000,40311088.0,3224.40869140625,3.991316795349121,1.014602541923523,1.1457939147949219
190,port917_raw__import,29,2019-01-30T00:00:00.000000,64543340.0,5056.2490234375,1.799349308013916,0.8442294597625732,0.8815494775772095
191,port917_raw__export,29,2019-01-30T00:00:00.000000,304535744.0,13843.44921875,0.9267970323562622,0.763690710067749,0.8221584558486938
192,port958_raw__import,29,2019-01-30T00:00:00.000000,33455846.0,4356.19580078125,0.9657642245292664,0.7401281595230103,0.6883869767189026
193,port958_raw__export,29,2019-01-30T00:00:00.000000,9576779.0,2559.203857421875,0.33521220088005066,0.47880101203918457,0.3716377913951874
194,port959_raw__import,29,2019-01-30T00:00:00.000000,1031344896.0,19094.25,1.524756669998169,0.7341773509979248,1.0335654020309448
195,port959_raw__export,29,2019-01-30T00:00:00.000000,491684256.0,12768.9716796875,0.9726086258888245,0.5679130554199219,0.7123817801475525
196,port985_raw__import,29,2019-01-30T00:00:00.000000,781695424.0,23147.74609375,0.34089210629463196,0.48339080810546875,0.40861275792121887
197,port985_raw__export,29,2019-01-30T00:00:00.000000,149267296.0,10414.5830078125,0.5597394704818726,0.6377529501914978,0.5955612063407898
0,port1016_raw__import,541,2020-06-25T00:00:00.000000,6068852.5,2199.838623046875,0.31878548860549927,0.5041813254356384,0.47478780150413513
1,port1016_raw__export,541,2020-06-25T00:00:00.000000,58568324.0,4322.84619140625,2.5309038162231445,0.8986202478408813,0.9415972828865051
2,port1035_raw__import,541,2020-06-25T00:00:00.000000,69131904.0,6926.1845703125,0.8848260045051575,0.7835806608200073,0.7246425151824951
3,port1035_raw__export,541,2020-06-25T00:00:00.000000,40192768.0,5119.15966796875,1.286624789237976,0.9159055948257446,0.6636527180671692
4,port1057_raw__import,541,2020-06-25T00:00:00.000000,383016256.0,15790.2392578125,2.0863263607025146,1.1653900146484375,0.8140771389007568
5,port1057_raw__export,541,2020-06-25T00:00:00.000000,14507315.0,2407.530029296875,1.8045018911361694,0.8490960597991943,0.6817252039909363
6,port1065_raw__import,541,2020-06-25T00:00:00.000000,1303053824.0,28115.283203125,1.637622594833374,0.9967086315155029,0.8728888630867004
7,port1065_raw__export,541,2020-06-25T00:00:00.000000,2469499904.0,36955.8359375,2.5049123764038086,1.1769955158233643,1.2554600238800049
8,port1070_raw__import,541,2020-06-25T00:00:00.000000,21441028096.0,124888.765625,1.33433997631073,0.9852213859558105,0.8205189108848572
9,port1070_raw__export,541,2020-06-25T00:00:00.000000,347815072.0,14816.8154296875,0.2123543918132782,0.3661097288131714,0.4053132236003876
10,port1071_raw__import,541,2020-06-25T00:00:00.000000,472097376.0,19513.166015625,0.23771263659000397,0.4378628134727478,0.35997918248176575
11,port1071_raw__export,541,2020-06-25T00:00:00.000000,139942400.0,9509.068359375,0.44465798139572144,0.5360143184661865,0.48341554403305054
12,port1073_raw__import,541,2020-06-25T00:00:00.000000,1260170496.0,30199.5,0.5481171607971191,0.6298277974128723,0.6035491824150085
13,port1073_raw__export,541,2020-06-25T00:00:00.000000,10526935.0,2707.118408203125,0.3431781828403473,0.4887830317020416,0.41970327496528625
14,port1086_raw__import,541,2020-06-25T00:00:00.000000,95022616.0,8229.7646484375,0.6702485680580139,0.6911812424659729,0.543655514717102
15,port1086_raw__export,541,2020-06-25T00:00:00.000000,9236851.0,1904.351806640625,0.32756495475769043,0.3586195409297943,0.37107938528060913
16,port1112_raw__import,541,2020-06-25T00:00:00.000000,732917.25,804.826416015625,0.9902287721633911,0.9354972839355469,0.960162878036499
17,port1112_raw__export,541,2020-06-25T00:00:00.000000,34578472.0,4791.62890625,2.1775765419006348,1.2024497985839844,0.9723732471466064
18,port1128_raw__import,541,2020-06-25T00:00:00.000000,1754982016.0,26251.5859375,2.8011062145233154,1.0487791299819946,0.9820399284362793
19,port1128_raw__export,541,2020-06-25T00:00:00.000000,76684672.0,6213.998046875,1.6469560861587524,0.910663366317749,1.2119702100753784
20,port1135_raw__import,541,2020-06-25T00:00:00.000000,9836348.0,2547.0,8.162680625915527,2.320215940475464,2.8895580768585205
21,port1135_raw__export,541,2020-06-25T00:00:00.000000,3406499.5,1355.60595703125,2.354346513748169,1.1269755363464355,2.5774102210998535
22,port1160_raw__import,541,2020-06-25T00:00:00.000000,441640256.0,18039.515625,0.7834721207618713,0.7598053216934204,0.688852071762085
23,port1160_raw__export,541,2020-06-25T00:00:00.000000,8382607360.0,68239.078125,1.7683939933776855,0.9911356568336487,0.9212425947189331
24,port1189_raw__import,541,2020-06-25T00:00:00.000000,264525072.0,13903.060546875,0.4843774735927582,0.5949342250823975,0.49497145414352417
25,port1189_raw__export,541,2020-06-25T00:00:00.000000,879671616.0,27568.431640625,1.3229539394378662,1.0691142082214355,0.9885484576225281
26,port1197_raw__import,541,2020-06-25T00:00:00.000000,197603680.0,11493.12109375,1.3034998178482056,0.9334604144096375,0.8223088979721069
27,port1197_raw__export,541,2020-06-25T00:00:00.000000,267696528.0,12831.5810546875,1.931546688079834,1.0899622440338135,0.9619751572608948
28,port1201_raw__import,541,2020-06-25T00:00:00.000000,14466349056.0,109300.7109375,0.8855801820755005,0.8551798462867737,0.7331203818321228
29,port1201_raw__export,541,2020-06-25T00:00:00.000000,5304727040.0,57993.33203125,1.5026041269302368,0.976042628288269,0.7563979625701904
30,port1248_raw__import,541,2020-06-25T00:00:00.000000,3988952.75,1543.734130859375,0.1613473743200302,0.31047314405441284,0.31528931856155396
31,port1248_raw__export,541,2020-06-25T00:00:00.000000,339523264.0,9832.9345703125,1.4036881923675537,0.6322425603866577,0.5992186665534973
32,port1266_raw__import,541,2020-06-25T00:00:00.000000,6353277952.0,73387.0390625,0.5490332841873169,0.6822127103805542,0.4945712387561798
33,port1266_raw__export,541,2020-06-25T00:00:00.000000,4463067648.0,57338.625,1.8811454772949219,1.1771769523620605,0.8974390625953674
34,port1269_raw__import,541,2020-06-25T00:00:00.000000,285634560.0,14031.1943359375,0.383495956659317,0.5141261219978333,0.4522639513015747
35,port1269_raw__export,541,2020-06-25T00:00:00.000000,535786560.0,17219.69921875,1.3309228420257568,0.8582347631454468,0.8599936366081238
36,port1284_raw__import,541,2020-06-25T00:00:00.000000,241975456.0,12526.486328125,0.8772237300872803,0.7542213201522827,0.5452141761779785
37,port1284_raw__export,541,2020-06-25T00:00:00.000000,395917760.0,15365.3779296875,1.3609611988067627,0.9008732438087463,0.809914767742157
38,port1304_raw__import,541,2020-06-25T00:00:00.000000,123376200.0,8449.7685546875,0.3471277058124542,0.448201984167099,0.4118201434612274
39,port1304_raw__export,541,2020-06-25T00:00:00.000000,18130910.0,3312.622802734375,0.4654327630996704,0.5307508707046509,0.48413097858428955
40,port1309_raw__import,541,2020-06-25T00:00:00.000000,242472624.0,7143.447265625,1.2020658254623413,0.5029682517051697,0.4389393627643585
41,port1309_raw__export,541,2020-06-25T00:00:00.000000,266473264.0,9366.6552734375,1.1523033380508423,0.6159439086914062,0.5114172101020813
42,port1318_raw__import,541,2020-06-25T00:00:00.000000,1496233088.0,35754.06640625,0.9838658571243286,0.9168404340744019,0.9032894372940063
43,port1318_raw__export,541,2020-06-25T00:00:00.000000,6167217.5,1752.67431640625,0.06090123578906059,0.17416849732398987,0.1956571787595749
44,port132_raw__import,541,2020-06-25T00:00:00.000000,42761968.0,5582.86962890625,0.4391024112701416,0.5657330751419067,0.4089980721473694
45,port132_raw__export,541,2020-06-25T00:00:00.000000,21853088.0,2753.614990234375,0.8705261945724487,0.5495886206626892,0.718565821647644
46,port1330_raw__import,541,2020-06-25T00:00:00.000000,226213.375,443.6797180175781,0.18729780614376068,0.4037167727947235,0.4271022379398346
47,port1330_raw__export,541,2020-06-25T00:00:00.000000,1639511.375,1003.26123046875,0.9663815498352051,0.7702490091323853,0.572604775428772
48,port1358_raw__import,541,2020-06-25T00:00:00.000000,300279712.0,12808.7939453125,0.5505207180976868,0.5484437346458435,0.5745446085929871
49,port1358_raw__export,541,2020-06-25T00:00:00.000000,30999586.0,4758.79833984375,1.3573510646820068,0.9957846403121948,0.8253094553947449
50,port139_raw__import,541,2020-06-25T00:00:00.000000,4982904.0,1969.55908203125,0.3879668414592743,0.5495726466178894,0.9739744067192078
51,port139_raw__export,541,2020-06-25T00:00:00.000000,975055.3125,927.943115234375,0.16443869471549988,0.3810735046863556,0.44642677903175354
52,port1410_raw__import,541,2020-06-25T00:00:00.000000,3872629248.0,41862.02734375,1.6022931337356567,0.8515072464942932,0.7610043287277222
53,port1410_raw__export,541,2020-06-25T00:00:00.000000,47102672.0,5541.54443359375,1.0018919706344604,0.8081994652748108,0.6926079392433167
54,port1414_raw__import,541,2020-06-25T00:00:00.000000,581180096.0,20542.8125,1.9267327785491943,1.1828110218048096,0.9033124446868896
55,port1414_raw__export,541,2020-06-25T00:00:00.000000,2741180928.0,43222.4140625,1.8997595310211182,1.1378616094589233,0.906294584274292
56,port1425_raw__import,541,2020-06-25T00:00:00.000000,1058146624.0,30252.947265625,1.1690404415130615,1.005563497543335,0.7988088130950928
57,port1425_raw__export,541,2020-06-25T00:00:00.000000,14457619.0,2839.266357421875,0.5565710067749023,0.5570805668830872,0.5810694098472595
58,port1426_raw__import,541,2020-06-25T00:00:00.000000,4145753088.0,62594.1796875,0.27439168095588684,0.5092343091964722,0.40852126479148865
59,port1426_raw__export,541,2020-06-25T00:00:00.000000,1911355392.0,23975.755859375,7.257204055786133,1.477359652519226,1.146634817123413
60,port168_raw__import,541,2020-06-25T00:00:00.000000,253314512.0,13233.787109375,0.42626526951789856,0.5428678393363953,0.46932509541511536
61,port168_raw__export,541,2020-06-25T00:00:00.000000,489226432.0,16311.6884765625,0.6620149612426758,0.6000367403030396,0.5386198163032532
62,port193_raw__import,541,2020-06-25T00:00:00.000000,255983696.0,11818.0400390625,2.4073543548583984,1.14606511592865,1.147436499595642
63,port193_raw__export,541,2020-06-25T00:00:00.000000,112786528.0,7796.10986328125,4.433834552764893,1.5457494258880615,1.2011955976486206
64,port2017_raw__import,541,2020-06-25T00:00:00.000000,3438184.75,1307.66455078125,1.189318060874939,0.7690962553024292,0.6728752255439758
65,port2017_raw__export,541,2020-06-25T00:00:00.000000,5269085.5,1931.350830078125,1.2164008617401123,0.9279656410217285,0.9967313408851624
66,port2025_raw__import,541,2020-06-25T00:00:00.000000,177845424.0,10494.2880859375,0.34201928973197937,0.460210919380188,0.3951125741004944
67,port2025_raw__export,541,2020-06-25T00:00:00.000000,77618216.0,7611.740234375,0.4259280860424042,0.563858687877655,0.421360045671463
68,port2027_raw__import,541,2020-06-25T00:00:00.000000,2306012160.0,46444.609375,1.2358429431915283,1.0751923322677612,0.926048994064331
69,port2027_raw__export,541,2020-06-25T00:00:00.000000,1071831552.0,28135.91796875,0.9506253004074097,0.8379199504852295,0.8657104969024658
70,port2031_raw__import,541,2020-06-25T00:00:00.000000,255936784.0,13721.85546875,0.6194775700569153,0.6750863194465637,0.619433581829071
71,port2031_raw__export,541,2020-06-25T00:00:00.000000,57675460.0,4757.27880859375,0.8717670440673828,0.5848753452301025,0.8421655297279358
72,port2039_raw__import,541,2020-06-25T00:00:00.000000,1397747072.0,30645.568359375,3.4532642364501953,1.5232399702072144,1.136949062347412
73,port2039_raw__export,541,2020-06-25T00:00:00.000000,121181720.0,7552.6240234375,0.8434618711471558,0.6301037073135376,0.6518852114677429
74,port2044_raw__import,541,2020-06-25T00:00:00.000000,3785272320.0,43797.46484375,2.9871985912323,1.230360746383667,1.1067852973937988
75,port2044_raw__export,541,2020-06-25T00:00:00.000000,108482392.0,6729.6025390625,1.0114349126815796,0.6497986316680908,0.6873253583908081
76,port2189_raw__import,541,2020-06-25T00:00:00.000000,2570610176.0,34667.234375,8.833215713500977,2.032172203063965,1.9174704551696777
77,port2189_raw__export,541,2020-06-25T00:00:00.000000,128574760.0,10252.046875,0.6749250292778015,0.7427805066108704,0.8201602697372437
78,port22_raw__import,541,2020-06-25T00:00:00.000000,76170232.0,7553.21875,0.26638466119766235,0.44667744636535645,0.5825883746147156
79,port22_raw__export,541,2020-06-25T00:00:00.000000,28157922.0,3426.60302734375,0.2584041655063629,0.3282564580440521,0.33835336565971375
80,port254_raw__import,541,2020-06-25T00:00:00.000000,456386208.0,17564.8984375,1.5449731349945068,1.0219740867614746,0.9960718154907227
81,port254_raw__export,541,2020-06-25T00:00:00.000000,123029808.0,8908.12890625,0.5201860070228577,0.5792428255081177,0.4213009178638458
82,port270_raw__import,541,2020-06-25T00:00:00.000000,922397568.0,26252.908203125,0.2635970413684845,0.44380131363868713,0.38425734639167786
83,port270_raw__export,541,2020-06-25T00:00:00.000000,110657176.0,8564.92578125,0.11228708922863007,0.2728341817855835,0.3006947636604309
84,port281_raw__import,541,2020-06-25T00:00:00.000000,37323104.0,4251.712890625,0.5217920541763306,0.5027172565460205,0.5220299959182739
85,port281_raw__export,541,2020-06-25T00:00:00.000000,156771760.0,7690.21533203125,2.81294584274292,1.030113935470581,1.2369581460952759
86,port307_raw__import,541,2020-06-25T00:00:00.000000,37357240.0,5651.8544921875,1.5516794919967651,1.1518731117248535,0.9227337837219238
87,port307_raw__export,541,2020-06-25T00:00:00.000000,3170036.75,1566.4998779296875,0.8345786333084106,0.803770124912262,0.8422864079475403
88,port310_raw__import,541,2020-06-25T00:00:00.000000,630385664.0,18448.927734375,1.030246615409851,0.7458277344703674,0.5758432149887085
89,port310_raw__export,541,2020-06-25T00:00:00.000000,85631200.0,6569.45458984375,0.400819331407547,0.44945648312568665,0.41936737298965454
90,port317_raw__import,541,2020-06-25T00:00:00.000000,143279344.0,7505.4560546875,3.437070846557617,1.162463903427124,1.7345939874649048
91,port317_raw__export,541,2020-06-25T00:00:00.000000,5461045.0,1686.919189453125,0.1857519894838333,0.3111165761947632,0.32560640573501587
92,port342_raw__import,541,2020-06-25T00:00:00.000000,637515904.0,14795.4404296875,2.248324155807495,0.8786418437957764,0.6926249265670776
93,port342_raw__export,541,2020-06-25T00:00:00.000000,85378160.0,7188.19921875,1.6930803060531616,1.0122445821762085,1.1282353401184082
94,port358_raw__import,541,2020-06-25T00:00:00.000000,227494672.0,8858.95703125,1.7509143352508545,0.777194082736969,0.7045870423316956
95,port358_raw__export,541,2020-06-25T00:00:00.000000,1034575104.0,18014.490234375,2.179033041000366,0.826747477054596,0.6571105718612671
96,port361_raw__import,541,2020-06-25T00:00:00.000000,400146272.0,16437.998046875,1.428067684173584,0.9820055961608887,0.9413521885871887
97,port361_raw__export,541,2020-06-25T00:00:00.000000,517421632.0,20040.921875,1.7539076805114746,1.1668064594268799,1.0765130519866943
98,port362_raw__import,541,2020-06-25T00:00:00.000000,265489792.0,13413.7451171875,0.19828765094280243,0.3665843904018402,0.32787391543388367
99,port362_raw__export,541,2020-06-25T00:00:00.000000,1025594624.0,28117.1015625,0.8665668368339539,0.8173040747642517,0.7410171031951904
100,port364_raw__import,541,2020-06-25T00:00:00.000000,1679599232.0,28032.68359375,1.6210711002349854,0.8708891868591309,0.8427557349205017
101,port364_raw__export,541,2020-06-25T00:00:00.000000,18873848.0,3697.797607421875,0.5309527516365051,0.6202130317687988,0.6455304026603699
102,port380_raw__import,541,2020-06-25T00:00:00.000000,4928993280.0,46632.7890625,5.645979404449463,1.5782722234725952,1.3558632135391235
103,port380_raw__export,541,2020-06-25T00:00:00.000000,121178824.0,6776.6884765625,0.8807676434516907,0.5777431726455688,0.502445638179779
104,port425_raw__import,541,2020-06-25T00:00:00.000000,803163264.0,21127.52734375,0.27866706252098083,0.3935406506061554,0.3940217196941376
105,port425_raw__export,541,2020-06-25T00:00:00.000000,310791264.0,15357.568359375,0.6030129790306091,0.6764744520187378,0.5767979025840759
106,port426_raw__import,541,2020-06-25T00:00:00.000000,58245220.0,5148.9169921875,1.1179875135421753,0.713352620601654,0.6208016872406006
107,port426_raw__export,541,2020-06-25T00:00:00.000000,59854284.0,5119.49853515625,0.904323160648346,0.6292766332626343,0.5046771764755249
108,port434_raw__import,541,2020-06-25T00:00:00.000000,40727308.0,5145.8876953125,0.39825931191444397,0.5088624954223633,0.6420734524726868
109,port434_raw__export,541,2020-06-25T00:00:00.000000,159197488.0,8174.91650390625,8.47675895690918,1.8863842487335205,1.8962392807006836
110,port435_raw__import,541,2020-06-25T00:00:00.000000,145018016.0,10406.8466796875,0.3516429662704468,0.5124590396881104,0.4526287913322449
111,port435_raw__export,541,2020-06-25T00:00:00.000000,19768206.0,3717.582763671875,2.075080394744873,1.204465627670288,0.9819557070732117
112,port439_raw__import,541,2020-06-25T00:00:00.000000,7548604.5,2007.4267578125,0.28760039806365967,0.39183309674263,0.36614876985549927
113,port439_raw__export,541,2020-06-25T00:00:00.000000,3623076.25,1565.7186279296875,0.4357961118221283,0.543021023273468,0.4647386372089386
114,port443_raw__import,541,2020-06-25T00:00:00.000000,68871256.0,4859.2861328125,2.536907911300659,0.9326224327087402,0.748356282711029
115,port443_raw__export,541,2020-06-25T00:00:00.000000,279207520.0,11777.548828125,8.50166130065918,2.0551486015319824,1.6135592460632324
116,port446_raw__import,541,2020-06-25T00:00:00.000000,2405276928.0,38702.76953125,1.8906680345535278,1.085093379020691,0.8529060482978821
117,port446_raw__export,541,2020-06-25T00:00:00.000000,169723440.0,11179.572265625,0.4340446889400482,0.5653553009033203,0.4883326292037964
118,port484_raw__import,541,2020-06-25T00:00:00.000000,255653760.0,8229.5888671875,3.0543856620788574,0.8995264768600464,1.0666601657867432
119,port484_raw__export,541,2020-06-25T00:00:00.000000,4923694.0,2031.264404296875,0.208812415599823,0.41831085085868835,0.4789417088031769
120,port503_raw__import,541,2020-06-25T00:00:00.000000,10678846.0,2544.81884765625,0.22221878170967102,0.3671005368232727,0.33527687191963196
121,port503_raw__export,541,2020-06-25T00:00:00.000000,25455546.0,4237.71728515625,2.921079158782959,1.4355305433273315,1.843557357788086
122,port514_raw__import,541,2020-06-25T00:00:00.000000,252608288.0,13891.8154296875,0.6250348091125488,0.6910147070884705,0.6288807988166809
123,port514_raw__export,541,2020-06-25T00:00:00.000000,75492952.0,7651.91552734375,0.8297210931777954,0.8022006750106812,1.0411981344223022
124,port540_raw__import,541,2020-06-25T00:00:00.000000,705625408.0,24612.142578125,1.4521070718765259,1.1165074110031128,0.8158695697784424
125,port540_raw__export,541,2020-06-25T00:00:00.000000,188213360.0,12719.0107421875,0.33206191658973694,0.5342415571212769,0.4038616120815277
126,port541_raw__import,541,2020-06-25T00:00:00.000000,1583722880.0,34755.2890625,0.6526846289634705,0.7055585384368896,0.61171954870224
127,port541_raw__export,541,2020-06-25T00:00:00.000000,448669728.0,17042.193359375,0.5269895195960999,0.5840675234794617,0.3945479094982147
128,port543_raw__import,541,2020-06-25T00:00:00.000000,64396708.0,7369.4111328125,0.10846039652824402,0.3024381399154663,0.26248759031295776
129,port543_raw__export,541,2020-06-25T00:00:00.000000,101409000.0,6645.091796875,0.6614605784416199,0.5366791486740112,0.47892946004867554
130,port555_raw__import,541,2020-06-25T00:00:00.000000,1114228992.0,17019.79296875,2.1315369606018066,0.7444121837615967,0.7951933145523071
131,port555_raw__export,541,2020-06-25T00:00:00.000000,10799678.0,2581.83056640625,0.4929148256778717,0.5515797734260559,0.5875471830368042
132,port570_raw__import,541,2020-06-25T00:00:00.000000,284904992.0,9459.6630859375,0.14258404076099396,0.21162214875221252,0.2007952779531479
133,port570_raw__export,541,2020-06-25T00:00:00.000000,1477824128.0,32209.193359375,0.5343438982963562,0.6124616861343384,0.492196649312973
134,port592_raw__import,541,2020-06-25T00:00:00.000000,43934776.0,5618.08447265625,0.1289001703262329,0.30430617928504944,0.25467896461486816
135,port592_raw__export,541,2020-06-25T00:00:00.000000,32480394.0,5136.35400390625,0.8361281156539917,0.8241016268730164,0.822699785232544
136,port601_raw__import,541,2020-06-25T00:00:00.000000,1641058.375,905.9580688476562,2.421743392944336,1.100550889968872,1.1024830341339111
137,port601_raw__export,541,2020-06-25T00:00:00.000000,2785173.25,953.511474609375,1.8491560220718384,0.7769384980201721,0.774243950843811
138,port62_raw__import,541,2020-06-25T00:00:00.000000,159806800.0,7533.529296875,2.9596803188323975,1.0252346992492676,0.8911855220794678
139,port62_raw__export,541,2020-06-25T00:00:00.000000,83796496.0,4698.580078125,0.4261494576931,0.33506929874420166,0.37389957904815674
140,port644_raw__import,541,2020-06-25T00:00:00.000000,10218225664.0,97519.7265625,0.811931848526001,0.8692896366119385,0.7406255006790161
141,port644_raw__export,541,2020-06-25T00:00:00.000000,278706624.0,14112.33203125,1.120423674583435,0.8947799801826477,0.722941517829895
142,port649_raw__import,541,2020-06-25T00:00:00.000000,28558572.0,2808.64990234375,0.14249689877033234,0.19839559495449066,0.22639359533786774
143,port649_raw__export,541,2020-06-25T00:00:00.000000,21628026.0,4218.2294921875,0.2617045044898987,0.4640100598335266,0.4544946551322937
144,port657_raw__import,541,2020-06-25T00:00:00.000000,170791536.0,11391.6494140625,0.8286594748497009,0.7934900522232056,0.6833322048187256
145,port657_raw__export,541,2020-06-25T00:00:00.000000,109119600.0,7133.53125,1.4649128913879395,0.8265308141708374,0.6348977088928223
146,port667_raw__import,541,2020-06-25T00:00:00.000000,6089011.5,2123.270263671875,0.8925591111183167,0.8129247426986694,0.6166636943817139
147,port667_raw__export,541,2020-06-25T00:00:00.000000,1255434.0,954.6040649414062,0.7648469805717468,0.745098352432251,0.6014735102653503
148,port672_raw__import,541,2020-06-25T00:00:00.000000,293977216.0,10793.212890625,0.10735297948122025,0.2062533050775528,0.2116345465183258
149,port672_raw__export,541,2020-06-25T00:00:00.000000,292808608.0,7280.2412109375,0.934493899345398,0.41128432750701904,0.5978636145591736
150,port67_raw__import,541,2020-06-25T00:00:00.000000,24855786.0,4318.46728515625,0.46405643224716187,0.5900670289993286,0.6280903220176697
151,port67_raw__export,541,2020-06-25T00:00:00.000000,2338914.75,1249.9400634765625,0.1852199137210846,0.35174334049224854,0.41398385167121887
152,port681_raw__import,541,2020-06-25T00:00:00.000000,1712774016.0,32497.078125,0.3586152195930481,0.4702281355857849,0.5407803058624268
153,port681_raw__export,541,2020-06-25T00:00:00.000000,49336140.0,5988.5224609375,0.43492257595062256,0.5622676610946655,0.5381522178649902
154,port738_raw__import,541,2020-06-25T00:00:00.000000,11278381.0,1828.95703125,3.3079981803894043,0.9905188679695129,0.9590393900871277
155,port738_raw__export,541,2020-06-25T00:00:00.000000,24706306.0,3183.8271484375,1.6562740802764893,0.8243500590324402,0.8964829444885254
156,port73_raw__import,541,2020-06-25T00:00:00.000000,164846464.0,9919.939453125,0.4822455644607544,0.5365414619445801,0.40090081095695496
157,port73_raw__export,541,2020-06-25T00:00:00.000000,17168016.0,3100.50732421875,0.1260054111480713,0.2656239867210388,0.25133928656578064
158,port744_raw__import,541,2020-06-25T00:00:00.000000,1424572416.0,32665.978515625,0.7544592618942261,0.7517463564872742,0.5436053276062012
159,port744_raw__export,541,2020-06-25T00:00:00.000000,358476672.0,15301.1259765625,0.4317944347858429,0.5310451984405518,0.37505286931991577
160,port766_raw__import,541,2020-06-25T00:00:00.000000,88750456.0,7558.16259765625,1.6423366069793701,1.028163194656372,0.8616362810134888
161,port766_raw__export,541,2020-06-25T00:00:00.000000,48654796.0,4592.76123046875,0.9655107259750366,0.6469780802726746,0.6592040061950684
162,port775_raw__import,541,2020-06-25T00:00:00.000000,1326159616.0,31695.662109375,2.368074893951416,1.3393672704696655,1.382499098777771
163,port775_raw__export,541,2020-06-25T00:00:00.000000,184432416.0,7870.68798828125,5.66027307510376,1.3788365125656128,1.4303628206253052
164,port776_raw__import,541,2020-06-25T00:00:00.000000,888104640.0,25387.294921875,1.0405058860778809,0.8689737915992737,0.7426684498786926
165,port776_raw__export,541,2020-06-25T00:00:00.000000,689678464.0,19896.29296875,0.9070146083831787,0.7215327620506287,0.6000251770019531
166,port781_raw__import,541,2020-06-25T00:00:00.000000,69169152.0,6228.75732421875,3.672506809234619,1.4352463483810425,1.3179740905761719
167,port781_raw__export,541,2020-06-25T00:00:00.000000,281649984.0,11242.603515625,1.2321476936340332,0.7436068654060364,0.6836351752281189
168,port787_raw__import,541,2020-06-25T00:00:00.000000,227440.40625,410.07171630859375,0.5141503810882568,0.6165540218353271,0.6979551911354065
169,port787_raw__export,541,2020-06-25T00:00:00.000000,943012480.0,21069.98828125,1.9190301895141602,0.9504876732826233,0.8255499601364136
170,port795_raw__import,541,2020-06-25T00:00:00.000000,38930028.0,5562.63134765625,0.557196319103241,0.6654908061027527,0.5595154166221619
171,port795_raw__export,541,2020-06-25T00:00:00.000000,26788410.0,3920.46826171875,0.4648590385913849,0.5164462924003601,0.5227512717247009
172,port805_raw__import,541,2020-06-25T00:00:00.000000,1543192320.0,30185.80859375,2.093068838119507,1.111692190170288,0.8961775898933411
173,port805_raw__export,541,2020-06-25T00:00:00.000000,588474048.0,21614.197265625,2.458034038543701,1.3969130516052246,1.1405690908432007
174,port811_raw__import,541,2020-06-25T00:00:00.000000,861959104.0,22838.470703125,0.852648913860321,0.7183048129081726,0.6656865477561951
175,port811_raw__export,541,2020-06-25T00:00:00.000000,164818544.0,5762.6376953125,1.1438584327697754,0.4800698161125183,0.43485555052757263
176,port815_raw__import,541,2020-06-25T00:00:00.000000,1948448256.0,38385.0859375,1.1980092525482178,0.9518054127693176,0.6781120896339417
177,port815_raw__export,541,2020-06-25T00:00:00.000000,234771072.0,13547.904296875,0.5774770975112915,0.6719194650650024,0.5218389630317688
178,port826_raw__import,541,2020-06-25T00:00:00.000000,172223392.0,8419.7470703125,3.252023935317993,1.156990647315979,1.0068409442901611
179,port826_raw__export,541,2020-06-25T00:00:00.000000,478609344.0,14563.6357421875,1.01587975025177,0.6709657311439514,0.5996050834655762
180,port839_raw__import,541,2020-06-25T00:00:00.000000,35392272.0,4795.03662109375,0.6675111651420593,0.6585170030593872,0.5421323776245117
181,port839_raw__export,541,2020-06-25T00:00:00.000000,58082296.0,7230.48486328125,0.35899463295936584,0.5684463977813721,0.43119969964027405
182,port845_raw__import,541,2020-06-25T00:00:00.000000,1104033024.0,19009.1015625,1.1839669942855835,0.6225014925003052,0.5759953856468201
183,port845_raw__export,541,2020-06-25T00:00:00.000000,168854064.0,12082.3291015625,0.6093368530273438,0.7258111834526062,0.6468216180801392
184,port862_raw__import,541,2020-06-25T00:00:00.000000,65310468.0,7006.3349609375,0.5756763815879822,0.6577922105789185,0.6591643691062927
185,port862_raw__export,541,2020-06-25T00:00:00.000000,7939669.5,2185.31787109375,0.5711485743522644,0.5861219763755798,0.577815055847168
186,port908_raw__import,541,2020-06-25T00:00:00.000000,432172192.0,19436.599609375,1.0264710187911987,0.9472513794898987,0.754153311252594
187,port908_raw__export,541,2020-06-25T00:00:00.000000,294952480.0,16706.310546875,1.0072101354599,0.976257860660553,0.9053643345832825
188,port915_raw__import,541,2020-06-25T00:00:00.000000,2489552384.0,31944.28125,0.6008882522583008,0.4962829351425171,0.4611373543739319
189,port915_raw__export,541,2020-06-25T00:00:00.000000,68530984.0,7154.7412109375,1.0299770832061768,0.8771305680274963,0.7482016682624817
190,port917_raw__import,541,2020-06-25T00:00:00.000000,7739396.5,1910.65771484375,0.8678746819496155,0.6398200988769531,0.6173160672187805
191,port917_raw__export,541,2020-06-25T00:00:00.000000,219346768.0,11932.1943359375,0.9523731470108032,0.7862457036972046,0.5897666811943054
192,port958_raw__import,541,2020-06-25T00:00:00.000000,47463056.0,5499.02392578125,1.3330026865005493,0.92155921459198,0.8921504616737366
193,port958_raw__export,541,2020-06-25T00:00:00.000000,10754980.0,1934.2845458984375,0.7940921187400818,0.5255947113037109,0.49947836995124817
194,port959_raw__import,541,2020-06-25T00:00:00.000000,713056064.0,18273.5859375,1.3898166418075562,0.8067532777786255,0.83363938331604
195,port959_raw__export,541,2020-06-25T00:00:00.000000,511587936.0,20639.8046875,1.003262996673584,0.9140139222145081,0.7131478786468506
196,port985_raw__import,541,2020-06-25T00:00:00.000000,2747750912.0,44140.0546875,2.9547529220581055,1.4474539756774902,1.197374701499939
197,port985_raw__export,541,2020-06-25T00:00:00.000000,162976128.0,11124.005859375,0.46878328919410706,0.596602737903595,0.4652178883552551
0,port1016_raw__import,1053,2021-11-19T00:00:00.000000,2872255.75,1335.8109130859375,0.13291624188423157,0.2873574197292328,0.26174867153167725
1,port1016_raw__export,1053,2021-11-19T00:00:00.000000,11900609.0,2882.993896484375,0.44796639680862427,0.5593477487564087,0.5190293192863464
2,port1035_raw__import,1053,2021-11-19T00:00:00.000000,659298944.0,15173.2373046875,5.853041648864746,1.4296438694000244,1.3498846292495728
3,port1035_raw__export,1053,2021-11-19T00:00:00.000000,133700544.0,8825.8974609375,2.4237170219421387,1.1883196830749512,1.0646593570709229
4,port1057_raw__import,1053,2021-11-19T00:00:00.000000,398354464.0,15217.7509765625,1.5107651948928833,0.9371607303619385,0.8066726326942444
5,port1057_raw__export,1053,2021-11-19T00:00:00.000000,19255944.0,3219.756103515625,1.4147111177444458,0.8727190494537354,0.6550528407096863
6,port1065_raw__import,1053,2021-11-19T00:00:00.000000,1502304640.0,36355.7109375,1.3858107328414917,1.1041946411132812,1.0237764120101929
7,port1065_raw__export,1053,2021-11-19T00:00:00.000000,1353040640.0,29470.626953125,1.4375275373458862,0.9605987071990967,0.9332078099250793
8,port1070_raw__import,1053,2021-11-19T00:00:00.000000,37473914880.0,143219.59375,3.2647042274475098,1.3367797136306763,1.1525509357452393
9,port1070_raw__export,1053,2021-11-19T00:00:00.000000,1276889600.0,30877.650390625,1.9274953603744507,1.1996768712997437,1.4405947923660278
10,port1071_raw__import,1053,2021-11-19T00:00:00.000000,2329176064.0,47008.45703125,1.2750118970870972,1.0998461246490479,0.918811559677124
11,port1071_raw__export,1053,2021-11-19T00:00:00.000000,331254784.0,12244.990234375,0.7695669531822205,0.5902017951011658,0.594929575920105
12,port1073_raw__import,1053,2021-11-19T00:00:00.000000,1149687424.0,28135.470703125,0.752825915813446,0.7199652791023254,0.608109176158905
13,port1073_raw__export,1053,2021-11-19T00:00:00.000000,19698486.0,3950.717041015625,0.43115878105163574,0.5844912528991699,0.5371517539024353
14,port1086_raw__import,1053,2021-11-19T00:00:00.000000,116132336.0,6998.93701171875,1.9021196365356445,0.8957244753837585,0.6710692048072815
15,port1086_raw__export,1053,2021-11-19T00:00:00.000000,67124760.0,6027.59033203125,0.6598259210586548,0.5976088643074036,0.6378016471862793
16,port1112_raw__import,1053,2021-11-19T00:00:00.000000,151218.421875,288.5541076660156,0.576749324798584,0.5635318160057068,0.5538762211799622
17,port1112_raw__export,1053,2021-11-19T00:00:00.000000,17332734.0,3611.28173828125,0.397063672542572,0.5465852618217468,0.8640866875648499
18,port1128_raw__import,1053,2021-11-19T00:00:00.000000,119985040.0,10035.3203125,0.2611231803894043,0.4681558609008789,0.38618865609169006
19,port1128_raw__export,1053,2021-11-19T00:00:00.000000,1483082.125,1144.4549560546875,0.20423193275928497,0.42469581961631775,0.42765745520591736
20,port1135_raw__import,1053,2021-11-19T00:00:00.000000,2928678.5,1358.7454833984375,0.1358473300933838,0.29263606667518616,0.46855396032333374
21,port1135_raw__export,1053,2021-11-19T00:00:00.000000,2602331.75,1374.8697509765625,0.2606138586997986,0.4350898861885071,0.4549926221370697
22,port1160_raw__import,1053,2021-11-19T00:00:00.000000,1183446016.0,26122.853515625,1.559160590171814,0.948182225227356,1.0340317487716675
23,port1160_raw__export,1053,2021-11-19T00:00:00.000000,5140889600.0,60795.28125,1.2104036808013916,0.9328586459159851,0.7444860339164734
24,port1189_raw__import,1053,2021-11-19T00:00:00.000000,105791016.0,8103.04150390625,0.3616076707839966,0.47374263405799866,0.4297653138637543
25,port1189_raw__export,1053,2021-11-19T00:00:00.000000,456314592.0,19613.3359375,1.0727001428604126,0.9509517550468445,0.7774917483329773
26,port1197_raw__import,1053,2021-11-19T00:00:00.000000,360822144.0,17136.859375,1.1666860580444336,0.9744546413421631,0.9972628355026245
27,port1197_raw__export,1053,2021-11-19T00:00:00.000000,560463552.0,21468.85546875,0.6007689237594604,0.702892541885376,0.7087162733078003
28,port1201_raw__import,1053,2021-11-19T00:00:00.000000,23309424640.0,137663.421875,1.815617322921753,1.2149680852890015,1.2698168754577637
29,port1201_raw__export,1053,2021-11-19T00:00:00.000000,4595394560.0,57301.09375,1.6269747018814087,1.078181505203247,0.8936391472816467
30,port1248_raw__import,1053,2021-11-19T00:00:00.000000,10438879.0,3029.14111328125,0.3909974694252014,0.5862455368041992,0.5061149597167969
31,port1248_raw__export,1053,2021-11-19T00:00:00.000000,1120425984.0,20627.00390625,1.8238757848739624,0.8322277665138245,0.9207627773284912
32,port1266_raw__import,1053,2021-11-19T00:00:00.000000,23184312320.0,137260.875,1.104238748550415,0.9472861289978027,0.968538761138916
33,port1266_raw__export,1053,2021-11-19T00:00:00.000000,2128442624.0,36706.8828125,1.0746996402740479,0.8248216509819031,0.8498522043228149
34,port1269_raw__import,1053,2021-11-19T00:00:00.000000,2006580992.0,31505.15234375,1.3573987483978271,0.8194206953048706,0.765521764755249
35,port1269_raw__export,1053,2021-11-19T00:00:00.000000,512722976.0,20197.263671875,0.7628609538078308,0.7790653109550476,0.6577541828155518
36,port1284_raw__import,1053,2021-11-19T00:00:00.000000,84632632.0,7485.5068359375,0.3040713667869568,0.448683500289917,0.39859873056411743
37,port1284_raw__export,1053,2021-11-19T00:00:00.000000,235579088.0,11555.1826171875,1.9281426668167114,1.045389175415039,0.9942075610160828
38,port1304_raw__import,1053,2021-11-19T00:00:00.000000,391420000.0,15302.0419921875,0.7014109492301941,0.6477600336074829,0.593529224395752
39,port1304_raw__export,1053,2021-11-19T00:00:00.000000,83656760.0,6274.26513671875,3.440408229827881,1.2723814249038696,1.4001771211624146
40,port1309_raw__import,1053,2021-11-19T00:00:00.000000,109577440.0,10415.3125,0.4723024368286133,0.6837885975837708,0.513770341873169
41,port1309_raw__export,1053,2021-11-19T00:00:00.000000,84841112.0,8893.19140625,0.2341609001159668,0.46720948815345764,0.4281232953071594
42,port1318_raw__import,1053,2021-11-19T00:00:00.000000,2483071744.0,47736.57421875,1.5004903078079224,1.1734731197357178,1.0857722759246826
43,port1318_raw__export,1053,2021-11-19T00:00:00.000000,44980252.0,4647.15380859375,2.59597110748291,1.1164158582687378,1.168755292892456
44,port132_raw__import,1053,2021-11-19T00:00:00.000000,26877524.0,4719.05224609375,0.6455038785934448,0.7313235402107239,0.6836725473403931
45,port132_raw__export,1053,2021-11-19T00:00:00.000000,105601.6484375,319.22607421875,0.14263825118541718,0.3710061013698578,0.40516984462738037
46,port1330_raw__import,1053,2021-11-19T00:00:00.000000,1159846.75,828.5406494140625,3.2347304821014404,1.3836700916290283,1.1672110557556152
47,port1330_raw__export,1053,2021-11-19T00:00:00.000000,2109634.5,1385.2640380859375,1.2161672115325928,1.0517818927764893,1.0200119018554688
48,port1358_raw__import,1053,2021-11-19T00:00:00.000000,521864128.0,18187.6640625,0.6542524695396423,0.6439778804779053,0.5706800818443298
49,port1358_raw__export,1053,2021-11-19T00:00:00.000000,109324256.0,7771.71484375,4.180498123168945,1.519751787185669,1.403624415397644
50,port139_raw__import,1053,2021-11-19T00:00:00.000000,258045136.0,10343.53125,9.100384712219238,1.9424548149108887,2.171642303466797
51,port139_raw__export,1053,2021-11-19T00:00:00.000000,27492212.0,4486.1259765625,0.9842574596405029,0.84883052110672,0.8332064747810364
52,port1410_raw__import,1053,2021-11-19T00:00:00.000000,2218147840.0,24712.55859375,1.4453235864639282,0.6308193206787109,0.6255365610122681
53,port1410_raw__export,1053,2021-11-19T00:00:00.000000,33115684.0,5171.40576171875,0.032035015523433685,0.16084375977516174,0.19507688283920288
54,port1414_raw__import,1053,2021-11-19T00:00:00.000000,161194992.0,8884.408203125,0.316405713558197,0.3936179280281067,0.4225822985172272
55,port1414_raw__export,1053,2021-11-19T00:00:00.000000,1740135936.0,31302.73828125,0.953309178352356,0.7326686978340149,0.8035203814506531
56,port1425_raw__import,1053,2021-11-19T00:00:00.000000,215070160.0,11827.4599609375,0.22788016498088837,0.38499465584754944,0.33175668120384216
57,port1425_raw__export,1053,2021-11-19T00:00:00.000000,70941552.0,5000.60693359375,1.9677200317382812,0.8328255414962769,0.7090669870376587
58,port1426_raw__import,1053,2021-11-19T00:00:00.000000,7371105280.0,70622.0,0.8093257546424866,0.7400062680244446,0.6358940005302429
59,port1426_raw__export,1053,2021-11-19T00:00:00.000000,479367232.0,11911.490234375,0.9414835572242737,0.5278838276863098,0.6569675803184509
60,port168_raw__import,1053,2021-11-19T00:00:00.000000,197652048.0,12420.595703125,0.5684095621109009,0.6660739183425903,0.6005749106407166
61,port168_raw__export,1053,2021-11-19T00:00:00.000000,491884544.0,19605.556640625,0.9104374647140503,0.8434759378433228,1.0235522985458374
62,port193_raw__import,1053,2021-11-19T00:00:00.000000,80059560.0,6318.67431640625,0.9312842488288879,0.6814916133880615,0.8692770600318909
63,port193_raw__export,1053,2021-11-19T00:00:00.000000,6204326.0,2400.15576171875,0.10327260941267014,0.3096596896648407,0.33821699023246765
64,port2017_raw__import,1053,2021-11-19T00:00:00.000000,1551444.125,1170.066650390625,0.9518261551856995,0.9164764285087585,0.8392693996429443
65,port2017_raw__export,1053,2021-11-19T00:00:00.000000,9689355.0,2092.951171875,2.5492215156555176,1.073533058166504,0.8823218941688538
66,port2025_raw__import,1053,2021-11-19T00:00:00.000000,1897021952.0,28193.220703125,2.5852246284484863,1.0407767295837402,0.9757717251777649
67,port2025_raw__export,1053,2021-11-19T00:00:00.000000,485262080.0,13540.474609375,1.1508715152740479,0.6594155430793762,0.5724930763244629
68,port2027_raw__import,1053,2021-11-19T00:00:00.000000,569571776.0,15671.2470703125,0.41918647289276123,0.42514094710350037,0.3488558232784271
69,port2027_raw__export,1053,2021-11-19T00:00:00.000000,5778820608.0,67180.25,1.9419441223144531,1.2315168380737305,0.9183359742164612
70,port2031_raw__import,1053,2021-11-19T00:00:00.000000,314069088.0,10638.8515625,1.2865489721298218,0.6809188723564148,0.6053220629692078
71,port2031_raw__export,1053,2021-11-19T00:00:00.000000,24129044.0,4474.69580078125,0.13237237930297852,0.33143025636672974,0.3438681960105896
72,port2039_raw__import,1053,2021-11-19T00:00:00.000000,997958400.0,24500.267578125,0.8764980435371399,0.7260894179344177,0.608972430229187
73,port2039_raw__export,1053,2021-11-19T00:00:00.000000,43625068.0,2843.938232421875,0.24867992103099823,0.2147199809551239,0.3698340952396393
74,port2044_raw__import,1053,2021-11-19T00:00:00.000000,2611180032.0,39569.4609375,1.33798086643219,0.8957085609436035,0.6598666310310364
75,port2044_raw__export,1053,2021-11-19T00:00:00.000000,66353184.0,6389.17138671875,0.7136766910552979,0.6626198887825012,0.5843418836593628
76,port2189_raw__import,1053,2021-11-19T00:00:00.000000,95107384.0,8142.8271484375,0.3880148231983185,0.5201064944267273,0.4500826597213745
77,port2189_raw__export,1053,2021-11-19T00:00:00.000000,169482992.0,7639.3212890625,1.3839250802993774,0.6903160810470581,0.7831346988677979
78,port22_raw__import,1053,2021-11-19T00:00:00.000000,225742016.0,11268.451171875,2.180922031402588,1.1075876951217651,0.9431702494621277
79,port22_raw__export,1053,2021-11-19T00:00:00.000000,65118072.0,5438.701171875,0.7751134037971497,0.5933720469474792,0.6197936534881592
80,port254_raw__import,1053,2021-11-19T00:00:00.000000,2565137408.0,39150.85546875,4.079354763031006,1.5612832307815552,1.3629921674728394
81,port254_raw__export,1053,2021-11-19T00:00:00.000000,475776800.0,20159.8203125,1.50193452835083,1.1326887607574463,1.091281533241272
82,port270_raw__import,1053,2021-11-19T00:00:00.000000,13859866624.0,89050.2421875,2.705740451812744,1.244224190711975,1.2426564693450928
83,port270_raw__export,1053,2021-11-19T00:00:00.000000,414817632.0,17771.267578125,1.2604122161865234,0.9795939326286316,0.8366462588310242
84,port281_raw__import,1053,2021-11-19T00:00:00.000000,22133990.0,3462.2353515625,0.20822684466838837,0.33581116795539856,0.34653106331825256
85,port281_raw__export,1053,2021-11-19T00:00:00.000000,49035516.0,4494.02294921875,0.9268913269042969,0.6178659796714783,0.6337383985519409
86,port307_raw__import,1053,2021-11-19T00:00:00.000000,46628516.0,6043.66259765625,1.6616023778915405,1.1408747434616089,0.889586329460144
87,port307_raw__export,1053,2021-11-19T00:00:00.000000,2255214.75,1145.106201171875,0.5674176812171936,0.5743851661682129,0.44530972838401794
88,port310_raw__import,1053,2021-11-19T00:00:00.000000,540859328.0,19961.26953125,1.104867696762085,0.9021964073181152,0.8111174702644348
89,port310_raw__export,1053,2021-11-19T00:00:00.000000,74324704.0,5436.93310546875,0.7961467504501343,0.5627091526985168,0.581994354724884
90,port317_raw__import,1053,2021-11-19T00:00:00.000000,318095712.0,14260.69921875,1.2950083017349243,0.9099094867706299,0.7714447379112244
91,port317_raw__export,1053,2021-11-19T00:00:00.000000,196442464.0,10594.134765625,2.581991195678711,1.214577317237854,1.3162606954574585
92,port342_raw__import,1053,2021-11-19T00:00:00.000000,546677120.0,17187.529296875,1.2953990697860718,0.8366615176200867,0.6875474452972412
93,port342_raw__export,1053,2021-11-19T00:00:00.000000,10595486.0,2827.07177734375,0.17605046927928925,0.36441391706466675,0.3719421327114105
94,port358_raw__import,1053,2021-11-19T00:00:00.000000,74889824.0,3626.629150390625,0.7316681742668152,0.3584666848182678,0.4089638590812683
95,port358_raw__export,1053,2021-11-19T00:00:00.000000,434418336.0,17307.77734375,1.157991886138916,0.893593430519104,0.8049488663673401
96,port361_raw__import,1053,2021-11-19T00:00:00.000000,532992320.0,17721.12890625,2.1252336502075195,1.1190106868743896,0.9858248829841614
97,port361_raw__export,1053,2021-11-19T00:00:00.000000,659921664.0,21144.791015625,2.950701951980591,1.4139039516448975,1.1528477668762207
98,port362_raw__import,1053,2021-11-19T00:00:00.000000,1058705536.0,26201.36328125,0.8057514429092407,0.722831130027771,0.7943868041038513
99,port362_raw__export,1053,2021-11-19T00:00:00.000000,2307833856.0,38774.796875,1.3045952320098877,0.9219028353691101,0.7902554273605347
100,port364_raw__import,1053,2021-11-19T00:00:00.000000,5548176896.0,54592.83984375,3.5293264389038086,1.3769128322601318,1.254844069480896
101,port364_raw__export,1053,2021-11-19T00:00:00.000000,231847936.0,12404.298828125,1.8232139348983765,1.0999916791915894,0.8548352718353271
102,port380_raw__import,1053,2021-11-19T00:00:00.000000,1461427072.0,33778.1015625,1.2148017883300781,0.9738662242889404,0.7803843021392822
103,port380_raw__export,1053,2021-11-19T00:00:00.000000,76407984.0,6827.64892578125,0.32341456413269043,0.44420313835144043,0.4683031439781189
104,port425_raw__import,1053,2021-11-19T00:00:00.000000,1287232000.0,29154.46484375,0.9700688123703003,0.800346314907074,0.6936152577400208
105,port425_raw__export,1053,2021-11-19T00:00:00.000000,746344320.0,21665.716796875,1.8058873414993286,1.0657339096069336,0.9102884531021118
106,port426_raw__import,1053,2021-11-19T00:00:00.000000,290019456.0,13051.1279296875,4.954728126525879,1.7058638334274292,1.873512864112854
107,port426_raw__export,1053,2021-11-19T00:00:00.000000,176793904.0,12008.9560546875,2.293682813644409,1.3678494691848755,1.0172618627548218
108,port434_raw__import,1053,2021-11-19T00:00:00.000000,100809936.0,8919.560546875,0.9711471199989319,0.8754559755325317,0.6842766404151917
109,port434_raw__export,1053,2021-11-19T00:00:00.000000,12873178.0,3369.3623046875,0.502605676651001,0.6657612323760986,0.5987570881843567
110,port435_raw__import,1053,2021-11-19T00:00:00.000000,443387808.0,16001.6748046875,1.6821633577346802,0.9856157302856445,0.7372175455093384
111,port435_raw__export,1053,2021-11-19T00:00:00.000000,18431722.0,3944.70263671875,1.0531795024871826,0.9429365992546082,0.9217506647109985
112,port439_raw__import,1053,2021-11-19T00:00:00.000000,10649837.0,2933.318603515625,0.8496410846710205,0.8285247683525085,0.6948776841163635
113,port439_raw__export,1053,2021-11-19T00:00:00.000000,7985878.0,2294.356689453125,1.8208423852920532,1.0955588817596436,0.8527823090553284
114,port443_raw__import,1053,2021-11-19T00:00:00.000000,146999536.0,9849.8818359375,2.4128947257995605,1.2619502544403076,1.2123448848724365
115,port443_raw__export,1053,2021-11-19T00:00:00.000000,101135608.0,7053.9296875,2.299140214920044,1.0635595321655273,1.1473387479782104
116,port446_raw__import,1053,2021-11-19T00:00:00.000000,622455552.0,20968.6171875,0.3546384572982788,0.5005051493644714,0.5182783603668213
117,port446_raw__export,1053,2021-11-19T00:00:00.000000,474412352.0,17328.462890625,1.5148144960403442,0.979178249835968,0.7806463837623596
118,port484_raw__import,1053,2021-11-19T00:00:00.000000,74046008.0,4013.3603515625,0.4199482202529907,0.302242249250412,0.4999596178531647
119,port484_raw__export,1053,2021-11-19T00:00:00.000000,29043490.0,4249.21728515625,0.6959222555160522,0.6577561497688293,0.5800856947898865
120,port503_raw__import,1053,2021-11-19T00:00:00.000000,94651600.0,9260.974609375,2.4052186012268066,1.476284146308899,1.8300318717956543
121,port503_raw__export,1053,2021-11-19T00:00:00.000000,40709712.0,4332.4033203125,0.7068422436714172,0.5708750486373901,0.6316673755645752
122,port514_raw__import,1053,2021-11-19T00:00:00.000000,284452128.0,13392.669921875,0.4857151508331299,0.5534181594848633,0.536585807800293
123,port514_raw__export,1053,2021-11-19T00:00:00.000000,47077260.0,5020.150390625,0.4184674024581909,0.47330594062805176,0.46474650502204895
124,port540_raw__import,1053,2021-11-19T00:00:00.000000,599452416.0,22502.029296875,0.9039970636367798,0.8738318085670471,0.6624342799186707
125,port540_raw__export,1053,2021-11-19T00:00:00.000000,148217824.0,10178.3037109375,0.35337182879447937,0.49698251485824585,0.4442247152328491
126,port541_raw__import,1053,2021-11-19T00:00:00.000000,3455369472.0,49240.57421875,1.39395010471344,0.9890071749687195,0.7120899558067322
127,port541_raw__export,1053,2021-11-19T00:00:00.000000,214088768.0,11989.6884765625,0.25071728229522705,0.41030141711235046,0.2930251359939575
128,port543_raw__import,1053,2021-11-19T00:00:00.000000,307948736.0,12317.044921875,0.5014748573303223,0.49704068899154663,0.43930548429489136
129,port543_raw__export,1053,2021-11-19T00:00:00.000000,331842688.0,13970.9677734375,1.2625278234481812,0.8617490530014038,0.9034119844436646
130,port555_raw__import,1053,2021-11-19T00:00:00.000000,233181504.0,11597.544921875,0.32392826676368713,0.43225836753845215,0.36670026183128357
131,port555_raw__export,1053,2021-11-19T00:00:00.000000,3506880.5,1693.4195556640625,0.09955321252346039,0.2853196859359741,0.26655974984169006
132,port570_raw__import,1053,2021-11-19T00:00:00.000000,44456532.0,4622.70458984375,0.018841631710529327,0.09516726434230804,0.12347404658794403
133,port570_raw__export,1053,2021-11-19T00:00:00.000000,3315631616.0,40972.1640625,0.9897071719169617,0.7078791260719299,0.69459468126297
134,port592_raw__import,1053,2021-11-19T00:00:00.000000,76976128.0,8156.912109375,0.2610045075416565,0.474976122379303,0.412263423204422
135,port592_raw__export,1053,2021-11-19T00:00:00.000000,3756415.25,1715.35400390625,0.1763610690832138,0.3716792166233063,0.30150550603866577
136,port601_raw__import,1053,2021-11-19T00:00:00.000000,188074.90625,363.9759521484375,0.15708689391613007,0.3326420783996582,0.34442490339279175
137,port601_raw__export,1053,2021-11-19T00:00:00.000000,828260.125,733.2569580078125,0.1264907419681549,0.2865511476993561,0.35978299379348755
138,port62_raw__import,1053,2021-11-19T00:00:00.000000,375284608.0,15126.333984375,3.6660499572753906,1.4950391054153442,1.3972913026809692
139,port62_raw__export,1053,2021-11-19T00:00:00.000000,57477072.0,4733.2607421875,1.0092116594314575,0.627197265625,0.7010738253593445
140,port644_raw__import,1053,2021-11-19T00:00:00.000000,14383391744.0,79576.609375,0.9847605228424072,0.6584459543228149,0.6367249488830566
141,port644_raw__export,1053,2021-11-19T00:00:00.000000,249923888.0,13554.2197265625,0.3535996079444885,0.5098313093185425,0.47322922945022583
142,port649_raw__import,1053,2021-11-19T00:00:00.000000,772540.1875,829.0777587890625,0.01867545209825039,0.12890516221523285,0.16708871722221375
143,port649_raw__export,1053,2021-11-19T00:00:00.000000,13607681.0,3031.13916015625,0.5277060866355896,0.5969113111495972,0.6438146829605103
144,port657_raw__import,1053,2021-11-19T00:00:00.000000,168622704.0,11074.263671875,0.4568699300289154,0.5764386653900146,0.5819854736328125
145,port657_raw__export,1053,2021-11-19T00:00:00.000000,75738592.0,6898.3876953125,0.9964954257011414,0.7912734746932983,0.6872256994247437
146,port667_raw__import,1053,2021-11-19T00:00:00.000000,8498113.0,2493.583251953125,2.0056991577148438,1.211422324180603,1.0072194337844849
147,port667_raw__export,1053,2021-11-19T00:00:00.000000,39051100.0,2938.098388671875,18.843185424804688,2.040923833847046,2.518415927886963
148,port672_raw__import,1053,2021-11-19T00:00:00.000000,953482368.0,17910.76171875,0.45840218663215637,0.39271825551986694,0.3542514145374298
149,port672_raw__export,1053,2021-11-19T00:00:00.000000,1206963200.0,20565.4296875,0.980699360370636,0.5862173438072205,0.5699338316917419
150,port67_raw__import,1053,2021-11-19T00:00:00.000000,188084240.0,7114.67431640625,2.453221321105957,0.8125446438789368,0.897598385810852
151,port67_raw__export,1053,2021-11-19T00:00:00.000000,6767150.0,2271.481201171875,0.22121040523052216,0.41068515181541443,0.3498215079307556
152,port681_raw__import,1053,2021-11-19T00:00:00.000000,2322023680.0,44683.98828125,0.5374792218208313,0.6798287034034729,0.521514356136322
153,port681_raw__export,1053,2021-11-19T00:00:00.000000,625055424.0,21440.4296875,1.3168041706085205,0.9840900301933289,0.7989521622657776
154,port738_raw__import,1053,2021-11-19T00:00:00.000000,1507921.5,1071.5267333984375,0.061881307512521744,0.21706680953502655,0.2570589780807495
155,port738_raw__export,1053,2021-11-19T00:00:00.000000,39406264.0,5750.23681640625,1.2919565439224243,1.0411829948425293,0.9091575145721436
156,port73_raw__import,1053,2021-11-19T00:00:00.000000,539377728.0,19583.72265625,2.3593387603759766,1.295220971107483,1.0221461057662964
157,port73_raw__export,1053,2021-11-19T00:00:00.000000,191443280.0,10211.2783203125,2.506803035736084,1.168476939201355,1.0388158559799194
158,port744_raw__import,1053,2021-11-19T00:00:00.000000,2178061056.0,36560.171875,1.266356348991394,0.8815585970878601,0.6514358520507812
159,port744_raw__export,1053,2021-11-19T00:00:00.000000,347445568.0,17477.01171875,0.7283506989479065,0.8001916408538818,0.5589853525161743
160,port766_raw__import,1053,2021-11-19T00:00:00.000000,40354780.0,4613.41748046875,0.4805718958377838,0.5034478306770325,0.4518946707248688
161,port766_raw__export,1053,2021-11-19T00:00:00.000000,14686497.0,3413.462158203125,0.2991489768028259,0.4871691167354584,0.41127875447273254
162,port775_raw__import,1053,2021-11-19T00:00:00.000000,705670016.0,24216.013671875,0.5516682267189026,0.677081286907196,0.6572767496109009
163,port775_raw__export,1053,2021-11-19T00:00:00.000000,95933088.0,7483.8291015625,0.7217082381248474,0.6491131782531738,0.535763144493103
164,port776_raw__import,1053,2021-11-19T00:00:00.000000,1818463488.0,37232.6484375,0.7855255007743835,0.7738410830497742,0.6547584533691406
165,port776_raw__export,1053,2021-11-19T00:00:00.000000,167230048.0,11023.619140625,0.4888889789581299,0.5960354804992676,0.5403866171836853
166,port781_raw__import,1053,2021-11-19T00:00:00.000000,9641442.0,1833.7003173828125,0.9522442817687988,0.5762773752212524,0.6236451864242554
167,port781_raw__export,1053,2021-11-19T00:00:00.000000,79333432.0,5630.3115234375,0.29860061407089233,0.345421701669693,0.37489980459213257
168,port787_raw__import,1053,2021-11-19T00:00:00.000000,2497711.25,1023.9466552734375,0.6249451041221619,0.5121853947639465,0.6045589447021484
169,port787_raw__export,1053,2021-11-19T00:00:00.000000,457035680.0,16769.380859375,1.7785279750823975,1.046097755432129,1.0329575538635254
170,port795_raw__import,1053,2021-11-19T00:00:00.000000,17989028.0,4110.76806640625,0.23823024332523346,0.4730614423751831,0.5272764563560486
171,port795_raw__export,1053,2021-11-19T00:00:00.000000,14705414.0,3429.181396484375,0.5281168222427368,0.6498555541038513,0.6069933176040649
172,port805_raw__import,1053,2021-11-19T00:00:00.000000,805162688.0,23478.001953125,0.6735475063323975,0.6790525913238525,0.48394137620925903
173,port805_raw__export,1053,2021-11-19T00:00:00.000000,155367984.0,10225.5205078125,0.401393324136734,0.5197442770004272,0.3954468071460724
174,port811_raw__import,1053,2021-11-19T00:00:00.000000,598729792.0,21457.755859375,1.1854866743087769,0.9548106789588928,1.0532960891723633
175,port811_raw__export,1053,2021-11-19T00:00:00.000000,246623040.0,11444.9560546875,1.1614021062850952,0.7853958010673523,0.800886332988739
176,port815_raw__import,1053,2021-11-19T00:00:00.000000,783869376.0,23355.638671875,0.4557434618473053,0.563157856464386,0.4556921720504761
177,port815_raw__export,1053,2021-11-19T00:00:00.000000,189050816.0,12782.873046875,0.7391687631607056,0.7993021607398987,0.7069565653800964
178,port826_raw__import,1053,2021-11-19T00:00:00.000000,157530832.0,10221.8564453125,2.0375285148620605,1.162515640258789,0.9403764605522156
179,port826_raw__export,1053,2021-11-19T00:00:00.000000,1130887168.0,26694.306640625,0.9446090459823608,0.771498441696167,0.695651650428772
180,port839_raw__import,1053,2021-11-19T00:00:00.000000,41279488.0,4453.3486328125,0.34328898787498474,0.4061153531074524,0.5065256953239441
181,port839_raw__export,1053,2021-11-19T00:00:00.000000,82366904.0,7938.44921875,0.5600594282150269,0.6546005606651306,0.5361847281455994
182,port845_raw__import,1053,2021-11-19T00:00:00.000000,1789506688.0,25375.373046875,2.888503074645996,1.0194882154464722,0.9245150089263916
183,port845_raw__export,1053,2021-11-19T00:00:00.000000,131720872.0,9780.181640625,0.2929803729057312,0.4612526297569275,0.45718422532081604
184,port862_raw__import,1053,2021-11-19T00:00:00.000000,75289496.0,6736.6201171875,1.532431960105896,0.9610931873321533,1.0875804424285889
185,port862_raw__export,1053,2021-11-19T00:00:00.000000,17638618.0,3595.396484375,2.6446075439453125,1.392179012298584,1.0869653224945068
186,port908_raw__import,1053,2021-11-19T00:00:00.000000,621076352.0,20890.76171875,1.3900352716445923,0.9883133172988892,0.9937086701393127
187,port908_raw__export,1053,2021-11-19T00:00:00.000000,438022976.0,15418.638671875,0.9476163387298584,0.7171563506126404,0.847080647945404
188,port915_raw__import,1053,2021-11-19T00:00:00.000000,1818779008.0,29059.755859375,0.3691142201423645,0.41398289799690247,0.5042341351509094
189,port915_raw__export,1053,2021-11-19T00:00:00.000000,8746719.0,2888.63720703125,0.07910827547311783,0.2747143507003784,0.28685152530670166
190,port917_raw__import,1053,2021-11-19T00:00:00.000000,41290508.0,4543.1630859375,1.776566982269287,0.9423755407333374,0.7856337428092957
191,port917_raw__export,1053,2021-11-19T00:00:00.000000,498091104.0,20079.80078125,4.036562442779541,1.8076354265213013,1.415291428565979
192,port958_raw__import,1053,2021-11-19T00:00:00.000000,9927274.0,2357.557861328125,0.3058948516845703,0.41384097933769226,0.40215691924095154
193,port958_raw__export,1053,2021-11-19T00:00:00.000000,10630143.0,2448.648193359375,0.5554851293563843,0.559748649597168,0.4335836172103882
194,port959_raw__import,1053,2021-11-19T00:00:00.000000,343205440.0,12000.3642578125,0.6908462047576904,0.5384036898612976,0.6040541529655457
195,port959_raw__export,1053,2021-11-19T00:00:00.000000,437618976.0,10013.84375,0.8486135601997375,0.44096869230270386,0.5105581283569336
196,port985_raw__import,1053,2021-11-19T00:00:00.000000,2674898944.0,47287.29296875,2.4425370693206787,1.4289313554763794,1.1723791360855103
197,port985_raw__export,1053,2021-11-19T00:00:00.000000,338786688.0,14306.640625,1.477256417274475,0.9447186589241028,0.6375917792320251
0,port1016_raw__import,1565,2023-04-15T00:00:00.000000,4469807.5,1377.581787109375,0.11152209341526031,0.21759726107120514,0.20395252108573914
1,port1016_raw__export,1565,2023-04-15T00:00:00.000000,13806530.0,3019.60986328125,0.5699757933616638,0.6135314106941223,0.6374682188034058
2,port1035_raw__import,1565,2023-04-15T00:00:00.000000,167600800.0,9434.794921875,1.6792443990707397,0.9443899393081665,0.9327648878097534
3,port1035_raw__export,1565,2023-04-15T00:00:00.000000,359846624.0,13632.9248046875,10.369084358215332,2.3141980171203613,2.0396995544433594
4,port1057_raw__import,1565,2023-04-15T00:00:00.000000,292282016.0,15263.748046875,1.1117656230926514,0.941383957862854,0.8564565181732178
5,port1057_raw__export,1565,2023-04-15T00:00:00.000000,9774604.0,2771.699462890625,0.3221653699874878,0.5031946301460266,0.5258272886276245
6,port1065_raw__import,1565,2023-04-15T00:00:00.000000,660580800.0,19729.82421875,0.43915095925331116,0.5087063312530518,0.43318742513656616
7,port1065_raw__export,1565,2023-04-15T00:00:00.000000,1500983680.0,35491.68359375,1.8011516332626343,1.229458212852478,0.9117633700370789
8,port1070_raw__import,1565,2023-04-15T00:00:00.000000,10631009280.0,83492.2890625,0.807631254196167,0.7277223467826843,0.5358104109764099
9,port1070_raw__export,1565,2023-04-15T00:00:00.000000,319982720.0,13981.5361328125,0.3282102942466736,0.44778314232826233,0.3794432282447815
10,port1071_raw__import,1565,2023-04-15T00:00:00.000000,1620268416.0,35524.8671875,1.144579291343689,0.9441954493522644,0.7918208241462708
11,port1071_raw__export,1565,2023-04-15T00:00:00.000000,937359040.0,21113.14453125,2.0614407062530518,0.9901143908500671,0.8698151111602783
12,port1073_raw__import,1565,2023-04-15T00:00:00.000000,2911444224.0,44333.140625,3.3563640117645264,1.5052504539489746,1.5733370780944824
13,port1073_raw__export,1565,2023-04-15T00:00:00.000000,111044504.0,6723.42041015625,1.3792378902435303,0.7493096590042114,0.7710301876068115
14,port1086_raw__import,1565,2023-04-15T00:00:00.000000,182888592.0,9402.841796875,1.8832571506500244,0.9541588425636292,0.7906779050827026
15,port1086_raw__export,1565,2023-04-15T00:00:00.000000,4876245.0,2078.176025390625,0.32832589745521545,0.5392524600028992,0.473819762468338
16,port1112_raw__import,1565,2023-04-15T00:00:00.000000,35797.140625,146.29490661621094,1.0830821990966797,0.8047032952308655,0.7081896066665649
17,port1112_raw__export,1565,2023-04-15T00:00:00.000000,13052266.0,2792.296142578125,1.1193524599075317,0.8177149891853333,0.7212496399879456
18,port1128_raw__import,1565,2023-04-15T00:00:00.000000,307274912.0,12722.6318359375,0.6574437618255615,0.5884949564933777,0.5466527938842773
19,port1128_raw__export,1565,2023-04-15T00:00:00.000000,10355638.0,1940.686767578125,1.9429905414581299,0.8406251668930054,0.8323934674263
20,port1135_raw__import,1565,2023-04-15T00:00:00.000000,8238937.0,2362.626220703125,0.9747053980827332,0.8126360177993774,0.8633893132209778
21,port1135_raw__export,1565,2023-04-15T00:00:00.000000,11590634.0,2599.04541015625,1.8528685569763184,1.0391603708267212,0.8820816278457642
22,port1160_raw__import,1565,2023-04-15T00:00:00.000000,1626834432.0,37840.96875,2.1684377193450928,1.3815418481826782,1.0470848083496094
23,port1160_raw__export,1565,2023-04-15T00:00:00.000000,4264335872.0,51970.81640625,1.3888250589370728,0.9379022121429443,0.7358965277671814
24,port1189_raw__import,1565,2023-04-15T00:00:00.000000,141821360.0,10183.484375,0.3085435628890991,0.47498929500579834,0.45021069049835205
25,port1189_raw__export,1565,2023-04-15T00:00:00.000000,433831232.0,18776.2421875,1.212985634803772,0.9928328990936279,0.8678679466247559
26,port1197_raw__import,1565,2023-04-15T00:00:00.000000,439461024.0,17431.8046875,0.9702832102775574,0.8190895915031433,0.6041303873062134
27,port1197_raw__export,1565,2023-04-15T00:00:00.000000,789273664.0,23419.404296875,1.203443169593811,0.9144813418388367,0.8491989970207214
28,port1201_raw__import,1565,2023-04-15T00:00:00.000000,13111674880.0,105913.234375,1.0477486848831177,0.9467813968658447,0.7941576242446899
29,port1201_raw__export,1565,2023-04-15T00:00:00.000000,7161890816.0,61665.23828125,1.4985398054122925,0.8919914960861206,0.7052894830703735
30,port1248_raw__import,1565,2023-04-15T00:00:00.000000,9402618.0,2688.21630859375,0.18559294939041138,0.3776770532131195,0.36217448115348816
31,port1248_raw__export,1565,2023-04-15T00:00:00.000000,74126800.0,5384.798828125,0.8678076863288879,0.58263099193573,0.6656738519668579
32,port1266_raw__import,1565,2023-04-15T00:00:00.000000,20284282880.0,120308.6875,1.4856208562850952,1.0296062231063843,0.786782443523407
33,port1266_raw__export,1565,2023-04-15T00:00:00.000000,891974016.0,23785.2578125,0.5472320318222046,0.5891386270523071,0.5381453037261963
34,port1269_raw__import,1565,2023-04-15T00:00:00.000000,1360061696.0,34039.70703125,0.92470383644104,0.8875807523727417,0.9766293168067932
35,port1269_raw__export,1565,2023-04-15T00:00:00.000000,1590396672.0,30948.234375,2.2906551361083984,1.1745270490646362,1.00527822971344
36,port1284_raw__import,1565,2023-04-15T00:00:00.000000,192840016.0,9373.2958984375,1.9109570980072021,0.9330808520317078,0.7603835463523865
37,port1284_raw__export,1565,2023-04-15T00:00:00.000000,178775648.0,8670.822265625,0.8813784122467041,0.6088176965713501,0.5667054057121277
38,port1304_raw__import,1565,2023-04-15T00:00:00.000000,213763232.0,12448.9970703125,0.8359838724136353,0.7785147428512573,0.658587634563446
39,port1304_raw__export,1565,2023-04-15T00:00:00.000000,63748744.0,6555.10400390625,0.9042255282402039,0.7806963324546814,0.7919921278953552
40,port1309_raw__import,1565,2023-04-15T00:00:00.000000,807276.5625,513.4208984375,0.15970119833946228,0.22835811972618103,0.3210372030735016
41,port1309_raw__export,1565,2023-04-15T00:00:00.000000,6081.93212890625,76.98532104492188,0.0004263383452780545,0.020382821559906006,0.028116371482610703
42,port1318_raw__import,1565,2023-04-15T00:00:00.000000,2322062336.0,40404.13671875,1.918113350868225,1.1612507104873657,1.110453486442566
43,port1318_raw__export,1565,2023-04-15T00:00:00.000000,8959044.0,2507.664794921875,0.354658305644989,0.49893465638160706,0.5056892037391663
44,port132_raw__import,1565,2023-04-15T00:00:00.000000,120173424.0,9700.1005859375,2.730254650115967,1.4620883464813232,1.3840206861495972
45,port132_raw__export,1565,2023-04-15T00:00:00.000000,1027470.8125,781.8567504882812,0.10814989358186722,0.2536620497703552,0.2427849918603897
46,port1330_raw__import,1565,2023-04-15T00:00:00.000000,165155.3125,365.44476318359375,0.5008546113967896,0.6364016532897949,0.5401287078857422
47,port1330_raw__export,1565,2023-04-15T00:00:00.000000,1337143.875,1000.4256591796875,1.1932392120361328,0.9450603723526001,0.8574148416519165
48,port1358_raw__import,1565,2023-04-15T00:00:00.000000,293698944.0,14385.0986328125,0.6084760427474976,0.6547619104385376,0.5363885164260864
49,port1358_raw__export,1565,2023-04-15T00:00:00.000000,33595768.0,4143.1064453125,0.6942183971405029,0.5955686569213867,0.523699164390564
50,port139_raw__import,1565,2023-04-15T00:00:00.000000,21176560.0,4280.556640625,0.6101700067520142,0.7266042232513428,0.5893089175224304
51,port139_raw__export,1565,2023-04-15T00:00:00.000000,30925052.0,4274.755859375,0.5635136961936951,0.5770431756973267,0.4545978307723999
52,port1410_raw__import,1565,2023-04-15T00:00:00.000000,1946103552.0,24101.8671875,1.553759217262268,0.6810195446014404,0.61711585521698
53,port1410_raw__export,1565,2023-04-15T00:00:00.000000,31974872.0,4967.88525390625,0.487520307302475,0.6134279370307922,0.5232173204421997
54,port1414_raw__import,1565,2023-04-15T00:00:00.000000,351978432.0,15284.30859375,0.8069714307785034,0.7318412065505981,0.6033853888511658
55,port1414_raw__export,1565,2023-04-15T00:00:00.000000,3905351680.0,41458.265625,2.9676547050476074,1.1428461074829102,0.9041443467140198
56,port1425_raw__import,1565,2023-04-15T00:00:00.000000,814505728.0,25020.111328125,1.0945227146148682,0.9171799421310425,0.6789600253105164
57,port1425_raw__export,1565,2023-04-15T00:00:00.000000,8508572.0,2703.294677734375,0.2758597731590271,0.4867537021636963,0.4883212447166443
58,port1426_raw__import,1565,2023-04-15T00:00:00.000000,17451706368.0,96207.1171875,1.0219640731811523,0.7362173795700073,0.5733996629714966
59,port1426_raw__export,1565,2023-04-15T00:00:00.000000,545475968.0,10705.6201171875,4.9954514503479,1.024498701095581,1.0322151184082031
60,port168_raw__import,1565,2023-04-15T00:00:00.000000,158788944.0,11149.71484375,0.5585314631462097,0.6612679362297058,0.6509751677513123
61,port168_raw__export,1565,2023-04-15T00:00:00.000000,339704832.0,16512.0078125,0.3977912664413452,0.5650366544723511,0.5691065788269043
62,port193_raw__import,1565,2023-04-15T00:00:00.000000,228116704.0,9310.1513671875,1.0999410152435303,0.6464916467666626,0.6345427632331848
63,port193_raw__export,1565,2023-04-15T00:00:00.000000,46016892.0,4327.63134765625,0.3962936997413635,0.4016059935092926,0.3962848484516144
64,port2017_raw__import,1565,2023-04-15T00:00:00.000000,1540863.5,1055.5357666015625,0.6409055590629578,0.6807504296302795,0.5793068408966064
65,port2017_raw__export,1565,2023-04-15T00:00:00.000000,512012.25,613.7306518554688,0.2839702367782593,0.45706090331077576,0.45421308279037476
66,port2025_raw__import,1565,2023-04-15T00:00:00.000000,208001216.0,12421.8076171875,0.13579046726226807,0.31738507747650146,0.2906762361526489
67,port2025_raw__export,1565,2023-04-15T00:00:00.000000,105757752.0,10016.44921875,0.1953667551279068,0.4305097162723541,0.3865808844566345
68,port2027_raw__import,1565,2023-04-15T00:00:00.000000,1163537408.0,28375.369140625,0.7233463525772095,0.7074968814849854,0.6817986965179443
69,port2027_raw__export,1565,2023-04-15T00:00:00.000000,416930144.0,17778.490234375,0.08924133330583572,0.2601035237312317,0.1869424730539322
70,port2031_raw__import,1565,2023-04-15T00:00:00.000000,230627712.0,14468.1923828125,0.5973617434501648,0.7363380789756775,0.6926358342170715
71,port2031_raw__export,1565,2023-04-15T00:00:00.000000,77829432.0,6961.279296875,0.33952054381370544,0.45978009700775146,0.38115450739860535
72,port2039_raw__import,1565,2023-04-15T00:00:00.000000,857024640.0,27297.32421875,1.1299185752868652,0.9911673665046692,0.8474506139755249
73,port2039_raw__export,1565,2023-04-15T00:00:00.000000,199323440.0,6674.83740234375,2.129446506500244,0.689913809299469,0.8767254948616028
74,port2044_raw__import,1565,2023-04-15T00:00:00.000000,1145658624.0,25223.7734375,0.6337815523147583,0.5932697057723999,0.4689469635486603
75,port2044_raw__export,1565,2023-04-15T00:00:00.000000,80461312.0,6561.533203125,0.7385258078575134,0.6286293268203735,0.6584415435791016
76,port2189_raw__import,1565,2023-04-15T00:00:00.000000,292205792.0,11779.587890625,0.1063603013753891,0.22473745048046112,0.19134849309921265
77,port2189_raw__export,1565,2023-04-15T00:00:00.000000,618183296.0,18861.357421875,0.2246352881193161,0.3595450520515442,0.4057692885398865
78,port22_raw__import,1565,2023-04-15T00:00:00.000000,243809488.0,12538.09765625,1.2550597190856934,0.8995773196220398,0.9552950859069824
79,port22_raw__export,1565,2023-04-15T00:00:00.000000,72186784.0,5103.15625,1.1165038347244263,0.6346585750579834,0.6664119958877563
80,port254_raw__import,1565,2023-04-15T00:00:00.000000,1235144192.0,33060.5,4.119483470916748,1.9092904329299927,1.7790558338165283
81,port254_raw__export,1565,2023-04-15T00:00:00.000000,674815808.0,22528.501953125,0.8061188459396362,0.7786444425582886,0.7745413184165955
82,port270_raw__import,1565,2023-04-15T00:00:00.000000,3786883328.0,46425.73828125,0.9466685056686401,0.7340351343154907,0.5490875840187073
83,port270_raw__export,1565,2023-04-15T00:00:00.000000,3474785024.0,39442.63671875,8.528181076049805,1.9540250301361084,1.6221396923065186
84,port281_raw__import,1565,2023-04-15T00:00:00.000000,191213648.0,9804.353515625,2.2419373989105225,1.0616251230239868,1.0054194927215576
85,port281_raw__export,1565,2023-04-15T00:00:00.000000,37771416.0,4563.283203125,0.3850240409374237,0.46072283387184143,0.5580024719238281
86,port307_raw__import,1565,2023-04-15T00:00:00.000000,5405254.5,2258.9375,0.21494188904762268,0.45046043395996094,0.38489165902137756
87,port307_raw__export,1565,2023-04-15T00:00:00.000000,5970080.5,2317.31494140625,1.1580394506454468,1.0206024646759033,1.1096006631851196
88,port310_raw__import,1565,2023-04-15T00:00:00.000000,226246128.0,12907.283203125,0.21860723197460175,0.4012143313884735,0.3463186025619507
89,port310_raw__export,1565,2023-04-15T00:00:00.000000,80612304.0,6179.36962890625,1.0065531730651855,0.6904971599578857,0.6145608425140381
90,port317_raw__import,1565,2023-04-15T00:00:00.000000,35869948.0,4343.8564453125,0.16015207767486572,0.29025277495384216,0.24250194430351257
91,port317_raw__export,1565,2023-04-15T00:00:00.000000,76173080.0,6293.720703125,1.4622819423675537,0.8720115423202515,0.6899455785751343
92,port342_raw__import,1565,2023-04-15T00:00:00.000000,357649536.0,17422.138671875,1.2120532989501953,1.0142230987548828,0.7514451146125793
93,port342_raw__export,1565,2023-04-15T00:00:00.000000,15789405.0,3484.82568359375,0.3758297860622406,0.537642776966095,0.4897936284542084
94,port358_raw__import,1565,2023-04-15T00:00:00.000000,23537630.0,2179.015869140625,0.1390874683856964,0.16750317811965942,0.18814176321029663
95,port358_raw__export,1565,2023-04-15T00:00:00.000000,276661216.0,12416.560546875,0.9324795007705688,0.7208531498908997,0.5442416071891785
96,port361_raw__import,1565,2023-04-15T00:00:00.000000,202868768.0,12157.701171875,0.7152717709541321,0.7219039797782898,0.5958261489868164
97,port361_raw__export,1565,2023-04-15T00:00:00.000000,1601729024.0,25275.767578125,3.414139986038208,1.1669450998306274,1.0708367824554443
98,port362_raw__import,1565,2023-04-15T00:00:00.000000,915357376.0,28611.478515625,1.0203479528427124,0.9552545547485352,0.8925260305404663
99,port362_raw__export,1565,2023-04-15T00:00:00.000000,2395496704.0,36440.34375,1.293682336807251,0.8468344807624817,0.7627731561660767
100,port364_raw__import,1565,2023-04-15T00:00:00.000000,1278742272.0,29145.95703125,0.4469793140888214,0.5449172258377075,0.5072533488273621
101,port364_raw__export,1565,2023-04-15T00:00:00.000000,53221012.0,5875.505859375,0.6337640285491943,0.6411615610122681,0.6785475015640259
102,port380_raw__import,1565,2023-04-15T00:00:00.000000,1841907456.0,34045.68359375,0.6858751773834229,0.6569778323173523,0.4989235997200012
103,port380_raw__export,1565,2023-04-15T00:00:00.000000,111477256.0,8132.4560546875,0.47906234860420227,0.5331195592880249,0.5120213031768799
104,port425_raw__import,1565,2023-04-15T00:00:00.000000,1892753920.0,38868.94921875,1.0771770477294922,0.9272552132606506,0.676944375038147
105,port425_raw__export,1565,2023-04-15T00:00:00.000000,391047136.0,12346.1572265625,0.44482219219207764,0.416399747133255,0.37266719341278076
106,port426_raw__import,1565,2023-04-15T00:00:00.000000,115707504.0,6807.71435546875,0.8076025247573853,0.568747341632843,0.5348230600357056
107,port426_raw__export,1565,2023-04-15T00:00:00.000000,53557956.0,6480.333984375,0.22156621515750885,0.4168091118335724,0.44472184777259827
108,port434_raw__import,1565,2023-04-15T00:00:00.000000,68621752.0,7899.1005859375,0.5113427042961121,0.6818718314170837,0.5246109366416931
109,port434_raw__export,1565,2023-04-15T00:00:00.000000,23505186.0,3850.84619140625,1.1480398178100586,0.851045548915863,0.8002127408981323
110,port435_raw__import,1565,2023-04-15T00:00:00.000000,650217152.0,18987.333984375,3.622985363006592,1.4173206090927124,1.2380377054214478
111,port435_raw__export,1565,2023-04-15T00:00:00.000000,106866472.0,7817.8154296875,2.289637804031372,1.1443214416503906,1.0692483186721802
112,port439_raw__import,1565,2023-04-15T00:00:00.000000,9513502.0,2614.111083984375,0.325753778219223,0.48372501134872437,0.38779357075691223
113,port439_raw__export,1565,2023-04-15T00:00:00.000000,11691404.0,2764.890869140625,0.18302032351493835,0.34593483805656433,0.24416835606098175
114,port443_raw__import,1565,2023-04-15T00:00:00.000000,33467748.0,5339.2880859375,0.41633257269859314,0.5955117344856262,0.6039862036705017
115,port443_raw__export,1565,2023-04-15T00:00:00.000000,62913128.0,5213.57275390625,1.163989782333374,0.7091520428657532,0.6216840744018555
116,port446_raw__import,1565,2023-04-15T00:00:00.000000,3116295168.0,51858.65234375,1.7398649454116821,1.225348711013794,1.0293655395507812
117,port446_raw__export,1565,2023-04-15T00:00:00.000000,458935872.0,19859.78515625,1.2056941986083984,1.017928123474121,0.7451541423797607
118,port484_raw__import,1565,2023-04-15T00:00:00.000000,23075390.0,3245.75341796875,0.08720859885215759,0.19953574240207672,0.17904360592365265
119,port484_raw__export,1565,2023-04-15T00:00:00.000000,6171853.5,1969.3818359375,1.2138289213180542,0.8733751773834229,0.8686079978942871
120,port503_raw__import,1565,2023-04-15T00:00:00.000000,2377136.75,897.91943359375,0.0957246869802475,0.18018648028373718,0.23587316274642944
121,port503_raw__export,1565,2023-04-15T00:00:00.000000,14121339.0,2336.015625,9.014852523803711,1.8664532899856567,1.7725834846496582
122,port514_raw__import,1565,2023-04-15T00:00:00.000000,1124665600.0,29735.400390625,1.3606736660003662,1.0342823266983032,1.1248769760131836
123,port514_raw__export,1565,2023-04-15T00:00:00.000000,353506752.0,16197.1416015625,2.7400338649749756,1.4259933233261108,1.3870989084243774
124,port540_raw__import,1565,2023-04-15T00:00:00.000000,936898752.0,24771.197265625,2.7207343578338623,1.334884762763977,1.2056515216827393
125,port540_raw__export,1565,2023-04-15T00:00:00.000000,716131072.0,21758.15625,1.529447078704834,1.0055254697799683,1.0170297622680664
126,port541_raw__import,1565,2023-04-15T00:00:00.000000,695908800.0,21934.798828125,0.24422314763069153,0.41091397404670715,0.3663097321987152
127,port541_raw__export,1565,2023-04-15T00:00:00.000000,1042571136.0,25435.66015625,1.2729946374893188,0.8887987732887268,0.9306451082229614
128,port543_raw__import,1565,2023-04-15T00:00:00.000000,71709856.0,7805.0751953125,0.2968294024467468,0.5021588206291199,0.41119712591171265
129,port543_raw__export,1565,2023-04-15T00:00:00.000000,328348480.0,15290.05859375,1.622329831123352,1.0747592449188232,0.814521849155426
130,port555_raw__import,1565,2023-04-15T00:00:00.000000,61106696.0,6869.96728515625,0.21445339918136597,0.4069834351539612,0.3699116110801697
131,port555_raw__export,1565,2023-04-15T00:00:00.000000,17426864.0,3506.42138671875,0.48630204796791077,0.5857436060905457,0.5169322490692139
132,port570_raw__import,1565,2023-04-15T00:00:00.000000,652607232.0,17052.14453125,1.31288480758667,0.7648325562477112,0.9020736217498779
133,port570_raw__export,1565,2023-04-15T00:00:00.000000,8735569920.0,62979.46875,1.8871127367019653,0.9256616830825806,0.8959656953811646
134,port592_raw__import,1565,2023-04-15T00:00:00.000000,885285312.0,21748.53125,1.8589621782302856,0.9966061115264893,0.9107974171638489
135,port592_raw__export,1565,2023-04-15T00:00:00.000000,18354412.0,3306.0966796875,1.0356366634368896,0.7853242754936218,0.7081238627433777
136,port601_raw__import,1565,2023-04-15T00:00:00.000000,760339.4375,585.4910278320312,1.010820746421814,0.6750773787498474,0.6595453023910522
137,port601_raw__export,1565,2023-04-15T00:00:00.000000,8216280.5,1994.255859375,11.379857063293457,2.346992254257202,2.0295426845550537
138,port62_raw__import,1565,2023-04-15T00:00:00.000000,62137448.0,7062.05712890625,0.7077864408493042,0.7537122964859009,0.7218035459518433
139,port62_raw__export,1565,2023-04-15T00:00:00.000000,433536448.0,14759.7978515625,1.242682933807373,0.7902194857597351,0.6156948804855347
140,port644_raw__import,1565,2023-04-15T00:00:00.000000,30890657792.0,136601.640625,2.5120770931243896,1.2318530082702637,0.8657946586608887
141,port644_raw__export,1565,2023-04-15T00:00:00.000000,464799680.0,19223.2734375,3.405423164367676,1.6454321146011353,1.4449715614318848
142,port649_raw__import,1565,2023-04-15T00:00:00.000000,324497024.0,13107.3798828125,0.9822953343391418,0.7211598753929138,0.8626612424850464
143,port649_raw__export,1565,2023-04-15T00:00:00.000000,33789448.0,4046.777587890625,0.7743887305259705,0.6126300692558289,0.5738512277603149
144,port657_raw__import,1565,2023-04-15T00:00:00.000000,1132885248.0,23124.05859375,3.266555070877075,1.2416985034942627,1.0341360569000244
145,port657_raw__export,1565,2023-04-15T00:00:00.000000,133068712.0,9232.57421875,1.8956298828125,1.1019493341445923,0.9153371453285217
146,port667_raw__import,1565,2023-04-15T00:00:00.000000,11824163.0,2489.544677734375,1.820899486541748,0.9769619703292847,0.7739717364311218
147,port667_raw__export,1565,2023-04-15T00:00:00.000000,12139732.0,2610.018798828125,4.452577114105225,1.5806831121444702,1.2622694969177246
148,port672_raw__import,1565,2023-04-15T00:00:00.000000,4962848256.0,49597.06640625,1.0038166046142578,0.7053710222244263,0.7506242990493774
149,port672_raw__export,1565,2023-04-15T00:00:00.000000,92586968.0,8021.60302734375,0.047912463545799255,0.18247799575328827,0.16412119567394257
150,port67_raw__import,1565,2023-04-15T00:00:00.000000,16706416.0,3521.666015625,0.28581392765045166,0.4606257677078247,0.46779218316078186
151,port67_raw__export,1565,2023-04-15T00:00:00.000000,12181395.0,2299.697998046875,1.0215363502502441,0.6659615635871887,0.725341260433197
152,port681_raw__import,1565,2023-04-15T00:00:00.000000,6952138240.0,38584.26953125,2.823683738708496,0.7776051759719849,0.7551446557044983
153,port681_raw__export,1565,2023-04-15T00:00:00.000000,63207300.0,6690.95458984375,0.21312525868415833,0.38852766156196594,0.3851771950721741
154,port738_raw__import,1565,2023-04-15T00:00:00.000000,10590732.0,2462.837158203125,0.8715711832046509,0.7065194249153137,0.6109998226165771
155,port738_raw__export,1565,2023-04-15T00:00:00.000000,46190392.0,4988.11962890625,1.0441243648529053,0.7499582767486572,0.6900593042373657
156,port73_raw__import,1565,2023-04-15T00:00:00.000000,303838720.0,12561.498046875,1.208072304725647,0.7920750379562378,0.6975196599960327
157,port73_raw__export,1565,2023-04-15T00:00:00.000000,73068344.0,5422.193359375,1.3295875787734985,0.7314234375953674,0.6351021528244019
158,port744_raw__import,1565,2023-04-15T00:00:00.000000,1954199040.0,36104.328125,0.6918264031410217,0.6793184876441956,0.567554771900177
159,port744_raw__export,1565,2023-04-15T00:00:00.000000,524832544.0,19067.5625,1.190987229347229,0.9083189964294434,0.752334475517273
160,port766_raw__import,1565,2023-04-15T00:00:00.000000,42163144.0,5046.94775390625,1.037287712097168,0.7916113138198853,0.8285353183746338
161,port766_raw__export,1565,2023-04-15T00:00:00.000000,190932048.0,9810.3232421875,3.2647275924682617,1.2828248739242554,1.0897033214569092
162,port775_raw__import,1565,2023-04-15T00:00:00.000000,393602080.0,16336.8603515625,1.5151981115341187,1.0136187076568604,1.2099767923355103
163,port775_raw__export,1565,2023-04-15T00:00:00.000000,11669420.0,2276.140625,0.08103014528751373,0.1896696239709854,0.21118921041488647
164,port776_raw__import,1565,2023-04-15T00:00:00.000000,1944007296.0,40742.76171875,0.9269538521766663,0.8896732926368713,0.6271328330039978
165,port776_raw__export,1565,2023-04-15T00:00:00.000000,494912032.0,17781.2890625,1.0715320110321045,0.8273738026618958,0.6935795545578003
166,port781_raw__import,1565,2023-04-15T00:00:00.000000,7078921.5,1725.5738525390625,1.6316826343536377,0.8284529447555542,0.6657188534736633
167,port781_raw__export,1565,2023-04-15T00:00:00.000000,29429788.0,3542.82958984375,0.6024469137191772,0.5068928003311157,0.5964339971542358
168,port787_raw__import,1565,2023-04-15T00:00:00.000000,5178267.5,1951.06298828125,0.5045597553253174,0.6090252995491028,0.7385345101356506
169,port787_raw__export,1565,2023-04-15T00:00:00.000000,164325312.0,10651.3544921875,0.37075063586235046,0.5059336423873901,0.3926384747028351
170,port795_raw__import,1565,2023-04-15T00:00:00.000000,86308864.0,7662.7080078125,0.8565484881401062,0.7633619904518127,0.6961033940315247
171,port795_raw__export,1565,2023-04-15T00:00:00.000000,4942600.0,2058.253662109375,0.3323049545288086,0.5336906313896179,0.5124658942222595
172,port805_raw__import,1565,2023-04-15T00:00:00.000000,446882912.0,18003.962890625,0.3032064437866211,0.468965083360672,0.33490240573883057
173,port805_raw__export,1565,2023-04-15T00:00:00.000000,288556640.0,14610.11328125,1.2902119159698486,0.9769415855407715,0.7770429849624634
174,port811_raw__import,1565,2023-04-15T00:00:00.000000,2964181248.0,40874.9921875,3.4714858531951904,1.398823618888855,1.2567917108535767
175,port811_raw__export,1565,2023-04-15T00:00:00.000000,248335360.0,10805.193359375,0.9321625828742981,0.6620016098022461,0.6201052069664001
176,port815_raw__import,1565,2023-04-15T00:00:00.000000,967303488.0,24372.814453125,0.9907094240188599,0.7800050973892212,0.6365413665771484
177,port815_raw__export,1565,2023-04-15T00:00:00.000000,309250688.0,13595.646484375,1.313509464263916,0.8860559463500977,0.7634246945381165
178,port826_raw__import,1565,2023-04-15T00:00:00.000000,27812892.0,4840.01171875,0.47623854875564575,0.6333381533622742,0.486466646194458
179,port826_raw__export,1565,2023-04-15T00:00:00.000000,447832160.0,18603.12109375,0.7432302236557007,0.7578614354133606,0.7344565987586975
180,port839_raw__import,1565,2023-04-15T00:00:00.000000,11158647.0,2817.547607421875,0.5645167231559753,0.6337293982505798,0.7201374769210815
181,port839_raw__export,1565,2023-04-15T00:00:00.000000,124764496.0,6948.26318359375,0.8561779260635376,0.5755892992019653,0.5427166819572449
182,port845_raw__import,1565,2023-04-15T00:00:00.000000,1034521152.0,14966.1435546875,1.1491401195526123,0.4988003671169281,0.47015905380249023
183,port845_raw__export,1565,2023-04-15T00:00:00.000000,205861808.0,10711.3310546875,1.9579843282699585,1.0446244478225708,1.3979898691177368
184,port862_raw__import,1565,2023-04-15T00:00:00.000000,24440488.0,4348.970703125,0.42254939675331116,0.57183438539505,0.5886284112930298
185,port862_raw__export,1565,2023-04-15T00:00:00.000000,11930974.0,2380.74462890625,1.5315836668014526,0.8529926538467407,0.7202247977256775
186,port908_raw__import,1565,2023-04-15T00:00:00.000000,1059081856.0,24890.021484375,1.3409355878829956,0.8856547474861145,0.7304861545562744
187,port908_raw__export,1565,2023-04-15T00:00:00.000000,91446920.0,7789.13330078125,0.32581502199172974,0.46493276953697205,0.399091511964798
188,port915_raw__import,1565,2023-04-15T00:00:00.000000,297156608.0,12761.224609375,0.2567709982395172,0.3751221001148224,0.43202680349349976
189,port915_raw__export,1565,2023-04-15T00:00:00.000000,76297912.0,5340.70556640625,1.6955569982528687,0.796156644821167,0.7075913548469543
190,port917_raw__import,1565,2023-04-15T00:00:00.000000,12259479.0,2705.169677734375,0.8814123272895813,0.7253507375717163,0.5642680525779724
191,port917_raw__export,1565,2023-04-15T00:00:00.000000,71566592.0,6641.12548828125,0.322380006313324,0.4457286298274994,0.32980164885520935
192,port958_raw__import,1565,2023-04-15T00:00:00.000000,15300492.0,3775.634765625,0.5195213556289673,0.6957272291183472,0.6007671356201172
193,port958_raw__export,1565,2023-04-15T00:00:00.000000,39180776.0,5490.96533203125,2.578801393508911,1.4087083339691162,1.111699104309082
194,port959_raw__import,1565,2023-04-15T00:00:00.000000,53797916.0,5633.4111328125,0.3037845492362976,0.42332273721694946,0.3474653959274292
195,port959_raw__export,1565,2023-04-15T00:00:00.000000,98169680.0,8242.228515625,0.170338973402977,0.3433309495449066,0.32960784435272217
196,port985_raw__import,1565,2023-04-15T00:00:00.000000,539504064.0,21139.244140625,0.39514264464378357,0.5720961689949036,0.5592305660247803
197,port985_raw__export,1565,2023-04-15T00:00:00.000000,81952488.0,7416.58203125,1.1364551782608032,0.8733711838722229,0.7323688268661499
0,port1016_raw__import,2077,2024-09-08T00:00:00.000000,3581145.0,1511.542236328125,0.22443434596061707,0.3784025311470032,0.31376248598098755
1,port1016_raw__export,2077,2024-09-08T00:00:00.000000,524672.75,316.5442810058594,0.22164298593997955,0.20573927462100983,0.5077911019325256
2,port1035_raw__import,2077,2024-09-08T00:00:00.000000,172769504.0,10421.64453125,2.1606602668762207,1.1654562950134277,0.8428022265434265
3,port1035_raw__export,2077,2024-09-08T00:00:00.000000,23536984.0,4152.78857421875,0.4693393111228943,0.586418867111206,0.5083560347557068
4,port1057_raw__import,2077,2024-09-08T00:00:00.000000,603284928.0,18266.775390625,2.995439291000366,1.2871551513671875,0.9303709864616394
5,port1057_raw__export,2077,2024-09-08T00:00:00.000000,16697393.0,3321.664794921875,0.587576150894165,0.6231083273887634,0.6684349775314331
6,port1065_raw__import,2077,2024-09-08T00:00:00.000000,533965152.0,22061.64453125,1.504508137702942,1.1710586547851562,0.977624773979187
7,port1065_raw__export,2077,2024-09-08T00:00:00.000000,2470904832.0,33645.90625,1.8555822372436523,0.9220284223556519,0.793502688407898
8,port1070_raw__import,2077,2024-09-08T00:00:00.000000,17037400064.0,110016.4609375,2.801053285598755,1.4106415510177612,1.1080527305603027
9,port1070_raw__export,2077,2024-09-08T00:00:00.000000,656277120.0,14614.1123046875,1.1906812191009521,0.6224817037582397,0.6001376509666443
10,port1071_raw__import,2077,2024-09-08T00:00:00.000000,4968286208.0,63282.078125,3.5337111949920654,1.68769109249115,1.659269094467163
11,port1071_raw__export,2077,2024-09-08T00:00:00.000000,1394018816.0,20273.55078125,4.4995598793029785,1.1518090963363647,1.096073865890503
12,port1073_raw__import,2077,2024-09-08T00:00:00.000000,1226843648.0,32035.3671875,1.0801042318344116,0.9505345821380615,0.7941405177116394
13,port1073_raw__export,2077,2024-09-08T00:00:00.000000,367839648.0,10962.7998046875,3.2567665576934814,1.031538724899292,0.9798528552055359
14,port1086_raw__import,2077,2024-09-08T00:00:00.000000,46648184.0,6004.279296875,0.5331096053123474,0.6418769955635071,0.559221625328064
15,port1086_raw__export,2077,2024-09-08T00:00:00.000000,126630056.0,8579.3984375,0.724739134311676,0.6490516662597656,0.5002662539482117
16,port1112_raw__import,2077,2024-09-08T00:00:00.000000,3523.7119140625,30.581933975219727,0.4135207235813141,0.33129391074180603,0.529769778251648
17,port1112_raw__export,2077,2024-09-08T00:00:00.000000,8337562.5,1659.665771484375,3.9994089603424072,1.1494735479354858,1.1589316129684448
18,port1128_raw__import,2077,2024-09-08T00:00:00.000000,786800896.0,17398.6484375,2.053936719894409,0.8889485001564026,0.8058620691299438
19,port1128_raw__export,2077,2024-09-08T00:00:00.000000,1339988.0,1019.4656982421875,0.22091297805309296,0.4139355719089508,0.4251994788646698
20,port1135_raw__import,2077,2024-09-08T00:00:00.000000,2746923.5,1409.60888671875,0.29450833797454834,0.46155571937561035,0.4049733281135559
21,port1135_raw__export,2077,2024-09-08T00:00:00.000000,5725089.5,1733.8248291015625,0.6143302917480469,0.5679565072059631,0.5650455355644226
22,port1160_raw__import,2077,2024-09-08T00:00:00.000000,967925248.0,24509.349609375,0.5230010747909546,0.5697209239006042,0.43359264731407166
23,port1160_raw__export,2077,2024-09-08T00:00:00.000000,8273019392.0,75299.7109375,0.6528620719909668,0.668916642665863,0.49496155977249146
24,port1189_raw__import,2077,2024-09-08T00:00:00.000000,23398888.0,3608.74365234375,0.08303313702344894,0.21497312188148499,0.24779358506202698
25,port1189_raw__export,2077,2024-09-08T00:00:00.000000,201435728.0,12589.4638671875,0.5534629821777344,0.6599078178405762,0.5778431296348572
26,port1197_raw__import,2077,2024-09-08T00:00:00.000000,599573504.0,16293.65234375,3.8412811756134033,1.3041731119155884,1.1029598712921143
27,port1197_raw__export,2077,2024-09-08T00:00:00.000000,104953104.0,8434.3984375,0.2184332311153412,0.384782999753952,0.31364238262176514
28,port1201_raw__import,2077,2024-09-08T00:00:00.000000,7256114688.0,72647.8046875,0.8335451483726501,0.7786369919776917,0.6721804738044739
29,port1201_raw__export,2077,2024-09-08T00:00:00.000000,4157289728.0,55247.4765625,1.1808662414550781,0.9311243295669556,0.7349194288253784
30,port1248_raw__import,2077,2024-09-08T00:00:00.000000,30351596.0,4344.4267578125,0.5452077388763428,0.582267701625824,0.5571876764297485
31,port1248_raw__export,2077,2024-09-08T00:00:00.000000,546411.875,381.95037841796875,0.05937051773071289,0.12590190768241882,0.11067808419466019
32,port1266_raw__import,2077,2024-09-08T00:00:00.000000,6814938112.0,56888.80078125,1.1587542295455933,0.7418079972267151,0.5727936029434204
33,port1266_raw__export,2077,2024-09-08T00:00:00.000000,2271221504.0,41312.95703125,2.153447151184082,1.2721068859100342,1.1523789167404175
34,port1269_raw__import,2077,2024-09-08T00:00:00.000000,2975011072.0,43216.33984375,1.9417595863342285,1.1040821075439453,1.0017212629318237
35,port1269_raw__export,2077,2024-09-08T00:00:00.000000,533664064.0,22034.16796875,0.8350993990898132,0.8716292381286621,0.6895566582679749
36,port1284_raw__import,2077,2024-09-08T00:00:00.000000,640056768.0,17257.521484375,2.4292564392089844,1.0631777048110962,1.1037793159484863
37,port1284_raw__export,2077,2024-09-08T00:00:00.000000,570888576.0,17382.18359375,6.197100639343262,1.811018705368042,1.5667022466659546
38,port1304_raw__import,2077,2024-09-08T00:00:00.000000,312529088.0,10986.6376953125,2.9996252059936523,1.0763490200042725,1.1113247871398926
39,port1304_raw__export,2077,2024-09-08T00:00:00.000000,3395343.0,1486.368408203125,0.2466692179441452,0.4006287455558777,0.42739710211753845
40,port1309_raw__import,2077,2024-09-08T00:00:00.000000,131910.390625,140.7769012451172,0.08783424645662308,0.11487455666065216,0.1513517200946808
41,port1309_raw__export,2077,2024-09-08T00:00:00.000000,3675.79248046875,24.369993209838867,0.5022844672203064,0.2848752737045288,0.33987823128700256
42,port1318_raw__import,2077,2024-09-08T00:00:00.000000,1370629888.0,31690.990234375,0.9843250513076782,0.8492685556411743,0.6594766974449158
43,port1318_raw__export,2077,2024-09-08T00:00:00.000000,46642452.0,3609.87744140625,3.0470311641693115,0.9226568937301636,0.8117088079452515
44,port132_raw__import,2077,2024-09-08T00:00:00.000000,51773720.0,6207.96240234375,0.7764618992805481,0.7602465152740479,0.6320040822029114
45,port132_raw__export,2077,2024-09-08T00:00:00.000000,5297918.5,1245.5999755859375,0.3890586793422699,0.3375464379787445,0.39886510372161865
46,port1330_raw__import,2077,2024-09-08T00:00:00.000000,436803.53125,578.7673950195312,0.5862935185432434,0.6705304980278015,0.7687687277793884
47,port1330_raw__export,2077,2024-09-08T00:00:00.000000,728881.1875,696.2737426757812,0.47654974460601807,0.5629966259002686,0.5655612945556641
48,port1358_raw__import,2077,2024-09-08T00:00:00.000000,491456320.0,15317.451171875,1.0018056631088257,0.691569447517395,0.5996540188789368
49,port1358_raw__export,2077,2024-09-08T00:00:00.000000,9998251.0,2755.757568359375,0.25685712695121765,0.4416973888874054,0.41643163561820984
50,port139_raw__import,2077,2024-09-08T00:00:00.000000,48159540.0,4392.33154296875,2.575256109237671,1.0156970024108887,0.756738007068634
51,port139_raw__export,2077,2024-09-08T00:00:00.000000,28349406.0,4315.49755859375,1.0059269666671753,0.8129093050956726,0.7024930119514465
52,port1410_raw__import,2077,2024-09-08T00:00:00.000000,602174144.0,13033.220703125,0.3110276162624359,0.29620349407196045,0.29205501079559326
53,port1410_raw__export,2077,2024-09-08T00:00:00.000000,419097152.0,14535.52734375,4.3501152992248535,1.480893611907959,1.2089288234710693
54,port1414_raw__import,2077,2024-09-08T00:00:00.000000,548808320.0,15926.638671875,2.860914945602417,1.149916410446167,1.1039947271347046
55,port1414_raw__export,2077,2024-09-08T00:00:00.000000,2068694400.0,41403.6484375,1.1466670036315918,0.9747855067253113,0.8075268268585205
56,port1425_raw__import,2077,2024-09-08T00:00:00.000000,1494911360.0,28918.166015625,1.5315533876419067,0.9256123304367065,0.6338807940483093
57,port1425_raw__export,2077,2024-09-08T00:00:00.000000,13466884.0,1979.87451171875,0.12845104932785034,0.19336280226707458,0.17830607295036316
58,port1426_raw__import,2077,2024-09-08T00:00:00.000000,10959666176.0,86387.9140625,0.5869160890579224,0.6321823000907898,0.7298578023910522
59,port1426_raw__export,2077,2024-09-08T00:00:00.000000,82320448.0,7687.19775390625,0.7296720743179321,0.7237324118614197,0.7147178053855896
60,port168_raw__import,2077,2024-09-08T00:00:00.000000,303367424.0,13804.6767578125,0.5524836778640747,0.5891169309616089,0.5046867728233337
61,port168_raw__export,2077,2024-09-08T00:00:00.000000,329535488.0,15173.3515625,0.7995335459709167,0.747392475605011,0.5250349044799805
62,port193_raw__import,2077,2024-09-08T00:00:00.000000,233212464.0,9155.5615234375,1.0767868757247925,0.6221197247505188,0.4525575637817383
63,port193_raw__export,2077,2024-09-08T00:00:00.000000,59773912.0,6454.61181640625,0.7143772840499878,0.705631673336029,0.7664581537246704
64,port2017_raw__import,2077,2024-09-08T00:00:00.000000,5886651.0,1672.71435546875,2.0703749656677246,0.9920010566711426,0.9840481877326965
65,port2017_raw__export,2077,2024-09-08T00:00:00.000000,2057016.0,988.3984375,1.300042986869812,0.7857639193534851,0.6511991620063782
66,port2025_raw__import,2077,2024-09-08T00:00:00.000000,2944151296.0,37582.01171875,2.463655471801758,1.087151288986206,0.9876105785369873
67,port2025_raw__export,2077,2024-09-08T00:00:00.000000,886793408.0,23928.482421875,1.5884844064712524,1.012734055519104,0.8004909753799438
68,port2027_raw__import,2077,2024-09-08T00:00:00.000000,1555252608.0,28159.0546875,1.3055799007415771,0.8158668875694275,0.6286422610282898
69,port2027_raw__export,2077,2024-09-08T00:00:00.000000,4801818112.0,58929.5234375,2.1386916637420654,1.2436671257019043,1.0238807201385498
70,port2031_raw__import,2077,2024-09-08T00:00:00.000000,435704928.0,14921.275390625,1.9009896516799927,0.9855973720550537,0.9236051440238953
71,port2031_raw__export,2077,2024-09-08T00:00:00.000000,3393081.25,790.275146484375,0.13603107631206512,0.15823416411876678,0.1807817667722702
72,port2039_raw__import,2077,2024-09-08T00:00:00.000000,817201792.0,25192.400390625,0.6419069766998291,0.706058919429779,0.5653435587882996
73,port2039_raw__export,2077,2024-09-08T00:00:00.000000,11503426.0,1857.3720703125,0.23080892860889435,0.263094425201416,0.2927872836589813
74,port2044_raw__import,2077,2024-09-08T00:00:00.000000,131963032.0,9396.984375,0.1582413911819458,0.32540363073349,0.27505919337272644
75,port2044_raw__export,2077,2024-09-08T00:00:00.000000,505858656.0,13481.1923828125,1.369340419769287,0.701405942440033,0.6797962784767151
76,port2189_raw__import,2077,2024-09-08T00:00:00.000000,11610880000.0,69332.0859375,3.486105442047119,1.2013566493988037,1.174641489982605
77,port2189_raw__export,2077,2024-09-08T00:00:00.000000,4029101056.0,32881.3828125,3.432441234588623,0.9597266316413879,1.003410816192627
78,port22_raw__import,2077,2024-09-08T00:00:00.000000,178504640.0,12823.029296875,0.9199392199516296,0.9205459356307983,0.8815872073173523
79,port22_raw__export,2077,2024-09-08T00:00:00.000000,21910070.0,2634.939453125,0.47436338663101196,0.3877076208591461,0.31867715716362
80,port254_raw__import,2077,2024-09-08T00:00:00.000000,348702208.0,15622.3173828125,0.8148993849754333,0.7552141547203064,0.6018384099006653
81,port254_raw__export,2077,2024-09-08T00:00:00.000000,238599184.0,14528.4580078125,1.099478006362915,0.986230194568634,0.9824989438056946
82,port270_raw__import,2077,2024-09-08T00:00:00.000000,4132465152.0,47676.0546875,0.8518412709236145,0.6845026612281799,0.5877866744995117
83,port270_raw__export,2077,2024-09-08T00:00:00.000000,189859136.0,11581.759765625,0.384970098733902,0.5215215086936951,0.5214044451713562
84,port281_raw__import,2077,2024-09-08T00:00:00.000000,80016576.0,7538.9599609375,1.5092459917068481,1.0353840589523315,0.7453542947769165
85,port281_raw__export,2077,2024-09-08T00:00:00.000000,1133961.75,920.759033203125,0.20597335696220398,0.39242109656333923,0.4515712857246399
86,port307_raw__import,2077,2024-09-08T00:00:00.000000,69810672.0,6966.880859375,1.2591724395751953,0.9356644153594971,0.6891090869903564
87,port307_raw__export,2077,2024-09-08T00:00:00.000000,6009445.0,1734.857177734375,2.117988109588623,1.0299314260482788,0.8661733269691467
88,port310_raw__import,2077,2024-09-08T00:00:00.000000,933239872.0,27200.41796875,1.300769329071045,1.0154980421066284,0.6974033117294312
89,port310_raw__export,2077,2024-09-08T00:00:00.000000,42157468.0,4420.580078125,1.3156373500823975,0.7809264659881592,0.7615382671356201
90,port317_raw__import,2077,2024-09-08T00:00:00.000000,145552080.0,9216.7265625,0.7237473130226135,0.6499215960502625,0.5574477910995483
91,port317_raw__export,2077,2024-09-08T00:00:00.000000,34380288.0,4562.40478515625,1.0612702369689941,0.8015894293785095,0.5855830311775208
92,port342_raw__import,2077,2024-09-08T00:00:00.000000,443905920.0,14858.85546875,1.054174542427063,0.7240959405899048,0.47602641582489014
93,port342_raw__export,2077,2024-09-08T00:00:00.000000,17792428.0,3657.73193359375,0.49379950761795044,0.6093538999557495,0.5054512023925781
94,port358_raw__import,2077,2024-09-08T00:00:00.000000,400106048.0,13319.6162109375,3.200206995010376,1.191223382949829,1.2017303705215454
95,port358_raw__export,2077,2024-09-08T00:00:00.000000,609228736.0,22468.072265625,1.718717336654663,1.1933773756027222,1.016416311264038
96,port361_raw__import,2077,2024-09-08T00:00:00.000000,156802240.0,9816.02734375,0.3849931061267853,0.4863916337490082,0.47359830141067505
97,port361_raw__export,2077,2024-09-08T00:00:00.000000,123391056.0,6504.3134765625,0.6402396559715271,0.4685230255126953,0.5275802612304688
98,port362_raw__import,2077,2024-09-08T00:00:00.000000,362132064.0,17016.646484375,0.30996522307395935,0.4978482127189636,0.42397424578666687
99,port362_raw__export,2077,2024-09-08T00:00:00.000000,2619599872.0,37613.70703125,0.8948574066162109,0.695193350315094,0.5933076739311218
100,port364_raw__import,2077,2024-09-08T00:00:00.000000,3845212416.0,42132.95703125,1.5979174375534058,0.8588927984237671,0.9826220273971558
101,port364_raw__export,2077,2024-09-08T00:00:00.000000,119594024.0,7398.234375,3.6338067054748535,1.289597749710083,1.2729676961898804
102,port380_raw__import,2077,2024-09-08T00:00:00.000000,3024175872.0,53416.30859375,1.4785577058792114,1.181107759475708,1.108656644821167
103,port380_raw__export,2077,2024-09-08T00:00:00.000000,332091232.0,12731.0068359375,3.955580234527588,1.3894379138946533,1.4615086317062378
104,port425_raw__import,2077,2024-09-08T00:00:00.000000,1699156352.0,31226.267578125,2.0129215717315674,1.0747731924057007,0.9223182201385498
105,port425_raw__export,2077,2024-09-08T00:00:00.000000,720545152.0,21232.857421875,1.1020303964614868,0.8303757309913635,0.7402388453483582
106,port426_raw__import,2077,2024-09-08T00:00:00.000000,126052208.0,8400.99609375,0.961866557598114,0.733859658241272,0.5223454236984253
107,port426_raw__export,2077,2024-09-08T00:00:00.000000,22961966.0,4356.71337890625,0.5904302597045898,0.6986163258552551,0.5207104682922363
108,port434_raw__import,2077,2024-09-08T00:00:00.000000,459717056.0,19080.39453125,2.939222812652588,1.5256617069244385,1.644172191619873
109,port434_raw__export,2077,2024-09-08T00:00:00.000000,74806296.0,6393.326171875,3.1904892921447754,1.320341944694519,1.163002371788025
110,port435_raw__import,2077,2024-09-08T00:00:00.000000,220501264.0,13818.7197265625,1.583471655845642,1.1710281372070312,0.9559934139251709
111,port435_raw__export,2077,2024-09-08T00:00:00.000000,20816902.0,3038.919677734375,1.0003284215927124,0.6661660671234131,0.6609861254692078
112,port439_raw__import,2077,2024-09-08T00:00:00.000000,9108938.0,2517.83935546875,0.2720390260219574,0.43512073159217834,0.3776763677597046
113,port439_raw__export,2077,2024-09-08T00:00:00.000000,45740860.0,4065.588623046875,1.1080392599105835,0.632774293422699,0.5834657549858093
114,port443_raw__import,2077,2024-09-08T00:00:00.000000,67521656.0,6187.9833984375,1.0042413473129272,0.7546519041061401,0.7968187928199768
115,port443_raw__export,2077,2024-09-08T00:00:00.000000,25037244.0,3464.2412109375,2.115739107131958,1.0070381164550781,0.8323227167129517
116,port446_raw__import,2077,2024-09-08T00:00:00.000000,828017472.0,25937.892578125,0.640624463558197,0.7214674353599548,0.5379341244697571
117,port446_raw__export,2077,2024-09-08T00:00:00.000000,143765168.0,11482.2705078125,0.6306032538414001,0.7604647278785706,0.5456449389457703
118,port484_raw__import,2077,2024-09-08T00:00:00.000000,817380.3125,835.3567504882812,0.007185306400060654,0.07832178473472595,0.1031949445605278
119,port484_raw__export,2077,2024-09-08T00:00:00.000000,117820248.0,7079.81640625,3.8199992179870605,1.2748048305511475,1.4317668676376343
120,port503_raw__import,2077,2024-09-08T00:00:00.000000,2996053.25,1416.2137451171875,0.2620985805988312,0.4188768267631531,0.4585414230823517
121,port503_raw__export,2077,2024-09-08T00:00:00.000000,20229752.0,3413.25537109375,2.180898904800415,1.120705008506775,1.1413938999176025
122,port514_raw__import,2077,2024-09-08T00:00:00.000000,1413841280.0,34508.9140625,3.9128551483154297,1.8154232501983643,1.4793827533721924
123,port514_raw__export,2077,2024-09-08T00:00:00.000000,67330176.0,7183.7333984375,0.5314223170280457,0.6382123827934265,0.47236454486846924
124,port540_raw__import,2077,2024-09-08T00:00:00.000000,1183974784.0,23265.1171875,2.209444999694824,1.0050220489501953,0.7600536942481995
125,port540_raw__export,2077,2024-09-08T00:00:00.000000,97967184.0,8231.8310546875,0.2942727208137512,0.4511605203151703,0.3842293918132782
126,port541_raw__import,2077,2024-09-08T00:00:00.000000,2456689152.0,30601.50390625,1.7244162559509277,0.8107532262802124,0.6492432355880737
127,port541_raw__export,2077,2024-09-08T00:00:00.000000,1038742144.0,26358.416015625,2.540980100631714,1.3036651611328125,1.0889209508895874
128,port543_raw__import,2077,2024-09-08T00:00:00.000000,625380032.0,16112.5087890625,2.6259827613830566,1.0440878868103027,0.8981791734695435
129,port543_raw__export,2077,2024-09-08T00:00:00.000000,169245408.0,9842.0595703125,1.9337103366851807,1.052018165588379,1.0830405950546265
130,port555_raw__import,2077,2024-09-08T00:00:00.000000,257794784.0,12281.3642578125,1.710615873336792,1.0004279613494873,1.1300134658813477
131,port555_raw__export,2077,2024-09-08T00:00:00.000000,5153182.0,1721.7144775390625,0.20840056240558624,0.3462364971637726,0.38944926857948303
132,port570_raw__import,2077,2024-09-08T00:00:00.000000,3167155968.0,38985.5625,6.683015823364258,1.790833830833435,1.3584082126617432
133,port570_raw__export,2077,2024-09-08T00:00:00.000000,5794244096.0,65435.50390625,0.6533198356628418,0.6948291659355164,0.5603952407836914
134,port592_raw__import,2077,2024-09-08T00:00:00.000000,442238688.0,12915.4306640625,3.7424464225769043,1.1881145238876343,0.9394264817237854
135,port592_raw__export,2077,2024-09-08T00:00:00.000000,18445608.0,2983.180419921875,2.627384901046753,1.125887155532837,0.7971805930137634
136,port601_raw__import,2077,2024-09-08T00:00:00.000000,2440311.5,1009.1515502929688,3.5926733016967773,1.224454402923584,1.2137640714645386
137,port601_raw__export,2077,2024-09-08T00:00:00.000000,734292.875,656.4786987304688,0.935533881187439,0.7409957647323608,0.6931744813919067
138,port62_raw__import,2077,2024-09-08T00:00:00.000000,83592216.0,6878.9326171875,0.6540994644165039,0.60849928855896,0.6404618620872498
139,port62_raw__export,2077,2024-09-08T00:00:00.000000,257006560.0,8456.921875,1.0948442220687866,0.5519711375236511,0.46780452132225037
140,port644_raw__import,2077,2024-09-08T00:00:00.000000,7440884224.0,79070.453125,0.49740684032440186,0.6464841365814209,0.474890798330307
141,port644_raw__export,2077,2024-09-08T00:00:00.000000,101750504.0,8531.431640625,0.777033269405365,0.7455441951751709,0.6946700215339661
142,port649_raw__import,2077,2024-09-08T00:00:00.000000,160907856.0,8124.4287109375,1.9129239320755005,0.8858354091644287,1.0157828330993652
143,port649_raw__export,2077,2024-09-08T00:00:00.000000,66287840.0,4625.912109375,1.474387288093567,0.6899001598358154,0.61031574010849
144,port657_raw__import,2077,2024-09-08T00:00:00.000000,159674352.0,10678.9501953125,0.5913025736808777,0.6498540639877319,0.5077594518661499
145,port657_raw__export,2077,2024-09-08T00:00:00.000000,16460158.0,3872.31005859375,0.2589465379714966,0.4856889247894287,0.4128779172897339
146,port667_raw__import,2077,2024-09-08T00:00:00.000000,6369340.5,1847.680908203125,0.9316437244415283,0.7066504955291748,0.5681418776512146
147,port667_raw__export,2077,2024-09-08T00:00:00.000000,807753.875,760.6652221679688,0.5912895202636719,0.6508097648620605,0.5087085962295532
148,port672_raw__import,2077,2024-09-08T00:00:00.000000,65959380.0,7845.21337890625,0.013324595056474209,0.11150477826595306,0.12193699181079865
149,port672_raw__export,2077,2024-09-08T00:00:00.000000,1036327104.0,13772.44921875,1.523486614227295,0.5280585289001465,0.5547605752944946
150,port67_raw__import,2077,2024-09-08T00:00:00.000000,82805864.0,6263.22509765625,8.946136474609375,2.0586631298065186,1.8726403713226318
151,port67_raw__export,2077,2024-09-08T00:00:00.000000,14867914.0,2749.766845703125,1.7926992177963257,0.9548267126083374,1.025625467300415
152,port681_raw__import,2077,2024-09-08T00:00:00.000000,1796487424.0,26253.12109375,0.6688302159309387,0.5065552592277527,0.4941563904285431
153,port681_raw__export,2077,2024-09-08T00:00:00.000000,14983650.0,3200.92529296875,0.029704438522458076,0.14252053201198578,0.1752852499485016
154,port738_raw__import,2077,2024-09-08T00:00:00.000000,5531810.5,1785.4593505859375,0.2389126718044281,0.371053010225296,0.4359031617641449
155,port738_raw__export,2077,2024-09-08T00:00:00.000000,45221572.0,4119.45556640625,2.0298094749450684,0.8727596402168274,0.6981640458106995
156,port73_raw__import,2077,2024-09-08T00:00:00.000000,224623472.0,13004.298828125,0.6116015911102295,0.6785684823989868,0.5170058608055115
157,port73_raw__export,2077,2024-09-08T00:00:00.000000,96788760.0,6278.56298828125,1.4007775783538818,0.7553223371505737,0.6580123901367188
158,port744_raw__import,2077,2024-09-08T00:00:00.000000,4083911936.0,46813.32421875,1.5567067861557007,0.913975715637207,0.7563836574554443
159,port744_raw__export,2077,2024-09-08T00:00:00.000000,488953696.0,17299.552734375,1.0353437662124634,0.7960554361343384,0.7985938191413879
160,port766_raw__import,2077,2024-09-08T00:00:00.000000,34577448.0,4886.14453125,0.43089306354522705,0.5454495549201965,0.49588996171951294
161,port766_raw__export,2077,2024-09-08T00:00:00.000000,5311559.5,1468.4937744140625,0.07581879943609238,0.1754484623670578,0.20751561224460602
162,port775_raw__import,2077,2024-09-08T00:00:00.000000,577832832.0,21571.662109375,0.8374559879302979,0.821227490901947,0.7075022459030151
163,port775_raw__export,2077,2024-09-08T00:00:00.000000,145282304.0,7380.9267578125,1.9367047548294067,0.8521896004676819,1.076852560043335
164,port776_raw__import,2077,2024-09-08T00:00:00.000000,4833746432.0,60030.28125,1.4197112321853638,1.0287940502166748,0.9284631609916687
165,port776_raw__export,2077,2024-09-08T00:00:00.000000,746826112.0,19603.72265625,2.506575584411621,1.1357145309448242,1.0935401916503906
166,port781_raw__import,2077,2024-09-08T00:00:00.000000,34494780.0,3573.436767578125,1.60515558719635,0.7708466053009033,1.054262638092041
167,port781_raw__export,2077,2024-09-08T00:00:00.000000,3618754.0,1539.2154541015625,0.23642653226852417,0.39343053102493286,0.5220233201980591
168,port787_raw__import,2077,2024-09-08T00:00:00.000000,696448.9375,741.3285522460938,0.06930839270353317,0.23386165499687195,0.248916357755661
169,port787_raw__export,2077,2024-09-08T00:00:00.000000,211267568.0,10226.0771484375,2.64123797416687,1.1433953046798706,1.037674903869629
170,port795_raw__import,2077,2024-09-08T00:00:00.000000,1394120192.0,18995.013671875,8.049318313598633,1.4433414936065674,1.388365387916565
171,port795_raw__export,2077,2024-09-08T00:00:00.000000,107835160.0,6498.37255859375,2.617938280105591,1.0125211477279663,1.0834548473358154
172,port805_raw__import,2077,2024-09-08T00:00:00.000000,513028640.0,21347.828125,0.8074514865875244,0.8469175696372986,0.6189354658126831
173,port805_raw__export,2077,2024-09-08T00:00:00.000000,128977608.0,9416.416015625,0.6346432566642761,0.6605311632156372,0.5850333571434021
174,port811_raw__import,2077,2024-09-08T00:00:00.000000,1340067072.0,30615.54296875,1.2264747619628906,0.9262070655822754,0.7254460453987122
175,port811_raw__export,2077,2024-09-08T00:00:00.000000,217934416.0,10346.9833984375,1.6537120342254639,0.9013237953186035,0.6957408785820007
176,port815_raw__import,2077,2024-09-08T00:00:00.000000,1162371840.0,30260.1484375,1.0116770267486572,0.8927285671234131,0.7094322443008423
177,port815_raw__export,2077,2024-09-08T00:00:00.000000,295748192.0,14067.34765625,2.1289360523223877,1.1935276985168457,1.0210808515548706
178,port826_raw__import,2077,2024-09-08T00:00:00.000000,139539888.0,8009.36083984375,2.1712491512298584,0.999087393283844,0.9258247017860413
179,port826_raw__export,2077,2024-09-08T00:00:00.000000,1745414784.0,33425.7890625,2.7899155616760254,1.3363734483718872,1.3652825355529785
180,port839_raw__import,2077,2024-09-08T00:00:00.000000,30014200.0,3503.88134765625,0.9783974289894104,0.6326210498809814,0.5442852973937988
181,port839_raw__export,2077,2024-09-08T00:00:00.000000,23027980.0,4668.42919921875,0.4306974411010742,0.6384531855583191,0.5508313179016113
182,port845_raw__import,2077,2024-09-08T00:00:00.000000,244333792.0,6479.0986328125,2.0033833980560303,0.5866848230361938,0.7269116640090942
183,port845_raw__export,2077,2024-09-08T00:00:00.000000,56768004.0,6414.154296875,0.23280099034309387,0.4107523262500763,0.4265958070755005
184,port862_raw__import,2077,2024-09-08T00:00:00.000000,37241344.0,4678.07275390625,0.5590264201164246,0.5731528401374817,0.6120694875717163
185,port862_raw__export,2077,2024-09-08T00:00:00.000000,5342174.0,1906.3121337890625,0.9086896777153015,0.7862176299095154,1.1795458793640137
186,port908_raw__import,2077,2024-09-08T00:00:00.000000,158309968.0,11390.7353515625,0.28836262226104736,0.4861464500427246,0.4094957113265991
187,port908_raw__export,2077,2024-09-08T00:00:00.000000,107951696.0,8761.0205078125,1.5426431894302368,1.0473037958145142,0.9659939408302307
188,port915_raw__import,2077,2024-09-08T00:00:00.000000,7596040704.0,61778.796875,2.109753370285034,1.0295838117599487,1.744603157043457
189,port915_raw__export,2077,2024-09-08T00:00:00.000000,8640862.0,2693.26025390625,0.2183501273393631,0.42813077569007874,0.5505430102348328
190,port917_raw__import,2077,2024-09-08T00:00:00.000000,928286.0625,877.2885131835938,0.07398112118244171,0.2476634681224823,0.31940755248069763
191,port917_raw__export,2077,2024-09-08T00:00:00.000000,194798544.0,12538.5947265625,0.895039439201355,0.8499181270599365,0.6250864267349243
192,port958_raw__import,2077,2024-09-08T00:00:00.000000,12066193.0,2191.7265625,1.2004610300064087,0.6913139224052429,0.5934598445892334
193,port958_raw__export,2077,2024-09-08T00:00:00.000000,9817434.0,2307.946044921875,0.27873921394348145,0.38888898491859436,0.3262549340724945
194,port959_raw__import,2077,2024-09-08T00:00:00.000000,853882816.0,16648.07421875,5.245303630828857,1.3048187494277954,1.435484766960144
195,port959_raw__export,2077,2024-09-08T00:00:00.000000,587766144.0,14592.5205078125,0.9023635387420654,0.5717666149139404,0.5415341854095459
196,port985_raw__import,2077,2024-09-08T00:00:00.000000,2337970176.0,37487.26953125,1.0959265232086182,0.81162428855896,0.5919216871261597
197,port985_raw__export,2077,2024-09-08T00:00:00.000000,81450464.0,7247.1162109375,0.4134828746318817,0.5163536071777344,0.3750157058238983
