user_id,user_name,windows,mse,std_mse,mae,std_mae,nmse,std_nmse,nmae,std_nmae,mase,std_mase
0,0,34,3.8075582420304954e-07,3.353965359847622e-07,0.0004059812516275355,0.0001566583477867469,8.88310494915726e-05,7.950276442882846e-05,0.006461258710581152,0.0014140385840607287,0.022748752141042668,0.005829969448554287
1,1,34,3.728564465804391e-07,5.473853429014692e-07,0.0003580782281727914,0.00011356771118133631,0.00019532746281423469,0.0003371496999250204,0.007728701662820052,0.002618382264658258,0.027287171770106342,0.009189374726446552
2,2,34,9.165564608458547e-07,4.5064506001661037e-07,0.000680092183756642,0.00015840525219199575,0.00013748736669453245,6.432033454728943e-05,0.008327883134102997,0.001842040011259271,0.02405029195634758,0.005332795620996181
3,3,34,3.4614662759642724e-07,4.879928738449341e-07,0.0002709248927952585,0.00011286296317704144,0.000307314129660132,0.0004857261198083031,0.0077592066817862146,0.0035212368462204627,0.023103390217703933,0.010974390944386578
4,4,34,1.7127473389881984e-07,8.649752002080954e-08,0.00029761889805633794,7.412976019715888e-05,0.0001299497541956097,6.382145010400338e-05,0.00821239297168658,0.001637836931347856,0.030782318975338164,0.006842018881710017
5,5,34,9.602549343914206e-07,7.026599750221213e-07,0.0006503442855319008,0.00017753459221478115,0.00023705352235564906,0.0002650770422022353,0.009823423837695052,0.0023206086779119788,0.037848173038047904,0.009497864763528215
6,6,34,5.29740256471247e-07,2.2480292534251458e-07,0.0004864293672760729,9.178509824368125e-05,0.0001436355188857038,5.91736729588361e-05,0.008007101317429367,0.0013772619747005176,0.028198707574868902,0.0051233445837555
7,7,34,6.47466994842168e-07,1.0836855476742453e-06,0.00042001842623850443,0.0001489355484309474,0.0002628706661198521,0.0006298979931414675,0.0077994466375778705,0.003297807486160618,0.02665141430299948,0.013119687394809591
8,8,34,2.2178080966488565e-07,1.38916517744662e-07,0.0003188630948630709,8.710185365509422e-05,0.00012169027072291904,6.805317632150952e-05,0.007480270886684165,0.001809805264735502,0.026528050136916777,0.006840232716668689
9,9,34,1.6922318571780981e-06,2.4609964258030926e-06,0.0008060109454056467,0.0004845618170331198,0.00016127501026751227,0.00014907368410294907,0.008361726930803236,0.0026604942923413822,0.023180946050321356,0.014927020049591679
10,10,34,1.9113790623451037e-07,2.400084973032232e-07,0.00023113222435794715,9.798618757201218e-05,0.00018538051753078916,0.00029961236428246535,0.006864348097759134,0.0034597369318750447,0.017957520013784662,0.009719796307308447
11,11,34,4.023773598760272e-07,4.90752279165802e-07,0.0003749328538748052,0.00016667723035694148,0.00016084881944527084,0.00026943377516668634,0.007467610638259965,0.0030888376628697258,0.025753089911578333,0.012231955391036987
12,12,34,8.244510708642431e-07,1.192460691302234e-06,0.000420938190740451,0.0002208452232486285,0.0005350181410155047,0.0012275651479134128,0.00884694982703556,0.0058636947181328735,0.026009359424385953,0.01892792859170188
13,13,34,1.9796601482285575e-07,1.264027211661738e-07,0.0002770815506878802,7.326088582272615e-05,0.0001409627886780928,9.027122561635034e-05,0.007388462024905226,0.001955594834063586,0.024547238094622597,0.006783366583553466
14,14,34,7.685601802035415e-07,4.2305389065440786e-07,0.0005766952235717326,0.00014149076270536306,0.0001452334613799501,7.521189040749834e-05,0.00797333034193691,0.0018170459906124902,0.02494777604827986,0.0060801475661870965
15,15,34,7.013357683363478e-07,1.517801488493924e-06,0.0003419012036294375,0.000273685960121516,0.0003468604262546732,0.000740928032398375,0.0077943035045309975,0.00595165104752646,0.021395244060412925,0.015962609895114038
16,16,34,8.476456671209743e-08,6.693440361132569e-08,0.0001927382023388739,7.571391712506937e-05,0.00011843727893659995,8.506388504659234e-05,0.007459263509029851,0.0025267285685212065,0.024008115863098818,0.009861974369849136
17,17,34,4.907771542364384e-07,3.8373550023379174e-07,0.00040924635643879064,0.00014040498611706258,0.00015545178629348383,0.00012551211570878426,0.007410074926584083,0.002271675732221153,0.020709828309276524,0.007066349525838125
18,18,34,1.432042242174368e-07,2.0049527412949367e-07,0.000238175226139206,6.474199051017117e-05,0.00016146396581675885,0.0002501788911645639,0.007868192350382315,0.0021724475050878722,0.02917001659379286,0.00829698706092234
19,19,34,7.190311325690774e-07,7.586536780596279e-07,0.0005355451469179517,0.00017938279252616276,0.0001798120412037379,0.00028531551391846357,0.007916109047501403,0.002648908093819941,0.027625063215108478,0.009053538147199922
20,20,34,8.001026602040142e-08,5.064660191757929e-08,0.00020429613548057044,5.784973184836099e-05,8.907625916061293e-05,4.3681409908441714e-05,0.006960403215249672,0.0017368290940108387,0.02445383227485068,0.006272447959117816
21,21,34,4.808867978855393e-07,4.1112639554550113e-07,0.000432907826239791,0.00015430847290381265,0.00012274432789554876,8.636028380429886e-05,0.007100885418955894,0.0017713058167583352,0.019303630790947116,0.005097047490296179
22,22,34,1.8523849753439863e-07,1.3494843336216996e-07,0.0002717617120223996,7.858034291395866e-05,0.0001441919780250721,9.797516565653047e-05,0.007625868564526386,0.0021300979063668605,0.026782557943507153,0.007802116962954329
23,23,34,7.707845559720869e-07,2.7864693135951044e-07,0.0006234752594643985,0.0001117177059126378,0.00013930941135828,4.778771016275531e-05,0.008380497326417005,0.0014326397818823463,0.0251978452262633,0.004536559627599778
24,24,34,5.80357384110892e-07,4.5114675218573943e-07,0.0004960418737027794,0.00017072514225088893,0.00014530782305775895,0.00011479092568353813,0.0080914174014812,0.002147518238997682,0.029028280145105195,0.009542708886790666
25,25,34,4.4759924018181023e-07,4.0718949128215423e-07,0.00039257965160205085,9.439185513426652e-05,0.0001401775725218399,0.00016703790842455905,0.006805330953177284,0.0017536787698464635,0.019506549490067887,0.005243888755057166
26,26,34,2.5507771894694997e-07,1.3674763333831575e-07,0.0003217111336519284,8.372898436672882e-05,0.00012318909873155302,5.824985077304803e-05,0.007123671115978676,0.001678449121843004,0.024425110341433215,0.006180027298770825
27,27,34,1.3936696316212546e-06,4.202010593231134e-06,0.0005240779248518212,0.0004062626868102373,0.0004936580090703929,0.0015939677435835506,0.009475449175464319,0.006536353356827465,0.03689274364424979,0.028526748496478772
28,28,34,2.7198187785619907e-07,4.508712720453686e-07,0.0002897072235474993,0.0001787440752226478,0.00022033201425716362,0.000306658434608756,0.00856712194132235,0.004569753815537972,0.028204098398632863,0.018226144349693565
29,29,34,1.734975659087802e-07,2.0689137771907217e-07,0.000230516902400482,0.0001274244351179092,0.00012650083841863843,0.00012335380110461023,0.006779164726407651,0.0030311450278674924,0.02114843897631063,0.010391745907123006
30,30,34,4.840918375701703e-07,2.380380227703418e-07,0.00046032975232639513,0.0001167213987112751,0.0001396837476075983,6.080731509505735e-05,0.007858746287905994,0.0016848741422634903,0.028482024996157956,0.006487490580309414
31,31,34,4.858081746556977e-07,4.132192743051973e-07,0.0004429432887905825,0.0001313564821254952,0.00013627753362336937,0.00010613715851113525,0.007507271530544933,0.0018979142979325073,0.024160102749352947,0.006296723537308238
32,32,34,3.782534097705165e-07,2.994272768873776e-07,0.0003722553074647508,9.811944241214842e-05,0.0001432335249025046,0.0001245357898458849,0.00718795506776694,0.0019967609498494,0.02432273607701063,0.006928181696412584
33,33,34,2.639513776698015e-07,1.602328556867375e-07,0.0003263442575938397,8.235318354201252e-05,0.00011552149268990273,8.10006696551257e-05,0.006724869079120895,0.0018268026603546564,0.01985523575807319,0.005517751252540887
34,34,34,6.985355342525214e-08,1.0607596106443177e-07,0.0001499954744170228,5.61341584695115e-05,0.00014971906469273723,0.00022081584888557213,0.00697627996423227,0.0025758383335353937,0.02343819901237593,0.008512145426505942
35,35,34,1.636458224093594e-07,5.226370863096056e-07,0.0002052541432717322,9.524245676363491e-05,0.00024369569345093195,0.0007364318225625976,0.008039255701827215,0.003830449757689137,0.02923934572540662,0.014718722262109251
36,36,34,3.478076085962263e-08,1.9715974462387283e-08,0.00013156541300465025,3.334087554678724e-05,9.52817723266301e-05,5.081307242837103e-05,0.006926217417725746,0.0017673891385425295,0.02389611690031255,0.006244368038494237
37,37,34,1.1610954203851686e-06,3.517601544082379e-06,0.0004197434780722046,0.0003053418578645029,0.0005459143022723284,0.0016520520641718313,0.009258924093207015,0.006989753721507131,0.029782709062975997,0.021763602418438208
38,38,34,3.6443745323483054e-07,1.8821366012611301e-06,0.0001440309271642678,0.00013333003967723483,0.00100351393367044,0.005189139721335809,0.007647979511495899,0.006958151415098281,0.026531321489635634,0.02263238974811175
39,39,34,6.983053612476824e-08,3.410830259021277e-08,0.00019932677241740748,5.024812432833723e-05,9.055984104206265e-05,4.419902614584052e-05,0.007178347448215765,0.0018094297100456232,0.02548428186598946,0.006405493055788898
40,40,34,9.62563026409585e-08,6.523438745399451e-08,0.00020133595920496564,5.442185914527709e-05,0.00011364017368845559,7.807612561355351e-05,0.006934624028337353,0.0019076814742736191,0.02195748555309632,0.00643414096461894
41,41,34,5.338808544011312e-07,3.5085619706196134e-07,0.0004964514947085477,0.00013415886087721364,0.00018045051590032766,0.00012434377517492117,0.009059337077333647,0.0021944025453841712,0.034623419263345355,0.009011369205835468
42,42,34,4.4768347303779455e-08,2.1760520085778664e-08,0.00015863615750704948,3.5233946464931114e-05,8.946281848372618e-05,4.1850982290865314e-05,0.007102930178756223,0.001769980933068661,0.02597842924296856,0.006123558616201429
43,43,34,8.919794433005697e-07,8.087475509352107e-07,0.0005731041267555317,0.00021437329337540675,0.00017635688190613806,0.00020087468725282981,0.007862582823316403,0.0027583919359382408,0.028032813412959084,0.01066616171630851
44,44,34,1.8503134287495934e-07,2.5208460211941485e-07,0.00023042244185275836,0.0001427338956063332,0.00017131006397368552,0.0002158123343029793,0.007471185273436063,0.002739488067646712,0.02207624156247167,0.00857473538951146
45,45,34,9.368914426488573e-07,1.995494995739488e-06,0.0005064335358945434,0.00030138814611216076,0.00025473059373753667,0.0004533148887354049,0.008722899474806207,0.004788987680409106,0.028276240891393495,0.015192438777732471
46,46,34,6.276234226188602e-07,7.073131717303217e-07,0.0004802608519265264,0.00030703845491622447,0.00015197237071868798,9.511320902512678e-05,0.00811358235831208,0.0021893811321326787,0.031509325264350456,0.013013403665200086
47,47,34,5.288786670831769e-07,8.471803291273827e-07,0.0004086051434141529,0.00022213570629834155,0.00016339241023267866,0.00020412472523096003,0.0077245870591415204,0.003593187672075814,0.026251056176774642,0.012064832112912486
48,48,34,1.8817245288757663e-07,1.6488222192089018e-07,0.00025974748517482485,0.0001001728462124658,0.00011507595204688293,9.528980270797942e-05,0.0065565831781200625,0.0022879478688112393,0.018764794886331346,0.007357854238103739
49,49,34,2.831676720033476e-07,3.62215785185805e-07,0.0003284705543431782,9.978353992591184e-05,0.0001796642561256543,0.0002674139201897637,0.008134964990484364,0.0025864521604884753,0.02729073210674174,0.009836062717534597
50,50,34,8.0667704218218e-05,0.00045903159030427035,0.0007421156254114227,0.0030586372244997195,0.15550518135769914,0.8851461051088513,0.031438506763044965,0.1345134134892154,0.10274124542689499,0.44056680867863013
51,51,34,7.978714567467278e-08,1.9110674527811265e-07,0.0001649555849914631,6.693186032918809e-05,0.00011470121912412545,0.00032245303463007376,0.005662625587052282,0.002864054603641953,0.019967494587249616,0.009834223267208397
52,52,34,4.884170890474092e-07,2.609428687759379e-07,0.0004305577522780582,0.00011016892422415038,0.00012411250431528862,6.248501255043818e-05,0.006866099306053537,0.0015176925294413802,0.019230670240872046,0.004341429018369407
53,53,34,2.7556256348707444e-05,0.00015639262039008074,0.00042734070259885975,0.0010108897888389643,0.04843734272815388,0.2773346534829269,0.014642084935022628,0.04223131672554841,0.05425241523805786,0.1580060158040663
54,54,34,1.499937943784309e-07,1.3207467810635684e-07,0.00021896101508686757,8.046523973155241e-05,0.0001592419481205391,0.00015847244297053113,0.007049764349015758,0.0025787123223265213,0.020687055883600432,0.008072570758644714
55,55,34,1.3848177485777022e-06,1.2409719381745533e-06,0.0008108450693886398,0.0003222242182402655,0.0001593933444810853,0.00011494158031126169,0.008666985093013328,0.0029249125123205987,0.02546989287742797,0.00877704478331804
56,56,34,6.116691005201226e-07,1.7230340921841533e-06,0.0004315865345929256,0.00020734361534397876,0.0002247942646884921,0.0006053676417183705,0.008427275933653992,0.0038103433279129675,0.022005359368289217,0.014799515515825064
57,57,34,3.4408218413057725e-07,1.2166820494299653e-06,0.0002335796585505116,0.0001228671221242488,0.00020396539056331247,0.00044743945050037084,0.007276865770108998,0.002928082232793143,0.02276288707028417,0.009486506699759775
58,58,34,4.20940539105091e-07,4.523851667928489e-07,0.00037176762827370753,0.00014131575689596193,0.00017391435732647283,0.00027866199853884333,0.007215489893603851,0.0027173832413983565,0.024979532175861737,0.009524082248349434
59,59,34,1.3762288783091074e-07,1.280537180021867e-07,0.00024477371291997023,5.597577579495264e-05,0.00014078531635545113,0.00012642678824328131,0.007846203523085397,0.0018240727442909756,0.029274191652588984,0.006994192702930008
60,60,34,1.7253911209573234e-07,1.3290961163648153e-07,0.0002711728139890029,7.3863882833635e-05,0.00010581497019088333,7.671498642654795e-05,0.006785012343350579,0.0018548489722769398,0.023599305792766458,0.007104141433723678
61,61,34,4.4918044813069924e-07,3.564630397349377e-07,0.0004258455806206364,0.00014832109615211796,0.00011572009594494696,8.724690164645895e-05,0.006964722524999696,0.0017358732274731024,0.02352868113666773,0.0066544006380802176
62,62,34,1.81903833277254e-07,1.545208378495312e-07,0.0002661878054769819,6.845937014491307e-05,0.00015514735990590825,0.0001376945780567963,0.00772017115206622,0.0024807658217820753,0.020831694579957163,0.008712129830363778
63,63,34,3.112416651204927e-07,2.3344555290613682e-07,0.00035370263289865656,0.00011674580792424487,0.00012157975507922375,6.979855817500872e-05,0.007240489577217137,0.0017715950940574343,0.02042889071847586,0.005284588506968392
64,64,34,4.5907088389519817e-07,3.075919576580512e-07,0.0004347618656431544,0.00013024601289214532,0.00012222293079342788,7.89571704872501e-05,0.007184047731296981,0.0016903004175530102,0.024388936676961535,0.00598412119033616
65,65,34,6.465290175123741e-08,7.440948525428432e-08,0.00014920662022846313,4.645644953998209e-05,0.00015913092685128932,0.00019576878784197886,0.007237156976343077,0.0024283558375280947,0.02481052665697301,0.008811777738172056
66,66,34,2.6336450380003884e-07,3.677249426617683e-07,0.00029348104384125154,0.00013379702747934964,0.0001616766610502108,0.00023248862520038567,0.007401889409212505,0.0029788455957103633,0.023473081425489747,0.00893522399969743
67,67,34,4.3968466284842875e-07,3.8573647211246747e-07,0.00043025105654070266,0.00011923982352926331,0.00012716815024973853,0.00010968037489577875,0.007309432374313474,0.0017665011942935344,0.02308573034208487,0.005230669144495011
68,68,34,8.446760162950749e-07,4.262670463995064e-06,0.000246222699762952,0.00013127959761148007,0.0021779072008297697,0.011811817161904312,0.008758352302453098,0.0069770666658875635,0.03198937255450908,0.027611823946576342
69,69,34,1.5970384770975657e-06,2.37406589223575e-06,0.0007076518047731096,0.0004581036223177025,0.0003292254467155812,0.0005362805717219603,0.010215693249312393,0.005248269334895676,0.034704826443510896,0.019912153960768543
70,70,34,1.3515776678244486e-07,1.601438287011195e-07,0.00018649902267497964,7.900805837480344e-05,0.00017714145949011093,0.00022837082224577877,0.006798218415283105,0.003028378797591692,0.0206648852018749,0.009423486726173606
71,71,34,4.961858116015559e-07,2.3183474854653522e-07,0.0004664650486494579,9.553119675890265e-05,0.0001411750335511683,6.841975064734487e-05,0.007863062968039337,0.0015731778567763012,0.025689723846666953,0.006070463376141445
72,72,34,5.168564972091825e-08,2.8236167862459193e-08,0.00015678524098749382,3.348603821401355e-05,0.00014492179059957648,8.501602352978798e-05,0.008267212193459272,0.0018156416851709337,0.030230520786169696,0.007010787934414473
73,73,34,2.5242458748079226e-07,3.1132176220748696e-07,0.0002925223756499369,0.00011913017419446413,0.00016498305857941674,0.00018044791223677682,0.007698945577859002,0.0025857536561842104,0.024011903962887386,0.007706752125558912
74,74,34,1.864623232287787e-07,1.431908380806908e-07,0.0003038006102810066,0.00011800718521193209,0.00011284593711025082,6.186939888039388e-05,0.007684793350670268,0.0016826054270755566,0.029067834674873772,0.006870817586338688
75,75,34,3.5502524256384386e-07,1.0300410583059898e-06,0.0002913505698362475,0.00019877170881261495,0.00027547194178409614,0.0008391439060988162,0.007943241651553442,0.005672508784125677,0.02286171373527716,0.016752313615923765
76,76,34,5.751555316718997e-07,4.004714282842756e-07,0.00045778929266174705,0.0001244656196895495,0.0001606020062300719,0.00010886166683739547,0.007615861126824337,0.001943669737805739,0.026004192145431742,0.006335544497432043
77,77,34,2.0064533029038583e-06,1.3283726296787493e-06,0.0009926998018807568,0.00023027264654738047,0.00022958037687417613,0.00017782824905628058,0.010431862573194154,0.002556174733102217,0.045419106807778865,0.010588529621725544
78,78,34,3.563404287982721e-08,2.6370746778931747e-08,0.00012577045473496101,2.963506497778446e-05,0.00011611017640354796,0.00010378808264449248,0.007008553907165632,0.002000925618409591,0.024340343278120544,0.007118653358809727
79,79,34,5.258853656855803e-07,5.421858966989237e-07,0.00043436903283958705,0.00015143589597183056,0.000166008823137364,0.00017824676539172045,0.007695641396019389,0.0028203816559663054,0.01999309365911519,0.0073911818624740186
80,80,34,4.3648069707599876e-08,1.3889596407284134e-07,9.589671111932737e-05,3.849654607668416e-05,0.0002587393562006422,0.0007730954447569791,0.0075648627928732075,0.0030038258445006043,0.024629619849078795,0.010322602615877773
81,81,34,4.456322550710718e-07,4.77716993281777e-07,0.00039574921880985666,0.00014272907313175474,0.00019985127758392242,0.00022763841420947618,0.008309811476946753,0.0029062195682274462,0.028656368965611738,0.010496897580029958
82,82,34,1.3501377929384596e-07,7.794159180731035e-08,0.00024037937007104869,6.692637044340752e-05,0.00010455210175517576,5.629679249567611e-05,0.00670446059666574,0.0017658259620942115,0.018257193869965917,0.00534951530036748
83,83,34,3.6619548648322023e-08,1.8345084738352238e-08,0.00014308904450016971,3.443856968965457e-05,0.00011043248089074896,6.778805516194742e-05,0.007725190686281113,0.0022998907798489243,0.028826757991576895,0.008416940960429458
84,84,34,2.4613416747891224e-07,1.2435899704276656e-07,0.00032489129080204293,7.855669718141633e-05,0.00012216114009788726,5.988809231790057e-05,0.00724265501177048,0.0014503827391064404,0.023288710837197656,0.005031757758221654
85,85,34,8.996413893585749e-08,7.912594011646517e-08,0.00019173032213824198,6.062968451687674e-05,0.00010896178585372742,9.091569014998441e-05,0.0067312405992518455,0.0019430035421525908,0.019711796714759925,0.005850844496305156
86,86,34,4.896515143152957e-07,3.0444835843441607e-07,0.0004337819674915141,0.00010483940142682562,0.00014893161364050363,8.099833271329123e-05,0.007600673049797907,0.0016395903905218393,0.026287250385126647,0.0061287603931042805
87,87,34,6.328126038865508e-07,8.393878868905621e-07,0.00042941791659412793,0.0001750014166180498,0.00025864521451106104,0.0003883422105136042,0.00856411295449909,0.0036275336422503107,0.02587601846522268,0.01139803914908358
88,88,34,1.024858637693422e-07,9.124997049598054e-08,0.0002111329276350957,6.463527655839345e-05,0.00013801729935092975,0.00020648556524011208,0.00705832034787711,0.002429011228952329,0.023960469071479404,0.008303163615523152
89,89,34,6.345422034612244e-07,6.233412857908542e-07,0.0004904442394035868,0.00018351785893364514,0.00014584977853861775,0.00010118141456924374,0.007749209646135569,0.0019855815673975575,0.026480230283649528,0.007368214758082924
90,90,34,2.636156180144286e-07,1.8193833039989448e-07,0.0003093556301524479,9.947910321504017e-05,0.00012369167683680323,7.676212247839331e-05,0.006827872404006913,0.0019197525161873993,0.022525162463459897,0.006618105061673075
91,91,34,1.0803067282568811e-07,6.605702950322359e-08,0.0002242832038866575,6.978600270657807e-05,0.00011494640763403903,6.140989476565989e-05,0.007335073985707234,0.0018968082967889734,0.02080121570650269,0.007220809166687469
92,92,34,3.575145612235447e-08,2.4175058034887767e-08,0.00014667551166734055,3.805420223179623e-05,8.594632494992659e-05,6.645448516389083e-05,0.007137600277714869,0.0019759687855008586,0.026102740372366765,0.007259189438922521
93,93,34,1.671734087735518e-06,2.8013922556785034e-06,0.0006855009500320782,0.00034721113046948796,0.0002613480738706558,0.0004409261386552142,0.008495905039393726,0.004313372522992222,0.02835422400932978,0.015412132505132056
94,94,34,1.1426684168803965e-07,7.649516061868252e-08,0.00023583484674899783,8.798433817481578e-05,0.00014275592387575134,7.341426438553305e-05,0.008431599680882166,0.0018442391520323864,0.031605423482901907,0.007344271710314489
95,95,34,7.056134659050633e-07,4.480665601902487e-07,0.000586997002863106,0.00015543887648647296,0.00018001421213899877,9.636897331625556e-05,0.009561358115581028,0.001780702568547228,0.04064316094359931,0.007850037970524127
96,96,34,2.950567982358788e-07,2.2899220928629455e-07,0.0003386960961506702,0.00011082475811510538,0.00014266482321545482,0.00010073628239298544,0.007589860107092296,0.002076640010476162,0.02419054406859419,0.007095751834023488
97,97,34,1.5951241523988061e-06,1.3958580177458145e-06,0.0008653107575168286,0.00023312438716766086,0.0002092750763789381,0.00017086058683622978,0.009964447852004977,0.002305331258969193,0.04118095650611555,0.010711600583529098
98,98,34,7.747394819796896e-07,4.089712306881316e-07,0.000596220780554337,0.00012697170182768446,0.00013704181594007155,5.942920706391755e-05,0.007977654993095818,0.0012926168798511996,0.02981608163784532,0.005052404380604554
99,99,34,2.9599393257986067e-07,1.3177281068324216e-06,0.00023729157392688861,0.00022640509792031595,0.00043356071685540136,0.0019564592211122884,0.008898070328595006,0.008763079792308075,0.031164679621510646,0.03141967687165791
100,100,34,9.162357957304788e-08,8.820779587556525e-08,0.00020151986802161178,7.045179775384339e-05,0.00010254723490695196,7.161004269393175e-05,0.006997538401800043,0.0017697972275206718,0.02484181268578943,0.0062878162869717015
101,101,34,8.11166436504356e-08,3.142538946017125e-08,0.00021094868433839807,3.587318061414538e-05,0.00012364752600500223,5.272913859699073e-05,0.008200226858367814,0.0014731051153593668,0.0317284666987903,0.005583179293255827
102,102,34,5.4457790303363185e-08,3.92981170964911e-08,0.00017516652331002713,4.746269119662376e-05,0.00010693701455345624,9.051907075506846e-05,0.007620300933280412,0.002385633321565528,0.027104534537476653,0.008912305888904425
103,103,34,7.579534020026933e-08,5.917365815878269e-08,0.00019159563945483088,5.764077671670012e-05,0.00013971026269513567,0.00011353373456558624,0.008176397121347049,0.0026723867184087194,0.02553454600274563,0.009021021164419569
104,104,34,3.458419699639722e-07,3.923035218952385e-07,0.0003310536797952783,0.00011200655488012443,0.00014867684352365732,0.00016429698673153464,0.006990378791028086,0.00226485400407653,0.023504708756637925,0.007645058150491998
105,105,34,2.8138663237384394e-07,1.9576480054837707e-07,0.0003441062054822824,0.00010868240756836658,0.0001127997180339983,7.364897753979688e-05,0.0069817653309334725,0.0018910305039222125,0.021668398944551453,0.00636233031007888
106,106,34,3.188229823415574e-07,4.475527447610131e-07,0.00030653371675939793,0.00017655112345376836,0.0001672632405483027,0.00022508580809950114,0.007618854678345516,0.0031844666335237356,0.026373237070134458,0.010192134355620741
107,107,34,2.672525458452208e-07,1.270720287496102e-07,0.0003345369058318765,8.287068394638475e-05,0.00012976996924194014,6.087561584670527e-05,0.0073525251491981395,0.0016904190922570075,0.022440957069835243,0.005155901441274733
108,108,34,8.187036147061837e-07,2.0344395247507886e-06,0.0003310390919282594,0.00019159912331895347,0.0005674844697911313,0.001470481221207619,0.007983110399971552,0.0056092430983867856,0.0223309389753815,0.016493668500504335
109,109,34,9.475922457160296e-07,7.641275321581125e-07,0.0006213949424872065,0.00024281060723616802,0.000164928498741253,0.00010839105109251025,0.008339440230937564,0.0024663759638293183,0.0316811395699487,0.010142739770451126
110,110,34,1.188002973903809e-07,1.203151359295405e-07,0.00021580145082279,8.05847309897521e-05,0.0001458183237713563,0.0001744472805844031,0.007395388332524282,0.00273883321442736,0.023752369589227086,0.009030314748753319
111,111,34,1.9374836561258283e-07,5.260061054470458e-07,0.00018929807479520713,9.411446202901294e-05,0.00024494837281749556,0.0006279619346451887,0.006647968726396999,0.003520843206811024,0.021169301670263794,0.01123183044053353
112,112,34,1.4511248850911832e-07,1.9763817025652808e-07,0.0002005978580307462,9.883884669417596e-05,0.00024365755678659566,0.0003125201758681567,0.008235708967892124,0.003353556521382163,0.025557509705643442,0.011035958607011008
113,113,34,6.033762549726038e-08,1.1336217574383326e-07,0.00011724766034817817,6.266671472268862e-05,0.00012991069466164953,0.00014586511150289466,0.006623650955803254,0.0019429361124344154,0.020966278169961536,0.006810558290836547
114,114,34,4.0184485062364756e-07,4.109715213268327e-07,0.0004024485914509141,0.0001352421120990598,0.0001946004815502366,0.00030649374324782567,0.00856656366137459,0.0029107384612727023,0.029823766911731046,0.010947439253215459
115,115,34,1.1901978556703425e-06,5.620540996815883e-06,0.00024750849522259906,0.00031076200830693496,0.001180384409321157,0.005543388073221233,0.009560395888162447,0.008365954434611203,0.03427420151146019,0.03273060873267358
116,116,34,2.986895066967196e-07,4.360230538723737e-07,0.0003200558083549635,0.00012054983339913584,0.0001872502312728423,0.0003233976653043743,0.007696935413953136,0.003475945099367519,0.0229508449213908,0.011788178690868218
117,117,34,5.089227328447521e-08,4.890163688958318e-08,0.00015899420395726338,7.301726877638056e-05,0.00013088362581637579,0.0001204136144493597,0.008216981043326943,0.00331589284041948,0.030306541169171825,0.012007996081674707
118,118,34,1.1788390550552188e-05,6.758231229034327e-05,0.0002198938887244474,0.0006459743903318894,0.059912402090156,0.3436232258302861,0.014684669358436675,0.0462313150444029,0.04879512670723831,0.1463100919368402
119,119,34,4.219690544172248e-07,3.6158982639508926e-07,0.0004028743368347504,0.00012600919343705813,0.00012210715752136072,9.187061748592445e-05,0.0069207936689695895,0.002059647646099835,0.018941463491715053,0.006264623842415876
120,120,34,1.5340206830295663e-07,9.538388687307119e-08,0.00023796028579133288,6.547362122257966e-05,0.00014003395506947795,9.509271089112387e-05,0.007177782299764016,0.0020355822828561966,0.022694783504394925,0.007041359528637776
121,121,34,2.8545574364399913e-07,3.8355428654233804e-07,0.00025964828177273055,8.902127524526325e-05,0.00015403644604649504,0.00019702425330412642,0.006238633307957035,0.001894384744446464,0.01757466368486776,0.005888469980417611
122,122,34,2.886984244345486e-07,2.3650525508034008e-07,0.00032015273866229965,0.00010570517018774685,0.0001268754115645767,8.896668417107915e-05,0.00681896076318534,0.0021333830594979825,0.02200423802851754,0.007462035262845408
123,123,34,4.2866126240760554e-07,2.8586293773852983e-07,0.0003951110111837111,0.00010558238350942027,0.00012430257565403523,8.91018203076514e-05,0.0067270574817324385,0.0018093994647928947,0.020072046585161898,0.005832636187002837
124,124,34,2.9350551374939055e-07,2.0594394787256546e-07,0.0003606222333687851,0.000116949601010081,0.0001173937462761601,7.524480704136715e-05,0.0073075022767571845,0.002141589059708735,0.022541562451378387,0.006728497304947485
125,125,34,1.9300450638999846e-07,1.292834713355596e-07,0.0002909688709598199,9.114524845775495e-05,0.00012518288055135226,0.00010794565637541093,0.007283653139465433,0.002476717176952096,0.02205377570627367,0.008166246763694866
126,126,34,1.0582047904605929e-07,1.0308122638991353e-07,0.00019405972189441158,6.327642639863841e-05,0.00016779825968756887,0.00031353506021852297,0.006981387672781506,0.0030938981021186446,0.023629076751496864,0.01086034240105533
127,127,34,1.0885291572690522e-07,1.1314103779165644e-07,0.00021453827717136045,6.686944945964761e-05,0.00011123812049952583,7.36676802158056e-05,0.007204524282475605,0.0018578180675358005,0.02117707410498577,0.006526596885931011
128,128,34,8.209049354527852e-07,3.559399355600511e-06,0.00025408087608144237,0.00014491040581206832,0.0017773779386248754,0.009064509328290766,0.008194870603106478,0.006797522243458589,0.027184962404563147,0.022628346033621103
129,129,34,1.162994917101949e-06,6.221206669149393e-06,0.00023301263482768692,0.00020968212752229745,0.002284860701098189,0.012448923071442504,0.009186649297857109,0.009559137221397167,0.03311702992547961,0.035693015341817715
130,130,34,5.896493947228223e-07,3.423113245420606e-07,0.0004957981132867965,0.00011881731193562326,0.00014147382909654612,0.00016929325495721118,0.0073623232242158235,0.002738899911552462,0.025999323108836132,0.011293565760233002
131,131,34,2.779320471546498e-07,1.9294906544923566e-07,0.00036756494442028375,0.00013513975041052587,9.985585936245865e-05,5.380835119692678e-05,0.007042636683977702,0.0017055644652249993,0.02126511211013969,0.005838838485294739
132,132,34,2.6838423164911223e-07,1.6323677142181887e-07,0.0003721016311079866,0.00011050951486209405,0.00013333510308738742,6.86263966476123e-05,0.008351170772905736,0.0021805670916944745,0.025566609850262895,0.007366670084860166
133,133,34,1.0719431101712054e-06,8.829102581521656e-07,0.0006548908105982906,0.0001872301986221688,0.00019178248952384284,0.00016426296379452504,0.008671816958881477,0.002179397767432946,0.02930137490415398,0.007850472047784515
134,134,34,1.4512519949563001e-05,8.276591579251269e-05,0.0002617156175855438,0.0005682955028473803,0.04870150253688788,0.27915915233344313,0.011726342929143678,0.03317400051063837,0.039002417285433584,0.10776253903914242
135,135,34,6.509924232619489e-07,3.239462732460385e-07,0.0005420406420906896,0.00012608222154870456,0.00013789262694070416,6.605421458810727e-05,0.007920398760367842,0.0017479270263135113,0.024926909601644558,0.005814161256790417
136,136,34,1.1156756775948192e-07,1.1877208165241327e-07,0.00020717541658942697,7.604610057652055e-05,0.0002508992666287882,0.00048001327375298214,0.008744664599790293,0.004130173394467112,0.03206140945172485,0.014411901708666299
137,137,34,2.4990381445256976e-07,1.6244344838072085e-07,0.0002990006430670345,7.917177269200389e-05,0.00012209389938909546,8.173923205271736e-05,0.006625069620306878,0.0016736136391908981,0.021735959083718413,0.005941398948550852
138,138,34,5.38922247899871e-07,4.346415163575659e-07,0.000479807732250158,0.0001420937685519143,0.00013657800616997788,0.00012074249465444532,0.007535802967408124,0.002395384143982701,0.021349931491867584,0.00816700283615242
139,139,34,5.593229743413651e-07,3.066170523238869e-07,0.0004919988757191116,0.00010614209475977067,0.00013854781622392372,8.103611388005147e-05,0.007700953769552357,0.0015695577143985148,0.02850374562994522,0.006242801061160002
140,140,34,7.921685404376014e-08,5.0338484328904276e-08,0.00020317155191578958,6.258332457860552e-05,0.00012546909334453042,7.53381435438186e-05,0.008191506597487366,0.0024740704654213816,0.028252781204441014,0.01136626135455926
141,141,34,2.0798294485339684e-07,9.773190302870843e-08,0.00030741409179480634,7.144987853901373e-05,0.00012704954507866846,6.039725023348204e-05,0.00757746454602217,0.00159782540119072,0.027279454064281547,0.006154381147656726
142,142,34,1.561046292492312e-07,2.306191459753266e-07,0.00022487946625915356,0.00011854707558194209,0.0001650276531376328,0.0002091187106172529,0.008048270500319846,0.002925092611315796,0.029956100727705395,0.01057217106120308
143,143,34,2.6535412097693307e-07,1.2041821977315652e-06,0.00018425000127856895,0.00013434041109021473,0.00043578406621236354,0.001841624934017458,0.008128927205689251,0.005442015962526109,0.02805767597301918,0.018639692686522633
144,144,34,3.0653276069070967e-07,1.7228137990292037e-07,0.00033139427464715587,8.33991817107189e-05,0.0001431905674882514,8.215477767922157e-05,0.007184938582427362,0.0016238384879645234,0.023563003249685553,0.005490779431362426
145,145,34,3.2388691425587563e-07,3.186605165930143e-07,0.0003575674465323305,0.0001437948621735909,0.0001705794734067133,0.0003723455540171467,0.00766696868573918,0.005025112053964773,0.026051795685335118,0.016999639021310586
146,146,34,3.2203551778183855e-07,6.930725521649914e-07,0.0002995592662687961,0.00016510209008014065,0.00016473247171020107,0.0002663015795067415,0.00730634673827273,0.0031700684012450826,0.021446966073092294,0.008805825307497274
147,147,34,5.918404682937668e-07,5.785313193786949e-07,0.0005179408668910208,0.00022373109019815544,0.00011726127382537336,9.911112370561423e-05,0.007503201637197943,0.0023436043860354796,0.025810808545964604,0.009036043520787086
148,148,34,2.0899139203536647e-07,2.0090307093290358e-07,0.0002600499082130709,0.00010610603133890341,0.00016796451087857885,0.00019239570465379383,0.00721843187313746,0.0035947391917944007,0.022053224308525816,0.011146586310111136
149,149,34,4.359984243966905e-07,3.160096403337012e-07,0.0004147869228344301,0.00015008944686267268,0.00015156492939722203,0.00010151605405178605,0.007784948218613863,0.002623758393704702,0.02714766266153139,0.009525603439668724
150,150,34,1.0851129801762107e-06,2.412535351519727e-06,0.0005447911774835494,0.00018483196701251877,0.0002480888076260111,0.000580306948968698,0.0077365854042856135,0.0028665290558053252,0.021362410611746943,0.0084088827445164
151,151,34,2.312017136172612e-07,2.0268874730172434e-07,0.0002863600641242502,9.472796740031973e-05,0.0001075402384658981,7.968888918743463e-05,0.0063873379463877744,0.0016792684047792726,0.020184638143024024,0.005652611250851871
152,152,34,2.5296023074909444e-07,3.969628841520758e-07,0.0003018793765530812,0.00010386522017695583,0.00015190398335107602,0.000245196824432095,0.007415529258330078,0.00235465561538204,0.022747162976028287,0.007970607639483903
153,153,34,1.8246210294304387e-06,5.940315091818863e-06,0.00044576730793136554,0.00033598012299665246,0.001018612688580213,0.0034859070025255873,0.009315891910399146,0.008436058842963088,0.026186332079198432,0.022315778860340408
154,154,34,1.9410667060610115e-07,1.4128803521525842e-07,0.0002871820549497737,9.799469526935493e-05,0.0001673053588199443,9.426775102331588e-05,0.008590266094816959,0.0019492601712242177,0.03187355053994585,0.00736277744485033
155,155,34,2.155953177031185e-07,5.894277632912662e-07,0.00020977613273905315,8.040042021553685e-05,0.0003957403225071817,0.0014026936863965399,0.007830624865806279,0.0035058993860807757,0.024665983667706743,0.009548664909871909
156,156,34,1.2974232391053043e-07,2.728038721744551e-07,0.0001811346825407407,6.940478267824733e-05,0.00028153499378651543,0.0006756547188860672,0.007848342168418801,0.003184445924712111,0.025820735732422155,0.011368593659660382
157,157,34,4.693412974344322e-07,4.2485135034302237e-07,0.0004308510067537153,0.0001579935098583859,0.0001290960492363357,0.00012218743033675988,0.007114513989483171,0.0026369891609468697,0.021915208137429813,0.008644545061860808
158,158,34,3.13874453643634e-07,2.4236567367410455e-07,0.00033715965058517586,9.224791583321788e-05,0.00014605322287346046,0.00011069642852200273,0.007378157817155999,0.0018602974624993367,0.02341406052822576,0.006983277911122163
159,159,34,1.0542968328429517e-07,6.941571842006613e-08,0.0002229527903289315,5.255668095791082e-05,0.00012409907792650354,8.055631112781998e-05,0.007609201978672953,0.00199415925153413,0.027188398930079797,0.007756877809641484
160,160,34,6.215903587925663e-07,3.9535299369864665e-07,0.000491408963331624,0.00014441577144043107,0.00015958773228168653,0.00012283796132535403,0.007761252092142754,0.001954777393774595,0.025900632964775842,0.0070677786514791495
161,161,34,8.055527854701401e-07,7.639914775146888e-07,0.000530305494869347,0.0002250610624844264,0.00020382867917171954,0.00019447065764590578,0.008425490697845817,0.003255384225693126,0.028472835663706064,0.011812021215452616
162,162,34,5.274882662952089e-07,7.060438381848106e-07,0.00037638366484316066,0.00015726902121841006,0.0002413523789608221,0.0003745964629589656,0.007744829704546753,0.0037358676136027974,0.025633251924506006,0.013153369712830997
163,163,34,2.9558537181294337e-07,3.2230322556150086e-07,0.0003072449262082741,0.00011086138295839872,0.00015677975678794181,0.00019077977512603616,0.0070161169723552816,0.0025453841420286947,0.02049604943022132,0.008129938017300338
164,164,34,4.861442812231122e-07,4.965516567427606e-07,0.00040706203328548274,0.00021558474516562815,0.00013567666696069543,0.0001284953920063376,0.007162816904704361,0.0023542634783771397,0.01904709097545813,0.006565275195452205
165,165,34,8.788909095927391e-08,5.772739460352576e-08,0.00020244874287848636,5.723654358802128e-05,0.00011872377073065282,9.829641522763398e-05,0.007337870076298714,0.0020503120887531614,0.025800864650484395,0.0075915997625519765
166,166,34,2.4466848385215785e-07,1.4705014555936227e-07,0.00032248774796779105,9.185178141563116e-05,0.0001296735564370893,8.123468439509835e-05,0.00744623044396148,0.0019825014948668964,0.026066348203183973,0.006823210398218543
167,167,34,3.698154645260341e-07,1.0191615912382882e-06,0.00023713177977376343,0.00020299236885652552,0.0003996353585160464,0.0010779853383497586,0.007862689583014478,0.0067159263185090304,0.02432641967692796,0.02023976558602691
168,168,34,8.238389761233373e-07,1.090883983311397e-06,0.00047685339814051986,0.00026851677193298016,0.00026551449916630243,0.00041589477839392195,0.008566309917060769,0.004553087427863801,0.023689915836953065,0.013663203277530263
169,169,34,2.6520139548454954e-07,1.8524773377039984e-07,0.00030141626270693345,8.611826688650078e-05,0.0001362745773375911,0.00011131066993746813,0.0066623959882075295,0.001869497781013785,0.019142338376053992,0.005874360528476136
170,170,34,2.3647338804496718e-05,0.00013457534673727708,0.0005131500742316027,0.0016564797997625157,0.025355230880958354,0.14483736274763045,0.015641355078996104,0.054503213234885724,0.04870618459330324,0.1668060511660455
171,171,34,1.0716837885090224e-06,9.500939490505229e-07,0.0006593830630128436,0.00018365491474495285,0.00016995983081441782,0.00015836026923193142,0.008254878003807628,0.0019579579939508892,0.02235989740994923,0.005719978018684639
172,172,34,3.04620670648854e-07,4.575427837301629e-07,0.00026978554010651456,9.866956362725076e-05,0.00018406627660785008,0.000248538193185909,0.006740609177059549,0.0024565091892377448,0.022197439061368212,0.008354745296401612
173,173,34,1.9610019772725912e-07,8.587489297112133e-08,0.0003215029539526714,5.681470580776453e-05,0.0001376005142553956,6.858752586878717e-05,0.008434822741786347,0.0016845330092766764,0.031757246319423706,0.006372426900871215
174,174,34,2.285686420525558e-07,7.675930949449478e-07,0.0001722696324577555,9.31247218409378e-05,0.0007112220098540146,0.0027868452220080947,0.009237999548478162,0.004424226140701461,0.03037452610100017,0.01696276608665747
175,175,34,1.5035187009130248e-07,1.4878122228334763e-07,0.00023751684613457387,9.956883263240116e-05,0.00011607684374372612,0.00010926799685052154,0.006668229806510841,0.00217874164730148,0.021954578128369415,0.007081630515772302
176,176,34,2.4446998778290327e-08,1.6289926272506628e-08,0.00012443638372454136,2.9389802449806425e-05,8.731059353843139e-05,5.677840655288355e-05,0.007430777871323859,0.0017692157531767373,0.028413380879689667,0.006523927704208403
177,177,34,4.112890577132208e-07,4.3701538164140284e-07,0.0003454624833573368,0.00011412596084105315,0.00012763937603963045,0.00014077332952965662,0.006204718148664516,0.0017697781260454734,0.01734902849420905,0.0050702473703122045
178,178,34,1.884125978894999e-07,1.4613615811156183e-07,0.0002694510044153396,8.507802358484793e-05,0.00013007423149247188,9.862500107795459e-05,0.007133850266280419,0.0022396401723213514,0.02290989283253165,0.008267574845498608
179,179,34,8.170835681256375e-08,1.0750456652859521e-07,0.0001886340623433866,6.910868047233132e-05,0.00018884105445656185,0.00022460853930381,0.009080019834287027,0.0034014475575386473,0.033291987581726384,0.012610225360361531
180,180,34,1.6885742891257478e-06,9.36729473330614e-07,0.0009182476736468208,0.00019082205794732887,0.00019328044564805597,0.00012209594306349564,0.009726393926779138,0.0019986690483839017,0.04035337329568232,0.009255630107024322
181,182,34,3.10402395081406e-07,3.985131627928616e-07,0.0003474987159493407,0.0002012185665107871,0.00011400049376842456,7.93835356397705e-05,0.007455112974104636,0.0022820885555927986,0.027032166829004008,0.008532443953755629
182,183,34,5.9456946627560864e-08,8.50304973015581e-08,0.0001485557363861624,6.709305733637651e-05,0.00013411360358826213,0.00016264800855003334,0.0071485230959404044,0.0030047277877831655,0.024564324220752016,0.010708475558720246
183,184,34,1.214036925369007e-07,7.575624257334572e-08,0.00024751170284991315,7.152898592072105e-05,0.00014137555241605323,9.694913820585131e-05,0.008376883808523417,0.002581225574857194,0.03213785922921756,0.009617520132123721
184,185,34,7.362098758074567e-07,2.1222766622061316e-06,0.00046376928110155,0.00046026632185400935,0.0001805593565757804,0.0004317489606874625,0.007698617793400498,0.006364054908403765,0.026225945172721848,0.022294230634395854
185,186,34,3.5601917001399133e-07,9.680864687519634e-07,0.0003131834622335565,0.0001788651151163666,0.00023820351083593457,0.0006548371469015623,0.00803364927003927,0.004675204623611108,0.026516037198769694,0.0162236602237864
186,187,34,2.6022039859901055e-06,3.965669403477411e-06,0.0009853744738981785,0.0003089029193279775,0.0003979778553270187,0.0009257402733747146,0.011040378991952714,0.004631207815840645,0.04813518577857929,0.01736254915062365
187,188,34,3.6806744423542755e-07,5.736670903822119e-07,0.0003161531888455262,0.00016401554433507362,0.00012891170338073555,0.00020069826156159933,0.00615150247947039,0.002135720732790706,0.020126215565730545,0.007217912852151261
188,189,34,5.717079003672739e-07,5.360238915252404e-07,0.0004901664985535556,0.00021915215058916583,0.00013254819072351572,8.853304538649815e-05,0.007738813196363694,0.002145220304828996,0.02711465009762084,0.008659084334028226
189,190,34,1.0106931312784983e-07,5.447209042161085e-08,0.00023350883908706773,6.087245547151819e-05,0.00010257317621033187,5.96033954212349e-05,0.007398685632163987,0.0020610236136946202,0.026464239776353624,0.007073025703630523
190,191,34,2.895638173160866e-07,2.218461757160905e-07,0.0003199257917003706,9.844777359050664e-05,0.00011087021170276464,7.721131784950703e-05,0.006397488211993785,0.0017297528737897987,0.01968444130547783,0.005913383013482974
191,192,34,2.8567769096726434e-07,1.787437713467124e-07,0.0003522510455428239,9.632632117589935e-05,0.00011670743772222468,6.064749229413493e-05,0.0072338947177152425,0.001636855508766147,0.024280655526501292,0.005634018122917145
192,193,34,3.538900847660182e-07,8.142733608885065e-07,0.0002993955520865069,0.0002896944705661589,0.0001355643437230302,0.0001774310137968956,0.007426950649139197,0.0035458840381755686,0.02875322035020765,0.015832674940308537
193,194,34,4.990414335365505e-07,3.119212298673252e-07,0.00044565927408471266,0.00013971232964546534,0.00014479190073924495,7.47547055217479e-05,0.007676816244116601,0.0019960775052319554,0.026643617544323206,0.007662592986111648
194,195,34,5.078050594921907e-07,2.883119509891407e-07,0.0004701769130941316,0.00012715439240022468,0.0001543863543381175,9.753908600235265e-05,0.008113166728221318,0.001955884814403599,0.027820420780164355,0.006565786104648652
195,196,34,5.06945225353661e-07,3.8022422363421075e-07,0.00043937647783690514,0.00015211853805194913,0.00013100241759435877,9.709713907201508e-05,0.007135787745937705,0.0018373084776908825,0.01862708662691362,0.004797740418926229
196,197,34,8.934204837378743e-08,9.094666202119343e-08,0.0001956390675759929,5.230834866702609e-05,0.00015381667328577298,8.261003961246966e-05,0.008408895762198988,0.001930581972812811,0.03341125576373409,0.008090114876313158
197,198,34,6.645521769478498e-07,3.6831729635908256e-07,0.0005451526337898994,0.0001795823765188843,0.000151190825871548,9.313455816468592e-05,0.008172267294653198,0.0016753279361291194,0.023658703738713965,0.005156946067908231
198,199,34,1.346261768730983e-07,1.1660752784350095e-07,0.00025907559114891817,8.710867653182753e-05,0.00015858051109021558,0.00020701769753310136,0.008593662669334342,0.0033734624053468787,0.029366457341786695,0.01318268821015016
199,200,34,5.312238134870447e-07,3.7595888217699225e-07,0.0004718877881874933,0.00014549892150847457,0.00016499972453482982,0.000118337891579804,0.008315532016293967,0.002221901389382549,0.031079217901124674,0.009311686981612092
200,201,34,5.441042973038347e-07,4.173371253341415e-07,0.00042698687577606454,0.00011306211994560619,0.00019549823242842276,0.00016982806879158483,0.008002200766521342,0.002018828080999496,0.02862202628132175,0.007523409189598208
201,202,34,3.423497618203943e-07,1.7907966454257446e-07,0.00036544860118096145,7.87646260328645e-05,0.00012729699900613495,6.773842821949866e-05,0.007035423453678103,0.0015315628566484434,0.022445577196776867,0.005105133532743467
202,203,34,4.7310598189402995e-07,4.1911250560243655e-07,0.0004210086087422336,0.00013145947481364478,0.00014585099405153683,0.00015931014844888615,0.007178378400995451,0.002727680491173844,0.022274601930642828,0.009337428745215991
203,204,34,1.011778189334975e-07,7.681857785323003e-08,0.0002097943722807994,8.028228802831161e-05,0.00013422380192530588,0.0001425389263558398,0.007507881478351706,0.0033447180946922805,0.027177468900952267,0.01247973816079403
204,205,34,8.95940031706827e-08,2.141231903292589e-07,0.00017891684097669306,7.115442580975092e-05,0.00015757514302094933,0.00034614747829755926,0.007648640983354519,0.002962389955745096,0.029143955942024204,0.010693765720090046
205,206,34,1.9273059953201923e-07,1.8224017295761772e-07,0.00025096476148225036,7.145830545759165e-05,0.00015074004274056815,0.00014287340761914808,0.007064924657563953,0.0019470001727274814,0.020615078782772318,0.005764747569149628
206,207,34,2.2398721444925313e-07,2.894514775779481e-07,0.0002848331419312779,9.139152248762266e-05,0.0001661320716533844,0.00022704196955782775,0.0077433114159194865,0.0025298561894794135,0.02800987017176607,0.00999713790906209
207,208,34,2.219505629220882e-07,2.832565089216716e-07,0.0002754561021848691,0.00013488043854401546,0.00016364096892870935,0.00024963931833792683,0.0073146414806080215,0.0031920809523518757,0.023806961061542526,0.010932517907123159
208,209,34,7.654516687944792e-07,5.553735011593408e-07,0.000563177717541454,0.0001662398067084204,0.0001642157294554636,0.00010637680864337532,0.008365383412798537,0.0021771853439213743,0.02869943912853213,0.007766637792556299
209,210,34,2.1490756269984372e-07,4.039211829985599e-07,0.0002517553332248045,8.602582715003403e-05,0.00019723353740546908,0.0003741157777785351,0.007520301260656732,0.002944485075565106,0.022921856766676203,0.009177355089084935
210,211,34,5.248023994982652e-07,3.810079989219254e-07,0.0004565597088966409,0.00013048837926458456,0.00015118963700147374,9.372019740532772e-05,0.007832846261889619,0.0017487552806998582,0.024491837576908225,0.0064418573679538476
211,212,34,4.4195891788109183e-07,3.475821472449748e-07,0.00042370746172416736,0.0001419288767883922,0.00012317593288625015,0.00010104433018016959,0.007081895642092123,0.0022480110418561998,0.023054868832011435,0.0076661502292347935
212,213,34,1.9212922244010394e-07,1.145175229674018e-07,0.00029685439350193035,7.552676439023479e-05,0.00011556271152478396,6.534564165966028e-05,0.007303146426292027,0.0018299253680189257,0.023257918135427377,0.005929630599621001
213,214,34,5.434572346389476e-08,1.0181796851436707e-07,0.0001223099541889764,7.190252992305435e-05,0.00017519632812015035,0.0003765254474252103,0.006737921010319363,0.004113875726354467,0.02154900791013942,0.012878894025024318
214,215,34,4.420963949435057e-07,2.0859495168195517e-06,0.0002153164213643108,0.00021116291556082164,0.0014097840128349216,0.00738611123683791,0.009443367886192659,0.011484097622332254,0.030925967292312312,0.04266957954663324
215,216,34,3.659874296434897e-07,2.23251194422651e-07,0.00040325333675890067,0.00011543303628232376,9.23179045190302e-05,5.0001633484693214e-05,0.006541047779404942,0.0015059607181903585,0.022230304832405904,0.005747930098109949
216,217,34,6.966819031738262e-07,5.36981553357138e-07,0.0005469819541972623,0.00018345961667200368,0.0001031614258810056,6.618680416913729e-05,0.006798911634284784,0.0016644478061308065,0.022502344868638936,0.0057141467870526355
217,218,34,2.5616040520132546e-07,7.860801823256553e-07,0.00019570607443764696,0.00015623856809482615,0.0007767478544016793,0.0026043048620216294,0.009607042473576525,0.009165355615044873,0.029516907463617185,0.027804739045972665
218,219,34,8.774298332609225e-07,6.361301922794392e-07,0.0006199882661937462,0.00016109599991474358,0.00012389053485736332,0.00010929969353295208,0.00724137484041207,0.002028106831391375,0.021622044226045117,0.006337080700108296
219,220,34,6.209660809605231e-07,6.155992474508256e-07,0.000528444757733001,0.0001576051420213499,0.00012009427882730961,0.00011307425897104563,0.007490103913690238,0.001814069292637597,0.028282885877963376,0.007477734464781729
220,221,34,3.758419742225402e-07,4.846909383896033e-07,0.000331446947016315,0.00013187345387812607,0.00011435505792392446,0.0001239722576860884,0.006117647116565529,0.0017903235295068198,0.01907339336021858,0.005894145253740029
221,222,34,3.286464651269478e-07,2.503542873471047e-07,0.0003607358200550901,0.0001072631613728154,0.00012011951013632556,8.450918696967749e-05,0.0069537441218819685,0.0020215988353823734,0.022832109729814178,0.007226711692770102
222,223,34,1.224361275841592e-06,6.044946506042784e-06,0.00020789396426955457,0.00020715104095360263,0.0026983921370094107,0.013976441923995553,0.008682406308841617,0.009775271683415682,0.029497566085089657,0.03533262539780267
223,224,34,1.0163042647971064e-07,1.6169641657573679e-07,0.00015798185032669127,6.851624600351983e-05,0.0001857336820274427,0.000432723550824817,0.0063927070415743135,0.0024037490665041795,0.020931020379066467,0.008281821940282742
224,225,34,1.8067950724584722e-06,3.361751579875429e-06,0.0007850490587503266,0.0006307451613505097,0.00019512502973050098,0.0002281652356038764,0.008942227249088533,0.004160692921810171,0.029737014843917945,0.023558092739079547
225,226,34,5.086579931113487e-07,5.787958727725052e-07,0.00043094142850296684,0.00020012451229123833,0.00016084156007256003,0.00017964722356905014,0.007848465349525213,0.002796666569156256,0.022937266703914192,0.007944124924899267
226,227,34,1.5144867243175581e-06,6.648781089997428e-06,0.000449621145354981,0.0003897340056351496,0.0006162606312714428,0.0028759275241935518,0.0083148967995144,0.008083927306982971,0.024412042324376458,0.025923380609092408
227,228,34,5.350232719081305e-07,7.063791997392817e-07,0.0004431410343386233,0.00017231700116626287,0.00017408048889217966,0.00032837543430472104,0.0077010699794353805,0.003124098310114919,0.028608751099775818,0.011109255288943347
228,229,34,1.5194467542468214e-06,3.7463606874632017e-06,0.0005417049743461094,0.00024275393420644263,0.0003518346490155262,0.0009201607126544679,0.00752828672856969,0.0040881844917742185,0.02056550401646425,0.01073332296632219
229,230,34,1.7429207513059202e-06,7.255071281091715e-07,0.0009191859760047758,0.00016276824543432335,0.00019997269919258542,9.371555214955494e-05,0.009801736156291822,0.0015035514039379377,0.03358822989770595,0.006293953304098028
230,231,34,3.3351261506746086e-07,4.28971570699694e-07,0.000322470733354909,0.00013430448800565584,0.00013417509484604714,0.0001627372749869505,0.006507607485058115,0.002792002329159506,0.02230810924597523,0.009969973233355313
231,232,34,1.0970659408366814e-07,7.038380910722143e-08,0.00020349458089399645,5.035149991689405e-05,0.00013122906891701002,9.860492149337434e-05,0.006910747081479605,0.0018934330984292475,0.018030265537912354,0.005668932747920528
232,233,34,4.032046688163358e-07,3.9103124827035275e-07,0.00037828071863794537,0.00015338056846577765,0.00027719917948963805,0.0005454989640960143,0.00892329974757398,0.0037071806343172992,0.02816082285169293,0.01522407163279797
233,234,34,3.5724401615223154e-06,1.833531796742806e-05,0.000559731905334903,0.0011875682431261253,0.0014132413934395812,0.00698997659332189,0.012009561506976537,0.023077887895681028,0.0318088234292672,0.057979416290927115
234,235,34,5.016812201741981e-07,5.073464759885257e-07,0.0004112702055649339,0.000162222121536931,0.0001823644648431903,0.00021494206267058064,0.007588725900003577,0.002829277876060026,0.02103163203334107,0.007605724710047225
235,236,34,2.2044290450567666e-07,1.0529451842519871e-07,0.0003133515013306511,7.27641633004838e-05,0.00011440817476849428,5.336917386205732e-05,0.007147134117343847,0.0015799605685343052,0.02413615132408107,0.005849438710334713
236,237,34,6.082885768943878e-08,1.1811874030664882e-07,0.00013173784571015,5.199820500220896e-05,0.00012091035135680988,0.00016350745424021528,0.006288964561570217,0.002383435261800337,0.02047764983795145,0.00798827885438468
237,238,34,1.7214092901445397e-07,1.5002705762512907e-07,0.0002457137460998424,6.374166317965781e-05,0.00015475519338745952,0.0001898295497735978,0.006946414133862537,0.002532107586735802,0.019308803603053093,0.0075085043114466055
238,239,34,2.934610074422541e-07,1.575596899945491e-07,0.0003487440519486828,7.45952521193778e-05,0.00012161685449160253,6.493532167543214e-05,0.007124485379523214,0.001384343183550488,0.02446408975212013,0.004775400622241378
239,240,34,2.681888472345824e-07,1.9111577928158715e-07,0.00031338385366218383,8.847494305003191e-05,0.00012109151499744792,8.111340515337574e-05,0.006692850599339341,0.0018768926828272737,0.021020477801999626,0.0063428406308331355
240,241,34,3.003628432510067e-07,2.479496827046264e-07,0.00038143552677972955,0.00016680203723188722,8.072294039105626e-05,5.199667882974071e-05,0.006591290468350053,0.0013904590488693963,0.023174413479864597,0.005907482112708621
241,242,34,2.6454394627836227e-07,1.4675725955048818e-07,0.0003545749911127667,9.089541665615187e-05,0.00011360976863857907,6.024844877607308e-05,0.007398947470766657,0.0018130462020245189,0.024263702798634768,0.006377322098123929
242,243,34,2.2251255739918713e-07,1.4775496649883753e-07,0.00030358341823825063,9.84699908618178e-05,0.00010943127381324302,6.509281345043035e-05,0.006831690354053588,0.0018612926190783113,0.02417607219232356,0.007170143109038297
243,244,34,1.551436252251606e-06,2.950475828282337e-06,0.000614514002817861,0.0004608796383902923,0.0003043116631648873,0.0005402956985407666,0.008976374670644017,0.0056188023188504434,0.03672317251124803,0.02222291868801395
244,245,34,3.047942737937854e-07,2.753117993162376e-07,0.00034150730917805475,0.00010740070582140818,0.00011594943461044321,9.444835079808595e-05,0.006813517073169351,0.0017159289166360728,0.020494212560793933,0.0061855091838954185
245,246,34,5.572825430403207e-07,5.654124972473746e-07,0.00047306790999273826,0.00013925852166562429,0.00018933363379105954,0.00020748255272581013,0.008629835005301763,0.002390909191717603,0.02833851774716202,0.009447639289979482
246,247,34,3.868043926465415e-07,2.2120664274210576e-07,0.0004156272261752747,0.00011578091528214098,0.000130425332880644,8.00966668510189e-05,0.00760634327033425,0.002083615220666327,0.01993142350522034,0.005652767751096616
247,248,34,1.3208678744233866e-07,1.9326388483288348e-07,0.00021938313062384943,0.00014764401409632906,9.837434203398195e-05,5.147297490164085e-05,0.006632419392083059,0.0020189031132645027,0.0199436144081547,0.0059470924778194855
248,249,34,8.603372312082309e-07,4.2509986602793907e-07,0.0006306211024125599,0.0001603827513474961,0.00015573121987365405,6.484655498916213e-05,0.008484765216160347,0.0014774080910832446,0.0294392150004997,0.0054423174918852525
249,250,34,4.5051397613767276e-07,1.943793079887289e-07,0.00044570420098299273,9.855641805297552e-05,0.00013982150331310762,5.9710457382741804e-05,0.007820461972561829,0.0014778150818544307,0.026078625198672798,0.005455932596059976
250,251,34,3.7298469996221015e-07,4.441259294057809e-07,0.00034419532355112843,0.00013991106225443335,0.0001110989043060245,0.00010506544906715713,0.006330413634286207,0.0017453852934815666,0.019652667400591513,0.0060122272714258134
251,252,34,5.407179603413598e-07,2.7249346784566055e-07,0.0004945677535622107,0.0001346289770155912,0.00015551487804794519,6.898684533848295e-05,0.008394443539573866,0.0018007767083584886,0.030141321723075473,0.0067470638708668805
252,253,34,2.867633743535942e-07,2.755924137901837e-07,0.00031126629533793996,0.0001039163336679019,0.00017254180217124112,0.0001639157609630993,0.007594916086150881,0.0025442112381094534,0.020812206189422047,0.006995558809977163
253,254,34,1.0824122973093274e-07,1.4680149616834636e-07,0.00021777849863557254,9.876551790753907e-05,0.00014540368556481553,0.0003265505300051423,0.007476232569281231,0.004440085847668461,0.025842363590045887,0.016343060993290952
254,255,34,1.2195552280465618e-07,9.344321040554706e-08,0.00022958619913825875,6.387889057390913e-05,0.0001166443667256424,8.867528970529301e-05,0.0071335258373223685,0.0023728395318285997,0.021716866970938796,0.007939778950132469
255,256,34,2.0143971698537236e-07,1.4344958456084802e-07,0.00030070975994663863,7.868167046561638e-05,0.00012939289049159817,9.443647109579672e-05,0.007626597851733951,0.0020464317791195267,0.027624885058578325,0.007472293438190934
256,257,34,1.324709594829234e-07,1.5992886703743936e-07,0.00020735747560084907,6.13481439605939e-05,0.00013471379904384615,0.0001590011281520588,0.006711473222821951,0.0020771981952545896,0.019177555627025226,0.006815551507797952
257,258,34,2.70454385083408e-07,6.668070434472137e-07,0.000241043115452425,0.00017684940020623737,0.000590960326970911,0.0014860139409636074,0.010858010130879633,0.008550540628707274,0.037564024192226285,0.027996578082909472
258,259,34,4.921300332478709e-07,4.041192219290812e-07,0.0003965084003592732,0.0001404414114506261,0.00017020856263544,0.00012882582276413392,0.007472880883142352,0.0021589359029079093,0.022231858004541957,0.006832525019416955
259,260,34,1.1033378433634265e-06,5.257335023595767e-06,0.00032316930360941435,0.0002460009810370599,0.0006760072177819572,0.0032175499447731812,0.007908354513347149,0.006160508685291539,0.0250212088062921,0.018518487272539068
260,261,34,1.1482169353877894e-07,6.762516159754395e-08,0.00022567913059473913,5.701822038362256e-05,0.00010611044757859097,5.748872760067092e-05,0.00689972798778292,0.0016426842035955562,0.02117041391594445,0.004967486464678257
261,262,34,3.182613931872926e-07,1.5731109618652926e-07,0.0003759035877438317,8.18719051075179e-05,0.000115957799821712,5.451219859767362e-05,0.007218251278733506,0.0015443792337453605,0.024286799242391306,0.005562631599402064
262,263,34,2.5486972710098144e-07,3.344804546713824e-07,0.00029461277025642204,0.00012551831977185624,0.00014917870280709502,0.00020806522198349014,0.007305060102439979,0.0020560942800276387,0.025160841725985792,0.007228464253849797
263,264,34,5.506411790848046e-07,3.652128522108562e-07,0.0004620639674077906,0.00013915187511786043,0.00014064707209078786,9.960978801817329e-05,0.007328626754529336,0.0020901527284440807,0.021732764729463002,0.006619915814718499
264,265,34,4.610605243998373e-08,2.5062351479914924e-08,0.00014249230448245618,3.6978706914441796e-05,0.00010146910918753266,5.9186840537744935e-05,0.006655480514061363,0.0019063481911541578,0.022020538857973674,0.006590070394191112
265,266,34,7.264782749750927e-07,5.973054081615673e-07,0.0005297815360416494,0.00015004487642748636,0.00016935245944563684,0.00014271429552193082,0.008046874146470252,0.0021978902178064388,0.0231519760837888,0.006088492637142189
266,267,34,9.988626971298398e-08,4.584345130671781e-08,0.00023199615423115627,5.498575369313011e-05,9.503548865134636e-05,4.359827278637798e-05,0.007156156934797764,0.001696163775846979,0.025951163076302585,0.006143459461780536
267,268,34,2.060448738164081e-07,2.6439920371126646e-07,0.00028100618510507047,9.754667347025373e-05,0.00011559368003337808,0.00010029229419549737,0.006798799745464588,0.0022377763246551725,0.021380875971825683,0.007441687309733463
268,269,34,1.092581557357749e-06,4.077805429431108e-06,0.00041625722609323393,0.0003371053093212775,0.0006281018656997784,0.0027402199962822116,0.008406455683357576,0.00839013577012557,0.02631795294035007,0.023527836909148576
269,270,34,4.74612562793281e-07,5.615536326627744e-07,0.0003866449388784959,0.00013865574892699652,0.00014966419787336183,0.00016143740257051304,0.007004685124711078,0.0020820227253391713,0.018923465847311652,0.0060176605398962095
270,271,34,3.649551232723859e-07,2.4383435513487353e-07,0.0003771168365560965,0.00010382735454811216,0.00011418015904329128,7.381127039261943e-05,0.006688842727967045,0.0018661305647352656,0.020376289263367653,0.006253209812949671
271,272,34,7.755029026788954e-08,4.12920671705545e-08,0.00019048525213935028,4.5114913704834926e-05,0.00011742801753451418,6.357154382187977e-05,0.007401829393690123,0.0017351919802228943,0.026182492975802982,0.006089605482857056
272,273,34,1.1574801975451224e-06,6.964926267965323e-07,0.0007087997766896425,0.00018693812793182593,0.00014671267757983194,9.885360855284383e-05,0.007955280146287644,0.001923691804203261,0.022555581732269597,0.005969695702301542
273,274,34,5.355088737413847e-07,3.7316391115691903e-07,0.0004583374316365842,0.00011925147139966224,0.0001657440041205572,0.00011587319820086823,0.008016914923620574,0.0020632373724487345,0.029269093373680815,0.0074689293973730815
274,275,34,2.577126827235327e-07,2.7181889579979426e-07,0.00029116855448057106,0.00010326364358505548,0.00011012565028067911,0.00010806965663142016,0.006116439985549625,0.0019525063188196576,0.019559218493454596,0.006507116472998107
275,276,34,2.516215751313666e-07,1.6808199401566946e-07,0.0003405328988104456,7.852295067400088e-05,0.00011720134096001001,8.181375238412956e-05,0.0073294069837121405,0.0016040943769378548,0.021753672756912076,0.005369305514947622
276,277,34,1.4506052027025577e-06,8.984112976631796e-07,0.0008155835898565676,0.00023871750356691833,0.00020488792463712504,0.0001256239906658534,0.00960520196103436,0.002294345447412136,0.03893983249059495,0.011269832906128778
277,278,34,2.323031397361988e-06,1.0142823888497107e-06,0.0011061860423069447,0.0001683548019517219,0.0002146463488957927,0.00011779320383268776,0.010493484722888646,0.001918118778059808,0.04667031534892671,0.008115354370900047
278,279,34,6.737421722224259e-07,5.709574355670114e-07,0.0004719594752018833,0.00015014095287977703,0.00017105653194662677,0.00016127039832599603,0.007487515001283849,0.0023187617997598112,0.024348038851338273,0.007360989794036491
279,280,34,1.388555189783895e-07,7.038568820858994e-08,0.00027208476967643946,6.708018460285793e-05,0.0001437702612747671,7.69389698268063e-05,0.008687178659088472,0.00209307544053726,0.03308060420129229,0.008171132251338498
280,281,34,1.0163084172924474e-07,1.7100901986722426e-07,0.00017996900500935118,8.675658757017976e-05,0.00017795131423233268,0.0004007333500248363,0.00707600564997205,0.003984516245918554,0.02324730933041257,0.013964199416677389
281,282,34,7.578405142381976e-07,2.46580810819133e-06,0.00024569126253481954,0.00020695817249713618,0.006354284922535418,0.034655651538345655,0.0098359775455559,0.011813862944098525,0.03575372252175037,0.030979355189973252
282,283,34,2.6196747793250097e-07,2.7236550812249103e-07,0.00029385002755375085,0.00011902075259968286,0.0001775832765548223,0.00022202115060131864,0.007432161898845259,0.0030825306250142443,0.02338517512030461,0.009613701140737936
283,284,34,2.283578504853481e-07,2.535942881940131e-07,0.0002617073760655544,0.00011046869929879656,0.00015449972338769038,0.00018370229645955287,0.006773494512719267,0.0029594488752059263,0.020614870413042167,0.009281533570345755
284,285,34,6.37546088915328e-07,1.2926414373063815e-06,0.0003718278680667829,0.0002698626449909711,0.00043111831462952336,0.0010721459620748992,0.0090336950687582,0.0075084130270028585,0.02927782980944304,0.02273836950102607
285,286,34,8.325646988559336e-07,1.5626028719715642e-06,0.0004957863840151249,0.00023636728114327608,0.00023854146269620876,0.0004338957166071365,0.008809589684995659,0.0032327815343417615,0.024930140140521174,0.00876830237684305
286,287,34,4.901490194112392e-07,3.6842464311938116e-07,0.00043163053444860615,0.0001326942496069894,0.00014986466034957522,0.00010784283307375623,0.007591236889471903,0.002044494918950558,0.01948741259162917,0.005654851468058104
287,288,34,7.389489052029068e-07,6.450158166551926e-07,0.0005581057775998488,0.0001930148535080381,0.00018579970663481886,0.000135849839169674,0.008863040903473602,0.002355968067570492,0.027270417003070608,0.008202670259596832
288,289,34,8.530034195326366e-07,3.752402248702827e-07,0.0006304047299850293,0.00013025932480700944,0.00012866751753523096,5.5318578843780655e-05,0.007754928487188676,0.0015287658104085583,0.024669398197575527,0.005228002997082982
289,290,34,4.2138500229030156e-07,2.3505732780466863e-07,0.0004057414608884274,9.344222058514073e-05,0.00013913204459052342,8.186806650244416e-05,0.00735369897173608,0.0017437295845883307,0.023943667656139415,0.006489398965834591
290,291,34,4.367036357631177e-07,6.889090511836966e-07,0.00039339540500591015,0.00011373087128839535,0.00019745136791350567,0.0002351397570118687,0.008707567035932751,0.001995051945946658,0.032228741301771474,0.007443120998132075
291,292,34,3.236282817156547e-07,1.95716851989026e-07,0.0003807172440300586,9.316222764868145e-05,0.000119026312698706,7.431722134053007e-05,0.007287888007019372,0.0016228846846990607,0.024953361600637436,0.0060705062849123696
292,293,34,3.133502025697092e-07,4.2268248400017346e-07,0.0003344682580277817,0.00012009528365707487,0.00018264807503702983,0.0002320050674785479,0.008103475015720023,0.0028917247295889527,0.02544534603572067,0.009440437860317714
293,294,34,6.809385350483327e-07,5.657258340831552e-07,0.0005531959528418477,0.00019011603098977384,0.0001223549046271193,7.613849119533946e-05,0.00770917214343653,0.0016169866425550562,0.026611036484074944,0.0066376120138512155
294,295,34,9.181685611291858e-07,2.7857714362691183e-06,0.0003884708453637466,0.0004985750291360421,0.0004408872623838868,0.00123161985867195,0.01003020684070447,0.010031211689756953,0.03167132978491923,0.0336077231532364
295,296,34,5.500387351861156e-07,9.440316132833081e-07,0.00038617812028593,0.0002080138977886186,0.00023146274521851037,0.0004197193150731251,0.008059407200883417,0.0037428976132216985,0.029057934305028003,0.014843149361113537
296,297,34,4.433031174040239e-07,3.3406786756905904e-07,0.0004201011517365901,0.00012325573306096782,0.00013178460598924977,7.985507693479253e-05,0.007368465063764769,0.0017792064217858226,0.02391592163921279,0.006553159644284151
297,298,34,4.735383341917842e-07,9.760646348068712e-07,0.0003502121236284866,0.00021162795627480932,0.0002941956985630574,0.0008094013324838846,0.008157923173926333,0.005053892414007118,0.022212803692502135,0.013249541903191388
298,299,34,7.052340026468622e-07,3.732545579381191e-07,0.000558142236995456,0.00012498955136961795,0.00012319897541601676,6.643152669868082e-05,0.007336112300810569,0.0016924443145292954,0.019157840705969754,0.004680564334395497
299,300,34,9.02222842318465e-08,8.724320667111408e-08,0.00021231678350458797,7.50729387961958e-05,9.052251730549066e-05,4.657923760539345e-05,0.007024174337001408,0.0017477458022482357,0.024880300988169277,0.006172644781899304
300,301,34,3.1035274094439474e-07,4.3356953042830483e-07,0.0003531063300803961,0.00021753571935032663,0.0001976285748241935,0.00022522841943330263,0.009070518385509358,0.005169244015871554,0.030901227475089187,0.018513258801560236
301,302,34,2.0408726734732386e-08,9.237925849529716e-09,0.00011174165582119981,1.9248510410807843e-05,0.00011081718784065314,5.3057327724968715e-05,0.008200995446018437,0.0015480281143751976,0.02982871815123979,0.00552538147336818
302,303,34,2.54732616856255e-07,2.0678020771074051e-07,0.0003075411218827974,0.00011185295314086815,0.00014412189535933603,9.923824226565352e-05,0.007532605298740023,0.002583167717485295,0.02296319680617136,0.00811139470702878
303,304,34,7.965800388460058e-07,5.314852631678328e-07,0.0005973899165195797,0.00020985299438025824,0.00015943334865904248,0.00012911064369960947,0.008272837710512035,0.0020675698690476437,0.031249305014224613,0.008877733149353239
304,305,34,6.332587050817505e-07,6.073229944486727e-07,0.00046023137067951374,0.00019159458270103926,0.0001994045780841535,0.0001859608720863939,0.008040815468548852,0.0028693537457411566,0.02073473981855547,0.007934230216915543
305,306,34,4.23494621854308e-07,5.763673418864509e-07,0.00040889679974711994,0.00014356290368795324,0.00025081957541902634,0.00036367120615651654,0.009681275566382444,0.003678280455457284,0.038878001820515186,0.01628764321575489
306,307,34,4.279829634742448e-07,1.864360264535174e-06,0.0002582567814148634,0.00027605509066427653,0.0003766728073862717,0.0013448852467940228,0.008890194065101883,0.007340034581941328,0.032718176131739336,0.03496002278907311
307,308,34,9.505683150938935e-07,4.4691266803230966e-07,0.0006549869491102393,0.0001472079830581679,0.00015843537574469606,8.097278108520268e-05,0.008416064932723255,0.0017299173880054532,0.028727981152341646,0.005966453123939241
308,309,34,8.389319513589592e-08,6.380436826987832e-08,0.00020183567539788783,6.932465301745562e-05,0.00013966525613581967,0.00010011160243498825,0.00835725013166666,0.0025953722514351235,0.03193615486516672,0.009479449248314247
309,310,34,1.6742816292074114e-06,2.3495639786284636e-06,0.0007807095509419656,0.00026293462025910903,0.00027774667668221384,0.0004955848753680734,0.009329067296622431,0.004255563435829208,0.027160499080577317,0.011961960705443286
310,311,34,1.6602406821879654e-07,2.102956861768401e-07,0.00023415061450042927,9.213393950819018e-05,9.971495006432044e-05,9.468286498151637e-05,0.006116353831363513,0.001994951229437545,0.01850627888651455,0.006461163843330017
311,312,34,6.591807712485366e-07,3.4857821304372574e-07,0.000565240319701843,0.0001295032226341432,0.00012832694279923625,7.383140953661913e-05,0.007825880229253979,0.0019959006326701187,0.0219701163142043,0.006381018018758925
312,313,34,1.5280116466238483e-07,1.0093921545172868e-07,0.0002563963652766474,5.998993915096251e-05,0.00011322686077619437,7.391789724057931e-05,0.007052290308124879,0.0016768154068114004,0.02432077914914664,0.006657752727148954
313,314,34,5.949892644326294e-07,4.063067452241627e-07,0.000474286155675894,0.00020119057195882198,0.00015219579234540374,9.860179488863465e-05,0.007870963466463281,0.0021660602828849486,0.026624724542831674,0.007833639985714845
314,315,34,7.144753814463243e-07,1.6368700648671697e-06,0.00041905327345696553,0.00018468147911150664,0.00044510170477331164,0.001609511860819959,0.007939009475247824,0.005179108410422145,0.025895540684680727,0.015914784372184104
315,316,34,6.869544197276328e-07,6.730840168704853e-07,0.0005131868118255892,0.0001441912993712026,0.0001614222184049568,0.00021610314111083587,0.007437242729151074,0.0020022044799215327,0.02001975304173196,0.005686477667877224
316,317,34,7.313602425373279e-07,1.0518318370088727e-06,0.0004514638973940986,0.00019527873315846236,0.00024491279017478093,0.00034717445435038106,0.008541502017418252,0.0034391580097038704,0.027154448524336603,0.01096386102098768
317,318,34,8.463851549034938e-07,5.600233010740089e-07,0.0006186714993365219,0.00013997178654953413,0.00012564853568619583,0.00010029930372316966,0.007408613969078835,0.0016721211477722766,0.02112910951323369,0.004829085091063157
318,319,34,4.245313346352893e-07,2.3087343609693704e-07,0.00043240181634353255,9.645357964733238e-05,0.00014175060705918653,9.987722517193908e-05,0.007676923291429001,0.0017487926150579515,0.02785655319252435,0.006684039326821616
319,320,34,9.564432040613558e-07,4.7286629796350203e-07,0.0006548329359194374,0.0001746331793344898,0.00015369395366767146,6.381086292593401e-05,0.008341189199949013,0.0016012951834545644,0.030663622104946303,0.006284192882158884
320,321,34,2.4821930730442095e-07,8.471953326233852e-07,0.0001825223961906672,0.00012228694425058694,0.00042399538591887583,0.0013476945613729097,0.008347482550615334,0.004710542198093057,0.029872763710206047,0.017486995899809916
321,322,34,4.7649240370366683e-07,5.3448509314273e-07,0.00040945243338629716,0.0001461108707438406,0.00018835971941906095,0.00032647279628677167,0.007558083490413778,0.002429685780877619,0.02362755680566325,0.008363927790507965
322,323,34,1.1600186351359679e-07,1.9738825911876708e-07,0.00018626214317491222,9.58720296624934e-05,0.00022415734110836638,0.0004479276835427186,0.007861041388583971,0.003720973330772359,0.027994879247511133,0.01512392953533174
323,324,34,1.1927860230501023e-06,3.2133411065823598e-06,0.000547244560199461,0.00017601700815136532,0.0002552786998100654,0.0007068646362889907,0.007873577832737389,0.002581122513416817,0.02120398184941972,0.007323864380948284
324,325,34,1.2433202309794337e-06,9.650828043639224e-07,0.0007475288850186831,0.0002819690329985945,0.00021361971972938217,0.00015931488723418426,0.009633242070455761,0.0031584877544749293,0.03326467347933965,0.010385379944461252
325,326,34,9.618656152350228e-07,5.91419018619461e-07,0.0006432833144893212,0.00016794052756545957,0.0001384476126451559,9.268379808369995e-05,0.00764699573354686,0.002103758334501221,0.01946957573732909,0.006028220892572985
326,327,34,1.7073466154596751e-07,4.698982828328157e-07,0.00022695887737962252,9.757418231570156e-05,0.00021256216966910013,0.0006018558094258086,0.007895360865137157,0.0034814763050770594,0.02690707681262318,0.011696624261810683
327,328,34,8.380880587691643e-07,9.761187085235127e-07,0.0005898187544730985,0.00015289796100622432,0.00022178312300478436,0.00029064677510081506,0.009385980679379666,0.0026669465859728483,0.03507852154400419,0.008677838951580008
328,329,34,7.353947662067259e-07,5.147113775918113e-07,0.0005675548546766068,0.00018640678060756997,0.00014383357526693384,9.085900343258524e-05,0.008124605834703235,0.0021590454847033994,0.026762068518163526,0.007065803204310443
329,330,34,2.708323513691285e-07,1.9341105736863123e-07,0.00033890786674900856,0.0001149306940566859,0.00010584548368462813,8.202129324018537e-05,0.0066944788867498144,0.0022096383638570433,0.01780078321804895,0.006501730928516761
330,331,34,4.0463687584904433e-07,2.4740396600711443e-07,0.00043831070669351477,0.00015242496724884592,0.0001151369002293316,6.645294822438151e-05,0.007360530441955608,0.0017505409343975312,0.021613405387410346,0.005680012265120656
331,332,34,5.805239513153658e-07,4.6732647899292413e-07,0.0005201740108639249,0.0002365702719438331,0.00012850350461068207,6.05061855630225e-05,0.00839992000392693,0.0013681212065382476,0.03163447729585802,0.005954927916006998
332,333,34,1.4139075264844623e-07,1.4170437459790954e-07,0.00024310705681701247,7.106183764308817e-05,0.00013072303120091367,0.000110046391390592,0.007481093682786997,0.0020529369935024713,0.02575691992088276,0.007654967668021375
333,334,34,7.486500329471656e-07,3.070855936421348e-07,0.0006102988991187885,0.00012966530158083962,0.0001276252874317031,5.5430442632990024e-05,0.007937509511761805,0.0017232977074259708,0.022973321597365773,0.005275933132912854
334,335,34,2.1373776181623243e-07,1.448746317311896e-07,0.0002743543865268721,6.919943542962599e-05,0.00012337652071223333,9.308325998814007e-05,0.006525546134285191,0.0017654338626580132,0.021293605075163,0.005935376605394114
335,336,34,8.135220539048426e-08,1.2376427816081037e-07,0.00017037596326725392,7.336099756441808e-05,0.00017347999608532786,0.00025186060140680426,0.008018989198128967,0.0030352313840150357,0.02551673330804881,0.010205775246634173
336,337,34,1.8231445017721292e-07,3.293880457731799e-07,0.00025987364086390967,8.541485270269995e-05,0.00014941171294220325,0.00023155737519693252,0.007546772611984874,0.002510410234128034,0.026483071310555235,0.008556945871198346
337,338,34,4.0064135674393074e-07,3.607100863931553e-07,0.00035631662510294355,0.00012046406679578318,0.0001572189952746746,0.00017360734943452604,0.006907169679727624,0.0025773163379996266,0.02179008604520384,0.008862250593870724
338,339,34,6.17552379534412e-07,5.446734372559206e-07,0.0005107364131082945,0.00014331206312358593,0.0001788996339789318,0.00015158015630960817,0.008709919995025676,0.002177702859002241,0.034214965286938584,0.009051480962853558
339,340,34,3.5684086618914534e-07,1.5286635962584873e-06,0.00023120039687081075,0.00010928922074316994,0.00042014981168262344,0.0017975023954382753,0.00793546947705395,0.003907450930047586,0.025223334785550833,0.012646671325656464
340,341,34,9.809725654008616e-08,1.3825162472340134e-07,0.00018026972568751422,8.459280328944244e-05,0.00011981255861696006,7.141923789929084e-05,0.007349475191029555,0.002004224443995603,0.0262429377557162,0.007039067008264757
341,342,34,4.4326795494284583e-07,2.771996751520944e-07,0.000437911697457928,0.00010614143612779672,0.00012887128864617006,7.5031557695609e-05,0.007496034753892352,0.001623084941320431,0.023475872489678508,0.0048712936351306135
342,343,34,3.384788093206774e-07,1.8805371179821596e-07,0.00038736664625021685,0.0001110919831268489,0.00011152443507586107,6.420676319677877e-05,0.0070315204656628124,0.0019507199336524427,0.02437987471656764,0.0064712051744915304
343,344,34,4.831809694310858e-07,3.5944661036952055e-07,0.0004392934891203528,0.00013513736614407146,0.0001385813051563352,0.00010153303430498255,0.007526899578378481,0.0019688233625764586,0.023435346042627796,0.006309810044881705
344,345,34,5.949116221870554e-08,4.16469467386921e-08,0.00017313192481250393,6.633280843121332e-05,0.00011213113499680356,7.47631101188486e-05,0.007517148610478377,0.0027115794093600497,0.026246108854299083,0.010897705923143167
345,346,34,4.7125575933063483e-07,3.5746053038376325e-07,0.00041367630268830587,0.0001321610849720776,0.00013955271847140358,0.00010858433629479384,0.0071255146895590074,0.0020143563700713947,0.02468756605487536,0.007215423200367438
346,347,34,1.6078434291156393e-07,1.2488913178902487e-07,0.00025366891307331734,7.73966291068312e-05,0.00016047047874428032,0.00013939785316508262,0.007916292038691394,0.0023943702897500562,0.028408154406968283,0.010561307306704489
347,348,34,2.2809226737428937e-07,1.2859469541078446e-07,0.0003282286236165365,9.104552906736534e-05,0.0001178835648127407,5.7899618375115886e-05,0.0075691529166172535,0.0018274281243643423,0.02539020880837651,0.006486592263309233
348,349,34,1.4572898558473005e-07,1.5076792930915212e-07,0.0002432505151613013,5.1177523931911055e-05,0.00013616621275586486,0.0001742786363446362,0.007235584821661606,0.0017702409617517119,0.024216317900401706,0.0060175453950475155
349,350,34,6.032767486086708e-07,3.6750618125228665e-07,0.0004757127719451947,0.00014238619539933703,0.00015259397139957668,8.399088021719111e-05,0.007622584727976252,0.0020119310471694925,0.025413352256531224,0.007340895234148047
350,351,34,8.998501326243848e-06,4.678227665254051e-05,0.0005673963618499008,0.0011103048998718878,0.007158942732156206,0.03751733544602642,0.01498358859680593,0.031569363451799226,0.056924312430269575,0.13197117137013026
351,352,34,9.74041701256818e-07,1.2290391739640447e-06,0.0006064058136818109,0.00021874693576450372,0.00017786357212197103,0.0002820075051141421,0.008003573549692245,0.002398766345253009,0.02324818373274277,0.006791367966928377
352,353,34,8.327383443460773e-07,1.522359041420034e-06,0.00041809493225574606,0.0002999082675463968,0.0011899864422208768,0.003079825116916904,0.011582795242943308,0.009762197590186617,0.040765243089374376,0.037750397936217164
353,354,34,1.077177545239603e-06,1.942143746380173e-06,0.0005032835527826511,0.0003230069818153529,0.00041244962390277683,0.0007070282256799911,0.009792846066000708,0.005400959940193253,0.03332239110022783,0.02039545731678198
354,355,34,1.808937479808037e-07,1.319142845069874e-07,0.00027045834961908813,7.927025871758557e-05,0.00012712485605494722,8.333528132568103e-05,0.007270818028379889,0.002285963449490173,0.023817065308856612,0.008588964743179496
355,356,34,2.5297232528361864e-07,3.188924631959441e-07,0.00031639590473359395,0.00013633663272138882,0.00012231868528461373,8.247084195589667e-05,0.0076476389281999535,0.002343685343000134,0.02545599195667926,0.009126488702164929
356,357,34,9.939940624840748e-08,5.393913980334755e-08,0.00023876489499611233,6.240897527641016e-05,9.65414188506068e-05,6.056272833815843e-05,0.0073359959128805816,0.0022273802834188307,0.027551340980126578,0.00834342378724621
357,358,34,8.272382496657241e-08,4.681836036472869e-08,0.00020851751212510005,5.3532991244302936e-05,0.0001492982263538151,9.015328030405457e-05,0.008827674490235308,0.002399372589326415,0.0321256555890774,0.009095615217781636
358,359,34,3.734241606130862e-07,5.377066736714027e-07,0.000310116853677969,0.00012208670388056482,0.0002518461423117996,0.00037668465244817184,0.007687262670301339,0.003671778383223323,0.025257956236600876,0.012918022247526773
359,360,34,1.7959210348926583e-07,1.266989571515065e-07,0.0003000731145113926,9.507666353866302e-05,0.00010645526419787476,7.522562109047773e-05,0.007322729126933743,0.0024288262481359166,0.024113114402793786,0.008299095487232074
360,361,34,1.623013119978576e-07,1.9057540518609098e-07,0.00023778435356421943,7.500735104343421e-05,0.00012423296517654844,0.00016468888451540191,0.0064919671345063865,0.0018484295116970386,0.02129978661918465,0.006677876095897872
361,362,34,9.179189560082999e-08,4.085212998253645e-08,0.00020379384488264536,4.5167685123118e-05,0.00010797420691233128,4.643877183670351e-05,0.007004692260285511,0.0013020715688403287,0.025601183447767708,0.0048984326064808684
362,363,34,1.0358147855255344e-06,4.035003898548799e-06,0.0004172887728439973,0.00037985451077512944,0.0002621343994499458,0.0008448592160860492,0.007922491990029812,0.005175019466247941,0.02578519780517501,0.01770490125615521
363,364,34,5.905851472179205e-07,4.661029495350438e-07,0.00048599360033061686,0.00017997424088832023,0.00010679807736082962,8.180010795521166e-05,0.006687089643331573,0.002127261594529803,0.022549263037302914,0.007036731945439036
364,365,34,1.6471977841845005e-07,2.398063967334964e-07,0.00024438660800703526,8.273268186528775e-05,0.00016821748099841096,0.0002572899450322204,0.007773742107126643,0.002605455720273407,0.025999764199642575,0.009598062541819831
365,366,34,1.2982645007669442e-06,1.8366022551778347e-06,0.0006916023044408683,0.0004176057722751637,0.00016120477999613606,0.0001649616716024635,0.007944118546541123,0.003906909246635515,0.02498800033593879,0.012499741063165818
366,367,34,1.3555268541618743e-07,2.460966558675821e-07,0.00019074804389246683,8.66764735402514e-05,0.0001670533104462426,0.0002577004483111266,0.007327458923956489,0.002825583624746518,0.024117820019669393,0.009120964576188993
367,368,34,1.918372719240538e-07,5.819918053160589e-07,0.00020013583707623184,7.528162142624396e-05,0.0004123846065340331,0.0014043562539229968,0.008866359876907048,0.00327011960887491,0.0353568499250447,0.01398886862385463
368,369,34,6.247337212779016e-07,1.1647333788099551e-06,0.00044669278534403183,0.00018288316583755585,0.0002728637399045778,0.0005951465832341721,0.008862894644741626,0.003190345224486808,0.033961555098786074,0.012650911029816383
369,370,34,3.099852700073167e-05,0.00017753135044262352,0.0004863947180959204,0.0018617083761859102,0.12278996390443139,0.7043954950475535,0.02773257948951248,0.11772615766902059,0.09283028674476287,0.4004777911784752
370,371,34,1.0355968553157085e-06,5.192349344598609e-06,0.00018453168580462634,0.0001844270261856126,0.004644274256380039,0.025197245415710293,0.009762274703997023,0.01181225595853697,0.029276664259240907,0.033064279681465115
371,372,34,1.3027169356321872e-07,7.7915210198694e-08,0.0002454349014442414,5.414136495050577e-05,0.00010839653018860297,6.264733782981853e-05,0.007086738163386197,0.0015739212827860622,0.02264160424580469,0.005135610812861724
372,373,34,3.919458301445101e-07,1.8757273750467703e-07,0.0004486965378472472,0.0001081551043087163,0.00013509645288971062,6.521904220677696e-05,0.008295860429130057,0.0015900075482348642,0.031710311551304424,0.006684764723207157
373,374,34,6.161095633672176e-07,3.6017474003722606e-07,0.0005219715038786971,0.00014731904247333868,0.00018675043739837266,0.00011802925344866496,0.009029126041294896,0.0023374254227552633,0.03468368218882995,0.009176831788476085
374,375,34,5.580001780374994e-07,2.7880107353145585e-07,0.0004939992264981437,0.00011655348102814751,0.00014841959754823407,7.113937315146421e-05,0.008113107890548074,0.0015814715082829293,0.028929445947356084,0.005591086778386324
375,376,34,2.8170853989409166e-07,3.642328072279121e-07,0.0003144281260628144,0.00010604108645559916,0.0001327594951255699,0.0001745236331410912,0.0068516300457036675,0.0023312142119533,0.021121342118610355,0.007710337452273333
376,377,34,1.2829610874330028e-07,1.031507191085498e-07,0.00024939922578221956,8.493828026506927e-05,9.773359969960224e-05,5.9777366529788725e-05,0.0070445051156532235,0.0020714781351703236,0.023014571408138555,0.007774484936872816
377,378,34,2.158293586727295e-07,1.7275775767584622e-07,0.0003051908446222489,0.00010345474603906119,9.638123853673118e-05,5.499565063030312e-05,0.006697567857747131,0.0014646731454239948,0.02282544521286207,0.005649851046832923
378,379,34,4.2379811581629583e-07,5.122820403450095e-07,0.00039640374255695324,0.00019675158057441444,0.00017619902385323418,0.0002443116604039276,0.007974385434542508,0.003256783157215409,0.021804658394745168,0.009252737923493057
379,380,34,2.625676700899128e-06,1.3335039765165533e-05,0.00041462171408484746,0.00054368974893341,0.0013803591799146757,0.007161688347187427,0.008969148744226378,0.012637047666486653,0.027108978041831183,0.04149124061734899
380,381,34,4.484873494280852e-07,8.992925940934811e-07,0.00039070922203416773,0.00021648196451169065,0.0002317444874707315,0.0006009236871859238,0.008298142059870502,0.005662346329112231,0.026430005974629345,0.017735171227834936
381,382,34,4.5155321228579023e-07,3.9446991386162946e-07,0.0003574143792160184,0.0001231810308083784,0.00014599423684558133,0.00013718749132242186,0.006431758075075991,0.0019234137478128489,0.017592695897773784,0.005983674213165217
382,383,34,2.820420200134275e-07,9.02842228481739e-07,0.00023808364130673,0.0001382174356667412,0.0002609200889898656,0.0007846778521104361,0.007648879771723467,0.00415482589259879,0.023301069816464886,0.013154486571622034
383,384,34,1.105939742190538e-06,1.7542466879316445e-06,0.0006041605593054555,0.00022960516400825852,0.0005548489031806478,0.002193298889499268,0.009705826475778046,0.00555659209172323,0.03620178915341111,0.021888246448266212
384,385,34,1.7610601970161228e-07,2.2129366903314587e-07,0.00025235388388597025,0.00010184849057737976,0.00011454630850280141,8.230950278274704e-05,0.007135297719608335,0.002115965101291766,0.022483492187936518,0.007564334440657802
385,386,34,1.6416588015785878e-07,2.4969924369836805e-07,0.00022144784923190907,7.458215620956668e-05,0.00014797801326066665,0.00022799730391277244,0.006652983754654141,0.0021863629564308094,0.02188680044320576,0.007787454169376589
386,387,34,8.771093525731831e-07,1.0424608151139315e-06,0.0005779827479273081,0.0001833906316115758,0.00019266776946417797,0.0003735099931910994,0.008081813712659128,0.003068935313150855,0.030801009605912602,0.011091748732228424
387,388,34,1.9430573795693986e-07,5.185725405798551e-07,0.0002159954541746308,0.00013562355588040773,0.00021001727477328933,0.0004767604636687317,0.007472873432561755,0.003872796444129377,0.026309872018721175,0.014198453874969779
388,389,34,1.660126278538013e-07,1.9120089690462183e-07,0.00027607904784792266,9.164218964503056e-05,0.0001329406768491026,0.0002091154492155223,0.007572064874693751,0.002204284668595668,0.02688959169694606,0.0077662560819760935
389,390,34,7.303293330096494e-07,5.641724169330237e-07,0.0005450626477421098,0.0001777564740912037,0.00012663508577508552,9.261538042446211e-05,0.007202447542701574,0.002262873252572025,0.019676229752161923,0.006207855508480571
390,391,34,8.848418301333956e-07,7.691721359852295e-07,0.0006171798762379159,0.00024712717164084247,0.00017467193024726038,0.0001436539846331533,0.008860291666625178,0.0031411357372422475,0.025663279900875163,0.008983620406483504
391,392,34,1.0305492778094142e-07,7.055985703547027e-08,0.00023198203330941717,7.511694629007785e-05,0.00012294317687466152,7.999730644823712e-05,0.007982746492523481,0.002463322395504894,0.028955457595122212,0.008466607190970973
392,393,34,6.102194163304375e-07,5.879918712764166e-07,0.0005191547482836005,0.0001714770722620292,0.00016001523716327297,0.00017065738198637686,0.008449895910042174,0.0022822516907077322,0.03248216633630149,0.009094885478560608
393,394,34,7.910638878590416e-07,6.184503959704514e-07,0.0005740216181627201,0.0001498868087666082,0.00018760991973549072,0.0001551615914672181,0.008701231207369882,0.002223007844232172,0.033604806289076805,0.009569298897327357
394,395,34,9.323327047388161e-07,5.921534414467281e-07,0.0006791198453249629,0.0001427798249186226,0.00017839165122816614,0.00011308124825806085,0.009331004611928673,0.0018078399642531152,0.03646165910450851,0.007663478747383065
395,396,34,1.227776704356763e-07,2.6978396582496176e-07,0.0001825193148226176,0.00010978122034642237,0.00021771093625990462,0.0004841455741173258,0.007467830937136622,0.004837228796523075,0.02261937971172087,0.014365053502591802
396,397,34,1.6516085841711923e-06,9.44011236967862e-07,0.0008816325254669852,0.0002283306873268568,0.00019918274194745156,0.00011506506296895958,0.009618687059949426,0.002331907621050164,0.02979040058220134,0.007827502311003248
397,398,34,6.874467924062094e-07,4.4332653095457024e-07,0.000520191025262808,0.00012017853712226599,0.00018382699721876313,0.00012318601880254872,0.008489288732080776,0.0018172506371258754,0.030655221904025358,0.007276417757258591
398,399,34,6.711533532331808e-07,7.084971146669687e-07,0.0004892235549906379,0.00020189801041613947,0.00015121523938432802,0.00014226308546073094,0.007376836434773663,0.002688239505505541,0.02164135648704627,0.007731208057067188
399,400,34,3.887365643502208e-07,6.2655942701528e-07,0.00030716543701333544,0.00020512774634248523,0.0003109731994888588,0.0006741175505947714,0.008210719727418003,0.004270059302042098,0.028905113885069594,0.015620475682628235
400,401,34,4.922110313580507e-07,3.9750413958324003e-07,0.0004138928249149638,0.00011393556225164235,0.00013524993081613074,0.00013700125292923828,0.006760261144817752,0.001986413150167538,0.01931898112354033,0.00577976379045197
401,402,34,1.1825933997295793e-06,1.4636214507201518e-06,0.0006918563851607306,0.00019028618436679122,0.00016623893246587077,0.00023633822311043236,0.00799725464928676,0.0023640106332725565,0.023108022890108472,0.006076541899665817
402,403,34,1.0432204569480398e-06,1.976516510703716e-06,0.0005974382374380879,0.0001697804748844691,0.00023277211863280493,0.0005289218720111101,0.008466597523211557,0.0023284640293758773,0.032406565897604996,0.008493365116590244
403,404,34,6.732455751583021e-07,4.1993219851871796e-07,0.0005153653713504729,0.0001158946238808079,0.00017495490732578808,0.0001203711200949071,0.008276021135423113,0.0017068258921912277,0.030029927435166696,0.006670795348347519
404,405,34,1.328474374689643e-07,3.11125891956627e-07,0.00016338773211293088,7.292765802433362e-05,0.00016156055297709398,0.0003295322799737399,0.006277810624691055,0.0024538945745975153,0.02194066153948798,0.008397590816878155
405,406,34,3.952206421164353e-06,2.413094319527721e-06,0.0013619096716865897,0.000372434835431522,0.00016188174777198583,9.046353705874867e-05,0.008758476579233128,0.0020832385653197674,0.028339311590089518,0.007620949503611345
406,407,34,1.4564926556329617e-07,2.71844521151562e-07,0.0001905536572688588,8.627359834176142e-05,0.0002508377528476344,0.0006085066948335866,0.00741289640941164,0.0035542540739864955,0.024388035896288997,0.01234633632011792
407,408,34,1.6862196083877734e-07,4.0630010574993077e-07,0.00020563464931910858,7.39505561883769e-05,0.00026663559134142226,0.0006766256375830411,0.008092693806461552,0.002743522382812171,0.024856738417464143,0.009405577152740686
408,409,34,2.94587144952295e-07,1.2877176573279386e-07,0.0003684869640410933,7.028062624883728e-05,0.00012499700374867055,5.7558518243209265e-05,0.007562935201670317,0.0014713174537393803,0.027752766878727603,0.0058178289662582225
409,410,34,2.0583834067287946e-07,1.58260298413329e-07,0.00026740416454712804,7.433865061883591e-05,0.00012724944115368142,9.501491008791769e-05,0.006670408800025196,0.0018230645811359537,0.021784489563501933,0.006433853188588234
410,411,34,7.711846424197187e-08,4.2991985780106476e-08,0.00020836988679708585,5.7872882497036355e-05,0.00010172841083498069,5.94276121387704e-05,0.007551189991371597,0.0021338353139396054,0.025955098462017143,0.007536861090889987
411,412,34,6.43479692536844e-07,4.359111946841841e-07,0.0005184686263365781,0.00015647992933036362,0.00013376757327504866,8.261422664911368e-05,0.00759303687578615,0.0018801434028015737,0.024747140431667074,0.0066022686934612655
412,413,34,2.383447811299073e-06,9.384369531869852e-07,0.0010531745262115316,0.0001712910179092771,0.00022208861853013171,0.0002828359957482535,0.009437309728716226,0.00254362284696668,0.03573165061500143,0.011833980348761448
413,414,34,1.5332660658503648e-06,8.31754895036525e-06,0.0002501922080067315,0.00034366998621808247,0.002686807489975335,0.014597861031004935,0.010414086241165505,0.014440870303034595,0.03724637843997163,0.05275823186452812
414,415,34,5.74842964862863e-08,2.8856107575088174e-08,0.0001706546078340205,4.609545206225486e-05,0.00010433812627418186,5.5645247020044895e-05,0.00725202019983793,0.0019888540157436533,0.02499240351950421,0.006928398311671111
415,416,34,3.8238933650886256e-07,3.057705251683262e-07,0.00038401549211223885,0.00012008957559511182,0.00015236166558786542,0.00013560741362160693,0.007644217913312947,0.0021921461859131207,0.027030261014314258,0.008067650691845894
416,417,34,9.868905713554287e-08,2.687063838269879e-07,0.00016186940753387343,5.526445066339165e-05,0.0002520042297178674,0.0006994532999073681,0.008085321525440496,0.0028840100373725658,0.027629342642338836,0.009574807785919985
417,418,34,1.5429541720630583e-06,1.2514110675288658e-06,0.0008209226961138056,0.0003616428217094873,0.00023282351642538903,0.0001668273631330251,0.010372871560428073,0.0027396319439915474,0.04535331577062607,0.013365212571516143
418,419,34,2.1603686243853351e-07,1.3096895180886466e-07,0.0003538936417659416,8.61121416892001e-05,0.00010435801146634142,5.4262301993110725e-05,0.007839239407878588,0.0017631174727522477,0.02792837125632693,0.006988508651772162
419,420,34,6.719678086643827e-07,4.773570085263202e-07,0.0005180037619806279,0.0001224939326523501,0.0001604742020015906,0.00012032516246907435,0.00800304620198029,0.001684873803678822,0.029465794453726095,0.006606685038417954
420,421,34,4.018249733995978e-07,6.248727030733296e-07,0.000340494369618896,0.0001644876690584855,0.0002053262271468103,0.0004058272220654831,0.00743652247440289,0.003923685511590056,0.025348442661411622,0.013357752340070916
421,422,34,2.1341954472956438e-07,1.2744926600376578e-07,0.00031252762068213676,8.540708986071344e-05,0.00014237298937052188,0.0001597546489251648,0.007670889019637424,0.002550975319085773,0.0242308358223561,0.008027659245877892
422,423,34,7.406865222858063e-07,1.9370774602949505e-06,0.0003375911146576982,0.00025592261703122164,0.0013018829515524832,0.004881440450555461,0.010500862009768538,0.0106676233821095,0.03711007716243758,0.03617840865096362
423,424,34,4.5619537616784437e-07,3.568619481080506e-07,0.0004414040321374641,0.00012349416104379327,0.0001648559151790858,0.0001557991310535796,0.008315239471438177,0.0021699481039603786,0.0311957039486836,0.007992535712198072
424,425,34,1.631414352106851e-07,1.285380234210301e-07,0.0002479686049542472,9.909912579792922e-05,0.0001573280027086559,0.00010654920284276414,0.007992088835796012,0.002372764531610922,0.027313032790141946,0.010011365671296249
425,426,34,3.7199516808093886e-07,1.1514733989613252e-06,0.0002106506739544463,0.0001497562992866094,0.0006374488265304107,0.0020936039426164305,0.007549650939729284,0.006685717661707382,0.023360452176455188,0.02118105015768179
426,427,34,5.543736475367629e-07,3.2919453966533744e-07,0.0004929128036190592,0.00012835268314157332,0.00012446700619715128,6.730224092453798e-05,0.0074463450651177585,0.001678981868891663,0.02408332610502839,0.005869113777693536
427,428,34,2.0189255229710439e-07,2.388034699124514e-07,0.00024785672961597275,0.00010537886686573564,0.00011892784989279736,0.00010969689239950988,0.006513272288858014,0.001877169996873085,0.020410408512415254,0.006231302641155031
428,429,34,3.2295317374612696e-07,1.6355142434721313e-07,0.0003884070825091947,8.997850012084777e-05,0.000112200830164297,5.692182699751773e-05,0.007222742321627105,0.0016768040897575094,0.02311240416020155,0.005244591502209453
429,430,34,1.8678979927244654e-06,2.7501064284734014e-06,0.0008110459371784921,0.000291367330517433,0.00039835536084437454,0.0010996922339763376,0.010070560609593111,0.00447457208184042,0.03978831688051715,0.019359878761839117
430,431,34,3.5670699993772814e-07,2.992462034247677e-07,0.0003569780203500105,0.00011200967229029707,0.00013560433987603413,0.00013160066872020627,0.006940226399284952,0.0022924398804998886,0.022315045763902804,0.007977417383953338
431,432,34,2.8811991569037163e-07,3.1445412042608037e-07,0.000304487206877264,9.787121191414355e-05,0.0001669035368382431,0.0002713601721367733,0.006834740613532417,0.002151000008502307,0.022167803473113215,0.007141725159438535
432,433,34,7.71165549091493e-07,7.431103932885666e-07,0.0005088882903424639,0.00022441892188300759,0.0001543322206249714,0.00019412746557649784,0.007244436638703679,0.002359911864603466,0.01970131728140747,0.006565714946456716
433,434,34,2.8767645917703117e-07,7.023480340458039e-07,0.00026122441469102767,8.45782373276415e-05,0.00017365079873557347,0.0003793252837592599,0.006605297176386504,0.0020928647586909797,0.020002613035852417,0.006519111199249206
434,435,34,2.697793247359173e-07,2.5570035284877206e-07,0.00032702718496747203,0.0001394653884461822,0.0001026817288969623,8.853367120959417e-05,0.006590334410943529,0.0019316537590251374,0.01893140997408944,0.005562928095547005
435,436,34,2.352211779603241e-07,1.483266217189084e-07,0.00032551770923686595,8.710419383311636e-05,0.00010247960964240038,6.293872976202819e-05,0.006878072505488116,0.0015044989918840165,0.022699384840534013,0.005424595047218882
436,437,34,3.639686192174702e-07,3.516455814976459e-07,0.00033960532549398895,0.0001185857961843711,0.00012206278204436839,0.00012041187147340141,0.006299972417764366,0.0017806641645635012,0.0170625965384876,0.004926581442224659
437,438,34,8.577158314312449e-08,7.846015145717057e-08,0.0001955773511915194,6.563352909142673e-05,0.00013202317928945003,0.00012075235754184399,0.007656348396695274,0.0027792897830383693,0.027705919600146657,0.009654469550327942
438,439,34,2.471972075662416e-07,7.425571640833844e-07,0.0002127663469496731,0.00010177680735744785,0.00041438514156599176,0.0016246293972687388,0.007756973966024816,0.004135197884298962,0.024520910618936315,0.01269490125687215
439,440,34,1.2695763938181165e-07,6.845065794397023e-08,0.0002615492108709398,6.391231921336881e-05,0.00013810931030842338,7.267147967935668e-05,0.008606493144350894,0.0020318857309696023,0.03360653427593848,0.007933951536423081
440,441,34,6.708919339025535e-08,2.8876736406454705e-08,0.00018132409925730077,3.821085518848462e-05,0.00011684592626646489,4.814503039370194e-05,0.007579597849946688,0.0015379296507817325,0.026945680325083873,0.005487507153931407
441,442,34,4.279051641647664e-07,1.8125403864435617e-07,0.0004434755280860426,8.480439503097791e-05,0.00016465741571343695,0.0001064923080819625,0.008516524767722277,0.0017903132948271971,0.03189310524612665,0.006919933545975153
442,443,34,5.499013774530848e-07,3.169149033044283e-07,0.0004960302184746765,9.718860794471648e-05,0.0001527222929700442,0.00010357937953078941,0.008164200603085406,0.0016561591453075986,0.024938549517708665,0.006062366245072087
443,444,34,2.4072449257480057e-07,1.6607791385629942e-07,0.0003328272881951895,9.686817208562156e-05,0.0001677373079206411,9.531117748582898e-05,0.008921642691883095,0.001998616627177186,0.033891838482197595,0.008285688789434538
444,445,34,1.0247448354969974e-06,1.0686590119666902e-06,0.0005974600028232945,0.0001890311392666526,0.00016762227331877083,0.00013628361078100274,0.007884984178578152,0.0019957522654911043,0.026158047346946073,0.007494725398950474
445,446,34,6.150375071978896e-07,4.416188896723427e-07,0.0005126583016724052,0.00019964429286141517,0.00015928667466248632,0.00013336111386272217,0.008373101995162228,0.003033744557788569,0.024796774446525994,0.010385381628899617
446,447,34,3.90158501950566e-07,4.856382070857898e-07,0.00036447117492892123,0.00018570347471220467,0.0001228814348103376,0.00010706483007558462,0.007146892274784691,0.00228920285974877,0.023586267687599447,0.0071627238821548355
447,448,34,8.938590667639801e-07,4.698255859775117e-07,0.0006328729145667132,0.00014992929376913622,0.00015665079637769582,8.37358979905412e-05,0.008386117488364963,0.0019081532852544812,0.029344825074076653,0.008090801891419128
448,449,34,4.981652100318168e-05,0.0002523122586189565,0.0007045241457971689,0.001838232935967737,0.10718533740097935,0.5871517879980304,0.02513660695951651,0.08405045039332061,0.08442203833392876,0.2985895097225312
449,450,34,1.1394696553632939e-07,7.928690292551856e-08,0.0002416412509560092,6.720904818823647e-05,0.00012593982271081426,9.432088177695837e-05,0.007967437590088914,0.002409427894429096,0.028060905306654817,0.009083293692931869
450,451,34,3.370608750539445e-07,1.4727939624070769e-06,0.00020672093288500465,0.00010360121103523437,0.0005501428623200114,0.0024820197623487447,0.007849207038388532,0.004326225924991161,0.02359674487482099,0.01309566044208402
451,452,34,6.237236893766481e-07,1.380215396448395e-06,0.0003792916386908687,0.00021012085422036225,0.00025514796684814533,0.0005713418682388128,0.008074318113572457,0.0037397052030668215,0.02851664743331425,0.013836880362193662
452,453,34,8.87626557875913e-08,1.0668491695448926e-07,0.00019384841139339295,5.4820571753799755e-05,8.829563771809369e-05,0.0001233750296580718,0.005931546500719646,0.0019407461011151854,0.020122932872789746,0.006675515617640026
453,454,34,1.5791086613478121e-07,9.916215459245078e-08,0.0002650368619737599,7.266211775906719e-05,0.00012327980953962062,8.965084494439091e-05,0.007362825234475381,0.0020860112463544104,0.02526128294822924,0.007115289024170769
454,455,34,5.506957830401488e-07,2.3784699281307227e-07,0.0005067941332098973,0.00010493647314274235,0.00017716544907136054,7.804128761080837e-05,0.009065454058787403,0.0017181380149093625,0.03394666686654091,0.006744736606039741
455,456,34,3.5397346941161177e-07,2.586094982599287e-07,0.00040821789041408063,0.00012799587213818795,0.00013729165616763674,7.27540094162254e-05,0.008254842928555958,0.0017063531076387292,0.030256370137281278,0.007240998775087311
456,457,34,3.1721640279242283e-07,3.4710076155354327e-07,0.0003663519716664108,0.00015497071153764463,0.00013601154451487886,5.4685437529028594e-05,0.008116482099627747,0.0014111319850324557,0.025692532277282548,0.004850932846076807
457,458,34,6.51858793035257e-07,1.6776238334191619e-06,0.0003982764293836868,0.00019834988705031328,0.00024572659442449496,0.0005619397825388918,0.007956833263640018,0.0035323755804647903,0.027797019602183032,0.012877300473268842
458,459,34,7.497009080987696e-07,3.1081642577874566e-07,0.0005876847375047338,0.00012730922609227295,0.00016479167050634073,6.736013666745943e-05,0.00866261902539169,0.0016683724246259015,0.031822564463843316,0.006580188571735612
459,460,34,6.870957516933712e-07,1.0272614269887807e-06,0.0004470100247999653,0.00019190202164226787,0.00024243653709109982,0.0005229167405325762,0.007843901594991194,0.003264763300656756,0.02286211576531915,0.00870756548007676
460,461,34,5.731787633281141e-07,2.486387319974005e-07,0.0005142561165163951,0.0001035147950374597,0.00013832284971345763,6.629185469918184e-05,0.007955305593307404,0.0016502878763078282,0.02634769815075047,0.006347851973524327
461,462,34,6.16958026105194e-08,8.076927071033226e-08,0.00012970647056884926,4.79258502763207e-05,0.0001516305537734297,0.0002233867780963414,0.006441379910992349,0.002356087505174527,0.017931168296319598,0.007276580217117832
462,463,34,4.2357245909422945e-07,2.791635001503738e-07,0.0003879906940068502,0.00011875604342454576,0.00017346409078848357,0.00020952189705850653,0.007501988959334353,0.003068898178122128,0.024607049766927958,0.012244683987701205
463,464,34,2.8022695630625094e-07,3.7481884733707127e-07,0.0002837832212475512,9.345904355744345e-05,0.0001500904114329708,0.000177701838228663,0.006609463174005642,0.0022773659977294333,0.019446691799470606,0.0068000338414368755
464,465,34,2.421047925275676e-07,1.9761651286834566e-07,0.0002633832841906149,8.643558567394772e-05,0.00016670296425967107,0.0001273130566549492,0.007046005709151573,0.0019748982805800975,0.020956755643162656,0.006038051249215501
465,466,34,3.748999358275368e-07,2.1828597288215025e-07,0.0003916532942265108,9.887865927392728e-05,0.0001068894053413019,5.8959732557275646e-05,0.006640006075887119,0.0016174780759343592,0.01933665863950463,0.005282815734433465
466,467,34,4.193892256744354e-07,3.4381998187069307e-07,0.0003972776180222247,0.00013739801710032032,0.00011823453416368198,7.615663925615236e-05,0.006880447487620746,0.0018290664753431672,0.022651693153688136,0.006500471246680754
467,468,34,4.1397184430740495e-07,3.28440687737497e-07,0.00040355203365085316,0.00014400475892618555,0.0001549085338731803,0.00012820936612606523,0.007792934686328997,0.002549764174575235,0.027004272019600168,0.0094266195080196
468,469,34,4.3223740633760936e-07,2.924485492550902e-07,0.00042640975623405264,0.0001137039899575136,0.00015665012634759906,0.00012495979470409496,0.0080192258088466,0.002023088671781356,0.024775272372233516,0.006410750897975009
469,470,34,1.922298199521238e-06,1.0195100663481988e-06,0.0009620439720011371,0.00020852699615065163,0.00020616690017050132,0.00011923246572621723,0.009834338363040896,0.0019764495244119847,0.037458141663056964,0.00753138336163585
470,471,34,2.356004973336212e-07,2.041895581592024e-07,0.00032230756872141846,0.00010876853171266123,0.00010555201044874539,8.038293332755044e-05,0.006893255460240385,0.0021830538035184834,0.021639984183232572,0.006969767964565404
471,472,34,5.978602528077705e-08,6.365514653857962e-08,0.00016163996031750953,7.611988826656009e-05,0.00010061072736575357,9.966983389475492e-05,0.006861186285010155,0.0024474460103315675,0.021427455933435875,0.008304844628695573
472,473,34,1.0741491954203251e-06,4.939336601875555e-07,0.0006922837398151922,0.0001546156703575937,0.00015516143738590043,6.135725834456563e-05,0.008352892514427794,0.001590220616741653,0.028858997146872914,0.005937130848775768
473,474,34,1.2060625178294765e-07,8.38555945272653e-08,0.00022022765658809529,7.010290042500947e-05,0.00011336959987067316,7.946007348456041e-05,0.00679110737024423,0.0019929054037007865,0.02100061285583412,0.006594300543073246
474,475,34,1.189856151280069e-06,5.7852733944173e-07,0.000764117732828976,0.00019273726470526415,0.00015576415770577595,5.92804029748407e-05,0.008837568272343454,0.001668746808246194,0.02601008675992489,0.004682685249131176
475,476,34,4.445242818650788e-06,1.9665229642218336e-05,0.0004660375998355448,0.0006252627793005741,0.0019061065891839784,0.007341825211455919,0.010612726951127542,0.012915269038233219,0.03273948164218489,0.037406365550009514
476,477,34,1.1300757340100797e-06,2.8577055807662896e-06,0.00044320296172586763,0.00023869511571616872,0.00042372546747227553,0.0010696464437085604,0.007861676516340059,0.004803280750418141,0.022092997589532065,0.01329788568372493
477,478,34,5.758353879477508e-07,3.226981929148068e-07,0.0005098118922700558,0.00014197690987853716,9.694849626719267e-05,5.4387718390881545e-05,0.006613487514721996,0.0018766975067957589,0.019471490810460904,0.005501162332478824
478,479,34,3.1980778370619673e-07,1.800399324702025e-07,0.0003587894350536825,9.03537467751813e-05,0.00012526306743572657,7.012129739820964e-05,0.0071166896206491135,0.0017831093249553725,0.02415343647932305,0.006810163498816755
479,480,34,1.463085652369751e-07,1.564319671557141e-07,0.00022143046247519497,9.874635468156443e-05,0.00010372095435099361,9.392420115646263e-05,0.006189564119695741,0.002033369830218702,0.01980516637730248,0.007060083330759331
480,481,34,8.830103874234898e-08,7.421560317013556e-08,0.0001820318252344698,6.911268960810516e-05,0.00011284195550294552,9.563050983149194e-05,0.006590265178066843,0.002394028105502684,0.021095727077301812,0.007846710095178457
481,482,34,3.496303348798586e-08,1.872940654989407e-08,0.00013363687963539953,3.113319919228332e-05,0.000108039407624507,5.012347839519551e-05,0.007494163726839949,0.0015743247210316547,0.027024698608061847,0.005827023620942889
482,483,34,6.072758873020735e-07,3.51815911035033e-07,0.0005099933118532028,0.00015918292028503886,0.000151929806366645,7.764243245727436e-05,0.008149781634154566,0.002111886491214662,0.03086188599905547,0.009130986479865098
483,484,34,1.286314801602122e-07,1.6852066028367013e-07,0.0002364951279185548,7.091111778069867e-05,0.0001328787103000864,0.00017176316219014642,0.0075571797103347145,0.0024802025832464294,0.025925947161500946,0.008610565816379149
484,485,34,8.186572773931122e-08,8.577936531666608e-08,0.0001813194599783267,5.566425351680961e-05,0.0001036139428298852,0.0001101801558388834,0.00647927587851882,0.0020607829877206307,0.021312445155618823,0.007124692250547233
485,486,34,4.075203084789624e-08,3.726343560136646e-08,0.00013963848708526175,3.67610336414186e-05,0.00013136727434089954,0.00011865223596622712,0.007904589354224941,0.0022123535661971163,0.024224480805809006,0.006544320180398141
486,487,34,7.250637120769036e-08,4.082669854763131e-08,0.00019933775183744729,5.7098938351472595e-05,9.915196332097847e-05,5.7059143704796676e-05,0.007370259886717095,0.0021216220664805044,0.024414236821672496,0.007244236621567065
487,488,34,6.41516816139475e-08,3.922865926831479e-08,0.00019176246218301137,5.4532291517430874e-05,0.00010098636780372438,6.968062744523098e-05,0.007552421775043887,0.0022977818364969425,0.028040329651797518,0.00852229748359969
488,489,34,4.7296916208364674e-07,2.836014777959571e-07,0.00046811058949542176,0.00010360877661723863,0.00013059899195949957,7.321206741166238e-05,0.0077939904705785655,0.0015796362236912612,0.02400191465173574,0.004895232149514569
489,490,34,2.4800013211661817e-07,2.3610235250783004e-07,0.0003252729408867548,0.00011404655426519843,0.00012815385937702719,0.00013420827145791284,0.007396769970107605,0.002781548898891468,0.02141270222251906,0.00832526102321847
490,491,34,1.027240080187606e-07,1.9812424199310498e-07,0.00018684569295146503,6.79880316578688e-05,0.00014025672327775014,0.00036199117091500907,0.0063647196272059395,0.0027864108194103916,0.021548262222067398,0.009966178828382953
491,492,34,2.3389671911707123e-08,1.6654474682316227e-08,0.00011397683535024578,4.183568884336469e-05,0.00011669870732208331,8.74153959316966e-05,0.008047559284879005,0.002669064853730751,0.026493767550324693,0.009810010597677802
492,493,34,6.502433312839591e-07,2.8916791842623567e-06,0.00029026525846668794,0.0002545619801924959,0.0003166788289544296,0.0013047692032830895,0.007027358474100337,0.005383934275901344,0.021441680735305828,0.014725994523549817
493,494,34,7.862993046735349e-07,5.805959387873182e-07,0.0005974981082973125,0.00018216812351173276,0.00015418223002223598,0.00010425539474602547,0.008440530146746075,0.0022752644038515567,0.0259797929731362,0.007046028309677758
494,495,34,5.811942618675282e-08,7.908716277753099e-08,0.00015281705097603502,4.4920051189475093e-05,0.00016851407238337903,0.00024148297355867089,0.008085262934293817,0.002769024491655308,0.02670522888793665,0.009008925733237144
495,496,34,4.119495322640887e-08,4.9694843228519334e-08,0.00014764680920908337,6.339830455852893e-05,9.690853376549272e-05,6.848737796144186e-05,0.007478594862143783,0.002393352518039281,0.02740610733299571,0.00908772725845971
496,497,34,4.968759962430207e-07,2.8841618093310817e-07,0.0004394119601142045,0.00011689928064366286,0.00012899905162639161,7.176207093062554e-05,0.007103545043398352,0.0017248005144737371,0.025772183613084695,0.0066601049032081324
497,498,34,1.0168683490012895e-07,1.3945987443587249e-07,0.0002123273017573143,6.943376254108272e-05,0.0001330170020724729,0.00015935601568620503,0.007827753071015811,0.0023946465182996977,0.027569057967732933,0.008475162458564247
498,499,34,2.0153440046211765e-07,4.129065593310538e-07,0.0002673523434650098,8.786872217411328e-05,0.00015667586922063492,0.0002891059485826449,0.007565025171703275,0.0025335704444637737,0.026586213149130344,0.00872374966438286
499,500,34,3.159023308731706e-06,1.704625414744436e-05,0.00032108392063973415,0.0005769054800013702,0.005332469358536936,0.02966419438018362,0.011035957250415403,0.02407443934856483,0.042561825145693385,0.10668137087631652
500,501,34,4.7406208684087824e-08,7.838196325360811e-08,0.00013478059511672815,5.119116560972054e-05,9.734353839388966e-05,0.00010331075779188091,0.006686602390426046,0.0017201132541442778,0.021416410776403022,0.006478604166808616
501,502,34,2.503360394795811e-07,1.9518927994510956e-07,0.0003482106917277526,7.355241936135068e-05,0.0001303243289465386,9.928572189130828e-05,0.00795071543303921,0.0017166540211839259,0.027915394591058,0.006286551702016275
502,503,34,2.5285408433717294e-07,2.84061452307305e-07,0.0002816899971495492,0.00011765656500016731,0.0002316219418336165,0.0004095932692255379,0.0078083543613662616,0.00335478528826603,0.023827838793616083,0.010188730573880726
503,504,34,1.1529046533140405e-07,4.508656149231998e-07,0.00013979052827755155,7.271799870999552e-05,0.00036540470083470125,0.0014427672628464377,0.007919487146222415,0.004220154400842352,0.024556648862712523,0.013159438517880536
504,505,34,5.340896249967136e-07,1.458089044007927e-06,0.0002245457367012825,0.00021160177912659149,0.0005767328034648124,0.0018280555109099425,0.0077237602227422245,0.006372201064246853,0.024860525065485167,0.020111409268601277
505,506,34,7.564462240908068e-07,3.89267406293902e-06,0.0001578562514623627,0.00013011625629378508,0.002308971846158623,0.012285044397416641,0.008004701134803541,0.00735565746207856,0.027096964062794167,0.02838370284900012
506,507,34,1.1828765671537286e-07,3.954509266445591e-07,0.00014633000415308154,0.00012097197787907686,0.0008838362205364427,0.004039788037781468,0.009947049308239538,0.011971576941733576,0.03259446633541409,0.038486749901850185
507,508,34,6.589802448034146e-07,9.046001513025625e-07,0.0004944852480548434,0.0002636782232398898,0.0002644322544523782,0.0005900907624563114,0.008924809681689915,0.004955108114953597,0.03486727449275991,0.01822740805984582
508,509,34,1.0595856869035374e-07,2.2112460416168777e-07,0.0001701518177630051,6.917396204998042e-05,0.00019977737974841148,0.00039462319390789753,0.007512889124507851,0.0031658973342949563,0.025629217709031177,0.010567031485450401
509,510,34,6.663472432656611e-08,5.326926364543112e-08,0.00016865363710060003,7.384565283843946e-05,0.00014680337966745035,0.0001278105229494517,0.008145974154638894,0.0030177443561674082,0.029329793472938678,0.011907931964754995
510,511,34,1.551756225214764e-07,3.451313204836215e-07,0.00019731573411263525,7.86912267362329e-05,0.00023352652292755118,0.0004857914661054378,0.007837004329570952,0.0031263480544153756,0.02670394486802466,0.010387482774349277
511,512,34,1.1073209224273859e-05,5.2041412840924965e-05,0.00037135904912087,0.000758526794499708,0.09457933744755899,0.5207869560833073,0.022029356846092817,0.06133291995026063,0.06980865930809695,0.1864198500419716
512,513,34,8.032673335378604e-07,5.30975876752157e-07,0.000584114614278352,0.0001686402859786922,0.00016341757423908669,9.859628872983701e-05,0.008399465819820762,0.0019326161330126587,0.02973337789230487,0.007250503628727684
513,514,34,4.5108475647569935e-07,3.438880806671346e-07,0.0004631948455319028,0.0001327928051830215,0.00012699268972937716,0.00015340731199977274,0.007574827834854231,0.0019539807011085524,0.025929239825071657,0.007391018064218211
514,515,34,6.936328140619122e-08,2.0083193662097503e-07,0.00011583188846570385,4.631831840598062e-05,0.00031920026974737136,0.0009954681105253,0.007621210493037806,0.003354505701632902,0.026825797004515633,0.012310717976449096
515,516,34,5.215843402674088e-07,6.077788014722639e-07,0.0004236994376269114,0.00018226172571422056,0.0003606940935616662,0.001257706380044398,0.008615398875382893,0.007157401989669437,0.029078838059349972,0.034386141263791775
516,517,34,1.3404746262324352e-05,7.137984441966524e-05,0.0010095147445099428,0.0019083173027042385,0.011920770714876947,0.06764669518980879,0.01883190793587881,0.06055404504309357,0.06651066824355546,0.23102253262830474
517,518,34,4.4954964822603174e-07,4.78551367013132e-07,0.0004115920447100721,0.0001433836196572476,0.00016489152489264277,0.00015974903316620277,0.007728162509224871,0.002632583662275887,0.025604811853126568,0.0092182688244224
518,519,34,4.294666381475602e-07,3.8453797940214594e-07,0.0003954116319244563,0.00014434353700783502,0.00011088100248290335,7.859468925596853e-05,0.006529750795487095,0.001780452228264699,0.020577651092453915,0.0067054258109897034
519,520,34,1.408896598341451e-07,4.771034835902468e-07,0.00017338194479902194,0.00013945028475267896,0.0006088399144145489,0.0028419683593461156,0.008887814193525734,0.009150239433188682,0.028697721577961657,0.028725227353923365
520,521,34,1.575039890406729e-07,1.16507461532892e-07,0.0002804502852514441,9.303590609373489e-05,0.00015566919736396384,0.00016300613836915358,0.008595907060867724,0.0034459301903514107,0.029887721654685104,0.011623433474497239
521,522,34,4.374249647465898e-08,3.16693924482242e-08,0.00015604660481639097,4.16704654159422e-05,9.607380289868589e-05,7.95236347176421e-05,0.007235955111408497,0.002176061789553818,0.02253668599159402,0.0071554048734751245
522,523,34,7.459727802269941e-07,4.60939478807925e-07,0.0005645065376644625,0.00014568938672197452,0.00015858277123804917,9.331816764823213e-05,0.00828624501660028,0.0018902058635784813,0.02880820829202147,0.007043158579188197
523,524,34,0.0004554250617292813,0.0024055690491946264,0.0017651578902373062,0.0065686724818506525,10.934242184125598,59.90537279464497,0.234590174685068,1.0208132287003044,0.891999515814378,3.763785311866321
524,525,34,4.1699265739727225e-07,2.434336655916866e-07,0.000437007615212625,0.0001154252189208083,0.00015179148559742745,8.793167510536667e-05,0.008347434662830304,0.002017612843788126,0.0319829940357629,0.007996470253541856
525,526,34,8.557662805836899e-08,8.740938890417007e-08,0.00016720158793545766,7.311703036782553e-05,0.00010300501531566945,0.00010932995842746223,0.006082199787830605,0.0020411718356183697,0.019580616725280005,0.006963282179315467
526,527,34,4.734551760316877e-07,4.034634520730871e-07,0.00043556854763985886,0.00013994956654574546,0.00012105048662145717,8.733186073227871e-05,0.007068069008014658,0.001979084500475724,0.023241815951598042,0.0072526263725093305
527,528,34,2.924140744444431e-07,2.2909963299889068e-07,0.0003335441356552217,0.0001158492444450989,0.00012027462451121263,7.848946071651951e-05,0.0069499260280281305,0.0018095903804634468,0.022875226102769375,0.006488113251952224
528,529,34,8.253950583406657e-07,3.22641373972205e-07,0.0006286743514732841,0.00010997803788405728,0.00014523262978079454,5.566717470783695e-05,0.008333395783077268,0.0013842004282091094,0.025348969132584685,0.004386074515537111
529,530,34,9.009619272859481e-08,1.2469968109651218e-07,0.00016393622953567982,6.398282825125534e-05,0.00018489621764755985,0.00024186732949215485,0.007478418643586338,0.0029127162007697993,0.022671254735220882,0.009772766654000344
530,531,34,4.5350542709390056e-07,2.5757911594666644e-07,0.0004539538272451062,0.00011510563864262945,0.00011966235685095479,7.399841332885264e-05,0.007342794293756871,0.0019225799048732015,0.02061441192841705,0.00594932459378521
531,532,34,9.827597718098707e-07,7.52492051189029e-07,0.0006916034471942112,0.00024386438985188897,0.00015167486408780163,0.00010925373952849377,0.008619754643672529,0.0028872732093633774,0.025308202568660763,0.008679277632634553
532,533,34,7.579148581940257e-07,6.340095076208261e-07,0.0005107059298418736,0.00014654630347547793,0.00016595947786032304,0.0001386352600441004,0.007583853487363633,0.001993051289621242,0.02537527379086789,0.007146510168964421
533,534,34,4.271591404774961e-07,3.8854041586348517e-07,0.0003894407760954517,0.0001270412038302971,0.00012960824391056495,9.695477631972776e-05,0.00699894768459832,0.0018477843332374755,0.022552477743695763,0.006741104011318109
534,535,34,2.139950424862036e-06,9.080206984008464e-06,0.0005953688973129508,0.0008916188057148943,0.0005909607106706757,0.002433529320537721,0.01001503226785537,0.01456727786527845,0.034029229544103146,0.049640592369271624
535,536,34,9.168951673727325e-08,1.7207217310267797e-07,0.00016262416936703683,0.0001010485053095032,8.883261515995186e-05,8.397515685527482e-05,0.005957467323990867,0.0019838681387884176,0.019750223330715123,0.006358288100870764
536,537,34,1.641479928714355e-06,1.1466397002131586e-06,0.0008570371154586182,0.0002399953565435122,0.0001884561446358395,0.00012632209087177262,0.009207627297762562,0.00245722583220314,0.02662482109906919,0.007563402605460437
537,538,34,4.425274920884155e-07,3.3041300091369564e-07,0.0004179350221152965,0.00013855518740722014,0.00012422440725940224,7.772631165327444e-05,0.007178457138840766,0.0017171227450708613,0.02456946312175954,0.0067243120954910895
538,539,34,1.3584517887048096e-07,1.5876336549495164e-07,0.00021329456392456503,9.137942819464038e-05,0.00017048431458105743,0.00029296074289355374,0.007322177688098129,0.0036073134697096497,0.02214473275029484,0.013134255429147583
539,540,34,6.135018945151253e-07,6.15991818733954e-07,0.00047444055706043453,0.0001817657655842294,0.00013385902756828515,0.00010347548462009811,0.007331112906446352,0.00192514137393464,0.024540419525959912,0.006932809466681483
540,541,34,5.905577724409655e-06,3.135087989511704e-05,0.00044257104352308325,0.0009324238699511494,0.003315543142033515,0.017619975686112847,0.010836110333912075,0.02194348628565387,0.029619387679678554,0.06086605382978434
541,542,34,1.307222330121045e-07,1.3413912117382916e-07,0.00020528870011142264,9.484317583664944e-05,0.00022243916592903107,0.00033737642285781914,0.007918024723253706,0.003883332574618709,0.023914489539011437,0.014197072542338443
542,543,34,1.7973315113341841e-07,1.7925569217949641e-07,0.00026143889558357736,0.0001290405149169288,0.00013401073262203308,0.00014187700749582728,0.007211088196045774,0.0035574223308056,0.021042333148858127,0.010865737701109771
543,544,34,2.2497543098530606e-06,7.329728815753907e-06,0.0007160194791675381,0.0004216437933437365,0.0003232256766590153,0.0008786434181958167,0.009352035546565758,0.003616400618607826,0.03468962430077441,0.014995858159919374
544,545,34,1.3450374482167317e-07,1.840014717528145e-07,0.00022324996718773893,9.879673261480046e-05,0.00019948794012153112,0.00036196044080330427,0.008139654829659882,0.00397517923174254,0.03074430296307101,0.013515811069796827
545,546,34,2.3564244443300995e-07,1.6087739377062598e-07,0.00029517157749711154,7.771447289618866e-05,0.000137280490996679,9.027542502349157e-05,0.007165998453274369,0.0016700206902844992,0.022457143976627028,0.005671307523661809
546,547,34,5.79354063494761e-07,4.434189279492362e-07,0.0005001327919992892,0.00014780400052356822,0.0001410367954924689,8.638812047374167e-05,0.0079482602475978,0.0017697788903896555,0.024248434833305722,0.00531715090491778
547,548,34,2.067369481097066e-07,8.288152855766902e-07,0.00016946359156624086,0.00010382828915241673,0.0004672111780404093,0.0017413437848233402,0.008432733127847314,0.004828687067563522,0.03059619029655176,0.0180088063238924
548,549,34,8.805696014449308e-07,5.875173577989303e-07,0.0006129450108239646,0.00018699786924227636,0.0001808109540006091,0.0001021238339504791,0.008827975375906509,0.001878842908500837,0.03169461027445162,0.008181262946591954
549,550,34,1.413421036159314e-07,1.3682181179129554e-07,0.00026812037728685774,0.00011262795660471163,0.00011045592258169028,7.103311165101787e-05,0.007664034581359695,0.0025425655584629054,0.02601794441066244,0.009060203632387727
550,551,34,4.6457541291080333e-07,2.433130428133051e-06,0.00015737169708111598,0.00015759115366623358,0.002822809105483055,0.015371476376002408,0.010150645599317025,0.01279555424069848,0.03127054692081669,0.03587412765683476
551,552,34,1.7160431047400112e-06,1.8622871811884692e-06,0.0007777607345761841,0.0002176947766226911,0.0003894101648577763,0.0006680386909490805,0.010460269240224185,0.0026506313619554843,0.03945157961810336,0.009855947478372247
552,553,34,2.2523236441931176e-07,6.095739918687953e-07,0.00022764552554957953,0.00014711106885815486,0.00015454445699159645,0.00032954216838021477,0.006439437884289552,0.003244719142157265,0.018967123702168465,0.009406476794455353
553,554,34,5.594237767404727e-07,1.5320557202422798e-06,0.0003107807548504378,0.00014859718343816382,0.0002653541889551835,0.0005541010585367042,0.007027742425527643,0.003161158668687846,0.02174181430874502,0.009724485434819078
554,555,34,2.3772108733787015e-07,3.130755434614609e-07,0.00027001567072789734,0.00017425127713240068,0.00011533314339912442,9.77415876180353e-05,0.007227265152751523,0.0019025052308009305,0.02314475504681468,0.007465750591874814
555,556,34,2.6233014824458345e-06,1.467027139560785e-05,0.00023728473067475373,0.0002576680753384569,0.0027550369729985556,0.015200747719602836,0.009006399661302567,0.00814524838473441,0.03272271172746139,0.029651436800568223
556,557,34,2.550467749152992e-07,2.1034294859057585e-07,0.00027331220617805445,8.905711669791178e-05,0.00016379880424424568,0.0001414739139789214,0.006959109799936414,0.002254599848082958,0.020829880938810462,0.007539087765047561
557,558,34,1.0842892103134297e-07,8.607688432534702e-08,0.00022619083285783692,7.508203444908154e-05,9.823276666472392e-05,7.311157418859127e-05,0.006910979247871129,0.0020629336221212836,0.022054403965525767,0.007045270753623569
558,559,34,4.199274604383832e-07,4.958788874699208e-07,0.000371132290798842,0.00016405904115742633,0.0001643730881957762,0.0001997127271765584,0.007276206462205771,0.0033464647569283264,0.022242939510547063,0.010527152914848431
559,560,34,3.527816802605845e-07,1.2785087278493296e-06,0.00027102885317564123,0.0001909951505396355,0.00023619246060073185,0.0007925945826527134,0.007359605481135933,0.0046891218642939455,0.021454287117675823,0.013860203933944389
560,561,34,4.042169002653228e-07,1.9967020040085434e-07,0.0004371317593134282,9.686195505041182e-05,0.00011352334609803031,5.524103466520962e-05,0.007317585843231748,0.0016165639256968559,0.02331411704311476,0.004790594190380714
561,562,34,4.008291445161911e-08,1.7509944833603526e-08,0.0001322819696403766,2.5515771912270494e-05,0.00010439254037919454,4.94153402552383e-05,0.006733862895463758,0.0013561500895210373,0.022606503026669517,0.004875503744047004
562,563,34,1.676649920861701e-08,1.0517482859109019e-08,9.5813307673191e-05,2.8896839192838673e-05,9.310800653432071e-05,6.641496915172929e-05,0.007108866798636668,0.002134886807124322,0.025827989694388473,0.008825940105553494
563,564,34,5.654765397371662e-07,1.7001488295008604e-06,0.00029863500993301654,0.0002626892314154087,0.0009024202549078516,0.00384381661853969,0.009033734773230903,0.008420397777207676,0.031447180492036486,0.031197252703596797
564,565,34,1.4398022721785671e-07,1.447336691368784e-07,0.00022484643298358766,0.00010855182970669377,0.00014690342140966095,0.00013853693601602443,0.007239370305529412,0.0031557774218272305,0.022174278931582674,0.010161426907955252
565,566,34,6.041536131504319e-08,1.1043230501122305e-07,0.000136366617773413,4.612200025098782e-05,0.00013004961960284752,0.00018085099954761469,0.006616043235065744,0.002366756610184579,0.021879974752664566,0.008202721563831988
566,567,34,1.0479338811088176e-07,1.5433953853948583e-07,0.0001862741343810579,0.00013483223783240095,0.00016405561526720275,0.00025078670450547595,0.008049661060795188,0.003675328732355739,0.025676924707915855,0.010677360534125888
567,568,34,4.0894031941133217e-07,2.513077369022758e-07,0.00042050631429233095,0.00010756976640919896,0.00011959353126739563,7.705052231421936e-05,0.00717163399574073,0.0015400906618720624,0.02362261268803302,0.005413675568838996
568,569,34,1.7604009962176006e-07,1.1968745366282155e-07,0.00026146559128606254,9.716946225533791e-05,0.0001443958862557124,9.80394880282014e-05,0.007619373445563456,0.0020320571454949567,0.026212642571943646,0.007296060288991079
569,570,34,2.1329235658719332e-08,1.101168696016651e-08,0.00011040989899329896,2.8513971625729038e-05,0.0001003036410539233,5.409340461653945e-05,0.007557981894077624,0.001975913798369277,0.02623095823561444,0.006727858906116324
570,571,34,2.0050324042240967e-07,3.063502954694934e-07,0.00022450612938401345,0.00018653652671496847,7.970415791693514e-05,6.465625205171187e-05,0.006039155893685187,0.001627203281272698,0.02016671503181843,0.007196294974330811
571,572,34,4.780134564775969e-07,5.583472368384653e-07,0.0004404982764219098,0.00017221585068491566,0.00016783895818448132,0.00023491947872272665,0.008104520836187637,0.003535434237183858,0.029737579143222642,0.011911894733182844
572,573,34,7.688265904699379e-07,2.1813687098488535e-06,0.000370415707841269,0.00029906075433542027,0.00038477605834058896,0.0010316250276329873,0.00844224534846623,0.006522768010815008,0.024219073053887662,0.017726343349416772
573,574,34,1.804124939376513e-07,1.3257799723413806e-07,0.00028703341804965236,8.361174814238457e-05,0.00011099477085415,8.36941605948948e-05,0.0070871579707326255,0.0021670504730219708,0.02182166957679917,0.007225296646543314
574,575,34,1.6896085801054076e-07,2.7448314112012697e-07,0.00022791987944134127,7.672967175160961e-05,0.00022886495100786253,0.0004556703894321419,0.008018034934887992,0.0029854808405382874,0.03027618890080382,0.01185875132561341
575,576,34,7.025764634124364e-08,1.1854607805922317e-07,0.00014112091872341218,4.6361557989361746e-05,0.00014373407569056486,0.0002187758761264245,0.006572623949443155,0.0021133666657981074,0.021079976823838317,0.0075393268654887205
576,577,34,1.0463354261456543e-07,8.505911275642535e-08,0.00021270666398135398,7.36925596553517e-05,0.00017079736597438837,0.00024200793475620612,0.008312564397997716,0.0035025781244407504,0.026905504000537536,0.012229537194089422
577,578,34,7.049382981663524e-07,9.339683887255674e-07,0.0005005752173019573,0.00017149735718485434,0.00020160756599473054,0.0005044027043733382,0.007428748765960336,0.0032402331143869968,0.022715539424954093,0.010573473624890604
578,579,34,1.33403656654707e-06,5.8740367640600825e-06,0.0002943701224199578,0.00039096920410788133,0.00250352128964818,0.012202189677257879,0.011527568670263624,0.01690863351486943,0.04085488044930732,0.055823035987762684
579,580,34,9.704475002415755e-07,1.386018408869607e-06,0.0006085718521396356,0.0001886242385604917,0.00016351521983725594,0.00023033707042520132,0.007899401271167924,0.002296209878545002,0.022922971559798017,0.006165734626076591
580,581,34,1.6042669895789593e-07,1.8242576097418874e-07,0.00023093069980592083,7.564321179108461e-05,0.0001485606865518254,0.00017712061579669316,0.007077949998133323,0.0022960522648023986,0.019613119992701447,0.0073423088629064786
581,582,34,3.478171274655792e-07,4.655344076254105e-07,0.0003402129715301699,0.0001499828105249667,0.00020647173379770452,0.00022510981236238749,0.00836419515476069,0.003334036304830105,0.03077776450663805,0.012561077610934794
582,583,34,1.3925620076679145e-07,2.1136747248919833e-07,0.0002366453516194323,0.00014241304109334813,0.0001477371757466565,0.0001977188782628379,0.007823115803630036,0.00434732258506272,0.02398279566756066,0.012768188065084497
583,584,34,1.5912859292216092e-06,8.282655499409648e-06,0.000333849478064461,0.0004502738177017354,0.0008917898875391556,0.004569812776992488,0.008352375965948929,0.01051451994124829,0.025536751867655444,0.0306549820006113
584,585,34,3.479879380730675e-07,1.6624532449912692e-07,0.00039590046670876774,9.79142181479824e-05,9.78578281159143e-05,4.145344889999645e-05,0.006676239899688345,0.0014859017143379757,0.02395978134454173,0.005838108479247252
585,586,34,1.1416681128316533e-06,1.0122934774884674e-06,0.0006757288780029151,0.00029227909783553356,0.00018425482802045094,0.00023556180649244717,0.008438148686443181,0.0028623015274765336,0.021894371137022972,0.00927961856567373
586,587,34,5.2288145878458016e-08,8.306449413486664e-08,0.00014333548257555403,5.073368381554155e-05,0.0001007343332596921,0.00018588880946522108,0.005917943986680578,0.0025835877525365414,0.02086580413229325,0.008877502815880524
587,588,34,8.92887554638331e-07,4.4919678171653e-07,0.0006265805063508999,0.00013397701974073787,0.00014572977905867018,7.834919500161074e-05,0.007945274660254227,0.001645134993345652,0.02616643478326938,0.006113601545955671
588,589,34,3.118488154243818e-07,1.942378418649347e-07,0.00036987397470511496,9.429952592334827e-05,0.000136565483711927,8.080778054035414e-05,0.007791442358318497,0.0017749237290371283,0.02546013316468281,0.005778361405571827
589,590,34,3.182439433026181e-07,1.380553080204915e-07,0.00036628082992084436,8.237471857423352e-05,0.00010825741724950015,4.5599490379125986e-05,0.006757710512508364,0.0014643240028153121,0.02337607798878761,0.005773866683008753
590,591,34,4.828522561653284e-07,3.931681737894427e-07,0.0004014619942822987,0.0001284961877949493,0.0001537486469340579,0.0001314823668512001,0.007186807418132529,0.002167994116767132,0.018919985713985038,0.005790905547415004
591,592,34,3.3433670305485334e-07,2.4082659811870607e-07,0.0003940116208361681,0.00012303370487049328,0.00011890724090335425,7.177255540030552e-05,0.007483867127174402,0.0021850220351828935,0.020818857804817313,0.006648948813993874
592,593,34,2.0747590051224265e-07,3.9630813003504326e-07,0.0002647440620314549,0.0001127719765345427,0.00015327336715178236,0.00026170999445935,0.00733107837903149,0.0032685414499358037,0.023767759612597087,0.011105919237136089
593,594,34,8.985891514278003e-07,6.386109043538864e-07,0.0005749986003673472,0.0001611974248260495,0.0001925896689606495,0.00015287940530137056,0.008280234945499721,0.002310804020680902,0.02806193693814909,0.008280141175621343
594,595,34,6.568938390885518e-07,5.009341771193672e-07,0.0004925316572874127,0.00014997417299280244,0.00013809689784573172,9.806845130767164e-05,0.007221634828430765,0.001812514120271239,0.021884006941143203,0.005564115690353979
595,596,34,1.1628516831804933e-07,7.935705314158564e-08,0.00023612163118634592,8.59274336999825e-05,0.0001375478551541592,7.766317346054392e-05,0.008203587371527273,0.002589057820508809,0.030032908571336198,0.010697272809286213
596,597,34,7.167470509393618e-07,2.2895024781400854e-06,0.0003487474198610631,0.00015446839638458916,0.0002587353694573668,0.0006743181117157931,0.007037394851281801,0.002912643081027001,0.02110932783826309,0.00819825615167695
597,598,34,2.593250726836432e-07,2.915531227354387e-07,0.00031268099230467617,0.00012163652263905775,0.00014128590352329947,0.00014878184607060101,0.007439483217347194,0.002896889322239037,0.02365402107620064,0.009740673239968524
598,599,34,2.977419712609851e-07,7.045924617326804e-07,0.0002590161200393649,0.00013256857147415227,0.00023386010220479767,0.0004753675030926668,0.007726265555795501,0.0035111921793919494,0.027114962994614068,0.012723253744857218
599,600,34,3.288356287920719e-08,2.9143026455829173e-08,0.00012945197094642723,3.0110326891689263e-05,8.402303592447424e-05,7.05256593008911e-05,0.006456993855809902,0.00208178188742513,0.022961669984985802,0.007498441017192925
600,601,34,1.6510830872441736e-07,1.1967576153406772e-07,0.00027181835278444104,0.00011016935001931264,0.00011918700414860402,5.8860950834277906e-05,0.007476584314752151,0.00211136080463019,0.021636856582892293,0.00689402278366127
601,602,34,5.581452332471733e-07,5.140254681159444e-07,0.0004281301448559936,0.00018379368384894188,0.00023315321825922343,0.00018677394057828883,0.008856227114687072,0.0033104246743901407,0.026341653182445204,0.010681030543599784
602,603,34,1.395664486072815e-07,6.47262151215811e-07,0.00015318130424609133,0.00020082869521328625,0.0005483779057291994,0.0025838589814024516,0.009579472942277789,0.012366294399776032,0.035133542082108116,0.04139256294158624
603,604,34,1.9577401064991057e-07,2.5953007070783524e-07,0.0002588318232429789,0.00010454619540853375,0.00017618750574483247,0.00028660110959421526,0.0075070536626941145,0.003431464874195359,0.02156407733940903,0.009807811100065195
604,605,34,1.1148429982575728e-06,5.8373788262795025e-06,0.00020427494489601538,0.00016070482652862772,0.0017754859621110133,0.009413838840935197,0.007646273417562684,0.0064196280313614015,0.026095254511079368,0.021376998509083835
605,606,34,6.49276038684999e-08,8.99990286539025e-08,0.00015145467531350304,5.626297797317111e-05,0.00012784439396080628,0.00019677431825533488,0.006714572335648186,0.0022934218097411217,0.023786630755399957,0.008694417299655002
606,607,34,1.4261757760745381e-05,7.023928599385652e-05,0.0008460276917236008,0.002242723126471009,0.03926199585433043,0.21715482610074754,0.03260800262283096,0.11419461156699483,0.09374388290897888,0.2481612893358259
607,608,34,9.109389923162994e-07,8.589691881160543e-07,0.0005572037125067949,0.00022620623538614993,0.00018966967517746312,0.00019045281926352952,0.00787980340914253,0.0026756139295074197,0.026140742688713706,0.009920317347826217
608,609,34,1.7989653150147647e-07,2.279020147066816e-07,0.00022413696398657253,8.062339278593484e-05,0.00014667818429777124,0.0001866801091510386,0.006417723694432746,0.002242101306142151,0.019953571396934634,0.007307193082840015
609,610,34,1.2267316459378755e-07,1.0963112598667716e-07,0.0002371254377067089,9.296296611131318e-05,0.0001331792030695771,0.00011960127255885611,0.007772495504468679,0.003044534427395463,0.025015901883735377,0.009804560801624966
610,611,34,1.0525483539388058e-06,4.689833225848778e-06,0.00035328205644070883,0.0003797454868522779,0.0005431898830198299,0.0023295330485442684,0.008452868143863538,0.008399832374740585,0.024540571304147735,0.024438556016750296
611,612,34,6.159755366167354e-07,6.217296857111555e-07,0.00045716028441401086,0.00016049709142989732,0.00016913167511280763,0.00021840435985451455,0.007457043811240617,0.002192382002931969,0.02287434526335667,0.007465888157728822
612,613,34,9.559930110281765e-08,8.25584963571029e-08,0.00020244119621244916,8.52666331424199e-05,0.00011570208473987055,7.924142155969383e-05,0.007380030604134149,0.0023011010035154356,0.02367762572077267,0.008345443527680513
613,614,34,2.672050820084384e-07,4.930408729977369e-07,0.0002680963343129192,0.00012859260325027142,0.0001810625814120131,0.0002950233726968189,0.007342934279757387,0.003139913542581638,0.025869311162215823,0.01187023513683777
614,615,34,1.15384500673009e-07,1.4194528587959297e-07,0.00020150346266318057,6.42632555641081e-05,0.00013740599254507448,0.00016225902914716802,0.00708565249463872,0.0020215589660868842,0.024350404355894115,0.0064840211667419115
615,616,34,4.045147103556367e-08,2.436595381658135e-08,0.00014165012522853967,3.4099475473610754e-05,0.00010589293357471059,6.398984629587435e-05,0.007217307314824532,0.0018541017986548715,0.02495824425097774,0.006554189263348797
616,617,34,4.215906993549117e-06,5.020243998892859e-06,0.0013573129870244028,0.00036773440960352383,0.0004891154787722317,0.0019468867238292146,0.01010830608634826,0.008584120688859295,0.03547981195151806,0.029154926841610862
617,618,34,1.2872701273552673e-07,9.052860609802927e-08,0.00023035030907896513,5.793573429625073e-05,0.0001252254312609747,8.635215208158421e-05,0.007239056511453408,0.0017550072996824263,0.021428516956374925,0.005234718538721475
618,619,34,6.114702348641538e-07,5.47203943688761e-07,0.0004575718819122652,0.00017996729749828567,0.00018279060917420257,0.00016538522451202688,0.007910792948678136,0.0029263989165696485,0.026944691671387237,0.010279573886594357
619,620,34,4.710533627997272e-07,5.374754442506627e-07,0.0003377865398172563,0.00015833753192879627,0.00020223248991575981,0.00023981284452599344,0.007088351371588514,0.0029091025189245017,0.021211415885345024,0.00838294812804504
620,621,34,1.3702879880718363e-06,2.3891596764867028e-06,0.0006735407899695394,0.000240565428313052,0.00023856054212956224,0.0004889581289778663,0.008495612891719621,0.0033605813414530916,0.02452919404844151,0.008951955536850766
621,622,34,3.969588210557785e-07,2.5141563638049425e-07,0.0003741461388177841,0.00010108136884066214,0.00013181012860406875,9.583759400249178e-05,0.00678771043278496,0.001787875538418557,0.0182718689663007,0.005005229702319605
622,623,34,8.960251955827784e-07,3.904976194032765e-06,0.0003240583635702291,0.0003411542057533098,0.00045727165749721117,0.0016213714893157725,0.008386516464216745,0.006722636143245797,0.024755064041956383,0.019720632635038683
623,624,34,1.397665556362677e-07,1.618367173986942e-07,0.0002084570938570644,8.380468987580137e-05,0.0001279584377484485,0.00011705436381764662,0.006590370396973894,0.0021127466703884604,0.021291608922183514,0.006751842704308147
624,625,34,2.7717253412701584e-07,3.1240142572765413e-07,0.00032617554568466456,0.00011505641021500487,0.00016796274356987423,0.00018342424940863666,0.008085798609125264,0.002996772534993496,0.026370619889348745,0.00987264623835626
625,626,34,9.238515617352385e-07,4.117833213411637e-07,0.0006700641285586992,0.00014327368605505277,0.0001590900019971955,6.860446493843752e-05,0.008779465618050274,0.0018495680472261056,0.026468265692100805,0.0059403347240806
626,627,34,6.993685576282908e-07,4.977303481635914e-07,0.0005714150106274139,0.00015901469609665294,0.0001431969394616317,9.595766210974202e-05,0.008235769743538079,0.0017795145439209634,0.028713823898750192,0.006977331880086279
627,628,34,7.788556531221837e-07,3.972676743959843e-07,0.0005875085249392535,0.00013583245613022556,0.00014098693485293016,5.958028433828019e-05,0.007977717665626723,0.0015392320801932023,0.02732754364500151,0.005689657833053614
628,629,34,1.8715759911792836e-07,3.049002571706714e-07,0.0002447797339888947,9.252491951318078e-05,0.00014944525802253767,0.0002180878818760654,0.0071694953777991675,0.0022889938163685175,0.024356611566070246,0.007616473919819044
629,630,34,3.1145427465831103e-07,3.5937606365300903e-07,0.0003283038206384791,8.655185964000331e-05,0.00013695026973437052,0.00014889965018940324,0.006927714066799073,0.002048174099078719,0.02097583397784654,0.0068473410935237225
630,631,34,1.6084433361677784e-07,1.750973101376687e-07,0.0002556514741359826,9.187963403073992e-05,0.0001255109588836443,0.00010137163574607383,0.007336087456411298,0.0019998473316861685,0.02562559746644076,0.00748251390850449
631,632,34,2.4451733977189983e-06,9.669484300344e-07,0.0010928077065139351,0.00021426608318296706,0.00016740834004903103,8.210745214301611e-05,0.008879587793832315,0.0016411875457368623,0.0310006544322652,0.006179554079068849
632,633,34,4.0549902071434726e-07,2.071077485526202e-07,0.00043277610743911387,0.00010275170102433378,0.0001173744338516639,6.192934605356738e-05,0.007352813338751302,0.0017945996771262236,0.021821769365273854,0.006040173402899667
633,634,34,5.745830996354872e-07,2.6639420826772865e-07,0.0005075229573241599,0.0001155508669704267,0.00015470565363905146,6.718317969703828e-05,0.008356957833337434,0.0017271780282188468,0.03198777210405644,0.00719431991827016
634,635,34,8.941298826043214e-07,5.688371199272949e-07,0.0006085424016311984,0.00019877861337457237,0.00015680555728014202,7.378823959249192e-05,0.00823243141776937,0.001807797425271762,0.029476205818355083,0.0071534404082280395
635,636,34,3.1364363435838027e-07,5.013151098828571e-07,0.0003055841118432855,0.00019765788993678345,0.0003309033502720173,0.0007633214757681156,0.00934535197858863,0.007202624874763148,0.02899588762289461,0.018102786411376783
636,637,34,9.075314483699432e-07,6.910143688774342e-07,0.0005909239356269074,0.00017099680746870345,0.00022075074583185865,0.00019514607764546383,0.008976438972989427,0.002609679462530501,0.030104792841217098,0.009010541231682243
637,638,34,5.590630304318304e-07,6.25082304598155e-07,0.000415184665197397,0.00014329843544810166,0.00019838240009181283,0.00024271304768246267,0.0077609147547799,0.0026671319771232388,0.024901649476412463,0.009235329164390618
638,639,34,4.631916705352189e-07,5.026323789589073e-07,0.0003858099148868967,0.00016010704481424237,0.00020436276083594696,0.0003971805290181591,0.007421076900380499,0.003102694356383947,0.02411804148269927,0.010084534991235052
639,640,34,3.257194865197482e-07,3.3904983546639195e-07,0.00036253279069890543,0.00012000433489227346,0.00011699335161264411,0.00011160767172703918,0.00698558401371188,0.0020438599976627487,0.018994739991338813,0.006040945607853359
640,641,34,1.5835992411773667e-06,6.545739048965908e-07,0.0008885333304266062,0.000172220111483011,0.00018910046428037973,7.609447182517982e-05,0.00967179540106479,0.0015477934563441248,0.032093224992208624,0.00601206584445033
641,642,34,8.636856418915951e-05,0.0004630662095880635,0.0010159703094412928,0.004056761992376641,0.41540037968870286,2.234862800275067,0.06401495667010107,0.28253306961833125,0.2282378914053826,1.0066783242998953
642,643,34,2.528054006918226e-07,5.576731988491955e-07,0.00023236611313597465,0.0001187851548908714,0.0003992751931304263,0.0010356728609970162,0.008766631376655662,0.005046635179466369,0.032789218869498545,0.01778875261606583
643,644,34,4.348031287172623e-07,3.6616762283828257e-07,0.00041589430346742603,0.00014599572098032072,0.0001554573752989253,0.00012990030511881543,0.00805844398051062,0.0022601963699724324,0.02891471401295241,0.009610527112968874
644,645,34,5.591992901673513e-07,1.0955887775938122e-06,0.0003742243527941515,0.00023556775605424574,0.00020402519032145124,0.0004035075028598205,0.007083371754133087,0.004236690523077236,0.022980682250550565,0.013632108555415202
645,646,34,4.7742843404187307e-08,6.226506411527772e-08,0.0001429159582424772,3.6362196978496904e-05,0.00015369464852162362,0.00016160111046957838,0.008290370145593496,0.0019164161353179838,0.03046681819593205,0.007938075800854835
646,647,34,7.830343305524051e-07,1.8926663874438002e-06,0.0004387559452237945,0.0003395489884554801,0.0001965526981781723,0.0002990295425972835,0.008234115235288353,0.0036470693819254767,0.026527067482033196,0.010637340861012643
647,648,34,3.407531123149751e-07,2.098058706277312e-07,0.00038966610651079784,0.0001207220116486483,0.00020778089674422517,0.00022833472758333948,0.009400804814718226,0.0037978005852002884,0.034892874057678616,0.014912589255486662
648,649,34,6.460898869503954e-08,4.0858155484154187e-08,0.00018785967404255643,5.7666301292192204e-05,0.0001181133359162178,8.39203041580004e-05,0.007926937987041823,0.0026700036866015115,0.028682285536299732,0.008864151468333926
649,650,34,6.338731455018627e-07,1.084513357254588e-06,0.00043965457863283944,0.00025491086349854395,0.00018839857383521602,0.00023680322801574485,0.008387306581853944,0.0030505066564717105,0.027099135715295288,0.009073038579213507
650,651,34,1.7079673455936352e-07,2.662200000497448e-07,0.00019392072414013776,6.807711827770366e-05,0.00017795867616394602,0.000298386406673007,0.0061911711852778405,0.0025363022475667495,0.018608604037367246,0.008451480024592272
651,652,34,1.0320456583452355e-07,1.4029295942857237e-07,0.00020690698532716315,7.895295902588977e-05,9.51163586732411e-05,7.994970488369674e-05,0.006710503168184967,0.0016421973619166772,0.02065594560083221,0.005330262170071421
652,653,34,6.89062277772604e-07,1.6355980101114118e-06,0.000431874849335359,0.0003180002181242568,0.0003530265440691865,0.000975516040174355,0.009811035514918758,0.00815967402444143,0.03341725115280818,0.02958579460604538
653,654,34,2.1641157018049237e-07,2.8987455644372673e-07,0.00023200637031764286,7.97842137207469e-05,0.0001563146303370184,0.00020242817861412774,0.006301950163427083,0.002443943049245741,0.018971092752454913,0.008027900605906638
654,655,34,1.5127192822294479e-06,8.154140355254673e-06,0.00028930314489544425,0.00038682885029728894,0.0017546941038851988,0.009520299657032842,0.009304402108468553,0.013315839521009508,0.03282593839856632,0.04802551156575615
655,656,34,1.8601617349724072e-07,6.823807847016815e-07,0.00016112778693615624,0.0001306392442241385,0.0005309424968265161,0.0021823375251392853,0.007632708916550174,0.004063534257470237,0.02704686687930542,0.015888210585670155
656,657,34,5.062947761428284e-07,1.1632196320362843e-06,0.00032296913431149307,0.00024095547539081092,0.0003897448007003678,0.0009148761021145206,0.009080300025422783,0.006403852502827385,0.0305979883791331,0.0229660608985599
657,658,34,1.125835757169866e-07,7.78521700364371e-08,0.00021283963724272326,5.318197800589111e-05,0.000105245993087438,7.429449059155926e-05,0.006525158101473661,0.001749026685959454,0.0197765668580199,0.005822034507970719
658,659,34,3.031514604313155e-07,3.691191658222959e-07,0.0002826614209505565,0.00010239221613676325,0.00019714937982772586,0.00022696354893357248,0.00732406258911771,0.003311119691004154,0.021620294133968213,0.010677759981568441
659,660,34,5.460251919106106e-07,7.534682008882443e-07,0.0004301976381718893,0.00018627903470759408,0.0001642324780678952,0.00023468165488230893,0.0074044536415706665,0.0032700830416461453,0.025251822957002065,0.010858934651842254
660,661,34,2.7004619183949617e-07,2.898739305269268e-07,0.0003151492130521493,0.00010055805791772458,0.00013344223471529616,0.0001453759548747287,0.007083918433636427,0.0021243593821005306,0.021253666018738467,0.008100764308137777
661,662,34,2.0172084071097797e-07,2.139964691136666e-07,0.00029381850981735624,0.00015711493151704888,0.00013293181018525502,0.00010500997389624999,0.00810445605448502,0.0029059323612908965,0.027589204145924133,0.01102500939175114
662,663,34,6.882109982551383e-08,3.4106815092700596e-08,0.00019748893143568079,4.961740986922057e-05,8.959858956479686e-05,4.406932363969657e-05,0.007128532181548721,0.0017845307575683146,0.02527378313243389,0.006318832016697554
663,664,34,4.990776242471096e-07,8.134864819318615e-07,0.00041883873029077863,0.0001719680583349673,0.0001583994370080558,0.000193901783269952,0.008028007591800654,0.0024819313497189076,0.027165029471849695,0.009104182193463067
664,665,34,5.180840240475291e-07,6.425563156930868e-07,0.00041176994315773137,0.00018296473321163928,0.0002015888543717344,0.0003897574058935206,0.007916412460069884,0.003771394142886374,0.024268427178921068,0.014545616888868443
665,666,34,1.3125830323299765e-07,3.214443029516251e-07,0.0002075616038757075,0.00011929389725868156,0.00018951370892703861,0.0004940211071333516,0.007952893180224825,0.004485233473261556,0.02537078711697284,0.014137679809942596
666,667,34,1.6430331518853505e-07,1.777099154665101e-07,0.00024315079709220512,0.00015119049640891413,0.00010959181578501182,4.749704328877744e-05,0.007489546749959974,0.00166832334093264,0.027941154261284015,0.0073598595544427485
667,668,34,1.3087890248688354e-07,2.3219990528071688e-07,0.00018155368589385247,0.00011861954971172723,0.00019105014315059902,0.0004053492726538224,0.006849242155166233,0.0024984412990735794,0.02316892530549975,0.008626343181939819
668,669,34,2.0381365452864736e-07,1.537761018945946e-07,0.00032681474284104565,0.0001303661681159414,0.00011008326435009675,5.851453178794809e-05,0.007932521485011368,0.0020874142911767755,0.028012241784702328,0.008053737977918826
669,670,34,7.253832486309829e-08,1.4364820828538658e-07,0.00013729413587819128,5.59581875845066e-05,0.00014930541219120429,0.0002354322061472348,0.0068117889493484705,0.0023111021589421357,0.02166732181521023,0.008372993092618193
670,671,34,9.116379507499146e-08,1.1094755738439762e-07,0.00018729221633025992,7.409653069643694e-05,0.00015139759039704907,0.00016794939993029082,0.007891736924648285,0.002805809469649801,0.028256121584597754,0.010497937615757303
671,672,34,2.685006626969218e-07,1.6222725167770142e-07,0.00035592420617296523,0.00010704117149619257,0.0001344371532789356,8.703477469284725e-05,0.007867072845863946,0.001967053563844558,0.028199959327192867,0.008575103439471255
672,673,34,6.584542789181904e-07,3.443233731248334e-07,0.000535096025594291,0.0001368694185194928,0.00014158883908855976,6.349570524344451e-05,0.007887427571832258,0.0017809565572006636,0.0262992196058964,0.006319128299261751
673,674,34,4.2870327982982685e-07,2.519020779215355e-07,0.00041285121465882505,0.00010121743248464207,0.00011451085115635685,6.848702361843934e-05,0.006742240943233757,0.001642966136397063,0.019221351481974125,0.004790849706840506
674,675,34,1.0796088133284176e-07,1.467295073229074e-07,0.00020386875043828587,7.50465586446334e-05,0.00013514298017766764,0.0001539943067270253,0.0075290249249733545,0.0020625456876481496,0.02769151409430539,0.007942513394891645
675,676,34,6.12446436049401e-08,5.372954488317883e-08,0.00017449505492764087,5.880337761401736e-05,0.00014259000572030132,0.00011219479044498073,0.008459747864809982,0.0025301914639544697,0.032990893513402515,0.009564528339376883
676,677,34,6.445308449046064e-08,3.9770142689317415e-08,0.00017542159077814124,4.729689719748023e-05,0.00012457143619779826,7.937708440506274e-05,0.007698249838808004,0.002311374122663717,0.02720413515892099,0.00898634762202305
677,678,34,1.9566967497255787e-07,3.220193928949776e-07,0.00024254417397006524,7.925246407306147e-05,0.00019947855702519198,0.0003380139891462368,0.00751655363916036,0.002842676290035974,0.025204586851246217,0.009327773103275434
678,679,34,4.367489042318298e-08,2.1748596785803852e-08,0.00014654528507997063,3.0821699594741427e-05,0.00011318697536754531,6.155075242308108e-05,0.007419021142756238,0.0016762417452836197,0.027641435756402856,0.006704916630574181
679,680,34,5.205377661981709e-07,4.366770775055358e-07,0.00043472899372264855,0.0001437774573389009,0.0001348397594590685,0.00012250466207606268,0.006995688630815814,0.0020882538361367935,0.018215376911137032,0.005179751021122426
680,681,34,4.91307085995044e-07,3.0314158734225556e-07,0.0004734650762710611,0.00011872631735176471,0.00012936351135174525,8.320306941864666e-05,0.007645507480072624,0.002020034354787364,0.022213349173612455,0.005686506423433599
681,682,34,2.550653287535036e-07,2.8722403461722965e-07,0.00031121996845981544,9.605829839416858e-05,0.00014133583135844674,0.0001678946652599539,0.0072368404704748705,0.002431647394521561,0.021067610777476254,0.007257005747066096
682,683,34,1.596238969500184e-07,4.7534758348996033e-07,0.00017260553303297937,7.456436242470627e-05,0.00026406693632452516,0.0006504980983091019,0.0077143199330962755,0.002981300305396621,0.024399707559496164,0.009280113834503383
683,684,34,5.211619189537942e-07,7.672233505127273e-07,0.0003880994563052595,0.00020023316061399535,0.0005863153154517503,0.00221321480199954,0.00893346021664055,0.010682738578873509,0.0298894697745495,0.038097120610947166
684,685,34,3.7814447646369713e-07,1.5811520028940124e-07,0.0004161927508368321,9.932882482601426e-05,0.0001618009630285943,6.321342269903443e-05,0.00857953358825077,0.0017490651649967634,0.028950694838867468,0.006342060872509655
685,686,34,3.0525022227537006e-07,2.3651704766687855e-07,0.00033851908108986477,0.00010700121713757714,0.00012445265019778162,9.253696934299163e-05,0.006926370277891264,0.0018227102757455472,0.023192893631537172,0.0063937738926980224
686,687,34,3.249184364699264e-07,3.2305458695237127e-07,0.000332639402425711,0.00017392981741535228,0.0001407269029347363,0.00014609202129033325,0.007460048237322446,0.0029091944436845847,0.02541102915454437,0.010588727452471924
687,688,34,1.3343035829691149e-05,7.395252757176787e-05,0.0006177214681348927,0.0011747886266731003,0.004989194734903054,0.028048376284121695,0.010346851024009725,0.023036435376443454,0.029347823494497466,0.06706223486633066
688,689,34,1.8008815850332467e-07,1.744293465863181e-07,0.0002569509554579032,9.56148952668048e-05,0.00015973045885723825,0.00017767725726645903,0.00747738716274719,0.003309323598254784,0.023625096443163997,0.010865798886397333
689,690,34,6.947392799612076e-07,1.065223194396335e-06,0.0004932196679874323,0.000287128154970077,0.0002100995188811794,0.00035476000015519094,0.008424646892201374,0.005230797041661246,0.028679030646076974,0.015859073682924246
690,691,34,1.8340153928875225e-07,1.7226259704866372e-07,0.00025813443447559085,7.867348005318902e-05,0.00012921555962213248,0.00012329809456711752,0.006779996479642303,0.002224757285907333,0.0214095007189933,0.007344149952505061
691,692,34,2.214358649385083e-08,1.2444538827584293e-08,0.00011510902657070855,3.422338289947671e-05,9.1226503440446e-05,4.743999977565046e-05,0.007421256714117001,0.002048580479389942,0.02745400632128996,0.00797183023655951
692,693,34,1.1627540398752872e-06,1.233621993053955e-06,0.0006838051528628806,0.00030344807303997955,0.00019738352324673221,0.00020077116863149712,0.009050447288352777,0.0029240955064096983,0.03667468544753159,0.01308349777098279
693,694,34,2.3346697135028696e-07,7.8117477144678e-07,0.00019190434378448546,0.00010705025719259163,0.0004266330194749411,0.0014724190993377136,0.008163289947654395,0.004576803739883277,0.027172874905826414,0.01567986699875833
694,695,34,8.038545855104008e-07,2.4647035390734514e-06,0.00041059719403753714,0.0002278060548346037,0.00034604275108850906,0.0011560886213662356,0.008268037331564462,0.0043838160358955595,0.029297138756031498,0.016542343179995072
695,696,34,2.84064629439777e-07,5.503996713436125e-07,0.0002852984255107859,0.0002230753976233837,0.00020914059603134827,0.000305163408013184,0.008664633339161383,0.005093141679708285,0.029232477714471957,0.01679134649422748
696,697,34,3.372784192065711e-07,8.866723245394806e-07,0.0002543553705703851,0.0001120481953584672,0.00025318886240283437,0.0006191719563311719,0.007605124723768848,0.002695895858330415,0.025529697181328255,0.00831112049404304
697,698,34,2.4212076558051326e-07,1.7247237277922426e-07,0.00030703884112881497,8.788968075977217e-05,0.0001675535508291111,0.00011873433802635169,0.008103010943159461,0.0019066065273427055,0.027606732978978577,0.006504233310827323
698,699,34,1.1667928808754916e-07,1.0138647533451567e-07,0.00021930871405536034,8.076919327698557e-05,0.00013447720544611323,9.790021225797878e-05,0.007828990709693992,0.0021641472561559185,0.027962800772751078,0.0073857912519135665
699,700,34,1.3154114352013666e-07,4.635411269533751e-07,0.00018289596011848464,0.00017095247627861611,0.00013727802936901913,0.00018688859920304272,0.007742767886477797,0.00332042426182749,0.02720403569914839,0.011462886832356663
700,701,34,3.905266563673221e-06,2.5219933889464377e-06,0.0013756793324479506,0.00029478746995049076,0.00020437603448312183,0.00013998133583721482,0.009913189309265684,0.0019569631042917635,0.03607051978435587,0.008290259734499726
701,702,34,3.35616567217217e-08,3.354318001642559e-08,0.00011399064629479065,3.544155821414773e-05,0.00012096739786048762,0.00012723960792534886,0.00677564658005448,0.0023672174145951412,0.02208186313509941,0.00812435106665649
702,703,34,1.6274802509574263e-07,1.6800144265014963e-07,0.0002493729197714642,8.616482387921414e-05,0.00012674499558831004,0.00010178010960392158,0.007097550065201872,0.0021582077601167734,0.023226773503291255,0.006938019494144086
703,704,34,2.225835906699558e-07,1.5279231288270347e-07,0.0002913594730403822,9.273638065962156e-05,0.00015571306421941912,0.00010335138493442424,0.007796699852299164,0.0018671789837162401,0.026411791359457898,0.0061634055699037954
704,705,34,2.7254774959782053e-07,1.980233959726982e-07,0.0003452579656047473,9.427216611389123e-05,0.0001249681174479466,8.736432368226824e-05,0.007413399570128497,0.001810039717947974,0.023277962909025306,0.005703542519484714
705,706,34,1.4268877990275541e-07,2.6990237261580463e-07,0.00020288777608691496,7.393984261023548e-05,0.0001515382839844439,0.00026081144389835135,0.006675553158856928,0.0024678899181792805,0.02211883825743023,0.008427519038017871
706,707,34,4.724807352160684e-07,3.884745531985742e-07,0.0004191765286069473,0.00015263577107663817,0.00012515818937518976,8.539044721371928e-05,0.0070254353820072375,0.0019339745880078616,0.025339296909377855,0.007400603987385828
707,708,34,2.730190086034955e-07,3.1339686481019177e-07,0.000325314915030236,0.00013496851227439718,0.0002068652816246065,0.00026475483249207383,0.008811943548019318,0.003931730618825916,0.02905175684239058,0.013665828719434722
708,709,34,2.582364410674178e-07,2.1646161785631133e-07,0.00030914897926028487,0.00012259687483927748,0.0001548342963146484,0.00011507335770377577,0.007737052572124144,0.0020150241246962423,0.026398983674452585,0.006514726660196977
709,710,34,3.071273281186811e-07,1.9050614201419618e-07,0.00035881628248128384,9.420477786976863e-05,0.0001144459801092607,7.901161458434676e-05,0.006844928132041413,0.0018095060307009453,0.021313199937781867,0.006341111889347414
710,711,34,1.1490907327621154e-07,1.9615966475585179e-07,0.00017906829880838117,0.00011054851862756171,0.0001904960394687591,0.00030517205108303313,0.0076926418867729164,0.0034841073592784375,0.031017912113491225,0.014096386977337918
711,712,34,2.859253136477946e-07,2.5468927953915907e-07,0.00030747781163560883,9.989825734924783e-05,0.00013611847723094637,0.00012099340730171608,0.006741892190321404,0.0021536721737778724,0.02172399912139072,0.007267597696858692
712,713,34,2.344924927652644e-05,0.0001344681234136229,0.0005121083599720698,0.002185601510216708,0.01572576410473951,0.08966957806983104,0.016690947759129545,0.05586158519237981,0.06301746399634901,0.26111679848708924
713,714,34,4.1079559910591166e-08,7.39413880587081e-08,0.00013340860866318347,6.243331413781835e-05,0.00011557155438127024,0.00012390160010323852,0.007799762273755144,0.0023758029780255666,0.03275523978449842,0.011028952984778708
714,715,34,6.129049257661817e-07,1.199384321297755e-06,0.0004199515571920475,0.00020833166301656794,0.00021303182995111188,0.00030543115419553443,0.008184048306087361,0.00312678097701742,0.02932782575268956,0.012219297232546772
715,716,34,5.4808951782343445e-08,3.318228096876182e-08,0.0001667096719970954,4.0770483737873215e-05,0.0001228194745742846,7.327585710373393e-05,0.007892867906347793,0.001998299618884952,0.02735913503805504,0.007919383156520722
716,717,34,2.994536636174667e-07,8.622535505578184e-07,0.00022838025324745104,0.00017938576306243315,0.0004773771321090274,0.00175900903848871,0.00805141035850872,0.007300637626074612,0.025383627946105075,0.023418171359142034
717,718,34,1.244729181634926e-06,1.6522317374137164e-06,0.0007571915510411867,0.0002663272002395939,0.00013383503156707294,9.45526459021877e-05,0.008300500949296881,0.0018720612683655908,0.028240425621761996,0.006801214485995899
718,719,34,1.4559494446665574e-07,4.2584144055711315e-07,0.00021480964471051907,6.844175541486928e-05,0.00020733856795499486,0.0005713785438418677,0.008289116873022388,0.002625806452607857,0.03094491987105678,0.009993635869586551
719,720,34,4.988454947928237e-05,0.0002864589612726066,0.0006460289672866245,0.0031429747064233176,0.08409026564352055,0.4824033250991536,0.030414738795062637,0.12831103580326883,0.15164462912499027,0.7171024411840726
720,721,34,1.2865737400936857e-07,4.5806812885256706e-08,0.000284500079407521,4.4843914613054825e-05,0.00010483842368771816,3.987124348917588e-05,0.00810723505256807,0.0013665305414267788,0.03225650446599021,0.005593481042868986
721,722,34,3.587137856302511e-06,1.0809458241165183e-05,0.0003759402028235319,0.0004995263305057105,0.0032532339956720963,0.011581776280176993,0.011688818066271351,0.013709262287542316,0.04079499742125764,0.04871738428071877
722,723,34,2.3752920076587882e-07,1.1536492120008914e-06,0.00015212267499009613,0.00013953118232641905,0.0006809732638109434,0.003132599597828784,0.009057585643056561,0.0072322003901519934,0.03130137742332676,0.027426308389503988
723,724,34,2.540761789195672e-07,7.898966795536569e-07,0.0002039292399679064,0.0002200800496853528,0.00029792510362954894,0.0009838326277182559,0.009059459286029725,0.004562410046926235,0.03199225549093064,0.01909526955613751
724,725,34,1.554908244122084e-07,5.629080178016054e-07,0.00014458326361765263,0.00013697631841214962,0.00043169017788065555,0.0013478439028284735,0.008648759014356662,0.0070137203940962576,0.030810335431905353,0.02497068782664314
725,726,34,7.685774889070316e-07,1.874276219716711e-06,0.00022571537695458734,0.0002576674319393824,0.0015923262882792829,0.004127695819729698,0.011060549713232937,0.010582836405591236,0.03905771921991425,0.03783143473097555
726,727,34,1.9797877370177646e-07,6.165573868692589e-07,0.0001531752411264118,0.00010464433650148504,0.0005609783791656167,0.0022800827229422296,0.0064210013609708235,0.005351824967167189,0.019597505767117527,0.015304473527752592
727,728,34,7.688816269498864e-06,4.062125031347608e-05,0.00038864787347847596,0.0008061172612985626,0.011692133577739964,0.05941130059528932,0.01462394101819133,0.0307806158638914,0.041824410833856636,0.0806355598999292
728,729,34,3.8233248682050703e-07,2.2309413954279446e-07,0.0004150940041975392,0.00011865059773339715,0.00010860302935564986,6.377927174391073e-05,0.007003113278187811,0.002083335098309921,0.020108977086184657,0.006344560656464812
729,730,34,4.576910599538183e-08,3.312151945510219e-08,0.00014460122645901078,4.3847414224866114e-05,0.00014277757455762613,9.375349680384814e-05,0.008262776660130304,0.002026034964325343,0.029095374759944045,0.0072248743537046585
730,731,34,8.865084749947314e-08,5.3289887733967446e-08,0.00021448190133977572,5.5771145301835016e-05,0.00010836120471889016,6.786908917095672e-05,0.0074776302995708055,0.0020961685330419914,0.02464994459467776,0.007121449904529978
731,732,34,4.636267246717259e-07,2.800410082438498e-07,0.00045065632858656016,0.00010619212610861632,0.00013156054410501383,7.738154056891612e-05,0.007610489340389476,0.0016968318510099422,0.025186675819842255,0.005377574421032798
732,733,34,4.863325924981823e-08,2.456159167536327e-08,0.00016933020057930502,4.2139718887805944e-05,9.637223721416805e-05,4.2586738150019314e-05,0.007578999529976179,0.0016972181126138402,0.027816471424611175,0.006403518106897348
733,734,34,4.270580598173143e-07,5.208404732930983e-07,0.0003645041912985856,0.00016206628824816548,0.0001251821833434138,0.00012128450256013881,0.006598181077553069,0.0022486035254008835,0.02180280752808732,0.007811608031589222
734,735,34,2.413796625323026e-08,2.3919676111136633e-08,0.00010544470815683085,4.052497167623939e-05,0.00015490756413782947,0.00014650126085806009,0.008456806761815268,0.003155836488330331,0.030470185584443456,0.011628353769445689
735,736,34,9.64921068093068e-06,5.379261258770329e-05,0.00037201502452851,0.0007395818510065119,0.020110838141965147,0.1140300773043635,0.013142272521851255,0.03451289537528267,0.043697363614816874,0.12446139551426005
736,737,34,1.1186785269104274e-06,3.0143650363342186e-06,0.0005014030445154811,0.00042675687547572786,0.0003118056580099031,0.0010471304049201775,0.00847515048842658,0.006424941407632852,0.03367512719705701,0.02421620414984059
737,738,34,1.1765824340958421e-07,8.039653694262465e-08,0.00022923676742186004,5.9725912208540626e-05,0.000103791913288125,6.282669086184486e-05,0.006954916944617734,0.001610969530386075,0.020884175894453245,0.005131308643947513
738,739,34,2.3210495460253524e-07,3.001565524250217e-07,0.00026555238154662004,0.00014725129905541662,0.00020516067760421291,0.00028136966229275537,0.00816726970815045,0.0046805631494331364,0.027512799866278383,0.0160669927605199
739,740,34,1.68261866244112e-07,1.285548348983664e-07,0.0002726868419010904,7.632557238955039e-05,0.00011025767258508815,7.224127220315147e-05,0.007153732003644109,0.001633522198167035,0.025430070455459988,0.005903030701262186
740,741,34,7.780959663511771e-07,3.2324725792514232e-06,0.0002171562527484425,0.0002304291686480419,0.0024284547079172197,0.01202205484336977,0.010066860129454118,0.012988646879702593,0.03736919750842978,0.04884652222544071
741,742,34,1.6898608068416365e-07,2.3455087762456395e-07,0.00022929964560556554,0.00012688767096395975,0.00017743946083261536,0.00039364011617555253,0.007090495707576766,0.002510908490204439,0.02276265267830561,0.008103106360618027
742,744,34,2.8324709699280875e-07,7.127969847311526e-07,0.0002768945448812755,0.00017081534003276588,0.00023343967276399352,0.0006414060156693206,0.007667306481915361,0.004783162599337079,0.02866027580902857,0.018112476164399476
743,745,34,2.427088104351536e-07,3.1510371031170206e-07,0.0002693684984799748,0.00013522343223930394,0.00012124744419933824,0.00011674879106415511,0.006187266464728643,0.0023826680502790657,0.019025740241084027,0.007795369876258318
744,746,34,3.4430473071304677e-07,4.568773839525487e-07,0.0003069156189346412,0.00015107057431594696,0.0002087067299298189,0.00029596165684556293,0.00746419357464594,0.002934233333294819,0.02429778493173859,0.009212833180982071
745,747,34,1.5106251694769627e-06,6.6401473174672824e-06,0.0004193853190586464,0.00040075334948410496,0.0016757944538446335,0.008902605176199086,0.00935754579875399,0.013987148127709122,0.03741261393160505,0.04998695212274307
746,748,34,3.128770021287863e-05,0.00017827585104055564,0.0004598739685795462,0.0015132864281680882,0.1183170573625937,0.6768492098184826,0.02449392186313429,0.09367615190752092,0.08585406544015688,0.3289237173965705
747,749,34,2.856718482161448e-07,2.1386028237460874e-07,0.00034141517372678634,0.00011089891990371228,0.00011855128206447903,8.156844778027383e-05,0.007154843181042987,0.0018256838622425938,0.02331137243548737,0.005832156059147981
748,750,34,1.4470631483925695e-08,6.409788392869173e-09,8.923155045896933e-05,2.1874416171046193e-05,0.00012018886675779119,5.450404225108385e-05,0.00809724152992096,0.0019593049187643526,0.0265635968569447,0.006441206472539071
749,751,34,1.4281747457858654e-08,4.408661332209765e-09,8.758838660415837e-05,1.4126337984384214e-05,0.00012550952798097998,4.0718798739174714e-05,0.008209677262450843,0.001365300904631011,0.02911683829391704,0.005210856726836719
750,752,34,1.6757498891785323e-08,4.6814649876023965e-09,9.595846837756279e-05,1.21407515347223e-05,0.00012678253894110266,3.913436484267993e-05,0.00833393812782186,0.001172038333231002,0.028802764656789163,0.004582786738042983
751,753,34,1.3912055755770827e-08,6.102890881951617e-09,8.993493290344144e-05,2.096517261700162e-05,0.00012222301869341582,5.540336148439872e-05,0.00841120707199854,0.0019939393630798333,0.028547542443608537,0.006158836182855328
752,754,34,2.4223039156200843e-07,1.4728262583373593e-07,0.00032791771467172485,8.79866314145911e-05,0.0001598458266016678,8.517015921546691e-05,0.008530949728618212,0.0018136486285474974,0.03139690559028702,0.0065864481083332165
753,755,34,8.460915860741171e-08,1.1081641990861166e-07,0.00018779419256401633,8.58043253445776e-05,0.00010907524216129198,0.0001480350434514591,0.006911704604349592,0.0033983351803734646,0.024576191845185617,0.015203308161462962
754,756,34,1.762249538974375e-07,1.3321581995161354e-07,0.0002769337340449805,9.073486626130389e-05,0.00014194489770435372,0.00018040228809881474,0.007694586604724035,0.003368028504413476,0.027653231860741097,0.016689076294084254
755,757,34,2.628858485146967e-07,2.1426611598289215e-07,0.000331843135320335,0.00010044762297693921,0.00010828454774395247,0.00010683137620928847,0.006685170488815536,0.002165627394168955,0.021096019950859687,0.007295647123329605
756,758,34,6.182796175166646e-07,3.8945870073973456e-07,0.0005036395733066671,0.00013118965257543274,0.00014435966530821614,8.554254363591245e-05,0.0077361654051963024,0.0018085181571496562,0.028194568393861547,0.007304646355891829
757,759,34,1.7469144415994217e-07,1.7501923727283056e-07,0.00026824578483630084,8.060591257700632e-05,0.00015159749883049002,0.00015253365344657425,0.007883351624888532,0.002499423358520809,0.028818059931783116,0.009624656181385836
758,760,34,2.9967233985798085e-07,1.749004598637691e-07,0.000369483013106647,0.00011471636386381895,0.0001497637222200865,9.85016088453063e-05,0.008263088187531513,0.0024316535317767405,0.030953684273888084,0.009397693395738706
759,761,34,6.855904317540841e-06,3.8942179257170245e-05,0.0003046354095739148,0.0008710237440098861,0.009151903464846648,0.05191052814371884,0.01181520803776734,0.031677518994279334,0.03528583931791432,0.09082441135103178
760,762,34,2.0794994615158657e-07,4.6649196489341157e-07,0.00021759306122583118,0.00013028198474924923,0.00023599837978134232,0.0005357643372795749,0.007198209682589068,0.004537948594702464,0.02165529819424538,0.014992384359693306
761,763,34,3.88058730561123e-07,2.9115990824783893e-07,0.0004098397638539181,0.00014804789038738435,0.00013902104140416828,0.00014783955952496833,0.007672936587101396,0.0019579376628983815,0.026148906854145667,0.007346956528766931
762,764,34,8.8465851742198e-08,4.8404031829613206e-08,0.0002013431527730598,5.2143337840708505e-05,0.00013268848279574953,7.194735548368702e-05,0.007756760631523588,0.0016585535537351538,0.02771627883810331,0.006156650195402254
763,765,34,1.518353235036998e-07,5.869618228320779e-07,0.000163097647814806,5.625241766433153e-05,0.0004587792349518756,0.0019116515769916614,0.008293533642940661,0.003284925874948693,0.02997724147623076,0.012241907799825681
764,766,34,4.593132798024659e-07,1.1422267273276212e-06,0.0003104596912367817,0.000172223850207258,0.00029614142412730655,0.0007889719953786756,0.007466319756691947,0.0032676419011667575,0.02397592510918484,0.011317212272743413
765,767,34,2.001928090489922e-07,2.017373877960162e-07,0.0002845380008426111,0.00010530168568242539,0.00014187997160607825,0.00016244499174676387,0.007465897169073715,0.0029625456263035915,0.02496590035255341,0.010817418962708575
766,768,34,1.3628714232455048e-06,7.552813359343952e-07,0.0007970989407861934,0.00018292337405772963,0.00015825329608239424,9.47255597324785e-05,0.008513123769422664,0.0018510869146668653,0.029794876025441813,0.0071197693309279645
767,769,34,5.229796146471031e-07,6.67353166463228e-07,0.00039436901887015933,0.00019051537696425906,0.00014720430344288403,0.0001970861480215802,0.006659921827068662,0.0029778850100466037,0.021402150556883392,0.0094711377716949
768,770,34,4.466456009227466e-07,4.865728836112563e-07,0.00038245320191730145,0.000158369255742176,0.00013796705094564995,0.000156898139141764,0.00680143032770823,0.002461601615375609,0.021672048414235607,0.00818796453917291
769,771,34,2.557036869302799e-07,3.9170077466608823e-07,0.00025415552334058755,0.0001326552435956864,0.00014033431205675965,0.00021468346815815178,0.006222868475186474,0.002558179724582458,0.020053667345029468,0.008532238545481376
770,772,34,4.3327961918957753e-07,6.379688510090323e-07,0.00033042564096189486,0.00014960464896037102,0.0002129972577035112,0.0004063324669948294,0.007077526444952716,0.0036484484819780077,0.020763130228528204,0.010998145378741686
771,773,34,6.64143253856383e-07,1.531594827733725e-06,0.00039248575322905224,0.000257159486185255,0.0001956106811763568,0.0003615500311882997,0.007103456061004716,0.0033202919691554516,0.020257056718144345,0.009740912978512033
772,774,34,4.957407581172939e-07,8.705416611405766e-07,0.00037905979458146785,0.00015935355975937277,0.0004468058569353375,0.0018030141449509331,0.008039744283237001,0.004345647837814511,0.029204646399354234,0.015431833150712867
773,775,34,1.7362683254539072e-07,1.9245624430102e-07,0.00026664508229313306,0.00012275455683998383,0.00011509141896728098,8.345576809906827e-05,0.007551179048331345,0.0022356548578819327,0.02467576050035217,0.006868037686832761
774,776,34,2.17753397222128e-07,2.9913703985614477e-07,0.00026996744204285173,0.00010987079744252102,0.00016753727520742412,0.0002251429563923533,0.007651256096056279,0.0026631521196053866,0.027359643814099187,0.009828356342816093
775,777,34,9.633503176352612e-07,4.3352690863515285e-06,0.00029035726444871053,0.00024211293198250948,0.0010879240111107186,0.0045718554091967395,0.009306020151330707,0.009640785347373846,0.03106606732506086,0.03350544491368947
776,778,34,9.070094474176759e-08,9.00879048357673e-08,0.000201078626774046,6.153930599234409e-05,0.0001123215676724452,0.00010640678707211133,0.00708795735365985,0.0021285673548527774,0.0228032974033233,0.006686282721279497
777,779,34,1.9155593310253325e-07,1.373531728341315e-07,0.0002549989358693197,6.834954866124592e-05,0.00011020578537735513,7.888492595048062e-05,0.0062196874881491945,0.0014509809638172352,0.016273059635697043,0.004057507087910701
778,780,34,3.2307838391515733e-07,5.476196215074673e-07,0.00026296396369135063,9.631389373156481e-05,0.0002871782755177906,0.0005409876211010365,0.007702017422108089,0.0031209651964402355,0.024728617411764228,0.010135212959450064
779,781,34,1.57656658812922e-07,1.471682162226687e-07,0.0002533526134999085,7.957185966312049e-05,0.00011993281064218642,0.00010435175320472943,0.007076016853234786,0.0023876469334077,0.022333078771172202,0.008029330348245645
780,782,34,1.7584333121626914e-07,1.649258102413295e-07,0.0002765112213263124,9.306606678155005e-05,0.0001307194573682329,0.00012854733239390172,0.007486714913016733,0.0027385814325614293,0.024866846663986936,0.00943409929636971
781,783,34,4.842507657087936e-07,4.2961559290914805e-07,0.0004066320595002788,0.00012966838897828943,0.00014833707556296277,0.00014050684688694597,0.007103841724422048,0.002055200910827828,0.018976392114863676,0.005797162273322982
782,784,34,1.278843576394994e-07,7.746420124747683e-08,0.00024288399093647431,6.313908682183944e-05,9.069774911468438e-05,6.143152907088536e-05,0.00638525708414176,0.001840424009857126,0.019728707670069793,0.005596797810008514
783,785,34,8.108407236933853e-06,4.455071876920778e-05,0.0005347156368182315,0.0009259602521826362,0.004947309112995914,0.027752282369371575,0.010884254479178172,0.023387713301593508,0.031019544694572687,0.0704719335188333
784,786,34,4.730472133223215e-07,5.485245872903947e-07,0.00037511032903293036,0.00015101085717524252,0.00016098651014865884,0.00020680181278212454,0.006848437108976,0.0026391217348364607,0.0194006714531604,0.007959004391540346
785,787,34,6.303155087023276e-07,1.546650427223449e-06,0.00032741790624534,0.00023792573586457283,0.0006793579134276061,0.0018519334857848445,0.009948176975526354,0.00783048279285389,0.03348395820049679,0.024142518971330598
786,788,34,1.4050975483779466e-07,1.1923648065283113e-07,0.00025758265495396163,0.00010189520058064844,0.00014158689694287365,0.00010507648411440347,0.008206692811868647,0.0027865458487378396,0.030306562644374722,0.010282607731607966
787,789,34,3.4324804603864536e-07,4.348928600276942e-07,0.0003685889969347045,0.0001910041301055424,0.0001831793393006699,0.00019402002466917365,0.008474529693450998,0.003819201959292685,0.03184801687979523,0.014332991051192054
788,790,34,1.8617187276771071e-07,4.710307864773154e-07,0.0001589933316983447,0.00010630635989873174,0.001281287588961491,0.004014501746266641,0.010187802151502931,0.007361523855220364,0.03529512065955821,0.029524212036993003
789,791,34,1.5229545306952145e-06,8.937049167052932e-07,0.0008137768086539034,0.0001884788465885681,0.0001649102346966495,0.00010149052641088976,0.00841641494566027,0.0018651641243604725,0.02966979847234838,0.007275004489398219
790,792,34,1.4135183219988287e-07,1.1153666000453505e-07,0.0002531071620657766,7.830905104887861e-05,0.00011775601979024941,9.81329614229998e-05,0.007275547037887222,0.002426359778754655,0.023483931278700337,0.00828552914938986
791,793,34,6.598818744240521e-07,9.322575470585603e-07,0.00041312933385865213,0.00020923998328069377,0.00022844583193492487,0.00044709250480453764,0.007338270339566995,0.00344251489472168,0.025336464072632438,0.011784730382994735
792,794,34,2.159643209363166e-07,1.6783222648768347e-07,0.00031447228213758483,0.00011810673590471086,0.00011828683283751802,8.406329968368402e-05,0.007491656537989483,0.002471502219588007,0.023918428047395805,0.008242191175032623
793,795,34,4.4396614798609545e-06,2.4169002712925315e-05,0.00035608592010890683,0.0006908211090690199,0.014679828324005939,0.08336916739843941,0.01402595139327733,0.04095824314652442,0.04171186764998471,0.11565939110420191
794,796,34,7.39880548618915e-07,1.8142166430865306e-06,0.0003284451973098947,0.0002353511040595308,0.00039051400268791067,0.0008606124766316399,0.007827312849900302,0.005108265990660218,0.025444495519075322,0.01790253033175714
795,797,34,7.935229731865647e-07,6.384410384606185e-07,0.0005391120257092338,0.00019760303974099107,0.00019979442400012084,0.00016431397586524888,0.008610600290600868,0.0024294783610310632,0.028479630867128864,0.009253282487630065
796,798,34,1.5652974224501712e-06,3.966558999617902e-06,0.0007677478861296549,0.0006386231044556371,0.00022896269044448512,0.0004702076725792639,0.009687375551199211,0.006823299831704879,0.02814300002201515,0.018972209605927267
797,799,34,1.3435518203868255e-07,7.41517944054189e-08,0.00025617598636445645,5.7888193532093094e-05,0.00013314103039995055,7.92068058712903e-05,0.00801758814657874,0.001903151378189245,0.027231735177338123,0.006766361941097168
798,800,34,2.0316207776224943e-06,1.1320531208572242e-05,0.00023766063018496533,0.00039159526511628126,0.005864362119235225,0.03311843138933552,0.010681688545874375,0.02141394769504008,0.039181731203023124,0.0794509226760484
799,801,34,1.262155790601248e-06,6.54928360884834e-07,0.0007614410124541096,0.0001535268792551601,0.0001546526997545323,9.293913837166943e-05,0.008323058294241919,0.0016827923244503418,0.027583897990338942,0.006486467132225183
800,802,34,6.27006054919414e-08,6.403411460276336e-08,0.00015004145354717313,4.509855994577905e-05,0.00011844878824430292,0.00010832234688281702,0.0066176807535264425,0.0020774594685199262,0.020768046707791442,0.007142245074506887
801,803,34,5.569035667128767e-07,7.39138279609634e-07,0.0004405625398195458,0.00023287418937178265,0.0001528533808488967,0.00020579425399719372,0.007352429647546481,0.0035857809441909084,0.020848444224718737,0.014008489242164327
802,804,34,5.811350380260111e-07,2.406340798244187e-07,0.0005243511892759296,0.00011325537471198644,0.000124932258425842,6.39188599741895e-05,0.007587975123897195,0.001872898955728661,0.02057714932872092,0.005868720332118068
803,805,34,1.0168277801458249e-07,5.8604347337745336e-08,0.00023610889697652857,6.705778749619066e-05,0.00010204440653015969,5.80527548552856e-05,0.00748688423567835,0.002107241975786741,0.02541424219003495,0.00730513944515868
804,806,34,1.179330466840992e-05,6.684545673594949e-05,0.0003899087870890713,0.0005546786108823244,0.007891938671545015,0.04472085156499333,0.010077977635185508,0.014369267169028622,0.03734296910903033,0.054348187756567905
805,807,34,2.226040699326859e-06,6.884102379733055e-06,0.0004604658598135061,0.0004990299724418122,0.001022424149007694,0.00304534946526076,0.009874059181824765,0.009865668642564458,0.036351345178178125,0.035616622793353994
806,808,34,5.075859333370612e-07,3.387584977661483e-07,0.00047106621615753015,0.00012314741551751663,0.00013684971792613128,8.567589100072541e-05,0.007771224988734021,0.0018976526284931834,0.025337452726329073,0.006129945295917477
807,809,34,3.0186980484442676e-06,1.6037564184202248e-05,0.0004193206405034289,0.0005908027914209048,0.0010768501138312893,0.005634205845934462,0.008435080129214945,0.011006699120026903,0.025982755647205254,0.032521420655423586
808,810,34,2.3895729180999165e-07,3.259305705073232e-07,0.00026545876821996094,0.00010433270384220993,0.00019478375821456532,0.0003363468357133584,0.0071169467204633885,0.0036465066479217214,0.022524331230670214,0.013020312703425019
809,811,34,8.986228367960206e-08,8.560277517487504e-08,0.000199306285888751,8.464276436712009e-05,0.00011676202500572853,0.0001227794259119857,0.007093401769559611,0.003320012389803228,0.022796060780391973,0.011486773208432917
810,812,34,1.023933650025262e-07,1.0217059118418385e-07,0.0001933689067407292,7.012769478800564e-05,0.00014134859178311135,0.00014074977616271083,0.007163683972869287,0.0027619840295398314,0.022686756435124314,0.008987662081309902
811,813,34,5.863567298631016e-07,5.1142240152251e-07,0.00046686503543135,0.00016641298122066947,0.00014720566875493045,0.00013255045990042297,0.007363073007367989,0.0023120519513293563,0.025168712141320985,0.008019103353876135
812,814,34,1.2115810121445867e-06,9.264293549963836e-07,0.0006982853485490469,0.00019659693548300478,0.0001637871993058498,0.00012030365025048844,0.00815566273077446,0.0018652906012100407,0.02503476823296617,0.0066345566525069215
813,815,34,3.4785588349664336e-07,3.6221233996318713e-07,0.00031439613624516987,0.00012561616844095777,0.0001441377824127866,0.000135103103878884,0.006548672524171279,0.0022274465200358817,0.0193874545614509,0.006735282604857132
814,816,34,1.44044664300977e-07,1.504175415071229e-07,0.00023670393078218158,8.349700470248431e-05,0.00014317110756511444,0.00017921093427003063,0.007295981474111185,0.0029544688317187416,0.023104541195446953,0.010652481067747997
815,817,34,6.909745157745352e-08,1.106429274611893e-07,0.00014704044994740638,7.50110412684891e-05,0.00016039152470672408,0.00024748047307440957,0.007275692118770059,0.0025628820628914336,0.024268965401193675,0.009694153999917979
816,818,34,1.6012419275480236e-07,2.827966885939548e-07,0.0002182115895266179,9.66213905367703e-05,0.00019356036944587045,0.00033859136577784975,0.007573331411763588,0.0033971859478973705,0.023501807686817998,0.010299434139113885
817,819,34,5.403515798467893e-07,2.977450556583595e-07,0.00048805206589510333,0.00014470406981930675,0.0001421593448920997,0.00011291993673685763,0.007525858976056471,0.0014382008626439176,0.02506187799222329,0.004718583359262664
818,820,34,1.8481904338977815e-07,5.742495858123431e-07,0.0001769334808426827,7.65030113673801e-05,0.0002576396325500408,0.0006350259793544544,0.0071965021848240315,0.0030753192392429106,0.024290845044614637,0.01063645554891536
819,821,34,6.103054715195559e-08,3.2928666267152295e-08,0.00018375324854038328,4.995617747070973e-05,9.395307782088981e-05,5.1864436539130795e-05,0.007211201632504954,0.001978569805405467,0.024162414428942344,0.006779130493244236
820,822,34,7.03591326272852e-07,1.5258712818767189e-06,0.0004213464130503673,0.00022615564921730304,0.000792956371590074,0.0035642955730647765,0.008952943512293346,0.004776110657530341,0.03096981576698668,0.01778407299839558
821,823,34,5.437854746884675e-08,6.176972222240806e-08,0.00015328473797554206,5.5406537387870834e-05,0.00013055585992226363,0.00015004690070943939,0.007511257248766282,0.003027313496587036,0.027025675729793662,0.011416013211889228
822,824,34,2.2794970622186383e-07,3.611527371828294e-07,0.0002376534635807141,9.628801831088811e-05,0.00024173695563898517,0.0003769755804929157,0.0074785544454832285,0.0035628244551738175,0.024313393377644175,0.012122634381282507
823,825,34,1.1030761681067999e-06,3.1644336198566788e-06,0.00035785983153105276,0.00026015170907570865,0.0007544752862646847,0.0024694690143774204,0.008400931433938882,0.007081892787558436,0.030214882044888595,0.02918997430968549
824,826,34,7.052333724059047e-07,3.2413436591317766e-06,0.0002639287691529128,0.00011938895716867179,0.0009010182712860542,0.004151536416185767,0.009371482712381026,0.004518428890523097,0.03446046482114231,0.018799869009019258
825,827,34,2.9199781270041485e-07,1.6132978464923338e-07,0.000336645935449804,7.619119662267619e-05,0.00013413555081890938,7.0869744679971e-05,0.007253924720263218,0.001705616672887347,0.023650911554475042,0.005632516094534675
826,828,34,1.9374108503121627e-07,1.5261143274895126e-07,0.000267491045045009,9.28759029812947e-05,0.00014699393903035396,0.00014246885228588068,0.007400506525300443,0.0023553568200297198,0.025030398467446074,0.009091423974219756
827,829,34,1.9896939426774572e-07,1.7083241250285312e-07,0.0002734257748884642,5.1088881816122234e-05,0.0001361954633894664,0.0001417761055963753,0.006970069919000654,0.0015122780464406859,0.02315568003584357,0.005172870112412689
828,830,34,1.406463720390066e-07,1.6387534105617525e-07,0.00023241702857536867,6.693797584947371e-05,9.887361203950336e-05,0.0001275619615825607,0.006275504991850432,0.0013962911726204555,0.02082378715824555,0.005465612835260968
829,831,34,2.6881388161177878e-08,2.0440423254343264e-08,0.00011800952330197426,3.838954126894295e-05,0.00013306573852306055,9.726992696568456e-05,0.008284914225120754,0.0029355528489438724,0.030644763863700276,0.011499594287811932
830,832,34,1.690885319081387e-07,7.038348556206356e-07,0.00016881677027627388,0.00016411215813069105,0.00034603175101758954,0.001294649235364609,0.008245410151122248,0.007099108423112523,0.028268303092130843,0.0235289392900678
831,833,34,4.483775792220884e-07,1.5363062571151558e-06,0.000266677751984817,0.0002808658436968683,0.00029620989447293514,0.0010779447828399558,0.0076955685131799645,0.00635625149223075,0.03262084048679646,0.030695514735651245
832,834,34,3.1082324964828827e-07,5.224846649583188e-07,0.00032071296000675136,0.00016685822093186423,0.00021899462514257347,0.0005677843310804578,0.008102570427581668,0.005241777958989776,0.025166626499198815,0.018466884603232325
833,835,34,1.2006664990342883e-07,1.299318735800105e-07,0.00023149924484588315,7.096457141851153e-05,0.00012381475522381472,0.0001052714157507267,0.007633499308105777,0.001990255847489333,0.027025950086467406,0.007308215741410986
834,836,34,3.557977730640679e-05,0.0002038345714764802,0.0005113976677581805,0.0018214985425461972,0.08216743943493758,0.4714880216945491,0.022448068429880282,0.08782442857095256,0.08108674888225163,0.31588866127111215
835,837,34,7.428115862537385e-07,7.156527243133109e-07,0.0005536529908353902,0.00020552765640806964,0.00017568545348801897,0.00011364406550151949,0.008863495854551302,0.0019888688758348885,0.03325248909566332,0.008552714688261841
836,838,34,1.1586900837494173e-07,4.5343926061349096e-07,0.00014488271121723193,0.0001243018850541828,0.0008904863241910146,0.004371318025721058,0.009630820385235198,0.012445260298924928,0.030524462927132845,0.03892820562528177
837,839,34,5.550423158992731e-07,2.948092491572148e-07,0.0005066851316608817,0.00010928893429462313,0.0001325730768525425,6.582464771641281e-05,0.007833899916423595,0.0015357662649928905,0.023897463757106486,0.005229888392135583
838,840,34,2.63909537575014e-06,6.122468437698042e-06,0.0005743984373325742,0.0008239217932979975,0.0002961506160157596,0.0009417895046035224,0.008921953151002526,0.004921892664188459,0.03211873682106242,0.02755347207523654
839,841,34,6.839003627464656e-08,4.8845560002775255e-08,0.000198015493558213,4.356118960580081e-05,0.00011144367208009284,8.011259546833872e-05,0.007982071927365135,0.0018751544928403596,0.030084074694005883,0.0069731900150384945
840,842,34,1.3700044800573858e-07,1.0479742229161001e-07,0.0002758642727070872,5.440359326006786e-05,0.00013325165197302876,0.00010271531434638031,0.00857737663147204,0.0018108520728935954,0.03278102164211519,0.006934056133204616
841,843,34,3.22977065744572e-05,0.0001792055012838871,0.0004257368465700625,0.0010298818114512745,0.06709653813387002,0.3757601903646553,0.01756390227990992,0.047138592443923336,0.061768900603055954,0.16969830592658536
842,844,34,9.416461545149158e-08,3.433910005516899e-07,0.00014221122696386266,5.047761006805429e-05,0.00033761802120245513,0.001218436224083877,0.008486357942113982,0.0032198564473618144,0.03402860314749619,0.012880338133388463
843,845,34,2.6285254015209266e-07,3.689396554799688e-07,0.00030232041514382754,0.00014851089300444692,0.00016044522710538278,0.00023878821881115637,0.007605922805583652,0.0032078891542331135,0.02708722629091319,0.012514998957823667
844,846,34,3.596768358704594e-07,1.8315983250214467e-07,0.00038576948196243714,7.79389989413948e-05,0.00013903195726657833,6.927518626680243e-05,0.0075716792523641795,0.001496379200910365,0.02538275992607369,0.005131164611388637
845,847,34,4.353323821165384e-07,2.151725885421143e-07,0.00044030823696897747,9.993377499682626e-05,0.00013867612431246978,6.483153693181007e-05,0.007861537954715244,0.0016373920945897513,0.02881492252516396,0.0063621315472566844
846,848,34,3.01978411322486e-07,3.95066804533067e-07,0.00029164297345286123,0.00013933144576177523,0.00018801478253247777,0.00026108030223278775,0.007094429792178904,0.003451617602056668,0.021740862551857445,0.011050333596868774
847,849,34,3.8664317676929227e-07,2.658069582817064e-07,0.0003795876242186162,0.00010700061813322105,0.00013657955220397152,9.648669339300324e-05,0.0071385703049600124,0.0017751097512934432,0.02079223148415194,0.0058022045973664
848,850,34,1.1403007288739573e-07,1.0875012150216995e-07,0.00019557160660898422,7.933997126118021e-05,0.00016039025467762258,0.00015293467873949483,0.007487670025404762,0.002565529970454094,0.024021399043062153,0.008624576362573714
849,851,34,4.3774389739158937e-07,4.784774118683234e-07,0.00038960940454511303,0.0002417561595316065,0.00024079917404699647,0.000419911337108865,0.008144980310188496,0.002881333009627456,0.030177985318005085,0.00991697409729718
850,852,34,1.460399072587581e-08,1.2253720496206155e-08,8.257396679897177e-05,3.459777387630942e-05,0.00011649361894181792,0.00012250348456998967,0.007441054591361214,0.0018384424753789882,0.027089147171115175,0.006361151524813965
851,853,34,2.635316276311528e-08,5.443642945210283e-08,0.00010157820264901281,4.859062436711474e-05,0.00022902881006730776,0.0007504201965185895,0.00827240975409308,0.005361915405824602,0.0290998451083022,0.018478363620112216
852,854,34,1.9249601289693466e-06,1.0870929148168033e-05,0.0002047361731991473,0.00045175114303102666,0.007987908266252763,0.0454375868959202,0.011370682082248522,0.029489216030904843,0.035557091920910514,0.09490099750950849
853,855,34,5.504819143265603e-07,2.5280765963074516e-06,0.00018180355554624626,0.000217920582242854,0.0021170288775251454,0.010783929523433662,0.009912740391240838,0.013330365963887394,0.03380800964420333,0.043215657520073204
854,856,34,2.106836545746158e-08,1.9568329698257095e-08,0.00010585393957786865,3.502160873120273e-05,0.00010267885917367975,6.329431786079982e-05,0.0075610930730095685,0.0019903600293423814,0.026764155885971645,0.006850002015734461
855,857,34,6.117116908918748e-05,0.00035123471644492814,0.000419862778739223,0.0016962097947682876,0.2329252718755015,1.3374038932021655,0.026064571773852494,0.10463742559210844,0.09878515791805352,0.40332423874933404
856,858,34,3.581872419581888e-08,2.689260387991098e-08,0.00013931983117157978,4.437411628324083e-05,0.00013383380984819,0.0001255938850736357,0.008467608501258142,0.0026977207755932197,0.03278964270344552,0.010659733158642859
857,859,34,4.680498166386617e-05,0.00026857392385555605,0.0004328183358131141,0.0015263177952846642,0.14161204065021593,0.8127771577052012,0.022924922598416313,0.08410647442127198,0.08741573107374065,0.3201973190588052
858,860,34,5.56159864990449e-05,0.00031676042564960635,0.00034242895836702217,0.0011569612959778024,0.3000581218949425,1.7150721467791301,0.02392314905848573,0.08516458654561214,0.08673237524378825,0.321715509910154
859,OT,34,4.426730216376113e-08,2.4560869900419272e-08,0.00015572068171904366,3.91826607630813e-05,0.0001239389316384297,5.911807747642637e-05,0.008323923985966864,0.001842619314069725,0.031013823716956025,0.007024564370530126
