user_id,user_name,query_index,query_datetime,mse,mae,nmse,nmae,mase
0,0,503,2006-01-21T23:00:00.000000,12545.005859375,65.3982162475586,1.7990851402282715,0.7831705212593079,3.349759101867676
1,1,503,2006-01-21T23:00:00.000000,3016.43017578125,29.527082443237305,1.6177713871002197,0.6838054060935974,3.0105247497558594
2,2,503,2006-01-21T23:00:00.000000,2563.828857421875,25.02886962890625,1.6013238430023193,0.6255130171775818,2.9480206966400146
3,3,503,2006-01-21T23:00:00.000000,3224.6748046875,29.069345474243164,1.7203527688980103,0.6714304685592651,3.142193078994751
4,4,503,2006-01-21T23:00:00.000000,9496.3681640625,56.779170989990234,2.0192768573760986,0.827957808971405,3.673680067062378
5,5,503,2006-01-21T23:00:00.000000,29637.818359375,91.72917175292969,1.8292125463485718,0.7206367254257202,3.2272121906280518
6,6,503,2006-01-21T23:00:00.000000,2825.87646484375,28.806549072265625,1.7005736827850342,0.7066630125045776,3.028275966644287
7,7,503,2006-01-21T23:00:00.000000,2801.823974609375,27.179763793945312,1.978359580039978,0.7222338318824768,3.2060177326202393
8,8,503,2006-01-21T23:00:00.000000,3507.97412109375,30.095237731933594,1.9320635795593262,0.7062855362892151,3.248337984085083
9,9,503,2006-01-21T23:00:00.000000,2902.715576171875,26.740476608276367,2.0176215171813965,0.7049961090087891,3.165335178375244
10,10,503,2006-01-21T23:00:00.000000,2613.75341796875,25.413095474243164,1.8038606643676758,0.6676160097122192,3.0406248569488525
11,11,503,2006-01-21T23:00:00.000000,1107.486572265625,17.858333587646484,1.6648272275924683,0.6923987865447998,2.982912063598633
12,12,503,2006-01-21T23:00:00.000000,3503.884033203125,30.47976303100586,1.8841489553451538,0.7067964673042297,3.088999032974243
13,13,503,2006-01-21T23:00:00.000000,2736.197998046875,26.433631896972656,1.8248469829559326,0.682647168636322,3.147829294204712
14,14,503,2006-01-21T23:00:00.000000,4274.60107421875,33.84077453613281,1.8119765520095825,0.6967368721961975,3.09230637550354
15,15,503,2006-01-21T23:00:00.000000,1001.6428833007812,18.21696662902832,1.8615450859069824,0.7853375673294067,3.2759406566619873
16,16,503,2006-01-21T23:00:00.000000,3397.699462890625,29.780656814575195,1.9090725183486938,0.7059159874916077,3.172516345977783
17,17,503,2006-01-21T23:00:00.000000,3312.380615234375,29.633333206176758,1.8853745460510254,0.7069834470748901,3.188288450241089
18,18,503,2006-01-21T23:00:00.000000,2820.3740234375,26.972618103027344,1.9107284545898438,0.7020519971847534,3.114750623703003
19,19,503,2006-01-21T23:00:00.000000,2806.32958984375,26.568452835083008,1.8752427101135254,0.6867926716804504,3.120518445968628
20,20,503,2006-01-21T23:00:00.000000,3291.26318359375,29.56785774230957,1.7655268907546997,0.6848189234733582,3.1542563438415527
21,21,503,2006-01-21T23:00:00.000000,3315.77099609375,30.10744285583496,1.8879587650299072,0.7184190154075623,3.089801549911499
22,22,503,2006-01-21T23:00:00.000000,3972.06591796875,36.09732437133789,1.9158542156219482,0.7927713990211487,3.609086275100708
23,23,503,2006-01-21T23:00:00.000000,15076.3994140625,63.87797927856445,1.46640944480896,0.6299846172332764,2.898803234100342
24,24,503,2006-01-21T23:00:00.000000,3417.459228515625,30.381547927856445,1.9094685316085815,0.7181488871574402,3.3025565147399902
25,25,503,2006-01-21T23:00:00.000000,2103.281005859375,23.009525299072266,1.8553274869918823,0.6833910346031189,3.045013189315796
26,26,503,2006-01-21T23:00:00.000000,2761.01318359375,26.64970588684082,1.9258259534835815,0.7038281559944153,3.1995420455932617
27,27,503,2006-01-21T23:00:00.000000,3035.1201171875,29.493152618408203,1.548406720161438,0.6661558747291565,2.925412178039551
28,28,503,2006-01-21T23:00:00.000000,15103.71484375,66.54791259765625,1.5147932767868042,0.6664525866508484,2.875121831893921
29,29,503,2006-01-21T23:00:00.000000,2952.896728515625,27.342561721801758,1.9478836059570312,0.7022577524185181,3.171229839324951
30,30,503,2006-01-21T23:00:00.000000,2317.603515625,27.308931350708008,1.8938812017440796,0.7806591987609863,3.5873682498931885
31,31,503,2006-01-21T23:00:00.000000,13071.48828125,62.368751525878906,1.5659358501434326,0.6826397180557251,3.035313606262207
32,32,503,2006-01-21T23:00:00.000000,3382.209228515625,29.55327606201172,1.8363244533538818,0.6886207461357117,2.9475340843200684
33,33,503,2006-01-21T23:00:00.000000,2866.000732421875,27.47738265991211,1.9477299451828003,0.7163108587265015,3.1532042026519775
34,34,503,2006-01-21T23:00:00.000000,2438.521240234375,24.535715103149414,1.80527663230896,0.6675862073898315,3.0738394260406494
35,35,503,2006-01-21T23:00:00.000000,2585.933349609375,27.59880828857422,1.7606884241104126,0.7201499342918396,3.3336217403411865
36,36,503,2006-01-21T23:00:00.000000,3432.035888671875,30.363691329956055,2.010930299758911,0.7349829077720642,3.2734503746032715
37,37,503,2006-01-21T23:00:00.000000,1760.970703125,21.833036422729492,1.9378951787948608,0.7242745757102966,3.09378719329834
38,38,503,2006-01-21T23:00:00.000000,3213.341552734375,29.400299072265625,1.8664275407791138,0.7085635662078857,2.98368763923645
39,39,503,2006-01-21T23:00:00.000000,2999.248291015625,27.422916412353516,1.996408462524414,0.7075093388557434,3.0829482078552246
40,40,503,2006-01-21T23:00:00.000000,24071.662109375,82.83869171142578,1.7792747020721436,0.7121995687484741,3.157900094985962
41,41,503,2006-01-21T23:00:00.000000,2598.12158203125,24.74910545349121,1.6919124126434326,0.6315659880638123,2.8363637924194336
42,42,503,2006-01-21T23:00:00.000000,3723.0439453125,33.24702453613281,1.9257662296295166,0.7561457753181458,3.443195343017578
43,43,503,2006-01-21T23:00:00.000000,2794.819580078125,26.76994514465332,1.851197361946106,0.6889646053314209,3.0872342586517334
44,44,503,2006-01-21T23:00:00.000000,6312.0966796875,45.6461296081543,1.7737210988998413,0.7651733160018921,3.3165297508239746
45,45,503,2006-01-21T23:00:00.000000,2321.189453125,28.021726608276367,1.9595075845718384,0.8141661286354065,3.6690256595611572
46,46,503,2006-01-21T23:00:00.000000,1711.7823486328125,21.381248474121094,1.8449664115905762,0.701944887638092,3.046590566635132
47,47,503,2006-01-21T23:00:00.000000,3000.18505859375,29.09881019592285,1.805222988128662,0.7137838006019592,3.2685067653656006
48,48,503,2006-01-21T23:00:00.000000,2811.5615234375,28.147619247436523,1.5162687301635742,0.6536661386489868,2.954251766204834
49,49,503,2006-01-21T23:00:00.000000,3248.3349609375,29.245237350463867,1.9567856788635254,0.7177883982658386,3.1445822715759277
50,50,503,2006-01-21T23:00:00.000000,3443.62646484375,29.713693618774414,1.8763697147369385,0.6935979723930359,3.1362898349761963
51,51,503,2006-01-21T23:00:00.000000,2839.149169921875,26.965774536132812,1.8457887172698975,0.687558650970459,2.9766032695770264
52,52,503,2006-01-21T23:00:00.000000,2618.31103515625,26.860715866088867,1.4440044164657593,0.6307992339134216,2.8653404712677
53,53,503,2006-01-21T23:00:00.000000,3408.203857421875,30.119644165039062,1.9344533681869507,0.7175731658935547,3.1920652389526367
54,54,503,2006-01-21T23:00:00.000000,2694.060302734375,28.135417938232422,1.5998644828796387,0.6856323480606079,2.978640079498291
55,55,503,2006-01-21T23:00:00.000000,3311.30517578125,29.48958396911621,1.818340539932251,0.6910455226898193,3.172415018081665
56,56,503,2006-01-21T23:00:00.000000,3293.613525390625,29.270240783691406,1.8244788646697998,0.6889050006866455,2.974870204925537
57,57,503,2006-01-21T23:00:00.000000,2436.13720703125,24.679466247558594,1.743057131767273,0.6601470112800598,2.958477735519409
58,58,503,2006-01-21T23:00:00.000000,2949.738037109375,28.843156814575195,1.7748620510101318,0.707511305809021,3.1683313846588135
59,59,503,2006-01-21T23:00:00.000000,3333.48291015625,29.707441329956055,1.8474754095077515,0.6993675231933594,3.014554262161255
60,60,503,2006-01-21T23:00:00.000000,1686.2940673828125,20.865774154663086,1.9015377759933472,0.7006809115409851,3.0223708152770996
61,61,503,2006-01-21T23:00:00.000000,3530.1865234375,31.99434471130371,1.7426551580429077,0.7108535170555115,3.2925825119018555
62,62,503,2006-01-21T23:00:00.000000,2912.986572265625,26.727678298950195,1.9040935039520264,0.6833388805389404,3.0881659984588623
63,63,503,2006-01-21T23:00:00.000000,2772.5419921875,27.479463577270508,1.9694108963012695,0.7323815226554871,3.242053747177124
64,64,503,2006-01-21T23:00:00.000000,2599.28369140625,27.30565643310547,1.6103664636611938,0.6796543598175049,2.9790143966674805
65,65,503,2006-01-21T23:00:00.000000,3442.72998046875,30.283035278320312,2.0979838371276855,0.7475650310516357,3.2518608570098877
66,66,503,2006-01-21T23:00:00.000000,3229.83935546875,29.394641876220703,1.7370351552963257,0.6816823482513428,3.0895822048187256
67,67,503,2006-01-21T23:00:00.000000,2742.0927734375,27.547027587890625,1.4663536548614502,0.6370198726654053,2.8425211906433105
68,68,503,2006-01-21T23:00:00.000000,11629.2998046875,57.98214340209961,2.3136372566223145,0.8178339600563049,3.4850127696990967
69,69,503,2006-01-21T23:00:00.000000,13110.95703125,59.93393325805664,1.733029842376709,0.6890624761581421,3.0248703956604004
70,70,503,2006-01-21T23:00:00.000000,7180.85888671875,46.382442474365234,1.681792140007019,0.7098254561424255,3.0837838649749756
71,71,503,2006-01-21T23:00:00.000000,1709.647705078125,22.2785701751709,1.7826377153396606,0.7193920016288757,3.2839415073394775
72,72,503,2006-01-21T23:00:00.000000,2499.783203125,26.28184700012207,1.5479754209518433,0.6540135145187378,2.7863354682922363
73,73,503,2006-01-21T23:00:00.000000,21644.7109375,81.59256744384766,1.6962682008743286,0.7223071455955505,3.2282748222351074
74,74,503,2006-01-21T23:00:00.000000,3246.364013671875,29.157442092895508,1.730552315711975,0.6731985211372375,3.0212786197662354
75,75,503,2006-01-21T23:00:00.000000,3344.8935546875,29.640178680419922,1.8767318725585938,0.7020868062973022,3.190185308456421
76,76,503,2006-01-21T23:00:00.000000,4371.12158203125,34.53244400024414,1.8596689701080322,0.7122766375541687,3.000901699066162
77,77,503,2006-01-21T23:00:00.000000,2567.6123046875,25.440773010253906,1.8118376731872559,0.6758109331130981,3.1326093673706055
78,78,503,2006-01-21T23:00:00.000000,3560.8642578125,32.293453216552734,1.878285527229309,0.741681694984436,3.407440185546875
79,79,503,2006-01-21T23:00:00.000000,2672.901123046875,27.900299072265625,1.581750750541687,0.6787134408950806,3.076789140701294
80,80,503,2006-01-21T23:00:00.000000,7503.53271484375,46.62857437133789,1.806216835975647,0.7234427332878113,3.3181726932525635
81,81,503,2006-01-21T23:00:00.000000,2923.494384765625,27.380952835083008,2.0852229595184326,0.7312631011009216,3.255861520767212
82,82,503,2006-01-21T23:00:00.000000,2676.72021484375,27.666963577270508,1.587497591972351,0.6737775802612305,2.9712584018707275
83,83,503,2006-01-21T23:00:00.000000,1732.599609375,21.621131896972656,2.0196127891540527,0.7381818294525146,3.2103638648986816
84,84,503,2006-01-21T23:00:00.000000,3029.928955078125,27.476783752441406,2.081840753555298,0.7202337384223938,3.1316304206848145
85,85,503,2006-01-21T23:00:00.000000,2771.772216796875,27.165475845336914,1.8527625799179077,0.7023417353630066,3.195340156555176
86,86,503,2006-01-21T23:00:00.000000,3341.16552734375,29.277381896972656,1.9254757165908813,0.7028331160545349,2.978846549987793
87,87,503,2006-01-21T23:00:00.000000,2879.46923828125,27.733335494995117,1.9362372159957886,0.7191593647003174,3.035219430923462
88,88,503,2006-01-21T23:00:00.000000,2207.63037109375,23.28690528869629,1.8410731554031372,0.6724874377250671,2.9328744411468506
89,89,503,2006-01-21T23:00:00.000000,2701.764404296875,26.520536422729492,1.8803569078445435,0.699646532535553,3.0874953269958496
90,90,503,2006-01-21T23:00:00.000000,1765.97998046875,22.584226608276367,1.8020470142364502,0.7214319705963135,3.3090202808380127
91,91,503,2006-01-21T23:00:00.000000,2959.443603515625,28.926490783691406,1.7962138652801514,0.7126391530036926,3.1102418899536133
92,92,503,2006-01-21T23:00:00.000000,3442.513427734375,30.049108505249023,1.9747847318649292,0.7197034955024719,3.20627498626709
93,93,503,2006-01-21T23:00:00.000000,2945.676513671875,28.89107322692871,1.7911553382873535,0.7124226689338684,3.182281970977783
94,94,503,2006-01-21T23:00:00.000000,2820.683349609375,27.3077392578125,2.0151383876800537,0.729896068572998,3.1860716342926025
95,95,503,2006-01-21T23:00:00.000000,2608.23095703125,27.168455123901367,1.5892999172210693,0.6706483364105225,3.0761356353759766
96,96,503,2006-01-21T23:00:00.000000,2341.598876953125,27.468154907226562,2.0074875354766846,0.8042659163475037,3.499704360961914
97,97,503,2006-01-21T23:00:00.000000,2778.064697265625,27.246131896972656,1.8960164785385132,0.7117946147918701,3.1819097995758057
98,98,503,2006-01-21T23:00:00.000000,2128.610107421875,22.924406051635742,1.9351882934570312,0.69121253490448,3.28358793258667
99,99,503,2006-01-21T23:00:00.000000,2841.12353515625,28.13273811340332,1.5246179103851318,0.6516996026039124,2.8328168392181396
100,100,503,2006-01-21T23:00:00.000000,1652.9613037109375,20.686607360839844,1.8386603593826294,0.6899358034133911,3.077690601348877
101,101,503,2006-01-21T23:00:00.000000,1693.61572265625,21.232738494873047,1.8909231424331665,0.7094724178314209,2.905982732772827
102,102,503,2006-01-21T23:00:00.000000,2668.9716796875,26.504167556762695,1.7990930080413818,0.6881276369094849,3.259639263153076
103,103,503,2006-01-21T23:00:00.000000,2880.520263671875,27.017261505126953,2.0070137977600098,0.7131503224372864,3.1792454719543457
104,104,503,2006-01-21T23:00:00.000000,9779.5673828125,51.51606750488281,1.8785943984985352,0.7140019536018372,3.0947792530059814
105,105,503,2006-01-21T23:00:00.000000,10126.76171875,54.788394927978516,1.6655466556549072,0.7026380300521851,3.046121597290039
106,106,503,2006-01-21T23:00:00.000000,2658.782958984375,26.816665649414062,1.8459333181381226,0.706596314907074,3.16281795501709
107,107,503,2006-01-21T23:00:00.000000,3366.2255859375,29.228870391845703,1.8050013780593872,0.6768293380737305,2.882316827774048
108,108,503,2006-01-21T23:00:00.000000,2792.439453125,27.4830379486084,1.9227068424224854,0.7211562395095825,3.188478708267212
109,109,503,2006-01-21T23:00:00.000000,3363.743408203125,29.928869247436523,1.7834374904632568,0.6891406178474426,3.1406145095825195
110,110,503,2006-01-21T23:00:00.000000,2700.834228515625,25.886608123779297,1.7204196453094482,0.6533462405204773,2.938805103302002
111,111,503,2006-01-21T23:00:00.000000,3609.145263671875,32.96994400024414,1.8145606517791748,0.7392677068710327,3.397709608078003
112,112,503,2006-01-21T23:00:00.000000,1169.190185546875,18.831546783447266,1.665266513824463,0.7106984853744507,3.0743138790130615
113,113,503,2006-01-21T23:00:00.000000,2440.984375,24.733631134033203,1.7459275722503662,0.6614826321601868,3.0973997116088867
114,114,503,2006-01-21T23:00:00.000000,2800.216796875,28.05565643310547,1.508327841758728,0.651137113571167,2.928103446960449
115,115,503,2006-01-21T23:00:00.000000,295.31390380859375,9.200298309326172,1.8206676244735718,0.7223958969116211,3.2359619140625
116,116,503,2006-01-21T23:00:00.000000,3654.14599609375,33.141963958740234,1.849599003791809,0.7456312775611877,3.415717363357544
117,117,503,2006-01-21T23:00:00.000000,2592.14208984375,26.928869247436523,1.3720290660858154,0.6195415258407593,2.7843899726867676
118,118,503,2006-01-21T23:00:00.000000,3347.634033203125,29.396728515625,1.8965585231781006,0.6997019648551941,3.0365025997161865
119,119,503,2006-01-21T23:00:00.000000,1797.2978515625,22.56011962890625,1.9421815872192383,0.7416112422943115,3.2823498249053955
120,120,503,2006-01-21T23:00:00.000000,3376.838623046875,29.847322463989258,1.8503711223602295,0.6986821293830872,3.1622722148895264
121,121,503,2006-01-21T23:00:00.000000,15019.544921875,67.27470397949219,1.9799422025680542,0.7724131941795349,3.196868896484375
122,122,503,2006-01-21T23:00:00.000000,3721.51953125,33.05744171142578,1.8626506328582764,0.7395623922348022,3.400456428527832
123,123,503,2006-01-21T23:00:00.000000,3485.08984375,30.315776824951172,1.9673084020614624,0.7202743291854858,3.2340428829193115
124,124,503,2006-01-21T23:00:00.000000,10761.369140625,56.957740783691406,1.837450385093689,0.7442635893821716,3.406465768814087
125,125,503,2006-01-21T23:00:00.000000,5997.57177734375,41.80952453613281,1.5508081912994385,0.6723052859306335,2.9638774394989014
126,126,503,2006-01-21T23:00:00.000000,1069.14208984375,16.81547737121582,1.8566066026687622,0.7007311582565308,3.0383596420288086
127,127,503,2006-01-21T23:00:00.000000,2539.244140625,26.593454360961914,1.4891762733459473,0.6440143585205078,2.886849880218506
128,128,503,2006-01-21T23:00:00.000000,3247.6044921875,29.68243980407715,1.7664350271224976,0.6922563314437866,2.998347282409668
129,129,503,2006-01-21T23:00:00.000000,240.45840454101562,8.258928298950195,1.4544570446014404,0.6423240900039673,2.7466061115264893
130,130,503,2006-01-21T23:00:00.000000,2323.456298828125,26.025890350341797,1.5761733055114746,0.6778606176376343,3.08940052986145
131,131,503,2006-01-21T23:00:00.000000,2631.938720703125,25.786907196044922,1.931389570236206,0.6985479593276978,3.102545738220215
132,132,503,2006-01-21T23:00:00.000000,2874.9306640625,26.827678680419922,1.9168648719787598,0.6927318572998047,3.1888654232025146
133,133,503,2006-01-21T23:00:00.000000,2786.158447265625,28.45595359802246,1.4288002252578735,0.6444006562232971,2.9010794162750244
134,134,503,2006-01-21T23:00:00.000000,3306.191162109375,30.176189422607422,1.9555484056472778,0.7338963747024536,3.2169692516326904
135,135,503,2006-01-21T23:00:00.000000,2017.29541015625,25.454761505126953,1.7437573671340942,0.7483888268470764,3.1768715381622314
136,136,503,2006-01-21T23:00:00.000000,6935.40771484375,43.47470474243164,1.8734230995178223,0.7145268321037292,2.995873212814331
0,0,1015,2006-02-12T07:00:00.000000,17342.4609375,122.06666564941406,1.9765647649765015,1.3031585216522217,5.916715621948242
1,1,1015,2006-02-12T07:00:00.000000,2329.54638671875,35.90803909301758,0.9593237042427063,0.7286828756332397,3.218414783477783
2,2,1015,2006-02-12T07:00:00.000000,2303.40966796875,33.6133918762207,1.2382111549377441,0.7793348431587219,3.5457465648651123
3,3,1015,2006-02-12T07:00:00.000000,2238.294677734375,33.28898620605469,0.9200889468193054,0.6749270558357239,3.1504569053649902
4,4,1015,2006-02-12T07:00:00.000000,10783.283203125,98.36458587646484,1.5755128860473633,1.188979148864746,5.321236610412598
5,5,1015,2006-02-12T07:00:00.000000,18105.3515625,103.22589111328125,0.9062338471412659,0.7303067445755005,3.2342686653137207
6,6,1015,2006-02-12T07:00:00.000000,2389.153564453125,40.96487808227539,1.1838856935501099,0.9118943810462952,4.272617340087891
7,7,1015,2006-02-12T07:00:00.000000,2224.458740234375,24.616966247558594,1.1994011402130127,0.5716162323951721,2.523324966430664
8,8,1015,2006-02-12T07:00:00.000000,3013.293701171875,28.470237731933594,1.2358454465866089,0.5765705108642578,2.7152814865112305
9,9,1015,2006-02-12T07:00:00.000000,2321.291259765625,27.855358123779297,1.202467679977417,0.6339873671531677,2.8340184688568115
10,10,1015,2006-02-12T07:00:00.000000,2416.75048828125,25.23214340209961,1.3616125583648682,0.5989146828651428,2.6928703784942627
11,11,1015,2006-02-12T07:00:00.000000,903.9067993164062,23.057737350463867,1.1146159172058105,0.8096875548362732,3.5257768630981445
12,12,1015,2006-02-12T07:00:00.000000,2882.074462890625,29.085716247558594,1.1925588846206665,0.5916529893875122,2.580312967300415
13,13,1015,2006-02-12T07:00:00.000000,2552.640380859375,25.3776798248291,1.3672186136245728,0.5873218178749084,2.5602145195007324
14,14,1015,2006-02-12T07:00:00.000000,2985.504150390625,30.179168701171875,0.9965724945068359,0.5513823628425598,2.518874406814575
15,15,1015,2006-02-12T07:00:00.000000,1271.0572509765625,33.63601303100586,1.6864951848983765,1.2252212762832642,5.469977378845215
16,16,1015,2006-02-12T07:00:00.000000,2684.6201171875,27.98958396911621,1.1433823108673096,0.5776313543319702,2.6086995601654053
17,17,1015,2006-02-12T07:00:00.000000,2569.058837890625,29.001787185668945,1.1236202716827393,0.606523334980011,2.680785894393921
18,18,1015,2006-02-12T07:00:00.000000,2395.89892578125,26.746427536010742,1.2793844938278198,0.6180620789527893,2.795058488845825
19,19,1015,2006-02-12T07:00:00.000000,2525.397705078125,26.687204360961914,1.3781232833862305,0.6234220862388611,2.6222193241119385
20,20,1015,2006-02-12T07:00:00.000000,2375.47802734375,34.931251525878906,0.9539189338684082,0.6999940276145935,3.2213294506073
21,21,1015,2006-02-12T07:00:00.000000,2566.757568359375,29.845535278320312,1.1042044162750244,0.6190300583839417,2.6687357425689697
22,22,1015,2006-02-12T07:00:00.000000,3290.155517578125,45.44553756713867,1.1688315868377686,0.8565623760223389,3.926265239715576
23,23,1015,2006-02-12T07:00:00.000000,12020.1162109375,86.70713806152344,0.9386569857597351,0.7662209272384644,3.4296257495880127
24,24,1015,2006-02-12T07:00:00.000000,2460.483642578125,28.43303680419922,1.040419101715088,0.584678590297699,2.5078368186950684
25,25,1015,2006-02-12T07:00:00.000000,1894.4434814453125,24.08392906188965,1.2662862539291382,0.6226621270179749,2.7848775386810303
26,26,1015,2006-02-12T07:00:00.000000,2342.745849609375,24.25327491760254,1.2352228164672852,0.556904137134552,2.507275104522705
27,27,1015,2006-02-12T07:00:00.000000,2599.502197265625,37.69821548461914,1.0533252954483032,0.7588517665863037,3.351574659347534
28,28,1015,2006-02-12T07:00:00.000000,12634.6552734375,91.52709197998047,0.9991776943206787,0.8139341473579407,3.4716413021087646
29,29,1015,2006-02-12T07:00:00.000000,2296.275634765625,25.8050594329834,1.1976817846298218,0.5893368721008301,2.5944325923919678
30,30,1015,2006-02-12T07:00:00.000000,2451.222900390625,32.308631896972656,1.4776548147201538,0.7932565212249756,3.6651015281677246
31,31,1015,2006-02-12T07:00:00.000000,8486.0302734375,73.43631744384766,0.8540340662002563,0.7367093563079834,3.1403183937072754
32,32,1015,2006-02-12T07:00:00.000000,2916.998291015625,27.584226608276367,1.2256364822387695,0.5654230713844299,2.487694501876831
33,33,1015,2006-02-12T07:00:00.000000,2054.65869140625,25.509525299072266,1.0447285175323486,0.5752202868461609,2.5777807235717773
34,34,1015,2006-02-12T07:00:00.000000,2058.259765625,24.15654754638672,1.2084174156188965,0.5853199362754822,2.5822701454162598
35,35,1015,2006-02-12T07:00:00.000000,2055.18310546875,34.45000457763672,1.0755823850631714,0.7881081104278564,3.588467597961426
36,36,1015,2006-02-12T07:00:00.000000,2409.722412109375,27.816368103027344,1.016022801399231,0.5711743831634521,2.478632926940918
37,37,1015,2006-02-12T07:00:00.000000,1216.4154052734375,19.21666717529297,0.9734248518943787,0.5436111092567444,2.4999632835388184
38,38,1015,2006-02-12T07:00:00.000000,2486.53662109375,25.780654907226562,1.0869073867797852,0.5390050411224365,2.309283971786499
39,39,1015,2006-02-12T07:00:00.000000,2288.338623046875,24.967262268066406,1.2063806056976318,0.5732617378234863,2.5274527072906494
40,40,1015,2006-02-12T07:00:00.000000,13380.283203125,84.0232162475586,0.804107666015625,0.6513640284538269,2.9225268363952637
41,41,1015,2006-02-12T07:00:00.000000,2695.334228515625,28.010417938232422,1.3986226320266724,0.6380628943443298,2.879439353942871
42,42,1015,2006-02-12T07:00:00.000000,2912.1875,34.45535659790039,1.1042753458023071,0.6709432005882263,2.959764003753662
43,43,1015,2006-02-12T07:00:00.000000,2209.98876953125,30.039583206176758,1.202721357345581,0.7007794976234436,2.9144115447998047
44,44,1015,2006-02-12T07:00:00.000000,6276.232421875,75.15595245361328,1.398794412612915,1.1219947338104248,5.200031280517578
45,45,1015,2006-02-12T07:00:00.000000,1874.2978515625,39.42857360839844,1.113492488861084,0.9610265493392944,4.242443084716797
46,46,1015,2006-02-12T07:00:00.000000,1289.31787109375,19.642559051513672,1.0247317552566528,0.5537620782852173,2.504964828491211
47,47,1015,2006-02-12T07:00:00.000000,1807.9185791015625,33.68035888671875,0.8581933975219727,0.7338036298751831,3.35758900642395
48,48,1015,2006-02-12T07:00:00.000000,2558.997802734375,36.41398620605469,1.0647183656692505,0.7427636981010437,3.232914686203003
49,49,1015,2006-02-12T07:00:00.000000,2295.132080078125,26.91964340209961,1.0019991397857666,0.5624697208404541,2.5429036617279053
50,50,1015,2006-02-12T07:00:00.000000,2532.1142578125,27.736608505249023,1.059573769569397,0.5673843026161194,2.532747507095337
51,51,1015,2006-02-12T07:00:00.000000,1970.7489013671875,30.22589111328125,1.0601521730422974,0.7010477185249329,2.9919559955596924
52,52,1015,2006-02-12T07:00:00.000000,2347.73974609375,35.852378845214844,1.009281039237976,0.7433598041534424,3.2256691455841064
53,53,1015,2006-02-12T07:00:00.000000,2706.43310546875,29.135713577270508,1.1473596096038818,0.5998971462249756,2.722104549407959
54,54,1015,2006-02-12T07:00:00.000000,2417.23486328125,39.054466247558594,1.2062900066375732,0.8724430799484253,4.046844959259033
55,55,1015,2006-02-12T07:00:00.000000,2551.53759765625,35.22410583496094,1.0091875791549683,0.7005271315574646,3.21842098236084
56,56,1015,2006-02-12T07:00:00.000000,3067.3369140625,29.242856979370117,1.2958813905715942,0.6010653376579285,2.692382335662842
57,57,1015,2006-02-12T07:00:00.000000,2091.90771484375,23.14583396911621,1.1802870035171509,0.5497881174087524,2.491675853729248
58,58,1015,2006-02-12T07:00:00.000000,1691.2535400390625,32.95625305175781,0.8431774377822876,0.7358561754226685,3.3080220222473145
59,59,1015,2006-02-12T07:00:00.000000,2424.0029296875,29.826786041259766,1.0465705394744873,0.6197608113288879,2.735180139541626
60,60,1015,2006-02-12T07:00:00.000000,1385.7242431640625,19.557144165039062,1.205066204071045,0.5767298340797424,2.6115994453430176
61,61,1015,2006-02-12T07:00:00.000000,2720.01220703125,33.05893325805664,1.0630600452423096,0.6535550951957703,2.9192261695861816
62,62,1015,2006-02-12T07:00:00.000000,2436.533447265625,26.199405670166016,1.3079313039779663,0.6070126295089722,2.670266628265381
63,63,1015,2006-02-12T07:00:00.000000,2269.797607421875,24.87529754638672,1.1965726613998413,0.5711421966552734,2.514676332473755
64,64,1015,2006-02-12T07:00:00.000000,2241.09228515625,35.46815490722656,1.0564100742340088,0.7700607776641846,3.494981288909912
65,65,1015,2006-02-12T07:00:00.000000,2554.993408203125,25.689884185791016,1.1347901821136475,0.5414084792137146,2.3709022998809814
66,66,1015,2006-02-12T07:00:00.000000,2553.989013671875,35.91875076293945,1.0386134386062622,0.7243337035179138,3.2027676105499268
67,67,1015,2006-02-12T07:00:00.000000,2634.346435546875,37.86518096923828,1.088807463645935,0.7698022127151489,3.3864405155181885
68,68,1015,2006-02-12T07:00:00.000000,7894.00244140625,61.220237731933594,1.0579376220703125,0.7087228298187256,3.236680507659912
69,69,1015,2006-02-12T07:00:00.000000,10681.2958984375,84.5657730102539,1.044713020324707,0.8363367915153503,3.625086545944214
70,70,1015,2006-02-12T07:00:00.000000,5766.19189453125,63.511314392089844,1.0921534299850464,0.8740743398666382,3.914902448654175
71,71,1015,2006-02-12T07:00:00.000000,1701.4423828125,22.07499885559082,1.425073504447937,0.6388674378395081,2.884646415710449
72,72,1015,2006-02-12T07:00:00.000000,2237.64111328125,35.86726379394531,1.0501941442489624,0.7770300507545471,3.4134740829467773
73,73,1015,2006-02-12T07:00:00.000000,28181.3984375,158.22470092773438,1.5467216968536377,1.172192931175232,4.997772693634033
74,74,1015,2006-02-12T07:00:00.000000,2503.18017578125,35.46428680419922,0.9950162172317505,0.7070664763450623,3.245051860809326
75,75,1015,2006-02-12T07:00:00.000000,2211.739501953125,28.65863037109375,0.956623375415802,0.5960174202919006,2.591303825378418
76,76,1015,2006-02-12T07:00:00.000000,3054.1708984375,28.973215103149414,1.0202481746673584,0.5295450687408447,2.3614237308502197
77,77,1015,2006-02-12T07:00:00.000000,2252.891357421875,28.73124885559082,1.2396339178085327,0.6739553213119507,3.0361602306365967
78,78,1015,2006-02-12T07:00:00.000000,3335.5439453125,34.354759216308594,1.2733420133590698,0.6712374091148376,2.919290065765381
79,79,1015,2006-02-12T07:00:00.000000,2326.409912109375,35.74345397949219,1.0596661567687988,0.7628478407859802,3.282688856124878
80,80,1015,2006-02-12T07:00:00.000000,4381.13916015625,54.441070556640625,0.8562334179878235,0.7610781192779541,3.4429945945739746
81,81,1015,2006-02-12T07:00:00.000000,2329.376220703125,26.84375,1.2620387077331543,0.6248269081115723,2.678039073944092
82,82,1015,2006-02-12T07:00:00.000000,3257.306640625,31.959821701049805,1.678923487663269,0.7255886793136597,3.417581796646118
83,83,1015,2006-02-12T07:00:00.000000,1184.28466796875,20.807737350463867,1.030303955078125,0.6137330532073975,2.6517419815063477
84,84,1015,2006-02-12T07:00:00.000000,2379.860595703125,28.657146453857422,1.2583811283111572,0.6589664220809937,2.94899582862854
85,85,1015,2006-02-12T07:00:00.000000,2028.21337890625,26.15684700012207,1.0518378019332886,0.5956661701202393,2.7189841270446777
86,86,1015,2006-02-12T07:00:00.000000,2230.823486328125,30.371135711669922,0.941533088684082,0.6239447593688965,2.7514395713806152
87,87,1015,2006-02-12T07:00:00.000000,2049.40771484375,27.57381248474121,1.0249520540237427,0.6166437864303589,2.7284157276153564
88,88,1015,2006-02-12T07:00:00.000000,1785.223388671875,24.430356979370117,1.18193781375885,0.6286093592643738,2.817519426345825
89,89,1015,2006-02-12T07:00:00.000000,1957.9788818359375,26.474407196044922,1.0037057399749756,0.5994119048118591,2.6796979904174805
90,90,1015,2006-02-12T07:00:00.000000,1443.09765625,23.03988265991211,1.177910566329956,0.6582464575767517,2.9424688816070557
91,91,1015,2006-02-12T07:00:00.000000,1830.156982421875,34.25893020629883,0.878058671951294,0.7503974437713623,3.3685343265533447
92,92,1015,2006-02-12T07:00:00.000000,2449.452392578125,32.10238265991211,1.002068281173706,0.649308979511261,3.010599136352539
93,93,1015,2006-02-12T07:00:00.000000,1704.3065185546875,33.586605072021484,0.8381446003913879,0.744820773601532,3.2280004024505615
94,94,1015,2006-02-12T07:00:00.000000,1774.4022216796875,27.140478134155273,0.9560329914093018,0.6299816370010376,2.8999502658843994
95,95,1015,2006-02-12T07:00:00.000000,2110.138427734375,34.17470169067383,0.9835334420204163,0.7378087639808655,3.23757004737854
96,96,1015,2006-02-12T07:00:00.000000,1659.84765625,34.66874694824219,1.0363849401474,0.8662927150726318,4.107449531555176
97,97,1015,2006-02-12T07:00:00.000000,1762.95263671875,27.87797737121582,0.9062011241912842,0.6320526003837585,2.75234055519104
98,98,1015,2006-02-12T07:00:00.000000,1891.5286865234375,25.04732322692871,1.3060253858566284,0.6581587195396423,2.8510854244232178
99,99,1015,2006-02-12T07:00:00.000000,2340.306640625,35.66071319580078,0.9950180053710938,0.7353078126907349,3.2368814945220947
100,100,1015,2006-02-12T07:00:00.000000,1419.2628173828125,20.141963958740234,1.2507816553115845,0.5979449152946472,2.6831769943237305
101,101,1015,2006-02-12T07:00:00.000000,1404.30419921875,19.145536422729492,1.1477404832839966,0.5473419427871704,2.424309015274048
102,102,1015,2006-02-12T07:00:00.000000,2101.06591796875,27.3315486907959,1.1347577571868896,0.635178804397583,2.766345500946045
103,103,1015,2006-02-12T07:00:00.000000,2756.348876953125,26.956249237060547,1.5231906175613403,0.6336793303489685,2.819415807723999
104,104,1015,2006-02-12T07:00:00.000000,6640.58544921875,46.41666793823242,0.9733414649963379,0.5619573593139648,2.5372016429901123
105,105,1015,2006-02-12T07:00:00.000000,7866.638671875,75.68452453613281,1.0674341917037964,0.8816232681274414,4.038691997528076
106,106,1015,2006-02-12T07:00:00.000000,1936.9139404296875,25.09375,1.0923651456832886,0.5959287285804749,2.6573803424835205
107,107,1015,2006-02-12T07:00:00.000000,2743.311279296875,30.15922737121582,1.1439735889434814,0.6158722639083862,2.816290855407715
108,108,1015,2006-02-12T07:00:00.000000,2221.458740234375,24.612796783447266,1.1302125453948975,0.5551648139953613,2.4406821727752686
109,109,1015,2006-02-12T07:00:00.000000,2368.374755859375,35.47440719604492,0.960756242275238,0.714490532875061,3.3476157188415527
110,110,1015,2006-02-12T07:00:00.000000,2297.927978515625,27.543455123901367,1.1858031749725342,0.6256861090660095,2.8060598373413086
111,111,1015,2006-02-12T07:00:00.000000,2824.499755859375,34.006248474121094,1.1049907207489014,0.6726161241531372,2.9210352897644043
112,112,1015,2006-02-12T07:00:00.000000,933.6904907226562,25.83809471130371,1.1486780643463135,0.9062712788581848,4.192574977874756
113,113,1015,2006-02-12T07:00:00.000000,1774.810302734375,23.71845245361328,1.0334006547927856,0.5723276138305664,2.565204620361328
114,114,1015,2006-02-12T07:00:00.000000,2449.4833984375,36.74494171142578,1.0548099279403687,0.7625132203102112,3.458298921585083
115,115,1015,2006-02-12T07:00:00.000000,187.11900329589844,10.46726131439209,0.9186930060386658,0.7334311008453369,3.286024570465088
116,116,1015,2006-02-12T07:00:00.000000,3113.2138671875,32.884525299072266,1.2054038047790527,0.6470732092857361,2.9171149730682373
117,117,1015,2006-02-12T07:00:00.000000,2492.045166015625,36.87619400024414,1.075607180595398,0.7661168575286865,3.357113838195801
118,118,1015,2006-02-12T07:00:00.000000,2859.207763671875,28.254167556762695,1.2392809391021729,0.5882264375686646,2.7579753398895264
119,119,1015,2006-02-12T07:00:00.000000,1347.2752685546875,22.849702835083008,1.0884062051773071,0.6494532227516174,2.993502140045166
120,120,1015,2006-02-12T07:00:00.000000,2460.736328125,31.04851531982422,1.043448805809021,0.6393576264381409,2.997466802597046
121,121,1015,2006-02-12T07:00:00.000000,11673.958984375,73.18780517578125,1.1217021942138672,0.7174115777015686,3.104499578475952
122,122,1015,2006-02-12T07:00:00.000000,2893.943603515625,34.6678581237793,1.071348786354065,0.6670331358909607,2.862337350845337
123,123,1015,2006-02-12T07:00:00.000000,2477.9248046875,30.241071701049805,1.0432276725769043,0.6205012798309326,2.7325453758239746
124,124,1015,2006-02-12T07:00:00.000000,8030.2919921875,57.65357208251953,1.087859034538269,0.6710375547409058,2.9586143493652344
125,125,1015,2006-02-12T07:00:00.000000,4925.15283203125,57.261905670166016,0.9894520044326782,0.8116210699081421,3.4654700756073
126,126,1015,2006-02-12T07:00:00.000000,823.5161743164062,15.856250762939453,1.1465277671813965,0.5916388630867004,2.6869115829467773
127,127,1015,2006-02-12T07:00:00.000000,2073.116943359375,34.85684585571289,0.9789302349090576,0.7574466466903687,3.2754197120666504
128,128,1015,2006-02-12T07:00:00.000000,2761.369384765625,27.2113094329834,1.1835979223251343,0.5633643269538879,2.4003944396972656
129,129,1015,2006-02-12T07:00:00.000000,178.19863891601562,10.624107360839844,0.9003050923347473,0.755153238773346,3.224282741546631
130,130,1015,2006-02-12T07:00:00.000000,1893.8858642578125,34.02440643310547,1.0482819080352783,0.8004840612411499,3.5087859630584717
131,131,1015,2006-02-12T07:00:00.000000,2453.6826171875,24.817564010620117,1.3330509662628174,0.5784599781036377,2.5268936157226562
132,132,1015,2006-02-12T07:00:00.000000,2083.00390625,30.998809814453125,1.1153686046600342,0.717313826084137,3.1358535289764404
133,133,1015,2006-02-12T07:00:00.000000,2408.50390625,36.50863265991211,1.0372400283813477,0.7576375603675842,3.351433277130127
134,134,1015,2006-02-12T07:00:00.000000,2622.272705078125,29.05743980407715,1.1393308639526367,0.6056802272796631,2.6110997200012207
135,135,1015,2006-02-12T07:00:00.000000,2518.8505859375,47.94791793823242,1.4977469444274902,1.1691972017288208,4.920093059539795
136,136,1015,2006-02-12T07:00:00.000000,3883.641357421875,36.51994323730469,0.8131791949272156,0.5284497141838074,2.3378043174743652
0,0,1527,2006-03-05T15:00:00.000000,39228.8203125,176.10595703125,3.7549493312835693,1.7229533195495605,8.201061248779297
1,1,1527,2006-03-05T15:00:00.000000,5920.78271484375,70.69762420654297,2.2742199897766113,1.3855795860290527,6.763392925262451
2,2,1527,2006-03-05T15:00:00.000000,5935.6103515625,71.98481750488281,2.279326915740967,1.4106249809265137,6.2610650062561035
3,3,1527,2006-03-05T15:00:00.000000,4349.32080078125,61.8898811340332,1.8127741813659668,1.2635160684585571,5.962804794311523
4,4,1527,2006-03-05T15:00:00.000000,34150.91796875,165.61996459960938,4.220305919647217,1.841125726699829,8.987829208374023
5,5,1527,2006-03-05T15:00:00.000000,34701.45703125,172.6872100830078,1.6963797807693481,1.2073907852172852,5.936620712280273
6,6,1527,2006-03-05T15:00:00.000000,4633.55224609375,63.696128845214844,2.144115686416626,1.3701878786087036,6.624724864959717
7,7,1527,2006-03-05T15:00:00.000000,2682.42236328125,45.507442474365234,1.2431093454360962,0.9796556830406189,4.729877948760986
8,8,1527,2006-03-05T15:00:00.000000,5430.0419921875,68.88928985595703,2.1510426998138428,1.371117353439331,7.002528667449951
9,9,1527,2006-03-05T15:00:00.000000,2593.32470703125,44.81815719604492,1.0472596883773804,0.9006431102752686,4.108946800231934
10,10,1527,2006-03-05T15:00:00.000000,3021.73828125,51.1991081237793,1.288258671760559,1.0571472644805908,4.889715194702148
11,11,1527,2006-03-05T15:00:00.000000,1672.29296875,38.28154754638672,2.061803102493286,1.344178318977356,6.443562984466553
12,12,1527,2006-03-05T15:00:00.000000,3927.47705078125,59.173213958740234,1.4838409423828125,1.1501699686050415,5.617887496948242
13,13,1527,2006-03-05T15:00:00.000000,2658.13134765625,46.14017868041992,1.1162959337234497,0.9455417394638062,4.308844089508057
14,14,1527,2006-03-05T15:00:00.000000,4554.02392578125,63.03571701049805,1.4271341562271118,1.1158901453018188,5.528870582580566
15,15,1527,2006-03-05T15:00:00.000000,3622.03125,53.80268478393555,4.109583377838135,1.8122860193252563,8.614595413208008
16,16,1527,2006-03-05T15:00:00.000000,4983.55419921875,66.31488037109375,1.941899299621582,1.309045672416687,6.512248516082764
17,17,1527,2006-03-05T15:00:00.000000,3567.056640625,54.677978515625,1.3758422136306763,1.0738455057144165,5.247416973114014
18,18,1527,2006-03-05T15:00:00.000000,2675.04736328125,44.352378845214844,1.140071153640747,0.9156240820884705,4.146315097808838
19,19,1527,2006-03-05T15:00:00.000000,2417.174072265625,42.324405670166016,1.008793592453003,0.8646454811096191,3.918529748916626
20,20,1527,2006-03-05T15:00:00.000000,5571.4423828125,69.61725616455078,2.258906841278076,1.4017878770828247,6.934360980987549
21,21,1527,2006-03-05T15:00:00.000000,3969.77392578125,59.15743637084961,1.493514060974121,1.1474429368972778,5.587230682373047
22,22,1527,2006-03-05T15:00:00.000000,6732.48291015625,74.33184814453125,2.110424280166626,1.316049337387085,6.4518723487854
23,23,1527,2006-03-05T15:00:00.000000,30144.923828125,161.7818603515625,2.366626024246216,1.4334665536880493,6.814776420593262
24,24,1527,2006-03-05T15:00:00.000000,3872.7412109375,58.595237731933594,1.4655568599700928,1.1398676633834839,5.622711181640625
25,25,1527,2006-03-05T15:00:00.000000,2034.6846923828125,38.568748474121094,1.0692251920700073,0.8841411471366882,4.013879776000977
26,26,1527,2006-03-05T15:00:00.000000,2604.578857421875,46.11994171142578,1.1195963621139526,0.9562044143676758,4.362104892730713
27,27,1527,2006-03-05T15:00:00.000000,6048.02099609375,70.95417022705078,2.107980728149414,1.3246604204177856,6.3402018547058105
28,28,1527,2006-03-05T15:00:00.000000,29828.458984375,159.15594482421875,2.158531665802002,1.35390043258667,6.379733085632324
29,29,1527,2006-03-05T15:00:00.000000,2747.9111328125,48.0693473815918,1.1621003150939941,0.9885274171829224,4.751297950744629
30,30,1527,2006-03-05T15:00:00.000000,6551.3603515625,72.62590026855469,3.455490827560425,1.6679408550262451,7.924343585968018
31,31,1527,2006-03-05T15:00:00.000000,25077.279296875,145.3931427001953,2.5137381553649902,1.4556727409362793,6.786884784698486
32,32,1527,2006-03-05T15:00:00.000000,5975.505859375,72.12113189697266,2.347411870956421,1.4294527769088745,7.140566349029541
33,33,1527,2006-03-05T15:00:00.000000,4093.665283203125,59.8803596496582,2.0786640644073486,1.349336862564087,6.546862602233887
34,34,1527,2006-03-05T15:00:00.000000,4269.208984375,61.54494094848633,2.01784348487854,1.3380194902420044,6.007763862609863
35,35,1527,2006-03-05T15:00:00.000000,3829.038818359375,57.823814392089844,2.0340209007263184,1.3327218294143677,6.170588970184326
36,36,1527,2006-03-05T15:00:00.000000,4222.61083984375,61.63393020629883,1.6513559818267822,1.2188483476638794,5.8546013832092285
37,37,1527,2006-03-05T15:00:00.000000,2297.49853515625,45.277679443359375,1.7556610107421875,1.251632571220398,6.229055404663086
38,38,1527,2006-03-05T15:00:00.000000,3731.886962890625,57.17916488647461,1.4239909648895264,1.1169332265853882,5.437347888946533
39,39,1527,2006-03-05T15:00:00.000000,2582.2939453125,44.340476989746094,1.1462924480438232,0.9342115521430969,4.320997714996338
40,40,1527,2006-03-05T15:00:00.000000,33265.01953125,169.32351684570312,2.0954158306121826,1.3438738584518433,6.611684322357178
41,41,1527,2006-03-05T15:00:00.000000,5005.3154296875,66.80357360839844,1.9542582035064697,1.3200030326843262,5.8888726234436035
42,42,1527,2006-03-05T15:00:00.000000,4707.76513671875,64.76458740234375,1.729698896408081,1.2414106130599976,5.826819896697998
43,43,1527,2006-03-05T15:00:00.000000,2743.222900390625,46.37619400024414,1.1198230981826782,0.9369993209838867,4.22059440612793
44,44,1527,2006-03-05T15:00:00.000000,20571.98828125,126.49433898925781,3.8987791538238525,1.7413949966430664,8.13936710357666
45,45,1527,2006-03-05T15:00:00.000000,6507.201171875,71.92083740234375,3.435791492462158,1.6526124477386475,7.802645683288574
46,46,1527,2006-03-05T15:00:00.000000,2304.916259765625,45.35297775268555,1.7251732349395752,1.2407795190811157,6.265892505645752
47,47,1527,2006-03-05T15:00:00.000000,4175.45751953125,59.971134185791016,1.9827709197998047,1.306852102279663,6.632035255432129
48,48,1527,2006-03-05T15:00:00.000000,6092.169921875,72.31935119628906,2.2207682132720947,1.3807662725448608,6.624170303344727
49,49,1527,2006-03-05T15:00:00.000000,3882.327392578125,58.484527587890625,1.5118193626403809,1.1541037559509277,5.62528657913208
50,50,1527,2006-03-05T15:00:00.000000,5513.07373046875,69.32112884521484,2.1823513507843018,1.3792121410369873,6.756355285644531
51,51,1527,2006-03-05T15:00:00.000000,2575.882568359375,43.75416946411133,1.0555025339126587,0.8856987953186035,4.049485683441162
52,52,1527,2006-03-05T15:00:00.000000,5784.30859375,70.29315948486328,2.1669368743896484,1.3605372905731201,6.555082321166992
53,53,1527,2006-03-05T15:00:00.000000,4119.90283203125,60.6895866394043,1.617780089378357,1.2026255130767822,5.8017659187316895
54,54,1527,2006-03-05T15:00:00.000000,4191.8349609375,60.7235107421875,1.9127211570739746,1.2971214056015015,6.362457275390625
55,55,1527,2006-03-05T15:00:00.000000,5444.38525390625,69.1238021850586,2.141085624694824,1.3707880973815918,6.742087364196777
56,56,1527,2006-03-05T15:00:00.000000,4715.259765625,64.97113037109375,1.7574043273925781,1.2543059587478638,6.288516998291016
57,57,1527,2006-03-05T15:00:00.000000,3005.207763671875,51.167564392089844,1.4372707605361938,1.118991494178772,5.336917877197266
58,58,1527,2006-03-05T15:00:00.000000,3776.611572265625,57.37112808227539,1.7977943420410156,1.2517346143722534,6.2510552406311035
59,59,1527,2006-03-05T15:00:00.000000,3531.2470703125,55.41964340209961,1.3804363012313843,1.095740795135498,5.4460368156433105
60,60,1527,2006-03-05T15:00:00.000000,1721.08203125,37.72470474243164,1.243686556816101,1.014099359512329,4.917022228240967
61,61,1527,2006-03-05T15:00:00.000000,5156.8837890625,66.74285125732422,1.9489790201187134,1.297521710395813,5.950100898742676
62,62,1527,2006-03-05T15:00:00.000000,2729.536865234375,46.39761734008789,1.1252537965774536,0.9420554041862488,4.0913004875183105
63,63,1527,2006-03-05T15:00:00.000000,4643.92919921875,63.62143325805664,2.274465799331665,1.4079926013946533,7.029916286468506
64,64,1527,2006-03-05T15:00:00.000000,5706.55517578125,69.7458267211914,2.3220818042755127,1.4069219827651978,6.764715194702148
65,65,1527,2006-03-05T15:00:00.000000,3390.758544921875,53.275299072265625,1.3463345766067505,1.0615830421447754,5.141298294067383
66,66,1527,2006-03-05T15:00:00.000000,4000.509765625,59.75922775268555,1.6087160110473633,1.1983590126037598,5.835092067718506
67,67,1527,2006-03-05T15:00:00.000000,5903.9521484375,70.90119171142578,2.139317035675049,1.3496454954147339,6.421712875366211
68,68,1527,2006-03-05T15:00:00.000000,11425.2783203125,100.1577377319336,1.2474887371063232,1.0465728044509888,4.724488735198975
69,69,1527,2006-03-05T15:00:00.000000,23002.0546875,140.82916259765625,2.2256524562835693,1.3852812051773071,6.653866767883301
70,70,1527,2006-03-05T15:00:00.000000,11035.408203125,98.94047546386719,2.1005895137786865,1.365055799484253,6.543949127197266
71,71,1527,2006-03-05T15:00:00.000000,2323.83837890625,45.28571701049805,1.8426357507705688,1.2751991748809814,6.2650322914123535
72,72,1527,2006-03-05T15:00:00.000000,5641.6767578125,69.67737579345703,2.287285327911377,1.4029682874679565,6.428298473358154
73,73,1527,2006-03-05T15:00:00.000000,83642.546875,256.2342529296875,4.029865741729736,1.7785612344741821,8.544793128967285
74,74,1527,2006-03-05T15:00:00.000000,5276.0810546875,67.68570709228516,2.0622570514678955,1.3381743431091309,6.561993598937988
75,75,1527,2006-03-05T15:00:00.000000,3679.486572265625,56.81666946411133,1.3933809995651245,1.1056485176086426,5.165665626525879
76,76,1527,2006-03-05T15:00:00.000000,5132.62060546875,66.92113494873047,1.616411566734314,1.1875985860824585,5.667176723480225
77,77,1527,2006-03-05T15:00:00.000000,2563.308349609375,43.618751525878906,1.0779101848602295,0.8944665193557739,4.1304707527160645
78,78,1527,2006-03-05T15:00:00.000000,4569.98291015625,63.471134185791016,1.6922531127929688,1.2213823795318604,5.774747848510742
79,79,1527,2006-03-05T15:00:00.000000,4529.04052734375,62.46577453613281,1.7995244264602661,1.245139241218567,6.004889965057373
80,80,1527,2006-03-05T15:00:00.000000,9640.1982421875,91.10565948486328,1.9428939819335938,1.2933824062347412,6.112516403198242
81,81,1527,2006-03-05T15:00:00.000000,2768.756103515625,48.0461311340332,1.1510719060897827,0.9796417951583862,4.2399725914001465
82,82,1527,2006-03-05T15:00:00.000000,8178.76220703125,82.74286651611328,3.881716012954712,1.802596926689148,8.549994468688965
83,83,1527,2006-03-05T15:00:00.000000,1984.595458984375,41.95655059814453,1.4764959812164307,1.1444053649902344,5.537837505340576
84,84,1527,2006-03-05T15:00:00.000000,2519.682373046875,43.00178527832031,1.0103281736373901,0.8610825538635254,3.8870537281036377
85,85,1527,2006-03-05T15:00:00.000000,3693.049072265625,57.68006134033203,1.7672027349472046,1.2617589235305786,6.1971893310546875
86,86,1527,2006-03-05T15:00:00.000000,4167.91748046875,60.919944763183594,1.5995018482208252,1.1934173107147217,5.975804805755615
87,87,1527,2006-03-05T15:00:00.000000,3862.225830078125,58.10148620605469,1.8921407461166382,1.2860124111175537,6.423864364624023
88,88,1527,2006-03-05T15:00:00.000000,1942.1693115234375,36.636009216308594,1.0373486280441284,0.8466949462890625,3.7680280208587646
89,89,1527,2006-03-05T15:00:00.000000,4343.35791015625,62.0270881652832,2.102025270462036,1.3645439147949219,6.829367637634277
90,90,1527,2006-03-05T15:00:00.000000,1917.71337890625,41.38571548461914,1.5186915397644043,1.164644479751587,5.691596508026123
91,91,1527,2006-03-05T15:00:00.000000,4164.451171875,59.80982208251953,1.9231171607971191,1.2852762937545776,6.267898082733154
92,92,1527,2006-03-05T15:00:00.000000,4553.3935546875,63.71458435058594,1.741791844367981,1.2461473941802979,6.116990089416504
93,93,1527,2006-03-05T15:00:00.000000,4278.05078125,60.45059585571289,2.049699306488037,1.3231916427612305,6.439700126647949
94,94,1527,2006-03-05T15:00:00.000000,2667.051025390625,42.82499694824219,1.2642433643341064,0.9323888421058655,4.376112461090088
95,95,1527,2006-03-05T15:00:00.000000,6133.880859375,72.27678680419922,2.5039761066436768,1.4603139162063599,7.10139274597168
96,96,1527,2006-03-05T15:00:00.000000,4562.65576171875,59.65714645385742,2.514085054397583,1.4003726243972778,7.003499507904053
97,97,1527,2006-03-05T15:00:00.000000,3689.476318359375,57.150299072265625,1.8126673698425293,1.2667624950408936,6.187054634094238
98,98,1527,2006-03-05T15:00:00.000000,2267.20849609375,43.569644927978516,1.1910126209259033,0.9986112713813782,4.322292327880859
99,99,1527,2006-03-05T15:00:00.000000,5994.32080078125,71.24553680419922,2.260010242462158,1.3833844661712646,6.654196739196777
100,100,1527,2006-03-05T15:00:00.000000,1853.6356201171875,39.90803527832031,1.3518253564834595,1.0777262449264526,5.039159774780273
101,101,1527,2006-03-05T15:00:00.000000,1966.4854736328125,41.842559814453125,1.4194005727767944,1.1241527795791626,5.445346355438232
102,102,1527,2006-03-05T15:00:00.000000,2719.28564453125,45.82768249511719,1.1349761486053467,0.9362542629241943,4.325718879699707
103,103,1527,2006-03-05T15:00:00.000000,3211.730224609375,52.441070556640625,1.3439387083053589,1.0727334022521973,4.769051551818848
104,104,1527,2006-03-05T15:00:00.000000,9927.330078125,92.90267944335938,1.4417887926101685,1.1195998191833496,5.443220138549805
105,105,1527,2006-03-05T15:00:00.000000,14936.583984375,114.20476531982422,1.9931591749191284,1.3192574977874756,6.297412872314453
106,106,1527,2006-03-05T15:00:00.000000,2513.754150390625,41.407440185546875,1.1638014316558838,0.8909563422203064,4.2157135009765625
107,107,1527,2006-03-05T15:00:00.000000,4120.94775390625,60.095237731933594,1.5815633535385132,1.1772936582565308,5.713458061218262
108,108,1527,2006-03-05T15:00:00.000000,4065.686767578125,59.7145881652832,2.009390115737915,1.3275337219238281,6.622519493103027
109,109,1527,2006-03-05T15:00:00.000000,4660.755859375,63.739585876464844,1.872625470161438,1.2776342630386353,5.873540878295898
110,110,1527,2006-03-05T15:00:00.000000,3584.93359375,56.258033752441406,1.3944008350372314,1.1095268726348877,4.981084823608398
111,111,1527,2006-03-05T15:00:00.000000,4192.05419921875,61.31220626831055,1.5836563110351562,1.1916918754577637,5.5250563621521
112,112,1527,2006-03-05T15:00:00.000000,1571.3997802734375,37.1101188659668,1.8279837369918823,1.2657127380371094,5.992420673370361
113,113,1527,2006-03-05T15:00:00.000000,3145.610107421875,52.447021484375,1.4711538553237915,1.1342204809188843,5.391605377197266
114,114,1527,2006-03-05T15:00:00.000000,6049.3330078125,71.62113189697266,2.2644717693328857,1.3857053518295288,6.618245601654053
115,115,1527,2006-03-05T15:00:00.000000,361.6557922363281,17.706846237182617,1.8146438598632812,1.2542647123336792,5.865549087524414
116,116,1527,2006-03-05T15:00:00.000000,4889.1962890625,65.52916717529297,1.8553714752197266,1.2765308618545532,5.823014259338379
117,117,1527,2006-03-05T15:00:00.000000,5813.43701171875,70.47618865966797,2.1544508934020996,1.3567324876785278,6.631781578063965
118,118,1527,2006-03-05T15:00:00.000000,4187.47119140625,60.91190719604492,1.6496047973632812,1.2089720964431763,5.923896789550781
119,119,1527,2006-03-05T15:00:00.000000,2121.5341796875,43.50595474243164,1.6444902420043945,1.2112654447555542,6.069728851318359
120,120,1527,2006-03-05T15:00:00.000000,5269.66357421875,67.75416564941406,2.04335618019104,1.3341864347457886,6.418083667755127
121,121,1527,2006-03-05T15:00:00.000000,44003.70703125,188.76161193847656,3.366217851638794,1.6509737968444824,7.846867084503174
122,122,1527,2006-03-05T15:00:00.000000,4695.5732421875,64.5800552368164,1.8104482889175415,1.268081545829773,5.968318939208984
123,123,1527,2006-03-05T15:00:00.000000,4358.53466796875,62.151187896728516,1.6845289468765259,1.2218517065048218,5.887835502624512
124,124,1527,2006-03-05T15:00:00.000000,12089.7314453125,104.4824447631836,1.6571197509765625,1.2232407331466675,5.578370571136475
125,125,1527,2006-03-05T15:00:00.000000,11409.4775390625,99.25030517578125,2.043222427368164,1.3281794786453247,6.238997936248779
126,126,1527,2006-03-05T15:00:00.000000,1077.6373291015625,30.257144927978516,1.3454359769821167,1.069111704826355,4.939020156860352
127,127,1527,2006-03-05T15:00:00.000000,5027.1376953125,65.93214416503906,2.0618817806243896,1.3352688550949097,6.3001275062561035
128,128,1527,2006-03-05T15:00:00.000000,3917.025634765625,58.587799072265625,1.556118369102478,1.1677511930465698,5.689563751220703
129,129,1527,2006-03-05T15:00:00.000000,509.36920166015625,20.6997013092041,2.4313206672668457,1.4301080703735352,6.688046455383301
130,130,1527,2006-03-05T15:00:00.000000,4527.12158203125,61.444644927978516,2.253690242767334,1.3709450960159302,6.590326309204102
131,131,1527,2006-03-05T15:00:00.000000,3020.433837890625,51.34851837158203,1.3278247117996216,1.0766228437423706,4.870461940765381
132,132,1527,2006-03-05T15:00:00.000000,2688.236328125,46.63541793823242,1.128135085105896,0.9553504586219788,4.183891773223877
133,133,1527,2006-03-05T15:00:00.000000,6131.17138671875,71.99523162841797,2.30116605758667,1.3947808742523193,6.571150302886963
134,134,1527,2006-03-05T15:00:00.000000,3543.51953125,55.0163688659668,1.3654347658157349,1.0799658298492432,5.066872596740723
135,135,1527,2006-03-05T15:00:00.000000,7755.83056640625,77.70178985595703,3.9893851280212402,1.7622593641281128,8.474504470825195
136,136,1527,2006-03-05T15:00:00.000000,6876.865234375,77.14226531982422,1.4429831504821777,1.1174490451812744,5.217922687530518
0,0,2039,2006-03-26T23:00:00.000000,21010.083984375,93.75863647460938,1.6441763639450073,0.8294143676757812,3.6854865550994873
1,1,2039,2006-03-26T23:00:00.000000,4631.3447265625,41.17440414428711,1.4901155233383179,0.7385565638542175,3.2997777462005615
2,2,2039,2006-03-26T23:00:00.000000,5233.24169921875,41.64434814453125,1.8635430335998535,0.7858513593673706,3.621122121810913
3,3,2039,2006-03-26T23:00:00.000000,4717.806640625,39.70119094848633,1.4819231033325195,0.7036330699920654,3.2216989994049072
4,4,2039,2006-03-26T23:00:00.000000,15916.515625,80.3717269897461,1.6917651891708374,0.8286084532737732,3.6746790409088135
5,5,2039,2006-03-26T23:00:00.000000,29306.642578125,98.56369018554688,1.202309012413025,0.6313089728355408,2.8286542892456055
6,6,2039,2006-03-26T23:00:00.000000,4192.43212890625,38.96845245361328,1.6194941997528076,0.7658960223197937,3.4571726322174072
7,7,2039,2006-03-26T23:00:00.000000,4137.8916015625,37.41101837158203,1.6000875234603882,0.7356678247451782,3.252232313156128
8,8,2039,2006-03-26T23:00:00.000000,4450.14013671875,38.899105072021484,1.3358246088027954,0.6739497780799866,3.1005866527557373
9,9,2039,2006-03-26T23:00:00.000000,5184.55419921875,42.2744026184082,1.9942116737365723,0.829101026058197,3.709963083267212
10,10,2039,2006-03-26T23:00:00.000000,4709.0546875,40.18839645385742,1.8080482482910156,0.7874786853790283,3.406771659851074
11,11,2039,2006-03-26T23:00:00.000000,1513.5810546875,23.25238037109375,1.6083223819732666,0.7579684853553772,3.395838737487793
12,12,2039,2006-03-26T23:00:00.000000,4574.552734375,39.532737731933594,1.4038825035095215,0.6925448775291443,3.178187847137451
13,13,2039,2006-03-26T23:00:00.000000,5322.15185546875,43.09196472167969,1.9897390604019165,0.8332027196884155,3.61085844039917
14,14,2039,2006-03-26T23:00:00.000000,5104.99853515625,42.177085876464844,1.3569098711013794,0.6876290440559387,3.0997610092163086
15,15,2039,2006-03-26T23:00:00.000000,1756.678955078125,26.407737731933594,1.632685899734497,0.8050749897956848,3.7356131076812744
16,16,2039,2006-03-26T23:00:00.000000,4768.505859375,41.1053581237793,1.4760472774505615,0.7231983542442322,3.3129827976226807
17,17,2039,2006-03-26T23:00:00.000000,4928.12890625,42.04047393798828,1.5443530082702637,0.7442175149917603,3.467639446258545
18,18,2039,2006-03-26T23:00:00.000000,5128.9326171875,41.859230041503906,1.9284236431121826,0.8116689324378967,3.4892520904541016
19,19,2039,2006-03-26T23:00:00.000000,4945.7451171875,41.443748474121094,1.8430497646331787,0.8000400066375732,3.582068681716919
20,20,2039,2006-03-26T23:00:00.000000,4441.70751953125,38.20268249511719,1.3477251529693604,0.665456235408783,3.0289955139160156
21,21,2039,2006-03-26T23:00:00.000000,4794.54345703125,41.0821418762207,1.4857029914855957,0.7231783866882324,3.2467586994171143
22,22,2039,2006-03-26T23:00:00.000000,5619.349609375,46.513389587402344,1.3895516395568848,0.7314292788505554,3.2048325538635254
23,23,2039,2006-03-26T23:00:00.000000,19886.482421875,82.57588958740234,1.2921620607376099,0.6656299233436584,3.0739614963531494
24,24,2039,2006-03-26T23:00:00.000000,4535.26953125,39.842857360839844,1.4563889503479004,0.7139825224876404,3.1682300567626953
25,25,2039,2006-03-26T23:00:00.000000,4219.369140625,37.96011734008789,2.023691415786743,0.8313347101211548,3.619361639022827
26,26,2039,2006-03-26T23:00:00.000000,4815.6923828125,41.11250305175781,1.802219271659851,0.7953317761421204,3.6029038429260254
27,27,2039,2006-03-26T23:00:00.000000,4839.8671875,42.00714111328125,1.5400011539459229,0.7493193745613098,3.3994452953338623
28,28,2039,2006-03-26T23:00:00.000000,23371.248046875,91.4559555053711,1.460263729095459,0.7229140996932983,3.1691226959228516
29,29,2039,2006-03-26T23:00:00.000000,4639.9765625,40.150299072265625,1.7064166069030762,0.7699693441390991,3.277017116546631
30,30,2039,2006-03-26T23:00:00.000000,3427.379150390625,37.76785659790039,1.4391679763793945,0.7739216089248657,3.544193983078003
31,31,2039,2006-03-26T23:00:00.000000,16064.4169921875,76.61964416503906,1.3830431699752808,0.7109279036521912,3.0945627689361572
32,32,2039,2006-03-26T23:00:00.000000,4573.85009765625,39.08363342285156,1.39873468875885,0.6834733486175537,3.122816562652588
33,33,2039,2006-03-26T23:00:00.000000,3616.36767578125,34.67886734008789,1.3365858793258667,0.6666948199272156,3.109464168548584
34,34,2039,2006-03-26T23:00:00.000000,4030.2939453125,36.8851203918457,1.6444878578186035,0.7450718879699707,3.293548345565796
35,35,2039,2006-03-26T23:00:00.000000,3323.5888671875,33.56934356689453,1.5164179801940918,0.7170488238334656,3.259789228439331
36,36,2039,2006-03-26T23:00:00.000000,4621.60986328125,40.154762268066406,1.4778906106948853,0.7180613875389099,3.289980173110962
37,37,2039,2006-03-26T23:00:00.000000,2304.726318359375,28.078868865966797,1.3569505214691162,0.6813212633132935,3.1042404174804688
38,38,2039,2006-03-26T23:00:00.000000,4808.77783203125,40.21131134033203,1.5318814516067505,0.7177007794380188,3.1974785327911377
39,39,2039,2006-03-26T23:00:00.000000,4435.716796875,39.46101379394531,1.6271007061004639,0.7557767629623413,3.342463970184326
40,40,2039,2006-03-26T23:00:00.000000,21840.2734375,85.46875,1.113916039466858,0.6103859543800354,2.728395700454712
41,41,2039,2006-03-26T23:00:00.000000,5386.4716796875,42.960716247558594,1.8853055238723755,0.8037300109863281,3.837617874145508
42,42,2039,2006-03-26T23:00:00.000000,4489.0693359375,39.24643325805664,1.325361728668213,0.6743560433387756,3.003660202026367
43,43,2039,2006-03-26T23:00:00.000000,5115.43017578125,41.75297546386719,1.9564841985702515,0.8165532946586609,3.5220694541931152
44,44,2039,2006-03-26T23:00:00.000000,11093.6572265625,67.14434814453125,1.674546718597412,0.8249368071556091,3.838127851486206
45,45,2039,2006-03-26T23:00:00.000000,3790.5615234375,38.9178581237793,1.618369698524475,0.8041480183601379,3.5427258014678955
46,46,2039,2006-03-26T23:00:00.000000,2300.69580078125,28.65654754638672,1.349921464920044,0.6941422820091248,3.119089126586914
47,47,2039,2006-03-26T23:00:00.000000,2991.498046875,31.948511123657227,1.1297461986541748,0.6208643317222595,2.8250155448913574
48,48,2039,2006-03-26T23:00:00.000000,4587.77001953125,40.490177154541016,1.4528073072433472,0.7205314040184021,3.2302236557006836
49,49,2039,2006-03-26T23:00:00.000000,4605.3525390625,39.4130973815918,1.4807533025741577,0.7067250609397888,3.052126884460449
50,50,2039,2006-03-26T23:00:00.000000,4712.47607421875,39.69761657714844,1.4800934791564941,0.7035329341888428,3.194711208343506
51,51,2039,2006-03-26T23:00:00.000000,5327.43701171875,42.883628845214844,2.007192611694336,0.8323901295661926,3.584622383117676
52,52,2039,2006-03-26T23:00:00.000000,4799.109375,41.54553985595703,1.5251519680023193,0.7406287789344788,3.300910711288452
53,53,2039,2006-03-26T23:00:00.000000,4577.037109375,39.316368103027344,1.3554476499557495,0.67658531665802,3.149768352508545
54,54,2039,2006-03-26T23:00:00.000000,4056.957275390625,38.291072845458984,1.5475620031356812,0.7478618025779724,3.38942551612854
55,55,2039,2006-03-26T23:00:00.000000,4533.80517578125,39.1413688659668,1.4103341102600098,0.6903440356254578,3.1325552463531494
56,56,2039,2006-03-26T23:00:00.000000,4684.68408203125,40.55327224731445,1.4263166189193726,0.7076097130775452,3.211167097091675
57,57,2039,2006-03-26T23:00:00.000000,3905.103759765625,36.57678985595703,1.5660597085952759,0.7324760556221008,3.2007315158843994
58,58,2039,2006-03-26T23:00:00.000000,3326.597900390625,33.480655670166016,1.2028323411941528,0.6366435885429382,2.8390657901763916
59,59,2039,2006-03-26T23:00:00.000000,4729.06640625,40.54196548461914,1.5279744863510132,0.7287442684173584,3.3170580863952637
60,60,2039,2006-03-26T23:00:00.000000,2574.88427734375,29.903274536132812,1.6085495948791504,0.7474068999290466,3.2841367721557617
61,61,2039,2006-03-26T23:00:00.000000,4256.865234375,38.114288330078125,1.2783591747283936,0.6604946255683899,2.945155143737793
62,62,2039,2006-03-26T23:00:00.000000,5279.95263671875,42.32410430908203,2.034126043319702,0.8307335376739502,3.556648015975952
63,63,2039,2006-03-26T23:00:00.000000,3574.857666015625,34.686012268066406,1.2783398628234863,0.6559159159660339,2.9813849925994873
64,64,2039,2006-03-26T23:00:00.000000,4493.904296875,40.21994400024414,1.5818716287612915,0.7545970678329468,3.38423752784729
65,65,2039,2006-03-26T23:00:00.000000,4880.34130859375,40.423213958740234,1.5729892253875732,0.7257192134857178,3.242107629776001
66,66,2039,2006-03-26T23:00:00.000000,4612.41748046875,39.00773620605469,1.4067187309265137,0.6812242269515991,3.1605820655822754
67,67,2039,2006-03-26T23:00:00.000000,4775.451171875,41.89256286621094,1.4913405179977417,0.740317702293396,3.3085193634033203
68,68,2039,2006-03-26T23:00:00.000000,19968.71484375,88.50238800048828,1.7849993705749512,0.8367562294006348,3.595217704772949
69,69,2039,2006-03-26T23:00:00.000000,17631.615234375,78.42916870117188,1.5331206321716309,0.7313407063484192,3.2254269123077393
70,70,2039,2006-03-26T23:00:00.000000,9248.3037109375,56.29405212402344,1.5294694900512695,0.7239388227462769,3.2250101566314697
71,71,2039,2006-03-26T23:00:00.000000,1971.5673828125,25.27083396911621,1.2093713283538818,0.6258836984634399,2.821019172668457
72,72,2039,2006-03-26T23:00:00.000000,4223.89697265625,39.13571548461914,1.4774377346038818,0.7319328188896179,3.2911901473999023
73,73,2039,2006-03-26T23:00:00.000000,39032.91015625,122.85237884521484,1.472023367881775,0.7544413208961487,3.3746047019958496
74,74,2039,2006-03-26T23:00:00.000000,4486.650390625,39.01071548461914,1.3928602933883667,0.6873478293418884,3.113232374191284
75,75,2039,2006-03-26T23:00:00.000000,4927.365234375,42.06309509277344,1.5336503982543945,0.7420907616615295,3.3209447860717773
76,76,2039,2006-03-26T23:00:00.000000,5039.49267578125,41.51905059814453,1.376678466796875,0.6862308382987976,3.109647512435913
77,77,2039,2006-03-26T23:00:00.000000,5106.138671875,42.28690719604492,1.9471369981765747,0.8257676362991333,3.6817049980163574
78,78,2039,2006-03-26T23:00:00.000000,4212.5615234375,37.82172393798828,1.2389339208602905,0.648622989654541,2.8819501399993896
79,79,2039,2006-03-26T23:00:00.000000,4602.86474609375,41.136314392089844,1.58235502243042,0.7627165913581848,3.3772220611572266
80,80,2039,2006-03-26T23:00:00.000000,6297.6669921875,45.69107437133789,1.0758979320526123,0.5972099900245667,2.6786882877349854
81,81,2039,2006-03-26T23:00:00.000000,5133.8818359375,41.81011962890625,2.0249667167663574,0.8303619027137756,3.6626362800598145
82,82,2039,2006-03-26T23:00:00.000000,4145.78125,38.88928985595703,1.6409835815429688,0.7737112641334534,3.5058631896972656
83,83,2039,2006-03-26T23:00:00.000000,2435.20068359375,28.785415649414062,1.540776252746582,0.7240607142448425,3.218714475631714
84,84,2039,2006-03-26T23:00:00.000000,5201.400390625,42.161312103271484,2.005249500274658,0.8278241753578186,3.7600643634796143
85,85,2039,2006-03-26T23:00:00.000000,3768.055908203125,35.58631134033203,1.4113540649414062,0.6887193322181702,3.058454990386963
86,86,2039,2006-03-26T23:00:00.000000,4591.6943359375,40.04642868041992,1.411345362663269,0.7020918726921082,3.1690375804901123
87,87,2039,2006-03-26T23:00:00.000000,3729.375732421875,35.38869094848633,1.3717230558395386,0.6787028312683105,3.151872158050537
88,88,2039,2006-03-26T23:00:00.000000,4144.8994140625,37.565181732177734,2.0053372383117676,0.826270341873169,3.6219377517700195
89,89,2039,2006-03-26T23:00:00.000000,3750.3154296875,35.98273849487305,1.3886014223098755,0.6923873424530029,3.2035889625549316
90,90,2039,2006-03-26T23:00:00.000000,1795.1585693359375,24.051488876342773,1.1042520999908447,0.5965195298194885,2.6570684909820557
91,91,2039,2006-03-26T23:00:00.000000,3134.112060546875,32.656551361083984,1.1724492311477661,0.6316260695457458,2.920792579650879
92,92,2039,2006-03-26T23:00:00.000000,4157.49169921875,37.184226989746094,1.3153083324432373,0.6613887548446655,3.021789312362671
93,93,2039,2006-03-26T23:00:00.000000,2959.679443359375,31.87053680419922,1.1251767873764038,0.6214088201522827,2.7689101696014404
94,94,2039,2006-03-26T23:00:00.000000,4259.19287109375,38.20952606201172,1.6332015991210938,0.7482175827026367,3.334442138671875
95,95,2039,2006-03-26T23:00:00.000000,4498.59716796875,40.48898696899414,1.5695116519927979,0.7562766671180725,3.3312551975250244
96,96,2039,2006-03-26T23:00:00.000000,2994.0263671875,33.740177154541016,1.2564411163330078,0.6911792159080505,3.14487361907959
97,97,2039,2006-03-26T23:00:00.000000,3733.389892578125,35.75208282470703,1.40398371219635,0.6933152079582214,3.1571249961853027
98,98,2039,2006-03-26T23:00:00.000000,4070.78271484375,37.51994323730469,1.98004150390625,0.8274854421615601,3.6662063598632812
99,99,2039,2006-03-26T23:00:00.000000,4514.9130859375,40.034523010253906,1.4241291284561157,0.7110247015953064,3.1501553058624268
100,100,2039,2006-03-26T23:00:00.000000,2557.44384765625,29.7065486907959,1.5877091884613037,0.7401753664016724,3.3745245933532715
101,101,2039,2006-03-26T23:00:00.000000,2376.745849609375,28.884525299072266,1.4178210496902466,0.7054797410964966,3.1257758140563965
102,102,2039,2006-03-26T23:00:00.000000,4651.8203125,40.281551361083984,1.6941531896591187,0.7687249779701233,3.390498161315918
103,103,2039,2006-03-26T23:00:00.000000,5191.77978515625,42.20624923706055,2.0021884441375732,0.8288407921791077,3.5532736778259277
104,104,2039,2006-03-26T23:00:00.000000,11559.3798828125,63.47053527832031,1.3838706016540527,0.6944686770439148,3.0407726764678955
105,105,2039,2006-03-26T23:00:00.000000,11684.9306640625,63.80744552612305,1.3781806230545044,0.6929649114608765,3.1734325885772705
106,106,2039,2006-03-26T23:00:00.000000,4155.4599609375,37.4571418762207,1.6356902122497559,0.7431485652923584,3.287377119064331
107,107,2039,2006-03-26T23:00:00.000000,4597.47607421875,39.33601379394531,1.3656737804412842,0.6779599785804749,3.1358091831207275
108,108,2039,2006-03-26T23:00:00.000000,3607.877197265625,34.734527587890625,1.3370882272720337,0.6686756610870361,3.083998203277588
109,109,2039,2006-03-26T23:00:00.000000,4670.5087890625,39.95357131958008,1.492392659187317,0.7141920924186707,3.238677978515625
110,110,2039,2006-03-26T23:00:00.000000,5398.52734375,42.902976989746094,1.9454799890518188,0.8144477009773254,3.9161245822906494
111,111,2039,2006-03-26T23:00:00.000000,4113.01513671875,37.5101203918457,1.2307381629943848,0.6488602161407471,2.8696391582489014
112,112,2039,2006-03-26T23:00:00.000000,1464.451416015625,22.780057907104492,1.4908878803253174,0.7268417477607727,3.303647756576538
113,113,2039,2006-03-26T23:00:00.000000,3691.125,34.88184356689453,1.5092955827713013,0.7053541541099548,3.203967809677124
114,114,2039,2006-03-26T23:00:00.000000,4750.6904296875,41.473812103271484,1.5343326330184937,0.7453415393829346,3.266268014907837
115,115,2039,2006-03-26T23:00:00.000000,240.8219451904297,9.086905479431152,1.0346213579177856,0.5956054329872131,2.5967013835906982
116,116,2039,2006-03-26T23:00:00.000000,4193.78955078125,37.4952392578125,1.2224440574645996,0.6401582360267639,2.8534843921661377
117,117,2039,2006-03-26T23:00:00.000000,4572.2216796875,40.31547546386719,1.436124324798584,0.7145031690597534,3.1519477367401123
118,118,2039,2006-03-26T23:00:00.000000,4970.41259765625,41.25208282470703,1.5967597961425781,0.7393831014633179,3.288243055343628
119,119,2039,2006-03-26T23:00:00.000000,1897.5396728515625,24.608335494995117,1.1322760581970215,0.6011224985122681,2.768939733505249
120,120,2039,2006-03-26T23:00:00.000000,4400.0908203125,38.7139892578125,1.3431215286254883,0.6763861775398254,3.0599379539489746
121,121,2039,2006-03-26T23:00:00.000000,25871.4765625,102.30536651611328,1.6475937366485596,0.8164184093475342,3.5489625930786133
122,122,2039,2006-03-26T23:00:00.000000,4295.07373046875,38.65089416503906,1.25663161277771,0.6611168384552002,3.006991386413574
123,123,2039,2006-03-26T23:00:00.000000,4130.83251953125,37.37053298950195,1.29298734664917,0.6611616611480713,2.990356206893921
124,124,2039,2006-03-26T23:00:00.000000,10769.68359375,60.587501525878906,1.2386767864227295,0.6497713327407837,2.862571954727173
125,125,2039,2006-03-26T23:00:00.000000,8555.8330078125,55.037498474121094,1.4051599502563477,0.7053269147872925,3.1208558082580566
126,126,2039,2006-03-26T23:00:00.000000,1287.1783447265625,20.771427154541016,1.4050021171569824,0.6862550377845764,2.967852830886841
127,127,2039,2006-03-26T23:00:00.000000,4132.4072265625,38.35625076293945,1.4127402305603027,0.709195077419281,3.106844663619995
128,128,2039,2006-03-26T23:00:00.000000,4851.6044921875,41.46428680419922,1.561769962310791,0.7439435720443726,3.2336716651916504
129,129,2039,2006-03-26T23:00:00.000000,306.38214111328125,10.439285278320312,1.3038396835327148,0.6810063123703003,2.9928531646728516
130,130,2039,2006-03-26T23:00:00.000000,3255.647705078125,34.322322845458984,1.5087355375289917,0.7388640642166138,3.227663993835449
131,131,2039,2006-03-26T23:00:00.000000,4389.9951171875,39.259525299072266,1.7006422281265259,0.7727152705192566,3.3896703720092773
132,132,2039,2006-03-26T23:00:00.000000,5334.068359375,42.80417251586914,2.0793466567993164,0.8451234698295593,3.6281445026397705
133,133,2039,2006-03-26T23:00:00.000000,4651.61083984375,41.55357360839844,1.4806666374206543,0.7413704991340637,3.2411375045776367
134,134,2039,2006-03-26T23:00:00.000000,4866.42578125,41.40803909301758,1.5686767101287842,0.7434406876564026,3.3039724826812744
135,135,2039,2006-03-26T23:00:00.000000,3543.58203125,37.316368103027344,1.4840959310531616,0.7636759877204895,3.5452804565429688
136,136,2039,2006-03-26T23:00:00.000000,7843.263671875,51.94255828857422,1.314284086227417,0.6723874807357788,3.0423872470855713
0,0,2551,2006-04-17T07:00:00.000000,16095.619140625,117.2276840209961,1.137732744216919,0.9855903387069702,4.453657150268555
1,1,2551,2006-04-17T07:00:00.000000,3752.48828125,57.407737731933594,1.0977405309677124,0.9818851351737976,4.248202323913574
2,2,2551,2006-04-17T07:00:00.000000,3635.37060546875,55.87321090698242,1.0136587619781494,0.9329861402511597,4.48716402053833
3,3,2551,2006-04-17T07:00:00.000000,3678.298828125,56.015777587890625,0.9887422919273376,0.9183926582336426,4.079507827758789
4,4,2551,2006-04-17T07:00:00.000000,23301.75390625,130.1961212158203,2.1681718826293945,1.2558871507644653,5.76763916015625
5,5,2551,2006-04-17T07:00:00.000000,22491.0859375,112.92292022705078,0.9203916192054749,0.7223758101463318,3.2469704151153564
6,6,2551,2006-04-17T07:00:00.000000,2606.80517578125,47.934226989746094,0.9107059240341187,0.8959433436393738,4.020832061767578
7,7,2551,2006-04-17T07:00:00.000000,2947.45458984375,49.989288330078125,0.9466890096664429,0.8958948254585266,3.925808906555176
8,8,2551,2006-04-17T07:00:00.000000,3397.273193359375,50.7255973815918,0.9753000140190125,0.8594706654548645,3.769191265106201
9,9,2551,2006-04-17T07:00:00.000000,3770.34716796875,57.59434509277344,1.0527278184890747,0.9623814821243286,4.461859226226807
10,10,2551,2006-04-17T07:00:00.000000,3724.433837890625,57.20535659790039,1.0894935131072998,0.9784053564071655,4.4216790199279785
11,11,2551,2006-04-17T07:00:00.000000,924.445068359375,28.530654907226562,0.9079633355140686,0.8941396474838257,3.983213186264038
12,12,2551,2006-04-17T07:00:00.000000,3511.9482421875,53.68095016479492,0.9485964179039001,0.8822402954101562,3.847137451171875
13,13,2551,2006-04-17T07:00:00.000000,3995.392822265625,58.7764892578125,1.0862748622894287,0.9691562056541443,4.334156036376953
14,14,2551,2006-04-17T07:00:00.000000,3723.42333984375,53.145538330078125,0.9597918391227722,0.8532653450965881,3.6075611114501953
15,15,2551,2006-04-17T07:00:00.000000,1066.1552734375,30.497617721557617,0.8876510262489319,0.8799881935119629,4.163356781005859
16,16,2551,2006-04-17T07:00:00.000000,3720.43896484375,53.917259216308594,1.0141032934188843,0.8901677131652832,3.9320578575134277
17,17,2551,2006-04-17T07:00:00.000000,3647.7880859375,50.96011734008789,0.9861451983451843,0.8378881812095642,3.67805814743042
18,18,2551,2006-04-17T07:00:00.000000,3918.291748046875,58.31904602050781,1.082263708114624,0.9692338705062866,4.384366512298584
19,19,2551,2006-04-17T07:00:00.000000,3930.9345703125,58.4008903503418,1.0831356048583984,0.9694223403930664,4.336273193359375
20,20,2551,2006-04-17T07:00:00.000000,3527.874755859375,53.55744552612305,0.9647046327590942,0.8856465816497803,3.8357174396514893
21,21,2551,2006-04-17T07:00:00.000000,3572.49755859375,47.943748474121094,0.9606741070747375,0.7862018346786499,3.4721593856811523
22,22,2551,2006-04-17T07:00:00.000000,4146.052734375,59.13839340209961,0.9543458819389343,0.8972325325012207,4.081140041351318
23,23,2551,2006-04-17T07:00:00.000000,14989.8095703125,111.24910736083984,0.9056652784347534,0.8647335767745972,3.8207485675811768
24,24,2551,2006-04-17T07:00:00.000000,3744.196533203125,54.60833740234375,1.0113950967788696,0.8975115418434143,3.943321704864502
25,25,2551,2006-04-17T07:00:00.000000,3106.3095703125,52.427085876464844,1.104177713394165,0.9884457588195801,4.528851509094238
26,26,2551,2006-04-17T07:00:00.000000,3377.607177734375,53.1148796081543,0.9700513482093811,0.9001377820968628,4.015146732330322
27,27,2551,2006-04-17T07:00:00.000000,4073.5283203125,59.8505973815918,1.1575369834899902,1.0089056491851807,4.433116436004639
28,28,2551,2006-04-17T07:00:00.000000,16640.591796875,121.12677764892578,1.0049569606781006,0.9413031935691833,4.208289623260498
29,29,2551,2006-04-17T07:00:00.000000,3750.02099609375,56.85981750488281,1.0800590515136719,0.9649668335914612,4.360429286956787
30,30,2551,2006-04-17T07:00:00.000000,2841.339599609375,49.798213958740234,1.1186144351959229,0.988080620765686,4.433598518371582
31,31,2551,2006-04-17T07:00:00.000000,13447.318359375,108.33244323730469,1.1636313199996948,1.007739782333374,4.393266201019287
32,32,2551,2006-04-17T07:00:00.000000,3809.655517578125,57.66874694824219,1.0464915037155151,0.9557967782020569,4.258370399475098
33,33,2551,2006-04-17T07:00:00.000000,2893.6259765625,49.35208511352539,1.003753423690796,0.9191741943359375,4.099261283874512
34,34,2551,2006-04-17T07:00:00.000000,3060.2587890625,51.15327453613281,0.9993698596954346,0.9243947863578796,4.15437126159668
35,35,2551,2006-04-17T07:00:00.000000,2104.19384765625,42.44969940185547,0.9179694056510925,0.8866370916366577,3.9509291648864746
36,36,2551,2006-04-17T07:00:00.000000,3497.88330078125,51.92886734008789,0.9422765374183655,0.8523057699203491,3.6924526691436768
37,37,2551,2006-04-17T07:00:00.000000,1688.8458251953125,34.024105072021484,0.9205901622772217,0.7943738698959351,3.516324758529663
38,38,2551,2006-04-17T07:00:00.000000,3268.87353515625,50.9014892578125,0.9066125154495239,0.8477001190185547,3.781116008758545
39,39,2551,2006-04-17T07:00:00.000000,3432.227294921875,53.92530059814453,0.9850354790687561,0.913546085357666,4.166514873504639
40,40,2551,2006-04-17T07:00:00.000000,16548.59765625,115.33988189697266,0.8486617207527161,0.825973629951477,3.6837050914764404
41,41,2551,2006-04-17T07:00:00.000000,3985.03125,59.042259216308594,1.1022635698318481,0.9819510579109192,4.562680244445801
42,42,2551,2006-04-17T07:00:00.000000,3465.143310546875,54.63065719604492,0.9663610458374023,0.9123165011405945,3.9830729961395264
43,43,2551,2006-04-17T07:00:00.000000,4190.80517578125,60.58006286621094,1.146912932395935,1.002181053161621,4.5342535972595215
44,44,2551,2006-04-17T07:00:00.000000,7144.20556640625,79.74999237060547,0.9535419344902039,0.9213478565216064,4.109477519989014
45,45,2551,2006-04-17T07:00:00.000000,5241.94775390625,61.4851188659668,1.9709880352020264,1.192245364189148,5.487258434295654
46,46,2551,2006-04-17T07:00:00.000000,1771.900390625,38.26280212402344,0.9842998385429382,0.9018218517303467,3.932809829711914
47,47,2551,2006-04-17T07:00:00.000000,2420.250244140625,39.7711296081543,0.8974908590316772,0.7658660411834717,3.3581008911132812
48,48,2551,2006-04-17T07:00:00.000000,3740.08935546875,56.90357208251953,1.0630375146865845,0.9593406319618225,4.268764972686768
49,49,2551,2006-04-17T07:00:00.000000,3165.201416015625,47.755062103271484,0.8732132911682129,0.7931931018829346,3.6050753593444824
50,50,2551,2006-04-17T07:00:00.000000,3817.252197265625,49.636009216308594,1.0264757871627808,0.8139463067054749,3.540477752685547
51,51,2551,2006-04-17T07:00:00.000000,3903.46875,58.46220397949219,1.0565561056137085,0.9618250727653503,4.394965171813965
52,52,2551,2006-04-17T07:00:00.000000,3805.483642578125,57.829463958740234,1.05814790725708,0.9643117189407349,4.319669723510742
53,53,2551,2006-04-17T07:00:00.000000,3770.913330078125,57.05475997924805,1.0406588315963745,0.9478133320808411,4.113926410675049
54,54,2551,2006-04-17T07:00:00.000000,2719.357666015625,49.413692474365234,0.9520362615585327,0.9245722889900208,4.092147350311279
55,55,2551,2006-04-17T07:00:00.000000,3349.5107421875,49.859230041503906,0.9095210433006287,0.8216015100479126,3.6139509677886963
56,56,2551,2006-04-17T07:00:00.000000,3431.584228515625,50.6297607421875,0.9391084313392639,0.8375611305236816,3.6271512508392334
57,57,2551,2006-04-17T07:00:00.000000,2857.761962890625,48.00863265991211,0.9474183320999146,0.8741324543952942,3.9324748516082764
58,58,2551,2006-04-17T07:00:00.000000,2297.474853515625,40.13422775268555,0.8072700500488281,0.7523136138916016,3.396141767501831
59,59,2551,2006-04-17T07:00:00.000000,3762.112060546875,56.9306526184082,1.0207563638687134,0.9377592206001282,4.128294467926025
60,60,2551,2006-04-17T07:00:00.000000,1752.78125,37.4851188659668,0.9134521484375,0.8557323217391968,3.9005000591278076
61,61,2551,2006-04-17T07:00:00.000000,3169.361572265625,49.900001525878906,0.906589150428772,0.8439561724662781,3.656050682067871
62,62,2551,2006-04-17T07:00:00.000000,3728.599853515625,57.01547622680664,1.029538631439209,0.947417140007019,4.188395977020264
63,63,2551,2006-04-17T07:00:00.000000,2883.816162109375,49.81428527832031,1.0030336380004883,0.9290259480476379,4.158562660217285
64,64,2551,2006-04-17T07:00:00.000000,3683.872802734375,57.204166412353516,1.12897789478302,1.0014241933822632,4.595703125
65,65,2551,2006-04-17T07:00:00.000000,4114.1416015625,59.89404296875,1.1264318227767944,0.9910520911216736,4.416046142578125
66,66,2551,2006-04-17T07:00:00.000000,3401.571533203125,52.145538330078125,0.9275084137916565,0.8610656261444092,3.804201126098633
67,67,2551,2006-04-17T07:00:00.000000,3785.3779296875,56.73750305175781,1.0818861722946167,0.959193766117096,4.316433906555176
68,68,2551,2006-04-17T07:00:00.000000,20566.107421875,130.81964111328125,1.4098761081695557,1.0831469297409058,5.009766578674316
69,69,2551,2006-04-17T07:00:00.000000,10095.0576171875,91.3044662475586,0.8064926862716675,0.8160895705223083,3.6681642532348633
70,70,2551,2006-04-17T07:00:00.000000,6786.42578125,77.40892791748047,1.0611826181411743,0.9679782390594482,4.119718551635742
71,71,2551,2006-04-17T07:00:00.000000,1435.2193603515625,31.28988265991211,0.8672120571136475,0.7691436409950256,3.3303310871124268
72,72,2551,2006-04-17T07:00:00.000000,3468.33447265625,54.77737808227539,1.0643351078033447,0.9595773220062256,4.259108066558838
73,73,2551,2006-04-17T07:00:00.000000,34339.19921875,170.9812469482422,1.1554709672927856,0.9918201565742493,4.623723983764648
74,74,2551,2006-04-17T07:00:00.000000,3668.85302734375,55.10357666015625,1.0039879083633423,0.911546528339386,3.9772558212280273
75,75,2551,2006-04-17T07:00:00.000000,3799.58349609375,56.97797775268555,1.0304207801818848,0.938309907913208,4.177709579467773
76,76,2551,2006-04-17T07:00:00.000000,3483.85791015625,51.989585876464844,0.9022060632705688,0.8366407155990601,3.663212776184082
77,77,2551,2006-04-17T07:00:00.000000,3331.785888671875,52.92470169067383,0.9420970678329468,0.8899543285369873,4.002364635467529
78,78,2551,2006-04-17T07:00:00.000000,3257.524658203125,52.13957977294922,0.9279989004135132,0.8800299763679504,3.8999245166778564
79,79,2551,2006-04-17T07:00:00.000000,3618.889892578125,56.14285659790039,1.0951237678527832,0.9766488075256348,4.3634233474731445
80,80,2551,2006-04-17T07:00:00.000000,5097.36083984375,55.50773620605469,0.8683083057403564,0.7244657278060913,3.152691602706909
81,81,2551,2006-04-17T07:00:00.000000,3492.39453125,54.124107360839844,0.9704896807670593,0.9022452235221863,4.069816589355469
82,82,2551,2006-04-17T07:00:00.000000,2791.16748046875,41.75029754638672,0.9898154735565186,0.7862193584442139,3.5054714679718018
83,83,2551,2006-04-17T07:00:00.000000,1784.7445068359375,36.48452377319336,0.9472780823707581,0.8405420184135437,3.6503753662109375
84,84,2551,2006-04-17T07:00:00.000000,3577.74267578125,55.62857437133789,1.0123038291931152,0.9357261657714844,4.3469953536987305
85,85,2551,2006-04-17T07:00:00.000000,2904.28515625,49.24076843261719,0.9646450281143188,0.8974061012268066,3.9730048179626465
86,86,2551,2006-04-17T07:00:00.000000,3740.09912109375,51.56458282470703,1.0201246738433838,0.8516019582748413,3.7241175174713135
87,87,2551,2006-04-17T07:00:00.000000,2875.48486328125,48.432735443115234,0.9858861565589905,0.8968026638031006,3.9815430641174316
88,88,2551,2006-04-17T07:00:00.000000,3143.695068359375,52.6351203918457,1.0976251363754272,0.9835182428359985,4.482732772827148
89,89,2551,2006-04-17T07:00:00.000000,2938.44384765625,48.74702453613281,1.0080084800720215,0.9028623104095459,3.97122859954834
90,90,2551,2006-04-17T07:00:00.000000,1517.4456787109375,31.253868103027344,0.9285756349563599,0.7731359601020813,3.4937984943389893
91,91,2551,2006-04-17T07:00:00.000000,2397.109130859375,39.86101531982422,0.8607921004295349,0.7553592324256897,3.4612979888916016
92,92,2551,2006-04-17T07:00:00.000000,3650.70068359375,50.967262268066406,0.9993581771850586,0.8432644605636597,3.758747100830078
93,93,2551,2006-04-17T07:00:00.000000,2965.048583984375,40.04226303100586,1.0938600301742554,0.7691013216972351,3.5209836959838867
94,94,2551,2006-04-17T07:00:00.000000,2746.779541015625,47.03244400024414,0.877397894859314,0.8405894637107849,3.8045895099639893
95,95,2551,2006-04-17T07:00:00.000000,3485.21875,54.48332977294922,1.1049057245254517,0.9700882434844971,4.4308648109436035
96,96,2551,2006-04-17T07:00:00.000000,2350.9912109375,44.97053909301758,0.9331973791122437,0.8959614038467407,3.9998199939727783
97,97,2551,2006-04-17T07:00:00.000000,2843.468017578125,49.32976531982422,0.9899935126304626,0.9204517602920532,3.9281387329101562
98,98,2551,2006-04-17T07:00:00.000000,3041.947998046875,51.700294494628906,1.0957915782928467,0.9812533259391785,4.517035007476807
99,99,2551,2006-04-17T07:00:00.000000,3773.3583984375,57.409820556640625,1.045091152191162,0.9554309248924255,4.254051685333252
100,100,2551,2006-04-17T07:00:00.000000,2053.33447265625,42.21875,1.0765790939331055,0.9667150378227234,4.399699687957764
101,101,2551,2006-04-17T07:00:00.000000,1690.1700439453125,35.41071319580078,0.9302273988723755,0.8307378888130188,3.663729667663574
102,102,2551,2006-04-17T07:00:00.000000,3157.0068359375,50.540771484375,0.9121856093406677,0.8591039776802063,3.806316614151001
103,103,2551,2006-04-17T07:00:00.000000,3265.310791015625,51.20119094848633,0.8843804597854614,0.8426308631896973,3.807343006134033
104,104,2551,2006-04-17T07:00:00.000000,8337.21484375,66.14107513427734,0.9262942671775818,0.6971644163131714,3.1303412914276123
105,105,2551,2006-04-17T07:00:00.000000,7462.64892578125,78.84375,0.8458774089813232,0.8394107222557068,3.8444151878356934
106,106,2551,2006-04-17T07:00:00.000000,2928.50146484375,49.811607360839844,0.9042245745658875,0.8752779364585876,4.011309623718262
107,107,2551,2006-04-17T07:00:00.000000,3594.52978515625,54.1303596496582,0.9789724349975586,0.8933159112930298,3.9398012161254883
108,108,2551,2006-04-17T07:00:00.000000,3032.33935546875,51.53214645385742,1.0402754545211792,0.9544726014137268,4.137509346008301
109,109,2551,2006-04-17T07:00:00.000000,3612.436767578125,54.030059814453125,0.9703195095062256,0.8855084180831909,3.8882222175598145
110,110,2551,2006-04-17T07:00:00.000000,3853.75,57.990478515625,1.0745482444763184,0.9683400392532349,4.504932403564453
111,111,2551,2006-04-17T07:00:00.000000,3431.5810546875,53.194942474365234,1.0131762027740479,0.9140411019325256,3.933154582977295
112,112,2551,2006-04-17T07:00:00.000000,899.73291015625,27.254465103149414,0.8740286231040955,0.8494614362716675,3.647707223892212
113,113,2551,2006-04-17T07:00:00.000000,3080.08447265625,51.44613265991211,1.0358736515045166,0.9434629082679749,4.136017322540283
114,114,2551,2006-04-17T07:00:00.000000,4021.52734375,58.6976203918457,1.1406382322311401,0.9885507225990295,4.442140102386475
115,115,2551,2006-04-17T07:00:00.000000,208.40992736816406,10.975297927856445,0.9313040375709534,0.7336735725402832,3.27077317237854
116,116,2551,2006-04-17T07:00:00.000000,3384.733642578125,45.733333587646484,0.9671892523765564,0.7730833888053894,3.447615146636963
117,117,2551,2006-04-17T07:00:00.000000,3619.979248046875,55.809226989746094,1.0310115814208984,0.9418565630912781,4.226794242858887
118,118,2551,2006-04-17T07:00:00.000000,3534.2841796875,53.22470474243164,0.9652047753334045,0.87957364320755,3.8700482845306396
119,119,2551,2006-04-17T07:00:00.000000,1466.47998046875,32.23273849487305,0.8910384774208069,0.794524610042572,3.5740339756011963
120,120,2551,2006-04-17T07:00:00.000000,3535.55078125,50.88422775268555,0.976746141910553,0.8457568287849426,3.7201426029205322
121,121,2551,2006-04-17T07:00:00.000000,17618.77734375,121.7797622680664,0.9322757124900818,0.8858484625816345,3.9648423194885254
122,122,2551,2006-04-17T07:00:00.000000,3421.549072265625,53.15684509277344,0.9931760430335999,0.9056510925292969,3.8860957622528076
123,123,2551,2006-04-17T07:00:00.000000,3643.774658203125,53.30803680419922,1.0113918781280518,0.8881301879882812,3.8781819343566895
124,124,2551,2006-04-17T07:00:00.000000,8067.28271484375,82.19821166992188,0.9263685345649719,0.8808270692825317,3.784226179122925
125,125,2551,2006-04-17T07:00:00.000000,7040.11083984375,78.32648468017578,1.084675908088684,0.9722297191619873,4.282788276672363
126,126,2551,2006-04-17T07:00:00.000000,1064.916015625,30.49910545349121,1.0666078329086304,0.965232253074646,4.214285373687744
127,127,2551,2006-04-17T07:00:00.000000,3596.3505859375,56.10744094848633,1.1557502746582031,1.0058226585388184,4.5523834228515625
128,128,2551,2006-04-17T07:00:00.000000,3578.3720703125,51.602378845214844,0.9591571688652039,0.8448350429534912,3.6725594997406006
129,129,2551,2006-04-17T07:00:00.000000,256.2908935546875,14.98214340209961,1.048109531402588,0.9580996632575989,4.1011223793029785
130,130,2551,2006-04-17T07:00:00.000000,2393.052490234375,45.60744094848633,1.0337469577789307,0.9479091167449951,4.225128173828125
131,131,2551,2006-04-17T07:00:00.000000,3539.3017578125,55.668453216552734,1.0396819114685059,0.9541148543357849,4.348287582397461
132,132,2551,2006-04-17T07:00:00.000000,3837.48583984375,58.27946090698242,1.064897894859314,0.9708365797996521,4.3938679695129395
133,133,2551,2006-04-17T07:00:00.000000,3855.231201171875,57.81428527832031,1.152435541152954,0.9995816946029663,4.469226837158203
134,134,2551,2006-04-17T07:00:00.000000,3420.991943359375,51.07559585571289,0.9403884410858154,0.8468198776245117,3.701636552810669
135,135,2551,2006-04-17T07:00:00.000000,4672.7294921875,58.1875,1.7333221435546875,1.1206862926483154,5.240897178649902
136,136,2551,2006-04-17T07:00:00.000000,5329.05517578125,58.53125,0.872718095779419,0.7490308284759521,3.2948966026306152
0,0,3063,2006-05-08T15:00:00.000000,13596.1044921875,104.47500610351562,1.104677438735962,0.9417223334312439,4.069993019104004
1,1,3063,2006-05-08T15:00:00.000000,4085.646728515625,59.09464645385742,1.3829265832901,1.0872195959091187,4.699245929718018
2,2,3063,2006-05-08T15:00:00.000000,3144.37841796875,50.16696548461914,1.1717852354049683,0.9684438705444336,4.16447114944458
3,3,3063,2006-05-08T15:00:00.000000,4545.14208984375,62.77558898925781,1.4746867418289185,1.1307508945465088,5.147302627563477
4,4,3063,2006-05-08T15:00:00.000000,24445.224609375,135.78216552734375,2.813129186630249,1.456600546836853,6.139984130859375
5,5,3063,2006-05-08T15:00:00.000000,29883.578125,162.97113037109375,1.4509356021881104,1.1355818510055542,4.998383522033691
6,6,3063,2006-05-08T15:00:00.000000,3354.848388671875,53.51280212402344,1.319364070892334,1.0612154006958008,4.5662946701049805
7,7,3063,2006-05-08T15:00:00.000000,3610.463134765625,55.457740783691406,1.4849753379821777,1.1247093677520752,4.994001865386963
8,8,3063,2006-05-08T15:00:00.000000,5164.88525390625,67.11011505126953,1.6421393156051636,1.1966376304626465,5.428425312042236
9,9,3063,2006-05-08T15:00:00.000000,3924.00146484375,58.266666412353516,1.3741236925125122,1.090356469154358,4.729406833648682
10,10,3063,2006-05-08T15:00:00.000000,4449.58251953125,62.061607360839844,1.6611851453781128,1.1991469860076904,5.354452133178711
11,11,3063,2006-05-08T15:00:00.000000,1051.027587890625,30.325000762939453,1.2616441249847412,1.0506600141525269,4.667455196380615
12,12,3063,2006-05-08T15:00:00.000000,3489.88916015625,53.707149505615234,1.075819730758667,0.9429658651351929,4.075106143951416
13,13,3063,2006-05-08T15:00:00.000000,3840.63037109375,57.388694763183594,1.3310123682022095,1.0683562755584717,4.751728534698486
14,14,3063,2006-05-08T15:00:00.000000,5329.34765625,68.83244323730469,1.6031309366226196,1.1938248872756958,5.238485336303711
15,15,3063,2006-05-08T15:00:00.000000,2247.86865234375,42.45714569091797,2.243070125579834,1.3411791324615479,5.7919921875
16,16,3063,2006-05-08T15:00:00.000000,3687.8037109375,55.75833511352539,1.1484582424163818,0.9839737415313721,4.390351295471191
17,17,3063,2006-05-08T15:00:00.000000,5087.24169921875,65.59166717529297,1.5796359777450562,1.1558088064193726,5.228209018707275
18,18,3063,2006-05-08T15:00:00.000000,3546.63916015625,54.75863265991211,1.2861824035644531,1.0427863597869873,4.718752384185791
19,19,3063,2006-05-08T15:00:00.000000,3974.744873046875,58.490474700927734,1.3941240310668945,1.0954214334487915,4.869607925415039
20,20,3063,2006-05-08T15:00:00.000000,4178.341796875,60.20951843261719,1.345240592956543,1.0803468227386475,4.797989845275879
21,21,3063,2006-05-08T15:00:00.000000,4693.39013671875,62.99285888671875,1.511580467224121,1.1304819583892822,5.014545440673828
22,22,3063,2006-05-08T15:00:00.000000,4134.43017578125,58.833335876464844,1.0676628351211548,0.9454373121261597,4.191488265991211
23,23,3063,2006-05-08T15:00:00.000000,18678.0,127.6309585571289,1.4512317180633545,1.1250172853469849,4.879611968994141
24,24,3063,2006-05-08T15:00:00.000000,4264.8681640625,60.63065719604492,1.3024073839187622,1.0595290660858154,4.6857523918151855
25,25,3063,2006-05-08T15:00:00.000000,3804.919677734375,56.95684814453125,1.775241732597351,1.2302742004394531,5.49716329574585
26,26,3063,2006-05-08T15:00:00.000000,4294.1162109375,60.666969299316406,1.5569207668304443,1.1551772356033325,5.393858432769775
27,27,3063,2006-05-08T15:00:00.000000,4821.39794921875,63.97529602050781,1.5481479167938232,1.146389126777649,5.041253089904785
28,28,3063,2006-05-08T15:00:00.000000,18576.685546875,126.20745086669922,1.4178178310394287,1.1025824546813965,4.887167453765869
29,29,3063,2006-05-08T15:00:00.000000,3867.69140625,57.40268325805664,1.3635926246643066,1.077825903892517,4.920467853546143
30,30,3063,2006-05-08T15:00:00.000000,5602.72705078125,67.49315643310547,2.4469778537750244,1.4105063676834106,5.85429573059082
31,31,3063,2006-05-08T15:00:00.000000,16924.22265625,120.05803680419922,1.6535868644714355,1.1867256164550781,5.241571426391602
32,32,3063,2006-05-08T15:00:00.000000,4511.63037109375,63.00595474243164,1.387197732925415,1.1048009395599365,4.998895645141602
33,33,3063,2006-05-08T15:00:00.000000,3201.588623046875,52.016075134277344,1.2298918962478638,1.0195025205612183,4.435906410217285
34,34,3063,2006-05-08T15:00:00.000000,3444.45849609375,53.89701843261719,1.3891618251800537,1.0823824405670166,4.901767253875732
35,35,3063,2006-05-08T15:00:00.000000,2390.32080078125,45.72529602050781,1.2792186737060547,1.057793378829956,4.54268217086792
36,36,3063,2006-05-08T15:00:00.000000,3837.7314453125,57.15833282470703,1.2141153812408447,1.0166518688201904,4.594038486480713
37,37,3063,2006-05-08T15:00:00.000000,2909.205810546875,50.64761734008789,1.8053466081619263,1.261688470840454,5.39471960067749
38,38,3063,2006-05-08T15:00:00.000000,3785.210693359375,56.65446472167969,1.2272334098815918,1.0201233625411987,4.573417663574219
39,39,3063,2006-05-08T15:00:00.000000,3960.165283203125,57.915771484375,1.4385594129562378,1.103834867477417,4.831397533416748
40,40,3063,2006-05-08T15:00:00.000000,17389.529296875,121.58125305175781,1.0659583806991577,0.951903223991394,4.070714950561523
41,41,3063,2006-05-08T15:00:00.000000,4357.8154296875,61.323509216308594,1.6151061058044434,1.1805737018585205,5.045262813568115
42,42,3063,2006-05-08T15:00:00.000000,4561.376953125,62.40713882446289,1.4393610954284668,1.1085904836654663,4.9194159507751465
43,43,3063,2006-05-08T15:00:00.000000,4300.3291015625,60.63780212402344,1.5665919780731201,1.1573654413223267,5.130239486694336
44,44,3063,2006-05-08T15:00:00.000000,7965.18310546875,82.51577758789062,1.2256951332092285,1.0236002206802368,4.436806678771973
45,45,3063,2006-05-08T15:00:00.000000,5509.0166015625,65.9613037109375,2.447183847427368,1.3902263641357422,6.0024495124816895
46,46,3063,2006-05-08T15:00:00.000000,2654.4912109375,48.13869094848633,1.6516848802566528,1.2007904052734375,5.320946216583252
47,47,3063,2006-05-08T15:00:00.000000,3181.978515625,52.40178680419922,1.252996802330017,1.0398542881011963,4.581467628479004
48,48,3063,2006-05-08T15:00:00.000000,4976.0263671875,65.05535888671875,1.7182883024215698,1.2088983058929443,5.132673740386963
49,49,3063,2006-05-08T15:00:00.000000,4933.88330078125,65.14137268066406,1.6793467998504639,1.2018013000488281,5.3540263175964355
50,50,3063,2006-05-08T15:00:00.000000,3367.7783203125,51.974998474121094,1.0248777866363525,0.9066900014877319,3.952322244644165
51,51,3063,2006-05-08T15:00:00.000000,4927.328125,64.92411041259766,1.7343593835830688,1.218063235282898,5.446617603302002
52,52,3063,2006-05-08T15:00:00.000000,4234.4912109375,60.20148849487305,1.432879090309143,1.1074175834655762,4.726070880889893
53,53,3063,2006-05-08T15:00:00.000000,3923.21484375,58.062198638916016,1.1979341506958008,1.014586091041565,4.562970161437988
54,54,3063,2006-05-08T15:00:00.000000,2724.9765625,47.94523620605469,1.0693515539169312,0.9497829675674438,4.113470554351807
55,55,3063,2006-05-08T15:00:00.000000,3122.087890625,50.05893325805664,1.0221811532974243,0.9057804346084595,3.9879071712493896
56,56,3063,2006-05-08T15:00:00.000000,5534.96533203125,69.36429595947266,1.7146098613739014,1.2208466529846191,5.514108180999756
57,57,3063,2006-05-08T15:00:00.000000,4317.544921875,60.1446418762207,1.7744791507720947,1.2193095684051514,5.504204273223877
58,58,3063,2006-05-08T15:00:00.000000,3201.4521484375,52.89494323730469,1.3165946006774902,1.0726712942123413,4.793859481811523
59,59,3063,2006-05-08T15:00:00.000000,5032.18701171875,65.51964569091797,1.5726920366287231,1.1582838296890259,5.167277812957764
60,60,3063,2006-05-08T15:00:00.000000,2635.163330078125,46.7866096496582,1.68623685836792,1.1835240125656128,5.285732746124268
61,61,3063,2006-05-08T15:00:00.000000,2903.302001953125,48.04196548461914,0.9468392133712769,0.8675864934921265,3.8093385696411133
62,62,3063,2006-05-08T15:00:00.000000,4909.453125,65.03244018554688,1.8421039581298828,1.2597098350524902,5.446168422698975
63,63,3063,2006-05-08T15:00:00.000000,2742.125732421875,48.083038330078125,1.0918363332748413,0.9594601392745972,4.394096851348877
64,64,3063,2006-05-08T15:00:00.000000,3906.540283203125,58.29018020629883,1.4207760095596313,1.111634612083435,4.825179100036621
65,65,3063,2006-05-08T15:00:00.000000,4171.46826171875,60.302085876464844,1.4375253915786743,1.1194266080856323,4.937563896179199
66,66,3063,2006-05-08T15:00:00.000000,3312.491455078125,52.26398849487305,1.0589998960494995,0.9344867467880249,3.9843268394470215
67,67,3063,2006-05-08T15:00:00.000000,5575.9970703125,68.3499984741211,1.8265002965927124,1.2370498180389404,5.314461708068848
68,68,3063,2006-05-08T15:00:00.000000,20685.35546875,128.9690399169922,1.8167476654052734,1.2086520195007324,5.062642574310303
69,69,3063,2006-05-08T15:00:00.000000,12990.9853515625,106.0836410522461,1.3612096309661865,1.085900068283081,4.699712753295898
70,70,3063,2006-05-08T15:00:00.000000,6909.5078125,77.38214111328125,1.247967004776001,1.0399649143218994,4.700985908508301
71,71,3063,2006-05-08T15:00:00.000000,1816.994873046875,39.191368103027344,1.2895580530166626,1.0440806150436401,4.570183753967285
72,72,3063,2006-05-08T15:00:00.000000,3902.85498046875,58.323509216308594,1.4267970323562622,1.1151506900787354,4.839447021484375
73,73,3063,2006-05-08T15:00:00.000000,66502.0390625,229.38006591796875,2.597687244415283,1.4336119890213013,6.215810298919678
74,74,3063,2006-05-08T15:00:00.000000,3282.040283203125,52.38720703125,1.0536879301071167,0.938662052154541,4.180504322052002
75,75,3063,2006-05-08T15:00:00.000000,3449.9658203125,54.159820556640625,1.0799225568771362,0.958221971988678,4.288418292999268
76,76,3063,2006-05-08T15:00:00.000000,4864.375,64.56369018554688,1.547286868095398,1.1514902114868164,4.776833534240723
77,77,3063,2006-05-08T15:00:00.000000,4285.68505859375,60.63273620605469,1.6201854944229126,1.1789066791534424,5.393675327301025
78,78,3063,2006-05-08T15:00:00.000000,4869.716796875,64.09494018554688,1.5985286235809326,1.1612670421600342,5.024312496185303
79,79,3063,2006-05-08T15:00:00.000000,3319.400390625,53.409820556640625,1.1769392490386963,1.0056997537612915,4.375536918640137
80,80,3063,2006-05-08T15:00:00.000000,5692.77294921875,70.26488494873047,1.0995482206344604,0.9765253067016602,4.112165451049805
81,81,3063,2006-05-08T15:00:00.000000,3752.580322265625,56.91934585571289,1.3920338153839111,1.0962756872177124,4.659067153930664
82,82,3063,2006-05-08T15:00:00.000000,4296.91845703125,60.06338882446289,1.6769925355911255,1.1865795850753784,5.224620342254639
83,83,3063,2006-05-08T15:00:00.000000,1818.0517578125,39.056846618652344,1.1252086162567139,0.971651554107666,4.365687847137451
84,84,3063,2006-05-08T15:00:00.000000,4748.322265625,63.74732208251953,1.764356017112732,1.2288106679916382,5.254302501678467
85,85,3063,2006-05-08T15:00:00.000000,3621.674072265625,56.50506591796875,1.3976904153823853,1.1100387573242188,4.959221839904785
86,86,3063,2006-05-08T15:00:00.000000,3377.460205078125,52.73660659790039,1.0398292541503906,0.9253330230712891,3.9760947227478027
87,87,3063,2006-05-08T15:00:00.000000,3473.521240234375,55.2976188659668,1.3201642036437988,1.078041434288025,4.800190448760986
88,88,3063,2006-05-08T15:00:00.000000,3207.378662109375,52.150001525878906,1.5080214738845825,1.1307926177978516,5.005667686462402
89,89,3063,2006-05-08T15:00:00.000000,3556.135498046875,56.1148796081543,1.3426791429519653,1.0903728008270264,4.8441314697265625
90,90,3063,2006-05-08T15:00:00.000000,1851.4598388671875,40.09315490722656,1.2982439994812012,1.0616742372512817,4.6089887619018555
91,91,3063,2006-05-08T15:00:00.000000,3281.521728515625,53.75178527832031,1.2758896350860596,1.0598925352096558,4.629292011260986
92,92,3063,2006-05-08T15:00:00.000000,3691.252197265625,56.227378845214844,1.1335431337356567,0.9853261709213257,4.336423873901367
93,93,3063,2006-05-08T15:00:00.000000,3448.06103515625,55.38780212402344,1.3230913877487183,1.0849796533584595,4.588738441467285
94,94,3063,2006-05-08T15:00:00.000000,3537.39208984375,54.8648796081543,1.4217287302017212,1.0999202728271484,4.754871845245361
95,95,3063,2006-05-08T15:00:00.000000,2958.981201171875,47.42976379394531,1.0722236633300781,0.902864396572113,3.8043951988220215
96,96,3063,2006-05-08T15:00:00.000000,4601.263671875,62.051788330078125,2.0454626083374023,1.3083124160766602,5.468602657318115
97,97,3063,2006-05-08T15:00:00.000000,4019.91943359375,59.80624771118164,1.5735681056976318,1.1832613945007324,5.4366865158081055
98,98,3063,2006-05-08T15:00:00.000000,3813.787353515625,57.61368942260742,1.8204573392868042,1.2587449550628662,5.657719135284424
99,99,3063,2006-05-08T15:00:00.000000,3444.276123046875,52.79642868041992,1.1771262884140015,0.976038932800293,4.02293586730957
100,100,3063,2006-05-08T15:00:00.000000,2350.8037109375,44.48006057739258,1.4554084539413452,1.1067501306533813,4.825716495513916
101,101,3063,2006-05-08T15:00:00.000000,2440.85205078125,46.13035583496094,1.5703045129776,1.1700596809387207,5.127747535705566
102,102,3063,2006-05-08T15:00:00.000000,4410.12744140625,61.59493637084961,1.6285876035690308,1.18365478515625,5.254213333129883
103,103,3063,2006-05-08T15:00:00.000000,5372.64794921875,67.47618865966797,1.9467068910598755,1.2844188213348389,5.683038711547852
104,104,3063,2006-05-08T15:00:00.000000,7777.94189453125,80.48006439208984,1.0832114219665527,0.9497571587562561,3.9468131065368652
105,105,3063,2006-05-08T15:00:00.000000,7664.90625,77.54523468017578,1.0686793327331543,0.9156414270401001,3.9221363067626953
106,106,3063,2006-05-08T15:00:00.000000,3693.810302734375,56.240478515625,1.466317057609558,1.1205356121063232,5.086798667907715
107,107,3063,2006-05-08T15:00:00.000000,4472.00634765625,62.51457977294922,1.3717089891433716,1.094866394996643,5.008057594299316
108,108,3063,2006-05-08T15:00:00.000000,3457.109375,55.413692474365234,1.343616008758545,1.092441201210022,4.964306354522705
109,109,3063,2006-05-08T15:00:00.000000,4786.615234375,64.8955307006836,1.5759526491165161,1.1775304079055786,5.294845104217529
110,110,3063,2006-05-08T15:00:00.000000,3771.40234375,56.78720474243164,1.3945739269256592,1.091992974281311,4.681657314300537
111,111,3063,2006-05-08T15:00:00.000000,4333.45458984375,60.431549072265625,1.3811500072479248,1.0788648128509521,4.822711944580078
112,112,3063,2006-05-08T15:00:00.000000,890.7236938476562,25.019641876220703,1.0526982545852661,0.860124945640564,3.653085708618164
113,113,3063,2006-05-08T15:00:00.000000,4053.571533203125,58.70059585571289,1.6506693363189697,1.1845506429672241,5.291422367095947
114,114,3063,2006-05-08T15:00:00.000000,3687.78466796875,56.133331298828125,1.1874436140060425,1.007266879081726,4.272570610046387
115,115,3063,2006-05-08T15:00:00.000000,295.66131591796875,16.071725845336914,1.4823474884033203,1.1379948854446411,4.945449352264404
116,116,3063,2006-05-08T15:00:00.000000,3378.58447265625,53.874107360839844,1.102082371711731,0.9730153679847717,4.221043109893799
117,117,3063,2006-05-08T15:00:00.000000,3696.63671875,55.79107666015625,1.284791111946106,1.040105938911438,4.403614044189453
118,118,3063,2006-05-08T15:00:00.000000,4393.1787109375,61.63780212402344,1.3577696084976196,1.083604335784912,4.8104472160339355
119,119,3063,2006-05-08T15:00:00.000000,1637.910400390625,36.92023468017578,1.120774745941162,0.9657809138298035,4.165322303771973
120,120,3063,2006-05-08T15:00:00.000000,3885.66796875,57.9735107421875,1.2256704568862915,1.0296356678009033,4.397927284240723
121,121,3063,2006-05-08T15:00:00.000000,30904.8046875,161.45863342285156,1.9152040481567383,1.271030068397522,5.516035556793213
122,122,3063,2006-05-08T15:00:00.000000,4133.4638671875,59.37678527832031,1.3259997367858887,1.0634849071502686,4.649209976196289
123,123,3063,2006-05-08T15:00:00.000000,3988.474365234375,58.525299072265625,1.2275390625,1.0267337560653687,4.581967830657959
124,124,3063,2006-05-08T15:00:00.000000,11007.2568359375,97.12946319580078,1.4882270097732544,1.1293954849243164,4.951066017150879
125,125,3063,2006-05-08T15:00:00.000000,6629.95703125,75.85387420654297,1.2596299648284912,1.0455477237701416,4.432189464569092
126,126,3063,2006-05-08T15:00:00.000000,1202.096435546875,32.07529830932617,1.4683820009231567,1.1210386753082275,4.871339321136475
127,127,3063,2006-05-08T15:00:00.000000,4132.3251953125,60.065181732177734,1.534062147140503,1.1573028564453125,4.987789630889893
128,128,3063,2006-05-08T15:00:00.000000,3804.27978515625,57.020835876464844,1.1825971603393555,1.005346417427063,4.461092948913574
129,129,3063,2006-05-08T15:00:00.000000,327.91253662109375,16.80743980407715,1.661543369293213,1.1964055299758911,5.070103168487549
130,130,3063,2006-05-08T15:00:00.000000,1972.027587890625,38.831844329833984,1.0212231874465942,0.8836735486984253,3.7616965770721436
131,131,3063,2006-05-08T15:00:00.000000,3465.260498046875,54.24285888671875,1.282362699508667,1.0434702634811401,4.684578895568848
132,132,3063,2006-05-08T15:00:00.000000,4552.7431640625,62.43362808227539,1.649387240409851,1.1883472204208374,5.293528079986572
133,133,3063,2006-05-08T15:00:00.000000,4332.078125,60.644649505615234,1.4487879276275635,1.1090388298034668,4.855587482452393
134,134,3063,2006-05-08T15:00:00.000000,4761.4541015625,63.25773239135742,1.5175479650497437,1.1293150186538696,5.125178337097168
135,135,3063,2006-05-08T15:00:00.000000,4302.330078125,59.99821090698242,1.85546875,1.2459864616394043,5.619316577911377
136,136,3063,2006-05-08T15:00:00.000000,7212.81396484375,79.35952758789062,1.4866561889648438,1.139336347579956,4.671540260314941
0,0,3575,2006-05-29T23:00:00.000000,26695.31640625,112.7901840209961,1.8727046251296997,0.9446880221366882,4.213183403015137
1,1,3575,2006-05-29T23:00:00.000000,5429.22802734375,45.98780059814453,1.565056562423706,0.7807978987693787,3.506209373474121
2,2,3575,2006-05-29T23:00:00.000000,5175.79931640625,44.83928680419922,1.6512680053710938,0.8009009957313538,3.3673481941223145
3,3,3575,2006-05-29T23:00:00.000000,5408.8525390625,46.01339340209961,1.5735136270523071,0.7848142981529236,3.449958562850952
4,4,3575,2006-05-29T23:00:00.000000,18060.484375,90.26487731933594,1.6243008375167847,0.856026828289032,3.880718469619751
5,5,3575,2006-05-29T23:00:00.000000,36296.9453125,119.59762573242188,1.6893975734710693,0.815930962562561,3.6176977157592773
6,6,3575,2006-05-29T23:00:00.000000,4600.47314453125,43.34791946411133,1.6946650743484497,0.8319724202156067,3.6424996852874756
7,7,3575,2006-05-29T23:00:00.000000,4615.30126953125,42.894046783447266,1.7160671949386597,0.8271117806434631,3.373206853866577
8,8,3575,2006-05-29T23:00:00.000000,5736.28125,47.77232360839844,1.6876521110534668,0.8194125294685364,3.512876272201538
9,9,3575,2006-05-29T23:00:00.000000,5385.6611328125,45.03958511352539,1.877538800239563,0.8409482836723328,3.47505259513855
10,10,3575,2006-05-29T23:00:00.000000,5167.91064453125,44.34821701049805,1.693152666091919,0.8027248382568359,3.494720935821533
11,11,3575,2006-05-29T23:00:00.000000,1444.585205078125,23.83869171142578,1.6176979541778564,0.7977365851402283,3.43489146232605
12,12,3575,2006-05-29T23:00:00.000000,5880.302734375,47.97916793823242,1.6675807237625122,0.8079719543457031,3.639389753341675
13,13,3575,2006-05-29T23:00:00.000000,5447.24853515625,45.8077392578125,1.8528410196304321,0.8448299169540405,3.4758846759796143
14,14,3575,2006-05-29T23:00:00.000000,5228.3740234375,45.140777587890625,1.6123744249343872,0.7927178144454956,3.4175939559936523
15,15,3575,2006-05-29T23:00:00.000000,2012.9434814453125,30.1541690826416,1.677796483039856,0.8705649971961975,3.9544126987457275
16,16,3575,2006-05-29T23:00:00.000000,5448.005859375,46.235713958740234,1.573952078819275,0.7858768701553345,3.4316904544830322
17,17,3575,2006-05-29T23:00:00.000000,5766.56982421875,47.992855072021484,1.7569999694824219,0.8377292156219482,3.600144147872925
18,18,3575,2006-05-29T23:00:00.000000,5572.0947265625,46.24970626831055,1.9464343786239624,0.8644096255302429,3.5562009811401367
19,19,3575,2006-05-29T23:00:00.000000,5655.865234375,46.90595626831055,2.02392840385437,0.8873113393783569,3.752357244491577
20,20,3575,2006-05-29T23:00:00.000000,5306.27783203125,45.793453216552734,1.5550719499588013,0.783941388130188,3.634056568145752
21,21,3575,2006-05-29T23:00:00.000000,5796.02978515625,48.32529830932617,1.8284214735031128,0.8583163619041443,3.5922422409057617
22,22,3575,2006-05-29T23:00:00.000000,7078.71533203125,56.051780700683594,1.5503085851669312,0.8295093774795532,3.5337979793548584
23,23,3575,2006-05-29T23:00:00.000000,20751.9140625,88.50059509277344,1.3981906175613403,0.7264409065246582,3.194211006164551
24,24,3575,2006-05-29T23:00:00.000000,5475.5869140625,46.54672622680664,1.5894992351531982,0.7930562496185303,3.4146170616149902
25,25,3575,2006-05-29T23:00:00.000000,3793.179443359375,36.9258918762207,1.6635822057724,0.7733061909675598,3.278391122817993
26,26,3575,2006-05-29T23:00:00.000000,5109.556640625,44.426788330078125,1.7311148643493652,0.817741870880127,3.4501583576202393
27,27,3575,2006-05-29T23:00:00.000000,5468.2314453125,46.19196701049805,1.5656377077102661,0.7816073298454285,3.4765098094940186
28,28,3575,2006-05-29T23:00:00.000000,20240.22265625,87.74523162841797,1.3535717725753784,0.7175572514533997,3.1385276317596436
29,29,3575,2006-05-29T23:00:00.000000,5648.2021484375,47.220237731933594,1.8773504495620728,0.8608861565589905,3.5023858547210693
30,30,3575,2006-05-29T23:00:00.000000,4714.3310546875,47.067264556884766,1.8189839124679565,0.9245349764823914,4.055090427398682
31,31,3575,2006-05-29T23:00:00.000000,17979.7421875,83.30863189697266,1.6085227727890015,0.787973940372467,3.527174472808838
32,32,3575,2006-05-29T23:00:00.000000,5635.99658203125,47.5148811340332,1.7233753204345703,0.830872118473053,3.636859893798828
33,33,3575,2006-05-29T23:00:00.000000,4408.11083984375,42.083335876464844,1.6088824272155762,0.8039815425872803,3.578744888305664
34,34,3575,2006-05-29T23:00:00.000000,4763.39306640625,43.22321319580078,1.9350684881210327,0.8711782097816467,3.5255935192108154
35,35,3575,2006-05-29T23:00:00.000000,3235.886962890625,35.65744400024414,1.5863393545150757,0.7894989252090454,3.4191226959228516
36,36,3575,2006-05-29T23:00:00.000000,5788.96044921875,47.76547622680664,1.7147362232208252,0.8220769762992859,3.5823397636413574
37,37,3575,2006-05-29T23:00:00.000000,2738.48046875,32.87410354614258,1.5950711965560913,0.7933944463729858,3.4377708435058594
38,38,3575,2006-05-29T23:00:00.000000,5584.37158203125,47.69196701049805,1.7066516876220703,0.833739697933197,3.536123514175415
39,39,3575,2006-05-29T23:00:00.000000,5799.36474609375,48.25535583496094,1.9114514589309692,0.8760663270950317,3.634687900543213
40,40,3575,2006-05-29T23:00:00.000000,29825.4765625,108.3145980834961,1.6466751098632812,0.8048171401023865,3.6019415855407715
41,41,3575,2006-05-29T23:00:00.000000,5288.7119140625,44.69672775268555,1.6584745645523071,0.7915077209472656,3.195345878601074
42,42,3575,2006-05-29T23:00:00.000000,5478.61865234375,46.5836296081543,1.552857756614685,0.7842665314674377,3.421666145324707
43,43,3575,2006-05-29T23:00:00.000000,5413.19677734375,45.388694763183594,1.884192705154419,0.8468050360679626,3.4504380226135254
44,44,3575,2006-05-29T23:00:00.000000,13616.0185546875,80.1452407836914,1.830828070640564,0.9293438196182251,4.020009517669678
45,45,3575,2006-05-29T23:00:00.000000,4611.97998046875,46.56547546386719,1.697816014289856,0.8934406042098999,3.979414939880371
46,46,3575,2006-05-29T23:00:00.000000,2840.129638671875,33.5413703918457,1.6994105577468872,0.8204665780067444,3.5286030769348145
47,47,3575,2006-05-29T23:00:00.000000,4918.38623046875,44.545833587646484,1.7768977880477905,0.846695065498352,3.7708778381347656
48,48,3575,2006-05-29T23:00:00.000000,5190.29345703125,44.74791717529297,1.5293926000595093,0.7681329250335693,3.451596260070801
49,49,3575,2006-05-29T23:00:00.000000,5614.19873046875,47.133033752441406,1.7043817043304443,0.821230411529541,3.5288569927215576
50,50,3575,2006-05-29T23:00:00.000000,5525.20556640625,46.84702682495117,1.6016405820846558,0.7976096272468567,3.5960283279418945
51,51,3575,2006-05-29T23:00:00.000000,5198.7587890625,44.21577453613281,1.8189886808395386,0.8270701766014099,3.348520278930664
52,52,3575,2006-05-29T23:00:00.000000,5012.0478515625,43.89285659790039,1.4529907703399658,0.7473390698432922,3.3605449199676514
53,53,3575,2006-05-29T23:00:00.000000,5451.6904296875,46.387203216552734,1.6141303777694702,0.7981820106506348,3.5054709911346436
54,54,3575,2006-05-29T23:00:00.000000,4547.19677734375,42.996131896972656,1.6816264390945435,0.8268414735794067,3.608478546142578
55,55,3575,2006-05-29T23:00:00.000000,5553.92578125,46.42499923706055,1.6153373718261719,0.7917417287826538,3.4966118335723877
56,56,3575,2006-05-29T23:00:00.000000,5827.42529296875,48.375,1.7484521865844727,0.8379333019256592,3.6938695907592773
57,57,3575,2006-05-29T23:00:00.000000,4888.447265625,44.06904983520508,1.955320119857788,0.8813677430152893,3.631509304046631
58,58,3575,2006-05-29T23:00:00.000000,4678.60107421875,43.43869400024414,1.6758346557617188,0.82211834192276,3.7023916244506836
59,59,3575,2006-05-29T23:00:00.000000,5462.98876953125,46.113094329833984,1.5686595439910889,0.7814000844955444,3.3749310970306396
60,60,3575,2006-05-29T23:00:00.000000,2927.9765625,34.60476303100586,1.7446902990341187,0.8447169661521912,3.625460386276245
61,61,3575,2006-05-29T23:00:00.000000,5410.337890625,46.53630828857422,1.5747888088226318,0.793945848941803,3.5662450790405273
62,62,3575,2006-05-29T23:00:00.000000,5514.0576171875,45.75088882446289,1.9592183828353882,0.8623932600021362,3.5533716678619385
63,63,3575,2006-05-29T23:00:00.000000,4370.20458984375,41.941368103027344,1.6435033082962036,0.8133492469787598,3.5557913780212402
64,64,3575,2006-05-29T23:00:00.000000,4600.5693359375,42.32023620605469,1.4938600063323975,0.762600839138031,3.2946527004241943
65,65,3575,2006-05-29T23:00:00.000000,5265.51708984375,44.719051361083984,1.5919733047485352,0.7775708436965942,3.210585117340088
66,66,3575,2006-05-29T23:00:00.000000,5430.2333984375,46.0958366394043,1.5493606328964233,0.7786256670951843,3.4620747566223145
67,67,3575,2006-05-29T23:00:00.000000,5580.9150390625,46.62916946411133,1.591546893119812,0.7874349355697632,3.553708076477051
68,68,3575,2006-05-29T23:00:00.000000,23835.583984375,103.78661346435547,1.8450506925582886,0.9131299257278442,3.6667532920837402
69,69,3575,2006-05-29T23:00:00.000000,15713.6728515625,77.81310272216797,1.4050004482269287,0.7357869148254395,3.254289150238037
70,70,3575,2006-05-29T23:00:00.000000,9280.0390625,60.32083511352539,1.6591001749038696,0.8065451979637146,3.477004289627075
71,71,3575,2006-05-29T23:00:00.000000,2454.36474609375,30.917858123779297,1.5385124683380127,0.7740880846977234,3.44223690032959
72,72,3575,2006-05-29T23:00:00.000000,4802.65283203125,43.04642868041992,1.540598750114441,0.7709768414497375,3.393413782119751
73,73,3575,2006-05-29T23:00:00.000000,46613.0390625,144.58065795898438,1.529379963874817,0.8281598687171936,3.682063579559326
74,74,3575,2006-05-29T23:00:00.000000,5312.77587890625,45.521724700927734,1.54597008228302,0.7765305042266846,3.5197572708129883
75,75,3575,2006-05-29T23:00:00.000000,5850.8046875,47.92410659790039,1.7778960466384888,0.8354094624519348,3.5623679161071777
76,76,3575,2006-05-29T23:00:00.000000,5823.6298828125,47.777976989746094,1.833410382270813,0.847736120223999,3.67781662940979
77,77,3575,2006-05-29T23:00:00.000000,5173.07958984375,44.53095626831055,1.8185817003250122,0.8349372744560242,3.5701417922973633
78,78,3575,2006-05-29T23:00:00.000000,5570.03125,46.8633918762207,1.5917807817459106,0.7922214269638062,3.48439621925354
79,79,3575,2006-05-29T23:00:00.000000,4788.58251953125,43.388694763183594,1.4828429222106934,0.7635204195976257,3.427700996398926
80,80,3575,2006-05-29T23:00:00.000000,9418.34765625,60.71636962890625,1.6843305826187134,0.8119552135467529,3.5936148166656494
81,81,3575,2006-05-29T23:00:00.000000,5505.18408203125,46.275596618652344,1.9937500953674316,0.880646288394928,3.661803960800171
82,82,3575,2006-05-29T23:00:00.000000,4521.9130859375,42.9395866394043,1.6850858926773071,0.8289106488227844,3.672358989715576
83,83,3575,2006-05-29T23:00:00.000000,3026.48193359375,34.8383903503418,1.9086954593658447,0.874897837638855,3.642350673675537
84,84,3575,2006-05-29T23:00:00.000000,5264.14111328125,43.98036193847656,1.7805358171463013,0.808854341506958,3.245378017425537
85,85,3575,2006-05-29T23:00:00.000000,4206.15625,41.29226303100586,1.5672988891601562,0.7970799207687378,3.540020704269409
86,86,3575,2006-05-29T23:00:00.000000,5686.27587890625,47.86280059814453,1.6846412420272827,0.8238303661346436,3.5098319053649902
87,87,3575,2006-05-29T23:00:00.000000,4343.66015625,41.3898811340332,1.5479811429977417,0.7813562750816345,3.5611355304718018
88,88,3575,2006-05-29T23:00:00.000000,4148.71435546875,39.08631134033203,1.7746058702468872,0.8083861470222473,3.399573564529419
89,89,3575,2006-05-29T23:00:00.000000,4411.3232421875,42.18958282470703,1.6380521059036255,0.8129889965057373,3.599952459335327
90,90,3575,2006-05-29T23:00:00.000000,2549.329345703125,31.750892639160156,1.5680679082870483,0.78745436668396,3.514601230621338
91,91,3575,2006-05-29T23:00:00.000000,4926.91064453125,44.50297546386719,1.770701289176941,0.8436735272407532,3.7454402446746826
92,92,3575,2006-05-29T23:00:00.000000,5789.068359375,48.132144927978516,1.6029638051986694,0.800926685333252,3.4794654846191406
93,93,3575,2006-05-29T23:00:00.000000,4834.2548828125,44.26131057739258,1.7214964628219604,0.835242509841919,3.7873942852020264
94,94,3575,2006-05-29T23:00:00.000000,4802.07373046875,43.56279754638672,1.7747704982757568,0.8374761939048767,3.5105395317077637
95,95,3575,2006-05-29T23:00:00.000000,4630.9560546875,42.447322845458984,1.5040552616119385,0.7649744153022766,3.4240498542785645
96,96,3575,2006-05-29T23:00:00.000000,4645.658203125,45.998809814453125,1.7973451614379883,0.9047710299491882,4.071479320526123
97,97,3575,2006-05-29T23:00:00.000000,4313.45751953125,41.266963958740234,1.5653334856033325,0.7861279249191284,3.507542371749878
98,98,3575,2006-05-29T23:00:00.000000,4040.32958984375,38.42172622680664,1.804674506187439,0.8120222687721252,3.3812358379364014
99,99,3575,2006-05-29T23:00:00.000000,5392.1484375,45.48273849487305,1.5647143125534058,0.7747886180877686,3.405400276184082
100,100,3575,2006-05-29T23:00:00.000000,2901.4365234375,34.216365814208984,1.7290282249450684,0.835273027420044,3.3133444786071777
101,101,3575,2006-05-29T23:00:00.000000,2963.864013671875,34.53244400024414,1.7960630655288696,0.8500782251358032,3.503251314163208
102,102,3575,2006-05-29T23:00:00.000000,5186.396484375,44.931251525878906,1.8518106937408447,0.8490121960639954,3.5593454837799072
103,103,3575,2006-05-29T23:00:00.000000,5388.8193359375,45.63154983520508,1.9125261306762695,0.8596507906913757,3.6523830890655518
104,104,3575,2006-05-29T23:00:00.000000,13015.8994140625,70.67053985595703,1.7154113054275513,0.8113073706626892,3.4572677612304688
105,105,3575,2006-05-29T23:00:00.000000,12698.20703125,70.6690444946289,1.6238923072814941,0.7991654872894287,3.461538076400757
106,106,3575,2006-05-29T23:00:00.000000,4946.5634765625,43.949405670166016,1.787001371383667,0.835340678691864,3.3368377685546875
107,107,3575,2006-05-29T23:00:00.000000,5672.11279296875,47.59553527832031,1.6288288831710815,0.8065504431724548,3.4822123050689697
108,108,3575,2006-05-29T23:00:00.000000,4193.9970703125,40.41547393798828,1.552953839302063,0.7777014374732971,3.421696662902832
109,109,3575,2006-05-29T23:00:00.000000,5653.1689453125,46.900299072265625,1.6390259265899658,0.7985876202583313,3.566643476486206
110,110,3575,2006-05-29T23:00:00.000000,5198.62158203125,44.10416793823242,1.6407463550567627,0.7835310101509094,3.2891600131988525
111,111,3575,2006-05-29T23:00:00.000000,5492.68408203125,46.8866081237793,1.6037830114364624,0.801178514957428,3.536940574645996
112,112,3575,2006-05-29T23:00:00.000000,1467.37255859375,24.008930206298828,1.5885761976242065,0.7899627685546875,3.3903684616088867
113,113,3575,2006-05-29T23:00:00.000000,4632.23876953125,42.793155670166016,1.8604289293289185,0.8576011657714844,3.5728445053100586
114,114,3575,2006-05-29T23:00:00.000000,5274.525390625,45.251792907714844,1.546948790550232,0.7749648690223694,3.4615318775177
115,115,3575,2006-05-29T23:00:00.000000,375.32525634765625,12.161309242248535,1.7146508693695068,0.8219857215881348,3.6320738792419434
116,116,3575,2006-05-29T23:00:00.000000,5406.14111328125,46.345237731933594,1.6146167516708374,0.8009329438209534,3.479611396789551
117,117,3575,2006-05-29T23:00:00.000000,5179.201171875,44.80327606201172,1.5126875638961792,0.76569002866745,3.4019758701324463
118,118,3575,2006-05-29T23:00:00.000000,5654.51416015625,47.3145866394043,1.683948040008545,0.8165104389190674,3.5546185970306396
119,119,3575,2006-05-29T23:00:00.000000,2534.00537109375,31.219646453857422,1.5413856506347656,0.769980788230896,3.4467697143554688
120,120,3575,2006-05-29T23:00:00.000000,5673.67333984375,47.587799072265625,1.6823313236236572,0.8194438815116882,3.5723166465759277
121,121,3575,2006-05-29T23:00:00.000000,32170.98828125,121.48601531982422,1.8854838609695435,0.9300482869148254,3.6040549278259277
122,122,3575,2006-05-29T23:00:00.000000,5499.40869140625,46.72053909301758,1.5722770690917969,0.7899768352508545,3.5130324363708496
123,123,3575,2006-05-29T23:00:00.000000,5750.98583984375,47.71994400024414,1.6292223930358887,0.8031911253929138,3.505539655685425
124,124,3575,2006-05-29T23:00:00.000000,12272.2431640625,68.91071319580078,1.535178780555725,0.7707335352897644,3.3618245124816895
125,125,3575,2006-05-29T23:00:00.000000,8306.9638671875,56.1928596496582,1.4271867275238037,0.7365468740463257,3.204540491104126
126,126,3575,2006-05-29T23:00:00.000000,1420.8944091796875,23.705656051635742,1.7902138233184814,0.8414406776428223,3.3476362228393555
127,127,3575,2006-05-29T23:00:00.000000,4931.04248046875,43.9395866394043,1.5298758745193481,0.7739531397819519,3.446376323699951
128,128,3575,2006-05-29T23:00:00.000000,5794.04345703125,48.01994323730469,1.7861965894699097,0.8431316614151001,3.5894358158111572
129,129,3575,2006-05-29T23:00:00.000000,338.3543701171875,11.313690185546875,1.4787694215774536,0.7479432821273804,3.226069927215576
130,130,3575,2006-05-29T23:00:00.000000,3175.5498046875,34.61160659790039,1.4794367551803589,0.7470687031745911,3.221919059753418
131,131,3575,2006-05-29T23:00:00.000000,5555.52978515625,47.3946418762207,1.8858174085617065,0.873205304145813,3.593914031982422
132,132,3575,2006-05-29T23:00:00.000000,5209.4599609375,43.840476989746094,1.804816722869873,0.8160098791122437,3.3190488815307617
133,133,3575,2006-05-29T23:00:00.000000,5398.07421875,46.165775299072266,1.5682785511016846,0.7868869304656982,3.509087085723877
134,134,3575,2006-05-29T23:00:00.000000,6109.01220703125,49.4110107421875,1.9255748987197876,0.8772401809692383,3.8058526515960693
135,135,3575,2006-05-29T23:00:00.000000,4247.43408203125,43.6413688659668,1.5740525722503662,0.8401265144348145,3.830996513366699
136,136,3575,2006-05-29T23:00:00.000000,8900.1923828125,58.00416946411133,1.6551531553268433,0.791003942489624,3.419247627258301
0,0,4087,2006-06-20T07:00:00.000000,27237.06640625,138.12083435058594,2.0807583332061768,1.207229495048523,5.542507648468018
1,1,4087,2006-06-20T07:00:00.000000,2997.170166015625,51.14791488647461,1.004672646522522,0.9364498853683472,4.026386737823486
2,2,4087,2006-06-20T07:00:00.000000,3289.11083984375,52.71487808227539,1.0022505521774292,0.9201998114585876,4.137984752655029
3,3,4087,2006-06-20T07:00:00.000000,3533.4248046875,55.8389892578125,1.071449875831604,0.9723565578460693,4.298725605010986
4,4,4087,2006-06-20T07:00:00.000000,16231.6376953125,108.80268096923828,1.6720459461212158,1.1042885780334473,4.768846035003662
5,5,4087,2006-06-20T07:00:00.000000,23212.765625,140.66786193847656,1.0699740648269653,0.9550322890281677,4.293000221252441
6,6,4087,2006-06-20T07:00:00.000000,3049.4453125,51.298805236816406,1.240756869316101,1.0347613096237183,4.675400733947754
7,7,4087,2006-06-20T07:00:00.000000,3222.5654296875,52.136905670166016,1.1838396787643433,0.9992883801460266,4.366880416870117
8,8,4087,2006-06-20T07:00:00.000000,3658.791015625,56.463096618652344,1.0904666185379028,0.9747699499130249,4.358010768890381
9,9,4087,2006-06-20T07:00:00.000000,4009.019775390625,59.48660659790039,1.198151707649231,1.0283857583999634,4.6594767570495605
10,10,4087,2006-06-20T07:00:00.000000,3604.9921875,56.58928680419922,1.1436704397201538,1.0079349279403687,4.508464336395264
11,11,4087,2006-06-20T07:00:00.000000,847.7950439453125,27.040771484375,1.0531792640686035,0.9530701637268066,4.137467384338379
12,12,4087,2006-06-20T07:00:00.000000,3730.219482421875,56.904170989990234,1.093651533126831,0.9743530750274658,4.37617301940918
13,13,4087,2006-06-20T07:00:00.000000,3627.80517578125,56.95743942260742,1.0799342393875122,0.9827139973640442,4.467843055725098
14,14,4087,2006-06-20T07:00:00.000000,3235.033447265625,52.06071090698242,1.005760669708252,0.9179478883743286,3.99977707862854
15,15,4087,2006-06-20T07:00:00.000000,2125.92626953125,39.13898849487305,1.9987175464630127,1.2000828981399536,5.1462321281433105
16,16,4087,2006-06-20T07:00:00.000000,3546.935302734375,55.83125305175781,1.078922986984253,0.9737467169761658,4.2765631675720215
17,17,4087,2006-06-20T07:00:00.000000,3883.10498046875,58.34136962890625,1.1689355373382568,1.012237310409546,4.3008713722229
18,18,4087,2006-06-20T07:00:00.000000,3665.611572265625,56.73601531982422,1.12057626247406,0.9919877052307129,4.510010719299316
19,19,4087,2006-06-20T07:00:00.000000,3781.497802734375,57.6133918762207,1.1452950239181519,1.0026519298553467,4.547093391418457
20,20,4087,2006-06-20T07:00:00.000000,3662.526123046875,56.8797607421875,1.1278114318847656,0.9981266260147095,4.381565093994141
21,21,4087,2006-06-20T07:00:00.000000,3789.625732421875,57.262203216552734,1.1292574405670166,0.9884765148162842,4.4338059425354
22,22,4087,2006-06-20T07:00:00.000000,4509.533203125,61.197021484375,1.0917823314666748,0.9522095918655396,4.433226108551025
23,23,4087,2006-06-20T07:00:00.000000,14144.994140625,110.08631134033203,1.1390782594680786,0.987890362739563,4.2697248458862305
24,24,4087,2006-06-20T07:00:00.000000,3494.194580078125,55.61279296875,1.0691406726837158,0.9727890491485596,4.225277423858643
25,25,4087,2006-06-20T07:00:00.000000,2758.906494140625,49.06696701049805,1.0907610654830933,0.9756307601928711,4.413294315338135
26,26,4087,2006-06-20T07:00:00.000000,3604.665283203125,55.96964645385742,1.1429980993270874,0.9966503381729126,4.482027530670166
27,27,4087,2006-06-20T07:00:00.000000,3667.209228515625,57.159523010253906,1.1783618927001953,1.024613618850708,4.560359001159668
28,28,4087,2006-06-20T07:00:00.000000,14025.73046875,111.70893096923828,1.0966395139694214,0.9877729415893555,4.106871128082275
29,29,4087,2006-06-20T07:00:00.000000,4007.858642578125,58.7568473815918,1.2190877199172974,1.024754285812378,4.582123279571533
30,30,4087,2006-06-20T07:00:00.000000,4699.52490234375,56.97589111328125,1.9030009508132935,1.1465253829956055,5.209994316101074
31,31,4087,2006-06-20T07:00:00.000000,10380.806640625,96.09166717529297,1.0485796928405762,0.9657637476921082,4.160206317901611
32,32,4087,2006-06-20T07:00:00.000000,3404.129150390625,54.48750305175781,1.0219324827194214,0.9440717697143555,4.245395660400391
33,33,4087,2006-06-20T07:00:00.000000,3023.194091796875,51.065773010253906,1.1538058519363403,0.99761563539505,4.437587261199951
34,34,4087,2006-06-20T07:00:00.000000,3021.337890625,51.603572845458984,1.0844342708587646,0.9776461720466614,4.387562274932861
35,35,4087,2006-06-20T07:00:00.000000,2037.6700439453125,41.85714340209961,1.1130040884017944,0.9782525897026062,4.221170425415039
36,36,4087,2006-06-20T07:00:00.000000,3824.93896484375,57.628570556640625,1.1408939361572266,0.9952868819236755,4.294459342956543
37,37,4087,2006-06-20T07:00:00.000000,1955.69091796875,40.7336311340332,1.138459324836731,0.9827923774719238,4.391459941864014
38,38,4087,2006-06-20T07:00:00.000000,3795.436767578125,56.759521484375,1.1659042835235596,0.9948081374168396,4.361515522003174
39,39,4087,2006-06-20T07:00:00.000000,3710.6611328125,56.596134185791016,1.1377692222595215,0.991033136844635,4.45039701461792
40,40,4087,2006-06-20T07:00:00.000000,16328.5654296875,120.48809814453125,0.9283261895179749,0.9084907174110413,4.053866863250732
41,41,4087,2006-06-20T07:00:00.000000,3418.739990234375,54.349998474121094,1.0135462284088135,0.9358114004135132,4.134830474853516
42,42,4087,2006-06-20T07:00:00.000000,3735.90771484375,57.45148849487305,1.1322036981582642,1.0001507997512817,4.553678512573242
43,43,4087,2006-06-20T07:00:00.000000,3817.191650390625,58.173213958740234,1.1516221761703491,1.0104296207427979,4.630401611328125
44,44,4087,2006-06-20T07:00:00.000000,12065.0732421875,94.25088500976562,1.8008078336715698,1.151474118232727,5.106387138366699
45,45,4087,2006-06-20T07:00:00.000000,4858.12744140625,58.18244552612305,1.9665709733963013,1.1706101894378662,5.072892665863037
46,46,4087,2006-06-20T07:00:00.000000,1856.1898193359375,39.837799072265625,1.1016639471054077,0.9705294966697693,4.208557605743408
47,47,4087,2006-06-20T07:00:00.000000,2954.015380859375,50.72649383544922,1.0534793138504028,0.9579468965530396,4.360194683074951
48,48,4087,2006-06-20T07:00:00.000000,3269.8935546875,53.85446548461914,1.0960304737091064,0.9859757423400879,4.320209980010986
49,49,4087,2006-06-20T07:00:00.000000,4039.59375,57.91071701049805,1.2102653980255127,1.0023753643035889,4.417882919311523
50,50,4087,2006-06-20T07:00:00.000000,3672.650390625,56.73750305175781,1.0967233180999756,0.9804578423500061,4.400698184967041
51,51,4087,2006-06-20T07:00:00.000000,3655.957763671875,57.216670989990234,1.106137752532959,0.9952372908592224,4.55512809753418
52,52,4087,2006-06-20T07:00:00.000000,3306.572998046875,54.23035430908203,1.0721917152404785,0.9765390753746033,4.2020263671875
53,53,4087,2006-06-20T07:00:00.000000,3661.81640625,55.37440872192383,1.11786687374115,0.9675108790397644,4.294277667999268
54,54,4087,2006-06-20T07:00:00.000000,3008.8896484375,51.52232360839844,1.2285778522491455,1.0411028861999512,4.69964599609375
55,55,4087,2006-06-20T07:00:00.000000,3309.422607421875,53.7145881652832,1.0010476112365723,0.9342077374458313,4.219422340393066
56,56,4087,2006-06-20T07:00:00.000000,3751.06396484375,57.30803680419922,1.1096073389053345,0.9856504797935486,4.351873874664307
57,57,4087,2006-06-20T07:00:00.000000,2936.8466796875,50.63780212402344,1.0414005517959595,0.9535491466522217,4.252435684204102
58,58,4087,2006-06-20T07:00:00.000000,2676.74951171875,48.183631896972656,0.952904224395752,0.909118115901947,4.009589672088623
59,59,4087,2006-06-20T07:00:00.000000,3944.982666015625,58.798805236816406,1.1895560026168823,1.0210299491882324,4.492379665374756
60,60,4087,2006-06-20T07:00:00.000000,1892.7120361328125,40.3994026184082,1.1398959159851074,0.9914373159408569,4.396798133850098
61,61,4087,2006-06-20T07:00:00.000000,3504.6923828125,55.37559509277344,1.0515613555908203,0.9592035412788391,4.2511773109436035
62,62,4087,2006-06-20T07:00:00.000000,3939.935302734375,58.770240783691406,1.1922729015350342,1.0223528146743774,4.696018218994141
63,63,4087,2006-06-20T07:00:00.000000,2876.105224609375,49.40922546386719,1.0721937417984009,0.9539867043495178,4.248748302459717
64,64,4087,2006-06-20T07:00:00.000000,3711.86767578125,42.12916946411133,1.3596967458724976,0.8063203692436218,3.5110549926757812
65,65,4087,2006-06-20T07:00:00.000000,3932.866455078125,56.937198638916016,1.2271146774291992,1.005736231803894,4.433311939239502
66,66,4087,2006-06-20T07:00:00.000000,3810.90185546875,57.5461311340332,1.1339716911315918,0.9926665425300598,4.320931434631348
67,67,4087,2006-06-20T07:00:00.000000,3229.342041015625,53.463096618652344,1.018091082572937,0.9492713809013367,4.220958709716797
68,68,4087,2006-06-20T07:00:00.000000,31780.580078125,151.00180053710938,2.4336202144622803,1.3213796615600586,5.623986721038818
69,69,4087,2006-06-20T07:00:00.000000,10879.70703125,97.9455337524414,1.1616628170013428,1.0120829343795776,4.3408613204956055
70,70,4087,2006-06-20T07:00:00.000000,5600.04541015625,70.20297241210938,1.0979633331298828,0.9830002784729004,4.162739276885986
71,71,4087,2006-06-20T07:00:00.000000,1635.8494873046875,37.76280212402344,1.043250560760498,0.9536451101303101,4.245476722717285
72,72,4087,2006-06-20T07:00:00.000000,3315.285888671875,54.358341217041016,1.201111912727356,1.034659504890442,4.603458881378174
73,73,4087,2006-06-20T07:00:00.000000,50645.1015625,189.177978515625,1.9776235818862915,1.1821528673171997,5.064211368560791
74,74,4087,2006-06-20T07:00:00.000000,3658.37646484375,56.9735107421875,1.103641390800476,0.9895613789558411,4.329412460327148
75,75,4087,2006-06-20T07:00:00.000000,3666.241943359375,55.94315719604492,1.0876905918121338,0.9635829329490662,4.300031661987305
76,76,4087,2006-06-20T07:00:00.000000,3573.40966796875,55.76280212402344,1.0476579666137695,0.9548011422157288,4.1246256828308105
77,77,4087,2006-06-20T07:00:00.000000,3538.184326171875,55.34821701049805,1.133539080619812,0.9906759858131409,4.501928329467773
78,78,4087,2006-06-20T07:00:00.000000,3848.30859375,57.89493942260742,1.145209789276123,0.9987302422523499,4.556694984436035
79,79,4087,2006-06-20T07:00:00.000000,3077.785400390625,52.144344329833984,1.0828049182891846,0.9780547618865967,4.343635559082031
80,80,4087,2006-06-20T07:00:00.000000,5529.6826171875,69.64702606201172,0.9969369173049927,0.9351608753204346,4.151527404785156
81,81,4087,2006-06-20T07:00:00.000000,3579.6318359375,56.10505676269531,1.1107048988342285,0.9882848858833313,4.417721271514893
82,82,4087,2006-06-20T07:00:00.000000,2289.900634765625,41.43869400024414,0.9433121681213379,0.8410570025444031,3.783703088760376
83,83,4087,2006-06-20T07:00:00.000000,2174.119140625,42.54672622680664,1.2834696769714355,1.0337542295455933,4.437510967254639
84,84,4087,2006-06-20T07:00:00.000000,3647.00634765625,56.854759216308594,1.108730673789978,0.9913148880004883,4.443538665771484
85,85,4087,2006-06-20T07:00:00.000000,2948.1591796875,50.03689956665039,1.1307861804962158,0.9799529910087585,4.335221767425537
86,86,4087,2006-06-20T07:00:00.000000,3718.228515625,56.779762268066406,1.125425100326538,0.9878337383270264,4.47785758972168
87,87,4087,2006-06-20T07:00:00.000000,3068.222412109375,51.33541488647461,1.1582812070846558,0.9974260330200195,4.427402496337891
88,88,4087,2006-06-20T07:00:00.000000,2879.6005859375,50.3702392578125,1.1215803623199463,0.9940841794013977,4.516101360321045
89,89,4087,2006-06-20T07:00:00.000000,2983.827880859375,50.34434509277344,1.1348687410354614,0.9818307757377625,4.404610633850098
90,90,4087,2006-06-20T07:00:00.000000,1668.68603515625,38.2139892578125,1.0620803833007812,0.9640815258026123,4.337794780731201
91,91,4087,2006-06-20T07:00:00.000000,3151.736572265625,51.96071243286133,1.096379041671753,0.9691265821456909,4.318077087402344
92,92,4087,2006-06-20T07:00:00.000000,3477.871826171875,54.93333435058594,1.0348289012908936,0.9475746154785156,4.241890907287598
93,93,4087,2006-06-20T07:00:00.000000,3017.480712890625,50.80744552612305,1.0648339986801147,0.9544341564178467,4.283846855163574
94,94,4087,2006-06-20T07:00:00.000000,3389.582763671875,53.869049072265625,1.2259150743484497,1.0244632959365845,4.663947105407715
95,95,4087,2006-06-20T07:00:00.000000,3605.814697265625,41.35238265991211,1.3224974870681763,0.7919472455978394,3.5437252521514893
96,96,4087,2006-06-20T07:00:00.000000,4288.97216796875,55.7553596496582,1.7076557874679565,1.1125260591506958,5.044645309448242
97,97,4087,2006-06-20T07:00:00.000000,2974.578125,50.641666412353516,1.111301064491272,0.9788388013839722,4.349187850952148
98,98,4087,2006-06-20T07:00:00.000000,2720.250732421875,48.93452453613281,1.0715761184692383,0.9712307453155518,4.503617286682129
99,99,4087,2006-06-20T07:00:00.000000,3359.929443359375,54.182735443115234,1.0828478336334229,0.9727014899253845,4.3822922706604
100,100,4087,2006-06-20T07:00:00.000000,1889.041748046875,39.79047775268555,1.113999605178833,0.9662753939628601,4.29507303237915
101,101,4087,2006-06-20T07:00:00.000000,1891.626953125,40.22083282470703,1.1025618314743042,0.971034824848175,4.3676300048828125
102,102,4087,2006-06-20T07:00:00.000000,3486.07958984375,55.33571243286133,1.119755506515503,0.9917413592338562,4.415515899658203
103,103,4087,2006-06-20T07:00:00.000000,3879.70849609375,57.8008918762207,1.191990852355957,1.0131447315216064,4.459316730499268
104,104,4087,2006-06-20T07:00:00.000000,9091.814453125,88.52916717529297,1.151699185371399,0.9963929653167725,4.364483833312988
105,105,4087,2006-06-20T07:00:00.000000,8007.29248046875,84.2315444946289,1.1135026216506958,0.9932934045791626,4.32651424407959
106,106,4087,2006-06-20T07:00:00.000000,3466.06591796875,54.88749694824219,1.2288384437561035,1.0334808826446533,4.613127708435059
107,107,4087,2006-06-20T07:00:00.000000,3702.396728515625,56.474998474121094,1.1102560758590698,0.9779718518257141,4.344729423522949
108,108,4087,2006-06-20T07:00:00.000000,3038.960205078125,50.681251525878906,1.1783373355865479,0.9979749321937561,4.368025302886963
109,109,4087,2006-06-20T07:00:00.000000,3822.153076171875,58.003570556640625,1.1335171461105347,0.9988833069801331,4.432833194732666
110,110,4087,2006-06-20T07:00:00.000000,3226.903076171875,53.6229133605957,0.973110020160675,0.9311903119087219,4.262513160705566
111,111,4087,2006-06-20T07:00:00.000000,3629.736572265625,56.619346618652344,1.1060760021209717,0.9883704781532288,4.403586387634277
112,112,4087,2006-06-20T07:00:00.000000,913.531005859375,28.312204360961914,1.1125229597091675,0.9880216717720032,4.334182262420654
113,113,4087,2006-06-20T07:00:00.000000,2884.34033203125,50.00654602050781,1.0533944368362427,0.9556506276130676,4.280829429626465
114,114,4087,2006-06-20T07:00:00.000000,3313.5048828125,53.961910247802734,1.0799968242645264,0.9742147326469421,4.3297953605651855
115,115,4087,2006-06-20T07:00:00.000000,214.9225311279297,13.6994047164917,1.0191850662231445,0.9433811902999878,4.150084972381592
116,116,4087,2006-06-20T07:00:00.000000,3576.648193359375,55.97083282470703,1.0957977771759033,0.9796904921531677,4.383785724639893
117,117,4087,2006-06-20T07:00:00.000000,3228.603515625,53.035423278808594,1.1082649230957031,0.9826082587242126,4.206406116485596
118,118,4087,2006-06-20T07:00:00.000000,3696.296875,56.99107360839844,1.1116316318511963,0.9883341193199158,4.429244518280029
119,119,4087,2006-06-20T07:00:00.000000,1808.4864501953125,39.83452606201172,1.1267333030700684,0.9942888617515564,4.396003246307373
120,120,4087,2006-06-20T07:00:00.000000,3600.57080078125,56.11666488647461,1.1033778190612793,0.9823547005653381,4.421299934387207
121,121,4087,2006-06-20T07:00:00.000000,42745.49609375,176.67083740234375,2.4497158527374268,1.3374499082565308,5.741272449493408
122,122,4087,2006-06-20T07:00:00.000000,3663.968017578125,56.68720626831055,1.0980255603790283,0.9813308119773865,4.404301166534424
123,123,4087,2006-06-20T07:00:00.000000,3794.49267578125,57.322021484375,1.1252524852752686,0.9871194362640381,4.285361289978027
124,124,4087,2006-06-20T07:00:00.000000,8589.5419921875,86.97083282470703,1.1509191989898682,1.006725549697876,4.498337268829346
125,125,4087,2006-06-20T07:00:00.000000,5690.88916015625,70.60446166992188,1.1337759494781494,0.9965653419494629,4.365372180938721
126,126,4087,2006-06-20T07:00:00.000000,897.9058837890625,27.820833206176758,1.110470175743103,0.9783815145492554,4.344643592834473
127,127,4087,2006-06-20T07:00:00.000000,3223.095703125,53.56904602050781,1.150683879852295,1.012174367904663,4.483586311340332
128,128,4087,2006-06-20T07:00:00.000000,3789.1533203125,57.720237731933594,1.1505873203277588,1.0058119297027588,4.471784591674805
129,129,4087,2006-06-20T07:00:00.000000,207.87176513671875,13.46875,1.096038818359375,0.9780082106590271,4.196079730987549
130,130,4087,2006-06-20T07:00:00.000000,1952.9583740234375,41.13780212402344,1.069948434829712,0.9628884792327881,4.260351181030273
131,131,4087,2006-06-20T07:00:00.000000,3668.515625,56.542564392089844,1.1586741209030151,1.004872441291809,4.469837665557861
132,132,4087,2006-06-20T07:00:00.000000,3747.910400390625,57.63780212402344,1.1450707912445068,1.0074626207351685,4.493183135986328
133,133,4087,2006-06-20T07:00:00.000000,3176.67041015625,52.42530059814453,1.0430610179901123,0.9499696493148804,4.091754913330078
134,134,4087,2006-06-20T07:00:00.000000,3728.267578125,57.047916412353516,1.0851413011550903,0.9732611775398254,4.362681865692139
135,135,4087,2006-06-20T07:00:00.000000,4344.34033203125,57.16964340209961,1.901424765586853,1.196033000946045,5.069204807281494
136,136,4087,2006-06-20T07:00:00.000000,5371.80224609375,68.99345397949219,0.9951039552688599,0.9390357136726379,4.15777587890625
0,0,4599,2006-07-11T15:00:00.000000,22160.748046875,125.76249694824219,1.8246924877166748,1.1411792039871216,5.127567768096924
1,1,4599,2006-07-11T15:00:00.000000,3987.453125,58.240478515625,1.5055750608444214,1.1316924095153809,4.818725109100342
2,2,4599,2006-07-11T15:00:00.000000,3777.15625,57.0026741027832,1.318396806716919,1.0649663209915161,4.728640556335449
3,3,4599,2006-07-11T15:00:00.000000,5259.25390625,65.43541717529297,1.730779767036438,1.187057375907898,5.160837650299072
4,4,4599,2006-07-11T15:00:00.000000,16532.8671875,109.16191101074219,1.9391316175460815,1.1822264194488525,4.928700923919678
5,5,4599,2006-07-11T15:00:00.000000,25418.69921875,147.24107360839844,1.3998596668243408,1.0926839113235474,4.796173572540283
6,6,4599,2006-07-11T15:00:00.000000,3416.136962890625,53.11756134033203,1.4934351444244385,1.1106153726577759,4.932593822479248
7,7,4599,2006-07-11T15:00:00.000000,2601.249267578125,46.52767562866211,1.1380900144577026,0.973214864730835,4.139927864074707
8,8,4599,2006-07-11T15:00:00.000000,4580.904296875,62.86398696899414,1.5663957595825195,1.1624574661254883,5.11614465713501
9,9,4599,2006-07-11T15:00:00.000000,3579.813232421875,56.00208282470703,1.2316256761550903,1.0387556552886963,4.568299293518066
10,10,4599,2006-07-11T15:00:00.000000,4101.70751953125,59.16666793823242,1.4797009229660034,1.1237810850143433,4.888000011444092
11,11,4599,2006-07-11T15:00:00.000000,907.5548706054688,27.975595474243164,1.2082650661468506,1.0207607746124268,4.5766921043396
12,12,4599,2006-07-11T15:00:00.000000,5724.076171875,68.29821014404297,1.968030333518982,1.2664049863815308,5.51707649230957
13,13,4599,2006-07-11T15:00:00.000000,3707.908203125,56.775299072265625,1.2936955690383911,1.0605007410049438,4.651325702667236
14,14,4599,2006-07-11T15:00:00.000000,3414.78955078125,54.449405670166016,1.2543940544128418,1.0435858964920044,4.346413612365723
15,15,4599,2006-07-11T15:00:00.000000,1404.87548828125,32.8077392578125,1.445988416671753,1.0525429248809814,4.500769138336182
16,16,4599,2006-07-11T15:00:00.000000,4250.6845703125,60.65714645385742,1.4346150159835815,1.1143462657928467,5.055055141448975
17,17,4599,2006-07-11T15:00:00.000000,3816.311767578125,57.655059814453125,1.3165019750595093,1.0708441734313965,4.586580753326416
18,18,4599,2006-07-11T15:00:00.000000,3759.85791015625,57.2663688659668,1.377416729927063,1.0960910320281982,4.738714218139648
19,19,4599,2006-07-11T15:00:00.000000,3618.8623046875,56.254173278808594,1.2965270280838013,1.0647789239883423,4.6308064460754395
20,20,4599,2006-07-11T15:00:00.000000,4874.92919921875,64.1827392578125,1.6201328039169312,1.1700633764266968,5.177355766296387
21,21,4599,2006-07-11T15:00:00.000000,4355.54638671875,60.98422622680664,1.4843909740447998,1.1258236169815063,4.854802131652832
22,22,4599,2006-07-11T15:00:00.000000,4255.12646484375,61.240478515625,1.1488031148910522,1.006248116493225,4.2680134773254395
23,23,4599,2006-07-11T15:00:00.000000,15887.7412109375,117.03839111328125,1.2800976037979126,1.0505551099777222,4.480407238006592
24,24,4599,2006-07-11T15:00:00.000000,4070.3115234375,59.47708511352539,1.4251776933670044,1.1129364967346191,4.7854905128479
25,25,4599,2006-07-11T15:00:00.000000,2983.449951171875,51.20654296875,1.3411253690719604,1.0856773853302002,4.940091133117676
26,26,4599,2006-07-11T15:00:00.000000,3675.4970703125,56.819942474365234,1.4131801128387451,1.1141444444656372,4.766781806945801
27,27,4599,2006-07-11T15:00:00.000000,5081.9609375,63.44137191772461,1.9053632020950317,1.2284168004989624,5.3617987632751465
28,28,4599,2006-07-11T15:00:00.000000,23314.9140625,138.8535919189453,2.00740647315979,1.2884210348129272,5.502400875091553
29,29,4599,2006-07-11T15:00:00.000000,3383.914794921875,54.591670989990234,1.2354317903518677,1.0431002378463745,4.424652099609375
30,30,4599,2006-07-11T15:00:00.000000,4548.75244140625,56.259521484375,2.136918544769287,1.2193934917449951,5.441923141479492
31,31,4599,2006-07-11T15:00:00.000000,16264.5908203125,113.98661041259766,1.9616565704345703,1.2518253326416016,5.216351509094238
32,32,4599,2006-07-11T15:00:00.000000,3554.799072265625,55.5836296081543,1.2593111991882324,1.0461788177490234,4.543153762817383
33,33,4599,2006-07-11T15:00:00.000000,3310.792724609375,53.137794494628906,1.43316650390625,1.1055691242218018,4.785432815551758
34,34,4599,2006-07-11T15:00:00.000000,2562.390625,46.789283752441406,1.0939136743545532,0.9667524695396423,4.154569625854492
35,35,4599,2006-07-11T15:00:00.000000,2378.728759765625,45.31309509277344,1.4533743858337402,1.1200567483901978,4.893612861633301
36,36,4599,2006-07-11T15:00:00.000000,5480.14013671875,66.94107055664062,1.8685204982757568,1.2360777854919434,5.259424209594727
37,37,4599,2006-07-11T15:00:00.000000,1522.6153564453125,35.91934585571289,1.053350806236267,0.9447563886642456,4.056450843811035
38,38,4599,2006-07-11T15:00:00.000000,4021.50146484375,58.23601531982422,1.42792546749115,1.0973628759384155,4.720557689666748
39,39,4599,2006-07-11T15:00:00.000000,3433.05029296875,54.997920989990234,1.2572083473205566,1.0524702072143555,4.500362873077393
40,40,4599,2006-07-11T15:00:00.000000,24993.216796875,143.45001220703125,1.6671061515808105,1.1715776920318604,5.073163986206055
41,41,4599,2006-07-11T15:00:00.000000,4463.28369140625,62.06369400024414,1.533096194267273,1.1502574682235718,5.162524223327637
42,42,4599,2006-07-11T15:00:00.000000,4159.89013671875,59.869346618652344,1.3593248128890991,1.0822440385818481,4.916577339172363
43,43,4599,2006-07-11T15:00:00.000000,3081.846435546875,51.7976188659668,1.0929396152496338,0.9754441976547241,4.311825275421143
44,44,4599,2006-07-11T15:00:00.000000,15569.9794921875,105.39911651611328,2.4833106994628906,1.331093192100525,5.944303035736084
45,45,4599,2006-07-11T15:00:00.000000,5841.52490234375,63.40506362915039,2.623558521270752,1.3437120914459229,5.935577392578125
46,46,4599,2006-07-11T15:00:00.000000,1718.3428955078125,38.82321548461914,1.2070434093475342,1.028959035873413,4.282380104064941
47,47,4599,2006-07-11T15:00:00.000000,3619.81884765625,55.283935546875,1.4913533926010132,1.1221367120742798,5.047844409942627
48,48,4599,2006-07-11T15:00:00.000000,4730.853515625,62.1181526184082,1.7502169609069824,1.1947987079620361,5.305817604064941
49,49,4599,2006-07-11T15:00:00.000000,2807.34521484375,49.26726531982422,0.9935428500175476,0.9268379211425781,4.000199317932129
50,50,4599,2006-07-11T15:00:00.000000,4253.35595703125,59.662498474121094,1.4514487981796265,1.1021392345428467,4.8347859382629395
51,51,4599,2006-07-11T15:00:00.000000,3792.26123046875,57.89375305175781,1.3597197532653809,1.0962440967559814,4.77464485168457
52,52,4599,2006-07-11T15:00:00.000000,5697.39794921875,67.26011657714844,2.1102633476257324,1.294457197189331,5.579313278198242
53,53,4599,2006-07-11T15:00:00.000000,4181.3447265625,60.021728515625,1.477384090423584,1.1282289028167725,4.752979755401611
54,54,4599,2006-07-11T15:00:00.000000,2939.647705078125,49.708335876464844,1.2423272132873535,1.0218791961669922,4.524745941162109
55,55,4599,2006-07-11T15:00:00.000000,5141.0419921875,65.21934509277344,1.714713215827942,1.1910955905914307,5.175811767578125
56,56,4599,2006-07-11T15:00:00.000000,3701.2607421875,56.90684509277344,1.2839748859405518,1.0599074363708496,4.620337009429932
57,57,4599,2006-07-11T15:00:00.000000,2833.828125,49.797027587890625,1.2620197534561157,1.050871729850769,4.511104106903076
58,58,4599,2006-07-11T15:00:00.000000,3072.3349609375,51.736305236816406,1.323978066444397,1.0739933252334595,4.691388130187988
59,59,4599,2006-07-11T15:00:00.000000,4175.94580078125,59.744346618652344,1.4572443962097168,1.116054892539978,4.878514766693115
60,60,4599,2006-07-11T15:00:00.000000,1893.2562255859375,40.37946319580078,1.3308998346328735,1.070603370666504,4.593816757202148
61,61,4599,2006-07-11T15:00:00.000000,4039.551513671875,58.7913703918457,1.3463752269744873,1.073322057723999,4.73383903503418
62,62,4599,2006-07-11T15:00:00.000000,3628.905517578125,56.41220474243164,1.3011023998260498,1.0681713819503784,4.7319440841674805
63,63,4599,2006-07-11T15:00:00.000000,3215.050537109375,52.47291946411133,1.4393137693405151,1.1102455854415894,4.710500717163086
64,64,4599,2006-07-11T15:00:00.000000,4483.4404296875,60.90178680419922,1.8552806377410889,1.238879680633545,5.447571754455566
65,65,4599,2006-07-11T15:00:00.000000,3234.663818359375,53.377384185791016,1.1938385963439941,1.0254523754119873,4.440280914306641
66,66,4599,2006-07-11T15:00:00.000000,5310.35791015625,66.10387420654297,1.7521662712097168,1.2007501125335693,5.309039115905762
67,67,4599,2006-07-11T15:00:00.000000,4518.0126953125,60.965476989746094,1.6936213970184326,1.1803706884384155,5.051624774932861
68,68,4599,2006-07-11T15:00:00.000000,10822.6015625,96.32887268066406,0.9641448855400085,0.9092049598693848,3.7332022190093994
69,69,4599,2006-07-11T15:00:00.000000,14279.7236328125,109.81160736083984,1.562432050704956,1.148653268814087,5.01036262512207
70,70,4599,2006-07-11T15:00:00.000000,6971.70263671875,75.8904800415039,1.5406705141067505,1.128165364265442,4.902637004852295
71,71,4599,2006-07-11T15:00:00.000000,1625.6387939453125,37.90744400024414,1.1719179153442383,1.0177966356277466,4.495077610015869
72,72,4599,2006-07-11T15:00:00.000000,4450.33154296875,61.18839645385742,1.889746904373169,1.26088285446167,5.444164276123047
73,73,4599,2006-07-11T15:00:00.000000,56696.72265625,198.02410888671875,2.35966157913208,1.2775089740753174,5.650786876678467
74,74,4599,2006-07-11T15:00:00.000000,5188.82373046875,64.77291870117188,1.6873663663864136,1.1680561304092407,5.236510276794434
75,75,4599,2006-07-11T15:00:00.000000,4278.5791015625,60.539581298828125,1.5100589990615845,1.137330174446106,4.89328670501709
76,76,4599,2006-07-11T15:00:00.000000,3213.22705078125,52.847320556640625,1.1752386093139648,1.0106836557388306,4.1425628662109375
77,77,4599,2006-07-11T15:00:00.000000,3131.55029296875,52.40178680419922,1.2105704545974731,1.0302945375442505,4.327775478363037
78,78,4599,2006-07-11T15:00:00.000000,4515.89697265625,61.80714797973633,1.4440534114837646,1.1052443981170654,4.920079708099365
79,79,4599,2006-07-11T15:00:00.000000,3303.821044921875,53.341365814208984,1.4142687320709229,1.103625774383545,4.805099010467529
80,80,4599,2006-07-11T15:00:00.000000,7343.23388671875,79.38809204101562,1.5715956687927246,1.1614007949829102,5.056502819061279
81,81,4599,2006-07-11T15:00:00.000000,2952.6630859375,50.47083282470703,1.074497938156128,0.9628005623817444,4.121706962585449
82,82,4599,2006-07-11T15:00:00.000000,3962.892578125,56.164283752441406,1.7472630739212036,1.1793242692947388,5.049806118011475
83,83,4599,2006-07-11T15:00:00.000000,1964.151123046875,40.90178680419922,1.3882930278778076,1.0874152183532715,4.749270439147949
84,84,4599,2006-07-11T15:00:00.000000,3802.193115234375,57.65297317504883,1.337762713432312,1.081419587135315,4.811469554901123
85,85,4599,2006-07-11T15:00:00.000000,3294.3125,53.10505676269531,1.4749891757965088,1.123693585395813,4.844104766845703
86,86,4599,2006-07-11T15:00:00.000000,5129.0419921875,65.43571472167969,1.7330716848373413,1.2028319835662842,5.298951148986816
87,87,4599,2006-07-11T15:00:00.000000,3739.330810546875,56.663692474365234,1.6463005542755127,1.188947081565857,5.203723907470703
88,88,4599,2006-07-11T15:00:00.000000,2580.964111328125,47.374107360839844,1.1368354558944702,0.9942575097084045,4.393730163574219
89,89,4599,2006-07-11T15:00:00.000000,3284.892578125,52.72648620605469,1.4098029136657715,1.0923138856887817,4.77463436126709
90,90,4599,2006-07-11T15:00:00.000000,2372.242431640625,44.67500305175781,1.7068332433700562,1.1983416080474854,5.20023775100708
91,91,4599,2006-07-11T15:00:00.000000,3476.219970703125,54.67529296875,1.4614862203598022,1.1210753917694092,4.85076904296875
92,92,4599,2006-07-11T15:00:00.000000,4043.70703125,59.16012191772461,1.36001718044281,1.0849542617797852,4.7363505363464355
93,93,4599,2006-07-11T15:00:00.000000,3054.271728515625,52.125,1.3058502674102783,1.0778018236160278,4.815839767456055
94,94,4599,2006-07-11T15:00:00.000000,2424.933349609375,44.965476989746094,1.0465296506881714,0.9341251254081726,4.05428409576416
95,95,4599,2006-07-11T15:00:00.000000,3490.731201171875,54.540771484375,1.4087345600128174,1.0956648588180542,4.578974723815918
96,96,4599,2006-07-11T15:00:00.000000,4205.99853515625,55.10922622680664,1.9944519996643066,1.2000560760498047,4.960175514221191
97,97,4599,2006-07-11T15:00:00.000000,3675.08349609375,56.01547622680664,1.576721429824829,1.1602509021759033,5.080654621124268
98,98,4599,2006-07-11T15:00:00.000000,2755.400146484375,49.384822845458984,1.2052075862884521,1.0328376293182373,4.7181010246276855
99,99,4599,2006-07-11T15:00:00.000000,4265.1064453125,60.34017562866211,1.5511504411697388,1.1507171392440796,4.957427978515625
100,100,4599,2006-07-11T15:00:00.000000,1833.6292724609375,40.201786041259766,1.2946211099624634,1.0682204961776733,4.492618560791016
101,101,4599,2006-07-11T15:00:00.000000,1776.45703125,39.4755973815918,1.224402666091919,1.0363668203353882,4.366356372833252
102,102,4599,2006-07-11T15:00:00.000000,3869.990478515625,58.118751525878906,1.4936480522155762,1.1417880058288574,4.909643650054932
103,103,4599,2006-07-11T15:00:00.000000,3085.2646484375,52.00119400024414,1.1164379119873047,0.9892005324363708,4.227569103240967
104,104,4599,2006-07-11T15:00:00.000000,8108.51806640625,83.78958129882812,1.269450068473816,1.0484001636505127,4.540903091430664
105,105,4599,2006-07-11T15:00:00.000000,8711.6015625,85.47708892822266,1.2763452529907227,1.0346293449401855,4.572182655334473
106,106,4599,2006-07-11T15:00:00.000000,2833.036865234375,49.73779296875,1.1491203308105469,1.0017127990722656,4.426731586456299
107,107,4599,2006-07-11T15:00:00.000000,5474.66845703125,67.18214416503906,1.870252013206482,1.241723895072937,5.4026265144348145
108,108,4599,2006-07-11T15:00:00.000000,3483.70458984375,55.19583511352539,1.5134024620056152,1.1504371166229248,5.094875812530518
109,109,4599,2006-07-11T15:00:00.000000,5669.1904296875,67.76844787597656,1.8028755187988281,1.2085089683532715,5.419666767120361
110,110,4599,2006-07-11T15:00:00.000000,5079.39990234375,64.5779800415039,1.7258210182189941,1.1903539896011353,5.358902931213379
111,111,4599,2006-07-11T15:00:00.000000,4385.60107421875,60.92828369140625,1.4834660291671753,1.1205805540084839,5.063138484954834
112,112,4599,2006-07-11T15:00:00.000000,966.5265502929688,28.325597763061523,1.2402998208999634,1.0146949291229248,4.501239776611328
113,113,4599,2006-07-11T15:00:00.000000,3310.834228515625,53.6943473815918,1.4819384813308716,1.135991096496582,4.905775547027588
114,114,4599,2006-07-11T15:00:00.000000,5236.65087890625,65.91399383544922,2.001709222793579,1.2886983156204224,5.534876823425293
115,115,4599,2006-07-11T15:00:00.000000,275.12847900390625,15.486607551574707,1.4701825380325317,1.1320723295211792,5.035888195037842
116,116,4599,2006-07-11T15:00:00.000000,4801.4912109375,63.10655212402344,1.6526092290878296,1.1707695722579956,5.252135753631592
117,117,4599,2006-07-11T15:00:00.000000,5008.966796875,63.8443489074707,1.8858964443206787,1.2388174533843994,5.29339599609375
118,118,4599,2006-07-11T15:00:00.000000,4214.16357421875,60.230655670166016,1.4393346309661865,1.1131219863891602,4.834985733032227
119,119,4599,2006-07-11T15:00:00.000000,1784.269775390625,39.64940643310547,1.200558066368103,1.0284850597381592,4.672614097595215
120,120,4599,2006-07-11T15:00:00.000000,4948.318359375,64.98303985595703,1.722108006477356,1.2122756242752075,5.293441295623779
121,121,4599,2006-07-11T15:00:00.000000,16778.365234375,120.23721313476562,1.1391358375549316,0.9907219409942627,4.203893661499023
122,122,4599,2006-07-11T15:00:00.000000,4903.23046875,63.76011657714844,1.6306214332580566,1.1627452373504639,5.155210971832275
123,123,4599,2006-07-11T15:00:00.000000,4736.85498046875,62.824405670166016,1.6001614332199097,1.1546896696090698,4.989881992340088
124,124,4599,2006-07-11T15:00:00.000000,9889.59375,92.61458587646484,1.4128812551498413,1.1069880723953247,4.973484516143799
125,125,4599,2006-07-11T15:00:00.000000,6909.98681640625,76.3639907836914,1.5195034742355347,1.1324025392532349,4.740646839141846
126,126,4599,2006-07-11T15:00:00.000000,876.12353515625,27.551788330078125,1.263287901878357,1.0462085008621216,4.477938652038574
127,127,4599,2006-07-11T15:00:00.000000,4118.4775390625,57.69732666015625,1.692667007446289,1.1696960926055908,4.957128524780273
128,128,4599,2006-07-11T15:00:00.000000,5025.16845703125,64.84970092773438,1.741215705871582,1.2071436643600464,5.345076560974121
129,129,4599,2006-07-11T15:00:00.000000,258.0869140625,14.44910717010498,1.4848964214324951,1.0959887504577637,4.6770501136779785
130,130,4599,2006-07-11T15:00:00.000000,2692.603515625,47.74107360839844,1.7248815298080444,1.2083300352096558,5.147864818572998
131,131,4599,2006-07-11T15:00:00.000000,4762.7919921875,62.9994010925293,1.709911584854126,1.1936925649642944,5.266396999359131
132,132,4599,2006-07-11T15:00:00.000000,3741.88037109375,57.538692474365234,1.3040043115615845,1.0741243362426758,4.879818916320801
133,133,4599,2006-07-11T15:00:00.000000,5139.078125,63.72916793823242,1.9525693655014038,1.2422209978103638,5.255820274353027
134,134,4599,2006-07-11T15:00:00.000000,4256.884765625,60.59583282470703,1.4592552185058594,1.121921420097351,4.892801761627197
135,135,4599,2006-07-11T15:00:00.000000,2958.5419921875,49.17500305175781,1.3523741960525513,1.0513659715652466,4.607394218444824
136,136,4599,2006-07-11T15:00:00.000000,4367.70556640625,60.81964111328125,0.9856091737747192,0.9136282801628113,3.7624025344848633
0,0,5111,2006-08-01T23:00:00.000000,20517.892578125,92.09166717529297,1.9538649320602417,0.8986721038818359,3.6189146041870117
1,1,5111,2006-08-01T23:00:00.000000,3649.65771484375,37.26250076293945,1.6127135753631592,0.7832934856414795,3.0275142192840576
2,2,5111,2006-08-01T23:00:00.000000,4617.31982421875,42.037803649902344,1.8679035902023315,0.8455166816711426,3.5304059982299805
3,3,5111,2006-08-01T23:00:00.000000,5837.64892578125,47.54405212402344,2.0716938972473145,0.8956534266471863,3.7428641319274902
4,4,5111,2006-08-01T23:00:00.000000,14182.3720703125,76.67560577392578,1.7767305374145508,0.8582099080085754,3.364607810974121
5,5,5111,2006-08-01T23:00:00.000000,34847.89453125,117.1244125366211,1.9992047548294067,0.8871310949325562,3.7954647541046143
6,6,5111,2006-08-01T23:00:00.000000,3654.668212890625,37.203277587890625,1.734140157699585,0.8103997707366943,3.391063928604126
7,7,5111,2006-08-01T23:00:00.000000,4222.85107421875,41.094051361083984,1.8883354663848877,0.8689916729927063,3.611795663833618
8,8,5111,2006-08-01T23:00:00.000000,5622.35888671875,45.77857208251953,2.061922788619995,0.8766761422157288,3.654207229614258
9,9,5111,2006-08-01T23:00:00.000000,4544.08203125,42.34196472167969,1.7660019397735596,0.8347252607345581,3.416537284851074
10,10,5111,2006-08-01T23:00:00.000000,4976.6494140625,43.70119094848633,1.9660124778747559,0.8685961365699768,3.7951173782348633
11,11,5111,2006-08-01T23:00:00.000000,1193.1043701171875,20.81071662902832,1.7259132862091064,0.7915114760398865,3.2092068195343018
12,12,5111,2006-08-01T23:00:00.000000,5748.115234375,47.99732208251953,2.217144250869751,0.9426516890525818,3.832045078277588
13,13,5111,2006-08-01T23:00:00.000000,5331.38671875,46.194644927978516,1.992262363433838,0.8929862976074219,3.827486753463745
14,14,5111,2006-08-01T23:00:00.000000,5168.37158203125,44.62440490722656,1.9046380519866943,0.8566468954086304,3.4063918590545654
15,15,5111,2006-08-01T23:00:00.000000,1684.3489990234375,27.03363037109375,2.0582776069641113,0.9450185894966125,3.5795295238494873
16,16,5111,2006-08-01T23:00:00.000000,5463.060546875,45.53125,2.0116612911224365,0.873713493347168,3.6007516384124756
17,17,5111,2006-08-01T23:00:00.000000,5410.708984375,46.094940185546875,2.0494298934936523,0.8971038460731506,3.673689365386963
18,18,5111,2006-08-01T23:00:00.000000,5256.36328125,45.5476188659668,1.9712246656417847,0.8820456862449646,3.671841621398926
19,19,5111,2006-08-01T23:00:00.000000,5125.14013671875,45.32083511352539,1.8605105876922607,0.8634974956512451,3.7589874267578125
20,20,5111,2006-08-01T23:00:00.000000,5601.48681640625,46.82797622680664,2.015211582183838,0.8882066607475281,3.696152448654175
21,21,5111,2006-08-01T23:00:00.000000,5395.82470703125,46.176788330078125,2.1144673824310303,0.9141032695770264,3.677415370941162
22,22,5111,2006-08-01T23:00:00.000000,7725.38427734375,60.23631286621094,2.2376036643981934,1.0251559019088745,4.384150505065918
23,23,5111,2006-08-01T23:00:00.000000,20941.0,89.35506439208984,1.9632172584533691,0.8651763796806335,3.5605545043945312
24,24,5111,2006-08-01T23:00:00.000000,5611.27099609375,46.8288688659668,2.0040526390075684,0.8849884271621704,3.6419882774353027
25,25,5111,2006-08-01T23:00:00.000000,3627.007568359375,37.25535583496094,1.7838908433914185,0.8262256383895874,3.614025354385376
26,26,5111,2006-08-01T23:00:00.000000,4908.6513671875,44.03958511352539,1.9202556610107422,0.8710470795631409,3.698272466659546
27,27,5111,2006-08-01T23:00:00.000000,3750.793212890625,37.39970397949219,1.6937823295593262,0.7947589755058289,3.019397020339966
28,28,5111,2006-08-01T23:00:00.000000,15682.2216796875,75.61190795898438,1.62967050075531,0.7707902789115906,2.9518938064575195
29,29,5111,2006-08-01T23:00:00.000000,5313.83935546875,46.17381286621094,2.061220645904541,0.9093974828720093,3.8789215087890625
30,30,5111,2006-08-01T23:00:00.000000,4128.97998046875,42.3273811340332,2.2087690830230713,0.9789830446243286,3.7984466552734375
31,31,5111,2006-08-01T23:00:00.000000,12467.3095703125,66.99077606201172,1.7006407976150513,0.7824109792709351,3.047844648361206
32,32,5111,2006-08-01T23:00:00.000000,5609.943359375,47.052085876464844,2.1238083839416504,0.9154977798461914,3.7400755882263184
33,33,5111,2006-08-01T23:00:00.000000,4351.59033203125,40.327083587646484,2.040255546569824,0.8732027411460876,3.6155219078063965
34,34,5111,2006-08-01T23:00:00.000000,4266.39794921875,40.79405212402344,1.924595594406128,0.8664347529411316,3.625913381576538
35,35,5111,2006-08-01T23:00:00.000000,2789.437255859375,32.31071472167969,1.8341639041900635,0.8285282850265503,3.4292595386505127
36,36,5111,2006-08-01T23:00:00.000000,5290.47314453125,45.823516845703125,1.9447559118270874,0.8785645961761475,3.5780727863311768
37,37,5111,2006-08-01T23:00:00.000000,2707.0634765625,32.311012268066406,2.026512384414673,0.8840482831001282,3.633941411972046
38,38,5111,2006-08-01T23:00:00.000000,4912.04443359375,43.98422622680664,1.8880842924118042,0.8623359203338623,3.5406436920166016
39,39,5111,2006-08-01T23:00:00.000000,5223.10791015625,45.71815490722656,2.0413901805877686,0.9038309454917908,3.7445220947265625
40,40,5111,2006-08-01T23:00:00.000000,27137.130859375,103.32797241210938,1.918696641921997,0.8688385486602783,3.627415657043457
41,41,5111,2006-08-01T23:00:00.000000,4692.32958984375,42.75088882446289,1.7583669424057007,0.8275718092918396,3.5105791091918945
42,42,5111,2006-08-01T23:00:00.000000,5052.29296875,44.847618103027344,1.8615748882293701,0.8608656525611877,3.656846523284912
43,43,5111,2006-08-01T23:00:00.000000,5003.890625,44.10506057739258,1.9583563804626465,0.8725299835205078,3.6556172370910645
44,44,5111,2006-08-01T23:00:00.000000,10263.7236328125,65.06130981445312,1.8789571523666382,0.8802961111068726,3.653090000152588
45,45,5111,2006-08-01T23:00:00.000000,4242.5869140625,43.62470245361328,2.2209458351135254,0.9981275200843811,3.89575457572937
46,46,5111,2006-08-01T23:00:00.000000,2581.31201171875,31.921428680419922,1.8819191455841064,0.8619112372398376,3.663437604904175
47,47,5111,2006-08-01T23:00:00.000000,4317.26171875,41.08690643310547,1.9288188219070435,0.8684503436088562,3.699270486831665
48,48,5111,2006-08-01T23:00:00.000000,3987.22021484375,38.252384185791016,1.8301039934158325,0.8195232152938843,3.2660491466522217
49,49,5111,2006-08-01T23:00:00.000000,5072.1298828125,44.42351531982422,1.956967830657959,0.8725887537002563,3.4921200275421143
50,50,5111,2006-08-01T23:00:00.000000,5508.73876953125,46.209224700927734,2.1428580284118652,0.9113796949386597,3.796302556991577
51,51,5111,2006-08-01T23:00:00.000000,5031.67431640625,44.7982177734375,1.868723750114441,0.8633303046226501,3.7217164039611816
52,52,5111,2006-08-01T23:00:00.000000,4053.642822265625,38.591365814208984,1.8152687549591064,0.8166536092758179,3.2062795162200928
53,53,5111,2006-08-01T23:00:00.000000,5725.80419921875,46.644046783447266,2.056098699569702,0.8838935494422913,3.6518936157226562
54,54,5111,2006-08-01T23:00:00.000000,3697.251220703125,36.74226379394531,1.7551629543304443,0.8005438446998596,3.379664897918701
55,55,5111,2006-08-01T23:00:00.000000,5680.375,45.95059585571289,2.099595308303833,0.8834264874458313,3.6162328720092773
56,56,5111,2006-08-01T23:00:00.000000,5189.7216796875,45.11309814453125,1.97613525390625,0.8803167343139648,3.6842267513275146
57,57,5111,2006-08-01T23:00:00.000000,4244.12451171875,40.68690872192383,1.9459047317504883,0.8712071180343628,3.703495740890503
58,58,5111,2006-08-01T23:00:00.000000,4326.69970703125,41.08035659790039,1.9651076793670654,0.8754855990409851,3.638566493988037
59,59,5111,2006-08-01T23:00:00.000000,5476.5888671875,46.23244094848633,2.141479730606079,0.9142158031463623,3.733750820159912
60,60,5111,2006-08-01T23:00:00.000000,2747.12646484375,33.07351303100586,2.169654369354248,0.9294719099998474,3.6697280406951904
61,61,5111,2006-08-01T23:00:00.000000,5364.14013671875,45.32143020629883,1.9856414794921875,0.8719748854637146,3.6274454593658447
62,62,5111,2006-08-01T23:00:00.000000,4749.7939453125,42.357444763183594,1.7912964820861816,0.822576105594635,3.663055419921875
63,63,5111,2006-08-01T23:00:00.000000,4222.27783203125,40.41339111328125,1.9364268779754639,0.8654708862304688,3.5571937561035156
64,64,5111,2006-08-01T23:00:00.000000,3534.1220703125,35.46190643310547,1.824537992477417,0.8057451844215393,3.162592649459839
65,65,5111,2006-08-01T23:00:00.000000,5160.01513671875,44.75059509277344,1.997235894203186,0.8804161548614502,3.569601535797119
66,66,5111,2006-08-01T23:00:00.000000,5789.005859375,47.41666793823242,2.0707833766937256,0.8968015313148499,3.771559000015259
67,67,5111,2006-08-01T23:00:00.000000,3944.0654296875,38.030357360839844,1.7946174144744873,0.8112304210662842,3.1516528129577637
68,68,5111,2006-08-01T23:00:00.000000,19432.69921875,95.3470230102539,1.870008945465088,0.9353247284889221,3.6069583892822266
69,69,5111,2006-08-01T23:00:00.000000,13784.408203125,71.5639877319336,1.6783549785614014,0.7896640300750732,3.2960379123687744
70,70,5111,2006-08-01T23:00:00.000000,7818.14892578125,54.09880828857422,1.9643340110778809,0.8575183749198914,3.3171656131744385
71,71,5111,2006-08-01T23:00:00.000000,2488.436767578125,31.048810958862305,1.8906409740447998,0.8558273315429688,3.6452982425689697
72,72,5111,2006-08-01T23:00:00.000000,3736.7763671875,37.14226531982422,1.8884637355804443,0.8349761962890625,3.3014469146728516
73,73,5111,2006-08-01T23:00:00.000000,42652.4375,136.57470703125,1.881791591644287,0.9071604609489441,3.5491726398468018
74,74,5111,2006-08-01T23:00:00.000000,5670.1904296875,46.27768325805664,2.094144105911255,0.889356791973114,3.8215253353118896
75,75,5111,2006-08-01T23:00:00.000000,5809.31640625,47.65565872192383,2.1952126026153564,0.9263822436332703,3.7734427452087402
76,76,5111,2006-08-01T23:00:00.000000,4653.08349609375,42.39940643310547,1.8766528367996216,0.8514934778213501,3.4126319885253906
77,77,5111,2006-08-01T23:00:00.000000,5069.4072265625,44.68779754638672,1.966782569885254,0.880214512348175,3.747326135635376
78,78,5111,2006-08-01T23:00:00.000000,5108.302734375,44.700294494628906,1.8635573387145996,0.853775143623352,3.606886863708496
79,79,5111,2006-08-01T23:00:00.000000,3414.242919921875,34.59672546386719,1.6035693883895874,0.7497762441635132,3.004826784133911
80,80,5111,2006-08-01T23:00:00.000000,8763.408203125,57.92857360839844,1.9783706665039062,0.8703824281692505,3.568437099456787
81,81,5111,2006-08-01T23:00:00.000000,5160.10595703125,45.480953216552734,1.9749763011932373,0.8897770643234253,3.877312421798706
82,82,5111,2006-08-01T23:00:00.000000,3593.8623046875,36.172325134277344,1.774380087852478,0.8037462830543518,3.3150548934936523
83,83,5111,2006-08-01T23:00:00.000000,2687.592529296875,32.527679443359375,2.0904974937438965,0.9071857333183289,3.6669180393218994
84,84,5111,2006-08-01T23:00:00.000000,5072.42578125,44.15089797973633,1.8919992446899414,0.8526918292045593,3.7284724712371826
85,85,5111,2006-08-01T23:00:00.000000,4089.753173828125,39.776485443115234,1.9551228284835815,0.8696908950805664,3.6113452911376953
86,86,5111,2006-08-01T23:00:00.000000,5162.021484375,44.9660758972168,1.9844927787780762,0.8816573023796082,3.665672779083252
87,87,5111,2006-08-01T23:00:00.000000,4496.8076171875,41.8919677734375,2.08640456199646,0.9023557305335999,3.713853120803833
88,88,5111,2006-08-01T23:00:00.000000,3770.749755859375,38.01577377319336,1.8739346265792847,0.847475528717041,3.5628063678741455
89,89,5111,2006-08-01T23:00:00.000000,3963.64208984375,39.31071472167969,1.84684157371521,0.8485521674156189,3.5022387504577637
90,90,5111,2006-08-01T23:00:00.000000,2399.34130859375,30.238691329956055,1.8375704288482666,0.8368334174156189,3.5762293338775635
91,91,5111,2006-08-01T23:00:00.000000,4402.5869140625,41.79850769042969,2.0091161727905273,0.8929134607315063,3.7147998809814453
92,92,5111,2006-08-01T23:00:00.000000,5530.26513671875,45.59553527832031,2.0044338703155518,0.8680509328842163,3.634176015853882
93,93,5111,2006-08-01T23:00:00.000000,4191.16015625,40.444644927978516,1.8399068117141724,0.8474065661430359,3.609783411026001
94,94,5111,2006-08-01T23:00:00.000000,4210.75341796875,40.89255905151367,1.8997788429260254,0.8685922622680664,3.568645715713501
95,95,5111,2006-08-01T23:00:00.000000,3480.30078125,35.66696548461914,1.7338900566101074,0.7961017489433289,3.12013840675354
96,96,5111,2006-08-01T23:00:00.000000,4441.61865234375,45.25803756713867,2.1926636695861816,1.0055670738220215,4.1680779457092285
97,97,5111,2006-08-01T23:00:00.000000,4126.572265625,39.234519958496094,1.887272834777832,0.839056134223938,3.383678436279297
98,98,5111,2006-08-01T23:00:00.000000,3681.767822265625,38.027976989746094,1.7621278762817383,0.8319433331489563,3.7059853076934814
99,99,5111,2006-08-01T23:00:00.000000,4272.58349609375,39.96011734008789,1.8455429077148438,0.8305075764656067,3.395948886871338
100,100,5111,2006-08-01T23:00:00.000000,2730.7919921875,32.6922607421875,1.975699543952942,0.8793486952781677,3.7271552085876465
101,101,5111,2006-08-01T23:00:00.000000,2712.56103515625,32.2880973815918,2.0002903938293457,0.8767973780632019,3.5717077255249023
102,102,5111,2006-08-01T23:00:00.000000,4854.2529296875,43.74732208251953,1.9207600355148315,0.870215654373169,3.742839813232422
103,103,5111,2006-08-01T23:00:00.000000,5077.3544921875,44.9008903503418,1.9888626337051392,0.8886660933494568,3.825787305831909
104,104,5111,2006-08-01T23:00:00.000000,11321.7060546875,65.3470230102539,1.8480799198150635,0.8348919153213501,3.4574058055877686
105,105,5111,2006-08-01T23:00:00.000000,11203.8056640625,62.675899505615234,1.9387043714523315,0.8244675397872925,3.361659526824951
106,106,5111,2006-08-01T23:00:00.000000,4318.4169921875,41.257442474365234,1.8036258220672607,0.843166172504425,3.445369243621826
107,107,5111,2006-08-01T23:00:00.000000,5660.36083984375,46.681846618652344,2.10837984085083,0.9009494185447693,3.7072486877441406
108,108,5111,2006-08-01T23:00:00.000000,4196.6455078125,39.838985443115234,1.9330942630767822,0.8550345301628113,3.595473527908325
109,109,5111,2006-08-01T23:00:00.000000,5542.712890625,46.19017791748047,1.9930499792099,0.8758859634399414,3.726926565170288
110,110,5111,2006-08-01T23:00:00.000000,4670.57568359375,42.98184585571289,1.8060771226882935,0.845216691493988,3.6935577392578125
111,111,5111,2006-08-01T23:00:00.000000,4897.2744140625,44.240474700927734,1.7994334697723389,0.8480285406112671,3.5679526329040527
112,112,5111,2006-08-01T23:00:00.000000,1192.8280029296875,20.852083206176758,1.833336591720581,0.8174885511398315,3.3656136989593506
113,113,5111,2006-08-01T23:00:00.000000,4392.39453125,41.94523620605469,2.01897931098938,0.8992862105369568,3.8305113315582275
114,114,5111,2006-08-01T23:00:00.000000,3724.1943359375,37.48898696899414,1.628983974456787,0.7840539813041687,3.1754815578460693
115,115,5111,2006-08-01T23:00:00.000000,345.3231201171875,11.556548118591309,1.950610637664795,0.8685615062713623,3.6670095920562744
116,116,5111,2006-08-01T23:00:00.000000,5045.3134765625,43.99226379394531,1.8668783903121948,0.8462335467338562,3.630892038345337
117,117,5111,2006-08-01T23:00:00.000000,4108.40087890625,39.52292251586914,1.7779369354248047,0.8221871852874756,3.3060100078582764
118,118,5111,2006-08-01T23:00:00.000000,5329.30859375,44.97529602050781,2.070722818374634,0.8865426778793335,3.6615586280822754
119,119,5111,2006-08-01T23:00:00.000000,2416.272705078125,30.40386962890625,1.7958719730377197,0.8288835883140564,3.5695786476135254
120,120,5111,2006-08-01T23:00:00.000000,5454.4462890625,46.3241081237793,2.028610944747925,0.8933694958686829,3.620364189147949
121,121,5111,2006-08-01T23:00:00.000000,29264.6484375,112.98600769042969,2.1650757789611816,0.971828281879425,3.78163743019104
122,122,5111,2006-08-01T23:00:00.000000,5076.35546875,44.17975997924805,1.8805034160614014,0.8503239154815674,3.6590359210968018
123,123,5111,2006-08-01T23:00:00.000000,5504.435546875,45.75625228881836,2.080138683319092,0.8894882202148438,3.6634719371795654
124,124,5111,2006-08-01T23:00:00.000000,11827.57421875,68.13780212402344,1.9430614709854126,0.873340368270874,3.6359245777130127
125,125,5111,2006-08-01T23:00:00.000000,5897.51171875,46.12112808227539,1.6185370683670044,0.7640588879585266,2.931119441986084
126,126,5111,2006-08-01T23:00:00.000000,1356.401123046875,22.87470054626465,2.043353319168091,0.8878368139266968,3.6816766262054443
127,127,5111,2006-08-01T23:00:00.000000,3643.32958984375,36.48542022705078,1.9135119915008545,0.8361528515815735,3.384260416030884
128,128,5111,2006-08-01T23:00:00.000000,5229.06201171875,45.87321472167969,2.0589418411254883,0.9102680683135986,3.6728360652923584
129,129,5111,2006-08-01T23:00:00.000000,252.94715881347656,9.598810195922852,1.7746539115905762,0.804006040096283,3.084324836730957
130,130,5111,2006-08-01T23:00:00.000000,2449.443603515625,29.570833206176758,1.784158706665039,0.7980802655220032,3.1471645832061768
131,131,5111,2006-08-01T23:00:00.000000,5235.76611328125,45.809226989746094,1.9628260135650635,0.886959433555603,3.814718008041382
132,132,5111,2006-08-01T23:00:00.000000,5061.6708984375,43.87797546386719,1.9154783487319946,0.8535683155059814,3.6528069972991943
133,133,5111,2006-08-01T23:00:00.000000,3836.435302734375,37.40863037109375,1.6693731546401978,0.7803413271903992,3.1898391246795654
134,134,5111,2006-08-01T23:00:00.000000,5619.24365234375,46.742557525634766,2.1228487491607666,0.9085171222686768,3.751098394393921
135,135,5111,2006-08-01T23:00:00.000000,3767.75146484375,40.935115814208984,2.007784366607666,0.9449601173400879,3.6246178150177
136,136,5111,2006-08-01T23:00:00.000000,8261.751953125,56.523216247558594,2.0180768966674805,0.8834046125411987,3.510845422744751
0,0,5623,2006-08-23T07:00:00.000000,24175.4296875,135.32530212402344,2.07041597366333,1.252335548400879,5.18043851852417
1,1,5623,2006-08-23T07:00:00.000000,2722.82470703125,48.77202606201172,1.0863394737243652,0.9741901159286499,4.05898904800415
2,2,5623,2006-08-23T07:00:00.000000,3119.427978515625,52.728271484375,1.2409045696258545,1.0516598224639893,4.503782272338867
3,3,5623,2006-08-23T07:00:00.000000,2143.579345703125,39.305355072021484,0.713642418384552,0.7171703577041626,3.2078981399536133
4,4,5623,2006-08-23T07:00:00.000000,9755.6650390625,88.65089416503906,1.1749566793441772,0.9728941321372986,4.0754008293151855
5,5,5623,2006-08-23T07:00:00.000000,17322.32421875,123.42559814453125,0.9519460797309875,0.9149731397628784,3.9287989139556885
6,6,5623,2006-08-23T07:00:00.000000,2355.837890625,45.6366081237793,1.0631422996520996,0.9694744348526001,4.161870956420898
7,7,5623,2006-08-23T07:00:00.000000,2420.6884765625,45.59196472167969,1.153817892074585,0.9953767657279968,4.1530938148498535
8,8,5623,2006-08-23T07:00:00.000000,2195.0205078125,41.32976150512695,0.7472372651100159,0.7625579833984375,3.3314430713653564
9,9,5623,2006-08-23T07:00:00.000000,2886.08203125,50.28571701049805,1.1731654405593872,1.013841152191162,4.384457111358643
10,10,5623,2006-08-23T07:00:00.000000,3068.572265625,51.87053680419922,1.2151710987091064,1.0322176218032837,4.3157877922058105
11,11,5623,2006-08-23T07:00:00.000000,754.952880859375,25.577678680419922,1.0196810960769653,0.9400120973587036,3.887232542037964
12,12,5623,2006-08-23T07:00:00.000000,2581.79248046875,47.29553985595703,0.91556316614151,0.8906430006027222,3.8871030807495117
13,13,5623,2006-08-23T07:00:00.000000,3311.095947265625,54.16012191772461,1.257391333580017,1.0554288625717163,4.576886177062988
14,14,5623,2006-08-23T07:00:00.000000,2504.34033203125,45.648807525634766,0.9247109889984131,0.8771740198135376,3.6187820434570312
15,15,5623,2006-08-23T07:00:00.000000,1878.9520263671875,36.71458435058594,2.0459156036376953,1.211503505706787,5.035704135894775
16,16,5623,2006-08-23T07:00:00.000000,2497.919677734375,45.77053451538086,0.8651658296585083,0.8518173098564148,3.6960020065307617
17,17,5623,2006-08-23T07:00:00.000000,2897.7294921875,44.04018020629883,1.050627589225769,0.8385801315307617,3.5484700202941895
18,18,5623,2006-08-23T07:00:00.000000,3094.31103515625,51.958335876464844,1.2406789064407349,1.0404062271118164,4.433650970458984
19,19,5623,2006-08-23T07:00:00.000000,2940.8720703125,50.417259216308594,1.159835696220398,1.0012428760528564,4.322019577026367
20,20,5623,2006-08-23T07:00:00.000000,2304.20068359375,41.100894927978516,0.7762457728385925,0.754381000995636,3.312835693359375
21,21,5623,2006-08-23T07:00:00.000000,2620.657470703125,44.357444763183594,0.9341946840286255,0.8374907970428467,3.513861894607544
22,22,5623,2006-08-23T07:00:00.000000,3416.02978515625,54.60714340209961,0.9677683711051941,0.9191246032714844,3.9403505325317383
23,23,5623,2006-08-23T07:00:00.000000,10978.021484375,96.97887420654297,0.9032989740371704,0.8796924352645874,3.6303834915161133
24,24,5623,2006-08-23T07:00:00.000000,2742.855224609375,44.95863342285156,0.928958535194397,0.827389121055603,3.6705992221832275
25,25,5623,2006-08-23T07:00:00.000000,2289.8193359375,44.93779754638672,1.179509162902832,1.0199099779129028,4.389965534210205
26,26,5623,2006-08-23T07:00:00.000000,2776.0810546875,48.96041488647461,1.1048424243927002,0.9767405390739441,4.2016072273254395
27,27,5623,2006-08-23T07:00:00.000000,2309.330322265625,44.83214569091797,0.8951314687728882,0.8826528191566467,3.6633338928222656
28,28,5623,2006-08-23T07:00:00.000000,9423.4052734375,79.66101837158203,0.854647159576416,0.7586392760276794,3.151888847351074
29,29,5623,2006-08-23T07:00:00.000000,2851.868408203125,49.59583282470703,1.1262004375457764,0.9855719208717346,4.149485111236572
30,30,5623,2006-08-23T07:00:00.000000,2837.457275390625,47.40982437133789,1.3572978973388672,1.0369105339050293,4.265311241149902
31,31,5623,2006-08-23T07:00:00.000000,8110.25439453125,84.6065444946289,0.9778559803962708,0.9290181398391724,3.706498622894287
32,32,5623,2006-08-23T07:00:00.000000,2388.346435546875,44.737796783447266,0.8482067584991455,0.843095600605011,3.697429895401001
33,33,5623,2006-08-23T07:00:00.000000,1864.188232421875,38.59107208251953,0.8319204449653625,0.8152351379394531,3.5008766651153564
34,34,5623,2006-08-23T07:00:00.000000,2405.282470703125,44.80982208251953,1.0916352272033691,0.9546164870262146,4.111105918884277
35,35,5623,2006-08-23T07:00:00.000000,1583.6658935546875,36.97589111328125,0.9417550563812256,0.9016870856285095,3.7215614318847656
36,36,5623,2006-08-23T07:00:00.000000,2487.446044921875,44.35327911376953,0.8970480561256409,0.8422804474830627,3.5706660747528076
37,37,5623,2006-08-23T07:00:00.000000,1242.5106201171875,31.705059051513672,0.8835600018501282,0.8454667925834656,3.568864107131958
38,38,5623,2006-08-23T07:00:00.000000,2469.15380859375,42.06428527832031,0.965483546257019,0.831786572933197,3.4936652183532715
39,39,5623,2006-08-23T07:00:00.000000,2559.81982421875,46.581844329833984,0.9961935877799988,0.918933093547821,4.104523181915283
40,40,5623,2006-08-23T07:00:00.000000,12717.708984375,95.43006134033203,0.8745595812797546,0.7913625240325928,3.3013854026794434
41,41,5623,2006-08-23T07:00:00.000000,2881.452880859375,50.28154754638672,1.0863524675369263,0.9763110876083374,4.210392475128174
42,42,5623,2006-08-23T07:00:00.000000,2439.260009765625,45.916072845458984,0.8566501140594482,0.8604733943939209,3.6279046535491943
43,43,5623,2006-08-23T07:00:00.000000,2904.771728515625,50.5666618347168,1.1539820432662964,1.0078777074813843,4.351365566253662
44,44,5623,2006-08-23T07:00:00.000000,13453.3486328125,100.7675552368164,2.2623820304870605,1.3067381381988525,5.281946659088135
45,45,5623,2006-08-23T07:00:00.000000,1859.4111328125,40.124107360839844,0.8935154676437378,0.8795666694641113,3.6983120441436768
46,46,5623,2006-08-23T07:00:00.000000,1062.0235595703125,29.182144165039062,0.783995509147644,0.792879045009613,3.354959487915039
47,47,5623,2006-08-23T07:00:00.000000,2127.3447265625,41.30357360839844,0.9477611184120178,0.8718025088310242,3.849525213241577
48,48,5623,2006-08-23T07:00:00.000000,2502.937255859375,46.1038703918457,0.9226014614105225,0.8851552605628967,3.764467477798462
49,49,5623,2006-08-23T07:00:00.000000,2104.623779296875,40.746429443359375,0.8157590627670288,0.8022010326385498,3.4147989749908447
50,50,5623,2006-08-23T07:00:00.000000,2675.5458984375,48.36488342285156,0.9223880767822266,0.8980093002319336,3.9190237522125244
51,51,5623,2006-08-23T07:00:00.000000,2823.675537109375,49.26071548461914,1.101264476776123,0.9728348255157471,4.246140480041504
52,52,5623,2006-08-23T07:00:00.000000,2436.28271484375,44.81547546386719,0.9254010915756226,0.8734321594238281,3.5513768196105957
53,53,5623,2006-08-23T07:00:00.000000,2303.03466796875,43.0211296081543,0.8013176918029785,0.8024795055389404,3.4745712280273438
54,54,5623,2006-08-23T07:00:00.000000,2291.9453125,45.02470397949219,1.019098162651062,0.9494165182113647,4.068814754486084
55,55,5623,2006-08-23T07:00:00.000000,2439.838134765625,39.115177154541016,0.8158897161483765,0.7152873873710632,3.1880574226379395
56,56,5623,2006-08-23T07:00:00.000000,2417.34375,44.391666412353516,0.8716789484024048,0.8429669141769409,3.547497034072876
57,57,5623,2006-08-23T07:00:00.000000,2483.439697265625,44.994346618652344,1.1409229040145874,0.9644045233726501,4.219268321990967
58,58,5623,2006-08-23T07:00:00.000000,1780.6387939453125,37.4226188659668,0.8034563660621643,0.7949273586273193,3.338135242462158
59,59,5623,2006-08-23T07:00:00.000000,2723.1904296875,42.163692474365234,0.9717950820922852,0.7965020537376404,3.446352958679199
60,60,5623,2006-08-23T07:00:00.000000,1136.265869140625,29.755657196044922,0.8188213109970093,0.7987743616104126,3.388674020767212
61,61,5623,2006-08-23T07:00:00.000000,2429.486328125,45.690181732177734,0.8644941449165344,0.861879825592041,3.7190370559692383
62,62,5623,2006-08-23T07:00:00.000000,2921.213134765625,50.731842041015625,1.1802068948745728,1.0197134017944336,4.244142532348633
63,63,5623,2006-08-23T07:00:00.000000,1943.322998046875,39.305355072021484,0.8867608308792114,0.839619517326355,3.6067192554473877
64,64,5623,2006-08-23T07:00:00.000000,2138.586181640625,42.26518249511719,0.9008932113647461,0.8674730658531189,3.6656320095062256
65,65,5623,2006-08-23T07:00:00.000000,2383.814697265625,43.26279830932617,0.9402146339416504,0.8591951727867126,3.6868369579315186
66,66,5623,2006-08-23T07:00:00.000000,2132.847900390625,41.821128845214844,0.6956057548522949,0.7552616596221924,3.3716177940368652
67,67,5623,2006-08-23T07:00:00.000000,2554.124267578125,47.224403381347656,0.9833753705024719,0.9266273975372314,3.817232847213745
68,68,5623,2006-08-23T07:00:00.000000,12063.505859375,99.27678680419922,1.364798665046692,1.0559546947479248,4.026432514190674
69,69,5623,2006-08-23T07:00:00.000000,7302.013671875,79.22887420654297,0.7951596975326538,0.826778769493103,3.5128719806671143
70,70,5623,2006-08-23T07:00:00.000000,4827.03125,64.85298156738281,1.0338635444641113,0.9491207599639893,3.9745171070098877
71,71,5623,2006-08-23T07:00:00.000000,1198.2694091796875,31.571725845336914,0.9227538704872131,0.8761209845542908,3.739466428756714
72,72,5623,2006-08-23T07:00:00.000000,2002.19677734375,40.9788703918457,0.8486068248748779,0.8436452746391296,3.5389389991760254
73,73,5623,2006-08-23T07:00:00.000000,19505.109375,129.5886993408203,0.8233399391174316,0.8419426679611206,3.464118719100952
74,74,5623,2006-08-23T07:00:00.000000,2378.102783203125,40.645538330078125,0.7941135168075562,0.7427434325218201,3.3219118118286133
75,75,5623,2006-08-23T07:00:00.000000,2520.14990234375,43.25208282470703,0.8759440779685974,0.8063656091690063,3.5954947471618652
76,76,5623,2006-08-23T07:00:00.000000,2356.60693359375,42.31220245361328,0.9344745874404907,0.8425696492195129,3.2079825401306152
77,77,5623,2006-08-23T07:00:00.000000,2943.736328125,50.961910247802734,1.1793662309646606,1.020047903060913,4.360682964324951
78,78,5623,2006-08-23T07:00:00.000000,2713.070068359375,47.99821472167969,0.920599639415741,0.884158194065094,3.8606109619140625
79,79,5623,2006-08-23T07:00:00.000000,2265.006103515625,40.297325134277344,0.9692596197128296,0.8336074352264404,3.457139253616333
80,80,5623,2006-08-23T07:00:00.000000,4235.357421875,58.5571403503418,0.9260532855987549,0.8658703565597534,3.750532627105713
81,81,5623,2006-08-23T07:00:00.000000,2964.621337890625,50.956844329833984,1.1834458112716675,1.018103837966919,4.279799938201904
82,82,5623,2006-08-23T07:00:00.000000,1923.3284912109375,33.34672546386719,0.8483735918998718,0.700357973575592,3.0361852645874023
83,83,5623,2006-08-23T07:00:00.000000,1344.0228271484375,31.322025299072266,0.9707732796669006,0.8417931795120239,3.665951728820801
84,84,5623,2006-08-23T07:00:00.000000,3123.154052734375,52.632442474365234,1.2398487329483032,1.048675537109375,4.428406715393066
85,85,5623,2006-08-23T07:00:00.000000,2027.8311767578125,41.0461311340332,0.9049472212791443,0.8670976161956787,3.6910738945007324
86,86,5623,2006-08-23T07:00:00.000000,2363.235107421875,42.18452453613281,0.8673631548881531,0.8081652522087097,3.4986259937286377
87,87,5623,2006-08-23T07:00:00.000000,1885.03125,37.29672622680664,0.8308494091033936,0.783019483089447,3.3840067386627197
88,88,5623,2006-08-23T07:00:00.000000,2134.1787109375,42.865474700927734,1.0998575687408447,0.9731067419052124,4.140200614929199
89,89,5623,2006-08-23T07:00:00.000000,1844.88623046875,36.853271484375,0.8491038680076599,0.7906270623207092,3.2338149547576904
90,90,5623,2006-08-23T07:00:00.000000,1092.0413818359375,27.37053680419922,0.8463179469108582,0.7619571089744568,3.2916626930236816
91,91,5623,2006-08-23T07:00:00.000000,1930.3826904296875,40.68452453613281,0.843127965927124,0.8502649664878845,3.6903228759765625
92,92,5623,2006-08-23T07:00:00.000000,2468.7861328125,41.11369323730469,0.8576425909996033,0.7662984132766724,3.3985795974731445
93,93,5623,2006-08-23T07:00:00.000000,2023.7530517578125,38.69643020629883,0.9088380336761475,0.8200405836105347,3.4213027954101562
94,94,5623,2006-08-23T07:00:00.000000,2197.345947265625,40.445831298828125,1.0215872526168823,0.8720920085906982,3.5845119953155518
95,95,5623,2006-08-23T07:00:00.000000,2037.2392578125,40.72738265991211,0.8883309364318848,0.8504579663276672,3.5772252082824707
96,96,5623,2006-08-23T07:00:00.000000,1607.8695068359375,33.56488037109375,0.8081648945808411,0.7525055408477783,3.0883595943450928
97,97,5623,2006-08-23T07:00:00.000000,1912.4364013671875,36.07113265991211,0.8278494477272034,0.7504848837852478,3.1668684482574463
98,98,5623,2006-08-23T07:00:00.000000,2283.98193359375,44.7303581237793,1.2256466150283813,1.0361882448196411,4.421437740325928
99,99,5623,2006-08-23T07:00:00.000000,2497.56884765625,45.28303527832031,0.912057638168335,0.865342378616333,3.808128833770752
100,100,5623,2006-08-23T07:00:00.000000,1305.6600341796875,32.3226203918457,0.9548032283782959,0.8740745186805725,3.7669780254364014
101,101,5623,2006-08-23T07:00:00.000000,1096.9315185546875,29.244943618774414,0.7809106707572937,0.7803001403808594,3.249868631362915
102,102,5623,2006-08-23T07:00:00.000000,2925.744873046875,50.917259216308594,1.1841365098953247,1.024348497390747,4.4985127449035645
103,103,5623,2006-08-23T07:00:00.000000,2911.4599609375,50.59107208251953,1.1294150352478027,0.9964265823364258,4.225584030151367
104,104,5623,2006-08-23T07:00:00.000000,5594.1591796875,63.94137191772461,0.9253368377685547,0.8223646283149719,3.432168960571289
105,105,5623,2006-08-23T07:00:00.000000,7072.32763671875,78.490478515625,0.9997398853302002,0.9332097768783569,3.9643054008483887
106,106,5623,2006-08-23T07:00:00.000000,2361.1552734375,43.154762268066406,1.1077913045883179,0.934749960899353,4.0533013343811035
107,107,5623,2006-08-23T07:00:00.000000,2478.30419921875,46.1895866394043,0.8445178866386414,0.8526508212089539,3.6660425662994385
108,108,5623,2006-08-23T07:00:00.000000,1878.1898193359375,38.8633918762207,0.8238089680671692,0.8139247298240662,3.4464540481567383
109,109,5623,2006-08-23T07:00:00.000000,2325.692626953125,40.97768020629883,0.7851621508598328,0.7529235482215881,3.3391287326812744
110,110,5623,2006-08-23T07:00:00.000000,2948.0234375,50.60832977294922,1.1890119314193726,1.0163649320602417,4.150489807128906
111,111,5623,2006-08-23T07:00:00.000000,2646.802978515625,48.16636657714844,0.9637562036514282,0.9191083908081055,3.9102141857147217
112,112,5623,2006-08-23T07:00:00.000000,755.792724609375,25.46071434020996,1.0055714845657349,0.9287006258964539,3.8774232864379883
113,113,5623,2006-08-23T07:00:00.000000,2272.499267578125,44.397621154785156,1.0180336236953735,0.939699113368988,4.062284469604492
114,114,5623,2006-08-23T07:00:00.000000,2463.925537109375,46.38273620605469,0.9934467077255249,0.931354284286499,3.7955548763275146
115,115,5623,2006-08-23T07:00:00.000000,195.56826782226562,13.099404335021973,1.0977050065994263,0.9813979864120483,4.212512493133545
116,116,5623,2006-08-23T07:00:00.000000,2238.814697265625,44.071434020996094,0.8252774477005005,0.8461513519287109,3.6881697177886963
117,117,5623,2006-08-23T07:00:00.000000,2594.01708984375,46.456844329833984,0.9659881591796875,0.8964977264404297,3.7532293796539307
118,118,5623,2006-08-23T07:00:00.000000,2460.117919921875,44.4130973815918,0.8475185036659241,0.8243424892425537,3.67829966545105
119,119,5623,2006-08-23T07:00:00.000000,1074.2674560546875,30.24493980407715,0.8342061042785645,0.8428168892860413,3.5352835655212402
120,120,5623,2006-08-23T07:00:00.000000,2202.031982421875,42.82024002075195,0.7662181854248047,0.798754870891571,3.413025379180908
121,121,5623,2006-08-23T07:00:00.000000,12726.4228515625,103.84463500976562,0.9209762811660767,0.8833954334259033,3.6536757946014404
122,122,5623,2006-08-23T07:00:00.000000,2466.45654296875,46.458335876464844,0.8823089599609375,0.878693163394928,3.7335307598114014
123,123,5623,2006-08-23T07:00:00.000000,2553.494140625,42.164878845214844,0.8904561996459961,0.7873897552490234,3.430478811264038
124,124,5623,2006-08-23T07:00:00.000000,5685.712890625,70.22440338134766,0.8562527894973755,0.8617804646492004,3.5888302326202393
125,125,5623,2006-08-23T07:00:00.000000,3838.1064453125,51.4375,0.9082661867141724,0.7912758588790894,3.196336269378662
126,126,5623,2006-08-23T07:00:00.000000,671.175537109375,21.66130828857422,0.9686989784240723,0.8229264616966248,3.3681533336639404
127,127,5623,2006-08-23T07:00:00.000000,2018.0386962890625,40.059226989746094,0.8887341022491455,0.8406664729118347,3.5468430519104004
128,128,5623,2006-08-23T07:00:00.000000,2307.980224609375,42.53422546386719,0.8434638977050781,0.8131220936775208,3.5886638164520264
129,129,5623,2006-08-23T07:00:00.000000,169.1827850341797,11.730358123779297,0.9530801773071289,0.8804362416267395,3.596909284591675
130,130,5623,2006-08-23T07:00:00.000000,1605.8966064453125,36.082740783691406,0.9621782302856445,0.8832191228866577,3.6744210720062256
131,131,5623,2006-08-23T07:00:00.000000,2765.8662109375,49.35684585571289,1.0676748752593994,0.9697310924530029,4.139819145202637
132,132,5623,2006-08-23T07:00:00.000000,2931.847412109375,50.60655212402344,1.108672022819519,0.984096348285675,4.26694393157959
133,133,5623,2006-08-23T07:00:00.000000,2443.58642578125,46.53779602050781,0.950031042098999,0.9176157116889954,3.8417439460754395
134,134,5623,2006-08-23T07:00:00.000000,3217.495849609375,42.985713958740234,1.1573176383972168,0.8152511119842529,3.5773425102233887
135,135,5623,2006-08-23T07:00:00.000000,1986.3284912109375,38.67470169067383,0.9349318146705627,0.8390569686889648,3.5025570392608643
136,136,5623,2006-08-23T07:00:00.000000,3925.8876953125,56.51428985595703,0.9221376180648804,0.866138219833374,3.3902037143707275
0,0,6135,2006-09-13T15:00:00.000000,29325.53125,148.89492797851562,3.6230392456054688,1.6549828052520752,6.19446325302124
1,1,6135,2006-09-13T15:00:00.000000,3362.202880859375,54.68779754638672,1.4964518547058105,1.1537450551986694,4.684479713439941
2,2,6135,2006-09-13T15:00:00.000000,4768.1279296875,64.533935546875,2.143547296524048,1.3682979345321655,6.066318988800049
3,3,6135,2006-09-13T15:00:00.000000,3543.058837890625,54.99553680419922,1.5849609375,1.1631816625595093,4.861858367919922
4,4,6135,2006-09-13T15:00:00.000000,12684.9208984375,102.05834197998047,2.1035892963409424,1.3142714500427246,5.1223931312561035
5,5,6135,2006-09-13T15:00:00.000000,26675.125,152.76458740234375,1.8241866827011108,1.263292908668518,4.794341564178467
6,6,6135,2006-09-13T15:00:00.000000,2058.913818359375,41.76011657714844,1.2219158411026,1.0173335075378418,4.215188980102539
7,7,6135,2006-09-13T15:00:00.000000,3279.193603515625,53.85357666015625,1.543074131011963,1.1682193279266357,4.960327625274658
8,8,6135,2006-09-13T15:00:00.000000,3484.02392578125,54.488399505615234,1.5023329257965088,1.131479024887085,4.617505073547363
9,9,6135,2006-09-13T15:00:00.000000,3940.4814453125,59.37589645385742,1.7780104875564575,1.2612544298171997,5.3707756996154785
10,10,6135,2006-09-13T15:00:00.000000,4585.58203125,63.83006286621094,1.9887052774429321,1.3292701244354248,5.590452194213867
11,11,6135,2006-09-13T15:00:00.000000,1222.7847900390625,32.74256134033203,2.103527307510376,1.3580372333526611,5.616296291351318
12,12,6135,2006-09-13T15:00:00.000000,3576.129638671875,48.97439956665039,1.4928191900253296,1.0006130933761597,4.015604496002197
13,13,6135,2006-09-13T15:00:00.000000,4461.4150390625,63.1005973815918,1.9097366333007812,1.3055208921432495,5.7223005294799805
14,14,6135,2006-09-13T15:00:00.000000,3930.19580078125,51.738094329833984,1.5911353826522827,1.0410147905349731,4.004071235656738
15,15,6135,2006-09-13T15:00:00.000000,1734.3504638671875,36.390769958496094,2.6111183166503906,1.4120045900344849,5.551799297332764
16,16,6135,2006-09-13T15:00:00.000000,3662.5810546875,56.6616096496582,1.519284725189209,1.1540240049362183,4.933066368103027
17,17,6135,2006-09-13T15:00:00.000000,3554.6826171875,53.007144927978516,1.4389891624450684,1.0665045976638794,4.591378211975098
18,18,6135,2006-09-13T15:00:00.000000,4467.791015625,63.24553680419922,1.9880237579345703,1.334118127822876,5.53285026550293
19,19,6135,2006-09-13T15:00:00.000000,4581.59033203125,63.78899002075195,1.9961856603622437,1.3314905166625977,5.652999401092529
20,20,6135,2006-09-13T15:00:00.000000,3457.541015625,54.09315872192383,1.4495391845703125,1.1075762510299683,4.675181865692139
21,21,6135,2006-09-13T15:00:00.000000,3561.749267578125,48.14732360839844,1.3827505111694336,0.9486638307571411,4.040863037109375
22,22,6135,2006-09-13T15:00:00.000000,4721.75439453125,65.09703063964844,1.6968661546707153,1.2340514659881592,4.627936363220215
23,23,6135,2006-09-13T15:00:00.000000,20284.583984375,132.53482055664062,1.9405921697616577,1.2963255643844604,5.230618000030518
24,24,6135,2006-09-13T15:00:00.000000,3420.470703125,52.89762496948242,1.336614727973938,1.0456739664077759,4.462586879730225
25,25,6135,2006-09-13T15:00:00.000000,3423.412353515625,54.85446548461914,1.9010382890701294,1.2926406860351562,5.5530104637146
26,26,6135,2006-09-13T15:00:00.000000,4409.50244140625,63.0461311340332,1.9908015727996826,1.3396077156066895,5.5316643714904785
27,27,6135,2006-09-13T15:00:00.000000,3579.6904296875,56.222618103027344,1.6284034252166748,1.1991385221481323,4.892602920532227
28,28,6135,2006-09-13T15:00:00.000000,16397.82421875,119.9985122680664,1.7485145330429077,1.2391314506530762,4.866189956665039
29,29,6135,2006-09-13T15:00:00.000000,4508.51123046875,63.5428581237793,1.9787100553512573,1.3311936855316162,5.718845844268799
30,30,6135,2006-09-13T15:00:00.000000,5626.0654296875,65.5250015258789,3.9388809204101562,1.733768343925476,6.080057144165039
31,31,6135,2006-09-13T15:00:00.000000,11900.7294921875,102.78006744384766,1.6116427183151245,1.196069598197937,4.653947353363037
32,32,6135,2006-09-13T15:00:00.000000,3417.7236328125,53.247615814208984,1.3943731784820557,1.0755268335342407,4.5974040031433105
33,33,6135,2006-09-13T15:00:00.000000,2830.8544921875,44.293155670166016,1.4761862754821777,1.0114593505859375,4.244069576263428
34,34,6135,2006-09-13T15:00:00.000000,4140.0087890625,60.76934814453125,1.9944943189620972,1.333829641342163,5.617537021636963
35,35,6135,2006-09-13T15:00:00.000000,2485.2412109375,46.46666717529297,1.9551692008972168,1.3033151626586914,5.0312089920043945
36,36,6135,2006-09-13T15:00:00.000000,3526.009033203125,54.96131134033203,1.4061447381973267,1.0975654125213623,4.757900714874268
37,37,6135,2006-09-13T15:00:00.000000,1686.6168212890625,36.49107360839844,1.3759222030639648,1.0422581434249878,4.312534332275391
38,38,6135,2006-09-13T15:00:00.000000,3515.095947265625,55.20089340209961,1.5500982999801636,1.1591966152191162,4.666680335998535
39,39,6135,2006-09-13T15:00:00.000000,3918.14990234375,59.400596618652344,1.7896779775619507,1.2695146799087524,5.257984638214111
40,40,6135,2006-09-13T15:00:00.000000,20193.23046875,132.30416870117188,1.6863608360290527,1.2090544700622559,4.566627025604248
41,41,6135,2006-09-13T15:00:00.000000,4704.84033203125,64.19435119628906,2.0006535053253174,1.323763132095337,5.750982761383057
42,42,6135,2006-09-13T15:00:00.000000,3772.6162109375,57.73660659790039,1.7526344060897827,1.244444727897644,5.1834397315979
43,43,6135,2006-09-13T15:00:00.000000,4900.44287109375,65.78661346435547,2.2653112411499023,1.4144374132156372,5.725226879119873
44,44,6135,2006-09-13T15:00:00.000000,8348.955078125,84.32470703125,1.9227831363677979,1.2796874046325684,5.043559551239014
45,45,6135,2006-09-13T15:00:00.000000,2843.338623046875,49.801490783691406,1.8195890188217163,1.2598377466201782,4.840982913970947
46,46,6135,2006-09-13T15:00:00.000000,1681.2869873046875,36.956546783447266,1.4057010412216187,1.0686042308807373,4.498226642608643
47,47,6135,2006-09-13T15:00:00.000000,3516.8310546875,55.51845169067383,1.998264193534851,1.3233906030654907,5.276981353759766
48,48,6135,2006-09-13T15:00:00.000000,3513.97216796875,54.954463958740234,1.593304991722107,1.1701816320419312,4.9002556800842285
49,49,6135,2006-09-13T15:00:00.000000,3365.7939453125,53.146427154541016,1.454638957977295,1.1048617362976074,4.242806911468506
50,50,6135,2006-09-13T15:00:00.000000,3506.365478515625,48.76249694824219,1.4174394607543945,0.9804143905639648,4.0540385246276855
51,51,6135,2006-09-13T15:00:00.000000,4006.796875,59.71487808227539,1.724496603012085,1.2388396263122559,5.1026225090026855
52,52,6135,2006-09-13T15:00:00.000000,3700.71875,56.543155670166016,1.6731189489364624,1.2022655010223389,4.974238872528076
53,53,6135,2006-09-13T15:00:00.000000,3536.135009765625,47.86160659790039,1.5236783027648926,0.9935036897659302,4.212639331817627
54,54,6135,2006-09-13T15:00:00.000000,2297.788818359375,44.84821701049805,1.3829765319824219,1.1002655029296875,4.282082557678223
55,55,6135,2006-09-13T15:00:00.000000,3449.5390625,52.30982208251953,1.4938037395477295,1.088552713394165,4.621910095214844
56,56,6135,2006-09-13T15:00:00.000000,3486.616943359375,50.93720626831055,1.3711553812026978,1.0101277828216553,4.2881388664245605
57,57,6135,2006-09-13T15:00:00.000000,2965.328125,51.02381134033203,1.4362887144088745,1.1229420900344849,4.8133416175842285
58,58,6135,2006-09-13T15:00:00.000000,2956.8076171875,50.7866096496582,1.8084659576416016,1.2560092210769653,5.0668253898620605
59,59,6135,2006-09-13T15:00:00.000000,3493.4482421875,54.797916412353516,1.411684274673462,1.1015537977218628,4.767426490783691
60,60,6135,2006-09-13T15:00:00.000000,1757.8070068359375,34.498809814453125,1.5008773803710938,1.0080710649490356,4.2144775390625
61,61,6135,2006-09-13T15:00:00.000000,3629.84228515625,56.30803680419922,1.730437159538269,1.2294318675994873,4.984591007232666
62,62,6135,2006-09-13T15:00:00.000000,4740.732421875,64.9892807006836,2.105926513671875,1.3697478771209717,5.909933090209961
63,63,6135,2006-09-13T15:00:00.000000,2758.58251953125,47.3008918762207,1.4682915210723877,1.0912706851959229,4.44808292388916
64,64,6135,2006-09-13T15:00:00.000000,3414.124267578125,54.676490783691406,1.7803136110305786,1.2485594749450684,5.367292881011963
65,65,6135,2006-09-13T15:00:00.000000,3622.17724609375,56.48244094848633,1.4921611547470093,1.1464006900787354,4.8083176612854
66,66,6135,2006-09-13T15:00:00.000000,3956.880615234375,59.50297546386719,1.7323018312454224,1.2450133562088013,5.2176947593688965
67,67,6135,2006-09-13T15:00:00.000000,3689.055908203125,57.091064453125,1.6490017175674438,1.2070385217666626,4.984043121337891
68,68,6135,2006-09-13T15:00:00.000000,14438.2470703125,112.61101531982422,1.7247521877288818,1.230798602104187,4.548168182373047
69,69,6135,2006-09-13T15:00:00.000000,12352.4384765625,103.30208587646484,1.7449477910995483,1.2277896404266357,4.848347187042236
70,70,6135,2006-09-13T15:00:00.000000,4699.8603515625,60.32291793823242,1.255086064338684,0.9857723116874695,3.9880430698394775
71,71,6135,2006-09-13T15:00:00.000000,1530.5655517578125,36.525001525878906,1.3855077028274536,1.0989267826080322,4.492225170135498
72,72,6135,2006-09-13T15:00:00.000000,3227.7470703125,52.757144927978516,1.6971168518066406,1.2097270488739014,5.00553560256958
73,73,6135,2006-09-13T15:00:00.000000,60461.25,211.20596313476562,3.264148235321045,1.551859974861145,6.242931842803955
74,74,6135,2006-09-13T15:00:00.000000,3410.660400390625,53.65446472167969,1.4550774097442627,1.108229398727417,4.5477166175842285
75,75,6135,2006-09-13T15:00:00.000000,3741.71728515625,46.79405212402344,1.500348448753357,0.9370250701904297,3.910940647125244
76,76,6135,2006-09-13T15:00:00.000000,3792.3720703125,57.069942474365234,1.6103813648223877,1.1760244369506836,4.482224464416504
77,77,6135,2006-09-13T15:00:00.000000,4503.8134765625,63.343448638916016,2.082869052886963,1.3622052669525146,5.859471797943115
78,78,6135,2006-09-13T15:00:00.000000,4120.7041015625,60.376792907714844,1.8391075134277344,1.2755216360092163,5.122761249542236
79,79,6135,2006-09-13T15:00:00.000000,3040.016845703125,51.54136657714844,1.4549713134765625,1.1275744438171387,4.931156635284424
80,80,6135,2006-09-13T15:00:00.000000,7822.86328125,82.96934509277344,2.121708869934082,1.3663995265960693,5.287249565124512
81,81,6135,2006-09-13T15:00:00.000000,4276.14306640625,62.083335876464844,1.9071189165115356,1.3111059665679932,5.382082939147949
82,82,6135,2006-09-13T15:00:00.000000,4685.81689453125,62.23779296875,2.8098669052124023,1.5240682363510132,6.114795684814453
83,83,6135,2006-09-13T15:00:00.000000,1737.5264892578125,37.61845397949219,1.401363730430603,1.068342924118042,4.447754859924316
84,84,6135,2006-09-13T15:00:00.000000,4125.0498046875,60.181549072265625,1.8071643114089966,1.2596431970596313,5.35951042175293
85,85,6135,2006-09-13T15:00:00.000000,3355.76708984375,40.521427154541016,1.773055911064148,0.9314297437667847,3.640115261077881
86,86,6135,2006-09-13T15:00:00.000000,3318.191650390625,48.97470474243164,1.3650431632995605,0.9933317303657532,3.9528684616088867
87,87,6135,2006-09-13T15:00:00.000000,2726.84130859375,46.64940643310547,1.424946904182434,1.066388726234436,4.3807172775268555
88,88,6135,2006-09-13T15:00:00.000000,3411.806884765625,54.664581298828125,1.8993169069290161,1.2897707223892212,5.465480327606201
89,89,6135,2006-09-13T15:00:00.000000,2757.3896484375,43.8273811340332,1.394789218902588,0.9857136011123657,4.0079216957092285
90,90,6135,2006-09-13T15:00:00.000000,1479.0174560546875,35.63422393798828,1.3991376161575317,1.0960009098052979,4.335442066192627
91,91,6135,2006-09-13T15:00:00.000000,2762.53662109375,48.88571548461914,1.6412588357925415,1.1915615797042847,4.800061225891113
92,92,6135,2006-09-13T15:00:00.000000,3408.9033203125,53.15803527832031,1.4571913480758667,1.0990561246871948,4.599261283874512
93,93,6135,2006-09-13T15:00:00.000000,2860.120361328125,49.990177154541016,1.6471854448318481,1.1996755599975586,4.762682914733887
94,94,6135,2006-09-13T15:00:00.000000,2889.3369140625,49.59880828857422,1.4144232273101807,1.097392201423645,4.653473854064941
95,95,6135,2006-09-13T15:00:00.000000,3237.45458984375,53.23214340209961,1.6879549026489258,1.2154932022094727,5.021430015563965
96,96,6135,2006-09-13T15:00:00.000000,2339.54541015625,45.61845397949219,1.6586670875549316,1.2146590948104858,4.421040058135986
97,97,6135,2006-09-13T15:00:00.000000,2848.552978515625,43.655357360839844,1.5601985454559326,1.0216809511184692,3.838320016860962
98,98,6135,2006-09-13T15:00:00.000000,3509.726318359375,55.512203216552734,2.023071765899658,1.3327769041061401,5.746049404144287
99,99,6135,2006-09-13T15:00:00.000000,3090.071533203125,52.17082977294922,1.3616830110549927,1.095170021057129,4.379531383514404
100,100,6135,2006-09-13T15:00:00.000000,1862.3988037109375,40.28154754638672,1.5315032005310059,1.155124306678772,4.785964488983154
101,101,6135,2006-09-13T15:00:00.000000,1781.4847412109375,38.30386734008789,1.5098077058792114,1.1150963306427002,4.431809425354004
102,102,6135,2006-09-13T15:00:00.000000,4393.86083984375,62.548805236816406,1.8937245607376099,1.298537015914917,5.456430435180664
103,103,6135,2006-09-13T15:00:00.000000,4103.98974609375,60.270835876464844,1.8661140203475952,1.2852072715759277,5.268630504608154
104,104,6135,2006-09-13T15:00:00.000000,8411.0703125,83.98661041259766,1.5054396390914917,1.123611330986023,4.216852188110352
105,105,6135,2006-09-13T15:00:00.000000,10311.25,95.12053680419922,1.956213116645813,1.3101670742034912,5.225918292999268
106,106,6135,2006-09-13T15:00:00.000000,3239.160888671875,53.50297546386719,1.487941026687622,1.1467125415802002,4.9304728507995605
107,107,6135,2006-09-13T15:00:00.000000,3516.004638671875,48.500301361083984,1.4829134941101074,0.9960418939590454,4.2000274658203125
108,108,6135,2006-09-13T15:00:00.000000,2955.41943359375,41.35893249511719,1.6084802150726318,0.9648672938346863,3.872011423110962
109,109,6135,2006-09-13T15:00:00.000000,3650.462890625,56.55952453613281,1.5577925443649292,1.168386697769165,4.938666820526123
110,110,6135,2006-09-13T15:00:00.000000,4843.94384765625,64.92351531982422,2.126317262649536,1.3602430820465088,5.779405117034912
111,111,6135,2006-09-13T15:00:00.000000,3760.169677734375,57.394649505615234,1.862580418586731,1.2773947715759277,5.189510822296143
112,112,6135,2006-09-13T15:00:00.000000,911.83447265625,28.235118865966797,1.5598375797271729,1.167807698249817,4.493676662445068
113,113,6135,2006-09-13T15:00:00.000000,3548.61865234375,56.584228515625,1.7533072233200073,1.2577511072158813,5.478598594665527
114,114,6135,2006-09-13T15:00:00.000000,3533.227783203125,55.58987808227539,1.6884504556655884,1.2152177095413208,4.8047895431518555
115,115,6135,2006-09-13T15:00:00.000000,285.2867126464844,15.814285278320312,1.9254642724990845,1.2992016077041626,5.2540202140808105
116,116,6135,2006-09-13T15:00:00.000000,3794.03271484375,57.798805236816406,1.8192304372787476,1.2656458616256714,5.010220050811768
117,117,6135,2006-09-13T15:00:00.000000,3786.80810546875,57.261314392089844,1.6418681144714355,1.1923226118087769,4.990633010864258
118,118,6135,2006-09-13T15:00:00.000000,3446.90185546875,47.92292022705078,1.4127840995788574,0.9702121615409851,3.91579270362854
119,119,6135,2006-09-13T15:00:00.000000,1691.8231201171875,38.373512268066406,1.5829523801803589,1.1737836599349976,4.782486438751221
120,120,6135,2006-09-13T15:00:00.000000,3694.1474609375,57.27410888671875,1.6182399988174438,1.1987335681915283,4.872125625610352
121,121,6135,2006-09-13T15:00:00.000000,19625.173828125,133.7544708251953,1.5690386295318604,1.1959646940231323,4.817012786865234
122,122,6135,2006-09-13T15:00:00.000000,3982.2685546875,59.03453063964844,1.9074039459228516,1.2919989824295044,5.264072418212891
123,123,6135,2006-09-13T15:00:00.000000,3499.22216796875,53.87946701049805,1.4360746145248413,1.0915056467056274,4.430318832397461
124,124,6135,2006-09-13T15:00:00.000000,9662.5087890625,91.77083587646484,1.8778789043426514,1.2793623208999634,4.8679914474487305
125,125,6135,2006-09-13T15:00:00.000000,7616.25,80.99315643310547,2.095005512237549,1.3432916402816772,5.483486175537109
126,126,6135,2006-09-13T15:00:00.000000,1089.9315185546875,31.261009216308594,1.6929240226745605,1.2320324182510376,5.165497303009033
127,127,6135,2006-09-13T15:00:00.000000,3075.922119140625,51.98660659790039,1.5779789686203003,1.1774824857711792,4.897462844848633
128,128,6135,2006-09-13T15:00:00.000000,3376.272705078125,53.48720169067383,1.4036965370178223,1.0906058549880981,4.537477016448975
129,129,6135,2006-09-13T15:00:00.000000,195.09068298339844,12.239879608154297,1.2100684642791748,0.9639708399772644,3.87625789642334
130,130,6135,2006-09-13T15:00:00.000000,2650.117431640625,47.7160758972168,1.7985411882400513,1.2430607080459595,5.239632606506348
131,131,6135,2006-09-13T15:00:00.000000,4324.13037109375,62.341670989990234,1.9215549230575562,1.3141818046569824,5.42368745803833
132,132,6135,2006-09-13T15:00:00.000000,3960.88623046875,59.41785430908203,1.7187803983688354,1.2377444505691528,5.408270359039307
133,133,6135,2006-09-13T15:00:00.000000,3141.223388671875,52.6901741027832,1.4020886421203613,1.1131865978240967,4.525310516357422
134,134,6135,2006-09-13T15:00:00.000000,3515.89599609375,54.13928985595703,1.3604731559753418,1.0649752616882324,4.645286560058594
135,135,6135,2006-09-13T15:00:00.000000,3462.9677734375,52.17499923706055,2.022961139678955,1.2610491514205933,4.810959815979004
136,136,6135,2006-09-13T15:00:00.000000,5780.42529296875,66.49137115478516,1.5051759481430054,1.0729488134384155,4.276683330535889
0,0,6647,2006-10-04T23:00:00.000000,17732.791015625,84.47262573242188,1.6010702848434448,0.8026618361473083,3.64337158203125
1,1,6647,2006-10-04T23:00:00.000000,4731.421875,41.11368942260742,1.676256537437439,0.7738572955131531,3.4223992824554443
2,2,6647,2006-10-04T23:00:00.000000,4111.84375,36.64643096923828,1.5405749082565308,0.709340512752533,3.1602041721343994
3,3,6647,2006-10-04T23:00:00.000000,3957.5380859375,36.44315719604492,1.2770808935165405,0.6546552181243896,2.9628584384918213
4,4,6647,2006-10-04T23:00:00.000000,12870.5087890625,71.21070861816406,1.572534441947937,0.7871320247650146,3.3178021907806396
5,5,6647,2006-10-04T23:00:00.000000,28557.169921875,98.15595245361328,1.3556671142578125,0.6762940883636475,2.9306371212005615
6,6,6647,2006-10-04T23:00:00.000000,3175.1240234375,32.99642562866211,1.4398783445358276,0.7026668787002563,3.070770025253296
7,7,6647,2006-10-04T23:00:00.000000,3596.17578125,34.93541717529297,1.4003123044967651,0.6893789172172546,3.1331374645233154
8,8,6647,2006-10-04T23:00:00.000000,3839.2265625,35.83958435058594,1.2578601837158203,0.6487199664115906,2.799098014831543
9,9,6647,2006-10-04T23:00:00.000000,4079.247802734375,37.020835876464844,1.5334960222244263,0.7177901268005371,3.1468491554260254
10,10,6647,2006-10-04T23:00:00.000000,3911.8974609375,36.18869400024414,1.5122894048690796,0.7115355134010315,3.190638303756714
11,11,6647,2006-10-04T23:00:00.000000,1270.77099609375,20.84434700012207,1.555655598640442,0.7293086647987366,3.1056594848632812
12,12,6647,2006-10-04T23:00:00.000000,4019.953125,36.56547546386719,1.3233875036239624,0.6634439826011658,2.959886074066162
13,13,6647,2006-10-04T23:00:00.000000,4180.42041015625,36.85893249511719,1.5644007921218872,0.7130283117294312,3.192211389541626
14,14,6647,2006-10-04T23:00:00.000000,4471.9541015625,38.14523696899414,1.2825106382369995,0.6459845304489136,2.8613905906677246
15,15,6647,2006-10-04T23:00:00.000000,1420.0201416015625,24.018749237060547,1.5515950918197632,0.7939485907554626,3.6204471588134766
16,16,6647,2006-10-04T23:00:00.000000,4133.90869140625,37.002681732177734,1.3617160320281982,0.6715772747993469,2.9234819412231445
17,17,6647,2006-10-04T23:00:00.000000,4028.93603515625,36.52143096923828,1.306256890296936,0.6576076745986938,2.9666807651519775
18,18,6647,2006-10-04T23:00:00.000000,4109.75732421875,36.97648620605469,1.5416086912155151,0.7161510586738586,3.2120707035064697
19,19,6647,2006-10-04T23:00:00.000000,4070.02392578125,36.864288330078125,1.5419032573699951,0.7175231575965881,3.1083288192749023
20,20,6647,2006-10-04T23:00:00.000000,4001.297607421875,36.957740783691406,1.30003821849823,0.6661668419837952,2.983189344406128
21,21,6647,2006-10-04T23:00:00.000000,3933.17724609375,36.35089111328125,1.298728108406067,0.6605450510978699,2.946403980255127
22,22,6647,2006-10-04T23:00:00.000000,5213.3583984375,45.843753814697266,1.4093348979949951,0.7537519335746765,3.340829849243164
23,23,6647,2006-10-04T23:00:00.000000,21336.0546875,87.58422088623047,1.566314697265625,0.7504268884658813,3.211042881011963
24,24,6647,2006-10-04T23:00:00.000000,4066.582763671875,36.472023010253906,1.3462857007980347,0.6636111736297607,2.9740982055664062
25,25,6647,2006-10-04T23:00:00.000000,3298.374267578125,33.12559509277344,1.6023772954940796,0.7301231622695923,3.2974817752838135
26,26,6647,2006-10-04T23:00:00.000000,3954.770263671875,35.7860107421875,1.474694848060608,0.6910408735275269,3.0243566036224365
27,27,6647,2006-10-04T23:00:00.000000,4828.28857421875,41.387203216552734,1.6275006532669067,0.7598538398742676,3.2561333179473877
28,28,6647,2006-10-04T23:00:00.000000,23190.833984375,91.36637878417969,1.7242629528045654,0.7878252863883972,3.3745474815368652
29,29,6647,2006-10-04T23:00:00.000000,4019.24853515625,35.824703216552734,1.45020592212677,0.6804950833320618,2.982180595397949
30,30,6647,2006-10-04T23:00:00.000000,2804.47314453125,32.88273620605469,1.375468373298645,0.7282284498214722,3.2309141159057617
31,31,6647,2006-10-04T23:00:00.000000,18043.896484375,80.61161041259766,1.681863784790039,0.7782655358314514,3.421799421310425
32,32,6647,2006-10-04T23:00:00.000000,3974.5595703125,36.677677154541016,1.2947880029678345,0.6619980335235596,2.968013286590576
33,33,6647,2006-10-04T23:00:00.000000,3368.032470703125,33.75833511352539,1.3518362045288086,0.6763241291046143,3.0833730697631836
34,34,6647,2006-10-04T23:00:00.000000,3539.692138671875,34.53214645385742,1.4834599494934082,0.7069337368011475,3.135319471359253
35,35,6647,2006-10-04T23:00:00.000000,2711.544677734375,30.305356979370117,1.4560840129852295,0.7022702693939209,3.037541151046753
36,36,6647,2006-10-04T23:00:00.000000,3979.5380859375,36.20744323730469,1.329760193824768,0.6618630886077881,2.9758729934692383
37,37,6647,2006-10-04T23:00:00.000000,2076.4873046875,26.17202377319336,1.3549754619598389,0.6685569286346436,2.9769856929779053
38,38,6647,2006-10-04T23:00:00.000000,4252.154296875,37.654762268066406,1.3817740678787231,0.6787876486778259,2.9530158042907715
39,39,6647,2006-10-04T23:00:00.000000,3820.32373046875,35.599998474121094,1.3877724409103394,0.6785144209861755,3.007474422454834
40,40,6647,2006-10-04T23:00:00.000000,23178.060546875,88.36637115478516,1.3143175840377808,0.6654242873191833,2.9162096977233887
41,41,6647,2006-10-04T23:00:00.000000,3961.438232421875,35.60506057739258,1.5242270231246948,0.6984094381332397,3.0526602268218994
42,42,6647,2006-10-04T23:00:00.000000,3889.19580078125,36.202083587646484,1.260355830192566,0.6517037749290466,2.865495204925537
43,43,6647,2006-10-04T23:00:00.000000,4153.62890625,37.395835876464844,1.5643107891082764,0.7257230281829834,3.1738440990448
44,44,6647,2006-10-04T23:00:00.000000,8675.220703125,58.477081298828125,1.5757724046707153,0.7881197333335876,3.4270834922790527
45,45,6647,2006-10-04T23:00:00.000000,3164.7890625,35.92351150512695,1.5042026042938232,0.7831763625144958,3.4952757358551025
46,46,6647,2006-10-04T23:00:00.000000,2064.262939453125,26.10744285583496,1.303742527961731,0.6561115980148315,2.7797980308532715
47,47,6647,2006-10-04T23:00:00.000000,3155.930908203125,32.69285583496094,1.3127729892730713,0.6667821407318115,2.9372010231018066
48,48,6647,2006-10-04T23:00:00.000000,4794.46142578125,41.37202453613281,1.686766505241394,0.7760046124458313,3.3822755813598633
49,49,6647,2006-10-04T23:00:00.000000,4307.853515625,37.641963958740234,1.3971021175384521,0.6778848171234131,2.9911389350891113
50,50,6647,2006-10-04T23:00:00.000000,3981.71142578125,36.60178756713867,1.3264416456222534,0.6680538058280945,3.008333206176758
51,51,6647,2006-10-04T23:00:00.000000,4150.65185546875,37.18869400024414,1.5647114515304565,0.7220542430877686,3.1761460304260254
52,52,6647,2006-10-04T23:00:00.000000,4849.794921875,41.650001525878906,1.7206791639328003,0.7845186591148376,3.371194362640381
53,53,6647,2006-10-04T23:00:00.000000,4079.67724609375,37.04940414428711,1.3651777505874634,0.6777397394180298,3.005685806274414
54,54,6647,2006-10-04T23:00:00.000000,3185.8095703125,33.04642868041992,1.4424437284469604,0.7031760811805725,3.0618839263916016
55,55,6647,2006-10-04T23:00:00.000000,3981.49267578125,36.498809814453125,1.2671946287155151,0.6511445641517639,2.914573907852173
56,56,6647,2006-10-04T23:00:00.000000,3848.27978515625,35.86369323730469,1.246789813041687,0.6455327272415161,2.9027044773101807
57,57,6647,2006-10-04T23:00:00.000000,3543.8662109375,34.62440490722656,1.493090033531189,0.7107006311416626,3.140125036239624
58,58,6647,2006-10-04T23:00:00.000000,3147.9599609375,32.45476150512695,1.2967665195465088,0.658710777759552,2.9087445735931396
59,59,6647,2006-10-04T23:00:00.000000,3857.195068359375,35.42827606201172,1.276056170463562,0.6443904638290405,2.8055264949798584
60,60,6647,2006-10-04T23:00:00.000000,2084.761474609375,26.21428680419922,1.3410792350769043,0.6648705005645752,2.955195903778076
61,61,6647,2006-10-04T23:00:00.000000,3713.732177734375,35.59910583496094,1.2153035402297974,0.6439856886863708,2.855649709701538
62,62,6647,2006-10-04T23:00:00.000000,4053.926513671875,36.41547393798828,1.5186880826950073,0.7048267722129822,3.080659866333008
63,63,6647,2006-10-04T23:00:00.000000,3341.392822265625,33.74970245361328,1.3498256206512451,0.6783362627029419,3.0136876106262207
64,64,6647,2006-10-04T23:00:00.000000,4108.1884765625,38.32143020629883,1.6007872819900513,0.7564554810523987,3.330686330795288
65,65,6647,2006-10-04T23:00:00.000000,4185.54736328125,37.53065490722656,1.3399930000305176,0.6715236306190491,3.0136682987213135
66,66,6647,2006-10-04T23:00:00.000000,3954.437255859375,36.565773010253906,1.305882215499878,0.6644838452339172,3.0371851921081543
67,67,6647,2006-10-04T23:00:00.000000,4667.3017578125,40.52589416503906,1.6224173307418823,0.7555808424949646,3.378781318664551
68,68,6647,2006-10-04T23:00:00.000000,16667.826171875,80.59404754638672,1.5590147972106934,0.7794507741928101,3.5168566703796387
69,69,6647,2006-10-04T23:00:00.000000,15062.265625,72.634521484375,1.441765308380127,0.7106328010559082,2.9991605281829834
70,70,6647,2006-10-04T23:00:00.000000,7535.7578125,50.39017868041992,1.4755979776382446,0.7051255702972412,3.0779073238372803
71,71,6647,2006-10-04T23:00:00.000000,1795.184326171875,24.524702072143555,1.2644102573394775,0.6508685350418091,2.9307057857513428
72,72,6647,2006-10-04T23:00:00.000000,4325.90576171875,39.25178527832031,1.7240780591964722,0.7836089730262756,3.4737930297851562
73,73,6647,2006-10-04T23:00:00.000000,35735.3828125,120.9416732788086,1.5433143377304077,0.7947928309440613,3.5636303424835205
74,74,6647,2006-10-04T23:00:00.000000,4153.6181640625,37.23749923706055,1.338421106338501,0.6684417724609375,3.0436244010925293
75,75,6647,2006-10-04T23:00:00.000000,3834.4111328125,35.716670989990234,1.2860169410705566,0.6541011333465576,2.8927597999572754
76,76,6647,2006-10-04T23:00:00.000000,4694.8056640625,39.61577606201172,1.3337458372116089,0.6677223443984985,2.8969595432281494
77,77,6647,2006-10-04T23:00:00.000000,3852.561767578125,35.876487731933594,1.470204472541809,0.7008482217788696,3.06636643409729
78,78,6647,2006-10-04T23:00:00.000000,3832.64599609375,36.099998474121094,1.2389873266220093,0.6490696668624878,2.892554759979248
79,79,6647,2006-10-04T23:00:00.000000,4133.16015625,38.065181732177734,1.6314966678619385,0.7562752366065979,3.267871618270874
80,80,6647,2006-10-04T23:00:00.000000,7209.63623046875,49.69315719604492,1.338008165359497,0.6769698262214661,2.965928554534912
81,81,6647,2006-10-04T23:00:00.000000,4064.58984375,36.707740783691406,1.5752233266830444,0.7226372957229614,3.1084165573120117
82,82,6647,2006-10-04T23:00:00.000000,3205.4365234375,33.42202377319336,1.4302823543548584,0.7059925198554993,3.107675075531006
83,83,6647,2006-10-04T23:00:00.000000,2170.08544921875,26.736310958862305,1.3924802541732788,0.6772633790969849,3.1069343090057373
84,84,6647,2006-10-04T23:00:00.000000,4151.546875,36.986907958984375,1.5632541179656982,0.7177245616912842,3.065432548522949
85,85,6647,2006-10-04T23:00:00.000000,3122.900390625,32.48690414428711,1.2662642002105713,0.6541712880134583,2.9165101051330566
86,86,6647,2006-10-04T23:00:00.000000,3887.53955078125,36.214881896972656,1.2737945318222046,0.6555402278900146,2.9069457054138184
87,87,6647,2006-10-04T23:00:00.000000,3098.84130859375,32.43244171142578,1.2567274570465088,0.653131365776062,2.9096992015838623
88,88,6647,2006-10-04T23:00:00.000000,3250.265625,32.75654983520508,1.5667245388031006,0.7191756963729858,3.179511070251465
89,89,6647,2006-10-04T23:00:00.000000,3096.972412109375,32.0556526184082,1.2814160585403442,0.6520501971244812,2.885468006134033
90,90,6647,2006-10-04T23:00:00.000000,1711.5791015625,23.61220359802246,1.203596830368042,0.6261501908302307,2.7709715366363525
91,91,6647,2006-10-04T23:00:00.000000,3096.399169921875,32.29434585571289,1.266856074333191,0.6532232761383057,2.923590898513794
92,92,6647,2006-10-04T23:00:00.000000,4197.724609375,37.267860412597656,1.3787974119186401,0.6754258871078491,3.0473928451538086
93,93,6647,2006-10-04T23:00:00.000000,2988.695068359375,31.750593185424805,1.244356632232666,0.6478634476661682,2.8678624629974365
94,94,6647,2006-10-04T23:00:00.000000,3662.171142578125,35.42351531982422,1.4367249011993408,0.7016315460205078,3.152461528778076
95,95,6647,2006-10-04T23:00:00.000000,4342.55810546875,39.389583587646484,1.6755807399749756,0.7737332582473755,3.338719367980957
96,96,6647,2006-10-04T23:00:00.000000,2651.27978515625,31.448213577270508,1.3291525840759277,0.7041345238685608,2.9827566146850586
97,97,6647,2006-10-04T23:00:00.000000,3072.291259765625,32.16458511352539,1.2581502199172974,0.6508980989456177,2.8387818336486816
98,98,6647,2006-10-04T23:00:00.000000,3263.9892578125,32.7431526184082,1.563151240348816,0.7165502905845642,3.1761274337768555
99,99,6647,2006-10-04T23:00:00.000000,4834.0224609375,41.60297775268555,1.6765940189361572,0.7747901082038879,3.4021522998809814
100,100,6647,2006-10-04T23:00:00.000000,2195.21923828125,27.289587020874023,1.3949612379074097,0.6879217028617859,3.1632626056671143
101,101,6647,2006-10-04T23:00:00.000000,2134.334228515625,26.671428680419922,1.3465673923492432,0.6699295043945312,2.990377426147461
102,102,6647,2006-10-04T23:00:00.000000,3738.174560546875,34.84315490722656,1.4475306272506714,0.6856485605239868,2.988101005554199
103,103,6647,2006-10-04T23:00:00.000000,4122.1865234375,37.2961311340332,1.5806673765182495,0.7303318381309509,3.229463815689087
104,104,6647,2006-10-04T23:00:00.000000,10467.7431640625,59.48333740234375,1.3327040672302246,0.6711748242378235,2.9869933128356934
105,105,6647,2006-10-04T23:00:00.000000,11718.11328125,63.927085876464844,1.5682448148727417,0.7395421862602234,3.216336727142334
106,106,6647,2006-10-04T23:00:00.000000,3608.7880859375,34.938392639160156,1.425679326057434,0.6944374442100525,3.1835825443267822
107,107,6647,2006-10-04T23:00:00.000000,4062.703125,36.596134185791016,1.3009792566299438,0.6548816561698914,2.8801426887512207
108,108,6647,2006-10-04T23:00:00.000000,3077.90478515625,32.42053985595703,1.268930435180664,0.6582812666893005,2.8992199897766113
109,109,6647,2006-10-04T23:00:00.000000,3990.50634765625,36.52261734008789,1.347241759300232,0.6710744500160217,3.012162446975708
110,110,6647,2006-10-04T23:00:00.000000,4126.70751953125,36.86190414428711,1.5710961818695068,0.7192457318305969,3.1408772468566895
111,111,6647,2006-10-04T23:00:00.000000,3782.757568359375,35.66220474243164,1.2767271995544434,0.6551684737205505,2.8611671924591064
112,112,6647,2006-10-04T23:00:00.000000,1239.1888427734375,20.734525680541992,1.4995192289352417,0.7212757468223572,3.1410269737243652
113,113,6647,2006-10-04T23:00:00.000000,3311.316162109375,33.180355072021484,1.4174275398254395,0.6864851713180542,3.0215842723846436
114,114,6647,2006-10-04T23:00:00.000000,4615.2841796875,40.337799072265625,1.724895715713501,0.7798200249671936,3.313612937927246
115,115,6647,2006-10-04T23:00:00.000000,291.9691162109375,9.925297737121582,1.3952463865280151,0.6861206293106079,2.9570720195770264
116,116,6647,2006-10-04T23:00:00.000000,3724.7392578125,35.42827606201172,1.2535468339920044,0.6499385833740234,2.844531774520874
117,117,6647,2006-10-04T23:00:00.000000,4660.45947265625,40.447025299072266,1.6354819536209106,0.7576961517333984,3.381622314453125
118,118,6647,2006-10-04T23:00:00.000000,3922.564697265625,35.80089569091797,1.3159116506576538,0.6557256579399109,2.9019176959991455
119,119,6647,2006-10-04T23:00:00.000000,1836.952392578125,24.952085494995117,1.2924010753631592,0.661845326423645,2.870023488998413
120,120,6647,2006-10-04T23:00:00.000000,4084.9033203125,36.711605072021484,1.3463599681854248,0.6664891839027405,2.9609458446502686
121,121,6647,2006-10-04T23:00:00.000000,20155.0078125,87.93154907226562,1.356029748916626,0.7212533354759216,3.2267165184020996
122,122,6647,2006-10-04T23:00:00.000000,3886.000732421875,35.900299072265625,1.263366460800171,0.6473084688186646,2.8383026123046875
123,123,6647,2006-10-04T23:00:00.000000,3838.402587890625,35.12797546386719,1.2811408042907715,0.6417653560638428,2.869755506515503
124,124,6647,2006-10-04T23:00:00.000000,9881.845703125,57.414283752441406,1.2673205137252808,0.650195837020874,2.8874189853668213
125,125,6647,2006-10-04T23:00:00.000000,9319.599609375,57.63928985595703,1.7373194694519043,0.7869729399681091,3.3926098346710205
126,126,6647,2006-10-04T23:00:00.000000,1251.897705078125,20.63809585571289,1.4339473247528076,0.6984764337539673,3.1569387912750244
127,127,6647,2006-10-04T23:00:00.000000,4158.21142578125,38.525001525878906,1.6192681789398193,0.7602365612983704,3.2562177181243896
128,128,6647,2006-10-04T23:00:00.000000,3946.299560546875,36.372615814208984,1.332345962524414,0.6683255434036255,2.9966471195220947
129,129,6647,2006-10-04T23:00:00.000000,365.5145263671875,11.45089340209961,1.7104483842849731,0.7833250164985657,3.369880437850952
130,130,6647,2006-10-04T23:00:00.000000,3358.347900390625,34.86607360839844,1.7284140586853027,0.7909774780273438,3.378274440765381
131,131,6647,2006-10-04T23:00:00.000000,3878.190185546875,35.766666412353516,1.4147390127182007,0.6831279993057251,3.049001932144165
132,132,6647,2006-10-04T23:00:00.000000,4128.63623046875,37.04643249511719,1.596464991569519,0.7284886240959167,3.135038137435913
133,133,6647,2006-10-04T23:00:00.000000,4751.00048828125,41.04464340209961,1.6807527542114258,0.7719974517822266,3.347459316253662
134,134,6647,2006-10-04T23:00:00.000000,4128.046875,36.95327377319336,1.3449559211730957,0.6670135259628296,3.0487799644470215
135,135,6647,2006-10-04T23:00:00.000000,3594.747802734375,38.87083435058594,1.761309027671814,0.8604139089584351,3.705070972442627
136,136,6647,2006-10-04T23:00:00.000000,7137.14013671875,48.14702606201172,1.3149832487106323,0.6535329222679138,2.834764003753662
0,0,7159,2006-10-26T07:00:00.000000,7834.818359375,78.78988647460938,0.8694635033607483,0.8300068378448486,3.6829679012298584
1,1,7159,2006-10-26T07:00:00.000000,2828.443115234375,29.54583168029785,1.1453115940093994,0.594544529914856,2.6779022216796875
2,2,7159,2006-10-26T07:00:00.000000,1927.953125,20.573808670043945,0.8433727025985718,0.4303048551082611,1.9356796741485596
3,3,7159,2006-10-26T07:00:00.000000,1963.3798828125,31.085418701171875,0.8204362392425537,0.6354435086250305,2.947234869003296
4,4,7159,2006-10-26T07:00:00.000000,5720.2666015625,63.186012268066406,0.8493191003799438,0.7699248194694519,3.38523006439209
5,5,7159,2006-10-26T07:00:00.000000,17476.669921875,89.17023468017578,0.8950706124305725,0.638144850730896,2.7778379917144775
6,6,7159,2006-10-26T07:00:00.000000,1635.20703125,35.28541946411133,0.8675810694694519,0.8127630352973938,3.598435878753662
7,7,7159,2006-10-26T07:00:00.000000,1598.75732421875,32.42142868041992,0.7425689697265625,0.6987298727035522,3.304823160171509
8,8,7159,2006-10-26T07:00:00.000000,2119.389892578125,39.45148468017578,0.8378214240074158,0.7843930721282959,3.726381540298462
9,9,7159,2006-10-26T07:00:00.000000,1980.2239990234375,40.09018325805664,0.8608060479164124,0.8358599543571472,3.8004469871520996
10,10,7159,2006-10-26T07:00:00.000000,1903.283203125,21.201488494873047,0.8710408806800842,0.45355910062789917,2.0341720581054688
11,11,7159,2006-10-26T07:00:00.000000,904.9224243164062,16.066368103027344,1.2187228202819824,0.5896095633506775,2.541835308074951
12,12,7159,2006-10-26T07:00:00.000000,2471.572509765625,45.69851303100586,0.9687260389328003,0.9047234058380127,4.427903175354004
13,13,7159,2006-10-26T07:00:00.000000,1617.5684814453125,29.76994514465332,0.6863536238670349,0.6132261157035828,2.825789451599121
14,14,7159,2006-10-26T07:00:00.000000,2426.9423828125,40.09166717529297,0.8122026324272156,0.733426570892334,3.4310107231140137
15,15,7159,2006-10-26T07:00:00.000000,632.304443359375,21.322917938232422,0.854176938533783,0.783713698387146,3.392512321472168
16,16,7159,2006-10-26T07:00:00.000000,2163.482666015625,41.81547546386719,0.8353111743927002,0.8216454982757568,3.8282530307769775
17,17,7159,2006-10-26T07:00:00.000000,1889.3240966796875,34.66934585571289,0.7343477010726929,0.6835075616836548,3.192318916320801
18,18,7159,2006-10-26T07:00:00.000000,1772.53125,35.210418701171875,0.7598339915275574,0.7290101647377014,3.374521493911743
19,19,7159,2006-10-26T07:00:00.000000,1637.01708984375,31.935117721557617,0.6901372671127319,0.6557067632675171,3.1001980304718018
20,20,7159,2006-10-26T07:00:00.000000,2147.222412109375,26.25238037109375,0.862887442111969,0.5262683033943176,2.4887290000915527
21,21,7159,2006-10-26T07:00:00.000000,2038.7178955078125,39.460716247558594,0.8225486278533936,0.7926239967346191,3.7866270542144775
22,22,7159,2006-10-26T07:00:00.000000,5384.64501953125,68.89494323730469,1.8116767406463623,1.2637150287628174,5.720065593719482
23,23,7159,2006-10-26T07:00:00.000000,14112.49609375,66.12053680419922,1.1788415908813477,0.604313313961029,2.624555826187134
24,24,7159,2006-10-26T07:00:00.000000,2291.65771484375,43.40625,0.8971611261367798,0.8588407635688782,4.127013683319092
25,25,7159,2006-10-26T07:00:00.000000,1211.628173828125,26.994644165039062,0.6809324026107788,0.639948308467865,2.905445098876953
26,26,7159,2006-10-26T07:00:00.000000,2018.6253662109375,22.1684513092041,0.8799211382865906,0.46283841133117676,2.1077096462249756
27,27,7159,2006-10-26T07:00:00.000000,2533.22216796875,31.020238876342773,1.0055527687072754,0.618031919002533,2.8328216075897217
28,28,7159,2006-10-26T07:00:00.000000,11610.1806640625,89.62023162841797,0.944952130317688,0.8085213899612427,3.6872763633728027
29,29,7159,2006-10-26T07:00:00.000000,1760.8936767578125,28.43511962890625,0.7370524406433105,0.5817517638206482,2.7165417671203613
30,30,7159,2006-10-26T07:00:00.000000,1362.4603271484375,27.942853927612305,0.8301509618759155,0.689743161201477,3.1317763328552246
31,31,7159,2006-10-26T07:00:00.000000,10419.103515625,63.7336311340332,1.0941206216812134,0.653109610080719,2.8720932006835938
32,32,7159,2006-10-26T07:00:00.000000,2132.506103515625,39.60268020629883,0.8538747429847717,0.7924584746360779,3.721445083618164
33,33,7159,2006-10-26T07:00:00.000000,1563.9285888671875,30.4205379486084,0.7613804340362549,0.6712113618850708,3.2006545066833496
34,34,7159,2006-10-26T07:00:00.000000,1686.4197998046875,21.65654945373535,0.8378968238830566,0.48272705078125,2.2215018272399902
35,35,7159,2006-10-26T07:00:00.000000,2138.3544921875,24.83392906188965,1.304141879081726,0.6132929921150208,2.7253713607788086
36,36,7159,2006-10-26T07:00:00.000000,2291.033203125,43.3601188659668,0.9021310806274414,0.8604182600975037,3.9989988803863525
37,37,7159,2006-10-26T07:00:00.000000,1189.1778564453125,30.890178680419922,0.9097364544868469,0.8543874025344849,4.096970558166504
38,38,7159,2006-10-26T07:00:00.000000,2475.276123046875,45.62113571166992,0.9827055335044861,0.9090043306350708,4.2921671867370605
39,39,7159,2006-10-26T07:00:00.000000,2124.640625,41.99494171142578,0.9072452783584595,0.8677938580513,3.9866111278533936
40,40,7159,2006-10-26T07:00:00.000000,14897.119140625,81.85536193847656,0.9473065137863159,0.6527414917945862,2.936730146408081
41,41,7159,2006-10-26T07:00:00.000000,1892.4073486328125,21.305356979370117,0.8505268096923828,0.4516744315624237,2.0805087089538574
42,42,7159,2006-10-26T07:00:00.000000,2507.78173828125,30.445533752441406,1.005381464958191,0.6095988750457764,2.7604174613952637
43,43,7159,2006-10-26T07:00:00.000000,1648.8646240234375,29.983335494995117,0.7135589122772217,0.6237382292747498,2.866628408432007
44,44,7159,2006-10-26T07:00:00.000000,4040.21875,55.81845474243164,0.8845599889755249,0.8259219527244568,3.432882070541382
45,45,7159,2006-10-26T07:00:00.000000,1834.6104736328125,41.37083435058594,1.056613564491272,0.9928426742553711,4.538214683532715
46,46,7159,2006-10-26T07:00:00.000000,1034.4276123046875,24.720834732055664,0.8015353679656982,0.6881362795829773,3.189539670944214
47,47,7159,2006-10-26T07:00:00.000000,2103.906005859375,29.316368103027344,1.0118290185928345,0.6429106593132019,2.7906880378723145
48,48,7159,2006-10-26T07:00:00.000000,2317.3896484375,33.26309585571289,0.9248911738395691,0.6645206212997437,2.9632394313812256
49,49,7159,2006-10-26T07:00:00.000000,2210.98291015625,42.0333366394043,0.8547006249427795,0.8264340162277222,3.7832300662994385
50,50,7159,2006-10-26T07:00:00.000000,2019.5543212890625,35.75833511352539,0.8002796173095703,0.7118203043937683,3.3703932762145996
51,51,7159,2006-10-26T07:00:00.000000,1730.232177734375,32.12440490722656,0.744800329208374,0.6665040850639343,3.0591485500335693
52,52,7159,2006-10-26T07:00:00.000000,2574.483642578125,30.588987350463867,1.044196605682373,0.616043210029602,2.807046413421631
53,53,7159,2006-10-26T07:00:00.000000,2543.8798828125,46.72708511352539,1.0298614501953125,0.9401773810386658,4.442838191986084
54,54,7159,2006-10-26T07:00:00.000000,1666.142333984375,33.22291946411133,0.8881731629371643,0.7670620679855347,3.432394504547119
55,55,7159,2006-10-26T07:00:00.000000,2349.6318359375,27.055356979370117,0.9202708601951599,0.5354404449462891,2.51631236076355
56,56,7159,2006-10-26T07:00:00.000000,2083.79248046875,39.56845474243164,0.8409597277641296,0.7948944568634033,3.8092100620269775
57,57,7159,2006-10-26T07:00:00.000000,1919.221923828125,40.08273696899414,0.9365778565406799,0.8854553699493408,4.140132427215576
58,58,7159,2006-10-26T07:00:00.000000,2305.419677734375,25.72381019592285,1.0890041589736938,0.559081494808197,2.4631083011627197
59,59,7159,2006-10-26T07:00:00.000000,2501.452392578125,46.139583587646484,1.0061800479888916,0.9253699779510498,4.246816158294678
60,60,7159,2006-10-26T07:00:00.000000,1074.83740234375,28.40625,0.8229848146438599,0.7860287427902222,3.66015887260437
61,61,7159,2006-10-26T07:00:00.000000,2582.53564453125,29.40178871154785,1.0505225658416748,0.5929980874061584,2.6141393184661865
62,62,7159,2006-10-26T07:00:00.000000,1573.64404296875,28.0672607421875,0.694476306438446,0.5896245241165161,2.6320583820343018
63,63,7159,2006-10-26T07:00:00.000000,2009.6239013671875,23.450298309326172,0.9762779474258423,0.5168656706809998,2.428157091140747
64,64,7159,2006-10-26T07:00:00.000000,2619.117431640625,27.8723201751709,1.165683627128601,0.5880118012428284,2.6348016262054443
65,65,7159,2006-10-26T07:00:00.000000,2195.460693359375,41.36398696899414,0.8635368347167969,0.8203515410423279,3.8780791759490967
66,66,7159,2006-10-26T07:00:00.000000,2161.5703125,40.811012268066406,0.8820257782936096,0.8243911266326904,3.861248254776001
67,67,7159,2006-10-26T07:00:00.000000,2550.562255859375,35.623512268066406,1.0007460117340088,0.7056359648704529,3.1403133869171143
68,68,7159,2006-10-26T07:00:00.000000,10939.29296875,99.95417022705078,1.2300503253936768,1.0599069595336914,4.74888801574707
69,69,7159,2006-10-26T07:00:00.000000,8704.1865234375,76.3830337524414,0.986604630947113,0.8132131695747375,3.4837145805358887
70,70,7159,2006-10-26T07:00:00.000000,4270.4384765625,43.739585876464844,0.9391530752182007,0.6486442685127258,2.7885210514068604
71,71,7159,2006-10-26T07:00:00.000000,1033.715087890625,26.982738494873047,0.8512949347496033,0.7743292450904846,3.4405593872070312
72,72,7159,2006-10-26T07:00:00.000000,2625.34716796875,26.779762268066406,1.1405658721923828,0.5581790208816528,2.543710947036743
73,73,7159,2006-10-26T07:00:00.000000,18743.9609375,82.1577377319336,1.0144473314285278,0.604411244392395,2.659006357192993
74,74,7159,2006-10-26T07:00:00.000000,1933.67041015625,36.57976531982422,0.7680538892745972,0.729030191898346,3.4184789657592773
75,75,7159,2006-10-26T07:00:00.000000,1961.6990966796875,33.133033752441406,0.7819103002548218,0.6614903807640076,3.225578784942627
76,76,7159,2006-10-26T07:00:00.000000,2570.588134765625,38.76071548461914,0.85062175989151,0.7050887942314148,3.231478452682495
77,77,7159,2006-10-26T07:00:00.000000,1865.4527587890625,23.501487731933594,0.8428327441215515,0.499544233083725,2.2790584564208984
78,78,7159,2006-10-26T07:00:00.000000,2362.833740234375,31.3077392578125,0.9607660174369812,0.63131183385849,2.752196788787842
79,79,7159,2006-10-26T07:00:00.000000,2313.166015625,31.100595474243164,1.0536519289016724,0.6637643575668335,2.9660050868988037
80,80,7159,2006-10-26T07:00:00.000000,4803.34228515625,46.408931732177734,0.9928314685821533,0.6672177910804749,2.8899474143981934
81,81,7159,2006-10-26T07:00:00.000000,1577.8128662109375,29.508337020874023,0.6893473863601685,0.6167880892753601,2.876546621322632
82,82,7159,2006-10-26T07:00:00.000000,1881.381591796875,24.852977752685547,0.9865188598632812,0.569105327129364,2.448976993560791
83,83,7159,2006-10-26T07:00:00.000000,1106.3218994140625,21.2738094329834,0.8256772756576538,0.5811786651611328,2.6741788387298584
84,84,7159,2006-10-26T07:00:00.000000,1619.1600341796875,29.967857360839844,0.6932001709938049,0.6200692057609558,2.8637874126434326
85,85,7159,2006-10-26T07:00:00.000000,1610.955810546875,29.61101531982422,0.8140866756439209,0.665651261806488,3.0203680992126465
86,86,7159,2006-10-26T07:00:00.000000,2000.7269287109375,37.03154754638672,0.8155843615531921,0.747674286365509,3.488504409790039
87,87,7159,2006-10-26T07:00:00.000000,1643.5167236328125,30.8098201751709,0.8221042156219482,0.6890735626220703,3.10005784034729
88,88,7159,2006-10-26T07:00:00.000000,1176.19921875,24.021726608276367,0.6562120318412781,0.5673954486846924,2.584362506866455
89,89,7159,2006-10-26T07:00:00.000000,2081.723876953125,42.58511734008789,1.055783748626709,0.9590335488319397,4.465636253356934
90,90,7159,2006-10-26T07:00:00.000000,1072.6180419921875,22.255952835083008,0.9020609259605408,0.6454188227653503,2.8422796726226807
91,91,7159,2006-10-26T07:00:00.000000,2299.14990234375,25.910417556762695,1.0722193717956543,0.5595418810844421,2.468219518661499
92,92,7159,2006-10-26T07:00:00.000000,2132.86767578125,39.26517868041992,0.8163489699363708,0.7681809663772583,3.6048743724823
93,93,7159,2006-10-26T07:00:00.000000,2160.12646484375,27.2690486907959,1.054011583328247,0.6023557782173157,2.6848177909851074
94,94,7159,2006-10-26T07:00:00.000000,1710.3350830078125,25.96696662902832,0.7886425256729126,0.557597279548645,2.7057888507843018
95,95,7159,2006-10-26T07:00:00.000000,2405.066162109375,28.7309513092041,1.0696725845336914,0.605915367603302,2.776817560195923
96,96,7159,2006-10-26T07:00:00.000000,1418.6387939453125,29.48690414428711,0.8350592255592346,0.7154049277305603,3.2092249393463135
97,97,7159,2006-10-26T07:00:00.000000,1961.383544921875,24.538095474243164,0.9968013167381287,0.5531767010688782,2.5614089965820312
98,98,7159,2006-10-26T07:00:00.000000,1262.203857421875,24.219642639160156,0.7105955481529236,0.574664294719696,2.6359877586364746
99,99,7159,2006-10-26T07:00:00.000000,2301.0595703125,31.456546783447266,0.8981130719184875,0.6214591264724731,2.8321733474731445
100,100,7159,2006-10-26T07:00:00.000000,1091.5159912109375,28.905357360839844,0.8231838941574097,0.7938011884689331,3.72470760345459
101,101,7159,2006-10-26T07:00:00.000000,1172.655029296875,30.99553680419922,0.9171284437179565,0.8668203353881836,4.119253158569336
102,102,7159,2006-10-26T07:00:00.000000,1911.9892578125,22.405057907104492,0.871185302734375,0.4782540500164032,2.21342134475708
103,103,7159,2006-10-26T07:00:00.000000,2184.9833984375,42.78303527832031,0.9458209872245789,0.8901271224021912,4.0376129150390625
104,104,7159,2006-10-26T07:00:00.000000,6351.26513671875,71.44940948486328,0.9426226019859314,0.8704372048377991,3.930729627609253
105,105,7159,2006-10-26T07:00:00.000000,7527.3349609375,49.775001525878906,1.1316694021224976,0.610309898853302,2.792107343673706
106,106,7159,2006-10-26T07:00:00.000000,1553.13037109375,29.39345359802246,0.7271105647087097,0.6359849572181702,2.9509027004241943
107,107,7159,2006-10-26T07:00:00.000000,1966.14990234375,30.76339340209961,0.7602463960647583,0.6049271821975708,2.8254733085632324
108,108,7159,2006-10-26T07:00:00.000000,1742.57958984375,35.79732131958008,0.8643931746482849,0.797278106212616,3.681692361831665
109,109,7159,2006-10-26T07:00:00.000000,2158.85986328125,29.08333396911621,0.8771958947181702,0.5862464904785156,2.713253974914551
110,110,7159,2006-10-26T07:00:00.000000,1495.5943603515625,23.493154525756836,0.649432897567749,0.48955509066581726,2.21608567237854
111,111,7159,2006-10-26T07:00:00.000000,2459.257080078125,30.121129989624023,0.9948388934135437,0.6058229207992554,2.6975269317626953
112,112,7159,2006-10-26T07:00:00.000000,736.1792602539062,17.860416412353516,1.0018115043640137,0.6588595509529114,2.7265329360961914
113,113,7159,2006-10-26T07:00:00.000000,1414.344970703125,29.853275299072266,0.7070481777191162,0.6674808263778687,3.0420873165130615
114,114,7159,2006-10-26T07:00:00.000000,2699.54833984375,28.87321662902832,1.1269625425338745,0.5899352431297302,2.6890883445739746
115,115,7159,2006-10-26T07:00:00.000000,178.04396057128906,8.793453216552734,0.9277291893959045,0.6347554922103882,2.7342793941497803
116,116,7159,2006-10-26T07:00:00.000000,2280.749755859375,32.69851303100586,0.9237228631973267,0.6580517292022705,2.9419658184051514
117,117,7159,2006-10-26T07:00:00.000000,2580.18359375,30.23482322692871,1.0310932397842407,0.6044092178344727,2.785343885421753
118,118,7159,2006-10-26T07:00:00.000000,2362.589599609375,27.20833396911621,0.9587500691413879,0.5481008887290955,2.5913681983947754
119,119,7159,2006-10-26T07:00:00.000000,1111.3291015625,22.14821434020996,0.911504864692688,0.6343031525611877,2.871720552444458
120,120,7159,2006-10-26T07:00:00.000000,1920.3739013671875,32.76250076293945,0.7411162853240967,0.6436167359352112,3.1194112300872803
121,121,7159,2006-10-26T07:00:00.000000,19223.455078125,132.1107177734375,1.6423338651657104,1.2211050987243652,5.379724025726318
122,122,7159,2006-10-26T07:00:00.000000,2936.69677734375,29.408334732055664,1.1834050416946411,0.5903472900390625,2.650301218032837
123,123,7159,2006-10-26T07:00:00.000000,1848.0186767578125,29.327680587768555,0.7373201847076416,0.5858043432235718,2.8111023902893066
124,124,7159,2006-10-26T07:00:00.000000,6151.49755859375,57.346431732177734,0.9105979800224304,0.697717010974884,3.0767619609832764
125,125,7159,2006-10-26T07:00:00.000000,4751.955078125,51.57707977294922,0.9666222333908081,0.7356123328208923,3.245769739151001
126,126,7159,2006-10-26T07:00:00.000000,668.6669311523438,23.217262268066406,0.866054892539978,0.8355621099472046,3.9063682556152344
127,127,7159,2006-10-26T07:00:00.000000,2209.4912109375,42.45624923706055,0.9980916976928711,0.9023617506027222,4.002304553985596
128,128,7159,2006-10-26T07:00:00.000000,2221.749755859375,41.895538330078125,0.9034652709960938,0.8448429107666016,4.0571513175964355
129,129,7159,2006-10-26T07:00:00.000000,197.01409912109375,8.529463768005371,1.0222773551940918,0.6144088506698608,2.6461410522460938
130,130,7159,2006-10-26T07:00:00.000000,2085.555908203125,23.105356216430664,1.2060250043869019,0.5556226372718811,2.4397759437561035
131,131,7159,2006-10-26T07:00:00.000000,1840.2562255859375,26.630952835083008,0.8044637441635132,0.556801974773407,2.6998629570007324
132,132,7159,2006-10-26T07:00:00.000000,1480.07568359375,27.874404907226562,0.6351756453514099,0.5774449110031128,2.645463705062866
133,133,7159,2006-10-26T07:00:00.000000,2606.661376953125,31.11845588684082,1.0313836336135864,0.6189931631088257,2.792884588241577
134,134,7159,2006-10-26T07:00:00.000000,2048.20751953125,29.811309814453125,0.8018881678581238,0.5898627638816833,2.809042453765869
135,135,7159,2006-10-26T07:00:00.000000,1632.1671142578125,25.83660888671875,0.9293060302734375,0.6164992451667786,2.6706290245056152
136,136,7159,2006-10-26T07:00:00.000000,3917.810302734375,45.975303649902344,0.8323462605476379,0.6701235175132751,3.1536309719085693
0,0,7671,2006-11-16T15:00:00.000000,9988.1484375,83.2172622680664,1.1916861534118652,0.9089750051498413,4.086505889892578
1,1,7671,2006-11-16T15:00:00.000000,3082.931884765625,49.78422546386719,1.3471789360046387,1.040692687034607,4.748322486877441
2,2,7671,2006-11-16T15:00:00.000000,3227.85498046875,30.765777587890625,1.747679591178894,0.7158825993537903,3.2163245677948
3,3,7671,2006-11-16T15:00:00.000000,3731.507568359375,34.412498474121094,1.6796588897705078,0.7301038503646851,3.2978932857513428
4,4,7671,2006-11-16T15:00:00.000000,11844.7333984375,67.52648162841797,1.9736833572387695,0.8716663122177124,4.1141276359558105
5,5,7671,2006-11-16T15:00:00.000000,33503.9296875,103.94196319580078,1.9067023992538452,0.7841235995292664,3.738050699234009
6,6,7671,2006-11-16T15:00:00.000000,2924.8173828125,30.914287567138672,1.6289716958999634,0.7295693755149841,3.244460105895996
7,7,7671,2006-11-16T15:00:00.000000,3052.871826171875,30.14315414428711,1.6645503044128418,0.703854501247406,3.4660372734069824
8,8,7671,2006-11-16T15:00:00.000000,3690.85205078125,34.5625,1.6409378051757812,0.728765606880188,3.3771917819976807
9,9,7671,2006-11-16T15:00:00.000000,2925.256591796875,28.621131896972656,1.5859004259109497,0.6664119362831116,3.2590644359588623
10,10,7671,2006-11-16T15:00:00.000000,2695.074462890625,28.0482120513916,1.4862112998962402,0.6586582660675049,3.2410409450531006
11,11,7671,2006-11-16T15:00:00.000000,1274.8045654296875,21.040475845336914,1.7268767356872559,0.7743984460830688,3.5005991458892822
12,12,7671,2006-11-16T15:00:00.000000,3854.5595703125,34.622615814208984,1.6725455522537231,0.7212096452713013,3.408925771713257
13,13,7671,2006-11-16T15:00:00.000000,2890.813232421875,28.597618103027344,1.507311224937439,0.653012216091156,3.183279514312744
14,14,7671,2006-11-16T15:00:00.000000,5081.958984375,40.358036041259766,1.7835204601287842,0.7560551166534424,3.6034605503082275
15,15,7671,2006-11-16T15:00:00.000000,1076.9642333984375,22.914880752563477,1.564622402191162,0.8734171986579895,4.085633754730225
16,16,7671,2006-11-16T15:00:00.000000,3184.93017578125,35.16190719604492,1.4506957530975342,0.7504307627677917,3.4844977855682373
17,17,7671,2006-11-16T15:00:00.000000,3340.185791015625,32.05030059814453,1.5333788394927979,0.686707079410553,3.1743593215942383
18,18,7671,2006-11-16T15:00:00.000000,2881.6513671875,28.960716247558594,1.516579508781433,0.664387047290802,3.200606346130371
19,19,7671,2006-11-16T15:00:00.000000,2916.94970703125,28.4306583404541,1.534812569618225,0.6521538496017456,3.1468665599823
20,20,7671,2006-11-16T15:00:00.000000,3661.1376953125,33.97738265991211,1.675446629524231,0.7268539667129517,3.37979793548584
21,21,7671,2006-11-16T15:00:00.000000,3823.38330078125,34.04018020629883,1.6832752227783203,0.7142421007156372,3.429654836654663
22,22,7671,2006-11-16T15:00:00.000000,4631.7373046875,40.8851203918457,1.8361544609069824,0.8140440583229065,3.837796211242676
23,23,7671,2006-11-16T15:00:00.000000,20089.58984375,98.64197540283203,1.7304672002792358,0.9154990315437317,4.1595611572265625
24,24,7671,2006-11-16T15:00:00.000000,3588.212158203125,32.96547317504883,1.6055831909179688,0.6973273754119873,3.2874302864074707
25,25,7671,2006-11-16T15:00:00.000000,2148.3896484375,26.619644165039062,1.4827886819839478,0.6993351578712463,3.378587245941162
26,26,7671,2006-11-16T15:00:00.000000,2797.42626953125,28.248512268066406,1.4679114818572998,0.6470922231674194,3.046494483947754
27,27,7671,2006-11-16T15:00:00.000000,3291.345947265625,53.90744400024414,1.4122369289398193,1.1166465282440186,5.002618789672852
28,28,7671,2006-11-16T15:00:00.000000,15878.431640625,115.27499389648438,1.4179543256759644,1.0893374681472778,4.870543003082275
29,29,7671,2006-11-16T15:00:00.000000,3009.002685546875,29.590776443481445,1.5700269937515259,0.6759251356124878,3.3428397178649902
30,30,7671,2006-11-16T15:00:00.000000,2280.517822265625,32.5821418762207,1.5859190225601196,0.8592180609703064,3.8866453170776367
31,31,7671,2006-11-16T15:00:00.000000,14161.875,113.03632354736328,1.4702588319778442,1.1517401933670044,5.359292984008789
32,32,7671,2006-11-16T15:00:00.000000,3916.388427734375,35.85892868041992,1.7413159608840942,0.7561243176460266,3.628708600997925
33,33,7671,2006-11-16T15:00:00.000000,3090.834228515625,31.378572463989258,1.746004581451416,0.7457925081253052,3.6893959045410156
34,34,7671,2006-11-16T15:00:00.000000,2696.739013671875,29.614288330078125,1.6280016899108887,0.7276276350021362,3.4478259086608887
35,35,7671,2006-11-16T15:00:00.000000,2922.90771484375,32.597023010253906,1.7156964540481567,0.7897517681121826,3.5529441833496094
36,36,7671,2006-11-16T15:00:00.000000,3707.40673828125,34.45714569091797,1.6821507215499878,0.733967125415802,3.427351236343384
37,37,7671,2006-11-16T15:00:00.000000,1992.9306640625,24.71071434020996,1.7358238697052002,0.7292762398719788,3.489567518234253
38,38,7671,2006-11-16T15:00:00.000000,3652.10498046875,33.646427154541016,1.653904914855957,0.7160158157348633,3.5423223972320557
39,39,7671,2006-11-16T15:00:00.000000,3321.44873046875,31.345237731933594,1.6863666772842407,0.7062911987304688,3.4952738285064697
40,40,7671,2006-11-16T15:00:00.000000,23959.96875,97.46994018554688,1.636777400970459,0.805605411529541,3.7529478073120117
41,41,7671,2006-11-16T15:00:00.000000,3127.562255859375,31.301788330078125,1.6529537439346313,0.7196088433265686,3.3104429244995117
42,42,7671,2006-11-16T15:00:00.000000,4147.16748046875,37.5101203918457,1.7993006706237793,0.7813121676445007,3.490734100341797
43,43,7671,2006-11-16T15:00:00.000000,2865.05517578125,28.273513793945312,1.5254433155059814,0.652396023273468,3.1841964721679688
44,44,7671,2006-11-16T15:00:00.000000,7040.38720703125,50.45089340209961,1.6730769872665405,0.7777295112609863,3.574348211288452
45,45,7671,2006-11-16T15:00:00.000000,2229.3369140625,33.3505973815918,1.556625247001648,0.8812675476074219,4.06428861618042
46,46,7671,2006-11-16T15:00:00.000000,1935.4112548828125,24.349407196044922,1.678073763847351,0.7169803380966187,3.4963605403900146
47,47,7671,2006-11-16T15:00:00.000000,3159.797607421875,31.97976303100586,1.6872671842575073,0.7389882802963257,3.416663408279419
48,48,7671,2006-11-16T15:00:00.000000,3089.29638671875,51.792564392089844,1.356738567352295,1.0853896141052246,5.037884712219238
49,49,7671,2006-11-16T15:00:00.000000,3322.951416015625,35.88779830932617,1.495381474494934,0.7613087892532349,3.79011607170105
50,50,7671,2006-11-16T15:00:00.000000,3869.138427734375,34.941070556640625,1.7014079093933105,0.7327120304107666,3.442368984222412
51,51,7671,2006-11-16T15:00:00.000000,2949.3583984375,28.681549072265625,1.5499728918075562,0.6575077772140503,3.193293333053589
52,52,7671,2006-11-16T15:00:00.000000,3046.802978515625,50.09107208251953,1.3842980861663818,1.0677090883255005,4.860817909240723
53,53,7671,2006-11-16T15:00:00.000000,3786.54248046875,34.699703216552734,1.6964856386184692,0.7344791293144226,3.537198781967163
54,54,7671,2006-11-16T15:00:00.000000,2882.96826171875,30.90118980407715,1.563981056213379,0.7197322845458984,3.2312538623809814
55,55,7671,2006-11-16T15:00:00.000000,3643.273193359375,33.939884185791016,1.6347670555114746,0.7189396023750305,3.397433042526245
56,56,7671,2006-11-16T15:00:00.000000,3879.45654296875,34.454166412353516,1.7262635231018066,0.7267915606498718,3.4325873851776123
57,57,7671,2006-11-16T15:00:00.000000,2762.579345703125,28.961013793945312,1.6032668352127075,0.6976847648620605,3.3272552490234375
58,58,7671,2006-11-16T15:00:00.000000,3074.07373046875,32.214881896972656,1.670750617980957,0.7510263919830322,3.4609694480895996
59,59,7671,2006-11-16T15:00:00.000000,3581.4873046875,33.286903381347656,1.5939146280288696,0.7022216320037842,3.353726387023926
60,60,7671,2006-11-16T15:00:00.000000,1964.31640625,25.811904907226562,1.7231173515319824,0.7644898891448975,3.6837005615234375
61,61,7671,2006-11-16T15:00:00.000000,3611.70849609375,37.39494323730469,1.567020058631897,0.7789216637611389,3.5303077697753906
62,62,7671,2006-11-16T15:00:00.000000,2979.832763671875,28.82381248474121,1.6000791788101196,0.6679226756095886,3.0162222385406494
63,63,7671,2006-11-16T15:00:00.000000,3258.267822265625,32.808929443359375,1.8281610012054443,0.7771517634391785,3.7179136276245117
64,64,7671,2006-11-16T15:00:00.000000,2623.6083984375,45.01726531982422,1.328813910484314,1.0131218433380127,4.595789909362793
65,65,7671,2006-11-16T15:00:00.000000,3261.506103515625,33.746429443359375,1.4971529245376587,0.7230225801467896,3.567560911178589
66,66,7671,2006-11-16T15:00:00.000000,3691.353515625,34.693748474121094,1.6420085430145264,0.7317220568656921,3.4441776275634766
67,67,7671,2006-11-16T15:00:00.000000,3075.89990234375,49.10148620605469,1.3121416568756104,1.0141422748565674,4.726538181304932
68,68,7671,2006-11-16T15:00:00.000000,12009.2216796875,66.42351531982422,1.7371059656143188,0.798872709274292,4.191073894500732
69,69,7671,2006-11-16T15:00:00.000000,12870.8466796875,88.71965026855469,1.3855468034744263,0.920506477355957,4.210772514343262
70,70,7671,2006-11-16T15:00:00.000000,7822.83056640625,50.48660659790039,1.6771025657653809,0.7392205595970154,3.3005073070526123
71,71,7671,2006-11-16T15:00:00.000000,1850.4307861328125,24.59196662902832,1.741105556488037,0.7543438673019409,3.496554136276245
72,72,7671,2006-11-16T15:00:00.000000,2778.726318359375,47.14405059814453,1.4217675924301147,1.0663954019546509,4.847196578979492
73,73,7671,2006-11-16T15:00:00.000000,20564.79296875,132.82411193847656,1.2773966789245605,1.0468336343765259,4.899335861206055
74,74,7671,2006-11-16T15:00:00.000000,3605.614013671875,33.622615814208984,1.6403717994689941,0.7171550989151001,3.2674219608306885
75,75,7671,2006-11-16T15:00:00.000000,3701.548828125,34.038692474365234,1.6598783731460571,0.7208074331283569,3.413641929626465
76,76,7671,2006-11-16T15:00:00.000000,4890.79345703125,40.22321319580078,1.7320815324783325,0.7569571137428284,3.6821441650390625
77,77,7671,2006-11-16T15:00:00.000000,2663.040771484375,27.993751525878906,1.4093917608261108,0.6440032124519348,3.0785903930664062
78,78,7671,2006-11-16T15:00:00.000000,3931.379150390625,36.938392639160156,1.739474892616272,0.7769885659217834,3.5280630588531494
79,79,7671,2006-11-16T15:00:00.000000,2983.046630859375,50.79523849487305,1.4471780061721802,1.118803858757019,5.199326038360596
80,80,7671,2006-11-16T15:00:00.000000,7776.27490234375,53.43721008300781,1.6936172246932983,0.7886158227920532,3.710200309753418
81,81,7671,2006-11-16T15:00:00.000000,2890.482177734375,27.892858505249023,1.5333411693572998,0.6424321532249451,3.1287174224853516
82,82,7671,2006-11-16T15:00:00.000000,2703.908447265625,32.04702377319336,1.5219428539276123,0.7603104114532471,3.362394094467163
83,83,7671,2006-11-16T15:00:00.000000,1928.29443359375,24.789587020874023,1.7079353332519531,0.7377654314041138,3.5779006481170654
84,84,7671,2006-11-16T15:00:00.000000,2938.086669921875,28.78154754638672,1.6167598962783813,0.6751567125320435,3.3127660751342773
85,85,7671,2006-11-16T15:00:00.000000,3064.20068359375,31.006248474121094,1.6379997730255127,0.7168818116188049,3.3020637035369873
86,86,7671,2006-11-16T15:00:00.000000,4023.344482421875,35.33125305175781,1.8321712017059326,0.7539601922035217,3.7243402004241943
87,87,7671,2006-11-16T15:00:00.000000,3314.86083984375,32.11131286621094,1.8263851404190063,0.7537400126457214,3.6839258670806885
88,88,7671,2006-11-16T15:00:00.000000,2303.041259765625,25.48720359802246,1.6042137145996094,0.6726705431938171,3.1906182765960693
89,89,7671,2006-11-16T15:00:00.000000,3122.358642578125,31.30267906188965,1.7386558055877686,0.7386640310287476,3.5549142360687256
90,90,7671,2006-11-16T15:00:00.000000,1927.35693359375,25.335119247436523,1.7922462224960327,0.7725751399993896,3.495889186859131
91,91,7671,2006-11-16T15:00:00.000000,3094.699462890625,33.82767868041992,1.7140754461288452,0.7961189150810242,3.660154104232788
92,92,7671,2006-11-16T15:00:00.000000,3809.609375,34.28422546386719,1.6485557556152344,0.7131912112236023,3.252692937850952
93,93,7671,2006-11-16T15:00:00.000000,3224.043212890625,32.52946472167969,1.7752597332000732,0.7633213996887207,3.498502492904663
94,94,7671,2006-11-16T15:00:00.000000,2796.224853515625,30.836013793945312,1.5180699825286865,0.7184855341911316,3.5887768268585205
95,95,7671,2006-11-16T15:00:00.000000,2799.22705078125,48.44196319580078,1.384107232093811,1.0771782398223877,4.9496846199035645
96,96,7671,2006-11-16T15:00:00.000000,2289.931396484375,32.86428451538086,1.6327180862426758,0.8775433301925659,4.134285926818848
97,97,7671,2006-11-16T15:00:00.000000,3221.391357421875,32.13333511352539,1.7451633214950562,0.747914731502533,3.5899178981781006
98,98,7671,2006-11-16T15:00:00.000000,2312.757080078125,25.850296020507812,1.6277302503585815,0.6857909560203552,3.1965339183807373
99,99,7671,2006-11-16T15:00:00.000000,3049.348876953125,50.852378845214844,1.3816558122634888,1.0824496746063232,4.981449604034424
100,100,7671,2006-11-16T15:00:00.000000,1604.8460693359375,26.18095588684082,1.3984075784683228,0.772832989692688,3.8066799640655518
101,101,7671,2006-11-16T15:00:00.000000,1800.066650390625,23.21636962890625,1.5811666250228882,0.688079833984375,3.2383110523223877
102,102,7671,2006-11-16T15:00:00.000000,2806.12646484375,28.255657196044922,1.4790680408477783,0.64870285987854,3.0322792530059814
103,103,7671,2006-11-16T15:00:00.000000,2888.225341796875,28.729766845703125,1.535032033920288,0.6623312830924988,3.201566457748413
104,104,7671,2006-11-16T15:00:00.000000,10971.19140625,59.15982437133789,1.7244914770126343,0.7417037487030029,3.6965935230255127
105,105,7671,2006-11-16T15:00:00.000000,11542.71484375,61.604759216308594,1.7530337572097778,0.7591987252235413,3.382937431335449
106,106,7671,2006-11-16T15:00:00.000000,2662.98095703125,30.241071701049805,1.471591591835022,0.7108972072601318,3.6877121925354004
107,107,7671,2006-11-16T15:00:00.000000,3627.257568359375,33.73690414428711,1.5836129188537598,0.7049211859703064,3.3093137741088867
108,108,7671,2006-11-16T15:00:00.000000,3050.2294921875,32.10059356689453,1.7019180059432983,0.7582565546035767,3.5952439308166504
109,109,7671,2006-11-16T15:00:00.000000,3671.114013671875,33.94375228881836,1.6596494913101196,0.7217205166816711,3.368558645248413
110,110,7671,2006-11-16T15:00:00.000000,3230.435302734375,30.352083206176758,1.7160688638687134,0.6995606422424316,3.2370235919952393
111,111,7671,2006-11-16T15:00:00.000000,3079.940185546875,40.2336311340332,1.3419774770736694,0.8398286700248718,3.9016592502593994
112,112,7671,2006-11-16T15:00:00.000000,1026.781982421875,22.800893783569336,1.3686981201171875,0.8324661254882812,3.7076423168182373
113,113,7671,2006-11-16T15:00:00.000000,2875.956787109375,29.8464298248291,1.712156057357788,0.7282372713088989,3.467068672180176
114,114,7671,2006-11-16T15:00:00.000000,3046.583251953125,52.354469299316406,1.3467013835906982,1.100735068321228,4.927271842956543
115,115,7671,2006-11-16T15:00:00.000000,284.93426513671875,11.301785469055176,1.612568974494934,0.850225031375885,3.8986377716064453
116,116,7671,2006-11-16T15:00:00.000000,3448.79248046875,37.32857131958008,1.5212159156799316,0.7839769124984741,3.6176047325134277
117,117,7671,2006-11-16T15:00:00.000000,3194.472900390625,52.83928680419922,1.4053767919540405,1.1082907915115356,4.983576774597168
118,118,7671,2006-11-16T15:00:00.000000,3628.6904296875,33.7038688659668,1.6703687906265259,0.7231209874153137,3.4211604595184326
119,119,7671,2006-11-16T15:00:00.000000,1877.4888916015625,25.43541717529297,1.7150548696517944,0.768757164478302,3.609489917755127
120,120,7671,2006-11-16T15:00:00.000000,3570.035888671875,33.80506134033203,1.5667837858200073,0.7081903219223022,3.301192283630371
121,121,7671,2006-11-16T15:00:00.000000,16320.658203125,75.68421936035156,1.6664372682571411,0.7647702693939209,3.819157361984253
122,122,7671,2006-11-16T15:00:00.000000,3919.05859375,37.316070556640625,1.7158565521240234,0.7808102369308472,3.572139263153076
123,123,7671,2006-11-16T15:00:00.000000,3629.87548828125,33.42440414428711,1.6546838283538818,0.7136337161064148,3.3994131088256836
124,124,7671,2006-11-16T15:00:00.000000,10095.7822265625,66.82469940185547,1.5437885522842407,0.8263441920280457,3.747144937515259
125,125,7671,2006-11-16T15:00:00.000000,6615.13427734375,74.99584197998047,1.4141438007354736,1.09651517868042,4.966513633728027
126,126,7671,2006-11-16T15:00:00.000000,1024.5076904296875,20.55148696899414,1.4974783658981323,0.7857165932655334,3.761995315551758
127,127,7671,2006-11-16T15:00:00.000000,2765.87744140625,48.92500305175781,1.3755321502685547,1.0910627841949463,4.988753795623779
128,128,7671,2006-11-16T15:00:00.000000,3759.3662109375,34.578277587890625,1.73383629322052,0.7425916194915771,3.6299054622650146
129,129,7671,2006-11-16T15:00:00.000000,260.0764465332031,13.838988304138184,1.385163426399231,1.009960412979126,4.4147844314575195
130,130,7671,2006-11-16T15:00:00.000000,2595.70654296875,48.35506057739258,1.5666509866714478,1.1879557371139526,5.291375160217285
131,131,7671,2006-11-16T15:00:00.000000,3047.57958984375,30.48839569091797,1.640600562095642,0.707389235496521,3.4845073223114014
132,132,7671,2006-11-16T15:00:00.000000,2865.392333984375,30.755952835083008,1.5526580810546875,0.7159374356269836,3.5598559379577637
133,133,7671,2006-11-16T15:00:00.000000,3221.203125,53.28243637084961,1.3804477453231812,1.1030242443084717,5.006878852844238
134,134,7671,2006-11-16T15:00:00.000000,3831.279541015625,34.206844329833984,1.732162356376648,0.727336585521698,3.4316344261169434
135,135,7671,2006-11-16T15:00:00.000000,2531.2373046875,35.434226989746094,1.7783210277557373,0.9392077326774597,4.357697486877441
136,136,7671,2006-11-16T15:00:00.000000,7367.9326171875,49.109230041503906,1.6267716884613037,0.7297155261039734,3.532381296157837
0,0,8183,2006-12-07T23:00:00.000000,9526.77734375,55.80744552612305,1.1937025785446167,0.6246938109397888,2.7686305046081543
1,1,8183,2006-12-07T23:00:00.000000,2023.968017578125,22.857738494873047,0.7866073250770569,0.45061996579170227,2.0005292892456055
2,2,8183,2006-12-07T23:00:00.000000,2261.0361328125,24.09404945373535,1.1718478202819824,0.54851895570755,2.473630428314209
3,3,8183,2006-12-07T23:00:00.000000,2323.320068359375,25.166074752807617,0.9808619618415833,0.5170884728431702,2.3468244075775146
4,4,8183,2006-12-07T23:00:00.000000,7143.83203125,48.826194763183594,1.1694220304489136,0.624701976776123,2.816497325897217
5,5,8183,2006-12-07T23:00:00.000000,22089.111328125,82.0470199584961,1.0797628164291382,0.5736380219459534,2.64581298828125
6,6,8183,2006-12-07T23:00:00.000000,2492.156494140625,27.253868103027344,1.367417573928833,0.6383973360061646,2.7044718265533447
7,7,8183,2006-12-07T23:00:00.000000,2440.783935546875,26.399700164794922,1.3192638158798218,0.613762378692627,2.7074131965637207
8,8,8183,2006-12-07T23:00:00.000000,2820.05322265625,28.367563247680664,1.1965359449386597,0.5843273401260376,2.596750497817993
9,9,8183,2006-12-07T23:00:00.000000,2484.419921875,25.991371154785156,1.343433141708374,0.6044003963470459,2.6262876987457275
10,10,8183,2006-12-07T23:00:00.000000,2208.787841796875,24.597322463989258,1.295830488204956,0.5957785844802856,2.621504783630371
11,11,8183,2006-12-07T23:00:00.000000,1018.2850952148438,17.4497013092041,1.3224753141403198,0.6288501024246216,2.6971914768218994
12,12,8183,2006-12-07T23:00:00.000000,2922.01611328125,29.06041717529297,1.2049107551574707,0.5901167988777161,2.6453945636749268
13,13,8183,2006-12-07T23:00:00.000000,2445.1240234375,26.024702072143555,1.2927111387252808,0.5983924269676208,2.576449394226074
14,14,8183,2006-12-07T23:00:00.000000,4216.99951171875,35.96339416503906,1.3196231126785278,0.6361855864524841,2.8674941062927246
15,15,8183,2006-12-07T23:00:00.000000,751.8939208984375,15.684524536132812,1.0900380611419678,0.5971919298171997,2.784005880355835
16,16,8183,2006-12-07T23:00:00.000000,2826.39404296875,28.485416412353516,1.2109450101852417,0.5896148681640625,2.609058141708374
17,17,8183,2006-12-07T23:00:00.000000,2766.375732421875,27.737499237060547,1.270530104637146,0.5944347381591797,2.6092092990875244
18,18,8183,2006-12-07T23:00:00.000000,2450.972412109375,25.9925594329834,1.3459208011627197,0.6091013550758362,2.7180840969085693
19,19,8183,2006-12-07T23:00:00.000000,2627.9111328125,27.577678680419922,1.4272626638412476,0.6426941156387329,2.8187952041625977
20,20,8183,2006-12-07T23:00:00.000000,2512.269287109375,26.385120391845703,1.0795871019363403,0.5469590425491333,2.4352219104766846
21,21,8183,2006-12-07T23:00:00.000000,2852.87353515625,28.777082443237305,1.2058990001678467,0.5916447639465332,2.6799864768981934
22,22,8183,2006-12-07T23:00:00.000000,2733.205322265625,29.747024536132812,1.060850977897644,0.5860498547554016,2.6655423641204834
23,23,8183,2006-12-07T23:00:00.000000,13033.44921875,58.6101188659668,0.9088505506515503,0.48942840099334717,2.228286027908325
24,24,8183,2006-12-07T23:00:00.000000,2664.2841796875,27.402679443359375,1.1918456554412842,0.5795791745185852,2.52288818359375
25,25,8183,2006-12-07T23:00:00.000000,1707.03515625,21.405654907226562,1.1589446067810059,0.5577487349510193,2.496706008911133
26,26,8183,2006-12-07T23:00:00.000000,2450.15478515625,26.537498474121094,1.3478691577911377,0.6224251389503479,2.7254347801208496
27,27,8183,2006-12-07T23:00:00.000000,1962.360107421875,22.404762268066406,0.7766431570053101,0.4457195997238159,2.003697395324707
28,28,8183,2006-12-07T23:00:00.000000,12050.96875,57.9178581237793,0.9322171807289124,0.5094013214111328,2.354022741317749
29,29,8183,2006-12-07T23:00:00.000000,2568.07666015625,27.174699783325195,1.3774532079696655,0.6293601393699646,2.787405252456665
30,30,8183,2006-12-07T23:00:00.000000,1886.5322265625,25.427677154541016,1.2430777549743652,0.652715265750885,2.9658260345458984
31,31,8183,2006-12-07T23:00:00.000000,9339.951171875,51.695831298828125,0.8622285723686218,0.49670034646987915,2.3075015544891357
32,32,8183,2006-12-07T23:00:00.000000,2788.888916015625,28.235715866088867,1.1725009679794312,0.5789483785629272,2.552582025527954
33,33,8183,2006-12-07T23:00:00.000000,2265.875244140625,25.52559471130371,1.1593695878982544,0.5773894190788269,2.5927133560180664
34,34,8183,2006-12-07T23:00:00.000000,2195.835693359375,25.0386905670166,1.3471770286560059,0.6201889514923096,2.7373316287994385
35,35,8183,2006-12-07T23:00:00.000000,2293.721923828125,26.212797164916992,1.2976089715957642,0.6234691143035889,2.7534220218658447
36,36,8183,2006-12-07T23:00:00.000000,2773.315673828125,28.17916488647461,1.206345796585083,0.5877118110656738,2.6571662425994873
37,37,8183,2006-12-07T23:00:00.000000,1511.495361328125,21.058931350708008,1.2194286584854126,0.5981513261795044,2.6469693183898926
38,38,8183,2006-12-07T23:00:00.000000,3018.6904296875,30.170835494995117,1.302786946296692,0.6267794370651245,2.7961695194244385
39,39,8183,2006-12-07T23:00:00.000000,2632.31640625,27.1297607421875,1.3715900182724,0.6192829012870789,2.6965715885162354
40,40,8183,2006-12-07T23:00:00.000000,19184.29296875,76.86488342285156,1.1572810411453247,0.597000241279602,2.72641658782959
41,41,8183,2006-12-07T23:00:00.000000,2371.511474609375,25.0339298248291,1.2207142114639282,0.5679673552513123,2.488501787185669
42,42,8183,2006-12-07T23:00:00.000000,2847.34130859375,28.64315414428711,1.1200716495513916,0.5680989623069763,2.5714833736419678
43,43,8183,2006-12-07T23:00:00.000000,2366.9580078125,25.724109649658203,1.329809546470642,0.6097331047058105,2.62581467628479
44,44,8183,2006-12-07T23:00:00.000000,5258.33740234375,41.62619400024414,1.313822627067566,0.6579771637916565,2.922910213470459
45,45,8183,2006-12-07T23:00:00.000000,1600.7926025390625,22.697324752807617,1.0506377220153809,0.5814784169197083,2.6128287315368652
46,46,8183,2006-12-07T23:00:00.000000,1547.6756591796875,21.48660659790039,1.2492941617965698,0.6104642748832703,2.7729995250701904
47,47,8183,2006-12-07T23:00:00.000000,2299.384521484375,26.42232322692871,1.1572643518447876,0.5927635431289673,2.66032075881958
48,48,8183,2006-12-07T23:00:00.000000,2105.772705078125,22.894346237182617,0.8348626494407654,0.4558584690093994,1.9892996549606323
49,49,8183,2006-12-07T23:00:00.000000,3073.77490234375,30.0190486907959,1.3216056823730469,0.6224606037139893,2.7922375202178955
50,50,8183,2006-12-07T23:00:00.000000,2898.712158203125,28.515478134155273,1.203050136566162,0.580924928188324,2.577270984649658
51,51,8183,2006-12-07T23:00:00.000000,2429.70849609375,26.230058670043945,1.3225234746932983,0.611961305141449,2.6658289432525635
52,52,8183,2006-12-07T23:00:00.000000,2128.806884765625,24.016963958740234,0.8554204702377319,0.48143741488456726,2.169090747833252
53,53,8183,2006-12-07T23:00:00.000000,2792.09033203125,28.4041690826416,1.1691391468048096,0.5812332034111023,2.665590286254883
54,54,8183,2006-12-07T23:00:00.000000,2302.83447265625,25.94047737121582,1.2758264541625977,0.6105797290802002,2.6025850772857666
55,55,8183,2006-12-07T23:00:00.000000,2521.677978515625,26.3151798248291,1.0991133451461792,0.5493924617767334,2.4553937911987305
56,56,8183,2006-12-07T23:00:00.000000,2986.0966796875,29.424108505249023,1.2507712841033936,0.602199375629425,2.774402618408203
57,57,8183,2006-12-07T23:00:00.000000,2178.586669921875,24.666963577270508,1.3463613986968994,0.6132098436355591,2.731722593307495
58,58,8183,2006-12-07T23:00:00.000000,2114.261474609375,25.1276798248291,1.0681401491165161,0.5647901296615601,2.51717209815979
59,59,8183,2006-12-07T23:00:00.000000,2726.783935546875,27.18779754638672,1.2348742485046387,0.5785754919052124,2.597428798675537
60,60,8183,2006-12-07T23:00:00.000000,1482.985595703125,20.70476531982422,1.2013304233551025,0.5892953276634216,2.6880977153778076
61,61,8183,2006-12-07T23:00:00.000000,2617.09765625,27.49196434020996,1.0767695903778076,0.5576441884040833,2.5077903270721436
62,62,8183,2006-12-07T23:00:00.000000,2596.591552734375,26.907442092895508,1.4051134586334229,0.6259307265281677,2.756169080734253
63,63,8183,2006-12-07T23:00:00.000000,2286.697509765625,25.631847381591797,1.1476359367370605,0.5742189884185791,2.627113103866577
64,64,8183,2006-12-07T23:00:00.000000,1913.949951171875,22.652381896972656,0.9022374749183655,0.4918231666088104,2.2631235122680664
65,65,8183,2006-12-07T23:00:00.000000,2915.4501953125,29.37291717529297,1.2648783922195435,0.611812949180603,2.7733709812164307
66,66,8183,2006-12-07T23:00:00.000000,2441.66015625,25.84881019592285,1.0302625894546509,0.5309723615646362,2.355170249938965
67,67,8183,2006-12-07T23:00:00.000000,1910.13623046875,21.92827606201172,0.7384144067764282,0.43114402890205383,1.9812687635421753
68,68,8183,2006-12-07T23:00:00.000000,8528.447265625,52.55685043334961,1.238744854927063,0.6334103941917419,2.774714946746826
69,69,8183,2006-12-07T23:00:00.000000,11065.6552734375,56.600006103515625,1.0964221954345703,0.5633999109268188,2.5230462551116943
70,70,8183,2006-12-07T23:00:00.000000,6516.9033203125,44.375003814697266,1.337284803390503,0.6356669664382935,2.6877427101135254
71,71,8183,2006-12-07T23:00:00.000000,1325.1651611328125,19.826786041259766,1.1519339084625244,0.5845626592636108,2.677281379699707
72,72,8183,2006-12-07T23:00:00.000000,1846.10107421875,21.5985107421875,0.8222833275794983,0.45583418011665344,2.0886383056640625
73,73,8183,2006-12-07T23:00:00.000000,17310.927734375,74.87322235107422,1.0079293251037598,0.5713225603103638,2.57625412940979
74,74,8183,2006-12-07T23:00:00.000000,2516.35791015625,26.253572463989258,1.0686402320861816,0.5410258769989014,2.462251663208008
75,75,8183,2006-12-07T23:00:00.000000,2859.459228515625,28.206253051757812,1.2569146156311035,0.5913659334182739,2.6729490756988525
76,76,8183,2006-12-07T23:00:00.000000,4249.93896484375,36.32083511352539,1.359503984451294,0.6496130228042603,2.9344160556793213
77,77,8183,2006-12-07T23:00:00.000000,2481.685546875,26.389881134033203,1.4170588254928589,0.6306058764457703,2.752765417098999
78,78,8183,2006-12-07T23:00:00.000000,2629.875,27.379167556762695,1.0799928903579712,0.5548340082168579,2.5210928916931152
79,79,8183,2006-12-07T23:00:00.000000,1967.2432861328125,22.5074405670166,0.8698440194129944,0.47327959537506104,2.1253764629364014
80,80,8183,2006-12-07T23:00:00.000000,5703.44189453125,41.757442474365234,1.1226389408111572,0.5858486890792847,2.6707348823547363
81,81,8183,2006-12-07T23:00:00.000000,2439.140625,26.064584732055664,1.3455973863601685,0.6121952533721924,2.7046988010406494
82,82,8183,2006-12-07T23:00:00.000000,2207.55126953125,25.43511962890625,1.2281253337860107,0.5999287962913513,2.5583128929138184
83,83,8183,2006-12-07T23:00:00.000000,1423.4210205078125,19.79494285583496,1.2007758617401123,0.5749346613883972,2.5613811016082764
84,84,8183,2006-12-07T23:00:00.000000,2313.38037109375,25.20595359802246,1.2470271587371826,0.5852178335189819,2.6019651889801025
85,85,8183,2006-12-07T23:00:00.000000,2267.65283203125,25.99970054626465,1.1839324235916138,0.5940780639648438,2.7102673053741455
86,86,8183,2006-12-07T23:00:00.000000,3117.452392578125,30.129465103149414,1.2877240180969238,0.6123544573783875,2.7508749961853027
87,87,8183,2006-12-07T23:00:00.000000,2321.6259765625,26.0598201751709,1.179352045059204,0.5873501300811768,2.6407370567321777
88,88,8183,2006-12-07T23:00:00.000000,1742.694091796875,21.74761962890625,1.1811197996139526,0.5661716461181641,2.5341238975524902
89,89,8183,2006-12-07T23:00:00.000000,2276.330078125,25.777976989746094,1.1583436727523804,0.5815002918243408,2.6709351539611816
90,90,8183,2006-12-07T23:00:00.000000,1376.9249267578125,20.11994171142578,1.1588211059570312,0.5836866497993469,2.643005132675171
91,91,8183,2006-12-07T23:00:00.000000,2353.320068359375,26.68541717529297,1.1628063917160034,0.5931809544563293,2.6399900913238525
92,92,8183,2006-12-07T23:00:00.000000,2735.81005859375,27.69613265991211,1.16692054271698,0.5720009803771973,2.584486246109009
93,93,8183,2006-12-07T23:00:00.000000,2354.708740234375,26.782146453857422,1.1775970458984375,0.598928689956665,2.67162823677063
94,94,8183,2006-12-07T23:00:00.000000,2540.44287109375,27.234819412231445,1.3852286338806152,0.6359611749649048,2.8329122066497803
95,95,8183,2006-12-07T23:00:00.000000,1956.729248046875,22.552976608276367,0.8732330799102783,0.4764348864555359,2.219468593597412
96,96,8183,2006-12-07T23:00:00.000000,1781.7254638671875,24.688692092895508,1.201059103012085,0.6410027146339417,2.979823112487793
97,97,8183,2006-12-07T23:00:00.000000,2051.806884765625,24.208633422851562,1.0256940126419067,0.5412662029266357,2.41898775100708
98,98,8183,2006-12-07T23:00:00.000000,1744.63037109375,21.02113151550293,1.186264991760254,0.5481446981430054,2.4230878353118896
99,99,8183,2006-12-07T23:00:00.000000,2177.332275390625,23.772619247436523,0.8580802083015442,0.4719310998916626,2.138077974319458
100,100,8183,2006-12-07T23:00:00.000000,1584.609375,21.716367721557617,1.3134939670562744,0.6252304911613464,2.81943416595459
101,101,8183,2006-12-07T23:00:00.000000,1513.269775390625,20.910417556762695,1.2351436614990234,0.5973973274230957,2.6657392978668213
102,102,8183,2006-12-07T23:00:00.000000,2425.08837890625,26.18779754638672,1.3980923891067505,0.6287864446640015,2.805337905883789
103,103,8183,2006-12-07T23:00:00.000000,2575.244873046875,26.807140350341797,1.4378471374511719,0.6334285736083984,2.753633737564087
104,104,8183,2006-12-07T23:00:00.000000,8627.2177734375,50.92470169067383,1.2124333381652832,0.6037012338638306,2.785282850265503
105,105,8183,2006-12-07T23:00:00.000000,8821.16015625,51.15237808227539,1.2584593296051025,0.6109738349914551,2.596384286880493
106,106,8183,2006-12-07T23:00:00.000000,2513.009521484375,26.853870391845703,1.4106667041778564,0.6362414956092834,2.8030834197998047
107,107,8183,2006-12-07T23:00:00.000000,2690.95556640625,27.831249237060547,1.170037031173706,0.5803356170654297,2.634483814239502
108,108,8183,2006-12-07T23:00:00.000000,2253.0810546875,25.827678680419922,1.158815860748291,0.5857390761375427,2.719215154647827
109,109,8183,2006-12-07T23:00:00.000000,2589.991455078125,26.619943618774414,1.1204428672790527,0.5536722540855408,2.4487617015838623
110,110,8183,2006-12-07T23:00:00.000000,2278.368408203125,24.347618103027344,1.147068738937378,0.5463101267814636,2.478768825531006
111,111,8183,2006-12-07T23:00:00.000000,2888.338134765625,29.18988037109375,1.1920878887176514,0.5930106043815613,2.700977087020874
112,112,8183,2006-12-07T23:00:00.000000,1022.6260375976562,17.43065643310547,1.3247164487838745,0.627359926700592,2.648667573928833
113,113,8183,2006-12-07T23:00:00.000000,2049.208251953125,24.111608505249023,1.2352267503738403,0.5919792652130127,2.646043300628662
114,114,8183,2006-12-07T23:00:00.000000,1900.0975341796875,22.923215866088867,0.8186290264129639,0.4758073687553406,2.2002439498901367
115,115,8183,2006-12-07T23:00:00.000000,252.00701904296875,8.740476608276367,1.211394190788269,0.6059984564781189,2.695891857147217
116,116,8183,2006-12-07T23:00:00.000000,2650.605224609375,27.84286117553711,1.115760326385498,0.5712506771087646,2.6140358448028564
117,117,8183,2006-12-07T23:00:00.000000,1957.6007080078125,22.013093948364258,0.7728145122528076,0.43737781047821045,1.9900051355361938
118,118,8183,2006-12-07T23:00:00.000000,2828.955322265625,28.553571701049805,1.2336740493774414,0.5962763428688049,2.640786647796631
119,119,8183,2006-12-07T23:00:00.000000,1278.5445556640625,19.54464340209961,1.0694562196731567,0.5652639865875244,2.5582127571105957
120,120,8183,2006-12-07T23:00:00.000000,2685.982421875,27.486309051513672,1.166706919670105,0.5728563666343689,2.5795981884002686
121,121,8183,2006-12-07T23:00:00.000000,12958.0029296875,64.64553833007812,1.3392646312713623,0.6572077870368958,3.00996994972229
122,122,8183,2006-12-07T23:00:00.000000,2898.95947265625,29.325298309326172,1.1359541416168213,0.5804994106292725,2.6507019996643066
123,123,8183,2006-12-07T23:00:00.000000,2786.4326171875,28.202381134033203,1.2107363939285278,0.5878767371177673,2.600513219833374
124,124,8183,2006-12-07T23:00:00.000000,8352.81640625,49.19196701049805,1.1408368349075317,0.5748962759971619,2.577131986618042
125,125,8183,2006-12-07T23:00:00.000000,4991.3291015625,36.57648468017578,0.931617021560669,0.4997037947177887,2.3386266231536865
126,126,8183,2006-12-07T23:00:00.000000,1033.4354248046875,17.468454360961914,1.3894513845443726,0.6405225992202759,2.8870155811309814
127,127,8183,2006-12-07T23:00:00.000000,1782.774169921875,21.60744285583496,0.8161331415176392,0.46231260895729065,2.1740562915802
128,128,8183,2006-12-07T23:00:00.000000,2809.162353515625,28.083038330078125,1.2105810642242432,0.5829786062240601,2.656867504119873
129,129,8183,2006-12-07T23:00:00.000000,173.87583923339844,6.583929061889648,0.7867422699928284,0.44287559390068054,1.997416377067566
130,130,8183,2006-12-07T23:00:00.000000,1789.5921630859375,21.470537185668945,0.9168399572372437,0.4859735369682312,2.210693597793579
131,131,8183,2006-12-07T23:00:00.000000,2377.4990234375,25.963390350341797,1.330173134803772,0.6141229867935181,2.662342071533203
132,132,8183,2006-12-07T23:00:00.000000,2496.6162109375,26.10744285583496,1.3127769231796265,0.5986649990081787,2.6524558067321777
133,133,8183,2006-12-07T23:00:00.000000,1954.3787841796875,22.412202835083008,0.7669554352760315,0.4439818263053894,2.036332368850708
134,134,8183,2006-12-07T23:00:00.000000,3116.66357421875,29.78184700012207,1.3326061964035034,0.615825355052948,2.7520060539245605
135,135,8183,2006-12-07T23:00:00.000000,1493.1297607421875,21.138988494873047,0.9461855292320251,0.5321371555328369,2.4581360816955566
136,136,8183,2006-12-07T23:00:00.000000,6085.40771484375,42.958927154541016,1.241395354270935,0.6135693788528442,2.7891809940338135
