user_id,user_name,windows,mse,std_mse,mae,std_mae,nmse,std_nmse,nmae,std_nmae,mase,std_mase
0,0,34,0.0034670529864396326,0.0041817352276447405,0.019138726255144265,0.01387664435913334,0.7968377663534792,0.9199522655042036,0.3044965758043177,0.17428804082296778,1.0629348728586645,0.6156790389015576
1,1,34,0.001122482281864316,0.0015859745005378633,0.013751226210254519,0.00851817671360675,0.5271417117705021,0.6229363492801038,0.2980272884973708,0.16862806470226308,1.0306170451290466,0.5491560264164532
2,2,34,0.0038474230575101342,0.003322031638778034,0.03750000190099373,0.015795044429783536,0.5804643045891734,0.48241904718870865,0.46155328960979686,0.18751747032720287,1.319056090186624,0.5228574394926524
3,3,34,0.000943295312775744,0.0010104247124639192,0.013660049880854785,0.0068662559051764875,0.7702606473775471,0.6310176672687817,0.40139952762161984,0.19259614278845738,1.181985724498244,0.6515799999076812
4,4,34,0.000831898268268774,0.001383496028699021,0.011108210912960418,0.007208284356010028,0.5424263165058458,0.6384749706725938,0.2999551724642515,0.17562266746448435,1.1269889097003376,0.6670596415336595
5,5,34,0.0020246049155984483,0.002119370130397385,0.018574020113138592,0.010506345426542404,0.47871618416598616,0.5068961593597106,0.28619376328938145,0.16332235708029416,1.093520924448967,0.6401912999847301
6,6,34,0.0018205574443152942,0.0016953969703912837,0.020958456347751266,0.010854454302140236,0.5001975227804745,0.4729316375744718,0.3463260842596783,0.17842278044179788,1.2104424343389624,0.6303162341954321
7,7,34,0.0008885857832330443,0.0008224509360476685,0.014584804830305716,0.006567199546006073,0.3005878380773699,0.26193222209835454,0.269667791093097,0.11689720647509262,0.9163997813182718,0.43238740421820826
8,8,34,0.0005125609386595897,0.00046421978961700333,0.013002206037259278,0.005894934230638312,0.25960003524361286,0.19903525699503702,0.2990682138239636,0.11143396591727978,1.0558879717307932,0.4004355321275062
9,9,34,0.00626887428413337,0.006713725365782099,0.03522855432375389,0.018822111314628315,1.0974658879944508,2.6764801849209503,0.4132428412490031,0.32610703731555485,1.0736480434151257,1.0435568317593413
10,10,34,0.0006649838328752701,0.0007059372162258571,0.013540563981651384,0.007416756367675014,0.5387573760441121,0.5087275668596244,0.3936334011309287,0.2028183396739753,1.0309743723448586,0.5514873433192929
11,11,34,0.0016646058308705345,0.002192853912514954,0.015429534661747953,0.009674417897746382,0.5744481063173974,0.6422935120550977,0.30299727421473055,0.1582880144731697,1.0568054072997148,0.6231939559497268
12,12,34,0.0025691146588274825,0.0025622084840032366,0.020780392895069194,0.010470695665825818,1.2650947328382993,1.8244160202540953,0.44691024633014903,0.2352615067673752,1.271574111545787,0.7737406228455055
13,13,34,0.00048005965051261764,0.0007496937378215496,0.01014509825172889,0.005507141622222424,0.33387029444908395,0.4702405425564497,0.2727925965891165,0.14012503721221847,0.9100897794260698,0.48979838115187285
14,14,34,0.002568764528191155,0.0017882055976247376,0.030526716262102127,0.012253953138865622,0.49342343112563386,0.3432726048368302,0.424721859395504,0.16200810766510876,1.3069189585307066,0.5019494183410388
15,15,34,0.0014560657689477975,0.0016179822884991196,0.01750943681690842,0.010561741950372789,0.6856461135013139,0.6654631929044176,0.39283354339354176,0.19744316380077787,1.1029251884011662,0.5793994093579724
16,16,34,0.0004378340263562731,0.0008263218185609668,0.01052904435645734,0.010266716258042591,0.5645551450331422,0.871265182406126,0.4032781950252898,0.3379681304813764,1.234553276177715,1.0192581416037665
17,17,34,0.0014404915529988049,0.0013263443255019114,0.020025613142506164,0.010544088696676229,0.5113754112492589,0.5132069066250934,0.37527403542224097,0.20684174014568263,1.0508802655865164,0.6239364791453551
18,18,34,0.00044134325494001936,0.00161866319806415,0.009206617949530482,0.00850254489184183,0.5266746525543139,2.0132720834348174,0.3071145592805217,0.2979584263047481,1.1248481606735903,1.0481467458304146
19,19,34,0.002755778426944744,0.004659593906712887,0.018373407409800327,0.014373054058273058,0.6483062457512406,1.1270946653103182,0.2738003739539315,0.22014183774035584,0.9336707307135358,0.6947300818561775
20,20,34,0.00026090165252245405,0.00033650279920234593,0.008945343389367574,0.005406619390573333,0.2859779111767078,0.3016827348743649,0.30250084816532974,0.16968792887888456,1.0618137528791147,0.5868771356667918
21,21,34,0.0022080508723079486,0.002109301850062439,0.02275183899602031,0.012070374061415189,0.607684353914331,0.6742501642715775,0.3708670119590619,0.18051314508824837,1.000253521344241,0.541550395663605
22,22,34,0.00035905619343419164,0.0003449804310938268,0.009611642580506775,0.004438111699964125,0.28796440202688034,0.29878583409144743,0.2703955818844192,0.13696015742906914,0.9336885161259595,0.46361148917763756
23,23,34,0.003238582018050639,0.003235296922843428,0.03377512367168332,0.016386237710519582,0.5483657982857788,0.4829226697491068,0.4460817706935546,0.20258882348756918,1.3195178079254486,0.5770666559903652
24,24,34,0.0016637733578510746,0.0017495989380822558,0.019061152802725488,0.010060297392696073,0.4239975602968651,0.40210370259676725,0.32016682559076476,0.175024116990975,1.0896584111101486,0.6017791338146761
25,25,34,0.0020006089670299414,0.00195823203638976,0.0224544124896912,0.011659732770404458,0.5568218759863692,0.5210946247443388,0.3773377478560981,0.1852996409341332,1.0417203894432854,0.4775289741111881
26,26,34,0.0010174711595241474,0.001246748066058517,0.015748775153256515,0.010385266055369017,0.4660193865351817,0.5108886089710892,0.3417408957200892,0.20756784861851868,1.171934285584618,0.7199943354820717
27,27,34,0.005569712063247072,0.01198147454832106,0.029640442085698906,0.03315117318332809,1.2329691752229872,1.9154915751368788,0.4905282108880141,0.3781487613541171,1.8956779570263975,1.7565881404376804
28,28,34,0.0007380813506321882,0.0009425668474690985,0.014279902282664004,0.009633649797427719,0.5258648711640168,0.5553623423245129,0.40329652301528873,0.2335042210102196,1.2676119655370712,0.7722923429608545
29,29,34,0.0005016647556818926,0.0006544161462889134,0.01097683870124028,0.006666090289177796,0.3391970431651263,0.2499992631984928,0.3269115254721221,0.15173067547187233,0.9886604827993056,0.47224939574679253
30,30,34,0.0013300419396888603,0.0012638489537890373,0.018565564019167247,0.009957065905283755,0.4016911931445493,0.38293271235357046,0.32206375765449863,0.16807057961169589,1.157080916359144,0.597085738892058
31,31,34,0.0021786556913759663,0.002959305806179199,0.022310540107462334,0.016969121591398746,0.5689261538688751,0.6422676856136892,0.3756626853171517,0.2578642502111729,1.204650825875647,0.8340596972583871
32,32,34,0.0008797305612568059,0.0008542946083285976,0.016231495530947167,0.009414553138310187,0.3195353095310138,0.29377921453741945,0.3104664867415148,0.16938551129131807,1.0560271529590382,0.6115343098014127
33,33,34,0.0011171876814093113,0.0010219312977232558,0.01774264737854109,0.00853038220685691,0.5051121705430833,0.4497109631455077,0.3750429433934829,0.17929127404678655,1.1041184129083859,0.5176388256611294
34,34,34,0.0001862810440664308,0.0003153755471028025,0.006291912033167832,0.004089154757806066,0.44197822953848276,0.8302166226269874,0.3068575990550658,0.21344769680754058,1.0355667787439682,0.8277165937279348
35,35,34,0.00016443954097453302,0.00014893708702941864,0.008246078594204257,0.004721463443346125,0.24461378020179622,0.2314168579858164,0.31793028970851617,0.17792169380371578,1.1393815392957014,0.6607985439767439
36,36,34,9.481425298177141e-05,0.00010983265883506691,0.005690073738258113,0.0028313569675764085,0.2726367738317041,0.346544905985306,0.30198317722362633,0.1532893398975292,1.0468548019142712,0.5348503197554839
37,37,34,0.0015835398833801532,0.003341758163010771,0.019306740819421762,0.013171099928097079,0.7489043703741011,1.5726727289931703,0.426475712481667,0.2879165518150429,1.352551625931964,0.9432638359315697
38,38,34,0.00023935419964051535,0.0004140360080451252,0.00839105389519211,0.005299414372372117,0.5707408242365893,0.654115354976649,0.4435657508233014,0.2378952822718004,1.5360426368082272,0.9075212013598778
39,39,34,0.00018688837581200512,0.00020544759996671776,0.007778554035158937,0.004440245079823532,0.2424243884435033,0.26653627395647217,0.2801426366409835,0.15994151803668982,0.9940585042623913,0.5677795189667293
40,40,34,0.00047468998937962595,0.0004383598220612587,0.010831617894034614,0.00700070786827897,0.5571314771933591,0.513834675042538,0.3729474841452697,0.24366422402810842,1.1719934234724325,0.77812087557269
41,41,34,0.0010757340068641283,0.0009953746056364328,0.01439289259724319,0.0079423915578727,0.39515241323148503,0.36670628385460424,0.27367609553039074,0.15364957314781616,1.0265428699991281,0.5693090805700454
42,42,34,0.0001577579793009216,0.00022720572618006296,0.0075484071447349645,0.005943251714769153,0.244891875937088,0.2644516492867189,0.3118644231820808,0.1977695951917925,1.1706303848939783,0.8168503324088292
43,43,34,0.002353841341092073,0.0023814096323134942,0.021319240728831467,0.00971619985131732,0.47246976037893224,0.4901157147676753,0.30207085981965065,0.14600651028774972,1.061487202258671,0.5363280116903681
44,44,34,0.000696652885822272,0.0009682591232514956,0.012599510061965488,0.009244527971096156,0.5305682087097975,0.7820973199597909,0.38870055513346896,0.18088648738531213,1.1230078365872889,0.4843694596067399
45,45,34,0.003665109316256455,0.004264027264594563,0.029872550047002733,0.019354553141534375,1.0136156828307055,1.0849516850321332,0.49984366490560417,0.2626722100022518,1.6520736594410503,0.8648891480663904
46,46,34,0.0015676253998903762,0.003088241081429799,0.01453308855621692,0.013266127285897013,0.30570975812973783,0.38474155597784226,0.25546965123537707,0.14446885729251016,0.9804676630917717,0.6734221247086734
47,47,34,0.0017764664666816208,0.0022735035494474273,0.016206740798866925,0.010489826366230998,0.6198412918978754,0.6744731952940002,0.3107723525780089,0.16538164102306294,1.0838323516004227,0.654789243818819
48,48,34,0.0010058668496426167,0.0011162344131177228,0.016298897550715244,0.007830595077573641,0.6230977543574923,0.5768986093292112,0.4197090049000347,0.17672888386697014,1.175894625046674,0.4870276038419363
49,49,34,0.0006754604005169205,0.0006643053203116687,0.01622794135747587,0.00764432916556533,0.4191994678009959,0.39869373987631584,0.4062587798518293,0.1849436454049248,1.3406476062886856,0.5972944977985922
50,50,34,0.0008565050031714182,0.0013710481728666422,0.012573284829747589,0.009663307391693904,1.3957002053913825,2.4383010181680613,0.47950682241250486,0.27124775705449256,1.5194369151311762,0.8125583544177793
51,51,34,0.0008549129319469691,0.0015650213830622711,0.00995012278230313,0.007067795643791202,0.7953634405070368,1.3240520472764399,0.3359148921992849,0.21501317975227735,1.2061093436444508,0.793001518564186
52,52,34,0.0023062439301129952,0.0023089267036820963,0.0233311281156014,0.01410578789794053,0.5427686932003674,0.4887937824670581,0.36466413582949075,0.20476038794822274,1.036534482065369,0.6003153108599667
53,53,34,0.0012553257223209906,0.004023700764667148,0.011219117858940187,0.013095367494798307,0.4708845792338252,1.1128411770361686,0.3118310360347523,0.20991645053863306,1.1366027339416391,0.7494401922111372
54,54,34,0.000537596388205523,0.0003836834008706469,0.011424387586029136,0.004527424545984516,0.6142055836013135,0.49082649474194073,0.38196175633107915,0.1700646215436886,1.132931930177352,0.6004203653592611
55,55,34,0.005016642439466736,0.00546690969356895,0.04349252611727399,0.021767630640143656,0.5428756168659996,0.4395425826891215,0.4602089440997909,0.18708189015781262,1.3464454193325603,0.554246439931798
56,56,34,0.0038385303303263806,0.004271879083430235,0.044122917769367206,0.027624172699301234,1.4035652986563303,1.1170350272060505,0.8719510948833298,0.4424979598343689,2.1437991349136127,1.4076972558464433
57,57,34,0.0008348328133720048,0.001576147948420517,0.010449387687806259,0.007958677923191501,0.6850412111893734,1.2258553889069246,0.3243255556068,0.22384731778676897,0.993572935461998,0.6712674830536396
58,58,34,0.0014629249926656485,0.0010451413079755872,0.01912487781716182,0.0067361209711712155,0.5622868386699873,0.37653149154896653,0.38212155704112616,0.13160138644493868,1.309380062362727,0.45637207560735654
59,59,34,0.00020130421629507028,0.0002878318056164922,0.008782108064384802,0.005571650739523554,0.21973274823497324,0.3523859105456916,0.2844284218462074,0.19110886827072926,1.073342446676072,0.7933740590535622
60,60,34,0.0007058611521749888,0.000699836267852676,0.01427659358801868,0.006755682042410036,0.4614515010377063,0.44525832420236694,0.36806530308197527,0.1738988501029294,1.279489617137348,0.6230442678628263
61,61,34,0.0024959139592443964,0.0031574076175912825,0.019265809247051093,0.012563867677094274,0.6154034465880078,0.6493987539770885,0.31784816152032686,0.17829704927144452,1.080860551665811,0.6069923807555035
62,62,34,0.0010875207838527037,0.0018198147562746452,0.015415686744210474,0.009962521306519007,0.719402513028506,0.9637438762808349,0.4281428995377877,0.2580838677159039,1.135625982109238,0.768711688841533
63,63,34,0.0009058183826281867,0.0007865949568228458,0.01628664290696821,0.007552178208817179,0.3693784515866462,0.28590834538443255,0.33693863057038365,0.14833604597729866,0.9394374481018852,0.40255239417527583
64,64,34,0.0018382862823166173,0.0027528093774738904,0.01688970611704623,0.011632637634771662,0.5045930978513378,0.7529273565793825,0.28191253652467446,0.19176927851882067,0.95178763042478,0.6507731521353821
65,65,34,0.0002429935658149,0.0007990808664025834,0.005888725610395127,0.004184477888383038,0.3411987960639903,0.6771860176714732,0.27588264578405547,0.14354029272104055,0.9297677541480345,0.4753544282930377
66,66,34,0.0008598116801294964,0.0008911959838449874,0.014538971118300277,0.008046428454399082,0.47896200495169444,0.4341181827427431,0.35623058128882856,0.1529533637406908,1.1414575646905338,0.49147519656482935
67,67,34,0.0022915521647733196,0.002290195669571749,0.019780270303325617,0.010903119244080094,0.6518727411132526,0.621339745538127,0.337483769392266,0.17492227510431108,1.0761511089170681,0.5747387261665846
68,68,34,0.0002684920906738304,0.000342391624334193,0.009695833603687146,0.006075795925326599,0.3030538981068222,0.4458710780625643,0.318242572247982,0.18795000516547067,1.135670945924871,0.6587264986060732
69,69,34,0.006385681221585775,0.006992122748754356,0.038480760882307286,0.02981523008127655,1.2086636270396411,1.6535284064310884,0.5345262283568873,0.36821235829859617,1.763267245801056,1.284127065183233
70,70,34,0.00033023129014295323,0.00038685887879180713,0.008708578839158529,0.004680177870579009,0.39830208101364617,0.4061978070492284,0.3143088671871844,0.15457360676030618,0.9586311780354556,0.4872847185123043
71,71,34,0.0017682811544278486,0.0018106093073562883,0.020328677273081505,0.012807932421747395,0.5133299210985356,0.5302129605913947,0.3451121460427256,0.22221057697685026,1.1183114244657404,0.7476312359012314
72,72,34,8.203800638618893e-05,9.703463838161677e-05,0.0053430148229167305,0.00276827209962789,0.22474104097551284,0.26423621499348704,0.2800573200425681,0.1409350386923859,1.0328366221750485,0.5504305480544258
73,73,34,0.0006935108716895818,0.0008760463967619853,0.012561029658707626,0.00753958322322818,0.41562695691690726,0.5043718356763907,0.325013646746383,0.14828112216551673,1.0060765901032616,0.414457305509972
74,74,34,0.001082981582679649,0.0015149996140980666,0.011797059341059887,0.00788411722653736,0.6034137396388414,0.6285155679703889,0.2921410937081365,0.1635251959729512,1.1073633086155443,0.6368834178362967
75,75,34,0.0007179678812141955,0.0007860629563342282,0.013102819198085106,0.006217413293322761,0.4848920114557533,0.45160698566182894,0.3479147566591992,0.14404222753197476,0.9898088802309597,0.41239627012939734
76,76,34,0.0016544156272121815,0.0013862137300083824,0.019515074515605673,0.00831924463805317,0.44649119362892475,0.36597508926017075,0.3223472220056197,0.1313151433695644,1.1157604333232432,0.46935524524145655
77,77,34,0.0041429150521306675,0.004592826809513353,0.0309258592862855,0.02105226543492904,0.451617708977531,0.46458547977439185,0.3245069410871057,0.20859994222402828,1.4036842523252262,0.9099166451796707
78,78,34,0.00011050395076327892,0.00012243179375125152,0.005335294336820131,0.0033466496680945885,0.37193368364344626,0.39995196042779235,0.3103717265321928,0.19954927397890557,1.068817042690866,0.6889963462883738
79,79,34,0.0018541584748377586,0.0012749311001955348,0.02760943734799238,0.011196268771821285,0.589173458297463,0.42745795182387303,0.4907091036438942,0.19955183777843724,1.2609992377898271,0.5077551176818799
80,80,34,0.00011183997724080709,0.0002671996743190604,0.004975490313132896,0.0036565391360831433,0.7568908963790711,1.924236253647757,0.397736102780875,0.3035984290828252,1.259200689547202,0.9374726203591076
81,81,34,0.0008911077091076603,0.0008409324970009285,0.015109559397815782,0.006899655205622957,0.42347914624192257,0.36849099656983236,0.32616102958426757,0.14182665467949926,1.13271764709669,0.4980500013917788
82,82,34,0.0006156548951206359,0.00043780745130832683,0.013736274928840645,0.005408493440866469,0.4628371149301529,0.30059340571700044,0.37993524113998695,0.1429069405158158,1.030804999610957,0.4115119518329099
83,83,34,0.00011801904743686678,0.0002809761151786777,0.005450000178397578,0.0034556981865318114,0.35747790076386404,0.9231332940399916,0.2915855650516117,0.18559537711298102,1.106793620130595,0.7233485993577788
84,84,34,0.001156663854357355,0.001427129802813111,0.014489829143070999,0.00895814124384266,0.5364817736451241,0.6023174374195337,0.3197123228627093,0.18918166873698827,1.0280322055606281,0.626499620206764
85,85,34,0.0004889518918657011,0.0004717323343610233,0.01404301535940784,0.006144510411677364,0.575637100100079,0.41238410252324226,0.4968086364952957,0.18350437626226976,1.459410127471475,0.536876310679753
86,86,34,0.0012114809925311849,0.0010764399586253826,0.018264093614347717,0.008445512606924136,0.4326563277007902,0.4487439033647623,0.3387206961565158,0.17274317639698095,1.172130723209942,0.6191321817437414
87,87,34,0.002124975765742848,0.0026864559514102894,0.025537868153632563,0.01548960542549561,0.8438854687573278,1.1041278743581577,0.5070192206870107,0.3381465879897246,1.562379010459956,1.2005647363508452
88,88,34,0.0003702485167142346,0.00040426159041609345,0.01080036795396796,0.005082543677341399,0.38911482483586846,0.43077857006577563,0.34792461290079,0.14620109949744192,1.1768462692990023,0.49816654856449794
89,89,34,0.0021690140435085222,0.002582745325157273,0.018571569132344687,0.010840569216930369,0.5152416380451006,0.5152617445732547,0.295833072899019,0.1454232425072137,1.0251513439066269,0.5420711189680889
90,90,34,0.0013660802365741214,0.0015472440691276376,0.018560539506485358,0.011746598711047605,0.6588942535659846,0.7382421456560653,0.41734601601081733,0.2713878660736976,1.3806759837795706,0.9353437832853799
91,91,34,0.0005179279558379837,0.00045699577183137884,0.012354289393817238,0.007345451116509281,0.5871799738858553,0.5260810364349623,0.41622788239927855,0.25632390520682274,1.13587866285268,0.7104706771388151
92,92,34,0.0001299502682072403,0.00020327231283336216,0.006249142283409396,0.004880156275762017,0.3130903446718174,0.4923264791449553,0.3051486650810522,0.24201827761138675,1.1334946383448208,0.9502738351956381
93,93,34,0.0025022139670909382,0.0022381065015150683,0.023349265403607312,0.011773523996708238,0.3766889271655065,0.3324968745446158,0.2889246931847404,0.14658670659660117,0.9588333626880365,0.5263004900636068
94,94,34,0.0004398464085330916,0.0006184243250206837,0.008034313994678943,0.005834252862004587,0.5206942997105858,0.641031352817008,0.28701726829304414,0.18861822473900267,1.075593601254856,0.7014897888050073
95,95,34,0.0015477662492926088,0.001567551471955392,0.018232108573155367,0.011167286711814516,0.45435138372704387,0.46843603623056973,0.31192714655224013,0.19550093234057375,1.3275922589442308,0.8584536440065619
96,96,34,0.0011962429862786153,0.0012917123481950518,0.015400245950064239,0.007695034961929827,0.5648518568452667,0.5660795478999805,0.3412923536756459,0.15394195925654156,1.0992414960089851,0.5076442324382017
97,97,34,0.003555630499677671,0.003556709092363691,0.0207629909958033,0.012421223918942037,0.5109147051184931,0.5197506570367438,0.2461082093855914,0.14676668368315982,1.0246833291123896,0.6441919995184976
98,98,34,0.00292299136366209,0.0030449927384704097,0.02523909370853182,0.01518459175028738,0.5724372600807863,0.6240400168616701,0.34912001232013984,0.21862953650820244,1.305605460615719,0.8569182524130889
99,99,34,0.0002485170574640078,0.0004876086744762077,0.008331005355370614,0.006644342029836112,0.2910726179423578,0.45547868076089454,0.3002382799544755,0.20750782946479474,1.0319466038661844,0.6636572041425817
100,100,34,0.0002797944250002114,0.00038572179118636426,0.007621814051697797,0.004677143158844775,0.3285118264954208,0.4785255256923303,0.2618614286184311,0.14978749775419456,0.9265085701995036,0.5425686222221361
101,101,34,0.0001469887042998487,0.00022712014257189874,0.0067921570598093025,0.004357685471763808,0.21995286936597788,0.32966244039226533,0.2629975273328669,0.16670507836711262,1.0147920873235254,0.6214754503935827
102,102,34,0.00023767688207954052,0.0006740586117436747,0.0072471816161209165,0.003911347362863009,0.4248163757078788,1.2148545446282513,0.30800656623700085,0.15768431025631588,1.0980098501724356,0.5640046787260796
103,103,34,0.0002873144060097676,0.0003121320679034864,0.01000073567197165,0.004751076979634842,0.5062253937563476,0.5839105760361489,0.4175081209224813,0.1969699391791789,1.3032958542599398,0.6187924125192921
104,104,34,0.000985483652638162,0.0012317944178748164,0.013755024588831207,0.007608634115155983,0.43843884459313226,0.5032074872448306,0.2945997583515504,0.15618719349134838,0.9955867156386375,0.5350339952695826
105,105,34,0.0012705777558842195,0.0013455172883341934,0.0164616426507778,0.009730420946034995,0.4954820362412754,0.4804072061017806,0.33500002412235036,0.19305878745811125,1.0335414177354645,0.6758994600094597
106,106,34,0.0006412624979930115,0.0010527111240077286,0.012728309169795145,0.009392823230293617,0.42549872513422193,0.6766793930367533,0.34119075361420126,0.2433590868108271,1.1921344662413877,0.9359647859244812
107,107,34,0.0010537558092062896,0.0008687652992594501,0.01729877502657473,0.008962539981121845,0.5326811921618441,0.4160543996073245,0.3873821602148168,0.1976181025450603,1.1824685133555357,0.5948940913795373
108,108,34,0.0018180223200675648,0.0018995581429643881,0.02083149566041196,0.011296951527784106,0.8814862514024272,0.8087473441171366,0.46870820574900685,0.21111043817579261,1.2968098854317385,0.6142907992434151
109,109,34,0.00247528141741949,0.002698660776301332,0.02190600520492915,0.013765323100952381,0.47155998071984334,0.49246893425964156,0.30526429502403035,0.1947953649803149,1.1469772300299477,0.7531690413112314
110,110,34,0.00040597457580267526,0.00038107787645498515,0.011478431680349304,0.006053424404340376,0.42780149766408343,0.37191688186756977,0.38408174080883756,0.199448877241057,1.2013769886072945,0.6163305413785962
111,111,34,0.00043218662133714296,0.0006396222379233508,0.008739461170454673,0.004276201317352253,0.5055649092092234,0.6928258248683715,0.3102014717810294,0.15432117747764854,0.977084879489506,0.5128734356077415
112,112,34,0.00024129237400462872,0.00029970498829932587,0.00849522084942745,0.004219695123857997,0.39484865196487484,0.3691302848930582,0.35324178153977676,0.167788658606478,1.0681125622461825,0.5080730354615336
113,113,34,0.00015835502489715188,0.00019419248354722487,0.006282353088917101,0.0036897171609473456,0.5487018968800411,0.6802799693621422,0.3750452416784623,0.20464538102919422,1.170202119385495,0.6346461595665978
114,114,34,0.0011100052960340261,0.0013203120877717611,0.013861887773279758,0.007453461545558657,0.4927044483449529,0.5757553707254675,0.29921813002404046,0.1609191028028282,1.0188528720070333,0.5425206702680028
115,115,34,0.0002177118647453239,0.0003865203219703866,0.007093872779103763,0.005689828121346358,0.299922244862982,0.4380813269745443,0.2876794921124683,0.18976218247468063,1.021810530739672,0.6687850492964539
116,116,34,0.0012578003613324493,0.0015119437642195177,0.017186520292478448,0.009192565796203863,0.6536981502876562,0.6794116579753856,0.39939598278964267,0.19056320512950536,1.176299520275172,0.5966884216695831
117,117,34,9.285550232321197e-05,0.00012049782055985018,0.005456495321328368,0.0034909472577220597,0.2707379884908305,0.30311184979779016,0.2949206187006305,0.18691359820134207,1.077684496255482,0.6841405252361432
118,118,34,8.739881247814029e-05,9.977238229757738e-05,0.005559926578665481,0.0029189040315879783,0.34501618026372266,0.38111593389415954,0.3493311107158661,0.1959446752521303,1.2038737500415129,0.6794065549985134
119,119,34,0.0021272179929998376,0.0019494594273296193,0.024495343568132204,0.013399514341564356,0.6142074710086864,0.5635822785868062,0.41634753784712625,0.22573832768963425,1.1430071390726988,0.6591783916621358
120,120,34,0.00044305707216849173,0.00035310646878413386,0.011476470770396511,0.005101222513871107,0.39460004159413714,0.28765595173485925,0.34650228150627194,0.1475281341951358,1.0870622676961563,0.44649751033977314
121,121,34,0.0007822108859994949,0.0008674609636781697,0.013333088266389334,0.006803545828534273,0.4609689938781016,0.5006399129351307,0.33162372208693447,0.15932822696336,0.9417371557039373,0.49549775668633367
122,122,34,0.0009664841998207575,0.000992907172418949,0.015245221295010518,0.007093422954890018,0.43728600245188265,0.45980318519348784,0.32494183454443426,0.1533801235734442,1.050765912322437,0.5279792347298778
123,123,34,0.0016021012447976425,0.0015082981690271535,0.019783579045906663,0.009755335196576658,0.44813899816397357,0.4062132345947816,0.333065246396205,0.162436294106568,1.0021570000578375,0.5008421959175977
124,124,34,0.0009519295518283103,0.0008417930169114954,0.017585784854257807,0.009774816529602916,0.41014067384907427,0.4277487851534363,0.3641104592996485,0.22287680991844605,1.1095275773721582,0.6931788786149464
125,125,34,0.0008147272452761707,0.000777861523483626,0.01550906922613435,0.007808368311709452,0.47604139236842885,0.4017800387871483,0.38188282663331313,0.18217688473891322,1.1712739590336294,0.6305701337035017
126,126,34,0.00015755198921183096,0.00013424946118691417,0.007524509866283659,0.0032249303901650214,0.21383151406531825,0.1930003171252637,0.27595416478374424,0.1244049862860938,0.9260042563957327,0.43767733852733215
127,127,34,0.0009019257412118724,0.001503987723970493,0.014048284878406455,0.012137095661274255,0.7889015552971292,1.1288470404944158,0.44909949074773226,0.33106979668647085,1.220484635409187,0.7930884198327671
128,128,34,0.0010436286275789291,0.0029715014223824455,0.009663848292000373,0.009306523458735814,0.6403256447930985,1.2967122351383722,0.2805917050470324,0.20328227524908385,0.9016705536667038,0.6532042148524082
129,129,34,0.00024728485522353046,0.0005248077870517447,0.008045098179376082,0.004542434802246063,0.3689157405785997,0.8885978760104591,0.30525579917080264,0.17436420771261107,1.1018983029267366,0.649881007792665
130,130,34,0.002303838028370485,0.0023907745699088363,0.02356850536649718,0.013053373691580878,0.48558125255958123,0.4583689112324323,0.3482074597302605,0.1862176557017007,1.2063427374643438,0.6329479065655772
131,131,34,0.002191540252597941,0.0022772592560823444,0.018484559512751943,0.008950149454683056,0.7326967738952268,0.5887897494949118,0.3578513269038761,0.1539942104268705,1.0672870672800963,0.5479698936888775
132,132,34,0.0009394172615001854,0.0010791008238708836,0.019125491024597603,0.011019214140180773,0.47763715980245786,0.5432899179545001,0.4331837257041651,0.24440365887076318,1.3638084907742107,0.9957765304437972
133,133,34,0.0030670141479597936,0.003570489134624546,0.018846201600835603,0.011376384957433719,0.5913620832759667,0.6886675286867608,0.25736267546958785,0.14499422460360165,0.8739893467110746,0.5110566910499313
134,134,34,0.0009503899112881781,0.0021927853490532564,0.009814828843124868,0.010610143546641054,0.82088197343161,1.592903956945442,0.3370645717882058,0.2276614712975687,1.1329593009808485,0.8115781796264646
135,135,34,0.0021293486129519913,0.0015785432686315603,0.028078922508832288,0.011514568959524496,0.4563472704852329,0.32177569389024063,0.41420615332968097,0.1615608622756374,1.2750503052683437,0.5016719956458052
136,136,34,0.00021357487629061593,0.0004679968613392015,0.00844375036403482,0.007382652321578736,0.33458216689691384,0.5129982379471494,0.3538199994055664,0.25946106098459754,1.2583677922101582,0.9121454233112208
137,137,34,0.0009222898540482514,0.0011628781833911376,0.012950490557533853,0.008022420578235922,0.4164992703453583,0.4830313042571289,0.2815249509671155,0.16183307889824858,0.9266591641832801,0.5419650788422171
138,138,34,0.0025185328815817178,0.002372449528036407,0.027314584483118617,0.012407708492121871,0.5582748986780643,0.492115580975335,0.41881391800501766,0.16612314630448827,1.1510331814779955,0.43417143198950964
139,139,34,0.0015915937765385024,0.0013215400863760102,0.019387010512325692,0.010255645579601088,0.3993608251980999,0.34376767373199507,0.3064328105572392,0.16396066288049405,1.1423652566531126,0.6353545961140737
140,140,34,0.000282288196237513,0.0005017336133812404,0.009015196475529057,0.006755056950961956,0.364345121800023,0.5634530894084842,0.35017921030521393,0.21877575148991701,1.1468195757445168,0.6098766404116844
141,141,34,0.0006994584586316384,0.0012036340918243093,0.013074142399572712,0.00861356261677958,0.4109125761041308,0.5642401894643772,0.3261004835367203,0.21179125710159566,1.1512058539425625,0.7351858451560932
142,142,34,0.0004350511086837581,0.0007732611881541829,0.009354902321801466,0.006091012331676127,0.5146644826951053,0.8339326621257649,0.3519781143678462,0.20606991110992895,1.2726592314155662,0.7200460319877795
143,143,34,0.00016245563670856748,0.00014122082805212714,0.008386519627974313,0.004119090870034322,0.3390403024523574,0.3064098333129364,0.3807232883923194,0.19695419932673344,1.2892541420810364,0.67197385945605
144,144,34,0.001003888916088994,0.0010390265621059562,0.015521813868818915,0.008015544311635375,0.46604748349636793,0.4527170921811856,0.3380804291981108,0.17173553538629446,1.1000981427290861,0.5393196204787607
145,145,34,0.000885483023012057,0.0009804349185051403,0.014846814145772335,0.008776042742118526,0.3487230100504616,0.5126867155515905,0.30351254847996373,0.21544637649699122,1.013610360376975,0.7128198334095406
146,146,34,0.0009619633770746398,0.000991748823989893,0.014483088805504581,0.007589882635105081,0.5484174824155429,0.49984318587690135,0.3582572415471077,0.16915232554734314,1.0684678423054077,0.5389884629051588
147,147,34,0.003610150211470147,0.004582166249434121,0.021839706377838466,0.014564215067667934,0.6857942355358425,0.7697871198526426,0.3200322959352942,0.17915768968790183,1.1002284494393013,0.6025726386713209
148,148,34,0.0007951908503802021,0.0010551890342807967,0.012275000226081294,0.007495744552291929,0.5751514105016694,0.7446191453186835,0.33350150944555507,0.20110485622074958,1.0178176243515575,0.6198014629443093
149,149,34,0.001069845393217025,0.0009433458277665352,0.01681850556119838,0.007516333547672687,0.4070066225112361,0.3837166767646577,0.32538386259008856,0.14934875221445584,1.1291375011205673,0.5155086409836167
150,150,34,0.004191170212032054,0.0034714130727381584,0.035612991024904395,0.015168229038958966,0.8545237275607446,0.7215934151489298,0.5028742446618921,0.21120187027216303,1.3625695801833098,0.5428643083296588
151,151,34,0.0011449937125743257,0.0013164739399947846,0.015685539774815824,0.008960386793277956,0.5490493516930762,0.5554582002114493,0.35235268009059567,0.18891443086465534,1.1142777222044327,0.5735272017900567
152,152,34,0.0008974305215708548,0.0010967445945425567,0.014870466212468111,0.008309581217326292,0.5167372609105181,0.6218479215511086,0.3662361053421217,0.18906818798046796,1.1276851699632757,0.5921815150308296
153,153,34,0.0023522885245149477,0.0023597818933548662,0.02096703536260654,0.010053879000279693,1.037799428080154,1.4123764516599513,0.4361415209577364,0.20880326915263167,1.2407432768274755,0.7224253763291054
154,154,34,0.0005355931088000515,0.0006953879064806378,0.010366054107982884,0.00583380014181245,0.4885764794752878,0.5775280800599657,0.3126560478087734,0.15497435358915715,1.1614804469487245,0.6303950342303912
155,155,34,0.0004926200379165547,0.0013742373598627027,0.009368995341527112,0.006721796977694667,0.6599793266505003,1.7120395866103797,0.36219702748691335,0.2673847931175812,1.1197717365096598,0.8429611428922841
156,156,34,0.00023589100276039435,0.00031102789893115723,0.007799510020584635,0.00419014861622557,0.5787722997723476,0.9075937549864094,0.4001297350315487,0.3377072613545007,1.2546234240426737,1.0091860827208041
157,157,34,0.0027525531988751885,0.0024343270544367733,0.032086888054276216,0.016321174758378715,0.750159055871122,0.6923760079335418,0.5253718631232486,0.2479672583560387,1.6335161258192623,0.8086253827671415
158,158,34,0.0013574538845526095,0.0028259416388697702,0.014574877630152246,0.012640423809584493,0.53130256784532,0.794162791368713,0.3087298756136614,0.21887641164739746,0.9891319397617789,0.8065049284593063
159,159,34,0.0005962368636440207,0.0013401711961947814,0.010272181483314317,0.005740353602217723,0.5753200262894526,1.3477013958605426,0.33653342044528795,0.16071441115729102,1.1873451352995985,0.5856219772031941
160,160,34,0.0028361870561853077,0.003403607136412112,0.020783334189806792,0.013783779034552662,0.6739882120095632,0.7860181883633445,0.3256966975681922,0.20881126870154249,1.1000027590814758,0.7102676300510782
161,161,34,0.002738651574712575,0.0025908392073373627,0.023794853183276513,0.011796430264748229,0.753106585210737,0.8470357249365337,0.38878362516269965,0.20819152138006441,1.314903463510906,0.709284814649645
162,162,34,0.0010728559141973486,0.0011349019098956378,0.015498407212469508,0.007643445282840249,0.4585985106361263,0.5189790004549382,0.3188784917926087,0.17034722076253905,1.0475872947889215,0.6077235480710379
163,163,34,0.0010654737956268517,0.0007595430042582043,0.016874387497356272,0.0069931561985001455,0.547434749054339,0.3442364156873182,0.39322684990132556,0.16216589668410766,1.1407068547080546,0.5671697938843638
164,164,34,0.0020705990922151077,0.0017077991555347826,0.024219363297828856,0.012349474751841836,0.7294866004410911,0.6191025026685086,0.4572509566650671,0.18683744504365501,1.195257512962117,0.4879340620041742
165,165,34,0.0003682468920006239,0.0004313013565277727,0.00975012278992354,0.005848863705969088,0.4647029650342815,0.46923681071135015,0.354962582097334,0.21655081586818756,1.2123050014762318,0.711331630728172
166,166,34,0.0008331367459023193,0.0010368683271008642,0.011907966204864137,0.007931934140499473,0.4178890596856089,0.4837818761856966,0.2691325987963116,0.1716060883789559,0.9445569287328159,0.621552359962639
167,167,34,0.0005726654349553642,0.0007378697438525379,0.012575858149348813,0.008271049271029219,0.6391935582437059,0.7486598229567164,0.42688766680657864,0.2800625389980492,1.3041472974068977,0.8314669287917644
168,168,34,0.0053976742894305705,0.006718110095973493,0.03765808979925864,0.02978358489430456,1.2743415498886914,1.3243117272080722,0.6134491288924918,0.37971546077117274,1.638949923655566,1.0140442285680904
169,169,34,0.0012799750648435507,0.0018290284779867141,0.013602451626759242,0.009800195609066089,0.511918934281258,0.6481629623805949,0.28705725577824254,0.17889057823378549,0.8181777649066028,0.5108465292840682
170,170,34,0.0013411166708144318,0.0018666967491795226,0.01661115206148037,0.01001050448257431,1.043036737890147,1.4804356021692817,0.46172470577499447,0.23989257427438193,1.447773782645955,0.8010185841960682
171,171,34,0.004635126274318763,0.0036339980238461658,0.03863063857288045,0.019097651112739786,0.7572698360856842,0.6057125890919871,0.4930674464387052,0.242800658446005,1.3086956143379211,0.6475371968243134
172,172,34,0.0007206569000974175,0.0007631899022281438,0.011901593636995292,0.005360705748404112,0.43016996996148543,0.3987988241308875,0.2939782598439385,0.12002648585142306,0.954034570385428,0.39035588291620993
173,173,34,0.00018154509718763568,0.0001597296070667985,0.008995833484839429,0.003865535687112406,0.12215439369902015,0.12014850882346614,0.23199235910878463,0.09679494480358516,0.886765454621876,0.4007690831166601
174,174,34,0.00019732835302728048,0.0002503916365838768,0.007341544121599701,0.004270860229829388,0.68492096210556,0.8335690217984125,0.4378303352962522,0.3270464378687878,1.3819060816484339,0.9803997170409544
175,175,34,0.000674591371213918,0.0008422174296710574,0.0106138482087237,0.006785194712667317,0.49839369048747945,0.5898506482441117,0.29775019669357466,0.17579460953771822,0.9713077571462182,0.5614365808500272
176,176,34,6.400297879468674e-05,5.9502092862710015e-05,0.004717034482917584,0.002639342554680213,0.23227431567604928,0.217458353219365,0.28404416034326835,0.16025528375609197,1.0944174905033672,0.6199231839161871
177,177,34,0.0020036273533204463,0.0021270014668611924,0.02229178959832472,0.009824680616433216,0.6422057320528171,0.5595335036695352,0.4077356370056377,0.16948557468479283,1.1365693036247702,0.4574192975360406
178,178,34,0.0008965570248298772,0.0012113110008779933,0.014280882643480949,0.008382282252187234,0.6005628585596295,0.6424868595187919,0.3803933414027971,0.22530076269608415,1.1921655579524881,0.6905590056840056
179,179,34,0.00020298244727628653,0.0004178513858435586,0.008171936510788166,0.0065233695992831875,0.44177234150907574,0.9086534853439961,0.38894419372081757,0.2997745220326565,1.3774995216551948,0.9937422094354801
180,180,34,0.004871909031113747,0.007127073093213745,0.03116519609466195,0.027631648537367187,0.49810407118981376,0.5435750081069137,0.3208186830229619,0.22495198588978987,1.2764583304524422,0.805916058942138
181,182,34,0.0014548371575395268,0.0024424602193608576,0.015122059136903024,0.012248358978539703,0.569312312092413,1.2048017664833848,0.33384890679050894,0.24813659580116787,1.2093797742443926,0.8966295720029404
182,183,34,0.00020653966363598183,0.00028901800811500676,0.0073216914640986085,0.004667472895860998,0.4232443318948807,0.5071437907790363,0.34056209904306073,0.18920395961366698,1.143336985479383,0.6338317216147102
183,184,34,0.0002160644173861382,0.0002820092415026451,0.008550980594009161,0.004845386320959471,0.2473446100621539,0.3158330415828601,0.2892560744110276,0.15773340650331655,1.1106405161759432,0.619852837009106
184,185,34,0.0020532320004884455,0.0027818483563368216,0.017301471246516004,0.011774079178581085,0.5193762492717189,0.5540438416481326,0.2933894463760011,0.16363212002183264,0.9938056863406125,0.5601488985615334
185,186,34,0.0006536540211741607,0.0011707605540396961,0.012923039749319501,0.008565020078852795,0.4175926455406143,0.709224597012083,0.32993368475752716,0.21279326273038254,1.079880341887474,0.6990914227106629
186,187,34,0.0038650158406680394,0.005087630678458372,0.022657231071635205,0.017827386148383254,0.4799226746784852,0.6143691348880825,0.2551338836988982,0.19457350765501286,1.1417700722813606,0.9586397111287887
187,188,34,0.0016554050903056015,0.0025173648372649226,0.013571201590821147,0.008744930233462508,0.7098179770743146,0.8090586371202197,0.29943441117511077,0.16460047416581317,0.9454888793475488,0.4939514930703206
188,189,34,0.0025464013591879526,0.0031394407178194734,0.020142892457763937,0.012620410967022341,0.586639994974522,0.5893208330792664,0.3215991135905771,0.1724887061950131,1.1237045443233322,0.6352760200802083
189,190,34,0.0005513057807654738,0.001560626336370824,0.010764828657128793,0.00807512135687636,0.5077515610712854,1.2999654558323421,0.3389149128514178,0.23675466784306623,1.203008358092869,0.8015645252501912
190,191,34,0.0017592627649291365,0.002117006813034829,0.01884178992579965,0.013886612273707369,0.6407336048124468,0.6654707173617016,0.37241031536284613,0.24286248058715942,1.1382294411168379,0.7443945923913236
191,192,34,0.0012039839602681133,0.0015998846690017474,0.014372059417998089,0.009350283768582157,0.46950165319311266,0.5550365756300268,0.2902398449094856,0.17786253602523394,0.9829997569322586,0.6231048924485615
192,193,34,0.0015666033334448858,0.0031248944390513205,0.015538235811297508,0.017353277633141866,0.7110372726011145,0.8980854751026831,0.40297993031494755,0.29108033785428616,1.5087551614817452,1.1624160640391508
193,194,34,0.0012072353501400143,0.0010568289610535736,0.018932353609296328,0.007825751277267083,0.4321986688848804,0.5122149108483299,0.3455161349300076,0.1677886981549881,1.2011459732756895,0.5849037980079395
194,195,34,0.001713477609668831,0.0018429061398327925,0.016970343750846738,0.01067651632565687,0.5007451955393395,0.5049043986979709,0.2930084298200467,0.17776175235250186,1.0006457716226578,0.6105827361324481
195,196,34,0.0024141937766912367,0.0018391302636182295,0.025679534917478177,0.011476695352909004,0.6699602917275008,0.5462187932400552,0.4265047226320295,0.17959596235699532,1.1021873258492525,0.4694331564459119
196,197,34,0.0007583219608959018,0.003602270372292396,0.008048897359164102,0.010710386696382749,0.42210498852107453,0.8814550273832562,0.3050007598803324,0.21389602356663778,1.2292024177663468,1.0314789395486428
197,198,34,0.0029532388320256038,0.0027231870712868356,0.027287868399392155,0.016698130438728708,0.5849340408766532,0.41867216732622764,0.4003564259585212,0.19302893282659594,1.154595716034665,0.5385101016141148
198,199,34,0.00026636074699126766,0.0002878037960595375,0.009726960869396435,0.005245321172575292,0.2715409278376576,0.28054677996622285,0.3134775350199026,0.15090164514025492,1.0485939365975998,0.5025671608952994
199,200,34,0.001190872878449976,0.0009525401648764213,0.016413725885179115,0.008189775606603234,0.3832039177856025,0.2991371809204888,0.2949344886138159,0.14282251511337016,1.090023184523863,0.5380510658065614
200,201,34,0.0011413966518268675,0.0012263565163416802,0.01503799094215912,0.008146777409765119,0.3899533083278905,0.3790132462634606,0.28225555380477624,0.14600068327142152,1.0074894577264786,0.5218004858655673
201,202,34,0.0009907432981622953,0.0008751242190067543,0.01810159399995909,0.007758231475637104,0.3571408600272501,0.30544908516574604,0.34626539489802194,0.1452642719947781,1.104888553128523,0.46829860370253196
202,203,34,0.001565010808810578,0.0015798709740327888,0.019979780211168176,0.0099766629298136,0.4493346031864776,0.4182229828328275,0.34025855406242256,0.1690695641102312,1.0130635245757944,0.49358472876138687
203,204,34,0.00042520128263009505,0.0005971084304035479,0.009379411989357322,0.006791397382251659,0.5561990087632748,0.8676245586670781,0.3422842984471251,0.2805176168282005,1.2258731950731838,1.0737643409533308
204,205,34,0.00039016194516668345,0.001450661825324592,0.007598652268129894,0.0068228105495271646,0.8848177478374804,3.599962274152889,0.3393215600620298,0.3314050919657677,1.2745623080169453,1.1946527665584508
205,206,34,0.0006598788383117233,0.0006282812246991606,0.013291177038541612,0.007173669493619654,0.5400952978388351,0.4957386761599982,0.37951375237282586,0.1999764947748465,1.0373885719215168,0.4892437673274455
206,207,34,0.00044961887413271195,0.0006636541855615983,0.011083701344699982,0.0056379540298399184,0.3247203138547347,0.4554736195671271,0.3073078876032549,0.14504829879815134,1.1016542771283317,0.5549846135924097
207,208,34,0.000998669974879864,0.0011327643610646193,0.016046078848269058,0.01128062211633155,0.6152383639093708,0.8576859620619502,0.40174220852992115,0.28063467647535795,1.2608683679033728,0.8811293766841611
208,209,34,0.0019923713227720276,0.002376122434948634,0.022466544500168634,0.012098182490834898,0.4531366025809856,0.508091990314359,0.3411044984617654,0.18124792736173354,1.166950812234598,0.6214722471379602
209,210,34,0.0008857934699870599,0.001920969586725589,0.011370220742024043,0.008880223314758384,0.6131631091017934,1.182707926733958,0.32410914078354836,0.23038961489685514,0.9689842681674397,0.6667730796602851
210,211,34,0.0015466554650629405,0.0013930837126522816,0.0210868880727931,0.010837834605163339,0.4743512695764794,0.40515797323077607,0.37023580205791135,0.18655507110199074,1.146643586895045,0.5623739678020446
211,212,34,0.0016335340485110303,0.0019262205089533256,0.020651348373469186,0.013929745915782395,0.4521423668381484,0.4752232408752325,0.3467535446671879,0.21606887744385375,1.1223817748181961,0.7103792300947055
212,213,34,0.0005682521112997646,0.0004359445590933724,0.012970098225838122,0.00606460543118463,0.3562066744574729,0.27694952135250145,0.32377375574672923,0.15360072553501444,1.0324206965811111,0.49765211513384894
213,214,34,0.00016306955688057367,0.0002473652911154424,0.006853554164990783,0.0033670482491398937,0.5124248225680169,0.5907441730498335,0.39479196246932535,0.19790494790718505,1.2436343492830502,0.6802352324454056
214,215,34,0.0009567405536338757,0.0026323596019174797,0.011463358179967412,0.013532213298619426,0.8097256081288352,1.2278263604829327,0.44355437192408476,0.3153530270487974,1.347771116915871,0.9713968893213235
215,216,34,0.0020687421953933904,0.0026288424167001286,0.018355760380954426,0.01130240498621781,0.4823869926964535,0.4832620671139125,0.2951429148807245,0.14867944878000774,1.0061841808697756,0.5219834277896443
216,217,34,0.0029524303326444864,0.0027837373084896103,0.02263884854448192,0.012170325754917617,0.4978007446864949,0.5230996079474939,0.2875101338414585,0.16242948173466645,0.9563312469159856,0.555401442265415
217,218,34,0.00037365588544911163,0.0010385782581153954,0.008708823807811475,0.005989150095012275,0.5853683396297342,0.7436732626151207,0.417099547736785,0.25385185542989186,1.2780457717530869,0.7946885237893586
218,219,34,0.004642591036185075,0.004768699411910882,0.03902414304149501,0.019270819436921226,0.6334732838851564,0.6474775588456017,0.45360180954722795,0.21763531381010526,1.3528433740139008,0.6508224055104641
219,220,34,0.0026242282374904094,0.003613822191201001,0.018746078986784116,0.013461279749654994,0.517109480987796,0.7664479694938353,0.26103432750438943,0.19241134182114902,1.0102717503905296,0.772792852344364
220,221,34,0.0019373532529297175,0.002282425479911804,0.019666299648473367,0.012755225329753345,0.632479567792924,0.6635964524268881,0.3704451660023016,0.21776498963408994,1.1787750436102642,0.8354739131980432
221,222,34,0.001531508213327684,0.0017544382638444405,0.018018995644524693,0.010649820510843388,0.5744581769823152,0.6059254387545839,0.3534293921993059,0.20756981226779056,1.1595081336358015,0.6822490103501305
222,223,34,0.00046536232075060764,0.0006802435254531902,0.0093654415481176,0.006106408282124922,0.5924538833308307,0.6558042810776594,0.3650316786678398,0.2189212766302741,1.1952873726978022,0.7614376898265075
223,224,34,0.00042507447095458165,0.0008047697714376133,0.008513235507587738,0.005698005941784151,0.5911251303794629,1.306943129369838,0.3456707506933633,0.196132365470825,1.1161075278240091,0.6262144771301019
224,225,34,0.0046998055010643676,0.006243503724920729,0.028585908085326937,0.018270144740776442,0.648586736060679,0.5989195350133325,0.36000121209551306,0.20784369341784234,1.0385680593111937,0.5968999038291251
225,226,34,0.0027445641811241596,0.0032089431693300197,0.02523443742093685,0.013639989121592653,1.0513047907117974,1.0231020777477389,0.4846346665392904,0.21481081337501917,1.4305989154997993,0.7101615925293967
226,227,34,0.00223262032137855,0.0017330540600759867,0.022899755139780396,0.009088987141234276,0.7819404148441904,0.637466960593049,0.42952340622158613,0.18015425770890586,1.2419625967741013,0.5394124422679227
227,228,34,0.002100908095331654,0.0029087660848545614,0.016861029845826766,0.012143139595235108,0.5210717613260973,0.7071903095255186,0.27842406446442886,0.20000363326936377,1.0404963782605003,0.7714323305686136
228,229,34,0.004476542430518962,0.0038908285127079644,0.03668970729717437,0.01641816371935717,0.7796410923714147,0.6400226724161444,0.48956987919176326,0.20545365768018908,1.3257239653783686,0.5500152069022264
229,230,34,0.004849806808017413,0.0037959864388545585,0.03606066283057718,0.017447448888848263,0.571716774474172,0.4558758918880354,0.3895086411605863,0.18258922201467825,1.3076521710437887,0.6448855958460996
230,231,34,0.001787324014110388,0.001756178345406649,0.01967034341000459,0.009326426680550382,0.7810217379866278,0.840952650786236,0.4170460348181865,0.20707704349074613,1.434695808326497,0.7391949408918111
231,232,34,0.0004363340995309152,0.00036494940111524263,0.011887990499791853,0.005500657857171795,0.47945508985396695,0.38947180272402704,0.39575381007264643,0.16604825533943784,1.047805494245361,0.5250247908366518
232,233,34,0.0026776186974891113,0.0037389861377101195,0.020458456659552586,0.017904896595006756,1.0734516639974625,1.1387815081465078,0.41831317335805474,0.28350528326201746,1.1755729970686577,0.7760334180031262
233,234,34,0.001420785769904101,0.0011010555282879057,0.021233456798226517,0.008473600391561259,0.7170500753118711,0.5452611485863756,0.47729116722064857,0.17180842048026762,1.2920744401567124,0.5973910973057123
234,235,34,0.0023797946887498256,0.0027649315057027453,0.026383088394889936,0.013286442184964527,0.7833093288628494,0.8550849118089501,0.4850543790003833,0.23441259204541773,1.367721478728687,0.7328326425458362
235,236,34,0.0010192930984190111,0.0014135498215161898,0.013346446849241415,0.009387537302121619,0.45134788488640504,0.5551775241413339,0.28940827509059625,0.18816672636625534,0.9701486466562047,0.6637375724357527
236,237,34,0.00036780105068266814,0.0008012058497178674,0.007218995391774704,0.004763604287118417,0.8408204456243444,2.1034546438998314,0.34429770050679936,0.23026395170636083,1.1011210745748352,0.7249066040047485
237,238,34,0.0006100267195613603,0.0009107436083491292,0.010586274904198945,0.005969189785865104,0.4091127031373189,0.4483380648648639,0.28359604407759276,0.1175664621957222,0.7811582916799713,0.3092395954486618
238,239,34,0.0008624964017037521,0.0010277334760148507,0.015555760241113603,0.008299890790579235,0.3718701914391097,0.4882644818867846,0.32043395191431046,0.16684985679406733,1.1024378406650879,0.5858937140879996
239,240,34,0.0008756837395434131,0.0008436448152060302,0.014891544439117698,0.00737477474570369,0.3903686680885799,0.373459672965739,0.3153288033516968,0.15439238087505083,0.9896159180823494,0.5015248757298265
240,241,34,0.002860674483171726,0.003775504532371251,0.017211765146759504,0.012663843075685055,0.7047936802401262,0.7146532883536939,0.3010496554129264,0.17099971411244475,1.052740851745886,0.6057308075401779
241,242,34,0.001066446907369776,0.001692706066571815,0.01634987773757209,0.009410684601153699,0.4288941646433052,0.6520982697628313,0.33459728956222534,0.1799865629817509,1.0748388583169264,0.546158250006651
242,243,34,0.0010772988036264637,0.0010768401607620264,0.017508946708403528,0.011468054593724375,0.5689730716540533,0.6664966274148173,0.40659840843256784,0.30349223526915015,1.4009591731078483,1.0726813500573196
243,244,34,0.004848207790393431,0.009133911493858988,0.026599633589606073,0.03244363086875992,0.9740509766373125,1.794262666510259,0.40498265536392436,0.4183204196381342,1.6456344714936089,1.7784529881623985
244,245,34,0.0016281340969512444,0.0018392711235924225,0.01948210855891161,0.009129195630446717,0.5966590310392135,0.5012648713807774,0.39140070733778615,0.14726347360714168,1.1978902588872349,0.4963867849024627
245,246,34,0.0013137697211705551,0.0014508664817311512,0.014164338566308074,0.007676276695369925,0.4400931208065766,0.4386017622173947,0.2630471396533882,0.13552340131416085,0.8500407294315451,0.47270356435163685
246,247,34,0.0016928289427168613,0.0011298865317225688,0.02546495174550835,0.009974521808361158,0.5616159353624371,0.3506209313717694,0.4653342002454926,0.16941658878450588,1.2200386541731216,0.4501624544335298
247,248,34,0.0009642033084326292,0.0017668644772606875,0.014504534606684875,0.016173486693553472,0.5456201673814041,0.5425348164345891,0.388260279508198,0.26842426276467285,1.0703780361834694,0.6209337250301725
248,249,34,0.0026271237601416513,0.0022151050150959343,0.02792500052601099,0.0130267236265329,0.4629814403460306,0.3386536083489662,0.37821980039863023,0.16032496514177555,1.2929471117608689,0.5493956930445794
249,250,34,0.0013770969179698594,0.0011158438860677448,0.021702451686210492,0.009488007324320567,0.4420821393894799,0.3547653006717631,0.38922591770396514,0.1691268994976605,1.2789134567274767,0.592288822596635
250,251,34,0.0019806760989441127,0.0022774313813457075,0.01753308850011843,0.010271363480383044,0.633530913715196,0.6075829812275313,0.33254241768051596,0.16194108564345133,1.0214735716581345,0.49159845547934794
251,252,34,0.001508820330748088,0.0012457771380165058,0.020825613700949094,0.009893613768888001,0.46076552274034305,0.4037508986181071,0.3621957547524396,0.1689465529450016,1.2869779038078644,0.6171462230878311
252,253,34,0.0009339981387550806,0.0007634586263328637,0.01584178999559406,0.007214203218697303,0.5588938198326265,0.4828959248772786,0.38742948192007404,0.1644169211876776,1.0630258383119808,0.483701687046703
253,254,34,0.0002546530090495815,0.0002982798194956832,0.009090809103594544,0.005554571797248655,0.24886882646858474,0.30075707549650915,0.2854183427989483,0.15890624285543858,0.944601184962427,0.5548004468870341
254,255,34,0.0004401396189517554,0.000624370945791117,0.010946446533232708,0.007567724929787242,0.37414243400973435,0.4771612561977259,0.32578707815093155,0.2091739782760123,0.9752264452331206,0.6299543802719629
255,256,34,0.00035508875793552493,0.0005554208929691928,0.010910784647635677,0.0058385776865958056,0.22553517579046242,0.3560811772843045,0.2738887200898984,0.14652413942059983,1.0106146979857893,0.5766934875909179
256,257,34,0.00033144376405235725,0.00044354683906478614,0.008968382656081197,0.0052827844737918265,0.31780883291845813,0.39475705875992867,0.2849334956091993,0.1558018755306227,0.7935357768745983,0.4059315356715382
257,258,34,0.00045057904912603,0.0008545268071581266,0.010162255060790545,0.006637889847094935,0.5585790142033469,0.582717698496391,0.4261127673089504,0.18568602923997182,1.4384347393232233,0.6064772832015203
258,259,34,0.0011986244991182022,0.001317782624854364,0.014500490608899033,0.00852184155354935,0.4466819097014034,0.4961697208226323,0.2826939472819076,0.15032744817116067,0.8311063620974036,0.4975005048417741
259,260,34,0.0004538740322459489,0.0003695614271582961,0.012171691701309207,0.006001447292601613,0.2609316522036405,0.20282246733285053,0.29484763106002526,0.13759240404401657,0.9302226901054382,0.42865985760916947
260,261,34,0.00032762237678445456,0.00023935844368207714,0.00987573545289171,0.004400812655317718,0.3052078919923481,0.22587550610630108,0.30221012651043777,0.131672603677977,0.9297715197591221,0.4093739856119727
261,262,34,0.0014646895948745248,0.002030799311602976,0.01547855427762603,0.010587823352935443,0.49594167148803964,0.6410204446393086,0.2898032060440849,0.19286559807024858,0.9745321992565604,0.6715403396593378
262,263,34,0.0011355261361278976,0.0019321811987462348,0.010961029733366826,0.008240426391482042,0.6497052234926206,1.157651977814448,0.2672967691631878,0.16714182814963005,0.9081901079591583,0.5926180780699326
263,264,34,0.0030485022113733817,0.002967850605997006,0.029024633496780607,0.016767982286784104,0.7082608823171433,0.635040825229797,0.4479742232052719,0.24241475860541636,1.3311021380564745,0.7367460647885491
264,265,34,0.0002002332382610749,0.00023586466254411318,0.007656863075681031,0.0047759406408084985,0.4077132146476823,0.46320436884958543,0.3503272741594735,0.208253781616844,1.1517273704795277,0.6743905958679259
265,266,34,0.001994805526063668,0.0019954239608790223,0.024967892615891555,0.012322488850224304,0.4538052590454326,0.39570512903531774,0.3799906495739432,0.17165672386842123,1.0851032628732569,0.47636047265153103
266,267,34,0.00019393259251099902,0.0001624901440685235,0.009388603235814063,0.004302309580330493,0.18458179357078144,0.15466232380614317,0.2896488688009627,0.13273478934858968,1.0494023692958496,0.4811009838510381
267,268,34,0.0012652962051534439,0.0015202209559063847,0.0171517160248614,0.012372471770756718,0.5872135559398243,0.5109039997359508,0.3837274022619514,0.2217853456143381,1.2105189737151651,0.7835560248765429
268,269,34,0.002747021815808052,0.004664807159371829,0.01999816280680106,0.016380185484389992,0.9832345952334649,1.7538225280191655,0.39279546128476367,0.31232522223743014,1.2393167825306164,0.984699345582238
269,270,34,0.0018144459101730557,0.0015335701349511962,0.02159534383099526,0.010510489678426865,0.5939499139785767,0.5049294141344202,0.39958008115782456,0.18153777856490355,1.0585195457234102,0.4851955795380981
270,271,34,0.0018797437293388236,0.0019497511213840122,0.02115784359493238,0.013116219815547208,0.570084097356919,0.5875666862906804,0.37111230457530303,0.23438235675243815,1.1225098879898296,0.7410137666632762
271,272,34,0.0001659869624157128,0.00027033790733483346,0.00686029446146944,0.0038206605793740236,0.25819584180820077,0.4388283194379296,0.26733414938344674,0.15045337789214022,0.9515053156544181,0.5464946698050304
272,273,34,0.004119242280841504,0.003759806821124181,0.03117120170089252,0.016723206560591865,0.49447701046900716,0.4003528516413082,0.34847527391770305,0.1672861316563308,0.9875500517732957,0.4830299952825557
273,274,34,0.0012764835848750355,0.0012635051398596972,0.015876348376931512,0.008312757535120646,0.36904619217795487,0.353725844983072,0.2728008154560538,0.13400959442204327,1.000769307508188,0.5002900333426487
274,275,34,0.001307415352344191,0.001537048611239439,0.014868750593022388,0.0088263064384794,0.48254557167563367,0.48300721565831684,0.3001109580783283,0.1483452837152616,0.9654163779581294,0.4679333196639397
275,276,34,0.0014244814911388163,0.0015827947380816678,0.018338235752547487,0.010990608993698333,0.6114689483690787,0.6925852456329723,0.37891104466774883,0.21169380769464163,1.1059226726784426,0.6213964869308531
276,277,34,0.003539303357255823,0.0038816296453036926,0.02424681427724221,0.017019434776729323,0.7242878646425465,1.2286256322326092,0.32563586544026346,0.3092873140808413,1.2661564315066618,1.1610860409596155
277,278,34,0.005206579678462517,0.0055283562821102465,0.032921570449081415,0.023276749404730266,0.48220778842840123,0.5140830731513815,0.31544820767115145,0.21955445795085266,1.400318392935921,0.9845263395953968
278,279,34,0.0027237515085503485,0.003364416957493982,0.02205625070971163,0.014072034300929343,0.6332161654444302,0.755319598639968,0.3397790088373072,0.20909536281630484,1.0985319561818068,0.6893386925926231
279,280,34,0.0002506997625994914,0.00032509699908279683,0.009106617838637355,0.005245745530905307,0.23812406362198732,0.28575277962950785,0.28703036378411684,0.1522176906370507,1.1005855974029093,0.5717037671499368
280,281,34,0.0002840072829177884,0.0002882019314678968,0.008759681847603881,0.004412885689310323,0.4411847673575668,0.47844650143055034,0.3401343927663915,0.1823133946364059,1.1227651089429855,0.6457654487868407
281,282,34,0.0009407487479373177,0.0031619361097584794,0.007501961105256616,0.01013955811159126,0.667623685727663,1.7582373707304537,0.28660276844440136,0.21848757268157173,1.0479244318078547,0.9057186861670732
282,283,34,0.0012039242583876545,0.0015167848027794076,0.017065564362222656,0.010454620095188074,0.6669972076847711,0.6650532447079273,0.4243140010272755,0.21164639288138773,1.3509700815467274,0.718165275872041
283,284,34,0.0013655633982339436,0.0017021261641386653,0.017104902653954923,0.013380616870604392,0.8305865673567442,1.067743669695489,0.42830435844028697,0.3280974165706383,1.3099993300788544,0.9784744041546989
284,285,34,0.0010024653651378363,0.0016115256336699693,0.016098162460633936,0.012933533612544878,0.39652281270965056,0.4637258861039506,0.366539849077954,0.24161869756512466,1.1816280712099636,0.9085495620059468
285,286,34,0.002220997878740651,0.0019003097187721555,0.026139461202546954,0.014777607254753173,0.6086455337045824,0.5039890613247916,0.4485490116126397,0.21853700055330136,1.2116415360394646,0.5178625608848054
286,287,34,0.0024005538490361206,0.0016511466986329775,0.026877328808255056,0.01014734454725475,0.7574637330630246,0.5118270725927706,0.47796160552431555,0.17497471004851295,1.2195050050230587,0.44440517233663795
287,288,34,0.0028601218389881335,0.002826296313219616,0.02838529460132122,0.01964908328165303,0.9450832886950058,1.2628651657920402,0.5030088810359731,0.4343118115024862,1.5092936894472908,1.2715324464621631
288,289,34,0.002552356687374413,0.001778560448615678,0.03224877533776795,0.011996618555803217,0.3918400989735828,0.31101326183822814,0.39762494581587177,0.14651572375742225,1.2589582923580618,0.5005837655870391
289,290,34,0.0010496345385035966,0.0009408155963689603,0.018710049622527817,0.008286515810778461,0.3419913231011699,0.3222514757857014,0.33675021130372496,0.14951484215595573,1.0852387573789148,0.46902171306620954
290,291,34,0.0006622484411041916,0.0008744261932396987,0.011777819147990906,0.007134689342467324,0.34590900144265857,0.4814478445336947,0.26464201707173796,0.1623898630868203,0.9857097062117913,0.6272390779628325
291,292,34,0.001495750080614337,0.0017001478656709379,0.016294608125463128,0.010178705172553487,0.5260931132087374,0.5870669105107267,0.30977632587446885,0.18671677636799586,1.0471709037528318,0.6355497067194715
292,293,34,0.0005570398091496078,0.0005162141231596063,0.01438909354071845,0.007032280778381562,0.3399529945762718,0.3161765783269721,0.3525938343475847,0.17401740899194787,1.1068362812785542,0.5611184943467724
293,294,34,0.0033027355583566103,0.004279316995165548,0.020933578845442218,0.013705553065313026,0.6050355444552705,0.6717203735000818,0.29682233557105064,0.16949843918973675,1.0168583480750812,0.5768758289389354
294,295,34,0.001573747070698814,0.003145257569047178,0.015890564242213526,0.0164627524436738,0.8358573374776718,1.070761647927129,0.4611802321365651,0.32168298422367,1.2731473016388275,0.9857780903300268
295,296,34,0.0005783908924486776,0.0007210055383297827,0.01348774554207921,0.008045251577076494,0.2336466530995334,0.21024470358954123,0.28461646902210574,0.1332266053833996,1.015964150428772,0.5041945114280039
296,297,34,0.0021397253173798913,0.002324693192850789,0.02291286807945546,0.015172166989440954,0.6239404649309376,0.5690613508441702,0.4022250957787037,0.23689330989548432,1.293174291796544,0.786695920086049
297,298,34,0.00200380707739147,0.0028125903918087706,0.020856005673789802,0.01717394030700254,1.0180116551106466,1.7620082101473173,0.4727344760561691,0.3761247060976337,1.3451447863789165,1.2788171333146316
298,299,34,0.0037084607499898135,0.003204848601365715,0.03664902082699187,0.01463305596865369,0.636137489339008,0.5123796275437186,0.48196057668503595,0.18880310426213046,1.295895871870658,0.5797855122800044
299,300,34,0.00048679183211173524,0.0011763506869894823,0.010193750197204816,0.008398854882990808,0.38012752810712247,0.5817244216358362,0.3244444708175519,0.2025964506304399,1.1428912970073082,0.6742929652011358
300,301,34,0.0009629099634714614,0.002844098828147028,0.013739583599518108,0.01578082947128687,0.4765921631923822,0.9217264619505934,0.33714500332579894,0.28252854692605767,1.13825361430645,0.9526855684339169
301,302,34,3.2386091915855906e-05,2.9700175251639308e-05,0.0035535540048252136,0.0016781799546546974,0.1747781152782195,0.15653116280816015,0.2619168883299126,0.12400346322771125,0.9551785675918355,0.45965879423113715
302,303,34,0.0013787753844500164,0.002157576152642088,0.017895711668054846,0.00890556961205784,0.7542733749484315,1.0231746761834233,0.4334726042168982,0.1998672438489332,1.31700881263789,0.6423855186902651
303,304,34,0.002853568262199748,0.003462212553149159,0.022261887761380744,0.013723740037505322,0.5557120911612669,0.5752134872481883,0.32322777610491304,0.20525051003937378,1.1933566673713571,0.729776817647571
304,305,34,0.004208689738708713,0.0039606396465966375,0.02976017228930312,0.01558183663821382,1.2811757001806707,1.0087683213799596,0.52360529715524,0.21063414333079888,1.3022918631048763,0.47120547627274856
305,306,34,0.0007622610849145584,0.0006952658306528164,0.011210539463825305,0.0060177023035912665,0.45674593012560816,0.43421478163159094,0.2671377052936484,0.14451780444099324,1.0661395954735138,0.5917144675357782
306,307,34,0.0005022254726073323,0.001108389343764002,0.011624510287005892,0.01258103482160719,0.4825051144751556,0.7802474392837663,0.3917773670571692,0.334069254578854,1.355973161318723,1.2115804175012486
307,308,34,0.003274796121224747,0.0033766076283462828,0.024057353956296164,0.014719194439774897,0.5475726627251681,0.560900528086089,0.3111378734602648,0.18964229175177727,1.058411018375088,0.6341123571389188
308,309,34,0.00013675821377118528,0.00022043305034685195,0.0072267160251024455,0.0053352276133841825,0.23378923365517573,0.46224303426702273,0.2965092834304361,0.22870212894774322,1.1507153852897531,0.9401702471539144
309,310,34,0.004181474652261172,0.003250477439191359,0.03296666756710585,0.01600724001671252,0.540212776950177,0.36273069212796094,0.3767129305530997,0.15427943794291432,1.1068484292310827,0.45769420359885166
310,311,34,0.0009230082332043607,0.0010273150354282111,0.014607721165863468,0.007174355261635143,0.5629710291019258,0.45754047171088225,0.3766692754100351,0.16079586411985383,1.1378065588719704,0.4876421498168504
311,312,34,0.002910323675143231,0.0023083375750664733,0.03169804000679184,0.011786900797689043,0.5149385278277537,0.35161418247696935,0.4308491883909001,0.13806776834963264,1.186800223939559,0.3408967846048443
312,313,34,0.0004691949995022322,0.0004571805124511193,0.012216789647936821,0.005427229545817065,0.35904387570917606,0.3022181923274078,0.3447282513713135,0.15019300738945984,1.1833974289543487,0.5347601210172557
313,314,34,0.0018933300489687313,0.0022956868312392032,0.018191054299035492,0.012387722456862113,0.5782184498384595,0.8253046058908454,0.33193523151909604,0.23427136124762749,1.1479753694113564,0.9971700603700171
314,315,34,0.0022801179074496544,0.00370250097818397,0.017193995375076637,0.011502039727089327,0.7528618805192631,1.069769089347591,0.3333711608806077,0.30019026368774715,1.1371314683381248,1.122714476937817
315,316,34,0.003612925235168351,0.00318027036593905,0.035604535492465776,0.016338498679131105,0.7202914429499823,0.5927773641330099,0.5080531537532806,0.21090921417925032,1.3370688978363485,0.5192136727801927
316,317,34,0.0022195717242806602,0.004173234506598518,0.02433223121196908,0.017428992771474604,0.6583544836543939,1.1463509382690404,0.4413280105766128,0.2927254462098414,1.3736898916609146,0.9251319205813431
317,318,34,0.004937278159452356,0.004442543627895652,0.04142573631971198,0.01931412951895202,0.7028945680050289,0.6182346759163405,0.4930810003596194,0.2178490283068396,1.4055976692368002,0.6177183328739366
318,319,34,0.0011497951292018544,0.0010650185285045223,0.01646066172158017,0.008616451133102306,0.3460904814522056,0.2981527411294066,0.2891989475225701,0.14561252512312547,1.0364971397554172,0.5528434206556033
319,320,34,0.0025948962720576674,0.0023731654088822635,0.026205148219185716,0.012756786243634917,0.42371519501594934,0.36083886063562004,0.341909498852842,0.15167535438265198,1.242710431709009,0.5594528428025113
320,321,34,0.000267948645641274,0.0007101578381787954,0.006649019799250013,0.0047078505769120385,0.6598304021720063,1.9214001343203653,0.31060272126513366,0.2244819361616343,1.107000295730198,0.7771256513844245
321,322,34,0.001500100355475725,0.001949026764409705,0.013944976018084324,0.008683396362765163,0.46309216616346555,0.5434548483015839,0.2590318638831377,0.14535485452814234,0.8086694588556009,0.48062134780729643
322,323,34,0.0003701684879348142,0.0006341627926461039,0.008250980826286489,0.007956541368428457,0.6210785871919464,0.877806690204389,0.3298972194247386,0.2403625147050399,1.1602486341315157,0.901558396101336
323,324,34,0.00311053149326814,0.00220133580054901,0.03149007416932898,0.0138149298771726,0.6583793955471586,0.46389724439082985,0.45784249419675155,0.1998825376469226,1.2135527729988098,0.5410550364302164
324,325,34,0.0020270454453352347,0.001887773556418296,0.02610110369620516,0.013817523338057528,0.30975178431938677,0.2578245480722375,0.32563112303614616,0.14743507202168263,1.1127214913859087,0.47051558378580366
325,326,34,0.004122943562619826,0.003282108193277602,0.04011666835011805,0.013529316982570507,0.5919371359050274,0.46917796913602905,0.47893330016556906,0.1699072820396969,1.2237744085928972,0.4283176600845923
326,327,34,0.00034626547136774795,0.0005294659488291849,0.010482230610625051,0.008773129940486466,0.381387812551111,0.5245086897335219,0.35490007238353,0.27000788963067945,1.132376851842684,0.7464988702087457
327,328,34,0.0018735649652679807,0.0022221174146025086,0.02000747626537786,0.012362461871485398,0.42849852528203936,0.43638787921362054,0.3085675114656196,0.17049347284309074,1.1258150163818808,0.5672095440156029
328,329,34,0.00299178834166014,0.0042336256898195925,0.033829903264310866,0.026948321178048615,0.5418081877424437,0.7471862185148408,0.4647275470197201,0.3485851018331018,1.4999931296881508,1.0386844266918995
329,330,34,0.0018248375313038088,0.00193822262990125,0.023337377742042437,0.013169223398494403,0.6556303875849527,0.5906105468043376,0.4488172401838443,0.23271388781616248,1.188126853283714,0.614310994372527
330,331,34,0.0027627220874017117,0.0030815912129984785,0.020965197096195293,0.011007444141234066,0.7079255597063285,0.5806994676774111,0.3531031342332854,0.1531114379040873,1.02533979538609,0.4936725210079899
331,332,34,0.0029551453549693046,0.0038897819998974367,0.018132598283152807,0.015584145992819565,0.5105170068974771,0.7334167725769517,0.2575545210172148,0.191644754073273,0.9850988642257803,0.7586141697744576
332,333,34,0.00026814781511026975,0.00033350220203528375,0.009236642392352223,0.005351030968147312,0.2649636626627077,0.33196751233360183,0.29100408952902346,0.17281857413213467,0.9884946556652293,0.5674750605108488
333,334,34,0.003157892021323171,0.002877782142855274,0.03465429057969766,0.015162432746870494,0.5251842592568958,0.4212804673823256,0.44906642244142647,0.17868350611211775,1.2851548247477587,0.48965001761124055
334,335,34,0.0007833666695660213,0.0007731103802469385,0.012441666961154518,0.0057672441947934396,0.4562192806864486,0.49075806229109936,0.29692865163087845,0.13937021822302856,0.958901427247945,0.47233128076883996
335,336,34,0.00015701992864545472,0.00016507262255892636,0.007471323708373615,0.0042983395370747015,0.3584885509027278,0.39638640622472676,0.35742393004543643,0.20298249452083025,1.1330080448704607,0.6368549879132389
336,337,34,0.00025139677959754513,0.00020807461951129484,0.009960907141623251,0.004396706668155816,0.2085244363064275,0.1630577555471009,0.28959012119209065,0.12214655553550523,0.9988602855626274,0.4104862135183056
337,338,34,0.0016222677404584829,0.0019673046535604853,0.020711887860670686,0.011268672487572823,0.6221665059599806,0.7451187934472797,0.39908892464111834,0.22652652499922254,1.2449793123147066,0.6617772432280007
338,339,34,0.0011388191088532468,0.0011675532289827156,0.015387132873429972,0.008932035475230792,0.3535817335633671,0.38249630762501374,0.2705196933273007,0.1601924826663552,1.0645394842414295,0.64860100717974
339,340,34,0.0002797631746836808,0.00039846896767392414,0.008054779500097912,0.0042384385739500175,0.33105575205648646,0.4685147559753938,0.2789267336621004,0.1419982194587549,0.8974858101676492,0.4497827489065212
340,341,34,0.0005352631968194413,0.0015717169824529665,0.008246568853364271,0.007473388569540906,0.41538947135867443,0.8102473704366142,0.3156444886151482,0.19633037668527797,1.135795054190299,0.7169856315192895
341,342,34,0.0016457435153022421,0.0015625147551269912,0.020633701385711047,0.011802947794405858,0.4929794436594581,0.4439520966505118,0.35781099493889246,0.2003429706720117,1.1353318270514994,0.6836904115559156
342,343,34,0.0011529599212414777,0.0014233739420001744,0.014844240456381264,0.010151607006564605,0.37367517309372916,0.4687566598204078,0.2669089397086817,0.1818916381192615,0.9174819343230304,0.6256409356531454
343,344,34,0.0016313211002826017,0.002038268110192892,0.018064215799848383,0.011406807561287403,0.43627976053668294,0.5182409135809576,0.3028506027425037,0.17440561530974522,0.9447417416993309,0.5498235140013538
344,345,34,0.00023842963229767252,0.0003768614894027055,0.008349755121504559,0.0074618714133680404,0.44119128979304256,0.6309507683164417,0.3624940812587738,0.3046408588034597,1.2558143507031834,1.1497218543198289
345,346,34,0.0016136115995965049,0.0010990333336648682,0.021234069197603008,0.0075857119515185655,0.5090427841333782,0.35016585936262357,0.38213931593824835,0.14107667077701336,1.3048536900211782,0.4963502285963475
346,347,34,0.0004632418016466117,0.0007511012795110936,0.01129620136720512,0.0076089601145588395,0.42646861255771534,0.6663626824267606,0.34470728653318744,0.22420787913269316,1.1678279007182402,0.6962069011594614
347,348,34,0.0006960342271828695,0.0008252006452996537,0.013975368319627117,0.007331575122753392,0.36228949450613823,0.43738666321030867,0.322789002867306,0.15913066012662264,1.0472821786123163,0.48356098988835866
348,349,34,0.0008933943933484176,0.0019164374375545091,0.011329412145320983,0.008816871605421545,0.6309357103891671,0.9932408689813409,0.3265183936147129,0.22521173661366709,1.0883228182792664,0.7500278963329685
349,350,34,0.001639707547677544,0.0016196426782965308,0.02141470620956491,0.009546053712962193,0.42968928397578354,0.407727642830909,0.34755927499602823,0.1549853477465571,1.1595530159333174,0.5214592743479814
350,351,34,0.0006848668610259398,0.0007385841569491099,0.012940196580637027,0.0066364115065466285,0.4467506108476835,0.4766793922488127,0.33074188889826045,0.1665466207256832,1.1221897558254355,0.5891351465714287
351,352,34,0.0036777517953476705,0.003179022954899577,0.03083505007602713,0.017398583485400233,0.5825761804247603,0.40270354254183566,0.40769050051184264,0.1800096079218618,1.181399240213282,0.5171765758454246
352,353,34,0.0011972858066442045,0.001626003011633019,0.011874632714727126,0.009416143059907258,1.3803557919283562,4.764414303514754,0.34535299022408095,0.36616493558604246,1.135995803948711,1.2375662731274255
353,354,34,0.002415934763281685,0.0031976228168444803,0.015136152526418515,0.01197168942822035,1.915762027958408,7.146873381123256,0.3356434435528867,0.3532536204472336,1.0980384227107554,1.191587333325968
354,355,34,0.0008764016407868065,0.0013463352502121192,0.013440686661530943,0.008838500888945115,0.569379799095366,0.6376818802742781,0.3620447698323166,0.23350226324171575,1.149372036842739,0.7281774449615899
355,356,34,0.001007865987958212,0.001300115157501115,0.017023652422187084,0.011175660743981738,0.4800982022219721,0.5701085493788327,0.40096720395719304,0.21236291628804269,1.3111475784988964,0.7544904613505743
356,357,34,0.0011301954973532702,0.004969971387904544,0.010743872769286527,0.012251820838621811,1.08328027056311,4.721906225526273,0.33666735953267884,0.37693736359402774,1.2293022450278788,1.3528737287663688
357,358,34,0.00014134822918897364,0.0001446124146338497,0.007513603151036317,0.004323975274061831,0.2564756875474225,0.2741500042692182,0.319258168558864,0.18976601496755036,1.13692576876458,0.6707127995441435
358,359,34,0.0007239719846385175,0.000825733968651369,0.013227574088994195,0.006504631996986785,0.45633102263159614,0.5342854125235137,0.32544416408328447,0.1797176740407953,1.068389776874991,0.6982833817643448
359,360,34,0.0014735071621116197,0.0026917947785100567,0.016940196277573705,0.009932389525082177,0.836298372651286,1.6127208421734331,0.41045091301202774,0.23331894468790076,1.342859371620066,0.7801324890275796
360,361,34,0.0008392491557542063,0.0009935353030113702,0.011406985673067324,0.006895508850363305,0.6149264522006407,0.7203904560917064,0.3144572079181671,0.1848990586233186,1.027502294848947,0.6244446258277412
361,362,34,0.00021706049868525415,0.0002039448073654214,0.008165073622127665,0.003969851261858424,0.2528039329301785,0.2181259598351119,0.2807496534112622,0.12789430143284505,1.0243351231603062,0.47001749638712353
362,363,34,0.0012290097326031707,0.0011998228199915962,0.017262132674017373,0.00918240075752242,0.42756545675151486,0.36150846463957514,0.3440642155268613,0.1432878817865424,1.0945324310485054,0.5161070144947826
363,364,34,0.0025747429073603332,0.004088324662493009,0.022144486305906493,0.014593625227073867,0.5117920758750509,0.9254651494501962,0.30972466398687926,0.21286450978237462,1.0406169856295866,0.7459051959139833
364,365,34,0.0002581676323696978,0.00024519711350369635,0.009675980867434512,0.004684056358210884,0.26378008799956126,0.24381313083451825,0.3115182188065613,0.14827298963578514,1.0452451605130644,0.5216811417475531
365,366,34,0.0038576581301801045,0.004195585626037807,0.030608456855749384,0.01788774101601491,0.5123705635504687,0.5111283883866883,0.35376446343520107,0.19635693735679044,1.1065254036118002,0.6342833379995438
366,367,34,0.0006618482652142763,0.0013173575807806828,0.009931495387504315,0.008776956136199027,0.7152037636979538,1.3273867542041533,0.34970586922238855,0.2839787488802691,1.1410525945179604,0.9211851321829208
367,368,34,0.0006457466044513934,0.0031858398250795817,0.007162500323508592,0.010903078956370793,0.3443453487912741,0.7609298789395114,0.2792960697894587,0.21020310535569864,1.103306204518851,0.9496962470234759
368,369,34,0.0013747991386694862,0.0016769085683971657,0.01565955932635595,0.010371052036170256,0.5164361782098079,0.5233436544766379,0.31128550079815526,0.18613520275194723,1.2111045946093166,0.7676433116553216
369,370,34,0.000492832687086775,0.000730391798873622,0.01022830928045818,0.005501363670442624,1.2455545596997528,2.1442485583687123,0.47267769803019133,0.2538519422486575,1.4929416889653486,0.8052165825185826
370,371,34,0.0003369646428301862,0.0007012252291373669,0.009522181620602222,0.00543205945667309,0.6821943066795083,0.8945686585154509,0.47983844972708645,0.22120302361708633,1.4463718551046707,0.8085238733356387
371,372,34,0.0005797264765372829,0.0012154019639315924,0.011590931728920516,0.006924424684804176,0.4528258591890335,0.8177803950489902,0.3340401691110695,0.18593810438498856,1.0611828153624254,0.5833651463266515
372,373,34,0.0016490889539615156,0.002416486414059044,0.015103922403581879,0.009698766653238886,0.5126992306699428,0.5797382122847711,0.27582523796488256,0.1674103582443241,1.0534858230282278,0.6309842773511563
373,374,34,0.0012001721205545917,0.0011147043764882186,0.015922059305012226,0.008322949360933326,0.3733891715459964,0.36834483067678475,0.2801450867863262,0.14955174636221127,1.0825668424367905,0.5963487140374668
374,375,34,0.0019410130749105627,0.0018898637891468575,0.02055588268729694,0.010993631206985148,0.508775523315896,0.48462603209771493,0.33606785798774047,0.17195900953038873,1.204269744017545,0.6332170443772668
375,376,34,0.001653270493454115,0.0017501288439997428,0.02004730446702417,0.0122727685500323,0.7370867173680488,0.7193145268222978,0.4318271268378286,0.26456640537551435,1.3298423316548853,0.8757692730081008
376,377,34,0.0005709576093241755,0.0006703691470520814,0.013191299352055305,0.009131545444530324,0.42506429922821765,0.4597174350576832,0.36484262434875264,0.2251178295646665,1.1667156828676952,0.7183993012235629
377,378,34,0.0012074346879992791,0.0015623871745247641,0.013854289194568992,0.008328991007130302,0.5143842583741335,0.5009467651104936,0.3079176128787153,0.1448600964269412,1.0476752370595932,0.5072037319839222
378,379,34,0.001273806333729761,0.001317350945799339,0.01616605436977218,0.008369046850044823,0.5258646035457358,0.444659453649295,0.33842481957638965,0.15982491690762424,0.9301255796762073,0.4654499387454871
379,380,34,0.0017580743611581378,0.0014887160731112024,0.020210662158206105,0.008237006492531146,0.8242790387833819,0.7587913741368841,0.43364082934225306,0.1760086336517054,1.2575771685908823,0.5078791737944766
380,381,34,0.0009465540296172121,0.0007100500883766236,0.017900245524395036,0.007987848882388023,0.4316033219151637,0.3364255310700777,0.38087159877314286,0.17262701928117027,1.2259172972510843,0.5646342903638186
381,382,34,0.001535416035895811,0.0017443867629287455,0.017519363243242398,0.008892833273332765,0.5173092961092206,0.581257970374257,0.32565198400441336,0.15348805390974593,0.8890267983078957,0.4398475688039615
382,383,34,0.0005399906250899863,0.0006137918589732463,0.014222181689761141,0.009143469378299875,0.6406415182111018,0.7996911747492113,0.48886630158214006,0.34660707212346703,1.5234553638626547,1.257838961757824
383,384,34,0.0019446923612015193,0.002163977164434949,0.01540698531522032,0.009169366672115428,0.5383520800455966,0.6431615434982267,0.25567766498116884,0.15571868663109156,0.9257476917084526,0.5709306117057179
384,385,34,0.0007974901549834398,0.001678160538143621,0.01405833356822019,0.00981931383554908,0.4615911064012086,0.6905657629881328,0.37788493624504876,0.19912602545436486,1.1578404544030918,0.6284947964082593
385,386,34,0.0005272776675423409,0.0006787897412618169,0.010513112890561494,0.006487698497341956,0.4245116028469056,0.4867218828569565,0.310506033437217,0.18168281010986723,1.0307648523765451,0.6115904129725572
386,387,34,0.0025913071892907334,0.002731142596232534,0.023604779990444726,0.014438226346011081,0.4535136708222768,0.43381811731066094,0.31693874847363024,0.17128683945822068,1.1951763778924942,0.6458117408719695
387,388,34,0.00048503564210691634,0.0007088203908678901,0.010810171781272134,0.005799194364517545,0.4658026662381256,0.5539208029853901,0.37033697108135505,0.16352027033449282,1.3094431459903717,0.6854265612523764
388,389,34,0.0007682448951313478,0.0010024248082500615,0.009638603071353453,0.0061394648873217775,0.5442679635632564,0.5746603358694583,0.267735560917679,0.15843868147019777,0.9381133037454942,0.558282498157287
389,390,34,0.004551704683228095,0.00329833971630937,0.03952475655002191,0.01825776732197764,0.7924429734840113,0.5781804125750997,0.5207635847961202,0.24083870264204116,1.437665194272995,0.7012205975070545
390,391,34,0.004796789023029145,0.004358056371083307,0.03575625103514861,0.017944901318418617,1.1652752745704835,1.253508543185086,0.5246554561616743,0.21402584115650378,1.502625544938971,0.6507787597019773
391,392,34,0.00037071163842483656,0.00047935462811251695,0.010182966087835239,0.007307851554952421,0.4238000199034372,0.5142674326879705,0.35010723769664764,0.23535052774526552,1.2398288854781319,0.8446625695453321
392,393,34,0.0023958874518725413,0.003337677457714287,0.015694975661223427,0.012316724915803372,0.5646673432647196,0.7862188937346146,0.2432747572003042,0.18416091884026778,0.9452537223696709,0.7230803320879846
393,394,34,0.001689038166873883,0.001558874352981112,0.017993382958914426,0.00984048365462049,0.3836087841431008,0.34299023005477614,0.2721746509127757,0.14713768173989036,1.0255228342378842,0.5587226701776069
394,395,34,0.0021632507299834875,0.0021291379769501633,0.018704289625234464,0.011047837037768779,0.4291528366122614,0.4091850124691053,0.2625179340076797,0.1540573104753601,1.02042336323682,0.5960096450344784
395,396,34,0.0007174011187035991,0.0016951524685599267,0.011074510125635081,0.009634171341225092,0.8373481752077008,1.7507073107230762,0.4145210192484014,0.3000696253171097,1.2416104314958347,0.8682156418017328
396,397,34,0.004963143888530527,0.002589291275599137,0.03694375064771842,0.013315958657237306,0.651553327053347,0.4167813052561372,0.4158458650550422,0.1615267793379753,1.2709945966215694,0.5396060746421465
397,398,34,0.0016799984469424304,0.0016189823717064772,0.018417770207366523,0.010433319024999537,0.4531225511694656,0.4353334909914638,0.3033384926178876,0.17344799196863225,1.1126125340952593,0.7143738653652308
398,399,34,0.002855268649000209,0.002716171982034834,0.02839240275652093,0.01497266522315297,0.6354637720676906,0.5588979203663372,0.42689556080628843,0.21133396999339493,1.2532742978895413,0.636980626404748
399,400,34,0.0014796335689799675,0.0021271595035065633,0.014525368344038725,0.009432191644078198,0.8976909390048069,1.0718442654133833,0.42091000386897254,0.21333572265503772,1.4110347602297277,0.779489994765098
400,401,34,0.00224385142834816,0.0022894920510559765,0.023729657658430582,0.011684405899699251,0.5785870609585854,0.5259842954151546,0.3855767144876368,0.17286532554494122,1.0988795319024254,0.528015031523313
401,402,34,0.00343200884954593,0.002583561040478762,0.027408579364418983,0.011906029291368333,0.4848647387698293,0.43455890030544037,0.32061811843339133,0.14343481954628035,0.9317020274260465,0.43726883060185673
402,403,34,0.0024418336699240815,0.003062366150785669,0.019776348914841518,0.012082079542936207,0.5138979799607221,0.5739150500110239,0.2834973447024822,0.16487107226904077,1.091180912712041,0.6597789080761206
403,404,34,0.0015959143696390504,0.0018791588994976215,0.017945466850719908,0.009314064466247824,0.40564176374498534,0.4127389763330499,0.29055675404036746,0.14696572277529418,1.0449565052986145,0.5184761747177307
404,405,34,0.0002720547019420979,0.0007057813668536012,0.007438113125424613,0.0052092821644680485,0.40918349584235864,1.0199114299891012,0.29513051163624315,0.20199039134057722,1.029738394653096,0.6881800674344649
405,406,34,0.015368640148902641,0.008969530492975834,0.07118027240914457,0.02630008433157293,0.7369986978523871,0.5660007916037078,0.47961878820377235,0.19484643270497742,1.51355480446535,0.6529653899725876
406,407,34,0.00023915491552168745,0.0003162061735881222,0.006577328631572206,0.0034073125713055975,0.4196458022822352,0.6580556918647253,0.2725565911215894,0.14068126817003757,0.8928085469147738,0.4918689674095712
407,408,34,0.0003756787918973714,0.0006744477222841736,0.011119240333380945,0.010477383223014312,0.5283483476104105,0.7886751337350263,0.4304952761706184,0.3614475627785588,1.3357958574505413,1.2282414957732162
408,409,34,0.0009623110854590777,0.0013604286711417597,0.015996691811939374,0.01093367232875111,0.3817568555720808,0.4788065067736634,0.32529125548899174,0.21434207579485648,1.1687366090276663,0.771356702531669
409,410,34,0.0007227703740414547,0.0008556375498832132,0.012315809096702757,0.006838613485957276,0.41457834741210237,0.44213236851380494,0.3014197156709783,0.15641689003472384,0.975783142973395,0.5060661098723396
410,411,34,0.00018141424762314486,0.00021110104107380074,0.007684559102498871,0.004380947694437752,0.23672270150307348,0.27324379892931644,0.2781299041474567,0.1570514268344925,0.9552655667066574,0.5327515748433145
411,412,34,0.002962684483731316,0.0032144563071327204,0.02453774621929316,0.015139097725646072,0.5888839753563789,0.586958622150665,0.3527557994512951,0.19540760578073127,1.1577707327464049,0.6754496844800029
412,413,34,0.007210774054649793,0.007425090474914703,0.03309313840616275,0.020880836941046615,0.5338864230605609,0.5156197673283675,0.2961019918541698,0.17554561593392132,1.0716742110602997,0.6086720729355245
413,414,34,0.0001719670165263832,0.0002497513486571056,0.007759558872374541,0.0043609706324571045,0.2979077361524105,0.44623686327937084,0.32249515876173973,0.1787101236425051,1.1365419003893347,0.6261188930944002
414,415,34,0.0001869941236102878,0.00031070214073838264,0.00795661793980638,0.004574017314046286,0.3423145369023961,0.671330323719009,0.33218449485652585,0.19136289889513405,1.1400570974630468,0.6585632366922639
415,416,34,0.0009410142832647954,0.0011152675215859286,0.015999632791670805,0.008828867754551821,0.3653254456379834,0.36311594539221975,0.3218641434522236,0.15882735288940866,1.12285219308208,0.5512365927965841
416,417,34,0.0001266449300922378,0.00015881558228184373,0.006626225713476101,0.004495713965778619,0.30782865628819256,0.36668388472121183,0.3271486761377138,0.21420414009918,1.151051854386049,0.8665752523678462
417,418,34,0.003983105491603483,0.005212423800257515,0.02651531924493611,0.022234802813601566,0.5567317972343195,0.5911757894749632,0.335833798874827,0.22829979189936297,1.4563091844320297,1.0404640911466152
418,419,34,0.0006336765000549563,0.0007394112013972493,0.016208456315593246,0.010462211540933446,0.32198155723402605,0.3938732987767609,0.362522666945177,0.2400684811849046,1.3113971694427378,0.9660785557688905
419,420,34,0.0016888273620519183,0.0018836286550084048,0.01840183882535819,0.009626584885932772,0.40714147193905187,0.4185357132564872,0.2884223329670289,0.15248864764029266,1.0579813552253388,0.5533198599716239
420,421,34,0.0012551816603530931,0.0013387852446148938,0.0162699753213126,0.007788651207740699,0.6194958986495348,0.625435027244121,0.3593651317059994,0.1790741113793406,1.2266082264044706,0.6319028911149112
421,422,34,0.0007615884055934764,0.00141030120583904,0.01258553983643651,0.008167227162154943,0.38244368163320946,0.6379539706120656,0.29513616027200923,0.16868017190153442,0.9271422335330177,0.5162584100878467
422,423,34,0.0005638108760810128,0.0006942911908183573,0.00927451001617181,0.005601626485052866,0.5910523266476744,0.729237550839412,0.3054669407360694,0.18003862111950206,1.0761896976653267,0.6618058867086863
423,424,34,0.0014175571210644727,0.001782548320576395,0.015191912356599727,0.009616902788411718,0.49984096327577443,0.5402366484133675,0.28520334884524345,0.167349699340235,1.0841498962220024,0.668988841142303
424,425,34,0.0004269223302745719,0.000497534290630783,0.010463603238082108,0.007347714413497891,0.4627097779063179,0.4681559986119648,0.3442539791850483,0.22376267773718989,1.2092440391288084,0.9191420656333437
425,426,34,0.0008706093977466747,0.0015480180528757567,0.011439951372962883,0.008691476082731764,0.8257714074159808,1.422460510698665,0.3793161663719836,0.2509303060009713,1.1975887794704998,0.9099897267725242
426,427,34,0.001957952950546956,0.0014525432947880479,0.02609669211704065,0.010201342224841772,0.4584583322353223,0.3538520317200701,0.39884306139805736,0.15110659586290442,1.264557635082918,0.5018374558802797
427,428,34,0.0009216222158958023,0.0011229160220647386,0.013458823887905216,0.00785594264406294,0.619115795721026,0.6608977302038544,0.36662667704855695,0.1924523560263485,1.1444496512413025,0.5987530908136134
428,429,34,0.001251679038592984,0.0008702802864748944,0.020280515268335447,0.008455702353172556,0.4543033798280008,0.3275775994581935,0.3845709207303384,0.1619561227137374,1.2363581990494448,0.5380848760598599
429,430,34,0.004636285115766976,0.004857726807961816,0.026529045405742878,0.019117826257120732,0.824401078704635,0.9798417626242134,0.35039403421037335,0.2792166674530883,1.3627572094692904,1.1604276607260642
430,431,34,0.0016244556611448335,0.0018206379462198867,0.019190196824424407,0.011294673316285593,0.5944601325318217,0.622238634773944,0.36823789709631133,0.221358064724493,1.1710425290991278,0.7052953181832661
431,432,34,0.0007684819127676104,0.0007377474277760915,0.013352941317648134,0.006467559274437906,0.3558728736003532,0.30713599205192066,0.2956576906144619,0.12025025126999916,0.9424063379273695,0.39374808670562544
432,433,34,0.0028525306868901036,0.0023921540501157653,0.029219976434593693,0.012838764828909312,0.6169305334196371,0.40931180076491364,0.44205807675333586,0.17572414090838553,1.2062928010435665,0.5096143601088234
433,434,34,0.0006598810939655831,0.0006946969073965851,0.013245711281128666,0.0063687949831669486,0.40105383914402304,0.40071518402784706,0.3317907364929424,0.1535429925202648,0.9984308849362766,0.44813578376305074
434,435,34,0.0014967322765775915,0.0017065208882800487,0.01676715726909392,0.008080913816642138,0.5852527749889037,0.6725253875014662,0.34089839195503907,0.1633127149065101,0.9743508494952146,0.5048814480927959
435,436,34,0.0011794793724274153,0.001415513030799529,0.013513235758770914,0.008823292260281747,0.48817906912197084,0.5247159620032678,0.2820302475901211,0.17647637496801646,0.9142099776688744,0.5563671613274562
436,437,34,0.002050684488066883,0.0024632522311507925,0.02171446114559384,0.010357627725995005,0.6912239250891349,0.6308408806787944,0.41219916194677353,0.17745274982190548,1.13351108835024,0.5263092466980167
437,438,34,0.0006775551763733828,0.002880125578222622,0.009288970757659306,0.010128596427149656,0.6792850649285623,2.3448448622041216,0.3488061580368701,0.29643981463389774,1.2421580421573974,1.061698188418948
438,439,34,0.000901774591725638,0.0018346623211718117,0.013519853463067728,0.012482160081068417,0.7041984017500106,1.0419558986339659,0.4340686421183979,0.2889772210410735,1.3150699988884085,0.8004600765054875
439,440,34,0.00011783402217534946,0.00010312008898821228,0.007044853067354244,0.003536022145931104,0.12228273151113707,0.09978003428652563,0.22870936288553126,0.1089796020678194,0.9007220846765182,0.4284822949032068
440,441,34,0.00010528228042804745,0.00010664106532749456,0.006243137368822799,0.0034212301148862684,0.18617436870494308,0.19984312882847863,0.2617485317237237,0.14385738107646193,0.9266581552870133,0.5148369133104231
441,442,34,0.0014366604021180298,0.001584008943220416,0.016271078726276755,0.010860587611301343,0.48234830079052377,0.5094568190754288,0.3037949686541277,0.19291074271382053,1.1521212739102982,0.7688691587190059
442,443,34,0.0020124947319238667,0.0019388511572996476,0.02465698607813786,0.014059158219623035,0.5163686777848531,0.42719795259492155,0.3988450436907656,0.20773535644245608,1.2175316214561462,0.6277092844807777
443,444,34,0.0005750373282032396,0.0006691017870189837,0.010683211080236909,0.005968435047835115,0.4298956874100601,0.4657542712237267,0.29247578321134343,0.15646437494638157,1.098172854851274,0.5958588973725755
444,445,34,0.0031408534147404307,0.0033429415500448945,0.0267912998165497,0.013985640607813385,0.5185738290139639,0.5833238570027592,0.342747968785903,0.16891987325422858,1.1310042633729822,0.5889507001284859
445,446,34,0.002333323383294662,0.0023683313342306397,0.026049755910849747,0.0170149473566413,0.5892782558084411,0.5754466910297896,0.4251428066807635,0.25245134437340344,1.236141141723184,0.8481735736094139
446,447,34,0.0017119341881719746,0.0020213114942733714,0.01777328473433633,0.011183281013486106,0.5816021456985789,0.6799995865068383,0.3540711874032722,0.17678119092222666,1.2263791455942041,0.7560082204728836
447,448,34,0.003187618767055135,0.0037302545624374804,0.02785857890129966,0.019345765278851384,0.5589404047795516,0.6519518178503024,0.3704528863377431,0.2542919317006183,1.2718151150380863,0.948677380419232
448,449,34,0.0015209809617932907,0.001681050975024596,0.019074020017048016,0.011103677388257696,1.0465131758109611,1.311685737926295,0.5014529802343425,0.2811364090489514,1.4617198512834662,0.8228317182315658
449,450,34,0.00028589230183730677,0.000357182835828126,0.010023162152399035,0.005615749346336695,0.30430091731250286,0.39783569222638715,0.3258377092287821,0.18938344121550846,1.1619705137084513,0.7392622047000337
450,451,34,0.00044623330882131995,0.000771741751605141,0.010541176663109046,0.005842722118676673,0.5263036874068134,0.7152547576176763,0.3820680195794386,0.19691283604040266,1.1383199139552957,0.5798437695140501
451,452,34,0.000558374393329038,0.0006526811339249269,0.013600122854661416,0.007207042599588679,0.24636989667573395,0.22312384818197933,0.29561471851433024,0.12753011089134203,1.0385689525043262,0.462390241236574
452,453,34,0.0006720846291660992,0.0010104630741747669,0.010585171923808315,0.006084972578939834,0.5622340373366195,0.787217283236915,0.32473238973933105,0.17028947732770613,1.111297601724372,0.6149094690249027
453,454,34,0.000851736393676273,0.0014611979240380124,0.014111887643058948,0.010107271614193301,0.6392570929053951,1.0412180531533943,0.3908911809763488,0.2726592949999527,1.3561560660600662,0.9519857707542785
454,455,34,0.0012127181588071194,0.001358397146684121,0.015435049337718417,0.009275657877658721,0.3712301201954046,0.4014773297915147,0.2754712249426281,0.1583676501798342,1.0325831297565908,0.6071236166102062
455,456,34,0.0013027703399155358,0.0017232799011221193,0.01564362772521289,0.010571087072155936,0.56649016986108,0.6863843458167458,0.32424556025687384,0.21435879015498316,1.1808530065943212,0.7813584386303243
456,457,34,0.0007156149833249134,0.0009394803194740812,0.016226593432400155,0.008815160556918661,0.31692160600248503,0.233577479058944,0.3664068093194681,0.1669664709365016,1.1718919434968162,0.5513020906442558
457,458,34,0.0008404117594610023,0.0009212351456548751,0.014693382812444778,0.007654278493584825,0.3337717713130748,0.30171855011197024,0.2998492573114002,0.13804644595724208,1.0328521737281013,0.49297646826416025
458,459,34,0.0021399182542689446,0.0018242190391462576,0.0233588241150274,0.011450899845948433,0.47937665715375366,0.41974369552232466,0.35079949831261353,0.16780395626186614,1.2782071092549492,0.6143289282900168
459,460,34,0.0024706363705771606,0.0028468116841987193,0.019750001078457844,0.010787993391740141,0.7923801979392439,0.8231834646946117,0.37139026124906893,0.20108251246026088,1.0800664992455173,0.6008451442464423
460,461,34,0.002074878895013278,0.002084978554573398,0.02200588277842411,0.013794042878753434,0.4972336812437895,0.49897798973001467,0.34047764123362656,0.2167592016310059,1.1172603298636044,0.7206303084266295
461,462,34,0.00014365278803672802,0.00018347529603155813,0.00565588240073446,0.0031767660170419418,0.314996963394258,0.3185993530279087,0.2765279567855246,0.1374068926787822,0.7612404187812525,0.3785874805108164
462,463,34,0.0013079488228814786,0.0015922078380216998,0.01597254943814786,0.007749922044474545,0.4833516590297222,0.5693210652024454,0.31193430130096045,0.16902724454414564,1.0173682509099735,0.5880627387032834
463,464,34,0.001579452503419281,0.0028595961426508974,0.01561041739221443,0.011559507819299287,0.8592299376340473,1.5457551649345542,0.3671821170650861,0.27119023503122364,1.0779542169150185,0.778813895512716
464,465,34,0.0005618849234665771,0.0007520160639775853,0.01011973073678639,0.006481828163130119,0.3647024145568995,0.4246954798344337,0.26841794633690047,0.1409346613558058,0.7992153921548057,0.48151763322902186
465,466,34,0.0019507472371675678,0.0020354204145127948,0.023894240559243104,0.012376358115283221,0.5324772898217335,0.5309745088870333,0.3979531116783619,0.19193924864096143,1.1498797167749966,0.5384025852556574
466,467,34,0.0024626819904369768,0.0027170147834325456,0.022462623262339654,0.014186186936483903,0.7410787558456993,0.6954784328606031,0.40556392051717816,0.2492963579217934,1.3084739652626656,0.7903071105128164
467,468,34,0.0011682055213468095,0.0014547204700314218,0.01838529492071008,0.011302857432739745,0.4349017889129327,0.5571340830803889,0.3569257805014358,0.21839972525903126,1.2528798466219622,0.8067020464303385
468,469,34,0.002006193079817903,0.002008321779566011,0.021066544563783443,0.012868153325286348,0.6289293334052405,0.5652365046369653,0.3846097996129709,0.21255439394139589,1.17528588500093,0.6348442311733016
469,470,34,0.003579726990317474,0.004045311574988413,0.024830515085555175,0.014327281875213338,0.5063493448884829,0.808400186334325,0.2731917390928549,0.18618133808933127,0.9969171005136827,0.6480275496514922
470,471,34,0.0012048419829464845,0.0012129459079397661,0.017758824533837682,0.008115665627583127,0.5188035674612311,0.4826527276953271,0.3751300625941333,0.15572710600906114,1.1660308487275068,0.4816375146810928
471,472,34,0.0001496712811250986,0.00016185701786661428,0.008001470866421348,0.004924496146018143,0.24318244215101004,0.2098843752912466,0.3308126862873049,0.14556429669822518,1.0221239836776959,0.47562414844914513
472,473,34,0.0026784261392415777,0.001976531172804003,0.030107476748526096,0.013476964739570734,0.3924871426733101,0.2901585403637667,0.3647151177420336,0.1589676510513704,1.233366937321775,0.5180582580027228
473,474,34,0.0004537680092385819,0.0005977523187177716,0.010288970784612876,0.00600180779626374,0.4179741518900675,0.509298083133844,0.31807393514934706,0.17415336712699717,0.9729118285810247,0.5156809478152808
474,475,34,0.005393452813972116,0.0044402642160778286,0.04119019749957849,0.022348308592615544,0.7228230623090092,0.5488132410560252,0.4834840050076737,0.2366202438472615,1.40835361708613,0.7025493371509135
475,476,34,0.0013336487711913994,0.0015276702657863388,0.0187623779535951,0.01134054297876495,0.5971560546142214,0.5658841064011726,0.4169604581068544,0.2070016308258539,1.2832527072990643,0.636250905711769
476,477,34,0.003323330180993413,0.0031124346622916268,0.030450491056613186,0.01736130198060997,0.9813160462414517,1.0302028241493648,0.5284096484675127,0.3232990638599968,1.518585106905769,1.2202582612528872
477,478,34,0.002841107252820888,0.0029484384023424374,0.03166066318312112,0.01688774728225929,0.4693265161750948,0.4747582136936191,0.4086485434980953,0.21195610850613902,1.1775252336964888,0.5815198152832446
478,479,34,0.0007956348468082177,0.000550563666531253,0.01646850538878318,0.006355592478288128,0.3099917250082773,0.24032347788942476,0.32425234379137263,0.12272164897770758,1.1127301331828623,0.47235179193279103
479,480,34,0.0008697673679307627,0.0011579019802283638,0.011963235501966932,0.008066966890500004,0.6319215718711562,0.6471285788797787,0.3429908996776623,0.1953246331078865,1.0576249343507431,0.5847001538127062
480,481,34,0.0004174781225521977,0.00045668397207551025,0.009415686805047752,0.005296453704398586,0.4984259762636879,0.48510611632396217,0.33273962161996784,0.1622503391904974,1.0736881069400732,0.5377687513614235
481,482,34,7.85343808849896e-05,0.0001369807469997853,0.005378554078668137,0.0038397710610001126,0.2423876877874136,0.4678591353842512,0.29855604206814484,0.2191191059265642,1.1042497017804314,0.9046920487796581
482,483,34,0.0017561670957708404,0.001991284562202584,0.019894362988826984,0.01269624191682611,0.43402303579975576,0.46671575956624817,0.3188334138077848,0.18694190284147766,1.1962941981413786,0.7292759217488755
483,484,34,0.0004355406891216476,0.0006862804530397142,0.011537132640917073,0.009102051543955865,0.438738564193687,0.6600310530623417,0.36585371897501107,0.2820412884711578,1.2692831938757616,1.0881678203288567
484,485,34,0.0004282838004481913,0.0004827299914618651,0.009223897407269654,0.004677999742427485,0.4844392637776978,0.5071092375780092,0.3201127223232213,0.15033893801802747,1.0393094332779156,0.5066154225105968
485,486,34,0.00016653135068789946,0.00016413297073960547,0.007613970915211693,0.004274521047057105,0.5339917292654076,0.48657914725331114,0.43104011236744766,0.2357903086539171,1.3208320868365906,0.7864602100794635
486,487,34,0.00020756417799983704,0.00023260756432322746,0.008070098345770556,0.004631097182913953,0.2834521662443876,0.3135129746197156,0.2985434808275279,0.1686317007697032,0.9859954583294251,0.5589283792987291
487,488,34,0.0002792489808598475,0.0006838456959607606,0.007855024753713651,0.006023540937172491,0.4143217750551069,0.936453889069962,0.30796703016933274,0.22901465566281437,1.1210317401325,0.7944281810549066
488,489,34,0.001848722658263903,0.0015803412612707764,0.021323775708237114,0.01166379856288661,0.5125704306889983,0.4235854656416194,0.3552961428375805,0.18174497903645676,1.094431670711321,0.5764742841336454
489,490,34,0.0014700449272127384,0.0015622409608450317,0.021320466075421256,0.013614936789181265,0.7323233414003077,0.7640348319318797,0.4815715156933841,0.29719832707739163,1.382497695439002,1.0428730258303398
490,491,34,0.0003507448284648597,0.0005467878059789152,0.008781985509866738,0.0044902500562020295,0.333289205452756,0.4824490484453839,0.2900277733364526,0.13711452404141017,0.9613473555620979,0.4226013131823291
491,492,34,0.00013502318992831373,0.00019685417824943664,0.006558333636562833,0.005699608903184918,0.5231270401135963,0.6096998811066793,0.4318101774243748,0.3017297391527411,1.3953146724139942,1.0068720284117454
492,493,34,0.00117124253173482,0.0015884793022772734,0.015232108423815054,0.007847451751128231,0.6214305061627837,0.7402831758179571,0.3627236603814013,0.1572594814261592,1.109677337548312,0.4659041443024894
493,494,34,0.0024125490492545344,0.002123415313237354,0.022900490309385693,0.011882176094278602,0.4930933816906284,0.4462243781933986,0.32859765299979377,0.17299325736449614,1.011178682832157,0.531710326638244
494,495,34,0.0001639548442172407,0.00023161302418938845,0.00790110303034239,0.004752760631193851,0.4982859134838423,0.7143731316974742,0.4276010826887453,0.2663387264669822,1.4080676208524143,0.941175874605959
495,496,34,0.00010622219752697085,0.00012520167603720663,0.005835171710179352,0.003499069343139275,0.2823582060963792,0.336391860431834,0.2972901465699953,0.17939316453687154,1.0598069245324415,0.6084835265096142
496,497,34,0.0017200498135507053,0.0020388469594343184,0.021189951598096418,0.013464194395887854,0.4568670624319245,0.5462908758404523,0.3451249884331928,0.21615988763880342,1.2833300706218271,1.0583630974940064
497,498,34,0.00044666013017751323,0.0014941259261311052,0.008859313825857551,0.007774450397781382,0.644852010286687,2.189379421409544,0.33576780075536056,0.29430442607051593,1.1571331146885366,0.9802975506246949
498,499,34,0.0002941525393479798,0.00029144711348590114,0.01003566211746896,0.005535819587645556,0.23497009107514338,0.2277617043886325,0.2854618127731716,0.15362562623751533,0.9936024432673174,0.5358672522562722
499,500,34,0.0006486084434179836,0.0010521501472154863,0.011329779497292988,0.008459166533310853,0.8931226384935572,2.2523656556593767,0.3967699895010275,0.3417723524166316,1.345041077803163,1.245772597267509
500,501,34,0.0003267168869088517,0.0006494546820292821,0.008397426730131401,0.006024014748523674,0.5864275606239543,0.9671087929874744,0.4010761393343701,0.21851281406014006,1.239572369000491,0.6265362538935803
501,502,34,0.0002322461594517603,0.00016816379708745603,0.010470465784344603,0.0036203031877758496,0.11880059030783527,0.08364814341328744,0.2373623514876646,0.07749853113546719,0.836703186526018,0.281668210361831
502,503,34,0.0009760776490699808,0.001076720633117018,0.012690319186624359,0.007625044764368221,0.8370551339295857,1.0430133756531512,0.37080246012877016,0.22125227993959648,1.1582928659284817,0.8314545835711398
503,504,34,0.0001434039115659235,0.0002736182695496081,0.006403309067108613,0.003289710828497952,0.4937966231475858,0.8761732711380661,0.37632646499311223,0.20169854070792123,1.1439795849077843,0.5768688181626641
504,505,34,0.0007703492569282175,0.0016211531586210611,0.011138725700541674,0.008951074613899428,0.7324447086464394,1.4575504495366565,0.39892028929556117,0.2260465286913279,1.2509915890062557,0.7146340776060095
505,506,34,9.885401110456288e-05,0.00010565348579643009,0.005595956103848841,0.003168781998502194,0.2512643851668519,0.26299296582149545,0.2852984563831021,0.1583108390894712,0.9544496387243271,0.5665004116200993
506,507,34,0.00015938245696013516,0.00032369893551015375,0.006058823601479697,0.003955933239641579,0.5591387522872537,0.8295401775866712,0.39491314605316696,0.22497639908226025,1.249084036139881,0.7236103711550408
507,508,34,0.002109607356862184,0.002266527972423731,0.019871691714369637,0.012831594738402938,0.6864881830783013,0.7823515094635527,0.3617762626860948,0.22051495516322625,1.3896129175144083,0.8823727722781226
508,509,34,0.00037200819905164654,0.0006037610139793575,0.009067647436441964,0.007474172261080222,0.6598824292613084,1.1138446125650108,0.38784505744629044,0.32219729285993054,1.3200510074110592,1.117531512030876
509,510,34,0.00016885333606938622,0.0002302206808006744,0.007141176621457014,0.005788823812569293,0.43346724538680387,0.5715615161504436,0.3720751531860408,0.2942446943302048,1.2842328373123617,1.0419833977032233
510,511,34,0.00040648942965885104,0.000673342914119719,0.009665441504159175,0.007222629835960508,0.5963591456221526,1.052884333654674,0.37499481527244344,0.28342575179060786,1.266235284945544,0.9534779012989288
511,512,34,0.0005554546739190033,0.0012700481633201274,0.008576593628865392,0.008068982979550901,0.46763095763676304,0.4544172544032477,0.39006317647940975,0.20078057317806194,1.2775031310670517,0.6336527089076942
512,513,34,0.001821378309293376,0.0017473652790425376,0.01870514767463593,0.00984238387570728,0.40156852749778943,0.3745145457460344,0.2763255306464784,0.14270328344825664,0.9758941776612226,0.4962378921691255
513,514,34,0.0023269808498298516,0.0033063743310327823,0.01671789264689912,0.013615484274367153,0.6292087748263251,0.8632209291517839,0.2743941738325007,0.2113727838179029,0.916728600859642,0.6975839611244169
514,515,34,6.0140393897841824e-05,8.127729359739039e-05,0.004414706056088428,0.0030414338150398313,0.2718562603489879,0.3878800288146751,0.2996063447173904,0.20929256929472068,1.0359134525060654,0.7129783212525571
515,516,34,0.0018619332983743173,0.002331738289401919,0.020199388046475017,0.012324195727873438,0.6595112483482808,0.6797207043715432,0.39808174518539624,0.2036742219327162,1.1432947216226774,0.5976890510074746
516,517,34,0.0032597922087434735,0.003160837307287633,0.03381201038684915,0.018131238026108238,0.4387000387205797,0.3543996312295302,0.4058164217892815,0.17376977297658605,1.231036422007224,0.48850884985265247
517,518,34,0.001650759072671302,0.001932907125459843,0.015997917144833243,0.008013856031601384,0.5717064653358915,0.6302823566428026,0.29965394538115053,0.1316930180611826,0.9984692265005672,0.4667396085500687
518,519,34,0.0026728239555428874,0.0038499685087260032,0.02023982926381423,0.012767732617695168,0.675891414120355,0.7637768344274175,0.34134218973271985,0.18459902418329135,1.0468662056852789,0.5630993838754453
519,520,34,0.00026538697962303774,0.0003906008642159348,0.00761237765854115,0.005860110637859218,0.5582391793072662,0.7135386316486435,0.3871895239195403,0.2554443108310473,1.2238227330586489,0.7770333746048286
520,521,34,0.0002318406022823183,0.00021590659632389275,0.009524632642483887,0.00466249273997319,0.2296773076386136,0.20584978376660665,0.29970287991797223,0.13741385971870732,1.0152923552428974,0.45288751014697304
521,522,34,0.0002506045076282081,0.000368828681355692,0.009295098223339985,0.0071721728484844625,0.5490637991358253,0.8887804033973342,0.43277449993526235,0.35483065352919635,1.2861097726751776,0.9776839626798254
522,523,34,0.002208965861748712,0.0023259943502965505,0.02353088285171372,0.011760147797591209,0.48725763486479134,0.5174167922609866,0.3498572937267668,0.17482808797612825,1.1995801189366508,0.5933053657944694
523,524,34,0.0005294339278922213,0.001861043849313311,0.003857230521081125,0.0069467091385179355,1.1942630084505415,3.267174994564475,0.3052922724198331,0.2785367691682991,1.1988061081398935,1.2489818584595895
524,525,34,0.0007002720577635474,0.0006730430331472596,0.01275036794900456,0.006460721591172268,0.2695081790580469,0.24757250027583946,0.25021150489063826,0.12477174756211325,0.9453376198516172,0.4556949015734191
525,526,34,0.0004914374921608053,0.0006634985173103492,0.009101961034021396,0.006530277869729482,0.5769590825280723,0.6307506160024481,0.33739186867195015,0.22186412899094268,1.053912333705846,0.6818489145107713
526,527,34,0.0021656858742276465,0.00244827642642234,0.021914951571756425,0.013229824422438134,0.5695726045352572,0.5524347122214908,0.3651555903694209,0.2028680185906243,1.2017826008446075,0.6994681432232152
527,528,34,0.0015122298845038611,0.0018063608531427122,0.015971814350718084,0.009949637924743394,0.6003177634385579,0.5689871340016484,0.3310207413399921,0.1816202687564623,1.087214609279352,0.5869068201520754
528,529,34,0.0044415139362921335,0.004003527530081225,0.032663237015881086,0.020069993211937986,0.7440636846346452,0.6238712101402133,0.4257074961548342,0.24090567924186104,1.2835194635040619,0.7134245775439964
529,530,34,0.0001813320897567524,0.00015165731424101323,0.007675735526444281,0.0029291640740698303,0.38624925955253486,0.32683445471187156,0.3517290704390582,0.13274521852157858,1.072116394253338,0.47498405909905866
530,531,34,0.0022755296032461476,0.00287700764126667,0.025696692043257988,0.013575362528374843,0.5522003494312658,0.5979785735368066,0.4099122822722968,0.18787501975791288,1.1209536562947666,0.4941448200749983
531,532,34,0.0036767843163996827,0.003954483891476912,0.03625416744719533,0.016249737822003178,0.5550483953865135,0.5159129913454541,0.4511967862353605,0.1833532801663791,1.3073959350585938,0.5230511316844904
532,533,34,0.0018426379936178872,0.0020413649658508367,0.020666300223263746,0.01213352686542286,0.40672258643762155,0.4063383255452777,0.30767976207768216,0.17139755414271673,1.038674549144857,0.6613965955166099
533,534,34,0.0019253827503074288,0.0023359135349699596,0.019102328867815873,0.011434750309473475,0.5751103241654003,0.5805172184409749,0.34419044260593024,0.17839112184671285,1.093878835439682,0.5804132398265816
534,535,34,0.001315239114132162,0.0010631912137797307,0.019331373424981448,0.009448354677257248,0.3871199836516205,0.29315422908882677,0.3330150198410539,0.16246293397499798,1.1327434655498057,0.5606946368065269
535,536,34,0.000742092213900993,0.0018062237343382452,0.008811397642335472,0.007266493551877895,1.2542527061887085,4.610802721271771,0.3377724642701009,0.29044825761418674,1.0847595145597178,0.8804612430585174
536,537,34,0.006900371733696803,0.005208332959912331,0.04571728085112922,0.02317271461660189,0.8229017373831833,0.7149595662898475,0.4937882397104712,0.26503912157210796,1.4073436260223389,0.7344753395275718
537,538,34,0.0018203350003151333,0.002151351053607061,0.01686826049733688,0.009966207479998558,0.5189116670037893,0.5391257455430648,0.29079675915486675,0.15178752134454823,1.004165958832292,0.5633376608445375
538,539,34,0.0005098206784168724,0.0006474866297494377,0.010990073883851223,0.006316277173936383,0.663076890139457,1.1930405003501419,0.37385812774300575,0.2166656361660837,1.095677426632713,0.6657722115793221
539,540,34,0.0023377799766689457,0.002871122342255727,0.019689216223709723,0.012053225863633544,0.5329776543247349,0.5753838807323893,0.3032696705092402,0.1613959752871571,1.0257765782230042,0.5568611152540656
540,541,34,0.0010244452684727387,0.001411484823607428,0.01604803911108962,0.012836898325480591,0.6248417306034004,0.7920268038564648,0.40867607952917323,0.29025499703550883,1.157942806096638,1.025111415380576
541,542,34,0.0005280987380110539,0.000683850558972365,0.009838113254826406,0.006920531257594258,0.580720175495919,0.7015125156564798,0.3380884151248371,0.19965212828394222,0.9901813698165557,0.6403853034572414
542,543,34,0.0007043454133963678,0.0008999844189756796,0.01342732909902492,0.0068770471778045635,0.49787667141679454,0.5490305971816607,0.3677671499112073,0.1699033977577141,1.0696739764774548,0.4856178241297444
543,544,34,0.0038272641851536345,0.004622504808747316,0.02330772181534592,0.017003651527981764,0.5596651698955718,0.5381389323327153,0.2997321230085457,0.16980934819822974,1.0985726661541884,0.6732878834611303
544,545,34,0.0004145400357160992,0.0006892890939575639,0.008885049223488964,0.007791356520370104,0.3875880446558928,0.4886883698908762,0.29321712912882075,0.2097002170843952,1.088025140849983,0.7477464603245235
545,546,34,0.0010981334651339293,0.0012343221377196475,0.01545343196074314,0.00795879375704124,0.601512749788954,0.5748422941921968,0.36574650906464634,0.16794307451306842,1.1422178859219831,0.5136962246302588
546,547,34,0.001890195035658133,0.0018872632368747311,0.020001225735006088,0.010536039365649107,0.44678266970988584,0.414617531893113,0.3138053702080951,0.14921901675629767,0.9558988564154681,0.4612388812207121
547,548,34,0.00011948362682420232,0.00018852786430873647,0.0060580884147544995,0.0028955336674861484,0.29354092108962293,0.39768415864912143,0.3121601860312855,0.1514211052841867,1.1302301476106924,0.5775937666853729
548,549,34,0.001957400669840247,0.002118995415679588,0.019142525599283332,0.010956702232232243,0.3962679546435966,0.38238935000510665,0.27960296194343004,0.15168079900923842,0.9920015676933176,0.5313163694850944
549,550,34,0.0008370740828575115,0.0024881223292078855,0.012497304014258963,0.010538371761974119,0.48470093523535657,1.1413973364195173,0.3360285057741053,0.2305574466744884,1.1019104999654434,0.7060678966631541
550,551,34,0.00020637755618308266,0.0001685510693588421,0.0066159316030440524,0.003160549452221042,0.8986725362346453,0.946361020172377,0.42821049964164987,0.22398132559332454,1.3608975204474785,0.8377829857593538
551,552,34,0.002451010026775561,0.0035057825494357693,0.01894313792752869,0.013229103323394768,0.4340715137693812,0.5293380883182747,0.25541788865538206,0.156598247975235,0.934302097734283,0.5642315686135381
552,553,34,0.001037799651385285,0.0011701798415593905,0.013484068817513831,0.006386549873449039,0.8193763510378844,0.8329749936575855,0.3873568630832083,0.16564067823708306,1.1455086399527157,0.550699382969398
553,554,34,0.002395443920249818,0.01004040009403119,0.015463848009376842,0.01824678166516628,0.4976715878309572,0.9570641233571476,0.3165319583871785,0.18067169806663813,0.9984185134663301,0.7802406793400793
554,555,34,0.001472653986652136,0.0023098835815605645,0.017156740808037713,0.01585633619015475,0.7958638150902355,1.9790341039851205,0.4477692678132478,0.42461367666623745,1.4452301754670984,1.616998865568254
555,556,34,0.00015085272081491626,0.00015489932383772265,0.007300000220044132,0.004460091447581114,0.23348260188803954,0.23596427844917794,0.286597902283949,0.16077185383149867,1.027788172749912,0.569186976540395
556,557,34,0.0008916491002203068,0.0008111996592463771,0.0143786770195755,0.0067731040195332685,0.5602173296844258,0.5073239518891146,0.3620120948728393,0.16731905696746188,1.0762154999024727,0.5158712800557814
557,558,34,0.0004520971732049742,0.0006989829131445584,0.010105760302394629,0.006287736090660201,0.3865664151551969,0.5105446245946518,0.30765175556435304,0.1792474647253828,0.9740413720993435,0.5443681850862716
558,559,34,0.001579341250095133,0.0017939082499118185,0.019582598607110625,0.011765409320634065,0.5647006375605569,0.6077128648156461,0.3758937232196331,0.22577867042639316,1.136223465204239,0.7263975630917285
559,560,34,0.000617850382160909,0.0005973362674250478,0.01243063758866971,0.005508413488478751,0.4525229803779546,0.43030076919719373,0.33762359224698124,0.14467942092397562,0.9739322934080573,0.4216360378863789
560,561,34,0.0013308279128122033,0.0009289502278438474,0.021461397738141173,0.008184741575617934,0.38438544279950504,0.2704053893023735,0.3633882166708217,0.13684513841159282,1.1627676276599659,0.44333061053295675
561,562,34,0.00015436940413886025,0.00019733311182936437,0.006080514840398203,0.004346037794374686,0.3931616377633284,0.483223842512849,0.3090047148220679,0.21424249328550632,1.0251047278151793,0.6908664831644067
562,563,34,4.6553297755067164e-05,3.86077206320774e-05,0.004368750134530915,0.0019128349365196604,0.24296494000865257,0.23641796359883216,0.3127856445224846,0.1402880652921884,1.1254190898993437,0.527573666165314
563,564,34,0.0007533247414411401,0.0011371740397626883,0.011144975665956736,0.007945714433500275,0.6583920609315529,1.2184228892296538,0.335006780045874,0.20407590676020726,1.1440578734173494,0.6961774692010113
564,565,34,0.0006308641485007041,0.0009618262308244607,0.012357230804970159,0.01001480278553203,0.8222900131607757,1.867325189541774,0.426128564073759,0.4475368398764461,1.2232799074229073,1.0776403457641412
565,566,34,0.0003774931773116751,0.0006064896047969545,0.00820122568813317,0.005382572495541885,0.7807990788098644,1.2550879618670527,0.38840238530846205,0.2392605018038036,1.2627465058775509,0.7865918385365996
566,567,34,0.00019459934930623872,0.00036412688057366817,0.006129412002765629,0.0052021743369399884,0.27812412805745707,0.3318940974946509,0.26392829790711403,0.18627514847444446,0.8394041793311343,0.5953824658913923
567,568,34,0.001747811544512789,0.001949123284018222,0.01795772080282297,0.01116046795441667,0.5041041326544741,0.5791221973522765,0.30438752253265944,0.19378276615370518,0.9872576795956668,0.629518149859531
568,569,34,0.0006686425213715933,0.0007035860530547881,0.010608211159706116,0.005806675680536779,0.7412631659193293,1.0817813016834787,0.350016396602287,0.2298000330955023,1.1655786484479904,0.7216291370573332
569,570,34,5.2966471337319544e-05,4.302854527770528e-05,0.004657107918961521,0.0019115922389607626,0.24912925393265836,0.2063935929119105,0.319041901432416,0.13025694561007478,1.1093705866266699,0.4611668977027043
570,571,34,0.002014936816966811,0.003940547875248632,0.01522745133500875,0.016924455028429947,0.6359781020266169,0.8170464857313836,0.3855176044299322,0.2499926836860025,1.234291301054113,0.9263491490667026
571,572,34,0.0009435681937140864,0.0008792507203231623,0.016841177047942493,0.008786961311911924,0.31042426506824355,0.2838890328194062,0.30698732286691666,0.15362692727589375,1.133042894742068,0.5833959109045227
572,573,34,0.0013828716793582048,0.0015935396172070222,0.018710416892324302,0.011805438891258839,0.6657033096451093,0.7224331449796962,0.4166130747865228,0.21842089156425312,1.2012279945261337,0.633681175567117
573,574,34,0.000661876926481936,0.0005656591386565368,0.014018750359194683,0.007654200535175794,0.41017697242033835,0.35667115280669087,0.34950347661095504,0.18759205723012934,1.059974630089367,0.538297308946509
574,575,34,0.00039006909799568616,0.0005696735430876274,0.011433456257423934,0.007720060725622197,0.4057261431041886,0.5474274565821378,0.3781978553708862,0.22252170212587055,1.4037369139054243,0.8366523742812111
575,576,34,0.00018411963706325076,0.00019785277533296552,0.006718259907382376,0.0037571392649273683,0.3949298017713077,0.3977517374895072,0.31388386930612955,0.16594257855754516,0.9902983202653772,0.49808220762753347
576,577,34,0.0005343760554510749,0.000700095754418086,0.013017647692536497,0.009953844752271348,0.6238815202651655,0.7161577360353525,0.46535208415897455,0.3078884405402754,1.5020204620326267,1.0128196583195672
577,578,34,0.0035800667242523667,0.003973076784335867,0.02634473139529719,0.013440846601050147,0.7501023397507036,0.7595405343929287,0.38716526592479034,0.18064075143580793,1.1736208156627768,0.5748510403532131
578,579,34,0.0004228263894406957,0.0005814546712061268,0.011180392692468184,0.006882331120505734,0.4334748214631177,0.44497705618795336,0.38741794968133464,0.1886817767839076,1.4176215362899445,0.7227282531251186
579,580,34,0.0034080445222892143,0.0028377717853416123,0.02613848084857797,0.011961229414026454,0.6128072843832129,0.5813759788993328,0.3477068613557255,0.16345097157703958,1.0153677191804438,0.5057442411276227
580,581,34,0.000606830311292416,0.0008769906538867132,0.01118762303582009,0.005921934679635038,0.4321794548236272,0.38286706418842714,0.32628538459539413,0.12502700423159496,0.9018152934663436,0.3532454001472105
581,582,34,0.0006310086919256719,0.0008612834551354045,0.013003676780499518,0.008349326940898273,0.33306085531983304,0.34228217766851826,0.31433573650086627,0.16212574928861065,1.1391908596543705,0.5936671847557329
582,583,34,0.0004006579321118325,0.0006096569655341796,0.009639583733480643,0.004747840686533002,0.398710741661489,0.4937289916217869,0.3182920962572098,0.14959181231935137,0.9901462030761382,0.48237983256190964
583,584,34,0.0006677135781287422,0.0009821903703233481,0.013512377928504172,0.007673971356519678,0.44309296382262425,0.6575454012671712,0.3483360909363803,0.19986751283800072,1.0616253702079548,0.6038777744225271
584,585,34,0.0015246120473260388,0.0015872182486474313,0.01948823604513617,0.011997376713600556,0.4177771138903849,0.43617080695605076,0.32440627256737037,0.19463201582617023,1.1510793172261293,0.6759904503538187
585,586,34,0.005091707018436864,0.004726971795716624,0.03259681480224518,0.01991229218001096,0.6280959311817937,0.48245391355767403,0.39095833503148136,0.17689492903303095,0.9856975714073462,0.42438041861572084
586,587,34,0.0005666742271494193,0.001043578092346913,0.007966789499144344,0.00583956615594994,0.7782823811833035,1.3448644356239199,0.3179623782634735,0.20232717340851653,1.1311611314030254,0.7053455837120155
587,588,34,0.002352285378626274,0.0017123551003260728,0.02725710829391199,0.012180477822645466,0.3679360874435481,0.24990538116100297,0.3440277379225282,0.14438889588386505,1.1125497143058216,0.4496033280070321
588,589,34,0.001148654122302747,0.0010087190112236459,0.016467892249827,0.008231099146927573,0.5387328214505139,0.46333893216122346,0.3562055582947591,0.17610300376588472,1.162560192977681,0.5792985533107285
589,590,34,0.0013178657337608885,0.0013463166316406538,0.018124387791270718,0.010717820806166,0.45412511674358563,0.482518946499082,0.335457945790361,0.20111156546855108,1.138089022215675,0.6659393024885346
590,591,34,0.001713277405275114,0.001446602511735287,0.021479535053538924,0.009038081497822174,0.5503932259538594,0.41608571164482344,0.389577531200998,0.15493838728829412,1.0380987156839931,0.45623412230462546
591,592,34,0.0016622177433472482,0.0017617771788333552,0.023715442498488462,0.012011723159954883,0.5731781751793974,0.5394025456411505,0.44699543889831095,0.19751955002023514,1.2088258546941422,0.5160155051596979
592,593,34,0.0009413583245665958,0.0012797451285220037,0.015811520368408633,0.009258171129807298,0.6086289426859688,0.681967944196968,0.4229702934184495,0.22161039199750412,1.3524876736542757,0.7695270331412843
593,594,34,0.0016764908719136763,0.001608717688599218,0.01778051526943112,0.008804141977466531,0.3368674832779695,0.29158454866191447,0.25515174361712795,0.12045824188434799,0.8567320862237144,0.4151387741748435
594,595,34,0.003579479455605478,0.002944397460875504,0.025786398143014488,0.013143526400511028,0.759882015422644,0.6052922755959893,0.37603890304179755,0.1780611336972426,1.1204862428062103,0.5324348079561904
595,596,34,0.00018486825504570494,0.0002187278072047292,0.008236152380157043,0.004287485971289009,0.21946700925336166,0.2611546659561286,0.2881098788450746,0.1374806361198118,1.0642385158468695,0.5523774351117174
596,597,34,0.0015831662737636018,0.004344011211296598,0.016814951449358725,0.0134301398470372,0.4367738277925288,0.6325674688532289,0.3247310569619431,0.1759175194351076,0.9813271866125219,0.5658283055059224
597,598,34,0.001699397581486504,0.002011741748715027,0.02076752497540677,0.011320486142429692,1.0147109175758326,1.6237700612941375,0.496565826018067,0.2650718144777521,1.5679663069107954,0.832956657986362
598,599,34,0.0006513070445233846,0.001178110418064068,0.012139093534856597,0.008042042910161484,0.4898860879132853,0.7034624062197798,0.35978861635222154,0.2094738130146239,1.224316392751301,0.7204606265989122
599,600,34,0.0003934921709354539,0.0008210855453876794,0.007236152113524868,0.004339216479766421,0.661742945201695,1.068335646044532,0.34181852419586745,0.18786278170227041,1.242834475110559,0.6890014676091964
600,601,34,0.0006179228211669182,0.0006290347019341465,0.013664951274061905,0.006547508759230953,0.41180823370814323,0.3107099248017354,0.3707711161936031,0.13973467990210228,1.0662449265227598,0.4440770237520718
601,602,34,0.0015159525884133902,0.00209558522550576,0.018902941894553164,0.012884307280993554,0.699351369184168,0.9232591872736992,0.4068414781461744,0.26498043897850365,1.1990959232344347,0.8037258876929992
602,603,34,0.00017586426300193338,0.0007307354306708996,0.004931985493064584,0.0046317177169282265,0.2852517197949483,0.42061463475111716,0.29630285293302117,0.1657625672402827,1.1331762224435806,0.8962067818771526
603,604,34,0.0004870315991437939,0.0005663526971912011,0.012374019702239072,0.006715680813532593,0.36871176366420355,0.35258363921724195,0.34960946177735047,0.16388278904660147,0.9842860567219117,0.41654617768620916
604,605,34,0.0002801562150794138,0.00036382097850839453,0.008419853083871524,0.0050643173911675944,0.3777505898957743,0.42809102440635255,0.318544406662969,0.18905610011389387,1.0812850178164595,0.6378298266120083
605,606,34,0.00021455739975221257,0.0002542646537391495,0.007581005133140613,0.005584150630432004,0.4689864793463665,0.6021515078763946,0.3486431808594395,0.2805400384750809,1.2225192995632397,1.0026548473551469
606,607,34,0.0008854842613158433,0.0017039984198725093,0.013931618263835417,0.011552854326629329,0.578427520197104,0.6166977944666339,0.42144007674034906,0.19609037017931893,1.4345881211407043,0.9612628981121518
607,608,34,0.0019154974160140708,0.001882992673139944,0.020069486242445075,0.009866215460828233,0.390129323281786,0.34218889939538133,0.29408336551312136,0.15099729061116263,0.9641761845525574,0.4890562887777863
608,609,34,0.0005184654589410296,0.0005854906870225068,0.010637377621605992,0.005477356255351811,0.3905553323600222,0.415538474665099,0.29852088935234966,0.13835455835978824,0.931226810111719,0.4468910165062916
609,610,34,0.0003173943020074683,0.00045864917389483727,0.008890563943971167,0.005318015898695243,0.3191757877905141,0.4206094644321514,0.28758495081873503,0.16726445192911282,0.9311342423453051,0.5732990985411921
610,611,34,0.0008708783588029773,0.0009045422805006631,0.015009436742676532,0.006421208652902816,0.5142536918249201,0.5255145339022035,0.36595035212881427,0.1567152543886427,1.0510540157556534,0.44370733874926016
611,612,34,0.0017350592726656673,0.0021257155732137987,0.016376961200662395,0.009384734563745764,0.4340263498837457,0.4697542798592644,0.2707844001843649,0.14101271059481477,0.8312531061032239,0.4623017902387712
612,613,34,0.00047631531766883736,0.0007226522319104622,0.010607230689321808,0.008212367146165828,0.5716636669548119,0.7782348568999721,0.3946816379971364,0.27733508238754295,1.3210310103262173,1.0431455990229417
613,614,34,0.0008252790159852285,0.0012558159823094603,0.013263726093368056,0.008445141403058482,0.5225839672938866,0.648401207802962,0.35957422786775756,0.18864375426786956,1.2202377529705273,0.6372960755958801
614,615,34,0.00025583574969299236,0.0004039515271844615,0.007401961045723189,0.00388981125238513,0.35448029563378763,0.6017181259823102,0.2750500810935217,0.15319046253162838,0.9448586496360162,0.5415080833453106
615,616,34,0.00013578154871271073,0.0001776222519322697,0.005866666838033672,0.0036328500253310723,0.32305906858185635,0.38488652167774307,0.29157745115020695,0.17461403773841622,0.9896482676267624,0.5793262455898339
616,617,34,0.020185294719019167,0.016558317201211484,0.07221912058508571,0.04481261961168524,0.8207378759295406,0.6106353074419718,0.46705834479892955,0.26330023696106836,1.61192306525567,0.9037572943682479
617,618,34,0.0004244722094881581,0.0003732154654218792,0.010480147375560859,0.00539545474960435,0.4280782237868099,0.37289126710138437,0.3328593368915951,0.16781231501226143,1.0022478682153366,0.5836834951886896
618,619,34,0.0022648870765217856,0.0020156489084754456,0.02252622600644827,0.011335064807027694,0.7541401442140341,0.950242718626719,0.3963103316286031,0.20957089305768514,1.3390016205170576,0.683881735222141
619,620,34,0.0013829815682530513,0.002023464666601985,0.013854902227381793,0.009507662047230388,0.5021553457961144,0.6551822599783603,0.2827474197701496,0.1680836849393477,0.853166273849852,0.51451248992203
620,621,34,0.004388418372186339,0.005835236602700129,0.032524388146531934,0.01974264040739182,0.5962645696366534,0.43117955066621017,0.39387910089948597,0.16998678110947832,1.1594774486387478,0.5539502489194039
621,622,34,0.0015947577866801807,0.001451486893977331,0.02043688776628936,0.0104222360812871,0.5446356620831305,0.5374826757150658,0.37878981955787716,0.19854560560088216,1.0119721153203178,0.5239626581496106
622,623,34,0.0012175035512079963,0.0014042003951708596,0.013194608324043015,0.007285632596954784,0.8285444986951702,0.9283505539881532,0.35047733915202756,0.18050634272110225,1.0347101342152147,0.5892604519295729
623,624,34,0.000535507181292119,0.0007013624958940477,0.010037745328565292,0.005862159720834137,0.5097727985395228,0.6183438230277393,0.31653730154914017,0.16765682934314327,1.0265987291932106,0.5495025807463071
624,625,34,0.0006640193828121375,0.0013980574460486215,0.013687255340354407,0.008475037957905107,0.3494966561522554,0.53883549923517,0.33434492656413245,0.19547204497520404,1.0776456278913162,0.6105756838432272
625,626,34,0.0034646094684242547,0.0030833113541520636,0.035232108305482304,0.017828635080113904,0.591773110880133,0.476478806253372,0.46436920499100404,0.2245332464767845,1.3851863925947863,0.6794412369252276
626,627,34,0.0028204561469251264,0.0030249709950637615,0.020354534814353373,0.012371343148817207,0.6068761179990628,0.6801685800205872,0.29510079368072395,0.17748847707736462,1.010938716285369,0.5769461656664069
627,628,34,0.002405548573091544,0.001852028063411751,0.02817058897412875,0.01132579033778154,0.4584598323220716,0.3886411948195727,0.38832499305991564,0.15892528745829862,1.32772399660419,0.5879307420355613
628,629,34,0.001161600341755034,0.002132515946461054,0.016209804528283283,0.011786175614462066,0.9721069621908314,1.808811621298938,0.4810352386797176,0.3365648231310479,1.6031859850182253,1.1285705525021184
629,630,34,0.0013141438956903156,0.001222253743414651,0.018117034670842046,0.009564948803366344,0.5434059356065357,0.43978598808872565,0.3763117005719858,0.179570306842129,1.133315945372862,0.600541779800116
630,631,34,0.0007704089340650706,0.0010578564346728253,0.013531985733767642,0.008408255779022588,0.5322452630738125,0.5487103278960845,0.38634629810557647,0.20745963136084003,1.3408064745804842,0.7509160067507751
631,632,34,0.014391040338523453,0.012016343950571605,0.05685184079715434,0.0340429313512315,0.8798714923288893,0.6646502369083539,0.4488992314128315,0.24452604603734224,1.537131226676352,0.8389259930157601
632,633,34,0.001696595991448061,0.0017092145854929748,0.02304044202901423,0.013150231766251581,0.497901825562996,0.5190857062451201,0.3937165132340263,0.22679836901197373,1.1600935327656128,0.6906565619413919
633,634,34,0.0014792062296799164,0.0015306483558206554,0.01820318673408645,0.010789037701504496,0.4087435087079511,0.41602595029788486,0.30278658998363156,0.17730348921011058,1.1507079680176342,0.6811884339318452
634,635,34,0.0026869527562880914,0.002323846447120618,0.024995098780731067,0.011625370773222135,0.5211995440151762,0.4643862671522834,0.3527799965265919,0.1626375997775998,1.2611069153336918,0.6163359483482673
635,636,34,0.0006056790620384752,0.0008716747637477309,0.014981128200066878,0.01218117190363674,0.43302725463667335,0.45035616531236133,0.4130196424529833,0.2427217027360489,1.3498453340109657,0.9454901672979787
636,637,34,0.001713529273033868,0.001613966957649176,0.016934682039872688,0.008332972467230196,0.38029157386764006,0.3273939425487462,0.25644515871125106,0.12364488192574662,0.8570221715113696,0.4209104149483646
637,638,34,0.0011232372414858272,0.0011144360821604949,0.019472305087701362,0.012355998816034478,0.41706648348447156,0.4102394904706002,0.37269509649452043,0.24383501755456033,1.1870934235699035,0.7998462298232359
638,639,34,0.002175633389175774,0.0049693796722974515,0.017110172289368862,0.014966919440579325,0.6122804399552372,0.9724027321235971,0.30850181268418536,0.2107942108995317,0.9630229236448512,0.6310258120575996
639,640,34,0.001568912532307235,0.0018211190139647226,0.022230147699113276,0.012775384098413412,0.5068253501154044,0.44876326585070414,0.4175056144595146,0.19669995377346436,1.1340519785881042,0.5109162748370136
640,641,34,0.004275616996250499,0.003687854232045545,0.03539129957447157,0.017913175945515607,0.4629833669785191,0.3364586016606868,0.3787829100209124,0.1636237596991635,1.214210545315462,0.509034712500356
641,642,34,0.0005956954977631647,0.0012986859072480793,0.007845343213857096,0.00868792599797909,0.36248499053694744,0.5165740699223687,0.29343460072927613,0.1601192256397919,1.1120624090818798,0.7732646092870517
642,643,34,0.00025916458033701503,0.00030806987663736237,0.009772426784312463,0.005125166211686468,0.35911749358124595,0.4332826260301334,0.3657638038344243,0.1987158253051233,1.356639885727097,0.7529382374801109
643,644,34,0.001342000789972029,0.0013668256187482721,0.01677965742590673,0.0084977548765958,0.4700429163434926,0.40232006241964996,0.32751522870624766,0.14302235991996942,1.1664359052391613,0.5138718010717139
644,645,34,0.0015961316767061362,0.002608521300277513,0.01579607879359494,0.011278318978763092,0.5188305514919407,0.6866524922801883,0.3047357517130235,0.21510402690659722,0.9798255764386233,0.7505313724866886
645,646,34,6.0913164107285626e-05,0.0001150915763473422,0.004623774656519184,0.00403340268117938,0.18500699111096122,0.390425146939914,0.2616574428975582,0.22615745169729953,0.9461129575091249,0.8110703614626705
646,647,34,0.0020510972471503705,0.002661372541015029,0.02012990273343509,0.014868763746906577,0.6640881473088965,0.8854230535247665,0.3813549352481085,0.2766973970116036,1.22212251144297,0.901207337857452
647,648,34,0.0006976263199141934,0.0006562966389803268,0.014560539446606794,0.006485710142221778,0.3709164700087379,0.31354632542160854,0.34740139083827243,0.13971621772869056,1.3021171610145008,0.5428598731115619
648,649,34,0.0002117029070017024,0.00030555658399104586,0.007090073934865787,0.00439724754770509,0.38071814017808614,0.5465640339190928,0.3020426563042052,0.1851075119095426,1.0855205593740238,0.6691338229354337
649,650,34,0.0018794592425525909,0.002409236532950132,0.018452451324692982,0.01241245663151957,0.5764978066744173,0.7039477741135602,0.35558922588825226,0.19331475985788643,1.1503306749989004,0.6186792117866946
650,651,34,0.0005251403492152082,0.0008386940927059972,0.010125490391681738,0.006275026075156045,0.4863235714215347,0.6188630170951026,0.32209953074069586,0.18838829304839935,0.9347148765535915,0.5216988822740737
651,652,34,0.0005111822616955204,0.0008499100712705694,0.01150392202715225,0.008179678637608228,0.36837636983460365,0.4032614480778282,0.3497481823844068,0.1827156559348034,1.073115679271081,0.5387059093035355
652,653,34,0.001645798500329179,0.002118144923236508,0.019804166914100814,0.01653190046158454,0.5548335681395495,0.7183163445272815,0.38723538569448623,0.3029553523553195,1.273629110525636,0.9934148640398254
653,654,34,0.0008319996199642285,0.0017573537736290646,0.012368259951472282,0.0088569204497874,0.5419543822268572,0.8800764953447561,0.3373249750584364,0.23101918137792085,0.9795506780638414,0.6229591965682106
654,655,34,0.0007897392968730213,0.0018373173826216908,0.013309804489836097,0.014166559688094377,0.5853970019858988,0.8040295054036337,0.4043534796904115,0.3019130397798287,1.3517770591904135,0.9380168733929864
655,656,34,0.0007424497796431323,0.0018562116735865602,0.008558946560643724,0.007448608803340717,1.969401080859825,5.695131267274556,0.45445459379869346,0.4020478576568162,1.5339778858949156,1.4210586084381338
656,657,34,0.0009551560855577597,0.001423176804610441,0.017067157779820263,0.013778391317741102,0.8562669410534641,1.3518874059784813,0.5187863646184697,0.48776471431063156,1.7310388657976599,1.681151495108555
657,658,34,0.00048624419228230286,0.0006931532715451916,0.010591667029075325,0.006867314323554105,0.4426778254701811,0.5899488120393703,0.32299016941996184,0.202692973804297,0.976119306157617,0.6228751623313179
658,659,34,0.0005223848073215134,0.0007216117275330266,0.011662377770442297,0.006580270608203854,0.29956469846451106,0.34894042864360064,0.2871834881165448,0.14340594318998362,0.8300861979232115,0.39810518346058993
659,660,34,0.0019283607456172297,0.0021287184444935417,0.01950723130036803,0.012378044684896778,0.5553939070223886,0.5965532936508359,0.337793220711105,0.2176706744548014,1.143680627731716,0.808241377811386
660,661,34,0.0007375834612396241,0.0006736728433357868,0.01408553940435762,0.006797679829755211,0.32853301126948176,0.25925264992600766,0.30892518600996804,0.13140867351446298,0.9099456071853638,0.43097041325521157
661,662,34,0.0003356306684402037,0.00037407005672777135,0.010479534558458802,0.006591911895613821,0.25160614779109464,0.21603447970752512,0.30737168495269385,0.1686092631634692,1.030337814022513,0.5930416216308425
662,663,34,0.00022351926135316343,0.0002753478075247386,0.00836017173509497,0.005266604677675009,0.3097217570278136,0.4416503658878216,0.30594975435558486,0.20625504185478125,1.0681300448144184,0.6725228500969634
663,664,34,0.0007108823661195964,0.0008836108677174407,0.014740563956472804,0.010509948926927507,0.22313149054260814,0.22749850808553773,0.2782369957250707,0.15924824162153325,0.9418225367279613,0.5359708994999679
664,665,34,0.0009900229955853907,0.0011756221380697662,0.01618382382644888,0.009846454246617438,0.3037932507474633,0.2719473850291705,0.3046933419125922,0.14823951869589638,0.9483353101155337,0.5276462230090665
665,666,34,0.00035036338161041706,0.0007386496149687109,0.009044485570698538,0.008043752315393192,0.4192586991703138,0.8856051058739393,0.3231972131659003,0.27184285797793506,1.0078813361332697,0.8298674242881002
666,667,34,0.0003161841143336834,0.0005470549881043966,0.008524019798428258,0.007697331049644523,0.21421960100312443,0.23907412602134145,0.26441305448465485,0.15660915252959004,0.9714080375783584,0.586987630933669
667,668,34,0.0003450555487314191,0.0005355672579806356,0.009583701283725746,0.006632656768828416,0.5058594350703061,0.711052612588187,0.39096717580276374,0.23898678690288758,1.3376899028525633,0.8995330320855537
668,669,34,0.0004675278235963025,0.0008304986444113833,0.011737500344786574,0.009948524942047704,0.25212431457989354,0.29772541078975745,0.28832966987701025,0.19015161905358266,0.9945602925384746,0.6436038658858344
669,670,34,0.00027056513801974636,0.00047000762526465406,0.0064431373885942295,0.003572076255726401,0.6288470850216553,0.9665225109487673,0.33009352797971053,0.17688960402170686,1.043083426706931,0.5809808433603877
670,671,34,0.00019939534673968037,0.0004264878286423452,0.006873039386632359,0.004926543548318306,0.3033175162888844,0.44523102424443856,0.29122873527162213,0.16723181117281413,1.0243516608196146,0.5760226690936221
671,672,34,0.0014191061469746807,0.001944349840299752,0.01406115262686987,0.009991992040612218,0.772632738465772,1.0821655490463464,0.3269542159841341,0.25795157146957975,1.148994735935155,0.9215040251915866
672,673,34,0.0021487797558246017,0.0027690653541531784,0.026855270186548725,0.01575752229283926,0.45623599409180526,0.49099324747327117,0.3990308015662081,0.21441935878624196,1.284778752747704,0.6302645343590167
673,674,34,0.002346473443407483,0.002263800384226429,0.025943138116203687,0.014387436343786664,0.5881338143063819,0.5404376515965924,0.4124411024591502,0.21168170367464026,1.1350580164614845,0.5329148621998839
674,675,34,0.00010679941430466629,8.519939267723118e-05,0.006896568756714901,0.0032317807753260617,0.1560111959629199,0.11010534423492853,0.2647962015779579,0.11731243331733243,0.9666488740374061,0.4295163232817346
675,676,34,8.27935691765614e-05,9.188580242133967e-05,0.005522181416916496,0.003148369065939105,0.19299058953080983,0.2018781144707158,0.2672491866876097,0.14506339196711654,1.0414688192746218,0.5517182285213392
676,677,34,0.0002039564305826335,0.00021360779953241615,0.007571568859823267,0.005032865207136942,0.3910921870949952,0.42823546842319277,0.33903583380229335,0.2373417421439637,1.146731410832966,0.7856092601047909
677,678,34,0.0005850733872220564,0.0010712144343744978,0.012370711062377429,0.00908008925502923,0.469201106687679,0.7745966150595186,0.3696502212654142,0.24942998824481347,1.2422688524512684,0.8778464034460702
678,679,34,0.00014790949929941716,0.0002889819002233966,0.006531005204819581,0.006160201434403093,0.36741567827651606,0.6968487965548036,0.3278644262429546,0.302496891203077,1.2458056062459946,1.2513223634721184
679,680,34,0.002455842324279194,0.0019439151159159074,0.02566899512620533,0.012103514937689032,0.6584260516306933,0.5064755302598978,0.4233553037047386,0.19007247003282807,1.1075209668454002,0.5130437874056919
680,681,34,0.0017935849892263137,0.002453524513693018,0.024541054824915004,0.01570541995209421,0.41858730563784347,0.4082017452756099,0.3869709131472251,0.2019814817516658,1.1217830154825659,0.5918622649320654
681,682,34,0.0011185885938603485,0.0017856614214649196,0.01894754947930136,0.013412326614948471,0.5188757615054355,0.5994963494507314,0.4247977010467473,0.24675210677913254,1.244853502687286,0.7486950816058567
682,683,34,0.0003723604952349834,0.0005194045298217892,0.009321446468889275,0.006421349716402743,0.7412000641445903,0.9716658005634825,0.42657841610557895,0.28145819052234866,1.3516397169407677,0.9002823753594107
683,684,34,0.0016742099129688165,0.0029392423004929603,0.01722855441381826,0.013626354462768641,0.5063235295443412,0.7936346124696958,0.31714069799465294,0.2133853726967887,1.0220336747520111,0.6709362183727173
684,685,34,0.001060508639217433,0.0010065523726071816,0.01672009828582625,0.008917497348681696,0.47102720739648624,0.4902950677267673,0.34906384063994184,0.19054819118599972,1.192295536837157,0.6788744676752616
685,686,34,0.001372607191917589,0.0021226886114453013,0.01638835795251105,0.011578411955449706,0.5488854525336886,0.7900103450718746,0.3357219367342837,0.22347931898535583,1.0994533681694199,0.7157113862049117
686,687,34,0.0010321768722325727,0.0012995353715374465,0.014535662204520228,0.010443005039603187,0.3907583451775067,0.4151680414860133,0.31859693807714123,0.1854417062973769,1.054624458446222,0.59183784496651
687,688,34,0.0021371288181826994,0.0027058355047301554,0.02248125127516687,0.015214927084770964,0.5084762754028335,0.5646613751326826,0.35650763573015437,0.2352802068129686,0.9916785937898299,0.6664217990314422
688,689,34,0.0006737747532818449,0.000651214391687612,0.01268860322478063,0.006657972313061346,0.5581382876809906,0.5680126771932708,0.365362762747442,0.19820986298334978,1.1422771460869734,0.6085569544393236
689,690,34,0.001756398040229482,0.0015731332894794714,0.021862868000479305,0.010476059806013885,0.5159791120711494,0.4844837649830247,0.3756855134578312,0.1807539432459701,1.2765533249167835,0.6409135262229955
690,691,34,0.0010361360322188855,0.0015811913160681,0.014301103306934237,0.009800593119862214,0.6131396569749888,0.7876069493632396,0.36244207971236286,0.2100812646944763,1.1321633370483624,0.6405201512103075
691,692,34,5.373499010709245e-05,6.238955958931095e-05,0.0043219363929786,0.0024186793923674566,0.22515492532950113,0.23860764334516812,0.28211886895930066,0.15472695053356647,1.0371341757914598,0.5946789914346218
692,693,34,0.006702299029778741,0.008227890797235014,0.026669854253722244,0.020736085248589175,1.1458557147621724,1.355776997674021,0.3540509302607354,0.25896036027874286,1.4267580715172432,1.1341351839576275
693,694,34,0.00020115491684812107,0.00030236618920265825,0.007818260168492356,0.0055547167598962695,0.3164447760757278,0.3690825955212897,0.3248751119655721,0.18844451212130128,1.0950032849522198,0.6458579062601961
694,695,34,0.0013040411089712185,0.0021454274957376186,0.019613603568252397,0.017986348946030947,0.5714025836684468,0.9183714151157811,0.4101519420304719,0.36654152214033914,1.4847531384404968,1.3946638893724916
695,696,34,0.0006871149796686094,0.0012301118304969367,0.011810171842465507,0.009454232814683265,0.5099323640632278,0.6738281413244772,0.36391739525339184,0.21144612959340478,1.2175712581066525,0.6867877640344654
696,697,34,0.0006366494921006533,0.001030701847976589,0.012748284772148026,0.009454033649180894,0.585412103929283,1.0135384179005849,0.3852634948185262,0.2970761291150429,1.2973536480875576,1.0434534974433518
697,698,34,0.0007154223603720311,0.0011265743556418259,0.012066912193618277,0.008019285962592125,0.3774711708812153,0.4621218675243879,0.3014540722703232,0.1545726845972868,1.0218442888820873,0.5220676403733379
698,699,34,0.0002513086701048237,0.00037650143665745293,0.009051103329779032,0.00627771717084614,0.31995019103016925,0.4153376266094287,0.33410143633099165,0.21428929479224726,1.2145954212721657,0.8416362340725957
699,700,34,0.00019909332109544747,0.0006053686048214105,0.0062525736866518855,0.005562458505590945,0.30926566737402666,0.47022179167739286,0.2795912553282345,0.19741985446636426,0.9807421302094179,0.694317339008346
700,701,34,0.01516375204664655,0.012033060890232677,0.05196237879093079,0.026956454920163363,0.8253401323385975,0.6533058288998148,0.3802925684653661,0.1964422737237897,1.4189207168186413,0.745798666133164
701,702,34,0.0002844282645756881,0.0005636330635512868,0.006830637408283484,0.00444541344742689,0.747604119755766,1.0644542031399853,0.3963853179970208,0.24212652177969196,1.2668650202891405,0.7605205029111672
702,703,34,0.000593543726929912,0.0008354822055160518,0.011682476033456624,0.008343359034887742,0.43283527601948557,0.5896108869217345,0.32238831305328536,0.21506588443743724,1.0415753327748354,0.7008343524443733
703,704,34,0.0009837564716957893,0.0016749636934508295,0.013201225898228586,0.009893497719971948,0.4871550841147409,0.6328694504773317,0.3287755800958942,0.18682692931001652,1.1011466984363163,0.603923306186704
704,705,34,0.0011621963707618894,0.0013234967710325455,0.018600000903996473,0.010430422628722125,0.5427364977624487,0.6310193258757726,0.40095074102282524,0.22012660420051824,1.2546026496326221,0.6756264986756996
705,706,34,0.00048202799938307553,0.0006209625463833633,0.009273284536046797,0.005587235572279329,0.4420629079617998,0.4934524229601442,0.29685480892658234,0.16282693626483963,0.9903340085464365,0.554912131038388
706,707,34,0.001417137803561191,0.0013684734841528084,0.018310784841613734,0.009645348001108063,0.40014582357424144,0.3694665789439013,0.31225255964433446,0.1654539857534942,1.1086731842335533,0.6265552858174365
707,708,34,0.0005783768639744,0.0006477399696492393,0.014778677059118362,0.0067091143195915715,0.4145203186746906,0.3997051836402776,0.40154718388529387,0.16953663270985742,1.2796058321700376,0.5024361222676262
708,709,34,0.0012582022746381186,0.002235226280727174,0.013777206227292909,0.010266956392224243,0.5124830121503157,0.6519369219834524,0.32377860169200334,0.17162068454823154,1.0941784618531956,0.5574384581051881
709,710,34,0.0015857403347635066,0.0014837960539233923,0.021769853486843845,0.010302667771399331,0.5608024408712107,0.5161257054640918,0.40930666664943977,0.18445518378883236,1.240827285191592,0.5549725741282686
710,711,34,0.0007531318233806333,0.0018067654570878453,0.00794252469409805,0.008974545840097069,0.9036413870669682,1.84590192267004,0.35465311171377406,0.2811531568443974,1.3732648000997656,1.2133843514695195
711,712,34,0.0010611774529987836,0.0013960995371556711,0.013702083851539475,0.009282371919919721,0.4444060839493485,0.5121643417393362,0.2898791763274109,0.1713864320724916,0.939339981359594,0.5594443244263568
712,713,34,0.00024521417745906063,0.00027298281635171687,0.009131372865179883,0.00408407739313756,0.6619384534218732,0.7225597987445724,0.47604401847895456,0.2187673435744649,1.1914539915673874,0.5461020835807505
713,714,34,0.0001333408879351255,0.00039968595387399183,0.004777696175391183,0.005121164523716024,0.3752827754737261,0.9557364908942225,0.2804337281952886,0.3012490977796411,1.187988520545118,1.398160891865782
714,715,34,0.0014444340344572778,0.0022195707639252153,0.01826470619177117,0.012304151552619333,1.0013578288421474,3.1710331011896224,0.41872017852523746,0.40972477835685156,1.4388432586017776,1.4232126332455017
715,716,34,0.00012163132963477812,7.509370192790443e-05,0.006402941427522284,0.0018481104578079721,0.2715124722351046,0.1690050385075737,0.302296936073724,0.08846803758510874,1.058333027012208,0.3169628643931963
716,717,34,0.0004966279123784582,0.0007498356210188602,0.010005269867285867,0.007661819185942181,0.5546707934836912,0.6573587554421497,0.35456062152105217,0.21612687892039154,1.0850676578633927,0.7047603531631111
717,718,34,0.0032941119776189547,0.00441283414922441,0.031814951613983684,0.019871902515193735,0.37285769807503505,0.36449012687241433,0.3523394868654363,0.1854624333116675,1.1452532717410255,0.5579816227748036
718,719,34,0.00012712744161463515,0.00013435780020777514,0.006757720674881164,0.003655783057545977,0.18869313340195837,0.20400284788795545,0.25989607918788404,0.14154050104161447,0.9790095765801037,0.5423494231917723
719,720,34,6.495246367087341e-05,0.0001474913146063226,0.004549632581663044,0.004305697336053442,0.4888431375627132,1.0863971696916368,0.38687023257507996,0.3746284572003354,1.291727355297874,1.3578959671554904
720,721,34,0.0001422581221023018,0.0001425104770895246,0.007407353328102652,0.0037166258711362546,0.11288142064586282,0.11434954836007506,0.20903642212643342,0.10336443985841945,0.8411217936698128,0.433991145073869
721,722,34,0.0018291378791325448,0.0040966503944581,0.012656740269021076,0.0137881679143848,3.912399126216769,13.986261787570342,0.5426220627611175,0.748333117106704,1.7584102425505133,2.2481994920220463
722,723,34,0.0001794276179091813,0.0002264122975174119,0.008125858151983908,0.005795248841206899,0.5695703914936852,0.6615130644378299,0.4757247895878904,0.31137022709083306,1.5049888027064942,0.8835407861511217
723,724,34,0.0005031761721337555,0.0013212764562109411,0.0073199755005428895,0.00967555022560276,0.2643795771359959,0.3143188052769226,0.3022810011444723,0.15602900134875874,1.0369694162817562,0.5235031172094592
724,725,34,0.00034178090034147853,0.0010682198274595634,0.006022794151623898,0.0051810649037770246,2.0945249588283548,7.855787677947545,0.4423703847124296,0.44125384253522776,1.4985113766263514,1.5438298679899072
725,726,34,0.0007291874352270444,0.002065891388159889,0.007337132643442601,0.009313634059837986,2.5666124975747047,9.330736760278961,0.4161290494615541,0.5995217846073018,1.4598797586034327,2.139101119196794
726,727,34,0.00036060776772180414,0.0006309188118575856,0.008296936455949703,0.004854227590277943,0.6575366557466195,0.851944067082817,0.3695014730534133,0.19023139999359465,1.096137705971213,0.5738374067413978
727,728,34,0.0005710982346660303,0.0009308177507374922,0.010200612890698454,0.007157903745368777,0.8129695736638763,0.8799512888948742,0.3953690373283975,0.20069992351206062,1.1973627288551891,0.7217916825939242
728,729,34,0.0017263468128957732,0.001968745364136732,0.023079412598984644,0.011099919587962817,0.49043105641270385,0.5486805456849831,0.38948965532814755,0.18224536422959642,1.1020499327603508,0.5190786264887816
729,730,34,5.2878949632298935e-05,5.63341036816208e-05,0.00471495115540593,0.0023483189787075654,0.17431542173247128,0.1612910019790818,0.27774085761869655,0.13479750040865837,0.9893612686325522,0.4859516749860957
730,731,34,0.00022387379362953652,0.0002539632200960054,0.008227819148861967,0.004604573352271937,0.26921710760935263,0.2865946240642947,0.286379748955369,0.15675483849326302,0.9342544674873352,0.5030025370164244
731,732,34,0.0016838643324958598,0.0014929564175520315,0.02002855484812137,0.009637703624049069,0.501401419586995,0.4285198278528071,0.3450542166829109,0.16279676383667022,1.13904108895975,0.5399330386958466
732,733,34,9.749994035747906e-05,0.00011175675148423232,0.00571335808319204,0.0033850268865922074,0.19284002578077727,0.2112970261650119,0.256117664715823,0.14933591306912808,0.9351060011369341,0.5478545371530436
733,734,34,0.0016829267438237473,0.0021188983318355475,0.0168937505222857,0.010643900057532194,0.5389532429330489,0.6199672473065596,0.3075656272909221,0.1697794447836637,1.0361515647348236,0.6294162977154529
734,735,34,4.170658219744142e-05,6.975220377930058e-05,0.003624142334207564,0.001928222627187854,0.27444183505962,0.5280739381211375,0.29260273321586494,0.1610906449341067,1.0606843846685745,0.6015636140034103
735,736,34,0.000959369646058322,0.0010902259283907063,0.015453309354865375,0.010090430872756897,0.7065516816561713,0.7789539960943489,0.4348517877652365,0.2843085545317253,1.2863148328135996,0.7930825367022776
736,737,34,0.0044790810404318855,0.01137680449810289,0.02717107952134136,0.03229796510212122,0.6612078995471272,0.8810718371373042,0.43485524834078904,0.27887891909561124,1.6949340061229818,1.7188085847766112
737,738,34,0.0004965949769136976,0.0006303247520768186,0.011030392461072873,0.0061528694288037426,0.42549058586797295,0.4873058038827861,0.330633204211207,0.16445298166972638,1.0163541576441597,0.542572620680249
738,739,34,0.000900106936623,0.001304527862354382,0.011538603254046072,0.008290390712351586,0.6771840423016864,0.9733042541403545,0.3393826199805035,0.1859051267483023,1.1260755758951693,0.626545305478273
739,740,34,0.0007647158439099525,0.0013704483491917426,0.013279289373552756,0.008967768873496533,0.476093090221505,0.8486101897565711,0.34391817735398517,0.21611929101882044,1.22056611890302,0.7715248335660068
740,741,34,0.0003666954023628932,0.0008263451297195177,0.0069165444720591255,0.005267637659058496,0.44703177800265087,0.8006353258456647,0.2902413008405882,0.16441776517424245,1.0643012260689455,0.5792682403440133
741,742,34,0.000544672785675924,0.0008177575738021125,0.01011139719048515,0.007297474809225333,0.5472937973955756,0.7315499931318329,0.3378316795124727,0.22900169687235095,1.0642043849562897,0.7064532826885396
742,744,34,0.00038839266907790955,0.0007239981224527301,0.009162745561779422,0.006296524279861241,0.25380308596033824,0.39166039075401893,0.25340819775181656,0.1487155454582716,0.9437700255828745,0.5590925851516595
743,745,34,0.0016825523182834492,0.00227316845991586,0.018535907031036913,0.01322012640657161,0.7142671353991746,0.9954380446681136,0.4078671873054084,0.25506386819853494,1.2148449569940567,0.7483365480727812
744,746,34,0.001664305480717838,0.0031503984358642804,0.015654902884681875,0.01432466841923219,0.8201579329804244,1.5194975671699404,0.3643880889696233,0.3017103953155058,1.1436751633882523,0.8582072313808993
745,747,34,0.002309411208751258,0.0041978459190302195,0.016189215526751736,0.01674528760288643,0.8588166982962695,1.3036865336979002,0.33787696490831237,0.2848463785669028,1.3880345729344032,1.2887891154888207
746,748,34,0.0007057467067785611,0.0019115256988052613,0.009367402084856568,0.010074650714750976,0.4968591945191078,0.7129915860419632,0.3508447198306813,0.18077864359555296,1.2005226287771673,0.6189548149408461
747,749,34,0.0009182422214400824,0.0009487876954359537,0.014330515583210131,0.008343418918234518,0.390219858244938,0.38691865706555173,0.3029492628924987,0.15146300678457036,0.982194293071242,0.4992791458741363
748,750,34,5.054008591501128e-05,9.834623794496204e-05,0.003517524602905135,0.002068626971230291,0.43303971589707274,0.8024012355024098,0.3303627503268859,0.19152193073010887,1.0831994221490973,0.6613752690586554
749,751,34,2.1808322514971223e-05,2.7637233863817854e-05,0.0024729167874765526,0.0012654386852198496,0.19369406379101908,0.2718069527820314,0.2326283777023063,0.11608903342044495,0.8349784507470972,0.4398820002859885
750,752,34,2.0842623264209524e-05,3.3201447253072844e-05,0.0025176470654140063,0.0014551309746863288,0.15392204075503876,0.24098790955389007,0.21794773769729278,0.12383487989969176,0.7630452347152373,0.44659343492913933
751,753,34,2.5932083554594367e-05,2.825514236703314e-05,0.00300220595261849,0.0018079753002559846,0.2249774583067526,0.24531265594224588,0.27951618678429546,0.1684764763724856,0.9655055614078746,0.5964141876197405
752,754,34,0.0006595916290868498,0.0007356951774210114,0.01265098060042981,0.0064854948190803795,0.46119663831503954,0.5253072048896439,0.33006950643132715,0.15762281131839745,1.2308868082130657,0.63906878954661
753,755,34,0.0003647394834227752,0.0004472382955926293,0.00912928965065957,0.005981118473926792,0.42934051966842485,0.6285170956063725,0.31658578751718297,0.19926508255774505,1.0819806088419521,0.7274546329655064
754,756,34,0.0004662826702983961,0.0008207147560927678,0.011543750033631702,0.006771761081164187,0.2908047892372398,0.4937839208266225,0.29729287216768546,0.15608202178440023,1.0171036404721878,0.5429285295681419
755,757,34,0.0010575971973594278,0.0012776659657893195,0.016006373341523987,0.008622321238990127,0.4104967947830172,0.46127754261135895,0.31663936946321936,0.15955486496950802,0.9827688012052985,0.49464989868555015
756,758,34,0.0012836576192699688,0.0013828460548412408,0.017768382772748524,0.009628500401836618,0.2987656957086395,0.2992025896348962,0.27381049918339534,0.1395169731433936,0.9955969641313833,0.5217315825536702
757,759,34,0.0003579894617038971,0.0005106986890708343,0.010906372801400721,0.006262091923080047,0.2761468497269294,0.301919282405923,0.3148062375976759,0.1763388885571806,1.1490691619760849,0.6468938496014724
758,760,34,0.0011596689901660498,0.0014910806397155504,0.013923162286279394,0.008651702711269083,0.4883110286284457,0.5221491861635328,0.3015825884307132,0.17322083734113952,1.1188443767673828,0.6300190928146406
759,761,34,0.0006288316079489424,0.001456309717236841,0.008879779673674527,0.005322482800521906,0.7375227853601032,1.1165146793784988,0.3575606186162023,0.1483995305484997,1.0867710389635141,0.49389324668240236
760,762,34,0.0009201182139055591,0.0008859888315510632,0.01700833357651444,0.00976200961811668,0.9847689925638192,1.0244859591111994,0.556452884174445,0.3184707973424651,1.6246763757046532,0.9660633870254021
761,763,34,0.0019661628049267594,0.002278994018584434,0.016438603757278007,0.009913858059400498,0.7043856709976407,0.7350680502413057,0.31270382312290806,0.1732359644680378,1.0677474491736467,0.5763111738779327
762,764,34,0.00020763278711028225,0.00033467309478334004,0.00818394631941748,0.005882982840328103,0.2977253772345755,0.5462832972529978,0.3102923465125701,0.22688596056875526,1.1279021681231611,0.9230636531263573
763,765,34,0.00010297160245981478,0.00022908036100935524,0.005514583519577761,0.00328785790664033,0.27074634149561033,0.6396944875859558,0.2805389989824856,0.15903919862895927,1.0076957485255074,0.5660224804799353
764,766,34,0.001596031255544136,0.002866692857258645,0.013233823828426573,0.010272700497712919,0.7752365177113782,0.9690044460805027,0.3210359110551722,0.20361392376874868,1.0123893005006455,0.6819387208561483
765,767,34,0.0007733841360758935,0.0008338813707130444,0.01358835814137231,0.006914491114408245,0.5332698308698395,0.5834816730079548,0.35860830457771525,0.18404762142648148,1.190567895770073,0.6109855275675841
766,768,34,0.004147302851539708,0.003341069281141934,0.034162132685784906,0.016893115360591317,0.4965605951352593,0.45038831356625353,0.37104362063109875,0.19354712141260255,1.282848262173288,0.7030614468398032
767,769,34,0.0022368647991885047,0.0025218950671583354,0.022342892774545094,0.011109923195561994,0.7088435806114884,0.8292736899138244,0.3963596601696575,0.2038588432156857,1.285647451877594,0.7826355707107131
768,770,34,0.0020865939659415744,0.002166233842667016,0.02127034400644548,0.010835513119290081,0.7325800242012038,0.8236116557179093,0.39565400209497004,0.209193285699161,1.2643833475954391,0.7804985416336584
769,771,34,0.0016329407334363649,0.0022576751279392887,0.016351226005045807,0.01099378968846748,0.9852334666202831,1.2862144759827752,0.41156349199659686,0.25270078904578946,1.3372946670826744,0.896323041901492
770,772,34,0.001586639128457618,0.0018410387048364897,0.01843884840662427,0.010143593818281406,0.7398850795100717,1.1217170820670055,0.3868484025930657,0.20799271981097506,1.1186818576910917,0.6438632306969481
771,773,34,0.0024594596340166927,0.0025971601107197084,0.01959730446448221,0.010121307262741384,0.8522710743743707,0.8815239544935215,0.37064171713941235,0.17764972676162993,1.0567830735269714,0.563564533910711
772,774,34,0.0013197167528527214,0.0016871937908821662,0.012842769967392087,0.007729577112691032,0.5900613185401786,0.7214605068422336,0.2821207259069471,0.17371227924736676,1.0017190777203615,0.6244138576771531
773,775,34,0.0007388918216506948,0.0009549681094552,0.013778676443240222,0.010594449168186033,0.4077458791914122,0.3760638543636582,0.35946982134790983,0.2121249407964129,1.1459151778151007,0.6211262151728181
774,776,34,0.00028953817245030007,0.00027685477609870005,0.009928431608440244,0.0046931369837368685,0.25321525346268625,0.24032387691047616,0.2922688100267859,0.1387799389797974,1.0376808818648844,0.5066856605820058
775,777,34,0.000674307986334016,0.0007856238928265297,0.015422304359483807,0.011634471293351913,0.6341785856741754,0.9698509018377829,0.47531162311925607,0.41181944521543495,1.6252093104755176,1.5851651765819277
776,778,34,0.00039015316478445823,0.0005704882901103355,0.010621323955574018,0.009155431173134516,0.4398226704010192,0.6414883483199425,0.36345236244447093,0.29932237660809036,1.148944590898121,0.9752375742085565
777,779,34,0.0006175207944419098,0.0008107736416797948,0.01247830901240163,0.006871725224967455,0.3366883834276129,0.3864641681015032,0.30255738799186316,0.1524141901158447,0.7864741845165982,0.3922010042594665
778,780,34,0.000576766391425147,0.0005831383377349033,0.012021446128047127,0.00625677817516759,0.46255088208571954,0.4685204124042313,0.3425925544956151,0.1696304256957886,1.0938520685714834,0.5834209248870107
779,781,34,0.0006840632496438475,0.0007149305173525518,0.013338112669503865,0.006932333181413892,0.5416187337764046,0.5638945697563323,0.37456852635916543,0.18792918744686007,1.1753330967005562,0.5881234760506602
780,782,34,0.0006920861333128414,0.0007132852575938478,0.012911519939627717,0.006326101244151808,0.5232188802157693,0.5540442910665747,0.35610517311622114,0.1794551888757911,1.1832197295392262,0.5915863348339419
781,783,34,0.001636758092311485,0.0013247895898865938,0.021677574375644326,0.009952547483766009,0.5376974671859952,0.4908682939565438,0.3924716049257447,0.1853348535771348,1.0271226500763613,0.47382856791694145
782,784,34,0.0010573110343744595,0.001404048492239054,0.015481495709322831,0.00882134560458935,0.6660312853534432,0.85670046348529,0.40135263038032193,0.20958507297361012,1.2387012462405598,0.6349013586316932
783,785,34,0.0012737749973038102,0.001467544540830149,0.017142279991222656,0.008986605653302959,0.4725493708735003,0.4993258408847874,0.3323270047412199,0.19329799359995786,0.8944550892885994,0.5316894765470227
784,786,34,0.0015690101016148487,0.0017394599269997181,0.019378677257062757,0.009713783291048671,0.5229897070676088,0.4891164155510478,0.3585294765584609,0.1712315596250164,0.9916081805439556,0.4468010845996026
785,787,34,0.0006824921520627173,0.0011550969836166053,0.012901348431649454,0.01051745718684276,0.6899912743418313,1.3599111376378636,0.39312280243372216,0.3355246142502429,1.334899510092595,1.1137735095884342
786,788,34,0.0002712324266988563,0.0003542801777344583,0.009654412070042728,0.005580871079403895,0.2575264266582535,0.3033271392796107,0.30677268544540687,0.17511902276083782,1.1143098149229498,0.6296100967716627
787,789,34,0.0011390813697557058,0.0008997092271086824,0.01636446127668023,0.008400014543693072,0.6191531483234618,0.5294302367480406,0.38204866768244433,0.19251312535875634,1.4034814860890894,0.7052057156694072
788,790,34,0.0005777950413483482,0.0015334479298592589,0.008437500285628416,0.011873481374280802,1.0385984994251938,2.5358264118411107,0.4456119821132982,0.4746810518935246,1.2912032341255861,1.1296751928336144
789,791,34,0.004609006240892033,0.0034737352430301988,0.03553431459209498,0.01672230147127185,0.5396699544371051,0.4830901015359061,0.38122889881624894,0.2038159170380817,1.298162215772797,0.6533794804422626
790,792,34,0.0005911680791541585,0.0006799997759375558,0.012487622833920313,0.00792802179706665,0.4819029968451051,0.5513643057348635,0.3585233962272896,0.2250754644285811,1.1926178257254993,0.873804246587326
791,793,34,0.0017854008281788351,0.0012484837824565471,0.020572059486499605,0.006540594114159722,0.6335029157207293,0.4542211398003416,0.39338049336391334,0.13707732569944026,1.34029722301399,0.4659340837351273
792,794,34,0.0009044048653295784,0.00113405947978623,0.013534681488047628,0.007578798854841876,0.4685186591985471,0.4569404541995039,0.32580387329354005,0.15789214959923867,1.0426665667225332,0.5268891785961373
793,795,34,0.001250220736812266,0.0015700734344047224,0.0143235297051861,0.010388548718208159,1.6708820895017946,2.6572869210594514,0.4992680363357067,0.4042720868903637,1.52388412724523,1.2342107882915772
794,796,34,0.0012688466531471931,0.0017013897777933807,0.015842525035088116,0.009467417368716527,0.9537330612896339,1.1191967968878471,0.4260519282782779,0.22396829639639315,1.3072544204838135,0.6926143841141577
795,797,34,0.0017154304860014236,0.0017880924278445098,0.016523162450860527,0.010149600474026854,0.488740046892096,0.5619380027285482,0.28679336848504405,0.1852609879271813,0.9367075628217529,0.5758958627573815
796,798,34,0.004735429916763678,0.004017212102867914,0.03698039346593706,0.02033456405675014,0.7560916487127542,0.573129288555656,0.4720300873193671,0.2379831454483719,1.3650192346643,0.6822433704260804
797,799,34,0.00020693273718814666,0.0002081233398210855,0.009167279589318615,0.004626016650491351,0.20456636861404953,0.21073374127186129,0.28725020477876945,0.14667101732348392,0.9873020140563741,0.529263527454545
798,800,34,0.00032927383875356583,0.000626145822166414,0.007815073785262512,0.005174226377576588,0.3724861526519389,0.5249038286700931,0.3141993406940909,0.17629567467104487,1.1332657942000557,0.6781784593354547
799,801,34,0.0033775204022223238,0.0024615830037784535,0.032423285685260504,0.013968336075371826,0.3973167559460682,0.26924955378632365,0.35443294705713496,0.14445110802372593,1.1461868478971369,0.4415592808633973
800,802,34,0.00020707809597511455,0.00024279989023321335,0.006933088140452609,0.004406274065432246,0.39394283070064645,0.4361155268696274,0.3063240294509074,0.18965421910159896,0.9591758864767411,0.586446288590566
801,803,34,0.0022041432945543956,0.0036019561695028843,0.02092977985739708,0.01423267172844893,1.6293235678664024,6.472461547416277,0.4277539597276379,0.5812377330367503,1.3503012481857748,2.6845793604625503
802,804,34,0.0029584728883278065,0.002445791464116024,0.03120612817378167,0.012197335989148224,0.5537946947357234,0.4013856266920377,0.43804466943530473,0.14337674188664307,1.1670951492646162,0.3303485364904433
803,805,34,0.0003168359062328818,0.00038359201686898975,0.009079289287054801,0.005027206759503087,0.3115460998378694,0.3633845588628157,0.2868712366942097,0.1576069176418234,0.9715816737974391,0.5325791797675788
804,806,34,0.00033692617189979716,0.0003522839813766758,0.010693995343685588,0.006229440726356409,0.22987774628050187,0.23474343419897126,0.2799707644564264,0.1603767078140949,1.0148589646115023,0.5644269029650996
805,807,34,0.0017316197918529831,0.0033858266062795185,0.017576225978486678,0.016738684077512653,0.7685109842602875,1.412173401239173,0.4024253096431494,0.34234497157020605,1.424703869749518,1.1841071355378436
806,808,34,0.0017774031873747898,0.0014923697615804629,0.020896569524398622,0.009475598194320504,0.5004572813563487,0.4050168815832848,0.3503643414553474,0.1537350687987023,1.1515147536993027,0.5256486930903019
807,809,34,0.0010133598471464425,0.0014949357316143689,0.01595735356814283,0.008489357935406972,0.42321479747838836,0.626363888226905,0.32671123041826133,0.17013493548151015,1.0060627057271845,0.5220879025902071
808,810,34,0.000861078644875841,0.0011400603546831952,0.012806985897066839,0.007267202062234209,0.5836926498998176,0.6932468801240662,0.33804749379701476,0.18767185890321414,1.0468763183144962,0.6022152396768874
809,811,34,0.0006061226732687347,0.0009384436560683092,0.011354902403100449,0.008126758499603952,0.5877993516897893,0.6574112101102257,0.37872470761923227,0.2181964938367102,1.215089912800228,0.7276924993459424
810,812,34,0.00031984408079712437,0.0002947651073511358,0.009000735692953801,0.004359639234927919,0.42393230427713957,0.38958741309396755,0.3299855697242653,0.1529172787767677,1.0438155694042934,0.4805145594158993
811,813,34,0.0019586011129671104,0.0018345314488996296,0.021273285068352434,0.009626839783211893,0.5612108298741719,0.5264595795874266,0.3592170259970076,0.168813100591504,1.2163904519642101,0.615300852727919
812,814,34,0.003886415492161177,0.0033812656244420554,0.02914387404042132,0.013522852161348513,0.5235638124320436,0.4941626035501683,0.3368152967270683,0.15589835475802444,1.0237070541171467,0.4724173257630736
813,815,34,0.0014093314952975454,0.0016508047297770188,0.01704240234924809,0.009718737441257175,0.5528858879252392,0.5538147165428435,0.35447339976535125,0.17694481086047023,1.0364449699135387,0.515214614814815
814,816,34,0.0004153278059942857,0.00038916464851055174,0.010841912192785564,0.005644807314326154,0.383504589800449,0.35420841634377626,0.33033204736078486,0.17579650653864437,1.0236495075856937,0.5678854370555142
815,817,34,0.0003350676355500368,0.0007538724237138662,0.008776715925812502,0.009440646462737411,0.512384236749152,0.6386815499771538,0.3928564293857883,0.28462460506088466,1.2876127844347673,0.9447539872558685
816,818,34,0.0002835053742541384,0.00034226858457865524,0.00882279425722492,0.00450237047771603,0.34126666489550295,0.39855765995980147,0.3071005379452425,0.15798728550650776,0.9476710724480012,0.5033500871792957
817,819,34,0.0017396430561990093,0.0020252668574118303,0.018297426608007622,0.009827747866589626,0.385143458185827,0.34050705137068854,0.2838404493077713,0.12453059619836725,0.9344743718119228,0.40816272219435057
818,820,34,0.001000069830324184,0.004785018118313858,0.00876507378073738,0.012535076145478963,0.5921766555265469,1.8658412677509286,0.31525827922365246,0.25423326248219547,1.079029019264614,1.144852138023331
819,821,34,0.00022500174691231223,0.00022463202913852859,0.009057843321523465,0.00616656211214238,0.35150344571208253,0.3455906518944766,0.35754464698188443,0.2414519001840281,1.1909174507155138,0.8056441429788009
820,822,34,0.0009937926372191107,0.0016066920484555495,0.0152399516390527,0.010129030866619593,0.2650836537975599,0.2728394589911999,0.29946562724516673,0.12788342003043007,0.9949697128990117,0.4295657669364159
821,823,34,0.0002487824358334311,0.0004545298095144413,0.006883578470853322,0.0033337557470640763,0.4879351558492464,0.7578548414232136,0.32773396175573855,0.15060491606851029,1.182289002572789,0.5300456175428567
822,824,34,0.0010814435100816328,0.004686083308109555,0.010868505211820936,0.012402933869331535,0.5016613099176217,1.366846638199395,0.31452007000060644,0.2191292775688011,1.0174118876457214,0.8461629804156038
823,825,34,0.0012104275752950772,0.0021457120899990886,0.013763726065757083,0.011551766066642918,0.4821293272954576,0.7211753361455556,0.3122869221603169,0.21798395087321654,1.074365085538696,0.8108302429382129
824,826,34,0.0003067526072567596,0.0005218045057663617,0.009200612993856125,0.007695488908623127,0.44222699166001644,0.7944900156200714,0.34783553288263436,0.32263597929381627,1.202909462592181,1.116864173551813
825,827,34,0.0009849186227417223,0.0009863506525561315,0.015082108459490188,0.008085028740834348,0.44157612186801787,0.43009825246385425,0.32051826531396194,0.16970342029397295,1.0387766001855625,0.5262718028193857
826,828,34,0.0007187895699269789,0.0009163762997728479,0.011584068675908972,0.007948820132971357,0.46338551042272763,0.46663790424529844,0.31343745834687176,0.19572460723481858,1.0259047886904549,0.6120272592715102
827,829,34,0.0006932188977289651,0.0007065630815383224,0.012322059202501002,0.0077211194733448315,0.4360124468255569,0.42885641484379494,0.30883682628764825,0.19321296779449665,0.9975561806384254,0.596985553707402
828,830,34,0.0009199035541635513,0.0015791264854346705,0.013081250530804563,0.010116260557041002,0.4515704384402317,0.5215048234471339,0.3284077068023822,0.20869766323290043,1.0411686266169828,0.6472583967766207
829,831,34,4.834520941986899e-05,4.747718937512576e-05,0.004839828546049402,0.0026286835648761456,0.2220720729571493,0.21860752979276998,0.3300905091797604,0.1741318568466252,1.1940711535075132,0.6213406244008081
830,832,34,0.0003403172177460125,0.0006042814819978462,0.008544853059848881,0.006440835016143614,0.7395232192185872,1.3586054451491179,0.4092841450782383,0.29092878687114815,1.3922457002541597,0.994752846293001
831,833,34,0.0016354581660393437,0.00307384591489137,0.015581372858244269,0.01959798089593939,1.015271144467132,1.7730204802287375,0.4426377230488202,0.42221494886689775,1.8987723505672287,2.082319604881071
832,834,34,0.0010282504677246941,0.0015055155182977663,0.017884314279345906,0.013080891465557224,0.4726995848776663,0.4610950366534201,0.41584212552098665,0.2200697210110547,1.2454923899734722,0.5795681205412655
833,835,34,0.00045739085499676816,0.0007497670736394274,0.010143382553531624,0.007885879447242542,0.38979080464581356,0.5344830453204432,0.3179476716939141,0.220654206339749,1.1219161358826302,0.7745866873774162
834,836,34,0.0006564218227070154,0.00170197517331193,0.009778186576167011,0.0099280383638798,0.39076263382893933,0.5179845787907422,0.3224182475139113,0.1917492045003822,1.169541852439151,0.7323918806575865
835,837,34,0.0021052468413579523,0.002289809022194539,0.022596201708759454,0.012911531100316063,0.607591201825177,0.628729153683343,0.38330356031656265,0.22432416587954404,1.419596229405964,0.848016687529766
836,838,34,9.916249293570111e-05,0.00012879750998636314,0.005191544351606246,0.0035017563987620685,0.3634131698430899,0.4203607953083582,0.3233843513709657,0.209692003960043,1.0204434149405535,0.6583436708348229
837,839,34,0.0020236634034731917,0.0014729252962770638,0.024614461615462515,0.010004993331724133,0.4805281659697785,0.3055834739733208,0.38143572386573343,0.13192148716815622,1.1643325809170217,0.39507750019495647
838,840,34,0.0077506257834944765,0.01460322286910875,0.02298615244902013,0.03445048501267584,0.48651492702500787,0.4742121011344973,0.38562314595808,0.20520099274943449,1.2761374817175024,0.6620766292203326
839,841,34,0.00011115401294399122,0.00012069242631204442,0.006409926702925826,0.003643311271169582,0.18018050647943334,0.19998016283521922,0.25741124503752766,0.14712114338097074,0.9722514660919414,0.5463788658288797
840,842,34,0.00011810906028800032,0.00011063461156859818,0.0071748776210691124,0.0036797835792597732,0.10758106867947123,0.09547820501322364,0.21856524400851307,0.10737502167770484,0.8340177737614688,0.40181000386018273
841,843,34,0.0016083945699312393,0.003987055808937118,0.009878309217610341,0.011699535913101668,0.7483787570860895,1.4222771977206246,0.31279882262734804,0.2128668854461736,1.1116414679323925,0.8455014354776825
842,844,34,5.853844663761265e-05,8.976666501179926e-05,0.004471446195726886,0.0026066167214581623,0.17378892585196914,0.1576614483274253,0.2571590332423939,0.1199886138317077,1.0343166712452383,0.4919377870001741
843,845,34,0.0010475257410743164,0.0017235150011875268,0.011087745270582245,0.007597348637234616,0.6483021959703525,1.0852436879202851,0.2729007825255394,0.16215270563295395,0.9623829827589148,0.6010375615204618
844,846,34,0.0011904850883130327,0.0011950160803484695,0.014807720764485352,0.009148471357303727,0.45221348262994604,0.43911983712715286,0.2903529624728596,0.17816674980137914,0.9843190513989505,0.6273171943517003
845,847,34,0.00106634556365915,0.0011033869180419118,0.015623529729269007,0.009412850628930838,0.34539866450187917,0.3495940879352675,0.28170667851672454,0.16654838873017808,1.0239592667888193,0.6097153060341695
846,848,34,0.0010204918507952243,0.000793264689668913,0.015043628059656304,0.005487006519325726,0.6305583026260138,0.5551850522543456,0.3674594010500347,0.13926437218518348,1.1310279527131248,0.46347888618646044
847,849,34,0.0009748004261328949,0.0010674432641282526,0.014636765151996823,0.0075229105187542035,0.3484983055249733,0.33302162929073675,0.27795370186076446,0.13125998195226857,0.7909840091186411,0.3531151029472803
848,850,34,0.00045474752133647115,0.0007541913686291939,0.010159681503222707,0.006784886370073497,0.5780029738705386,0.7706836319752352,0.3919677594128777,0.24057951972613018,1.181139044025365,0.7015753209101379
849,851,34,0.0015386747216004604,0.002620982645626755,0.015602206092273049,0.012926015602718938,0.4469017636250047,0.5256293636438921,0.32984953296973424,0.20191346789537865,1.2039386332035065,0.7398120923102692
850,852,34,2.6490073871761578e-05,2.9539222991839494e-05,0.0032174020204419162,0.0017555621426148446,0.2106797954560641,0.18110900325950471,0.3030078725560623,0.15431710126601553,1.1004973439609302,0.5551681850321972
851,853,34,3.764193723675228e-05,3.566274566096532e-05,0.00370735303252278,0.0019210426585100143,0.2501013818854356,0.2728702155894264,0.2966717370950124,0.16044466779318273,1.0386209698284374,0.5482393981496928
852,854,34,0.0003120888920741837,0.000303230266928143,0.010040073765113074,0.006177361761500157,0.8254694501485895,0.8751516020055637,0.5128688919631874,0.3420073354769838,1.5636808977407568,1.0992577835428918
853,855,34,0.0005615661730055709,0.0015902197469098633,0.008685784493162133,0.008770137712718602,1.0717289660755984,2.391384204568077,0.43839310920413804,0.4141544775331839,1.4924694729201935,1.4069909324995347
854,856,34,5.1722783148440666e-05,5.650512781344456e-05,0.004145220709581147,0.00226152611433721,0.30162096798748655,0.36648196578014225,0.31224663369357586,0.1810766631594284,1.0863511457162744,0.6058605782845654
855,857,34,4.40569742482587e-05,4.117809650974667e-05,0.004363848146407262,0.0024895889197896364,0.1670266095932354,0.14710967586283183,0.2697212366277681,0.1368556280058585,0.9791002974790686,0.4944954575779926
856,858,34,0.00018638729436722367,0.0005004678976083044,0.007350613024113152,0.008902851593878157,0.5431270488702199,1.1053866364030107,0.4264897697550409,0.42450699155440114,1.6832545592504389,1.8979047109569684
857,859,34,0.00018566482434407053,0.00050681602044207,0.007366544327369946,0.008637276275310345,0.370050355545519,0.7851920370672968,0.3532666563987732,0.3385833914584896,1.3252287051256966,1.3681122471253275
858,860,34,7.847914352008528e-05,8.954432202861774e-05,0.005330882422105574,0.003616693817502241,0.3013819685644087,0.2851187280145028,0.33928797372123776,0.1963511221200268,1.0743908566587113,0.5563316626917233
859,OT,34,5.274974599909483e-05,5.6519263357869616e-05,0.004977573698852211,0.0030172977413442806,0.13659031102981636,0.12108117511322901,0.2599196769297123,0.1383396601223824,0.9710219178129645,0.5080971236287771
