user_id,user_name,query_index,query_datetime,mse,mae,nmse,nmae,mase
0,0,335,2006-01-14T23:00:00.000000,1379.4443359375,19.5782413482666,0.19218550622463226,0.23109042644500732,0.9858425855636597
1,1,335,2006-01-14T23:00:00.000000,616.6580200195312,13.931506156921387,0.3036918342113495,0.3091665208339691,1.347185492515564
2,2,335,2006-01-14T23:00:00.000000,595.951416015625,12.379810333251953,0.38043344020843506,0.31278643012046814,1.4355268478393555
3,3,335,2006-01-14T23:00:00.000000,868.8185424804688,15.178050994873047,0.4284301698207855,0.337047815322876,1.5186665058135986
4,4,335,2006-01-14T23:00:00.000000,1200.4271240234375,19.620817184448242,0.2394920438528061,0.2771371304988861,1.1963695287704468
5,5,335,2006-01-14T23:00:00.000000,5450.13818359375,37.93175506591797,0.3146170973777771,0.2881975769996643,1.2321475744247437
6,6,335,2006-01-14T23:00:00.000000,214.58079528808594,7.545769691467285,0.12634709477424622,0.18310099840164185,0.7640187740325928
7,7,335,2006-01-14T23:00:00.000000,369.41656494140625,9.551889419555664,0.2813520133495331,0.2636064887046814,1.1259262561798096
8,8,335,2006-01-14T23:00:00.000000,607.5716552734375,13.064470291137695,0.3316766321659088,0.30524635314941406,1.3193650245666504
9,9,335,2006-01-14T23:00:00.000000,664.553466796875,12.75027084350586,0.5096988677978516,0.35311099886894226,1.4909734725952148
10,10,335,2006-01-14T23:00:00.000000,668.151611328125,13.52354621887207,0.4836241602897644,0.3638371229171753,1.6027692556381226
11,11,335,2006-01-14T23:00:00.000000,185.61009216308594,6.780314922332764,0.264112263917923,0.2557663023471832,1.1067609786987305
12,12,335,2006-01-14T23:00:00.000000,714.1820068359375,14.32526683807373,0.3719407916069031,0.32691526412963867,1.395899772644043
13,13,335,2006-01-14T23:00:00.000000,862.5492553710938,14.760808944702148,0.6159995794296265,0.394464910030365,1.7623118162155151
14,14,335,2006-01-14T23:00:00.000000,1070.19775390625,17.717016220092773,0.43160542845726013,0.35579681396484375,1.5171003341674805
15,15,335,2006-01-14T23:00:00.000000,234.9559326171875,8.973552703857422,0.4031933546066284,0.37173017859458923,1.489220142364502
16,16,335,2006-01-14T23:00:00.000000,704.768310546875,14.298534393310547,0.3894558846950531,0.33612245321273804,1.39960515499115
17,17,335,2006-01-14T23:00:00.000000,693.9947509765625,14.261004447937012,0.3916550874710083,0.338784784078598,1.4673618078231812
18,18,335,2006-01-14T23:00:00.000000,630.8269653320312,11.67868709564209,0.47275012731552124,0.3197088837623596,1.3612473011016846
19,19,335,2006-01-14T23:00:00.000000,804.7577514648438,13.656893730163574,0.5769656896591187,0.36567422747612,1.5942082405090332
20,20,335,2006-01-14T23:00:00.000000,731.8449096679688,14.514604568481445,0.36440107226371765,0.32388103008270264,1.4300732612609863
21,21,335,2006-01-14T23:00:00.000000,540.4962158203125,12.903018951416016,0.30545932054519653,0.306740939617157,1.229732871055603
22,22,335,2006-01-14T23:00:00.000000,1055.7537841796875,17.019624710083008,0.4776647686958313,0.36201807856559753,1.6342508792877197
23,23,335,2006-01-14T23:00:00.000000,7655.2421875,47.254913330078125,0.6735057830810547,0.4432392120361328,1.9970223903656006
24,24,335,2006-01-14T23:00:00.000000,839.9228515625,15.791800498962402,0.45720192790031433,0.36843928694725037,1.5957087278366089
25,25,335,2006-01-14T23:00:00.000000,494.7680358886719,11.491043090820312,0.4628256559371948,0.35145312547683716,1.4968117475509644
26,26,335,2006-01-14T23:00:00.000000,612.693115234375,12.023195266723633,0.45936715602874756,0.32921403646469116,1.4624098539352417
27,27,335,2006-01-14T23:00:00.000000,543.2308349609375,13.30530834197998,0.2493802309036255,0.2850780189037323,1.230204701423645
28,28,335,2006-01-14T23:00:00.000000,4912.916015625,36.07855987548828,0.4567376375198364,0.34786683320999146,1.430943250656128
29,29,335,2006-01-14T23:00:00.000000,792.6776123046875,13.513298034667969,0.5756760835647583,0.36416834592819214,1.5590834617614746
30,30,335,2006-01-14T23:00:00.000000,593.8548583984375,12.575567245483398,0.47024738788604736,0.35387563705444336,1.5570725202560425
31,31,335,2006-01-14T23:00:00.000000,2267.683837890625,26.499326705932617,0.24425971508026123,0.27502334117889404,1.2038127183914185
32,32,335,2006-01-14T23:00:00.000000,673.4549560546875,13.108987808227539,0.35399359464645386,0.3005470931529999,1.2360703945159912
33,33,335,2006-01-14T23:00:00.000000,723.1688842773438,12.507318496704102,0.47022876143455505,0.3189326226711273,1.372854471206665
34,34,335,2006-01-14T23:00:00.000000,796.2635498046875,15.027042388916016,0.6018516421318054,0.41313299536705017,1.801997184753418
35,35,335,2006-01-14T23:00:00.000000,524.1834106445312,11.511225700378418,0.3355969190597534,0.2912653684616089,1.3066754341125488
36,36,335,2006-01-14T23:00:00.000000,778.56982421875,15.048677444458008,0.45149001479148865,0.36238786578178406,1.5696204900741577
37,37,335,2006-01-14T23:00:00.000000,347.55206298828125,9.47836685180664,0.3703792691230774,0.3094189465045929,1.249509334564209
38,38,335,2006-01-14T23:00:00.000000,329.67022705078125,8.875152587890625,0.19867949187755585,0.2178775668144226,0.869705855846405
39,39,335,2006-01-14T23:00:00.000000,648.2911987304688,12.447229385375977,0.4697471559047699,0.33505773544311523,1.3740928173065186
40,40,335,2006-01-14T23:00:00.000000,5572.70849609375,36.01778793334961,0.38618773221969604,0.2998355031013489,1.2712116241455078
41,41,335,2006-01-14T23:00:00.000000,669.92626953125,13.606050491333008,0.44724804162979126,0.35155460238456726,1.5169153213500977
42,42,335,2006-01-14T23:00:00.000000,1064.362548828125,16.58595085144043,0.5118829607963562,0.3637315034866333,1.61080002784729
43,43,335,2006-01-14T23:00:00.000000,943.8951416015625,14.93082046508789,0.6807310581207275,0.4009678363800049,1.7397650480270386
44,44,335,2006-01-14T23:00:00.000000,827.074951171875,15.237018585205078,0.22677259147167206,0.25230324268341064,1.0714753866195679
45,45,335,2006-01-14T23:00:00.000000,753.0607299804688,14.81607723236084,0.6068903207778931,0.4206039309501648,1.7977417707443237
46,46,335,2006-01-14T23:00:00.000000,240.3732147216797,7.999139308929443,0.2481554001569748,0.2570171356201172,1.0702579021453857
47,47,335,2006-01-14T23:00:00.000000,556.9891967773438,10.33929443359375,0.3205771744251251,0.2480469048023224,1.1053657531738281
48,48,335,2006-01-14T23:00:00.000000,764.0404663085938,15.246345520019531,0.3727834224700928,0.3367719054222107,1.4577105045318604
49,49,335,2006-01-14T23:00:00.000000,337.95037841796875,9.192434310913086,0.2078648805618286,0.22797885537147522,0.9430879950523376
50,50,335,2006-01-14T23:00:00.000000,699.487548828125,13.25682258605957,0.3761773705482483,0.3074296712875366,1.3291738033294678
51,51,335,2006-01-14T23:00:00.000000,791.908935546875,13.673358917236328,0.5443193912506104,0.3584796190261841,1.4546589851379395
52,52,335,2006-01-14T23:00:00.000000,932.4630737304688,16.46185302734375,0.4594022035598755,0.3653923273086548,1.536604881286621
53,53,335,2006-01-14T23:00:00.000000,743.6366577148438,13.853033065795898,0.40826651453971863,0.3245909810066223,1.3770818710327148
54,54,335,2006-01-14T23:00:00.000000,91.54768371582031,4.903837203979492,0.05358245596289635,0.11863796412944794,0.4989781081676483
55,55,335,2006-01-14T23:00:00.000000,771.3346557617188,14.591398239135742,0.39076560735702515,0.32842302322387695,1.4480738639831543
56,56,335,2006-01-14T23:00:00.000000,830.2886962890625,15.331871032714844,0.4527888000011444,0.35803741216659546,1.4876688718795776
57,57,335,2006-01-14T23:00:00.000000,708.0443725585938,12.949941635131836,0.5257313251495361,0.35287386178970337,1.499301791191101
58,58,335,2006-01-14T23:00:00.000000,505.02728271484375,10.473262786865234,0.28903722763061523,0.25055405497550964,1.0761082172393799
59,59,335,2006-01-14T23:00:00.000000,884.824951171875,16.650585174560547,0.4754142761230469,0.38595518469810486,1.5947469472885132
60,60,335,2006-01-14T23:00:00.000000,237.79696655273438,7.632935523986816,0.27117064595222473,0.25775665044784546,1.0518875122070312
61,61,335,2006-01-14T23:00:00.000000,1032.8125,15.562045097351074,0.47139760851860046,0.33246779441833496,1.498630404472351
62,62,335,2006-01-14T23:00:00.000000,644.6695556640625,11.971864700317383,0.4582637548446655,0.31919118762016296,1.3644192218780518
63,63,335,2006-01-14T23:00:00.000000,564.8001708984375,11.314948081970215,0.39059218764305115,0.29755479097366333,1.2725374698638916
64,64,335,2006-01-14T23:00:00.000000,666.92822265625,12.733222007751465,0.38246938586235046,0.30492785573005676,1.2607524394989014
65,65,335,2006-01-14T23:00:00.000000,342.7338562011719,9.195405960083008,0.21905001997947693,0.23246842622756958,0.9525529146194458
66,66,335,2006-01-14T23:00:00.000000,1168.376708984375,18.427059173583984,0.5814656019210815,0.4110802114009857,1.8009874820709229
67,67,335,2006-01-14T23:00:00.000000,566.4248046875,13.05728530883789,0.2719205319881439,0.28609010577201843,1.230571985244751
68,68,335,2006-01-14T23:00:00.000000,1111.037353515625,16.916439056396484,0.24306127429008484,0.2502087354660034,0.9639407396316528
69,69,335,2006-01-14T23:00:00.000000,4103.30078125,34.53170394897461,0.5014086365699768,0.3817220628261566,1.6695945262908936
70,70,335,2006-01-14T23:00:00.000000,1548.826904296875,19.645252227783203,0.3453277349472046,0.29334044456481934,1.2981359958648682
71,71,335,2006-01-14T23:00:00.000000,454.6575622558594,9.585916519165039,0.4420388638973236,0.2988970875740051,1.317719578742981
72,72,335,2006-01-14T23:00:00.000000,822.3310546875,14.997408866882324,0.47057777643203735,0.35876378417015076,1.5277884006500244
73,73,335,2006-01-14T23:00:00.000000,6275.970703125,43.65256881713867,0.4588164985179901,0.37324056029319763,1.6547038555145264
74,74,335,2006-01-14T23:00:00.000000,766.95556640625,13.940818786621094,0.38327428698539734,0.31164348125457764,1.3527717590332031
75,75,335,2006-01-14T23:00:00.000000,956.0092163085938,17.044124603271484,0.5190346240997314,0.3971383273601532,1.7408931255340576
76,76,335,2006-01-14T23:00:00.000000,777.2318725585938,14.607009887695312,0.3210054039955139,0.29685351252555847,1.2160711288452148
77,77,335,2006-01-14T23:00:00.000000,821.6605224609375,15.474048614501953,0.6051185131072998,0.41993099451065063,1.9141149520874023
78,78,335,2006-01-14T23:00:00.000000,1241.5272216796875,18.747650146484375,0.5966336131095886,0.41098177433013916,1.8390274047851562
79,79,335,2006-01-14T23:00:00.000000,497.718505859375,11.541820526123047,0.27025270462036133,0.26894742250442505,1.1509867906570435
80,80,335,2006-01-14T23:00:00.000000,1582.2679443359375,19.46479034423828,0.36075878143310547,0.2939126193523407,1.3190462589263916
81,81,335,2006-01-14T23:00:00.000000,530.1114501953125,10.422517776489258,0.4343816041946411,0.29834914207458496,1.270206332206726
82,82,335,2006-01-14T23:00:00.000000,131.4601593017578,5.599416732788086,0.07616544514894485,0.13477976620197296,0.5976754426956177
83,83,335,2006-01-14T23:00:00.000000,334.5522766113281,9.717645645141602,0.39792606234550476,0.3351430892944336,1.3990938663482666
84,84,335,2006-01-14T23:00:00.000000,653.5986938476562,12.026934623718262,0.5036487579345703,0.33385908603668213,1.364198088645935
85,85,335,2006-01-14T23:00:00.000000,343.42694091796875,8.87558650970459,0.22769302129745483,0.22853605449199677,1.0128841400146484
86,86,335,2006-01-14T23:00:00.000000,599.89111328125,12.230490684509277,0.34264081716537476,0.29229891300201416,1.1869103908538818
87,87,335,2006-01-14T23:00:00.000000,473.2290954589844,10.396966934204102,0.3058259189128876,0.2643066644668579,1.0933868885040283
88,88,335,2006-01-14T23:00:00.000000,449.8974304199219,11.032732009887695,0.40105140209198,0.3294020891189575,1.4024837017059326
89,89,335,2006-01-14T23:00:00.000000,480.3197021484375,11.28438949584961,0.32711270451545715,0.29448390007019043,1.2693564891815186
90,90,335,2006-01-14T23:00:00.000000,397.209228515625,9.093027114868164,0.3810577094554901,0.2816399335861206,1.2202228307724
91,91,335,2006-01-14T23:00:00.000000,610.6134643554688,12.117938995361328,0.3444439172744751,0.2878093123435974,1.2381083965301514
92,92,335,2006-01-14T23:00:00.000000,825.22412109375,15.224394798278809,0.4614987075328827,0.36003053188323975,1.4998301267623901
93,93,335,2006-01-14T23:00:00.000000,584.563720703125,11.199710845947266,0.33827292919158936,0.2694166898727417,1.179769515991211
94,94,335,2006-01-14T23:00:00.000000,341.36578369140625,9.230880737304688,0.2603214681148529,0.25491076707839966,1.0596754550933838
95,95,335,2006-01-14T23:00:00.000000,644.6409912109375,13.736979484558105,0.35990822315216064,0.3245847821235657,1.4375059604644775
96,96,335,2006-01-14T23:00:00.000000,489.11688232421875,10.579458236694336,0.40675121545791626,0.3050854504108429,1.2733511924743652
97,97,335,2006-01-14T23:00:00.000000,543.676513671875,11.168598175048828,0.35977208614349365,0.2873042821884155,1.253469467163086
98,98,335,2006-01-14T23:00:00.000000,409.7946472167969,10.893916130065918,0.3976021409034729,0.33933234214782715,1.5351290702819824
99,99,335,2006-01-14T23:00:00.000000,1136.2298583984375,19.54933738708496,0.5538901090621948,0.4316291809082031,1.8700823783874512
100,100,335,2006-01-14T23:00:00.000000,326.6421813964844,9.120521545410156,0.3694450557231903,0.30673152208328247,1.2834471464157104
101,101,335,2006-01-14T23:00:00.000000,256.8899230957031,7.852447032928467,0.28225722908973694,0.26028794050216675,1.040902853012085
102,102,335,2006-01-14T23:00:00.000000,794.1689453125,13.829017639160156,0.5470976233482361,0.3629671335220337,1.6751840114593506
103,103,335,2006-01-14T23:00:00.000000,612.918701171875,11.349853515625,0.48264652490615845,0.31849563121795654,1.381312370300293
104,104,335,2006-01-14T23:00:00.000000,1440.287109375,19.226612091064453,0.2747936248779297,0.2655715346336365,1.103898286819458
105,105,335,2006-01-14T23:00:00.000000,1082.531982421875,16.836536407470703,0.16746829450130463,0.20941060781478882,0.8871928453445435
106,106,335,2006-01-14T23:00:00.000000,432.215576171875,10.422274589538574,0.3212501108646393,0.28414103388786316,1.2336013317108154
107,107,335,2006-01-14T23:00:00.000000,875.6996459960938,15.348601341247559,0.45443448424339294,0.34964466094970703,1.3880575895309448
108,108,335,2006-01-14T23:00:00.000000,584.446533203125,11.964311599731445,0.39055585861206055,0.309283584356308,1.3400349617004395
109,109,335,2006-01-14T23:00:00.000000,955.29248046875,16.014846801757812,0.46912914514541626,0.354895681142807,1.5476182699203491
110,110,335,2006-01-14T23:00:00.000000,751.703369140625,15.084814071655273,0.4825635552406311,0.3822028338909149,1.6599587202072144
111,111,335,2006-01-14T23:00:00.000000,876.8087158203125,14.819647789001465,0.41145843267440796,0.3210320472717285,1.4480332136154175
112,112,335,2006-01-14T23:00:00.000000,93.53688049316406,5.046617031097412,0.12787804007530212,0.18659798800945282,0.7872854471206665
113,113,335,2006-01-14T23:00:00.000000,870.9640502929688,14.196588516235352,0.644952654838562,0.3863205313682556,1.7455248832702637
114,114,335,2006-01-14T23:00:00.000000,368.5968933105469,10.387824058532715,0.18238316476345062,0.2310687005519867,1.0059901475906372
115,115,335,2006-01-14T23:00:00.000000,85.96019744873047,4.300354957580566,0.5110570192337036,0.3315814733505249,1.4348793029785156
116,116,335,2006-01-14T23:00:00.000000,970.490966796875,14.326465606689453,0.460918664932251,0.31221625208854675,1.360133171081543
117,117,335,2006-01-14T23:00:00.000000,728.7557373046875,15.155517578125,0.34964391589164734,0.3319653868675232,1.450516939163208
118,118,335,2006-01-14T23:00:00.000000,596.638916015625,12.752535820007324,0.3359428346157074,0.30260318517684937,1.2528886795043945
119,119,335,2006-01-14T23:00:00.000000,351.0980224609375,8.85696792602539,0.3593069314956665,0.28333723545074463,1.2175649404525757
120,120,335,2006-01-14T23:00:00.000000,603.0022583007812,12.661401748657227,0.32045647501945496,0.2918817102909088,1.2631614208221436
121,121,335,2006-01-14T23:00:00.000000,4101.541015625,34.134178161621094,0.5278264284133911,0.38722333312034607,1.512099266052246
122,122,335,2006-01-14T23:00:00.000000,1216.143310546875,18.643131256103516,0.5681421756744385,0.4029535949230194,1.8247673511505127
123,123,335,2006-01-14T23:00:00.000000,760.8451538085938,15.43947982788086,0.4156816601753235,0.3608817756175995,1.5218247175216675
124,124,335,2006-01-14T23:00:00.000000,3749.75439453125,32.66160583496094,0.5887550711631775,0.40926384925842285,1.8091931343078613
125,125,335,2006-01-14T23:00:00.000000,2430.197509765625,25.61402130126953,0.5791057348251343,0.3953993320465088,1.6689094305038452
126,126,335,2006-01-14T23:00:00.000000,253.74197387695312,8.479795455932617,0.43925929069519043,0.3528171479701996,1.4337714910507202
127,127,335,2006-01-14T23:00:00.000000,673.6009521484375,12.802492141723633,0.3664586544036865,0.2986109256744385,1.2923624515533447
128,128,335,2006-01-14T23:00:00.000000,631.8558349609375,13.796577453613281,0.34025585651397705,0.32015860080718994,1.3292264938354492
129,129,335,2006-01-14T23:00:00.000000,76.14401245117188,4.840902328491211,0.4145958423614502,0.3572077453136444,1.49617338180542
130,130,335,2006-01-14T23:00:00.000000,652.5296630859375,13.955831527709961,0.40052446722984314,0.3457563817501068,1.5131577253341675
131,131,335,2006-01-14T23:00:00.000000,412.8593444824219,9.643282890319824,0.3391586244106293,0.2763918936252594,1.1726378202438354
132,132,335,2006-01-14T23:00:00.000000,548.7640380859375,11.596312522888184,0.40558573603630066,0.3152596950531006,1.3858814239501953
133,133,335,2006-01-14T23:00:00.000000,392.79107666015625,10.593050003051758,0.18396493792533875,0.22924911975860596,0.9830387830734253
134,134,335,2006-01-14T23:00:00.000000,660.360595703125,14.02125072479248,0.3939669132232666,0.34247279167175293,1.445845603942871
135,135,335,2006-01-14T23:00:00.000000,784.60107421875,15.973760604858398,0.6280221939086914,0.4519290328025818,1.878804087638855
136,136,335,2006-01-14T23:00:00.000000,1125.962890625,16.757720947265625,0.30101969838142395,0.2739998698234558,1.0995234251022339
0,0,847,2006-02-05T07:00:00.000000,2466.16552734375,23.385353088378906,0.3151273727416992,0.2643479108810425,1.2216243743896484
1,1,847,2006-02-05T07:00:00.000000,504.25982666015625,8.919814109802246,0.24553357064723969,0.1968267261981964,0.8645356893539429
2,2,847,2006-02-05T07:00:00.000000,996.912109375,15.921226501464844,0.5236867070198059,0.3649084270000458,1.7297824621200562
3,3,847,2006-02-05T07:00:00.000000,1069.828857421875,15.324713706970215,0.48690587282180786,0.32693225145339966,1.5382798910140991
4,4,847,2006-02-05T07:00:00.000000,1249.814208984375,17.339309692382812,0.20287787914276123,0.22091561555862427,1.0033977031707764
5,5,847,2006-02-05T07:00:00.000000,7838.416015625,37.77455139160156,0.42039936780929565,0.27664077281951904,1.2163846492767334
6,6,847,2006-02-05T07:00:00.000000,208.4192352294922,7.352290630340576,0.11193174123764038,0.17038463056087494,0.7993046641349792
7,7,847,2006-02-05T07:00:00.000000,1091.392578125,15.39152717590332,0.6180382370948792,0.3662679195404053,1.6249092817306519
8,8,847,2006-02-05T07:00:00.000000,1276.205810546875,16.18073081970215,0.5657680034637451,0.3406880795955658,1.613641619682312
9,9,847,2006-02-05T07:00:00.000000,844.3414916992188,14.988078117370605,0.4478157162666321,0.3451727330684662,1.5715444087982178
10,10,847,2006-02-05T07:00:00.000000,969.78466796875,15.758464813232422,0.5513097047805786,0.37572845816612244,1.7405776977539062
11,11,847,2006-02-05T07:00:00.000000,92.56452941894531,4.965969085693359,0.12504088878631592,0.1825188398361206,0.8086915016174316
12,12,847,2006-02-05T07:00:00.000000,1395.5926513671875,18.029827117919922,0.6075455546379089,0.3761851489543915,1.6219533681869507
13,13,847,2006-02-05T07:00:00.000000,951.3330078125,16.019155502319336,0.5253593325614929,0.3764450252056122,1.6549735069274902
14,14,847,2006-02-05T07:00:00.000000,1509.411376953125,19.231727600097656,0.5293267369270325,0.3601442277431488,1.6718037128448486
15,15,847,2006-02-05T07:00:00.000000,175.00936889648438,6.328139305114746,0.2602430284023285,0.2440253347158432,1.1046174764633179
16,16,847,2006-02-05T07:00:00.000000,1449.037841796875,17.161813735961914,0.6686624884605408,0.36866065859794617,1.6093405485153198
17,17,847,2006-02-05T07:00:00.000000,1410.8524169921875,16.92180824279785,0.6627410650253296,0.3667565584182739,1.5815434455871582
18,18,847,2006-02-05T07:00:00.000000,939.100830078125,14.872196197509766,0.5252195596694946,0.3517138659954071,1.5559848546981812
19,19,847,2006-02-05T07:00:00.000000,1016.951904296875,15.905383110046387,0.5609577298164368,0.3735588490962982,1.577097773551941
20,20,847,2006-02-05T07:00:00.000000,1248.0426025390625,16.64527130126953,0.5567817687988281,0.3515755534172058,1.6026228666305542
21,21,847,2006-02-05T07:00:00.000000,1378.5072021484375,17.74431800842285,0.6320952773094177,0.3799671530723572,1.5985658168792725
22,22,847,2006-02-05T07:00:00.000000,811.927490234375,14.15308952331543,0.32088762521743774,0.281364381313324,1.3057973384857178
23,23,847,2006-02-05T07:00:00.000000,577.278564453125,12.900263786315918,0.052859317511320114,0.12344303727149963,0.5495896935462952
24,24,847,2006-02-05T07:00:00.000000,1430.609130859375,17.265979766845703,0.6468669176101685,0.36714550852775574,1.5675501823425293
25,25,847,2006-02-05T07:00:00.000000,784.4246826171875,13.783095359802246,0.5413525104522705,0.3620855510234833,1.6242215633392334
26,26,847,2006-02-05T07:00:00.000000,1019.9181518554688,15.779083251953125,0.5473284721374512,0.3655301034450531,1.6383311748504639
27,27,847,2006-02-05T07:00:00.000000,784.6923217773438,11.263673782348633,0.3706883192062378,0.24481318891048431,1.065295696258545
28,28,847,2006-02-05T07:00:00.000000,2322.827392578125,21.843154907226562,0.20710168778896332,0.20625226199626923,0.9026321172714233
29,29,847,2006-02-05T07:00:00.000000,999.6717529296875,15.165061950683594,0.526418149471283,0.3480013310909271,1.5018242597579956
30,30,847,2006-02-05T07:00:00.000000,274.9063720703125,8.439413070678711,0.18387073278427124,0.2182609736919403,0.9903504252433777
31,31,847,2006-02-05T07:00:00.000000,3543.204833984375,22.944303512573242,0.402351438999176,0.24450036883354187,1.0126465559005737
32,32,847,2006-02-05T07:00:00.000000,1353.62548828125,16.85037612915039,0.5998083353042603,0.3547043800354004,1.5645222663879395
33,33,847,2006-02-05T07:00:00.000000,1147.410400390625,15.278429985046387,0.6212165355682373,0.3555010259151459,1.5960191488265991
34,34,847,2006-02-05T07:00:00.000000,1004.3502807617188,14.666208267211914,0.6345515847206116,0.3686452805995941,1.561797022819519
35,35,847,2006-02-05T07:00:00.000000,346.7267761230469,8.731857299804688,0.19476422667503357,0.20695102214813232,0.9593088626861572
36,36,847,2006-02-05T07:00:00.000000,1359.50439453125,16.973892211914062,0.6040642261505127,0.3577936887741089,1.4887040853500366
37,37,847,2006-02-05T07:00:00.000000,691.010986328125,12.817647933959961,0.5929049253463745,0.37545546889305115,1.6984739303588867
38,38,847,2006-02-05T07:00:00.000000,1237.8690185546875,17.409162521362305,0.5730370283126831,0.37456902861595154,1.562300682067871
39,39,847,2006-02-05T07:00:00.000000,1130.9080810546875,16.27078628540039,0.5964938402175903,0.3736782968044281,1.685570478439331
40,40,847,2006-02-05T07:00:00.000000,4545.93798828125,30.49201202392578,0.29177728295326233,0.24428686499595642,1.106224775314331
41,41,847,2006-02-05T07:00:00.000000,1190.225830078125,16.496187210083008,0.5986980199813843,0.36997538805007935,1.7216987609863281
42,42,847,2006-02-05T07:00:00.000000,415.1776123046875,10.294225692749023,0.17313127219676971,0.21021537482738495,0.9168912172317505
43,43,847,2006-02-05T07:00:00.000000,1139.207275390625,16.12228775024414,0.6249769926071167,0.37762197852134705,1.5893840789794922
44,44,847,2006-02-05T07:00:00.000000,646.52783203125,12.855897903442383,0.16128608584403992,0.20305198431015015,0.9256598949432373
45,45,847,2006-02-05T07:00:00.000000,318.1613464355469,7.927396774291992,0.21159231662750244,0.20443576574325562,0.8801504969596863
46,46,847,2006-02-05T07:00:00.000000,599.431396484375,11.43832778930664,0.5101989507675171,0.3337048888206482,1.4668731689453125
47,47,847,2006-02-05T07:00:00.000000,582.427734375,10.486627578735352,0.29959049820899963,0.23783670365810394,1.0810623168945312
48,48,847,2006-02-05T07:00:00.000000,393.203857421875,8.351621627807617,0.1917039155960083,0.18440699577331543,0.7882217764854431
49,49,847,2006-02-05T07:00:00.000000,1352.0159912109375,17.461088180541992,0.6314538717269897,0.3773559331893921,1.6779392957687378
50,50,847,2006-02-05T07:00:00.000000,1339.768798828125,18.228628158569336,0.5838441252708435,0.38052886724472046,1.6723971366882324
51,51,847,2006-02-05T07:00:00.000000,913.9052734375,15.052996635437012,0.4888547658920288,0.3481467366218567,1.4765833616256714
52,52,847,2006-02-05T07:00:00.000000,472.710205078125,9.947195053100586,0.24015089869499207,0.22420495748519897,0.9622750282287598
53,53,847,2006-02-05T07:00:00.000000,1330.0916748046875,17.065866470336914,0.5950621366500854,0.3609679937362671,1.6305820941925049
54,54,847,2006-02-05T07:00:00.000000,336.5854797363281,8.970466613769531,0.18458949029445648,0.2100732922554016,0.9971650838851929
55,55,847,2006-02-05T07:00:00.000000,1153.9588623046875,15.777584075927734,0.48471200466156006,0.32336074113845825,1.4704997539520264
56,56,847,2006-02-05T07:00:00.000000,1516.239013671875,18.376514434814453,0.6848902106285095,0.3905617892742157,1.7030820846557617
57,57,847,2006-02-05T07:00:00.000000,1122.394775390625,15.626680374145508,0.6818675398826599,0.38516244292259216,1.745619297027588
58,58,847,2006-02-05T07:00:00.000000,726.990234375,11.524856567382812,0.3899487853050232,0.2669162452220917,1.196265459060669
59,59,847,2006-02-05T07:00:00.000000,1389.587890625,17.795854568481445,0.6352804899215698,0.38050341606140137,1.6597604751586914
60,60,847,2006-02-05T07:00:00.000000,643.1754150390625,12.143224716186523,0.5963507890701294,0.3697602450847626,1.67186439037323
61,61,847,2006-02-05T07:00:00.000000,388.7262878417969,9.989259719848633,0.16323089599609375,0.20469748973846436,0.9049344062805176
62,62,847,2006-02-05T07:00:00.000000,952.3819580078125,15.089728355407715,0.5107971429824829,0.34946209192276,1.5749073028564453
63,63,847,2006-02-05T07:00:00.000000,969.4103393554688,14.276095390319824,0.5426677465438843,0.3377711772918701,1.447310209274292
64,64,847,2006-02-05T07:00:00.000000,328.31817626953125,8.336188316345215,0.1731012463569641,0.19141244888305664,0.8583442568778992
65,65,847,2006-02-05T07:00:00.000000,1347.928466796875,18.10628318786621,0.6294364333152771,0.39126572012901306,1.6736396551132202
66,66,847,2006-02-05T07:00:00.000000,1178.60400390625,14.883209228515625,0.5219564437866211,0.313205748796463,1.378246545791626
67,67,847,2006-02-05T07:00:00.000000,544.1187133789062,9.926605224609375,0.2645724415779114,0.21889013051986694,0.9391433596611023
68,68,847,2006-02-05T07:00:00.000000,5045.310546875,36.28261947631836,0.6962527632713318,0.4262242317199707,1.8374695777893066
69,69,847,2006-02-05T07:00:00.000000,1645.8323974609375,17.95420265197754,0.17310619354248047,0.1841321587562561,0.7884249687194824
70,70,847,2006-02-05T07:00:00.000000,564.0361328125,10.338277816772461,0.12019048631191254,0.15091407299041748,0.6693834066390991
71,71,847,2006-02-05T07:00:00.000000,373.4251708984375,8.554316520690918,0.33333539962768555,0.2555784583091736,1.1332461833953857
72,72,847,2006-02-05T07:00:00.000000,201.6583709716797,6.844195365905762,0.11191456764936447,0.16123433411121368,0.7098028659820557
73,73,847,2006-02-05T07:00:00.000000,2258.545166015625,23.297109603881836,0.1445247381925583,0.18636256456375122,0.7878191471099854
74,74,847,2006-02-05T07:00:00.000000,1466.43408203125,17.0333251953125,0.6365147829055786,0.35487255454063416,1.6364343166351318
75,75,847,2006-02-05T07:00:00.000000,1231.387451171875,16.884410858154297,0.5632481575012207,0.3611091077327728,1.5430068969726562
76,76,847,2006-02-05T07:00:00.000000,1704.9759521484375,19.537622451782227,0.6032261848449707,0.3674961030483246,1.5928314924240112
77,77,847,2006-02-05T07:00:00.000000,993.8099975585938,15.476137161254883,0.557429313659668,0.36652684211730957,1.6122980117797852
78,78,847,2006-02-05T07:00:00.000000,542.501708984375,10.505472183227539,0.2240907847881317,0.2135143280029297,0.9023353457450867
79,79,847,2006-02-05T07:00:00.000000,404.1418151855469,9.02648639678955,0.20883187651634216,0.20518717169761658,0.8596409559249878
80,80,847,2006-02-05T07:00:00.000000,1674.930419921875,18.11196517944336,0.34515249729156494,0.2599995732307434,1.1591157913208008
81,81,847,2006-02-05T07:00:00.000000,971.4969482421875,15.832382202148438,0.5179505348205566,0.3655692934989929,1.553808569908142
82,82,847,2006-02-05T07:00:00.000000,146.8726806640625,6.436946868896484,0.08427232503890991,0.15418848395347595,0.7209192514419556
83,83,847,2006-02-05T07:00:00.000000,701.095703125,12.579498291015625,0.6429716348648071,0.38095223903656006,1.638751745223999
84,84,847,2006-02-05T07:00:00.000000,1034.7041015625,15.355212211608887,0.5421884059906006,0.351498007774353,1.6098884344100952
85,85,847,2006-02-05T07:00:00.000000,1126.039794921875,16.616178512573242,0.6047230958938599,0.38506370782852173,1.7251390218734741
86,86,847,2006-02-05T07:00:00.000000,1278.8140869140625,16.53047752380371,0.5638178586959839,0.3470972180366516,1.5270122289657593
87,87,847,2006-02-05T07:00:00.000000,943.3937377929688,13.437566757202148,0.49992090463638306,0.3093319535255432,1.378001093864441
88,88,847,2006-02-05T07:00:00.000000,912.5589599609375,15.06666088104248,0.593234658241272,0.38414907455444336,1.724404215812683
89,89,847,2006-02-05T07:00:00.000000,904.2697143554688,13.83109188079834,0.49671220779418945,0.3241603374481201,1.420857310295105
90,90,847,2006-02-05T07:00:00.000000,269.5513916015625,7.2156982421875,0.23466341197490692,0.2129022479057312,0.957652747631073
91,91,847,2006-02-05T07:00:00.000000,713.531982421875,11.016698837280273,0.37259984016418457,0.2517480254173279,1.1092190742492676
92,92,847,2006-02-05T07:00:00.000000,1475.185302734375,17.512977600097656,0.6497716307640076,0.3675505518913269,1.670871615409851
93,93,847,2006-02-05T07:00:00.000000,694.2252807617188,11.31471061706543,0.36568590998649597,0.25968530774116516,1.1205334663391113
94,94,847,2006-02-05T07:00:00.000000,1111.344970703125,15.346162796020508,0.622903048992157,0.3633168935775757,1.6261671781539917
95,95,847,2006-02-05T07:00:00.000000,431.1417236328125,9.356350898742676,0.22956830263137817,0.21589992940425873,0.9314228892326355
96,96,847,2006-02-05T07:00:00.000000,400.97369384765625,10.005029678344727,0.2762117087841034,0.26259201765060425,1.2068142890930176
97,97,847,2006-02-05T07:00:00.000000,1006.057861328125,15.257525444030762,0.5537621378898621,0.3579598069190979,1.5360463857650757
98,98,847,2006-02-05T07:00:00.000000,663.6123046875,12.483221054077148,0.45376378297805786,0.3264257311820984,1.4776957035064697
99,99,847,2006-02-05T07:00:00.000000,327.5292663574219,8.17941665649414,0.16250208020210266,0.18219093978405,0.7961716651916504
100,100,847,2006-02-05T07:00:00.000000,601.1326904296875,11.788325309753418,0.5703681111335754,0.3631153106689453,1.6090161800384521
101,101,847,2006-02-05T07:00:00.000000,733.5514526367188,12.669168472290039,0.6456310749053955,0.3758590817451477,1.6175358295440674
102,102,847,2006-02-05T07:00:00.000000,1128.40234375,15.723028182983398,0.6491259336471558,0.37711048126220703,1.6070337295532227
103,103,847,2006-02-05T07:00:00.000000,1225.14599609375,17.09076690673828,0.6626649498939514,0.39747947454452515,1.7657930850982666
104,104,847,2006-02-05T07:00:00.000000,3562.21875,29.99459457397461,0.5543163418769836,0.37416359782218933,1.652526617050171
105,105,847,2006-02-05T07:00:00.000000,956.3599853515625,14.978381156921387,0.1436435729265213,0.18356812000274658,0.8407559394836426
106,106,847,2006-02-05T07:00:00.000000,1117.2364501953125,15.805143356323242,0.6499881744384766,0.38122260570526123,1.6997504234313965
107,107,847,2006-02-05T07:00:00.000000,1381.7763671875,18.01883316040039,0.6061118245124817,0.37738460302352905,1.7182774543762207
108,108,847,2006-02-05T07:00:00.000000,951.050048828125,13.31224250793457,0.5167987942695618,0.31032034754753113,1.3554811477661133
109,109,847,2006-02-05T07:00:00.000000,1108.22705078125,14.975452423095703,0.4824407696723938,0.31245505809783936,1.4641752243041992
110,110,847,2006-02-05T07:00:00.000000,890.9595947265625,15.470264434814453,0.45162540674209595,0.3483036160469055,1.6093343496322632
111,111,847,2006-02-05T07:00:00.000000,495.4117126464844,10.262876510620117,0.21495722234249115,0.21377748250961304,0.9238256812095642
112,112,847,2006-02-05T07:00:00.000000,151.957763671875,6.090465545654297,0.2019822895526886,0.22204738855361938,1.0168989896774292
113,113,847,2006-02-05T07:00:00.000000,1046.683837890625,14.814695358276367,0.6402925252914429,0.36641573905944824,1.6275882720947266
114,114,847,2006-02-05T07:00:00.000000,663.321044921875,12.53207778930664,0.33338695764541626,0.28095418214797974,1.2163188457489014
115,115,847,2006-02-05T07:00:00.000000,43.92290496826172,3.060863494873047,0.23667976260185242,0.22468754649162292,0.9862357378005981
116,116,847,2006-02-05T07:00:00.000000,450.1044616699219,10.259063720703125,0.1881164312362671,0.20973187685012817,0.9204157590866089
117,117,847,2006-02-05T07:00:00.000000,398.97784423828125,8.183666229248047,0.20577099919319153,0.1858513057231903,0.7980927228927612
118,118,847,2006-02-05T07:00:00.000000,1230.1805419921875,16.781600952148438,0.5635845065116882,0.3591935336589813,1.6625274419784546
119,119,847,2006-02-05T07:00:00.000000,299.9134521484375,6.907316207885742,0.26174426078796387,0.2040562927722931,0.9502097368240356
120,120,847,2006-02-05T07:00:00.000000,1196.1968994140625,16.05475616455078,0.5382674336433411,0.34056609869003296,1.6036088466644287
121,121,847,2006-02-05T07:00:00.000000,7090.72265625,44.491233825683594,0.7235867381095886,0.44944286346435547,1.8785213232040405
122,122,847,2006-02-05T07:00:00.000000,620.5198974609375,10.897834777832031,0.2509601414203644,0.2191617488861084,0.9445363879203796
123,123,847,2006-02-05T07:00:00.000000,1210.5699462890625,17.220542907714844,0.5420037508010864,0.36437875032424927,1.6585109233856201
124,124,847,2006-02-05T07:00:00.000000,1354.2501220703125,18.072240829467773,0.19944626092910767,0.21931862831115723,0.9551698565483093
125,125,847,2006-02-05T07:00:00.000000,1140.4892578125,14.348289489746094,0.2569211721420288,0.21535472571849823,0.9119963645935059
126,126,847,2006-02-05T07:00:00.000000,346.68914794921875,9.490745544433594,0.5115676522254944,0.364570677280426,1.6581395864486694
127,127,847,2006-02-05T07:00:00.000000,652.6408081054688,10.333574295043945,0.3574199378490448,0.24182593822479248,1.0565704107284546
128,128,847,2006-02-05T07:00:00.000000,1569.0179443359375,18.421173095703125,0.7278480529785156,0.39675623178482056,1.6255120038986206
129,129,847,2006-02-05T07:00:00.000000,45.44313049316406,2.8799502849578857,0.26664555072784424,0.22060635685920715,0.941435694694519
130,130,847,2006-02-05T07:00:00.000000,373.9407653808594,8.545811653137207,0.24004033207893372,0.21651802957057953,0.9272979497909546
131,131,847,2006-02-05T07:00:00.000000,935.2685546875,14.633349418640137,0.5157451629638672,0.34363168478012085,1.4814884662628174
132,132,847,2006-02-05T07:00:00.000000,1032.100341796875,15.354854583740234,0.557560384273529,0.35688695311546326,1.5637259483337402
133,133,847,2006-02-05T07:00:00.000000,675.4129638671875,9.848245620727539,0.3473258912563324,0.22332775592803955,0.9731181859970093
134,134,847,2006-02-05T07:00:00.000000,1193.29736328125,16.675817489624023,0.5505091547966003,0.3581748604774475,1.5154898166656494
135,135,847,2006-02-05T07:00:00.000000,225.2978973388672,7.47731876373291,0.1534983068704605,0.19517271220684052,0.8134118318557739
136,136,847,2006-02-05T07:00:00.000000,2741.582763671875,23.100234985351562,0.608947217464447,0.3442750573158264,1.4881452322006226
0,0,1359,2006-02-26T15:00:00.000000,63.577117919921875,4.792201995849609,0.00788869522511959,0.053381066769361496,0.2382817566394806
1,1,1359,2006-02-26T15:00:00.000000,70.74040985107422,4.705257415771484,0.0388360433280468,0.11024707555770874,0.528778076171875
2,2,1359,2006-02-26T15:00:00.000000,128.28076171875,5.464070796966553,0.059199731796979904,0.11738034337759018,0.5245257616043091
3,3,1359,2006-02-26T15:00:00.000000,69.9657211303711,4.026883125305176,0.04143154248595238,0.09799228608608246,0.46218615770339966
4,4,1359,2006-02-26T15:00:00.000000,66.21392822265625,4.9370269775390625,0.010656516999006271,0.06263230741024017,0.288949579000473
5,5,1359,2006-02-26T15:00:00.000000,87.68162536621094,5.711487770080566,0.005516724660992622,0.04530390352010727,0.22056525945663452
6,6,1359,2006-02-26T15:00:00.000000,23.771503448486328,2.720519542694092,0.014499075710773468,0.0671883076429367,0.3223876953125
7,7,1359,2006-02-26T15:00:00.000000,52.6156005859375,3.9559974670410156,0.03091660887002945,0.0958947166800499,0.47329849004745483
8,8,1359,2006-02-26T15:00:00.000000,25.469898223876953,2.699176788330078,0.014167912304401398,0.06366059184074402,0.33298012614250183
9,9,1359,2006-02-26T15:00:00.000000,330.74884033203125,8.544071197509766,0.1600961983203888,0.18797767162322998,0.9155434966087341
10,10,1359,2006-02-26T15:00:00.000000,110.90689086914062,5.2044291496276855,0.057018231600522995,0.11800508201122284,0.5691614151000977
11,11,1359,2006-02-26T15:00:00.000000,3.6924853324890137,1.1028008460998535,0.005885848309844732,0.044029347598552704,0.21452152729034424
12,12,1359,2006-02-26T15:00:00.000000,14.124994277954102,2.247988224029541,0.0069920397363603115,0.05001518130302429,0.2444496601819992
13,13,1359,2006-02-26T15:00:00.000000,307.11083984375,7.8681769371032715,0.15480610728263855,0.17665278911590576,0.8461219072341919
14,14,1359,2006-02-26T15:00:00.000000,20.391674041748047,2.4640390872955322,0.008223344571888447,0.04948179051280022,0.24784289300441742
15,15,1359,2006-02-26T15:00:00.000000,8.219529151916504,1.8151953220367432,0.012423506937921047,0.07057030498981476,0.31926625967025757
16,16,1359,2006-02-26T15:00:00.000000,27.47882652282715,2.641665458679199,0.014166939072310925,0.05998142063617706,0.3035876154899597
17,17,1359,2006-02-26T15:00:00.000000,38.35260009765625,2.85578989982605,0.01866169273853302,0.06299474835395813,0.31924766302108765
18,18,1359,2006-02-26T15:00:00.000000,255.7564697265625,7.205996990203857,0.1337692141532898,0.16480062901973724,0.7737953066825867
19,19,1359,2006-02-26T15:00:00.000000,356.1861572265625,8.237457275390625,0.18194183707237244,0.18617480993270874,0.8695598840713501
20,20,1359,2006-02-26T15:00:00.000000,27.209503173828125,2.2874269485473633,0.015573080629110336,0.054723531007766724,0.28264835476875305
21,21,1359,2006-02-26T15:00:00.000000,17.137287139892578,2.586745500564575,0.008150210604071617,0.05641142651438713,0.2786141633987427
22,22,1359,2006-02-26T15:00:00.000000,54.25486755371094,3.805194854736328,0.022415190935134888,0.0773443877696991,0.3719751834869385
23,23,1359,2006-02-26T15:00:00.000000,82.19874572753906,5.412589073181152,0.00949885230511427,0.05818459391593933,0.26346665620803833
24,24,1359,2006-02-26T15:00:00.000000,17.476659774780273,2.638852596282959,0.008632213808596134,0.058647166937589645,0.3009824752807617
25,25,1359,2006-02-26T15:00:00.000000,117.35250091552734,5.293001174926758,0.07350608706474304,0.1324699968099594,0.6284665465354919
26,26,1359,2006-02-26T15:00:00.000000,164.4036102294922,5.90460729598999,0.08747075498104095,0.1361967772245407,0.6320031881332397
27,27,1359,2006-02-26T15:00:00.000000,46.11989974975586,3.5466554164886475,0.022148460149765015,0.0777224749326706,0.36098000407218933
28,28,1359,2006-02-26T15:00:00.000000,225.98532104492188,8.333532333374023,0.022555029019713402,0.08325506746768951,0.3760163187980652
29,29,1359,2006-02-26T15:00:00.000000,375.6031494140625,8.548913955688477,0.1934817135334015,0.194028839468956,0.9572610855102539
30,30,1359,2006-02-26T15:00:00.000000,22.638364791870117,2.4122962951660156,0.015104169957339764,0.062309831380844116,0.2924312949180603
31,31,1359,2006-02-26T15:00:00.000000,150.52972412109375,7.089086055755615,0.02122195065021515,0.0841728076338768,0.3689650893211365
32,32,1359,2006-02-26T15:00:00.000000,13.146835327148438,2.1280431747436523,0.006954125128686428,0.04894305393099785,0.2526963949203491
33,33,1359,2006-02-26T15:00:00.000000,20.25107765197754,2.4362597465515137,0.014478540048003197,0.06514212489128113,0.3135650157928467
34,34,1359,2006-02-26T15:00:00.000000,180.08712768554688,5.419379711151123,0.10718976706266403,0.13221625983715057,0.6027030348777771
35,35,1359,2006-02-26T15:00:00.000000,27.721019744873047,2.455374240875244,0.01841474324464798,0.06328429281711578,0.30107441544532776
36,36,1359,2006-02-26T15:00:00.000000,76.42073822021484,3.6666791439056396,0.038620054721832275,0.08242781460285187,0.4139091968536377
37,37,1359,2006-02-26T15:00:00.000000,13.173194885253906,1.935896873474121,0.01357611920684576,0.06214761361479759,0.30690711736679077
38,38,1359,2006-02-26T15:00:00.000000,32.761043548583984,3.1854143142700195,0.015494361519813538,0.06927458941936493,0.3431786000728607
39,39,1359,2006-02-26T15:00:00.000000,228.6835174560547,6.768144607543945,0.12428781390190125,0.15778528153896332,0.7630121111869812
40,40,1359,2006-02-26T15:00:00.000000,222.78378295898438,8.613265991210938,0.019217533990740776,0.0799972265958786,0.38824331760406494
41,41,1359,2006-02-26T15:00:00.000000,63.03614807128906,3.690117597579956,0.02991432324051857,0.08038683980703354,0.36341410875320435
42,42,1359,2006-02-26T15:00:00.000000,21.409130096435547,2.6626052856445312,0.010220630094408989,0.05817630887031555,0.2708200216293335
43,43,1359,2006-02-26T15:00:00.000000,358.1563720703125,8.756766319274902,0.17446492612361908,0.19326868653297424,0.8978275656700134
44,44,1359,2006-02-26T15:00:00.000000,54.875404357910156,4.131795406341553,0.013740180060267448,0.06538018584251404,0.29331767559051514
45,45,1359,2006-02-26T15:00:00.000000,14.792278289794922,2.1752357482910156,0.010237038135528564,0.05722370743751526,0.255542129278183
46,46,1359,2006-02-26T15:00:00.000000,19.200469970703125,2.3443193435668945,0.0192638598382473,0.07425615191459656,0.37640342116355896
47,47,1359,2006-02-26T15:00:00.000000,21.777572631835938,2.7014551162719727,0.014066958799958229,0.06865831464529037,0.3515401780605316
48,48,1359,2006-02-26T15:00:00.000000,47.25101852416992,3.5186219215393066,0.024008948355913162,0.07931467890739441,0.3688340187072754
49,49,1359,2006-02-26T15:00:00.000000,133.92495727539062,5.073651313781738,0.06720265001058578,0.11365356296300888,0.554018497467041
50,50,1359,2006-02-26T15:00:00.000000,26.81503677368164,2.7513771057128906,0.014340456575155258,0.06362715363502502,0.31059151887893677
51,51,1359,2006-02-26T15:00:00.000000,266.0616149902344,7.450265407562256,0.130985826253891,0.16530758142471313,0.7797790765762329
52,52,1359,2006-02-26T15:00:00.000000,37.69868087768555,3.3185946941375732,0.019754303619265556,0.075966477394104,0.3643222749233246
53,53,1359,2006-02-26T15:00:00.000000,51.62069320678711,3.1472301483154297,0.02679988369345665,0.07171054929494858,0.36145293712615967
54,54,1359,2006-02-26T15:00:00.000000,12.844850540161133,2.3444912433624268,0.007563201244920492,0.05689012259244919,0.2828350067138672
55,55,1359,2006-02-26T15:00:00.000000,9.339662551879883,1.919426679611206,0.005039123818278313,0.04458446055650711,0.22119295597076416
56,56,1359,2006-02-26T15:00:00.000000,20.985321044921875,2.4989938735961914,0.009816158562898636,0.05404782295227051,0.27968358993530273
57,57,1359,2006-02-26T15:00:00.000000,104.33985900878906,4.0899200439453125,0.0628611296415329,0.10038776695728302,0.4886229932308197
58,58,1359,2006-02-26T15:00:00.000000,8.782898902893066,1.6006535291671753,0.005716291721910238,0.04083528369665146,0.20250341296195984
59,59,1359,2006-02-26T15:00:00.000000,21.597301483154297,2.6880202293395996,0.011027226224541664,0.060738757252693176,0.3075695335865021
60,60,1359,2006-02-26T15:00:00.000000,14.39588737487793,2.1192595958709717,0.012963749468326569,0.06359606981277466,0.3162298798561096
61,61,1359,2006-02-26T15:00:00.000000,30.271453857421875,3.2489566802978516,0.015120050869882107,0.0726112499833107,0.3242954909801483
62,62,1359,2006-02-26T15:00:00.000000,318.3211669921875,8.052993774414062,0.1527024507522583,0.1763792634010315,0.785497784614563
63,63,1359,2006-02-26T15:00:00.000000,25.683134078979492,2.53812313079834,0.01678537391126156,0.06488648056983948,0.320681631565094
64,64,1359,2006-02-26T15:00:00.000000,40.72670364379883,3.6143598556518555,0.02281503938138485,0.08554653823375702,0.3989359736442566
65,65,1359,2006-02-26T15:00:00.000000,123.00662231445312,5.022608280181885,0.06061902642250061,0.1114986389875412,0.5611104965209961
66,66,1359,2006-02-26T15:00:00.000000,47.892494201660156,3.4235124588012695,0.02662593126296997,0.08072175085544586,0.4034249186515808
67,67,1359,2006-02-26T15:00:00.000000,62.18098449707031,4.331994533538818,0.031226977705955505,0.09707872569561005,0.4497809410095215
68,68,1359,2006-02-26T15:00:00.000000,607.6069946289062,12.260714530944824,0.08602558821439743,0.145887553691864,0.6579374670982361
69,69,1359,2006-02-26T15:00:00.000000,24.427562713623047,3.001631498336792,0.0031934822909533978,0.03432018309831619,0.16085270047187805
70,70,1359,2006-02-26T15:00:00.000000,10.357942581176758,2.003828287124634,0.0025407441426068544,0.0313837043941021,0.15128855407238007
71,71,1359,2006-02-26T15:00:00.000000,6.209094047546387,1.508117914199829,0.006335001438856125,0.0481719896197319,0.23499125242233276
72,72,1359,2006-02-26T15:00:00.000000,51.47881317138672,4.159685134887695,0.028661463409662247,0.09815116226673126,0.426412433385849
73,73,1359,2006-02-26T15:00:00.000000,90.59676361083984,5.9666571617126465,0.006091192364692688,0.04892444238066673,0.217381089925766
74,74,1359,2006-02-26T15:00:00.000000,42.99723434448242,3.1109561920166016,0.023016750812530518,0.07197731733322144,0.3631128668785095
75,75,1359,2006-02-26T15:00:00.000000,39.68359375,3.616469144821167,0.019631357863545418,0.08043673634529114,0.3751407861709595
76,76,1359,2006-02-26T15:00:00.000000,50.4635124206543,4.016219139099121,0.02091810666024685,0.08176921308040619,0.38227424025535583
77,77,1359,2006-02-26T15:00:00.000000,178.9638671875,6.2919816970825195,0.09013702720403671,0.1412070393562317,0.6694979667663574
78,78,1359,2006-02-26T15:00:00.000000,21.785228729248047,2.6467294692993164,0.010480905883014202,0.058053433895111084,0.277608722448349
79,79,1359,2006-02-26T15:00:00.000000,34.01786804199219,3.3695788383483887,0.018279319629073143,0.07810918986797333,0.37045347690582275
80,80,1359,2006-02-26T15:00:00.000000,62.59675598144531,4.882809638977051,0.016904186457395554,0.08024001121520996,0.3774816393852234
81,81,1359,2006-02-26T15:00:00.000000,630.9080810546875,11.379884719848633,0.31417763233184814,0.25394660234451294,1.0965486764907837
82,82,1359,2006-02-26T15:00:00.000000,15.52734661102295,2.0610463619232178,0.009651429951190948,0.05138483643531799,0.2421359270811081
83,83,1359,2006-02-26T15:00:00.000000,49.01858139038086,3.2488608360290527,0.04525674507021904,0.0987170934677124,0.48982569575309753
84,84,1359,2006-02-26T15:00:00.000000,221.77191162109375,6.818280220031738,0.10513697564601898,0.14845652878284454,0.6872955560684204
85,85,1359,2006-02-26T15:00:00.000000,76.84629821777344,3.322995901107788,0.04915744066238403,0.08404520153999329,0.41766542196273804
86,86,1359,2006-02-26T15:00:00.000000,18.517051696777344,2.5100483894348145,0.009127477183938026,0.0557277575135231,0.2791905999183655
87,87,1359,2006-02-26T15:00:00.000000,16.77613639831543,1.6545709371566772,0.011303480714559555,0.04294825717806816,0.21548497676849365
88,88,1359,2006-02-26T15:00:00.000000,301.7161560058594,7.981994152069092,0.18692521750926971,0.19867631793022156,0.9337620735168457
89,89,1359,2006-02-26T15:00:00.000000,17.998031616210938,2.330350637435913,0.011713773012161255,0.05945073068141937,0.3015790283679962
90,90,1359,2006-02-26T15:00:00.000000,11.20753002166748,2.0839152336120605,0.011433443985879421,0.0665600448846817,0.324869304895401
91,91,1359,2006-02-26T15:00:00.000000,17.216567993164062,2.5701775550842285,0.010560736060142517,0.06365565210580826,0.3059789836406708
92,92,1359,2006-02-26T15:00:00.000000,42.8765983581543,2.90267276763916,0.021774377673864365,0.06541251391172409,0.3357834815979004
93,93,1359,2006-02-26T15:00:00.000000,12.037718772888184,2.117772102355957,0.008005741983652115,0.05461449548602104,0.2564862370491028
94,94,1359,2006-02-26T15:00:00.000000,182.4807586669922,5.965909481048584,0.10747078061103821,0.14478158950805664,0.7111119031906128
95,95,1359,2006-02-26T15:00:00.000000,38.234066009521484,3.4604530334472656,0.021720929071307182,0.08247967809438705,0.3908073604106903
96,96,1359,2006-02-26T15:00:00.000000,18.385217666625977,2.076575756072998,0.013271893374621868,0.05579301714897156,0.2704400420188904
97,97,1359,2006-02-26T15:00:00.000000,43.011146545410156,2.839400053024292,0.028920281678438187,0.0736270397901535,0.35622093081474304
98,98,1359,2006-02-26T15:00:00.000000,143.22531127929688,5.579407691955566,0.08750967681407928,0.13791333138942719,0.6152610778808594
99,99,1359,2006-02-26T15:00:00.000000,50.51033020019531,4.009902477264404,0.02699427679181099,0.09269995987415314,0.43977588415145874
100,100,1359,2006-02-26T15:00:00.000000,11.68805980682373,2.167264938354492,0.01060032844543457,0.06526802480220795,0.30695855617523193
101,101,1359,2006-02-26T15:00:00.000000,18.33460235595703,2.2491061687469482,0.017203887924551964,0.06889496743679047,0.328458309173584
102,102,1359,2006-02-26T15:00:00.000000,238.65257263183594,6.313694953918457,0.12556123733520508,0.14481991529464722,0.6756389141082764
103,103,1359,2006-02-26T15:00:00.000000,556.21240234375,10.376020431518555,0.26759815216064453,0.22758936882019043,1.0569427013397217
104,104,1359,2006-02-26T15:00:00.000000,230.4706268310547,8.231575012207031,0.04172293469309807,0.11075481027364731,0.5556048154830933
105,105,1359,2006-02-26T15:00:00.000000,37.560516357421875,3.7225890159606934,0.006301764398813248,0.048218127340078354,0.2305605411529541
106,106,1359,2006-02-26T15:00:00.000000,205.79452514648438,6.167253017425537,0.11719188094139099,0.1471714824438095,0.7483446002006531
107,107,1359,2006-02-26T15:00:00.000000,19.571805953979492,2.4228405952453613,0.00994160771369934,0.05460566282272339,0.2673952281475067
108,108,1359,2006-02-26T15:00:00.000000,31.587522506713867,3.095376968383789,0.021737268194556236,0.08120040595531464,0.3989654779434204
109,109,1359,2006-02-26T15:00:00.000000,33.620140075683594,3.0625715255737305,0.01880510523915291,0.07243098318576813,0.3221634030342102
110,110,1359,2006-02-26T15:00:00.000000,58.886138916015625,4.158350944519043,0.028271591290831566,0.09111496061086655,0.4094669222831726
111,111,1359,2006-02-26T15:00:00.000000,20.00096893310547,2.7538957595825195,0.00976076815277338,0.060836464166641235,0.2851088047027588
112,112,1359,2006-02-26T15:00:00.000000,3.694237470626831,0.9829097986221313,0.005447169300168753,0.03774302452802658,0.17908994853496552
113,113,1359,2006-02-26T15:00:00.000000,40.20805740356445,3.327648162841797,0.02434934303164482,0.08188879489898682,0.3931933343410492
114,114,1359,2006-02-26T15:00:00.000000,37.89553451538086,3.4834213256835938,0.020201127976179123,0.08042662590742111,0.3690882623195648
115,115,1359,2006-02-26T15:00:00.000000,1.9337482452392578,0.8208150267601013,0.012635830789804459,0.06635095924139023,0.3106864392757416
116,116,1359,2006-02-26T15:00:00.000000,23.497920989990234,2.8594272136688232,0.011480103246867657,0.06320293247699738,0.2820446193218231
117,117,1359,2006-02-26T15:00:00.000000,50.19298553466797,3.879709243774414,0.025749003514647484,0.08787350356578827,0.42343175411224365
118,118,1359,2006-02-26T15:00:00.000000,34.53104019165039,3.2103018760681152,0.017589308321475983,0.07245451211929321,0.3752838969230652
119,119,1359,2006-02-26T15:00:00.000000,8.048280715942383,1.645000696182251,0.008215329609811306,0.05255656689405441,0.2651312053203583
120,120,1359,2006-02-26T15:00:00.000000,77.42073822021484,3.6058053970336914,0.04040104150772095,0.08237015455961227,0.40877997875213623
121,121,1359,2006-02-26T15:00:00.000000,398.4972839355469,8.886575698852539,0.03922579064965248,0.08816730976104736,0.42459771037101746
122,122,1359,2006-02-26T15:00:00.000000,18.605403900146484,2.6540229320526123,0.00944908894598484,0.059810858219861984,0.27908143401145935
123,123,1359,2006-02-26T15:00:00.000000,16.582489013671875,2.4931704998016357,0.008462958037853241,0.05632331967353821,0.27122122049331665
124,124,1359,2006-02-26T15:00:00.000000,58.20904541015625,4.577576637268066,0.010408792644739151,0.06121256202459335,0.27716565132141113
125,125,1359,2006-02-26T15:00:00.000000,144.120361328125,6.847469329833984,0.03614484891295433,0.10844029486179352,0.490034818649292
126,126,1359,2006-02-26T15:00:00.000000,11.006698608398438,1.7087815999984741,0.016787445172667503,0.06673448532819748,0.3121785819530487
127,127,1359,2006-02-26T15:00:00.000000,12.45561408996582,1.9319944381713867,0.007126986514776945,0.04621429368853569,0.20939132571220398
128,128,1359,2006-02-26T15:00:00.000000,19.089311599731445,2.346389055252075,0.009907709434628487,0.05345539376139641,0.2648651599884033
129,129,1359,2006-02-26T15:00:00.000000,5.164393424987793,1.2161211967468262,0.03487567603588104,0.09993749856948853,0.4417702555656433
130,130,1359,2006-02-26T15:00:00.000000,28.882415771484375,3.0570380687713623,0.019839636981487274,0.08012185245752335,0.37449318170547485
131,131,1359,2006-02-26T15:00:00.000000,195.79989624023438,6.600507736206055,0.10369601100683212,0.15189802646636963,0.7070426940917969
132,132,1359,2006-02-26T15:00:00.000000,286.6838073730469,7.924081802368164,0.1389232873916626,0.17443552613258362,0.7985462546348572
133,133,1359,2006-02-26T15:00:00.000000,31.62966537475586,3.371393918991089,0.01698794774711132,0.07813265919685364,0.34872540831565857
134,134,1359,2006-02-26T15:00:00.000000,37.185001373291016,2.279798984527588,0.018263207748532295,0.050524406135082245,0.2371840476989746
135,135,1359,2006-02-26T15:00:00.000000,9.799458503723145,1.9595184326171875,0.007020318415015936,0.052447736263275146,0.23320555686950684
136,136,1359,2006-02-26T15:00:00.000000,128.24282836914062,5.632787227630615,0.03591763600707054,0.09426721185445786,0.4320611357688904
0,0,1871,2006-03-19T23:00:00.000000,393.794189453125,12.021052360534668,0.03655199706554413,0.11581461131572723,0.46953946352005005
1,1,1871,2006-03-19T23:00:00.000000,310.98504638671875,10.002427101135254,0.11983180046081543,0.19634583592414856,0.8418916463851929
2,2,1871,2006-03-19T23:00:00.000000,685.5321655273438,14.230051040649414,0.2423889935016632,0.2675771117210388,1.306797742843628
3,3,1871,2006-03-19T23:00:00.000000,206.80374145507812,7.863627910614014,0.07098782062530518,0.14569199085235596,0.6564453840255737
4,4,1871,2006-03-19T23:00:00.000000,901.2128295898438,19.741113662719727,0.1184317097067833,0.2263038605451584,0.9301760196685791
5,5,1871,2006-03-19T23:00:00.000000,1216.5233154296875,19.66100311279297,0.057476066052913666,0.13514158129692078,0.592971920967102
6,6,1871,2006-03-19T23:00:00.000000,220.5880126953125,8.192713737487793,0.1004514992237091,0.1748296320438385,0.7666580677032471
7,7,1871,2006-03-19T23:00:00.000000,582.4063720703125,14.358325958251953,0.2264750450849533,0.28313982486724854,1.2502375841140747
8,8,1871,2006-03-19T23:00:00.000000,266.2193298339844,7.806167125701904,0.08965575695037842,0.1432541310787201,0.6444381475448608
9,9,1871,2006-03-19T23:00:00.000000,929.47802734375,18.21872901916504,0.3395264744758606,0.34820520877838135,1.5884015560150146
10,10,1871,2006-03-19T23:00:00.000000,469.3240966796875,12.844623565673828,0.1780901402235031,0.25021013617515564,1.0713980197906494
11,11,1871,2006-03-19T23:00:00.000000,61.734920501708984,4.791821002960205,0.07404682040214539,0.16595423221588135,0.7253118753433228
12,12,1871,2006-03-19T23:00:00.000000,87.80207824707031,5.476724147796631,0.0301457978785038,0.10148032009601593,0.4661930203437805
13,13,1871,2006-03-19T23:00:00.000000,763.1129760742188,15.992548942565918,0.2788392901420593,0.30570340156555176,1.3663966655731201
14,14,1871,2006-03-19T23:00:00.000000,276.806640625,9.28215217590332,0.08348117768764496,0.16119617223739624,0.7158691883087158
15,15,1871,2006-03-19T23:00:00.000000,85.07832336425781,5.995767116546631,0.09745413064956665,0.2029249370098114,0.8829318881034851
16,16,1871,2006-03-19T23:00:00.000000,205.9432373046875,7.66040563583374,0.0700128823518753,0.14124301075935364,0.641222357749939
17,17,1871,2006-03-19T23:00:00.000000,239.92755126953125,8.498197555541992,0.07998195290565491,0.1551610827445984,0.7222142219543457
18,18,1871,2006-03-19T23:00:00.000000,927.4899291992188,17.808443069458008,0.3357055187225342,0.338805615901947,1.4825615882873535
19,19,1871,2006-03-19T23:00:00.000000,848.479736328125,17.16275405883789,0.32334643602371216,0.3350427746772766,1.527665615081787
20,20,1871,2006-03-19T23:00:00.000000,238.4217529296875,7.818658351898193,0.0817079097032547,0.14474092423915863,0.6398248076438904
21,21,1871,2006-03-19T23:00:00.000000,197.85809326171875,7.933570861816406,0.06746292114257812,0.1464955359697342,0.6562823057174683
22,22,1871,2006-03-19T23:00:00.000000,494.9911804199219,12.92722225189209,0.14694850146770477,0.22273528575897217,0.9254647493362427
23,23,1871,2006-03-19T23:00:00.000000,1121.3958740234375,17.805850982666016,0.08522556722164154,0.15522733330726624,0.7077634334564209
24,24,1871,2006-03-19T23:00:00.000000,294.2237548828125,9.569273948669434,0.10228335112333298,0.17841963469982147,0.7949084639549255
25,25,1871,2006-03-19T23:00:00.000000,695.779052734375,15.180412292480469,0.3247899115085602,0.3279813826084137,1.4570621252059937
26,26,1871,2006-03-19T23:00:00.000000,622.8667602539062,14.855181694030762,0.23069676756858826,0.28589147329330444,1.2907164096832275
27,27,1871,2006-03-19T23:00:00.000000,390.23748779296875,10.630678176879883,0.14855757355690002,0.20741677284240723,0.8971827030181885
28,28,1871,2006-03-19T23:00:00.000000,946.1293334960938,18.98263931274414,0.06592464447021484,0.15845473110675812,0.6692538261413574
29,29,1871,2006-03-19T23:00:00.000000,616.2593994140625,14.427149772644043,0.23308800160884857,0.28058135509490967,1.2009780406951904
30,30,1871,2006-03-19T23:00:00.000000,474.6570739746094,13.743025779724121,0.23904287815093994,0.30841130018234253,1.327158808708191
31,31,1871,2006-03-19T23:00:00.000000,2157.56689453125,23.774572372436523,0.21101604402065277,0.23511932790279388,0.992594838142395
32,32,1871,2006-03-19T23:00:00.000000,173.9864501953125,7.611088752746582,0.060953013598918915,0.14245793223381042,0.6409538984298706
33,33,1871,2006-03-19T23:00:00.000000,121.52739715576172,6.436904430389404,0.05108130723237991,0.13196870684623718,0.6128294467926025
34,34,1871,2006-03-19T23:00:00.000000,823.449462890625,15.815733909606934,0.3377525806427002,0.32030975818634033,1.4207525253295898
35,35,1871,2006-03-19T23:00:00.000000,265.99176025390625,9.880725860595703,0.13932067155838013,0.22613225877285004,1.0054197311401367
36,36,1871,2006-03-19T23:00:00.000000,291.2036437988281,8.733576774597168,0.10109162330627441,0.16272389888763428,0.745964765548706
37,37,1871,2006-03-19T23:00:00.000000,46.809844970703125,3.883157253265381,0.031349070370197296,0.10049135982990265,0.4491911828517914
38,38,1871,2006-03-19T23:00:00.000000,368.63616943359375,10.515499114990234,0.12338747829198837,0.19238290190696716,0.8666123747825623
39,39,1871,2006-03-19T23:00:00.000000,607.271484375,14.394926071166992,0.23125313222408295,0.2809065580368042,1.239506483078003
40,40,1871,2006-03-19T23:00:00.000000,1201.431396484375,19.41349983215332,0.0701955035328865,0.1483914852142334,0.6593189239501953
41,41,1871,2006-03-19T23:00:00.000000,782.121826171875,14.849428176879883,0.27530914545059204,0.27860113978385925,1.357722282409668
42,42,1871,2006-03-19T23:00:00.000000,198.5294189453125,7.982048034667969,0.06802849471569061,0.14775674045085907,0.64689040184021
43,43,1871,2006-03-19T23:00:00.000000,1040.6832275390625,18.927227020263672,0.37906336784362793,0.3612298369407654,1.5855913162231445
44,44,1871,2006-03-19T23:00:00.000000,1271.40087890625,22.282485961914062,0.2251702845096588,0.29653632640838623,1.3234930038452148
45,45,1871,2006-03-19T23:00:00.000000,244.75852966308594,8.790213584899902,0.12423472106456757,0.19803957641124725,0.8293821811676025
46,46,1871,2006-03-19T23:00:00.000000,46.02344512939453,3.903064250946045,0.031135037541389465,0.10151746869087219,0.4436955451965332
47,47,1871,2006-03-19T23:00:00.000000,275.89422607421875,9.176172256469727,0.12354834377765656,0.194181889295578,0.8641433715820312
48,48,1871,2006-03-19T23:00:00.000000,400.9485778808594,11.36823558807373,0.14807555079460144,0.21846932172775269,0.9498103857040405
49,49,1871,2006-03-19T23:00:00.000000,460.9674072265625,12.772173881530762,0.1535067856311798,0.23307381570339203,1.0101467370986938
50,50,1871,2006-03-19T23:00:00.000000,123.3504638671875,5.971205711364746,0.044534556567668915,0.11345933377742767,0.513952374458313
51,51,1871,2006-03-19T23:00:00.000000,1228.8111572265625,19.119522094726562,0.4512030780315399,0.3663704991340637,1.6015400886535645
52,52,1871,2006-03-19T23:00:00.000000,164.98687744140625,7.189547538757324,0.060678090900182724,0.13787731528282166,0.5971533060073853
53,53,1871,2006-03-19T23:00:00.000000,114.97804260253906,6.2442145347595215,0.0383407361805439,0.11402513086795807,0.5198339819908142
54,54,1871,2006-03-19T23:00:00.000000,260.6827392578125,9.779733657836914,0.11378657072782516,0.20432260632514954,0.8902263045310974
55,55,1871,2006-03-19T23:00:00.000000,241.30120849609375,8.464975357055664,0.0803823471069336,0.15449921786785126,0.702739953994751
56,56,1871,2006-03-19T23:00:00.000000,163.71453857421875,7.34772253036499,0.056447021663188934,0.13643619418144226,0.6124625205993652
57,57,1871,2006-03-19T23:00:00.000000,329.2509765625,10.170858383178711,0.13529831171035767,0.2061769962310791,0.9198060035705566
58,58,1871,2006-03-19T23:00:00.000000,191.7206268310547,7.689054489135742,0.07850869745016098,0.15559563040733337,0.6891677379608154
59,59,1871,2006-03-19T23:00:00.000000,191.7877197265625,8.3832368850708,0.06720976531505585,0.15693415701389313,0.7169916033744812
60,60,1871,2006-03-19T23:00:00.000000,173.32925415039062,7.367132186889648,0.118384450674057,0.19253508746623993,0.8462161421775818
61,61,1871,2006-03-19T23:00:00.000000,284.3326721191406,9.101688385009766,0.09970928728580475,0.1704419106245041,0.7462043166160583
62,62,1871,2006-03-19T23:00:00.000000,1400.8955078125,22.183086395263672,0.5114504098892212,0.4238583743572235,1.8075387477874756
63,63,1871,2006-03-19T23:00:00.000000,137.1850128173828,6.5339579582214355,0.05596808344125748,0.13197548687458038,0.5925490260124207
64,64,1871,2006-03-19T23:00:00.000000,290.47100830078125,9.703023910522461,0.11908425390720367,0.196463942527771,0.8531754016876221
65,65,1871,2006-03-19T23:00:00.000000,419.0555419921875,12.10606575012207,0.13818010687828064,0.21983152627944946,1.0072602033615112
66,66,1871,2006-03-19T23:00:00.000000,141.7960205078125,6.521988868713379,0.04868646711111069,0.120851531624794,0.5486029982566833
67,67,1871,2006-03-19T23:00:00.000000,513.9696044921875,12.344621658325195,0.19007055461406708,0.23739223182201385,1.0081541538238525
68,68,1871,2006-03-19T23:00:00.000000,2550.4267578125,30.2320556640625,0.23227736353874207,0.28851255774497986,1.2237038612365723
69,69,1871,2006-03-19T23:00:00.000000,516.2454833984375,13.865150451660156,0.05460190400481224,0.14259371161460876,0.6043699979782104
70,70,1871,2006-03-19T23:00:00.000000,642.65380859375,13.857169151306152,0.12227210402488708,0.19113916158676147,0.82792067527771
71,71,1871,2006-03-19T23:00:00.000000,107.49766540527344,5.754067897796631,0.07621382176876068,0.1532118320465088,0.6899361610412598
72,72,1871,2006-03-19T23:00:00.000000,208.45687866210938,8.433483123779297,0.08447161316871643,0.16976740956306458,0.7388119101524353
73,73,1871,2006-03-19T23:00:00.000000,2093.3740234375,28.886428833007812,0.09643232822418213,0.19605672359466553,0.8210759162902832
74,74,1871,2006-03-19T23:00:00.000000,156.42172241210938,6.722927093505859,0.052955374121665955,0.1236986368894577,0.5680726170539856
75,75,1871,2006-03-19T23:00:00.000000,330.30560302734375,10.416418075561523,0.11234168708324432,0.19210153818130493,0.8647435903549194
76,76,1871,2006-03-19T23:00:00.000000,167.16412353515625,7.396420955657959,0.05019354075193405,0.1281663328409195,0.5762462019920349
77,77,1871,2006-03-19T23:00:00.000000,803.4523315429688,16.32283592224121,0.2999778389930725,0.31539884209632874,1.4003660678863525
78,78,1871,2006-03-19T23:00:00.000000,289.98974609375,10.131486892700195,0.10176268219947815,0.18979120254516602,0.8309377431869507
79,79,1871,2006-03-19T23:00:00.000000,254.81875610351562,8.426347732543945,0.09996690601110458,0.1668982356786728,0.7246749401092529
80,80,1871,2006-03-19T23:00:00.000000,557.6881103515625,12.942718505859375,0.1116185337305069,0.18310406804084778,0.7934361696243286
81,81,1871,2006-03-19T23:00:00.000000,636.0844116210938,14.565500259399414,0.24470952153205872,0.28568896651268005,1.2698614597320557
82,82,1871,2006-03-19T23:00:00.000000,217.6533203125,8.945215225219727,0.0992564857006073,0.19102385640144348,0.8292919993400574
83,83,1871,2006-03-19T23:00:00.000000,244.5841522216797,9.07048225402832,0.16101662814617157,0.23272958397865295,1.047724723815918
84,84,1871,2006-03-19T23:00:00.000000,1132.14892578125,18.668174743652344,0.4204874634742737,0.35977137088775635,1.6214256286621094
85,85,1871,2006-03-19T23:00:00.000000,170.46585083007812,7.517635345458984,0.07255321741104126,0.15509255230426788,0.6700567007064819
86,86,1871,2006-03-19T23:00:00.000000,205.7606201171875,8.40747356414795,0.07180273532867432,0.15705612301826477,0.6963787078857422
87,87,1871,2006-03-19T23:00:00.000000,135.05780029296875,6.588572978973389,0.05893218144774437,0.13762831687927246,0.6273761987686157
88,88,1871,2006-03-19T23:00:00.000000,696.1979370117188,15.470766067504883,0.33397743105888367,0.338847279548645,1.5486482381820679
89,89,1871,2006-03-19T23:00:00.000000,81.46603393554688,5.000921249389648,0.03398074954748154,0.10213585197925568,0.4748876988887787
90,90,1871,2006-03-19T23:00:00.000000,116.50405883789062,6.186846733093262,0.08220672607421875,0.1643434762954712,0.7095249891281128
91,91,1871,2006-03-19T23:00:00.000000,177.30136108398438,7.469101905822754,0.07693995535373688,0.15559238195419312,0.7074212431907654
92,92,1871,2006-03-19T23:00:00.000000,172.87753295898438,6.842289924621582,0.058969102799892426,0.1263701319694519,0.568860650062561
93,93,1871,2006-03-19T23:00:00.000000,206.8179168701172,7.748056411743164,0.0904512032866478,0.16203391551971436,0.6998676061630249
94,94,1871,2006-03-19T23:00:00.000000,816.2811279296875,15.824989318847656,0.31497395038604736,0.3108571469783783,1.3753721714019775
95,95,1871,2006-03-19T23:00:00.000000,383.1510925292969,10.434313774108887,0.15560901165008545,0.21027913689613342,0.895293653011322
96,96,1871,2006-03-19T23:00:00.000000,128.75132751464844,6.421558380126953,0.06301619857549667,0.14206618070602417,0.6074496507644653
97,97,1871,2006-03-19T23:00:00.000000,171.37030029296875,7.23012638092041,0.07314368337392807,0.14937105774879456,0.674376904964447
98,98,1871,2006-03-19T23:00:00.000000,721.1703491210938,15.55363655090332,0.3474811017513275,0.34141188859939575,1.4918596744537354
99,99,1871,2006-03-19T23:00:00.000000,280.88140869140625,9.327881813049316,0.10607513785362244,0.1812710165977478,0.7785241007804871
100,100,1871,2006-03-19T23:00:00.000000,197.1873779296875,7.711749076843262,0.13071641325950623,0.1985538899898529,0.9025733470916748
101,101,1871,2006-03-19T23:00:00.000000,105.260009765625,5.5370192527771,0.06807585060596466,0.14081239700317383,0.6250510215759277
102,102,1871,2006-03-19T23:00:00.000000,797.3461303710938,16.397254943847656,0.2924702763557434,0.3140426278114319,1.3785083293914795
103,103,1871,2006-03-19T23:00:00.000000,1001.36865234375,18.596792221069336,0.37692004442214966,0.36079928278923035,1.617784023284912
104,104,1871,2006-03-19T23:00:00.000000,860.504150390625,15.855443954467773,0.11091519892215729,0.1800103485584259,0.7972582578659058
105,105,1871,2006-03-19T23:00:00.000000,324.9879455566406,10.41709041595459,0.04382176697254181,0.12096445262432098,0.5368973612785339
106,106,1871,2006-03-19T23:00:00.000000,908.2098999023438,16.94158935546875,0.35987910628318787,0.33724015951156616,1.5040631294250488
107,107,1871,2006-03-19T23:00:00.000000,207.21176147460938,7.341455459594727,0.06918758153915405,0.1341494917869568,0.6095892190933228
108,108,1871,2006-03-19T23:00:00.000000,119.88629150390625,6.345393180847168,0.05167069658637047,0.13173341751098633,0.6072754263877869
109,109,1871,2006-03-19T23:00:00.000000,185.73690795898438,8.012139320373535,0.06449425220489502,0.1493000090122223,0.673559308052063
110,110,1871,2006-03-19T23:00:00.000000,883.281005859375,16.155750274658203,0.30901268124580383,0.30218005180358887,1.483885645866394
111,111,1871,2006-03-19T23:00:00.000000,255.60264587402344,9.335949897766113,0.0904230996966362,0.17559635639190674,0.763728141784668
112,112,1871,2006-03-19T23:00:00.000000,63.242828369140625,4.59178352355957,0.0731184110045433,0.15613098442554474,0.6854018568992615
113,113,1871,2006-03-19T23:00:00.000000,425.7567138671875,11.83629035949707,0.17749491333961487,0.2416728436946869,1.1168514490127563
114,114,1871,2006-03-19T23:00:00.000000,361.982666015625,9.614923477172852,0.13558746874332428,0.18608514964580536,0.7799030542373657
115,115,1871,2006-03-19T23:00:00.000000,19.492794036865234,2.4557933807373047,0.09655088186264038,0.17283545434474945,0.7290772795677185
116,116,1871,2006-03-19T23:00:00.000000,257.0400085449219,9.65977668762207,0.08690492808818817,0.17761878669261932,0.7914944887161255
117,117,1871,2006-03-19T23:00:00.000000,336.61016845703125,10.121807098388672,0.12520217895507812,0.19520923495292664,0.8196093440055847
118,118,1871,2006-03-19T23:00:00.000000,177.02903747558594,7.488861083984375,0.0631929486989975,0.14149069786071777,0.6213821768760681
119,119,1871,2006-03-19T23:00:00.000000,111.97640228271484,6.133444786071777,0.07813886553049088,0.16202227771282196,0.7384645938873291
120,120,1871,2006-03-19T23:00:00.000000,134.2112274169922,6.811483383178711,0.04630988463759422,0.12652727961540222,0.585494339466095
121,121,1871,2006-03-19T23:00:00.000000,1395.703857421875,18.534191131591797,0.09963367879390717,0.15659578144550323,0.6889652013778687
122,122,1871,2006-03-19T23:00:00.000000,282.2200012207031,9.407720565795898,0.09519471973180771,0.17278139293193817,0.7831974029541016
123,123,1871,2006-03-19T23:00:00.000000,263.7806091308594,8.598186492919922,0.09215593338012695,0.16071154177188873,0.7179979085922241
124,124,1871,2006-03-19T23:00:00.000000,537.6470947265625,13.073649406433105,0.06979373842477798,0.14895544946193695,0.6504302620887756
125,125,1871,2006-03-19T23:00:00.000000,671.273681640625,15.366759300231934,0.12618838250637054,0.21068917214870453,0.9165282249450684
126,126,1871,2006-03-19T23:00:00.000000,121.2880859375,5.9338579177856445,0.13936060667037964,0.20113983750343323,0.8691921234130859
127,127,1871,2006-03-19T23:00:00.000000,319.23602294921875,9.687240600585938,0.12245269864797592,0.18972663581371307,0.8042689561843872
128,128,1871,2006-03-19T23:00:00.000000,249.38482666015625,8.36783218383789,0.08696254342794418,0.15625864267349243,0.6993023753166199
129,129,1871,2006-03-19T23:00:00.000000,25.482513427734375,2.7363288402557373,0.12774528563022614,0.193740114569664,0.8270210027694702
130,130,1871,2006-03-19T23:00:00.000000,175.39682006835938,7.072379112243652,0.09439781308174133,0.1640724539756775,0.6940407156944275
131,131,1871,2006-03-19T23:00:00.000000,521.8175659179688,12.78400707244873,0.20856982469558716,0.25558382272720337,1.125826120376587
132,132,1871,2006-03-19T23:00:00.000000,696.529541015625,15.486334800720215,0.26496562361717224,0.30204638838768005,1.2907848358154297
133,133,1871,2006-03-19T23:00:00.000000,550.2919921875,12.276020050048828,0.2104988545179367,0.2400965392589569,0.9744027853012085
134,134,1871,2006-03-19T23:00:00.000000,346.73956298828125,10.900594711303711,0.11852386593818665,0.2015354037284851,0.873069167137146
135,135,1871,2006-03-19T23:00:00.000000,171.291015625,8.053397178649902,0.08808663487434387,0.18262776732444763,0.8265081644058228
136,136,1871,2006-03-19T23:00:00.000000,322.03839111328125,9.74283218383789,0.06041845306754112,0.1334492713212967,0.5998839735984802
0,0,2383,2006-04-10T07:00:00.000000,156.5808868408203,8.14666748046875,0.011957338079810143,0.0711914524435997,0.3040241599082947
1,1,2383,2006-04-10T07:00:00.000000,35.28245544433594,2.7115583419799805,0.011219631880521774,0.04835360497236252,0.20494374632835388
2,2,2383,2006-04-10T07:00:00.000000,33.33754348754883,3.1773486137390137,0.009737281128764153,0.05430213734507561,0.26532357931137085
3,3,2383,2006-04-10T07:00:00.000000,45.17202377319336,3.845503568649292,0.013128109276294708,0.0655570700764656,0.28335779905319214
4,4,2383,2006-04-10T07:00:00.000000,92.06121826171875,5.688229560852051,0.009256601333618164,0.05703803151845932,0.24836675822734833
5,5,2383,2006-04-10T07:00:00.000000,193.31411743164062,8.368818283081055,0.008744915015995502,0.056287266314029694,0.24799677729606628
6,6,2383,2006-04-10T07:00:00.000000,24.66387176513672,3.0838236808776855,0.009372550994157791,0.06011568754911423,0.2635377049446106
7,7,2383,2006-04-10T07:00:00.000000,28.19539451599121,2.957179546356201,0.009766309522092342,0.05503689497709274,0.2358141392469406
8,8,2383,2006-04-10T07:00:00.000000,34.73029327392578,3.3538684844970703,0.010487392544746399,0.05828080698847771,0.25057896971702576
9,9,2383,2006-04-10T07:00:00.000000,68.1177978515625,3.8698649406433105,0.02014428935945034,0.06654898822307587,0.3116469383239746
10,10,2383,2006-04-10T07:00:00.000000,61.42137908935547,3.9246554374694824,0.019400054588913918,0.0697498470544815,0.3127029538154602
11,11,2383,2006-04-10T07:00:00.000000,4.7525410652160645,1.4168238639831543,0.004926647990942001,0.04561720788478851,0.19844304025173187
12,12,2383,2006-04-10T07:00:00.000000,16.784765243530273,2.6213605403900146,0.004860620480030775,0.0446082279086113,0.1876581758260727
13,13,2383,2006-04-10T07:00:00.000000,28.356040954589844,2.879394054412842,0.008173809386789799,0.048886679112911224,0.2166343629360199
14,14,2383,2006-04-10T07:00:00.000000,26.421173095703125,2.9552016258239746,0.007292754016816616,0.0490972101688385,0.2002391815185547
15,15,2383,2006-04-10T07:00:00.000000,4.399033069610596,1.2972244024276733,0.003942170646041632,0.03883329778909683,0.17281195521354675
16,16,2383,2006-04-10T07:00:00.000000,27.0352840423584,3.198582649230957,0.007944425567984581,0.0548306480050087,0.2368953675031662
17,17,2383,2006-04-10T07:00:00.000000,58.72595977783203,4.466047286987305,0.016920018941164017,0.0758068859577179,0.3232699930667877
18,18,2383,2006-04-10T07:00:00.000000,63.803924560546875,4.767465591430664,0.018740063533186913,0.08170514553785324,0.36839884519577026
19,19,2383,2006-04-10T07:00:00.000000,39.818275451660156,3.5041770935058594,0.011821312829852104,0.06037785857915878,0.2640231251716614
20,20,2383,2006-04-10T07:00:00.000000,46.52720642089844,3.459381103515625,0.013890060596168041,0.05977189168334007,0.2501927316188812
21,21,2383,2006-04-10T07:00:00.000000,28.785381317138672,3.3379173278808594,0.008330541662871838,0.05678403005003929,0.24290001392364502
22,22,2383,2006-04-10T07:00:00.000000,24.921825408935547,3.3146843910217285,0.0064229401759803295,0.053213175386190414,0.22402386367321014
23,23,2383,2006-04-10T07:00:00.000000,42.00473403930664,4.3502302169799805,0.0027725272811949253,0.035342805087566376,0.15226565301418304
24,24,2383,2006-04-10T07:00:00.000000,53.95125961303711,4.1409125328063965,0.015943609178066254,0.07118502259254456,0.3032640516757965
25,25,2383,2006-04-10T07:00:00.000000,31.64051628112793,2.985858678817749,0.011703590862452984,0.05742579326033592,0.26320627331733704
26,26,2383,2006-04-10T07:00:00.000000,25.41437339782715,2.755317449569702,0.007847883738577366,0.048418156802654266,0.21102683246135712
27,27,2383,2006-04-10T07:00:00.000000,54.56231689453125,4.421480178833008,0.016792692244052887,0.07756779342889786,0.3372754752635956
28,28,2383,2006-04-10T07:00:00.000000,80.14259338378906,5.60916805267334,0.005176881328225136,0.04508176073431969,0.19722294807434082
29,29,2383,2006-04-10T07:00:00.000000,56.86104965209961,3.654409408569336,0.01773761957883835,0.06454423069953918,0.28998440504074097
30,30,2383,2006-04-10T07:00:00.000000,26.695228576660156,3.3295340538024902,0.011777296662330627,0.0699341744184494,0.29508161544799805
31,31,2383,2006-04-10T07:00:00.000000,245.1566619873047,8.917909622192383,0.022438514977693558,0.08531752228736877,0.36586183309555054
32,32,2383,2006-04-10T07:00:00.000000,17.860349655151367,2.5630338191986084,0.005206756759434938,0.04376158118247986,0.19163191318511963
33,33,2383,2006-04-10T07:00:00.000000,36.273902893066406,3.4933555126190186,0.01353577058762312,0.0674818754196167,0.29334956407546997
34,34,2383,2006-04-10T07:00:00.000000,16.803373336791992,2.4211173057556152,0.005838673561811447,0.04513096809387207,0.20112189650535583
35,35,2383,2006-04-10T07:00:00.000000,10.440114974975586,1.9763984680175781,0.0047922320663928986,0.04234389215707779,0.18504051864147186
36,36,2383,2006-04-10T07:00:00.000000,24.678014755249023,3.1002097129821777,0.0071487873792648315,0.052765749394893646,0.22066017985343933
37,37,2383,2006-04-10T07:00:00.000000,9.268415451049805,1.7855641841888428,0.005557172000408173,0.04372195899486542,0.18559806048870087
38,38,2383,2006-04-10T07:00:00.000000,29.2675838470459,3.3947246074676514,0.008786920458078384,0.05882059782743454,0.2565177083015442
39,39,2383,2006-04-10T07:00:00.000000,32.0003547668457,3.204890727996826,0.010079327039420605,0.0568789467215538,0.25502702593803406
40,40,2383,2006-04-10T07:00:00.000000,135.54351806640625,7.475805282592773,0.007871441543102264,0.056969936937093735,0.2478691041469574
41,41,2383,2006-04-10T07:00:00.000000,32.196266174316406,3.3973560333251953,0.00942976027727127,0.05814182385802269,0.2738550901412964
42,42,2383,2006-04-10T07:00:00.000000,57.49238204956055,4.803802490234375,0.018110178411006927,0.08525922149419785,0.35573887825012207
43,43,2383,2006-04-10T07:00:00.000000,51.06584930419922,3.6624984741210938,0.014890044927597046,0.06254033744335175,0.2805261015892029
44,44,2383,2006-04-10T07:00:00.000000,43.842613220214844,4.037531852722168,0.0062410361133515835,0.048172153532505035,0.2042112946510315
45,45,2383,2006-04-10T07:00:00.000000,18.483169555664062,2.874018430709839,0.007677912712097168,0.05857643485069275,0.2565780282020569
46,46,2383,2006-04-10T07:00:00.000000,16.12970733642578,2.373568534851074,0.009987220168113708,0.059062372893095016,0.24812239408493042
47,47,2383,2006-04-10T07:00:00.000000,22.311294555664062,2.9914259910583496,0.009728320874273777,0.062464725226163864,0.2578583359718323
48,48,2383,2006-04-10T07:00:00.000000,12.954170227050781,2.440683603286743,0.003969769459217787,0.042725712060928345,0.18537186086177826
49,49,2383,2006-04-10T07:00:00.000000,10.886953353881836,2.121581554412842,0.0032277542632073164,0.03653059899806976,0.16198599338531494
50,50,2383,2006-04-10T07:00:00.000000,28.44277000427246,3.165024518966675,0.008075343444943428,0.05333000421524048,0.22292184829711914
51,51,2383,2006-04-10T07:00:00.000000,34.441131591796875,3.391944646835327,0.010023752227425575,0.05786622688174248,0.2610986828804016
52,52,2383,2006-04-10T07:00:00.000000,26.35011863708496,3.2545859813690186,0.008023448288440704,0.056791722774505615,0.24967911839485168
53,53,2383,2006-04-10T07:00:00.000000,30.55892562866211,3.1125831604003906,0.009001988917589188,0.053422123193740845,0.22644589841365814
54,54,2383,2006-04-10T07:00:00.000000,23.315847396850586,3.1714916229248047,0.008951015770435333,0.06214040517807007,0.2685360908508301
55,55,2383,2006-04-10T07:00:00.000000,37.714874267578125,3.097609281539917,0.011163640767335892,0.053293377161026,0.2255794256925583
56,56,2383,2006-04-10T07:00:00.000000,41.558998107910156,3.6631813049316406,0.012411458417773247,0.06330488622188568,0.26564040780067444
57,57,2383,2006-04-10T07:00:00.000000,36.93980407714844,3.050441265106201,0.012993251904845238,0.05721031129360199,0.2518913149833679
58,58,2383,2006-04-10T07:00:00.000000,22.828659057617188,2.9635684490203857,0.009007375687360764,0.05886726826429367,0.2559609115123749
59,59,2383,2006-04-10T07:00:00.000000,19.703487396240234,2.809981346130371,0.005738145671784878,0.04795321077108383,0.20534974336624146
60,60,2383,2006-04-10T07:00:00.000000,18.568113327026367,2.246000289916992,0.010243499651551247,0.05275335907936096,0.23664414882659912
61,61,2383,2006-04-10T07:00:00.000000,37.65514373779297,3.6865592002868652,0.012082168832421303,0.06603612005710602,0.27160707116127014
62,62,2383,2006-04-10T07:00:00.000000,71.63219451904297,4.226062774658203,0.021308746188879013,0.0728887990117073,0.315311074256897
63,63,2383,2006-04-10T07:00:00.000000,25.208229064941406,3.0160021781921387,0.009381860494613647,0.0581841766834259,0.25477808713912964
64,64,2383,2006-04-10T07:00:00.000000,35.7966423034668,3.7466378211975098,0.012078218162059784,0.06882115453481674,0.31645095348358154
65,65,2383,2006-04-10T07:00:00.000000,14.400341033935547,2.437605857849121,0.004197306931018829,0.041616201400756836,0.18309371173381805
66,66,2383,2006-04-10T07:00:00.000000,60.82354736328125,3.9687228202819824,0.017840072512626648,0.06796936690807343,0.2950199544429779
67,67,2383,2006-04-10T07:00:00.000000,35.137107849121094,3.5933456420898438,0.010798739269375801,0.06299448013305664,0.28036072850227356
68,68,2383,2006-04-10T07:00:00.000000,496.49066162109375,8.743857383728027,0.036363497376441956,0.0748308077454567,0.3433726727962494
69,69,2383,2006-04-10T07:00:00.000000,38.80729675292969,4.199275970458984,0.003308648243546486,0.038774218410253525,0.17167197167873383
70,70,2383,2006-04-10T07:00:00.000000,60.61277389526367,4.879143714904785,0.010086428374052048,0.06294050812721252,0.25689995288848877
71,71,2383,2006-04-10T07:00:00.000000,20.04355239868164,2.860873222351074,0.013543104752898216,0.07436531037092209,0.30824410915374756
72,72,2383,2006-04-10T07:00:00.000000,18.18353271484375,2.7860183715820312,0.00618076603859663,0.05136484652757645,0.2215692698955536
73,73,2383,2006-04-10T07:00:00.000000,296.1330261230469,10.413622856140137,0.01073015108704567,0.06268467009067535,0.28293755650520325
74,74,2383,2006-04-10T07:00:00.000000,30.21718978881836,3.2203052043914795,0.009142346680164337,0.056014284491539,0.23626336455345154
75,75,2383,2006-04-10T07:00:00.000000,36.7546272277832,3.407888412475586,0.01064898632466793,0.05800741910934448,0.25295355916023254
76,76,2383,2006-04-10T07:00:00.000000,10.810160636901855,2.1622180938720703,0.002991004381328821,0.03596597909927368,0.15311864018440247
77,77,2383,2006-04-10T07:00:00.000000,43.281578063964844,3.3253445625305176,0.012708283960819244,0.05698079988360405,0.25262555480003357
78,78,2383,2006-04-10T07:00:00.000000,29.97210693359375,3.5923516750335693,0.009667023085057735,0.06451587378978729,0.2752161920070648
79,79,2383,2006-04-10T07:00:00.000000,13.560698509216309,2.3789002895355225,0.0044537503272295,0.043112002313137054,0.18877476453781128
80,80,2383,2006-04-10T07:00:00.000000,45.335811614990234,3.7592101097106934,0.008958461694419384,0.05284363031387329,0.2198675572872162
81,81,2383,2006-04-10T07:00:00.000000,36.635292053222656,2.9752159118652344,0.010887067764997482,0.051288992166519165,0.22796504199504852
82,82,2383,2006-04-10T07:00:00.000000,50.500762939453125,4.415254592895508,0.01967105269432068,0.08714060485363007,0.381863534450531
83,83,2383,2006-04-10T07:00:00.000000,19.777835845947266,2.598127841949463,0.011291690170764923,0.062079839408397675,0.25911661982536316
84,84,2383,2006-04-10T07:00:00.000000,30.52603530883789,3.2419955730438232,0.009346568956971169,0.05672876536846161,0.26438212394714355
85,85,2383,2006-04-10T07:00:00.000000,32.64799499511719,2.8769614696502686,0.011554021388292313,0.054121822118759155,0.2346738576889038
86,86,2383,2006-04-10T07:00:00.000000,21.655210494995117,2.9792871475219727,0.006319440435618162,0.05089445412158966,0.21932277083396912
87,87,2383,2006-04-10T07:00:00.000000,25.837820053100586,3.1494574546813965,0.009532148018479347,0.06049273535609245,0.2627325654029846
88,88,2383,2006-04-10T07:00:00.000000,30.913442611694336,2.90594482421875,0.011640026234090328,0.05638851970434189,0.2554425299167633
89,89,2383,2006-04-10T07:00:00.000000,25.755306243896484,3.1058146953582764,0.009566794149577618,0.059858448803424835,0.2558268904685974
90,90,2383,2006-04-10T07:00:00.000000,31.58102035522461,3.462228775024414,0.02200723998248577,0.09139563888311386,0.40045809745788574
91,91,2383,2006-04-10T07:00:00.000000,25.207576751708984,3.2900748252868652,0.010469856671988964,0.06705182045698166,0.29665443301200867
92,92,2383,2006-04-10T07:00:00.000000,25.91688346862793,3.053142547607422,0.007678523194044828,0.052552640438079834,0.22809289395809174
93,93,2383,2006-04-10T07:00:00.000000,26.390377044677734,3.222656011581421,0.01126098446547985,0.06657011806964874,0.29285746812820435
94,94,2383,2006-04-10T07:00:00.000000,26.164188385009766,2.9438376426696777,0.008835448883473873,0.054097168147563934,0.24420204758644104
95,95,2383,2006-04-10T07:00:00.000000,34.685157775878906,3.6769652366638184,0.011940931901335716,0.06822393834590912,0.30808061361312866
96,96,2383,2006-04-10T07:00:00.000000,11.455032348632812,2.3551011085510254,0.005126606673002243,0.0498226061463356,0.20722270011901855
97,97,2383,2006-04-10T07:00:00.000000,36.70844268798828,3.6108436584472656,0.013773296028375626,0.06994306296110153,0.2869691848754883
98,98,2383,2006-04-10T07:00:00.000000,30.293209075927734,3.298985004425049,0.011569797061383724,0.06447191536426544,0.29364830255508423
99,99,2383,2006-04-10T07:00:00.000000,16.491052627563477,2.5939271450042725,0.005041713360697031,0.04535473883152008,0.19752809405326843
100,100,2383,2006-04-10T07:00:00.000000,11.387049674987793,1.8729541301727295,0.006356490775942802,0.044251732528209686,0.1998947560787201
101,101,2383,2006-04-10T07:00:00.000000,11.505575180053711,2.1671524047851562,0.0069054244086146355,0.05309217423200607,0.22601211071014404
102,102,2383,2006-04-10T07:00:00.000000,20.269155502319336,2.559638738632202,0.0062247952446341515,0.044856294989585876,0.19398438930511475
103,103,2383,2006-04-10T07:00:00.000000,41.77741241455078,3.439431667327881,0.012116689234972,0.058574408292770386,0.25967925786972046
104,104,2383,2006-04-10T07:00:00.000000,50.47372055053711,4.501124858856201,0.006041118875145912,0.049243293702602386,0.21660539507865906
105,105,2383,2006-04-10T07:00:00.000000,47.860511779785156,4.665809631347656,0.00586887588724494,0.051667310297489166,0.23399949073791504
106,106,2383,2006-04-10T07:00:00.000000,23.85946273803711,2.754276990890503,0.007802559994161129,0.049807630479335785,0.2272002100944519
107,107,2383,2006-04-10T07:00:00.000000,32.39805221557617,3.6325080394744873,0.009323855862021446,0.06162329763174057,0.26462191343307495
108,108,2383,2006-04-10T07:00:00.000000,29.499156951904297,3.4362921714782715,0.011059216223657131,0.06653459370136261,0.27939367294311523
109,109,2383,2006-04-10T07:00:00.000000,64.98234558105469,3.305638313293457,0.018695645034313202,0.05606965348124504,0.23888276517391205
110,110,2383,2006-04-10T07:00:00.000000,49.05406188964844,4.014736175537109,0.01437547616660595,0.0687275230884552,0.3227473497390747
111,111,2383,2006-04-10T07:00:00.000000,39.57146453857422,4.134283065795898,0.013274731114506721,0.07572199404239655,0.30713969469070435
112,112,2383,2006-04-10T07:00:00.000000,6.688361167907715,1.730884313583374,0.006943428888916969,0.05576930567622185,0.2319570779800415
113,113,2383,2006-04-10T07:00:00.000000,42.665061950683594,3.5229766368865967,0.015470972284674644,0.06708607077598572,0.2871001958847046
114,114,2383,2006-04-10T07:00:00.000000,12.853355407714844,2.376554489135742,0.003940051421523094,0.04160930961370468,0.18307670950889587
115,115,2383,2006-04-10T07:00:00.000000,2.912172317504883,1.0128600597381592,0.015300287865102291,0.07341599464416504,0.31239527463912964
116,116,2383,2006-04-10T07:00:00.000000,42.195709228515625,4.157036781311035,0.013677863404154778,0.07484431564807892,0.3197133243083954
117,117,2383,2006-04-10T07:00:00.000000,29.116132736206055,3.2269110679626465,0.008904541842639446,0.05643206462264061,0.2502378821372986
118,118,2383,2006-04-10T07:00:00.000000,30.129690170288086,3.4108948707580566,0.00877620279788971,0.05821358412504196,0.24865619838237762
119,119,2383,2006-04-10T07:00:00.000000,10.586467742919922,2.153784990310669,0.007079203613102436,0.05569536238908768,0.24552284181118011
120,120,2383,2006-04-10T07:00:00.000000,26.714780807495117,3.389944076538086,0.0078066433779895306,0.05794939398765564,0.24994635581970215
121,121,2383,2006-04-10T07:00:00.000000,260.67047119140625,8.529254913330078,0.015005308203399181,0.06471242010593414,0.2741236686706543
122,122,2383,2006-04-10T07:00:00.000000,40.41740417480469,4.096287727355957,0.013311423361301422,0.07433930784463882,0.30265912413597107
123,123,2383,2006-04-10T07:00:00.000000,45.26483154296875,3.7986063957214355,0.013747258111834526,0.06619907170534134,0.27959465980529785
124,124,2383,2006-04-10T07:00:00.000000,69.87071228027344,5.304891109466553,0.0089988112449646,0.06020345911383629,0.24604055285453796
125,125,2383,2006-04-10T07:00:00.000000,43.36113739013672,3.8906755447387695,0.0073503549210727215,0.05065576359629631,0.21471896767616272
126,126,2383,2006-04-10T07:00:00.000000,5.780717849731445,1.2872731685638428,0.006136904936283827,0.04194251820445061,0.17994055151939392
127,127,2383,2006-04-10T07:00:00.000000,60.04035949707031,4.378000259399414,0.021217256784439087,0.08229979127645493,0.3706653118133545
128,128,2383,2006-04-10T07:00:00.000000,14.311576843261719,2.5204789638519287,0.004035421181470156,0.04232371598482132,0.1771540343761444
129,129,2383,2006-04-10T07:00:00.000000,2.668633222579956,0.9861897230148315,0.011682259850203991,0.06524984538555145,0.2741575241088867
130,130,2383,2006-04-10T07:00:00.000000,13.371562004089355,2.39631986618042,0.0061667258851230145,0.05146133527159691,0.22435258328914642
131,131,2383,2006-04-10T07:00:00.000000,24.649349212646484,2.696519613265991,0.0076643540523946285,0.04754870384931564,0.21652302145957947
132,132,2383,2006-04-10T07:00:00.000000,28.137075424194336,3.0717875957489014,0.008250268176198006,0.05259999632835388,0.23673439025878906
133,133,2383,2006-04-10T07:00:00.000000,41.29863739013672,3.550004482269287,0.01325650792568922,0.06360270828008652,0.2804441452026367
134,134,2383,2006-04-10T07:00:00.000000,35.46879577636719,3.076489210128784,0.010471346788108349,0.052860766649246216,0.22459551692008972
135,135,2383,2006-04-10T07:00:00.000000,22.602867126464844,2.616086959838867,0.009154118597507477,0.05264761298894882,0.23428164422512054
136,136,2383,2006-04-10T07:00:00.000000,33.38292694091797,3.33709979057312,0.005909748375415802,0.04440087080001831,0.18837308883666992
0,0,2895,2006-05-01T15:00:00.000000,391.375,13.423151969909668,0.032093264162540436,0.12155278772115707,0.5206687450408936
1,1,2895,2006-05-01T15:00:00.000000,73.62577819824219,4.893748760223389,0.02346043288707733,0.08735641092061996,0.38913488388061523
2,2,2895,2006-05-01T15:00:00.000000,267.8335876464844,9.046043395996094,0.09202121943235397,0.1676757037639618,0.7586776614189148
3,3,2895,2006-05-01T15:00:00.000000,637.1531982421875,13.51352596282959,0.18277065455913544,0.22887587547302246,1.0613007545471191
4,4,2895,2006-05-01T15:00:00.000000,348.53729248046875,11.745552062988281,0.038708895444869995,0.12378107756376266,0.542590856552124
5,5,2895,2006-05-01T15:00:00.000000,421.0562438964844,12.074480056762695,0.019525647163391113,0.08222447335720062,0.36302655935287476
6,6,2895,2006-05-01T15:00:00.000000,12.962928771972656,2.282214641571045,0.0050615426152944565,0.04509687051177025,0.1931295394897461
7,7,2895,2006-05-01T15:00:00.000000,411.4202575683594,11.549392700195312,0.14714501798152924,0.21841832995414734,1.0001024007797241
8,8,2895,2006-05-01T15:00:00.000000,218.484375,7.169522285461426,0.06336160749197006,0.12209367007017136,0.5769234895706177
9,9,2895,2006-05-01T15:00:00.000000,202.90530395507812,7.190600395202637,0.06611067801713943,0.12979388236999512,0.5842825770378113
10,10,2895,2006-05-01T15:00:00.000000,79.47601318359375,4.699430465698242,0.02689271979033947,0.08644592761993408,0.3816692531108856
11,11,2895,2006-05-01T15:00:00.000000,13.493559837341309,1.8632972240447998,0.015838010236620903,0.06383651494979858,0.2886494994163513
12,12,2895,2006-05-01T15:00:00.000000,185.5474090576172,6.6428046226501465,0.052097246050834656,0.11130931228399277,0.4968440532684326
13,13,2895,2006-05-01T15:00:00.000000,364.8661804199219,9.606910705566406,0.1125701516866684,0.16874411702156067,0.7692785263061523
14,14,2895,2006-05-01T15:00:00.000000,249.73948669433594,7.458560466766357,0.06796132028102875,0.12303885817527771,0.5657204985618591
15,15,2895,2006-05-01T15:00:00.000000,85.44711303710938,4.866343021392822,0.08113033324480057,0.14994971454143524,0.6754188537597656
16,16,2895,2006-05-01T15:00:00.000000,324.7593078613281,8.232322692871094,0.09033066034317017,0.1372964084148407,0.6409827470779419
17,17,2895,2006-05-01T15:00:00.000000,150.4033660888672,7.165890693664551,0.041801031678915024,0.11946340650320053,0.5515515804290771
18,18,2895,2006-05-01T15:00:00.000000,255.45758056640625,7.875451564788818,0.08200542628765106,0.1411033570766449,0.6501901149749756
19,19,2895,2006-05-01T15:00:00.000000,192.36019897460938,8.20078182220459,0.061053566634655,0.1461009830236435,0.6638143062591553
20,20,2895,2006-05-01T15:00:00.000000,416.0811462402344,10.35396671295166,0.12216396629810333,0.17741458117961884,0.8063462972640991
21,21,2895,2006-05-01T15:00:00.000000,208.88070678710938,7.107405662536621,0.060240671038627625,0.12069988250732422,0.5465164184570312
22,22,2895,2006-05-01T15:00:00.000000,581.0610961914062,14.800616264343262,0.14182619750499725,0.23123157024383545,1.098199725151062
23,23,2895,2006-05-01T15:00:00.000000,492.32061767578125,11.992097854614258,0.03593536838889122,0.1024547815322876,0.4532698094844818
24,24,2895,2006-05-01T15:00:00.000000,166.6223602294922,6.051400661468506,0.04577035829424858,0.10029550641775131,0.4608311355113983
25,25,2895,2006-05-01T15:00:00.000000,178.54180908203125,7.184084892272949,0.07688106596469879,0.1490771770477295,0.675774097442627
26,26,2895,2006-05-01T15:00:00.000000,172.64584350585938,6.8646464347839355,0.05543319508433342,0.12300565093755722,0.5697507858276367
27,27,2895,2006-05-01T15:00:00.000000,58.27855682373047,3.5926616191864014,0.017248183488845825,0.06180642545223236,0.28140848875045776
28,28,2895,2006-05-01T15:00:00.000000,186.5282440185547,8.514601707458496,0.0133597981184721,0.07205962389707565,0.33047449588775635
29,29,2895,2006-05-01T15:00:00.000000,169.35337829589844,7.053983688354492,0.052573658525943756,0.12428583204746246,0.5593099594116211
30,30,2895,2006-05-01T15:00:00.000000,90.91606903076172,4.878469944000244,0.03834812343120575,0.10019253939390182,0.42058485746383667
31,31,2895,2006-05-01T15:00:00.000000,126.70830535888672,6.996740341186523,0.011768310330808163,0.0674295499920845,0.2968381345272064
32,32,2895,2006-05-01T15:00:00.000000,264.61822509765625,8.43988037109375,0.07389289885759354,0.1410352885723114,0.6576478481292725
33,33,2895,2006-05-01T15:00:00.000000,136.39532470703125,6.6133131980896,0.04826272651553154,0.12440139055252075,0.5672158598899841
34,34,2895,2006-05-01T15:00:00.000000,306.1478576660156,8.236777305603027,0.10932409018278122,0.15565018355846405,0.7155542373657227
35,35,2895,2006-05-01T15:00:00.000000,58.6939697265625,3.808562755584717,0.03024670109152794,0.08645763248205185,0.3806290030479431
36,36,2895,2006-05-01T15:00:00.000000,212.27597045898438,7.602176666259766,0.060668401420116425,0.1285194456577301,0.5863041281700134
37,37,2895,2006-05-01T15:00:00.000000,73.39247131347656,3.877915382385254,0.042522430419921875,0.09334297478199005,0.40419459342956543
38,38,2895,2006-05-01T15:00:00.000000,413.99652099609375,10.567386627197266,0.12150212377309799,0.18103444576263428,0.828446090221405
39,39,2895,2006-05-01T15:00:00.000000,289.0771179199219,8.654985427856445,0.09216105937957764,0.15453726053237915,0.6846408843994141
40,40,2895,2006-05-01T15:00:00.000000,222.30340576171875,8.734598159790039,0.013189776800572872,0.06728040426969528,0.28881970047950745
41,41,2895,2006-05-01T15:00:00.000000,260.19940185546875,8.399809837341309,0.0878944993019104,0.1543821543455124,0.7056186199188232
42,42,2895,2006-05-01T15:00:00.000000,82.60984802246094,5.3198442459106445,0.025459010154008865,0.09339073300361633,0.4167548418045044
43,43,2895,2006-05-01T15:00:00.000000,334.64141845703125,8.966104507446289,0.10949811339378357,0.16218744218349457,0.737615704536438
44,44,2895,2006-05-01T15:00:00.000000,204.94444274902344,8.997102737426758,0.03183497115969658,0.11213387548923492,0.4904448986053467
45,45,2895,2006-05-01T15:00:00.000000,199.88035583496094,8.212388038635254,0.08561673760414124,0.1699666678905487,0.7437047362327576
46,46,2895,2006-05-01T15:00:00.000000,82.39854431152344,5.021246910095215,0.04702353477478027,0.11995252966880798,0.5669710636138916
47,47,2895,2006-05-01T15:00:00.000000,42.542564392089844,3.7959249019622803,0.01691489666700363,0.07569033652544022,0.34149762988090515
48,48,2895,2006-05-01T15:00:00.000000,82.93653869628906,5.076728820800781,0.027004104107618332,0.09160642325878143,0.3969758450984955
49,49,2895,2006-05-01T15:00:00.000000,239.45176696777344,7.9505534172058105,0.07307624816894531,0.13889175653457642,0.6379179954528809
50,50,2895,2006-05-01T15:00:00.000000,135.8976287841797,6.158727169036865,0.03749176859855652,0.1022946685552597,0.45001277327537537
51,51,2895,2006-05-01T15:00:00.000000,247.6329803466797,7.508303642272949,0.07863422483205795,0.1337960660457611,0.6106757521629333
52,52,2895,2006-05-01T15:00:00.000000,75.50384521484375,4.933837413787842,0.024647673591971397,0.08914320170879364,0.39576077461242676
53,53,2895,2006-05-01T15:00:00.000000,146.29293823242188,6.410241603851318,0.04022705927491188,0.10629719495773315,0.501349687576294
54,54,2895,2006-05-01T15:00:00.000000,36.55413055419922,3.7476134300231934,0.014128542505204678,0.07367756217718124,0.3088514804840088
55,55,2895,2006-05-01T15:00:00.000000,308.2554626464844,8.883564949035645,0.09119942784309387,0.15280161798000336,0.6841679811477661
56,56,2895,2006-05-01T15:00:00.000000,172.21371459960938,6.640023231506348,0.04791737720370293,0.11075982451438904,0.5107475519180298
57,57,2895,2006-05-01T15:00:00.000000,384.01666259765625,10.90701675415039,0.13604497909545898,0.20529210567474365,0.9392690658569336
58,58,2895,2006-05-01T15:00:00.000000,16.10405731201172,2.437196731567383,0.006522470153868198,0.04904887080192566,0.2225932776927948
59,59,2895,2006-05-01T15:00:00.000000,176.84323120117188,7.07187032699585,0.04981987923383713,0.11869746446609497,0.5402991771697998
60,60,2895,2006-05-01T15:00:00.000000,91.10411071777344,5.119413375854492,0.05207180231809616,0.12239186465740204,0.5625637769699097
61,61,2895,2006-05-01T15:00:00.000000,88.12996673583984,5.243446350097656,0.02790113165974617,0.09329663217067719,0.41278737783432007
62,62,2895,2006-05-01T15:00:00.000000,293.2181701660156,8.669840812683105,0.09818442910909653,0.15864889323711395,0.6923308372497559
63,63,2895,2006-05-01T15:00:00.000000,130.27542114257812,5.895841121673584,0.047142431139945984,0.112155482172966,0.529008686542511
64,64,2895,2006-05-01T15:00:00.000000,117.6058578491211,6.049803733825684,0.04062090069055557,0.1124350056052208,0.5073941349983215
65,65,2895,2006-05-01T15:00:00.000000,295.925048828125,9.035184860229492,0.09227167814970016,0.1595439612865448,0.7242676615715027
66,66,2895,2006-05-01T15:00:00.000000,387.96966552734375,10.333563804626465,0.11347877979278564,0.17672930657863617,0.7697553634643555
67,67,2895,2006-05-01T15:00:00.000000,67.9381332397461,4.039875507354736,0.02125018648803234,0.07144840806722641,0.31733959913253784
68,68,2895,2006-05-01T15:00:00.000000,2030.7845458984375,27.622617721557617,0.15901228785514832,0.24442648887634277,1.058489203453064
69,69,2895,2006-05-01T15:00:00.000000,542.1785278320312,12.35450267791748,0.05338485166430473,0.1225922703742981,0.5549904108047485
70,70,2895,2006-05-01T15:00:00.000000,56.3137321472168,4.951573371887207,0.009840067476034164,0.06545382738113403,0.29891106486320496
71,71,2895,2006-05-01T15:00:00.000000,67.12321472167969,4.122201442718506,0.045831095427274704,0.1077141985297203,0.48464152216911316
72,72,2895,2006-05-01T15:00:00.000000,115.4520492553711,5.1754865646362305,0.039172373712062836,0.09533234685659409,0.42381057143211365
73,73,2895,2006-05-01T15:00:00.000000,1689.67236328125,23.122831344604492,0.06126951426267624,0.1392393559217453,0.640294075012207
74,74,2895,2006-05-01T15:00:00.000000,554.6214599609375,12.509729385375977,0.16049793362617493,0.21280619502067566,0.9570674896240234
75,75,2895,2006-05-01T15:00:00.000000,161.77691650390625,7.276740074157715,0.04512650892138481,0.12153308093547821,0.5603281855583191
76,76,2895,2006-05-01T15:00:00.000000,107.47038269042969,6.288045406341553,0.031432583928108215,0.10753785073757172,0.4649125337600708
77,77,2895,2006-05-01T15:00:00.000000,190.4444580078125,7.157624244689941,0.06416221708059311,0.13137853145599365,0.5945902466773987
78,78,2895,2006-05-01T15:00:00.000000,139.27967834472656,6.06076192855835,0.04458238184452057,0.10843386501073837,0.47006577253341675
79,79,2895,2006-05-01T15:00:00.000000,128.89578247070312,6.027909278869629,0.04343743622303009,0.11065714806318283,0.5065025091171265
80,80,2895,2006-05-01T15:00:00.000000,64.01238250732422,5.282369613647461,0.012355854734778404,0.07338937371969223,0.30797773599624634
81,81,2895,2006-05-01T15:00:00.000000,378.3630065917969,9.883923530578613,0.1263926476240158,0.18064916133880615,0.7627713084220886
82,82,2895,2006-05-01T15:00:00.000000,18.787981033325195,2.7755727767944336,0.007237122859805822,0.05447479337453842,0.23863181471824646
83,83,2895,2006-05-01T15:00:00.000000,104.37828063964844,5.858551025390625,0.057435259222984314,0.13742777705192566,0.638093113899231
84,84,2895,2006-05-01T15:00:00.000000,532.3291625976562,10.424602508544922,0.17995308339595795,0.19166773557662964,0.8533064723014832
85,85,2895,2006-05-01T15:00:00.000000,216.36827087402344,6.8466620445251465,0.07671002298593521,0.1289164125919342,0.604900598526001
86,86,2895,2006-05-01T15:00:00.000000,182.04971313476562,6.0589399337768555,0.05048374831676483,0.10089680552482605,0.45516103506088257
87,87,2895,2006-05-01T15:00:00.000000,146.70065307617188,6.391591548919678,0.051148466765880585,0.11934640258550644,0.5571283102035522
88,88,2895,2006-05-01T15:00:00.000000,299.5174560546875,8.202934265136719,0.1293434053659439,0.17046308517456055,0.8062975406646729
89,89,2895,2006-05-01T15:00:00.000000,110.87799072265625,6.16305685043335,0.03754014894366264,0.11340218782424927,0.5201873779296875
90,90,2895,2006-05-01T15:00:00.000000,41.20486068725586,3.244915008544922,0.028126779943704605,0.08477916568517685,0.37145566940307617
91,91,2895,2006-05-01T15:00:00.000000,25.243282318115234,2.8757238388061523,0.009881196543574333,0.05689564347267151,0.24934455752372742
92,92,2895,2006-05-01T15:00:00.000000,400.107421875,8.77881908416748,0.1113913506269455,0.14647838473320007,0.6729220151901245
93,93,2895,2006-05-01T15:00:00.000000,25.986278533935547,3.099919080734253,0.009736577980220318,0.06000417470932007,0.25574368238449097
94,94,2895,2006-05-01T15:00:00.000000,234.2521209716797,8.537216186523438,0.08421172201633453,0.1618679165840149,0.7283479571342468
95,95,2895,2006-05-01T15:00:00.000000,193.0735321044922,6.763633728027344,0.06510939449071884,0.12420543283224106,0.541711688041687
96,96,2895,2006-05-01T15:00:00.000000,78.94273376464844,5.283968448638916,0.03407849371433258,0.10978534072637558,0.46760162711143494
97,97,2895,2006-05-01T15:00:00.000000,145.8800811767578,6.145130157470703,0.05227084085345268,0.11632226407527924,0.5455461740493774
98,98,2895,2006-05-01T15:00:00.000000,125.12398529052734,5.362748622894287,0.05490542948246002,0.11233752220869064,0.5236830711364746
99,99,2895,2006-05-01T15:00:00.000000,89.7477035522461,5.019354343414307,0.029436912387609482,0.0909038633108139,0.3932100236415863
100,100,2895,2006-05-01T15:00:00.000000,148.5426788330078,6.001523017883301,0.08137869834899902,0.14047245681285858,0.6347609162330627
101,101,2895,2006-05-01T15:00:00.000000,114.61019134521484,5.479313850402832,0.0676390677690506,0.13311080634593964,0.6099759340286255
102,102,2895,2006-05-01T15:00:00.000000,257.4887390136719,7.554793357849121,0.0846705362200737,0.13699652254581451,0.606207549571991
103,103,2895,2006-05-01T15:00:00.000000,570.0989379882812,12.120828628540039,0.18328337371349335,0.21732953190803528,0.9874822497367859
104,104,2895,2006-05-01T15:00:00.000000,511.0602722167969,11.41560173034668,0.06483849883079529,0.1285817176103592,0.5556893348693848
105,105,2895,2006-05-01T15:00:00.000000,90.80625915527344,6.291515350341797,0.012398367747664452,0.0735156238079071,0.32435980439186096
106,106,2895,2006-05-01T15:00:00.000000,241.74398803710938,8.692073822021484,0.08435626327991486,0.16236943006515503,0.760689914226532
107,107,2895,2006-05-01T15:00:00.000000,160.7417755126953,7.385800838470459,0.04536142200231552,0.12407279014587402,0.5908993482589722
108,108,2895,2006-05-01T15:00:00.000000,158.90179443359375,6.954944610595703,0.05604097247123718,0.13061171770095825,0.6102266311645508
109,109,2895,2006-05-01T15:00:00.000000,456.8275146484375,10.960866928100586,0.13261550664901733,0.18675225973129272,0.8705493807792664
110,110,2895,2006-05-01T15:00:00.000000,153.89498901367188,6.029162883758545,0.05291224643588066,0.11179511994123459,0.4987577199935913
111,111,2895,2006-05-01T15:00:00.000000,123.2029037475586,5.544651985168457,0.038093023002147675,0.09749593585729599,0.45416849851608276
112,112,2895,2006-05-01T15:00:00.000000,9.519262313842773,1.9944465160369873,0.010901379399001598,0.06749342381954193,0.2904702425003052
113,113,2895,2006-05-01T15:00:00.000000,353.5379333496094,9.657675743103027,0.12574055790901184,0.1821345090866089,0.8471423983573914
114,114,2895,2006-05-01T15:00:00.000000,110.85070037841797,5.544162750244141,0.03361023962497711,0.09653894603252411,0.43315792083740234
115,115,2895,2006-05-01T15:00:00.000000,2.892150402069092,1.0321812629699707,0.014543350785970688,0.07319438457489014,0.32887646555900574
116,116,2895,2006-05-01T15:00:00.000000,63.267303466796875,4.6108903884887695,0.019997617229819298,0.0819755345582962,0.3675152659416199
117,117,2895,2006-05-01T15:00:00.000000,166.2428741455078,7.081027030944824,0.05525162070989609,0.12909138202667236,0.5550369024276733
118,118,2895,2006-05-01T15:00:00.000000,77.56674194335938,5.005609512329102,0.022059721872210503,0.08441492170095444,0.39057135581970215
119,119,2895,2006-05-01T15:00:00.000000,44.4708251953125,3.7878293991088867,0.029576530680060387,0.09768467396497726,0.42501434683799744
120,120,2895,2006-05-01T15:00:00.000000,127.93999481201172,6.295049667358398,0.03668428584933281,0.10659480094909668,0.47861871123313904
121,121,2895,2006-05-01T15:00:00.000000,2033.500244140625,23.818204879760742,0.11360310763120651,0.17802540957927704,0.8390571475028992
122,122,2895,2006-05-01T15:00:00.000000,125.56230926513672,6.151976585388184,0.038364481180906296,0.1075349673628807,0.47810888290405273
123,123,2895,2006-05-01T15:00:00.000000,265.5111999511719,8.322273254394531,0.0740080252289772,0.13894405961036682,0.6381672620773315
124,124,2895,2006-05-01T15:00:00.000000,286.39068603515625,10.159597396850586,0.03689318522810936,0.11531083285808563,0.5253719687461853
125,125,2895,2006-05-01T15:00:00.000000,146.9125213623047,7.346461296081543,0.026621893048286438,0.09889362752437592,0.42998170852661133
126,126,2895,2006-05-01T15:00:00.000000,68.75778198242188,3.9886679649353027,0.07502565532922745,0.13175645470619202,0.5886231064796448
127,127,2895,2006-05-01T15:00:00.000000,100.5631103515625,5.835674285888672,0.035312529653310776,0.10935436189174652,0.484684556722641
128,128,2895,2006-05-01T15:00:00.000000,147.99758911132812,6.55499267578125,0.041803620755672455,0.11016708612442017,0.5058972239494324
129,129,2895,2006-05-01T15:00:00.000000,5.733663082122803,1.2846953868865967,0.027458004653453827,0.08890344947576523,0.396054744720459
130,130,2895,2006-05-01T15:00:00.000000,60.84911346435547,4.772092819213867,0.030416470021009445,0.1066930741071701,0.45088309049606323
131,131,2895,2006-05-01T15:00:00.000000,232.69564819335938,8.360546112060547,0.07615761458873749,0.15125063061714172,0.6829929351806641
132,132,2895,2006-05-01T15:00:00.000000,113.37408447265625,5.552276134490967,0.03784527629613876,0.10144250094890594,0.46095821261405945
133,133,2895,2006-05-01T15:00:00.000000,64.64340209960938,4.141887187957764,0.02026776224374771,0.07333968579769135,0.3297445774078369
134,134,2895,2006-05-01T15:00:00.000000,272.3763122558594,8.542754173278809,0.07743243128061295,0.1440371870994568,0.6730375289916992
135,135,2895,2006-05-01T15:00:00.000000,194.9907684326172,7.699221611022949,0.07935377955436707,0.15531866252422333,0.7623779773712158
136,136,2895,2006-05-01T15:00:00.000000,285.82110595703125,8.805521011352539,0.05387881398200989,0.12089737504720688,0.5139691829681396
0,0,3407,2006-05-22T23:00:00.000000,156.0383758544922,7.733440399169922,0.010751724243164062,0.06419424712657928,0.2906590700149536
1,1,3407,2006-05-22T23:00:00.000000,125.84605407714844,5.841395378112793,0.03598560765385628,0.09877821803092957,0.4512758255004883
2,2,3407,2006-05-22T23:00:00.000000,47.66929244995117,4.088922500610352,0.01596890762448311,0.07483884692192078,0.307506799697876
3,3,3407,2006-05-22T23:00:00.000000,29.891780853271484,2.968839406967163,0.008953084237873554,0.05138036236166954,0.22527378797531128
4,4,3407,2006-05-22T23:00:00.000000,254.8082275390625,8.937765121459961,0.022406330332159996,0.08381225913763046,0.37773939967155457
5,5,3407,2006-05-22T23:00:00.000000,437.1772155761719,10.374999046325684,0.020807288587093353,0.07157593965530396,0.3225727379322052
6,6,3407,2006-05-22T23:00:00.000000,6.532785415649414,1.8619868755340576,0.0023850607685744762,0.03557763993740082,0.15177147090435028
7,7,3407,2006-05-22T23:00:00.000000,45.30508041381836,4.22407865524292,0.017506631091237068,0.08303473889827728,0.3293226361274719
8,8,3407,2006-05-22T23:00:00.000000,18.14150619506836,2.4701411724090576,0.005419728346168995,0.042694687843322754,0.1809251308441162
9,9,3407,2006-05-22T23:00:00.000000,51.86166000366211,4.515972137451172,0.019497115164995193,0.08756148815155029,0.35312318801879883
10,10,3407,2006-05-22T23:00:00.000000,45.45051193237305,4.6995849609375,0.01595113053917885,0.08804117888212204,0.3750264048576355
11,11,3407,2006-05-22T23:00:00.000000,17.066146850585938,2.7090988159179688,0.018845129758119583,0.09002365916967392,0.38910481333732605
12,12,3407,2006-05-22T23:00:00.000000,26.81549644470215,3.6032817363739014,0.0077785770408809185,0.061369895935058594,0.2737124562263489
13,13,3407,2006-05-22T23:00:00.000000,41.27268600463867,4.489340782165527,0.015017992816865444,0.08563615381717682,0.3388907313346863
14,14,3407,2006-05-22T23:00:00.000000,123.76024627685547,5.6044535636901855,0.03873637691140175,0.09915217012166977,0.4297795295715332
15,15,3407,2006-05-22T23:00:00.000000,27.306135177612305,3.5331335067749023,0.02223164588212967,0.10081281512975693,0.4597932696342468
16,16,3407,2006-05-22T23:00:00.000000,39.20036315917969,4.060513496398926,0.011534268967807293,0.06965157389640808,0.30668526887893677
17,17,3407,2006-05-22T23:00:00.000000,37.46886444091797,3.549142360687256,0.01181834191083908,0.06303276866674423,0.2666552662849426
18,18,3407,2006-05-22T23:00:00.000000,37.27177429199219,4.0508036613464355,0.013950596563518047,0.07836958765983582,0.31152158975601196
19,19,3407,2006-05-22T23:00:00.000000,46.356651306152344,4.307521343231201,0.01791340857744217,0.08467604219913483,0.3424834609031677
20,20,3407,2006-05-22T23:00:00.000000,48.604957580566406,3.7630043029785156,0.014494440518319607,0.06498230993747711,0.3038484454154968
21,21,3407,2006-05-22T23:00:00.000000,109.64006805419922,5.426238059997559,0.03555053472518921,0.09770959615707397,0.41260892152786255
22,22,3407,2006-05-22T23:00:00.000000,53.23065185546875,5.286708354949951,0.011661509051918983,0.07824953645467758,0.3275168240070343
23,23,3407,2006-05-22T23:00:00.000000,199.43014526367188,7.507866859436035,0.013156379573047161,0.060980282723903656,0.26855897903442383
24,24,3407,2006-05-22T23:00:00.000000,59.95332336425781,4.587682247161865,0.018206505104899406,0.0799465999007225,0.3369080722332001
25,25,3407,2006-05-22T23:00:00.000000,51.16990661621094,4.680691242218018,0.024824853986501694,0.10309700667858124,0.41646480560302734
26,26,3407,2006-05-22T23:00:00.000000,132.50057983398438,5.081704139709473,0.04663196951150894,0.0953328013420105,0.40029412508010864
27,27,3407,2006-05-22T23:00:00.000000,357.8335876464844,7.4571075439453125,0.09967750310897827,0.12445960938930511,0.562895655632019
28,28,3407,2006-05-22T23:00:00.000000,586.2289428710938,13.082653045654297,0.038239043205976486,0.10566125810146332,0.4664618670940399
29,29,3407,2006-05-22T23:00:00.000000,56.44457244873047,4.917503356933594,0.01936228573322296,0.09107767045497894,0.3695794939994812
30,30,3407,2006-05-22T23:00:00.000000,15.770602226257324,2.606274366378784,0.006221040617674589,0.05176396295428276,0.22509585320949554
31,31,3407,2006-05-22T23:00:00.000000,368.32806396484375,10.917304992675781,0.0323001965880394,0.10223525762557983,0.4605182409286499
32,32,3407,2006-05-22T23:00:00.000000,56.42957305908203,4.136561870574951,0.01777109131217003,0.07340797036886215,0.3174171447753906
33,33,3407,2006-05-22T23:00:00.000000,38.301578521728516,3.7626426219940186,0.014235164038836956,0.07253804057836533,0.32075053453445435
34,34,3407,2006-05-22T23:00:00.000000,73.54682922363281,4.382510185241699,0.03095337562263012,0.08990731090307236,0.35697734355926514
35,35,3407,2006-05-22T23:00:00.000000,44.24835205078125,3.4627013206481934,0.02128804288804531,0.07595115154981613,0.32777759432792664
36,36,3407,2006-05-22T23:00:00.000000,49.231361389160156,4.454503059387207,0.015363084152340889,0.07868964225053787,0.34433817863464355
37,37,3407,2006-05-22T23:00:00.000000,15.700675964355469,2.6387078762054443,0.00913332961499691,0.06364242732524872,0.2781345248222351
38,38,3407,2006-05-22T23:00:00.000000,33.618282318115234,3.8219094276428223,0.01075304951518774,0.06835313886404037,0.28825443983078003
39,39,3407,2006-05-22T23:00:00.000000,54.76261901855469,4.320340156555176,0.018482662737369537,0.07937030494213104,0.3194741904735565
40,40,3407,2006-05-22T23:00:00.000000,190.12950134277344,7.655783653259277,0.010676957666873932,0.05737049877643585,0.2566612660884857
41,41,3407,2006-05-22T23:00:00.000000,44.786983489990234,4.225415229797363,0.014602004550397396,0.0762956440448761,0.30535727739334106
42,42,3407,2006-05-22T23:00:00.000000,38.080875396728516,4.124497890472412,0.01109061948955059,0.07038749754428864,0.29955703020095825
43,43,3407,2006-05-22T23:00:00.000000,34.335594177246094,3.6644787788391113,0.012796301394701004,0.07074278593063354,0.2798651456832886
44,44,3407,2006-05-22T23:00:00.000000,110.84405517578125,6.943270683288574,0.014693605713546276,0.07994145900011063,0.3478488326072693
45,45,3407,2006-05-22T23:00:00.000000,16.36955451965332,2.5422472953796387,0.006089176516979933,0.04903189465403557,0.21463024616241455
46,46,3407,2006-05-22T23:00:00.000000,32.097923278808594,3.4204626083374023,0.01962384209036827,0.08457430452108383,0.3681107461452484
47,47,3407,2006-05-22T23:00:00.000000,20.625713348388672,3.0801913738250732,0.007811396382749081,0.05994287133216858,0.26262766122817993
48,48,3407,2006-05-22T23:00:00.000000,46.36692810058594,3.881843328475952,0.013229927979409695,0.06557111442089081,0.2981172800064087
49,49,3407,2006-05-22T23:00:00.000000,32.037445068359375,3.4995439052581787,0.009971578605473042,0.06173969432711601,0.26554936170578003
50,50,3407,2006-05-22T23:00:00.000000,43.42158126831055,3.6316699981689453,0.012701161205768585,0.06211197003722191,0.2810695767402649
51,51,3407,2006-05-22T23:00:00.000000,46.352783203125,4.629054546356201,0.017244648188352585,0.08928562700748444,0.35086047649383545
52,52,3407,2006-05-22T23:00:00.000000,135.099365234375,6.444470405578613,0.03860808536410332,0.10894308984279633,0.49077004194259644
53,53,3407,2006-05-22T23:00:00.000000,91.19799041748047,5.0304179191589355,0.027468319982290268,0.08730265498161316,0.3811526298522949
54,54,3407,2006-05-22T23:00:00.000000,53.62836456298828,3.952390193939209,0.019940190017223358,0.07621265947818756,0.3257196843624115
55,55,3407,2006-05-22T23:00:00.000000,84.48731231689453,4.7874603271484375,0.02535049431025982,0.08292828500270844,0.3634095788002014
56,56,3407,2006-05-22T23:00:00.000000,121.17410278320312,5.938699722290039,0.03705094754695892,0.10384513437747955,0.4659276008605957
57,57,3407,2006-05-22T23:00:00.000000,40.142059326171875,3.4856925010681152,0.01670488715171814,0.07110678404569626,0.2878039479255676
58,58,3407,2006-05-22T23:00:00.000000,24.98885154724121,3.1169185638427734,0.009302444756031036,0.06013825535774231,0.2708887457847595
59,59,3407,2006-05-22T23:00:00.000000,48.040645599365234,3.4621105194091797,0.014208778738975525,0.05954083427786827,0.2537648677825928
60,60,3407,2006-05-22T23:00:00.000000,20.56604766845703,2.8188343048095703,0.012697361409664154,0.070040762424469,0.29671940207481384
61,61,3407,2006-05-22T23:00:00.000000,78.29196166992188,4.787675857543945,0.02355300635099411,0.08304038643836975,0.3726120889186859
62,62,3407,2006-05-22T23:00:00.000000,46.652610778808594,4.638341426849365,0.01794286072254181,0.09096422046422958,0.36625680327415466
63,63,3407,2006-05-22T23:00:00.000000,23.910907745361328,2.927794933319092,0.009328489191830158,0.05782933533191681,0.24968461692333221
64,64,3407,2006-05-22T23:00:00.000000,100.88296508789062,5.712898254394531,0.03229560703039169,0.10221609473228455,0.4389396905899048
65,65,3407,2006-05-22T23:00:00.000000,31.297439575195312,3.6177263259887695,0.009602341800928116,0.06336798518896103,0.2549462914466858
66,66,3407,2006-05-22T23:00:00.000000,15.132845878601074,2.348233938217163,0.004406512249261141,0.04007084667682648,0.17682485282421112
67,67,3407,2006-05-22T23:00:00.000000,192.7503662109375,6.118620872497559,0.05395568534731865,0.10237042605876923,0.47038230299949646
68,68,3407,2006-05-22T23:00:00.000000,441.32958984375,15.545919418334961,0.03642434626817703,0.1412312388420105,0.5327103137969971
69,69,3407,2006-05-22T23:00:00.000000,272.6065979003906,8.74506950378418,0.02344380132853985,0.0810977965593338,0.36096128821372986
70,70,3407,2006-05-22T23:00:00.000000,192.5459442138672,7.3819708824157715,0.03374501317739487,0.09772594273090363,0.4200071096420288
71,71,3407,2006-05-22T23:00:00.000000,13.503561973571777,2.34616756439209,0.008592896163463593,0.05918404459953308,0.2654573321342468
72,72,3407,2006-05-22T23:00:00.000000,77.42488098144531,5.294139862060547,0.02459748648107052,0.09436273574829102,0.4157668948173523
73,73,3407,2006-05-22T23:00:00.000000,1179.7672119140625,17.527769088745117,0.0379059761762619,0.09935329854488373,0.4455321431159973
74,74,3407,2006-05-22T23:00:00.000000,40.9595947265625,3.2278690338134766,0.01222272589802742,0.055759917944669724,0.26088982820510864
75,75,3407,2006-05-22T23:00:00.000000,32.37302780151367,3.862961530685425,0.010007460601627827,0.06791889667510986,0.29144904017448425
76,76,3407,2006-05-22T23:00:00.000000,79.43120574951172,5.546234130859375,0.02553321048617363,0.09943868219852448,0.4485728144645691
77,77,3407,2006-05-22T23:00:00.000000,34.204193115234375,3.852675199508667,0.01322793960571289,0.07576504349708557,0.31112658977508545
78,78,3407,2006-05-22T23:00:00.000000,23.086593627929688,3.143596649169922,0.006843044422566891,0.0541217140853405,0.23438267409801483
79,79,3407,2006-05-22T23:00:00.000000,39.657135009765625,3.9067161083221436,0.01231049932539463,0.06883178651332855,0.30996131896972656
80,80,3407,2006-05-22T23:00:00.000000,61.00111389160156,4.2399091720581055,0.011194735765457153,0.05743737146258354,0.2500078082084656
81,81,3407,2006-05-22T23:00:00.000000,73.46867370605469,5.06309700012207,0.029512828215956688,0.10147768259048462,0.4067768454551697
82,82,3407,2006-05-22T23:00:00.000000,42.36686325073242,3.7134647369384766,0.015866227447986603,0.0718626081943512,0.3139379620552063
83,83,3407,2006-05-22T23:00:00.000000,29.88361167907715,2.9213473796844482,0.019227199256420135,0.07410110533237457,0.31488141417503357
84,84,3407,2006-05-22T23:00:00.000000,53.685218811035156,4.157839775085449,0.01968325488269329,0.07961387932300568,0.30276626348495483
85,85,3407,2006-05-22T23:00:00.000000,79.87152862548828,4.860098838806152,0.030258802697062492,0.09459647536277771,0.4254666268825531
86,86,3407,2006-05-22T23:00:00.000000,26.54065704345703,3.1618974208831787,0.00820507388561964,0.05559467524290085,0.2289002239704132
87,87,3407,2006-05-22T23:00:00.000000,16.671871185302734,2.7947068214416504,0.00600194139406085,0.05302613228559494,0.2412271797657013
88,88,3407,2006-05-22T23:00:00.000000,25.52840805053711,3.4742865562438965,0.0121926199644804,0.07592804729938507,0.301743745803833
89,89,3407,2006-05-22T23:00:00.000000,29.1816463470459,3.3584742546081543,0.011263202875852585,0.06598087400197983,0.29249683022499084
90,90,3407,2006-05-22T23:00:00.000000,10.66928768157959,2.1856679916381836,0.00672898767516017,0.05488976091146469,0.24713067710399628
91,91,3407,2006-05-22T23:00:00.000000,67.58798217773438,4.41320276260376,0.025222552940249443,0.0852537751197815,0.37426531314849854
92,92,3407,2006-05-22T23:00:00.000000,16.671886444091797,2.6990621089935303,0.004801911301910877,0.04580654948949814,0.19611023366451263
93,93,3407,2006-05-22T23:00:00.000000,38.56459045410156,3.482142210006714,0.013931931927800179,0.06618472933769226,0.3045181930065155
94,94,3407,2006-05-22T23:00:00.000000,37.43771743774414,3.882338285446167,0.014306750148534775,0.0758943036198616,0.314987450838089
95,95,3407,2006-05-22T23:00:00.000000,65.30338287353516,4.924037933349609,0.020892899483442307,0.08807505667209625,0.39450716972351074
96,96,3407,2006-05-22T23:00:00.000000,33.559288024902344,3.7568347454071045,0.01300567016005516,0.07395748794078827,0.3370215892791748
97,97,3407,2006-05-22T23:00:00.000000,57.52532958984375,4.465779781341553,0.021503183990716934,0.08634141087532043,0.3851396441459656
98,98,3407,2006-05-22T23:00:00.000000,49.85826110839844,3.852858066558838,0.02472478523850441,0.0857987105846405,0.3405291438102722
99,99,3407,2006-05-22T23:00:00.000000,47.44135665893555,4.204023838043213,0.013387460261583328,0.0706212967634201,0.3102702796459198
100,100,3407,2006-05-22T23:00:00.000000,13.660411834716797,2.3536441326141357,0.008006704971194267,0.056981753557920456,0.22478924691677094
101,101,3407,2006-05-22T23:00:00.000000,28.384994506835938,3.312253713607788,0.017704136669635773,0.08272115886211395,0.3373582065105438
102,102,3407,2006-05-22T23:00:00.000000,26.26177215576172,3.4226174354553223,0.009757617488503456,0.06597329676151276,0.27106475830078125
103,103,3407,2006-05-22T23:00:00.000000,43.16416931152344,3.6720283031463623,0.016068238765001297,0.07084813714027405,0.29609566926956177
104,104,3407,2006-05-22T23:00:00.000000,180.37890625,7.672366619110107,0.02524494007229805,0.09076609462499619,0.3805849552154541
105,105,3407,2006-05-22T23:00:00.000000,88.1121826171875,5.499091625213623,0.011091548949480057,0.061697714030742645,0.2668108642101288
106,106,3407,2006-05-22T23:00:00.000000,36.3885498046875,4.048373699188232,0.013441653922200203,0.07780805230140686,0.29519301652908325
107,107,3407,2006-05-22T23:00:00.000000,48.14540100097656,4.380253791809082,0.014033505693078041,0.07478335499763489,0.31606969237327576
108,108,3407,2006-05-22T23:00:00.000000,37.04082489013672,3.457944869995117,0.014086085371673107,0.06743306666612625,0.29585278034210205
109,109,3407,2006-05-22T23:00:00.000000,32.213722229003906,3.7860450744628906,0.009751003235578537,0.06587034463882446,0.29161590337753296
110,110,3407,2006-05-22T23:00:00.000000,41.77283477783203,4.483807563781738,0.013494404032826424,0.08058920502662659,0.3292003870010376
111,111,3407,2006-05-22T23:00:00.000000,51.11131286621094,4.6052751541137695,0.015471610240638256,0.0801244005560875,0.3514516055583954
112,112,3407,2006-05-22T23:00:00.000000,5.174018859863281,1.4369399547576904,0.005512016825377941,0.046900756657123566,0.19589585065841675
113,113,3407,2006-05-22T23:00:00.000000,72.92394256591797,3.8845555782318115,0.030505163595080376,0.07944982498884201,0.3259834945201874
114,114,3407,2006-05-22T23:00:00.000000,130.60964965820312,5.633816719055176,0.03845205903053284,0.09666624665260315,0.432001531124115
115,115,3407,2006-05-22T23:00:00.000000,6.4968485832214355,1.3124042749404907,0.030774613842368126,0.09032593667507172,0.3932165503501892
116,116,3407,2006-05-22T23:00:00.000000,35.92113494873047,3.80111026763916,0.010990364477038383,0.06648773699998856,0.2866083085536957
117,117,3407,2006-05-22T23:00:00.000000,48.13288116455078,4.127594947814941,0.013670257292687893,0.06956078857183456,0.3080225884914398
118,118,3407,2006-05-22T23:00:00.000000,112.28065490722656,5.406169414520264,0.033469490706920624,0.09333869814872742,0.4087817370891571
119,119,3407,2006-05-22T23:00:00.000000,21.732086181640625,2.965130567550659,0.013528265058994293,0.07397996634244919,0.32626664638519287
120,120,3407,2006-05-22T23:00:00.000000,49.706756591796875,3.8898208141326904,0.015080763958394527,0.06775378435850143,0.2923430800437927
121,121,3407,2006-05-22T23:00:00.000000,715.1669921875,18.284597396850586,0.042805176228284836,0.14145873486995697,0.564995288848877
122,122,3407,2006-05-22T23:00:00.000000,30.373775482177734,3.5345005989074707,0.008909822441637516,0.06053593009710312,0.265865296125412
123,123,3407,2006-05-22T23:00:00.000000,35.02923583984375,3.6463429927825928,0.010062074288725853,0.061799630522727966,0.2711125910282135
124,124,3407,2006-05-22T23:00:00.000000,87.05831909179688,6.2782511711120605,0.011075817048549652,0.07081437110900879,0.303871214389801
125,125,3407,2006-05-22T23:00:00.000000,284.99066162109375,9.919501304626465,0.04785623401403427,0.12854163348674774,0.5625489950180054
126,126,3407,2006-05-22T23:00:00.000000,8.372268676757812,1.760987639427185,0.0105354655534029,0.06246856972575188,0.24897901713848114
127,127,3407,2006-05-22T23:00:00.000000,76.41618347167969,5.2972917556762695,0.023163532838225365,0.09222817420959473,0.41457605361938477
128,128,3407,2006-05-22T23:00:00.000000,39.156524658203125,3.637537717819214,0.012362631969153881,0.06463398784399033,0.2739109992980957
129,129,3407,2006-05-22T23:00:00.000000,5.454412460327148,1.2638338804244995,0.023564402014017105,0.08307000249624252,0.35728639364242554
130,130,3407,2006-05-22T23:00:00.000000,70.35897827148438,4.181445121765137,0.03289635851979256,0.09041501581668854,0.3960709273815155
131,131,3407,2006-05-22T23:00:00.000000,49.51235580444336,3.9498190879821777,0.017116423696279526,0.07343902438879013,0.3064286410808563
132,132,3407,2006-05-22T23:00:00.000000,70.89781188964844,4.8254618644714355,0.02724045142531395,0.09458659589290619,0.36455124616622925
133,133,3407,2006-05-22T23:00:00.000000,188.34104919433594,6.598783493041992,0.053184088319540024,0.11088742315769196,0.5050820112228394
134,134,3407,2006-05-22T23:00:00.000000,62.02586364746094,5.078053951263428,0.020217590034008026,0.09168019890785217,0.39846062660217285
135,135,3407,2006-05-22T23:00:00.000000,55.512237548828125,5.289685249328613,0.01978285238146782,0.09985732287168503,0.46303749084472656
136,136,3407,2006-05-22T23:00:00.000000,77.9041748046875,5.030876159667969,0.014216853305697441,0.06796181946992874,0.2989363670349121
0,0,3919,2006-06-13T07:00:00.000000,393.9833984375,12.98652172088623,0.029365450143814087,0.1121172159910202,0.5283209085464478
1,1,3919,2006-06-13T07:00:00.000000,104.28743743896484,4.946468353271484,0.031929921358823776,0.0865522027015686,0.38274747133255005
2,2,3919,2006-06-13T07:00:00.000000,22.561843872070312,3.124969482421875,0.006832483224570751,0.05438107252120972,0.2438340187072754
3,3,3919,2006-06-13T07:00:00.000000,142.20455932617188,5.694574356079102,0.04098467528820038,0.09667524695396423,0.4296776056289673
4,4,3919,2006-06-13T07:00:00.000000,286.5962829589844,11.190753936767578,0.02885313332080841,0.11228470504283905,0.4778929352760315
5,5,3919,2006-06-13T07:00:00.000000,1118.6990966796875,19.24757957458496,0.049172963947057724,0.12760940194129944,0.589181125164032
6,6,3919,2006-06-13T07:00:00.000000,146.48220825195312,6.5905561447143555,0.0564073882997036,0.12932950258255005,0.6024191379547119
7,7,3919,2006-06-13T07:00:00.000000,235.88706970214844,8.331061363220215,0.08165054768323898,0.15499863028526306,0.6936683654785156
8,8,3919,2006-06-13T07:00:00.000000,80.90596771240234,5.939528465270996,0.02274395525455475,0.09958517551422119,0.45180845260620117
9,9,3919,2006-06-13T07:00:00.000000,110.60015869140625,5.720693111419678,0.03167266398668289,0.09680841863155365,0.44572338461875916
10,10,3919,2006-06-13T07:00:00.000000,87.99745178222656,5.283284664154053,0.026729390025138855,0.09207962453365326,0.4160115718841553
11,11,3919,2006-06-13T07:00:00.000000,30.728961944580078,2.831122875213623,0.0372777134180069,0.09860736131668091,0.4357173442840576
12,12,3919,2006-06-13T07:00:00.000000,57.97711944580078,4.859260082244873,0.015883125364780426,0.08042846620082855,0.3667738139629364
13,13,3919,2006-06-13T07:00:00.000000,95.75041198730469,5.300872802734375,0.027108654379844666,0.08919306099414825,0.4113106429576874
14,14,3919,2006-06-13T07:00:00.000000,68.93855285644531,5.125026226043701,0.020531509071588516,0.08844543993473053,0.38884425163269043
15,15,3919,2006-06-13T07:00:00.000000,45.36212921142578,4.2905707359313965,0.04187268763780594,0.1303568333387375,0.5868973731994629
16,16,3919,2006-06-13T07:00:00.000000,56.16511154174805,4.683443546295166,0.016277138143777847,0.07972985506057739,0.3535948693752289
17,17,3919,2006-06-13T07:00:00.000000,153.06002807617188,6.509185791015625,0.04360143467783928,0.10986167192459106,0.46901702880859375
18,18,3919,2006-06-13T07:00:00.000000,139.0484619140625,6.037227630615234,0.03967909514904022,0.10198476165533066,0.47140002250671387
19,19,3919,2006-06-13T07:00:00.000000,105.01284790039062,6.466371059417725,0.02999928407371044,0.10929363965988159,0.5061118602752686
20,20,3919,2006-06-13T07:00:00.000000,157.6129150390625,6.975362777709961,0.045894935727119446,0.11902913451194763,0.529658317565918
21,21,3919,2006-06-13T07:00:00.000000,410.6982116699219,8.99955940246582,0.11600361764431,0.15125009417533875,0.6800777316093445
22,22,3919,2006-06-13T07:00:00.000000,173.70709228515625,8.38494873046875,0.040093280375003815,0.12738768756389618,0.6123936176300049
23,23,3919,2006-06-13T07:00:00.000000,291.1875915527344,8.755060195922852,0.02197783999145031,0.07606156170368195,0.3385443389415741
24,24,3919,2006-06-13T07:00:00.000000,77.53620910644531,5.225064754486084,0.022431476041674614,0.08887268602848053,0.38648635149002075
25,25,3919,2006-06-13T07:00:00.000000,31.136106491088867,3.672872543334961,0.012002190575003624,0.07211139798164368,0.3325978219509125
26,26,3919,2006-06-13T07:00:00.000000,105.63934326171875,6.055943489074707,0.03203844651579857,0.10546411573886871,0.48322343826293945
27,27,3919,2006-06-13T07:00:00.000000,82.53022766113281,4.787611484527588,0.025457806885242462,0.0840858444571495,0.3727066218852997
28,28,3919,2006-06-13T07:00:00.000000,182.1650390625,7.691686630249023,0.01414148323237896,0.067769855260849,0.286465585231781
29,29,3919,2006-06-13T07:00:00.000000,296.53216552734375,8.63592529296875,0.083706796169281,0.1450953185558319,0.6662294864654541
30,30,3919,2006-06-13T07:00:00.000000,88.29903411865234,6.154008865356445,0.03523832559585571,0.12293846905231476,0.5750688910484314
31,31,3919,2006-06-13T07:00:00.000000,339.7691650390625,8.41903305053711,0.03199721872806549,0.08170081675052643,0.362560510635376
32,32,3919,2006-06-13T07:00:00.000000,57.60344696044922,4.936349868774414,0.016544273123145103,0.08365762233734131,0.380746454000473
33,33,3919,2006-06-13T07:00:00.000000,35.788394927978516,4.141184329986572,0.013024626299738884,0.07900163531303406,0.35220858454704285
34,34,3919,2006-06-13T07:00:00.000000,81.64986419677734,5.657503128051758,0.027580734342336655,0.10398003458976746,0.47619080543518066
35,35,3919,2006-06-13T07:00:00.000000,39.49507522583008,3.5088508129119873,0.020974857732653618,0.08086171746253967,0.3558672070503235
36,36,3919,2006-06-13T07:00:00.000000,273.50555419921875,7.78009033203125,0.07649222016334534,0.13010984659194946,0.5783876180648804
37,37,3919,2006-06-13T07:00:00.000000,112.79136657714844,5.617955207824707,0.06310509145259857,0.1328839510679245,0.6054415106773376
38,38,3919,2006-06-13T07:00:00.000000,125.42234802246094,6.723327159881592,0.035906147211790085,0.11375778913497925,0.5079128742218018
39,39,3919,2006-06-13T07:00:00.000000,523.357666015625,11.209989547729492,0.1468227356672287,0.18775978684425354,0.8519484400749207
40,40,3919,2006-06-13T07:00:00.000000,532.39501953125,15.037752151489258,0.028730161488056183,0.11046761274337769,0.5076839923858643
41,41,3919,2006-06-13T07:00:00.000000,16.241796493530273,2.7522151470184326,0.00477895513176918,0.047209762036800385,0.20821624994277954
42,42,3919,2006-06-13T07:00:00.000000,54.395347595214844,4.930107116699219,0.01593814045190811,0.08439064025878906,0.3932347297668457
43,43,3919,2006-06-13T07:00:00.000000,42.23118591308594,4.409790992736816,0.012199211865663528,0.0749492347240448,0.34341371059417725
44,44,3919,2006-06-13T07:00:00.000000,331.1153564453125,11.396228790283203,0.047182321548461914,0.13603828847408295,0.631934404373169
45,45,3919,2006-06-13T07:00:00.000000,90.67393493652344,6.482615947723389,0.03562788665294647,0.12850028276443481,0.5744187831878662
46,46,3919,2006-06-13T07:00:00.000000,72.92333984375,4.8120527267456055,0.04146620258688927,0.11474776268005371,0.5039980411529541
47,47,3919,2006-06-13T07:00:00.000000,89.01478576660156,4.748520851135254,0.030468430370092392,0.08785213530063629,0.41342997550964355
48,48,3919,2006-06-13T07:00:00.000000,76.80025482177734,4.686429023742676,0.0239538736641407,0.08276534080505371,0.3683866858482361
49,49,3919,2006-06-13T07:00:00.000000,191.9256591796875,7.632718086242676,0.054562464356422424,0.12869441509246826,0.5784062147140503
50,50,3919,2006-06-13T07:00:00.000000,139.14004516601562,6.769802093505859,0.03961198031902313,0.11422552913427353,0.5102846622467041
51,51,3919,2006-06-13T07:00:00.000000,67.4981689453125,5.041722297668457,0.01966531202197075,0.0860564336180687,0.4058381915092468
52,52,3919,2006-06-13T07:00:00.000000,45.20030975341797,3.824714183807373,0.013995559886097908,0.06730128824710846,0.2951100468635559
53,53,3919,2006-06-13T07:00:00.000000,96.00270080566406,6.189212799072266,0.02796359919011593,0.10563071072101593,0.47992274165153503
54,54,3919,2006-06-13T07:00:00.000000,382.4315185546875,9.792503356933594,0.15010792016983032,0.19400756061077118,0.8762223124504089
55,55,3919,2006-06-13T07:00:00.000000,414.04693603515625,9.31237506866455,0.11645539104938507,0.15617643296718597,0.7213637232780457
56,56,3919,2006-06-13T07:00:00.000000,215.10484313964844,7.1067118644714355,0.060179274529218674,0.11886857450008392,0.5319514274597168
57,57,3919,2006-06-13T07:00:00.000000,165.99072265625,6.409965515136719,0.05555882677435875,0.11727090924978256,0.533221960067749
58,58,3919,2006-06-13T07:00:00.000000,122.40559387207031,6.0727667808532715,0.04193480312824249,0.1124018058180809,0.5139197111129761
59,59,3919,2006-06-13T07:00:00.000000,199.3194580078125,7.090148448944092,0.056204214692115784,0.1190597340464592,0.5342570543289185
60,60,3919,2006-06-13T07:00:00.000000,133.70936584472656,5.537719249725342,0.07634147256612778,0.13232146203517914,0.5897557735443115
61,61,3919,2006-06-13T07:00:00.000000,151.7821502685547,7.4020233154296875,0.04437583312392235,0.12656494975090027,0.5792895555496216
62,62,3919,2006-06-13T07:00:00.000000,93.93338012695312,5.023489952087402,0.027160458266735077,0.0854208916425705,0.3949377238750458
63,63,3919,2006-06-13T07:00:00.000000,73.58465576171875,4.918311595916748,0.026326432824134827,0.09302900731563568,0.4202505946159363
64,64,3919,2006-06-13T07:00:00.000000,46.775657653808594,3.733598232269287,0.016526469960808754,0.07017907500267029,0.3124116063117981
65,65,3919,2006-06-13T07:00:00.000000,86.78636932373047,6.323951721191406,0.0256754532456398,0.10877319425344467,0.4811710715293884
66,66,3919,2006-06-13T07:00:00.000000,119.74871063232422,5.260284423828125,0.034123729914426804,0.08879774808883667,0.3942491412162781
67,67,3919,2006-06-13T07:00:00.000000,27.5299072265625,3.289181709289551,0.008173351176083088,0.056674227118492126,0.25612813234329224
68,68,3919,2006-06-13T07:00:00.000000,563.3922119140625,16.390220642089844,0.04109789431095123,0.13998746871948242,0.6019935607910156
69,69,3919,2006-06-13T07:00:00.000000,297.4227294921875,9.638111114501953,0.030347516760230064,0.09735684096813202,0.4243241548538208
70,70,3919,2006-06-13T07:00:00.000000,170.99899291992188,7.398122310638428,0.03239835798740387,0.10183247178792953,0.4473392367362976
71,71,3919,2006-06-13T07:00:00.000000,30.7723445892334,3.395001173019409,0.018967196345329285,0.0842871218919754,0.3792980909347534
72,72,3919,2006-06-13T07:00:00.000000,95.37724304199219,6.145259380340576,0.032431043684482574,0.11331783980131149,0.5245532989501953
73,73,3919,2006-06-13T07:00:00.000000,1050.534912109375,19.7956600189209,0.03951694443821907,0.12141053378582001,0.5370999574661255
74,74,3919,2006-06-13T07:00:00.000000,121.635986328125,5.440455436706543,0.03461458161473274,0.09177696704864502,0.40556591749191284
75,75,3919,2006-06-13T07:00:00.000000,178.21401977539062,6.191262245178223,0.0495176687836647,0.10320204496383667,0.4642423987388611
76,76,3919,2006-06-13T07:00:00.000000,67.62315368652344,4.73628568649292,0.018752414733171463,0.07887125015258789,0.3434654176235199
77,77,3919,2006-06-13T07:00:00.000000,60.47173309326172,4.935219764709473,0.018338151276111603,0.08594250679016113,0.3919905126094818
78,78,3919,2006-06-13T07:00:00.000000,71.74878692626953,5.171394348144531,0.020590651780366898,0.08760631084442139,0.40449628233909607
79,79,3919,2006-06-13T07:00:00.000000,47.69902038574219,4.089960098266602,0.01607966423034668,0.075093574821949,0.3401784300804138
80,80,3919,2006-06-13T07:00:00.000000,129.85028076171875,6.073206901550293,0.022498350590467453,0.07994142174720764,0.36299020051956177
81,81,3919,2006-06-13T07:00:00.000000,203.16476440429688,8.220823287963867,0.05916592478752136,0.1402900516986847,0.6343227624893188
82,82,3919,2006-06-13T07:00:00.000000,307.219970703125,8.609936714172363,0.12115167081356049,0.1709778904914856,0.7776881456375122
83,83,3919,2006-06-13T07:00:00.000000,162.66873168945312,6.729583740234375,0.08939607441425323,0.15775947272777557,0.6891903877258301
84,84,3919,2006-06-13T07:00:00.000000,80.61453247070312,5.043412208557129,0.02351124957203865,0.08613023161888123,0.39615994691848755
85,85,3919,2006-06-13T07:00:00.000000,48.22882080078125,4.326679706573486,0.017884787172079086,0.08331885933876038,0.3718080222606659
86,86,3919,2006-06-13T07:00:00.000000,50.501121520996094,4.764224529266357,0.014730988070368767,0.08136874437332153,0.3716113567352295
87,87,3919,2006-06-13T07:00:00.000000,55.29630661010742,4.774770736694336,0.01985347270965576,0.09047377109527588,0.4105353057384491
88,88,3919,2006-06-13T07:00:00.000000,72.84627532958984,4.530057907104492,0.02717939391732216,0.08750240504741669,0.4024956226348877
89,89,3919,2006-06-13T07:00:00.000000,63.91127014160156,5.244767189025879,0.0231021698564291,0.09971576929092407,0.4509340524673462
90,90,3919,2006-06-13T07:00:00.000000,24.27789878845215,3.101191997528076,0.014900453388690948,0.07682858407497406,0.35325297713279724
91,91,3919,2006-06-13T07:00:00.000000,163.25308227539062,6.652838706970215,0.05494297668337822,0.12204848229885101,0.5538039207458496
92,92,3919,2006-06-13T07:00:00.000000,124.73460388183594,7.146990776062012,0.03490828722715378,0.11956223100423813,0.5474429130554199
93,93,3919,2006-06-13T07:00:00.000000,320.9647521972656,6.847664833068848,0.10974964499473572,0.12662380933761597,0.5799951553344727
94,94,3919,2006-06-13T07:00:00.000000,98.3857650756836,5.788224697113037,0.0336141400039196,0.10698926448822021,0.4858265519142151
95,95,3919,2006-06-13T07:00:00.000000,90.07342529296875,4.967433452606201,0.03125040978193283,0.09252552688121796,0.41788217425346375
96,96,3919,2006-06-13T07:00:00.000000,79.81439208984375,5.316760063171387,0.030536293983459473,0.10399551689624786,0.4904557466506958
97,97,3919,2006-06-13T07:00:00.000000,42.59477996826172,3.8007936477661133,0.015257639810442924,0.07193492352962494,0.3210291862487793
98,98,3919,2006-06-13T07:00:00.000000,34.962520599365234,3.620408535003662,0.013573829084634781,0.07133577764034271,0.3305407762527466
99,99,3919,2006-06-13T07:00:00.000000,46.23723602294922,3.6657938957214355,0.013784750364720821,0.06329531967639923,0.28790417313575745
100,100,3919,2006-06-13T07:00:00.000000,41.052574157714844,3.5679452419281006,0.02330828458070755,0.08501648902893066,0.3806384205818176
101,101,3919,2006-06-13T07:00:00.000000,143.02365112304688,5.688211441040039,0.07884164899587631,0.13355177640914917,0.6112825870513916
102,102,3919,2006-06-13T07:00:00.000000,57.41595458984375,4.810728073120117,0.017442330718040466,0.08384878933429718,0.37807318568229675
103,103,3919,2006-06-13T07:00:00.000000,165.4927978515625,7.587993144989014,0.04852820560336113,0.12993751466274261,0.5787680149078369
104,104,3919,2006-06-13T07:00:00.000000,202.98117065429688,8.56403923034668,0.024710793048143387,0.09449180960655212,0.42189866304397583
105,105,3919,2006-06-13T07:00:00.000000,158.15692138671875,6.350799560546875,0.021216783672571182,0.07355701923370361,0.3374628722667694
106,106,3919,2006-06-13T07:00:00.000000,260.6571960449219,8.70692253112793,0.08645665645599365,0.15857292711734772,0.7147840261459351
107,107,3919,2006-06-13T07:00:00.000000,173.72531127929688,7.00122594833374,0.04851065203547478,0.11699333041906357,0.5303239226341248
108,108,3919,2006-06-13T07:00:00.000000,28.813915252685547,3.548151731491089,0.01064053550362587,0.06818404793739319,0.30498436093330383
109,109,3919,2006-06-13T07:00:00.000000,335.33526611328125,8.319334983825684,0.09325408935546875,0.13873402774333954,0.6270833015441895
110,110,3919,2006-06-13T07:00:00.000000,27.760395050048828,3.450253486633301,0.008364483714103699,0.05989047884941101,0.27262187004089355
111,111,3919,2006-06-13T07:00:00.000000,68.28373718261719,5.1555585861206055,0.02030782587826252,0.08890962600708008,0.40610218048095703
112,112,3919,2006-06-13T07:00:00.000000,25.93543815612793,2.7517380714416504,0.030948614701628685,0.09505631029605865,0.4190337061882019
113,113,3919,2006-06-13T07:00:00.000000,58.16932678222656,4.620114326477051,0.01980222389101982,0.08524376153945923,0.39389169216156006
114,114,3919,2006-06-13T07:00:00.000000,93.90166473388672,5.026944160461426,0.028824878856539726,0.0880746841430664,0.39801618456840515
115,115,3919,2006-06-13T07:00:00.000000,8.775550842285156,1.547843337059021,0.039886221289634705,0.10435210913419724,0.4726130962371826
116,116,3919,2006-06-13T07:00:00.000000,72.74858093261719,5.025874137878418,0.021406836807727814,0.08621357381343842,0.3972366750240326
117,117,3919,2006-06-13T07:00:00.000000,95.62672424316406,5.586379051208496,0.030640607699751854,0.09999756515026093,0.4372975826263428
118,118,3919,2006-06-13T07:00:00.000000,70.40160369873047,5.303709983825684,0.020001394674181938,0.08939611911773682,0.4043198227882385
119,119,3919,2006-06-13T07:00:00.000000,51.94184494018555,4.1469011306762695,0.031299881637096405,0.10179731249809265,0.46367335319519043
120,120,3919,2006-06-13T07:00:00.000000,48.992488861083984,4.887294769287109,0.014013288542628288,0.0826558917760849,0.3816240727901459
121,121,3919,2006-06-13T07:00:00.000000,543.8402099609375,13.968584060668945,0.030264131724834442,0.10420313477516174,0.44025754928588867
122,122,3919,2006-06-13T07:00:00.000000,59.201290130615234,4.671525478363037,0.017128340899944305,0.07946041226387024,0.3613602817058563
123,123,3919,2006-06-13T07:00:00.000000,155.443115234375,7.103787422180176,0.043317392468452454,0.11858654022216797,0.5262763500213623
124,124,3919,2006-06-13T07:00:00.000000,159.704833984375,7.9054083824157715,0.020734837278723717,0.09007734060287476,0.412406861782074
125,125,3919,2006-06-13T07:00:00.000000,118.35649108886719,6.498101711273193,0.022591572254896164,0.08977671712636948,0.40323126316070557
126,126,3919,2006-06-13T07:00:00.000000,32.332977294921875,2.954188108444214,0.03796461597084999,0.10122896730899811,0.4567558765411377
127,127,3919,2006-06-13T07:00:00.000000,66.31412506103516,4.2429094314575195,0.023027468472719193,0.07906492054462433,0.3519647717475891
128,128,3919,2006-06-13T07:00:00.000000,102.24517059326172,6.197515487670898,0.0289409589022398,0.1042683869600296,0.4776037633419037
129,129,3919,2006-06-13T07:00:00.000000,3.4485130310058594,0.9591418504714966,0.016473930329084396,0.0662926733493805,0.2873094081878662
130,130,3919,2006-06-13T07:00:00.000000,22.430278778076172,2.7369699478149414,0.011695532128214836,0.06249750778079033,0.2782360017299652
131,131,3919,2006-06-13T07:00:00.000000,300.80792236328125,9.510929107666016,0.08875647187232971,0.16337226331233978,0.7294908761978149
132,132,3919,2006-06-13T07:00:00.000000,49.915496826171875,4.842559337615967,0.014699392020702362,0.08310112357139587,0.3857099711894989
133,133,3919,2006-06-13T07:00:00.000000,17.047637939453125,2.5193448066711426,0.005298294126987457,0.044414371252059937,0.19979886710643768
134,134,3919,2006-06-13T07:00:00.000000,122.93279266357422,6.34901762008667,0.03350059688091278,0.10480907559394836,0.47675448656082153
135,135,3919,2006-06-13T07:00:00.000000,80.23677062988281,5.855624198913574,0.03360552340745926,0.11983722448348999,0.5310899615287781
136,136,3919,2006-06-13T07:00:00.000000,146.57708740234375,7.076844692230225,0.025718942284584045,0.093741774559021,0.4201173186302185
0,0,4431,2006-07-04T15:00:00.000000,514.6800537109375,14.137065887451172,0.04112274944782257,0.12636643648147583,0.5749182105064392
1,1,4431,2006-07-04T15:00:00.000000,856.8822021484375,15.033254623413086,0.31421545147895813,0.28787651658058167,1.2776246070861816
2,2,4431,2006-07-04T15:00:00.000000,899.8966674804688,16.999267578125,0.31102287769317627,0.316031277179718,1.3496758937835693
3,3,4431,2006-07-04T15:00:00.000000,1144.5777587890625,18.899137496948242,0.3478955030441284,0.32949113845825195,1.4682769775390625
4,4,4431,2006-07-04T15:00:00.000000,1637.805419921875,22.794307708740234,0.18214309215545654,0.24038182199001312,1.0410984754562378
5,5,4431,2006-07-04T15:00:00.000000,8506.97265625,48.92350387573242,0.4441757798194885,0.35351473093032837,1.501752257347107
6,6,4431,2006-07-04T15:00:00.000000,183.48812866210938,6.776491165161133,0.07743805646896362,0.1392124593257904,0.6283907294273376
7,7,4431,2006-07-04T15:00:00.000000,574.2021484375,12.869726181030273,0.22873243689537048,0.2568625211715698,1.1033968925476074
8,8,4431,2006-07-04T15:00:00.000000,520.144287109375,12.694040298461914,0.16357466578483582,0.22511062026023865,0.9951800107955933
9,9,4431,2006-07-04T15:00:00.000000,934.8656616210938,16.67435073852539,0.299820214509964,0.29861029982566833,1.2940075397491455
10,10,4431,2006-07-04T15:00:00.000000,811.5208740234375,16.983795166015625,0.27522385120391846,0.31277206540107727,1.346708059310913
11,11,4431,2006-07-04T15:00:00.000000,53.55878829956055,3.564143657684326,0.06945550441741943,0.1283491849899292,0.576610803604126
12,12,4431,2006-07-04T15:00:00.000000,920.8941650390625,16.26839828491211,0.28811296820640564,0.2877539396286011,1.2438322305679321
13,13,4431,2006-07-04T15:00:00.000000,516.969482421875,13.492560386657715,0.16961728036403656,0.2443976104259491,1.0552629232406616
14,14,4431,2006-07-04T15:00:00.000000,991.927001953125,15.352808952331543,0.3328969478607178,0.2812567353248596,1.1528844833374023
15,15,4431,2006-07-04T15:00:00.000000,252.37716674804688,9.388286590576172,0.24814462661743164,0.294383704662323,1.2545177936553955
16,16,4431,2006-07-04T15:00:00.000000,694.9886474609375,13.869680404663086,0.21122488379478455,0.2417965829372406,1.0824202299118042
17,17,4431,2006-07-04T15:00:00.000000,628.7874755859375,14.416580200195312,0.19697484374046326,0.2551618218421936,1.1286377906799316
18,18,4431,2006-07-04T15:00:00.000000,647.0770263671875,15.300594329833984,0.21973566710948944,0.2819555401802063,1.2200851440429688
19,19,4431,2006-07-04T15:00:00.000000,564.35693359375,14.66909408569336,0.18805651366710663,0.267775297164917,1.1596121788024902
20,20,4431,2006-07-04T15:00:00.000000,945.443359375,17.583436965942383,0.29058709740638733,0.30826497077941895,1.3880136013031006
21,21,4431,2006-07-04T15:00:00.000000,823.3143920898438,14.6091947555542,0.2584608495235443,0.25884559750556946,1.127213716506958
22,22,4431,2006-07-04T15:00:00.000000,1222.033935546875,21.351194381713867,0.3122532069683075,0.3412981927394867,1.4166749715805054
23,23,4431,2006-07-04T15:00:00.000000,2590.620849609375,27.742019653320312,0.20170575380325317,0.2447909116744995,1.0534069538116455
24,24,4431,2006-07-04T15:00:00.000000,638.1603393554688,14.214910507202148,0.2049284428358078,0.2547301650047302,1.0837863683700562
25,25,4431,2006-07-04T15:00:00.000000,928.0648803710938,16.098896026611328,0.39858150482177734,0.3336302936077118,1.4872264862060547
26,26,4431,2006-07-04T15:00:00.000000,741.95556640625,16.807662963867188,0.269142746925354,0.320117712020874,1.3629539012908936
27,27,4431,2006-07-04T15:00:00.000000,403.1475830078125,10.515353202819824,0.1488519012928009,0.20205473899841309,0.9033345580101013
28,28,4431,2006-07-04T15:00:00.000000,2685.94677734375,26.07965660095215,0.2260129302740097,0.23923227190971375,1.028541088104248
29,29,4431,2006-07-04T15:00:00.000000,588.4425048828125,13.879664421081543,0.1997729241847992,0.2557380199432373,1.0893663167953491
30,30,4431,2006-07-04T15:00:00.000000,1041.255859375,17.849822998046875,0.45762965083122253,0.37420734763145447,1.6539729833602905
31,31,4431,2006-07-04T15:00:00.000000,3275.381591796875,30.17408561706543,0.3949682116508484,0.33134791254997253,1.3895838260650635
32,32,4431,2006-07-04T15:00:00.000000,887.906982421875,14.895721435546875,0.290524423122406,0.2694443464279175,1.1462984085083008
33,33,4431,2006-07-04T15:00:00.000000,692.573486328125,14.377359390258789,0.2798687219619751,0.2890170216560364,1.235548496246338
34,34,4431,2006-07-04T15:00:00.000000,693.26513671875,15.345823287963867,0.27041977643966675,0.3030816912651062,1.2967209815979004
35,35,4431,2006-07-04T15:00:00.000000,221.87522888183594,7.471573829650879,0.13033762574195862,0.18108920753002167,0.8002996444702148
36,36,4431,2006-07-04T15:00:00.000000,543.7576293945312,12.288923263549805,0.17039832472801208,0.21754232048988342,0.9474337100982666
37,37,4431,2006-07-04T15:00:00.000000,535.5279541015625,11.68396282196045,0.34066709876060486,0.29468923807144165,1.2984551191329956
38,38,4431,2006-07-04T15:00:00.000000,1030.9334716796875,16.428081512451172,0.33727598190307617,0.2971421182155609,1.2623072862625122
39,39,4431,2006-07-04T15:00:00.000000,681.111572265625,15.044403076171875,0.23539738357067108,0.2796834111213684,1.214003562927246
40,40,4431,2006-07-04T15:00:00.000000,6236.25390625,40.57773971557617,0.39355945587158203,0.3223526179790497,1.3854634761810303
41,41,4431,2006-07-04T15:00:00.000000,893.6539916992188,17.37043571472168,0.2996489703655243,0.31807708740234375,1.380568504333496
42,42,4431,2006-07-04T15:00:00.000000,782.9330444335938,13.140711784362793,0.241017147898674,0.23055820167064667,1.0402272939682007
43,43,4431,2006-07-04T15:00:00.000000,983.4081420898438,18.064186096191406,0.3265732526779175,0.3291863799095154,1.4280157089233398
44,44,4431,2006-07-04T15:00:00.000000,763.3302612304688,16.21399688720703,0.11677193641662598,0.2005409598350525,0.9129656553268433
45,45,4431,2006-07-04T15:00:00.000000,835.980712890625,16.69225311279297,0.3519383370876312,0.3424917161464691,1.5899415016174316
46,46,4431,2006-07-04T15:00:00.000000,479.4406433105469,11.464279174804688,0.3048590123653412,0.289087176322937,1.2316901683807373
47,47,4431,2006-07-04T15:00:00.000000,1087.1751708984375,15.260759353637695,0.42649611830711365,0.30226221680641174,1.3470220565795898
48,48,4431,2006-07-04T15:00:00.000000,698.1644287109375,14.85517406463623,0.25347697734832764,0.2830532491207123,1.251551866531372
49,49,4431,2006-07-04T15:00:00.000000,1039.960205078125,17.397899627685547,0.3412047028541565,0.3151344656944275,1.3525712490081787
50,50,4431,2006-07-04T15:00:00.000000,829.748779296875,14.817300796508789,0.2661284804344177,0.2653636932373047,1.1681581735610962
51,51,4431,2006-07-04T15:00:00.000000,717.5531005859375,15.048347473144531,0.24296921491622925,0.2769092321395874,1.2012860774993896
52,52,4431,2006-07-04T15:00:00.000000,852.4354858398438,16.409042358398438,0.31287384033203125,0.31436705589294434,1.3711719512939453
53,53,4431,2006-07-04T15:00:00.000000,717.8343505859375,12.383758544921875,0.2445850670337677,0.2285889834165573,0.9631236791610718
54,54,4431,2006-07-04T15:00:00.000000,255.69859313964844,7.49609375,0.10435514897108078,0.15143552422523499,0.6848921179771423
55,55,4431,2006-07-04T15:00:00.000000,1229.444580078125,18.83135414123535,0.37913453578948975,0.3306920528411865,1.4600143432617188
56,56,4431,2006-07-04T15:00:00.000000,873.8749389648438,14.626005172729492,0.27504560351371765,0.2594797611236572,1.1318869590759277
57,57,4431,2006-07-04T15:00:00.000000,959.9406127929688,18.691139221191406,0.3925800323486328,0.37798771262168884,1.607107400894165
58,58,4431,2006-07-04T15:00:00.000000,943.2308959960938,15.462289810180664,0.3946426510810852,0.3162763714790344,1.3700270652770996
59,59,4431,2006-07-04T15:00:00.000000,745.6156616210938,14.133371353149414,0.23496471345424652,0.25089359283447266,1.1096038818359375
60,60,4431,2006-07-04T15:00:00.000000,461.2310485839844,11.143716812133789,0.2937571406364441,0.28123217821121216,1.2180513143539429
61,61,4431,2006-07-04T15:00:00.000000,1050.904296875,17.503841400146484,0.32846540212631226,0.3094543218612671,1.4009259939193726
62,62,4431,2006-07-04T15:00:00.000000,732.1544189453125,15.95670223236084,0.24982795119285583,0.2947557866573334,1.283987045288086
63,63,4431,2006-07-04T15:00:00.000000,758.803955078125,13.5905179977417,0.32107430696487427,0.27955931425094604,1.1825976371765137
64,64,4431,2006-07-04T15:00:00.000000,654.8951416015625,13.626838684082031,0.2652817666530609,0.27426034212112427,1.1983647346496582
65,65,4431,2006-07-04T15:00:00.000000,677.6688232421875,13.921747207641602,0.23148886859416962,0.2573060989379883,1.1168335676193237
66,66,4431,2006-07-04T15:00:00.000000,770.9305419921875,15.66766357421875,0.23866663873195648,0.27567189931869507,1.2176610231399536
67,67,4431,2006-07-04T15:00:00.000000,869.9051513671875,15.299295425415039,0.32299917936325073,0.2948058843612671,1.284318208694458
68,68,4431,2006-07-04T15:00:00.000000,4206.41357421875,40.35874938964844,0.3474365174770355,0.36679166555404663,1.532092809677124
69,69,4431,2006-07-04T15:00:00.000000,2730.94189453125,26.650447845458984,0.28855612874031067,0.27394503355026245,1.2088334560394287
70,70,4431,2006-07-04T15:00:00.000000,491.12298583984375,8.85641860961914,0.10421402752399445,0.12901081144809723,0.5735801458358765
71,71,4431,2006-07-04T15:00:00.000000,546.8409423828125,11.304845809936523,0.3706214129924774,0.2943061590194702,1.3098340034484863
72,72,4431,2006-07-04T15:00:00.000000,647.0577392578125,12.840330123901367,0.2649707794189453,0.2598385810852051,1.148324966430664
73,73,4431,2006-07-04T15:00:00.000000,7997.5380859375,50.13592529296875,0.313810259103775,0.31405413150787354,1.4127371311187744
74,74,4431,2006-07-04T15:00:00.000000,797.0563354492188,16.235031127929688,0.23978368937969208,0.2815907597541809,1.2868481874465942
75,75,4431,2006-07-04T15:00:00.000000,618.552490234375,13.10694694519043,0.19688569009304047,0.23384082317352295,1.0499098300933838
76,76,4431,2006-07-04T15:00:00.000000,1192.259521484375,18.69642448425293,0.3935103118419647,0.3396652936935425,1.4266389608383179
77,77,4431,2006-07-04T15:00:00.000000,875.2655029296875,17.668071746826172,0.3195701539516449,0.3375999331474304,1.418713927268982
78,78,4431,2006-07-04T15:00:00.000000,857.4774780273438,15.268033981323242,0.2576753497123718,0.2646721303462982,1.1714781522750854
79,79,4431,2006-07-04T15:00:00.000000,501.2978515625,11.887328147888184,0.21260106563568115,0.24480430781841278,1.0657999515533447
80,80,4431,2006-07-04T15:00:00.000000,1956.50244140625,20.915441513061523,0.39465683698654175,0.29705485701560974,1.2643885612487793
81,81,4431,2006-07-04T15:00:00.000000,747.6002197265625,16.124813079833984,0.2574014365673065,0.2992026209831238,1.2650318145751953
82,82,4431,2006-07-04T15:00:00.000000,272.6671447753906,6.492875576019287,0.11977402865886688,0.13608244061470032,0.580913245677948
83,83,4431,2006-07-04T15:00:00.000000,498.8800964355469,12.323756217956543,0.3212437331676483,0.3127248287200928,1.3599915504455566
84,84,4431,2006-07-04T15:00:00.000000,1111.07861328125,18.103445053100586,0.36487001180648804,0.3280634880065918,1.4359476566314697
85,85,4431,2006-07-04T15:00:00.000000,625.398681640625,12.880512237548828,0.2538648843765259,0.2595111131668091,1.12955904006958
86,86,4431,2006-07-04T15:00:00.000000,1125.197998046875,16.732986450195312,0.343296617269516,0.29227638244628906,1.298888921737671
87,87,4431,2006-07-04T15:00:00.000000,826.14111328125,15.498560905456543,0.3404756486415863,0.31463518738746643,1.3811496496200562
88,88,4431,2006-07-04T15:00:00.000000,837.8368530273438,15.813700675964355,0.3562195301055908,0.3260713517665863,1.4526879787445068
89,89,4431,2006-07-04T15:00:00.000000,709.0765991210938,13.760896682739258,0.28175657987594604,0.2743071913719177,1.2004636526107788
90,90,4431,2006-07-04T15:00:00.000000,559.6070556640625,11.650644302368164,0.3784502446651459,0.30297914147377014,1.3047505617141724
91,91,4431,2006-07-04T15:00:00.000000,955.094970703125,15.298651695251465,0.38847029209136963,0.30853813886642456,1.324832558631897
92,92,4431,2006-07-04T15:00:00.000000,809.3704833984375,15.440272331237793,0.2519312798976898,0.2724095582962036,1.1731798648834229
93,93,4431,2006-07-04T15:00:00.000000,985.5284423828125,16.192468643188477,0.40388399362564087,0.32779833674430847,1.4475501775741577
94,94,4431,2006-07-04T15:00:00.000000,584.832275390625,13.730120658874512,0.2300920933485031,0.2723388373851776,1.2080501317977905
95,95,4431,2006-07-04T15:00:00.000000,642.185302734375,13.454818725585938,0.2562921941280365,0.2687913775444031,1.1209559440612793
96,96,4431,2006-07-04T15:00:00.000000,859.0675659179688,17.57396697998047,0.3846936821937561,0.3718893229961395,1.532447338104248
97,97,4431,2006-07-04T15:00:00.000000,881.9765625,14.934794425964355,0.3505248725414276,0.29773518443107605,1.3123033046722412
98,98,4431,2006-07-04T15:00:00.000000,799.142333984375,15.756152153015137,0.33249515295028687,0.321388840675354,1.4498662948608398
99,99,4431,2006-07-04T15:00:00.000000,454.23583984375,12.161016464233398,0.16054068505764008,0.22862395644187927,0.99420166015625
100,100,4431,2006-07-04T15:00:00.000000,437.51776123046875,10.676441192626953,0.2827130854129791,0.27139490842819214,1.1530749797821045
101,101,4431,2006-07-04T15:00:00.000000,578.0967407226562,12.17849349975586,0.36310213804244995,0.30521631240844727,1.3225263357162476
102,102,4431,2006-07-04T15:00:00.000000,533.3314208984375,14.123741149902344,0.19226698577404022,0.2681658864021301,1.1638060808181763
103,103,4431,2006-07-04T15:00:00.000000,948.4345703125,17.27284812927246,0.32889193296432495,0.32165247201919556,1.3462703227996826
104,104,4431,2006-07-04T15:00:00.000000,2362.8681640625,25.951976776123047,0.3432983160018921,0.31281423568725586,1.3479351997375488
105,105,4431,2006-07-04T15:00:00.000000,614.2355346679688,11.144947052001953,0.08786239475011826,0.13329444825649261,0.5946007370948792
106,106,4431,2006-07-04T15:00:00.000000,780.5631103515625,15.469022750854492,0.2923313081264496,0.299361914396286,1.3154432773590088
107,107,4431,2006-07-04T15:00:00.000000,774.3805541992188,14.340662002563477,0.24481265246868134,0.2549816370010376,1.0948693752288818
108,108,4431,2006-07-04T15:00:00.000000,867.2816772460938,14.739962577819824,0.34879082441329956,0.295596182346344,1.3021340370178223
109,109,4431,2006-07-04T15:00:00.000000,906.087158203125,17.091773986816406,0.26507848501205444,0.2923407554626465,1.31502366065979
110,110,4431,2006-07-04T15:00:00.000000,1116.7772216796875,18.191333770751953,0.3675285577774048,0.330009788274765,1.4525489807128906
111,111,4431,2006-07-04T15:00:00.000000,1327.3719482421875,20.1733341217041,0.41550251841545105,0.3569177985191345,1.6162211894989014
112,112,4431,2006-07-04T15:00:00.000000,54.5026969909668,3.438014507293701,0.0670403316617012,0.12057763338088989,0.5420693755149841
113,113,4431,2006-07-04T15:00:00.000000,552.40625,13.750905990600586,0.23093503713607788,0.28115567564964294,1.2164924144744873
114,114,4431,2006-07-04T15:00:00.000000,1087.970458984375,18.87281608581543,0.3998143672943115,0.36179065704345703,1.573380470275879
115,115,4431,2006-07-04T15:00:00.000000,87.3758773803711,4.56233024597168,0.44212257862091064,0.3245355486869812,1.4544233083724976
116,116,4431,2006-07-04T15:00:00.000000,1036.466552734375,15.658761978149414,0.33656904101371765,0.28217390179634094,1.2629855871200562
117,117,4431,2006-07-04T15:00:00.000000,559.7811889648438,12.487933158874512,0.2070247232913971,0.24015545845031738,1.0384910106658936
118,118,4431,2006-07-04T15:00:00.000000,1058.717041015625,15.923505783081055,0.3346620202064514,0.2831078767776489,1.218575358390808
119,119,4431,2006-07-04T15:00:00.000000,623.545166015625,12.652246475219727,0.38969776034355164,0.3162989020347595,1.4205526113510132
120,120,4431,2006-07-04T15:00:00.000000,916.7169799804688,16.30760955810547,0.2951495349407196,0.29261308908462524,1.2539997100830078
121,121,4431,2006-07-04T15:00:00.000000,6127.3955078125,46.784889221191406,0.37589019536972046,0.3664360046386719,1.6264476776123047
122,122,4431,2006-07-04T15:00:00.000000,759.1053466796875,12.380897521972656,0.2359434962272644,0.2182755470275879,0.9616174697875977
123,123,4431,2006-07-04T15:00:00.000000,801.0609130859375,14.184099197387695,0.24627439677715302,0.24870160222053528,1.0892835855484009
124,124,4431,2006-07-04T15:00:00.000000,2017.53857421875,21.526588439941406,0.2698877155780792,0.24897503852844238,1.1229047775268555
125,125,4431,2006-07-04T15:00:00.000000,876.30810546875,14.78407096862793,0.18513807654380798,0.21488866209983826,0.896247386932373
126,126,4431,2006-07-04T15:00:00.000000,234.3460693359375,7.736090660095215,0.3074794411659241,0.28022104501724243,1.20443856716156
127,127,4431,2006-07-04T15:00:00.000000,762.9496459960938,13.854026794433594,0.3050771951675415,0.2770339250564575,1.1706645488739014
128,128,4431,2006-07-04T15:00:00.000000,751.7084350585938,13.105827331542969,0.2374875843524933,0.2329486608505249,1.0331084728240967
129,129,4431,2006-07-04T15:00:00.000000,46.02749252319336,3.530064344406128,0.2594912648200989,0.2650545835494995,1.1384563446044922
130,130,4431,2006-07-04T15:00:00.000000,537.692626953125,13.080889701843262,0.32935619354248047,0.32374507188796997,1.3976647853851318
131,131,4431,2006-07-04T15:00:00.000000,577.4674682617188,14.547208786010742,0.19221344590187073,0.26540419459342957,1.1574606895446777
132,132,4431,2006-07-04T15:00:00.000000,848.0258178710938,15.554351806640625,0.2788645625114441,0.28206169605255127,1.2846596240997314
133,133,4431,2006-07-04T15:00:00.000000,656.5023193359375,13.986262321472168,0.24791912734508514,0.2717931866645813,1.142585039138794
134,134,4431,2006-07-04T15:00:00.000000,822.7366943359375,15.598236083984375,0.2556857466697693,0.27497825026512146,1.2296817302703857
135,135,4431,2006-07-04T15:00:00.000000,586.7327880859375,14.448049545288086,0.25197646021842957,0.2994118928909302,1.344994306564331
136,136,4431,2006-07-04T15:00:00.000000,1941.647216796875,22.784412384033203,0.40103471279144287,0.3274490237236023,1.371531367301941
0,0,4943,2006-07-25T23:00:00.000000,595.1148681640625,16.008392333984375,0.06072466820478439,0.16170740127563477,0.6285526752471924
1,1,4943,2006-07-25T23:00:00.000000,146.71205139160156,7.502030372619629,0.06094977259635925,0.15290862321853638,0.6113454699516296
2,2,4943,2006-07-25T23:00:00.000000,495.678955078125,12.897125244140625,0.185647651553154,0.24959586560726166,1.0389403104782104
3,3,4943,2006-07-25T23:00:00.000000,178.41009521484375,7.192720413208008,0.06049157306551933,0.1324435919523239,0.5592836141586304
4,4,4943,2006-07-25T23:00:00.000000,206.50338745117188,8.676204681396484,0.025528952479362488,0.09646787494421005,0.37586528062820435
5,5,4943,2006-07-25T23:00:00.000000,2131.5263671875,23.1727294921875,0.12193901836872101,0.17526821792125702,0.7498323321342468
6,6,4943,2006-07-25T23:00:00.000000,45.96014404296875,4.127450942993164,0.022827722132205963,0.09198617190122604,0.38207635283470154
7,7,4943,2006-07-25T23:00:00.000000,161.03732299804688,7.154147624969482,0.07183268666267395,0.15109694004058838,0.6226170063018799
8,8,4943,2006-07-25T23:00:00.000000,289.4333190917969,8.601330757141113,0.10199316591024399,0.16146445274353027,0.6855361461639404
9,9,4943,2006-07-25T23:00:00.000000,189.837646484375,8.369823455810547,0.06788744777441025,0.1582777500152588,0.6339198350906372
10,10,4943,2006-07-25T23:00:00.000000,200.32965087890625,7.40207052230835,0.07584840059280396,0.14403030276298523,0.6317369341850281
11,11,4943,2006-07-25T23:00:00.000000,22.97100067138672,2.840362071990967,0.03436509147286415,0.10986071825027466,0.44368231296539307
12,12,4943,2006-07-25T23:00:00.000000,236.28746032714844,8.365288734436035,0.0879901647567749,0.1614275574684143,0.6638331413269043
13,13,4943,2006-07-25T23:00:00.000000,290.3458251953125,9.350149154663086,0.10241293907165527,0.17560552060604095,0.7449344992637634
14,14,4943,2006-07-25T23:00:00.000000,292.32080078125,8.560113906860352,0.10629003494977951,0.16322851181030273,0.6462574601173401
15,15,4943,2006-07-25T23:00:00.000000,30.40249252319336,3.2731823921203613,0.03760982304811478,0.11512410640716553,0.42320188879966736
16,16,4943,2006-07-25T23:00:00.000000,197.19285583496094,7.62741756439209,0.07137935608625412,0.14511698484420776,0.6060829162597656
17,17,4943,2006-07-25T23:00:00.000000,137.31492614746094,5.99503231048584,0.051046889275312424,0.1155892163515091,0.47527825832366943
18,18,4943,2006-07-25T23:00:00.000000,146.18429565429688,7.096640586853027,0.0513041615486145,0.13294708728790283,0.5307232737541199
19,19,4943,2006-07-25T23:00:00.000000,221.06643676757812,8.34316635131836,0.07493247836828232,0.15360471606254578,0.6594687700271606
20,20,4943,2006-07-25T23:00:00.000000,255.9927215576172,8.268436431884766,0.08712349832057953,0.15253771841526031,0.6347073316574097
21,21,4943,2006-07-25T23:00:00.000000,329.078857421875,9.206358909606934,0.1257196068763733,0.17994481325149536,0.7278355360031128
22,22,4943,2006-07-25T23:00:00.000000,461.2249450683594,12.560286521911621,0.12534497678279877,0.20706018805503845,0.9034236669540405
23,23,4943,2006-07-25T23:00:00.000000,546.4563598632812,13.280086517333984,0.05041735991835594,0.1275596022605896,0.538025975227356
24,24,4943,2006-07-25T23:00:00.000000,179.86631774902344,7.329494476318359,0.06234430521726608,0.13645751774311066,0.556208074092865
25,25,4943,2006-07-25T23:00:00.000000,380.5159912109375,10.759947776794434,0.17377124726772308,0.2299390286207199,0.9942030310630798
26,26,4943,2006-07-25T23:00:00.000000,309.111328125,9.436399459838867,0.11327710002660751,0.18064247071743011,0.752754807472229
27,27,4943,2006-07-25T23:00:00.000000,81.84491729736328,5.688943386077881,0.03452489525079727,0.11684280633926392,0.4619327485561371
28,28,4943,2006-07-25T23:00:00.000000,386.5457458496094,12.167259216308594,0.038802869617938995,0.12190574407577515,0.4584602117538452
29,29,4943,2006-07-25T23:00:00.000000,106.18878173828125,6.300421714782715,0.03921911120414734,0.1210818812251091,0.5144141316413879
30,30,4943,2006-07-25T23:00:00.000000,131.73416137695312,6.945150375366211,0.06841131299734116,0.1582692265510559,0.6188327074050903
31,31,4943,2006-07-25T23:00:00.000000,192.2601318359375,8.196983337402344,0.02507302723824978,0.09360796213150024,0.37149131298065186
32,32,4943,2006-07-25T23:00:00.000000,153.2998504638672,6.59534215927124,0.05575285479426384,0.12577664852142334,0.5146490335464478
33,33,4943,2006-07-25T23:00:00.000000,159.70053100585938,6.428948402404785,0.07416775822639465,0.13854610919952393,0.5723657011985779
34,34,4943,2006-07-25T23:00:00.000000,246.93460083007812,8.745502471923828,0.1054341048002243,0.18071091175079346,0.7567073106765747
35,35,4943,2006-07-25T23:00:00.000000,28.413251876831055,3.2062387466430664,0.01919611170887947,0.08333779871463776,0.3371068835258484
36,36,4943,2006-07-25T23:00:00.000000,213.51123046875,7.913907527923584,0.07535732537508011,0.14867685735225677,0.6114578247070312
37,37,4943,2006-07-25T23:00:00.000000,151.48297119140625,5.600437164306641,0.11089029163122177,0.15152588486671448,0.6333197355270386
38,38,4943,2006-07-25T23:00:00.000000,125.79293060302734,5.716433525085449,0.049700476229190826,0.11362588405609131,0.46618756651878357
39,39,4943,2006-07-25T23:00:00.000000,172.56365966796875,8.092905044555664,0.06436574459075928,0.15629933774471283,0.6393103003501892
40,40,4943,2006-07-25T23:00:00.000000,1431.9373779296875,18.868213653564453,0.10227230191230774,0.15945851802825928,0.6643247604370117
41,41,4943,2006-07-25T23:00:00.000000,528.4987182617188,12.44024658203125,0.18248727917671204,0.23116564750671387,0.9837784767150879
42,42,4943,2006-07-25T23:00:00.000000,215.34967041015625,7.755832672119141,0.07824018597602844,0.1478329747915268,0.634962797164917
43,43,4943,2006-07-25T23:00:00.000000,256.02557373046875,8.953039169311523,0.09447561949491501,0.1719842553138733,0.6936649680137634
44,44,4943,2006-07-25T23:00:00.000000,181.73716735839844,8.587394714355469,0.034376684576272964,0.11810588836669922,0.48101818561553955
45,45,4943,2006-07-25T23:00:00.000000,125.87449645996094,7.582536220550537,0.0660824105143547,0.17373549938201904,0.6698530912399292
46,46,4943,2006-07-25T23:00:00.000000,182.32928466796875,6.837266445159912,0.13237513601779938,0.18422876298427582,0.774833083152771
47,47,4943,2006-07-25T23:00:00.000000,339.2662353515625,8.961204528808594,0.14766347408294678,0.18695306777954102,0.8067733645439148
48,48,4943,2006-07-25T23:00:00.000000,138.9531707763672,7.431674957275391,0.061152320355176926,0.155904620885849,0.6397725939750671
49,49,4943,2006-07-25T23:00:00.000000,168.453369140625,6.733039855957031,0.06768512725830078,0.1349640041589737,0.5260187387466431
50,50,4943,2006-07-25T23:00:00.000000,272.7475280761719,9.434450149536133,0.10123737901449203,0.1817634552717209,0.7585965394973755
51,51,4943,2006-07-25T23:00:00.000000,426.5264587402344,10.940963745117188,0.1468895971775055,0.20303837954998016,0.862567663192749
52,52,4943,2006-07-25T23:00:00.000000,148.27951049804688,7.270778179168701,0.06275557726621628,0.14957758784294128,0.6091256141662598
53,53,4943,2006-07-25T23:00:00.000000,222.40733337402344,8.02566146850586,0.07827448099851608,0.1505623459815979,0.6144660711288452
54,54,4943,2006-07-25T23:00:00.000000,62.98278045654297,4.758288860321045,0.03167944401502609,0.10671578347682953,0.44816315174102783
55,55,4943,2006-07-25T23:00:00.000000,224.97752380371094,7.60910177230835,0.07884529232978821,0.14244647324085236,0.5891575217247009
56,56,4943,2006-07-25T23:00:00.000000,247.42784118652344,9.043912887573242,0.09076818823814392,0.17322036623954773,0.733799397945404
57,57,4943,2006-07-25T23:00:00.000000,194.86849975585938,6.9622111320495605,0.08451560139656067,0.14499224722385406,0.6180349588394165
58,58,4943,2006-07-25T23:00:00.000000,206.42291259765625,7.240354061126709,0.09286638349294662,0.15357133746147156,0.6421982049942017
59,59,4943,2006-07-25T23:00:00.000000,219.73641967773438,8.243010520935059,0.08397644013166428,0.16114380955696106,0.6609877347946167
60,60,4943,2006-07-25T23:00:00.000000,59.07030487060547,4.603630065917969,0.045646265149116516,0.1279730200767517,0.5115993022918701
61,61,4943,2006-07-25T23:00:00.000000,164.78297424316406,6.88564395904541,0.05974201858043671,0.13110773265361786,0.5407404899597168
62,62,4943,2006-07-25T23:00:00.000000,179.12890625,8.172452926635742,0.06417758762836456,0.15468965470790863,0.6716973781585693
63,63,4943,2006-07-25T23:00:00.000000,179.01043701171875,6.700958251953125,0.07808218896389008,0.13995027542114258,0.591224730014801
64,64,4943,2006-07-25T23:00:00.000000,87.91960906982422,5.571013927459717,0.04415208101272583,0.12484379857778549,0.4911676347255707
65,65,4943,2006-07-25T23:00:00.000000,149.25010681152344,6.399378776550293,0.058139868080616,0.12630411982536316,0.5125377774238586
66,66,4943,2006-07-25T23:00:00.000000,108.14442443847656,6.217729568481445,0.03706614673137665,0.11511143296957016,0.4919554591178894
67,67,4943,2006-07-25T23:00:00.000000,124.82084655761719,6.559575080871582,0.05294603109359741,0.13509796559810638,0.5292400121688843
68,68,4943,2006-07-25T23:00:00.000000,472.1899108886719,13.055273056030273,0.04588135704398155,0.12869027256965637,0.4950328767299652
69,69,4943,2006-07-25T23:00:00.000000,191.17315673828125,8.21385383605957,0.023377779871225357,0.0908312052488327,0.380818247795105
70,70,4943,2006-07-25T23:00:00.000000,143.64389038085938,6.437492370605469,0.03692721202969551,0.10321587324142456,0.39891237020492554
71,71,4943,2006-07-25T23:00:00.000000,111.65666198730469,6.14260196685791,0.07999861240386963,0.16441872715950012,0.7058039903640747
72,72,4943,2006-07-25T23:00:00.000000,82.37662506103516,5.969169616699219,0.03995802253484726,0.13146615028381348,0.5422838926315308
73,73,4943,2006-07-25T23:00:00.000000,1028.210693359375,19.324308395385742,0.04380975663661957,0.12613868713378906,0.5087661743164062
74,74,4943,2006-07-25T23:00:00.000000,218.5859832763672,7.581957817077637,0.07683946937322617,0.14215508103370667,0.6226297616958618
75,75,4943,2006-07-25T23:00:00.000000,264.3936767578125,8.708452224731445,0.10056020319461823,0.16983550786972046,0.6870614290237427
76,76,4943,2006-07-25T23:00:00.000000,100.58016204833984,5.3446502685546875,0.040634021162986755,0.10742565989494324,0.43020200729370117
77,77,4943,2006-07-25T23:00:00.000000,358.1026611328125,9.8779935836792,0.1288411021232605,0.1873665750026703,0.7823550701141357
78,78,4943,2006-07-25T23:00:00.000000,294.90740966796875,8.34507942199707,0.10488805174827576,0.1573803871870041,0.6823199987411499
79,79,4943,2006-07-25T23:00:00.000000,77.91029357910156,5.593598365783691,0.03496142476797104,0.11849182844161987,0.47798770666122437
80,80,4943,2006-07-25T23:00:00.000000,528.1806030273438,11.940483093261719,0.1161217913031578,0.17704659700393677,0.731540322303772
81,81,4943,2006-07-25T23:00:00.000000,253.8897705078125,7.833926677703857,0.09240620583295822,0.14945398271083832,0.6406986713409424
82,82,4943,2006-07-25T23:00:00.000000,51.38993453979492,4.171464920043945,0.026463722810149193,0.09466187655925751,0.3809609115123749
83,83,4943,2006-07-25T23:00:00.000000,74.92524719238281,4.915315628051758,0.05755762383341789,0.13623502850532532,0.5499584674835205
84,84,4943,2006-07-25T23:00:00.000000,238.87681579589844,8.588075637817383,0.08587776869535446,0.16283556818962097,0.6908736228942871
85,85,4943,2006-07-25T23:00:00.000000,201.74465942382812,7.4225568771362305,0.09241977334022522,0.15886744856834412,0.6701766848564148
86,86,4943,2006-07-25T23:00:00.000000,147.27005004882812,6.740359306335449,0.05462999641895294,0.12981994450092316,0.5513821840286255
87,87,4943,2006-07-25T23:00:00.000000,299.58892822265625,7.135822296142578,0.13451306521892548,0.15120404958724976,0.6319561004638672
88,88,4943,2006-07-25T23:00:00.000000,352.2635192871094,10.10728645324707,0.1583140790462494,0.21426956355571747,0.8915061950683594
89,89,4943,2006-07-25T23:00:00.000000,135.34185791015625,6.614489555358887,0.061635639518499374,0.14115497469902039,0.5897149443626404
90,90,4943,2006-07-25T23:00:00.000000,163.68954467773438,7.243688583374023,0.12201901525259018,0.19777119159698486,0.8443996906280518
91,91,4943,2006-07-25T23:00:00.000000,236.14056396484375,8.036930084228516,0.10636409372091293,0.17056988179683685,0.7040166854858398
92,92,4943,2006-07-25T23:00:00.000000,172.05636596679688,7.9424028396606445,0.06249044090509415,0.151364266872406,0.6319664120674133
93,93,4943,2006-07-25T23:00:00.000000,193.2111053466797,7.671531677246094,0.08184000104665756,0.15788793563842773,0.6778759956359863
94,94,4943,2006-07-25T23:00:00.000000,95.92394256591797,5.365029811859131,0.04368513077497482,0.11449208110570908,0.46398311853408813
95,95,4943,2006-07-25T23:00:00.000000,119.32549285888672,6.785487174987793,0.05634087324142456,0.14744368195533752,0.5848955512046814
96,96,4943,2006-07-25T23:00:00.000000,333.42913818359375,10.97706127166748,0.16098445653915405,0.24119941890239716,0.991698145866394
97,97,4943,2006-07-25T23:00:00.000000,181.25445556640625,6.320201396942139,0.07918065041303635,0.1320979744195938,0.5419303178787231
98,98,4943,2006-07-25T23:00:00.000000,261.74444580078125,8.701519012451172,0.11686059087514877,0.18386131525039673,0.8058744668960571
99,99,4943,2006-07-25T23:00:00.000000,72.50387573242188,5.2883477210998535,0.029185805469751358,0.10610240697860718,0.4565264582633972
100,100,4943,2006-07-25T23:00:00.000000,102.38215637207031,5.611678123474121,0.07167068868875504,0.1484743356704712,0.6421780586242676
101,101,4943,2006-07-25T23:00:00.000000,93.53457641601562,4.554807662963867,0.06714858114719391,0.1220400482416153,0.515093207359314
102,102,4943,2006-07-25T23:00:00.000000,367.1012878417969,10.799860000610352,0.13583654165267944,0.20774637162685394,0.8867966532707214
103,103,4943,2006-07-25T23:00:00.000000,167.69920349121094,7.137484550476074,0.06390073150396347,0.13932614028453827,0.5762416124343872
104,104,4943,2006-07-25T23:00:00.000000,195.08770751953125,7.333576202392578,0.03209928423166275,0.09406943619251251,0.3805902898311615
105,105,4943,2006-07-25T23:00:00.000000,110.87139129638672,6.375893592834473,0.02041028067469597,0.0865079015493393,0.3407284617424011
106,106,4943,2006-07-25T23:00:00.000000,107.51161193847656,5.18743371963501,0.04490658640861511,0.10601808875799179,0.4295719563961029
107,107,4943,2006-07-25T23:00:00.000000,166.4510498046875,7.011961936950684,0.060737352818250656,0.1339442878961563,0.5577866435050964
108,108,4943,2006-07-25T23:00:00.000000,161.8321533203125,5.616539001464844,0.07196877896785736,0.11844273656606674,0.49671077728271484
109,109,4943,2006-07-25T23:00:00.000000,447.65179443359375,11.803621292114258,0.15269866585731506,0.21800313889980316,0.9198626279830933
110,110,4943,2006-07-25T23:00:00.000000,557.41357421875,13.531206130981445,0.1960238814353943,0.25374776124954224,1.0832467079162598
111,111,4943,2006-07-25T23:00:00.000000,204.4414520263672,7.19056510925293,0.07319974154233932,0.136060893535614,0.5754789113998413
112,112,4943,2006-07-25T23:00:00.000000,23.775218963623047,3.104088544845581,0.03929515555500984,0.1261947602033615,0.5018433928489685
113,113,4943,2006-07-25T23:00:00.000000,222.3959197998047,7.959390640258789,0.09329449385404587,0.16302132606506348,0.7023855447769165
114,114,4943,2006-07-25T23:00:00.000000,108.76292419433594,6.645015716552734,0.044245265424251556,0.13402599096298218,0.5618435144424438
115,115,4943,2006-07-25T23:00:00.000000,18.896873474121094,2.4123802185058594,0.1045016497373581,0.17939582467079163,0.7453171014785767
116,116,4943,2006-07-25T23:00:00.000000,189.48281860351562,7.8863325119018555,0.06779460608959198,0.14917215704917908,0.6268796324729919
117,117,4943,2006-07-25T23:00:00.000000,107.31676483154297,6.550148010253906,0.0444372296333313,0.1332879364490509,0.5593279600143433
118,118,4943,2006-07-25T23:00:00.000000,164.21954345703125,6.762927055358887,0.061089348047971725,0.13043826818466187,0.5343224406242371
119,119,4943,2006-07-25T23:00:00.000000,130.8965606689453,6.522643089294434,0.09284185618162155,0.17371265590190887,0.7598447203636169
120,120,4943,2006-07-25T23:00:00.000000,164.01361083984375,7.474267482757568,0.05864090844988823,0.14132827520370483,0.5734425783157349
121,121,4943,2006-07-25T23:00:00.000000,1336.3056640625,20.74039077758789,0.09909327328205109,0.17860190570354462,0.7247799634933472
122,122,4943,2006-07-25T23:00:00.000000,135.36976623535156,7.438044548034668,0.0483955442905426,0.1406373232603073,0.6138210296630859
123,123,4943,2006-07-25T23:00:00.000000,204.7635498046875,8.176949501037598,0.07378391176462173,0.15521934628486633,0.6242514848709106
124,124,4943,2006-07-25T23:00:00.000000,449.96533203125,11.310346603393555,0.07186978310346603,0.1429418921470642,0.5946367979049683
125,125,4943,2006-07-25T23:00:00.000000,120.0926742553711,6.685663223266602,0.03171847015619278,0.10865315794944763,0.4224330186843872
126,126,4943,2006-07-25T23:00:00.000000,49.2930908203125,3.7854809761047363,0.07286837697029114,0.145545095205307,0.6157494783401489
127,127,4943,2006-07-25T23:00:00.000000,108.15691375732422,6.600945949554443,0.055607013404369354,0.14967313408851624,0.6176689863204956
128,128,4943,2006-07-25T23:00:00.000000,276.82763671875,9.68190860748291,0.1047990471124649,0.18838004767894745,0.7765182852745056
129,129,4943,2006-07-25T23:00:00.000000,5.177679538726807,1.3164522647857666,0.034707799553871155,0.10778319090604782,0.4224247932434082
130,130,4943,2006-07-25T23:00:00.000000,76.5302505493164,5.663664817810059,0.054875217378139496,0.15165933966636658,0.6028429865837097
131,131,4943,2006-07-25T23:00:00.000000,114.82444763183594,6.583494186401367,0.041036106646060944,0.12445788085460663,0.5359067320823669
132,132,4943,2006-07-25T23:00:00.000000,164.4287872314453,7.411042213439941,0.05902943015098572,0.14041858911514282,0.5932375192642212
133,133,4943,2006-07-25T23:00:00.000000,84.3847885131836,5.6002397537231445,0.03420411795377731,0.11274926364421844,0.4729335904121399
134,134,4943,2006-07-25T23:00:00.000000,308.63006591796875,9.399580001831055,0.11499249190092087,0.18143627047538757,0.7638968825340271
135,135,4943,2006-07-25T23:00:00.000000,165.14614868164062,7.500946998596191,0.0856483206152916,0.17082099616527557,0.6639409065246582
136,136,4943,2006-07-25T23:00:00.000000,317.5546569824219,8.473518371582031,0.07950941473245621,0.1340799480676651,0.5362986326217651
0,0,5455,2006-08-16T07:00:00.000000,376.7716064453125,12.482255935668945,0.03262831270694733,0.11615857481956482,0.4788278043270111
1,1,5455,2006-08-16T07:00:00.000000,19.963075637817383,2.920389175415039,0.007899402640759945,0.058093052357435226,0.24133071303367615
2,2,5455,2006-08-16T07:00:00.000000,56.2901725769043,4.128093719482422,0.022677384316921234,0.08285710215568542,0.35550421476364136
3,3,5455,2006-08-16T07:00:00.000000,45.44648742675781,4.237839698791504,0.014868526719510555,0.07665284723043442,0.35032111406326294
4,4,5455,2006-08-16T07:00:00.000000,344.1259765625,9.913987159729004,0.041624877601861954,0.10903504490852356,0.45430660247802734
5,5,5455,2006-08-16T07:00:00.000000,1646.501708984375,21.460920333862305,0.09237335622310638,0.16074615716934204,0.6830239295959473
6,6,5455,2006-08-16T07:00:00.000000,62.420467376708984,4.667061805725098,0.028118854388594627,0.09905555099248886,0.427386611700058
7,7,5455,2006-08-16T07:00:00.000000,251.48214721679688,8.624116897583008,0.11578294634819031,0.18504755198955536,0.7803999185562134
8,8,5455,2006-08-16T07:00:00.000000,65.00079345703125,4.400247573852539,0.021601228043437004,0.08021527528762817,0.3538747727870941
9,9,5455,2006-08-16T07:00:00.000000,212.45620727539062,6.297826290130615,0.08415065705776215,0.1253385692834854,0.5526507496833801
10,10,5455,2006-08-16T07:00:00.000000,67.49987030029297,4.828128814697266,0.02635928988456726,0.0954100713133812,0.39695748686790466
11,11,5455,2006-08-16T07:00:00.000000,99.38714599609375,4.495749473571777,0.13387568295001984,0.16500148177146912,0.7148643732070923
12,12,5455,2006-08-16T07:00:00.000000,61.704368591308594,4.71862268447876,0.021182410418987274,0.08742688596248627,0.38998326659202576
13,13,5455,2006-08-16T07:00:00.000000,206.0750732421875,7.114351272583008,0.0758504644036293,0.13649028539657593,0.5994235277175903
14,14,5455,2006-08-16T07:00:00.000000,269.52374267578125,8.581548690795898,0.09902064502239227,0.16448640823364258,0.6768499612808228
15,15,5455,2006-08-16T07:00:00.000000,8.582700729370117,1.8933814764022827,0.009217415004968643,0.062048427760601044,0.25627589225769043
16,16,5455,2006-08-16T07:00:00.000000,94.09456634521484,5.4262824058532715,0.03293401747941971,0.10151785612106323,0.4452784061431885
17,17,5455,2006-08-16T07:00:00.000000,37.22129821777344,3.6048636436462402,0.01343877986073494,0.06849723309278488,0.2973211407661438
18,18,5455,2006-08-16T07:00:00.000000,156.92921447753906,6.522093772888184,0.060055211186409,0.1275881826877594,0.5656116008758545
19,19,5455,2006-08-16T07:00:00.000000,207.2104949951172,7.683446407318115,0.0796295553445816,0.15062163770198822,0.6535698771476746
20,20,5455,2006-08-16T07:00:00.000000,77.30857849121094,5.082993030548096,0.02579188160598278,0.09284257888793945,0.4079742133617401
21,21,5455,2006-08-16T07:00:00.000000,139.23712158203125,6.413737773895264,0.04977673292160034,0.12126819789409637,0.5116511583328247
22,22,5455,2006-08-16T07:00:00.000000,98.81253051757812,6.182992458343506,0.027914904057979584,0.1039227768778801,0.42920538783073425
23,23,5455,2006-08-16T07:00:00.000000,474.114013671875,11.68625545501709,0.03766018897294998,0.1041538268327713,0.4353269934654236
24,24,5455,2006-08-16T07:00:00.000000,30.87286949157715,3.2080721855163574,0.010449359193444252,0.05902016907930374,0.26807618141174316
25,25,5455,2006-08-16T07:00:00.000000,89.1800537109375,5.186875343322754,0.045003943145275116,0.11651913821697235,0.5047650337219238
26,26,5455,2006-08-16T07:00:00.000000,127.97700500488281,5.633876323699951,0.04995739087462425,0.11131180822849274,0.4855165183544159
27,27,5455,2006-08-16T07:00:00.000000,29.070289611816406,3.2308154106140137,0.01134435273706913,0.06382301449775696,0.2612162232398987
28,28,5455,2006-08-16T07:00:00.000000,348.40301513671875,11.620672225952148,0.032679542899131775,0.11254554241895676,0.4524683952331543
29,29,5455,2006-08-16T07:00:00.000000,125.14280700683594,4.839422702789307,0.04844300448894501,0.09521518647670746,0.41079604625701904
30,30,5455,2006-08-16T07:00:00.000000,66.46461486816406,5.421864986419678,0.030671318992972374,0.11647151410579681,0.4856288433074951
31,31,5455,2006-08-16T07:00:00.000000,192.46481323242188,7.256439208984375,0.02270686626434326,0.07881820201873779,0.3097091317176819
32,32,5455,2006-08-16T07:00:00.000000,193.2457275390625,7.144725799560547,0.067060187458992,0.133095383644104,0.5981540083885193
33,33,5455,2006-08-16T07:00:00.000000,192.3818817138672,7.443425178527832,0.082257941365242,0.15391454100608826,0.6538050174713135
34,34,5455,2006-08-16T07:00:00.000000,86.37216186523438,4.739256858825684,0.03967851772904396,0.10157833993434906,0.44092226028442383
35,35,5455,2006-08-16T07:00:00.000000,104.7906723022461,4.986806869506836,0.06186101958155632,0.12116292119026184,0.4977298676967621
36,36,5455,2006-08-16T07:00:00.000000,81.6956787109375,5.459807872772217,0.029291531071066856,0.10338293015956879,0.44147616624832153
37,37,5455,2006-08-16T07:00:00.000000,118.33491516113281,6.0107879638671875,0.08118640631437302,0.15744057297706604,0.6688859462738037
38,38,5455,2006-08-16T07:00:00.000000,499.99896240234375,13.777125358581543,0.1903265416622162,0.26879656314849854,1.153848648071289
39,39,5455,2006-08-16T07:00:00.000000,148.75692749023438,7.315715312957764,0.05708260461688042,0.1433078795671463,0.6449211239814758
40,40,5455,2006-08-16T07:00:00.000000,1370.289306640625,20.83175277709961,0.09655656665563583,0.17486809194087982,0.7279423475265503
41,41,5455,2006-08-16T07:00:00.000000,46.242637634277344,3.72898268699646,0.017368081957101822,0.07226782292127609,0.3119669556617737
42,42,5455,2006-08-16T07:00:00.000000,79.21578216552734,4.425437927246094,0.026882704347372055,0.08152425289154053,0.35278818011283875
43,43,5455,2006-08-16T07:00:00.000000,331.1590576171875,8.178546905517578,0.12699896097183228,0.16016142070293427,0.7035626173019409
44,44,5455,2006-08-16T07:00:00.000000,721.7057495117188,14.551859855651855,0.11817462742328644,0.18620894849300385,0.754215657711029
45,45,5455,2006-08-16T07:00:00.000000,173.6805877685547,6.804434776306152,0.08216752111911774,0.14800162613391876,0.6242002248764038
46,46,5455,2006-08-16T07:00:00.000000,144.04727172851562,6.014220714569092,0.1043916866183281,0.16190484166145325,0.6820921897888184
47,47,5455,2006-08-16T07:00:00.000000,162.6577606201172,7.117013454437256,0.07406972348690033,0.15187306702136993,0.6708024740219116
48,48,5455,2006-08-16T07:00:00.000000,81.72069549560547,4.822287559509277,0.029431253671646118,0.09151482582092285,0.38954588770866394
49,49,5455,2006-08-16T07:00:00.000000,455.25738525390625,12.091288566589355,0.17056035995483398,0.23403625190258026,1.0353057384490967
50,50,5455,2006-08-16T07:00:00.000000,85.13822174072266,5.062833786010742,0.029190242290496826,0.09374546259641647,0.4096193313598633
51,51,5455,2006-08-16T07:00:00.000000,140.35714721679688,5.4379496574401855,0.05264861881732941,0.10532014071941376,0.46439701318740845
52,52,5455,2006-08-16T07:00:00.000000,33.97992706298828,3.659961700439453,0.012747421860694885,0.07088862359523773,0.2957063317298889
53,53,5455,2006-08-16T07:00:00.000000,206.7137908935547,7.285150051116943,0.07024668157100677,0.13429711759090424,0.5835017561912537
54,54,5455,2006-08-16T07:00:00.000000,51.97771453857422,4.484612464904785,0.02302384003996849,0.09438548982143402,0.4102638363838196
55,55,5455,2006-08-16T07:00:00.000000,85.11555480957031,5.4440741539001465,0.027723800390958786,0.098253034055233,0.44761550426483154
56,56,5455,2006-08-16T07:00:00.000000,301.05340576171875,8.541086196899414,0.11021286249160767,0.16342084109783173,0.6743173599243164
57,57,5455,2006-08-16T07:00:00.000000,50.90110397338867,4.259997367858887,0.02350682020187378,0.0915466845035553,0.40204501152038574
58,58,5455,2006-08-16T07:00:00.000000,292.439697265625,9.319676399230957,0.13449442386627197,0.19986411929130554,0.8363379836082458
59,59,5455,2006-08-16T07:00:00.000000,73.46092224121094,4.819100379943848,0.025840571150183678,0.09038343280553818,0.3983907103538513
60,60,5455,2006-08-16T07:00:00.000000,122.56486511230469,6.033288955688477,0.08305179327726364,0.15705278515815735,0.6783868670463562
61,61,5455,2006-08-16T07:00:00.000000,89.33110046386719,5.389315605163574,0.030763544142246246,0.10001163184642792,0.4435977339744568
62,62,5455,2006-08-16T07:00:00.000000,169.3441925048828,6.393380165100098,0.06474633514881134,0.1250123530626297,0.5420038104057312
63,63,5455,2006-08-16T07:00:00.000000,77.7347640991211,5.0527567863464355,0.035520780831575394,0.10800951719284058,0.4635556936264038
64,64,5455,2006-08-16T07:00:00.000000,36.32527160644531,3.9703288078308105,0.015209796838462353,0.08124258369207382,0.3396172523498535
65,65,5455,2006-08-16T07:00:00.000000,385.7603759765625,12.011347770690918,0.14139753580093384,0.2299608439207077,1.0057868957519531
66,66,5455,2006-08-16T07:00:00.000000,22.945575714111328,3.092374801635742,0.007382471114397049,0.055468134582042694,0.25005626678466797
67,67,5455,2006-08-16T07:00:00.000000,46.91637420654297,4.000190734863281,0.01779980957508087,0.07791591435670853,0.32760393619537354
68,68,5455,2006-08-16T07:00:00.000000,1389.443115234375,23.202144622802734,0.1545364111661911,0.24469392001628876,0.9362634420394897
69,69,5455,2006-08-16T07:00:00.000000,73.63851928710938,4.797170639038086,0.00816388614475727,0.050510432571172714,0.2117886245250702
70,70,5455,2006-08-16T07:00:00.000000,196.205078125,7.760959625244141,0.04299723729491234,0.11488956212997437,0.47754496335983276
71,71,5455,2006-08-16T07:00:00.000000,123.89974212646484,5.827649116516113,0.09157129377126694,0.15843015909194946,0.6918990612030029
72,72,5455,2006-08-16T07:00:00.000000,44.50007629394531,3.785914897918701,0.018630629405379295,0.0774647668004036,0.3294922113418579
73,73,5455,2006-08-16T07:00:00.000000,902.2420654296875,15.227365493774414,0.03596784174442291,0.09614361822605133,0.38912731409072876
74,74,5455,2006-08-16T07:00:00.000000,78.09294128417969,4.5689897537231445,0.025844981893897057,0.08311941474676132,0.3712238669395447
75,75,5455,2006-08-16T07:00:00.000000,70.71617126464844,4.565586566925049,0.023776261135935783,0.08371609449386597,0.3803567588329315
76,76,5455,2006-08-16T07:00:00.000000,208.841796875,7.452756881713867,0.08376917243003845,0.14926239848136902,0.5712493658065796
77,77,5455,2006-08-16T07:00:00.000000,43.228416442871094,3.2326173782348633,0.017159922048449516,0.0644061490893364,0.2790185809135437
78,78,5455,2006-08-16T07:00:00.000000,79.75215911865234,5.637088298797607,0.026688963174819946,0.1031215637922287,0.4553217887878418
79,79,5455,2006-08-16T07:00:00.000000,62.823158264160156,5.013250350952148,0.025826595723628998,0.10164666175842285,0.43727415800094604
80,80,5455,2006-08-16T07:00:00.000000,238.08909606933594,8.893050193786621,0.05391976237297058,0.1338304728269577,0.5827744007110596
81,81,5455,2006-08-16T07:00:00.000000,160.5361328125,6.78482723236084,0.06034942716360092,0.1315494179725647,0.5713933110237122
82,82,5455,2006-08-16T07:00:00.000000,42.88496398925781,4.190604209899902,0.018836453557014465,0.08782610297203064,0.38072633743286133
83,83,5455,2006-08-16T07:00:00.000000,161.44479370117188,6.7644758224487305,0.11020928621292114,0.17673853039741516,0.7846740484237671
84,84,5455,2006-08-16T07:00:00.000000,204.90243530273438,6.432252407073975,0.07631795853376389,0.12413746118545532,0.5518277287483215
85,85,5455,2006-08-16T07:00:00.000000,277.529296875,7.620845794677734,0.12282158434391022,0.16031940281391144,0.6815224885940552
86,86,5455,2006-08-16T07:00:00.000000,158.59478759765625,6.8893046379089355,0.05756237357854843,0.1312502920627594,0.5590207576751709
87,87,5455,2006-08-16T07:00:00.000000,287.57568359375,9.231910705566406,0.12257035821676254,0.19059357047080994,0.8287616968154907
88,88,5455,2006-08-16T07:00:00.000000,132.83349609375,5.207154273986816,0.06611630320549011,0.11617185920476913,0.5067827105522156
89,89,5455,2006-08-16T07:00:00.000000,96.3719711303711,4.775856018066406,0.04442539066076279,0.10253956913948059,0.40845340490341187
90,90,5455,2006-08-16T07:00:00.000000,20.479230880737305,2.834955930709839,0.015887776389718056,0.0789625272154808,0.34061765670776367
91,91,5455,2006-08-16T07:00:00.000000,171.66171264648438,7.5721940994262695,0.076291523873806,0.15963315963745117,0.6980518102645874
92,92,5455,2006-08-16T07:00:00.000000,64.57440185546875,4.533116817474365,0.022158022969961166,0.08397156000137329,0.3716852068901062
93,93,5455,2006-08-16T07:00:00.000000,245.5232391357422,8.34176254272461,0.11217822879552841,0.1783059537410736,0.7305092811584473
94,94,5455,2006-08-16T07:00:00.000000,493.58123779296875,11.48169994354248,0.2174181044101715,0.2409764975309372,0.9920992851257324
95,95,5455,2006-08-16T07:00:00.000000,50.10521697998047,4.232247829437256,0.021706974133849144,0.08809053897857666,0.36849504709243774
96,96,5455,2006-08-16T07:00:00.000000,175.91795349121094,7.679743766784668,0.08599033206701279,0.16979169845581055,0.7124559283256531
97,97,5455,2006-08-16T07:00:00.000000,189.43832397460938,7.624688625335693,0.08157514035701752,0.15822209417819977,0.6613854765892029
98,98,5455,2006-08-16T07:00:00.000000,140.69094848632812,6.006296157836914,0.07167573273181915,0.1355687975883484,0.6037837266921997
99,99,5455,2006-08-16T07:00:00.000000,36.97516632080078,3.6877360343933105,0.013166224583983421,0.06958816945552826,0.3090333044528961
100,100,5455,2006-08-16T07:00:00.000000,130.8004608154297,6.7214202880859375,0.09068011492490768,0.17697523534297943,0.7790861129760742
101,101,5455,2006-08-16T07:00:00.000000,146.77964782714844,6.088259696960449,0.09988384693861008,0.1588209569454193,0.6637054681777954
102,102,5455,2006-08-16T07:00:00.000000,45.12444305419922,4.183699607849121,0.01824858784675598,0.08413355052471161,0.3691466748714447
103,103,5455,2006-08-16T07:00:00.000000,359.8907165527344,8.772040367126465,0.13376514613628387,0.1691168248653412,0.7406483888626099
104,104,5455,2006-08-16T07:00:00.000000,973.2933349609375,17.074153900146484,0.16029588878154755,0.21911820769309998,0.930941104888916
105,105,5455,2006-08-16T07:00:00.000000,317.8689880371094,9.309077262878418,0.044196128845214844,0.10976773500442505,0.47410082817077637
106,106,5455,2006-08-16T07:00:00.000000,327.85516357421875,10.460390090942383,0.14679910242557526,0.22134444117546082,0.9574662446975708
107,107,5455,2006-08-16T07:00:00.000000,75.30717468261719,5.207516670227051,0.025222230702638626,0.09530248492956161,0.4101177453994751
108,108,5455,2006-08-16T07:00:00.000000,152.12278747558594,6.833795070648193,0.06670308113098145,0.14309939742088318,0.5961076021194458
109,109,5455,2006-08-16T07:00:00.000000,17.948123931884766,2.72522234916687,0.006000177003443241,0.049828119575977325,0.2208365797996521
110,110,5455,2006-08-16T07:00:00.000000,165.85736083984375,6.791464805603027,0.06499769538640976,0.13444513082504272,0.5496902465820312
111,111,5455,2006-08-16T07:00:00.000000,200.642578125,6.505141258239746,0.07200678437948227,0.12323437631130219,0.5310125350952148
112,112,5455,2006-08-16T07:00:00.000000,26.127750396728516,2.878662109375,0.03544618934392929,0.10602894425392151,0.44730815291404724
113,113,5455,2006-08-16T07:00:00.000000,63.123870849609375,4.116519927978516,0.02851133607327938,0.08748672902584076,0.3762455880641937
114,114,5455,2006-08-16T07:00:00.000000,99.961181640625,6.21467399597168,0.04013783112168312,0.12453161180019379,0.5072029232978821
115,115,5455,2006-08-16T07:00:00.000000,7.771457195281982,1.5949678421020508,0.04419479891657829,0.12027804553508759,0.5132209062576294
116,116,5455,2006-08-16T07:00:00.000000,70.40379333496094,5.345400810241699,0.025814620777964592,0.1023564338684082,0.45458704233169556
117,117,5455,2006-08-16T07:00:00.000000,35.48536682128906,3.060539722442627,0.012781456112861633,0.05808493494987488,0.24215416610240936
118,118,5455,2006-08-16T07:00:00.000000,110.09495544433594,5.933034420013428,0.03837543725967407,0.11076940596103668,0.49747616052627563
119,119,5455,2006-08-16T07:00:00.000000,67.00076293945312,4.611021995544434,0.05065150186419487,0.12678079307079315,0.5249769687652588
120,120,5455,2006-08-16T07:00:00.000000,154.4464569091797,5.9722137451171875,0.053661003708839417,0.11132066696882248,0.4728090763092041
121,121,5455,2006-08-16T07:00:00.000000,1313.97900390625,21.39461898803711,0.09207305312156677,0.1790921688079834,0.7538982629776001
122,122,5455,2006-08-16T07:00:00.000000,91.964111328125,5.32570219039917,0.03267776221036911,0.10039078444242477,0.4329366385936737
123,123,5455,2006-08-16T07:00:00.000000,72.97695922851562,5.161208629608154,0.025425847619771957,0.0963376984000206,0.43080800771713257
124,124,5455,2006-08-16T07:00:00.000000,209.9891357421875,8.136270523071289,0.031050898134708405,0.09893821179866791,0.41956648230552673
125,125,5455,2006-08-16T07:00:00.000000,97.0431137084961,5.645434379577637,0.02382933720946312,0.0884649008512497,0.3474368453025818
126,126,5455,2006-08-16T07:00:00.000000,89.92790222167969,5.654528617858887,0.123893603682518,0.2098812311887741,0.8689097762107849
127,127,5455,2006-08-16T07:00:00.000000,54.56675338745117,4.069771766662598,0.023377910256385803,0.08423815667629242,0.34909507632255554
128,128,5455,2006-08-16T07:00:00.000000,86.9674301147461,5.412747859954834,0.03242090344429016,0.10450857877731323,0.45484134554862976
129,129,5455,2006-08-16T07:00:00.000000,5.896689414978027,1.408031940460205,0.03276713192462921,0.10496091097593307,0.4281480312347412
130,130,5455,2006-08-16T07:00:00.000000,119.06737518310547,5.104710102081299,0.07046201825141907,0.1241801530122757,0.5257975459098816
131,131,5455,2006-08-16T07:00:00.000000,183.57382202148438,7.554854393005371,0.0687909796833992,0.14624683558940887,0.6302688717842102
132,132,5455,2006-08-16T07:00:00.000000,232.54489135742188,8.250605583190918,0.08488254249095917,0.15763098001480103,0.688741147518158
133,133,5455,2006-08-16T07:00:00.000000,35.536590576171875,3.692927837371826,0.013742810115218163,0.07262241840362549,0.3000013828277588
134,134,5455,2006-08-16T07:00:00.000000,156.17892456054688,6.854026794433594,0.053483184427022934,0.12683621048927307,0.5586071610450745
135,135,5455,2006-08-16T07:00:00.000000,70.25418090820312,4.314640045166016,0.03205597400665283,0.09216435998678207,0.39236244559288025
136,136,5455,2006-08-16T07:00:00.000000,418.4126892089844,11.892977714538574,0.095155730843544,0.17935173213481903,0.7119252681732178
0,0,5967,2006-09-06T15:00:00.000000,3030.994140625,31.960302352905273,0.3306560218334198,0.3338155150413513,1.261073112487793
1,1,5967,2006-09-06T15:00:00.000000,313.8135070800781,8.721719741821289,0.12287645041942596,0.17258405685424805,0.7134549021720886
2,2,5967,2006-09-06T15:00:00.000000,92.70516967773438,5.208323955535889,0.04086935520172119,0.10935655236244202,0.47349676489830017
3,3,5967,2006-09-06T15:00:00.000000,105.63314819335938,5.491274833679199,0.04461916908621788,0.1128583550453186,0.46170639991760254
4,4,5967,2006-09-06T15:00:00.000000,1788.605224609375,24.4591064453125,0.251699298620224,0.2901512086391449,1.1817355155944824
5,5,5967,2006-09-06T15:00:00.000000,566.2189331054688,13.909719467163086,0.03800012543797493,0.11395113915205002,0.4285699725151062
6,6,5967,2006-09-06T15:00:00.000000,980.6139526367188,18.057302474975586,0.5106403827667236,0.4120609164237976,1.6707487106323242
7,7,5967,2006-09-06T15:00:00.000000,51.289119720458984,4.280671119689941,0.0240265391767025,0.09264986962080002,0.39050835371017456
8,8,5967,2006-09-06T15:00:00.000000,92.67788696289062,5.3235907554626465,0.03941592201590538,0.10978737473487854,0.44079262018203735
9,9,5967,2006-09-06T15:00:00.000000,175.46676635742188,6.959418296813965,0.07839711010456085,0.14710436761379242,0.6180328130722046
10,10,5967,2006-09-06T15:00:00.000000,310.17022705078125,7.882479667663574,0.13059742748737335,0.16174471378326416,0.6688780784606934
11,11,5967,2006-09-06T15:00:00.000000,252.714599609375,8.847305297851562,0.3772909641265869,0.34184882044792175,1.393669843673706
12,12,5967,2006-09-06T15:00:00.000000,86.90083312988281,5.727431774139404,0.034913625568151474,0.11480093002319336,0.459247350692749
13,13,5967,2006-09-06T15:00:00.000000,216.25262451171875,7.148365020751953,0.09050117433071136,0.1462356299161911,0.6226475238800049
14,14,5967,2006-09-06T15:00:00.000000,77.70356750488281,4.74977445602417,0.03148600086569786,0.09561174362897873,0.36549314856529236
15,15,5967,2006-09-06T15:00:00.000000,137.04888916015625,6.907285213470459,0.17835044860839844,0.24917630851268768,1.0001040697097778
16,16,5967,2006-09-06T15:00:00.000000,230.47744750976562,6.809696197509766,0.09070020169019699,0.13508827984333038,0.5689465999603271
17,17,5967,2006-09-06T15:00:00.000000,121.27062225341797,6.128285884857178,0.047575484961271286,0.12138158082962036,0.5244273543357849
18,18,5967,2006-09-06T15:00:00.000000,284.8765869140625,7.883431434631348,0.12459583580493927,0.16486886143684387,0.6768974661827087
19,19,5967,2006-09-06T15:00:00.000000,275.7148132324219,8.643537521362305,0.12158264964818954,0.1815086305141449,0.7498213648796082
20,20,5967,2006-09-06T15:00:00.000000,41.07160568237305,3.9706554412841797,0.016338001936674118,0.07919373363256454,0.3284369707107544
21,21,5967,2006-09-06T15:00:00.000000,86.216064453125,5.396663665771484,0.03273984044790268,0.10516458004713058,0.4459502398967743
22,22,5967,2006-09-06T15:00:00.000000,101.88378143310547,6.134818077087402,0.03439849242568016,0.11272464692592621,0.4255218207836151
23,23,5967,2006-09-06T15:00:00.000000,617.0765380859375,13.386499404907227,0.05452103540301323,0.12582865357398987,0.49236950278282166
24,24,5967,2006-09-06T15:00:00.000000,353.15496826171875,8.709003448486328,0.12894931435585022,0.16641610860824585,0.7032954692840576
25,25,5967,2006-09-06T15:00:00.000000,132.91123962402344,6.10466194152832,0.0754600316286087,0.14545859396457672,0.6154449582099915
26,26,5967,2006-09-06T15:00:00.000000,220.5928192138672,7.501701354980469,0.09809702634811401,0.15819475054740906,0.6337254047393799
27,27,5967,2006-09-06T15:00:00.000000,173.7764129638672,7.168456554412842,0.07089301943778992,0.14478778839111328,0.5920546054840088
28,28,5967,2006-09-06T15:00:00.000000,1025.9901123046875,15.581911087036133,0.0975811630487442,0.15196098387241364,0.5952075719833374
29,29,5967,2006-09-06T15:00:00.000000,218.39544677734375,7.3077712059021,0.09770514816045761,0.15456880629062653,0.6487361788749695
30,30,5967,2006-09-06T15:00:00.000000,235.81155395507812,9.26234245300293,0.1501484513282776,0.2337215393781662,0.813828706741333
31,31,5967,2006-09-06T15:00:00.000000,630.807861328125,14.056221008300781,0.07755833864212036,0.15585985779762268,0.5993895530700684
32,32,5967,2006-09-06T15:00:00.000000,63.79450607299805,4.7604570388793945,0.024808591231703758,0.09387674182653427,0.39330488443374634
33,33,5967,2006-09-06T15:00:00.000000,55.754966735839844,3.8298544883728027,0.027327289804816246,0.08478885143995285,0.3599739670753479
34,34,5967,2006-09-06T15:00:00.000000,152.0831298828125,6.105489730834961,0.07201220095157623,0.1328565776348114,0.5396317839622498
35,35,5967,2006-09-06T15:00:00.000000,513.5450439453125,12.353431701660156,0.3549292981624603,0.32476508617401123,1.2558492422103882
36,36,5967,2006-09-06T15:00:00.000000,106.16972351074219,5.615630149841309,0.04129108041524887,0.11074554920196533,0.47730752825737
37,37,5967,2006-09-06T15:00:00.000000,28.745960235595703,2.8950870037078857,0.023533066734671593,0.08283474296331406,0.32314473390579224
38,38,5967,2006-09-06T15:00:00.000000,185.55667114257812,7.417170524597168,0.08310521394014359,0.1569690853357315,0.6085455417633057
39,39,5967,2006-09-06T15:00:00.000000,115.19670104980469,6.249629974365234,0.05411992594599724,0.13546055555343628,0.5403393507003784
40,40,5967,2006-09-06T15:00:00.000000,542.9389038085938,12.716048240661621,0.047140222042798996,0.11848747730255127,0.4249867796897888
41,41,5967,2006-09-06T15:00:00.000000,91.68528747558594,5.0676069259643555,0.038295648992061615,0.10356852412223816,0.4471496343612671
42,42,5967,2006-09-06T15:00:00.000000,250.00546264648438,8.241225242614746,0.10578497499227524,0.16952316462993622,0.7093095183372498
43,43,5967,2006-09-06T15:00:00.000000,313.50494384765625,8.561328887939453,0.14246755838394165,0.18250593543052673,0.7246379852294922
44,44,5967,2006-09-06T15:00:00.000000,1173.86328125,20.04095458984375,0.23326420783996582,0.2825099229812622,1.1361950635910034
45,45,5967,2006-09-06T15:00:00.000000,187.36753845214844,7.2669477462768555,0.1075676679611206,0.17411881685256958,0.6861600875854492
46,46,5967,2006-09-06T15:00:00.000000,35.78976058959961,3.3095712661743164,0.02984621189534664,0.09557336568832397,0.39391255378723145
47,47,5967,2006-09-06T15:00:00.000000,382.8228454589844,10.63573169708252,0.2102491557598114,0.24925027787685394,0.9930240511894226
48,48,5967,2006-09-06T15:00:00.000000,238.90570068359375,8.255995750427246,0.09876995533704758,0.1678682565689087,0.7290014624595642
49,49,5967,2006-09-06T15:00:00.000000,86.43923950195312,5.006057262420654,0.03774087876081467,0.10460352897644043,0.38983452320098877
50,50,5967,2006-09-06T15:00:00.000000,95.86077880859375,5.013471603393555,0.03852485865354538,0.10050521790981293,0.4014132022857666
51,51,5967,2006-09-06T15:00:00.000000,301.96832275390625,8.083709716796875,0.13099916279315948,0.1683698147535324,0.6805665493011475
52,52,5967,2006-09-06T15:00:00.000000,254.83331298828125,7.360287666320801,0.10224445164203644,0.14743024110794067,0.6180541515350342
53,53,5967,2006-09-06T15:00:00.000000,77.36058807373047,5.084010601043701,0.03227879852056503,0.10384970158338547,0.4413604140281677
54,54,5967,2006-09-06T15:00:00.000000,1044.5313720703125,17.911128997802734,0.5520876049995422,0.4117809236049652,1.5963783264160156
55,55,5967,2006-09-06T15:00:00.000000,107.5898666381836,6.106766700744629,0.043176740407943726,0.12233494967222214,0.5149303674697876
56,56,5967,2006-09-06T15:00:00.000000,102.07698822021484,5.650937557220459,0.03977033123373985,0.11154143512248993,0.4736153483390808
57,57,5967,2006-09-06T15:00:00.000000,210.53335571289062,6.563552379608154,0.09791460633277893,0.14154750108718872,0.5831947922706604
58,58,5967,2006-09-06T15:00:00.000000,104.96395111083984,5.822578430175781,0.0644526481628418,0.14428314566612244,0.5708076357841492
59,59,5967,2006-09-06T15:00:00.000000,149.37661743164062,6.993183135986328,0.058475904166698456,0.13836368918418884,0.5951797366142273
60,60,5967,2006-09-06T15:00:00.000000,61.32318878173828,4.584259033203125,0.05196738243103027,0.13345111906528473,0.5424105525016785
61,61,5967,2006-09-06T15:00:00.000000,111.92500305175781,6.0276007652282715,0.04954880475997925,0.12682285904884338,0.512609601020813
62,62,5967,2006-09-06T15:00:00.000000,200.35079956054688,6.94577693939209,0.08928190916776657,0.14662466943264008,0.613002598285675
63,63,5967,2006-09-06T15:00:00.000000,100.81195068359375,4.512528896331787,0.049673162400722504,0.10016705095767975,0.4083240032196045
64,64,5967,2006-09-06T15:00:00.000000,159.84226989746094,6.710047721862793,0.07434608787298203,0.14471344649791718,0.6160815954208374
65,65,5967,2006-09-06T15:00:00.000000,186.82415771484375,7.604059219360352,0.07722772657871246,0.15460218489170074,0.6384681463241577
66,66,5967,2006-09-06T15:00:00.000000,58.51235580444336,4.532980918884277,0.0239572636783123,0.09172308444976807,0.37550193071365356
67,67,5967,2006-09-06T15:00:00.000000,235.35411071777344,7.884624481201172,0.09667760133743286,0.15980231761932373,0.6560565829277039
68,68,5967,2006-09-06T15:00:00.000000,897.38671875,16.069839477539062,0.11052465438842773,0.1783410608768463,0.6345800161361694
69,69,5967,2006-09-06T15:00:00.000000,1868.0888671875,22.841861724853516,0.2270127832889557,0.2518012225627899,0.9970711469650269
70,70,5967,2006-09-06T15:00:00.000000,1649.7822265625,22.65993881225586,0.3826162815093994,0.34508582949638367,1.4493016004562378
71,71,5967,2006-09-06T15:00:00.000000,28.645004272460938,2.9693706035614014,0.024553652852773666,0.08693566918373108,0.3537227511405945
72,72,5967,2006-09-06T15:00:00.000000,140.93592834472656,6.00115966796875,0.06529891490936279,0.1291746348142624,0.5327719449996948
73,73,5967,2006-09-06T15:00:00.000000,1635.2890625,24.678466796875,0.07877621799707413,0.17128466069698334,0.6990713477134705
74,74,5967,2006-09-06T15:00:00.000000,44.96709442138672,3.938997745513916,0.018112219870090485,0.07905406504869461,0.31393903493881226
75,75,5967,2006-09-06T15:00:00.000000,176.5430908203125,6.696711540222168,0.06826922297477722,0.13168875873088837,0.5503582954406738
76,76,5967,2006-09-06T15:00:00.000000,79.1527099609375,4.74217414855957,0.033485494554042816,0.0975378006696701,0.35914596915245056
77,77,5967,2006-09-06T15:00:00.000000,60.9055290222168,4.9576520919799805,0.028182363137602806,0.10664399713277817,0.4372575283050537
78,78,5967,2006-09-06T15:00:00.000000,274.7684326171875,8.380334854125977,0.10920695960521698,0.16707178950309753,0.6742832660675049
79,79,5967,2006-09-06T15:00:00.000000,160.9016876220703,6.696089744567871,0.06686140596866608,0.13649874925613403,0.6177459955215454
80,80,5967,2006-09-06T15:00:00.000000,659.56787109375,14.432140350341797,0.1764059066772461,0.23602476716041565,0.8887438774108887
81,81,5967,2006-09-06T15:00:00.000000,216.0250244140625,8.00773811340332,0.09577643126249313,0.16861149668693542,0.6865677833557129
82,82,5967,2006-09-06T15:00:00.000000,771.1478271484375,14.774724960327148,0.41203999519348145,0.3415232300758362,1.365312933921814
83,83,5967,2006-09-06T15:00:00.000000,36.1506233215332,3.4178314208984375,0.02874981239438057,0.0963851809501648,0.3937525749206543
84,84,5967,2006-09-06T15:00:00.000000,86.03416442871094,4.82561731338501,0.038506779819726944,0.10209065675735474,0.42131394147872925
85,85,5967,2006-09-06T15:00:00.000000,102.56450653076172,5.0017313957214355,0.05139224976301193,0.1119619831442833,0.4432751536369324
86,86,5967,2006-09-06T15:00:00.000000,118.45238494873047,6.0846052169799805,0.04625190049409866,0.1202334314584732,0.4718658924102783
87,87,5967,2006-09-06T15:00:00.000000,37.01316833496094,3.2813212871551514,0.018411044031381607,0.07318294048309326,0.301857054233551
88,88,5967,2006-09-06T15:00:00.000000,116.07061767578125,5.018592834472656,0.06642253696918488,0.12005453556776047,0.4846575856208801
89,89,5967,2006-09-06T15:00:00.000000,36.21612548828125,3.3192126750946045,0.017661888152360916,0.07329978048801422,0.29746419191360474
90,90,5967,2006-09-06T15:00:00.000000,93.77745819091797,5.11442756652832,0.08443599939346313,0.15346583724021912,0.6005584597587585
91,91,5967,2006-09-06T15:00:00.000000,262.2500915527344,9.23841667175293,0.15121078491210938,0.22183552384376526,0.8777903914451599
92,92,5967,2006-09-06T15:00:00.000000,81.85259246826172,4.429661750793457,0.03345450758934021,0.08955329656600952,0.3628072738647461
93,93,5967,2006-09-06T15:00:00.000000,88.68831634521484,5.664182186126709,0.05083194375038147,0.13560396432876587,0.5125679969787598
94,94,5967,2006-09-06T15:00:00.000000,59.0228385925293,4.131317138671875,0.028883609920740128,0.0913911685347557,0.3736477494239807
95,95,5967,2006-09-06T15:00:00.000000,254.7797088623047,8.062793731689453,0.11944927275180817,0.1745801866054535,0.7272971868515015
96,96,5967,2006-09-06T15:00:00.000000,83.5102767944336,5.092721462249756,0.05723147094249725,0.1333206593990326,0.46985992789268494
97,97,5967,2006-09-06T15:00:00.000000,67.97514343261719,4.234899997711182,0.035381611436605453,0.09661774337291718,0.35590073466300964
98,98,5967,2006-09-06T15:00:00.000000,90.53538513183594,4.427142143249512,0.052571505308151245,0.10668160021305084,0.4427340030670166
99,99,5967,2006-09-06T15:00:00.000000,259.36260986328125,7.673388481140137,0.1021275743842125,0.152266725897789,0.618933379650116
100,100,5967,2006-09-06T15:00:00.000000,50.228004455566406,4.06490421295166,0.03992733359336853,0.11460735648870468,0.4772268235683441
101,101,5967,2006-09-06T15:00:00.000000,49.780242919921875,4.064974308013916,0.0431443527340889,0.11967164278030396,0.45176875591278076
102,102,5967,2006-09-06T15:00:00.000000,92.14036560058594,5.008118152618408,0.039289966225624084,0.10341664403676987,0.4208502471446991
103,103,5967,2006-09-06T15:00:00.000000,395.4179382324219,9.726411819458008,0.1784946769475937,0.2066507786512375,0.8154124617576599
104,104,5967,2006-09-06T15:00:00.000000,199.83001708984375,8.149764060974121,0.03493471443653107,0.10775645822286606,0.38887453079223633
105,105,5967,2006-09-06T15:00:00.000000,1956.59375,23.896724700927734,0.32867658138275146,0.30972230434417725,1.270910620689392
106,106,5967,2006-09-06T15:00:00.000000,80.53036499023438,5.5433244705200195,0.03727978095412254,0.11926886439323425,0.4978722035884857
107,107,5967,2006-09-06T15:00:00.000000,115.52085876464844,6.178615093231201,0.04541267454624176,0.12250377982854843,0.5045489072799683
108,108,5967,2006-09-06T15:00:00.000000,40.635658264160156,3.4326581954956055,0.020535772666335106,0.07716715335845947,0.31303244829177856
109,109,5967,2006-09-06T15:00:00.000000,196.27828979492188,6.923232078552246,0.0767812728881836,0.13693057000637054,0.5766634345054626
110,110,5967,2006-09-06T15:00:00.000000,187.87271118164062,6.344901084899902,0.08110450208187103,0.1318303644657135,0.5512440204620361
111,111,5967,2006-09-06T15:00:00.000000,223.83074951171875,7.476351737976074,0.10170435160398483,0.15936744213104248,0.6464427709579468
112,112,5967,2006-09-06T15:00:00.000000,240.78062438964844,8.06586742401123,0.37294119596481323,0.31743913888931274,1.2279603481292725
113,113,5967,2006-09-06T15:00:00.000000,189.641845703125,6.203096389770508,0.09250175207853317,0.13699871301651,0.5813993215560913
114,114,5967,2006-09-06T15:00:00.000000,292.70159912109375,8.669036865234375,0.1252472996711731,0.17932569980621338,0.7320806384086609
115,115,5967,2006-09-06T15:00:00.000000,44.29389572143555,3.616755485534668,0.2851940393447876,0.290213406085968,1.1839096546173096
116,116,5967,2006-09-06T15:00:00.000000,190.3387451171875,7.406056880950928,0.08756941556930542,0.15885457396507263,0.6141769289970398
117,117,5967,2006-09-06T15:00:00.000000,243.07701110839844,7.756261348724365,0.09509877860546112,0.15341505408287048,0.660812497138977
118,118,5967,2006-09-06T15:00:00.000000,147.39035034179688,7.260626792907715,0.05797683447599411,0.14400145411491394,0.5794456005096436
119,119,5967,2006-09-06T15:00:00.000000,40.65673065185547,3.636946439743042,0.037472471594810486,0.11041468381881714,0.4360768795013428
120,120,5967,2006-09-06T15:00:00.000000,108.16552734375,5.33165168762207,0.046338777989149094,0.11035438627004623,0.44368621706962585
121,121,5967,2006-09-06T15:00:00.000000,514.0677490234375,12.865951538085938,0.04084872454404831,0.11468879878520966,0.437690794467926
122,122,5967,2006-09-06T15:00:00.000000,292.90118408203125,8.939577102661133,0.12718741595745087,0.18628525733947754,0.7509894371032715
123,123,5967,2006-09-06T15:00:00.000000,347.4312744140625,8.072840690612793,0.13434603810310364,0.15874658524990082,0.6292526721954346
124,124,5967,2006-09-06T15:00:00.000000,963.953857421875,16.241239547729492,0.17067240178585052,0.21610894799232483,0.81807541847229
125,125,5967,2006-09-06T15:00:00.000000,298.2174072265625,9.554502487182617,0.07145446538925171,0.1478959321975708,0.605252742767334
126,126,5967,2006-09-06T15:00:00.000000,43.357421875,3.339078664779663,0.06709340959787369,0.13135144114494324,0.5330941081047058
127,127,5967,2006-09-06T15:00:00.000000,119.37447357177734,5.682486534118652,0.054461102932691574,0.12137406319379807,0.5056197643280029
128,128,5967,2006-09-06T15:00:00.000000,104.5555419921875,5.732616424560547,0.04380784556269646,0.1173424944281578,0.47977083921432495
129,129,5967,2006-09-06T15:00:00.000000,6.4792094230651855,1.2182042598724365,0.03673875704407692,0.09173209965229034,0.386493444442749
130,130,5967,2006-09-06T15:00:00.000000,200.90469360351562,5.910857200622559,0.11962968111038208,0.14423641562461853,0.6107858419418335
131,131,5967,2006-09-06T15:00:00.000000,92.1629867553711,5.420928955078125,0.04118695110082626,0.11459752172231674,0.45736441016197205
132,132,5967,2006-09-06T15:00:00.000000,140.9411163330078,5.8556318283081055,0.061089158058166504,0.12190935015678406,0.5124443769454956
133,133,5967,2006-09-06T15:00:00.000000,167.905029296875,7.2074689865112305,0.06925196945667267,0.14637503027915955,0.5809957981109619
134,134,5967,2006-09-06T15:00:00.000000,118.62227630615234,6.086145401000977,0.04516240581870079,0.11875386536121368,0.5011389255523682
135,135,5967,2006-09-06T15:00:00.000000,143.9376220703125,7.315508842468262,0.0756470188498497,0.16770780086517334,0.6479892134666443
136,136,5967,2006-09-06T15:00:00.000000,115.97795104980469,5.307575702667236,0.029709897935390472,0.08494915813207626,0.33054256439208984
0,0,6479,2006-09-27T23:00:00.000000,81.66512298583984,5.588735580444336,0.007468171417713165,0.053444426506757736,0.24076983332633972
1,1,6479,2006-09-27T23:00:00.000000,18.64505958557129,2.77195405960083,0.006810559891164303,0.05297799035906792,0.23517906665802002
2,2,6479,2006-09-27T23:00:00.000000,577.891845703125,10.468358993530273,0.21302609145641327,0.2009887397289276,0.9041197299957275
3,3,6479,2006-09-27T23:00:00.000000,76.11866760253906,4.873022079467773,0.025220125913619995,0.08870057761669159,0.40040773153305054
4,4,6479,2006-09-27T23:00:00.000000,88.95763397216797,6.361514568328857,0.010869110934436321,0.07031790912151337,0.29771140217781067
5,5,6479,2006-09-27T23:00:00.000000,398.1205749511719,12.713493347167969,0.01939532905817032,0.08873727917671204,0.38227319717407227
6,6,6479,2006-09-27T23:00:00.000000,14.738574028015137,2.270163059234619,0.007122136652469635,0.04990389943122864,0.21488647162914276
7,7,6479,2006-09-27T23:00:00.000000,231.5205535888672,7.401174068450928,0.09153558313846588,0.1471637487411499,0.6848775148391724
8,8,6479,2006-09-27T23:00:00.000000,380.2147216796875,7.038665771484375,0.1238800585269928,0.12705057859420776,0.5496394634246826
9,9,6479,2006-09-27T23:00:00.000000,643.0548095703125,11.301258087158203,0.2423069328069687,0.21937428414821625,0.9576367139816284
10,10,6479,2006-09-27T23:00:00.000000,219.84442138671875,7.073541164398193,0.08566150069236755,0.1396278440952301,0.6484692692756653
11,11,6479,2006-09-27T23:00:00.000000,11.384931564331055,1.9649227857589722,0.01465394627302885,0.0704948827624321,0.2995854318141937
12,12,6479,2006-09-27T23:00:00.000000,190.7711181640625,6.248450756072998,0.06253327429294586,0.11312839388847351,0.5015169382095337
13,13,6479,2006-09-27T23:00:00.000000,381.4490661621094,9.61728286743164,0.14218062162399292,0.18567541241645813,0.8228297233581543
14,14,6479,2006-09-27T23:00:00.000000,247.2324676513672,6.557295799255371,0.07122358679771423,0.1112971156835556,0.5005911588668823
15,15,6479,2006-09-27T23:00:00.000000,9.37032413482666,1.8798675537109375,0.010173853486776352,0.061943065375089645,0.2834439277648926
16,16,6479,2006-09-27T23:00:00.000000,321.2278137207031,7.218869686126709,0.10346865653991699,0.12955884635448456,0.5713289976119995
17,17,6479,2006-09-27T23:00:00.000000,236.95822143554688,7.129237651824951,0.07627870887517929,0.1279112994670868,0.579092800617218
18,18,6479,2006-09-27T23:00:00.000000,431.1288757324219,8.785370826721191,0.16124311089515686,0.16990147531032562,0.7696992754936218
19,19,6479,2006-09-27T23:00:00.000000,607.32666015625,10.331588745117188,0.2254389524459839,0.19905376434326172,0.8820515871047974
20,20,6479,2006-09-27T23:00:00.000000,213.27513122558594,5.877230644226074,0.06956230103969574,0.1061425656080246,0.4830876588821411
21,21,6479,2006-09-27T23:00:00.000000,241.83274841308594,6.81795597076416,0.07825560122728348,0.1226462572813034,0.5587258338928223
22,22,6479,2006-09-27T23:00:00.000000,189.83346557617188,6.059443473815918,0.05192475765943527,0.10021519660949707,0.43896669149398804
23,23,6479,2006-09-27T23:00:00.000000,101.72023010253906,6.5356035232543945,0.007809692062437534,0.05726628005504608,0.23859843611717224
24,24,6479,2006-09-27T23:00:00.000000,343.49713134765625,8.196873664855957,0.11274033039808273,0.14849995076656342,0.673737645149231
25,25,6479,2006-09-27T23:00:00.000000,458.65576171875,9.660242080688477,0.22670361399650574,0.21477010846138,0.9735804796218872
26,26,6479,2006-09-27T23:00:00.000000,316.81640625,8.401361465454102,0.11777671426534653,0.16198527812957764,0.7105777263641357
27,27,6479,2006-09-27T23:00:00.000000,22.317459106445312,3.021347999572754,0.007715126033872366,0.056175872683525085,0.2409253567457199
28,28,6479,2006-09-27T23:00:00.000000,104.41741943359375,6.464036464691162,0.008111448958516121,0.05697266384959221,0.24108260869979858
29,29,6479,2006-09-27T23:00:00.000000,469.42474365234375,8.019691467285156,0.1693330854177475,0.15231603384017944,0.6835776567459106
30,30,6479,2006-09-27T23:00:00.000000,28.003705978393555,2.929154396057129,0.0136217400431633,0.06460271775722504,0.2904272973537445
31,31,6479,2006-09-27T23:00:00.000000,92.56631469726562,6.17011833190918,0.008945363573729992,0.06065491959452629,0.2655707001686096
32,32,6479,2006-09-27T23:00:00.000000,140.19918823242188,4.994393825531006,0.045820798724889755,0.09029035270214081,0.40667998790740967
33,33,6479,2006-09-27T23:00:00.000000,123.67476654052734,4.986736297607422,0.04979775473475456,0.10006467998027802,0.45870476961135864
34,34,6479,2006-09-27T23:00:00.000000,483.31768798828125,8.66257095336914,0.20166251063346863,0.17694693803787231,0.804602861404419
35,35,6479,2006-09-27T23:00:00.000000,14.181329727172852,2.2803311347961426,0.007812541909515858,0.05352240428328514,0.23060765862464905
36,36,6479,2006-09-27T23:00:00.000000,467.87109375,9.487313270568848,0.15253846347332,0.1713048815727234,0.7778959274291992
37,37,6479,2006-09-27T23:00:00.000000,134.3116912841797,5.320976734161377,0.08735676109790802,0.13570091128349304,0.6120685935020447
38,38,6479,2006-09-27T23:00:00.000000,296.42315673828125,6.551433563232422,0.09728019684553146,0.11868410557508469,0.5234397649765015
39,39,6479,2006-09-27T23:00:00.000000,334.9507141113281,8.637944221496582,0.12174143642187119,0.16467934846878052,0.739909291267395
40,40,6479,2006-09-27T23:00:00.000000,358.79632568359375,12.436147689819336,0.020966239273548126,0.09506532549858093,0.4136286675930023
41,41,6479,2006-09-27T23:00:00.000000,444.3055419921875,9.360597610473633,0.16863183677196503,0.18236121535301208,0.804938793182373
42,42,6479,2006-09-27T23:00:00.000000,35.82758712768555,3.6732239723205566,0.011832247488200665,0.06675322353839874,0.29676353931427
43,43,6479,2006-09-27T23:00:00.000000,663.1416015625,11.968847274780273,0.2452937662601471,0.23019316792488098,0.9961895942687988
44,44,6479,2006-09-27T23:00:00.000000,59.17824935913086,5.281333923339844,0.01121651753783226,0.07270956039428711,0.30789321660995483
45,45,6479,2006-09-27T23:00:00.000000,45.09598922729492,3.8304176330566406,0.02160533517599106,0.0838412344455719,0.3687644898891449
46,46,6479,2006-09-27T23:00:00.000000,62.993343353271484,3.2196109294891357,0.0399138405919075,0.08104344457387924,0.341708779335022
47,47,6479,2006-09-27T23:00:00.000000,61.35820770263672,4.972421169281006,0.02694399282336235,0.10419877618551254,0.45180535316467285
48,48,6479,2006-09-27T23:00:00.000000,22.6805419921875,2.9088258743286133,0.008120919577777386,0.05504193156957626,0.24159084260463715
49,49,6479,2006-09-27T23:00:00.000000,158.15756225585938,6.139686584472656,0.052198849618434906,0.11154027283191681,0.48829466104507446
50,50,6479,2006-09-27T23:00:00.000000,128.009521484375,4.7956767082214355,0.042407356202602386,0.08728694915771484,0.390290230512619
51,51,6479,2006-09-27T23:00:00.000000,416.78564453125,9.571401596069336,0.15842142701148987,0.18660622835159302,0.8176095485687256
52,52,6479,2006-09-27T23:00:00.000000,19.528757095336914,2.671600103378296,0.007091923616826534,0.05091153085231781,0.21523398160934448
53,53,6479,2006-09-27T23:00:00.000000,316.0091247558594,7.2846198081970215,0.1041913628578186,0.13227353990077972,0.5888444185256958
54,54,6479,2006-09-27T23:00:00.000000,17.945541381835938,2.574617624282837,0.008565681055188179,0.05624907836318016,0.24141322076320648
55,55,6479,2006-09-27T23:00:00.000000,63.7655143737793,4.016525745391846,0.020642932504415512,0.072267547249794,0.3232519030570984
56,56,6479,2006-09-27T23:00:00.000000,96.05184936523438,4.317676067352295,0.030982619151473045,0.07754544168710709,0.3476807475090027
57,57,6479,2006-09-27T23:00:00.000000,346.0328369140625,7.694555282592773,0.14532305300235748,0.15768563747406006,0.712734580039978
58,58,6479,2006-09-27T23:00:00.000000,28.2554988861084,3.3383517265319824,0.011951091699302197,0.06865692883729935,0.3043619990348816
59,59,6479,2006-09-27T23:00:00.000000,243.77618408203125,7.936498641967773,0.08090494573116302,0.14458419382572174,0.6319619417190552
60,60,6479,2006-09-27T23:00:00.000000,53.88869857788086,3.5705742835998535,0.03523798659443855,0.09130503982305527,0.40549954771995544
61,61,6479,2006-09-27T23:00:00.000000,70.99034881591797,4.849312782287598,0.023906458169221878,0.08898936957120895,0.38980674743652344
62,62,6479,2006-09-27T23:00:00.000000,663.15283203125,11.414285659790039,0.24404898285865784,0.21896785497665405,0.9803571105003357
63,63,6479,2006-09-27T23:00:00.000000,96.90499114990234,4.256527900695801,0.03906610608100891,0.08546385169029236,0.38140925765037537
64,64,6479,2006-09-27T23:00:00.000000,20.919919967651367,2.9246912002563477,0.008417028933763504,0.05866504833102226,0.2552817761898041
65,65,6479,2006-09-27T23:00:00.000000,139.82667541503906,5.151966094970703,0.045570701360702515,0.09300810098648071,0.4177943468093872
66,66,6479,2006-09-27T23:00:00.000000,131.97271728515625,5.139404296875,0.04374360293149948,0.09356813877820969,0.429266095161438
67,67,6479,2006-09-27T23:00:00.000000,10.474203109741211,2.0524353981018066,0.0037262882106006145,0.038712140172719955,0.17376814782619476
68,68,6479,2006-09-27T23:00:00.000000,1547.575927734375,20.720748901367188,0.14193162322044373,0.19843536615371704,0.9231879711151123
69,69,6479,2006-09-27T23:00:00.000000,178.72970581054688,8.769384384155273,0.017296675592660904,0.08626845479011536,0.3695879876613617
70,70,6479,2006-09-27T23:00:00.000000,61.292015075683594,4.6755266189575195,0.012862659059464931,0.06773200631141663,0.29327091574668884
71,71,6479,2006-09-27T23:00:00.000000,20.588489532470703,2.623350143432617,0.014817527495324612,0.07037719339132309,0.3152386546134949
72,72,6479,2006-09-27T23:00:00.000000,21.04100227355957,2.682469367980957,0.008562522009015083,0.054113101214170456,0.23826788365840912
73,73,6479,2006-09-27T23:00:00.000000,364.474853515625,10.652984619140625,0.015975471585989,0.07052844762802124,0.3079162836074829
74,74,6479,2006-09-27T23:00:00.000000,206.25164794921875,5.301358222961426,0.06712079793214798,0.09563504904508591,0.4450903832912445
75,75,6479,2006-09-27T23:00:00.000000,367.457275390625,9.222716331481934,0.12236076593399048,0.16829705238342285,0.7460663318634033
76,76,6479,2006-09-27T23:00:00.000000,113.00471496582031,5.338075160980225,0.03235318139195442,0.09032228589057922,0.39106354117393494
77,77,6479,2006-09-27T23:00:00.000000,342.7388916015625,8.713781356811523,0.1319848895072937,0.17099642753601074,0.7605034112930298
78,78,6479,2006-09-27T23:00:00.000000,65.71247863769531,4.0765838623046875,0.021594291552901268,0.07389956712722778,0.32760530710220337
79,79,6479,2006-09-27T23:00:00.000000,19.39773941040039,2.8156204223632812,0.007884670048952103,0.05676627159118652,0.2412422150373459
80,80,6479,2006-09-27T23:00:00.000000,82.71064758300781,6.097848415374756,0.01607847772538662,0.08501946181058884,0.37243688106536865
81,81,6479,2006-09-27T23:00:00.000000,1009.01708984375,14.080077171325684,0.38628455996513367,0.2754923105239868,1.191809892654419
82,82,6479,2006-09-27T23:00:00.000000,16.210546493530273,2.366230010986328,0.007800211198627949,0.051905252039432526,0.22367648780345917
83,83,6479,2006-09-27T23:00:00.000000,78.57487487792969,4.391300201416016,0.051381416618824005,0.11229342222213745,0.5206829905509949
84,84,6479,2006-09-27T23:00:00.000000,491.91571044921875,10.058504104614258,0.1874147355556488,0.1963314712047577,0.8264896869659424
85,85,6479,2006-09-27T23:00:00.000000,45.52356719970703,3.686727523803711,0.018307894468307495,0.07393364608287811,0.33084753155708313
86,86,6479,2006-09-27T23:00:00.000000,180.94798278808594,5.733677864074707,0.05992097407579422,0.10433880984783173,0.45893537998199463
87,87,6479,2006-09-27T23:00:00.000000,155.2210235595703,4.650994300842285,0.0629776194691658,0.09368360042572021,0.4203310012817383
88,88,6479,2006-09-27T23:00:00.000000,84.87857055664062,4.536970138549805,0.04297661408782005,0.10208994150161743,0.45368343591690063
89,89,6479,2006-09-27T23:00:00.000000,100.47630310058594,4.680817604064941,0.04196293279528618,0.0956583246588707,0.4220925271511078
90,90,6479,2006-09-27T23:00:00.000000,28.79708480834961,3.092215061187744,0.020623132586479187,0.08275090903043747,0.3643786609172821
91,91,6479,2006-09-27T23:00:00.000000,47.012672424316406,4.069040775299072,0.02001902647316456,0.08396649360656738,0.37776535749435425
92,92,6479,2006-09-27T23:00:00.000000,311.1867980957031,6.6872878074646,0.1020975410938263,0.12112869322299957,0.5556429624557495
93,93,6479,2006-09-27T23:00:00.000000,43.294918060302734,4.209996223449707,0.018809348344802856,0.08775059878826141,0.3916112780570984
94,94,6479,2006-09-27T23:00:00.000000,250.8177947998047,7.145008087158203,0.09964275360107422,0.1424119770526886,0.644474446773529
95,95,6479,2006-09-27T23:00:00.000000,15.762672424316406,2.4069983959198,0.006134374067187309,0.047483861446380615,0.2039983868598938
96,96,6479,2006-09-27T23:00:00.000000,23.47333526611328,3.0787315368652344,0.011921989731490612,0.06938391923904419,0.2883836030960083
97,97,6479,2006-09-27T23:00:00.000000,195.69613647460938,5.097525596618652,0.08072154223918915,0.10352924466133118,0.4567797780036926
98,98,6479,2006-09-27T23:00:00.000000,260.9321594238281,6.91151762008667,0.1282733678817749,0.15324202179908752,0.6933664083480835
99,99,6479,2006-09-27T23:00:00.000000,14.578612327575684,2.462966203689575,0.0051393061876297,0.04624370485544205,0.20107069611549377
100,100,6479,2006-09-27T23:00:00.000000,118.79313659667969,5.210274696350098,0.07592904567718506,0.1317252218723297,0.6211316585540771
101,101,6479,2006-09-27T23:00:00.000000,116.86286926269531,4.7477006912231445,0.07327485084533691,0.11888375133275986,0.5427887439727783
102,102,6479,2006-09-27T23:00:00.000000,407.4122009277344,8.623751640319824,0.15842922031879425,0.17005793750286102,0.7542180418968201
103,103,6479,2006-09-27T23:00:00.000000,612.77001953125,10.69361686706543,0.23284059762954712,0.20845156908035278,0.9403263926506042
104,104,6479,2006-09-27T23:00:00.000000,508.07904052734375,11.224719047546387,0.064644955098629,0.12661267817020416,0.5634814500808716
105,105,6479,2006-09-27T23:00:00.000000,71.66021728515625,5.048518657684326,0.010060854256153107,0.05981943756341934,0.2579585611820221
106,106,6479,2006-09-27T23:00:00.000000,189.46023559570312,7.084689140319824,0.07655616104602814,0.14241372048854828,0.6583004593849182
107,107,6479,2006-09-27T23:00:00.000000,262.78369140625,6.237201690673828,0.08410926163196564,0.11158671230077744,0.5014790892601013
108,108,6479,2006-09-27T23:00:00.000000,115.2713623046875,6.001001358032227,0.046938151121139526,0.12109494209289551,0.5292863845825195
109,109,6479,2006-09-27T23:00:00.000000,168.4422607421875,5.956157684326172,0.05699586495757103,0.10956259816884995,0.4930594563484192
110,110,6479,2006-09-27T23:00:00.000000,347.17132568359375,8.681388854980469,0.1318313181400299,0.1691712737083435,0.736362874507904
111,111,6479,2006-09-27T23:00:00.000000,35.42901611328125,3.3892877101898193,0.012349214404821396,0.06327739357948303,0.27269288897514343
112,112,6479,2006-09-27T23:00:00.000000,5.035089492797852,1.3327076435089111,0.006423297803848982,0.04760037362575531,0.20269548892974854
113,113,6479,2006-09-27T23:00:00.000000,249.9644012451172,6.772455215454102,0.1082378625869751,0.14092779159545898,0.636955738067627
114,114,6479,2006-09-27T23:00:00.000000,5.857541561126709,1.5700734853744507,0.0022072158753871918,0.030477873980998993,0.12758632004261017
115,115,6479,2006-09-27T23:00:00.000000,2.914789915084839,1.02938973903656,0.014759933575987816,0.07325181365013123,0.30861422419548035
116,116,6479,2006-09-27T23:00:00.000000,33.45070266723633,3.8667895793914795,0.011604300700128078,0.07202070951461792,0.3098759651184082
117,117,6479,2006-09-27T23:00:00.000000,12.824252128601074,2.4352805614471436,0.004678267054259777,0.04651312157511711,0.20848408341407776
118,118,6479,2006-09-27T23:00:00.000000,215.180908203125,6.368197441101074,0.07249543815851212,0.11688800901174545,0.5172750949859619
119,119,6479,2006-09-27T23:00:00.000000,40.451637268066406,3.1548147201538086,0.0291881300508976,0.08474399894475937,0.3604826331138611
120,120,6479,2006-09-27T23:00:00.000000,129.1817626953125,5.8406782150268555,0.042110931128263474,0.10545327514410019,0.4692150950431824
121,121,6479,2006-09-27T23:00:00.000000,1758.8499755859375,16.297815322875977,0.11591292917728424,0.13230642676353455,0.6188809871673584
122,122,6479,2006-09-27T23:00:00.000000,38.814537048339844,3.770702362060547,0.012850682251155376,0.06861011683940887,0.2994464933872223
123,123,6479,2006-09-27T23:00:00.000000,330.98846435546875,7.633265495300293,0.10801166296005249,0.13789206743240356,0.6404386758804321
124,124,6479,2006-09-27T23:00:00.000000,161.66983032226562,7.704492092132568,0.02138647437095642,0.0886133462190628,0.38688763976097107
125,125,6479,2006-09-27T23:00:00.000000,33.75431823730469,3.500129222869873,0.00649267015978694,0.048543497920036316,0.20773938298225403
126,126,6479,2006-09-27T23:00:00.000000,72.80996704101562,3.6287858486175537,0.0837351381778717,0.12306082248687744,0.5722829103469849
127,127,6479,2006-09-27T23:00:00.000000,22.28973960876465,2.9243359565734863,0.00881447084248066,0.05815310403704643,0.24892708659172058
128,128,6479,2006-09-27T23:00:00.000000,257.3896484375,6.980142593383789,0.08747020363807678,0.1286763846874237,0.5861549377441406
129,129,6479,2006-09-27T23:00:00.000000,1.5734095573425293,0.7593454122543335,0.007556980475783348,0.052625060081481934,0.22607599198818207
130,130,6479,2006-09-27T23:00:00.000000,11.518966674804688,2.0387754440307617,0.006093881092965603,0.0468931645154953,0.1941966712474823
131,131,6479,2006-09-27T23:00:00.000000,655.1205444335938,11.251547813415527,0.23817813396453857,0.21453718841075897,0.9541003108024597
132,132,6479,2006-09-27T23:00:00.000000,393.94232177734375,9.730818748474121,0.15412938594818115,0.19247564673423767,0.8242495059967041
133,133,6479,2006-09-27T23:00:00.000000,22.32229995727539,3.1227006912231445,0.008156973868608475,0.05969328433275223,0.2579980790615082
134,134,6479,2006-09-27T23:00:00.000000,264.2239685058594,6.744594097137451,0.08479002118110657,0.12082092463970184,0.5592255592346191
135,135,6479,2006-09-27T23:00:00.000000,21.246885299682617,3.211491346359253,0.010455521754920483,0.07124131917953491,0.3073241412639618
136,136,6479,2006-09-27T23:00:00.000000,573.935791015625,10.512149810791016,0.10556752979755402,0.14256899058818817,0.6455554962158203
0,0,6991,2006-10-19T07:00:00.000000,1480.552001953125,23.04164695739746,0.1615249216556549,0.24066969752311707,1.1307415962219238
1,1,6991,2006-10-19T07:00:00.000000,144.88809204101562,6.7292680740356445,0.05810511112213135,0.13475927710533142,0.6169922947883606
2,2,6991,2006-10-19T07:00:00.000000,497.85931396484375,11.918895721435547,0.20588910579681396,0.2423814833164215,1.0819799900054932
3,3,6991,2006-10-19T07:00:00.000000,526.93359375,11.422269821166992,0.19871780276298523,0.22181594371795654,1.0338431596755981
4,4,6991,2006-10-19T07:00:00.000000,1366.5732421875,20.741275787353516,0.2010059356689453,0.25154948234558105,1.0962013006210327
5,5,6991,2006-10-19T07:00:00.000000,1816.03125,22.137672424316406,0.09299194067716599,0.15841379761695862,0.7193202972412109
6,6,6991,2006-10-19T07:00:00.000000,86.25714111328125,5.045115947723389,0.04729534685611725,0.11813615262508392,0.5394209623336792
7,7,6991,2006-10-19T07:00:00.000000,678.22216796875,14.329031944274902,0.2947407364845276,0.29871082305908203,1.4051978588104248
8,8,6991,2006-10-19T07:00:00.000000,318.6657409667969,8.912468910217285,0.11747010052204132,0.17111733555793762,0.7804977297782898
9,9,6991,2006-10-19T07:00:00.000000,1192.6776123046875,18.716413497924805,0.4768831729888916,0.3742545545101166,1.7272961139678955
10,10,6991,2006-10-19T07:00:00.000000,1851.8583984375,25.106870651245117,0.7824645042419434,0.5160846710205078,2.3049607276916504
11,11,6991,2006-10-19T07:00:00.000000,51.81854248046875,3.8824167251586914,0.07141371816396713,0.144128680229187,0.6365863680839539
12,12,6991,2006-10-19T07:00:00.000000,331.18829345703125,9.351512908935547,0.12128379940986633,0.1789557933807373,0.8542639017105103
13,13,6991,2006-10-19T07:00:00.000000,822.7012939453125,14.915447235107422,0.32185089588165283,0.29501399397850037,1.350398063659668
14,14,6991,2006-10-19T07:00:00.000000,1281.9803466796875,19.28691864013672,0.407005250453949,0.3436546325683594,1.581417441368103
15,15,6991,2006-10-19T07:00:00.000000,75.46578979492188,5.027994632720947,0.1027158722281456,0.1854976862668991,0.8265062570571899
16,16,6991,2006-10-19T07:00:00.000000,319.06158447265625,9.559244155883789,0.11390842497348785,0.18061932921409607,0.8603140115737915
17,17,6991,2006-10-19T07:00:00.000000,984.6739501953125,17.80465316772461,0.356807678937912,0.3389256000518799,1.5526032447814941
18,18,6991,2006-10-19T07:00:00.000000,657.17333984375,12.644233703613281,0.2593156695365906,0.25116950273513794,1.1501938104629517
19,19,6991,2006-10-19T07:00:00.000000,745.7802734375,13.46353816986084,0.2911423146724701,0.2660152316093445,1.2541111707687378
20,20,6991,2006-10-19T07:00:00.000000,358.8985290527344,9.57439136505127,0.13299784064292908,0.1843094676733017,0.8470786809921265
21,21,6991,2006-10-19T07:00:00.000000,581.8148193359375,13.05057144165039,0.219199538230896,0.25331270694732666,1.2065520286560059
22,22,6991,2006-10-19T07:00:00.000000,302.8580017089844,9.924086570739746,0.09637238830327988,0.17703019082546234,0.8280989527702332
23,23,6991,2006-10-19T07:00:00.000000,2294.094482421875,26.486156463623047,0.19407331943511963,0.24361059069633484,1.0633695125579834
24,24,6991,2006-10-19T07:00:00.000000,431.666259765625,9.990262031555176,0.15579770505428314,0.1897943615913391,0.9091925621032715
25,25,6991,2006-10-19T07:00:00.000000,739.712890625,14.393481254577637,0.38708028197288513,0.3292568325996399,1.520501971244812
26,26,6991,2006-10-19T07:00:00.000000,2185.53369140625,27.13216781616211,0.8822134733200073,0.5451205968856812,2.4502041339874268
27,27,6991,2006-10-19T07:00:00.000000,93.21366882324219,5.635644435882568,0.03651322051882744,0.11153954267501831,0.5255813598632812
28,28,6991,2006-10-19T07:00:00.000000,1374.83984375,20.120193481445312,0.10893315076828003,0.17909610271453857,0.847043514251709
29,29,6991,2006-10-19T07:00:00.000000,740.6654052734375,14.805185317993164,0.28273189067840576,0.28926122188568115,1.3530490398406982
30,30,6991,2006-10-19T07:00:00.000000,221.369140625,7.998396873474121,0.1313440203666687,0.19482718408107758,0.9444538354873657
31,31,6991,2006-10-19T07:00:00.000000,503.8577880859375,13.473986625671387,0.0523950569331646,0.13740015029907227,0.6326524019241333
32,32,6991,2006-10-19T07:00:00.000000,392.12994384765625,10.374181747436523,0.14617282152175903,0.20029595494270325,0.9433760643005371
33,33,6991,2006-10-19T07:00:00.000000,582.6378173828125,13.16348648071289,0.2611854672431946,0.278705894947052,1.3200528621673584
34,34,6991,2006-10-19T07:00:00.000000,520.5462646484375,13.373217582702637,0.2400759905576706,0.287197470664978,1.2806848287582397
35,35,6991,2006-10-19T07:00:00.000000,128.63067626953125,5.252808094024658,0.08170133084058762,0.13238349556922913,0.5776675343513489
36,36,6991,2006-10-19T07:00:00.000000,541.768310546875,13.2056884765625,0.19925999641418457,0.2532586455345154,1.1813936233520508
37,37,6991,2006-10-19T07:00:00.000000,308.28570556640625,9.346120834350586,0.216556116938591,0.24770793318748474,1.1882164478302002
38,38,6991,2006-10-19T07:00:00.000000,1976.0003662109375,26.19728660583496,0.7214778661727905,0.5005810260772705,2.345231533050537
39,39,6991,2006-10-19T07:00:00.000000,556.205810546875,12.236285209655762,0.22689150273799896,0.2471388280391693,1.1233642101287842
40,40,6991,2006-10-19T07:00:00.000000,1188.438232421875,19.078594207763672,0.07590796053409576,0.15247610211372375,0.686851978302002
41,41,6991,2006-10-19T07:00:00.000000,436.00946044921875,10.770281791687012,0.1852933019399643,0.22202861309051514,1.0118896961212158
42,42,6991,2006-10-19T07:00:00.000000,640.7998046875,13.758886337280273,0.24726882576942444,0.2702755928039551,1.2233692407608032
43,43,6991,2006-10-19T07:00:00.000000,662.0189208984375,12.85962963104248,0.2646951377391815,0.2571379542350769,1.1787011623382568
44,44,6991,2006-10-19T07:00:00.000000,476.62493896484375,11.827895164489746,0.10423149168491364,0.17491158843040466,0.7445497512817383
45,45,6991,2006-10-19T07:00:00.000000,203.38427734375,7.893527507781982,0.11266123503446579,0.18578031659126282,0.8856062293052673
46,46,6991,2006-10-19T07:00:00.000000,343.0879821777344,9.343523979187012,0.24228517711162567,0.24829694628715515,1.1324663162231445
47,47,6991,2006-10-19T07:00:00.000000,155.32659912109375,7.039241790771484,0.07325726002454758,0.15287213027477264,0.6731885671615601
48,48,6991,2006-10-19T07:00:00.000000,249.2834930419922,9.51717758178711,0.09907889366149902,0.1897369623184204,0.8554248809814453
49,49,6991,2006-10-19T07:00:00.000000,668.8817138671875,13.687257766723633,0.23759131133556366,0.25796279311180115,1.1905826330184937
50,50,6991,2006-10-19T07:00:00.000000,617.7921142578125,14.445648193359375,0.22881528735160828,0.27800869941711426,1.282832145690918
51,51,6991,2006-10-19T07:00:00.000000,1333.1181640625,20.286399841308594,0.5323076248168945,0.4053703546524048,1.8579576015472412
52,52,6991,2006-10-19T07:00:00.000000,155.3656005859375,7.148148536682129,0.06118003651499748,0.14184725284576416,0.664851725101471
53,53,6991,2006-10-19T07:00:00.000000,893.1693725585938,16.599451065063477,0.3308330178260803,0.3194708228111267,1.5023345947265625
54,54,6991,2006-10-19T07:00:00.000000,121.02864837646484,5.4103193283081055,0.06655877083539963,0.1268765777349472,0.5742437243461609
55,55,6991,2006-10-19T07:00:00.000000,719.4005737304688,14.750831604003906,0.26246464252471924,0.28175169229507446,1.312769889831543
56,56,6991,2006-10-19T07:00:00.000000,352.813720703125,10.038932800292969,0.13230493664741516,0.19440293312072754,0.9238364696502686
57,57,6991,2006-10-19T07:00:00.000000,676.5997314453125,14.434951782226562,0.311554491519928,0.3097536861896515,1.4396705627441406
58,58,6991,2006-10-19T07:00:00.000000,179.74612426757812,7.345431327819824,0.08391323685646057,0.15870945155620575,0.7061495780944824
59,59,6991,2006-10-19T07:00:00.000000,1201.252685546875,20.10714340209961,0.4486493468284607,0.38858556747436523,1.741328239440918
60,60,6991,2006-10-19T07:00:00.000000,323.0601501464844,9.587721824645996,0.23232035338878632,0.25710901618003845,1.1969021558761597
61,61,6991,2006-10-19T07:00:00.000000,501.15301513671875,11.984128952026367,0.19807730615139008,0.2382531464099884,1.0802321434020996
62,62,6991,2006-10-19T07:00:00.000000,942.0372314453125,15.747118949890137,0.37328967452049255,0.3134657144546509,1.4230989217758179
63,63,6991,2006-10-19T07:00:00.000000,841.96240234375,15.698160171508789,0.377835750579834,0.33254769444465637,1.5181972980499268
64,64,6991,2006-10-19T07:00:00.000000,83.37014770507812,5.635115623474121,0.03660374507308006,0.11807563155889511,0.5517517924308777
65,65,6991,2006-10-19T07:00:00.000000,543.0362548828125,12.515048027038574,0.19768640398979187,0.23878471553325653,1.1365134716033936
66,66,6991,2006-10-19T07:00:00.000000,402.7921142578125,9.975654602050781,0.1481119692325592,0.19129161536693573,0.8817879557609558
67,67,6991,2006-10-19T07:00:00.000000,282.106689453125,9.12955379486084,0.11070892214775085,0.18085651099681854,0.8212565183639526
68,68,6991,2006-10-19T07:00:00.000000,5992.7060546875,49.52577209472656,0.60955810546875,0.4994905889034271,2.275407552719116
69,69,6991,2006-10-19T07:00:00.000000,2905.78857421875,29.35090446472168,0.33334633708000183,0.31436726450920105,1.3535070419311523
70,70,6991,2006-10-19T07:00:00.000000,592.579833984375,12.382835388183594,0.13340066373348236,0.18579141795635223,0.8062290549278259
71,71,6991,2006-10-19T07:00:00.000000,224.77780151367188,7.78595495223999,0.18097984790802002,0.22092776000499725,1.021738886833191
72,72,6991,2006-10-19T07:00:00.000000,203.81072998046875,7.525725364685059,0.08741840720176697,0.15586057305335999,0.7269659042358398
73,73,6991,2006-10-19T07:00:00.000000,2878.775390625,30.08950424194336,0.15342450141906738,0.2196638286113739,0.9328178763389587
74,74,6991,2006-10-19T07:00:00.000000,345.412353515625,8.888381958007812,0.1228555366396904,0.16762976348400116,0.7767943739891052
75,75,6991,2006-10-19T07:00:00.000000,1432.7064208984375,21.940414428710938,0.5366543531417847,0.42463284730911255,2.0186314582824707
76,76,6991,2006-10-19T07:00:00.000000,747.1558837890625,14.379335403442383,0.23191222548484802,0.2533348798751831,1.1864867210388184
77,77,6991,2006-10-19T07:00:00.000000,1614.29052734375,22.519804000854492,0.6718412637710571,0.4594169557094574,2.0511794090270996
78,78,6991,2006-10-19T07:00:00.000000,654.5743408203125,12.868853569030762,0.2562541961669922,0.2546219825744629,1.1375443935394287
79,79,6991,2006-10-19T07:00:00.000000,124.51860046386719,5.9737548828125,0.05635860562324524,0.127089723944664,0.5856708288192749
80,80,6991,2006-10-19T07:00:00.000000,340.947265625,10.868033409118652,0.06978898495435715,0.15548941493034363,0.6936359405517578
81,81,6991,2006-10-19T07:00:00.000000,807.8758544921875,15.037203788757324,0.31818893551826477,0.29842644929885864,1.3914682865142822
82,82,6991,2006-10-19T07:00:00.000000,122.97057342529297,5.916059494018555,0.06618183851242065,0.1372465193271637,0.5927295088768005
83,83,6991,2006-10-19T07:00:00.000000,318.38507080078125,9.318466186523438,0.22295674681663513,0.2465916872024536,1.1162834167480469
84,84,6991,2006-10-19T07:00:00.000000,744.01123046875,13.283380508422852,0.2890094816684723,0.26180315017700195,1.2256910800933838
85,85,6991,2006-10-19T07:00:00.000000,806.7916870117188,15.927909851074219,0.38331136107444763,0.3471794128417969,1.5561177730560303
86,86,6991,2006-10-19T07:00:00.000000,772.8665771484375,14.660552978515625,0.2919602692127228,0.2849443554878235,1.311214804649353
87,87,6991,2006-10-19T07:00:00.000000,716.6325073242188,14.887130737304688,0.3366725444793701,0.32267600297927856,1.4266433715820312
88,88,6991,2006-10-19T07:00:00.000000,779.767333984375,15.219560623168945,0.4036324918270111,0.3462682366371155,1.5950921773910522
89,89,6991,2006-10-19T07:00:00.000000,816.9661865234375,16.311176300048828,0.3877628445625305,0.35535821318626404,1.656408667564392
90,90,6991,2006-10-19T07:00:00.000000,354.4242858886719,9.98995304107666,0.28919148445129395,0.2853608727455139,1.297899603843689
91,91,6991,2006-10-19T07:00:00.000000,270.05609130859375,8.480798721313477,0.1270696520805359,0.1839630901813507,0.8311955332756042
92,92,6991,2006-10-19T07:00:00.000000,442.6656494140625,10.381448745727539,0.15621650218963623,0.19502195715904236,0.9073864221572876
93,93,6991,2006-10-19T07:00:00.000000,126.70186614990234,6.266740798950195,0.06159233674407005,0.13816995918750763,0.6285597681999207
94,94,6991,2006-10-19T07:00:00.000000,458.0743103027344,11.763751983642578,0.19638144969940186,0.24357245862483978,1.148134469985962
95,95,6991,2006-10-19T07:00:00.000000,180.32846069335938,7.839526176452637,0.07754440605640411,0.16256719827651978,0.755742073059082
96,96,6991,2006-10-19T07:00:00.000000,182.3968505859375,7.158830165863037,0.10461337864398956,0.1714458465576172,0.7800064086914062
97,97,6991,2006-10-19T07:00:00.000000,969.2653198242188,18.204879760742188,0.4670785367488861,0.39963310956954956,1.7624582052230835
98,98,6991,2006-10-19T07:00:00.000000,567.5014038085938,11.037979125976562,0.2935386598110199,0.25103759765625,1.1435489654541016
99,99,6991,2006-10-19T07:00:00.000000,132.07789611816406,6.827264308929443,0.05086135491728783,0.13397559523582458,0.6277040243148804
100,100,6991,2006-10-19T07:00:00.000000,343.56842041015625,9.992533683776855,0.24044901132583618,0.2643507421016693,1.2496027946472168
101,101,6991,2006-10-19T07:00:00.000000,758.8922729492188,15.690496444702148,0.539929211139679,0.41851887106895447,1.9726474285125732
102,102,6991,2006-10-19T07:00:00.000000,989.5325927734375,18.28694725036621,0.42104750871658325,0.3772173821926117,1.698328971862793
103,103,6991,2006-10-19T07:00:00.000000,927.8593139648438,16.439191818237305,0.3701808452606201,0.3283570408821106,1.5028527975082397
104,104,6991,2006-10-19T07:00:00.000000,1979.335693359375,24.541624069213867,0.27426838874816895,0.2888892889022827,1.3480318784713745
105,105,6991,2006-10-19T07:00:00.000000,534.60595703125,11.571401596069336,0.08188037574291229,0.14320525527000427,0.6556701064109802
106,106,6991,2006-10-19T07:00:00.000000,547.9466552734375,12.519103050231934,0.23755572736263275,0.26066750288009644,1.223174810409546
107,107,6991,2006-10-19T07:00:00.000000,614.2492065429688,12.065333366394043,0.22102802991867065,0.22887098789215088,1.0685471296310425
108,108,6991,2006-10-19T07:00:00.000000,667.9055786132812,14.682472229003906,0.31745898723602295,0.3200998902320862,1.4241827726364136
109,109,6991,2006-10-19T07:00:00.000000,439.0263366699219,11.015470504760742,0.16276702284812927,0.21210011839866638,0.9691750407218933
110,110,6991,2006-10-19T07:00:00.000000,1025.08251953125,17.210342407226562,0.4160122871398926,0.34670746326446533,1.5343884229660034
111,111,6991,2006-10-19T07:00:00.000000,458.89593505859375,10.531030654907227,0.1814245879650116,0.20939283072948456,0.946755588054657
112,112,6991,2006-10-19T07:00:00.000000,74.22431182861328,3.6718263626098633,0.10272534936666489,0.1365991085767746,0.5772905349731445
113,113,6991,2006-10-19T07:00:00.000000,1050.799072265625,18.97843360900879,0.49409160017967224,0.41153261065483093,1.8649696111679077
114,114,6991,2006-10-19T07:00:00.000000,189.04855346679688,7.997794151306152,0.0768091231584549,0.16120928525924683,0.7531196475028992
115,115,6991,2006-10-19T07:00:00.000000,27.285480499267578,2.564943313598633,0.1406017392873764,0.1841227114200592,0.8100458383560181
116,116,6991,2006-10-19T07:00:00.000000,299.41558837890625,8.946845054626465,0.11723186820745468,0.17703354358673096,0.8229863047599792
117,117,6991,2006-10-19T07:00:00.000000,150.42013549804688,6.881844997406006,0.05889762192964554,0.13617604970932007,0.6369438171386719
118,118,6991,2006-10-19T07:00:00.000000,439.71875,10.956281661987305,0.16550703346729279,0.21256116032600403,1.006169080734253
119,119,6991,2006-10-19T07:00:00.000000,131.32794189453125,5.783141613006592,0.1038196012377739,0.16260164976119995,0.7517713308334351
120,120,6991,2006-10-19T07:00:00.000000,531.202880859375,13.3245849609375,0.18940839171409607,0.2516072392463684,1.1634916067123413
121,121,6991,2006-10-19T07:00:00.000000,2411.33544921875,27.7440185546875,0.191685289144516,0.24736309051513672,1.1066291332244873
122,122,6991,2006-10-19T07:00:00.000000,584.2598266601562,12.49660873413086,0.22768031060695648,0.24669021368026733,1.1205620765686035
123,123,6991,2006-10-19T07:00:00.000000,360.6200866699219,10.453893661499023,0.1331460028886795,0.20087097585201263,0.9436447024345398
124,124,6991,2006-10-19T07:00:00.000000,1048.39404296875,15.485785484313965,0.1549246460199356,0.18824836611747742,0.8455418944358826
125,125,6991,2006-10-19T07:00:00.000000,159.18429565429688,7.0455217361450195,0.03173708915710449,0.0994824767112732,0.4496398866176605
126,126,6991,2006-10-19T07:00:00.000000,177.79443359375,7.119721412658691,0.2162851095199585,0.24832317233085632,1.148978590965271
127,127,6991,2006-10-19T07:00:00.000000,132.97573852539062,6.422265529632568,0.05954643338918686,0.1359032690525055,0.6255694627761841
128,128,6991,2006-10-19T07:00:00.000000,499.73681640625,10.946762084960938,0.18744073808193207,0.21200543642044067,1.0089737176895142
129,129,6991,2006-10-19T07:00:00.000000,41.74343490600586,3.3129544258117676,0.21379849314689636,0.2370956987142563,1.041223168373108
130,130,6991,2006-10-19T07:00:00.000000,115.36296081542969,6.171844005584717,0.06568031758069992,0.14726494252681732,0.6630964279174805
131,131,6991,2006-10-19T07:00:00.000000,351.464111328125,10.601051330566406,0.1427745819091797,0.21366524696350098,1.0292282104492188
132,132,6991,2006-10-19T07:00:00.000000,695.1900634765625,12.656484603881836,0.27761054039001465,0.25291773676872253,1.174070954322815
133,133,6991,2006-10-19T07:00:00.000000,269.3674621582031,9.066078186035156,0.10487580299377441,0.17888937890529633,0.8094605207443237
134,134,6991,2006-10-19T07:00:00.000000,935.02978515625,17.278953552246094,0.33873581886291504,0.32887834310531616,1.5439982414245605
135,135,6991,2006-10-19T07:00:00.000000,195.73455810546875,7.566756725311279,0.10779432952404022,0.17757180333137512,0.7634901404380798
136,136,6991,2006-10-19T07:00:00.000000,1315.3641357421875,20.16274642944336,0.2595613896846771,0.2832348942756653,1.333396315574646
0,0,7503,2006-11-09T15:00:00.000000,1474.413818359375,20.47350311279297,0.1669965386390686,0.2178894579410553,0.9712907671928406
1,1,7503,2006-11-09T15:00:00.000000,620.935302734375,12.260517120361328,0.24639837443828583,0.24423307180404663,1.1244792938232422
2,2,7503,2006-11-09T15:00:00.000000,1384.4501953125,16.790992736816406,0.6747011542320251,0.37067508697509766,1.6842021942138672
3,3,7503,2006-11-09T15:00:00.000000,1324.4593505859375,17.562374114990234,0.5348292589187622,0.35291606187820435,1.558618426322937
4,4,7503,2006-11-09T15:00:00.000000,2080.7646484375,21.984760284423828,0.32135459780693054,0.2732137143611908,1.2750966548919678
5,5,7503,2006-11-09T15:00:00.000000,11453.845703125,52.123329162597656,0.6004318594932556,0.37738820910453796,1.7857391834259033
6,6,7503,2006-11-09T15:00:00.000000,183.015625,7.217271327972412,0.098823182284832,0.16770976781845093,0.7584258913993835
7,7,7503,2006-11-09T15:00:00.000000,1005.00634765625,14.423952102661133,0.5036550760269165,0.322898805141449,1.571952223777771
8,8,7503,2006-11-09T15:00:00.000000,1506.6727294921875,19.178443908691406,0.6045215725898743,0.3841578960418701,1.732913851737976
9,9,7503,2006-11-09T15:00:00.000000,940.1762084960938,14.36741828918457,0.446865439414978,0.31322938203811646,1.5548399686813354
10,10,7503,2006-11-09T15:00:00.000000,1335.45556640625,17.405546188354492,0.6574663519859314,0.3861977458000183,1.912226915359497
11,11,7503,2006-11-09T15:00:00.000000,163.69642639160156,7.156161785125732,0.20990638434886932,0.2562555968761444,1.146930456161499
12,12,7503,2006-11-09T15:00:00.000000,1528.2464599609375,18.762697219848633,0.6009225845336914,0.3720555901527405,1.6997954845428467
13,13,7503,2006-11-09T15:00:00.000000,1273.57568359375,17.929271697998047,0.5884155035018921,0.385382741689682,1.975855827331543
14,14,7503,2006-11-09T15:00:00.000000,1873.2685546875,19.647951126098633,0.6113448143005371,0.3549444377422333,1.6426414251327515
15,15,7503,2006-11-09T15:00:00.000000,251.46551513671875,8.376901626586914,0.33416837453842163,0.3053703308105469,1.4429936408996582
16,16,7503,2006-11-09T15:00:00.000000,1715.6336669921875,21.49209213256836,0.6984550952911377,0.4336463212966919,1.9604504108428955
17,17,7503,2006-11-09T15:00:00.000000,1640.55859375,20.11383056640625,0.6946574449539185,0.4138893485069275,1.8435382843017578
18,18,7503,2006-11-09T15:00:00.000000,1036.87353515625,15.40511703491211,0.4841066002845764,0.33286845684051514,1.6568365097045898
19,19,7503,2006-11-09T15:00:00.000000,1302.04296875,17.18537712097168,0.6244319677352905,0.3763473927974701,1.812375545501709
20,20,7503,2006-11-09T15:00:00.000000,1269.688232421875,17.287906646728516,0.526481032371521,0.3520345091819763,1.5971344709396362
21,21,7503,2006-11-09T15:00:00.000000,1619.8133544921875,19.205284118652344,0.6611038446426392,0.38799232244491577,1.7799152135849
22,22,7503,2006-11-09T15:00:00.000000,1281.4476318359375,18.55586051940918,0.46114271879196167,0.3520045876502991,1.6526546478271484
23,23,7503,2006-11-09T15:00:00.000000,7358.4140625,36.6217041015625,0.5611571073532104,0.3198074996471405,1.4234893321990967
24,24,7503,2006-11-09T15:00:00.000000,1610.8641357421875,20.959644317626953,0.6558670997619629,0.4229240119457245,1.944577693939209
25,25,7503,2006-11-09T15:00:00.000000,920.7103271484375,13.251518249511719,0.5793724656105042,0.3324168920516968,1.6243466138839722
26,26,7503,2006-11-09T15:00:00.000000,1149.6953125,16.085163116455078,0.5443447828292847,0.3500024676322937,1.6827057600021362
27,27,7503,2006-11-09T15:00:00.000000,566.8621826171875,11.151670455932617,0.22598539292812347,0.22265952825546265,1.0113866329193115
28,28,7503,2006-11-09T15:00:00.000000,1947.4412841796875,21.08993911743164,0.16500355303287506,0.19412869215011597,0.8607141375541687
29,29,7503,2006-11-09T15:00:00.000000,1040.71728515625,15.797094345092773,0.49153631925582886,0.3433116674423218,1.7102221250534058
30,30,7503,2006-11-09T15:00:00.000000,503.74395751953125,12.263484001159668,0.3194981813430786,0.3088468313217163,1.3770421743392944
31,31,7503,2006-11-09T15:00:00.000000,1556.8284912109375,18.75478744506836,0.1525033563375473,0.18562287092208862,0.8769912719726562
32,32,7503,2006-11-09T15:00:00.000000,1253.9837646484375,17.09186363220215,0.5021688938140869,0.3420332670211792,1.6124401092529297
33,33,7503,2006-11-09T15:00:00.000000,1033.7423095703125,15.496191024780273,0.5337132215499878,0.3521055579185486,1.696478247642517
34,34,7503,2006-11-09T15:00:00.000000,1071.5885009765625,16.325855255126953,0.5866445899009705,0.3819877505302429,1.8202928304672241
35,35,7503,2006-11-09T15:00:00.000000,293.8946838378906,9.103397369384766,0.1631557047367096,0.21449081599712372,0.9717329740524292
36,36,7503,2006-11-09T15:00:00.000000,1498.734130859375,19.521591186523438,0.616423487663269,0.3959064185619354,1.7907756567001343
37,37,7503,2006-11-09T15:00:00.000000,578.916748046875,11.050642967224121,0.47304317355155945,0.31588563323020935,1.4765633344650269
38,38,7503,2006-11-09T15:00:00.000000,1042.89404296875,14.453459739685059,0.4329372048377991,0.2944856584072113,1.4399728775024414
39,39,7503,2006-11-09T15:00:00.000000,1040.350830078125,15.833208084106445,0.4750504195690155,0.3383364677429199,1.6589643955230713
40,40,7503,2006-11-09T15:00:00.000000,8702.642578125,47.69374084472656,0.5482766628265381,0.378560870885849,1.6987298727035522
41,41,7503,2006-11-09T15:00:00.000000,1006.4945068359375,13.95594596862793,0.48726147413253784,0.30706799030303955,1.3875797986984253
42,42,7503,2006-11-09T15:00:00.000000,846.54931640625,14.24537467956543,0.3373025059700012,0.28435277938842773,1.267920732498169
43,43,7503,2006-11-09T15:00:00.000000,1045.8067626953125,15.858572959899902,0.4896666407585144,0.3431536555290222,1.7463951110839844
44,44,7503,2006-11-09T15:00:00.000000,680.6566772460938,13.77612590789795,0.1521870493888855,0.20599274337291718,0.9728389978408813
45,45,7503,2006-11-09T15:00:00.000000,578.8663940429688,13.204615592956543,0.3692326545715332,0.3334929347038269,1.525913119316101
46,46,7503,2006-11-09T15:00:00.000000,701.5244140625,12.019405364990234,0.5604667663574219,0.33973202109336853,1.6432349681854248
47,47,7503,2006-11-09T15:00:00.000000,829.4689331054688,15.19659423828125,0.4119030237197876,0.33864423632621765,1.5636756420135498
48,48,7503,2006-11-09T15:00:00.000000,1083.891357421875,15.644603729248047,0.42899906635284424,0.3112432360649109,1.4482944011688232
49,49,7503,2006-11-09T15:00:00.000000,1359.44287109375,17.06233787536621,0.5549996495246887,0.3447500467300415,1.6815624237060547
50,50,7503,2006-11-09T15:00:00.000000,1452.494873046875,18.830394744873047,0.5763923525810242,0.3751121759414673,1.737647294998169
51,51,7503,2006-11-09T15:00:00.000000,1374.80126953125,19.00811195373535,0.628746509552002,0.406496524810791,2.01169490814209
52,52,7503,2006-11-09T15:00:00.000000,611.128173828125,12.535304069519043,0.2516637444496155,0.25437772274017334,1.1511155366897583
53,53,7503,2006-11-09T15:00:00.000000,1369.8944091796875,17.821619033813477,0.562787652015686,0.361223429441452,1.7277758121490479
54,54,7503,2006-11-09T15:00:00.000000,145.51751708984375,6.420558929443359,0.07535004615783691,0.14610227942466736,0.6739319562911987
55,55,7503,2006-11-09T15:00:00.000000,1233.5616455078125,16.937503814697266,0.5036760568618774,0.34225088357925415,1.5806950330734253
56,56,7503,2006-11-09T15:00:00.000000,1673.000732421875,20.255617141723633,0.6729568839073181,0.4062477946281433,1.860351324081421
57,57,7503,2006-11-09T15:00:00.000000,1374.8875732421875,18.076732635498047,0.7310136556625366,0.4168204963207245,1.9607269763946533
58,58,7503,2006-11-09T15:00:00.000000,773.5885009765625,14.018707275390625,0.3873034715652466,0.3136741518974304,1.4772084951400757
59,59,7503,2006-11-09T15:00:00.000000,1304.666015625,18.100963592529297,0.5309236645698547,0.36514729261398315,1.6896284818649292
60,60,7503,2006-11-09T15:00:00.000000,608.0125732421875,10.954020500183105,0.4979090094566345,0.3134672939777374,1.4697494506835938
61,61,7503,2006-11-09T15:00:00.000000,1096.80419921875,16.30842399597168,0.4373660981655121,0.3256641924381256,1.4770725965499878
62,62,7503,2006-11-09T15:00:00.000000,1060.4161376953125,15.45635986328125,0.49617278575897217,0.33433783054351807,1.6244843006134033
63,63,7503,2006-11-09T15:00:00.000000,1005.3421630859375,15.39795970916748,0.5199877023696899,0.350189208984375,1.595717430114746
64,64,7503,2006-11-09T15:00:00.000000,181.43154907226562,7.247613430023193,0.08486982434988022,0.1567527949810028,0.7201288938522339
65,65,7503,2006-11-09T15:00:00.000000,1180.8958740234375,16.23561668395996,0.48941487073898315,0.33052289485931396,1.610151767730713
66,66,7503,2006-11-09T15:00:00.000000,985.5869140625,14.98318862915039,0.3990340828895569,0.30148226022720337,1.3734006881713867
67,67,7503,2006-11-09T15:00:00.000000,727.4616088867188,12.88452434539795,0.2809949219226837,0.2532285153865814,1.19618558883667
68,68,7503,2006-11-09T15:00:00.000000,3375.047607421875,30.430343627929688,0.4288437068462372,0.3430176377296448,1.7924437522888184
69,69,7503,2006-11-09T15:00:00.000000,3450.85546875,27.66598129272461,0.33668774366378784,0.2732727527618408,1.227295160293579
70,70,7503,2006-11-09T15:00:00.000000,1101.165771484375,19.106521606445312,0.22468134760856628,0.272922158241272,1.2074940204620361
71,71,7503,2006-11-09T15:00:00.000000,616.6302490234375,13.270187377929688,0.5155030488967896,0.383689820766449,1.7706270217895508
72,72,7503,2006-11-09T15:00:00.000000,577.656982421875,11.051702499389648,0.2692294716835022,0.2385917752981186,1.08499276638031
73,73,7503,2006-11-09T15:00:00.000000,9547.8095703125,46.70197677612305,0.538689136505127,0.3507942855358124,1.6504380702972412
74,74,7503,2006-11-09T15:00:00.000000,1581.01953125,19.105411529541016,0.6534162163734436,0.38840314745903015,1.6791008710861206
75,75,7503,2006-11-09T15:00:00.000000,1359.1510009765625,18.812183380126953,0.561447262763977,0.3823488652706146,1.7465753555297852
76,76,7503,2006-11-09T15:00:00.000000,1769.9378662109375,19.678573608398438,0.5831273198127747,0.35718750953674316,1.7203569412231445
77,77,7503,2006-11-09T15:00:00.000000,1244.6231689453125,16.745399475097656,0.5933079719543457,0.3656088709831238,1.7671712636947632
78,78,7503,2006-11-09T15:00:00.000000,750.6287841796875,13.182746887207031,0.3053176999092102,0.26586997509002686,1.1717686653137207
79,79,7503,2006-11-09T15:00:00.000000,299.26251220703125,8.580877304077148,0.13304466009140015,0.1809273660182953,0.842729926109314
80,80,7503,2006-11-09T15:00:00.000000,2602.4384765625,26.140453338623047,0.5222219228744507,0.3702971935272217,1.733245611190796
81,81,7503,2006-11-09T15:00:00.000000,1273.797607421875,16.66719627380371,0.6094272136688232,0.36456355452537537,1.8006099462509155
82,82,7503,2006-11-09T15:00:00.000000,90.18211364746094,5.39540433883667,0.049924205988645554,0.1269461065530777,0.5722980499267578
83,83,7503,2006-11-09T15:00:00.000000,588.6383056640625,11.28537654876709,0.4709862470626831,0.3192242980003357,1.5294313430786133
84,84,7503,2006-11-09T15:00:00.000000,1160.58203125,15.505756378173828,0.5529346466064453,0.3384479880332947,1.710747480392456
85,85,7503,2006-11-09T15:00:00.000000,855.3241577148438,13.518461227416992,0.42314594984054565,0.3006817102432251,1.3620717525482178
86,86,7503,2006-11-09T15:00:00.000000,1336.567138671875,17.662574768066406,0.5460848808288574,0.35701680183410645,1.7001785039901733
87,87,7503,2006-11-09T15:00:00.000000,981.7645874023438,14.89865779876709,0.4927578866481781,0.3337799310684204,1.6130342483520508
88,88,7503,2006-11-09T15:00:00.000000,901.0963745117188,13.585628509521484,0.566277027130127,0.34057170152664185,1.629818320274353
89,89,7503,2006-11-09T15:00:00.000000,1183.18505859375,16.011167526245117,0.6039519906044006,0.3617411255836487,1.7020454406738281
90,90,7503,2006-11-09T15:00:00.000000,610.775634765625,11.945570945739746,0.5255824327468872,0.3504180312156677,1.5583808422088623
91,91,7503,2006-11-09T15:00:00.000000,1187.9544677734375,17.70123863220215,0.609906792640686,0.40108415484428406,1.8669841289520264
92,92,7503,2006-11-09T15:00:00.000000,1484.1517333984375,18.476734161376953,0.5789138674736023,0.3649160861968994,1.6468334197998047
93,93,7503,2006-11-09T15:00:00.000000,1035.08447265625,15.521255493164062,0.5234525203704834,0.3490418791770935,1.5431889295578003
94,94,7503,2006-11-09T15:00:00.000000,759.100830078125,12.670397758483887,0.3773500919342041,0.28249627351760864,1.392214298248291
95,95,7503,2006-11-09T15:00:00.000000,285.4024963378906,8.369743347167969,0.1317434310913086,0.17982405424118042,0.829484224319458
96,96,7503,2006-11-09T15:00:00.000000,682.9518432617188,13.823973655700684,0.4422510266304016,0.3517809808254242,1.6609395742416382
97,97,7503,2006-11-09T15:00:00.000000,816.3641967773438,13.139829635620117,0.40124160051345825,0.29130685329437256,1.351543664932251
98,98,7503,2006-11-09T15:00:00.000000,954.8241577148438,13.907356262207031,0.6013808250427246,0.3490259349346161,1.6375973224639893
99,99,7503,2006-11-09T15:00:00.000000,873.1881713867188,14.560561180114746,0.35352468490600586,0.29297736287117004,1.340364694595337
100,100,7503,2006-11-09T15:00:00.000000,633.5589599609375,10.97730827331543,0.5043245553970337,0.3097115457057953,1.4973728656768799
101,101,7503,2006-11-09T15:00:00.000000,495.3188171386719,10.107918739318848,0.4048205316066742,0.288968563079834,1.3234138488769531
102,102,7503,2006-11-09T15:00:00.000000,1174.367431640625,15.281600952148438,0.5666021108627319,0.33566492795944214,1.5674636363983154
103,103,7503,2006-11-09T15:00:00.000000,1187.1185302734375,16.343585968017578,0.5573444366455078,0.35412952303886414,1.701636552810669
104,104,7503,2006-11-09T15:00:00.000000,3037.5,26.342939376831055,0.4430927038192749,0.31816574931144714,1.5795671939849854
105,105,7503,2006-11-09T15:00:00.000000,1162.2115478515625,18.079692840576172,0.1709231436252594,0.21925467252731323,0.9832857847213745
106,106,7503,2006-11-09T15:00:00.000000,675.4962768554688,11.535540580749512,0.3416687846183777,0.2594352960586548,1.3335652351379395
107,107,7503,2006-11-09T15:00:00.000000,1543.806640625,19.265567779541016,0.6136106848716736,0.3840889632701874,1.746037244796753
108,108,7503,2006-11-09T15:00:00.000000,1136.3436279296875,16.431015014648438,0.582974910736084,0.3721641004085541,1.6994364261627197
109,109,7503,2006-11-09T15:00:00.000000,1245.343017578125,17.036035537719727,0.5063176155090332,0.34350699186325073,1.5534309148788452
110,110,7503,2006-11-09T15:00:00.000000,1062.017822265625,14.399271965026855,0.5200954675674438,0.31865161657333374,1.4997377395629883
111,111,7503,2006-11-09T15:00:00.000000,1044.260009765625,15.652632713317871,0.4180048704147339,0.3131653666496277,1.4207303524017334
112,112,7503,2006-11-09T15:00:00.000000,95.14427185058594,5.367133140563965,0.12249090522527695,0.1925763487815857,0.846989631652832
113,113,7503,2006-11-09T15:00:00.000000,1191.206298828125,16.866100311279297,0.6509498953819275,0.3942711055278778,1.8413372039794922
114,114,7503,2006-11-09T15:00:00.000000,452.0730895996094,10.016645431518555,0.186196431517601,0.20328420400619507,0.9192352294921875
115,115,7503,2006-11-09T15:00:00.000000,69.09929656982422,4.609012603759766,0.3674580752849579,0.3361050486564636,1.5543556213378906
116,116,7503,2006-11-09T15:00:00.000000,1289.25390625,17.902013778686523,0.5154280662536621,0.3579452931880951,1.655260443687439
117,117,7503,2006-11-09T15:00:00.000000,914.0597534179688,13.387052536010742,0.3599981963634491,0.2656732201576233,1.190339207649231
118,118,7503,2006-11-09T15:00:00.000000,1372.4217529296875,18.216344833374023,0.5681489109992981,0.37063682079315186,1.689570426940918
119,119,7503,2006-11-09T15:00:00.000000,696.6491088867188,12.707571029663086,0.580722451210022,0.36689329147338867,1.7007396221160889
120,120,7503,2006-11-09T15:00:00.000000,1807.983642578125,20.3046875,0.7176067233085632,0.4045221209526062,1.8508027791976929
121,121,7503,2006-11-09T15:00:00.000000,6095.521484375,38.47955322265625,0.5722759962081909,0.3728441894054413,1.8746083974838257
122,122,7503,2006-11-09T15:00:00.000000,975.5501708984375,15.599853515625,0.3946053683757782,0.31374529004096985,1.4140434265136719
123,123,7503,2006-11-09T15:00:00.000000,1487.765380859375,19.70758819580078,0.618594765663147,0.4018549919128418,1.869367003440857
124,124,7503,2006-11-09T15:00:00.000000,2882.9931640625,26.933088302612305,0.4085928797721863,0.320634126663208,1.451229453086853
125,125,7503,2006-11-09T15:00:00.000000,798.8126831054688,14.42581844329834,0.1576855331659317,0.20268139243125916,0.9214963912963867
126,126,7503,2006-11-09T15:00:00.000000,341.0607604980469,8.389862060546875,0.4662996530532837,0.31022119522094727,1.4424078464508057
127,127,7503,2006-11-09T15:00:00.000000,538.8956909179688,10.239714622497559,0.2498733401298523,0.22049331665039062,1.016356348991394
128,128,7503,2006-11-09T15:00:00.000000,1263.22412109375,16.955509185791016,0.5374785661697388,0.3497447669506073,1.6782426834106445
129,129,7503,2006-11-09T15:00:00.000000,81.03497314453125,4.163702487945557,0.40030595660209656,0.2926439046859741,1.3232524394989014
130,130,7503,2006-11-09T15:00:00.000000,434.357177734375,10.397381782531738,0.23780688643455505,0.24328351020812988,1.0984132289886475
131,131,7503,2006-11-09T15:00:00.000000,1211.819091796875,18.06230926513672,0.5790219902992249,0.39482253789901733,1.9468077421188354
132,132,7503,2006-11-09T15:00:00.000000,1421.5751953125,17.055356979370117,0.6928054094314575,0.37651437520980835,1.8951971530914307
133,133,7503,2006-11-09T15:00:00.000000,822.0748901367188,13.010520935058594,0.32634004950523376,0.25922340154647827,1.1778682470321655
134,134,7503,2006-11-09T15:00:00.000000,1639.47509765625,20.36024284362793,0.680159330368042,0.41470175981521606,1.9066298007965088
135,135,7503,2006-11-09T15:00:00.000000,856.4576416015625,13.486738204956055,0.5508493185043335,0.34203487634658813,1.580348014831543
136,136,7503,2006-11-09T15:00:00.000000,2989.62744140625,25.672836303710938,0.618958055973053,0.36939916014671326,1.764275312423706
0,0,8015,2006-11-30T23:00:00.000000,300.73565673828125,10.402872085571289,0.03719151392579079,0.11568650603294373,0.5187499523162842
1,1,8015,2006-11-30T23:00:00.000000,94.74508666992188,5.583150863647461,0.037182487547397614,0.11060385406017303,0.4907395839691162
2,2,8015,2006-11-30T23:00:00.000000,185.09378051757812,7.230502128601074,0.09570764750242233,0.16441670060157776,0.7703276872634888
3,3,8015,2006-11-30T23:00:00.000000,152.6494598388672,6.511565685272217,0.06993803381919861,0.13937810063362122,0.6405633687973022
4,4,8015,2006-11-30T23:00:00.000000,379.73828125,11.748281478881836,0.06116342172026634,0.14910012483596802,0.6766278743743896
5,5,8015,2006-11-30T23:00:00.000000,799.7783203125,15.753719329833984,0.04186253249645233,0.113975390791893,0.5363090634346008
6,6,8015,2006-11-30T23:00:00.000000,57.73591613769531,4.562580108642578,0.03200402110815048,0.1074211448431015,0.44650158286094666
7,7,8015,2006-11-30T23:00:00.000000,81.93510437011719,5.2747979164123535,0.04426182806491852,0.12259858846664429,0.5565710067749023
8,8,8015,2006-11-30T23:00:00.000000,125.22557830810547,6.130853176116943,0.057056933641433716,0.13086652755737305,0.5864415764808655
9,9,8015,2006-11-30T23:00:00.000000,188.80172729492188,7.440317153930664,0.10228603333234787,0.17317955195903778,0.7823799848556519
10,10,8015,2006-11-30T23:00:00.000000,228.293212890625,7.676494121551514,0.13584084808826447,0.18725422024726868,0.851362407207489
11,11,8015,2006-11-30T23:00:00.000000,36.24412536621094,3.58988618850708,0.04806135594844818,0.13072536885738373,0.5473134517669678
12,12,8015,2006-11-30T23:00:00.000000,177.79124450683594,7.125909805297852,0.07945956289768219,0.15064620971679688,0.6865827441215515
13,13,8015,2006-11-30T23:00:00.000000,173.7960205078125,6.990262985229492,0.09274464845657349,0.16147974133491516,0.7297181487083435
14,14,8015,2006-11-30T23:00:00.000000,205.76675415039062,8.049936294555664,0.0698585957288742,0.1483251452445984,0.6743338108062744
15,15,8015,2006-11-30T23:00:00.000000,24.867706298828125,3.0986039638519287,0.0366499200463295,0.1189555674791336,0.5573926568031311
16,16,8015,2006-11-30T23:00:00.000000,136.8883056640625,6.468015670776367,0.06316099315881729,0.13893522322177887,0.6245777606964111
17,17,8015,2006-11-30T23:00:00.000000,136.75343322753906,5.996607780456543,0.06686457246541977,0.13259726762771606,0.5876448154449463
18,18,8015,2006-11-30T23:00:00.000000,254.85107421875,8.447057723999023,0.140326127409935,0.19821271300315857,0.9018594026565552
19,19,8015,2006-11-30T23:00:00.000000,195.8616943359375,7.019278526306152,0.10355126857757568,0.16139698028564453,0.7395219802856445
20,20,8015,2006-11-30T23:00:00.000000,94.6561279296875,5.163971900939941,0.04357857629656792,0.11080160737037659,0.49571049213409424
21,21,8015,2006-11-30T23:00:00.000000,131.78945922851562,5.898900508880615,0.05897409841418266,0.12478470802307129,0.5763164758682251
22,22,8015,2006-11-30T23:00:00.000000,149.72598266601562,7.331711769104004,0.06063872575759888,0.14754749834537506,0.6638530492782593
23,23,8015,2006-11-30T23:00:00.000000,333.460205078125,10.392059326171875,0.024499036371707916,0.08907464146614075,0.4064849019050598
24,24,8015,2006-11-30T23:00:00.000000,132.9315948486328,5.683885097503662,0.062290724366903305,0.12303902208805084,0.5396500825881958
25,25,8015,2006-11-30T23:00:00.000000,172.26275634765625,6.621690273284912,0.1191207617521286,0.17412731051445007,0.8226770758628845
26,26,8015,2006-11-30T23:00:00.000000,131.82015991210938,5.646459579467773,0.07342521846294403,0.133262500166893,0.6038318872451782
27,27,8015,2006-11-30T23:00:00.000000,85.289794921875,5.163398742675781,0.03373701870441437,0.10269290208816528,0.4547874629497528
28,28,8015,2006-11-30T23:00:00.000000,710.9420776367188,15.209818840026855,0.05501341447234154,0.13379542529582977,0.6091638803482056
29,29,8015,2006-11-30T23:00:00.000000,230.16275024414062,8.262800216674805,0.12427316606044769,0.19199876487255096,0.8659318685531616
30,30,8015,2006-11-30T23:00:00.000000,102.27606201171875,6.3976263999938965,0.07133805751800537,0.16896334290504456,0.7570754885673523
31,31,8015,2006-11-30T23:00:00.000000,441.0663757324219,12.498558044433594,0.04054191708564758,0.1198284775018692,0.549982488155365
32,32,8015,2006-11-30T23:00:00.000000,197.88717651367188,7.561574935913086,0.0875217542052269,0.15902356803417206,0.6968907117843628
33,33,8015,2006-11-30T23:00:00.000000,124.4021224975586,6.27301549911499,0.06913328170776367,0.14787885546684265,0.6710500717163086
34,34,8015,2006-11-30T23:00:00.000000,154.1033172607422,7.145565986633301,0.09137751162052155,0.17400042712688446,0.785819947719574
35,35,8015,2006-11-30T23:00:00.000000,54.43598175048828,4.4775238037109375,0.03070678934454918,0.10634377598762512,0.4746893048286438
36,36,8015,2006-11-30T23:00:00.000000,112.79725646972656,5.8844218254089355,0.052283480763435364,0.1266883909702301,0.5884948372840881
37,37,8015,2006-11-30T23:00:00.000000,60.98430633544922,4.482427597045898,0.05209928750991821,0.13101473450660706,0.594345211982727
38,38,8015,2006-11-30T23:00:00.000000,112.30992126464844,5.994603633880615,0.05157996341586113,0.1284671127796173,0.5764869451522827
39,39,8015,2006-11-30T23:00:00.000000,185.44537353515625,7.435168266296387,0.09431043267250061,0.16767284274101257,0.7566623687744141
40,40,8015,2006-11-30T23:00:00.000000,913.23974609375,17.5029296875,0.060207854956388474,0.14211663603782654,0.6583150625228882
41,41,8015,2006-11-30T23:00:00.000000,169.97874450683594,6.846366882324219,0.08709804713726044,0.15497693419456482,0.7161918878555298
42,42,8015,2006-11-30T23:00:00.000000,113.65547943115234,6.198690414428711,0.047109514474868774,0.12619994580745697,0.5769347548484802
43,43,8015,2006-11-30T23:00:00.000000,248.83383178710938,8.4292631149292,0.13915205001831055,0.19933323562145233,0.8953937292098999
44,44,8015,2006-11-30T23:00:00.000000,317.3175048828125,11.280406951904297,0.08050453662872314,0.17967510223388672,0.7794674634933472
45,45,8015,2006-11-30T23:00:00.000000,49.91773986816406,4.307307720184326,0.03415197134017944,0.11266430467367172,0.5031375885009766
46,46,8015,2006-11-30T23:00:00.000000,73.62986755371094,4.756477355957031,0.06360678374767303,0.13980095088481903,0.6485753059387207
47,47,8015,2006-11-30T23:00:00.000000,77.97396087646484,4.870349407196045,0.04152321815490723,0.11239081621170044,0.5067449808120728
48,48,8015,2006-11-30T23:00:00.000000,84.76679992675781,5.5084357261657715,0.03383185341954231,0.11004701256752014,0.47584474086761475
49,49,8015,2006-11-30T23:00:00.000000,100.79328918457031,5.543337821960449,0.046037860214710236,0.11847129464149475,0.5351946353912354
50,50,8015,2006-11-30T23:00:00.000000,145.293212890625,6.562446117401123,0.06516705453395844,0.13898155093193054,0.6232584118843079
51,51,8015,2006-11-30T23:00:00.000000,311.2432861328125,9.400672912597656,0.16962508857250214,0.21945932507514954,0.9840714931488037
52,52,8015,2006-11-30T23:00:00.000000,108.60990905761719,5.806618690490723,0.04397450014948845,0.11683931201696396,0.5224864482879639
53,53,8015,2006-11-30T23:00:00.000000,178.98497009277344,7.143684387207031,0.08048076927661896,0.15148165822029114,0.7103607654571533
54,54,8015,2006-11-30T23:00:00.000000,48.512657165527344,4.040331840515137,0.027390848845243454,0.09600464999675751,0.4038764238357544
55,55,8015,2006-11-30T23:00:00.000000,154.78292846679688,6.874913215637207,0.07218117266893387,0.14846281707286835,0.666327953338623
56,56,8015,2006-11-30T23:00:00.000000,102.3150863647461,5.557905197143555,0.045379117131233215,0.11704942584037781,0.5490705966949463
57,57,8015,2006-11-30T23:00:00.000000,148.62916564941406,6.527188301086426,0.09069150686264038,0.1612342894077301,0.7426831722259521
58,58,8015,2006-11-30T23:00:00.000000,89.7965316772461,5.457114219665527,0.04821610078215599,0.12645302712917328,0.5605705976486206
59,59,8015,2006-11-30T23:00:00.000000,129.953857421875,5.9222211837768555,0.06190729886293411,0.12925904989242554,0.5912513136863708
60,60,8015,2006-11-30T23:00:00.000000,55.42176055908203,3.9917333126068115,0.04678463563323021,0.11597730219364166,0.5413670539855957
61,61,8015,2006-11-30T23:00:00.000000,121.17122650146484,6.364879608154297,0.05313152074813843,0.13328048586845398,0.6091750860214233
62,62,8015,2006-11-30T23:00:00.000000,144.857421875,6.49644660949707,0.07786785066127777,0.15062066912651062,0.6946629285812378
63,63,8015,2006-11-30T23:00:00.000000,158.5843048095703,6.797593116760254,0.08480515331029892,0.1571940779685974,0.7390846014022827
64,64,8015,2006-11-30T23:00:00.000000,107.15608978271484,5.886132717132568,0.05030352622270584,0.1275324672460556,0.5803838968276978
65,65,8015,2006-11-30T23:00:00.000000,116.57457733154297,5.970431804656982,0.05467962473630905,0.1293053925037384,0.594735324382782
66,66,8015,2006-11-30T23:00:00.000000,118.80345153808594,5.801643371582031,0.05446501076221466,0.1242210790514946,0.5560469031333923
67,67,8015,2006-11-30T23:00:00.000000,99.71693420410156,5.7139811515808105,0.03888767957687378,0.11283929646015167,0.5206537842750549
68,68,8015,2006-11-30T23:00:00.000000,683.9584350585938,15.137365341186523,0.10027627646923065,0.18328821659088135,0.8098984956741333
69,69,8015,2006-11-30T23:00:00.000000,333.276123046875,10.470529556274414,0.034340713173151016,0.10628481209278107,0.475429892539978
70,70,8015,2006-11-30T23:00:00.000000,127.21794128417969,6.536726951599121,0.026745490729808807,0.09477885067462921,0.4016808867454529
71,71,8015,2006-11-30T23:00:00.000000,67.29600524902344,4.576649188995361,0.06301432102918625,0.140046626329422,0.6555122137069702
72,72,8015,2006-11-30T23:00:00.000000,166.89683532714844,7.540095329284668,0.0752294585108757,0.1600835621356964,0.7316875457763672
73,73,8015,2006-11-30T23:00:00.000000,677.188720703125,15.819120407104492,0.040289539843797684,0.12201792001724243,0.5465050935745239
74,74,8015,2006-11-30T23:00:00.000000,183.68963623046875,6.648568153381348,0.08500068634748459,0.14302006363868713,0.665751039981842
75,75,8015,2006-11-30T23:00:00.000000,199.3333740234375,7.167106628417969,0.09109069406986237,0.1532113403081894,0.7032956480979919
76,76,8015,2006-11-30T23:00:00.000000,198.16513061523438,7.8373260498046875,0.06820507347583771,0.14539942145347595,0.6658645868301392
77,77,8015,2006-11-30T23:00:00.000000,190.07408142089844,7.279891490936279,0.11159233748912811,0.17639271914958954,0.7693989276885986
78,78,8015,2006-11-30T23:00:00.000000,105.97972869873047,5.715484142303467,0.046276070177555084,0.11943177878856659,0.5493923425674438
79,79,8015,2006-11-30T23:00:00.000000,103.85215759277344,6.049651622772217,0.04557652026414871,0.12673401832580566,0.5628442764282227
80,80,8015,2006-11-30T23:00:00.000000,257.57696533203125,9.014788627624512,0.053583674132823944,0.13002242147922516,0.6037733554840088
81,81,8015,2006-11-30T23:00:00.000000,184.75714111328125,6.819860458374023,0.10120543092489243,0.1596161425113678,0.7459362745285034
82,82,8015,2006-11-30T23:00:00.000000,75.41324615478516,4.912737846374512,0.04206141456961632,0.11602237075567245,0.4894619882106781
83,83,8015,2006-11-30T23:00:00.000000,49.11249542236328,3.9052531719207764,0.043218981474637985,0.11584850400686264,0.5238277316093445
84,84,8015,2006-11-30T23:00:00.000000,218.6314697265625,7.6605143547058105,0.11818378418684006,0.17810681462287903,0.8343430757522583
85,85,8015,2006-11-30T23:00:00.000000,119.2817611694336,5.600318908691406,0.06651342660188675,0.13224534690380096,0.6219689249992371
86,86,8015,2006-11-30T23:00:00.000000,153.18109130859375,6.922992706298828,0.06684619188308716,0.14462041854858398,0.6607414484024048
87,87,8015,2006-11-30T23:00:00.000000,181.1490936279297,7.331899642944336,0.09775896370410919,0.17032435536384583,0.774773359298706
88,88,8015,2006-11-30T23:00:00.000000,133.95413208007812,6.3076276779174805,0.09149312227964401,0.16484743356704712,0.7629734873771667
89,89,8015,2006-11-30T23:00:00.000000,88.97319030761719,5.170612812042236,0.04870924353599548,0.12098126858472824,0.5723673105239868
90,90,8015,2006-11-30T23:00:00.000000,50.876800537109375,3.8971519470214844,0.04574710130691528,0.11686091870069504,0.5287752151489258
91,91,8015,2006-11-30T23:00:00.000000,108.87026977539062,5.834697723388672,0.05688278377056122,0.13336876034736633,0.5944538116455078
92,92,8015,2006-11-30T23:00:00.000000,170.64794921875,6.901749610900879,0.07774333655834198,0.147312730550766,0.677971363067627
93,93,8015,2006-11-30T23:00:00.000000,66.11787414550781,4.572649002075195,0.034715380519628525,0.10477782785892487,0.46944230794906616
94,94,8015,2006-11-30T23:00:00.000000,101.99038696289062,5.6451239585876465,0.0571996234357357,0.13368737697601318,0.6074509620666504
95,95,8015,2006-11-30T23:00:00.000000,114.97770690917969,6.167191505432129,0.05233674496412277,0.1315782070159912,0.6157633066177368
96,96,8015,2006-11-30T23:00:00.000000,114.42041015625,6.374320983886719,0.08039557933807373,0.16896557807922363,0.7853901386260986
97,97,8015,2006-11-30T23:00:00.000000,119.18557739257812,6.174790382385254,0.06367923319339752,0.1427280157804489,0.6455962657928467
98,98,8015,2006-11-30T23:00:00.000000,136.02752685546875,6.190569877624512,0.09333788603544235,0.1621609330177307,0.7326765060424805
99,99,8015,2006-11-30T23:00:00.000000,99.43359375,5.722550868988037,0.04033247381448746,0.1152525544166565,0.5253643989562988
100,100,8015,2006-11-30T23:00:00.000000,99.83050537109375,5.605248928070068,0.08705358952283859,0.16552233695983887,0.7617062926292419
101,101,8015,2006-11-30T23:00:00.000000,75.10842895507812,4.678569793701172,0.06705572456121445,0.13979342579841614,0.6342348456382751
102,102,8015,2006-11-30T23:00:00.000000,145.56893920898438,6.363955974578857,0.08343033492565155,0.15235432982444763,0.6809523105621338
103,103,8015,2006-11-30T23:00:00.000000,116.93037414550781,5.708098411560059,0.0650927796959877,0.1346772313117981,0.6156513094902039
104,104,8015,2006-11-30T23:00:00.000000,324.69281005859375,9.527488708496094,0.048882316797971725,0.11690093576908112,0.5477166175842285
105,105,8015,2006-11-30T23:00:00.000000,114.45055389404297,6.448320388793945,0.016485193744301796,0.07738997042179108,0.3219403624534607
106,106,8015,2006-11-30T23:00:00.000000,120.38224792480469,6.00978946685791,0.06878271698951721,0.1436539888381958,0.6569682955741882
107,107,8015,2006-11-30T23:00:00.000000,181.37193298339844,7.448808193206787,0.08628922700881958,0.16247257590293884,0.7508427500724792
108,108,8015,2006-11-30T23:00:00.000000,143.48422241210938,6.564257621765137,0.08040141314268112,0.1553872525691986,0.7368897199630737
109,109,8015,2006-11-30T23:00:00.000000,150.13421630859375,6.622735023498535,0.069150909781456,0.14213350415229797,0.641645073890686
110,110,8015,2006-11-30T23:00:00.000000,144.22952270507812,6.188877105712891,0.07363402843475342,0.13983765244483948,0.6635750532150269
111,111,8015,2006-11-30T23:00:00.000000,86.98336029052734,5.3158416748046875,0.03792223334312439,0.1109943613409996,0.5102013945579529
112,112,8015,2006-11-30T23:00:00.000000,28.109539031982422,3.0584325790405273,0.036675404757261276,0.11047385632991791,0.466394305229187
113,113,8015,2006-11-30T23:00:00.000000,171.45530700683594,6.501869201660156,0.10098780691623688,0.1577964723110199,0.725775957107544
114,114,8015,2006-11-30T23:00:00.000000,107.59721374511719,6.005871772766113,0.046432893723249435,0.12476374953985214,0.5738638639450073
115,115,8015,2006-11-30T23:00:00.000000,6.368719100952148,1.5122642517089844,0.032547369599342346,0.10810843110084534,0.47811299562454224
116,116,8015,2006-11-30T23:00:00.000000,145.33956909179688,6.332248210906982,0.06468863785266876,0.13359186053276062,0.6209540367126465
117,117,8015,2006-11-30T23:00:00.000000,69.59869384765625,4.798074245452881,0.027912212535738945,0.0960867628455162,0.4333193898200989
118,118,8015,2006-11-30T23:00:00.000000,211.43453979492188,7.628540992736816,0.10106940567493439,0.16678743064403534,0.7374293208122253
119,119,8015,2006-11-30T23:00:00.000000,76.64259338378906,5.0376410484313965,0.06866013258695602,0.15078024566173553,0.679091215133667
120,120,8015,2006-11-30T23:00:00.000000,143.390869140625,6.427809715270996,0.06682601571083069,0.138763427734375,0.6297351121902466
121,121,8015,2006-11-30T23:00:00.000000,688.810791015625,15.62985610961914,0.07410851866006851,0.16212090849876404,0.755861222743988
122,122,8015,2006-11-30T23:00:00.000000,83.04534149169922,5.014734268188477,0.03493252024054527,0.10285022109746933,0.47187885642051697
123,123,8015,2006-11-30T23:00:00.000000,144.55014038085938,6.215548515319824,0.0674477219581604,0.13426221907138824,0.5979406833648682
124,124,8015,2006-11-30T23:00:00.000000,294.77679443359375,9.65745735168457,0.043198734521865845,0.11691000312566757,0.5228177309036255
125,125,8015,2006-11-30T23:00:00.000000,185.55889892578125,7.500304222106934,0.034609079360961914,0.10243137180805206,0.4826357960700989
126,126,8015,2006-11-30T23:00:00.000000,64.63327026367188,4.77733039855957,0.09097073972225189,0.17922890186309814,0.8362449407577515
127,127,8015,2006-11-30T23:00:00.000000,118.23278045654297,6.338508605957031,0.05384057015180588,0.13526111841201782,0.6344948410987854
128,128,8015,2006-11-30T23:00:00.000000,87.88784790039062,5.225526809692383,0.040137723088264465,0.11167141795158386,0.5219451189041138
129,129,8015,2006-11-30T23:00:00.000000,8.094983100891113,1.7254345417022705,0.03756769001483917,0.11754326522350311,0.5229535698890686
130,130,8015,2006-11-30T23:00:00.000000,89.15312957763672,5.7608489990234375,0.04648999497294426,0.13155214488506317,0.5992128252983093
131,131,8015,2006-11-30T23:00:00.000000,199.0177001953125,7.774328231811523,0.10717179626226425,0.18040859699249268,0.7868515253067017
132,132,8015,2006-11-30T23:00:00.000000,297.6978759765625,8.743042945861816,0.15720638632774353,0.20091384649276733,0.9246494770050049
133,133,8015,2006-11-30T23:00:00.000000,73.80873107910156,5.155113220214844,0.028859643265604973,0.10193651914596558,0.46573978662490845
134,134,8015,2006-11-30T23:00:00.000000,117.62142944335938,5.829482555389404,0.05259411036968231,0.12326942384243011,0.5655757784843445
135,135,8015,2006-11-30T23:00:00.000000,69.9373550415039,5.127915382385254,0.04476063698530197,0.12972819805145264,0.6084553003311157
136,136,8015,2006-11-30T23:00:00.000000,253.57257080078125,8.985599517822266,0.05627982318401337,0.13386660814285278,0.6181820631027222
0,0,8527,2006-12-22T07:00:00.000000,681.996826171875,14.178010940551758,0.1083841323852539,0.1787339299917221,0.8313438296318054
1,1,8527,2006-12-22T07:00:00.000000,186.92733764648438,7.2561774253845215,0.1100328117609024,0.1760486215353012,0.8175906538963318
2,2,8527,2006-12-22T07:00:00.000000,189.1099090576172,6.618871688842773,0.1267009675502777,0.17132344841957092,0.7869960069656372
3,3,8527,2006-12-22T07:00:00.000000,216.62158203125,7.423329830169678,0.12763045728206635,0.1801876723766327,0.8067659139633179
4,4,8527,2006-12-22T07:00:00.000000,483.97235107421875,12.043452262878418,0.10540279000997543,0.1777324676513672,0.7756823897361755
5,5,8527,2006-12-22T07:00:00.000000,918.1483154296875,17.630752563476562,0.055236320942640305,0.13674983382225037,0.6349360942840576
6,6,8527,2006-12-22T07:00:00.000000,116.68126678466797,6.096884727478027,0.07300371676683426,0.15250353515148163,0.7164125442504883
7,7,8527,2006-12-22T07:00:00.000000,54.79862594604492,3.904902458190918,0.03347165137529373,0.09650813788175583,0.44643449783325195
8,8,8527,2006-12-22T07:00:00.000000,151.68048095703125,7.181630611419678,0.07616949826478958,0.16093435883522034,0.7088319063186646
9,9,8527,2006-12-22T07:00:00.000000,282.7964782714844,9.273260116577148,0.1793736070394516,0.23354721069335938,1.0180377960205078
10,10,8527,2006-12-22T07:00:00.000000,106.08519744873047,5.359263896942139,0.0724012553691864,0.14000731706619263,0.6704206466674805
11,11,8527,2006-12-22T07:00:00.000000,52.71257019042969,3.889955997467041,0.07836581021547318,0.14998605847358704,0.7015343904495239
12,12,8527,2006-12-22T07:00:00.000000,177.192626953125,7.853599548339844,0.08880746364593506,0.175820991396904,0.8093506693840027
13,13,8527,2006-12-22T07:00:00.000000,112.4935531616211,6.012579917907715,0.07076171040534973,0.15079820156097412,0.6486791968345642
14,14,8527,2006-12-22T07:00:00.000000,312.902587890625,9.368781089782715,0.11016760766506195,0.1757945865392685,0.7744036912918091
15,15,8527,2006-12-22T07:00:00.000000,49.7021484375,4.0575761795043945,0.09478569030761719,0.17719459533691406,0.7875820994377136
16,16,8527,2006-12-22T07:00:00.000000,168.4494171142578,7.457182884216309,0.08722929656505585,0.16969585418701172,0.7632502913475037
17,17,8527,2006-12-22T07:00:00.000000,98.90348815917969,5.315505027770996,0.053149621933698654,0.12322215735912323,0.5553302764892578
18,18,8527,2006-12-22T07:00:00.000000,180.172119140625,6.8466796875,0.1137155145406723,0.1720069944858551,0.7632356882095337
19,19,8527,2006-12-22T07:00:00.000000,197.79942321777344,7.706925868988037,0.11933194100856781,0.18929842114448547,0.8350811004638672
20,20,8527,2006-12-22T07:00:00.000000,151.1581573486328,6.560817241668701,0.08440008014440536,0.15502923727035522,0.6806038618087769
21,21,8527,2006-12-22T07:00:00.000000,241.91964721679688,7.766833305358887,0.1206926554441452,0.17347978055477142,0.7733935117721558
22,22,8527,2006-12-22T07:00:00.000000,153.46945190429688,6.669097900390625,0.07804252207279205,0.15039098262786865,0.6628239750862122
23,23,8527,2006-12-22T07:00:00.000000,1424.2615966796875,21.5854549407959,0.14714542031288147,0.21940156817436218,0.9995682239532471
24,24,8527,2006-12-22T07:00:00.000000,119.48005676269531,6.025819301605225,0.06604203581809998,0.14167022705078125,0.6131053566932678
25,25,8527,2006-12-22T07:00:00.000000,196.8587646484375,6.966009140014648,0.18096408247947693,0.21120434999465942,0.8853696584701538
26,26,8527,2006-12-22T07:00:00.000000,144.0911407470703,6.735518455505371,0.08896593749523163,0.16736483573913574,0.7605368494987488
27,27,8527,2006-12-22T07:00:00.000000,100.79824829101562,5.6243720054626465,0.06067019701004028,0.13798606395721436,0.6325459480285645
28,28,8527,2006-12-22T07:00:00.000000,744.7699584960938,15.321429252624512,0.07588548213243484,0.1546562761068344,0.6951035261154175
29,29,8527,2006-12-22T07:00:00.000000,131.93885803222656,6.290599822998047,0.07792211323976517,0.1528748720884323,0.6837276816368103
30,30,8527,2006-12-22T07:00:00.000000,90.49935150146484,5.595951080322266,0.07626008242368698,0.16244255006313324,0.7940713167190552
31,31,8527,2006-12-22T07:00:00.000000,873.694580078125,17.195079803466797,0.11469988524913788,0.19701799750328064,0.8673138618469238
32,32,8527,2006-12-22T07:00:00.000000,122.62973022460938,6.158795356750488,0.06334946304559708,0.13998109102249146,0.634488046169281
33,33,8527,2006-12-22T07:00:00.000000,105.50700378417969,5.874595642089844,0.06632140278816223,0.14728692173957825,0.6660764217376709
34,34,8527,2006-12-22T07:00:00.000000,335.6392822265625,8.99443244934082,0.23609137535095215,0.2385488748550415,1.0772738456726074
35,35,8527,2006-12-22T07:00:00.000000,89.85076904296875,5.167304992675781,0.05765208601951599,0.13089129328727722,0.588061511516571
36,36,8527,2006-12-22T07:00:00.000000,84.24713897705078,4.78859806060791,0.04486604034900665,0.11050696671009064,0.508617639541626
37,37,8527,2006-12-22T07:00:00.000000,40.9752197265625,3.500378370285034,0.037449367344379425,0.10582214593887329,0.476367712020874
38,38,8527,2006-12-22T07:00:00.000000,72.99740600585938,4.809382438659668,0.036246541887521744,0.10716893523931503,0.4791575074195862
39,39,8527,2006-12-22T07:00:00.000000,167.90582275390625,6.805385589599609,0.10017924755811691,0.16622976958751678,0.7697361707687378
40,40,8527,2006-12-22T07:00:00.000000,1806.376220703125,22.761981964111328,0.12930507957935333,0.1925811618566513,0.8742513060569763
41,41,8527,2006-12-22T07:00:00.000000,156.8216552734375,6.149735927581787,0.10233613848686218,0.15709704160690308,0.701534628868103
42,42,8527,2006-12-22T07:00:00.000000,69.21310424804688,4.7912774085998535,0.03546971455216408,0.10846410691738129,0.4893679618835449
43,43,8527,2006-12-22T07:00:00.000000,245.34922790527344,8.195959091186523,0.16018030047416687,0.20941698551177979,0.8972846269607544
44,44,8527,2006-12-22T07:00:00.000000,228.5343017578125,8.1496000289917,0.06645791232585907,0.138974130153656,0.6419497728347778
45,45,8527,2006-12-22T07:00:00.000000,165.79513549804688,7.856301784515381,0.1447913646697998,0.23216865956783295,1.117776870727539
46,46,8527,2006-12-22T07:00:00.000000,42.70069885253906,3.8200480937957764,0.04050014168024063,0.11764664947986603,0.5286335349082947
47,47,8527,2006-12-22T07:00:00.000000,73.06204223632812,4.733684062957764,0.04475071653723717,0.11715298891067505,0.5361816883087158
48,48,8527,2006-12-22T07:00:00.000000,198.49908447265625,7.461475372314453,0.11608999967575073,0.1804441660642624,0.8600311279296875
49,49,8527,2006-12-22T07:00:00.000000,136.94305419921875,6.634542465209961,0.06461567431688309,0.14411525428295135,0.6450183391571045
50,50,8527,2006-12-22T07:00:00.000000,118.89370727539062,6.412864685058594,0.058793894946575165,0.14260631799697876,0.6480671167373657
51,51,8527,2006-12-22T07:00:00.000000,160.7742919921875,6.795268535614014,0.10235854238271713,0.17145904898643494,0.7458031177520752
52,52,8527,2006-12-22T07:00:00.000000,293.75946044921875,9.673501968383789,0.17600063979625702,0.23677997291088104,1.0341041088104248
53,53,8527,2006-12-22T07:00:00.000000,112.84539031982422,5.54236364364624,0.057589393109083176,0.12520578503608704,0.5618677139282227
54,54,8527,2006-12-22T07:00:00.000000,146.4562225341797,6.871024131774902,0.09493471682071686,0.17493635416030884,0.810319185256958
55,55,8527,2006-12-22T07:00:00.000000,229.9946746826172,7.930178642272949,0.13033230602741241,0.18877747654914856,0.8512729406356812
56,56,8527,2006-12-22T07:00:00.000000,95.02906799316406,5.532649517059326,0.0468793585896492,0.1228841170668602,0.5464787483215332
57,57,8527,2006-12-22T07:00:00.000000,155.3917694091797,6.677302837371826,0.11283503472805023,0.17993226647377014,0.7993912100791931
58,58,8527,2006-12-22T07:00:00.000000,101.6104965209961,5.743727684020996,0.06401750445365906,0.1441696584224701,0.6602665185928345
59,59,8527,2006-12-22T07:00:00.000000,144.1090850830078,6.454521179199219,0.0773627758026123,0.14954930543899536,0.6922569274902344
60,60,8527,2006-12-22T07:00:00.000000,72.41410827636719,4.438038349151611,0.0724225863814354,0.1403513252735138,0.6226674318313599
61,61,8527,2006-12-22T07:00:00.000000,64.63714599609375,4.401376724243164,0.03422511741518974,0.1012791246175766,0.46334657073020935
62,62,8527,2006-12-22T07:00:00.000000,197.953857421875,7.615387916564941,0.12420114129781723,0.19075362384319305,0.8310221433639526
63,63,8527,2006-12-22T07:00:00.000000,93.60115814208984,5.313353538513184,0.059836022555828094,0.1343412846326828,0.6009058952331543
64,64,8527,2006-12-22T07:00:00.000000,118.50143432617188,5.947470664978027,0.07577905058860779,0.15039902925491333,0.7031967639923096
65,65,8527,2006-12-22T07:00:00.000000,111.71055603027344,6.003142356872559,0.058855995535850525,0.1377929300069809,0.6075870990753174
66,66,8527,2006-12-22T07:00:00.000000,151.9497528076172,6.307503700256348,0.08535274863243103,0.14949139952659607,0.6671656370162964
67,67,8527,2006-12-22T07:00:00.000000,200.60154724121094,8.069989204406738,0.11882054805755615,0.1964045614004135,0.9155534505844116
68,68,8527,2006-12-22T07:00:00.000000,557.114013671875,13.858741760253906,0.0978306382894516,0.18364928662776947,0.8222368955612183
69,69,8527,2006-12-22T07:00:00.000000,561.599853515625,14.079963684082031,0.06941090524196625,0.15653157234191895,0.7214365005493164
70,70,8527,2006-12-22T07:00:00.000000,915.38818359375,15.728193283081055,0.2085629403591156,0.23740768432617188,1.0623301267623901
71,71,8527,2006-12-22T07:00:00.000000,37.518165588378906,3.4439845085144043,0.04008480906486511,0.11257196962833405,0.5118042230606079
72,72,8527,2006-12-22T07:00:00.000000,198.65798950195312,7.093276500701904,0.1300760954618454,0.1815066784620285,0.878513514995575
73,73,8527,2006-12-22T07:00:00.000000,1835.12109375,26.25869369506836,0.15170855820178986,0.2387513369321823,1.088338851928711
74,74,8527,2006-12-22T07:00:00.000000,176.6036834716797,7.649811744689941,0.09815213084220886,0.1803435981273651,0.8163243532180786
75,75,8527,2006-12-22T07:00:00.000000,136.79739379882812,6.3979811668396,0.07449096441268921,0.14929865300655365,0.6503196954727173
76,76,8527,2006-12-22T07:00:00.000000,97.19468688964844,5.818259239196777,0.034095410257577896,0.10897321999073029,0.4855917692184448
77,77,8527,2006-12-22T07:00:00.000000,116.3678207397461,6.230959892272949,0.07150476425886154,0.15445643663406372,0.7159935235977173
78,78,8527,2006-12-22T07:00:00.000000,56.99817657470703,4.024011611938477,0.030358677729964256,0.0928688645362854,0.4286853075027466
79,79,8527,2006-12-22T07:00:00.000000,137.44952392578125,6.912081718444824,0.08775749802589417,0.17465433478355408,0.8239502310752869
80,80,8527,2006-12-22T07:00:00.000000,254.74676513671875,8.774192810058594,0.061088673770427704,0.13587301969528198,0.640061616897583
81,81,8527,2006-12-22T07:00:00.000000,122.13008117675781,5.607434272766113,0.07635562866926193,0.1402081698179245,0.6157975196838379
82,82,8527,2006-12-22T07:00:00.000000,238.1931610107422,7.713332176208496,0.15943610668182373,0.19955871999263763,0.9021283388137817
83,83,8527,2006-12-22T07:00:00.000000,95.14888763427734,5.074103832244873,0.09914283454418182,0.1637902855873108,0.7516194581985474
84,84,8527,2006-12-22T07:00:00.000000,230.46421813964844,8.330545425415039,0.15345194935798645,0.21496006846427917,0.9390713572502136
85,85,8527,2006-12-22T07:00:00.000000,86.16063690185547,5.037373065948486,0.05551498383283615,0.12786591053009033,0.5725064277648926
86,86,8527,2006-12-22T07:00:00.000000,90.86181640625,5.568072319030762,0.04363506659865379,0.12202026695013046,0.5452671051025391
87,87,8527,2006-12-22T07:00:00.000000,97.6976318359375,5.612963676452637,0.06060623750090599,0.1398005485534668,0.6378908157348633
88,88,8527,2006-12-22T07:00:00.000000,117.96043395996094,5.261125087738037,0.10355323553085327,0.15588067471981049,0.7074527144432068
89,89,8527,2006-12-22T07:00:00.000000,76.28889465332031,5.018880844116211,0.04785004258155823,0.12569484114646912,0.5744682550430298
90,90,8527,2006-12-22T07:00:00.000000,50.8924674987793,4.155488014221191,0.053117912262678146,0.1342504471540451,0.5745546817779541
91,91,8527,2006-12-22T07:00:00.000000,90.11274719238281,5.39402961730957,0.05378863215446472,0.1317848414182663,0.6218597292900085
92,92,8527,2006-12-22T07:00:00.000000,127.3573226928711,6.4276957511901855,0.06805630773305893,0.14858588576316833,0.6793748140335083
93,93,8527,2006-12-22T07:00:00.000000,61.01328659057617,4.3443193435668945,0.03712935745716095,0.1071687564253807,0.5014892816543579
94,94,8527,2006-12-22T07:00:00.000000,62.62296676635742,3.9615020751953125,0.03763618320226669,0.09711714088916779,0.45195674896240234
95,95,8527,2006-12-22T07:00:00.000000,265.27484130859375,9.089879035949707,0.16518300771713257,0.2268259972333908,1.0097019672393799
96,96,8527,2006-12-22T07:00:00.000000,77.82723999023438,5.2348785400390625,0.06769579648971558,0.15439090132713318,0.7189145088195801
97,97,8527,2006-12-22T07:00:00.000000,131.69970703125,6.470461845397949,0.08865313977003098,0.16787652671337128,0.7406057119369507
98,98,8527,2006-12-22T07:00:00.000000,220.0911102294922,7.4660234451293945,0.19427233934402466,0.22181639075279236,0.9536241888999939
99,99,8527,2006-12-22T07:00:00.000000,224.6967010498047,8.147735595703125,0.12908636033535004,0.1952894628047943,0.8573870062828064
100,100,8527,2006-12-22T07:00:00.000000,40.92156982421875,3.659362554550171,0.039338141679763794,0.1134582906961441,0.521121621131897
101,101,8527,2006-12-22T07:00:00.000000,87.5063705444336,5.223542213439941,0.08286543190479279,0.16074296832084656,0.7256423830986023
102,102,8527,2006-12-22T07:00:00.000000,341.949462890625,8.872604370117188,0.2167281210422516,0.2233715057373047,1.0088837146759033
103,103,8527,2006-12-22T07:00:00.000000,117.0294418334961,5.6488752365112305,0.0730239525437355,0.141106516122818,0.6376027464866638
104,104,8527,2006-12-22T07:00:00.000000,1256.4173583984375,17.179309844970703,0.20017307996749878,0.21684108674526215,0.9497596621513367
105,105,8527,2006-12-22T07:00:00.000000,532.5809936523438,12.090269088745117,0.09046169370412827,0.1575707048177719,0.7225925326347351
106,106,8527,2006-12-22T07:00:00.000000,98.759521484375,5.1000542640686035,0.060082100331783295,0.12579339742660522,0.573954164981842
107,107,8527,2006-12-22T07:00:00.000000,82.90267181396484,5.108604431152344,0.04229968786239624,0.11539489030838013,0.5398512482643127
108,108,8527,2006-12-22T07:00:00.000000,76.01280212402344,4.734004020690918,0.04730825126171112,0.11810104548931122,0.5254601836204529
109,109,8527,2006-12-22T07:00:00.000000,189.7740936279297,6.780085563659668,0.10549934208393097,0.15986064076423645,0.6942879557609558
110,110,8527,2006-12-22T07:00:00.000000,272.9288635253906,7.786436080932617,0.17890006303787231,0.19935140013694763,0.8906228542327881
111,111,8527,2006-12-22T07:00:00.000000,79.02812957763672,5.276372909545898,0.04070943593978882,0.1197545975446701,0.5431704521179199
112,112,8527,2006-12-22T07:00:00.000000,42.00940704345703,3.828523635864258,0.06002508103847504,0.14471864700317383,0.6455708742141724
113,113,8527,2006-12-22T07:00:00.000000,132.8428955078125,6.1044135093688965,0.09986914694309235,0.16737493872642517,0.7573434114456177
114,114,8527,2006-12-22T07:00:00.000000,537.365234375,11.42401123046875,0.341715931892395,0.28808221220970154,1.2965118885040283
115,115,8527,2006-12-22T07:00:00.000000,6.552467346191406,1.374086618423462,0.0386505089700222,0.10553322732448578,0.4835537374019623
116,116,8527,2006-12-22T07:00:00.000000,135.79429626464844,6.867531776428223,0.07397511601448059,0.16028861701488495,0.708625316619873
117,117,8527,2006-12-22T07:00:00.000000,203.3787841796875,7.277469635009766,0.12318900227546692,0.1791074126958847,0.8199621438980103
118,118,8527,2006-12-22T07:00:00.000000,126.26383972167969,6.000514030456543,0.06636402010917664,0.13756732642650604,0.6176971197128296
119,119,8527,2006-12-22T07:00:00.000000,39.065399169921875,3.5599207878112793,0.04315211996436119,0.11831648647785187,0.5349302291870117
120,120,8527,2006-12-22T07:00:00.000000,74.12715148925781,4.637432098388672,0.038857351988554,0.10617578029632568,0.4730128049850464
121,121,8527,2006-12-22T07:00:00.000000,836.38330078125,17.094058990478516,0.10110418498516083,0.18794339895248413,0.8833867311477661
122,122,8527,2006-12-22T07:00:00.000000,62.359619140625,4.171628952026367,0.031204944476485252,0.09331804513931274,0.4315189719200134
123,123,8527,2006-12-22T07:00:00.000000,145.62652587890625,6.595638275146484,0.07829046994447708,0.1529294103384018,0.6975765228271484
124,124,8527,2006-12-22T07:00:00.000000,358.9777526855469,10.13996696472168,0.06330996006727219,0.1346600502729416,0.6152948141098022
125,125,8527,2006-12-22T07:00:00.000000,337.951416015625,10.246453285217285,0.08709713071584702,0.1644933521747589,0.7375746965408325
126,126,8527,2006-12-22T07:00:00.000000,37.885066986083984,3.5178935527801514,0.05557660385966301,0.13473942875862122,0.6200153827667236
127,127,8527,2006-12-22T07:00:00.000000,129.15957641601562,6.251922607421875,0.08402716368436813,0.15946310758590698,0.7258591651916504
128,128,8527,2006-12-22T07:00:00.000000,44.01968002319336,3.711427688598633,0.02247641049325466,0.08386506140232086,0.38029831647872925
129,129,8527,2006-12-22T07:00:00.000000,13.250807762145996,1.9111509323120117,0.09035852551460266,0.15781870484352112,0.7352691888809204
130,130,8527,2006-12-22T07:00:00.000000,168.5699462890625,7.531223297119141,0.11927518248558044,0.20033207535743713,0.9008318781852722
131,131,8527,2006-12-22T07:00:00.000000,171.98789978027344,6.588974952697754,0.11482620239257812,0.17025089263916016,0.7736384272575378
132,132,8527,2006-12-22T07:00:00.000000,225.05093383789062,7.712872505187988,0.14112849533557892,0.19314484298229218,0.8733078837394714
133,133,8527,2006-12-22T07:00:00.000000,158.37344360351562,7.057118892669678,0.09429430216550827,0.1721983402967453,0.7978315353393555
134,134,8527,2006-12-22T07:00:00.000000,142.5889129638672,6.635275840759277,0.0713188499212265,0.1483946442604065,0.6603146195411682
135,135,8527,2006-12-22T07:00:00.000000,182.75924682617188,7.7433929443359375,0.16406023502349854,0.232002854347229,1.04268217086792
136,136,8527,2006-12-22T07:00:00.000000,314.3602294921875,9.772930145263672,0.07083946466445923,0.14670626819133759,0.6513537168502808
