user_id,user_name,query_index,query_datetime,mse,mae,nmse,nmae,mase
0,0,503,2006-01-21T23:00:00.000000,1560.1632080078125,20.757429122924805,0.2237437665462494,0.2485787570476532,1.0632153749465942
1,1,503,2006-01-21T23:00:00.000000,354.52996826171875,9.601969718933105,0.1901414692401886,0.2223680019378662,0.9789983034133911
2,2,503,2006-01-21T23:00:00.000000,762.4911499023438,13.171607971191406,0.47623899579048157,0.3291803002357483,1.551415205001831
3,3,503,2006-01-21T23:00:00.000000,588.8309326171875,11.332161903381348,0.3141392469406128,0.2617451250553131,1.224927306175232
4,4,503,2006-01-21T23:00:00.000000,1127.426513671875,17.40723419189453,0.23973233997821808,0.253833532333374,1.1262688636779785
5,5,503,2006-01-21T23:00:00.000000,3797.212890625,28.20583152770996,0.23435965180397034,0.2215888500213623,0.9923364520072937
6,6,503,2006-01-21T23:00:00.000000,347.6728515625,8.546932220458984,0.20922474563121796,0.2096676379442215,0.8984925746917725
7,7,503,2006-01-21T23:00:00.000000,406.4671325683594,9.953502655029297,0.287005215883255,0.2644893229007721,1.174075961112976
8,8,503,2006-01-21T23:00:00.000000,591.4385986328125,10.868850708007812,0.3257426619529724,0.25507399439811707,1.1731326580047607
9,9,503,2006-01-21T23:00:00.000000,697.3128662109375,13.009963035583496,0.48468881845474243,0.3429996371269226,1.5400209426879883
10,10,503,2006-01-21T23:00:00.000000,593.6405639648438,12.113783836364746,0.40969622135162354,0.3182357847690582,1.4493895769119263
11,11,503,2006-01-21T23:00:00.000000,184.7957000732422,6.5697340965271,0.27779385447502136,0.2547200620174408,1.0973554849624634
12,12,503,2006-01-21T23:00:00.000000,573.033203125,10.989322662353516,0.30813807249069214,0.25483185052871704,1.1137229204177856
13,13,503,2006-01-21T23:00:00.000000,709.6968383789062,12.64966106414795,0.47331666946411133,0.3266768753528595,1.5063756704330444
14,14,503,2006-01-21T23:00:00.000000,788.35986328125,12.572600364685059,0.3341808021068573,0.2588532567024231,1.1488605737686157
15,15,503,2006-01-21T23:00:00.000000,143.8838653564453,6.251590728759766,0.26740700006484985,0.2695075273513794,1.1242179870605469
16,16,503,2006-01-21T23:00:00.000000,452.3712463378906,9.770599365234375,0.25417476892471313,0.23160074651241302,1.0408563613891602
17,17,503,2006-01-21T23:00:00.000000,521.3204345703125,11.070985794067383,0.29673048853874207,0.26412832736968994,1.1911416053771973
18,18,503,2006-01-21T23:00:00.000000,609.8627319335938,12.053790092468262,0.4131658673286438,0.31373992562294006,1.391950249671936
19,19,503,2006-01-21T23:00:00.000000,542.07763671875,10.947948455810547,0.3622265160083771,0.28300371766090393,1.2858586311340332
20,20,503,2006-01-21T23:00:00.000000,476.2529296875,10.724809646606445,0.25547558069229126,0.24839651584625244,1.1441073417663574
21,21,503,2006-01-21T23:00:00.000000,406.8600769042969,10.157840728759766,0.23166100680828094,0.24238480627536774,1.042457103729248
22,22,503,2006-01-21T23:00:00.000000,510.764892578125,10.184172630310059,0.2463582158088684,0.22366535663604736,1.0182348489761353
23,23,503,2006-01-21T23:00:00.000000,4124.16064453125,30.398853302001953,0.40113744139671326,0.2998029887676239,1.379509687423706
24,24,503,2006-01-21T23:00:00.000000,470.0163269042969,9.783647537231445,0.26261651515960693,0.23126259446144104,1.0635091066360474
25,25,503,2006-01-21T23:00:00.000000,459.960205078125,10.119781494140625,0.40573596954345703,0.3005611002445221,1.3392221927642822
26,26,503,2006-01-21T23:00:00.000000,636.2514038085938,12.189986228942871,0.4437898099422455,0.32194188237190247,1.4635199308395386
27,27,503,2006-01-21T23:00:00.000000,459.39910888671875,10.269780158996582,0.23436853289604187,0.23196138441562653,1.018654465675354
28,28,503,2006-01-21T23:00:00.000000,2304.482421875,23.282115936279297,0.23112288117408752,0.23316170275211334,1.0058754682540894
29,29,503,2006-01-21T23:00:00.000000,525.4713134765625,11.431066513061523,0.3466280698776245,0.2935919165611267,1.3257917165756226
30,30,503,2006-01-21T23:00:00.000000,366.4770202636719,9.502525329589844,0.2994748651981354,0.2716413140296936,1.2482750415802002
31,31,503,2006-01-21T23:00:00.000000,1573.440185546875,18.683086395263672,0.18849468231201172,0.20449048280715942,0.9092538356781006
32,32,503,2006-01-21T23:00:00.000000,609.7122802734375,11.17406940460205,0.3310350179672241,0.26036691665649414,1.1144602298736572
33,33,503,2006-01-21T23:00:00.000000,542.2984008789062,10.919654846191406,0.36854517459869385,0.2846657335758209,1.2530996799468994
34,34,503,2006-01-21T23:00:00.000000,489.4906005859375,11.05750560760498,0.3623778223991394,0.3008609116077423,1.3852864503860474
35,35,503,2006-01-21T23:00:00.000000,304.98138427734375,8.961712837219238,0.20765312016010284,0.23384258151054382,1.0824729204177856
36,36,503,2006-01-21T23:00:00.000000,472.4286804199219,10.934708595275879,0.2768098711967468,0.2646853029727936,1.1788495779037476
37,37,503,2006-01-21T23:00:00.000000,247.63804626464844,7.3946027755737305,0.27251821756362915,0.24530357122421265,1.0478307008743286
38,38,503,2006-01-21T23:00:00.000000,470.9089660644531,10.279980659484863,0.2735213339328766,0.24775327742099762,1.04326331615448
39,39,503,2006-01-21T23:00:00.000000,635.3890380859375,12.994001388549805,0.4229380488395691,0.3352442979812622,1.4608157873153687
40,40,503,2006-01-21T23:00:00.000000,2927.51220703125,25.3553466796875,0.2163892537355423,0.2179907262325287,0.9665731191635132
41,41,503,2006-01-21T23:00:00.000000,622.5225830078125,12.210112571716309,0.4053904712200165,0.3115866482257843,1.3993362188339233
42,42,503,2006-01-21T23:00:00.000000,327.6092529296875,8.925065040588379,0.16945780813694,0.20298509299755096,0.9243155121803284
43,43,503,2006-01-21T23:00:00.000000,662.0703735351562,11.615522384643555,0.43853384256362915,0.2989429235458374,1.3395559787750244
44,44,503,2006-01-21T23:00:00.000000,952.3355102539062,15.209609985351562,0.267609566450119,0.2549610733985901,1.1050909757614136
45,45,503,2006-01-21T23:00:00.000000,262.3190002441406,8.195510864257812,0.22144512832164764,0.23811911046504974,1.0730795860290527
46,46,503,2006-01-21T23:00:00.000000,246.56378173828125,7.211864948272705,0.2657474875450134,0.23676499724388123,1.0276106595993042
47,47,503,2006-01-21T23:00:00.000000,337.1239318847656,7.9625725746154785,0.20284882187843323,0.19531916081905365,0.8943912982940674
48,48,503,2006-01-21T23:00:00.000000,426.1184387207031,10.442487716674805,0.22980469465255737,0.24250364303588867,1.0959982872009277
49,49,503,2006-01-21T23:00:00.000000,456.7024841308594,10.195430755615234,0.2751160264015198,0.2502342760562897,1.0962594747543335
50,50,503,2006-01-21T23:00:00.000000,646.9239501953125,11.404088973999023,0.3524971604347229,0.26620227098464966,1.2037051916122437
51,51,503,2006-01-21T23:00:00.000000,590.1275634765625,11.293804168701172,0.3836538791656494,0.28796327114105225,1.246660828590393
52,52,503,2006-01-21T23:00:00.000000,507.6126403808594,11.03872013092041,0.27994951605796814,0.2592342495918274,1.1775447130203247
53,53,503,2006-01-21T23:00:00.000000,629.455810546875,11.942853927612305,0.3572711944580078,0.28452765941619873,1.2656981945037842
54,54,503,2006-01-21T23:00:00.000000,372.2772521972656,7.997109889984131,0.22107639908790588,0.19488169252872467,0.846638023853302
55,55,503,2006-01-21T23:00:00.000000,529.6333618164062,11.01331901550293,0.2908380925655365,0.2580810785293579,1.1847848892211914
56,56,503,2006-01-21T23:00:00.000000,554.4195556640625,11.11761474609375,0.3071175813674927,0.2616644501686096,1.1299347877502441
57,57,503,2006-01-21T23:00:00.000000,513.0628051757812,11.076985359191895,0.3670966327190399,0.29629647731781006,1.3278656005859375
58,58,503,2006-01-21T23:00:00.000000,323.99578857421875,8.045882225036621,0.19494874775409698,0.19736231863498688,0.8838152289390564
59,59,503,2006-01-21T23:00:00.000000,514.8466186523438,10.983794212341309,0.2853371500968933,0.2585785686969757,1.114577293395996
60,60,503,2006-01-21T23:00:00.000000,294.65789794921875,8.378144264221191,0.3322688937187195,0.2813413739204407,1.2135595083236694
61,61,503,2006-01-21T23:00:00.000000,375.7178039550781,8.089922904968262,0.1854708045721054,0.1797427088022232,0.8325452208518982
62,62,503,2006-01-21T23:00:00.000000,750.2188110351562,12.374571800231934,0.4903855621814728,0.31637707352638245,1.4297810792922974
63,63,503,2006-01-21T23:00:00.000000,434.1354675292969,9.607629776000977,0.30837804079055786,0.2560620903968811,1.1335173845291138
64,64,503,2006-01-21T23:00:00.000000,387.2705993652344,9.314756393432617,0.23993054032325745,0.23184995353221893,1.0162287950515747
65,65,503,2006-01-21T23:00:00.000000,433.4712219238281,10.04800033569336,0.26415541768074036,0.24804426729679108,1.0789769887924194
66,66,503,2006-01-21T23:00:00.000000,557.3937377929688,10.684638977050781,0.29977110028266907,0.24778425693511963,1.123030185699463
67,67,503,2006-01-21T23:00:00.000000,430.5226135253906,10.156798362731934,0.23022502660751343,0.23487409949302673,1.048059105873108
68,68,503,2006-01-21T23:00:00.000000,1843.703857421875,23.4698429107666,0.36680305004119873,0.3310404419898987,1.4106532335281372
69,69,503,2006-01-21T23:00:00.000000,2154.95556640625,23.137678146362305,0.28484588861465454,0.2660146951675415,1.1677603721618652
70,70,503,2006-01-21T23:00:00.000000,933.0972290039062,14.824140548706055,0.2185359001159668,0.2268650233745575,0.9855982661247253
71,71,503,2006-01-21T23:00:00.000000,172.81626892089844,5.695627689361572,0.18019430339336395,0.1839161366224289,0.8395559191703796
72,72,503,2006-01-21T23:00:00.000000,420.14129638671875,9.774187088012695,0.2601699233055115,0.24322685599327087,1.0362348556518555
73,73,503,2006-01-21T23:00:00.000000,5052.6123046875,37.5770149230957,0.3959667682647705,0.3326546549797058,1.486764669418335
74,74,503,2006-01-21T23:00:00.000000,545.3345947265625,10.669183731079102,0.29070374369621277,0.24633432924747467,1.1055350303649902
75,75,503,2006-01-21T23:00:00.000000,493.5545959472656,10.78181266784668,0.27692049741744995,0.2553887665271759,1.1604512929916382
76,76,503,2006-01-21T23:00:00.000000,764.3480224609375,13.04006576538086,0.3251875638961792,0.2689683735370636,1.1331939697265625
77,77,503,2006-01-21T23:00:00.000000,629.6241455078125,12.280428886413574,0.444294810295105,0.32621845602989197,1.5121313333511353
78,78,503,2006-01-21T23:00:00.000000,324.1512451171875,8.679038047790527,0.17098334431648254,0.19933094084262848,0.9157678484916687
79,79,503,2006-01-21T23:00:00.000000,362.4538879394531,9.368769645690918,0.21449044346809387,0.22790829837322235,1.0331693887710571
80,80,503,2006-01-21T23:00:00.000000,885.424560546875,13.003264427185059,0.21313545107841492,0.20174576342105865,0.9253354668617249
81,81,503,2006-01-21T23:00:00.000000,521.2386474609375,11.10926628112793,0.3717806935310364,0.29669517278671265,1.3209997415542603
82,82,503,2006-01-21T23:00:00.000000,444.1429138183594,8.921433448791504,0.263410359621048,0.21726495027542114,0.9581059217453003
83,83,503,2006-01-21T23:00:00.000000,250.25244140625,7.71127462387085,0.2917079031467438,0.2632758915424347,1.1449908018112183
84,84,503,2006-01-21T23:00:00.000000,677.4154052734375,12.855712890625,0.4654468297958374,0.3369796574115753,1.4652128219604492
85,85,503,2006-01-21T23:00:00.000000,503.9983825683594,9.866174697875977,0.3368925154209137,0.25508207082748413,1.1605093479156494
86,86,503,2006-01-21T23:00:00.000000,591.2919311523438,11.506863594055176,0.34075483679771423,0.2762339413166046,1.1707735061645508
87,87,503,2006-01-21T23:00:00.000000,531.854248046875,10.544599533081055,0.35763391852378845,0.2734344005584717,1.1540324687957764
88,88,503,2006-01-21T23:00:00.000000,525.8355102539062,10.974017143249512,0.43852534890174866,0.3169114887714386,1.3821250200271606
89,89,503,2006-01-21T23:00:00.000000,500.72705078125,10.02346134185791,0.3484927713871002,0.26443204283714294,1.1669214963912964
90,90,503,2006-01-21T23:00:00.000000,189.82098388671875,5.550665855407715,0.1936977356672287,0.17731082439422607,0.8132784962654114
91,91,503,2006-01-21T23:00:00.000000,369.2802734375,8.773907661437988,0.22413210570812225,0.21615585684776306,0.9433905482292175
92,92,503,2006-01-21T23:00:00.000000,509.5006103515625,10.230040550231934,0.2922731041908264,0.24501881003379822,1.091557264328003
93,93,503,2006-01-21T23:00:00.000000,404.2130432128906,8.964529037475586,0.24578678607940674,0.22105562686920166,0.9874213337898254
94,94,503,2006-01-21T23:00:00.000000,418.9432678222656,10.690742492675781,0.29929932951927185,0.2857479453086853,1.2473193407058716
95,95,503,2006-01-21T23:00:00.000000,436.6289978027344,10.088827133178711,0.2660556137561798,0.249040886759758,1.1423029899597168
96,96,503,2006-01-21T23:00:00.000000,283.050537109375,8.189311981201172,0.2426634281873703,0.23978254199028015,1.043396234512329
97,97,503,2006-01-21T23:00:00.000000,423.1754150390625,9.082317352294922,0.2888152599334717,0.23727203905582428,1.0606685876846313
98,98,503,2006-01-21T23:00:00.000000,389.7028503417969,9.858146667480469,0.3542914092540741,0.29724106192588806,1.4120361804962158
99,99,503,2006-01-21T23:00:00.000000,464.59521484375,10.918891906738281,0.2493133544921875,0.2529379427433014,1.0994741916656494
100,100,503,2006-01-21T23:00:00.000000,269.55108642578125,7.671626091003418,0.29983335733413696,0.25586259365081787,1.141361117362976
101,101,503,2006-01-21T23:00:00.000000,291.30078125,8.05915355682373,0.32523754239082336,0.26928919553756714,1.1030023097991943
102,102,503,2006-01-21T23:00:00.000000,498.24462890625,11.349984169006348,0.3358553647994995,0.2946796119213104,1.395888090133667
103,103,503,2006-01-21T23:00:00.000000,646.4014892578125,11.9290771484375,0.450382798910141,0.3148811161518097,1.4037492275238037
104,104,503,2006-01-21T23:00:00.000000,1437.783447265625,17.829631805419922,0.27618926763534546,0.24711498618125916,1.0710983276367188
105,105,503,2006-01-21T23:00:00.000000,1109.7974853515625,15.847705841064453,0.18252816796302795,0.20324014127254486,0.8810997009277344
106,106,503,2006-01-21T23:00:00.000000,323.57830810546875,9.25991439819336,0.22465313971042633,0.24399080872535706,1.092134714126587
107,107,503,2006-01-21T23:00:00.000000,609.29150390625,10.883289337158203,0.32670775055885315,0.25201553106307983,1.0732227563858032
108,108,503,2006-01-21T23:00:00.000000,449.069580078125,9.45797061920166,0.3092024624347687,0.24817761778831482,1.097278118133545
109,109,503,2006-01-21T23:00:00.000000,520.0590209960938,10.41103744506836,0.2757323384284973,0.2397240251302719,1.0924923419952393
110,110,503,2006-01-21T23:00:00.000000,573.4415283203125,12.20827865600586,0.3652797341346741,0.3081219494342804,1.3859578371047974
111,111,503,2006-01-21T23:00:00.000000,304.82513427734375,7.984716892242432,0.1532561480998993,0.17903710901737213,0.822862982749939
112,112,503,2006-01-21T23:00:00.000000,146.48681640625,5.517716884613037,0.20863983035087585,0.2082373946905136,0.9007859230041504
113,113,503,2006-01-21T23:00:00.000000,527.5444946289062,11.066505432128906,0.37732911109924316,0.2959655225276947,1.3858617544174194
114,114,503,2006-01-21T23:00:00.000000,466.5860290527344,11.049114227294922,0.2513250708580017,0.2564363181591034,1.1531703472137451
115,115,503,2006-01-21T23:00:00.000000,36.48671340942383,2.8325750827789307,0.22494769096374512,0.22241024672985077,0.996283769607544
116,116,503,2006-01-21T23:00:00.000000,330.6091613769531,8.01636028289795,0.1673426330089569,0.18035288155078888,0.8261918425559998
117,117,503,2006-01-21T23:00:00.000000,519.4006958007812,11.028899192810059,0.2749204635620117,0.25373736023902893,1.140365719795227
118,118,503,2006-01-21T23:00:00.000000,574.5307006835938,10.925952911376953,0.3254929184913635,0.2600599527359009,1.128584384918213
119,119,503,2006-01-21T23:00:00.000000,205.18310546875,5.9199323654174805,0.22172336280345917,0.19460394978523254,0.8613114356994629
120,120,503,2006-01-21T23:00:00.000000,633.5494995117188,11.617621421813965,0.3471594750881195,0.27195146679878235,1.23086678981781
121,121,503,2006-01-21T23:00:00.000000,2689.60791015625,26.347549438476562,0.3545558750629425,0.3025088310241699,1.252025842666626
122,122,503,2006-01-21T23:00:00.000000,339.62091064453125,9.317184448242188,0.16998302936553955,0.20844441652297974,0.9584128856658936
123,123,503,2006-01-21T23:00:00.000000,492.6365051269531,10.212315559387207,0.2780897915363312,0.24263501167297363,1.08943510055542
124,124,503,2006-01-21T23:00:00.000000,959.863037109375,14.612981796264648,0.16389186680316925,0.19094699621200562,0.8739570379257202
125,125,503,2006-01-21T23:00:00.000000,955.7827758789062,14.717076301574707,0.24713930487632751,0.23665344715118408,1.0432935953140259
126,126,503,2006-01-21T23:00:00.000000,173.06759643554688,6.528439521789551,0.3005385994911194,0.2720518112182617,1.179612398147583
127,127,503,2006-01-21T23:00:00.000000,516.5142822265625,10.681441307067871,0.3029172420501709,0.2586727440357208,1.1595228910446167
128,128,503,2006-01-21T23:00:00.000000,495.53228759765625,9.598631858825684,0.2695296108722687,0.22386007010936737,0.9695979952812195
129,129,503,2006-01-21T23:00:00.000000,40.63898468017578,3.2686498165130615,0.24581237137317657,0.2542136609554291,1.0870287418365479
130,130,503,2006-01-21T23:00:00.000000,321.0802917480469,8.918068885803223,0.2178126573562622,0.23227664828300476,1.058618187904358
131,131,503,2006-01-21T23:00:00.000000,534.527099609375,11.818282127380371,0.3922507166862488,0.32014843821525574,1.421913981437683
132,132,503,2006-01-21T23:00:00.000000,657.3726196289062,12.895379066467285,0.4383043646812439,0.3329784870147705,1.5328060388565063
133,133,503,2006-01-21T23:00:00.000000,422.3951110839844,10.044332504272461,0.2166130542755127,0.22745943069458008,1.0240179300308228
134,134,503,2006-01-21T23:00:00.000000,456.2239990234375,10.732573509216309,0.26984769105911255,0.2610202431678772,1.1441587209701538
135,135,503,2006-01-21T23:00:00.000000,345.61181640625,10.325616836547852,0.29874807596206665,0.30358079075813293,1.2886844873428345
136,136,503,2006-01-21T23:00:00.000000,1089.152099609375,15.023767471313477,0.2942065894603729,0.2469225823879242,1.0352985858917236
0,0,1015,2006-02-12T07:00:00.000000,2480.948974609375,21.797649383544922,0.2827601134777069,0.23270723223686218,1.0565578937530518
1,1,1015,2006-02-12T07:00:00.000000,1194.0904541015625,15.358010292053223,0.49173492193222046,0.3116605579853058,1.3765287399291992
2,2,1015,2006-02-12T07:00:00.000000,739.2980346679688,13.28091049194336,0.3974139392375946,0.3079212009906769,1.4009517431259155
3,3,1015,2006-02-12T07:00:00.000000,1177.8756103515625,16.091201782226562,0.4841855764389038,0.32624566555023193,1.5228651762008667
4,4,1015,2006-02-12T07:00:00.000000,1942.23046875,18.993358612060547,0.28377342224121094,0.22958165407180786,1.0274851322174072
5,5,1015,2006-02-12T07:00:00.000000,10122.5390625,43.2702751159668,0.5066670775413513,0.3061303198337555,1.3557422161102295
6,6,1015,2006-02-12T07:00:00.000000,311.4727478027344,7.223874092102051,0.15434259176254272,0.1608063131570816,0.7534465789794922
7,7,1015,2006-02-12T07:00:00.000000,934.1676025390625,15.701682090759277,0.5036917924880981,0.36459964513778687,1.6094772815704346
8,8,1015,2006-02-12T07:00:00.000000,1730.3272705078125,20.151988983154297,0.7096609473228455,0.40811190009117126,1.9219480752944946
9,9,1015,2006-02-12T07:00:00.000000,991.115234375,15.442448616027832,0.513414204120636,0.35146981477737427,1.571122646331787
10,10,1015,2006-02-12T07:00:00.000000,882.570068359375,15.167577743530273,0.49724552035331726,0.36002039909362793,1.618741750717163
11,11,1015,2006-02-12T07:00:00.000000,201.9338836669922,5.792072772979736,0.2490065097808838,0.20339244604110718,0.8856704235076904
12,12,1015,2006-02-12T07:00:00.000000,1384.9677734375,17.777786254882812,0.5730788111686707,0.36163049936294556,1.5771403312683105
13,13,1015,2006-02-12T07:00:00.000000,801.2308349609375,14.133036613464355,0.4291469156742096,0.3270842432975769,1.4258041381835938
14,14,1015,2006-02-12T07:00:00.000000,1677.850830078125,20.28949546813965,0.5600729584693909,0.3706951141357422,1.6934425830841064
15,15,1015,2006-02-12T07:00:00.000000,250.892578125,6.6830363273620605,0.3328954577445984,0.24343550205230713,1.08681321144104
16,16,1015,2006-02-12T07:00:00.000000,1376.6007080078125,17.607404708862305,0.5862955451011658,0.36337047815322876,1.6410545110702515
17,17,1015,2006-02-12T07:00:00.000000,1559.1859130859375,18.715421676635742,0.6819356679916382,0.3914014399051666,1.729963779449463
18,18,1015,2006-02-12T07:00:00.000000,824.0910034179688,13.629178047180176,0.44005581736564636,0.31494590640068054,1.424277901649475
19,19,1015,2006-02-12T07:00:00.000000,828.4161376953125,14.104662895202637,0.45207124948501587,0.32948967814445496,1.3858894109725952
20,20,1015,2006-02-12T07:00:00.000000,1361.49072265625,16.894845962524414,0.5467327833175659,0.3385590612888336,1.558027982711792
21,21,1015,2006-02-12T07:00:00.000000,1105.2437744140625,16.29721450805664,0.47546958923339844,0.3380225896835327,1.457268476486206
22,22,1015,2006-02-12T07:00:00.000000,1140.668701171875,16.955902099609375,0.40522393584251404,0.3195866644382477,1.4649043083190918
23,23,1015,2006-02-12T07:00:00.000000,5240.5263671875,31.89959144592285,0.4092353582382202,0.2818929851055145,1.2617605924606323
24,24,1015,2006-02-12T07:00:00.000000,1505.4716796875,18.213945388793945,0.6365908980369568,0.3745397925376892,1.6064976453781128
25,25,1015,2006-02-12T07:00:00.000000,656.0925903320312,12.7505521774292,0.43854615092277527,0.32965075969696045,1.4743741750717163
26,26,1015,2006-02-12T07:00:00.000000,1002.1318969726562,16.062400817871094,0.528378427028656,0.36882516741752625,1.6605123281478882
27,27,1015,2006-02-12T07:00:00.000000,952.8294677734375,12.924470901489258,0.386089026927948,0.2601650357246399,1.1490553617477417
28,28,1015,2006-02-12T07:00:00.000000,5075.34765625,30.091047286987305,0.40137019753456116,0.2675943970680237,1.141359567642212
29,29,1015,2006-02-12T07:00:00.000000,1051.568603515625,16.206623077392578,0.5484727025032043,0.3701273798942566,1.6294087171554565
30,30,1015,2006-02-12T07:00:00.000000,620.7544555664062,12.699445724487305,0.3742053806781769,0.3118026852607727,1.4406291246414185
31,31,1015,2006-02-12T07:00:00.000000,4880.248046875,31.153451919555664,0.4911481738090515,0.3125298321247101,1.3321986198425293
32,32,1015,2006-02-12T07:00:00.000000,1444.57177734375,17.93213653564453,0.6069663763046265,0.367574006319046,1.617216944694519
33,33,1015,2006-02-12T07:00:00.000000,1201.7452392578125,16.849088668823242,0.6110491156578064,0.3799341022968292,1.7026290893554688
34,34,1015,2006-02-12T07:00:00.000000,865.7654418945312,14.303746223449707,0.508296549320221,0.3465837836265564,1.5290321111679077
35,35,1015,2006-02-12T07:00:00.000000,553.7418212890625,10.009588241577148,0.2898014187812805,0.22898803651332855,1.0426440238952637
36,36,1015,2006-02-12T07:00:00.000000,1218.8331298828125,16.894132614135742,0.513902485370636,0.3468998670578003,1.5053855180740356
37,37,1015,2006-02-12T07:00:00.000000,757.3792724609375,13.451581954956055,0.6060855388641357,0.3805254101753235,1.7499632835388184
38,38,1015,2006-02-12T07:00:00.000000,1424.331298828125,17.728891372680664,0.6225993633270264,0.37066400051116943,1.5880531072616577
39,39,1015,2006-02-12T07:00:00.000000,921.4692993164062,14.86214542388916,0.48578590154647827,0.34124284982681274,1.5045047998428345
40,40,1015,2006-02-12T07:00:00.000000,8082.92041015625,40.7891960144043,0.48575493693351746,0.3162056803703308,1.4187451601028442
41,41,1015,2006-02-12T07:00:00.000000,810.425537109375,14.279631614685059,0.4205339252948761,0.3252826929092407,1.4679300785064697
42,42,1015,2006-02-12T07:00:00.000000,987.671142578125,14.015145301818848,0.37451598048210144,0.27291449904441833,1.203920841217041
43,43,1015,2006-02-12T07:00:00.000000,992.8264770507812,15.67947006225586,0.5403165817260742,0.3657790720462799,1.5212072134017944
44,44,1015,2006-02-12T07:00:00.000000,1265.004150390625,15.958603858947754,0.28193357586860657,0.2382442206144333,1.1041738986968994
45,45,1015,2006-02-12T07:00:00.000000,613.1912231445312,11.35750675201416,0.364287793636322,0.27682626247406006,1.222046971321106
46,46,1015,2006-02-12T07:00:00.000000,777.3499145507812,13.517930030822754,0.6178268194198608,0.38109681010246277,1.7239067554473877
47,47,1015,2006-02-12T07:00:00.000000,950.7423706054688,13.860711097717285,0.45130398869514465,0.30198726058006287,1.3817718029022217
48,48,1015,2006-02-12T07:00:00.000000,1127.9334716796875,13.831664085388184,0.46929749846458435,0.2821349501609802,1.2280057668685913
49,49,1015,2006-02-12T07:00:00.000000,1602.2310791015625,19.992673873901367,0.6994953155517578,0.417734831571579,1.8885629177093506
50,50,1015,2006-02-12T07:00:00.000000,1401.68359375,17.696880340576172,0.5865403413772583,0.36201006174087524,1.61597740650177
51,51,1015,2006-02-12T07:00:00.000000,1157.802734375,16.43871307373047,0.6228328347206116,0.38127318024635315,1.6272109746932983
52,52,1015,2006-02-12T07:00:00.000000,1016.4802856445312,13.546977043151855,0.43697965145111084,0.28088170289993286,1.218833088874817
53,53,1015,2006-02-12T07:00:00.000000,1424.967529296875,17.869827270507812,0.6040977239608765,0.36793529987335205,1.6695502996444702
54,54,1015,2006-02-12T07:00:00.000000,374.7695007324219,7.606195449829102,0.1870238482952118,0.16991585493087769,0.7881582379341125
55,55,1015,2006-02-12T07:00:00.000000,1281.2147216796875,16.277414321899414,0.506747841835022,0.32372066378593445,1.4872647523880005
56,56,1015,2006-02-12T07:00:00.000000,1088.30810546875,15.71310043334961,0.4597858786582947,0.3229711651802063,1.446700930595398
57,57,1015,2006-02-12T07:00:00.000000,866.7620849609375,14.83923625946045,0.48904064297676086,0.3524797260761261,1.5974609851837158
58,58,1015,2006-02-12T07:00:00.000000,1021.7720336914062,13.639619827270508,0.5094062089920044,0.3045491874217987,1.3690924644470215
59,59,1015,2006-02-12T07:00:00.000000,1506.1661376953125,18.008588790893555,0.6502916812896729,0.37419450283050537,1.6514261960983276
60,60,1015,2006-02-12T07:00:00.000000,563.6109008789062,11.62165355682373,0.4901324212551117,0.3427164852619171,1.5519193410873413
61,61,1015,2006-02-12T07:00:00.000000,999.9488525390625,14.63238525390625,0.39080920815467834,0.2892734706401825,1.2920939922332764
62,62,1015,2006-02-12T07:00:00.000000,941.7267456054688,15.798385620117188,0.5055190324783325,0.3660319149494171,1.6101855039596558
63,63,1015,2006-02-12T07:00:00.000000,1042.8521728515625,15.197164535522461,0.5497620105743408,0.3489301800727844,1.5363010168075562
64,64,1015,2006-02-12T07:00:00.000000,808.5681762695312,11.905970573425293,0.38114431500434875,0.25849443674087524,1.1731975078582764
65,65,1015,2006-02-12T07:00:00.000000,1169.535400390625,16.735013961791992,0.5194445848464966,0.35268664360046387,1.5444637537002563
66,66,1015,2006-02-12T07:00:00.000000,966.745361328125,14.346010208129883,0.3931397497653961,0.2893000841140747,1.2791907787322998
67,67,1015,2006-02-12T07:00:00.000000,819.5816650390625,11.779714584350586,0.3387431204319,0.2394825667142868,1.0535087585449219
68,68,1015,2006-02-12T07:00:00.000000,3694.546142578125,32.65186309814453,0.49513527750968933,0.37799784541130066,1.7262862920761108
69,69,1015,2006-02-12T07:00:00.000000,2725.5078125,20.97736930847168,0.2665756940841675,0.20746152102947235,0.8992382287979126
70,70,1015,2006-02-12T07:00:00.000000,1185.52099609375,13.373978614807129,0.2245452105998993,0.18405935168266296,0.8243857026100159
71,71,1015,2006-02-12T07:00:00.000000,432.7497253417969,9.5103759765625,0.3624572455883026,0.2752375304698944,1.2427664995193481
72,72,1015,2006-02-12T07:00:00.000000,716.90576171875,11.570170402526855,0.3364660441875458,0.25065672397613525,1.1011288166046143
73,73,1015,2006-02-12T07:00:00.000000,6921.04248046875,40.06092071533203,0.3798578679561615,0.2967876195907593,1.2653863430023193
74,74,1015,2006-02-12T07:00:00.000000,1156.351806640625,14.758347511291504,0.45965078473091125,0.29424339532852173,1.3504177331924438
75,75,1015,2006-02-12T07:00:00.000000,1289.30810546875,17.52081871032715,0.5576525926589966,0.3643828332424164,1.5842264890670776
76,76,1015,2006-02-12T07:00:00.000000,2057.996337890625,21.6794376373291,0.6874753832817078,0.3962363302707672,1.7669544219970703
77,77,1015,2006-02-12T07:00:00.000000,882.3380126953125,14.802117347717285,0.48549884557724,0.34721657633781433,1.5642062425613403
78,78,1015,2006-02-12T07:00:00.000000,1012.4365844726562,14.28426742553711,0.3864971101284027,0.27909189462661743,1.2138032913208008
79,79,1015,2006-02-12T07:00:00.000000,821.7327880859375,12.067687034606934,0.3742945194244385,0.25755229592323303,1.1082998514175415
80,80,1015,2006-02-12T07:00:00.000000,2263.439697265625,21.636320114135742,0.4423581659793854,0.3024725615978241,1.3683371543884277
81,81,1015,2006-02-12T07:00:00.000000,780.4454345703125,13.16552734375,0.42283958196640015,0.30644655227661133,1.3134452104568481
82,82,1015,2006-02-12T07:00:00.000000,368.1598815917969,8.21760082244873,0.18976177275180817,0.18656544387340546,0.8787384033203125
83,83,1015,2006-02-12T07:00:00.000000,638.6962890625,12.431951522827148,0.5556529760360718,0.3666857182979584,1.5843300819396973
84,84,1015,2006-02-12T07:00:00.000000,877.987548828125,14.556279182434082,0.4642469882965088,0.3347192704677582,1.4979302883148193
85,85,1015,2006-02-12T07:00:00.000000,1023.652099609375,14.80145263671875,0.53086918592453,0.33707138895988464,1.5385997295379639
86,86,1015,2006-02-12T07:00:00.000000,1172.14013671875,16.647184371948242,0.4947091042995453,0.341999888420105,1.5081336498260498
87,87,1015,2006-02-12T07:00:00.000000,1202.9801025390625,16.257783889770508,0.6016356348991394,0.36357906460762024,1.6087000370025635
88,88,1015,2006-02-12T07:00:00.000000,644.2675170898438,12.762541770935059,0.4265483617782593,0.3283887207508087,1.471886396408081
89,89,1015,2006-02-12T07:00:00.000000,1148.9854736328125,16.44559669494629,0.5889967679977417,0.37234780192375183,1.6645976305007935
90,90,1015,2006-02-12T07:00:00.000000,454.4560546875,9.036494255065918,0.370944082736969,0.2581714689731598,1.1540685892105103
91,91,1015,2006-02-12T07:00:00.000000,1005.4653930664062,13.277235984802246,0.4823944568634033,0.2908206582069397,1.3054940700531006
92,92,1015,2006-02-12T07:00:00.000000,1492.82177734375,18.07480239868164,0.6107116341590881,0.36558443307876587,1.6950763463974
93,93,1015,2006-02-12T07:00:00.000000,987.8765258789062,13.736034393310547,0.48581838607788086,0.3046119809150696,1.320167064666748
94,94,1015,2006-02-12T07:00:00.000000,1002.4447631835938,15.655852317810059,0.540108859539032,0.3634018003940582,1.672822117805481
95,95,1015,2006-02-12T07:00:00.000000,862.1975708007812,12.7300386428833,0.40186941623687744,0.27483296394348145,1.2059910297393799
96,96,1015,2006-02-12T07:00:00.000000,674.468017578125,12.581948280334473,0.4211280941963196,0.3143940567970276,1.4906716346740723
97,97,1015,2006-02-12T07:00:00.000000,1178.5850830078125,16.25276756286621,0.6058217883110046,0.3684845566749573,1.6046050786972046
98,98,1015,2006-02-12T07:00:00.000000,543.9872436523438,11.656637191772461,0.37560147047042847,0.3062968850135803,1.3268508911132812
99,99,1015,2006-02-12T07:00:00.000000,907.43798828125,13.063822746276855,0.3858115077018738,0.26937007904052734,1.1857879161834717
100,100,1015,2006-02-12T07:00:00.000000,504.41546630859375,10.955476760864258,0.4445361793041229,0.3252300024032593,1.4594148397445679
101,101,1015,2006-02-12T07:00:00.000000,723.9486694335938,12.840950965881348,0.5916845798492432,0.3671034574508667,1.6259894371032715
102,102,1015,2006-02-12T07:00:00.000000,1022.811767578125,15.536593437194824,0.5524070262908936,0.3610668182373047,1.572526454925537
103,103,1015,2006-02-12T07:00:00.000000,812.3312377929688,14.0111665725708,0.44890376925468445,0.32937029004096985,1.465460181236267
104,104,1015,2006-02-12T07:00:00.000000,3598.4599609375,29.373504638671875,0.5274429321289062,0.3556191921234131,1.605597972869873
105,105,1015,2006-02-12T07:00:00.000000,1622.0831298828125,16.276182174682617,0.22010254859924316,0.18959568440914154,0.868532657623291
106,106,1015,2006-02-12T07:00:00.000000,1019.5743408203125,16.090177536010742,0.5750113129615784,0.3821110427379608,1.7039190530776978
107,107,1015,2006-02-12T07:00:00.000000,1432.8092041015625,17.306560516357422,0.5974880456924438,0.35341188311576843,1.61609947681427
108,108,1015,2006-02-12T07:00:00.000000,1174.9866943359375,16.061521530151367,0.5977985262870789,0.36228275299072266,1.5927109718322754
109,109,1015,2006-02-12T07:00:00.000000,1254.9384765625,16.64101219177246,0.5090789794921875,0.33516690135002136,1.5703634023666382
110,110,1015,2006-02-12T07:00:00.000000,824.7697143554688,14.359465599060059,0.42560723423957825,0.3261943459510803,1.462907075881958
111,111,1015,2006-02-12T07:00:00.000000,1081.7177734375,14.581377983093262,0.4231857657432556,0.2884078621864319,1.252496600151062
112,112,1015,2006-02-12T07:00:00.000000,142.88839721679688,4.955564975738525,0.1757892519235611,0.17381642758846283,0.8041062951087952
113,113,1015,2006-02-12T07:00:00.000000,936.8643188476562,15.581375122070312,0.545498251914978,0.375979483127594,1.6851612329483032
114,114,1015,2006-02-12T07:00:00.000000,857.3314819335938,12.479044914245605,0.36918872594833374,0.2589591145515442,1.1744818687438965
115,115,1015,2006-02-12T07:00:00.000000,86.07366180419922,4.056057929992676,0.42259344458580017,0.2842041552066803,1.2733328342437744
116,116,1015,2006-02-12T07:00:00.000000,1098.0589599609375,14.47011661529541,0.42515701055526733,0.2847304046154022,1.2836127281188965
117,117,1015,2006-02-12T07:00:00.000000,1140.968017578125,14.30218505859375,0.49246034026145935,0.29713332653045654,1.3020341396331787
118,118,1015,2006-02-12T07:00:00.000000,1261.1885986328125,17.020450592041016,0.5466434359550476,0.3543505072593689,1.661417841911316
119,119,1015,2006-02-12T07:00:00.000000,486.4407958984375,9.623544692993164,0.39297476410865784,0.2735283672809601,1.2607649564743042
120,120,1015,2006-02-12T07:00:00.000000,1500.8878173828125,18.32672119140625,0.6364352703094482,0.37738773226737976,1.7692874670028687
121,121,1015,2006-02-12T07:00:00.000000,5050.30859375,37.392269134521484,0.4852631092071533,0.36653172969818115,1.5861153602600098
122,122,1015,2006-02-12T07:00:00.000000,1044.0982666015625,13.954558372497559,0.3865290582180023,0.26849520206451416,1.1521522998809814
123,123,1015,2006-02-12T07:00:00.000000,1378.017822265625,17.277786254882812,0.5801573991775513,0.35451409220695496,1.5611990690231323
124,124,1015,2006-02-12T07:00:00.000000,2936.40380859375,23.755563735961914,0.39779290556907654,0.27649417519569397,1.219066858291626
125,125,1015,2006-02-12T07:00:00.000000,2100.938232421875,19.33572006225586,0.42207372188568115,0.274061381816864,1.1701908111572266
126,126,1015,2006-02-12T07:00:00.000000,360.9846496582031,9.38497543334961,0.5025753974914551,0.35017842054367065,1.5903253555297852
127,127,1015,2006-02-12T07:00:00.000000,794.3529052734375,12.518537521362305,0.37509509921073914,0.27203047275543213,1.176339030265808
128,128,1015,2006-02-12T07:00:00.000000,1130.8768310546875,15.57531452178955,0.48472461104393005,0.3224606215953827,1.373947024345398
129,129,1015,2006-02-12T07:00:00.000000,90.05586242675781,4.151474952697754,0.45498523116111755,0.29508355259895325,1.2599202394485474
130,130,1015,2006-02-12T07:00:00.000000,722.453125,11.192954063415527,0.3998839557170868,0.2633339762687683,1.1542797088623047
131,131,1015,2006-02-12T07:00:00.000000,773.7553100585938,13.726555824279785,0.42037028074264526,0.3199453055858612,1.3976210355758667
132,132,1015,2006-02-12T07:00:00.000000,920.2642211914062,14.900712013244629,0.4927661716938019,0.344803124666214,1.5073626041412354
133,133,1015,2006-02-12T07:00:00.000000,1016.3311157226562,13.800597190856934,0.4376905560493469,0.286393940448761,1.2668722867965698
134,134,1015,2006-02-12T07:00:00.000000,1129.55810546875,16.01552963256836,0.49077290296554565,0.33383145928382874,1.4391543865203857
135,135,1015,2006-02-12T07:00:00.000000,689.0624389648438,12.380816459655762,0.4097270667552948,0.3019029498100281,1.2704360485076904
136,136,1015,2006-02-12T07:00:00.000000,3374.28955078125,29.755430221557617,0.7065282464027405,0.43056607246398926,1.9047778844833374
0,0,1527,2006-03-05T15:00:00.000000,3762.509765625,30.614025115966797,0.3601442277431488,0.29951590299606323,1.425661563873291
1,1,1527,2006-03-05T15:00:00.000000,495.0911865234375,10.263751983642578,0.19016849994659424,0.2011559158563614,0.9818971157073975
2,2,1527,2006-03-05T15:00:00.000000,689.1072998046875,12.848812103271484,0.2646233141422272,0.2517872154712677,1.1175587177276611
3,3,1527,2006-03-05T15:00:00.000000,506.6461181640625,11.561473846435547,0.21116745471954346,0.2360338717699051,1.1138948202133179
4,4,1527,2006-03-05T15:00:00.000000,3259.244873046875,27.224853515625,0.4027712643146515,0.3026469647884369,1.4774328470230103
5,5,1527,2006-03-05T15:00:00.000000,3704.186767578125,30.412492752075195,0.18107908964157104,0.21263745427131653,1.0455172061920166
6,6,1527,2006-03-05T15:00:00.000000,708.8711547851562,11.252294540405273,0.328020840883255,0.24205172061920166,1.1702964305877686
7,7,1527,2006-03-05T15:00:00.000000,503.6946716308594,11.890730857849121,0.23342613875865936,0.25597622990608215,1.2358794212341309
8,8,1527,2006-03-05T15:00:00.000000,496.3974304199219,10.294198989868164,0.19664162397384644,0.2048875242471695,1.0463954210281372
9,9,1527,2006-03-05T15:00:00.000000,621.0536499023438,12.98800277709961,0.2507994472980499,0.2610003352165222,1.19074547290802
10,10,1527,2006-03-05T15:00:00.000000,557.1575927734375,11.49615478515625,0.23753318190574646,0.23736995458602905,1.0979278087615967
11,11,1527,2006-03-05T15:00:00.000000,277.55914306640625,7.2215070724487305,0.3422081470489502,0.2535684406757355,1.2155262231826782
12,12,1527,2006-03-05T15:00:00.000000,558.6144409179688,12.708263397216797,0.21105021238327026,0.2470148652791977,1.2065188884735107
13,13,1527,2006-03-05T15:00:00.000000,528.1901245117188,12.732551574707031,0.22181613743305206,0.2609257400035858,1.1890411376953125
14,14,1527,2006-03-05T15:00:00.000000,567.7664184570312,12.411968231201172,0.17792591452598572,0.2197229266166687,1.0886553525924683
15,15,1527,2006-03-05T15:00:00.000000,312.6932373046875,8.702506065368652,0.3547840714454651,0.2931346297264099,1.3933981657028198
16,16,1527,2006-03-05T15:00:00.000000,437.5575866699219,10.262661933898926,0.17049935460090637,0.20258335769176483,1.0078130960464478
17,17,1527,2006-03-05T15:00:00.000000,484.6786804199219,11.910163879394531,0.18694442510604858,0.23390907049179077,1.1430120468139648
18,18,1527,2006-03-05T15:00:00.000000,645.3389892578125,13.334911346435547,0.2750352621078491,0.27528998255729675,1.246624231338501
19,19,1527,2006-03-05T15:00:00.000000,537.0578002929688,12.77181339263916,0.22413799166679382,0.2609154284000397,1.1824556589126587
20,20,1527,2006-03-05T15:00:00.000000,567.1400756835938,10.831879615783691,0.2299434095621109,0.21810677647590637,1.0789302587509155
21,21,1527,2006-03-05T15:00:00.000000,547.3599853515625,12.392552375793457,0.20592853426933289,0.24037125706672668,1.1704368591308594
22,22,1527,2006-03-05T15:00:00.000000,762.1563720703125,13.598856925964355,0.23891234397888184,0.24076847732067108,1.180356502532959
23,23,1527,2006-03-05T15:00:00.000000,3188.158447265625,26.093704223632812,0.25029686093330383,0.23120301961898804,1.099151611328125
24,24,1527,2006-03-05T15:00:00.000000,488.5071105957031,11.258124351501465,0.18486517667770386,0.21900708973407745,1.0803126096725464
25,25,1527,2006-03-05T15:00:00.000000,546.59814453125,12.096667289733887,0.28723689913749695,0.27730119228363037,1.2589093446731567
26,26,1527,2006-03-05T15:00:00.000000,389.8493957519531,10.15041732788086,0.16757947206497192,0.2104485183954239,0.960044264793396
27,27,1527,2006-03-05T15:00:00.000000,440.6829528808594,9.122313499450684,0.1535959094762802,0.17030668258666992,0.8151362538337708
28,28,1527,2006-03-05T15:00:00.000000,1604.365966796875,16.9241943359375,0.11609966307878494,0.14396992325782776,0.6784027218818665
29,29,1527,2006-03-05T15:00:00.000000,526.7041625976562,12.51837158203125,0.222744882106781,0.2574354410171509,1.2373480796813965
30,30,1527,2006-03-05T15:00:00.000000,580.1550903320312,11.919501304626465,0.3060007095336914,0.2737456262111664,1.30055832862854
31,31,1527,2006-03-05T15:00:00.000000,1733.7808837890625,17.86077117919922,0.17379359900951385,0.1788215935230255,0.8337324261665344
32,32,1527,2006-03-05T15:00:00.000000,488.4917907714844,9.657217979431152,0.19189859926700592,0.19140766561031342,0.956141471862793
33,33,1527,2006-03-05T15:00:00.000000,400.8141784667969,9.646636009216309,0.20352371037006378,0.21737612783908844,1.054689645767212
34,34,1527,2006-03-05T15:00:00.000000,522.985107421875,10.841909408569336,0.24718917906284332,0.2357088327407837,1.0583425760269165
35,35,1527,2006-03-05T15:00:00.000000,531.072998046875,10.226844787597656,0.28211086988449097,0.235708087682724,1.091343641281128
36,36,1527,2006-03-05T15:00:00.000000,510.30859375,11.506442070007324,0.1995687335729599,0.22754687070846558,1.0929958820343018
37,37,1527,2006-03-05T15:00:00.000000,236.93215942382812,7.807744979858398,0.18105453252792358,0.21583323180675507,1.0741469860076904
38,38,1527,2006-03-05T15:00:00.000000,369.7822570800781,10.58040714263916,0.14109930396080017,0.20667682588100433,1.006124496459961
39,39,1527,2006-03-05T15:00:00.000000,521.137451171875,12.146310806274414,0.2313353419303894,0.2559111714363098,1.183663010597229
40,40,1527,2006-03-05T15:00:00.000000,3357.970703125,27.05558967590332,0.21152383089065552,0.21473272144794464,1.0564571619033813
41,41,1527,2006-03-05T15:00:00.000000,605.4260864257812,11.56618881225586,0.23638048768043518,0.22854174673557281,1.0195833444595337
42,42,1527,2006-03-05T15:00:00.000000,481.8125,10.579453468322754,0.1770246922969818,0.20278748869895935,0.9518253803253174
43,43,1527,2006-03-05T15:00:00.000000,537.4248657226562,12.492809295654297,0.21938456594944,0.2524086534976959,1.136942982673645
44,44,1527,2006-03-05T15:00:00.000000,1902.9346923828125,19.925575256347656,0.3606419265270233,0.2743070721626282,1.2821249961853027
45,45,1527,2006-03-05T15:00:00.000000,592.98681640625,12.135778427124023,0.3130960762500763,0.2788585126399994,1.3166028261184692
46,46,1527,2006-03-05T15:00:00.000000,229.2920684814453,7.385883331298828,0.1716194897890091,0.20206506550312042,1.0204215049743652
47,47,1527,2006-03-05T15:00:00.000000,576.388427734375,10.537047386169434,0.2737056612968445,0.22961653769016266,1.1652616262435913
48,48,1527,2006-03-05T15:00:00.000000,540.122802734375,9.891347885131836,0.19689001142978668,0.18885177373886108,0.9060088992118835
49,49,1527,2006-03-05T15:00:00.000000,320.4889831542969,9.330089569091797,0.12480180710554123,0.1841152310371399,0.8974071145057678
50,50,1527,2006-03-05T15:00:00.000000,604.6427612304688,11.547536849975586,0.2393479198217392,0.22974959015846252,1.1254757642745972
51,51,1527,2006-03-05T15:00:00.000000,615.862060546875,13.137933731079102,0.25235772132873535,0.2659461796283722,1.2159271240234375
52,52,1527,2006-03-05T15:00:00.000000,356.37396240234375,8.513962745666504,0.13350600004196167,0.1647893339395523,0.7939567565917969
53,53,1527,2006-03-05T15:00:00.000000,521.5164794921875,11.370306015014648,0.20478615164756775,0.22531414031982422,1.0869717597961426
54,54,1527,2006-03-05T15:00:00.000000,539.3987426757812,9.971048355102539,0.2461259514093399,0.2129926234483719,1.0447413921356201
55,55,1527,2006-03-05T15:00:00.000000,439.94482421875,9.8721284866333,0.17301492393016815,0.19577330350875854,0.9628919363021851
56,56,1527,2006-03-05T15:00:00.000000,555.167724609375,11.249156951904297,0.20691420137882233,0.2171715795993805,1.088799238204956
57,57,1527,2006-03-05T15:00:00.000000,484.0638122558594,11.659575462341309,0.23150834441184998,0.2549850642681122,1.216125726699829
58,58,1527,2006-03-05T15:00:00.000000,264.9851379394531,8.04066276550293,0.12614184617996216,0.1754327416419983,0.8760960102081299
59,59,1527,2006-03-05T15:00:00.000000,468.69598388671875,11.79510498046875,0.18322277069091797,0.23320934176445007,1.1590940952301025
60,60,1527,2006-03-05T15:00:00.000000,305.82464599609375,9.183916091918945,0.22099468111991882,0.24687813222408295,1.1970279216766357
61,61,1527,2006-03-05T15:00:00.000000,444.177001953125,9.525155067443848,0.16787104308605194,0.1851748526096344,0.8491641879081726
62,62,1527,2006-03-05T15:00:00.000000,519.237060546875,12.46456527709961,0.2140558809041977,0.25308001041412354,1.0991140604019165
63,63,1527,2006-03-05T15:00:00.000000,408.6932678222656,9.028724670410156,0.2001664787530899,0.19981279969215393,0.9976383447647095
64,64,1527,2006-03-05T15:00:00.000000,558.966064453125,10.50942325592041,0.22745153307914734,0.21199744939804077,1.0193190574645996
65,65,1527,2006-03-05T15:00:00.000000,505.5498046875,12.464330673217773,0.20073360204696655,0.2483687698841095,1.2028621435165405
66,66,1527,2006-03-05T15:00:00.000000,416.91796875,10.016927719116211,0.16765426099300385,0.20087069272994995,0.9780864715576172
67,67,1527,2006-03-05T15:00:00.000000,576.990966796875,10.351334571838379,0.20907467603683472,0.19704370200634003,0.9375482201576233
68,68,1527,2006-03-05T15:00:00.000000,2442.34521484375,28.48419761657715,0.26667168736457825,0.2976383864879608,1.3436133861541748
69,69,1527,2006-03-05T15:00:00.000000,3135.581787109375,25.324607849121094,0.30339527130126953,0.24910825490951538,1.1965320110321045
70,70,1527,2006-03-05T15:00:00.000000,1570.29541015625,17.112773895263672,0.2989056706428528,0.236100435256958,1.1318434476852417
71,71,1527,2006-03-05T15:00:00.000000,183.82318115234375,5.857295513153076,0.1457584947347641,0.1649354100227356,0.8103249073028564
72,72,1527,2006-03-05T15:00:00.000000,609.3056030273438,10.125626564025879,0.2470286339521408,0.20388159155845642,0.9341704845428467
73,73,1527,2006-03-05T15:00:00.000000,5664.2041015625,39.27164077758789,0.27289918065071106,0.2725905179977417,1.3096144199371338
74,74,1527,2006-03-05T15:00:00.000000,535.077880859375,10.328107833862305,0.2091454416513443,0.2041909396648407,1.0012892484664917
75,75,1527,2006-03-05T15:00:00.000000,470.8733215332031,11.483397483825684,0.17831453680992126,0.223466157913208,1.0440490245819092
76,76,1527,2006-03-05T15:00:00.000000,568.158935546875,11.993799209594727,0.17892977595329285,0.2128448486328125,1.0156878232955933
77,77,1527,2006-03-05T15:00:00.000000,501.3267822265625,11.409406661987305,0.21081554889678955,0.2339666336774826,1.0804119110107422
78,78,1527,2006-03-05T15:00:00.000000,439.6091613769531,10.039619445800781,0.16278617084026337,0.19319352507591248,0.9134272933006287
79,79,1527,2006-03-05T15:00:00.000000,287.07977294921875,7.173267364501953,0.11406543105840683,0.1429857611656189,0.6895725131034851
80,80,1527,2006-03-05T15:00:00.000000,1607.612060546875,17.409156799316406,0.3239995241165161,0.2471492439508438,1.1680258512496948
81,81,1527,2006-03-05T15:00:00.000000,741.4368896484375,14.774713516235352,0.3082420229911804,0.3012506067752838,1.3038381338119507
82,82,1527,2006-03-05T15:00:00.000000,577.0570068359375,10.13231086730957,0.2738765776157379,0.2207377552986145,1.0469928979873657
83,83,1527,2006-03-05T15:00:00.000000,329.12115478515625,9.269684791564941,0.2448590248823166,0.2528396248817444,1.2235040664672852
84,84,1527,2006-03-05T15:00:00.000000,584.0909423828125,12.73336124420166,0.2342054843902588,0.2549772262573242,1.1510047912597656
85,85,1527,2006-03-05T15:00:00.000000,427.4942321777344,10.07098388671875,0.2045651376247406,0.22030408680438995,1.0820341110229492
86,86,1527,2006-03-05T15:00:00.000000,529.7131958007812,11.378497123718262,0.20328550040721893,0.22290393710136414,1.1161482334136963
87,87,1527,2006-03-05T15:00:00.000000,426.7801513671875,10.025129318237305,0.20908355712890625,0.22189520299434662,1.108406662940979
88,88,1527,2006-03-05T15:00:00.000000,516.6869506835938,11.942163467407227,0.27597206830978394,0.2759954035282135,1.228256106376648
89,89,1527,2006-03-05T15:00:00.000000,468.0552062988281,9.730171203613281,0.22652149200439453,0.2140556126832962,1.0713210105895996
90,90,1527,2006-03-05T15:00:00.000000,160.74891662597656,6.409178256988525,0.1273016333580017,0.18036212027072906,0.8814263343811035
91,91,1527,2006-03-05T15:00:00.000000,581.2279663085938,10.955727577209473,0.26840734481811523,0.23543183505535126,1.148128867149353
92,92,1527,2006-03-05T15:00:00.000000,542.3980712890625,11.176441192626953,0.20748142898082733,0.2185918688774109,1.0730066299438477
93,93,1527,2006-03-05T15:00:00.000000,515.5347900390625,9.882211685180664,0.247002974152565,0.2163098305463791,1.0527353286743164
94,94,1527,2006-03-05T15:00:00.000000,447.4153747558594,11.398212432861328,0.21208515763282776,0.248162642121315,1.1647368669509888
95,95,1527,2006-03-05T15:00:00.000000,481.1248779296875,9.297979354858398,0.19640502333641052,0.18786071240901947,0.9135519862174988
96,96,1527,2006-03-05T15:00:00.000000,393.890625,10.26817512512207,0.2170390486717224,0.24103181064128876,1.2054407596588135
97,97,1527,2006-03-05T15:00:00.000000,416.8462829589844,9.915971755981445,0.20479974150657654,0.21979206800460815,1.07349693775177
98,98,1527,2006-03-05T15:00:00.000000,555.0289306640625,12.135066986083984,0.29156848788261414,0.2781343460083008,1.2038497924804688
99,99,1527,2006-03-05T15:00:00.000000,556.1599731445312,10.933114051818848,0.20968632400035858,0.21228976547718048,1.0211317539215088
100,100,1527,2006-03-05T15:00:00.000000,248.68324279785156,8.412934303283691,0.18136052787303925,0.22719334065914154,1.0622953176498413
101,101,1527,2006-03-05T15:00:00.000000,164.79818725585938,6.318990230560303,0.11895059794187546,0.1697675883769989,0.8223466277122498
102,102,1527,2006-03-05T15:00:00.000000,478.0128479003906,11.61253547668457,0.19951312243938446,0.23724277317523956,1.096118450164795
103,103,1527,2006-03-05T15:00:00.000000,701.0620727539062,14.403246879577637,0.293357253074646,0.2946324646472931,1.3098477125167847
104,104,1527,2006-03-05T15:00:00.000000,897.904296875,15.835077285766602,0.13040649890899658,0.19083355367183685,0.9277861714363098
105,105,1527,2006-03-05T15:00:00.000000,2191.034912109375,20.69290542602539,0.2923748791217804,0.23903793096542358,1.1410362720489502
106,106,1527,2006-03-05T15:00:00.000000,460.96429443359375,11.448137283325195,0.2134142369031906,0.2463274747133255,1.1655409336090088
107,107,1527,2006-03-05T15:00:00.000000,365.2333068847656,9.97700309753418,0.14017154276371002,0.19545410573482513,0.9485473036766052
108,108,1527,2006-03-05T15:00:00.000000,488.20001220703125,10.295904159545898,0.24128378927707672,0.2288915067911148,1.1418455839157104
109,109,1527,2006-03-05T15:00:00.000000,593.7095336914062,11.728821754455566,0.2385440617799759,0.23509947955608368,1.0807994604110718
110,110,1527,2006-03-05T15:00:00.000000,658.8682861328125,12.774097442626953,0.25627437233924866,0.2519320845603943,1.1310181617736816
111,111,1527,2006-03-05T15:00:00.000000,481.51898193359375,10.168734550476074,0.18190620839595795,0.1976441740989685,0.9163402318954468
112,112,1527,2006-03-05T15:00:00.000000,256.59820556640625,6.913716793060303,0.29849642515182495,0.23580574989318848,1.116404414176941
113,113,1527,2006-03-05T15:00:00.000000,525.7149658203125,11.910707473754883,0.24586886167526245,0.2575812041759491,1.224432349205017
114,114,1527,2006-03-05T15:00:00.000000,428.1661071777344,9.444910049438477,0.16027721762657166,0.18273741006851196,0.8727695345878601
115,115,1527,2006-03-05T15:00:00.000000,66.805419921875,3.6808524131774902,0.3352029025554657,0.2607331871986389,1.2193149328231812
116,116,1527,2006-03-05T15:00:00.000000,341.3787841796875,8.405827522277832,0.12954775989055634,0.16374844312667847,0.7469537854194641
117,117,1527,2006-03-05T15:00:00.000000,558.078857421875,10.792962074279785,0.2068231701850891,0.2077745944261551,1.0156134366989136
118,118,1527,2006-03-05T15:00:00.000000,585.0631713867188,11.4791841506958,0.23047871887683868,0.22783741354942322,1.1163909435272217
119,119,1527,2006-03-05T15:00:00.000000,161.1164093017578,5.978918075561523,0.1248880922794342,0.1664612591266632,0.8341480493545532
120,120,1527,2006-03-05T15:00:00.000000,546.5673217773438,10.376888275146484,0.21193599700927734,0.20433729887008667,0.9829614758491516
121,121,1527,2006-03-05T15:00:00.000000,4378.42431640625,33.83951187133789,0.33494290709495544,0.29597198963165283,1.40671706199646
122,122,1527,2006-03-05T15:00:00.000000,375.50750732421875,9.756661415100098,0.14478252828121185,0.1915799081325531,0.9016849398612976
123,123,1527,2006-03-05T15:00:00.000000,479.2595520019531,11.374692916870117,0.18522891402244568,0.2236189842224121,1.0775710344314575
124,124,1527,2006-03-05T15:00:00.000000,1123.31591796875,16.15648078918457,0.1539711058139801,0.18915395438671112,0.862602710723877
125,125,1527,2006-03-05T15:00:00.000000,1262.01171875,14.391481399536133,0.2260025143623352,0.19258853793144226,0.9046663641929626
126,126,1527,2006-03-05T15:00:00.000000,163.40072631835938,6.808082580566406,0.20400665700435638,0.24055808782577515,1.111316204071045
127,127,1527,2006-03-05T15:00:00.000000,370.4602966308594,7.823750972747803,0.15194439888000488,0.15844790637493134,0.747596263885498
128,128,1527,2006-03-05T15:00:00.000000,513.645263671875,12.045356750488281,0.20405611395835876,0.24008378386497498,1.1697458028793335
129,129,1527,2006-03-05T15:00:00.000000,45.33169174194336,3.074873924255371,0.21637721359729767,0.2124379575252533,0.9934877753257751
130,130,1527,2006-03-05T15:00:00.000000,337.67950439453125,8.249312400817871,0.16810350120067596,0.18405765295028687,0.8847909569740295
131,131,1527,2006-03-05T15:00:00.000000,554.2158813476562,12.5836763381958,0.24364101886749268,0.2638415992259979,1.193575382232666
132,132,1527,2006-03-05T15:00:00.000000,607.5948486328125,13.099004745483398,0.2549809515476227,0.2683398425579071,1.1751760244369507
133,133,1527,2006-03-05T15:00:00.000000,498.9548034667969,9.50686264038086,0.1872689127922058,0.18417872488498688,0.8677104115486145
134,134,1527,2006-03-05T15:00:00.000000,463.7075500488281,11.667491912841797,0.17868180572986603,0.22903169691562653,1.074547529220581
135,135,1527,2006-03-05T15:00:00.000000,470.08502197265625,10.467387199401855,0.2417987883090973,0.23739804327487946,1.1416202783584595
136,136,1527,2006-03-05T15:00:00.000000,721.6757202148438,15.548467636108398,0.15143029391765594,0.22522829473018646,1.0517023801803589
0,0,2039,2006-03-26T23:00:00.000000,3162.25048828125,28.495210647583008,0.2474668025970459,0.2520764172077179,1.1200965642929077
1,1,2039,2006-03-26T23:00:00.000000,550.79736328125,11.312740325927734,0.17721669375896454,0.20291969180107117,0.9066197872161865
2,2,2039,2006-03-26T23:00:00.000000,629.851318359375,10.058731079101562,0.22428835928440094,0.18981368839740753,0.8746420741081238
3,3,2039,2006-03-26T23:00:00.000000,763.7025756835938,12.194007873535156,0.23988866806030273,0.21611714363098145,0.9895274639129639
4,4,2039,2006-03-26T23:00:00.000000,2291.799560546875,23.89129638671875,0.2435952126979828,0.24631209671497345,1.0923348665237427
5,5,2039,2006-03-26T23:00:00.000000,8644.9462890625,40.239540100097656,0.3546600043773651,0.25773775577545166,1.1548243761062622
6,6,2039,2006-03-26T23:00:00.000000,251.11273193359375,7.372853755950928,0.09700228273868561,0.14490795135498047,0.6540991067886353
7,7,2039,2006-03-26T23:00:00.000000,524.9109497070312,10.127985000610352,0.20297861099243164,0.19916148483753204,0.8804508447647095
8,8,2039,2006-03-26T23:00:00.000000,888.3502807617188,13.41664981842041,0.26666131615638733,0.23245130479335785,1.0694200992584229
9,9,2039,2006-03-26T23:00:00.000000,416.0876159667969,9.61120319366455,0.16004595160484314,0.188498392701149,0.8434704542160034
10,10,2039,2006-03-26T23:00:00.000000,388.3799743652344,8.609457015991211,0.1491190642118454,0.16869953274726868,0.7298240065574646
11,11,2039,2006-03-26T23:00:00.000000,85.32884979248047,4.346401214599609,0.09066993743181229,0.14168162643909454,0.6347598433494568
12,12,2039,2006-03-26T23:00:00.000000,881.6427001953125,12.75159740447998,0.2705669105052948,0.22338584065437317,1.0251495838165283
13,13,2039,2006-03-26T23:00:00.000000,371.44342041015625,8.604297637939453,0.13886778056621552,0.1663680374622345,0.7209905982017517
14,14,2039,2006-03-26T23:00:00.000000,941.5923461914062,13.268136024475098,0.25027549266815186,0.21631547808647156,0.9751279950141907
15,15,2039,2006-03-26T23:00:00.000000,330.9493713378906,9.135903358459473,0.30758967995643616,0.2785201072692871,1.292356014251709
16,16,2039,2006-03-26T23:00:00.000000,634.0307006835938,10.756991386413574,0.19625841081142426,0.18925608694553375,0.8669849634170532
17,17,2039,2006-03-26T23:00:00.000000,510.6882629394531,10.1110200881958,0.16003699600696564,0.17898936569690704,0.8339909315109253
18,18,2039,2006-03-26T23:00:00.000000,488.9123840332031,9.539562225341797,0.1838257908821106,0.18497633934020996,0.7951876521110535
19,19,2039,2006-03-26T23:00:00.000000,434.4437255859375,9.333248138427734,0.16189704835414886,0.18017123639583588,0.8066918849945068
20,20,2039,2006-03-26T23:00:00.000000,1009.3262939453125,13.836507797241211,0.3062548339366913,0.24101948738098145,1.097062349319458
21,21,2039,2006-03-26T23:00:00.000000,698.5518188476562,10.804780006408691,0.2164628505706787,0.19019903242588043,0.8539114594459534
22,22,2039,2006-03-26T23:00:00.000000,1808.048828125,21.993385314941406,0.44709378480911255,0.3458488881587982,1.515372633934021
23,23,2039,2006-03-26T23:00:00.000000,3354.920166015625,27.613500595092773,0.21799233555793762,0.22258763015270233,1.0279372930526733
24,24,2039,2006-03-26T23:00:00.000000,657.7866821289062,12.159777641296387,0.2112317979335785,0.2179027497768402,0.9669229388237
25,25,2039,2006-03-26T23:00:00.000000,333.1805419921875,8.102614402770996,0.15979984402656555,0.17744900286197662,0.7725552320480347
26,26,2039,2006-03-26T23:00:00.000000,398.76507568359375,9.075458526611328,0.1492333859205246,0.17556704580783844,0.7953299880027771
27,27,2039,2006-03-26T23:00:00.000000,452.4897766113281,10.179410934448242,0.1439780741930008,0.1815793365240097,0.8237729668617249
28,28,2039,2006-03-26T23:00:00.000000,2340.35888671875,21.326663970947266,0.14622846245765686,0.16857674717903137,0.739009439945221
29,29,2039,2006-03-26T23:00:00.000000,397.9087829589844,9.44964599609375,0.14633654057979584,0.18121753633022308,0.7712683081626892
30,30,2039,2006-03-26T23:00:00.000000,840.5530395507812,15.776721000671387,0.3529510200023651,0.3232893645763397,1.4805116653442383
31,31,2039,2006-03-26T23:00:00.000000,1641.81103515625,18.7723388671875,0.1413494050502777,0.1741822212934494,0.7581890821456909
32,32,2039,2006-03-26T23:00:00.000000,980.2655639648438,13.517837524414062,0.299776166677475,0.23639258742332458,1.0800869464874268
33,33,2039,2006-03-26T23:00:00.000000,831.8661499023438,12.225790023803711,0.30745235085487366,0.23503856360912323,1.096219539642334
34,34,2039,2006-03-26T23:00:00.000000,503.4473571777344,10.705621719360352,0.20542249083518982,0.21625137329101562,0.9559270143508911
35,35,2039,2006-03-26T23:00:00.000000,353.71697998046875,8.208528518676758,0.1613866239786148,0.17533601820468903,0.7970985174179077
36,36,2039,2006-03-26T23:00:00.000000,694.3300170898438,11.05090618133545,0.22203166782855988,0.19761613011360168,0.905428409576416
37,37,2039,2006-03-26T23:00:00.000000,473.59478759765625,9.409285545349121,0.27883777022361755,0.228312149643898,1.040237307548523
38,38,2039,2006-03-26T23:00:00.000000,705.055419921875,11.252766609191895,0.22460202872753143,0.2008419930934906,0.8947850465774536
39,39,2039,2006-03-26T23:00:00.000000,431.4460754394531,9.813071250915527,0.15826213359832764,0.18794475495815277,0.8311960101127625
40,40,2039,2006-03-26T23:00:00.000000,7074.77783203125,39.12592697143555,0.3608337640762329,0.279422789812088,1.2490063905715942
41,41,2039,2006-03-26T23:00:00.000000,502.8540954589844,9.019278526306152,0.17600271105766296,0.16873706877231598,0.8056789636611938
42,42,2039,2006-03-26T23:00:00.000000,900.3123168945312,13.072998046875,0.2658100426197052,0.22462821006774902,1.00052011013031
43,43,2039,2006-03-26T23:00:00.000000,457.2134704589844,9.31950569152832,0.17486914992332458,0.1822594255208969,0.7861462831497192
44,44,2039,2006-03-26T23:00:00.000000,1657.1097412109375,20.51421356201172,0.2501346468925476,0.25203806161880493,1.172640323638916
45,45,2039,2006-03-26T23:00:00.000000,796.3765869140625,13.922837257385254,0.34001076221466064,0.2876834571361542,1.267407774925232
46,46,2039,2006-03-26T23:00:00.000000,383.30316162109375,8.484939575195312,0.22490115463733673,0.20552916824817657,0.9235334992408752
47,47,2039,2006-03-26T23:00:00.000000,965.8724975585938,14.96699047088623,0.364764004945755,0.2908577024936676,1.3234413862228394
48,48,2039,2006-03-26T23:00:00.000000,564.8978271484375,11.148909568786621,0.17888598144054413,0.19839723408222198,0.8894372582435608
49,49,2039,2006-03-26T23:00:00.000000,778.763427734375,12.139379501342773,0.2503948211669922,0.21767394244670868,0.940066397190094
50,50,2039,2006-03-26T23:00:00.000000,818.61181640625,11.899629592895508,0.2571093440055847,0.21088875830173492,0.9576361775398254
51,51,2039,2006-03-26T23:00:00.000000,442.1865234375,8.555635452270508,0.16660051047801971,0.16606862843036652,0.7151614427566528
52,52,2039,2006-03-26T23:00:00.000000,485.69049072265625,10.693649291992188,0.15435191988945007,0.1906348019838333,0.8496408462524414
53,53,2039,2006-03-26T23:00:00.000000,886.2443237304688,12.848066329956055,0.2624531388282776,0.22109906375408173,1.0293023586273193
54,54,2039,2006-03-26T23:00:00.000000,277.85955810546875,7.560911178588867,0.10599198192358017,0.1476719230413437,0.6692720055580139
55,55,2039,2006-03-26T23:00:00.000000,869.4619750976562,12.680929183959961,0.2704641819000244,0.22365602850914001,1.0148779153823853
56,56,2039,2006-03-26T23:00:00.000000,627.2322387695312,10.907499313354492,0.19096949696540833,0.19032377004623413,0.863698422908783
57,57,2039,2006-03-26T23:00:00.000000,472.3026428222656,10.133134841918945,0.18940702080726624,0.20292319357395172,0.8867221474647522
58,58,2039,2006-03-26T23:00:00.000000,874.8389282226562,13.41320514678955,0.3163245618343353,0.25505566596984863,1.1374022960662842
59,59,2039,2006-03-26T23:00:00.000000,574.4838256835938,10.8718843460083,0.18561731278896332,0.19542276859283447,0.8895145654678345
60,60,2039,2006-03-26T23:00:00.000000,318.2044982910156,7.665341377258301,0.19878476858139038,0.19158869981765747,0.8418485522270203
61,61,2039,2006-03-26T23:00:00.000000,1026.0452880859375,13.648162841796875,0.308126837015152,0.23651334643363953,1.0546164512634277
62,62,2039,2006-03-26T23:00:00.000000,415.58538818359375,9.754942893981934,0.16010616719722748,0.19146908819675446,0.8197430372238159
63,63,2039,2006-03-26T23:00:00.000000,891.2753295898438,12.639760971069336,0.3187127709388733,0.23901912569999695,1.0864319801330566
64,64,2039,2006-03-26T23:00:00.000000,359.03387451171875,8.76356315612793,0.1263812929391861,0.16441991925239563,0.7373948693275452
65,65,2039,2006-03-26T23:00:00.000000,733.7919311523438,11.34871768951416,0.23650941252708435,0.20374387502670288,0.9102136492729187
66,66,2039,2006-03-26T23:00:00.000000,1006.4839477539062,13.683052062988281,0.30696260929107666,0.23895838856697083,1.1086623668670654
67,67,2039,2006-03-26T23:00:00.000000,409.6108093261719,9.47931957244873,0.12791864573955536,0.1675167977809906,0.7486415505409241
68,68,2039,2006-03-26T23:00:00.000000,3476.0126953125,28.92668342590332,0.3107200264930725,0.2734907269477844,1.175083875656128
69,69,2039,2006-03-26T23:00:00.000000,1911.641357421875,19.344266891479492,0.16622282564640045,0.18038250505924225,0.7955396771430969
70,70,2039,2006-03-26T23:00:00.000000,947.8961181640625,13.875173568725586,0.1567615419626236,0.17843405902385712,0.7948899269104004
71,71,2039,2006-03-26T23:00:00.000000,593.4600219726562,10.61413860321045,0.36403200030326843,0.26288077235221863,1.1848715543746948
72,72,2039,2006-03-26T23:00:00.000000,457.8351135253906,9.619515419006348,0.16014188528060913,0.17990827560424805,0.8089708685874939
73,73,2039,2006-03-26T23:00:00.000000,8910.1328125,51.61759948730469,0.33602216839790344,0.31698572635650635,1.417872428894043
74,74,2039,2006-03-26T23:00:00.000000,913.1708984375,13.269824981689453,0.28348973393440247,0.23380716145038605,1.0589921474456787
75,75,2039,2006-03-26T23:00:00.000000,527.8406982421875,9.97001838684082,0.16429127752780914,0.17589430510997772,0.7871478796005249
76,76,2039,2006-03-26T23:00:00.000000,922.6345825195312,12.81924057006836,0.2520434260368347,0.21187764406204224,0.9601211547851562
77,77,2039,2006-03-26T23:00:00.000000,327.2959289550781,8.215645790100098,0.12480858713388443,0.16043296456336975,0.715294361114502
78,78,2039,2006-03-26T23:00:00.000000,1007.197265625,13.959197998046875,0.29622140526771545,0.23939299583435059,1.063666820526123
79,79,2039,2006-03-26T23:00:00.000000,279.62701416015625,8.18673038482666,0.09612908959388733,0.15179182589054108,0.6721168756484985
80,80,2039,2006-03-26T23:00:00.000000,2262.14453125,23.073156356811523,0.3864663541316986,0.30158013105392456,1.3526885509490967
81,81,2039,2006-03-26T23:00:00.000000,449.6685485839844,9.9564208984375,0.17736361920833588,0.19773760437965393,0.8721990585327148
82,82,2039,2006-03-26T23:00:00.000000,247.5381622314453,6.621016979217529,0.09798058122396469,0.13172665238380432,0.5968835949897766
83,83,2039,2006-03-26T23:00:00.000000,384.3804626464844,8.652425765991211,0.24320149421691895,0.21764078736305237,0.9674928784370422
84,84,2039,2006-03-26T23:00:00.000000,422.7060241699219,9.416803359985352,0.16296207904815674,0.18489599227905273,0.8398169875144958
85,85,2039,2006-03-26T23:00:00.000000,771.00390625,11.591622352600098,0.2887854278087616,0.2243383526802063,0.9962385296821594
86,86,2039,2006-03-26T23:00:00.000000,777.7890625,11.85521125793457,0.2390684187412262,0.20784494280815125,0.9381513595581055
87,87,2039,2006-03-26T23:00:00.000000,725.5867309570312,11.538459777832031,0.2668822109699249,0.22129061818122864,1.0276659727096558
88,88,2039,2006-03-26T23:00:00.000000,348.2243957519531,7.834444999694824,0.16847386956214905,0.17232368886470795,0.7553769946098328
89,89,2039,2006-03-26T23:00:00.000000,664.0628662109375,11.244976043701172,0.24587759375572205,0.21637815237045288,1.0011545419692993
90,90,2039,2006-03-26T23:00:00.000000,650.0758056640625,11.820425033569336,0.3998798131942749,0.29316747188568115,1.305851697921753
91,91,2039,2006-03-26T23:00:00.000000,922.4588012695312,14.451584815979004,0.3450853228569031,0.2795150578022003,1.2925455570220947
92,92,2039,2006-03-26T23:00:00.000000,1033.390869140625,14.499706268310547,0.3269345164299011,0.2579035460948944,1.1783236265182495
93,93,2039,2006-03-26T23:00:00.000000,936.1388549804688,14.8591890335083,0.3558904528617859,0.28972309827804565,1.2909653186798096
94,94,2039,2006-03-26T23:00:00.000000,465.24395751953125,9.599186897277832,0.17839935421943665,0.18797093629837036,0.8376951813697815
95,95,2039,2006-03-26T23:00:00.000000,344.18572998046875,8.058550834655762,0.12008266150951385,0.15052223205566406,0.663021981716156
96,96,2039,2006-03-26T23:00:00.000000,1340.41162109375,19.399208068847656,0.5625028014183044,0.3973994553089142,1.808172345161438
97,97,2039,2006-03-26T23:00:00.000000,756.0492553710938,11.504205703735352,0.2843209207057953,0.22309301793575287,1.0158907175064087
98,98,2039,2006-03-26T23:00:00.000000,288.4812316894531,8.003496170043945,0.14031818509101868,0.17651353776454926,0.7820500135421753
99,99,2039,2006-03-26T23:00:00.000000,602.6773071289062,12.043713569641113,0.19010119140148163,0.21389985084533691,0.9476712942123413
100,100,2039,2006-03-26T23:00:00.000000,297.4158020019531,7.577572822570801,0.1846412867307663,0.18880459666252136,0.8607767224311829
101,101,2039,2006-03-26T23:00:00.000000,399.0167541503906,7.9950032234191895,0.23802894353866577,0.1952710896730423,0.8651895523071289
102,102,2039,2006-03-26T23:00:00.000000,378.72772216796875,9.473319053649902,0.13792939484119415,0.18078693747520447,0.7973693609237671
103,103,2039,2006-03-26T23:00:00.000000,399.1529235839844,9.756420135498047,0.1539316475391388,0.19159530103206635,0.8213767409324646
104,104,2039,2006-03-26T23:00:00.000000,2012.188232421875,19.216157913208008,0.24089600145816803,0.21025532484054565,0.9206156134605408
105,105,2039,2006-03-26T23:00:00.000000,1605.035400390625,18.1091251373291,0.1893060952425003,0.19666969776153564,0.9006486535072327
106,106,2039,2006-03-26T23:00:00.000000,560.4647827148438,10.421713829040527,0.220612570643425,0.2067665010690689,0.914648175239563
107,107,2039,2006-03-26T23:00:00.000000,984.9282836914062,13.56036376953125,0.2925715148448944,0.23371419310569763,1.0810123682022095
108,108,2039,2006-03-26T23:00:00.000000,780.472412109375,11.921895980834961,0.28924500942230225,0.2295088768005371,1.0585176944732666
109,109,2039,2006-03-26T23:00:00.000000,787.9466552734375,12.169686317443848,0.251776784658432,0.21753987669944763,0.986487627029419
110,110,2039,2006-03-26T23:00:00.000000,543.0712280273438,9.21789836883545,0.19570788741111755,0.1749877780675888,0.8413971662521362
111,111,2039,2006-03-26T23:00:00.000000,1087.19677734375,14.566682815551758,0.32532206177711487,0.25197839736938477,1.1143959760665894
112,112,2039,2006-03-26T23:00:00.000000,129.59500122070312,5.140072345733643,0.13193444907665253,0.16400392353534698,0.7454320788383484
113,113,2039,2006-03-26T23:00:00.000000,619.8635864257812,11.715129852294922,0.2534613013267517,0.236894428730011,1.0760583877563477
114,114,2039,2006-03-26T23:00:00.000000,497.0798034667969,9.864282608032227,0.1605421006679535,0.17727474868297577,0.7768610119819641
115,115,2039,2006-03-26T23:00:00.000000,90.52190399169922,4.422884941101074,0.3889009952545166,0.2899000942707062,1.2638969421386719
116,116,2039,2006-03-26T23:00:00.000000,1199.117431640625,14.836736679077148,0.3495297133922577,0.25330841541290283,1.129114031791687
117,117,2039,2006-03-26T23:00:00.000000,540.0863037109375,11.624258041381836,0.16963985562324524,0.20601443946361542,0.9088087677955627
118,118,2039,2006-03-26T23:00:00.000000,668.8262939453125,10.783308982849121,0.21486246585845947,0.19327497482299805,0.8595478534698486
119,119,2039,2006-03-26T23:00:00.000000,689.6468505859375,11.56843090057373,0.411517471075058,0.2825889587402344,1.3016846179962158
120,120,2039,2006-03-26T23:00:00.000000,974.3779296875,13.88619613647461,0.2974274456501007,0.24261078238487244,1.0975594520568848
121,121,2039,2006-03-26T23:00:00.000000,5021.763671875,34.3351936340332,0.31980493664741516,0.27400216460227966,1.1910845041275024
122,122,2039,2006-03-26T23:00:00.000000,920.5067138671875,13.413840293884277,0.2693173289299011,0.22944140434265137,1.0435799360275269
123,123,2039,2006-03-26T23:00:00.000000,999.3822021484375,14.056063652038574,0.31281551718711853,0.24868066608905792,1.124753475189209
124,124,2039,2006-03-26T23:00:00.000000,2422.877197265625,21.518903732299805,0.2786676287651062,0.2307797372341156,1.0167016983032227
125,125,2039,2006-03-26T23:00:00.000000,1062.20556640625,14.721328735351562,0.17445044219493866,0.18865953385829926,0.8347607851028442
126,126,2039,2006-03-26T23:00:00.000000,233.05853271484375,6.815642833709717,0.2543919086456299,0.22517800331115723,0.9738292098045349
127,127,2039,2006-03-26T23:00:00.000000,495.9264831542969,9.91162395477295,0.16954171657562256,0.1832628697156906,0.8028386831283569
128,128,2039,2006-03-26T23:00:00.000000,612.7254638671875,10.319926261901855,0.19724120199680328,0.18515796959400177,0.8048192262649536
129,129,2039,2006-03-26T23:00:00.000000,49.473716735839844,3.3949971199035645,0.2105402946472168,0.22147247195243835,0.9733163714408875
130,130,2039,2006-03-26T23:00:00.000000,303.4630432128906,7.897168159484863,0.14063113927841187,0.17000402510166168,0.7426480054855347
131,131,2039,2006-03-26T23:00:00.000000,399.95574951171875,8.95845890045166,0.15493904054164886,0.17632250487804413,0.7734740376472473
132,132,2039,2006-03-26T23:00:00.000000,416.2144775390625,9.024957656860352,0.16225029528141022,0.17818836867809296,0.7649686932563782
133,133,2039,2006-03-26T23:00:00.000000,461.2099609375,10.04682731628418,0.1468089520931244,0.1792486310005188,0.7836425304412842
134,134,2039,2006-03-26T23:00:00.000000,572.5951538085938,10.58749008178711,0.18457423150539398,0.19008801877498627,0.8447823524475098
135,135,2039,2006-03-26T23:00:00.000000,936.309814453125,16.72506332397461,0.3921380937099457,0.34227684140205383,1.5889819860458374
136,136,2039,2006-03-26T23:00:00.000000,1629.0101318359375,17.735992431640625,0.27297085523605347,0.2295893281698227,1.038835048675537
0,0,2551,2006-04-17T07:00:00.000000,1828.69384765625,22.417095184326172,0.1292627900838852,0.18847143650054932,0.85165935754776
1,1,2551,2006-04-17T07:00:00.000000,178.1343231201172,5.733354568481445,0.052110832184553146,0.09806160628795624,0.42427122592926025
2,2,2551,2006-04-17T07:00:00.000000,623.2413940429688,10.964067459106445,0.17377984523773193,0.1830810159444809,0.8805215358734131
3,3,2551,2006-04-17T07:00:00.000000,540.10400390625,9.855650901794434,0.14518223702907562,0.16158585250377655,0.7177656888961792
4,4,2551,2006-04-17T07:00:00.000000,1323.410400390625,19.26800537109375,0.1231401339173317,0.18586143851280212,0.8535653352737427
5,5,2551,2006-04-17T07:00:00.000000,2907.247314453125,26.086095809936523,0.11897184699773788,0.16687457263469696,0.7500759959220886
6,6,2551,2006-04-17T07:00:00.000000,219.6894989013672,7.141878604888916,0.07675009965896606,0.13348954916000366,0.5990769863128662
7,7,2551,2006-04-17T07:00:00.000000,408.85418701171875,9.86849308013916,0.1313193142414093,0.1768605262041092,0.7750025391578674
8,8,2551,2006-04-17T07:00:00.000000,352.378173828125,9.74138069152832,0.10116185992956161,0.16505339741706848,0.7238382697105408
9,9,2551,2006-04-17T07:00:00.000000,446.8786315917969,9.56787109375,0.12477407604455948,0.1598757803440094,0.7412272095680237
10,10,2551,2006-04-17T07:00:00.000000,445.5321044921875,9.922893524169922,0.1303296834230423,0.16971510648727417,0.7669883966445923
11,11,2551,2006-04-17T07:00:00.000000,37.662940979003906,3.4165525436401367,0.03699145466089249,0.10707342624664307,0.476990669965744
12,12,2551,2006-04-17T07:00:00.000000,513.00390625,10.696752548217773,0.13856515288352966,0.1757998913526535,0.7666011452674866
13,13,2551,2006-04-17T07:00:00.000000,428.4952697753906,9.030367851257324,0.11650010943412781,0.14890030026435852,0.6658958196640015
14,14,2551,2006-04-17T07:00:00.000000,343.79547119140625,8.987970352172852,0.0886206179857254,0.14430418610572815,0.6101105213165283
15,15,2551,2006-04-17T07:00:00.000000,125.809814453125,5.932478427886963,0.10474571585655212,0.17117764055728912,0.809867262840271
16,16,2551,2006-04-17T07:00:00.000000,312.39031982421875,8.360332489013672,0.08515017479658127,0.1380281001329422,0.6096991300582886
17,17,2551,2006-04-17T07:00:00.000000,406.9450988769531,9.534384727478027,0.11001378297805786,0.1567647010087967,0.6881463527679443
18,18,2551,2006-04-17T07:00:00.000000,501.1245422363281,10.595972061157227,0.13841462135314941,0.17609983682632446,0.7965943813323975
19,19,2551,2006-04-17T07:00:00.000000,345.4626770019531,9.090862274169922,0.09518931806087494,0.15090325474739075,0.6749976873397827
20,20,2551,2006-04-17T07:00:00.000000,513.24072265625,9.731215476989746,0.1403467357158661,0.16091914474964142,0.6969375610351562
21,21,2551,2006-04-17T07:00:00.000000,407.6460876464844,10.118380546569824,0.10961940139532089,0.16592548787593842,0.7327885031700134
22,22,2551,2006-04-17T07:00:00.000000,892.602294921875,15.2000150680542,0.2054608017206192,0.2306107133626938,1.0489529371261597
23,23,2551,2006-04-17T07:00:00.000000,1620.8973388671875,17.675621032714844,0.09793256968259811,0.13739170134067535,0.6070530414581299
24,24,2551,2006-04-17T07:00:00.000000,362.8320007324219,8.765127182006836,0.09800940752029419,0.14405864477157593,0.6329383850097656
25,25,2551,2006-04-17T07:00:00.000000,432.1145935058594,8.778514862060547,0.15360070765018463,0.16550768911838531,0.7583215236663818
26,26,2551,2006-04-17T07:00:00.000000,311.0703125,8.654935836791992,0.08933963626623154,0.14667518436908722,0.6542580723762512
27,27,2551,2006-04-17T07:00:00.000000,134.41400146484375,5.211667537689209,0.038195185363292694,0.08785343170166016,0.3860267102718353
28,28,2551,2006-04-17T07:00:00.000000,588.1558227539062,11.121466636657715,0.03551984205842018,0.08642739802598953,0.38639143109321594
29,29,2551,2006-04-17T07:00:00.000000,415.54559326171875,10.451742172241211,0.11968299746513367,0.17737630009651184,0.8015164732933044
30,30,2551,2006-04-17T07:00:00.000000,323.6419372558594,9.572236061096191,0.12741543352603912,0.1899293065071106,0.8522283434867859
31,31,2551,2006-04-17T07:00:00.000000,574.976806640625,10.732440948486328,0.04975423961877823,0.09983627498149872,0.43523871898651123
32,32,2551,2006-04-17T07:00:00.000000,387.4458923339844,8.786396026611328,0.10642928630113602,0.14562495052814484,0.648804247379303
33,33,2551,2006-04-17T07:00:00.000000,382.2665100097656,8.558614730834961,0.1326022446155548,0.1594027429819107,0.710891842842102
34,34,2551,2006-04-17T07:00:00.000000,309.6566162109375,8.408830642700195,0.10112264007329941,0.15195663273334503,0.6829162836074829
35,35,2551,2006-04-17T07:00:00.000000,65.65284729003906,4.321846008300781,0.02864152193069458,0.09026939421892166,0.40224793553352356
36,36,2551,2006-04-17T07:00:00.000000,404.3140869140625,9.256199836730957,0.10891605913639069,0.15192148089408875,0.6581709384918213
37,37,2551,2006-04-17T07:00:00.000000,251.859619140625,7.662489414215088,0.13728873431682587,0.17889906466007233,0.7919032573699951
38,38,2551,2006-04-17T07:00:00.000000,426.73028564453125,10.070947647094727,0.11835236847400665,0.16771896183490753,0.7481003999710083
39,39,2551,2006-04-17T07:00:00.000000,552.2294311523438,11.910289764404297,0.15848764777183533,0.20177169144153595,0.9202434420585632
40,40,2551,2006-04-17T07:00:00.000000,4206.2509765625,29.60066795349121,0.2157091498374939,0.21197673678398132,0.9453811645507812
41,41,2551,2006-04-17T07:00:00.000000,507.194580078125,9.761286735534668,0.1402905285358429,0.16234314441680908,0.7543348073959351
42,42,2551,2006-04-17T07:00:00.000000,333.8774719238281,8.4658842086792,0.09311193227767944,0.14137788116931915,0.6172401905059814
43,43,2551,2006-04-17T07:00:00.000000,429.69677734375,9.097306251525879,0.11759668588638306,0.15049752593040466,0.6809087991714478
44,44,2551,2006-04-17T07:00:00.000000,833.5394287109375,16.624099731445312,0.11125306040048599,0.19205738604068756,0.8566315174102783
45,45,2551,2006-04-17T07:00:00.000000,313.5704650878906,8.799460411071777,0.11790341883897781,0.17062853276729584,0.7853105664253235
46,46,2551,2006-04-17T07:00:00.000000,199.32235717773438,6.915811061859131,0.11072459816932678,0.16299980878829956,0.7108358144760132
47,47,2551,2006-04-17T07:00:00.000000,428.30487060546875,10.445146560668945,0.15882645547389984,0.20114044845104218,0.8819427490234375
48,48,2551,2006-04-17T07:00:00.000000,194.75059509277344,6.666669845581055,0.0553535521030426,0.11239376664161682,0.5001170635223389
49,49,2551,2006-04-17T07:00:00.000000,473.95220947265625,10.99450969696045,0.1307535618543625,0.1826145350933075,0.829986035823822
50,50,2551,2006-04-17T07:00:00.000000,303.6986083984375,9.008925437927246,0.08166586607694626,0.14773109555244446,0.6425960063934326
51,51,2551,2006-04-17T07:00:00.000000,397.7103271484375,8.555910110473633,0.10764869302511215,0.1407625675201416,0.6432006359100342
52,52,2551,2006-04-17T07:00:00.000000,157.85035705566406,6.167850971221924,0.04389166459441185,0.10284948348999023,0.4607180655002594
53,53,2551,2006-04-17T07:00:00.000000,358.482666015625,9.070204734802246,0.09893044829368591,0.1506773680448532,0.6540059447288513
54,54,2551,2006-04-17T07:00:00.000000,133.29881286621094,6.3166913986206055,0.046667374670505524,0.11819067597389221,0.5231107473373413
55,55,2551,2006-04-17T07:00:00.000000,512.8837280273438,10.068587303161621,0.13926765322685242,0.16591446101665497,0.7298023700714111
56,56,2551,2006-04-17T07:00:00.000000,420.5757141113281,9.838156700134277,0.11509735137224197,0.162751242518425,0.7048124074935913
57,57,2551,2006-04-17T07:00:00.000000,278.2171630859375,8.811979293823242,0.09223583340644836,0.1604469120502472,0.7218053340911865
58,58,2551,2006-04-17T07:00:00.000000,507.6051025390625,10.96101188659668,0.17835856974124908,0.2054634541273117,0.9275162220001221
59,59,2551,2006-04-17T07:00:00.000000,408.3374938964844,9.596258163452148,0.11079230904579163,0.15806913375854492,0.6958673000335693
60,60,2551,2006-04-17T07:00:00.000000,179.11468505859375,6.915445327758789,0.09334461390972137,0.1578698456287384,0.719584047794342
61,61,2551,2006-04-17T07:00:00.000000,271.3582458496094,8.152262687683105,0.0776214450597763,0.13787880539894104,0.5972962975502014
62,62,2551,2006-04-17T07:00:00.000000,567.9482421875,10.695812225341797,0.15682151913642883,0.17773060500621796,0.7857217192649841
63,63,2551,2006-04-17T07:00:00.000000,310.7519226074219,8.1607666015625,0.1080840677022934,0.15219658613204956,0.6812716722488403
64,64,2551,2006-04-17T07:00:00.000000,86.73353576660156,4.172813892364502,0.026580793783068657,0.0730498731136322,0.33523809909820557
65,65,2551,2006-04-17T07:00:00.000000,560.777587890625,11.991682052612305,0.15353813767433167,0.19842341542243958,0.8841583132743835
66,66,2551,2006-04-17T07:00:00.000000,558.8759765625,10.598361015319824,0.1523890346288681,0.17500798404216766,0.7731879353523254
67,67,2551,2006-04-17T07:00:00.000000,172.16908264160156,6.571074962615967,0.049207065254449844,0.11108939349651337,0.499909371137619
68,68,2551,2006-04-17T07:00:00.000000,4242.767578125,35.739349365234375,0.2908560037612915,0.2959109842777252,1.3686460256576538
69,69,2551,2006-04-17T07:00:00.000000,1098.665771484375,15.449762344360352,0.08777224272489548,0.13809171319007874,0.6206954717636108
70,70,2551,2006-04-17T07:00:00.000000,351.1151428222656,9.411592483520508,0.05490332841873169,0.11768949031829834,0.500886857509613
71,71,2551,2006-04-17T07:00:00.000000,225.64678955078125,7.308651924133301,0.1363440454006195,0.17965561151504517,0.7778946161270142
72,72,2551,2006-04-17T07:00:00.000000,87.97998809814453,4.513493061065674,0.026998605579137802,0.07906632125377655,0.3509378433227539
73,73,2551,2006-04-17T07:00:00.000000,3050.457275390625,29.975017547607422,0.10264405608177185,0.17387770116329193,0.8105930089950562
74,74,2551,2006-04-17T07:00:00.000000,482.17877197265625,9.407854080200195,0.1319490373134613,0.15562869608402252,0.679038405418396
75,75,2551,2006-04-17T07:00:00.000000,321.46484375,8.663979530334473,0.08717904984951019,0.1426779180765152,0.6352558732032776
76,76,2551,2006-04-17T07:00:00.000000,458.6492919921875,10.606801986694336,0.11877527832984924,0.1706896275281906,0.7473607063293457
77,77,2551,2006-04-17T07:00:00.000000,388.7693786621094,9.668526649475098,0.10992858558893204,0.1625809222459793,0.7311702370643616
78,78,2551,2006-04-17T07:00:00.000000,507.7065734863281,10.49647331237793,0.14463472366333008,0.17716310918331146,0.7851128578186035
79,79,2551,2006-04-17T07:00:00.000000,85.42613983154297,4.575875282287598,0.02585107646882534,0.07960092276334763,0.3556370735168457
80,80,2551,2006-04-17T07:00:00.000000,903.286865234375,15.136306762695312,0.1538701057434082,0.19755327701568604,0.8597018122673035
81,81,2551,2006-04-17T07:00:00.000000,697.9119873046875,12.452248573303223,0.19394038617610931,0.2075781375169754,0.93633633852005
82,82,2551,2006-04-17T07:00:00.000000,204.53855895996094,7.013656139373779,0.07253433018922806,0.1320774406194687,0.5888860821723938
83,83,2551,2006-04-17T07:00:00.000000,177.07049560546875,6.761265277862549,0.09398266673088074,0.15576818585395813,0.6764830350875854
84,84,2551,2006-04-17T07:00:00.000000,503.22088623046875,10.440464973449707,0.14238373935222626,0.17561867833137512,0.8158513903617859
85,85,2551,2006-04-17T07:00:00.000000,281.2989807128906,7.3994245529174805,0.09343216568231583,0.13485345244407654,0.5970245599746704
86,86,2551,2006-04-17T07:00:00.000000,329.070068359375,8.385713577270508,0.08975497633218765,0.1384921371936798,0.6056362390518188
87,87,2551,2006-04-17T07:00:00.000000,320.4734191894531,7.985980987548828,0.10987723618745804,0.14787206053733826,0.6565089821815491
88,88,2551,2006-04-17T07:00:00.000000,407.73699951171875,8.648032188415527,0.1423618644475937,0.16159357130527496,0.736519992351532
89,89,2551,2006-04-17T07:00:00.000000,229.6360321044922,7.172178268432617,0.07877473533153534,0.1328386515378952,0.5842891335487366
90,90,2551,2006-04-17T07:00:00.000000,163.28443908691406,6.286300182342529,0.09991920739412308,0.15550601482391357,0.7027310729026794
91,91,2551,2006-04-17T07:00:00.000000,464.93927001953125,10.971824645996094,0.1669577956199646,0.20791417360305786,0.9527294039726257
92,92,2551,2006-04-17T07:00:00.000000,389.9229431152344,9.504451751708984,0.10673916339874268,0.1572532206773758,0.7009367346763611
93,93,2551,2006-04-17T07:00:00.000000,264.01531982421875,8.614359855651855,0.09740003198385239,0.1654580682516098,0.7574751973152161
94,94,2551,2006-04-17T07:00:00.000000,588.8270874023438,11.744673728942871,0.18808779120445251,0.20990721881389618,0.9500604271888733
95,95,2551,2006-04-17T07:00:00.000000,99.4809799194336,5.030233383178711,0.03153807297348976,0.08956446498632431,0.4090844690799713
96,96,2551,2006-04-17T07:00:00.000000,527.6978759765625,11.938941955566406,0.20946325361728668,0.23786309361457825,1.0618866682052612
97,97,2551,2006-04-17T07:00:00.000000,265.8482971191406,7.637260913848877,0.0925588309764862,0.14250482618808746,0.6081565618515015
98,98,2551,2006-04-17T07:00:00.000000,409.2431335449219,8.899169921875,0.14742039144039154,0.16890309751033783,0.7775171399116516
99,99,2551,2006-04-17T07:00:00.000000,258.4843444824219,6.980854034423828,0.0715913251042366,0.11617740243673325,0.517279326915741
100,100,2551,2006-04-17T07:00:00.000000,139.00872802734375,6.023916244506836,0.07288333773612976,0.13793423771858215,0.6277642846107483
101,101,2551,2006-04-17T07:00:00.000000,166.2165069580078,6.088526725769043,0.09148141741752625,0.142837256193161,0.6299425959587097
102,102,2551,2006-04-17T07:00:00.000000,404.54595947265625,9.321685791015625,0.11688953638076782,0.15845221281051636,0.7020329833030701
103,103,2551,2006-04-17T07:00:00.000000,491.6595153808594,10.031508445739746,0.13316161930561066,0.16509106755256653,0.7459474205970764
104,104,2551,2006-04-17T07:00:00.000000,1237.070068359375,17.193878173828125,0.13744288682937622,0.1812332421541214,0.8137563467025757
105,105,2551,2006-04-17T07:00:00.000000,487.9768371582031,11.523508071899414,0.05531127378344536,0.12268511950969696,0.561885416507721
106,106,2551,2006-04-17T07:00:00.000000,511.2416076660156,10.58554458618164,0.15785454213619232,0.18600670993328094,0.8524497747421265
107,107,2551,2006-04-17T07:00:00.000000,423.5321960449219,9.580249786376953,0.11534926295280457,0.1581033319234848,0.6972848773002625
108,108,2551,2006-04-17T07:00:00.000000,360.7966613769531,7.983279228210449,0.12377502024173737,0.1478654146194458,0.6409764885902405
109,109,2551,2006-04-17T07:00:00.000000,486.2591247558594,9.609210014343262,0.13061176240444183,0.15748709440231323,0.6915177702903748
110,110,2551,2006-04-17T07:00:00.000000,511.79571533203125,9.911382675170898,0.14270494878292084,0.16550284624099731,0.7699558138847351
111,111,2551,2006-04-17T07:00:00.000000,201.1767120361328,7.875643730163574,0.05939752981066704,0.1353260725736618,0.5823134183883667
112,112,2551,2006-04-17T07:00:00.000000,52.9111328125,3.764810562133789,0.05139952525496483,0.1173408254981041,0.5038780570030212
113,113,2551,2006-04-17T07:00:00.000000,275.2760009765625,8.047542572021484,0.09257899969816208,0.14758266508579254,0.6469830870628357
114,114,2551,2006-04-17T07:00:00.000000,119.44052124023438,5.464585304260254,0.033877287060022354,0.092031329870224,0.4135509431362152
115,115,2551,2006-04-17T07:00:00.000000,18.07776641845703,2.274164915084839,0.08078259974718094,0.15202273428440094,0.6777290105819702
116,116,2551,2006-04-17T07:00:00.000000,219.21194458007812,7.8162336349487305,0.06263992190361023,0.1321268081665039,0.5892280340194702
117,117,2551,2006-04-17T07:00:00.000000,225.78822326660156,6.856762409210205,0.0643070787191391,0.11571718752384186,0.519307017326355
118,118,2551,2006-04-17T07:00:00.000000,401.1823425292969,9.607993125915527,0.10956195741891861,0.15877848863601685,0.6986116766929626
119,119,2551,2006-04-17T07:00:00.000000,212.91419982910156,7.413597583770752,0.1293674260377884,0.18274229764938354,0.8220351934432983
120,120,2551,2006-04-17T07:00:00.000000,310.52850341796875,8.277372360229492,0.08578792214393616,0.13757985830307007,0.6051582098007202
121,121,2551,2006-04-17T07:00:00.000000,2629.4287109375,27.54936981201172,0.13913296163082123,0.2003992199897766,0.896938145160675
122,122,2551,2006-04-17T07:00:00.000000,219.86953735351562,7.629854679107666,0.06382172554731369,0.12999242544174194,0.5577898025512695
123,123,2551,2006-04-17T07:00:00.000000,409.2986145019531,9.459346771240234,0.11360780894756317,0.15759596228599548,0.6881713271141052
124,124,2551,2006-04-17T07:00:00.000000,828.10400390625,12.675220489501953,0.09509143233299255,0.13582627475261688,0.5835395455360413
125,125,2551,2006-04-17T07:00:00.000000,220.36695861816406,7.271201133728027,0.033952124416828156,0.09025397896766663,0.3975796103477478
126,126,2551,2006-04-17T07:00:00.000000,90.21253204345703,4.3708672523498535,0.09035582840442657,0.1383286863565445,0.6039546728134155
127,127,2551,2006-04-17T07:00:00.000000,84.17491149902344,4.474323272705078,0.027051080018281937,0.08020996302366257,0.36303266882896423
128,128,2551,2006-04-17T07:00:00.000000,503.0574035644531,10.459278106689453,0.1348409503698349,0.1712394654750824,0.7443904280662537
129,129,2551,2006-04-17T07:00:00.000000,20.079227447509766,1.9384886026382446,0.08211462199687958,0.12396526336669922,0.5306302905082703
130,130,2551,2006-04-17T07:00:00.000000,115.82096862792969,4.866316318511963,0.050032150000333786,0.10114195197820663,0.4508213996887207
131,131,2551,2006-04-17T07:00:00.000000,422.1318359375,10.845691680908203,0.12400268763303757,0.18588688969612122,0.8471618294715881
132,132,2551,2006-04-17T07:00:00.000000,490.0041809082031,10.248136520385742,0.13597558438777924,0.17071649432182312,0.7726386189460754
133,133,2551,2006-04-17T07:00:00.000000,144.95449829101562,5.862475872039795,0.04333091899752617,0.10135943442583084,0.45318785309791565
134,134,2551,2006-04-17T07:00:00.000000,509.9216003417969,10.852510452270508,0.1401711404323578,0.17993174493312836,0.7865214943885803
135,135,2551,2006-04-17T07:00:00.000000,233.612548828125,8.235152244567871,0.08665725588798523,0.1586083322763443,0.7417330145835876
136,136,2551,2006-04-17T07:00:00.000000,808.5614013671875,14.108247756958008,0.13241487741470337,0.18054479360580444,0.794194757938385
0,0,3063,2006-05-08T15:00:00.000000,2023.5264892578125,27.957229614257812,0.16441062092781067,0.2520023584365845,1.0891191959381104
1,1,3063,2006-05-08T15:00:00.000000,456.3436584472656,12.558757781982422,0.15446509420871735,0.23105525970458984,0.9986807703971863
2,2,3063,2006-05-08T15:00:00.000000,682.3700561523438,14.066991806030273,0.2542922794818878,0.27155500650405884,1.1677321195602417
3,3,3063,2006-05-08T15:00:00.000000,1007.6917114257812,16.642045974731445,0.32694900035858154,0.29976627230644226,1.3645689487457275
4,4,3063,2006-05-08T15:00:00.000000,2038.1490478515625,27.764801025390625,0.23454789817333221,0.29784637689590454,1.2555067539215088
5,5,3063,2006-05-08T15:00:00.000000,7628.49560546875,43.70613479614258,0.37038591504096985,0.3045440912246704,1.3404829502105713
6,6,3063,2006-05-08T15:00:00.000000,308.8812255859375,8.636443138122559,0.1214739978313446,0.17126978933811188,0.7369552850723267
7,7,3063,2006-05-08T15:00:00.000000,422.95745849609375,11.278632164001465,0.17396144568920135,0.2287360429763794,1.015647530555725
8,8,3063,2006-05-08T15:00:00.000000,850.302490234375,15.65896224975586,0.2703477740287781,0.2792142629623413,1.2666271924972534
9,9,3063,2006-05-08T15:00:00.000000,830.3156127929688,14.67907428741455,0.2907634973526001,0.2746926248073578,1.1914756298065186
10,10,3063,2006-05-08T15:00:00.000000,646.4540405273438,12.68166732788086,0.24134396016597748,0.2450336366891861,1.0941284894943237
11,11,3063,2006-05-08T15:00:00.000000,104.60944366455078,5.333228588104248,0.12557224929332733,0.1847785860300064,0.8208609223365784
12,12,3063,2006-05-08T15:00:00.000000,918.3884887695312,16.30477523803711,0.2831093966960907,0.28627192974090576,1.2371481657028198
13,13,3063,2006-05-08T15:00:00.000000,713.3373413085938,14.245884895324707,0.24721482396125793,0.26520344614982605,1.179545521736145
14,14,3063,2006-05-08T15:00:00.000000,1197.959716796875,17.933353424072266,0.3603605031967163,0.3110348582267761,1.3648159503936768
15,15,3063,2006-05-08T15:00:00.000000,236.2062225341797,9.475682258605957,0.2357020229101181,0.29932740330696106,1.2926701307296753
16,16,3063,2006-05-08T15:00:00.000000,952.40869140625,16.0548095703125,0.29659974575042725,0.2833210527896881,1.2641384601593018
17,17,3063,2006-05-08T15:00:00.000000,845.7376708984375,15.5675630569458,0.26260945200920105,0.2743203043937683,1.24086594581604
18,18,3063,2006-05-08T15:00:00.000000,705.273681640625,14.05434513092041,0.25576627254486084,0.26764142513275146,1.2111144065856934
19,19,3063,2006-05-08T15:00:00.000000,723.0614624023438,13.359020233154297,0.2536105811595917,0.250190407037735,1.112201452255249
20,20,3063,2006-05-08T15:00:00.000000,998.3729858398438,16.532142639160156,0.32143181562423706,0.29663825035095215,1.3174169063568115
21,21,3063,2006-05-08T15:00:00.000000,741.7764892578125,13.995893478393555,0.238900825381279,0.2511729896068573,1.114142894744873
22,22,3063,2006-05-08T15:00:00.000000,1425.290283203125,21.88094139099121,0.36806270480155945,0.3516214191913605,1.5588735342025757
23,23,3063,2006-05-08T15:00:00.000000,2545.729736328125,26.28776741027832,0.19779656827449799,0.23171648383140564,1.0050393342971802
24,24,3063,2006-05-08T15:00:00.000000,980.5581665039062,15.83752155303955,0.2994433045387268,0.27676287293434143,1.223980188369751
25,25,3063,2006-05-08T15:00:00.000000,615.7008666992188,12.886704444885254,0.2872644066810608,0.278354287147522,1.243754267692566
26,26,3063,2006-05-08T15:00:00.000000,592.179443359375,11.923055648803711,0.2147068977355957,0.22703035175800323,1.0600706338882446
27,27,3063,2006-05-08T15:00:00.000000,381.2006530761719,11.485367774963379,0.12240329384803772,0.20580914616584778,0.905046820640564
28,28,3063,2006-05-08T15:00:00.000000,1705.656982421875,22.850858688354492,0.13017988204956055,0.19963128864765167,0.8848603963851929
29,29,3063,2006-05-08T15:00:00.000000,639.7930908203125,13.69289493560791,0.2255653738975525,0.2571057081222534,1.1737333536148071
30,30,3063,2006-05-08T15:00:00.000000,943.589111328125,18.03317642211914,0.4121103882789612,0.37686648964881897,1.5641814470291138
31,31,3063,2006-05-08T15:00:00.000000,1314.5404052734375,22.171489715576172,0.1284375935792923,0.21915633976459503,0.9679772853851318
32,32,3063,2006-05-08T15:00:00.000000,1041.44091796875,16.515348434448242,0.3202133774757385,0.2895943820476532,1.310328483581543
33,33,3063,2006-05-08T15:00:00.000000,893.9813232421875,16.20091438293457,0.343423455953598,0.31753402948379517,1.3816064596176147
34,34,3063,2006-05-08T15:00:00.000000,574.5250854492188,12.122908592224121,0.23170791566371918,0.24345730245113373,1.1025409698486328
35,35,3063,2006-05-08T15:00:00.000000,324.5805358886719,9.19090461730957,0.17370453476905823,0.21261924505233765,0.9130908846855164
36,36,3063,2006-05-08T15:00:00.000000,951.059326171875,16.15044403076172,0.30087974667549133,0.28726133704185486,1.29807448387146
37,37,3063,2006-05-08T15:00:00.000000,593.8014526367188,12.174379348754883,0.36849144101142883,0.30327728390693665,1.2967510223388672
38,38,3063,2006-05-08T15:00:00.000000,639.2325439453125,13.245100975036621,0.2072506844997406,0.2384919673204422,1.0692075490951538
39,39,3063,2006-05-08T15:00:00.000000,536.9368896484375,12.031514167785645,0.1950463205575943,0.22931237518787384,1.0036821365356445
40,40,3063,2006-05-08T15:00:00.000000,5877.20751953125,38.89904022216797,0.36026617884635925,0.3045545220375061,1.3023958206176758
41,41,3063,2006-05-08T15:00:00.000000,606.779541015625,13.049182891845703,0.22488637268543243,0.251217246055603,1.073594093322754
42,42,3063,2006-05-08T15:00:00.000000,981.9826049804688,16.819339752197266,0.30986860394477844,0.2987760901451111,1.3258311748504639
43,43,3063,2006-05-08T15:00:00.000000,614.2794189453125,12.653212547302246,0.22377945482730865,0.24150604009628296,1.0705206394195557
44,44,3063,2006-05-08T15:00:00.000000,1027.3597412109375,17.845359802246094,0.15809181332588196,0.22136998176574707,0.9595305919647217
45,45,3063,2006-05-08T15:00:00.000000,788.5875244140625,16.29269790649414,0.3503018319606781,0.3433912992477417,1.4826282262802124
46,46,3063,2006-05-08T15:00:00.000000,529.7745361328125,11.599493026733398,0.3296377956867218,0.28934234380722046,1.2821345329284668
47,47,3063,2006-05-08T15:00:00.000000,1037.675048828125,17.030614852905273,0.4086148142814636,0.3379532992839813,1.4889799356460571
48,48,3063,2006-05-08T15:00:00.000000,462.35223388671875,12.331753730773926,0.15965640544891357,0.22915615141391754,0.9729385375976562
49,49,3063,2006-05-08T15:00:00.000000,671.621826171875,13.183929443359375,0.22860005497932434,0.24323195219039917,1.0835988521575928
50,50,3063,2006-05-08T15:00:00.000000,1052.4454345703125,16.620792388916016,0.3202787935733795,0.28994524478912354,1.2638907432556152
51,51,3063,2006-05-08T15:00:00.000000,772.3509521484375,14.846643447875977,0.2718581557273865,0.2785429060459137,1.2455155849456787
52,52,3063,2006-05-08T15:00:00.000000,451.8052673339844,12.035223960876465,0.1528831273317337,0.22139015793800354,0.9448158144950867
53,53,3063,2006-05-08T15:00:00.000000,972.8193969726562,16.94783592224121,0.29704558849334717,0.2961486279964447,1.3318901062011719
54,54,3063,2006-05-08T15:00:00.000000,353.569091796875,9.295744895935059,0.13874968886375427,0.18414631485939026,0.7975300550460815
55,55,3063,2006-05-08T15:00:00.000000,998.2440795898438,16.20989990234375,0.3268281817436218,0.29330649971961975,1.2913492918014526
56,56,3063,2006-05-08T15:00:00.000000,1056.3447265625,16.821304321289062,0.3272321820259094,0.29606348276138306,1.3372080326080322
57,57,3063,2006-05-08T15:00:00.000000,496.62091064453125,11.376716613769531,0.20410756766796112,0.23063963651657104,1.041152834892273
58,58,3063,2006-05-08T15:00:00.000000,978.9955444335938,16.557903289794922,0.4026111364364624,0.33578231930732727,1.500639796257019
59,59,3063,2006-05-08T15:00:00.000000,922.255615234375,15.267802238464355,0.2882293462753296,0.26991063356399536,1.2041118144989014
60,60,3063,2006-05-08T15:00:00.000000,324.9175109863281,9.898519515991211,0.20791420340538025,0.2503950893878937,1.118288516998291
61,61,3063,2006-05-08T15:00:00.000000,1189.4744873046875,17.581369400024414,0.38791730999946594,0.31750068068504333,1.3940600156784058
62,62,3063,2006-05-08T15:00:00.000000,763.9484252929688,14.283719062805176,0.28664538264274597,0.2766825556755066,1.1961958408355713
63,63,3063,2006-05-08T15:00:00.000000,884.9966430664062,15.89008903503418,0.3523803651332855,0.31707456707954407,1.4521251916885376
64,64,3063,2006-05-08T15:00:00.000000,374.7099609375,10.797757148742676,0.13627886772155762,0.20592081546783447,0.8938232660293579
65,65,3063,2006-05-08T15:00:00.000000,525.1897583007812,12.105332374572754,0.18098510801792145,0.2247191220521927,0.9911904335021973
66,66,3063,2006-05-08T15:00:00.000000,842.6616821289062,14.616351127624512,0.2693980634212494,0.26134219765663147,1.1142723560333252
67,67,3063,2006-05-08T15:00:00.000000,417.7081604003906,11.792279243469238,0.1368265002965927,0.21342554688453674,0.9168928265571594
68,68,3063,2006-05-08T15:00:00.000000,2936.143310546875,32.035400390625,0.2578747570514679,0.3002243936061859,1.257540225982666
69,69,3063,2006-05-08T15:00:00.000000,2019.4320068359375,23.11113166809082,0.21159829199314117,0.23657163977622986,1.023868441581726
70,70,3063,2006-05-08T15:00:00.000000,875.3408203125,15.129982948303223,0.1581004559993744,0.20333699882030487,0.9191504120826721
71,71,3063,2006-05-08T15:00:00.000000,491.5456237792969,12.010406494140625,0.3488599359989166,0.31996414065361023,1.4005573987960815
72,72,3063,2006-05-08T15:00:00.000000,488.8800354003906,12.438994407653809,0.17872366309165955,0.23783466219902039,1.0321370363235474
73,73,3063,2006-05-08T15:00:00.000000,6939.3759765625,46.85762023925781,0.27106431126594543,0.29285740852355957,1.2697619199752808
74,74,3063,2006-05-08T15:00:00.000000,1043.1124267578125,16.523704528808594,0.33488768339157104,0.2960679829120636,1.318593144416809
75,75,3063,2006-05-08T15:00:00.000000,693.4716186523438,13.907629013061523,0.21707335114479065,0.2460605800151825,1.1012173891067505
76,76,3063,2006-05-08T15:00:00.000000,919.9514770507812,16.02749252319336,0.2926231622695923,0.2858494818210602,1.1858160495758057
77,77,3063,2006-05-08T15:00:00.000000,614.0166625976562,12.37458324432373,0.23212648928165436,0.2406039983034134,1.1007994413375854
78,78,3063,2006-05-08T15:00:00.000000,856.1033325195312,15.07656192779541,0.28102368116378784,0.27315592765808105,1.1818304061889648
79,79,3063,2006-05-08T15:00:00.000000,395.7048645019531,10.903603553771973,0.1403026133775711,0.20531338453292847,0.8932649493217468
80,80,3063,2006-05-08T15:00:00.000000,2037.2913818359375,23.364450454711914,0.3934989273548126,0.3247137665748596,1.3673754930496216
81,81,3063,2006-05-08T15:00:00.000000,796.9190063476562,14.31031322479248,0.2956201434135437,0.27561894059181213,1.171354055404663
82,82,3063,2006-05-08T15:00:00.000000,297.92022705078125,8.886449813842773,0.11627168953418732,0.17555586993694305,0.7729888558387756
83,83,3063,2006-05-08T15:00:00.000000,284.6673583984375,8.906593322753906,0.17618320882320404,0.22157716751098633,0.9955591559410095
84,84,3063,2006-05-08T15:00:00.000000,740.94970703125,13.856083869934082,0.2753181457519531,0.26709362864494324,1.1420722007751465
85,85,3063,2006-05-08T15:00:00.000000,996.0546875,16.053466796875,0.3844012916088104,0.31536948680877686,1.408948302268982
86,86,3063,2006-05-08T15:00:00.000000,1108.2587890625,17.441593170166016,0.34120312333106995,0.30603569746017456,1.3150148391723633
87,87,3063,2006-05-08T15:00:00.000000,828.9924926757812,14.924160957336426,0.31507110595703125,0.29095038771629333,1.2955135107040405
88,88,3063,2006-05-08T15:00:00.000000,606.9864501953125,12.851879119873047,0.28538835048675537,0.2786732614040375,1.23360013961792
89,89,3063,2006-05-08T15:00:00.000000,925.0706787109375,16.011396408081055,0.3492760956287384,0.3111187517642975,1.3821879625320435
90,90,3063,2006-05-08T15:00:00.000000,552.3970336914062,12.068785667419434,0.3873409926891327,0.3195836842060089,1.387391209602356
91,91,3063,2006-05-08T15:00:00.000000,1024.2022705078125,16.905351638793945,0.398220419883728,0.33334434032440186,1.4559481143951416
92,92,3063,2006-05-08T15:00:00.000000,948.6427612304688,16.063060760498047,0.29131782054901123,0.2814883887767792,1.2388312816619873
93,93,3063,2006-05-08T15:00:00.000000,1129.3280029296875,17.234708786010742,0.4333462119102478,0.3376069962978363,1.427851676940918
94,94,3063,2006-05-08T15:00:00.000000,464.2685241699219,11.480630874633789,0.18659621477127075,0.23016144335269928,0.9949703216552734
95,95,3063,2006-05-08T15:00:00.000000,383.86151123046875,10.809255599975586,0.13909697532653809,0.205763041973114,0.8670225739479065
96,96,3063,2006-05-08T15:00:00.000000,1041.7904052734375,18.455236434936523,0.463121235370636,0.38911399245262146,1.6264536380767822
97,97,3063,2006-05-08T15:00:00.000000,973.526123046875,16.38390350341797,0.3810797333717346,0.3241540789604187,1.489378571510315
98,98,3063,2006-05-08T15:00:00.000000,689.3449096679688,13.89728832244873,0.3290490508079529,0.30362817645072937,1.3647269010543823
99,99,3063,2006-05-08T15:00:00.000000,466.5039978027344,13.037280082702637,0.15943384170532227,0.24101802706718445,0.9934031367301941
100,100,3063,2006-05-08T15:00:00.000000,317.6080627441406,10.107575416564941,0.19663462042808533,0.2514960765838623,1.0965877771377563
101,101,3063,2006-05-08T15:00:00.000000,544.3763427734375,12.456127166748047,0.35022059082984924,0.315939724445343,1.384595274925232
102,102,3063,2006-05-08T15:00:00.000000,613.7019653320312,11.926709175109863,0.2266300767660141,0.22919262945652008,1.0173802375793457
103,103,3063,2006-05-08T15:00:00.000000,740.970703125,14.689020156860352,0.2684807777404785,0.2796075642108917,1.2371515035629272
104,104,3063,2006-05-08T15:00:00.000000,1869.1138916015625,22.818410873413086,0.26030606031417847,0.2692834436893463,1.1190348863601685
105,105,3063,2006-05-08T15:00:00.000000,941.7846069335938,16.20180892944336,0.13130828738212585,0.19130827486515045,0.8194661736488342
106,106,3063,2006-05-08T15:00:00.000000,406.76153564453125,11.089629173278809,0.16147048771381378,0.22094981372356415,1.0030268430709839
107,107,3063,2006-05-08T15:00:00.000000,987.9946899414062,15.851836204528809,0.3030499219894409,0.27762550115585327,1.2698941230773926
108,108,3063,2006-05-08T15:00:00.000000,1054.2264404296875,16.626819610595703,0.4097283184528351,0.327785849571228,1.489534854888916
109,109,3063,2006-05-08T15:00:00.000000,1040.4664306640625,17.306865692138672,0.34256476163864136,0.31403329968452454,1.412071943283081
110,110,3063,2006-05-08T15:00:00.000000,648.384765625,13.353307723999023,0.23975713551044464,0.25677821040153503,1.1008751392364502
111,111,3063,2006-05-08T15:00:00.000000,1004.0079956054688,16.4733943939209,0.3199954628944397,0.29409414529800415,1.3146514892578125
112,112,3063,2006-05-08T15:00:00.000000,101.59793853759766,4.932743072509766,0.120073102414608,0.16957776248455048,0.7202234268188477
113,113,3063,2006-05-08T15:00:00.000000,484.7112121582031,11.683794975280762,0.19738097488880157,0.23577351868152618,1.053207278251648
114,114,3063,2006-05-08T15:00:00.000000,438.1072082519531,11.9540433883667,0.1410677582025528,0.21450556814670563,0.9098782539367676
115,115,3063,2006-05-08T15:00:00.000000,79.99272155761719,4.50087833404541,0.4010569453239441,0.3186948895454407,1.3849704265594482
116,116,3063,2006-05-08T15:00:00.000000,1038.074951171875,16.10386848449707,0.33861643075942993,0.29085052013397217,1.2617403268814087
117,117,3063,2006-05-08T15:00:00.000000,476.6149597167969,13.067374229431152,0.16565075516700745,0.24361340701580048,1.0314135551452637
118,118,3063,2006-05-08T15:00:00.000000,976.0833740234375,15.290074348449707,0.3016713857650757,0.2688024342060089,1.1932952404022217
119,119,3063,2006-05-08T15:00:00.000000,524.184814453125,11.852365493774414,0.3586845099925995,0.31004101037979126,1.3371778726577759
120,120,3063,2006-05-08T15:00:00.000000,1016.3822631835938,16.688405990600586,0.3206011652946472,0.29639363288879395,1.2659988403320312
121,121,3063,2006-05-08T15:00:00.000000,6186.86767578125,45.475318908691406,0.3834069073200226,0.35798949003219604,1.5536082983016968
122,122,3063,2006-05-08T15:00:00.000000,869.73046875,15.613419532775879,0.27900630235671997,0.27964863181114197,1.2225327491760254
123,123,3063,2006-05-08T15:00:00.000000,873.7943115234375,15.592306137084961,0.26892900466918945,0.2735423445701599,1.2207274436950684
124,124,3063,2006-05-08T15:00:00.000000,2192.84716796875,24.025724411010742,0.29648205637931824,0.279364675283432,1.2246843576431274
125,125,3063,2006-05-08T15:00:00.000000,743.343994140625,14.380145072937012,0.14122842252254486,0.19821174442768097,0.8402408361434937
126,126,3063,2006-05-08T15:00:00.000000,198.46424865722656,7.280242443084717,0.24242758750915527,0.25444602966308594,1.1056647300720215
127,127,3063,2006-05-08T15:00:00.000000,327.6882629394531,10.523872375488281,0.12164921313524246,0.20276819169521332,0.8738982677459717
128,128,3063,2006-05-08T15:00:00.000000,916.3003540039062,15.885730743408203,0.284840852022171,0.2800847291946411,1.2428390979766846
129,129,3063,2006-05-08T15:00:00.000000,29.550506591796875,3.0603790283203125,0.14973334968090057,0.21784721314907074,0.9231885671615601
130,130,3063,2006-05-08T15:00:00.000000,269.0730285644531,8.96219539642334,0.13934066891670227,0.20394743978977203,0.8681806921958923
131,131,3063,2006-05-08T15:00:00.000000,476.13067626953125,12.615682601928711,0.1761980801820755,0.24268798530101776,1.0895289182662964
132,132,3063,2006-05-08T15:00:00.000000,780.1257934570312,14.477375030517578,0.28262731432914734,0.2755589783191681,1.2274856567382812
133,133,3063,2006-05-08T15:00:00.000000,362.72027587890625,11.361517906188965,0.1213054433465004,0.20777371525764465,0.909673810005188
134,134,3063,2006-05-08T15:00:00.000000,714.0908813476562,13.869418144226074,0.2275916486978531,0.2476051300764084,1.1237082481384277
135,135,3063,2006-05-08T15:00:00.000000,596.7081298828125,14.947687149047852,0.25734278559684753,0.3104195296764374,1.399971604347229
136,136,3063,2006-05-08T15:00:00.000000,1439.08984375,19.77292823791504,0.2966153919696808,0.2838728725910187,1.163943886756897
0,0,3575,2006-05-29T23:00:00.000000,624.657958984375,13.973549842834473,0.04382041469216347,0.11703719943761826,0.5219703316688538
1,1,3575,2006-05-29T23:00:00.000000,156.89930725097656,5.716068267822266,0.045228589326143265,0.0970495194196701,0.43580538034439087
2,2,3575,2006-05-29T23:00:00.000000,280.28192138671875,8.489287376403809,0.0894201323390007,0.151632159948349,0.6375299096107483
3,3,3575,2006-05-29T23:00:00.000000,239.27259826660156,7.886155128479004,0.06960786879062653,0.13450796902179718,0.5912823677062988
4,4,3575,2006-05-29T23:00:00.000000,1105.0341796875,16.58175277709961,0.0993831530213356,0.15725301206111908,0.7128919959068298
5,5,3575,2006-05-29T23:00:00.000000,1159.1553955078125,16.96194839477539,0.053951479494571686,0.11571952700614929,0.5130804181098938
6,6,3575,2006-05-29T23:00:00.000000,40.70984649658203,3.6153957843780518,0.01499619148671627,0.0693899542093277,0.3037995994091034
7,7,3575,2006-05-29T23:00:00.000000,188.12396240234375,7.470803737640381,0.06994850188493729,0.1440570205450058,0.5875071883201599
8,8,3575,2006-05-29T23:00:00.000000,153.1839141845703,6.309092998504639,0.04506772384047508,0.10821642726659775,0.46393105387687683
9,9,3575,2006-05-29T23:00:00.000000,336.9674377441406,10.373723983764648,0.11747294664382935,0.19369107484817505,0.8003901839256287
10,10,3575,2006-05-29T23:00:00.000000,305.7853088378906,9.217414855957031,0.10018385201692581,0.1668398231267929,0.7263492345809937
11,11,3575,2006-05-29T23:00:00.000000,21.547008514404297,2.489759683609009,0.0241291094571352,0.08331717550754547,0.35874682664871216
12,12,3575,2006-05-29T23:00:00.000000,174.53817749023438,7.348040580749512,0.0494968555867672,0.12374142557382584,0.557374894618988
13,13,3575,2006-05-29T23:00:00.000000,270.7601013183594,8.924245834350586,0.09209701418876648,0.16458943486213684,0.67717045545578
14,14,3575,2006-05-29T23:00:00.000000,209.53822326660156,7.856508731842041,0.06461934745311737,0.1379682719707489,0.5948138236999512
15,15,3575,2006-05-29T23:00:00.000000,119.01664733886719,5.803724765777588,0.09920085221529007,0.16755624115467072,0.7610995769500732
16,16,3575,2006-05-29T23:00:00.000000,268.5746154785156,8.139519691467285,0.07759234309196472,0.13834892213344574,0.6041284799575806
17,17,3575,2006-05-29T23:00:00.000000,194.65464782714844,7.542394161224365,0.059308767318725586,0.13165467977523804,0.5657864212989807
18,18,3575,2006-05-29T23:00:00.000000,267.2435607910156,9.072676658630371,0.09335305541753769,0.16956885159015656,0.6976101398468018
19,19,3575,2006-05-29T23:00:00.000000,253.09884643554688,8.913887977600098,0.09057038277387619,0.16862238943576813,0.7130883932113647
20,20,3575,2006-05-29T23:00:00.000000,222.88426208496094,7.683472633361816,0.06531906127929688,0.1315339356660843,0.6097416877746582
21,21,3575,2006-05-29T23:00:00.000000,147.64239501953125,7.0631422996521,0.04657541215419769,0.1254500299692154,0.5250359773635864
22,22,3575,2006-05-29T23:00:00.000000,863.534423828125,15.885680198669434,0.18912258744239807,0.235091894865036,1.0015164613723755
23,23,3575,2006-05-29T23:00:00.000000,1207.728515625,15.178693771362305,0.08137249201536179,0.12459151446819305,0.547837495803833
24,24,3575,2006-05-29T23:00:00.000000,222.76820373535156,8.073476791381836,0.06466702371835709,0.13755469024181366,0.5922614336013794
25,25,3575,2006-05-29T23:00:00.000000,353.7652893066406,9.162413597106934,0.15515154600143433,0.1918802708387375,0.8134666085243225
26,26,3575,2006-05-29T23:00:00.000000,229.93519592285156,8.597546577453613,0.0779019221663475,0.15825077891349792,0.6676803827285767
27,27,3575,2006-05-29T23:00:00.000000,147.14732360839844,5.698451042175293,0.04213051497936249,0.09642264246940613,0.4288780987262726
28,28,3575,2006-05-29T23:00:00.000000,1405.217529296875,16.522153854370117,0.09397439658641815,0.13511376082897186,0.5909749269485474
29,29,3575,2006-05-29T23:00:00.000000,174.02029418945312,7.585386276245117,0.057840898633003235,0.13829143345355988,0.5626178979873657
30,30,3575,2006-05-29T23:00:00.000000,200.92352294921875,7.130174160003662,0.07752461731433868,0.14005690813064575,0.6143017411231995
31,31,3575,2006-05-29T23:00:00.000000,282.21600341796875,8.230826377868652,0.025247903540730476,0.07785119861364365,0.3484819829463959
32,32,3575,2006-05-29T23:00:00.000000,110.28644561767578,5.956480026245117,0.033723387867212296,0.10415837913751602,0.4559178650379181
33,33,3575,2006-05-29T23:00:00.000000,108.41236877441406,5.598951816558838,0.039568591862916946,0.10696523636579514,0.47613200545310974
34,34,3575,2006-05-29T23:00:00.000000,179.26535034179688,7.642074108123779,0.07282428443431854,0.15402854979038239,0.6233420968055725
35,35,3575,2006-05-29T23:00:00.000000,60.248435974121094,4.183306694030762,0.02953578159213066,0.09262347966432571,0.4011291265487671
36,36,3575,2006-05-29T23:00:00.000000,203.7183380126953,7.598767280578613,0.06034299358725548,0.13078005611896515,0.5698962807655334
37,37,3575,2006-05-29T23:00:00.000000,127.6041488647461,5.983932971954346,0.07432503998279572,0.14441819489002228,0.6257626414299011
38,38,3575,2006-05-29T23:00:00.000000,176.1782684326172,6.442446708679199,0.0538422055542469,0.11262533068656921,0.47767549753189087
39,39,3575,2006-05-29T23:00:00.000000,158.9698944091797,7.242582321166992,0.052395958453416824,0.1314876228570938,0.5455254912376404
40,40,3575,2006-05-29T23:00:00.000000,647.8975219726562,12.55029296875,0.03577065095305443,0.09325329959392548,0.4173530340194702
41,41,3575,2006-05-29T23:00:00.000000,327.8982849121094,8.584711074829102,0.10282483696937561,0.15202154219150543,0.6137166023254395
42,42,3575,2006-05-29T23:00:00.000000,219.76100158691406,6.724849224090576,0.06228898465633392,0.1132173091173172,0.4939543604850769
43,43,3575,2006-05-29T23:00:00.000000,302.8997802734375,8.714638710021973,0.10543151199817657,0.1625867336988449,0.6624847650527954
44,44,3575,2006-05-29T23:00:00.000000,414.5268859863281,11.023898124694824,0.05573783814907074,0.12783032655715942,0.5529482960700989
45,45,3575,2006-05-29T23:00:00.000000,240.66604614257812,7.540324687957764,0.08859679847955704,0.1446743905544281,0.6443846821784973
46,46,3575,2006-05-29T23:00:00.000000,105.63273620605469,5.504340648651123,0.06320606172084808,0.13464350998401642,0.5790649652481079
47,47,3575,2006-05-29T23:00:00.000000,110.6862564086914,4.916748046875,0.039988353848457336,0.09345399588346481,0.41621077060699463
48,48,3575,2006-05-29T23:00:00.000000,257.82916259765625,6.530772686004639,0.07597298175096512,0.11210581660270691,0.5037461519241333
49,49,3575,2006-05-29T23:00:00.000000,206.11744689941406,8.181343078613281,0.06257399171590805,0.14254899322986603,0.6125382781028748
50,50,3575,2006-05-29T23:00:00.000000,190.4622802734375,7.134543418884277,0.055211011320352554,0.12147152423858643,0.5476552248001099
51,51,3575,2006-05-29T23:00:00.000000,359.1583557128906,10.423250198364258,0.1256655603647232,0.19497022032737732,0.7893667817115784
52,52,3575,2006-05-29T23:00:00.000000,232.90725708007812,7.009036064147949,0.06751973181962967,0.11933892220258713,0.5366290211677551
53,53,3575,2006-05-29T23:00:00.000000,169.34274291992188,7.025880336761475,0.05013880506157875,0.1208939254283905,0.5309443473815918
54,54,3575,2006-05-29T23:00:00.000000,60.8537483215332,3.995357036590576,0.022504696622490883,0.07683312147855759,0.3353129029273987
55,55,3575,2006-05-29T23:00:00.000000,288.0533447265625,8.269566535949707,0.08377918601036072,0.1410309225320816,0.62284255027771
56,56,3575,2006-05-29T23:00:00.000000,128.20423889160156,6.582093715667725,0.038466211408376694,0.11401253938674927,0.5026025176048279
57,57,3575,2006-05-29T23:00:00.000000,144.2613067626953,6.920217037200928,0.05770278722047806,0.13840225338935852,0.5702604055404663
58,58,3575,2006-05-29T23:00:00.000000,117.55805206298828,5.766388893127441,0.04210828244686127,0.10913436114788055,0.4914841651916504
59,59,3575,2006-05-29T23:00:00.000000,267.1629638671875,7.969552993774414,0.07671398669481277,0.13504642248153687,0.583276629447937
60,60,3575,2006-05-29T23:00:00.000000,63.572044372558594,4.6966423988342285,0.037880606949329376,0.11464705318212509,0.4920562505722046
61,61,3575,2006-05-29T23:00:00.000000,247.23060607910156,6.800174713134766,0.07196149230003357,0.11601629853248596,0.5211219191551208
62,62,3575,2006-05-29T23:00:00.000000,306.5500793457031,10.180971145629883,0.1089213490486145,0.1919088363647461,0.7907336950302124
63,63,3575,2006-05-29T23:00:00.000000,108.18392181396484,5.632354259490967,0.040684740990400314,0.10922557860612869,0.47751128673553467
64,64,3575,2006-05-29T23:00:00.000000,208.0035858154297,6.1494550704956055,0.06754125654697418,0.1108117327094078,0.4787382483482361
65,65,3575,2006-05-29T23:00:00.000000,336.8594665527344,9.833849906921387,0.1018458902835846,0.17099009454250336,0.7060170769691467
66,66,3575,2006-05-29T23:00:00.000000,225.15736389160156,7.08164119720459,0.0642421618103981,0.1196192130446434,0.5318738222122192
67,67,3575,2006-05-29T23:00:00.000000,166.34490966796875,4.835063934326172,0.04743767902255058,0.08165056258440018,0.3684904873371124
68,68,3575,2006-05-29T23:00:00.000000,1690.3616943359375,24.441255569458008,0.13084650039672852,0.21503780782222748,0.8635030388832092
69,69,3575,2006-05-29T23:00:00.000000,613.768310546875,12.035211563110352,0.05487862229347229,0.11380284279584885,0.5033350586891174
70,70,3575,2006-05-29T23:00:00.000000,201.62669372558594,7.2381591796875,0.03604714199900627,0.09678086638450623,0.4172208905220032
71,71,3575,2006-05-29T23:00:00.000000,155.29922485351562,5.575666427612305,0.09734895080327988,0.139597550034523,0.620766282081604
72,72,3575,2006-05-29T23:00:00.000000,190.48858642578125,6.451830863952637,0.061105094850063324,0.11555458605289459,0.5086073279380798
73,73,3575,2006-05-29T23:00:00.000000,4801.32421875,35.7934455871582,0.15753209590911865,0.2050253301858902,0.9115586876869202
74,74,3575,2006-05-29T23:00:00.000000,274.595947265625,7.967031002044678,0.0799049660563469,0.13590529561042786,0.6160139441490173
75,75,3575,2006-05-29T23:00:00.000000,183.8564453125,7.59006929397583,0.055868830531835556,0.13230952620506287,0.5641965270042419
76,76,3575,2006-05-29T23:00:00.000000,200.8916473388672,7.4615631103515625,0.06324522942304611,0.13239231705665588,0.5743704438209534
77,77,3575,2006-05-29T23:00:00.000000,281.9811706542969,8.519810676574707,0.09912969917058945,0.15974301099777222,0.6830515265464783
78,78,3575,2006-05-29T23:00:00.000000,186.60025024414062,6.628809928894043,0.05332586541771889,0.11205941438674927,0.49286651611328125
79,79,3575,2006-05-29T23:00:00.000000,121.69131469726562,5.212878227233887,0.03768319636583328,0.09173217415809631,0.4118167459964752
80,80,3575,2006-05-29T23:00:00.000000,284.62200927734375,7.634087085723877,0.050900381058454514,0.1020900309085846,0.45183804631233215
81,81,3575,2006-05-29T23:00:00.000000,228.92922973632812,7.973777770996094,0.08290869742631912,0.15174470841884613,0.6309678554534912
82,82,3575,2006-05-29T23:00:00.000000,50.93229293823242,3.9525504112243652,0.018979862332344055,0.0763004794716835,0.338037371635437
83,83,3575,2006-05-29T23:00:00.000000,90.55645751953125,5.409389972686768,0.057110752910375595,0.13584619760513306,0.5655511617660522
84,84,3575,2006-05-29T23:00:00.000000,445.2890319824219,10.489073753356934,0.1506139189004898,0.19290733337402344,0.7740048766136169
85,85,3575,2006-05-29T23:00:00.000000,113.70012664794922,5.744090557098389,0.04236696660518646,0.11088033020496368,0.4924457371234894
86,86,3575,2006-05-29T23:00:00.000000,118.61151885986328,6.232672691345215,0.035140372812747955,0.10727883875370026,0.4570487439632416
87,87,3575,2006-05-29T23:00:00.000000,129.70802307128906,6.145172119140625,0.04622497409582138,0.11600828170776367,0.5287232398986816
88,88,3575,2006-05-29T23:00:00.000000,288.1545715332031,8.502790451049805,0.12325765192508698,0.1758553683757782,0.7395392656326294
89,89,3575,2006-05-29T23:00:00.000000,126.35468292236328,5.820333480834961,0.04691915586590767,0.11215723305940628,0.49663734436035156
90,90,3575,2006-05-29T23:00:00.000000,136.96815490722656,5.3164496421813965,0.08424779027700424,0.13185332715511322,0.5884937047958374
91,91,3575,2006-05-29T23:00:00.000000,94.97518157958984,5.153970241546631,0.03413349390029907,0.0977073386311531,0.4337661862373352
92,92,3575,2006-05-29T23:00:00.000000,143.8506622314453,6.774611949920654,0.03983152285218239,0.11273062974214554,0.4897356629371643
93,93,3575,2006-05-29T23:00:00.000000,123.51091003417969,5.716879367828369,0.043982699513435364,0.1078815832734108,0.48918741941452026
94,94,3575,2006-05-29T23:00:00.000000,173.19203186035156,7.124217510223389,0.06400904059410095,0.13696002960205078,0.574110209941864
95,95,3575,2006-05-29T23:00:00.000000,146.38914489746094,6.1335859298706055,0.0475446842610836,0.11053784936666489,0.49477097392082214
96,96,3575,2006-05-29T23:00:00.000000,266.4032897949219,9.146273612976074,0.10306798666715622,0.17990216612815857,0.8095614910125732
97,97,3575,2006-05-29T23:00:00.000000,170.87632751464844,6.852930068969727,0.06201022118330002,0.13054701685905457,0.5824741721153259
98,98,3575,2006-05-29T23:00:00.000000,268.7523498535156,8.801994323730469,0.12004232406616211,0.18602536618709564,0.7746039032936096
99,99,3575,2006-05-29T23:00:00.000000,223.98289489746094,6.204615592956543,0.06499622017145157,0.10569428652524948,0.4645542502403259
100,100,3575,2006-05-29T23:00:00.000000,104.37517547607422,5.740329265594482,0.06219940632581711,0.14013005793094635,0.5558650493621826
101,101,3575,2006-05-29T23:00:00.000000,66.68743896484375,4.752175331115723,0.04041171073913574,0.11698336899280548,0.4820992648601532
102,102,3575,2006-05-29T23:00:00.000000,219.37423706054688,7.9365339279174805,0.07832790911197662,0.14996719360351562,0.628713071346283
103,103,3575,2006-05-29T23:00:00.000000,271.2174377441406,9.0543851852417,0.0962567925453186,0.17057518661022186,0.724719762802124
104,104,3575,2006-05-29T23:00:00.000000,695.192138671875,11.7681245803833,0.09162181615829468,0.13509967923164368,0.5757075548171997
105,105,3575,2006-05-29T23:00:00.000000,234.6672821044922,7.968322277069092,0.030010096728801727,0.09011027216911316,0.39030730724334717
106,106,3575,2006-05-29T23:00:00.000000,176.87071228027344,7.225447177886963,0.06389651447534561,0.13733313977718353,0.5485886931419373
107,107,3575,2006-05-29T23:00:00.000000,145.40541076660156,6.930891513824463,0.04175526276230812,0.11745037883520126,0.507081925868988
108,108,3575,2006-05-29T23:00:00.000000,221.9312744140625,7.63087272644043,0.08217674493789673,0.14683832228183746,0.6460527777671814
109,109,3575,2006-05-29T23:00:00.000000,276.82257080078125,8.43449592590332,0.0802593007683754,0.14361707866191864,0.6414210796356201
110,110,3575,2006-05-29T23:00:00.000000,384.443115234375,9.40541934967041,0.12133476138114929,0.16709163784980774,0.7014285922050476
111,111,3575,2006-05-29T23:00:00.000000,174.79843139648438,5.876843452453613,0.05103857442736626,0.10042101889848709,0.44332581758499146
112,112,3575,2006-05-29T23:00:00.000000,25.029151916503906,2.3418447971343994,0.027096539735794067,0.07705342024564743,0.33069849014282227
113,113,3575,2006-05-29T23:00:00.000000,161.25453186035156,7.406893730163574,0.06476406008005142,0.1484387069940567,0.6184090971946716
114,114,3575,2006-05-29T23:00:00.000000,146.6895751953125,5.620502471923828,0.04302211105823517,0.09625458717346191,0.4299399256706238
115,115,3575,2006-05-29T23:00:00.000000,7.187376022338867,1.1731524467468262,0.03283509612083435,0.07929365336894989,0.35037150979042053
116,116,3575,2006-05-29T23:00:00.000000,174.5751495361328,6.069571018218994,0.05213920772075653,0.10489360988140106,0.45570483803749084
117,117,3575,2006-05-29T23:00:00.000000,193.1386260986328,6.269935131072998,0.056409940123558044,0.10715348273515701,0.47608497738838196
118,118,3575,2006-05-29T23:00:00.000000,201.46484375,7.610803604125977,0.05999743938446045,0.13134005665779114,0.5717793107032776
119,119,3575,2006-05-29T23:00:00.000000,174.50607299804688,6.093210220336914,0.1061486080288887,0.1502789407968521,0.6727139949798584
120,120,3575,2006-05-29T23:00:00.000000,154.16030883789062,6.592544078826904,0.04571089521050453,0.11352109909057617,0.4948884844779968
121,121,3575,2006-05-29T23:00:00.000000,1488.7530517578125,23.114788055419922,0.0872531533241272,0.17695754766464233,0.685732901096344
122,122,3575,2006-05-29T23:00:00.000000,228.06248474121094,6.1364922523498535,0.06520289927721024,0.10375923663377762,0.4614180624485016
123,123,3575,2006-05-29T23:00:00.000000,190.6802215576172,7.804589748382568,0.054018646478652954,0.13136179745197296,0.5733305215835571
124,124,3575,2006-05-29T23:00:00.000000,587.1990966796875,9.462983131408691,0.0734548270702362,0.10583896189928055,0.46165376901626587
125,125,3575,2006-05-29T23:00:00.000000,437.0107116699219,9.196117401123047,0.07508108019828796,0.12053792923688889,0.5244319438934326
126,126,3575,2006-05-29T23:00:00.000000,48.246910095214844,3.8771727085113525,0.06078726425766945,0.13762161135673523,0.547521710395813
127,127,3575,2006-05-29T23:00:00.000000,130.48977661132812,5.414096355438232,0.04048497974872589,0.095364049077034,0.424651563167572
128,128,3575,2006-05-29T23:00:00.000000,123.88504791259766,6.096982002258301,0.038191478699445724,0.10705048590898514,0.45574238896369934
129,129,3575,2006-05-29T23:00:00.000000,10.814345359802246,1.4507865905761719,0.04726383462548256,0.09591087698936462,0.413688063621521
130,130,3575,2006-05-29T23:00:00.000000,110.13214874267578,4.689814567565918,0.0513087622821331,0.10122653841972351,0.4365646243095398
131,131,3575,2006-05-29T23:00:00.000000,146.8702850341797,7.152287006378174,0.049854930490255356,0.1317746937274933,0.5423545837402344
132,132,3575,2006-05-29T23:00:00.000000,374.7603454589844,9.553108215332031,0.12983566522598267,0.1778135597705841,0.7232410311698914
133,133,3575,2006-05-29T23:00:00.000000,134.80938720703125,5.174259662628174,0.03916557505726814,0.08819428086280823,0.39329850673675537
134,134,3575,2006-05-29T23:00:00.000000,108.43045806884766,6.096742153167725,0.03417753055691719,0.10824120044708252,0.46959781646728516
135,135,3575,2006-05-29T23:00:00.000000,478.0198974609375,10.483466148376465,0.1771489530801773,0.2018139511346817,0.920276403427124
136,136,3575,2006-05-29T23:00:00.000000,451.4479675292969,10.771125793457031,0.08395499736070633,0.14688603579998016,0.6349396109580994
0,0,4087,2006-06-20T07:00:00.000000,1190.8619384765625,16.0168399810791,0.09097511321306229,0.13999336957931519,0.6427231431007385
1,1,4087,2006-06-20T07:00:00.000000,245.32461547851562,7.690471172332764,0.08223455399274826,0.14080223441123962,0.6053972840309143
2,2,4087,2006-06-20T07:00:00.000000,400.9179382324219,8.625448226928711,0.12216682732105255,0.15056724846363068,0.6770757436752319
3,3,4087,2006-06-20T07:00:00.000000,101.96525573730469,5.093212604522705,0.03091919794678688,0.08869104087352753,0.3920973837375641
4,4,4087,2006-06-20T07:00:00.000000,433.7447204589844,11.546276092529297,0.04468071460723877,0.1171884760260582,0.506075918674469
5,5,4087,2006-06-20T07:00:00.000000,2293.500732421875,22.37318229675293,0.10571708530187607,0.1518976092338562,0.6828004121780396
6,6,4087,2006-06-20T07:00:00.000000,49.18685531616211,3.679577112197876,0.020013127475976944,0.07422169297933578,0.335358589887619
7,7,4087,2006-06-20T07:00:00.000000,381.0932312011719,9.517494201660156,0.1399981826543808,0.18241819739341736,0.7971657514572144
8,8,4087,2006-06-20T07:00:00.000000,163.5006103515625,5.609260082244873,0.048729751259088516,0.0968373715877533,0.4329415261745453
9,9,4087,2006-06-20T07:00:00.000000,348.0751953125,8.099449157714844,0.104027159512043,0.1400207132101059,0.6344150304794312
10,10,4087,2006-06-20T07:00:00.000000,348.8293762207031,8.04887866973877,0.11066482216119766,0.143361896276474,0.6412535905838013
11,11,4087,2006-06-20T07:00:00.000000,46.77478790283203,3.17431640625,0.05810629948973656,0.11188089847564697,0.48569735884666443
12,12,4087,2006-06-20T07:00:00.000000,185.73223876953125,6.228267192840576,0.054454267024993896,0.10664475709199905,0.47898030281066895
13,13,4087,2006-06-20T07:00:00.000000,321.3177185058594,7.735409736633301,0.09565066546201706,0.13346272706985474,0.6067793965339661
14,14,4087,2006-06-20T07:00:00.000000,397.1591796875,9.056821823120117,0.12347537279129028,0.1596921980381012,0.6958273649215698
15,15,4087,2006-06-20T07:00:00.000000,83.13672637939453,4.498884201049805,0.07816209644079208,0.13794516026973724,0.5915405750274658
16,16,4087,2006-06-20T07:00:00.000000,104.89912414550781,5.104177474975586,0.03190869837999344,0.08902139216661453,0.3909698724746704
17,17,4087,2006-06-20T07:00:00.000000,305.2731018066406,7.664772033691406,0.09189672023057938,0.13298571109771729,0.565039873123169
18,18,4087,2006-06-20T07:00:00.000000,358.2084655761719,8.373612403869629,0.10950422286987305,0.14640650153160095,0.6656280159950256
19,19,4087,2006-06-20T07:00:00.000000,388.8523254394531,8.989944458007812,0.1177709773182869,0.1564529538154602,0.7095245718955994
20,20,4087,2006-06-20T07:00:00.000000,103.86540222167969,4.843966007232666,0.031983550637960434,0.08500196039676666,0.3731406629085541
21,21,4087,2006-06-20T07:00:00.000000,280.1698913574219,8.337258338928223,0.08348684757947922,0.14392012357711792,0.6455529928207397
22,22,4087,2006-06-20T07:00:00.000000,343.4923400878906,10.823022842407227,0.08316134661436081,0.16840337216854095,0.7840398550033569
23,23,4087,2006-06-20T07:00:00.000000,832.461669921875,13.558011054992676,0.06703706830739975,0.12166659533977509,0.525850772857666
24,24,4087,2006-06-20T07:00:00.000000,207.29299926757812,7.1841721534729,0.06342674791812897,0.12566682696342468,0.5458298325538635
25,25,4087,2006-06-20T07:00:00.000000,295.252197265625,7.5419182777404785,0.11673085391521454,0.1499609351158142,0.6783526539802551
26,26,4087,2006-06-20T07:00:00.000000,308.08172607421875,8.251016616821289,0.0976891741156578,0.146925687789917,0.6607381701469421
27,27,4087,2006-06-20T07:00:00.000000,415.10845947265625,8.995473861694336,0.13338425755500793,0.16124843060970306,0.7176860570907593
28,28,4087,2006-06-20T07:00:00.000000,920.6263427734375,13.154064178466797,0.07198166102170944,0.11631325632333755,0.4835965037345886
29,29,4087,2006-06-20T07:00:00.000000,392.3320007324219,9.178766250610352,0.11933733522891998,0.16008314490318298,0.7158014178276062
30,30,4087,2006-06-20T07:00:00.000000,192.1768035888672,6.99631929397583,0.07781907916069031,0.14078687131404877,0.6397579908370972
31,31,4087,2006-06-20T07:00:00.000000,1086.380859375,14.855473518371582,0.1097368448972702,0.1493040770292282,0.6431549787521362
32,32,4087,2006-06-20T07:00:00.000000,165.9524688720703,6.540543556213379,0.04981955513358116,0.11332400888204575,0.509606659412384
33,33,4087,2006-06-20T07:00:00.000000,142.95077514648438,5.679040431976318,0.05455734580755234,0.11094515025615692,0.49350547790527344
34,34,4087,2006-06-20T07:00:00.000000,269.8343505859375,7.439358711242676,0.09685032814741135,0.14094103872776031,0.6325269937515259
35,35,4087,2006-06-20T07:00:00.000000,135.3475799560547,4.961106777191162,0.07392875105142593,0.11594713479280472,0.5003131031990051
36,36,4087,2006-06-20T07:00:00.000000,161.26309204101562,5.870426654815674,0.04810117557644844,0.10138649493455887,0.4374620318412781
37,37,4087,2006-06-20T07:00:00.000000,120.93927001953125,5.627901554107666,0.07040195167064667,0.1357860416173935,0.6067395806312561
38,38,4087,2006-06-20T07:00:00.000000,178.53543090820312,6.7590413093566895,0.054843563586473465,0.11846381425857544,0.5193783044815063
39,39,4087,2006-06-20T07:00:00.000000,284.5057373046875,8.004225730895996,0.08723562210798264,0.14015893638134003,0.6294066905975342
40,40,4087,2006-06-20T07:00:00.000000,985.9566650390625,16.158859252929688,0.056054502725601196,0.12183918803930283,0.5436707735061646
41,41,4087,2006-06-20T07:00:00.000000,331.12066650390625,7.247129917144775,0.09816660732030869,0.12478281557559967,0.551345944404602
42,42,4087,2006-06-20T07:00:00.000000,56.25259780883789,3.9891998767852783,0.017047904431819916,0.06944643706083298,0.31618908047676086
43,43,4087,2006-06-20T07:00:00.000000,372.2445068359375,7.852902412414551,0.11230377107858658,0.13639964163303375,0.6250658631324768
44,44,4087,2006-06-20T07:00:00.000000,398.87860107421875,10.72557544708252,0.059535786509513855,0.13103559613227844,0.5810971856117249
45,45,4087,2006-06-20T07:00:00.000000,117.1324462890625,5.945958137512207,0.04741523042321205,0.1196305900812149,0.5184245705604553
46,46,4087,2006-06-20T07:00:00.000000,120.4686508178711,5.084641933441162,0.07149914652109146,0.12387216836214066,0.5371533632278442
47,47,4087,2006-06-20T07:00:00.000000,165.2822723388672,6.406457901000977,0.058943986892700195,0.1209830716252327,0.5506669878959656
48,48,4087,2006-06-20T07:00:00.000000,232.12677001953125,7.120022773742676,0.07780622690916061,0.13035444915294647,0.5711688995361328
49,49,4087,2006-06-20T07:00:00.000000,300.595947265625,8.696544647216797,0.09005877375602722,0.15052832663059235,0.6634405255317688
50,50,4087,2006-06-20T07:00:00.000000,112.66015625,5.727656841278076,0.033642467111349106,0.09897731989622116,0.4442509412765503
51,51,4087,2006-06-20T07:00:00.000000,357.1164855957031,8.41200065612793,0.10804831981658936,0.1463198959827423,0.6696954369544983
52,52,4087,2006-06-20T07:00:00.000000,209.9084930419922,6.611371040344238,0.06806507706642151,0.11905255168676376,0.5122805237770081
53,53,4087,2006-06-20T07:00:00.000000,203.1684112548828,6.983076095581055,0.06202256307005882,0.12200947105884552,0.5415365695953369
54,54,4087,2006-06-20T07:00:00.000000,49.70524597167969,3.5816447734832764,0.02029544860124588,0.07237369567155838,0.326702356338501
55,55,4087,2006-06-20T07:00:00.000000,243.68492126464844,7.415153980255127,0.07371079921722412,0.1289648562669754,0.5824798941612244
56,56,4087,2006-06-20T07:00:00.000000,233.35675048828125,7.682140827178955,0.06902957707643509,0.13212642073631287,0.5833686590194702
57,57,4087,2006-06-20T07:00:00.000000,297.5695495605469,8.207268714904785,0.10551762580871582,0.1545492559671402,0.6892259120941162
58,58,4087,2006-06-20T07:00:00.000000,212.01995849609375,7.381761074066162,0.07547763735055923,0.13927744328975677,0.6142716407775879
59,59,4087,2006-06-20T07:00:00.000000,208.04983520507812,6.82428503036499,0.06273460388183594,0.11850237846374512,0.5213927626609802
60,60,4087,2006-06-20T07:00:00.000000,165.11424255371094,5.8510355949401855,0.09944092482328415,0.14358963072299957,0.6367871165275574
61,61,4087,2006-06-20T07:00:00.000000,49.750057220458984,3.742243528366089,0.01492720004171133,0.06482230126857758,0.287291556596756
62,62,4087,2006-06-20T07:00:00.000000,428.6683349609375,9.603590965270996,0.12972034513950348,0.16706174612045288,0.7673719525337219
63,63,4087,2006-06-20T07:00:00.000000,189.15093994140625,6.899476528167725,0.0705142617225647,0.13321414589881897,0.593292772769928
64,64,4087,2006-06-20T07:00:00.000000,195.04934692382812,6.496821403503418,0.07144864648580551,0.12434423714876175,0.5414466261863708
65,65,4087,2006-06-20T07:00:00.000000,228.43331909179688,7.709834098815918,0.07127469778060913,0.1361861526966095,0.6003121733665466
66,66,4087,2006-06-20T07:00:00.000000,103.208984375,5.176961421966553,0.03071085922420025,0.08930220454931259,0.3887193500995636
67,67,4087,2006-06-20T07:00:00.000000,334.6761474609375,8.149662017822266,0.10551092028617859,0.14470244944095612,0.6434230208396912
68,68,4087,2006-06-20T07:00:00.000000,2377.650390625,26.60610580444336,0.18207022547721863,0.2328234612941742,0.9909312129020691
69,69,4087,2006-06-20T07:00:00.000000,154.76123046875,6.618792533874512,0.01652437634766102,0.06839276850223541,0.29333916306495667
70,70,4087,2006-06-20T07:00:00.000000,239.96340942382812,7.7682952880859375,0.04704800620675087,0.10877368599176407,0.4606269598007202
71,71,4087,2006-06-20T07:00:00.000000,26.06411361694336,2.854794979095459,0.016622189432382584,0.07209374010562897,0.320949912071228
72,72,4087,2006-06-20T07:00:00.000000,189.22779846191406,6.398940563201904,0.06855632364749908,0.12179777026176453,0.5419088006019592
73,73,4087,2006-06-20T07:00:00.000000,1674.1781005859375,23.06883430480957,0.06537441164255142,0.14415466785430908,0.617542564868927
74,74,4087,2006-06-20T07:00:00.000000,129.7708282470703,5.552375316619873,0.039148636162281036,0.09643809497356415,0.42192450165748596
75,75,4087,2006-06-20T07:00:00.000000,332.4784851074219,8.6698579788208,0.09863881766796112,0.1493324190378189,0.6664025783538818
76,76,4087,2006-06-20T07:00:00.000000,210.3752899169922,6.549510478973389,0.06167815998196602,0.11214429140090942,0.4844498634338379
77,77,4087,2006-06-20T07:00:00.000000,357.33050537109375,9.019942283630371,0.11447907984256744,0.1614476591348648,0.7336665987968445
78,78,4087,2006-06-20T07:00:00.000000,79.69379425048828,4.4365763664245605,0.023715900257229805,0.0765341967344284,0.34918639063835144
79,79,4087,2006-06-20T07:00:00.000000,239.9361572265625,7.213383197784424,0.08441264927387238,0.13529913127422333,0.6008764505386353
80,80,4087,2006-06-20T07:00:00.000000,328.05584716796875,9.385778427124023,0.05914461240172386,0.12602421641349792,0.5594685077667236
81,81,4087,2006-06-20T07:00:00.000000,402.08929443359375,8.521081924438477,0.1247621402144432,0.1500980108976364,0.6709513664245605
82,82,4087,2006-06-20T07:00:00.000000,120.5019760131836,4.813601970672607,0.04964013397693634,0.0976988822221756,0.43952256441116333
83,83,4087,2006-06-20T07:00:00.000000,157.4462890625,6.269782066345215,0.092946857213974,0.15233634412288666,0.6539216041564941
84,84,4087,2006-06-20T07:00:00.000000,365.66015625,8.158621788024902,0.11116476356983185,0.14225304126739502,0.63764488697052
85,85,4087,2006-06-20T07:00:00.000000,265.08319091796875,7.632889747619629,0.10167444497346878,0.14948713779449463,0.6613173484802246
86,86,4087,2006-06-20T07:00:00.000000,134.83091735839844,5.957574367523193,0.040810324251651764,0.10364773124456406,0.46983587741851807
87,87,4087,2006-06-20T07:00:00.000000,105.87451171875,5.09023380279541,0.039968568831682205,0.09890113770961761,0.43900513648986816
88,88,4087,2006-06-20T07:00:00.000000,294.13043212890625,7.522706508636475,0.11456136405467987,0.14846470952033997,0.6744717955589294
89,89,4087,2006-06-20T07:00:00.000000,209.45703125,7.09225606918335,0.07966487109661102,0.138315349817276,0.6204991936683655
90,90,4087,2006-06-20T07:00:00.000000,35.058860778808594,3.2022647857666016,0.0223141610622406,0.08078833669424057,0.36349955201148987
91,91,4087,2006-06-20T07:00:00.000000,240.71754455566406,7.674708843231201,0.08373721688985825,0.14314207434654236,0.637789249420166
92,92,4087,2006-06-20T07:00:00.000000,159.16969299316406,5.803102016448975,0.04736039415001869,0.10010083764791489,0.44810914993286133
93,93,4087,2006-06-20T07:00:00.000000,167.5289306640625,6.8759765625,0.05911901965737343,0.12916745245456696,0.5797503590583801
94,94,4087,2006-06-20T07:00:00.000000,353.1386413574219,8.672563552856445,0.12772013247013092,0.16493184864521027,0.7508648037910461
95,95,4087,2006-06-20T07:00:00.000000,231.20936584472656,7.426853656768799,0.08480019122362137,0.14223307371139526,0.6364501714706421
96,96,4087,2006-06-20T07:00:00.000000,132.25584411621094,6.682754039764404,0.052657708525657654,0.13334569334983826,0.6046435832977295
97,97,4087,2006-06-20T07:00:00.000000,252.27972412109375,7.18308687210083,0.0942516028881073,0.13883990049362183,0.6168950796127319
98,98,4087,2006-06-20T07:00:00.000000,280.09185791015625,7.611876010894775,0.1103353276848793,0.15107713639736176,0.7005477547645569
99,99,4087,2006-06-20T07:00:00.000000,239.47491455078125,7.045527935028076,0.07717866450548172,0.1264829933643341,0.5698413252830505
100,100,4087,2006-06-20T07:00:00.000000,184.54464721679688,6.424614429473877,0.108829066157341,0.15601590275764465,0.6934872269630432
101,101,4087,2006-06-20T07:00:00.000000,120.33256530761719,5.109615802764893,0.07013755291700363,0.1233593225479126,0.5548595190048218
102,102,4087,2006-06-20T07:00:00.000000,312.51861572265625,8.204489707946777,0.10038337111473083,0.14704304933547974,0.6546776294708252
103,103,4087,2006-06-20T07:00:00.000000,454.5389404296875,9.597100257873535,0.13965128362178802,0.16821974515914917,0.7404125928878784
104,104,4087,2006-06-20T07:00:00.000000,955.958251953125,14.896430969238281,0.12109534442424774,0.16765885055065155,0.7343933582305908
105,105,4087,2006-06-20T07:00:00.000000,273.01751708984375,7.792259216308594,0.037966106086969376,0.09188955277204514,0.4002457559108734
106,106,4087,2006-06-20T07:00:00.000000,333.46484375,8.279473304748535,0.11822464317083359,0.15589480102062225,0.6958644986152649
107,107,4087,2006-06-20T07:00:00.000000,209.5630645751953,6.615466117858887,0.06284273415803909,0.1145593598484993,0.5089404582977295
108,108,4087,2006-06-20T07:00:00.000000,263.1692199707031,7.518182754516602,0.10204216837882996,0.14804209768772125,0.6479637622833252
109,109,4087,2006-06-20T07:00:00.000000,116.0715103149414,5.473911762237549,0.03442276269197464,0.09426658600568771,0.4183351397514343
110,110,4087,2006-06-20T07:00:00.000000,326.4783630371094,7.701024532318115,0.09845332056283951,0.1337323635816574,0.6121583580970764
111,111,4087,2006-06-20T07:00:00.000000,47.69560623168945,3.71114182472229,0.014534104615449905,0.06478321552276611,0.28863516449928284
112,112,4087,2006-06-20T07:00:00.000000,24.98908042907715,2.4633657932281494,0.030432380735874176,0.08596502244472504,0.37710511684417725
113,113,4087,2006-06-20T07:00:00.000000,290.8450927734375,7.5094475746154785,0.10621998459100723,0.1435093730688095,0.6428490281105042
114,114,4087,2006-06-20T07:00:00.000000,257.29937744140625,7.314990043640137,0.08386363089084625,0.13206301629543304,0.5869402885437012
115,115,4087,2006-06-20T07:00:00.000000,10.606195449829102,1.5342719554901123,0.05029568448662758,0.10565447807312012,0.464790940284729
116,116,4087,2006-06-20T07:00:00.000000,69.69760131835938,4.349369525909424,0.021353647112846375,0.07612957060337067,0.34065428376197815
117,117,4087,2006-06-20T07:00:00.000000,309.87701416015625,8.541418075561523,0.10636977106332779,0.15825025737285614,0.6774467825889587
118,118,4087,2006-06-20T07:00:00.000000,133.9952392578125,5.6709489822387695,0.0402979850769043,0.09834510087966919,0.44073599576950073
119,119,4087,2006-06-20T07:00:00.000000,36.701988220214844,3.119553804397583,0.022866275161504745,0.07786555588245392,0.3442634344100952
120,120,4087,2006-06-20T07:00:00.000000,239.19183349609375,6.657050609588623,0.07329920679330826,0.11653552949428558,0.5244933366775513
121,121,4087,2006-06-20T07:00:00.000000,3265.762451171875,31.091209411621094,0.18715862929821014,0.23536954820156097,1.0103710889816284
122,122,4087,2006-06-20T07:00:00.000000,66.69380950927734,4.350406646728516,0.019986938685178757,0.07531131058931351,0.3380039930343628
123,123,4087,2006-06-20T07:00:00.000000,210.67852783203125,7.144286632537842,0.06247647851705551,0.12302887439727783,0.5341026782989502
124,124,4087,2006-06-20T07:00:00.000000,152.43109130859375,6.020676612854004,0.020424356684088707,0.069691963493824,0.3114036023616791
125,125,4087,2006-06-20T07:00:00.000000,341.1105041503906,8.564279556274414,0.06795825064182281,0.12088277190923691,0.5295170545578003
126,126,4087,2006-06-20T07:00:00.000000,60.471168518066406,3.8805949687957764,0.0747867301106453,0.1364697366952896,0.6060134768486023
127,127,4087,2006-06-20T07:00:00.000000,235.9868621826172,6.349270820617676,0.08425014466047287,0.11996795982122421,0.5314170122146606
128,128,4087,2006-06-20T07:00:00.000000,124.1792221069336,5.570885181427002,0.0377073809504509,0.09707622230052948,0.43159550428390503
129,129,4087,2006-06-20T07:00:00.000000,15.37206745147705,1.9341200590133667,0.08105180412530899,0.14044252038002014,0.6025594472885132
130,130,4087,2006-06-20T07:00:00.000000,116.78134155273438,5.008362770080566,0.0639798641204834,0.11722781509160995,0.5186807513237
131,131,4087,2006-06-20T07:00:00.000000,319.4128112792969,7.9994001388549805,0.10088423639535904,0.14216507971286774,0.6323736906051636
132,132,4087,2006-06-20T07:00:00.000000,312.23944091796875,7.6484246253967285,0.09539614617824554,0.1336883306503296,0.5962366461753845
133,133,4087,2006-06-20T07:00:00.000000,357.1833801269531,8.873374938964844,0.11728130280971527,0.16078948974609375,0.6925601363182068
134,134,4087,2006-06-20T07:00:00.000000,277.2569580078125,7.920712471008301,0.08069780468940735,0.13513065874576569,0.6057284474372864
135,135,4087,2006-06-20T07:00:00.000000,198.3955078125,7.868257999420166,0.08683346956968307,0.16461001336574554,0.6976746916770935
136,136,4087,2006-06-20T07:00:00.000000,258.1947937011719,8.818849563598633,0.047829508781433105,0.12002899497747421,0.5314533710479736
0,0,4599,2006-07-11T15:00:00.000000,1541.02099609375,21.96424102783203,0.1268860399723053,0.19930528104305267,0.8955222964286804
1,1,4599,2006-07-11T15:00:00.000000,134.12567138671875,5.693162441253662,0.05064292252063751,0.11062593013048172,0.47104328870773315
2,2,4599,2006-07-11T15:00:00.000000,285.09619140625,7.355432510375977,0.09951136261224747,0.137419655919075,0.6101678609848022
3,3,4599,2006-07-11T15:00:00.000000,111.29536437988281,5.626657485961914,0.03662644699215889,0.10207264125347137,0.44376981258392334
4,4,4599,2006-07-11T15:00:00.000000,1207.3515625,18.986221313476562,0.14160965383052826,0.20562131702899933,0.8572349548339844
5,5,4599,2006-07-11T15:00:00.000000,338.3150939941406,10.512084007263184,0.018631702288985252,0.07801073789596558,0.3424164950847626
6,6,4599,2006-07-11T15:00:00.000000,169.99835205078125,6.498358726501465,0.0743183046579361,0.1358717679977417,0.6034495234489441
7,7,4599,2006-07-11T15:00:00.000000,121.54792022705078,6.083305835723877,0.053179237991571426,0.12724389135837555,0.5412787795066833
8,8,4599,2006-07-11T15:00:00.000000,111.64384460449219,5.208271026611328,0.03817553073167801,0.09630941599607468,0.4238716959953308
9,9,4599,2006-07-11T15:00:00.000000,104.12197875976562,5.713390827178955,0.035822901874780655,0.10597493499517441,0.4660626947879791
10,10,4599,2006-07-11T15:00:00.000000,56.20322036743164,4.208953380584717,0.020275447517633438,0.07994269579648972,0.34771886467933655
11,11,4599,2006-07-11T15:00:00.000000,68.94180297851562,3.809241533279419,0.09178504347801208,0.1389898806810379,0.6231762170791626
12,12,4599,2006-07-11T15:00:00.000000,244.15367126464844,7.303953647613525,0.08394400775432587,0.13543197512626648,0.5900076031684875
13,13,4599,2006-07-11T15:00:00.000000,88.70467376708984,5.08736515045166,0.03094921074807644,0.09502644091844559,0.41678324341773987
14,14,4599,2006-07-11T15:00:00.000000,182.9543914794922,6.588847637176514,0.0672067329287529,0.12628288567066193,0.525953471660614
15,15,4599,2006-07-11T15:00:00.000000,120.26069641113281,6.156191825866699,0.12378007173538208,0.19750386476516724,0.8445445895195007
16,16,4599,2006-07-11T15:00:00.000000,231.91351318359375,6.931031227111816,0.07827128469944,0.12733156979084015,0.5776194334030151
17,17,4599,2006-07-11T15:00:00.000000,207.8067169189453,6.617548942565918,0.07168647646903992,0.12290963530540466,0.5264399647712708
18,18,4599,2006-07-11T15:00:00.000000,197.4674072265625,7.769973278045654,0.07234181463718414,0.14871901273727417,0.6429547667503357
19,19,4599,2006-07-11T15:00:00.000000,114.7632064819336,6.2074689865112305,0.04111612215638161,0.11749497056007385,0.5109947323799133
20,20,4599,2006-07-11T15:00:00.000000,107.56791687011719,5.20654821395874,0.03574908897280693,0.09491633623838425,0.4199906289577484
21,21,4599,2006-07-11T15:00:00.000000,153.20343017578125,6.298713207244873,0.05221245437860489,0.11627990007400513,0.5014249086380005
22,22,4599,2006-07-11T15:00:00.000000,147.4595947265625,7.357061386108398,0.03981127589941025,0.12088460475206375,0.5127333998680115
23,23,4599,2006-07-11T15:00:00.000000,526.13427734375,11.318323135375977,0.042391374707221985,0.10159505158662796,0.43328264355659485
24,24,4599,2006-07-11T15:00:00.000000,258.65814208984375,7.0492424964904785,0.090566486120224,0.13190557062625885,0.5671778321266174
25,25,4599,2006-07-11T15:00:00.000000,99.23272705078125,5.5244903564453125,0.04460727050900459,0.117129847407341,0.5329686999320984
26,26,4599,2006-07-11T15:00:00.000000,90.9180908203125,4.984859943389893,0.034956805408000946,0.09774480760097504,0.4181936979293823
27,27,4599,2006-07-11T15:00:00.000000,162.4511260986328,6.276295185089111,0.0609072744846344,0.12152805924415588,0.5304461121559143
28,28,4599,2006-07-11T15:00:00.000000,2002.1171875,19.468948364257812,0.17238160967826843,0.1806521713733673,0.7715030908584595
29,29,4599,2006-07-11T15:00:00.000000,99.4402084350586,5.944251537322998,0.03630457818508148,0.1135786846280098,0.4817812740802765
30,30,4599,2006-07-11T15:00:00.000000,209.80780029296875,8.825048446655273,0.09856376051902771,0.19127796590328217,0.8536374568939209
31,31,4599,2006-07-11T15:00:00.000000,705.8721313476562,13.413481712341309,0.08513455092906952,0.14730972051620483,0.6138389706611633
32,32,4599,2006-07-11T15:00:00.000000,115.98991394042969,5.278989315032959,0.04109019786119461,0.09935957938432693,0.4314805865287781
33,33,4599,2006-07-11T15:00:00.000000,131.38601684570312,5.555161476135254,0.05687401071190834,0.1155790165066719,0.5002812743186951
34,34,4599,2006-07-11T15:00:00.000000,79.75352478027344,4.973266124725342,0.0340476892888546,0.1027567982673645,0.44159209728240967
35,35,4599,2006-07-11T15:00:00.000000,100.88848876953125,4.40029764175415,0.0616416372358799,0.10876728594303131,0.47521257400512695
36,36,4599,2006-07-11T15:00:00.000000,125.11258697509766,5.675412178039551,0.04265866056084633,0.10479740053415298,0.4459055960178375
37,37,4599,2006-07-11T15:00:00.000000,78.42973327636719,4.433396339416504,0.05425797402858734,0.1166078969836235,0.5006731748580933
38,38,4599,2006-07-11T15:00:00.000000,228.22984313964844,8.469791412353516,0.08103818446397781,0.1595994383096695,0.6865534782409668
39,39,4599,2006-07-11T15:00:00.000000,102.2192611694336,6.196166515350342,0.0374334491789341,0.11857323348522186,0.5070191621780396
40,40,4599,2006-07-11T15:00:00.000000,360.2166442871094,9.616813659667969,0.02402729168534279,0.07854194939136505,0.3401022255420685
41,41,4599,2006-07-11T15:00:00.000000,195.83282470703125,6.189271450042725,0.06726674735546112,0.11470885574817657,0.5148301124572754
42,42,4599,2006-07-11T15:00:00.000000,78.71994018554688,4.907948970794678,0.025723261758685112,0.08871982991695404,0.4030494689941406
43,43,4599,2006-07-11T15:00:00.000000,97.0680160522461,5.453754901885986,0.03442400321364403,0.10270421206951141,0.4539906680583954
44,44,4599,2006-07-11T15:00:00.000000,768.2741088867188,15.51282787322998,0.12253475189208984,0.1959126591682434,0.8748931884765625
45,45,4599,2006-07-11T15:00:00.000000,169.10140991210938,7.68591833114624,0.07594718039035797,0.16288384795188904,0.7195066213607788
46,46,4599,2006-07-11T15:00:00.000000,79.04159545898438,4.692246437072754,0.055522482842206955,0.12436189502477646,0.5175763368606567
47,47,4599,2006-07-11T15:00:00.000000,81.30020904541016,5.276904106140137,0.03349541500210762,0.10710902512073517,0.48182156682014465
48,48,4599,2006-07-11T15:00:00.000000,166.94593811035156,6.497740268707275,0.0617629699409008,0.1249794289469719,0.5550040602684021
49,49,4599,2006-07-11T15:00:00.000000,205.89328002929688,7.611878871917725,0.07286734133958817,0.14319808781147003,0.6180378794670105
50,50,4599,2006-07-11T15:00:00.000000,207.00389099121094,6.734410762786865,0.07063963264226913,0.12440407276153564,0.5457268953323364
51,51,4599,2006-07-11T15:00:00.000000,109.69747924804688,5.70357608795166,0.039332158863544464,0.1079997718334198,0.47038841247558594
52,52,4599,2006-07-11T15:00:00.000000,246.98977661132812,7.733767032623291,0.0914827287197113,0.1488405019044876,0.6415259838104248
53,53,4599,2006-07-11T15:00:00.000000,139.88018798828125,6.097302436828613,0.04942351207137108,0.11461105197668076,0.4828311502933502
54,54,4599,2006-07-11T15:00:00.000000,196.0123748779297,6.65420389175415,0.08283697813749313,0.1367938220500946,0.6057048439979553
55,55,4599,2006-07-11T15:00:00.000000,146.3385009765625,5.190490245819092,0.04880889505147934,0.09479349851608276,0.41191765666007996
56,56,4599,2006-07-11T15:00:00.000000,181.43402099609375,6.506591320037842,0.0629398375749588,0.1211872473359108,0.5282781720161438
57,57,4599,2006-07-11T15:00:00.000000,96.18756103515625,5.445095062255859,0.042836256325244904,0.11490840464830399,0.4932701885700226
58,58,4599,2006-07-11T15:00:00.000000,71.6576919555664,5.137246131896973,0.03087983839213848,0.10664401948451996,0.4658394753932953
59,59,4599,2006-07-11T15:00:00.000000,188.30125427246094,6.449782848358154,0.06570989638566971,0.12048523873090744,0.5266667604446411
60,60,4599,2006-07-11T15:00:00.000000,106.03395080566406,5.266415119171143,0.07453855127096176,0.13963140547275543,0.599139928817749
61,61,4599,2006-07-11T15:00:00.000000,65.18730926513672,4.388358116149902,0.021726815029978752,0.08011586219072342,0.3533474802970886
62,62,4599,2006-07-11T15:00:00.000000,113.67186737060547,6.198177814483643,0.0407557338476181,0.11736319214105606,0.5199128985404968
63,63,4599,2006-07-11T15:00:00.000000,57.2007942199707,4.286863327026367,0.025607649236917496,0.09070337563753128,0.3848322927951813
64,64,4599,2006-07-11T15:00:00.000000,425.04925537109375,9.610739707946777,0.1758885234594345,0.19550414383411407,0.859666109085083
65,65,4599,2006-07-11T15:00:00.000000,104.84489440917969,5.801427364349365,0.038695789873600006,0.1114533320069313,0.48260071873664856
66,66,4599,2006-07-11T15:00:00.000000,92.05550384521484,5.290987968444824,0.03037394769489765,0.09610866755247116,0.4249382019042969
67,67,4599,2006-07-11T15:00:00.000000,262.2921447753906,8.381412506103516,0.0983228012919426,0.1622750163078308,0.6944873332977295
68,68,4599,2006-07-11T15:00:00.000000,899.8959350585938,18.70038414001465,0.08016833662986755,0.17650452256202698,0.7247289419174194
69,69,4599,2006-07-11T15:00:00.000000,665.5098876953125,11.545083045959473,0.07281751930713654,0.12076406180858612,0.526766300201416
70,70,4599,2006-07-11T15:00:00.000000,359.5562438964844,9.69092845916748,0.07945802062749863,0.14406245946884155,0.6260482668876648
71,71,4599,2006-07-11T15:00:00.000000,31.76924705505371,3.3327131271362305,0.0229023527354002,0.08948175609111786,0.39519429206848145
72,72,4599,2006-07-11T15:00:00.000000,319.4011535644531,9.232332229614258,0.13562750816345215,0.19024665653705597,0.8214356899261475
73,73,4599,2006-07-11T15:00:00.000000,1968.7374267578125,25.274547576904297,0.08193690329790115,0.16305319964885712,0.7212307453155518
74,74,4599,2006-07-11T15:00:00.000000,120.48960876464844,6.106932163238525,0.03918231278657913,0.11012688279151917,0.4937095642089844
75,75,4599,2006-07-11T15:00:00.000000,273.14337158203125,7.771291255950928,0.09640175849199295,0.14599581062793732,0.6281371712684631
76,76,4599,2006-07-11T15:00:00.000000,145.27940368652344,6.64115571975708,0.05313597619533539,0.12700945138931274,0.5205827355384827
77,77,4599,2006-07-11T15:00:00.000000,75.54388427734375,5.295999050140381,0.029203170910477638,0.10412696748971939,0.4373876452445984
78,78,4599,2006-07-11T15:00:00.000000,65.33656311035156,4.038470268249512,0.02089274488389492,0.07221651077270508,0.32147735357284546
79,79,4599,2006-07-11T15:00:00.000000,196.1402130126953,7.378381729125977,0.0839618667960167,0.15265774726867676,0.6646596193313599
80,80,4599,2006-07-11T15:00:00.000000,157.2616729736328,7.013686656951904,0.033657073974609375,0.10260608047246933,0.446725994348526
81,81,4599,2006-07-11T15:00:00.000000,117.4072265625,6.47091817855835,0.042725447565317154,0.1234416738152504,0.5284484028816223
82,82,4599,2006-07-11T15:00:00.000000,219.52230834960938,7.2264509201049805,0.09678870439529419,0.15173929929733276,0.6497398614883423
83,83,4599,2006-07-11T15:00:00.000000,77.37599182128906,4.9057841300964355,0.05469057336449623,0.13042521476745605,0.5696302056312561
84,84,4599,2006-07-11T15:00:00.000000,114.93949890136719,6.182673454284668,0.04044029489159584,0.11597084254026413,0.5159793496131897
85,85,4599,2006-07-11T15:00:00.000000,164.66053771972656,6.431851387023926,0.07372479140758514,0.13609683513641357,0.5866967439651489
86,86,4599,2006-07-11T15:00:00.000000,174.53543090820312,6.3771514892578125,0.05897444859147072,0.1172240823507309,0.51641845703125
87,87,4599,2006-07-11T15:00:00.000000,166.18759155273438,6.145299911499023,0.07316676527261734,0.12894389033317566,0.5643551349639893
88,88,4599,2006-07-11T15:00:00.000000,67.23521423339844,4.49923849105835,0.029615050181746483,0.09442714601755142,0.41728371381759644
89,89,4599,2006-07-11T15:00:00.000000,86.01622772216797,4.765935897827148,0.036916252225637436,0.09873401373624802,0.43157824873924255
90,90,4599,2006-07-11T15:00:00.000000,37.0545539855957,3.189685344696045,0.026660829782485962,0.08555864542722702,0.3712841868400574
91,91,4599,2006-07-11T15:00:00.000000,58.427345275878906,4.145166873931885,0.02456425502896309,0.08499349653720856,0.3677574098110199
92,92,4599,2006-07-11T15:00:00.000000,188.42755126953125,6.508904933929443,0.06337369978427887,0.11936864256858826,0.5211018919944763
93,93,4599,2006-07-11T15:00:00.000000,73.5456314086914,4.91912841796875,0.031444352120161057,0.10171406716108322,0.45447927713394165
94,94,4599,2006-07-11T15:00:00.000000,95.78179931640625,5.548781871795654,0.04133659973740578,0.11527189612388611,0.5003024339675903
95,95,4599,2006-07-11T15:00:00.000000,390.3188171386719,9.188116073608398,0.15751878917217255,0.1845792531967163,0.7713890075683594
96,96,4599,2006-07-11T15:00:00.000000,77.64575958251953,5.564191818237305,0.03681902214884758,0.12116559594869614,0.5008121132850647
97,97,4599,2006-07-11T15:00:00.000000,134.77076721191406,6.148461818695068,0.05782071873545647,0.12735334038734436,0.5576709508895874
98,98,4599,2006-07-11T15:00:00.000000,62.97938919067383,4.635427474975586,0.0275470819324255,0.09694566577672958,0.44285696744918823
99,99,4599,2006-07-11T15:00:00.000000,190.83436584472656,6.582541465759277,0.06940338015556335,0.125532329082489,0.540808379650116
100,100,4599,2006-07-11T15:00:00.000000,73.59214782714844,4.793869972229004,0.05195922777056694,0.1273801624774933,0.5357231497764587
101,101,4599,2006-07-11T15:00:00.000000,45.25816345214844,3.6301422119140625,0.031193677335977554,0.09530342370271683,0.40152645111083984
102,102,4599,2006-07-11T15:00:00.000000,51.42292404174805,4.141208648681641,0.01984701119363308,0.08135724812746048,0.3498329818248749
103,103,4599,2006-07-11T15:00:00.000000,138.12103271484375,6.941442012786865,0.04998065158724785,0.13204462826251984,0.5643220543861389
104,104,4599,2006-07-11T15:00:00.000000,448.327392578125,10.47778606414795,0.07018904387950897,0.13110117614269257,0.5678344964981079
105,105,4599,2006-07-11T15:00:00.000000,806.1043701171875,13.293828010559082,0.11810314655303955,0.16091078519821167,0.7110889554023743
106,106,4599,2006-07-11T15:00:00.000000,133.1768035888672,6.587313652038574,0.054018422961235046,0.1326676607131958,0.5862799286842346
107,107,4599,2006-07-11T15:00:00.000000,189.1524200439453,6.30966329574585,0.06461810320615768,0.11662116646766663,0.5074079632759094
108,108,4599,2006-07-11T15:00:00.000000,197.61119079589844,6.4019269943237305,0.0858469158411026,0.1334342211484909,0.5909326076507568
109,109,4599,2006-07-11T15:00:00.000000,239.54437255859375,6.999963283538818,0.0761781856417656,0.1248297467827797,0.5598101019859314
110,110,4599,2006-07-11T15:00:00.000000,117.77189636230469,5.28945255279541,0.04001520201563835,0.09749951958656311,0.43893706798553467
111,111,4599,2006-07-11T15:00:00.000000,123.347412109375,5.097838401794434,0.04172329232096672,0.09375842660665512,0.4236302375793457
112,112,4599,2006-07-11T15:00:00.000000,92.68301391601562,4.755356311798096,0.11893592774868011,0.17034897208213806,0.7556769847869873
113,113,4599,2006-07-11T15:00:00.000000,45.028228759765625,3.9304206371307373,0.020154761150479317,0.08315443247556686,0.3591023087501526
114,114,4599,2006-07-11T15:00:00.000000,269.80120849609375,7.922385215759277,0.1031314805150032,0.1548922210931778,0.6652522087097168
115,115,4599,2006-07-11T15:00:00.000000,4.524654865264893,1.1809929609298706,0.024178044870495796,0.08633068948984146,0.3840317130088806
116,116,4599,2006-07-11T15:00:00.000000,65.90180206298828,4.084249496459961,0.022682521492242813,0.07577209174633026,0.33991771936416626
117,117,4599,2006-07-11T15:00:00.000000,190.03150939941406,7.369795322418213,0.07154764235019684,0.14300140738487244,0.6110367774963379
118,118,4599,2006-07-11T15:00:00.000000,198.32904052734375,6.568023681640625,0.06773866713047028,0.12138355523347855,0.5272448062896729
119,119,4599,2006-07-11T15:00:00.000000,38.180381774902344,3.6936004161834717,0.02568993531167507,0.09581010043621063,0.43528440594673157
120,120,4599,2006-07-11T15:00:00.000000,136.1175079345703,4.9229416847229,0.04737146198749542,0.0918387770652771,0.4010170102119446
121,121,4599,2006-07-11T15:00:00.000000,1758.6181640625,21.31770896911621,0.1193980947136879,0.1756521463394165,0.7453382015228271
122,122,4599,2006-07-11T15:00:00.000000,84.23249053955078,4.861703872680664,0.028012411668896675,0.08865922689437866,0.39308440685272217
123,123,4599,2006-07-11T15:00:00.000000,200.68980407714844,6.091388702392578,0.06779522448778152,0.11195750534534454,0.4838137924671173
124,124,4599,2006-07-11T15:00:00.000000,200.58432006835938,7.464929580688477,0.02865656465291977,0.08922556787729263,0.4008733332157135
125,125,4599,2006-07-11T15:00:00.000000,659.70166015625,11.785028457641602,0.14506815373897552,0.17476032674312592,0.7316100001335144
126,126,4599,2006-07-11T15:00:00.000000,44.7369270324707,3.6177964210510254,0.06450644135475159,0.1373765468597412,0.5879933834075928
127,127,4599,2006-07-11T15:00:00.000000,399.92791748046875,9.49313735961914,0.16436775028705597,0.19245411455631256,0.8156131505966187
128,128,4599,2006-07-11T15:00:00.000000,211.69252014160156,6.587995529174805,0.07335124909877777,0.12263213098049164,0.5429992079734802
129,129,4599,2006-07-11T15:00:00.000000,12.40401840209961,1.6316728591918945,0.07136620581150055,0.12376508116722107,0.5281581878662109
130,130,4599,2006-07-11T15:00:00.000000,154.33294677734375,6.213967800140381,0.09886567294597626,0.1572759747505188,0.6700449585914612
131,131,4599,2006-07-11T15:00:00.000000,46.04728317260742,3.9760169982910156,0.016531644389033318,0.07533629238605499,0.3323727250099182
132,132,4599,2006-07-11T15:00:00.000000,81.93717956542969,5.168202877044678,0.02855420671403408,0.09647928923368454,0.438311904668808
133,133,4599,2006-07-11T15:00:00.000000,105.45848846435547,5.298073768615723,0.04006846994161606,0.10327105224132538,0.43693846464157104
134,134,4599,2006-07-11T15:00:00.000000,136.84423828125,6.3925957679748535,0.04691005125641823,0.11835779994726181,0.5161691308021545
135,135,4599,2006-07-11T15:00:00.000000,311.23504638671875,9.412492752075195,0.1422681212425232,0.2012399286031723,0.8818925619125366
136,136,4599,2006-07-11T15:00:00.000000,202.05686950683594,8.326226234436035,0.045595817267894745,0.12507596611976624,0.5150739550590515
0,0,5111,2006-08-01T23:00:00.000000,1801.2615966796875,22.435544967651367,0.17152942717075348,0.21893617510795593,0.8816467523574829
1,1,5111,2006-08-01T23:00:00.000000,215.50433349609375,7.698738098144531,0.09522721916437149,0.16183485090732574,0.6255092024803162
2,2,5111,2006-08-01T23:00:00.000000,201.85328674316406,6.387609481811523,0.08165828883647919,0.1284756064414978,0.5364423394203186
3,3,5111,2006-08-01T23:00:00.000000,101.6396484375,6.13226842880249,0.036070387810468674,0.11552207916975021,0.482757568359375
4,4,5111,2006-08-01T23:00:00.000000,871.6453857421875,16.53611183166504,0.1091974601149559,0.18508437275886536,0.7256224751472473
5,5,5111,2006-08-01T23:00:00.000000,535.7235717773438,12.846912384033203,0.030734173953533173,0.09730590134859085,0.41630950570106506
6,6,5111,2006-08-01T23:00:00.000000,138.1446533203125,6.293966293334961,0.06554963439702988,0.13710159063339233,0.5736925005912781
7,7,5111,2006-08-01T23:00:00.000000,112.74689483642578,5.68810510635376,0.050417110323905945,0.12028301507234573,0.49993306398391724
8,8,5111,2006-08-01T23:00:00.000000,178.59933471679688,8.0966157913208,0.06549885123968124,0.15505309402942657,0.6463004350662231
9,9,5111,2006-08-01T23:00:00.000000,86.83850860595703,4.853256702423096,0.03374873101711273,0.09567660838365555,0.39160510897636414
10,10,5111,2006-08-01T23:00:00.000000,97.47933959960938,5.125205039978027,0.03850896283984184,0.10186754167079926,0.4450852572917938
11,11,5111,2006-08-01T23:00:00.000000,35.66946029663086,3.175295114517212,0.051598500460386276,0.12076869606971741,0.4896601736545563
12,12,5111,2006-08-01T23:00:00.000000,139.41014099121094,7.031485557556152,0.05377281829714775,0.13809606432914734,0.561384916305542
13,13,5111,2006-08-01T23:00:00.000000,57.11952590942383,3.8709874153137207,0.0213447455316782,0.07482986152172089,0.32073312997817993
14,14,5111,2006-08-01T23:00:00.000000,167.90740966796875,6.696079254150391,0.06187691166996956,0.1285434514284134,0.5111433863639832
15,15,5111,2006-08-01T23:00:00.000000,68.68522644042969,5.015656471252441,0.08393346518278122,0.17533300817012787,0.6641242504119873
16,16,5111,2006-08-01T23:00:00.000000,145.06822204589844,7.159906387329102,0.053418442606925964,0.13739368319511414,0.5662274360656738
17,17,5111,2006-08-01T23:00:00.000000,107.39379119873047,6.057438850402832,0.04067785292863846,0.11789041757583618,0.4827677011489868
18,18,5111,2006-08-01T23:00:00.000000,62.632720947265625,4.324026107788086,0.023488325998187065,0.08373628556728363,0.34858328104019165
19,19,5111,2006-08-01T23:00:00.000000,113.92050170898438,4.6077728271484375,0.04135502129793167,0.08779185265302658,0.38217657804489136
20,20,5111,2006-08-01T23:00:00.000000,123.06890869140625,6.851588726043701,0.04427572339773178,0.12995709478855133,0.5407989025115967
21,21,5111,2006-08-01T23:00:00.000000,120.11456298828125,6.335214138031006,0.04706941545009613,0.12541021406650543,0.5045222043991089
22,22,5111,2006-08-01T23:00:00.000000,119.84004211425781,6.847671031951904,0.0347108319401741,0.11653982102870941,0.4983907639980316
23,23,5111,2006-08-01T23:00:00.000000,1051.1341552734375,17.73212242126465,0.09854374825954437,0.1716904640197754,0.7065765261650085
24,24,5111,2006-08-01T23:00:00.000000,114.58637237548828,6.699333667755127,0.04092426598072052,0.12660637497901917,0.5210225582122803
25,25,5111,2006-08-01T23:00:00.000000,119.66969299316406,5.364412784576416,0.05885779485106468,0.11896853148937225,0.5203848481178284
26,26,5111,2006-08-01T23:00:00.000000,69.86046600341797,4.119280815124512,0.02732929214835167,0.08147414773702621,0.345921128988266
27,27,5111,2006-08-01T23:00:00.000000,256.80670166015625,8.570992469787598,0.11596870422363281,0.18213705718517303,0.6919634342193604
28,28,5111,2006-08-01T23:00:00.000000,1159.5771484375,19.112464904785156,0.1205013245344162,0.19483312964439392,0.7461519241333008
29,29,5111,2006-08-01T23:00:00.000000,69.19464874267578,4.760296821594238,0.02684037759900093,0.09375449270009995,0.3998980224132538
30,30,5111,2006-08-01T23:00:00.000000,231.98797607421875,8.656418800354004,0.12410034984350204,0.20021289587020874,0.776824414730072
31,31,5111,2006-08-01T23:00:00.000000,1120.3565673828125,16.386117935180664,0.15282560884952545,0.19137975573539734,0.7455107569694519
32,32,5111,2006-08-01T23:00:00.000000,126.82443237304688,6.879926681518555,0.048013098537921906,0.13386352360248566,0.546871542930603
33,33,5111,2006-08-01T23:00:00.000000,126.12100219726562,6.444766998291016,0.05913218483328819,0.13954859972000122,0.5778051018714905
34,34,5111,2006-08-01T23:00:00.000000,118.75358581542969,4.245057106018066,0.053570397198200226,0.09016180038452148,0.3773150146007538
35,35,5111,2006-08-01T23:00:00.000000,79.12545013427734,4.633558750152588,0.05202806740999222,0.11881612986326218,0.49177733063697815
36,36,5111,2006-08-01T23:00:00.000000,133.55740356445312,6.5453596115112305,0.049095142632722855,0.12549279630184174,0.5110862851142883
37,37,5111,2006-08-01T23:00:00.000000,95.41041564941406,5.344570159912109,0.07142440974712372,0.14623059332370758,0.6010908484458923
38,38,5111,2006-08-01T23:00:00.000000,144.1548614501953,5.309913635253906,0.05541002377867699,0.10410390794277191,0.42743760347366333
39,39,5111,2006-08-01T23:00:00.000000,68.32868957519531,4.874399662017822,0.026705466210842133,0.0963650643825531,0.39923518896102905
40,40,5111,2006-08-01T23:00:00.000000,421.5690612792969,11.119813919067383,0.029806509613990784,0.09350153058767319,0.3903704583644867
41,41,5111,2006-08-01T23:00:00.000000,202.15478515625,5.977604389190674,0.07575391978025436,0.11571448296308517,0.49086353182792664
42,42,5111,2006-08-01T23:00:00.000000,87.1122817993164,4.738903522491455,0.03209751471877098,0.0909649059176445,0.3864072263240814
43,43,5111,2006-08-01T23:00:00.000000,95.35888671875,5.084084987640381,0.037320297211408615,0.1005784124135971,0.4213908612728119
44,44,5111,2006-08-01T23:00:00.000000,926.540771484375,15.858904838562012,0.16961973905563354,0.21457499265670776,0.8904524445533752
45,45,5111,2006-08-01T23:00:00.000000,128.94631958007812,6.700479030609131,0.06750191748142242,0.15330608189105988,0.5983632206916809
46,46,5111,2006-08-01T23:00:00.000000,78.36125946044922,4.3498077392578125,0.057129692286252975,0.11744926124811172,0.49920228123664856
47,47,5111,2006-08-01T23:00:00.000000,65.54161071777344,4.211477279663086,0.029281966388225555,0.08901762962341309,0.37918150424957275
48,48,5111,2006-08-01T23:00:00.000000,218.21536254882812,8.266054153442383,0.10015919059515,0.17709286510944366,0.705768883228302
49,49,5111,2006-08-01T23:00:00.000000,104.25088500976562,5.465758800506592,0.04022287204861641,0.10736113786697388,0.42966175079345703
50,50,5111,2006-08-01T23:00:00.000000,143.47039794921875,6.89420747756958,0.0558089017868042,0.1359737068414688,0.566391110420227
51,51,5111,2006-08-01T23:00:00.000000,63.80782699584961,4.258964538574219,0.02369772084057331,0.0820767879486084,0.3538234531879425
52,52,5111,2006-08-01T23:00:00.000000,180.1288604736328,7.172381401062012,0.08066380769014359,0.15177877247333527,0.595901608467102
53,53,5111,2006-08-01T23:00:00.000000,129.8831329345703,6.455775260925293,0.04664018005132675,0.12233538925647736,0.5054407715797424
54,54,5111,2006-08-01T23:00:00.000000,211.81817626953125,7.023813247680664,0.10055454820394516,0.153035506606102,0.64607173204422
55,55,5111,2006-08-01T23:00:00.000000,138.399169921875,6.770768165588379,0.05115547031164169,0.13017189502716064,0.5328477025032043
56,56,5111,2006-08-01T23:00:00.000000,152.2236785888672,6.858745098114014,0.0579635314643383,0.1338384747505188,0.5601294636726379
57,57,5111,2006-08-01T23:00:00.000000,76.63063049316406,4.370046138763428,0.03513466939330101,0.09357348084449768,0.3977802097797394
58,58,5111,2006-08-01T23:00:00.000000,61.19206237792969,4.161297798156738,0.027792315930128098,0.08868364989757538,0.36857420206069946
59,59,5111,2006-08-01T23:00:00.000000,93.23138427734375,5.524921894073486,0.03645574301481247,0.10925166308879852,0.4461948871612549
60,60,5111,2006-08-01T23:00:00.000000,61.830684661865234,4.377253532409668,0.04883329197764397,0.12301488220691681,0.48568570613861084
61,61,5111,2006-08-01T23:00:00.000000,92.50546264648438,5.0733866691589355,0.03424271196126938,0.09761090576648712,0.4060647189617157
62,62,5111,2006-08-01T23:00:00.000000,123.47644805908203,5.619410991668701,0.046566855162382126,0.10912823677062988,0.4859645664691925
63,63,5111,2006-08-01T23:00:00.000000,115.06180572509766,6.670629501342773,0.05276980996131897,0.14285454154014587,0.587149977684021
64,64,5111,2006-08-01T23:00:00.000000,255.4241180419922,8.686615943908691,0.13186611235141754,0.19737230241298676,0.7746968269348145
65,65,5111,2006-08-01T23:00:00.000000,132.36244201660156,5.492518424987793,0.0512322261929512,0.10805894434452057,0.4381193518638611
66,66,5111,2006-08-01T23:00:00.000000,104.0483627319336,5.826575756072998,0.037219103425741196,0.11019928008317947,0.4634504020214081
67,67,5111,2006-08-01T23:00:00.000000,219.172119140625,8.262004852294922,0.09972706437110901,0.17623791098594666,0.6846889853477478
68,68,5111,2006-08-01T23:00:00.000000,784.3076782226562,15.539558410644531,0.07547392696142197,0.1524382382631302,0.5878582000732422
69,69,5111,2006-08-01T23:00:00.000000,455.2939147949219,12.474650382995605,0.05543544143438339,0.1376499980688095,0.5745477080345154
70,70,5111,2006-08-01T23:00:00.000000,290.8973388671875,8.61870288848877,0.07308885455131531,0.13661475479602814,0.5284711718559265
71,71,5111,2006-08-01T23:00:00.000000,52.78691864013672,4.079894542694092,0.04010593891143799,0.11245796084403992,0.4790017008781433
72,72,5111,2006-08-01T23:00:00.000000,170.5613250732422,7.424643516540527,0.08619698882102966,0.16690963506698608,0.6599507927894592
73,73,5111,2006-08-01T23:00:00.000000,2423.0361328125,28.992319107055664,0.10690242797136307,0.19257362186908722,0.7534245848655701
74,74,5111,2006-08-01T23:00:00.000000,145.33895874023438,6.905768394470215,0.05367733910679817,0.1327139288187027,0.570265531539917
75,75,5111,2006-08-01T23:00:00.000000,122.04380798339844,6.435840606689453,0.046117670834064484,0.1251068413257599,0.5095990300178528
76,76,5111,2006-08-01T23:00:00.000000,230.96327209472656,7.3650054931640625,0.09315067529678345,0.147909015417099,0.5927926301956177
77,77,5111,2006-08-01T23:00:00.000000,63.63284683227539,4.1105732917785645,0.024687694385647774,0.08096586912870407,0.34469497203826904
78,78,5111,2006-08-01T23:00:00.000000,87.16776275634766,5.4298930168151855,0.03179962560534477,0.10371090471744537,0.43814051151275635
79,79,5111,2006-08-01T23:00:00.000000,248.9465789794922,8.802736282348633,0.11692287772893906,0.19077187776565552,0.764543354511261
80,80,5111,2006-08-01T23:00:00.000000,144.11822509765625,6.8365797996521,0.03253520280122757,0.10272028297185898,0.4211377203464508
81,81,5111,2006-08-01T23:00:00.000000,60.02426528930664,4.008991718292236,0.02297366037964821,0.07843083888292313,0.3417719602584839
82,82,5111,2006-08-01T23:00:00.000000,158.39646911621094,6.870193004608154,0.07820431888103485,0.15265515446662903,0.6296268105506897
83,83,5111,2006-08-01T23:00:00.000000,61.40087890625,4.3062849044799805,0.04775961488485336,0.12010079622268677,0.4854571521282196
84,84,5111,2006-08-01T23:00:00.000000,92.77098083496094,4.828835487365723,0.0346032939851284,0.09325993061065674,0.4077875018119812
85,85,5111,2006-08-01T23:00:00.000000,108.67369079589844,5.8663482666015625,0.05195189267396927,0.12826445698738098,0.5326113700866699
86,86,5111,2006-08-01T23:00:00.000000,122.9790267944336,6.5752973556518555,0.047278180718421936,0.1289229393005371,0.5360238552093506
87,87,5111,2006-08-01T23:00:00.000000,133.21949768066406,6.948946952819824,0.061810459941625595,0.14968079328536987,0.6160457730293274
88,88,5111,2006-08-01T23:00:00.000000,92.18402862548828,5.024163722991943,0.04581233114004135,0.11200236529111862,0.4708603620529175
89,89,5111,2006-08-01T23:00:00.000000,110.84965515136719,5.960206508636475,0.05164991319179535,0.12865565717220306,0.5310018658638
90,90,5111,2006-08-01T23:00:00.000000,60.1413688659668,3.623476028442383,0.04606015235185623,0.10027701407670975,0.42853641510009766
91,91,5111,2006-08-01T23:00:00.000000,54.25801086425781,4.092899799346924,0.024760587140917778,0.08743385970592499,0.3637522757053375
92,92,5111,2006-08-01T23:00:00.000000,121.3661880493164,5.741100788116455,0.04398893937468529,0.10929946601390839,0.4575923681259155
93,93,5111,2006-08-01T23:00:00.000000,64.86319732666016,4.307767868041992,0.028474748134613037,0.09025745093822479,0.3844788372516632
94,94,5111,2006-08-01T23:00:00.000000,102.00809478759766,5.145236492156982,0.04602331295609474,0.10928913950920105,0.4490187466144562
95,95,5111,2006-08-01T23:00:00.000000,244.4259490966797,8.856932640075684,0.12177330255508423,0.1976904720067978,0.774802565574646
96,96,5111,2006-08-01T23:00:00.000000,67.73966217041016,5.12209939956665,0.03344057872891426,0.11380554735660553,0.4717242121696472
97,97,5111,2006-08-01T23:00:00.000000,127.93561553955078,6.626493453979492,0.05851089581847191,0.14171192049980164,0.5714845061302185
98,98,5111,2006-08-01T23:00:00.000000,84.78614807128906,4.395595073699951,0.040579430758953094,0.09616304934024811,0.4283691644668579
99,99,5111,2006-08-01T23:00:00.000000,179.91604614257812,7.246762275695801,0.07771474868059158,0.15061244368553162,0.6158548593521118
100,100,5111,2006-08-01T23:00:00.000000,61.782901763916016,4.533570289611816,0.0446992851793766,0.1219429075717926,0.5168598890304565
101,101,5111,2006-08-01T23:00:00.000000,83.70166015625,4.829159259796143,0.06172308698296547,0.1311379224061966,0.5342013835906982
102,102,5111,2006-08-01T23:00:00.000000,58.2192268371582,4.146374225616455,0.023036539554595947,0.0824790969491005,0.35474660992622375
103,103,5111,2006-08-01T23:00:00.000000,62.51188278198242,4.167849063873291,0.02448667585849762,0.08248890936374664,0.3551221489906311
104,104,5111,2006-08-01T23:00:00.000000,317.22503662109375,9.512213706970215,0.05178169906139374,0.12153071910142899,0.5032758712768555
105,105,5111,2006-08-01T23:00:00.000000,489.7820129394531,12.52614688873291,0.08475178480148315,0.16477468609809875,0.671847403049469
106,106,5111,2006-08-01T23:00:00.000000,149.5284881591797,6.051064968109131,0.06245192140340805,0.12366383522748947,0.5053185820579529
107,107,5111,2006-08-01T23:00:00.000000,141.18882751464844,6.663529396057129,0.05259023606777191,0.12860465049743652,0.5291855335235596
108,108,5111,2006-08-01T23:00:00.000000,130.51699829101562,6.622049331665039,0.06011984497308731,0.14212411642074585,0.5976407527923584
109,109,5111,2006-08-01T23:00:00.000000,94.23157501220703,5.378678321838379,0.03388380631804466,0.10199372470378876,0.433987021446228
110,110,5111,2006-08-01T23:00:00.000000,124.7974853515625,5.642436981201172,0.04825827106833458,0.11095570772886276,0.4848713278770447
111,111,5111,2006-08-01T23:00:00.000000,91.0730972290039,4.553218364715576,0.033463507890701294,0.08727888017892838,0.36721271276474
112,112,5111,2006-08-01T23:00:00.000000,61.46626281738281,3.629713296890259,0.09447156637907028,0.1422998607158661,0.5858509540557861
113,113,5111,2006-08-01T23:00:00.000000,54.9401969909668,3.8973004817962646,0.025253450497984886,0.08355628699064255,0.35590821504592896
114,114,5111,2006-08-01T23:00:00.000000,223.7301025390625,8.257903099060059,0.09786081314086914,0.17270781099796295,0.6994805335998535
115,115,5111,2006-08-01T23:00:00.000000,4.531196594238281,1.0843071937561035,0.025595160201191902,0.08149384707212448,0.3440616726875305
116,116,5111,2006-08-01T23:00:00.000000,117.40948486328125,5.5515456199646,0.04344411939382553,0.10678932815790176,0.4581957459449768
117,117,5111,2006-08-01T23:00:00.000000,165.10279846191406,7.422913551330566,0.07144928723573685,0.15441736578941345,0.6209112405776978
118,118,5111,2006-08-01T23:00:00.000000,203.90016174316406,8.686810493469238,0.07922618091106415,0.17123237252235413,0.7072163820266724
119,119,5111,2006-08-01T23:00:00.000000,62.1417236328125,3.9522528648376465,0.046186257153749466,0.10774804651737213,0.4640158414840698
120,120,5111,2006-08-01T23:00:00.000000,96.31952667236328,5.608749866485596,0.035823043435811996,0.10816583037376404,0.4383401870727539
121,121,5111,2006-08-01T23:00:00.000000,1859.121337890625,22.140403747558594,0.13754267990589142,0.19043658673763275,0.7410385012626648
122,122,5111,2006-08-01T23:00:00.000000,94.83146667480469,5.136680603027344,0.03512970358133316,0.09886522591114044,0.42542779445648193
123,123,5111,2006-08-01T23:00:00.000000,114.46786499023438,6.45895528793335,0.043257664889097214,0.1255602240562439,0.5171359181404114
124,124,5111,2006-08-01T23:00:00.000000,153.84144592285156,6.516162872314453,0.025273431092500687,0.08351939916610718,0.3477112054824829
125,125,5111,2006-08-01T23:00:00.000000,385.1255798339844,11.00120735168457,0.10569543391466141,0.18224988877773285,0.6991556286811829
126,126,5111,2006-08-01T23:00:00.000000,33.76381301879883,3.378049612045288,0.050863560289144516,0.13111236691474915,0.5436961650848389
127,127,5111,2006-08-01T23:00:00.000000,231.62632751464844,8.782331466674805,0.12165240198373795,0.20126870274543762,0.8146185278892517
128,128,5111,2006-08-01T23:00:00.000000,102.44245147705078,5.717577934265137,0.040336690843105316,0.11345463991165161,0.4577775299549103
129,129,5111,2006-08-01T23:00:00.000000,19.493013381958008,2.3654720783233643,0.13676121830940247,0.1981343775987625,0.7600821852684021
130,130,5111,2006-08-01T23:00:00.000000,152.92005920410156,6.117090225219727,0.11138596385717392,0.16509269177913666,0.6510297060012817
131,131,5111,2006-08-01T23:00:00.000000,52.230064392089844,4.0793023109436035,0.019580427557229996,0.07898356020450592,0.3396998345851898
132,132,5111,2006-08-01T23:00:00.000000,109.048828125,5.072105884552002,0.04126713424921036,0.09866882860660553,0.4222487509250641
133,133,5111,2006-08-01T23:00:00.000000,316.6479797363281,8.808441162109375,0.13778512179851532,0.1837434619665146,0.7510970234870911
134,134,5111,2006-08-01T23:00:00.000000,76.33358764648438,4.788167476654053,0.028837453573942184,0.0930657610297203,0.384251207113266
135,135,5111,2006-08-01T23:00:00.000000,210.50735473632812,8.53268051147461,0.1121765598654747,0.19697123765945435,0.7555297613143921
136,136,5111,2006-08-01T23:00:00.000000,195.42425537109375,7.450973033905029,0.0477357842028141,0.1164516881108284,0.46280476450920105
0,0,5623,2006-08-23T07:00:00.000000,2617.800537109375,27.577070236206055,0.22419191896915436,0.2552053928375244,1.0556882619857788
1,1,5623,2006-08-23T07:00:00.000000,201.99325561523438,6.939755439758301,0.08059030026197433,0.13861720263957977,0.5775522589683533
2,2,5623,2006-08-23T07:00:00.000000,322.7953796386719,6.875862121582031,0.12840762734413147,0.13713833689689636,0.5873013734817505
3,3,5623,2006-08-23T07:00:00.000000,292.708251953125,8.650469779968262,0.09744869917631149,0.15783752501010895,0.7060062289237976
4,4,5623,2006-08-23T07:00:00.000000,957.1195068359375,15.5709228515625,0.11527393013238907,0.1708821803331375,0.7158161997795105
5,5,5623,2006-08-23T07:00:00.000000,2391.656005859375,23.686254501342773,0.1314331442117691,0.1755898892879486,0.7539645433425903
6,6,5623,2006-08-23T07:00:00.000000,253.60733032226562,7.859251499176025,0.11444789916276932,0.1669568419456482,0.7167314887046814
7,7,5623,2006-08-23T07:00:00.000000,66.0119400024414,4.66077995300293,0.03146450221538544,0.10175547003746033,0.42456287145614624
8,8,5623,2006-08-23T07:00:00.000000,279.4237365722656,8.454270362854004,0.09512248635292053,0.15598616003990173,0.6814681887626648
9,9,5623,2006-08-23T07:00:00.000000,88.90353393554688,5.391748905181885,0.03613846004009247,0.10870636254549026,0.4701114892959595
10,10,5623,2006-08-23T07:00:00.000000,141.84690856933594,6.510612964630127,0.056172143667936325,0.1295604258775711,0.541702926158905
11,11,5623,2006-08-23T07:00:00.000000,69.73715209960938,3.90313982963562,0.09419085085391998,0.14344531297683716,0.593189537525177
12,12,5623,2006-08-23T07:00:00.000000,108.12477111816406,5.423709869384766,0.03834354132413864,0.10213624686002731,0.4457612931728363
13,13,5623,2006-08-23T07:00:00.000000,119.564453125,5.6899566650390625,0.04540470242500305,0.11088130623102188,0.48083868622779846
14,14,5623,2006-08-23T07:00:00.000000,383.08758544921875,10.335312843322754,0.14145253598690033,0.19860032200813293,0.8193258047103882
15,15,5623,2006-08-23T07:00:00.000000,123.76178741455078,5.441183567047119,0.13475924730300903,0.179547518491745,0.7463026642799377
16,16,5623,2006-08-23T07:00:00.000000,199.09259033203125,6.8940749168396,0.06895661354064941,0.1283029019832611,0.5567013025283813
17,17,5623,2006-08-23T07:00:00.000000,83.6547622680664,5.011013984680176,0.030330641195178032,0.09541597962379456,0.4037548005580902
18,18,5623,2006-08-23T07:00:00.000000,138.83152770996094,6.140036582946777,0.05566517636179924,0.12294721603393555,0.5239347815513611
19,19,5623,2006-08-23T07:00:00.000000,164.37701416015625,6.483636856079102,0.0648278221487999,0.12875936925411224,0.555809736251831
20,20,5623,2006-08-23T07:00:00.000000,224.4374542236328,7.234342575073242,0.07560914009809494,0.1327817738056183,0.5831061601638794
21,21,5623,2006-08-23T07:00:00.000000,239.6768798828125,8.094594955444336,0.08543842285871506,0.15283003449440002,0.6412293314933777
22,22,5623,2006-08-23T07:00:00.000000,353.7113952636719,9.706960678100586,0.10020717233419418,0.16338346898555756,0.7004361748695374
23,23,5623,2006-08-23T07:00:00.000000,867.307861328125,13.571202278137207,0.07136425375938416,0.12310396134853363,0.5080350041389465
24,24,5623,2006-08-23T07:00:00.000000,159.04710388183594,6.269726276397705,0.05386655777692795,0.11538392305374146,0.5118850469589233
25,25,5623,2006-08-23T07:00:00.000000,115.59998321533203,5.890539169311523,0.05954671651124954,0.13369187712669373,0.5754457116127014
26,26,5623,2006-08-23T07:00:00.000000,129.30873107910156,6.242279052734375,0.05146310478448868,0.12453093379735947,0.5356898903846741
27,27,5623,2006-08-23T07:00:00.000000,303.2767028808594,8.341163635253906,0.11755464226007462,0.16422036290168762,0.6815750002861023
28,28,5623,2006-08-23T07:00:00.000000,2073.496826171875,20.977092742919922,0.1880539208650589,0.19977208971977234,0.8299853205680847
29,29,5623,2006-08-23T07:00:00.000000,125.06024932861328,6.20733642578125,0.04938618838787079,0.12335261702537537,0.5193430781364441
30,30,5623,2006-08-23T07:00:00.000000,267.69757080078125,8.775501251220703,0.12805315852165222,0.1919308602809906,0.7895039319992065
31,31,5623,2006-08-23T07:00:00.000000,850.2755737304688,12.825399398803711,0.1025179922580719,0.14082865417003632,0.5618634819984436
32,32,5623,2006-08-23T07:00:00.000000,221.87704467773438,6.657995223999023,0.07879828661680222,0.12547166645526886,0.5502610802650452
33,33,5623,2006-08-23T07:00:00.000000,187.93199157714844,6.714012622833252,0.08386732637882233,0.14183329045772552,0.6090768575668335
34,34,5623,2006-08-23T07:00:00.000000,81.84442901611328,4.416768550872803,0.037145014852285385,0.09409365057945251,0.4052192270755768
35,35,5623,2006-08-23T07:00:00.000000,174.57908630371094,5.715300559997559,0.10381655395030975,0.13937224447727203,0.5752353668212891
36,36,5623,2006-08-23T07:00:00.000000,164.34115600585938,6.495272636413574,0.05926637351512909,0.12334694713354111,0.5229027271270752
37,37,5623,2006-08-23T07:00:00.000000,139.11447143554688,5.938906192779541,0.09892550110816956,0.15837053954601288,0.6685099005699158
38,38,5623,2006-08-23T07:00:00.000000,181.47528076171875,7.072676181793213,0.07096011191606522,0.13985636830329895,0.5874238610267639
39,39,5623,2006-08-23T07:00:00.000000,311.07867431640625,8.132356643676758,0.12106110155582428,0.1604292243719101,0.7165761590003967
40,40,5623,2006-08-23T07:00:00.000000,2389.823974609375,23.19914436340332,0.16434118151664734,0.19238102436065674,0.8025701642036438
41,41,5623,2006-08-23T07:00:00.000000,235.09994506835938,6.7173309326171875,0.08863634616136551,0.13042965531349182,0.5624847412109375
42,42,5623,2006-08-23T07:00:00.000000,169.53221130371094,6.86668062210083,0.05953846871852875,0.12868252396583557,0.542547881603241
43,43,5623,2006-08-23T07:00:00.000000,130.28126525878906,6.218172550201416,0.05175698921084404,0.12393851578235626,0.5350865125656128
44,44,5623,2006-08-23T07:00:00.000000,1035.8526611328125,16.27814483642578,0.17419418692588806,0.21109245717525482,0.8532537221908569
45,45,5623,2006-08-23T07:00:00.000000,174.77540588378906,7.654794216156006,0.08398601412773132,0.1678018867969513,0.7055562734603882
46,46,5623,2006-08-23T07:00:00.000000,124.02265167236328,5.763230800628662,0.09155464917421341,0.15658701956272125,0.6625766158103943
47,47,5623,2006-08-23T07:00:00.000000,171.78382873535156,6.829673767089844,0.0765320360660553,0.14415524899959564,0.6365309953689575
48,48,5623,2006-08-23T07:00:00.000000,160.39776611328125,6.002000331878662,0.059123825281858444,0.11523333191871643,0.49007463455200195
49,49,5623,2006-08-23T07:00:00.000000,222.48255920410156,7.476295471191406,0.08623497188091278,0.1471906155347824,0.6265591382980347
50,50,5623,2006-08-23T07:00:00.000000,183.0867462158203,6.642243385314941,0.06311872601509094,0.12332906574010849,0.538223385810852
51,51,5623,2006-08-23T07:00:00.000000,147.86093139648438,6.568912506103516,0.057667382061481476,0.12972745299339294,0.5662224888801575
52,52,5623,2006-08-23T07:00:00.000000,235.2617645263672,7.079031944274902,0.08936215192079544,0.13796693086624146,0.5609737634658813
53,53,5623,2006-08-23T07:00:00.000000,159.84840393066406,6.1730217933654785,0.055617645382881165,0.11514627933502197,0.4985596835613251
54,54,5623,2006-08-23T07:00:00.000000,240.98056030273438,7.863239288330078,0.10715039819478989,0.1658087521791458,0.7105889916419983
55,55,5623,2006-08-23T07:00:00.000000,180.7353057861328,7.191196918487549,0.06043846532702446,0.13150323927402496,0.5861138105392456
56,56,5623,2006-08-23T07:00:00.000000,206.83090209960938,7.014363765716553,0.07458192110061646,0.13319790363311768,0.5605428814888
57,57,5623,2006-08-23T07:00:00.000000,77.1761703491211,5.0438761711120605,0.03545568510890007,0.1081099733710289,0.47298097610473633
58,58,5623,2006-08-23T07:00:00.000000,399.7894287109375,9.51443099975586,0.18039223551750183,0.20210452377796173,0.848696768283844
59,59,5623,2006-08-23T07:00:00.000000,139.15597534179688,6.352003574371338,0.049659065902233124,0.11999387294054031,0.519196629524231
60,60,5623,2006-08-23T07:00:00.000000,136.18785095214844,5.838018894195557,0.09814034402370453,0.1567184329032898,0.6648532152175903
61,61,5623,2006-08-23T07:00:00.000000,231.22952270507812,7.5002007484436035,0.08227937668561935,0.14148053526878357,0.6104927062988281
62,62,5623,2006-08-23T07:00:00.000000,100.65471649169922,5.741063117980957,0.040665775537490845,0.11539573967456818,0.48028790950775146
63,63,5623,2006-08-23T07:00:00.000000,166.47274780273438,5.921639442443848,0.07596346735954285,0.12649482488632202,0.5433786511421204
64,64,5623,2006-08-23T07:00:00.000000,265.81585693359375,7.664464950561523,0.11197662353515625,0.15730956196784973,0.6647342443466187
65,65,5623,2006-08-23T07:00:00.000000,220.84654235839844,7.590579986572266,0.0871054008603096,0.15074819326400757,0.646865963935852
66,66,5623,2006-08-23T07:00:00.000000,349.3249206542969,9.238835334777832,0.11392861604690552,0.16684716939926147,0.7448345422744751
67,67,5623,2006-08-23T07:00:00.000000,165.5039520263672,6.402522563934326,0.06372145563364029,0.1256289780139923,0.5175273418426514
68,68,5623,2006-08-23T07:00:00.000000,1370.20068359375,21.346572875976562,0.1550169736146927,0.22705219686031342,0.8657668232917786
69,69,5623,2006-08-23T07:00:00.000000,1012.4246826171875,15.076260566711426,0.11024895310401917,0.1573256403207779,0.6684554815292358
70,70,5623,2006-08-23T07:00:00.000000,604.853271484375,9.730236053466797,0.12954872846603394,0.14240163564682007,0.5963178277015686
71,71,5623,2006-08-23T07:00:00.000000,78.8614501953125,4.588080406188965,0.0607290156185627,0.1273200362920761,0.543428361415863
72,72,5623,2006-08-23T07:00:00.000000,240.40811157226562,7.441186428070068,0.1018940731883049,0.1531941145658493,0.6426215171813965
73,73,5623,2006-08-23T07:00:00.000000,2624.42724609375,28.255882263183594,0.11078103631734848,0.18357953429222107,0.7553260922431946
74,74,5623,2006-08-23T07:00:00.000000,244.5778045654297,7.94805908203125,0.08167120814323425,0.14524029195308685,0.6495856046676636
75,75,5623,2006-08-23T07:00:00.000000,188.67648315429688,7.6369194984436035,0.06557945162057877,0.14237810671329498,0.6348481178283691
76,76,5623,2006-08-23T07:00:00.000000,336.9867248535156,8.768926620483398,0.13362666964530945,0.17461703717708588,0.6648334264755249
77,77,5623,2006-08-23T07:00:00.000000,125.59705352783203,6.186179161071777,0.05031868442893028,0.12382187694311142,0.5293358564376831
78,78,5623,2006-08-23T07:00:00.000000,132.00222778320312,5.8874359130859375,0.04479103162884712,0.10845039039850235,0.4735405445098877
79,79,5623,2006-08-23T07:00:00.000000,193.12100219726562,6.241407871246338,0.08264189958572388,0.12911240756511688,0.5354553461074829
80,80,5623,2006-08-23T07:00:00.000000,335.69390869140625,10.06057357788086,0.0733988806605339,0.1487632691860199,0.6443707942962646
81,81,5623,2006-08-23T07:00:00.000000,146.18185424804688,6.858230113983154,0.05835426598787308,0.13702557981014252,0.5760139226913452
82,82,5623,2006-08-23T07:00:00.000000,336.53167724609375,8.41738224029541,0.14844296872615814,0.17678438127040863,0.7663939595222473
83,83,5623,2006-08-23T07:00:00.000000,63.94184875488281,4.558309078216553,0.04618450999259949,0.12250655144453049,0.5335077047348022
84,84,5623,2006-08-23T07:00:00.000000,116.63788604736328,6.03056001663208,0.04630361869931221,0.12015597522258759,0.5074013471603394
85,85,5623,2006-08-23T07:00:00.000000,197.39686584472656,6.908780097961426,0.08809102326631546,0.1459476351737976,0.6212721467018127
86,86,5623,2006-08-23T07:00:00.000000,190.89234924316406,7.034413814544678,0.07006200402975082,0.13476431369781494,0.5834078192710876
87,87,5623,2006-08-23T07:00:00.000000,206.92803955078125,7.148538112640381,0.09120593965053558,0.15007871389389038,0.6486011147499084
88,88,5623,2006-08-23T07:00:00.000000,166.92538452148438,7.022180557250977,0.086025670170784,0.1594133824110031,0.6782436370849609
89,89,5623,2006-08-23T07:00:00.000000,186.6383819580078,7.075689315795898,0.08589980006217957,0.15179741382598877,0.620880126953125
90,90,5623,2006-08-23T07:00:00.000000,130.55921936035156,5.5364089012146,0.10118169337511063,0.15412580966949463,0.6658251881599426
91,91,5623,2006-08-23T07:00:00.000000,277.62518310546875,8.190807342529297,0.12125760316848755,0.17117947340011597,0.7429537773132324
92,92,5623,2006-08-23T07:00:00.000000,210.4819793701172,7.314810752868652,0.07312028110027313,0.1363372653722763,0.6046639680862427
93,93,5623,2006-08-23T07:00:00.000000,226.033203125,7.237691879272461,0.10150820761919022,0.15337853133678436,0.6399127244949341
94,94,5623,2006-08-23T07:00:00.000000,159.6197967529297,6.0961689949035645,0.07421023398637772,0.13144545257091522,0.5402730703353882
95,95,5623,2006-08-23T07:00:00.000000,252.3306427001953,7.455256938934326,0.11002787947654724,0.1556786149740219,0.6548206806182861
96,96,5623,2006-08-23T07:00:00.000000,315.3517150878906,10.236862182617188,0.15850552916526794,0.22950462996959686,0.941910445690155
97,97,5623,2006-08-23T07:00:00.000000,241.5383758544922,7.6418256759643555,0.1045563668012619,0.1589934527873993,0.6709147691726685
98,98,5623,2006-08-23T07:00:00.000000,156.60960388183594,6.403273105621338,0.08404096215963364,0.14833319187164307,0.632940948009491
99,99,5623,2006-08-23T07:00:00.000000,226.1402130126953,6.49772310256958,0.08258147537708282,0.12416911125183105,0.5464333891868591
100,100,5623,2006-08-23T07:00:00.000000,76.06480407714844,4.713313102722168,0.05562467873096466,0.12745831906795502,0.5493041276931763
101,101,5623,2006-08-23T07:00:00.000000,151.78298950195312,6.267333984375,0.10805502533912659,0.16722215712070465,0.6964627504348755
102,102,5623,2006-08-23T07:00:00.000000,65.45441436767578,4.669111728668213,0.02649136446416378,0.09393272548913956,0.41251352429389954
103,103,5623,2006-08-23T07:00:00.000000,136.24932861328125,6.022787094116211,0.052853915840387344,0.11862298846244812,0.5030490159988403
104,104,5623,2006-08-23T07:00:00.000000,633.8540649414062,13.231736183166504,0.10484659671783447,0.17017638683319092,0.7102372646331787
105,105,5623,2006-08-23T07:00:00.000000,842.2996826171875,13.925400733947754,0.11906696856021881,0.1655655801296234,0.7033278942108154
106,106,5623,2006-08-23T07:00:00.000000,137.2281951904297,6.553706169128418,0.06438381969928741,0.14195598661899567,0.6155553460121155
107,107,5623,2006-08-23T07:00:00.000000,187.99656677246094,6.65603494644165,0.06406254321336746,0.1228691041469574,0.5282859206199646
108,108,5623,2006-08-23T07:00:00.000000,175.7774200439453,6.313734531402588,0.0770992562174797,0.1322299689054489,0.5599098801612854
109,109,5623,2006-08-23T07:00:00.000000,169.06692504882812,7.035165309906006,0.05707760155200958,0.12926405668258667,0.5732711553573608
110,110,5623,2006-08-23T07:00:00.000000,205.42884826660156,7.381923198699951,0.08285461366176605,0.14825084805488586,0.6054061651229858
111,111,5623,2006-08-23T07:00:00.000000,198.5083465576172,6.964438438415527,0.07228104770183563,0.1328950822353363,0.5653828978538513
112,112,5623,2006-08-23T07:00:00.000000,109.2591781616211,5.030215263366699,0.1453678011894226,0.18348126113414764,0.7660537362098694
113,113,5623,2006-08-23T07:00:00.000000,90.69857025146484,4.972792625427246,0.04063112288713455,0.10525178909301758,0.4549996256828308
114,114,5623,2006-08-23T07:00:00.000000,169.29335021972656,6.1508355140686035,0.06825853884220123,0.1235072985291481,0.5033301711082458
115,115,5623,2006-08-23T07:00:00.000000,9.949346542358398,1.691627025604248,0.05584467202425003,0.12673547863960266,0.5439941883087158
116,116,5623,2006-08-23T07:00:00.000000,257.5401306152344,8.275774955749512,0.09493508189916611,0.15889109671115875,0.6925681233406067
117,117,5623,2006-08-23T07:00:00.000000,213.51438903808594,6.35113525390625,0.07951080054044724,0.12256059050559998,0.513105571269989
118,118,5623,2006-08-23T07:00:00.000000,168.2191925048828,6.956566333770752,0.057952042669057846,0.1291193962097168,0.5761439204216003
119,119,5623,2006-08-23T07:00:00.000000,117.61778259277344,5.257159233093262,0.09133431315422058,0.1464979499578476,0.6145009398460388
120,120,5623,2006-08-23T07:00:00.000000,184.5164031982422,6.483302116394043,0.06420425325632095,0.12093740701675415,0.5167573094367981
121,121,5623,2006-08-23T07:00:00.000000,1329.5203857421875,21.136356353759766,0.09621374309062958,0.1798047423362732,0.7436625957489014
122,122,5623,2006-08-23T07:00:00.000000,166.00039672851562,6.8202080726623535,0.059382207691669464,0.12899449467658997,0.548092246055603
123,123,5623,2006-08-23T07:00:00.000000,203.00962829589844,6.669503688812256,0.07079365104436874,0.12454674392938614,0.5426219701766968
124,124,5623,2006-08-23T07:00:00.000000,459.58154296875,10.795461654663086,0.06921172142028809,0.13247983157634735,0.5517038106918335
125,125,5623,2006-08-23T07:00:00.000000,593.6226196289062,11.398977279663086,0.14047741889953613,0.1753532737493515,0.7083346247673035
126,126,5623,2006-08-23T07:00:00.000000,44.4605712890625,3.50041127204895,0.06416937708854675,0.1329827755689621,0.5442847609519958
127,127,5623,2006-08-23T07:00:00.000000,260.3224182128906,6.925549030303955,0.11464469879865646,0.14533674716949463,0.6131879687309265
128,128,5623,2006-08-23T07:00:00.000000,172.13941955566406,6.677817344665527,0.06290928274393082,0.12765908241271973,0.5634154677391052
129,129,5623,2006-08-23T07:00:00.000000,12.61175537109375,1.8530102968215942,0.07104750722646713,0.13907994329929352,0.568193256855011
130,130,5623,2006-08-23T07:00:00.000000,146.5059051513672,5.487488746643066,0.08777949959039688,0.13432060182094574,0.5588085651397705
131,131,5623,2006-08-23T07:00:00.000000,118.6230239868164,5.732393741607666,0.0457906574010849,0.1126263290643692,0.4808061420917511
132,132,5623,2006-08-23T07:00:00.000000,123.92320251464844,6.3284101486206055,0.046861302107572556,0.12306243181228638,0.5335865020751953
133,133,5623,2006-08-23T07:00:00.000000,314.2372131347656,8.47734546661377,0.12217088043689728,0.1671532839536667,0.6998137831687927
134,134,5623,2006-08-23T07:00:00.000000,130.8438720703125,6.591809272766113,0.047063905745744705,0.12501782178878784,0.5485812425613403
135,135,5623,2006-08-23T07:00:00.000000,219.5095672607422,7.993277072906494,0.10331949591636658,0.17341604828834534,0.723907470703125
136,136,5623,2006-08-23T07:00:00.000000,553.2302856445312,11.998865127563477,0.1299462616443634,0.18389466404914856,0.7197931408882141
0,0,6135,2006-09-13T15:00:00.000000,2122.8134765625,27.198577880859375,0.262264221906662,0.3023150563240051,1.131540060043335
1,1,6135,2006-09-13T15:00:00.000000,165.68211364746094,7.446067810058594,0.07374192029237747,0.1570892184972763,0.6378196477890015
2,2,6135,2006-09-13T15:00:00.000000,474.468017578125,11.158526420593262,0.21330057084560394,0.2365916222333908,1.0489238500595093
3,3,6135,2006-09-13T15:00:00.000000,509.5137634277344,13.01595687866211,0.22792719304561615,0.27529361844062805,1.1506704092025757
4,4,6135,2006-09-13T15:00:00.000000,965.77587890625,18.31859016418457,0.16015833616256714,0.2359003871679306,0.919425368309021
5,5,6135,2006-09-13T15:00:00.000000,2696.057373046875,28.862668991088867,0.18437069654464722,0.23868097364902496,0.9058218002319336
6,6,6135,2006-09-13T15:00:00.000000,356.1851806640625,9.780638694763184,0.21138736605644226,0.23826967179775238,0.9872394800186157
7,7,6135,2006-09-13T15:00:00.000000,319.64251708984375,10.324624061584473,0.1504126340150833,0.2239670604467392,0.9509771466255188
8,8,6135,2006-09-13T15:00:00.000000,353.0343322753906,10.563017845153809,0.15223060548305511,0.21934641897678375,0.8951408863067627
9,9,6135,2006-09-13T15:00:00.000000,400.94830322265625,10.868086814880371,0.180914506316185,0.23085840046405792,0.9830598831176758
10,10,6135,2006-09-13T15:00:00.000000,346.7875061035156,9.000887870788574,0.15039707720279694,0.1874447613954544,0.7883281111717224
11,11,6135,2006-09-13T15:00:00.000000,144.0010528564453,6.301294326782227,0.24772153794765472,0.26135382056236267,1.0808542966842651
12,12,6135,2006-09-13T15:00:00.000000,360.8634338378906,11.301664352416992,0.15063880383968353,0.23090821504592896,0.9266679286956787
13,13,6135,2006-09-13T15:00:00.000000,375.67779541015625,10.037507057189941,0.16081121563911438,0.20767121016979218,0.9102550745010376
14,14,6135,2006-09-13T15:00:00.000000,458.1305847167969,12.754134178161621,0.18547365069389343,0.25662413239479065,0.9870573878288269
15,15,6135,2006-09-13T15:00:00.000000,95.74003601074219,6.233600616455078,0.1441395878791809,0.24187099933624268,0.9510019421577454
16,16,6135,2006-09-13T15:00:00.000000,367.23529052734375,10.543561935424805,0.1523338407278061,0.21474017202854156,0.917942225933075
17,17,6135,2006-09-13T15:00:00.000000,424.44671630859375,11.128680229187012,0.1718224287033081,0.22390924394130707,0.9639451503753662
18,18,6135,2006-09-13T15:00:00.000000,393.3092956542969,10.643377304077148,0.17501004040241241,0.2245141714811325,0.9311046004295349
19,19,6135,2006-09-13T15:00:00.000000,291.02056884765625,9.20311450958252,0.12679682672023773,0.1920999139547348,0.815582811832428
20,20,6135,2006-09-13T15:00:00.000000,418.9603271484375,12.09890079498291,0.1756449043750763,0.24772924184799194,1.0456880331039429
21,21,6135,2006-09-13T15:00:00.000000,345.2230529785156,10.479374885559082,0.1340232789516449,0.20647887885570526,0.8795031905174255
22,22,6135,2006-09-13T15:00:00.000000,573.7393188476562,14.878786087036133,0.20618581771850586,0.2820587754249573,1.0577759742736816
23,23,6135,2006-09-13T15:00:00.000000,1297.978271484375,18.35137176513672,0.12417539209127426,0.17949508130550385,0.7242550849914551
24,24,6135,2006-09-13T15:00:00.000000,343.8826904296875,10.123222351074219,0.13437877595424652,0.2001146823167801,0.8540224432945251
25,25,6135,2006-09-13T15:00:00.000000,300.6930236816406,8.066274642944336,0.16697634756565094,0.19008104503154755,0.8165626525878906
26,26,6135,2006-09-13T15:00:00.000000,413.8932800292969,10.408052444458008,0.1868644654750824,0.22115090489387512,0.9132020473480225
27,27,6135,2006-09-13T15:00:00.000000,246.8047332763672,8.883657455444336,0.11227165162563324,0.1894741803407669,0.7730731964111328
28,28,6135,2006-09-13T15:00:00.000000,1331.8897705078125,20.221817016601562,0.1420205980539322,0.20881499350070953,0.8200369477272034
29,29,6135,2006-09-13T15:00:00.000000,399.0355224609375,10.209962844848633,0.1751299798488617,0.21389400959014893,0.9188948273658752
30,30,6135,2006-09-13T15:00:00.000000,497.7121887207031,13.69904613494873,0.3484547436237335,0.3624718487262726,1.2711329460144043
31,31,6135,2006-09-13T15:00:00.000000,912.5706176757812,16.916080474853516,0.1235838383436203,0.196855366230011,0.7659709453582764
32,32,6135,2006-09-13T15:00:00.000000,427.1830749511719,11.635512351989746,0.1742834448814392,0.2350209653377533,1.0046111345291138
33,33,6135,2006-09-13T15:00:00.000000,285.2853698730469,10.026458740234375,0.14876578748226166,0.228959858417511,0.9607125520706177
34,34,6135,2006-09-13T15:00:00.000000,334.13006591796875,9.340051651000977,0.1609707772731781,0.20500528812408447,0.8633973598480225
35,35,6135,2006-09-13T15:00:00.000000,307.6529541015625,10.151485443115234,0.24203430116176605,0.2847328186035156,1.0991590023040771
36,36,6135,2006-09-13T15:00:00.000000,305.2190856933594,9.84591007232666,0.12171898782253265,0.19662067294120789,0.8523425459861755
37,37,6135,2006-09-13T15:00:00.000000,191.15992736816406,7.712777614593506,0.1559460312128067,0.22029241919517517,0.9115002155303955
38,38,6135,2006-09-13T15:00:00.000000,436.90203857421875,12.254652976989746,0.1926664412021637,0.2573428153991699,1.0360078811645508
39,39,6135,2006-09-13T15:00:00.000000,428.4903259277344,10.928194046020508,0.19571983814239502,0.2335582971572876,0.9673351049423218
40,40,6135,2006-09-13T15:00:00.000000,2715.02734375,28.460002899169922,0.2267351597547531,0.2600802183151245,0.9823289513587952
41,41,6135,2006-09-13T15:00:00.000000,555.6280517578125,10.641046524047852,0.2362714558839798,0.21943092346191406,0.9533001184463501
42,42,6135,2006-09-13T15:00:00.000000,393.3040466308594,10.898362159729004,0.1827162206172943,0.23490138351917267,0.9784260988235474
43,43,6135,2006-09-13T15:00:00.000000,366.7745056152344,10.211109161376953,0.16954760253429413,0.21954278647899628,0.8886444568634033
44,44,6135,2006-09-13T15:00:00.000000,1297.535400390625,22.31610870361328,0.29882532358169556,0.3386628329753876,1.3347525596618652
45,45,6135,2006-09-13T15:00:00.000000,334.7815246582031,10.966586112976074,0.21424278616905212,0.2774238884449005,1.0660135746002197
46,46,6135,2006-09-13T15:00:00.000000,212.5983123779297,8.333951950073242,0.17775052785873413,0.24097752571105957,1.0143805742263794
47,47,6135,2006-09-13T15:00:00.000000,393.90374755859375,10.690380096435547,0.22381620109081268,0.25482603907585144,1.0161112546920776
48,48,6135,2006-09-13T15:00:00.000000,252.66867065429688,9.06711483001709,0.11456499993801117,0.19307205080986023,0.8085089325904846
49,49,6135,2006-09-13T15:00:00.000000,390.94598388671875,11.753459930419922,0.16896022856235504,0.24434280395507812,0.9383069276809692
50,50,6135,2006-09-13T15:00:00.000000,392.52386474609375,10.932745933532715,0.15867680311203003,0.2198127806186676,0.9089315533638
51,51,6135,2006-09-13T15:00:00.000000,350.40704345703125,9.368762016296387,0.15081267058849335,0.19436350464820862,0.8005584478378296
52,52,6135,2006-09-13T15:00:00.000000,224.4203643798828,8.827522277832031,0.10146188735961914,0.18769778311252594,0.7765786647796631
53,53,6135,2006-09-13T15:00:00.000000,434.8857116699219,11.817861557006836,0.18738703429698944,0.24531328678131104,1.0401737689971924
54,54,6135,2006-09-13T15:00:00.000000,352.26800537109375,9.919816017150879,0.21202051639556885,0.24336379766464233,0.9471383690834045
55,55,6135,2006-09-13T15:00:00.000000,495.1405029296875,12.964899063110352,0.21441787481307983,0.2697959244251251,1.145532488822937
56,56,6135,2006-09-13T15:00:00.000000,280.07696533203125,9.303654670715332,0.11014374345541,0.1844993382692337,0.783226490020752
57,57,6135,2006-09-13T15:00:00.000000,367.61529541015625,10.426837921142578,0.1780584305524826,0.2294759303331375,0.983617901802063
58,58,6135,2006-09-13T15:00:00.000000,419.3601379394531,11.306750297546387,0.2564923167228699,0.2796284854412079,1.128039836883545
59,59,6135,2006-09-13T15:00:00.000000,399.2568054199219,11.005578994750977,0.16133758425712585,0.22123534977436066,0.9574870467185974
60,60,6135,2006-09-13T15:00:00.000000,267.3720703125,9.20940113067627,0.22829164564609528,0.26910290122032166,1.1250479221343994
61,61,6135,2006-09-13T15:00:00.000000,455.53851318359375,12.079556465148926,0.2171667069196701,0.2637454867362976,1.0693259239196777
62,62,6135,2006-09-13T15:00:00.000000,342.7718200683594,9.79620361328125,0.15226596593856812,0.20646986365318298,0.8908377289772034
63,63,6135,2006-09-13T15:00:00.000000,297.0962219238281,10.25259017944336,0.1581333428621292,0.23653575778007507,0.9641335010528564
64,64,6135,2006-09-13T15:00:00.000000,229.4897918701172,8.730255126953125,0.11966869235038757,0.19935885071754456,0.857001543045044
65,65,6135,2006-09-13T15:00:00.000000,307.8475646972656,9.380317687988281,0.12681825459003448,0.19038842618465424,0.7985410094261169
66,66,6135,2006-09-13T15:00:00.000000,314.01483154296875,10.53680419921875,0.13747406005859375,0.22046729922294617,0.923950731754303
67,67,6135,2006-09-13T15:00:00.000000,196.29052734375,7.953349590301514,0.08774153888225555,0.16815240681171417,0.6943264007568359
68,68,6135,2006-09-13T15:00:00.000000,1499.1334228515625,24.26582908630371,0.1790822446346283,0.2652169167995453,0.9800556898117065
69,69,6135,2006-09-13T15:00:00.000000,1174.263916015625,20.354225158691406,0.16588054597377777,0.24191869795322418,0.9552988409996033
70,70,6135,2006-09-13T15:00:00.000000,1001.8123168945312,17.427534103393555,0.26753148436546326,0.28479358553886414,1.152161717414856
71,71,6135,2006-09-13T15:00:00.000000,158.23162841796875,6.746723651885986,0.14323537051677704,0.20298847556114197,0.829782247543335
72,72,6135,2006-09-13T15:00:00.000000,265.8940124511719,9.351761817932129,0.1398043930530548,0.21443690359592438,0.8872840404510498
73,73,6135,2006-09-13T15:00:00.000000,2703.998046875,31.002641677856445,0.14598195254802704,0.22779546678066254,0.9163917303085327
74,74,6135,2006-09-13T15:00:00.000000,393.89520263671875,11.548954010009766,0.16804605722427368,0.23854288458824158,0.9788816571235657
75,75,6135,2006-09-13T15:00:00.000000,445.169189453125,11.149761199951172,0.17850330471992493,0.2232678085565567,0.9318717122077942
76,76,6135,2006-09-13T15:00:00.000000,436.9823303222656,12.315187454223633,0.18555887043476105,0.25377562642097473,0.96722412109375
77,77,6135,2006-09-13T15:00:00.000000,366.9503479003906,9.914623260498047,0.16970276832580566,0.21321465075016022,0.9171343445777893
78,78,6135,2006-09-13T15:00:00.000000,404.7118835449219,10.872796058654785,0.18062655627727509,0.22969895601272583,0.9225190877914429
79,79,6135,2006-09-13T15:00:00.000000,273.8415222167969,9.317290306091309,0.13106229901313782,0.20383501052856445,0.8914201259613037
80,80,6135,2006-09-13T15:00:00.000000,918.4644775390625,16.36456871032715,0.24910500645637512,0.2695036232471466,1.0428376197814941
81,81,6135,2006-09-13T15:00:00.000000,395.88348388671875,10.401556015014648,0.17656022310256958,0.21966512501239777,0.9017239809036255
82,82,6135,2006-09-13T15:00:00.000000,306.3348388671875,8.855993270874023,0.1836947798728943,0.21686400473117828,0.8700916171073914
83,83,6135,2006-09-13T15:00:00.000000,280.5079650878906,9.162303924560547,0.22623753547668457,0.2602042257785797,1.083289623260498
84,84,6135,2006-09-13T15:00:00.000000,282.70782470703125,9.107661247253418,0.1238529160618782,0.19062994420528412,0.811089277267456
85,85,6135,2006-09-13T15:00:00.000000,343.51470947265625,10.720281600952148,0.18149973452091217,0.24641746282577515,0.9630227088928223
86,86,6135,2006-09-13T15:00:00.000000,468.6784973144531,12.227690696716309,0.19280575215816498,0.24800872802734375,0.9869269728660583
87,87,6135,2006-09-13T15:00:00.000000,267.0872802734375,9.433737754821777,0.13957001268863678,0.21565188467502594,0.8858964443206787
88,88,6135,2006-09-13T15:00:00.000000,266.6854553222656,8.35445499420166,0.14846095442771912,0.19711723923683167,0.835296094417572
89,89,6135,2006-09-13T15:00:00.000000,313.5903015136719,10.010343551635742,0.158625528216362,0.22514081001281738,0.9154248833656311
90,90,6135,2006-09-13T15:00:00.000000,164.7481689453125,6.860876083374023,0.15585032105445862,0.21101976931095123,0.8347292542457581
91,91,6135,2006-09-13T15:00:00.000000,443.8674621582031,12.041502952575684,0.26370739936828613,0.2935047745704651,1.1823484897613525
92,92,6135,2006-09-13T15:00:00.000000,451.39654541015625,12.05909538269043,0.1929568201303482,0.24932493269443512,1.0433592796325684
93,93,6135,2006-09-13T15:00:00.000000,348.2796630859375,10.631443977355957,0.20057938992977142,0.25513577461242676,1.0128828287124634
94,94,6135,2006-09-13T15:00:00.000000,314.05474853515625,10.241737365722656,0.15373986959457397,0.226602241396904,0.9609031677246094
95,95,6135,2006-09-13T15:00:00.000000,239.1620635986328,9.01866340637207,0.12469512969255447,0.20593053102493286,0.8507376313209534
96,96,6135,2006-09-13T15:00:00.000000,410.1519775390625,12.031997680664062,0.29078537225723267,0.3203698396682739,1.1660619974136353
97,97,6135,2006-09-13T15:00:00.000000,354.6356201171875,11.492886543273926,0.19423964619636536,0.26897189021110535,1.0104917287826538
98,98,6135,2006-09-13T15:00:00.000000,319.62371826171875,9.627904891967773,0.18423707783222198,0.2311537265777588,0.9965811371803284
99,99,6135,2006-09-13T15:00:00.000000,201.3950958251953,8.412109375,0.0887475535273552,0.17658698558807373,0.7061627507209778
100,100,6135,2006-09-13T15:00:00.000000,226.40367126464844,8.617084503173828,0.18617813289165497,0.24710580706596375,1.0238202810287476
101,101,6135,2006-09-13T15:00:00.000000,277.6717529296875,9.849445343017578,0.23532667756080627,0.28673553466796875,1.1395941972732544
102,102,6135,2006-09-13T15:00:00.000000,343.3811340332031,8.687688827514648,0.14799495041370392,0.18035969138145447,0.7578684687614441
103,103,6135,2006-09-13T15:00:00.000000,320.7821960449219,9.331208229064941,0.14586199820041656,0.19897742569446564,0.8156961798667908
104,104,6135,2006-09-13T15:00:00.000000,941.9720458984375,17.218875885009766,0.16859710216522217,0.23036198318004608,0.8645360469818115
105,105,6135,2006-09-13T15:00:00.000000,1145.9652099609375,18.629594802856445,0.21740831434726715,0.256599485874176,1.02350914478302
106,106,6135,2006-09-13T15:00:00.000000,337.0819091796875,10.231361389160156,0.15484197437763214,0.21928556263446808,0.9428531527519226
107,107,6135,2006-09-13T15:00:00.000000,434.8817138671875,12.598441123962402,0.18341612815856934,0.2587319016456604,1.0909994840621948
108,108,6135,2006-09-13T15:00:00.000000,405.12213134765625,11.65688419342041,0.22048677504062653,0.2719447910785675,1.0913141965866089
109,109,6135,2006-09-13T15:00:00.000000,505.68438720703125,12.850286483764648,0.21579493582248688,0.2654566466808319,1.1220619678497314
110,110,6135,2006-09-13T15:00:00.000000,501.2720031738281,10.293367385864258,0.22004041075706482,0.2156611829996109,0.9163019061088562
111,111,6135,2006-09-13T15:00:00.000000,470.4999084472656,12.24618148803711,0.23305965960025787,0.2725552022457123,1.1072754859924316
112,112,6135,2006-09-13T15:00:00.000000,149.7759552001953,6.535027980804443,0.2562154531478882,0.27028948068618774,1.0400630235671997
113,113,6135,2006-09-13T15:00:00.000000,276.8656921386719,8.561641693115234,0.13679425418376923,0.19030770659446716,0.828955352306366
114,114,6135,2006-09-13T15:00:00.000000,236.43275451660156,8.580326080322266,0.11298590898513794,0.18756946921348572,0.7416216731071472
115,115,6135,2006-09-13T15:00:00.000000,38.42605972290039,3.1985561847686768,0.2593461573123932,0.2627730965614319,1.062664270401001
116,116,6135,2006-09-13T15:00:00.000000,421.8484191894531,11.36690902709961,0.2022753655910492,0.2489061802625656,0.9853267669677734
117,117,6135,2006-09-13T15:00:00.000000,242.26673889160156,8.708629608154297,0.10504098236560822,0.18133528530597687,0.7590041756629944
118,118,6135,2006-09-13T15:00:00.000000,365.54266357421875,10.405463218688965,0.14982520043849945,0.21066135168075562,0.8502328395843506
119,119,6135,2006-09-13T15:00:00.000000,174.2213134765625,7.170891284942627,0.16300998628139496,0.21934595704078674,0.8937073945999146
120,120,6135,2006-09-13T15:00:00.000000,388.3970642089844,11.45679759979248,0.17013929784297943,0.23978805541992188,0.9745930433273315
121,121,6135,2006-09-13T15:00:00.000000,2609.2060546875,29.55583953857422,0.20860685408115387,0.2642733156681061,1.0644193887710571
122,122,6135,2006-09-13T15:00:00.000000,477.048828125,12.061285972595215,0.2284940779209137,0.26396700739860535,1.0754973888397217
123,123,6135,2006-09-13T15:00:00.000000,337.76873779296875,10.491104125976562,0.13861969113349915,0.21253180503845215,0.862646758556366
124,124,6135,2006-09-13T15:00:00.000000,970.6004638671875,17.952590942382812,0.18863321840763092,0.2502741515636444,0.9522966742515564
125,125,6135,2006-09-13T15:00:00.000000,685.2164306640625,14.924979209899902,0.18848280608654022,0.24753452837467194,1.0104671716690063
126,126,6135,2006-09-13T15:00:00.000000,130.30880737304688,6.352426528930664,0.20240072906017303,0.25035643577575684,1.0496602058410645
127,127,6135,2006-09-13T15:00:00.000000,251.08836364746094,9.146350860595703,0.1288108378648758,0.20716233551502228,0.8616433143615723
128,128,6135,2006-09-13T15:00:00.000000,341.49029541015625,10.377177238464355,0.14197573065757751,0.2115909457206726,0.8803266286849976
129,129,6135,2006-09-13T15:00:00.000000,19.973506927490234,2.6731131076812744,0.1238875612616539,0.21052515506744385,0.8465503454208374
130,130,6135,2006-09-13T15:00:00.000000,163.32383728027344,7.44049596786499,0.11084213852882385,0.19383381307125092,0.8170300722122192
131,131,6135,2006-09-13T15:00:00.000000,370.9541320800781,10.078063011169434,0.16484440863132477,0.21244871616363525,0.8767852783203125
132,132,6135,2006-09-13T15:00:00.000000,337.8069152832031,8.805880546569824,0.14658735692501068,0.18343694508075714,0.8015196919441223
133,133,6135,2006-09-13T15:00:00.000000,202.44508361816406,8.165617942810059,0.09036160260438919,0.17251519858837128,0.7013062834739685
134,134,6135,2006-09-13T15:00:00.000000,290.1356506347656,9.915071487426758,0.11226776987314224,0.19503961503505707,0.850737988948822
135,135,6135,2006-09-13T15:00:00.000000,200.79388427734375,8.345778465270996,0.1172977089881897,0.2017141580581665,0.769548773765564
136,136,6135,2006-09-13T15:00:00.000000,563.769287109375,14.289960861206055,0.14680097997188568,0.2305922955274582,0.919121503829956
0,0,6647,2006-10-04T23:00:00.000000,1408.5748291015625,17.732091903686523,0.127178356051445,0.16849097609519958,0.7647994160652161
1,1,6647,2006-10-04T23:00:00.000000,94.16027069091797,5.109271049499512,0.033359263092279434,0.09616860747337341,0.42530760169029236
2,2,6647,2006-10-04T23:00:00.000000,326.13250732421875,8.492380142211914,0.12219133228063583,0.16438135504722595,0.7323402166366577
3,3,6647,2006-10-04T23:00:00.000000,520.367919921875,9.063112258911133,0.1679205596446991,0.16280736029148102,0.7368384599685669
4,4,6647,2006-10-04T23:00:00.000000,1197.84716796875,15.088136672973633,0.14635445177555084,0.16677765548229218,0.702976405620575
5,5,6647,2006-10-04T23:00:00.000000,3080.111572265625,24.735549926757812,0.1462191641330719,0.1704278290271759,0.7385280132293701
6,6,6647,2006-10-04T23:00:00.000000,293.5810546875,6.861494064331055,0.13313527405261993,0.1461171656847,0.6385560631752014
7,7,6647,2006-10-04T23:00:00.000000,273.53009033203125,6.954862594604492,0.10650968551635742,0.1372399628162384,0.6237378120422363
8,8,6647,2006-10-04T23:00:00.000000,491.2950744628906,9.054429054260254,0.16096484661102295,0.16389109194278717,0.7071574926376343
9,9,6647,2006-10-04T23:00:00.000000,350.7250671386719,7.628106594085693,0.13184672594070435,0.14789995551109314,0.6484051942825317
10,10,6647,2006-10-04T23:00:00.000000,300.0158996582031,7.234735488891602,0.1159822940826416,0.14224807918071747,0.6378629207611084
11,11,6647,2006-10-04T23:00:00.000000,105.62244415283203,4.289559364318848,0.12930114567279816,0.1500844806432724,0.6391139626502991
12,12,6647,2006-10-04T23:00:00.000000,420.668212890625,8.20598030090332,0.13848595321178436,0.14888931810855865,0.6642541289329529
13,13,6647,2006-10-04T23:00:00.000000,377.5251159667969,8.59338092803955,0.14127780497074127,0.16623717546463013,0.7442399263381958
14,14,6647,2006-10-04T23:00:00.000000,683.8165283203125,11.09781551361084,0.19611157476902008,0.18794003129005432,0.8324810266494751
15,15,6647,2006-10-04T23:00:00.000000,100.3215560913086,4.553818702697754,0.10961706191301346,0.15052813291549683,0.6864162087440491
16,16,6647,2006-10-04T23:00:00.000000,462.1040954589844,9.273759841918945,0.1522178053855896,0.1683133989572525,0.7326948046684265
17,17,6647,2006-10-04T23:00:00.000000,485.14556884765625,8.72872257232666,0.15729331970214844,0.15717004239559174,0.7090448141098022
18,18,6647,2006-10-04T23:00:00.000000,310.5730895996094,7.500646591186523,0.1164989024400711,0.14527058601379395,0.6515656113624573
19,19,6647,2006-10-04T23:00:00.000000,305.1878356933594,7.552375793457031,0.1156185045838356,0.14699874818325043,0.6368024349212646
20,20,6647,2006-10-04T23:00:00.000000,477.97662353515625,8.441133499145508,0.15529659390449524,0.15215224027633667,0.6813592314720154
21,21,6647,2006-10-04T23:00:00.000000,441.1800537109375,8.806207656860352,0.1456768810749054,0.16002075374126434,0.7137829065322876
22,22,6647,2006-10-04T23:00:00.000000,394.91290283203125,10.393217086791992,0.10675738006830215,0.17088277637958527,0.7573980093002319
23,23,6647,2006-10-04T23:00:00.000000,994.6087646484375,14.861074447631836,0.07301586121320724,0.12733055651187897,0.5448418259620667
24,24,6647,2006-10-04T23:00:00.000000,448.0504150390625,9.244386672973633,0.1483318954706192,0.16820228099822998,0.7538301944732666
25,25,6647,2006-10-04T23:00:00.000000,237.3502655029297,6.270497798919678,0.11530672013759613,0.13820840418338776,0.6241955757141113
26,26,6647,2006-10-04T23:00:00.000000,404.22662353515625,8.332747459411621,0.1507321298122406,0.16090838611125946,0.7042192220687866
27,27,6647,2006-10-04T23:00:00.000000,114.77141571044922,5.258450031280518,0.03868669643998146,0.09654320031404495,0.4137079119682312
28,28,6647,2006-10-04T23:00:00.000000,488.7591247558594,11.218321800231934,0.036339759826660156,0.09673228114843369,0.41434016823768616
29,29,6647,2006-10-04T23:00:00.000000,532.6372680664062,9.377266883850098,0.19218361377716064,0.17812243103981018,0.7805982232093811
30,30,6647,2006-10-04T23:00:00.000000,361.25543212890625,9.664750099182129,0.17717956006526947,0.2140377014875412,0.9496161341667175
31,31,6647,2006-10-04T23:00:00.000000,463.8125,11.55447006225586,0.04323175922036171,0.11155273765325546,0.49046382308006287
32,32,6647,2006-10-04T23:00:00.000000,404.31024169921875,8.25364875793457,0.13171172142028809,0.14897069334983826,0.6678977608680725
33,33,6647,2006-10-04T23:00:00.000000,314.3553771972656,6.767058849334717,0.12617364525794983,0.13557319343090057,0.6180804371833801
34,34,6647,2006-10-04T23:00:00.000000,276.06365966796875,6.892436504364014,0.11569633334875107,0.14110030233860016,0.6257933974266052
35,35,6647,2006-10-04T23:00:00.000000,283.9621887207031,7.306020259857178,0.15248610079288483,0.16930344700813293,0.7322909235954285
36,36,6647,2006-10-04T23:00:00.000000,524.6404418945312,9.33877182006836,0.17530827224254608,0.1707104593515396,0.767549455165863
37,37,6647,2006-10-04T23:00:00.000000,235.4014892578125,6.253664493560791,0.15360711514949799,0.15974806249141693,0.7113347053527832
38,38,6647,2006-10-04T23:00:00.000000,409.1817321777344,8.048932075500488,0.13296711444854736,0.14509496092796326,0.6312249302864075
39,39,6647,2006-10-04T23:00:00.000000,427.46649169921875,8.31801700592041,0.1552816778421402,0.15853634476661682,0.7027027606964111
40,40,6647,2006-10-04T23:00:00.000000,2661.042724609375,22.870615005493164,0.15089505910873413,0.1722223311662674,0.7547612190246582
41,41,6647,2006-10-04T23:00:00.000000,432.9023132324219,8.796879768371582,0.1665661334991455,0.17255479097366333,0.75421541929245
42,42,6647,2006-10-04T23:00:00.000000,411.2161560058594,8.818537712097168,0.13326114416122437,0.15874981880187988,0.6980116963386536
43,43,6647,2006-10-04T23:00:00.000000,296.594482421875,7.353509902954102,0.1117013543844223,0.14270605146884918,0.6241042017936707
44,44,6647,2006-10-04T23:00:00.000000,977.648193359375,13.656716346740723,0.17758062481880188,0.18405719101428986,0.800359845161438
45,45,6647,2006-10-04T23:00:00.000000,253.7618865966797,7.530357360839844,0.1206112802028656,0.16417095065116882,0.7326865196228027
46,46,6647,2006-10-04T23:00:00.000000,226.8483123779297,6.428341865539551,0.14327234029769897,0.16155202686786652,0.6844598054885864
47,47,6647,2006-10-04T23:00:00.000000,383.16387939453125,7.963357925415039,0.15938475728034973,0.16241544485092163,0.7154462337493896
48,48,6647,2006-10-04T23:00:00.000000,103.03926086425781,5.26627779006958,0.036250825971364975,0.09877826273441315,0.4305325448513031
49,49,6647,2006-10-04T23:00:00.000000,456.90692138671875,8.415143966674805,0.14818181097507477,0.15154622495174408,0.6686915755271912
50,50,6647,2006-10-04T23:00:00.000000,374.3384094238281,7.965216159820557,0.12470470368862152,0.14538072049617767,0.6546682715415955
51,51,6647,2006-10-04T23:00:00.000000,310.48797607421875,7.41766357421875,0.11704767495393753,0.14402110874652863,0.6335147619247437
52,52,6647,2006-10-04T23:00:00.000000,69.03563690185547,4.182716369628906,0.024493450298905373,0.07878558337688446,0.33855339884757996
53,53,6647,2006-10-04T23:00:00.000000,368.498291015625,7.81836462020874,0.1233101561665535,0.14302028715610504,0.6342759132385254
54,54,6647,2006-10-04T23:00:00.000000,286.3948974609375,7.1718010902404785,0.12967145442962646,0.15260466933250427,0.6644960641860962
55,55,6647,2006-10-04T23:00:00.000000,541.2333374023438,9.111169815063477,0.17225903272628784,0.16254474222660065,0.7275629043579102
56,56,6647,2006-10-04T23:00:00.000000,447.0052185058594,8.864411354064941,0.14482353627681732,0.15955601632595062,0.717460036277771
57,57,6647,2006-10-04T23:00:00.000000,276.44879150390625,6.822054386138916,0.1164725050330162,0.14002950489521027,0.6186996102333069
58,58,6647,2006-10-04T23:00:00.000000,405.07635498046875,8.030059814453125,0.16686664521694183,0.16298030316829681,0.7196908593177795
59,59,6647,2006-10-04T23:00:00.000000,580.4237670898438,9.868935585021973,0.19201864302158356,0.17950206995010376,0.7815102934837341
60,60,6647,2006-10-04T23:00:00.000000,255.45289611816406,6.815404891967773,0.1643269807100296,0.17285849153995514,0.7683160305023193
61,61,6647,2006-10-04T23:00:00.000000,416.0975341796875,8.570775985717773,0.13616621494293213,0.1550448089838028,0.6875209808349609
62,62,6647,2006-10-04T23:00:00.000000,395.01483154296875,8.642073631286621,0.14798106253147125,0.1672685742378235,0.7310981750488281
63,63,6647,2006-10-04T23:00:00.000000,266.2522888183594,6.296015739440918,0.10755818337202072,0.1265437752008438,0.562204122543335
64,64,6647,2006-10-04T23:00:00.000000,104.89479064941406,5.273571968078613,0.04087305814027786,0.10409899055957794,0.4583495855331421
65,65,6647,2006-10-04T23:00:00.000000,350.7952880859375,7.68454122543335,0.11230626702308655,0.1374969333410263,0.6170597076416016
66,66,6647,2006-10-04T23:00:00.000000,441.138916015625,8.30945873260498,0.14567822217941284,0.15100190043449402,0.6901909708976746
67,67,6647,2006-10-04T23:00:00.000000,145.07562255859375,5.543880462646484,0.05043024197220802,0.1033623144030571,0.4622121751308441
68,68,6647,2006-10-04T23:00:00.000000,1462.2999267578125,17.24987030029297,0.13677534461021423,0.1668289601802826,0.7527269721031189
69,69,6647,2006-10-04T23:00:00.000000,985.6617431640625,15.21191120147705,0.09434788674116135,0.1488284468650818,0.6281167268753052
70,70,6647,2006-10-04T23:00:00.000000,780.0498657226562,11.962807655334473,0.15274375677108765,0.1673993021249771,0.7307061553001404
71,71,6647,2006-10-04T23:00:00.000000,205.0000457763672,6.012278079986572,0.14438863098621368,0.1595616638660431,0.7184680700302124
72,72,6647,2006-10-04T23:00:00.000000,131.806640625,6.013259410858154,0.05253118649125099,0.12004660815000534,0.5321750044822693
73,73,6647,2006-10-04T23:00:00.000000,2174.79345703125,25.388765335083008,0.09392344951629639,0.16684745252132416,0.7480975985527039
74,74,6647,2006-10-04T23:00:00.000000,500.4708557128906,8.753470420837402,0.16126680374145508,0.15713155269622803,0.7154690027236938
75,75,6647,2006-10-04T23:00:00.000000,489.6617126464844,9.44643497467041,0.16422681510448456,0.1729983240365982,0.765084445476532
76,76,6647,2006-10-04T23:00:00.000000,505.1782531738281,9.724309921264648,0.1435159593820572,0.1639028787612915,0.7111039757728577
77,77,6647,2006-10-04T23:00:00.000000,282.8623046875,7.564330577850342,0.10794517397880554,0.14776939153671265,0.6465239524841309
78,78,6647,2006-10-04T23:00:00.000000,428.9076843261719,8.564643859863281,0.13865388929843903,0.15399031341075897,0.6862520575523376
79,79,6647,2006-10-04T23:00:00.000000,161.19569396972656,6.275747299194336,0.06362933665513992,0.12468592822551727,0.5387689471244812
80,80,6647,2006-10-04T23:00:00.000000,758.318359375,11.588913917541504,0.14073333144187927,0.15787574648857117,0.6916825771331787
81,81,6647,2006-10-04T23:00:00.000000,352.2121887207031,7.717089653015137,0.13649910688400269,0.15192045271396637,0.6534842252731323
82,82,6647,2006-10-04T23:00:00.000000,245.2223358154297,5.773124694824219,0.10941946506500244,0.12194900214672089,0.5368016958236694
83,83,6647,2006-10-04T23:00:00.000000,233.34417724609375,5.934858322143555,0.14973010122776031,0.15033720433712006,0.6896693706512451
84,84,6647,2006-10-04T23:00:00.000000,332.69134521484375,7.623047828674316,0.12527403235435486,0.14792393147945404,0.63178950548172
85,85,6647,2006-10-04T23:00:00.000000,282.2574157714844,7.176133155822754,0.11444889008998871,0.14450189471244812,0.6442368626594543
86,86,6647,2006-10-04T23:00:00.000000,433.151611328125,8.562565803527832,0.1419268399477005,0.15499447286128998,0.6873118281364441
87,87,6647,2006-10-04T23:00:00.000000,339.4069519042969,7.712202548980713,0.1376456618309021,0.15530997514724731,0.6919056177139282
88,88,6647,2006-10-04T23:00:00.000000,235.59596252441406,6.7805047035217285,0.11356424540281296,0.1488671600818634,0.6581490635871887
89,89,6647,2006-10-04T23:00:00.000000,353.9214782714844,7.888352870941162,0.14643999934196472,0.1604584902524948,0.710064709186554
90,90,6647,2006-10-04T23:00:00.000000,220.97531127929688,6.79237174987793,0.15539169311523438,0.18012060225009918,0.7971075177192688
91,91,6647,2006-10-04T23:00:00.000000,355.930908203125,8.174893379211426,0.1456250250339508,0.16535499691963196,0.7400690913200378
92,92,6647,2006-10-04T23:00:00.000000,433.8298034667969,8.688047409057617,0.14249704778194427,0.15745824575424194,0.710421621799469
93,93,6647,2006-10-04T23:00:00.000000,400.0958557128906,8.190534591674805,0.16658169031143188,0.16712595522403717,0.7398074269294739
94,94,6647,2006-10-04T23:00:00.000000,294.5422058105469,6.810877799987793,0.1155533492565155,0.13490267097949982,0.606123685836792
95,95,6647,2006-10-04T23:00:00.000000,107.63481140136719,5.702172756195068,0.04153100773692131,0.11200831085443497,0.4833246171474457
96,96,6647,2006-10-04T23:00:00.000000,455.563720703125,10.330086708068848,0.22838544845581055,0.23129361867904663,0.979773759841919
97,97,6647,2006-10-04T23:00:00.000000,367.7796630859375,7.653522491455078,0.15061141550540924,0.15488038957118988,0.6754845976829529
98,98,6647,2006-10-04T23:00:00.000000,264.9115905761719,6.708098888397217,0.1268683224916458,0.14679983258247375,0.6506940126419067
99,99,6647,2006-10-04T23:00:00.000000,106.36502838134766,5.670480251312256,0.03689080849289894,0.10560378432273865,0.4637128710746765
100,100,6647,2006-10-04T23:00:00.000000,201.7607421875,5.75672721862793,0.12820972502231598,0.14511683583259583,0.6672890782356262
101,101,6647,2006-10-04T23:00:00.000000,216.04676818847656,5.853775978088379,0.13630551099777222,0.1470343917608261,0.6563202738761902
102,102,6647,2006-10-04T23:00:00.000000,439.2137451171875,8.37642765045166,0.1700764000415802,0.16483253240585327,0.7183509469032288
103,103,6647,2006-10-04T23:00:00.000000,265.9862060546875,7.277959823608398,0.10199335962533951,0.14251679182052612,0.6301969289779663
104,104,6647,2006-10-04T23:00:00.000000,1121.756591796875,15.09607982635498,0.14281679689884186,0.17033524811267853,0.7580592036247253
105,105,6647,2006-10-04T23:00:00.000000,739.6712646484375,12.046173095703125,0.09899080544710159,0.13935647904872894,0.6060740947723389
106,106,6647,2006-10-04T23:00:00.000000,308.41656494140625,7.8326416015625,0.12184233218431473,0.1556820273399353,0.7137094140052795
107,107,6647,2006-10-04T23:00:00.000000,479.2239685058594,9.004239082336426,0.15345951914787292,0.16112937033176422,0.7086403369903564
108,108,6647,2006-10-04T23:00:00.000000,341.3481140136719,7.233680725097656,0.14072789251804352,0.14687593281269073,0.6468747854232788
109,109,6647,2006-10-04T23:00:00.000000,532.7979125976562,8.602531433105469,0.1798788458108902,0.15806473791599274,0.7094842195510864
110,110,6647,2006-10-04T23:00:00.000000,286.2772216796875,7.826414108276367,0.10898981988430023,0.15270821750164032,0.6668620705604553
111,111,6647,2006-10-04T23:00:00.000000,417.18011474609375,8.874672889709473,0.14080342650413513,0.1630411148071289,0.7120121717453003
112,112,6647,2006-10-04T23:00:00.000000,104.50370025634766,4.139392852783203,0.12645794451236725,0.14399383962154388,0.627067506313324
113,113,6647,2006-10-04T23:00:00.000000,326.4368591308594,7.748807907104492,0.13973313570022583,0.1603190004825592,0.70564866065979
114,114,6647,2006-10-04T23:00:00.000000,164.20004272460938,5.718313217163086,0.06136738136410713,0.11054781824350357,0.46973997354507446
115,115,6647,2006-10-04T23:00:00.000000,23.8200626373291,2.231520652770996,0.11383002251386642,0.15426161885261536,0.6648432612419128
116,116,6647,2006-10-04T23:00:00.000000,481.3898010253906,9.005820274353027,0.16200989484786987,0.16521352529525757,0.7230761051177979
117,117,6647,2006-10-04T23:00:00.000000,131.92283630371094,5.8316874504089355,0.04629531130194664,0.10924529284238815,0.487565279006958
118,118,6647,2006-10-04T23:00:00.000000,484.5975646972656,9.52444839477539,0.162569060921669,0.1744488626718521,0.7720244526863098
119,119,6647,2006-10-04T23:00:00.000000,165.53541564941406,5.653224468231201,0.11646363139152527,0.1499498039484024,0.6502417325973511
120,120,6647,2006-10-04T23:00:00.000000,427.0458679199219,8.37802791595459,0.14075177907943726,0.1521008014678955,0.6757233142852783
121,121,6647,2006-10-04T23:00:00.000000,3063.052734375,25.293766021728516,0.2060822993516922,0.2074705958366394,0.9281743764877319
122,122,6647,2006-10-04T23:00:00.000000,465.5837097167969,8.954825401306152,0.15136459469795227,0.16146200895309448,0.7079747915267944
123,123,6647,2006-10-04T23:00:00.000000,570.5621337890625,10.12314510345459,0.19043606519699097,0.184943288564682,0.8270033001899719
124,124,6647,2006-10-04T23:00:00.000000,1383.872802734375,15.762015342712402,0.17747801542282104,0.17849907279014587,0.7926866412162781
125,125,6647,2006-10-04T23:00:00.000000,304.6086730957031,8.908113479614258,0.05678383633494377,0.12162613123655319,0.5243254899978638
126,126,6647,2006-10-04T23:00:00.000000,113.57048797607422,4.378355026245117,0.1300857812166214,0.14818121492862701,0.6697420477867126
127,127,6647,2006-10-04T23:00:00.000000,69.680908203125,4.699967384338379,0.027134764939546585,0.09274722635746002,0.39725154638290405
128,128,6647,2006-10-04T23:00:00.000000,437.3079833984375,8.737983703613281,0.14764350652694702,0.16055531799793243,0.7199001312255859
129,129,6647,2006-10-04T23:00:00.000000,11.079190254211426,1.6612948179244995,0.051845766603946686,0.11364474892616272,0.4889020025730133
130,130,6647,2006-10-04T23:00:00.000000,69.80565643310547,4.689936637878418,0.035926319658756256,0.10639666765928268,0.4544214606285095
131,131,6647,2006-10-04T23:00:00.000000,409.4497375488281,8.277067184448242,0.1493646502494812,0.15808843076229095,0.7055953145027161
132,132,6647,2006-10-04T23:00:00.000000,323.7703552246094,7.690634727478027,0.12519583106040955,0.15123021602630615,0.6508166790008545
133,133,6647,2006-10-04T23:00:00.000000,149.48165893554688,5.4850239753723145,0.05288184806704521,0.10316631197929382,0.44733965396881104
134,134,6647,2006-10-04T23:00:00.000000,441.2359619140625,8.57561206817627,0.14375875890254974,0.15479141473770142,0.7075192928314209
135,135,6647,2006-10-04T23:00:00.000000,123.74982452392578,6.0577473640441895,0.06063337251543999,0.13408948481082916,0.5774093866348267
136,136,6647,2006-10-04T23:00:00.000000,908.9886474609375,13.618867874145508,0.16747674345970154,0.1848583221435547,0.8018413186073303
0,0,7159,2006-10-26T07:00:00.000000,2541.855712890625,23.4165096282959,0.28208065032958984,0.24667967855930328,1.0945852994918823
1,1,7159,2006-10-26T07:00:00.000000,443.4636535644531,9.030034065246582,0.17957019805908203,0.181709423661232,0.8184418678283691
2,2,7159,2006-10-26T07:00:00.000000,997.4852294921875,14.0061674118042,0.4363445043563843,0.29294145107269287,1.3177653551101685
3,3,7159,2006-10-26T07:00:00.000000,783.4907836914062,12.976840019226074,0.32739683985710144,0.2652706801891327,1.2303454875946045
4,4,7159,2006-10-26T07:00:00.000000,2012.2445068359375,20.441118240356445,0.29876890778541565,0.24907608330249786,1.0951454639434814
5,5,7159,2006-10-26T07:00:00.000000,5243.97705078125,31.20980453491211,0.2685711681842804,0.22335225343704224,0.9722501039505005
6,6,7159,2006-10-26T07:00:00.000000,539.2134399414062,10.227507591247559,0.28608691692352295,0.23558004200458527,1.043009877204895
7,7,7159,2006-10-26T07:00:00.000000,878.1002807617188,14.189733505249023,0.4078480899333954,0.30580979585647583,1.4464062452316284
8,8,7159,2006-10-26T07:00:00.000000,1229.7606201171875,15.773808479309082,0.48613986372947693,0.31362226605415344,1.489911437034607
9,9,7159,2006-10-26T07:00:00.000000,1399.4249267578125,17.525522232055664,0.6083319187164307,0.36539819836616516,1.661374568939209
10,10,7159,2006-10-26T07:00:00.000000,855.4708862304688,13.411127090454102,0.3915078043937683,0.2869015336036682,1.2867275476455688
11,11,7159,2006-10-26T07:00:00.000000,131.81507873535156,4.619385719299316,0.1775246411561966,0.1695239096879959,0.7308257818222046
12,12,7159,2006-10-26T07:00:00.000000,1315.7822265625,16.0455379486084,0.515717089176178,0.3176640272140503,1.5547133684158325
13,13,7159,2006-10-26T07:00:00.000000,1264.365478515625,16.440683364868164,0.5364854335784912,0.3386588990688324,1.5605641603469849
14,14,7159,2006-10-26T07:00:00.000000,1718.1136474609375,19.112619400024414,0.5749854445457458,0.3496412932872772,1.6356415748596191
15,15,7159,2006-10-26T07:00:00.000000,232.63339233398438,6.959279537200928,0.3142632842063904,0.2557850182056427,1.1072332859039307
16,16,7159,2006-10-26T07:00:00.000000,1137.732421875,15.296613693237305,0.43927353620529175,0.30056798458099365,1.4004218578338623
17,17,7159,2006-10-26T07:00:00.000000,1108.5975341796875,15.577055931091309,0.4308927357196808,0.3071022927761078,1.4343199729919434
18,18,7159,2006-10-26T07:00:00.000000,1042.5794677734375,15.483697891235352,0.4469242990016937,0.32058051228523254,1.4839378595352173
19,19,7159,2006-10-26T07:00:00.000000,1173.66943359375,16.03721046447754,0.4947981834411621,0.32928353548049927,1.5568606853485107
20,20,7159,2006-10-26T07:00:00.000000,718.1824951171875,12.300111770629883,0.2886103689670563,0.24657417833805084,1.1660521030426025
21,21,7159,2006-10-26T07:00:00.000000,1224.043701171875,16.130826950073242,0.49385711550712585,0.32401034235954285,1.54790461063385
22,22,7159,2006-10-26T07:00:00.000000,1536.7642822265625,18.345273971557617,0.5170481204986572,0.33650076389312744,1.523133397102356
23,23,7159,2006-10-26T07:00:00.000000,2873.617919921875,23.696178436279297,0.24003838002681732,0.21657289564609528,0.9405843019485474
24,24,7159,2006-10-26T07:00:00.000000,1238.49560546875,15.910418510437012,0.48485875129699707,0.314805269241333,1.512743353843689
25,25,7159,2006-10-26T07:00:00.000000,977.8097534179688,14.638521194458008,0.5495269298553467,0.347027987241745,1.5755503177642822
26,26,7159,2006-10-26T07:00:00.000000,892.5385131835938,13.450081825256348,0.38905856013298035,0.28081414103507996,1.2787933349609375
27,27,7159,2006-10-26T07:00:00.000000,458.3045959472656,9.018535614013672,0.18192224204540253,0.17968086898326874,0.8235881328582764
28,28,7159,2006-10-26T07:00:00.000000,3061.05029296875,24.695310592651367,0.249138742685318,0.22279217839241028,1.016047716140747
29,29,7159,2006-10-26T07:00:00.000000,977.5997314453125,14.360651016235352,0.40919122099876404,0.2938033938407898,1.3719412088394165
30,30,7159,2006-10-26T07:00:00.000000,469.1275329589844,9.993621826171875,0.2858407199382782,0.24668319523334503,1.12006413936615
31,31,7159,2006-10-26T07:00:00.000000,2528.3388671875,21.394145965576172,0.2655034065246582,0.21923622488975525,0.9641059637069702
32,32,7159,2006-10-26T07:00:00.000000,1207.7613525390625,16.096771240234375,0.48359861969947815,0.32210004329681396,1.5126060247421265
33,33,7159,2006-10-26T07:00:00.000000,1045.793212890625,14.621567726135254,0.5091323256492615,0.3226163387298584,1.5383880138397217
34,34,7159,2006-10-26T07:00:00.000000,656.7881469726562,11.831899642944336,0.32632482051849365,0.26373445987701416,1.2137014865875244
35,35,7159,2006-10-26T07:00:00.000000,319.7175598144531,6.788686275482178,0.1949896365404129,0.16765178740024567,0.7450165748596191
36,36,7159,2006-10-26T07:00:00.000000,1173.3963623046875,15.283849716186523,0.4620436728000641,0.3032856583595276,1.4095925092697144
37,37,7159,2006-10-26T07:00:00.000000,612.56103515625,10.79865837097168,0.46861714124679565,0.2986786365509033,1.4322279691696167
38,38,7159,2006-10-26T07:00:00.000000,1215.5628662109375,16.223230361938477,0.4825887680053711,0.32324904203414917,1.5263283252716064
39,39,7159,2006-10-26T07:00:00.000000,1114.4332275390625,15.078948974609375,0.47587549686431885,0.3115951418876648,1.4314559698104858
40,40,7159,2006-10-26T07:00:00.000000,3957.827880859375,25.346973419189453,0.2516779899597168,0.20212510228157043,0.9093749523162842
41,41,7159,2006-10-26T07:00:00.000000,738.7987670898438,12.2033109664917,0.3320469558238983,0.258710652589798,1.191676378250122
42,42,7159,2006-10-26T07:00:00.000000,514.11376953125,9.310503005981445,0.2061106115579605,0.1864205151796341,0.8441590070724487
43,43,7159,2006-10-26T07:00:00.000000,1182.8262939453125,16.049150466918945,0.5118772983551025,0.33386772871017456,1.5344172716140747
44,44,7159,2006-10-26T07:00:00.000000,1265.33740234375,16.313560485839844,0.277031272649765,0.2413848340511322,1.0032978057861328
45,45,7159,2006-10-26T07:00:00.000000,706.0546264648438,12.188060760498047,0.4066404700279236,0.29249653220176697,1.3369814157485962
46,46,7159,2006-10-26T07:00:00.000000,549.4749755859375,10.284137725830078,0.4257655441761017,0.28627219796180725,1.3268834352493286
47,47,7159,2006-10-26T07:00:00.000000,500.9118347167969,9.102357864379883,0.24090294539928436,0.1996155083179474,0.8664728999137878
48,48,7159,2006-10-26T07:00:00.000000,888.1299438476562,12.05066204071045,0.3544607162475586,0.2407447099685669,1.073531985282898
49,49,7159,2006-10-26T07:00:00.000000,1305.385498046875,15.875029563903809,0.5046234130859375,0.31212523579597473,1.4288395643234253
50,50,7159,2006-10-26T07:00:00.000000,1194.08935546875,15.160930633544922,0.47317636013031006,0.30179983377456665,1.428990125656128
51,51,7159,2006-10-26T07:00:00.000000,1118.017578125,15.0425443649292,0.48126477003097534,0.31209659576416016,1.4324742555618286
52,52,7159,2006-10-26T07:00:00.000000,542.7693481445312,9.744797706604004,0.2201443463563919,0.1962541937828064,0.8942466378211975
53,53,7159,2006-10-26T07:00:00.000000,1341.713134765625,17.08348846435547,0.543177604675293,0.3437301814556122,1.6243079900741577
54,54,7159,2006-10-26T07:00:00.000000,491.8965759277344,9.906205177307129,0.26221606135368347,0.2287178337574005,1.023450255393982
55,55,7159,2006-10-26T07:00:00.000000,708.2745971679688,11.798178672790527,0.27740705013275146,0.23349246382713318,1.0973020792007446
56,56,7159,2006-10-26T07:00:00.000000,1114.062744140625,14.919817924499512,0.44960418343544006,0.29972562193870544,1.4363139867782593
57,57,7159,2006-10-26T07:00:00.000000,1262.0447998046875,16.515708923339844,0.615876317024231,0.3648434579372406,1.705902338027954
58,58,7159,2006-10-26T07:00:00.000000,438.5484619140625,8.998879432678223,0.20715583860874176,0.19558171927928925,0.8616614937782288
59,59,7159,2006-10-26T07:00:00.000000,1222.8001708984375,15.901327133178711,0.4918571412563324,0.31891509890556335,1.4636025428771973
60,60,7159,2006-10-26T07:00:00.000000,580.5208740234375,11.118555068969727,0.4444950222969055,0.3076613247394562,1.432631254196167
61,61,7159,2006-10-26T07:00:00.000000,591.918701171875,9.713582038879395,0.24078042805194855,0.19591104984283447,0.8636432886123657
62,62,7159,2006-10-26T07:00:00.000000,1136.82763671875,16.3347110748291,0.5017016530036926,0.34315237402915955,1.5318171977996826
63,63,7159,2006-10-26T07:00:00.000000,630.5255126953125,10.588672637939453,0.30631011724472046,0.23338386416435242,1.0964022874832153
64,64,7159,2006-10-26T07:00:00.000000,337.0293273925781,7.407531261444092,0.15000075101852417,0.15627385675907135,0.7002421021461487
65,65,7159,2006-10-26T07:00:00.000000,1011.43359375,14.045166015625,0.3978254199028015,0.2785508334636688,1.3168039321899414
66,66,7159,2006-10-26T07:00:00.000000,1155.0889892578125,15.448432922363281,0.4713324308395386,0.3120616376399994,1.4616210460662842
67,67,7159,2006-10-26T07:00:00.000000,822.4701538085938,11.495542526245117,0.32270678877830505,0.2277054637670517,1.0133644342422485
68,68,7159,2006-10-26T07:00:00.000000,3977.7568359375,31.74904441833496,0.4472721815109253,0.336664617061615,1.5084178447723389
69,69,7159,2006-10-26T07:00:00.000000,2693.063232421875,23.11454963684082,0.30525410175323486,0.2460894137620926,1.0542196035385132
70,70,7159,2006-10-26T07:00:00.000000,1204.6378173828125,14.907462120056152,0.26492345333099365,0.2210729718208313,0.9503924250602722
71,71,7159,2006-10-26T07:00:00.000000,385.6065673828125,7.9554443359375,0.3175583779811859,0.22829900681972504,1.014395833015442
72,72,7159,2006-10-26T07:00:00.000000,400.2938537597656,8.284797668457031,0.17390522360801697,0.17268265783786774,0.7869423627853394
73,73,7159,2006-10-26T07:00:00.000000,5258.22119140625,33.32353210449219,0.28458172082901,0.2451518177986145,1.0785044431686401
74,74,7159,2006-10-26T07:00:00.000000,1049.8709716796875,14.350557327270508,0.41700872778892517,0.28600481152534485,1.3410990238189697
75,75,7159,2006-10-26T07:00:00.000000,996.658935546875,14.125862121582031,0.3972565829753876,0.28201824426651,1.3751857280731201
76,76,7159,2006-10-26T07:00:00.000000,1199.3970947265625,14.826590538024902,0.39688706398010254,0.26970767974853516,1.2360919713974
77,77,7159,2006-10-26T07:00:00.000000,882.6290283203125,13.365211486816406,0.3987818658351898,0.28408899903297424,1.2960922718048096
78,78,7159,2006-10-26T07:00:00.000000,617.47802734375,9.984174728393555,0.25107645988464355,0.2013280987739563,0.8776875734329224
79,79,7159,2006-10-26T07:00:00.000000,590.5502319335938,10.148463249206543,0.2689968943595886,0.21659351885318756,0.967839777469635
80,80,7159,2006-10-26T07:00:00.000000,1422.582763671875,15.263324737548828,0.29404217004776,0.21943967044353485,0.9504680633544922
81,81,7159,2006-10-26T07:00:00.000000,980.9927368164062,14.676318168640137,0.4285963177680969,0.3067668378353119,1.4306844472885132
82,82,7159,2006-10-26T07:00:00.000000,618.6512451171875,10.811100006103516,0.32439514994621277,0.24756206572055817,1.0653103590011597
83,83,7159,2006-10-26T07:00:00.000000,430.9117431640625,9.392121315002441,0.3216007649898529,0.2565831243991852,1.1806167364120483
84,84,7159,2006-10-26T07:00:00.000000,999.4432983398438,14.848174095153809,0.4278850257396698,0.30722567439079285,1.4189207553863525
85,85,7159,2006-10-26T07:00:00.000000,823.130859375,12.948974609375,0.41596418619155884,0.29109105467796326,1.3208149671554565
86,86,7159,2006-10-26T07:00:00.000000,1084.920654296875,14.644915580749512,0.4422614276409149,0.29568374156951904,1.3796035051345825
87,87,7159,2006-10-26T07:00:00.000000,856.6493530273438,12.72362995147705,0.4285050332546234,0.2845689356327057,1.2802406549453735
88,88,7159,2006-10-26T07:00:00.000000,861.3314208984375,14.098848342895508,0.48054441809654236,0.33301618695259094,1.5168159008026123
89,89,7159,2006-10-26T07:00:00.000000,1130.431884765625,15.100811004638672,0.5733188986778259,0.34007617831230164,1.58352792263031
90,90,7159,2006-10-26T07:00:00.000000,335.7802429199219,7.510278701782227,0.28238779306411743,0.21779678761959076,0.9591282606124878
91,91,7159,2006-10-26T07:00:00.000000,508.7928466796875,9.015885353088379,0.23727796971797943,0.19470027089118958,0.8588508367538452
92,92,7159,2006-10-26T07:00:00.000000,1359.28515625,15.798008918762207,0.5202624201774597,0.30907100439071655,1.450390338897705
93,93,7159,2006-10-26T07:00:00.000000,381.38031005859375,7.9401326179504395,0.1860906034708023,0.17539244890213013,0.7817585468292236
94,94,7159,2006-10-26T07:00:00.000000,661.2000122070312,11.801653861999512,0.3048820197582245,0.2534208595752716,1.2297464609146118
95,95,7159,2006-10-26T07:00:00.000000,378.83612060546875,8.242986679077148,0.1684904247522354,0.17383871972560883,0.7966762781143188
96,96,7159,2006-10-26T07:00:00.000000,533.9560546875,10.312658309936523,0.31430476903915405,0.2502034902572632,1.1223841905593872
97,97,7159,2006-10-26T07:00:00.000000,784.0346069335938,11.856026649475098,0.3984568417072296,0.26727738976478577,1.2375913858413696
98,98,7159,2006-10-26T07:00:00.000000,791.9364013671875,12.459131240844727,0.44584429264068604,0.29562029242515564,1.3560117483139038
99,99,7159,2006-10-26T07:00:00.000000,683.8394165039062,10.925829887390137,0.2669053375720978,0.21585194766521454,0.9837011694908142
100,100,7159,2006-10-26T07:00:00.000000,646.189453125,11.59109115600586,0.48733386397361755,0.31831541657447815,1.4936131238937378
101,101,7159,2006-10-26T07:00:00.000000,631.5660400390625,11.363300323486328,0.49394509196281433,0.3177857995033264,1.5101630687713623
102,102,7159,2006-10-26T07:00:00.000000,783.1173706054688,12.524815559387207,0.35682234168052673,0.26735228300094604,1.2373408079147339
103,103,7159,2006-10-26T07:00:00.000000,1245.920166015625,17.199846267700195,0.5393256545066833,0.3578532636165619,1.6232209205627441
104,104,7159,2006-10-26T07:00:00.000000,2946.2158203125,24.482547760009766,0.43726250529289246,0.29826027154922485,1.3468869924545288
105,105,7159,2006-10-26T07:00:00.000000,1044.3414306640625,14.143969535827637,0.15700766444206238,0.17342449724674225,0.7933998107910156
106,106,7159,2006-10-26T07:00:00.000000,718.869873046875,13.426326751708984,0.3365447223186493,0.29050490260124207,1.3479118347167969
107,107,7159,2006-10-26T07:00:00.000000,1110.525634765625,14.570847511291504,0.42940422892570496,0.2865191400051117,1.338263750076294
108,108,7159,2006-10-26T07:00:00.000000,959.8843383789062,13.776674270629883,0.47614315152168274,0.3068341910839081,1.4169070720672607
109,109,7159,2006-10-26T07:00:00.000000,693.17626953125,12.382879257202148,0.28165391087532043,0.24960754811763763,1.155228614807129
110,110,7159,2006-10-26T07:00:00.000000,1057.8677978515625,15.450103759765625,0.4593585729598999,0.3219524025917053,1.457392930984497
111,111,7159,2006-10-26T07:00:00.000000,481.1241760253906,9.070906639099121,0.1946282833814621,0.18244211375713348,0.812353789806366
112,112,7159,2006-10-26T07:00:00.000000,197.5967254638672,6.442948818206787,0.26889464259147644,0.23767630755901337,0.9835668206214905
113,113,7159,2006-10-26T07:00:00.000000,980.7075805664062,14.646737098693848,0.4902675747871399,0.3274821937084198,1.4925212860107422
114,114,7159,2006-10-26T07:00:00.000000,463.02972412109375,9.82204818725586,0.19329798221588135,0.2006833255290985,0.914770245552063
115,115,7159,2006-10-26T07:00:00.000000,60.39250946044922,3.1814324855804443,0.3146857023239136,0.22965173423290253,0.9892503619194031
116,116,7159,2006-10-26T07:00:00.000000,615.231201171875,9.89537239074707,0.24917380511760712,0.19914259016513824,0.8903110027313232
117,117,7159,2006-10-26T07:00:00.000000,573.9818725585938,9.830122947692871,0.2293747067451477,0.19650906324386597,0.905587375164032
118,118,7159,2006-10-26T07:00:00.000000,880.3809814453125,13.26797103881836,0.3572627305984497,0.26727789640426636,1.2636643648147583
119,119,7159,2006-10-26T07:00:00.000000,348.30877685546875,7.584807872772217,0.2856805622577667,0.2172214686870575,0.9834403991699219
120,120,7159,2006-10-26T07:00:00.000000,1085.3533935546875,14.948800086975098,0.4188627600669861,0.2936679720878601,1.4233179092407227
121,121,7159,2006-10-26T07:00:00.000000,6183.56494140625,39.866729736328125,0.5282856822013855,0.3684898614883423,1.6234261989593506
122,122,7159,2006-10-26T07:00:00.000000,421.4102478027344,7.977255821228027,0.16981631517410278,0.1601366400718689,0.7189163565635681
123,123,7159,2006-10-26T07:00:00.000000,915.118896484375,13.685494422912598,0.3651130199432373,0.2733602821826935,1.3117754459381104
124,124,7159,2006-10-26T07:00:00.000000,2324.65771484375,20.677335739135742,0.3441159427165985,0.2515750229358673,1.1093844175338745
125,125,7159,2006-10-26T07:00:00.000000,1178.6092529296875,14.665924072265625,0.23974764347076416,0.2091711014509201,0.9229333400726318
126,126,7159,2006-10-26T07:00:00.000000,383.6847229003906,9.156204223632812,0.49694693088531494,0.3295210897922516,1.5405566692352295
127,127,7159,2006-10-26T07:00:00.000000,678.9553833007812,11.227483749389648,0.30670395493507385,0.2386280745267868,1.05840265750885
128,128,7159,2006-10-26T07:00:00.000000,1066.4979248046875,14.721717834472656,0.4336870312690735,0.29687026143074036,1.4256469011306763
129,129,7159,2006-10-26T07:00:00.000000,42.4402961730957,2.9012763500213623,0.2202165126800537,0.20898966491222382,0.900078296661377
130,130,7159,2006-10-26T07:00:00.000000,391.1643371582031,8.394689559936523,0.2262006253004074,0.20187005400657654,0.8864248394966125
131,131,7159,2006-10-26T07:00:00.000000,866.0045776367188,13.877208709716797,0.37857186794281006,0.29014575481414795,1.406880497932434
132,132,7159,2006-10-26T07:00:00.000000,1225.79833984375,16.34149169921875,0.5260523557662964,0.3385295867919922,1.5509146451950073
133,133,7159,2006-10-26T07:00:00.000000,466.8653259277344,9.357126235961914,0.18472565710544586,0.18612739443778992,0.8398029804229736
134,134,7159,2006-10-26T07:00:00.000000,860.9194946289062,13.846274375915527,0.3370562195777893,0.2739699184894562,1.3046985864639282
135,135,7159,2006-10-26T07:00:00.000000,681.9847412109375,12.012344360351562,0.38830122351646423,0.28663209080696106,1.241668939590454
136,136,7159,2006-10-26T07:00:00.000000,2241.138427734375,20.90970230102539,0.4761340320110321,0.3047741949558258,1.4342807531356812
0,0,7671,2006-11-16T15:00:00.000000,530.1138916015625,11.668110847473145,0.063247911632061,0.12744976580142975,0.5729796886444092
1,1,7671,2006-11-16T15:00:00.000000,95.63262939453125,5.547238349914551,0.04178952798247337,0.11595981568098068,0.5290848016738892
2,2,7671,2006-11-16T15:00:00.000000,348.5448913574219,9.402932167053223,0.18871504068374634,0.21879491209983826,0.983004093170166
3,3,7671,2006-11-16T15:00:00.000000,197.20541381835938,6.7921142578125,0.08876781165599823,0.14410312473773956,0.6509166955947876
4,4,7671,2006-11-16T15:00:00.000000,942.1761474609375,14.19604206085205,0.15699443221092224,0.18324975669384003,0.8649099469184875
5,5,7671,2006-11-16T15:00:00.000000,1177.70654296875,15.24135684967041,0.06702305376529694,0.11497865617275238,0.5481228232383728
6,6,7671,2006-11-16T15:00:00.000000,146.61988830566406,5.55988073348999,0.08165966719388962,0.1312117874622345,0.5835105180740356
7,7,7671,2006-11-16T15:00:00.000000,285.2023010253906,7.94866943359375,0.15550394356250763,0.1856045424938202,0.9139846563339233
8,8,7671,2006-11-16T15:00:00.000000,108.6533203125,5.386949062347412,0.04830683022737503,0.11358622461557388,0.5263728499412537
9,9,7671,2006-11-16T15:00:00.000000,496.0589599609375,11.038102149963379,0.2689337134361267,0.25701025128364563,1.2568995952606201
10,10,7671,2006-11-16T15:00:00.000000,380.7788391113281,9.670811653137207,0.2099822610616684,0.22710037231445312,1.1174863576889038
11,11,7671,2006-11-16T15:00:00.000000,80.375244140625,4.396852016448975,0.1088780015707016,0.1618269383907318,0.7315241694450378
12,12,7671,2006-11-16T15:00:00.000000,171.8434295654297,6.430816650390625,0.07456519454717636,0.13395771384239197,0.6331749558448792
13,13,7671,2006-11-16T15:00:00.000000,443.2798767089844,9.51456356048584,0.23113244771957397,0.21726027131080627,1.0590921640396118
14,14,7671,2006-11-16T15:00:00.000000,301.4919738769531,8.439580917358398,0.10580901056528091,0.1581045389175415,0.7535474896430969
15,15,7671,2006-11-16T15:00:00.000000,39.13383483886719,3.015571117401123,0.05685395374894142,0.11494066566228867,0.537664532661438
16,16,7671,2006-11-16T15:00:00.000000,215.9888458251953,6.339968681335449,0.0983802005648613,0.13530859351158142,0.6282824873924255
17,17,7671,2006-11-16T15:00:00.000000,281.4919738769531,7.546577453613281,0.1292245090007782,0.1616923213005066,0.7474360466003418
18,18,7671,2006-11-16T15:00:00.000000,404.1909484863281,9.720117568969727,0.21272099018096924,0.22298897802829742,1.074223279953003
19,19,7671,2006-11-16T15:00:00.000000,578.82275390625,11.256853103637695,0.3045594096183777,0.25821423530578613,1.2459723949432373
20,20,7671,2006-11-16T15:00:00.000000,245.9073486328125,6.889703750610352,0.11253459006547928,0.14738653600215912,0.6853325963020325
21,21,7671,2006-11-16T15:00:00.000000,345.9404296875,7.918130874633789,0.15230301022529602,0.16614077985286713,0.797776460647583
22,22,7671,2006-11-16T15:00:00.000000,321.2755432128906,8.327386856079102,0.1273629069328308,0.16580261290073395,0.7816734313964844
23,23,7671,2006-11-16T15:00:00.000000,571.7284545898438,12.67379379272461,0.04924726486206055,0.11762585490942001,0.5344319939613342
24,24,7671,2006-11-16T15:00:00.000000,208.8959503173828,6.7219014167785645,0.09347269684076309,0.1421901434659958,0.6703310608863831
25,25,7671,2006-11-16T15:00:00.000000,276.61480712890625,7.3594536781311035,0.19091571867465973,0.19334310293197632,0.9340680837631226
26,26,7671,2006-11-16T15:00:00.000000,460.78240966796875,9.120973587036133,0.2417893260717392,0.20893529057502747,0.9836621880531311
27,27,7671,2006-11-16T15:00:00.000000,49.591529846191406,3.9678730964660645,0.02127852663397789,0.0821910947561264,0.3682192265987396
28,28,7671,2006-11-16T15:00:00.000000,533.595458984375,13.09871768951416,0.04765041917562485,0.12378159165382385,0.5534406304359436
29,29,7671,2006-11-16T15:00:00.000000,331.5188903808594,9.495502471923828,0.17297877371311188,0.21690033376216888,1.0726972818374634
30,30,7671,2006-11-16T15:00:00.000000,142.0717010498047,6.016390800476074,0.09879957139492035,0.15865720808506012,0.717680811882019
31,31,7671,2006-11-16T15:00:00.000000,261.7067565917969,9.045173645019531,0.02716989815235138,0.09216233342885971,0.42885100841522217
32,32,7671,2006-11-16T15:00:00.000000,180.07626342773438,6.340577602386475,0.08006601780653,0.13369794189929962,0.6416283845901489
33,33,7671,2006-11-16T15:00:00.000000,152.01800537109375,5.7508955001831055,0.08587458729743958,0.1366848349571228,0.6761726140975952
34,34,7671,2006-11-16T15:00:00.000000,201.09153747558594,6.150462627410889,0.1213974878191948,0.15111783146858215,0.7160640358924866
35,35,7671,2006-11-16T15:00:00.000000,148.40875244140625,5.282479763031006,0.08711337298154831,0.1279824823141098,0.5757689476013184
36,36,7671,2006-11-16T15:00:00.000000,182.7343292236328,6.24887752532959,0.08291150629520416,0.133106529712677,0.6215575933456421
37,37,7671,2006-11-16T15:00:00.000000,145.66351318359375,5.75423526763916,0.12687157094478607,0.16982215642929077,0.812594473361969
38,38,7671,2006-11-16T15:00:00.000000,217.67355346679688,7.334039688110352,0.09857639670372009,0.1560726910829544,0.7721334099769592
39,39,7671,2006-11-16T15:00:00.000000,277.6698913574219,8.145766258239746,0.1409786194562912,0.18354567885398865,0.908325731754303
40,40,7671,2006-11-16T15:00:00.000000,768.2908325195312,12.516975402832031,0.05248424783349037,0.10345491021871567,0.48194921016693115
41,41,7671,2006-11-16T15:00:00.000000,300.79998779296875,8.409156799316406,0.15897639095783234,0.1933213621377945,0.8893433809280396
42,42,7671,2006-11-16T15:00:00.000000,221.4722137451172,7.625795841217041,0.09608849883079529,0.15884050726890564,0.7096651196479797
43,43,7671,2006-11-16T15:00:00.000000,505.8899841308594,11.116610527038574,0.26935136318206787,0.25650978088378906,1.251965880393982
44,44,7671,2006-11-16T15:00:00.000000,556.1572875976562,11.410679817199707,0.13216517865657806,0.17590217292308807,0.8084246516227722
45,45,7671,2006-11-16T15:00:00.000000,160.62704467773438,5.823718547821045,0.11215716600418091,0.15388792753219604,0.7097106575965881
46,46,7671,2006-11-16T15:00:00.000000,134.04934692382812,5.373178005218506,0.11622576415538788,0.15821589529514313,0.7715412378311157
47,47,7671,2006-11-16T15:00:00.000000,99.482666015625,4.3203959465026855,0.05312170460820198,0.09983569383621216,0.46158379316329956
48,48,7671,2006-11-16T15:00:00.000000,80.75724792480469,3.806905508041382,0.035466477274894714,0.07977933436632156,0.3702993392944336
49,49,7671,2006-11-16T15:00:00.000000,134.0706024169922,4.77851676940918,0.06033393368124962,0.1013694629073143,0.5046599507331848
50,50,7671,2006-11-16T15:00:00.000000,173.03677368164062,5.750655651092529,0.07609087228775024,0.12059087306261063,0.5665503740310669
51,51,7671,2006-11-16T15:00:00.000000,519.188232421875,9.917169570922852,0.2728483974933624,0.2273453325033188,1.1041394472122192
52,52,7671,2006-11-16T15:00:00.000000,55.57177734375,3.967622756958008,0.025248726829886436,0.08457129448652267,0.3850165903568268
53,53,7671,2006-11-16T15:00:00.000000,154.638916015625,5.740129470825195,0.06928291916847229,0.12149974703788757,0.5851340889930725
54,54,7671,2006-11-16T15:00:00.000000,157.89724731445312,6.267096519470215,0.08565765619277954,0.14596952497959137,0.6553332805633545
55,55,7671,2006-11-16T15:00:00.000000,251.50469970703125,6.684506416320801,0.11285226047039032,0.14159613847732544,0.6691291332244873
56,56,7671,2006-11-16T15:00:00.000000,234.0596160888672,6.913754463195801,0.10415081679821014,0.1458418071269989,0.6888010501861572
57,57,7671,2006-11-16T15:00:00.000000,162.19712829589844,5.786045074462891,0.09413132071495056,0.13938862085342407,0.6647436022758484
58,58,7671,2006-11-16T15:00:00.000000,117.8956298828125,4.706981182098389,0.06407594680786133,0.10973396897315979,0.5056891441345215
59,59,7671,2006-11-16T15:00:00.000000,185.0190887451172,6.305430889129639,0.08234138786792755,0.1330195963382721,0.6352856159210205
60,60,7671,2006-11-16T15:00:00.000000,45.58328628540039,3.364750623703003,0.03998610004782677,0.09965625405311584,0.4801945090293884
61,61,7671,2006-11-16T15:00:00.000000,96.62246704101562,4.457235336303711,0.04192180559039116,0.09284242987632751,0.4207898676395416
62,62,7671,2006-11-16T15:00:00.000000,554.0677490234375,11.411230087280273,0.29751747846603394,0.26442787051200867,1.1941101551055908
63,63,7671,2006-11-16T15:00:00.000000,156.05825805664062,5.5254011154174805,0.08756174892187119,0.13088130950927734,0.6261395215988159
64,64,7671,2006-11-16T15:00:00.000000,81.33226013183594,4.816407203674316,0.04119343310594559,0.10839413851499557,0.4917045831680298
65,65,7671,2006-11-16T15:00:00.000000,320.1726379394531,6.76530122756958,0.14697116613388062,0.14494763314723969,0.7152053117752075
66,66,7671,2006-11-16T15:00:00.000000,234.26971435546875,7.0136590003967285,0.10420915484428406,0.1479242891073227,0.6962718963623047
67,67,7671,2006-11-16T15:00:00.000000,74.51881408691406,4.627964019775391,0.03178882226347923,0.09558598697185516,0.4454905390739441
68,68,7671,2006-11-16T15:00:00.000000,1685.6749267578125,20.73824691772461,0.24382901191711426,0.2494179904460907,1.3085052967071533
69,69,7671,2006-11-16T15:00:00.000000,194.61407470703125,7.218209743499756,0.020950209349393845,0.07489219307899475,0.3425874710083008
70,70,7671,2006-11-16T15:00:00.000000,533.9229736328125,10.38314151763916,0.11446540802717209,0.15202905237674713,0.6787865161895752
71,71,7671,2006-11-16T15:00:00.000000,59.81144332885742,4.009014129638672,0.05627772957086563,0.12297411262989044,0.5700128078460693
72,72,7671,2006-11-16T15:00:00.000000,58.15007781982422,3.8411149978637695,0.02975316345691681,0.08688578009605408,0.394930899143219
73,73,7671,2006-11-16T15:00:00.000000,863.86572265625,15.100058555603027,0.05365963280200958,0.11900888383388519,0.5569791197776794
74,74,7671,2006-11-16T15:00:00.000000,333.9260559082031,8.055405616760254,0.15191945433616638,0.17181813716888428,0.7828185558319092
75,75,7671,2006-11-16T15:00:00.000000,232.0229949951172,7.2943501472473145,0.10404562950134277,0.15446604788303375,0.7315294146537781
76,76,7671,2006-11-16T15:00:00.000000,326.2064208984375,7.777168273925781,0.115526482462883,0.14635786414146423,0.7119434475898743
77,77,7671,2006-11-16T15:00:00.000000,369.9423522949219,8.573958396911621,0.19578884541988373,0.1972460299730301,0.9429141879081726
78,78,7671,2006-11-16T15:00:00.000000,101.40471649169922,5.122469425201416,0.04486744850873947,0.10774967819452286,0.48925772309303284
79,79,7671,2006-11-16T15:00:00.000000,77.66971588134766,4.524672031402588,0.0376802422106266,0.09965935349464417,0.4631388187408447
80,80,7671,2006-11-16T15:00:00.000000,268.86627197265625,6.793369293212891,0.05855714902281761,0.10025522112846375,0.47167062759399414
81,81,7671,2006-11-16T15:00:00.000000,574.5130615234375,12.160632133483887,0.30476731061935425,0.28008535504341125,1.3640472888946533
82,82,7671,2006-11-16T15:00:00.000000,129.96969604492188,5.590719223022461,0.07315575331449509,0.1326388716697693,0.5865817666053772
83,83,7671,2006-11-16T15:00:00.000000,83.34146118164062,4.366694927215576,0.07381748408079147,0.1299576759338379,0.6302485466003418
84,84,7671,2006-11-16T15:00:00.000000,539.2862548828125,12.414527893066406,0.2967565357685089,0.2912195920944214,1.428916335105896
85,85,7671,2006-11-16T15:00:00.000000,124.13933563232422,4.72910737991333,0.06635995209217072,0.10933960229158401,0.5036343932151794
86,86,7671,2006-11-16T15:00:00.000000,313.5966491699219,7.622655391693115,0.1428072154521942,0.16266557574272156,0.8035197854042053
87,87,7671,2006-11-16T15:00:00.000000,153.9952392578125,5.281954765319824,0.08484658598899841,0.12398187816143036,0.6059649586677551
88,88,7671,2006-11-16T15:00:00.000000,380.6931457519531,9.580617904663086,0.26517683267593384,0.2528563141822815,1.1993505954742432
89,89,7671,2006-11-16T15:00:00.000000,197.59524536132812,6.383619785308838,0.11002904176712036,0.15063726902008057,0.72496098279953
90,90,7671,2006-11-16T15:00:00.000000,55.95246887207031,3.832627773284912,0.052030108869075775,0.11687304824590683,0.5288485884666443
91,91,7671,2006-11-16T15:00:00.000000,101.33834838867188,4.461337089538574,0.056128740310668945,0.10499552637338638,0.48271656036376953
92,92,7671,2006-11-16T15:00:00.000000,97.23442077636719,4.719545841217041,0.04207685589790344,0.098177470266819,0.4477637708187103
93,93,7671,2006-11-16T15:00:00.000000,99.47174835205078,4.5494818687438965,0.0547722764313221,0.10675603896379471,0.4892909824848175
94,94,7671,2006-11-16T15:00:00.000000,150.89910888671875,5.178383827209473,0.08192309737205505,0.12065742164850235,0.6026740670204163
95,95,7671,2006-11-16T15:00:00.000000,47.26850891113281,3.5970046520233154,0.023372409865260124,0.07998467981815338,0.367533415555954
96,96,7671,2006-11-16T15:00:00.000000,92.8733139038086,4.539145469665527,0.0662185475230217,0.1212044209241867,0.5710187554359436
97,97,7671,2006-11-16T15:00:00.000000,159.8874969482422,5.843877792358398,0.08661779016256332,0.13601833581924438,0.6528748273849487
98,98,7671,2006-11-16T15:00:00.000000,310.4382629394531,8.247344970703125,0.21848802268505096,0.2187964916229248,1.0198302268981934
99,99,7671,2006-11-16T15:00:00.000000,56.44048309326172,3.8381552696228027,0.025573106482625008,0.0816994160413742,0.3759819567203522
100,100,7671,2006-11-16T15:00:00.000000,77.22846221923828,3.8860244750976562,0.06729420274496078,0.11471117287874222,0.5650234222412109
101,101,7671,2006-11-16T15:00:00.000000,156.64393615722656,5.233750820159912,0.1375950276851654,0.15511634945869446,0.7300242185592651
102,102,7671,2006-11-16T15:00:00.000000,368.51043701171875,8.418770790100098,0.19423644244670868,0.19328099489212036,0.9034675359725952
103,103,7671,2006-11-16T15:00:00.000000,514.1219482421875,11.371153831481934,0.2732452154159546,0.26214873790740967,1.2671703100204468
104,104,7671,2006-11-16T15:00:00.000000,710.8631591796875,11.847979545593262,0.11173602938652039,0.14854153990745544,0.7403193116188049
105,105,7671,2006-11-16T15:00:00.000000,705.30078125,12.086881637573242,0.10711660236120224,0.14895513653755188,0.6637338399887085
106,106,7671,2006-11-16T15:00:00.000000,168.101806640625,5.897867202758789,0.09289485961198807,0.13864512741565704,0.7192085385322571
107,107,7671,2006-11-16T15:00:00.000000,151.55722045898438,5.746002674102783,0.06616788357496262,0.12006078660488129,0.5636357665061951
108,108,7671,2006-11-16T15:00:00.000000,104.5219497680664,4.678020000457764,0.05831947922706604,0.11050072312355042,0.5239349007606506
109,109,7671,2006-11-16T15:00:00.000000,245.3130645751953,7.336935997009277,0.11090195178985596,0.1559997797012329,0.7281133532524109
110,110,7671,2006-11-16T15:00:00.000000,405.4832763671875,9.227982521057129,0.21540045738220215,0.21268831193447113,0.9841563701629639
111,111,7671,2006-11-16T15:00:00.000000,76.51488494873047,3.9968223571777344,0.03333871066570282,0.08342885226011276,0.3875921368598938
112,112,7671,2006-11-16T15:00:00.000000,47.462398529052734,3.326871395111084,0.06326726824045181,0.12146487087011337,0.5409809350967407
113,113,7671,2006-11-16T15:00:00.000000,130.75759887695312,5.748291015625,0.07784450799226761,0.14025530219078064,0.6677421927452087
114,114,7671,2006-11-16T15:00:00.000000,37.37213897705078,3.4073028564453125,0.016519853845238686,0.07163740694522858,0.3206738233566284
115,115,7671,2006-11-16T15:00:00.000000,16.01784324645996,2.043997049331665,0.09065205603837967,0.1537684053182602,0.7050926089286804
116,116,7671,2006-11-16T15:00:00.000000,92.06427764892578,4.563714504241943,0.04060830920934677,0.09584740549325943,0.44228091835975647
117,117,7671,2006-11-16T15:00:00.000000,48.551170349121094,3.6850647926330566,0.021359603852033615,0.07729330658912659,0.3475596308708191
118,118,7671,2006-11-16T15:00:00.000000,229.77357482910156,6.64797830581665,0.10576999932527542,0.14263324439525604,0.6748126745223999
119,119,7671,2006-11-16T15:00:00.000000,65.06964874267578,3.679335594177246,0.05944002419710159,0.11120381206274033,0.5221271514892578
120,120,7671,2006-11-16T15:00:00.000000,171.04702758789062,5.501073837280273,0.07506751269102097,0.1152433231472969,0.5372006893157959
121,121,7671,2006-11-16T15:00:00.000000,2124.794189453125,20.388805389404297,0.21695423126220703,0.20602381229400635,1.0288543701171875
122,122,7671,2006-11-16T15:00:00.000000,106.06852722167969,4.72251033782959,0.04643930867314339,0.09881491959095001,0.4520696997642517
123,123,7671,2006-11-16T15:00:00.000000,171.74984741210938,6.617650508880615,0.07829241454601288,0.1412913203239441,0.6730449199676514
124,124,7671,2006-11-16T15:00:00.000000,523.4052124023438,11.075727462768555,0.08003610372543335,0.13696075975894928,0.6210630536079407
125,125,7671,2006-11-16T15:00:00.000000,246.57440185546875,9.140554428100586,0.05271120369434357,0.13364417850971222,0.6053227782249451
126,126,7671,2006-11-16T15:00:00.000000,64.66561889648438,3.454935073852539,0.09451892226934433,0.13208775222301483,0.6324334740638733
127,127,7671,2006-11-16T15:00:00.000000,49.2618293762207,3.793861150741577,0.02449900284409523,0.08460584282875061,0.3868500888347626
128,128,7671,2006-11-16T15:00:00.000000,200.11549377441406,6.3721923828125,0.0922941341996193,0.1368470937013626,0.6689303517341614
129,129,7671,2006-11-16T15:00:00.000000,6.457599639892578,1.4819880723953247,0.034393079578876495,0.1081545278429985,0.47276997566223145
130,130,7671,2006-11-16T15:00:00.000000,51.515689849853516,4.053218364715576,0.03109254129230976,0.09957683831453323,0.44353368878364563
131,131,7671,2006-11-16T15:00:00.000000,273.97772216796875,7.574484825134277,0.14749014377593994,0.17574258148670197,0.8656850457191467
132,132,7671,2006-11-16T15:00:00.000000,557.5938720703125,12.64931869506836,0.30214107036590576,0.294450968503952,1.4640988111495972
133,133,7671,2006-11-16T15:00:00.000000,72.38018035888672,4.643826007843018,0.03101855330169201,0.09613396227359772,0.4363740384578705
134,134,7671,2006-11-16T15:00:00.000000,270.80218505859375,7.181085109710693,0.12243255972862244,0.15269064903259277,0.720407247543335
135,135,7671,2006-11-16T15:00:00.000000,156.6259002685547,5.955283164978027,0.11003755778074265,0.15784873068332672,0.7323799729347229
136,136,7671,2006-11-16T15:00:00.000000,596.7218017578125,11.526413917541504,0.1317506730556488,0.17127135396003723,0.8290843367576599
0,0,8183,2006-12-07T23:00:00.000000,1876.8870849609375,21.968780517578125,0.23517347872257233,0.24591279029846191,1.0898804664611816
1,1,8183,2006-12-07T23:00:00.000000,1081.73193359375,15.347868919372559,0.42041099071502686,0.30256959795951843,1.3432592153549194
2,2,8183,2006-12-07T23:00:00.000000,603.982177734375,10.01081657409668,0.3130313754081726,0.22790369391441345,1.0277668237686157
3,3,8183,2006-12-07T23:00:00.000000,745.8820190429688,11.845209121704102,0.3148973286151886,0.24338404834270477,1.1046068668365479
4,4,8183,2006-12-07T23:00:00.000000,1424.36181640625,19.64784812927246,0.23316338658332825,0.2513824701309204,1.1333694458007812
5,5,8183,2006-12-07T23:00:00.000000,4504.7548828125,28.68389320373535,0.22020205855369568,0.20054560899734497,0.9249844551086426
6,6,8183,2006-12-07T23:00:00.000000,214.86239624023438,6.806971549987793,0.11789251863956451,0.15944716334342957,0.6754732728004456
7,7,8183,2006-12-07T23:00:00.000000,263.7804260253906,6.970166206359863,0.1425754874944687,0.16204825043678284,0.714823305606842
8,8,8183,2006-12-07T23:00:00.000000,469.2683410644531,8.195783615112305,0.19910845160484314,0.168820321559906,0.7502373456954956
9,9,8183,2006-12-07T23:00:00.000000,421.8424072265625,8.534318923950195,0.22810840606689453,0.19845609366893768,0.8623469471931458
10,10,8183,2006-12-07T23:00:00.000000,369.7468566894531,8.272588729858398,0.21691954135894775,0.20037268102169037,0.8816663026809692
11,11,8183,2006-12-07T23:00:00.000000,123.12919616699219,5.157703876495361,0.15991133451461792,0.1858726441860199,0.7972236275672913
12,12,8183,2006-12-07T23:00:00.000000,403.069580078125,7.589378356933594,0.16620813310146332,0.15411406755447388,0.6908676028251648
13,13,8183,2006-12-07T23:00:00.000000,375.3215637207031,8.456506729125977,0.19842852652072906,0.1944425255060196,0.8371954560279846
14,14,8183,2006-12-07T23:00:00.000000,330.6042785644531,7.916028022766113,0.1034557968378067,0.1400330364704132,0.6311742067337036
15,15,8183,2006-12-07T23:00:00.000000,177.4087371826172,6.6185479164123535,0.25719359517097473,0.2520027458667755,1.1747933626174927
16,16,8183,2006-12-07T23:00:00.000000,387.1492919921875,8.23989486694336,0.16587087512016296,0.1705562025308609,0.754714846611023
17,17,8183,2006-12-07T23:00:00.000000,405.74005126953125,8.285314559936523,0.18634666502475739,0.17756031453609467,0.7793824672698975
18,18,8183,2006-12-07T23:00:00.000000,417.4560546875,8.732963562011719,0.2292407602071762,0.20464548468589783,0.9132201075553894
19,19,8183,2006-12-07T23:00:00.000000,259.1192321777344,7.178908824920654,0.14073200523853302,0.16730350255966187,0.7337771654129028
20,20,8183,2006-12-07T23:00:00.000000,658.3417358398438,10.376333236694336,0.2829064726829529,0.21509963274002075,0.9576866030693054
21,21,8183,2006-12-07T23:00:00.000000,371.0469055175781,7.555666923522949,0.15684014558792114,0.15534132719039917,0.70365309715271
22,22,8183,2006-12-07T23:00:00.000000,725.1212768554688,13.004756927490234,0.2814444899559021,0.2562083303928375,1.165317416191101
23,23,8183,2006-12-07T23:00:00.000000,5090.5068359375,32.0113525390625,0.3549719452857971,0.26731327176094055,1.2170329093933105
24,24,8183,2006-12-07T23:00:00.000000,512.4463500976562,9.133013725280762,0.22923867404460907,0.19316738843917847,0.8408511281013489
25,25,8183,2006-12-07T23:00:00.000000,427.0657958984375,8.3999605178833,0.2899446487426758,0.21887058019638062,0.9797519445419312
26,26,8183,2006-12-07T23:00:00.000000,259.934814453125,7.4969024658203125,0.14299426972866058,0.1758364737033844,0.7699414491653442
27,27,8183,2006-12-07T23:00:00.000000,1166.6046142578125,16.696256637573242,0.4617069959640503,0.332154780626297,1.493175745010376
28,28,8183,2006-12-07T23:00:00.000000,5258.46923828125,34.34614562988281,0.40677520632743835,0.30208250880241394,1.3959704637527466
29,29,8183,2006-12-07T23:00:00.000000,290.0235290527344,7.253239154815674,0.15556147694587708,0.16798342764377594,0.7439903020858765
30,30,8183,2006-12-07T23:00:00.000000,257.3389892578125,7.336671352386475,0.169566348195076,0.1883285492658615,0.8557324409484863
31,31,8183,2006-12-07T23:00:00.000000,3396.128662109375,28.754295349121094,0.31351765990257263,0.27627506852149963,1.2834804058074951
32,32,8183,2006-12-07T23:00:00.000000,482.35687255859375,8.691929817199707,0.20279185473918915,0.17822031676769257,0.7857730388641357
33,33,8183,2006-12-07T23:00:00.000000,380.6076354980469,7.809262275695801,0.19474367797374725,0.1766456514596939,0.7932109236717224
34,34,8183,2006-12-07T23:00:00.000000,238.3865203857422,6.846642017364502,0.1462535858154297,0.16958603262901306,0.7485028505325317
35,35,8183,2006-12-07T23:00:00.000000,280.2904357910156,8.134032249450684,0.1585664600133896,0.19346722960472107,0.8544079065322876
36,36,8183,2006-12-07T23:00:00.000000,411.56585693359375,8.128292083740234,0.17902421951293945,0.16952571272850037,0.7664607167243958
37,37,8183,2006-12-07T23:00:00.000000,178.4259033203125,5.699043273925781,0.14394861459732056,0.16187387704849243,0.7163323760032654
38,38,8183,2006-12-07T23:00:00.000000,196.51693725585938,5.963794708251953,0.08481151610612869,0.12389394640922546,0.5527119636535645
39,39,8183,2006-12-07T23:00:00.000000,359.65142822265625,7.824461460113525,0.18739932775497437,0.17860661447048187,0.7777149081230164
40,40,8183,2006-12-07T23:00:00.000000,2929.45654296875,23.602201461791992,0.17671772837638855,0.1833154410123825,0.8371758460998535
41,41,8183,2006-12-07T23:00:00.000000,597.2139892578125,9.493880271911621,0.3074105381965637,0.21539627015590668,0.9437407851219177
42,42,8183,2006-12-07T23:00:00.000000,422.635009765625,8.916001319885254,0.16625383496284485,0.1768370419740677,0.800447940826416
43,43,8183,2006-12-07T23:00:00.000000,369.4898376464844,7.968906879425049,0.2075875848531723,0.18888533115386963,0.8134344220161438
44,44,8183,2006-12-07T23:00:00.000000,829.4146118164062,14.002848625183105,0.2072335183620453,0.22134031355381012,0.9832529425621033
45,45,8183,2006-12-07T23:00:00.000000,410.1835632324219,9.879067420959473,0.26921308040618896,0.253089964389801,1.1372401714324951
46,46,8183,2006-12-07T23:00:00.000000,135.4779815673828,4.999938488006592,0.10935874283313751,0.14205516874790192,0.6452775001525879
47,47,8183,2006-12-07T23:00:00.000000,225.10626220703125,6.431241035461426,0.11329443007707596,0.14427970349788666,0.6475268602371216
48,48,8183,2006-12-07T23:00:00.000000,1133.9815673828125,15.233623504638672,0.44958260655403137,0.30332276225090027,1.3236562013626099
49,49,8183,2006-12-07T23:00:00.000000,231.89625549316406,6.667935371398926,0.09970653802156448,0.13826312124729156,0.6202215552330017
50,50,8183,2006-12-07T23:00:00.000000,486.8069152832031,8.760756492614746,0.20203913748264313,0.1784764677286148,0.7918100953102112
51,51,8183,2006-12-07T23:00:00.000000,299.0433349609375,8.013606071472168,0.16277338564395905,0.18696168065071106,0.8144434094429016
52,52,8183,2006-12-07T23:00:00.000000,899.1896362304688,13.836725234985352,0.36132219433784485,0.27736714482307434,1.2496631145477295
53,53,8183,2006-12-07T23:00:00.000000,456.6051025390625,8.376749992370605,0.19119539856910706,0.17141304910182953,0.7861164808273315
54,54,8183,2006-12-07T23:00:00.000000,297.9234924316406,7.886894702911377,0.16505689918994904,0.18563954532146454,0.7912852168083191
55,55,8183,2006-12-07T23:00:00.000000,633.5819702148438,10.550048828125,0.2761567533016205,0.22025761008262634,0.9843947291374207
56,56,8183,2006-12-07T23:00:00.000000,360.2530822753906,7.333585739135742,0.15089739859104156,0.1500905603170395,0.6914846301078796
57,57,8183,2006-12-07T23:00:00.000000,306.1191101074219,7.806779384613037,0.1891808956861496,0.19407311081886292,0.8645553588867188
58,58,8183,2006-12-07T23:00:00.000000,353.4403381347656,8.0942964553833,0.17856062948703766,0.18193401396274567,0.8108482360839844
59,59,8183,2006-12-07T23:00:00.000000,502.0229797363281,9.75295352935791,0.2273503541946411,0.20754970610141754,0.9317636489868164
60,60,8183,2006-12-07T23:00:00.000000,198.0754852294922,5.5264716148376465,0.1604560911655426,0.15729345381259918,0.7175013422966003
61,61,8183,2006-12-07T23:00:00.000000,542.0432739257812,9.481687545776367,0.22301633656024933,0.19232557713985443,0.8649103045463562
62,62,8183,2006-12-07T23:00:00.000000,362.3007507324219,7.68646764755249,0.1960545927286148,0.17880544066429138,0.7873362898826599
63,63,8183,2006-12-07T23:00:00.000000,351.05242919921875,7.699359893798828,0.17618437111377716,0.17248539626598358,0.7891389727592468
64,64,8183,2006-12-07T23:00:00.000000,821.2112426757812,13.228790283203125,0.3871196508407593,0.28722041845321655,1.3216440677642822
65,65,8183,2006-12-07T23:00:00.000000,263.68646240234375,7.0140485763549805,0.11440131813287735,0.14609667658805847,0.6622616052627563
66,66,8183,2006-12-07T23:00:00.000000,772.3682250976562,11.273626327514648,0.3259020447731018,0.23157678544521332,1.027177333831787
67,67,8183,2006-12-07T23:00:00.000000,1260.6583251953125,16.333511352539062,0.4873412847518921,0.3211422562599182,1.4757695198059082
68,68,8183,2006-12-07T23:00:00.000000,1558.6319580078125,18.190671920776367,0.2263890653848648,0.21923233568668365,0.9603682160377502
69,69,8183,2006-12-07T23:00:00.000000,2633.861328125,23.181100845336914,0.2609717547893524,0.23074613511562347,1.033339023590088
70,70,8183,2006-12-07T23:00:00.000000,704.4423217773438,12.51064395904541,0.1445533037185669,0.17921358346939087,0.7577552199363708
71,71,8183,2006-12-07T23:00:00.000000,204.98028564453125,6.066988945007324,0.178184375166893,0.17887596786022186,0.8192471265792847
72,72,8183,2006-12-07T23:00:00.000000,1030.4400634765625,15.091869354248047,0.45897483825683594,0.3185122311115265,1.4594273567199707
73,73,8183,2006-12-07T23:00:00.000000,5127.6513671875,35.45856475830078,0.2985576391220093,0.27056777477264404,1.2200663089752197
74,74,8183,2006-12-07T23:00:00.000000,696.5570678710938,10.907686233520508,0.2958120107650757,0.224782332777977,1.02300226688385
75,75,8183,2006-12-07T23:00:00.000000,392.8100280761719,8.19723129272461,0.1726650446653366,0.17186129093170166,0.7768058180809021
76,76,8183,2006-12-07T23:00:00.000000,309.9913024902344,7.731404781341553,0.09916246682405472,0.13827934861183167,0.6246321201324463
77,77,8183,2006-12-07T23:00:00.000000,283.6004943847656,7.228281021118164,0.16193778812885284,0.17272518575191498,0.7539920806884766
78,78,8183,2006-12-07T23:00:00.000000,455.9737854003906,9.776825904846191,0.18725164234638214,0.1981256604194641,0.900256872177124
79,79,8183,2006-12-07T23:00:00.000000,881.4514770507812,14.089482307434082,0.3897460401058197,0.29626932740211487,1.330469012260437
80,80,8183,2006-12-07T23:00:00.000000,859.9805908203125,12.891989707946777,0.16927458345890045,0.18087206780910492,0.8245497345924377
81,81,8183,2006-12-07T23:00:00.000000,387.96112060546875,8.618888854980469,0.21402595937252045,0.20243722200393677,0.894374430179596
82,82,8183,2006-12-07T23:00:00.000000,257.1900634765625,7.584286689758301,0.14308235049247742,0.17888778448104858,0.7628419995307922
83,83,8183,2006-12-07T23:00:00.000000,234.23748779296875,6.371499538421631,0.1975991129875183,0.1850571632385254,0.8244447112083435
84,84,8183,2006-12-07T23:00:00.000000,465.0621337890625,8.578705787658691,0.250691682100296,0.1991756409406662,0.8855642080307007
85,85,8183,2006-12-07T23:00:00.000000,204.52601623535156,6.416598320007324,0.1067822128534317,0.14661553502082825,0.6688805818557739
86,86,8183,2006-12-07T23:00:00.000000,297.7158508300781,7.612651348114014,0.12297729402780533,0.15472035109996796,0.6950489282608032
87,87,8183,2006-12-07T23:00:00.000000,282.419921875,7.1493306159973145,0.14346517622470856,0.16113540530204773,0.7244678139686584
88,88,8183,2006-12-07T23:00:00.000000,382.338134765625,7.9277753829956055,0.25913161039352417,0.20638954639434814,0.9237775802612305
89,89,8183,2006-12-07T23:00:00.000000,305.1853332519531,7.1040191650390625,0.15529799461364746,0.160252645611763,0.7360691428184509
90,90,8183,2006-12-07T23:00:00.000000,205.59808349609375,5.823483943939209,0.1730315089225769,0.16894136369228363,0.7649872303009033
91,91,8183,2006-12-07T23:00:00.000000,255.0167999267578,7.098095417022705,0.12600715458393097,0.15778112411499023,0.7022150158882141
92,92,8183,2006-12-07T23:00:00.000000,472.8889465332031,8.63019847869873,0.2017039805650711,0.17823722958564758,0.80533367395401
93,93,8183,2006-12-07T23:00:00.000000,205.3671875,6.658695697784424,0.10270476341247559,0.14890830218791962,0.6642321348190308
94,94,8183,2006-12-07T23:00:00.000000,232.82691955566406,6.601456642150879,0.12695366144180298,0.1541508138179779,0.6866704821586609
95,95,8183,2006-12-07T23:00:00.000000,937.4393920898438,14.68366527557373,0.41835272312164307,0.31019455194473267,1.445038914680481
96,96,8183,2006-12-07T23:00:00.000000,251.3365478515625,7.373341083526611,0.16942568123340607,0.19143711030483246,0.889931857585907
97,97,8183,2006-12-07T23:00:00.000000,399.9632568359375,8.78981876373291,0.19994084537029266,0.19652625918388367,0.8783009052276611
98,98,8183,2006-12-07T23:00:00.000000,553.0744018554688,9.650871276855469,0.3760640323162079,0.25165507197380066,1.112447738647461
99,99,8183,2006-12-07T23:00:00.000000,1054.3564453125,14.2771635055542,0.41551873087882996,0.28342851996421814,1.2840690612792969
100,100,8183,2006-12-07T23:00:00.000000,128.1990509033203,4.480680465698242,0.1062651053071022,0.1290021389722824,0.5817264318466187
101,101,8183,2006-12-07T23:00:00.000000,177.1801300048828,5.55250883102417,0.14461594820022583,0.15863165259361267,0.7078548669815063
102,102,8183,2006-12-07T23:00:00.000000,268.2550354003906,7.148553848266602,0.15465222299098969,0.1716415137052536,0.765780508518219
103,103,8183,2006-12-07T23:00:00.000000,351.6143798828125,8.097097396850586,0.19631831347942352,0.1913270801305771,0.8317350149154663
104,104,8183,2006-12-07T23:00:00.000000,1061.9501953125,14.941596984863281,0.14924205839633942,0.1771293729543686,0.8172177076339722
105,105,8183,2006-12-07T23:00:00.000000,1255.82958984375,17.648534774780273,0.17916132509708405,0.2107974737882614,0.8958013653755188
106,106,8183,2006-12-07T23:00:00.000000,228.55264282226562,5.846292495727539,0.12829701602458954,0.1385146528482437,0.6102526783943176
107,107,8183,2006-12-07T23:00:00.000000,488.91741943359375,8.766378402709961,0.2125830054283142,0.18279601633548737,0.8298181891441345
108,108,8183,2006-12-07T23:00:00.000000,318.43084716796875,7.248860836029053,0.1637769490480423,0.16439498960971832,0.7631816864013672
109,109,8183,2006-12-07T23:00:00.000000,572.8011474609375,9.881499290466309,0.24779656529426575,0.20552681386470795,0.9089967012405396
110,110,8183,2006-12-07T23:00:00.000000,642.2632446289062,9.959442138671875,0.32335415482521057,0.22346924245357513,1.01394522190094
111,111,8183,2006-12-07T23:00:00.000000,343.6893615722656,7.865493297576904,0.14184902608394623,0.15979236364364624,0.7278041243553162
112,112,8183,2006-12-07T23:00:00.000000,122.74214172363281,5.368606090545654,0.15900097787380219,0.19322554767131805,0.815784215927124
113,113,8183,2006-12-07T23:00:00.000000,306.2467041015625,7.917464733123779,0.1846001297235489,0.19438664615154266,0.8688741326332092
114,114,8183,2006-12-07T23:00:00.000000,792.0098876953125,13.711158752441406,0.34122586250305176,0.28459668159484863,1.316041111946106
115,115,8183,2006-12-07T23:00:00.000000,26.159337997436523,2.2176589965820312,0.12574756145477295,0.15375569462776184,0.6840094923973083
116,116,8183,2006-12-07T23:00:00.000000,511.4823913574219,9.044095993041992,0.21530619263648987,0.1855573058128357,0.8491078615188599
117,117,8183,2006-12-07T23:00:00.000000,1203.2802734375,16.398319244384766,0.4750266373157501,0.32581788301467896,1.4824237823486328
118,118,8183,2006-12-07T23:00:00.000000,441.0472106933594,7.841320991516113,0.19233550131320953,0.16374816000461578,0.7252072095870972
119,119,8183,2006-12-07T23:00:00.000000,200.91590881347656,6.418231964111328,0.1680588573217392,0.1856260597705841,0.8400871157646179
120,120,8183,2006-12-07T23:00:00.000000,529.2059936523438,8.878708839416504,0.22987060248851776,0.1850457489490509,0.8332694172859192
121,121,8183,2006-12-07T23:00:00.000000,2043.4710693359375,18.653902053833008,0.21120139956474304,0.18964169919490814,0.8685469031333923
122,122,8183,2006-12-07T23:00:00.000000,355.0545959472656,8.171059608459473,0.13912777602672577,0.16174755990505219,0.738578736782074
123,123,8183,2006-12-07T23:00:00.000000,448.9817199707031,8.421797752380371,0.19508761167526245,0.17555180191993713,0.7765653729438782
124,124,8183,2006-12-07T23:00:00.000000,1583.2947998046875,17.28227996826172,0.21624816954135895,0.20197442173957825,0.9054063558578491
125,125,8183,2006-12-07T23:00:00.000000,2283.422119140625,21.816204071044922,0.4261941611766815,0.2980504333972931,1.3948837518692017
126,126,8183,2006-12-07T23:00:00.000000,103.67668914794922,4.11841344833374,0.13939306139945984,0.15101146697998047,0.6806512475013733
127,127,8183,2006-12-07T23:00:00.000000,927.2103881835938,14.088814735412598,0.42446601390838623,0.3014441132545471,1.417561650276184
128,128,8183,2006-12-07T23:00:00.000000,419.29888916015625,8.473335266113281,0.18069273233413696,0.17589877545833588,0.8016414642333984
129,129,8183,2006-12-07T23:00:00.000000,113.61862182617188,4.979450225830078,0.5140942335128784,0.33494845032691956,1.5106534957885742
130,130,8183,2006-12-07T23:00:00.000000,856.8323974609375,13.482244491577148,0.43897053599357605,0.30516308546066284,1.3881865739822388
131,131,8183,2006-12-07T23:00:00.000000,340.56719970703125,7.945523262023926,0.19054195284843445,0.18793877959251404,0.8147510290145874
132,132,8183,2006-12-07T23:00:00.000000,402.65924072265625,8.403250694274902,0.21172727644443512,0.19269344210624695,0.8537508845329285
133,133,8183,2006-12-07T23:00:00.000000,1090.983154296875,15.465432167053223,0.42813366651535034,0.30636751651763916,1.4051612615585327
134,134,8183,2006-12-07T23:00:00.000000,317.12701416015625,7.3516340255737305,0.13559548556804657,0.15201619267463684,0.679331362247467
135,135,8183,2006-12-07T23:00:00.000000,658.7249145507812,12.845232963562012,0.41742920875549316,0.3233562707901001,1.4937007427215576
136,136,8183,2006-12-07T23:00:00.000000,746.8494873046875,11.944785118103027,0.15235385298728943,0.17060373723506927,0.7755353450775146
