user_id,user_name,query_index,query_datetime,mse,mae,nmse,nmae,mase
0,0,167,2006-01-07T23:00:00.000000,12.886344909667969,2.0812487602233887,0.00190161622595042,0.02528253011405468,0.10992741584777832
1,1,167,2006-01-07T23:00:00.000000,248.31236267089844,8.43125057220459,0.11822028458118439,0.1839665174484253,0.8389052748680115
2,2,167,2006-01-07T23:00:00.000000,76.13738250732422,4.077083110809326,0.053830526769161224,0.10840889066457748,0.496407687664032
3,3,167,2006-01-07T23:00:00.000000,10.933337211608887,1.3791664838790894,0.005783489905297756,0.031720153987407684,0.15094095468521118
4,4,167,2006-01-07T23:00:00.000000,9.35843276977539,1.8020830154418945,0.0018007643520832062,0.02499779686331749,0.11324472725391388
5,5,167,2006-01-07T23:00:00.000000,160.25486755371094,7.447915554046631,0.009340813383460045,0.05686191841959953,0.24708513915538788
6,6,167,2006-01-07T23:00:00.000000,8.631772994995117,1.4937503337860107,0.005316862370818853,0.03707282990217209,0.15705867111682892
7,7,167,2006-01-07T23:00:00.000000,9.347599983215332,1.4979162216186523,0.007769037038087845,0.0431838184595108,0.176126167178154
8,8,167,2006-01-07T23:00:00.000000,41.65281677246094,3.418750286102295,0.025738468393683434,0.08498387783765793,0.3772258162498474
9,9,167,2006-01-07T23:00:00.000000,63.325294494628906,3.5187487602233887,0.04675176739692688,0.09560897946357727,0.4168482720851898
10,10,167,2006-01-07T23:00:00.000000,39.09104919433594,2.90000057220459,0.02793211303651333,0.07751955837011337,0.3425278067588806
11,11,167,2006-01-07T23:00:00.000000,2.0591671466827393,0.7291668653488159,0.0030848667956888676,0.02822275087237358,0.12838256359100342
12,12,167,2006-01-07T23:00:00.000000,12.289480209350586,1.7395832538604736,0.007246931083500385,0.042243074625730515,0.18757127225399017
13,13,167,2006-01-07T23:00:00.000000,25.612194061279297,2.606250047683716,0.017327243462204933,0.06778872013092041,0.31353098154067993
14,14,167,2006-01-07T23:00:00.000000,48.86388397216797,3.3604178428649902,0.023172063753008842,0.07317818701267242,0.3053429126739502
15,15,167,2006-01-07T23:00:00.000000,2.002082347869873,0.7624996900558472,0.0032950572203844786,0.030933581292629242,0.12698188424110413
16,16,167,2006-01-07T23:00:00.000000,103.92448425292969,4.652083396911621,0.06190960854291916,0.11354489624500275,0.49114805459976196
17,17,167,2006-01-07T23:00:00.000000,43.07292938232422,2.991666793823242,0.025760283693671227,0.07316213846206665,0.332518070936203
18,18,167,2006-01-07T23:00:00.000000,11.838737487792969,1.5041658878326416,0.00868593342602253,0.04074283689260483,0.17240610718727112
19,19,167,2006-01-07T23:00:00.000000,15.152185440063477,1.9437494277954102,0.010701831430196762,0.0516573041677475,0.22867640852928162
20,20,167,2006-01-07T23:00:00.000000,25.423126220703125,2.6500000953674316,0.013591761700809002,0.06127301976084709,0.2809128165245056
21,21,167,2006-01-07T23:00:00.000000,34.51676940917969,2.8604164123535156,0.021399103105068207,0.07122164964675903,0.3074924945831299
22,22,167,2006-01-07T23:00:00.000000,15.039377212524414,1.966666579246521,0.006969686597585678,0.04233723133802414,0.19627878069877625
23,23,167,2006-01-07T23:00:00.000000,697.9039306640625,11.8125,0.05777501314878464,0.10747663676738739,0.5210341811180115
24,24,167,2006-01-07T23:00:00.000000,9.705106735229492,1.4895832538604736,0.005585119128227234,0.035733938217163086,0.15850669145584106
25,25,167,2006-01-07T23:00:00.000000,68.76280212402344,4.777083396911621,0.06481960415840149,0.14666929841041565,0.657631516456604
26,26,167,2006-01-07T23:00:00.000000,55.585105895996094,3.777083396911621,0.04096381366252899,0.10253627598285675,0.45444732904434204
27,27,167,2006-01-07T23:00:00.000000,277.61578369140625,8.052083969116211,0.1254778504371643,0.17118661105632782,0.7693659663200378
28,28,167,2006-01-07T23:00:00.000000,1515.5189208984375,18.03333282470703,0.12555259466171265,0.16413763165473938,0.7221981883049011
29,29,167,2006-01-07T23:00:00.000000,4.170937538146973,0.9062495231628418,0.0029223295859992504,0.023988083004951477,0.10830375552177429
30,30,167,2006-01-07T23:00:00.000000,19.932395935058594,2.177083730697632,0.015403497032821178,0.06052084267139435,0.2696928381919861
31,31,167,2006-01-07T23:00:00.000000,421.0638122558594,9.545833587646484,0.044009625911712646,0.09759189933538437,0.4444750249385834
32,32,167,2006-01-07T23:00:00.000000,8.406770706176758,1.256248950958252,0.004892691504210234,0.03030644729733467,0.12735602259635925
33,33,167,2006-01-07T23:00:00.000000,7.219059944152832,1.21875,0.005622800439596176,0.034013450145721436,0.14532756805419922
34,34,167,2006-01-07T23:00:00.000000,2.3248977661132812,0.7562503218650818,0.0018937126733362675,0.021583441644906998,0.09448178857564926
35,35,167,2006-01-07T23:00:00.000000,3.0195846557617188,0.9625000953674316,0.0019001925829797983,0.024144932627677917,0.10956885665655136
36,36,167,2006-01-07T23:00:00.000000,21.591552734375,2.514583110809326,0.013265583664178848,0.06232857331633568,0.264659583568573
37,37,167,2006-01-07T23:00:00.000000,22.53717803955078,2.585416078567505,0.02804841659963131,0.09120839834213257,0.3417479991912842
38,38,167,2006-01-07T23:00:00.000000,51.01227951049805,3.9041666984558105,0.03328203409910202,0.09972312301397324,0.38271641731262207
39,39,167,2006-01-07T23:00:00.000000,16.956876754760742,2.3375000953674316,0.01199294626712799,0.062164388597011566,0.2632603943347931
40,40,167,2006-01-07T23:00:00.000000,174.1027069091797,6.5083327293396,0.012159216217696667,0.05439009517431259,0.22700326144695282
41,41,167,2006-01-07T23:00:00.000000,28.39478874206543,2.866666555404663,0.020903609693050385,0.0777800977230072,0.32823678851127625
42,42,167,2006-01-07T23:00:00.000000,13.800199508666992,1.8624991178512573,0.0065216319635510445,0.040488485246896744,0.18578267097473145
43,43,167,2006-01-07T23:00:00.000000,24.30384063720703,2.1187496185302734,0.01743267849087715,0.05674455687403679,0.26758766174316406
44,44,167,2006-01-07T23:00:00.000000,10.186456680297852,1.7791671752929688,0.0028460684698075056,0.029739102348685265,0.1368023157119751
45,45,167,2006-01-07T23:00:00.000000,17.334476470947266,1.9687495231628418,0.013869705609977245,0.05568891391158104,0.2422139048576355
46,46,167,2006-01-07T23:00:00.000000,24.791976928710938,2.514583110809326,0.02772511914372444,0.08409054577350616,0.33627110719680786
47,47,167,2006-01-07T23:00:00.000000,14.104698181152344,1.9687504768371582,0.008066092617809772,0.047080423682928085,0.20538562536239624
48,48,167,2006-01-07T23:00:00.000000,206.75894165039062,7.429166316986084,0.09549768269062042,0.15966302156448364,0.707136332988739
49,49,167,2006-01-07T23:00:00.000000,23.3700008392334,2.7666664123535156,0.015395775437355042,0.07101142406463623,0.2859293818473816
50,50,167,2006-01-07T23:00:00.000000,15.648355484008789,1.941667914390564,0.009514424949884415,0.04787755012512207,0.20617954432964325
51,51,167,2006-01-07T23:00:00.000000,63.22136688232422,3.735417127609253,0.04168378934264183,0.09591593593358994,0.3949693441390991
52,52,167,2006-01-07T23:00:00.000000,250.70970153808594,7.918750286102295,0.11403438448905945,0.16888418793678284,0.7341945171356201
53,53,167,2006-01-07T23:00:00.000000,6.366975784301758,1.268749713897705,0.004131264518946409,0.03231847286224365,0.1352490931749344
54,54,167,2006-01-07T23:00:00.000000,3.1739585399627686,1.0499999523162842,0.001998848980292678,0.026349883526563644,0.11228149384260178
55,55,167,2006-01-07T23:00:00.000000,556.1802978515625,9.247916221618652,0.31338897347450256,0.21952196955680847,0.9800748825073242
56,56,167,2006-01-07T23:00:00.000000,23.47354507446289,2.124999523162842,0.013801447115838528,0.05152663588523865,0.2230374664068222
57,57,167,2006-01-07T23:00:00.000000,11.750415802001953,1.8500001430511475,0.008984047919511795,0.051154181361198425,0.21481715142726898
58,58,167,2006-01-07T23:00:00.000000,9.585512161254883,1.6562490463256836,0.005462795030325651,0.03953897953033447,0.17130780220031738
59,59,167,2006-01-07T23:00:00.000000,2.9955174922943115,0.8062495589256287,0.001725673908367753,0.019351426512002945,0.0812084823846817
60,60,167,2006-01-07T23:00:00.000000,17.117610931396484,2.0312507152557373,0.021029872819781303,0.07119676470756531,0.29670149087905884
61,61,167,2006-01-07T23:00:00.000000,2.427497148513794,0.8624996542930603,0.0011494323844090104,0.01876814290881157,0.08561426401138306
62,62,167,2006-01-07T23:00:00.000000,14.408428192138672,2.1729159355163574,0.01008557714521885,0.05748903006315231,0.24316620826721191
63,63,167,2006-01-07T23:00:00.000000,10.838229179382324,1.7020833492279053,0.008894296362996101,0.04875929281115532,0.2174479216337204
64,64,167,2006-01-07T23:00:00.000000,316.9652404785156,8.637500762939453,0.16448158025741577,0.1967618465423584,0.8160572052001953
65,65,167,2006-01-07T23:00:00.000000,41.190635681152344,3.516667127609253,0.02723250538110733,0.09042235463857651,0.36341792345046997
66,66,167,2006-01-07T23:00:00.000000,3.781456470489502,0.9625000953674316,0.0020766309462487698,0.02255541831254959,0.10033553093671799
67,67,167,2006-01-07T23:00:00.000000,326.70257568359375,8.614583969116211,0.15391987562179565,0.18698439002037048,0.8170814514160156
68,68,167,2006-01-07T23:00:00.000000,205.4778289794922,5.672917366027832,0.04872903972864151,0.08736105263233185,0.32494497299194336
69,69,167,2006-01-07T23:00:00.000000,224.05252075195312,8.108333587646484,0.025549737736582756,0.08658643811941147,0.3910846412181854
70,70,167,2006-01-07T23:00:00.000000,27.64676284790039,2.6145834922790527,0.006118874531239271,0.03889700397849083,0.1798703968524933
71,71,167,2006-01-07T23:00:00.000000,4.544795036315918,1.0666671991348267,0.004523757845163345,0.03365281969308853,0.15115265548229218
72,72,167,2006-01-07T23:00:00.000000,377.690185546875,9.354166984558105,0.19546455144882202,0.2127998322248459,0.9531090259552002
73,73,167,2006-01-07T23:00:00.000000,213.35888671875,7.239584922790527,0.014555222354829311,0.05979538708925247,0.27001312375068665
74,74,167,2006-01-07T23:00:00.000000,21.794387817382812,2.325000762939453,0.011862675659358501,0.054242800921201706,0.2314605712890625
75,75,167,2006-01-07T23:00:00.000000,13.938739776611328,1.5249991416931152,0.008083648979663849,0.03672498092055321,0.16393616795539856
76,76,167,2006-01-07T23:00:00.000000,35.113956451416016,3.2124993801116943,0.01567547768354416,0.06787559390068054,0.25992608070373535
77,77,167,2006-01-07T23:00:00.000000,16.036046981811523,2.329166889190674,0.011529138311743736,0.06245257705450058,0.28477251529693604
78,78,167,2006-01-07T23:00:00.000000,2.5143744945526123,0.716666579246521,0.0012053088285028934,0.01569102518260479,0.07527725398540497
79,79,167,2006-01-07T23:00:00.000000,37.67707824707031,3.0791664123535156,0.019493337720632553,0.07003863900899887,0.29978474974632263
80,80,167,2006-01-07T23:00:00.000000,85.85592651367188,4.518750190734863,0.01903204433619976,0.0672784373164177,0.2947087585926056
81,81,167,2006-01-07T23:00:00.000000,44.03583526611328,3.7291667461395264,0.03535212576389313,0.10566142201423645,0.4727631211280823
82,82,167,2006-01-07T23:00:00.000000,9.744377136230469,1.483333945274353,0.006004645489156246,0.036821845918893814,0.1709098517894745
83,83,167,2006-01-07T23:00:00.000000,16.44259262084961,2.1020827293395996,0.021200105547904968,0.07548031210899353,0.3227432370185852
84,84,167,2006-01-07T23:00:00.000000,30.07030487060547,3.0562493801116943,0.02283431403338909,0.08421973884105682,0.3616735339164734
85,85,167,2006-01-07T23:00:00.000000,15.567286491394043,2.1666665077209473,0.011664299294352531,0.05930822715163231,0.26697656512260437
86,86,167,2006-01-07T23:00:00.000000,78.6320571899414,4.245832920074463,0.05026925727725029,0.10735304653644562,0.44213637709617615
87,87,167,2006-01-07T23:00:00.000000,13.028547286987305,1.8333334922790527,0.009184269234538078,0.04867609962821007,0.20607571303844452
88,88,167,2006-01-07T23:00:00.000000,61.323970794677734,4.291667461395264,0.05415698513388634,0.1275375783443451,0.5545132756233215
89,89,167,2006-01-07T23:00:00.000000,29.801572799682617,2.6312503814697266,0.023855526000261307,0.07444526255130768,0.32172995805740356
90,90,167,2006-01-07T23:00:00.000000,3.623332977294922,0.9624997973442078,0.003479291219264269,0.029825784265995026,0.13252325356006622
91,91,167,2006-01-07T23:00:00.000000,59.7265739440918,3.160417079925537,0.033689506351947784,0.07505988329648972,0.3330533802509308
92,92,167,2006-01-07T23:00:00.000000,21.453750610351562,2.5791666507720947,0.0128001868724823,0.06299933791160583,0.26523852348327637
93,93,167,2006-01-07T23:00:00.000000,16.331254959106445,2.0458340644836426,0.009491059929132462,0.049319423735141754,0.226801797747612
94,94,167,2006-01-07T23:00:00.000000,14.656572341918945,1.9229172468185425,0.012228209525346756,0.05554255470633507,0.21520385146141052
95,95,167,2006-01-07T23:00:00.000000,135.93011474609375,4.935417175292969,0.07005584985017776,0.11204388737678528,0.5169758200645447
96,96,167,2006-01-07T23:00:00.000000,13.864164352416992,2.066667079925537,0.011617070063948631,0.05982351303100586,0.26866990327835083
97,97,167,2006-01-07T23:00:00.000000,7.4709320068359375,1.306249737739563,0.00556216761469841,0.035641901195049286,0.14887306094169617
98,98,167,2006-01-07T23:00:00.000000,20.915000915527344,2.3000001907348633,0.021743914112448692,0.07415968179702759,0.31362783908843994
99,99,167,2006-01-07T23:00:00.000000,238.66539001464844,6.6875,0.10959713160991669,0.1433074176311493,0.6290483474731445
100,100,167,2006-01-07T23:00:00.000000,15.12083625793457,1.879166603088379,0.018831029534339905,0.0663154125213623,0.2844383418560028
101,101,167,2006-01-07T23:00:00.000000,33.591148376464844,2.722917079925537,0.0403304398059845,0.09434925764799118,0.3751564621925354
102,102,167,2006-01-07T23:00:00.000000,14.259688377380371,1.6979167461395264,0.010316584259271622,0.04566982388496399,0.20918631553649902
103,103,167,2006-01-07T23:00:00.000000,26.826047897338867,2.704166889190674,0.020394977182149887,0.07456186413764954,0.32135191559791565
104,104,167,2006-01-07T23:00:00.000000,138.97268676757812,6.675000190734863,0.03060266003012657,0.09905265271663666,0.383752703666687
105,105,167,2006-01-07T23:00:00.000000,54.67869567871094,3.581251859664917,0.008660465478897095,0.045070916414260864,0.20001637935638428
106,106,167,2006-01-07T23:00:00.000000,11.303228378295898,1.8062498569488525,0.00905248150229454,0.05111641436815262,0.2157217562198639
107,107,167,2006-01-07T23:00:00.000000,44.854393005371094,3.1083335876464844,0.02614728920161724,0.07504789531230927,0.3084873557090759
108,108,167,2006-01-07T23:00:00.000000,15.65604019165039,2.0833334922790527,0.012667626142501831,0.05926051363348961,0.24954572319984436
109,109,167,2006-01-07T23:00:00.000000,527.3262939453125,8.366667747497559,0.28591272234916687,0.19481819868087769,0.8410987854003906
110,110,167,2006-01-07T23:00:00.000000,90.88176727294922,4.6854166984558105,0.06333751231431961,0.12369164079427719,0.5359712839126587
111,111,167,2006-01-07T23:00:00.000000,3.582811117172241,1.0062496662139893,0.001639499794691801,0.021525312215089798,0.10369866341352463
112,112,167,2006-01-07T23:00:00.000000,2.074791193008423,0.6666664481163025,0.002957502845674753,0.025170043110847473,0.1118590235710144
113,113,167,2006-01-07T23:00:00.000000,38.33728790283203,2.929166793823242,0.02882549539208412,0.08031965047121048,0.35184550285339355
114,114,167,2006-01-07T23:00:00.000000,199.7709197998047,7.147916316986084,0.0920582264661789,0.1534421443939209,0.6615872979164124
115,115,167,2006-01-07T23:00:00.000000,4.223020553588867,0.84375,0.023997627198696136,0.06360428035259247,0.28408515453338623
116,116,167,2006-01-07T23:00:00.000000,11.563953399658203,1.7583330869674683,0.00544228358194232,0.03814508393406868,0.17357781529426575
117,117,167,2006-01-07T23:00:00.000000,157.23095703125,6.6854166984558105,0.0741143673658371,0.1451478749513626,0.6622757911682129
118,118,167,2006-01-07T23:00:00.000000,24.545516967773438,2.7437500953674316,0.014648432843387127,0.06702765822410583,0.29013246297836304
119,119,167,2006-01-07T23:00:00.000000,2.354792594909668,0.8083335161209106,0.0025065343361347914,0.026372484862804413,0.11404214799404144
120,120,167,2006-01-07T23:00:00.000000,36.0716552734375,2.9666659832000732,0.020834866911172867,0.07129859924316406,0.30711209774017334
121,121,167,2006-01-07T23:00:00.000000,276.654052734375,7.03749942779541,0.03730566427111626,0.08172166347503662,0.32454153895378113
122,122,167,2006-01-07T23:00:00.000000,11.043327331542969,1.4874999523162842,0.005062219686806202,0.03184765577316284,0.15746226906776428
123,123,167,2006-01-07T23:00:00.000000,50.440208435058594,3.354166030883789,0.029553528875112534,0.08118967711925507,0.3521379828453064
124,124,167,2006-01-07T23:00:00.000000,32.05989074707031,2.785417079925537,0.004949674010276794,0.03460967540740967,0.15869425237178802
125,125,167,2006-01-07T23:00:00.000000,242.65451049804688,7.783330917358398,0.05273529514670372,0.11474191397428513,0.49925729632377625
126,126,167,2006-01-07T23:00:00.000000,5.441045761108398,1.2250003814697266,0.010579219087958336,0.05401592701673508,0.21135970950126648
127,127,167,2006-01-07T23:00:00.000000,158.85218811035156,5.981249809265137,0.07957723736763,0.13387201726436615,0.6020545959472656
128,128,167,2006-01-07T23:00:00.000000,30.57831573486328,2.866665840148926,0.01751607283949852,0.06861019879579544,0.2897900938987732
129,129,167,2006-01-07T23:00:00.000000,27.726354598999023,2.652083396911621,0.14432087540626526,0.19133982062339783,0.8445802927017212
130,130,167,2006-01-07T23:00:00.000000,82.35738372802734,4.110416412353516,0.04885634407401085,0.10011404752731323,0.4436083436012268
131,131,167,2006-01-07T23:00:00.000000,114.59325408935547,4.764584064483643,0.08597885072231293,0.13050924241542816,0.5641558766365051
132,132,167,2006-01-07T23:00:00.000000,147.67803955078125,6.647916793823242,0.10440095514059067,0.17675833404064178,0.8111359477043152
133,133,167,2006-01-07T23:00:00.000000,154.49951171875,5.856250762939453,0.07135002315044403,0.12584999203681946,0.5466400980949402
134,134,167,2006-01-07T23:00:00.000000,42.17489242553711,3.1312499046325684,0.025984041392803192,0.07772202789783478,0.34402546286582947
135,135,167,2006-01-07T23:00:00.000000,126.6334457397461,5.643750190734863,0.09425263106822968,0.15397149324417114,0.6662704944610596
136,136,167,2006-01-07T23:00:00.000000,58.471885681152344,3.5958335399627686,0.017795760184526443,0.0627313107252121,0.2485325038433075
0,0,679,2006-01-29T07:00:00.000000,7341.568359375,51.86250305175781,0.8856610059738159,0.5696299076080322,2.577037811279297
1,1,679,2006-01-29T07:00:00.000000,1015.3356323242188,17.00208282470703,0.4733778238296509,0.36711427569389343,1.6099724769592285
2,2,679,2006-01-29T07:00:00.000000,489.7300720214844,12.637502670288086,0.2530829906463623,0.2872858941555023,1.3959934711456299
3,3,679,2006-01-29T07:00:00.000000,250.95449829101562,7.768750190734863,0.10549895465373993,0.15928606688976288,0.7624925374984741
4,4,679,2006-01-29T07:00:00.000000,7237.94482421875,52.789581298828125,1.154069423675537,0.6665866374969482,2.970303535461426
5,5,679,2006-01-29T07:00:00.000000,13421.30078125,63.100006103515625,0.6324446797370911,0.4331549406051636,2.0471293926239014
6,6,679,2006-01-29T07:00:00.000000,2402.86083984375,26.481252670288086,1.204107642173767,0.592798113822937,2.6421918869018555
7,7,679,2006-01-29T07:00:00.000000,183.02230834960938,7.274999618530273,0.08873846381902695,0.16019056737422943,0.7651141881942749
8,8,679,2006-01-29T07:00:00.000000,398.896240234375,10.850000381469727,0.15344148874282837,0.21279975771903992,1.0625090599060059
9,9,679,2006-01-29T07:00:00.000000,74.30134582519531,4.789583206176758,0.03395797312259674,0.1023930013179779,0.5074129700660706
10,10,679,2006-01-29T07:00:00.000000,199.19747924804688,6.045833110809326,0.10130269825458527,0.1363404542207718,0.6506133079528809
11,11,679,2006-01-29T07:00:00.000000,963.5247802734375,17.939584732055664,1.221147060394287,0.6386529207229614,2.703402280807495
12,12,679,2006-01-29T07:00:00.000000,277.3726806640625,9.470832824707031,0.1078139990568161,0.1867213100194931,0.9029881954193115
13,13,679,2006-01-29T07:00:00.000000,70.87834167480469,4.704166889190674,0.034784283488988876,0.10421194136142731,0.4763929545879364
14,14,679,2006-01-29T07:00:00.000000,374.23443603515625,9.539583206176758,0.11983025074005127,0.17070284485816956,0.8705283403396606
15,15,679,2006-01-29T07:00:00.000000,428.6566162109375,12.6875,0.6394302845001221,0.4900245666503906,2.1448724269866943
16,16,679,2006-01-29T07:00:00.000000,380.1395263671875,11.418750762939453,0.15154431760311127,0.22799059748649597,1.10322904586792
17,17,679,2006-01-29T07:00:00.000000,316.1877136230469,9.649999618530273,0.1298801451921463,0.19558078050613403,0.9095039367675781
18,18,679,2006-01-29T07:00:00.000000,179.63865661621094,7.585417747497559,0.08587941527366638,0.16585330665111542,0.8102626204490662
19,19,679,2006-01-29T07:00:00.000000,76.35218811035156,5.143749237060547,0.03634808957576752,0.11223023384809494,0.5155789256095886
20,20,679,2006-01-29T07:00:00.000000,339.08148193359375,9.320833206176758,0.14051592350006104,0.18974289298057556,0.8803433775901794
21,21,679,2006-01-29T07:00:00.000000,446.95819091796875,11.350000381469727,0.18557296693325043,0.23127028346061707,1.098684310913086
22,22,679,2006-01-29T07:00:00.000000,1079.0684814453125,19.322917938232422,0.40315961837768555,0.3734966516494751,1.893569827079773
23,23,679,2006-01-29T07:00:00.000000,808.8021850585938,17.03125,0.07352899014949799,0.16238828003406525,0.7616572380065918
24,24,679,2006-01-29T07:00:00.000000,160.92449951171875,7.289583206176758,0.06458858400583267,0.14603924751281738,0.6922129988670349
25,25,679,2006-01-29T07:00:00.000000,103.73103332519531,4.570834159851074,0.06597521901130676,0.11527402698993683,0.5467386245727539
26,26,679,2006-01-29T07:00:00.000000,89.47001647949219,4.637500286102295,0.04364386200904846,0.10242520272731781,0.4875892996788025
27,27,679,2006-01-29T07:00:00.000000,1220.81494140625,18.837501525878906,0.5638381242752075,0.4048326909542084,1.8144844770431519
28,28,679,2006-01-29T07:00:00.000000,2192.75927734375,22.30208396911621,0.20538264513015747,0.2158399522304535,0.9231154322624207
29,29,679,2006-01-29T07:00:00.000000,166.37811279296875,7.441666603088379,0.07553090900182724,0.15855664014816284,0.7348598837852478
30,30,679,2006-01-29T07:00:00.000000,1324.3648681640625,20.487499237060547,0.8426715135574341,0.5167902708053589,2.55529522895813
31,31,679,2006-01-29T07:00:00.000000,9078.87890625,47.587501525878906,0.9901952743530273,0.4969780445098877,2.0268592834472656
32,32,679,2006-01-29T07:00:00.000000,243.95016479492188,8.975000381469727,0.09735506772994995,0.17929291725158691,0.8706251978874207
33,33,679,2006-01-29T07:00:00.000000,444.06549072265625,12.054167747497559,0.21040597558021545,0.2623872756958008,1.321850299835205
34,34,679,2006-01-29T07:00:00.000000,335.7095947265625,9.345833778381348,0.18292608857154846,0.21815943717956543,1.007946252822876
35,35,679,2006-01-29T07:00:00.000000,2297.22802734375,28.079166412353516,1.258398413658142,0.6571904420852661,2.9782283306121826
36,36,679,2006-01-29T07:00:00.000000,262.2674255371094,8.756250381469727,0.10455786436796188,0.17483338713645935,0.7867715358734131
37,37,679,2006-01-29T07:00:00.000000,150.0506591796875,6.6666669845581055,0.1168803796172142,0.1860632747411728,0.9270052909851074
38,38,679,2006-01-29T07:00:00.000000,223.59654235839844,7.464583396911621,0.09525153040885925,0.1540667861700058,0.734711766242981
39,39,679,2006-01-29T07:00:00.000000,141.71560668945312,6.416666030883789,0.06310614198446274,0.1354055404663086,0.6716285943984985
40,40,679,2006-01-29T07:00:00.000000,4049.450927734375,34.145835876464844,0.2355821579694748,0.2604418992996216,1.2303874492645264
41,41,679,2006-01-29T07:00:00.000000,303.3321533203125,8.833333969116211,0.15296721458435059,0.19836479425430298,0.9903771281242371
42,42,679,2006-01-29T07:00:00.000000,1069.318359375,18.3125,0.40795037150382996,0.35768255591392517,1.6812466382980347
43,43,679,2006-01-29T07:00:00.000000,78.7231216430664,5.03749942779541,0.03786705434322357,0.11048277467489243,0.5181304216384888
44,44,679,2006-01-29T07:00:00.000000,4024.749755859375,37.78333282470703,0.9513815641403198,0.5809091925621033,2.724210739135742
45,45,679,2006-01-29T07:00:00.000000,1271.8248291015625,19.918750762939453,0.8276249766349792,0.5081188082695007,2.415358066558838
46,46,679,2006-01-29T07:00:00.000000,100.4601058959961,5.785417079925537,0.08017274737358093,0.16343732178211212,0.7726843357086182
47,47,679,2006-01-29T07:00:00.000000,1371.120361328125,20.625,0.6362259984016418,0.44428524374961853,2.052299976348877
48,48,679,2006-01-29T07:00:00.000000,219.15342712402344,7.047916412353516,0.10865752398967743,0.15693379938602448,0.6788568496704102
49,49,679,2006-01-29T07:00:00.000000,257.2192077636719,7.566666603088379,0.10762645304203033,0.15477913618087769,0.7568705081939697
50,50,679,2006-01-29T07:00:00.000000,343.016845703125,9.939584732055664,0.13401250541210175,0.19646409153938293,0.9573829174041748
51,51,679,2006-01-29T07:00:00.000000,70.77886199951172,4.902083873748779,0.03353600576519966,0.1067049503326416,0.48396313190460205
52,52,679,2006-01-29T07:00:00.000000,368.0732116699219,9.189582824707031,0.19407223165035248,0.2110135853290558,0.9234927892684937
53,53,679,2006-01-29T07:00:00.000000,269.4398193359375,9.5625,0.10788854211568832,0.19134990870952606,0.9429526329040527
54,54,679,2006-01-29T07:00:00.000000,1988.0286865234375,23.918750762939453,1.0457020998001099,0.548568844795227,2.505209445953369
55,55,679,2006-01-29T07:00:00.000000,264.43084716796875,8.000000953674316,0.10837690532207489,0.1619579792022705,0.8052800893783569
56,56,679,2006-01-29T07:00:00.000000,248.86459350585938,8.791666984558105,0.1022864431142807,0.17823734879493713,0.8419591784477234
57,57,679,2006-01-29T07:00:00.000000,124.22554016113281,4.639583110809326,0.06809192895889282,0.10862289369106293,0.5312196016311646
58,58,679,2006-01-29T07:00:00.000000,1075.062255859375,17.400001525878906,0.5075442790985107,0.37806758284568787,1.7637097835540771
59,59,679,2006-01-29T07:00:00.000000,197.33084106445312,6.8000006675720215,0.08056841790676117,0.1374022662639618,0.6599448323249817
60,60,679,2006-01-29T07:00:00.000000,118.9736328125,6.1229166984558105,0.09516921639442444,0.17317341268062592,0.8720542192459106
61,61,679,2006-01-29T07:00:00.000000,952.7117919921875,16.714584350585938,0.3796764314174652,0.3336734175682068,1.5322275161743164
62,62,679,2006-01-29T07:00:00.000000,97.32686614990234,5.429166316986084,0.044279977679252625,0.11580317467451096,0.5766525268554688
63,63,679,2006-01-29T07:00:00.000000,305.5495910644531,9.066666603088379,0.15170598030090332,0.20202641189098358,0.9629440307617188
64,64,679,2006-01-29T07:00:00.000000,35.44239044189453,3.0979163646698,0.019145678728818893,0.07200183719396591,0.3231430649757385
65,65,679,2006-01-29T07:00:00.000000,351.41876220703125,8.791666984558105,0.13935455679893494,0.1750730723142624,0.8429257869720459
66,66,679,2006-01-29T07:00:00.000000,394.4659423828125,9.01875114440918,0.1667778193950653,0.18544313311576843,0.8434166312217712
67,67,679,2006-01-29T07:00:00.000000,878.3998413085938,15.933334350585938,0.44299930334091187,0.3578178584575653,1.542665719985962
68,68,679,2006-01-29T07:00:00.000000,1789.307861328125,22.335416793823242,0.2168082445859909,0.24586087465286255,1.1560022830963135
69,69,679,2006-01-29T07:00:00.000000,5309.6826171875,39.53333282470703,0.557807445526123,0.4052017331123352,1.8293087482452393
70,70,679,2006-01-29T07:00:00.000000,6377.3916015625,45.67082977294922,1.26676344871521,0.6436728239059448,2.8654732704162598
71,71,679,2006-01-29T07:00:00.000000,547.281982421875,12.843751907348633,0.4506581425666809,0.36856144666671753,1.729135513305664
72,72,679,2006-01-29T07:00:00.000000,349.08123779296875,8.966667175292969,0.19297397136688232,0.21082258224487305,0.9119014739990234
73,73,679,2006-01-29T07:00:00.000000,4311.93896484375,36.329166412353516,0.28754934668540955,0.29667115211486816,1.2986644506454468
74,74,679,2006-01-29T07:00:00.000000,323.53302001953125,7.639584541320801,0.13502265512943268,0.15606795251369476,0.7841970920562744
75,75,679,2006-01-29T07:00:00.000000,474.310302734375,12.035415649414062,0.19227877259254456,0.24232350289821625,1.1781790256500244
76,76,679,2006-01-29T07:00:00.000000,299.9944763183594,9.022916793823242,0.09440266340970993,0.1600598841905594,0.7743600606918335
77,77,679,2006-01-29T07:00:00.000000,293.79461669921875,8.354166984558105,0.15299299359321594,0.19064132869243622,0.8936654329299927
78,78,679,2006-01-29T07:00:00.000000,1109.2296142578125,18.360416412353516,0.44007548689842224,0.3657087981700897,1.66871976852417
79,79,679,2006-01-29T07:00:00.000000,351.5114440917969,10.079166412353516,0.18555693328380585,0.23157595098018646,1.0138664245605469
80,80,679,2006-01-29T07:00:00.000000,3327.69189453125,32.702083587646484,0.6241346597671509,0.4478607177734375,2.1138949394226074
81,81,679,2006-01-29T07:00:00.000000,257.814697265625,7.5187506675720215,0.11852800846099854,0.16121385991573334,0.765699028968811
82,82,679,2006-01-29T07:00:00.000000,1826.402587890625,23.68958282470703,0.9556018114089966,0.5418732166290283,2.51800274848938
83,83,679,2006-01-29T07:00:00.000000,131.59727478027344,6.34999942779541,0.10396149009466171,0.17847874760627747,0.8233627080917358
84,84,679,2006-01-29T07:00:00.000000,91.44634246826172,4.931249618530273,0.040216654539108276,0.10341338813304901,0.507671058177948
85,85,679,2006-01-29T07:00:00.000000,181.7862548828125,7.8833327293396,0.08948960900306702,0.17491042613983154,0.834823489189148
86,86,679,2006-01-29T07:00:00.000000,271.4267883300781,9.414584159851074,0.10936816781759262,0.18898192048072815,0.9672319293022156
87,87,679,2006-01-29T07:00:00.000000,281.0205383300781,9.118749618530273,0.1332167685031891,0.19853894412517548,0.9676756858825684
88,88,679,2006-01-29T07:00:00.000000,41.91500473022461,2.9333338737487793,0.02520674839615822,0.07193414866924286,0.34791669249534607
89,89,679,2006-01-29T07:00:00.000000,263.515869140625,9.125,0.13201041519641876,0.20423662662506104,0.9969087839126587
90,90,679,2006-01-29T07:00:00.000000,468.7186279296875,12.014583587646484,0.3730766475200653,0.33896249532699585,1.6142528057098389
91,91,679,2006-01-29T07:00:00.000000,1242.02001953125,19.170833587646484,0.5847475528717041,0.4159688949584961,1.985013484954834
92,92,679,2006-01-29T07:00:00.000000,228.3585205078125,8.320833206176758,0.09001187980175018,0.16519926488399506,0.8226985931396484
93,93,679,2006-01-29T07:00:00.000000,1160.7418212890625,18.3125,0.5492982864379883,0.39836758375167847,1.8596458435058594
94,94,679,2006-01-29T07:00:00.000000,143.92959594726562,6.575000286102295,0.06938089430332184,0.14435794949531555,0.6914733648300171
95,95,679,2006-01-29T07:00:00.000000,103.95208740234375,5.6666669845581055,0.055587153881788254,0.13103830814361572,0.5725117921829224
96,96,679,2006-01-29T07:00:00.000000,1105.5277099609375,17.777084350585938,0.6951944231987,0.4457884728908539,2.2655467987060547
97,97,679,2006-01-29T07:00:00.000000,259.2734375,9.097916603088379,0.12751394510269165,0.2017630934715271,0.9436675906181335
98,98,679,2006-01-29T07:00:00.000000,120.59353637695312,5.0,0.07533613592386246,0.12497112154960632,0.5941791534423828
99,99,679,2006-01-29T07:00:00.000000,227.7604217529297,7.0208330154418945,0.1112842783331871,0.15519097447395325,0.6827058792114258
100,100,679,2006-01-29T07:00:00.000000,117.89009094238281,6.010416030883789,0.09631441533565521,0.17179541289806366,0.8331516981124878
101,101,679,2006-01-29T07:00:00.000000,170.43133544921875,7.285416603088379,0.13736583292484283,0.206832617521286,0.9622845649719238
102,102,679,2006-01-29T07:00:00.000000,423.40020751953125,11.46250057220459,0.21531127393245697,0.2584860920906067,1.2165861129760742
103,103,679,2006-01-29T07:00:00.000000,163.70823669433594,6.702083587646484,0.07609473168849945,0.1444946825504303,0.681471049785614
104,104,679,2006-01-29T07:00:00.000000,1307.086181640625,19.77916717529297,0.1833193004131317,0.234239399433136,1.1539287567138672
105,105,679,2006-01-29T07:00:00.000000,7221.478515625,49.36041259765625,1.014671802520752,0.5850979089736938,2.61257266998291
106,106,679,2006-01-29T07:00:00.000000,216.8364715576172,7.987500190734863,0.11179065704345703,0.18136249482631683,0.8690550327301025
107,107,679,2006-01-29T07:00:00.000000,241.4927978515625,7.810416221618652,0.09624239802360535,0.15592125058174133,0.7986403703689575
108,108,679,2006-01-29T07:00:00.000000,275.87042236328125,8.345834732055664,0.1356494426727295,0.18506579101085663,0.8655514121055603
109,109,679,2006-01-29T07:00:00.000000,184.1204071044922,6.8625006675720215,0.07469119131565094,0.1382184773683548,0.6724585294723511
110,110,679,2006-01-29T07:00:00.000000,274.69622802734375,7.879167079925537,0.13544900715351105,0.17496125400066376,0.8490536212921143
111,111,679,2006-01-29T07:00:00.000000,789.0206909179688,15.670833587646484,0.3126499056816101,0.31194430589675903,1.427885890007019
112,112,679,2006-01-29T07:00:00.000000,1099.974853515625,18.806251525878906,1.3501524925231934,0.6588738560676575,2.926429271697998
113,113,679,2006-01-29T07:00:00.000000,292.8411560058594,8.96875,0.1601913422346115,0.20976614952087402,0.9980217218399048
114,114,679,2006-01-29T07:00:00.000000,561.0311889648438,11.585417747497559,0.2789437174797058,0.25833094120025635,1.160487413406372
115,115,679,2006-01-29T07:00:00.000000,192.86770629882812,7.762500286102295,0.9149997234344482,0.5346657633781433,2.402182102203369
116,116,679,2006-01-29T07:00:00.000000,1043.785400390625,17.31875228881836,0.40771353244781494,0.34228548407554626,1.5434287786483765
117,117,679,2006-01-29T07:00:00.000000,257.3996887207031,8.006250381469727,0.13784831762313843,0.18527887761592865,0.8110422492027283
118,118,679,2006-01-29T07:00:00.000000,170.6294708251953,7.468750953674316,0.06870849430561066,0.14987392723560333,0.7714266180992126
119,119,679,2006-01-29T07:00:00.000000,683.260009765625,14.166666984558105,0.5298771262168884,0.3945138156414032,1.8596395254135132
120,120,679,2006-01-29T07:00:00.000000,445.7764587402344,11.862499237060547,0.1794164478778839,0.2379845380783081,1.1977614164352417
121,121,679,2006-01-29T07:00:00.000000,2910.04931640625,27.681249618530273,0.2778962254524231,0.27050599455833435,1.2056198120117188
122,122,679,2006-01-29T07:00:00.000000,1765.8831787109375,23.389585494995117,0.6710371375083923,0.4559474587440491,2.0611913204193115
123,123,679,2006-01-29T07:00:00.000000,256.7149353027344,8.08125114440918,0.10019662231206894,0.159653902053833,0.7688099145889282
124,124,679,2006-01-29T07:00:00.000000,2700.8193359375,27.837501525878906,0.35881131887435913,0.32085996866226196,1.4752440452575684
125,125,679,2006-01-29T07:00:00.000000,540.9378662109375,12.416666984558105,0.127066969871521,0.19030390679836273,0.8515393137931824
126,126,679,2006-01-29T07:00:00.000000,115.36602783203125,6.34999942779541,0.14676517248153687,0.22648853063583374,1.1471763849258423
127,127,679,2006-01-29T07:00:00.000000,96.0901107788086,5.5729169845581055,0.05245800316333771,0.13021142780780792,0.5664325952529907
128,128,679,2006-01-29T07:00:00.000000,200.90908813476562,7.835416793823242,0.0849149152636528,0.16108471155166626,0.7751635313034058
129,129,679,2006-01-29T07:00:00.000000,37.05927658081055,2.78125,0.21516017615795135,0.21192029118537903,0.9321066737174988
130,130,679,2006-01-29T07:00:00.000000,663.437255859375,12.516666412353516,0.40301889181137085,0.3084973692893982,1.3603742122650146
131,131,679,2006-01-29T07:00:00.000000,92.2862548828125,4.045833110809326,0.04698748141527176,0.09129153937101364,0.43952131271362305
132,132,679,2006-01-29T07:00:00.000000,780.9523315429688,13.239583969116211,0.3623562455177307,0.28518712520599365,1.3883459568023682
133,133,679,2006-01-29T07:00:00.000000,421.2911376953125,10.747916221618652,0.2131178230047226,0.24173694849014282,1.0467731952667236
134,134,679,2006-01-29T07:00:00.000000,298.15167236328125,9.375000953674316,0.12449966371059418,0.1915740817785263,0.9080824851989746
135,135,679,2006-01-29T07:00:00.000000,245.04666137695312,9.17500114440918,0.17880237102508545,0.24783824384212494,1.0756230354309082
136,136,679,2006-01-29T07:00:00.000000,637.9751586914062,13.633334159851074,0.12652716040611267,0.19199594855308533,0.9103425741195679
0,0,1191,2006-02-19T15:00:00.000000,9367.02734375,59.51875305175781,0.9561408758163452,0.6013314127922058,2.6029176712036133
1,1,1191,2006-02-19T15:00:00.000000,713.0804443359375,14.108333587646484,0.3832087218761444,0.32705754041671753,1.508622646331787
2,2,1191,2006-02-19T15:00:00.000000,547.3106689453125,12.712501525878906,0.251331627368927,0.27241912484169006,1.1847691535949707
3,3,1191,2006-02-19T15:00:00.000000,814.7083740234375,15.891668319702148,0.457773894071579,0.37669846415519714,1.5718015432357788
4,4,1191,2006-02-19T15:00:00.000000,7798.93505859375,53.40833282470703,1.0287652015686035,0.6134081482887268,2.6973090171813965
5,5,1191,2006-02-19T15:00:00.000000,2522.388671875,25.62708282470703,0.1395055651664734,0.19058510661125183,0.8298941850662231
6,6,1191,2006-02-19T15:00:00.000000,343.4080505371094,11.072916984558105,0.16348490118980408,0.24159926176071167,1.067777395248413
7,7,1191,2006-02-19T15:00:00.000000,1899.001953125,24.962499618530273,0.9730868339538574,0.5650686025619507,2.680342674255371
8,8,1191,2006-02-19T15:00:00.000000,490.36700439453125,12.606249809265137,0.22975711524486542,0.2728725075721741,1.283489465713501
9,9,1191,2006-02-19T15:00:00.000000,895.2962646484375,16.439584732055664,0.40184447169303894,0.34828636050224304,1.56273353099823
10,10,1191,2006-02-19T15:00:00.000000,1555.0047607421875,21.52916717529297,0.703748345375061,0.45800483226776123,2.0309391021728516
11,11,1191,2006-02-19T15:00:00.000000,573.2684326171875,14.064582824707031,0.7030220031738281,0.49252960085868835,2.2532482147216797
12,12,1191,2006-02-19T15:00:00.000000,1317.82763671875,19.656251907348633,0.5831127166748047,0.4134734570980072,1.926291823387146
13,13,1191,2006-02-19T15:00:00.000000,601.2531127929688,13.245834350585938,0.28832224011421204,0.29006123542785645,1.274518370628357
14,14,1191,2006-02-19T15:00:00.000000,1981.587158203125,24.337501525878906,0.7308541536331177,0.46739575266838074,2.188199996948242
15,15,1191,2006-02-19T15:00:00.000000,640.1221923828125,15.497915267944336,0.7987138032913208,0.5474411845207214,2.459285259246826
16,16,1191,2006-02-19T15:00:00.000000,1318.25732421875,20.200000762939453,0.5851220488548279,0.4255734384059906,2.0103695392608643
17,17,1191,2006-02-19T15:00:00.000000,1728.20654296875,23.922916412353516,0.7301025390625,0.4917090833187103,2.445072889328003
18,18,1191,2006-02-19T15:00:00.000000,761.064697265625,16.18541717529297,0.3586852550506592,0.35137414932250977,1.501772165298462
19,19,1191,2006-02-19T15:00:00.000000,675.8604736328125,14.266666412353516,0.31568920612335205,0.3083357810974121,1.2771213054656982
20,20,1191,2006-02-19T15:00:00.000000,857.870849609375,15.995833396911621,0.44275137782096863,0.3633924424648285,1.7666184902191162
21,21,1191,2006-02-19T15:00:00.000000,2170.480224609375,26.87708282470703,0.9034348726272583,0.5483434200286865,2.539591073989868
22,22,1191,2006-02-19T15:00:00.000000,777.5558471679688,15.041666984558105,0.2797870635986328,0.2853277325630188,1.276012659072876
23,23,1191,2006-02-19T15:00:00.000000,2729.2802734375,29.710416793823242,0.2906145453453064,0.3065796494483948,1.2841346263885498
24,24,1191,2006-02-19T15:00:00.000000,1499.429443359375,22.96875,0.6798486709594727,0.48908066749572754,2.2981138229370117
25,25,1191,2006-02-19T15:00:00.000000,637.8612060546875,14.014582633972168,0.371525377035141,0.33822938799858093,1.5388994216918945
26,26,1191,2006-02-19T15:00:00.000000,2001.593505859375,25.785415649414062,0.9341821670532227,0.5570600628852844,2.5259804725646973
27,27,1191,2006-02-19T15:00:00.000000,864.7877197265625,15.279167175292969,0.3906098008155823,0.32472559809684753,1.433011531829834
28,28,1191,2006-02-19T15:00:00.000000,8698.8330078125,52.10000228881836,0.795195460319519,0.49813172221183777,2.0804622173309326
29,29,1191,2006-02-19T15:00:00.000000,1486.281494140625,22.94583511352539,0.6799687743186951,0.4907923936843872,2.2622079849243164
30,30,1191,2006-02-19T15:00:00.000000,394.1190185546875,12.039584159851074,0.22266393899917603,0.2861690819263458,1.2327847480773926
31,31,1191,2006-02-19T15:00:00.000000,3737.59716796875,31.337501525878906,0.5442185401916504,0.3781418800354004,1.6433342695236206
32,32,1191,2006-02-19T15:00:00.000000,1750.36572265625,24.262500762939453,0.8162712454795837,0.5239483118057251,2.5359644889831543
33,33,1191,2006-02-19T15:00:00.000000,791.8389892578125,16.097917556762695,0.5070143342018127,0.4073440730571747,1.8701579570770264
34,34,1191,2006-02-19T15:00:00.000000,1261.60009765625,20.508333206176758,0.6759412288665771,0.47470521926879883,2.1262714862823486
35,35,1191,2006-02-19T15:00:00.000000,1604.2841796875,22.785415649414062,0.8376576900482178,0.5206544995307922,2.3016269207000732
36,36,1191,2006-02-19T15:00:00.000000,1490.764404296875,23.02083396911621,0.693194568157196,0.4964141249656677,2.371086359024048
37,37,1191,2006-02-19T15:00:00.000000,808.095703125,15.67500114440918,0.7660083770751953,0.4826062321662903,2.139887809753418
38,38,1191,2006-02-19T15:00:00.000000,2422.72607421875,26.856252670288086,1.0441744327545166,0.5575447678565979,2.705634117126465
39,39,1191,2006-02-19T15:00:00.000000,1408.162353515625,21.889585494995117,0.6876687407493591,0.48372751474380493,2.244258403778076
40,40,1191,2006-02-19T15:00:00.000000,2231.251953125,24.72500228881836,0.1736183762550354,0.2181020975112915,0.9719244241714478
41,41,1191,2006-02-19T15:00:00.000000,607.133544921875,13.141668319702148,0.28197699785232544,0.2832143008708954,1.3036670684814453
42,42,1191,2006-02-19T15:00:00.000000,1056.4708251953125,16.797916412353516,0.4545060098171234,0.34841465950012207,1.5494779348373413
43,43,1191,2006-02-19T15:00:00.000000,757.940185546875,14.391666412353516,0.35466715693473816,0.31131789088249207,1.3310118913650513
44,44,1191,2006-02-19T15:00:00.000000,2730.416015625,32.147918701171875,0.5474362969398499,0.455203115940094,1.8827643394470215
45,45,1191,2006-02-19T15:00:00.000000,567.8787841796875,13.479166984558105,0.34074053168296814,0.3301772475242615,1.3951600790023804
46,46,1191,2006-02-19T15:00:00.000000,831.2081909179688,15.65625,0.7223633527755737,0.46154141426086426,2.195384979248047
47,47,1191,2006-02-19T15:00:00.000000,93.47728729248047,4.733333587646484,0.05389430746436119,0.11365419626235962,0.534839928150177
48,48,1191,2006-02-19T15:00:00.000000,320.7547912597656,9.829167366027832,0.1577509492635727,0.21797972917556763,0.9890167117118835
49,49,1191,2006-02-19T15:00:00.000000,968.2930908203125,18.512500762939453,0.46256229281425476,0.4046194553375244,1.8214735984802246
50,50,1191,2006-02-19T15:00:00.000000,1343.3555908203125,21.15416717529297,0.6576562523841858,0.4680582284927368,2.1368491649627686
51,51,1191,2006-02-19T15:00:00.000000,843.810546875,15.910415649414062,0.4027678966522217,0.3476054072380066,1.5113991498947144
52,52,1191,2006-02-19T15:00:00.000000,1050.415283203125,17.34375,0.5346843004226685,0.3913012146949768,1.7875185012817383
53,53,1191,2006-02-19T15:00:00.000000,1053.189208984375,18.504167556762695,0.49180611968040466,0.39986491203308105,1.9980573654174805
54,54,1191,2006-02-19T15:00:00.000000,669.10009765625,15.314582824707031,0.3203301429748535,0.33508774638175964,1.504521131515503
55,55,1191,2006-02-19T15:00:00.000000,1318.393798828125,18.287498474121094,0.6325311064720154,0.4005647599697113,1.8697843551635742
56,56,1191,2006-02-19T15:00:00.000000,1942.580810546875,24.78958511352539,0.8096773028373718,0.5060992240905762,2.4888691902160645
57,57,1191,2006-02-19T15:00:00.000000,2045.41015625,26.79791831970215,1.0548585653305054,0.608566403388977,2.855480194091797
58,58,1191,2006-02-19T15:00:00.000000,185.82469177246094,8.022916793823242,0.11276136338710785,0.19763359427452087,0.940922737121582
59,59,1191,2006-02-19T15:00:00.000000,1050.23388671875,19.079166412353516,0.47564706206321716,0.4060306251049042,1.8768970966339111
60,60,1191,2006-02-19T15:00:00.000000,1244.5360107421875,19.26875114440918,1.0047223567962646,0.5474858283996582,2.6727700233459473
61,61,1191,2006-02-19T15:00:00.000000,999.65625,15.837501525878906,0.4469802975654602,0.33489251136779785,1.3800842761993408
62,62,1191,2006-02-19T15:00:00.000000,1037.9100341796875,17.231250762939453,0.4714435040950775,0.3672415018081665,1.5308518409729004
63,63,1191,2006-02-19T15:00:00.000000,759.3114013671875,15.964584350585938,0.4350237250328064,0.38212382793426514,1.8894336223602295
64,64,1191,2006-02-19T15:00:00.000000,2111.0380859375,26.0625,1.074180006980896,0.5879042148590088,2.606952428817749
65,65,1191,2006-02-19T15:00:00.000000,1218.768798828125,19.731250762939453,0.5677735805511475,0.42587441205978394,2.0860462188720703
66,66,1191,2006-02-19T15:00:00.000000,641.3758544921875,14.454166412353516,0.31114768981933594,0.3183611333370209,1.4278886318206787
67,67,1191,2006-02-19T15:00:00.000000,880.2174682617188,14.814584732055664,0.4167918860912323,0.32236963510513306,1.4162029027938843
68,68,1191,2006-02-19T15:00:00.000000,1371.371826171875,20.741666793823242,0.18911302089691162,0.2435716688632965,0.9714930057525635
69,69,1191,2006-02-19T15:00:00.000000,5235.77294921875,43.227081298828125,0.5798832774162292,0.45492085814476013,1.9585769176483154
70,70,1191,2006-02-19T15:00:00.000000,2479.96337890625,28.28958511352539,0.4813023805618286,0.3941058814525604,1.784157633781433
71,71,1191,2006-02-19T15:00:00.000000,344.9637451171875,9.454166412353516,0.3032839596271515,0.28032463788986206,1.2726469039916992
72,72,1191,2006-02-19T15:00:00.000000,1341.1983642578125,18.081249237060547,0.7056772112846375,0.4147486686706543,1.6884191036224365
73,73,1191,2006-02-19T15:00:00.000000,8223.7587890625,56.758331298828125,0.5144650936126709,0.44892358779907227,1.7903821468353271
74,74,1191,2006-02-19T15:00:00.000000,961.1278686523438,15.487499237060547,0.4676782488822937,0.3416365087032318,1.5778985023498535
75,75,1191,2006-02-19T15:00:00.000000,1602.410400390625,22.92291831970215,0.7423341274261475,0.4933813512325287,2.1559624671936035
76,76,1191,2006-02-19T15:00:00.000000,1851.0897216796875,23.61458396911621,0.7043709754943848,0.46064600348472595,2.0621397495269775
77,77,1191,2006-02-19T15:00:00.000000,1386.589599609375,21.08125114440918,0.6196413040161133,0.4456486403942108,2.033071517944336
78,78,1191,2006-02-19T15:00:00.000000,674.6506958007812,14.493749618530273,0.289721816778183,0.30035293102264404,1.3145722150802612
79,79,1191,2006-02-19T15:00:00.000000,1359.0457763671875,19.320833206176758,0.6744634509086609,0.4304156005382538,1.8690178394317627
80,80,1191,2006-02-19T15:00:00.000000,283.3865661621094,9.189582824707031,0.0672840029001236,0.1415996253490448,0.614294171333313
81,81,1191,2006-02-19T15:00:00.000000,878.938232421875,15.510417938232422,0.43094366788864136,0.3434428870677948,1.372894287109375
82,82,1191,2006-02-19T15:00:00.000000,211.16085815429688,8.412500381469727,0.10675327479839325,0.18915115296840668,0.8043095469474792
83,83,1191,2006-02-19T15:00:00.000000,1286.43115234375,20.860416412353516,1.0543391704559326,0.5972001552581787,2.73337721824646
84,84,1191,2006-02-19T15:00:00.000000,1571.4979248046875,20.14583396911621,0.7131203413009644,0.42915067076683044,1.8147443532943726
85,85,1191,2006-02-19T15:00:00.000000,1101.957275390625,19.656251907348633,0.6279683113098145,0.4692314863204956,2.2207446098327637
86,86,1191,2006-02-19T15:00:00.000000,3284.837646484375,33.36250305175781,1.4257324934005737,0.6950573921203613,3.4378414154052734
87,87,1191,2006-02-19T15:00:00.000000,801.6968994140625,16.791667938232422,0.4550498127937317,0.40005362033843994,1.8678535223007202
88,88,1191,2006-02-19T15:00:00.000000,545.265869140625,11.633334159851074,0.32528576254844666,0.28414013981819153,1.2491668462753296
89,89,1191,2006-02-19T15:00:00.000000,1366.8133544921875,21.25,0.7731542587280273,0.5054025650024414,2.4488492012023926
90,90,1191,2006-02-19T15:00:00.000000,285.4608154296875,9.200000762939453,0.2461489737033844,0.2701553404331207,1.233709454536438
91,91,1191,2006-02-19T15:00:00.000000,152.16488647460938,6.789583206176758,0.08418183773756027,0.15969640016555786,0.7273697853088379
92,92,1191,2006-02-19T15:00:00.000000,1146.888671875,20.304166793823242,0.505556583404541,0.426294207572937,2.0158112049102783
93,93,1191,2006-02-19T15:00:00.000000,206.67013549804688,8.489583015441895,0.12331384420394897,0.20737361907958984,0.9420961141586304
94,94,1191,2006-02-19T15:00:00.000000,1200.173583984375,20.76041603088379,0.6688097715377808,0.4900781810283661,2.2646002769470215
95,95,1191,2006-02-19T15:00:00.000000,1609.9661865234375,22.420833587646484,0.860039234161377,0.5182061195373535,2.244502544403076
96,96,1191,2006-02-19T15:00:00.000000,536.0321044921875,13.966666221618652,0.33932316303253174,0.3514019250869751,1.551593542098999
97,97,1191,2006-02-19T15:00:00.000000,986.6749267578125,17.293750762939453,0.579799234867096,0.4192190170288086,1.973996639251709
98,98,1191,2006-02-19T15:00:00.000000,635.6521606445312,14.100001335144043,0.3711429238319397,0.34070611000061035,1.3936436176300049
99,99,1191,2006-02-19T15:00:00.000000,1047.2359619140625,16.993751525878906,0.559577465057373,0.39282310009002686,1.6948082447052002
100,100,1191,2006-02-19T15:00:00.000000,1190.50830078125,19.206249237060547,0.9654133319854736,0.5469316244125366,2.4017698764801025
101,101,1191,2006-02-19T15:00:00.000000,838.0338745117188,16.064584732055664,0.7148891687393188,0.469200074672699,2.255484104156494
102,102,1191,2006-02-19T15:00:00.000000,1770.767333984375,24.02916717529297,0.8474075198173523,0.5256590247154236,2.241326332092285
103,103,1191,2006-02-19T15:00:00.000000,816.5804443359375,15.754167556762695,0.3634905517101288,0.3323858380317688,1.4007058143615723
104,104,1191,2006-02-19T15:00:00.000000,930.947998046875,16.21666717529297,0.15811993181705475,0.21134507656097412,0.9514081478118896
105,105,1191,2006-02-19T15:00:00.000000,6966.50146484375,47.493751525878906,0.9130972623825073,0.5437354445457458,2.4637207984924316
106,106,1191,2006-02-19T15:00:00.000000,2033.588623046875,26.458335876464844,1.0227360725402832,0.5933524370193481,2.8051562309265137
107,107,1191,2006-02-19T15:00:00.000000,1208.1339111328125,19.702083587646484,0.5375525951385498,0.41558998823165894,1.9122675657272339
108,108,1191,2006-02-19T15:00:00.000000,856.07861328125,16.085416793823242,0.49177393317222595,0.3855300545692444,1.7556135654449463
109,109,1191,2006-02-19T15:00:00.000000,866.06494140625,14.839584350585938,0.44878798723220825,0.3378058075904846,1.4644039869308472
110,110,1191,2006-02-19T15:00:00.000000,422.46844482421875,10.964582443237305,0.20730988681316376,0.24288740754127502,1.0339274406433105
111,111,1191,2006-02-19T15:00:00.000000,469.47705078125,10.370833396911621,0.2050369828939438,0.21673175692558289,0.9595174789428711
112,112,1191,2006-02-19T15:00:00.000000,624.4927368164062,14.279167175292969,0.7276194095611572,0.48740655183792114,2.1713902950286865
113,113,1191,2006-02-19T15:00:00.000000,2305.25048828125,27.67500114440918,1.2356417179107666,0.6407296657562256,2.9580931663513184
114,114,1191,2006-02-19T15:00:00.000000,1063.450439453125,19.631250381469727,0.5404006838798523,0.4425346553325653,1.8363404273986816
115,115,1191,2006-02-19T15:00:00.000000,24.624065399169922,2.7020833492279053,0.14242537319660187,0.20550034940242767,0.9168910384178162
116,116,1191,2006-02-19T15:00:00.000000,855.8056030273438,15.01875114440918,0.36325210332870483,0.3094213604927063,1.3392056226730347
117,117,1191,2006-02-19T15:00:00.000000,947.1715087890625,15.510416984558105,0.47776901721954346,0.3483518362045288,1.5202271938323975
118,118,1191,2006-02-19T15:00:00.000000,1718.884521484375,24.25,0.7825263738632202,0.5174137353897095,2.4981491565704346
119,119,1191,2006-02-19T15:00:00.000000,524.9588012695312,13.0625,0.4707714915275574,0.39117294549942017,1.7735986709594727
120,120,1191,2006-02-19T15:00:00.000000,785.1336669921875,14.879165649414062,0.3600091338157654,0.31861305236816406,1.5037192106246948
121,121,1191,2006-02-19T15:00:00.000000,8723.654296875,54.24375534057617,0.786460280418396,0.5150375366210938,2.2954933643341064
122,122,1191,2006-02-19T15:00:00.000000,829.1549072265625,14.864582061767578,0.36539560556411743,0.31204453110694885,1.3475115299224854
123,123,1191,2006-02-19T15:00:00.000000,1203.0052490234375,18.962499618530273,0.5497523546218872,0.40536415576934814,1.8875470161437988
124,124,1191,2006-02-19T15:00:00.000000,2038.7099609375,22.120832443237305,0.3245530128479004,0.2791043519973755,1.195817470550537
125,125,1191,2006-02-19T15:00:00.000000,3568.22998046875,31.697917938232422,0.8323020339012146,0.48411089181900024,1.958434820175171
126,126,1191,2006-02-19T15:00:00.000000,657.2824096679688,14.272916793823242,0.8898638486862183,0.5251682996749878,2.3522915840148926
127,127,1191,2006-02-19T15:00:00.000000,1348.4320068359375,21.110416412353516,0.7594612836837769,0.5009969472885132,2.1676337718963623
128,128,1191,2006-02-19T15:00:00.000000,1396.529296875,21.941665649414062,0.6536417603492737,0.47469478845596313,2.2155258655548096
129,129,1191,2006-02-19T15:00:00.000000,106.4096908569336,5.2604169845581055,0.7300082445144653,0.43570587038993835,1.7262518405914307
130,130,1191,2006-02-19T15:00:00.000000,838.0684814453125,15.293749809265137,0.5330334901809692,0.38570162653923035,1.6432723999023438
131,131,1191,2006-02-19T15:00:00.000000,2152.64794921875,26.63125228881836,1.0133428573608398,0.5778076648712158,2.453139305114746
132,132,1191,2006-02-19T15:00:00.000000,1006.0419921875,17.86458396911621,0.45018038153648376,0.3779010772705078,1.6823444366455078
133,133,1191,2006-02-19T15:00:00.000000,343.3717041015625,9.616666793823242,0.1753471940755844,0.21731601655483246,0.8783783912658691
134,134,1191,2006-02-19T15:00:00.000000,1450.2718505859375,22.035415649414062,0.6326681971549988,0.4602402150630951,1.9658187627792358
135,135,1191,2006-02-19T15:00:00.000000,557.4934692382812,13.910415649414062,0.36223527789115906,0.35458117723464966,1.4187368154525757
136,136,1191,2006-02-19T15:00:00.000000,2634.38330078125,28.372920989990234,0.7007777690887451,0.46275877952575684,1.9182919263839722
0,0,1703,2006-03-12T23:00:00.000000,2598.2626953125,27.314586639404297,0.25683629512786865,0.2715696692466736,1.0685756206512451
1,1,1703,2006-03-12T23:00:00.000000,1178.5582275390625,19.631248474121094,0.43837878108024597,0.37861448526382446,1.6563525199890137
2,2,1703,2006-03-12T23:00:00.000000,912.0633544921875,14.258334159851074,0.33496221899986267,0.27324625849723816,1.299891710281372
3,3,1703,2006-03-12T23:00:00.000000,462.6850280761719,11.181249618530273,0.160211443901062,0.2080627679824829,0.8858851790428162
4,4,1703,2006-03-12T23:00:00.000000,2884.384521484375,31.44375228881836,0.39016193151474,0.3657044768333435,1.5268394947052002
5,5,1703,2006-03-12T23:00:00.000000,7754.23828125,47.724998474121094,0.3537063002586365,0.3223278224468231,1.2883636951446533
6,6,1703,2006-03-12T23:00:00.000000,1072.41455078125,18.325000762939453,0.4709910750389099,0.3840333819389343,1.766290545463562
7,7,1703,2006-03-12T23:00:00.000000,684.6737060546875,12.535415649414062,0.2666819989681244,0.24739664793014526,1.1063973903656006
8,8,1703,2006-03-12T23:00:00.000000,837.7525634765625,15.258334159851074,0.2599174976348877,0.2687614858150482,1.1458501815795898
9,9,1703,2006-03-12T23:00:00.000000,211.1930389404297,7.785416603088379,0.08576957881450653,0.15689486265182495,0.7091548442840576
10,10,1703,2006-03-12T23:00:00.000000,594.4207153320312,11.214583396911621,0.24748975038528442,0.2288309782743454,0.9758926630020142
11,11,1703,2006-03-12T23:00:00.000000,329.89398193359375,9.912500381469727,0.3949456214904785,0.34297674894332886,1.5488280057907104
12,12,1703,2006-03-12T23:00:00.000000,1149.4718017578125,18.53125,0.3594111204147339,0.3276810348033905,1.4971307516098022
13,13,1703,2006-03-12T23:00:00.000000,338.40924072265625,9.90625,0.1388004720211029,0.20062433183193207,0.8788947463035583
14,14,1703,2006-03-12T23:00:00.000000,737.1464233398438,13.256250381469727,0.21413646638393402,0.22593793272972107,0.9952318668365479
15,15,1703,2006-03-12T23:00:00.000000,329.46075439453125,10.797916412353516,0.39914652705192566,0.3758411407470703,1.6113409996032715
16,16,1703,2006-03-12T23:00:00.000000,1000.1747436523438,16.877084732055664,0.31447842717170715,0.2992642819881439,1.2995541095733643
17,17,1703,2006-03-12T23:00:00.000000,1609.982177734375,21.03750228881836,0.4853552281856537,0.3652695417404175,1.5897835493087769
18,18,1703,2006-03-12T23:00:00.000000,1079.1072998046875,15.897916793823242,0.4094352126121521,0.30967098474502563,1.2664943933486938
19,19,1703,2006-03-12T23:00:00.000000,299.85052490234375,9.747917175292969,0.12703844904899597,0.2006443738937378,0.9066566824913025
20,20,1703,2006-03-12T23:00:00.000000,536.4794921875,12.064582824707031,0.18042932450771332,0.22125306725502014,0.9651666879653931
21,21,1703,2006-03-12T23:00:00.000000,1870.107177734375,21.504169464111328,0.5970500111579895,0.3842330574989319,1.6904518604278564
22,22,1703,2006-03-12T23:00:00.000000,1373.3480224609375,18.635417938232422,0.3901037573814392,0.3140789866447449,1.3330968618392944
23,23,1703,2006-03-12T23:00:00.000000,3114.40087890625,27.85208511352539,0.22582755982875824,0.2371695339679718,1.0566569566726685
24,24,1703,2006-03-12T23:00:00.000000,1159.6771240234375,18.004167556762695,0.37389886379241943,0.32328203320503235,1.375243902206421
25,25,1703,2006-03-12T23:00:00.000000,549.5799560546875,12.666666984558105,0.27457234263420105,0.28312307596206665,1.2554652690887451
26,26,1703,2006-03-12T23:00:00.000000,232.088134765625,8.320833206176758,0.09257086366415024,0.16617952287197113,0.7396098971366882
27,27,1703,2006-03-12T23:00:00.000000,932.1906127929688,16.327083587646484,0.33702486753463745,0.3104467988014221,1.3482779264450073
28,28,1703,2006-03-12T23:00:00.000000,12406.298828125,63.49791717529297,0.8125442862510681,0.5138801336288452,2.2214159965515137
29,29,1703,2006-03-12T23:00:00.000000,229.39834594726562,8.137500762939453,0.09438322484493256,0.16506054997444153,0.6623914837837219
30,30,1703,2006-03-12T23:00:00.000000,470.0860595703125,12.116667747497559,0.229678675532341,0.2678273022174835,1.122722864151001
31,31,1703,2006-03-12T23:00:00.000000,3702.791748046875,35.349998474121094,0.3454267680644989,0.3414308726787567,1.4533355236053467
32,32,1703,2006-03-12T23:00:00.000000,1355.5965576171875,19.450000762939453,0.4449496865272522,0.35237884521484375,1.5296930074691772
33,33,1703,2006-03-12T23:00:00.000000,596.30908203125,13.285415649414062,0.23947201669216156,0.2662360370159149,1.2184438705444336
34,34,1703,2006-03-12T23:00:00.000000,125.73030853271484,6.510416030883789,0.0529346726834774,0.1335853785276413,0.6005521416664124
35,35,1703,2006-03-12T23:00:00.000000,1032.587890625,17.11458396911621,0.5318624973297119,0.38842082023620605,1.7749087810516357
36,36,1703,2006-03-12T23:00:00.000000,1706.2728271484375,21.799999237060547,0.5492346286773682,0.3911210894584656,1.7286800146102905
37,37,1703,2006-03-12T23:00:00.000000,717.3369140625,13.229166984558105,0.4562661647796631,0.33364149928092957,1.4406719207763672
38,38,1703,2006-03-12T23:00:00.000000,1539.469482421875,21.20625114440918,0.47398412227630615,0.37210047245025635,1.6137079000473022
39,39,1703,2006-03-12T23:00:00.000000,190.7449951171875,7.7791666984558105,0.07567481696605682,0.15494662523269653,0.672387957572937
40,40,1703,2006-03-12T23:00:00.000000,7182.5107421875,44.95417022705078,0.39984020590782166,0.3354092538356781,1.4834893941879272
41,41,1703,2006-03-12T23:00:00.000000,1582.69775390625,22.02083396911621,0.5591646432876587,0.41390877962112427,1.9979784488677979
42,42,1703,2006-03-12T23:00:00.000000,354.5450439453125,10.152082443237305,0.11453387141227722,0.18246787786483765,0.7744371294975281
43,43,1703,2006-03-12T23:00:00.000000,315.0064697265625,10.6875,0.11962942779064178,0.20827417075634003,0.9006927013397217
44,44,1703,2006-03-12T23:00:00.000000,3916.569091796875,35.0625,0.6974470019340515,0.46789202094078064,2.3241398334503174
45,45,1703,2006-03-12T23:00:00.000000,990.0283203125,17.772916793823242,0.4743890166282654,0.38904714584350586,1.4994075298309326
46,46,1703,2006-03-12T23:00:00.000000,554.170654296875,11.33750057220459,0.3602585196495056,0.2890697717666626,1.2195571660995483
47,47,1703,2006-03-12T23:00:00.000000,1444.712890625,20.566665649414062,0.6273998022079468,0.428593248128891,1.8675620555877686
48,48,1703,2006-03-12T23:00:00.000000,1541.16650390625,22.847915649414062,0.5390253067016602,0.427293598651886,1.9538134336471558
49,49,1703,2006-03-12T23:00:00.000000,1646.757080078125,19.37708282470703,0.5147114992141724,0.34257495403289795,1.4729723930358887
50,50,1703,2006-03-12T23:00:00.000000,1068.8021240234375,17.943750381469727,0.35793614387512207,0.32837289571762085,1.4607614278793335
51,51,1703,2006-03-12T23:00:00.000000,861.793212890625,15.506250381469727,0.3434780240058899,0.30956706404685974,1.3285844326019287
52,52,1703,2006-03-12T23:00:00.000000,2685.898193359375,29.66250228881836,0.9087817668914795,0.5456231236457825,2.4428627490997314
53,53,1703,2006-03-12T23:00:00.000000,567.0718383789062,11.737499237060547,0.18365828692913055,0.2112330198287964,0.9421141147613525
54,54,1703,2006-03-12T23:00:00.000000,1095.0682373046875,17.81458282470703,0.46339184045791626,0.36646223068237305,1.593398928642273
55,55,1703,2006-03-12T23:00:00.000000,292.3145751953125,8.354166030883789,0.09289240092039108,0.14892511069774628,0.663628339767456
56,56,1703,2006-03-12T23:00:00.000000,1217.416748046875,18.93541717529297,0.40278396010398865,0.3444223999977112,1.5148333311080933
57,57,1703,2006-03-12T23:00:00.000000,426.46087646484375,11.679167747497559,0.17432039976119995,0.23612740635871887,1.071306586265564
58,58,1703,2006-03-12T23:00:00.000000,1231.470947265625,16.7166690826416,0.48654043674468994,0.33227455615997314,1.4921605587005615
59,59,1703,2006-03-12T23:00:00.000000,701.8031616210938,14.11875057220459,0.22719818353652954,0.25403356552124023,1.1452454328536987
60,60,1703,2006-03-12T23:00:00.000000,538.3682861328125,10.908332824707031,0.3567328453063965,0.28079551458358765,1.2615593671798706
61,61,1703,2006-03-12T23:00:00.000000,685.2095947265625,13.116667747497559,0.23005399107933044,0.24034033715724945,1.0000838041305542
62,62,1703,2006-03-12T23:00:00.000000,144.6858367919922,6.149999618530273,0.05529412627220154,0.12022688239812851,0.5019058585166931
63,63,1703,2006-03-12T23:00:00.000000,569.9044189453125,12.658332824707031,0.21770426630973816,0.2474052906036377,1.0841281414031982
64,64,1703,2006-03-12T23:00:00.000000,1948.4705810546875,25.67708396911621,0.7651755809783936,0.5088378190994263,2.2622385025024414
65,65,1703,2006-03-12T23:00:00.000000,1660.8826904296875,18.679168701171875,0.5284445285797119,0.3331868052482605,1.4797308444976807
66,66,1703,2006-03-12T23:00:00.000000,468.96270751953125,9.820834159851074,0.1531069576740265,0.1774502694606781,0.8126444220542908
67,67,1703,2006-03-12T23:00:00.000000,1758.69140625,24.425003051757812,0.6319819688796997,0.46301183104515076,1.9944138526916504
68,68,1703,2006-03-12T23:00:00.000000,4326.623046875,35.525001525878906,0.41120490431785583,0.34632885456085205,1.4934362173080444
69,69,1703,2006-03-12T23:00:00.000000,3217.8076171875,28.293752670288086,0.3470624089241028,0.29384225606918335,1.2176096439361572
70,70,1703,2006-03-12T23:00:00.000000,2819.513671875,27.293752670288086,0.5105181336402893,0.36726686358451843,1.6344733238220215
71,71,1703,2006-03-12T23:00:00.000000,462.03326416015625,11.252084732055664,0.3061625361442566,0.28964924812316895,1.2519807815551758
72,72,1703,2006-03-12T23:00:00.000000,2552.514404296875,30.84583282470703,0.9948962926864624,0.6089776158332825,2.713042736053467
73,73,1703,2006-03-12T23:00:00.000000,10323.40234375,62.602081298828125,0.4714673161506653,0.4230611324310303,1.842925786972046
74,74,1703,2006-03-12T23:00:00.000000,275.7071533203125,9.304167747497559,0.09088550508022308,0.16892769932746887,0.7756181955337524
75,75,1703,2006-03-12T23:00:00.000000,1568.927490234375,20.975000381469727,0.48866063356399536,0.37017256021499634,1.680656909942627
76,76,1703,2006-03-12T23:00:00.000000,770.1043701171875,15.912500381469727,0.22203944623470306,0.270195871591568,1.1770329475402832
77,77,1703,2006-03-12T23:00:00.000000,497.9446716308594,11.435416221618652,0.19676315784454346,0.22731775045394897,1.0079777240753174
78,78,1703,2006-03-12T23:00:00.000000,1368.810302734375,19.46666717529297,0.44233351945877075,0.34994107484817505,1.522756814956665
79,79,1703,2006-03-12T23:00:00.000000,2296.0517578125,27.210416793823242,0.8351466655731201,0.518950343132019,2.1820597648620605
80,80,1703,2006-03-12T23:00:00.000000,2981.17041015625,29.522916793823242,0.5955649614334106,0.41728276014328003,1.7433357238769531
81,81,1703,2006-03-12T23:00:00.000000,485.03826904296875,11.981249809265137,0.208979070186615,0.24869415163993835,1.105330228805542
82,82,1703,2006-03-12T23:00:00.000000,1085.173095703125,18.849998474121094,0.48989689350128174,0.4005107879638672,1.865894079208374
83,83,1703,2006-03-12T23:00:00.000000,498.53887939453125,10.581250190734863,0.3224911689758301,0.2691202759742737,1.242227554321289
84,84,1703,2006-03-12T23:00:00.000000,443.005859375,9.683333396911621,0.1782594621181488,0.19424349069595337,0.8768662214279175
85,85,1703,2006-03-12T23:00:00.000000,792.8857421875,13.854166030883789,0.3174169063568115,0.27719801664352417,1.1442363262176514
86,86,1703,2006-03-12T23:00:00.000000,1343.296142578125,21.158334732055664,0.4398602843284607,0.38287144899368286,1.608156681060791
87,87,1703,2006-03-12T23:00:00.000000,202.0673065185547,7.899999618530273,0.08551400154829025,0.16251657903194427,0.6929824352264404
88,88,1703,2006-03-12T23:00:00.000000,322.6936340332031,10.072916984558105,0.16707490384578705,0.229200541973114,1.0466506481170654
89,89,1703,2006-03-12T23:00:00.000000,926.6483154296875,15.945833206176758,0.35760605335235596,0.3132507801055908,1.3761324882507324
90,90,1703,2006-03-12T23:00:00.000000,557.69287109375,11.958333969116211,0.374144047498703,0.30973660945892334,1.356133222579956
91,91,1703,2006-03-12T23:00:00.000000,437.2768249511719,10.05625057220459,0.18985584378242493,0.20954138040542603,0.9762214422225952
92,92,1703,2006-03-12T23:00:00.000000,871.702880859375,14.977084159851074,0.27434760332107544,0.2657012939453125,1.2314376831054688
93,93,1703,2006-03-12T23:00:00.000000,1101.65576171875,17.32083511352539,0.47331660985946655,0.3590225577354431,1.4982023239135742
94,94,1703,2006-03-12T23:00:00.000000,1403.003173828125,19.16250228881836,0.5268932580947876,0.37135064601898193,1.6530488729476929
95,95,1703,2006-03-12T23:00:00.000000,1945.47412109375,26.149999618530273,0.7349855899810791,0.5082746148109436,2.1696393489837646
96,96,1703,2006-03-12T23:00:00.000000,881.8494873046875,16.106250762939453,0.42025870084762573,0.3516054153442383,1.4799140691757202
97,97,1703,2006-03-12T23:00:00.000000,373.9430847167969,9.779167175292969,0.1526166796684265,0.19756047427654266,0.8492567539215088
98,98,1703,2006-03-12T23:00:00.000000,293.49969482421875,8.552083969116211,0.1524936854839325,0.1949368715286255,0.8720753192901611
99,99,1703,2006-03-12T23:00:00.000000,1966.765380859375,24.452085494995117,0.7324005961418152,0.4718608856201172,1.9879740476608276
100,100,1703,2006-03-12T23:00:00.000000,535.0963745117188,11.952083587646484,0.3389313220977783,0.30080392956733704,1.3208032846450806
101,101,1703,2006-03-12T23:00:00.000000,707.9325561523438,13.824999809265137,0.42549774050712585,0.33893609046936035,1.4587571620941162
102,102,1703,2006-03-12T23:00:00.000000,269.1029357910156,8.629167556762695,0.10148968547582626,0.16757938265800476,0.7559120655059814
103,103,1703,2006-03-12T23:00:00.000000,122.07270812988281,5.270833969116211,0.050516821444034576,0.1072230190038681,0.47760674357414246
104,104,1703,2006-03-12T23:00:00.000000,2835.0400390625,30.47500228881836,0.3504332900047302,0.3388182520866394,1.4348251819610596
105,105,1703,2006-03-12T23:00:00.000000,1283.5069580078125,20.945833206176758,0.17667804658412933,0.24574792385101318,1.1181644201278687
106,106,1703,2006-03-12T23:00:00.000000,644.7743530273438,13.429166793823242,0.25635600090026855,0.2677730917930603,1.1771314144134521
107,107,1703,2006-03-12T23:00:00.000000,428.15283203125,10.918750762939453,0.13310597836971283,0.1925184428691864,0.8685901165008545
108,108,1703,2006-03-12T23:00:00.000000,626.6458740234375,14.814582824707031,0.26043733954429626,0.302016019821167,1.3689879179000854
109,109,1703,2006-03-12T23:00:00.000000,278.94061279296875,7.2375006675720215,0.09281501173973083,0.13202063739299774,0.5882428884506226
110,110,1703,2006-03-12T23:00:00.000000,1419.605712890625,20.241666793823242,0.5096626281738281,0.38353395462036133,1.8193533420562744
111,111,1703,2006-03-12T23:00:00.000000,663.2984619140625,14.302083969116211,0.22229932248592377,0.26182666420936584,1.0781114101409912
112,112,1703,2006-03-12T23:00:00.000000,302.24493408203125,9.735417366027832,0.3398812711238861,0.32646656036376953,1.4870707988739014
113,113,1703,2006-03-12T23:00:00.000000,606.996337890625,13.29374885559082,0.25186893343925476,0.27079570293426514,1.2994945049285889
114,114,1703,2006-03-12T23:00:00.000000,1538.274169921875,22.32083511352539,0.5501505136489868,0.4221183657646179,1.8092410564422607
115,115,1703,2006-03-12T23:00:00.000000,58.215206146240234,4.079166412353516,0.28590965270996094,0.28586938977241516,1.224556565284729
116,116,1703,2006-03-12T23:00:00.000000,921.15771484375,16.543750762939453,0.2934153974056244,0.29526257514953613,1.281212329864502
117,117,1703,2006-03-12T23:00:00.000000,1719.332763671875,23.74791717529297,0.6243882179260254,0.4525566101074219,2.00166654586792
118,118,1703,2006-03-12T23:00:00.000000,922.9539794921875,17.399999618530273,0.31355875730514526,0.3207145929336548,1.328912377357483
119,119,1703,2006-03-12T23:00:00.000000,455.0723876953125,8.947916030883789,0.30212873220443726,0.2305566519498825,1.0316203832626343
120,120,1703,2006-03-12T23:00:00.000000,938.4972534179688,15.404167175292969,0.2977406978607178,0.2743726372718811,1.2145872116088867
121,121,1703,2006-03-12T23:00:00.000000,5275.8447265625,43.04166793823242,0.37529802322387695,0.36302053928375244,1.571550726890564
122,122,1703,2006-03-12T23:00:00.000000,625.2396240234375,13.049999237060547,0.20020537078380585,0.23352056741714478,1.0282862186431885
123,123,1703,2006-03-12T23:00:00.000000,623.7869873046875,13.164584159851074,0.19581370055675507,0.23324400186538696,1.000402808189392
124,124,1703,2006-03-12T23:00:00.000000,1203.06103515625,20.243751525878906,0.1461925357580185,0.2231566160917282,0.9467378854751587
125,125,1703,2006-03-12T23:00:00.000000,3962.74462890625,34.67708206176758,0.7073213458061218,0.4632899761199951,2.1201071739196777
126,126,1703,2006-03-12T23:00:00.000000,401.58880615234375,10.543750762939453,0.4409891963005066,0.349396288394928,1.5362119674682617
127,127,1703,2006-03-12T23:00:00.000000,2325.83349609375,27.410415649414062,0.8242010474205017,0.5159919261932373,2.336909770965576
128,128,1703,2006-03-12T23:00:00.000000,715.041748046875,13.818750381469727,0.2315932810306549,0.24869440495967865,1.065385341644287
129,129,1703,2006-03-12T23:00:00.000000,78.62208557128906,5.195833206176758,0.38037344813346863,0.36139988899230957,1.5516881942749023
130,130,1703,2006-03-12T23:00:00.000000,1665.132080078125,23.23750114440918,0.8224196434020996,0.5164304375648499,2.1357526779174805
131,131,1703,2006-03-12T23:00:00.000000,238.84283447265625,6.960417747497559,0.10743731260299683,0.1476239114999771,0.6307393908500671
132,132,1703,2006-03-12T23:00:00.000000,648.435302734375,14.100000381469727,0.27789831161499023,0.29189640283584595,1.2122008800506592
133,133,1703,2006-03-12T23:00:00.000000,2157.370849609375,26.081249237060547,0.7779875993728638,0.49528178572654724,1.977736473083496
134,134,1703,2006-03-12T23:00:00.000000,1230.9493408203125,16.147916793823242,0.3903829753398895,0.2875688672065735,1.157631278038025
135,135,1703,2006-03-12T23:00:00.000000,742.6923828125,16.31875228881836,0.3726442754268646,0.36553558707237244,1.6493562459945679
136,136,1703,2006-03-12T23:00:00.000000,1957.427734375,25.08333396911621,0.33709716796875,0.3291698098182678,1.4464491605758667
0,0,2215,2006-04-03T07:00:00.000000,2342.472412109375,30.858333587646484,0.19361567497253418,0.2805469036102295,1.2356058359146118
1,1,2215,2006-04-03T07:00:00.000000,227.88473510742188,8.797917366027832,0.07763862609863281,0.16239072382450104,0.6865664720535278
2,2,2215,2006-04-03T07:00:00.000000,785.287109375,12.577083587646484,0.22442981600761414,0.21262091398239136,0.9961928129196167
3,3,2215,2006-04-03T07:00:00.000000,669.3594970703125,13.041666030883789,0.2131941318511963,0.23275069892406464,0.9881393313407898
4,4,2215,2006-04-03T07:00:00.000000,1056.5186767578125,18.53958511352539,0.11266091465950012,0.19144676625728607,0.8620779514312744
5,5,2215,2006-04-03T07:00:00.000000,3769.33935546875,34.45625305175781,0.1924511045217514,0.24620428681373596,1.118720293045044
6,6,2215,2006-04-03T07:00:00.000000,374.2427978515625,11.152082443237305,0.1400134414434433,0.2157069444656372,0.9754093885421753
7,7,2215,2006-04-03T07:00:00.000000,361.1597595214844,10.625,0.13196754455566406,0.20310136675834656,0.884842574596405
8,8,2215,2006-04-03T07:00:00.000000,1150.53076171875,17.3125,0.3917076289653778,0.3194417655467987,1.3755114078521729
9,9,2215,2006-04-03T07:00:00.000000,373.72381591796875,10.902083396911621,0.11001287400722504,0.18704919517040253,0.8897267580032349
10,10,2215,2006-04-03T07:00:00.000000,272.2654113769531,9.420833587646484,0.08801564574241638,0.16938424110412598,0.7773886919021606
11,11,2215,2006-04-03T07:00:00.000000,106.67977905273438,5.4375,0.10974430292844772,0.17440108954906464,0.759567141532898
12,12,2215,2006-04-03T07:00:00.000000,676.7186889648438,14.260416984558105,0.22470945119857788,0.2598596513271332,1.046095848083496
13,13,2215,2006-04-03T07:00:00.000000,135.20668029785156,5.833334922790527,0.03904377669095993,0.099127396941185,0.4402815103530884
14,14,2215,2006-04-03T07:00:00.000000,572.019775390625,13.216667175292969,0.17205074429512024,0.22921589016914368,0.942033052444458
15,15,2215,2006-04-03T07:00:00.000000,51.123435974121094,4.0104169845581055,0.04854659363627434,0.12358304113149643,0.5532979965209961
16,16,2215,2006-04-03T07:00:00.000000,753.9271850585938,12.472915649414062,0.2448151707649231,0.22476181387901306,0.9202257394790649
17,17,2215,2006-04-03T07:00:00.000000,269.78936767578125,9.395833969116211,0.08543156087398529,0.16719838976860046,0.7138456106185913
18,18,2215,2006-04-03T07:00:00.000000,358.5123291015625,9.804166793823242,0.10617819428443909,0.16872380673885345,0.7880706787109375
19,19,2215,2006-04-03T07:00:00.000000,542.31103515625,13.112499237060547,0.16806906461715698,0.2308368682861328,1.050534963607788
20,20,2215,2006-04-03T07:00:00.000000,822.2840576171875,13.02500057220459,0.27574339509010315,0.23851701617240906,0.9382628798484802
21,21,2215,2006-04-03T07:00:00.000000,627.4693603515625,12.1875,0.2019646167755127,0.21865326166152954,0.9080337882041931
22,22,2215,2006-04-03T07:00:00.000000,854.8631591796875,18.629167556762695,0.25159990787506104,0.3195952773094177,1.3848522901535034
23,23,2215,2006-04-03T07:00:00.000000,1763.0888671875,19.99791717529297,0.13504339754581451,0.17501865327358246,0.7536592483520508
24,24,2215,2006-04-03T07:00:00.000000,676.5570678710938,12.472918510437012,0.22959274053573608,0.22977082431316376,0.9359381198883057
25,25,2215,2006-04-03T07:00:00.000000,164.53062438964844,7.366666316986084,0.059225521981716156,0.13976618647575378,0.657615065574646
26,26,2215,2006-04-03T07:00:00.000000,217.54510498046875,8.072917938232422,0.06965585052967072,0.1444556713104248,0.647881805896759
27,27,2215,2006-04-03T07:00:00.000000,277.4581298828125,9.0,0.09024506062269211,0.1623138189315796,0.6905741095542908
28,28,2215,2006-04-03T07:00:00.000000,733.066162109375,14.947916984558105,0.04886561259627342,0.12204241007566452,0.5340540409088135
29,29,2215,2006-04-03T07:00:00.000000,530.1611328125,12.118749618530273,0.17511674761772156,0.2202509045600891,0.9893823862075806
30,30,2215,2006-04-03T07:00:00.000000,689.861083984375,12.683334350585938,0.34845447540283203,0.285053014755249,1.2262232303619385
31,31,2215,2006-04-03T07:00:00.000000,775.5184326171875,16.9375,0.07605820149183273,0.1677360236644745,0.7289639711380005
32,32,2215,2006-04-03T07:00:00.000000,1204.6387939453125,18.22083282470703,0.3953879475593567,0.3301045894622803,1.441678762435913
33,33,2215,2006-04-03T07:00:00.000000,809.2615966796875,14.18958568572998,0.33526358008384705,0.28881409764289856,1.2683172225952148
34,34,2215,2006-04-03T07:00:00.000000,143.38365173339844,7.131249904632568,0.05373794957995415,0.13805635273456573,0.6229143142700195
35,35,2215,2006-04-03T07:00:00.000000,144.46905517578125,6.314582824707031,0.06583324074745178,0.1347968876361847,0.614173173904419
36,36,2215,2006-04-03T07:00:00.000000,466.9965515136719,10.739583969116211,0.1552363634109497,0.195806622505188,0.7730981111526489
37,37,2215,2006-04-03T07:00:00.000000,96.20698547363281,5.289583206176758,0.06351114809513092,0.1359073966741562,0.5924021005630493
38,38,2215,2006-04-03T07:00:00.000000,128.7218017578125,6.064584255218506,0.0403696671128273,0.10739957541227341,0.483026385307312
39,39,2215,2006-04-03T07:00:00.000000,256.3086242675781,8.168750762939453,0.08905182778835297,0.15226337313652039,0.69743412733078
40,40,2215,2006-04-03T07:00:00.000000,3810.35595703125,33.67500305175781,0.26187843084335327,0.2791738212108612,1.1892122030258179
41,41,2215,2006-04-03T07:00:00.000000,571.8845825195312,12.354166030883789,0.16153550148010254,0.20763149857521057,0.9752289056777954
42,42,2215,2006-04-03T07:00:00.000000,560.6881103515625,11.464584350585938,0.18997126817703247,0.21102873980998993,0.9109699726104736
43,43,2215,2006-04-03T07:00:00.000000,678.7489013671875,14.71875,0.2013045847415924,0.2534796893596649,1.1604065895080566
44,44,2215,2006-04-03T07:00:00.000000,1845.989501953125,23.50833511352539,0.28297045826911926,0.2910567820072174,1.2714617252349854
45,45,2215,2006-04-03T07:00:00.000000,456.27679443359375,11.914584159851074,0.20265386998653412,0.2510973811149597,1.1328808069229126
46,46,2215,2006-04-03T07:00:00.000000,198.44395446777344,8.229166984558105,0.13416409492492676,0.2139710783958435,0.9350688457489014
47,47,2215,2006-04-03T07:00:00.000000,242.83279418945312,8.918750762939453,0.12347763776779175,0.20111499726772308,0.8069298267364502
48,48,2215,2006-04-03T07:00:00.000000,234.73971557617188,8.502083778381348,0.0796450674533844,0.15660712122917175,0.6549113392829895
49,49,2215,2006-04-03T07:00:00.000000,221.32977294921875,9.295833587646484,0.07263825833797455,0.1684034913778305,0.7638091444969177
50,50,2215,2006-04-03T07:00:00.000000,1411.5498046875,16.89583396911621,0.4499727189540863,0.3016647696495056,1.1976754665374756
51,51,2215,2006-04-03T07:00:00.000000,129.4298095703125,6.708333969116211,0.03713025152683258,0.11362174153327942,0.5329392552375793
52,52,2215,2006-04-03T07:00:00.000000,532.9244995117188,12.772917747497559,0.17342469096183777,0.23041605949401855,1.0265047550201416
53,53,2215,2006-04-03T07:00:00.000000,1353.502197265625,19.63541603088379,0.44666701555252075,0.35669955611228943,1.462813138961792
54,54,2215,2006-04-03T07:00:00.000000,317.7257385253906,9.652083396911621,0.12277211248874664,0.1897338330745697,0.8382858633995056
55,55,2215,2006-04-03T07:00:00.000000,828.8394775390625,12.21875,0.2762448787689209,0.2230687439441681,0.9084166884422302
56,56,2215,2006-04-03T07:00:00.000000,529.208251953125,12.302083969116211,0.17411863803863525,0.22314542531967163,0.9400570392608643
57,57,2215,2006-04-03T07:00:00.000000,211.14419555664062,8.370834350585938,0.08227168023586273,0.16523587703704834,0.7601779699325562
58,58,2215,2006-04-03T07:00:00.000000,624.2177124023438,14.270833969116211,0.283042848110199,0.30388370156288147,1.3317105770111084
59,59,2215,2006-04-03T07:00:00.000000,573.3460693359375,12.412500381469727,0.18602047860622406,0.22357910871505737,0.9295250773429871
60,60,2215,2006-04-03T07:00:00.000000,135.15492248535156,7.352084159851074,0.0803794115781784,0.17929446697235107,0.8225626349449158
61,61,2215,2006-04-03T07:00:00.000000,587.432373046875,11.39375114440918,0.20923897624015808,0.21503493189811707,0.914500892162323
62,62,2215,2006-04-03T07:00:00.000000,324.5314636230469,9.333333969116211,0.09309102594852448,0.15807467699050903,0.7087748050689697
63,63,2215,2006-04-03T07:00:00.000000,986.6390380859375,16.193750381469727,0.41562193632125854,0.3323667049407959,1.50071120262146
64,64,2215,2006-04-03T07:00:00.000000,289.150390625,10.254167556762695,0.10034683346748352,0.191025048494339,0.8955603837966919
65,65,2215,2006-04-03T07:00:00.000000,245.47442626953125,8.583334922790527,0.07568007707595825,0.1507105529308319,0.6736454963684082
66,66,2215,2006-04-03T07:00:00.000000,580.0303955078125,11.537500381469727,0.187839075922966,0.20762483775615692,0.9173529148101807
67,67,2215,2006-04-03T07:00:00.000000,304.4151611328125,8.75,0.10076608508825302,0.15919598937034607,0.6827632188796997
68,68,2215,2006-04-03T07:00:00.000000,2123.244384765625,23.872915267944336,0.17711912095546722,0.21804103255271912,1.0141890048980713
69,69,2215,2006-04-03T07:00:00.000000,950.1416015625,15.137502670288086,0.08273181319236755,0.1412525624036789,0.6387453675270081
70,70,2215,2006-04-03T07:00:00.000000,1097.58837890625,18.116666793823242,0.18069177865982056,0.23244903981685638,0.9723865389823914
71,71,2215,2006-04-03T07:00:00.000000,348.18377685546875,9.529167175292969,0.2609359622001648,0.26086610555648804,1.1195011138916016
72,72,2215,2006-04-03T07:00:00.000000,553.4760131835938,13.335416793823242,0.2054719775915146,0.2569410502910614,1.132764458656311
73,73,2215,2006-04-03T07:00:00.000000,4358.228515625,37.31458282470703,0.18353842198848724,0.24215146899223328,1.0781296491622925
74,74,2215,2006-04-03T07:00:00.000000,493.42755126953125,11.11875057220459,0.16655027866363525,0.20427583158016205,0.8219339847564697
75,75,2215,2006-04-03T07:00:00.000000,478.4919128417969,11.281249046325684,0.15162521600723267,0.20081937313079834,0.8521852493286133
76,76,2215,2006-04-03T07:00:00.000000,301.0382995605469,8.408333778381348,0.0908556580543518,0.14607471227645874,0.6424447298049927
77,77,2215,2006-04-03T07:00:00.000000,30.626354217529297,3.1312503814697266,0.009233560413122177,0.05436943098902702,0.24072681367397308
78,78,2215,2006-04-03T07:00:00.000000,205.51019287109375,7.433333873748779,0.07393266260623932,0.14098896086215973,0.621755838394165
79,79,2215,2006-04-03T07:00:00.000000,161.84478759765625,5.987500190734863,0.055609092116355896,0.11098621785640717,0.4882623553276062
80,80,2215,2006-04-03T07:00:00.000000,432.53363037109375,11.90625,0.10290809720754623,0.18364952504634857,0.7382418513298035
81,81,2215,2006-04-03T07:00:00.000000,351.87933349609375,10.102084159851074,0.1040647029876709,0.1737264096736908,0.8041603565216064
82,82,2215,2006-04-03T07:00:00.000000,310.3624267578125,9.24375057220459,0.11785798519849777,0.18013295531272888,0.8166245818138123
83,83,2215,2006-04-03T07:00:00.000000,103.33293151855469,6.050000190734863,0.06434721499681473,0.15097355842590332,0.645487904548645
84,84,2215,2006-04-03T07:00:00.000000,172.8189697265625,7.629167079925537,0.050518184900283813,0.13043835759162903,0.6162821054458618
85,85,2215,2006-04-03T07:00:00.000000,1538.8792724609375,20.979167938232422,0.6134392619132996,0.41886278986930847,1.7618470191955566
86,86,2215,2006-04-03T07:00:00.000000,1376.791259765625,20.10208511352539,0.46051034331321716,0.3676433563232422,1.588947057723999
87,87,2215,2006-04-03T07:00:00.000000,643.28662109375,11.560416221618652,0.25973057746887207,0.23229122161865234,1.0249195098876953
88,88,2215,2006-04-03T07:00:00.000000,82.76176452636719,4.768750190734863,0.030284546315670013,0.0912221297621727,0.4226740300655365
89,89,2215,2006-04-03T07:00:00.000000,838.3270263671875,15.545832633972168,0.34167954325675964,0.3138461112976074,1.3970961570739746
90,90,2215,2006-04-03T07:00:00.000000,484.3859558105469,11.65625,0.39810246229171753,0.33416467905044556,1.4930728673934937
91,91,2215,2006-04-03T07:00:00.000000,394.3481140136719,10.333333969116211,0.19064931571483612,0.22720514237880707,0.9982163906097412
92,92,2215,2006-04-03T07:00:00.000000,1377.240234375,17.69583511352539,0.4966295659542084,0.3360334038734436,1.3859882354736328
93,93,2215,2006-04-03T07:00:00.000000,389.10247802734375,11.287500381469727,0.20046666264533997,0.2562045454978943,1.125851035118103
94,94,2215,2006-04-03T07:00:00.000000,236.913330078125,9.300000190734863,0.08470194041728973,0.17584696412086487,0.8235980868339539
95,95,2215,2006-04-03T07:00:00.000000,219.7186737060547,7.827084541320801,0.07685229927301407,0.14638446271419525,0.6640198230743408
96,96,2215,2006-04-03T07:00:00.000000,1006.5548706054688,18.42291831970215,0.5495765209197998,0.4304807782173157,1.6889233589172363
97,97,2215,2006-04-03T07:00:00.000000,1213.162353515625,18.791667938232422,0.4925079941749573,0.3786277770996094,1.5058220624923706
98,98,2215,2006-04-03T07:00:00.000000,183.89215087890625,8.1104154586792,0.06906978785991669,0.1571829915046692,0.7376920580863953
99,99,2215,2006-04-03T07:00:00.000000,386.9147644042969,10.5625,0.13291573524475098,0.1957705020904541,0.8404304385185242
100,100,2215,2006-04-03T07:00:00.000000,95.10457611083984,5.8416666984558105,0.056819476187229156,0.1427856832742691,0.6634871959686279
101,101,2215,2006-04-03T07:00:00.000000,119.83821868896484,6.452083587646484,0.07773742079734802,0.16433018445968628,0.707716166973114
102,102,2215,2006-04-03T07:00:00.000000,241.65069580078125,8.858335494995117,0.07983081042766571,0.16100648045539856,0.6952283382415771
103,103,2215,2006-04-03T07:00:00.000000,497.5419616699219,11.743749618530273,0.14598074555397034,0.20115910470485687,0.9144004583358765
104,104,2215,2006-04-03T07:00:00.000000,1270.339111328125,18.89166831970215,0.1681564301252365,0.21735379099845886,0.9984518885612488
105,105,2215,2006-04-03T07:00:00.000000,919.4849853515625,17.0,0.12087561190128326,0.19491532444953918,0.8812118768692017
106,106,2215,2006-04-03T07:00:00.000000,165.89859008789062,7.5500006675720215,0.06030435860157013,0.14394614100456238,0.65753173828125
107,107,2215,2006-04-03T07:00:00.000000,1247.0477294921875,17.008333206176758,0.40906593203544617,0.30804693698883057,1.3166420459747314
108,108,2215,2006-04-03T07:00:00.000000,1056.8326416015625,17.214584350585938,0.44048404693603516,0.35144591331481934,1.5145457983016968
109,109,2215,2006-04-03T07:00:00.000000,615.65478515625,11.549999237060547,0.20028434693813324,0.20832280814647675,0.8839623928070068
110,110,2215,2006-04-03T07:00:00.000000,663.0325927734375,12.035415649414062,0.18635408580303192,0.2017730474472046,0.952633798122406
111,111,2215,2006-04-03T07:00:00.000000,478.94342041015625,11.797916412353516,0.17724011838436127,0.22695735096931458,0.926872193813324
112,112,2215,2006-04-03T07:00:00.000000,98.01031494140625,4.889582633972168,0.10373933613300323,0.15907709300518036,0.6762124300003052
113,113,2215,2006-04-03T07:00:00.000000,401.913330078125,11.416666984558105,0.1624535322189331,0.22952906787395477,0.9637725353240967
114,114,2215,2006-04-03T07:00:00.000000,221.64939880371094,6.845832824707031,0.07312517613172531,0.12434448301792145,0.5291372537612915
115,115,2215,2006-04-03T07:00:00.000000,26.964481353759766,3.0812501907348633,0.17094604671001434,0.24533554911613464,0.982188880443573
116,116,2215,2006-04-03T07:00:00.000000,568.564208984375,11.154167175292969,0.20396342873573303,0.211263045668602,0.9339646100997925
117,117,2215,2006-04-03T07:00:00.000000,173.2203369140625,7.235417366027832,0.05881734937429428,0.13332661986351013,0.6014508008956909
118,118,2215,2006-04-03T07:00:00.000000,1214.2906494140625,17.075000762939453,0.37150245904922485,0.2986621856689453,1.2240931987762451
119,119,2215,2006-04-03T07:00:00.000000,340.13824462890625,9.793750762939453,0.26307371258735657,0.27237048745155334,1.2222516536712646
120,120,2215,2006-04-03T07:00:00.000000,1808.71142578125,22.372915267944336,0.6240677833557129,0.4155791997909546,1.742910385131836
121,121,2215,2006-04-03T07:00:00.000000,6189.0068359375,48.591670989990234,0.4068698287010193,0.39398443698883057,1.6673635244369507
122,122,2215,2006-04-03T07:00:00.000000,276.1920166015625,8.885417938232422,0.09866010397672653,0.16793569922447205,0.6863071322441101
123,123,2215,2006-04-03T07:00:00.000000,1368.970703125,18.764585494995117,0.5010302662849426,0.35898298025131226,1.427842378616333
124,124,2215,2006-04-03T07:00:00.000000,1022.2877197265625,14.529167175292969,0.1437777876853943,0.1723058521747589,0.7583000063896179
125,125,2215,2006-04-03T07:00:00.000000,171.51559448242188,7.829165935516357,0.031031347811222076,0.1053086370229721,0.4495266079902649
126,126,2215,2006-04-03T07:00:00.000000,93.18062591552734,5.425000190734863,0.1089114248752594,0.18546998500823975,0.8186644315719604
127,127,2215,2006-04-03T07:00:00.000000,447.1444091796875,10.612500190734863,0.1680215448141098,0.20571988821029663,0.9293345212936401
128,128,2215,2006-04-03T07:00:00.000000,677.4163818359375,12.545833587646484,0.2163745015859604,0.2242201864719391,0.8907968401908875
129,129,2215,2006-04-03T07:00:00.000000,43.39270782470703,3.4499998092651367,0.21982261538505554,0.24555395543575287,0.9980944395065308
130,130,2215,2006-04-03T07:00:00.000000,270.243896484375,8.956250190734863,0.13005998730659485,0.19648081064224243,0.8660145998001099
131,131,2215,2006-04-03T07:00:00.000000,266.827880859375,9.216666221618652,0.09368440508842468,0.17269983887672424,0.7962459325790405
132,132,2215,2006-04-03T07:00:00.000000,236.3010711669922,8.383334159851074,0.06749540567398071,0.14168407022953033,0.6577171087265015
133,133,2215,2006-04-03T07:00:00.000000,362.25164794921875,10.02500057220459,0.12387117743492126,0.18538062274456024,0.8275090456008911
134,134,2215,2006-04-03T07:00:00.000000,134.97061157226562,6.587499141693115,0.042850520461797714,0.1173759326338768,0.4901588559150696
135,135,2215,2006-04-03T07:00:00.000000,340.7562255859375,10.529167175292969,0.1586267650127411,0.22717490792274475,1.0139083862304688
136,136,2215,2006-04-03T07:00:00.000000,601.9886474609375,14.045832633972168,0.11706741154193878,0.1958715319633484,0.8367623686790466
0,0,2727,2006-04-24T15:00:00.000000,4564.4697265625,34.837501525878906,0.3433361053466797,0.30214232206344604,1.332660436630249
1,1,2727,2006-04-24T15:00:00.000000,1434.2513427734375,21.533336639404297,0.3987601399421692,0.3590496778488159,1.5729103088378906
2,2,2727,2006-04-24T15:00:00.000000,939.0211791992188,16.606250762939453,0.28611046075820923,0.2898683249950409,1.2595349550247192
3,3,2727,2006-04-24T15:00:00.000000,588.5867309570312,10.983332633972168,0.15520477294921875,0.1783534288406372,0.8053816556930542
4,4,2727,2006-04-24T15:00:00.000000,5948.55615234375,44.931251525878906,0.5861409902572632,0.4460091292858124,2.027019500732422
5,5,2727,2006-04-24T15:00:00.000000,1191.99462890625,17.66250228881836,0.051006004214286804,0.11553823202848434,0.5014557242393494
6,6,2727,2006-04-24T15:00:00.000000,266.5303649902344,8.035417556762695,0.10064785182476044,0.15614832937717438,0.7248107194900513
7,7,2727,2006-04-24T15:00:00.000000,349.46221923828125,10.414583206176758,0.12503239512443542,0.19699403643608093,0.8794453144073486
8,8,2727,2006-04-24T15:00:00.000000,546.4000854492188,12.429167747497559,0.14627084136009216,0.20336000621318817,0.9443882703781128
9,9,2727,2006-04-24T15:00:00.000000,193.31907653808594,8.302083969116211,0.06237003207206726,0.14912064373493195,0.6281336545944214
10,10,2727,2006-04-24T15:00:00.000000,492.719970703125,12.160417556762695,0.161651611328125,0.22026142477989197,0.9321748614311218
11,11,2727,2006-04-24T15:00:00.000000,190.3356170654297,7.962499618530273,0.20045159757137299,0.25840097665786743,1.1926430463790894
12,12,2727,2006-04-24T15:00:00.000000,601.3253784179688,12.797916412353516,0.15636250376701355,0.20637200772762299,0.9276266098022461
13,13,2727,2006-04-24T15:00:00.000000,526.6121215820312,12.379167556762695,0.15767095983028412,0.2142011821269989,0.9144200086593628
14,14,2727,2006-04-24T15:00:00.000000,87.4829330444336,5.316667556762695,0.021830422803759575,0.08398639410734177,0.3672278821468353
15,15,2727,2006-04-24T15:00:00.000000,649.6068115234375,14.34375,0.5742530226707458,0.4264706075191498,1.9402284622192383
16,16,2727,2006-04-24T15:00:00.000000,762.1243896484375,15.114583969116211,0.1904083788394928,0.23890559375286102,1.07197904586792
17,17,2727,2006-04-24T15:00:00.000000,415.1032409667969,9.260416030883789,0.1059771478176117,0.14796486496925354,0.6650423407554626
18,18,2727,2006-04-24T15:00:00.000000,532.9710693359375,11.591666221618652,0.166975736618042,0.20517325401306152,0.9016131162643433
19,19,2727,2006-04-24T15:00:00.000000,439.54132080078125,11.750001907348633,0.13472256064414978,0.20571133494377136,0.8777090311050415
20,20,2727,2006-04-24T15:00:00.000000,964.6669921875,15.147918701171875,0.2522091865539551,0.24493150413036346,1.074343204498291
21,21,2727,2006-04-24T15:00:00.000000,658.097900390625,13.658332824707031,0.17318592965602875,0.22156886756420135,0.970138669013977
22,22,2727,2006-04-24T15:00:00.000000,1090.539306640625,18.910419464111328,0.24073801934719086,0.2809653878211975,1.288259744644165
23,23,2727,2006-04-24T15:00:00.000000,5931.8759765625,38.31458282470703,0.3730505108833313,0.3038448393344879,1.3727226257324219
24,24,2727,2006-04-24T15:00:00.000000,597.2548217773438,13.308333396911621,0.14858420193195343,0.209908589720726,0.93486088514328
25,25,2727,2006-04-24T15:00:00.000000,358.5082702636719,10.689584732055664,0.14209780097007751,0.2128162980079651,0.9801034331321716
26,26,2727,2006-04-24T15:00:00.000000,469.81573486328125,12.452082633972168,0.14548683166503906,0.21912407875061035,0.9498459696769714
27,27,2727,2006-04-24T15:00:00.000000,876.246337890625,16.327083587646484,0.22463402152061462,0.26141664385795593,1.188666820526123
28,28,2727,2006-04-24T15:00:00.000000,2990.95263671875,29.099998474121094,0.18445104360580444,0.2285224050283432,1.0525095462799072
29,29,2727,2006-04-24T15:00:00.000000,415.9061279296875,11.643749237060547,0.12314202636480331,0.20035414397716522,0.8598871231079102
30,30,2727,2006-04-24T15:00:00.000000,635.9034423828125,14.506250381469727,0.2462535798549652,0.28546369075775146,1.3272757530212402
31,31,2727,2006-04-24T15:00:00.000000,3983.7373046875,33.94999694824219,0.3097391128540039,0.2993590831756592,1.361325979232788
32,32,2727,2006-04-24T15:00:00.000000,488.8992614746094,12.512499809265137,0.12469154596328735,0.1998264044523239,0.9301938414573669
33,33,2727,2006-04-24T15:00:00.000000,317.60052490234375,10.043749809265137,0.10333596169948578,0.1811678111553192,0.8245733976364136
34,34,2727,2006-04-24T15:00:00.000000,326.07427978515625,9.335416793823242,0.10956218093633652,0.17112195491790771,0.7344662547111511
35,35,2727,2006-04-24T15:00:00.000000,271.9231262207031,8.991666793823242,0.12343164533376694,0.19157128036022186,0.8642101287841797
36,36,2727,2006-04-24T15:00:00.000000,775.7069702148438,12.904169082641602,0.20175838470458984,0.2081119418144226,0.9515591859817505
37,37,2727,2006-04-24T15:00:00.000000,219.76451110839844,8.210416793823242,0.12221524119377136,0.1936195194721222,0.8366472721099854
38,38,2727,2006-04-24T15:00:00.000000,202.25521850585938,8.195834159851074,0.05681261047720909,0.13736170530319214,0.597778856754303
39,39,2727,2006-04-24T15:00:00.000000,565.5785522460938,13.683333396911621,0.1805829256772995,0.24450278282165527,1.0465863943099976
40,40,2727,2006-04-24T15:00:00.000000,2712.04443359375,24.174999237060547,0.14812125265598297,0.17865978181362152,0.7404423952102661
41,41,2727,2006-04-24T15:00:00.000000,522.8323974609375,11.504165649414062,0.15912413597106934,0.20069746673107147,0.8537318706512451
42,42,2727,2006-04-24T15:00:00.000000,715.44775390625,14.187499046325684,0.1978553980588913,0.23593419790267944,1.0437960624694824
43,43,2727,2006-04-24T15:00:00.000000,431.50421142578125,11.27500057220459,0.13399851322174072,0.19868910312652588,0.8546318411827087
44,44,2727,2006-04-24T15:00:00.000000,2232.50830078125,27.556249618530273,0.3219408094882965,0.3309112787246704,1.4961857795715332
45,45,2727,2006-04-24T15:00:00.000000,1030.468994140625,19.462499618530273,0.39506661891937256,0.38108015060424805,1.7046401500701904
46,46,2727,2006-04-24T15:00:00.000000,247.43894958496094,7.608333110809326,0.13043710589408875,0.17468520998954773,0.8069555163383484
47,47,2727,2006-04-24T15:00:00.000000,275.85198974609375,10.072917938232422,0.1017264872789383,0.19343462586402893,0.8995599746704102
48,48,2727,2006-04-24T15:00:00.000000,2791.4892578125,26.385417938232422,0.7809800505638123,0.44133251905441284,1.9189810752868652
49,49,2727,2006-04-24T15:00:00.000000,382.6683044433594,10.73750114440918,0.11203350126743317,0.18372398614883423,0.811477541923523
50,50,2727,2006-04-24T15:00:00.000000,772.1727905273438,13.935416221618652,0.19423441588878632,0.22101706266403198,1.004408597946167
51,51,2727,2006-04-24T15:00:00.000000,384.63909912109375,11.052083969116211,0.11659210175275803,0.1924208104610443,0.8172591924667358
52,52,2727,2006-04-24T15:00:00.000000,3375.469482421875,32.08958435058594,0.9188472032546997,0.529442310333252,2.362232208251953
53,53,2727,2006-04-24T15:00:00.000000,174.1472625732422,7.641666412353516,0.04430581256747246,0.12188774347305298,0.5517686605453491
54,54,2727,2006-04-24T15:00:00.000000,496.4357604980469,10.33125114440918,0.18533730506896973,0.19961945712566376,0.8783823847770691
55,55,2727,2006-04-24T15:00:00.000000,1186.8668212890625,18.356250762939453,0.3146488666534424,0.2988794445991516,1.2917132377624512
56,56,2727,2006-04-24T15:00:00.000000,357.67901611328125,9.220834732055664,0.09284719079732895,0.14856204390525818,0.6899873614311218
57,57,2727,2006-04-24T15:00:00.000000,549.0771484375,10.585416793823242,0.18459919095039368,0.1940913200378418,0.8796597719192505
58,58,2727,2006-04-24T15:00:00.000000,260.6170959472656,8.008334159851074,0.09973137080669403,0.15665945410728455,0.6884190440177917
59,59,2727,2006-04-24T15:00:00.000000,777.9462890625,15.977084159851074,0.1988222897052765,0.2554202079772949,1.1235357522964478
60,60,2727,2006-04-24T15:00:00.000000,322.68896484375,8.870834350585938,0.17111897468566895,0.20427793264389038,0.9218600988388062
61,61,2727,2006-04-24T15:00:00.000000,483.9775390625,11.668749809265137,0.13880105316638947,0.19760960340499878,0.858960747718811
62,62,2727,2006-04-24T15:00:00.000000,86.17928314208984,5.589583873748779,0.028496457263827324,0.10164205729961395,0.3985826373100281
63,63,2727,2006-04-24T15:00:00.000000,342.771484375,10.145833969116211,0.11280664056539536,0.18405714631080627,0.859184205532074
64,64,2727,2006-04-24T15:00:00.000000,1029.7509765625,16.65625,0.298530638217926,0.2835995852947235,1.2790700197219849
65,65,2727,2006-04-24T15:00:00.000000,265.5703430175781,9.33125114440918,0.08481308072805405,0.1667560338973999,0.709972620010376
66,66,2727,2006-04-24T15:00:00.000000,551.3494873046875,11.139582633972168,0.14705976843833923,0.18192917108535767,0.7901419997215271
67,67,2727,2006-04-24T15:00:00.000000,1724.8182373046875,20.61458396911621,0.46104657649993896,0.33703526854515076,1.467949390411377
68,68,2727,2006-04-24T15:00:00.000000,2392.279296875,28.064586639404297,0.1992543637752533,0.2561277151107788,0.9760781526565552
69,69,2727,2006-04-24T15:00:00.000000,2756.14208984375,28.61041831970215,0.24744832515716553,0.2710913419723511,1.2544145584106445
70,70,2727,2006-04-24T15:00:00.000000,561.407470703125,12.516666412353516,0.08813631534576416,0.15682923793792725,0.7037161588668823
71,71,2727,2006-04-24T15:00:00.000000,410.13690185546875,11.604166984558105,0.2548527717590332,0.28926390409469604,1.2555612325668335
72,72,2727,2006-04-24T15:00:00.000000,1575.161865234375,20.350000381469727,0.4523094892501831,0.3448416590690613,1.5359185934066772
73,73,2727,2006-04-24T15:00:00.000000,21247.10546875,80.46250915527344,0.6907719969749451,0.45878690481185913,2.140045404434204
74,74,2727,2006-04-24T15:00:00.000000,1838.64306640625,20.549999237060547,0.46798595786094666,0.327853262424469,1.4262232780456543
75,75,2727,2006-04-24T15:00:00.000000,693.838134765625,15.17500114440918,0.17842137813568115,0.24334536492824554,1.1006884574890137
76,76,2727,2006-04-24T15:00:00.000000,820.142822265625,15.066667556762695,0.21649965643882751,0.24479417502880096,1.081905484199524
77,77,2727,2006-04-24T15:00:00.000000,307.520751953125,9.477084159851074,0.10146190226078033,0.1721428483724594,0.7287043929100037
78,78,2727,2006-04-24T15:00:00.000000,272.6835632324219,8.912500381469727,0.07860934734344482,0.15132378041744232,0.663215160369873
79,79,2727,2006-04-24T15:00:00.000000,1446.524658203125,19.093751907348633,0.40760838985443115,0.3205161690711975,1.4584048986434937
80,80,2727,2006-04-24T15:00:00.000000,965.7823486328125,17.200000762939453,0.174930602312088,0.23148438334465027,1.0171749591827393
81,81,2727,2006-04-24T15:00:00.000000,119.16769409179688,6.912499904632568,0.04164334386587143,0.1292196810245514,0.5055453777313232
82,82,2727,2006-04-24T15:00:00.000000,167.6539306640625,6.59999942779541,0.06031128391623497,0.12518039345741272,0.5677345991134644
83,83,2727,2006-04-24T15:00:00.000000,126.7562255859375,6.245833396911621,0.06654509902000427,0.14310795068740845,0.6556789875030518
84,84,2727,2006-04-24T15:00:00.000000,333.082275390625,10.375,0.11053844541311264,0.1890031397342682,0.8071861267089844
85,85,2727,2006-04-24T15:00:00.000000,318.6742858886719,10.293750762939453,0.10294494032859802,0.18501316010951996,0.8493151664733887
86,86,2727,2006-04-24T15:00:00.000000,638.922119140625,12.197916030883789,0.15737196803092957,0.191436767578125,0.8964911699295044
87,87,2727,2006-04-24T15:00:00.000000,567.94677734375,13.59375,0.17913804948329926,0.24142341315746307,1.1018837690353394
88,88,2727,2006-04-24T15:00:00.000000,464.25146484375,12.36250114440918,0.18886199593544006,0.24934571981430054,1.1077628135681152
89,89,2727,2006-04-24T15:00:00.000000,207.28167724609375,7.3791656494140625,0.06421548128128052,0.12988132238388062,0.5858847498893738
90,90,2727,2006-04-24T15:00:00.000000,318.8848876953125,10.602084159851074,0.19938796758651733,0.26510852575302124,1.1280608177185059
91,91,2727,2006-04-24T15:00:00.000000,223.48294067382812,7.908334255218506,0.08261241763830185,0.15204967558383942,0.6623993515968323
92,92,2727,2006-04-24T15:00:00.000000,584.937744140625,12.556249618530273,0.1469537913799286,0.1990194320678711,0.8971052169799805
93,93,2727,2006-04-24T15:00:00.000000,166.45790100097656,7.204166412353516,0.05727126821875572,0.1336287558078766,0.5653911828994751
94,94,2727,2006-04-24T15:00:00.000000,209.38951110839844,8.177083969116211,0.0743202194571495,0.15405453741550446,0.6436523795127869
95,95,2727,2006-04-24T15:00:00.000000,1596.721923828125,21.597919464111328,0.4525725245475769,0.36361464858055115,1.6147797107696533
96,96,2727,2006-04-24T15:00:00.000000,786.1800537109375,16.61250114440918,0.3068810701370239,0.32821547985076904,1.336909532546997
97,97,2727,2006-04-24T15:00:00.000000,288.6078186035156,9.289583206176758,0.09542643278837204,0.16891823709011078,0.7645747065544128
98,98,2727,2006-04-24T15:00:00.000000,248.42855834960938,8.675000190734863,0.10326330363750458,0.17686495184898376,0.8138447999954224
99,99,2727,2006-04-24T15:00:00.000000,2565.420654296875,28.041667938232422,0.7322289347648621,0.47374868392944336,2.060481071472168
100,100,2727,2006-04-24T15:00:00.000000,208.89361572265625,7.381249904632568,0.10554727166891098,0.16591697931289673,0.7571210265159607
101,101,2727,2006-04-24T15:00:00.000000,496.9716796875,10.808333396911621,0.27126413583755493,0.25251612067222595,1.1242551803588867
102,102,2727,2006-04-24T15:00:00.000000,544.623779296875,11.983333587646484,0.17141632735729218,0.21259616315364838,0.9049341678619385
103,103,2727,2006-04-24T15:00:00.000000,272.1112060546875,8.631250381469727,0.08700023591518402,0.1543336808681488,0.6253715753555298
104,104,2727,2006-04-24T15:00:00.000000,1181.4635009765625,19.939584732055664,0.1473836600780487,0.22270533442497253,0.9306625127792358
105,105,2727,2006-04-24T15:00:00.000000,1458.054443359375,21.212501525878906,0.1803702414035797,0.2359323352575302,1.0353760719299316
106,106,2727,2006-04-24T15:00:00.000000,355.74346923828125,10.481249809265137,0.12258738279342651,0.1945662498474121,0.8770480155944824
107,107,2727,2006-04-24T15:00:00.000000,1157.6361083984375,17.356250762939453,0.29228729009628296,0.2757876515388489,1.2787847518920898
108,108,2727,2006-04-24T15:00:00.000000,385.5306091308594,11.225000381469727,0.12490969896316528,0.2020481824874878,0.9389540553092957
109,109,2727,2006-04-24T15:00:00.000000,1058.21240234375,16.53750228881836,0.2698941230773926,0.2641071677207947,1.1941983699798584
110,110,2727,2006-04-24T15:00:00.000000,601.5978393554688,12.806249618530273,0.18718920648097992,0.22589635848999023,0.9759925603866577
111,111,2727,2006-04-24T15:00:00.000000,592.1439208984375,11.808334350585938,0.15851083397865295,0.1931988000869751,0.9030712842941284
112,112,2727,2006-04-24T15:00:00.000000,59.0440788269043,4.5229172706604,0.06140074133872986,0.1458536684513092,0.6385654807090759
113,113,2727,2006-04-24T15:00:00.000000,339.78656005859375,7.93125057220459,0.11469539999961853,0.14571745693683624,0.6719521880149841
114,114,2727,2006-04-24T15:00:00.000000,2221.459716796875,22.710416793823242,0.5612839460372925,0.3609916865825653,1.6700305938720703
115,115,2727,2006-04-24T15:00:00.000000,18.415000915527344,2.066666603088379,0.0855560153722763,0.1408671885728836,0.6472261548042297
116,116,2727,2006-04-24T15:00:00.000000,566.9442138671875,11.599998474121094,0.16235122084617615,0.19629788398742676,0.8726910948753357
117,117,2727,2006-04-24T15:00:00.000000,2149.27587890625,24.11458396911621,0.6331349611282349,0.41388702392578125,1.8222332000732422
118,118,2727,2006-04-24T15:00:00.000000,693.8948974609375,12.325000762939453,0.17963288724422455,0.1983046978712082,0.9078888893127441
119,119,2727,2006-04-24T15:00:00.000000,317.66937255859375,10.8125,0.1934758722782135,0.2668405771255493,1.1498266458511353
120,120,2727,2006-04-24T15:00:00.000000,941.927490234375,15.516668319702148,0.2416132390499115,0.24851354956626892,1.124786615371704
121,121,2727,2006-04-24T15:00:00.000000,6437.28857421875,42.770835876464844,0.3429519534111023,0.3121856153011322,1.5013618469238281
122,122,2727,2006-04-24T15:00:00.000000,308.41937255859375,9.187499046325684,0.08283445239067078,0.15056777000427246,0.6897026300430298
123,123,2727,2006-04-24T15:00:00.000000,969.2103881835938,16.443748474121094,0.2406640350818634,0.25911790132522583,1.1546266078948975
124,124,2727,2006-04-24T15:00:00.000000,1813.352294921875,22.75833511352539,0.207193523645401,0.24326938390731812,1.1234197616577148
125,125,2727,2006-04-24T15:00:00.000000,2873.305419921875,25.231250762939453,0.43770894408226013,0.31141573190689087,1.3684577941894531
126,126,2727,2006-04-24T15:00:00.000000,109.71541595458984,5.574999809265137,0.10991915315389633,0.17646059393882751,0.8034040927886963
127,127,2727,2006-04-24T15:00:00.000000,1234.4390869140625,19.13958168029785,0.3648531138896942,0.3290460407733917,1.4805959463119507
128,128,2727,2006-04-24T15:00:00.000000,1599.00830078125,20.93541717529297,0.4039883613586426,0.3327673375606537,1.5290682315826416
129,129,2727,2006-04-24T15:00:00.000000,132.34896850585938,6.108333587646484,0.5473501682281494,0.39282137155532837,1.742703914642334
130,130,2727,2006-04-24T15:00:00.000000,1546.273193359375,21.80000114440918,0.6582190990447998,0.44977840781211853,1.8807666301727295
131,131,2727,2006-04-24T15:00:00.000000,256.6180725097656,8.127084732055664,0.08156024664640427,0.14488732814788818,0.6375380754470825
132,132,2727,2006-04-24T15:00:00.000000,194.31126403808594,7.845832824707031,0.0636109933257103,0.14195679128170013,0.5997958779335022
133,133,2727,2006-04-24T15:00:00.000000,1316.1533203125,20.11458396911621,0.35226747393608093,0.3290743827819824,1.4887144565582275
134,134,2727,2006-04-24T15:00:00.000000,314.23504638671875,9.179167747497559,0.0816815122961998,0.14799188077449799,0.6824963092803955
135,135,2727,2006-04-24T15:00:00.000000,1125.091552734375,18.65416717529297,0.4229852855205536,0.36169669032096863,1.717240333557129
136,136,2727,2006-04-24T15:00:00.000000,677.12890625,12.793750762939453,0.11821186542510986,0.16904126107692719,0.6677364706993103
0,0,3239,2006-05-15T23:00:00.000000,2405.070068359375,26.416667938232422,0.17640352249145508,0.2262391746044159,1.0014262199401855
1,1,3239,2006-05-15T23:00:00.000000,763.3204956054688,14.814584732055664,0.22943341732025146,0.2568409740924835,1.1800788640975952
2,2,3239,2006-05-15T23:00:00.000000,1362.586181640625,20.416667938232422,0.4672718942165375,0.3780834674835205,1.5852631330490112
3,3,3239,2006-05-15T23:00:00.000000,317.1778869628906,9.287500381469727,0.11555465310811996,0.17727237939834595,0.7803835272789001
4,4,3239,2006-05-15T23:00:00.000000,822.4447021484375,16.127086639404297,0.07495473325252533,0.15395793318748474,0.6803989410400391
5,5,3239,2006-05-15T23:00:00.000000,1273.654052734375,20.787500381469727,0.0775025337934494,0.16215652227401733,0.7277803421020508
6,6,3239,2006-05-15T23:00:00.000000,151.95542907714844,6.754167079925537,0.06376798450946808,0.13836142420768738,0.548798680305481
7,7,3239,2006-05-15T23:00:00.000000,737.4193115234375,15.370834350585938,0.284707635641098,0.3020228147506714,1.2002848386764526
8,8,3239,2006-05-15T23:00:00.000000,240.01614379882812,7.6437506675720215,0.08200164139270782,0.1412854790687561,0.5719113945960999
9,9,3239,2006-05-15T23:00:00.000000,840.5653076171875,15.829166412353516,0.30960237979888916,0.3037906885147095,1.3112454414367676
10,10,3239,2006-05-15T23:00:00.000000,749.6647338867188,15.74375057220459,0.27091047167778015,0.299286812543869,1.3309739828109741
11,11,3239,2006-05-15T23:00:00.000000,44.48301696777344,3.5604166984558105,0.05371740087866783,0.12372606992721558,0.519609808921814
12,12,3239,2006-05-15T23:00:00.000000,395.975830078125,8.591667175292969,0.13435256481170654,0.15825815498828888,0.7080578207969666
13,13,3239,2006-05-15T23:00:00.000000,1034.2901611328125,18.762500762939453,0.3714853525161743,0.35558247566223145,1.5559327602386475
14,14,3239,2006-05-15T23:00:00.000000,509.9508056640625,11.322917938232422,0.18107911944389343,0.21336756646633148,0.9455581903457642
15,15,3239,2006-05-15T23:00:00.000000,332.05523681640625,10.183333396911621,0.29094526171684265,0.3014327585697174,1.3566945791244507
16,16,3239,2006-05-15T23:00:00.000000,149.38595581054688,6.810417175292969,0.05177459120750427,0.1267877221107483,0.5704954266548157
17,17,3239,2006-05-15T23:00:00.000000,145.66009521484375,6.343749523162842,0.05025109276175499,0.11782799661159515,0.5291739702224731
18,18,3239,2006-05-15T23:00:00.000000,662.2985229492188,12.133333206176758,0.2464381903409958,0.2340492457151413,0.9656245708465576
19,19,3239,2006-05-15T23:00:00.000000,732.6824951171875,15.420833587646484,0.2737452983856201,0.298073410987854,1.2860963344573975
20,20,3239,2006-05-15T23:00:00.000000,333.0365905761719,9.552083969116211,0.12168034166097641,0.18258385360240936,0.8448694944381714
21,21,3239,2006-05-15T23:00:00.000000,656.7675170898438,13.983332633972168,0.2339906394481659,0.2639393210411072,1.1096301078796387
22,22,3239,2006-05-15T23:00:00.000000,1808.586669921875,27.8770809173584,0.4790074825286865,0.4536791443824768,1.6462650299072266
23,23,3239,2006-05-15T23:00:00.000000,2007.47119140625,21.59166717529297,0.14313355088233948,0.18231910467147827,0.7735462188720703
24,24,3239,2006-05-15T23:00:00.000000,236.762939453125,8.970834732055664,0.08621593564748764,0.17118656635284424,0.7160887122154236
25,25,3239,2006-05-15T23:00:00.000000,762.7708740234375,17.108333587646484,0.3568950891494751,0.3700675368309021,1.6159107685089111
26,26,3239,2006-05-15T23:00:00.000000,1111.5489501953125,17.53125,0.3994015157222748,0.3323177099227905,1.4105409383773804
27,27,3239,2006-05-15T23:00:00.000000,396.6311950683594,10.997917175292969,0.12061568349599838,0.19178688526153564,0.8487693667411804
28,28,3239,2006-05-15T23:00:00.000000,478.85284423828125,12.293749809265137,0.03457315266132355,0.10446065664291382,0.4636844992637634
29,29,3239,2006-05-15T23:00:00.000000,525.0526123046875,11.28125,0.18607354164123535,0.21237242221832275,0.871602475643158
30,30,3239,2006-05-15T23:00:00.000000,535.21875,14.30000114440918,0.28172633051872253,0.3280832767486572,1.2543199062347412
31,31,3239,2006-05-15T23:00:00.000000,618.917724609375,12.779167175292969,0.056684792041778564,0.12229800224304199,0.5410919189453125
32,32,3239,2006-05-15T23:00:00.000000,402.7090759277344,9.477083206176758,0.14772377908229828,0.1815115213394165,0.8078984022140503
33,33,3239,2006-05-15T23:00:00.000000,518.2599487304688,13.160417556762695,0.22422544658184052,0.2737400531768799,1.1914076805114746
34,34,3239,2006-05-15T23:00:00.000000,363.0360107421875,10.783332824707031,0.15862025320529938,0.2254018485546112,0.9437747001647949
35,35,3239,2006-05-15T23:00:00.000000,359.6908874511719,8.120833396911621,0.19023367762565613,0.1867581605911255,0.7792789340019226
36,36,3239,2006-05-15T23:00:00.000000,602.3870239257812,12.231249809265137,0.2194187343120575,0.23343709111213684,1.0453523397445679
37,37,3239,2006-05-15T23:00:00.000000,168.06539916992188,6.966666221618652,0.113319993019104,0.1809002161026001,0.8492833971977234
38,38,3239,2006-05-15T23:00:00.000000,537.4075927734375,12.577082633972168,0.1925281584262848,0.2380538284778595,0.9794230461120605
39,39,3239,2006-05-15T23:00:00.000000,577.4723510742188,13.333333969116211,0.19637322425842285,0.24587497115135193,1.0468087196350098
40,40,3239,2006-05-15T23:00:00.000000,2093.99267578125,22.89583396911621,0.15965396165847778,0.19992117583751678,0.8431692123413086
41,41,3239,2006-05-15T23:00:00.000000,1600.6448974609375,23.98541831970215,0.5310328006744385,0.4368782937526703,1.8562328815460205
42,42,3239,2006-05-15T23:00:00.000000,547.1705322265625,12.88333511352539,0.19754669070243835,0.24479460716247559,0.9944151639938354
43,43,3239,2006-05-15T23:00:00.000000,724.4324951171875,15.472915649414062,0.25798773765563965,0.29199326038360596,1.2506543397903442
44,44,3239,2006-05-15T23:00:00.000000,793.0028686523438,16.820831298828125,0.11733011901378632,0.2046043574810028,0.8501282930374146
45,45,3239,2006-05-15T23:00:00.000000,1160.381103515625,20.418750762939453,0.5220970511436462,0.43311619758605957,1.6893390417099
46,46,3239,2006-05-15T23:00:00.000000,159.96083068847656,6.495833396911621,0.11233995854854584,0.1721453070640564,0.7777488231658936
47,47,3239,2006-05-15T23:00:00.000000,335.0596923828125,9.814582824707031,0.18088798224925995,0.22804240882396698,0.9142321348190308
48,48,3239,2006-05-15T23:00:00.000000,152.76791381835938,7.054166793823242,0.04734396934509277,0.12418293952941895,0.5640360116958618
49,49,3239,2006-05-15T23:00:00.000000,655.0763549804688,14.39375114440918,0.2235463708639145,0.2658960223197937,1.126514196395874
50,50,3239,2006-05-15T23:00:00.000000,286.40216064453125,8.552083015441895,0.0992114394903183,0.15917125344276428,0.7486883997917175
51,51,3239,2006-05-15T23:00:00.000000,1038.82080078125,18.168750762939453,0.364046186208725,0.3401206135749817,1.4468460083007812
52,52,3239,2006-05-15T23:00:00.000000,397.0723571777344,10.708333969116211,0.12386277318000793,0.18912872672080994,0.834052324295044
53,53,3239,2006-05-15T23:00:00.000000,618.8026733398438,13.850000381469727,0.21656042337417603,0.25909751653671265,1.1335211992263794
54,54,3239,2006-05-15T23:00:00.000000,514.177490234375,11.379167556762695,0.2123713493347168,0.23126071691513062,0.9252707362174988
55,55,3239,2006-05-15T23:00:00.000000,339.9125671386719,9.622917175292969,0.11917122453451157,0.18018093705177307,0.7861782908439636
56,56,3239,2006-05-15T23:00:00.000000,453.1726989746094,11.770833969116211,0.15517237782478333,0.21781235933303833,0.9756447672843933
57,57,3239,2006-05-15T23:00:00.000000,201.62803649902344,7.685417175292969,0.08850830793380737,0.16102156043052673,0.6731340289115906
58,58,3239,2006-05-15T23:00:00.000000,335.08941650390625,9.816667556762695,0.17082272469997406,0.22164428234100342,0.9403368234634399
59,59,3239,2006-05-15T23:00:00.000000,312.69464111328125,8.891667366027832,0.10541136562824249,0.16325506567955017,0.683407723903656
60,60,3239,2006-05-15T23:00:00.000000,227.27001953125,8.33750057220459,0.15036165714263916,0.21445360779762268,0.873885989189148
61,61,3239,2006-05-15T23:00:00.000000,579.9449462890625,13.664583206176758,0.22859692573547363,0.2712927758693695,1.1313199996948242
62,62,3239,2006-05-15T23:00:00.000000,610.6709594726562,13.564582824707031,0.21885794401168823,0.2567934989929199,1.1668908596038818
63,63,3239,2006-05-15T23:00:00.000000,582.7774658203125,10.714583396911621,0.26619142293930054,0.22899234294891357,1.05646550655365
64,64,3239,2006-05-15T23:00:00.000000,160.8030242919922,6.277083873748779,0.05539339408278465,0.11650373041629791,0.48475050926208496
65,65,3239,2006-05-15T23:00:00.000000,838.6363525390625,16.42291831970215,0.2692830264568329,0.2942848801612854,1.2075142860412598
66,66,3239,2006-05-15T23:00:00.000000,489.0848388671875,11.0,0.16055476665496826,0.19930225610733032,0.9163466691970825
67,67,3239,2006-05-15T23:00:00.000000,475.0246276855469,10.004166603088379,0.1418696790933609,0.1728891134262085,0.7974300384521484
68,68,3239,2006-05-15T23:00:00.000000,3844.83935546875,37.16041564941406,0.34136590361595154,0.35014793276786804,1.3249475955963135
69,69,3239,2006-05-15T23:00:00.000000,910.5980224609375,12.9375,0.08302134275436401,0.12353267520666122,0.5440577864646912
70,70,3239,2006-05-15T23:00:00.000000,225.70944213867188,8.400001525878906,0.044970057904720306,0.11856764554977417,0.49674224853515625
71,71,3239,2006-05-15T23:00:00.000000,293.91845703125,10.185417175292969,0.24996745586395264,0.29703468084335327,1.2765213251113892
72,72,3239,2006-05-15T23:00:00.000000,208.17355346679688,6.829165935516357,0.07220818847417831,0.127188578248024,0.543754518032074
73,73,3239,2006-05-15T23:00:00.000000,6506.9482421875,49.18541717529297,0.22866615653038025,0.2915738821029663,1.2162349224090576
74,74,3239,2006-05-15T23:00:00.000000,259.4966125488281,9.043750762939453,0.09007371962070465,0.16849297285079956,0.8218459486961365
75,75,3239,2006-05-15T23:00:00.000000,111.85678100585938,5.947917461395264,0.03918430954217911,0.1113242506980896,0.47985610365867615
76,76,3239,2006-05-15T23:00:00.000000,414.398193359375,10.437501907348633,0.14821338653564453,0.19739282131195068,0.8978842496871948
77,77,3239,2006-05-15T23:00:00.000000,826.1967163085938,16.275001525878906,0.3143002390861511,0.3174326717853546,1.360935926437378
78,78,3239,2006-05-15T23:00:00.000000,213.40878295898438,9.008333206176758,0.07973501831293106,0.17412570118904114,0.6860910654067993
79,79,3239,2006-05-15T23:00:00.000000,253.22232055664062,8.379167556762695,0.08540107309818268,0.153879776597023,0.6692113280296326
80,80,3239,2006-05-15T23:00:00.000000,651.2720947265625,14.358332633972168,0.16737961769104004,0.2301834225654602,0.9404406547546387
81,81,3239,2006-05-15T23:00:00.000000,640.888916015625,13.639583587646484,0.2523042559623718,0.27062755823135376,1.1479164361953735
82,82,3239,2006-05-15T23:00:00.000000,198.33177185058594,7.547916412353516,0.08437760919332504,0.1556842029094696,0.6580194234848022
83,83,3239,2006-05-15T23:00:00.000000,150.96730041503906,6.970832824707031,0.10580199211835861,0.18453985452651978,0.7582422494888306
84,84,3239,2006-05-15T23:00:00.000000,1845.2855224609375,21.462501525878906,0.6227340698242188,0.3942755460739136,1.7255971431732178
85,85,3239,2006-05-15T23:00:00.000000,509.41357421875,10.570834159851074,0.22771231830120087,0.2234947383403778,1.0504159927368164
86,86,3239,2006-05-15T23:00:00.000000,359.5528564453125,8.947917938232422,0.13241006433963776,0.17171216011047363,0.697196900844574
87,87,3239,2006-05-15T23:00:00.000000,60.95665740966797,3.9833333492279053,0.02581828087568283,0.0819784551858902,0.3789544105529785
88,88,3239,2006-05-15T23:00:00.000000,772.0724487304688,15.854166984558105,0.3500639796257019,0.3375888466835022,1.5029780864715576
89,89,3239,2006-05-15T23:00:00.000000,478.74853515625,12.654167175292969,0.21190676093101501,0.2662270665168762,1.2375531196594238
90,90,3239,2006-05-15T23:00:00.000000,170.29063415527344,7.224999904632568,0.1434459090232849,0.2096942663192749,0.8971483707427979
91,91,3239,2006-05-15T23:00:00.000000,302.111572265625,9.927083969116211,0.16371890902519226,0.23109333217144012,0.9061617255210876
92,92,3239,2006-05-15T23:00:00.000000,254.2581024169922,9.074999809265137,0.08545951545238495,0.16637550294399261,0.7237809896469116
93,93,3239,2006-05-15T23:00:00.000000,463.4864501953125,11.524999618530273,0.2374342679977417,0.26085197925567627,1.1423759460449219
94,94,3239,2006-05-15T23:00:00.000000,424.45135498046875,10.264582633972168,0.16907256841659546,0.20486319065093994,0.8869380950927734
95,95,3239,2006-05-15T23:00:00.000000,264.8171081542969,8.291667938232422,0.09001193940639496,0.1528688222169876,0.6774503588676453
96,96,3239,2006-05-15T23:00:00.000000,575.515625,13.662501335144043,0.3040292263031006,0.31402143836021423,1.3005229234695435
97,97,3239,2006-05-15T23:00:00.000000,750.8280029296875,14.460416793823242,0.31857210397720337,0.2978615164756775,1.3739699125289917
98,98,3239,2006-05-15T23:00:00.000000,1351.09423828125,22.99791717529297,0.6661800146102905,0.5106712579727173,2.1519875526428223
99,99,3239,2006-05-15T23:00:00.000000,534.9435424804688,11.55000114440918,0.1631600260734558,0.2017134428024292,0.8565053343772888
100,100,3239,2006-05-15T23:00:00.000000,884.0029296875,15.345834732055664,0.55806964635849,0.3855740427970886,1.5709890127182007
101,101,3239,2006-05-15T23:00:00.000000,365.82672119140625,9.356249809265137,0.2606757581233978,0.2497551292181015,1.0258641242980957
102,102,3239,2006-05-15T23:00:00.000000,408.15869140625,12.122917175292969,0.15008093416690826,0.23246382176876068,1.0569736957550049
103,103,3239,2006-05-15T23:00:00.000000,381.7732849121094,10.970832824707031,0.13809025287628174,0.20864996314048767,0.9575753211975098
104,104,3239,2006-05-15T23:00:00.000000,242.14743041992188,8.36875057220459,0.03763992339372635,0.10433860868215561,0.44557201862335205
105,105,3239,2006-05-15T23:00:00.000000,846.8858642578125,16.604167938232422,0.1111026331782341,0.19018086791038513,0.7918486595153809
106,106,3239,2006-05-15T23:00:00.000000,709.4772338867188,14.197916984558105,0.2557249069213867,0.2695516049861908,1.0304442644119263
107,107,3239,2006-05-15T23:00:00.000000,457.1086120605469,10.797916412353516,0.1518923044204712,0.19683311879634857,0.8257782459259033
108,108,3239,2006-05-15T23:00:00.000000,559.402099609375,12.810417175292969,0.24751248955726624,0.2694634199142456,1.2551865577697754
109,109,3239,2006-05-15T23:00:00.000000,572.2498779296875,13.022916793823242,0.19978812336921692,0.24333254992961884,1.0953547954559326
110,110,3239,2006-05-15T23:00:00.000000,1940.799072265625,25.637502670288086,0.6505429744720459,0.46937867999076843,1.983168363571167
111,111,3239,2006-05-15T23:00:00.000000,439.9344482421875,12.185416221618652,0.1757441759109497,0.24354931712150574,0.9827897548675537
112,112,3239,2006-05-15T23:00:00.000000,26.458532333374023,2.920833110809326,0.030011221766471863,0.09837068617343903,0.39854490756988525
113,113,3239,2006-05-15T23:00:00.000000,431.6647644042969,12.05000114440918,0.18180975317955017,0.2472989559173584,1.0671067237854004
114,114,3239,2006-05-15T23:00:00.000000,140.72198486328125,6.252083778381348,0.04528253898024559,0.11215256154537201,0.4931270480155945
115,115,3239,2006-05-15T23:00:00.000000,10.804582595825195,1.9125001430511475,0.06817379593849182,0.15191692113876343,0.6143248081207275
116,116,3239,2006-05-15T23:00:00.000000,287.57275390625,10.479166984558105,0.1197146326303482,0.2138092815876007,0.8466067314147949
117,117,3239,2006-05-15T23:00:00.000000,483.9085388183594,12.220834732055664,0.14770463109016418,0.21350900828838348,0.9284319877624512
118,118,3239,2006-05-15T23:00:00.000000,352.78228759765625,10.0,0.11751803755760193,0.18251512944698334,0.7998849749565125
119,119,3239,2006-05-15T23:00:00.000000,170.65127563476562,7.004167079925537,0.14181950688362122,0.20191550254821777,0.8278689384460449
120,120,3239,2006-05-15T23:00:00.000000,218.69712829589844,7.616667747497559,0.07509015500545502,0.1411350667476654,0.647221028804779
121,121,3239,2006-05-15T23:00:00.000000,5181.8076171875,42.3395881652832,0.34153375029563904,0.3437342345714569,1.3562568426132202
122,122,3239,2006-05-15T23:00:00.000000,345.0157165527344,10.797916412353516,0.12673421204090118,0.20695099234580994,0.85179603099823
123,123,3239,2006-05-15T23:00:00.000000,572.980712890625,12.497916221618652,0.1892034411430359,0.22710786759853363,0.9844592809677124
124,124,3239,2006-05-15T23:00:00.000000,629.3724975585938,15.691665649414062,0.09839026629924774,0.19619649648666382,0.7816345691680908
125,125,3239,2006-05-15T23:00:00.000000,202.11599731445312,7.241664886474609,0.03714940324425697,0.0981779620051384,0.4340684115886688
126,126,3239,2006-05-15T23:00:00.000000,267.29144287109375,8.679166793823242,0.3608914613723755,0.31891414523124695,1.3001620769500732
127,127,3239,2006-05-15T23:00:00.000000,182.765625,6.812499523162842,0.05971375107765198,0.12313921749591827,0.5429970026016235
128,128,3239,2006-05-15T23:00:00.000000,547.0030517578125,12.879168510437012,0.19718335568904877,0.2445276975631714,1.0933969020843506
129,129,3239,2006-05-15T23:00:00.000000,13.447601318359375,1.8770831823349,0.06230294331908226,0.12776601314544678,0.5447912216186523
130,130,3239,2006-05-15T23:00:00.000000,85.96905517578125,4.681249618530273,0.0437672883272171,0.105624720454216,0.4364253282546997
131,131,3239,2006-05-15T23:00:00.000000,295.82513427734375,9.135416984558105,0.10483216494321823,0.1719721555709839,0.7043465375900269
132,132,3239,2006-05-15T23:00:00.000000,1196.01171875,20.183334350585938,0.462042897939682,0.39670372009277344,1.6665595769882202
133,133,3239,2006-05-15T23:00:00.000000,275.68511962890625,9.252084732055664,0.08369487524032593,0.1612064242362976,0.7366730570793152
134,134,3239,2006-05-15T23:00:00.000000,539.5440673828125,12.302084922790527,0.18920844793319702,0.23037508130073547,1.0059481859207153
135,135,3239,2006-05-15T23:00:00.000000,477.9527282714844,14.08750057220459,0.18377685546875,0.27624019980430603,1.2184650897979736
136,136,3239,2006-05-15T23:00:00.000000,927.6273803710938,12.662500381469727,0.18214631080627441,0.1774364560842514,0.816021203994751
0,0,3751,2006-06-06T07:00:00.000000,81.63790893554688,5.841666221618652,0.005829063709825277,0.049361713230609894,0.22682389616966248
1,1,3751,2006-06-06T07:00:00.000000,339.63214111328125,7.9375,0.10242682695388794,0.13784348964691162,0.600073516368866
2,2,3751,2006-06-06T07:00:00.000000,14.20874309539795,2.3958330154418945,0.004488623235374689,0.042582906782627106,0.1852247714996338
3,3,3751,2006-06-06T07:00:00.000000,13.846242904663086,2.0416667461395264,0.004203361459076405,0.035572730004787445,0.1527864634990692
4,4,3751,2006-06-06T07:00:00.000000,1265.2392578125,19.07083511352539,0.12675079703330994,0.19087927043437958,0.7853401899337769
5,5,3751,2006-06-06T07:00:00.000000,126.26049041748047,5.268750190734863,0.00573835801333189,0.035519570112228394,0.16263076663017273
6,6,3751,2006-06-06T07:00:00.000000,8.08290958404541,1.5708324909210205,0.0029664034955203533,0.030092697590589523,0.13946253061294556
7,7,3751,2006-06-06T07:00:00.000000,16.668546676635742,2.179166555404663,0.005996193271130323,0.04133132845163345,0.17954552173614502
8,8,3751,2006-06-06T07:00:00.000000,8.692911148071289,1.7583330869674683,0.002516703214496374,0.029918134212493896,0.13274337351322174
9,9,3751,2006-06-06T07:00:00.000000,39.67947006225586,3.839582920074463,0.011819612234830856,0.06626782566308975,0.3061400353908539
10,10,3751,2006-06-06T07:00:00.000000,49.30363464355469,3.9354166984558105,0.015382666140794754,0.06951316446065903,0.3131158649921417
11,11,3751,2006-06-06T07:00:00.000000,1.1607306003570557,0.4604169726371765,0.001323219621554017,0.015545385889708996,0.07078772783279419
12,12,3751,2006-06-06T07:00:00.000000,28.974239349365234,3.2645814418792725,0.008095575496554375,0.05456891655921936,0.24574491381645203
13,13,3751,2006-06-06T07:00:00.000000,6.211658477783203,1.4624990224838257,0.0018543009646236897,0.025268644094467163,0.11710649728775024
14,14,3751,2006-06-06T07:00:00.000000,5.462389945983887,1.2520824670791626,0.001712158089503646,0.02216733805835247,0.0939406305551529
15,15,3751,2006-06-06T07:00:00.000000,66.2740707397461,4.706250190734863,0.05986517667770386,0.14144587516784668,0.6214221715927124
16,16,3751,2006-06-06T07:00:00.000000,13.104896545410156,2.3062500953674316,0.003955068066716194,0.04006512463092804,0.1718662679195404
17,17,3751,2006-06-06T07:00:00.000000,5.806766510009766,1.464583158493042,0.0016754254465922713,0.024877652525901794,0.10380280017852783
18,18,3751,2006-06-06T07:00:00.000000,59.969146728515625,3.654165744781494,0.017458876594901085,0.06234942376613617,0.2851881980895996
19,19,3751,2006-06-06T07:00:00.000000,32.61114501953125,2.968750476837158,0.009439937770366669,0.0505097471177578,0.23081062734127045
20,20,3751,2006-06-06T07:00:00.000000,22.838348388671875,2.7083346843719482,0.007113450672477484,0.047798048704862595,0.2057415246963501
21,21,3751,2006-06-06T07:00:00.000000,32.772701263427734,3.2541663646698,0.009466540068387985,0.05530688911676407,0.24729618430137634
22,22,3751,2006-06-06T07:00:00.000000,130.5718994140625,7.091667175292969,0.033091410994529724,0.11289666593074799,0.513643741607666
23,23,3751,2006-06-06T07:00:00.000000,260.7613220214844,7.960416316986084,0.02017330750823021,0.07001687586307526,0.3125842213630676
24,24,3751,2006-06-06T07:00:00.000000,15.24311637878418,2.1583328247070312,0.004602306988090277,0.03750328719615936,0.1581924855709076
25,25,3751,2006-06-06T07:00:00.000000,5.726971626281738,1.4729151725769043,0.0023543930146843195,0.029864460229873657,0.1372370421886444
26,26,3751,2006-06-06T07:00:00.000000,17.893234252929688,2.593750238418579,0.005694625899195671,0.04627179726958275,0.2067522257566452
27,27,3751,2006-06-06T07:00:00.000000,297.42724609375,7.027083873748779,0.08916191756725311,0.12166746705770493,0.5386221408843994
28,28,3751,2006-06-06T07:00:00.000000,2035.3236083984375,19.714582443237305,0.16227945685386658,0.17603646218776703,0.7542577981948853
29,29,3751,2006-06-06T07:00:00.000000,15.160205841064453,2.3249995708465576,0.004431099630892277,0.039748989045619965,0.18024925887584686
30,30,3751,2006-06-06T07:00:00.000000,15.287601470947266,2.6812496185302734,0.006117997225373983,0.053637951612472534,0.2490094006061554
31,31,3751,2006-06-06T07:00:00.000000,961.3179931640625,13.247919082641602,0.08708532899618149,0.12609174847602844,0.5695902109146118
32,32,3751,2006-06-06T07:00:00.000000,23.256650924682617,2.862499713897705,0.0068841660395264626,0.049249015748500824,0.224351704120636
33,33,3751,2006-06-06T07:00:00.000000,29.025623321533203,2.758333683013916,0.011012954637408257,0.053728893399238586,0.2354537546634674
34,34,3751,2006-06-06T07:00:00.000000,51.74562072753906,4.350000381469727,0.01786787621676922,0.08083304017782211,0.37383246421813965
35,35,3751,2006-06-06T07:00:00.000000,6.735204219818115,1.5333330631256104,0.003428346011787653,0.034594208002090454,0.15108956396579742
36,36,3751,2006-06-06T07:00:00.000000,27.31824493408203,2.9062507152557373,0.00778336264193058,0.0490557961165905,0.2114650011062622
37,37,3751,2006-06-06T07:00:00.000000,3.53385591506958,1.1312499046325684,0.0021294662728905678,0.027769599109888077,0.12659567594528198
38,38,3751,2006-06-06T07:00:00.000000,16.21479606628418,2.325000286102295,0.004896668251603842,0.040403373539447784,0.1786569058895111
39,39,3751,2006-06-06T07:00:00.000000,12.285323143005371,1.8770841360092163,0.003538530319929123,0.031856782734394073,0.14215174317359924
40,40,3751,2006-06-06T07:00:00.000000,63.61033630371094,4.189584732055664,0.0035100372042506933,0.03112167678773403,0.13696680963039398
41,41,3751,2006-06-06T07:00:00.000000,33.50355529785156,3.6000008583068848,0.010186007246375084,0.0627710148692131,0.2669864892959595
42,42,3751,2006-06-06T07:00:00.000000,14.921775817871094,2.347917079925537,0.004507427103817463,0.04080720245838165,0.18735764920711517
43,43,3751,2006-06-06T07:00:00.000000,23.12958526611328,2.6708335876464844,0.006896140053868294,0.046117521822452545,0.2086295783519745
44,44,3751,2006-06-06T07:00:00.000000,50.37687683105469,3.887500286102295,0.007004050072282553,0.04583839699625969,0.21131843328475952
45,45,3751,2006-06-06T07:00:00.000000,145.11570739746094,5.360416412353516,0.05928082391619682,0.10834239423274994,0.467864990234375
46,46,3751,2006-06-06T07:00:00.000000,12.532604217529297,1.7479169368743896,0.00730954110622406,0.04221289977431297,0.1827472299337387
47,47,3751,2006-06-06T07:00:00.000000,4.914272308349609,1.3395836353302002,0.0016739682760089636,0.02472371980547905,0.11600230634212494
48,48,3751,2006-06-06T07:00:00.000000,136.88177490234375,5.618749618530273,0.042922429740428925,0.09949678182601929,0.44238990545272827
49,49,3751,2006-06-06T07:00:00.000000,14.084479331970215,2.3687500953674316,0.004150274209678173,0.04066186025738716,0.17981377243995667
50,50,3751,2006-06-06T07:00:00.000000,34.21812057495117,3.304165840148926,0.010261602699756622,0.05721914768218994,0.24963048100471497
51,51,3751,2006-06-06T07:00:00.000000,6.034371376037598,1.4999994039535522,0.0018589245155453682,0.026327278465032578,0.12457722425460815
52,52,3751,2006-06-06T07:00:00.000000,296.7295837402344,8.108333587646484,0.09612184017896652,0.14593593776226044,0.6249414086341858
53,53,3751,2006-06-06T07:00:00.000000,8.5899019241333,1.985417366027832,0.002602152992039919,0.03455605357885361,0.15456120669841766
54,54,3751,2006-06-06T07:00:00.000000,11.137293815612793,1.8041671514511108,0.0041227200999855995,0.034711938351392746,0.1519126445055008
55,55,3751,2006-06-06T07:00:00.000000,28.300201416015625,3.3541667461395264,0.00831830594688654,0.05750522017478943,0.26274487376213074
56,56,3751,2006-06-06T07:00:00.000000,31.12105369567871,2.9833333492279053,0.008920976892113686,0.05051040276885033,0.22157734632492065
57,57,3751,2006-06-06T07:00:00.000000,43.87971115112305,3.9187517166137695,0.014884624630212784,0.07217466831207275,0.3243694305419922
58,58,3751,2006-06-06T07:00:00.000000,5.760934352874756,1.335416555404663,0.0020621963776648045,0.025265930220484734,0.11221986263990402
59,59,3751,2006-06-06T07:00:00.000000,34.59374237060547,2.829166889190674,0.010363839566707611,0.04896886646747589,0.21060481667518616
60,60,3751,2006-06-06T07:00:00.000000,30.61302947998047,2.0520834922790527,0.017679652199149132,0.0493149571120739,0.21771037578582764
61,61,3751,2006-06-06T07:00:00.000000,13.011336326599121,2.1979150772094727,0.0040081338956952095,0.03857634216547012,0.17147547006607056
62,62,3751,2006-06-06T07:00:00.000000,22.88113021850586,2.6729161739349365,0.006688229739665985,0.04569852352142334,0.21625745296478271
63,63,3751,2006-06-06T07:00:00.000000,72.64730072021484,4.375000953674316,0.027804924175143242,0.08559121936559677,0.37705788016319275
64,64,3751,2006-06-06T07:00:00.000000,357.4125671386719,9.472916603088379,0.12722182273864746,0.17872264981269836,0.7915030717849731
65,65,3751,2006-06-06T07:00:00.000000,25.548749923706055,2.741666316986084,0.0078204944729805,0.04796747863292694,0.2004370391368866
66,66,3751,2006-06-06T07:00:00.000000,16.382091522216797,2.404167652130127,0.004954208619892597,0.04180874675512314,0.18159842491149902
67,67,3751,2006-06-06T07:00:00.000000,328.9885559082031,9.125000953674316,0.09655199944972992,0.15632310509681702,0.7038196921348572
68,68,3751,2006-06-06T07:00:00.000000,180.23582458496094,7.4958343505859375,0.013745449483394623,0.0654604360461235,0.2579417824745178
69,69,3751,2006-06-06T07:00:00.000000,54.436885833740234,4.429167747497559,0.005632701795548201,0.04505404829978943,0.1924697756767273
70,70,3751,2006-06-06T07:00:00.000000,77.3218765258789,4.0833330154418945,0.013699155300855637,0.054351381957530975,0.2366492599248886
71,71,3751,2006-06-06T07:00:00.000000,12.781036376953125,1.9749996662139893,0.008528433740139008,0.051017433404922485,0.22209684550762177
72,72,3751,2006-06-06T07:00:00.000000,337.88739013671875,8.76250171661377,0.11454951018095016,0.16133876144886017,0.740986704826355
73,73,3751,2006-06-06T07:00:00.000000,2906.61767578125,33.49583435058594,0.11259978264570236,0.2084805816411972,0.9020445346832275
74,74,3751,2006-06-06T07:00:00.000000,13.8845853805542,1.9958336353302002,0.004282466601580381,0.035051360726356506,0.15139180421829224
75,75,3751,2006-06-06T07:00:00.000000,10.907916069030762,1.6916661262512207,0.0030658950563520193,0.028361057862639427,0.12473320215940475
76,76,3751,2006-06-06T07:00:00.000000,7.225407600402832,1.699999213218689,0.0020396725740283728,0.028562603518366814,0.1238628625869751
77,77,3751,2006-06-06T07:00:00.000000,100.46353149414062,5.708333492279053,0.03149046748876572,0.101063571870327,0.4481438994407654
78,78,3751,2006-06-06T07:00:00.000000,20.98407554626465,2.5854175090789795,0.00621664896607399,0.04450039565563202,0.2021465003490448
79,79,3751,2006-06-06T07:00:00.000000,213.72451782226562,5.977084159851074,0.07354302704334259,0.11087481677532196,0.5085065960884094
80,80,3751,2006-06-06T07:00:00.000000,3.90541934967041,1.045833945274353,0.0006812553619965911,0.013812866061925888,0.06200559064745903
81,81,3751,2006-06-06T07:00:00.000000,30.276153564453125,2.552083969116211,0.008995117619633675,0.0439894013106823,0.1977304071187973
82,82,3751,2006-06-06T07:00:00.000000,5.568961143493652,1.2833335399627686,0.00207966729067266,0.02479986660182476,0.1139497384428978
83,83,3751,2006-06-06T07:00:00.000000,7.056764602661133,1.3645830154418945,0.003892806125804782,0.03205003961920738,0.1403537541627884
84,84,3751,2006-06-06T07:00:00.000000,22.65833854675293,2.6791672706604004,0.006808767095208168,0.04644297808408737,0.21677367389202118
85,85,3751,2006-06-06T07:00:00.000000,32.046573638916016,3.002084255218506,0.012794642709195614,0.059985481202602386,0.2673856019973755
86,86,3751,2006-06-06T07:00:00.000000,9.713235855102539,1.839583158493042,0.0028581421356648207,0.03155581280589104,0.1407543420791626
87,87,3751,2006-06-06T07:00:00.000000,7.608330726623535,1.5958328247070312,0.0028898015152662992,0.03110116720199585,0.1406688094139099
88,88,3751,2006-06-06T07:00:00.000000,19.142292022705078,2.2083332538604736,0.007296902127563953,0.04311584681272507,0.19876131415367126
89,89,3751,2006-06-06T07:00:00.000000,6.196038722991943,1.4041662216186523,0.0023530377075076103,0.027363773435354233,0.12017720192670822
90,90,3751,2006-06-06T07:00:00.000000,24.35188102722168,2.6458334922790527,0.01579102873802185,0.06737542152404785,0.3044750690460205
91,91,3751,2006-06-06T07:00:00.000000,13.652715682983398,2.02500057220459,0.004636549390852451,0.03731754422187805,0.16811250150203705
92,92,3751,2006-06-06T07:00:00.000000,21.203125,2.883333683013916,0.006096966564655304,0.048893578350543976,0.21845412254333496
93,93,3751,2006-06-06T07:00:00.000000,4.009274482727051,1.139583706855774,0.0013945451937615871,0.02125345915555954,0.09709718078374863
94,94,3751,2006-06-06T07:00:00.000000,8.444164276123047,1.674999713897705,0.002905967179685831,0.03107289783656597,0.14052647352218628
95,95,3751,2006-06-06T07:00:00.000000,295.350341796875,7.922917366027832,0.10441139340400696,0.14896708726882935,0.679973840713501
96,96,3751,2006-06-06T07:00:00.000000,39.22822570800781,4.0729169845581055,0.015476740896701813,0.08089952170848846,0.37099215388298035
97,97,3751,2006-06-06T07:00:00.000000,11.246771812438965,1.7562501430511475,0.004307775292545557,0.03437153995037079,0.14912232756614685
98,98,3751,2006-06-06T07:00:00.000000,14.387611389160156,1.8770840167999268,0.005610535852611065,0.03706734627485275,0.17124056816101074
99,99,3751,2006-06-06T07:00:00.000000,86.78146362304688,5.408334255218506,0.026111118495464325,0.09381293505430222,0.41947460174560547
100,100,3751,2006-06-06T07:00:00.000000,5.120518207550049,1.1479167938232422,0.0029556090012192726,0.02757890149950981,0.1228151023387909
101,101,3751,2006-06-06T07:00:00.000000,2.2704153060913086,0.8208330869674683,0.001281695207580924,0.01950269192457199,0.08922679722309113
102,102,3751,2006-06-06T07:00:00.000000,22.763107299804688,2.845832347869873,0.007178683765232563,0.05053776130080223,0.22386488318443298
103,103,3751,2006-06-06T07:00:00.000000,108.36740112304688,5.797916412353516,0.03275380656123161,0.10079836845397949,0.45064324140548706
104,104,3751,2006-06-06T07:00:00.000000,15.344367980957031,2.1374988555908203,0.001911271596327424,0.023855723440647125,0.10530170798301697
105,105,3751,2006-06-06T07:00:00.000000,43.762298583984375,3.195833921432495,0.005679615773260593,0.036407727748155594,0.1663510799407959
106,106,3751,2006-06-06T07:00:00.000000,26.392688751220703,2.8208327293395996,0.008758843876421452,0.051387663930654526,0.22833000123500824
107,107,3751,2006-06-06T07:00:00.000000,14.551450729370117,2.2083330154418945,0.004268263466656208,0.03782134875655174,0.16573411226272583
108,108,3751,2006-06-06T07:00:00.000000,12.15553092956543,2.2062509059906006,0.004742854740470648,0.043580055236816406,0.1933276653289795
109,109,3751,2006-06-06T07:00:00.000000,34.336585998535156,3.5270843505859375,0.009937016293406487,0.06000194698572159,0.26584064960479736
110,110,3751,2006-06-06T07:00:00.000000,16.316680908203125,2.125000238418579,0.00501705426722765,0.03726211190223694,0.17013858258724213
111,111,3751,2006-06-06T07:00:00.000000,18.67552947998047,2.622917652130127,0.005662586539983749,0.045672591775655746,0.20216797292232513
112,112,3751,2006-06-06T07:00:00.000000,6.585309982299805,1.431249976158142,0.007388351485133171,0.047940339893102646,0.20888683199882507
113,113,3751,2006-06-06T07:00:00.000000,26.596776962280273,3.0062501430511475,0.009495221078395844,0.0568019300699234,0.2605447471141815
114,114,3751,2006-06-06T07:00:00.000000,227.29489135742188,7.989583492279053,0.07047609984874725,0.1406857967376709,0.6351352334022522
115,115,3751,2006-06-06T07:00:00.000000,0.8347913026809692,0.445833295583725,0.003669194644317031,0.02955758571624756,0.1338983178138733
116,116,3751,2006-06-06T07:00:00.000000,19.53437042236328,2.533332586288452,0.005994132719933987,0.04437677189707756,0.2000173032283783
117,117,3751,2006-06-06T07:00:00.000000,116.33207702636719,5.016666412353516,0.03668338432908058,0.08908410370349884,0.39795899391174316
118,118,3751,2006-06-06T07:00:00.000000,56.713356018066406,3.3999996185302734,0.016605500131845474,0.058178454637527466,0.25887930393218994
119,119,3751,2006-06-06T07:00:00.000000,19.728652954101562,2.6354172229766846,0.012648168951272964,0.06672897934913635,0.2943320572376251
120,120,3751,2006-06-06T07:00:00.000000,12.485523223876953,2.177083969116211,0.0036600527819246054,0.0372748076915741,0.16874659061431885
121,121,3751,2006-06-06T07:00:00.000000,103.9139633178711,5.791666030883789,0.005954613909125328,0.04384230077266693,0.17731808125972748
122,122,3751,2006-06-06T07:00:00.000000,13.398222923278809,1.714583158493042,0.0040370998904109,0.029762519523501396,0.13321951031684875
123,123,3751,2006-06-06T07:00:00.000000,28.910621643066406,3.0416669845581055,0.008317358791828156,0.051591210067272186,0.227605402469635
124,124,3751,2006-06-06T07:00:00.000000,30.518436431884766,2.8562498092651367,0.004051910247653723,0.03291129693388939,0.1492260992527008
125,125,3751,2006-06-06T07:00:00.000000,840.5541381835938,10.983333587646484,0.16320866346359253,0.15304633975028992,0.6825627088546753
126,126,3751,2006-06-06T07:00:00.000000,9.183544158935547,1.2750004529953003,0.010690439492464066,0.04350137338042259,0.19456759095191956
127,127,3751,2006-06-06T07:00:00.000000,337.01605224609375,7.491666793823242,0.11231021583080292,0.1367611587047577,0.6031182408332825
128,128,3751,2006-06-06T07:00:00.000000,38.330970764160156,2.9770846366882324,0.01099075935781002,0.05041154846549034,0.2243763506412506
129,129,3751,2006-06-06T07:00:00.000000,18.496355056762695,2.139583110809326,0.08787917345762253,0.1474786400794983,0.6286801695823669
130,130,3751,2006-06-06T07:00:00.000000,183.9779510498047,5.8625006675720215,0.09304273128509521,0.13183820247650146,0.5859167575836182
131,131,3751,2006-06-06T07:00:00.000000,8.317083358764648,1.4541661739349365,0.002511704806238413,0.025270437821745872,0.11303036659955978
132,132,3751,2006-06-06T07:00:00.000000,31.918743133544922,2.924999952316284,0.009710154496133327,0.05101712793111801,0.23963060975074768
133,133,3751,2006-06-06T07:00:00.000000,377.0533142089844,9.360417366027832,0.11534421145915985,0.16371622681617737,0.7360689640045166
134,134,3751,2006-06-06T07:00:00.000000,24.166053771972656,2.5458340644836426,0.006591010373085737,0.04204392060637474,0.1930895745754242
135,135,3751,2006-06-06T07:00:00.000000,262.7649841308594,7.733333110809326,0.1117306649684906,0.15946638584136963,0.674166202545166
136,136,3751,2006-06-06T07:00:00.000000,13.788753509521484,2.46250057220459,0.0024907607585191727,0.033096328377723694,0.14501385390758514
0,0,4263,2006-06-27T15:00:00.000000,1840.166748046875,19.84375,0.14669787883758545,0.17717687785625458,0.7767269015312195
1,1,4263,2006-06-27T15:00:00.000000,261.59747314453125,9.970832824707031,0.096371591091156,0.19137677550315857,0.8435518145561218
2,2,4263,2006-06-27T15:00:00.000000,217.84326171875,6.468750953674316,0.08285030722618103,0.12615236639976501,0.5214216709136963
3,3,4263,2006-06-27T15:00:00.000000,47.65250778198242,2.6875,0.014705016277730465,0.04721048101782799,0.2065642774105072
4,4,4263,2006-06-27T15:00:00.000000,917.0860595703125,18.27916717529297,0.0958135649561882,0.18683785200119019,0.8306112289428711
5,5,4263,2006-06-27T15:00:00.000000,845.6444091796875,15.002081871032715,0.05003591999411583,0.11539807170629501,0.4959414601325989
6,6,4263,2006-06-27T15:00:00.000000,63.174156188964844,4.4708333015441895,0.026649482548236847,0.09182547777891159,0.4078714847564697
7,7,4263,2006-06-27T15:00:00.000000,319.930419921875,10.658333778381348,0.15058834850788116,0.23123693466186523,0.9452941417694092
8,8,4263,2006-06-27T15:00:00.000000,45.335227966308594,3.5458343029022217,0.014718776568770409,0.06389051675796509,0.28537556529045105
9,9,4263,2006-06-27T15:00:00.000000,199.96978759765625,5.795832633972168,0.06670433282852173,0.1058548092842102,0.443687379360199
10,10,4263,2006-06-27T15:00:00.000000,217.7745361328125,6.189584255218506,0.08108703792095184,0.11943557113409042,0.4966655969619751
11,11,4263,2006-06-27T15:00:00.000000,49.522911071777344,4.141666412353516,0.06562387943267822,0.15076583623886108,0.6698869466781616
12,12,4263,2006-06-27T15:00:00.000000,165.5596160888672,6.39166784286499,0.05386035889387131,0.11528468132019043,0.49697765707969666
13,13,4263,2006-06-27T15:00:00.000000,63.43311309814453,3.941666603088379,0.021588366478681564,0.07271629571914673,0.3193645775318146
14,14,4263,2006-06-27T15:00:00.000000,522.3896484375,12.887500762939453,0.21782082319259644,0.263160765171051,0.9588828086853027
15,15,4263,2006-06-27T15:00:00.000000,96.76950073242188,5.681251049041748,0.09083788841962814,0.17406371235847473,0.7230643033981323
16,16,4263,2006-06-27T15:00:00.000000,86.59902954101562,4.572916030883789,0.027750594541430473,0.08186021447181702,0.3693007826805115
17,17,4263,2006-06-27T15:00:00.000000,36.03593444824219,3.1979169845581055,0.011945202015340328,0.05822319537401199,0.2601451873779297
18,18,4263,2006-06-27T15:00:00.000000,237.28030395507812,7.039583206176758,0.08740820735692978,0.1351114809513092,0.5743931531906128
19,19,4263,2006-06-27T15:00:00.000000,62.371673583984375,4.200000762939453,0.02209748886525631,0.07905459403991699,0.3431507349014282
20,20,4263,2006-06-27T15:00:00.000000,98.64946746826172,4.818750381469727,0.03045736253261566,0.08467071503400803,0.3814796209335327
21,21,4263,2006-06-27T15:00:00.000000,290.585693359375,8.85000228881836,0.10052796453237534,0.16460752487182617,0.69929039478302
22,22,4263,2006-06-27T15:00:00.000000,371.52587890625,12.21250057220459,0.10218044370412827,0.20253215730190277,0.795773446559906
23,23,4263,2006-06-27T15:00:00.000000,437.8741149902344,11.910417556762695,0.03280976042151451,0.10309886187314987,0.4559873342514038
24,24,4263,2006-06-27T15:00:00.000000,280.2253112792969,8.222917556762695,0.09702610969543457,0.1530088484287262,0.6373170614242554
25,25,4263,2006-06-27T15:00:00.000000,12.446040153503418,2.0958330631256104,0.005836850963532925,0.04538688063621521,0.20438192784786224
26,26,4263,2006-06-27T15:00:00.000000,60.83698654174805,4.11875057220459,0.023035530000925064,0.08014579117298126,0.33583053946495056
27,27,4263,2006-06-27T15:00:00.000000,367.2997741699219,11.5625,0.12953460216522217,0.21713724732398987,0.9746793508529663
28,28,4263,2006-06-27T15:00:00.000000,1333.153564453125,19.32083511352539,0.10591533780097961,0.17221271991729736,0.7562412619590759
29,29,4263,2006-06-27T15:00:00.000000,70.87395477294922,4.745833396911621,0.025076940655708313,0.08927018940448761,0.3796848654747009
30,30,4263,2006-06-27T15:00:00.000000,197.919677734375,8.710416793823242,0.0885951817035675,0.18428902328014374,0.7926326990127563
31,31,4263,2006-06-27T15:00:00.000000,967.0792846679688,17.90833282470703,0.11084136366844177,0.19172334671020508,0.7674540281295776
32,32,4263,2006-06-27T15:00:00.000000,398.0224304199219,11.095831871032715,0.14031310379505157,0.2083316296339035,0.8646371364593506
33,33,4263,2006-06-27T15:00:00.000000,104.14144134521484,6.599999904632568,0.04494640976190567,0.1371133029460907,0.5623612403869629
34,34,4263,2006-06-27T15:00:00.000000,71.96656036376953,4.835416793823242,0.030008388683199883,0.09873926639556885,0.421965092420578
35,35,4263,2006-06-27T15:00:00.000000,23.61823081970215,2.918750286102295,0.013888994231820107,0.07077968865633011,0.30684036016464233
36,36,4263,2006-06-27T15:00:00.000000,100.52269744873047,5.737500190734863,0.03364432603120804,0.10496549308300018,0.4674191474914551
37,37,4263,2006-06-27T15:00:00.000000,129.545654296875,6.520833969116211,0.09672270715236664,0.17817877233028412,0.7568399310112
38,38,4263,2006-06-27T15:00:00.000000,362.44830322265625,10.2666654586792,0.1309768259525299,0.195165753364563,0.7961427569389343
39,39,4263,2006-06-27T15:00:00.000000,168.94534301757812,5.914584159851074,0.061046138405799866,0.11242948472499847,0.4937196373939514
40,40,4263,2006-06-27T15:00:00.000000,1159.4609375,18.200002670288086,0.07841149717569351,0.14966948330402374,0.6466601490974426
41,41,4263,2006-06-27T15:00:00.000000,40.916770935058594,3.7437500953674316,0.01449979655444622,0.07047532498836517,0.2967703938484192
42,42,4263,2006-06-27T15:00:00.000000,65.28512573242188,4.614583969116211,0.020350709557533264,0.08147329092025757,0.3709793984889984
43,43,4263,2006-06-27T15:00:00.000000,74.35417938232422,4.166666507720947,0.025614600628614426,0.0773356705904007,0.3343825340270996
44,44,4263,2006-06-27T15:00:00.000000,295.5300598144531,10.889583587646484,0.04371616244316101,0.13244372606277466,0.6228799819946289
45,45,4263,2006-06-27T15:00:00.000000,239.52719116210938,10.03125,0.1013919934630394,0.20638564229011536,0.9274052381515503
46,46,4263,2006-06-27T15:00:00.000000,148.7427978515625,6.835416316986084,0.10483886301517487,0.18147139251232147,0.7462098598480225
47,47,4263,2006-06-27T15:00:00.000000,122.85948181152344,6.385417461395264,0.051583003252744675,0.13083931803703308,0.5892493724822998
48,48,4263,2006-06-27T15:00:00.000000,249.28030395507812,7.493749618530273,0.08876296877861023,0.1414070725440979,0.636371374130249
49,49,4263,2006-06-27T15:00:00.000000,275.45672607421875,9.570834159851074,0.10092504322528839,0.18319879472255707,0.768630862236023
50,50,4263,2006-06-27T15:00:00.000000,249.631591796875,9.289584159851074,0.08395522832870483,0.17036108672618866,0.7698678374290466
51,51,4263,2006-06-27T15:00:00.000000,23.39406967163086,2.172916889190674,0.008173784241080284,0.040616437792778015,0.17552343010902405
52,52,4263,2006-06-27T15:00:00.000000,235.38919067382812,9.216668128967285,0.08096819370985031,0.17093771696090698,0.7551494836807251
53,53,4263,2006-06-27T15:00:00.000000,181.70169067382812,8.024999618530273,0.06688005477190018,0.1539621353149414,0.6364964842796326
54,54,4263,2006-06-27T15:00:00.000000,317.81695556640625,9.797916412353516,0.1261918544769287,0.1952364295721054,0.888446569442749
55,55,4263,2006-06-27T15:00:00.000000,113.29302978515625,4.05625057220459,0.03657006099820137,0.07287624478340149,0.31275394558906555
56,56,4263,2006-06-27T15:00:00.000000,195.6331787109375,6.622916221618652,0.0663452222943306,0.12196432799100876,0.5302016139030457
57,57,4263,2006-06-27T15:00:00.000000,203.833251953125,6.847917079925537,0.09378860890865326,0.1468912959098816,0.6319465637207031
58,58,4263,2006-06-27T15:00:00.000000,99.21188354492188,5.579166412353516,0.046681758016347885,0.1210210919380188,0.5234240293502808
59,59,4263,2006-06-27T15:00:00.000000,143.75563049316406,6.066667556762695,0.04792825132608414,0.11077290773391724,0.49249374866485596
60,60,4263,2006-06-27T15:00:00.000000,152.8214569091797,7.33750057220459,0.1128300279378891,0.19937388598918915,0.8312050700187683
61,61,4263,2006-06-27T15:00:00.000000,154.74658203125,5.522916793823242,0.05012799799442291,0.09940269589424133,0.44692879915237427
62,62,4263,2006-06-27T15:00:00.000000,102.11396789550781,5.354167461395264,0.03705553710460663,0.10199429839849472,0.4456024765968323
63,63,4263,2006-06-27T15:00:00.000000,204.32188415527344,8.558333396911621,0.09978924691677094,0.18913573026657104,0.7566529512405396
64,64,4263,2006-06-27T15:00:00.000000,197.36563110351562,7.908333778381348,0.07500647008419037,0.15416952967643738,0.6880394816398621
65,65,4263,2006-06-27T15:00:00.000000,495.851318359375,13.647916793823242,0.19467973709106445,0.2704276144504547,1.163095474243164
66,66,4263,2006-06-27T15:00:00.000000,16.787288665771484,2.179166793823242,0.0050565567798912525,0.03782053291797638,0.17043077945709229
67,67,4263,2006-06-27T15:00:00.000000,288.61798095703125,9.537501335144043,0.10574497282505035,0.1825588047504425,0.7762946486473083
68,68,4263,2006-06-27T15:00:00.000000,4346.859375,44.49791717529297,0.4288119971752167,0.44196248054504395,1.712424635887146
69,69,4263,2006-06-27T15:00:00.000000,389.31048583984375,9.44583511352539,0.038602858781814575,0.09405934810638428,0.42123302817344666
70,70,4263,2006-06-27T15:00:00.000000,269.04168701171875,7.535416603088379,0.056626494973897934,0.10932192206382751,0.48350346088409424
71,71,4263,2006-06-27T15:00:00.000000,56.80113983154297,3.7395827770233154,0.03967337682843208,0.09883122891187668,0.4385451674461365
72,72,4263,2006-06-27T15:00:00.000000,323.23956298828125,8.9375,0.11924123018980026,0.17165915668010712,0.7503706812858582
73,73,4263,2006-06-27T15:00:00.000000,1686.82861328125,22.65625,0.06373750418424606,0.13926759362220764,0.627295196056366
74,74,4263,2006-06-27T15:00:00.000000,33.675926208496094,3.264582633972168,0.010289385914802551,0.05706405267119408,0.2603745460510254
75,75,4263,2006-06-27T15:00:00.000000,92.34272766113281,4.966667175292969,0.03226686269044876,0.0928414911031723,0.41460269689559937
76,76,4263,2006-06-27T15:00:00.000000,266.2451477050781,8.272917747497559,0.09649036824703217,0.1574924737215042,0.6471390724182129
77,77,4263,2006-06-27T15:00:00.000000,141.0858612060547,3.9708337783813477,0.05622901767492294,0.0792720690369606,0.3283386826515198
78,78,4263,2006-06-27T15:00:00.000000,154.12086486816406,6.1208343505859375,0.046762026846408844,0.1066170185804367,0.46837395429611206
79,79,4263,2006-06-27T15:00:00.000000,316.52252197265625,9.183333396911621,0.12971124053001404,0.1859031766653061,0.7843784093856812
80,80,4263,2006-06-27T15:00:00.000000,248.22482299804688,8.975001335144043,0.054183479398489,0.1326005756855011,0.5478362441062927
81,81,4263,2006-06-27T15:00:00.000000,118.12324523925781,5.4562506675720215,0.044209614396095276,0.10555650293827057,0.44452816247940063
82,82,4263,2006-06-27T15:00:00.000000,295.0407409667969,7.935417175292969,0.13136622309684753,0.1674443930387497,0.7355561256408691
83,83,4263,2006-06-27T15:00:00.000000,177.5236053466797,7.464582443237305,0.13405218720436096,0.20512305200099945,0.8500120639801025
84,84,4263,2006-06-27T15:00:00.000000,139.120849609375,5.9375,0.048980310559272766,0.11140848696231842,0.4731639325618744
85,85,4263,2006-06-27T15:00:00.000000,93.4053955078125,5.84999942779541,0.043906018137931824,0.12683288753032684,0.5256375074386597
86,86,4263,2006-06-27T15:00:00.000000,287.8154296875,9.83750057220459,0.09618076682090759,0.1798340380191803,0.7996799945831299
87,87,4263,2006-06-27T15:00:00.000000,176.62701416015625,8.560417175292969,0.08019252121448517,0.1824035495519638,0.7908115386962891
88,88,4263,2006-06-27T15:00:00.000000,42.607391357421875,3.4145829677581787,0.019519919529557228,0.07308600842952728,0.3247169256210327
89,89,4263,2006-06-27T15:00:00.000000,151.43585205078125,6.5916666984558105,0.06868643313646317,0.14038360118865967,0.591896116733551
90,90,4263,2006-06-27T15:00:00.000000,98.59010314941406,4.972916603088379,0.07009931653738022,0.13260240852832794,0.5841847658157349
91,91,4263,2006-06-27T15:00:00.000000,137.54742431640625,6.668750762939453,0.061221830546855927,0.14069265127182007,0.5959179997444153
92,92,4263,2006-06-27T15:00:00.000000,89.71170043945312,5.42500114440918,0.02906649373471737,0.09764986485242844,0.41611939668655396
93,93,4263,2006-06-27T15:00:00.000000,297.15863037109375,9.572916984558105,0.13278022408485413,0.20235633850097656,0.8826373815536499
94,94,4263,2006-06-27T15:00:00.000000,266.61846923828125,10.372917175292969,0.1231231540441513,0.22290800511837006,0.9778038263320923
95,95,4263,2006-06-27T15:00:00.000000,226.33963012695312,8.11250114440918,0.08560207486152649,0.1577671617269516,0.6725013256072998
96,96,4263,2006-06-27T15:00:00.000000,107.72502136230469,5.895833969116211,0.049855075776576996,0.12683573365211487,0.49300462007522583
97,97,4263,2006-06-27T15:00:00.000000,103.53258514404297,6.1645827293396,0.0463578961789608,0.13044488430023193,0.5518105030059814
98,98,4263,2006-06-27T15:00:00.000000,33.752296447753906,3.137500762939453,0.015333276242017746,0.06687282025814056,0.2995612621307373
99,99,4263,2006-06-27T15:00:00.000000,315.44635009765625,9.960417747497559,0.10705813020467758,0.1834951490163803,0.7964518070220947
100,100,4263,2006-06-27T15:00:00.000000,203.7578125,8.222917556762695,0.15838876366615295,0.2292613983154297,0.9104468822479248
101,101,4263,2006-06-27T15:00:00.000000,123.37104797363281,6.250000953674316,0.08822597563266754,0.16713663935661316,0.6827473640441895
102,102,4263,2006-06-27T15:00:00.000000,75.06755828857422,4.139581680297852,0.029647095128893852,0.0822661817073822,0.36667463183403015
103,103,4263,2006-06-27T15:00:00.000000,170.19094848632812,5.6229166984558105,0.0645935907959938,0.10954388231039047,0.43984588980674744
104,104,4263,2006-06-27T15:00:00.000000,791.402099609375,17.052082061767578,0.1346254199743271,0.222403883934021,0.8970255851745605
105,105,4263,2006-06-27T15:00:00.000000,232.13218688964844,8.564583778381348,0.03367310389876366,0.10315259546041489,0.44748157262802124
106,106,4263,2006-06-27T15:00:00.000000,249.42764282226562,9.168750762939453,0.10522793978452682,0.1883229911327362,0.8304486274719238
107,107,4263,2006-06-27T15:00:00.000000,101.45223236083984,5.668750762939453,0.032928191125392914,0.10212698578834534,0.4348459243774414
108,108,4263,2006-06-27T15:00:00.000000,264.79498291015625,9.933332443237305,0.12560799717903137,0.21634595096111298,0.9022933840751648
109,109,4263,2006-06-27T15:00:00.000000,91.64803314208984,4.48124885559082,0.02661561220884323,0.07636701315641403,0.3390272259712219
110,110,4263,2006-06-27T15:00:00.000000,29.303756713867188,2.875,0.01012097392231226,0.05343026667833328,0.23413881659507751
111,111,4263,2006-06-27T15:00:00.000000,53.359779357910156,3.9624991416931152,0.016934238374233246,0.0705902948975563,0.32311394810676575
112,112,4263,2006-06-27T15:00:00.000000,12.14604377746582,1.9041670560836792,0.015072815120220184,0.06707872450351715,0.3011324405670166
113,113,4263,2006-06-27T15:00:00.000000,89.7348861694336,5.097916603088379,0.040483228862285614,0.10828034579753876,0.4697374105453491
114,114,4263,2006-06-27T15:00:00.000000,150.02207946777344,6.550000190734863,0.052487753331661224,0.1225159615278244,0.5287364721298218
115,115,4263,2006-06-27T15:00:00.000000,8.197707176208496,1.529166579246521,0.04298565909266472,0.11073129624128342,0.49275606870651245
116,116,4263,2006-06-27T15:00:00.000000,79.12699890136719,5.227083683013916,0.02522752434015274,0.09333282709121704,0.41967448592185974
117,117,4263,2006-06-27T15:00:00.000000,401.1745300292969,9.833333015441895,0.15219365060329437,0.19152802228927612,0.7973618507385254
118,118,4263,2006-06-27T15:00:00.000000,310.57647705078125,8.447916030883789,0.10397186130285263,0.15456928312778473,0.6592531800270081
119,119,4263,2006-06-27T15:00:00.000000,74.034912109375,4.910416603088379,0.04829646274447441,0.12541739642620087,0.5582678914070129
120,120,4263,2006-06-27T15:00:00.000000,46.02507781982422,4.0354156494140625,0.015375952236354351,0.07375849038362503,0.3160133957862854
121,121,4263,2006-06-27T15:00:00.000000,1289.699462890625,23.53333282470703,0.089637890458107,0.19619368016719818,0.8316368460655212
122,122,4263,2006-06-27T15:00:00.000000,93.56074523925781,5.335417747497559,0.02936485782265663,0.09452256560325623,0.4129369258880615
123,123,4263,2006-06-27T15:00:00.000000,170.08763122558594,5.781250953674316,0.055736273527145386,0.10465367138385773,0.4457896649837494
124,124,4263,2006-06-27T15:00:00.000000,181.36444091796875,6.952081680297852,0.024384593591094017,0.08061142265796661,0.3673055171966553
125,125,4263,2006-06-27T15:00:00.000000,196.08010864257812,8.881250381469727,0.03809494525194168,0.12379156053066254,0.5084829926490784
126,126,4263,2006-06-27T15:00:00.000000,42.57280731201172,4.039583206176758,0.0643865317106247,0.15709702670574188,0.6479162573814392
127,127,4263,2006-06-27T15:00:00.000000,204.7705078125,8.081249237060547,0.07550732791423798,0.15518127381801605,0.6701935529708862
128,128,4263,2006-06-27T15:00:00.000000,122.50714111328125,6.0979156494140625,0.04079391807317734,0.11127521097660065,0.4948861002922058
129,129,4263,2006-06-27T15:00:00.000000,17.55093765258789,2.28125,0.09533977508544922,0.1681356430053711,0.7318580150604248
130,130,4263,2006-06-27T15:00:00.000000,82.74332427978516,5.358333587646484,0.04730811342597008,0.1281241774559021,0.5587871074676514
131,131,4263,2006-06-27T15:00:00.000000,175.75796508789062,6.241666793823242,0.0624375119805336,0.11764295399188995,0.5093370676040649
132,132,4263,2006-06-27T15:00:00.000000,37.64366149902344,3.2354183197021484,0.01316851656883955,0.06051359325647354,0.2737434506416321
133,133,4263,2006-06-27T15:00:00.000000,109.21946716308594,6.114583492279053,0.040549684315919876,0.1178176999092102,0.4943050146102905
134,134,4263,2006-06-27T15:00:00.000000,114.37725067138672,5.479165554046631,0.038663387298583984,0.1007382795214653,0.43938565254211426
135,135,4263,2006-06-27T15:00:00.000000,294.6294860839844,10.472916603088379,0.11877590417861938,0.2102779597043991,0.9155269861221313
136,136,4263,2006-06-27T15:00:00.000000,514.1304931640625,12.324999809265137,0.11665478348731995,0.18565282225608826,0.7407597303390503
0,0,4775,2006-07-18T23:00:00.000000,1390.781005859375,20.93958282470703,0.1469666212797165,0.21525242924690247,0.8259118795394897
1,1,4775,2006-07-18T23:00:00.000000,224.35028076171875,8.077083587646484,0.08558958768844604,0.15776175260543823,0.6331844329833984
2,2,4775,2006-07-18T23:00:00.000000,85.02456665039062,5.074999809265137,0.03056451678276062,0.09622159600257874,0.39730212092399597
3,3,4775,2006-07-18T23:00:00.000000,71.63241577148438,4.247917175292969,0.02338024228811264,0.07674422860145569,0.3201417624950409
4,4,4775,2006-07-18T23:00:00.000000,1410.5799560546875,22.21875,0.1785304993391037,0.24996373057365417,0.9185392260551453
5,5,4775,2006-07-18T23:00:00.000000,804.6168823242188,14.76875114440918,0.04294298589229584,0.10789351165294647,0.4895848035812378
6,6,4775,2006-07-18T23:00:00.000000,524.0166015625,13.414584159851074,0.2542375922203064,0.29547762870788574,1.2546122074127197
7,7,4775,2006-07-18T23:00:00.000000,88.09285736083984,5.414584636688232,0.034902188926935196,0.10777577757835388,0.44624966382980347
8,8,4775,2006-07-18T23:00:00.000000,163.872802734375,6.152083873748779,0.05416087433695793,0.11184372007846832,0.4990517795085907
9,9,4775,2006-07-18T23:00:00.000000,210.3765869140625,7.1854166984558105,0.06673812866210938,0.12797945737838745,0.5444485545158386
10,10,4775,2006-07-18T23:00:00.000000,119.76791381835938,5.295833587646484,0.04124492406845093,0.09827642142772675,0.43247151374816895
11,11,4775,2006-07-18T23:00:00.000000,81.25135803222656,4.59375,0.12584656476974487,0.1807892769575119,0.7073823809623718
12,12,4775,2006-07-18T23:00:00.000000,581.854248046875,11.314582824707031,0.20031815767288208,0.20993828773498535,0.8766111135482788
13,13,4775,2006-07-18T23:00:00.000000,275.25244140625,7.506251335144043,0.09074434638023376,0.1362910270690918,0.5929443836212158
14,14,4775,2006-07-18T23:00:00.000000,84.95574951171875,5.022916793823242,0.02888650819659233,0.09262050688266754,0.3676646947860718
15,15,4775,2006-07-18T23:00:00.000000,241.11541748046875,9.52500057220459,0.2866946756839752,0.3284447193145752,1.193573236465454
16,16,4775,2006-07-18T23:00:00.000000,248.8154296875,8.420833587646484,0.08710481971502304,0.1575569361448288,0.6573855876922607
17,17,4775,2006-07-18T23:00:00.000000,204.18084716796875,8.016667366027832,0.07210732251405716,0.15065239369869232,0.6146283149719238
18,18,4775,2006-07-18T23:00:00.000000,223.23348999023438,6.922917366027832,0.07339207082986832,0.12552610039710999,0.49098706245422363
19,19,4775,2006-07-18T23:00:00.000000,265.3031005859375,7.968750953674316,0.08269232511520386,0.1406862586736679,0.6214248538017273
20,20,4775,2006-07-18T23:00:00.000000,51.585201263427734,4.22499942779541,0.016790982335805893,0.07622581720352173,0.31503093242645264
21,21,4775,2006-07-18T23:00:00.000000,783.901611328125,14.631250381469727,0.27219265699386597,0.27263957262039185,1.1640870571136475
22,22,4775,2006-07-18T23:00:00.000000,418.11083984375,10.966667175292969,0.1079743504524231,0.17623381316661835,0.7589232325553894
23,23,4775,2006-07-18T23:00:00.000000,289.9045104980469,8.443750381469727,0.025211457163095474,0.07874207198619843,0.332172691822052
24,24,4775,2006-07-18T23:00:00.000000,273.0264587402344,9.491666793823242,0.09457319229841232,0.17665426433086395,0.7526987791061401
25,25,4775,2006-07-18T23:00:00.000000,64.02708435058594,4.666666507720947,0.02744186669588089,0.09661214798688889,0.4175596237182617
26,26,4775,2006-07-18T23:00:00.000000,284.3153076171875,8.68125057220459,0.09483751654624939,0.15855219960212708,0.676482081413269
27,27,4775,2006-07-18T23:00:00.000000,70.55834197998047,4.241667747497559,0.027579596266150475,0.08386029303073883,0.32971441745758057
28,28,4775,2006-07-18T23:00:00.000000,1305.44921875,16.266666412353516,0.13194330036640167,0.16353559494018555,0.6001266241073608
29,29,4775,2006-07-18T23:00:00.000000,472.7326354980469,11.689582824707031,0.1616157591342926,0.21613895893096924,0.9307081699371338
30,30,4775,2006-07-18T23:00:00.000000,347.54315185546875,9.33750057220459,0.17278683185577393,0.2082003951072693,0.8061636686325073
31,31,4775,2006-07-18T23:00:00.000000,644.7457275390625,14.414584159851074,0.08207999914884567,0.16263967752456665,0.6284389495849609
32,32,4775,2006-07-18T23:00:00.000000,139.32272338867188,5.366666316986084,0.04913066327571869,0.1007789820432663,0.4104383885860443
33,33,4775,2006-07-18T23:00:00.000000,205.3905029296875,7.956249237060547,0.09041616320610046,0.16693264245986938,0.6781125068664551
34,34,4775,2006-07-18T23:00:00.000000,173.5317840576172,5.960417747497559,0.07053100317716599,0.12016478180885315,0.4972969889640808
35,35,4775,2006-07-18T23:00:00.000000,492.79052734375,10.247917175292969,0.31431400775909424,0.25881314277648926,1.0798171758651733
36,36,4775,2006-07-18T23:00:00.000000,390.1336364746094,10.185416221618652,0.12480749189853668,0.18217653036117554,0.7798296809196472
37,37,4775,2006-07-18T23:00:00.000000,270.33428955078125,9.043750762939453,0.18038330972194672,0.233612522482872,0.9687037467956543
38,38,4775,2006-07-18T23:00:00.000000,177.24752807617188,6.987500190734863,0.06814798712730408,0.13701191544532776,0.5533538460731506
39,39,4775,2006-07-18T23:00:00.000000,154.22811889648438,6.9791669845581055,0.052475910633802414,0.12873654067516327,0.5302642583847046
40,40,4775,2006-07-18T23:00:00.000000,919.6744384765625,14.722917556762695,0.0610450878739357,0.11995052546262741,0.49050936102867126
41,41,4775,2006-07-18T23:00:00.000000,31.34376335144043,2.833333730697632,0.010297202505171299,0.051354892551898956,0.21812957525253296
42,42,4775,2006-07-18T23:00:00.000000,114.75888061523438,4.810417175292969,0.03920765966176987,0.08891501277685165,0.39524707198143005
43,43,4775,2006-07-18T23:00:00.000000,453.3297119140625,12.177083969116211,0.15714895725250244,0.22672109305858612,0.9703550338745117
44,44,4775,2006-07-18T23:00:00.000000,1314.865478515625,19.849998474121094,0.24350868165493011,0.2701326608657837,1.0937180519104004
45,45,4775,2006-07-18T23:00:00.000000,64.25875091552734,4.6458330154418945,0.03164742514491081,0.10310190171003342,0.4002342224121094
46,46,4775,2006-07-18T23:00:00.000000,65.71228790283203,4.837499618530273,0.04211118072271347,0.12246059626340866,0.5211006999015808
47,47,4775,2006-07-18T23:00:00.000000,486.6567077636719,10.904167175292969,0.19815760850906372,0.22003233432769775,0.9861879348754883
48,48,4775,2006-07-18T23:00:00.000000,365.08685302734375,9.320833206176758,0.15229731798171997,0.19037187099456787,0.771194577217102
49,49,4775,2006-07-18T23:00:00.000000,373.30279541015625,8.747917175292969,0.14270757138729095,0.17103993892669678,0.6838788390159607
50,50,4775,2006-07-18T23:00:00.000000,208.6018524169922,7.845833778381348,0.07830651104450226,0.15201236307621002,0.6493157148361206
51,51,4775,2006-07-18T23:00:00.000000,167.4324951171875,6.825000286102295,0.05300801992416382,0.12143771350383759,0.5277713537216187
52,52,4775,2006-07-18T23:00:00.000000,193.3905029296875,7.1437506675720215,0.07889237999916077,0.14428667724132538,0.5959072113037109
53,53,4775,2006-07-18T23:00:00.000000,597.7570190429688,13.397916793823242,0.20038816332817078,0.2453075647354126,1.0105470418930054
54,54,4775,2006-07-18T23:00:00.000000,156.94419860839844,7.137500762939453,0.08046464622020721,0.16161292791366577,0.6820958852767944
55,55,4775,2006-07-18T23:00:00.000000,418.6778564453125,9.452083587646484,0.13942909240722656,0.17249014973640442,0.7140262126922607
56,56,4775,2006-07-18T23:00:00.000000,772.6038818359375,14.370833396911621,0.25776275992393494,0.26249051094055176,1.1551449298858643
57,57,4775,2006-07-18T23:00:00.000000,310.4072265625,8.518750190734863,0.13174211978912354,0.17549805343151093,0.7397593259811401
58,58,4775,2006-07-18T23:00:00.000000,117.51361083984375,4.293750286102295,0.049543850123882294,0.08816322684288025,0.3743051290512085
59,59,4775,2006-07-18T23:00:00.000000,308.7535400390625,10.070833206176758,0.1114715039730072,0.19135569036006927,0.8034343123435974
60,60,4775,2006-07-18T23:00:00.000000,154.360595703125,7.1958327293396,0.111313097178936,0.19323506951332092,0.7695831060409546
61,61,4775,2006-07-18T23:00:00.000000,64.0198974609375,3.8770837783813477,0.021549886092543602,0.0711328536272049,0.3048509955406189
62,62,4775,2006-07-18T23:00:00.000000,367.48126220703125,9.100000381469727,0.12116782367229462,0.16524085402488708,0.7336229681968689
63,63,4775,2006-07-18T23:00:00.000000,457.2530517578125,10.206250190734863,0.19237104058265686,0.20934268832206726,0.9087458848953247
64,64,4775,2006-07-18T23:00:00.000000,360.11444091796875,9.918750762939453,0.1796666383743286,0.22154927253723145,0.8252036571502686
65,65,4775,2006-07-18T23:00:00.000000,156.10574340820312,5.960416793823242,0.05342310667037964,0.11026349663734436,0.4622838497161865
66,66,4775,2006-07-18T23:00:00.000000,118.85771179199219,5.775001049041748,0.03748483210802078,0.10255719721317291,0.43923354148864746
67,67,4775,2006-07-18T23:00:00.000000,165.72830200195312,6.462499141693115,0.06989641487598419,0.13271793723106384,0.515198290348053
68,68,4775,2006-07-18T23:00:00.000000,518.5877685546875,12.868749618530273,0.04802198335528374,0.12383552640676498,0.45152562856674194
69,69,4775,2006-07-18T23:00:00.000000,1749.877685546875,20.63125228881836,0.20363430678844452,0.22256003320217133,0.9228388071060181
70,70,4775,2006-07-18T23:00:00.000000,508.3812255859375,12.154166221618652,0.12495561689138412,0.19054971635341644,0.7800413966178894
71,71,4775,2006-07-18T23:00:00.000000,34.689273834228516,3.410416603088379,0.023361314088106155,0.08850310742855072,0.3789099454879761
72,72,4775,2006-07-18T23:00:00.000000,261.9584655761719,8.072917938232422,0.12660539150238037,0.17747631669044495,0.7163152694702148
73,73,4775,2006-07-18T23:00:00.000000,1758.4212646484375,19.939586639404297,0.07177252322435379,0.1273895502090454,0.49952155351638794
74,74,4775,2006-07-18T23:00:00.000000,124.20550537109375,6.135416030883789,0.041442595422267914,0.11207198351621628,0.4973374009132385
75,75,4775,2006-07-18T23:00:00.000000,132.45053100585938,5.839583396911621,0.05043739080429077,0.11395445466041565,0.4677492082118988
76,76,4775,2006-07-18T23:00:00.000000,194.32647705078125,6.9250006675720215,0.07491741329431534,0.13597065210342407,0.5377703309059143
77,77,4775,2006-07-18T23:00:00.000000,433.7209167480469,9.447916984558105,0.14548633992671967,0.17303818464279175,0.7635140419006348
78,78,4775,2006-07-18T23:00:00.000000,99.46947479248047,4.993749618530273,0.03268852084875107,0.09052728116512299,0.40444040298461914
79,79,4775,2006-07-18T23:00:00.000000,394.8018493652344,11.458333969116211,0.17354127764701843,0.24023334681987762,0.9807500839233398
80,80,4775,2006-07-18T23:00:00.000000,927.6807861328125,15.702083587646484,0.19002185761928558,0.22472935914993286,0.9391332864761353
81,81,4775,2006-07-18T23:00:00.000000,502.82244873046875,10.433332443237305,0.17289817333221436,0.19346877932548523,0.8423740863800049
82,82,4775,2006-07-18T23:00:00.000000,161.1123046875,6.691667079925537,0.08665712922811508,0.1551930010318756,0.6217361688613892
83,83,4775,2006-07-18T23:00:00.000000,319.92596435546875,9.556249618530273,0.22628501057624817,0.25415030121803284,1.0460760593414307
84,84,4775,2006-07-18T23:00:00.000000,135.84852600097656,5.962499141693115,0.04430435225367546,0.10767728090286255,0.47002002596855164
85,85,4775,2006-07-18T23:00:00.000000,111.09789276123047,5.983332633972168,0.047617994248867035,0.12387274205684662,0.5164710283279419
86,86,4775,2006-07-18T23:00:00.000000,350.28033447265625,10.302083969116211,0.11724810302257538,0.18848209083080292,0.8246406316757202
87,87,4775,2006-07-18T23:00:00.000000,207.4049072265625,8.68125057220459,0.08366873860359192,0.17436301708221436,0.755402684211731
88,88,4775,2006-07-18T23:00:00.000000,66.21311950683594,4.4375,0.02706163376569748,0.08971051871776581,0.39748042821884155
89,89,4775,2006-07-18T23:00:00.000000,170.86627197265625,6.962501049041748,0.07467689365148544,0.1455560326576233,0.601426362991333
90,90,4775,2006-07-18T23:00:00.000000,126.48240661621094,5.481250286102295,0.08620962500572205,0.14310091733932495,0.6321170330047607
91,91,4775,2006-07-18T23:00:00.000000,306.6349182128906,8.752084732055664,0.1264202892780304,0.17770884931087494,0.7383672595024109
92,92,4775,2006-07-18T23:00:00.000000,231.9819793701172,7.84375,0.07845373451709747,0.14424589276313782,0.5998837947845459
93,93,4775,2006-07-18T23:00:00.000000,249.04971313476562,7.718750953674316,0.09948329627513885,0.15426914393901825,0.6497788429260254
94,94,4775,2006-07-18T23:00:00.000000,65.0672836303711,4.045832633972168,0.027186982333660126,0.08270029723644257,0.3358789384365082
95,95,4775,2006-07-18T23:00:00.000000,494.06781005859375,10.939582824707031,0.23455028235912323,0.23835568130016327,0.9053522944450378
96,96,4775,2006-07-18T23:00:00.000000,295.42218017578125,9.639583587646484,0.12754198908805847,0.20029185712337494,0.8509411215782166
97,97,4775,2006-07-18T23:00:00.000000,59.71561813354492,4.570833206176758,0.02433198317885399,0.09226566553115845,0.4026210308074951
98,98,4775,2006-07-18T23:00:00.000000,33.93916320800781,2.762500286102295,0.013872350566089153,0.05585045740008354,0.2521107792854309
99,99,4775,2006-07-18T23:00:00.000000,247.7163543701172,7.435416221618652,0.09474324434995651,0.1454126089811325,0.6037119030952454
100,100,4775,2006-07-18T23:00:00.000000,90.52114868164062,5.302083492279053,0.059876732528209686,0.13636425137519836,0.6026735305786133
101,101,4775,2006-07-18T23:00:00.000000,54.4488639831543,4.302083969116211,0.03547970950603485,0.1098182424902916,0.48897287249565125
102,102,4775,2006-07-18T23:00:00.000000,113.27728271484375,4.424999237060547,0.038047365844249725,0.08109687268733978,0.3543224334716797
103,103,4775,2006-07-18T23:00:00.000000,395.8131103515625,8.166666984558105,0.13875770568847656,0.15290731191635132,0.6448078751564026
104,104,4775,2006-07-18T23:00:00.000000,1133.2548828125,17.843751907348633,0.18051408231258392,0.22520491480827332,0.9027283191680908
105,105,4775,2006-07-18T23:00:00.000000,989.9595947265625,16.862503051757812,0.1882755011320114,0.23254668712615967,0.9089856147766113
106,106,4775,2006-07-18T23:00:00.000000,216.12315368652344,8.058334350585938,0.08341866731643677,0.15831652283668518,0.6653523445129395
107,107,4775,2006-07-18T23:00:00.000000,392.5055847167969,9.916666030883789,0.1296825259923935,0.18025338649749756,0.7861403226852417
108,108,4775,2006-07-18T23:00:00.000000,224.5809783935547,8.310417175292969,0.08857133984565735,0.1650376319885254,0.7177119255065918
109,109,4775,2006-07-18T23:00:00.000000,63.41072082519531,4.856250286102295,0.021005604416131973,0.08838676661252975,0.37278497219085693
110,110,4775,2006-07-18T23:00:00.000000,56.04591369628906,3.9770827293395996,0.018543656915426254,0.07234196364879608,0.31239014863967896
111,111,4775,2006-07-18T23:00:00.000000,135.6561279296875,5.068750381469727,0.04640361666679382,0.09374694526195526,0.40245386958122253
112,112,4775,2006-07-18T23:00:00.000000,53.38749694824219,3.741666793823242,0.09440263360738754,0.15733934938907623,0.6460487246513367
113,113,4775,2006-07-18T23:00:00.000000,447.541748046875,9.314582824707031,0.1766156256198883,0.18503811955451965,0.7989394664764404
114,114,4775,2006-07-18T23:00:00.000000,174.17416381835938,7.062499523162842,0.06697648763656616,0.13849298655986786,0.5733774900436401
115,115,4775,2006-07-18T23:00:00.000000,9.001145362854004,1.7729166746139526,0.04584454745054245,0.12652701139450073,0.5316520929336548
116,116,4775,2006-07-18T23:00:00.000000,12.067193984985352,1.860417366027832,0.004086159635335207,0.03423457220196724,0.14977329969406128
117,117,4775,2006-07-18T23:00:00.000000,178.12200927734375,7.71875,0.07156482338905334,0.15471699833869934,0.6533025503158569
118,118,4775,2006-07-18T23:00:00.000000,387.84515380859375,9.747917175292969,0.13427506387233734,0.18137620389461517,0.7502543926239014
119,119,4775,2006-07-18T23:00:00.000000,75.88968658447266,4.156250476837158,0.04753544554114342,0.10402053594589233,0.4671829640865326
120,120,4775,2006-07-18T23:00:00.000000,392.63409423828125,9.010416984558105,0.12886157631874084,0.16323474049568176,0.6797702312469482
121,121,4775,2006-07-18T23:00:00.000000,869.5451049804688,18.52291488647461,0.06045721098780632,0.15444980561733246,0.6399765610694885
122,122,4775,2006-07-18T23:00:00.000000,299.5196228027344,8.904167175292969,0.10108362138271332,0.16357654333114624,0.723106324672699
123,123,4775,2006-07-18T23:00:00.000000,486.610107421875,10.685416221618652,0.17046603560447693,0.19999530911445618,0.8126347064971924
124,124,4775,2006-07-18T23:00:00.000000,705.9991455078125,11.80000114440918,0.10482616722583771,0.14378540217876434,0.6127678155899048
125,125,4775,2006-07-18T23:00:00.000000,364.69134521484375,9.887500762939453,0.09547139704227448,0.15997807681560516,0.6056162118911743
126,126,4775,2006-07-18T23:00:00.000000,91.96365356445312,5.514583587646484,0.12833267450332642,0.206002876162529,0.9023470878601074
127,127,4775,2006-07-18T23:00:00.000000,278.76531982421875,10.477083206176758,0.14486178755760193,0.23883497714996338,0.9691866636276245
128,128,4775,2006-07-18T23:00:00.000000,445.16058349609375,12.385416030883789,0.1518142968416214,0.22872237861156464,0.9715650081634521
129,129,4775,2006-07-18T23:00:00.000000,14.564581871032715,2.3375000953674316,0.09719028323888779,0.1909475177526474,0.7051346302032471
130,130,4775,2006-07-18T23:00:00.000000,312.9072265625,8.627083778381348,0.20840853452682495,0.22264552116394043,0.8411997556686401
131,131,4775,2006-07-18T23:00:00.000000,456.2921142578125,10.016666412353516,0.15030993521213531,0.1818007081747055,0.8108105659484863
132,132,4775,2006-07-18T23:00:00.000000,190.92393493652344,6.8958330154418945,0.06189265847206116,0.12415840476751328,0.5583534836769104
133,133,4775,2006-07-18T23:00:00.000000,121.75758361816406,6.022916316986084,0.046389490365982056,0.11756245791912079,0.512471079826355
134,134,4775,2006-07-18T23:00:00.000000,640.038818359375,14.295833587646484,0.2184945046901703,0.2641354203224182,1.1565759181976318
135,135,4775,2006-07-18T23:00:00.000000,150.44561767578125,6.0708327293396,0.07667027413845062,0.13704778254032135,0.5105907917022705
136,136,4775,2006-07-18T23:00:00.000000,205.96783447265625,7.502082824707031,0.04768731817603111,0.11415202915668488,0.45162320137023926
0,0,5287,2006-08-09T07:00:00.000000,4386.337890625,31.839584350585938,0.36482375860214233,0.29037410020828247,1.1902250051498413
1,1,5287,2006-08-09T07:00:00.000000,722.2880859375,13.120834350585938,0.3194795250892639,0.27594828605651855,1.0847153663635254
2,2,5287,2006-08-09T07:00:00.000000,140.80467224121094,7.189582347869873,0.04929813742637634,0.1345273107290268,0.5986539125442505
3,3,5287,2006-08-09T07:00:00.000000,320.73614501953125,8.947916984558105,0.090071901679039,0.14994868636131287,0.6979784369468689
4,4,5287,2006-08-09T07:00:00.000000,979.3248291015625,21.09166717529297,0.11837013810873032,0.23188284039497375,0.9778350591659546
5,5,5287,2006-08-09T07:00:00.000000,656.884033203125,13.704166412353516,0.03099070116877556,0.09412910789251328,0.43005380034446716
6,6,5287,2006-08-09T07:00:00.000000,323.345458984375,10.387500762939453,0.14181530475616455,0.21754005551338196,0.9623391032218933
7,7,5287,2006-08-09T07:00:00.000000,226.8395233154297,7.854166030883789,0.08958005905151367,0.15607967972755432,0.6734504103660583
8,8,5287,2006-08-09T07:00:00.000000,512.68115234375,13.189581871032715,0.1446850597858429,0.22157423198223114,1.0447564125061035
9,9,5287,2006-08-09T07:00:00.000000,368.79486083984375,11.589582443237305,0.13400427997112274,0.22091983258724213,0.9619582891464233
10,10,5287,2006-08-09T07:00:00.000000,314.51318359375,10.535416603088379,0.10256066173315048,0.19024911522865295,0.8498970866203308
11,11,5287,2006-08-09T07:00:00.000000,37.07989501953125,3.397916793823242,0.048790331929922104,0.12325665354728699,0.5408684015274048
12,12,5287,2006-08-09T07:00:00.000000,678.7053833007812,15.950000762939453,0.19678208231925964,0.27158939838409424,1.2627522945404053
13,13,5287,2006-08-09T07:00:00.000000,81.61399841308594,5.225000858306885,0.02552028000354767,0.0923946425318718,0.4151363968849182
14,14,5287,2006-08-09T07:00:00.000000,291.6103515625,9.239583969116211,0.0914706289768219,0.16364087164402008,0.6914368867874146
15,15,5287,2006-08-09T07:00:00.000000,71.00177764892578,5.2062506675720215,0.07452709972858429,0.1686737835407257,0.6996128559112549
16,16,5287,2006-08-09T07:00:00.000000,761.8819580078125,14.416666984558105,0.22444990277290344,0.2474461793899536,1.1487658023834229
17,17,5287,2006-08-09T07:00:00.000000,474.7926025390625,12.495832443237305,0.14445781707763672,0.21796345710754395,1.0115139484405518
18,18,5287,2006-08-09T07:00:00.000000,481.4966735839844,12.008333206176758,0.1512877494096756,0.21285699307918549,0.9791950583457947
19,19,5287,2006-08-09T07:00:00.000000,400.11407470703125,10.272916793823242,0.1302362084388733,0.18533939123153687,0.8322790861129761
20,20,5287,2006-08-09T07:00:00.000000,541.156982421875,11.985416412353516,0.15873287618160248,0.20526975393295288,0.9066494703292847
21,21,5287,2006-08-09T07:00:00.000000,339.1881408691406,10.641667366027832,0.1039118617773056,0.18626098334789276,0.8356608748435974
22,22,5287,2006-08-09T07:00:00.000000,548.9326782226562,12.770833969116211,0.13401727378368378,0.19954466819763184,0.91779625415802
23,23,5287,2006-08-09T07:00:00.000000,3706.764404296875,34.397918701171875,0.2860461473464966,0.3021709620952606,1.2590856552124023
24,24,5287,2006-08-09T07:00:00.000000,431.54461669921875,10.5625,0.12606576085090637,0.18053126335144043,0.8368022441864014
25,25,5287,2006-08-09T07:00:00.000000,244.83731079101562,9.550000190734863,0.10935195535421371,0.20182636380195618,0.8763152956962585
26,26,5287,2006-08-09T07:00:00.000000,331.29498291015625,10.027084350585938,0.11138370633125305,0.18385612964630127,0.8454412221908569
27,27,5287,2006-08-09T07:00:00.000000,1167.61279296875,17.895835876464844,0.49631333351135254,0.36896103620529175,1.436138391494751
28,28,5287,2006-08-09T07:00:00.000000,5307.4462890625,40.400001525878906,0.5325238704681396,0.404676616191864,1.5409984588623047
29,29,5287,2006-08-09T07:00:00.000000,343.8411865234375,9.03125,0.10808601975440979,0.16012299060821533,0.7380024790763855
30,30,5287,2006-08-09T07:00:00.000000,127.1333236694336,5.899999618530273,0.05445757135748863,0.12211005389690399,0.5361300706863403
31,31,5287,2006-08-09T07:00:00.000000,3711.6484375,33.43958282470703,0.46523839235305786,0.37438222765922546,1.4144372940063477
32,32,5287,2006-08-09T07:00:00.000000,391.81597900390625,11.727084159851074,0.11484109610319138,0.20076945424079895,0.947058916091919
33,33,5287,2006-08-09T07:00:00.000000,350.21234130859375,11.041667938232422,0.1284998208284378,0.21150478720664978,0.954010009765625
34,34,5287,2006-08-09T07:00:00.000000,737.4684448242188,14.185417175292969,0.28202903270721436,0.2774069309234619,1.2469874620437622
35,35,5287,2006-08-09T07:00:00.000000,117.12324523925781,5.106250286102295,0.06709396839141846,0.12221436947584152,0.5120199918746948
36,36,5287,2006-08-09T07:00:00.000000,607.072998046875,13.685416221618652,0.19006609916687012,0.24215301871299744,1.0430196523666382
37,37,5287,2006-08-09T07:00:00.000000,380.9685974121094,9.345834732055664,0.22916540503501892,0.22921761870384216,1.0209016799926758
38,38,5287,2006-08-09T07:00:00.000000,475.63140869140625,11.820834159851074,0.15949499607086182,0.2164643257856369,0.8764336109161377
39,39,5287,2006-08-09T07:00:00.000000,56.832923889160156,4.679166793823242,0.018113795667886734,0.08353592455387115,0.38844773173332214
40,40,5287,2006-08-09T07:00:00.000000,1439.2373046875,21.666667938232422,0.08742991089820862,0.16887134313583374,0.7581312656402588
41,41,5287,2006-08-09T07:00:00.000000,246.00521850585938,7.229167461395264,0.08555274456739426,0.13481339812278748,0.576854944229126
42,42,5287,2006-08-09T07:00:00.000000,413.3878173828125,10.535418510437012,0.13528801500797272,0.19059108197689056,0.8666214346885681
43,43,5287,2006-08-09T07:00:00.000000,139.94696044921875,6.452083587646484,0.04576130956411362,0.11667221784591675,0.5322160124778748
44,44,5287,2006-08-09T07:00:00.000000,818.26416015625,14.795833587646484,0.1357608288526535,0.19058117270469666,0.7542212009429932
45,45,5287,2006-08-09T07:00:00.000000,135.41094970703125,6.627083778381348,0.05769958347082138,0.1367986798286438,0.5937195420265198
46,46,5287,2006-08-09T07:00:00.000000,238.7107391357422,8.397916793823242,0.15205296874046326,0.21194982528686523,0.9130547046661377
47,47,5287,2006-08-09T07:00:00.000000,219.40647888183594,7.425000190734863,0.08345785737037659,0.14481228590011597,0.6451482176780701
48,48,5287,2006-08-09T07:00:00.000000,791.5148315429688,13.820834159851074,0.31359344720840454,0.2750985026359558,1.1124612092971802
49,49,5287,2006-08-09T07:00:00.000000,279.9433288574219,9.875,0.09027635306119919,0.1773327887058258,0.7644215822219849
50,50,5287,2006-08-09T07:00:00.000000,254.84959411621094,8.954167366027832,0.07541344314813614,0.15403079986572266,0.6916172504425049
51,51,5287,2006-08-09T07:00:00.000000,586.3917236328125,13.410417556762695,0.1936989277601242,0.24373164772987366,1.1215360164642334
52,52,5287,2006-08-09T07:00:00.000000,470.5530700683594,12.520833969116211,0.18333783745765686,0.24714678525924683,1.0063912868499756
53,53,5287,2006-08-09T07:00:00.000000,662.66162109375,15.202082633972168,0.18744783103466034,0.2556803822517395,1.1501858234405518
54,54,5287,2006-08-09T07:00:00.000000,303.3193359375,7.4979166984558105,0.129240944981575,0.1547713726758957,0.6566771864891052
55,55,5287,2006-08-09T07:00:00.000000,612.975341796875,11.779167175292969,0.1724766343832016,0.19758693873882294,0.9286977648735046
56,56,5287,2006-08-09T07:00:00.000000,287.03436279296875,10.25,0.0909687727689743,0.18247485160827637,0.7841451168060303
57,57,5287,2006-08-09T07:00:00.000000,322.0732421875,11.01875114440918,0.12375672906637192,0.21599286794662476,1.002113699913025
58,58,5287,2006-08-09T07:00:00.000000,279.1307373046875,8.877083778381348,0.10584249347448349,0.17286080121994019,0.7863950729370117
59,59,5287,2006-08-09T07:00:00.000000,649.2677001953125,15.28125,0.1942284107208252,0.2643037736415863,1.1962820291519165
60,60,5287,2006-08-09T07:00:00.000000,170.1953125,7.0395827293396,0.1029554009437561,0.17314013838768005,0.7618004679679871
61,61,5287,2006-08-09T07:00:00.000000,114.42855072021484,5.9791669845581055,0.03441433236002922,0.10369151085615158,0.48539042472839355
62,62,5287,2006-08-09T07:00:00.000000,243.9969940185547,7.589583873748779,0.08250726759433746,0.13956348598003387,0.6105008125305176
63,63,5287,2006-08-09T07:00:00.000000,224.1876220703125,9.077083587646484,0.08659616112709045,0.17839795351028442,0.7835386991500854
64,64,5287,2006-08-09T07:00:00.000000,1464.23583984375,22.56458282470703,0.642815887928009,0.4727865159511566,1.933495044708252
65,65,5287,2006-08-09T07:00:00.000000,215.49179077148438,8.610416412353516,0.06824567914009094,0.1532309204339981,0.6805848479270935
66,66,5287,2006-08-09T07:00:00.000000,339.8639831542969,9.533334732055664,0.09599783271551132,0.16022229194641113,0.7644243240356445
67,67,5287,2006-08-09T07:00:00.000000,1074.472412109375,17.89166831970215,0.43034446239471436,0.35806453227996826,1.4652713537216187
68,68,5287,2006-08-09T07:00:00.000000,1034.09326171875,18.243751525878906,0.09942030906677246,0.1788841336965561,0.7239152789115906
69,69,5287,2006-08-09T07:00:00.000000,331.0520935058594,10.037498474121094,0.03825606405735016,0.10790150612592697,0.45355865359306335
70,70,5287,2006-08-09T07:00:00.000000,316.013671875,9.164583206176758,0.06439802050590515,0.13082659244537354,0.5592244863510132
71,71,5287,2006-08-09T07:00:00.000000,90.93885803222656,5.564582824707031,0.059641435742378235,0.14250561594963074,0.6309864521026611
72,72,5287,2006-08-09T07:00:00.000000,1343.0673828125,21.910415649414062,0.5694923400878906,0.4511756896972656,1.9330843687057495
73,73,5287,2006-08-09T07:00:00.000000,3117.30908203125,35.89583206176758,0.1294233351945877,0.23129189014434814,0.8938765525817871
74,74,5287,2006-08-09T07:00:00.000000,225.78384399414062,8.197916030883789,0.06425786018371582,0.1382993757724762,0.6313213109970093
75,75,5287,2006-08-09T07:00:00.000000,575.0394287109375,13.79374885559082,0.16244596242904663,0.23183976113796234,1.0905181169509888
76,76,5287,2006-08-09T07:00:00.000000,281.31439208984375,7.666666030883789,0.09848278760910034,0.14344677329063416,0.5595496296882629
77,77,5287,2006-08-09T07:00:00.000000,334.5637512207031,9.716667175292969,0.10878287255764008,0.17520970106124878,0.7905693054199219
78,78,5287,2006-08-09T07:00:00.000000,187.70498657226562,6.683333396911621,0.06019911915063858,0.11968790739774704,0.5475186109542847
79,79,5287,2006-08-09T07:00:00.000000,1034.8262939453125,17.772916793823242,0.4669470489025116,0.377536416053772,1.560421347618103
80,80,5287,2006-08-09T07:00:00.000000,250.43048095703125,8.597916603088379,0.04632403701543808,0.11693722009658813,0.5147621631622314
81,81,5287,2006-08-09T07:00:00.000000,282.3114013671875,8.835417747497559,0.09135924279689789,0.15894216299057007,0.6893479228019714
82,82,5287,2006-08-09T07:00:00.000000,190.29574584960938,7.681249618530273,0.08325384557247162,0.16066434979438782,0.7066039443016052
83,83,5287,2006-08-09T07:00:00.000000,131.130126953125,6.772917747497559,0.08039353787899017,0.16770079731941223,0.7736505270004272
84,84,5287,2006-08-09T07:00:00.000000,195.30613708496094,8.410416603088379,0.06252077221870422,0.1504775583744049,0.6762021780014038
85,85,5287,2006-08-09T07:00:00.000000,160.14004516601562,7.858334541320801,0.06384424865245819,0.15690667927265167,0.708091676235199
86,86,5287,2006-08-09T07:00:00.000000,263.6456298828125,9.36250114440918,0.08394365757703781,0.16706115007400513,0.7444707751274109
87,87,5287,2006-08-09T07:00:00.000000,540.1815795898438,13.956249237060547,0.19688861072063446,0.26644599437713623,1.2152637243270874
88,88,5287,2006-08-09T07:00:00.000000,352.4812927246094,10.866667747497559,0.15101152658462524,0.2249227613210678,0.9992198944091797
89,89,5287,2006-08-09T07:00:00.000000,624.9574584960938,13.172916412353516,0.25827550888061523,0.2677924633026123,1.1034972667694092
90,90,5287,2006-08-09T07:00:00.000000,144.18479919433594,7.2916669845581055,0.0971427783370018,0.1892658919095993,0.8132965564727783
91,91,5287,2006-08-09T07:00:00.000000,86.74581146240234,5.658332824707031,0.03266333416104317,0.10979800671339035,0.494953989982605
92,92,5287,2006-08-09T07:00:00.000000,363.2124938964844,10.829166412353516,0.10477994382381439,0.18393048644065857,0.88084876537323
93,93,5287,2006-08-09T07:00:00.000000,176.67242431640625,7.48541784286499,0.06917364150285721,0.14811599254608154,0.6520602107048035
94,94,5287,2006-08-09T07:00:00.000000,300.6412658691406,7.587499618530273,0.11837425082921982,0.150557741522789,0.6298088431358337
95,95,5287,2006-08-09T07:00:00.000000,1388.6044921875,20.981250762939453,0.6289413571357727,0.4465264081954956,1.8158996105194092
96,96,5287,2006-08-09T07:00:00.000000,391.13153076171875,10.639582633972168,0.16258932650089264,0.216924786567688,1.026583194732666
97,97,5287,2006-08-09T07:00:00.000000,76.61219787597656,5.147916793823242,0.02959929220378399,0.10118665546178818,0.43665188550949097
98,98,5287,2006-08-09T07:00:00.000000,118.7236557006836,6.939584255218506,0.05292446166276932,0.14651867747306824,0.6675174236297607
99,99,5287,2006-08-09T07:00:00.000000,391.997802734375,10.047916412353516,0.14655722677707672,0.1942843645811081,0.8239636421203613
100,100,5287,2006-08-09T07:00:00.000000,115.48542785644531,6.020833969116211,0.06946868449449539,0.14766839146614075,0.6626111268997192
101,101,5287,2006-08-09T07:00:00.000000,183.5462646484375,6.866666316986084,0.10988284647464752,0.16801117360591888,0.7181445956230164
102,102,5287,2006-08-09T07:00:00.000000,303.1422119140625,8.735416412353516,0.10302960872650146,0.16104286909103394,0.7256520986557007
103,103,5287,2006-08-09T07:00:00.000000,135.34136962890625,7.40625,0.04406232759356499,0.13363397121429443,0.6198009252548218
104,104,5287,2006-08-09T07:00:00.000000,623.5137939453125,13.254165649414062,0.0883772224187851,0.15779730677604675,0.6865952014923096
105,105,5287,2006-08-09T07:00:00.000000,1058.7169189453125,13.354166984558105,0.14548584818840027,0.15654431283473969,0.6925381422042847
106,106,5287,2006-08-09T07:00:00.000000,333.181396484375,8.568750381469727,0.12736281752586365,0.16753225028514862,0.7307449579238892
107,107,5287,2006-08-09T07:00:00.000000,344.7644958496094,10.11875057220459,0.09863455593585968,0.1711512804031372,0.8001663088798523
108,108,5287,2006-08-09T07:00:00.000000,303.4287414550781,10.174999237060547,0.11623552441596985,0.1991478055715561,0.8370566368103027
109,109,5287,2006-08-09T07:00:00.000000,275.85498046875,9.274999618530273,0.08090567588806152,0.15884114801883698,0.7238812446594238
110,110,5287,2006-08-09T07:00:00.000000,194.9814453125,7.200000286102295,0.06890162825584412,0.13534760475158691,0.5879849791526794
111,111,5287,2006-08-09T07:00:00.000000,209.08499145507812,8.470833778381348,0.0711301863193512,0.1562398225069046,0.6663036942481995
112,112,5287,2006-08-09T07:00:00.000000,105.15583801269531,5.5416669845581055,0.13832545280456543,0.20099012553691864,0.8846327066421509
113,113,5287,2006-08-09T07:00:00.000000,328.56500244140625,9.033333778381348,0.12466701120138168,0.17595969140529633,0.7939824461936951
114,114,5287,2006-08-09T07:00:00.000000,826.5418701171875,13.489583969116211,0.35671550035476685,0.2802380621433258,1.1110477447509766
115,115,5287,2006-08-09T07:00:00.000000,8.5990629196167,1.3854165077209473,0.0406210720539093,0.09522050619125366,0.43723809719085693
116,116,5287,2006-08-09T07:00:00.000000,190.6980438232422,7.1354169845581055,0.06128270924091339,0.12791316211223602,0.5698778629302979
117,117,5287,2006-08-09T07:00:00.000000,687.3333740234375,13.283332824707031,0.2700548768043518,0.2632991373538971,1.0376390218734741
118,118,5287,2006-08-09T07:00:00.000000,789.8934326171875,15.722915649414062,0.23880407214164734,0.27338188886642456,1.2587981224060059
119,119,5287,2006-08-09T07:00:00.000000,101.21896362304688,5.670833587646484,0.06754235923290253,0.14648866653442383,0.6323012709617615
120,120,5287,2006-08-09T07:00:00.000000,689.8758544921875,14.752084732055664,0.20752105116844177,0.25585800409317017,1.1921883821487427
121,121,5287,2006-08-09T07:00:00.000000,2444.77734375,33.329166412353516,0.14839573204517365,0.2596662640571594,1.0684270858764648
122,122,5287,2006-08-09T07:00:00.000000,54.86479949951172,3.891666889190674,0.017636001110076904,0.06977322697639465,0.3082106411457062
123,123,5287,2006-08-09T07:00:00.000000,800.8629760742188,16.75208282470703,0.2338380515575409,0.2862511873245239,1.3571679592132568
124,124,5287,2006-08-09T07:00:00.000000,212.7293701171875,8.391667366027832,0.02950095199048519,0.0988217443227768,0.43616819381713867
125,125,5287,2006-08-09T07:00:00.000000,3131.75,31.72500228881836,0.8307352066040039,0.5167011022567749,2.0055549144744873
126,126,5287,2006-08-09T07:00:00.000000,87.83512878417969,5.089583873748779,0.10538630187511444,0.17629510164260864,0.7771422266960144
127,127,5287,2006-08-09T07:00:00.000000,1927.667236328125,23.714584350585938,0.8332495093345642,0.49304553866386414,1.9586710929870605
128,128,5287,2006-08-09T07:00:00.000000,457.594482421875,12.839584350585938,0.1463199108839035,0.229594886302948,1.0232939720153809
129,129,5287,2006-08-09T07:00:00.000000,41.602294921875,3.125,0.2587401270866394,0.24644684791564941,0.8852090835571289
130,130,5287,2006-08-09T07:00:00.000000,443.7389831542969,10.670833587646484,0.28162816166877747,0.26882684230804443,1.1387131214141846
131,131,5287,2006-08-09T07:00:00.000000,484.79541015625,10.329166412353516,0.1545673906803131,0.18443569540977478,0.8187828063964844
132,132,5287,2006-08-09T07:00:00.000000,517.48974609375,12.274999618530273,0.16505292057991028,0.21922102570533752,0.991571307182312
133,133,5287,2006-08-09T07:00:00.000000,756.9462280273438,15.350000381469727,0.3106081783771515,0.3109440803527832,1.2015513181686401
134,134,5287,2006-08-09T07:00:00.000000,160.747802734375,7.8645830154418945,0.0466846339404583,0.13402634859085083,0.6277382373809814
135,135,5287,2006-08-09T07:00:00.000000,177.2769012451172,7.379167079925537,0.0847741886973381,0.16136640310287476,0.6689760684967041
136,136,5287,2006-08-09T07:00:00.000000,922.4345092773438,15.614583969116211,0.18198421597480774,0.2193206250667572,0.8663960695266724
0,0,5799,2006-08-30T15:00:00.000000,1980.164794921875,23.88125228881836,0.22907355427742004,0.2568584680557251,0.8855612277984619
1,1,5799,2006-08-30T15:00:00.000000,121.1300048828125,6.325000286102295,0.048592954874038696,0.12668387591838837,0.5030479431152344
2,2,5799,2006-08-30T15:00:00.000000,1077.8917236328125,18.316669464111328,0.49835604429244995,0.3938480615615845,1.7477835416793823
3,3,5799,2006-08-30T15:00:00.000000,537.882568359375,11.770834922790527,0.24588528275489807,0.2516690194606781,0.974097728729248
4,4,5799,2006-08-30T15:00:00.000000,2387.968017578125,26.86250114440918,0.35008925199508667,0.3252531886100769,1.2342418432235718
5,5,5799,2006-08-30T15:00:00.000000,9673.080078125,56.102081298828125,0.5942093133926392,0.43970996141433716,1.7251213788986206
6,6,5799,2006-08-30T15:00:00.000000,730.3881225585938,12.345832824707031,0.4301639497280121,0.29961293935775757,1.207115888595581
7,7,5799,2006-08-30T15:00:00.000000,203.38140869140625,6.5083327293396,0.0862591490149498,0.13403452932834625,0.5979816913604736
8,8,5799,2006-08-30T15:00:00.000000,117.0403060913086,5.547915935516357,0.050346918404102325,0.11506642401218414,0.44990020990371704
9,9,5799,2006-08-30T15:00:00.000000,185.0189666748047,7.875000953674316,0.07598648220300674,0.15959182381629944,0.6662740111351013
10,10,5799,2006-08-30T15:00:00.000000,590.803955078125,13.916666984558105,0.24136793613433838,0.28128939867019653,1.135499358177185
11,11,5799,2006-08-30T15:00:00.000000,143.5872802734375,6.283332824707031,0.2336662858724594,0.25347208976745605,1.042281150817871
12,12,5799,2006-08-30T15:00:00.000000,169.45687866210938,7.366666793823242,0.06540746986865997,0.14472883939743042,0.5846282839775085
13,13,5799,2006-08-30T15:00:00.000000,180.74365234375,8.172918319702148,0.07085016369819641,0.16181395947933197,0.693764328956604
14,14,5799,2006-08-30T15:00:00.000000,329.1994934082031,9.797917366027832,0.13521124422550201,0.19856862723827362,0.7305838465690613
15,15,5799,2006-08-30T15:00:00.000000,237.19720458984375,8.922917366027832,0.3236463665962219,0.32960018515586853,1.1908155679702759
16,16,5799,2006-08-30T15:00:00.000000,234.04490661621094,8.243749618530273,0.09410256147384644,0.16530118882656097,0.6980915069580078
17,17,5799,2006-08-30T15:00:00.000000,217.97750854492188,8.008333206176758,0.07969388365745544,0.15312594175338745,0.6596422791481018
18,18,5799,2006-08-30T15:00:00.000000,163.61187744140625,7.637499809265137,0.06427016109228134,0.1513730138540268,0.6220402717590332
19,19,5799,2006-08-30T15:00:00.000000,316.817626953125,8.497917175292969,0.13234660029411316,0.17368577420711517,0.7079830169677734
20,20,5799,2006-08-30T15:00:00.000000,246.85252380371094,9.625000953674316,0.10215900838375092,0.1958034485578537,0.7645792961120605
21,21,5799,2006-08-30T15:00:00.000000,96.55271911621094,5.262500286102295,0.034413278102874756,0.09935115277767181,0.4317975640296936
22,22,5799,2006-08-30T15:00:00.000000,334.19085693359375,11.96250057220459,0.10674726963043213,0.21379771828651428,0.8131792545318604
23,23,5799,2006-08-30T15:00:00.000000,737.6557006835938,13.306249618530273,0.06808049231767654,0.12783217430114746,0.48946434259414673
24,24,5799,2006-08-30T15:00:00.000000,362.3752136230469,11.04999828338623,0.135081946849823,0.21334457397460938,0.864676833152771
25,25,5799,2006-08-30T15:00:00.000000,609.1873168945312,14.641666412353516,0.3327377140522003,0.34218907356262207,1.5244605541229248
26,26,5799,2006-08-30T15:00:00.000000,427.8842468261719,11.414583206176758,0.18293997645378113,0.23602132499217987,0.9203975200653076
27,27,5799,2006-08-30T15:00:00.000000,133.64491271972656,5.818750381469727,0.06003551930189133,0.1233268603682518,0.4839420020580292
28,28,5799,2006-08-30T15:00:00.000000,1088.147216796875,14.518749237060547,0.11068077385425568,0.14642710983753204,0.5974941253662109
29,29,5799,2006-08-30T15:00:00.000000,189.3633270263672,6.675000190734863,0.07579116523265839,0.13354037702083588,0.5724758505821228
30,30,5799,2006-08-30T15:00:00.000000,1030.353271484375,19.50208282470703,0.6145654320716858,0.47629064321517944,1.621129035949707
31,31,5799,2006-08-30T15:00:00.000000,558.8562622070312,12.954166412353516,0.07226322591304779,0.1473052054643631,0.5555444955825806
32,32,5799,2006-08-30T15:00:00.000000,101.4005355834961,5.535417556762695,0.03982676565647125,0.10970281064510345,0.45257872343063354
33,33,5799,2006-08-30T15:00:00.000000,121.4892578125,5.110416412353516,0.05988498032093048,0.11346092820167542,0.5224127769470215
34,34,5799,2006-08-30T15:00:00.000000,349.4229431152344,10.516666412353516,0.1594838798046112,0.22467809915542603,0.9416310787200928
35,35,5799,2006-08-30T15:00:00.000000,70.32791900634766,5.108333587646484,0.052053626626729965,0.1389763355255127,0.4948040843009949
36,36,5799,2006-08-30T15:00:00.000000,207.50613403320312,8.110416412353516,0.07878027856349945,0.15802887082099915,0.6771013140678406
37,37,5799,2006-08-30T15:00:00.000000,400.63848876953125,8.564583778381348,0.30389755964279175,0.23588131368160248,0.9212491512298584
38,38,5799,2006-08-30T15:00:00.000000,371.4041748046875,7.4791669845581055,0.1552944928407669,0.15293534100055695,0.6027801036834717
39,39,5799,2006-08-30T15:00:00.000000,205.35313415527344,7.125,0.09648024290800095,0.15443772077560425,0.5878974795341492
40,40,5799,2006-08-30T15:00:00.000000,6581.13037109375,44.645835876464844,0.5017517805099487,0.38982996344566345,1.449836015701294
41,41,5799,2006-08-30T15:00:00.000000,2198.1611328125,28.3125,0.968429684638977,0.594268262386322,2.5612456798553467
42,42,5799,2006-08-30T15:00:00.000000,363.2662048339844,10.729166984558105,0.14915618300437927,0.21740728616714478,0.8823632001876831
43,43,5799,2006-08-30T15:00:00.000000,350.96484375,10.372916221618652,0.15126009285449982,0.21534323692321777,0.8522259593009949
44,44,5799,2006-08-30T15:00:00.000000,1460.3231201171875,19.652084350585938,0.3226490616798401,0.29211196303367615,1.126599669456482
45,45,5799,2006-08-30T15:00:00.000000,492.5785827636719,12.516668319702148,0.28182491660118103,0.29939231276512146,1.1717818975448608
46,46,5799,2006-08-30T15:00:00.000000,258.0968017578125,8.618751525878906,0.22224757075309753,0.2529132068157196,1.003262996673584
47,47,5799,2006-08-30T15:00:00.000000,1191.7938232421875,18.314584732055664,0.5566173791885376,0.3957992196083069,1.6708741188049316
48,48,5799,2006-08-30T15:00:00.000000,193.89956665039062,7.845834255218506,0.07784952223300934,0.15720945596694946,0.6997165083885193
49,49,5799,2006-08-30T15:00:00.000000,735.4550170898438,12.345834732055664,0.33234134316444397,0.2624427080154419,0.9756780862808228
50,50,5799,2006-08-30T15:00:00.000000,76.25008392333984,5.097916603088379,0.02946297451853752,0.10020994395017624,0.39717841148376465
51,51,5799,2006-08-30T15:00:00.000000,355.029296875,10.59375,0.14802081882953644,0.21631121635437012,0.8683614730834961
52,52,5799,2006-08-30T15:00:00.000000,37.65937042236328,3.1999995708465576,0.015000104904174805,0.06386466324329376,0.2709595561027527
53,53,5799,2006-08-30T15:00:00.000000,235.2931365966797,7.833333969116211,0.09584050625562668,0.15809442102909088,0.6615422964096069
54,54,5799,2006-08-30T15:00:00.000000,376.11297607421875,10.975000381469727,0.2165042608976364,0.2633168399333954,1.0023927688598633
55,55,5799,2006-08-30T15:00:00.000000,287.853759765625,9.695833206176758,0.12208211421966553,0.19967567920684814,0.8082482218742371
56,56,5799,2006-08-30T15:00:00.000000,54.589595794677734,3.458334445953369,0.020790908485651016,0.06749145686626434,0.2828591465950012
57,57,5799,2006-08-30T15:00:00.000000,318.2166442871094,10.5,0.13558366894721985,0.21673624217510223,0.9275814294815063
58,58,5799,2006-08-30T15:00:00.000000,767.3241577148438,14.422916412353516,0.4170398414134979,0.3362424075603485,1.2771087884902954
59,59,5799,2006-08-30T15:00:00.000000,350.8480224609375,11.268749237060547,0.13828569650650024,0.2237200140953064,0.974739670753479
60,60,5799,2006-08-30T15:00:00.000000,93.13438415527344,5.583333492279053,0.07610264420509338,0.15960204601287842,0.6106799840927124
61,61,5799,2006-08-30T15:00:00.000000,241.92498779296875,8.733333587646484,0.10230477899312973,0.17959225177764893,0.701556921005249
62,62,5799,2006-08-30T15:00:00.000000,270.8094482421875,10.489583969116211,0.11288341134786606,0.21416150033473969,0.8574241399765015
63,63,5799,2006-08-30T15:00:00.000000,33.444061279296875,3.2645833492279053,0.015888359397649765,0.07115538418292999,0.2951095402240753
64,64,5799,2006-08-30T15:00:00.000000,74.50165557861328,4.78749942779541,0.03529294580221176,0.10420048236846924,0.4598466753959656
65,65,5799,2006-08-30T15:00:00.000000,731.6953125,13.081249237060547,0.2882757782936096,0.25964993238449097,1.0967812538146973
66,66,5799,2006-08-30T15:00:00.000000,355.13970947265625,10.972917556762695,0.1648799628019333,0.23643210530281067,0.9413732290267944
67,67,5799,2006-08-30T15:00:00.000000,280.06689453125,8.183333396911621,0.11432083696126938,0.16533395648002625,0.6943838000297546
68,68,5799,2006-08-30T15:00:00.000000,3120.925537109375,31.63125228881836,0.37378042936325073,0.3461647927761078,1.2889134883880615
69,69,5799,2006-08-30T15:00:00.000000,533.6851806640625,12.610418319702148,0.07004698365926743,0.14447131752967834,0.5424115061759949
70,70,5799,2006-08-30T15:00:00.000000,1760.5703125,20.43958282470703,0.4324846863746643,0.3203544020652771,1.301214337348938
71,71,5799,2006-08-30T15:00:00.000000,86.92875671386719,5.112500190734863,0.07196725159883499,0.14710217714309692,0.5965118408203125
72,72,5799,2006-08-30T15:00:00.000000,60.373748779296875,4.074999809265137,0.028805937618017197,0.08901116251945496,0.3494710326194763
73,73,5799,2006-08-30T15:00:00.000000,2040.700927734375,26.66250228881836,0.10259221494197845,0.18904641270637512,0.7409331202507019
74,74,5799,2006-08-30T15:00:00.000000,500.77508544921875,14.039583206176758,0.21457473933696747,0.29061776399612427,1.1027233600616455
75,75,5799,2006-08-30T15:00:00.000000,430.9405517578125,10.210417747497559,0.17686478793621063,0.20684997737407684,0.8018525838851929
76,76,5799,2006-08-30T15:00:00.000000,1325.3179931640625,19.566667556762695,0.503594160079956,0.3814144730567932,1.507628321647644
77,77,5799,2006-08-30T15:00:00.000000,658.2398681640625,14.795833587646484,0.27825918793678284,0.30420902371406555,1.2882375717163086
78,78,5799,2006-08-30T15:00:00.000000,236.47532653808594,7.9187517166137695,0.0856056660413742,0.15066590905189514,0.6238913536071777
79,79,5799,2006-08-30T15:00:00.000000,315.9997253417969,9.818750381469727,0.12970156967639923,0.1989232301712036,0.9070063829421997
80,80,5799,2006-08-30T15:00:00.000000,2148.0791015625,23.75625228881836,0.4972265958786011,0.3614347577095032,1.4090652465820312
81,81,5799,2006-08-30T15:00:00.000000,562.4557495117188,14.55625057220459,0.23289857804775238,0.29620254039764404,1.1568247079849243
82,82,5799,2006-08-30T15:00:00.000000,190.64437866210938,6.620833873748779,0.11318614333868027,0.1613233983516693,0.6231987476348877
83,83,5799,2006-08-30T15:00:00.000000,96.37782287597656,5.493749618530273,0.07140873372554779,0.1495395302772522,0.6001153588294983
84,84,5799,2006-08-30T15:00:00.000000,432.37835693359375,11.67500114440918,0.18089237809181213,0.23880039155483246,0.9763758182525635
85,85,5799,2006-08-30T15:00:00.000000,441.61761474609375,10.764583587646484,0.21171526610851288,0.23569487035274506,0.9393767714500427
86,86,5799,2006-08-30T15:00:00.000000,265.7935485839844,7.887500762939453,0.10580691695213318,0.15737080574035645,0.5881859064102173
87,87,5799,2006-08-30T15:00:00.000000,66.72532653808594,3.652083396911621,0.03211531043052673,0.08012191951274872,0.337342232465744
88,88,5799,2006-08-30T15:00:00.000000,375.7403259277344,10.18125057220459,0.21377235651016235,0.24284712970256805,0.9586539268493652
89,89,5799,2006-08-30T15:00:00.000000,153.01220703125,6.514583587646484,0.07463189959526062,0.14387518167495728,0.5775370597839355
90,90,5799,2006-08-30T15:00:00.000000,325.9130554199219,9.889583587646484,0.2991357147693634,0.29961344599723816,1.1464391946792603
91,91,5799,2006-08-30T15:00:00.000000,1221.7613525390625,20.97708511352539,0.6172598600387573,0.4715045690536499,1.9194940328598022
92,92,5799,2006-08-30T15:00:00.000000,85.46041870117188,5.033333778381348,0.03515759855508804,0.10208991169929504,0.387349009513855
93,93,5799,2006-08-30T15:00:00.000000,1396.41064453125,18.91458511352539,0.6800641417503357,0.4174121618270874,1.6850184202194214
94,94,5799,2006-08-30T15:00:00.000000,331.4008483886719,9.649999618530273,0.14843808114528656,0.20423170924186707,0.8338982462882996
95,95,5799,2006-08-30T15:00:00.000000,185.39450073242188,6.410417079925537,0.089976966381073,0.14122238755226135,0.5769702792167664
96,96,5799,2006-08-30T15:00:00.000000,539.614013671875,14.229166984558105,0.35224413871765137,0.36354634165763855,1.2863481044769287
97,97,5799,2006-08-30T15:00:00.000000,453.9815673828125,10.564583778381348,0.2251167595386505,0.23525410890579224,0.9070176482200623
98,98,5799,2006-08-30T15:00:00.000000,287.3465576171875,10.135417938232422,0.1631932258605957,0.2415403425693512,1.016432762145996
99,99,5799,2006-08-30T15:00:00.000000,100.49020385742188,4.879166603088379,0.03923347592353821,0.09640780091285706,0.3836798369884491
100,100,5799,2006-08-30T15:00:00.000000,65.74666595458984,4.008333206176758,0.04747391864657402,0.1077096164226532,0.4430270195007324
101,101,5799,2006-08-30T15:00:00.000000,358.62274169921875,8.71250057220459,0.30557864904403687,0.2543228566646576,0.977157473564148
102,102,5799,2006-08-30T15:00:00.000000,558.7359008789062,12.316668510437012,0.21489286422729492,0.2415466159582138,1.029909372329712
103,103,5799,2006-08-30T15:00:00.000000,793.7360229492188,15.285418510437012,0.32711637020111084,0.310306191444397,1.217641830444336
104,104,5799,2006-08-30T15:00:00.000000,2917.39990234375,27.19375228881836,0.48715171217918396,0.3514012098312378,1.2408925294876099
105,105,5799,2006-08-30T15:00:00.000000,1230.66796875,17.52083396911621,0.2225951999425888,0.23563632369041443,0.9669620990753174
106,106,5799,2006-08-30T15:00:00.000000,210.33518981933594,6.991666793823242,0.08841520547866821,0.1433468759059906,0.5966164469718933
107,107,5799,2006-08-30T15:00:00.000000,459.82977294921875,10.991666793823242,0.18728910386562347,0.22183051705360413,0.8764363527297974
108,108,5799,2006-08-30T15:00:00.000000,183.0076904296875,6.5708327293396,0.0894332230091095,0.1452564001083374,0.6014410257339478
109,109,5799,2006-08-30T15:00:00.000000,448.90283203125,12.960417747497559,0.19355297088623047,0.2691180109977722,1.11285400390625
110,110,5799,2006-08-30T15:00:00.000000,1127.94482421875,20.862499237060547,0.5271043181419373,0.45099398493766785,1.900211215019226
111,111,5799,2006-08-30T15:00:00.000000,408.89971923828125,11.072916984558105,0.16013585031032562,0.21912804245948792,0.8782393336296082
112,112,5799,2006-08-30T15:00:00.000000,202.42459106445312,6.395833969116211,0.3475193679332733,0.26500558853149414,0.9882990121841431
113,113,5799,2006-08-30T15:00:00.000000,639.3900146484375,15.045833587646484,0.3278133273124695,0.34068000316619873,1.4019160270690918
114,114,5799,2006-08-30T15:00:00.000000,269.9265441894531,7.99375057220459,0.11285197734832764,0.16344903409481049,0.6795746088027954
115,115,5799,2006-08-30T15:00:00.000000,95.55531311035156,5.639583110809326,0.5179400444030762,0.41520190238952637,1.7269835472106934
116,116,5799,2006-08-30T15:00:00.000000,495.9528503417969,11.802083969116211,0.21656429767608643,0.24662207067012787,0.9807418584823608
117,117,5799,2006-08-30T15:00:00.000000,99.69197845458984,4.856249809265137,0.03884144127368927,0.09585584700107574,0.413571834564209
118,118,5799,2006-08-30T15:00:00.000000,345.9513854980469,10.03125,0.13679543137550354,0.19947263598442078,0.7641026973724365
119,119,5799,2006-08-30T15:00:00.000000,322.7734375,10.118749618530273,0.30279025435447693,0.309919536113739,1.2344896793365479
120,120,5799,2006-08-30T15:00:00.000000,220.93499755859375,8.324999809265137,0.09518280625343323,0.17279502749443054,0.6797081828117371
121,121,5799,2006-08-30T15:00:00.000000,1176.714111328125,19.554168701171875,0.08961300551891327,0.17064335942268372,0.6616511344909668
122,122,5799,2006-08-30T15:00:00.000000,258.0643005371094,8.381250381469727,0.1046222448348999,0.16875508427619934,0.6802929639816284
123,123,5799,2006-08-30T15:00:00.000000,619.9898681640625,12.793750762939453,0.24757301807403564,0.25565671920776367,0.9530114531517029
124,124,5799,2006-08-30T15:00:00.000000,892.4705810546875,17.368751525878906,0.15792976319789886,0.23104874789714813,0.8675932884216309
125,125,5799,2006-08-30T15:00:00.000000,205.56466674804688,7.627082824707031,0.053205303847789764,0.12270483374595642,0.4759267568588257
126,126,5799,2006-08-30T15:00:00.000000,127.86042785644531,5.975000381469727,0.1865677833557129,0.22823810577392578,0.9433912634849548
127,127,5799,2006-08-30T15:00:00.000000,84.63884735107422,4.05625057220459,0.040617506951093674,0.0888579934835434,0.3753705620765686
128,128,5799,2006-08-30T15:00:00.000000,112.60189056396484,5.829166412353516,0.04736791551113129,0.1195572167634964,0.4680935740470886
129,129,5799,2006-08-30T15:00:00.000000,24.82552146911621,2.8687500953674316,0.1408538520336151,0.21608662605285645,0.894392192363739
130,130,5799,2006-08-30T15:00:00.000000,79.80259704589844,4.585416316986084,0.048357829451560974,0.1128765344619751,0.4815220832824707
131,131,5799,2006-08-30T15:00:00.000000,151.51614379882812,6.1145830154418945,0.06306643038988113,0.1247488260269165,0.5093071460723877
132,132,5799,2006-08-30T15:00:00.000000,234.46920776367188,8.404166221618652,0.09815233945846558,0.17194996774196625,0.7199999094009399
133,133,5799,2006-08-30T15:00:00.000000,426.66845703125,10.152084350585938,0.18480059504508972,0.21128156781196594,0.8338364958763123
134,134,5799,2006-08-30T15:00:00.000000,607.8140869140625,14.222917556762695,0.2158551812171936,0.26803070306777954,1.1434204578399658
135,135,5799,2006-08-30T15:00:00.000000,344.26617431640625,10.402083396911621,0.1820354163646698,0.23919445276260376,0.8511884212493896
136,136,5799,2006-08-30T15:00:00.000000,1460.2166748046875,19.837499618530273,0.35080617666244507,0.3074764907360077,1.2383607625961304
0,0,6311,2006-09-20T23:00:00.000000,116.3414535522461,5.425002098083496,0.011049504391849041,0.05286936089396477,0.23458707332611084
1,1,6311,2006-09-20T23:00:00.000000,22.956151962280273,2.543750047683716,0.008403467945754528,0.04866919666528702,0.21664945781230927
2,2,6311,2006-09-20T23:00:00.000000,12.661457061767578,1.9208335876464844,0.004330392926931381,0.03552315756678581,0.15883302688598633
3,3,6311,2006-09-20T23:00:00.000000,16.585716247558594,2.0854153633117676,0.0048523289151489735,0.03566978871822357,0.16161510348320007
4,4,6311,2006-09-20T23:00:00.000000,21.707592010498047,2.6020829677581787,0.0025803318712860346,0.028369590640068054,0.12099003791809082
5,5,6311,2006-09-20T23:00:00.000000,91.91667175292969,5.512499809265137,0.004561601672321558,0.03883381932973862,0.16954976320266724
6,6,6311,2006-09-20T23:00:00.000000,2.748126745223999,0.9458333849906921,0.001442000619135797,0.021666010841727257,0.09139280021190643
7,7,6311,2006-09-20T23:00:00.000000,57.78342819213867,3.639583110809326,0.020138069987297058,0.0679452121257782,0.3199843764305115
8,8,6311,2006-09-20T23:00:00.000000,10.27353286743164,1.8499993085861206,0.0030270188581198454,0.03175552189350128,0.1340462863445282
9,9,6311,2006-09-20T23:00:00.000000,36.59209060668945,3.4041671752929688,0.011855462566018105,0.06127404421567917,0.28540387749671936
10,10,6311,2006-09-20T23:00:00.000000,33.509273529052734,2.9437503814697266,0.011320110410451889,0.05410579964518547,0.25274088978767395
11,11,6311,2006-09-20T23:00:00.000000,2.1119775772094727,0.6895833015441895,0.0027628792449831963,0.024941526353359222,0.10831491649150848
12,12,6311,2006-09-20T23:00:00.000000,15.089178085327148,2.1416678428649902,0.004382681101560593,0.03649970144033432,0.16291271150112152
13,13,6311,2006-09-20T23:00:00.000000,7.318854808807373,1.5062503814697266,0.0022992645390331745,0.026697464287281036,0.12110918760299683
14,14,6311,2006-09-20T23:00:00.000000,5.795113563537598,1.389583945274353,0.001512675080448389,0.022450532764196396,0.10132762044668198
15,15,6311,2006-09-20T23:00:00.000000,2.8589611053466797,0.9291671514511108,0.0031128767877817154,0.03065989539027214,0.1453455537557602
16,16,6311,2006-09-20T23:00:00.000000,6.976444244384766,1.4916651248931885,0.0020036548376083374,0.025279339402914047,0.11364936828613281
17,17,6311,2006-09-20T23:00:00.000000,20.01072120666504,2.4312491416931152,0.005630897358059883,0.040783725678920746,0.18337032198905945
18,18,6311,2006-09-20T23:00:00.000000,13.203849792480469,1.9729163646697998,0.00409673061221838,0.034751784056425095,0.16272076964378357
19,19,6311,2006-09-20T23:00:00.000000,7.9093732833862305,1.5999997854232788,0.0024739389773458242,0.028297193348407745,0.12904469668865204
20,20,6311,2006-09-20T23:00:00.000000,46.70283126831055,2.9479174613952637,0.01394699513912201,0.05094294250011444,0.2286374568939209
21,21,6311,2006-09-20T23:00:00.000000,14.941572189331055,2.1187500953674316,0.004382228944450617,0.0362851619720459,0.16527220606803894
22,22,6311,2006-09-20T23:00:00.000000,58.74126434326172,2.3416664600372314,0.01506060641258955,0.03749510645866394,0.16731199622154236
23,23,6311,2006-09-20T23:00:00.000000,95.03901672363281,4.877080917358398,0.007295054849237204,0.04272904992103577,0.1759081780910492
24,24,6311,2006-09-20T23:00:00.000000,20.341991424560547,2.210416793823242,0.005977541208267212,0.03789123520255089,0.16668455302715302
25,25,6311,2006-09-20T23:00:00.000000,14.310946464538574,1.9770841598510742,0.006436243187636137,0.04192830249667168,0.19065311551094055
26,26,6311,2006-09-20T23:00:00.000000,7.5036516189575195,1.4770835638046265,0.0024082097224891186,0.026461586356163025,0.12250953912734985
27,27,6311,2006-09-20T23:00:00.000000,32.3322868347168,2.758333206176758,0.011295284144580364,0.05155574530363083,0.22047650814056396
28,28,6311,2006-09-20T23:00:00.000000,86.95345306396484,5.547917366027832,0.007043553050607443,0.04993240162730217,0.2079176902770996
29,29,6311,2006-09-20T23:00:00.000000,32.913761138916016,2.950000286102295,0.010134567506611347,0.05176496505737305,0.236555278301239
30,30,6311,2006-09-20T23:00:00.000000,8.327398300170898,1.59375,0.003989038057625294,0.03488186374306679,0.16370786726474762
31,31,6311,2006-09-20T23:00:00.000000,469.4320983886719,11.741666793823242,0.045499227941036224,0.11559668183326721,0.5100027322769165
32,32,6311,2006-09-20T23:00:00.000000,17.23895835876465,2.395833730697632,0.005091062746942043,0.041172321885824203,0.18419307470321655
33,33,6311,2006-09-20T23:00:00.000000,6.9892706871032715,1.4020832777023315,0.0025383029133081436,0.026719575747847557,0.12339159101247787
34,34,6311,2006-09-20T23:00:00.000000,2.5960426330566406,0.9708335399627686,0.0009474974940530956,0.0185471810400486,0.08706792443990707
35,35,6311,2006-09-20T23:00:00.000000,4.630836486816406,1.266667366027832,0.002583554480224848,0.029918625950813293,0.1358858048915863
36,36,6311,2006-09-20T23:00:00.000000,6.510312557220459,1.335416316986084,0.0018868179759010673,0.022734258323907852,0.10446622222661972
37,37,6311,2006-09-20T23:00:00.000000,3.3813540935516357,0.9479164481163025,0.002007482573390007,0.023096736520528793,0.10172345489263535
38,38,6311,2006-09-20T23:00:00.000000,14.790209770202637,1.9291661977767944,0.00452040322124958,0.03372647985816002,0.15042757987976074
39,39,6311,2006-09-20T23:00:00.000000,8.655208587646484,1.5375003814697266,0.0026922121178358793,0.02711634151637554,0.12440647929906845
40,40,6311,2006-09-20T23:00:00.000000,214.58250427246094,8.137500762939453,0.013158543966710567,0.06372323632240295,0.28027939796447754
41,41,6311,2006-09-20T23:00:00.000000,19.668954849243164,2.7791662216186523,0.0068765487521886826,0.051964785903692245,0.23326167464256287
42,42,6311,2006-09-20T23:00:00.000000,3.6487507820129395,1.012500286102295,0.0012139113387092948,0.018467862159013748,0.08347116410732269
43,43,6311,2006-09-20T23:00:00.000000,17.134798049926758,2.2125000953674316,0.005430316086858511,0.03938731923699379,0.17479775846004486
44,44,6311,2006-09-20T23:00:00.000000,52.20949935913086,3.706249713897705,0.009468801319599152,0.049912285059690475,0.21881626546382904
45,45,6311,2006-09-20T23:00:00.000000,13.308337211608887,1.9541664123535156,0.006129243411123753,0.041937556117773056,0.1915399730205536
46,46,6311,2006-09-20T23:00:00.000000,5.161661148071289,1.1208324432373047,0.0031061889603734016,0.02749538980424404,0.12206001579761505
47,47,6311,2006-09-20T23:00:00.000000,47.352596282958984,2.814582586288452,0.02076476439833641,0.05893938988447189,0.2618580758571625
48,48,6311,2006-09-20T23:00:00.000000,23.81521224975586,2.4333343505859375,0.008965691551566124,0.04721352458000183,0.20759479701519012
49,49,6311,2006-09-20T23:00:00.000000,2.9040679931640625,0.9187507033348083,0.0008773067384026945,0.015968717634677887,0.06998009979724884
50,50,6311,2006-09-20T23:00:00.000000,19.83271026611328,2.3708338737487793,0.00579835195094347,0.0405380018055439,0.1777460277080536
51,51,6311,2006-09-20T23:00:00.000000,5.912911891937256,1.199999213218689,0.0019088019616901875,0.02156059257686138,0.10054680705070496
52,52,6311,2006-09-20T23:00:00.000000,14.19489860534668,1.7104170322418213,0.005051713436841965,0.03226675093173981,0.13784365355968475
53,53,6311,2006-09-20T23:00:00.000000,17.870208740234375,2.3499999046325684,0.005281181074678898,0.04039881378412247,0.18152174353599548
54,54,6311,2006-09-20T23:00:00.000000,4.275831699371338,1.1916667222976685,0.00217401678673923,0.026870515197515488,0.11476834863424301
55,55,6311,2006-09-20T23:00:00.000000,17.66615104675293,2.3937506675720215,0.005131653510034084,0.04079778492450714,0.1848755180835724
56,56,6311,2006-09-20T23:00:00.000000,11.773859977722168,1.9145841598510742,0.003398554865270853,0.032528363168239594,0.14630527794361115
57,57,6311,2006-09-20T23:00:00.000000,7.492915153503418,1.6416667699813843,0.002737967064604163,0.031381502747535706,0.1478181779384613
58,58,6311,2006-09-20T23:00:00.000000,5.7427077293396,1.3541665077209473,0.0024355552159249783,0.027887701988220215,0.123421810567379
59,59,6311,2006-09-20T23:00:00.000000,78.7681884765625,3.1854159832000732,0.02307630330324173,0.054522257298231125,0.24208813905715942
60,60,6311,2006-09-20T23:00:00.000000,4.049375534057617,1.129166841506958,0.0023548142053186893,0.02722967229783535,0.12295960634946823
61,61,6311,2006-09-20T23:00:00.000000,24.8074951171875,2.825000762939453,0.008149947971105576,0.051204077899456024,0.23441073298454285
62,62,6311,2006-09-20T23:00:00.000000,12.364157676696777,1.4916656017303467,0.0038870207499712706,0.026448290795087814,0.12215974181890488
63,63,6311,2006-09-20T23:00:00.000000,9.392498970031738,1.566666603088379,0.003412072081118822,0.029860366135835648,0.13577941060066223
64,64,6311,2006-09-20T23:00:00.000000,14.332914352416992,2.0999999046325684,0.005940934177488089,0.04275426268577576,0.1858111470937729
65,65,6311,2006-09-20T23:00:00.000000,9.599479675292969,1.785416603088379,0.002889966359362006,0.030978625640273094,0.14064368605613708
66,66,6311,2006-09-20T23:00:00.000000,29.9680233001709,2.664583921432495,0.009029347449541092,0.04625178501009941,0.20834605395793915
67,67,6311,2006-09-20T23:00:00.000000,11.046257019042969,1.9083341360092163,0.003875007852911949,0.03574235364794731,0.16018688678741455
68,68,6311,2006-09-20T23:00:00.000000,163.5767364501953,7.460416316986084,0.013786083087325096,0.06848929822444916,0.30708110332489014
69,69,6311,2006-09-20T23:00:00.000000,22.18854522705078,2.583333730697632,0.00222140084952116,0.025848157703876495,0.1109040379524231
70,70,6311,2006-09-20T23:00:00.000000,44.50708770751953,3.6875,0.009532957337796688,0.053967371582984924,0.23778381943702698
71,71,6311,2006-09-20T23:00:00.000000,1.762291669845581,0.7333330512046814,0.0012545676436275244,0.019566332921385765,0.08643888682126999
72,72,6311,2006-09-20T23:00:00.000000,5.129892826080322,1.372916579246521,0.0021426398307085037,0.028058506548404694,0.12014727294445038
73,73,6311,2006-09-20T23:00:00.000000,398.863037109375,11.193751335144043,0.017224987968802452,0.07356026023626328,0.3228873908519745
74,74,6311,2006-09-20T23:00:00.000000,40.994895935058594,2.7104175090789795,0.012235129252076149,0.04682476446032524,0.2133382260799408
75,75,6311,2006-09-20T23:00:00.000000,9.904272079467773,1.606250524520874,0.0028620027005672455,0.027304675430059433,0.12322285771369934
76,76,6311,2006-09-20T23:00:00.000000,16.109575271606445,2.491665840148926,0.004370411857962608,0.041040148586034775,0.1776190847158432
77,77,6311,2006-09-20T23:00:00.000000,7.030314922332764,1.3479177951812744,0.002365449443459511,0.024724802002310753,0.1151064932346344
78,78,6311,2006-09-20T23:00:00.000000,18.504085540771484,2.443751335144043,0.0059427497908473015,0.04379422590136528,0.2010376751422882
79,79,6311,2006-09-20T23:00:00.000000,26.77603530883789,2.2708334922790527,0.010714022442698479,0.04542431980371475,0.18632590770721436
80,80,6311,2006-09-20T23:00:00.000000,31.509902954101562,2.706249952316284,0.006170205306261778,0.0378699004650116,0.1660519689321518
81,81,6311,2006-09-20T23:00:00.000000,27.585826873779297,2.741666555404663,0.008688126690685749,0.04865580424666405,0.21880921721458435
82,82,6311,2006-09-20T23:00:00.000000,11.492088317871094,1.4791673421859741,0.005992488004267216,0.03377702832221985,0.14076070487499237
83,83,6311,2006-09-20T23:00:00.000000,9.851776123046875,1.7645838260650635,0.005730632226914167,0.04255849868059158,0.19660115242004395
84,84,6311,2006-09-20T23:00:00.000000,9.690729141235352,1.6770837306976318,0.003105049952864647,0.030020009726285934,0.1327926516532898
85,85,6311,2006-09-20T23:00:00.000000,4.292187690734863,1.1354165077209473,0.0015573356067761779,0.021627530455589294,0.09717345237731934
86,86,6311,2006-09-20T23:00:00.000000,9.557188987731934,1.7604169845581055,0.0029028262943029404,0.030680399388074875,0.13773877918720245
87,87,6311,2006-09-20T23:00:00.000000,11.236559867858887,1.822916030883789,0.0041235340759158134,0.03492084890604019,0.15569323301315308
88,88,6311,2006-09-20T23:00:00.000000,6.9245829582214355,1.4583337306976318,0.0030836635269224644,0.030774680897593498,0.1368826925754547
89,89,6311,2006-09-20T23:00:00.000000,11.614477157592773,1.8937499523162842,0.00430516991764307,0.03646010905504227,0.15715375542640686
90,90,6311,2006-09-20T23:00:00.000000,11.357807159423828,1.8312495946884155,0.008196981623768806,0.04919571802020073,0.21617208421230316
91,91,6311,2006-09-20T23:00:00.000000,18.41133689880371,2.272915840148926,0.007843874394893646,0.04691438004374504,0.20837555825710297
92,92,6311,2006-09-20T23:00:00.000000,12.822294235229492,1.887500286102295,0.0038025989197194576,0.032504573464393616,0.14934737980365753
93,93,6311,2006-09-20T23:00:00.000000,8.956768035888672,1.5645831823349,0.003997030667960644,0.03305154666304588,0.14524731040000916
94,94,6311,2006-09-20T23:00:00.000000,10.325308799743652,1.835416555404663,0.003746730973944068,0.03496305271983147,0.15763965249061584
95,95,6311,2006-09-20T23:00:00.000000,18.632373809814453,2.3937485218048096,0.007341539021581411,0.04751579463481903,0.20280858874320984
96,96,6311,2006-09-20T23:00:00.000000,20.292499542236328,2.5625,0.010215487331151962,0.05749441310763359,0.23050765693187714
97,97,6311,2006-09-20T23:00:00.000000,17.603530883789062,2.4541661739349365,0.006386887282133102,0.04674645513296127,0.20522044599056244
98,98,6311,2006-09-20T23:00:00.000000,11.90884780883789,1.9062503576278687,0.005278404336422682,0.040132515132427216,0.18115505576133728
99,99,6311,2006-09-20T23:00:00.000000,11.800209045410156,1.762500524520874,0.004207860212773085,0.03328242897987366,0.1439092457294464
100,100,6311,2006-09-20T23:00:00.000000,14.281564712524414,2.0729167461395264,0.008097256533801556,0.04935860633850098,0.22731439769268036
101,101,6311,2006-09-20T23:00:00.000000,4.698856830596924,1.2770837545394897,0.0026688450016081333,0.03043581359088421,0.136704683303833
102,102,6311,2006-09-20T23:00:00.000000,22.430110931396484,2.6395840644836426,0.007479753345251083,0.048201821744441986,0.22496071457862854
103,103,6311,2006-09-20T23:00:00.000000,88.90855407714844,4.58750057220459,0.028660621494054794,0.08236584067344666,0.3791322410106659
104,104,6311,2006-09-20T23:00:00.000000,25.341224670410156,2.7041661739349365,0.0030714385211467743,0.02977079711854458,0.1358509361743927
105,105,6311,2006-09-20T23:00:00.000000,16.35603141784668,2.1625003814697266,0.00238004419952631,0.02608613483607769,0.11078178882598877
106,106,6311,2006-09-20T23:00:00.000000,7.616977691650391,1.4979164600372314,0.0027219715993851423,0.028316399082541466,0.12923745810985565
107,107,6311,2006-09-20T23:00:00.000000,9.281661987304688,1.6541662216186523,0.002737852279096842,0.028410006314516068,0.12682293355464935
108,108,6311,2006-09-20T23:00:00.000000,7.942705154418945,1.6541666984558105,0.0029640994034707546,0.03195519372820854,0.14339259266853333
109,109,6311,2006-09-20T23:00:00.000000,18.099681854248047,2.3812496662139893,0.005460288375616074,0.041359689086675644,0.18944722414016724
110,110,6311,2006-09-20T23:00:00.000000,16.591772079467773,2.222916603088379,0.005748868919909,0.041377853602170944,0.18234050273895264
111,111,6311,2006-09-20T23:00:00.000000,11.957189559936523,1.956249475479126,0.004132506903260946,0.0363677553832531,0.16003412008285522
112,112,6311,2006-09-20T23:00:00.000000,2.0833349227905273,0.8208334445953369,0.0027942981105297804,0.03006158396601677,0.13556091487407684
113,113,6311,2006-09-20T23:00:00.000000,2.992499351501465,1.049999713897705,0.0011088612955063581,0.020212067291140556,0.09126155823469162
114,114,6311,2006-09-20T23:00:00.000000,65.22148895263672,4.875000953674316,0.024145185947418213,0.09379824250936508,0.40475547313690186
115,115,6311,2006-09-20T23:00:00.000000,1.0321879386901855,0.5895833969116211,0.005530591122806072,0.04315703734755516,0.18654870986938477
116,116,6311,2006-09-20T23:00:00.000000,3.5146851539611816,1.0479164123535156,0.0012024312745779753,0.019382666796445847,0.08175373077392578
117,117,6311,2006-09-20T23:00:00.000000,18.57634735107422,1.9895823001861572,0.007053022272884846,0.03876763582229614,0.1680203378200531
118,118,6311,2006-09-20T23:00:00.000000,34.47395706176758,2.758333206176758,0.010338721796870232,0.04776773974299431,0.2179623693227768
119,119,6311,2006-09-20T23:00:00.000000,7.101356506347656,1.5354173183441162,0.005017508286982775,0.04081312194466591,0.180129736661911
120,120,6311,2006-09-20T23:00:00.000000,13.612292289733887,2.1000003814697266,0.004067547619342804,0.03630112484097481,0.16290414333343506
121,121,6311,2006-09-20T23:00:00.000000,228.55526733398438,8.700000762939453,0.0135072385892272,0.06688165664672852,0.3181440532207489
122,122,6311,2006-09-20T23:00:00.000000,2.6213481426239014,0.9312490224838257,0.0008766042883507907,0.01702963374555111,0.075049988925457
123,123,6311,2006-09-20T23:00:00.000000,5.43353796005249,1.2625001668930054,0.0015691833104938269,0.02145492099225521,0.09843939542770386
124,124,6311,2006-09-20T23:00:00.000000,25.233020782470703,2.9937500953674316,0.003327468875795603,0.03437858074903488,0.15041707456111908
125,125,6311,2006-09-20T23:00:00.000000,10.36853313446045,1.7249994277954102,0.002041839761659503,0.02420700713992119,0.1032230481505394
126,126,6311,2006-09-20T23:00:00.000000,7.000001907348633,1.6000003814697266,0.007179602049291134,0.0512414276599884,0.2289828360080719
127,127,6311,2006-09-20T23:00:00.000000,12.494161605834961,1.6166660785675049,0.004965187516063452,0.03222809359431267,0.1372075080871582
128,128,6311,2006-09-20T23:00:00.000000,42.797325134277344,3.779167890548706,0.012821463868021965,0.06541188806295395,0.28963789343833923
129,129,6311,2006-09-20T23:00:00.000000,4.842709541320801,1.125000238418579,0.024859286844730377,0.08060327917337418,0.3376011252403259
130,130,6311,2006-09-20T23:00:00.000000,5.362184047698975,1.3062494993209839,0.0029259591829031706,0.03051331639289856,0.12933163344860077
131,131,6311,2006-09-20T23:00:00.000000,27.961036682128906,2.9750001430511475,0.008821115829050541,0.052841126918792725,0.23974570631980896
132,132,6311,2006-09-20T23:00:00.000000,11.381781578063965,1.660416603088379,0.0038102022372186184,0.030379872769117355,0.1392645239830017
133,133,6311,2006-09-20T23:00:00.000000,29.37313461303711,3.0416669845581055,0.011014426127076149,0.058900296688079834,0.2596260905265808
134,134,6311,2006-09-20T23:00:00.000000,6.054070472717285,1.2104185819625854,0.0017387060215696692,0.020512796938419342,0.09569206088781357
135,135,6311,2006-09-20T23:00:00.000000,67.69355773925781,3.370833396911621,0.03310985863208771,0.07454909384250641,0.31691107153892517
136,136,6311,2006-09-20T23:00:00.000000,12.277510643005371,1.8416675329208374,0.002131914021447301,0.024268386885523796,0.10974432528018951
0,0,6823,2006-10-12T07:00:00.000000,5026.04345703125,44.264583587646484,0.47385549545288086,0.4297998547554016,1.9334062337875366
1,1,6823,2006-10-12T07:00:00.000000,703.4472045898438,14.145834922790527,0.23129895329475403,0.2565072774887085,1.1743658781051636
2,2,6823,2006-10-12T07:00:00.000000,338.8497009277344,10.847917556762695,0.12236042320728302,0.2061404585838318,0.9159682989120483
3,3,6823,2006-10-12T07:00:00.000000,1391.9422607421875,19.65416717529297,0.5291244983673096,0.38319775462150574,1.6867494583129883
4,4,6823,2006-10-12T07:00:00.000000,3317.01611328125,32.48125457763672,0.42528876662254333,0.3677908778190613,1.5104193687438965
5,5,6823,2006-10-12T07:00:00.000000,4478.080078125,38.12083435058594,0.23670804500579834,0.27715516090393066,1.1310415267944336
6,6,6823,2006-10-12T07:00:00.000000,555.5235595703125,13.729166984558105,0.266224205493927,0.30055001378059387,1.3378677368164062
7,7,6823,2006-10-12T07:00:00.000000,355.48358154296875,9.67500114440918,0.14957952499389648,0.19846197962760925,0.843258261680603
8,8,6823,2006-10-12T07:00:00.000000,1067.5816650390625,17.212499618530273,0.4175824522972107,0.34041959047317505,1.4453738927841187
9,9,6823,2006-10-12T07:00:00.000000,1474.8167724609375,18.70625114440918,0.5445222854614258,0.35943931341171265,1.5292834043502808
10,10,6823,2006-10-12T07:00:00.000000,728.9435424804688,13.637500762939453,0.28023454546928406,0.2673921287059784,1.161526083946228
11,11,6823,2006-10-12T07:00:00.000000,268.7206115722656,9.649999618530273,0.3212531805038452,0.33365723490715027,1.4013478755950928
12,12,6823,2006-10-12T07:00:00.000000,461.6827087402344,12.220834732055664,0.1720312535762787,0.2359025776386261,1.0629854202270508
13,13,6823,2006-10-12T07:00:00.000000,1627.916748046875,20.76875114440918,0.5771192312240601,0.3910452723503113,1.702272891998291
14,14,6823,2006-10-12T07:00:00.000000,803.36083984375,14.610416412353516,0.26620858907699585,0.265961229801178,1.1285828351974487
15,15,6823,2006-10-12T07:00:00.000000,224.38949584960938,8.752082824707031,0.2656967341899872,0.3011641800403595,1.273113489151001
16,16,6823,2006-10-12T07:00:00.000000,666.882568359375,14.045835494995117,0.24111589789390564,0.2670765519142151,1.2096612453460693
17,17,6823,2006-10-12T07:00:00.000000,1081.54443359375,18.012500762939453,0.40098071098327637,0.34682750701904297,1.5428462028503418
18,18,6823,2006-10-12T07:00:00.000000,1275.678955078125,17.702085494995117,0.4655397832393646,0.338167667388916,1.4472966194152832
19,19,6823,2006-10-12T07:00:00.000000,1195.048583984375,17.485416412353516,0.4407608211040497,0.3358030915260315,1.4999303817749023
20,20,6823,2006-10-12T07:00:00.000000,1206.6669921875,19.912498474121094,0.4576413631439209,0.3877882957458496,1.6303715705871582
21,21,6823,2006-10-12T07:00:00.000000,799.4249877929688,14.295833587646484,0.30596601963043213,0.27967730164527893,1.2274887561798096
22,22,6823,2006-10-12T07:00:00.000000,879.5859375,17.293750762939453,0.2820492088794708,0.3096795082092285,1.2797412872314453
23,23,6823,2006-10-12T07:00:00.000000,4750.400390625,35.639583587646484,0.34761208295822144,0.3048701882362366,1.2527620792388916
24,24,6823,2006-10-12T07:00:00.000000,596.6025390625,13.666666984558105,0.2179788202047348,0.26123249530792236,1.1802935600280762
25,25,6823,2006-10-12T07:00:00.000000,459.57794189453125,9.733333587646484,0.20886556804180145,0.2074987143278122,0.9037148356437683
26,26,6823,2006-10-12T07:00:00.000000,1226.9105224609375,17.48541831970215,0.45888006687164307,0.338157594203949,1.5196797847747803
27,27,6823,2006-10-12T07:00:00.000000,340.72406005859375,8.552083015441895,0.1093515157699585,0.15320852398872375,0.6879565715789795
28,28,6823,2006-10-12T07:00:00.000000,2805.66259765625,28.94375228881836,0.18883971869945526,0.23745635151863098,1.1039412021636963
29,29,6823,2006-10-12T07:00:00.000000,2961.129638671875,28.129169464111328,1.0818936824798584,0.5376758575439453,2.3216798305511475
30,30,6823,2006-10-12T07:00:00.000000,437.3371276855469,13.047916412353516,0.2526927590370178,0.31363850831985474,1.3838448524475098
31,31,6823,2006-10-12T07:00:00.000000,2095.2607421875,25.877086639404297,0.18141430616378784,0.24078649282455444,1.0788578987121582
32,32,6823,2006-10-12T07:00:00.000000,754.1451416015625,14.475001335144043,0.28671494126319885,0.28223854303359985,1.216662049293518
33,33,6823,2006-10-12T07:00:00.000000,458.41265869140625,12.122917175292969,0.20569241046905518,0.25679582357406616,1.1374386548995972
34,34,6823,2006-10-12T07:00:00.000000,561.4957275390625,10.610417366027832,0.2392655462026596,0.2190278172492981,0.9303962588310242
35,35,6823,2006-10-12T07:00:00.000000,984.9276123046875,18.09166717529297,0.5488810539245605,0.42708620429039,1.8317620754241943
36,36,6823,2006-10-12T07:00:00.000000,1140.5518798828125,17.589582443237305,0.4272086024284363,0.3404223620891571,1.4883391857147217
37,37,6823,2006-10-12T07:00:00.000000,371.68218994140625,10.252082824707031,0.2670794725418091,0.2748188376426697,1.2264751195907593
38,38,6823,2006-10-12T07:00:00.000000,840.1195068359375,16.585416793823242,0.296395868062973,0.31152427196502686,1.3826698064804077
39,39,6823,2006-10-12T07:00:00.000000,1280.2900390625,18.991668701171875,0.500971794128418,0.37567782402038574,1.5930527448654175
40,40,6823,2006-10-12T07:00:00.000000,4186.0908203125,32.864585876464844,0.27226942777633667,0.26504722237586975,1.1034148931503296
41,41,6823,2006-10-12T07:00:00.000000,1159.714599609375,17.268749237060547,0.43041595816612244,0.33268219232559204,1.4738495349884033
42,42,6823,2006-10-12T07:00:00.000000,509.1130065917969,13.489583969116211,0.1973695605993271,0.26560214161872864,1.1489572525024414
43,43,6823,2006-10-12T07:00:00.000000,943.8703002929688,16.237499237060547,0.3425925672054291,0.3093513548374176,1.351405382156372
44,44,6823,2006-10-12T07:00:00.000000,2542.73828125,27.854167938232422,0.48343122005462646,0.38406670093536377,1.5450637340545654
45,45,6823,2006-10-12T07:00:00.000000,516.4180908203125,13.129165649414062,0.2758120596408844,0.30341920256614685,1.3023496866226196
46,46,6823,2006-10-12T07:00:00.000000,402.37908935546875,10.268749237060547,0.2909979820251465,0.2761498987674713,1.1675390005111694
47,47,6823,2006-10-12T07:00:00.000000,344.9353942871094,11.012499809265137,0.16517865657806396,0.24098722636699677,0.9298652410507202
48,48,6823,2006-10-12T07:00:00.000000,461.1958923339844,12.668749809265137,0.14962691068649292,0.228189617395401,1.0373783111572266
49,49,6823,2006-10-12T07:00:00.000000,883.6039428710938,15.129167556762695,0.30555620789527893,0.28134018182754517,1.2066915035247803
50,50,6823,2006-10-12T07:00:00.000000,365.173095703125,9.912500381469727,0.13818751275539398,0.19282715022563934,0.8308092951774597
51,51,6823,2006-10-12T07:00:00.000000,1433.7977294921875,17.954166412353516,0.5182411670684814,0.3413400650024414,1.5365102291107178
52,52,6823,2006-10-12T07:00:00.000000,436.6748962402344,11.627081871032715,0.1402006894350052,0.20833717286586761,0.9611537456512451
53,53,6823,2006-10-12T07:00:00.000000,550.31689453125,12.270833969116211,0.20315027236938477,0.23576337099075317,1.0281875133514404
54,54,6823,2006-10-12T07:00:00.000000,448.656005859375,13.231250762939453,0.21418146789073944,0.2890913486480713,1.2584683895111084
55,55,6823,2006-10-12T07:00:00.000000,1939.2099609375,26.28125,0.7318679690361023,0.5105637311935425,2.2556114196777344
56,56,6823,2006-10-12T07:00:00.000000,773.9901733398438,15.970832824707031,0.30195483565330505,0.3154502511024475,1.3787888288497925
57,57,6823,2006-10-12T07:00:00.000000,648.6800537109375,12.514583587646484,0.27656957507133484,0.25840646028518677,1.1634019613265991
58,58,6823,2006-10-12T07:00:00.000000,496.11175537109375,12.372915267944336,0.23669759929180145,0.27025842666625977,1.0824155807495117
59,59,6823,2006-10-12T07:00:00.000000,1629.6181640625,20.02916717529297,0.6258020401000977,0.3924989104270935,1.6349141597747803
60,60,6823,2006-10-12T07:00:00.000000,330.4945983886719,9.929166793823242,0.23644495010375977,0.2655801773071289,1.1328237056732178
61,61,6823,2006-10-12T07:00:00.000000,601.6175537109375,13.356249809265137,0.24582532048225403,0.2699837386608124,1.1500353813171387
62,62,6823,2006-10-12T07:00:00.000000,1837.8074951171875,21.262500762939453,0.6730150580406189,0.4068896770477295,1.8354849815368652
63,63,6823,2006-10-12T07:00:00.000000,332.9381408691406,9.379167556762695,0.1510668396949768,0.1997869461774826,0.8514002561569214
64,64,6823,2006-10-12T07:00:00.000000,514.643310546875,13.002084732055664,0.19491229951381683,0.2530343234539032,1.1548494100570679
65,65,6823,2006-10-12T07:00:00.000000,1119.133056640625,17.88333511352539,0.4027487635612488,0.3392537832260132,1.4423784017562866
66,66,6823,2006-10-12T07:00:00.000000,900.1693115234375,17.53125,0.3438088595867157,0.34261733293533325,1.4679696559906006
67,67,6823,2006-10-12T07:00:00.000000,892.236572265625,16.15625,0.29493194818496704,0.2937389016151428,1.3285866975784302
68,68,6823,2006-10-12T07:00:00.000000,5734.8046875,43.41041564941406,0.5619891881942749,0.42973288893699646,1.7553151845932007
69,69,6823,2006-10-12T07:00:00.000000,3532.708740234375,31.331249237060547,0.36085593700408936,0.3166581988334656,1.3255101442337036
70,70,6823,2006-10-12T07:00:00.000000,1940.708740234375,25.683332443237305,0.38814979791641235,0.3632209897041321,1.54390287399292
71,71,6823,2006-10-12T07:00:00.000000,122.157470703125,6.220832824707031,0.10230445116758347,0.18002621829509735,0.7642187476158142
72,72,6823,2006-10-12T07:00:00.000000,1322.8299560546875,20.910415649414062,0.47483688592910767,0.3961712121963501,1.7809261083602905
73,73,6823,2006-10-12T07:00:00.000000,5686.20703125,41.645835876464844,0.2685682773590088,0.2862118184566498,1.1917670965194702
74,74,6823,2006-10-12T07:00:00.000000,1289.2340087890625,18.287500381469727,0.46585768461227417,0.34762832522392273,1.5035508871078491
75,75,6823,2006-10-12T07:00:00.000000,1271.4515380859375,18.902084350585938,0.4967876672744751,0.3736329972743988,1.6479496955871582
76,76,6823,2006-10-12T07:00:00.000000,890.9736328125,16.885417938232422,0.28497689962387085,0.30198416113853455,1.3163096904754639
77,77,6823,2006-10-12T07:00:00.000000,745.9401245117188,14.385416030883789,0.2908001244068146,0.28403234481811523,1.2462337017059326
78,78,6823,2006-10-12T07:00:00.000000,629.8531494140625,13.8125,0.24892382323741913,0.27459073066711426,1.1642587184906006
79,79,6823,2006-10-12T07:00:00.000000,1237.208740234375,19.647916793823242,0.4608989655971527,0.37922579050064087,1.758320689201355
80,80,6823,2006-10-12T07:00:00.000000,725.6761474609375,15.285415649414062,0.1529838740825653,0.22193646430969238,0.8657061457633972
81,81,6823,2006-10-12T07:00:00.000000,1308.755859375,17.922916412353516,0.4817892909049988,0.3438807725906372,1.46779465675354
82,82,6823,2006-10-12T07:00:00.000000,255.78353881835938,8.700000762939453,0.12248806655406952,0.19038373231887817,0.7881845235824585
83,83,6823,2006-10-12T07:00:00.000000,266.0130310058594,8.372916221618652,0.18271319568157196,0.21943721175193787,0.9339593648910522
84,84,6823,2006-10-12T07:00:00.000000,1723.8543701171875,21.102083206176758,0.6192829012870789,0.39996278285980225,1.8122692108154297
85,85,6823,2006-10-12T07:00:00.000000,282.89544677734375,9.408333778381348,0.13678181171417236,0.20687781274318695,0.8430496454238892
86,86,6823,2006-10-12T07:00:00.000000,690.6232299804688,13.214583396911621,0.2679797112941742,0.260305792093277,1.0748271942138672
87,87,6823,2006-10-12T07:00:00.000000,627.7489624023438,13.416666030883789,0.30663567781448364,0.29652613401412964,1.2091326713562012
88,88,6823,2006-10-12T07:00:00.000000,867.2606201171875,14.414584159851074,0.39811596274375916,0.30883896350860596,1.3795045614242554
89,89,6823,2006-10-12T07:00:00.000000,601.666015625,12.489584922790527,0.29060208797454834,0.27448564767837524,1.1836788654327393
90,90,6823,2006-10-12T07:00:00.000000,287.419189453125,9.241666793823242,0.24894015491008759,0.2719818353652954,1.1588948965072632
91,91,6823,2006-10-12T07:00:00.000000,551.0653076171875,12.24166488647461,0.26826098561286926,0.27009573578834534,1.0667144060134888
92,92,6823,2006-10-12T07:00:00.000000,624.756591796875,14.34375,0.22232800722122192,0.27058541774749756,1.1837643384933472
93,93,6823,2006-10-12T07:00:00.000000,267.0782470703125,9.489583969116211,0.13481968641281128,0.21320852637290955,0.8838104009628296
94,94,6823,2006-10-12T07:00:00.000000,911.1943359375,16.283334732055664,0.3782052993774414,0.33174288272857666,1.3829259872436523
95,95,6823,2006-10-12T07:00:00.000000,483.9881591796875,12.070834159851074,0.17330899834632874,0.22841805219650269,1.0455816984176636
96,96,6823,2006-10-12T07:00:00.000000,752.2450561523438,16.854167938232422,0.45017004013061523,0.4123024642467499,1.6339521408081055
97,97,6823,2006-10-12T07:00:00.000000,349.9534606933594,8.522916793823242,0.17165902256965637,0.18876278400421143,0.7538210153579712
98,98,6823,2006-10-12T07:00:00.000000,858.8726806640625,13.904166221618652,0.391578733921051,0.29688626527786255,1.3240175247192383
99,99,6823,2006-10-12T07:00:00.000000,370.68426513671875,10.647916793823242,0.1194552630186081,0.19114600121974945,0.8356801271438599
100,100,6823,2006-10-12T07:00:00.000000,323.0687561035156,9.204167366027832,0.2226008176803589,0.24160194396972656,1.0665760040283203
101,101,6823,2006-10-12T07:00:00.000000,248.06793212890625,8.233333587646484,0.17427724599838257,0.21822813153266907,0.9952348470687866
102,102,6823,2006-10-12T07:00:00.000000,1118.9710693359375,16.8125,0.44352373480796814,0.3347197473049164,1.498112440109253
103,103,6823,2006-10-12T07:00:00.000000,1556.666015625,20.745834350585938,0.5700334906578064,0.3969934582710266,1.759416103363037
104,104,6823,2006-10-12T07:00:00.000000,2651.515625,29.304168701171875,0.38258883357048035,0.3520047068595886,1.5244758129119873
105,105,6823,2006-10-12T07:00:00.000000,2063.349609375,25.887500762939453,0.2701643705368042,0.2962222993373871,1.333871841430664
106,106,6823,2006-10-12T07:00:00.000000,754.4432983398438,14.385417938232422,0.31580862402915955,0.2943209409713745,1.282766342163086
107,107,6823,2006-10-12T07:00:00.000000,765.6444702148438,13.870833396911621,0.28105053305625916,0.2657548785209656,1.149278998374939
108,108,6823,2006-10-12T07:00:00.000000,632.9723510742188,13.458333969116211,0.31222957372665405,0.29890692234039307,1.2606102228164673
109,109,6823,2006-10-12T07:00:00.000000,1644.9730224609375,21.89583396911621,0.6188732385635376,0.42470067739486694,1.7679275274276733
110,110,6823,2006-10-12T07:00:00.000000,370.9498291015625,10.225000381469727,0.13396166265010834,0.19431039690971375,0.8399493098258972
111,111,6823,2006-10-12T07:00:00.000000,510.6309509277344,11.697916984558105,0.20322833955287933,0.2333710789680481,1.0319056510925293
112,112,6823,2006-10-12T07:00:00.000000,362.80035400390625,10.885416984558105,0.4482531249523163,0.3826245963573456,1.6017134189605713
113,113,6823,2006-10-12T07:00:00.000000,597.250244140625,11.416666984558105,0.27015745639801025,0.24281170964241028,1.0606271028518677
114,114,6823,2006-10-12T07:00:00.000000,994.628662109375,16.924999237060547,0.33289241790771484,0.30963510274887085,1.4014999866485596
115,115,6823,2006-10-12T07:00:00.000000,23.55843734741211,2.8062500953674316,0.12175585329532623,0.20174279808998108,0.7970131635665894
116,116,6823,2006-10-12T07:00:00.000000,482.1356201171875,12.581252098083496,0.19517871737480164,0.25313693284988403,1.0896247625350952
117,117,6823,2006-10-12T07:00:00.000000,723.876220703125,15.272917747497559,0.23926889896392822,0.27767258882522583,1.263224720954895
118,118,6823,2006-10-12T07:00:00.000000,908.3494873046875,14.0625,0.3437637984752655,0.2735685110092163,1.1765718460083008
119,119,6823,2006-10-12T07:00:00.000000,281.6278076171875,9.864583015441895,0.23182104527950287,0.2830201983451843,1.1925907135009766
120,120,6823,2006-10-12T07:00:00.000000,909.5936889648438,15.729166984558105,0.3322347402572632,0.3006107807159424,1.326417326927185
121,121,6823,2006-10-12T07:00:00.000000,8282.4990234375,51.04374694824219,0.6654833555221558,0.4575415253639221,1.8133153915405273
122,122,6823,2006-10-12T07:00:00.000000,816.0745849609375,15.452082633972168,0.31412845849990845,0.30316269397735596,1.292349100112915
123,123,6823,2006-10-12T07:00:00.000000,611.0881958007812,12.133334159851074,0.23453281819820404,0.2377004325389862,1.0355795621871948
124,124,6823,2006-10-12T07:00:00.000000,2077.626220703125,26.575000762939453,0.3153764307498932,0.3274192214012146,1.3660714626312256
125,125,6823,2006-10-12T07:00:00.000000,1705.902587890625,20.33125114440918,0.2841789722442627,0.26241153478622437,1.1563057899475098
126,126,6823,2006-10-12T07:00:00.000000,254.4231414794922,8.075000762939453,0.3079376220703125,0.2809284031391144,1.1995418071746826
127,127,6823,2006-10-12T07:00:00.000000,368.4967041015625,11.42500114440918,0.13775353133678436,0.22089749574661255,1.0094571113586426
128,128,6823,2006-10-12T07:00:00.000000,879.9212646484375,15.685416221618652,0.3353438079357147,0.3062099814414978,1.3391259908676147
129,129,6823,2006-10-12T07:00:00.000000,40.50739669799805,3.4479169845581055,0.1726461499929428,0.22509613633155823,1.0047149658203125
130,130,6823,2006-10-12T07:00:00.000000,307.1669921875,9.443750381469727,0.14334651827812195,0.20400969684123993,0.9162830114364624
131,131,6823,2006-10-12T07:00:00.000000,1434.592529296875,18.172916412353516,0.5516844987869263,0.3563738465309143,1.6053303480148315
132,132,6823,2006-10-12T07:00:00.000000,1636.4759521484375,18.795835494995117,0.5938774347305298,0.35805952548980713,1.5700801610946655
133,133,6823,2006-10-12T07:00:00.000000,522.4163818359375,11.427083969116211,0.1703464239835739,0.2063448131084442,0.9245525598526001
134,134,6823,2006-10-12T07:00:00.000000,854.27392578125,14.935417175292969,0.3090207576751709,0.28406161069869995,1.2435940504074097
135,135,6823,2006-10-12T07:00:00.000000,339.9609375,10.260417938232422,0.1631559133529663,0.2247770130634308,0.9198461771011353
136,136,6823,2006-10-12T07:00:00.000000,1191.4534912109375,17.868751525878906,0.24722830951213837,0.25739774107933044,1.1164000034332275
0,0,7335,2006-11-02T15:00:00.000000,8159.357421875,52.48749923706055,1.0300097465515137,0.5897237658500671,2.557340621948242
1,1,7335,2006-11-02T15:00:00.000000,1533.3436279296875,17.439584732055664,0.6266142129898071,0.3525465726852417,1.6014573574066162
2,2,7335,2006-11-02T15:00:00.000000,34.10240173339844,2.439584255218506,0.017496522516012192,0.05525851249694824,0.25646695494651794
3,3,7335,2006-11-02T15:00:00.000000,101.5894775390625,3.7062509059906006,0.04286088049411774,0.07612739503383636,0.3437049090862274
4,4,7335,2006-11-02T15:00:00.000000,6136.9267578125,43.295833587646484,1.0279133319854736,0.5603364109992981,2.4652328491210938
5,5,7335,2006-11-02T15:00:00.000000,9399.02734375,38.26457977294922,0.5095055103302002,0.28172796964645386,1.2503297328948975
6,6,7335,2006-11-02T15:00:00.000000,1884.01708984375,22.929166793823242,1.1803178787231445,0.5739120841026306,2.5543129444122314
7,7,7335,2006-11-02T15:00:00.000000,7.238339424133301,1.4166667461395264,0.003625407349318266,0.031704917550086975,0.15267381072044373
8,8,7335,2006-11-02T15:00:00.000000,7.365936279296875,1.3770833015441895,0.002973488299176097,0.027668101713061333,0.12794753909111023
9,9,7335,2006-11-02T15:00:00.000000,6.29114294052124,1.3520827293395996,0.0029861589428037405,0.029457440599799156,0.14763334393501282
10,10,7335,2006-11-02T15:00:00.000000,13.461973190307617,1.8937495946884155,0.006697590928524733,0.04224034771323204,0.21672511100769043
11,11,7335,2006-11-02T15:00:00.000000,862.12939453125,15.416667938232422,1.264618992805481,0.5904513597488403,2.767625331878662
12,12,7335,2006-11-02T15:00:00.000000,11.117809295654297,1.6604163646697998,0.004485698416829109,0.03335203975439072,0.1566651612520218
13,13,7335,2006-11-02T15:00:00.000000,6.869479179382324,1.4979164600372314,0.00321880541741848,0.03242448344826698,0.17054268717765808
14,14,7335,2006-11-02T15:00:00.000000,41.572723388671875,2.966667652130127,0.014069512486457825,0.054576314985752106,0.2591246962547302
15,15,7335,2006-11-02T15:00:00.000000,782.8173217773438,14.231249809265137,1.1613073348999023,0.5481336712837219,2.6427431106567383
16,16,7335,2006-11-02T15:00:00.000000,12.279169082641602,1.924999713897705,0.005156271625310183,0.039447009563446045,0.18342743813991547
17,17,7335,2006-11-02T15:00:00.000000,4.327291488647461,1.254166603088379,0.0018411044729873538,0.025869399309158325,0.11683912575244904
18,18,7335,2006-11-02T15:00:00.000000,9.82562255859375,1.8333330154418945,0.004484247416257858,0.03916572034358978,0.19590900838375092
19,19,7335,2006-11-02T15:00:00.000000,3.746563673019409,1.1770834922790527,0.0017937689553946257,0.025755736976861954,0.12159653753042221
20,20,7335,2006-11-02T15:00:00.000000,17.83040428161621,2.1499991416931152,0.007725930772721767,0.04475412517786026,0.20338158309459686
21,21,7335,2006-11-02T15:00:00.000000,419.5321044921875,7.70416784286499,0.18222525715827942,0.16056372225284576,0.7331657409667969
22,22,7335,2006-11-02T15:00:00.000000,1322.50390625,15.933333396911621,0.5089410543441772,0.3125661313533783,1.523716688156128
23,23,7335,2006-11-02T15:00:00.000000,7156.634765625,39.44166564941406,0.5618897676467896,0.3494832515716553,1.6494730710983276
24,24,7335,2006-11-02T15:00:00.000000,15.460418701171875,2.120833396911621,0.00630370806902647,0.04282466694712639,0.2012324333190918
25,25,7335,2006-11-02T15:00:00.000000,4.169058799743652,1.0979161262512207,0.0026594798546284437,0.027729913592338562,0.14565616846084595
26,26,7335,2006-11-02T15:00:00.000000,5.161040782928467,1.1624996662139893,0.0024573279079049826,0.025366220623254776,0.12072848528623581
27,27,7335,2006-11-02T15:00:00.000000,1359.97705078125,16.637500762939453,0.5688450336456299,0.34026655554771423,1.549530267715454
28,28,7335,2006-11-02T15:00:00.000000,9141.33984375,40.63333511352539,0.7632409930229187,0.37128588557243347,1.7366671562194824
29,29,7335,2006-11-02T15:00:00.000000,315.9827575683594,6.066667079925537,0.1484101116657257,0.13147714734077454,0.63141268491745
30,30,7335,2006-11-02T15:00:00.000000,1621.5799560546875,19.089584350585938,1.1289246082305908,0.5036858320236206,2.3131332397460938
31,31,7335,2006-11-02T15:00:00.000000,5437.22998046875,33.372920989990234,0.5367879867553711,0.3315940499305725,1.5912965536117554
32,32,7335,2006-11-02T15:00:00.000000,316.09185791015625,6.054166316986084,0.12852191925048828,0.12207768857479095,0.6031233072280884
33,33,7335,2006-11-02T15:00:00.000000,281.8377685546875,5.902083873748779,0.14674369990825653,0.13467451930046082,0.6535043120384216
34,34,7335,2006-11-02T15:00:00.000000,22.912811279296875,2.5270836353302,0.012797597795724869,0.059723418205976486,0.3030250370502472
35,35,7335,2006-11-02T15:00:00.000000,1931.7943115234375,21.47083282470703,1.1723486185073853,0.5289283394813538,2.4565834999084473
36,36,7335,2006-11-02T15:00:00.000000,22.677288055419922,2.5958333015441895,0.00933277327567339,0.05266069620847702,0.24335706233978271
37,37,7335,2006-11-02T15:00:00.000000,116.02114868164062,4.085416793823242,0.09472253173589706,0.11673320829868317,0.5471028089523315
38,38,7335,2006-11-02T15:00:00.000000,124.1478271484375,4.085417747497559,0.05203142389655113,0.08363723754882812,0.39423590898513794
39,39,7335,2006-11-02T15:00:00.000000,370.56353759765625,6.758332252502441,0.16925880312919617,0.14443878829479218,0.6898154020309448
40,40,7335,2006-11-02T15:00:00.000000,6532.1875,30.285419464111328,0.415324330329895,0.24148933589458466,1.0669952630996704
41,41,7335,2006-11-02T15:00:00.000000,16.43511390686035,2.227083683013916,0.00851428508758545,0.05069022998213768,0.23109416663646698
42,42,7335,2006-11-02T15:00:00.000000,1640.75830078125,17.608333587646484,0.6825413107872009,0.35913723707199097,1.5616939067840576
43,43,7335,2006-11-02T15:00:00.000000,11.406352996826172,1.8437498807907104,0.005371092818677425,0.04000920429825783,0.20207135379314423
44,44,7335,2006-11-02T15:00:00.000000,4724.212890625,38.43541717529297,1.1447266340255737,0.5982983112335205,2.833494186401367
45,45,7335,2006-11-02T15:00:00.000000,1107.49072265625,15.935417175292969,0.7290949821472168,0.4088701903820038,1.9076122045516968
46,46,7335,2006-11-02T15:00:00.000000,256.15240478515625,6.256249904632568,0.20971712470054626,0.17901186645030975,0.8722969889640808
47,47,7335,2006-11-02T15:00:00.000000,1285.55078125,15.07083511352539,0.6550050377845764,0.34018486738204956,1.5625200271606445
48,48,7335,2006-11-02T15:00:00.000000,1524.20751953125,18.224998474121094,0.6486876606941223,0.3759787976741791,1.7953546047210693
49,49,7335,2006-11-02T15:00:00.000000,212.2347869873047,6.124999523162842,0.09106170386075974,0.1268719732761383,0.5993465781211853
50,50,7335,2006-11-02T15:00:00.000000,379.2649841308594,7.27500057220459,0.15345440804958344,0.14633604884147644,0.7127959728240967
51,51,7335,2006-11-02T15:00:00.000000,14.101344108581543,2.014583110809326,0.006272365804761648,0.042488422244787216,0.21551862359046936
52,52,7335,2006-11-02T15:00:00.000000,1878.7196044921875,20.05208396911621,0.8146137595176697,0.41754603385925293,1.9469175338745117
53,53,7335,2006-11-02T15:00:00.000000,19.244590759277344,1.8708328008651733,0.00810997560620308,0.03840523213148117,0.18425868451595306
54,54,7335,2006-11-02T15:00:00.000000,1888.9656982421875,21.670833587646484,1.1229822635650635,0.5283843874931335,2.4021167755126953
55,55,7335,2006-11-02T15:00:00.000000,6.535943508148193,1.3562506437301636,0.002714473521336913,0.027639400213956833,0.13419471681118011
56,56,7335,2006-11-02T15:00:00.000000,397.306640625,7.670832633972168,0.16588163375854492,0.15673960745334625,0.7129105925559998
57,57,7335,2006-11-02T15:00:00.000000,3.968533515930176,1.158332347869873,0.002095408970490098,0.026616599410772324,0.13083188235759735
58,58,7335,2006-11-02T15:00:00.000000,972.6258544921875,12.202083587646484,0.4960554838180542,0.2755663990974426,1.2347369194030762
59,59,7335,2006-11-02T15:00:00.000000,8.685836791992188,1.5916671752929688,0.0035316224675625563,0.032094720751047134,0.14766725897789001
60,60,7335,2006-11-02T15:00:00.000000,151.63177490234375,4.281250476837158,0.1202123761177063,0.12054525315761566,0.5831719636917114
61,61,7335,2006-11-02T15:00:00.000000,2613.53857421875,22.92708396911621,1.1034201383590698,0.47109100222587585,2.111696720123291
62,62,7335,2006-11-02T15:00:00.000000,7.7108259201049805,1.6624997854232788,0.0036892739590257406,0.0363648347556591,0.17563652992248535
63,63,7335,2006-11-02T15:00:00.000000,124.77977752685547,4.7791666984558105,0.06434372067451477,0.1085258275270462,0.5321869850158691
64,64,7335,2006-11-02T15:00:00.000000,1277.5689697265625,15.1729154586792,0.6099346876144409,0.3315266966819763,1.537266731262207
65,65,7335,2006-11-02T15:00:00.000000,184.4415740966797,4.910416603088379,0.07606953382492065,0.09972276538610458,0.4869738519191742
66,66,7335,2006-11-02T15:00:00.000000,23.980640411376953,2.708334445953369,0.009781526401638985,0.05469846725463867,0.26964664459228516
67,67,7335,2006-11-02T15:00:00.000000,1208.0146484375,15.972918510437012,0.46023935079574585,0.3117741048336029,1.456046462059021
68,68,7335,2006-11-02T15:00:00.000000,347.9847412109375,6.316667079925537,0.04456210136413574,0.07148101925849915,0.3713528513908386
69,69,7335,2006-11-02T15:00:00.000000,10306.53515625,47.98749923706055,1.1271250247955322,0.5018314123153687,2.250751495361328
70,70,7335,2006-11-02T15:00:00.000000,5610.71875,36.53958511352539,1.383359432220459,0.5737489461898804,2.5099687576293945
71,71,7335,2006-11-02T15:00:00.000000,727.8109130859375,10.895834922790527,0.6354781985282898,0.3219597041606903,1.452140212059021
72,72,7335,2006-11-02T15:00:00.000000,2398.14697265625,24.15833282470703,1.1778522729873657,0.5353952050209045,2.504075527191162
73,73,7335,2006-11-02T15:00:00.000000,14395.3515625,59.40415954589844,0.8402817249298096,0.4538561701774597,2.2594335079193115
74,74,7335,2006-11-02T15:00:00.000000,35.13603210449219,2.9583334922790527,0.014662085101008415,0.060432225465774536,0.26512911915779114
75,75,7335,2006-11-02T15:00:00.000000,25.71584129333496,2.554166555404663,0.010471376590430737,0.05154075473546982,0.24620959162712097
76,76,7335,2006-11-02T15:00:00.000000,307.18585205078125,7.424999237060547,0.100978784263134,0.13462041318416595,0.6763438582420349
77,77,7335,2006-11-02T15:00:00.000000,5.466458320617676,1.2124993801116943,0.0026001138612627983,0.026443850249052048,0.13420870900154114
78,78,7335,2006-11-02T15:00:00.000000,1624.352294921875,17.004167556762695,0.7092370390892029,0.35531288385391235,1.5406336784362793
79,79,7335,2006-11-02T15:00:00.000000,2134.65380859375,22.11250114440918,0.9547471404075623,0.46764716506004333,2.2303481101989746
80,80,7335,2006-11-02T15:00:00.000000,2757.266357421875,22.445831298828125,0.573464035987854,0.3237050175666809,1.4721468687057495
81,81,7335,2006-11-02T15:00:00.000000,15.774592399597168,2.0500006675720215,0.007587837986648083,0.04496078938245773,0.22224031388759613
82,82,7335,2006-11-02T15:00:00.000000,2375.21240234375,25.079166412353516,1.5294512510299683,0.6363993287086487,2.911924362182617
83,83,7335,2006-11-02T15:00:00.000000,92.436767578125,3.0020833015441895,0.07347758859395981,0.08464042842388153,0.3966360092163086
84,84,7335,2006-11-02T15:00:00.000000,11.151984214782715,1.981250524520874,0.005276026204228401,0.043094001710414886,0.21484987437725067
85,85,7335,2006-11-02T15:00:00.000000,91.41001892089844,4.037499904632568,0.0458565354347229,0.09043076634407043,0.42886555194854736
86,86,7335,2006-11-02T15:00:00.000000,379.3826904296875,6.795834541320801,0.15792182087898254,0.13865166902542114,0.6682788133621216
87,87,7335,2006-11-02T15:00:00.000000,4.265108108520508,1.0354175567626953,0.0021539567969739437,0.023268533870577812,0.11642520874738693
88,88,7335,2006-11-02T15:00:00.000000,9.29427719116211,1.6104168891906738,0.005914562847465277,0.04062486067414284,0.18984197080135345
89,89,7335,2006-11-02T15:00:00.000000,118.9425048828125,4.02500057220459,0.06227290630340576,0.09209731221199036,0.44347497820854187
90,90,7335,2006-11-02T15:00:00.000000,702.6407470703125,10.90000057220459,0.6282563209533691,0.32593297958374023,1.3799560070037842
91,91,7335,2006-11-02T15:00:00.000000,1074.18896484375,13.533334732055664,0.5621103048324585,0.3095816671848297,1.4139997959136963
92,92,7335,2006-11-02T15:00:00.000000,23.662818908691406,2.231250762939453,0.009539431892335415,0.04479983076453209,0.2085106372833252
93,93,7335,2006-11-02T15:00:00.000000,861.5635986328125,11.641666412353516,0.44223344326019287,0.26375293731689453,1.1470637321472168
94,94,7335,2006-11-02T15:00:00.000000,28.983434677124023,2.3770833015441895,0.014768393710255623,0.053658198565244675,0.25444531440734863
95,95,7335,2006-11-02T15:00:00.000000,2116.9033203125,22.370834350585938,1.0070286989212036,0.4879244565963745,2.3012990951538086
96,96,7335,2006-11-02T15:00:00.000000,919.9619140625,12.202082633972168,0.6016257405281067,0.31204140186309814,1.4009954929351807
97,97,7335,2006-11-02T15:00:00.000000,59.0263671875,3.6479175090789795,0.028700772672891617,0.08043938875198364,0.3971201777458191
98,98,7335,2006-11-02T15:00:00.000000,4.774587631225586,1.2875006198883057,0.0029800347983837128,0.032165490090847015,0.14853039383888245
99,99,7335,2006-11-02T15:00:00.000000,1574.2742919921875,18.014583587646484,0.6932097673416138,0.37802135944366455,1.7865347862243652
100,100,7335,2006-11-02T15:00:00.000000,35.99125289916992,2.625000238418579,0.029027892276644707,0.07454845309257507,0.36859917640686035
101,101,7335,2006-11-02T15:00:00.000000,83.27615356445312,4.085416793823242,0.07037803530693054,0.11876668781042099,0.565467357635498
102,102,7335,2006-11-02T15:00:00.000000,6.7663493156433105,1.468749761581421,0.0033617825247347355,0.03273824229836464,0.158317431807518
103,103,7335,2006-11-02T15:00:00.000000,7.236452102661133,1.5333330631256104,0.003334552049636841,0.032914888113737106,0.16100259125232697
104,104,7335,2006-11-02T15:00:00.000000,1087.1767578125,11.958333969116211,0.16192969679832458,0.14594319462776184,0.705506443977356
105,105,7335,2006-11-02T15:00:00.000000,9612.2822265625,51.48125457763672,1.582726001739502,0.6606001853942871,2.913226842880249
106,106,7335,2006-11-02T15:00:00.000000,54.27573776245117,2.710416316986084,0.027658123522996902,0.06118493527173996,0.3057858645915985
107,107,7335,2006-11-02T15:00:00.000000,19.17052459716797,2.468750476837158,0.00781961902976036,0.04986008256673813,0.23374605178833008
108,108,7335,2006-11-02T15:00:00.000000,78.24688720703125,3.4250001907348633,0.03970300406217575,0.07715050131082535,0.3610953092575073
109,109,7335,2006-11-02T15:00:00.000000,28.699689865112305,2.5687499046325684,0.011814339086413383,0.052118029445409775,0.2412581890821457
110,110,7335,2006-11-02T15:00:00.000000,5.138751983642578,1.2208335399627686,0.0026644642930477858,0.027799218893051147,0.13603737950325012
111,111,7335,2006-11-02T15:00:00.000000,2312.682861328125,21.86250114440918,1.0043672323226929,0.45560455322265625,2.0683422088623047
112,112,7335,2006-11-02T15:00:00.000000,958.2819213867188,16.462501525878906,1.4077517986297607,0.6309750080108643,2.7558515071868896
113,113,7335,2006-11-02T15:00:00.000000,6.24896240234375,1.2458335161209106,0.0034755633678287268,0.02938114106655121,0.14394228160381317
114,114,7335,2006-11-02T15:00:00.000000,1613.8408203125,19.166667938232422,0.702218234539032,0.39980876445770264,1.8335528373718262
115,115,7335,2006-11-02T15:00:00.000000,106.6440658569336,4.022916793823242,0.5996742248535156,0.30166882276535034,1.4416890144348145
116,116,7335,2006-11-02T15:00:00.000000,1531.5732421875,16.304168701171875,0.655116617679596,0.33720117807388306,1.4912484884262085
117,117,7335,2006-11-02T15:00:00.000000,1444.05712890625,15.866668701171875,0.5945820212364197,0.32195818424224854,1.4652364253997803
118,118,7335,2006-11-02T15:00:00.000000,17.178333282470703,2.0791664123535156,0.00705148559063673,0.0421249121427536,0.19599275290966034
119,119,7335,2006-11-02T15:00:00.000000,414.02203369140625,7.789584159851074,0.35476619005203247,0.22802037000656128,1.0459601879119873
120,120,7335,2006-11-02T15:00:00.000000,8.26801872253418,1.6270833015441895,0.003449514275416732,0.03323441371321678,0.15729257464408875
121,121,7335,2006-11-02T15:00:00.000000,967.2950439453125,12.808332443237305,0.09371005743741989,0.12606841325759888,0.6937907934188843
122,122,7335,2006-11-02T15:00:00.000000,1412.518798828125,15.918749809265137,0.5910407304763794,0.3256271183490753,1.4798249006271362
123,123,7335,2006-11-02T15:00:00.000000,9.729795455932617,1.7583345174789429,0.0042853280901908875,0.03690129891037941,0.17363953590393066
124,124,7335,2006-11-02T15:00:00.000000,4395.5927734375,28.05000114440918,0.6585865020751953,0.34334489703178406,1.5249528884887695
125,125,7335,2006-11-02T15:00:00.000000,3468.80712890625,25.777082443237305,0.7112823724746704,0.3691175580024719,1.7840290069580078
126,126,7335,2006-11-02T15:00:00.000000,19.50458526611328,1.7291667461395264,0.026890186592936516,0.06420449912548065,0.30586889386177063
127,127,7335,2006-11-02T15:00:00.000000,1849.23779296875,21.27916717529297,0.8650527000427246,0.4602348804473877,2.1779308319091797
128,128,7335,2006-11-02T15:00:00.000000,409.7071228027344,8.416666030883789,0.175193652510643,0.1740454137325287,0.8477837443351746
129,129,7335,2006-11-02T15:00:00.000000,121.3137435913086,4.745833396911621,0.6522138118743896,0.3479785621166229,1.5694139003753662
130,130,7335,2006-11-02T15:00:00.000000,1026.16650390625,15.23750114440918,0.607503354549408,0.37074828147888184,1.7186115980148315
131,131,7335,2006-11-02T15:00:00.000000,301.5721740722656,6.277083873748779,0.14166073501110077,0.1360463798046112,0.6906528472900391
132,132,7335,2006-11-02T15:00:00.000000,8.583428382873535,1.547916293144226,0.004384180530905724,0.03498334437608719,0.1793035864830017
133,133,7335,2006-11-02T15:00:00.000000,1174.170654296875,15.016668319702148,0.49573004245758057,0.3085535764694214,1.3842920064926147
134,134,7335,2006-11-02T15:00:00.000000,411.886474609375,6.904166221618652,0.17021411657333374,0.1403525322675705,0.659005343914032
135,135,7335,2006-11-02T15:00:00.000000,1760.2005615234375,20.95833396911621,1.1643309593200684,0.5390312075614929,2.6872754096984863
136,136,7335,2006-11-02T15:00:00.000000,1063.798583984375,13.660417556762695,0.22703388333320618,0.19956281781196594,0.9342274069786072
0,0,7847,2006-11-23T23:00:00.000000,27.64491081237793,3.102083921432495,0.0030002091079950333,0.03231630474328995,0.14420264959335327
1,1,7847,2006-11-23T23:00:00.000000,33.58490753173828,2.0770838260650635,0.010908776894211769,0.037434324622154236,0.16288939118385315
2,2,7847,2006-11-23T23:00:00.000000,6.795419216156006,1.387500286102295,0.0029552520718425512,0.028934910893440247,0.13367515802383423
3,3,7847,2006-11-23T23:00:00.000000,4.363956928253174,0.9958338737487793,0.001700010383501649,0.019654974341392517,0.08539809286594391
4,4,7847,2006-11-23T23:00:00.000000,42.87712097167969,3.233335018157959,0.005622144788503647,0.03702447563409805,0.16301871836185455
5,5,7847,2006-11-23T23:00:00.000000,59.589447021484375,4.189582824707031,0.0026132443454116583,0.027744445949792862,0.1195448637008667
6,6,7847,2006-11-23T23:00:00.000000,6.724373817443848,1.1875001192092896,0.0033176203723996878,0.026376737281680107,0.10802511870861053
7,7,7847,2006-11-23T23:00:00.000000,2.0660417079925537,0.745833158493042,0.00095392856746912,0.01602618210017681,0.06830872595310211
8,8,7847,2006-11-23T23:00:00.000000,6.148852348327637,1.339582920074463,0.0023592310026288033,0.026239637285470963,0.11514248698949814
9,9,7847,2006-11-23T23:00:00.000000,27.170629501342773,2.5541670322418213,0.012754864059388638,0.055339764803647995,0.24550817906856537
10,10,7847,2006-11-23T23:00:00.000000,25.49061393737793,2.124999523162842,0.013085464015603065,0.048146337270736694,0.21704888343811035
11,11,7847,2006-11-23T23:00:00.000000,0.8397916555404663,0.4583333730697632,0.0009490862721577287,0.01540808193385601,0.0628524124622345
12,12,7847,2006-11-23T23:00:00.000000,11.018016815185547,1.7229160070419312,0.004117300733923912,0.033305712044239044,0.14339029788970947
13,13,7847,2006-11-23T23:00:00.000000,7.421658515930176,1.2791659832000732,0.0035226966720074415,0.027868524193763733,0.12296131253242493
14,14,7847,2006-11-23T23:00:00.000000,29.495216369628906,2.491666793823242,0.008520739153027534,0.04234994575381279,0.18106624484062195
15,15,7847,2006-11-23T23:00:00.000000,3.0187525749206543,0.9583338499069214,0.003723073285073042,0.033655330538749695,0.15732011198997498
16,16,7847,2006-11-23T23:00:00.000000,3.259061813354492,0.9062498807907104,0.0012657458428293467,0.01785973086953163,0.07519064843654633
17,17,7847,2006-11-23T23:00:00.000000,13.448129653930664,1.8416666984558105,0.005702884867787361,0.03792516142129898,0.1521586775779724
18,18,7847,2006-11-23T23:00:00.000000,6.217711925506592,1.304166555404663,0.002983055543154478,0.02856593392789364,0.13125763833522797
19,19,7847,2006-11-23T23:00:00.000000,9.686365127563477,1.493750810623169,0.004506454337388277,0.032219234853982925,0.14813323318958282
20,20,7847,2006-11-23T23:00:00.000000,5.225414276123047,1.0166664123535156,0.0020719890017062426,0.020244721323251724,0.08610573410987854
21,21,7847,2006-11-23T23:00:00.000000,3.4348952770233154,0.9687498807907104,0.001289196778088808,0.01876785047352314,0.07979738712310791
22,22,7847,2006-11-23T23:00:00.000000,10.998428344726562,1.6104158163070679,0.003697214648127556,0.029526371508836746,0.1316717118024826
23,23,7847,2006-11-23T23:00:00.000000,48.72428512573242,3.231250524520874,0.0029426715336740017,0.025111276656389236,0.1129642128944397
24,24,7847,2006-11-23T23:00:00.000000,8.297396659851074,1.547917127609253,0.0033124247565865517,0.030927855521440506,0.12784478068351746
25,25,7847,2006-11-23T23:00:00.000000,3.604374885559082,1.0125000476837158,0.0021950267255306244,0.024986183270812035,0.11675702780485153
26,26,7847,2006-11-23T23:00:00.000000,7.864171504974365,1.2958333492279053,0.003881704993546009,0.02878948673605919,0.12498073279857635
27,27,7847,2006-11-23T23:00:00.000000,7.113433361053467,1.0812491178512573,0.002279830165207386,0.019356969743967056,0.0868494063615799
28,28,7847,2006-11-23T23:00:00.000000,37.36472702026367,2.9583306312561035,0.002373657189309597,0.02357896789908409,0.10399770736694336
29,29,7847,2006-11-23T23:00:00.000000,24.282804489135742,2.3687496185302734,0.011364630423486233,0.05124451965093613,0.22166377305984497
30,30,7847,2006-11-23T23:00:00.000000,8.602916717529297,1.7375001907348633,0.004974428564310074,0.0417804978787899,0.19198261201381683
31,31,7847,2006-11-23T23:00:00.000000,27.672077178955078,2.970832586288452,0.002129150554537773,0.026059169322252274,0.11906714737415314
32,32,7847,2006-11-23T23:00:00.000000,12.726764678955078,1.5979158878326416,0.0046670641750097275,0.030599674209952354,0.12837442755699158
33,33,7847,2006-11-23T23:00:00.000000,6.125210762023926,1.3583333492279053,0.00283310329541564,0.029213059693574905,0.127139151096344
34,34,7847,2006-11-23T23:00:00.000000,8.563018798828125,1.1479160785675049,0.004266309551894665,0.025622576475143433,0.10965049266815186
35,35,7847,2006-11-23T23:00:00.000000,4.998852729797363,1.0854166746139526,0.0023721165489405394,0.023644454777240753,0.10233420133590698
36,36,7847,2006-11-23T23:00:00.000000,35.94594192504883,2.9604172706604004,0.013751760125160217,0.05790380388498306,0.24938945472240448
37,37,7847,2006-11-23T23:00:00.000000,8.578125,1.6208332777023315,0.006206744350492954,0.04359875246882439,0.18745094537734985
38,38,7847,2006-11-23T23:00:00.000000,7.626466274261475,1.5583338737487793,0.0030172490514814854,0.030995910987257957,0.1343807578086853
39,39,7847,2006-11-23T23:00:00.000000,5.901876449584961,1.154166579246521,0.0025194534100592136,0.02384660765528679,0.10043027997016907
40,40,7847,2006-11-23T23:00:00.000000,23.177806854248047,2.397916555404663,0.0012758368393406272,0.01779080182313919,0.07611709833145142
41,41,7847,2006-11-23T23:00:00.000000,1.36448073387146,0.5312501192092896,0.0005966011667624116,0.011108550243079662,0.051574669778347015
42,42,7847,2006-11-23T23:00:00.000000,7.511359214782715,1.2145837545394897,0.00258844718337059,0.022546952590346336,0.09901176393032074
43,43,7847,2006-11-23T23:00:00.000000,13.034991264343262,1.7583332061767578,0.0062298900447785854,0.03844023123383522,0.16768024861812592
44,44,7847,2006-11-23T23:00:00.000000,6.437499523162842,1.3458331823349,0.0013989240396767855,0.01983945444226265,0.08343695849180222
45,45,7847,2006-11-23T23:00:00.000000,9.102084159851074,1.6125000715255737,0.00522989546880126,0.03865234553813934,0.17506664991378784
46,46,7847,2006-11-23T23:00:00.000000,7.959689617156982,1.2354166507720947,0.005829770117998123,0.03343421220779419,0.14528171718120575
47,47,7847,2006-11-23T23:00:00.000000,4.960833549499512,1.1624999046325684,0.002245036419481039,0.024730179458856583,0.10785415023565292
48,48,7847,2006-11-23T23:00:00.000000,4.424903869628906,1.1479177474975586,0.0014879528898745775,0.021050063893198967,0.08840315788984299
49,49,7847,2006-11-23T23:00:00.000000,27.256772994995117,1.9562500715255737,0.010517588816583157,0.03842777758836746,0.16757822036743164
50,50,7847,2006-11-23T23:00:00.000000,12.271465301513672,1.7916669845581055,0.00463457265868783,0.03481880947947502,0.14439165592193604
51,51,7847,2006-11-23T23:00:00.000000,14.600123405456543,1.872917890548706,0.006766188889741898,0.040319256484508514,0.1736011952161789
52,52,7847,2006-11-23T23:00:00.000000,8.022815704345703,1.4520835876464844,0.0026492904871702194,0.026387181133031845,0.11782612651586533
53,53,7847,2006-11-23T23:00:00.000000,5.042299270629883,1.1750013828277588,0.0019109295681118965,0.022874226793646812,0.0994199812412262
54,54,7847,2006-11-23T23:00:00.000000,16.525936126708984,1.8020833730697632,0.0082471314817667,0.04025717079639435,0.16618692874908447
55,55,7847,2006-11-23T23:00:00.000000,4.755314826965332,1.189583659172058,0.0019031655974686146,0.023798173293471336,0.1054740846157074
56,56,7847,2006-11-23T23:00:00.000000,5.342288970947266,1.058333158493042,0.0019725828897207975,0.020336506888270378,0.08985795825719833
57,57,7847,2006-11-23T23:00:00.000000,4.379375457763672,1.0625,0.0022645171266049147,0.024160761386156082,0.10530415177345276
58,58,7847,2006-11-23T23:00:00.000000,7.638856410980225,1.2770832777023315,0.003471813863143325,0.02722596377134323,0.1162566989660263
59,59,7847,2006-11-23T23:00:00.000000,10.142816543579102,1.6020839214324951,0.0040948642417788506,0.03219035267829895,0.1387913078069687
60,60,7847,2006-11-23T23:00:00.000000,6.0506205558776855,1.1333330869674683,0.004324954003095627,0.03030039742588997,0.1308264583349228
61,61,7847,2006-11-23T23:00:00.000000,17.180831909179688,2.0208332538604736,0.0063047586008906364,0.03871173411607742,0.16641804575920105
62,62,7847,2006-11-23T23:00:00.000000,32.74583053588867,2.9833333492279053,0.015238286927342415,0.06435641646385193,0.29461103677749634
63,63,7847,2006-11-23T23:00:00.000000,8.488441467285156,1.422917127609253,0.0036875209771096706,0.029657386243343353,0.1314309537410736
64,64,7847,2006-11-23T23:00:00.000000,3.6143739223480225,1.0124996900558472,0.0013780973386019468,0.019770529121160507,0.08941695094108582
65,65,7847,2006-11-23T23:00:00.000000,10.442193984985352,1.3895835876464844,0.0042050667107105255,0.02788529545068741,0.1211930438876152
66,66,7847,2006-11-23T23:00:00.000000,20.81332778930664,2.304166793823242,0.008104545995593071,0.04546816647052765,0.20049802958965302
67,67,7847,2006-11-23T23:00:00.000000,5.921354293823242,1.2687499523162842,0.0019253644859418273,0.02287820540368557,0.10408785194158554
68,68,7847,2006-11-23T23:00:00.000000,42.263824462890625,3.7104156017303467,0.005231393035501242,0.041280683130025864,0.1785086989402771
69,69,7847,2006-11-23T23:00:00.000000,33.23982620239258,2.429168462753296,0.002793503925204277,0.02226911298930645,0.09784874320030212
70,70,7847,2006-11-23T23:00:00.000000,14.478532791137695,1.720833659172058,0.002686979714781046,0.023442763835191727,0.09825603663921356
71,71,7847,2006-11-23T23:00:00.000000,2.6830191612243652,0.8854164481163025,0.0021194093860685825,0.024885311722755432,0.11171391606330872
72,72,7847,2006-11-23T23:00:00.000000,7.172506332397461,1.2041668891906738,0.002585051581263542,0.022860504686832428,0.10194973647594452
73,73,7847,2006-11-23T23:00:00.000000,39.55072784423828,3.7145841121673584,0.0019336678087711334,0.025973107665777206,0.11554237455129623
74,74,7847,2006-11-23T23:00:00.000000,1.0036460161209106,0.43958353996276855,0.0004004990914836526,0.008781160227954388,0.03934107720851898
75,75,7847,2006-11-23T23:00:00.000000,11.05073070526123,1.6520841121673584,0.0042780181393027306,0.0325055792927742,0.14102330803871155
76,76,7847,2006-11-23T23:00:00.000000,10.424697875976562,1.714584231376648,0.003043234348297119,0.02929508686065674,0.12745851278305054
77,77,7847,2006-11-23T23:00:00.000000,8.524478912353516,1.3437498807907104,0.004426566883921623,0.030620906502008438,0.13362282514572144
78,78,7847,2006-11-23T23:00:00.000000,18.47571563720703,2.1729161739349365,0.0066643669269979,0.04126879572868347,0.18284642696380615
79,79,7847,2006-11-23T23:00:00.000000,47.5263671875,3.281250476837158,0.016493506729602814,0.061126358807086945,0.2747950255870819
80,80,7847,2006-11-23T23:00:00.000000,32.76834487915039,2.3875010013580322,0.005656010936945677,0.03136688843369484,0.14092272520065308
81,81,7847,2006-11-23T23:00:00.000000,16.929275512695312,1.9354169368743896,0.008014470338821411,0.042110733687877655,0.18456749618053436
82,82,7847,2006-11-23T23:00:00.000000,10.989274978637695,1.5604170560836792,0.0054606846533715725,0.03478401154279709,0.14243760704994202
83,83,7847,2006-11-23T23:00:00.000000,0.9192719459533691,0.5104170441627502,0.0006858023116365075,0.013941279612481594,0.05864037200808525
84,84,7847,2006-11-23T23:00:00.000000,7.719786643981934,1.279166340827942,0.0036239605396986008,0.027715079486370087,0.12916964292526245
85,85,7847,2006-11-23T23:00:00.000000,4.673332691192627,0.9874998927116394,0.002199765294790268,0.021424558013677597,0.09152652323246002
86,86,7847,2006-11-23T23:00:00.000000,8.843427658081055,1.4062495231628418,0.0031729217153042555,0.02663678303360939,0.11675050854682922
87,87,7847,2006-11-23T23:00:00.000000,14.436461448669434,1.7833335399627686,0.006291292607784271,0.03722820803523064,0.1623067557811737
88,88,7847,2006-11-23T23:00:00.000000,9.125207901000977,1.4041662216186523,0.005509014241397381,0.03450119495391846,0.15248781442642212
89,89,7847,2006-11-23T23:00:00.000000,13.073856353759766,1.9270834922790527,0.005949157290160656,0.04110800474882126,0.18172848224639893
90,90,7847,2006-11-23T23:00:00.000000,3.2716643810272217,0.8916664123535156,0.0024553872644901276,0.024427447468042374,0.10823395848274231
91,91,7847,2006-11-23T23:00:00.000000,11.906980514526367,1.9395831823349,0.005180352833122015,0.04045640304684639,0.1710643768310547
92,92,7847,2006-11-23T23:00:00.000000,19.959781646728516,2.1999993324279785,0.007543738465756178,0.04276987537741661,0.18593113124370575
93,93,7847,2006-11-23T23:00:00.000000,13.657916069030762,1.5791667699813843,0.00601606909185648,0.03314302861690521,0.14593593776226044
94,94,7847,2006-11-23T23:00:00.000000,10.77895736694336,1.6833337545394897,0.0052041104063391685,0.03698750585317612,0.15720653533935547
95,95,7847,2006-11-23T23:00:00.000000,12.015215873718262,1.5166668891906738,0.004349691793322563,0.028857164084911346,0.1303635537624359
96,96,7847,2006-11-23T23:00:00.000000,14.771041870117188,1.8333337306976318,0.008523048833012581,0.04403858631849289,0.20006971061229706
97,97,7847,2006-11-23T23:00:00.000000,6.245412349700928,1.279166340827942,0.0027911728248000145,0.02704206481575966,0.11579616367816925
98,98,7847,2006-11-23T23:00:00.000000,14.552291870117188,1.9874999523162842,0.008767243474721909,0.048783496022224426,0.21673792600631714
99,99,7847,2006-11-23T23:00:00.000000,1.0149965286254883,0.5083326101303101,0.00033955610706470907,0.009297613054513931,0.04036879539489746
100,100,7847,2006-11-23T23:00:00.000000,2.5363528728485107,0.7729166746139526,0.0018977558938786387,0.02114209532737732,0.0946451723575592
101,101,7847,2006-11-23T23:00:00.000000,1.9729150533676147,0.683333158493042,0.0015480611473321915,0.019141340628266335,0.08056239038705826
102,102,7847,2006-11-23T23:00:00.000000,15.262493133544922,1.6749999523162842,0.007602691184729338,0.037383995950222015,0.1620185226202011
103,103,7847,2006-11-23T23:00:00.000000,26.509483337402344,2.7520837783813477,0.01274510845541954,0.06034381687641144,0.27525782585144043
104,104,7847,2006-11-23T23:00:00.000000,64.22575378417969,3.543750762939453,0.008465738967061043,0.04068562760949135,0.1763480305671692
105,105,7847,2006-11-23T23:00:00.000000,57.63456726074219,4.245833396911621,0.007351799868047237,0.04795327037572861,0.19690477848052979
106,106,7847,2006-11-23T23:00:00.000000,2.879167079925537,0.9791666269302368,0.0014227767242118716,0.021766647696495056,0.09218673408031464
107,107,7847,2006-11-23T23:00:00.000000,13.636974334716797,1.7229163646697998,0.00547955185174942,0.0345364511013031,0.14664238691329956
108,108,7847,2006-11-23T23:00:00.000000,6.833854675292969,1.2395834922790527,0.003161687171086669,0.026662588119506836,0.11712045967578888
109,109,7847,2006-11-23T23:00:00.000000,8.773746490478516,1.4416663646697998,0.0034458995796740055,0.0285708736628294,0.12625636160373688
110,110,7847,2006-11-23T23:00:00.000000,6.702712059020996,1.2125004529953003,0.0028985661920160055,0.02521437406539917,0.11786236613988876
111,111,7847,2006-11-23T23:00:00.000000,3.2612504959106445,0.9291667938232422,0.001192996627651155,0.01777138188481331,0.08112660050392151
112,112,7847,2006-11-23T23:00:00.000000,2.827085494995117,0.9250001907348633,0.0032230697106570005,0.031232532113790512,0.13029269874095917
113,113,7847,2006-11-23T23:00:00.000000,6.679687023162842,1.3770833015441895,0.0033296989277005196,0.030745718628168106,0.13293232023715973
114,114,7847,2006-11-23T23:00:00.000000,5.857501029968262,1.0625,0.0020752432756125927,0.019998954609036446,0.09103092551231384
115,115,7847,2006-11-23T23:00:00.000000,0.1812497079372406,0.2583329677581787,0.0007981124217621982,0.017142463475465775,0.0759802833199501
116,116,7847,2006-11-23T23:00:00.000000,4.566458702087402,1.104166865348816,0.0017062969272956252,0.02134382538497448,0.09575523436069489
117,117,7847,2006-11-23T23:00:00.000000,6.5941691398620605,1.3333337306976318,0.0021461243741214275,0.024053938686847687,0.10857024788856506
118,118,7847,2006-11-23T23:00:00.000000,23.208236694335938,2.3229169845581055,0.00929700955748558,0.046492643654346466,0.1918436735868454
119,119,7847,2006-11-23T23:00:00.000000,5.233850479125977,1.0854160785675049,0.003886240068823099,0.029576744884252548,0.13081076741218567
120,120,7847,2006-11-23T23:00:00.000000,6.52698278427124,1.0854171514511108,0.0026164192240685225,0.021731723099946976,0.09314252436161041
121,121,7847,2006-11-23T23:00:00.000000,137.87850952148438,6.456252098083496,0.012658154591917992,0.0618610605597496,0.26234710216522217
122,122,7847,2006-11-23T23:00:00.000000,12.796138763427734,1.7104157209396362,0.004518297966569662,0.032140277326107025,0.14281970262527466
123,123,7847,2006-11-23T23:00:00.000000,9.030733108520508,1.4604172706604004,0.003594618057832122,0.02913679927587509,0.12464975565671921
124,124,7847,2006-11-23T23:00:00.000000,9.584465026855469,1.5854158401489258,0.0011886158026754856,0.017655499279499054,0.0772876888513565
125,125,7847,2006-11-23T23:00:00.000000,14.613859176635742,1.6395840644836426,0.002241203561425209,0.02030448243021965,0.09246920049190521
126,126,7847,2006-11-23T23:00:00.000000,1.2315614223480225,0.6062496304512024,0.001490043941885233,0.021087396889925003,0.09311476349830627
127,127,7847,2006-11-23T23:00:00.000000,3.884169340133667,0.7291669249534607,0.0014502974227070808,0.014089850708842278,0.06371435523033142
128,128,7847,2006-11-23T23:00:00.000000,8.238640785217285,1.4062494039535522,0.0031832787208259106,0.027642153203487396,0.12058722972869873
129,129,7847,2006-11-23T23:00:00.000000,1.0335429906845093,0.5500002503395081,0.004015387501567602,0.03428170084953308,0.15374964475631714
130,130,7847,2006-11-23T23:00:00.000000,6.774374961853027,1.2791668176651,0.002841588109731674,0.02619830146431923,0.11842165887355804
131,131,7847,2006-11-23T23:00:00.000000,1.0158311128616333,0.42916569113731384,0.00046838982962071896,0.009215480647981167,0.03795512765645981
132,132,7847,2006-11-23T23:00:00.000000,16.60104751586914,1.9250001907348633,0.007453402038663626,0.040788739919662476,0.18527750670909882
133,133,7847,2006-11-23T23:00:00.000000,2.598750352859497,0.9458333849906921,0.0008482295088469982,0.017087914049625397,0.07692324370145798
134,134,7847,2006-11-23T23:00:00.000000,14.104476928710938,1.7979166507720947,0.005300781689584255,0.03485467657446861,0.1505022943019867
135,135,7847,2006-11-23T23:00:00.000000,4.204272270202637,1.1354169845581055,0.002207149751484394,0.02601512148976326,0.12161800265312195
136,136,7847,2006-11-23T23:00:00.000000,17.98645782470703,1.941667079925537,0.0034846493508666754,0.0270259827375412,0.11706923693418503
0,0,8359,2006-12-15T07:00:00.000000,652.3388671875,10.68125057220459,0.10220500081777573,0.13369695842266083,0.6154322624206543
1,1,8359,2006-12-15T07:00:00.000000,155.00738525390625,5.881249904632568,0.10317102074623108,0.15173029899597168,0.7255706787109375
2,2,8359,2006-12-15T07:00:00.000000,17.45760726928711,2.081249952316284,0.010377923026680946,0.05074428766965866,0.24004194140434265
3,3,8359,2006-12-15T07:00:00.000000,218.7333221435547,6.216666221618652,0.129372239112854,0.1511891484260559,0.6916150450706482
4,4,8359,2006-12-15T07:00:00.000000,404.7112731933594,10.787500381469727,0.08535309880971909,0.15665988624095917,0.652851939201355
5,5,8359,2006-12-15T07:00:00.000000,5134.17529296875,36.4395866394043,0.3343465328216553,0.2940603494644165,1.3079731464385986
6,6,8359,2006-12-15T07:00:00.000000,222.96531677246094,7.764583110809326,0.1274069845676422,0.18560776114463806,0.8652067184448242
7,7,8359,2006-12-15T07:00:00.000000,42.59395980834961,2.2333335876464844,0.02442064881324768,0.053475912660360336,0.24375316500663757
8,8,8359,2006-12-15T07:00:00.000000,35.99188232421875,2.645833730697632,0.017854705452919006,0.05893002450466156,0.25666069984436035
9,9,8359,2006-12-15T07:00:00.000000,803.1547241210938,11.59375,0.44362378120422363,0.2724781930446625,1.2776116132736206
10,10,8359,2006-12-15T07:00:00.000000,137.94375610351562,5.191666603088379,0.08594673871994019,0.12958970665931702,0.6002964973449707
11,11,8359,2006-12-15T07:00:00.000000,42.57676696777344,3.3854167461395264,0.05963274464011192,0.12669754028320312,0.5939639210700989
12,12,8359,2006-12-15T07:00:00.000000,71.59197998046875,3.985416889190674,0.034444451332092285,0.0874180719256401,0.38961780071258545
13,13,8359,2006-12-15T07:00:00.000000,90.67938232421875,3.8541667461395264,0.05127256363630295,0.09164711087942123,0.3997304141521454
14,14,8359,2006-12-15T07:00:00.000000,63.32082748413086,4.133333206176758,0.021651601418852806,0.07643145322799683,0.3171306550502777
15,15,8359,2006-12-15T07:00:00.000000,120.49324035644531,5.793750286102295,0.2387087196111679,0.257876992225647,1.0462895631790161
16,16,8359,2006-12-15T07:00:00.000000,42.39251708984375,2.704167366027832,0.02103540673851967,0.06023714691400528,0.27109038829803467
17,17,8359,2006-12-15T07:00:00.000000,551.2020874023438,11.683334350585938,0.2755400836467743,0.261218398809433,1.2159520387649536
18,18,8359,2006-12-15T07:00:00.000000,109.6861572265625,4.902083873748779,0.06166727468371391,0.11623373627662659,0.5519471168518066
19,19,8359,2006-12-15T07:00:00.000000,213.04644775390625,7.483333587646484,0.11385282129049301,0.1729935109615326,0.7532271146774292
20,20,8359,2006-12-15T07:00:00.000000,123.22906494140625,5.485416412353516,0.06775974482297897,0.12862901389598846,0.5616409778594971
21,21,8359,2006-12-15T07:00:00.000000,40.65541458129883,2.8375000953674316,0.02007395029067993,0.06305115669965744,0.2697995901107788
22,22,8359,2006-12-15T07:00:00.000000,325.32623291015625,9.620833396911621,0.1764466017484665,0.2240576446056366,0.8872513175010681
23,23,8359,2006-12-15T07:00:00.000000,1077.3369140625,17.164581298828125,0.11224047839641571,0.1751992404460907,0.8051698207855225
24,24,8359,2006-12-15T07:00:00.000000,650.6566162109375,10.952083587646484,0.3395578861236572,0.2501945197582245,1.1167407035827637
25,25,8359,2006-12-15T07:00:00.000000,39.22636413574219,3.052083730697632,0.03140389174222946,0.08635731786489487,0.34922775626182556
26,26,8359,2006-12-15T07:00:00.000000,229.37680053710938,6.6354169845581055,0.13134893774986267,0.15878400206565857,0.7103297710418701
27,27,8359,2006-12-15T07:00:00.000000,347.11541748046875,9.075000762939453,0.23743629455566406,0.23734670877456665,1.0789726972579956
28,28,8359,2006-12-15T07:00:00.000000,1680.848876953125,21.762500762939453,0.1931692361831665,0.23329930007457733,1.0128016471862793
29,29,8359,2006-12-15T07:00:00.000000,49.50218963623047,3.147916555404663,0.02703068032860756,0.07355962693691254,0.33796343207359314
30,30,8359,2006-12-15T07:00:00.000000,305.5871276855469,9.220833778381348,0.24720405042171478,0.2622590661048889,1.188774585723877
31,31,8359,2006-12-15T07:00:00.000000,996.18359375,17.441667556762695,0.14923885464668274,0.21348103880882263,0.9244942665100098
32,32,8359,2006-12-15T07:00:00.000000,38.00605010986328,2.570833444595337,0.019078698009252548,0.057599928230047226,0.2532765865325928
33,33,8359,2006-12-15T07:00:00.000000,45.42249298095703,2.78749942779541,0.028127938508987427,0.06936626136302948,0.2989611327648163
34,34,8359,2006-12-15T07:00:00.000000,51.32145309448242,3.370833396911621,0.03267510607838631,0.08505430072546005,0.378185510635376
35,35,8359,2006-12-15T07:00:00.000000,301.9513854980469,9.843750953674316,0.1879342645406723,0.24558117985725403,1.0733962059020996
36,36,8359,2006-12-15T07:00:00.000000,98.83345794677734,4.2770843505859375,0.049891479313373566,0.09609681367874146,0.4309079051017761
37,37,8359,2006-12-15T07:00:00.000000,62.79553985595703,3.8895835876464844,0.058785658329725266,0.11900752782821655,0.5068157911300659
38,38,8359,2006-12-15T07:00:00.000000,41.535011291503906,2.5250000953674316,0.01969185471534729,0.054979097098112106,0.248212069272995
39,39,8359,2006-12-15T07:00:00.000000,223.69668579101562,7.037500381469727,0.11785365641117096,0.16153261065483093,0.7544131278991699
40,40,8359,2006-12-15T07:00:00.000000,5300.451171875,40.702083587646484,0.39926159381866455,0.35325556993484497,1.4874279499053955
41,41,8359,2006-12-15T07:00:00.000000,58.096031188964844,3.9041662216186523,0.033242154866456985,0.0933898538351059,0.4055330455303192
42,42,8359,2006-12-15T07:00:00.000000,136.98292541503906,5.612500190734863,0.06754687428474426,0.12463091313838959,0.553625226020813
43,43,8359,2006-12-15T07:00:00.000000,330.1942138671875,8.318750381469727,0.19350340962409973,0.20138059556484222,0.9125272035598755
44,44,8359,2006-12-15T07:00:00.000000,911.88232421875,15.854166984558105,0.2593730688095093,0.2673846483230591,1.2290623188018799
45,45,8359,2006-12-15T07:00:00.000000,540.5150146484375,13.25,0.4988405704498291,0.40252506732940674,1.8312160968780518
46,46,8359,2006-12-15T07:00:00.000000,46.85251998901367,3.2958335876464844,0.04313037544488907,0.09999781101942062,0.42843014001846313
47,47,8359,2006-12-15T07:00:00.000000,545.7146606445312,12.877084732055664,0.3407604694366455,0.32178017497062683,1.4370497465133667
48,48,8359,2006-12-15T07:00:00.000000,206.4227294921875,6.845834255218506,0.13048097491264343,0.1721159815788269,0.8678768873214722
49,49,8359,2006-12-15T07:00:00.000000,330.3194885253906,8.518750190734863,0.15200358629226685,0.18274086713790894,0.7857669591903687
50,50,8359,2006-12-15T07:00:00.000000,142.7015380859375,4.477083683013916,0.06839141249656677,0.0980125367641449,0.4419393241405487
51,51,8359,2006-12-15T07:00:00.000000,211.15386962890625,6.393750190734863,0.12113356590270996,0.1531399041414261,0.6596992611885071
52,52,8359,2006-12-15T07:00:00.000000,200.5370330810547,6.902083873748779,0.12910205125808716,0.1751255840063095,0.7692782282829285
53,53,8359,2006-12-15T07:00:00.000000,59.94178009033203,3.9312500953674316,0.030188441276550293,0.088223896920681,0.39376160502433777
54,54,8359,2006-12-15T07:00:00.000000,261.2127380371094,9.416667938232422,0.1601572036743164,0.23317033052444458,1.102097749710083
55,55,8359,2006-12-15T07:00:00.000000,18.496458053588867,2.133333444595337,0.010103724896907806,0.04986033961176872,0.23264876008033752
56,56,8359,2006-12-15T07:00:00.000000,12.650633811950684,1.7375001907348633,0.005964536219835281,0.037727419286966324,0.16771429777145386
57,57,8359,2006-12-15T07:00:00.000000,595.7620849609375,11.162498474121094,0.37902915477752686,0.2815537750720978,1.317085862159729
58,58,8359,2006-12-15T07:00:00.000000,738.4798583984375,14.810416221618652,0.49795353412628174,0.38458502292633057,1.6659973859786987
59,59,8359,2006-12-15T07:00:00.000000,637.322021484375,10.710416793823242,0.3205021619796753,0.2401830554008484,1.1227768659591675
60,60,8359,2006-12-15T07:00:00.000000,55.71417236328125,3.379166603088379,0.0528285913169384,0.10405460000038147,0.4466153383255005
61,61,8359,2006-12-15T07:00:00.000000,189.427490234375,6.983333587646484,0.10172893851995468,0.16183167695999146,0.7332620024681091
62,62,8359,2006-12-15T07:00:00.000000,656.4036865234375,11.11875057220459,0.35029977560043335,0.25685641169548035,1.1418222188949585
63,63,8359,2006-12-15T07:00:00.000000,37.33436965942383,2.749999761581421,0.02290203422307968,0.06811068952083588,0.30423980951309204
64,64,8359,2006-12-15T07:00:00.000000,318.2414245605469,8.545833587646484,0.22693946957588196,0.22820810973644257,1.0936466455459595
65,65,8359,2006-12-15T07:00:00.000000,86.14187622070312,4.116666793823242,0.04195420444011688,0.09085028618574142,0.4055350422859192
66,66,8359,2006-12-15T07:00:00.000000,212.76641845703125,6.1541666984558105,0.11986707895994186,0.14607223868370056,0.6508015394210815
67,67,8359,2006-12-15T07:00:00.000000,210.45803833007812,7.377084255218506,0.147181898355484,0.19508737325668335,0.9095406532287598
68,68,8359,2006-12-15T07:00:00.000000,471.53228759765625,9.987500190734863,0.08197613060474396,0.13168758153915405,0.5704507827758789
69,69,8359,2006-12-15T07:00:00.000000,1963.9691162109375,24.195831298828125,0.24979589879512787,0.2728763520717621,1.2075680494308472
70,70,8359,2006-12-15T07:00:00.000000,1034.741455078125,15.897916793823242,0.227545827627182,0.2357538342475891,1.0803906917572021
71,71,8359,2006-12-15T07:00:00.000000,61.14689254760742,3.887500524520874,0.06557232141494751,0.12730446457862854,0.5533927083015442
72,72,8359,2006-12-15T07:00:00.000000,209.81973266601562,7.110416412353516,0.1519724279642105,0.19136139750480652,0.9585015773773193
73,73,8359,2006-12-15T07:00:00.000000,991.5750732421875,14.995834350585938,0.08495482057332993,0.13880395889282227,0.5810046195983887
74,74,8359,2006-12-15T07:00:00.000000,63.70780563354492,3.9437499046325684,0.034830380231142044,0.09221300482749939,0.4059332013130188
75,75,8359,2006-12-15T07:00:00.000000,1085.35009765625,15.739584922790527,0.5256612300872803,0.34638676047325134,1.4804754257202148
76,76,8359,2006-12-15T07:00:00.000000,55.40624237060547,3.316667079925537,0.018902529031038284,0.06126076728105545,0.2736104428768158
77,77,8359,2006-12-15T07:00:00.000000,197.137939453125,5.908334255218506,0.11035580933094025,0.13979046046733856,0.6203852891921997
78,78,8359,2006-12-15T07:00:00.000000,190.42947387695312,7.068750381469727,0.10115225613117218,0.16291582584381104,0.7466909885406494
79,79,8359,2006-12-15T07:00:00.000000,182.48655700683594,6.852084159851074,0.12484577298164368,0.17922315001487732,0.8474397659301758
80,80,8359,2006-12-15T07:00:00.000000,2196.357421875,25.664587020874023,0.5546850562095642,0.40785515308380127,1.8438706398010254
81,81,8359,2006-12-15T07:00:00.000000,236.85647583007812,6.875,0.13448980450630188,0.1638229489326477,0.7356475591659546
82,82,8359,2006-12-15T07:00:00.000000,368.5250244140625,9.745834350585938,0.23614227771759033,0.24670183658599854,1.164952039718628
83,83,8359,2006-12-15T07:00:00.000000,39.225425720214844,2.3375003337860107,0.03801318258047104,0.07276707887649536,0.33802005648612976
84,84,8359,2006-12-15T07:00:00.000000,272.75457763671875,6.904167175292969,0.16233958303928375,0.16843698918819427,0.7524608373641968
85,85,8359,2006-12-15T07:00:00.000000,68.32199096679688,4.085416793823242,0.04291112720966339,0.10238611698150635,0.44653749465942383
86,86,8359,2006-12-15T07:00:00.000000,33.85072326660156,2.2562499046325684,0.015314681455492973,0.047990716993808746,0.20922520756721497
87,87,8359,2006-12-15T07:00:00.000000,46.738128662109375,3.762500286102295,0.028447501361370087,0.09282457083463669,0.41344794631004333
88,88,8359,2006-12-15T07:00:00.000000,139.40093994140625,4.9479169845581055,0.10968488454818726,0.1387915313243866,0.6576483249664307
89,89,8359,2006-12-15T07:00:00.000000,26.690114974975586,2.410417318344116,0.016552874818444252,0.06002797186374664,0.2706603705883026
90,90,8359,2006-12-15T07:00:00.000000,98.17778778076172,4.664583206176758,0.10095670074224472,0.14958009123802185,0.6102508902549744
91,91,8359,2006-12-15T07:00:00.000000,658.04931640625,14.20625114440918,0.40091508626937866,0.3506520688533783,1.5966377258300781
92,92,8359,2006-12-15T07:00:00.000000,204.21859741210938,5.866666793823242,0.1036909744143486,0.13219478726387024,0.6186552047729492
93,93,8359,2006-12-15T07:00:00.000000,586.9329833984375,13.454168319702148,0.3583861291408539,0.33245906233787537,1.5227177143096924
94,94,8359,2006-12-15T07:00:00.000000,47.04740524291992,2.9520835876464844,0.026151007041335106,0.06959933042526245,0.3121623396873474
95,95,8359,2006-12-15T07:00:00.000000,464.7955017089844,10.68125057220459,0.3208167552947998,0.28062063455581665,1.2543201446533203
96,96,8359,2006-12-15T07:00:00.000000,357.2680358886719,10.122917175292969,0.3053359091281891,0.29593580961227417,1.2919580936431885
97,97,8359,2006-12-15T07:00:00.000000,275.51177978515625,8.693750381469727,0.18793648481369019,0.22706103324890137,0.9551684856414795
98,98,8359,2006-12-15T07:00:00.000000,74.39321899414062,4.09375,0.05706262215971947,0.11337845027446747,0.47397133708000183
99,99,8359,2006-12-15T07:00:00.000000,327.1572265625,9.214583396911621,0.20279698073863983,0.22941838204860687,1.0237404108047485
100,100,8359,2006-12-15T07:00:00.000000,4.618749618530273,1.0208333730697632,0.0041488660499453545,0.030595486983656883,0.1363724321126938
101,101,8359,2006-12-15T07:00:00.000000,41.551666259765625,3.1083333492279053,0.038583412766456604,0.09471824765205383,0.4149911403656006
102,102,8359,2006-12-15T07:00:00.000000,41.151458740234375,2.4708330631256104,0.02363482490181923,0.05921434983611107,0.2645567059516907
103,103,8359,2006-12-15T07:00:00.000000,348.4241638183594,9.691666603088379,0.1875191181898117,0.22483664751052856,1.0461562871932983
104,104,8359,2006-12-15T07:00:00.000000,379.7991638183594,10.254167556762695,0.06294326484203339,0.13200733065605164,0.5688338279724121
105,105,8359,2006-12-15T07:00:00.000000,654.1336059570312,11.985416412353516,0.10539551079273224,0.15213564038276672,0.6919125318527222
106,106,8359,2006-12-15T07:00:00.000000,188.50927734375,5.793750286102295,0.10511679947376251,0.13681365549564362,0.6262499690055847
107,107,8359,2006-12-15T07:00:00.000000,53.97343063354492,3.4395835399627686,0.028144627809524536,0.07854410260915756,0.3587150573730469
108,108,8359,2006-12-15T07:00:00.000000,187.01959228515625,6.616666316986084,0.11789466440677643,0.1661279797554016,0.6989583373069763
109,109,8359,2006-12-15T07:00:00.000000,142.64553833007812,4.864583969116211,0.0757858008146286,0.11212708055973053,0.4755241274833679
110,110,8359,2006-12-15T07:00:00.000000,6.037393569946289,0.931249737739563,0.0035790237598121166,0.022673767060041428,0.10147707909345627
111,111,8359,2006-12-15T07:00:00.000000,214.1787567138672,7.895833492279053,0.1051298975944519,0.17493347823619843,0.7513627409934998
112,112,8359,2006-12-15T07:00:00.000000,117.9317626953125,5.585416316986084,0.1640787422657013,0.2083369791507721,0.9678994417190552
113,113,8359,2006-12-15T07:00:00.000000,64.37760925292969,3.897916555404663,0.04379650577902794,0.10166814923286438,0.4521913230419159
114,114,8359,2006-12-15T07:00:00.000000,207.03530883789062,5.5604166984558105,0.15043994784355164,0.14988794922828674,0.6772588491439819
115,115,8359,2006-12-15T07:00:00.000000,31.83541488647461,3.1625001430511475,0.1812782883644104,0.23864272236824036,1.0316191911697388
116,116,8359,2006-12-15T07:00:00.000000,220.7446746826172,7.372917175292969,0.1175641342997551,0.17014989256858826,0.7420908212661743
117,117,8359,2006-12-15T07:00:00.000000,438.72265625,10.089584350585938,0.29753953218460083,0.26275473833084106,1.2916028499603271
118,118,8359,2006-12-15T07:00:00.000000,176.7821044921875,5.950000762939453,0.08775055408477783,0.13256314396858215,0.573022723197937
119,119,8359,2006-12-15T07:00:00.000000,78.5715560913086,4.360416412353516,0.08762791007757187,0.1456184983253479,0.6572996973991394
120,120,8359,2006-12-15T07:00:00.000000,17.595224380493164,1.750000238418579,0.009113207459449768,0.0398268848657608,0.17121684551239014
121,121,8359,2006-12-15T07:00:00.000000,130.31195068359375,5.73124885559082,0.014859273098409176,0.06120063364505768,0.2896672487258911
122,122,8359,2006-12-15T07:00:00.000000,230.0567626953125,8.331250190734863,0.11272437870502472,0.18441727757453918,0.8369590640068054
123,123,8359,2006-12-15T07:00:00.000000,376.3813171386719,8.131250381469727,0.1889631748199463,0.1821930706501007,0.8585184812545776
124,124,8359,2006-12-15T07:00:00.000000,782.7552490234375,15.393749237060547,0.13188278675079346,0.1998138278722763,0.8937563896179199
125,125,8359,2006-12-15T07:00:00.000000,650.7628173828125,13.977084159851074,0.17808297276496887,0.2312152236700058,0.985111653804779
126,126,8359,2006-12-15T07:00:00.000000,3.419894218444824,1.0687496662139893,0.004695191979408264,0.039600104093551636,0.17991149425506592
127,127,8359,2006-12-15T07:00:00.000000,264.002685546875,8.512499809265137,0.20058391988277435,0.23463945090770721,1.0724509954452515
128,128,8359,2006-12-15T07:00:00.000000,40.24697494506836,2.6229166984558105,0.01991165056824684,0.058340683579444885,0.2680458724498749
129,129,8359,2006-12-15T07:00:00.000000,36.675933837890625,3.3187499046325684,0.28067708015441895,0.2903269827365875,1.358243465423584
130,130,8359,2006-12-15T07:00:00.000000,243.69615173339844,7.722917079925537,0.18320851027965546,0.21175312995910645,0.9937411546707153
131,131,8359,2006-12-15T07:00:00.000000,185.42613220214844,6.306249141693115,0.10863174498081207,0.1526384949684143,0.7189675569534302
132,132,8359,2006-12-15T07:00:00.000000,368.6806640625,9.604167938232422,0.20271115005016327,0.22520259022712708,1.0639442205429077
133,133,8359,2006-12-15T07:00:00.000000,247.81503295898438,7.062499523162842,0.17063376307487488,0.18532207608222961,0.8535515666007996
134,134,8359,2006-12-15T07:00:00.000000,415.371826171875,8.152084350585938,0.1862158179283142,0.17260698974132538,0.754278838634491
135,135,8359,2006-12-15T07:00:00.000000,212.95811462402344,8.012499809265137,0.204029843211174,0.24800918996334076,1.07347571849823
136,136,8359,2006-12-15T07:00:00.000000,478.2472839355469,11.391666412353516,0.11280055344104767,0.17495110630989075,0.7386271953582764
